Source,Target,ASD_mean,TC_mean,Difference
AAL_036,AAL_078,0.01280241205683376,0.012325217741687156,0.0004771943151466052
AAL_078,AAL_036,0.012439270953560231,0.012026024448498158,0.0004132465050620728
AAL_078,AAL_072,0.012837135145424778,0.012433930584425962,0.00040320456099881587
AAL_078,AAL_077,0.013321863668453362,0.012921944644218935,0.0003999190242344273
AAL_072,AAL_078,0.013606576551484246,0.01320853524335265,0.00039804130813159665
AAL_057,AAL_070,0.012160185382215895,0.011801017725622979,0.00035916765659291597
AAL_036,AAL_035,0.014211933253906094,0.013862496923664515,0.0003494363302415787
AAL_086,AAL_038,0.011246685195379915,0.011584765566674711,-0.0003380803712947963
AAL_057,AAL_058,0.013272397329585038,0.012934815903510852,0.00033758142607418634
AAL_077,AAL_078,0.012476048989492094,0.012148707631337583,0.00032734135815451135
AAL_070,AAL_057,0.011816511436118783,0.011489467651446907,0.0003270437846718769
AAL_088,AAL_087,0.012844072885683969,0.013169686735212507,-0.00032561384952853843
AAL_076,AAL_078,0.012594845052410522,0.012270101822136205,0.0003247432302743176
AAL_076,AAL_072,0.012665091436674707,0.012342524033030565,0.0003225674036441417
AAL_078,AAL_076,0.012898142714228513,0.012578442350732482,0.00031970036349603104
AAL_086,AAL_078,0.010843342245739495,0.011160194014127437,-0.00031685176838794175
AAL_078,AAL_021,0.011682727175135897,0.01136982117412108,0.00031290600101481665
AAL_069,AAL_057,0.012818213948247652,0.012509620646777431,0.0003085933014702214
AAL_088,AAL_038,0.011562415269306965,0.011863377342744737,-0.0003009620734377716
AAL_075,AAL_074,0.013061505509540439,0.012761599989723479,0.0002999055198169599
AAL_078,AAL_071,0.0125687808299867,0.012273367126899824,0.0002954137030868765
AAL_058,AAL_057,0.01270063595376654,0.01240648539556611,0.0002941505582004303
AAL_074,AAL_075,0.01295731271792235,0.012663493187122841,0.00029381953079950923
AAL_081,AAL_078,0.010564532509057695,0.010850503130194271,-0.0002859706211365762
AAL_036,AAL_076,0.012067174208629081,0.011782783626696608,0.0002843905819324734
AAL_082,AAL_078,0.010499005880541144,0.010782516399680385,-0.000283510519139241
AAL_081,AAL_077,0.010837174158017987,0.011119273375655079,-0.0002820992176370916
AAL_068,AAL_026,0.011777737892320396,0.011497948325652787,0.00027978956666760944
AAL_080,AAL_078,0.010806092005382236,0.01108513602168847,-0.00027904401630623327
AAL_057,AAL_069,0.01269078826229287,0.012412733148792689,0.00027805511350018075
AAL_036,AAL_072,0.012526989174194826,0.012249221380513448,0.0002777677936813775
AAL_088,AAL_014,0.01051200688498206,0.010784924416236635,-0.0002729175312545743
AAL_088,AAL_042,0.011305191593929233,0.01157731051203187,-0.00027211891810263733
AAL_026,AAL_068,0.011554385177217998,0.011284073119146504,0.0002703120580714938
AAL_078,AAL_035,0.012138759184023764,0.011868615729489338,0.0002701434545344262
AAL_079,AAL_078,0.011371798775532944,0.011641123523894079,-0.0002693247483611348
AAL_035,AAL_036,0.014223713013860915,0.013955858101601487,0.0002678549122594274
AAL_036,AAL_077,0.011961208652450234,0.011693752648091641,0.0002674560043585926
AAL_085,AAL_078,0.010445452084303157,0.010709895805522762,-0.0002644437212196045
AAL_072,AAL_077,0.012467387349257229,0.012207761439252136,0.0002596259100050933
AAL_077,AAL_072,0.011160040469282968,0.010901046660324333,0.0002589938089586352
AAL_085,AAL_077,0.010632050446529165,0.0108887013279031,-0.00025665088137393453
AAL_072,AAL_036,0.0126953402088366,0.012439713286462404,0.00025562692237419624
AAL_088,AAL_090,0.011749159492966201,0.012003887139685988,-0.00025472764671978683
AAL_072,AAL_071,0.014251504634690082,0.013997511351226873,0.00025399328346320874
AAL_076,AAL_075,0.012455523857830936,0.012203772270372577,0.00025175158745835945
AAL_076,AAL_077,0.012255262690954484,0.012005628759120002,0.00024963393183448195
AAL_009,AAL_089,0.01180412058527462,0.011555742793635606,0.00024837779163901404
AAL_038,AAL_086,0.0111272504262658,0.011374548345656313,-0.00024729791939051213
AAL_078,AAL_022,0.011596140610929737,0.011348864717626247,0.00024727589330349013
AAL_079,AAL_077,0.011634677909235032,0.011878422253462428,-0.00024374434422739545
AAL_072,AAL_076,0.013712882096122982,0.013469215343814926,0.00024366675230805615
AAL_088,AAL_074,0.010778514361884603,0.011022049741861098,-0.0002435353799764943
AAL_036,AAL_032,0.012441753413782924,0.012199665565348737,0.0002420878484341877
AAL_086,AAL_014,0.011063940793228073,0.011302857916275265,-0.00023891712304719218
AAL_014,AAL_024,0.010805613383189099,0.011044470084918935,-0.00023885670172983653
AAL_014,AAL_028,0.010499384506947847,0.010737858772758515,-0.00023847426581066755
AAL_021,AAL_078,0.011202110992505765,0.010964691486422241,0.00023741950608352318
AAL_076,AAL_036,0.011424928344388166,0.011187716590578,0.0002372117538101664
AAL_078,AAL_032,0.012065128096912662,0.011829328977458973,0.00023579911945368834
AAL_078,AAL_031,0.011831097450091416,0.011596031422280792,0.00023506602781062438
AAL_063,AAL_018,0.012929547391035873,0.012694730014348444,0.00023481737668742952
AAL_028,AAL_014,0.010209758684405277,0.010444357956553955,-0.00023459927214867886
AAL_086,AAL_077,0.010812833230608167,0.011046809352305776,-0.0002339761216976089
AAL_018,AAL_078,0.011336008269881081,0.011569870594269584,-0.00023386232438850352
AAL_054,AAL_053,0.012983752969795695,0.012750576985144882,0.00023317598465081267
AAL_069,AAL_058,0.012838417875110848,0.012605523251496237,0.00023289462361461045
AAL_068,AAL_025,0.011382474090394556,0.011149727272576937,0.00023274681781761987
AAL_035,AAL_078,0.01237578130661486,0.012143061047988405,0.00023272025862645582
AAL_090,AAL_038,0.010934035293757915,0.011165604443652163,-0.00023156914989424723
AAL_071,AAL_072,0.01298602116214605,0.012755085966057577,0.0002309351960884734
AAL_036,AAL_022,0.012267917993629718,0.012037518043671884,0.0002303999499578338
AAL_086,AAL_012,0.011401011837391645,0.01163083530278419,-0.00022982346539254447
AAL_077,AAL_071,0.011700011825618835,0.0114702824179647,0.00022972940765413584
AAL_078,AAL_005,0.011356448915858682,0.011127057704824963,0.00022939121103371894
AAL_064,AAL_063,0.012959966083797507,0.012730576352172394,0.0002293897316251129
AAL_088,AAL_040,0.011734545191065369,0.01196245735663708,-0.0002279121655717111
AAL_078,AAL_026,0.01156868527118021,0.011341387008504004,0.00022729826267620622
AAL_052,AAL_054,0.012800913534931138,0.012574274603637957,0.00022663893129318095
AAL_054,AAL_052,0.013096920980745528,0.012871843034738938,0.00022507794600658965
AAL_036,AAL_074,0.011646495564864615,0.0114240573081315,0.00022243825673311408
AAL_068,AAL_088,0.011116885964193532,0.010894975077277673,0.00022191088691585897
AAL_085,AAL_037,0.010899112750895513,0.011120916499060673,-0.00022180374816515962
AAL_050,AAL_044,0.01284164258549547,0.013063313739915048,-0.0002216711544195775
AAL_069,AAL_070,0.013386602298571514,0.013164946326417456,0.00022165597215405806
AAL_010,AAL_025,0.011573191467497466,0.011794485477615083,-0.00022129401011761717
AAL_036,AAL_021,0.012207046531252244,0.011986006862453876,0.00022103966879836838
AAL_023,AAL_028,0.012432594759724079,0.012211654788211321,0.00022093997151275725
AAL_082,AAL_077,0.010728329716600541,0.01094924512483346,-0.0002209154082329183
AAL_086,AAL_074,0.01090653114912347,0.011126764141781159,-0.00022023299265768945
AAL_055,AAL_089,0.011344823870871566,0.01156391151406555,-0.00021908764319398394
AAL_068,AAL_028,0.011254721452505926,0.011036116833204667,0.00021860461930125856
AAL_052,AAL_090,0.01158263336102932,0.011364338136100148,0.00021829522492917107
AAL_088,AAL_075,0.01096244991167934,0.011179516265265846,-0.0002170663535865057
AAL_058,AAL_069,0.012089745527626867,0.011873524411865706,0.00021622111576116015
AAL_069,AAL_001,0.012073711824452138,0.011858149889218747,0.00021556193523339026
AAL_052,AAL_053,0.012459436127056297,0.012243959992643326,0.00021547613441297124
AAL_079,AAL_076,0.011481168880883573,0.01169464023779181,-0.00021347135690823714
AAL_088,AAL_016,0.011218899767447868,0.01143088585999852,-0.00021198609255065198
AAL_054,AAL_070,0.011186247966132866,0.010974280134065276,0.00021196783206759058
AAL_036,AAL_071,0.011932308709997142,0.011720412933075842,0.0002118957769213
AAL_058,AAL_070,0.011940578918139905,0.011728930964178543,0.00021164795396136186
AAL_023,AAL_088,0.011915531264156358,0.011703935779963918,0.0002115954841924398
AAL_088,AAL_012,0.010747622784115693,0.010958914825272175,-0.0002112920411564828
AAL_021,AAL_015,0.011263785577323446,0.011474742771359738,-0.0002109571940362917
AAL_082,AAL_076,0.010557358499425344,0.010767394022798863,-0.0002100355233735189
AAL_063,AAL_064,0.01368372986276244,0.013474039467647856,0.00020969039511458364
AAL_009,AAL_085,0.011184342705015825,0.010974758572728551,0.00020958413228727366
AAL_076,AAL_071,0.012554536464138545,0.012347098268919783,0.00020743819521876206
AAL_086,AAL_076,0.010799860006644048,0.011006924501682629,-0.00020706449503858117
AAL_086,AAL_037,0.011174818069045233,0.011380106395586549,-0.0002052883265413162
AAL_017,AAL_078,0.010724222645736657,0.010929227698011966,-0.0002050050522753085
AAL_054,AAL_062,0.011181330779949442,0.010976462084199152,0.0002048686957502894
AAL_053,AAL_062,0.01206971441483141,0.011866436081085696,0.0002032783337457128
AAL_088,AAL_041,0.011374557341058921,0.01157728475853616,-0.0002027274174772383
AAL_075,AAL_072,0.011363181747241408,0.01116049994550479,0.00020268180173661776
AAL_082,AAL_074,0.010857471223108662,0.011059883217010694,-0.00020241199390203142
AAL_090,AAL_088,0.011170602033440119,0.011373003970175316,-0.0002024019367351977
AAL_076,AAL_022,0.011541635828872776,0.011339432335742946,0.00020220349312983013
AAL_023,AAL_068,0.01166353846151923,0.01146137959811439,0.00020215886340483984
AAL_078,AAL_075,0.012215335604647158,0.012013363499406994,0.00020197210524016372
AAL_078,AAL_082,0.011447836354406726,0.011649640820107004,-0.00020180446570027856
AAL_076,AAL_021,0.011627444338738026,0.0114261496202008,0.00020129471853722568
AAL_057,AAL_078,0.010939903000099028,0.011139781787418403,-0.00019987878731937518
AAL_063,AAL_073,0.012548213319168387,0.012348810746970012,0.00019940257219837505
AAL_010,AAL_026,0.01130649135209238,0.011505206993714013,-0.0001987156416216329
AAL_037,AAL_085,0.0110345768989024,0.011233174854487403,-0.0001985979555850035
AAL_088,AAL_037,0.011356869079650212,0.011555261426968107,-0.0001983923473178953
AAL_024,AAL_028,0.012143957589824613,0.011945728480667986,0.0001982291091566276
AAL_077,AAL_076,0.011789339910953855,0.011591373351183038,0.0001979665597708173
AAL_078,AAL_006,0.011375562821188543,0.011177663023470353,0.00019789979771818976
AAL_078,AAL_038,0.012393026817669598,0.012195255644342148,0.00019777117332745071
AAL_068,AAL_006,0.011248160832219271,0.011050742981544055,0.0001974178506752161
AAL_058,AAL_078,0.010444707276984157,0.010641362460297775,-0.0001966551833136182
AAL_078,AAL_025,0.011385641277680157,0.011189705481933009,0.00019593579574714824
AAL_024,AAL_068,0.011844135016903408,0.01164847363720165,0.00019566137970175763
AAL_090,AAL_086,0.011212657605751585,0.011408174729376809,-0.00019551712362522386
AAL_014,AAL_026,0.010430020154812016,0.010625399025180204,-0.0001953788703681885
AAL_063,AAL_061,0.0128255187231315,0.012630357973222105,0.00019516074990939478
AAL_074,AAL_072,0.011828500220281446,0.011633790553392608,0.0001947096668888388
AAL_014,AAL_088,0.010588427864285743,0.010782874605292569,-0.00019444674100682624
AAL_036,AAL_031,0.012280108142469047,0.012085929173264403,0.00019417896920464334
AAL_036,AAL_026,0.012474632656806681,0.012280539320620058,0.00019409333618662303
AAL_068,AAL_023,0.01132677871789624,0.011132975263756794,0.00019380345413944587
AAL_090,AAL_016,0.010875233767442724,0.011068635162603915,-0.00019340139516119126
AAL_078,AAL_042,0.011994309502486616,0.01180131216452598,0.00019299733796063721
AAL_005,AAL_025,0.012213680111110592,0.01240656488152133,-0.00019288477041073775
AAL_078,AAL_010,0.011453089891319983,0.011260336121687522,0.00019275376963246056
AAL_055,AAL_087,0.011096172251651047,0.01128876996376822,-0.00019259771211717347
AAL_068,AAL_024,0.011611760866581501,0.011419420826154075,0.0001923400404274262
AAL_088,AAL_030,0.010626883212174488,0.010819175061088046,-0.0001922918489135582
AAL_017,AAL_077,0.011184866908284971,0.011377131346862754,-0.00019226443857778275
AAL_038,AAL_085,0.010842612849023098,0.011034162405406866,-0.0001915495563837681
AAL_086,AAL_090,0.01174086002378255,0.011931831869886028,-0.0001909718461034788
AAL_088,AAL_078,0.010948266688750213,0.011139232353318861,-0.00019096566456864791
AAL_074,AAL_071,0.012216274121091662,0.01202563608467357,0.00019063803641809242
AAL_083,AAL_039,0.01258083133217998,0.012771285827694549,-0.00019045449551456824
AAL_078,AAL_086,0.011266342760262709,0.011456770048229481,-0.0001904272879667719
AAL_079,AAL_075,0.01181563040894321,0.012005589948620454,-0.00018995953967724383
AAL_087,AAL_055,0.011488125171974046,0.01167758740715812,-0.00018946223518407322
AAL_028,AAL_012,0.010235977858607458,0.010425377137977492,-0.00018939927937003387
AAL_064,AAL_017,0.012033665268164542,0.01184434773026048,0.00018931753790406118
AAL_036,AAL_006,0.012327676553390602,0.012139052020908142,0.00018862453248245925
AAL_024,AAL_031,0.01221420825459063,0.012025583826615557,0.00018862442797507387
AAL_077,AAL_036,0.0109107113069194,0.010722329301607077,0.0001883820053123226
AAL_028,AAL_016,0.011244738755079035,0.011433024546385699,-0.00018828579130666413
AAL_050,AAL_043,0.012797668755341034,0.012985751217707215,-0.00018808246236618094
AAL_081,AAL_075,0.010946927421017844,0.011134774391782048,-0.0001878469707642036
AAL_063,AAL_017,0.013164522767098796,0.01297719526814098,0.00018732749895781532
AAL_078,AAL_024,0.011639645794788614,0.011452658843739008,0.00018698695104960548
AAL_027,AAL_006,0.012309568788872188,0.012496215157284779,-0.00018664636841259075
AAL_065,AAL_088,0.011424682065287335,0.011238467135459703,0.00018621492982763208
AAL_027,AAL_005,0.01211110454522328,0.012297029796497846,-0.00018592525127456537
AAL_023,AAL_087,0.012240397869251095,0.012054551764860491,0.00018584610439060373
AAL_074,AAL_077,0.01220780942772125,0.012022236507691018,0.00018557292003023272
AAL_027,AAL_013,0.011083580306770965,0.011268863401308693,-0.00018528309453772797
AAL_053,AAL_052,0.013080853829558333,0.012895996220151041,0.00018485760940729207
AAL_026,AAL_032,0.011770319931893649,0.011585626226593336,0.0001846937053003126
AAL_085,AAL_038,0.010710499110098323,0.010895178334385379,-0.00018467922428705603
AAL_036,AAL_024,0.012343535351001808,0.012159301312386102,0.00018423403861570625
AAL_088,AAL_076,0.010973634377408486,0.011157798132496347,-0.00018416375508786137
AAL_016,AAL_028,0.011163902359529056,0.011347918343677118,-0.00018401598414806257
AAL_064,AAL_018,0.012427237151493119,0.01224399284776254,0.0001832443037305797
AAL_040,AAL_090,0.011647041216413053,0.011829824790025763,-0.00018278357361271
AAL_086,AAL_075,0.010834770623403482,0.011017481137815836,-0.00018271051441235385
AAL_061,AAL_063,0.01262044096683972,0.012437821285008793,0.00018261968183092697
AAL_078,AAL_074,0.012547666179095833,0.012365145349953666,0.00018252082914216664
AAL_027,AAL_016,0.011514192204285637,0.011696562016147095,-0.0001823698118614582
AAL_061,AAL_014,0.011936588177027611,0.011754284471865032,0.00018230370516257935
AAL_063,AAL_014,0.011756074849643514,0.011573994107008276,0.00018208074263523742
AAL_055,AAL_038,0.011211910113915164,0.011393756711989568,-0.00018184659807440363
AAL_088,AAL_077,0.010781206879127994,0.010962638340742506,-0.0001814314616145115
AAL_078,AAL_081,0.011367147965515908,0.011548489600272096,-0.00018134163475618838
AAL_027,AAL_009,0.011783832588639015,0.011964781189027702,-0.0001809486003886869
AAL_016,AAL_026,0.010941484598761313,0.011121829109677754,-0.00018034451091644178
AAL_088,AAL_073,0.010613440531982571,0.010793688875754773,-0.00018024834377220258
AAL_052,AAL_014,0.010943493957066128,0.010763523554794546,0.00017997040227158215
AAL_063,AAL_062,0.012154755387534825,0.011974943933486198,0.00017981145404862703
AAL_046,AAL_086,0.011606332684795443,0.01142668028225748,0.00017965240253796366
AAL_087,AAL_088,0.01282406228586522,0.013003549307455347,-0.000179487021590128
AAL_026,AAL_067,0.010791083362001257,0.010611764788535186,0.000179318573466071
AAL_068,AAL_062,0.01069562485974887,0.010874882925107668,-0.00017925806535879808
AAL_072,AAL_074,0.013022523624106096,0.012843338747233818,0.00017918487687227855
AAL_014,AAL_086,0.01112142465929063,0.011300574842535384,-0.0001791501832447539
AAL_023,AAL_027,0.012080263211113265,0.011901486577193435,0.0001787766339198301
AAL_077,AAL_074,0.012052152813292848,0.011873440625187628,0.0001787121881052199
AAL_010,AAL_027,0.011789917102099484,0.011968619220199124,-0.0001787021180996405
AAL_022,AAL_040,0.011880915323431548,0.011702452035200211,0.0001784632882313366
AAL_027,AAL_014,0.010592603888840247,0.010770616685467825,-0.0001780127966275781
AAL_089,AAL_009,0.012116867555384962,0.011939032398460076,0.00017783515692488573
AAL_036,AAL_038,0.012204523847048353,0.012026698797682379,0.00017782504936597436
AAL_032,AAL_088,0.011265517463191198,0.011087796223296717,0.0001777212398944815
AAL_076,AAL_028,0.01110428822441743,0.010926673265067726,0.0001776149593497034
AAL_070,AAL_058,0.012155577359307144,0.011978070175381512,0.00017750718392563203
AAL_078,AAL_008,0.011686873771489048,0.01150966716223112,0.00017720660925792803
AAL_026,AAL_076,0.01077819134021162,0.010601920542531363,0.00017627079768025786
AAL_088,AAL_072,0.011206773348534718,0.011383035814126136,-0.0001762624655914178
AAL_024,AAL_027,0.011723619839972537,0.011548133368231819,0.0001754864717407184
AAL_038,AAL_088,0.01141590240976622,0.011591386045363937,-0.0001754836355977174
AAL_055,AAL_037,0.01124797203243734,0.01142331498164323,-0.00017534294920589118
AAL_064,AAL_081,0.011636203395712197,0.011460909982750345,0.0001752934129618522
AAL_086,AAL_072,0.010834578828663271,0.01100901647866068,-0.00017443764999740957
AAL_088,AAL_055,0.011487180631782891,0.011661594359218038,-0.00017441372743514684
AAL_088,AAL_084,0.01165504975674244,0.011829392915180243,-0.00017434315843780322
AAL_029,AAL_031,0.011129289740123428,0.011303609239385826,-0.00017431949926239795
AAL_070,AAL_001,0.011299184961324064,0.011125447288636238,0.00017373767268782578
AAL_064,AAL_061,0.011992938858337509,0.011819249384160669,0.0001736894741768396
AAL_052,AAL_055,0.011626388903500305,0.011452737728840956,0.00017365117465934984
AAL_081,AAL_036,0.01022254859105262,0.01039616522788262,-0.0001736166368299999
AAL_076,AAL_032,0.01172015346132983,0.011546615155288955,0.0001735383060408758
AAL_035,AAL_081,0.01112534274132206,0.011298770110397866,-0.00017342736907580668
AAL_079,AAL_074,0.011590095760268915,0.011763372694236912,-0.00017327693396799668
AAL_054,AAL_090,0.011764119643893125,0.01159096370559768,0.0001731559382954443
AAL_052,AAL_060,0.012023201795358561,0.011850502242613815,0.00017269955274474592
AAL_073,AAL_014,0.011050116334460739,0.010877511709022611,0.00017260462543812818
AAL_078,AAL_085,0.011134055689868763,0.011306583978439087,-0.0001725282885703238
AAL_013,AAL_063,0.011392194256345686,0.01121967712939525,0.00017251712695043504
AAL_031,AAL_029,0.011063313181313057,0.011235803247847717,-0.00017249006653466056
AAL_064,AAL_029,0.01145086208016126,0.011278385467476053,0.00017247661268520766
AAL_005,AAL_027,0.012407831344196303,0.012580081776579467,-0.00017225043238316452
AAL_075,AAL_071,0.01207845993180815,0.01190623929654768,0.00017222063526046993
AAL_080,AAL_072,0.010573759553635605,0.010745975604886304,-0.0001722160512506992
AAL_063,AAL_013,0.01175644303449135,0.011584335027572239,0.0001721080069191118
AAL_045,AAL_086,0.010792716032164728,0.01062096603371887,0.0001717499984458578
AAL_061,AAL_013,0.01241269401815903,0.012241128716553116,0.00017156530160591411
AAL_024,AAL_088,0.011836685242258713,0.01166525258966918,0.0001714326525895319
AAL_029,AAL_071,0.011094166795747021,0.011265254001740931,-0.00017108720599390975
AAL_055,AAL_072,0.010379560558427857,0.010550489852542321,-0.0001709292941144639
AAL_090,AAL_072,0.010355345389415693,0.010526224242860715,-0.0001708788534450223
AAL_053,AAL_054,0.013299946846344914,0.013129118316929334,0.00017082852941558042
AAL_081,AAL_076,0.01062791721107295,0.010798536134749724,-0.0001706189236767748
AAL_087,AAL_039,0.011792339647236543,0.011962659137032317,-0.00017031948979577376
AAL_045,AAL_044,0.012312043591553712,0.01248216353098009,-0.00017011993942637853
AAL_090,AAL_040,0.010921995909725372,0.011091919264596685,-0.00016992335487131353
AAL_049,AAL_044,0.012267039199240314,0.012436874545925751,-0.00016983534668543743
AAL_064,AAL_062,0.012305511460185815,0.012135710689717576,0.00016980077046823902
AAL_024,AAL_014,0.010803403917891093,0.0109730778543958,-0.0001696739365047075
AAL_044,AAL_050,0.012946341505162736,0.013115986703291869,-0.0001696451981291324
AAL_078,AAL_028,0.011342279642868118,0.0111728669340646,0.00016941270880351834
AAL_075,AAL_076,0.012170730916878734,0.012001387987553925,0.00016934292932480922
AAL_077,AAL_005,0.01062009328753393,0.010450890437970239,0.00016920284956369047
AAL_038,AAL_090,0.011309455228475934,0.01147839660402711,-0.0001689413755511758
AAL_009,AAL_087,0.011205109634285426,0.01103621116947965,0.00016889846480577612
AAL_078,AAL_037,0.012061665393810114,0.011893411666136373,0.00016825372767374086
AAL_026,AAL_078,0.01077010991394074,0.010602195144032427,0.0001679147699083141
AAL_032,AAL_026,0.012173072900623083,0.012005255097712832,0.0001678178029102511
AAL_025,AAL_068,0.011565948327064004,0.011398439831735923,0.00016750849532808088
AAL_078,AAL_040,0.01194750286368096,0.011780023096457457,0.00016747976722350337
AAL_077,AAL_085,0.01062602575462407,0.01079336301453652,-0.00016733725991244924
AAL_023,AAL_065,0.012836417111639794,0.012669107093297815,0.00016731001834197935
AAL_014,AAL_023,0.010510198387882521,0.010677364063229661,-0.0001671656753471397
AAL_085,AAL_074,0.010528201428361429,0.010695226404991546,-0.00016702497663011705
AAL_068,AAL_035,0.011728136115667656,0.011561343945544351,0.000166792170123305
AAL_088,AAL_086,0.012064578706143886,0.012230935074370492,-0.00016635636822660664
AAL_026,AAL_014,0.01001919422728511,0.010185291768784263,-0.00016609754149915328
AAL_031,AAL_088,0.011003709252939647,0.010837723332325518,0.00016598592061412877
AAL_022,AAL_078,0.011109012992988922,0.010943105275610984,0.00016590771737793816
AAL_076,AAL_007,0.011178888645198228,0.011013047612519478,0.00016584103267875024
AAL_070,AAL_074,0.010643981562322404,0.01080947941765374,-0.00016549785533133583
AAL_022,AAL_038,0.011542255940457057,0.011376804071328333,0.00016545186912872434
AAL_019,AAL_001,0.011728459000030262,0.011563038696112023,0.000165420303918239
AAL_076,AAL_008,0.011216816160047794,0.011051515114976661,0.00016530104507113223
AAL_086,AAL_087,0.011406343798431704,0.01157161405554998,-0.00016527025711827667
AAL_068,AAL_027,0.010931778130018048,0.010766679423378212,0.00016509870663983586
AAL_013,AAL_061,0.012265215964160033,0.012100303104198157,0.0001649128599618757
AAL_035,AAL_029,0.011167760074743602,0.011332672678636706,-0.00016491260389310362
AAL_052,AAL_062,0.011309981572990999,0.011145146935716013,0.00016483463727498537
AAL_088,AAL_063,0.010683335085264128,0.010848136570202949,-0.00016480148493882088
AAL_035,AAL_085,0.011741797425823972,0.011906555874582852,-0.00016475844875887997
AAL_003,AAL_028,0.011049450414939823,0.010884930650072714,0.000164519764867109
AAL_063,AAL_029,0.012559922569248283,0.012395529725840754,0.0001643928434075289
AAL_024,AAL_032,0.012548352498163143,0.012384132103111697,0.00016422039505144606
AAL_086,AAL_088,0.011919365405765736,0.012083463195165985,-0.0001640977894002485
AAL_088,AAL_071,0.010903890067552272,0.011067730492493946,-0.00016384042494167403
AAL_024,AAL_065,0.012340139965805361,0.01217635238436848,0.0001637875814368816
AAL_026,AAL_003,0.011112280132280838,0.010948553265398253,0.00016372686688258427
AAL_086,AAL_071,0.010740033701125883,0.010903740969599772,-0.00016370726847388974
AAL_023,AAL_024,0.01333657180906361,0.013173080763546173,0.00016349104551743703
AAL_080,AAL_012,0.010644260188962659,0.01080774200650362,-0.00016348181754096032
AAL_036,AAL_025,0.012257498720835926,0.012094021509066409,0.00016347721176951727
AAL_044,AAL_052,0.012451358690746447,0.012614763177764918,-0.00016340448701847136
AAL_031,AAL_013,0.010606874102869859,0.010770106219014074,-0.00016323211614421504
AAL_079,AAL_017,0.01302247629978527,0.013185621354793644,-0.00016314505500837455
AAL_089,AAL_007,0.01186812442775147,0.011705062768096219,0.00016306165965525136
AAL_068,AAL_031,0.01114355948053173,0.010980626078271688,0.00016293340226004177
AAL_025,AAL_005,0.011969826743404707,0.012132376859949038,-0.00016255011654433063
AAL_089,AAL_038,0.011524913667374823,0.011687109514923013,-0.00016219584754819
AAL_024,AAL_026,0.012620886457431266,0.012458748449906522,0.0001621380075247439
AAL_023,AAL_026,0.012670787369720956,0.012508683331846895,0.00016210403787406125
AAL_042,AAL_088,0.01168477629773064,0.011846731208893412,-0.00016195491116277258
AAL_088,AAL_064,0.010597209151611369,0.01075892800479092,-0.00016171885317955124
AAL_006,AAL_026,0.012126492433902672,0.012288055539815212,-0.00016156310591254087
AAL_040,AAL_089,0.011541649217629789,0.011702892444473194,-0.00016124322684340532
AAL_076,AAL_003,0.011067447535152364,0.010906678222341662,0.00016076931281070253
AAL_085,AAL_075,0.010677209215509331,0.010837876771763892,-0.00016066755625456126
AAL_023,AAL_025,0.01260913777937237,0.012448479666400045,0.00016065811297232523
AAL_027,AAL_012,0.010519326833657857,0.01067984403427644,-0.00016051720061858316
AAL_054,AAL_010,0.011045329855818652,0.010884905453521767,0.00016042440229688433
AAL_006,AAL_028,0.012295453747511547,0.012455841736687769,-0.00016038798917622152
AAL_053,AAL_090,0.012458787632023549,0.012298496192778754,0.00016029143924479496
AAL_058,AAL_001,0.011373724462066451,0.01121384098608204,0.00015988347598441116
AAL_055,AAL_085,0.010811050042398592,0.01097088880726037,-0.00015983876486177703
AAL_055,AAL_071,0.010366437699980078,0.010525980000626805,-0.00015954230064672663
AAL_012,AAL_073,0.011257959434237236,0.011098533355753415,0.00015942607848382084
AAL_005,AAL_009,0.01330701088031324,0.013466366571339573,-0.0001593556910263333
AAL_016,AAL_090,0.01103842722522652,0.011197781513812524,-0.0001593542885860045
AAL_076,AAL_031,0.01167468529425434,0.011515507488407508,0.0001591778058468319
AAL_072,AAL_075,0.012514078856294608,0.01235525147115844,0.00015882738513616802
AAL_086,AAL_040,0.01103839121806698,0.011196891063126381,-0.0001584998450594021
AAL_026,AAL_024,0.012140585623012904,0.011982117063150955,0.00015846855986194862
AAL_062,AAL_053,0.011333673032255381,0.011175296710753263,0.00015837632150211833
AAL_050,AAL_084,0.011042495588493398,0.010884432727586543,0.00015806286090685497
AAL_079,AAL_035,0.01129221342281144,0.01145025876075695,-0.00015804533794551087
AAL_052,AAL_074,0.010641650304707706,0.010483633001189374,0.00015801730351833188
AAL_090,AAL_078,0.010367904879296055,0.010525806381762324,-0.00015790150246626847
AAL_077,AAL_035,0.010937160794408275,0.010779266395876485,0.0001578943985317896
AAL_036,AAL_088,0.011934003239481622,0.01177623968515961,0.0001577635543220119
AAL_041,AAL_086,0.010913027926053628,0.011070631160204375,-0.00015760323415074662
AAL_088,AAL_018,0.010694194201013854,0.010851685020138993,-0.00015749081912513896
AAL_086,AAL_042,0.011030810114999231,0.011188158192313634,-0.000157348077314403
AAL_044,AAL_045,0.012999196518928958,0.013156536116123791,-0.0001573395971948329
AAL_063,AAL_030,0.012187191472253483,0.012030616867131838,0.0001565746051216451
AAL_072,AAL_038,0.012642338619225172,0.012485861775948303,0.00015647684327686935
AAL_072,AAL_034,0.01196945613473017,0.01181298994895986,0.0001564661857703098
AAL_080,AAL_074,0.011090700371334186,0.011247093086743326,-0.0001563927154091399
AAL_053,AAL_060,0.012376137336509095,0.012219831474569093,0.0001563058619400027
AAL_028,AAL_062,0.010114970615006283,0.010271084372407153,-0.00015611375740087058
AAL_076,AAL_005,0.011307708174786251,0.011151978935556436,0.00015572923922981506
AAL_026,AAL_031,0.011726160149655154,0.011570469471660648,0.00015569067799450602
AAL_025,AAL_009,0.011598964150135335,0.011754651551617878,-0.00015568740148254323
AAL_022,AAL_036,0.011437810282819929,0.011282128968250663,0.000155681314569266
AAL_071,AAL_070,0.01078048926523417,0.010936137154772324,-0.00015564788953815328
AAL_055,AAL_039,0.011573727487419277,0.011729318632399918,-0.0001555911449806404
AAL_056,AAL_078,0.0106210221703618,0.010776420877252708,-0.00015539870689090796
AAL_046,AAL_088,0.011298452444279041,0.011143165194514963,0.00015528724976407796
AAL_015,AAL_021,0.011423943116544532,0.011579193764137423,-0.00015525064759289164
AAL_069,AAL_017,0.012033428214729214,0.011878197654508628,0.0001552305602205862
AAL_007,AAL_089,0.011445820956435213,0.011290621798180469,0.00015519915825474434
AAL_085,AAL_076,0.010529923278631436,0.010685008654726795,-0.00015508537609535897
AAL_061,AAL_064,0.012507783989302622,0.012352770621941492,0.00015501336736113008
AAL_076,AAL_026,0.011212265385617303,0.011057334226410531,0.00015493115920677154
AAL_088,AAL_039,0.0118211739951283,0.011976055934951263,-0.00015488193982296332
AAL_012,AAL_029,0.011442430862663394,0.011287551241517807,0.00015487962114558648
AAL_038,AAL_022,0.01140147622109542,0.011246657271686914,0.00015481894940850595
AAL_032,AAL_078,0.011570510625616353,0.011415763441519466,0.00015474718409688726
AAL_077,AAL_081,0.01093978406344023,0.011094479315519037,-0.0001546952520788073
AAL_041,AAL_085,0.010839469092062268,0.010993942366473875,-0.00015447327441160674
AAL_077,AAL_014,0.010880384212120986,0.010725919046339858,0.00015446516578112787
AAL_076,AAL_025,0.011195022811810685,0.011040581545096916,0.00015444126671376908
AAL_078,AAL_079,0.011494784826874478,0.011649022334100444,-0.00015423750722596587
AAL_054,AAL_084,0.011088197557335226,0.01093403755157964,0.00015416000575558565
AAL_031,AAL_007,0.011147769420749994,0.011301608603660286,-0.00015383918291029218
AAL_083,AAL_042,0.012365677477553105,0.012519399640115704,-0.00015372216256259903
AAL_054,AAL_064,0.01109337242734101,0.010939729485485158,0.0001536429418558527
AAL_052,AAL_084,0.0105629127082598,0.010409323732015068,0.00015358897624473226
AAL_071,AAL_077,0.012074001451842805,0.011920525475171749,0.00015347597667105667
AAL_032,AAL_028,0.011281826342336642,0.011128560877948186,0.00015326546438845616
AAL_049,AAL_043,0.012422813729454692,0.01257601860106435,-0.00015320487160965825
AAL_082,AAL_075,0.01077471860549134,0.010927782082010439,-0.00015306347651909864
AAL_003,AAL_088,0.010734598830931334,0.010581635872350437,0.0001529629585808965
AAL_020,AAL_024,0.01073632309308801,0.010889085118309884,-0.00015276202522187393
AAL_013,AAL_026,0.01054301313084797,0.01069576754962688,-0.0001527544187789106
AAL_025,AAL_014,0.010496777631581211,0.010649488499346502,-0.00015271086776529053
AAL_041,AAL_089,0.010850794790471848,0.011003480803581977,-0.0001526860131101284
AAL_070,AAL_069,0.0128354317544458,0.01268283286531717,0.0001525988891286304
AAL_026,AAL_016,0.010859884827151002,0.011012399809495095,-0.00015251498234409265
AAL_019,AAL_011,0.011372503293200564,0.01122014936540396,0.00015235392779660434
AAL_039,AAL_089,0.011413760813605836,0.011565908332061827,-0.00015214751845599173
AAL_024,AAL_035,0.011560629442350095,0.011408516596401892,0.00015211284594820323
AAL_027,AAL_064,0.0104058498226138,0.010557928751165015,-0.00015207892855121502
AAL_074,AAL_007,0.010961630001552721,0.010809733014710932,0.00015189698684178916
AAL_024,AAL_023,0.013179928114096452,0.013028053423533073,0.0001518746905633788
AAL_074,AAL_073,0.01225688847569892,0.01210506853391012,0.00015181994178880068
AAL_086,AAL_041,0.011110476996256119,0.011262170452781706,-0.00015169345652558779
AAL_014,AAL_027,0.010712512470304202,0.010864195906124991,-0.00015168343582078886
AAL_089,AAL_039,0.012038182103051206,0.012189845092335795,-0.0001516629892845886
AAL_089,AAL_055,0.012132433585376821,0.012284008723685966,-0.00015157513830914467
AAL_089,AAL_037,0.01163581140840856,0.011787123141565334,-0.00015131173315677433
AAL_038,AAL_089,0.011050911403348686,0.01120182368026182,-0.00015091227691313436
AAL_006,AAL_025,0.012039300464252885,0.012190150027683295,-0.00015084956343040974
AAL_087,AAL_038,0.011328269918568624,0.011478654377014555,-0.00015038445844593046
AAL_050,AAL_086,0.011206745277517118,0.0110566121301898,0.00015013314732731722
AAL_060,AAL_090,0.011790726594547303,0.011640609755058295,0.0001501168394890083
AAL_086,AAL_039,0.011087793423038008,0.011237873658815182,-0.00015008023577717418
AAL_083,AAL_077,0.011815131056862764,0.011964995501835649,-0.00014986444497288448
AAL_068,AAL_032,0.011293814897648672,0.011143991349278844,0.0001498235483698273
AAL_028,AAL_006,0.012160595633790024,0.01231035411764611,-0.00014975848385608698
AAL_062,AAL_063,0.011524550260530196,0.011374999295282304,0.00014955096524789206
AAL_088,AAL_053,0.010897592782703603,0.01104709699001191,-0.00014950420730830763
AAL_076,AAL_019,0.011258796599701557,0.01110930756316809,0.0001494890365334664
AAL_046,AAL_044,0.013064289025755392,0.013213750201441514,-0.00014946117568612194
AAL_081,AAL_074,0.010907653480386123,0.01105704021272677,-0.0001493867323406478
AAL_014,AAL_025,0.010528768653559506,0.010678093385866498,-0.00014932473230699211
AAL_075,AAL_010,0.010747974547438132,0.010598669078191812,0.0001493054692463195
AAL_060,AAL_055,0.011514957731541915,0.011366067572078545,0.00014889015946337007
AAL_010,AAL_022,0.011383330513142113,0.011531745196867817,-0.00014841468372570402
AAL_068,AAL_021,0.010996679693826625,0.010848516750868141,0.00014816294295848416
AAL_075,AAL_081,0.011193715435906481,0.011341815255120138,-0.00014809981921365747
AAL_021,AAL_013,0.010696008948720673,0.010844001562678932,-0.0001479926139582588
AAL_035,AAL_043,0.011568191216494411,0.011716038233625978,-0.00014784701713156656
AAL_026,AAL_023,0.012047060305634752,0.011899267346424885,0.0001477929592098668
AAL_025,AAL_013,0.010924608649638219,0.011072335787875481,-0.0001477271382372622
AAL_083,AAL_038,0.012165270023382245,0.012312964418389957,-0.0001476943950077126
AAL_061,AAL_011,0.012082721359438749,0.011935263580963865,0.00014745777847488366
AAL_028,AAL_068,0.01118959976423882,0.011042166769356645,0.00014743299488217433
AAL_085,AAL_035,0.010869691574261485,0.011017033069974584,-0.00014734149571309953
AAL_016,AAL_024,0.011263868807313534,0.011410990166050329,-0.00014712135873679553
AAL_041,AAL_023,0.010546901555827413,0.010693849092141423,-0.00014694753631401027
AAL_083,AAL_087,0.013121760834374616,0.013268691651689504,-0.00014693081731488762
AAL_058,AAL_017,0.011653296128074583,0.011506453396812562,0.00014684273126202088
AAL_024,AAL_044,0.011077335273496743,0.010930567501440978,0.00014676777205576558
AAL_062,AAL_054,0.010865307972233137,0.010718576302728789,0.00014673166950434843
AAL_077,AAL_010,0.010539626782266503,0.010392944346974712,0.00014668243529179087
AAL_040,AAL_087,0.011793396642638577,0.011939777091385858,-0.00014638044874728043
AAL_005,AAL_010,0.01264768891219591,0.012793399858064302,-0.00014571094586839257
AAL_023,AAL_067,0.01120690836244796,0.01106123002269132,0.000145678339756641
AAL_024,AAL_087,0.011854479557030603,0.011708881740663986,0.00014559781636661745
AAL_074,AAL_008,0.011069494803061979,0.010923947367086895,0.0001455474359750835
AAL_032,AAL_077,0.011171284471996702,0.011025874001937675,0.00014541047005902676
AAL_079,AAL_073,0.012268404074363474,0.012413734755023538,-0.00014533068066006384
AAL_080,AAL_066,0.010166484548145125,0.010311383760947892,-0.00014489921280276714
AAL_068,AAL_061,0.010694710633311516,0.010839608495606678,-0.0001448978622951621
AAL_024,AAL_046,0.011182355686512768,0.011037513673786194,0.0001448420127265742
AAL_038,AAL_031,0.010945791406477364,0.010800995186858673,0.0001447962196186904
AAL_090,AAL_012,0.010581309017605888,0.01072595719821178,-0.00014464818060589205
AAL_059,AAL_085,0.011110293567499034,0.010965704340164183,0.00014458922733485112
AAL_036,AAL_075,0.011625855956146987,0.011481546311553743,0.00014430964459324382
AAL_006,AAL_027,0.012243397824434388,0.012387643760028608,-0.0001442459355942196
AAL_029,AAL_077,0.011272280365547054,0.01141607701759924,-0.0001437966520521864
AAL_054,AAL_014,0.010981453138873236,0.010837755163683193,0.00014369797519004322
AAL_035,AAL_047,0.011354652764753271,0.011498319419567698,-0.00014366665481442727
AAL_061,AAL_089,0.011549501078856042,0.011405889150540971,0.00014361192831507073
AAL_031,AAL_024,0.011925308827836162,0.011781833673048551,0.00014347515478761036
AAL_076,AAL_038,0.011729176842774719,0.011585749625678985,0.00014342721709573354
AAL_053,AAL_061,0.01193255519008853,0.01178923784697396,0.00014331734311456845
AAL_034,AAL_059,0.010247562844783831,0.01039086895816897,-0.00014330611338513911
AAL_054,AAL_050,0.012269697112278042,0.012126401110688599,0.0001432960015894432
AAL_069,AAL_011,0.011297942642679708,0.0111547676042166,0.0001431750384631083
AAL_078,AAL_016,0.011428889949829915,0.01128587433629237,0.00014301561353754523
AAL_035,AAL_082,0.011123781928267235,0.01126670722778027,-0.0001429252995130345
AAL_089,AAL_003,0.012080081724601552,0.011937214935166073,0.00014286678943547897
AAL_073,AAL_012,0.011021730133817874,0.010878866945136866,0.00014286318868100834
AAL_052,AAL_030,0.010589221128238699,0.01044637527289077,0.00014284585534792872
AAL_065,AAL_062,0.010670070353354145,0.010812844004176982,-0.00014277365082283715
AAL_045,AAL_043,0.012339604101103976,0.01248226727523076,-0.00014266317412678364
AAL_057,AAL_077,0.011389089161211736,0.01153170632628294,-0.00014261716507120437
AAL_052,AAL_056,0.012206700584715884,0.012064129849040775,0.00014257073567510922
AAL_014,AAL_003,0.01089172721760841,0.011034015702458084,-0.0001422884848496734
AAL_071,AAL_078,0.012128982720817002,0.01198671576763427,0.00014226695318273093
AAL_032,AAL_087,0.011192180094922073,0.011050021091000022,0.00014215900392205126
AAL_080,AAL_076,0.010806114627764775,0.010948190460947547,-0.00014207583318277296
AAL_078,AAL_057,0.011222705252978027,0.011364749182135828,-0.00014204392915780073
AAL_052,AAL_012,0.010874630620655341,0.010732588871259696,0.00014204174939564523
AAL_090,AAL_076,0.010292167701702723,0.010434068286463285,-0.0001419005847605615
AAL_064,AAL_079,0.01150800276778511,0.011366186769813226,0.00014181599797188395
AAL_050,AAL_014,0.011228048419739064,0.01108641683288085,0.0001416315868582145
AAL_057,AAL_017,0.012546462116317235,0.012404968190207966,0.00014149392610926861
AAL_065,AAL_028,0.011451429357099483,0.011309973964878999,0.00014145539222048392
AAL_058,AAL_074,0.010697678185235232,0.010839120122065615,-0.0001414419368303832
AAL_076,AAL_074,0.012728756363304634,0.012587375957380157,0.0001413804059244763
AAL_014,AAL_004,0.011382078954902215,0.011523457565263986,-0.00014137861036177084
AAL_028,AAL_063,0.010121688581047913,0.01026302847142329,-0.0001413398903753766
AAL_090,AAL_028,0.010807105342053577,0.010948436161406136,-0.0001413308193525583
AAL_074,AAL_036,0.010830429708983144,0.010689200886592231,0.0001412288223909125
AAL_065,AAL_087,0.01155818103510154,0.011417006163236225,0.00014117487186531517
AAL_088,AAL_080,0.01100544227908055,0.011146606447604986,-0.00014116416852443664
AAL_046,AAL_052,0.012277209048724582,0.012418369224142497,-0.00014116017541791412
AAL_037,AAL_089,0.011104672743230421,0.011245691494798985,-0.00014101875156856403
AAL_036,AAL_066,0.012724420314447748,0.012583542945644548,0.0001408773688031991
AAL_039,AAL_085,0.010822985627744188,0.010963723038048217,-0.00014073741030402875
AAL_086,AAL_066,0.01155927717192178,0.011699958734454648,-0.00014068156253286765
AAL_001,AAL_070,0.01107388247266157,0.010933367974557,0.0001405144981045693
AAL_055,AAL_083,0.0108083990147799,0.010948826572753803,-0.00014042755797390345
AAL_013,AAL_025,0.01085880947792823,0.010999126422216668,-0.00014031694428843708
AAL_021,AAL_040,0.011563762126920315,0.011423449496514448,0.00014031263040586647
AAL_076,AAL_035,0.011362173272153506,0.011222054056416523,0.00014011921573698315
AAL_022,AAL_076,0.01139187946334545,0.01125176509532606,0.00014011436801938948
AAL_077,AAL_008,0.010714617657323932,0.010574560857403367,0.00014005679992056506
AAL_054,AAL_060,0.01151437708773674,0.011374371563068246,0.00014000552466849475
AAL_015,AAL_065,0.012132720044678729,0.011992847156380453,0.00013987288829827617
AAL_081,AAL_035,0.010228069322024528,0.010367930411515992,-0.0001398610894914644
AAL_046,AAL_043,0.012826057061409721,0.012965833895352136,-0.00013977683394241457
AAL_038,AAL_032,0.011007137463276839,0.010867365453364536,0.00013977200991230343
AAL_025,AAL_088,0.011638856383486308,0.01149908575476621,0.00013977062872009768
AAL_055,AAL_040,0.011238979941838954,0.01137874029789388,-0.00013976035605492605
AAL_087,AAL_040,0.011495545327376861,0.011635225908668993,-0.00013968058129213215
AAL_077,AAL_032,0.010920888720414577,0.010781392711619141,0.00013949600879543597
AAL_027,AAL_061,0.010733343509591034,0.010872670652682225,-0.00013932714309119153
AAL_068,AAL_022,0.010959984702814339,0.01082078319403433,0.00013920150878000796
AAL_040,AAL_022,0.0121306204654945,0.011991476177910422,0.00013914428758407885
AAL_014,AAL_073,0.011484617538527291,0.011345484672997045,0.00013913286553024658
AAL_078,AAL_027,0.011222033178370096,0.011082970710568333,0.00013906246780176316
AAL_064,AAL_073,0.01150513249131031,0.01136620247750439,0.00013893001380591886
AAL_080,AAL_077,0.011074011912569404,0.011212861354904199,-0.00013884944233479544
AAL_090,AAL_037,0.010741538053744623,0.01088035173446088,-0.00013881368071625572
AAL_024,AAL_025,0.012164564606232138,0.012025753431317971,0.00013881117491416732
AAL_085,AAL_039,0.010850155994725915,0.010988963601496024,-0.00013880760677010932
AAL_088,AAL_017,0.010722698337342748,0.010861308729881535,-0.00013861039253878701
AAL_009,AAL_011,0.011574941715145977,0.011436496544675556,0.0001384451704704217
AAL_063,AAL_080,0.01228911361983444,0.012150700763330122,0.00013841285650431807
AAL_026,AAL_035,0.011484317823798738,0.011346126999012737,0.0001381908247860015
AAL_003,AAL_089,0.01143828654088653,0.011300118316528815,0.0001381682243577157
AAL_055,AAL_088,0.011017441914743211,0.011155602672407705,-0.00013816075766449366
AAL_072,AAL_086,0.011762115477512661,0.011900211270741434,-0.00013809579322877213
AAL_049,AAL_022,0.010866308941020288,0.01100389745141895,-0.00013758851039866182
AAL_076,AAL_024,0.011168342362293322,0.011030873061890342,0.0001374693004029797
AAL_032,AAL_013,0.010640911660435745,0.010778233150098815,-0.00013732148966306978
AAL_011,AAL_061,0.011856011071234431,0.011718786714446013,0.00013722435678841828
AAL_041,AAL_087,0.011108894669251818,0.011246091050671288,-0.0001371963814194698
AAL_075,AAL_008,0.010730585670417063,0.010593428611570492,0.00013715705884657058
AAL_088,AAL_002,0.010681552032374928,0.010818693056591687,-0.00013714102421675915
AAL_006,AAL_068,0.011346265721397523,0.011209158864676508,0.000137106856721015
AAL_077,AAL_075,0.01207653276869056,0.011939503236329438,0.00013702953236112252
AAL_085,AAL_055,0.010964184689025084,0.011100873651523744,-0.00013668896249866003
AAL_083,AAL_089,0.01243189298826405,0.012568551448471937,-0.000136658460207887
AAL_056,AAL_076,0.010473718172193974,0.010610219236768357,-0.00013650106457438298
AAL_036,AAL_028,0.012129422983664095,0.01199299761004025,0.00013642537362384619
AAL_008,AAL_077,0.011134361907935295,0.010997957226452845,0.00013640468148245002
AAL_042,AAL_085,0.011214838038859332,0.011351135048654771,-0.00013629700979543927
AAL_039,AAL_015,0.01093904628084065,0.01107533696678377,-0.000136290685943119
AAL_085,AAL_041,0.010768668196745153,0.010904898159852986,-0.00013622996310783293
AAL_028,AAL_064,0.010053440417027753,0.01018966658147186,-0.00013622616444410734
AAL_021,AAL_009,0.011174859128828742,0.011311007076620168,-0.0001361479477914266
AAL_055,AAL_076,0.01039426450808652,0.01053034626964304,-0.00013608176155652067
AAL_062,AAL_014,0.011995324803293388,0.011859468692825835,0.00013585611046755368
AAL_021,AAL_036,0.011370602537455976,0.011234800805044234,0.000135801732411742
AAL_022,AAL_039,0.011689585273384921,0.01155378366300545,0.00013580161037947056
AAL_090,AAL_022,0.010472041755739568,0.01060771120356271,-0.00013566944782314287
AAL_039,AAL_022,0.011345750906974332,0.011210246166450066,0.00013550474052426674
AAL_062,AAL_068,0.010650753035631955,0.010786176125331788,-0.00013542308969983347
AAL_085,AAL_073,0.01050238024132947,0.010637711685049178,-0.0001353314437197075
AAL_015,AAL_085,0.012139046037346762,0.01200371658286223,0.0001353294544845316
AAL_013,AAL_031,0.010812576842279388,0.010947842744846942,-0.0001352659025675544
AAL_086,AAL_055,0.011274966132691782,0.01140982864272062,-0.0001348625100288381
AAL_044,AAL_046,0.013182373428876456,0.013317232392266135,-0.00013485896338967865
AAL_068,AAL_040,0.011106797826325154,0.010971947755692319,0.00013485007063283524
AAL_029,AAL_076,0.011119018054097636,0.011253858782424969,-0.00013484072832733313
AAL_036,AAL_042,0.011951333950631894,0.01181653360824653,0.000134800342385364
AAL_066,AAL_035,0.011242508195722714,0.011107730732366405,0.00013477746335630904
AAL_013,AAL_032,0.010604970441717241,0.010739667680826287,-0.0001346972391090464
AAL_080,AAL_075,0.011109772351228146,0.0112443251128565,-0.00013455276162835372
AAL_027,AAL_028,0.013013331884215785,0.013147750934100625,-0.00013441904988483952
AAL_043,AAL_050,0.012718163814761827,0.012852541436776334,-0.00013437762201450737
AAL_025,AAL_010,0.011359493896906447,0.01149374703707973,-0.00013425314017328355
AAL_064,AAL_045,0.010595486578969365,0.010461319395093704,0.0001341671838756605
AAL_073,AAL_063,0.011707116037798233,0.01157303369620228,0.00013408234159595356
AAL_019,AAL_086,0.010669818434577722,0.010535740887482764,0.00013407754709495769
AAL_037,AAL_086,0.01104790518163807,0.011181971800072169,-0.00013406661843409946
AAL_021,AAL_068,0.011163559169150315,0.01102954352380842,0.00013401564534189572
AAL_054,AAL_016,0.010926719496233596,0.010793037363616911,0.00013368213261668455
AAL_087,AAL_041,0.011260795321426967,0.01139423561978059,-0.00013344029835362335
AAL_080,AAL_035,0.010555887897299904,0.010689327165151648,-0.00013343926785174334
AAL_077,AAL_009,0.010594285003697643,0.010460941516158746,0.00013334348753889745
AAL_090,AAL_071,0.010289488748336831,0.010422714174755158,-0.0001332254264183267
AAL_082,AAL_036,0.010154766609701209,0.01028757180935396,-0.00013280519965275066
AAL_090,AAL_014,0.010761140640745433,0.010893937623216112,-0.00013279698247067873
AAL_057,AAL_080,0.01194521740007286,0.011812486752830724,0.00013273064724213593
AAL_031,AAL_026,0.011881441805256993,0.011748870416421897,0.0001325713888350958
AAL_032,AAL_007,0.011215778949280452,0.011348250268891491,-0.00013247131961103935
AAL_054,AAL_051,0.01223967377987937,0.012107220552307056,0.00013245322757231455
AAL_061,AAL_017,0.011703785383500732,0.011571342384364114,0.0001324429991366189
AAL_029,AAL_075,0.011414369416988304,0.011546790997310548,-0.000132421580322244
AAL_080,AAL_010,0.010270399811605994,0.010402784809913884,-0.0001323849983078905
AAL_087,AAL_023,0.012063734577650316,0.011931351284327785,0.000132383293322531
AAL_039,AAL_087,0.011556346186349152,0.011688582744754426,-0.00013223655840527426
AAL_008,AAL_075,0.011034386341945611,0.010902239511219354,0.00013214683072625653
AAL_008,AAL_074,0.011288645790698819,0.011156566600516327,0.0001320791901824915
AAL_061,AAL_053,0.011660213184216593,0.01152818544857925,0.00013202773563734255
AAL_014,AAL_068,0.010726619951633943,0.010858643115971876,-0.00013202316433793236
AAL_032,AAL_061,0.01039709695853675,0.010529101736122561,-0.00013200477758581151
AAL_054,AAL_008,0.010867031627438135,0.010735098043775588,0.00013193358366254786
AAL_072,AAL_008,0.012104500206505768,0.011972569208823274,0.0001319309976824945
AAL_065,AAL_023,0.01254911305836569,0.012417477710408253,0.0001316353479574369
AAL_054,AAL_012,0.011004128600828923,0.010872563952695643,0.00013156464813328037
AAL_035,AAL_044,0.011626345837791251,0.011757789205103448,-0.00013144336731219647
AAL_087,AAL_037,0.011287873724284463,0.011419296352465455,-0.00013142262818099243
AAL_027,AAL_007,0.01097648835573823,0.011107908510984322,-0.00013142015524609217
AAL_032,AAL_038,0.011110918413306404,0.010979587577338846,0.000131330835967558
AAL_021,AAL_088,0.011424271025671026,0.011292966464002878,0.00013130456166814825
AAL_074,AAL_078,0.011939384063116761,0.01180824400769274,0.00013114005542402135
AAL_067,AAL_026,0.01086230410867904,0.010731201186757673,0.00013110292192136663
AAL_083,AAL_078,0.011854753654418338,0.01198571122877725,-0.00013095757435891212
AAL_087,AAL_009,0.01116752577547589,0.011036759644524927,0.0001307661309509628
AAL_027,AAL_072,0.011290552615960184,0.011421257276411535,-0.00013070466045135044
AAL_016,AAL_021,0.010895844477300461,0.011026523998076507,-0.00013067952077604542
AAL_071,AAL_079,0.011106588336456025,0.011237261437859488,-0.0001306731014034633
AAL_035,AAL_077,0.011813643181489574,0.011683059888649223,0.00013058329284035101
AAL_072,AAL_090,0.011722751712012622,0.011853283298925195,-0.00013053158691257206
AAL_038,AAL_044,0.01124425802149006,0.011113743330109355,0.0001305146913807044
AAL_038,AAL_043,0.011188730728836397,0.011058295607825662,0.00013043512101073435
AAL_027,AAL_030,0.010381505098273484,0.010511923084502333,-0.00013041798622884931
AAL_054,AAL_058,0.011205926937504839,0.011075542377719365,0.00013038455978547393
AAL_001,AAL_069,0.011349934505489774,0.01121973974061737,0.0001301947648724034
AAL_034,AAL_070,0.010488658864847105,0.01061885059804242,-0.0001301917331953152
AAL_035,AAL_079,0.011516003457542796,0.011646187785670864,-0.00013018432812806832
AAL_068,AAL_038,0.011131553494761515,0.011001422044546077,0.0001301314502154382
AAL_080,AAL_036,0.010298175339260671,0.010428202287675282,-0.00013002694841461084
AAL_026,AAL_013,0.010214916068232723,0.010344935802941583,-0.00013001973470886004
AAL_089,AAL_041,0.011410244294784518,0.011540113952907528,-0.00012986965812301042
AAL_016,AAL_027,0.011258981371712353,0.011388810450862862,-0.00012982907915050877
AAL_090,AAL_013,0.010504784625676325,0.01063442628405452,-0.0001296416583781955
AAL_083,AAL_015,0.012864678039446346,0.01299428981879065,-0.00012961177934430433
AAL_016,AAL_025,0.010909054911910342,0.011038592418022547,-0.00012953750611220498
AAL_083,AAL_019,0.012068355173413824,0.012197803181339582,-0.00012944800792575803
AAL_006,AAL_013,0.010809500584315158,0.010938946058321975,-0.00012944547400681704
AAL_079,AAL_072,0.011389021043323426,0.011518378473966204,-0.00012935743064277846
AAL_068,AAL_039,0.011008409198182516,0.010879175908512277,0.00012923328967023862
AAL_064,AAL_053,0.010919100857682081,0.010790205759368374,0.00012889509831370653
AAL_062,AAL_013,0.01123730050256619,0.0111084299984737,0.00012887050409248965
AAL_059,AAL_013,0.011893543593872052,0.01176467892614473,0.00012886466772732245
AAL_053,AAL_070,0.011660697891846554,0.011531912522949741,0.00012878536889681345
AAL_077,AAL_021,0.010578970727311749,0.010450200223948613,0.00012877050336313617
AAL_034,AAL_058,0.010459453832660602,0.010588104728026957,-0.00012865089536635496
AAL_086,AAL_016,0.011348741827532649,0.011477349989264094,-0.00012860816173144475
AAL_003,AAL_062,0.01068795227811823,0.010816429577601459,-0.00012847729948322825
AAL_077,AAL_006,0.010379649629084092,0.010251174935095806,0.0001284746939882852
AAL_024,AAL_062,0.010393145197652217,0.010521594307873,-0.00012844911022078312
AAL_026,AAL_025,0.012758416507759282,0.012630081520630764,0.0001283349871285186
AAL_007,AAL_046,0.010802697883839281,0.010930973567327406,-0.00012827568348812435
AAL_078,AAL_004,0.011598138849083811,0.011469881209745892,0.0001282576393379191
AAL_071,AAL_047,0.010811159438971017,0.010939407474349806,-0.00012824803537878939
AAL_063,AAL_016,0.011052058945991036,0.010923849065180303,0.0001282098808107323
AAL_080,AAL_006,0.010238129641606003,0.01036632093589374,-0.00012819129428773626
AAL_034,AAL_060,0.010314699071340071,0.010442767648151139,-0.00012806857681106794
AAL_057,AAL_081,0.012168964349195106,0.01204091209973724,0.00012805224945786585
AAL_055,AAL_075,0.010447495400061848,0.010575541087123507,-0.00012804568706165954
AAL_018,AAL_072,0.011209469316447647,0.011337443070010127,-0.00012797375356247975
AAL_006,AAL_009,0.011704864589354167,0.01183279319238796,-0.00012792860303379242
AAL_067,AAL_073,0.010505561844214924,0.010633348554335812,-0.0001277867101208887
AAL_055,AAL_078,0.010496746667095611,0.010624518347603659,-0.00012777168050804796
AAL_082,AAL_072,0.010240448587056663,0.010368102911868994,-0.00012765432481233116
AAL_079,AAL_071,0.011415859145056615,0.01154350833250926,-0.00012764918745264593
AAL_080,AAL_018,0.012413234262862522,0.012540828397326523,-0.00012759413446400067
AAL_003,AAL_026,0.011252320516838605,0.011124815613900314,0.00012750490293829062
AAL_077,AAL_026,0.010442816216546373,0.010315322062975864,0.0001274941535705093
AAL_063,AAL_053,0.011474910811083311,0.011347511734711768,0.00012739907637154303
AAL_067,AAL_063,0.010957620054897334,0.011084964533542137,-0.00012734447864480233
AAL_027,AAL_062,0.010550120829517005,0.010677404673978057,-0.00012728384446105204
AAL_077,AAL_007,0.010914936138348829,0.010787777935452852,0.00012715820289597654
AAL_053,AAL_079,0.011283224573932014,0.01115617823206979,0.00012704634186222474
AAL_008,AAL_078,0.011373459064982768,0.011246432289111407,0.00012702677587136078
AAL_086,AAL_080,0.011004770142782448,0.011131667636020604,-0.000126897493238156
AAL_088,AAL_079,0.01096127713775724,0.011088109718492398,-0.0001268325807351582
AAL_013,AAL_059,0.011631115978488173,0.011504339950884838,0.00012677602760333487
AAL_057,AAL_018,0.012103625167256746,0.011976997231690227,0.00012662793556651904
AAL_042,AAL_083,0.011915728624941956,0.012042345710228159,-0.00012661708528620245
AAL_037,AAL_087,0.011121718893544031,0.0112483024772802,-0.00012658358373616833
AAL_012,AAL_010,0.01159106232584096,0.011464485778443275,0.00012657654739768424
AAL_008,AAL_072,0.0112902868208754,0.011163766093773966,0.00012652072710143437
AAL_016,AAL_022,0.0109780838028488,0.011104590185541226,-0.00012650638269242655
AAL_022,AAL_049,0.010680581850962888,0.010807026729967547,-0.00012644487900465885
AAL_012,AAL_013,0.011710615770923149,0.011584267200481507,0.00012634857044164192
AAL_005,AAL_006,0.012322508789694462,0.012448839418053923,-0.00012633062835946084
AAL_021,AAL_076,0.011481313502543375,0.011355053534079574,0.00012625996846380057
AAL_040,AAL_055,0.011951993042443935,0.012078135489271237,-0.00012614244682730182
AAL_038,AAL_055,0.011508775910792442,0.011634917222610478,-0.00012614131181803642
AAL_029,AAL_078,0.01092721801251173,0.011053283109558427,-0.00012606509704669693
AAL_078,AAL_041,0.011770330417232636,0.011644284793224288,0.00012604562400834844
AAL_067,AAL_086,0.010947723443118425,0.010821680385832012,0.00012604305728641275
AAL_076,AAL_068,0.010933940901826972,0.010807923827015288,0.00012601707481168373
AAL_071,AAL_029,0.01140324219973742,0.011529240165617566,-0.00012599796588014592
AAL_058,AAL_081,0.011478206154723197,0.011352298522446647,0.00012590763227655032
AAL_010,AAL_019,0.011185337892836995,0.011311141360393972,-0.0001258034675569765
AAL_027,AAL_010,0.01149759816332187,0.011623315307457305,-0.00012571714413543537
AAL_005,AAL_036,0.011474291366150873,0.011599943069533143,-0.00012565170338227002
AAL_033,AAL_067,0.011450919939571211,0.011576568044574178,-0.00012564810500296716
AAL_059,AAL_068,0.011553199386669911,0.011678617142566084,-0.00012541775589617297
AAL_069,AAL_085,0.011433125555149129,0.011307746054091614,0.00012537950105751504
AAL_078,AAL_073,0.011983544137886064,0.011858315498246893,0.0001252286396391713
AAL_008,AAL_055,0.01080094912670489,0.010675781168431858,0.0001251679582730328
AAL_038,AAL_021,0.011312265434644671,0.011187143069195096,0.0001251223654495752
AAL_067,AAL_088,0.010677774568112234,0.010552656328393419,0.0001251182397188147
AAL_016,AAL_014,0.011857702034629054,0.011982718253827124,-0.00012501621919806978
AAL_012,AAL_062,0.011771429089319885,0.011646468869454365,0.00012496021986552024
AAL_024,AAL_067,0.01103746797889471,0.010912516313806065,0.0001249516650886455
AAL_041,AAL_015,0.010925408391059082,0.011050346184974864,-0.00012493779391578239
AAL_077,AAL_082,0.011011746662278842,0.011136680210549985,-0.0001249335482711427
AAL_049,AAL_021,0.010902852468733858,0.011027768487688477,-0.00012491601895461835
AAL_090,AAL_066,0.010888358022874365,0.01101319442177307,-0.00012483639889870543
AAL_059,AAL_055,0.011756781046875777,0.011631978093357595,0.00012480295351818133
AAL_061,AAL_068,0.011099584908105241,0.011224313505067867,-0.0001247285969626262
AAL_073,AAL_030,0.012212833618490487,0.012088132934372123,0.00012470068411836455
AAL_055,AAL_028,0.010829991247091029,0.010954678902129825,-0.00012468765503879584
AAL_064,AAL_054,0.010643042938417604,0.010518375742561172,0.00012466719585643195
AAL_035,AAL_045,0.01196407651106835,0.012088726320888653,-0.0001246498098203038
AAL_064,AAL_014,0.011154043060353296,0.011029421303319575,0.00012462175703372054
AAL_046,AAL_024,0.011393313718020406,0.011268717333877796,0.00012459638414260947
AAL_033,AAL_076,0.010763247660560232,0.010887727293904602,-0.00012447963334437026
AAL_034,AAL_019,0.01063582270891748,0.010760229776518665,-0.00012440706760118506
AAL_088,AAL_006,0.011375915893934604,0.011500289464928672,-0.00012437357099406854
AAL_025,AAL_024,0.01213997397492202,0.012015696143541975,0.00012427783138004543
AAL_074,AAL_005,0.010902077387461169,0.010777817604596502,0.00012425978286466702
AAL_043,AAL_052,0.012279525528558426,0.012403533861004094,-0.00012400833244566832
AAL_022,AAL_024,0.011498004182154296,0.011374028651482859,0.00012397553067143748
AAL_041,AAL_065,0.010441639749174062,0.010565591899784416,-0.00012395215061035414
AAL_064,AAL_082,0.011743096569075417,0.011619201540096522,0.00012389502897889454
AAL_066,AAL_065,0.011941080003515141,0.011817228543588305,0.00012385145992683567
AAL_033,AAL_051,0.010551995844540432,0.010675737426313513,-0.00012374158177308123
AAL_032,AAL_035,0.011545888000987789,0.011422219519820018,0.00012366848116777095
AAL_004,AAL_031,0.010938372449057862,0.0108147739980453,0.00012359845101256144
AAL_050,AAL_012,0.011226078895374369,0.011102559842243237,0.0001235190531311322
AAL_074,AAL_076,0.012451840126807364,0.012328500272451944,0.00012333985435541983
AAL_024,AAL_022,0.011519287127810411,0.01139599688018374,0.00012329024762667076
AAL_069,AAL_074,0.011275631085070025,0.011398909967069147,-0.00012327888199912228
AAL_035,AAL_017,0.011140767015262037,0.011263987428460168,-0.0001232204131981305
AAL_009,AAL_055,0.010906436693512348,0.010783408602084918,0.00012302809142743058
AAL_024,AAL_078,0.011252157101566847,0.011129129897553483,0.00012302720401336474
AAL_021,AAL_038,0.011415885353429068,0.011292867776163607,0.0001230175772654607
AAL_057,AAL_074,0.01117088101629136,0.011293867658407753,-0.00012298664211639332
AAL_064,AAL_013,0.010673801824609693,0.010550842463286136,0.00012295936132355675
AAL_074,AAL_010,0.010975555116788317,0.010852595885970604,0.00012295923081771278
AAL_057,AAL_082,0.01199518728396322,0.011872247129530824,0.0001229401544323959
AAL_024,AAL_036,0.011573735023570111,0.011450804402547941,0.00012293062102216971
AAL_080,AAL_088,0.010545343357639817,0.010668223592043663,-0.00012288023440384585
AAL_081,AAL_071,0.010598101048196992,0.010720928042443012,-0.00012282699424602007
AAL_031,AAL_061,0.010324882017050544,0.010447646636820905,-0.00012276461977036093
AAL_062,AAL_052,0.011194180635512512,0.011071441059576222,0.00012273957593629016
AAL_067,AAL_061,0.011283769140927455,0.011406508426900684,-0.00012273928597322965
AAL_031,AAL_078,0.01109245918595638,0.01096992270452509,0.00012253648143129015
AAL_001,AAL_019,0.01161163686734871,0.011489119842907335,0.00012251702444137508
AAL_013,AAL_001,0.01204130340876997,0.011918825497180593,0.00012247791158937794
AAL_077,AAL_038,0.011212069722306397,0.011089622720188598,0.00012244700211779848
AAL_086,AAL_053,0.011023314741368476,0.011145711908805606,-0.00012239716743712992
AAL_068,AAL_086,0.011498038257018495,0.01137564623862431,0.00012239201839418616
AAL_075,AAL_078,0.011608259111610997,0.011485912693807712,0.00012234641780328563
AAL_088,AAL_066,0.01114678550630999,0.011269056822910498,-0.00012227131660050815
AAL_011,AAL_021,0.010616645734343264,0.01073890703293511,-0.00012226129859184594
AAL_076,AAL_040,0.011402388143106403,0.01128016654448237,0.00012222159862403277
AAL_039,AAL_011,0.01042449738806448,0.010546674205466329,-0.00012217681740184921
AAL_046,AAL_090,0.011286866697920566,0.011164697679799633,0.00012216901812093367
AAL_054,AAL_005,0.010988844863067452,0.010866703807605111,0.00012214105546234054
AAL_004,AAL_014,0.010697452576321542,0.01081950913550836,-0.00012205655918681724
AAL_050,AAL_090,0.011354767454740329,0.011232720826643868,0.00012204662809646091
AAL_020,AAL_023,0.010536745107040191,0.01065868784490945,-0.00012194273786925863
AAL_029,AAL_014,0.011315361212572863,0.011193425505521428,0.00012193570705143486
AAL_081,AAL_068,0.010323655061248658,0.010445472176554185,-0.00012181711530552704
AAL_071,AAL_056,0.01072849045929491,0.010850196607207542,-0.00012170614791263273
AAL_087,AAL_042,0.011100651576924019,0.011222313199811627,-0.00012166162288760815
AAL_049,AAL_045,0.012822196948238544,0.012943797146268282,-0.00012160019802973793
AAL_012,AAL_086,0.011238504913595751,0.01136009155012316,-0.00012158663652740882
AAL_085,AAL_042,0.010593809354572725,0.01071537036457961,-0.00012156101000688514
AAL_070,AAL_076,0.010528872444286432,0.010650352094202273,-0.00012147964991584062
AAL_009,AAL_077,0.010881375382121047,0.010759899302596045,0.00012147607952500174
AAL_035,AAL_072,0.012426748933493454,0.01254821500784854,-0.00012146607435508522
AAL_086,AAL_013,0.010787748186411256,0.010909032125127671,-0.00012128393871641517
AAL_052,AAL_018,0.01066203868120081,0.010540803785784812,0.00012123489541599787
AAL_003,AAL_014,0.010632915143719595,0.010754137588826658,-0.00012122244510706301
AAL_034,AAL_069,0.01042629219392617,0.010547470627237047,-0.00012117843331087633
AAL_036,AAL_004,0.012118235636406984,0.011997226711186967,0.0001210089252200175
AAL_050,AAL_030,0.011183132343869815,0.011062147088866523,0.00012098525500329159
AAL_029,AAL_067,0.010484946571274573,0.010605829375017221,-0.00012088280374264807
AAL_012,AAL_065,0.010961423870812878,0.010840587491266632,0.00012083637954624603
AAL_032,AAL_045,0.011051480915063085,0.011172214331146948,-0.00012073341608386315
AAL_054,AAL_047,0.012419241110388285,0.012298525403491764,0.00012071570689652089
AAL_069,AAL_047,0.01129989792059502,0.011179202245479039,0.000120695675115981
AAL_088,AAL_054,0.011058111040271882,0.01117872131558565,-0.00012061027531376847
AAL_049,AAL_046,0.012338876266541898,0.012459431405158403,-0.00012055513861650505
AAL_058,AAL_059,0.011148231289086815,0.011027739725304448,0.00012049156378236663
AAL_055,AAL_077,0.010549937774880957,0.010670329099775248,-0.00012039132489429123
AAL_054,AAL_081,0.011018773530904427,0.010898382608633184,0.00012039092227124348
AAL_073,AAL_074,0.011874959831977757,0.011754615380250787,0.00012034445172696973
AAL_055,AAL_086,0.010857552200412521,0.010977865129746219,-0.0001203129293336977
AAL_040,AAL_033,0.011151613798947671,0.011031311499902392,0.00012030229904527907
AAL_025,AAL_076,0.011140242437871858,0.011020011478854765,0.00012023095901709385
AAL_046,AAL_050,0.013219613808756456,0.013339810154259796,-0.00012019634550334071
AAL_017,AAL_071,0.010825249987343947,0.01094542868509334,-0.00012017869774939328
AAL_011,AAL_059,0.01137012417595356,0.01124998012895028,0.00012014404700327885
AAL_026,AAL_034,0.010610286610073641,0.010490190080614303,0.00012009652945933758
AAL_054,AAL_002,0.011184306664026191,0.011064214456281059,0.00012009220774513232
AAL_020,AAL_004,0.011072427462229235,0.011192519573619584,-0.0001200921113903488
AAL_012,AAL_028,0.010296619284309002,0.01041669468568735,-0.00012007540137834796
AAL_083,AAL_037,0.012289438145951582,0.012409455112872584,-0.00012001696692100217
AAL_006,AAL_078,0.0108559988041082,0.010736035321730538,0.00011996348237766283
AAL_035,AAL_056,0.011298651044838067,0.011418493679509712,-0.00011984263467164531
AAL_012,AAL_050,0.01087923644659802,0.010759456993702328,0.00011977945289569185
AAL_080,AAL_038,0.010688855282914562,0.010808602816635562,-0.0001197475337209996
AAL_046,AAL_007,0.011134612555098202,0.011254343419120861,-0.00011973086402265916
AAL_080,AAL_008,0.010170149529336864,0.010289841863065589,-0.00011969233372872458
AAL_014,AAL_063,0.01144488954033034,0.011325211014607851,0.00011967852572248791
AAL_010,AAL_040,0.011161477334845142,0.01128101766701076,-0.0001195403321656175
AAL_074,AAL_088,0.010726502650759669,0.010846009253808494,-0.00011950660304882454
AAL_057,AAL_079,0.011990317006189471,0.01187099191237694,0.00011932509381253065
AAL_054,AAL_079,0.010969123920489453,0.010849869842398403,0.00011925407809105018
AAL_054,AAL_056,0.012409918686836703,0.012290686244149657,0.00011923244268704537
AAL_025,AAL_016,0.011244324342403402,0.011363546186064373,-0.00011922184366097016
AAL_090,AAL_087,0.011045162343125567,0.011164270216603728,-0.00011910787347816157
AAL_068,AAL_055,0.011027319058298301,0.010908398532283217,0.00011892052601508371
AAL_011,AAL_031,0.010796701947513681,0.010915581245557695,-0.00011887929804401363
AAL_043,AAL_038,0.011431492353654187,0.011312638732972127,0.00011885362068205993
AAL_010,AAL_003,0.011550883704828274,0.011669692518674854,-0.00011880881384658017
AAL_033,AAL_060,0.011163653929232277,0.01128241977430233,-0.00011876584507005371
AAL_078,AAL_023,0.011372783589455435,0.011254128609453478,0.00011865498000195734
AAL_074,AAL_082,0.01131178350108238,0.01143043521311014,-0.00011865171202776054
AAL_052,AAL_029,0.01040924495109954,0.010290725251414787,0.00011851969968475207
AAL_075,AAL_012,0.011139396514393326,0.011020904127277305,0.00011849238711602109
AAL_069,AAL_019,0.012074222730504524,0.011955804910242706,0.00011841782026181767
AAL_061,AAL_055,0.011309804090370353,0.011191428262305911,0.00011837582806444209
AAL_077,AAL_016,0.010574133079658207,0.01045583347990998,0.0001182995997482273
AAL_052,AAL_041,0.01062720064392202,0.010508909306163083,0.00011829133775893667
AAL_051,AAL_090,0.011151160939365752,0.011032911928060924,0.00011824901130482769
AAL_085,AAL_053,0.010697067747067692,0.010815244341366196,-0.00011817659429850386
AAL_010,AAL_005,0.012714236425474668,0.012832296187192128,-0.00011805976171746016
AAL_062,AAL_024,0.010123112408094045,0.010241081441288108,-0.00011796903319406284
AAL_082,AAL_035,0.01014986844200036,0.010267821944806327,-0.0001179535028059675
AAL_085,AAL_071,0.010583143066376066,0.010701013188208304,-0.00011787012183223783
AAL_016,AAL_004,0.011370163711392853,0.011487926890329452,-0.00011776317893659807
AAL_022,AAL_054,0.010857007539886823,0.010974747657997733,-0.0001177401181109098
AAL_052,AAL_070,0.010925187456668315,0.010807489222909321,0.00011769823375899421
AAL_051,AAL_086,0.01101282319555489,0.010895233818563279,0.00011758937699161108
AAL_031,AAL_073,0.011073142630406298,0.011190719276241422,-0.00011757664583512441
AAL_069,AAL_082,0.011832651948858785,0.0117150831542373,0.00011756879462148512
AAL_081,AAL_007,0.010293094920885995,0.010410626358803242,-0.00011753143791724645
AAL_045,AAL_090,0.010629319110248461,0.010511818080770763,0.00011750102947769882
AAL_001,AAL_058,0.011307249263597604,0.011189780655610502,0.00011746860798710242
AAL_052,AAL_002,0.011238501355465915,0.0111210741144293,0.00011742724103661582
AAL_069,AAL_053,0.011465678475080775,0.011348273972553148,0.00011740450252762692
AAL_088,AAL_068,0.01132960036659661,0.011212237676138765,0.00011736269045784474
AAL_038,AAL_072,0.011480973541943563,0.011363651101978926,0.0001173224399646372
AAL_017,AAL_076,0.010835929156846216,0.010953235460754955,-0.0001173063039087395
AAL_078,AAL_066,0.011511897172731085,0.011394623817215043,0.00011727335551604129
AAL_058,AAL_079,0.01126873812590463,0.011151530595020236,0.00011720753088439485
AAL_063,AAL_033,0.012333992685581375,0.012216986665414374,0.00011700602016700111
AAL_044,AAL_038,0.011665529292872828,0.011548581999950758,0.00011694729292206947
AAL_015,AAL_089,0.012250131895590542,0.01213327239708924,0.00011685949850130141
AAL_058,AAL_077,0.010690314078337362,0.01080709858046424,-0.00011678450212687826
AAL_014,AAL_050,0.011116844582029132,0.011000064606073476,0.00011677997595565572
AAL_014,AAL_032,0.01094550947443797,0.011062248790216061,-0.00011673931577809056
AAL_054,AAL_055,0.011818914924963163,0.011702175970852524,0.00011673895411063936
AAL_061,AAL_018,0.011519361591826264,0.011402760539897175,0.00011660105192908866
AAL_071,AAL_017,0.011102415844161287,0.011218864863585894,-0.00011644901942460713
AAL_042,AAL_086,0.011436907335733756,0.01155333644098073,-0.00011642910524697382
AAL_025,AAL_078,0.010977947640702384,0.01086152402716446,0.00011642361353792277
AAL_013,AAL_021,0.010714979191573385,0.010831357354284369,-0.00011637816271098389
AAL_007,AAL_045,0.010858191820020732,0.01097453893081426,-0.00011634711079352815
AAL_029,AAL_035,0.010457382636924839,0.010573729597697631,-0.00011634696077279273
AAL_086,AAL_035,0.010963397653789347,0.011079724083097637,-0.00011632642930829024
AAL_046,AAL_049,0.01242360509096239,0.012539927942433369,-0.0001163228514709791
AAL_040,AAL_088,0.012014720173011351,0.012130968776478365,-0.00011624860346701356
AAL_031,AAL_038,0.010814736509679729,0.010698537721250104,0.00011619878842962506
AAL_061,AAL_062,0.013055765790403144,0.012939575199897472,0.00011619059050567253
AAL_088,AAL_013,0.010708738707451738,0.010824907982430743,-0.00011616927497900414
AAL_088,AAL_062,0.010499393444062553,0.010615494305605332,-0.00011610086154277902
AAL_021,AAL_011,0.010630271365690945,0.01074627753827841,-0.00011600617258746525
AAL_076,AAL_006,0.011184607664298298,0.01106865269365367,0.00011595497064462862
AAL_069,AAL_054,0.01139698006833593,0.011281124995582304,0.00011585507275362582
AAL_056,AAL_072,0.010521163899276374,0.01063699831275579,-0.00011583441347941606
AAL_022,AAL_068,0.011149343314110978,0.011033513310547945,0.00011583000356303261
AAL_033,AAL_052,0.010572464987396812,0.010688197602594166,-0.00011573261519735346
AAL_077,AAL_066,0.010561797939018052,0.010446106155331317,0.00011569178368673466
AAL_077,AAL_022,0.010453215826095806,0.010337567063182519,0.00011564876291328754
AAL_028,AAL_024,0.011827039697533872,0.011711429300771162,0.00011561039676270986
AAL_010,AAL_085,0.011110457004660852,0.01099495091949296,0.00011550608516789143
AAL_026,AAL_036,0.011291779436441695,0.011176395909421644,0.00011538352702005102
AAL_077,AAL_057,0.010922308969430817,0.011037660945234612,-0.00011535197580379505
AAL_031,AAL_014,0.010517530206941132,0.010632840003679615,-0.00011530979673848342
AAL_039,AAL_055,0.011741878482728051,0.011857150413706049,-0.00011527193097799794
AAL_059,AAL_034,0.011219865588757854,0.011335137464272473,-0.00011527187551461926
AAL_077,AAL_004,0.010631288955004042,0.010516025583553254,0.00011526337145078766
AAL_069,AAL_051,0.0113076629757913,0.011192405148046484,0.00011525782774481595
AAL_028,AAL_003,0.01101038393835163,0.010895186938142067,0.00011519700020956244
AAL_032,AAL_024,0.012485260420486841,0.012370099593185017,0.00011516082730182384
AAL_074,AAL_057,0.010939827127159279,0.011054983418018883,-0.0001151562908596037
AAL_059,AAL_046,0.011291966769589573,0.011407008819818201,-0.00011504205022862778
AAL_075,AAL_088,0.010802527975179574,0.010917508493988745,-0.00011498051880917161
AAL_038,AAL_034,0.010848083593046818,0.010733153446861739,0.00011493014618507887
AAL_080,AAL_009,0.010273609658639528,0.010388520264318652,-0.00011491060567912423
AAL_075,AAL_007,0.010910422885472067,0.010795572703292884,0.00011485018217918287
AAL_078,AAL_009,0.01124638593636262,0.01113153639117778,0.00011484954518484018
AAL_012,AAL_061,0.011229956747454584,0.011115133961103394,0.00011482278635118956
AAL_052,AAL_042,0.010655919842135448,0.010541139584191828,0.00011478025794361968
AAL_085,AAL_040,0.010588959725096058,0.010703726893489621,-0.00011476716839356298
AAL_072,AAL_079,0.011992389190957969,0.012107145926330432,-0.00011475673537246316
AAL_075,AAL_085,0.010778932653080959,0.010893687700607788,-0.00011475504752682907
AAL_022,AAL_035,0.011727688177369343,0.011612969575445203,0.0001147186019241405
AAL_010,AAL_028,0.011486830082363807,0.011601535899208733,-0.00011470581684492644
AAL_058,AAL_051,0.010709884721769864,0.010595180001803131,0.00011470471996673226
AAL_068,AAL_046,0.012339390881964538,0.012224820601954945,0.00011457028000959324
AAL_065,AAL_086,0.011430235762690377,0.01131570928963479,0.00011452647305558623
AAL_074,AAL_014,0.011295819117759284,0.01118131138837293,0.0001145077293863532
AAL_075,AAL_082,0.011178888587488068,0.01129335809092294,-0.0001144695034348709
AAL_085,AAL_027,0.011087895134209186,0.010973429952103358,0.00011446518210582804
AAL_020,AAL_032,0.0106691036425117,0.010783472290220983,-0.00011436864770928389
AAL_027,AAL_073,0.010407758305549748,0.010522105090930208,-0.00011434678538045986
AAL_006,AAL_014,0.011057183725568347,0.01117145160106808,-0.00011426787549973297
AAL_078,AAL_017,0.011419528800771277,0.011533792227710003,-0.00011426342693872556
AAL_083,AAL_055,0.012110840467513245,0.012225045725499874,-0.00011420525798662949
AAL_078,AAL_058,0.01129199917284915,0.011406195081918322,-0.0001141959090691716
AAL_045,AAL_003,0.010623345840085521,0.010737334763996359,-0.00011398892391083736
AAL_077,AAL_086,0.010534264147281647,0.010648248218018424,-0.00011398407073677681
AAL_061,AAL_058,0.011539835612186126,0.01142585177954388,0.00011398383264224661
AAL_012,AAL_024,0.010813301940583903,0.010927268592802526,-0.00011396665221862293
AAL_080,AAL_055,0.010452906563320858,0.010566862778409982,-0.00011395621508912372
AAL_088,AAL_057,0.011042792256523529,0.011156723832263248,-0.0001139315757397192
AAL_087,AAL_003,0.011035047437693192,0.010921146249209089,0.00011390118848410291
AAL_067,AAL_023,0.01075417165341986,0.010640316885473119,0.00011385476794674096
AAL_064,AAL_050,0.010790229979982106,0.01067641421819739,0.00011381576178471665
AAL_041,AAL_066,0.010465510663154542,0.010579309396205409,-0.00011379873305086656
AAL_088,AAL_056,0.011329400848645048,0.011443161694494726,-0.0001137608458496777
AAL_066,AAL_008,0.012289234080837451,0.012175542397179615,0.00011369168365783604
AAL_028,AAL_030,0.009967915303845946,0.01008158725531536,-0.00011367195146941463
AAL_036,AAL_068,0.013248013847897578,0.013134374431156491,0.00011363941674108653
AAL_037,AAL_055,0.011492021614685655,0.011605642768311736,-0.00011362115362608186
AAL_074,AAL_058,0.010987670132969944,0.011101180604351661,-0.00011351047138171734
AAL_078,AAL_007,0.011459844334162453,0.011346415080425904,0.0001134292537365491
AAL_003,AAL_086,0.010817968543284597,0.010704624591390637,0.00011334395189395961
AAL_055,AAL_042,0.010852509930443306,0.0109658227752774,-0.00011331284483409414
AAL_065,AAL_024,0.012169890822126316,0.012056658210847573,0.00011323261127874247
AAL_068,AAL_072,0.01079823107769092,0.010685030525785965,0.00011320055190495483
AAL_020,AAL_034,0.011389705163434658,0.011502900948891273,-0.00011319578545661464
AAL_018,AAL_077,0.011663742785334077,0.01177683966257436,-0.00011309687724028392
AAL_017,AAL_064,0.012088998439761564,0.011975939436434367,0.00011305900332719658
AAL_072,AAL_087,0.012087130252447011,0.012200071760649717,-0.0001129415082027057
AAL_082,AAL_071,0.010409703426476982,0.010522612301221408,-0.0001129088747444263
AAL_031,AAL_009,0.010823869007106265,0.01093675662294289,-0.0001128876158366255
AAL_075,AAL_079,0.011330973798743425,0.01144372210803236,-0.0001127483092889358
AAL_014,AAL_031,0.01082725397661392,0.01093976571924855,-0.00011251174263463004
AAL_024,AAL_043,0.011000426006543204,0.010887970184218648,0.00011245582232455656
AAL_028,AAL_002,0.01030178221826179,0.010414196744505732,-0.00011241452624394244
AAL_053,AAL_064,0.01173135856938604,0.011619042029729108,0.00011231653965693318
AAL_039,AAL_033,0.010634205021505427,0.010521932837851439,0.00011227218365398792
AAL_086,AAL_022,0.011071078751920762,0.011183332945347277,-0.00011225419342651526
AAL_006,AAL_016,0.011822507565474918,0.011934725066217093,-0.00011221750074217468
AAL_084,AAL_050,0.010563243061113052,0.010451050442886117,0.00011219261822693546
AAL_025,AAL_028,0.012491353435250811,0.012379178141819188,0.00011217529343162357
AAL_088,AAL_035,0.011432892197154017,0.011545035766238906,-0.0001121435690848889
AAL_079,AAL_029,0.012542483197827624,0.01265450322043807,-0.00011202002261044564
AAL_087,AAL_010,0.010929425766405005,0.01081741798817002,0.00011200777823498417
AAL_089,AAL_040,0.01167160421450678,0.011783580268009868,-0.00011197605350308712
AAL_072,AAL_055,0.011741190862197142,0.011853138745182352,-0.00011194788298521038
AAL_014,AAL_029,0.0115503248376533,0.011438407824275363,0.00011191701337793722
AAL_072,AAL_003,0.011794606812744059,0.011682771314998567,0.00011183549774549176
AAL_016,AAL_088,0.010897054317065029,0.011008815497862494,-0.00011176118079746569
AAL_080,AAL_079,0.012224930949493224,0.012336678853808502,-0.00011174790431527776
AAL_036,AAL_012,0.011721131421673374,0.011609383519027133,0.00011174790264624132
AAL_086,AAL_030,0.010922054487527309,0.011033782056040563,-0.00011172756851325454
AAL_062,AAL_011,0.011094181848148633,0.010982585795889274,0.00011159605225935856
AAL_058,AAL_061,0.01098962420096191,0.010878052476969161,0.00011157172399274898
AAL_014,AAL_061,0.011775335291018471,0.011663845460630824,0.00011148983038764687
AAL_074,AAL_070,0.01071031091726807,0.010821697535571034,-0.00011138661830296416
AAL_028,AAL_013,0.010607088943863781,0.010718462041234852,-0.00011137309737107096
AAL_086,AAL_084,0.011506474781861035,0.011617838580706722,-0.00011136379884568726
AAL_045,AAL_007,0.010604929182933182,0.01071614281923762,-0.00011121363630443859
AAL_023,AAL_015,0.012580510748263735,0.012469346038812295,0.0001111647094514407
AAL_073,AAL_016,0.010552713356943976,0.010441649319238905,0.00011106403770507096
AAL_033,AAL_003,0.01085887227852184,0.010969928927978422,-0.00011105664945658227
AAL_070,AAL_071,0.010644538781772822,0.010755571298689464,-0.00011103251691664193
AAL_029,AAL_025,0.010336966520477818,0.01044795036583991,-0.00011098384536209135
AAL_026,AAL_046,0.01102038048621681,0.010909427514313615,0.00011095297190319431
AAL_064,AAL_037,0.01058153560361228,0.010470587182466505,0.0001109484211457741
AAL_062,AAL_081,0.010804726220826563,0.010693816237022208,0.000110909983804355
AAL_077,AAL_079,0.011064052532036971,0.01117496171887622,-0.00011090918683924825
AAL_017,AAL_032,0.010494587620576987,0.010605399113231646,-0.00011081149265465898
AAL_043,AAL_046,0.012746272700178063,0.012857079822523865,-0.00011080712234580285
AAL_058,AAL_082,0.011558073934995465,0.01144727941824322,0.00011079451675224429
AAL_020,AAL_036,0.010475637341459464,0.010586359575113499,-0.00011072223365403422
AAL_088,AAL_069,0.011086463703352034,0.011197095699885643,-0.00011063199653360903
AAL_087,AAL_065,0.011753483374929454,0.011643028811137966,0.0001104545637914886
AAL_088,AAL_089,0.011876819937879968,0.011987167928210706,-0.00011034799033073778
AAL_031,AAL_004,0.011325635610976152,0.011215344357949037,0.0001102912530271151
AAL_035,AAL_054,0.011396954572385447,0.011507232997002584,-0.0001102784246171367
AAL_060,AAL_067,0.012491252910122912,0.012601504148568764,-0.00011025123844585205
AAL_032,AAL_049,0.010430084571290093,0.01054028606749424,-0.00011020149620414796
AAL_046,AAL_085,0.011299275727464985,0.011189106475127395,0.0001101692523375903
AAL_089,AAL_061,0.011708388795566738,0.01159822337662168,0.00011016541894505807
AAL_088,AAL_028,0.012032376361501396,0.012142484607845175,-0.00011010824634377983
AAL_078,AAL_044,0.01159606853293048,0.011485985674370754,0.00011008285855972598
AAL_035,AAL_055,0.011531884730276134,0.011641864369047931,-0.00010997963877179724
AAL_005,AAL_021,0.011785705563906804,0.011895606375158425,-0.00010990081125162102
AAL_053,AAL_081,0.011403813058685543,0.011293959621312305,0.00010985343737323836
AAL_085,AAL_009,0.010870196410797091,0.010760359597801422,0.00010983681299566936
AAL_063,AAL_012,0.011630393093069777,0.011520601961549103,0.00010979113152067427
AAL_049,AAL_050,0.013205056653843604,0.013314792636791174,-0.00010973598294757025
AAL_032,AAL_050,0.010704197057196472,0.010813899003154144,-0.00010970194595767181
AAL_076,AAL_013,0.01126444572582841,0.011154769584721431,0.00010967614110697806
AAL_067,AAL_064,0.010962355193387494,0.011071998487335281,-0.00010964329394778753
AAL_018,AAL_076,0.01147390303050733,0.011583466480298905,-0.00010956344979157553
AAL_036,AAL_037,0.011852883875099385,0.011743364328744985,0.00010951954635439985
AAL_009,AAL_071,0.011256597914263351,0.011147096422651121,0.00010950149161222979
AAL_079,AAL_036,0.0109698301117517,0.011079307906699387,-0.00010947779494768772
AAL_033,AAL_049,0.010693882004970796,0.010803340266345452,-0.00010945826137465607
AAL_024,AAL_077,0.010922434532807933,0.010812999717613899,0.00010943481519403407
AAL_029,AAL_073,0.012516011040196078,0.012625436518091717,-0.00010942547789563953
AAL_075,AAL_022,0.01078647839375095,0.01067712891236798,0.00010934948138296985
AAL_027,AAL_021,0.012436576523921557,0.012545829490936423,-0.0001092529670148664
AAL_049,AAL_051,0.012856107416093094,0.012965358213680998,-0.00010925079758790368
AAL_082,AAL_012,0.010675018374672812,0.010784264385848128,-0.00010924601117531622
AAL_039,AAL_083,0.011441333969641063,0.011550549641898637,-0.00010921567225757357
AAL_039,AAL_013,0.010544841070301257,0.010654038116428307,-0.00010919704612705021
AAL_066,AAL_007,0.01118654498241396,0.011077410633913784,0.00010913434850017695
AAL_054,AAL_057,0.011128080578950735,0.011018972776867171,0.00010910780208356341
AAL_026,AAL_006,0.0118062262240256,0.011915241143950457,-0.0001090149199248578
AAL_029,AAL_021,0.010601433288528878,0.010710391675863904,-0.00010895838733502618
AAL_014,AAL_016,0.012274855530908348,0.01238378982473322,-0.00010893429382487219
AAL_035,AAL_048,0.011504990211886983,0.01161385957549139,-0.00010886936360440629
AAL_083,AAL_036,0.011738504060249552,0.011847365707639725,-0.00010886164739017275
AAL_030,AAL_025,0.010419915571538175,0.010528761768718215,-0.00010884619718004064
AAL_042,AAL_015,0.011323939453667173,0.011432759477652923,-0.00010882002398574994
AAL_033,AAL_050,0.010921361965612851,0.01103012030597582,-0.00010875834036296918
AAL_034,AAL_003,0.010675872118872965,0.010784530866586097,-0.00010865874771313205
AAL_016,AAL_072,0.010849028113337919,0.01095767001905675,-0.00010864190571883113
AAL_045,AAL_085,0.01060144860162121,0.01049284194653886,0.00010860665508235015
AAL_052,AAL_058,0.010944068831845354,0.010835485470483528,0.00010858336136182652
AAL_027,AAL_029,0.010498974046423139,0.010607533325572908,-0.00010855927914976866
AAL_025,AAL_006,0.012185503346606707,0.012294047780187048,-0.00010854443358034038
AAL_061,AAL_046,0.010764468777685976,0.010873012538195101,-0.0001085437605091253
AAL_058,AAL_036,0.010205560254378833,0.010314038601096155,-0.00010847834671732191
AAL_071,AAL_010,0.01114730147493637,0.011038885775389654,0.00010841569954671629
AAL_023,AAL_089,0.012287324618818795,0.012178992113056905,0.00010833250576188988
AAL_007,AAL_031,0.011321063123595638,0.011429392522381197,-0.00010832939878555915
AAL_071,AAL_075,0.012277526114311101,0.012169247902190271,0.00010827821212082943
AAL_004,AAL_065,0.011123357197413078,0.011015134167952217,0.00010822302946086014
AAL_076,AAL_034,0.011373183270120341,0.011265003921986367,0.00010817934813397469
AAL_031,AAL_011,0.010638049053442147,0.010746188667457246,-0.00010813961401509933
AAL_034,AAL_067,0.010676596751516191,0.010784667140108627,-0.00010807038859243605
AAL_088,AAL_010,0.010854249473852225,0.010962309630093148,-0.00010806015624092308
AAL_033,AAL_046,0.010801943687674327,0.010909957917541192,-0.00010801422986686515
AAL_078,AAL_003,0.011456736578391148,0.011348826119736317,0.00010791045865483039
AAL_062,AAL_012,0.0116921198180216,0.011584209869835277,0.00010790994818632264
AAL_040,AAL_085,0.011082643020149862,0.011190473827679015,-0.00010783080752915265
AAL_087,AAL_035,0.011470582069526626,0.011578388995128145,-0.00010780692560151926
AAL_077,AAL_012,0.010951319221868856,0.01084352764659203,0.00010779157527682562
AAL_076,AAL_009,0.011150396934463682,0.011042617309940217,0.00010777962452346475
AAL_025,AAL_030,0.010463477273543294,0.010571230491785051,-0.00010775321824175663
AAL_083,AAL_071,0.011818469219451021,0.011926173888812439,-0.00010770466936141712
AAL_054,AAL_069,0.011086430151859282,0.01097885789187907,0.0001075722599802112
AAL_028,AAL_020,0.010326046803090563,0.0104335609675563,-0.00010751416446573743
AAL_049,AAL_026,0.010833171586322988,0.010940496842134235,-0.00010732525581124731
AAL_017,AAL_024,0.01004878828763707,0.01015609199361455,-0.0001073037059774809
AAL_067,AAL_006,0.010675586473483305,0.010568397115019355,0.00010718935846395009
AAL_067,AAL_060,0.012001890842365021,0.012109038623387258,-0.00010714778102223661
AAL_066,AAL_067,0.011049805304560905,0.010942673832917627,0.00010713147164327814
AAL_076,AAL_027,0.011113118517618531,0.011006064962586458,0.00010705355503207344
AAL_058,AAL_012,0.010397712427438198,0.010504753474451177,-0.00010704104701297901
AAL_052,AAL_082,0.010602624525722021,0.010495650683698376,0.00010697384202364504
AAL_058,AAL_085,0.010762571174110103,0.010655620907232276,0.00010695026687782688
AAL_032,AAL_059,0.01019511836517252,0.010302024234835032,-0.0001069058696625113
AAL_035,AAL_032,0.012239515043110548,0.012132682733552036,0.00010683230955851192
AAL_035,AAL_052,0.011325962628580185,0.011432794015161304,-0.00010683138658111949
AAL_052,AAL_064,0.010932187010478387,0.01082538615995394,0.00010680085052444666
AAL_070,AAL_054,0.010981607380219631,0.010874814920071928,0.00010679246014770258
AAL_083,AAL_074,0.011675429836902609,0.01178220772501035,-0.00010677788810774073
AAL_052,AAL_044,0.011889130123851135,0.011995865429564385,-0.00010673530571325002
AAL_090,AAL_042,0.010724578600010684,0.010831303806702788,-0.00010672520669210463
AAL_029,AAL_032,0.011198191423940226,0.01130491660598194,-0.00010672518204171352
AAL_087,AAL_086,0.011438243399557268,0.011544966356130894,-0.00010672295657362593
AAL_004,AAL_035,0.010506646821084313,0.01039994233715401,0.00010670448393030295
AAL_015,AAL_087,0.011834115548154864,0.01172741624311759,0.00010669930503727498
AAL_061,AAL_085,0.01106080892854012,0.010954114502161815,0.00010669442637830512
AAL_030,AAL_028,0.010200725050452046,0.010307339036250232,-0.00010661398579818633
AAL_019,AAL_032,0.01076466615837163,0.010871223996742339,-0.00010655783837070984
AAL_019,AAL_034,0.011050112652950562,0.011156662096900324,-0.00010654944394976155
AAL_034,AAL_007,0.010809847872115226,0.010916386155536393,-0.00010653828342116652
AAL_054,AAL_042,0.011057171433304366,0.010950653004938408,0.00010651842836595718
AAL_036,AAL_039,0.01205642530336403,0.011949908704711841,0.0001065165986521878
AAL_021,AAL_061,0.010536970493073264,0.010643429247657803,-0.0001064587545845392
AAL_031,AAL_049,0.010294289326167896,0.010400683383362613,-0.00010639405719471695
AAL_026,AAL_065,0.011255616722150873,0.011149252737148967,0.00010636398500190637
AAL_069,AAL_044,0.01122207685501084,0.01111572453747538,0.00010635231753545853
AAL_008,AAL_048,0.011102438687434437,0.010996120854768504,0.0001063178326659326
AAL_014,AAL_052,0.011173644739911597,0.011067352040437404,0.000106292699474193
AAL_052,AAL_016,0.010595288266961137,0.010489040172240574,0.00010624809472056275
AAL_023,AAL_085,0.012303425138418237,0.012197251537948773,0.00010617360046946342
AAL_055,AAL_011,0.010694469189924052,0.01080054574167684,-0.00010607655175278764
AAL_085,AAL_072,0.010429649838668287,0.01053571991539253,-0.00010607007672424305
AAL_012,AAL_007,0.01130529193000661,0.011199248427751638,0.0001060435022549721
AAL_078,AAL_019,0.011546674222311275,0.011440680893808234,0.00010599332850304115
AAL_036,AAL_023,0.012169842699813282,0.012063852772486417,0.00010598992732686538
AAL_060,AAL_068,0.011602026362640735,0.011707991278422973,-0.0001059649157822383
AAL_035,AAL_087,0.012102785587915752,0.012208743723428278,-0.0001059581355125263
AAL_068,AAL_087,0.01096729248857651,0.010861351411262753,0.00010594107731375785
AAL_047,AAL_065,0.01004506584105647,0.01015100627906491,-0.00010594043800844083
AAL_046,AAL_061,0.010908426088081975,0.011014149473430058,-0.00010572338534808358
AAL_073,AAL_085,0.010342319591496235,0.010447957458219517,-0.00010563786672328213
AAL_026,AAL_044,0.010960257156457529,0.010854634460958447,0.0001056226954990816
AAL_090,AAL_052,0.011203732986289721,0.011098142780326585,0.00010559020596313633
AAL_038,AAL_048,0.011520978787706958,0.011415416037400367,0.00010556275030659118
AAL_035,AAL_063,0.011170530399212088,0.011276010966977617,-0.00010548056776552885
AAL_042,AAL_011,0.011084235545932354,0.011189644026197956,-0.00010540848026560114
AAL_016,AAL_066,0.011292056186506763,0.011397461670337629,-0.00010540548383086538
AAL_055,AAL_035,0.010535530095251325,0.010640832516954052,-0.00010530242170272638
AAL_034,AAL_052,0.009958301235038118,0.010063599543206892,-0.00010529830816877368
AAL_017,AAL_004,0.01025983726637613,0.010365115578006722,-0.00010527831163059144
AAL_008,AAL_076,0.011219916457278479,0.011114639904876945,0.00010527655240153387
AAL_036,AAL_034,0.012568157243852815,0.012462894566283184,0.00010526267756963067
AAL_025,AAL_012,0.010485269839708239,0.010590517033751193,-0.0001052471940429546
AAL_068,AAL_059,0.01104507718880016,0.011150284956854124,-0.0001052077680539637
AAL_067,AAL_028,0.010670782365382481,0.010565595026532414,0.00010518733885006744
AAL_065,AAL_015,0.011924739401692,0.01181955974567543,0.00010517965601656958
AAL_033,AAL_068,0.010858413805134403,0.010963592368637953,-0.00010517856350355029
AAL_086,AAL_045,0.011083555037681108,0.010978415301046507,0.00010513973663460116
AAL_058,AAL_019,0.011007232786530359,0.010902100041619602,0.00010513274491075718
AAL_057,AAL_019,0.011600179940016352,0.011495066716546012,0.00010511322347033988
AAL_062,AAL_028,0.010171703663933227,0.010276772514004122,-0.00010506885007089545
AAL_057,AAL_060,0.011722722029090565,0.0116176786959615,0.00010504333312906511
AAL_075,AAL_077,0.012260737613989757,0.012155721911573528,0.00010501570241622932
AAL_088,AAL_003,0.010962553206894897,0.01085757131852376,0.00010498188837113759
AAL_086,AAL_056,0.011218682554367388,0.011323650018600908,-0.00010496746423352063
AAL_033,AAL_071,0.010635102710997065,0.010740032451915977,-0.00010492974091891143
AAL_027,AAL_080,0.010672103824555619,0.010776951564730101,-0.0001048477401744824
AAL_013,AAL_022,0.010635591629478667,0.01074043432338436,-0.00010484269390569241
AAL_009,AAL_074,0.010872778265824558,0.010767979688350823,0.0001047985774737352
AAL_010,AAL_021,0.011407047458406951,0.011511832542680482,-0.00010478508427353046
AAL_018,AAL_063,0.012899990973627975,0.012795258972045061,0.0001047320015829141
AAL_009,AAL_015,0.012471044826138223,0.012366327981721083,0.00010471684441713987
AAL_074,AAL_022,0.010980008558059732,0.01087537511868897,0.0001046334393707618
AAL_010,AAL_006,0.013114238175778435,0.013218854288235491,-0.0001046161124570559
AAL_049,AAL_034,0.010845845650770089,0.010950425628193703,-0.00010457997742361475
AAL_060,AAL_085,0.010747795466843069,0.010643245610720466,0.00010454985612260229
AAL_079,AAL_037,0.011664046836284619,0.011768577033399648,-0.00010453019711502941
AAL_008,AAL_071,0.011174259800861916,0.0110697578107268,0.00010450199013511616
AAL_023,AAL_070,0.01124313805037393,0.01113865668966294,0.00010448136071099061
AAL_023,AAL_014,0.01060808218545957,0.010712555244509547,-0.00010447305904997747
AAL_065,AAL_026,0.011479221266479446,0.011374777344704858,0.00010444392177458815
AAL_079,AAL_007,0.010896056826807495,0.011000498202594723,-0.00010444137578722798
AAL_037,AAL_088,0.011168136953925475,0.011272523006789442,-0.00010438605286396639
AAL_040,AAL_013,0.010916363533474823,0.011020748411529413,-0.00010438487805458987
AAL_060,AAL_052,0.01227998244178155,0.012175664686997682,0.00010431775478386869
AAL_075,AAL_014,0.011088049397445641,0.010983781822062751,0.00010426757538289054
AAL_068,AAL_004,0.01155398563386347,0.011449795042998886,0.00010419059086458349
AAL_073,AAL_088,0.010228704965601746,0.01033288945742044,-0.00010418449181869363
AAL_050,AAL_055,0.011569654988920968,0.011465472883311454,0.00010418210560951373
AAL_035,AAL_018,0.011205791774341185,0.011309954913208266,-0.0001041631388670819
AAL_083,AAL_075,0.011869673278883226,0.011973805406660064,-0.00010413212777683756
AAL_059,AAL_089,0.011563520414882109,0.011459402652184661,0.00010411776269744766
AAL_067,AAL_034,0.011126899715656271,0.01123101269553598,-0.00010411297987970858
AAL_024,AAL_064,0.01022980454712151,0.010333836307430238,-0.00010403176030872839
AAL_090,AAL_006,0.010727668075591452,0.010831656447489268,-0.00010398837189781567
AAL_067,AAL_033,0.011409892211071191,0.011513867655829076,-0.00010397544475788424
AAL_044,AAL_086,0.01145552457947061,0.011351553385813834,0.00010397119365677596
AAL_012,AAL_058,0.01057999878604379,0.0106839417149463,-0.00010394292890251143
AAL_052,AAL_073,0.010477083404827068,0.010373207398461497,0.00010387600636557054
AAL_076,AAL_073,0.011974048822656529,0.011870209458133867,0.00010383936452266172
AAL_054,AAL_045,0.01167182515685757,0.011568006502450549,0.00010381865440702194
AAL_032,AAL_068,0.011488162488557207,0.011384377604992899,0.00010378488356430765
AAL_076,AAL_010,0.011269872146459598,0.011166228827264705,0.00010364331919489322
AAL_071,AAL_085,0.01087210805585178,0.010975750560685067,-0.0001036425048332873
AAL_050,AAL_042,0.011017860878561424,0.010914224135243419,0.00010363674331800507
AAL_026,AAL_038,0.011217460480048997,0.011113846552079872,0.00010361392796912582
AAL_028,AAL_010,0.010929286806310853,0.011032867483406445,-0.00010358067709559209
AAL_040,AAL_015,0.011199581001001673,0.011303138891442981,-0.00010355789044130814
AAL_013,AAL_027,0.011107238113052316,0.011210733934515906,-0.00010349582146359018
AAL_002,AAL_070,0.011359785026751267,0.011256314728584686,0.0001034702981665813
AAL_026,AAL_051,0.011007394363037031,0.010903935072938947,0.00010345929009808463
AAL_035,AAL_005,0.011728499446892075,0.011831906046394823,-0.00010340659950274812
AAL_003,AAL_087,0.010845775142885171,0.010742426031816833,0.00010334911106833766
AAL_033,AAL_040,0.010625078508025434,0.01052186300945711,0.00010321549856832403
AAL_071,AAL_081,0.010993739472638465,0.011096884186839495,-0.00010314471420102937
AAL_027,AAL_053,0.010886772607381526,0.010989793701092748,-0.00010302109371122109
AAL_069,AAL_043,0.011241657104199896,0.011138653683085595,0.0001030034211143005
AAL_065,AAL_004,0.011623869273954859,0.011520866501068802,0.00010300277288605685
AAL_064,AAL_051,0.010452908837897146,0.010349917900344131,0.00010299093755301511
AAL_073,AAL_018,0.011841989926293366,0.011739036840185634,0.00010295308610773143
AAL_071,AAL_082,0.010942058983999185,0.011044963900804075,-0.00010290491680488983
AAL_050,AAL_022,0.010864180309745746,0.010967083309982757,-0.00010290300023701147
AAL_012,AAL_005,0.010920399935263345,0.010817594401002226,0.00010280553426111894
AAL_077,AAL_073,0.011826157165914137,0.011723364382131816,0.00010279278378232115
AAL_046,AAL_009,0.010905341738755377,0.01100810897529643,-0.0001027672365410525
AAL_071,AAL_074,0.012444061611213872,0.012341332441616443,0.00010272916959742917
AAL_033,AAL_074,0.011035785783464327,0.011138487290637222,-0.00010270150717289414
AAL_007,AAL_032,0.011166811345590867,0.011269494197874447,-0.00010268285228358029
AAL_061,AAL_001,0.012465057606036719,0.012362389580321223,0.00010266802571549591
AAL_018,AAL_024,0.010392261899880365,0.010494891801391435,-0.00010262990151107057
AAL_032,AAL_039,0.011124211514734814,0.011021595383548263,0.00010261613118655102
AAL_044,AAL_037,0.011409662928607347,0.011307065987557395,0.00010259694104995144
AAL_021,AAL_016,0.011178394104951085,0.011280983545477722,-0.00010258944052663616
AAL_038,AAL_045,0.010859526930631608,0.01075696320996317,0.00010256372066843808
AAL_037,AAL_034,0.010846438564949183,0.010744035225500244,0.00010240333944893862
AAL_032,AAL_022,0.011794699680330789,0.011692319955057453,0.00010237972527333584
AAL_086,AAL_028,0.011366489918456756,0.011468857309547607,-0.00010236739109085145
AAL_073,AAL_042,0.011031286074565006,0.010928935870509733,0.00010235020405527373
AAL_061,AAL_087,0.010838793819515496,0.01073650509192985,0.00010228872758564697
AAL_039,AAL_075,0.010674440992486656,0.010776713307919189,-0.000102272315432533
AAL_077,AAL_024,0.010574763330320517,0.010472493082118537,0.0001022702482019796
AAL_041,AAL_011,0.010699523258635886,0.010801724084276272,-0.00010220082564038613
AAL_034,AAL_051,0.010068380454969075,0.010170535413229436,-0.00010215495826036182
AAL_043,AAL_045,0.01283304032105475,0.012935183593360869,-0.00010214327230611935
AAL_072,AAL_057,0.011396008925751233,0.01149812035687804,-0.00010211143112680635
AAL_011,AAL_010,0.01100913572929099,0.010907031549487457,0.0001021041798035336
AAL_044,AAL_049,0.012442003877865326,0.012544095035522215,-0.00010209115765688961
AAL_054,AAL_049,0.012254286149484862,0.01215231052089122,0.00010197562859364136
AAL_035,AAL_086,0.011555749128978604,0.01165767856145615,-0.0001019294324775457
AAL_056,AAL_089,0.01080034190040623,0.010902233953326571,-0.00010189205292034098
AAL_073,AAL_020,0.011149413782195786,0.011047545379078566,0.00010186840311721991
AAL_076,AAL_082,0.011214717896257201,0.01131656355739897,-0.00010184566114176952
AAL_012,AAL_016,0.011841646316023463,0.011739826812027553,0.0001018195039959105
AAL_013,AAL_064,0.0109870384594537,0.010885223614574219,0.00010181484487948103
AAL_069,AAL_076,0.011131393068478022,0.011233194273603022,-0.00010180120512500064
AAL_027,AAL_008,0.010701293093908546,0.010803063129705767,-0.00010177003579722038
AAL_053,AAL_014,0.011672793676615017,0.011571038498198868,0.00010175517841614842
AAL_063,AAL_009,0.011114998400195414,0.011013249859731487,0.00010174854046392755
AAL_069,AAL_045,0.01121133607891826,0.01110959701036697,0.00010173906855128964
AAL_006,AAL_005,0.011960700538375566,0.012062411683683213,-0.00010171114530764698
AAL_017,AAL_074,0.011177867095774183,0.011279566948378353,-0.00010169985260416979
AAL_058,AAL_004,0.010491465349705556,0.010593130022157954,-0.00010166467245239716
AAL_047,AAL_036,0.010384049091456283,0.010485643728938943,-0.0001015946374826604
AAL_017,AAL_018,0.01263693768459444,0.012535363165361265,0.00010157451923317393
AAL_067,AAL_090,0.010913192790049391,0.010811627819376163,0.00010156497067322773
AAL_078,AAL_034,0.011939516338782433,0.01183802997993846,0.00010148635884397322
AAL_069,AAL_059,0.0119361579278882,0.011834774099327346,0.00010138382856085364
AAL_021,AAL_049,0.010738356460809197,0.010839724788446876,-0.00010136832763767839
AAL_033,AAL_069,0.011470588513164438,0.01157193600428903,-0.00010134749112459228
AAL_031,AAL_087,0.011013922942245109,0.010912597061553161,0.00010132588069194752
AAL_040,AAL_021,0.011832010914356662,0.011730785678064556,0.0001012252362921056
AAL_075,AAL_021,0.010885664697688742,0.010784486750089944,0.00010117794759879721
AAL_076,AAL_020,0.011269731554560937,0.011168666371137422,0.0001010651834235151
AAL_046,AAL_059,0.011352391181211187,0.011453452871340529,-0.00010106169012934207
AAL_045,AAL_084,0.010578374658973936,0.010477343063441015,0.00010103159553292128
AAL_084,AAL_024,0.010814243668897284,0.010915237270924204,-0.00010099360202692025
AAL_078,AAL_014,0.01154517819189554,0.011444185583138141,0.0001009926087573998
AAL_078,AAL_039,0.011709258215040224,0.011608336123154862,0.00010092209188536198
AAL_083,AAL_021,0.012124783972389678,0.012225698520228378,-0.00010091454783870031
AAL_069,AAL_081,0.0119615700473993,0.011860698861331117,0.00010087118606818234
AAL_061,AAL_090,0.01145759385684107,0.011356759199378064,0.00010083465746300695
AAL_039,AAL_031,0.010838234506579291,0.010737418663912169,0.00010081584266712247
AAL_084,AAL_041,0.01141311529562132,0.011312312899485564,0.00010080239613575667
AAL_062,AAL_082,0.010759348903472224,0.010658600032514438,0.00010074887095778626
AAL_038,AAL_015,0.010740433250450425,0.010841179301698806,-0.00010074605124838105
AAL_064,AAL_052,0.010705252235723484,0.01060455424188828,0.00010069799383520366
AAL_014,AAL_049,0.011199551976771437,0.011098877524508732,0.00010067445226270497
AAL_088,AAL_031,0.011246025245875502,0.011145480924630283,0.00010054432124521895
AAL_058,AAL_018,0.011672514050991999,0.011571974817099553,0.00010053923389244553
AAL_064,AAL_080,0.011678233959624527,0.011577719861812538,0.00010051409781198888
AAL_039,AAL_086,0.01079747199606246,0.010897950361720829,-0.00010047836565836923
AAL_033,AAL_019,0.01144085757028407,0.011541291036026058,-0.00010043346574198711
AAL_035,AAL_020,0.011084038119476575,0.011184398117232559,-0.00010035999775598325
AAL_069,AAL_027,0.011376787683504641,0.011276436673833183,0.00010035100967145834
AAL_071,AAL_058,0.01075040457300587,0.010850754707460072,-0.00010035013445420203
AAL_060,AAL_057,0.011676235124468803,0.011575901619720252,0.00010033350474855131
AAL_003,AAL_025,0.011346398285613993,0.011246076459180628,0.00010032182643336489
AAL_029,AAL_027,0.010372499224896997,0.010472727262371083,-0.00010022803747408542
AAL_040,AAL_079,0.011386328402699696,0.011286131697926421,0.00010019670477327478
AAL_005,AAL_077,0.011115582088709004,0.011015439320531287,0.00010014276817771686
AAL_052,AAL_039,0.010646416017642388,0.010546286091226946,0.00010012992641544177
AAL_053,AAL_059,0.012433994451983489,0.012333913329554256,0.00010008112242923355
AAL_004,AAL_062,0.010570954095619993,0.010671009672412801,-0.0001000555767928079
AAL_010,AAL_038,0.010894736493977472,0.010994787642237713,-0.0001000511482602412
AAL_063,AAL_041,0.011653916038668308,0.011553872892027606,0.00010004314664070237
AAL_051,AAL_082,0.010415128639174832,0.010315127885685517,0.00010000075348931547
AAL_025,AAL_073,0.010518342381916367,0.010618306469939482,-9.996408802311584e-05
AAL_050,AAL_003,0.01081064112412815,0.0109105637232327,-9.992259910454951e-05
AAL_011,AAL_009,0.01147191597817418,0.011372038137824008,9.987784035017135e-05
AAL_084,AAL_045,0.010536153255524034,0.010436295427696285,9.985782782774913e-05
AAL_036,AAL_030,0.011483093737584785,0.011383266084210452,9.982765337433232e-05
AAL_018,AAL_032,0.011091764280015333,0.011191580980720355,-9.981670070502262e-05
AAL_076,AAL_012,0.011405522984842587,0.011305772195623323,9.975078921926374e-05
AAL_023,AAL_008,0.011125744495572697,0.011225491440935851,-9.97469453631536e-05
AAL_052,AAL_049,0.012995299459315645,0.012895562880147923,9.973657916772204e-05
AAL_055,AAL_074,0.010422997924889255,0.010522726054301037,-9.972812941178195e-05
AAL_015,AAL_039,0.011339145792154675,0.01143886531626912,-9.97195241144444e-05
AAL_090,AAL_041,0.010620455709325835,0.010720137774796403,-9.968206547056845e-05
AAL_013,AAL_012,0.011864023993555933,0.011764382446651572,9.964154690436135e-05
AAL_005,AAL_026,0.011472278193005512,0.011571864116816752,-9.95859238112403e-05
AAL_034,AAL_061,0.010518640842941454,0.010618182779671094,-9.95419367296399e-05
AAL_003,AAL_072,0.010678858293268161,0.010579317006243222,9.95412870249384e-05
AAL_046,AAL_087,0.011182789442041872,0.011083260650004702,9.952879203717e-05
AAL_077,AAL_028,0.010331578339792343,0.010232074978869991,9.950336092235182e-05
AAL_021,AAL_072,0.01194036450698717,0.01184092780052876,9.943670645840876e-05
AAL_018,AAL_031,0.011052375549896278,0.011151806710209355,-9.943116031307757e-05
AAL_073,AAL_023,0.009999963405152034,0.010099394443368645,-9.943103821661095e-05
AAL_068,AAL_014,0.0104977928667178,0.010597190144876244,-9.939727815844353e-05
AAL_052,AAL_079,0.010522793735672012,0.010423400869163183,9.939286650882846e-05
AAL_031,AAL_028,0.011090931395052845,0.010991542925942625,9.938846911022002e-05
AAL_053,AAL_058,0.01164058797682325,0.011541233860215093,9.935411660815657e-05
AAL_058,AAL_080,0.011548727806498352,0.011449390331343297,9.933747515505562e-05
AAL_089,AAL_056,0.011435840863925524,0.011535173219630943,-9.933235570541883e-05
AAL_074,AAL_069,0.010908420814567396,0.011007671588777608,-9.925077421021195e-05
AAL_017,AAL_035,0.010389213555723302,0.010488417651273181,-9.920409554987908e-05
AAL_028,AAL_032,0.011035843808044735,0.01093665102066902,9.919278737571466e-05
AAL_077,AAL_013,0.010910417759217896,0.010811236250230456,9.918150898743927e-05
AAL_060,AAL_089,0.010930365898733975,0.010831205380003595,9.916051873038075e-05
AAL_087,AAL_056,0.011131662968944153,0.011230814379290967,-9.915141034681427e-05
AAL_088,AAL_065,0.011637896098371627,0.011538857088029089,9.903901034253801e-05
AAL_060,AAL_001,0.011786554217672883,0.011687563295492316,9.899092218056647e-05
AAL_061,AAL_029,0.011440481168703519,0.0113415462970179,9.893487168561796e-05
AAL_065,AAL_008,0.01130312055739391,0.011402026096141663,-9.890553874775283e-05
AAL_051,AAL_045,0.011316457960324792,0.011415360278216545,-9.890231789175252e-05
AAL_045,AAL_049,0.012313213481957842,0.012412069672741754,-9.885619078391257e-05
AAL_005,AAL_031,0.01164753870982836,0.011746392123142336,-9.885341331397623e-05
AAL_022,AAL_032,0.011872920014648737,0.011774075011868335,9.884500278040283e-05
AAL_027,AAL_063,0.010537339694813913,0.010636115100040625,-9.877540522671216e-05
AAL_046,AAL_055,0.011468157070712784,0.011369436452391721,9.872061832106281e-05
AAL_085,AAL_045,0.010671521755906507,0.010572816166684734,9.870558922177308e-05
AAL_014,AAL_077,0.011180367784447268,0.011081687274109341,9.868051033792673e-05
AAL_061,AAL_081,0.01122380369820465,0.01112513071753399,9.86729806706603e-05
AAL_075,AAL_086,0.01069120408839777,0.010789875775372272,-9.867168697450315e-05
AAL_067,AAL_024,0.010701812403754164,0.010603216220220325,9.859618353383857e-05
AAL_015,AAL_004,0.011336162686347961,0.011237594419189038,9.856826715892372e-05
AAL_066,AAL_077,0.010502285737958219,0.010403738525827825,9.854721213039402e-05
AAL_074,AAL_052,0.010794947114892496,0.010696408056905932,9.853905798656339e-05
AAL_063,AAL_005,0.011169749240462597,0.011071297964058058,9.845127640453928e-05
AAL_005,AAL_086,0.011039717831354365,0.010941297534585148,9.842029676921694e-05
AAL_067,AAL_062,0.011063943069794366,0.011162235896119262,-9.829282632489549e-05
AAL_042,AAL_089,0.011380065751906771,0.011478339553008749,-9.827380110197757e-05
AAL_008,AAL_023,0.011158798986440923,0.011257066763475279,-9.82677770343561e-05
AAL_024,AAL_020,0.011123932310992964,0.011222173642394856,-9.824133140189269e-05
AAL_017,AAL_079,0.012367188110629208,0.012465416627101803,-9.822851647259441e-05
AAL_065,AAL_061,0.011324555193209369,0.011422743794344199,-9.81886011348302e-05
AAL_008,AAL_006,0.011874670793628719,0.011776506237537778,9.81645560909402e-05
AAL_036,AAL_046,0.012767256209706394,0.012669153141768339,9.810306793805491e-05
AAL_028,AAL_025,0.01224151418472712,0.012143423339402853,9.809084532426578e-05
AAL_071,AAL_055,0.01079985199090189,0.010897937914814162,-9.808592391227257e-05
AAL_059,AAL_032,0.010468546971758334,0.010566628200669887,-9.808122891155277e-05
AAL_062,AAL_001,0.011490883265868721,0.011392824067537749,9.805919833097247e-05
AAL_054,AAL_066,0.010866853647316113,0.010768811336300213,9.804231101590011e-05
AAL_025,AAL_062,0.010384980191150282,0.010483020380435155,-9.804018928487312e-05
AAL_029,AAL_003,0.010535581455303308,0.010633604809013254,-9.802335370994592e-05
AAL_044,AAL_030,0.011181973826347126,0.011083960625581054,9.80132007660714e-05
AAL_090,AAL_089,0.011463792007575687,0.01156178347895814,-9.799147138245257e-05
AAL_012,AAL_071,0.01085920438456994,0.010761228549495228,9.797583507471092e-05
AAL_005,AAL_039,0.011187007620882912,0.011284941897517251,-9.793427663433961e-05
AAL_040,AAL_066,0.011321464913666375,0.011419378119352142,-9.791320568576685e-05
AAL_068,AAL_052,0.011067485661667764,0.011165378414205375,-9.789275253761082e-05
AAL_010,AAL_080,0.010948630085644813,0.011046515650603522,-9.788556495870897e-05
AAL_006,AAL_067,0.010885259094767464,0.010787391591419653,9.78675033478111e-05
AAL_052,AAL_059,0.011505948580626367,0.011408260942577724,9.768763804864251e-05
AAL_090,AAL_004,0.010817039493296264,0.010914649476965072,-9.76099836688081e-05
AAL_026,AAL_071,0.010824552269525126,0.010726952190434666,9.760007909045965e-05
AAL_069,AAL_013,0.011248403390009817,0.011150870271138015,9.753311887180163e-05
AAL_032,AAL_076,0.011526497634143656,0.011428970325895339,9.752730824831753e-05
AAL_004,AAL_085,0.010742621086378638,0.010645109813466261,9.75112729123765e-05
AAL_011,AAL_026,0.0104367267459822,0.010534151103671075,-9.742435768887552e-05
AAL_018,AAL_067,0.010944973265465636,0.011042364701979952,-9.73914365143165e-05
AAL_014,AAL_062,0.01229261325345908,0.01219523918558439,9.737406787468927e-05
AAL_028,AAL_027,0.012782305771580491,0.012879660219028038,-9.735444744754691e-05
AAL_034,AAL_049,0.010062011512012308,0.01015933943454814,-9.732792253583193e-05
AAL_053,AAL_069,0.011589012703754835,0.01149170334328419,9.730936047064494e-05
AAL_067,AAL_055,0.011009917887023244,0.010912739618614354,9.717826840889045e-05
AAL_042,AAL_041,0.012604223460786872,0.012507056877497704,9.716658328916793e-05
AAL_087,AAL_027,0.011753593885904958,0.011656443916593977,9.714996931098167e-05
AAL_090,AAL_026,0.010620904961027779,0.010718041635753944,-9.713667472616497e-05
AAL_054,AAL_061,0.01077197178099782,0.010674886978589572,9.708480240824824e-05
AAL_088,AAL_083,0.012108523613558365,0.012205605836534322,-9.708222297595721e-05
AAL_027,AAL_074,0.010613957294621147,0.010711026507390493,-9.706921276934552e-05
AAL_052,AAL_057,0.010799502721056342,0.010702468676691316,9.703404436502659e-05
AAL_032,AAL_029,0.01136100496380375,0.011457964294952879,-9.695933114912958e-05
AAL_033,AAL_075,0.01111406410455258,0.011210947274403743,-9.688316985116338e-05
AAL_070,AAL_077,0.010740622862154601,0.010837473224839266,-9.68503626846643e-05
AAL_021,AAL_052,0.010760250047613412,0.01085702317163681,-9.67731240233971e-05
AAL_074,AAL_035,0.010802553489040106,0.01070588911252637,9.666437651373663e-05
AAL_025,AAL_029,0.010562895570332423,0.010659506239422202,-9.661066908977882e-05
AAL_086,AAL_011,0.011047356700301807,0.011143951588968928,-9.659488866712099e-05
AAL_013,AAL_065,0.011558085538717544,0.011461584398952814,9.650113976472988e-05
AAL_090,AAL_039,0.010988034855208209,0.011084531639557027,-9.649678434881827e-05
AAL_011,AAL_019,0.011650021388951657,0.011553581327976424,9.644006097523326e-05
AAL_035,AAL_028,0.012307167664154345,0.012210744805171828,9.642285898251758e-05
AAL_076,AAL_014,0.011368877944958389,0.011272457044654833,9.64209003035555e-05
AAL_056,AAL_026,0.010707109372537488,0.01080352514658687,-9.641577404938262e-05
AAL_015,AAL_038,0.010969708422915293,0.011066121005316822,-9.641258240152863e-05
AAL_085,AAL_059,0.010594039540499067,0.010497637890353245,9.640165014582203e-05
AAL_046,AAL_026,0.011635709245506132,0.011539309153855587,9.640009165054475e-05
AAL_050,AAL_082,0.011165541326069934,0.011069184751538721,9.63565745312131e-05
AAL_007,AAL_086,0.010876168944657994,0.01077981677285347,9.635217180452467e-05
AAL_076,AAL_023,0.011087320731061265,0.010990995611006362,9.632512005490305e-05
AAL_073,AAL_067,0.010387438954387465,0.010483734362825714,-9.629540843824821e-05
AAL_085,AAL_036,0.010629466442295756,0.010725722403240115,-9.625596094435876e-05
AAL_050,AAL_046,0.013309071708120342,0.01340531086359663,-9.62391554762878e-05
AAL_072,AAL_082,0.011617415248312883,0.011713646685071383,-9.62314367584996e-05
AAL_012,AAL_052,0.01088527923163313,0.010789101862489586,9.617736914354497e-05
AAL_018,AAL_064,0.013147955808119897,0.013051814099232997,9.614170888689981e-05
AAL_061,AAL_012,0.01157266071711022,0.011476525946730567,9.613477037965362e-05
AAL_066,AAL_003,0.011122378041076228,0.011026248557691834,9.612948338439363e-05
AAL_080,AAL_049,0.010205385730896369,0.010301509929853249,-9.612419895688e-05
AAL_040,AAL_034,0.011140245044779064,0.01104416148898841,9.608355579065336e-05
AAL_032,AAL_004,0.011825546781476745,0.011729515897151701,9.603088432504417e-05
AAL_027,AAL_087,0.011769855476549676,0.011673846859808447,9.600861674122912e-05
AAL_009,AAL_028,0.01148451261747724,0.011388517920824494,9.59946966527462e-05
AAL_012,AAL_030,0.011815627593085425,0.011719710242104886,9.591735098053895e-05
AAL_032,AAL_001,0.010365963825940067,0.010461799576231475,-9.583575029140784e-05
AAL_071,AAL_005,0.011419889266387774,0.01132405724459635,9.583202179142339e-05
AAL_032,AAL_011,0.010723412247836335,0.010819235023933811,-9.582277609747683e-05
AAL_038,AAL_046,0.0110042309627319,0.010908461009468837,9.576995326306299e-05
AAL_017,AAL_036,0.010256179508904362,0.010351915171291337,-9.57356623869747e-05
AAL_012,AAL_077,0.01103876223668265,0.010943053227851616,9.570900883103424e-05
AAL_076,AAL_011,0.011251013302124845,0.011155320678100397,9.569262402444809e-05
AAL_063,AAL_078,0.011191144935850404,0.011286832849788606,-9.568791393820171e-05
AAL_053,AAL_018,0.011407043782866791,0.011311363835562548,9.567994730424328e-05
AAL_080,AAL_050,0.010434915458894948,0.01053056051774371,-9.564505884876277e-05
AAL_004,AAL_058,0.010319659052591803,0.010415237403888413,-9.557835129661053e-05
AAL_077,AAL_058,0.010797950299854716,0.01089350913163672,-9.555883178200344e-05
AAL_008,AAL_024,0.011777260730791295,0.011872755134797125,-9.549440400583031e-05
AAL_059,AAL_078,0.010879395117696661,0.010974882965533077,-9.548784783641566e-05
AAL_069,AAL_002,0.012211452492982404,0.012116003074399,9.544941858340497e-05
AAL_086,AAL_089,0.01144208312114207,0.011537525354521742,-9.54422333796709e-05
AAL_071,AAL_018,0.011064986489378871,0.011160423745754783,-9.543725637591212e-05
AAL_031,AAL_030,0.011054212145873496,0.011149648687901628,-9.543654202813154e-05
AAL_080,AAL_048,0.010427098102374082,0.010522514216546385,-9.541611417230277e-05
AAL_053,AAL_041,0.0114839363994443,0.011388522156840076,9.541424260422517e-05
AAL_047,AAL_035,0.010365688029087635,0.01046098986867048,-9.530183958284498e-05
AAL_063,AAL_082,0.012424866079838358,0.0123295793379137,9.528674192465711e-05
AAL_038,AAL_025,0.011124689776736956,0.011029442337806112,9.524743893084449e-05
AAL_057,AAL_066,0.010797814818290181,0.010893049208498179,-9.523439020799745e-05
AAL_034,AAL_002,0.010553990880775655,0.010649221845285472,-9.523096450981747e-05
AAL_034,AAL_057,0.010391334443886438,0.010486520443194853,-9.51859993084149e-05
AAL_021,AAL_075,0.01102470900887289,0.010929577817525668,9.513119134722282e-05
AAL_055,AAL_041,0.010983356981116355,0.011078456971359904,-9.509999024354988e-05
AAL_015,AAL_009,0.012451742503107486,0.012356657421599991,9.508508150749516e-05
AAL_071,AAL_086,0.010782252477768522,0.010877320034517248,-9.506755674872601e-05
AAL_017,AAL_031,0.010537017186562348,0.010632074932583953,-9.505774602160469e-05
AAL_004,AAL_067,0.010571833837252015,0.010476834087565579,9.499974968643632e-05
AAL_033,AAL_065,0.010483975611770382,0.010578914570897152,-9.493895912677033e-05
AAL_076,AAL_042,0.011745791426565275,0.011650872481501576,9.491894506369856e-05
AAL_063,AAL_081,0.01261740048121438,0.012522486124012074,9.491435720230569e-05
AAL_005,AAL_085,0.011276187781148996,0.011181273724116552,9.49140570324445e-05
AAL_074,AAL_012,0.011301173062390115,0.011206261795152802,9.491126723731348e-05
AAL_064,AAL_057,0.011680426376545403,0.011585545319389025,9.488105715637837e-05
AAL_006,AAL_036,0.011426460393903475,0.011331689074894334,9.477131900914072e-05
AAL_007,AAL_074,0.01092654520757178,0.010831792314280352,9.47528932914287e-05
AAL_071,AAL_036,0.011149672176450109,0.011054989433484545,9.468274296556452e-05
AAL_072,AAL_054,0.011813508249166558,0.0119081453672118,-9.463711804524183e-05
AAL_088,AAL_082,0.010863828894674268,0.010958456549858189,-9.462765518392091e-05
AAL_074,AAL_085,0.01070125106897237,0.01079583490179579,-9.458383282342012e-05
AAL_070,AAL_053,0.011062446597597411,0.010967897974583262,9.45486230141488e-05
AAL_005,AAL_022,0.011449597312264845,0.011544141911487869,-9.454459922302386e-05
AAL_035,AAL_004,0.011747845068462512,0.011653302010916007,9.454305754650477e-05
AAL_038,AAL_033,0.010794485206755564,0.010699953879264389,9.453132749117493e-05
AAL_029,AAL_026,0.010125164384356676,0.010219674714593674,-9.451033023699824e-05
AAL_063,AAL_007,0.011373392990830108,0.01127888448536396,9.45085054661482e-05
AAL_057,AAL_036,0.01072587395230165,0.010820351411627776,-9.447745932612654e-05
AAL_006,AAL_077,0.010606883079784676,0.010512521807058129,9.436127272654735e-05
AAL_078,AAL_018,0.011538973834333766,0.011633319419718558,-9.434558538479187e-05
AAL_012,AAL_057,0.010582483735763364,0.010676829162846428,-9.434542708306425e-05
AAL_018,AAL_006,0.010709402816067649,0.01080373011843738,-9.432730236973164e-05
AAL_074,AAL_062,0.011023985830923686,0.010929673198360959,9.431263256272707e-05
AAL_005,AAL_046,0.011043388440281663,0.01113765803223508,-9.426959195341783e-05
AAL_018,AAL_074,0.011944831237515323,0.012039068832106094,-9.42375945907712e-05
AAL_058,AAL_076,0.010388200390192434,0.010482435717845968,-9.423532765353432e-05
AAL_082,AAL_038,0.010601052799477028,0.010695235054967717,-9.418225549068932e-05
AAL_071,AAL_054,0.01093583400799041,0.01103000869979116,-9.417469180074932e-05
AAL_022,AAL_087,0.011540051848173905,0.01144589506847687,9.415677969703586e-05
AAL_008,AAL_066,0.012851433022520863,0.012757367207194972,9.406581532589095e-05
AAL_008,AAL_073,0.011004029293584391,0.010909970967612106,9.405832597228492e-05
AAL_073,AAL_068,0.009973117134446262,0.010067168322782363,-9.405118833610143e-05
AAL_038,AAL_003,0.010590246968114605,0.010496236915438998,9.40100526756072e-05
AAL_072,AAL_018,0.011896285676182462,0.01199024320157157,-9.395752538910764e-05
AAL_041,AAL_075,0.011294737685089692,0.011388671427281116,-9.393374219142381e-05
AAL_012,AAL_075,0.011084165734549364,0.010990296532087971,9.386920246139303e-05
AAL_013,AAL_033,0.010883936153040228,0.010790085329884482,9.385082315574618e-05
AAL_030,AAL_014,0.011868048769732317,0.011774208835758287,9.383993397403013e-05
AAL_057,AAL_064,0.012338287189093411,0.012244448588037905,9.383860105550632e-05
AAL_087,AAL_032,0.011185076758345095,0.011091268697647243,9.380806069785204e-05
AAL_030,AAL_073,0.012668685422430182,0.012574952809838,9.373261259218099e-05
AAL_003,AAL_085,0.011151528161050927,0.01105783194090903,9.369622014189678e-05
AAL_015,AAL_071,0.011144855871605568,0.011238535091964985,-9.36792203594175e-05
AAL_029,AAL_022,0.010687485138256835,0.010781118117051,-9.363297879416525e-05
AAL_009,AAL_066,0.011445467519518146,0.011351836697376395,9.363082214175131e-05
AAL_007,AAL_081,0.010572604385292174,0.01066621397587265,-9.360959058047659e-05
AAL_039,AAL_032,0.010833185653671877,0.010739590304790448,9.359534888142909e-05
AAL_080,AAL_067,0.010505486409076385,0.010598997795774091,-9.351138669770609e-05
AAL_011,AAL_062,0.01123202363283843,0.011138554979069504,9.346865376892548e-05
AAL_069,AAL_025,0.011263483697468908,0.011170018205497756,9.346549197115223e-05
AAL_087,AAL_083,0.0122613876632168,0.012354848525087088,-9.346086187028875e-05
AAL_088,AAL_023,0.01179081730496807,0.01169739118904319,9.342611592487969e-05
AAL_073,AAL_008,0.01048999343218648,0.010396631961461924,9.33614707245567e-05
AAL_078,AAL_043,0.011579061132003991,0.01148580135569605,9.325977630794159e-05
AAL_052,AAL_051,0.012540135013226133,0.012446898072680675,9.32369405454575e-05
AAL_012,AAL_049,0.01084505886826505,0.010751829131346926,9.322973691812397e-05
AAL_051,AAL_079,0.010297751436248804,0.010204547577105445,9.320385914335892e-05
AAL_007,AAL_066,0.011474701579914898,0.011381520099346306,9.318148056859134e-05
AAL_023,AAL_003,0.01261566182733792,0.012522510169697902,9.315165764001848e-05
AAL_047,AAL_078,0.01046465685328421,0.010557803376196483,-9.314652291227306e-05
AAL_058,AAL_034,0.01082702036588811,0.01092015482975221,-9.313446386409983e-05
AAL_001,AAL_013,0.011511179727987729,0.011418047210862559,9.313251712517005e-05
AAL_061,AAL_057,0.011863191028993227,0.011770103025081436,9.308800391179088e-05
AAL_058,AAL_045,0.01067245608338943,0.010579401474658669,9.305460873076064e-05
AAL_010,AAL_031,0.011226013523693651,0.011319045081420365,-9.303155772671413e-05
AAL_062,AAL_055,0.010720579668035747,0.01062765291362779,9.29267544079581e-05
AAL_076,AAL_044,0.011030110468865078,0.01093723578031912,9.287468854595783e-05
AAL_034,AAL_062,0.01051747438728682,0.010610339439776784,-9.286505248996477e-05
AAL_063,AAL_055,0.01127034687023196,0.011177529539293598,9.281733093836203e-05
AAL_035,AAL_068,0.012599587585761124,0.012506793775403913,9.279381035721089e-05
AAL_029,AAL_012,0.011394388287161022,0.011301654203801829,9.273408335919338e-05
AAL_013,AAL_089,0.011572076039563896,0.011479375218376333,9.270082118756351e-05
AAL_009,AAL_075,0.010949820717876283,0.01085716180004198,9.265891783430402e-05
AAL_033,AAL_077,0.011117439943914995,0.011210059680081626,-9.261973616663151e-05
AAL_037,AAL_033,0.010926549390563343,0.010833974118822857,9.257527174048527e-05
AAL_058,AAL_047,0.010777585490996767,0.010685072606313909,9.251288468285768e-05
AAL_026,AAL_022,0.011958359153622873,0.011865850068887617,9.25090847352563e-05
AAL_088,AAL_081,0.010926752506444851,0.01101922385496256,-9.24713485177097e-05
AAL_070,AAL_078,0.010761342719834074,0.010853803765130399,-9.246104529632426e-05
AAL_088,AAL_046,0.011042996980329482,0.010950538198054577,9.24587822749047e-05
AAL_005,AAL_061,0.011601320436049221,0.011693726852998396,-9.240641694917458e-05
AAL_060,AAL_013,0.011024915645074131,0.010932538824770646,9.237682030348478e-05
AAL_035,AAL_041,0.01164858697109625,0.011740961024264987,-9.237405316873774e-05
AAL_074,AAL_009,0.010800144613250835,0.010707835089091776,9.230952415905866e-05
AAL_013,AAL_062,0.011408946252006114,0.011316676755844806,9.226949616130721e-05
AAL_089,AAL_010,0.011612625460291648,0.011520367744320971,9.225771597067695e-05
AAL_043,AAL_051,0.012012791521369647,0.012104942419429866,-9.215089806021912e-05
AAL_052,AAL_075,0.010510555635660123,0.010418420024308614,9.213561135150948e-05
AAL_062,AAL_018,0.011242148760929067,0.011150030040230704,9.211872069836251e-05
AAL_018,AAL_017,0.013323509426883016,0.013231456305175355,9.205312170766124e-05
AAL_054,AAL_082,0.011039783475665838,0.010947763254269773,9.202022139606462e-05
AAL_086,AAL_054,0.011108506309728209,0.011200491031608717,-9.198472188050831e-05
AAL_042,AAL_090,0.011565541743070014,0.011657484624507114,-9.194288143709976e-05
AAL_087,AAL_022,0.011526409456999892,0.011434491952562303,9.191750443758931e-05
AAL_028,AAL_018,0.010164152588058487,0.010256061792632486,-9.19092045739995e-05
AAL_041,AAL_013,0.010773921445107613,0.010865812527279256,-9.189108217164295e-05
AAL_085,AAL_014,0.01050953971596164,0.010601429240986076,-9.18895250244349e-05
AAL_037,AAL_070,0.010802567444948686,0.010894376756831374,-9.180931188268807e-05
AAL_072,AAL_088,0.01216392821043284,0.012255727678592832,-9.179946815999172e-05
AAL_037,AAL_054,0.010875618318095803,0.010967406631440442,-9.178831334463906e-05
AAL_011,AAL_069,0.010955595423300296,0.010863812702705635,9.178272059466065e-05
AAL_022,AAL_034,0.010823785088574275,0.010732009801227904,9.177528734637119e-05
AAL_038,AAL_066,0.010843701023831327,0.010935461407448754,-9.176038361742751e-05
AAL_035,AAL_066,0.012244192966952538,0.01215247931675269,9.17136501998473e-05
AAL_034,AAL_037,0.010262958022853376,0.010171282618184096,9.167540466928012e-05
AAL_064,AAL_030,0.011532798608462526,0.011441125432791988,9.16731756705376e-05
AAL_080,AAL_025,0.010348182750674777,0.010439843175096192,-9.166042442141503e-05
AAL_076,AAL_049,0.010795031944847005,0.010703415300225649,9.161664462135552e-05
AAL_033,AAL_045,0.011015793893677302,0.011107401027998173,-9.160713432087089e-05
AAL_024,AAL_003,0.012006303381063363,0.01191470063021106,9.160275085230186e-05
AAL_015,AAL_044,0.01081124110879679,0.010719664441074982,9.157666772180786e-05
AAL_056,AAL_071,0.010481304473156093,0.010572820781700073,-9.151630854398012e-05
AAL_012,AAL_066,0.011806505107376566,0.011715066369632189,9.143873774437698e-05
AAL_076,AAL_066,0.011017714229086015,0.010926291418190185,9.142281089583038e-05
AAL_075,AAL_029,0.011541977379486984,0.011633287727019331,-9.131034753234735e-05
AAL_040,AAL_068,0.011538294583765997,0.011447007712392742,9.128687137325425e-05
AAL_086,AAL_024,0.011625056700287467,0.011716333217918873,-9.1276517631406e-05
AAL_018,AAL_061,0.011627357236197235,0.011536109115623363,9.124812057387244e-05
AAL_061,AAL_032,0.010613001859149871,0.010704206261164497,-9.12044020146257e-05
AAL_009,AAL_083,0.01112063374155416,0.011029458983752774,9.11747578013853e-05
AAL_077,AAL_031,0.010916045829096539,0.010824957287063817,9.108854203272211e-05
AAL_035,AAL_076,0.011829874410620358,0.011738796397193194,9.107801342716354e-05
AAL_069,AAL_086,0.011381004817592792,0.011289955327107061,9.104949048573119e-05
AAL_080,AAL_082,0.012098627352020424,0.012189630465235368,-9.100311321494359e-05
AAL_030,AAL_023,0.010209266482414598,0.010300242000030673,-9.097551761607509e-05
AAL_049,AAL_014,0.011315752013833223,0.011224790524793027,9.0961489040196e-05
AAL_067,AAL_066,0.011108717248321343,0.011017775250871484,9.094199744985945e-05
AAL_028,AAL_074,0.010378416946046373,0.010469317928455752,-9.09009824093792e-05
AAL_031,AAL_039,0.010895236771410475,0.010804353651611445,9.088311979903001e-05
AAL_087,AAL_031,0.011232409564555328,0.011141666902169105,9.074266238622355e-05
AAL_004,AAL_020,0.010808913262051523,0.010899607928714741,-9.069466666321822e-05
AAL_009,AAL_025,0.011611941119289806,0.01170261676836916,-9.067564907935463e-05
AAL_040,AAL_086,0.011332563025096798,0.011423198409175163,-9.063538407836497e-05
AAL_061,AAL_036,0.011100991113652658,0.011191455328434928,-9.046421478227026e-05
AAL_057,AAL_012,0.01089937749525739,0.010989827457491873,-9.044996223448246e-05
AAL_037,AAL_076,0.01122003280494012,0.011310475266009347,-9.044246106922754e-05
AAL_014,AAL_090,0.01128037247615747,0.011370794004102056,-9.042152794458587e-05
AAL_040,AAL_001,0.010853066433491742,0.010943470432633353,-9.040399914161078e-05
AAL_055,AAL_026,0.010694907413015509,0.010785267036639283,-9.035962362377407e-05
AAL_046,AAL_045,0.013591156185915073,0.013681420259103733,-9.026407318865962e-05
AAL_026,AAL_088,0.011431575607524341,0.01134134018354617,9.023542397817129e-05
AAL_084,AAL_071,0.010639713796524283,0.010729929138779196,-9.021534225491304e-05
AAL_040,AAL_031,0.011318138080179436,0.011227974007206579,9.016407297285714e-05
AAL_017,AAL_067,0.01060183785465729,0.01069198530999292,-9.014745533562907e-05
AAL_035,AAL_037,0.011789526593369933,0.011879624355186896,-9.009776181696273e-05
AAL_058,AAL_032,0.010149598318653611,0.010239649307509658,-9.00509888560469e-05
AAL_003,AAL_030,0.010281036347230403,0.010371045167869877,-9.000882063947384e-05
AAL_026,AAL_077,0.010381574547475474,0.010291625315753313,8.994923172216118e-05
AAL_045,AAL_088,0.010555849810584616,0.010465905174298707,8.994463628590917e-05
AAL_072,AAL_026,0.012686905544649204,0.01259696162155559,8.994392309361401e-05
AAL_090,AAL_074,0.01035918357869626,0.010449126797263735,-8.99432185674752e-05
AAL_057,AAL_061,0.01187108022471269,0.011781142539259222,8.99376854534683e-05
AAL_038,AAL_087,0.011238223920838956,0.011328138064398955,-8.991414355999892e-05
AAL_049,AAL_032,0.010582845857064439,0.010672756214221714,-8.991035715727458e-05
AAL_072,AAL_020,0.01167822988011325,0.011588348403905817,8.988147620743285e-05
AAL_007,AAL_068,0.011248424736798828,0.011338270904852203,-8.984616805337436e-05
AAL_019,AAL_069,0.011357917384698223,0.011268074709746442,8.984267495178166e-05
AAL_070,AAL_088,0.010947400578655876,0.010857587049324666,8.981352933121016e-05
AAL_027,AAL_049,0.010785159398204623,0.010874971294447446,-8.981189624282342e-05
AAL_042,AAL_023,0.011061570660855908,0.01115131107789855,-8.974041704264135e-05
AAL_045,AAL_055,0.010950254753996164,0.01086053764794216,8.97171060540037e-05
AAL_009,AAL_086,0.010827330749036156,0.010737626896547177,8.970385248897872e-05
AAL_080,AAL_062,0.010609863779674739,0.01069946141298814,-8.959763331340201e-05
AAL_045,AAL_056,0.011691460963020213,0.011601885692875083,8.957527014512995e-05
AAL_018,AAL_075,0.011876185470396,0.01196565438829196,-8.946891789595943e-05
AAL_023,AAL_078,0.01109810542060524,0.011008659336096595,8.944608450864484e-05
AAL_060,AAL_006,0.011006480707731256,0.010917052573457398,8.942813427385843e-05
AAL_027,AAL_025,0.012443468159733292,0.012532884527746561,-8.941636801326931e-05
AAL_061,AAL_031,0.010734256951966219,0.010823650639180659,-8.939368721443998e-05
AAL_076,AAL_004,0.011080340717115209,0.010990969143419644,8.937157369556456e-05
AAL_034,AAL_001,0.010378837153618025,0.010468187282051402,-8.935012843337697e-05
AAL_036,AAL_081,0.011327373964361783,0.011416723052728412,-8.934908836662897e-05
AAL_043,AAL_015,0.010881917837720651,0.010792649103786158,8.926873393449303e-05
AAL_049,AAL_028,0.01091194292729418,0.011001183464198786,-8.924053690460669e-05
AAL_050,AAL_064,0.011350681404304555,0.01126144473988646,8.923666441809468e-05
AAL_022,AAL_037,0.01125495502144162,0.01116574291953304,8.92121019085805e-05
AAL_004,AAL_043,0.010298626586938133,0.010209430965869954,8.919562106817977e-05
AAL_046,AAL_028,0.011257728549818963,0.011168541825808603,8.918672401036012e-05
AAL_045,AAL_032,0.010770056621593416,0.010859229465572178,-8.917284397876209e-05
AAL_024,AAL_057,0.010665351447338859,0.01075450604823106,-8.915460089220159e-05
AAL_066,AAL_070,0.010583279505133247,0.010672432033081653,-8.915252794840581e-05
AAL_013,AAL_006,0.01085301638684339,0.010942153383055632,-8.913699621224125e-05
AAL_053,AAL_056,0.012346582447425423,0.012257469739422905,8.911270800251829e-05
AAL_008,AAL_037,0.010698664525491942,0.010609573991992338,8.909053349960387e-05
AAL_024,AAL_058,0.010702376027042285,0.01079144002523079,-8.906399818850615e-05
AAL_025,AAL_026,0.013232588656565063,0.013143533487196447,8.90551693686157e-05
AAL_022,AAL_003,0.010878908843932372,0.010789862947154873,8.904589677749888e-05
AAL_054,AAL_006,0.010973796355896272,0.010884777067353944,8.901928854232813e-05
AAL_053,AAL_063,0.011570746146747444,0.011481734029671394,8.901211707604967e-05
AAL_034,AAL_045,0.010542477948718473,0.010631471992500367,-8.899404378189327e-05
AAL_012,AAL_045,0.010709997875472674,0.010621040662006469,8.89572134662054e-05
AAL_056,AAL_040,0.011487106378707621,0.011576061661611715,-8.895528290409419e-05
AAL_079,AAL_066,0.010961592629249407,0.011050490167907094,-8.889753865768714e-05
AAL_041,AAL_088,0.011205534798960783,0.01129440314808939,-8.886834912860686e-05
AAL_050,AAL_041,0.011015076158393143,0.010926311456646872,8.876470174627032e-05
AAL_025,AAL_007,0.011013661103291262,0.011102386355104282,-8.872525181301966e-05
AAL_064,AAL_041,0.010777684973361783,0.01068897100475157,8.871396861021355e-05
AAL_017,AAL_063,0.012486314757241525,0.012397627824589277,8.868693265224811e-05
AAL_019,AAL_070,0.011064077709586574,0.010975408587355176,8.866912223139817e-05
AAL_049,AAL_090,0.011638642742465705,0.011549975568192917,8.866717427278778e-05
AAL_009,AAL_088,0.010960911792647252,0.010872248012489332,8.866378015792015e-05
AAL_067,AAL_089,0.010801926728847444,0.010713270539533411,8.865618931403266e-05
AAL_077,AAL_019,0.011075259797259146,0.010986607031845869,8.865276541327773e-05
AAL_019,AAL_002,0.011164281182946304,0.011075645571958191,8.863561098811264e-05
AAL_043,AAL_049,0.012391114892024133,0.012479708335886967,-8.85934438628333e-05
AAL_034,AAL_046,0.010584041808580613,0.01067260987409587,-8.856806551525709e-05
AAL_035,AAL_022,0.012363464581485614,0.01227489665899398,8.856792249163463e-05
AAL_076,AAL_065,0.011064680183752097,0.010976114224818149,8.856595893394839e-05
AAL_070,AAL_012,0.010663140167155836,0.010751697803309035,-8.855763615319909e-05
AAL_026,AAL_048,0.01079254790654995,0.010704023627189934,8.852427936001557e-05
AAL_033,AAL_038,0.010644379913663635,0.010555925083441414,8.84548302222208e-05
AAL_083,AAL_064,0.011574479918449353,0.011662926182853377,-8.844626440402369e-05
AAL_011,AAL_020,0.011306603007321047,0.0112181592815863,8.844372573474715e-05
AAL_048,AAL_052,0.011642616297890488,0.011731046649440198,-8.843035154970993e-05
AAL_035,AAL_019,0.011477246371089902,0.011565625870937745,-8.837949984784321e-05
AAL_002,AAL_029,0.010831328910878964,0.010742960950687861,8.836796019110263e-05
AAL_041,AAL_003,0.010422455371779382,0.010510802580963442,-8.834720918405974e-05
AAL_070,AAL_087,0.010946035018970823,0.010857698761814137,8.833625715668619e-05
AAL_072,AAL_044,0.01193088999328514,0.011842622844590147,8.826714869499333e-05
AAL_051,AAL_043,0.01134438550250971,0.011432627888474956,-8.82423859652464e-05
AAL_010,AAL_018,0.01100950154205227,0.01109770584444772,-8.820430239544867e-05
AAL_068,AAL_090,0.01107604098585872,0.010987860333202199,8.818065265652104e-05
AAL_032,AAL_014,0.010870889191412263,0.010959069759910811,-8.818056849854879e-05
AAL_032,AAL_060,0.010289845323492574,0.01037801257923948,-8.81672557469064e-05
AAL_002,AAL_057,0.011439396866445994,0.011351253650158126,8.814321628786842e-05
AAL_085,AAL_013,0.01102633247924093,0.011114430105401476,-8.809762616054581e-05
AAL_009,AAL_021,0.011270025679364037,0.011358114994748059,-8.808931538402225e-05
AAL_035,AAL_070,0.011415161731708636,0.011503185341989727,-8.802361028109086e-05
AAL_024,AAL_008,0.011633859547332693,0.01172185164619764,-8.799209886494776e-05
AAL_010,AAL_039,0.010976518436661389,0.011064493340017186,-8.79749033557975e-05
AAL_033,AAL_062,0.011054166700117864,0.011142093267652297,-8.792656753443297e-05
AAL_061,AAL_086,0.010893052927433299,0.010805143789843501,8.790913758979779e-05
AAL_034,AAL_020,0.011012176459687006,0.011100064524017256,-8.78880643302507e-05
AAL_018,AAL_028,0.010555648867789114,0.0106435359106688,-8.788704287968595e-05
AAL_042,AAL_069,0.011382733453781558,0.0114706173243357,-8.788387055414133e-05
AAL_060,AAL_034,0.011161446260909239,0.011249324946985498,-8.787868607625961e-05
AAL_028,AAL_042,0.010942196791880151,0.01102999064646125,-8.779385458109953e-05
AAL_072,AAL_007,0.011638802872238379,0.011551012220346454,8.77906518919249e-05
AAL_076,AAL_043,0.011042119929184899,0.010954364468678647,8.775546050625131e-05
AAL_004,AAL_003,0.011311940468736311,0.011224194094723567,8.774637401274404e-05
AAL_008,AAL_089,0.011167585549271133,0.011079853543868432,8.773200540270094e-05
AAL_055,AAL_021,0.010637870723079158,0.010725596732466895,-8.772600938773689e-05
AAL_043,AAL_016,0.010876668529569084,0.010788972094359233,8.769643520985075e-05
AAL_021,AAL_071,0.011792033431160018,0.01170434030905255,8.769312210746803e-05
AAL_002,AAL_062,0.01193025240348254,0.011842591496226065,8.766090725647463e-05
AAL_037,AAL_069,0.010867462809890127,0.010955110550499879,-8.764774060975207e-05
AAL_010,AAL_007,0.011958423761141479,0.01204595125971302,-8.75274985715404e-05
AAL_028,AAL_055,0.011023958661378576,0.011111476400834751,-8.751773945617561e-05
AAL_023,AAL_035,0.011851615899314102,0.011764137626674128,8.74782726399733e-05
AAL_061,AAL_079,0.011185872269014263,0.011098400555625004,8.747171338925955e-05
AAL_050,AAL_067,0.011669752970099067,0.011757199987584248,-8.744701748518088e-05
AAL_079,AAL_010,0.011082551115725795,0.011169977657145662,-8.74265414198671e-05
AAL_028,AAL_053,0.010664514303764598,0.010751922755841877,-8.740845207727901e-05
AAL_039,AAL_034,0.010637027852269065,0.010549653645040971,8.73742072280935e-05
AAL_052,AAL_086,0.010974604276239745,0.010887247202894823,8.735707334492186e-05
AAL_016,AAL_086,0.011035555567687903,0.01112282758684963,-8.727201916172711e-05
AAL_050,AAL_018,0.011201118932973243,0.011113869927583201,8.724900539004189e-05
AAL_006,AAL_080,0.010621072712521523,0.010708315834107234,-8.724312158571099e-05
AAL_015,AAL_011,0.012165460530588897,0.012078218418577912,8.724211201098508e-05
AAL_051,AAL_034,0.010311434242444543,0.01039864394638142,-8.720970393687709e-05
AAL_042,AAL_024,0.011193794578425268,0.011280994677440108,-8.720009901484055e-05
AAL_071,AAL_084,0.011026851126414716,0.011114050583363911,-8.71994569491951e-05
AAL_026,AAL_043,0.010789814468823437,0.010702617075895109,8.719739292832769e-05
AAL_011,AAL_032,0.010673890509204859,0.01076107819520732,-8.718768600246042e-05
AAL_044,AAL_079,0.01131026228515702,0.011223126343791153,8.71359413658658e-05
AAL_045,AAL_064,0.010742121630817907,0.01065498713413184,8.71344966860664e-05
AAL_016,AAL_023,0.010940745285847504,0.011027869345532458,-8.712405968495408e-05
AAL_035,AAL_026,0.012510009800505817,0.012422894855623801,8.711494488201563e-05
AAL_014,AAL_015,0.011187123313832741,0.011274231422147148,-8.710810831440673e-05
AAL_023,AAL_069,0.011091727634064026,0.011004630473925369,8.709716013865706e-05
AAL_001,AAL_046,0.010296472557223378,0.010383536962898583,-8.706440567520478e-05
AAL_045,AAL_009,0.0104158146537713,0.010502854697221413,-8.704004345011333e-05
AAL_003,AAL_034,0.011144044944363782,0.011231048064995048,-8.700312063126582e-05
AAL_002,AAL_069,0.011480122836481811,0.011393120743463709,8.700209301810286e-05
AAL_072,AAL_021,0.013071623565151524,0.01298462738867655,8.699617647497417e-05
AAL_050,AAL_026,0.010761993537203241,0.010848933941784036,-8.694040458079484e-05
AAL_028,AAL_060,0.010384395768324662,0.010471317461846631,-8.692169352196924e-05
AAL_075,AAL_037,0.011370775289833546,0.011457689379159334,-8.691408932578852e-05
AAL_043,AAL_037,0.01128041753386203,0.011193538636949016,8.687889691301465e-05
AAL_062,AAL_061,0.012579324470164303,0.012492482654436055,8.68418157282478e-05
AAL_063,AAL_084,0.011641805585569296,0.011554968009515672,8.683757605362427e-05
AAL_050,AAL_016,0.010796549871293271,0.01070971295893858,8.683691235469165e-05
AAL_076,AAL_083,0.0111796132221213,0.011092777021931803,8.683620018949678e-05
AAL_046,AAL_039,0.011239820510212682,0.011153057353945435,8.676315626724752e-05
AAL_062,AAL_002,0.01207537018160662,0.011988629524598346,8.674065700827426e-05
AAL_032,AAL_036,0.011579087091625756,0.011492368647315662,8.671844431009344e-05
AAL_033,AAL_005,0.010505618006150182,0.010592331545931234,-8.671353978105187e-05
AAL_005,AAL_040,0.011050890492370877,0.011137602393221915,-8.67119008510376e-05
AAL_062,AAL_029,0.010836704210258829,0.010749995308667052,8.670890159177651e-05
AAL_072,AAL_029,0.011870098584848974,0.011956783194122628,-8.668460927365416e-05
AAL_030,AAL_026,0.010293978294278057,0.010380609002583672,-8.663070830561455e-05
AAL_067,AAL_038,0.01069500882170585,0.010608444648977396,8.656417272845385e-05
AAL_066,AAL_036,0.011520365585421776,0.011433824894501465,8.654069092031182e-05
AAL_007,AAL_036,0.011162641412443202,0.011249173598978715,-8.6532186535513e-05
AAL_066,AAL_078,0.010739117550353209,0.010652603632389167,8.651391796404145e-05
AAL_060,AAL_053,0.012008145282395247,0.011921633517938127,8.651176445712006e-05
AAL_067,AAL_075,0.010409373907436036,0.010495866752846661,-8.64928454106257e-05
AAL_089,AAL_042,0.011388067245626679,0.011474545270888592,-8.64780252619133e-05
AAL_045,AAL_068,0.0114708402289603,0.011557281708284732,-8.644147932443218e-05
AAL_045,AAL_061,0.01048038522991487,0.010566815997360658,-8.643076744578766e-05
AAL_027,AAL_085,0.01130754261627857,0.011221113242671152,8.642937360741829e-05
AAL_007,AAL_079,0.010517480462773615,0.010603894856261556,-8.641439348794008e-05
AAL_013,AAL_018,0.011102747464648042,0.01101639355179246,8.635391285558187e-05
AAL_058,AAL_024,0.010256079819578772,0.010342411239337981,-8.633141975920855e-05
AAL_083,AAL_025,0.012062822814839773,0.012149144682765156,-8.632186792538292e-05
AAL_019,AAL_013,0.011081488275677603,0.010995169528401814,8.631874727578828e-05
AAL_090,AAL_056,0.011340956991681686,0.011427223132391721,-8.626614071003541e-05
AAL_001,AAL_077,0.010905568977483572,0.01099177702762205,-8.620805013847752e-05
AAL_078,AAL_013,0.011330374275756061,0.01124423460586565,8.61396698904112e-05
AAL_074,AAL_079,0.01122395365108919,0.01131009269348593,-8.61390423967396e-05
AAL_063,AAL_089,0.010869757795674551,0.010783651628746437,8.610616692811442e-05
AAL_014,AAL_022,0.010770071399374267,0.010856128325477872,-8.605692610360455e-05
AAL_082,AAL_032,0.010496730267460275,0.010582780939233363,-8.605067177308752e-05
AAL_078,AAL_056,0.011304242982186822,0.011390283366401794,-8.604038421497137e-05
AAL_056,AAL_074,0.010587542150647212,0.010673577208580361,-8.603505793314953e-05
AAL_070,AAL_052,0.010982560507284526,0.010896530187233506,8.60303200510195e-05
AAL_001,AAL_078,0.010495951695717935,0.010581981106464827,-8.602941074689271e-05
AAL_037,AAL_005,0.010725475461660033,0.010639454316689861,8.602114497017165e-05
AAL_025,AAL_085,0.011517559926415611,0.01143155179492593,8.600813148968052e-05
AAL_031,AAL_077,0.010956722050984828,0.010870762381970734,8.595966901409416e-05
AAL_052,AAL_069,0.010745429023941103,0.010659482618955614,8.594640498548953e-05
AAL_009,AAL_001,0.011236109259403031,0.011150247336506252,8.586192289677941e-05
AAL_079,AAL_019,0.011290218247275831,0.011376044722204617,-8.582647492878619e-05
AAL_062,AAL_017,0.01102738604387348,0.010941565235517457,8.582080835602308e-05
AAL_026,AAL_075,0.010461514752007958,0.010375733711472516,8.578104053544137e-05
AAL_033,AAL_078,0.010801504706390776,0.010887242795867157,-8.57380894763813e-05
AAL_024,AAL_085,0.011924041208261862,0.011838305066744092,8.573614151777091e-05
AAL_053,AAL_029,0.011266499403545745,0.011180778283616598,8.572111992914688e-05
AAL_063,AAL_057,0.012218616084935956,0.012132911727978634,8.570435695732202e-05
AAL_062,AAL_037,0.010444188265639365,0.010358485774536878,8.57024911024868e-05
AAL_016,AAL_008,0.011379826754236069,0.011465524371815083,-8.569761757901487e-05
AAL_064,AAL_090,0.010676243131518619,0.01059055995547372,8.568317604489874e-05
AAL_040,AAL_011,0.010825187938972415,0.010910856713154919,-8.566877418250338e-05
AAL_064,AAL_046,0.010362381822007716,0.010276769549024312,8.561227298340378e-05
AAL_033,AAL_031,0.011030869586313637,0.011116468352230992,-8.559876591735481e-05
AAL_083,AAL_023,0.012322017351865895,0.012407611477796553,-8.559412593065786e-05
AAL_071,AAL_015,0.011101597571809195,0.011187189226281407,-8.559165447221198e-05
AAL_039,AAL_029,0.010513970371670065,0.010599560305365262,-8.558993369519631e-05
AAL_035,AAL_084,0.011236563756759478,0.011322089168185336,-8.552541142585815e-05
AAL_028,AAL_084,0.01071102159201271,0.010796501860484739,-8.548026847202822e-05
AAL_063,AAL_079,0.012404371729582293,0.012318911788888073,8.545994069421997e-05
AAL_073,AAL_070,0.010419907860266857,0.010505299885796553,-8.539202552969652e-05
AAL_068,AAL_064,0.010328076652482025,0.010413458598569665,-8.538194608763948e-05
AAL_054,AAL_073,0.010872472762170002,0.010787175168692325,8.529759347767653e-05
AAL_008,AAL_056,0.010863240708748246,0.010777984209654496,8.525649909374954e-05
AAL_049,AAL_036,0.011097310435297525,0.011182520533946548,-8.521009864902347e-05
AAL_044,AAL_036,0.011437471504283384,0.011522629473903782,-8.51579696203985e-05
AAL_070,AAL_028,0.010971865383908153,0.010886709423037823,8.515596087032944e-05
AAL_079,AAL_069,0.011747970082598109,0.011833046063799273,-8.507598120116415e-05
AAL_023,AAL_022,0.011594760532164548,0.01150970935830777,8.505117385677712e-05
AAL_088,AAL_058,0.011012899142124841,0.011097941383553054,-8.504224142821294e-05
AAL_047,AAL_003,0.010275828707804028,0.010360846869074382,-8.501816127035391e-05
AAL_005,AAL_078,0.011089452928425664,0.01100444378650218,8.500914192348386e-05
AAL_004,AAL_032,0.01117518966874251,0.011090180667916835,8.500900082567507e-05
AAL_017,AAL_068,0.010119082696704019,0.010204089160722036,-8.500646401801704e-05
AAL_032,AAL_025,0.011721122412918469,0.011636141186150221,8.498122676824788e-05
AAL_034,AAL_064,0.01068343592282289,0.010768374277939719,-8.493835511682798e-05
AAL_031,AAL_086,0.01086011229074982,0.010775175308415819,8.493698233400133e-05
AAL_018,AAL_035,0.010883974022844918,0.010968880734820077,-8.490671197515856e-05
AAL_077,AAL_017,0.011197769727844458,0.011282629765588652,-8.486003774419403e-05
AAL_003,AAL_033,0.010870018548085393,0.010954824652957265,-8.480610487187137e-05
AAL_090,AAL_075,0.010250352945926989,0.010335146983341308,-8.479403741431905e-05
AAL_069,AAL_052,0.011305165087055957,0.011220391058633405,8.477402842255177e-05
AAL_028,AAL_050,0.010358284390730482,0.0104430539524252,-8.476956169471868e-05
AAL_038,AAL_039,0.012150537292274017,0.012065771886288528,8.476540598548882e-05
AAL_003,AAL_008,0.011641801277207386,0.011726558196910706,-8.475691970332051e-05
AAL_071,AAL_057,0.010803192838007568,0.010887938824299696,-8.474598629212848e-05
AAL_056,AAL_077,0.010683440012284197,0.010768168788431004,-8.472877614680747e-05
AAL_013,AAL_002,0.011273998586047027,0.011189279994619987,8.471859142704027e-05
AAL_045,AAL_012,0.010657627209145417,0.010573041983521901,8.458522562351627e-05
AAL_080,AAL_007,0.010176116513072425,0.01026068707794025,-8.457056486782522e-05
AAL_072,AAL_068,0.011935548343433019,0.011850995734962576,8.455260847044233e-05
AAL_010,AAL_046,0.011114622118015192,0.011199152073996238,-8.452995598104592e-05
AAL_059,AAL_011,0.011677169505681874,0.011592704751910111,8.446475377176313e-05
AAL_083,AAL_033,0.011726905633576023,0.011811316304518923,-8.441067094290024e-05
AAL_045,AAL_051,0.011544235128288468,0.011628601667713883,-8.436653942541471e-05
AAL_030,AAL_045,0.010999335041747261,0.010914970813295977,8.43642284512839e-05
AAL_029,AAL_072,0.010755841884937169,0.010840198263137719,-8.435637820054971e-05
AAL_036,AAL_073,0.011408635084795902,0.01132429156581832,8.434351897758201e-05
AAL_072,AAL_017,0.011649331185393609,0.011733671104900594,-8.433991950698543e-05
AAL_017,AAL_003,0.01025255393380156,0.010336891986041447,-8.433805223988754e-05
AAL_087,AAL_033,0.01063932173161043,0.010723655641300803,-8.433390969037231e-05
AAL_059,AAL_064,0.012052750204984322,0.012137068343110772,-8.431813812644941e-05
AAL_075,AAL_032,0.011035396631918529,0.010951112976607407,8.428365531112231e-05
AAL_058,AAL_052,0.010793398291620815,0.01070913797470905,8.426031691176512e-05
AAL_022,AAL_046,0.011062756505134141,0.01097849653872012,8.425996641402145e-05
AAL_080,AAL_024,0.010159985144407703,0.010244244210440527,-8.425906603282476e-05
AAL_034,AAL_038,0.01024794607805327,0.010163777535573277,8.416854247999227e-05
AAL_028,AAL_008,0.01039958799767316,0.010483746278208332,-8.415828053517233e-05
AAL_016,AAL_003,0.010703959830630666,0.010788065404457875,-8.410557382720896e-05
AAL_079,AAL_012,0.011444576267694306,0.011528660596415363,-8.408432872105721e-05
AAL_070,AAL_059,0.011381787908637626,0.011297778859642097,8.400904899552933e-05
AAL_055,AAL_022,0.010618264265517648,0.010702254564938118,-8.399029942047012e-05
AAL_078,AAL_080,0.011712071509697499,0.01179605999282069,-8.398848312319088e-05
AAL_044,AAL_071,0.011227632249888575,0.011143714166419677,8.391808346889726e-05
AAL_023,AAL_086,0.011494869909559688,0.01141097756199742,8.38923475622675e-05
AAL_070,AAL_002,0.011583417252056364,0.011499598552992858,8.381869906350613e-05
AAL_045,AAL_082,0.010755617714797458,0.01067180028670553,8.381742809192815e-05
AAL_041,AAL_019,0.010643256392377691,0.010727039420464199,-8.378302808650755e-05
AAL_012,AAL_054,0.01079114700237719,0.010707420169863452,8.372683251373775e-05
AAL_006,AAL_032,0.011253492920619682,0.011169784406555942,8.370851406373954e-05
AAL_037,AAL_083,0.011289292015135288,0.011372995666845265,-8.370365170997686e-05
AAL_085,AAL_089,0.011838100265520506,0.01192178710296787,-8.368683744736441e-05
AAL_003,AAL_050,0.010500227431488087,0.010583878705097784,-8.365127360969622e-05
AAL_069,AAL_055,0.011333491784544328,0.011249846092450708,8.364569209362051e-05
AAL_022,AAL_052,0.010792203814698717,0.010875808923197887,-8.36051084991702e-05
AAL_087,AAL_073,0.010577450713349713,0.010661043323779816,-8.359261043010269e-05
AAL_021,AAL_032,0.011588759656645294,0.011505172093382691,8.358756326260278e-05
AAL_086,AAL_004,0.011634801369176334,0.011718352154248553,-8.355078507221898e-05
AAL_035,AAL_024,0.012146861555102544,0.012063310950735663,8.355060436688114e-05
AAL_075,AAL_006,0.010601285522660384,0.010517742875362597,8.354264729778724e-05
AAL_087,AAL_072,0.011184093504586918,0.01126762962999474,-8.353612540782165e-05
AAL_030,AAL_088,0.010633879892416617,0.010717408689982246,-8.352879756562924e-05
AAL_074,AAL_086,0.010848563703764072,0.010932078797638268,-8.35150938741959e-05
AAL_034,AAL_086,0.010294636570187842,0.010211133197060886,8.350337312695681e-05
AAL_016,AAL_085,0.010914030747535901,0.010830590637775124,8.344010976077745e-05
AAL_041,AAL_024,0.010593317572473206,0.010676738621190967,-8.342104871776092e-05
AAL_081,AAL_037,0.011120136433209363,0.011203543211405095,-8.340677819573122e-05
AAL_032,AAL_040,0.011114424498528879,0.01103103618893227,8.338830959660898e-05
AAL_059,AAL_090,0.011829748319891783,0.011746395138963577,8.3353180928206e-05
AAL_030,AAL_067,0.010604715458332347,0.010688043248010037,-8.332778967769065e-05
AAL_082,AAL_024,0.010044573818166286,0.010127882456993939,-8.330863882765292e-05
AAL_087,AAL_078,0.010913090386356298,0.010996375655843217,-8.328526948691954e-05
AAL_052,AAL_038,0.010864852163463067,0.010781570333090816,8.328183037225115e-05
AAL_045,AAL_067,0.011383620659924217,0.011466901231714278,-8.328057179006129e-05
AAL_010,AAL_009,0.012993832890931359,0.013077032974188588,-8.320008325722952e-05
AAL_066,AAL_064,0.010445375136760438,0.01052855465690566,-8.317952014522297e-05
AAL_004,AAL_084,0.010559622375453766,0.010642793269888047,-8.317089443428058e-05
AAL_074,AAL_066,0.010703924850313963,0.010620768826741438,8.315602357252504e-05
AAL_087,AAL_053,0.01093021839753621,0.011013357017290948,-8.313861975473708e-05
AAL_066,AAL_075,0.010404697991509596,0.010321576432521379,8.312155898821706e-05
AAL_075,AAL_013,0.011100605709287219,0.011017575702877258,8.303000640996067e-05
AAL_005,AAL_019,0.01146237523907907,0.011545392495138621,-8.30172560595515e-05
AAL_084,AAL_077,0.010690544262273699,0.010773535794751815,-8.299153247811643e-05
AAL_047,AAL_077,0.010548898898479011,0.010631816138145941,-8.291723966693046e-05
AAL_037,AAL_011,0.010715058636573007,0.010797936240530043,-8.287760395703572e-05
AAL_028,AAL_072,0.011255537921913032,0.01133840949859276,-8.287157667972826e-05
AAL_027,AAL_068,0.0110110034310442,0.010928144320272483,8.285911077171755e-05
AAL_010,AAL_077,0.011038406672449702,0.010955554578758351,8.285209369135113e-05
AAL_066,AAL_006,0.011441248958596053,0.011358430990417749,8.281796817830381e-05
AAL_054,AAL_007,0.010799976386145776,0.010717167955807065,8.280843033871103e-05
AAL_085,AAL_010,0.010580775493150976,0.010498038435322475,8.273705782850006e-05
AAL_025,AAL_008,0.010779655805160092,0.010862388185897921,-8.273238073782871e-05
AAL_052,AAL_005,0.010569717074370282,0.010487017781004568,8.269929336571398e-05
AAL_024,AAL_061,0.010511892569116037,0.010594543624234851,-8.265105511881359e-05
AAL_022,AAL_088,0.01158700300913909,0.011504362367333905,8.264064180518553e-05
AAL_013,AAL_024,0.010914875990432551,0.010997512139768222,-8.263614933567108e-05
AAL_059,AAL_001,0.012579606784284752,0.01249701584973569,8.259093454906184e-05
AAL_064,AAL_085,0.010272021486989072,0.010189495740398284,8.252574659078742e-05
AAL_022,AAL_074,0.010977112321963167,0.010894614962800857,8.249735916231009e-05
AAL_034,AAL_054,0.010006620863086393,0.01008907024963544,-8.244938654904631e-05
AAL_067,AAL_009,0.01051628839574818,0.010598733535882261,-8.244514013408186e-05
AAL_027,AAL_024,0.011592866639948936,0.011510516308876628,8.235033107230859e-05
AAL_008,AAL_054,0.010999901110752143,0.010917591494935618,8.23096158165254e-05
AAL_039,AAL_068,0.010886027415991466,0.01080373936002293,8.22880559685369e-05
AAL_018,AAL_025,0.010604522708389495,0.010686775304321616,-8.225259593212103e-05
AAL_036,AAL_087,0.011938573599546256,0.01185633864475613,8.223495479012591e-05
AAL_024,AAL_072,0.011426907687440004,0.011344689378981703,8.221830845830079e-05
AAL_083,AAL_061,0.01148915062379888,0.011571298103788798,-8.214747998991703e-05
AAL_038,AAL_071,0.011131558037944075,0.011049423588638566,8.21344493055088e-05
AAL_080,AAL_086,0.010571577564343555,0.010653710249284508,-8.21326849409533e-05
AAL_017,AAL_058,0.011708277830869978,0.01162619584889403,8.208198197594795e-05
AAL_088,AAL_020,0.010831133719199361,0.0109131988623265,-8.206514312713957e-05
AAL_086,AAL_026,0.011417263999390297,0.011499325167064188,-8.206116767389172e-05
AAL_079,AAL_008,0.010988439942718062,0.011070483488957433,-8.20435462393701e-05
AAL_068,AAL_053,0.010649364867494402,0.010731309358834776,-8.194449134037336e-05
AAL_031,AAL_068,0.011087244583500756,0.011005317119802937,8.192746369781873e-05
AAL_033,AAL_059,0.01101026667926747,0.011092179919368872,-8.191324010140173e-05
AAL_037,AAL_075,0.011329320380782597,0.01141122947897642,-8.190909819382267e-05
AAL_085,AAL_046,0.010773629947111774,0.010691721387503312,8.190855960846233e-05
AAL_083,AAL_026,0.012077894340404589,0.01215979904306142,-8.190470265683099e-05
AAL_003,AAL_029,0.010500509602328142,0.010582410143434114,-8.190054110597186e-05
AAL_090,AAL_050,0.010690930438761273,0.010609050383028706,8.188005573256732e-05
AAL_084,AAL_078,0.010838258726936247,0.010920133841485154,-8.187511454890717e-05
AAL_080,AAL_060,0.010631908326306276,0.010713772702657111,-8.186437635083511e-05
AAL_063,AAL_015,0.010941669611562775,0.010859805639953382,8.186397160939336e-05
AAL_080,AAL_005,0.010254051150260573,0.010335912329442892,-8.186117918231907e-05
AAL_019,AAL_015,0.011112514367868375,0.011030763935380923,8.175043248745233e-05
AAL_089,AAL_067,0.011439823030104112,0.011358126877777038,8.169615232707372e-05
AAL_032,AAL_058,0.010479920161649203,0.010561611949380663,-8.169178773145998e-05
AAL_024,AAL_038,0.011190281987874808,0.01110860260975346,8.16793781213479e-05
AAL_022,AAL_031,0.01171143220252015,0.01162975422215299,8.16779803671612e-05
AAL_015,AAL_023,0.012434466463378351,0.012352795058181949,8.167140519640265e-05
AAL_060,AAL_086,0.011035922051081035,0.010954261482427494,8.166056865354168e-05
AAL_070,AAL_008,0.010849535646330979,0.010931049908046836,-8.151426171585686e-05
AAL_045,AAL_046,0.013061650825712161,0.013143162444122967,-8.151161841080633e-05
AAL_049,AAL_027,0.010965159998681301,0.011046622715724017,-8.146271704271603e-05
AAL_002,AAL_013,0.010903894861475525,0.010822445466171572,8.144939530395356e-05
AAL_038,AAL_068,0.011171173728190554,0.011089727606060487,8.144612213006712e-05
AAL_030,AAL_012,0.011965853916321937,0.011884416194711223,8.143772161071407e-05
AAL_054,AAL_059,0.011252332600152008,0.01117089962720797,8.143297294403891e-05
AAL_003,AAL_066,0.011197387449777661,0.011115984110711673,8.140333906598782e-05
AAL_004,AAL_002,0.01073307173851973,0.010814428916455203,-8.135717793547256e-05
AAL_023,AAL_059,0.010765401465404365,0.01068407385875806,8.13276066463052e-05
AAL_058,AAL_008,0.01033385594884873,0.010415182354173649,-8.132640532491908e-05
AAL_012,AAL_074,0.011192493246167771,0.011111169766921263,8.132347924650826e-05
AAL_059,AAL_087,0.01100781693075521,0.01092651764638075,8.12992843744597e-05
AAL_028,AAL_090,0.011083117616561871,0.011164414770346569,-8.129715378469779e-05
AAL_017,AAL_057,0.012029387454828646,0.011948101069990814,8.12863848378316e-05
AAL_084,AAL_052,0.010457811122919377,0.010376542827424133,8.126829549524352e-05
AAL_080,AAL_027,0.01028258323422673,0.010363788327789189,-8.120509356245899e-05
AAL_038,AAL_036,0.011296978550684502,0.011215797133244592,8.118141743991038e-05
AAL_022,AAL_011,0.010591684450578486,0.010672855623084914,-8.117117250642722e-05
AAL_024,AAL_076,0.011091296043660905,0.011010126670633,8.116937302790443e-05
AAL_019,AAL_036,0.010393872180491941,0.010475021169957688,-8.114898946574682e-05
AAL_014,AAL_058,0.010872384467615914,0.010953527646458178,-8.114317884226445e-05
AAL_090,AAL_051,0.011097166418599395,0.01101603224947494,8.113416912445583e-05
AAL_077,AAL_027,0.01034978069524225,0.010268649855910549,8.11308393317018e-05
AAL_049,AAL_074,0.010872743830769362,0.01079167215333831,8.10716774310525e-05
AAL_027,AAL_052,0.010757197305544192,0.010838242561993172,-8.104525644898018e-05
AAL_067,AAL_004,0.010899650637442485,0.010818634863952105,8.101577349037964e-05
AAL_033,AAL_043,0.010689225593088275,0.010770236504802633,-8.101091171435794e-05
AAL_057,AAL_024,0.01071887052196086,0.010799870990383122,-8.100046842226226e-05
AAL_075,AAL_016,0.010823015726577396,0.0107420212438991,8.09944826782958e-05
AAL_083,AAL_028,0.012342908714189488,0.01242390192268652,-8.099320849703183e-05
AAL_062,AAL_090,0.011229070673625056,0.011148078075931326,8.09925976937298e-05
AAL_004,AAL_015,0.01065873358454396,0.010577768159027282,8.0965425516678e-05
AAL_042,AAL_087,0.011493112269040739,0.011574047095334116,-8.093482629337699e-05
AAL_022,AAL_015,0.011209692925405808,0.011290610104651369,-8.09171792455609e-05
AAL_089,AAL_027,0.012167309739220982,0.01208642313242994,8.088660679104326e-05
AAL_034,AAL_039,0.010197714158198517,0.01011683440376674,8.087975443177645e-05
AAL_050,AAL_029,0.011003898978074137,0.010923023305592998,8.087567248113957e-05
AAL_042,AAL_028,0.011543075341142269,0.011623926259688201,-8.085091854593239e-05
AAL_001,AAL_032,0.010081905782079468,0.010162737872220447,-8.083209014097918e-05
AAL_076,AAL_062,0.011042845132959705,0.010962015789732448,8.082934322725666e-05
AAL_007,AAL_090,0.010906451075282106,0.010825681948465834,8.07691268162724e-05
AAL_080,AAL_071,0.01059736912815362,0.010678130899909561,-8.076177175594078e-05
AAL_031,AAL_015,0.010979570623519074,0.011060244891395048,-8.06742678759742e-05
AAL_025,AAL_061,0.0105409462375041,0.01062161649898545,-8.067026148135016e-05
AAL_026,AAL_087,0.011425689720492968,0.011345029780849185,8.065993964378321e-05
AAL_062,AAL_074,0.010845346093719076,0.01076477552734075,8.057056637832648e-05
AAL_017,AAL_061,0.01126720984545974,0.011186660979192695,8.054886626704567e-05
AAL_063,AAL_090,0.011151986113056922,0.011071471217788627,8.051489526829554e-05
AAL_076,AAL_039,0.011280262468653357,0.01119977228861145,8.04901800419075e-05
AAL_068,AAL_089,0.011081891014980964,0.011001438152035768,8.045286294519616e-05
AAL_064,AAL_042,0.010781597435617676,0.010701150755876347,8.044667974132884e-05
AAL_069,AAL_028,0.011405897840188865,0.011325458508382364,8.043933180650054e-05
AAL_079,AAL_005,0.01103570580514323,0.01111607250085022,-8.03666957069904e-05
AAL_032,AAL_057,0.01048247057856976,0.010562827651187889,-8.035707261812818e-05
AAL_040,AAL_037,0.012164075562380191,0.01224440455935877,-8.032899697857886e-05
AAL_034,AAL_050,0.01031920819495542,0.010399495866195884,-8.028767124046432e-05
AAL_070,AAL_023,0.010894879105731718,0.010814621984477966,8.025712125375208e-05
AAL_036,AAL_067,0.012247494127378505,0.01216725343676566,8.024069061284521e-05
AAL_037,AAL_056,0.011226040995719597,0.011306262794632474,-8.022179891287694e-05
AAL_072,AAL_058,0.011368848381436661,0.011449046060905119,-8.01976794684578e-05
AAL_071,AAL_090,0.010779801039741589,0.010859967925800728,-8.016688605913883e-05
AAL_090,AAL_060,0.01111923955165996,0.011039081235270642,8.015831638931784e-05
AAL_026,AAL_062,0.009860223419884713,0.009940358525876963,-8.013510599224997e-05
AAL_016,AAL_040,0.010723688510350056,0.010803823239139972,-8.013472878991637e-05
AAL_013,AAL_020,0.011090846636738533,0.0110107383461988,8.01082905397335e-05
AAL_057,AAL_047,0.011230795829294201,0.011150693590232812,8.010223906138904e-05
AAL_008,AAL_070,0.011162074481765939,0.011242145961312296,-8.007147954635675e-05
AAL_048,AAL_038,0.01137224012094303,0.011292235812555916,8.00043083871143e-05
AAL_083,AAL_062,0.011356737717397066,0.011436680999697734,-7.994328230066794e-05
AAL_057,AAL_011,0.011207518426494466,0.011127586483437726,7.993194305674044e-05
AAL_087,AAL_064,0.010560699344541017,0.010640619026852897,-7.991968231188008e-05
AAL_080,AAL_087,0.010515458227143202,0.010595364519221611,-7.990629207840945e-05
AAL_001,AAL_036,0.01023817516099184,0.01031806131376522,-7.988615277338025e-05
AAL_017,AAL_072,0.01056000916685304,0.010639869929210424,-7.986076235738312e-05
AAL_014,AAL_006,0.011184315008119259,0.011264166330211512,-7.985132209225275e-05
AAL_023,AAL_032,0.01221850078799722,0.012138713109618973,7.978767837824724e-05
AAL_016,AAL_031,0.010771143214347271,0.010850895778564898,-7.975256421762639e-05
AAL_079,AAL_067,0.011218772379235707,0.011298523547945928,-7.975116871022057e-05
AAL_050,AAL_059,0.011630404028150007,0.011710153310270819,-7.974928212081157e-05
AAL_062,AAL_004,0.010956395399541808,0.01103610889038658,-7.971349084477143e-05
AAL_064,AAL_058,0.011764986223628761,0.011685303165103602,7.968305852515921e-05
AAL_034,AAL_043,0.010212687116800847,0.010292358023967252,-7.967090716640493e-05
AAL_076,AAL_016,0.011253650340004863,0.011173981902820448,7.966843718441516e-05
AAL_058,AAL_013,0.010510258111927627,0.010430598807135231,7.965930479239547e-05
AAL_065,AAL_007,0.011919844744360855,0.011999499870847828,-7.965512648697333e-05
AAL_044,AAL_016,0.01100282833322437,0.01092318076150441,7.964757171995997e-05
AAL_038,AAL_067,0.010858633004240373,0.010779002875496376,7.963012874399704e-05
AAL_018,AAL_088,0.010915139614421332,0.010994766822671772,-7.962720825043998e-05
AAL_064,AAL_005,0.010380025447593031,0.010300409561831958,7.961588576107376e-05
AAL_001,AAL_061,0.011801723824638842,0.01172211475291338,7.960907172546196e-05
AAL_025,AAL_003,0.011630308981507253,0.011550730683612025,7.957829789522787e-05
AAL_045,AAL_052,0.011918528674122615,0.011998105775703568,-7.95771015809528e-05
AAL_025,AAL_087,0.011767330858060438,0.011687754031742182,7.957682631825648e-05
AAL_013,AAL_069,0.010935691268875813,0.010856126453588825,7.956481528698794e-05
AAL_067,AAL_025,0.010822675700307403,0.01074311143439032,7.956426591708247e-05
AAL_080,AAL_054,0.010532519780099392,0.010612061547656213,-7.954176755682087e-05
AAL_052,AAL_046,0.011763485916691203,0.011843022280291795,-7.953636360059219e-05
AAL_045,AAL_018,0.010708822239922661,0.010629287902404446,7.953433751821566e-05
AAL_088,AAL_032,0.01127907432591877,0.011199547433139521,7.9526892779248e-05
AAL_055,AAL_012,0.010432424157077813,0.010511943527379492,-7.951937030167833e-05
AAL_063,AAL_034,0.011727490229532123,0.011647993821197793,7.949640833432997e-05
AAL_004,AAL_016,0.011072117451212218,0.011151611139401609,-7.949368818939082e-05
AAL_026,AAL_070,0.01065667243833598,0.010577187187063783,7.948525127219642e-05
AAL_007,AAL_012,0.011414383880348287,0.011334948847185885,7.943503316240261e-05
AAL_050,AAL_052,0.013322120227922615,0.01340155318037378,-7.943295245116562e-05
AAL_025,AAL_032,0.011768700109205695,0.011689276131743533,7.94239774621619e-05
AAL_082,AAL_073,0.011342178705809081,0.011421577931005074,-7.939922519599289e-05
AAL_052,AAL_040,0.010744975215126561,0.010665602448209195,7.937276691736585e-05
AAL_084,AAL_019,0.010735076197431002,0.010814373892161154,-7.929769473015262e-05
AAL_031,AAL_090,0.010438014808883015,0.010358719753734674,7.929505514834082e-05
AAL_009,AAL_065,0.011896464267236173,0.01181718290878215,7.92813584540239e-05
AAL_030,AAL_027,0.010461016468560467,0.010540293014282475,-7.92765457220089e-05
AAL_086,AAL_046,0.011299331149118196,0.011220062371093789,7.926877802440745e-05
AAL_025,AAL_038,0.011272566995989436,0.01119330539726294,7.926159872649607e-05
AAL_072,AAL_080,0.011927971045255788,0.012007196223543536,-7.922517828774789e-05
AAL_017,AAL_088,0.010455428065461481,0.010534639537297467,-7.921147183598612e-05
AAL_022,AAL_053,0.010750019186550481,0.01082922361338183,-7.920442683134916e-05
AAL_052,AAL_008,0.010758562540858347,0.010679362579791924,7.919996106642291e-05
AAL_063,AAL_058,0.011920948270071521,0.011841756321730153,7.919194834136827e-05
AAL_071,AAL_088,0.010918698289519193,0.010997793389941859,-7.909510042266622e-05
AAL_028,AAL_023,0.011963925521390943,0.011884876550001927,7.904897138901607e-05
AAL_022,AAL_067,0.010830506765976166,0.01075148024589341,7.902652008275578e-05
AAL_082,AAL_007,0.010247841576894378,0.010326853135217064,-7.901155832268532e-05
AAL_087,AAL_014,0.010458137219150862,0.010537142957798748,-7.900573864788596e-05
AAL_067,AAL_054,0.010575435755169418,0.010654426669752776,-7.899091458335797e-05
AAL_032,AAL_019,0.011098923880017849,0.01117789874283167,-7.897486281382114e-05
AAL_015,AAL_043,0.010831613599075975,0.010752641723003636,7.897187607233853e-05
AAL_080,AAL_043,0.010546775578529153,0.010625714591008705,-7.89390124795522e-05
AAL_077,AAL_030,0.011505506202403424,0.011426613328714969,7.889287368845546e-05
AAL_007,AAL_034,0.011467298936560495,0.011546158730965246,-7.885979440475088e-05
AAL_037,AAL_090,0.011072321462596202,0.011151155466144494,-7.883400354829172e-05
AAL_057,AAL_032,0.010666965302000316,0.010745798685950766,-7.883338395044993e-05
AAL_086,AAL_079,0.01099028142216878,0.011069105244784733,-7.882382261595322e-05
AAL_086,AAL_062,0.010765070435949244,0.010843890661341381,-7.882022539213752e-05
AAL_070,AAL_025,0.010899235275534228,0.010820416920811456,7.881835472277159e-05
AAL_086,AAL_082,0.011440379489372429,0.011519167144729689,-7.878765535726008e-05
AAL_083,AAL_085,0.012725246003550341,0.012803955410350641,-7.870940680029977e-05
AAL_013,AAL_075,0.01122995855835959,0.011151251119674731,7.870743868485831e-05
AAL_036,AAL_090,0.011654406668554641,0.011575749576110255,7.865709244438655e-05
AAL_024,AAL_055,0.010897110142689357,0.010818459301558381,7.865084113097519e-05
AAL_066,AAL_080,0.010262514826738171,0.010341085879497286,-7.857105275911429e-05
AAL_023,AAL_038,0.011142054128930228,0.011063486021058288,7.85681078719399e-05
AAL_023,AAL_004,0.012153858048284156,0.012075298951092932,7.855909719122443e-05
AAL_022,AAL_050,0.01071339014830052,0.010791881791045588,-7.849164274506895e-05
AAL_087,AAL_054,0.011058122600213839,0.011136604322781485,-7.848172256764638e-05
AAL_026,AAL_069,0.010572450187725898,0.010493977704817989,7.847248290790941e-05
AAL_051,AAL_033,0.010389469307250319,0.010467940060971835,-7.847075372151638e-05
AAL_051,AAL_088,0.010593348727999335,0.010514931910424019,7.841681757531603e-05
AAL_071,AAL_033,0.01095977846859421,0.01103817568930148,-7.839722070726932e-05
AAL_062,AAL_073,0.010901761889998984,0.010823372587395217,7.838930260376659e-05
AAL_078,AAL_015,0.011253710712791763,0.011175342867839572,7.836784495219087e-05
AAL_066,AAL_057,0.010349493867789324,0.010427821261193557,-7.832739340423236e-05
AAL_039,AAL_074,0.01055270579094306,0.010631029602722554,-7.832381177949425e-05
AAL_021,AAL_046,0.011006380315933727,0.010928122749639948,7.825756629377921e-05
AAL_039,AAL_077,0.010721067834295269,0.010799306368561596,-7.823853426632693e-05
AAL_063,AAL_066,0.010853454397004256,0.01077523671793139,7.821767907286586e-05
AAL_055,AAL_036,0.010445866391508497,0.010524057898735142,-7.819150722664439e-05
AAL_056,AAL_050,0.012004764818260048,0.011926596887206322,7.816793105372595e-05
AAL_074,AAL_016,0.011014975269094236,0.010936812897473943,7.816237162029324e-05
AAL_021,AAL_077,0.01080898948523224,0.010730837457917317,7.815202731492263e-05
AAL_083,AAL_013,0.011867024340770312,0.011945170599957998,-7.814625918768636e-05
AAL_078,AAL_064,0.011301678189466525,0.011379821877695491,-7.814368822896614e-05
AAL_087,AAL_043,0.01080834261006397,0.010886381548961103,-7.803893889713268e-05
AAL_090,AAL_067,0.010699045872236164,0.01062103944874505,7.800642349111396e-05
AAL_052,AAL_015,0.010476508655418187,0.010398513947153654,7.799470826453346e-05
AAL_070,AAL_056,0.010922731055567661,0.010844755987116777,7.797506845088481e-05
AAL_003,AAL_045,0.010736271737016037,0.010814206570701179,-7.793483368514174e-05
AAL_023,AAL_073,0.010553619760669705,0.010631519439110242,-7.789967844053745e-05
AAL_081,AAL_003,0.010165467920004684,0.010243341978408267,-7.787405840358266e-05
AAL_054,AAL_009,0.010979919455563411,0.010902050332566053,7.786912299735833e-05
AAL_003,AAL_027,0.011112403301681336,0.011034585738892,7.781756278933682e-05
AAL_052,AAL_037,0.010694207038539343,0.010616395527741898,7.781151079744482e-05
AAL_087,AAL_005,0.011043503122308698,0.010965719056447446,7.778406586125136e-05
AAL_090,AAL_055,0.01150409117118161,0.011581873507342919,-7.778233616130906e-05
AAL_029,AAL_016,0.010972669425730905,0.010894937168058035,7.773225767286965e-05
AAL_015,AAL_088,0.011566628616414646,0.011488971365130421,7.76572512842244e-05
AAL_079,AAL_087,0.011214606893750338,0.0112922576466395,-7.765075288916276e-05
AAL_007,AAL_088,0.010627149548540767,0.010549508728475192,7.764082006557482e-05
AAL_030,AAL_068,0.010372011661609141,0.01044964177011704,-7.763010850789925e-05
AAL_060,AAL_054,0.0115197787546895,0.011442160152971153,7.761860171834681e-05
AAL_086,AAL_036,0.010877073841949558,0.010954606189639782,-7.753234769022378e-05
AAL_054,AAL_086,0.011174602209168494,0.011097076811155225,7.752539801326834e-05
AAL_036,AAL_008,0.012313722368154643,0.012236204594558582,7.751777359606138e-05
AAL_058,AAL_060,0.011446702065201014,0.011369218079202228,7.748398599878581e-05
AAL_045,AAL_072,0.010533519694183627,0.010611000380689097,-7.748068650547009e-05
AAL_088,AAL_001,0.010770099102240851,0.010847516937953218,-7.741783571236713e-05
AAL_056,AAL_038,0.011409168485870473,0.01148656178173371,-7.739329586323694e-05
AAL_075,AAL_004,0.010689170103774875,0.010611792120426228,7.73779833486473e-05
AAL_059,AAL_053,0.012270668016062079,0.012193292682116883,7.737533394519547e-05
AAL_062,AAL_084,0.010700145037844777,0.010622770419210269,7.737461863450805e-05
AAL_031,AAL_005,0.011151627880226597,0.011228989895257554,-7.73620150309566e-05
AAL_047,AAL_090,0.010773722004766265,0.010696406506242291,7.731549852397351e-05
AAL_059,AAL_014,0.011621427742175313,0.01154413541071764,7.729233145767345e-05
AAL_080,AAL_068,0.010168008581918275,0.010245287007474279,-7.72784255560037e-05
AAL_088,AAL_060,0.010713908823334381,0.010791106766584346,-7.719794324996532e-05
AAL_052,AAL_081,0.01055614480900013,0.010478977439809526,7.716736919060468e-05
AAL_054,AAL_015,0.010956663942824189,0.010879505855532793,7.715808729139538e-05
AAL_028,AAL_005,0.011088132428435179,0.011165257131972028,-7.71247035368499e-05
AAL_008,AAL_039,0.010765700776161801,0.010688581663384922,7.71191127768786e-05
AAL_020,AAL_035,0.01026431118281415,0.010341377281780278,-7.706609896612933e-05
AAL_043,AAL_030,0.011064146438406574,0.010987090887432507,7.70555509740662e-05
AAL_005,AAL_024,0.01157888168723792,0.011655931266269673,-7.704957903175227e-05
AAL_064,AAL_060,0.01190635583634114,0.011829322307987633,7.703352835350744e-05
AAL_087,AAL_090,0.011547372986872992,0.011624373574151886,-7.70005872788946e-05
AAL_060,AAL_039,0.010928822543997413,0.010851838850131993,7.69836938654192e-05
AAL_026,AAL_010,0.010692619093749514,0.010769599184356908,-7.698009060739391e-05
AAL_016,AAL_058,0.01040321142357002,0.01048018103904523,-7.696961547521038e-05
AAL_034,AAL_088,0.01000611735587446,0.009929183597859022,7.693375801543813e-05
AAL_064,AAL_056,0.010472657596772043,0.010395760555513592,7.68970412584509e-05
AAL_021,AAL_029,0.010744358586051907,0.010821255286762643,-7.689670071073587e-05
AAL_069,AAL_046,0.011094317256082963,0.011017428447605658,7.688880847730485e-05
AAL_035,AAL_053,0.011193332029506564,0.011270200251312765,-7.686822180620091e-05
AAL_083,AAL_003,0.011783334547972195,0.011860195482635024,-7.686093466282955e-05
AAL_010,AAL_030,0.011459503281049622,0.011536357612360647,-7.685433131102495e-05
AAL_030,AAL_070,0.010744510594612131,0.010821341171805231,-7.683057719310056e-05
AAL_045,AAL_059,0.010944945584489113,0.01102175391637362,-7.680833188450711e-05
AAL_018,AAL_004,0.010753002206786957,0.010829780269275528,-7.677806248857118e-05
AAL_018,AAL_012,0.01188493886978453,0.011961703373595296,-7.676450381076567e-05
AAL_046,AAL_084,0.011095992205903316,0.01101923912819059,7.675307771272573e-05
AAL_033,AAL_039,0.010643799510649126,0.010567079409124982,7.672010152414387e-05
AAL_050,AAL_032,0.01086240973419104,0.01093908230642379,-7.667257223275062e-05
AAL_067,AAL_017,0.010576660722955806,0.010653298496090745,-7.663777313493894e-05
AAL_067,AAL_087,0.01067235289961418,0.010595721444554129,7.663145506005102e-05
AAL_026,AAL_079,0.010501090383443695,0.010424475876554366,7.661450688932828e-05
AAL_014,AAL_038,0.010838247204804394,0.010914846646966916,-7.659944216252199e-05
AAL_089,AAL_054,0.011294161055125615,0.01137069459754983,-7.653354242421508e-05
AAL_070,AAL_066,0.010750231904208533,0.010826753094219245,-7.652119001071156e-05
AAL_083,AAL_072,0.011764652527566267,0.011841148937643315,-7.649641007704752e-05
AAL_065,AAL_073,0.010295671456628758,0.010372163124715277,-7.649166808651811e-05
AAL_069,AAL_049,0.0112885111111065,0.01121202630057894,7.648481052755993e-05
AAL_053,AAL_010,0.011403292638416856,0.011326834467001648,7.645817141520815e-05
AAL_058,AAL_067,0.011037791802539911,0.010961334080095623,7.645772244428868e-05
AAL_056,AAL_023,0.01046780081720561,0.010544246603404321,-7.644578619871167e-05
AAL_090,AAL_035,0.010288739809766412,0.010365157982071044,-7.641817230463234e-05
AAL_024,AAL_037,0.01097958924002054,0.01090318428366341,7.640495635712931e-05
AAL_023,AAL_031,0.012425099881604696,0.012348702977002407,7.639690460228832e-05
AAL_014,AAL_070,0.010936515162993446,0.011012910056406304,-7.639489341285804e-05
AAL_068,AAL_044,0.011441821069257636,0.011365460733381601,7.63603358760346e-05
AAL_074,AAL_021,0.011015894601885706,0.010939576473576998,7.631812830870797e-05
AAL_033,AAL_070,0.011183134333875317,0.011259442724509364,-7.630839063404657e-05
AAL_068,AAL_073,0.010143926188063163,0.010220188582801345,-7.626239473818193e-05
AAL_051,AAL_081,0.010407877427279057,0.010331629193099054,7.624823418000276e-05
AAL_031,AAL_076,0.011259978324668402,0.011183736808875359,7.624151579304315e-05
AAL_011,AAL_066,0.011083024138043452,0.011006782654090495,7.624148395295703e-05
AAL_004,AAL_077,0.010331090645164125,0.01025488381054502,7.620683461910527e-05
AAL_075,AAL_036,0.010700077220447298,0.010623880976316502,7.619624413079604e-05
AAL_028,AAL_067,0.010720604763995124,0.010644409331786573,7.619543220855132e-05
AAL_054,AAL_063,0.010853292633437065,0.010777123244687286,7.616938874977983e-05
AAL_087,AAL_063,0.010642517027723739,0.010718667593139868,-7.615056541612937e-05
AAL_087,AAL_076,0.010951294076159341,0.011027438790253167,-7.614471409382595e-05
AAL_042,AAL_057,0.011420693441540895,0.01149683069465474,-7.613725311384455e-05
AAL_069,AAL_078,0.011217455509015255,0.011293587790196647,-7.6132281181392e-05
AAL_073,AAL_003,0.01030801246380513,0.01038412467597362,-7.611221216849082e-05
AAL_050,AAL_068,0.011612384950216765,0.011688453015910632,-7.606806569386733e-05
AAL_033,AAL_037,0.010792319845949482,0.01071627255732531,7.60472886241724e-05
AAL_063,AAL_056,0.011078879852086687,0.011002849577175032,7.603027491165544e-05
AAL_081,AAL_073,0.011509471395825092,0.01158548417101353,-7.601277518843805e-05
AAL_027,AAL_018,0.010500554866993275,0.01057655710227806,-7.600223528478507e-05
AAL_052,AAL_083,0.01051879190425906,0.010442814128773828,7.597777548523123e-05
AAL_054,AAL_041,0.01100063768740839,0.010924673079982142,7.596460742624773e-05
AAL_061,AAL_015,0.011292563643879615,0.011216622828124622,7.59408157549931e-05
AAL_031,AAL_045,0.010840554411212603,0.010916490380469683,-7.593596925708004e-05
AAL_071,AAL_045,0.01081211846242221,0.010888051974215076,-7.593351179286528e-05
AAL_030,AAL_003,0.01047081571733022,0.010546729786705143,-7.591406937492405e-05
AAL_072,AAL_085,0.011572350011581285,0.011648224867769418,-7.587485618813263e-05
AAL_032,AAL_017,0.010685054489817375,0.010760928938632125,-7.587444881474933e-05
AAL_054,AAL_011,0.011000364780043945,0.010924518404172608,7.584637587133673e-05
AAL_028,AAL_065,0.011365215132872645,0.011289378681287132,7.583645158551304e-05
AAL_062,AAL_064,0.012313585435876098,0.01223781602526495,7.576941061114735e-05
AAL_003,AAL_073,0.010512295202949109,0.010588060218665204,-7.57650157160953e-05
AAL_053,AAL_057,0.011582597622520521,0.011506914669559996,7.568295296052525e-05
AAL_090,AAL_077,0.010332219010123458,0.010407884445771686,-7.566543564822836e-05
AAL_044,AAL_035,0.01133745489244023,0.011413120158552828,-7.566526611259804e-05
AAL_070,AAL_034,0.011138131991267586,0.01121378018204169,-7.564819077410419e-05
AAL_054,AAL_040,0.011079609839834718,0.011003977485075039,7.563235475967905e-05
AAL_024,AAL_084,0.011220451418517364,0.011296083203172566,-7.563178465520154e-05
AAL_047,AAL_058,0.010656456146628046,0.010580847781641459,7.56083649865874e-05
AAL_058,AAL_011,0.010606876102825388,0.01053130037148966,7.557573133572769e-05
AAL_064,AAL_007,0.010499921195511507,0.010424385875666851,7.553531984465581e-05
AAL_067,AAL_030,0.010360851981398514,0.010436384379401545,-7.553239800303126e-05
AAL_015,AAL_010,0.011488087533009995,0.011412571942336655,7.551559067334006e-05
AAL_043,AAL_039,0.011193127592261404,0.011117612152700093,7.551543956131092e-05
AAL_027,AAL_002,0.010562232812930249,0.010637661315057029,-7.542850212678004e-05
AAL_045,AAL_058,0.010744936656779967,0.010669541776309683,7.539488047028468e-05
AAL_001,AAL_068,0.010377127472231658,0.010452517273630162,-7.538980139850347e-05
AAL_059,AAL_058,0.011793120117444131,0.01171773155832261,7.53885591215208e-05
AAL_029,AAL_057,0.011011931024348507,0.011087309596852097,-7.537857250359062e-05
AAL_040,AAL_084,0.01169910009464838,0.011623723903860407,7.537619078797249e-05
AAL_052,AAL_076,0.010434303583943436,0.010358935166566307,7.536841737712865e-05
AAL_029,AAL_028,0.010101190459731424,0.01017655886099593,-7.536840126450527e-05
AAL_085,AAL_063,0.010635137589823486,0.010710487682973184,-7.53500931496981e-05
AAL_067,AAL_051,0.011361215398925492,0.011436544104523163,-7.532870559767008e-05
AAL_012,AAL_080,0.010900628428635562,0.010975872217296222,-7.524378866066023e-05
AAL_028,AAL_001,0.010470165809393566,0.010545408085136496,-7.52422757429299e-05
AAL_060,AAL_082,0.011240492089309244,0.011165267154666833,7.522493464241081e-05
AAL_009,AAL_002,0.010929099821413938,0.010853931823139895,7.516799827404254e-05
AAL_032,AAL_084,0.011406315436873298,0.011481481541881786,-7.516610500848779e-05
AAL_070,AAL_017,0.011158210830364982,0.01108304533192301,7.516549844197203e-05
AAL_054,AAL_029,0.01089693333269057,0.010821807792146804,7.512554054376654e-05
AAL_019,AAL_088,0.010668665449270327,0.010593541035839997,7.512441343032923e-05
AAL_008,AAL_007,0.012630315746268274,0.012555193890893726,7.512185537454814e-05
AAL_072,AAL_039,0.012289939529827645,0.012214832916097812,7.510661372983271e-05
AAL_033,AAL_044,0.010736062402367337,0.010811147589707937,-7.50851873406004e-05
AAL_005,AAL_033,0.011016738646799046,0.011091822550329321,-7.5083903530275e-05
AAL_015,AAL_031,0.011328336705143252,0.011403396448337707,-7.505974319445448e-05
AAL_002,AAL_078,0.010590532014512608,0.010665588233407318,-7.505621889471008e-05
AAL_018,AAL_036,0.01069948268839373,0.010774531979437353,-7.504929104362214e-05
AAL_049,AAL_067,0.011877684857951015,0.011952729546753851,-7.504468880283575e-05
AAL_006,AAL_022,0.011691022200637266,0.011766005635594316,-7.498343495705023e-05
AAL_051,AAL_054,0.0115816284241712,0.01150665805437059,7.497036980060913e-05
AAL_064,AAL_078,0.010528828881076004,0.010603784160600703,-7.495527952469834e-05
AAL_041,AAL_039,0.011792722635735303,0.011867643504983587,-7.492086924828362e-05
AAL_027,AAL_088,0.011573908538119787,0.011499005684134533,7.4902853985254e-05
AAL_070,AAL_039,0.010932299429869168,0.010857457623218485,7.484180665068285e-05
AAL_089,AAL_076,0.01119160362216843,0.01126644315276637,-7.483953059794074e-05
AAL_067,AAL_052,0.011070536889342798,0.011145355168351022,-7.481827900822358e-05
AAL_025,AAL_011,0.01083663760079469,0.010911445563229231,-7.480796243454144e-05
AAL_032,AAL_062,0.01043612527477945,0.010510898024195033,-7.47727494155824e-05
AAL_044,AAL_082,0.01132745959628851,0.011252696214534952,7.476338175355784e-05
AAL_064,AAL_011,0.010728602170243733,0.010653842501712052,7.47596685316803e-05
AAL_087,AAL_018,0.010654031933866378,0.010728781146203022,-7.474921233664375e-05
AAL_040,AAL_016,0.011300519234142624,0.011375256989696629,-7.473775555400484e-05
AAL_087,AAL_017,0.01065594774002257,0.01073063218564017,-7.468444561760032e-05
AAL_047,AAL_071,0.01035841732707798,0.010433037478763323,-7.462015168534404e-05
AAL_028,AAL_029,0.010038187572111687,0.010112789424861927,-7.460185275024074e-05
AAL_009,AAL_005,0.013078412383349024,0.013153003158958319,-7.459077560929492e-05
AAL_011,AAL_089,0.011350211567985706,0.011275628854338053,7.458271364765325e-05
AAL_050,AAL_028,0.010707681274248494,0.010782222968362105,-7.454169411361122e-05
AAL_079,AAL_018,0.012828801724757267,0.012903336458666153,-7.453473390888615e-05
AAL_050,AAL_083,0.010869029123320157,0.010794526072353051,7.45030509671056e-05
AAL_045,AAL_050,0.01288384173073384,0.012958342144751075,-7.450041401723534e-05
AAL_085,AAL_012,0.010733888392997349,0.010808355486940214,-7.446709394286558e-05
AAL_055,AAL_079,0.010455922092287203,0.010530365076350514,-7.444298406331096e-05
AAL_021,AAL_035,0.011469309646079047,0.011394894136481043,7.441550959800397e-05
AAL_054,AAL_030,0.010987780799165878,0.010913407467028343,7.437333213753533e-05
AAL_017,AAL_075,0.01136320819441452,0.011437577479715383,-7.436928530086227e-05
AAL_087,AAL_024,0.011774429498224432,0.011700105430470507,7.432406775392461e-05
AAL_053,AAL_080,0.011290476806700612,0.011216164414052189,7.431239264842245e-05
AAL_076,AAL_084,0.011324107368341368,0.01124981909333994,7.428827500142836e-05
AAL_073,AAL_087,0.01021310794326421,0.010287358668209897,-7.425072494568648e-05
AAL_016,AAL_043,0.010439957390563229,0.010365713905385942,7.424348517728711e-05
AAL_081,AAL_034,0.010938572878431942,0.011012750093087961,-7.417721465601858e-05
AAL_038,AAL_013,0.010544953869783089,0.010619128841638714,-7.417497185562526e-05
AAL_072,AAL_019,0.011786094974153317,0.011711922360967762,7.417261318555524e-05
AAL_068,AAL_060,0.0112655585209847,0.011339709881425053,-7.415136044035264e-05
AAL_011,AAL_025,0.01072061288321757,0.01079475075450192,-7.413787128435038e-05
AAL_020,AAL_019,0.011895018000888009,0.011969145667038987,-7.412766615097835e-05
AAL_030,AAL_029,0.012559874321564905,0.012485782151334635,7.409217023027041e-05
AAL_022,AAL_081,0.010913211818481995,0.010839128688846717,7.40831296352773e-05
AAL_008,AAL_047,0.010934241740908632,0.010860166725039333,7.407501586929877e-05
AAL_050,AAL_037,0.010979071048558013,0.010905008580507919,7.406246805009495e-05
AAL_090,AAL_011,0.010468642907933546,0.01054269474961104,-7.405184167749365e-05
AAL_034,AAL_080,0.010557187967893913,0.01048314688778101,7.404108011290281e-05
AAL_030,AAL_050,0.011013769226260165,0.010939743101744734,7.402612451543056e-05
AAL_067,AAL_074,0.010460695351322746,0.010534599303237854,-7.390395191510767e-05
AAL_019,AAL_017,0.010929382513635434,0.010855536126802045,7.384638683338891e-05
AAL_076,AAL_052,0.010769609612627672,0.010695794412390174,7.38152002374981e-05
AAL_046,AAL_038,0.011403597449549498,0.01132979398829026,7.380346125923816e-05
AAL_006,AAL_010,0.01268161764034094,0.012755418247161964,-7.380060682102459e-05
AAL_065,AAL_021,0.010890836037424767,0.010964619499578073,-7.378346215330608e-05
AAL_003,AAL_061,0.011272189159614917,0.011345960493326632,-7.377133371171476e-05
AAL_087,AAL_077,0.010824052688594047,0.010897821790675076,-7.376910208102896e-05
AAL_040,AAL_056,0.012093673691026166,0.01216735770791843,-7.368401689226457e-05
AAL_009,AAL_027,0.01186471882984679,0.011938396526995132,-7.367769714834195e-05
AAL_056,AAL_045,0.011672589848311538,0.011598976904401561,7.36129439099769e-05
AAL_071,AAL_064,0.0108263937330558,0.010899997903288298,-7.360417023249792e-05
AAL_089,AAL_078,0.011140264972694155,0.011213864782182661,-7.359980948850632e-05
AAL_087,AAL_044,0.01085672952218825,0.010930314077706846,-7.35845555185962e-05
AAL_057,AAL_013,0.010999166388781024,0.010925614150245639,7.355223853538519e-05
AAL_070,AAL_014,0.010736325745765343,0.010809861685128572,-7.353593936322914e-05
AAL_075,AAL_026,0.010611928265111951,0.01053839878273883,7.352948237312161e-05
AAL_002,AAL_007,0.010809398777623717,0.010735871704762095,7.352707286162156e-05
AAL_043,AAL_065,0.01078619099715645,0.01085968708929146,-7.349609213500898e-05
AAL_074,AAL_049,0.010689922530824939,0.010616429455153108,7.349307567183078e-05
AAL_071,AAL_073,0.011807567553403668,0.011880985870217863,-7.341831681419511e-05
AAL_035,AAL_051,0.011555757811372606,0.011629171759611177,-7.34139482385706e-05
AAL_011,AAL_065,0.011617766569854103,0.011544381899218406,7.338467063569727e-05
AAL_080,AAL_004,0.010245067893296607,0.010318442920301452,-7.337502700484506e-05
AAL_054,AAL_017,0.01093253205355225,0.010859181998163535,7.335005538871425e-05
AAL_028,AAL_004,0.011183003178582741,0.011256338381404912,-7.333520282217128e-05
AAL_001,AAL_063,0.011230659312926806,0.01130398829691759,-7.332898399078393e-05
AAL_008,AAL_010,0.012834516417585377,0.012761216626846908,7.329979073846839e-05
AAL_053,AAL_084,0.01132605537875659,0.011252793183009471,7.326219574711919e-05
AAL_080,AAL_037,0.01081905246545107,0.010892293090116297,-7.324062466522799e-05
AAL_010,AAL_089,0.011499917279913003,0.011426692916353051,7.322436355995145e-05
AAL_028,AAL_083,0.01119731172409832,0.011270517668231545,-7.320594413322626e-05
AAL_024,AAL_045,0.010845530336388411,0.01077232902254863,7.320131383978072e-05
AAL_028,AAL_011,0.010557276656469092,0.010630471534823662,-7.319487835457002e-05
AAL_062,AAL_003,0.010690615114429567,0.010763787590521885,-7.317247609231817e-05
AAL_033,AAL_007,0.011033558312596546,0.011106686211345952,-7.312789874940571e-05
AAL_062,AAL_047,0.010600398051846996,0.010527280182404347,7.31178694426491e-05
AAL_033,AAL_032,0.01091360369633533,0.010986709773133766,-7.310607679843553e-05
AAL_020,AAL_084,0.011139521821059732,0.011212589914815746,-7.306809375601415e-05
AAL_074,AAL_061,0.010848169778195074,0.010775110737487636,7.305904070743774e-05
AAL_057,AAL_063,0.012122936140841398,0.012049891662416476,7.304447842492248e-05
AAL_011,AAL_015,0.01204546452420326,0.011972448897199063,7.301562700419602e-05
AAL_026,AAL_072,0.011298683625208134,0.01122569157822848,7.29920469796537e-05
AAL_084,AAL_029,0.011633136785294637,0.011560152638380049,7.298414691458803e-05
AAL_080,AAL_031,0.010570762446150184,0.010643703102714223,-7.294065656403975e-05
AAL_036,AAL_084,0.011664622335925572,0.011591689097267523,7.29332386580489e-05
AAL_053,AAL_082,0.011352328689068429,0.011279418865778015,7.290982329041448e-05
AAL_045,AAL_081,0.010738602948860608,0.010665709437067544,7.289351179306375e-05
AAL_018,AAL_057,0.012188694501518566,0.01211581971015661,7.287479136195568e-05
AAL_068,AAL_066,0.012013553279555507,0.011940688079699098,7.286519985640928e-05
AAL_077,AAL_070,0.010586214665737417,0.010659064674662154,-7.285000892473699e-05
AAL_004,AAL_048,0.0103672829687468,0.01029445176190759,7.283120683920959e-05
AAL_016,AAL_071,0.01065485348375753,0.010727668615524882,-7.281513176735262e-05
AAL_062,AAL_079,0.010771190719758598,0.010698437223918089,7.275349584050933e-05
AAL_023,AAL_066,0.011326229914179088,0.011253478012461373,7.275190171771549e-05
AAL_005,AAL_034,0.011294227827770205,0.011366962374328975,-7.273454655877011e-05
AAL_089,AAL_004,0.011778251397319965,0.011705536566323442,7.27148309965231e-05
AAL_076,AAL_067,0.010849455490899391,0.010776752280186926,7.270321071246519e-05
AAL_003,AAL_081,0.010280641422678646,0.010353343272419928,-7.270184974128222e-05
AAL_050,AAL_049,0.013260994375181885,0.0133336736836815,-7.267930849961385e-05
AAL_056,AAL_028,0.010695486494666364,0.010768165349701498,-7.267885503513434e-05
AAL_005,AAL_003,0.012174898605300194,0.012247573649025437,-7.267504372524339e-05
AAL_026,AAL_011,0.010151913210463066,0.010224574989646155,-7.266177918308948e-05
AAL_013,AAL_011,0.013313658137479398,0.013241110602971489,7.254753450790935e-05
AAL_061,AAL_082,0.011219612742638867,0.011147094164829396,7.251857780947099e-05
AAL_006,AAL_076,0.010996885360895187,0.010924410428528307,7.247493236687934e-05
AAL_024,AAL_002,0.010645406340591164,0.01071787933372978,-7.247299313861526e-05
AAL_031,AAL_040,0.010806985008410918,0.010734523408503154,7.246159990776345e-05
AAL_040,AAL_078,0.011767485023786625,0.011695041300419247,7.244372336737831e-05
AAL_018,AAL_087,0.010878912897573577,0.010951299566969682,-7.238666939610519e-05
AAL_040,AAL_004,0.011173630712362818,0.011246014028214492,-7.238331585167346e-05
AAL_080,AAL_029,0.011484512806527762,0.011556885468660306,-7.237266213254434e-05
AAL_064,AAL_006,0.01015215962090426,0.010079832507237312,7.232711366694788e-05
AAL_026,AAL_040,0.011250683060711902,0.011178397982573095,7.228507813880625e-05
AAL_069,AAL_015,0.01124836323567881,0.011176081552232613,7.228168344619763e-05
AAL_005,AAL_062,0.01137090509590239,0.01144318573324763,-7.228063734524004e-05
AAL_041,AAL_036,0.010828733891965104,0.010900992285414014,-7.225839344890926e-05
AAL_043,AAL_083,0.011025884859343497,0.010953638644856644,7.22462144868534e-05
AAL_005,AAL_045,0.011130342363483377,0.011202577298169692,-7.223493468631534e-05
AAL_059,AAL_040,0.011028291287426,0.01110051383516259,-7.222254773658898e-05
AAL_060,AAL_051,0.011716412362427665,0.011644193315624303,7.221904680336164e-05
AAL_023,AAL_034,0.011267330529343368,0.011195111980490738,7.221854885263064e-05
AAL_010,AAL_045,0.011059455135757597,0.011131611962342825,-7.215682658522765e-05
AAL_090,AAL_010,0.010679332228998343,0.01075147958033286,-7.214735133451687e-05
AAL_083,AAL_058,0.011808727173389405,0.011880872583955008,-7.214541056560324e-05
AAL_041,AAL_031,0.01087092498365121,0.010943064352881081,-7.213936922987121e-05
AAL_079,AAL_006,0.011045138817280531,0.011117246706805957,-7.210788952542561e-05
AAL_068,AAL_067,0.01235255534744734,0.01228045942793339,7.209591951394881e-05
AAL_058,AAL_050,0.010831615957232494,0.010759526010944737,7.208994628775736e-05
AAL_083,AAL_002,0.011623312084354524,0.011695366992936388,-7.205490858186447e-05
AAL_060,AAL_033,0.011567823644568268,0.011639860897757131,-7.203725318886273e-05
AAL_043,AAL_036,0.011181338954892041,0.011253369888914726,-7.203093402268455e-05
AAL_048,AAL_036,0.011067783838122064,0.011139801354436365,-7.201751631430095e-05
AAL_063,AAL_008,0.011140007028181074,0.011067992605490809,7.201442269026519e-05
AAL_027,AAL_015,0.011945435761386512,0.01201741750497676,-7.198174359024888e-05
AAL_019,AAL_024,0.010922203423519038,0.010994137260166202,-7.193383664716446e-05
AAL_033,AAL_054,0.010558408629308399,0.010630311384316414,-7.190275500801487e-05
AAL_032,AAL_070,0.010615552510891078,0.010687446637684594,-7.189412679351609e-05
AAL_086,AAL_001,0.010927032555939041,0.010998903013414545,-7.187045747550358e-05
AAL_008,AAL_044,0.011013013754501684,0.01094116859840548,7.184515609620287e-05
AAL_049,AAL_068,0.01156402712998291,0.011635841355744574,-7.181422576166448e-05
AAL_057,AAL_008,0.010794586243314875,0.01086639545432687,-7.180921101199514e-05
AAL_030,AAL_058,0.011116188652335834,0.0111879958787346,-7.180722639876617e-05
AAL_068,AAL_076,0.010580790127651432,0.0105090422310841,7.1747896567333e-05
AAL_018,AAL_068,0.010453966866112035,0.010525663813146261,-7.169694703422665e-05
AAL_045,AAL_034,0.01095017934870771,0.011021865390832756,-7.168604212504613e-05
AAL_024,AAL_021,0.011486112681400573,0.011414429256068566,7.168342533200693e-05
AAL_044,AAL_054,0.012063402776073059,0.012135084912587631,-7.168213651457221e-05
AAL_077,AAL_037,0.011383733574826365,0.011312089148659268,7.164442616709732e-05
AAL_029,AAL_039,0.010653223084190335,0.010724841843523252,-7.161875933291671e-05
AAL_002,AAL_085,0.010528745044134239,0.01045713014207392,7.161490206031816e-05
AAL_080,AAL_089,0.01022026432542783,0.010291868199134436,-7.160387370660527e-05
AAL_078,AAL_068,0.011669642980505004,0.01159806244731615,7.158053318885409e-05
AAL_061,AAL_080,0.011235721668021547,0.011164181301874056,7.154036614749094e-05
AAL_077,AAL_025,0.010432598057688557,0.010361071382522138,7.152667516641814e-05
AAL_038,AAL_078,0.011740302651101707,0.011668785604609006,7.151704649270042e-05
AAL_052,AAL_043,0.011932170774755824,0.012003662804183237,-7.149202942741302e-05
AAL_063,AAL_010,0.011121222196130926,0.011049789404288564,7.143279184236226e-05
AAL_025,AAL_067,0.011137216260386074,0.011065832586501432,7.138367388464205e-05
AAL_018,AAL_023,0.010464864492448222,0.010536247152585545,-7.138266013732332e-05
AAL_029,AAL_074,0.011325341042401826,0.011396685458035682,-7.134441563385642e-05
AAL_065,AAL_066,0.012126608584553767,0.012055289393138354,7.131919141541328e-05
AAL_067,AAL_085,0.0108840884322412,0.0108127733854295,7.131504681169923e-05
AAL_055,AAL_015,0.010714507223958643,0.010785817150165218,-7.130992620657528e-05
AAL_009,AAL_023,0.011682074556811752,0.01161076625573354,7.13083010782118e-05
AAL_061,AAL_026,0.01044149056642165,0.010512795592785326,-7.13050263636758e-05
AAL_063,AAL_020,0.011818472815390963,0.01174719791360218,7.127490178878391e-05
AAL_083,AAL_060,0.011504570905787822,0.011575812344478614,-7.124143869079169e-05
AAL_035,AAL_042,0.011571809108185971,0.011643046536309548,-7.123742812357656e-05
AAL_069,AAL_034,0.011522966588282177,0.011594193594682748,-7.122700640057114e-05
AAL_046,AAL_083,0.0110744734824054,0.011003280599271097,7.119288313430297e-05
AAL_035,AAL_058,0.011159506099075716,0.011230656555934668,-7.115045685895244e-05
AAL_007,AAL_033,0.011192657349981431,0.011263804503302863,-7.114715332143251e-05
AAL_028,AAL_076,0.01074339399058531,0.01067224933902176,7.114465156355006e-05
AAL_014,AAL_085,0.010818556386929674,0.010889693479938779,-7.113709300910452e-05
AAL_007,AAL_019,0.011815338029374933,0.011886436286527968,-7.109825715303532e-05
AAL_045,AAL_036,0.01124683828650313,0.01131793272175431,-7.109443525117956e-05
AAL_027,AAL_041,0.010970309933918154,0.011041393519723533,-7.108358580537946e-05
AAL_031,AAL_050,0.010522699335781045,0.010593768932553881,-7.1069596772836e-05
AAL_032,AAL_037,0.010956733756197186,0.010885693779950106,7.103997624707988e-05
AAL_064,AAL_033,0.011515013163145155,0.011443975406973889,7.103775617126572e-05
AAL_067,AAL_077,0.010694568115087528,0.010765591832732888,-7.102371764535972e-05
AAL_046,AAL_025,0.011444951944912855,0.011373935858938594,7.101608597426083e-05
AAL_042,AAL_074,0.012136472733372934,0.012207482449211198,-7.100971583826401e-05
AAL_028,AAL_031,0.011095805022005852,0.011024820916447095,7.098410555875755e-05
AAL_034,AAL_040,0.010190910369189631,0.010119930878004276,7.097949118535507e-05
AAL_052,AAL_011,0.010684993104117677,0.010614014780680388,7.097832343728842e-05
AAL_045,AAL_057,0.010699745753190966,0.010628769451535073,7.097630165589335e-05
AAL_012,AAL_011,0.011904577726625606,0.011833607350885128,7.097037574047872e-05
AAL_065,AAL_053,0.010340634379217513,0.010411572545563465,-7.09381663459522e-05
AAL_086,AAL_050,0.011048561204861626,0.01097763438360123,7.092682126039543e-05
AAL_017,AAL_048,0.010569160877782693,0.010640065285097576,-7.090440731488332e-05
AAL_025,AAL_040,0.011394541495694565,0.011323645105469907,7.089639022465725e-05
AAL_071,AAL_050,0.010725703673500918,0.010796596596558248,-7.089292305732971e-05
AAL_015,AAL_007,0.011700885561414255,0.011630005767065153,7.087979434910151e-05
AAL_050,AAL_015,0.010618744740405908,0.010547890029755183,7.085471065072443e-05
AAL_022,AAL_075,0.0109062303438719,0.010835454600491092,7.077574338080865e-05
AAL_047,AAL_031,0.010375920545835143,0.01044666695942358,-7.07464135884378e-05
AAL_081,AAL_072,0.010367692404418673,0.010438437964166365,-7.074555974769144e-05
AAL_040,AAL_082,0.011248394825026138,0.011177664421609702,7.073040341643543e-05
AAL_066,AAL_041,0.010305868330387732,0.010376598519589705,-7.073018920197328e-05
AAL_030,AAL_024,0.010448304902459694,0.010518993669311994,-7.068876685229972e-05
AAL_068,AAL_063,0.01030452749851104,0.010375208156668666,-7.068065815762567e-05
AAL_090,AAL_049,0.01095724929498238,0.010886584843044394,7.06644519379851e-05
AAL_085,AAL_087,0.011529011048901921,0.011599674065211422,-7.066301630950095e-05
AAL_055,AAL_006,0.010508845460752392,0.01057948919692569,-7.064373617329811e-05
AAL_017,AAL_066,0.010202757652021117,0.010273381619351377,-7.062396733025986e-05
AAL_021,AAL_034,0.010901365144592192,0.010830750820636009,7.061432395618315e-05
AAL_051,AAL_028,0.010778666071944002,0.010708056614449983,7.060945749401935e-05
AAL_065,AAL_011,0.011537518893551623,0.011466945553887126,7.057333966449704e-05
AAL_060,AAL_075,0.010830687480365746,0.010901258123701175,-7.057064333542903e-05
AAL_052,AAL_088,0.01065848538906783,0.010587915290544554,7.057009852327704e-05
AAL_080,AAL_073,0.011479012934793519,0.011549572079042643,-7.055914424912435e-05
AAL_070,AAL_085,0.011034315748490457,0.010963759160884852,7.05565876056042e-05
AAL_020,AAL_022,0.010221839878453404,0.010292392857280322,-7.055297882691859e-05
AAL_047,AAL_068,0.010618817393516755,0.01068935665087058,-7.053925735382542e-05
AAL_078,AAL_048,0.01189699093811214,0.011826473128780834,7.051780933130594e-05
AAL_035,AAL_007,0.011542360513256146,0.011612844140391343,-7.04836271351976e-05
AAL_074,AAL_013,0.010925462843579615,0.010854990686065802,7.0472157513813e-05
AAL_011,AAL_013,0.013152555075004442,0.013082148181390082,7.040689361435988e-05
AAL_068,AAL_048,0.0114521000884537,0.011381697249379258,7.040283907444253e-05
AAL_079,AAL_089,0.010911744422255417,0.010982144506135147,-7.040008387972953e-05
AAL_089,AAL_059,0.011646369299015556,0.011575981066388913,7.0388232626643e-05
AAL_029,AAL_081,0.011882948137931207,0.011953335313158798,-7.0387175227591e-05
AAL_090,AAL_021,0.010543484630811418,0.010613834129521629,-7.034949871021108e-05
AAL_023,AAL_036,0.011537937387728538,0.011467592291552435,7.034509617610298e-05
AAL_038,AAL_057,0.010793896117367042,0.010864234009466456,-7.033789209941362e-05
AAL_046,AAL_003,0.011315312767878938,0.011385604249262632,-7.029148138369343e-05
AAL_033,AAL_055,0.010653445628495553,0.010583167724662619,7.027790383293438e-05
AAL_089,AAL_005,0.011780783687280411,0.011710541366735848,7.024232054456299e-05
AAL_003,AAL_063,0.010406383882380195,0.010476601781513053,-7.02178991328576e-05
AAL_030,AAL_065,0.010417696492523592,0.010487897573478022,-7.020108095442956e-05
AAL_084,AAL_057,0.010613580694040045,0.01068376652924136,-7.018583520131474e-05
AAL_019,AAL_008,0.010896713542552967,0.010966861592813697,-7.014805026073039e-05
AAL_036,AAL_040,0.012177718833136635,0.012107587377852749,7.01314552838863e-05
AAL_066,AAL_062,0.01197942928212066,0.012049527928954171,-7.009864683351144e-05
AAL_080,AAL_002,0.010801793770609885,0.01087188296639372,-7.00891957838342e-05
AAL_044,AAL_039,0.011370944543781444,0.011300864213472117,7.008033030932691e-05
AAL_077,AAL_061,0.010855547888761656,0.010785491013941042,7.005687482061415e-05
AAL_062,AAL_089,0.0106497455177367,0.010579703680745721,7.004183699097812e-05
AAL_069,AAL_056,0.011309901853370616,0.011239883785711476,7.001806765914026e-05
AAL_045,AAL_019,0.010477311226626875,0.010547325419488527,-7.001419286165218e-05
AAL_032,AAL_080,0.011000691216566369,0.010930682537111248,7.000867945512051e-05
AAL_086,AAL_006,0.011176680373903522,0.011246677723807968,-6.999734990444616e-05
AAL_016,AAL_006,0.011572845246340347,0.011642838892972943,-6.999364663259552e-05
AAL_087,AAL_057,0.01097806359633294,0.0110480528990403,-6.998930270736038e-05
AAL_044,AAL_024,0.0112670499445377,0.011197069971810648,6.997997272705121e-05
AAL_076,AAL_051,0.010732480499925267,0.010662501162523519,6.997933740174843e-05
AAL_041,AAL_090,0.010913168171691334,0.010983113271112625,-6.994509942129072e-05
AAL_054,AAL_085,0.011000321684484808,0.01093038851418359,6.993317030121703e-05
AAL_021,AAL_054,0.010910565964877605,0.010980445507997023,-6.987954311941762e-05
AAL_049,AAL_030,0.010855643476685908,0.010785774327814579,6.986914887132864e-05
AAL_075,AAL_066,0.010556327115394112,0.010486459093764609,6.986802162950272e-05
AAL_039,AAL_063,0.010346774047670456,0.010416634415482025,-6.986036781156911e-05
AAL_078,AAL_062,0.01134903613740626,0.011279180846997437,6.98552904088226e-05
AAL_049,AAL_031,0.010677768102584358,0.01074761205882056,-6.984395623620132e-05
AAL_045,AAL_030,0.01069314818845218,0.010623306636848757,6.98415516034237e-05
AAL_040,AAL_006,0.011489133306771006,0.011558956887212491,-6.982358044148491e-05
AAL_042,AAL_026,0.011470687289077502,0.011540432592331623,-6.9745303254121e-05
AAL_012,AAL_056,0.010618921130513534,0.010549211271439977,6.970985907355648e-05
AAL_059,AAL_070,0.011847591680339258,0.011777897557202108,6.969412313715014e-05
AAL_016,AAL_029,0.010855035344934743,0.01078534197690839,6.969336802635333e-05
AAL_080,AAL_052,0.01034860510745237,0.01041829339448113,-6.968828702876018e-05
AAL_079,AAL_040,0.011444935063696187,0.011375294316550787,6.964074714540039e-05
AAL_085,AAL_054,0.010713555324727144,0.010783146634679426,-6.959130995228165e-05
AAL_070,AAL_073,0.010717102837884147,0.010786666019493829,-6.956318160968207e-05
AAL_050,AAL_051,0.01222685450473084,0.0122964037605388,-6.954925580796023e-05
AAL_040,AAL_046,0.011321090529951403,0.011251545758460355,6.954477149104764e-05
AAL_030,AAL_031,0.011289416503909433,0.01135894548027746,-6.952897636802735e-05
AAL_022,AAL_080,0.011056000756848062,0.01098650219681541,6.949856003265163e-05
AAL_089,AAL_053,0.011652575503302436,0.011722063715049707,-6.948821174727025e-05
AAL_065,AAL_030,0.010184692995001873,0.010254144756396119,-6.945176139424615e-05
AAL_026,AAL_012,0.01008525214349039,0.010154688407299536,-6.943626380914551e-05
AAL_018,AAL_022,0.011017973407402508,0.011087401465006709,-6.942805760420077e-05
AAL_020,AAL_003,0.010950376594072988,0.011019768456815194,-6.939186274220605e-05
AAL_061,AAL_024,0.010630984593612643,0.010700370769753645,-6.938617614100223e-05
AAL_090,AAL_030,0.010267512188253239,0.010336892794882393,-6.938060662915399e-05
AAL_027,AAL_042,0.011012554051290847,0.011081895261781091,-6.934121049024383e-05
AAL_045,AAL_078,0.010520073441931834,0.01058938345934262,-6.931001741078587e-05
AAL_028,AAL_022,0.01212708261779422,0.012196382516925744,-6.929989913152454e-05
AAL_038,AAL_026,0.011451993812209902,0.011382713255289915,6.928055691998725e-05
AAL_067,AAL_070,0.0114362428490168,0.011505497383790336,-6.925453477353571e-05
AAL_007,AAL_055,0.010694734220846724,0.010625483024467901,6.925119637882227e-05
AAL_057,AAL_085,0.011207693690258978,0.011138465225456222,6.922846480275635e-05
AAL_044,AAL_072,0.011272733702730292,0.011203510890120904,6.922281260938849e-05
AAL_027,AAL_026,0.012059079895082574,0.012128298815626364,-6.921892054378986e-05
AAL_010,AAL_090,0.011418943966014517,0.011488148307071873,-6.920434105735576e-05
AAL_058,AAL_086,0.010732849850916328,0.010663668259922831,6.918159099349695e-05
AAL_089,AAL_071,0.011297842410082618,0.011366988215641704,-6.914580555908607e-05
AAL_024,AAL_048,0.011106076530921154,0.011036946008411737,6.913052250941652e-05
AAL_033,AAL_010,0.010395013651627505,0.010464138769667142,-6.912511803963683e-05
AAL_029,AAL_036,0.01032783843489348,0.01039696247929305,-6.91240443995711e-05
AAL_050,AAL_056,0.012552084958451426,0.012482983439180898,6.910151927052785e-05
AAL_016,AAL_032,0.010889723144758206,0.010958816523365583,-6.909337860737733e-05
AAL_069,AAL_021,0.011246820006312596,0.011177744704850999,6.907530146159704e-05
AAL_076,AAL_081,0.011128588277114253,0.011197661846950096,-6.90735698358428e-05
AAL_032,AAL_006,0.011285197636526492,0.011216165581094124,6.903205543236715e-05
AAL_068,AAL_036,0.01217133928146054,0.012102329659809546,6.900962165099465e-05
AAL_079,AAL_081,0.013137467597555528,0.013206452059631165,-6.898446207563753e-05
AAL_045,AAL_014,0.01058533563851737,0.010516356300128158,6.897933838921275e-05
AAL_089,AAL_083,0.011949742951183619,0.012018695293414977,-6.895234223135843e-05
AAL_008,AAL_058,0.010855547707671156,0.010924477677875506,-6.892997020434971e-05
AAL_065,AAL_012,0.01097590866116568,0.010906979305295288,6.892935587039274e-05
AAL_085,AAL_069,0.010876294822455982,0.010807378700571527,6.891612188445438e-05
AAL_057,AAL_004,0.010945880300023107,0.01101478562914482,-6.890532912171357e-05
AAL_082,AAL_030,0.011484808063643992,0.011553704593025573,-6.889652938158082e-05
AAL_006,AAL_040,0.011146718309794227,0.01121559004454178,-6.887173474755259e-05
AAL_079,AAL_088,0.011275791348173069,0.011344637603917282,-6.884625574421314e-05
AAL_061,AAL_066,0.01183739870500106,0.011768579672532106,6.881903246895409e-05
AAL_055,AAL_053,0.011779968656647282,0.011848772221958962,-6.880356531168037e-05
AAL_076,AAL_086,0.010932860205459416,0.01100166265623963,-6.880245078021326e-05
AAL_049,AAL_023,0.010754117634720527,0.010822907679485476,-6.879004476494956e-05
AAL_066,AAL_010,0.011704181716976386,0.01163540409632933,6.877762064705535e-05
AAL_052,AAL_010,0.01070224336332554,0.01063348678987538,6.87565734501603e-05
AAL_085,AAL_005,0.010757484550898274,0.01068873461289678,6.874993800149408e-05
AAL_002,AAL_001,0.011761657133475583,0.011692929224899182,6.872790857640095e-05
AAL_058,AAL_053,0.010817420292788973,0.010748770007073288,6.865028571568545e-05
AAL_011,AAL_078,0.010830766437814021,0.010899378851093074,-6.861241327905249e-05
AAL_007,AAL_065,0.01194705626465635,0.012015665578598124,-6.860931394177434e-05
AAL_085,AAL_070,0.010934515115924371,0.010865945738761065,6.856937716330676e-05
AAL_004,AAL_070,0.010552665168960761,0.010621232870346855,-6.856770138609358e-05
AAL_061,AAL_045,0.010900861675190365,0.010969401596035466,-6.853992084510097e-05
AAL_057,AAL_076,0.010986319697326701,0.011054783752164976,-6.846405483827527e-05
AAL_054,AAL_028,0.010982697226632481,0.010914251427847901,6.844579878458046e-05
AAL_035,AAL_057,0.011232159972095337,0.011300604725741866,-6.84447536465297e-05
AAL_081,AAL_032,0.010565469337977532,0.010633910518537088,-6.844118055955584e-05
AAL_029,AAL_068,0.010079469084023284,0.010147908025377293,-6.843894135400916e-05
AAL_058,AAL_088,0.010605268648021624,0.010536837507104015,6.843114091760819e-05
AAL_034,AAL_014,0.01049459083045586,0.010426167287764418,6.842354269144188e-05
AAL_010,AAL_068,0.011254428846077023,0.011322835199165137,-6.840635308811432e-05
AAL_040,AAL_032,0.011394641738241682,0.011326241542679943,6.840019556173839e-05
AAL_076,AAL_015,0.01109010832479749,0.011021726593726473,6.838173107101726e-05
AAL_005,AAL_059,0.011383371244574714,0.011451749748113582,-6.837850353886774e-05
AAL_019,AAL_080,0.010689790667090407,0.010621419751891872,6.83709151985349e-05
AAL_090,AAL_015,0.010695282929043612,0.010763645807637027,-6.836287859341567e-05
AAL_084,AAL_058,0.010632113826214375,0.010700451071482734,-6.833724526835935e-05
AAL_022,AAL_023,0.011435214111692885,0.01136687939418087,6.833471751201484e-05
AAL_027,AAL_066,0.01093509526620818,0.011003389279762509,-6.829401355432953e-05
AAL_019,AAL_058,0.011018139326101186,0.010949896234861822,6.82430912393641e-05
AAL_057,AAL_084,0.01108194955298279,0.011150161155658976,-6.821160267618531e-05
AAL_009,AAL_037,0.010835621782586489,0.010767423933737036,6.819784884945328e-05
AAL_085,AAL_029,0.010786489113910586,0.010854673980927054,-6.818486701646795e-05
AAL_044,AAL_015,0.01098430908531842,0.010916124435405133,6.818464991328703e-05
AAL_060,AAL_087,0.010858316169494493,0.01079016960880005,6.81465606944421e-05
AAL_067,AAL_035,0.011257098601637488,0.011188965260742171,6.813334089531692e-05
AAL_003,AAL_052,0.010570769508679708,0.010638897170869648,-6.812766218993946e-05
AAL_069,AAL_008,0.011041775192571884,0.011109880278021024,-6.810508544913968e-05
AAL_010,AAL_016,0.01278940301675063,0.012857501066888384,-6.809805013775413e-05
AAL_045,AAL_087,0.010501360658030862,0.01043328739212775,6.807326590311212e-05
AAL_034,AAL_068,0.010776021517813206,0.01084409366886388,-6.807215105067432e-05
AAL_004,AAL_008,0.011854854639237508,0.01192290337049118,-6.804873125367157e-05
AAL_015,AAL_045,0.01062796969547804,0.01055994188232768,6.80278131503613e-05
AAL_031,AAL_054,0.010583052660426142,0.01065096243171405,-6.790977128790822e-05
AAL_059,AAL_036,0.011229809508937547,0.011297700945149284,-6.789143621173735e-05
AAL_043,AAL_079,0.011191517769351091,0.011123680585889011,6.783718346208001e-05
AAL_084,AAL_072,0.010682673026353885,0.010750436811030798,-6.776378467691392e-05
AAL_018,AAL_010,0.011000564532816155,0.011068324056955485,-6.775952413932973e-05
AAL_067,AAL_081,0.010681047233649425,0.01074879005939582,-6.774282574639398e-05
AAL_008,AAL_021,0.01095661382851565,0.010888889852550722,6.77239759649291e-05
AAL_002,AAL_019,0.011109681306486456,0.011041962430713046,6.771887577340999e-05
AAL_063,AAL_067,0.011573181240859196,0.011640885916466896,-6.770467560770002e-05
AAL_056,AAL_035,0.010518959623912716,0.01058664866642236,-6.768904250964436e-05
AAL_041,AAL_050,0.01073491840193478,0.010667233217147088,6.768518478769171e-05
AAL_062,AAL_056,0.0106427422645064,0.010575062461271328,6.767980323507151e-05
AAL_026,AAL_009,0.010725716007555015,0.010793393750492456,-6.76777429374411e-05
AAL_043,AAL_041,0.011092576552500837,0.011024905033594474,6.767151890636237e-05
AAL_081,AAL_024,0.010184477358005749,0.0102521165507492,-6.763919274345095e-05
AAL_033,AAL_061,0.011202242874150347,0.011269874117399563,-6.76312432492162e-05
AAL_070,AAL_082,0.011190252195502449,0.011122624066290873,6.76281292115756e-05
AAL_017,AAL_006,0.0102433621401811,0.010310990183565663,-6.762804338456344e-05
AAL_047,AAL_016,0.010310282192439733,0.01024272511239457,6.755708004516255e-05
AAL_020,AAL_058,0.011388545593199058,0.011456099433579456,-6.755384038039866e-05
AAL_054,AAL_046,0.011491789052692743,0.011424236251480379,6.755280121236405e-05
AAL_042,AAL_004,0.011176930591225242,0.011244436658955833,-6.75060677305904e-05
AAL_061,AAL_002,0.011933407101493616,0.011865940971055042,6.746613043857354e-05
AAL_065,AAL_041,0.010418088611167593,0.01048554783275642,-6.745922158882776e-05
AAL_049,AAL_025,0.01092310396866857,0.01099055966191345,-6.745569324487916e-05
AAL_064,AAL_055,0.01050697922364323,0.010439545080232118,6.743414341111274e-05
AAL_010,AAL_023,0.011217507605369274,0.011284918898702704,-6.741129333343032e-05
AAL_044,AAL_029,0.011084375453269126,0.011016969300954424,6.740615231470154e-05
AAL_050,AAL_085,0.010852025688474631,0.01078462004476682,6.740564370781056e-05
AAL_058,AAL_027,0.010490405990176985,0.01042300853046309,6.739745971389571e-05
AAL_007,AAL_015,0.011537924056681685,0.011470594339386997,6.732971729468858e-05
AAL_056,AAL_075,0.010544161383922283,0.010611441215181322,-6.727983125903898e-05
AAL_047,AAL_056,0.012114666897851305,0.012047397943384594,6.726895446671106e-05
AAL_060,AAL_015,0.01061859640937585,0.01055133810484084,6.725830453501065e-05
AAL_031,AAL_017,0.010534313821798971,0.010601571398248744,-6.725757644977272e-05
AAL_081,AAL_039,0.0106287035637368,0.010695948036706477,-6.72444729696766e-05
AAL_010,AAL_042,0.011102928899419613,0.011170169400980248,-6.72405015606347e-05
AAL_048,AAL_035,0.010690756689390948,0.010757987380545429,-6.723069115448059e-05
AAL_006,AAL_048,0.010853007483558778,0.010785777983775653,6.722949978312485e-05
AAL_085,AAL_081,0.011112203057377767,0.011179428117779585,-6.722506040181785e-05
AAL_012,AAL_072,0.010961116814954031,0.010893897409955266,6.721940499876573e-05
AAL_054,AAL_039,0.011005341300231397,0.01093814908422844,6.719221600295748e-05
AAL_006,AAL_011,0.010672622825950384,0.010739809680942715,-6.718685499233074e-05
AAL_008,AAL_053,0.011006278754012961,0.010939101029936197,6.717772407676369e-05
AAL_041,AAL_055,0.011234859378737772,0.011302031350157988,-6.717197142021639e-05
AAL_080,AAL_030,0.011571668673497744,0.01163880586411536,-6.713719061761554e-05
AAL_031,AAL_084,0.010891994465397209,0.010959126503569613,-6.713203817240374e-05
AAL_009,AAL_057,0.010779849651595976,0.01071272989406849,6.711975752748608e-05
AAL_054,AAL_074,0.010946364651442084,0.010879252704493608,6.711194694847614e-05
AAL_061,AAL_056,0.010848758943203805,0.010781658284144277,6.710065905952793e-05
AAL_072,AAL_002,0.01150028971541259,0.011433207013970126,6.708270144246443e-05
AAL_061,AAL_067,0.011773674257306589,0.01184074984627681,-6.707558897022133e-05
AAL_003,AAL_024,0.011639584564309344,0.011572523190461969,6.706137384737514e-05
AAL_016,AAL_019,0.010608764180244926,0.010675811851235388,-6.704767099046174e-05
AAL_083,AAL_041,0.012844727766644368,0.012911735506954767,-6.700774031039892e-05
AAL_087,AAL_071,0.010945988576222435,0.011012947702174892,-6.695912595245691e-05
AAL_064,AAL_086,0.010490573588440306,0.01042361507566632,6.695851277398711e-05
AAL_056,AAL_036,0.010565716639941191,0.010632672920249976,-6.695628030878482e-05
AAL_079,AAL_041,0.01174345313428113,0.011676498545477023,6.695458880410718e-05
AAL_012,AAL_070,0.01060956182419999,0.010676491758312392,-6.69299341124023e-05
AAL_049,AAL_072,0.010798796326813534,0.010865707488883073,-6.691116206953944e-05
AAL_067,AAL_029,0.010425015165605862,0.01049190094098264,-6.688577537677758e-05
AAL_022,AAL_033,0.010701857529118912,0.010634983725679423,6.687380343948883e-05
AAL_055,AAL_027,0.010744686741939085,0.010811533818192429,-6.6847076253344e-05
AAL_046,AAL_079,0.011163750792750053,0.011096934801794902,6.681599095515085e-05
AAL_028,AAL_073,0.010003714991383191,0.010070480006485808,-6.676501510261695e-05
AAL_041,AAL_025,0.01080800648818477,0.010874742919361916,-6.67364311771456e-05
AAL_060,AAL_014,0.011421431755471943,0.011354710689512435,6.672106595950744e-05
AAL_070,AAL_026,0.010863450670248678,0.010796735585475382,6.67150847732962e-05
AAL_062,AAL_058,0.01122187504855295,0.011155167014497534,6.670803405541686e-05
AAL_075,AAL_069,0.010972615854782809,0.011039307911790187,-6.669205700737812e-05
AAL_051,AAL_056,0.011345960167992828,0.011279270882549564,6.66892854432645e-05
AAL_050,AAL_021,0.010901903544560585,0.010968586131837913,-6.668258727732766e-05
AAL_073,AAL_069,0.010687195787476933,0.010753863976422522,-6.666818894558897e-05
AAL_030,AAL_020,0.011580082462527432,0.011513441669345642,6.66407931817891e-05
AAL_047,AAL_081,0.01068324712304096,0.010616669301914222,6.657782112673774e-05
AAL_065,AAL_059,0.010620424987620905,0.010686975642668994,-6.655065504808898e-05
AAL_051,AAL_027,0.01064257133497387,0.010576023327339227,6.654800763464253e-05
AAL_012,AAL_027,0.010404638810735991,0.010471169661185139,-6.653085044914728e-05
AAL_038,AAL_011,0.01049579424250266,0.010562323147047394,-6.652890454473398e-05
AAL_072,AAL_084,0.011962200747802854,0.012028712252381422,-6.651150457856816e-05
AAL_005,AAL_023,0.01172951269799318,0.011796002481918477,-6.648978392529738e-05
AAL_036,AAL_061,0.01172591618493072,0.011792376501111328,-6.646031618060856e-05
AAL_055,AAL_013,0.010811763359870538,0.01087822009192285,-6.645673205231233e-05
AAL_083,AAL_059,0.01148985657029045,0.011556283439100529,-6.642686881007907e-05
AAL_031,AAL_019,0.011094677568469038,0.011161094487508384,-6.641691903934606e-05
AAL_055,AAL_018,0.010410943046673877,0.01047734213211844,-6.639908544456286e-05
AAL_005,AAL_074,0.011179314038724218,0.01111292804385681,6.638599486740761e-05
AAL_068,AAL_002,0.010616265959703388,0.010682639367785999,-6.637340808261089e-05
AAL_009,AAL_007,0.01228718158717339,0.012220824980835612,6.635660633777692e-05
AAL_030,AAL_016,0.011446999017801931,0.011380644223974005,6.635479382792638e-05
AAL_081,AAL_067,0.010632409003730386,0.010698758738194003,-6.634973446361693e-05
AAL_056,AAL_025,0.01066724052772117,0.010733573290775934,-6.633276305476402e-05
AAL_066,AAL_011,0.010810409797928654,0.010744080522904178,6.63292750244758e-05
AAL_058,AAL_009,0.010377107387106134,0.01031078075615703,6.632663094910396e-05
AAL_030,AAL_052,0.010776288425311064,0.010709965987496134,6.632243781493075e-05
AAL_052,AAL_087,0.01067525066801498,0.010608931737616843,6.631893039813798e-05
AAL_021,AAL_037,0.011276494257916242,0.011210252246623004,6.624201129323826e-05
AAL_045,AAL_033,0.010991890737627689,0.011058054873650483,-6.616413602279422e-05
AAL_039,AAL_046,0.010657415416839922,0.010591253843944215,6.616157289570691e-05
AAL_041,AAL_007,0.010449190156406954,0.010515334470562692,-6.61443141557385e-05
AAL_073,AAL_080,0.01144997420736676,0.011383837823832302,6.613638353445903e-05
AAL_047,AAL_076,0.010344933459742202,0.010411052114189263,-6.61186544470612e-05
AAL_019,AAL_038,0.010264698915486025,0.01019860423001329,6.609468547273505e-05
AAL_036,AAL_057,0.01129918841398361,0.011365279199430724,-6.609078544711489e-05
AAL_004,AAL_044,0.01035697008562712,0.010290890328918882,6.607975670823787e-05
AAL_033,AAL_035,0.010804399304712812,0.010870467124982892,-6.606782027008054e-05
AAL_057,AAL_027,0.011045842304125301,0.010979779383569734,6.606292055556795e-05
AAL_086,AAL_063,0.01089117171553274,0.010957233258811918,-6.606154327917779e-05
AAL_081,AAL_008,0.010368384894493043,0.010434425036161769,-6.604014166872521e-05
AAL_070,AAL_047,0.010887843317901477,0.010821807792146804,6.603552575467318e-05
AAL_059,AAL_045,0.011464303590229943,0.011530338345146357,-6.603475491641364e-05
AAL_024,AAL_034,0.011380491696664283,0.011314465597308894,6.602609935538878e-05
AAL_020,AAL_068,0.010533147885535773,0.010599143902491547,-6.599601695577405e-05
AAL_062,AAL_085,0.010333727842244582,0.010267737041927745,6.599080031683725e-05
AAL_018,AAL_014,0.011838626926446445,0.011772652921583457,6.597400486298838e-05
AAL_054,AAL_027,0.010983716929331422,0.010917748768280073,6.596816105134892e-05
AAL_012,AAL_044,0.010647725592502672,0.010581816186106974,6.590940639569776e-05
AAL_049,AAL_042,0.01096818189168524,0.010902285166824278,6.589672486096224e-05
AAL_080,AAL_014,0.010618209840857193,0.010684099529058702,-6.58896882015092e-05
AAL_049,AAL_075,0.010818099907527749,0.01075221585900183,6.588404852591809e-05
AAL_083,AAL_040,0.012357298121588606,0.012423152966013469,-6.585484442486224e-05
AAL_089,AAL_033,0.01093620950411846,0.01087036382675023,6.584567736822936e-05
AAL_048,AAL_040,0.011204586997150611,0.01113875710611086,6.582989103975055e-05
AAL_059,AAL_015,0.011175667769554207,0.01110984209148449,6.582567806971695e-05
AAL_087,AAL_007,0.010715572173412666,0.010649748564820283,6.582360859238266e-05
AAL_028,AAL_049,0.010540326852271827,0.010606132533225617,-6.580568095379026e-05
AAL_082,AAL_031,0.010400653042647446,0.010466453864264577,-6.580082161713151e-05
AAL_055,AAL_080,0.010511773170775965,0.010577571566768971,-6.579839599300634e-05
AAL_014,AAL_045,0.01088541494602831,0.010819634364885521,6.57805811427898e-05
AAL_025,AAL_018,0.010480194458037488,0.010545951873526235,-6.57574154887472e-05
AAL_086,AAL_064,0.010897467766577998,0.010963221616747214,-6.575385016921627e-05
AAL_038,AAL_082,0.010979122291199671,0.011044876028323736,-6.57537371240649e-05
AAL_029,AAL_047,0.010769708724851664,0.010835443126504534,-6.573440165287027e-05
AAL_090,AAL_018,0.010297451367299272,0.01036315617005967,-6.570480276039785e-05
AAL_064,AAL_036,0.01023207751946508,0.010166409131943735,6.56683875213445e-05
AAL_051,AAL_072,0.01019427477199043,0.010259912524917729,-6.563775292729897e-05
AAL_006,AAL_046,0.011082393678430563,0.011016810451525612,6.558322690495069e-05
AAL_073,AAL_025,0.01010674769536425,0.010172308859399175,-6.556116403492497e-05
AAL_014,AAL_074,0.011402364436170867,0.011336827611379677,6.553682479118993e-05
AAL_086,AAL_073,0.010732360900594639,0.010797892119411944,-6.553121881730517e-05
AAL_059,AAL_086,0.011016581971675921,0.010951055109815177,6.552686186074401e-05
AAL_078,AAL_020,0.011759888484246202,0.011694375453308854,6.551303093734785e-05
AAL_068,AAL_056,0.011026646732949676,0.010961143919278315,6.550281367136146e-05
AAL_043,AAL_042,0.011091655653575037,0.011026161727460827,6.549392611420943e-05
AAL_029,AAL_023,0.010372720800069535,0.010438180068697291,-6.54592686277558e-05
AAL_022,AAL_090,0.01095191721454199,0.011017323367611942,-6.54061530699513e-05
AAL_035,AAL_061,0.011370159005029844,0.011435553015535583,-6.539401050573851e-05
AAL_047,AAL_086,0.01064787488669539,0.010582496040031572,6.537884666381853e-05
AAL_009,AAL_078,0.01080902027260735,0.010743650667850048,6.536960475730241e-05
AAL_090,AAL_045,0.010400486763757773,0.010335117929774538,6.536883398323458e-05
AAL_088,AAL_067,0.010986741737693421,0.010921382957667335,6.535878002608686e-05
AAL_060,AAL_046,0.01141583788781785,0.011481194662175167,-6.53567743573169e-05
AAL_039,AAL_090,0.011209482940025309,0.011274825580529037,-6.534264050372766e-05
AAL_012,AAL_023,0.010385005979631573,0.01045033319508911,-6.532721545753767e-05
AAL_024,AAL_013,0.01097712586992062,0.011042425332697243,-6.529946277662214e-05
AAL_013,AAL_068,0.010580744190364439,0.010646022650558806,-6.52784601943672e-05
AAL_010,AAL_033,0.010890509509362089,0.010955775052623328,-6.526554326123993e-05
AAL_053,AAL_002,0.011836525803017948,0.011771271379650675,6.52544233672725e-05
AAL_061,AAL_088,0.010774956041007724,0.010709713545926008,6.524249508171528e-05
AAL_009,AAL_046,0.010640902132289404,0.010706082388536806,-6.518025624740152e-05
AAL_069,AAL_006,0.01120030626646665,0.011135139532627599,6.516673383905047e-05
AAL_017,AAL_008,0.01040484208183793,0.010469993576407433,-6.515149456950281e-05
AAL_027,AAL_011,0.010988340593683414,0.011053484973148732,-6.514437946531816e-05
AAL_019,AAL_059,0.01094870785704981,0.01088360039558881,6.510746146099963e-05
AAL_037,AAL_065,0.010543181648493832,0.010608280537460489,-6.509888896665678e-05
AAL_032,AAL_027,0.01107312960582029,0.01100804342220424,6.50861836160501e-05
AAL_055,AAL_056,0.011838269955279607,0.011903338485556856,-6.506853027724892e-05
AAL_005,AAL_067,0.011165281455231529,0.011230229106604608,-6.49476513730797e-05
AAL_062,AAL_027,0.010418084782397008,0.010483021547477092,-6.493676508008417e-05
AAL_052,AAL_047,0.01211979054312548,0.012054878806986524,6.491173613895618e-05
AAL_032,AAL_075,0.01113008417817963,0.011065180630656537,6.490354752309267e-05
AAL_002,AAL_014,0.011511125554067966,0.01144622352491907,6.490202914889547e-05
AAL_048,AAL_054,0.011718489938121066,0.011783384856659336,-6.489491853827085e-05
AAL_006,AAL_030,0.010638215147261309,0.010703053517225511,-6.483836996420272e-05
AAL_002,AAL_004,0.010961949061124753,0.011026778808395117,-6.482974727036427e-05
AAL_061,AAL_060,0.012159394967950817,0.01209456553317551,6.482943477530666e-05
AAL_064,AAL_084,0.01082825419317899,0.01076343781072138,6.481638245761125e-05
AAL_062,AAL_032,0.010265550749280896,0.010330366495321909,-6.4815746041013e-05
AAL_019,AAL_006,0.010399318433517957,0.010464102968055913,-6.478453453795559e-05
AAL_038,AAL_050,0.010828311547127545,0.010763528442504833,6.478310462271208e-05
AAL_028,AAL_066,0.0109968719820882,0.011061642138708023,-6.477015661982173e-05
AAL_050,AAL_074,0.01096184913896852,0.0108970840653363,6.476507363221973e-05
AAL_012,AAL_014,0.012944562688995248,0.01287985483078152,6.470785821372817e-05
AAL_067,AAL_050,0.011210857705475811,0.011275555649610518,-6.469794413470689e-05
AAL_002,AAL_036,0.010199672202221476,0.010264367435968692,-6.469523374721606e-05
AAL_088,AAL_008,0.010676406817431124,0.01074106978349591,-6.466296606478551e-05
AAL_017,AAL_014,0.011040365729385462,0.010975752099793838,6.461362959162345e-05
AAL_081,AAL_080,0.011805571195804793,0.011740981180581355,6.459001522343862e-05
AAL_019,AAL_031,0.010969567643956114,0.011034151862742883,-6.458421878676943e-05
AAL_002,AAL_024,0.010232545861289797,0.010297064295052446,-6.451843376264858e-05
AAL_018,AAL_003,0.01053741074199032,0.010601923274102785,-6.451253211246441e-05
AAL_013,AAL_019,0.011425847380668817,0.01136134257516997,6.450480549884639e-05
AAL_046,AAL_082,0.011182701871849788,0.011118226987367528,6.447488448226013e-05
AAL_053,AAL_030,0.011274663212064367,0.011210195211781461,6.446800028290546e-05
AAL_055,AAL_044,0.010909514093739737,0.010973968561600071,-6.445446786033406e-05
AAL_012,AAL_063,0.011101651427328076,0.011037210222084084,6.444120524399209e-05
AAL_090,AAL_046,0.010477346372114033,0.010412906155581806,6.444021653222685e-05
AAL_016,AAL_005,0.011341289985272238,0.011405729037009309,-6.44390517370707e-05
AAL_019,AAL_028,0.010509836805872938,0.010445423354914702,6.441345095823531e-05
AAL_072,AAL_056,0.011704287217118038,0.011768694481726912,-6.440726460887371e-05
AAL_012,AAL_076,0.011065775697700616,0.011001370935042207,6.440476265840919e-05
AAL_008,AAL_035,0.011096222618690286,0.011031820974948241,6.440164374204443e-05
AAL_060,AAL_077,0.010963258737475317,0.01102765212783003,-6.439339035471323e-05
AAL_058,AAL_063,0.01127874318502334,0.011214355656197734,6.438752882560565e-05
AAL_041,AAL_057,0.01093725004615501,0.011001609365176178,-6.43593190211688e-05
AAL_086,AAL_051,0.011508616177030863,0.011444260708285177,6.435546874568668e-05
AAL_044,AAL_041,0.01124409275352318,0.011179747566044626,6.434518747855389e-05
AAL_055,AAL_023,0.010534532390073197,0.010598875667724213,-6.434327765101645e-05
AAL_052,AAL_013,0.010605023831574835,0.010540711175807505,6.431265576732972e-05
AAL_086,AAL_067,0.01122633879009284,0.0111620616948893,6.427709520354097e-05
AAL_004,AAL_089,0.010816730023560744,0.010752474805964134,6.425521759661004e-05
AAL_067,AAL_040,0.01070828564886927,0.010644032499722896,6.42531491463743e-05
AAL_016,AAL_013,0.011301453306904843,0.011365655784220169,-6.420247731532547e-05
AAL_018,AAL_020,0.011903265317997489,0.01183910557893902,6.415973905846833e-05
AAL_056,AAL_037,0.011086462473528635,0.011150584858899968,-6.412238537133359e-05
AAL_086,AAL_017,0.010867276831935996,0.010931396988629554,-6.412015669355828e-05
AAL_085,AAL_060,0.010414794509291139,0.01035069640282144,6.409810646969792e-05
AAL_064,AAL_049,0.01062624479850961,0.0105622079080114,6.403689049821158e-05
AAL_081,AAL_038,0.010670583709103301,0.010734608644162012,-6.402493505871035e-05
AAL_079,AAL_003,0.01081295603981767,0.010876957260109206,-6.400122029153604e-05
AAL_069,AAL_026,0.01121224364082719,0.011148243493148618,6.400014767857232e-05
AAL_038,AAL_012,0.010656486912113097,0.010720485114208226,-6.39982020951297e-05
AAL_042,AAL_070,0.011366869973687407,0.011430855875109176,-6.39859014217696e-05
AAL_055,AAL_073,0.010436919509855092,0.010500896497913833,-6.397698805874104e-05
AAL_045,AAL_017,0.010670374911756087,0.010606398179701925,6.397673205416239e-05
AAL_001,AAL_024,0.010361812157062894,0.010425783520467377,-6.397136340448306e-05
AAL_030,AAL_076,0.011724631642349638,0.011788590612449214,-6.395897009957643e-05
AAL_059,AAL_063,0.0118420377600556,0.011905987867184224,-6.39501071286238e-05
AAL_023,AAL_076,0.011113849763050038,0.011049915798396686,6.393396465335238e-05
AAL_046,AAL_056,0.012160806033091668,0.012096872338308738,6.39336947829295e-05
AAL_011,AAL_036,0.01066325621233664,0.01072714868794304,-6.389247560639917e-05
AAL_049,AAL_033,0.011127022895006796,0.011190844096576162,-6.382120156936573e-05
AAL_084,AAL_046,0.010479900727255477,0.010416087112100634,6.38136151548431e-05
AAL_023,AAL_029,0.010700122268201832,0.010763932904575214,-6.381063637338202e-05
AAL_032,AAL_009,0.010897894334207233,0.0109617043998342,-6.381006562696662e-05
AAL_048,AAL_088,0.01071378046200953,0.010649971899671234,6.380856233829599e-05
AAL_051,AAL_080,0.010341555839324864,0.010277774566252977,6.378127307188688e-05
AAL_022,AAL_009,0.011117048103871763,0.011180819564547492,-6.377146067572913e-05
AAL_008,AAL_012,0.012398765663194478,0.012335010404437411,6.375525875706653e-05
AAL_004,AAL_040,0.010323789525920382,0.010387505878400862,-6.371635248048069e-05
AAL_018,AAL_041,0.011610668188390823,0.011546962453103243,6.370573528757979e-05
AAL_073,AAL_013,0.010925293408541216,0.010861598082330476,6.369532621073974e-05
AAL_021,AAL_087,0.011442198073809855,0.01137850592583048,6.369214797937416e-05
AAL_068,AAL_078,0.011044037826836873,0.010980353390257205,6.368443657966787e-05
AAL_045,AAL_022,0.01061765728597967,0.010681326565778729,-6.36692797990595e-05
AAL_031,AAL_052,0.01039715078420555,0.010460816127324371,-6.366534311882076e-05
AAL_015,AAL_019,0.011557116366238294,0.011493455054742231,6.36613114960629e-05
AAL_003,AAL_071,0.010955412768655352,0.010891762310199938,6.365045845541442e-05
AAL_024,AAL_075,0.010870406244937172,0.010806757016176768,6.364922876040367e-05
AAL_037,AAL_022,0.011051898627167838,0.010988258532532687,6.364009463515063e-05
AAL_052,AAL_022,0.010603158422307963,0.010666773961880071,-6.361553957210872e-05
AAL_089,AAL_070,0.011491106701696403,0.011554711216381259,-6.360451468485559e-05
AAL_086,AAL_002,0.011193963141841257,0.011257563803169331,-6.360066132807436e-05
AAL_005,AAL_028,0.011596799782341998,0.011660393348273361,-6.359356593136321e-05
AAL_066,AAL_084,0.01035386099655213,0.010417449720222365,-6.358872367023469e-05
AAL_045,AAL_031,0.010781989502521534,0.010845536220513709,-6.354671799217552e-05
AAL_035,AAL_090,0.011277186087308785,0.011340673846509261,-6.348775920047602e-05
AAL_077,AAL_003,0.010755350337658301,0.010691863877546256,6.348646011204544e-05
AAL_013,AAL_014,0.012436328278695289,0.0123728560561097,6.347222258558903e-05
AAL_068,AAL_065,0.011520175454326166,0.01145672467918535,6.345077514081573e-05
AAL_040,AAL_063,0.010912315758804862,0.010975760791367544,-6.344503256268223e-05
AAL_037,AAL_015,0.010919013319330083,0.010982403404566993,-6.339008523690952e-05
AAL_054,AAL_083,0.011055594688265497,0.010992216842974682,6.337784529081465e-05
AAL_018,AAL_062,0.011765212791725101,0.01170183677762451,6.337601410059089e-05
AAL_044,AAL_081,0.011306675483321404,0.011243314177223086,6.336130609831819e-05
AAL_072,AAL_027,0.012305147527979735,0.012368475174804036,-6.332764682430089e-05
AAL_058,AAL_066,0.010272198965629706,0.010335521120809148,-6.332215517944155e-05
AAL_009,AAL_063,0.010817595242132615,0.010754277650035789,6.331759209682666e-05
AAL_024,AAL_015,0.011977083324335324,0.011913773169274217,6.331015506110677e-05
AAL_041,AAL_083,0.01183116478789757,0.01189445819770432,-6.329340980675002e-05
AAL_083,AAL_079,0.011863906268810486,0.011800615158551384,6.329111025910224e-05
AAL_015,AAL_003,0.011687048446211932,0.011623819719158834,6.322872705309852e-05
AAL_035,AAL_080,0.011541806404184327,0.011605005787579208,-6.319938339488171e-05
AAL_036,AAL_050,0.011930412334254663,0.011867232558319793,6.317977593487019e-05
AAL_024,AAL_051,0.011244330497490417,0.011181173455570974,6.315704191944306e-05
AAL_079,AAL_020,0.011530191225644488,0.011593297911951175,-6.31066863066871e-05
AAL_014,AAL_059,0.011366401822903218,0.011303364146713436,6.303767618978141e-05
AAL_044,AAL_074,0.011215194162283825,0.01115216374646863,6.303041581519515e-05
AAL_039,AAL_073,0.010564932309122931,0.010627956943073433,-6.302463395050154e-05
AAL_004,AAL_034,0.010863160939377725,0.010800160511533173,6.300042784455201e-05
AAL_069,AAL_061,0.011561001748499325,0.011498009744412254,6.299200408707052e-05
AAL_039,AAL_088,0.011513414243474985,0.011576405816501188,-6.299157302620297e-05
AAL_013,AAL_040,0.010622220277053934,0.010685198995800083,-6.29787187461494e-05
AAL_004,AAL_007,0.01101523975077539,0.010952267130240613,6.297262053477602e-05
AAL_044,AAL_031,0.011350164337195138,0.011287211130833063,6.295320636207427e-05
AAL_052,AAL_006,0.010687070466880487,0.01062412061740092,6.294984947956793e-05
AAL_003,AAL_076,0.010685041992582826,0.010622119251407554,6.292274117527218e-05
AAL_044,AAL_025,0.011407516844984558,0.01134460705515025,6.290978983430721e-05
AAL_003,AAL_017,0.010297702639323905,0.010360590203043545,-6.288756371963973e-05
AAL_077,AAL_044,0.010839091325337943,0.010776215780609595,6.287554472834793e-05
AAL_016,AAL_062,0.010987207052719772,0.011050048009226696,-6.284095650692378e-05
AAL_008,AAL_032,0.011712890074580398,0.011775717991993534,-6.282791741313645e-05
AAL_015,AAL_016,0.012349510358439552,0.012286683063833945,6.282729460560695e-05
AAL_034,AAL_044,0.01026088078546091,0.01032369258459981,-6.281179913890031e-05
AAL_062,AAL_020,0.011027178010688378,0.010964402653942482,6.2775356745896e-05
AAL_046,AAL_041,0.011167918308041034,0.011105157037452788,6.276127058824597e-05
AAL_077,AAL_042,0.011069879757686175,0.011007149331733843,6.273042595233286e-05
AAL_080,AAL_090,0.010343087789339896,0.01040581761450315,-6.272982516325291e-05
AAL_005,AAL_084,0.01139196417389963,0.011329281730831557,6.268244306807322e-05
AAL_021,AAL_067,0.010911363700372923,0.010848685542107665,6.267815826525858e-05
AAL_021,AAL_069,0.010890662174624128,0.01082800527937507,6.265689524905839e-05
AAL_044,AAL_012,0.011163435997759812,0.011100796220024526,6.263977773528565e-05
AAL_035,AAL_067,0.012209479609488422,0.01214687339037139,6.260621911703158e-05
AAL_046,AAL_023,0.011217291421121638,0.011154726117609008,6.25653035126305e-05
AAL_030,AAL_087,0.010487218445135105,0.010549762526587132,-6.254408145202686e-05
AAL_048,AAL_077,0.010833272700492516,0.010895806041178721,-6.253334068620497e-05
AAL_007,AAL_075,0.010960819645442514,0.010898300451191868,6.251919425064555e-05
AAL_032,AAL_063,0.010623972721668517,0.01068646772059776,-6.249499892924289e-05
AAL_046,AAL_008,0.011518660005436748,0.011581139618221199,-6.247961278445062e-05
AAL_057,AAL_067,0.011471805934849968,0.011409361574050066,6.244436079990215e-05
AAL_030,AAL_049,0.010723154649584211,0.01066071875901805,6.243589056616206e-05
AAL_005,AAL_032,0.011472181661818653,0.01153461274600798,-6.243108418932733e-05
AAL_083,AAL_001,0.01183528553805927,0.011897665277474719,-6.237973941544857e-05
AAL_051,AAL_058,0.010650774304810753,0.010588402866799542,6.237143801121094e-05
AAL_018,AAL_013,0.011400245118122071,0.011337898872681794,6.234624544027706e-05
AAL_005,AAL_068,0.011214669811754273,0.01127698673882866,-6.23169270743875e-05
AAL_082,AAL_034,0.01086757349399611,0.010929861713764685,-6.228821976857549e-05
AAL_025,AAL_020,0.010628387584693285,0.010690663442034136,-6.227585734085161e-05
AAL_009,AAL_049,0.011013850277194228,0.010951579624680668,6.227065251356023e-05
AAL_010,AAL_067,0.010934430293929882,0.010996695628699387,-6.226533476950437e-05
AAL_007,AAL_082,0.01064661519928302,0.010708873488341757,-6.225828905873608e-05
AAL_061,AAL_003,0.011758412837456817,0.011820670053196456,-6.225721573963929e-05
AAL_036,AAL_027,0.011953151000775078,0.011890938526329125,6.221247444595374e-05
AAL_076,AAL_061,0.010995750801048728,0.010933558271721782,6.219252932694597e-05
AAL_049,AAL_065,0.010732049452793649,0.010794234462082386,-6.21850092887375e-05
AAL_030,AAL_063,0.011798163917727577,0.01173598660854045,6.217730918712736e-05
AAL_018,AAL_055,0.011025694511337286,0.011087859280536844,-6.216476919955818e-05
AAL_062,AAL_065,0.010668018781062629,0.010730176651041501,-6.215786997887211e-05
AAL_002,AAL_068,0.010428880210010668,0.010491027230993098,-6.214702098242958e-05
AAL_032,AAL_082,0.010934422990609692,0.010996563863887384,-6.214087327769194e-05
AAL_053,AAL_007,0.01130707781865365,0.011244956073501417,6.212174515223337e-05
AAL_077,AAL_062,0.010701085954235915,0.010638969472006297,6.21164822296183e-05
AAL_022,AAL_010,0.011134782987129357,0.011196899033676159,-6.211604654680208e-05
AAL_084,AAL_032,0.011065219863294026,0.011127303264314128,-6.208340102010178e-05
AAL_063,AAL_083,0.011284369581307355,0.01122229413427505,6.207544703230525e-05
AAL_023,AAL_046,0.011092099498432035,0.011030038252528341,6.206124590369365e-05
AAL_070,AAL_055,0.010932391095492575,0.010870335228445365,6.205586704721017e-05
AAL_064,AAL_016,0.010327094851427862,0.010265045341742099,6.204950968576387e-05
AAL_087,AAL_089,0.012280776997248078,0.01234280983120129,-6.20328339532121e-05
AAL_050,AAL_078,0.010806431024709446,0.010868429460518856,-6.199843580941e-05
AAL_075,AAL_057,0.011109947997073714,0.01117191359946139,-6.196560238767683e-05
AAL_004,AAL_047,0.010237366476486254,0.01017542909969467,6.19373767915838e-05
AAL_002,AAL_011,0.011016048473091079,0.010954127750976506,6.192072211457303e-05
AAL_066,AAL_090,0.011075582988082599,0.011137448720375155,-6.186573229255594e-05
AAL_071,AAL_008,0.011047425648022411,0.010985560717509491,6.18649305129202e-05
AAL_061,AAL_074,0.011078400419961311,0.01101653752316982,6.18628967914911e-05
AAL_003,AAL_064,0.010336194471973512,0.010398056829537707,-6.18623575641946e-05
AAL_032,AAL_086,0.011227556259538501,0.011165709500536138,6.184675900236351e-05
AAL_024,AAL_069,0.01079828368149634,0.010860090673191672,-6.180699169533108e-05
AAL_012,AAL_051,0.010668554653724035,0.010606767581983772,6.178707174026368e-05
AAL_075,AAL_058,0.010923949112064945,0.010985735189123425,-6.178607705848056e-05
AAL_070,AAL_030,0.010654604460439112,0.010716382374815994,-6.177791437688221e-05
AAL_065,AAL_037,0.010462068719789386,0.010523824779219723,-6.1756059430337e-05
AAL_052,AAL_063,0.010576199117299711,0.01051447562013681,6.172349716290076e-05
AAL_081,AAL_066,0.010168100870413404,0.010229819310972324,-6.171844055891974e-05
AAL_072,AAL_015,0.011822453584585689,0.011884168770265935,-6.171518568024587e-05
AAL_029,AAL_065,0.010479806002993614,0.010541512291166682,-6.170628817306865e-05
AAL_012,AAL_008,0.012005072313910112,0.011943391970273283,6.168034363682878e-05
AAL_010,AAL_061,0.011576452851693472,0.01163812113634632,-6.166828465284727e-05
AAL_083,AAL_011,0.01210447327576132,0.012166127839839783,-6.165456407846402e-05
AAL_068,AAL_054,0.010587851841273343,0.010649503490635686,-6.165164936234278e-05
AAL_082,AAL_003,0.010104393483036093,0.010166027294310091,-6.163381127399781e-05
AAL_065,AAL_090,0.010825141094242915,0.010763513781684948,6.162731255796722e-05
AAL_015,AAL_041,0.011222126726538707,0.011283745688776816,-6.161896223810977e-05
AAL_002,AAL_061,0.011372206720690697,0.011310604294627978,6.160242606271897e-05
AAL_075,AAL_005,0.010792193410949957,0.010730600777190761,6.159263375919537e-05
AAL_003,AAL_055,0.010729562694159074,0.010667973392118443,6.158930204063114e-05
AAL_026,AAL_037,0.010830888447041312,0.010769305598203362,6.158284883795058e-05
AAL_065,AAL_060,0.010152427302514259,0.01021398370507781,-6.155640256355101e-05
AAL_063,AAL_060,0.01203408887466559,0.011972542768968246,6.15461056973441e-05
AAL_065,AAL_057,0.010481434149874581,0.010542978655093953,-6.154450521937173e-05
AAL_054,AAL_019,0.01093108961597467,0.010869590061769888,6.149955420478234e-05
AAL_090,AAL_083,0.010727690518873498,0.010789167202972154,-6.147668409865574e-05
AAL_003,AAL_038,0.010469742425773134,0.010408286296441301,6.14561293318331e-05
AAL_075,AAL_009,0.010757248798926543,0.01069582270795743,6.142609096911403e-05
AAL_052,AAL_020,0.010569654434967117,0.010508229782707787,6.142465225933078e-05
AAL_029,AAL_048,0.010573494731663512,0.010634905929046293,-6.141119738278106e-05
AAL_032,AAL_021,0.011586721134809857,0.011525323905660852,6.139722914900482e-05
AAL_057,AAL_002,0.011971033319560254,0.011909643014795876,6.139030476437837e-05
AAL_086,AAL_021,0.010997948857645193,0.011059334998483545,-6.138614083835148e-05
AAL_025,AAL_015,0.011723432393394347,0.011784815194810887,-6.138280141653948e-05
AAL_034,AAL_072,0.010201586643233895,0.010140207605367116,6.137903786677945e-05
AAL_040,AAL_010,0.011181134292776259,0.011242512183693739,-6.137789091748003e-05
AAL_032,AAL_052,0.01054349090728877,0.010604845299836128,-6.135439254735878e-05
AAL_042,AAL_027,0.011451468980099019,0.0115128097727562,-6.134079265718122e-05
AAL_001,AAL_059,0.011761995504060999,0.011700683864984412,6.131163907658645e-05
AAL_046,AAL_021,0.011313798548812922,0.01125248885775914,6.130969105378262e-05
AAL_029,AAL_085,0.010860740169325573,0.010922038190473545,-6.129802114797182e-05
AAL_044,AAL_080,0.011311027145761455,0.011249751199230959,6.127594653049587e-05
AAL_019,AAL_087,0.010760435145985112,0.01069919258661143,6.124255937368234e-05
AAL_068,AAL_011,0.01037130582655788,0.010432542604452031,-6.12367778941511e-05
AAL_085,AAL_021,0.010787191679382808,0.010848411254899082,-6.121957551627304e-05
AAL_027,AAL_050,0.010606053134060314,0.010667251127196601,-6.119799313628743e-05
AAL_034,AAL_016,0.010236223240215808,0.010175031108351855,6.119213186395363e-05
AAL_021,AAL_074,0.011036009686943302,0.010974837088074637,6.117259886866469e-05
AAL_050,AAL_079,0.01101892474744246,0.010957773469813704,6.115127762875566e-05
AAL_028,AAL_041,0.010854579442634415,0.010915726957098575,-6.114751446415975e-05
AAL_085,AAL_050,0.010517914490933474,0.010456771649900944,6.114284103253022e-05
AAL_021,AAL_033,0.010764968416327212,0.010703841020947059,6.112739538015333e-05
AAL_035,AAL_050,0.011473272389803942,0.011534393979952885,-6.112159014894265e-05
AAL_085,AAL_058,0.010879401286713716,0.01081832102442128,6.108026229243585e-05
AAL_068,AAL_003,0.011643725357806453,0.011582659615236092,6.106574257036188e-05
AAL_010,AAL_079,0.011025404185454687,0.01108646564758741,-6.106146213272212e-05
AAL_042,AAL_058,0.011451141351563299,0.011512189056659603,-6.10477050963041e-05
AAL_007,AAL_071,0.01118171468982075,0.011120668492249904,6.104619757084546e-05
AAL_076,AAL_070,0.010774597603206834,0.010835642413358682,-6.104481015184807e-05
AAL_012,AAL_088,0.010554155480100686,0.010615198295239924,-6.10428151392381e-05
AAL_073,AAL_084,0.01102026784991543,0.010959241456044815,6.1026393870615425e-05
AAL_051,AAL_078,0.010218163203989338,0.010279188475689432,-6.102527170009399e-05
AAL_064,AAL_038,0.01032915248726614,0.010268158526633573,6.0993960632567054e-05
AAL_013,AAL_058,0.010882853128366236,0.01082187494443309,6.097818393314622e-05
AAL_009,AAL_042,0.010850151057522267,0.010789190941298422,6.096011622384531e-05
AAL_059,AAL_088,0.010949608436029436,0.010888683750633862,6.0924685395574024e-05
AAL_083,AAL_053,0.011738822632270236,0.011799744046096766,-6.0921413826530574e-05
AAL_047,AAL_072,0.010338581278601773,0.010399498290407747,-6.0917011805973476e-05
AAL_022,AAL_051,0.010896058950143365,0.010956974882660226,-6.091593251686053e-05
AAL_044,AAL_042,0.011239794055079548,0.011178893108780567,6.090094629898103e-05
AAL_014,AAL_087,0.010556045694786131,0.010616943395000977,-6.089770021484517e-05
AAL_011,AAL_037,0.010816379963683013,0.010877275046783848,-6.089508310083529e-05
AAL_034,AAL_021,0.010213206353016261,0.010152317343219634,6.0889009796626786e-05
AAL_072,AAL_048,0.011987539927642316,0.011926674901071022,6.0865026571294e-05
AAL_025,AAL_023,0.012424910958442423,0.012364066069571316,6.08448888711078e-05
AAL_011,AAL_051,0.010953169003622526,0.011014002629511853,-6.08336258893262e-05
AAL_001,AAL_080,0.01069543169787488,0.010634602292466253,6.08294054086269e-05
AAL_030,AAL_089,0.010318645363689488,0.010379458990216106,-6.081362652661862e-05
AAL_002,AAL_081,0.010971975526732639,0.01091116518429284,6.081034243979842e-05
AAL_054,AAL_018,0.011049886769416113,0.010989092734108492,6.079403530762084e-05
AAL_075,AAL_019,0.011204377889362538,0.011143610225736207,6.076766362633074e-05
AAL_018,AAL_026,0.010416826418338295,0.010477571621093501,-6.0745202755205924e-05
AAL_065,AAL_051,0.011101959557789896,0.01116266900733594,-6.0709449546043556e-05
AAL_081,AAL_016,0.010524150097551636,0.010463445953488646,6.070414406299067e-05
AAL_051,AAL_018,0.01020028561544724,0.010139584372619689,6.070124282755128e-05
AAL_079,AAL_068,0.010921528942994455,0.010982173448775157,-6.0644505780702365e-05
AAL_036,AAL_014,0.011750318432370057,0.011689683373915793,6.0635058454263854e-05
AAL_008,AAL_087,0.010770615586278658,0.010710003037033395,6.061254924526367e-05
AAL_014,AAL_060,0.011339255982739294,0.011278648796045307,6.0607186693987375e-05
AAL_009,AAL_061,0.011649509929677742,0.01158893375285432,6.057617682342191e-05
AAL_072,AAL_051,0.011557156040977973,0.011617732167280933,-6.0576126302959096e-05
AAL_029,AAL_015,0.011059371708756965,0.011119944935493523,-6.057322673655788e-05
AAL_082,AAL_068,0.01020189682340138,0.01026245787804461,-6.056105464322982e-05
AAL_072,AAL_033,0.011656573287044197,0.011596035981832752,6.053730521144579e-05
AAL_035,AAL_002,0.010893035684035629,0.0109535475924759,-6.051190844027013e-05
AAL_034,AAL_065,0.010407682058488967,0.010468190718469933,-6.0508659980966495e-05
AAL_038,AAL_049,0.010854851068435317,0.01079435090975785,6.050015867746679e-05
AAL_001,AAL_040,0.010265324340384996,0.010325821287578744,-6.049694719374894e-05
AAL_083,AAL_076,0.011847162223222036,0.011907658112182215,-6.0495888960178726e-05
AAL_046,AAL_022,0.011340982585142437,0.01128050956237257,6.047302276986771e-05
AAL_001,AAL_062,0.011284007575426601,0.01122354102961109,6.046654581551118e-05
AAL_008,AAL_043,0.01101060819406158,0.010950153300691183,6.045489337039647e-05
AAL_002,AAL_009,0.010542761415052108,0.01048232031935276,6.044109569934911e-05
AAL_087,AAL_069,0.011083420921260348,0.011143838852717919,-6.0417931457570906e-05
AAL_029,AAL_019,0.011242499278508063,0.011302913289526408,-6.041401101834418e-05
AAL_044,AAL_040,0.01144767856090051,0.011387271529280815,6.040703161969488e-05
AAL_031,AAL_057,0.010404531324568849,0.010464931833592449,-6.04005090235997e-05
AAL_041,AAL_058,0.010883197514738282,0.010943592519085697,-6.0395004347414336e-05
AAL_074,AAL_006,0.010762792194071107,0.01070240629194466,6.038590212644607e-05
AAL_075,AAL_047,0.010655714973059094,0.010716095023670652,-6.038005061155885e-05
AAL_057,AAL_045,0.011154280157568745,0.011093933174557633,6.03469830111128e-05
AAL_021,AAL_001,0.010554456446542699,0.010614794480242298,-6.0338033699598725e-05
AAL_054,AAL_080,0.010965194791937485,0.010904865316288643,6.032947564884282e-05
AAL_065,AAL_089,0.011938871766050529,0.011878543551872593,6.032821417793592e-05
AAL_050,AAL_025,0.010848372287124906,0.010908687935573588,-6.0315648448681924e-05
AAL_073,AAL_058,0.010716934754059482,0.010777234871670715,-6.0300117611232495e-05
AAL_052,AAL_068,0.011016533260321261,0.011076822255278196,-6.0288994956934905e-05
AAL_058,AAL_054,0.010789221554644342,0.010728986795168953,6.023475947538985e-05
AAL_036,AAL_010,0.012176416708856948,0.012116182521540238,6.023418731671004e-05
AAL_027,AAL_060,0.010689150370880324,0.010749381164980882,-6.023079410055754e-05
AAL_047,AAL_007,0.010224043417515026,0.010284272036411182,-6.022861889615552e-05
AAL_067,AAL_018,0.010448024628094884,0.010508250389664109,-6.0225761569224906e-05
AAL_087,AAL_074,0.010760337460595064,0.010820559644262784,-6.022218366772032e-05
AAL_035,AAL_003,0.011880626838304039,0.011820431923489121,6.019491481491779e-05
AAL_075,AAL_065,0.010738498354171459,0.010678314125493502,6.0184228677956364e-05
AAL_025,AAL_046,0.011226537762782894,0.011166404172426862,6.013359035603183e-05
AAL_046,AAL_040,0.011361518791184211,0.011301391106329987,6.0127684854223776e-05
AAL_067,AAL_078,0.010640617322702056,0.010700739328529935,-6.0122005827879105e-05
AAL_006,AAL_018,0.010447395087864537,0.010507508765711973,-6.0113677847436695e-05
AAL_040,AAL_067,0.011216351284812659,0.011156243034095386,6.010825071727302e-05
AAL_029,AAL_070,0.010665218960732603,0.010725308110285782,-6.008914955317815e-05
AAL_086,AAL_018,0.010851928050844716,0.010912009318435459,-6.008126759074299e-05
AAL_008,AAL_042,0.01092869085737337,0.010868647454708592,6.0043402664777465e-05
AAL_066,AAL_058,0.0103397051919188,0.010399745465267828,-6.004027334902823e-05
AAL_033,AAL_066,0.010483251068677403,0.010543281413503823,-6.003034482642e-05
AAL_080,AAL_059,0.010424232412861962,0.010484252878402362,-6.002046554040054e-05
AAL_022,AAL_077,0.01066690698886911,0.010606896062901534,6.001092596757615e-05
AAL_015,AAL_042,0.011064370210545186,0.01112436885407042,-5.9998643525233444e-05
AAL_057,AAL_059,0.011914018406254103,0.011854035220578055,5.998318567604875e-05
AAL_071,AAL_023,0.011105063321610164,0.011165031352110447,-5.9968030500283376e-05
AAL_086,AAL_057,0.011067250608187964,0.011127183786951579,-5.993317876361488e-05
AAL_087,AAL_012,0.010592979203877795,0.010652887084921151,-5.9907881043355996e-05
AAL_064,AAL_028,0.00989870872332627,0.009958615429496056,-5.9906706169786036e-05
AAL_012,AAL_047,0.010656523442644084,0.010596624469250514,5.989897339356981e-05
AAL_012,AAL_043,0.010653240552458625,0.010593353354697932,5.9887197760693026e-05
AAL_016,AAL_047,0.010462090311349075,0.010402203708535833,5.9886602813242346e-05
AAL_027,AAL_039,0.011392894296500927,0.011452762093441215,-5.986779694028797e-05
AAL_065,AAL_063,0.010463825017054621,0.010523677195789796,-5.985217873517509e-05
AAL_065,AAL_084,0.010627449354809573,0.010687287342237775,-5.983798742820179e-05
AAL_013,AAL_028,0.010835049291833853,0.01089484807307238,-5.979878123852679e-05
AAL_022,AAL_019,0.010693474847855221,0.010633696600905719,5.977824694950243e-05
AAL_010,AAL_075,0.011155514679371547,0.011095753635185085,5.976104418646197e-05
AAL_014,AAL_072,0.01110569851544614,0.011165441852756234,-5.974333731009404e-05
AAL_032,AAL_090,0.010693388847777477,0.010633646392681759,5.9742455095717836e-05
AAL_061,AAL_073,0.01146989920311886,0.011410157425010175,5.974177810868543e-05
AAL_080,AAL_011,0.010646414901249302,0.010706138330287584,-5.9723429038281706e-05
AAL_059,AAL_048,0.01128679058021014,0.011346489715646425,-5.9699135436285314e-05
AAL_082,AAL_008,0.010229611691708365,0.01028930635027421,-5.969465856584498e-05
AAL_076,AAL_046,0.010902676615927719,0.010842985582188993,5.969103373872596e-05
AAL_071,AAL_021,0.01185233482462155,0.011792656397054124,5.967842756742642e-05
AAL_059,AAL_044,0.011204188422928764,0.011263834508990975,-5.964608606221118e-05
AAL_063,AAL_086,0.011195236934412621,0.01113560797170581,5.962896270681091e-05
AAL_004,AAL_064,0.010149280399354732,0.010208888762808467,-5.960836345373505e-05
AAL_077,AAL_034,0.011100920772928203,0.011041313920530581,5.960685239762148e-05
AAL_016,AAL_050,0.010371244249817653,0.01031166318314099,5.958106667666198e-05
AAL_071,AAL_087,0.01098946025634869,0.011049039111872464,-5.9578855523774454e-05
AAL_070,AAL_022,0.010699559148385102,0.010759109878454996,-5.9550730069893656e-05
AAL_031,AAL_082,0.010634170148649022,0.010693698885755859,-5.952873710683704e-05
AAL_022,AAL_026,0.0124250799516996,0.012365594792824525,5.94851588750743e-05
AAL_066,AAL_018,0.010108213370236067,0.010167685963638663,-5.947259340259581e-05
AAL_042,AAL_079,0.0114951347753119,0.011554600927451851,-5.946615213995102e-05
AAL_051,AAL_050,0.011494862094808083,0.011554307861267484,-5.944576645940114e-05
AAL_080,AAL_065,0.010344546911123598,0.01040398546727952,-5.943855615592186e-05
AAL_070,AAL_086,0.010997373379894301,0.010937982222652317,5.9391157241983975e-05
AAL_012,AAL_009,0.010992297184311299,0.010932931632598487,5.936555171281131e-05
AAL_041,AAL_027,0.010851857925040854,0.010911219055410797,-5.93611303699431e-05
AAL_028,AAL_080,0.010536452936422493,0.010595797050383783,-5.934411396128943e-05
AAL_005,AAL_065,0.011829516655391352,0.011888856682972637,-5.934002758128422e-05
AAL_050,AAL_045,0.013516767157448662,0.01357609552398287,-5.932836653420835e-05
AAL_010,AAL_056,0.010886051843308995,0.010945374848639994,-5.9323005330999545e-05
AAL_043,AAL_040,0.011263319788675787,0.011204007587790785,5.931220088500194e-05
AAL_023,AAL_030,0.010377266424365787,0.010436547959394402,-5.928153502861473e-05
AAL_016,AAL_038,0.010709057928214217,0.010768325953159675,-5.926802494545837e-05
AAL_061,AAL_065,0.01167140349260189,0.011730667390853685,-5.92638982517945e-05
AAL_026,AAL_082,0.010298217583097454,0.010238955934386396,5.926164871105852e-05
AAL_005,AAL_044,0.010910135590367846,0.010969392777358184,-5.9257186990338204e-05
AAL_013,AAL_046,0.010444878715958096,0.010504104039879059,-5.9225323920962525e-05
AAL_023,AAL_020,0.011038772801621856,0.011097980603095024,-5.9207801473167704e-05
AAL_066,AAL_012,0.011640162987268379,0.01158095952169623,5.920346557214927e-05
AAL_063,AAL_045,0.011290139313707622,0.011230973843438897,5.9165470268724915e-05
AAL_078,AAL_065,0.011328727699434146,0.011269573683829668,5.915401560447828e-05
AAL_035,AAL_069,0.01138790031003519,0.011447023662736191,-5.912335270100155e-05
AAL_060,AAL_041,0.011007554888820801,0.010948444755918926,5.911013290187464e-05
AAL_077,AAL_043,0.010827815962127514,0.010768723623277089,5.909233885042532e-05
AAL_041,AAL_072,0.011001773984529652,0.011060859578160139,-5.908559363048717e-05
AAL_026,AAL_004,0.011250957142179593,0.011191885405342572,5.9071736837021036e-05
AAL_063,AAL_065,0.01105724199093942,0.010998198129329137,5.904386161028306e-05
AAL_058,AAL_056,0.010727237575711349,0.010668202511337644,5.903506437370497e-05
AAL_005,AAL_038,0.0108563618030017,0.010915370736613167,-5.900893361146693e-05
AAL_002,AAL_052,0.011008173609391237,0.010949194364286681,5.897924510455538e-05
AAL_075,AAL_024,0.010638436674673716,0.010579466221220885,5.897045345283104e-05
AAL_082,AAL_005,0.01020363341165213,0.010262594717755803,-5.8961306103673394e-05
AAL_064,AAL_040,0.010324269672457734,0.010265314209716344,5.895546274138977e-05
AAL_003,AAL_022,0.010681286283060271,0.010622386977760578,5.889930529969292e-05
AAL_090,AAL_024,0.0107042362423948,0.010763130439607145,-5.889419721234572e-05
AAL_011,AAL_039,0.010694544923563417,0.010753414441112698,-5.88695175492808e-05
AAL_046,AAL_033,0.01137441085675397,0.011433270974801136,-5.886011804716665e-05
AAL_029,AAL_069,0.010858617400607238,0.01091747645002145,-5.885904941421195e-05
AAL_005,AAL_007,0.012393997612003332,0.012452839018670708,-5.884140666737557e-05
AAL_062,AAL_049,0.011206534412554186,0.01114773291114616,5.880150140802516e-05
AAL_013,AAL_090,0.010957685553938406,0.011016478764341576,-5.8793210403170273e-05
AAL_042,AAL_016,0.011549919190951902,0.01160870286781646,-5.878367686455721e-05
AAL_057,AAL_001,0.012381239491713863,0.01232248123864604,5.8758253067822674e-05
AAL_012,AAL_025,0.010268195908373365,0.010326924988024731,-5.8729079651365784e-05
AAL_041,AAL_032,0.010873833890112802,0.010932557943459627,-5.87240533468248e-05
AAL_020,AAL_031,0.010667588173722228,0.010726272708576902,-5.868453485467426e-05
AAL_032,AAL_003,0.011485741712535039,0.011544424520514296,-5.868280797925729e-05
AAL_062,AAL_025,0.010142172396214854,0.010200844874268134,-5.8672478053280186e-05
AAL_015,AAL_050,0.010619889976631882,0.01056122040565567,5.866957097621153e-05
AAL_073,AAL_064,0.011405996735502258,0.011347328402823018,5.8668332679239626e-05
AAL_064,AAL_047,0.010490892285831336,0.010432274277245732,5.8618008585604314e-05
AAL_022,AAL_001,0.010403188783277431,0.01046179175127307,-5.860296799563812e-05
AAL_034,AAL_090,0.010105637580745367,0.010047055041375883,5.858253936948457e-05
AAL_018,AAL_071,0.011345828119187783,0.011404410205670533,-5.858208648274951e-05
AAL_064,AAL_008,0.010652858736073105,0.010594294316345645,5.856441972745992e-05
AAL_079,AAL_027,0.011035108853242973,0.011093664158681042,-5.8555305438069e-05
AAL_051,AAL_055,0.011360621416113444,0.011302071452492075,5.854996362136822e-05
AAL_035,AAL_039,0.011991947212726133,0.012050481667977852,-5.853445525171898e-05
AAL_033,AAL_024,0.010379690430166885,0.010438187916765438,-5.849748659855249e-05
AAL_084,AAL_023,0.010492838493301572,0.010551292888321,-5.8454395019428076e-05
AAL_013,AAL_073,0.011323689425395977,0.01126524004807913,5.844937731684652e-05
AAL_080,AAL_028,0.010314650781866577,0.010373082846199757,-5.843206433318003e-05
AAL_002,AAL_034,0.010882532172318961,0.010940953037671505,-5.8420865352543094e-05
AAL_044,AAL_026,0.01156115878182344,0.011502744502875556,5.841427894788358e-05
AAL_005,AAL_070,0.011177675874155557,0.011236083795485219,-5.840792132966177e-05
AAL_047,AAL_064,0.01049604563591763,0.01043766848373206,5.837715218556978e-05
AAL_038,AAL_019,0.010520614412987335,0.010462253049441218,5.836136354611665e-05
AAL_071,AAL_048,0.010910670056095364,0.010969018933384058,-5.834887728869455e-05
AAL_019,AAL_068,0.01049121056532121,0.010549557986888785,-5.834742156757451e-05
AAL_019,AAL_057,0.0110479252687536,0.010989579825058913,5.834544369468647e-05
AAL_061,AAL_022,0.010694941133658728,0.01075327613855488,-5.8335004896152565e-05
AAL_037,AAL_079,0.011173706782313112,0.011232005120266607,-5.829833795349508e-05
AAL_026,AAL_005,0.010819609424210766,0.010877901780657081,-5.829235644631489e-05
AAL_043,AAL_035,0.011174040762946391,0.01123232287920956,-5.828211626316901e-05
AAL_046,AAL_027,0.011115237097375287,0.011056956869755726,5.8280227619561184e-05
AAL_002,AAL_051,0.010734512319422176,0.01067623209494811,5.82802244740669e-05
AAL_021,AAL_079,0.010904193392150804,0.010845921046236905,5.827234591389979e-05
AAL_020,AAL_083,0.010852014253903022,0.01091027361047327,-5.825935657024876e-05
AAL_085,AAL_017,0.010681605834163662,0.01073986193437878,-5.8256100215118775e-05
AAL_023,AAL_077,0.011058249588434895,0.010999993943417486,5.825564501740939e-05
AAL_070,AAL_010,0.01083394944962337,0.010892197318726378,-5.824786910300743e-05
AAL_075,AAL_055,0.01068904839702842,0.010747294493999434,-5.82460969710142e-05
AAL_032,AAL_064,0.010530913889439952,0.0105891524659234,-5.823857648344817e-05
AAL_023,AAL_051,0.01153097834247045,0.011472762157914065,5.821618455638562e-05
AAL_084,AAL_056,0.010748995581450753,0.010690814424907007,5.818115654374588e-05
AAL_022,AAL_004,0.011084763028730567,0.01102661779127257,5.814523745799674e-05
AAL_041,AAL_001,0.010666720977084886,0.010724801091805434,-5.808011472054758e-05
AAL_065,AAL_025,0.011504265995154906,0.01144619988134274,5.806611381216527e-05
AAL_084,AAL_070,0.010667185155818095,0.010725246578288581,-5.8061422470485555e-05
AAL_011,AAL_053,0.01105895896569595,0.011117009332787163,-5.805036709121379e-05
AAL_023,AAL_044,0.011117858493812064,0.01105982271801893,5.803577579313428e-05
AAL_007,AAL_072,0.010712220251926372,0.01065419204810417,5.802820382220207e-05
AAL_088,AAL_045,0.010860886627760453,0.010802904901928997,5.7981725831456055e-05
AAL_066,AAL_031,0.010672301877863132,0.010614325199969502,5.797667789362963e-05
AAL_072,AAL_045,0.011716583636231147,0.01177452215763091,-5.793852139976234e-05
AAL_032,AAL_008,0.0115517934358432,0.011609726562338047,-5.793312649484718e-05
AAL_060,AAL_078,0.010879248711001923,0.010937175537845486,-5.792682684356218e-05
AAL_084,AAL_025,0.010503858003494704,0.010561780504900824,-5.792250140611993e-05
AAL_066,AAL_085,0.010888511169717735,0.01083059267143236,5.791849828537532e-05
AAL_081,AAL_089,0.010314365261847265,0.010372272070968714,-5.790680912144859e-05
AAL_021,AAL_007,0.010742149578455167,0.010800036571679576,-5.788699322440902e-05
AAL_037,AAL_066,0.010480330960474845,0.0105382177179157,-5.788675744085488e-05
AAL_011,AAL_014,0.011894703699419132,0.011836830771553605,5.787292786552621e-05
AAL_085,AAL_011,0.011418956371708812,0.011476808382433933,-5.785201072512104e-05
AAL_042,AAL_075,0.01197761088076374,0.012035451133830227,-5.784025306648788e-05
AAL_071,AAL_030,0.011357088945408026,0.011414871301511233,-5.7782356103206964e-05
AAL_045,AAL_035,0.011069166273053767,0.011126944337678015,-5.777806462424831e-05
AAL_090,AAL_084,0.010674420047678754,0.010732188578186645,-5.77685305078908e-05
AAL_025,AAL_086,0.011198713135722483,0.011140955110582022,5.775802514046066e-05
AAL_084,AAL_004,0.010834138792676803,0.010891891003727321,-5.775221105051853e-05
AAL_080,AAL_017,0.011904805472805204,0.011962503802595156,-5.7698329789952416e-05
AAL_065,AAL_033,0.010554314901431402,0.010612008949885001,-5.769404845359927e-05
AAL_053,AAL_042,0.011494910099710792,0.011437217836677288,5.769226303350451e-05
AAL_059,AAL_052,0.01196509504563406,0.011907407974653297,5.768707098076191e-05
AAL_036,AAL_069,0.01148605209767309,0.011543732016317306,-5.767991864421597e-05
AAL_034,AAL_026,0.01025742686027263,0.0101997674773297,5.765938294292894e-05
AAL_077,AAL_088,0.010483767721865676,0.010541417296264071,-5.764957439839506e-05
AAL_036,AAL_033,0.01175445388071239,0.011696821284334802,5.763259637758811e-05
AAL_027,AAL_047,0.010705511302599667,0.010763143817836386,-5.763251523671978e-05
AAL_034,AAL_081,0.010555808667220876,0.010613437326019515,-5.7628658798639446e-05
AAL_083,AAL_024,0.0122496959928455,0.012307305573012042,-5.760958016654168e-05
AAL_080,AAL_061,0.010615455054351661,0.010673058369467336,-5.7603315115674694e-05
AAL_044,AAL_032,0.011375026809226753,0.011317441272306678,5.7585536920074995e-05
AAL_082,AAL_018,0.012007533234313257,0.012065099616981026,-5.7566382667769214e-05
AAL_003,AAL_006,0.011076671485271718,0.011019108932530022,5.756255274169675e-05
AAL_023,AAL_079,0.010825421390497787,0.010767874381881641,5.75470086161458e-05
AAL_087,AAL_021,0.0114429894890477,0.01138545351828594,5.753597076176009e-05
AAL_051,AAL_060,0.011095803917552799,0.011038282525635535,5.752139191726388e-05
AAL_048,AAL_075,0.010469453894875498,0.010526973793454117,-5.751989857861843e-05
AAL_011,AAL_016,0.011343384746653147,0.011285886186967712,5.749855968543473e-05
AAL_063,AAL_054,0.011140333665694054,0.011082848111079733,5.748555461432096e-05
AAL_037,AAL_013,0.010783693291501611,0.010841155893841837,-5.746260234022575e-05
AAL_041,AAL_069,0.010917798275701128,0.010975259887724746,-5.746161202361752e-05
AAL_050,AAL_072,0.010833461163963517,0.010890907582551906,-5.744641858838884e-05
AAL_023,AAL_062,0.010348691632891567,0.010406133205752366,-5.744157286079882e-05
AAL_031,AAL_016,0.01083754158865374,0.010894945700174526,-5.7404111520786144e-05
AAL_017,AAL_023,0.010137844542200621,0.010195239844544797,-5.739530234417575e-05
AAL_074,AAL_003,0.010730513898878653,0.010673122193950873,5.739170492777973e-05
AAL_018,AAL_080,0.01314903536819431,0.013206408562476079,-5.7373194281768944e-05
AAL_036,AAL_041,0.011790431699612074,0.01173310953356492,5.732216604715373e-05
AAL_036,AAL_082,0.011314292452258304,0.011371613503260441,-5.7321051002137344e-05
AAL_001,AAL_026,0.010127578175459534,0.010184878864725381,-5.7300689265847235e-05
AAL_075,AAL_003,0.01068840220841205,0.010631157510518732,5.7244697893317487e-05
AAL_052,AAL_077,0.010577802890593298,0.010520597912888816,5.720497770448155e-05
AAL_050,AAL_061,0.010936376567070302,0.010993573370923476,-5.719680385317394e-05
AAL_051,AAL_046,0.011253746357770303,0.011310923075021496,-5.717671725119326e-05
AAL_002,AAL_056,0.010691484782653742,0.010634354103088528,5.713067956521385e-05
AAL_036,AAL_086,0.0116764753499729,0.011619373032864802,5.710231710809831e-05
AAL_072,AAL_053,0.011659354212271988,0.011716456085480472,-5.7101873208483325e-05
AAL_018,AAL_045,0.011231799136337817,0.01117470491649791,5.7094219839907284e-05
AAL_047,AAL_079,0.010637986853830198,0.010580936389011574,5.7050464818624025e-05
AAL_040,AAL_048,0.011747832067756571,0.01169078885150089,5.704321625568144e-05
AAL_033,AAL_023,0.010422948990653977,0.010479989771271314,-5.704078061733765e-05
AAL_003,AAL_041,0.010412041161559586,0.010469079757150881,-5.703859559129561e-05
AAL_070,AAL_005,0.010792551888550958,0.010849507190471992,-5.695530192103421e-05
AAL_011,AAL_040,0.010511194727916876,0.010568147938855677,-5.695321093880136e-05
AAL_062,AAL_039,0.010403242610936236,0.010346291217000845,5.695139393539078e-05
AAL_043,AAL_086,0.011202974503652917,0.011146025258409917,5.69492452430001e-05
AAL_053,AAL_073,0.011271520127725398,0.011214585128995976,5.6934998729421885e-05
AAL_009,AAL_004,0.011359617195657304,0.011302699099200092,5.691809645721156e-05
AAL_067,AAL_005,0.010666990957151238,0.010723900008327316,-5.6909051176078085e-05
AAL_004,AAL_021,0.010453623118531754,0.010396746269175344,5.68768493564107e-05
AAL_066,AAL_076,0.010556960818715967,0.010500114801670275,5.684601704569227e-05
AAL_019,AAL_089,0.010912117003025407,0.01085527768825405,5.6839314771357785e-05
AAL_085,AAL_052,0.010584591515760263,0.010641423768130485,-5.683225237022166e-05
AAL_073,AAL_065,0.010132433388891637,0.010189252630541698,-5.681924165006069e-05
AAL_084,AAL_038,0.010927868127408955,0.010984676575782726,-5.680844837377061e-05
AAL_035,AAL_089,0.011807990296242328,0.011864782193162601,-5.679189692027291e-05
AAL_049,AAL_061,0.011424062288023977,0.011480842578333454,-5.678029030947718e-05
AAL_033,AAL_013,0.010676231334766006,0.010619499126712678,5.673220805332835e-05
AAL_077,AAL_040,0.010730474072898556,0.010673752643870509,5.6721429028046624e-05
AAL_007,AAL_070,0.011001088031623354,0.011057809323405214,-5.6721291781859987e-05
AAL_017,AAL_069,0.011379916487564134,0.011323208763511394,5.670772405273923e-05
AAL_066,AAL_022,0.01071152281270832,0.010768218582990596,-5.669577028227617e-05
AAL_005,AAL_035,0.011331054037755244,0.011387733100143911,-5.66790623886676e-05
AAL_042,AAL_050,0.011257103047309777,0.011200462273846638,5.6640773463139185e-05
AAL_009,AAL_017,0.010784098446671652,0.010727462957315054,5.663548935659797e-05
AAL_050,AAL_017,0.011066685444635585,0.011010119774686196,5.656566994938911e-05
AAL_018,AAL_069,0.011654594988745248,0.011711130683626933,-5.65356948816851e-05
AAL_037,AAL_058,0.010899817529253853,0.010956348268957647,-5.6530739703793825e-05
AAL_038,AAL_083,0.011203696813959723,0.011260215368667252,-5.651855470752837e-05
AAL_063,AAL_023,0.0105813299663938,0.010524828134857988,5.6501831535812896e-05
AAL_028,AAL_052,0.010632644747742094,0.010689112584270704,-5.646783652860955e-05
AAL_024,AAL_089,0.011837048730693566,0.011780583043178318,5.646568751524819e-05
AAL_014,AAL_021,0.010707786656979822,0.010764203172999783,-5.641651601996124e-05
AAL_049,AAL_029,0.010748740251804901,0.010692332503813372,5.6407747991529464e-05
AAL_035,AAL_065,0.012597732038961517,0.01265412970462227,-5.6397665660753646e-05
AAL_061,AAL_070,0.011441968847066164,0.011385575821969852,5.639302509631225e-05
AAL_072,AAL_081,0.011636043831101086,0.011692426252934537,-5.638242183345077e-05
AAL_011,AAL_002,0.011337858602866275,0.01128147909459346,5.637950827281496e-05
AAL_041,AAL_084,0.011615334080659553,0.01155895508003072,5.6379000628832554e-05
AAL_001,AAL_015,0.010928410216847546,0.010872061593139143,5.6348623708403836e-05
AAL_042,AAL_055,0.011657895164118491,0.01171422879172318,-5.633362760468913e-05
AAL_003,AAL_084,0.010526911140634464,0.010583243510748257,-5.6332370113792996e-05
AAL_076,AAL_002,0.010999164056494577,0.010942837646318872,5.6326410175704805e-05
AAL_054,AAL_088,0.011087485694557302,0.011031168397451305,5.631729710599623e-05
AAL_013,AAL_003,0.011620551879064012,0.011676846527339656,-5.629464827564337e-05
AAL_055,AAL_025,0.010662030287357604,0.010718314464737849,-5.628417738024437e-05
AAL_050,AAL_065,0.010686212286958072,0.010742492084079434,-5.627979712136133e-05
AAL_081,AAL_082,0.012576697758422831,0.012520435282373546,5.626247604928469e-05
AAL_083,AAL_073,0.01190774223735381,0.011963989657278244,-5.6247419924434355e-05
AAL_037,AAL_051,0.010840926018869903,0.010897154339748636,-5.622832087873349e-05
AAL_058,AAL_039,0.01060392509580741,0.010547713106197695,5.621198960971581e-05
AAL_081,AAL_048,0.010710523690646276,0.010766730292540773,-5.62066018944974e-05
AAL_039,AAL_079,0.010725200017038574,0.010669001854179662,5.619816285891248e-05
AAL_065,AAL_019,0.01132900653502498,0.011385198592418624,-5.6192057393643705e-05
AAL_022,AAL_005,0.011253452209087137,0.011309635853186879,-5.618364409974187e-05
AAL_051,AAL_044,0.011263368756741159,0.0113195319297185,-5.616317297734222e-05
AAL_036,AAL_048,0.012154742834580123,0.012098585100608784,5.615773397133969e-05
AAL_004,AAL_012,0.010894517563522244,0.010950670300268802,-5.6152736746558143e-05
AAL_031,AAL_033,0.011067887282588033,0.01112403801039194,-5.615072780390702e-05
AAL_072,AAL_012,0.012120692674309397,0.012064570593405006,5.612208090439129e-05
AAL_020,AAL_074,0.011057466678480562,0.011113577799654332,-5.6111121173769984e-05
AAL_047,AAL_041,0.01059697572595607,0.01054089218285628,5.6083543099789274e-05
AAL_029,AAL_007,0.011007005255271355,0.011063053462164426,-5.6048206893071634e-05
AAL_044,AAL_018,0.011154128744020166,0.011098087196776796,5.604154724337014e-05
AAL_001,AAL_034,0.010699328564457659,0.01075534727979017,-5.601871533251167e-05
AAL_047,AAL_082,0.010707177018794494,0.010651161857226647,5.601516156784718e-05
AAL_004,AAL_057,0.010265782963022845,0.010321788339605254,-5.600537658240895e-05
AAL_015,AAL_040,0.011043374591833379,0.011099353095253112,-5.5978503419732914e-05
AAL_019,AAL_084,0.0107273439076753,0.010783311511128772,-5.596760345347174e-05
AAL_050,AAL_077,0.01088133624667286,0.010937297337737037,-5.596109106417724e-05
AAL_059,AAL_019,0.011612771070984185,0.011556812351749789,5.595871923439605e-05
AAL_076,AAL_048,0.011022362497866027,0.010966425371025839,5.593712684018835e-05
AAL_014,AAL_064,0.011522209174278328,0.01146628456675533,5.5924607522997785e-05
AAL_051,AAL_011,0.010577684994707378,0.010633602724514588,-5.591772980721027e-05
AAL_090,AAL_058,0.010639294307344617,0.01069519565748074,-5.590135013612205e-05
AAL_022,AAL_055,0.011022856311761161,0.01107875338845676,-5.589707669559872e-05
AAL_050,AAL_039,0.010886882545235448,0.010831002226889725,5.588031834572252e-05
AAL_072,AAL_065,0.011926864070865588,0.011982718517278175,-5.585444641258673e-05
AAL_011,AAL_042,0.010669592117222074,0.010725417793739965,-5.5825676517890985e-05
AAL_073,AAL_072,0.010687785368396813,0.01063198233185054,5.5803036546273055e-05
AAL_014,AAL_080,0.011072707983354727,0.011128500224121155,-5.5792240766428317e-05
AAL_033,AAL_064,0.011638695015930213,0.01169447285162456,-5.577783569434697e-05
AAL_083,AAL_035,0.01191263396340685,0.011968358699463437,-5.572473605658726e-05
AAL_052,AAL_026,0.010606191429492628,0.010661912543546622,-5.5721114053993576e-05
AAL_009,AAL_056,0.010700563784752391,0.010644870341082956,5.569344366943528e-05
AAL_049,AAL_003,0.011201399579469083,0.011257077192901529,-5.567761343244597e-05
AAL_062,AAL_066,0.01203663483596383,0.012092290940710688,-5.565610474685817e-05
AAL_020,AAL_026,0.01019802343689351,0.010253673923148706,-5.565048625519667e-05
AAL_045,AAL_065,0.010618944893169224,0.010674593279198293,-5.564838602906824e-05
AAL_055,AAL_017,0.010461275549366688,0.010516921166912942,-5.564561754625372e-05
AAL_063,AAL_042,0.011497913704564175,0.011442286024799122,5.562767976505234e-05
AAL_041,AAL_077,0.011097120622602792,0.011152745090498966,-5.562446789617384e-05
AAL_064,AAL_039,0.010270720944763759,0.01021509756687705,5.562337788670921e-05
AAL_063,AAL_075,0.01185629339928492,0.01180067471928765,5.56186799972689e-05
AAL_058,AAL_072,0.010163849355000207,0.010219458049214064,-5.560869421385693e-05
AAL_027,AAL_045,0.010655378845209876,0.010710986388879585,-5.560754366970913e-05
AAL_080,AAL_069,0.011104306695648493,0.011159906600585794,-5.559990493730037e-05
AAL_020,AAL_077,0.011053642391378427,0.0111091990236461,-5.555663226767399e-05
AAL_012,AAL_034,0.011043778765930707,0.010988231910110703,5.5546855820003474e-05
AAL_068,AAL_083,0.010670626122090552,0.010615083340453746,5.5542781636806066e-05
AAL_054,AAL_004,0.01085602575674271,0.010800484080265089,5.554167647762141e-05
AAL_041,AAL_079,0.011227097423970062,0.011171573611258277,5.552381271178505e-05
AAL_081,AAL_042,0.010904303242444482,0.01095982583207321,-5.5522589628728344e-05
AAL_025,AAL_017,0.010524366094738755,0.01057988515923322,-5.551906449446399e-05
AAL_056,AAL_087,0.01085678501150165,0.01091230356783858,-5.551855633693058e-05
AAL_013,AAL_074,0.010943680281281216,0.010888175407965337,5.5504873315879305e-05
AAL_031,AAL_060,0.010165371661448581,0.010220864011210484,-5.549234976190247e-05
AAL_003,AAL_090,0.010814803666395381,0.010759334412701521,5.546925369386002e-05
AAL_018,AAL_089,0.01063246745019196,0.010687929115930651,-5.546166573869131e-05
AAL_001,AAL_031,0.010220023471081996,0.010275460888282685,-5.543741720068912e-05
AAL_056,AAL_011,0.010461732643680314,0.0105171264738547,-5.5393830174386635e-05
AAL_040,AAL_057,0.011196043105541259,0.011251397652750275,-5.535454720901646e-05
AAL_084,AAL_040,0.011092577923614627,0.011037239795620032,5.533812799459435e-05
AAL_035,AAL_049,0.011362892219351016,0.011418225673528818,-5.533345417780243e-05
AAL_082,AAL_066,0.010001991039667374,0.010057276094022667,-5.528505435529324e-05
AAL_074,AAL_065,0.010617434480983732,0.010562153378265816,5.5281102717916544e-05
AAL_057,AAL_009,0.010872289112522306,0.010817029945570837,5.5259166951468486e-05
AAL_090,AAL_001,0.01068337989023799,0.010738609189967215,-5.522929972922447e-05
AAL_065,AAL_047,0.010304082344230423,0.010359274412946725,-5.519206871630253e-05
AAL_043,AAL_056,0.012334032529471522,0.012278860446444663,5.517208302685886e-05
AAL_070,AAL_051,0.010998880355340293,0.010943713413075389,5.5166942264903845e-05
AAL_016,AAL_080,0.010465390365331983,0.010520494122418666,-5.510375708668233e-05
AAL_055,AAL_008,0.010269896670555076,0.010214841173541161,5.5055497013914434e-05
AAL_031,AAL_067,0.010751561625884512,0.010806586773645493,-5.502514776098075e-05
AAL_005,AAL_012,0.011349022545668686,0.011294006480934751,5.501606473393497e-05
AAL_050,AAL_038,0.011062153977238469,0.01100715420326731,5.499977397115802e-05
AAL_021,AAL_053,0.010855366722640827,0.010910359754344961,-5.499303170413382e-05
AAL_010,AAL_070,0.011232619569835883,0.011287578818372106,-5.495924853622311e-05
AAL_069,AAL_041,0.01141054513784619,0.01135558640542752,5.49587324186699e-05
AAL_010,AAL_014,0.012163749131827783,0.012218701438261913,-5.495230643413028e-05
AAL_089,AAL_077,0.01120727719603759,0.011262228936604028,-5.49517405664373e-05
AAL_066,AAL_016,0.011299480735841725,0.01135442503231113,-5.4944296469405796e-05
AAL_033,AAL_006,0.01027955401999255,0.010334485450819615,-5.493143082706438e-05
AAL_053,AAL_005,0.011395768103245487,0.011340838235343065,5.492986790242224e-05
AAL_003,AAL_060,0.010714084550770175,0.010769008078771845,-5.492352800167029e-05
AAL_053,AAL_028,0.011338117625962338,0.011393026372524113,-5.490874656177529e-05
AAL_020,AAL_008,0.011024509303860812,0.011079415702087708,-5.49063982268963e-05
AAL_007,AAL_050,0.010726392746735841,0.010781295930333529,-5.4903183597687644e-05
AAL_024,AAL_030,0.010539931704839453,0.01059482121613644,-5.4889511296986326e-05
AAL_037,AAL_032,0.010819802253753839,0.010764933475489652,5.4868778264187054e-05
AAL_048,AAL_043,0.012414273262644807,0.012469127164141416,-5.4853901496608806e-05
AAL_032,AAL_066,0.011201926990627097,0.011147077719937483,5.4849270689613996e-05
AAL_059,AAL_024,0.01066062619121602,0.01071537475080851,-5.47485595924907e-05
AAL_028,AAL_048,0.010729225453896781,0.0106744778344856,5.4747619411181156e-05
AAL_050,AAL_031,0.010883829566355571,0.010938573774255387,-5.4744207899816086e-05
AAL_079,AAL_080,0.012996251231186792,0.013050994969830471,-5.4743738643678666e-05
AAL_085,AAL_016,0.010949859272242866,0.010895130615080557,5.472865716230936e-05
AAL_022,AAL_013,0.010688778637852678,0.010743505730485502,-5.472709263282423e-05
AAL_014,AAL_030,0.011900923190972744,0.011846204052584491,5.4719138388252195e-05
AAL_051,AAL_021,0.010477013434243634,0.010531723672621155,-5.471023837752033e-05
AAL_045,AAL_008,0.010696314665305818,0.010751023606649108,-5.470894134329031e-05
AAL_061,AAL_025,0.010675698472982924,0.010730404506157852,-5.4706033174927934e-05
AAL_031,AAL_003,0.01149624029500808,0.01155093519326771,-5.46948982596291e-05
AAL_039,AAL_041,0.011689820770635946,0.01174442412530444,-5.4603354668494516e-05
AAL_044,AAL_051,0.012123654421387065,0.012178250819574072,-5.459639818700644e-05
AAL_013,AAL_036,0.010849379548309451,0.010903969490276673,-5.458994196722196e-05
AAL_012,AAL_035,0.0105346747331767,0.01048008666579466,5.458806738204043e-05
AAL_029,AAL_058,0.010929757950063318,0.010984341468356975,-5.4583518293656666e-05
AAL_080,AAL_056,0.010547222973555963,0.010601804903696844,-5.458193014088071e-05
AAL_019,AAL_072,0.010438471345995098,0.010383909071331137,5.456227466396103e-05
AAL_005,AAL_080,0.010878799226469336,0.010933361392902676,-5.456216643334039e-05
AAL_016,AAL_069,0.010499176688683338,0.010553732461229004,-5.455577254566586e-05
AAL_062,AAL_057,0.011161405314556044,0.011106885172352749,5.452014220329489e-05
AAL_045,AAL_038,0.010646235544043474,0.010591716928495367,5.4518615548107205e-05
AAL_059,AAL_082,0.011176924899809508,0.011122408678879956,5.4516220929551676e-05
AAL_006,AAL_039,0.01106982441762319,0.011124332733544759,-5.4508315921568407e-05
AAL_046,AAL_010,0.011163110558230143,0.011217609050200684,-5.449849197054074e-05
AAL_087,AAL_025,0.011704915366334539,0.011650422999344157,5.449236699038226e-05
AAL_090,AAL_047,0.01075324173976914,0.010698755835610495,5.4485904158645473e-05
AAL_047,AAL_084,0.01053717796706682,0.010482699076457887,5.447889060893399e-05
AAL_035,AAL_073,0.01125714003156202,0.011311613711951388,-5.447368038936917e-05
AAL_015,AAL_070,0.011183994758523937,0.011129521536028414,5.447322249552307e-05
AAL_058,AAL_062,0.011080319915587703,0.011025854224621066,5.446569096663641e-05
AAL_009,AAL_006,0.011850826491991807,0.01190527767016929,-5.445117817748368e-05
AAL_047,AAL_074,0.010440469217988161,0.010494905660303295,-5.443644231513389e-05
AAL_085,AAL_088,0.011510585428764805,0.011456162846709599,5.442258205520627e-05
AAL_040,AAL_014,0.010988063640637785,0.011042480770655661,-5.4417130017875986e-05
AAL_024,AAL_050,0.010645601042729413,0.010591195376298712,5.440566643070098e-05
AAL_009,AAL_020,0.010989845220922913,0.010935460529278586,5.438469164432795e-05
AAL_070,AAL_075,0.010688725685796294,0.010743101554975912,-5.437586917961777e-05
AAL_029,AAL_006,0.01029203980603916,0.010346379681090563,-5.4339875051403336e-05
AAL_088,AAL_029,0.010731957172258543,0.010786291091672836,-5.433391941429312e-05
AAL_055,AAL_063,0.010532410319846792,0.010586732915295265,-5.4322595448472524e-05
AAL_046,AAL_035,0.01181936421447521,0.011765063830441045,5.430038403416576e-05
AAL_074,AAL_059,0.010702033901316488,0.010647748074686113,5.4285826630374664e-05
AAL_010,AAL_032,0.011355885163220203,0.011410169391234223,-5.428422801402079e-05
AAL_047,AAL_057,0.01059615626358069,0.010541906314566916,5.4249949013773086e-05
AAL_046,AAL_006,0.011389716860686993,0.011335467873487815,5.42489871991781e-05
AAL_013,AAL_060,0.010830713495707665,0.010776497386673248,5.4216109034416204e-05
AAL_053,AAL_017,0.011356451638186207,0.011302249067030829,5.4202571155377924e-05
AAL_015,AAL_028,0.011932479028597984,0.01187831685917623,5.4162169421754364e-05
AAL_072,AAL_067,0.011553532030019496,0.011499419138205258,5.41128918142373e-05
AAL_036,AAL_016,0.011746716695543155,0.011692606180758394,5.411051478476127e-05
AAL_028,AAL_051,0.011032171885713808,0.010978103173947512,5.4068711766296074e-05
AAL_038,AAL_001,0.010520972458757142,0.010574967512588199,-5.399505383105706e-05
AAL_003,AAL_046,0.010817411206423854,0.010871385926699667,-5.397472027581299e-05
AAL_073,AAL_027,0.010112754524979964,0.010166726426380888,-5.397190140092427e-05
AAL_045,AAL_010,0.010531461835464733,0.010585429188483406,-5.396735301867357e-05
AAL_057,AAL_034,0.011288666435015889,0.011342632794572462,-5.396635955657279e-05
AAL_022,AAL_071,0.011526349947875382,0.011472396492477386,5.3953455397996036e-05
AAL_036,AAL_089,0.011975666241417838,0.011921737400847244,5.3928840570593994e-05
AAL_072,AAL_031,0.012740841513483698,0.01268691678875803,5.3924724725666964e-05
AAL_016,AAL_083,0.010986843309564214,0.010932924995480785,5.3918314083429425e-05
AAL_039,AAL_038,0.012051843395297471,0.01199793300958854,5.3910385708930836e-05
AAL_021,AAL_059,0.010663684145109648,0.01071758407211999,-5.389992701034137e-05
AAL_037,AAL_031,0.010806633557519343,0.010752762284213053,5.387127330628953e-05
AAL_016,AAL_044,0.01041589914343487,0.010362056865086478,5.384227834839134e-05
AAL_047,AAL_067,0.010685644964249725,0.010739480995714073,-5.38360314643483e-05
AAL_089,AAL_015,0.01251671057090991,0.012462875620917262,5.3834949992647915e-05
AAL_085,AAL_022,0.010735907583919346,0.01078973302187828,-5.382543795893341e-05
AAL_083,AAL_016,0.012152782215490045,0.012098979858898792,5.380235659125342e-05
AAL_067,AAL_069,0.011379058526542325,0.011432858666973581,-5.380014043125658e-05
AAL_040,AAL_075,0.011198723270820502,0.011252513476566552,-5.3790205746050146e-05
AAL_034,AAL_048,0.010341827693976399,0.010395612879644701,-5.378518566830255e-05
AAL_011,AAL_022,0.010576081559714725,0.010629866223680617,-5.378466396589211e-05
AAL_063,AAL_011,0.01180999572826629,0.011756228031151495,5.376769711479441e-05
AAL_074,AAL_081,0.011183115942244474,0.011236880462219195,-5.3764519974720815e-05
AAL_040,AAL_081,0.011264522605710942,0.011210801842490733,5.372076322020941e-05
AAL_038,AAL_077,0.011358685413391417,0.011304975182243228,5.371023114818935e-05
AAL_014,AAL_057,0.010858318919682095,0.010912025948205301,-5.3707028523206427e-05
AAL_017,AAL_028,0.01018636642047801,0.010240023888684531,-5.3657468206520786e-05
AAL_037,AAL_016,0.010847909630745904,0.010794261830949014,5.364779979689059e-05
AAL_079,AAL_053,0.011204104619817091,0.011150474080044047,5.363053977304466e-05
AAL_090,AAL_003,0.010595495331013558,0.010541865331751684,5.362999926187412e-05
AAL_023,AAL_033,0.01091727645844858,0.010863653250112576,5.362320833600387e-05
AAL_018,AAL_058,0.012337797711420262,0.012284208789338396,5.358892208186597e-05
AAL_017,AAL_022,0.01046048666541584,0.010514064269052546,-5.357760363670569e-05
AAL_038,AAL_014,0.010706878078178082,0.010760431603133383,-5.355352495530104e-05
AAL_060,AAL_037,0.010935449654347876,0.010881902002925908,5.3547651421967726e-05
AAL_069,AAL_080,0.011909941901874721,0.011856413601202053,5.352830067266792e-05
AAL_009,AAL_081,0.010691836707166627,0.010638311861207703,5.352484595892368e-05
AAL_081,AAL_012,0.010799331075121831,0.010852849226509666,-5.351815138783522e-05
AAL_089,AAL_048,0.011206283224109784,0.011259787018057282,-5.350379394749791e-05
AAL_016,AAL_057,0.010417902398392813,0.010471391660293042,-5.348926190022925e-05
AAL_051,AAL_049,0.01205013127416436,0.012103614612267567,-5.348333810320689e-05
AAL_037,AAL_040,0.011674513097088307,0.011727995971777008,-5.348287468870047e-05
AAL_076,AAL_056,0.010846475656661723,0.010899944577560236,-5.346892089851292e-05
AAL_039,AAL_056,0.011363367404804653,0.011416827208332477,-5.345980352782463e-05
AAL_005,AAL_089,0.01165950497906878,0.011606057606655966,5.3447372412814e-05
AAL_056,AAL_006,0.010575028974164883,0.010628437073369771,-5.3408099204888676e-05
AAL_083,AAL_020,0.012052012098013844,0.012105418970027277,-5.340687201343258e-05
AAL_016,AAL_070,0.010615400669491317,0.010668801504277414,-5.3400834786096474e-05
AAL_009,AAL_036,0.011158291525088059,0.011211673662103435,-5.3382137015375863e-05
AAL_079,AAL_042,0.011482578809731282,0.011535952510150431,-5.3373700419148684e-05
AAL_003,AAL_021,0.010879039646993972,0.01082567375606254,5.336589093143246e-05
AAL_055,AAL_067,0.010884571080215467,0.010831206138003108,5.336494221235867e-05
AAL_041,AAL_071,0.010960984091537122,0.011014326843005552,-5.334275146843051e-05
AAL_020,AAL_071,0.010779928704564515,0.010833263378729004,-5.333467416448849e-05
AAL_082,AAL_009,0.010177722537062235,0.01023103741388167,-5.331487681943525e-05
AAL_046,AAL_037,0.011156663545367554,0.011103358094305465,5.330545106208874e-05
AAL_057,AAL_062,0.011537545006403811,0.011484239837408953,5.330516899485806e-05
AAL_042,AAL_013,0.011168419749627257,0.011221703229744737,-5.328348011747995e-05
AAL_035,AAL_064,0.011036983665285839,0.011090248682196472,-5.326501691063287e-05
AAL_044,AAL_004,0.011213841125703393,0.01116057753415025,5.326359155314285e-05
AAL_002,AAL_005,0.010425419075032458,0.010372200299045141,5.321877598731678e-05
AAL_072,AAL_024,0.01237977609738835,0.01232656455198973,5.321154539861955e-05
AAL_046,AAL_080,0.011074791439514384,0.011021592811434056,5.319862808032816e-05
AAL_055,AAL_081,0.010572472041966314,0.01062563919778867,-5.316715582235655e-05
AAL_015,AAL_061,0.011186654253616037,0.01113349538314949,5.315887046654713e-05
AAL_027,AAL_020,0.010714995937469678,0.010768143407002129,-5.314746953245103e-05
AAL_053,AAL_050,0.01218106484032658,0.012127926600889,5.313823943757859e-05
AAL_040,AAL_061,0.010888403796980906,0.010941522602666696,-5.311880568579022e-05
AAL_045,AAL_076,0.010455092027162513,0.010508197020027537,-5.310499286502457e-05
AAL_071,AAL_007,0.011307413226120874,0.011254341327689274,5.307189843159997e-05
AAL_018,AAL_066,0.010683279647690874,0.010736306232605915,-5.302658491504117e-05
AAL_020,AAL_078,0.010921097786412535,0.010974115883889921,-5.30180974773857e-05
AAL_055,AAL_090,0.011668148639603939,0.011721146729758596,-5.299809015465659e-05
AAL_005,AAL_071,0.01160925991124768,0.01155626689021478,5.299302103290056e-05
AAL_083,AAL_090,0.012049360003752204,0.012102347747804066,-5.2987744051862656e-05
AAL_007,AAL_011,0.011744822246126004,0.01169184094096162,5.29813051643839e-05
AAL_022,AAL_002,0.010423910290671464,0.010476886856348875,-5.297656567741088e-05
AAL_002,AAL_054,0.010729838755682237,0.010676863896787611,5.297485889462633e-05
AAL_022,AAL_082,0.010876821011750616,0.010823857623889635,5.29633878609808e-05
AAL_032,AAL_020,0.010981438679493263,0.01103439915777362,-5.296047828035749e-05
AAL_051,AAL_036,0.010468607939556878,0.01052154889492036,-5.294095536348235e-05
AAL_066,AAL_049,0.010891890652780222,0.01083898436620129,5.290628657893259e-05
AAL_062,AAL_050,0.01103549315315536,0.010982589548911261,5.290360424409918e-05
AAL_002,AAL_072,0.010242652070398131,0.010189760240631424,5.2891829766707824e-05
AAL_021,AAL_050,0.010758320450719096,0.010811201879112211,-5.2881428393115534e-05
AAL_026,AAL_047,0.010584246932377672,0.01053137434577158,5.287258660609251e-05
AAL_007,AAL_087,0.010730628813736333,0.010677795850258163,5.2832963478169695e-05
AAL_014,AAL_017,0.011340690082193822,0.011287867262608213,5.2822819585608694e-05
AAL_011,AAL_005,0.011210755524663335,0.011157936733169827,5.28187914935075e-05
AAL_009,AAL_051,0.010953262249310302,0.010900444642319426,5.2817606990876106e-05
AAL_003,AAL_078,0.010751062146443715,0.01069827480172327,5.278734472044522e-05
AAL_008,AAL_025,0.01091976851845781,0.010972541782348683,-5.2773263890873445e-05
AAL_084,AAL_069,0.010651212844313083,0.010703968665292185,-5.2755820979102225e-05
AAL_066,AAL_051,0.01103320474234911,0.010980485543312862,5.271919903624897e-05
AAL_082,AAL_057,0.011264000951638844,0.01121129120281775,5.2709748821093416e-05
AAL_058,AAL_084,0.010595303016881913,0.010647996885715879,-5.269386883396607e-05
AAL_048,AAL_042,0.010913744278283965,0.01086108817282149,5.265610546247544e-05
AAL_007,AAL_057,0.010677388192624109,0.010730014499230656,-5.2626306606547504e-05
AAL_002,AAL_055,0.010680007889596188,0.010627386698651846,5.2621190944342894e-05
AAL_039,AAL_081,0.01067450379109026,0.010727124443513435,-5.2620652423176e-05
AAL_005,AAL_048,0.011002164823600115,0.011054773063909623,-5.260824030950753e-05
AAL_043,AAL_013,0.010896008803994738,0.010843426948205266,5.2581855789471735e-05
AAL_062,AAL_022,0.010387986599921416,0.01044056171703871,-5.257511711729418e-05
AAL_055,AAL_014,0.01060131464440089,0.01065383369921159,-5.251905481069852e-05
AAL_049,AAL_086,0.011012976551348837,0.0109604651746213,5.251137672753793e-05
AAL_047,AAL_075,0.010359584345904171,0.01041207841548967,-5.249406958549897e-05
AAL_073,AAL_046,0.01024266740339052,0.010295156380230971,-5.248897684045212e-05
AAL_080,AAL_016,0.010313814462154593,0.010366302013637559,-5.2487551482965564e-05
AAL_038,AAL_041,0.011748522635485627,0.011696046539501428,5.247609598419897e-05
AAL_021,AAL_005,0.011515755984438663,0.011568221882928541,-5.246589848987779e-05
AAL_066,AAL_038,0.010626276803768089,0.010678715324468412,-5.2438520700323274e-05
AAL_002,AAL_060,0.011721783948457267,0.01166934782532841,5.243612312885726e-05
AAL_065,AAL_083,0.011095486517645355,0.011043062851886743,5.242366575861253e-05
AAL_008,AAL_004,0.012849633850587102,0.012902047434271714,-5.2413583684612214e-05
AAL_046,AAL_018,0.010995253715584548,0.010942859720743768,5.239399484078047e-05
AAL_008,AAL_029,0.010950362303843483,0.010897983431760638,5.237887208284567e-05
AAL_027,AAL_059,0.01086973248877459,0.010922107482721877,-5.237499394728645e-05
AAL_054,AAL_020,0.010944604240835477,0.010892234003129728,5.237023770574868e-05
AAL_079,AAL_086,0.011346660120587828,0.011399023932758396,-5.236381217056836e-05
AAL_070,AAL_015,0.010913080500008969,0.010860759755665847,5.232074434312166e-05
AAL_041,AAL_035,0.010915883583948016,0.010968189762798935,-5.230617885091868e-05
AAL_020,AAL_025,0.010302597324515128,0.010354880171899613,-5.228284738448448e-05
AAL_052,AAL_017,0.01050991715433506,0.010457646425249559,5.22707290855004e-05
AAL_040,AAL_076,0.011533176194096351,0.011480914733878732,5.226146021761885e-05
AAL_064,AAL_009,0.010364594616584925,0.010312362019407098,5.22325971778273e-05
AAL_012,AAL_026,0.010238873338501932,0.010291105445945825,-5.223210744389334e-05
AAL_071,AAL_080,0.011047656886661664,0.011099882412322846,-5.222552566118248e-05
AAL_004,AAL_078,0.010529821985361412,0.010477606616174761,5.221536918665129e-05
AAL_045,AAL_079,0.010700509722272936,0.010648310376289613,5.219934598332289e-05
AAL_007,AAL_085,0.011167596209730603,0.011115404520710704,5.219168901989847e-05
AAL_065,AAL_054,0.01054296632591858,0.010595157081561704,-5.219075564312503e-05
AAL_031,AAL_062,0.010263712919500267,0.010315871316819422,-5.215839731915507e-05
AAL_021,AAL_065,0.011076252959254716,0.011128399717545243,-5.2146758290527034e-05
AAL_079,AAL_055,0.011182790598235069,0.01123491993344969,-5.21293352146214e-05
AAL_053,AAL_008,0.011256524620370733,0.011204395796780108,5.212882359062476e-05
AAL_018,AAL_052,0.011083202438556358,0.011031090998305725,5.211144025063334e-05
AAL_066,AAL_034,0.010878383987941422,0.010826281211789577,5.2102776151844235e-05
AAL_090,AAL_034,0.010309120980449595,0.01025702504362569,5.2095936823905176e-05
AAL_026,AAL_039,0.011245165139627762,0.011193095297360834,5.206984226692815e-05
AAL_048,AAL_030,0.010636582751718596,0.010584522207399309,5.2060544319287166e-05
AAL_025,AAL_021,0.012000473946508052,0.012052521652659914,-5.204770615186219e-05
AAL_010,AAL_087,0.011180468890656773,0.011128428057021007,5.2040833635766046e-05
AAL_013,AAL_039,0.010864297073318535,0.01091633074762064,-5.203367430210368e-05
AAL_054,AAL_013,0.010847183855839519,0.010795161227416016,5.2022628423503e-05
AAL_001,AAL_048,0.01051185450429081,0.01056387331845151,-5.2018814160699825e-05
AAL_090,AAL_057,0.010607606024903238,0.010659604777048155,-5.199875214491681e-05
AAL_026,AAL_074,0.010441320914472653,0.010389326921393794,5.199399307885891e-05
AAL_013,AAL_038,0.010594346269997012,0.010646335394687895,-5.198912469088317e-05
AAL_001,AAL_020,0.011496168999080984,0.011444180572946225,5.1988426134758764e-05
AAL_043,AAL_025,0.011193069472160732,0.011141108048539008,5.196142362172418e-05
AAL_031,AAL_018,0.010553093334564414,0.010605038122895634,-5.1944788331219696e-05
AAL_085,AAL_067,0.010885811924265746,0.010833897207292819,5.1914716972927336e-05
AAL_024,AAL_047,0.010816358256703004,0.010764450075164918,5.190818153808646e-05
AAL_069,AAL_075,0.01143794097046121,0.011489829256502038,-5.188828604082811e-05
AAL_031,AAL_058,0.010418740883230781,0.01047062262356577,-5.188174033498964e-05
AAL_041,AAL_045,0.010753139274385877,0.010701270462025335,5.1868812360541736e-05
AAL_087,AAL_030,0.010471801022784067,0.010523666962796345,-5.1865940012277983e-05
AAL_046,AAL_089,0.011009793891770463,0.01095793068769478,5.186320407568265e-05
AAL_054,AAL_001,0.010997122625271097,0.010945272065754564,5.185055951653292e-05
AAL_080,AAL_042,0.010766447376475757,0.0108182803674534,-5.1832990977643614e-05
AAL_003,AAL_082,0.010342870389198901,0.010394693504806339,-5.1823115607438006e-05
AAL_014,AAL_075,0.011267333263610927,0.01121553359899864,5.179966461228702e-05
AAL_041,AAL_051,0.010611948129346864,0.010663709048616235,-5.176091926937035e-05
AAL_016,AAL_039,0.010732848847953554,0.010784602987466764,-5.1754139513209355e-05
AAL_061,AAL_027,0.010998093787755849,0.011049838660391182,-5.1744872635333186e-05
AAL_069,AAL_024,0.011046186921337986,0.011097921908974056,-5.173498763606961e-05
AAL_007,AAL_023,0.01163013708881206,0.011681868907332272,-5.1731818520210984e-05
AAL_028,AAL_086,0.011152247283368921,0.011203975721768499,-5.172843839957794e-05
AAL_040,AAL_059,0.011013057267961975,0.01106477837556645,-5.172110760447504e-05
AAL_027,AAL_001,0.010830345052159112,0.010881972092460314,-5.162704030120188e-05
AAL_006,AAL_021,0.011694313576206183,0.011745933408643265,-5.161983243708208e-05
AAL_010,AAL_078,0.011218333246711737,0.011166731300058939,5.1601946652797895e-05
AAL_057,AAL_038,0.01102217056382543,0.01107377020951832,-5.1599645692889176e-05
AAL_084,AAL_054,0.010701278923079371,0.01064973766395531,5.1541259124061184e-05
AAL_001,AAL_060,0.011183403024418104,0.011131864540260423,5.153848415768124e-05
AAL_008,AAL_001,0.011228734157724768,0.011177216057963762,5.151809976100541e-05
AAL_044,AAL_013,0.011009410682381092,0.010957906387801798,5.150429457929408e-05
AAL_050,AAL_073,0.011010986671217868,0.01095948451968192,5.1502151535948865e-05
AAL_073,AAL_031,0.010918691621010756,0.010970186490667222,-5.149486965646578e-05
AAL_064,AAL_020,0.01116935420049052,0.011117883088996186,5.147111149433371e-05
AAL_050,AAL_013,0.010845357390980307,0.010793909784082888,5.1447606897419076e-05
AAL_073,AAL_062,0.01075356097247165,0.010702115083783496,5.144588868815497e-05
AAL_061,AAL_069,0.011437530935797682,0.011386106262173014,5.1424673624667766e-05
AAL_085,AAL_034,0.010618684996460747,0.010670089246081212,-5.140424962046461e-05
AAL_033,AAL_057,0.01138682465435157,0.011438221065211977,-5.139641086040689e-05
AAL_010,AAL_020,0.011216651865193604,0.011268047038142203,-5.1395172948599105e-05
AAL_017,AAL_012,0.010981379128578637,0.01103275684320897,-5.1377714630334095e-05
AAL_086,AAL_003,0.011055917373627551,0.011004550877043391,5.1366496584159815e-05
AAL_056,AAL_065,0.010238150411293421,0.010289510411600913,-5.1360000307492173e-05
AAL_021,AAL_024,0.011382070342158405,0.011330711176947093,5.1359165211312466e-05
AAL_046,AAL_005,0.011104064251288261,0.011155417720526088,-5.135346923782619e-05
AAL_023,AAL_011,0.01157445959850318,0.011523113359533084,5.134623897009617e-05
AAL_010,AAL_024,0.011621082842381846,0.011672416960741982,-5.133411836013603e-05
AAL_090,AAL_080,0.010331670178546228,0.010383003490697361,-5.1333312151133695e-05
AAL_062,AAL_023,0.009996003228534237,0.010047327858804916,-5.132463027067956e-05
AAL_022,AAL_016,0.011319538968432153,0.011370846338422216,-5.130736999006333e-05
AAL_025,AAL_050,0.010793657408247137,0.01084496356805708,-5.1306159809942284e-05
AAL_011,AAL_038,0.010518757536864052,0.010570053020422868,-5.1295483558816066e-05
AAL_070,AAL_090,0.01107447774300718,0.011023201646916475,5.127609609070424e-05
AAL_083,AAL_043,0.011727145811319988,0.011675883916486286,5.126189483370229e-05
AAL_077,AAL_020,0.011155575790450487,0.011104316150228824,5.125964022166356e-05
AAL_087,AAL_075,0.01101835616108062,0.011069602233637356,-5.1246072556736244e-05
AAL_036,AAL_055,0.011653437515975446,0.011602201533709507,5.1235982265938895e-05
AAL_064,AAL_035,0.010200612959412172,0.01014939808141135,5.121487800082217e-05
AAL_049,AAL_047,0.012507548414441383,0.012558759885745369,-5.121147130398608e-05
AAL_025,AAL_037,0.011145935117259111,0.011094726668324128,5.120844893498344e-05
AAL_013,AAL_057,0.01084691234346893,0.01079571681795064,5.119552551829075e-05
AAL_021,AAL_048,0.010961309732057346,0.010910125128074408,5.1184603982937574e-05
AAL_017,AAL_062,0.010992408349998614,0.010941262474796612,5.114587520200185e-05
AAL_068,AAL_080,0.010421275077626491,0.010370150421082825,5.112465654366627e-05
AAL_009,AAL_058,0.01079402228172582,0.010742899427934556,5.112285379126405e-05
AAL_039,AAL_006,0.01085683485516944,0.010907928644224225,-5.109378905478537e-05
AAL_074,AAL_050,0.010773757900485499,0.010722704529854707,5.105337063079224e-05
AAL_041,AAL_042,0.012027883249470312,0.011976864431561814,5.101881790849777e-05
AAL_082,AAL_083,0.010682872500525326,0.010631863083274429,5.100941725089646e-05
AAL_058,AAL_049,0.010703275360278467,0.010652287867816891,5.098749246157559e-05
AAL_015,AAL_062,0.010681818625451917,0.010732803701725847,-5.09850762739298e-05
AAL_087,AAL_068,0.011106214300992016,0.011055253818168978,5.0960482823037695e-05
AAL_061,AAL_021,0.010785744804092962,0.010836702466436266,-5.095766234330425e-05
AAL_004,AAL_087,0.01064580600334602,0.010594859104557309,5.094689878871149e-05
AAL_088,AAL_043,0.01090923125226783,0.010960145338112603,-5.0914085844773124e-05
AAL_049,AAL_079,0.010742917957389329,0.010692030783030887,5.0887174358442075e-05
AAL_067,AAL_039,0.010745907892894924,0.010695021068007123,5.0886824887800414e-05
AAL_067,AAL_059,0.01193434379907309,0.01198522554752105,-5.088174844795901e-05
AAL_019,AAL_035,0.0104970970732343,0.01054797573454179,-5.08786613074904e-05
AAL_060,AAL_019,0.01127814501324971,0.011227271720656094,5.087329259361589e-05
AAL_002,AAL_037,0.010457343642767042,0.010406524610818911,5.0819031948130464e-05
AAL_080,AAL_026,0.010304377360555988,0.010355180471433008,-5.080311087701968e-05
AAL_045,AAL_071,0.010513956871472744,0.010564751696608794,-5.0794825136049604e-05
AAL_083,AAL_069,0.011901788383674545,0.011952570884513944,-5.0782500839398684e-05
AAL_056,AAL_010,0.010418036490933508,0.010468803175144988,-5.076668421147984e-05
AAL_089,AAL_008,0.011368636648831332,0.0113179040379434,5.073261088793177e-05
AAL_009,AAL_012,0.011209274429238887,0.011158544671890458,5.0729757348429855e-05
AAL_032,AAL_002,0.010440618673371326,0.01049133704480699,-5.071837143566342e-05
AAL_067,AAL_027,0.01063782930907467,0.010587115926903767,5.0713382170903404e-05
AAL_026,AAL_027,0.01173593402784477,0.011685240819643509,5.069320820126101e-05
AAL_002,AAL_073,0.010834314066391343,0.010783626150256647,5.068791613469653e-05
AAL_022,AAL_014,0.01064337418279332,0.010694053262083909,-5.0679079290589374e-05
AAL_056,AAL_052,0.012031793353569686,0.011981134194298358,5.065915927132854e-05
AAL_059,AAL_009,0.01157273912929699,0.011522099301773621,5.0639827523369166e-05
AAL_011,AAL_046,0.010479244715971952,0.010529876862266667,-5.06321462947143e-05
AAL_014,AAL_069,0.010867827581878528,0.010918454114560307,-5.062653268177869e-05
AAL_056,AAL_090,0.011568641333848748,0.011619258817590348,-5.0617483741599925e-05
AAL_059,AAL_077,0.011191065532640897,0.011241670526915389,-5.060499427449183e-05
AAL_079,AAL_004,0.010973632749583986,0.011024231128117287,-5.059837853330085e-05
AAL_053,AAL_083,0.01135746988420112,0.0113068797831278,5.059010107332125e-05
AAL_068,AAL_085,0.01118953128814952,0.011138972396460863,5.0558891688657834e-05
AAL_051,AAL_077,0.01036080244419157,0.010411347736311019,-5.054529211944922e-05
AAL_053,AAL_016,0.011393473010000765,0.011342953969135178,5.051904086558756e-05
AAL_038,AAL_047,0.011238313869087614,0.011187799774091829,5.051409499578531e-05
AAL_050,AAL_033,0.011369373854329316,0.011419840221739289,-5.0466367409972984e-05
AAL_034,AAL_047,0.010198057424197467,0.010248518558149747,-5.046113395227973e-05
AAL_084,AAL_074,0.010850703731800119,0.010901159442794826,-5.045571099470715e-05
AAL_044,AAL_014,0.01111931225651095,0.011068865830175781,5.044642633516942e-05
AAL_088,AAL_004,0.011397323129364314,0.01144776611170609,-5.044298234177687e-05
AAL_089,AAL_074,0.010997372014750527,0.011047810131207885,-5.043811645735752e-05
AAL_059,AAL_031,0.01062998605462221,0.010680398910720059,-5.041285609784854e-05
AAL_064,AAL_012,0.011025405112797251,0.010975003321065796,5.040179173145497e-05
AAL_014,AAL_013,0.012439129913910331,0.012388767371827704,5.0362542082627026e-05
AAL_072,AAL_073,0.012030626852144925,0.011980276279817001,5.035057232792399e-05
AAL_066,AAL_069,0.010383093025153264,0.01043344005276784,-5.034702761457649e-05
AAL_044,AAL_059,0.011278513263767729,0.011328832794064032,-5.0319530296303455e-05
AAL_065,AAL_035,0.011687008588391746,0.01173731505353161,-5.030646513986409e-05
AAL_041,AAL_061,0.010656875546257466,0.010707172791637647,-5.0297245380180947e-05
AAL_066,AAL_032,0.010858154592987819,0.01080785856972779,5.029602326002934e-05
AAL_062,AAL_076,0.010717391937923355,0.010667100449372314,5.029148855104082e-05
AAL_078,AAL_001,0.011296629975350875,0.01134689864945175,-5.026867410087496e-05
AAL_063,AAL_074,0.011654622287640715,0.01160437135816212,5.025092947859473e-05
AAL_023,AAL_009,0.011797973683151679,0.011747724799527128,5.0248883624551266e-05
AAL_003,AAL_018,0.010143874830001185,0.010194063440852661,-5.018861085147666e-05
AAL_030,AAL_082,0.011994505975729762,0.01204468344543915,-5.017746970938791e-05
AAL_080,AAL_023,0.010275016910929838,0.010325190638915334,-5.017372798549538e-05
AAL_051,AAL_071,0.010292947700279009,0.010343119502067566,-5.017180178855732e-05
AAL_016,AAL_077,0.010542505723225255,0.010492349970189128,5.0155753036126155e-05
AAL_033,AAL_014,0.01077455459918795,0.010724407525978077,5.014707320987258e-05
AAL_020,AAL_011,0.011002624594471138,0.010952478156843345,5.0146437627792556e-05
AAL_004,AAL_027,0.010608790609507989,0.010558677650063712,5.0112959444277225e-05
AAL_004,AAL_069,0.010462454175894968,0.01051256114445978,-5.01069685648111e-05
AAL_009,AAL_031,0.011115766299538251,0.01116584909261752,-5.008279307926883e-05
AAL_071,AAL_089,0.01093644412775707,0.010986508263122504,-5.006413536543311e-05
AAL_009,AAL_059,0.011323181140180836,0.011273145883646852,5.003525653398365e-05
AAL_018,AAL_050,0.011290670191455219,0.011240658532855824,5.001165859939462e-05
AAL_005,AAL_082,0.010901290260685178,0.010951300040719378,-5.000978003420059e-05
AAL_045,AAL_021,0.01062543978755418,0.010675447452212534,-5.000766465835388e-05
AAL_081,AAL_033,0.011158991378182784,0.01120899857319984,-5.0007195017055805e-05
AAL_040,AAL_043,0.011354397389337294,0.011304412961523822,4.9984427813471594e-05
AAL_045,AAL_037,0.010592968692668738,0.010542986230467153,4.9982462201584796e-05
AAL_036,AAL_083,0.01175062983042091,0.011700656228044785,4.997360237612471e-05
AAL_003,AAL_051,0.011100425090417903,0.01115039717082498,-4.997208040707739e-05
AAL_063,AAL_037,0.011423841954614872,0.011373874474843738,4.9967479771134e-05
AAL_046,AAL_042,0.011155068685308609,0.01110510187450029,4.99668108083183e-05
AAL_048,AAL_063,0.010448707588032907,0.010498653066624187,-4.9945478591280346e-05
AAL_085,AAL_056,0.010657000240002178,0.01070692188224337,-4.9921642241192166e-05
AAL_009,AAL_064,0.010748916333461674,0.010699010278484218,4.990605497745548e-05
AAL_078,AAL_030,0.012012721805506919,0.011962840379800454,4.9881425706464755e-05
AAL_047,AAL_088,0.01046414301993373,0.010414290891280837,4.985212865289343e-05
AAL_016,AAL_084,0.011400156437506916,0.011449985816224337,-4.9829378717421505e-05
AAL_029,AAL_030,0.012336130319640804,0.01228631756247643,4.9812757164374374e-05
AAL_035,AAL_014,0.01112920448828775,0.011179009849949746,-4.980536166199548e-05
AAL_046,AAL_034,0.01157975556432373,0.011629549206393973,-4.9793642070241825e-05
AAL_070,AAL_027,0.010942543538398722,0.010892752393913772,4.9791144484950464e-05
AAL_013,AAL_077,0.011151687120700367,0.011101919965860121,4.97671548402457e-05
AAL_016,AAL_042,0.010852809368561093,0.010902536060041736,-4.9726691480643515e-05
AAL_088,AAL_061,0.010567904849990439,0.010617620561262663,-4.9715711272223934e-05
AAL_019,AAL_010,0.010584385872571768,0.010634094892675172,-4.970902010340353e-05
AAL_080,AAL_013,0.010563403258545913,0.01061310968535118,-4.970642680526653e-05
AAL_027,AAL_055,0.011110551949813325,0.01116023054369552,-4.967859388219434e-05
AAL_056,AAL_049,0.011830168183192484,0.011780490943926292,4.9677239266191636e-05
AAL_082,AAL_067,0.010495739827792231,0.010545364000993982,-4.96241732017514e-05
AAL_029,AAL_090,0.010441040815228326,0.01039142663320226,4.9614182026066e-05
AAL_006,AAL_043,0.010839025042234706,0.010789457313420608,4.9567728814097975e-05
AAL_010,AAL_069,0.011056094291086635,0.011105637336450239,-4.954304536360435e-05
AAL_015,AAL_059,0.011007059158550369,0.010957538577781126,4.952058076924254e-05
AAL_016,AAL_045,0.010260021660285883,0.010210503322573809,4.9518337712073715e-05
AAL_071,AAL_022,0.011545401767023608,0.011495894819461087,4.950694756252101e-05
AAL_059,AAL_054,0.011448190147534777,0.011398700791556693,4.94893559780836e-05
AAL_001,AAL_022,0.010112679424162349,0.010162096757155199,-4.9417332992849825e-05
AAL_076,AAL_079,0.011330009245066943,0.0113794085368625,-4.9399291795556785e-05
AAL_027,AAL_023,0.011845729504831327,0.011796332294902494,4.939720992883263e-05
AAL_055,AAL_060,0.01093090638024812,0.010881539346377547,4.936703387057283e-05
AAL_054,AAL_075,0.010913271743517656,0.010863910761959944,4.9360981557711875e-05
AAL_004,AAL_068,0.011048238587159758,0.010998912518451143,4.9326068708615764e-05
AAL_071,AAL_009,0.0112355598845543,0.011186234042898893,4.932584165540793e-05
AAL_062,AAL_087,0.010353124398005824,0.010303802968513581,4.932142949224359e-05
AAL_014,AAL_054,0.01099541387719731,0.010946100519937706,4.9313357259604326e-05
AAL_084,AAL_083,0.011824773873290064,0.011775481690266735,4.929218302332852e-05
AAL_060,AAL_056,0.011575359650131347,0.011526070077610076,4.928957252127095e-05
AAL_054,AAL_036,0.010854180951992799,0.010804910531669633,4.9270420323165726e-05
AAL_059,AAL_050,0.011709336054105407,0.01175859797671992,-4.926192261451266e-05
AAL_031,AAL_066,0.010786914648726964,0.010737671884280577,4.9242764446387824e-05
AAL_043,AAL_012,0.011010909086873388,0.010961672443683922,4.923664318946634e-05
AAL_041,AAL_028,0.010938841105303448,0.010988076859923361,-4.9235754619913336e-05
AAL_031,AAL_051,0.010591223865795212,0.010640434703556243,-4.9210837761031606e-05
AAL_057,AAL_022,0.010912972936231611,0.010962152839742287,-4.917990351067589e-05
AAL_058,AAL_033,0.011268678198878964,0.011219505098169998,4.9173100708966785e-05
AAL_075,AAL_020,0.011203206486554228,0.011154045538038533,4.916094851569429e-05
AAL_010,AAL_086,0.011252382000048574,0.011203239496251934,4.9142503796640105e-05
AAL_058,AAL_075,0.010713439186016081,0.010762578747685879,-4.9139561669797605e-05
AAL_061,AAL_005,0.011532428994790738,0.011581558235008131,-4.912924021739304e-05
AAL_014,AAL_065,0.010897299895683924,0.010946405177968311,-4.9105282284387514e-05
AAL_062,AAL_067,0.011090092770914491,0.011139193517398598,-4.9100746484107005e-05
AAL_013,AAL_049,0.011139959982461017,0.01109085950732379,4.9100475137226277e-05
AAL_055,AAL_047,0.011298932827627048,0.0113480180044365,-4.9085176809451556e-05
AAL_070,AAL_048,0.011066952640684241,0.01101788031468838,4.907232599586121e-05
AAL_047,AAL_012,0.010424632760178711,0.01037557568243952,4.905707773919174e-05
AAL_014,AAL_034,0.011205628936171021,0.011156576780357372,4.905215581364926e-05
AAL_049,AAL_082,0.010844470035587238,0.010795419365537373,4.9050670049864686e-05
AAL_070,AAL_062,0.011072577482773962,0.011121601127457826,-4.9023644683864054e-05
AAL_007,AAL_035,0.010926113119667284,0.010975123738994817,-4.901061932753234e-05
AAL_083,AAL_067,0.0115870566576974,0.011636066654923536,-4.90099972261359e-05
AAL_067,AAL_053,0.010922814410928095,0.01097177007644629,-4.895566551819594e-05
AAL_075,AAL_049,0.010519242152953759,0.010470287151006109,4.8955001947650206e-05
AAL_052,AAL_061,0.0106659228913486,0.010616984047346907,4.8938844001693294e-05
AAL_076,AAL_041,0.011449850653895201,0.011400912234342423,4.893841955277804e-05
AAL_057,AAL_042,0.01118299989706367,0.011231920272851404,-4.8920375787733436e-05
AAL_066,AAL_074,0.010421192954079462,0.010372275283222755,4.891767085670774e-05
AAL_014,AAL_035,0.010630803007600654,0.010679701285404396,-4.889827780374216e-05
AAL_007,AAL_077,0.011096560356453953,0.01104766464614247,4.889571031148343e-05
AAL_016,AAL_037,0.010685772553452441,0.010636886103406882,4.888645004555957e-05
AAL_081,AAL_058,0.011470911025396015,0.011422025763126963,4.888526226905221e-05
AAL_008,AAL_038,0.010794573750060339,0.010745692217061597,4.888153299874125e-05
AAL_019,AAL_043,0.010487411095577681,0.010438549459424268,4.886163615341367e-05
AAL_056,AAL_021,0.010696111911605312,0.010744964283320212,-4.885237171490045e-05
AAL_077,AAL_069,0.01085700038780705,0.010905849832865796,-4.884944505874518e-05
AAL_044,AAL_078,0.011463613502092214,0.011414792679860338,4.88208222318761e-05
AAL_076,AAL_085,0.010903388297615143,0.010952208979198566,-4.882068158342315e-05
AAL_089,AAL_085,0.012521548674274713,0.012570365158743954,-4.88164844692409e-05
AAL_011,AAL_041,0.010823744970063368,0.010872546128152173,-4.8801158088805294e-05
AAL_080,AAL_032,0.010614278935230313,0.010663068774745571,-4.878983951525813e-05
AAL_048,AAL_055,0.011220659539262708,0.011171897561300924,4.876197796178407e-05
AAL_020,AAL_054,0.010600523330653325,0.010649269802620629,-4.8746471967304333e-05
AAL_015,AAL_079,0.010815089273974936,0.01076635123500901,4.8738038965927266e-05
AAL_032,AAL_054,0.01075484949307373,0.010803582125965034,-4.8732632891304584e-05
AAL_041,AAL_004,0.010516287902226815,0.010565016753786698,-4.872885155988299e-05
AAL_063,AAL_050,0.011298756164888669,0.011250029567619856,4.8726597268813204e-05
AAL_061,AAL_083,0.010906898018577669,0.010858176010325736,4.8722008251933166e-05
AAL_039,AAL_003,0.010698362544147123,0.010649674558184727,4.8687985962395444e-05
AAL_017,AAL_087,0.010444405303599361,0.010493091859903289,-4.8686556303927445e-05
AAL_018,AAL_082,0.012996190448458761,0.013044876240600575,-4.868579214181365e-05
AAL_002,AAL_082,0.011009741618305955,0.010961067627089344,4.867399121661134e-05
AAL_018,AAL_027,0.010725179846342811,0.010773841349440384,-4.866150309757247e-05
AAL_016,AAL_002,0.010880470496769518,0.010929104872047901,-4.8634375278383546e-05
AAL_049,AAL_073,0.010833308247960785,0.010784679755716406,4.862849224437915e-05
AAL_060,AAL_032,0.010457549751616823,0.01050617048752589,-4.862073590906728e-05
AAL_071,AAL_011,0.011211645538703753,0.011260218352134855,-4.857281343110219e-05
AAL_009,AAL_016,0.012089531852776168,0.012040987393585388,4.854445919078021e-05
AAL_016,AAL_073,0.010632524047938421,0.010584011052275267,4.851299566315491e-05
AAL_042,AAL_078,0.01189227924387679,0.01184380536774178,4.8473876135010294e-05
AAL_053,AAL_026,0.01115245500810317,0.011200924373922809,-4.846936581963911e-05
AAL_027,AAL_086,0.010999656785836713,0.010951210534380328,4.844625145638583e-05
AAL_064,AAL_065,0.010141328130410904,0.010092887703893202,4.8440426517701654e-05
AAL_029,AAL_038,0.010630213782891758,0.010678639979778833,-4.842619688707507e-05
AAL_037,AAL_001,0.010732708463015465,0.01078113123645114,-4.8422773435674235e-05
AAL_015,AAL_001,0.011437930007520905,0.011389508829556092,4.8421177964812906e-05
AAL_041,AAL_034,0.010940231026635848,0.010891811016290715,4.8420010345133144e-05
AAL_004,AAL_029,0.010037797041492075,0.009989387036830409,4.841000466166562e-05
AAL_022,AAL_079,0.011207933332691463,0.011159540170216678,4.839316247478437e-05
AAL_025,AAL_036,0.011479919909650827,0.01143156576476455,4.835414488627704e-05
AAL_068,AAL_081,0.010469458601238508,0.010517810952038534,-4.835235080002595e-05
AAL_083,AAL_049,0.011497357123905523,0.011545707705077107,-4.8350581171583903e-05
AAL_003,AAL_016,0.01079418620842899,0.010842532878533635,-4.834667010464484e-05
AAL_020,AAL_073,0.011226263102223603,0.011177927754800905,4.8335347422698294e-05
AAL_022,AAL_072,0.012338011543481396,0.012289680667665254,4.8330875816142774e-05
AAL_042,AAL_073,0.011809884709839383,0.011761563763059398,4.8320946779985274e-05
AAL_033,AAL_036,0.010721779860253645,0.01077009202269999,-4.831216244634458e-05
AAL_063,AAL_031,0.011076053343792884,0.011027751435010369,4.830190878251511e-05
AAL_085,AAL_048,0.01063294227147459,0.010681192355956097,-4.825008448150654e-05
AAL_039,AAL_008,0.010329318109453998,0.01028108004961283,4.823805984116927e-05
AAL_062,AAL_026,0.009993129833720816,0.010041353741092215,-4.822390737139852e-05
AAL_038,AAL_075,0.011104545165967738,0.01115276481466317,-4.821964869543109e-05
AAL_047,AAL_032,0.010389783724139515,0.010437994855675597,-4.8211131536081767e-05
AAL_059,AAL_033,0.01155720799206159,0.011605414383982311,-4.8206391920720126e-05
AAL_043,AAL_071,0.011111333651834318,0.0110631630393138,4.817061252051884e-05
AAL_035,AAL_009,0.011724284197339136,0.011772443041223895,-4.815884388475848e-05
AAL_006,AAL_088,0.011291612695870746,0.011339748775119668,-4.813607924892237e-05
AAL_045,AAL_005,0.010600943558125032,0.010649064597361733,-4.812103923670062e-05
AAL_023,AAL_075,0.011067662404006364,0.011019555033732288,4.810737027407565e-05
AAL_080,AAL_051,0.010287465973414926,0.010335565230372379,-4.809925695745294e-05
AAL_089,AAL_072,0.011287790201763567,0.011335873063515049,-4.808286175148231e-05
AAL_061,AAL_034,0.011415719779001342,0.011463788215523914,-4.806843652257163e-05
AAL_071,AAL_069,0.010909962356408946,0.010958028187693349,-4.806583128440234e-05
AAL_006,AAL_007,0.011086220864970714,0.011134275988613258,-4.805512364254409e-05
AAL_008,AAL_003,0.01218753427060114,0.0122355835017732,-4.804923117206032e-05
AAL_083,AAL_046,0.011611560029256294,0.01156351496477059,4.804506448570327e-05
AAL_030,AAL_074,0.012242181248501198,0.012290216598742949,-4.8035350241750624e-05
AAL_030,AAL_041,0.011509013963210532,0.011460998264273107,4.801569893742551e-05
AAL_071,AAL_052,0.010754163512307355,0.010802160102698407,-4.799659039105182e-05
AAL_008,AAL_090,0.011335982009768486,0.011288002496192384,4.797951357610186e-05
AAL_084,AAL_005,0.010797509386275824,0.010749539143172447,4.7970243103377316e-05
AAL_085,AAL_004,0.011039862331623832,0.01099189249313351,4.796983849032245e-05
AAL_012,AAL_004,0.011334874866227819,0.011382841410360325,-4.7966544132506395e-05
AAL_031,AAL_065,0.01136716051847061,0.011415106482415577,-4.7945963944967876e-05
AAL_050,AAL_034,0.011165515714699132,0.011213456102584491,-4.794038788535904e-05
AAL_043,AAL_081,0.011169878099288823,0.011121968246497232,4.790985279159131e-05
AAL_009,AAL_013,0.012012165306438493,0.011964265673095475,4.789963334301747e-05
AAL_075,AAL_025,0.010666539313462682,0.010618654160619374,4.788515284330844e-05
AAL_034,AAL_011,0.010161821933415456,0.010209698084436782,-4.787615102132617e-05
AAL_023,AAL_037,0.011069748781494096,0.01102187360172384,4.787517977025528e-05
AAL_062,AAL_051,0.01074790362165206,0.010700030284691093,4.7873336960966434e-05
AAL_052,AAL_007,0.0104711623225584,0.010423324193352505,4.783812920589395e-05
AAL_085,AAL_083,0.011527510763854425,0.011575338204227221,-4.782744037279581e-05
AAL_071,AAL_076,0.012447415305795068,0.012399597800621028,4.78175051740401e-05
AAL_060,AAL_045,0.01153387177663927,0.011581679103577108,-4.780732693783832e-05
AAL_028,AAL_061,0.010278202651036728,0.010325995643643972,-4.779299260724429e-05
AAL_072,AAL_050,0.01157390437900829,0.011621684043970949,-4.777966496265912e-05
AAL_066,AAL_030,0.010298404967985474,0.01034617946291384,-4.777449492836608e-05
AAL_015,AAL_024,0.01198063063650177,0.011932862081354665,4.7768555147105485e-05
AAL_072,AAL_061,0.011402645411017613,0.01145041213779902,-4.776672678140706e-05
AAL_081,AAL_045,0.010710244333674,0.010662516019776205,4.772831389779526e-05
AAL_079,AAL_083,0.011390288400216999,0.01134256764821172,4.772075200527859e-05
AAL_031,AAL_059,0.010159665601264335,0.010207367607995534,-4.770200673119909e-05
AAL_017,AAL_007,0.010582647300285533,0.010630314048869586,-4.766674858405241e-05
AAL_012,AAL_090,0.010857716091295593,0.010905359529661334,-4.764343836574127e-05
AAL_033,AAL_034,0.012128924789766852,0.012176565721945342,-4.764093217849048e-05
AAL_089,AAL_080,0.011027619823749758,0.01107523255697255,-4.7612733222792206e-05
AAL_018,AAL_038,0.01111772784199088,0.01116533782656672,-4.76099845758398e-05
AAL_078,AAL_051,0.011078393283801584,0.011125972268007529,-4.757898420594542e-05
AAL_024,AAL_012,0.011083244334142178,0.011130806465376696,-4.75621312345173e-05
AAL_043,AAL_053,0.011725138592271086,0.011772696552775042,-4.755796050395604e-05
AAL_038,AAL_030,0.011018611675796982,0.0110661655840078,-4.755390821081784e-05
AAL_073,AAL_028,0.00985308581740301,0.009900632866706801,-4.7547049303792166e-05
AAL_023,AAL_045,0.01091064983763947,0.010863120344100016,4.752949353945338e-05
AAL_089,AAL_069,0.011389071565583093,0.011436580134920831,-4.750856933773834e-05
AAL_055,AAL_001,0.01075771347914114,0.010805214096609476,-4.750061746833581e-05
AAL_043,AAL_024,0.011034693023683423,0.010987198879253628,4.749414442979487e-05
AAL_044,AAL_073,0.011116980244684169,0.011069492998512152,4.748724617201737e-05
AAL_017,AAL_026,0.010059225520230511,0.010106695691128226,-4.747017089771523e-05
AAL_002,AAL_064,0.011710255106306102,0.011757724761278843,-4.746965497274061e-05
AAL_086,AAL_015,0.011221537764510538,0.011269007032972855,-4.746926846231625e-05
AAL_038,AAL_056,0.011577937515197784,0.011625405454143844,-4.746793894606048e-05
AAL_012,AAL_033,0.010913174766569566,0.010865724266555262,4.7450500014303496e-05
AAL_053,AAL_068,0.011259797178447628,0.011307231333134488,-4.743415468685952e-05
AAL_056,AAL_086,0.010955277161720471,0.011002702058452383,-4.742489673191172e-05
AAL_089,AAL_065,0.012427711381744116,0.012380299398735646,4.741198300847044e-05
AAL_006,AAL_058,0.010636158840746706,0.010683569747483168,-4.741090673646142e-05
AAL_058,AAL_030,0.01078724287227433,0.010834642510315769,-4.739963804143918e-05
AAL_042,AAL_045,0.011249063351454262,0.011201667308197275,4.739604325698643e-05
AAL_076,AAL_059,0.010796292724772396,0.010748904783084582,4.738794168781396e-05
AAL_071,AAL_040,0.01103017429033151,0.011077555421065012,-4.738113073350127e-05
AAL_040,AAL_050,0.011098550176884756,0.011051179690947455,4.737048593730052e-05
AAL_003,AAL_054,0.010541543692875749,0.010588897808129083,-4.7354115253334106e-05
AAL_018,AAL_008,0.010979870499438073,0.011027217066151184,-4.734656671311066e-05
AAL_051,AAL_025,0.010798748371660965,0.010751413435631295,4.733493602967001e-05
AAL_003,AAL_035,0.011021401297348814,0.010974067083049205,4.733421429960888e-05
AAL_082,AAL_070,0.010826543906830952,0.010779235830932633,4.730807589831826e-05
AAL_077,AAL_047,0.01073659567011154,0.010783894239432611,-4.729856932107063e-05
AAL_074,AAL_019,0.011119634713022372,0.011072337576569459,4.729713645291317e-05
AAL_016,AAL_076,0.010807030641227068,0.010854321476488049,-4.729083526098035e-05
AAL_055,AAL_007,0.010345610646674266,0.010298329546456006,4.7281100218260486e-05
AAL_031,AAL_037,0.01071286404855613,0.010665587833608794,4.727621494733658e-05
AAL_065,AAL_014,0.010631227043942891,0.010678479970241007,-4.72529262981157e-05
AAL_079,AAL_051,0.011047877548421677,0.011000646470072992,4.723107834868519e-05
AAL_006,AAL_061,0.010767262864810152,0.010814442042788265,-4.7179177978112774e-05
AAL_045,AAL_069,0.010579792516003562,0.010532618537267887,4.717397873567515e-05
AAL_067,AAL_012,0.010403572711058788,0.010450744585459937,-4.7171874401149075e-05
AAL_021,AAL_051,0.010930182091875846,0.01097734057097222,-4.7158479096373954e-05
AAL_068,AAL_001,0.010550807868966307,0.01059790960889744,-4.710173993113277e-05
AAL_064,AAL_027,0.010095625017315913,0.010142716336486949,-4.709131917103593e-05
AAL_088,AAL_033,0.010778978592357956,0.010826062385649154,-4.70837932911982e-05
AAL_046,AAL_001,0.010964582361774439,0.011011630645664247,-4.704828388980842e-05
AAL_006,AAL_085,0.011016881105322868,0.010969839234450466,4.704187087240137e-05
AAL_043,AAL_028,0.011058121487800764,0.01101109310845953,4.702837934123308e-05
AAL_025,AAL_041,0.011032491084586224,0.011079493466367201,-4.700238178097747e-05
AAL_049,AAL_012,0.011177523551174464,0.011130529310249217,4.699424092524662e-05
AAL_038,AAL_007,0.010330907379587492,0.010283913419445602,4.699396014188999e-05
AAL_013,AAL_088,0.010680248735982,0.010727189763197236,-4.694102721523527e-05
AAL_019,AAL_055,0.01046529657040269,0.010418390164211873,4.690640619081643e-05
AAL_007,AAL_028,0.010703797933733107,0.010656901926412329,4.6896007320778796e-05
AAL_061,AAL_059,0.013048808852560882,0.013001944033184063,4.686481937681876e-05
AAL_052,AAL_001,0.010853880234301472,0.01080704438349893,4.6835850802541545e-05
AAL_007,AAL_047,0.010627174214658957,0.010673987112994821,-4.681289833586427e-05
AAL_029,AAL_040,0.010628167911966005,0.010674976286184848,-4.680837421884229e-05
AAL_047,AAL_034,0.010434783545410277,0.010481569280492016,-4.678573508173911e-05
AAL_005,AAL_055,0.011051226198338928,0.011004457213261879,4.676898507704856e-05
AAL_073,AAL_079,0.011479553563568072,0.011526309103975374,-4.675554040730126e-05
AAL_087,AAL_047,0.010826453765551759,0.010873200614513742,-4.67468489619826e-05
AAL_031,AAL_008,0.01103570600414378,0.01108243032162154,-4.6724317477759084e-05
AAL_089,AAL_068,0.011614730613481285,0.011568009203979306,4.672140950197877e-05
AAL_070,AAL_020,0.011746679595870595,0.011793382327180938,-4.670273131034304e-05
AAL_075,AAL_048,0.010557525464866916,0.010604219869352303,-4.6694404485387794e-05
AAL_024,AAL_039,0.01120387925965409,0.011157198779044612,4.6680480609477895e-05
AAL_090,AAL_029,0.010173796771619564,0.010127129705701366,4.666706591819822e-05
AAL_024,AAL_006,0.011760599553011931,0.011713941221035296,4.665833197663519e-05
AAL_068,AAL_013,0.010436146438487956,0.010482775045110481,-4.662860662252473e-05
AAL_073,AAL_041,0.01118452319652479,0.011137904698680855,4.6618497843934487e-05
AAL_055,AAL_016,0.01060002187712707,0.010646586713124594,-4.656483599752362e-05
AAL_022,AAL_066,0.011053194771480992,0.011099755237105467,-4.656046562447405e-05
AAL_037,AAL_057,0.010945101065608935,0.0109915834581179,-4.6482392508965034e-05
AAL_076,AAL_001,0.01100057633752879,0.010954102064499045,4.647427302974412e-05
AAL_048,AAL_028,0.010680361991175093,0.010633898235709585,4.646375546550792e-05
AAL_026,AAL_081,0.010346934487883989,0.010300482075578226,4.6452412305763094e-05
AAL_006,AAL_012,0.011037520162808971,0.011083966412260279,-4.644624945130717e-05
AAL_051,AAL_013,0.01056077999349397,0.01060720231550429,-4.6422322010320274e-05
AAL_070,AAL_084,0.010876666539563583,0.010923088856374212,-4.64223168106289e-05
AAL_047,AAL_061,0.010136540634876005,0.01018295256148275,-4.641192660674413e-05
AAL_062,AAL_035,0.010515806199505161,0.010469401594963174,4.640460454198754e-05
AAL_064,AAL_010,0.010509068904540095,0.010462672955751715,4.639594878838062e-05
AAL_073,AAL_015,0.010389440927781865,0.010435787279149587,-4.6346351367722305e-05
AAL_088,AAL_044,0.01096516783333296,0.01101150365070285,-4.63358173698903e-05
AAL_059,AAL_065,0.011069319499497358,0.011115640045950195,-4.632054645283684e-05
AAL_003,AAL_047,0.010541433000809744,0.01058772760478054,-4.6294603970795795e-05
AAL_066,AAL_089,0.011068074374945246,0.011021805781566031,4.626859337921417e-05
AAL_084,AAL_037,0.010999829233743442,0.010953565359245016,4.626387449842631e-05
AAL_051,AAL_069,0.010552632099049341,0.010506374511877005,4.6257587172335995e-05
AAL_051,AAL_070,0.01072234375617252,0.010676141795944932,4.62019602275876e-05
AAL_020,AAL_070,0.011499492765969446,0.011545663061678854,-4.617029570940824e-05
AAL_036,AAL_085,0.011649744173225302,0.011695884563324616,-4.614039009931403e-05
AAL_067,AAL_020,0.010848847130297596,0.010894987385525893,-4.61402552282969e-05
AAL_031,AAL_063,0.01046782999068626,0.010513958082102221,-4.612809141596105e-05
AAL_009,AAL_076,0.011043779882323792,0.010997653663823978,4.612621849981423e-05
AAL_010,AAL_062,0.012105516987876633,0.0121516301955279,-4.611320765126638e-05
AAL_027,AAL_019,0.010973500549538523,0.01101959451210336,-4.609396256483739e-05
AAL_034,AAL_053,0.00999933416939253,0.010045393957079344,-4.6059787686814416e-05
AAL_041,AAL_076,0.01114524039439857,0.011191281344436534,-4.604095003796389e-05
AAL_051,AAL_022,0.01045349144583775,0.010499490961136653,-4.5999515298903934e-05
AAL_084,AAL_003,0.010442158272967506,0.010488153539283696,-4.599526631618965e-05
AAL_055,AAL_057,0.0106401228501151,0.010686041858906929,-4.5919008791828544e-05
AAL_079,AAL_033,0.011832716719557842,0.011878634668960613,-4.591794940277116e-05
AAL_034,AAL_055,0.010030007566938288,0.009984112145938442,4.589542099984675e-05
AAL_059,AAL_007,0.011813527410929529,0.011767644391258804,4.588301967072515e-05
AAL_016,AAL_001,0.010646144121200738,0.010692026327472763,-4.588220627202433e-05
AAL_028,AAL_040,0.011302069633498661,0.011347939479846516,-4.586984634785511e-05
AAL_003,AAL_004,0.01161917900809875,0.011573327804635979,4.585120346277047e-05
AAL_009,AAL_010,0.012705739115914091,0.012751582441458631,-4.5843325544539515e-05
AAL_087,AAL_002,0.010598395807811847,0.010644214116868842,-4.581830905699483e-05
AAL_055,AAL_059,0.01103852292857109,0.01099270820691627,4.5814721654820895e-05
AAL_089,AAL_058,0.01128708404632142,0.0113328824134049,-4.5798367083479605e-05
AAL_031,AAL_001,0.010344590528064176,0.010390379001610628,-4.578847354645178e-05
AAL_006,AAL_017,0.010450028362644151,0.01049579837805506,-4.577001541090919e-05
AAL_051,AAL_006,0.010548261205196125,0.010502512150769939,4.574905442618696e-05
AAL_008,AAL_018,0.01084721051594322,0.01089295880781214,-4.574829186891963e-05
AAL_067,AAL_079,0.010606432319658562,0.010652137319407156,-4.570499974859352e-05
AAL_080,AAL_044,0.010581439725147227,0.010627090237646481,-4.565051249925435e-05
AAL_070,AAL_007,0.01089555092760895,0.010941194150846443,-4.564322323749245e-05
AAL_084,AAL_047,0.010664658644833626,0.010619018367831376,4.564027700225057e-05
AAL_048,AAL_016,0.010502100848537097,0.010456471304148066,4.562954438903054e-05
AAL_035,AAL_033,0.011652831543380251,0.01169843832608636,-4.560678270610838e-05
AAL_025,AAL_069,0.010990343576010603,0.010944760952228056,4.558262378254706e-05
AAL_045,AAL_016,0.010278721353930667,0.010233168143584917,4.555321034574976e-05
AAL_047,AAL_030,0.01060455438728707,0.010559004015074326,4.555037221274337e-05
AAL_072,AAL_035,0.012788298890058301,0.01283382184609364,-4.5522956035338666e-05
AAL_004,AAL_046,0.010530024538071364,0.010484508999043303,4.5515539028061214e-05
AAL_047,AAL_039,0.010702804278216174,0.010657301759601527,4.55025186146471e-05
AAL_086,AAL_052,0.011200797206793841,0.011246289380782147,-4.549217398830581e-05
AAL_051,AAL_057,0.010562656302020973,0.010517165284354249,4.549101766672392e-05
AAL_018,AAL_084,0.01176948007196188,0.011724009659261472,4.5470412700407414e-05
AAL_089,AAL_023,0.012452579811852202,0.012407119390520062,4.5460421332139955e-05
AAL_053,AAL_019,0.011316332711368544,0.011270877394464708,4.545531690383631e-05
AAL_027,AAL_079,0.010676434882478708,0.010721859619224781,-4.542473674607264e-05
AAL_039,AAL_014,0.010342635307859024,0.010388039727290866,-4.540441943184231e-05
AAL_069,AAL_039,0.011365317785316426,0.011319914624723548,4.540316059287869e-05
AAL_005,AAL_015,0.012165323124689043,0.012210718977724943,-4.5395853035900754e-05
AAL_049,AAL_056,0.01236471084631088,0.012319339524778924,4.537132153195622e-05
AAL_043,AAL_010,0.010907986989388099,0.010862628596536722,4.535839285137698e-05
AAL_070,AAL_037,0.010810835087974357,0.010856147601313095,-4.5312513338738314e-05
AAL_016,AAL_033,0.010376821592466062,0.010331511589936523,4.531000252953887e-05
AAL_042,AAL_001,0.01120893669545523,0.011254222021338809,-4.528532588357788e-05
AAL_078,AAL_012,0.011644551560330467,0.011599270580683097,4.528097964737014e-05
AAL_013,AAL_017,0.01131151577967227,0.011266236232764668,4.527954690760304e-05
AAL_006,AAL_084,0.010993622500115098,0.010948348654059708,4.5273846055390865e-05
AAL_082,AAL_065,0.010118058627933009,0.010163319507433523,-4.5260879500514176e-05
AAL_031,AAL_036,0.01122669043799496,0.011181443825678405,4.524661231655562e-05
AAL_079,AAL_082,0.012906325586999837,0.012951565337905813,-4.523975090597529e-05
AAL_085,AAL_003,0.011099106829183606,0.011053876992934395,4.52298362492113e-05
AAL_048,AAL_001,0.0106354669158339,0.010680684207409398,-4.5217291575498295e-05
AAL_020,AAL_013,0.010763859635012018,0.01071865137472342,4.5208260288597674e-05
AAL_089,AAL_060,0.011169010940461587,0.011123806106448914,4.520483401267324e-05
AAL_042,AAL_010,0.011251356749214295,0.011296537843424244,-4.518109420994891e-05
AAL_084,AAL_026,0.010550526121997425,0.010595685998832913,-4.5159876835487375e-05
AAL_066,AAL_081,0.010191247187570756,0.010236394390574756,-4.514720300399962e-05
AAL_073,AAL_077,0.011606171488379821,0.011561029345703036,4.514214267678507e-05
AAL_051,AAL_066,0.010894570565328766,0.010849444137853813,4.5126427474952505e-05
AAL_024,AAL_016,0.011662402345488468,0.011707509835493329,-4.510749000486043e-05
AAL_039,AAL_050,0.010453159580580317,0.0104080626264991,4.5096954081216487e-05
AAL_015,AAL_072,0.010996156756200979,0.011041239118919922,-4.508236271894353e-05
AAL_020,AAL_079,0.010858651901332613,0.01090373421462239,-4.5082313289776174e-05
AAL_075,AAL_039,0.010837104678965913,0.010882182862544918,-4.507818357900491e-05
AAL_032,AAL_051,0.010744258960406495,0.010789312586354707,-4.5053625948211426e-05
AAL_055,AAL_050,0.01095400288557777,0.010908986222248515,4.5016663329254525e-05
AAL_035,AAL_010,0.011647328549327377,0.011692325341938151,-4.499679261077416e-05
AAL_020,AAL_072,0.010466821511618348,0.010421826834640196,4.4994676978151946e-05
AAL_039,AAL_044,0.010778860754182195,0.010733875806533521,4.498494764867446e-05
AAL_062,AAL_010,0.011554079707393534,0.01159904677208245,-4.4967064688915606e-05
AAL_005,AAL_060,0.011083981107808968,0.011128926802213966,-4.494569440499814e-05
AAL_084,AAL_076,0.010822502271327963,0.01086742878329961,-4.492651197164632e-05
AAL_028,AAL_078,0.01064289349099446,0.010597968284530615,4.49252064638455e-05
AAL_068,AAL_012,0.010630569024743814,0.010675480513008446,-4.491148826463176e-05
AAL_057,AAL_054,0.011242754315623106,0.011197845474643536,4.490884097957046e-05
AAL_009,AAL_033,0.010715739019453907,0.010670837733626514,4.490128582739297e-05
AAL_022,AAL_089,0.011156216820972597,0.011201106719025607,-4.4889898053009775e-05
AAL_051,AAL_032,0.010304610193189647,0.01034949723141217,-4.488703822252277e-05
AAL_074,AAL_051,0.01063466364215327,0.010589780986179636,4.488265597363435e-05
AAL_053,AAL_040,0.01147232780384266,0.01142744709813861,4.488070570404963e-05
AAL_015,AAL_037,0.011176952527055884,0.011221798878653025,-4.4846351597141454e-05
AAL_087,AAL_020,0.010760630116774103,0.010805465391936433,-4.4835275162330435e-05
AAL_056,AAL_008,0.010500487137156038,0.010455664929011767,4.4822208144270834e-05
AAL_051,AAL_030,0.010096670389095815,0.010051852092146873,4.481829694894142e-05
AAL_008,AAL_036,0.011659089467910111,0.011614271520496006,4.481794741410458e-05
AAL_047,AAL_044,0.012322812577964276,0.012367628415394806,-4.481583743052957e-05
AAL_007,AAL_014,0.01145151836805555,0.011406732672275445,4.4785695780105717e-05
AAL_031,AAL_022,0.01140916339145639,0.011364395353508647,4.4768037947742756e-05
AAL_065,AAL_052,0.010395533558474774,0.010440301450510179,-4.476789203540499e-05
AAL_021,AAL_089,0.011237458544823095,0.01128222474426253,-4.4766199439435356e-05
AAL_082,AAL_050,0.01057284089943601,0.010528081103641698,4.475979579431251e-05
AAL_056,AAL_013,0.010435693813726688,0.010480435160693548,-4.4741346966860676e-05
AAL_081,AAL_029,0.011801961582536116,0.011846695021349503,-4.4733438813386595e-05
AAL_053,AAL_039,0.011520991155591149,0.011476264896781805,4.472625880934389e-05
AAL_090,AAL_036,0.010420602209006365,0.010465278574461973,-4.4676365455607187e-05
AAL_033,AAL_002,0.011287912923412828,0.011332568120923142,-4.465519751031474e-05
AAL_011,AAL_068,0.010506205218963517,0.010550820208605259,-4.461498964174193e-05
AAL_024,AAL_017,0.010360204712209156,0.010404819109599584,-4.461439739042797e-05
AAL_030,AAL_083,0.011080285715353157,0.011035683557908824,4.46021574443331e-05
AAL_087,AAL_048,0.010864001649041843,0.010908584979365097,-4.458333032325394e-05
AAL_016,AAL_010,0.012094327270522969,0.0121388957736362,-4.456850311323167e-05
AAL_022,AAL_025,0.012024298202819549,0.011979740182349168,4.4558020470380696e-05
AAL_043,AAL_004,0.010971424506149359,0.010926875482237072,4.454902391228671e-05
AAL_052,AAL_021,0.01057765462125341,0.010622202423366513,-4.454780211310232e-05
AAL_027,AAL_078,0.010705435007778753,0.010660889694841564,4.454531293718832e-05
AAL_050,AAL_062,0.011481168447062373,0.011436641713137513,4.4526733924859715e-05
AAL_043,AAL_077,0.011235226224311907,0.011190731318727616,4.449490558429067e-05
AAL_004,AAL_090,0.010730246941630658,0.010774740847590248,-4.449390595958995e-05
AAL_026,AAL_063,0.009842567874166446,0.009887059027370684,-4.449115320423816e-05
AAL_066,AAL_086,0.011258212117175771,0.01130269321314898,-4.4481095973209275e-05
AAL_027,AAL_076,0.010892391393884506,0.010936866329506816,-4.447493562230974e-05
AAL_026,AAL_080,0.010462330204522254,0.01041788435668197,4.4445847840284686e-05
AAL_058,AAL_043,0.010648333304362673,0.01060389296126277,4.444034309990415e-05
AAL_042,AAL_065,0.010940848427832637,0.010985276825892423,-4.4428398059785656e-05
AAL_067,AAL_045,0.011411966793796318,0.011456386005926517,-4.4419212130199226e-05
AAL_030,AAL_084,0.011924721183191635,0.011880303432624187,4.441775056744819e-05
AAL_047,AAL_083,0.010510537835060913,0.010466133627957357,4.440420710355615e-05
AAL_036,AAL_064,0.011275126660465557,0.01123072802512063,4.439863534492702e-05
AAL_074,AAL_056,0.010763356097950002,0.010807704744356737,-4.434864640673504e-05
AAL_082,AAL_081,0.012255896629096989,0.012211562908501838,4.433372059515009e-05
AAL_009,AAL_073,0.01087772518866019,0.010833406039784032,4.431914887615719e-05
AAL_084,AAL_075,0.010716712528155146,0.010760998559038781,-4.428603088363521e-05
AAL_011,AAL_081,0.011038902191779552,0.01108318067643394,-4.427848465438783e-05
AAL_073,AAL_004,0.010190358124752967,0.010146096880286563,4.426124446640402e-05
AAL_040,AAL_074,0.011149383794802886,0.011193642995918802,-4.425920111591694e-05
AAL_032,AAL_044,0.011068566964986997,0.01102431007792651,4.425688706048703e-05
AAL_072,AAL_016,0.01212041050943936,0.012164664854556691,-4.425434511733106e-05
AAL_038,AAL_016,0.010906799720265927,0.010951052708713056,-4.4252988447129535e-05
AAL_019,AAL_027,0.010658747349412013,0.010614495398592268,4.425195081974448e-05
AAL_024,AAL_001,0.010760758482078966,0.01080500802473528,-4.424954265631366e-05
AAL_048,AAL_065,0.010343603598765837,0.010387850920704399,-4.424732193856161e-05
AAL_081,AAL_057,0.011584908209948076,0.011540695461017027,4.421274893104919e-05
AAL_037,AAL_081,0.01131365249832917,0.01135785165231296,-4.4199153983789236e-05
AAL_049,AAL_055,0.011989792064628284,0.011945606403459538,4.418566116874689e-05
AAL_034,AAL_009,0.010157795425934287,0.010201947481623359,-4.415205568907184e-05
AAL_060,AAL_059,0.01305335995534228,0.013097497618412854,-4.413766307057379e-05
AAL_027,AAL_017,0.010555860090953035,0.010599975631325032,-4.4115540371996234e-05
AAL_043,AAL_029,0.011009529575259767,0.01096542358453901,4.410599072075805e-05
AAL_068,AAL_019,0.010647245328554995,0.010691348571912675,-4.410324335767969e-05
AAL_060,AAL_070,0.011842175062475169,0.011886268512117064,-4.4093449641895155e-05
AAL_064,AAL_048,0.010350833873813733,0.010306754077856358,4.407979595737535e-05
AAL_063,AAL_006,0.010862925740627524,0.01081884729100516,4.4078449622363125e-05
AAL_003,AAL_023,0.012044584173629554,0.012000514718960444,4.40694546691104e-05
AAL_013,AAL_066,0.011221191010031944,0.011177124938564768,4.406607146717652e-05
AAL_033,AAL_089,0.010282588169440372,0.010238539887402696,4.4048282037675857e-05
AAL_085,AAL_025,0.011181405671816478,0.011137358079347806,4.404759246867153e-05
AAL_027,AAL_075,0.010682282020122958,0.010726315096464406,-4.4033076341447666e-05
AAL_024,AAL_019,0.011307836653521428,0.01135186137395816,-4.4024720436732986e-05
AAL_088,AAL_015,0.011505998901895478,0.011550019795615827,-4.4020893720348245e-05
AAL_090,AAL_063,0.010380346391700272,0.01042435892508654,-4.4012533386268704e-05
AAL_036,AAL_054,0.011624584766502818,0.011580590124036332,4.3994642466486586e-05
AAL_002,AAL_053,0.010988324211958127,0.010944369644222424,4.395456773570276e-05
AAL_005,AAL_037,0.011087075066872133,0.011043137554125514,4.393751274661857e-05
AAL_052,AAL_045,0.011954618844752893,0.011998548817176085,-4.392997242319216e-05
AAL_021,AAL_020,0.010686129182338333,0.010642221079626243,4.390810271208932e-05
AAL_047,AAL_023,0.010243924613246042,0.010287817146989607,-4.389253374356521e-05
AAL_072,AAL_043,0.01194055324109892,0.011896676957034148,4.387628406477169e-05
AAL_030,AAL_085,0.01065067438265452,0.010694539530327538,-4.386514767301848e-05
AAL_058,AAL_025,0.01042921068226425,0.010385365144490604,4.384553777364575e-05
AAL_050,AAL_081,0.011132857439896235,0.011089023632498888,4.383380739734696e-05
AAL_009,AAL_003,0.011918302042346098,0.011874471791088581,4.383025125751644e-05
AAL_020,AAL_069,0.011548055578659996,0.011591867908890875,-4.381233023087808e-05
AAL_004,AAL_017,0.009993569746326942,0.010037379954056468,-4.381020772952632e-05
AAL_015,AAL_086,0.011313526656351283,0.011269726226610079,4.3800429741204516e-05
AAL_052,AAL_019,0.010519655206455635,0.010475881889961642,4.3773316493992895e-05
AAL_015,AAL_073,0.010948863471500002,0.010992632887647406,-4.376941614740379e-05
AAL_030,AAL_090,0.01069099373685626,0.010734754596044201,-4.3760859187941606e-05
AAL_031,AAL_071,0.011368226514667528,0.011411953641208023,-4.3727126540495445e-05
AAL_024,AAL_053,0.010718197567770496,0.010761922992599513,-4.372542482901712e-05
AAL_023,AAL_057,0.010940236222540211,0.010896528430893167,4.3707791647043526e-05
AAL_047,AAL_054,0.011810465278024347,0.011766766738747396,4.369853927695122e-05
AAL_001,AAL_038,0.010282690585073497,0.010326380758238933,-4.369017316543586e-05
AAL_032,AAL_034,0.012045635171155008,0.012001953908142913,4.368126301209502e-05
AAL_079,AAL_001,0.011331311415116757,0.011374992022646717,-4.3680607529959434e-05
AAL_033,AAL_004,0.01073384258705072,0.010777496349149691,-4.365376209897187e-05
AAL_003,AAL_013,0.011308692274296768,0.011352338934451268,-4.3646660154500125e-05
AAL_069,AAL_036,0.011070867801387595,0.011114498967808618,-4.363116642102337e-05
AAL_090,AAL_069,0.01061556486484523,0.010659193245707906,-4.362838086267688e-05
AAL_043,AAL_014,0.01098280088402904,0.010939191948280441,4.3608935748598934e-05
AAL_028,AAL_026,0.012729912013229396,0.01277350863354008,-4.359662031068294e-05
AAL_030,AAL_086,0.010921479161016835,0.010965059966625411,-4.358080560857604e-05
AAL_055,AAL_065,0.010313994392482007,0.010357556601168204,-4.356220868619726e-05
AAL_026,AAL_050,0.010333993283108387,0.01037754640260494,-4.355311949655327e-05
AAL_021,AAL_031,0.011690535777622564,0.011646986633964419,4.354914365814477e-05
AAL_010,AAL_060,0.011367326648109872,0.0114108696325726,-4.354298446272893e-05
AAL_041,AAL_030,0.011351527729764199,0.011307989951990378,4.3537777773820785e-05
AAL_060,AAL_044,0.011285720749272622,0.01132924820784082,-4.3527458568197105e-05
AAL_078,AAL_046,0.011419808470174415,0.011376289387346793,4.351908282762204e-05
AAL_030,AAL_075,0.011875769135375053,0.011919280668956322,-4.3511533581268996e-05
AAL_073,AAL_078,0.011051614607612673,0.011008121174928864,4.349343268380927e-05
AAL_089,AAL_066,0.011774559049572572,0.011731084988501025,4.347406107154707e-05
AAL_055,AAL_043,0.010958220170906339,0.011001647027121584,-4.342685621524546e-05
AAL_001,AAL_009,0.01079892742041594,0.01075552864735091,4.339877306503044e-05
AAL_084,AAL_043,0.01052087444700619,0.010477476284166719,4.339816283947112e-05
AAL_039,AAL_043,0.010761432900913378,0.010718049160285712,4.3383740627666104e-05
AAL_004,AAL_023,0.011311240151970305,0.011267863729363193,4.3376422607111983e-05
AAL_029,AAL_059,0.010607510791199967,0.010650885534049855,-4.337474284988804e-05
AAL_010,AAL_011,0.011307189770393137,0.011263819152567878,4.3370617825258875e-05
AAL_043,AAL_006,0.01102091300372894,0.01097755493693257,4.335806679636907e-05
AAL_057,AAL_072,0.010736826045088407,0.010780176330385522,-4.3350285297115085e-05
AAL_063,AAL_025,0.010690396225764455,0.010647057458554989,4.33387672094665e-05
AAL_025,AAL_077,0.010769707085087132,0.010726391416385067,4.3315668702064575e-05
AAL_079,AAL_009,0.0110547580740327,0.011098053763914048,-4.3295689881348715e-05
AAL_012,AAL_068,0.010602406757430006,0.010645697651333904,-4.329089390389847e-05
AAL_025,AAL_080,0.010840271036419222,0.010883528124494824,-4.325708807560204e-05
AAL_071,AAL_083,0.011015093045579826,0.01105833686795779,-4.3243822377962704e-05
AAL_041,AAL_080,0.011129949524457384,0.011086706675256304,4.3242849201079875e-05
AAL_068,AAL_007,0.011135699675203515,0.011178930890896627,-4.3231215693112154e-05
AAL_049,AAL_048,0.01212828952827069,0.012171511069198991,-4.322154092830169e-05
AAL_066,AAL_061,0.011265915957812825,0.011222700856478132,4.3215101334693334e-05
AAL_006,AAL_034,0.01078997302450176,0.01074678826125029,4.31847632514689e-05
AAL_090,AAL_007,0.010481045505780185,0.010437870197109046,4.317530867113846e-05
AAL_034,AAL_087,0.009993280982598662,0.00995010899948349,4.317198311517244e-05
AAL_070,AAL_072,0.01054975662468017,0.0105929247683686,-4.316814368842889e-05
AAL_021,AAL_085,0.0110216007516202,0.011064766034964592,-4.316528334439261e-05
AAL_043,AAL_074,0.011045253226676812,0.011002093544299194,4.31596823776189e-05
AAL_082,AAL_029,0.011563056932650825,0.01160619797753563,-4.314104488480422e-05
AAL_059,AAL_067,0.012595877950835941,0.01263898502221844,-4.310707138249943e-05
AAL_009,AAL_014,0.011437344649392698,0.011394244835945424,4.3099813447274385e-05
AAL_051,AAL_067,0.011180963239863388,0.011224032978229131,-4.306973836574329e-05
AAL_007,AAL_058,0.010707965817175105,0.01075103008662057,-4.306426944546485e-05
AAL_073,AAL_005,0.01064329488704411,0.010600240076094792,4.305481094931708e-05
AAL_005,AAL_079,0.01092625281208346,0.01096930094155721,-4.304812947374982e-05
AAL_010,AAL_044,0.010894871016359355,0.01093790554221969,-4.3034525860335265e-05
AAL_029,AAL_079,0.01193557387122359,0.011978606402263895,-4.303253104030562e-05
AAL_081,AAL_001,0.010886885138212616,0.010929909897575307,-4.3024759362691664e-05
AAL_044,AAL_083,0.011136506950785207,0.011093490345694734,4.301660509047241e-05
AAL_044,AAL_065,0.010967794117223248,0.011010809974841976,-4.3015857618728184e-05
AAL_058,AAL_044,0.010641567874699831,0.010598554393789608,4.3013480910222834e-05
AAL_010,AAL_035,0.011307348509151965,0.011350357655445044,-4.300914629307845e-05
AAL_023,AAL_054,0.011122586036451224,0.011165591072355843,-4.3005035904618294e-05
AAL_074,AAL_018,0.011558904953332793,0.011601898375501112,-4.299342216831925e-05
AAL_085,AAL_032,0.010891184851559054,0.01093415409169407,-4.296924013501638e-05
AAL_082,AAL_041,0.010982689457651004,0.010939778961130318,4.291049652068585e-05
AAL_053,AAL_024,0.011061693878016539,0.011104574477850059,-4.288059983352001e-05
AAL_088,AAL_036,0.011096466893855577,0.01113933661753871,-4.286972368313345e-05
AAL_067,AAL_007,0.011078531195162835,0.011121400650452,-4.286945528916494e-05
AAL_012,AAL_002,0.011788517407850068,0.011831375629301403,-4.2858221451334486e-05
AAL_080,AAL_047,0.010620530615122909,0.010663386300280136,-4.285568515722746e-05
AAL_081,AAL_065,0.010184397264264332,0.010227244425907028,-4.284716164269613e-05
AAL_058,AAL_071,0.010381653719844345,0.01042449056510594,-4.2836845261594314e-05
AAL_002,AAL_032,0.010121158252541836,0.010163993461441166,-4.2835208899329874e-05
AAL_053,AAL_021,0.011298524983959574,0.011341346663517632,-4.2821679558057574e-05
AAL_028,AAL_017,0.010239859672788626,0.010282676456676375,-4.281678388774919e-05
AAL_003,AAL_012,0.01067341729783668,0.010716228276749994,-4.281097891331402e-05
AAL_029,AAL_051,0.010284793039815675,0.01032757367384123,-4.278063402555522e-05
AAL_051,AAL_003,0.010892118713380689,0.010934888620955624,-4.276990757493514e-05
AAL_007,AAL_027,0.011022935705020642,0.011065679918928418,-4.274421390777598e-05
AAL_020,AAL_065,0.010508100062401758,0.010550817997003015,-4.2717934601256904e-05
AAL_075,AAL_060,0.010550803021312906,0.010593519416677005,-4.271639536409903e-05
AAL_008,AAL_069,0.010889083316199418,0.010931798848543067,-4.271553234364879e-05
AAL_002,AAL_012,0.01153154374482349,0.011574248050711586,-4.270430588809715e-05
AAL_039,AAL_005,0.0106484679143048,0.010691168826655774,-4.2700912350973966e-05
AAL_025,AAL_056,0.010956684439880853,0.010999377430982832,-4.269299110197869e-05
AAL_038,AAL_027,0.010971532995279273,0.010928840418034245,4.269257724502824e-05
AAL_017,AAL_044,0.01060108706737176,0.010643778657702448,-4.269159033068806e-05
AAL_057,AAL_068,0.010845973681754027,0.010888629713125767,-4.2656031371740566e-05
AAL_001,AAL_064,0.011192644100524804,0.011235292268357708,-4.264816783290486e-05
AAL_007,AAL_003,0.012750516072488748,0.012793160110675076,-4.264403818632877e-05
AAL_055,AAL_058,0.010656623384700371,0.010699260732616591,-4.263734791622002e-05
AAL_082,AAL_051,0.010341642392624138,0.010299008857301683,4.263353532245502e-05
AAL_028,AAL_021,0.011973219613234201,0.012015853097972,-4.2633484737798766e-05
AAL_014,AAL_039,0.010708920345203871,0.01075154903434938,-4.262868914550917e-05
AAL_023,AAL_007,0.011865898188697094,0.011908520747983722,-4.262255928662827e-05
AAL_070,AAL_061,0.011095786423414435,0.011053179386106525,4.2607037307910295e-05
AAL_065,AAL_071,0.010697344831453685,0.010739929047378506,-4.258421592482145e-05
AAL_005,AAL_008,0.011817903586257344,0.011860487365600636,-4.258377934329184e-05
AAL_009,AAL_084,0.01100480810412739,0.010962229099577621,4.257900454976947e-05
AAL_088,AAL_011,0.01090868194308928,0.010951249689215022,-4.256774612574135e-05
AAL_077,AAL_080,0.011270711654160395,0.011228167960332434,4.254369382796115e-05
AAL_011,AAL_058,0.010944050127783647,0.010901506897755356,4.254323002829061e-05
AAL_055,AAL_061,0.010735211044183781,0.0106926794318718,4.25316123119808e-05
AAL_013,AAL_029,0.011559155246274721,0.01151663119264557,4.252405362915011e-05
AAL_070,AAL_036,0.010894619811994907,0.010937139967331668,-4.252015533676157e-05
AAL_084,AAL_049,0.0103778735611142,0.01033536636873747,4.2507192376729785e-05
AAL_039,AAL_067,0.010731449955676356,0.010688985196443705,4.2464759232651444e-05
AAL_042,AAL_019,0.011165513854043988,0.011207978555438092,-4.246470139410326e-05
AAL_001,AAL_071,0.01059829003105943,0.01055586469075446,4.2425340304970416e-05
AAL_052,AAL_080,0.010563685200535335,0.010521261206372796,4.242399416253852e-05
AAL_017,AAL_084,0.01097537151689076,0.011017786112449897,-4.241459555913603e-05
AAL_060,AAL_084,0.01100761873018729,0.010965221247199008,4.239748298828089e-05
AAL_047,AAL_018,0.010591121543692345,0.010548731111100974,4.23904325913705e-05
AAL_054,AAL_025,0.01098628582345306,0.010943932361697441,4.23534617556183e-05
AAL_029,AAL_018,0.012135626495473532,0.012093273624685355,4.235287078817665e-05
AAL_021,AAL_008,0.010774161171120329,0.010731810676141944,4.2350494978384695e-05
AAL_026,AAL_015,0.011051865425916055,0.011094213666731755,-4.234824081570006e-05
AAL_086,AAL_009,0.010771645242985114,0.010813986871012536,-4.2341628027421294e-05
AAL_063,AAL_068,0.010833014596778994,0.010875319565181845,-4.230496840285092e-05
AAL_058,AAL_087,0.010593120743019076,0.010550826404326903,4.229433869217328e-05
AAL_004,AAL_005,0.010652536172101386,0.010610253510825687,4.228266127569852e-05
AAL_079,AAL_030,0.012106628455699254,0.012148905670265702,-4.227721456644823e-05
AAL_051,AAL_087,0.01063385190298924,0.010591613408409188,4.223849458005226e-05
AAL_066,AAL_054,0.010501403510809327,0.010459179437670755,4.2224073138572016e-05
AAL_041,AAL_037,0.012016990021046283,0.012059205969698525,-4.221594865224179e-05
AAL_012,AAL_015,0.010886917897683179,0.010844724872161081,4.219302552209772e-05
AAL_069,AAL_050,0.011255091687059429,0.011212900218556152,4.2191468503276555e-05
AAL_008,AAL_041,0.010768159617009198,0.0107260067847837,4.2152832225498746e-05
AAL_048,AAL_084,0.010810714406080736,0.010768594645499887,4.2119760580848487e-05
AAL_010,AAL_071,0.011389142793850003,0.011347023633865654,4.211915998434887e-05
AAL_007,AAL_025,0.010971863612803256,0.011013962455537568,-4.2098842734311984e-05
AAL_075,AAL_033,0.011246263401773877,0.011288359569427244,-4.209616765336703e-05
AAL_002,AAL_086,0.010808334898792652,0.01076624027358613,4.209462520652317e-05
AAL_085,AAL_030,0.010415092156403977,0.01045718640273913,-4.209424633515313e-05
AAL_019,AAL_046,0.010271734868486723,0.010313828924102316,-4.209405561559319e-05
AAL_020,AAL_076,0.010786688273661157,0.010828758231722392,-4.2069958061234994e-05
AAL_027,AAL_069,0.01102244664524865,0.010980383633975651,4.206301127299833e-05
AAL_026,AAL_061,0.009932383081008099,0.009974437465350474,-4.205438434237534e-05
AAL_007,AAL_069,0.010800402728904389,0.010842450566257052,-4.204783735266282e-05
AAL_064,AAL_015,0.010047789907847077,0.010005747975675255,4.204193217182198e-05
AAL_063,AAL_019,0.011693815276838647,0.011651817283988295,4.1997992850352495e-05
AAL_029,AAL_033,0.011430819988505453,0.01147281054509041,-4.199055658495737e-05
AAL_012,AAL_060,0.01083976270742396,0.010797781811994743,4.1980895429217374e-05
AAL_076,AAL_054,0.010951920619441403,0.010909948257669326,4.197236177207707e-05
AAL_032,AAL_018,0.010790444154324185,0.01083241497159522,-4.197081727103438e-05
AAL_019,AAL_083,0.010865227653621098,0.010907190787159923,-4.196313353882486e-05
AAL_027,AAL_056,0.010814544774639683,0.010856506777534414,-4.1962002894730885e-05
AAL_053,AAL_078,0.011124392004253773,0.011166320919583809,-4.192891533003583e-05
AAL_007,AAL_040,0.010482267225877596,0.010524193707751872,-4.1926481874276014e-05
AAL_056,AAL_003,0.010506842366984894,0.01054876062686257,-4.19182598776751e-05
AAL_001,AAL_087,0.01046877140059876,0.010426886070048247,4.188533055051423e-05
AAL_058,AAL_005,0.010268464063604673,0.010226578796028203,4.188526757646985e-05
AAL_046,AAL_016,0.010906134763907673,0.010864268690255233,4.186607365243983e-05
AAL_068,AAL_071,0.010572302352207212,0.01053044743484658,4.185491736063106e-05
AAL_017,AAL_034,0.01100936193122632,0.011051212710145834,-4.1850778919513484e-05
AAL_081,AAL_069,0.011230050864764769,0.011188215155514979,4.183570924978959e-05
AAL_048,AAL_006,0.01063732629140409,0.010595496189283673,4.183010212041767e-05
AAL_057,AAL_016,0.010805317021619815,0.010847132796278367,-4.181577465855145e-05
AAL_068,AAL_037,0.010777385654644324,0.010735573931123423,4.1811723520900415e-05
AAL_014,AAL_066,0.01192730906793577,0.011969120297164982,-4.181122922921124e-05
AAL_089,AAL_012,0.011095364098476931,0.011137153962557725,-4.178986408079344e-05
AAL_079,AAL_024,0.01094232718898063,0.010984074807363024,-4.174761838239387e-05
AAL_050,AAL_007,0.010890179395309499,0.010931905569328416,-4.172617401891794e-05
AAL_065,AAL_049,0.010440071945229912,0.010481789403088927,-4.1717457859014734e-05
AAL_030,AAL_069,0.01092080320390817,0.010962518997416454,-4.171579350828458e-05
AAL_023,AAL_001,0.011141918868256303,0.011100229238698411,4.16896295578912e-05
AAL_012,AAL_083,0.010710036849730417,0.010668350036993216,4.1686812737201304e-05
AAL_014,AAL_036,0.010979260586631985,0.01102092173690018,-4.166115026819385e-05
AAL_061,AAL_078,0.010929675808606239,0.010971333138256451,-4.165732965021214e-05
AAL_048,AAL_047,0.012411585033863273,0.012453230275834908,-4.164524197163531e-05
AAL_048,AAL_086,0.010827394216281608,0.010785785020691881,4.160919558972645e-05
AAL_007,AAL_043,0.010690612027931035,0.01073220954565493,-4.159751772389586e-05
AAL_029,AAL_084,0.011780494370330602,0.011738906901043195,4.1587469287406725e-05
AAL_074,AAL_060,0.010837947816436743,0.010796374015084863,4.1573801351880296e-05
AAL_025,AAL_071,0.011275535435455605,0.011233968447625786,4.1566987829819504e-05
AAL_041,AAL_009,0.010662097879884463,0.0107036593691365,-4.1561489252037176e-05
AAL_017,AAL_037,0.010943757101463584,0.010985278908080114,-4.152180661652974e-05
AAL_087,AAL_058,0.010951088448890891,0.010992590844095049,-4.1502395204158146e-05
AAL_059,AAL_038,0.010945625993240083,0.010987127710494303,-4.150171725422064e-05
AAL_029,AAL_009,0.01078137232022535,0.010822872487971416,-4.150016774606517e-05
AAL_034,AAL_005,0.01032086950328806,0.010362363711609587,-4.1494208321526255e-05
AAL_020,AAL_066,0.010385840044667324,0.010427305155962928,-4.146511129560389e-05
AAL_046,AAL_047,0.012488110856606793,0.012529571214806353,-4.14603581995604e-05
AAL_023,AAL_090,0.011219983311513295,0.011178552498925413,4.1430812587882684e-05
AAL_034,AAL_022,0.010094895825570082,0.01005346851224639,4.1427313323691775e-05
AAL_071,AAL_039,0.011036194691784743,0.011077598162531557,-4.140347074681368e-05
AAL_036,AAL_007,0.012002624943454424,0.012043991856387916,-4.136691293349197e-05
AAL_010,AAL_017,0.010932951550691938,0.01097431502053075,-4.136346983881281e-05
AAL_070,AAL_064,0.011170476330762617,0.011211787126311297,-4.1310795548680015e-05
AAL_062,AAL_086,0.010543629053470671,0.010502330487404508,4.129856606616307e-05
AAL_090,AAL_002,0.010861379633713355,0.010902657679677305,-4.1278045963950155e-05
AAL_065,AAL_005,0.011373393934092715,0.011414655916411292,-4.126198231857621e-05
AAL_053,AAL_023,0.011149190676709017,0.011190450895882718,-4.126021917370132e-05
AAL_046,AAL_029,0.010906855573750332,0.01086560425073574,4.12513230145916e-05
AAL_063,AAL_072,0.011100288800911134,0.011059090562127808,4.119823878332568e-05
AAL_019,AAL_020,0.011966634911890978,0.01200783194248419,-4.119703059321175e-05
AAL_007,AAL_041,0.010582916758970445,0.010624112279406257,-4.119552043581158e-05
AAL_008,AAL_011,0.011166200204951387,0.011125009282776351,4.119092217503596e-05
AAL_033,AAL_022,0.010419315935120497,0.010460503972493686,-4.118803737318891e-05
AAL_085,AAL_061,0.010634487765467064,0.010593305995905074,4.118176956199003e-05
AAL_013,AAL_047,0.01060067743070933,0.010641831278375745,-4.115384766641486e-05
AAL_057,AAL_088,0.011173340826271435,0.011132197017797614,4.1143808473821306e-05
AAL_012,AAL_046,0.010695115631271122,0.010653975015279673,4.1140615991449095e-05
AAL_045,AAL_080,0.010622681683709478,0.010581542809422199,4.113887428727932e-05
AAL_047,AAL_002,0.010587489270231025,0.010546360183368545,4.1129086862479874e-05
AAL_050,AAL_048,0.012500248318060469,0.012541352050198663,-4.110373213819449e-05
AAL_080,AAL_021,0.010420407198417263,0.010461505765913438,-4.109856749617488e-05
AAL_036,AAL_059,0.01174636098006979,0.011787450484118006,-4.108950404821572e-05
AAL_083,AAL_007,0.011747732694841858,0.011788811694100388,-4.1078999258530036e-05
AAL_039,AAL_066,0.010566971549350355,0.010607985650228507,-4.101410087815199e-05
AAL_059,AAL_008,0.011426349164535984,0.011467344150705166,-4.099498616918183e-05
AAL_038,AAL_076,0.011433532831665033,0.011392549172542971,4.098365912206213e-05
AAL_006,AAL_060,0.010819697758564964,0.01077872951498842,4.096824357654322e-05
AAL_036,AAL_065,0.012411429924874479,0.012370492789256513,4.093713561796608e-05
AAL_081,AAL_011,0.010761486537531655,0.010802412611286782,-4.092607375512716e-05
AAL_060,AAL_088,0.010838310769560117,0.010797391111775308,4.091965778480963e-05
AAL_039,AAL_001,0.010458437272180349,0.010499334180029686,-4.089690784933771e-05
AAL_062,AAL_071,0.010612794813007498,0.01057189850196723,4.089631104026853e-05
AAL_077,AAL_051,0.010499659473967984,0.010540531458282293,-4.0871984314308496e-05
AAL_052,AAL_009,0.010570979507990245,0.010530146143905282,4.083336408496237e-05
AAL_045,AAL_015,0.01021567579661297,0.01017489935971667,4.07764368962997e-05
AAL_088,AAL_049,0.010754615255496185,0.010795382667268181,-4.0767411771995554e-05
AAL_012,AAL_084,0.011339464692526266,0.011298713459178029,4.0751233348236895e-05
AAL_042,AAL_062,0.011269581287255527,0.011228834096314593,4.07471909409339e-05
AAL_025,AAL_033,0.01069542110308559,0.01073616177130204,-4.07406682164501e-05
AAL_069,AAL_077,0.011464031228127006,0.011504743435413163,-4.071220728615703e-05
AAL_074,AAL_025,0.010717755392528115,0.01067707129053901,4.068410198910556e-05
AAL_028,AAL_046,0.010737814747481646,0.01069714565514113,4.0669092340515564e-05
AAL_035,AAL_023,0.012361463740404345,0.012320808446954557,4.065529344978759e-05
AAL_030,AAL_043,0.010889705865540437,0.010849058849935792,4.0647015604645606e-05
AAL_018,AAL_029,0.012761281811210334,0.012720643503420406,4.063830778992805e-05
AAL_081,AAL_050,0.010697854290772071,0.010657222599493659,4.063169127841229e-05
AAL_064,AAL_071,0.010478307272140414,0.010437695062245535,4.0612209894878154e-05
AAL_075,AAL_087,0.010848557335746467,0.010889153929875595,-4.059659412912822e-05
AAL_033,AAL_001,0.011185771930946881,0.011226351495379254,-4.0579564432373025e-05
AAL_082,AAL_058,0.011339624722798666,0.011299060408035223,4.056431476344262e-05
AAL_014,AAL_033,0.011051777447772842,0.011011248417475975,4.0529030296866664e-05
AAL_057,AAL_051,0.011104735788594708,0.011064217966650762,4.051782194394553e-05
AAL_052,AAL_078,0.010459058484237673,0.010418549027506531,4.050945673114183e-05
AAL_043,AAL_005,0.010951212951595075,0.010910704588660827,4.050836293424849e-05
AAL_004,AAL_018,0.00998018922793687,0.010020682957975504,-4.049373003863453e-05
AAL_011,AAL_027,0.0109500135633394,0.010990506960148402,-4.049339680900314e-05
AAL_043,AAL_073,0.010993584958661316,0.01095309414930882,4.049080935249541e-05
AAL_053,AAL_074,0.01130484523347173,0.011264364165773906,4.0481067697824974e-05
AAL_071,AAL_031,0.011694284737046458,0.011734762425458165,-4.047768841170668e-05
AAL_034,AAL_076,0.01043390174014255,0.010474369276509096,-4.0467536366545556e-05
AAL_003,AAL_020,0.011018451064442977,0.011058876390289284,-4.042532584630672e-05
AAL_016,AAL_068,0.010431707289436052,0.010472106111811348,-4.039882237529685e-05
AAL_069,AAL_072,0.011013282449024484,0.011053668194110725,-4.038574508624139e-05
AAL_075,AAL_041,0.01134934626185359,0.01138970996287857,-4.036370102497924e-05
AAL_039,AAL_049,0.01056485247408223,0.010524493240041857,4.035923404037238e-05
AAL_082,AAL_023,0.010064946985047342,0.01010530399246414,-4.0357007416797624e-05
AAL_082,AAL_004,0.010154029270872856,0.010194385676152506,-4.035640527965019e-05
AAL_089,AAL_075,0.011135674487703886,0.01117600817418202,-4.033368647813479e-05
AAL_077,AAL_056,0.010648838600589551,0.010689151917050405,-4.0313316460854204e-05
AAL_048,AAL_026,0.010875306531993879,0.010834994841431713,4.031169056216595e-05
AAL_030,AAL_071,0.011294011460442064,0.011334295477024822,-4.028401658275754e-05
AAL_053,AAL_085,0.011375652705757027,0.011415928729322206,-4.0276023565178135e-05
AAL_046,AAL_064,0.011043487721656123,0.011003244975604875,4.024274605124792e-05
AAL_059,AAL_081,0.011230961560932362,0.011190719819320342,4.0241741612019946e-05
AAL_031,AAL_053,0.010318141265445922,0.0103583797978852,-4.023853243927816e-05
AAL_075,AAL_070,0.01066462704155626,0.010704854840676186,-4.02277991199268e-05
AAL_041,AAL_078,0.011107163513716087,0.011147376914825244,-4.0213401109157054e-05
AAL_042,AAL_081,0.011637434172324644,0.011677628507833031,-4.019433550838704e-05
AAL_050,AAL_088,0.01089471117911749,0.010854524802924977,4.018637619251225e-05
AAL_042,AAL_025,0.011342649437630406,0.011382834763998725,-4.0185326368319396e-05
AAL_013,AAL_037,0.01090706648448339,0.010947236999240762,-4.0170514757372974e-05
AAL_055,AAL_029,0.010361578966228243,0.010401743533501111,-4.016456727286809e-05
AAL_013,AAL_004,0.010801578151523812,0.010841738869419908,-4.016071789609589e-05
AAL_017,AAL_085,0.010674126050236005,0.010714261133972528,-4.0135083736523094e-05
AAL_048,AAL_061,0.010344630477424616,0.010384753434260194,-4.012295683557786e-05
AAL_082,AAL_045,0.01057175897125505,0.010531636481878184,4.0122489376865494e-05
AAL_067,AAL_047,0.010872020794110548,0.010912119094328609,-4.0098300218061045e-05
AAL_070,AAL_068,0.011266618517315032,0.01130670178496734,-4.008326765230809e-05
AAL_090,AAL_017,0.010271872137076197,0.010311950758450823,-4.007862137462605e-05
AAL_020,AAL_039,0.010386649417714814,0.010426726508839402,-4.007709112458825e-05
AAL_053,AAL_020,0.011296644966062317,0.011256568247068756,4.007671899356087e-05
AAL_088,AAL_009,0.010924067678582719,0.010964111806293279,-4.004412771056037e-05
AAL_046,AAL_060,0.01161724560830392,0.011657278561876814,-4.0032953572894867e-05
AAL_022,AAL_042,0.011549287831856526,0.011509258649023088,4.002918283343808e-05
AAL_009,AAL_022,0.01114816372243003,0.011188185373991359,-4.0021651561328656e-05
AAL_077,AAL_083,0.010697989061904641,0.010738002094752144,-4.00130328475027e-05
AAL_015,AAL_026,0.011575308692060474,0.011615308248911691,-3.999955685121681e-05
AAL_037,AAL_039,0.012007401581519308,0.012047388748018528,-3.998716649922067e-05
AAL_084,AAL_028,0.010649621608054154,0.010689600472507199,-3.9978864453045146e-05
AAL_072,AAL_049,0.011557697457794705,0.01159765383473623,-3.995637694152385e-05
AAL_007,AAL_004,0.0115618840054983,0.011521935728713685,3.9948276784614045e-05
AAL_065,AAL_076,0.010663358259818748,0.010703295748911927,-3.993748909317946e-05
AAL_005,AAL_069,0.01101285426551078,0.011052776881431232,-3.992261592045132e-05
AAL_015,AAL_025,0.011779288866788022,0.011819198771516236,-3.990990472821365e-05
AAL_085,AAL_026,0.011208392327460341,0.011248296129034264,-3.9903801573922676e-05
AAL_013,AAL_034,0.010885763501461882,0.010845888304355423,3.9875197106459606e-05
AAL_078,AAL_059,0.011068067318385737,0.011107939884769118,-3.987256638338099e-05
AAL_025,AAL_051,0.011325956085442096,0.011286110473940006,3.984561150209044e-05
AAL_084,AAL_031,0.010813244899066213,0.010853089625593598,-3.984472652738408e-05
AAL_038,AAL_053,0.010999608376962889,0.01103945193631995,-3.984355935706188e-05
AAL_022,AAL_006,0.011890488593146587,0.011850661380914394,3.982721223219285e-05
AAL_010,AAL_041,0.01097936575444272,0.01101918977040511,-3.98240159623902e-05
AAL_084,AAL_081,0.011153390306708777,0.011113571513804698,3.981879290407969e-05
AAL_029,AAL_054,0.010690057552698204,0.010729872177888827,-3.981462519062236e-05
AAL_048,AAL_034,0.010818471170914097,0.010858268872199223,-3.9797701285126594e-05
AAL_061,AAL_016,0.011271570755455356,0.011231777242040516,3.979351341483993e-05
AAL_080,AAL_039,0.01055726893325774,0.010597053288988233,-3.978435573049298e-05
AAL_050,AAL_002,0.011445361275114438,0.011405596045070044,3.976523004439389e-05
AAL_002,AAL_077,0.010732282297367342,0.010772016576535206,-3.9734279167863776e-05
AAL_069,AAL_042,0.011326668692482078,0.011366393650528366,-3.97249580462878e-05
AAL_033,AAL_048,0.010681456500170832,0.01072115563873026,-3.9699138559426764e-05
AAL_009,AAL_047,0.01073153956164407,0.010691848474903674,3.96910867403958e-05
AAL_019,AAL_061,0.01112679628910035,0.011087137383059888,3.965890604046285e-05
AAL_066,AAL_047,0.010388082440576365,0.010348427966791703,3.965447378466262e-05
AAL_059,AAL_035,0.01102308906877461,0.010983435943186579,3.96531255880319e-05
AAL_025,AAL_063,0.01043251746843577,0.010472166955138258,-3.9649486702488315e-05
AAL_066,AAL_045,0.010827572114813404,0.010787941111025236,3.963100378816774e-05
AAL_008,AAL_049,0.011132547281618811,0.011092931281765993,3.9615999852818384e-05
AAL_042,AAL_036,0.011545139754939282,0.011505527780033074,3.9611974906208006e-05
AAL_035,AAL_074,0.011364418354569973,0.011324814502288479,3.9603852281494545e-05
AAL_031,AAL_080,0.010770702495788917,0.010731124226697178,3.957826909173866e-05
AAL_006,AAL_090,0.011176430453092624,0.011216005310416222,-3.9574857323598084e-05
AAL_070,AAL_004,0.010987028694496704,0.011026603068056385,-3.957437355968027e-05
AAL_046,AAL_019,0.010928202390623016,0.010967768224940702,-3.9565834317686205e-05
AAL_052,AAL_085,0.01059254963333026,0.010553007795205039,3.9541838125220843e-05
AAL_024,AAL_083,0.011469803921655457,0.01143026251863531,3.9541403020147345e-05
AAL_011,AAL_024,0.010975417259157214,0.011014909490425297,-3.9492231268083156e-05
AAL_007,AAL_009,0.012102431026645578,0.012062941479124591,3.948954752098707e-05
AAL_010,AAL_012,0.012059446678966539,0.01201997094189115,3.947573707538919e-05
AAL_023,AAL_053,0.010868770384794882,0.010908243220955799,-3.947283616091701e-05
AAL_025,AAL_048,0.01105279297942025,0.011013332322221387,3.946065719886288e-05
AAL_049,AAL_085,0.010876326342153117,0.010836867786592645,3.9458555560471786e-05
AAL_062,AAL_043,0.010494986025648367,0.01045552993345793,3.9456092190436054e-05
AAL_062,AAL_030,0.011115796197380902,0.011076360487982297,3.9435709398604954e-05
AAL_064,AAL_034,0.011061177602929309,0.011021746045195732,3.9431557733577566e-05
AAL_049,AAL_084,0.010803566525220616,0.010764149953576531,3.941657164408495e-05
AAL_066,AAL_068,0.011822512464868462,0.011783105536149098,3.9406928719364076e-05
AAL_078,AAL_070,0.011318708172975442,0.011358102039427083,-3.939386645164175e-05
AAL_065,AAL_064,0.010296926734188938,0.010336318399951269,-3.9391665762330413e-05
AAL_051,AAL_065,0.01077808814847635,0.010817445909359466,-3.935776088311721e-05
AAL_086,AAL_058,0.011103772928412909,0.011143105626845774,-3.9332698432864924e-05
AAL_044,AAL_077,0.011417570846298566,0.011378238504526041,3.933234177252477e-05
AAL_020,AAL_030,0.011235355166718364,0.01119603682771584,3.931833900252396e-05
AAL_019,AAL_044,0.010472750711119454,0.01043343953742061,3.931117369884371e-05
AAL_054,AAL_072,0.01089254717549516,0.010931856828573028,-3.930965307786735e-05
AAL_087,AAL_046,0.010879182053777652,0.010839886216922818,3.929583685483365e-05
AAL_010,AAL_076,0.011389038905612806,0.011428333576260222,-3.9294670647416555e-05
AAL_063,AAL_028,0.010647296748307144,0.010686588688538624,-3.9291940231479805e-05
AAL_080,AAL_040,0.01061249445948718,0.010651780791562189,-3.928633207500934e-05
AAL_073,AAL_047,0.010528633219755104,0.010567880771758392,-3.9247552003287764e-05
AAL_004,AAL_009,0.010721019576661862,0.010681808161232667,3.921141542919532e-05
AAL_027,AAL_084,0.010962712190424403,0.011001918723728165,-3.9206533303762225e-05
AAL_079,AAL_065,0.011068031028645415,0.011107227270475244,-3.9196241829828754e-05
AAL_009,AAL_053,0.011063378823634524,0.01102420354201909,3.917528161543303e-05
AAL_020,AAL_067,0.01081193870323527,0.01085111356938891,-3.917486615363959e-05
AAL_030,AAL_005,0.011035114771519333,0.01099594580078909,3.91689707302436e-05
AAL_053,AAL_013,0.011658256220766623,0.011619093601427806,3.9162619338816915e-05
AAL_034,AAL_017,0.010555978354989972,0.010595107640581155,-3.912928559118324e-05
AAL_075,AAL_064,0.011183846572764281,0.011222972324298273,-3.9125751533992253e-05
AAL_085,AAL_031,0.010907413067821508,0.010946538761516954,-3.91256936954458e-05
AAL_028,AAL_015,0.011580107801267479,0.011619226879927863,-3.9119078660384415e-05
AAL_020,AAL_012,0.011009532721458465,0.011048637991470675,-3.9105270012209856e-05
AAL_069,AAL_088,0.011412080403210388,0.011372978956191326,3.910144701906211e-05
AAL_071,AAL_041,0.011154296756204631,0.011193382281061289,-3.90855248566576e-05
AAL_006,AAL_003,0.01123353238336933,0.011194457544970601,3.907483839872897e-05
AAL_075,AAL_061,0.010909552516765956,0.010870477679201747,3.9074837564209014e-05
AAL_031,AAL_070,0.010484303007475458,0.010523366483006969,-3.906347553151064e-05
AAL_041,AAL_018,0.011165619266625399,0.011126586494888768,3.9032771736630806e-05
AAL_085,AAL_015,0.011696832602779962,0.01165780744910536,3.902515367460238e-05
AAL_078,AAL_063,0.011326584352068922,0.011365604496771289,-3.902014470236713e-05
AAL_079,AAL_058,0.011940767272160603,0.011901748264971057,3.9019007189545346e-05
AAL_074,AAL_011,0.010953187719624266,0.010914173173641892,3.9014545982374305e-05
AAL_026,AAL_029,0.009960772851720834,0.009999752107074036,-3.8979255353201875e-05
AAL_011,AAL_006,0.010693826539537463,0.010732798296357355,-3.897175681989197e-05
AAL_069,AAL_035,0.011167466481271973,0.011128514274843869,3.895220642810386e-05
AAL_044,AAL_061,0.01083373993388417,0.010872675126728142,-3.893519284397205e-05
AAL_050,AAL_058,0.011303711485547515,0.011264823028175322,3.8888457372193014e-05
AAL_066,AAL_023,0.01084289406466051,0.010804014828139292,3.8879236521217886e-05
AAL_082,AAL_069,0.010964514353336433,0.010925640164881427,3.8874188455006314e-05
AAL_064,AAL_019,0.010812839546885628,0.010773974688025769,3.886485885985953e-05
AAL_066,AAL_019,0.01044902503172047,0.010410176019274419,3.8849012446051656e-05
AAL_041,AAL_016,0.010951128533571703,0.010912299311024231,3.882922254747241e-05
AAL_017,AAL_025,0.010235284566560872,0.010274098051374515,-3.8813484813642746e-05
AAL_076,AAL_033,0.011232980172762759,0.011194217416270642,3.876275649211669e-05
AAL_008,AAL_050,0.011188131707330417,0.011149381275841084,3.87504314893327e-05
AAL_009,AAL_026,0.011166028246586012,0.011204767278938672,-3.873903235265992e-05
AAL_082,AAL_001,0.010680826257468544,0.010719559527471403,-3.873327000285948e-05
AAL_087,AAL_079,0.010895625381674776,0.01093435372057239,-3.872833889761486e-05
AAL_041,AAL_017,0.011166388417681696,0.011127661421395856,3.872699628583963e-05
AAL_040,AAL_005,0.01110124338665006,0.011139964125588278,-3.8720738938218674e-05
AAL_077,AAL_023,0.010585880615453944,0.010547172772714282,3.870784273966171e-05
AAL_038,AAL_020,0.01064726255205261,0.010608586565898755,3.8675986153854924e-05
AAL_062,AAL_077,0.010743602423761517,0.010704973137130955,3.8629286630561394e-05
AAL_014,AAL_042,0.011088684509691393,0.011050083126789583,3.860138290181017e-05
AAL_060,AAL_049,0.012285907070240023,0.01224730596658092,3.860110365910309e-05
AAL_064,AAL_067,0.010869025177139247,0.010907624335150712,-3.8599158011465295e-05
AAL_009,AAL_045,0.01071989576284511,0.010758492977776687,-3.8597214931577334e-05
AAL_088,AAL_059,0.010675547186794698,0.010714121715214206,-3.8574528419507356e-05
AAL_049,AAL_041,0.010949879317568282,0.010911305777026021,3.857354054226034e-05
AAL_018,AAL_053,0.011179311604947489,0.011140755879191252,3.855572575623724e-05
AAL_078,AAL_033,0.011560476540277401,0.011521921597106877,3.855494317052399e-05
AAL_022,AAL_045,0.010868629607825708,0.010907181589482883,-3.85519816571752e-05
AAL_078,AAL_090,0.011268644792656613,0.011307177683870047,-3.8532891213433756e-05
AAL_078,AAL_084,0.011660477484807245,0.01162194582649851,3.8531658308735284e-05
AAL_060,AAL_003,0.011088029021779314,0.01112655820856541,-3.852918678609596e-05
AAL_040,AAL_009,0.011158388995557513,0.011196914861537979,-3.852586598046548e-05
AAL_030,AAL_040,0.01091606169143039,0.01087754829867602,3.8513392754369394e-05
AAL_053,AAL_065,0.010973289726365708,0.011011789303282206,-3.849957691649808e-05
AAL_057,AAL_073,0.011480462651811222,0.011441975286595579,3.8487365215642694e-05
AAL_043,AAL_011,0.010951070514961313,0.01091259266839134,3.847784656997415e-05
AAL_084,AAL_006,0.010724382031247275,0.010685943825073338,3.843820617393731e-05
AAL_016,AAL_036,0.010625466216817243,0.010663887069886436,-3.842085306919249e-05
AAL_070,AAL_013,0.010859434391395787,0.010821023946697303,3.841044469848377e-05
AAL_037,AAL_053,0.010993269469159154,0.011031652851580242,-3.8383382421087325e-05
AAL_086,AAL_049,0.010918229830284149,0.010879859945300052,3.8369884984096325e-05
AAL_037,AAL_084,0.01118522017207156,0.011146865704237823,3.835446783373615e-05
AAL_079,AAL_048,0.011213517306038203,0.01125182622983571,-3.8308923797508027e-05
AAL_075,AAL_011,0.011167334834448038,0.011129026349735616,3.830848471242203e-05
AAL_071,AAL_003,0.011240752031787848,0.011202458685111468,3.829334667638032e-05
AAL_008,AAL_080,0.0107302934400992,0.010768557286292092,-3.8263846192891984e-05
AAL_013,AAL_079,0.010949598919823129,0.010911336459829554,3.826245999357519e-05
AAL_054,AAL_048,0.012074901821871853,0.012036659382745882,3.824243912597079e-05
AAL_086,AAL_023,0.011320880327660304,0.011359119822476844,-3.823949481654085e-05
AAL_089,AAL_081,0.011049517971646583,0.01108775646760875,-3.8238495962166635e-05
AAL_073,AAL_051,0.010109675311857564,0.010147912691234063,-3.823737937649896e-05
AAL_052,AAL_034,0.01039373105726181,0.010431931825544196,-3.8200768282386013e-05
AAL_021,AAL_004,0.011011200039607719,0.010973003776120045,3.819626348767341e-05
AAL_065,AAL_034,0.010958875461807873,0.010997056448023313,-3.818098621543968e-05
AAL_060,AAL_058,0.011936949914257623,0.011898773967313855,3.817594694376786e-05
AAL_069,AAL_066,0.011012906921056345,0.011051079836066248,-3.817291500990243e-05
AAL_062,AAL_059,0.012181600846318353,0.012143468927989527,3.813191832882645e-05
AAL_084,AAL_088,0.01127582017539276,0.01131394413524023,-3.8123959847469885e-05
AAL_023,AAL_018,0.010439199793478873,0.010477318021725336,-3.8118228246463576e-05
AAL_087,AAL_081,0.010799419534846377,0.010837530738052452,-3.8111203206075625e-05
AAL_048,AAL_027,0.010585089474836858,0.01054698376276209,3.810571207476729e-05
AAL_031,AAL_064,0.010394631588481303,0.01043273531658478,-3.810372810347622e-05
AAL_071,AAL_051,0.010771840361034514,0.010809939948578479,-3.809958754396464e-05
AAL_030,AAL_038,0.011151260411780741,0.011189352596183273,-3.8092184402531426e-05
AAL_068,AAL_042,0.010726706122852162,0.010688614037821518,3.809208503064397e-05
AAL_023,AAL_083,0.011654114501916954,0.01161602491665419,3.8089585262765166e-05
AAL_056,AAL_066,0.010592034711446771,0.010630111117609234,-3.807640616246277e-05
AAL_060,AAL_073,0.011023694418498084,0.011061745698080761,-3.8051279582677205e-05
AAL_041,AAL_026,0.01088212945092565,0.010920170112224134,-3.8040661298484324e-05
AAL_073,AAL_048,0.010350005770834465,0.010388017863164617,-3.8012092330152666e-05
AAL_067,AAL_032,0.010643552533056364,0.010681517588589387,-3.796505553302354e-05
AAL_039,AAL_071,0.01072834570828475,0.010766310483291191,-3.7964775006440674e-05
AAL_045,AAL_077,0.010544224755647473,0.010582180243105657,-3.795548745818417e-05
AAL_033,AAL_087,0.010402081303425834,0.01044003504834533,-3.795374491949617e-05
AAL_027,AAL_089,0.011753853601522935,0.011715924600717003,3.792900080593249e-05
AAL_084,AAL_036,0.010554469626349134,0.010592397944839953,-3.792831849081836e-05
AAL_042,AAL_034,0.011497829949212635,0.01145991637942291,3.791356978972461e-05
AAL_059,AAL_071,0.011038735254198058,0.011000827553383913,3.790770081414478e-05
AAL_031,AAL_041,0.01079855320784144,0.010836439579263071,-3.788637142163216e-05
AAL_087,AAL_062,0.010500895842495892,0.010538779111306365,-3.788326881047285e-05
AAL_023,AAL_017,0.010550940122741919,0.01058882069323332,-3.78805704914012e-05
AAL_019,AAL_060,0.010776833774378667,0.010738953696124754,3.788007825391258e-05
AAL_060,AAL_022,0.010763133945675869,0.010800996977863625,-3.786303218775676e-05
AAL_039,AAL_078,0.010945703830315262,0.010983546467835347,-3.784263752008507e-05
AAL_081,AAL_027,0.010353084574015731,0.010315247411578524,3.783716243720668e-05
AAL_086,AAL_008,0.011256182821005838,0.011294019346127735,-3.783652512189678e-05
AAL_008,AAL_030,0.011402319163545711,0.011440152346292885,-3.78331827471743e-05
AAL_047,AAL_080,0.01059657971884132,0.010558791722057771,3.7787996783548994e-05
AAL_039,AAL_020,0.010380322637004603,0.010418107298667318,-3.778466166271498e-05
AAL_055,AAL_084,0.010537847783018509,0.010575627670080284,-3.777988706177467e-05
AAL_069,AAL_064,0.011875150464554755,0.011912916031280167,-3.776556672541176e-05
AAL_032,AAL_073,0.011208390548395423,0.011246148591616165,-3.7758043220741805e-05
AAL_050,AAL_019,0.010874622463622792,0.010912378692985617,-3.775622936282551e-05
AAL_082,AAL_011,0.010586930560266487,0.010624672186840557,-3.774162657406953e-05
AAL_055,AAL_030,0.01036350985065612,0.010401249149116333,-3.7739298460213316e-05
AAL_011,AAL_070,0.010940289986518841,0.010902555021584479,3.773496493436265e-05
AAL_048,AAL_074,0.010605713420221183,0.01064344645517118,-3.7733034949995886e-05
AAL_033,AAL_058,0.01135547048985385,0.01139320224458837,-3.773175473452059e-05
AAL_032,AAL_055,0.010601713821594404,0.010563992876698155,3.772094489624955e-05
AAL_059,AAL_072,0.010702898095035527,0.010740609661613594,-3.771156657806675e-05
AAL_022,AAL_021,0.01295278379574227,0.012990483847763343,-3.77000520210731e-05
AAL_002,AAL_022,0.010121114952012133,0.010158793023202762,-3.76780711906291e-05
AAL_041,AAL_074,0.011141142264629403,0.011178796838220236,-3.765457359083263e-05
AAL_004,AAL_060,0.010380072174912207,0.01041772660034392,-3.7654425431713975e-05
AAL_008,AAL_057,0.010799766733096195,0.010837408522185557,-3.764178908936128e-05
AAL_009,AAL_048,0.010755599872408133,0.010717972687840758,3.762718456737542e-05
AAL_055,AAL_033,0.010516080229232708,0.010478472334815758,3.760789441695049e-05
AAL_019,AAL_018,0.010721848758224111,0.01068424495403879,3.76038041853214e-05
AAL_009,AAL_019,0.01131526556892846,0.011277668864440829,3.759670448763054e-05
AAL_021,AAL_084,0.011122762796699874,0.011085172068262959,3.7590728436915494e-05
AAL_052,AAL_089,0.01059104877914119,0.01055347214848099,3.757663066020038e-05
AAL_071,AAL_038,0.011235064536364924,0.011197522451301515,3.7542085063409225e-05
AAL_007,AAL_013,0.01206597898943493,0.012028437764118091,3.7541225316838414e-05
AAL_056,AAL_024,0.010472472239699628,0.010510011037659113,-3.75387979594851e-05
AAL_077,AAL_059,0.01068175780491378,0.010644225533081048,3.7532271832731515e-05
AAL_079,AAL_085,0.01140766178504524,0.01144518699986911,-3.7525214823870556e-05
AAL_056,AAL_088,0.0109923028279669,0.011029812093667001,-3.7509265700100616e-05
AAL_014,AAL_083,0.010795839393559175,0.010833336775267391,-3.74973817082163e-05
AAL_028,AAL_056,0.010773296308759442,0.010810697793258035,-3.740148449859343e-05
AAL_027,AAL_043,0.01076752536643583,0.010804901828541057,-3.737646210522777e-05
AAL_054,AAL_021,0.010929153060031116,0.010966526762704843,-3.7373702673726764e-05
AAL_080,AAL_033,0.011127969474953592,0.011165324254215651,-3.7354779262059254e-05
AAL_025,AAL_052,0.01092925001707915,0.01096660200571156,-3.7351988632410016e-05
AAL_070,AAL_044,0.010840168007864403,0.010802835789936648,3.7332217927755e-05
AAL_079,AAL_052,0.011057620332775336,0.011094936031025486,-3.731569825014998e-05
AAL_081,AAL_062,0.010677257449262671,0.01063994502662577,3.7312422636900586e-05
AAL_006,AAL_075,0.010674907027894998,0.0106376028497225,3.7304178172497746e-05
AAL_040,AAL_025,0.011605991735162899,0.011568702914504791,3.728882065810735e-05
AAL_006,AAL_069,0.01084030367847946,0.010803047116966016,3.725656151344278e-05
AAL_031,AAL_044,0.010827088469846381,0.010789832225064782,3.7256244781598905e-05
AAL_087,AAL_080,0.010954153765804874,0.010991409943247255,-3.725617744238137e-05
AAL_032,AAL_067,0.01088180679939369,0.010919043209597875,-3.723641020418611e-05
AAL_081,AAL_064,0.011626876942399476,0.011589647492592595,3.722944980688071e-05
AAL_033,AAL_083,0.01061819740332281,0.010655426295478793,-3.722889215598303e-05
AAL_007,AAL_078,0.010904181621268265,0.010866959877404622,3.7221743863643034e-05
AAL_029,AAL_055,0.010577092773050197,0.010614281388521935,-3.718861547173831e-05
AAL_052,AAL_004,0.010624524480543839,0.010587340830906154,3.718364963768532e-05
AAL_040,AAL_026,0.011860541420248456,0.011823369314889458,3.7172105358997815e-05
AAL_040,AAL_072,0.01180912464713821,0.011846289424590822,-3.716477745261196e-05
AAL_029,AAL_060,0.010626581001979036,0.010663737022958086,-3.715602097905009e-05
AAL_032,AAL_047,0.010824323042781435,0.010861477636669765,-3.715459388833019e-05
AAL_061,AAL_050,0.010968068735992424,0.011005205021380787,-3.713628538836236e-05
AAL_059,AAL_075,0.011014419872488858,0.011051554001738356,-3.713412924949769e-05
AAL_065,AAL_085,0.01218548990212954,0.012148381113802677,3.7108788326863096e-05
AAL_022,AAL_041,0.011351651979737684,0.011314543703612559,3.7108276125125475e-05
AAL_006,AAL_063,0.01046327342135975,0.0105003762837712,-3.710286241145021e-05
AAL_042,AAL_039,0.012256472886930037,0.01229357366535637,-3.7100778426332054e-05
AAL_007,AAL_024,0.011408714776556207,0.011445802028658372,-3.7087252102165416e-05
AAL_040,AAL_044,0.011391396733780956,0.011354318817629116,3.70779161518401e-05
AAL_006,AAL_086,0.011162729356756322,0.011125657233703077,3.707212305324552e-05
AAL_032,AAL_015,0.011079657946227707,0.011116725508188343,-3.7067561960636014e-05
AAL_003,AAL_079,0.01029897954227387,0.010336039097928823,-3.705955565495335e-05
AAL_065,AAL_020,0.01062785578955315,0.01066490935240283,-3.7053562849678756e-05
AAL_070,AAL_081,0.011237315182836775,0.0112002630216571,3.7052161179674734e-05
AAL_001,AAL_042,0.010476322124242527,0.010513371598465418,-3.704947422289093e-05
AAL_020,AAL_001,0.011545344777246062,0.011508305157273638,3.703961997242322e-05
AAL_069,AAL_023,0.011202405706350492,0.011165369516954972,3.703618939552081e-05
AAL_047,AAL_062,0.010417251479533365,0.010380218669809123,3.703280972424186e-05
AAL_083,AAL_057,0.011812277970055485,0.011849302297028212,-3.7024326972726757e-05
AAL_016,AAL_007,0.010939311956525104,0.010976321387472135,-3.700943094703084e-05
AAL_008,AAL_079,0.010807470633433415,0.010844471698012156,-3.700106457874171e-05
AAL_070,AAL_042,0.010875976933007184,0.01091296795210235,-3.699101909516479e-05
AAL_048,AAL_025,0.010761842350515291,0.010724854137905627,3.69882126096642e-05
AAL_046,AAL_069,0.011057624036175573,0.011020679567610063,3.694446856550987e-05
AAL_077,AAL_011,0.011007101661087865,0.010970160316574218,3.694134451364718e-05
AAL_029,AAL_043,0.010662302906171251,0.01069924259378064,-3.693968760938929e-05
AAL_048,AAL_059,0.010789214263264185,0.010826147623618986,-3.6933360354800965e-05
AAL_057,AAL_025,0.010919907655662451,0.010882982059795567,3.6925595866883765e-05
AAL_089,AAL_057,0.011267619010490866,0.011304528720528997,-3.690971003813062e-05
AAL_057,AAL_021,0.010949240569582479,0.01091234383887378,3.689673070869995e-05
AAL_019,AAL_045,0.010396305163207853,0.010433198773202765,-3.689360999491187e-05
AAL_011,AAL_001,0.01217031778775665,0.01213343520521674,3.688258253991064e-05
AAL_032,AAL_089,0.010891442093600193,0.010854559804939158,3.6882288661034546e-05
AAL_066,AAL_009,0.01105388689141434,0.011017019890489118,3.6867000925222895e-05
AAL_001,AAL_011,0.011710252264578246,0.011673390710490662,3.6861554087583986e-05
AAL_038,AAL_051,0.010975478634906884,0.010938619584695577,3.685905021130753e-05
AAL_082,AAL_049,0.01027879166878505,0.010241946187008995,3.684548177605544e-05
AAL_087,AAL_019,0.01112628429252495,0.01108946971983531,3.68145726896401e-05
AAL_061,AAL_054,0.010880478271721011,0.01084366845655678,3.680981516423175e-05
AAL_015,AAL_063,0.010759409507099763,0.010722609722141,3.679978495876174e-05
AAL_064,AAL_023,0.009818863350515947,0.009782065339294025,3.679801122192204e-05
AAL_066,AAL_046,0.011311102966961062,0.011274314873733976,3.678809322708518e-05
AAL_001,AAL_051,0.010758751111789646,0.010795534110024905,-3.678299823525917e-05
AAL_048,AAL_050,0.011977259402012086,0.012014040959162392,-3.678155715030641e-05
AAL_034,AAL_082,0.01067062971007047,0.010707378047737975,-3.674833766750471e-05
AAL_056,AAL_001,0.010692612403351018,0.010729335058970427,-3.6722655619408906e-05
AAL_043,AAL_064,0.010918194159435539,0.01088147529772952,3.671886170601886e-05
AAL_087,AAL_084,0.01113082734374409,0.011167545477043902,-3.671813329981198e-05
AAL_083,AAL_031,0.011997612682768168,0.01203432152967521,-3.670884690704264e-05
AAL_027,AAL_040,0.011246912605248583,0.011283606406365967,-3.669380111738334e-05
AAL_089,AAL_090,0.012361564888403965,0.012398242754006653,-3.6677865602687335e-05
AAL_042,AAL_009,0.011208942181900399,0.011172278860477596,3.666332142280258e-05
AAL_016,AAL_081,0.010569360692245074,0.010532708683746773,3.6652008498300886e-05
AAL_074,AAL_004,0.010901685843928756,0.010865056399653478,3.662944427527785e-05
AAL_089,AAL_018,0.010817930293388857,0.010854537822953229,-3.660752956437252e-05
AAL_015,AAL_022,0.011302739202689666,0.011339342369520044,-3.660316683037727e-05
AAL_065,AAL_003,0.011971779384562729,0.011935182583631564,3.659680093116499e-05
AAL_002,AAL_047,0.010660766395063609,0.010624237310039641,3.6529085023967456e-05
AAL_059,AAL_079,0.011060909927289328,0.011024398736138055,3.651119115127312e-05
AAL_004,AAL_063,0.010005121949152688,0.010041628250154313,-3.650630100162505e-05
AAL_001,AAL_089,0.0108616031650613,0.010825097121797484,3.6506043263816526e-05
AAL_058,AAL_068,0.010453327941015745,0.01048983144516093,-3.65035041451859e-05
AAL_050,AAL_071,0.010846953043061444,0.01088345353780476,-3.6500494743315834e-05
AAL_020,AAL_029,0.011333995224096073,0.01129749495184821,3.6500272247863216e-05
AAL_037,AAL_044,0.010953516743153844,0.010917033075768658,3.648366738518566e-05
AAL_047,AAL_019,0.010347893584965386,0.010384374094789584,-3.6480509824198676e-05
AAL_012,AAL_078,0.011003699955633946,0.010967234346008034,3.6465609625911666e-05
AAL_005,AAL_087,0.011284851260148944,0.011248387375536835,3.6463884612109726e-05
AAL_003,AAL_002,0.010690283732743472,0.01072674083105166,-3.6457098308188135e-05
AAL_053,AAL_049,0.012872751613155518,0.012836300107019563,3.645150613595417e-05
AAL_073,AAL_010,0.010401974509780606,0.010365528955815299,3.644555396530719e-05
AAL_022,AAL_085,0.011013643237021871,0.01105008252593631,-3.643928891443847e-05
AAL_044,AAL_053,0.01165511957807546,0.011691556268235294,-3.64366901598346e-05
AAL_064,AAL_025,0.009972528287838412,0.009936098057878373,3.643022996003935e-05
AAL_073,AAL_035,0.010341346673826631,0.01037775222489393,-3.64055510672992e-05
AAL_025,AAL_002,0.010480227917989986,0.010516609007460308,-3.638108947032204e-05
AAL_076,AAL_060,0.010783595126520237,0.010747214344794637,3.638078172559997e-05
AAL_006,AAL_023,0.011378223444613764,0.011414597857808208,-3.637441319444441e-05
AAL_059,AAL_021,0.010964239398256326,0.011000606520263197,-3.6367122006870575e-05
AAL_033,AAL_025,0.010371802370740563,0.010408167140304155,-3.6364769563592206e-05
AAL_083,AAL_080,0.011818104608653065,0.011781753937508126,3.63506711449392e-05
AAL_051,AAL_064,0.010433433716718713,0.010397093419087289,3.6340297631424004e-05
AAL_075,AAL_090,0.010548165965522839,0.01058447236430926,-3.6306398786422125e-05
AAL_019,AAL_085,0.010998807879339935,0.010962518606861827,3.62892724781079e-05
AAL_029,AAL_001,0.011102240464976456,0.01113851626563087,-3.627580065441484e-05
AAL_003,AAL_065,0.011788662172790267,0.011752390928991675,3.6271243798591604e-05
AAL_027,AAL_071,0.011206392270441238,0.011242643077268494,-3.625080682725587e-05
AAL_082,AAL_037,0.010887577504906645,0.010923826424566747,-3.624891966010242e-05
AAL_020,AAL_052,0.010473592443646401,0.01050983599061262,-3.6243546966218884e-05
AAL_004,AAL_083,0.010429771101643514,0.010393532494512888,3.6238607130626224e-05
AAL_030,AAL_032,0.011436528412816234,0.011472752842377344,-3.622442956111027e-05
AAL_079,AAL_011,0.011435092273606067,0.011471314256359123,-3.622198275305549e-05
AAL_009,AAL_090,0.011126148868670575,0.011089932060252793,3.621680841778274e-05
AAL_047,AAL_089,0.010303222112612337,0.010339430376203274,-3.620826359093665e-05
AAL_035,AAL_075,0.011556280685318077,0.011592484187917142,-3.6203502599065074e-05
AAL_053,AAL_043,0.011973305404361369,0.012009507414905665,-3.620201054429541e-05
AAL_073,AAL_029,0.012264519708995253,0.012300700450745912,-3.61807417506594e-05
AAL_083,AAL_065,0.012078479459732134,0.012114651032050993,-3.6171572318858744e-05
AAL_031,AAL_020,0.01076161245512975,0.010797782796469722,-3.617034133997221e-05
AAL_057,AAL_065,0.010816769529149955,0.010852937182185076,-3.6167653035120914e-05
AAL_007,AAL_001,0.011630103362198824,0.011593962746854898,3.61406153439256e-05
AAL_084,AAL_030,0.011568650356533691,0.011532523456692844,3.612689984084684e-05
AAL_057,AAL_020,0.01186553557188465,0.011829411377552574,3.61241943320767e-05
AAL_035,AAL_034,0.011862104607379844,0.011825989146090619,3.6115461289225326e-05
AAL_007,AAL_051,0.010976215667274391,0.01101230287106324,-3.608720378884926e-05
AAL_079,AAL_022,0.01150912295581184,0.011545192226120467,-3.6069270308627596e-05
AAL_001,AAL_039,0.010402565533454474,0.010438631018323282,-3.6065484868808353e-05
AAL_006,AAL_035,0.011285176693708597,0.011249150043219401,3.602665048919526e-05
AAL_035,AAL_015,0.011645491161327967,0.011681507450179486,-3.601628885151892e-05
AAL_013,AAL_016,0.01165967758020593,0.011695689078022913,-3.6011497816982804e-05
AAL_047,AAL_043,0.012544074937557945,0.01258008569368062,-3.60107561226744e-05
AAL_033,AAL_016,0.010388675848276824,0.010352674811597793,3.600103667903039e-05
AAL_044,AAL_020,0.01117698290448986,0.011140984386002308,3.599851848755213e-05
AAL_067,AAL_084,0.010424445990202392,0.01046043958413246,-3.599359393006811e-05
AAL_055,AAL_052,0.011341217662502304,0.011305233158596396,3.598450390590764e-05
AAL_083,AAL_051,0.01167453333743426,0.011710509512268432,-3.597617483417151e-05
AAL_029,AAL_044,0.010569796897470951,0.010605763149431562,-3.5966251960610485e-05
AAL_074,AAL_064,0.011275154596162785,0.01131109634261791,-3.5941746455124546e-05
AAL_070,AAL_011,0.010818411216028353,0.010782469699515155,3.5941516513197935e-05
AAL_048,AAL_051,0.011336090437208231,0.011372019303384846,-3.5928866176614116e-05
AAL_018,AAL_086,0.01107488552100447,0.0111108024653149,-3.591694431043062e-05
AAL_050,AAL_023,0.010607817236127125,0.01064373238506743,-3.591514894030548e-05
AAL_005,AAL_018,0.010926295654911898,0.010890393785984434,3.5901868927464345e-05
AAL_046,AAL_031,0.011443021653506618,0.011407123185305974,3.589846820064441e-05
AAL_067,AAL_022,0.010560262791064179,0.01052438231790554,3.588047315863929e-05
AAL_089,AAL_051,0.011688739582737032,0.011724594647698011,-3.585506496097887e-05
AAL_026,AAL_042,0.010764102658463849,0.010728249076763098,3.585358170075069e-05
AAL_064,AAL_031,0.010297667565476945,0.010261830804458178,3.583676101876626e-05
AAL_055,AAL_062,0.010584329650936346,0.010548499891206289,3.582975973005775e-05
AAL_014,AAL_040,0.010802013897058418,0.010837839049733159,-3.582515267474065e-05
AAL_019,AAL_076,0.010692281443546088,0.010656457341209092,3.582410233699679e-05
AAL_010,AAL_059,0.011361648535562886,0.011397461365289043,-3.581282972615722e-05
AAL_037,AAL_027,0.010890842924833808,0.010855034372720765,3.5808552113042805e-05
AAL_042,AAL_006,0.01139333189672066,0.011429136861624108,-3.5804964903447464e-05
AAL_075,AAL_028,0.010553842183584586,0.010518055175784653,3.578700779993324e-05
AAL_013,AAL_070,0.011002989666950371,0.010967220829120345,3.57688378300261e-05
AAL_012,AAL_048,0.010551965520836605,0.010516202853756863,3.5762667079742086e-05
AAL_045,AAL_024,0.010466679490895735,0.010430925246097018,3.575424479871671e-05
AAL_044,AAL_028,0.011279148577004034,0.011243406939724686,3.574163727934794e-05
AAL_057,AAL_083,0.01112848497990869,0.011092750625985285,3.573435392340528e-05
AAL_012,AAL_082,0.01100627509240284,0.011041999856939091,-3.572476453625115e-05
AAL_045,AAL_089,0.01030377077901911,0.010268080512768873,3.5690266250236816e-05
AAL_069,AAL_031,0.011031393465211885,0.010995721573902124,3.567189130976138e-05
AAL_001,AAL_066,0.010597203826356648,0.01056153429140598,3.566953495066742e-05
AAL_044,AAL_076,0.011208675604743453,0.011173017396968292,3.5658207775160836e-05
AAL_012,AAL_069,0.010577048965069091,0.010612695725177122,-3.5646760108030626e-05
AAL_037,AAL_035,0.011020895682721056,0.011056505522642182,-3.560983992112639e-05
AAL_051,AAL_063,0.010325247053709677,0.01036083864431745,-3.559159060777424e-05
AAL_006,AAL_055,0.010856171721656226,0.010891754471375689,-3.5582749719462875e-05
AAL_047,AAL_015,0.010255763577854531,0.010220184841334228,3.557873652030273e-05
AAL_072,AAL_064,0.01144315344759096,0.01147872754938845,-3.55741017974906e-05
AAL_035,AAL_083,0.01166706808253677,0.01170263969092156,-3.557160838479033e-05
AAL_065,AAL_050,0.01040164691507498,0.010437205607168579,-3.5558692093599215e-05
AAL_069,AAL_090,0.011368822638725495,0.01133327467815382,3.554796057167464e-05
AAL_065,AAL_018,0.01025345584210486,0.010288986243381542,-3.553040127668265e-05
AAL_018,AAL_001,0.011529482250364546,0.011493956161750753,3.552608861379265e-05
AAL_048,AAL_039,0.010977251027336614,0.010941730782149299,3.5520245187315586e-05
AAL_051,AAL_075,0.010254210605421383,0.010218690401382246,3.552020403913697e-05
AAL_015,AAL_047,0.01082924967751098,0.01079373191533698,3.5517762173999795e-05
AAL_078,AAL_069,0.011333224413375188,0.011368714811432893,-3.549039805770572e-05
AAL_045,AAL_029,0.010607520235766076,0.0105720345397704,3.548569599567605e-05
AAL_003,AAL_074,0.010589373208439121,0.01055389410462554,3.5479103813580715e-05
AAL_036,AAL_045,0.012381889258360123,0.012346411699304363,3.547755905576079e-05
AAL_001,AAL_007,0.011301186482987216,0.011265709605668821,3.547687731839458e-05
AAL_073,AAL_033,0.011383843472880175,0.011348373044014126,3.5470428866049564e-05
AAL_077,AAL_045,0.010550685796058841,0.010586145699079664,-3.5459903020822886e-05
AAL_076,AAL_050,0.010786643978128703,0.01075119629188004,3.544768624866301e-05
AAL_035,AAL_031,0.012269217238371443,0.012233815590386504,3.540164798493915e-05
AAL_055,AAL_082,0.010549209844798613,0.010584607678777527,-3.539783397891322e-05
AAL_058,AAL_090,0.010718697385512229,0.010683316605687882,3.5380779824347244e-05
AAL_059,AAL_057,0.012022157687232153,0.011986779975739513,3.5377711492640476e-05
AAL_044,AAL_084,0.011084163105752096,0.011048798731276326,3.536437447576937e-05
AAL_032,AAL_031,0.013163611125678588,0.013128247326956345,3.536379872224292e-05
AAL_024,AAL_063,0.01028322978104409,0.010318587180550577,-3.535739950648667e-05
AAL_010,AAL_013,0.011525020568480348,0.011560374265421117,-3.5353696940769105e-05
AAL_075,AAL_067,0.010539215981450856,0.01057456851828261,-3.5352536831755044e-05
AAL_089,AAL_073,0.010835437804587886,0.01087077778692429,-3.5339982336403744e-05
AAL_009,AAL_043,0.010731708144960113,0.010696373669610869,3.5334475349244054e-05
AAL_059,AAL_022,0.010848581373022918,0.010883905090595001,-3.532371757208365e-05
AAL_020,AAL_007,0.011159463552758098,0.01119477376942673,-3.531021666863289e-05
AAL_078,AAL_049,0.011066737544969616,0.011031434746463748,3.5302798505868274e-05
AAL_030,AAL_056,0.010925546590971131,0.010890246664749333,3.5299926221797964e-05
AAL_047,AAL_048,0.012203159976877972,0.012238448742250206,-3.528876537223398e-05
AAL_081,AAL_086,0.011004201683780959,0.010968916058059662,3.5285625721297176e-05
AAL_069,AAL_048,0.011325379791788949,0.011290098401826458,3.528138996249097e-05
AAL_015,AAL_049,0.01083267724308639,0.010797401790786766,3.527545229962438e-05
AAL_019,AAL_066,0.010433250960583488,0.010397987983307383,3.526297727610497e-05
AAL_056,AAL_051,0.011563956301707106,0.011528771206570174,3.5185095136931396e-05
AAL_018,AAL_019,0.011375428159506274,0.011340253168333404,3.517499117287014e-05
AAL_006,AAL_015,0.011307382765106665,0.011342544547714311,-3.516178260764592e-05
AAL_042,AAL_035,0.011371889034222461,0.011407036683233293,-3.5147649010832185e-05
AAL_015,AAL_029,0.011381086764029331,0.011416222805402268,-3.5136041372936175e-05
AAL_018,AAL_039,0.011014824096336324,0.011049929865296218,-3.5105768959894576e-05
AAL_066,AAL_040,0.010752861959159248,0.010787929306569377,-3.5067347410129915e-05
AAL_055,AAL_003,0.010558919601030966,0.010523856952601567,3.506264842939935e-05
AAL_030,AAL_009,0.010803360135780059,0.010838411501135039,-3.505136535498013e-05
AAL_081,AAL_018,0.01194187992801651,0.011906844933538076,3.503499447843339e-05
AAL_034,AAL_012,0.010545588156176556,0.010510553598921588,3.5034557254967624e-05
AAL_020,AAL_046,0.01046553992618544,0.010500566042479008,-3.502611629356729e-05
AAL_063,AAL_071,0.011339037993556669,0.01130401837886785,3.501961468881966e-05
AAL_016,AAL_060,0.010428386085674677,0.010463391763456259,-3.5005677781582006e-05
AAL_086,AAL_083,0.011426873590685746,0.01146186738235705,-3.499379167130369e-05
AAL_016,AAL_034,0.010634585128476223,0.010599592092814428,3.499303566179522e-05
AAL_010,AAL_074,0.011251763426738545,0.011216770825218918,3.4992601519626826e-05
AAL_041,AAL_052,0.0106677972456902,0.010632821113777072,3.497613191312879e-05
AAL_081,AAL_004,0.010307368541805025,0.010342310307542828,-3.4941765737803165e-05
AAL_043,AAL_026,0.01123983441040111,0.011204897104843379,3.493730555773067e-05
AAL_032,AAL_030,0.011421401602908587,0.011456338432213066,-3.4936829304478556e-05
AAL_002,AAL_058,0.011747519481672436,0.011712598974906629,3.4920506765807185e-05
AAL_003,AAL_077,0.0108001401874786,0.010765225591863652,3.491459561494846e-05
AAL_008,AAL_009,0.011788632485888198,0.011753743551394188,3.488893449401023e-05
AAL_072,AAL_047,0.01169592352846685,0.011730776635222784,-3.4853106755933574e-05
AAL_004,AAL_066,0.011367514528509261,0.011402341890756605,-3.4827362247344396e-05
AAL_088,AAL_005,0.010895757251379326,0.01093057924118956,-3.482198981023463e-05
AAL_064,AAL_072,0.010309012164958777,0.010274209068260773,3.480309669800369e-05
AAL_004,AAL_036,0.010683809178204745,0.010649014899863056,3.4794278341689425e-05
AAL_050,AAL_087,0.010852571125102475,0.010817779657932429,3.479146717004673e-05
AAL_043,AAL_090,0.011131619574884191,0.01109683800433247,3.478157055172154e-05
AAL_035,AAL_038,0.011989463602280261,0.011954687988713717,3.4775613566543837e-05
AAL_087,AAL_052,0.01087268046501419,0.010907454289052237,-3.477382403804796e-05
AAL_017,AAL_038,0.010548867010630859,0.01058363218424338,-3.476517361252103e-05
AAL_032,AAL_081,0.010891102142950408,0.010925864893249778,-3.476275029937019e-05
AAL_043,AAL_020,0.011040493704649245,0.01100573103144654,3.476267320270607e-05
AAL_052,AAL_024,0.010468005513151487,0.01043325964195039,3.4745871201096595e-05
AAL_067,AAL_019,0.010991660519861259,0.011026346529129125,-3.4686009267866774e-05
AAL_065,AAL_068,0.011539017956735741,0.01150436195135856,3.465600537718057e-05
AAL_044,AAL_006,0.011185081584108436,0.01115043449305719,3.46470910512469e-05
AAL_003,AAL_007,0.012516580432510147,0.012551202729954466,-3.462229744431895e-05
AAL_041,AAL_046,0.010708240439924292,0.010673619208224211,3.46212317000813e-05
AAL_005,AAL_041,0.011138091381225321,0.011172694791912588,-3.460341068726655e-05
AAL_029,AAL_063,0.011921924314039767,0.011887380257064,3.4544056975767054e-05
AAL_016,AAL_048,0.010442857795721319,0.010408340024278862,3.4517771442456324e-05
AAL_013,AAL_087,0.010856564248251354,0.010822052565904764,3.451168234658991e-05
AAL_047,AAL_053,0.01144830777675996,0.011482770922166242,-3.44631454062827e-05
AAL_034,AAL_075,0.010405228743886845,0.010439669052439352,-3.4440308552506627e-05
AAL_011,AAL_060,0.010774170351015706,0.010739732092297255,3.443825871845066e-05
AAL_004,AAL_072,0.010530614234411564,0.010496181773285268,3.443246112629604e-05
AAL_079,AAL_038,0.011328921864270909,0.011363344812400583,-3.4422948129674696e-05
AAL_017,AAL_016,0.0105029143866661,0.010468501893447587,3.441249321851393e-05
AAL_013,AAL_055,0.011231069604301045,0.011196669912145983,3.4399692155061626e-05
AAL_081,AAL_041,0.011159803730268508,0.011194199427648011,-3.439569737950267e-05
AAL_043,AAL_082,0.011154288065850608,0.011119894935257234,3.439313059337354e-05
AAL_069,AAL_040,0.011339195598012362,0.011304882999796134,3.4312598216228174e-05
AAL_029,AAL_088,0.010518419245878855,0.01055269744524515,-3.427819936629474e-05
AAL_077,AAL_049,0.01048672193279251,0.010452444746018048,3.4277186774463175e-05
AAL_039,AAL_012,0.010262652256518092,0.010296909748657466,-3.4257492139373735e-05
AAL_025,AAL_034,0.010903649762447955,0.010869409711037765,3.424005141018996e-05
AAL_019,AAL_075,0.010947561174089838,0.010913323550935715,3.423762315412325e-05
AAL_041,AAL_047,0.010913242576007023,0.010879009259545774,3.42333164612494e-05
AAL_033,AAL_086,0.010656559967205055,0.010622335410683829,3.422455652122604e-05
AAL_076,AAL_057,0.010933113417739415,0.010967317968606949,-3.4204550867533365e-05
AAL_003,AAL_049,0.010848461721952144,0.010882662389677009,-3.420066772486484e-05
AAL_014,AAL_043,0.010880239693941468,0.010846054019688377,3.418567425309167e-05
AAL_026,AAL_030,0.009979723777590144,0.010013907833519409,-3.4184055929264295e-05
AAL_084,AAL_080,0.010779524233956367,0.010745350181335402,3.417405262096454e-05
AAL_026,AAL_028,0.01250573669353293,0.012471565056971225,3.417163656170563e-05
AAL_087,AAL_028,0.012056693361085067,0.012022541620983528,3.415174010153871e-05
AAL_084,AAL_089,0.01062291201689623,0.010657055310387322,-3.414329349109291e-05
AAL_007,AAL_067,0.011276754914806822,0.011310870461073467,-3.411554626664426e-05
AAL_025,AAL_053,0.01088684077302997,0.010920946042587237,-3.4105269557266685e-05
AAL_042,AAL_066,0.01110171596121648,0.011135819952740858,-3.410399152437883e-05
AAL_085,AAL_019,0.011048712801490711,0.011082804683253872,-3.4091881763160733e-05
AAL_026,AAL_045,0.010616423643759301,0.01058233583637192,3.4087807387381264e-05
AAL_054,AAL_038,0.011180666235522328,0.011146591040340458,3.4075195181870396e-05
AAL_073,AAL_034,0.0111218884260927,0.011087817863258475,3.40705628342243e-05
AAL_060,AAL_069,0.011751340162884602,0.011785387033804622,-3.404687092001951e-05
AAL_041,AAL_029,0.011462043948933227,0.011427999615077641,3.404433385558597e-05
AAL_018,AAL_042,0.011525432145398142,0.011491388937564701,3.4043207833440656e-05
AAL_005,AAL_047,0.010981813041318176,0.011015852065132954,-3.403902381477787e-05
AAL_003,AAL_039,0.010734370199199289,0.010700376011042973,3.399418815631591e-05
AAL_053,AAL_012,0.011453892152087811,0.011419905296459832,3.3986855627979665e-05
AAL_089,AAL_047,0.011135143960197257,0.011169124350746719,-3.398039054946199e-05
AAL_026,AAL_064,0.009823540637556177,0.009857509275967666,-3.3968638411489144e-05
AAL_032,AAL_071,0.01148136772422327,0.011447404649931355,3.3963074291914336e-05
AAL_043,AAL_084,0.010985630210170634,0.01095166814654474,3.396206362589471e-05
AAL_028,AAL_039,0.011374719365316832,0.011408658945475412,-3.3939580158579355e-05
AAL_063,AAL_087,0.010968780578870295,0.010934850924345606,3.392965452468817e-05
AAL_036,AAL_058,0.011332346986119565,0.011366256272360202,-3.3909286240637465e-05
AAL_003,AAL_070,0.010904851431249935,0.010938743376646829,-3.3891945396893886e-05
AAL_062,AAL_042,0.010668079918011641,0.010634192667679662,3.388725033197891e-05
AAL_035,AAL_001,0.01110723440368206,0.01114111576488163,-3.388136119956975e-05
AAL_043,AAL_063,0.01089865223178242,0.010932515225102824,-3.386299332040418e-05
AAL_017,AAL_080,0.012017680351964684,0.011983820117048679,3.386023491600519e-05
AAL_027,AAL_054,0.010926301957259322,0.010960132038456482,-3.3830081197160425e-05
AAL_063,AAL_036,0.01089892115515585,0.010865091725204038,3.3829429951812845e-05
AAL_070,AAL_019,0.011224216690016353,0.011190394341723794,3.382234829255905e-05
AAL_062,AAL_034,0.010942574061103102,0.01097638498085826,-3.381091975515789e-05
AAL_002,AAL_020,0.01162618593686921,0.011592376808504164,3.380912836504525e-05
AAL_044,AAL_056,0.012582648479833435,0.012548879188746583,3.3769291086852005e-05
AAL_066,AAL_017,0.01012469253813227,0.010158433821560727,-3.374128342845638e-05
AAL_051,AAL_040,0.010492999176295776,0.010459273561336118,3.3725614959657924e-05
AAL_070,AAL_032,0.010524357141704004,0.010558078183374245,-3.372104167024062e-05
AAL_003,AAL_053,0.010657669198261494,0.010691388182009272,-3.371898374777797e-05
AAL_069,AAL_065,0.011102298322396401,0.01106858001813921,3.371830425719091e-05
AAL_048,AAL_031,0.010620124423160003,0.010586413215134044,3.371120802595981e-05
AAL_035,AAL_013,0.011515871173917102,0.011549578993477241,-3.370781956013938e-05
AAL_053,AAL_006,0.011315548999441994,0.011281844489646165,3.3704509795829535e-05
AAL_040,AAL_035,0.011802270355769712,0.011768567558405713,3.370279736399952e-05
AAL_075,AAL_050,0.010537733506952595,0.010571434037764522,-3.3700530811926754e-05
AAL_088,AAL_052,0.010903201905739868,0.010936900092838863,-3.369818709899469e-05
AAL_006,AAL_070,0.010950979432409517,0.010917314298210605,3.366513419891283e-05
AAL_032,AAL_069,0.01052479008332086,0.01055844728754043,-3.365720421956951e-05
AAL_017,AAL_086,0.01060913802864842,0.010642794390710501,-3.365636206208167e-05
AAL_084,AAL_062,0.010601340649792781,0.010567688057314669,3.3652592478112045e-05
AAL_041,AAL_033,0.011036651662718028,0.01100300125102917,3.3650411688858003e-05
AAL_012,AAL_038,0.010574018324000968,0.010607656035988266,-3.3637711987298535e-05
AAL_059,AAL_049,0.01246324677267072,0.012429620548343245,3.362622432747514e-05
AAL_060,AAL_009,0.011004310147040803,0.01097069790693134,3.36122401094624e-05
AAL_013,AAL_086,0.010764244625456313,0.010797845192771247,-3.360056731493456e-05
AAL_027,AAL_004,0.011135378329115164,0.011168970724119442,-3.359239500427824e-05
AAL_008,AAL_052,0.011140511315475162,0.011106924530553166,3.3586784921995835e-05
AAL_059,AAL_023,0.010851367307094555,0.010817789234609226,3.3578072485329624e-05
AAL_076,AAL_053,0.010904256039513992,0.01087068773288437,3.356830662962218e-05
AAL_047,AAL_021,0.010443477825715374,0.010477046054734781,-3.356822901940705e-05
AAL_081,AAL_051,0.01049087673592835,0.010457313381523708,3.3563354404641393e-05
AAL_002,AAL_028,0.010180271314218258,0.010213833785253038,-3.356247103477976e-05
AAL_050,AAL_066,0.011271312215930631,0.01130487365421675,-3.3561438286118864e-05
AAL_080,AAL_022,0.010643385115883544,0.010676942610877472,-3.355749499392782e-05
AAL_020,AAL_062,0.010965498331456613,0.010931946057595184,3.3552273861429255e-05
AAL_073,AAL_006,0.010108761561031524,0.0100752137296327,3.3547831398824876e-05
AAL_075,AAL_056,0.01064960033688535,0.010683140294538538,-3.3539957653188485e-05
AAL_082,AAL_048,0.01055452139236224,0.010588045689570844,-3.352429720860327e-05
AAL_060,AAL_047,0.01144861263764274,0.011415093275198422,3.351936244431683e-05
AAL_059,AAL_006,0.011181922149884269,0.011148404856917284,3.3517292966984275e-05
AAL_026,AAL_056,0.01064413731209297,0.010677648615785332,-3.351130369236288e-05
AAL_028,AAL_058,0.010671887510957627,0.01070539549769598,-3.350798673835281e-05
AAL_025,AAL_057,0.010856991938243691,0.010823498419936626,3.349351830706469e-05
AAL_021,AAL_023,0.011379789773963837,0.011413273919216604,-3.34841452527667e-05
AAL_006,AAL_029,0.01040462169668868,0.010438099311706297,-3.34776150176172e-05
AAL_018,AAL_060,0.011508206777179088,0.011474763043224812,3.344373395427688e-05
AAL_062,AAL_009,0.011076652757329946,0.011110093823585557,-3.3441066255610746e-05
AAL_009,AAL_052,0.010835033988691548,0.010801610892763356,3.342309592819191e-05
AAL_073,AAL_089,0.010068177587838255,0.010101593041760159,-3.341545392190372e-05
AAL_031,AAL_034,0.011540193618155824,0.011506779426731928,3.341419142389654e-05
AAL_073,AAL_026,0.009927672349935414,0.009961057595317032,-3.338524538161816e-05
AAL_055,AAL_034,0.010317164423485469,0.010283781901907832,3.3382521577637186e-05
AAL_006,AAL_050,0.010805765891240703,0.010772422482964419,3.334340827628422e-05
AAL_070,AAL_049,0.010992768055433009,0.010959425166933323,3.3342888499685724e-05
AAL_033,AAL_047,0.010780232608254649,0.010813574276624187,-3.3341668369537766e-05
AAL_046,AAL_051,0.012069112997358808,0.0121024543091322,-3.334131177339106e-05
AAL_048,AAL_053,0.011270309571558848,0.011303633292004577,-3.332372044572915e-05
AAL_051,AAL_019,0.010396062225326259,0.010429343585359399,-3.328136003314004e-05
AAL_037,AAL_025,0.010926307915335791,0.010893040130991793,3.3267784343997756e-05
AAL_038,AAL_069,0.01081105399852953,0.010844318353323723,-3.326435479419389e-05
AAL_062,AAL_007,0.011148562905593561,0.011115307568413004,3.3255337180557176e-05
AAL_016,AAL_064,0.010410331338882828,0.010443572019672867,-3.324068079003928e-05
AAL_031,AAL_047,0.010601334365355408,0.010634571512601807,-3.32371472463993e-05
AAL_088,AAL_048,0.010981469992229827,0.011014696943201587,-3.3226950971760455e-05
AAL_021,AAL_080,0.010823817330643408,0.010790609421841707,3.3207908801700936e-05
AAL_049,AAL_004,0.010854308809846258,0.01088750479793726,-3.319598809100287e-05
AAL_046,AAL_012,0.011196194381779458,0.01116300436665787,3.319001512158866e-05
AAL_061,AAL_072,0.010737281794158312,0.010770438176582084,-3.315638242377267e-05
AAL_024,AAL_070,0.011072024104034161,0.011105165770624027,-3.3141666589865323e-05
AAL_043,AAL_072,0.011128087937991079,0.01109494830229812,3.3139635692959815e-05
AAL_080,AAL_085,0.010569900278256744,0.010603037722889454,-3.3137444632709914e-05
AAL_090,AAL_053,0.011452254877051609,0.011419118934359504,3.313594269210504e-05
AAL_006,AAL_081,0.010622151888524875,0.01058901927524036,3.313261328451514e-05
AAL_063,AAL_076,0.011368753784535151,0.011401859796132254,-3.3106011597103246e-05
AAL_002,AAL_023,0.010089802430369534,0.010122903384656528,-3.310095428699436e-05
AAL_024,AAL_090,0.01123639351576885,0.011269492120308705,-3.309860453985444e-05
AAL_010,AAL_002,0.011367017082854087,0.011400089425869083,-3.3072343014996924e-05
AAL_089,AAL_087,0.012577076675370336,0.012610135502909904,-3.305882753956886e-05
AAL_061,AAL_042,0.010994429839376966,0.010961403284526937,3.3026554850029005e-05
AAL_042,AAL_008,0.01117410563911574,0.011141079355484203,3.3026283631536896e-05
AAL_086,AAL_007,0.010917288527831946,0.010884266050888351,3.30224769435946e-05
AAL_019,AAL_009,0.010907022873512827,0.01087401236035392,3.301051315890771e-05
AAL_060,AAL_065,0.010468774795548147,0.010501757516033449,-3.298272048530247e-05
AAL_081,AAL_023,0.010143717253405569,0.010176698788168561,-3.2981534762992204e-05
AAL_026,AAL_019,0.010389723178222138,0.010356754478224307,3.296869999783181e-05
AAL_026,AAL_052,0.010520831138516465,0.010553792109782287,-3.296097126582152e-05
AAL_021,AAL_006,0.011824755893590359,0.011791796485891117,3.2959407699241494e-05
AAL_015,AAL_033,0.010694945953452053,0.010662015312566208,3.293064088584485e-05
AAL_004,AAL_061,0.010317816399037838,0.010350724245437766,-3.2907846399928e-05
AAL_029,AAL_064,0.011554932838671992,0.011522060650731287,3.287218794070443e-05
AAL_089,AAL_034,0.011122029390122391,0.01108918205670846,3.2847333413930924e-05
AAL_001,AAL_088,0.010418716666853836,0.010385887898393807,3.282876846002862e-05
AAL_073,AAL_024,0.009977849608319055,0.010010676714996102,-3.2827106677046566e-05
AAL_053,AAL_072,0.011209988090981785,0.011242812044142049,-3.282395316026379e-05
AAL_018,AAL_011,0.011503980475135593,0.011471160659774509,3.281981536108411e-05
AAL_073,AAL_039,0.010478258851326557,0.010511076711025783,-3.281785969922596e-05
AAL_020,AAL_055,0.01041113941046672,0.010378359470322321,3.277994014439824e-05
AAL_011,AAL_028,0.010766299097185843,0.010799075291947307,-3.2776194761463887e-05
AAL_061,AAL_020,0.011359310677099941,0.011326558261684537,3.275241541540394e-05
AAL_001,AAL_045,0.010449828731262276,0.01048257077117416,-3.274203991188336e-05
AAL_074,AAL_087,0.010728167208771292,0.010760890583394479,-3.2723374623186766e-05
AAL_064,AAL_068,0.010165425930888606,0.01019813527789882,-3.2709347010214523e-05
AAL_061,AAL_010,0.011487348331536492,0.011520056664093257,-3.270833255676446e-05
AAL_083,AAL_034,0.011805677424288459,0.011838379239769787,-3.270181548132786e-05
AAL_066,AAL_028,0.010919827082329709,0.010952525947788365,-3.269886545865554e-05
AAL_039,AAL_010,0.010444249854319625,0.0104769249989769,-3.267514465727511e-05
AAL_058,AAL_055,0.010645534733756103,0.01061294002287441,3.2594710881692426e-05
AAL_056,AAL_039,0.011327129991677327,0.011359700889190284,-3.257089751295718e-05
AAL_048,AAL_070,0.010933209664355487,0.010900639046085236,3.2570618270250096e-05
AAL_056,AAL_060,0.011198198741190454,0.01116563018328203,3.25685579084245e-05
AAL_048,AAL_021,0.010728026716372905,0.010695464333644131,3.256238272877389e-05
AAL_032,AAL_033,0.011156203555595925,0.011188764772181475,-3.256121658555024e-05
AAL_056,AAL_027,0.010609052860392975,0.010641608812451067,-3.255595205809217e-05
AAL_062,AAL_040,0.010589978462642329,0.010557423747854108,3.255471478822054e-05
AAL_050,AAL_063,0.011139047236587757,0.011106502012841902,3.254522374585532e-05
AAL_021,AAL_042,0.011508419606277449,0.011475885397853982,3.2534208423466715e-05
AAL_072,AAL_004,0.012135053069418313,0.012102520107187644,3.2532962230668455e-05
AAL_036,AAL_029,0.011274206889872877,0.011241677651648635,3.252923822424231e-05
AAL_057,AAL_039,0.011142919651972942,0.01111039233673595,3.252731523699197e-05
AAL_086,AAL_048,0.011089795131761676,0.011122314677696222,-3.2519545934545785e-05
AAL_073,AAL_002,0.01077425422775758,0.010741736862355515,3.251736540206551e-05
AAL_041,AAL_043,0.010788401841528268,0.010755889376546845,3.251246498142332e-05
AAL_079,AAL_023,0.010965649040543243,0.010998119812726826,-3.247077218358242e-05
AAL_037,AAL_010,0.010551127272809291,0.010518676605972256,3.245066683703508e-05
AAL_048,AAL_041,0.010832420619936962,0.010799982917793188,3.243770214377342e-05
AAL_001,AAL_084,0.010559160365826555,0.010591595935133787,-3.243556930723236e-05
AAL_075,AAL_027,0.010590252372969547,0.010557836090346277,3.241628262327066e-05
AAL_090,AAL_033,0.010293769425290644,0.01026135677744452,3.241264784612473e-05
AAL_028,AAL_036,0.011058192121056028,0.01102580479057344,3.238733048258752e-05
AAL_057,AAL_048,0.01114036286703478,0.011172744503277111,-3.238163624233112e-05
AAL_075,AAL_018,0.011462237343637861,0.011494599016979521,-3.2361673341660055e-05
AAL_007,AAL_039,0.010630644680772964,0.010662995121689056,-3.2350440916092266e-05
AAL_009,AAL_035,0.011142438601973092,0.011110089901862458,3.234870011063415e-05
AAL_042,AAL_021,0.011882617357226774,0.011914948050034402,-3.233069280762779e-05
AAL_015,AAL_068,0.010820106933546117,0.010787776793831631,3.2330139714485326e-05
AAL_039,AAL_024,0.010881052700739004,0.01084872288513864,3.232981560036437e-05
AAL_060,AAL_081,0.011248028001342064,0.011215707668503076,3.2320332838987886e-05
AAL_064,AAL_043,0.01034971907074189,0.010317417418598093,3.23016521437975e-05
AAL_056,AAL_085,0.01064290896925725,0.010675181313498736,-3.227234424148587e-05
AAL_061,AAL_048,0.010733379476950465,0.010765638736263843,-3.225925931337782e-05
AAL_061,AAL_075,0.011207523437328318,0.011175299557873393,3.222387945492518e-05
AAL_001,AAL_037,0.010506344740239218,0.01053856333796277,-3.2218597723551734e-05
AAL_011,AAL_012,0.011982799143506547,0.011950629370439584,3.216977306696317e-05
AAL_074,AAL_047,0.010819835556495903,0.010852002097344576,-3.216654084867328e-05
AAL_044,AAL_063,0.010988670019194102,0.011020833795090616,-3.216377589651369e-05
AAL_074,AAL_026,0.010697080705983516,0.01066492303799163,3.2157667991885436e-05
AAL_068,AAL_030,0.010189441376978643,0.01022159428365769,-3.215290667904665e-05
AAL_048,AAL_076,0.01064369754674725,0.010675837375944661,-3.213982919741086e-05
AAL_074,AAL_043,0.010825427456034554,0.010793288850754722,3.2138605279832463e-05
AAL_048,AAL_037,0.011025501801194543,0.010993378174493538,3.212362670100555e-05
AAL_069,AAL_084,0.01130268612725294,0.011334806230039365,-3.212010278642527e-05
AAL_018,AAL_048,0.011054028303195268,0.01108613558732916,-3.210728413389173e-05
AAL_057,AAL_005,0.010777467543370703,0.010745386149336771,3.2081394033931995e-05
AAL_077,AAL_050,0.010483463577384878,0.010515530783193136,-3.2067205808257795e-05
AAL_002,AAL_021,0.010200417202571008,0.010168357426416193,3.205977615481498e-05
AAL_073,AAL_017,0.01180291927865364,0.0117708763324889,3.2042946164739794e-05
AAL_059,AAL_028,0.011008664149727322,0.010976644022570502,3.2020127156820455e-05
AAL_072,AAL_060,0.011447792739456153,0.011479802318749297,-3.2009579293144214e-05
AAL_013,AAL_067,0.010803136642242217,0.010771159140425491,3.197750181672607e-05
AAL_029,AAL_013,0.011337787591509966,0.01136974977195337,-3.196218044340324e-05
AAL_008,AAL_067,0.011357664783349913,0.011325709743623994,3.195503972591891e-05
AAL_038,AAL_084,0.011127047903405933,0.011158987847399476,-3.193994399354298e-05
AAL_039,AAL_082,0.010640293276176238,0.01067223312984921,-3.193985367297078e-05
AAL_068,AAL_015,0.010531654674957832,0.010499738041246796,3.191663371103666e-05
AAL_084,AAL_014,0.011000505149061991,0.010968595495905089,3.190965315690193e-05
AAL_054,AAL_003,0.010765729209360404,0.010733844231693976,3.18849776664281e-05
AAL_006,AAL_066,0.01170072118496984,0.011668842972230822,3.187821273901818e-05
AAL_084,AAL_033,0.010802756463631224,0.010770925799056554,3.1830664574669654e-05
AAL_029,AAL_086,0.01071848258232841,0.010686654091417494,3.182849091091719e-05
AAL_048,AAL_090,0.011012527432977261,0.010980702541472747,3.182489150451405e-05
AAL_053,AAL_087,0.011368526217456047,0.011400348467581325,-3.182225012527892e-05
AAL_051,AAL_010,0.010331034771779664,0.010299215814278971,3.1818957500692746e-05
AAL_090,AAL_009,0.0106171552473918,0.01064897379225522,-3.181854486342117e-05
AAL_037,AAL_064,0.010801457316399766,0.010769649339428462,3.180797697130422e-05
AAL_030,AAL_055,0.010719903155715547,0.010751711003593269,-3.1807847877721174e-05
AAL_042,AAL_071,0.011743750212252395,0.01177552590844575,-3.1775696193354214e-05
AAL_044,AAL_075,0.011116878412122656,0.011085103520148297,3.1774891974358996e-05
AAL_020,AAL_028,0.01028336131443771,0.010315121137641057,-3.175982320334676e-05
AAL_042,AAL_033,0.011491420983265225,0.01145966437231592,3.175661094930414e-05
AAL_025,AAL_075,0.010886957476902595,0.01085520201309517,3.175546380742439e-05
AAL_049,AAL_024,0.010676092675162686,0.01070782727568824,-3.173460052555317e-05
AAL_015,AAL_053,0.011031986572421514,0.011063707098087513,-3.172052566599928e-05
AAL_042,AAL_007,0.011022834320210366,0.010991126000788757,3.170831942160904e-05
AAL_051,AAL_035,0.010517384902709443,0.010549091500583713,-3.1706597874270326e-05
AAL_023,AAL_058,0.011005714030251799,0.010974024501039875,3.168952921192396e-05
AAL_082,AAL_060,0.010633867568312546,0.010602193466265208,3.1674102047338226e-05
AAL_068,AAL_043,0.011179461892152954,0.011147810656937861,3.165123521509279e-05
AAL_034,AAL_033,0.011498909015765684,0.011530557307634253,-3.1648291868569683e-05
AAL_030,AAL_060,0.010946609740519626,0.010978250514725153,-3.164077420552726e-05
AAL_038,AAL_080,0.01104736482947428,0.011078993017986306,-3.162818851202599e-05
AAL_013,AAL_023,0.011396569488410894,0.011428183138777245,-3.161365036635083e-05
AAL_014,AAL_046,0.010817894988701258,0.010849484492084081,-3.158950338282354e-05
AAL_003,AAL_010,0.011079318493079299,0.011110901603794127,-3.158311071482789e-05
AAL_075,AAL_015,0.010821913026719011,0.010790344859212268,3.1568167506743766e-05
AAL_060,AAL_029,0.010967842685297513,0.010936303385452508,3.1539299845005295e-05
AAL_075,AAL_052,0.010555154188241586,0.010523616766127257,3.1537422114329486e-05
AAL_002,AAL_050,0.010884307209466003,0.010852777463829991,3.1529745636011894e-05
AAL_070,AAL_029,0.01074265942383462,0.010774186553512111,-3.152712967749091e-05
AAL_003,AAL_036,0.011106567443388268,0.011138085433034683,-3.151798964641517e-05
AAL_013,AAL_082,0.010976583754611958,0.010945066291996031,3.151746261592647e-05
AAL_030,AAL_057,0.011081880539592005,0.011113393171309093,-3.151263171708753e-05
AAL_068,AAL_079,0.010406423913330859,0.010374914884807603,3.150902852325568e-05
AAL_059,AAL_083,0.010960465541873604,0.010928967711111305,3.149783076229935e-05
AAL_050,AAL_027,0.010788294912562666,0.01081976204389526,-3.1467131332594406e-05
AAL_019,AAL_090,0.010582455533405399,0.010551020856623171,3.1434676782227805e-05
AAL_042,AAL_012,0.011286270281331789,0.011317699371141476,-3.142908980968695e-05
AAL_064,AAL_089,0.010087268243933845,0.01005591545716187,3.135278677197581e-05
AAL_067,AAL_021,0.010653819604259398,0.010622515913940245,3.130369031915242e-05
AAL_014,AAL_053,0.011246341336359326,0.011215049828918045,3.1291507441280966e-05
AAL_002,AAL_079,0.010707951445355374,0.010676668755821052,3.128268953432253e-05
AAL_038,AAL_035,0.01127486265041571,0.011243580632540339,3.128201787537012e-05
AAL_067,AAL_082,0.010703837640312875,0.010735080099061465,-3.124245874859023e-05
AAL_046,AAL_054,0.011726809685460778,0.011758021552753508,-3.121186729273043e-05
AAL_011,AAL_074,0.010974428592584072,0.010943231080420704,3.119751216336744e-05
AAL_014,AAL_044,0.01085866811987745,0.01082748001575396,3.118810412349078e-05
AAL_073,AAL_059,0.010467202468321491,0.010498379500439534,-3.117703211804289e-05
AAL_082,AAL_019,0.01048943229441523,0.010520586626091163,-3.11543316759335e-05
AAL_007,AAL_021,0.01076888085072303,0.010800023889053548,-3.1143038330518416e-05
AAL_006,AAL_072,0.011397055955205718,0.011365913608049045,3.114234715667283e-05
AAL_069,AAL_022,0.011169752864262614,0.01120089061521271,-3.1137750950096035e-05
AAL_054,AAL_022,0.010891880509722182,0.010923012464813352,-3.113195509116956e-05
AAL_053,AAL_045,0.011727395431640057,0.011696275848220507,3.111958341955011e-05
AAL_072,AAL_089,0.011815520544719493,0.01184663048970788,-3.110994498838754e-05
AAL_023,AAL_072,0.011317853577052936,0.011286748376751213,3.1105200301723146e-05
AAL_067,AAL_015,0.01038277790380212,0.01035168383353697,3.1094070265148474e-05
AAL_004,AAL_075,0.010259403775517758,0.010228311326400962,3.109244911679576e-05
AAL_062,AAL_019,0.010879541444791179,0.010848450356581371,3.1091088209807966e-05
AAL_057,AAL_052,0.011162537295355374,0.011131452627609445,3.108466774592866e-05
AAL_033,AAL_009,0.010392525074127903,0.010423601440918948,-3.1076366791045126e-05
AAL_021,AAL_045,0.010900646587435761,0.010931707017364041,-3.10604299282799e-05
AAL_001,AAL_014,0.010980440182292946,0.010949387353736325,3.1052828556621045e-05
AAL_003,AAL_075,0.010618053012503645,0.010587006086303342,3.104692620030207e-05
AAL_073,AAL_037,0.011109797950658916,0.011078761488421088,3.1036462237827786e-05
AAL_073,AAL_044,0.010379159719579749,0.01041019548923147,-3.1035769651721265e-05
AAL_032,AAL_046,0.011268316760149777,0.011299326743181822,-3.10099830320449e-05
AAL_018,AAL_016,0.011052215123612784,0.01102120566318186,3.1009460430924535e-05
AAL_083,AAL_088,0.012941203993530227,0.012972213304774933,-3.10093112447056e-05
AAL_027,AAL_044,0.01077914890498878,0.010810154728203198,-3.100582321441739e-05
AAL_064,AAL_088,0.010213666233337589,0.010244642428258809,-3.097619492122006e-05
AAL_065,AAL_082,0.010374450695931785,0.010405424716547316,-3.0974020615531436e-05
AAL_056,AAL_064,0.010656570321203679,0.010625607188485988,3.0963132717691175e-05
AAL_074,AAL_090,0.010728797929074902,0.010759756387333863,-3.095845825896136e-05
AAL_025,AAL_019,0.010946330598467944,0.010977284747081123,-3.095414861317876e-05
AAL_026,AAL_059,0.010175011130686626,0.010144060260382835,3.0950870303790914e-05
AAL_051,AAL_061,0.01060762477075506,0.01063856965730489,-3.094488654982984e-05
AAL_011,AAL_055,0.01102796504393411,0.011058901503645161,-3.093645971105098e-05
AAL_049,AAL_037,0.010999773764330098,0.01096886161382012,3.091215050997874e-05
AAL_060,AAL_023,0.010422100502058353,0.010391213644582491,3.088685747586195e-05
AAL_043,AAL_080,0.011129052225006824,0.011098172675087937,3.0879549918887486e-05
AAL_034,AAL_006,0.010133107604745489,0.010102234302416777,3.087330232871138e-05
AAL_053,AAL_044,0.011727128766922869,0.011758001324796943,-3.087255787407456e-05
AAL_059,AAL_004,0.011095823533037025,0.011126688570616114,-3.086503757908886e-05
AAL_078,AAL_067,0.011331470675257027,0.011362315132455997,-3.084445719897001e-05
AAL_050,AAL_053,0.01197475452437742,0.01194393686561963,3.081765875779033e-05
AAL_036,AAL_053,0.011520307530991288,0.011489501800711633,3.0805730279654525e-05
AAL_075,AAL_068,0.01035507048209572,0.010385874991603289,-3.0804509507568675e-05
AAL_046,AAL_058,0.011177762240394313,0.011146959631470386,3.080260892392682e-05
AAL_061,AAL_043,0.010719409327890374,0.010750181372127226,-3.077204423685212e-05
AAL_037,AAL_047,0.011082047053302327,0.011112797002379712,-3.0749949077384445e-05
AAL_019,AAL_023,0.01127009160625629,0.011300839074695524,-3.074746843923469e-05
AAL_022,AAL_064,0.010518881076405574,0.010488144679008878,3.073639739669537e-05
AAL_053,AAL_022,0.011236703488975763,0.011267421425091422,-3.07179361156585e-05
AAL_058,AAL_046,0.010526016937632464,0.01049530221190923,3.0714725723234373e-05
AAL_083,AAL_054,0.011865724294056367,0.01189642428436661,-3.069999031024215e-05
AAL_065,AAL_013,0.011367273763713673,0.011336574370212502,3.0699393501171235e-05
AAL_053,AAL_009,0.011452713658889899,0.011422015188109343,3.069847078055604e-05
AAL_030,AAL_066,0.010656154135433145,0.01068684635522126,-3.069221978811536e-05
AAL_022,AAL_083,0.011261619360815002,0.01123094719097425,3.067216984075152e-05
AAL_047,AAL_069,0.010476129927521205,0.01044546541464388,3.066451287732537e-05
AAL_013,AAL_007,0.012251640218270257,0.012220987354499974,3.0652863770283534e-05
AAL_072,AAL_059,0.011326242580564104,0.011356894033163712,-3.065145259960843e-05
AAL_077,AAL_065,0.010634605928013722,0.010604008722578917,3.059720543480485e-05
AAL_030,AAL_059,0.010707492973957943,0.010738082438078767,-3.0589464120824375e-05
AAL_048,AAL_057,0.010722252840781186,0.010752839849748771,-3.058700896758568e-05
AAL_034,AAL_023,0.010314562580842748,0.010345132510748601,-3.0569929905853097e-05
AAL_071,AAL_060,0.010728721158642672,0.010759276083714466,-3.055492507179382e-05
AAL_054,AAL_087,0.011103769696643975,0.011073233568971566,3.0536127672408514e-05
AAL_021,AAL_018,0.010672230215775024,0.010641694216811036,3.0535998963987857e-05
AAL_004,AAL_028,0.010822185953983512,0.01079171597865172,3.0469975331791008e-05
AAL_019,AAL_037,0.010449957255767578,0.010419491701586075,3.0465554181503124e-05
AAL_001,AAL_029,0.010925466799710551,0.01089500670295865,3.0460096751901145e-05
AAL_075,AAL_080,0.011415062135913305,0.011384631292178081,3.0430843735223742e-05
AAL_083,AAL_029,0.01243973326168827,0.012470154080160943,-3.042081847267307e-05
AAL_002,AAL_041,0.01052078572062091,0.010490384847203053,3.0400873417857008e-05
AAL_072,AAL_052,0.01165217568134714,0.011682572612820873,-3.0396931473733457e-05
AAL_007,AAL_052,0.01065886147821752,0.010689247466586808,-3.0385988369288283e-05
AAL_005,AAL_016,0.011961903490731094,0.011992285633575236,-3.0382142844141702e-05
AAL_017,AAL_049,0.010477268453448629,0.010507636652709386,-3.0368199260756568e-05
AAL_031,AAL_035,0.011344170954046596,0.0113138251385603,3.0345815486295877e-05
AAL_025,AAL_070,0.011052385788474582,0.011022059632830377,3.032615564420478e-05
AAL_041,AAL_056,0.011122758315207485,0.011153083916282091,-3.0325601074606204e-05
AAL_070,AAL_065,0.01080737555694058,0.010777069080075615,3.030647686496496e-05
AAL_083,AAL_082,0.012009318977689896,0.011979012759333066,3.0306218356829923e-05
AAL_082,AAL_085,0.010815933488038743,0.010785643473526384,3.0290014512358854e-05
AAL_054,AAL_089,0.010946620599979646,0.010916330895522984,3.028970445666246e-05
AAL_065,AAL_032,0.011427447331161836,0.011397166586672846,3.028074448899014e-05
AAL_043,AAL_034,0.011084609812237004,0.011114885713951316,-3.027590171431234e-05
AAL_046,AAL_017,0.010978655077708073,0.010948381287325405,3.02737903826681e-05
AAL_029,AAL_004,0.010407167546546612,0.010376918700433547,3.024884611306511e-05
AAL_088,AAL_024,0.01180482923419366,0.011774627508008598,3.020172618506227e-05
AAL_049,AAL_076,0.010778272249855293,0.010748094717322597,3.0177532532696047e-05
AAL_048,AAL_049,0.011660637700150156,0.01169079660713007,-3.0158906979913663e-05
AAL_082,AAL_028,0.010090086069833646,0.010120242954261841,-3.0156884428195543e-05
AAL_025,AAL_049,0.010872081606688663,0.010902235926898478,-3.015432020981451e-05
AAL_028,AAL_071,0.010835198046735082,0.010805047038600551,3.0151008134530338e-05
AAL_070,AAL_083,0.010914755453809332,0.010884620038972746,3.01354148365858e-05
AAL_015,AAL_032,0.01118918726196847,0.011219319101728074,-3.0131839759604817e-05
AAL_035,AAL_011,0.011478500894437998,0.011508626008299976,-3.0125113861977776e-05
AAL_019,AAL_004,0.011272661549110826,0.01130276199005008,-3.0100440939253778e-05
AAL_089,AAL_011,0.011755784468040762,0.01172570159275168,3.0082875289083252e-05
AAL_068,AAL_041,0.010688890161740983,0.010658808752764986,3.0081408975996676e-05
AAL_045,AAL_025,0.01067620008172961,0.010706256079041484,-3.0055997311874763e-05
AAL_017,AAL_010,0.01044863116585164,0.010478682268327726,-3.0051102476086333e-05
AAL_073,AAL_060,0.010492939919901963,0.010522975644129086,-3.0035724227122154e-05
AAL_061,AAL_019,0.01167172671128542,0.01164170073128072,3.002598000470015e-05
AAL_042,AAL_072,0.011813304659663739,0.011843300900576871,-2.999624091313234e-05
AAL_011,AAL_079,0.01103671312204793,0.011006734853901579,2.997826814635056e-05
AAL_029,AAL_089,0.010361598301121695,0.010391564043724063,-2.996574260236834e-05
AAL_012,AAL_053,0.010803746258537484,0.01077382245953784,2.9923798999643633e-05
AAL_087,AAL_061,0.010603551987685964,0.01057362983063344,2.99221570525237e-05
AAL_046,AAL_015,0.01077131705923786,0.010741396363427119,2.992069581074161e-05
AAL_059,AAL_051,0.0119106507099942,0.011880737618443835,2.9913091550365714e-05
AAL_074,AAL_002,0.01117305838678064,0.011143170835602815,2.9887551177824878e-05
AAL_020,AAL_080,0.01096686154890519,0.01093697537513214,2.988617377304957e-05
AAL_077,AAL_064,0.0109381940928248,0.010968072739690912,-2.9878646866111566e-05
AAL_016,AAL_020,0.01071395707101776,0.010743832090874168,-2.9875019856406837e-05
AAL_032,AAL_065,0.011613479735823268,0.01158361372632661,2.9866009496658588e-05
AAL_060,AAL_038,0.010958831229955595,0.010928969176268902,2.9862053686692536e-05
AAL_006,AAL_079,0.01067217204791422,0.010702012379471186,-2.9840331556965638e-05
AAL_061,AAL_084,0.010990646498628024,0.01096080803074331,2.9838467884714392e-05
AAL_063,AAL_088,0.0109815862801913,0.011011418294873338,-2.9832014682037306e-05
AAL_004,AAL_011,0.010296635307833297,0.010266815753602804,2.981955423049347e-05
AAL_003,AAL_019,0.011727930410788992,0.011757746103124939,-2.981569233594626e-05
AAL_002,AAL_010,0.010758170010283208,0.0107283983864907,2.977162379250685e-05
AAL_029,AAL_046,0.010426556444766685,0.010456327478362077,-2.977103359539171e-05
AAL_062,AAL_005,0.010911485528509714,0.010941256332227374,-2.9770803717660277e-05
AAL_027,AAL_057,0.010853853653797992,0.010824083336732968,2.9770317065023685e-05
AAL_056,AAL_016,0.01057453784478717,0.010604306981522156,-2.976913673498685e-05
AAL_024,AAL_073,0.010406149250781562,0.010435917509474766,-2.9768258693203473e-05
AAL_044,AAL_008,0.011193628510476178,0.011163874989185972,2.9753521290205864e-05
AAL_061,AAL_039,0.010954900089508066,0.010925170665066089,2.9729424441977265e-05
AAL_024,AAL_066,0.01160666510526441,0.011576937691819283,2.9727413445127318e-05
AAL_034,AAL_078,0.010655701401221573,0.010685400739219733,-2.969933799816006e-05
AAL_004,AAL_042,0.010226380925737003,0.010256071792217549,-2.969086648054592e-05
AAL_074,AAL_038,0.011283141503142368,0.011253460497588437,2.968100555393073e-05
AAL_060,AAL_036,0.010999922718231877,0.011029594221958896,-2.967150372701864e-05
AAL_046,AAL_030,0.01105278573381022,0.011023123443551898,2.966229025832233e-05
AAL_024,AAL_079,0.010710989783764778,0.010681331377226868,2.9658406537909354e-05
AAL_051,AAL_039,0.010586534272560962,0.010556887514038802,2.9646758522159505e-05
AAL_029,AAL_024,0.01037386453583136,0.010403510171541062,-2.9645635709701912e-05
AAL_010,AAL_036,0.011622468725993084,0.011652101328129655,-2.963260213657143e-05
AAL_082,AAL_064,0.011540280475925941,0.01156990346094367,-2.9622985017728823e-05
AAL_035,AAL_088,0.012055338766330328,0.01208493597897939,-2.959721264906255e-05
AAL_032,AAL_079,0.011173672092537213,0.011144098474484667,2.9573618052546394e-05
AAL_033,AAL_082,0.011330043435351461,0.01130047007683415,2.9573358517311077e-05
AAL_017,AAL_020,0.011378611370316174,0.011349039570550912,2.9571799765261766e-05
AAL_048,AAL_044,0.012522915772234019,0.012552484622682738,-2.9568850448719042e-05
AAL_039,AAL_045,0.010552544222396409,0.010522993993263683,2.9550229132726397e-05
AAL_004,AAL_033,0.010439274225654637,0.010409739351468553,2.9534874186084095e-05
AAL_026,AAL_033,0.010259134537723457,0.010229608122601402,2.952641512205499e-05
AAL_066,AAL_021,0.010611000138486171,0.010581490320266772,2.9509818219398964e-05
AAL_045,AAL_042,0.010573140458944134,0.010543631639322336,2.950881962179852e-05
AAL_029,AAL_017,0.012203072975827461,0.012232564708620088,-2.949173279262647e-05
AAL_049,AAL_083,0.010788278232336555,0.010817762524370224,-2.9484292033669576e-05
AAL_035,AAL_060,0.011141504208819989,0.01117092973226797,-2.942552344798073e-05
AAL_042,AAL_056,0.011647864744369673,0.011677287103002776,-2.942235863310355e-05
AAL_052,AAL_066,0.011057456855813408,0.011028036103114744,2.94207526986643e-05
AAL_067,AAL_049,0.011425468386111096,0.011454865669198427,-2.9397283087331805e-05
AAL_062,AAL_072,0.010595026483727444,0.010565629342187279,2.9397141540165456e-05
AAL_068,AAL_009,0.01063722438322237,0.010666615417499845,-2.9391034277475095e-05
AAL_056,AAL_033,0.01077168410182254,0.010742302729792099,2.9381372030441374e-05
AAL_070,AAL_067,0.011610954574062528,0.011640327765372936,-2.9373191310407692e-05
AAL_040,AAL_045,0.011173548624635888,0.011144177207062322,2.937141757356626e-05
AAL_011,AAL_049,0.011022673860096779,0.010993313226876572,2.936063322020628e-05
AAL_073,AAL_021,0.010495781960188705,0.01046642621577008,2.9355744418625707e-05
AAL_006,AAL_008,0.01164207255276732,0.01161272072743985,2.9351825327469938e-05
AAL_076,AAL_089,0.01095841020051167,0.010929061501996393,2.934869851527709e-05
AAL_081,AAL_055,0.010633794730131188,0.010663130812846106,-2.9336082714917847e-05
AAL_011,AAL_008,0.010934464450384308,0.010905131757740051,2.9332692644256156e-05
AAL_073,AAL_081,0.011384128171027217,0.011413459439597857,-2.933126857064018e-05
AAL_015,AAL_036,0.010945551620764483,0.010974867472762505,-2.9315851998022724e-05
AAL_071,AAL_020,0.011155903785147218,0.011185218432164813,-2.9314647017594786e-05
AAL_060,AAL_064,0.012402851222098893,0.012432137337829871,-2.9286115730978515e-05
AAL_056,AAL_015,0.010503172235658918,0.01053245265785577,-2.9280422196851716e-05
AAL_016,AAL_059,0.010530063181988195,0.01055934312972922,-2.927994774102466e-05
AAL_074,AAL_031,0.011196245298060214,0.011166967458505341,2.9277839554872967e-05
AAL_042,AAL_018,0.011629855003542243,0.011600597766193356,2.925723734888662e-05
AAL_038,AAL_058,0.010886603044982776,0.010915848008234507,-2.92449632517313e-05
AAL_088,AAL_025,0.011595963560140286,0.011566725836849538,2.923772329074814e-05
AAL_066,AAL_001,0.010646324354008986,0.010617093123014896,2.923123099408953e-05
AAL_049,AAL_038,0.011071623515926747,0.011042408259220366,2.921525670638095e-05
AAL_030,AAL_061,0.011028769380277675,0.011057977458328082,-2.9208078050407468e-05
AAL_034,AAL_042,0.010367233087268904,0.010338037949582336,2.9195137686567965e-05
AAL_046,AAL_048,0.012545384251727508,0.012574575009476162,-2.9190757748653873e-05
AAL_010,AAL_058,0.010912246074782223,0.010941433875125927,-2.9187800343704468e-05
AAL_087,AAL_016,0.011107891037837308,0.011078703781086073,2.918725675123482e-05
AAL_065,AAL_075,0.010671482682148488,0.010642305111267578,2.9177570880910275e-05
AAL_032,AAL_053,0.010474963557436807,0.01050412230812956,-2.9158750692752367e-05
AAL_072,AAL_046,0.011833752234840495,0.011804595756027894,2.9156478812601347e-05
AAL_039,AAL_016,0.010766425374974934,0.010795565430657296,-2.9140055682361915e-05
AAL_012,AAL_079,0.010959829315224774,0.010930716640156492,2.9112675068282065e-05
AAL_045,AAL_001,0.010555935703202063,0.010585045301015708,-2.9109597813645194e-05
AAL_017,AAL_043,0.01064018427561491,0.010669270775306314,-2.9086499691403922e-05
AAL_023,AAL_041,0.010912015777415572,0.010941090161632515,-2.9074384216943444e-05
AAL_069,AAL_037,0.011327870259793777,0.01135694195121231,-2.907169141853211e-05
AAL_069,AAL_003,0.011221015085585607,0.01119194345007981,2.9071635505797597e-05
AAL_033,AAL_008,0.010896147173057254,0.010925213263252237,-2.9066090194982894e-05
AAL_039,AAL_009,0.010664822599396873,0.010693847437483944,-2.9024838087070987e-05
AAL_064,AAL_021,0.010209598972533759,0.01018058509558957,2.901387694418875e-05
AAL_014,AAL_089,0.01088509033832094,0.010914099848743704,-2.9009510422763063e-05
AAL_046,AAL_004,0.011387222259440739,0.011358229475784538,2.899278365620095e-05
AAL_014,AAL_008,0.0121881592218788,0.0122171500605293,-2.8990838650499312e-05
AAL_043,AAL_061,0.010709510045524081,0.010738500830701207,-2.8990785177126013e-05
AAL_004,AAL_022,0.010447111981721897,0.01041813011491491,2.8981866806986403e-05
AAL_072,AAL_070,0.011569486984696526,0.01159846083152457,-2.8973846828043298e-05
AAL_072,AAL_066,0.01205452460134959,0.012083495486407511,-2.897088505792074e-05
AAL_068,AAL_057,0.010518910345406486,0.01054787339536339,-2.8963049956904838e-05
AAL_044,AAL_011,0.011070063473004052,0.01104110509859717,2.8958374406883036e-05
AAL_067,AAL_011,0.01052059744222042,0.010549551631709926,-2.8954189489506857e-05
AAL_044,AAL_017,0.011137708528046934,0.011108755316613034,2.8953211433899867e-05
AAL_048,AAL_008,0.010696836470618334,0.010667955759385827,2.8880711232507142e-05
AAL_001,AAL_044,0.010511627341182822,0.010540503715037855,-2.8876373855032597e-05
AAL_065,AAL_081,0.010333335373359613,0.010362210764408703,-2.8875391049090066e-05
AAL_033,AAL_080,0.011296206428549992,0.011267335299707524,2.8871128842467703e-05
AAL_004,AAL_073,0.010027789264025852,0.009998926809681556,2.886245434429585e-05
AAL_018,AAL_005,0.010947091930792628,0.010918242059574085,2.8849871218542683e-05
AAL_058,AAL_042,0.010688929494199717,0.010717771628469451,-2.884213426973363e-05
AAL_034,AAL_077,0.010612794317496128,0.010641621950338999,-2.8827632842870488e-05
AAL_065,AAL_027,0.011265488932482325,0.011236663011108379,2.8825921373945573e-05
AAL_045,AAL_039,0.010567101584269833,0.010538275954463789,2.8825629806043807e-05
AAL_011,AAL_071,0.01110985074749487,0.011138655871578097,-2.8805124083226136e-05
AAL_048,AAL_014,0.010524541348553238,0.010495740606012771,2.8800742540467314e-05
AAL_065,AAL_077,0.0107130787621897,0.010741867229028168,-2.8788466838469e-05
AAL_039,AAL_042,0.011588044613838578,0.011616818276384184,-2.877366254560622e-05
AAL_024,AAL_060,0.010417229696933148,0.010446002628312218,-2.877293137906918e-05
AAL_073,AAL_043,0.010420035282309111,0.01044880503109164,-2.8769748782528706e-05
AAL_083,AAL_045,0.011608367660441078,0.011579609124761804,2.8758535679273764e-05
AAL_007,AAL_073,0.01106635195354366,0.011095106867477113,-2.875491393345385e-05
AAL_014,AAL_009,0.011451954336470773,0.011480704962134953,-2.875062566417945e-05
AAL_067,AAL_002,0.011001609870765964,0.01103034424399102,-2.8734373225055773e-05
AAL_007,AAL_044,0.01065905164513323,0.010687772413396806,-2.872076826357546e-05
AAL_006,AAL_057,0.010686418447547998,0.01071511990120334,-2.870145365534149e-05
AAL_040,AAL_071,0.011318303736197388,0.01134699736964466,-2.869363344727184e-05
AAL_061,AAL_041,0.011042157024877448,0.011013467544250689,2.8689480626759023e-05
AAL_005,AAL_030,0.011290927397676257,0.011262263511087995,2.8663886588262827e-05
AAL_030,AAL_047,0.01102063763472769,0.01099200032780839,2.8637306919300498e-05
AAL_083,AAL_063,0.011765828230776466,0.011794454487451993,-2.8626256675526665e-05
AAL_026,AAL_041,0.010716950130831992,0.010688334280537169,2.861585029482333e-05
AAL_037,AAL_012,0.01065793547890762,0.01068654638846814,-2.861090956051901e-05
AAL_076,AAL_037,0.011553122902798474,0.01152451231927789,2.8610583520584376e-05
AAL_057,AAL_029,0.011428685275774099,0.011400142430371742,2.854284540235695e-05
AAL_031,AAL_025,0.01179630607446162,0.011767767711771333,2.8538362690287353e-05
AAL_044,AAL_090,0.011294657875919063,0.011266142825501285,2.8515050417777382e-05
AAL_006,AAL_019,0.010728299892388092,0.01075678434287644,-2.8484450488346774e-05
AAL_075,AAL_083,0.010913191978127146,0.010941674893550926,-2.8482915423779995e-05
AAL_084,AAL_055,0.010638669951078601,0.01061018931658629,2.8480634492311988e-05
AAL_030,AAL_078,0.01151481347803313,0.011543264295952049,-2.8450817918919402e-05
AAL_087,AAL_066,0.011010048313973805,0.011038469300875741,-2.8420986901936396e-05
AAL_002,AAL_017,0.011074627335700724,0.011046219661036881,2.840767466384328e-05
AAL_036,AAL_011,0.011530952683339516,0.011502550503530218,2.8402179809297948e-05
AAL_056,AAL_047,0.012248102629270691,0.012219703740095974,2.8398889174717154e-05
AAL_058,AAL_064,0.011818222170218062,0.011789839460558395,2.8382709659666508e-05
AAL_067,AAL_010,0.010471831519618375,0.010500193732991703,-2.8362213373328213e-05
AAL_014,AAL_001,0.01143299212329026,0.011404671944289586,2.832017900067374e-05
AAL_065,AAL_006,0.011267974244382901,0.011239682730962118,2.829151342078305e-05
AAL_066,AAL_073,0.010068169916367047,0.01003989364683776,2.8276269529286732e-05
AAL_050,AAL_024,0.010669321856564946,0.010641051215990897,2.8270640574049044e-05
AAL_017,AAL_089,0.010325502381365523,0.010353770915871814,-2.8268534506291354e-05
AAL_071,AAL_053,0.010937316106377631,0.01096557495334456,-2.825884696692864e-05
AAL_056,AAL_081,0.010765533233618634,0.010737281620835253,2.82516127833813e-05
AAL_058,AAL_022,0.010314760791360695,0.010343003246202954,-2.8242454842258846e-05
AAL_030,AAL_021,0.01088906492655858,0.0108608240076796,2.8240918878980406e-05
AAL_075,AAL_017,0.011518041658987347,0.011546272599593581,-2.8230940606234142e-05
AAL_061,AAL_076,0.011014687048637459,0.011042913253287375,-2.8226204649916056e-05
AAL_004,AAL_024,0.01170621082210579,0.011734423033486378,-2.8212211380588062e-05
AAL_082,AAL_080,0.011907121158626854,0.011935333108931558,-2.8211950304703193e-05
AAL_043,AAL_070,0.011039478714283332,0.011067667081674778,-2.8188367391445562e-05
AAL_053,AAL_038,0.011539226559062418,0.011567408937692791,-2.8182378630373442e-05
AAL_010,AAL_066,0.012370611427542873,0.012342430329962493,2.8181097580379927e-05
AAL_044,AAL_010,0.010978625940047523,0.01095045196636587,2.8173973681653794e-05
AAL_086,AAL_020,0.011040699128937135,0.01106886144856883,-2.816231963169609e-05
AAL_041,AAL_044,0.010796928477799918,0.01076876954695501,2.8158930844908447e-05
AAL_055,AAL_068,0.01076158143293399,0.010733428154667614,2.8153278266376466e-05
AAL_054,AAL_024,0.010895696006970018,0.010867545619218728,2.81503877512905e-05
AAL_022,AAL_044,0.011042842466352332,0.011014695325519696,2.814714083263642e-05
AAL_079,AAL_032,0.011548470659977477,0.011576608544395815,-2.813788441833817e-05
AAL_009,AAL_054,0.011002212902133027,0.010974077041036734,2.813586109629354e-05
AAL_040,AAL_047,0.011450951958759727,0.011422833469384362,2.811848937536547e-05
AAL_049,AAL_063,0.01100033183152286,0.011028442252196242,-2.8110420673382874e-05
AAL_072,AAL_069,0.011576157879148029,0.01160420963388149,-2.8051754733460915e-05
AAL_014,AAL_056,0.010884810030126037,0.010856765992569717,2.804403755632054e-05
AAL_013,AAL_050,0.010659046174608108,0.010631035188347028,2.8010986261079937e-05
AAL_046,AAL_077,0.011110909145850783,0.011138918375129587,-2.8009229278803255e-05
AAL_079,AAL_021,0.011236986077716973,0.011264985656046838,-2.7999578329865674e-05
AAL_035,AAL_027,0.011999167929777605,0.01197117346133251,2.799446844509515e-05
AAL_036,AAL_013,0.01171870556118715,0.011690715635218485,2.7989925968665424e-05
AAL_058,AAL_028,0.010503551337676935,0.010475568755277925,2.7982582399010275e-05
AAL_038,AAL_074,0.011240268378860803,0.011268219342062402,-2.7950963201598886e-05
AAL_030,AAL_011,0.01106780194518212,0.011095735537946669,-2.7933592764548335e-05
AAL_071,AAL_025,0.01124997474014377,0.011222073963147682,2.7900776996088103e-05
AAL_024,AAL_082,0.010573918491394984,0.010601796470952241,-2.7877979557257293e-05
AAL_026,AAL_053,0.010396612302646933,0.010424480096393128,-2.7867793746194636e-05
AAL_084,AAL_066,0.010387073921708342,0.010414939144945174,-2.786522323683198e-05
AAL_082,AAL_086,0.01095527332299986,0.010983123071953912,-2.784974895405322e-05
AAL_049,AAL_005,0.011060715871902868,0.011088561490825181,-2.7845618922313006e-05
AAL_037,AAL_049,0.010729473856333485,0.010701630343093765,2.784351323971944e-05
AAL_066,AAL_048,0.010504316554492356,0.010476488670884231,2.782788360812527e-05
AAL_013,AAL_054,0.010748193585353658,0.010776010009162035,-2.7816423808377233e-05
AAL_034,AAL_015,0.010022881984089812,0.010050695253161728,-2.7813269071915586e-05
AAL_057,AAL_055,0.011149069348063607,0.011121300532119741,2.7768815943865488e-05
AAL_008,AAL_031,0.011414747912054643,0.011442510251686088,-2.7762339631445115e-05
AAL_019,AAL_050,0.01038094749674201,0.010408691137511441,-2.7743640769430783e-05
AAL_071,AAL_014,0.011057445108810933,0.011029721464194524,2.7723644616409193e-05
AAL_029,AAL_002,0.010990377402124114,0.010962684322194782,2.769307992933276e-05
AAL_044,AAL_021,0.01126737680294129,0.01123968772266624,2.7689080275051375e-05
AAL_043,AAL_018,0.01105291581648983,0.01102522699157742,2.768882491241062e-05
AAL_033,AAL_030,0.011359703030564591,0.011387384286330592,-2.768125576600028e-05
AAL_066,AAL_043,0.010537354765125575,0.010509682971771538,2.7671793354036925e-05
AAL_024,AAL_018,0.010279680234101465,0.010307345950684832,-2.766571658336693e-05
AAL_033,AAL_056,0.010747632443602396,0.010719987531435254,2.7644912167142446e-05
AAL_008,AAL_002,0.011757114452397468,0.011784751030614151,-2.7636578216683888e-05
AAL_042,AAL_064,0.011520180916891266,0.011492561239277754,2.7619677613511737e-05
AAL_049,AAL_059,0.012333297988590904,0.012360877775709623,-2.757978711871896e-05
AAL_008,AAL_068,0.011898429905120125,0.011926000392429586,-2.757048730946121e-05
AAL_085,AAL_080,0.010736414581600927,0.010763959182662052,-2.7544601061125357e-05
AAL_001,AAL_018,0.010855514351198943,0.010827969757391708,2.754459380723516e-05
AAL_030,AAL_022,0.010875335024892647,0.010902868586109383,-2.7533561216736002e-05
AAL_025,AAL_044,0.01117649250743417,0.011149009823725181,2.7482683708989278e-05
AAL_060,AAL_063,0.01180868866479295,0.011836132134031273,-2.7443469238323803e-05
AAL_059,AAL_069,0.011891785790172651,0.011864349179006835,2.7436611165816346e-05
AAL_013,AAL_051,0.011004454850290831,0.011031876999894087,-2.7422149603256035e-05
AAL_070,AAL_063,0.01105754354642306,0.011084949625448022,-2.740607902496084e-05
AAL_063,AAL_003,0.010905087167301621,0.010932480782344383,-2.7393615042762068e-05
AAL_047,AAL_046,0.011759913745376036,0.01178730582175938,-2.7392076383345176e-05
AAL_030,AAL_019,0.011046459480451468,0.011073829407431648,-2.7369926980179426e-05
AAL_058,AAL_014,0.010445697475861535,0.010473043539979618,-2.734606411808338e-05
AAL_015,AAL_034,0.010836462245489925,0.010863805795203959,-2.7343549714033827e-05
AAL_079,AAL_054,0.01128314226730448,0.011310455673570669,-2.731340626618839e-05
AAL_041,AAL_002,0.010697987742530994,0.010725260182993288,-2.7272440462293435e-05
AAL_053,AAL_066,0.011391614752813663,0.011364343571511303,2.7271181302360864e-05
AAL_007,AAL_002,0.011090834519595034,0.011063571698113204,2.7262821481830596e-05
AAL_004,AAL_030,0.010250302909228664,0.010277542692352613,-2.723978312394945e-05
AAL_047,AAL_014,0.010390414492203256,0.010363176950339052,2.723754186420395e-05
AAL_022,AAL_012,0.01067433853705342,0.010701571651283772,-2.723311423035238e-05
AAL_040,AAL_041,0.012144167511524934,0.012116937468258234,2.72300432667006e-05
AAL_041,AAL_059,0.010627557378278201,0.010654757612803142,-2.7200234524940928e-05
AAL_061,AAL_044,0.01069590762958058,0.010723097323816703,-2.718969423612383e-05
AAL_038,AAL_009,0.010555012280949287,0.01058219008092253,-2.7177799973243655e-05
AAL_049,AAL_087,0.010877672525154602,0.010904794029669637,-2.7121504515035394e-05
AAL_089,AAL_016,0.011832830299121829,0.011805718369486167,2.7111929635661655e-05
AAL_002,AAL_035,0.010007722094320716,0.010034829759438783,-2.71076651180667e-05
AAL_080,AAL_020,0.010883227263330521,0.010910289831200693,-2.7062567870172333e-05
AAL_025,AAL_001,0.010703435334830712,0.010730483596936497,-2.7048262105784995e-05
AAL_005,AAL_053,0.01115902250385883,0.011186043177234475,-2.7020673375644302e-05
AAL_078,AAL_060,0.011156721177916879,0.011183735084888657,-2.7013906971778273e-05
AAL_026,AAL_090,0.010729387374674408,0.010756369490666365,-2.6982115991957406e-05
AAL_030,AAL_072,0.011118593852584943,0.01114555912106194,-2.6965268476996165e-05
AAL_071,AAL_065,0.010950144555451524,0.010977101949027394,-2.6957393575870875e-05
AAL_023,AAL_084,0.01098893124721626,0.011015883737033414,-2.6952489817154077e-05
AAL_090,AAL_025,0.010550448002341466,0.01057737855652056,-2.6930554179094637e-05
AAL_024,AAL_071,0.011130964757603968,0.011104042223532206,2.6922534071761178e-05
AAL_007,AAL_008,0.01223711376516228,0.012210200064660746,2.6913700501533452e-05
AAL_021,AAL_030,0.010834912325725215,0.010808001882477523,2.6910443247691804e-05
AAL_082,AAL_021,0.010311142284757433,0.010338049996690479,-2.6907711933045128e-05
AAL_021,AAL_083,0.011277214838908268,0.011304119239022803,-2.6904400114534724e-05
AAL_039,AAL_061,0.01043186701921762,0.010458770552395887,-2.6903533178267158e-05
AAL_036,AAL_003,0.012123862790883098,0.012096960541258379,2.6902249624718988e-05
AAL_074,AAL_063,0.011247350804459972,0.011220465173884746,2.6885630575226513e-05
AAL_062,AAL_060,0.012411423642427111,0.012384591628762688,2.6832013664422963e-05
AAL_034,AAL_071,0.010301242313849239,0.01032806620251378,-2.682388866454173e-05
AAL_049,AAL_015,0.010826204399952395,0.010799398874545068,2.6805525407326558e-05
AAL_010,AAL_072,0.011565949642457642,0.011592752619117276,-2.6802976659634492e-05
AAL_058,AAL_016,0.0103031627388082,0.010329964836463148,-2.6802097654947746e-05
AAL_030,AAL_006,0.010703971225402167,0.01073074162644207,-2.6770401039903288e-05
AAL_005,AAL_051,0.011105195943536794,0.011131953575160752,-2.6757631623958514e-05
AAL_075,AAL_084,0.010931552648464711,0.010958300824866402,-2.674817640169018e-05
AAL_031,AAL_027,0.0110389234430483,0.011012182074134463,2.6741368913837243e-05
AAL_009,AAL_072,0.011086278796020864,0.011059544890397979,2.6733905622884982e-05
AAL_027,AAL_038,0.010995299995152487,0.011022031457433778,-2.6731462281291696e-05
AAL_041,AAL_012,0.01074698417344027,0.010773709372018762,-2.6725198578492204e-05
AAL_002,AAL_049,0.01093089115471603,0.010904181445891005,2.6709708825024478e-05
AAL_010,AAL_015,0.011704957745491695,0.011678251405489209,2.670634000248584e-05
AAL_074,AAL_017,0.011364368898953255,0.01139106281868947,-2.6693919736215516e-05
AAL_025,AAL_031,0.012092672811789263,0.012065979051253489,2.669376053577449e-05
AAL_084,AAL_044,0.010449441798572611,0.010422748742306203,2.6693056266407708e-05
AAL_055,AAL_045,0.010791665496320551,0.010764974476792677,2.669101952787467e-05
AAL_016,AAL_017,0.01047231282831894,0.010445622200372793,2.6690627946147558e-05
AAL_069,AAL_016,0.01110499931507322,0.011078335485760834,2.666382931238581e-05
AAL_040,AAL_042,0.012281311837096628,0.012254671868463752,2.6639968632875474e-05
AAL_079,AAL_025,0.011106959287411509,0.01113358722819436,-2.662794078285048e-05
AAL_083,AAL_005,0.011923277141669622,0.011949855434447158,-2.6578292777535914e-05
AAL_020,AAL_081,0.01107369820611217,0.011100252112720355,-2.65539066081847e-05
AAL_034,AAL_041,0.010366252402607828,0.010339699699439422,2.6552703168406314e-05
AAL_015,AAL_046,0.010569060609365502,0.01054250811765123,2.6552491714272597e-05
AAL_080,AAL_070,0.01090808871249931,0.01093463846262794,-2.6549750128630062e-05
AAL_055,AAL_010,0.010268558696326282,0.010295099031096948,-2.6540334770666293e-05
AAL_072,AAL_013,0.011803912474479303,0.01183042908434019,-2.6516609860886484e-05
AAL_058,AAL_020,0.011396860803326225,0.011423337139263195,-2.6476335936970186e-05
AAL_034,AAL_063,0.01061751220263859,0.010643969641226545,-2.6457438587954712e-05
AAL_042,AAL_032,0.011448696367124207,0.011475146697284123,-2.645033015991581e-05
AAL_048,AAL_082,0.010805404333111186,0.010778972259711096,2.643207340008967e-05
AAL_022,AAL_061,0.010457969989038559,0.010484401559545,-2.643157050644107e-05
AAL_080,AAL_084,0.010717330848734476,0.010743758504835903,-2.6427656101427402e-05
AAL_082,AAL_039,0.010471014095008628,0.010497440512363728,-2.6426417355099666e-05
AAL_047,AAL_051,0.011395553837363154,0.011421961504180289,-2.6407666817135356e-05
AAL_061,AAL_037,0.010941157929408245,0.010914751360881565,2.6406568526680246e-05
AAL_029,AAL_041,0.011420845127720227,0.011394448656930817,2.639647078941064e-05
AAL_050,AAL_075,0.01079852814372215,0.010824915939114674,-2.6387795392523658e-05
AAL_053,AAL_027,0.011366672537281599,0.011393053755256585,-2.638121797498595e-05
AAL_083,AAL_050,0.011542016124894094,0.011515641219858496,2.6374905035597696e-05
AAL_045,AAL_002,0.01066821533191599,0.010641849331705653,2.6366000210336846e-05
AAL_007,AAL_076,0.010925498468658099,0.010899134329231295,2.6364139426804378e-05
AAL_085,AAL_008,0.010556060261626402,0.010582411550817359,-2.635128919095675e-05
AAL_084,AAL_018,0.011081541635685114,0.011055191193081014,2.6350442604100577e-05
AAL_083,AAL_032,0.012045263873938566,0.012071609499381287,-2.634562544272072e-05
AAL_040,AAL_077,0.011241433690262273,0.011267772212476648,-2.6338522214374924e-05
AAL_051,AAL_029,0.010055235614920529,0.01002890621277298,2.6329402147548184e-05
AAL_081,AAL_031,0.010467440761530247,0.010493757954287914,-2.6317192757667127e-05
AAL_060,AAL_042,0.011086799011318984,0.011060495197625078,2.6303813693905748e-05
AAL_021,AAL_003,0.011040445492785966,0.011014152429165971,2.629306361999484e-05
AAL_003,AAL_058,0.010555653406991663,0.010581926562853398,-2.6273155861735245e-05
AAL_066,AAL_055,0.01061874176733769,0.010592479427476823,2.6262339860866e-05
AAL_029,AAL_087,0.010489154043886015,0.01051537519454882,-2.6221150662805032e-05
AAL_039,AAL_048,0.010968459272582052,0.01094224529280778,2.6213979774272755e-05
AAL_015,AAL_067,0.01075766364343337,0.010731451543829134,2.6212099604235733e-05
AAL_005,AAL_001,0.01128272633625465,0.011308930677918732,-2.6204341664080866e-05
AAL_080,AAL_064,0.011641924774958791,0.011668125685147256,-2.6200910188465057e-05
AAL_066,AAL_002,0.010979698316202078,0.011005868513608541,-2.617019740646341e-05
AAL_010,AAL_073,0.010996206388928188,0.011022368080858557,-2.6161691930369144e-05
AAL_066,AAL_037,0.010297578379400393,0.010323719639173955,-2.6141259773562395e-05
AAL_022,AAL_018,0.010780280207196234,0.010806393428305834,-2.61132211096006e-05
AAL_001,AAL_021,0.010260500169048706,0.010286610802316637,-2.6110633267930478e-05
AAL_037,AAL_059,0.010638092628592609,0.010664167058268196,-2.6074429675587707e-05
AAL_081,AAL_070,0.011034885055234289,0.01100881312911401,2.6071926120278463e-05
AAL_009,AAL_024,0.011424474551493669,0.011398407847853955,2.606670363971414e-05
AAL_084,AAL_010,0.010877260339295125,0.010851202664374565,2.605767492055988e-05
AAL_010,AAL_084,0.011491728126684315,0.01146567225336067,2.6055873323644826e-05
AAL_034,AAL_028,0.009874495200048655,0.00984845705857274,2.6038141475915114e-05
AAL_011,AAL_023,0.011360422162832612,0.011334398900050087,2.6023262782524925e-05
AAL_090,AAL_079,0.010249727375757618,0.010275741361969013,-2.6013986211395612e-05
AAL_021,AAL_066,0.01092236459406459,0.010896351431073533,2.6013162991056493e-05
AAL_090,AAL_062,0.010954900493479183,0.010980896989147065,-2.599649566788209e-05
AAL_088,AAL_026,0.011838595922160735,0.011864590525590161,-2.599460342942589e-05
AAL_051,AAL_001,0.010730054082237503,0.010756043786594354,-2.598970435685119e-05
AAL_082,AAL_020,0.010947354316997986,0.01097334196869626,-2.5987651698273356e-05
AAL_080,AAL_001,0.01062227391367221,0.010648241335937463,-2.5967422265252282e-05
AAL_008,AAL_005,0.011748526728926944,0.011722561917163745,2.5964811763198176e-05
AAL_075,AAL_063,0.01139500623361932,0.01136907782387127,2.592840974804944e-05
AAL_046,AAL_011,0.01086376429312568,0.010889691194385364,-2.592690125968397e-05
AAL_019,AAL_053,0.010537993433511155,0.010512073184583087,2.592024892806785e-05
AAL_048,AAL_023,0.010584099021238776,0.010610017137458691,-2.591811621991541e-05
AAL_075,AAL_023,0.010730754072642606,0.01070484022838676,2.591384425584646e-05
AAL_020,AAL_021,0.010427374955919435,0.010401462660016257,2.591229590317816e-05
AAL_058,AAL_040,0.010555221237496942,0.01052931924500773,2.590199248921239e-05
AAL_038,AAL_023,0.010855564998828957,0.010829698948406848,2.5866050422108586e-05
AAL_031,AAL_072,0.011407731178527078,0.011381871147871609,2.586003065546856e-05
AAL_001,AAL_041,0.010472551167297822,0.010498386821605579,-2.5835654307757375e-05
AAL_002,AAL_084,0.010803884398749368,0.010778084473578125,2.5799925171243396e-05
AAL_066,AAL_026,0.011071711565710159,0.01104591253257493,2.5799033135228897e-05
AAL_022,AAL_062,0.010531830292943323,0.010557603786604725,-2.5773493661401456e-05
AAL_057,AAL_053,0.011270446105836293,0.01124468218609136,2.576391974493282e-05
AAL_074,AAL_020,0.011322762102732418,0.011297032084528626,2.573001820379249e-05
AAL_051,AAL_074,0.010292273203834381,0.010266547941743736,2.5725262090645074e-05
AAL_006,AAL_044,0.01084850513193215,0.010822783013986002,2.5722117946148232e-05
AAL_041,AAL_005,0.010732766624906251,0.010758473799002377,-2.5707174096126217e-05
AAL_004,AAL_051,0.010484835264296869,0.010459143060626966,2.5692203669902894e-05
AAL_053,AAL_033,0.011240049589695966,0.011214361454431828,2.5688135264137837e-05
AAL_002,AAL_090,0.01096620461425911,0.010940524072342415,2.5680541916695693e-05
AAL_051,AAL_038,0.010647163825889682,0.010621492586863544,2.567123902613884e-05
AAL_089,AAL_026,0.011887029965575308,0.011912696278439118,-2.566631286381009e-05
AAL_037,AAL_042,0.011739745039620206,0.01171407952128214,2.566551833806628e-05
AAL_063,AAL_052,0.011079974544162933,0.011054324577782054,2.564996638087895e-05
AAL_038,AAL_065,0.010586562359498607,0.01061220419715637,-2.5641837657762456e-05
AAL_033,AAL_053,0.010558340648730468,0.010583971601635883,-2.563095290541474e-05
AAL_012,AAL_042,0.01072721273646268,0.010701584990226453,2.5627746236227614e-05
AAL_054,AAL_033,0.010854005666338226,0.010828389231550042,2.5616434788183762e-05
AAL_089,AAL_022,0.011538596031789342,0.011564211903726937,-2.561587193759471e-05
AAL_037,AAL_077,0.011470496391829772,0.01149610840431218,-2.5612012482408714e-05
AAL_070,AAL_006,0.010848100601623837,0.010822498405966954,2.5602195656882626e-05
AAL_084,AAL_048,0.01072808999257783,0.010702490439134703,2.5599553443127546e-05
AAL_029,AAL_083,0.01137531222974579,0.011349716147514195,2.559608223159579e-05
AAL_056,AAL_046,0.011591085272594394,0.011565506901989504,2.5578370604890585e-05
AAL_044,AAL_002,0.011247415006017456,0.011221842052271733,2.557295374572277e-05
AAL_086,AAL_060,0.010932841785968496,0.01090727102649271,2.5570759475785146e-05
AAL_051,AAL_007,0.010585945658783754,0.010611516305663746,-2.5570646879991346e-05
AAL_079,AAL_063,0.012387844244352518,0.012413410354340935,-2.5566109988417116e-05
AAL_013,AAL_076,0.011073815357736033,0.0110482604892245,2.555486851153234e-05
AAL_060,AAL_050,0.012066276664407844,0.012091823851241367,-2.5547186833523375e-05
AAL_019,AAL_007,0.011603482254645508,0.01162902537326585,-2.5543118620342115e-05
AAL_009,AAL_029,0.01099253941176093,0.010967033272770883,2.5506138990046695e-05
AAL_048,AAL_078,0.011127064291101236,0.0111525675129358,-2.5503221834564244e-05
AAL_038,AAL_040,0.012494204352952095,0.012468710063353514,2.5494289598580397e-05
AAL_043,AAL_033,0.011142569438864788,0.011168063162980836,-2.549372411604807e-05
AAL_085,AAL_051,0.011208944092305679,0.01123443305510889,-2.5488962803211015e-05
AAL_059,AAL_073,0.011131199146421928,0.01115668070255305,-2.548155613112113e-05
AAL_025,AAL_084,0.010847089794249488,0.010872564232323512,-2.547443807402426e-05
AAL_034,AAL_089,0.010064486408224091,0.01003902603550895,2.5460372715141455e-05
AAL_070,AAL_060,0.011580234172586829,0.011605684791065328,-2.5450618478499096e-05
AAL_034,AAL_008,0.010948753945577221,0.010974185083699286,-2.543113812206524e-05
AAL_029,AAL_037,0.011153961408437572,0.011179365464959932,-2.5404056522359414e-05
AAL_043,AAL_062,0.010898092206424246,0.010872699683139253,2.5392523284992544e-05
AAL_067,AAL_080,0.010653915317553995,0.010679280708911401,-2.5365391357405967e-05
AAL_048,AAL_056,0.012057546621713882,0.012032190749130534,2.53558725833488e-05
AAL_006,AAL_033,0.010503974289466173,0.010529321308707628,-2.5347019241455868e-05
AAL_005,AAL_013,0.011868885861566434,0.011894196810353334,-2.531094878690035e-05
AAL_070,AAL_009,0.010896485794383364,0.010871187055820863,2.5298738562501075e-05
AAL_087,AAL_085,0.011881722151262,0.011907019499901951,-2.5297348639950756e-05
AAL_089,AAL_063,0.010948639627721192,0.010923395478732828,2.5244148988363968e-05
AAL_071,AAL_016,0.01099281210022477,0.011018055511948193,-2.5243411723422163e-05
AAL_023,AAL_013,0.011509229667866841,0.01153447087299513,-2.5241205128289854e-05
AAL_089,AAL_032,0.011257137798775848,0.01123190579690945,2.5232001866397694e-05
AAL_037,AAL_072,0.011080832925075904,0.011055620179208869,2.5212745867034952e-05
AAL_086,AAL_069,0.011072543919341177,0.011097727472854608,-2.5183553513431073e-05
AAL_054,AAL_065,0.010742638150675811,0.010717468139791755,2.5170010884055516e-05
AAL_056,AAL_004,0.010529890198769987,0.010555032194677565,-2.5141995907577985e-05
AAL_056,AAL_084,0.010801362389157344,0.010776260324635962,2.5102064521382098e-05
AAL_080,AAL_046,0.010384351337471833,0.010409448815800859,-2.509747832902566e-05
AAL_070,AAL_041,0.010892482635636743,0.010867390157677992,2.5092477958751566e-05
AAL_044,AAL_060,0.01151936578277785,0.011544410585340288,-2.504480256243849e-05
AAL_013,AAL_045,0.01061067528799813,0.010585652800651253,2.5022487346877675e-05
AAL_030,AAL_015,0.01070228834142988,0.010727306183141012,-2.501784171113179e-05
AAL_056,AAL_002,0.010830487246012203,0.010805483669430831,2.500357658137206e-05
AAL_086,AAL_085,0.012289206308320675,0.01231415119373399,-2.494488541331455e-05
AAL_057,AAL_010,0.01082273661238579,0.010847676702527786,-2.4940090141995636e-05
AAL_043,AAL_059,0.011113627996836972,0.011138565771318694,-2.4937774481722727e-05
AAL_090,AAL_064,0.010593563799833896,0.010618480761297436,-2.4916961463540555e-05
AAL_013,AAL_009,0.011980202190307343,0.011955290797071777,2.4911393235566362e-05
AAL_080,AAL_003,0.010122012251462692,0.010146922598276334,-2.4910346813641557e-05
AAL_084,AAL_073,0.011096417048197782,0.011071513094950846,2.4903953246935978e-05
AAL_038,AAL_002,0.010666397740491308,0.01069128428985626,-2.4886549364951105e-05
AAL_033,AAL_085,0.010519117323888673,0.010544003470437994,-2.4886146549321295e-05
AAL_085,AAL_079,0.010804849989218717,0.010829734886365553,-2.488489714683531e-05
AAL_068,AAL_070,0.011243354455512175,0.011268238296672221,-2.488384116004598e-05
AAL_065,AAL_010,0.011277142134057278,0.0112522600458995,2.488208815777833e-05
AAL_019,AAL_048,0.010471417419373607,0.01044653837913393,2.4879040239676395e-05
AAL_004,AAL_053,0.010214646002596132,0.010239524008803272,-2.4878006207139716e-05
AAL_027,AAL_034,0.010564913615011252,0.010589788013851967,-2.4874398840715045e-05
AAL_030,AAL_004,0.010784733031565944,0.010809594148275425,-2.4861116709481643e-05
AAL_021,AAL_055,0.0110509970671155,0.01107584670065872,-2.484963354322002e-05
AAL_058,AAL_023,0.010432320597191524,0.010407486202532689,2.4834394658834746e-05
AAL_031,AAL_079,0.0108055423758128,0.010780710502811904,2.483187300089673e-05
AAL_027,AAL_031,0.011234344315563893,0.011259175705314423,-2.4831389750529925e-05
AAL_048,AAL_062,0.010531588202804072,0.010556407610217927,-2.4819407413854966e-05
AAL_077,AAL_068,0.010589553172596626,0.010564754821045819,2.479835155080705e-05
AAL_015,AAL_020,0.011187960783767903,0.011163181731611417,2.4779052156486542e-05
AAL_087,AAL_059,0.01070754979060501,0.010682784261242036,2.476552936297484e-05
AAL_030,AAL_062,0.011360733471333217,0.011335969017471925,2.4764453861292335e-05
AAL_021,AAL_044,0.010935354388804518,0.01091060802922873,2.4746359575788385e-05
AAL_077,AAL_087,0.010554339109848324,0.010579069942309898,-2.4730832461574218e-05
AAL_032,AAL_072,0.011798331336890403,0.011773615957656067,2.471537923433645e-05
AAL_023,AAL_010,0.01111726288914553,0.011141933632492279,-2.4670743346747945e-05
AAL_069,AAL_012,0.011070973130388774,0.011095627636253538,-2.4654505864763962e-05
AAL_029,AAL_082,0.011896993037567943,0.011921621237421598,-2.4628199853654956e-05
AAL_043,AAL_003,0.011038072309735367,0.011062683553779243,-2.4611244043876157e-05
AAL_044,AAL_085,0.01121051667823305,0.011185923621298806,2.4593056934243615e-05
AAL_076,AAL_030,0.011917714135020845,0.01189312684319673,2.4587291824114746e-05
AAL_045,AAL_048,0.011872398187446162,0.011896975913891574,-2.457772644541209e-05
AAL_003,AAL_059,0.011125144134793017,0.011149718310619259,-2.4574175826241884e-05
AAL_066,AAL_071,0.010423549908635199,0.010398985076205755,2.4564832429444308e-05
AAL_084,AAL_020,0.011148625377836263,0.011173185219909653,-2.455984207339057e-05
AAL_048,AAL_069,0.010722151324630547,0.010746707573588522,-2.4556248957974258e-05
AAL_045,AAL_041,0.010616362220249496,0.010591823635414872,2.453858483462447e-05
AAL_004,AAL_013,0.010270825702633359,0.010295354211171419,-2.4528508538059976e-05
AAL_045,AAL_083,0.010476735597635563,0.010452208751650809,2.452684598475488e-05
AAL_037,AAL_050,0.010696946951743757,0.010672421929502754,2.4525022241003377e-05
AAL_040,AAL_007,0.010766356421284314,0.010790874853397421,-2.4518432113106864e-05
AAL_028,AAL_057,0.010707339232102929,0.010731856218509136,-2.4516986406207184e-05
AAL_089,AAL_052,0.011177848399672499,0.011202344095459203,-2.4495695786703672e-05
AAL_080,AAL_015,0.010327966404187247,0.010352451324222548,-2.448492003530138e-05
AAL_064,AAL_044,0.010341829170560481,0.010317368784147516,2.446038641296458e-05
AAL_060,AAL_005,0.01099596606591382,0.01097151788446137,2.444818145245012e-05
AAL_081,AAL_083,0.010969578453665998,0.010945172083769779,2.4406369896218943e-05
AAL_017,AAL_047,0.01071321745761312,0.010737623628829756,-2.440617121663574e-05
AAL_037,AAL_008,0.010431067994198738,0.01040671395586235,2.4354038336386885e-05
AAL_089,AAL_036,0.011527326606755327,0.011551680336833445,-2.435373007811728e-05
AAL_056,AAL_070,0.010789780682510035,0.010765428555477642,2.435212703239334e-05
AAL_011,AAL_029,0.01168863283088192,0.011664315785463926,2.4317045417993413e-05
AAL_026,AAL_001,0.010130466244573522,0.010154782595672176,-2.4316351098653544e-05
AAL_042,AAL_038,0.012658704639388582,0.012683016673266592,-2.4312033878010064e-05
AAL_041,AAL_068,0.01068243868728606,0.01070673358869316,-2.4294901407099362e-05
AAL_037,AAL_028,0.010977589939203527,0.010953307593190492,2.4282346013034667e-05
AAL_076,AAL_090,0.010890308990437761,0.010914578359047177,-2.4269368609415934e-05
AAL_024,AAL_086,0.011715909394507226,0.011691654010886145,2.425538362108015e-05
AAL_053,AAL_051,0.012821753453622516,0.012797520070731936,2.4233382890580593e-05
AAL_031,AAL_012,0.010680934873958811,0.010705164850922879,-2.422997696406755e-05
AAL_073,AAL_053,0.010445604124703469,0.010421394717142393,2.4209407561075896e-05
AAL_017,AAL_027,0.010332975572404953,0.010357183579900868,-2.420800749591487e-05
AAL_081,AAL_019,0.010626501451509122,0.010650695296970401,-2.419384546127959e-05
AAL_039,AAL_018,0.010480799951041356,0.0105049905688421,-2.4190617800744912e-05
AAL_072,AAL_010,0.012234765972591873,0.012210590254154897,2.417571843697612e-05
AAL_016,AAL_009,0.01169537915251194,0.011719539407964231,-2.4160255452291765e-05
AAL_025,AAL_035,0.01172682809500167,0.011702680188432225,2.414790656944492e-05
AAL_047,AAL_040,0.010736322386636056,0.01071219118519989,2.413120143616651e-05
AAL_054,AAL_078,0.010823592121720824,0.01079948348624091,2.4108635479913598e-05
AAL_067,AAL_041,0.01059098787104281,0.010615082097149665,-2.4094226106854272e-05
AAL_051,AAL_002,0.010690763107158689,0.010666671622701674,2.4091484457014825e-05
AAL_075,AAL_040,0.010779811385780191,0.010803898491390585,-2.4087105610394455e-05
AAL_001,AAL_090,0.010762370768616088,0.01078645305860575,-2.4082289989662414e-05
AAL_039,AAL_026,0.011334791094956234,0.011310710488511226,2.4080606445008035e-05
AAL_075,AAL_062,0.010824560301187329,0.010800482568888008,2.407773229932096e-05
AAL_015,AAL_017,0.010879676148263562,0.010855598749579035,2.4077398684527185e-05
AAL_089,AAL_084,0.011323819295144998,0.01134788149750558,-2.4062202360583193e-05
AAL_046,AAL_081,0.011182990118176637,0.011158930442802072,2.4059675374565187e-05
AAL_068,AAL_075,0.010331917623790283,0.01035596845814815,-2.4050834357866938e-05
AAL_047,AAL_042,0.010571285855407134,0.010547241193725364,2.4044661681769247e-05
AAL_063,AAL_043,0.01104288552609137,0.011066924720521896,-2.4039194430525504e-05
AAL_020,AAL_006,0.010420618658391839,0.010444647477704006,-2.4028819312167313e-05
AAL_081,AAL_020,0.011102458778529977,0.011126485087032945,-2.4026308502967872e-05
AAL_069,AAL_087,0.011429211238208108,0.011405189355220599,2.402188298750857e-05
AAL_005,AAL_042,0.011128805876255799,0.011152822270102005,-2.4016393846205616e-05
AAL_042,AAL_017,0.011528429396163959,0.011504423196794969,2.4006199368990094e-05
AAL_051,AAL_031,0.010372638833732942,0.010396630958499152,-2.3992124766209974e-05
AAL_048,AAL_011,0.010427669731454335,0.010451655134688093,-2.398540323375782e-05
AAL_070,AAL_045,0.010856810459692,0.010832826137801553,2.3984321890446053e-05
AAL_047,AAL_029,0.010526722504032983,0.010502740248538572,2.3982255494410867e-05
AAL_034,AAL_074,0.010550433101180272,0.010574414521899472,-2.3981420719200106e-05
AAL_026,AAL_049,0.010391524272501214,0.010415499787269248,-2.3975514768034487e-05
AAL_029,AAL_062,0.010854217390983533,0.010830254157630741,2.396323335279206e-05
AAL_053,AAL_076,0.011199109809489077,0.011223061650381342,-2.3951840892265028e-05
AAL_006,AAL_074,0.010745874417022381,0.010721929031643767,2.3945385378613612e-05
AAL_062,AAL_036,0.010772011208976818,0.010795942724915799,-2.393151593898038e-05
AAL_003,AAL_044,0.010739260249667697,0.010715341223195824,2.3919026471872287e-05
AAL_011,AAL_004,0.010813370938054644,0.010789470760979072,2.390017707557153e-05
AAL_082,AAL_054,0.010533964645483682,0.010557833522854016,-2.3868877370334177e-05
AAL_071,AAL_046,0.010758842023200968,0.010782706375619762,-2.3864352418793977e-05
AAL_013,AAL_080,0.010937141694335474,0.010913278308995161,2.3863385340312446e-05
AAL_010,AAL_054,0.01128874892472393,0.011264897346792386,2.3851577931544715e-05
AAL_017,AAL_045,0.010694725578252831,0.01067087498190755,2.3850596345281055e-05
AAL_011,AAL_090,0.010882038390263915,0.010858193680033938,2.3844710229977556e-05
AAL_058,AAL_015,0.010430730101214642,0.010406900696437944,2.3829404776697788e-05
AAL_021,AAL_010,0.011143494765552828,0.01116730925157925,-2.3814486026422707e-05
AAL_061,AAL_009,0.011802148139581848,0.011778351115917893,2.3797023663955225e-05
AAL_007,AAL_054,0.01072633718777225,0.010750133289999466,-2.3796102227215815e-05
AAL_066,AAL_079,0.010321260131417941,0.010345024766201713,-2.3764634783771457e-05
AAL_072,AAL_037,0.012238992790046792,0.012215229520856151,2.376326919064156e-05
AAL_075,AAL_054,0.010753432032055197,0.01077718451554441,-2.3752483489212356e-05
AAL_065,AAL_029,0.01045519619798049,0.010478932817210039,-2.3736619229549477e-05
AAL_057,AAL_043,0.011143174971668767,0.011119439539317015,2.3735432351752045e-05
AAL_039,AAL_052,0.01055819308783254,0.01053446178641124,2.373130142130017e-05
AAL_083,AAL_047,0.011820843232333915,0.011797137729472322,2.3705502861593244e-05
AAL_030,AAL_034,0.011601462215981167,0.011577760953243553,2.3701262737613887e-05
AAL_030,AAL_044,0.010822779099003244,0.010799081411406805,2.3697687596439462e-05
AAL_048,AAL_032,0.010706234991980286,0.010682542570323566,2.369242165672046e-05
AAL_027,AAL_037,0.010973111326352526,0.01099680001308989,-2.368868673736403e-05
AAL_049,AAL_089,0.011044608365394112,0.01102093639540909,2.3671969985022273e-05
AAL_007,AAL_056,0.01054551854578412,0.01052184893331368,2.3669612470439416e-05
AAL_010,AAL_088,0.011160115763131116,0.011183781905224541,-2.366614209342588e-05
AAL_089,AAL_024,0.012122673509865362,0.012099020402628937,2.3653107236424817e-05
AAL_012,AAL_022,0.010567153766194088,0.010543501859637112,2.365190655697659e-05
AAL_025,AAL_081,0.010746255765756609,0.010722609528019175,2.3646237737434336e-05
AAL_002,AAL_030,0.011049222398119478,0.011025611570026383,2.3610828093094394e-05
AAL_044,AAL_087,0.0111640543760493,0.011187664773916044,-2.361039786674332e-05
AAL_075,AAL_031,0.011097966772941953,0.011074361592420277,2.3605180521675193e-05
AAL_037,AAL_061,0.01060700212390377,0.010630601709685461,-2.35995857816914e-05
AAL_023,AAL_060,0.010465856798741425,0.010442258316385686,2.359848235573836e-05
AAL_090,AAL_023,0.010594801055904254,0.010618369379277265,-2.3568323373010513e-05
AAL_029,AAL_020,0.011467511680088619,0.011443975171254527,2.3536508834092265e-05
AAL_052,AAL_072,0.01056535823398039,0.010541822562553451,2.353567142693823e-05
AAL_046,AAL_074,0.010993599037950238,0.010970107215010646,2.3491822939591955e-05
AAL_001,AAL_002,0.011676948360350525,0.011653457176652055,2.3491183698470114e-05
AAL_073,AAL_049,0.01031107860060138,0.010287601868194475,2.3476732406905662e-05
AAL_001,AAL_012,0.010923941753024602,0.01094741042629439,-2.346867326978759e-05
AAL_002,AAL_040,0.010366271743471296,0.010342823660403268,2.3448083068028716e-05
AAL_050,AAL_001,0.01109424769345066,0.011117658841310453,-2.3411147859793077e-05
AAL_032,AAL_042,0.011021521252890428,0.011044924272219685,-2.340301932925691e-05
AAL_084,AAL_021,0.010822235216569697,0.010798851374730875,2.3383841838822694e-05
AAL_072,AAL_011,0.011760374367969412,0.011783752562686172,-2.3378194716759323e-05
AAL_055,AAL_064,0.010485984014872557,0.010509355816407771,-2.3371801535214398e-05
AAL_037,AAL_046,0.010729526599439291,0.01070616210558944,2.3364493849851314e-05
AAL_084,AAL_027,0.010699280885915853,0.01067594090758571,2.3339978330143285e-05
AAL_006,AAL_049,0.010844172776525473,0.01082083678090247,2.3335995623003508e-05
AAL_020,AAL_045,0.010581527888360951,0.010604848264815938,-2.332037645498726e-05
AAL_024,AAL_007,0.011516087364134753,0.011539401939466929,-2.331457533217597e-05
AAL_074,AAL_048,0.010763324667803116,0.01078661568878824,-2.3291020985123298e-05
AAL_041,AAL_082,0.011320088693521854,0.01129681698830045,2.32717052214039e-05
AAL_039,AAL_060,0.010460457995406583,0.010437232661742726,2.3225333663856942e-05
AAL_058,AAL_002,0.011798834810272241,0.011775612117024716,2.3222693247525183e-05
AAL_033,AAL_081,0.011271461854394302,0.011294677950645203,-2.321609625090086e-05
AAL_086,AAL_070,0.011157519599964093,0.011180713384530088,-2.3193784565994982e-05
AAL_037,AAL_043,0.010977558049365368,0.010954372647216095,2.3185402149272435e-05
AAL_063,AAL_039,0.01099955239213812,0.010976373049298823,2.317934283929679e-05
AAL_061,AAL_006,0.0110421057862158,0.011065275588583562,-2.3169802367760742e-05
AAL_015,AAL_014,0.011244930567729294,0.011268093604270933,-2.3163036541639162e-05
AAL_022,AAL_058,0.010683862064590948,0.010707020013137876,-2.3157948546927848e-05
AAL_031,AAL_048,0.010628346570679901,0.010605202832954842,2.3143737725059635e-05
AAL_064,AAL_024,0.009792217035562946,0.00981535478529726,-2.3137749734314025e-05
AAL_041,AAL_022,0.011178334991837669,0.011155236898355242,2.309809348242757e-05
AAL_004,AAL_019,0.010971217137626093,0.01099431144753032,-2.3094309904226826e-05
AAL_063,AAL_027,0.010906222381859891,0.010883133389314558,2.308899254533335e-05
AAL_006,AAL_071,0.011016422669745536,0.01099333573345363,2.308693629190714e-05
AAL_034,AAL_031,0.010988715152518872,0.01096563591453115,2.3079237987722045e-05
AAL_080,AAL_058,0.01144543369539464,0.0114685106564951,-2.307696110045998e-05
AAL_075,AAL_089,0.01059495978272305,0.010618033479187388,-2.307369646433778e-05
AAL_045,AAL_060,0.011177342152222991,0.011200397289254085,-2.305513703109406e-05
AAL_001,AAL_005,0.010664852722110147,0.01064181978359042,2.303293851972643e-05
AAL_040,AAL_058,0.011205448757092923,0.011228475155812635,-2.3026398719712404e-05
AAL_031,AAL_002,0.010262017152232364,0.010285023588308182,-2.300643607581858e-05
AAL_039,AAL_030,0.01049797372239777,0.010520959772151102,-2.298604975333081e-05
AAL_020,AAL_082,0.011107752236943597,0.011130721507034733,-2.2969270091136376e-05
AAL_066,AAL_063,0.010146216192863818,0.01016918084729768,-2.2964654433861587e-05
AAL_026,AAL_017,0.010010233061372215,0.01003319649464883,-2.2963433276615083e-05
AAL_013,AAL_030,0.011015834907690683,0.010992893235060032,2.294167263065111e-05
AAL_057,AAL_049,0.01114469118273029,0.011121749933393066,2.2941249337223024e-05
AAL_060,AAL_004,0.011111175102126012,0.011134099628933459,-2.292452680744718e-05
AAL_014,AAL_071,0.011077483313985996,0.011054560620679749,2.2922693306247355e-05
AAL_074,AAL_024,0.010677306102907173,0.01065439857524027,2.2907527666904057e-05
AAL_011,AAL_034,0.010776868983546002,0.010799768748265638,-2.289976471963641e-05
AAL_087,AAL_050,0.01068364995985459,0.010706544338399659,-2.2894378545069288e-05
AAL_007,AAL_048,0.010739094902100598,0.010761986269382183,-2.2891367281584196e-05
AAL_051,AAL_062,0.010578420238059938,0.01055553378467968,2.2886453380258423e-05
AAL_059,AAL_084,0.010943410327084936,0.010966292577830349,-2.288225074541239e-05
AAL_014,AAL_007,0.011559976670795526,0.011537108764459122,2.2867906336404564e-05
AAL_001,AAL_075,0.010790996673381608,0.010813862921915043,-2.286624853343501e-05
AAL_044,AAL_003,0.011268570264960583,0.011245716229155106,2.285403580547761e-05
AAL_002,AAL_039,0.010326195661472077,0.010303347565640438,2.2848095831638424e-05
AAL_025,AAL_064,0.010399479976194536,0.010422315732772386,-2.2835756577849545e-05
AAL_060,AAL_035,0.010738654298962563,0.010715821207900792,2.2833091061770852e-05
AAL_015,AAL_048,0.01085282007081068,0.010829987198521126,2.2832872289553496e-05
AAL_017,AAL_051,0.010397949333613118,0.010420774021844562,-2.282468823144347e-05
AAL_023,AAL_005,0.011670612793766025,0.011647788421817068,2.282437194895716e-05
AAL_017,AAL_055,0.010578399104201514,0.010601218685822067,-2.281958162055238e-05
AAL_024,AAL_074,0.010828320665332751,0.010805522741070456,2.279792426229492e-05
AAL_089,AAL_030,0.010717047792341974,0.010739833220525208,-2.278542818323452e-05
AAL_004,AAL_050,0.010220130702528434,0.010197383166746081,2.2747535782352557e-05
AAL_081,AAL_053,0.010651258835330224,0.01062852848626248,2.273034906774378e-05
AAL_009,AAL_050,0.010761317110453278,0.010738599449211255,2.2717661242023166e-05
AAL_012,AAL_041,0.01071855224048098,0.010695857987288506,2.2694253192474118e-05
AAL_011,AAL_035,0.010821351423286475,0.010844044218639434,-2.2692795352958345e-05
AAL_044,AAL_057,0.011232563855651861,0.011255255863347805,-2.269200769594408e-05
AAL_001,AAL_006,0.010349551498348642,0.010372240493818193,-2.2688995469550416e-05
AAL_065,AAL_022,0.010919261831217088,0.010896580890005931,2.2680941211156505e-05
AAL_043,AAL_054,0.012134747908044701,0.012157417718256378,-2.266981021167673e-05
AAL_001,AAL_085,0.010880384888722856,0.010857772313187792,2.261257553506403e-05
AAL_043,AAL_085,0.01104337945739683,0.011020769076260088,2.2610381136741256e-05
AAL_015,AAL_006,0.011490822938851949,0.011468222505752709,2.2600433099239856e-05
AAL_001,AAL_081,0.010827286192812981,0.010849864305304387,-2.2578112491405608e-05
AAL_062,AAL_006,0.010835510730329487,0.010812940357932382,2.2570372397105742e-05
AAL_085,AAL_066,0.010932831806090906,0.010910272801632325,2.2559004458581194e-05
AAL_041,AAL_021,0.011237542799666014,0.011260099764497345,-2.2556964831331114e-05
AAL_046,AAL_063,0.010968466193821186,0.010991013747531338,-2.254755371015188e-05
AAL_027,AAL_032,0.011034021275436394,0.011011477599091476,2.254367634491744e-05
AAL_018,AAL_081,0.012666670062268773,0.012644137577072858,2.253248519591515e-05
AAL_014,AAL_081,0.0112158516382114,0.011193320823015262,2.2530815196137796e-05
AAL_048,AAL_071,0.010659727858952604,0.01068225573221448,-2.2527873261875622e-05
AAL_011,AAL_088,0.010860189194512418,0.010837661754108836,2.2527440403581275e-05
AAL_011,AAL_048,0.010601072014970148,0.010623592425775588,-2.2520410805439844e-05
AAL_070,AAL_038,0.010812182685869753,0.010789667424877584,2.2515260992169578e-05
AAL_057,AAL_071,0.010991624711702267,0.011014137456364578,-2.2512744662311554e-05
AAL_085,AAL_006,0.010812332632784277,0.010789834633099826,2.2497999684451334e-05
AAL_010,AAL_050,0.01116305760617376,0.011185551223994485,-2.24936178207253e-05
AAL_086,AAL_027,0.011059285177347751,0.011036807352274879,2.2477825072872784e-05
AAL_020,AAL_014,0.010894702289762914,0.010872246108246648,2.245618151626612e-05
AAL_009,AAL_039,0.011004576471467048,0.010982132368899012,2.2444102568035598e-05
AAL_084,AAL_085,0.010871415486177191,0.010848976362025175,2.243912415201589e-05
AAL_023,AAL_040,0.011144357327467356,0.01112192477938481,2.2432548082545675e-05
AAL_075,AAL_038,0.011061718297374045,0.011084149443722392,-2.2431146348346476e-05
AAL_048,AAL_085,0.010628572151733514,0.010650974053602952,-2.2401901869438523e-05
AAL_020,AAL_051,0.010401024278173717,0.010423419613474356,-2.239533530063939e-05
AAL_089,AAL_002,0.011156708903562946,0.011179099656715435,-2.2390753152488896e-05
AAL_035,AAL_071,0.011837162137127075,0.011859548386768727,-2.2386249641652076e-05
AAL_023,AAL_080,0.0108937850385172,0.010871407841667348,2.2377196849851164e-05
AAL_063,AAL_085,0.011178675145468013,0.01115629918614481,2.2375959323204034e-05
AAL_036,AAL_062,0.011805195470826112,0.011827566134038545,-2.237066321243361e-05
AAL_083,AAL_056,0.011955032353966027,0.011977385979136522,-2.2353625170494495e-05
AAL_004,AAL_045,0.010249763854548462,0.010227412094013124,2.2351760535338147e-05
AAL_028,AAL_075,0.010495933735918285,0.010518277951379863,-2.234421546157793e-05
AAL_087,AAL_015,0.011742544760449957,0.011720208162280081,2.2336598169876015e-05
AAL_002,AAL_065,0.010222886591497013,0.010200550121072653,2.233647042436046e-05
AAL_072,AAL_041,0.01209711174791058,0.012119441965673461,-2.2330217762881605e-05
AAL_085,AAL_001,0.010999845350797996,0.011022168149242626,-2.2322798444629824e-05
AAL_077,AAL_046,0.01053585273683326,0.010558169048566084,-2.2316311732824973e-05
AAL_048,AAL_046,0.012004619539898431,0.012026887578848131,-2.2268038949700003e-05
AAL_077,AAL_018,0.011112691315177541,0.011134937458738647,-2.2246143561105783e-05
AAL_018,AAL_009,0.01093032098828982,0.01095252666650132,-2.220567821149995e-05
AAL_037,AAL_030,0.011156817888204232,0.011134620543301254,2.2197344902977548e-05
AAL_078,AAL_089,0.011221117523108792,0.01119894523487863,2.2172288230161083e-05
AAL_080,AAL_019,0.010637962721033484,0.010660120609583837,-2.2157888550353166e-05
AAL_087,AAL_029,0.010639898902856005,0.010662054354163168,-2.2155451307162913e-05
AAL_056,AAL_059,0.010948410629828135,0.010970565328656444,-2.215469882830938e-05
AAL_020,AAL_010,0.01068757977296845,0.010709716885283627,-2.2137112315176455e-05
AAL_008,AAL_026,0.011030775954564795,0.011052912738978418,-2.2136784413623323e-05
AAL_009,AAL_032,0.01096794967396328,0.0109900705904582,-2.212091649492036e-05
AAL_029,AAL_056,0.01061389766808631,0.01063599730968919,-2.2099641602879583e-05
AAL_081,AAL_085,0.011119545684156254,0.011141624884037462,-2.207919988120831e-05
AAL_068,AAL_077,0.010670325499919489,0.010648256729336145,2.206877058334375e-05
AAL_087,AAL_008,0.010582303096993994,0.01056023661703537,2.2066479958624333e-05
AAL_004,AAL_037,0.010142310612046948,0.010120244835394783,2.2065776652164387e-05
AAL_058,AAL_041,0.010680861804936813,0.010658808276704316,2.2053528232496983e-05
AAL_084,AAL_011,0.010702571857513653,0.010680523892822988,2.204796469066489e-05
AAL_060,AAL_062,0.012833971004837599,0.012855987949643478,-2.201694480587907e-05
AAL_014,AAL_011,0.0119888718224043,0.012010864527530913,-2.1992705126611806e-05
AAL_046,AAL_071,0.011065008094868599,0.011043017878019189,2.1990216849409466e-05
AAL_089,AAL_044,0.011072422170804607,0.01109438846881499,-2.196629801038373e-05
AAL_088,AAL_051,0.011097995932492563,0.011076068512577721,2.192741991484219e-05
AAL_039,AAL_076,0.010829124390744628,0.01085103689820018,-2.1912507455552205e-05
AAL_029,AAL_008,0.010634799871959874,0.010612890052680787,2.190981927908779e-05
AAL_023,AAL_047,0.0108624745068801,0.010884364482209493,-2.1889975329392533e-05
AAL_009,AAL_079,0.010777765944695625,0.010755878785352405,2.1887159343220858e-05
AAL_033,AAL_021,0.010509229458183942,0.010487354871246123,2.187458693781938e-05
AAL_066,AAL_014,0.011538573926808232,0.011560442838956493,-2.1868912148260977e-05
AAL_020,AAL_061,0.010899427334945172,0.010877563708251523,2.1863626693648802e-05
AAL_063,AAL_021,0.011001532578952292,0.010979673681923976,2.185889702831581e-05
AAL_040,AAL_030,0.01116164024067549,0.011139783254886975,2.1856985788515707e-05
AAL_045,AAL_047,0.012180675314659746,0.012202517832016974,-2.1842517357227587e-05
AAL_043,AAL_089,0.010852238402152672,0.010830424987149445,2.1813415003226963e-05
AAL_065,AAL_045,0.010759704780136036,0.010781502459780603,-2.1797679644566803e-05
AAL_042,AAL_053,0.011425216797675587,0.011447008817038376,-2.1792019362788795e-05
AAL_090,AAL_027,0.010771836094462719,0.010793597888081305,-2.1761793618586128e-05
AAL_014,AAL_002,0.011948792257895455,0.0119270322585557,2.1759999339754713e-05
AAL_007,AAL_022,0.010538953814146101,0.010560709532470472,-2.175571832437051e-05
AAL_006,AAL_038,0.010943833067933591,0.010965569460159053,-2.173639222546181e-05
AAL_008,AAL_045,0.01113443622071073,0.011156135007609652,-2.1698786898921574e-05
AAL_026,AAL_073,0.009974980380577154,0.009996661435692542,-2.1681055115387038e-05
AAL_064,AAL_083,0.010407481951495776,0.010385806034446207,2.167591704956874e-05
AAL_070,AAL_080,0.011223726880012287,0.011202059286385405,2.1667593626881546e-05
AAL_037,AAL_045,0.010743374685541941,0.010721709771040209,2.1664914501732385e-05
AAL_081,AAL_063,0.011888788626967078,0.011910452507436275,-2.166388046919744e-05
AAL_004,AAL_059,0.01025462704591262,0.010276285989242363,-2.1658943329743233e-05
AAL_053,AAL_011,0.011596974797355823,0.011618618308000322,-2.1643510644498917e-05
AAL_028,AAL_069,0.010855458951435791,0.010877100212346976,-2.1641260911184346e-05
AAL_040,AAL_018,0.011151342547267802,0.011129703076912216,2.1639470355586457e-05
AAL_031,AAL_069,0.010448224175896527,0.010469863399234659,-2.1639223338131355e-05
AAL_085,AAL_084,0.010929335292794893,0.010950966641103512,-2.163134830861918e-05
AAL_029,AAL_061,0.011034344734910589,0.011055971703794843,-2.162696888425436e-05
AAL_025,AAL_066,0.011115095403013576,0.01113671955026261,-2.1624147249033748e-05
AAL_063,AAL_004,0.01087322985777297,0.010851624521147228,2.16053366257421e-05
AAL_014,AAL_047,0.010870599060550205,0.010849000976210641,2.1598084339564255e-05
AAL_056,AAL_083,0.010834824076941254,0.010856396835251126,-2.1572758309872445e-05
AAL_040,AAL_039,0.012998689829698231,0.013020239479229704,-2.1549649531472925e-05
AAL_002,AAL_046,0.01044017250617791,0.010461719288368232,-2.1546782190321953e-05
AAL_059,AAL_003,0.011690809190448405,0.011712341460748286,-2.153227029988089e-05
AAL_062,AAL_041,0.01056171035887594,0.010540180936659092,2.1529422216847588e-05
AAL_061,AAL_077,0.011284446785560785,0.011262924745494023,2.152204006676192e-05
AAL_021,AAL_060,0.01068300929151348,0.010704513902662706,-2.1504611149225292e-05
AAL_017,AAL_065,0.010379037581002101,0.010400537198072036,-2.1499617069934557e-05
AAL_041,AAL_070,0.010861879996716594,0.010883351619223654,-2.1471622507060126e-05
AAL_005,AAL_054,0.011163173133953132,0.011184642204631202,-2.146907067807069e-05
AAL_018,AAL_079,0.012807271666188016,0.012828725928593214,-2.145426240519714e-05
AAL_048,AAL_067,0.011003124042071847,0.010981681758986218,2.144228308562958e-05
AAL_079,AAL_064,0.012181803960209856,0.012160397294178494,2.1406666031361862e-05
AAL_042,AAL_037,0.01232073652661509,0.012299338730038249,2.139779657684207e-05
AAL_053,AAL_055,0.012688591755910689,0.012667200920950835,2.1390834959854332e-05
AAL_058,AAL_021,0.010361965656137237,0.010340591035228656,2.1374620908580846e-05
AAL_061,AAL_052,0.011034017601886239,0.011012674757642279,2.1342844243960046e-05
AAL_021,AAL_047,0.010879220162383001,0.010900553962950671,-2.1333800567669564e-05
AAL_021,AAL_039,0.011574758549069619,0.01155342741247738,2.133113659223869e-05
AAL_017,AAL_002,0.01118238030288082,0.011161071262218372,2.1309040662447973e-05
AAL_022,AAL_084,0.011243243023164125,0.011221945955979617,2.129706718450794e-05
AAL_015,AAL_080,0.01087510391162374,0.010853815109702404,2.1288801921336142e-05
AAL_085,AAL_002,0.010640782773749441,0.01061951042968715,2.1272344062290074e-05
AAL_020,AAL_017,0.011302297769719336,0.0112810273915899,2.1270378129436066e-05
AAL_086,AAL_059,0.01076354926579401,0.010742302179780255,2.1247086013755426e-05
AAL_061,AAL_051,0.011211039574068582,0.011189800527677051,2.1239046391530528e-05
AAL_044,AAL_019,0.011114182983501216,0.011092969361997716,2.1213621503500535e-05
AAL_008,AAL_013,0.011367012939662633,0.011345814626950484,2.1198312712149628e-05
AAL_016,AAL_063,0.010433693460196767,0.010412496260411243,2.119719978552377e-05
AAL_005,AAL_063,0.011051192127454739,0.011029999402742232,2.1192724712506758e-05
AAL_003,AAL_015,0.011310928664369207,0.011289740924171123,2.1187740198084018e-05
AAL_007,AAL_042,0.010580026743631078,0.010558841093709095,2.1185649921982505e-05
AAL_087,AAL_013,0.010847696240465993,0.01086885643147727,-2.116019101127721e-05
AAL_039,AAL_072,0.010978902944833295,0.010957743540387739,2.1159404445556668e-05
AAL_069,AAL_068,0.011296341291222816,0.011317474857693719,-2.113356647090274e-05
AAL_004,AAL_055,0.010237944973075492,0.01021683329794898,2.1111675126512727e-05
AAL_021,AAL_014,0.010602746121028168,0.010623856283557918,-2.1110162529749607e-05
AAL_028,AAL_045,0.010464259861116735,0.010485352280436467,-2.1092419319732048e-05
AAL_089,AAL_017,0.010960860068424262,0.010981943918202562,-2.1083849778299676e-05
AAL_083,AAL_009,0.01191541200909668,0.011894329189884456,2.108281921222449e-05
AAL_001,AAL_053,0.010920767594749728,0.010941846887800593,-2.107929305086506e-05
AAL_022,AAL_073,0.01070733243623414,0.010686274955312608,2.1057480921533173e-05
AAL_079,AAL_056,0.011260055642352145,0.011281104088199346,-2.1048445847200378e-05
AAL_027,AAL_070,0.011039679038187122,0.011018640872451567,2.1038165735554754e-05
AAL_038,AAL_059,0.010584791085451968,0.010605825402452692,-2.1034317000723918e-05
AAL_084,AAL_039,0.010988568146832479,0.010967534419065965,2.1033727766513882e-05
AAL_058,AAL_029,0.010782559058016054,0.010761525472695418,2.1033585320635872e-05
AAL_012,AAL_036,0.01070352865414869,0.010682497654230363,2.1030999918326965e-05
AAL_059,AAL_027,0.011210986882702917,0.011189957128528034,2.10297541748828e-05
AAL_030,AAL_037,0.011319126050250653,0.011298100191351053,2.1025858899599917e-05
AAL_012,AAL_059,0.01081036371537126,0.010789339289660785,2.1024425710475247e-05
AAL_060,AAL_011,0.010942170296946907,0.010921147896933645,2.1022400013262846e-05
AAL_037,AAL_078,0.011384377574436685,0.01136336077892085,2.10167955158342e-05
AAL_084,AAL_051,0.010351082582711281,0.010330070505755268,2.101207695601355e-05
AAL_019,AAL_081,0.01062306259265249,0.010602064883664584,2.0997708987906608e-05
AAL_073,AAL_061,0.010880642857116003,0.010859649103809675,2.099375330632744e-05
AAL_022,AAL_069,0.010846957960365038,0.010825972504932295,2.0985455432743008e-05
AAL_081,AAL_044,0.010635405874405151,0.010656386019925473,-2.098014552032179e-05
AAL_037,AAL_006,0.01071642692057559,0.010695470954585016,2.095596599057531e-05
AAL_066,AAL_013,0.010897438260766432,0.010876484363161897,2.095389760453474e-05
AAL_040,AAL_080,0.011310987494901842,0.011290036719615938,2.0950775285903667e-05
AAL_008,AAL_086,0.011447646386491565,0.011426697138502787,2.094924798877809e-05
AAL_084,AAL_067,0.010378345208338056,0.010399290901278295,-2.0945692940239555e-05
AAL_071,AAL_037,0.01139882013687275,0.011419761717948073,-2.094158107532329e-05
AAL_057,AAL_007,0.010848338765482236,0.010869275008977643,-2.0936243495407042e-05
AAL_057,AAL_089,0.010993176720972754,0.011014104104385926,-2.092738341317145e-05
AAL_059,AAL_026,0.010749661652212087,0.010770574681202029,-2.0913028989941532e-05
AAL_038,AAL_037,0.012204960953746723,0.0121840549535846,2.0906000162123142e-05
AAL_082,AAL_088,0.010373086169059588,0.010393977394008607,-2.0891224949019793e-05
AAL_040,AAL_027,0.011582238953878991,0.011561348225468442,2.089072841054973e-05
AAL_029,AAL_010,0.01065634068252885,0.010635458614686434,2.0882067842415558e-05
AAL_043,AAL_008,0.01100809272362763,0.01098721291148855,2.087981213908137e-05
AAL_074,AAL_044,0.010811716351960586,0.010790851741345142,2.086461061544427e-05
AAL_049,AAL_013,0.011277380303885693,0.011256516943443057,2.0863360442635245e-05
AAL_021,AAL_002,0.010507483371636935,0.010486623977146876,2.0859394490058483e-05
AAL_022,AAL_060,0.010617531581312163,0.010638381775108076,-2.0850193795912686e-05
AAL_037,AAL_009,0.010663830115993181,0.010642994874649248,2.0835241343932984e-05
AAL_022,AAL_043,0.010976101653889203,0.010996936203417351,-2.083454952814777e-05
AAL_047,AAL_017,0.010533214614400242,0.010512397328747562,2.0817285652679693e-05
AAL_033,AAL_041,0.01093048202749501,0.010909669757554905,2.0812269940105252e-05
AAL_059,AAL_047,0.011348210356763413,0.011327406530159874,2.0803826603538883e-05
AAL_032,AAL_005,0.011213760771271255,0.01123456209990434,-2.0801328633085134e-05
AAL_072,AAL_023,0.012132552466315463,0.012111753770716433,2.0798695599030456e-05
AAL_056,AAL_034,0.0105438433909932,0.010564635024768839,-2.079163377563878e-05
AAL_088,AAL_034,0.01071565753270864,0.010694875788618406,2.0781744090233104e-05
AAL_059,AAL_062,0.012782438085056268,0.012761663391298752,2.0774693757516158e-05
AAL_046,AAL_013,0.010831405271370059,0.010852173231911866,-2.0767960541807212e-05
AAL_053,AAL_088,0.011328182923488127,0.011348930816108329,-2.074789262020149e-05
AAL_071,AAL_028,0.011080064952102864,0.011059317481299636,2.074747080322778e-05
AAL_006,AAL_052,0.010849062032981688,0.010828338066582793,2.0723966398895205e-05
AAL_077,AAL_001,0.011042085923970891,0.011062804061836256,-2.071813786536439e-05
AAL_080,AAL_045,0.010487743802607441,0.010508450434517771,-2.070663191033016e-05
AAL_050,AAL_005,0.010949343872758059,0.010928683445116426,2.0660427641632645e-05
AAL_018,AAL_034,0.011625847009082254,0.011646471783592743,-2.0624774510489066e-05
AAL_038,AAL_017,0.010737561978972875,0.01071694958723952,2.0612391733353802e-05
AAL_019,AAL_074,0.01082394750486327,0.010803358860443308,2.058864441996204e-05
AAL_013,AAL_084,0.010866405617477547,0.010886987666634117,-2.0582049156569332e-05
AAL_004,AAL_001,0.01039557105415843,0.010416145080575725,-2.0574026417294333e-05
AAL_011,AAL_083,0.011220649004173584,0.011241220057972016,-2.0571053798431466e-05
AAL_027,AAL_083,0.011310965980952367,0.011331528901277345,-2.0562920324977696e-05
AAL_006,AAL_041,0.010798741659372408,0.010819266134267558,-2.0524474895150177e-05
AAL_042,AAL_002,0.011367527758065835,0.011388032734116756,-2.050497605092169e-05
AAL_042,AAL_046,0.011237468817231491,0.011216977317690405,2.0491499541086533e-05
AAL_042,AAL_020,0.011416847879289944,0.011437334034767547,-2.048615547760313e-05
AAL_070,AAL_021,0.010776109231285688,0.010796592778828985,-2.048354754329712e-05
AAL_072,AAL_022,0.013415634343559798,0.013436101212931182,-2.0466869371384144e-05
AAL_002,AAL_076,0.010492285098641729,0.010512740552314458,-2.0455453672728677e-05
AAL_060,AAL_066,0.01137463718206964,0.01139508787237533,-2.045069030568933e-05
AAL_069,AAL_004,0.011361722374717012,0.011382162575575318,-2.0440200858305724e-05
AAL_037,AAL_082,0.011248491310442869,0.011268931357813976,-2.044004737110708e-05
AAL_055,AAL_048,0.011043355957421864,0.011063787480700697,-2.0431523278833033e-05
AAL_064,AAL_026,0.009748138119188001,0.009727710042213535,2.042807697446615e-05
AAL_057,AAL_050,0.011244991985269083,0.01122458697650258,2.040500876650253e-05
AAL_082,AAL_089,0.010182118349764338,0.010202517945587486,-2.039959582314857e-05
AAL_028,AAL_033,0.010259948889764711,0.01028034691617965,-2.0398026414939277e-05
AAL_011,AAL_056,0.010629952602629732,0.010650323925738595,-2.0371323108862513e-05
AAL_052,AAL_071,0.010535526417721158,0.010515156832914199,2.036958480695905e-05
AAL_017,AAL_052,0.010487589388130566,0.01050795283556798,-2.036344743741418e-05
AAL_068,AAL_058,0.010651020770972101,0.010671381584412555,-2.03608134404544e-05
AAL_082,AAL_040,0.010507058666652849,0.01048669840206875,2.0360264584098203e-05
AAL_071,AAL_062,0.010843457813318977,0.010863816973385829,-2.0359160066851442e-05
AAL_016,AAL_078,0.010656273169602212,0.010635915240064893,2.0357929537319006e-05
AAL_061,AAL_038,0.010685656416731385,0.010706007085444762,-2.0350668713376915e-05
AAL_008,AAL_046,0.011400573114808807,0.011420923028668163,-2.0349913859355612e-05
AAL_016,AAL_054,0.010609587025629658,0.010589239030392383,2.0347995237274957e-05
AAL_084,AAL_068,0.010437798732095677,0.010458146455344135,-2.034772324845807e-05
AAL_055,AAL_046,0.010727879179355044,0.01070753694338627,2.0342235968773617e-05
AAL_006,AAL_054,0.010898256371928077,0.010877926884769061,2.032948715901574e-05
AAL_006,AAL_082,0.010546793912449835,0.01052647724368658,2.0316668763254234e-05
AAL_046,AAL_067,0.011996192382011786,0.012016505421261781,-2.031303924999485e-05
AAL_074,AAL_023,0.010604561861747732,0.010624865767899578,-2.030390615184556e-05
AAL_050,AAL_070,0.01119930337334418,0.01121959562364864,-2.0292250304461065e-05
AAL_064,AAL_077,0.010834265382896759,0.010854555892459955,-2.029050956319639e-05
AAL_057,AAL_075,0.011447013109030887,0.011467300683592745,-2.0287574561857202e-05
AAL_045,AAL_027,0.010450225289608551,0.010470495050860841,-2.0269761252290214e-05
AAL_022,AAL_065,0.011133645583565036,0.011113400924627303,2.0244658937733362e-05
AAL_060,AAL_016,0.010855735243799595,0.010835497512969722,2.0237730829873388e-05
AAL_039,AAL_027,0.011163443410530305,0.011143209731608407,2.0233678921897577e-05
AAL_061,AAL_008,0.011635542278074555,0.01165577347988896,-2.0231201814404493e-05
AAL_075,AAL_051,0.010501561859527078,0.010481349317352322,2.02125421747551e-05
AAL_044,AAL_027,0.011118880960628645,0.011098674077901148,2.0206882727497044e-05
AAL_034,AAL_085,0.010203683740881264,0.010223881142773197,-2.0197401891932504e-05
AAL_064,AAL_075,0.010970251976997934,0.010950058312721495,2.0193664276439358e-05
AAL_081,AAL_056,0.010683368027815197,0.01070355686125699,-2.0188833441793855e-05
AAL_066,AAL_060,0.010887826908316113,0.010908010771622876,-2.018386330676289e-05
AAL_012,AAL_018,0.011411627850089317,0.011431795274538378,-2.0167424449060722e-05
AAL_041,AAL_014,0.010825962588413913,0.01080579948022259,2.0163108191322346e-05
AAL_015,AAL_012,0.011154872468776174,0.011134723212948951,2.014925582722281e-05
AAL_025,AAL_058,0.010858848812376969,0.010838703860161322,2.0144952215646328e-05
AAL_048,AAL_004,0.010673844701268224,0.010653718106596552,2.01265946716718e-05
AAL_062,AAL_031,0.0102994349749329,0.010319541853207808,-2.01068782749083e-05
AAL_030,AAL_035,0.010655707116517374,0.01067581102390665,-2.010390738927531e-05
AAL_061,AAL_030,0.011208915788457435,0.011188830017914103,2.0085770543331813e-05
AAL_009,AAL_060,0.010909944203578763,0.01088990569207124,2.0038511507522103e-05
AAL_046,AAL_072,0.011206967587001685,0.011186933147238,2.0034439763685907e-05
AAL_007,AAL_080,0.01057641351651241,0.010596427368577892,-2.0013852065481688e-05
AAL_045,AAL_073,0.010630570262527237,0.010610563888517267,2.000637400997006e-05
AAL_015,AAL_078,0.010876095455744837,0.010896097450394637,-2.0001994649800417e-05
AAL_010,AAL_048,0.011030107390326567,0.011050102649899038,-1.999525957247124e-05
AAL_008,AAL_017,0.010759783932604851,0.010779770172060128,-1.9986239455276403e-05
AAL_042,AAL_040,0.012388451042799996,0.01236846502269468,1.9986020105316332e-05
AAL_010,AAL_052,0.01117768827586984,0.011197670293560542,-1.998201769070132e-05
AAL_027,AAL_022,0.0120894055829471,0.01210937486781228,-1.9969284865179945e-05
AAL_066,AAL_083,0.010353566561308172,0.010333615454565502,1.9951106742669214e-05
AAL_021,AAL_043,0.01090157468819147,0.010921514449784389,-1.9939761592919006e-05
AAL_081,AAL_013,0.010640071434342964,0.010660002541915507,-1.9931107572543696e-05
AAL_089,AAL_082,0.011016118429744473,0.011036037116152033,-1.9918686407559977e-05
AAL_057,AAL_006,0.010867703250314817,0.010887614254915981,-1.991100460116413e-05
AAL_057,AAL_086,0.011201261276076747,0.011181352562999016,1.9908713077731316e-05
AAL_085,AAL_018,0.010522580592152782,0.010542484517983407,-1.990392583062564e-05
AAL_050,AAL_089,0.010648145055812266,0.010628264857266588,1.988019854567806e-05
AAL_018,AAL_083,0.011187731503294064,0.01116785544569306,1.9876057601004096e-05
AAL_020,AAL_050,0.010627714333992101,0.010647587431941375,-1.9873097949273805e-05
AAL_054,AAL_043,0.01205309614356066,0.0120332414774275,1.9854666133158755e-05
AAL_009,AAL_018,0.010754803320966087,0.010734955856470257,1.9847464495830608e-05
AAL_074,AAL_055,0.010742524698472176,0.010762362546812069,-1.9837848339893105e-05
AAL_046,AAL_062,0.011191869624213785,0.011211703931242597,-1.983430702881192e-05
AAL_084,AAL_065,0.010518354033398578,0.010538169698184241,-1.9815664785663434e-05
AAL_070,AAL_033,0.011373490039418396,0.01135369501407108,1.9795025347315795e-05
AAL_020,AAL_037,0.01059963585386992,0.010579842674284804,1.9793179585116463e-05
AAL_037,AAL_038,0.012149218071857069,0.012169011196043,-1.9793124185931224e-05
AAL_034,AAL_035,0.010489943331807978,0.010470180885482662,1.976244632531654e-05
AAL_069,AAL_029,0.011412545117255077,0.011392785132245597,1.9759985009479633e-05
AAL_001,AAL_052,0.010654097038886359,0.010673852011136175,-1.9754972249815678e-05
AAL_073,AAL_052,0.010279787151127035,0.010260054994161903,1.97321569651316e-05
AAL_089,AAL_079,0.010987858100929577,0.011007588446861314,-1.973034593173717e-05
AAL_001,AAL_035,0.010200854142108915,0.010220583720091112,-1.9729577982196406e-05
AAL_001,AAL_086,0.01057112257147574,0.010551401541080724,1.9721030395016687e-05
AAL_046,AAL_032,0.011543913511559367,0.011524195990827924,1.9717520731443033e-05
AAL_079,AAL_016,0.011109720571285002,0.01112943181476877,-1.971124348376825e-05
AAL_059,AAL_066,0.011715043726194108,0.011695359059362198,1.968466683190985e-05
AAL_048,AAL_081,0.010806730679737834,0.01078704653987222,1.9684139865614597e-05
AAL_020,AAL_042,0.010715580185174815,0.010735250984043548,-1.9670798868732728e-05
AAL_016,AAL_030,0.01115533685645996,0.0111356696654712,1.966719098876052e-05
AAL_025,AAL_039,0.011478533116607076,0.011458880815738188,1.9652300868887307e-05
AAL_074,AAL_034,0.011193096510365479,0.011173464965639132,1.9631544726346484e-05
AAL_056,AAL_022,0.010735716340410659,0.010755347141131721,-1.963080072106202e-05
AAL_039,AAL_047,0.010869081552005094,0.010849461599574343,1.961995243075082e-05
AAL_017,AAL_046,0.010464675559335921,0.010484278592611513,-1.9603033275592333e-05
AAL_041,AAL_062,0.010614348903823739,0.010633947882366832,-1.959897854309292e-05
AAL_056,AAL_062,0.010667709816788506,0.010648115230701105,1.9594586087400348e-05
AAL_004,AAL_088,0.01072314046880501,0.010703555266684841,1.9585202120168607e-05
AAL_059,AAL_074,0.011004532323195001,0.010984949501827544,1.9582821367457315e-05
AAL_057,AAL_026,0.010880509488937309,0.01090009007880247,-1.9580589865160133e-05
AAL_060,AAL_080,0.011159852537143434,0.011179411869320473,-1.9559332177039937e-05
AAL_086,AAL_061,0.010730475597242769,0.010750009664438351,-1.9534067195582303e-05
AAL_025,AAL_079,0.010853819594853837,0.01083429779154861,1.9521803305227667e-05
AAL_083,AAL_018,0.011749134028855806,0.01176865547941651,-1.9521450560703105e-05
AAL_090,AAL_054,0.011134008154607354,0.011114487810425516,1.9520344181837845e-05
AAL_008,AAL_065,0.011665020884277347,0.011684539432061962,-1.9518547784614163e-05
AAL_002,AAL_033,0.01113799664303342,0.01111848946318733,1.950717984609135e-05
AAL_057,AAL_040,0.011082221881255634,0.011101721651926083,-1.9499770670448544e-05
AAL_075,AAL_059,0.010641052357804699,0.010621557356535501,1.949500126919787e-05
AAL_087,AAL_049,0.010727848115369167,0.010747339202104963,-1.9491086735795582e-05
AAL_074,AAL_042,0.011652977725204367,0.011633504614252459,1.9473110951908137e-05
AAL_018,AAL_073,0.012649049154586263,0.012629577085819493,1.94720687667696e-05
AAL_035,AAL_046,0.01218977426059353,0.012209229742086703,-1.9455481493173277e-05
AAL_056,AAL_009,0.010433446154253095,0.010452880882299863,-1.9434728046767435e-05
AAL_017,AAL_030,0.011667212051474769,0.011647778657951366,1.9433393523402356e-05
AAL_040,AAL_020,0.010965117840414755,0.010945685237886445,1.9432602528310014e-05
AAL_079,AAL_047,0.011420528203424098,0.01143992939506364,-1.940119163954153e-05
AAL_078,AAL_011,0.011335457460238384,0.011354849643764956,-1.9392183526572432e-05
AAL_066,AAL_033,0.010442497242544578,0.010423126840783704,1.9370401760874026e-05
AAL_023,AAL_055,0.0111072431358262,0.01108787406614933,1.936906967687016e-05
AAL_028,AAL_085,0.01129591005305067,0.011315278792129853,-1.9368739079182046e-05
AAL_084,AAL_082,0.01128424882578353,0.01126489793609079,1.935088969274093e-05
AAL_037,AAL_052,0.010747965596393388,0.010767315338751667,-1.9349742358279118e-05
AAL_047,AAL_059,0.010634060630686263,0.010653380510251664,-1.9319879565401696e-05
AAL_049,AAL_020,0.010946831827123579,0.010927518282002462,1.9313545121116618e-05
AAL_024,AAL_004,0.012480082856013607,0.012460777124681188,1.9305731332418946e-05
AAL_067,AAL_014,0.01044028109878811,0.010459586527318723,-1.9305428530612748e-05
AAL_008,AAL_034,0.011875915563959852,0.011856613650677665,1.930191328218707e-05
AAL_079,AAL_070,0.011502127437732922,0.01152142645703356,-1.9299019300637876e-05
AAL_024,AAL_042,0.010882046622916674,0.01090134434845696,-1.9297725540285554e-05
AAL_067,AAL_065,0.010890585883783225,0.010909877229879423,-1.929134609619798e-05
AAL_064,AAL_002,0.01175926498368255,0.011778545244677783,-1.9280260995232362e-05
AAL_036,AAL_063,0.01130188170931915,0.011282622067733823,1.925964158532717e-05
AAL_090,AAL_031,0.01020194553077603,0.010182696020244516,1.9249510531513594e-05
AAL_064,AAL_001,0.011246551604320606,0.01122730437009861,1.924723422199598e-05
AAL_015,AAL_013,0.012256722616700407,0.012275962845396907,-1.9240228696499467e-05
AAL_065,AAL_016,0.011181037136727674,0.01116179888397825,1.9238252749423368e-05
AAL_056,AAL_012,0.010595181270335347,0.010575957651765411,1.922361856993536e-05
AAL_050,AAL_008,0.011180539525902042,0.011161330509607314,1.9209016294728654e-05
AAL_073,AAL_075,0.012108157364985881,0.012088962874511631,1.9194490474249912e-05
AAL_068,AAL_047,0.010926646299851246,0.010945840535348018,-1.9194235496771545e-05
AAL_035,AAL_016,0.01135966313095429,0.011378853362303218,-1.9190231348928388e-05
AAL_036,AAL_056,0.01153839943317585,0.011519218758025921,1.9180675149929605e-05
AAL_058,AAL_065,0.010345802664295094,0.01032663808983032,1.9164574464774695e-05
AAL_004,AAL_006,0.011076980511236012,0.011057817971070411,1.9162540165601136e-05
AAL_046,AAL_076,0.011058411184841624,0.011039249501919037,1.9161682922586715e-05
AAL_065,AAL_074,0.010452375946263982,0.010433227768995182,1.9148177268800415e-05
AAL_069,AAL_033,0.012109115393434325,0.012128251533095654,-1.9136139661328835e-05
AAL_065,AAL_043,0.010474303560172264,0.010493429285236092,-1.9125725063828466e-05
AAL_010,AAL_053,0.011228876552568415,0.011209755017429072,1.9121535139342977e-05
AAL_069,AAL_010,0.0111061906378366,0.011125304102990083,-1.911346515348286e-05
AAL_008,AAL_084,0.011324266837432217,0.01134337549543854,-1.910865800632336e-05
AAL_002,AAL_015,0.010396637645366991,0.010377553323972461,1.9084321394529855e-05
AAL_063,AAL_049,0.011174247994159277,0.011155185601662466,1.906239249681134e-05
AAL_057,AAL_044,0.011105962024014602,0.011125022834328653,-1.9060810314051532e-05
AAL_062,AAL_048,0.010505306237958308,0.010486248989240556,1.9057248717752398e-05
AAL_033,AAL_015,0.010260585432824416,0.010279637705950672,-1.905227312625629e-05
AAL_031,AAL_042,0.010713533464516712,0.010694482322162937,1.9051142353775433e-05
AAL_081,AAL_030,0.011438768175947998,0.011419720901522979,1.9047274425018634e-05
AAL_008,AAL_020,0.011524440702767326,0.011543456587487504,-1.9015884720178025e-05
AAL_019,AAL_078,0.010680449041975742,0.010661444816248441,1.9004225727300983e-05
AAL_060,AAL_026,0.010559458223879974,0.010578462193089147,-1.9003969209173063e-05
AAL_067,AAL_071,0.010498982806427356,0.010517981770002368,-1.899896357501242e-05
AAL_059,AAL_043,0.011217586065316174,0.011236562929751708,-1.897686443553398e-05
AAL_005,AAL_083,0.011356169686246758,0.011337193237529795,1.89764487169633e-05
AAL_022,AAL_030,0.01083838899866638,0.010819413133021028,1.8975865645351475e-05
AAL_079,AAL_084,0.011577393935245072,0.011596363805068042,-1.8969869822969485e-05
AAL_079,AAL_044,0.011334761642874816,0.011353727610361191,-1.8965967486374996e-05
AAL_029,AAL_066,0.010121323936419863,0.01014027466752541,-1.8950731105546112e-05
AAL_082,AAL_053,0.01048349042255909,0.010464547065643608,1.8943356915481976e-05
AAL_053,AAL_003,0.011289790477683274,0.011308732722185681,-1.8942244502407127e-05
AAL_038,AAL_063,0.01053098886886723,0.010549911619083165,-1.892275021593559e-05
AAL_053,AAL_089,0.011708587420005828,0.011727497275114504,-1.890985510867582e-05
AAL_017,AAL_070,0.010992204869946098,0.01097330468575061,1.89001841954875e-05
AAL_010,AAL_065,0.011742420231875701,0.011761316743034583,-1.8896511158881732e-05
AAL_074,AAL_032,0.011201410496639263,0.011182535462839432,1.8875033799830784e-05
AAL_048,AAL_089,0.010602882434415001,0.010621756569438477,-1.887413502347536e-05
AAL_071,AAL_024,0.011084787700818772,0.011103657929333061,-1.887022851428978e-05
AAL_081,AAL_021,0.010450379753835563,0.010469193785236431,-1.8814031400868694e-05
AAL_071,AAL_043,0.010961746237774054,0.010980559589234978,-1.881335146092407e-05
AAL_065,AAL_036,0.011404399706337314,0.011423205926774009,-1.8806220436694623e-05
AAL_001,AAL_004,0.010613477378924433,0.010632278568691415,-1.8801189766982224e-05
AAL_033,AAL_042,0.010836953347007561,0.010818166443361686,1.8786903645874944e-05
AAL_074,AAL_080,0.011444535842722552,0.011463316201368721,-1.8780358646169545e-05
AAL_058,AAL_010,0.01028228099219119,0.010301040947696115,-1.875995550492532e-05
AAL_008,AAL_028,0.010842711069724627,0.010861469612967583,-1.875854324295649e-05
AAL_044,AAL_064,0.011065169900225906,0.011046416410441434,1.8753489784471486e-05
AAL_028,AAL_088,0.011732057109077135,0.011750786415030879,-1.8729305953743558e-05
AAL_007,AAL_016,0.011237195796436734,0.011218494321993799,1.8701474442935767e-05
AAL_010,AAL_051,0.01099800195497198,0.011016699557120983,-1.8697602149002346e-05
AAL_002,AAL_006,0.010411369478982737,0.01039267912340667,1.869035557606688e-05
AAL_037,AAL_036,0.010880733762557307,0.010899412986491957,-1.8679223934649214e-05
AAL_049,AAL_077,0.01090722191784308,0.010888542970711776,1.8678947131303344e-05
AAL_029,AAL_034,0.011310571074310658,0.011329246807390496,-1.86757330798374e-05
AAL_070,AAL_016,0.010779087485458989,0.010797752739940181,-1.866525448119237e-05
AAL_024,AAL_052,0.010777398263319181,0.01075873680172428,1.866146159490087e-05
AAL_050,AAL_057,0.011196814451573623,0.011178196377811893,1.8618073761730858e-05
AAL_074,AAL_041,0.011252196242985053,0.011233593508249921,1.8602734735131618e-05
AAL_085,AAL_007,0.010936738704291418,0.01091816092589431,1.857777839710771e-05
AAL_057,AAL_056,0.011214320279228,0.011195753980659078,1.8566298568922432e-05
AAL_049,AAL_081,0.01085895132751037,0.010840395035652014,1.855629185835636e-05
AAL_051,AAL_037,0.010548657057090448,0.010567197883524759,-1.8540826434310792e-05
AAL_070,AAL_089,0.010990248459717657,0.010971727993607372,1.8520466110285086e-05
AAL_088,AAL_007,0.010634708222256511,0.01061618972856265,1.8518493693862187e-05
AAL_043,AAL_027,0.010966295591340615,0.010947777734833675,1.851785650693917e-05
AAL_007,AAL_038,0.010376905393587727,0.010358389173507246,1.8516220080481288e-05
AAL_037,AAL_071,0.011178405030081287,0.011196920853893899,-1.8515823812612076e-05
AAL_037,AAL_029,0.011183816955512406,0.011202325448208943,-1.850849269653676e-05
AAL_043,AAL_017,0.011019744154097687,0.011001236863878022,1.8507290219665212e-05
AAL_043,AAL_075,0.010960679083393935,0.010942202562896105,1.847652049783051e-05
AAL_051,AAL_042,0.010366966241461217,0.010348500136202825,1.846610525839225e-05
AAL_087,AAL_026,0.011762961655711899,0.011744504445521322,1.845721019057625e-05
AAL_083,AAL_022,0.012084786242877062,0.012066332916856257,1.845332602080571e-05
AAL_044,AAL_088,0.011208398904428523,0.011189959959471344,1.8438944957179307e-05
AAL_084,AAL_016,0.011401215345304236,0.011382777648273088,1.84376970311477e-05
AAL_047,AAL_020,0.010484782668451468,0.010466347661137432,1.8435007314035468e-05
AAL_081,AAL_043,0.010711547872847598,0.010693118872846623,1.8429000000975276e-05
AAL_016,AAL_075,0.010654359663892379,0.010635933004523033,1.8426659369345788e-05
AAL_086,AAL_065,0.011521156815589111,0.011502737512178812,1.8419303410299043e-05
AAL_021,AAL_028,0.012240693094527237,0.012222274296706723,1.8418797820513727e-05
AAL_084,AAL_086,0.01117222044720418,0.01119060166614597,-1.838121894178965e-05
AAL_071,AAL_001,0.010995434786185112,0.010977057118440237,1.8377667744874995e-05
AAL_089,AAL_019,0.01163499734690811,0.011616620817510573,1.837652939753673e-05
AAL_023,AAL_052,0.01089875657374087,0.01091712982238966,-1.8373248648789406e-05
AAL_035,AAL_006,0.012004439215549929,0.011986108901205637,1.8330314344292345e-05
AAL_058,AAL_031,0.010294709557619615,0.010313035192305486,-1.832563468587116e-05
AAL_035,AAL_021,0.012110908280930713,0.012092586054418134,1.8322226512578962e-05
AAL_085,AAL_057,0.010814001461347708,0.010795684667678536,1.831679366917291e-05
AAL_089,AAL_013,0.011870358764138231,0.011852042372835334,1.8316391302897195e-05
AAL_086,AAL_019,0.010973250718277872,0.010954979407339919,1.827131093795273e-05
AAL_012,AAL_037,0.010614436955597157,0.010596192083679713,1.8244871917443353e-05
AAL_084,AAL_059,0.010374649819862256,0.010392883536001441,-1.823371613918559e-05
AAL_010,AAL_057,0.010937321742073212,0.01095554539725813,-1.8223655184917975e-05
AAL_001,AAL_072,0.01016507727197475,0.010146855187160944,1.8222084813805314e-05
AAL_027,AAL_003,0.011268168592300171,0.01124995427608268,1.8214316217490464e-05
AAL_082,AAL_027,0.010163814334883394,0.010182017069910803,-1.820273502740888e-05
AAL_002,AAL_027,0.010290334064863686,0.010272134772545795,1.8199292317890373e-05
AAL_058,AAL_073,0.010801826106209276,0.010820021557046226,-1.8195450836949734e-05
AAL_035,AAL_040,0.012109853892435884,0.01212804401455165,-1.8190122115766677e-05
AAL_068,AAL_049,0.011244478086248422,0.011262654694301023,-1.817660805260128e-05
AAL_042,AAL_068,0.01129856795613837,0.011316728796671253,-1.8160840532882583e-05
AAL_003,AAL_056,0.010519096629821464,0.01053724656339097,-1.8149933569504978e-05
AAL_051,AAL_052,0.012101817945750732,0.012083684235219624,1.8133710531107947e-05
AAL_002,AAL_016,0.01084231783866755,0.010824212825235451,1.8105013432098346e-05
AAL_019,AAL_016,0.010566056256270053,0.0105841513723135,-1.8095116043446643e-05
AAL_068,AAL_017,0.010170178639137337,0.010188256517496358,-1.8077878359020957e-05
AAL_050,AAL_069,0.011044609571337445,0.011026545915355162,1.8063655982282836e-05
AAL_011,AAL_007,0.011776062411168573,0.011758001063656867,1.8061347511706682e-05
AAL_019,AAL_049,0.010471928299555922,0.010453867663631664,1.8060635924257995e-05
AAL_040,AAL_060,0.011113321187738806,0.011131372018520796,-1.8050830781990435e-05
AAL_081,AAL_061,0.010701698272958653,0.010683667436981615,1.803083597703807e-05
AAL_072,AAL_042,0.012446587736137275,0.012464614670548043,-1.8026934410768358e-05
AAL_033,AAL_084,0.0108671138007353,0.010885110709622095,-1.7996908886794977e-05
AAL_045,AAL_013,0.010415585046936559,0.010397589578300196,1.7995468636362172e-05
AAL_090,AAL_085,0.010847783697227765,0.010865768909953517,-1.798521272575182e-05
AAL_089,AAL_028,0.01222946267360105,0.012211482040584087,1.798063301696254e-05
AAL_015,AAL_056,0.010871887139371064,0.010853915124040827,1.797201533023686e-05
AAL_087,AAL_034,0.010630260663441358,0.010612310467301763,1.79501961395951e-05
AAL_008,AAL_051,0.011082956907697596,0.01106501526659165,1.7941641105944858e-05
AAL_005,AAL_017,0.010941478129253428,0.010923537122959239,1.7941006294189613e-05
AAL_067,AAL_068,0.01217519823445851,0.012157258522181446,1.793971227706352e-05
AAL_006,AAL_059,0.010844917157983296,0.010827019161292844,1.789799669045175e-05
AAL_001,AAL_076,0.010507045331625985,0.010524930478658334,-1.7885147032348572e-05
AAL_021,AAL_025,0.011954303759221848,0.01197217927584725,-1.787551662540271e-05
AAL_001,AAL_055,0.010755158429487776,0.010737290555061242,1.786787442653419e-05
AAL_023,AAL_021,0.011609467345441127,0.011591606285820528,1.7861059620599348e-05
AAL_020,AAL_009,0.010641044196792139,0.010623189454283519,1.785474250862e-05
AAL_002,AAL_063,0.011177683557566797,0.011195537747431629,-1.785418986483163e-05
AAL_043,AAL_022,0.011126183460936205,0.01114399430039281,-1.781083945660497e-05
AAL_043,AAL_019,0.010967841127123207,0.010950035424833707,1.780570228950007e-05
AAL_060,AAL_079,0.011055569922647033,0.011037764726460867,1.780519618616548e-05
AAL_079,AAL_034,0.011606508999282861,0.011624283568642424,-1.7774569359562883e-05
AAL_011,AAL_063,0.011399624363766013,0.011417392338568312,-1.7767974802299774e-05
AAL_090,AAL_019,0.010447443837029302,0.010465184455418558,-1.7740618389255197e-05
AAL_008,AAL_059,0.011296411285686314,0.011314143343521259,-1.7732057834944637e-05
AAL_048,AAL_010,0.010546030713499993,0.010528304577151096,1.772613634889661e-05
AAL_063,AAL_002,0.011881653076181045,0.011863929503793752,1.7723572387292816e-05
AAL_005,AAL_058,0.010881212273310138,0.010898898847900313,-1.7686574590175183e-05
AAL_038,AAL_028,0.011294260045959272,0.01127657762245638,1.7682423502892244e-05
AAL_083,AAL_014,0.011560689178335234,0.01157835643581362,-1.7667257478384824e-05
AAL_072,AAL_032,0.012951786548265407,0.012934123115064046,1.7663433201361295e-05
AAL_079,AAL_002,0.011393200984208757,0.011410863196509647,-1.7662212300890295e-05
AAL_074,AAL_030,0.0121667569455428,0.012149100124872943,1.76568206698563e-05
AAL_074,AAL_037,0.011345841639285158,0.011328185129698097,1.765650958706136e-05
AAL_036,AAL_080,0.011449817388963241,0.011432161291243125,1.7656097720116296e-05
AAL_053,AAL_004,0.011165443632719863,0.011183092054025855,-1.7648421305992146e-05
AAL_043,AAL_078,0.011250322443854988,0.011232677507433791,1.764493642119648e-05
AAL_013,AAL_083,0.011033851983678391,0.01105149312143586,-1.7641137757469158e-05
AAL_089,AAL_001,0.011624416010056296,0.011606784542056527,1.7631467999769737e-05
AAL_066,AAL_056,0.010514228831594571,0.010496598954957265,1.7629876637306058e-05
AAL_047,AAL_063,0.010396714760070173,0.010414342474534405,-1.7627714464231795e-05
AAL_068,AAL_005,0.010813766139217166,0.010796141087380296,1.7625051836870145e-05
AAL_049,AAL_039,0.010990462249988673,0.010972842948497378,1.761930149129544e-05
AAL_016,AAL_089,0.011120165734050365,0.01113777356938674,-1.760783533637407e-05
AAL_009,AAL_040,0.010937287511988582,0.010919687728728018,1.7599783260564134e-05
AAL_005,AAL_011,0.011535700062353514,0.011518120132479123,1.7579929874391234e-05
AAL_007,AAL_063,0.010976932839386992,0.01095937488938014,1.755795000685234e-05
AAL_013,AAL_015,0.012299751737513222,0.01231726844825091,-1.751671073768786e-05
AAL_007,AAL_053,0.010840695671753114,0.010823183591308872,1.7512080444242323e-05
AAL_001,AAL_056,0.010572021677851295,0.01058949479052136,-1.747311267006474e-05
AAL_017,AAL_081,0.012280611882511621,0.012298083078421227,-1.7471195909606052e-05
AAL_040,AAL_017,0.011065543286948122,0.011048073570703898,1.7469716244224512e-05
AAL_037,AAL_067,0.010808624090372115,0.010826092945971057,-1.746885559894204e-05
AAL_086,AAL_034,0.010990962328421127,0.010973494266513412,1.7468061907714716e-05
AAL_042,AAL_080,0.011541507383967694,0.011558975194749554,-1.746781078186023e-05
AAL_063,AAL_077,0.011629956205272012,0.01164741927605335,-1.7463070781337936e-05
AAL_068,AAL_020,0.010641495733020397,0.010658938035590773,-1.7442302570376197e-05
AAL_040,AAL_049,0.011124667339424929,0.011107230822442483,1.7436516982445582e-05
AAL_085,AAL_049,0.010516248227487136,0.010498824399935252,1.7423827551883708e-05
AAL_013,AAL_071,0.01113959202845382,0.01112216865186286,1.7423376590958856e-05
AAL_053,AAL_048,0.011926070986013127,0.011943490390039556,-1.7419404026428054e-05
AAL_050,AAL_060,0.012201922281016396,0.01218452462210105,1.739765891534649e-05
AAL_026,AAL_086,0.011046692959836915,0.01102929590293033,1.739705690658594e-05
AAL_011,AAL_052,0.010802011204580976,0.01081939507969112,-1.7383875110145094e-05
AAL_078,AAL_055,0.011357202706062514,0.011374583209012046,-1.7380502949531848e-05
AAL_043,AAL_009,0.010868665748315617,0.010851285667632413,1.738008068320404e-05
AAL_014,AAL_010,0.011925289691943262,0.011942651390881456,-1.736169893819424e-05
AAL_021,AAL_063,0.010648295460428055,0.010665655293254639,-1.7359832826583516e-05
AAL_065,AAL_080,0.010571067094102375,0.010553709409262051,1.735768484032417e-05
AAL_012,AAL_032,0.010929123619889729,0.010946475466246492,-1.735184635676297e-05
AAL_083,AAL_066,0.011496108399433458,0.011513453429892993,-1.7345030459534408e-05
AAL_031,AAL_023,0.011956357383209035,0.011973701902750704,-1.73445195416691e-05
AAL_042,AAL_029,0.0116414862493865,0.011624145873870803,1.7340375515697767e-05
AAL_030,AAL_053,0.010820783561286636,0.01080347499382629,1.730856746034494e-05
AAL_024,AAL_041,0.010858968592798099,0.010841660171506865,1.7308421291233403e-05
AAL_077,AAL_054,0.010594063599665578,0.010611369956294005,-1.730635662842636e-05
AAL_041,AAL_054,0.010827896426009953,0.010845198180461788,-1.7301754451835155e-05
AAL_044,AAL_023,0.011217663064599037,0.011200379122686446,1.7283941912591208e-05
AAL_065,AAL_070,0.010773515531745477,0.010756237487824028,1.7278043921448855e-05
AAL_040,AAL_083,0.011800315764406297,0.01181757329933105,-1.7257534924751752e-05
AAL_059,AAL_061,0.013190378699626805,0.013173131431653985,1.7247267972820765e-05
AAL_023,AAL_081,0.010686471700095214,0.010669231696733766,1.7240003361448236e-05
AAL_020,AAL_060,0.010965576094901588,0.010982809119185354,-1.723302428376615e-05
AAL_048,AAL_019,0.010558115515428094,0.01057534594615695,-1.7230430728855384e-05
AAL_002,AAL_074,0.010882288589675585,0.01086509220126471,1.7196388410875216e-05
AAL_055,AAL_069,0.010624667932080407,0.010641860230259653,-1.7192298179246127e-05
AAL_045,AAL_075,0.010452062878598515,0.010434873850447664,1.7189028150850494e-05
AAL_084,AAL_012,0.011150323344060244,0.011133145945373155,1.7177398687088716e-05
AAL_017,AAL_019,0.011034802651096486,0.011017634165900812,1.7168485195673266e-05
AAL_047,AAL_055,0.011249108315628564,0.011231954091646831,1.7154223981732594e-05
AAL_056,AAL_020,0.01058405132478692,0.010566909000203567,1.7142324583352755e-05
AAL_007,AAL_005,0.011980744066815346,0.011963603183830494,1.714088298485246e-05
AAL_056,AAL_042,0.011018366956860464,0.011001236960938935,1.7129995921528682e-05
AAL_037,AAL_041,0.011967118718048446,0.011984242796528132,-1.7124078479686597e-05
AAL_076,AAL_069,0.010970348219633995,0.010987470555061442,-1.7122335427447594e-05
AAL_017,AAL_082,0.012067682951545486,0.012050573781095723,1.7109170449763206e-05
AAL_023,AAL_039,0.011407972114463137,0.011390878111771112,1.7094002692025906e-05
AAL_068,AAL_074,0.010427942366188025,0.010445013847987794,-1.707148179976893e-05
AAL_013,AAL_056,0.010622187475793255,0.010639249460388057,-1.706198459480203e-05
AAL_020,AAL_064,0.011218117273404684,0.01123517882263764,-1.7061549232956497e-05
AAL_048,AAL_020,0.01083396763429364,0.010851026753023747,-1.7059118730107167e-05
AAL_039,AAL_065,0.010657339858321043,0.010674386312977109,-1.7046454656065996e-05
AAL_036,AAL_009,0.011948373797548633,0.011965385899317471,-1.7012101768838425e-05
AAL_086,AAL_005,0.010768899449314445,0.010785911158281876,-1.7011708967430705e-05
AAL_008,AAL_088,0.01083511838880487,0.010818107261625177,1.7011127179692928e-05
AAL_007,AAL_017,0.010769962526173292,0.010786965847588502,-1.700332141521023e-05
AAL_076,AAL_058,0.010893118776715336,0.010910117578121924,-1.6998801406587633e-05
AAL_019,AAL_079,0.010601179218556508,0.01058418624491313,1.6992973643378123e-05
AAL_039,AAL_035,0.011076410490080204,0.01109338632412717,-1.6975834046965843e-05
AAL_073,AAL_045,0.010514301003124088,0.010497332874121648,1.6968129002439825e-05
AAL_017,AAL_021,0.010419508872123865,0.010436470976224164,-1.69621041002984e-05
AAL_028,AAL_087,0.011816546525885789,0.011799592936120318,1.695358976547094e-05
AAL_043,AAL_088,0.011029700422261516,0.011012748027077088,1.6952395184427482e-05
AAL_007,AAL_029,0.011129894980396599,0.011146838836852581,-1.694385645598269e-05
AAL_030,AAL_081,0.011740842278903494,0.011723902441616686,1.6939837286808132e-05
AAL_052,AAL_033,0.010645712670098003,0.01066263486855379,-1.6922198455787338e-05
AAL_087,AAL_011,0.010987173827587921,0.010970254040441057,1.691978714686397e-05
AAL_027,AAL_051,0.011022042536821503,0.011038923876420144,-1.6881339598640716e-05
AAL_067,AAL_058,0.01109908878381372,0.011082210547981723,1.6878235831997712e-05
AAL_049,AAL_088,0.010858875776951512,0.010875716223092588,-1.6840446141076076e-05
AAL_083,AAL_027,0.01221019582838839,0.012193359219684051,1.683660870433791e-05
AAL_050,AAL_054,0.012386585181801874,0.012369752981730046,1.6832200071828507e-05
AAL_063,AAL_032,0.0110332418161516,0.011016417842441546,1.6823973710054438e-05
AAL_077,AAL_015,0.010631510657536933,0.01061468898658421,1.6821670952722398e-05
AAL_019,AAL_071,0.010874648325734286,0.010857826785159022,1.682154057526357e-05
AAL_020,AAL_089,0.010539759195242554,0.010556571969009066,-1.6812773766512398e-05
AAL_036,AAL_005,0.01207929292622094,0.012096092363740906,-1.679943751996607e-05
AAL_020,AAL_038,0.010447966603514476,0.01043117615780227,1.6790445712205893e-05
AAL_034,AAL_013,0.01021964493422554,0.010202860385734154,1.678454849138658e-05
AAL_070,AAL_046,0.010820615025730724,0.01083736600257253,-1.67509768418065e-05
AAL_062,AAL_069,0.010969038270652676,0.010952296195362253,1.6742075290423347e-05
AAL_033,AAL_020,0.011569101803211702,0.011585830292541987,-1.67284893302852e-05
AAL_051,AAL_026,0.010847266413207747,0.01083054612841337,1.67202847943769e-05
AAL_081,AAL_087,0.010473767277569724,0.010490486301278358,-1.6719023708634123e-05
AAL_041,AAL_067,0.010696486896301946,0.010713182433644684,-1.669553734273861e-05
AAL_018,AAL_046,0.010931199285177847,0.010914504102826414,1.6695182351433163e-05
AAL_078,AAL_083,0.011474727065915354,0.011458037166900139,1.668989901521499e-05
AAL_017,AAL_039,0.0105557476516622,0.01057243736104915,-1.6689709386948776e-05
AAL_056,AAL_053,0.011615983483134808,0.01159929813673863,1.6685346396178025e-05
AAL_039,AAL_062,0.010281474592211919,0.010298141687368933,-1.6667095157013936e-05
AAL_048,AAL_012,0.010515781274686256,0.010499121443306099,1.665983138015789e-05
AAL_050,AAL_047,0.012830573215714505,0.012847214193076413,-1.6640977361908477e-05
AAL_002,AAL_045,0.010538846373749085,0.010522213205232958,1.6633168516126673e-05
AAL_027,AAL_067,0.010834618885484006,0.010817993307490798,1.662557799320813e-05
AAL_082,AAL_015,0.01029375852802052,0.010310378836158192,-1.6620308137671805e-05
AAL_043,AAL_058,0.011133858549973777,0.011117250372010928,1.6608177962848872e-05
AAL_028,AAL_044,0.01080083106763852,0.010784251684734307,1.657938290421275e-05
AAL_023,AAL_049,0.010802319870354274,0.01081889476303575,-1.6574892681475717e-05
AAL_033,AAL_029,0.011428041801525231,0.011444613600967836,-1.6571799442604077e-05
AAL_015,AAL_083,0.012052483389026716,0.012069051128537128,-1.6567739510411558e-05
AAL_014,AAL_020,0.011250423709264932,0.011233865394356382,1.6558314908550475e-05
AAL_009,AAL_044,0.010667172521273168,0.010650616395691636,1.655612558153219e-05
AAL_030,AAL_042,0.011528652388220414,0.011512105279225422,1.6547108994992288e-05
AAL_002,AAL_071,0.010426806218317177,0.01041027752650213,1.652869181504625e-05
AAL_043,AAL_060,0.01130748027139622,0.011324005975635265,-1.6525704239045425e-05
AAL_081,AAL_088,0.010557269593939567,0.010540746376565461,1.6523217374105753e-05
AAL_030,AAL_048,0.010837919952379715,0.010821397760628767,1.652219175094817e-05
AAL_010,AAL_047,0.01098768443115947,0.011004195641032962,-1.6511209873492153e-05
AAL_089,AAL_046,0.011065291682592569,0.011048809375623171,1.6482306969397773e-05
AAL_007,AAL_030,0.010873382276274327,0.010889861674946976,-1.6479398672648513e-05
AAL_062,AAL_038,0.010454018120693728,0.010437542993214822,1.6475127478906074e-05
AAL_087,AAL_067,0.010891983309426369,0.01087551572297702,1.646758644934833e-05
AAL_075,AAL_046,0.010429080818485245,0.01044554034104714,-1.6459522561894716e-05
AAL_018,AAL_051,0.010808305408901129,0.010791849841828233,1.6455567072895874e-05
AAL_079,AAL_061,0.01134665979223692,0.011330208757305263,1.6451034931657185e-05
AAL_047,AAL_001,0.010447546945184343,0.010463994435466844,-1.6447490282501392e-05
AAL_044,AAL_067,0.011636782361942733,0.011620343762170292,1.643859977244061e-05
AAL_039,AAL_025,0.011149682136427643,0.011133248940868206,1.6433195559436425e-05
AAL_006,AAL_051,0.010929570372144762,0.010913144901080552,1.6425471064210675e-05
AAL_069,AAL_020,0.012305745980344139,0.012289349650663714,1.639632968042544e-05
AAL_005,AAL_049,0.011173075980419276,0.011189451924162378,-1.6375943743101792e-05
AAL_028,AAL_081,0.010465164782288365,0.010448790619856962,1.6374162431402953e-05
AAL_085,AAL_047,0.01069428336321034,0.010710633288209256,-1.6349924998916576e-05
AAL_084,AAL_015,0.01107183740569804,0.01108817182823313,-1.6334422535090043e-05
AAL_082,AAL_044,0.010521683252902113,0.010538011810120667,-1.6328557218553766e-05
AAL_084,AAL_060,0.01054944139586873,0.010533123492048336,1.6317903820393595e-05
AAL_001,AAL_050,0.010588399781328108,0.010604685532950586,-1.6285751622477362e-05
AAL_060,AAL_074,0.011030057176517753,0.011013773353146412,1.6283823371340475e-05
AAL_017,AAL_090,0.010471108982450942,0.010454829930149888,1.6279052301053365e-05
AAL_060,AAL_008,0.011467858149996426,0.011484122065545312,-1.6263915548885705e-05
AAL_079,AAL_031,0.011386968470059143,0.011403218316140749,-1.624984608160525e-05
AAL_057,AAL_015,0.010892814291943597,0.010909061871986678,-1.6247580043081758e-05
AAL_076,AAL_047,0.010910117578828055,0.010893871044051411,1.6246534776644117e-05
AAL_055,AAL_054,0.011275530066420762,0.01129175317254167,-1.6223106120908173e-05
AAL_008,AAL_016,0.011906984831309982,0.011923202976732336,-1.621814542235485e-05
AAL_044,AAL_022,0.011327951352517957,0.01131174653981149,1.6204812706466926e-05
AAL_015,AAL_077,0.011025021782017544,0.01104120113343814,-1.6179351420595595e-05
AAL_082,AAL_033,0.011028162774860732,0.011044332776079994,-1.6170001219261917e-05
AAL_088,AAL_070,0.011102991753743373,0.011119152832933455,-1.6161079190082223e-05
AAL_086,AAL_031,0.011059588147725305,0.011043428861658567,1.615928606673797e-05
AAL_017,AAL_083,0.010807419281341454,0.010791270002242058,1.6149279099396396e-05
AAL_016,AAL_049,0.010449204709317185,0.010433073726392562,1.6130982924623255e-05
AAL_024,AAL_080,0.010670946075175053,0.010654823198248967,1.6122876926085924e-05
AAL_048,AAL_045,0.011920863370466819,0.01193697788699463,-1.6114516527811207e-05
AAL_053,AAL_071,0.01133911786839748,0.01135521084671059,-1.609297831310988e-05
AAL_068,AAL_033,0.010952407464337273,0.01096849355883619,-1.6086094498917597e-05
AAL_049,AAL_069,0.011088960722454974,0.011072895748462186,1.606497399278886e-05
AAL_004,AAL_074,0.010404923365602637,0.010388867305614813,1.605605998782414e-05
AAL_060,AAL_031,0.010536160968785357,0.010552210278032582,-1.6049309247225668e-05
AAL_043,AAL_069,0.011012421879105462,0.010996372933515693,1.604894558976909e-05
AAL_023,AAL_012,0.010763377267628526,0.01077942202380736,-1.6044756178832872e-05
AAL_050,AAL_035,0.011064617556288965,0.011080640120889353,-1.6022564600388228e-05
AAL_008,AAL_019,0.011437738334171029,0.011453751779667497,-1.6013445496468326e-05
AAL_061,AAL_007,0.012213891181044089,0.012197878609224229,1.6012571819859836e-05
AAL_017,AAL_029,0.012156162229884002,0.012172165442322826,-1.600321243882402e-05
AAL_038,AAL_064,0.01062363041485222,0.01060763267435078,1.5997740501439914e-05
AAL_022,AAL_057,0.01074753593828561,0.010763525244116634,-1.5989305831024675e-05
AAL_022,AAL_029,0.010882487546445595,0.010898463811642183,-1.597626519658779e-05
AAL_015,AAL_074,0.010899456249725105,0.010915419179252891,-1.5962929527785913e-05
AAL_065,AAL_069,0.010612026647003924,0.01059607803710637,1.594860989755434e-05
AAL_084,AAL_042,0.011520463527522536,0.01153641080405221,-1.594727652967469e-05
AAL_073,AAL_082,0.011426812201006036,0.011442741210440695,-1.5929009434659247e-05
AAL_069,AAL_060,0.01198923554764981,0.011973329205019746,1.5906342630064504e-05
AAL_028,AAL_070,0.01087216999477301,0.01085626482778684,1.590516698616977e-05
AAL_010,AAL_037,0.010921171898197414,0.010905282601954476,1.5889296242938e-05
AAL_084,AAL_022,0.010880746783163303,0.01086487351147176,1.5873271691543844e-05
AAL_082,AAL_016,0.010367147401612029,0.010351294062329137,1.5853339282891413e-05
AAL_009,AAL_062,0.011322157630601373,0.011338003187743074,-1.5845557141701272e-05
AAL_056,AAL_005,0.010429830182916842,0.010445650800988632,-1.5820618071789652e-05
AAL_051,AAL_017,0.010256023050691837,0.010240208579426072,1.5814471265765406e-05
AAL_006,AAL_004,0.011669194827286096,0.011685006609348299,-1.5811782062202448e-05
AAL_030,AAL_054,0.010949221668510228,0.010933410059706893,1.5811608803335125e-05
AAL_083,AAL_030,0.011899947111184398,0.01191572095764334,-1.5773846458943044e-05
AAL_048,AAL_079,0.010632638059333604,0.010616867225293635,1.5770834039969053e-05
AAL_061,AAL_035,0.010997138145324001,0.011012904015519926,-1.5765870195924916e-05
AAL_073,AAL_009,0.010443947019262446,0.010459710441751605,-1.5763422489158477e-05
AAL_037,AAL_018,0.011013462994263595,0.010997706589753515,1.5756404510080396e-05
AAL_030,AAL_010,0.011187831357790109,0.011203587427273135,-1.5756069483025686e-05
AAL_056,AAL_079,0.010695842062879322,0.010680103864030862,1.5738198848459783e-05
AAL_042,AAL_051,0.011178262163606336,0.011193998021630585,-1.5735858024248234e-05
AAL_015,AAL_057,0.010901442179695154,0.010917174879452284,-1.5732699757129917e-05
AAL_038,AAL_008,0.010566921297731435,0.010551189571600545,1.5731726130889523e-05
AAL_071,AAL_002,0.010812658000673749,0.01082838298036502,-1.5724979691270763e-05
AAL_021,AAL_062,0.010555858992469998,0.010571577278874056,-1.571828640405809e-05
AAL_086,AAL_029,0.010906534315222222,0.010890817198042687,1.5717117179535334e-05
AAL_031,AAL_056,0.010495558225860199,0.010511255920136684,-1.569769427648554e-05
AAL_038,AAL_061,0.01042637267571866,0.010442051197640209,-1.5678521921549254e-05
AAL_050,AAL_076,0.010773189857395159,0.010788867582865153,-1.5677725469993506e-05
AAL_020,AAL_018,0.011226214806780092,0.011210538608671418,1.567619810867449e-05
AAL_035,AAL_008,0.011521459977007192,0.011505793139948591,1.5666837058600502e-05
AAL_030,AAL_046,0.010768153879823338,0.01075248856088216,1.56653189411788e-05
AAL_082,AAL_042,0.010806108747298518,0.010821772651474174,-1.5663904175655316e-05
AAL_028,AAL_059,0.010505730658371607,0.010521390121753694,-1.5659463382087374e-05
AAL_001,AAL_025,0.010295960496967802,0.010311600916254018,-1.5640419286215915e-05
AAL_037,AAL_074,0.011275057386384051,0.011290692044861116,-1.5634658477065022e-05
AAL_068,AAL_045,0.011676753648262247,0.011661123731647325,1.5629916614922496e-05
AAL_018,AAL_056,0.011135115680229077,0.011150744808352467,-1.5629128123390013e-05
AAL_081,AAL_049,0.010414313566751586,0.010398697034079148,1.561653267243869e-05
AAL_075,AAL_030,0.01180406479547039,0.011788481210933873,1.5583584536517717e-05
AAL_077,AAL_090,0.01050717798141269,0.01052275540136152,-1.5577419948830176e-05
AAL_019,AAL_029,0.011122602901747849,0.011107026187994196,1.5576713753653187e-05
AAL_053,AAL_075,0.011274283560804831,0.011258708199869759,1.5575360935072072e-05
AAL_048,AAL_024,0.01075364264826744,0.010738072930731193,1.5569717536247432e-05
AAL_058,AAL_083,0.010582195949127786,0.010566630204284458,1.556574484332801e-05
AAL_027,AAL_065,0.011424501784718953,0.011440052512210445,-1.5550727491491986e-05
AAL_046,AAL_075,0.010889556241006805,0.01087401510810216,1.5541132904644747e-05
AAL_079,AAL_045,0.011330839162931228,0.011315305687246783,1.5533475684444825e-05
AAL_021,AAL_081,0.01079772202234365,0.010782201277558917,1.5520744784733656e-05
AAL_061,AAL_023,0.010844430265327295,0.010828923364689864,1.5506900637431154e-05
AAL_070,AAL_050,0.0109349272122336,0.010919437200644472,1.5490011589127176e-05
AAL_037,AAL_048,0.01113106371062752,0.01114654402819372,-1.548031756619904e-05
AAL_001,AAL_016,0.010595210714456745,0.01061068328961767,-1.5472575160924845e-05
AAL_082,AAL_017,0.011824372226499721,0.011808938039443629,1.543418705609277e-05
AAL_035,AAL_025,0.012318933295070106,0.012303501157270323,1.543213779978299e-05
AAL_028,AAL_019,0.010638010682156071,0.010653428305818632,-1.541762366256104e-05
AAL_047,AAL_006,0.010324165163338821,0.010339577987364889,-1.5412824026067237e-05
AAL_019,AAL_033,0.011347624495163815,0.011363022276674104,-1.5397781510289102e-05
AAL_001,AAL_067,0.010969392183181057,0.010953997513718405,1.5394669462652152e-05
AAL_029,AAL_011,0.011500565757035699,0.01151595161141592,-1.538585438022079e-05
AAL_069,AAL_083,0.01138775973007656,0.011372380527129244,1.537920294731633e-05
AAL_081,AAL_084,0.01120608247235481,0.011190720967874485,1.5361504480325763e-05
AAL_049,AAL_019,0.010955233881090824,0.010970577507490111,-1.5343626399287602e-05
AAL_087,AAL_070,0.011055031349548163,0.011039689305716797,1.5342043831365407e-05
AAL_066,AAL_088,0.010809325543431263,0.010824628275987824,-1.5302732556560575e-05
AAL_058,AAL_026,0.010370398780060375,0.010355112078153613,1.528670190676165e-05
AAL_085,AAL_086,0.011987998327399548,0.011972719214154088,1.527911324545987e-05
AAL_050,AAL_040,0.010987486491282271,0.010972225615666907,1.5260875615364516e-05
AAL_026,AAL_020,0.010142980059847618,0.010158226074230286,-1.5246014382668677e-05
AAL_027,AAL_082,0.010579788547932591,0.010595015647633939,-1.5227099701347474e-05
AAL_038,AAL_073,0.010931042966265708,0.010915831602629154,1.5211363636554245e-05
AAL_034,AAL_036,0.010951570203352688,0.01096675909186711,-1.5188888514422808e-05
AAL_001,AAL_082,0.010807501862589747,0.010792319746064045,1.5182116525701284e-05
AAL_024,AAL_056,0.010798610245379118,0.010783430942271839,1.517930310727944e-05
AAL_050,AAL_006,0.010954268991103413,0.01093909872127304,1.5170269830371702e-05
AAL_067,AAL_031,0.010705854741729096,0.010721014942003244,-1.5160200274148133e-05
AAL_082,AAL_014,0.010688989234164867,0.010704148325043045,-1.5159090878177212e-05
AAL_033,AAL_072,0.010423774657866512,0.010438932048124504,-1.5157390257992606e-05
AAL_059,AAL_030,0.01096528259297021,0.01098043613468595,-1.5153541715740362e-05
AAL_041,AAL_048,0.010943671379986608,0.010928527750167302,1.5143629819306531e-05
AAL_084,AAL_063,0.010941796838584492,0.010926668562235372,1.512827634912034e-05
AAL_048,AAL_068,0.011334699433312839,0.011319576790348325,1.5122642964514321e-05
AAL_039,AAL_037,0.011980752892489744,0.011995866095124935,-1.5113202635190504e-05
AAL_070,AAL_040,0.01092851265039072,0.010913416738656555,1.5095911734165288e-05
AAL_042,AAL_082,0.011675923825918227,0.011691018576195311,-1.5094750277083735e-05
AAL_077,AAL_029,0.011255626646308308,0.011270708931383513,-1.5082285075204357e-05
AAL_018,AAL_070,0.011364209997013975,0.011379253911894397,-1.5043914880422463e-05
AAL_060,AAL_002,0.012326288116602307,0.012311253204442579,1.5034912159728533e-05
AAL_063,AAL_026,0.01044103340842785,0.010426009455164224,1.5023953263625447e-05
AAL_090,AAL_073,0.010164960144230952,0.010179979252922475,-1.5019108691522592e-05
AAL_005,AAL_043,0.011006716983074434,0.011021719829505195,-1.5002846430760622e-05
AAL_060,AAL_043,0.01126622018388385,0.011281221719093565,-1.5001535209715686e-05
AAL_020,AAL_043,0.010583348361313598,0.010568349871775205,1.4998489538392903e-05
AAL_082,AAL_084,0.011124287781695653,0.011139285533455555,-1.4997751759901826e-05
AAL_020,AAL_041,0.010656019911552086,0.010671016801767994,-1.4996890215907693e-05
AAL_008,AAL_015,0.010966141734065281,0.01095114613908618,1.4995594979100996e-05
AAL_081,AAL_002,0.011014938133601576,0.010999947878770141,1.4990254831434915e-05
AAL_027,AAL_081,0.010666524320761235,0.010651538056083413,1.498626467782288e-05
AAL_047,AAL_070,0.010528425144779885,0.010513457444221446,1.4967700558438796e-05
AAL_016,AAL_011,0.01108542825970958,0.011070469620801675,1.4958638907904692e-05
AAL_005,AAL_052,0.01099643718976623,0.011011394011157175,-1.4956821390944841e-05
AAL_005,AAL_004,0.01150037182104957,0.011515315501920639,-1.4943680871069495e-05
AAL_014,AAL_012,0.013060303584027749,0.013075246133612788,-1.4942549585039364e-05
AAL_007,AAL_062,0.01131270693328518,0.011327638443346798,-1.493151006161722e-05
AAL_025,AAL_004,0.011318021308646625,0.011332940814032152,-1.491950538552722e-05
AAL_005,AAL_081,0.010915451800514363,0.010930341160012682,-1.4889359498318835e-05
AAL_071,AAL_061,0.010863729682950001,0.010878611161898148,-1.4881478948146343e-05
AAL_061,AAL_033,0.011631173676707678,0.0116162975307175,1.4876145990177017e-05
AAL_002,AAL_042,0.010622456417076735,0.010607588953031204,1.4867464045531173e-05
AAL_047,AAL_008,0.010323623513691446,0.010338484707101255,-1.4861193409808696e-05
AAL_043,AAL_057,0.01109927481151799,0.011084422443718383,1.485236779960597e-05
AAL_081,AAL_026,0.010303167335720908,0.010318009041841361,-1.4841706120453588e-05
AAL_072,AAL_040,0.012526180252878584,0.012511348911091943,1.4831341786640528e-05
AAL_060,AAL_027,0.010873207649311576,0.01085839222968734,1.481541962423602e-05
AAL_082,AAL_006,0.010135259548934478,0.010120445143699497,1.4814405234981134e-05
AAL_052,AAL_023,0.010487178048023429,0.010501992100706467,-1.4814052683038634e-05
AAL_090,AAL_005,0.010486484226635378,0.010501290586021342,-1.4806359385964585e-05
AAL_008,AAL_082,0.010821360185280697,0.010836163685927469,-1.48035006467713e-05
AAL_017,AAL_013,0.011059449625432365,0.011044647405963974,1.4802219468390901e-05
AAL_033,AAL_073,0.011600455191607276,0.011615253582818633,-1.4798391211356607e-05
AAL_034,AAL_056,0.01010336683720796,0.010118139662754447,-1.4772825546486776e-05
AAL_019,AAL_051,0.010494046406740816,0.01050881772225829,-1.4771315517473488e-05
AAL_041,AAL_073,0.011437344488202252,0.011422595630859766,1.4748857342485391e-05
AAL_020,AAL_027,0.010477831704605721,0.010492571768242283,-1.4740063636562231e-05
AAL_023,AAL_016,0.011428967653574724,0.011443701055058032,-1.4733401483307818e-05
AAL_086,AAL_081,0.011298847201670337,0.011313578086181846,-1.4730884511508432e-05
AAL_046,AAL_070,0.011240383094717931,0.011255111593854783,-1.4728499136851952e-05
AAL_073,AAL_083,0.010671296807674643,0.010656588932698033,1.4707874976609484e-05
AAL_005,AAL_002,0.011021488240689166,0.011006782510810099,1.4705729879067181e-05
AAL_038,AAL_010,0.010607305530092528,0.010622004915962444,-1.4699385869915843e-05
AAL_006,AAL_087,0.011291724550099963,0.011277051959140572,1.4672590959391094e-05
AAL_052,AAL_035,0.010570684949365946,0.010556013642281072,1.4671307084873977e-05
AAL_082,AAL_061,0.010561556953331854,0.010576221417108777,-1.4664463776922418e-05
AAL_069,AAL_030,0.011286761132108733,0.011272117654994019,1.4643477114714004e-05
AAL_012,AAL_021,0.01048248240716246,0.010467844680136546,1.4637727025913067e-05
AAL_005,AAL_075,0.011167511722057039,0.011152888463334025,1.4623258723013566e-05
AAL_084,AAL_035,0.010403356781531857,0.010417974528581569,-1.4617747049711777e-05
AAL_025,AAL_082,0.010728017419067204,0.010713449163967858,1.4568255099345687e-05
AAL_006,AAL_042,0.010939739871388063,0.010954304524320675,-1.4564652932612387e-05
AAL_019,AAL_041,0.010459685053389806,0.010474242960974094,-1.455790758428735e-05
AAL_077,AAL_063,0.011040885226291597,0.01102633439651494,1.4550829776657434e-05
AAL_046,AAL_068,0.012689196550422627,0.012674649068091999,1.4547482330628733e-05
AAL_019,AAL_077,0.010957332893123483,0.010942810492372838,1.4522400750645661e-05
AAL_055,AAL_002,0.010668909815975871,0.010683430712346552,-1.452089637068131e-05
AAL_067,AAL_044,0.011021840380122647,0.011007319558088301,1.4520822034345612e-05
AAL_053,AAL_025,0.011244878206704544,0.011259396334014666,-1.4518127310122336e-05
AAL_072,AAL_063,0.011603926505463628,0.011618433249813894,-1.4506744350266387e-05
AAL_012,AAL_055,0.010615675393730784,0.01060120628975683,1.446910397395404e-05
AAL_025,AAL_027,0.012514946687743705,0.012529400808195914,-1.445412045220952e-05
AAL_060,AAL_007,0.011114733291662529,0.011100287445203838,1.4445846458691416e-05
AAL_088,AAL_022,0.011590647063432978,0.0115762030400761,1.4444023356877805e-05
AAL_016,AAL_067,0.010221035587879965,0.010206596805684028,1.4438782195936792e-05
AAL_080,AAL_041,0.010877509117842866,0.010863099961308185,1.4409156534681e-05
AAL_082,AAL_010,0.010201634564556373,0.010216040035279898,-1.4405470723524716e-05
AAL_066,AAL_042,0.010402525761204526,0.01038813061790342,1.4395143301105737e-05
AAL_070,AAL_024,0.010868180011852812,0.01088257511111702,-1.4395099264208344e-05
AAL_051,AAL_004,0.010615997675121723,0.010601606689134692,1.4390985987031146e-05
AAL_069,AAL_038,0.011202229608773675,0.011216594802941342,-1.4365194167666878e-05
AAL_017,AAL_011,0.011317448171142202,0.01133180949513433,-1.4361323992127459e-05
AAL_033,AAL_090,0.010469607793940948,0.010455261010020306,1.4346783920642092e-05
AAL_032,AAL_074,0.011255989854152385,0.011241655826808946,1.433402734343954e-05
AAL_018,AAL_090,0.01096732702711199,0.010981621636683236,-1.4294609571245676e-05
AAL_013,AAL_041,0.010907671669036405,0.010921959256841142,-1.4287587804737156e-05
AAL_030,AAL_002,0.011385728587181522,0.011400004231807759,-1.4275644626237163e-05
AAL_047,AAL_049,0.011795535070710203,0.01180978603060207,-1.4250959891867754e-05
AAL_032,AAL_041,0.011028011498622533,0.011042260874534216,-1.424937591168289e-05
AAL_063,AAL_059,0.01189360892575266,0.011907853964928806,-1.4245039176146237e-05
AAL_014,AAL_018,0.011583666050504161,0.01156945324620745,1.4212804296710388e-05
AAL_064,AAL_070,0.010893746508030683,0.010879539505627108,1.4207002403574323e-05
AAL_012,AAL_064,0.011193474569620613,0.011179279598405137,1.4194971215476457e-05
AAL_058,AAL_007,0.01038227571795384,0.010396445609129983,-1.4169891176142937e-05
AAL_082,AAL_013,0.010518485624502357,0.010532630270083549,-1.4144645581191592e-05
AAL_015,AAL_052,0.010820790466605725,0.010806649491172422,1.4140975433302866e-05
AAL_037,AAL_063,0.010924547950490417,0.010938683050978124,-1.4135100487706886e-05
AAL_065,AAL_067,0.010987392829683347,0.011001502711409079,-1.4109881725732354e-05
AAL_004,AAL_071,0.01033435633374203,0.010320285610189064,1.4070723552965514e-05
AAL_055,AAL_066,0.010555281082932383,0.010569336105406136,-1.405502247375269e-05
AAL_039,AAL_064,0.010322185470046014,0.010336225149834127,-1.4039679788113366e-05
AAL_028,AAL_043,0.01069924701602222,0.010685208343690442,1.4038672331777996e-05
AAL_049,AAL_053,0.012605035878542779,0.01261904156043497,-1.4005681892191243e-05
AAL_003,AAL_032,0.011234342500678876,0.011248324658009906,-1.3982157331029338e-05
AAL_059,AAL_056,0.011456240778470524,0.011442263938819357,1.3976839651166917e-05
AAL_019,AAL_073,0.010989656729591835,0.010975697946737037,1.3958782854798027e-05
AAL_028,AAL_034,0.010340024774862278,0.010326066502732763,1.3958272129514782e-05
AAL_037,AAL_023,0.010737614264377417,0.010751570866121992,-1.395660174457504e-05
AAL_039,AAL_084,0.011007662351107877,0.011021601154050667,-1.393880294279018e-05
AAL_049,AAL_071,0.010910570052348904,0.010924508393032675,-1.3938340683770922e-05
AAL_054,AAL_026,0.01087974064832187,0.01089367727811446,-1.3936629792588723e-05
AAL_068,AAL_084,0.010553641320389306,0.010567566190404868,-1.3924870015561558e-05
AAL_006,AAL_001,0.010652926346510012,0.010666835223493298,-1.3908876983286314e-05
AAL_041,AAL_020,0.010805985213727014,0.010819893378866074,-1.3908165139060388e-05
AAL_086,AAL_047,0.011128462262005888,0.011114556240680496,1.3906021325392134e-05
AAL_055,AAL_031,0.010282270777492952,0.010296151316990479,-1.388053949752735e-05
AAL_016,AAL_061,0.01078227999357459,0.010796144142488097,-1.386414891350711e-05
AAL_064,AAL_066,0.010455291439643782,0.010441449006312243,1.3842433331539075e-05
AAL_059,AAL_039,0.011120787421719004,0.011106969069957584,1.3818351761419115e-05
AAL_004,AAL_041,0.010127212137827633,0.010140999248043332,-1.3787110215698894e-05
AAL_034,AAL_004,0.010714507840860348,0.010700739307731168,1.3768533129180499e-05
AAL_081,AAL_006,0.010310680961682119,0.01029691786942056,1.3763092261557738e-05
AAL_039,AAL_070,0.010762476503578389,0.010748734972705468,1.3741530872921418e-05
AAL_065,AAL_056,0.010288258783646628,0.010301994400159005,-1.3735616512376703e-05
AAL_067,AAL_072,0.010373523040937308,0.010359797335551039,1.3725705386269382e-05
AAL_007,AAL_006,0.011118286967866568,0.011132006813071797,-1.37198452052293e-05
AAL_019,AAL_064,0.010823536124956021,0.010809831050855498,1.3705074100523601e-05
AAL_001,AAL_030,0.010642237511551024,0.010628544362654757,1.369314889626723e-05
AAL_089,AAL_062,0.011221440841292596,0.011235133710111637,-1.3692868819041928e-05
AAL_056,AAL_082,0.01080576347736403,0.010792081447655599,1.3682029708431132e-05
AAL_040,AAL_028,0.011833160389294354,0.011846838502800347,-1.3678113505992406e-05
AAL_083,AAL_086,0.012320439952115217,0.012306781959426463,1.3657992688754367e-05
AAL_031,AAL_010,0.01075178019813875,0.010765403985200685,-1.3623787061935524e-05
AAL_019,AAL_052,0.010369717083775844,0.010383335561503103,-1.3618477727258757e-05
AAL_057,AAL_031,0.010786615612590287,0.010800227809410829,-1.3612196820542155e-05
AAL_081,AAL_090,0.010513286635629896,0.010499693418647309,1.3593216982587392e-05
AAL_014,AAL_037,0.010918097025277013,0.010904510376082904,1.3586649194109388e-05
AAL_077,AAL_060,0.01054661055533295,0.010560191012271876,-1.3580456938926816e-05
AAL_025,AAL_074,0.010801857840827005,0.010815436836267376,-1.3578995440370958e-05
AAL_077,AAL_041,0.011002667385559434,0.010989088599775772,1.3578785783662298e-05
AAL_063,AAL_051,0.011067789997189091,0.011054220526171825,1.356947101726659e-05
AAL_040,AAL_023,0.011250351977526631,0.011263916839755351,-1.356486222871961e-05
AAL_039,AAL_054,0.01068384675348862,0.010697403481280982,-1.3556727792360737e-05
AAL_078,AAL_045,0.011257415919954706,0.011270963140848848,-1.3547220894142425e-05
AAL_020,AAL_048,0.01076139714847454,0.010774942725046397,-1.3545576571856455e-05
AAL_026,AAL_083,0.010861721727599064,0.010875255863179936,-1.3534135580871992e-05
AAL_071,AAL_006,0.01110074733200873,0.011087228553300313,1.351877870841775e-05
AAL_031,AAL_081,0.010579475967818473,0.010592992835800641,-1.3516867982168654e-05
AAL_056,AAL_019,0.0105016358419616,0.010515143621075093,-1.3507779113493615e-05
AAL_009,AAL_080,0.010742689102776667,0.010756186614039518,-1.3497511262850967e-05
AAL_089,AAL_035,0.01160624609567607,0.011619683040800521,-1.3436945124451274e-05
AAL_015,AAL_054,0.01104366104118526,0.011057087844214575,-1.3426803029315329e-05
AAL_020,AAL_047,0.010630760333922684,0.01064417763120927,-1.3417297286585916e-05
AAL_040,AAL_019,0.010932842581970697,0.010946258826287598,-1.3416244316900514e-05
AAL_067,AAL_036,0.011198942416196322,0.011185532717713647,1.3409698482675161e-05
AAL_047,AAL_010,0.01028784091433144,0.010274442716989268,1.3398197342171653e-05
AAL_071,AAL_042,0.011398234939934988,0.011411626548240558,-1.3391608305570596e-05
AAL_015,AAL_076,0.011046164539746113,0.011059522758198732,-1.3358218452618614e-05
AAL_089,AAL_064,0.010864325755267825,0.01085097266929617,1.3353085971655812e-05
AAL_068,AAL_010,0.010843249316462595,0.010829900703381369,1.3348613081226243e-05
AAL_039,AAL_057,0.010716794876572795,0.010703464505486837,1.3330371085957735e-05
AAL_082,AAL_047,0.01069406756104376,0.010680744717956034,1.3322843087726008e-05
AAL_004,AAL_082,0.010090507982840013,0.010103819991182305,-1.3312008342291834e-05
AAL_019,AAL_025,0.0105582536994201,0.010544967712839099,1.3285986581000955e-05
AAL_085,AAL_068,0.011063515650442777,0.011050230409792871,1.3285240649906285e-05
AAL_032,AAL_010,0.011078161985462165,0.011064885627875849,1.3276357586316026e-05
AAL_011,AAL_054,0.010871082492586639,0.010884351205663114,-1.3268713076474911e-05
AAL_083,AAL_044,0.011672272918045394,0.011659015614825945,1.3257303219448707e-05
AAL_053,AAL_086,0.011451024303419722,0.011464280663312369,-1.3256359892646619e-05
AAL_053,AAL_031,0.010984325930714989,0.010997581538321363,-1.3255607606373412e-05
AAL_040,AAL_069,0.011286376780456202,0.011299631103096765,-1.3254322640562574e-05
AAL_017,AAL_042,0.010904218478160154,0.010917437406113515,-1.321892795336059e-05
AAL_056,AAL_068,0.010912279757615337,0.010925491074696368,-1.3211317081030655e-05
AAL_066,AAL_029,0.009963458332304772,0.009950252279879586,1.3206052425185702e-05
AAL_071,AAL_019,0.011300910101073165,0.011287735916082528,1.317418499063687e-05
AAL_054,AAL_035,0.010839324498262543,0.010826151473701888,1.3173024560655597e-05
AAL_057,AAL_087,0.011129262811368983,0.011142434843494638,-1.3172032125655098e-05
AAL_083,AAL_048,0.011902148447309932,0.011915295394068173,-1.3146946758241587e-05
AAL_012,AAL_019,0.010853813768117728,0.010840669332104492,1.3144436013235589e-05
AAL_081,AAL_017,0.0122487860906901,0.01226192034975101,-1.3134259060909592e-05
AAL_006,AAL_031,0.01116405611531411,0.011150935588510841,1.312052680326782e-05
AAL_069,AAL_062,0.011485928868572427,0.011472821205614074,1.3107662958353195e-05
AAL_025,AAL_090,0.011036612385979448,0.011023511476907185,1.3100909072262176e-05
AAL_037,AAL_019,0.010676011184437407,0.01066291838579305,1.3092798644356515e-05
AAL_017,AAL_015,0.010485811473435571,0.01047272486589091,1.3086607544661108e-05
AAL_039,AAL_019,0.010509118310406677,0.010522181503289834,-1.3063192883156285e-05
AAL_089,AAL_043,0.011073508413317494,0.011086553104092406,-1.304469077491148e-05
AAL_033,AAL_011,0.010669517462165693,0.01068254479348068,-1.3027331314986387e-05
AAL_026,AAL_021,0.011638726702787809,0.011625711734478291,1.3014968309518066e-05
AAL_026,AAL_058,0.010428508908814218,0.01041549461299817,1.3014295816047433e-05
AAL_037,AAL_068,0.01080637749356146,0.010819389413182553,-1.301191962109309e-05
AAL_025,AAL_083,0.011301492802544028,0.011314495182399714,-1.3002379855686641e-05
AAL_042,AAL_067,0.01121458999064361,0.01122757089012314,-1.2980899479530031e-05
AAL_014,AAL_048,0.010802034382175049,0.010789071861423423,1.2962520751625892e-05
AAL_076,AAL_055,0.010920214255810039,0.010933129445051142,-1.2915189241102451e-05
AAL_074,AAL_045,0.010731100789311096,0.010718190173616185,1.2910615694911379e-05
AAL_001,AAL_023,0.010586982923281243,0.010599892773658555,-1.2909850377312154e-05
AAL_018,AAL_040,0.011091055038074652,0.011078149960757634,1.2905077317017927e-05
AAL_042,AAL_061,0.011205330445295852,0.011192452400534531,1.287804476132054e-05
AAL_079,AAL_050,0.011228107457232272,0.011240984858579878,-1.2877401347605871e-05
AAL_061,AAL_028,0.010709725431779511,0.010722600094622774,-1.2874662843262441e-05
AAL_009,AAL_068,0.010849779889656182,0.01086264531181261,-1.2865422156426928e-05
AAL_025,AAL_045,0.01102926223897017,0.01104212147657466,-1.2859237604490384e-05
AAL_008,AAL_064,0.01115984107272174,0.011172668839673102,-1.2827766951361771e-05
AAL_007,AAL_064,0.010836523696859805,0.010823696151505186,1.282754535461908e-05
AAL_021,AAL_082,0.010762551564595893,0.010749726228083185,1.2825336512707619e-05
AAL_042,AAL_077,0.01170364203544445,0.011716464183133825,-1.2822147689375493e-05
AAL_002,AAL_083,0.010459193444420766,0.010446399339375365,1.2794105045401197e-05
AAL_080,AAL_053,0.01044875218405619,0.010461518499380897,-1.2766315324706443e-05
AAL_025,AAL_054,0.011049004844748057,0.0110617667233234,-1.2761878575342708e-05
AAL_005,AAL_020,0.011253029127947541,0.011240270282268969,1.2758845678572175e-05
AAL_048,AAL_015,0.010486712856377419,0.010473955075993727,1.2757780383692088e-05
AAL_033,AAL_063,0.011726886573303332,0.011714132440278755,1.2754133024577702e-05
AAL_077,AAL_002,0.010853786353801942,0.010841036800100992,1.2749553700949073e-05
AAL_006,AAL_002,0.010724573833947508,0.010737317632745129,-1.2743798797620887e-05
AAL_040,AAL_024,0.011316753022420483,0.011329478561120205,-1.2725538699721872e-05
AAL_008,AAL_081,0.010875377350319654,0.01088809488900468,-1.2717538685026036e-05
AAL_037,AAL_021,0.011090635351884441,0.011077938848648858,1.2696503235582954e-05
AAL_002,AAL_008,0.011193339724857837,0.0112060304874411,-1.2690762583263127e-05
AAL_021,AAL_012,0.010614424973774033,0.010601746200331979,1.26787734420538e-05
AAL_003,AAL_005,0.011597505316902429,0.01158483833231716,1.2666984585268937e-05
AAL_085,AAL_024,0.011533821714070872,0.011521167692638213,1.2654021432658563e-05
AAL_062,AAL_045,0.010675832147622464,0.010663187182127097,1.2644965495366839e-05
AAL_060,AAL_072,0.01069930528736331,0.010711944262235987,-1.2638974872677955e-05
AAL_047,AAL_060,0.010887863156266319,0.010875247941160616,1.261521510570289e-05
AAL_043,AAL_068,0.011472574337664196,0.01148518570756572,-1.261136990152352e-05
AAL_045,AAL_063,0.010721952142989915,0.01070934486466809,1.2607278321825205e-05
AAL_028,AAL_077,0.010364690347789573,0.010377293244632834,-1.260289684326156e-05
AAL_060,AAL_083,0.010811926313461019,0.010799324181550194,1.2602131910824724e-05
AAL_081,AAL_040,0.010633708336032353,0.01062114745674299,1.2560879289363544e-05
AAL_030,AAL_017,0.011908109106808009,0.011895551154431574,1.2557952376434506e-05
AAL_046,AAL_066,0.011880596220079396,0.011868043003081535,1.255321699786087e-05
AAL_028,AAL_089,0.011638694403008519,0.011626143170238724,1.2551232769794293e-05
AAL_025,AAL_065,0.011671408931286925,0.011658904274403309,1.2504656883616933e-05
AAL_090,AAL_044,0.01050258655514982,0.01051508317754671,-1.2496622396889964e-05
AAL_084,AAL_013,0.010582556741105186,0.010570078665302794,1.2478075802391936e-05
AAL_062,AAL_021,0.010378498560151992,0.010390973319449732,-1.2474759297739432e-05
AAL_060,AAL_012,0.011163785414865766,0.011151316393139049,1.2469021726716975e-05
AAL_038,AAL_062,0.010568110039457679,0.01058056818150335,-1.2458142045672013e-05
AAL_083,AAL_052,0.011564641394931028,0.011577088256405837,-1.2446861474809182e-05
AAL_052,AAL_027,0.010606088237757357,0.01059364572759006,1.2442510167296958e-05
AAL_006,AAL_020,0.01067497972677597,0.010687416375478355,-1.2436648702384562e-05
AAL_008,AAL_063,0.010924541723763203,0.01091210999833443,1.2431725428772855e-05
AAL_037,AAL_026,0.01100550772041146,0.010993090088458422,1.2417631953039188e-05
AAL_079,AAL_028,0.011082380986175476,0.011094778549693358,-1.239756351788246e-05
AAL_043,AAL_001,0.011019289501520813,0.011006914032969817,1.2375468550995111e-05
AAL_013,AAL_005,0.011604616730911737,0.011592243948290426,1.2372782621311584e-05
AAL_012,AAL_067,0.010449713100002617,0.010462085464530192,-1.237236452757487e-05
AAL_044,AAL_048,0.013223742686100623,0.013236090938373475,-1.234825227285248e-05
AAL_084,AAL_079,0.010850652875219528,0.010838333741477494,1.2319133742033292e-05
AAL_075,AAL_043,0.010664714464487938,0.010652406187381402,1.2308277106536439e-05
AAL_027,AAL_090,0.011199418956843706,0.011211726673539016,-1.2307716695310333e-05
AAL_074,AAL_015,0.010700397251142014,0.010712702749366351,-1.2305498224337436e-05
AAL_066,AAL_004,0.011754582868888974,0.011766887540298124,-1.230467140914994e-05
AAL_077,AAL_055,0.010684815923977867,0.010672514386955769,1.230153702209795e-05
AAL_004,AAL_026,0.01100666792346881,0.010994368131103794,1.2299792365015952e-05
AAL_071,AAL_049,0.010810046438844157,0.01082234488795546,-1.2298449111302831e-05
AAL_010,AAL_055,0.01090023511996827,0.010912516059598911,-1.2280939630640586e-05
AAL_049,AAL_009,0.011081909249401372,0.011094148009645732,-1.2238760244360006e-05
AAL_046,AAL_078,0.011284235823087586,0.011271998669868959,1.2237153218627034e-05
AAL_003,AAL_048,0.010731108508542435,0.01071889010528403,1.2218403258405439e-05
AAL_054,AAL_077,0.01088792160869791,0.010875707968292993,1.2213640404917098e-05
AAL_089,AAL_086,0.01183805818685418,0.01185025913969015,-1.2200952835970252e-05
AAL_049,AAL_058,0.011205811302265169,0.011193614600979661,1.2196701285507872e-05
AAL_020,AAL_088,0.010497971278671017,0.010510143287775681,-1.2172009104664469e-05
AAL_008,AAL_040,0.010925745229340263,0.010913579569893795,1.2165659446467664e-05
AAL_084,AAL_008,0.010834417656127714,0.01084656490673942,-1.2147250611705546e-05
AAL_010,AAL_001,0.011119475498652229,0.01113162236634836,-1.2146867696131297e-05
AAL_059,AAL_010,0.011389742633248242,0.011401868302828029,-1.2125669579787432e-05
AAL_087,AAL_004,0.011234925896661658,0.011222805104521161,1.212079214049644e-05
AAL_074,AAL_089,0.01056184864236822,0.010573964531327744,-1.211588895952409e-05
AAL_049,AAL_057,0.011132926144836169,0.011120810485433409,1.2115659402759868e-05
AAL_069,AAL_071,0.0112097213546244,0.011221836586817914,-1.2115232193514458e-05
AAL_069,AAL_005,0.011085054620256664,0.011097166500061232,-1.2111879804568154e-05
AAL_090,AAL_032,0.010247133823477814,0.010235022774275864,1.211104920195022e-05
AAL_067,AAL_076,0.010419541432593878,0.010431650723272902,-1.2109290679023985e-05
AAL_024,AAL_049,0.010656633832229253,0.01064453362984116,1.2100202388093395e-05
AAL_055,AAL_009,0.010472916846728733,0.01046081706095792,1.209978577081279e-05
AAL_022,AAL_070,0.010847134973344386,0.01083503752743488,1.2097445909506344e-05
AAL_034,AAL_018,0.010575538053392218,0.01058762261260384,-1.20845592116222e-05
AAL_014,AAL_079,0.011154629039363219,0.011166712239144309,-1.2083199781090515e-05
AAL_022,AAL_086,0.011088933815590592,0.011101002319630411,-1.2068504039819059e-05
AAL_054,AAL_037,0.011065905416209219,0.011053860504133973,1.2044912075246175e-05
AAL_024,AAL_081,0.010615677588706853,0.01062770712214797,-1.2029533441117873e-05
AAL_049,AAL_017,0.010842672770078748,0.01085468829047887,-1.2015520400121202e-05
AAL_014,AAL_005,0.011289519245903462,0.01127750519431998,1.2014051583481705e-05
AAL_009,AAL_067,0.010823461798250548,0.010835468977061159,-1.2007178810610059e-05
AAL_016,AAL_053,0.010660186053739272,0.010672182124339173,-1.1996070599901154e-05
AAL_087,AAL_006,0.011352174744232852,0.011340188768417308,1.1985975815543767e-05
AAL_062,AAL_016,0.011084495265530342,0.011072528298953478,1.1966966576864094e-05
AAL_081,AAL_022,0.010514645707897015,0.010502685011634904,1.1960696262110562e-05
AAL_083,AAL_084,0.01309653633258218,0.0130846109703442,1.1925362237978632e-05
AAL_052,AAL_003,0.01056209646173331,0.010550179571911655,1.1916889821654564e-05
AAL_085,AAL_043,0.010669669886637066,0.010681579291598672,-1.1909404961606834e-05
AAL_040,AAL_073,0.011070396976036012,0.011082301614228313,-1.190463819230117e-05
AAL_011,AAL_087,0.010946330403447406,0.01093443145943117,1.1898944016236479e-05
AAL_035,AAL_030,0.011190190843632843,0.011202089643341583,-1.1898799708739971e-05
AAL_011,AAL_076,0.011038699720659826,0.01102681836533931,1.188135532051611e-05
AAL_036,AAL_051,0.011701690685799997,0.011689864399452363,1.1826286347634343e-05
AAL_019,AAL_005,0.010870009473660309,0.010881821980824689,-1.181250716437987e-05
AAL_003,AAL_031,0.011443184519536857,0.011454992666470798,-1.1808146933941013e-05
AAL_069,AAL_032,0.010892704346129654,0.010904496951634179,-1.1792605504525044e-05
AAL_047,AAL_052,0.011814935353751749,0.011803181874323127,1.1753479428621566e-05
AAL_001,AAL_008,0.010695498458579438,0.010707247161096143,-1.1748702516705192e-05
AAL_066,AAL_059,0.011039482234603064,0.011027735480044971,1.174675455809307e-05
AAL_076,AAL_017,0.011221226875901096,0.011232958588906317,-1.1731713005221772e-05
AAL_065,AAL_055,0.010525137669621753,0.010513406166016464,1.1731503605288615e-05
AAL_037,AAL_024,0.010750979712455828,0.010762709454071729,-1.1729741615900888e-05
AAL_041,AAL_040,0.011707084910132183,0.011695356545022344,1.1728365109838976e-05
AAL_004,AAL_079,0.010132834016799163,0.010121106958160033,1.1727058639129581e-05
AAL_042,AAL_063,0.011523553582194906,0.011535222949483259,-1.1669367288353119e-05
AAL_030,AAL_001,0.010967391280409617,0.010979049302933381,-1.1658022523763564e-05
AAL_048,AAL_005,0.010533284282502837,0.010521630070197671,1.1654212305166334e-05
AAL_011,AAL_084,0.010966454200749086,0.0109548017003622,1.165250038688559e-05
AAL_054,AAL_076,0.010807539356283398,0.010819179842493523,-1.1640486210124507e-05
AAL_059,AAL_025,0.010925932695818508,0.010914294760923824,1.1637934894684343e-05
AAL_090,AAL_048,0.010759162441946758,0.010770775618091706,-1.1613176144948181e-05
AAL_042,AAL_048,0.011587543715523858,0.011575987777457787,1.15559380660709e-05
AAL_085,AAL_028,0.011254035987150975,0.011242502972150854,1.1533015000120272e-05
AAL_025,AAL_060,0.010612668101397207,0.010624187820528637,-1.1519719131429518e-05
AAL_012,AAL_017,0.01106213328317126,0.011050623848516652,1.1509434654609005e-05
AAL_075,AAL_044,0.010658328554744268,0.01064683612269666,1.1492432047607859e-05
AAL_044,AAL_005,0.011013398721065914,0.011001910052953227,1.1488668112687173e-05
AAL_039,AAL_058,0.010690817754699761,0.01067933484348041,1.1482911219351868e-05
AAL_022,AAL_047,0.01090033465009342,0.01091180031855704,-1.146566846361996e-05
AAL_046,AAL_014,0.011070957739686227,0.011082416162283042,-1.1458422596815829e-05
AAL_047,AAL_026,0.010436322293284103,0.010447759969303241,-1.1437676019137796e-05
AAL_056,AAL_044,0.011910440786303872,0.011921867760586975,-1.1426974283102256e-05
AAL_053,AAL_037,0.011560940728960639,0.011572360509438048,-1.1419780477408756e-05
AAL_063,AAL_048,0.010979470028740983,0.01099088576116204,-1.1415732421056826e-05
AAL_045,AAL_062,0.010714171947831782,0.010702764693989647,1.1407253842134549e-05
AAL_049,AAL_070,0.01127798573121938,0.011289391560345962,-1.1405829126582417e-05
AAL_021,AAL_090,0.011022509784143195,0.011011110369125311,1.1399415017883385e-05
AAL_042,AAL_084,0.012304021493316842,0.01231540742078357,-1.1385927466727591e-05
AAL_079,AAL_060,0.011275403792611681,0.011286760768194501,-1.135697558281995e-05
AAL_006,AAL_065,0.011378810060425447,0.011367453213679435,1.1356846746012408e-05
AAL_078,AAL_053,0.011134986126890931,0.011146313557054654,-1.1327430163722563e-05
AAL_034,AAL_024,0.01055735532536657,0.010546033494821553,1.1321830545016343e-05
AAL_072,AAL_001,0.01137363109498834,0.011362330278580449,1.130081640789149e-05
AAL_012,AAL_006,0.010896529160583248,0.010907828528202941,-1.1299367619692705e-05
AAL_042,AAL_076,0.01196745775727571,0.011978748594191175,-1.129083691546462e-05
AAL_015,AAL_084,0.011510348395229532,0.011521626622057878,-1.1278226828346019e-05
AAL_073,AAL_086,0.010326104180919182,0.010337380914216302,-1.1276733297120242e-05
AAL_062,AAL_088,0.010301279290141458,0.010312552268041423,-1.1272977899965536e-05
AAL_036,AAL_049,0.011752064536827115,0.011763325559608545,-1.1261022781429778e-05
AAL_062,AAL_083,0.010381465200653188,0.010370259817976218,1.1205382676970216e-05
AAL_078,AAL_054,0.011226751123212723,0.011215549075592392,1.1202047620331376e-05
AAL_040,AAL_053,0.011270070581848169,0.011281269447642284,-1.1198865794115678e-05
AAL_089,AAL_029,0.010932980055530738,0.010921789862437373,1.1190193093365414e-05
AAL_085,AAL_033,0.010544997580253925,0.010556173769678578,-1.1176189424652941e-05
AAL_051,AAL_023,0.010842688540872345,0.010853856483072265,-1.1167942199919942e-05
AAL_056,AAL_029,0.010563251697736928,0.010552089370177046,1.116232755988232e-05
AAL_037,AAL_002,0.010653695722436931,0.010664845084212258,-1.1149361775326938e-05
AAL_089,AAL_049,0.01128555167840523,0.01127440409120126,1.1147587203970757e-05
AAL_015,AAL_018,0.010713945731966414,0.010702799386333296,1.1146345633117685e-05
AAL_049,AAL_011,0.011214620250667263,0.011203475994411533,1.1144256255729568e-05
AAL_012,AAL_081,0.010973824695564615,0.010962693459786493,1.1131235778122014e-05
AAL_007,AAL_026,0.010686084749495499,0.010697177502675624,-1.1092753180124912e-05
AAL_067,AAL_001,0.011073299020958634,0.011084389278928635,-1.1090257970001322e-05
AAL_031,AAL_055,0.010448502756766656,0.010437412591877557,1.109016488909896e-05
AAL_088,AAL_027,0.01162004455104152,0.011608975042794685,1.1069508246834212e-05
AAL_047,AAL_022,0.010469830744207287,0.010480890931011578,-1.1060186804291022e-05
AAL_077,AAL_089,0.01054896663229626,0.010537935894620478,1.1030737675781985e-05
AAL_087,AAL_051,0.011053781781313766,0.011064804207635281,-1.1022426321515705e-05
AAL_039,AAL_040,0.012407238250916712,0.01239623561057796,1.1002640338752048e-05
AAL_056,AAL_017,0.010608923906046484,0.010619914713812526,-1.0990807766042207e-05
AAL_079,AAL_014,0.01142252036410137,0.011433503461109645,-1.098309700827381e-05
AAL_056,AAL_030,0.010689614360563012,0.010678631514680592,1.0982845882419323e-05
AAL_019,AAL_039,0.01045996029702071,0.010448983530733485,1.0976766287223994e-05
AAL_049,AAL_016,0.010868419234394135,0.010857452532142474,1.0966702251660743e-05
AAL_065,AAL_044,0.010527060239806645,0.01051611090702913,1.0949332777515294e-05
AAL_010,AAL_029,0.011074520275394758,0.011085452156016608,-1.0931880621850229e-05
AAL_056,AAL_061,0.010454300120393308,0.010465216924605092,-1.0916804211783676e-05
AAL_084,AAL_087,0.010827461018776283,0.010838371468130176,-1.0910449353893764e-05
AAL_082,AAL_025,0.010207739171102388,0.010218637658019664,-1.0898486917276101e-05
AAL_066,AAL_005,0.010829597337442076,0.010818725749942712,1.0871587499364233e-05
AAL_076,AAL_018,0.011362005019178376,0.011351135007057237,1.0870012121138792e-05
AAL_004,AAL_054,0.010282890467196066,0.010272021153502665,1.0869313693401272e-05
AAL_071,AAL_063,0.011000000471726824,0.011010862734381378,-1.0862262654554727e-05
AAL_064,AAL_087,0.010228985856868263,0.010239842035819223,-1.0856178950960013e-05
AAL_018,AAL_059,0.011167836715825476,0.011178676089821914,-1.083937399643832e-05
AAL_025,AAL_055,0.011113985296354717,0.011124807079472849,-1.0821783118132242e-05
AAL_060,AAL_021,0.010840389740247374,0.010851196334616422,-1.0806594369047393e-05
AAL_008,AAL_022,0.010891939242744548,0.01090274328278105,-1.0804040036501567e-05
AAL_065,AAL_040,0.010623976634019334,0.010613172737969358,1.080389604997574e-05
AAL_047,AAL_004,0.01029773546844466,0.010286942637403018,1.079283104164254e-05
AAL_049,AAL_001,0.011451579039343275,0.011462362323686592,-1.0783284343316574e-05
AAL_083,AAL_008,0.011488412166587435,0.011499182392771427,-1.0770226183991899e-05
AAL_072,AAL_005,0.0120734474562013,0.012084210282260963,-1.0762826059662611e-05
AAL_036,AAL_070,0.011807571875695616,0.011818323668009294,-1.0751792313678024e-05
AAL_002,AAL_059,0.011454982086060902,0.01144423403964371,1.0748046417192667e-05
AAL_062,AAL_044,0.010471647000338277,0.01048237245261817,-1.0725452279893716e-05
AAL_037,AAL_020,0.0107825961517186,0.010771885366356993,1.071078536160619e-05
AAL_060,AAL_076,0.010774095729789417,0.010784803110893547,-1.0707381104129582e-05
AAL_015,AAL_069,0.011071880206736362,0.011061183874848907,1.0696331887454294e-05
AAL_051,AAL_015,0.01055716224707281,0.010567854355013104,-1.0692107940293502e-05
AAL_072,AAL_028,0.01252153037617413,0.012532217002868948,-1.0686626694818638e-05
AAL_031,AAL_083,0.01094075891141517,0.010930090955465514,1.0667955949656902e-05
AAL_018,AAL_043,0.011137373371320402,0.01114803780027418,-1.0664428953777519e-05
AAL_001,AAL_047,0.010538546899811197,0.010549197664424297,-1.0650764613099467e-05
AAL_055,AAL_004,0.010401519785563532,0.010412114374247142,-1.0594588683609726e-05
AAL_061,AAL_047,0.01075069291684299,0.010761282374393704,-1.0589457550714415e-05
AAL_051,AAL_048,0.01111643492944666,0.01112700474191984,-1.0569812473179216e-05
AAL_048,AAL_017,0.010603919929753128,0.010614487090640268,-1.0567160887139937e-05
AAL_078,AAL_047,0.011379219609527634,0.011389786361372353,-1.0566751844718475e-05
AAL_020,AAL_005,0.010683406319501054,0.010672846252084815,1.0560067416238994e-05
AAL_075,AAL_045,0.010568645141986955,0.010558091228823212,1.055391316374249e-05
AAL_084,AAL_007,0.010672362676511208,0.010661820830227276,1.054184628393115e-05
AAL_022,AAL_020,0.010505100433579367,0.01051564046202537,-1.0540028446004088e-05
AAL_055,AAL_019,0.010413251827176437,0.010423785815057032,-1.0533987880595105e-05
AAL_082,AAL_022,0.010389160311136108,0.010399670340120792,-1.0510028984684477e-05
AAL_042,AAL_044,0.01131596945377433,0.011326470890685583,-1.050143691125327e-05
AAL_038,AAL_005,0.010552840257604789,0.010563320528817532,-1.0480271212743447e-05
AAL_088,AAL_085,0.01188565631253788,0.011875176860051918,1.0479452485962631e-05
AAL_060,AAL_030,0.011090001362001793,0.011100468290484425,-1.0466928482631699e-05
AAL_039,AAL_021,0.011275669583716454,0.011265222059456497,1.0447524259956861e-05
AAL_013,AAL_078,0.010821268477867175,0.010810822343208801,1.0446134658373754e-05
AAL_023,AAL_056,0.010891786573502498,0.010902220376353553,-1.0433802851055399e-05
AAL_019,AAL_067,0.010938038647525076,0.010927611206272251,1.0427441252824562e-05
AAL_066,AAL_025,0.010775497626974924,0.010765070442304422,1.0427184670501466e-05
AAL_047,AAL_033,0.010608127219284065,0.01061854479145767,-1.0417572173605782e-05
AAL_063,AAL_024,0.010525753544484321,0.010536166730685801,-1.0413186201480365e-05
AAL_074,AAL_067,0.01068457125678149,0.010674164274582645,1.0406982198845824e-05
AAL_004,AAL_010,0.011153877382445285,0.011143483383299103,1.0393999146181623e-05
AAL_047,AAL_050,0.012078274817516407,0.012088631906040549,-1.035708852414191e-05
AAL_032,AAL_048,0.010935777133633183,0.010925424985458182,1.0352148175001713e-05
AAL_023,AAL_043,0.01104420405597641,0.011033862299995298,1.0341755981111561e-05
AAL_068,AAL_034,0.011340612495859336,0.011350940402236677,-1.0327906377340448e-05
AAL_033,AAL_017,0.011480375533350386,0.01147006193254485,1.0313600805535172e-05
AAL_033,AAL_018,0.01142424726500534,0.01143455813192848,-1.0310866923138665e-05
AAL_008,AAL_085,0.010987044278229786,0.010976735472438796,1.0308805790990028e-05
AAL_044,AAL_034,0.011320752674777411,0.011331052383033573,-1.0299708256162124e-05
AAL_023,AAL_064,0.010338607150663296,0.010348902553061102,-1.0295402397806491e-05
AAL_042,AAL_005,0.011303916412334029,0.011314210583624562,-1.0294171290533075e-05
AAL_007,AAL_059,0.011421986182944642,0.011411695073245477,1.0291109699165496e-05
AAL_008,AAL_014,0.01237745638180556,0.01236717940467611,1.0276977129450304e-05
AAL_012,AAL_001,0.011161825420637416,0.011151549306977772,1.0276113659644232e-05
AAL_018,AAL_021,0.010902187182034692,0.01091244076343979,-1.0253581405097675e-05
AAL_015,AAL_058,0.010961571210820196,0.010971824652411357,-1.0253441591161205e-05
AAL_079,AAL_046,0.011211872729671817,0.011201630330300213,1.024239937160408e-05
AAL_073,AAL_066,0.01003115063206826,0.010020912832883245,1.0237799185014787e-05
AAL_006,AAL_073,0.010393172323417205,0.010403402188963837,-1.0229865546631384e-05
AAL_053,AAL_067,0.011631668710476186,0.011621446702305792,1.0222008170393884e-05
AAL_042,AAL_047,0.01141953312505323,0.011409313940251287,1.0219184801943393e-05
AAL_028,AAL_035,0.01134780951990531,0.01135802686574959,-1.0217345844280162e-05
AAL_003,AAL_083,0.010717482037412433,0.010727676394263804,-1.0194356851371197e-05
AAL_011,AAL_050,0.010695477364521123,0.010705662218775258,-1.0184854254134332e-05
AAL_057,AAL_033,0.011869132246137558,0.011858947466476531,1.01847796610266e-05
AAL_074,AAL_046,0.01063218003966742,0.010622006690790576,1.0173348876844554e-05
AAL_073,AAL_076,0.011345832622570232,0.011335694457568395,1.013816500183666e-05
AAL_059,AAL_080,0.011110333560639594,0.011100212803050395,1.0120757589198587e-05
AAL_089,AAL_021,0.011669366449340541,0.011679476270308861,-1.0109820968320568e-05
AAL_009,AAL_038,0.01065626349220546,0.010666359571864823,-1.0096079659363544e-05
AAL_065,AAL_079,0.01053748163792631,0.010527389234962594,1.0092402963715955e-05
AAL_003,AAL_057,0.010534467605444102,0.010544554466756046,-1.0086861311944806e-05
AAL_087,AAL_060,0.010698822523968725,0.010708908693721661,-1.008616975293683e-05
AAL_024,AAL_029,0.010606534400970763,0.01059644908017985,1.0085320790912886e-05
AAL_011,AAL_077,0.01122117687900288,0.011231252729486,-1.0075850483119708e-05
AAL_067,AAL_043,0.010980071326813255,0.010969995849167295,1.0075477645959258e-05
AAL_016,AAL_052,0.010483588129839199,0.01047351380241642,1.0074327422778667e-05
AAL_009,AAL_041,0.01084645326113981,0.010836380187227915,1.0073073911895034e-05
AAL_048,AAL_022,0.010673385199047944,0.01066333718514694,1.004801390100396e-05
AAL_071,AAL_059,0.010800632761600308,0.010790585634984981,1.0047126615326737e-05
AAL_021,AAL_073,0.01083621246795942,0.010846242854006533,-1.0030386047112094e-05
AAL_015,AAL_090,0.011280516920706782,0.011290536902234808,-1.0019981528025523e-05
AAL_011,AAL_064,0.011032487612026624,0.011022472992151162,1.0014619875462621e-05
AAL_082,AAL_062,0.010507858949355207,0.010497860289259673,9.998660095534434e-06
AAL_081,AAL_059,0.010604194013210826,0.010614188353325386,-9.994340114560796e-06
AAL_020,AAL_075,0.01097815714052154,0.010988142477722824,-9.985337201284805e-06
AAL_036,AAL_043,0.011786904936242435,0.011796872290983685,-9.967354741249879e-06
AAL_044,AAL_055,0.01168498582739988,0.011675023730317357,9.962097082523089e-06
AAL_020,AAL_087,0.010493524995449388,0.010503483608032278,-9.958612582889811e-06
AAL_011,AAL_033,0.010872304933066042,0.010862357986087982,9.946946978060464e-06
AAL_038,AAL_024,0.010982544694700811,0.010972600192219833,9.944502480978279e-06
AAL_066,AAL_044,0.01065948837174055,0.0106495498349109,9.938536829649444e-06
AAL_056,AAL_080,0.010731152181203166,0.01072122558498427,9.926596218895814e-06
AAL_062,AAL_033,0.011056799754006868,0.011066710969280665,-9.911215273796653e-06
AAL_050,AAL_020,0.011069124164537359,0.011059232740189242,9.891424348117128e-06
AAL_083,AAL_006,0.01185072121473077,0.011860606780566885,-9.885565836115218e-06
AAL_038,AAL_042,0.012112473348617299,0.012102590261429326,9.88308718797258e-06
AAL_026,AAL_085,0.011107650899893453,0.011097793934159628,9.856965733825301e-06
AAL_013,AAL_072,0.010828457675221512,0.010838308219079197,-9.850543857685065e-06
AAL_057,AAL_046,0.010990628964689553,0.011000473905012714,-9.844940323161522e-06
AAL_069,AAL_073,0.011459379721608045,0.011469213266581962,-9.833544973917446e-06
AAL_027,AAL_077,0.010550149614946583,0.010559977126994144,-9.827512047561049e-06
AAL_068,AAL_050,0.011287770729559736,0.011277947295226028,9.823434333708705e-06
AAL_003,AAL_037,0.010509794864516992,0.010499978553568459,9.81631094853358e-06
AAL_050,AAL_010,0.011032274255576806,0.011022517554665321,9.756700911484756e-06
AAL_030,AAL_064,0.011846989094733428,0.011837240257681748,9.748837051680101e-06
AAL_019,AAL_082,0.010627977152028654,0.010618241714133371,9.735437895282834e-06
AAL_084,AAL_017,0.01090454384405962,0.010894816105367232,9.727738692387813e-06
AAL_081,AAL_005,0.010327207712599864,0.010336933364033254,-9.725651433390228e-06
AAL_064,AAL_004,0.010335062521024264,0.01032534597797444,9.71654304982375e-06
AAL_075,AAL_035,0.010826315995480897,0.010816605408068182,9.710587412715271e-06
AAL_017,AAL_050,0.010700473553922951,0.010710179669408142,-9.706115485190805e-06
AAL_029,AAL_005,0.010956369461810105,0.010966074678390553,-9.705216580448497e-06
AAL_019,AAL_056,0.01038972993628082,0.010399428797104666,-9.69886082384519e-06
AAL_015,AAL_051,0.011134397154912734,0.011124737516840545,9.659638072189239e-06
AAL_084,AAL_001,0.010595152574456018,0.010604807508476172,-9.654934020154188e-06
AAL_058,AAL_037,0.010658442856680252,0.010648791611231586,9.65124544866601e-06
AAL_045,AAL_054,0.011337726659531523,0.011328083652513051,9.643007018471025e-06
AAL_036,AAL_047,0.011586008038228521,0.011595648916775624,-9.640878547103118e-06
AAL_072,AAL_025,0.012360798141274314,0.012351159713515277,9.638427759037574e-06
AAL_059,AAL_005,0.011429323619788783,0.011419694161241315,9.62945854746794e-06
AAL_048,AAL_013,0.010403686788124152,0.010394061448759684,9.625339364468036e-06
AAL_082,AAL_052,0.010355065475241879,0.010345441051215747,9.624424026131659e-06
AAL_077,AAL_067,0.010711432257507984,0.010701809801789874,9.622455718109879e-06
AAL_003,AAL_068,0.01148618452457918,0.01147656627554012,9.61824903905964e-06
AAL_047,AAL_024,0.010256054373378428,0.010265664638900579,-9.610265522151315e-06
AAL_033,AAL_079,0.011240941673342107,0.011231336823523636,9.604849818470665e-06
AAL_002,AAL_018,0.011231852430675147,0.01122224914654165,9.603284133496634e-06
AAL_056,AAL_073,0.010606654069951585,0.010616251505523106,-9.597435571521637e-06
AAL_073,AAL_054,0.010443860836104196,0.01045343895250973,-9.578116405534187e-06
AAL_078,AAL_050,0.01110890812566902,0.011099343890643149,9.564235025870393e-06
AAL_017,AAL_009,0.010496309084785927,0.010486768071005865,9.541013780062224e-06
AAL_038,AAL_081,0.010912618323221292,0.010922120551280584,-9.502228059291712e-06
AAL_041,AAL_064,0.010955580888300115,0.010965073194641333,-9.492306341217852e-06
AAL_065,AAL_039,0.010748970344200985,0.010758454338289224,-9.483994088238176e-06
AAL_046,AAL_036,0.01215725053404259,0.012166696485067272,-9.445951024682903e-06
AAL_017,AAL_040,0.010537007899206674,0.010546436251393027,-9.428352186353559e-06
AAL_012,AAL_039,0.01037442293137503,0.010383847162645152,-9.424231270122041e-06
AAL_026,AAL_060,0.010134974717457071,0.01012555516969699,9.419547760080443e-06
AAL_011,AAL_044,0.010710680419499548,0.010701276433582489,9.40398591705964e-06
AAL_029,AAL_042,0.011066241916189464,0.011056847507526946,9.39440866251813e-06
AAL_085,AAL_082,0.011011404047011692,0.01102079291626922,-9.388869257527868e-06
AAL_001,AAL_043,0.010511210281799873,0.01052059260458124,-9.382322781366359e-06
AAL_023,AAL_042,0.0108722791983149,0.010862943064652512,9.336133662387128e-06
AAL_046,AAL_065,0.01137581027041261,0.011385136309354832,-9.326038942221448e-06
AAL_017,AAL_053,0.01069498622121337,0.01068567485541623,9.311365797140536e-06
AAL_073,AAL_007,0.010733626175942456,0.010724319993210933,9.306182731523213e-06
AAL_071,AAL_067,0.010815353890976463,0.010824639599761064,-9.285708784601693e-06
AAL_031,AAL_043,0.010746953075624302,0.01075623095932211,-9.277883697807882e-06
AAL_044,AAL_068,0.011933504759023586,0.011924229358916839,9.275400106747642e-06
AAL_008,AAL_060,0.011489021528161999,0.011498295480186679,-9.27395202468019e-06
AAL_017,AAL_073,0.011984837617581854,0.011994110889474009,-9.273271892155238e-06
AAL_060,AAL_018,0.011338156920610966,0.011328886309291974,9.270611318992414e-06
AAL_085,AAL_020,0.010810277263562266,0.01081954733128879,-9.2700677265245e-06
AAL_043,AAL_044,0.013651850113931756,0.013642588228209143,9.2618857226133e-06
AAL_026,AAL_089,0.011146919256569738,0.01113766162348888,9.257633080857197e-06
AAL_076,AAL_080,0.011373365745664788,0.011364130153050345,9.235592614443427e-06
AAL_039,AAL_002,0.010343899852874825,0.010353134686205879,-9.234833331053793e-06
AAL_016,AAL_035,0.010503869567416672,0.010494640998301967,9.22856911470503e-06
AAL_006,AAL_062,0.010979002433168327,0.010988221034666444,-9.218601498117013e-06
AAL_067,AAL_003,0.011382978761759706,0.011392189663541377,-9.210901781670985e-06
AAL_060,AAL_010,0.011234981485475332,0.011244184473903835,-9.202988428503797e-06
AAL_067,AAL_016,0.01024751742489827,0.010238318385154231,9.199039744039322e-06
AAL_005,AAL_057,0.01087582747762402,0.010866632932339502,9.194545284517755e-06
AAL_008,AAL_033,0.011282900491586098,0.011273716849092367,9.183642493731242e-06
AAL_073,AAL_011,0.010899863205850124,0.010890682031476764,9.181174373359968e-06
AAL_049,AAL_080,0.010767903895332264,0.010777046122858602,-9.142227526338226e-06
AAL_052,AAL_067,0.011165282183573542,0.011174406652932723,-9.124469359180973e-06
AAL_065,AAL_042,0.010373546674242642,0.010364430443506234,9.116230736407396e-06
AAL_024,AAL_054,0.010962428268379508,0.01095332078423083,9.107484148677264e-06
AAL_014,AAL_019,0.010946309219838845,0.010955408689272464,-9.099469433618973e-06
AAL_056,AAL_031,0.010501670476017345,0.010510756879139035,-9.086403121690706e-06
AAL_054,AAL_071,0.010933943723654773,0.010924865355340778,9.078368313994792e-06
AAL_076,AAL_064,0.011084503661363553,0.01107545087238769,9.052788975862786e-06
AAL_049,AAL_018,0.010874807339113874,0.010865755309870757,9.052029243117321e-06
AAL_044,AAL_069,0.011145169530302668,0.011136130110889896,9.03941941277249e-06
AAL_012,AAL_003,0.010699121808856089,0.010708143872211204,-9.022063355115448e-06
AAL_060,AAL_025,0.010658802130283454,0.010667822478574795,-9.020348291340421e-06
AAL_058,AAL_048,0.010687120079707641,0.010696122242558387,-9.002162850746051e-06
AAL_005,AAL_064,0.010952139062345283,0.010943139427186686,8.999635158596711e-06
AAL_071,AAL_068,0.010771892119087597,0.010780878545295807,-8.986426208210108e-06
AAL_040,AAL_036,0.011635795060513366,0.011644781359168643,-8.986298655276614e-06
AAL_019,AAL_012,0.01068766327160928,0.010678677667144955,8.985604464325364e-06
AAL_025,AAL_072,0.011451037791677011,0.011442077188999866,8.960602677144866e-06
AAL_051,AAL_012,0.010431817726781353,0.010422870801026857,8.946925754496626e-06
AAL_024,AAL_040,0.011100816411069699,0.011109754031815244,-8.937620745545771e-06
AAL_001,AAL_017,0.011182274203747511,0.011191193002828446,-8.918799080935222e-06
AAL_044,AAL_009,0.010943553571660932,0.010934664206879755,8.889364781177259e-06
AAL_024,AAL_010,0.011414855728562698,0.01140597250737786,8.883221184837267e-06
AAL_027,AAL_033,0.010527284495516593,0.010518401687867737,8.882807648855767e-06
AAL_051,AAL_014,0.010439778823389584,0.010448657771198093,-8.878947808509119e-06
AAL_041,AAL_049,0.010640803087725598,0.010631928733427531,8.874354298067308e-06
AAL_026,AAL_018,0.009958481079795294,0.00994961906603489,8.86201376040438e-06
AAL_045,AAL_020,0.01060143500391362,0.01061025011600469,-8.815112091069624e-06
AAL_045,AAL_070,0.010684952275174806,0.010693765377103542,-8.813101928736161e-06
AAL_032,AAL_056,0.010703965076285168,0.010712761406511733,-8.796330226564994e-06
AAL_049,AAL_078,0.01075117129028544,0.010742378499700916,8.792790584523716e-06
AAL_049,AAL_052,0.013393546739179227,0.013384764713625754,8.782025553473113e-06
AAL_009,AAL_069,0.010923265298414562,0.010914512214345612,8.753084068949951e-06
AAL_068,AAL_018,0.010042209872721225,0.01005095917334036,-8.749300619134356e-06
AAL_047,AAL_025,0.010418177958434591,0.010426922655079707,-8.74469664511636e-06
AAL_016,AAL_065,0.011047029382206945,0.011038288998674074,8.74038353287053e-06
AAL_028,AAL_007,0.010447502796912296,0.010438768881796016,8.73391511627998e-06
AAL_053,AAL_077,0.01130141475651827,0.011292688754241609,8.726002276662065e-06
AAL_057,AAL_090,0.011170303367444465,0.011179018962120743,-8.715594676278124e-06
AAL_060,AAL_024,0.010460790445725633,0.010469466440897277,-8.675995171644399e-06
AAL_080,AAL_057,0.011262076465078654,0.01125341232764366,8.664137434994182e-06
AAL_072,AAL_083,0.011903819208168704,0.011912480881784305,-8.661673615600884e-06
AAL_061,AAL_004,0.011081560644217663,0.01109022162531135,-8.660981093687806e-06
AAL_040,AAL_064,0.010937687552844485,0.01092905656575565,8.630987088835071e-06
AAL_057,AAL_041,0.011270463259683715,0.011261835551032653,8.627708651062077e-06
AAL_045,AAL_026,0.010655205261010008,0.010663826432236224,-8.62117122621582e-06
AAL_001,AAL_073,0.010866912772369564,0.01087550367124693,-8.59089887736593e-06
AAL_065,AAL_038,0.010474415937772928,0.010482971665100484,-8.55572732755619e-06
AAL_013,AAL_085,0.01135538212962958,0.01136392777411281,-8.545644483229364e-06
AAL_020,AAL_085,0.01073675825754101,0.010745292626524681,-8.53436898367102e-06
AAL_047,AAL_085,0.010455179185423458,0.010446645005169342,8.534180254116466e-06
AAL_051,AAL_084,0.01020483212529594,0.010213341908275194,-8.509782979252908e-06
AAL_023,AAL_063,0.010425973122414106,0.010417475242620662,8.497879793444366e-06
AAL_024,AAL_011,0.01109157957168471,0.01110004169390382,-8.462122219108845e-06
AAL_058,AAL_035,0.0102472886399358,0.01025574503203036,-8.456392094558646e-06
AAL_049,AAL_035,0.010971026465248985,0.01096257033801774,8.456127231245072e-06
AAL_017,AAL_033,0.01144930929876864,0.011440866878695288,8.44242007335197e-06
AAL_007,AAL_083,0.010853476553725509,0.010861918575155824,-8.442021430314986e-06
AAL_051,AAL_008,0.010498811667944249,0.010507223272589832,-8.411604645583437e-06
AAL_089,AAL_045,0.010941892703119507,0.01093350219362353,8.390509495977139e-06
AAL_052,AAL_028,0.010641928260716109,0.010650294493172069,-8.366232455959965e-06
AAL_037,AAL_062,0.010499593117234543,0.010491260417526769,8.332699707774144e-06
AAL_079,AAL_043,0.01138071290965582,0.011389037261418905,-8.324351763084464e-06
AAL_029,AAL_052,0.010424631422895014,0.010432946597394665,-8.315174499650899e-06
AAL_039,AAL_017,0.0105109159858563,0.01051922066012402,-8.304674267720427e-06
AAL_067,AAL_056,0.010890883592586232,0.0108825792847363,8.304307849931955e-06
AAL_011,AAL_047,0.01068923150937463,0.010697524391447492,-8.29288207286269e-06
AAL_045,AAL_066,0.010841858736438375,0.010850139634762302,-8.280898323926797e-06
AAL_016,AAL_046,0.010306992353155063,0.010298743527428832,8.248825726231077e-06
AAL_048,AAL_009,0.010484786095240941,0.010493014231971269,-8.228136730327462e-06
AAL_065,AAL_001,0.010882289672238577,0.010890507816380958,-8.218144142381131e-06
AAL_089,AAL_088,0.012178108434423678,0.012186314603290694,-8.206168867016042e-06
AAL_062,AAL_046,0.010631150283460688,0.010639330432299645,-8.180148838956777e-06
AAL_071,AAL_004,0.01096708920951455,0.010975253102704698,-8.163893190147112e-06
AAL_030,AAL_080,0.011943703630748086,0.011935551331907733,8.152298840352623e-06
AAL_043,AAL_021,0.011084001779986115,0.011092148222047698,-8.146442061582326e-06
AAL_080,AAL_081,0.01173510913275437,0.011743253016054039,-8.14388329966817e-06
AAL_074,AAL_040,0.010849228614352198,0.010841129139694327,8.099474657871295e-06
AAL_023,AAL_061,0.01079835399834073,0.010790279511796777,8.074486543952972e-06
AAL_045,AAL_004,0.010517442662619118,0.01050937055811175,8.07210450736763e-06
AAL_040,AAL_062,0.011031427912207114,0.011039481597672917,-8.053685465803095e-06
AAL_016,AAL_055,0.010677096467767643,0.010685147354772162,-8.050887004519211e-06
AAL_044,AAL_062,0.011029859453551153,0.011037901707141482,-8.042253590329063e-06
AAL_067,AAL_046,0.011446419609790174,0.01145446104767083,-8.041437880655644e-06
AAL_017,AAL_054,0.010689170133624958,0.010697203716055188,-8.033582430230085e-06
AAL_083,AAL_010,0.01165389772066767,0.011661922013752218,-8.024293084548523e-06
AAL_019,AAL_063,0.010973815459949084,0.010965804527825664,8.010932123419384e-06
AAL_082,AAL_046,0.010443354481194392,0.010435352901519085,8.001579675306555e-06
AAL_044,AAL_066,0.011287396950806435,0.011295386911288976,-7.989960482540637e-06
AAL_020,AAL_015,0.010725051564618181,0.010717073319105446,7.97824551273564e-06
AAL_042,AAL_060,0.0113215106818029,0.011329472441660706,-7.961759857805922e-06
AAL_076,AAL_029,0.011504794614246259,0.01151275068576963,-7.95607152337223e-06
AAL_044,AAL_007,0.01103877075191619,0.011030815000976286,7.955750939904471e-06
AAL_018,AAL_015,0.010792305394529533,0.010784361391298233,7.944003231299956e-06
AAL_068,AAL_008,0.011568703722511219,0.011560771981758013,7.931740753206254e-06
AAL_011,AAL_072,0.010822991786811214,0.010815091854049165,7.899932762048603e-06
AAL_031,AAL_006,0.010995227672382552,0.011003115353065892,-7.88768068333938e-06
AAL_011,AAL_080,0.011001745465760812,0.011009627521019567,-7.882055258754891e-06
AAL_037,AAL_014,0.010705190274912195,0.01071305203924034,-7.861764328145546e-06
AAL_023,AAL_048,0.011012134932252204,0.011004284756817386,7.850175434817933e-06
AAL_022,AAL_059,0.010565409598012384,0.010557576986237731,7.83261177465279e-06
AAL_002,AAL_025,0.010093993614785947,0.010086167120737562,7.826494048384508e-06
AAL_066,AAL_072,0.010789591737457702,0.010781765968605838,7.825768851863618e-06
AAL_080,AAL_034,0.010868017386613239,0.010875840689848286,-7.823303235047e-06
AAL_001,AAL_083,0.010653961676722154,0.010646166695887338,7.794980834816348e-06
AAL_018,AAL_049,0.010963057918060157,0.010955265175467981,7.792742592176508e-06
AAL_030,AAL_079,0.01174371587868748,0.011751499993000965,-7.784114313484289e-06
AAL_001,AAL_054,0.010575958824135426,0.01058373690834708,-7.778084211653227e-06
AAL_019,AAL_026,0.010372581215113657,0.010380357603262879,-7.776388149222102e-06
AAL_036,AAL_018,0.01125675401228488,0.011248979615810195,7.774396474685003e-06
AAL_042,AAL_014,0.01139248331857479,0.011384729776651628,7.753541923161827e-06
AAL_026,AAL_002,0.010046573355793953,0.010054310996353477,-7.737640559524542e-06
AAL_079,AAL_049,0.0109618827362314,0.010954152797314133,7.729938917266574e-06
AAL_037,AAL_003,0.010583649590436338,0.010575927671498016,7.721918938321734e-06
AAL_032,AAL_023,0.012005198251408262,0.011997482873425442,7.715377982820543e-06
AAL_004,AAL_039,0.010299302281366073,0.010291600419629005,7.701861737067703e-06
AAL_043,AAL_031,0.011122332953521583,0.011130030978720626,-7.698025199042932e-06
AAL_046,AAL_057,0.011126308737752529,0.01111861178304806,7.696954704469738e-06
AAL_051,AAL_085,0.01098757716986295,0.010979922083911322,7.655085951628268e-06
AAL_050,AAL_009,0.01083415620522494,0.010841793875226165,-7.637670001224214e-06
AAL_040,AAL_054,0.011305387762701537,0.011313017413815109,-7.629651113571362e-06
AAL_025,AAL_089,0.011546396320033023,0.011538771614339896,7.6247056931266766e-06
AAL_025,AAL_059,0.01073697966356308,0.01072935618589593,7.62347766715063e-06
AAL_040,AAL_052,0.011167374771868443,0.011174986517939614,-7.611746071171238e-06
AAL_056,AAL_043,0.011835342915887889,0.011827735135576714,7.607780311174803e-06
AAL_025,AAL_043,0.0110977383919506,0.011090140339107282,7.598052843317549e-06
AAL_077,AAL_053,0.010604741927395519,0.010597150303682233,7.591623713285381e-06
AAL_071,AAL_012,0.01107007096736477,0.011062487617837584,7.583349527185215e-06
AAL_054,AAL_067,0.010903268359983578,0.010895695357072738,7.5730029108402735e-06
AAL_018,AAL_065,0.01072002255405562,0.010727586277827583,-7.563723771962863e-06
AAL_055,AAL_049,0.011342360488831615,0.011349901108639707,-7.5406198080923276e-06
AAL_028,AAL_047,0.01061100988354311,0.010603489345008918,7.5205385341916425e-06
AAL_062,AAL_080,0.010784273602975866,0.010791792076718867,-7.518473743001186e-06
AAL_079,AAL_026,0.011093866133775849,0.011101378631724909,-7.512497949059907e-06
AAL_047,AAL_037,0.010768419806248484,0.01076094371268974,7.476093558743402e-06
AAL_073,AAL_038,0.010637363110485876,0.01062988784284361,7.4752676422658315e-06
AAL_016,AAL_074,0.01077552934567261,0.010768057290862127,7.472054810482229e-06
AAL_005,AAL_066,0.011447988908228457,0.011440523879292881,7.46502893557606e-06
AAL_025,AAL_022,0.01200189895163744,0.011994437199021244,7.461752616195333e-06
AAL_053,AAL_047,0.012362270237893885,0.012354810659775959,7.459578117926385e-06
AAL_073,AAL_022,0.01037540500306994,0.010367955594201094,7.449408868844681e-06
AAL_076,AAL_088,0.011130190263382899,0.011122742672416176,7.447590966722442e-06
AAL_042,AAL_030,0.0119205350195591,0.011913096335792808,7.438683766292087e-06
AAL_057,AAL_003,0.01087331851450806,0.010880755493995125,-7.436979487065662e-06
AAL_056,AAL_054,0.011949475993935624,0.011956912532411794,-7.4365384761694575e-06
AAL_044,AAL_058,0.011303197914877763,0.011295761816000229,7.436098877534186e-06
AAL_071,AAL_044,0.010910300022532415,0.010902881155497679,7.418867034736029e-06
AAL_007,AAL_018,0.010646031461019292,0.010653444801551976,-7.413340532683166e-06
AAL_021,AAL_026,0.012010478014604021,0.012003065269468144,7.4127451358766555e-06
AAL_052,AAL_032,0.010347527081672197,0.010340114461521504,7.4126201506929945e-06
AAL_006,AAL_089,0.011370446843405565,0.01136304255085015,7.404292555414707e-06
AAL_006,AAL_083,0.010945150923206765,0.010952548581469,-7.3976582622339165e-06
AAL_003,AAL_009,0.011592231032191815,0.011584836825562026,7.394206629788777e-06
AAL_084,AAL_009,0.010662253751045363,0.010669630450698046,-7.376699652682922e-06
AAL_082,AAL_090,0.010398123162583662,0.010390777746331011,7.345416252651019e-06
AAL_004,AAL_056,0.010227243865752576,0.01021989889063921,7.344975113366195e-06
AAL_056,AAL_014,0.010628157207726413,0.010620830841732232,7.32636599418135e-06
AAL_039,AAL_004,0.010591935290771926,0.010584614306651334,7.3209841205922055e-06
AAL_086,AAL_033,0.010939880769747572,0.010932567115715951,7.3136540316206394e-06
AAL_022,AAL_017,0.01067890006945365,0.01068621119784732,-7.311128393670124e-06
AAL_073,AAL_019,0.0109098110264406,0.01090250361165397,7.30741478663019e-06
AAL_032,AAL_012,0.011115911583869886,0.011108605075562859,7.306508307027004e-06
AAL_041,AAL_081,0.011341254533324232,0.011348547337683052,-7.29280435881989e-06
AAL_034,AAL_027,0.009950391824842773,0.00995767081419824,-7.2789893554667945e-06
AAL_063,AAL_070,0.011448840624613002,0.011441582693688331,7.25793092467078e-06
AAL_085,AAL_064,0.010448074282712152,0.010455329726836078,-7.255444123926286e-06
AAL_016,AAL_015,0.01192707204236052,0.011919829141690624,7.242900669895622e-06
AAL_034,AAL_029,0.010779520620106377,0.01078675968327534,-7.239063168964013e-06
AAL_080,AAL_083,0.010581555360386897,0.010574349463355748,7.205897031148725e-06
AAL_052,AAL_048,0.011717916876236852,0.011725119379795071,-7.202503558218984e-06
AAL_011,AAL_085,0.011675281547662666,0.011682480774708924,-7.1992270462579305e-06
AAL_072,AAL_014,0.011992304261503184,0.011999487248307126,-7.182986803942054e-06
AAL_018,AAL_030,0.012859219500126366,0.012866399350296475,-7.179850170109178e-06
AAL_065,AAL_017,0.010387606200419812,0.01039473349159172,-7.127291171908634e-06
AAL_073,AAL_040,0.010437397403706215,0.010444521617430907,-7.124213724691436e-06
AAL_048,AAL_003,0.010710703362272972,0.01071782362076544,-7.120258492468098e-06
AAL_020,AAL_059,0.010884231459906595,0.01087713306284424,7.098397062354003e-06
AAL_036,AAL_044,0.011896042423879998,0.011903140259439832,-7.097835559834176e-06
AAL_012,AAL_031,0.010724422050257906,0.010731512840106972,-7.090789849065887e-06
AAL_005,AAL_056,0.010914954591669843,0.0109078653189111,7.089272758742729e-06
AAL_084,AAL_053,0.01058291628335913,0.010575831525730288,7.0847576288425584e-06
AAL_013,AAL_052,0.010747470170593796,0.010754535906016827,-7.065735423030309e-06
AAL_011,AAL_017,0.011535959899361826,0.01154301658725694,-7.056687895114211e-06
AAL_039,AAL_069,0.0107544775849256,0.010747440887277682,7.036697647917062e-06
AAL_049,AAL_002,0.011497838967917567,0.011490805250206597,7.033717710970555e-06
AAL_050,AAL_036,0.011314887376342956,0.01130786978133559,7.0175950073660814e-06
AAL_017,AAL_059,0.010858375911449647,0.010851361248041353,7.014663408293209e-06
AAL_021,AAL_064,0.010551638578852782,0.01054463295899239,7.005619860391346e-06
AAL_052,AAL_031,0.010417132491134426,0.010410143143356438,6.989347777987612e-06
AAL_062,AAL_078,0.01067765972091474,0.010670701333000406,6.958387914333952e-06
AAL_032,AAL_016,0.011192255153949572,0.011199203897591116,-6.948743641543853e-06
AAL_036,AAL_001,0.011335097492123261,0.011342039151537803,-6.941659414541959e-06
AAL_011,AAL_073,0.011286115683774408,0.011293056185262523,-6.9405014881153415e-06
AAL_089,AAL_014,0.011212876619787043,0.011219813469936031,-6.936850148988455e-06
AAL_090,AAL_061,0.010768031810895883,0.010761111281423947,6.9205294719355825e-06
AAL_065,AAL_009,0.011682681812960496,0.011675772130045642,6.909682914854262e-06
AAL_060,AAL_071,0.010847569345775196,0.010854478380076643,-6.909034301446487e-06
AAL_087,AAL_082,0.010704845398998795,0.010711753692376258,-6.9082933774628624e-06
AAL_051,AAL_047,0.011380622312665368,0.011387526457459104,-6.904144793736314e-06
AAL_020,AAL_002,0.011623548025376776,0.011630451761962611,-6.903736585834805e-06
AAL_077,AAL_052,0.010492298640629165,0.01048540881841857,6.889822210594254e-06
AAL_051,AAL_083,0.0103616926791226,0.010368580040209938,-6.887361087337673e-06
AAL_019,AAL_014,0.010538071983008303,0.010531187309391298,6.884673617004594e-06
AAL_013,AAL_035,0.010816622640873887,0.010823504957682441,-6.882316808554806e-06
AAL_015,AAL_060,0.01060911661419922,0.010602237749151497,6.878865047722782e-06
AAL_055,AAL_020,0.01032989523293944,0.010323024967283233,6.870265656207936e-06
AAL_048,AAL_064,0.010554341040153662,0.010547499306426006,6.841733727655508e-06
AAL_048,AAL_072,0.010743555696442341,0.01073671952490845,6.836171533890906e-06
AAL_084,AAL_061,0.010500246804191643,0.010507080563004348,-6.833758812704871e-06
AAL_002,AAL_038,0.010439622868648451,0.010446431263172006,-6.808394523554959e-06
AAL_056,AAL_007,0.010376970635918088,0.010370165463213442,6.805172704646076e-06
AAL_058,AAL_089,0.010506351100296801,0.010499556331661884,6.79476863491707e-06
AAL_059,AAL_076,0.01093449691732406,0.010941280810065365,-6.7838927413042815e-06
AAL_059,AAL_029,0.011053533850508368,0.011046755104499035,6.77874600933312e-06
AAL_019,AAL_042,0.010431977862524044,0.010438738915394465,-6.761052870420808e-06
AAL_075,AAL_053,0.010686085099736467,0.010692844250546792,-6.759150810324577e-06
AAL_030,AAL_013,0.011056241838054525,0.011049484325660665,6.757512393859577e-06
AAL_020,AAL_033,0.011450723462348055,0.011457472295493406,-6.74883314535045e-06
AAL_077,AAL_039,0.010753797699546075,0.010747055010061258,6.742689484817016e-06
AAL_029,AAL_080,0.011668265419096773,0.011661527971864191,6.73744723258228e-06
AAL_039,AAL_080,0.010697483690057555,0.01069075706884006,6.7266212174944134e-06
AAL_031,AAL_075,0.010984649053878255,0.01097794676952933,6.702284348925405e-06
AAL_001,AAL_079,0.01063439541329176,0.01062769779505638,6.69761823537951e-06
AAL_030,AAL_007,0.010939987406182365,0.010946681655980369,-6.69424979800326e-06
AAL_082,AAL_063,0.011541157598710723,0.011547842959667702,-6.685360956978914e-06
AAL_026,AAL_007,0.010312148889240164,0.010305507300379999,6.641588860165429e-06
AAL_031,AAL_032,0.012899696140382916,0.012893082617918404,6.61352246451169e-06
AAL_059,AAL_012,0.011281004203403862,0.011274401812580768,6.602390823094023e-06
AAL_081,AAL_047,0.010832886840415817,0.010826292339130015,6.5945012858014546e-06
AAL_090,AAL_065,0.010510099715449743,0.010503516266718691,6.583448731051558e-06
AAL_074,AAL_029,0.011466687175039297,0.011460104906381509,6.5822686577884926e-06
AAL_051,AAL_076,0.010177899778892215,0.010184467841799442,-6.568062907226502e-06
AAL_055,AAL_070,0.010698472567571279,0.010705027368760878,-6.554801189599668e-06
AAL_006,AAL_056,0.010800179354766877,0.010793633206698941,6.5461480679360196e-06
AAL_007,AAL_061,0.011902599356686458,0.011909137001589274,-6.537644902816081e-06
AAL_038,AAL_004,0.010815443576544397,0.010821977188861548,-6.533612317151383e-06
AAL_016,AAL_079,0.010507336771911662,0.0105138203873306,-6.483615418937869e-06
AAL_003,AAL_040,0.010566676451434564,0.010573146652162224,-6.470200727659928e-06
AAL_017,AAL_005,0.010469351015571091,0.010475802406317396,-6.451390746304436e-06
AAL_037,AAL_007,0.010491148946790868,0.010484710918096987,6.438028693881576e-06
AAL_067,AAL_008,0.010964109118566172,0.010970535008675852,-6.425890109679547e-06
AAL_026,AAL_057,0.010430468550811593,0.010436889394267321,-6.4208434557289085e-06
AAL_056,AAL_041,0.010997084218164923,0.010990679488233094,6.404729931828307e-06
AAL_065,AAL_031,0.011437138785313591,0.01144354120497742,-6.402419663828832e-06
AAL_038,AAL_054,0.011040242472424721,0.011033842906300394,6.399566124326919e-06
AAL_082,AAL_026,0.010147401521730626,0.01015378996526485,-6.3884435342245055e-06
AAL_058,AAL_003,0.010412456081686621,0.010406068886720365,6.38719496625674e-06
AAL_040,AAL_002,0.010951855016920047,0.010958229984265403,-6.374967345356558e-06
AAL_001,AAL_028,0.010373330241244318,0.010379658420350652,-6.32817910633382e-06
AAL_074,AAL_053,0.010802738535671663,0.0107964200358237,6.318499847963316e-06
AAL_086,AAL_043,0.01107584278927081,0.011082147925204735,-6.305135933923692e-06
AAL_075,AAL_034,0.010995401859554088,0.010989101303200568,6.30055635351956e-06
AAL_073,AAL_056,0.010438695358924376,0.010432396021673904,6.299337250471881e-06
AAL_025,AAL_047,0.010937507946887968,0.010943806353521999,-6.298406634030335e-06
AAL_066,AAL_050,0.010813905742083095,0.010807619603447819,6.286138635276314e-06
AAL_087,AAL_045,0.010733024830110053,0.010726744584073647,6.2802460364056595e-06
AAL_077,AAL_084,0.010778875494152945,0.010785145816802238,-6.270322649293628e-06
AAL_071,AAL_013,0.011214855483247556,0.011221096830132877,-6.241346885321394e-06
AAL_081,AAL_010,0.010379531283456927,0.010385763810637867,-6.23252718093964e-06
AAL_041,AAL_060,0.010700539050974015,0.010694331348533962,6.207702440053434e-06
AAL_042,AAL_031,0.011359480609639715,0.011353279359952983,6.201249686732177e-06
AAL_011,AAL_003,0.01138048928676762,0.01138668532989383,-6.19604312620918e-06
AAL_017,AAL_056,0.010608458469629798,0.01060226704537055,6.1914242592484015e-06
AAL_042,AAL_003,0.011026460788825639,0.011020270088414844,6.1907004107950026e-06
AAL_018,AAL_037,0.011432959276259456,0.011439105174585105,-6.145898325649046e-06
AAL_075,AAL_042,0.011480621257239683,0.011474482541806793,6.138715432889297e-06
AAL_077,AAL_033,0.01110646984555846,0.011112607296824306,-6.137451265845681e-06
AAL_006,AAL_064,0.010434316232418403,0.010440442766578262,-6.126534159859101e-06
AAL_063,AAL_035,0.010995534342180332,0.011001660816704222,-6.1264745238893276e-06
AAL_008,AAL_027,0.010943452833602443,0.010937338681064232,6.114152538211001e-06
AAL_067,AAL_057,0.010988458604989653,0.01099456639881835,-6.107793828697208e-06
AAL_015,AAL_002,0.010874128952208493,0.010868021337865451,6.1076143430417035e-06
AAL_077,AAL_048,0.010816663919558,0.010822762351566302,-6.0984320083019156e-06
AAL_039,AAL_036,0.01095787083539061,0.010951778033364647,6.092802025963948e-06
AAL_001,AAL_074,0.010667195408326438,0.010673284884218691,-6.089475892253476e-06
AAL_072,AAL_009,0.011946632063143656,0.011940543904956014,6.088158187641385e-06
AAL_043,AAL_002,0.011061578563167753,0.01105551891925539,6.059643912361898e-06
AAL_056,AAL_069,0.01071200654722559,0.010718046375561884,-6.039828336293004e-06
AAL_071,AAL_034,0.01112780218713113,0.011121762435763113,6.039751368015767e-06
AAL_039,AAL_028,0.011327106782243166,0.011333145078724578,-6.038296481412214e-06
AAL_044,AAL_001,0.011173602880145878,0.011167572399892522,6.030480253355064e-06
AAL_020,AAL_016,0.01071283887896655,0.010706860484282668,5.978394683881297e-06
AAL_020,AAL_090,0.010599092216207048,0.010605065829164486,-5.973612957437674e-06
AAL_032,AAL_043,0.01101331602041729,0.011007343603774129,5.972416643160866e-06
AAL_051,AAL_059,0.011134185961598897,0.011128224275322174,5.961686276723457e-06
AAL_059,AAL_018,0.011183838220711192,0.011177885671961988,5.9525487492041035e-06
AAL_043,AAL_066,0.010996681349511202,0.010990731494394928,5.9498551162745494e-06
AAL_003,AAL_042,0.010446431125219688,0.010440497525110287,5.933600109401041e-06
AAL_056,AAL_048,0.012030295295338346,0.012024368878185898,5.926417152447849e-06
AAL_054,AAL_032,0.010790317299433498,0.010784400199486807,5.917099946690929e-06
AAL_024,AAL_059,0.010504004447999546,0.010498105726267208,5.898721732337797e-06
AAL_016,AAL_051,0.010536454641857209,0.010530557088258102,5.897553599107028e-06
AAL_084,AAL_064,0.010847709541662764,0.010853598141585184,-5.8885999224198016e-06
AAL_034,AAL_025,0.010166333757468268,0.010160446083797119,5.8876736711496735e-06
AAL_046,AAL_053,0.011414354430256873,0.011420229875087442,-5.875444830568885e-06
AAL_005,AAL_072,0.011330866037955524,0.011336738061132117,-5.872023176593105e-06
AAL_011,AAL_075,0.011263140624500493,0.011257269306491978,5.8713180085146616e-06
AAL_068,AAL_029,0.010050621446874788,0.010056489965330727,-5.86851845593879e-06
AAL_020,AAL_044,0.010556049382266326,0.010550195159432165,5.8542228341604274e-06
AAL_015,AAL_066,0.010999040035371725,0.011004886130060511,-5.846094688786649e-06
AAL_089,AAL_006,0.011802760201593878,0.01179692648563802,5.833715955857327e-06
AAL_059,AAL_042,0.011069258557568885,0.01107508574771896,-5.827190150074421e-06
AAL_018,AAL_033,0.01198318133600311,0.011989005536266207,-5.8242002630975315e-06
AAL_007,AAL_010,0.011624256562855508,0.011630077367976641,-5.820805121133088e-06
AAL_039,AAL_059,0.010531737721867414,0.01052592250590141,5.815215966004789e-06
AAL_043,AAL_023,0.011002627700869726,0.011008439749645684,-5.8120487759581035e-06
AAL_086,AAL_025,0.011172182430139082,0.011166377205669731,5.805224469350445e-06
AAL_027,AAL_036,0.011130107196573263,0.011135905634417723,-5.798437844459908e-06
AAL_044,AAL_089,0.01099782943741506,0.01099205417812758,5.775259287479906e-06
AAL_002,AAL_031,0.010152829259745458,0.01014707142963229,5.757830113167772e-06
AAL_074,AAL_084,0.011136412942925325,0.011142165931611884,-5.752988686559199e-06
AAL_039,AAL_007,0.01038791829497259,0.010393662017679984,-5.743722707394691e-06
AAL_006,AAL_024,0.011651647496076986,0.011645904481041225,5.743015035761592e-06
AAL_039,AAL_053,0.010784184767140282,0.010778450312337864,5.734454802418243e-06
AAL_078,AAL_061,0.011221879319104755,0.01121615030555512,5.729013549634829e-06
AAL_047,AAL_009,0.010260724818779744,0.010266452521621885,-5.7277028421409e-06
AAL_066,AAL_053,0.01060050139681269,0.01060622829074969,-5.726893937000113e-06
AAL_066,AAL_082,0.010123869648967415,0.010129592429948209,-5.722780980793596e-06
AAL_027,AAL_035,0.011341177826572178,0.011335477524115786,5.700302456392373e-06
AAL_003,AAL_001,0.01126720306949101,0.011261514247055385,5.688822435625032e-06
AAL_040,AAL_012,0.010949274929017466,0.01095496283072248,-5.687901705015222e-06
AAL_038,AAL_018,0.010805462578582203,0.010811137580878977,-5.675002296774007e-06
AAL_024,AAL_033,0.010733836527483968,0.010728178975673823,5.657551810145378e-06
AAL_010,AAL_034,0.011212064876643002,0.011217713672621522,-5.648795978519666e-06
AAL_079,AAL_013,0.011330816094787458,0.01133643382138783,-5.617726600371312e-06
AAL_062,AAL_075,0.010769482916937424,0.010763869835780216,5.613081157207489e-06
AAL_009,AAL_082,0.010668974238423964,0.010663363181294934,5.6110571290297895e-06
AAL_048,AAL_033,0.010722808044356031,0.010728404928858463,-5.59688450243144e-06
AAL_070,AAL_043,0.010805653312649483,0.010800060548036181,5.592764613301937e-06
AAL_049,AAL_062,0.011642802409174988,0.011648390973657,-5.588564482012295e-06
AAL_021,AAL_019,0.010815201309294654,0.010809614561109921,5.586748184733051e-06
AAL_053,AAL_001,0.01176037548834251,0.011765961766372396,-5.586278029885705e-06
AAL_002,AAL_048,0.010601926758153062,0.010596372644710481,5.554113442581346e-06
AAL_085,AAL_062,0.010320821788926154,0.010326370312635863,-5.548523709708597e-06
AAL_022,AAL_048,0.010930105464724012,0.010924557653757242,5.547810966769276e-06
AAL_079,AAL_062,0.01129629593103742,0.011290757290593744,5.5386404436766346e-06
AAL_038,AAL_006,0.010927281236976512,0.010921758886140127,5.522350836385109e-06
AAL_049,AAL_008,0.011099329174488273,0.01109381947463041,5.509699857863398e-06
AAL_002,AAL_066,0.010919714621148812,0.010925187789384396,-5.4731682355840805e-06
AAL_021,AAL_017,0.010642684697627258,0.010648156714997723,-5.472017370465598e-06
AAL_071,AAL_027,0.01126444662332089,0.011269910272589835,-5.4636492689448535e-06
AAL_081,AAL_015,0.010431791984070187,0.01043723401828454,-5.4420342143531725e-06
AAL_015,AAL_005,0.011966311804647757,0.011960877549300714,5.434255347042463e-06
AAL_001,AAL_027,0.010531661819077583,0.010526251211928819,5.4106071487643875e-06
AAL_036,AAL_079,0.01139090003636785,0.011385509485457435,5.390550910415459e-06
AAL_065,AAL_048,0.01038515637230733,0.01039054502892509,-5.388656617760432e-06
AAL_048,AAL_058,0.010819237549892731,0.010824605101539243,-5.36755164651237e-06
AAL_056,AAL_067,0.010923191725921173,0.01092854608312508,-5.354357203907895e-06
AAL_061,AAL_040,0.010862775767842928,0.010857426697762669,5.349070080259283e-06
AAL_079,AAL_090,0.011014528956630418,0.011019873014528758,-5.344057898339777e-06
AAL_047,AAL_066,0.010255660278658964,0.010260998560277464,-5.338281618499918e-06
AAL_041,AAL_010,0.01058293781720866,0.010577629632304976,5.30818490368512e-06
AAL_073,AAL_001,0.010821110186859583,0.010815819632955284,5.2905539042989724e-06
AAL_040,AAL_051,0.011181062945109019,0.011175788925133332,5.274019975687327e-06
AAL_082,AAL_043,0.010562665913747544,0.010567935440162423,-5.269526414879155e-06
AAL_014,AAL_078,0.01112827826012722,0.011123011672115947,5.266588011273651e-06
AAL_001,AAL_057,0.011703084624953505,0.011708350896040352,-5.2662710868477125e-06
AAL_021,AAL_086,0.010981911168489447,0.010976650028792268,5.261139697178632e-06
AAL_048,AAL_087,0.010667160925511112,0.010661913888533565,5.2470369775476505e-06
AAL_006,AAL_047,0.010741606905944964,0.010736373777757803,5.23312818716086e-06
AAL_040,AAL_008,0.011033282416243838,0.0110385151228708,-5.232706626962652e-06
AAL_036,AAL_017,0.011232594211195778,0.011227363265274327,5.230945921450708e-06
AAL_044,AAL_047,0.013216971805812711,0.013222198501210798,-5.2266953980868724e-06
AAL_061,AAL_049,0.011453662049741698,0.011458888243209044,-5.226193467345111e-06
AAL_074,AAL_068,0.010556073477252936,0.010550886133764282,5.187343488654433e-06
AAL_005,AAL_090,0.011205763534173114,0.011200579243802255,5.184290370859393e-06
AAL_037,AAL_060,0.010639140374449074,0.01064432457912131,-5.184204672235848e-06
AAL_023,AAL_002,0.010616245974078137,0.010611062492740806,5.183481337331722e-06
AAL_081,AAL_014,0.010807278450642131,0.010802135883689518,5.142566952612976e-06
AAL_025,AAL_042,0.011007350674456256,0.011002211436333491,5.139238122764053e-06
AAL_067,AAL_037,0.010669512120990926,0.010674642278782783,-5.130157791856729e-06
AAL_053,AAL_034,0.011052996125151841,0.011047873336350355,5.1227888014857e-06
AAL_064,AAL_032,0.01023161898040746,0.010226503294192384,5.115686215076062e-06
AAL_059,AAL_060,0.013242924363057837,0.013237810062785302,5.114300272534775e-06
AAL_051,AAL_041,0.010351397536901964,0.010356508558223176,-5.111021321212508e-06
AAL_074,AAL_027,0.010663126901779165,0.010668228789424482,-5.101887645317035e-06
AAL_066,AAL_039,0.010534981683565255,0.010529889410856197,5.092272709058404e-06
AAL_055,AAL_005,0.010409297413614571,0.01040421040825749,5.087005357080204e-06
AAL_083,AAL_004,0.01185420579993381,0.011849129207376807,5.076592557003157e-06
AAL_018,AAL_054,0.011267847138751522,0.011262777222149425,5.069916602096214e-06
AAL_011,AAL_045,0.010642659018596267,0.010647723220159338,-5.064201563070858e-06
AAL_076,AAL_045,0.010882745946669934,0.010877681752810111,5.064193859823096e-06
AAL_081,AAL_054,0.010659490952777684,0.010654432444877128,5.0585079005554395e-06
AAL_056,AAL_032,0.010491042155135646,0.010496090995910446,-5.048840774799293e-06
AAL_082,AAL_056,0.010588929500892503,0.010593932877680652,-5.003376788149244e-06
AAL_038,AAL_079,0.010896201874328475,0.010901201426261855,-4.999551933379531e-06
AAL_081,AAL_052,0.010466834373023903,0.010471818933989067,-4.984560965164489e-06
AAL_030,AAL_008,0.011254822089074131,0.011249859237271563,4.962851802568433e-06
AAL_051,AAL_020,0.01029642054046958,0.010291461818955525,4.958721514054451e-06
AAL_001,AAL_033,0.011025140670916209,0.011030074654992846,-4.933984076636519e-06
AAL_033,AAL_027,0.010287531247585375,0.010292461675778956,-4.930428193581499e-06
AAL_039,AAL_051,0.010744226979028083,0.010739333860613128,4.89311841495553e-06
AAL_003,AAL_067,0.011385993046972614,0.011381121262186957,4.871784785656641e-06
AAL_072,AAL_062,0.011635585260203378,0.011630714632958988,4.870627244390677e-06
AAL_048,AAL_007,0.010575978473449746,0.010571107952381777,4.870521067968855e-06
AAL_010,AAL_063,0.011031539879866645,0.011036398078756357,-4.858198889711937e-06
AAL_014,AAL_041,0.01103060961000494,0.011025753974563283,4.855635441655681e-06
AAL_011,AAL_086,0.011010559082715811,0.011015400861299807,-4.841778583996106e-06
AAL_063,AAL_047,0.011111948804324891,0.011116768959123946,-4.820154799054649e-06
AAL_027,AAL_048,0.010754551163389005,0.010749732220439106,4.818942949898902e-06
AAL_012,AAL_087,0.010418735054504668,0.010423536918521223,-4.801864016554941e-06
AAL_075,AAL_073,0.012533739555436067,0.01252894461034767,4.794945088397104e-06
AAL_019,AAL_047,0.010457064411165113,0.010461836921573426,-4.772510408312947e-06
AAL_011,AAL_030,0.01102226216576866,0.011027030993447115,-4.768827678454032e-06
AAL_062,AAL_070,0.011009141494336927,0.011013896347811589,-4.754853474661647e-06
AAL_074,AAL_001,0.010951937671798544,0.010947192621604533,4.74505019401085e-06
AAL_060,AAL_017,0.011232809653171362,0.011228073425313675,4.7362278576875555e-06
AAL_005,AAL_073,0.011282966400568303,0.011287695418571863,-4.729018003560639e-06
AAL_013,AAL_048,0.010604539430405721,0.010609261978131074,-4.7225477253533266e-06
AAL_022,AAL_056,0.01101392461384973,0.011018643153383034,-4.718539533304228e-06
AAL_003,AAL_069,0.010699446506113706,0.010704162197820749,-4.71569170704296e-06
AAL_048,AAL_060,0.01103826534623901,0.01104297877171495,-4.713425475940877e-06
AAL_063,AAL_038,0.010924892153781958,0.010920193411465318,4.698742316639609e-06
AAL_021,AAL_070,0.010886832691617629,0.010882148955932473,4.683735685155274e-06
AAL_029,AAL_045,0.010706208773657806,0.01070155189476593,4.656878891876395e-06
AAL_013,AAL_010,0.01120354163333073,0.011198893013796203,4.648619534527304e-06
AAL_054,AAL_068,0.010820934929065088,0.010825571178853808,-4.636249788719793e-06
AAL_003,AAL_011,0.011182042674567455,0.011186670699149888,-4.628024582432888e-06
AAL_067,AAL_013,0.010575335146461287,0.010579957012040887,-4.621865579599108e-06
AAL_018,AAL_044,0.011071570625560533,0.01107619192321824,-4.621297657707302e-06
AAL_041,AAL_008,0.010451215806886809,0.01045582021491847,-4.604408031660609e-06
AAL_043,AAL_067,0.01138182506403034,0.011386426191120675,-4.601127090334695e-06
AAL_042,AAL_043,0.011313517796846792,0.011308953616647952,4.564180198840528e-06
AAL_067,AAL_083,0.010501041932779754,0.010496521930189493,4.520002590260516e-06
AAL_033,AAL_026,0.010314348575651135,0.010309833381556104,4.515194095031788e-06
AAL_055,AAL_051,0.011449031671111146,0.011444537269492303,4.494401618843069e-06
AAL_020,AAL_040,0.010418575663024034,0.010423067250004773,-4.491586980738885e-06
AAL_052,AAL_065,0.01035085255996539,0.01034637614298917,4.4764169762206985e-06
AAL_060,AAL_028,0.010737957747286966,0.010742418916327486,-4.4611690405201715e-06
AAL_021,AAL_022,0.012804603685712459,0.012809029868145291,-4.426182432832812e-06
AAL_028,AAL_009,0.011152137675855914,0.011156559371789247,-4.4216959333327754e-06
AAL_041,AAL_038,0.011698704716375368,0.01170312010084577,-4.415384470402364e-06
AAL_063,AAL_001,0.012010541217178743,0.012014948580386325,-4.407363207581741e-06
AAL_053,AAL_046,0.011498546277562905,0.01149414391684399,4.40236071891538e-06
AAL_051,AAL_005,0.010409666997436276,0.010405280807566258,4.386189870017598e-06
AAL_056,AAL_063,0.010543607575341295,0.010539222836827226,4.384738514068981e-06
AAL_055,AAL_024,0.010422351571102427,0.010426731290244878,-4.379719142450986e-06
AAL_016,AAL_012,0.011631163352559138,0.01163552926331019,-4.36591075105193e-06
AAL_070,AAL_079,0.011047598111849183,0.011051960016783354,-4.361904934170602e-06
AAL_046,AAL_073,0.010926353619792141,0.010921996308689378,4.357311102763314e-06
AAL_089,AAL_020,0.011243534385839589,0.01124789028500135,-4.355899161761698e-06
AAL_071,AAL_032,0.01156951061800186,0.011565156008299467,4.354609702392556e-06
AAL_090,AAL_068,0.010725780103642207,0.010721449067737565,4.331035904641886e-06
AAL_021,AAL_041,0.011373256860523779,0.011377559972478645,-4.303111954866157e-06
AAL_019,AAL_030,0.010688038741867257,0.010683738159722933,4.3005821443245495e-06
AAL_074,AAL_083,0.010825183248529449,0.010820891523257674,4.291725271774946e-06
AAL_052,AAL_050,0.012857356703736715,0.012861647180954073,-4.290477217358188e-06
AAL_029,AAL_053,0.010634063229633447,0.010629780652930512,4.2825767029349565e-06
AAL_002,AAL_075,0.010700233439859161,0.010704510461622225,-4.277021763064021e-06
AAL_066,AAL_087,0.010697320772287173,0.010693044547296636,4.2762249905375915e-06
AAL_084,AAL_002,0.010822340077919584,0.010818066184060006,4.273893859577452e-06
AAL_012,AAL_040,0.010491189990654333,0.010495458332077594,-4.268341423261171e-06
AAL_022,AAL_007,0.010524902846982591,0.010529124177992344,-4.2213310097530266e-06
AAL_030,AAL_039,0.010796020892010922,0.010791827799756976,4.19309225394536e-06
AAL_056,AAL_058,0.010829431203822805,0.01082524485081878,4.18635300402509e-06
AAL_048,AAL_002,0.010732152003747148,0.010736322092821373,-4.1700890742249475e-06
AAL_002,AAL_087,0.01027516708470499,0.010271005387933319,4.161696771670664e-06
AAL_034,AAL_010,0.010269086191064527,0.01027324775386389,-4.161562799363458e-06
AAL_036,AAL_015,0.011652972107418837,0.011648813854191203,4.15825322763394e-06
AAL_005,AAL_014,0.011501874398583403,0.011497724352972975,4.1500456104282685e-06
AAL_085,AAL_090,0.011074067471532995,0.01107820976183521,-4.1422903022149404e-06
AAL_059,AAL_041,0.011083181398228193,0.011079047436805132,4.1339614230608696e-06
AAL_055,AAL_032,0.01021638468035266,0.010220517570767598,-4.132890414938403e-06
AAL_072,AAL_006,0.012463046932338268,0.012458920430290343,4.1265020479241965e-06
AAL_036,AAL_020,0.011534011823276425,0.011538131890481074,-4.1200672046496495e-06
AAL_009,AAL_070,0.011066132246986287,0.011062024165841546,4.108081144741163e-06
AAL_020,AAL_057,0.011322479701051727,0.01132657550155155,-4.0958004998235126e-06
AAL_022,AAL_008,0.010728916503552698,0.010733000601343717,-4.0840977910197584e-06
AAL_003,AAL_043,0.01068473551581558,0.01068881697370382,-4.081457888239007e-06
AAL_031,AAL_089,0.010708283865824342,0.010704208301754654,4.0755640696877454e-06
AAL_051,AAL_009,0.010468756284516973,0.010464684797390815,4.0714871261584434e-06
AAL_027,AAL_058,0.010816941533285456,0.010821012692253287,-4.071158967831542e-06
AAL_060,AAL_061,0.012115240978618335,0.012111171273510007,4.06970510832827e-06
AAL_083,AAL_068,0.011701836935284302,0.011705904942532775,-4.068007248473823e-06
AAL_044,AAL_070,0.011242811747181874,0.011238747308719394,4.064438462479669e-06
AAL_063,AAL_044,0.010989987269505603,0.010994019751753611,-4.032482248008187e-06
AAL_054,AAL_044,0.011782434380923709,0.01178644958966719,-4.0152087434804085e-06
AAL_065,AAL_072,0.010778179879769938,0.010774191531350388,3.988348419550064e-06
AAL_083,AAL_081,0.012184517267040717,0.012188498845910908,-3.981578870191488e-06
AAL_012,AAL_020,0.011172213054333743,0.011168234431584627,3.978622749116131e-06
AAL_047,AAL_011,0.010322209976963762,0.010318243367685278,3.966609278484648e-06
AAL_047,AAL_045,0.012010701390731538,0.012006742701803337,3.958688928201032e-06
AAL_035,AAL_059,0.011323280077284345,0.011327236139726254,-3.9560624419086865e-06
AAL_063,AAL_040,0.01098790237855198,0.010991847267369775,-3.944888817794187e-06
AAL_018,AAL_007,0.01095565509958527,0.010951722223339394,3.932876245876099e-06
AAL_058,AAL_038,0.010592890393912282,0.010596815034488295,-3.924640576013008e-06
AAL_076,AAL_087,0.01111224651710791,0.011116169693489228,-3.923176381318699e-06
AAL_048,AAL_066,0.010595052069228174,0.010598958114037296,-3.906044809121392e-06
AAL_068,AAL_069,0.010804202895149844,0.01080030204252185,3.9008526279936395e-06
AAL_039,AAL_023,0.010969981308389679,0.010966081867831073,3.899440558605138e-06
AAL_004,AAL_076,0.010336100400433455,0.0103399991161807,-3.898715747244902e-06
AAL_001,AAL_003,0.011146318660969408,0.011142426942274086,3.891718695322663e-06
AAL_034,AAL_084,0.010590604590013241,0.010586714238002342,3.890352010899045e-06
AAL_065,AAL_046,0.010967819314672906,0.010971700305826315,-3.880991153408855e-06
AAL_069,AAL_089,0.011297420859257253,0.01130129952011422,-3.878660856966934e-06
AAL_016,AAL_087,0.0108097234629413,0.010813592133521293,-3.868670579993197e-06
AAL_058,AAL_006,0.01031457547010838,0.01031843570775119,-3.860237642809572e-06
AAL_066,AAL_024,0.011213668510636203,0.011209840451831704,3.828058804498588e-06
AAL_036,AAL_060,0.011646158304702267,0.011642331795919473,3.82650878279385e-06
AAL_047,AAL_028,0.010359330805273265,0.010355546210820857,3.7845944524071695e-06
AAL_081,AAL_046,0.010574162376519198,0.010577941253300636,-3.7788767814385393e-06
AAL_005,AAL_088,0.011128186154712597,0.011124419649281809,3.7665054307880336e-06
AAL_073,AAL_036,0.010269747802223533,0.01027347868488681,-3.7308826632762027e-06
AAL_064,AAL_003,0.010146560678736139,0.010150291189717744,-3.730510981604651e-06
AAL_043,AAL_007,0.010914344446033113,0.010918073007194487,-3.7285611613740305e-06
AAL_002,AAL_003,0.01057895591769081,0.01058266756515349,-3.711647462680684e-06
AAL_069,AAL_009,0.011163752189733915,0.0111600433409251,3.708848808814738e-06
AAL_007,AAL_060,0.010924311241326042,0.010928009021981034,-3.6977806549924608e-06
AAL_036,AAL_002,0.011315812794571249,0.011319504033949771,-3.6912393785223235e-06
AAL_001,AAL_010,0.01051134966377519,0.010515032777511896,-3.683113736704935e-06
AAL_002,AAL_044,0.010539873087237406,0.010536215050843898,3.6580363935081323e-06
AAL_043,AAL_076,0.011054108124305932,0.011050451960571795,3.656163734136811e-06
AAL_015,AAL_055,0.0112367751610139,0.011233129279766574,3.64588124732515e-06
AAL_042,AAL_052,0.011220125984957712,0.011216490007197443,3.63597776026868e-06
AAL_047,AAL_013,0.010218349530194432,0.010221981612165868,-3.6320819714365238e-06
AAL_007,AAL_037,0.010576160974864267,0.01057977080067837,-3.6098258141027684e-06
AAL_073,AAL_090,0.010199727442784186,0.010196119979042422,3.6074637417646965e-06
AAL_047,AAL_087,0.010412189805020507,0.01041577524383074,-3.585438810233335e-06
AAL_034,AAL_073,0.01083708414210914,0.010840652914944269,-3.568772835128159e-06
AAL_053,AAL_032,0.010917928290720552,0.010921467506966875,-3.5392162463232513e-06
AAL_040,AAL_038,0.012970646674163703,0.012974172280569822,-3.525606406118778e-06
AAL_023,AAL_074,0.010849616424634289,0.010846095882984751,3.520541649537634e-06
AAL_042,AAL_022,0.011872107517292611,0.011868587782879178,3.519734413433284e-06
AAL_073,AAL_071,0.011283475583275923,0.011286983379710548,-3.507796434624663e-06
AAL_004,AAL_080,0.010136451625909943,0.010139948351045253,-3.496725135309839e-06
AAL_069,AAL_063,0.011851355829475146,0.01185482487119457,-3.4690417194237905e-06
AAL_028,AAL_079,0.010563027183326263,0.010559560844291084,3.4663390351789836e-06
AAL_013,AAL_008,0.01114521510540866,0.011148678120364327,-3.4630149556673373e-06
AAL_049,AAL_040,0.011016538573635949,0.011019997146193207,-3.4585725572581355e-06
AAL_040,AAL_070,0.011307805155714354,0.011304375740974476,3.4294147398770958e-06
AAL_013,AAL_081,0.010962661455234146,0.010966083094958336,-3.4216397241902674e-06
AAL_057,AAL_035,0.010867948719483411,0.010871356729852502,-3.408010369090886e-06
AAL_035,AAL_062,0.011281805206488213,0.011285208133291962,-3.402926803749637e-06
AAL_087,AAL_036,0.011128682093933607,0.01112528763498843,3.3944589451773144e-06
AAL_062,AAL_008,0.01180683997953231,0.011803458414731486,3.3815648008243826e-06
AAL_013,AAL_044,0.010663199636480238,0.010659818297191974,3.381339288264368e-06
AAL_007,AAL_020,0.011413044984746948,0.011409670225443971,3.374759302976829e-06
AAL_038,AAL_060,0.010698684081276003,0.010695316583824069,3.367497451934459e-06
AAL_069,AAL_067,0.01204557185116996,0.012048933765950334,-3.361914780373315e-06
AAL_045,AAL_006,0.010605614146806745,0.010608969136111198,-3.354989304453146e-06
AAL_054,AAL_023,0.01095326094983671,0.010949906648111254,3.3543017254559354e-06
AAL_031,AAL_046,0.010935337700618383,0.010938683677252113,-3.3459766337305685e-06
AAL_031,AAL_021,0.01145507370790419,0.01145841400127479,-3.3402933705996285e-06
AAL_090,AAL_082,0.0104381635120441,0.010441501188108111,-3.3376760640111552e-06
AAL_064,AAL_022,0.010220269332281672,0.010216938015119758,3.331317161913566e-06
AAL_059,AAL_020,0.01146956151112532,0.011466249506966796,3.312004158524326e-06
AAL_085,AAL_023,0.011766808129385369,0.01177011954854647,-3.3114191611005594e-06
AAL_029,AAL_049,0.01044035590508491,0.010443665212015656,-3.3093069307463946e-06
AAL_069,AAL_007,0.01115843141451478,0.011161730777259647,-3.2993627448671403e-06
AAL_019,AAL_022,0.010300964733951876,0.010304260312604993,-3.2955786531171233e-06
AAL_082,AAL_079,0.011943314847353304,0.011940033711197211,3.2811361560924207e-06
AAL_030,AAL_018,0.012438816907935036,0.012442089101905118,-3.2721939700816605e-06
AAL_070,AAL_018,0.011018629355005857,0.011021894728649343,-3.265373643486502e-06
AAL_049,AAL_007,0.011139445964040028,0.011142709995007544,-3.264030967516096e-06
AAL_018,AAL_002,0.011935510736309055,0.011938717156167953,-3.206419858898038e-06
AAL_056,AAL_018,0.01067709899507463,0.010680296943608496,-3.1979485338659575e-06
AAL_047,AAL_038,0.01084999846191042,0.010846807512803645,3.190949106774213e-06
AAL_081,AAL_028,0.010301230184765708,0.01030440059566764,-3.170410901932527e-06
AAL_084,AAL_034,0.010975336327623481,0.01097216787366728,3.168453956200329e-06
AAL_063,AAL_069,0.011804230927099656,0.011807398302087713,-3.1673749880563318e-06
AAL_023,AAL_050,0.010673505972481819,0.01067665214916095,-3.1461766791304052e-06
AAL_008,AAL_062,0.012257079522197064,0.012253936424056443,3.14309814062122e-06
AAL_064,AAL_069,0.011138289390752712,0.011141431883032949,-3.142492280236789e-06
AAL_011,AAL_018,0.011175312334671617,0.011172171656698654,3.140677972962927e-06
AAL_043,AAL_087,0.010993928783851812,0.010997028767175178,-3.0999833233666396e-06
AAL_009,AAL_034,0.010885930186312677,0.01088284894999662,3.0812363160572648e-06
AAL_056,AAL_055,0.011940603659878302,0.011943683703025577,-3.0800431472747386e-06
AAL_044,AAL_043,0.013866787157459265,0.013863708743035202,3.0784144240628836e-06
AAL_050,AAL_080,0.010989321690275628,0.010986250596439867,3.071093835760666e-06
AAL_051,AAL_073,0.01011796081916262,0.010121022046037554,-3.061226874934153e-06
AAL_089,AAL_050,0.010893670770411309,0.010890633066556885,3.0377038544235346e-06
AAL_078,AAL_052,0.011082935811649276,0.011079901452673133,3.0343589761429313e-06
AAL_079,AAL_059,0.011153659781313732,0.011150626747617059,3.0330336966734317e-06
AAL_013,AAL_043,0.01067796870906893,0.010674958510171835,3.010198897094446e-06
AAL_085,AAL_065,0.011961369639915278,0.011958382589275724,2.987050639554484e-06
AAL_031,AAL_085,0.010974301592422983,0.010977277920463541,-2.9763280405582793e-06
AAL_057,AAL_030,0.011276767841882558,0.011273795135652014,2.972706230544922e-06
AAL_018,AAL_047,0.01127589103152864,0.011272952136197693,2.9388953309474747e-06
AAL_004,AAL_052,0.010303246088198617,0.010300332095668127,2.9139925304903086e-06
AAL_011,AAL_082,0.011008488113840675,0.011011395247528335,-2.9071336876598103e-06
AAL_045,AAL_023,0.01043872127078601,0.010435821310554634,2.899960231375967e-06
AAL_089,AAL_031,0.01129849838753605,0.01130138083636095,-2.882448824900047e-06
AAL_075,AAL_002,0.01092527568157221,0.010928147992410375,-2.8723108381652207e-06
AAL_071,AAL_035,0.011222710635942908,0.011225561632153118,-2.8509962102102326e-06
AAL_063,AAL_022,0.010981258307384629,0.010984103135283916,-2.8448278992874304e-06
AAL_043,AAL_048,0.012918526899770029,0.012915689250911879,2.837648858149827e-06
AAL_010,AAL_004,0.012109334544780163,0.012106505661703664,2.8288830764989364e-06
AAL_002,AAL_026,0.010034298424760247,0.01003710690553002,-2.808480769772928e-06
AAL_087,AAL_001,0.010795455632938279,0.010798259538877987,-2.803905939707807e-06
AAL_053,AAL_015,0.011369656675901169,0.011366862147380932,2.7945285202366638e-06
AAL_014,AAL_084,0.011385946355473537,0.01138873641880659,-2.790063333053122e-06
AAL_069,AAL_079,0.011770345589034578,0.011767557979314114,2.7876097204639766e-06
AAL_081,AAL_025,0.01032817954571647,0.010330954622061317,-2.7750763448471105e-06
AAL_064,AAL_076,0.010612753086572146,0.010615505125586212,-2.752039014066246e-06
AAL_032,AAL_083,0.011200182523944566,0.011197434729034492,2.7477949100743887e-06
AAL_019,AAL_062,0.010736675051430989,0.010733934225648568,2.7408257824209498e-06
AAL_044,AAL_033,0.01136879786912702,0.011371537881253967,-2.740012126946356e-06
AAL_017,AAL_001,0.011325020868426714,0.01132228649995537,2.7343684713444782e-06
AAL_036,AAL_019,0.011541604313155653,0.011544312144775248,-2.707831619595466e-06
AAL_035,AAL_012,0.011302187969175797,0.011304881449132493,-2.6934799566957074e-06
AAL_002,AAL_067,0.010897874444102248,0.010900563167560632,-2.688723458384168e-06
AAL_082,AAL_059,0.01043576678324841,0.010433089288492356,2.677494756053375e-06
AAL_086,AAL_010,0.010984107525621215,0.010986775968676761,-2.6684430555461852e-06
AAL_066,AAL_052,0.010936168253294423,0.010938835549850026,-2.6672965556025913e-06
AAL_041,AAL_063,0.011139107587484594,0.011136449029941861,2.6585575427333363e-06
AAL_038,AAL_052,0.010942692540060634,0.010940039315475868,2.6532245847657454e-06
AAL_030,AAL_036,0.010713248169368021,0.010715893439708217,-2.6452703401954464e-06
AAL_056,AAL_057,0.010812599655702455,0.010815240833307467,-2.641177605011702e-06
AAL_042,AAL_054,0.01138552313304355,0.011382916877531532,2.6062555120182768e-06
AAL_014,AAL_067,0.010756373204465987,0.010758977824771226,-2.6046203052392664e-06
AAL_019,AAL_021,0.010456823180708239,0.010454241234910844,2.581945797395027e-06
AAL_042,AAL_049,0.011203035447571395,0.01120046100049989,2.5744470715047957e-06
AAL_043,AAL_055,0.011533924117763964,0.01153649713742378,-2.5730196598159477e-06
AAL_071,AAL_026,0.01116682592835118,0.011164254300924891,2.571627426289566e-06
AAL_004,AAL_081,0.010117137824527474,0.010119699667353488,-2.5618428260137244e-06
AAL_010,AAL_082,0.01088451825750944,0.010887073590963265,-2.5553334538248873e-06
AAL_030,AAL_051,0.01045877555719553,0.010461305878206015,-2.5303210104861418e-06
AAL_034,AAL_079,0.010542276176090678,0.010539771189390873,2.504986699805589e-06
AAL_083,AAL_017,0.011872684326357184,0.011870197662921904,2.4866634352801315e-06
AAL_001,AAL_049,0.010896700478166852,0.010894217311171238,2.483166995614558e-06
AAL_074,AAL_039,0.0108170087954714,0.010814537573836873,2.471221634527121e-06
AAL_049,AAL_010,0.011052927746572811,0.011055377034687671,-2.449288114859949e-06
AAL_053,AAL_036,0.011166936992548214,0.011164497572549668,2.4394199985462717e-06
AAL_078,AAL_029,0.011618889529958494,0.011616451388442191,2.438141516302589e-06
AAL_011,AAL_043,0.010734111683554629,0.010736547428975922,-2.4357454212926843e-06
AAL_026,AAL_066,0.011002527221511954,0.011004949215032327,-2.4219935203725895e-06
AAL_074,AAL_033,0.011251507348850625,0.011253923364908021,-2.4160160573966083e-06
AAL_067,AAL_042,0.010566399621769276,0.010563986006172064,2.4136155972118156e-06
AAL_015,AAL_082,0.010877731986518981,0.010880135877922215,-2.403891403233993e-06
AAL_027,AAL_046,0.010744646470197756,0.010742252944476404,2.393525721351708e-06
AAL_023,AAL_019,0.011815822874315275,0.011818210855496137,-2.3879811808617812e-06
AAL_068,AAL_082,0.010468544774792261,0.01046617940604391,2.365368748351998e-06
AAL_028,AAL_038,0.011193028653167889,0.011190676114177586,2.3525389903026467e-06
AAL_004,AAL_038,0.010348229257103343,0.010350577119580717,-2.3478624773740076e-06
AAL_088,AAL_021,0.011425236228089303,0.011427583739106028,-2.347511016725229e-06
AAL_047,AAL_027,0.01032661557651292,0.010328917609291988,-2.302032779068555e-06
AAL_059,AAL_016,0.011100004687825711,0.011102305489497505,-2.3008016717934038e-06
AAL_007,AAL_084,0.010930139844059052,0.01092785363439147,2.286209667582556e-06
AAL_086,AAL_032,0.01121205546789699,0.011214336632258692,-2.2811643617011435e-06
AAL_015,AAL_027,0.012049262278562045,0.012046992762601258,2.2695159607871718e-06
AAL_011,AAL_067,0.010735854645793,0.010738106996800853,-2.2523510078524545e-06
AAL_004,AAL_086,0.011038074349491006,0.011035831802277352,2.2425472136541197e-06
AAL_002,AAL_043,0.01052262021515232,0.010520378885693646,2.2413294586739324e-06
AAL_037,AAL_073,0.011359398987574073,0.011361635509628812,-2.2365220547389264e-06
AAL_069,AAL_014,0.011125660171079585,0.011123424268815268,2.2359022643168164e-06
AAL_024,AAL_005,0.011392666353310784,0.011394894917590298,-2.2285642795136923e-06
AAL_015,AAL_064,0.01056126330812008,0.010563488273185772,-2.2249650656926134e-06
AAL_081,AAL_060,0.010775615717881383,0.010773409814308063,2.2059035733202476e-06
AAL_005,AAL_029,0.011388165332997838,0.011390369288419968,-2.2039554221295332e-06
AAL_052,AAL_036,0.010619627813307138,0.01061743155593242,2.196257374718208e-06
AAL_038,AAL_029,0.010718039031992229,0.010720234313429734,-2.19528143750522e-06
AAL_010,AAL_049,0.011192277752452044,0.011190085401458124,2.192350993919512e-06
AAL_010,AAL_064,0.011093124566185806,0.011095294715009316,-2.1701488235100624e-06
AAL_069,AAL_018,0.011768503988193523,0.01177063106649345,-2.1270782999266435e-06
AAL_002,AAL_089,0.01041622022087248,0.01041834190645008,-2.121685577598925e-06
AAL_047,AAL_073,0.010511413479271607,0.01050929230390574,2.121175365866687e-06
AAL_051,AAL_024,0.010681725923035644,0.010679617318470336,2.108604565308203e-06
AAL_031,AAL_074,0.011021935976006918,0.011019837873856127,2.0981021507902875e-06
AAL_090,AAL_059,0.010995956086036231,0.010998045024982013,-2.088938945781285e-06
AAL_022,AAL_027,0.012185554642978514,0.012187625246848126,-2.0706038696121504e-06
AAL_045,AAL_074,0.010507912956114508,0.010505864912038554,2.048044075953978e-06
AAL_048,AAL_073,0.010544420150307637,0.010546460622926208,-2.040472618571043e-06
AAL_015,AAL_081,0.010891662154378545,0.010889625842347926,2.036312030618756e-06
AAL_045,AAL_053,0.011051683475733058,0.011049668935518111,2.0145402149472635e-06
AAL_048,AAL_018,0.010584296770075448,0.010586306161568419,-2.009391492970719e-06
AAL_059,AAL_002,0.01217248094562664,0.012170481310681285,1.999634945355766e-06
AAL_062,AAL_015,0.010385050111983577,0.010383059055759357,1.991056224219523e-06
AAL_088,AAL_047,0.010959116676344704,0.010961104082706253,-1.9874063615487464e-06
AAL_083,AAL_070,0.011886529879182832,0.011888513281460731,-1.9834022778990323e-06
AAL_090,AAL_070,0.010760091826256014,0.01076206964239589,-1.9778161398763955e-06
AAL_030,AAL_077,0.011726023312896872,0.011724056687585029,1.966625311843051e-06
AAL_020,AAL_086,0.010719313328034984,0.010717355086937289,1.9582410976954484e-06
AAL_028,AAL_037,0.010916665787450396,0.010914713890747012,1.9518967033834572e-06
AAL_090,AAL_081,0.010401523299913248,0.010403444350375875,-1.9210504626273467e-06
AAL_023,AAL_006,0.011618926048549449,0.01162084516267253,-1.9191141230803094e-06
AAL_073,AAL_057,0.010857999165598145,0.010859879602680431,-1.8804370822862737e-06
AAL_083,AAL_012,0.011711415617814304,0.011713284860473709,-1.869242659404552e-06
AAL_084,AAL_090,0.010835389353923945,0.010837258038483098,-1.868684559152775e-06
AAL_014,AAL_076,0.011261190781290205,0.011259340720422215,1.8500608679906244e-06
AAL_024,AAL_009,0.011414741647517325,0.011416571413538888,-1.8297660215622208e-06
AAL_060,AAL_020,0.011410294132482292,0.011412109950876265,-1.815818393972879e-06
AAL_046,AAL_002,0.011139670259550087,0.011137873357249696,1.796902300390743e-06
AAL_016,AAL_041,0.01077952404689585,0.010777774664386182,1.7493825096685789e-06
AAL_074,AAL_054,0.010858131729814613,0.010859859827674796,-1.7280978601829505e-06
AAL_040,AAL_029,0.011076895675311485,0.011078623061070667,-1.7273857591815212e-06
AAL_003,AAL_080,0.010353558050054643,0.010351838578675727,1.7194713789157878e-06
AAL_026,AAL_054,0.010558066388162283,0.01055634765199411,1.7187361681728075e-06
AAL_009,AAL_008,0.011616183015016409,0.011614478375790433,1.7046392259759124e-06
AAL_061,AAL_071,0.010999304150891865,0.011001005435995664,-1.7012851037997295e-06
AAL_020,AAL_053,0.010579492992315536,0.010577801876139848,1.691116175688706e-06
AAL_028,AAL_082,0.010368592838127898,0.010366925773287086,1.6670648408118743e-06
AAL_037,AAL_004,0.010567953276774313,0.010569614610142507,-1.6613333681941844e-06
AAL_050,AAL_004,0.01090184678363367,0.010903507981809878,-1.6611981762081063e-06
AAL_048,AAL_029,0.010529786622963654,0.01053142460945892,-1.6379864952661971e-06
AAL_045,AAL_040,0.010640254863100046,0.01064189023363679,-1.63537053674348e-06
AAL_019,AAL_003,0.011745182524681983,0.011743558792596124,1.6237320858598914e-06
AAL_081,AAL_009,0.01029285866345287,0.010294462658150616,-1.6039946977471076e-06
AAL_048,AAL_080,0.010639562729236662,0.010637959174201742,1.6035550349201289e-06
AAL_060,AAL_048,0.011401176444676697,0.011399580969962825,1.5954747138724468e-06
AAL_070,AAL_003,0.010976423296488376,0.01097483049948739,1.5927970009859543e-06
AAL_070,AAL_031,0.010594256206328033,0.010595842643592404,-1.5864372643718816e-06
AAL_082,AAL_055,0.01046472122797217,0.010463142344640295,1.5788833318750028e-06
AAL_059,AAL_017,0.011369185394838326,0.011370759487392442,-1.5740925541161271e-06
AAL_004,AAL_049,0.010182173667937262,0.010180603058791485,1.570609145776572e-06
AAL_075,AAL_001,0.01104476329528241,0.011046308649717725,-1.5453544353147969e-06
AAL_016,AAL_056,0.01052050892279571,0.01051898019402184,1.5287287738700167e-06
AAL_065,AAL_078,0.01066254298043493,0.010661019902057003,1.5230783779272145e-06
AAL_041,AAL_006,0.010720493349557122,0.010718993953528535,1.4993960285869523e-06
AAL_010,AAL_043,0.011010498526848407,0.011011993251371177,-1.4947245227693584e-06
AAL_010,AAL_083,0.011096054668195991,0.01109753911921907,-1.4844510230795083e-06
AAL_026,AAL_008,0.010516313398177298,0.010514842138322943,1.4712598543544647e-06
AAL_028,AAL_054,0.010749953305428354,0.01074849574528542,1.45756014293362e-06
AAL_090,AAL_043,0.010503575623704072,0.010502120983733728,1.4546399703437712e-06
AAL_019,AAL_040,0.010316760840419775,0.010318200295749433,-1.4394553296583068e-06
AAL_002,AAL_080,0.010832254848498693,0.010833687853835356,-1.4330053366637396e-06
AAL_066,AAL_015,0.01058955151691205,0.010590973998842849,-1.422481930798275e-06
AAL_068,AAL_016,0.010547519906256825,0.010548940723387539,-1.4208171307140277e-06
AAL_049,AAL_054,0.012345583607944159,0.012344178745971424,1.4048619727344974e-06
AAL_080,AAL_063,0.011564718306653647,0.011566109768121917,-1.391461468269739e-06
AAL_016,AAL_018,0.010543517887783356,0.010542133601183631,1.3842865997249626e-06
AAL_064,AAL_059,0.011403318964199632,0.011404702523099282,-1.3835588996494175e-06
AAL_021,AAL_058,0.010722854254273778,0.010721475114726991,1.3791395467865897e-06
AAL_032,AAL_085,0.011193269989095055,0.011194630900384032,-1.360911288977168e-06
AAL_052,AAL_025,0.010640379821515491,0.010639019735693636,1.360085821855428e-06
AAL_045,AAL_011,0.010457250884630613,0.010458596579952364,-1.3456953217513834e-06
AAL_048,AAL_083,0.010769833633516971,0.01077116898055334,-1.3353470363682701e-06
AAL_002,AAL_088,0.010322518807907518,0.01032118796239198,1.3308455155385673e-06
AAL_034,AAL_032,0.01121815144776916,0.011216821939344737,1.3295084244219213e-06
AAL_006,AAL_053,0.01084155959682141,0.01084023888775196,1.3207090694498241e-06
AAL_020,AAL_049,0.01052755531337526,0.010526254408006041,1.3009053692197847e-06
AAL_070,AAL_035,0.010733188145881535,0.010734453556999084,-1.2654111175482846e-06
AAL_037,AAL_080,0.011081448529297724,0.011082713006910112,-1.2644776123879597e-06
AAL_090,AAL_020,0.01047161058920762,0.010470355144486977,1.2554447206426095e-06
AAL_019,AAL_054,0.01055762980483536,0.010558875383943246,-1.2455791078853223e-06
AAL_022,AAL_063,0.010610392904227488,0.010611632801869667,-1.2398976421794383e-06
AAL_026,AAL_084,0.010497194784494419,0.010495960922731508,1.2338617629108206e-06
AAL_018,AAL_085,0.010985535211288013,0.010984330109919123,1.2051013688896273e-06
AAL_057,AAL_037,0.011251254868892651,0.011252449298503973,-1.1944296113217123e-06
AAL_029,AAL_050,0.010666682599828793,0.010665528670360077,1.1539294687158003e-06
AAL_014,AAL_082,0.0112370105050345,0.0112358701413049,1.140363729600427e-06
AAL_040,AAL_065,0.011108595364464399,0.011109732165378021,-1.136800913622421e-06
AAL_057,AAL_028,0.011078675070570575,0.011077550193641528,1.124876929046656e-06
AAL_013,AAL_042,0.0107681528529805,0.010767029214733588,1.1236382469123618e-06
AAL_046,AAL_020,0.01105719070451764,0.011056069206104385,1.1214984132548733e-06
AAL_063,AAL_046,0.010978760862420512,0.010977655961166689,1.1049012538233427e-06
AAL_090,AAL_008,0.010686602994688174,0.010685531646660333,1.0713480278409793e-06
AAL_005,AAL_050,0.0110628654440053,0.0110618047342259,1.0607097793990938e-06
AAL_026,AAL_055,0.01075665184105627,0.010755607007861729,1.0448331945415307e-06
AAL_067,AAL_048,0.010957873440307811,0.010958914836827047,-1.0413965192360847e-06
AAL_022,AAL_028,0.012522602021996664,0.0125215618013781,1.040220618564111e-06
AAL_034,AAL_066,0.010478120693204623,0.010479155544274794,-1.0348510701713859e-06
AAL_033,AAL_088,0.010460561455792597,0.010459586078989742,9.753768028548243e-07
AAL_034,AAL_030,0.010876862381974984,0.010875898937951246,9.634440237375752e-07
AAL_015,AAL_035,0.011138731309284385,0.011137788230206624,9.430790777614773e-07
AAL_013,AAL_053,0.011183074932211103,0.011182132130835399,9.428013757039472e-07
AAL_017,AAL_041,0.011046269817007149,0.01104721180151769,-9.419845105416297e-07
AAL_054,AAL_031,0.010831488781950923,0.010832418017459123,-9.292355081999548e-07
AAL_036,AAL_052,0.011601117765928945,0.011600190304478552,9.274614503930467e-07
AAL_004,AAL_025,0.01069972439048191,0.010698805928285749,9.184621961606104e-07
AAL_008,AAL_061,0.011619789742777107,0.011620705979633567,-9.162368564599038e-07
AAL_016,AAL_082,0.010550171682117587,0.010549263201339665,9.084807779217996e-07
AAL_057,AAL_014,0.010941384941275813,0.010942286386549769,-9.014452739559281e-07
AAL_023,AAL_071,0.011273207119069038,0.011272329864815507,8.772542535312455e-07
AAL_021,AAL_056,0.010951322479507862,0.010952193105117263,-8.706256094011267e-07
AAL_050,AAL_011,0.010889786464743253,0.010888930985579272,8.554791639803216e-07
AAL_066,AAL_020,0.010351673337734409,0.010350821359503654,8.519782307547102e-07
AAL_049,AAL_064,0.011171736511696354,0.011170888007630041,8.485040663124693e-07
AAL_078,AAL_002,0.011417426582839754,0.011418259083281824,-8.325004420706855e-07
AAL_079,AAL_015,0.011040004055835625,0.011039174845899748,8.292099358767763e-07
AAL_007,AAL_049,0.010973374986161407,0.010972551860506866,8.23125654541082e-07
AAL_008,AAL_083,0.010790475729741475,0.010789656667293005,8.190624484691322e-07
AAL_066,AAL_027,0.010684914990431733,0.010684107640577901,8.073498538319068e-07
AAL_034,AAL_083,0.010249417167730056,0.010248623732893402,7.934348366534644e-07
AAL_071,AAL_066,0.0107989759865002,0.010798190285916215,7.857005839845971e-07
AAL_049,AAL_066,0.011369057905135883,0.011369839114213257,-7.812090773735153e-07
AAL_009,AAL_030,0.010851668868548213,0.010852445670341144,-7.768017929316029e-07
AAL_065,AAL_002,0.010388922583088916,0.01038969936029565,-7.767772067339418e-07
AAL_049,AAL_060,0.012359277239769824,0.012358501257730773,7.759820390505073e-07
AAL_042,AAL_059,0.011207323085564451,0.01120654750550651,7.755800579406502e-07
AAL_054,AAL_034,0.010700652925058817,0.010701415101274219,-7.621762154012834e-07
AAL_051,AAL_016,0.010396134983907398,0.010396882253826109,-7.472699187112408e-07
AAL_051,AAL_068,0.011174802160941256,0.011174057589534199,7.44571407057526e-07
AAL_020,AAL_063,0.011168541858354822,0.011169264007535377,-7.221491805549374e-07
AAL_001,AAL_065,0.010673378518599475,0.010674099740630048,-7.212220305731487e-07
AAL_023,AAL_082,0.010707593966737134,0.010708308947404325,-7.149806671904319e-07
AAL_072,AAL_030,0.012077859604858562,0.012077155497581432,7.04107277130564e-07
AAL_014,AAL_055,0.011022074506259881,0.01102277657788977,-7.020716298895141e-07
AAL_073,AAL_050,0.010478219494987756,0.01047751782623769,7.016687500662616e-07
AAL_047,AAL_005,0.01028991358466128,0.010290610959878186,-6.973752169053132e-07
AAL_021,AAL_057,0.010761716413017139,0.010761024220095526,6.921929216127665e-07
AAL_057,AAL_023,0.010869739147332998,0.010870430225658948,-6.910783259504727e-07
AAL_006,AAL_037,0.01080279408269522,0.010803477505855169,-6.834231599493756e-07
AAL_021,AAL_027,0.012478420791478876,0.012479099669209485,-6.788777306091648e-07
AAL_010,AAL_081,0.01099453143711783,0.010993867541753476,6.63895364353545e-07
AAL_049,AAL_006,0.011009245671124922,0.011008582050188747,6.636209361754464e-07
AAL_074,AAL_028,0.010564355386628045,0.010565006569323705,-6.511826956597661e-07
AAL_076,AAL_063,0.011178685439766472,0.011178036104823017,6.493349434550516e-07
AAL_033,AAL_012,0.01087050835410945,0.010869862151242072,6.462028673773906e-07
AAL_015,AAL_030,0.010844617636285277,0.010843995050353833,6.225859314444582e-07
AAL_017,AAL_060,0.010873402076829066,0.010874014881626697,-6.128047976301093e-07
AAL_006,AAL_045,0.010843891067366697,0.010844489541043419,-5.984736767220694e-07
AAL_011,AAL_057,0.011001773027337005,0.01100118423837512,5.887889618846898e-07
AAL_089,AAL_025,0.011862684391502641,0.01186209914064215,5.852508604912293e-07
AAL_059,AAL_037,0.011035299712680599,0.011035884383871744,-5.846711911457192e-07
AAL_064,AAL_074,0.010978931159131292,0.01097837062760559,5.605315257020682e-07
AAL_038,AAL_070,0.010846655521318953,0.010846119362481919,5.361588370344367e-07
AAL_033,AAL_028,0.010201355571755104,0.010201891676220053,-5.361044649494773e-07
AAL_051,AAL_089,0.010865810239671642,0.010866338398686561,-5.281590149189275e-07
AAL_037,AAL_017,0.011076923640858796,0.011076400881499126,5.227593596699581e-07
AAL_060,AAL_040,0.011006284986710193,0.011005773264498775,5.117222114173203e-07
AAL_081,AAL_079,0.0123448892771147,0.012345396712533298,-5.074354185972962e-07
AAL_053,AAL_035,0.0111113479699239,0.01111088079809403,4.671718298702998e-07
AAL_040,AAL_003,0.011019942360635623,0.011019481364498955,4.6099613666868156e-07
AAL_078,AAL_088,0.011389344417227384,0.011388887568069599,4.5684915778512747e-07
AAL_079,AAL_057,0.012095512615309821,0.012095076369385121,4.362459247002348e-07
AAL_065,AAL_058,0.010532734957404243,0.01053316747450799,-4.3251710374683783e-07
AAL_088,AAL_019,0.01106869244080387,0.011069098676996255,-4.0623619238476516e-07
AAL_082,AAL_002,0.010876684620753568,0.01087708443763756,-3.998168839926264e-07
AAL_043,AAL_032,0.011154363873120174,0.011154755399962217,-3.915268420428414e-07
AAL_014,AAL_051,0.010906189236328261,0.010906579950477734,-3.907141494733507e-07
AAL_041,AAL_053,0.010872610773031529,0.010872997325052399,-3.8655202086977647e-07
AAL_088,AAL_050,0.010781614008383492,0.010781239341509994,3.746668734982972e-07
AAL_015,AAL_008,0.010883386557300886,0.010883737133617141,-3.5057631625479146e-07
AAL_078,AAL_087,0.01135995104495022,0.011359625722445714,3.2532250450641176e-07
AAL_030,AAL_033,0.011592483478319695,0.011592781665751124,-2.981874314290228e-07
AAL_012,AAL_089,0.01052601864306718,0.010526299245526121,-2.806024589421807e-07
AAL_073,AAL_032,0.010843100290920617,0.010842833767365433,2.665235551840839e-07
AAL_051,AAL_053,0.011800490781410128,0.011800229043304624,2.6173810550346455e-07
AAL_086,AAL_068,0.011629922749299524,0.011630164399262398,-2.4164996287323603e-07
AAL_073,AAL_055,0.010425954812373489,0.010426185109996914,-2.3029762342453852e-07
AAL_085,AAL_044,0.010684740713709949,0.010684519384527769,2.2132918217968034e-07
AAL_019,AAL_065,0.011158267865912655,0.011158067259299695,2.0060661296006366e-07
AAL_045,AAL_028,0.010414947604394367,0.010415129102396758,-1.814980023912005e-07
AAL_079,AAL_039,0.011357754725628557,0.011357601320662214,1.5340496634271006e-07
AAL_010,AAL_008,0.01293694644442035,0.012936798377290702,1.4806712964922364e-07
AAL_012,AAL_085,0.010811835268719329,0.010811980222132306,-1.4495341297757203e-07
AAL_043,AAL_047,0.013235071389418509,0.013235209567504692,-1.381780861831744e-07
AAL_005,AAL_076,0.011360870119040975,0.011360994225862453,-1.241068214776625e-07
AAL_086,AAL_044,0.011143388541049173,0.011143495291748799,-1.0675069962544359e-07
AAL_068,AAL_051,0.011519987731137209,0.011520094027922999,-1.0629678579010537e-07
AAL_020,AAL_056,0.010506018809178192,0.010506087629859412,-6.88206812198e-08
AAL_082,AAL_087,0.010275000768005211,0.010275056024102804,-5.525609759332584e-08
AAL_015,AAL_075,0.011080233288658226,0.011080263154789176,-2.9866130950295666e-08
