X1	X2	X3	X4	X5	X6	X7	X8	X9	X10	X11	X12	X13	X14	X15	X16	X17	X18	X19	X20	X21	X22	X23	X24	X25	X26	X27	X28	X29	X30	X31	X32	X33	X34	X35	X36	X37	X38	X39	X40	X41	X42	X43	X44	X45	X46	X47	X48	X49	X50	X51	X52	X53	X54	X55	X56	X57	X58	X59	X60	X61	X62	X63	X64	X65	X66	X67	X68	X69	X70	X71	X72	X73	X74	X75	X76	X77	X78	X79	X80	X81	X82	X83	X84	X85	X86	X87	X88	X89	X90	X91	X92	X93	X94	X95	X96	X97	X98	X99	X100	X101	X102	X103	X104	X105	X106	X107	X108	X109	X110
0.019514	0.065302	0.013950	0.033936	0.131671	0.052785	0.063371	0.047204	0.032336	0.036198	0.134922	0.154161	0.034199	-0.030524	0.084098	0.039238	0.139604	-0.022885	0.048853	-0.005174	-0.057770	0.100224	0.073832	0.029166	0.158827	0.083872	0.226179	0.155765	0.068991	0.068799	-0.004783	-0.118096	-0.084938	-0.144736	0.006388	-0.034180	0.203574	0.065850	0.090534	0.097932	-0.009455	0.072722	0.054460	0.041282	0.023437	-0.027175	-0.152075	-0.137493	-0.002147	-0.037491	0.088900	0.099897	0.038345	-0.062906	0.073257	0.072011	0.089738	0.056474	-0.075664	-0.064276	-0.107188	-0.087326	-0.103554	-0.108409	0.028546	0.124144	-0.013511	0.099247	0.015575	-0.025475	-0.143337	-0.140922	0.137478	0.172403	0.043739	0.070827	-0.024291	-0.018165	-0.085762	-0.078591	0.093540	0.058693	-0.059095	-0.044080	0.032012	-0.063821	-0.056998	-0.071706	-0.030279	-0.003279	-0.045042	-0.135482	-0.186017	-0.131058	-0.126469	-0.146232	0.078287	0.255174	0.220796	-0.042452	0.052255	0.017975	0.059871	0.070240	0.228834	0.181797	-0.089916	0.108959	0.010704	-0.014731
0.264110	0.411110	-0.705770	-0.413362	0.045907	-0.152016	0.512454	-0.099490	-0.181914	-0.951267	-0.216224	-0.024749	-0.029202	-0.153566	-0.947611	-1.000029	1.252798	-1.015434	0.021091	-0.816649	0.568268	-0.612245	1.367954	-0.322023	0.940415	-0.144470	0.198854	-0.283579	0.928587	-1.016138	0.527314	0.090350	0.005973	-0.444405	-0.358760	-0.650024	-0.183424	-1.120160	-0.047709	-0.599622	-0.438532	-1.062533	-0.319816	-0.519343	-0.675549	-0.499214	-0.249761	-0.222359	0.236081	-1.432449	0.861704	0.187216	-1.028295	-0.737251	-0.131112	0.339972	0.418415	0.695874	-0.133960	-0.232674	-0.382108	-0.280542	-0.827108	-0.608391	0.334114	0.174331	-0.799892	0.444959	1.033189	0.361100	-0.609262	-0.499205	-1.459915	-0.467568	-0.180319	1.075755	-1.176574	-0.332405	-0.537485	-1.321268	-0.201847	0.091661	-0.322288	-0.292364	-1.258820	-0.977428	-0.328441	-0.098261	-0.170396	-1.526970	-0.178389	-0.230286	-0.297854	-0.691149	-0.069661	-0.732375	0.992305	0.630379	0.179382	1.441473	-0.533416	-1.116233	0.404156	1.769232	1.697185	0.111315	1.025801	0.031962	-1.010473	1.362900
0.384778	0.429131	-1.093826	-0.590328	-0.176705	-0.385491	0.191634	-0.090180	-0.630289	-1.134682	-0.723460	-0.123228	-0.472163	-0.431334	-1.303901	-1.517379	1.393043	-1.244700	-0.252945	-1.151546	0.518579	-0.757285	1.364620	-0.271583	0.795377	-0.712206	0.374114	-0.463768	1.283476	-1.145811	0.324102	-0.043285	-0.277256	-0.748813	-0.955910	-1.347902	-0.823529	-1.982803	-0.533232	-1.053414	-0.840938	-1.482619	-0.724070	-1.097743	-1.131133	-0.954283	-0.415871	-0.483589	0.026171	-1.803333	0.684633	-0.001779	-1.029840	-0.699320	-0.333778	0.244241	0.374523	0.808909	-0.448524	-0.413082	-0.621551	-0.425086	-1.478574	-1.138999	0.413630	0.641081	-1.082880	0.495409	0.971317	0.402529	-1.088128	-0.790573	-1.941384	-0.942324	-0.215536	0.990463	-1.806842	-0.797569	-0.952508	-1.950653	-0.469347	-0.064083	-0.864186	-0.581594	-2.061170	-1.431912	-0.552601	-0.338337	-0.095767	-1.794053	-0.675736	-0.415416	-0.558177	-1.131222	-0.210038	-0.992494	0.753488	0.940578	0.094750	1.027047	-1.004169	-1.751725	0.464020	1.779323	2.184235	0.165380	1.564463	-0.081273	-1.742806	1.926335
0.279507	0.039455	-0.948308	-0.382465	-0.440469	-0.582019	-0.641673	0.005196	-1.141344	-0.641233	-1.017610	0.008804	-0.995858	-0.689804	-0.931287	-1.278906	0.530715	-0.763970	-0.604256	-0.972977	0.014203	-0.467942	-0.007313	-0.055979	-0.244467	-1.389260	0.540640	-0.458298	0.952030	-0.449336	-0.540858	-0.505975	-0.751629	-0.953022	-1.508330	-1.938178	-1.379445	-2.123697	-1.120677	-1.118673	-1.304962	-1.306936	-1.051021	-1.448821	-1.315349	-1.244081	-0.494842	-0.678719	-0.457679	-1.159491	-0.139302	-0.368304	-0.064019	-0.003698	-0.439749	-0.158405	0.082231	0.379816	-0.854068	-0.544579	-0.732069	-0.448380	-1.705829	-1.343213	0.166258	1.078960	-0.827300	0.303465	0.051676	0.350906	-1.291710	-0.795888	-1.188041	-0.955715	-0.081204	-0.118128	-1.610435	-1.210969	-1.117002	-1.691878	-0.522956	-0.217934	-1.366934	-0.877677	-2.057644	-1.294361	-0.526352	-0.634505	0.081900	-0.890018	-1.155875	-0.642846	-0.760354	-1.217932	-0.483435	-0.809514	-0.216892	1.315032	0.224704	-0.712906	-0.827916	-1.647104	0.549071	0.428790	1.774923	0.557574	1.500550	0.013127	-1.851256	1.827512
-0.099547	-0.525770	-0.359211	0.013650	-0.533879	-0.579302	-1.091098	-0.073102	-1.320640	-0.301760	-0.640577	0.347964	-1.001946	-0.658107	-0.413646	-0.552183	-0.479497	-0.273653	-0.672478	-0.673398	-0.197139	-0.244553	-1.589751	-0.201381	-1.256894	-1.572147	0.334240	-0.495124	0.171572	0.094961	-1.306545	-0.939857	-0.920154	-0.948575	-1.433675	-1.994378	-1.205923	-1.348374	-1.214209	-0.840426	-1.778863	-1.134336	-1.075981	-1.218409	-1.267044	-1.133979	-0.315349	-0.455672	-0.626289	-0.325617	-0.538135	-0.616546	0.698324	0.582567	-0.355998	-0.449434	-0.038877	-0.134809	-0.937109	-0.531465	-0.606557	-0.307394	-1.188003	-0.868145	-0.316444	0.655857	-0.512527	0.036979	-0.614059	0.602461	-0.905698	-0.387111	0.056621	-0.392972	-0.043093	-1.183076	-0.742497	-1.186067	-0.800837	-0.799353	-0.256821	-0.029579	-1.233080	-1.123764	-1.272483	-0.835397	-0.111867	-0.607986	0.077945	0.000106	-0.928278	-0.775041	-0.562223	-0.808301	-0.606854	-0.346305	-0.617058	1.698738	0.785705	-1.557785	0.211668	-0.987737	1.063886	-0.619973	1.185413	1.247858	1.213741	0.415178	-1.179259	1.641197
-0.678534	-0.886403	0.238292	0.196271	-0.379961	-0.247753	-0.791259	-0.482786	-1.029641	-0.593967	0.162958	0.550704	-0.433728	-0.358445	-0.394842	0.035179	-0.838764	-0.285210	-0.478657	-0.660475	0.057688	-0.240193	-2.150200	-0.726304	-1.463402	-1.042225	-0.255569	-0.631571	-0.558484	-0.112986	-1.364674	-0.986677	-0.664928	-0.780100	-0.620808	-1.311877	-0.236979	-0.095212	-0.619860	-0.483741	-1.894905	-1.168391	-0.739103	-0.464067	-0.973477	-0.627332	-0.028794	0.061899	-0.171757	0.072081	-0.102667	-0.615711	0.346080	0.410478	-0.080913	-0.293420	0.170054	-0.271246	-0.556287	-0.348565	-0.260857	-0.094256	-0.213407	-0.016292	-0.773503	-0.619707	-0.572265	-0.314266	-0.437510	0.944531	-0.125598	0.155346	0.994727	0.284522	-0.380915	-1.309577	0.117845	-0.674734	-0.160664	0.044279	0.119580	0.440188	-0.411964	-1.258454	-0.141785	-0.470924	0.396381	-0.195560	-0.124863	0.022621	0.000324	-0.708718	-0.015167	-0.157258	-0.434915	0.022841	-0.079352	1.683233	1.519508	-0.568198	1.300488	-0.255883	1.615573	-0.572166	0.749553	1.786844	0.928416	0.740259	-0.059840	1.303536
-1.204384	-0.799674	0.320759	-0.015317	-0.074064	0.341412	-0.220296	-1.016203	-0.472210	-1.080579	0.567584	0.313436	0.191042	0.004477	-0.957471	0.047303	-0.543840	-0.654516	-0.467984	-0.951568	0.139402	-0.313200	-1.473892	-1.085278	-1.033872	-0.307671	-0.910711	-0.800218	-0.815162	-0.619089	-0.791293	-0.583244	-0.374507	-0.548026	0.214261	-0.307432	0.673375	0.673131	0.190104	-0.369295	-1.335371	-1.124618	-0.370839	0.145893	-0.580209	-0.184937	0.019796	0.350113	0.642956	0.069547	0.529214	-0.384718	-0.705937	-0.355874	0.339412	0.213748	0.457559	0.066427	0.000028	-0.069781	0.119513	-0.017938	0.396759	0.433272	-0.911325	-1.636367	-0.782745	-0.671923	0.142947	0.815494	0.387795	0.347470	1.166711	0.305692	-1.035863	-0.544803	0.204919	-0.132276	0.206200	0.206526	0.321443	0.664806	0.430579	-1.101952	0.689288	-0.361141	0.375114	0.152258	-0.196598	-0.493436	0.820329	-0.387739	0.391941	0.198633	-0.191755	-0.050426	0.514412	1.103444	1.908613	0.805455	1.372257	0.210240	1.228824	-0.145311	0.364210	1.813873	0.518873	0.669344	0.798007	0.302706
-1.310504	-0.358215	-0.248331	-0.332379	0.223641	0.875945	0.108270	-1.176495	0.149623	-0.967338	0.184850	-0.176430	0.512309	0.404742	-1.495169	-0.320658	-0.155865	-0.885333	-0.831194	-1.155535	-0.430095	-0.526521	-0.350356	-0.888360	-0.671388	-0.015587	-1.382950	-0.981489	-0.594616	-0.587273	-0.043332	0.055232	-0.332330	-0.193800	0.253759	0.311074	0.578624	0.355372	0.619488	-0.522310	-0.280260	-0.806744	-0.364866	-0.004719	-0.423866	-0.307364	-0.214775	0.155208	1.262187	-0.066020	0.636262	0.071515	-1.281218	-0.986874	0.776642	0.608486	0.496327	0.586300	0.379060	0.208760	0.352386	-0.174261	0.173522	0.156042	-0.606041	-1.340129	-0.486608	-0.594233	0.437111	0.217889	0.242724	0.083571	0.400513	-0.523959	-1.523661	0.455371	-0.555441	-0.012634	-0.114402	-0.301015	0.350904	0.272240	0.664266	-0.410506	0.820511	-0.285422	-0.441518	-0.011131	0.073283	-0.670134	0.854398	0.177806	0.326723	0.012848	-0.184706	-0.522457	0.389770	0.405687	1.691494	0.753210	0.447672	0.524067	-0.390686	-0.174776	0.033629	1.450055	-0.124210	0.531487	0.935243	-1.263727
-0.737535	0.099263	-0.993500	-0.333522	0.351470	0.982075	0.298766	-0.601043	0.813625	-0.034610	-0.387946	-0.368089	0.657744	0.906153	-1.213642	-0.463072	-0.023464	-0.708457	-1.044751	-0.886373	-1.199960	-1.004286	0.371961	-0.328080	-0.562940	-0.145610	-1.570638	-1.078018	-0.304547	0.122856	0.627267	0.655507	-0.309630	0.401044	-0.382307	0.346763	-0.421986	-0.521686	0.582571	-0.518485	0.746313	-0.311114	-0.563303	-0.608840	-0.580611	-0.835398	-0.342735	-0.197626	1.184033	-0.299682	0.232663	0.629264	-0.924221	-1.054879	0.912229	0.467679	0.198967	0.857664	0.520287	0.430837	0.466545	-0.351817	-0.384882	-0.296772	0.001855	0.113530	0.486650	0.231894	0.273911	-0.206091	-0.187128	-0.207786	-1.046702	-1.370857	-1.322099	1.167345	-1.291264	-0.198620	-0.721246	-0.747907	0.380222	-0.410813	0.370163	0.728466	0.417385	0.017688	-1.451365	-0.513628	0.413674	-0.230054	0.247082	0.752202	0.050449	-0.316746	-0.324199	-0.845255	-0.207963	-0.004972	0.938448	-0.558331	-0.407580	0.992321	-2.253398	-0.496269	-0.151057	0.906208	-0.743339	0.794982	0.587421	-2.535010
0.413210	0.332873	-1.163254	0.047036	0.251365	0.584102	0.743796	0.562965	1.460968	1.151447	-0.267524	0.077311	0.823771	1.300600	0.093105	-0.028416	0.035061	-0.293745	-0.445103	-0.207057	-1.319852	-1.360217	0.561558	0.179088	-0.196143	-0.029417	-1.309073	-0.791008	-0.267148	0.858899	1.261882	1.086034	0.050311	1.089291	-0.679327	0.326225	-1.165863	-0.736349	0.488722	0.128702	1.401729	0.294818	-0.302429	-0.619924	-0.620323	-1.002833	0.026989	-0.202327	0.208936	-0.665118	-0.163489	0.940600	-0.272479	-0.776240	0.464640	-0.139740	-0.232205	0.687967	0.602674	0.589235	0.650441	-0.175845	-0.346277	-0.165498	0.654099	1.617165	1.475618	1.318752	-0.037402	-0.085808	-0.179469	-0.063590	-2.312250	-1.130163	-0.410380	1.452479	-1.005428	-0.125919	-0.714261	-0.386245	0.398645	-0.643243	0.140270	1.697776	0.049875	0.489663	-1.591633	-0.689146	0.445378	0.338957	-0.323561	0.911429	0.125625	-0.104352	-0.162879	-0.442615	-0.582089	-0.374404	-0.158694	-1.309364	-0.385416	1.572810	-3.055946	-0.475878	-0.340112	0.058675	-0.928737	1.206942	0.351076	-2.830582
1.623711	0.460676	-0.357174	0.550777	0.144250	0.155858	1.458738	1.755120	1.853518	1.895995	0.649551	0.972831	0.964063	1.263348	1.690997	0.740076	0.309819	0.058664	0.802377	0.416496	-0.549536	-0.904896	0.662664	0.477164	0.699622	0.827144	-0.476699	0.034396	-0.256334	1.075390	1.835262	1.432503	0.706863	1.512810	0.070996	0.800412	-0.687559	0.305553	0.710536	1.364492	1.700498	1.079556	0.727206	0.512466	-0.113128	-0.348430	0.879312	0.357621	-1.278920	-0.886273	-0.159910	0.816189	0.120503	-0.425241	-0.293605	-0.557615	-0.418807	0.388173	0.786028	0.760394	0.997502	0.523558	0.602250	0.684158	1.210200	2.349702	1.777267	1.732413	-0.101891	0.237149	0.548905	0.561605	-2.432609	0.316423	0.640923	1.388675	0.319764	0.543756	0.264756	0.767334	0.288199	-0.109687	0.406147	1.896378	0.191912	0.903798	-0.364869	-0.128433	0.344372	0.652715	-0.303054	0.557419	0.827412	0.922739	0.524568	0.628912	-0.495293	-1.019620	-1.235627	-0.346866	0.332726	1.808552	-2.504384	-0.004701	-0.671085	-1.114553	-0.635796	1.080699	0.496870	-2.222201
2.269703	0.798968	1.070767	0.948067	0.439296	0.386189	2.027598	2.477516	1.811431	2.033225	1.560577	1.798072	0.999397	0.892860	2.450834	1.305357	0.713317	0.324271	1.713078	0.618987	0.621702	0.378878	1.017470	0.656155	1.545199	2.117903	0.636714	0.982683	0.235109	0.947494	2.116483	1.847994	1.293872	1.571358	1.404535	1.659092	0.694609	1.863367	1.212164	2.485520	1.759059	1.926626	1.941152	2.087306	0.762658	0.696986	1.809291	1.291933	-2.339151	-0.565623	0.272601	0.567480	0.609993	0.160788	-0.563424	-0.087311	-0.084478	0.514994	1.084637	1.083167	1.378168	1.500327	1.823218	1.707491	1.655349	2.384554	1.439358	1.217216	0.312364	0.373123	1.586405	1.360244	-1.310012	1.837610	1.189350	1.178720	1.643993	1.516045	1.555023	1.939978	0.162325	0.669075	1.069795	1.458290	0.807522	1.230378	1.559423	0.813953	0.691101	0.910355	0.372052	0.251137	1.881366	2.269266	1.392303	1.633759	-0.255423	-1.486354	-1.696264	1.486912	1.097893	1.385937	-1.403317	0.444757	-0.844286	-1.960489	-0.253356	0.363486	0.767532	-1.181645
2.114428	1.392153	2.124847	1.056479	1.229729	1.299312	2.086441	2.594568	1.432275	1.823727	1.622316	2.034379	0.932328	0.646563	1.861087	1.315503	0.843952	0.714576	1.591699	0.460548	1.619941	1.534923	1.498701	0.775894	1.607368	2.949620	1.381286	1.324827	1.178402	0.908237	1.955563	2.187047	1.486396	1.525679	2.198163	2.258725	1.715175	2.575038	1.640862	2.697061	1.584236	2.373821	2.432482	2.849955	1.353718	1.305589	2.237792	2.035717	-2.215496	0.153463	0.859142	0.560994	1.588514	1.088319	0.059685	1.155571	0.549228	1.117402	1.370324	1.523707	1.548070	2.195259	2.343925	2.178403	1.870057	2.053466	0.937465	0.507695	1.091078	0.467788	2.195115	1.888546	0.044330	2.171731	1.082120	1.073009	1.897277	2.106701	2.153962	2.311560	0.234502	0.836169	1.580124	1.046780	1.299191	1.504480	2.785557	1.278190	1.457133	1.241096	1.178543	0.551915	2.570609	2.934710	1.844399	1.832955	-0.224720	-1.001496	-1.202349	2.400013	1.480842	0.555127	-0.651658	0.414947	-0.489761	-1.683132	-0.098572	-0.246008	0.737819	-0.211292
1.477024	1.782723	1.833648	0.584473	1.952767	1.872470	1.625637	2.188947	0.899952	1.381371	0.739876	1.418675	0.619991	0.625358	0.458481	0.775576	0.440687	1.220687	0.796339	0.201983	2.101792	1.636244	1.699528	0.794771	0.953606	2.586396	1.296525	0.801645	1.728147	0.882670	1.486114	1.893135	1.104948	1.480292	1.826280	2.053574	1.444022	1.759866	1.622179	1.769228	1.099040	1.958380	1.891532	2.234638	1.175050	1.100196	1.715056	1.875693	-1.162965	0.465381	1.121532	0.558786	2.350169	1.724441	0.883262	2.071136	0.753589	1.407571	1.407498	1.689462	1.332750	2.077370	1.675267	1.650333	1.568403	1.234403	0.394762	0.317371	1.714390	0.781123	1.853613	1.690453	0.474764	1.144382	0.642452	1.089245	0.923658	1.796117	1.685653	1.628655	0.336868	0.054452	1.296876	0.895994	0.921266	1.412897	2.320350	0.674873	1.617725	1.099195	1.255950	1.062862	2.149575	2.166375	1.582191	1.145681	-0.469234	0.295871	-0.250921	1.580000	1.334648	-0.160880	-0.469747	-0.176725	0.129443	-0.472344	-0.033590	-0.309967	0.198408	0.183482
0.851966	1.421995	0.150750	-0.540296	1.846832	1.039111	0.870881	1.351645	0.222268	0.536643	-0.465598	0.181470	-0.136208	0.392365	-0.766008	-0.033147	-0.309664	1.404695	0.155514	-0.061735	1.805682	0.843366	1.313493	0.674543	0.255284	1.062550	0.475891	-0.067682	1.097521	0.415572	0.928419	0.594474	0.157522	1.124340	0.628600	1.032127	0.086412	-0.016193	0.993781	0.214216	0.272989	0.697490	0.757261	0.745593	0.290091	0.346491	0.408626	0.633937	-0.232337	-0.196085	0.697962	0.030202	1.752176	1.179909	0.825749	1.621343	0.040961	0.601565	1.018106	1.180430	0.791947	1.106131	0.212080	0.303311	0.641102	-0.254273	-0.338114	0.422457	1.658700	1.096747	0.692764	0.643378	-0.162601	-0.341655	0.207247	0.921471	-0.522761	0.650243	0.611619	0.307941	0.001815	-1.159612	0.090189	0.525727	-0.472211	0.534928	0.453388	-0.690703	0.349532	-0.030877	0.206113	0.758627	0.577528	0.265908	0.802366	0.174386	-0.722718	1.258471	0.176606	-0.127741	0.692180	-0.543079	-0.508773	-1.010935	0.332694	0.483911	0.325755	-0.151277	-0.692933	-0.197998
0.423577	0.358918	-1.735042	-1.670218	0.818445	-0.843740	0.083851	0.265416	-0.593017	-0.643177	-1.246270	-0.933137	-1.044963	-0.248707	-1.255709	-0.681114	-0.888242	0.861687	-0.090761	-0.386473	0.706617	0.126658	0.394128	0.410038	-0.162715	-0.773021	-0.580373	-0.571190	-0.333676	-0.470000	0.357617	-1.149572	-0.910559	0.291674	-0.555489	-0.267385	-1.344783	-1.510439	-0.052163	-1.092244	-0.708180	-0.800281	-0.320742	-0.653718	-0.792048	-0.453376	-0.724916	-0.812915	-0.101530	-1.270649	-0.196514	-0.868966	-0.033781	-0.429595	-0.179253	0.060371	-1.056878	-0.920348	0.347122	0.224312	0.279521	-0.042974	-1.004817	-0.968660	-0.505283	-1.796100	-0.975934	0.100944	0.992697	1.004129	-0.455438	-0.624292	-0.924906	-1.304424	-0.151068	0.375833	-1.466224	-0.641824	-0.318982	-0.838545	-0.792586	-1.887721	-1.256195	-0.370940	-1.996965	-0.843354	-1.408099	-1.772133	-1.586600	-1.515864	-1.236087	-0.535562	-1.077674	-1.388358	0.000037	-0.334180	-0.594156	1.061091	-0.278571	-1.253293	-0.114682	-0.786042	-0.396108	-1.469561	-0.014265	0.341339	1.096635	-0.161753	-1.437146	-0.802761
0.021813	-0.660269	-2.314359	-1.813613	-0.382772	-2.077028	-0.519310	-0.689306	-1.194520	-1.517389	-1.246119	-1.214943	-1.299462	-0.740888	-1.130491	-0.810256	-0.870805	-0.170710	-0.364011	-0.705618	-0.575017	0.027793	-0.609459	0.009758	-0.566571	-1.863073	-1.282191	-0.524000	-1.213969	-1.024087	-0.213499	-2.103735	-1.285850	-0.528003	-1.069787	-1.093156	-1.941172	-1.870981	-1.008856	-1.539958	-1.369096	-1.706520	-0.916843	-1.291525	-1.440798	-0.914301	-0.780921	-1.250150	-0.361805	-1.508587	-0.829980	-1.226726	-1.366423	-1.768430	-0.996970	-1.246104	-1.378840	-1.794283	-0.159360	-0.387176	0.179335	-0.484411	-1.138369	-1.206743	-1.180267	-2.207918	-0.876369	-0.773695	0.314754	0.531711	-0.734699	-1.100727	-0.816606	-1.427724	-0.474945	-0.264636	-1.401441	-1.243255	-0.685814	-1.127019	-1.314868	-1.578040	-1.581929	-1.209703	-2.359408	-1.656823	-1.932575	-1.720662	-2.395665	-1.935913	-1.776744	-1.603869	-1.494960	-1.562240	-0.399990	-0.132905	0.018270	0.126691	-0.907307	-1.181211	-0.565527	-1.061927	-0.081823	-1.039809	-0.280681	-0.444122	1.827610	-0.198893	-1.480479	-0.732360
-0.549299	-0.957885	-1.246476	-0.799325	-0.999272	-1.543040	-0.867951	-1.198138	-1.108879	-1.424739	-0.673186	-0.747023	-0.531439	-0.500417	-0.777969	-0.444876	-0.346111	-0.930816	-0.892489	-0.790468	-1.097180	0.077678	-1.148715	-0.433135	-1.120787	-1.796035	-1.233457	-0.279413	-0.772184	-0.669527	-0.690270	-1.620917	-0.599827	-0.716375	-0.809136	-1.055042	-1.536342	-1.272391	-1.416233	-1.222008	-1.252517	-1.574894	-0.935341	-1.124636	-1.283567	-0.879801	-0.100313	-0.606587	-0.110130	-0.364057	-0.740930	-0.566318	-1.135296	-1.668859	-0.725516	-1.356062	-0.528433	-1.262066	-0.240359	-0.270033	0.395750	-0.113891	-0.411775	-0.464184	-1.088883	-1.104181	-0.058696	-1.537392	-0.064148	0.015575	-0.243861	-0.558973	0.198136	-1.007163	-0.714161	-0.627693	-0.588011	-0.923626	-0.614862	-0.590226	-0.882100	-0.494487	-0.625432	-1.173325	-1.180298	-1.223682	-1.069354	-0.718903	-1.370674	-0.799392	-1.027158	-1.267375	-0.651737	-0.558965	-0.398784	0.258391	0.656462	-0.578362	-0.829312	-0.595227	-0.514490	-1.144871	0.236669	0.076776	-0.042724	-0.791080	1.729662	-0.038988	-0.737427	0.150777
-1.284516	-0.702366	0.205124	0.293162	-1.099068	-0.153687	-1.147131	-1.382961	-0.449522	-0.562484	-0.138124	-0.400285	0.447846	0.084279	-0.491937	-0.066673	0.048048	-0.970825	-1.307098	-0.536783	-0.690558	-0.411080	-1.090922	-0.703399	-1.464375	-1.126972	-0.557196	-0.207722	0.139735	0.115055	-1.025569	-0.429750	0.374506	-0.470436	-0.237443	-0.531227	-0.656304	-0.598065	-1.295377	-0.806735	-0.477831	-0.729508	-0.647942	-0.662956	-0.515785	-0.491461	-0.080372	-0.182296	0.949537	1.371492	-0.337109	0.338886	-0.194250	-0.416419	0.103853	-0.743511	0.473395	-0.181479	-0.208737	-0.062733	0.262710	0.122082	0.054770	0.067439	-0.683865	0.359426	0.434006	-1.631871	-0.567605	-0.554732	-0.067849	-0.034376	1.204025	-0.573143	-0.790476	-0.863897	0.189410	-0.347472	-0.570007	-0.055618	0.167864	0.480470	0.453718	-0.413088	0.470834	-0.205199	-0.052149	0.236152	0.152764	0.658739	0.000250	0.019300	-0.027207	0.034064	-0.475643	-0.004591	0.660420	-0.779997	-0.094724	-0.546919	-0.473604	-0.643633	0.444579	0.932678	0.176342	-0.352957	0.426519	-0.004555	0.185050	0.960623
-2.020376	-0.688583	0.510756	0.274988	-1.350165	0.209295	-1.642129	-1.671000	-0.045966	0.030289	-0.192530	-0.834634	0.414900	-0.018148	-0.454504	-0.190341	-0.324608	-0.672055	-1.242766	-0.155407	-0.312327	-1.286852	-0.898427	-0.652746	-1.243111	-0.770577	0.042229	-0.390557	0.012933	0.226389	-1.373020	0.119512	0.366418	-0.669660	-0.070762	-0.360904	0.025610	-0.492085	-1.115035	-0.877636	0.162528	-0.038387	-0.589756	-0.561632	0.166809	-0.162591	-1.369841	-0.926408	2.193767	2.449030	-0.401077	0.323190	-0.105730	0.715241	0.216189	-0.481722	0.356664	0.015286	-0.579812	-0.609317	-0.710620	-0.657445	-0.467729	-0.550768	-0.699082	0.563425	-0.281370	-1.289836	-1.634283	-1.490662	-0.951691	-0.598439	1.285015	-0.580780	-0.764315	-1.432176	0.281637	-0.389575	-0.889913	-0.334664	0.736114	0.580638	0.278590	-0.015227	1.176419	0.112083	-0.074233	0.394117	0.432692	0.848009	0.177082	0.653988	-0.760702	-0.716101	-1.086207	-1.151746	-0.056195	-0.939920	0.470264	-1.170325	-0.987763	0.348911	0.695553	0.766521	-0.382484	0.203202	-1.398471	-0.589290	0.520310	0.900828
-2.524699	-1.308619	-0.378505	-0.716852	-2.038931	-0.949446	-2.313547	-2.185763	-0.490934	-0.395183	-0.792654	-1.656493	-0.700441	-1.045364	-0.703402	-0.763596	-1.299250	-0.696872	-0.899116	0.059359	-0.794654	-1.675038	-1.083882	-0.421212	-0.745708	-1.071303	-0.103470	-0.721620	-1.407123	-0.740734	-1.841729	-0.490729	-0.818790	-1.592574	-0.656859	-0.930908	0.189786	-0.766828	-1.232439	-1.338620	-0.053742	-0.130367	-1.081119	-1.035651	0.160549	-0.242254	-2.695677	-1.934977	2.762161	2.406143	-1.020147	-0.652343	-0.928062	0.995529	-0.667415	-0.754023	-0.734770	-0.808307	-1.276676	-1.647136	-2.005766	-1.970426	-1.352615	-1.681478	-1.291147	-0.760552	-1.656611	-1.125898	-2.770752	-2.582849	-2.136616	-1.788889	0.441295	-1.070676	-0.776769	-2.261565	-0.242808	-1.093166	-1.390263	-1.224074	0.308538	-0.128246	-1.020181	-0.582494	0.725665	-0.546392	-0.952779	-0.044386	-0.492645	-0.267808	-0.302494	-0.047725	-2.003093	-1.809820	-1.969847	-2.296696	-0.743281	-1.249339	0.414795	-1.473736	-1.778774	1.061649	1.156339	-0.056294	-1.461389	0.221544	-2.339485	-1.571324	0.136866	0.243422
-2.533371	-1.970485	-0.971478	-1.354953	-2.619588	-2.171653	-2.635650	-2.440647	-1.237877	-1.330444	-1.235446	-1.868506	-1.541919	-1.882670	-0.946050	-1.112880	-1.770023	-1.047249	-0.648734	0.122278	-1.534236	-1.090324	-1.482353	-0.289560	-0.585477	-1.551725	-0.821099	-1.004840	-2.711263	-1.936051	-2.121926	-1.478804	-1.780351	-2.238585	-1.499180	-1.622615	-0.043151	-0.797676	-1.470633	-1.534344	-0.899715	-0.748458	-1.742023	-1.577431	-0.398866	-0.584289	-2.209293	-1.465133	2.361444	1.784489	-1.367249	-1.352659	-1.207096	0.832808	-1.362847	-0.721623	-1.314928	-1.286844	-1.533902	-1.921765	-2.380516	-2.309042	-1.308183	-1.757779	-1.745811	-2.137084	-2.228248	-1.320182	-2.902072	-2.911276	-2.074751	-1.946120	-0.438163	-1.485792	-0.819102	-2.619964	-0.666149	-1.533724	-1.441605	-1.581304	-0.338715	-0.779741	-1.777893	-1.309035	0.202253	-1.065184	-1.306721	-0.330594	-0.963948	-1.165151	-0.289352	-0.938674	-1.873146	-1.511169	-2.163630	-2.161724	-0.537074	-1.261555	0.144041	-0.564156	-1.948197	0.779207	1.576306	-0.363132	-1.897915	-0.137810	-1.533689	-2.082289	-0.409109	-0.176547
-1.894781	-1.739339	-0.111161	-0.765112	-2.368187	-2.020022	-2.089471	-1.854592	-1.141451	-1.506619	-0.852161	-1.099210	-0.975080	-1.398063	-0.697636	-0.681747	-0.775590	-1.045109	-0.385920	0.330026	-1.175303	-0.035316	-1.335885	-0.260966	-0.796507	-1.537360	-1.180841	-0.932748	-2.467595	-2.185754	-1.691230	-1.739115	-1.076016	-1.483891	-1.596144	-1.427355	-0.321980	-0.372132	-1.362524	-1.007544	-1.291223	-0.993333	-1.729505	-1.417591	-0.719113	-0.620048	0.066167	0.598361	1.414728	1.345243	-0.745578	-0.796142	-0.130046	0.861380	-0.758239	0.122919	-0.437400	-0.404089	-0.835002	-0.826902	-1.235161	-0.971421	-0.011185	-0.321084	-1.220178	-1.965078	-1.405857	-1.530509	-1.754938	-1.939761	-0.405130	-0.368050	-0.512170	-1.150352	-0.688993	-2.059256	-0.362859	-0.914590	-0.623698	-0.648556	-0.126326	-0.603245	-0.806802	-0.976434	0.472025	-0.446374	-0.230331	-0.117905	-0.022540	-0.700321	0.609884	-0.593583	-0.010914	0.348285	-1.037526	-0.506954	0.579021	-0.745608	0.077770	1.069520	-1.201795	-0.312632	1.383732	0.463111	-1.147003	-0.389672	0.434113	-1.741139	-0.656969	-0.112417
-0.786681	-0.479345	1.445026	0.388567	-1.248195	-0.854277	-0.819507	-0.533800	0.050388	-0.426010	0.191889	-0.017899	0.378333	-0.015426	0.099289	0.211889	1.136267	-0.349509	0.234857	0.743635	0.392720	0.641314	-0.266709	-0.027577	-0.694998	-0.877209	-0.533249	-0.296497	-0.798091	-1.275550	-0.548984	-1.057681	0.848683	0.247467	-0.533964	-0.218449	-0.286599	0.079012	-0.730132	-0.054529	-0.476007	-0.350598	-0.685720	-0.415718	-0.272955	-0.064638	1.932392	2.201632	0.563578	1.287624	0.418568	0.473616	1.284686	0.976505	0.632803	1.082038	1.041462	1.039517	0.291971	0.624573	0.506822	0.883577	1.342539	1.196266	0.188946	-0.316120	-0.150947	-1.463268	-0.320792	-0.446849	1.332510	1.483402	0.162320	-0.115592	-0.250323	-1.084437	0.476023	0.356803	0.625695	0.861064	0.860831	0.242413	0.946786	0.302007	1.036247	0.752031	1.412362	0.204160	1.239371	0.493973	1.355527	0.690649	1.694461	1.940324	0.704569	1.345169	1.700028	-0.257703	-0.078738	1.941558	-0.367305	-1.305304	0.450832	1.711071	-0.033832	-0.563778	2.035074	-1.165093	-0.754239	0.003748
0.330787	0.883010	1.874606	0.814798	0.105640	-0.017715	0.422466	0.702911	1.245169	0.936647	1.036193	0.575024	0.916879	0.763528	0.803188	0.647091	2.144962	0.439954	1.025359	0.938020	1.583799	0.667854	1.034859	0.456827	0.135475	-0.012922	0.748671	0.601054	0.965464	-0.065136	0.526510	-0.207141	1.974750	1.228206	0.843725	0.881352	0.217381	0.113665	0.117834	0.588810	0.940667	0.608763	0.660523	0.624596	0.488498	0.587141	1.572924	1.565171	0.077548	1.161802	1.029153	1.071026	1.554353	0.630168	1.256767	1.145031	1.543390	1.415440	0.808909	0.982712	1.240163	1.462584	1.350708	1.174504	1.380738	1.214062	0.390418	-1.096418	0.365857	0.269105	1.417507	1.616825	0.803129	0.787912	0.346119	-0.480220	0.970106	1.040157	1.255496	1.441605	1.428421	0.928609	1.432213	1.063599	0.792069	1.079935	1.847909	0.184081	1.190982	0.973720	0.896848	1.268545	1.392720	1.577693	1.505857	1.781714	1.904248	-0.304079	-0.660274	1.356287	-0.194206	-1.511592	-0.476059	2.127675	0.446034	-0.934990	2.183684	-0.903514	-0.933986	-0.012961
1.076164	1.316584	0.670488	0.315468	1.093941	0.152810	1.048459	1.160982	1.340693	1.259384	1.166210	0.682958	0.270138	0.411287	0.809305	0.239935	1.232509	0.594403	1.331283	0.580442	1.088686	0.416231	1.410288	0.631426	1.084018	0.533815	1.701244	1.018705	1.791464	0.567285	0.739158	0.064539	1.199144	0.612315	1.230376	0.765216	0.932655	-0.094967	0.731692	0.574911	1.507985	0.811793	1.139693	0.767200	0.697477	0.629398	-0.184730	-0.482329	-0.267749	0.441442	0.714763	0.557604	0.600947	-0.217357	0.535095	0.363783	0.750178	0.438810	0.410418	0.155187	0.410189	0.403321	0.062540	-0.111737	1.470837	1.371183	0.371433	-0.360249	0.402163	0.007669	0.072406	0.084400	0.871878	0.979622	0.811800	-0.270714	0.562553	0.562705	0.759056	0.653707	0.857267	1.003427	0.171963	0.482339	-0.300135	0.202475	0.628999	0.071054	-0.015460	0.490036	-0.207085	0.525823	-0.350672	-0.226748	0.720345	0.725942	1.082574	-0.428127	-1.104579	0.266123	-0.127376	-0.925331	-0.596290	1.264414	0.424938	-1.166407	1.073277	-0.442885	-0.818597	0.198808
1.377427	0.734638	-0.594723	-0.024884	1.556405	0.477185	1.143177	0.928331	0.621978	0.473895	1.007546	0.830655	-0.179437	0.061205	0.416572	-0.327052	-0.397711	0.346847	1.004906	0.080775	-0.407646	0.303580	0.549615	-0.007878	1.199103	0.638019	1.773440	0.599604	1.689655	0.563248	0.175920	-0.153737	-0.217941	-0.389607	0.396050	-0.201501	1.321680	0.025983	0.931818	0.270881	0.647701	0.010280	0.458351	0.041684	0.299426	0.169224	-0.964721	-1.523234	-0.756858	-0.788633	0.279783	-0.055409	-0.358535	-0.964617	-0.447833	-0.289327	-0.173606	-0.483990	-0.233737	-0.673111	-0.936527	-0.944992	-1.058714	-0.871294	0.826000	0.503369	0.750554	0.823780	0.507868	-0.224811	-0.829439	-1.033838	0.643524	0.869182	1.043377	0.098465	-0.215282	-0.264999	-0.110846	-0.238220	-0.113959	0.833056	-0.978460	-0.380526	-0.970268	-0.527430	-0.653001	0.507791	-0.608579	0.252270	-0.389941	-0.158879	-1.315418	-1.425902	-0.498726	-0.254730	-0.154386	0.090344	-0.598742	-0.068895	0.792207	0.078173	-0.233422	-0.221807	0.550721	-0.601224	-0.225740	0.839239	0.127445	0.709504
1.336566	-0.047362	-0.301140	0.572313	1.617662	1.279021	1.134685	0.580571	0.331636	-0.226405	1.229694	1.153062	0.655325	0.732814	0.461645	-0.200097	-0.725280	0.535993	0.723219	0.169183	-1.155311	0.434645	-0.561164	-0.988978	0.469561	0.573473	1.263633	-0.025959	1.226137	0.425208	-0.334727	-0.268979	-0.355699	-0.179302	-0.479127	-0.567845	1.145424	0.669456	0.871836	0.208678	-0.496304	-0.804932	-0.412738	-0.568136	0.174627	0.066040	0.073934	-0.630760	-1.276217	-1.758627	0.566222	0.250016	-0.443520	-1.169264	-0.483218	-0.290131	-0.237820	-0.196877	-0.494141	-0.734049	-1.447542	-1.277376	-0.872468	-0.187042	0.514336	-0.168794	1.651294	1.994319	0.816352	0.195716	-0.180947	-0.377295	0.698729	1.187336	1.151832	0.700480	-0.321774	-0.323070	-0.206350	0.085680	-0.238887	0.905550	-0.265516	-0.030584	-0.272511	0.116786	-0.389110	1.452634	0.319267	1.074487	0.742230	0.536033	-0.509187	-0.950269	-0.579824	0.101612	-1.119223	0.941708	0.488816	0.264791	2.078663	0.992067	-0.530224	-1.385655	0.690034	0.515082	-0.796979	2.148202	1.484470	0.858364
1.075201	-0.246296	1.100601	1.491287	1.504211	1.769467	1.217297	0.463000	1.005025	0.051040	1.742287	1.267812	1.908832	1.752735	1.096957	0.540476	0.492308	1.266442	0.989985	0.847633	-0.493372	0.708570	-0.692281	-1.188619	-0.145641	0.641095	0.857686	0.101860	0.856923	0.497535	-0.216192	-0.009872	0.817035	1.027387	-0.257614	0.309406	0.807572	1.348861	0.815348	0.452628	-0.379094	-0.565239	-0.370598	-0.307327	0.850761	0.703626	1.362577	0.722358	-1.407060	-1.758103	1.311825	1.150506	0.002466	-0.988521	0.261614	-0.063421	0.283130	0.756955	-0.448304	-0.404682	-0.907947	-0.689163	0.189140	0.916950	0.918490	-0.046653	2.101156	2.279635	0.877244	0.665631	1.076828	1.028827	1.071374	1.850432	1.186588	0.958628	0.491011	0.413415	0.570742	1.230423	0.657075	1.107647	1.573261	1.287826	1.104581	1.515037	0.926912	1.963861	1.548257	2.085384	1.769701	1.805873	0.790284	0.240307	0.517265	1.230499	-1.387595	1.117026	0.860422	0.269848	2.174486	1.222345	-1.761488	-1.696064	0.290824	1.033659	-0.534077	2.035957	2.007284	0.189426
0.792731	0.211314	1.779321	1.633629	1.462911	1.362087	1.274106	0.490825	1.790005	0.851307	1.797761	0.968151	1.939947	1.754167	1.491027	1.106022	1.486054	1.667631	1.306306	1.305149	0.693173	0.948433	0.289431	-0.247523	0.015979	0.859410	0.842711	0.986515	0.754118	0.744913	0.320925	0.464124	1.603441	1.654340	0.776997	1.425636	0.842873	1.492121	0.901487	0.699940	0.985387	0.550554	0.542714	0.513732	1.679701	1.397294	1.324455	0.977957	-0.933837	-0.907633	1.535056	1.502186	0.123670	-0.698714	0.777908	-0.051532	0.621105	1.088428	-0.325169	-0.150368	-0.087085	-0.035284	0.893182	1.134588	1.390777	0.469194	1.492636	1.504224	0.603912	0.501518	1.455721	1.449344	1.195934	2.019461	1.039454	0.638752	1.377107	1.044902	1.244083	1.703579	1.491917	1.000848	2.312193	1.888576	1.661803	2.017633	1.458353	1.401443	1.454936	1.870802	1.368501	1.852680	1.069817	0.745638	1.441427	1.684559	-0.793157	0.454301	0.125512	-0.235363	0.849046	0.519219	-2.641246	-1.099868	-0.317622	0.476565	0.002643	0.693451	1.208921	-0.654703
0.734399	0.847697	0.930882	0.881788	1.519872	0.587482	1.172569	0.492435	1.548602	1.091899	0.993949	0.526972	0.542472	0.633388	0.939096	1.097973	0.923235	1.138161	0.847864	0.974988	1.361932	0.918415	1.371666	0.868123	0.606218	1.013484	0.814296	1.534055	0.866117	0.971261	0.780048	1.046811	1.008501	1.056378	1.437410	1.506624	1.159173	1.117190	1.055822	0.784830	2.014071	1.339644	1.326904	1.070468	1.706268	1.367774	0.421752	0.440801	-0.124411	-0.026566	0.791982	0.797019	-0.340880	-0.261446	0.668301	-0.047929	0.623631	0.495179	0.068584	0.274469	0.460559	0.370600	0.780612	0.646440	1.241837	0.758134	0.475531	0.615480	0.431819	0.123079	0.869953	0.782355	0.676454	1.239913	0.705056	0.320921	1.469969	1.051606	1.144024	0.976253	1.210111	0.514205	1.153390	0.952463	0.874517	1.080406	0.530996	0.362262	0.155508	0.365552	0.010060	0.506375	0.522160	0.472635	1.347286	1.090932	0.415467	-0.074602	-0.617649	-0.352858	-0.183232	-0.510455	-1.846097	0.007715	-0.184072	-0.218959	0.236790	-0.013310	0.132731	-0.646001
0.932624	1.183574	-0.426733	0.050238	1.364065	0.191985	0.920492	0.457799	0.235878	0.431207	-0.205062	0.237960	-0.916980	-0.421995	-0.176463	0.852064	-0.414107	0.175065	-0.303647	0.171112	1.347197	0.499250	1.597332	1.045866	0.963078	0.941722	0.248575	0.956236	0.976812	0.973243	1.047424	1.705148	-0.120734	0.225235	1.218831	0.650600	1.140481	0.696934	1.065960	0.771053	1.532195	1.031966	1.335467	1.095327	0.913863	0.798385	0.058696	0.256522	0.477143	0.223403	-0.344903	-0.375459	-0.849043	0.350347	0.369569	0.225233	0.594956	-0.226225	0.881574	1.093421	0.873165	0.826548	0.428120	0.488555	0.572332	0.624737	0.020621	0.486005	0.555294	0.368868	0.360521	0.242691	-0.173571	0.047436	0.437417	0.568472	0.830746	0.787464	0.659416	0.019735	-0.089268	-0.033376	-0.481566	-0.478136	-0.400504	-0.249855	-0.661712	-0.111307	-0.881798	-1.128320	-0.884097	-0.657249	0.265875	0.241685	0.771921	0.358917	1.427030	0.206137	-0.414011	0.359587	0.346609	-0.848642	0.206838	0.812089	0.716435	-0.058505	0.115782	0.790586	0.002835	0.259227
1.119811	1.061669	-1.012828	-0.313474	0.765627	0.088020	0.600474	0.449438	-1.086897	-0.432720	-0.993287	0.078082	-1.246296	-0.542197	-0.850909	0.752228	-0.892856	-0.337311	-1.150748	-0.473230	1.045230	-0.057758	0.993425	0.347795	0.932771	0.700509	-0.663803	-0.106437	0.868344	0.662821	1.296136	2.058037	-0.507080	0.184469	0.729207	0.029649	0.481882	0.494202	0.763458	0.653060	0.110793	0.096924	0.930550	1.003199	0.109999	0.433602	0.410798	0.503026	0.445024	-0.117851	-0.956116	-1.083675	-0.758536	0.773828	0.215061	0.479231	0.524747	-0.432240	1.614246	1.739829	1.358368	1.389946	0.389083	0.844072	-0.014157	0.236925	0.191801	0.770957	0.683477	1.126664	0.443419	0.373359	-0.686934	-0.676778	0.459209	1.148331	0.163244	0.715221	0.451924	-0.189412	-1.337514	-0.440641	-0.996146	-0.977207	-1.104129	-0.835977	-0.841814	0.100767	-0.879275	-1.567570	-0.820137	-0.652922	0.492412	0.339199	0.529639	0.179132	1.368646	0.728003	0.217527	1.030699	1.458383	-0.229406	1.746009	0.634505	1.256965	0.578840	0.036525	1.701403	0.630659	1.079324
0.994267	0.597848	-0.777585	-0.426006	-0.007373	-0.241484	0.269044	0.433929	-1.448826	-0.689321	-1.038628	-0.069212	-0.549780	-0.012977	-0.638487	0.686741	-0.233271	-0.201711	-0.987807	-0.733380	0.730160	-0.285852	0.241023	-0.258211	0.681500	0.431063	-1.069031	-0.372988	0.490115	0.244152	1.427965	1.555140	-0.066819	0.662857	0.574513	0.240891	-0.445520	0.304746	0.173603	0.301971	-0.844144	-0.493540	0.732565	1.059335	-0.174941	0.463442	0.451121	0.341838	-0.223850	-0.568825	-0.678741	-0.906863	-0.089364	0.599171	-0.022440	0.232058	0.085712	-0.330417	1.536052	1.472901	1.637756	1.599651	0.505966	0.906803	-0.202765	-0.185905	0.296176	0.538433	0.614619	1.418160	0.607710	0.510128	-0.576154	-0.645937	0.596378	1.417891	-0.074631	0.733993	0.501875	0.141886	-1.629482	-0.764698	-0.426788	-0.406063	-1.000190	-0.637460	-0.183780	0.239242	-0.502016	-1.131446	-0.476233	-0.214077	0.398831	0.288044	0.567486	0.208021	0.185961	0.516148	0.174710	0.602749	1.370497	0.531916	1.675681	-0.316462	0.685124	0.540897	0.233241	1.131129	0.828956	1.051095
0.463553	-0.020270	-0.526351	-0.618137	-0.521162	-0.801022	-0.101428	0.254665	-0.922585	-0.321171	-0.695336	-0.218899	0.248574	0.362113	-0.054431	0.313264	0.340281	0.053672	-0.213659	-0.744982	0.381988	-0.071030	-0.245613	-0.202582	0.189881	0.144164	-0.534972	0.344732	-0.091906	0.050984	1.008155	0.277354	0.296833	0.702802	0.499451	0.607293	-1.109531	-0.147308	-0.490300	-0.247580	-0.808153	-0.420136	0.672908	0.909275	-0.177967	0.373555	-0.278512	-0.432669	-1.000810	-0.736475	-0.009039	-0.198729	0.449097	-0.040709	-0.581340	-0.484764	-0.715631	-0.448691	0.564516	0.382573	1.246295	1.069394	0.345462	0.214793	-0.258859	-0.512784	-0.115028	-0.338843	0.462492	0.724305	0.291218	0.055952	-0.148267	-0.311275	0.400829	1.094075	-0.035185	0.451592	0.297954	0.190036	-1.059191	-0.990058	0.090620	0.247500	-0.539280	-0.303743	0.250370	-0.125135	-0.604813	-0.595189	-0.444365	-0.357084	-0.348468	-0.171079	0.319595	-0.124064	-1.188788	-0.489220	-0.596581	-0.723199	-0.096298	0.571703	0.646031	-1.083772	-0.433768	-0.422296	0.391374	-0.477308	0.104717	0.392859
-0.350441	-0.620315	-0.621034	-0.756691	-0.775348	-1.068669	-0.569706	-0.208010	-0.368057	0.010595	-0.511795	-0.413768	0.396984	0.124007	0.139218	-0.386037	-0.073505	-0.055785	0.203984	-0.606042	-0.106162	0.126388	-0.594676	0.135756	-0.552638	-0.243014	0.236394	0.841070	-0.789605	0.049289	-0.104133	-0.881012	-0.010214	-0.033645	-0.028377	0.237126	-1.327485	-0.757005	-0.962377	-0.687540	-0.454274	-0.147625	0.205437	0.171598	-0.329595	-0.170627	-0.995979	-1.005418	-1.115503	-0.506474	0.201799	0.252448	0.255874	-0.523068	-1.141548	-1.089467	-1.312026	-0.834213	-0.618992	-0.708484	0.197102	0.020519	-0.127000	-0.685049	-0.589674	-0.667713	-0.805090	-1.061951	0.212190	-0.349569	-0.368494	-0.649799	0.125180	-0.242037	-0.300137	0.344152	-0.114738	-0.200947	-0.331828	-0.304946	-0.417399	-0.907976	-0.061945	0.193762	-0.179103	-0.231211	-0.015513	-0.592122	-0.983843	-0.339444	-0.544915	-0.905599	-1.013025	-0.600141	-0.320835	-0.689717	-1.682271	-1.329968	-1.042167	-1.660551	-1.483925	0.004256	0.020161	-0.988688	-1.049168	-1.245367	0.078705	-1.452166	-0.773575	-0.184903
-1.144295	-0.994398	-0.624645	-0.532645	-1.057979	-0.705280	-1.046845	-0.797325	-0.415812	-0.174191	-0.642332	-0.716994	-0.183787	-0.605341	-0.227386	-0.979773	-0.885325	-0.461231	-0.156323	-0.340651	-0.707270	-0.150469	-0.937706	0.138331	-1.087714	-0.652477	0.202202	0.132197	-1.367314	-0.191734	-1.282464	-1.118391	-0.684382	-0.997347	-0.833278	-0.711270	-1.139960	-1.065441	-1.069075	-0.738310	-0.495374	-0.125833	-0.709056	-0.812206	-0.616180	-0.801479	-0.890790	-0.721442	-0.258940	0.036108	-0.357257	-0.042367	-0.387392	-0.387951	-1.079829	-1.007360	-1.124227	-0.981610	-1.266244	-1.149059	-0.873663	-0.884124	-0.554011	-1.024422	-1.148749	-0.582101	-1.236374	-1.033047	-0.368510	-0.842548	-0.876025	-0.941060	0.054180	-0.540310	-1.078604	-0.538913	-0.440905	-0.855972	-0.974099	-0.856927	-0.203673	-0.447258	-0.473141	-0.433909	-0.038176	-0.343422	-0.465637	-0.681234	-0.786945	-0.217741	-0.414132	-1.024091	-0.824138	-0.510480	-0.889317	-0.947601	-1.000270	-1.105075	-0.408959	-1.283272	-1.634799	-0.371680	0.287364	-0.255796	-0.792944	-0.849987	-0.566835	-1.145624	-0.887147	-0.265006
-1.500867	-0.958511	-0.143499	-0.023066	-1.302665	0.056479	-1.247056	-1.087966	-0.866651	-0.639958	-0.783313	-0.963069	-0.962188	-1.305623	-0.699276	-1.020130	-0.977253	-0.735955	-0.799970	-0.086572	-1.179655	-0.693117	-1.024351	-0.230577	-0.810504	-0.801293	-0.660851	-1.187623	-1.410821	-0.806052	-1.615685	-0.579997	-1.070745	-1.491944	-1.172619	-1.243192	-0.572402	-0.729255	-0.818290	-0.473182	-0.788735	-0.272964	-1.341922	-1.246128	-0.707380	-0.973692	-0.242010	0.039319	0.956138	0.653801	-1.083719	-0.733185	-0.587027	0.229243	-0.252581	-0.208121	-0.230939	-0.500551	-1.171934	-0.947004	-1.274522	-1.136626	-0.669209	-0.744496	-1.417425	-0.273167	-1.107865	-0.528923	-1.123139	-0.533139	-1.006000	-0.723216	-0.244761	-0.850935	-1.271706	-1.225933	-0.752717	-1.115322	-1.170032	-0.993877	-0.189359	0.092334	-0.541452	-0.980815	0.004638	-0.444338	-0.448152	-0.490197	0.163485	-0.052201	-0.136173	-0.544255	-0.023760	-0.045483	-1.024535	-0.776358	0.242799	0.060251	0.803733	0.013619	-0.846088	-0.161881	0.825775	0.427766	-0.077885	0.530222	-0.947396	-0.402568	-0.253954	0.099964
-1.210012	-0.580475	0.495240	0.331026	-1.102984	0.650847	-0.973823	-0.810536	-1.063954	-0.800217	-0.615677	-0.821451	-1.219250	-1.404121	-0.801528	-0.551274	-0.277115	-0.615366	-0.985339	-0.022205	-1.217237	-0.861354	-0.634763	-0.508296	0.134825	-0.544471	-1.290606	-1.695596	-0.776586	-1.237019	-0.931174	-0.064864	-0.887509	-1.298624	-0.752627	-0.841416	0.173320	0.032882	-0.409795	-0.217813	-0.767447	-0.288610	-1.095958	-0.854313	-0.488300	-0.669118	0.104855	0.454274	1.500841	1.023035	-1.141557	-0.979712	0.021266	0.820895	0.666466	0.683538	0.614551	0.301321	-0.661797	-0.500620	-0.906241	-0.774832	-0.506667	-0.350886	-1.042395	0.038457	-0.573197	-0.159251	-1.329862	-0.025679	-0.848492	-0.397228	-0.531921	-0.815393	-0.717980	-1.361366	-0.714937	-0.911041	-0.901029	-0.760064	0.020927	0.330698	-0.245621	-1.003698	0.087125	-0.427536	0.022318	-0.345482	1.016691	0.108418	0.011191	-0.045339	0.515378	0.278199	-0.825452	-0.545340	1.090509	1.113850	1.452932	0.992543	-0.135984	0.235469	0.922892	0.647787	0.485757	1.571718	-0.792712	-0.099391	0.392145	0.592688
-0.592230	-0.204418	0.657306	0.254132	-0.453638	0.659329	-0.430318	-0.231543	-0.681915	-0.442210	-0.189983	-0.270231	-0.670723	-0.757526	-0.480197	-0.079198	0.249325	-0.264326	-0.541155	-0.115860	-0.771807	-0.443136	-0.119590	-0.389363	0.736637	-0.131861	-0.893479	-0.939175	0.009724	-0.895633	-0.075094	-0.052002	-0.367829	-0.683568	-0.110054	-0.087520	0.587629	0.536848	-0.107627	-0.128345	-0.369369	-0.115915	-0.318967	-0.193948	-0.194527	-0.307671	-0.056240	0.312248	1.007970	0.942784	-0.461418	-0.462623	0.706146	0.981497	0.808267	0.865328	0.694682	0.659971	-0.190650	-0.145619	-0.297038	-0.249715	-0.201908	-0.146808	-0.344486	0.055111	-0.082556	-0.105791	-0.616188	0.103625	-0.501402	-0.194195	-0.544482	-0.432152	-0.019303	-0.844419	-0.301398	-0.472422	-0.457576	-0.442602	0.322139	0.238969	0.021561	-0.579502	0.212168	-0.277225	0.413528	-0.230318	0.950999	0.141133	0.053552	0.069106	0.417521	0.271403	-0.540873	-0.469389	0.945452	1.108239	1.064841	0.874046	0.016012	0.299289	0.572346	0.429760	0.512360	1.324368	-0.431221	-0.158030	0.506222	0.780625
-0.259078	-0.078215	0.229609	-0.062406	0.018553	0.153973	-0.075526	0.105988	-0.023318	0.087585	0.143646	0.226206	0.167649	0.079400	-0.034559	0.011949	-0.002619	-0.057216	0.065577	-0.152195	-0.198991	0.086754	-0.065155	-0.004170	0.243191	0.077851	0.111804	0.133739	0.235382	0.007256	0.035709	-0.300756	0.037653	-0.114542	0.117769	0.160890	0.349438	0.315118	-0.001800	-0.004714	-0.076578	0.127012	0.115535	0.098734	-0.064900	-0.139671	-0.194802	0.060873	0.140822	0.507691	0.183492	0.161891	0.552185	0.633892	0.072062	0.148103	0.033584	0.192711	0.001982	0.019210	-0.029915	0.020071	0.125789	-0.020688	0.015970	-0.253497	0.031467	-0.179590	0.252562	-0.097662	-0.036830	-0.023949	-0.149636	-0.013610	0.072410	-0.063645	0.151809	-0.075010	-0.054890	-0.161492	0.260444	0.086079	0.015102	-0.130911	0.247297	-0.123096	0.363068	0.033819	0.172796	-0.015213	0.162787	-0.093248	0.080417	0.154472	-0.252493	-0.362561	-0.022858	0.137984	0.259416	0.092048	-0.095892	0.019123	0.263944	-0.030887	0.022577	0.191307	-0.231096	-0.174510	0.124326	0.340655
-0.438863	-0.056459	-0.260114	-0.218887	-0.147836	-0.327373	-0.128113	0.031897	0.406482	0.365502	0.113360	0.214924	0.420353	0.299182	0.187496	-0.131012	-0.545005	-0.141631	0.334548	-0.046060	0.049758	0.245544	-0.416440	0.369101	-0.817572	0.088393	0.726524	0.497398	-0.083969	0.682635	-0.524514	-0.349145	0.012468	0.039900	-0.071407	-0.140434	-0.146814	-0.312003	0.094833	0.380493	-0.094809	0.440845	-0.107873	0.039621	-0.073488	-0.019194	-0.014369	0.012205	-0.213471	0.046035	0.116933	0.050048	-0.235859	0.032277	-0.697595	-0.744069	-0.655158	-0.635787	-0.012436	0.058966	-0.190806	-0.030034	0.287741	0.110522	-0.153658	-0.550309	-0.115129	-0.317444	0.140538	-0.263345	0.323123	0.119177	0.381292	0.132114	-0.499981	0.375502	0.300426	0.133729	0.261870	0.102412	-0.278248	0.007758	-0.171807	-0.024370	0.123283	-0.176146	0.026906	0.284756	-0.415000	-0.348066	0.228994	-0.354386	-0.067035	0.066798	0.036595	-0.091240	-1.008789	-0.777695	-0.099173	-0.286268	-0.122749	-0.280850	0.296326	-0.507028	-0.526385	-0.645441	-0.230468	-0.291299	-0.419006	-0.597254
-0.731541	0.145284	-0.267988	-0.040988	-0.554730	-0.234750	-0.326639	-0.090420	0.455982	0.340841	-0.187287	-0.172054	-0.175027	-0.276858	0.056670	-0.123973	-0.594003	-0.302033	0.213566	0.017076	-0.097467	0.096445	-0.416288	0.565357	-1.156078	0.229533	0.552065	0.166732	-0.209859	0.699180	-0.840908	-0.090170	-0.379149	-0.219096	-0.222787	-0.273034	-0.154840	-0.518519	0.417727	0.872411	-0.012106	0.852661	-0.439546	0.091995	-0.049889	0.253470	0.103039	0.000835	0.115113	-0.119015	-0.480802	-0.729375	-0.485847	-0.347541	-0.593108	-0.851127	-0.677978	-0.955715	0.023411	0.080670	-0.383402	-0.154849	0.130782	0.102979	-0.356568	-0.493592	-0.098401	-0.572997	-0.904069	-0.256804	0.314010	0.058165	0.458259	-0.013903	-1.030712	0.211045	0.183486	0.178630	0.459855	0.301700	-0.803911	-0.112976	-0.302876	-0.237651	0.019761	-0.398049	-0.195984	0.161933	-0.325769	-0.696095	0.027074	-0.638562	-0.076396	-0.082381	0.245724	0.123542	-1.199442	-0.705994	0.176773	0.164537	-0.137855	-0.391206	0.466373	-0.670482	-0.534025	-0.496395	-0.425396	-0.850574	-0.813402	-1.428133
-0.633866	0.482826	0.213957	0.282516	-0.417424	0.452208	-0.238516	0.087899	0.362081	0.220331	-0.364521	-0.316310	-0.900812	-0.924735	-0.215215	0.108468	-0.089827	-0.293377	-0.033614	-0.187527	-0.290744	-0.073274	0.354730	0.474228	-0.230601	0.655120	0.002625	-0.208414	0.274408	0.327444	-0.292437	0.251357	-0.718539	-0.505988	-0.063101	0.211979	0.505522	0.114924	0.904705	1.027002	0.482109	1.097463	-0.244522	0.475986	0.059033	0.578106	-0.224829	-0.156488	0.589645	0.073429	-0.855350	-1.204288	0.338248	-0.176137	0.381728	0.019250	0.030872	-0.359138	0.286659	0.148915	-0.231889	-0.101105	-0.187879	-0.073696	-0.102761	-0.124534	0.290707	-0.707359	-1.500885	-0.175388	-0.034509	-0.188610	-0.138643	-0.162713	-0.854649	-0.236329	0.151662	0.200587	0.440905	0.336557	-0.722787	-0.297109	-0.230725	-0.414599	0.188137	-0.404845	-0.159684	-0.299806	0.047603	-0.753835	-0.295395	-0.749513	-0.156656	-0.270796	0.273349	0.019426	-0.425710	0.389221	0.674114	0.741043	-0.281865	-0.243628	0.418685	-0.216500	0.228963	0.384345	-0.885588	-1.442343	-0.802642	-1.522139
-0.107286	0.585581	0.677834	0.412285	0.394665	1.150292	0.247601	0.422643	0.300015	0.081524	-0.120441	0.166195	-0.849285	-0.798789	-0.244476	0.302856	0.379196	-0.172189	-0.235785	-0.617828	-0.216215	-0.257824	1.236073	0.007494	1.106187	1.066962	-0.393778	-0.311719	0.839967	0.020874	0.748356	0.499587	-0.617851	-0.435679	0.275578	0.853128	1.163632	1.093400	1.148916	0.599855	0.923625	0.728473	0.431861	0.918003	0.135031	0.614573	-0.727291	-0.312965	0.647230	0.315030	-0.539338	-0.645594	1.237103	0.297116	1.294705	1.074866	0.880162	0.673845	0.639669	0.234340	0.211437	0.145247	-0.287749	-0.152454	0.376156	0.208783	0.734363	-0.279364	-0.632819	-0.022649	-0.367794	-0.305000	-0.778275	-0.014910	-0.044247	-0.372321	0.358604	0.291507	0.137651	0.188818	-0.024392	-0.296785	-0.001515	-0.284450	0.550043	0.046802	-0.113383	-0.608560	0.061460	-0.353248	-0.331457	-0.480148	-0.257371	-0.270682	0.090134	-0.332794	0.696024	1.678192	0.979984	0.492915	-0.306509	0.248929	0.185999	0.680255	1.312454	1.310119	-1.334118	-1.017526	-0.168882	-0.699272
0.499886	0.225469	0.569014	0.189612	1.108588	1.194444	0.768024	0.490060	0.085354	-0.163492	0.364365	0.855757	0.057484	0.119582	0.109360	0.298637	0.380561	-0.110433	-0.398154	-0.895464	0.052999	-0.553332	1.142387	-0.699108	1.568490	1.006059	-0.507636	-0.280211	0.669474	-0.062876	1.374810	0.682309	-0.100078	-0.012129	0.529847	0.851879	1.000141	1.498695	0.744101	-0.191056	0.571408	-0.298028	1.004429	0.996420	0.094666	0.179781	-0.809982	-0.272423	0.119509	0.175837	0.195638	0.553402	0.879903	0.416586	1.189422	1.315169	1.072644	1.168003	0.682956	0.208190	0.582570	0.379655	-0.025531	0.076633	0.368418	0.258989	0.681802	0.689670	0.997230	0.313601	-0.380861	-0.112446	-0.580001	0.372182	0.784492	0.112129	0.505421	0.366285	-0.342061	-0.041795	0.614048	0.047622	0.215504	0.070503	0.690245	0.644695	-0.301292	-0.399264	-0.346931	0.318744	-0.008932	0.051785	-0.202629	-0.004205	-0.248460	-0.600636	1.216273	2.018679	0.842269	-0.613467	0.121490	1.046102	0.161003	1.157933	1.741840	1.639502	-1.150913	0.749915	1.056343	0.617834
0.879727	-0.382212	-0.164221	-0.171716	0.907765	0.465391	0.820140	0.141384	-0.528042	-0.426795	0.530949	0.848691	1.026522	1.020263	0.551746	0.237817	0.031853	0.024962	-0.444761	-0.543307	0.205323	-0.708251	-0.140287	-1.178468	0.836328	0.364165	-0.480214	-0.170615	-0.327451	0.024286	1.073813	0.842085	0.472626	0.441554	0.589107	0.141286	-0.081136	0.933751	-0.279563	-0.867491	-0.505004	-1.309682	1.038840	0.573704	0.084512	-0.421708	-0.317504	-0.120825	-0.776340	-0.382834	0.669850	1.320984	-0.600452	-0.054022	-0.002149	0.459931	0.259985	0.541014	0.142368	-0.062108	0.628562	0.390002	0.330562	0.413184	-0.375913	0.125029	-0.042462	1.493729	1.794172	0.776540	-0.121606	0.143607	0.487666	0.590173	1.178263	0.912574	0.267394	0.277434	-0.690652	-0.193021	0.511561	0.491602	0.334040	0.415621	0.386018	0.879734	-0.508411	0.202357	-0.602950	0.942604	0.317387	0.536460	-0.023330	0.287009	-0.576773	-0.517240	0.591038	0.699609	0.065617	-1.627074	0.763996	1.746405	0.438998	0.370822	0.697704	0.928921	-0.235805	2.613930	2.329571	1.615919
0.928985	-0.791377	-0.906705	-0.235674	-0.094416	-0.460038	0.287807	-0.313042	-1.316107	-0.346251	0.054642	-0.179037	1.268731	1.154507	0.707271	0.258959	-0.310339	0.557504	-0.161397	0.549613	0.032487	-0.332192	-1.591458	-0.933846	-0.169686	-0.424732	-0.405700	0.166028	-1.403664	0.247204	0.114870	0.850421	0.769867	0.642725	0.507415	-0.452219	-1.298654	-0.097358	-1.327957	-1.036968	-1.275889	-1.432663	0.615944	-0.096981	0.337687	-0.585579	0.287230	-0.086629	-1.520926	-0.847895	0.504056	1.121537	-1.692712	-0.509923	-1.341936	-0.808634	-1.007474	-0.765980	-0.770832	-0.538816	0.385175	0.118268	0.443799	0.424395	-1.196577	0.104506	-0.953835	1.497360	1.198940	1.047750	0.096190	0.106468	1.453946	0.368202	1.145133	1.342391	-0.194939	0.036916	-0.633690	-0.169357	-0.186059	0.662105	0.430600	0.647762	-0.057351	0.679274	-0.250396	0.836666	-0.195545	1.384689	0.405020	0.860812	0.045030	0.313859	-0.664125	-0.121322	-0.775500	-1.744186	-1.166539	-1.637500	0.925367	1.791178	0.490626	-1.367138	-1.520597	-0.695530	0.525459	2.818489	2.753646	1.696237
0.682829	-0.763304	-0.907970	0.201792	-0.889192	-0.791301	-0.376659	-0.450260	-1.615262	0.254359	-0.688795	-1.364949	0.731549	0.571172	0.602208	0.227809	-0.460086	1.365674	0.443085	1.795181	-0.411643	0.446911	-1.975626	0.054999	-0.389778	-0.756760	-0.258521	0.704035	-1.780454	0.521544	-0.807240	0.505684	0.679610	0.531236	0.326618	-0.257861	-1.691798	-0.735797	-1.650475	-0.618372	-0.900384	-0.502198	0.091468	-0.617420	0.783070	-0.081718	0.453297	-0.230387	-1.580627	-0.771401	0.007906	0.482183	-1.401411	-0.252905	-1.683141	-1.443935	-1.623972	-1.583934	-1.469433	-0.960673	-0.028049	-0.338966	0.237250	-0.062650	-1.172754	0.317258	-1.249162	0.949559	0.195763	0.819695	0.012320	-0.239875	1.395016	-0.001686	0.851240	0.998339	-0.437380	-0.206718	-0.267956	-0.094614	-0.536769	0.519782	0.539910	0.744076	-0.215768	0.375519	0.500105	1.246991	0.688157	1.588538	0.378354	1.033969	-0.161263	-0.001064	-0.439426	0.234680	-1.752722	-3.450466	-1.974077	-0.698783	0.355073	1.029715	-0.173206	-2.524885	-3.251606	-2.176554	0.210420	1.063783	1.788248	1.101017
0.346401	-0.472466	-0.086651	0.815688	-0.653178	-0.267273	-0.584969	-0.180531	-1.046800	0.952611	-0.927584	-1.482800	0.037338	-0.026438	0.626335	-0.019391	-0.422994	1.735431	0.919330	2.261227	-0.806778	0.983715	-1.124405	1.157277	0.160791	-0.483295	-0.008739	1.144848	-1.369900	0.590376	-1.163067	-0.183686	0.281991	0.236602	-0.029007	0.331980	-1.028399	-0.597070	-1.031646	0.081350	0.214033	0.664890	-0.303550	-0.784935	0.997092	0.580300	0.140068	-0.387803	-1.041138	-0.483934	-0.153123	0.245651	-0.381627	0.465336	-0.757534	-1.004965	-1.039512	-1.116843	-1.531661	-1.065739	-0.575802	-0.802324	-0.128123	-0.699700	-0.118262	0.480822	-0.483532	0.698172	-0.115685	0.117852	-0.304636	-0.540353	0.400419	0.094920	0.375971	0.222319	-0.334431	-0.394403	-0.009769	-0.211733	0.134817	0.323741	0.515788	0.636120	-0.115682	0.172967	1.084513	1.284883	1.277479	1.317162	0.364194	0.893261	-0.512756	-0.507019	-0.092555	0.211448	-1.549899	-2.751371	-1.443111	0.276416	-0.348476	0.004151	-1.186791	-1.944797	-2.852466	-2.182816	-0.883762	-0.993869	-0.080249	0.692598
0.271113	-0.294373	0.859386	1.083055	0.314898	0.531504	-0.225813	0.180946	-0.029964	1.094312	-0.277799	-0.384479	-0.112066	-0.014211	1.022645	-0.262045	-0.176218	1.185396	0.836894	1.633520	-0.697716	0.953702	-0.054672	1.559725	0.501053	-0.066727	0.327761	1.303875	-0.656430	0.240705	-0.883851	-0.866649	-0.105886	0.049471	-0.569848	0.404336	0.008317	0.010608	-0.031582	0.559416	0.855260	1.084478	-0.535081	-0.682602	0.762650	0.739798	-0.097079	-0.290827	-0.766272	-0.768427	0.321720	0.564413	0.121268	0.621778	0.508325	-0.133940	0.069269	0.243086	-1.098431	-0.862788	-1.142471	-1.056279	-0.356528	-0.841030	1.216310	0.176660	0.987871	1.109579	0.171560	-0.651807	-0.419452	-0.384538	-0.595085	0.887822	-0.097244	-0.211450	-0.113675	-0.557508	-0.024758	-0.464887	1.342539	0.243417	0.320548	0.391465	-0.065173	0.042806	0.970210	0.894190	1.004217	0.414350	0.283192	0.345919	-0.590684	-0.829950	0.230974	-0.031564	-0.582169	-0.129280	0.215073	0.471706	-0.489480	-0.473197	-1.621117	-0.317974	-0.596019	-0.539708	-1.448614	-1.461861	-1.519444	0.840791
0.584039	-0.370389	1.284265	0.957793	0.956819	0.750280	0.281762	0.282641	0.687051	0.599921	0.884850	0.804760	0.495194	0.603065	1.568260	-0.013117	0.386633	0.235168	0.426396	0.687965	0.093245	0.814091	0.227633	1.030826	0.017784	0.025542	0.752601	1.317235	-0.021101	-0.323254	-0.258643	-1.072159	0.024721	0.290809	-0.959980	-0.149071	0.614213	0.591679	0.618821	0.599500	0.493617	0.679678	-0.559025	-0.446491	0.503298	0.475172	0.350438	0.294416	-1.357006	-1.672742	1.071673	0.918754	-0.090356	-0.218005	0.966620	0.117354	0.619816	1.359652	-0.657609	-0.560021	-1.362231	-0.907631	-0.087764	-0.108692	1.882310	-0.556676	2.177222	1.605083	0.242676	-0.961082	0.115382	0.376260	-0.745774	1.872240	-0.184389	0.068916	0.175063	-0.551390	0.105928	-0.350131	1.930194	0.263469	0.329500	0.378872	-0.008319	0.113787	0.578899	0.301719	0.191769	-0.638301	0.189835	-0.172421	0.007442	-0.468694	0.701728	0.147742	0.081387	2.028645	1.681773	0.001584	-0.142358	-0.131655	-1.100572	0.578070	1.421160	1.394319	-0.687526	-0.203273	-1.445543	0.841543
0.847565	-0.419650	1.313633	0.960607	0.723882	0.226616	0.535698	0.131011	0.903279	0.096751	1.803459	1.064410	1.384298	1.244279	1.801325	0.808864	1.234818	-0.097508	0.398847	0.451071	1.060637	1.088457	-0.155224	0.149106	-0.688804	-0.063545	1.270925	1.308511	0.555792	-0.546576	0.318759	-0.631112	0.865086	0.917014	-0.694251	-0.427370	0.709119	0.945632	0.775466	0.526755	-0.091686	0.307418	-0.274687	-0.075869	0.770297	0.498273	1.382836	1.306849	-2.044284	-2.101366	1.520391	0.965832	-0.149172	-1.144765	0.556924	-0.432044	0.524586	1.578756	-0.467821	-0.245805	-0.909687	-0.330982	0.771628	1.128252	1.540031	-1.058667	2.177779	1.381460	-0.122052	-0.535015	1.156123	1.428562	0.012501	2.229964	0.245869	0.610936	0.740350	-0.077951	0.789781	0.473478	1.436549	0.416433	0.934666	0.881678	0.471438	0.665734	0.787332	-0.022728	-0.195172	-0.910196	0.393310	-0.040713	1.147250	0.700695	1.441298	1.052123	0.143939	2.123975	1.978139	-0.248126	0.052595	0.419975	-0.221863	0.157097	1.693920	2.181386	0.712556	1.193954	-0.077743	-0.128162
0.419917	-0.106379	1.438734	1.382787	0.137195	-0.309595	0.532710	0.029320	1.026514	0.084361	1.931904	0.587172	1.715423	1.255030	1.450552	1.497203	1.991567	0.400888	0.986018	0.921960	1.292216	1.442136	-0.264884	-0.379256	-0.631796	0.138478	1.704352	1.051657	1.085657	-0.138649	0.523616	0.096110	1.739211	1.288951	0.204787	0.144150	0.750601	1.051531	0.796772	0.728489	0.066407	0.583967	0.208832	0.396353	1.312923	1.052162	2.001022	2.108028	-1.389838	-1.065264	1.454560	0.895192	0.512312	-0.921125	0.313686	-0.787071	0.687712	1.232002	-0.334940	0.138023	-0.032184	0.376851	1.614073	1.869345	0.576959	-0.742366	0.940323	0.341454	-0.349801	0.400385	1.781465	2.010601	0.990145	1.574172	0.681967	0.652703	1.414374	0.785465	1.565242	1.457325	0.577270	0.786254	1.752107	1.511039	1.327402	1.493908	1.574752	0.094991	0.301576	-0.124781	0.885590	0.598763	1.933527	1.889604	1.935917	1.926030	0.368958	1.139056	1.461826	0.310211	-0.215314	0.346606	0.296398	-0.263042	1.029062	1.803351	1.293628	1.292681	1.160163	-1.690017
-0.699117	0.410573	1.562758	1.648265	-0.060471	-0.185495	0.432365	0.131482	1.250153	0.233266	1.188323	0.220836	1.010852	0.462737	0.591857	1.132214	2.078581	0.772020	1.495226	1.044049	0.385549	0.956440	0.332537	-0.548060	0.153190	0.615467	1.610628	0.221907	1.236746	0.489365	0.209504	0.472406	1.515647	0.701441	0.870870	0.806478	0.840080	0.739590	0.801292	0.960256	0.712899	0.953706	0.431720	0.659613	1.141804	1.380476	1.160134	1.738371	0.673542	0.843562	1.053083	0.866877	1.399168	0.403275	0.913509	-0.071982	1.468879	0.873441	-0.005824	0.449421	0.461832	0.675373	1.394781	1.294952	-0.376373	0.100261	-0.572380	-0.857512	-0.129254	1.191872	1.055784	1.383061	1.322553	0.295800	0.446309	-0.005985	1.406878	1.301549	1.356664	1.496381	0.201512	1.178167	1.687778	1.397686	1.681874	1.699419	1.773972	0.204831	0.889474	0.755112	1.010904	0.763814	1.332122	1.795561	1.310147	1.532790	1.170875	1.031251	1.049167	1.151755	-0.593835	-0.397085	0.526007	0.549021	1.177412	1.272426	0.374623	0.220297	0.969918	-2.448027
-1.642662	0.528564	0.973880	0.917948	0.078970	0.308603	0.202862	0.221700	1.115626	-0.160466	-0.089792	0.258002	-0.297118	-0.612343	-0.489071	-0.389595	1.204620	0.098492	1.127526	0.079655	-1.050546	-0.643652	0.964276	-0.934120	0.615337	0.758367	0.659739	-1.027121	0.741496	0.635822	-0.471766	0.174537	-0.078538	-0.690545	0.399048	0.375202	0.507467	-0.137084	0.448093	0.535307	0.632114	0.333791	-0.023603	0.338820	-0.219646	0.699420	-0.992722	-0.115053	2.287467	1.822523	0.520511	0.603168	1.649822	1.381221	1.624358	1.150476	1.857286	0.451732	0.381266	0.283207	0.010105	0.206668	-0.253869	-0.391735	-0.949386	0.528197	-1.186743	-1.513545	0.019022	1.206387	-0.847999	-0.392142	0.675756	-0.780625	-0.423140	-0.784668	0.177065	0.752684	-0.170767	0.235562	0.148812	1.058162	0.201174	0.235145	0.760086	0.624915	0.544412	-0.172358	0.383066	0.584223	0.235183	-0.113139	-0.702663	-0.031758	-0.528344	-0.336572	1.604390	1.938895	0.889857	1.151461	-0.614824	-0.948301	1.028388	1.813301	2.233741	1.070017	-1.245630	-0.855273	-0.503828	-1.565774
-1.549439	-0.034384	-0.572821	-0.700807	-0.051123	0.333100	-0.248170	0.049019	0.210073	-1.120862	-1.269415	0.311191	-1.188489	-1.152484	-1.442225	-2.072249	-0.233769	-1.207625	0.045198	-1.385919	-1.987247	-2.417832	0.754531	-1.741542	0.162182	0.225356	-0.780533	-1.964191	-0.043304	0.153760	-1.051711	-0.460157	-1.831751	-1.765980	-0.989711	-1.035861	-0.434328	-1.196599	-0.381333	-0.632776	-0.678817	-1.338722	-0.955740	-0.456385	-1.887227	-0.591548	-2.919363	-2.396800	1.799508	0.878170	-0.081401	-0.125567	1.088442	0.844422	1.178273	1.435844	0.770982	-0.376817	0.441360	-0.470611	-0.961659	-0.753168	-2.286966	-2.009653	-1.139601	0.090976	-0.655777	-1.445391	-0.421839	0.412704	-2.524357	-2.193811	-0.440396	-1.119764	-1.098751	-0.962483	-1.607984	-0.554765	-1.892969	-1.266796	-0.420444	0.096928	-1.753400	-1.129144	-0.982177	-1.127766	-1.349442	-0.745352	-1.160102	-0.470521	-0.942198	-1.251318	-2.836471	-2.356675	-2.340648	-2.281639	0.535796	2.121529	0.400417	-0.040928	-0.272943	-0.604593	1.802268	1.736068	2.466599	0.661034	-2.111764	-1.175604	-1.794574	0.224106
-0.524782	-0.704329	-2.187065	-2.046218	-0.563909	-0.320465	-0.700432	-0.242511	-0.959845	-1.775706	-1.687494	0.161729	-1.101528	-0.833539	-1.912439	-2.679778	-1.309979	-1.800261	-0.751815	-2.117995	-1.925105	-3.059607	-0.153055	-2.305023	-0.475436	-0.475378	-1.657191	-1.924286	-0.379554	-0.373478	-0.989127	-0.784138	-2.199681	-1.563709	-1.954892	-1.895346	-1.263268	-1.608593	-1.070859	-1.569917	-2.146807	-2.682197	-1.556145	-1.017463	-2.440147	-1.249732	-3.042932	-3.350532	-0.059326	-0.968794	-0.698093	-0.959629	0.358075	-0.650716	-0.470284	0.336070	-1.226724	-1.376187	0.116255	-1.186243	-1.365671	-1.380048	-3.048519	-2.414758	-1.055941	-0.565311	0.105384	-0.951566	-1.008118	-0.467214	-2.612760	-2.687902	-1.123761	-0.907594	-0.864658	-0.400302	-2.490248	-1.367143	-2.283107	-1.581986	-1.680171	-1.272948	-2.591645	-1.543374	-2.192698	-2.162631	-2.316987	-0.779989	-2.256060	-1.145226	-1.462471	-1.426132	-3.407438	-3.237653	-2.614077	-2.617013	-1.461670	0.602733	-0.578450	-1.427598	0.064056	0.202093	2.062302	0.107662	0.836771	-0.406420	-1.531953	-0.918890	-1.663924	1.385419
0.521493	-0.575188	-2.660209	-2.196723	-0.833953	-0.970081	-0.691608	-0.216563	-1.278585	-1.320087	-1.112564	0.092126	-0.557390	-0.216948	-1.681238	-1.822004	-1.287322	-1.062085	-0.595997	-1.644340	-1.086424	-2.159642	-0.637348	-1.791165	-0.241824	-0.583715	-1.158793	-1.003536	0.023754	-0.412924	-0.090536	-0.536469	-1.016964	-0.374796	-1.410870	-1.072053	-1.045774	-0.966446	-0.844858	-1.224574	-2.243600	-2.284229	-1.147939	-0.694452	-1.496528	-0.733779	-1.320283	-2.188779	-0.988899	-1.804727	-1.209597	-1.347823	0.175644	-1.421520	-1.868316	-0.913069	-2.325052	-1.766185	-0.125306	-1.004452	-0.603417	-1.021722	-1.918406	-1.481204	-0.671001	-0.476187	0.101250	-0.482885	-0.819245	-0.607503	-1.142326	-1.576525	-0.997961	-0.741205	0.108072	0.389580	-1.722441	-0.810852	-1.054069	-0.521109	-2.664540	-2.098197	-1.899744	-0.912959	-2.135509	-1.874629	-1.826689	-0.255576	-1.783520	-0.835765	-1.112580	-0.631747	-1.973190	-1.952354	-1.153035	-1.170519	-2.333360	-1.337659	-1.363039	-1.681144	0.142161	0.346709	1.304712	-1.205044	-1.341769	-1.591030	-0.105199	-0.562800	-0.427532	1.157103
0.904455	0.527632	-1.802856	-1.495602	-0.413650	-1.026301	-0.079704	0.309789	-0.313633	0.039691	-0.047703	0.273210	-0.533682	-0.161780	-0.911192	-0.204584	-0.328065	0.104188	0.116784	-0.627727	0.101290	-0.513384	0.128957	-0.238226	0.759469	-0.051069	0.326522	0.017261	0.702001	-0.162558	1.225422	-0.032815	0.367738	0.607276	0.291177	0.732103	0.152865	0.115537	0.239330	0.231658	-0.681185	-0.294273	0.118868	0.372683	-0.082638	0.147610	0.739568	0.057984	0.039549	-0.829871	-1.543976	-1.320941	0.621846	-0.601928	-1.753892	-0.914924	-1.627096	-1.237002	0.197666	0.177967	0.781803	0.144078	0.074447	-0.066590	0.061965	0.436586	-0.550448	-0.406486	0.184898	0.020997	0.586772	0.127156	-0.609352	-0.912471	0.954239	0.758040	-0.058960	0.579222	0.617247	0.694415	-2.393163	-1.840370	-0.855270	-0.291559	-1.413873	-1.087779	-0.896085	-0.067578	-0.438281	-0.395256	-0.824240	-0.122148	0.303618	0.318556	0.722905	0.607559	-0.929206	-1.863012	-1.362545	-0.575352	0.030657	-0.576932	0.211933	-0.618380	-1.950533	-1.977092	1.081171	-0.315112	0.453349	0.146928
0.759280	1.759200	-0.617375	-0.990974	0.284112	-0.701527	0.651896	0.982311	1.016609	1.269843	0.589443	0.350294	-1.278129	-0.825737	-0.165079	1.030615	0.524602	0.373152	0.453749	0.017376	1.307609	0.702497	1.690044	1.372184	1.363996	0.471887	1.428547	0.449203	1.049424	-0.146910	2.137218	0.352371	0.689073	0.650769	1.736718	1.764495	1.209875	0.594609	1.248384	1.494602	1.329552	1.722257	1.378031	1.342193	0.589713	0.337035	1.627553	1.559132	1.629606	1.056869	-1.715745	-1.399841	1.081441	0.893177	-0.555134	0.152614	-0.213354	-0.461694	0.979067	1.496844	1.705355	1.268679	1.353319	0.869751	0.863255	1.249294	-0.812271	-0.792126	0.904364	0.593775	1.373362	1.122365	-0.683753	-1.128253	0.956182	0.482908	1.086318	1.427631	1.446353	0.899534	-1.152467	-0.958911	-0.701868	-0.537947	-1.030370	-0.882375	-0.652360	-0.785112	0.158051	-0.814850	-1.316330	-0.657450	1.802096	1.786797	1.613577	1.305275	1.504998	-0.952550	-0.912465	0.844183	-0.094710	-1.662683	-0.014098	1.169390	-0.717548	-1.471051	1.540455	-0.230605	0.055469	-0.566166
0.644310	2.145993	-0.151326	-1.109833	0.561683	-0.456762	0.868860	1.269940	1.335772	1.513705	0.296147	-0.022636	-2.014778	-1.472410	0.034329	1.200498	0.267153	-0.440240	-0.017336	-0.025639	2.117489	0.955426	2.712813	2.090399	0.900332	0.546770	1.160506	0.309693	1.035510	-0.311677	2.071756	0.625417	0.047714	0.129709	1.899075	1.176017	1.227496	0.156540	1.424083	1.568312	2.356161	2.415312	1.840132	1.517814	0.342719	-0.187337	1.170878	1.434661	1.820745	2.330431	-1.697749	-1.745250	0.795754	1.434487	0.233229	0.877115	0.281949	-0.298887	1.619105	2.011235	1.646878	1.655657	1.280648	0.995243	1.143870	1.111490	-0.105799	-1.202748	0.447655	0.394833	1.116733	0.972387	-1.060123	-0.953894	0.173738	-0.042904	1.038393	1.004271	1.229718	0.211622	-0.242479	-0.392445	-1.299682	-1.287886	-1.162846	-1.241981	-1.017367	-1.729925	-0.521053	-1.741690	-1.994825	-1.429226	1.822931	1.729538	1.346183	0.899711	2.692664	-0.215698	-0.773703	1.447315	-0.164222	-1.755676	0.813465	2.107622	0.575427	-0.875544	1.546714	-0.365606	-1.005334	-0.608790
0.847469	1.608533	-0.458815	-1.262508	0.413732	-0.201369	0.531156	1.041738	0.310514	0.818480	-0.479170	-0.538299	-1.857260	-1.333944	-0.250240	0.558441	-0.983804	-1.252341	-0.851887	-0.466460	2.057793	0.648463	2.312356	1.879993	0.080193	0.447423	-0.022697	0.165577	1.096865	-0.014889	1.246072	0.925652	-0.553745	-0.192103	1.051867	-0.202034	0.539529	-0.477586	1.007660	0.788100	1.989473	1.827135	1.460632	1.008412	-0.102715	-0.607416	0.319714	0.353186	0.371879	2.100154	-1.382879	-1.842723	-0.371594	0.433133	-0.074762	0.487278	-0.359797	-0.745014	1.703869	1.629173	1.037068	1.354693	0.473769	0.615629	0.615875	0.182104	0.898478	-0.914344	-0.652040	-0.362267	0.535135	0.241460	-0.816952	-0.341246	-0.639839	-0.151504	0.289150	-0.094100	0.640944	-0.383956	-0.467658	-0.492964	-1.528755	-1.499280	-1.181972	-1.271543	-1.137263	-1.756486	-1.407730	-1.932137	-1.690880	-1.202647	0.893283	0.779404	0.737572	0.336412	1.774517	-0.667165	-1.094390	1.101566	-0.127235	-0.855547	1.483999	1.231405	0.429264	-0.829224	1.443642	-0.526521	-1.364830	-0.423451
1.191847	0.952237	-0.758251	-0.715984	0.488174	0.453270	0.264954	0.695493	-0.946113	0.022007	-0.767391	-0.529423	-0.732998	-0.410618	-0.373018	0.030269	-1.908501	-0.990249	-1.243882	-0.799381	1.160116	0.534640	0.899463	1.494029	0.047368	0.640257	-0.724973	0.483063	1.382800	0.999700	0.475433	1.102948	-0.482620	-0.049266	0.294676	-0.909159	0.166168	-0.439925	0.811949	0.256165	0.929495	0.983611	0.884463	0.513578	-0.112147	-0.429549	-0.021133	-0.409211	-1.241086	0.618107	-0.745127	-1.181154	-1.589650	-1.137673	-0.667405	-0.244718	-0.919382	-1.002168	1.428712	1.040751	0.683133	0.973377	-0.059078	0.275839	-0.195340	-0.588950	1.120213	0.338221	-0.946689	-0.823771	0.306954	-0.219312	0.367663	0.392070	-0.689706	0.472078	-0.196102	-0.673760	0.312991	-0.275903	-1.218680	-0.675053	-0.755113	-0.716786	-0.563811	-0.444603	-0.645485	-0.633135	-1.246596	-0.850587	-0.175142	0.011952	0.031934	-0.041451	0.442592	0.237428	-0.104852	-1.583926	-1.325369	0.491006	0.175772	-0.034660	0.780606	-0.487833	-0.703137	-1.102221	1.203133	-0.223262	-0.455828	-0.433223
1.343643	0.923009	-0.410686	0.451243	1.105600	1.347142	0.615266	0.717801	-1.043956	0.036079	-0.129451	0.166222	0.680733	0.695560	0.215431	0.361153	-1.246305	0.332877	-0.747357	-0.571695	0.263590	0.926227	-0.263721	1.611285	0.908188	1.103901	-0.165788	1.199317	1.428849	2.081935	0.367092	0.899853	0.093449	0.350866	0.394105	-0.294387	0.478097	0.312681	1.150858	0.525344	0.198951	0.692838	0.806365	0.568651	0.343277	0.060769	0.280385	-0.223051	-1.649854	-0.949355	0.039759	0.043975	-1.721538	-1.802927	-0.496728	-0.154958	-0.452214	-0.499611	1.248435	0.866840	0.974358	1.006290	0.166526	0.375250	-0.371154	-0.466289	0.420413	1.892559	0.291022	-0.434421	0.639002	0.029646	1.521403	0.939597	0.204497	1.473461	0.162681	-0.119113	0.431787	0.317887	-1.234085	-0.205319	0.562104	0.521625	0.591064	0.841827	0.028238	0.805933	0.054756	0.774585	1.566678	1.085736	-0.127798	-0.216680	0.436653	0.444123	-1.355790	-1.718527	-1.068599	0.122700	0.807406	-0.001760	-1.036767	-1.565517	-1.360931	-1.056581	0.770674	0.682942	0.975459	-0.510280
1.141357	1.413771	0.387398	1.376949	1.695730	1.705691	1.333406	1.129694	0.190528	1.033422	0.808346	0.931273	1.622542	1.435109	1.278509	1.394124	0.741129	1.760707	0.410646	0.334183	0.291519	1.482327	-0.300795	2.158136	1.627011	1.389563	0.957264	1.840576	0.772826	2.379835	0.757936	0.452640	0.720553	0.808812	1.170549	1.086670	0.791311	1.028297	1.475630	1.099485	0.329316	0.917634	1.347161	1.089797	0.940378	0.425557	0.756716	0.521991	-0.875630	-1.372739	0.672752	1.071802	-0.628649	-0.961155	0.274195	0.704840	0.556744	0.420220	1.203054	1.029804	1.582796	1.356786	0.907469	0.892882	0.347370	0.361130	-0.333899	2.657310	2.165042	0.563531	1.312982	0.781786	1.551887	1.170408	1.440801	2.153795	1.206486	1.134282	0.915337	0.893972	-0.110771	0.815969	1.532125	1.353265	1.746888	1.799218	0.415485	1.662433	1.504581	1.829700	2.410512	1.260913	0.311506	0.149553	0.486763	0.605154	-1.453121	-0.973310	-0.584145	-0.135536	1.391528	-0.251150	-2.478257	-1.609793	-1.012235	-0.513531	0.500747	1.428441	1.752197	-0.378642
0.644818	1.600968	0.845515	1.285673	1.392081	0.998645	1.535443	1.350208	1.485882	2.128120	0.989362	0.988480	1.689133	1.584284	1.882301	2.206327	2.274276	2.288125	1.473594	1.394343	1.160576	1.641261	0.462202	2.390330	1.224736	1.130873	1.258447	1.924865	-0.343466	1.755232	0.965333	0.224369	1.087910	1.194708	1.825018	2.122061	0.299295	0.997715	1.051033	1.110181	1.021838	1.071998	1.929675	1.550861	1.339383	0.614256	0.901616	1.029579	0.086083	-0.422074	0.901663	1.294001	0.389513	0.710688	0.509658	1.078189	0.887742	0.898103	0.821682	0.965348	1.810609	1.471777	1.568645	1.367617	1.157334	1.007561	-0.527203	2.089498	2.919735	1.412671	1.825862	1.406017	0.729314	1.002454	2.036430	2.044798	2.184622	2.057999	1.501008	1.174968	1.218677	1.465788	1.659617	1.352296	2.281749	1.919876	0.535194	1.664416	2.048394	1.776166	2.027327	0.828025	0.798006	0.689141	0.619783	0.683803	-0.909424	-0.392497	-0.378618	-0.512020	1.276298	0.114728	-2.453336	-1.275429	-0.470698	0.057737	0.856320	0.995276	1.373448	-0.181751
-0.011342	0.800577	0.471154	0.270304	0.055993	-0.429173	0.626983	0.695570	1.430282	2.066108	0.075906	0.154310	0.944065	1.151169	1.295843	1.986385	1.800799	1.593043	1.612089	1.696223	1.762404	1.107350	0.866893	1.624783	-0.265309	0.287089	0.172995	1.272050	-1.234043	0.741313	0.497958	0.396973	1.006999	1.251918	1.664055	2.019356	-0.905698	0.209291	-0.207115	0.240036	1.446665	0.669544	1.752258	1.434639	1.249310	0.699873	0.581395	0.934033	0.475836	0.890001	0.684678	0.780531	-0.059110	1.946191	-0.347546	0.106825	0.099532	0.526007	-0.184720	0.344185	1.264081	0.951614	1.681733	1.310478	1.055848	0.792699	-0.592535	0.620809	1.616871	1.448999	1.647846	1.383510	0.270732	0.369246	1.335280	1.163083	2.255703	1.881718	1.680636	1.059898	1.580952	1.023523	1.065990	0.719867	1.808894	1.221836	0.601371	1.000622	1.431569	0.864785	0.875663	0.418684	0.917545	1.074251	0.896812	0.761938	-0.356905	-0.727629	-0.577158	-0.746735	0.267885	1.074954	-1.306105	-1.066768	-0.631788	0.136064	1.655551	-0.536109	0.265677	-0.282721
-0.711630	-0.782715	-0.330260	-0.767808	-1.453123	-1.666524	-0.953576	-0.822536	-0.038807	0.571252	-1.164118	-1.003160	-0.110357	0.350518	-0.173073	0.768493	-0.292545	0.189172	0.565572	0.867327	1.230200	0.003811	0.136572	0.032892	-1.918353	-0.893035	-1.486366	0.099990	-1.621542	-0.158235	-0.498382	0.630671	0.414534	0.752466	0.608004	0.799881	-1.893127	-0.735220	-1.584977	-0.995879	1.035053	-0.222544	0.550115	0.571578	0.548100	0.494654	0.079612	0.531987	0.369198	1.354202	0.276927	0.183689	-1.665220	1.905909	-1.428906	-1.465571	-0.946764	-0.186618	-1.319859	-0.519995	0.264410	0.021390	1.170072	0.695760	-0.009104	-0.061035	-1.226065	-0.792366	-0.858767	0.568847	0.671400	0.757496	0.566361	-0.577553	-0.423343	-0.122575	1.144963	0.654093	0.996667	0.479137	0.913083	-0.162616	0.261550	0.002051	0.556140	0.211517	0.610591	-0.001291	0.294467	-0.162007	-0.294925	0.245337	0.700403	1.098841	1.016058	0.684279	0.007380	-1.491796	-0.842620	-0.429556	-0.967831	1.615680	-0.178536	-0.724129	-1.357137	-0.251207	1.944663	-1.772600	-0.779583	-0.624769
-1.304090	-2.117812	-0.661982	-0.969573	-2.058746	-1.985974	-2.028826	-2.231933	-1.564598	-1.123074	-1.665105	-1.648236	-0.823716	-0.425982	-1.358593	-0.652202	-2.005158	-0.994527	-1.004375	-0.380029	-0.014086	-1.172060	-1.247868	-1.285685	-2.691191	-1.903881	-2.412376	-1.063068	-1.822653	-0.804588	-1.380244	0.510681	-0.451918	-0.150658	-0.763313	-0.786423	-1.862726	-1.194333	-2.167732	-1.714001	0.071608	-0.978024	-1.018185	-0.724107	-0.474480	-0.207656	-0.222004	0.273416	0.269154	0.804832	0.059807	0.102604	-2.506285	0.756808	-1.374912	-1.980621	-1.064081	-0.360780	-1.677139	-0.979891	-0.446479	-0.656274	0.306599	-0.086172	-1.074418	-0.649129	-2.150048	-1.456586	-2.502570	-0.651515	-0.574805	0.017924	0.622983	-1.366487	-2.169644	-1.335603	-0.546120	-0.868538	-0.383426	-0.457633	0.261831	-0.990683	-0.230257	-0.360843	-0.604528	-0.419631	0.416320	-0.939188	-0.486370	-0.605751	-0.914172	0.140298	0.383026	0.683521	0.532334	0.191778	0.312129	-1.567286	-0.764501	0.231368	-1.519845	0.904144	0.288940	0.163443	-1.732925	-0.592277	0.932178	-1.520883	-1.275232	-0.698382
-1.558747	-2.243486	-0.160503	-0.344279	-1.484346	-1.268929	-1.831932	-2.408427	-1.840861	-1.512681	-1.156845	-1.372967	-0.924342	-0.891858	-1.366148	-1.462800	-1.862556	-1.348074	-2.035285	-0.984865	-0.762128	-1.699999	-1.983523	-1.271122	-2.191956	-2.192076	-2.050182	-1.650317	-2.065997	-1.190060	-1.557093	-0.003340	-1.121366	-0.987778	-1.650813	-1.853574	-0.954652	-1.010223	-1.652083	-1.441941	-0.646271	-0.947625	-1.895569	-1.804267	-1.232208	-1.178484	-0.255241	0.179173	0.386044	0.112526	0.129813	0.456564	-1.251718	-0.541510	0.080711	-0.686902	-0.067347	0.256518	-0.944026	-0.702133	-0.463526	-0.654758	-0.551887	-0.739321	-1.246293	-0.335560	-2.241468	-1.363448	-2.065050	-1.328444	-1.358896	-0.473062	-0.490243	-1.511220	-2.821393	-2.106000	-1.803693	-1.872779	-1.630042	-1.342842	0.448917	-0.785031	-0.255192	-0.372103	-0.877678	-0.384948	-0.012981	-1.470633	-0.604532	-0.382735	-0.910573	-0.084747	0.037148	-0.060973	-0.516795	-0.653232	0.676388	-0.511339	-0.224277	0.438516	-1.205202	-0.762723	0.316886	1.327705	-1.150127	-0.481895	-0.968971	-0.209767	-1.268826	-0.233360
-1.330114	-1.201810	0.553480	0.273126	-0.470669	0.040059	-0.820742	-1.286442	-0.997338	-0.580683	-0.356592	-0.554164	-0.726877	-1.119469	-0.477495	-1.504618	-0.456071	-1.034432	-2.108753	-0.743506	-0.475329	-1.077064	-1.346095	-0.064327	-0.995239	-1.660971	-0.964451	-1.439161	-2.056326	-1.241625	-1.036948	-0.668340	-1.304488	-1.438354	-1.706584	-2.048424	-0.104464	-0.597559	-0.683033	-0.595826	-0.760152	-0.179309	-1.687735	-2.183638	-1.407050	-1.881889	-0.334694	-0.134423	0.466242	0.048612	0.119795	0.561977	1.078223	-1.100206	1.737916	1.362394	0.997200	0.946083	0.186227	0.006880	-0.133468	-0.225719	-1.215671	-1.309158	-0.659113	0.533387	-0.962346	-0.971810	-0.257568	-1.055719	-1.450322	-0.823721	-2.244739	-1.006013	-2.200502	-2.327887	-2.077698	-2.109783	-2.036037	-1.752645	1.035933	-0.017478	-0.131977	-0.413841	-0.387188	-0.125220	-0.590544	-1.576979	-0.455792	-0.071163	-0.701465	-0.486743	-0.415512	-0.823569	-1.503857	-1.403481	0.996845	0.948253	0.499732	-0.262071	-0.695434	-2.243106	0.252807	1.914909	0.055748	-0.045229	-2.319365	0.630029	-1.085963	0.373723
-0.803590	-0.014281	0.577719	0.115118	0.013566	1.215361	-0.191226	-0.042887	-0.306092	0.170266	-0.125008	-0.019635	-0.679678	-1.331641	0.180384	-1.249229	0.389125	-0.657366	-1.763266	-0.388193	0.097733	0.405561	-0.004044	1.046075	-0.158608	-0.881642	-0.179815	-0.754494	-1.415152	-0.952625	-0.478942	-1.269902	-1.142723	-1.561369	-1.319954	-1.691169	-0.104301	-0.519395	-0.305098	-0.146601	-0.696524	0.500237	-1.076013	-1.990996	-1.255502	-2.032736	-0.752431	-0.896212	0.305563	0.503224	-0.369423	-0.040577	2.102618	-0.863276	2.150792	2.344229	0.964298	0.783765	0.732915	0.489173	-0.146987	-0.028123	-1.671391	-1.874201	-0.241887	0.926408	0.801978	-0.666492	1.028756	-0.421964	-1.261545	-1.316363	-3.129781	-0.433110	-1.105944	-2.142322	-1.653897	-1.932639	-1.727196	-1.643319	0.884042	0.252843	-0.259144	-0.780730	-0.025733	-0.300393	-1.204110	-1.496891	-0.481873	-0.177190	-0.716784	-0.933946	-0.915048	-1.289397	-1.864961	-1.654642	0.985312	1.656026	0.889515	-1.348517	-0.657839	-2.606772	0.007126	1.391665	0.964058	0.253957	-2.050737	0.173677	-0.940893	0.517859
-0.457195	0.359919	-0.237035	-0.731518	-0.272062	1.635003	-0.570858	0.141104	-0.582313	-0.410961	-0.572024	-0.260872	-0.788986	-1.459222	-0.157427	-1.149122	-0.246404	-0.494807	-1.627951	-0.460460	-0.113165	1.641892	0.765740	1.017138	-0.199008	-0.528441	-0.265152	-0.221228	-0.283279	-0.509676	-0.568244	-1.671149	-0.945797	-1.523824	-1.138437	-1.279366	-0.814902	-0.902411	-0.930984	-0.649726	-0.951378	0.332188	-0.995409	-1.775269	-1.184953	-1.786696	-1.343394	-1.764556	0.228934	0.886920	-1.150882	-0.931965	0.800855	-0.447866	1.050456	1.508557	-0.191497	-0.262623	0.434819	0.349204	-0.769997	-0.435928	-1.907504	-2.221665	-0.617054	0.187551	1.616188	-0.487879	0.677825	-0.492794	-1.252282	-1.893104	-2.270639	-0.414966	-0.431292	-1.726562	-1.170032	-1.761604	-1.382093	-1.323538	-0.348118	-0.423688	-0.616461	-1.296716	-0.353500	-0.939660	-1.640163	-1.316771	-0.601326	-0.454834	-0.879688	-1.071860	-1.207890	-1.383429	-1.669026	-1.419685	0.487522	1.127019	0.579152	-1.830789	-0.985025	-1.829530	-0.546456	0.191598	0.961292	0.165854	-0.570222	-0.849860	-0.817781	0.141760
-0.642465	-0.079673	-1.163849	-1.515632	-0.738168	1.125554	-1.405459	-0.676007	-1.245975	-1.729753	-1.059265	-0.978951	-0.682230	-1.142347	-1.152455	-1.151514	-1.489071	-0.284674	-1.570596	-0.599177	-1.173015	1.561577	0.507540	0.119561	-0.614557	-0.674822	-0.935592	-0.241760	0.718463	-0.194495	-1.282297	-1.740179	-0.802810	-1.304525	-1.333660	-0.971427	-1.354347	-1.305964	-1.907069	-1.644715	-1.357289	-0.543292	-1.546699	-1.808531	-1.185190	-1.387488	-1.592236	-2.066446	0.785569	0.942779	-1.496429	-1.213695	-1.298946	-0.258056	-0.521474	-0.175971	-1.340397	-1.193704	-0.145899	-0.240061	-1.606578	-1.198531	-1.844779	-2.024477	-1.413509	-1.230276	0.962023	-0.362733	-0.662178	-1.598274	-1.382893	-2.124038	-0.269322	-0.930165	-0.331208	-1.181311	-0.939916	-1.611311	-1.353214	-1.044234	-1.640783	-1.418818	-0.842709	-1.494750	-0.940292	-1.366921	-1.573084	-0.878037	-0.477172	-0.277084	-0.721183	-0.591476	-1.134492	-1.250955	-1.391485	-1.022534	-0.194284	-0.070775	-0.245749	-1.289438	-1.013174	-0.572841	-0.976383	-0.636437	0.275951	-0.067245	0.679282	-1.191445	-0.661370	-0.158340
-1.217327	-0.665704	-1.471309	-1.705033	-0.782870	0.008677	-1.746840	-1.467238	-1.157333	-2.298625	-0.975623	-1.463475	-0.201943	-0.265035	-1.840432	-0.981924	-1.907004	0.153321	-1.026489	-0.203240	-2.098263	0.101510	-0.148948	-0.683678	-0.652858	-0.914858	-1.413440	-0.735763	1.000967	-0.259725	-1.940853	-1.510464	-0.593551	-0.821832	-1.514327	-0.637433	-1.078513	-1.246471	-2.243859	-2.193195	-1.383444	-1.353406	-2.019701	-1.807675	-0.934631	-0.886047	-1.209570	-1.473103	1.900264	0.872925	-0.934946	-0.552641	-1.906503	-0.042639	-1.375363	-1.220874	-1.452482	-1.068860	-0.486172	-0.877627	-2.122760	-1.817677	-1.458408	-1.271377	-1.739406	-2.177194	-0.412917	-0.406628	-1.516416	-2.821582	-1.293653	-1.699413	1.441058	-1.324862	-0.372317	-0.702080	-0.852107	-1.225482	-1.348082	-0.760391	-1.728037	-1.747190	-0.815392	-1.167565	-1.026442	-1.060274	-0.879063	-0.197533	-0.142530	0.385625	-0.059069	0.300726	-0.837361	-1.008209	-1.288067	-0.718563	-0.472398	-0.902301	-0.879588	-0.231314	-0.392591	0.546246	-0.618905	-0.422770	-0.327155	0.000551	0.688211	-0.570144	-0.513586	0.190431
-1.667518	-1.040941	-1.125609	-1.416342	-0.501220	-1.169313	-1.376760	-1.573004	-0.080108	-1.593744	-0.322175	-1.326768	0.337512	0.727448	-1.655638	-0.712104	-1.136208	0.428137	0.071456	0.594179	-2.079241	-1.714531	-0.587976	-1.125945	-0.407865	-1.065193	-1.167917	-1.357398	0.432414	-0.852840	-2.030851	-1.324643	-0.272680	-0.221950	-1.351111	-0.273229	-0.264891	-0.767371	-1.686759	-1.935907	-0.968969	-1.688981	-1.912317	-1.460174	-0.388687	-0.281536	-0.463704	-0.371158	2.598220	0.817665	0.172493	0.444802	-0.536143	0.516302	-1.272583	-1.184582	-0.653917	-0.065049	-0.759853	-1.443622	-2.208680	-2.102844	-0.859009	-0.350542	-1.175536	-1.949220	-1.379591	-0.776390	-1.189656	-2.893726	-0.853629	-0.782910	1.895329	-1.062441	-0.297317	-0.654472	-0.744755	-0.568594	-0.968495	-0.310815	-0.509273	-1.039232	-0.821089	-0.570562	-0.547572	-0.299072	0.093703	0.350710	0.048627	0.847584	0.676584	0.927122	-0.583403	-0.633901	-1.188601	-0.488199	-0.119882	-0.783648	-0.672338	0.561557	0.492549	1.399911	0.475273	0.495333	-0.327959	0.524436	-0.224505	0.225148	-0.351960	1.038959
-1.560710	-1.432218	-0.505622	-0.905439	-0.398697	-1.915749	-0.822244	-1.291341	1.089845	-0.480547	0.501823	-0.711641	0.609077	1.257063	-0.812125	-0.654389	0.034374	0.082592	1.156953	1.070098	-1.355877	-2.637754	-0.973508	-1.804911	-0.664323	-1.304143	-0.297677	-1.786831	-0.532661	-1.800631	-1.698358	-1.465237	0.074511	0.195698	-0.992133	-0.102998	0.306044	-0.311088	-0.822346	-1.323617	-0.605199	-1.837549	-1.478279	-0.930467	0.081519	0.301711	0.144382	0.498627	1.895264	0.554095	1.075158	1.013065	1.178035	1.073794	-0.818103	-0.789882	0.139296	0.821718	-1.405965	-2.033069	-2.081394	-2.171545	-0.213478	0.308232	-0.106923	-0.900571	-1.345352	-1.239151	-0.258385	-1.493005	-0.298741	0.192269	1.339290	-0.272435	-0.244364	-1.153086	-0.609422	0.044013	-0.257880	0.310412	0.960633	0.291099	-0.954226	0.001690	-0.078615	0.270342	0.803325	0.548362	0.092466	0.736869	0.971620	0.920516	-0.455220	-0.153356	-0.820910	-0.143733	0.377022	0.032047	0.365011	0.823757	1.033634	2.131790	1.345831	1.112867	0.112895	1.207466	-0.928269	0.540652	0.064184	1.576359
-0.848188	-1.944772	0.247644	-0.037963	-0.548007	-1.925057	-0.415170	-1.106272	1.493088	0.083427	1.258476	0.129116	0.752301	1.253098	0.181685	-0.713229	0.853352	-0.569098	1.797610	0.884753	-0.727135	-2.143059	-1.617345	-2.961502	-1.549900	-1.552448	0.773956	-1.748834	-1.094023	-2.433383	-1.263232	-1.614965	0.424979	0.346297	-0.696804	-0.208593	0.374229	-0.053122	-0.178174	-0.811927	-0.550656	-2.061898	-1.123450	-0.564863	0.239877	0.749215	0.409773	0.732018	-0.026102	-0.167280	1.521075	1.107623	1.568896	0.892036	-0.510845	-0.711268	0.406131	1.008083	-2.255446	-2.459004	-1.808405	-2.029822	0.325946	0.571675	0.841776	0.091070	-0.466495	-1.170107	0.290875	0.484679	0.110771	0.916514	0.812664	0.555847	-0.200353	-1.612422	-0.422853	0.348243	0.411144	0.915777	1.732211	1.580869	-0.701818	0.619241	0.112178	0.491011	1.069440	0.757943	0.464103	0.628516	0.874335	0.749980	-0.325118	0.210964	-0.147418	0.413210	0.309047	0.869406	1.525426	0.841610	1.089637	2.634773	1.119011	0.699610	0.444012	1.557648	-0.711874	0.593254	0.913602	1.136332
0.153097	-2.092275	1.207880	1.313362	-0.405241	-1.201973	0.142392	-0.879317	1.288538	0.128457	1.969197	1.134377	1.136034	1.146076	1.016255	-0.361816	1.309562	-0.624910	2.155428	0.451864	-0.548801	-0.739206	-2.111455	-3.772522	-1.955917	-1.226090	1.742507	-1.031225	-0.752341	-1.976703	-0.625697	-1.083670	0.842792	0.470736	-0.336786	-0.278243	0.515482	0.358816	0.386601	-0.253665	-0.407212	-2.011330	-0.716305	-0.309818	0.367429	1.117779	0.527593	0.563676	-1.773888	-1.116674	1.866355	1.235505	0.748617	-0.137687	-0.244089	-0.775907	0.448847	0.828146	-2.520753	-2.218642	-1.226853	-1.485846	0.633725	0.609038	1.403535	0.538851	0.634218	-0.213976	0.085252	1.843291	0.363997	1.312210	0.998497	1.186600	0.247011	-1.143983	-0.023187	0.468042	0.785621	1.280731	1.808530	2.345643	0.423287	1.449155	0.420166	0.759524	1.163520	1.426803	1.322144	1.181838	0.846423	1.087323	-0.057689	0.267392	0.608778	1.029050	-0.440693	1.271981	1.974714	0.898313	0.956636	2.412565	-0.028110	-0.544662	0.314504	1.250407	0.088647	0.819598	1.857574	-0.085065
0.958619	-1.354122	2.131396	2.592290	0.437655	-0.124945	1.128636	-0.163719	1.301511	0.280892	2.546618	2.206160	1.767210	1.281442	1.507221	0.498381	1.647204	0.239319	2.525561	0.293111	-0.542356	0.468914	-1.726548	-3.269837	-0.848340	0.027293	2.385724	0.228610	0.137133	-0.370546	0.425154	0.251917	1.292504	0.828471	0.389760	0.073549	1.291681	1.238046	1.219865	0.675477	0.257574	-1.202968	0.099238	0.196288	0.835191	1.479659	0.790942	0.567345	-2.038325	-1.588944	2.305053	1.583424	0.105971	-1.084354	0.279055	-0.445091	0.721401	0.792297	-1.700496	-1.096335	-0.311382	-0.510874	0.723322	0.713241	1.641786	0.584818	1.321585	1.151488	-0.425061	2.131190	0.641611	1.455546	1.528816	1.701282	1.257191	0.381806	0.688743	0.728647	0.917313	1.336354	1.726233	2.355908	1.988470	2.243659	1.193195	1.300660	1.349056	2.298737	2.012467	2.002236	1.105444	1.788106	0.413244	0.234670	1.159968	1.422210	-1.216207	1.193331	1.445666	0.964354	0.846692	1.124794	-1.163244	-1.677454	-0.164999	0.380361	0.619988	1.056955	2.166579	-1.215928
1.226929	0.079804	2.447948	2.914803	1.631326	0.793144	2.163114	0.992619	1.934796	0.794921	2.670920	2.963899	2.219637	1.557796	1.436211	1.131700	1.759106	1.206049	2.754818	0.407976	-0.369801	0.692158	-0.493292	-1.569346	1.204135	1.639943	2.378317	1.435528	0.694461	1.475337	1.551958	1.591466	1.610922	1.384977	1.356404	0.810672	2.363244	2.231589	2.159342	1.771425	1.175936	0.163670	1.168332	1.019809	1.475125	1.704210	1.267393	1.062783	-0.868194	-1.037122	2.426281	1.719691	0.434112	-0.872880	1.025385	0.398397	1.209474	0.869995	-0.146185	0.473488	0.668533	0.600356	0.835297	1.093166	1.621760	0.559024	1.408575	1.980926	-0.508230	1.819402	1.094200	1.518920	1.539628	2.107300	2.180980	1.952363	1.497226	1.236474	1.007087	1.255533	1.714467	1.713736	2.877307	2.472663	2.087740	1.769254	1.526539	2.577612	1.806019	2.031860	1.417353	1.987796	1.088694	0.610512	1.367271	1.480651	-1.232362	0.794746	0.501025	0.915585	0.750928	-0.704492	-1.672385	-1.822482	-0.594315	-0.480013	0.500372	0.884007	1.503893	-1.606459
1.065995	1.462399	1.922372	2.156740	2.416306	1.295655	2.574140	1.979206	2.658371	1.341649	2.163028	2.990024	2.112027	1.626884	0.835647	0.886498	1.398901	1.259627	2.419472	0.459164	0.010355	0.218869	0.740932	0.283248	2.542428	2.617758	1.615139	2.038358	0.561057	2.471994	2.070839	2.068507	1.677710	1.819444	2.005088	1.474396	2.802565	2.559763	2.645797	2.403175	1.660885	1.297539	1.893689	1.776889	1.708556	1.594802	1.642317	1.678527	0.433809	0.246102	1.790508	1.230551	1.120904	0.441293	1.681591	1.385335	1.597305	0.765162	1.363470	1.777748	1.413171	1.499823	1.160449	1.618455	1.352791	0.592161	1.258312	1.813295	0.147167	1.567185	1.613439	1.585341	0.833425	2.204454	2.183745	2.406569	1.954268	1.749809	1.170894	1.271393	1.516274	0.905726	2.472535	1.972573	2.394907	1.697955	1.382858	1.907704	0.860403	0.990655	1.473567	1.238327	1.700506	1.414709	1.294686	1.321999	-0.329163	0.321281	0.052462	0.781929	0.725965	-1.797687	-1.641302	-0.880161	-0.561912	-0.626805	0.127947	0.430943	0.407283	-1.369900
0.971136	2.235525	0.993674	1.133802	2.395573	1.446467	2.184973	2.271976	2.549842	1.517492	1.270820	2.230968	1.438388	1.263267	0.246935	0.224127	0.700787	0.475610	1.444709	0.310730	0.520699	0.155713	1.353602	1.458603	2.367564	2.613163	0.660749	2.060093	0.349578	2.332035	1.815989	1.699278	1.474651	1.781693	1.993927	1.665784	2.192079	1.895296	2.405940	2.225645	1.483225	1.680293	1.988118	2.106262	1.294566	1.215991	1.384362	1.562000	0.651945	1.185545	0.651108	0.332193	1.187459	1.546443	1.953082	2.039924	1.666563	0.490096	2.297628	2.363407	1.794337	2.002102	1.441360	1.767141	0.960463	0.616733	1.294506	1.058560	1.109258	1.427842	1.783434	1.418883	0.172779	1.866082	1.337791	1.686847	1.771699	1.922192	1.321449	1.355568	0.850455	0.437253	1.260253	1.140723	1.806571	1.089126	0.784039	0.809326	-0.027450	-0.222437	1.184285	0.104355	1.631717	1.807587	1.076357	1.040409	0.870264	0.068125	0.415536	0.653407	0.892977	-1.307228	-1.257929	0.431533	0.115195	0.049986	0.031461	0.232916	-0.240164	-0.990407
1.264178	2.325057	0.260329	0.523677	1.743687	1.341145	1.383576	1.849944	1.250058	1.207847	0.411142	0.999043	0.471815	0.527281	0.251870	0.221434	0.105658	-0.064261	0.246447	0.116967	1.119195	1.088679	1.498337	1.865377	1.441811	2.085139	0.343830	1.840843	0.785369	1.620236	1.328482	1.165523	1.005271	1.183708	1.532958	1.391130	1.032360	0.771523	1.662852	1.485348	1.046568	1.499503	1.717949	1.986224	0.659471	0.884460	0.321851	0.313613	-0.201090	0.886869	-0.275915	-0.379865	0.568466	1.201203	1.655014	1.982120	1.325932	0.265004	2.506969	2.168601	1.760010	2.011482	1.156688	1.118757	0.664692	0.530074	1.445545	0.410185	1.541489	0.901324	1.244003	0.691137	0.255934	1.217921	0.577733	0.772244	1.112512	1.596814	1.250558	1.218153	-0.203060	0.266283	0.184572	0.420481	0.670898	0.385807	-0.024229	0.022763	-0.460282	-0.683951	0.599659	-0.538855	0.528314	0.958882	0.793457	0.606855	1.451579	0.145944	0.853280	0.463243	1.080764	0.139852	-0.448372	1.169880	1.131230	0.726713	0.153794	0.379182	-0.141201	-0.663238
1.599450	1.810974	-0.160947	0.100278	0.808712	0.951195	0.519335	0.997728	-0.616633	0.508406	-0.263662	-0.313212	-0.463742	-0.310624	0.697957	1.054229	-0.190176	0.318209	-0.752983	-0.021717	1.614032	2.152246	1.495502	1.686131	0.767291	1.439780	0.711663	1.385829	1.623531	0.918537	1.051216	0.849026	0.290531	0.292684	0.959734	0.900682	0.039301	-0.002489	0.710861	0.622099	0.688659	1.185567	1.328182	1.498705	0.345850	0.759781	-0.932373	-1.316440	-1.074943	-0.372109	-0.677559	-0.656779	-0.016591	-0.412774	0.734589	1.038047	0.511028	0.034012	2.010625	1.382672	1.261436	1.476748	0.215009	-0.046897	0.487805	0.284856	1.269249	0.074990	0.974853	-0.267920	0.183913	-0.447221	0.695056	0.440318	0.466530	0.384317	0.421619	0.858066	0.838337	0.697086	-1.262401	-0.157247	-0.323686	-0.140754	-0.401158	-0.047973	-0.607685	-0.287316	-0.745638	-0.476210	-0.213929	-0.506797	-0.981571	-0.738312	0.479490	0.085711	0.907392	0.261521	0.331381	0.002883	0.825250	0.972561	0.631694	0.850988	1.670689	0.415857	-0.017470	0.357671	0.217883	-0.238898
1.244122	0.706207	-0.548282	-0.652659	-0.185669	0.298184	-0.381940	-0.019422	-1.954475	-0.422691	-0.867884	-1.367081	-1.129560	-0.968138	0.760048	1.598901	-0.437418	0.981034	-1.482853	-0.221770	1.561164	1.933900	1.206684	0.987876	0.356556	0.552250	0.811903	0.410287	1.834426	0.216728	0.742495	0.485865	-0.554429	-0.500777	0.286839	0.327853	-0.582788	-0.182717	-0.341941	-0.157116	0.243917	0.837752	0.656838	0.600187	0.324342	0.591725	-1.460464	-2.043805	-1.073892	-1.301460	-0.902256	-0.789153	-0.156358	-1.866515	-0.568669	-0.512272	-0.671825	-0.500700	0.951638	0.332803	0.381749	0.527216	-0.805141	-0.937936	0.128790	-0.111532	0.599260	-0.272822	-0.206350	-1.592691	-0.732691	-1.324402	0.446602	-0.410225	0.483667	0.182143	-0.050888	-0.116384	0.159202	-0.025905	-1.926365	-1.112357	-0.532816	-0.700858	-1.031449	-0.264927	-0.745027	-0.481575	-1.183093	-0.323778	-1.099614	-0.362911	-1.706369	-1.868443	0.125851	-0.313455	-0.461853	0.009652	-1.171330	-0.775529	-0.051627	0.399536	1.275119	-0.278939	1.028788	-0.807676	-0.687140	-0.158562	0.280855	0.352480
-0.007801	-0.771268	-0.963208	-1.531204	-1.032636	-0.395708	-1.236597	-0.964394	-2.137875	-1.323983	-1.392473	-1.862069	-1.397533	-1.285753	-0.004996	0.889487	-0.870488	0.789924	-1.968642	-0.541888	0.679851	0.305182	0.378856	-0.034378	-0.266977	-0.629948	-0.128262	-0.921150	0.885300	-0.709362	-0.013883	-0.197207	-1.277900	-0.981188	-0.559959	-0.338883	-0.998653	-0.158530	-1.302311	-0.797502	-0.505539	0.300488	-0.395119	-0.599748	0.113469	0.058560	-1.018942	-1.415119	-0.330775	-0.954941	-1.250047	-1.015064	-0.161925	-1.978600	-1.656739	-1.867118	-1.750265	-1.288560	-0.284478	-0.596739	-0.558667	-0.455668	-1.231954	-1.089558	-0.641067	-0.592647	-0.189340	-0.815871	-1.094641	-2.255993	-1.022045	-1.429940	-0.743997	-1.191146	-0.123326	-0.474759	-0.425520	-1.091608	-0.578406	-0.653456	-1.949904	-2.038725	-0.786208	-1.172691	-1.194376	-0.507887	-0.561169	-0.769051	-1.486529	-0.567891	-1.678872	-0.567130	-1.201090	-1.558041	-0.323217	-0.514660	-1.733382	-0.550570	-2.392634	-1.461079	-1.017919	-0.709313	0.928767	-1.460088	-0.515301	-1.707500	-1.365189	-0.752929	0.109858	0.901174
-1.319230	-1.925619	-1.001422	-1.665127	-1.423225	-0.832004	-1.602517	-1.473366	-1.451775	-1.759630	-1.520223	-1.643350	-1.186889	-1.174279	-0.893776	-0.436292	-1.181951	-0.296310	-1.945731	-0.681729	-0.567767	-1.220295	-0.678628	-0.820689	-0.922946	-1.469067	-1.542110	-1.745835	-0.514170	-1.531891	-0.953234	-0.843197	-1.499745	-1.080404	-1.230177	-0.915122	-1.183791	-0.239620	-1.699000	-1.091832	-1.251927	-0.347040	-1.280467	-1.484394	-0.412816	-0.646268	-0.230882	-0.196623	0.272170	0.173709	-1.351946	-1.018251	-0.386205	-0.906531	-1.873715	-2.166632	-2.031843	-1.665596	-1.119253	-1.061677	-1.095507	-0.986590	-0.883661	-0.699722	-1.430638	-0.955877	-0.623012	-1.089076	-1.087314	-1.861077	-0.756212	-0.876458	-1.783404	-1.448823	-1.078984	-1.284035	-0.785765	-1.618616	-1.063099	-0.976402	-1.275286	-1.981498	-0.923499	-1.154049	-0.960381	-0.714162	-0.199366	-0.830401	-1.109765	-0.826554	-1.449191	-0.818612	-0.220480	-0.376932	-0.799268	-0.630267	-2.034345	-0.869848	-2.096173	-1.365468	-1.237655	-0.904161	0.003984	-1.907674	-1.709205	-1.280491	-1.359330	-0.720173	0.212632	1.119032
-1.463325	-1.905835	-0.258747	-0.540448	-1.139742	-0.812584	-1.063473	-1.139568	-0.626982	-1.276455	-0.939830	-0.846540	-0.444911	-0.546053	-0.703008	-0.725715	-0.704110	-0.955452	-1.053105	-0.169236	-1.095809	-1.179640	-1.202391	-0.789463	-0.806301	-1.141664	-1.976729	-1.289980	-1.145274	-1.431616	-1.194133	-0.713145	-0.849062	-0.657457	-1.067099	-0.880085	-0.846163	-0.154100	-1.159781	-0.701335	-1.348220	-0.629053	-1.142955	-1.244166	-0.637852	-0.786037	0.279244	0.663698	0.100975	0.699232	-0.621955	-0.322580	-0.619543	0.301342	-0.989724	-1.170496	-1.092832	-0.945066	-1.085248	-0.831498	-0.843053	-0.721499	0.007622	-0.085596	-1.352079	-0.834715	-0.594600	-0.445563	-0.347281	-0.687937	-0.218082	-0.059815	-1.435039	-0.759647	-1.199504	-1.145981	-0.771689	-1.115291	-0.881975	-0.765427	-0.074363	-0.612358	-0.437853	-0.341641	-0.274129	-0.431336	0.461145	-0.189618	0.043848	-0.544066	-0.214731	-0.414419	0.341652	0.552361	-0.911336	-0.590829	-1.171802	-0.578883	-0.475112	-0.249691	-0.440015	0.127241	-0.526319	-1.307837	-1.532499	0.021523	-0.568346	0.073130	0.781016	0.866178
-0.111646	-0.482486	1.060529	1.297193	-0.318535	-0.272311	0.183815	0.084099	-0.053535	0.176105	0.232348	0.205865	0.674384	0.510299	0.811536	0.670189	0.746653	-0.085154	0.526381	1.015798	-0.240622	0.226062	-0.781440	0.101875	0.415819	0.305836	-0.746597	0.245209	-0.571843	-0.107708	-0.230191	0.443019	0.650455	0.374541	0.129506	0.128526	0.130309	0.545127	0.098630	0.451757	-0.527544	-0.116100	0.175368	0.256350	0.078612	0.123354	0.571362	1.023212	-0.586980	0.011877	0.756942	0.883108	-0.391190	0.954984	0.576455	0.518863	0.770762	0.733629	-0.154908	0.113399	0.236110	0.315532	1.123138	0.736434	0.026964	0.041444	-0.246987	0.947670	0.489634	0.594308	0.495661	0.804896	0.124420	0.636383	0.132349	0.313229	0.077500	0.509151	0.186278	0.170158	1.195985	1.300082	0.795810	0.992984	0.852549	0.566598	1.497845	1.086258	1.401434	0.317670	1.476479	0.761221	0.523227	0.899230	-0.225524	-0.066181	0.318435	0.055862	1.101294	1.195990	0.765774	1.286614	-0.299271	-0.026674	-0.262592	0.868162	0.361028	1.011846	1.349963	0.226275
1.653557	1.491698	2.114130	2.599943	0.577423	0.647504	1.359974	1.569998	0.399720	1.888638	1.407842	1.216009	1.604381	1.470225	2.400163	2.475010	2.312028	1.614130	1.847963	2.079514	1.287725	1.493351	0.192304	1.226953	2.007278	1.799276	1.154572	1.761001	0.530157	1.544440	1.364854	1.895451	2.216372	1.582569	1.634945	1.627294	1.360026	1.678490	1.350507	1.867427	0.715441	0.985777	1.726583	2.051507	1.365409	1.503376	0.973699	1.252851	-0.951559	-0.971419	1.695718	1.657768	0.364497	1.195208	1.971082	1.883194	2.523896	2.295160	1.139317	1.391860	1.603509	1.576269	2.046400	1.645837	1.906957	1.380399	0.346667	1.973021	0.871940	1.320844	1.263696	1.541065	1.360410	1.804236	1.977203	1.929160	1.489369	2.299878	1.643056	1.473590	1.916869	2.464411	2.040462	1.964860	1.925989	1.624243	2.405464	2.147131	2.143168	1.083740	2.475478	1.797627	0.914412	1.131781	1.033942	0.909575	1.637627	0.526658	1.644390	1.901764	1.496223	1.426468	0.129876	1.150131	0.935599	0.704394	0.714935	1.413653	1.333367	-0.457696
2.296373	2.554577	2.060158	2.424225	1.034267	1.449528	1.732365	2.297687	0.828150	2.646173	1.868265	1.860997	1.581993	1.554860	2.497804	2.848601	2.659586	2.170307	1.888916	1.957940	1.881247	1.446999	0.940568	1.723222	2.770824	2.231049	1.971199	2.145325	1.209018	2.104715	2.363936	2.456659	2.611011	2.004622	2.276862	2.381832	2.102419	2.332389	1.909966	2.638066	1.466569	1.805629	2.252212	2.752216	1.932908	2.005306	1.320206	1.375942	-0.494557	-0.987281	1.248610	1.211178	1.105579	1.281474	2.365836	2.142431	2.961453	2.559974	1.902732	2.176795	2.270241	2.137546	2.188165	2.003551	2.752661	2.250232	1.070359	1.721809	0.603016	1.152848	1.592862	1.709449	1.033046	1.890592	2.630228	2.201443	2.298749	2.769105	2.296549	2.069299	1.674666	2.117357	2.150741	1.689362	2.050292	1.567023	2.270191	1.996075	1.803315	0.885338	1.910975	1.552446	1.518403	1.445206	1.825987	1.518908	2.160451	0.704654	1.385101	1.482597	1.367337	0.585921	0.207834	1.557770	1.316916	0.281899	0.446829	1.188295	0.740456	-0.682880
1.331180	1.834170	0.825839	0.913105	0.772266	1.488961	1.148991	1.690529	0.884030	1.721210	1.238196	1.669890	0.357613	0.456101	0.904868	1.388251	1.301467	0.614436	0.538626	0.438215	0.794700	0.213317	1.008700	1.155293	2.073391	1.423202	0.959417	1.075982	1.104956	1.017906	1.979583	1.606226	1.239663	1.019716	1.453964	1.528219	1.748436	1.728430	1.546323	2.101265	1.131091	1.547227	1.356368	1.782732	0.959768	0.883286	1.091489	1.037062	0.314612	-0.081084	-0.341095	-0.236864	1.065161	0.921830	1.435382	1.166296	1.627251	1.256791	1.428282	1.688441	1.520927	1.369260	1.216273	1.238001	1.769267	1.825729	1.472739	0.550709	-0.123941	0.327288	0.982381	0.960824	-0.509365	0.885365	1.353246	1.039154	1.520652	1.330104	1.317582	1.106445	0.616991	0.621056	0.734737	0.166500	0.784726	0.047291	0.796610	0.511742	0.602296	-0.393792	0.077282	-0.038271	1.608592	1.352320	1.274075	0.937460	1.622583	0.781140	1.005215	0.507084	0.612235	-0.245821	0.102042	1.059741	1.069250	0.420444	0.094210	0.727539	0.135861	-0.208287
-0.215550	-0.066253	-0.695687	-0.778246	-0.042776	0.634929	0.084656	0.224802	0.218564	-0.246574	-0.137461	0.391313	-1.309605	-1.147369	-0.923280	-0.557760	-0.748522	-1.699717	-1.171881	-1.381282	-0.809986	-1.113365	0.517610	-0.067563	0.335824	0.109574	-0.841904	-0.744196	0.515408	-0.821820	0.534061	0.063145	-0.993172	-0.784764	-0.246568	-0.366578	0.376779	0.140522	0.542766	0.496834	-0.016701	0.343489	-0.146845	-0.042652	-0.811244	-1.022239	0.264254	0.237480	0.437013	0.433695	-1.808816	-1.619894	-0.072326	-0.245915	-0.327996	-0.484035	-0.619746	-0.687804	-0.137478	0.028197	-0.249733	-0.317408	-0.335313	-0.191778	-0.224100	0.336239	1.040445	-0.384971	-0.762291	-0.412795	-0.290571	-0.299532	-1.785602	-0.410134	-0.846452	-0.256733	-0.403836	-0.894783	-0.653335	-0.835117	-0.564208	-0.848317	-1.178922	-1.485927	-1.100221	-1.710724	-1.022793	-1.264159	-0.705432	-1.719947	-1.679505	-1.688082	0.802180	0.524795	-0.210220	-0.465856	0.292111	0.761421	0.618446	-0.284778	-0.315749	-0.300335	0.216507	0.095046	0.648434	0.809438	0.001701	0.333914	-0.072819	0.558939
-0.886503	-1.497499	-1.324968	-1.408424	-0.761972	-0.409007	-0.682257	-0.930881	-0.803434	-1.615972	-1.250793	-1.351670	-2.129895	-2.037784	-1.356804	-1.423672	-1.859715	-2.476479	-1.930609	-2.019485	-1.102247	-1.399666	-0.103277	-0.944138	-1.253462	-0.776354	-1.631325	-1.946707	-0.057836	-1.894196	-0.845109	-0.893452	-2.270596	-1.949449	-1.417377	-1.628347	-1.059346	-1.212808	-0.453866	-1.041087	-0.958273	-0.741574	-0.976903	-1.204902	-1.699471	-1.974958	-0.463502	-0.436616	-0.552632	-0.255516	-2.042989	-1.967439	-1.629880	-1.684194	-1.756218	-1.825720	-2.103009	-1.860683	-1.661851	-1.592664	-1.610731	-1.572926	-1.248378	-0.987528	-1.568898	-0.994272	-0.085506	-0.503012	-0.692086	-0.384322	-1.158482	-1.048870	-1.663618	-1.083079	-2.157834	-0.657746	-1.779035	-2.016503	-1.872370	-2.004747	-1.100135	-1.234381	-1.947150	-1.946032	-2.099380	-2.012095	-1.699209	-2.033132	-1.387751	-1.811994	-2.137818	-2.049843	-0.253230	-0.468914	-1.204450	-1.278547	-0.958398	0.439590	-0.035778	-0.665967	-0.991043	0.276986	0.422666	-0.616171	0.196180	0.548700	-0.106611	0.017193	-0.030103	0.883801
-0.263961	-1.293957	-0.645285	-0.670704	-0.660438	-0.760939	-0.595777	-0.983960	-1.251372	-1.265539	-1.196485	-2.206349	-1.435999	-1.529289	-0.234382	-0.880104	-1.356198	-1.008850	-1.281322	-1.052174	0.202766	-0.321235	-0.471105	-0.761430	-1.607070	-0.737180	-0.643200	-1.433412	-0.293489	-1.395925	-1.168718	-0.665616	-1.557060	-1.502120	-0.996229	-1.082411	-1.405570	-1.284881	-0.793094	-1.373587	-0.796500	-0.730262	-0.482135	-0.814735	-0.832193	-1.087295	-0.477085	-0.489613	-1.763718	-1.261526	-1.012663	-1.129766	-2.211552	-2.078493	-1.791319	-2.001967	-1.725063	-1.534884	-1.878569	-1.816466	-1.347876	-1.280214	-0.738122	-0.421049	-1.371033	-1.155688	-0.981795	-0.247442	0.240571	0.409590	-0.818120	-0.673415	-0.267173	-0.777905	-1.612933	-0.384527	-1.315003	-1.194056	-1.244563	-1.284281	-0.726228	-0.424552	-0.942374	-0.932017	-1.418139	-0.559157	-0.793465	-1.387350	-1.233132	-0.528737	-1.254711	-1.109522	-0.618340	-0.722795	-0.812822	-0.651101	-1.176453	-0.108961	-0.738922	-0.732501	-1.026652	0.780353	0.288586	-0.594904	-0.204735	-0.392956	-0.584211	-0.196901	-0.019563	0.566925
0.727504	0.098615	0.576746	0.605515	0.297535	-0.318696	0.175843	-0.195508	-0.671040	0.272352	-0.145199	-1.389226	0.161771	-0.075769	1.092493	0.232989	-0.051120	1.131043	0.063141	0.507506	1.510948	1.264969	-0.421435	0.198533	-0.650068	0.057491	1.089069	0.556375	-0.210269	0.158680	-0.372433	0.222545	0.367026	0.106736	0.684109	0.700621	-0.499579	-0.213756	-0.349078	-0.418711	0.311444	0.247914	0.830812	0.621737	0.946495	0.800732	0.010066	-0.104751	-1.822046	-1.085948	0.365257	0.233308	-1.017811	-0.766344	-0.460366	-0.932489	-0.027963	-0.301339	-0.625805	-0.505465	0.271663	0.295089	0.645134	0.765362	-0.215323	-0.345441	-0.845041	-0.182003	1.413281	1.256063	0.345976	0.337280	1.302630	0.143157	0.124556	-0.064943	0.489576	0.619710	0.484189	0.521876	0.099622	0.681202	0.777865	0.563028	0.202602	1.180364	0.620197	-0.005818	-0.570567	0.909000	-0.015352	-0.003643	-0.224889	-0.135222	0.391829	0.643965	-0.307551	-0.448624	-0.827349	-0.523973	-0.318493	0.719450	-0.099786	-0.054147	-0.261877	-0.963469	-1.118639	-0.143937	0.024532	0.211400
0.932990	1.151697	1.077606	1.236608	1.165967	0.205184	0.778204	0.526537	0.262811	1.368407	0.635957	0.273175	1.295202	1.115765	1.253963	0.942999	0.779871	1.930159	0.976622	1.265108	1.360098	1.902277	-0.042468	0.980172	0.625344	0.930037	1.817809	2.385027	-0.118625	1.487015	0.684115	0.846962	1.653137	1.422678	2.034556	1.929288	0.486032	0.811970	0.290267	0.738627	1.188025	1.085285	1.747545	1.710966	1.957817	2.016501	0.209096	0.103896	-0.516481	0.280096	1.078432	1.147111	0.996583	1.217565	0.964287	0.476204	1.256797	0.498187	0.853070	0.990851	1.660869	1.657020	1.439408	1.137131	0.606035	0.397300	0.026580	-0.187918	1.804655	1.372852	1.090075	0.864525	1.896147	0.915280	1.459075	0.334143	1.820157	1.718244	1.518190	1.502731	0.560034	0.958557	1.542824	1.255201	1.249858	1.560747	1.139179	1.061124	0.054091	1.150975	0.597381	0.332469	0.078585	0.402412	1.110627	1.080875	0.522685	-0.372770	-0.155433	-0.219043	0.531773	0.172282	-0.112879	0.216193	0.105552	-0.430148	-0.987865	0.070445	0.246627	0.382079
0.155358	0.893017	0.267425	0.707722	0.854863	0.213316	0.469435	0.588943	0.422965	0.985833	0.063881	1.098450	1.006452	1.034250	0.169423	0.801592	0.675652	0.960490	0.920699	0.709250	0.050297	0.879365	0.351855	1.016076	1.187480	1.183630	0.869217	2.457749	-0.345517	1.638809	0.975689	0.775760	1.097771	1.239925	1.652390	1.378816	0.267238	0.696570	0.379735	0.928115	0.797804	0.865321	1.404627	1.471797	1.287474	1.605035	-0.371818	-0.247472	0.813380	1.100736	0.726733	0.919892	1.781548	2.000508	1.078741	1.027938	0.883484	0.084140	1.060526	1.124340	1.459377	1.486443	0.692349	0.095414	0.331560	0.366445	0.406218	0.114135	0.882061	0.626347	0.530257	0.233262	1.135162	0.886195	1.303631	1.114290	1.373555	1.240468	0.853026	0.614840	0.178212	0.092206	0.689315	0.657539	0.922132	0.366136	0.421064	1.127322	0.195403	-0.019159	0.342926	-0.134161	-0.396255	0.032593	0.673796	0.049024	0.130755	-0.185299	0.565344	-0.309607	0.456782	-0.452961	0.524807	-0.337141	0.446908	0.604349	-0.093501	-0.120840	0.289458	0.787794
-0.898785	-0.195378	-1.253871	-0.477230	-0.639733	-0.129583	-0.580912	0.134607	-0.489077	-0.367268	-1.511280	0.394217	-0.478084	-0.359697	-1.179682	-0.187455	0.071668	-0.670642	0.199227	-0.614772	-1.143546	-1.026625	0.352379	0.620815	0.884372	0.618655	-0.821474	0.766901	-0.922681	0.686022	0.146738	0.180402	-0.875649	-0.454492	-0.290935	-0.484475	-1.085541	-0.594092	-0.213029	0.021065	-0.688635	-0.258906	0.002792	0.153032	-0.570929	-0.089305	-1.403087	-0.966556	0.890110	0.100296	-0.381704	-0.384088	0.374632	0.889699	-0.236892	0.367401	-0.696275	-1.026207	-0.265028	-0.292376	-0.146522	-0.112481	-1.083071	-1.561780	-0.799831	-0.230129	-0.567017	0.525280	-0.774085	-0.303685	-1.027393	-1.196618	-0.391357	-0.048596	-0.113509	1.816529	-0.448401	-0.289032	-0.899926	-1.404497	-0.747374	-1.112947	-0.971801	-0.736606	-0.279258	-1.301183	-0.760917	0.156989	-0.231118	-1.639397	-0.363723	-1.034363	-1.329605	-1.057902	-0.563334	-1.653629	-1.281694	-0.138172	0.711429	-0.989078	-0.917688	-0.806889	1.250310	-1.265844	0.365985	1.043695	0.752290	-1.047064	-0.465807	0.718744
-1.588042	-0.959498	-2.328494	-1.370395	-2.111984	-0.305546	-1.486130	-0.384283	-1.609618	-1.395901	-2.639774	-0.899517	-1.966232	-2.046231	-1.971999	-1.720781	-0.577356	-1.876993	-0.607360	-1.888475	-1.723594	-2.362790	-0.274507	0.327373	0.177014	-0.390950	-1.885418	-1.249600	-1.551900	-0.531529	-1.253680	-0.637939	-2.729180	-2.499489	-2.234548	-2.154543	-2.279989	-2.146576	-0.952664	-1.133844	-2.134171	-1.397736	-1.478972	-1.198258	-2.395330	-2.024721	-2.035290	-1.480762	0.093984	-1.679800	-1.572228	-1.898533	-1.869977	-0.809365	-1.677832	-0.688377	-1.897982	-1.664800	-1.903631	-1.932813	-1.711033	-1.787288	-2.437331	-2.515780	-2.002742	-0.747013	-2.318817	0.393588	-1.828599	-0.514031	-2.403757	-2.367166	-1.662949	-1.359384	-1.709057	1.454646	-2.148580	-1.736136	-2.377682	-2.970537	-1.445366	-1.544474	-2.138103	-2.047499	-1.306550	-2.341675	-1.573004	-1.281278	-0.814653	-2.513884	-0.962229	-2.083542	-1.753250	-1.821433	-1.823517	-2.787477	-2.190798	0.010703	0.603776	-1.585764	-2.495741	-0.748403	1.345379	-1.427662	0.162814	0.768997	0.786609	-2.045723	-1.899057	0.131701
-1.830371	-0.925371	-2.334810	-1.460240	-2.380614	-0.184969	-1.630605	-0.736990	-1.934133	-1.427067	-2.366140	-1.509853	-2.313354	-2.692868	-2.172371	-3.107856	-1.236240	-2.408568	-1.183831	-2.604843	-2.160507	-2.407253	-1.306422	0.114184	-0.591284	-1.281177	-1.838405	-2.236549	-1.857584	-1.241854	-2.221459	-1.493125	-3.168279	-3.446282	-2.783401	-2.582660	-2.327427	-2.972648	-1.306707	-1.730927	-2.580109	-1.876273	-2.176448	-1.810185	-3.229937	-3.222605	-1.762986	-1.409267	-0.169085	-2.007750	-2.181824	-2.533717	-2.646673	-1.263793	-1.903797	-1.085153	-1.705618	-1.295383	-2.406500	-2.374195	-2.030631	-2.293194	-2.453957	-2.215957	-2.608488	-0.854432	-3.221102	-0.435138	-1.376480	0.222012	-2.654487	-2.462384	-1.988551	-2.260338	-2.538612	-0.089384	-2.675812	-2.372664	-2.782392	-3.164190	-1.446178	-0.922795	-2.228413	-2.609730	-1.621207	-2.476152	-1.850746	-2.302469	-0.969367	-2.102675	-1.153239	-2.823211	-1.220459	-1.560013	-2.504009	-2.784684	-1.466106	0.477517	0.955457	-1.271716	-2.663143	-0.270907	0.865175	-0.291129	0.380607	0.648446	0.094765	-2.001825	-2.829337	-0.202478
-1.707192	-0.583605	-1.600997	-1.004118	-1.434900	-0.081027	-1.216795	-0.917679	-1.415267	-0.839717	-1.183228	-1.246074	-1.384428	-1.768493	-2.024307	-3.433921	-1.821615	-2.264289	-1.422812	-2.478132	-2.638217	-1.574770	-2.069502	-0.354674	-1.181005	-1.665002	-1.122651	-1.958725	-1.646523	-1.283473	-2.040277	-2.094686	-2.122434	-2.668783	-1.884388	-1.860129	-1.495250	-2.680004	-1.242854	-1.676933	-1.945800	-1.662320	-1.900114	-1.678366	-2.790933	-3.075206	-1.016876	-1.020549	0.555060	-0.264739	-1.824559	-1.812255	-1.172652	-0.153716	-0.899228	-0.653803	-0.598106	-0.467113	-1.496599	-1.508642	-1.211700	-1.585420	-1.557337	-1.279142	-2.372208	-0.735704	-2.193166	-1.252610	0.161342	1.136932	-1.902532	-1.646080	-1.319218	-2.278478	-2.269555	-1.544864	-2.171391	-2.162075	-2.276614	-2.277554	-0.959462	-0.014795	-1.623520	-2.196380	-1.427796	-1.962727	-1.790537	-2.232960	-0.595086	-0.757636	-1.010087	-2.523952	-0.442439	-0.778923	-2.359866	-1.988315	0.263146	0.852081	1.680058	-0.270998	-1.126432	0.544266	0.565839	1.229182	0.901089	1.160415	-0.804081	-0.746603	-2.143658	0.336139
-1.140914	-0.523135	-0.825038	-0.600117	-0.228455	-0.242986	-0.788709	-0.911249	-0.823577	-0.350172	-0.301499	-0.821635	-0.074730	-0.030269	-1.471055	-2.277766	-1.866574	-1.241449	-1.196046	-1.371167	-2.524139	-0.687614	-1.901727	-1.002253	-1.152916	-1.435815	-0.336605	-1.022472	-0.984630	-0.951098	-0.843894	-1.966999	-0.577606	-0.820030	-0.496897	-0.695266	-0.682865	-1.530311	-1.051144	-1.316410	-0.796887	-1.085546	-1.004840	-1.152778	-1.354258	-1.536473	-0.692579	-0.926562	1.249954	1.755020	-0.629144	-0.239621	1.064538	1.178010	0.204047	-0.125004	0.213499	-0.038539	-0.168606	-0.414457	-0.270073	-0.576844	-0.767271	-0.640799	-1.452406	-0.713611	0.079218	-1.311135	1.410713	1.200172	-1.036856	-0.803628	-0.101192	-1.536814	-1.084534	-1.592587	-1.352737	-1.409146	-1.414774	-1.162921	-0.451579	0.288840	-0.973031	-1.043074	-1.135035	-1.091903	-1.370099	-1.103911	-0.247354	0.588663	-0.800264	-0.992053	-0.476431	-0.544360	-1.544812	-1.104378	1.300298	0.571501	1.763771	0.320956	0.675332	1.400436	0.920314	1.611586	1.027826	1.593171	-1.618055	0.606754	-0.168218	1.470009
-0.224151	-0.698565	-0.324315	-0.543014	0.423381	-0.587968	-0.526979	-0.709821	-0.678744	-0.260418	-0.280755	-0.716594	0.614087	1.176501	-0.429620	-0.290518	-1.063989	0.455882	-0.518535	0.352136	-1.315171	-0.205376	-0.756348	-1.332380	-0.340777	-0.780425	0.161877	-0.124229	-0.106544	-0.535289	0.421974	-0.933462	0.452076	0.794139	0.507718	0.328524	-0.306371	-0.162291	-0.911215	-0.877002	0.214788	-0.466316	-0.003697	-0.448453	0.422478	0.631139	-0.993799	-1.186588	0.970997	2.073419	0.671277	1.117002	1.997760	1.473612	0.471129	-0.163000	0.153671	-0.241294	0.485335	0.013026	0.078081	-0.021415	-0.417550	-0.464398	-0.289278	-0.822468	1.707334	-0.720151	1.363644	0.218770	-0.613558	-0.472956	0.923515	-0.568190	0.420570	-0.456926	-0.579644	-0.439353	-0.530821	-0.331214	-0.081641	-0.084087	-0.527910	0.224905	-0.883092	-0.156456	-0.475546	0.340345	-0.424745	1.048896	-0.682929	0.789284	-1.294778	-1.034354	-0.531539	-0.506238	0.813002	-0.208174	0.434067	-0.011974	1.199077	1.689658	1.452972	0.458537	0.405828	0.877327	-2.091128	0.949583	1.472026	2.293332
0.532807	-0.627729	0.033709	-0.600967	0.487590	-0.856805	-0.230626	-0.415206	-0.660174	-0.360506	-0.637257	-0.715852	0.414642	1.117337	0.679850	1.245217	0.136794	1.804827	0.220659	1.773483	0.483340	-0.094538	0.706863	-1.049059	0.564956	-0.115354	0.196650	0.342329	0.740839	-0.086003	0.778604	0.441829	0.710638	1.320087	0.870747	0.900881	-0.082724	0.761722	-0.728138	-0.347663	0.728410	0.037065	0.651932	0.254119	1.697052	2.110907	-1.110850	-1.088353	0.104055	0.787991	1.148453	1.458752	1.038737	0.812551	0.037558	-0.649825	-0.328669	-0.646344	0.319774	-0.069219	-0.030493	0.088976	-0.064989	-0.188676	0.595865	-0.737993	1.491836	-0.162942	0.267534	-0.920420	-0.342582	-0.304741	1.041828	0.120149	1.385839	0.381269	0.221336	0.424490	0.284034	0.263481	0.243045	-0.470022	-0.169240	0.933303	-0.599149	0.473342	0.535418	1.203559	-0.862744	0.489169	-0.601866	1.512946	-1.682794	-1.268045	0.229469	-0.019579	-0.317584	-0.770559	-1.778683	-0.598492	0.411014	0.841587	1.243463	-0.949674	-0.580419	-0.993977	-1.709183	0.364277	1.506438	2.058765
0.701801	-0.051706	0.366845	-0.371922	0.395865	-0.813074	0.211970	-0.107580	-0.155029	-0.272461	-0.613694	-0.442674	-0.273022	0.138476	1.193291	1.573465	0.914451	1.858495	0.559953	2.154832	1.809289	-0.096366	1.726674	-0.292632	0.688234	0.225054	-0.141315	0.355687	1.390269	0.449293	0.157839	1.262648	0.532873	0.864459	0.693612	0.826650	0.347861	0.939935	-0.266354	0.295853	0.832996	0.467215	0.711890	0.577617	1.871384	2.032963	-0.337825	-0.165462	-0.349686	-0.441896	0.479791	0.782828	-0.671829	-0.060198	-0.333453	-0.950415	-0.539140	-0.823832	-0.035695	-0.031951	-0.158063	0.073577	0.447830	0.396976	0.907067	-0.140055	0.108857	0.085038	-0.839127	-1.221654	0.202537	0.193070	0.212381	0.400811	1.262365	0.045298	0.959991	0.865059	0.880196	0.758726	0.450047	-0.345039	0.136926	0.853015	-0.288416	0.595621	0.896178	1.078681	-0.880266	-0.311435	-0.473015	1.021949	-0.836617	-0.522336	0.638600	0.640546	-0.643481	-0.786607	-3.339075	-0.607517	-0.528920	-0.965408	0.061440	-1.069249	-1.289787	-2.682706	-0.288387	-0.267178	0.297624	0.732541
0.526804	0.744041	0.531402	0.164646	0.423708	-0.388486	0.624393	0.251333	0.844383	0.127633	-0.002986	0.054250	-0.965729	-0.897014	0.980142	1.046470	0.947805	0.803971	0.483624	1.594040	2.114164	0.056097	2.066545	0.632124	0.166206	0.292996	-0.369759	0.207427	1.717375	0.903704	-0.523589	1.157554	0.233520	0.098496	0.178703	0.157793	0.936678	0.624517	0.574665	0.908626	0.928548	0.940562	0.319903	0.286583	1.093939	0.817456	0.896177	0.968459	-0.209410	-0.614899	-0.690355	-0.298595	-1.685565	-0.917120	-0.261310	-0.687455	-0.356931	-0.755182	-0.089512	0.222534	-0.217134	-0.013837	0.602388	0.729388	0.776669	0.773876	-0.741645	0.315152	-1.314619	-0.710890	0.818928	0.787911	-0.649765	0.540901	0.383245	-0.766615	1.230886	0.759363	1.059930	1.040718	0.284286	0.079538	0.182939	0.321957	-0.093481	0.393848	0.269812	0.220185	-0.371442	-0.516222	-0.344907	0.312930	0.518540	0.600137	0.908615	1.377394	0.181493	-0.612575	-3.155148	-0.071468	-0.810650	-2.610217	-1.225940	0.148063	-1.370422	-2.835274	1.427245	-0.467323	-0.752994	-0.999222
0.607370	1.183431	0.370751	0.524048	0.482800	0.151143	0.760728	0.574925	1.617087	0.500322	0.788473	0.358686	-1.351072	-1.382379	0.549645	0.499432	0.552786	-0.359243	0.348918	0.707457	1.715527	0.538720	1.946508	1.373766	-0.113511	0.342111	0.007047	0.253321	1.593577	0.833952	-0.410475	0.483117	-0.067119	-0.386490	-0.344553	-0.597793	1.322231	0.327416	1.483533	1.184766	1.236954	1.343117	-0.043580	-0.231237	0.230400	-0.229975	1.617392	1.373032	-0.183000	-0.262886	-1.374705	-1.153614	-1.516440	-1.866169	-0.100478	-0.111471	-0.198181	-0.619000	0.078846	0.277364	-0.337637	-0.216576	0.166232	0.428954	0.592103	1.222117	-0.240029	0.576013	-1.360169	-0.360344	1.062503	0.919506	-0.536081	0.813338	-0.335561	-0.923925	0.909687	0.334076	0.916661	0.998800	-0.296420	0.158126	-0.113496	-0.172208	-0.068979	0.222740	-0.745350	-0.758630	-0.004717	-0.222397	-0.275322	0.074999	1.170823	1.078664	1.264847	1.844931	1.143188	-0.637134	-1.671946	0.444944	-0.668511	-2.938394	-1.529798	1.273954	-0.888748	-1.579954	2.379663	-0.528929	-0.878132	-2.229851
0.990084	0.937570	0.007666	0.247697	0.348538	0.312248	0.516639	0.503000	1.497540	0.360105	1.230166	0.229771	-1.189344	-1.208013	0.282349	0.265407	0.072589	-0.944990	0.311483	-0.095868	1.255640	1.286619	1.528188	1.493913	0.002766	0.366150	0.866399	0.565844	0.970648	0.032960	0.287670	-0.212242	-0.220629	-0.371828	-0.549948	-0.822070	1.199157	0.269751	1.785323	0.871202	1.434834	1.287059	-0.083476	-0.323490	0.047025	-0.276439	1.619474	1.085129	-0.609874	-0.217333	-1.187210	-1.488149	-0.640436	-2.401747	-0.341599	0.257349	-0.373753	-0.421112	0.189086	0.030528	-0.432123	-0.291695	-0.186476	0.070905	0.550938	0.575612	0.755248	0.384135	-1.332930	-0.795298	1.045095	0.672201	0.411646	1.062436	-0.378476	-0.401290	0.501385	0.000210	0.850161	0.851477	-0.978734	-0.421128	-0.398738	-0.420969	-0.035868	0.243770	-1.224990	-1.284483	-0.257486	-0.169860	-0.177077	-0.015955	1.086153	0.940785	1.699690	1.924964	1.176432	-0.743123	-0.300743	0.695607	-0.625584	-1.923548	-0.684287	1.176962	-0.215488	-0.298437	2.275794	-0.820791	-0.598830	-2.456302
0.998318	0.265264	-0.275616	-0.510425	-0.043864	-0.095808	-0.031522	-0.162200	0.642499	-0.290641	1.117166	-0.024755	-0.434968	-0.595531	-0.052811	0.025758	-0.427103	-0.952995	0.168033	-0.728588	1.052426	1.892880	0.794553	0.783383	-0.340432	0.116172	1.473532	0.852307	0.028876	-0.939454	0.621826	-0.597448	-0.075725	0.011921	-0.449171	-0.452894	0.600425	0.248544	1.040874	0.086868	0.997486	0.597770	-0.081690	0.029522	0.400095	0.274755	1.497584	0.931068	-0.798654	-0.378125	-0.526496	-1.294170	0.255357	-1.649100	-0.892636	0.218918	-0.700615	-0.018450	0.194003	-0.057130	-0.309161	0.011488	0.166850	0.357352	0.457308	-0.762347	0.859060	-0.452483	-1.142106	-1.401372	1.201702	0.643612	0.991852	0.816723	-0.072144	-0.104204	0.544864	-0.011689	1.050219	0.896782	-1.425740	-1.284518	-0.227053	-0.495655	0.189431	0.337366	-0.930924	-1.124995	-0.691017	-0.541852	0.021238	-0.385309	1.189159	1.008577	1.942423	1.758767	0.386610	-0.549607	0.208855	0.793692	-0.651624	-0.666548	0.475370	0.320365	0.232240	0.123456	1.622181	-1.204041	-0.715761	-1.853481
0.210384	-0.211014	-0.387006	-1.111977	-0.479701	-0.617485	-0.601986	-0.951191	-0.113010	-0.840409	0.678536	0.126958	0.471535	0.066759	-0.737643	-0.458167	-0.842862	-0.620152	-0.145035	-1.078420	0.940386	1.884815	-0.051194	-0.315704	-1.443982	-0.363834	1.298839	0.789965	-0.797103	-1.152275	0.184529	-0.555380	0.238779	0.420770	-0.342305	-0.009769	-0.070441	0.082971	-0.306540	-0.618317	-0.025551	-0.266991	-0.442756	0.191199	0.509462	0.500309	1.485558	1.125616	-0.017740	-0.153480	0.039231	-0.761802	0.814754	0.235362	-1.145314	0.041862	-0.773701	0.524313	0.224268	0.319701	-0.074333	0.430393	0.730111	0.908913	0.078540	-1.551714	-0.128402	-1.280477	-0.637844	-1.141043	1.416808	0.894190	0.482109	-0.017435	0.037259	-0.440133	0.876086	0.188479	1.195011	1.043486	-1.563744	-1.767209	0.295223	-0.522531	0.453222	0.270954	-0.448778	-0.551909	-0.607179	-0.735031	0.132121	-0.766717	1.705186	1.427503	1.697828	1.389546	-0.253145	0.032060	0.375152	0.704113	-0.383536	-0.181931	1.076243	-0.061144	0.337110	0.189703	0.910673	-1.270065	-1.181899	-1.062778
-0.728368	-0.145421	-0.454629	-1.115779	-0.600543	-0.592173	-0.775254	-1.055640	-0.154600	-0.736559	0.341491	0.693557	0.835813	0.407081	-1.355874	-0.809062	-0.877916	-0.151665	-0.276168	-0.977002	0.604854	1.237501	-0.489093	-0.958089	-2.154381	-0.575977	0.644269	0.411796	-1.028976	-0.387306	-0.360182	-0.193439	0.373960	0.548974	-0.330505	0.126768	-0.351038	-0.050300	-1.137612	-0.699940	-0.831999	-0.583791	-0.918460	-0.108212	0.059365	0.164531	1.105569	0.954037	1.187787	0.396308	0.287759	-0.241220	1.061244	1.706917	-0.726787	0.068185	-0.482781	0.807962	0.316412	0.770786	-0.001557	0.451610	0.570429	0.726637	-0.377096	-1.043221	-0.982737	-1.339627	-0.132795	-0.080037	1.110045	0.789636	-0.379015	-0.756068	-0.091647	-0.755768	0.866366	0.338348	0.910103	0.935511	-1.440277	-1.535339	0.544675	-0.546832	0.396135	-0.046756	-0.310794	-0.135814	-0.097371	-0.399282	-0.079541	-0.724613	1.740241	1.407318	1.012101	0.767939	-0.207192	0.618256	0.815757	0.273309	0.170751	-0.406411	0.990112	0.271514	0.331609	0.626673	0.267692	-0.867035	-1.282289	-0.669812
-0.777929	0.158417	-0.477611	-0.632429	-0.258239	0.055177	-0.352799	-0.276802	0.287640	-0.088964	0.321464	0.995722	0.486450	0.374587	-1.096522	-0.471491	-0.435191	0.204401	0.040748	-0.474016	0.018677	0.439400	-0.290872	-0.715618	-1.347998	-0.205462	0.186876	0.041846	-0.550024	0.522409	-0.237756	0.113066	0.209799	0.400141	-0.179106	0.121164	-0.186908	0.085120	-0.755902	-0.151983	-0.690254	-0.162169	-0.783454	-0.311959	-0.390678	-0.158692	0.222222	0.116612	1.357364	0.582443	0.296261	0.032768	1.151201	1.448470	0.014593	0.281595	-0.132758	0.511649	0.374892	0.702747	-0.031982	0.099819	-0.171138	-0.200328	-0.418096	0.129245	-0.597739	-0.707202	0.003785	0.584611	0.284006	0.114638	-0.382554	-0.598530	-0.158030	-0.353086	0.320303	0.286440	0.348081	0.536120	-0.986515	-0.774338	0.216223	-0.468096	0.023815	-0.349790	-0.300352	-0.145681	0.177432	0.081538	-0.383381	-0.312300	0.758725	0.587265	0.323843	0.128185	0.058014	0.670199	1.102913	-0.256157	0.594509	-0.492769	0.632710	0.340563	0.348885	1.034069	-0.224236	-0.205533	-0.600564	-0.712849
0.076992	0.123221	-0.196953	-0.036912	0.237963	0.661368	0.318895	0.649653	0.494786	0.544165	0.416727	0.514793	0.070708	0.331686	0.161499	0.439155	0.107889	0.266745	0.469564	0.128347	-0.507064	-0.069282	0.018545	0.005547	0.268027	0.319763	0.029843	-0.163437	0.155620	0.672346	0.342303	0.007034	0.011519	0.260596	0.199328	0.227705	0.007163	0.355141	0.321255	0.493479	0.171239	0.451425	0.093198	0.050497	-0.293057	-0.077936	-0.364995	-0.490240	-0.032345	0.215024	0.236068	0.254241	1.096794	-0.032876	0.403756	0.350465	-0.047936	-0.108301	0.355584	0.153520	0.202491	-0.012201	-0.328930	-0.641171	0.028754	0.690413	0.610482	-0.057863	0.007387	0.186265	-0.213173	-0.349571	0.480462	0.296085	-0.125157	0.442715	-0.259130	0.068180	0.006846	0.230340	-0.142745	0.114786	-0.192680	-0.067775	-0.139850	-0.153851	0.125223	-0.215769	0.112920	0.414288	-0.139317	0.234097	-0.393778	-0.202567	-0.006201	-0.086966	-0.122326	0.001608	0.410486	-0.280863	0.670034	0.122805	0.259193	-0.455381	0.082057	0.484973	-0.394844	0.410205	0.555697	-0.710811
0.687482	-0.369525	0.508140	0.425988	0.411699	0.594676	0.656597	0.897900	0.150702	0.792583	0.318726	-0.263050	0.315630	0.667779	1.478376	1.090261	0.290737	0.138171	0.443437	0.506843	-0.722081	-0.318224	-0.285112	0.415418	0.887936	0.296315	-0.328626	-0.407095	0.405222	0.162860	0.535441	-0.417935	0.046333	0.345084	0.482561	0.312455	-0.090099	0.428845	0.928306	0.717578	0.763340	0.604948	0.878556	0.536011	0.033674	0.014687	0.009527	0.000527	-1.656043	0.014760	0.357298	0.814772	0.772604	-0.958013	0.254845	0.116338	-0.133657	-0.335774	0.381479	-0.181073	0.786147	0.459002	0.607580	0.201471	0.420517	0.218817	1.272818	0.284114	0.428792	-0.401453	0.186648	0.144727	0.980078	0.842284	-0.217600	0.702587	-0.370550	-0.162760	0.056961	0.247688	0.860030	0.882286	-0.015178	0.712565	0.292679	0.647434	0.937630	0.170043	0.357487	0.925471	0.877318	0.925184	-0.540465	-0.053261	-0.134904	0.136393	-0.665544	-0.904909	-0.971894	0.412525	0.705453	1.137474	-0.252640	-1.332336	-0.740653	-0.832812	-0.283211	0.839142	1.548034	-0.300492
0.253015	-0.768081	1.269258	0.710631	0.244625	0.099106	0.559743	0.532147	-0.288723	0.743149	0.115831	-0.265871	1.174361	1.348432	1.796360	0.885476	0.126280	0.089034	-0.016912	0.490574	-0.714809	-0.535499	-1.149599	0.107881	0.009647	-0.274807	-1.000440	-0.832150	0.106634	-0.068335	0.122410	-0.627777	0.275277	0.566762	0.423601	0.141893	-0.222131	0.295686	0.581738	0.493724	0.460100	0.197282	0.815982	0.434925	-0.101238	-0.398991	0.746646	1.006795	-1.776377	0.571220	0.906638	1.688984	0.263718	-0.258868	0.116929	-0.058268	0.061263	0.278425	0.627167	0.235646	1.293424	1.089211	1.635899	1.467660	0.347711	-0.427850	0.842418	0.593474	1.283519	0.076170	0.900154	1.146684	0.333158	0.383494	-0.376144	0.223014	-0.126290	-0.223107	0.171987	0.321101	1.601052	1.510539	0.702277	1.488264	1.000238	1.429728	1.491774	0.961347	1.248757	1.794585	1.978628	1.705713	0.258854	0.698676	-0.475716	0.197648	-0.914340	-1.149073	-1.574566	1.237868	1.142812	1.790484	-0.922535	-1.215884	-1.592005	-1.488541	-0.229276	1.176783	1.938674	0.272071
-0.589007	-0.463764	1.501172	0.838169	0.253289	0.076127	0.511171	0.329453	-0.180544	0.721266	0.221352	0.820430	1.929164	1.942157	1.043242	0.197076	0.053763	0.268377	-0.226394	0.177148	-0.661161	-0.706929	-1.674814	-0.580604	-0.904328	-0.591158	-1.255006	-1.090169	-0.125106	0.593819	-0.202706	-0.182787	0.528366	0.719259	0.304544	-0.099661	0.073543	0.265642	-0.063678	0.199517	-0.288524	-0.329923	0.231294	-0.102133	-0.636414	-1.030497	0.656695	1.131733	-0.279679	1.377220	1.769837	2.310340	0.016494	1.410065	0.579797	0.357584	0.755804	1.361835	1.036852	1.097674	1.290865	1.230020	1.486101	1.649314	0.156078	-0.202823	0.119742	1.096309	1.914681	1.476522	0.905403	1.458569	-0.682668	-0.405683	-0.179311	-0.140563	0.035583	-0.011037	0.057305	0.125688	1.871801	1.990213	1.270900	1.674656	1.332292	1.422155	1.366992	1.575803	2.142396	2.379948	2.239870	2.139755	0.827932	0.890940	-1.021885	-0.354657	-0.552655	-0.287794	-0.496074	1.356717	1.896202	1.646991	-1.315346	-0.304273	-1.451036	-0.568196	-0.470981	1.549009	1.674668	0.492356
-0.681855	0.458856	0.994756	0.804994	0.737435	0.861303	0.793317	0.676954	0.477487	0.942672	0.675588	1.982399	1.978434	2.026455	0.083749	-0.132219	0.377120	0.666844	0.318680	0.012673	-0.500537	-0.658245	-1.122725	-0.872964	-0.417342	-0.086823	-0.494453	-0.641986	0.121768	1.677783	0.080289	0.739074	0.747822	0.752402	0.539440	0.032758	0.676201	0.428337	-0.177045	0.130000	-0.508067	-0.495348	0.035811	-0.248407	-0.708358	-0.989190	-0.448999	0.007126	1.298645	1.428835	2.308230	2.191319	0.342886	2.542714	1.437764	1.291829	1.497906	1.990346	1.190857	1.484596	0.817523	0.742915	0.238924	0.439245	0.403030	0.873918	-0.102187	1.488737	1.713605	2.289588	0.038801	0.609245	-0.703490	-0.418149	0.531368	0.325552	-0.000758	0.390426	-0.147386	-0.201477	1.786458	2.089978	1.184489	1.147559	1.100799	0.650150	0.828100	1.595201	2.143102	1.958867	1.537777	1.869267	0.362482	0.065755	-1.233929	-1.119344	0.037145	0.958475	1.270641	0.508029	2.196059	0.912652	-0.994621	0.231607	-0.178346	1.036974	-0.773234	1.732677	0.982010	0.278478
0.037823	1.235446	0.146080	0.604051	1.230802	1.581882	0.982462	1.053450	1.013078	1.295891	0.870271	1.943501	1.335526	1.525476	-0.271557	0.151181	0.921714	1.211401	1.261862	0.498209	-0.113882	-0.432660	0.195306	-0.301449	1.032849	0.765273	0.687520	0.466328	0.361399	2.124881	0.526022	1.375506	0.913207	0.750644	0.980960	0.607749	0.885891	0.465539	0.194798	0.201629	0.144590	-0.206930	0.458543	0.265691	0.152128	0.028587	-1.495728	-1.229575	1.662572	0.573038	1.912952	1.505450	0.871425	2.287043	1.842760	1.929749	1.569310	1.580566	0.681974	0.831199	0.251450	0.020162	-0.824952	-0.979079	0.919280	1.746097	-0.117312	1.316354	0.770336	1.486495	-0.856102	-0.593428	0.456592	0.388478	1.266955	1.140579	0.028191	0.750905	-0.144489	-0.252724	1.524490	1.536702	0.613927	0.486717	0.702793	-0.019205	0.342331	1.155883	1.212519	0.858189	0.620416	1.174568	-0.718219	-0.984925	-0.750952	-1.272646	0.364379	1.249655	1.823053	-0.757777	1.344733	0.128546	-0.232705	-0.047952	0.939050	1.598406	-0.656910	1.228614	0.201851	0.044010
0.542181	1.232070	-0.376635	0.317177	1.071237	1.203347	0.597922	0.814202	0.915400	1.421932	0.343309	0.649173	0.504546	0.765577	0.049392	0.522584	1.257387	1.700317	1.750194	1.543091	0.306651	-0.287743	1.186883	0.735427	1.827705	1.004582	1.031257	1.376445	-0.087153	1.487879	0.408368	1.065217	0.921382	0.733432	1.036381	1.131138	0.370622	0.167947	0.367550	0.168158	0.989183	0.221516	0.811850	0.726959	1.227711	1.137414	-1.485874	-1.364946	1.036234	-0.285585	0.798259	0.897874	0.897477	1.068247	1.381354	1.626364	0.882131	0.512903	-0.238998	-0.348745	-0.090357	-0.478528	-0.792934	-1.358807	0.978849	1.547482	-0.515054	0.660881	-0.173504	-0.165382	-0.973451	-1.027406	1.544642	0.984177	1.391354	1.239471	0.250340	0.868892	0.048737	0.066455	1.205460	0.548532	0.134164	0.376714	0.540554	0.121585	0.037507	0.637746	0.216452	0.218411	0.231020	0.721656	-1.398108	-1.248509	0.011843	-0.613286	0.443036	0.144392	0.564843	-1.543108	-0.259638	-0.292002	0.114370	-0.296228	0.595024	0.561428	-0.053830	0.053503	-0.320518	0.038699
0.239244	0.642903	-0.195752	0.139090	0.379074	0.017557	-0.021463	0.174224	0.479315	1.127553	-0.369341	-0.631506	0.052658	0.257494	0.603824	0.513002	1.148259	1.795270	1.391118	2.307545	0.381197	-0.295357	1.112328	1.306529	1.275534	0.387746	0.178817	1.213936	-0.877642	0.461968	-0.179519	0.019158	0.730598	0.633613	0.506957	1.090058	-0.245774	-0.147541	0.102247	0.025102	1.158139	0.428862	0.531306	0.436456	1.394040	1.175614	-0.594939	-0.476882	0.449272	-0.317661	-0.061026	0.787367	0.327950	-0.005435	0.675945	0.786052	0.192677	-0.206227	-0.655411	-0.880175	-0.102721	-0.533375	-0.030923	-0.650167	0.412808	0.570458	-0.959482	0.147854	-0.363768	-0.993767	-0.377343	-0.464454	1.397072	0.681454	0.874017	0.387927	0.402944	0.708759	0.149997	0.417862	0.999118	-0.052497	0.127373	0.836036	0.598205	0.810832	-0.148357	0.248533	-0.045490	0.614547	0.444796	0.837317	-1.167469	-0.643329	0.262748	0.184837	0.614146	-1.221497	-1.113598	-1.304253	-1.200809	-0.292348	-0.414739	0.235154	-0.843663	-0.923221	0.450898	-0.809165	-0.346492	-0.063168
-0.227714	0.271077	0.472799	0.228411	0.033193	-0.538219	-0.024626	-0.005525	0.406995	0.720164	-0.212493	-0.685450	0.227836	0.327988	1.000805	0.313295	0.773202	1.348992	0.656639	2.052119	0.073749	-0.194010	0.357044	0.967580	0.332424	-0.317832	-0.784769	0.120829	-0.808426	0.107616	-0.433075	-0.744376	0.546712	0.484596	-0.042958	0.548934	-0.068115	-0.015952	-0.042722	0.051751	0.656539	0.390504	-0.034877	-0.306716	0.519427	0.111009	0.253846	0.391753	0.376903	0.352776	0.049289	1.027460	-0.114664	-0.204589	0.634803	0.458891	0.259091	0.072196	0.052405	-0.169275	0.169336	-0.179680	0.526357	0.243476	-0.002802	-0.094523	-0.592051	0.224697	0.267160	-0.398878	0.272654	0.362495	0.303763	-0.013284	0.322127	-0.535298	0.234783	0.412663	0.087559	0.513380	1.066163	0.374062	0.470374	1.240067	0.640051	1.209752	-0.109871	0.060655	0.425738	1.417027	0.870126	1.287697	-0.351114	0.100915	-0.182217	0.442336	0.981505	-1.355624	-1.516123	-0.237719	-0.508710	-0.109710	-1.272184	1.039632	-1.676274	-1.440569	0.303587	-0.346230	0.102756	-0.629941
0.013632	0.611659	1.050381	0.516171	0.552590	0.314774	0.764353	0.621171	0.885388	0.714189	0.977428	0.416360	0.807621	0.853847	1.105160	0.373286	0.556621	0.688361	0.305419	1.067254	-0.147097	0.210395	-0.035139	0.265267	0.193584	-0.309490	-0.596889	-0.748255	0.550523	0.632396	0.056958	-0.474705	0.673068	0.484640	0.038755	0.076429	0.930997	0.512999	0.435714	0.422580	0.324344	0.396418	-0.138016	-0.588550	-0.330322	-0.841347	0.556449	0.599172	0.517672	1.003894	0.820608	1.231231	0.200315	0.292746	1.288664	1.050594	0.978560	1.039415	1.334525	1.111452	0.552130	0.362353	0.547433	0.620904	0.453329	0.241984	0.580188	0.659363	0.987295	0.554245	0.559759	0.741394	-0.432981	-0.141579	0.283608	-0.658710	-0.030052	0.217488	0.162563	0.489255	1.293478	1.420710	0.754165	1.118277	0.614756	0.961283	0.281892	0.197332	1.074004	1.695261	1.195087	1.685264	0.443859	0.459879	-0.582647	0.291273	1.303395	-0.176459	-0.524504	0.933874	1.130286	-0.025376	-1.492966	1.174648	-0.915399	-0.785644	-0.163017	1.095906	0.679806	-1.284790
0.757587	1.235742	1.101371	0.702107	1.283177	1.549240	1.416960	1.305427	1.321544	1.101874	1.997789	1.489779	1.231063	1.301422	0.883715	0.673172	0.710327	0.293793	0.520582	0.356441	0.123414	0.651753	0.387787	0.034360	0.744481	0.251163	0.621668	-0.472706	1.947322	1.142623	0.763694	0.395322	1.076006	0.718986	0.614771	0.062933	1.744242	0.855124	1.127914	0.869518	0.688698	0.599804	0.312427	-0.099178	-0.189018	-0.645476	0.596164	0.481043	0.540768	1.163377	1.309256	1.165058	0.983085	0.782619	1.699677	1.753218	1.514314	1.761147	1.894759	1.702427	0.752706	0.755216	0.416991	0.552613	1.380673	1.138344	1.465014	0.843654	0.944840	0.564489	0.612376	0.692749	-0.113052	0.452142	0.652348	-0.107659	0.064764	0.255225	0.578385	0.614169	1.271365	1.886384	0.726260	0.666060	0.638190	0.512246	0.766155	0.615610	1.420143	1.282973	1.294512	1.776814	0.894986	0.583124	-0.147602	0.354490	1.339923	0.851878	0.538077	1.515645	1.988945	-0.134437	-0.798079	0.685651	0.530919	0.141658	-0.020747	1.908815	0.885274	-1.169981
0.933688	1.190713	0.583058	0.480319	1.027649	1.414056	0.898217	0.990302	1.022768	1.150684	1.552200	1.413795	0.969553	1.086460	0.302009	0.672525	0.874969	0.168023	0.707745	0.342105	0.598738	0.646427	0.905920	0.358204	0.818052	0.446445	1.423687	0.535685	1.705145	0.690441	0.870988	0.718135	1.209931	0.867230	0.812781	0.220750	1.345937	0.528071	1.053820	0.834177	1.159448	0.700913	0.562389	0.419429	0.601363	0.310979	0.733704	0.554915	0.486591	0.893103	0.913052	0.738399	1.327424	0.770182	1.037633	1.438139	1.151885	1.493983	1.057047	1.030810	0.526420	0.690093	0.393500	0.371686	1.574261	1.463207	1.145921	0.416246	0.015164	-0.371067	0.625449	0.589162	0.584280	0.903489	0.783334	0.267991	0.479645	0.338137	0.955890	0.742473	0.659339	1.000035	0.417995	0.302510	0.609473	0.317479	0.748310	0.794993	1.229825	0.596799	0.963245	1.327620	0.952573	0.723926	0.884383	0.758969	1.042918	0.453065	0.607485	1.227130	1.095565	-0.350321	0.157519	0.414072	0.997266	0.494052	0.933801	0.963739	0.424259	-0.153787
0.036182	0.066224	-0.267648	-0.180521	-0.459849	-0.405567	-0.673752	-0.429312	-0.017920	0.216897	-0.191489	0.116966	-0.017622	0.081491	-0.552563	-0.012517	0.394351	-0.168664	0.188593	0.339069	0.556050	0.121220	0.535473	0.518758	-0.216742	-0.237041	0.734924	1.006724	-0.240467	-0.569781	0.169770	0.016903	0.528161	0.452206	0.029925	-0.053179	-0.213584	-0.335673	-0.131908	0.037643	0.732922	0.282506	-0.038919	0.101401	0.809225	0.746581	0.772159	0.642346	0.440106	0.454327	-0.155016	-0.077969	0.723224	0.253746	-0.461689	-0.034508	-0.068859	0.239019	-0.505169	-0.305364	-0.090096	0.115504	0.181336	0.062695	0.418556	0.573216	-0.076282	-0.464403	-1.089733	-1.173660	0.438819	0.416016	0.572250	0.386276	0.172558	-0.061504	0.552603	0.072681	0.638803	0.404403	-0.449249	-0.781477	-0.073058	-0.001772	0.171345	0.144548	-0.053863	0.149562	0.372694	-0.160630	-0.007731	0.184751	0.595043	0.665890	1.385754	0.894950	0.428695	-0.920665	-0.060993	0.257816	-0.813369	-0.569986	0.640762	0.586080	0.067935	0.214467	1.629371	-1.037289	-0.511578	0.758827
-1.125173	-1.423091	-1.088973	-0.939116	-1.919660	-2.179154	-2.014816	-1.852604	-1.076934	-1.307934	-1.701198	-1.396090	-1.131029	-1.154419	-1.316545	-1.019713	-0.846316	-0.886162	-0.901988	-0.387697	-0.192107	-0.413362	-0.602111	-0.022051	-1.589894	-1.192994	-0.773351	0.366104	-2.061804	-1.511065	-0.804403	-0.950420	-0.772449	-0.509829	-1.242185	-0.802589	-1.744084	-1.096994	-1.534942	-1.079286	-0.578510	-0.531356	-1.127899	-0.882848	-0.066388	0.157112	0.277356	0.163878	0.234940	-0.052593	-1.190308	-1.075471	-0.416276	-0.532146	-1.730478	-1.640835	-1.441850	-1.299759	-1.542898	-1.280666	-0.797410	-0.678116	-0.499806	-0.542644	-1.293557	-0.955780	-1.038919	-1.274661	-1.592474	-1.156743	-0.169919	-0.171784	-0.192475	-0.769297	-0.937300	-0.739479	-0.127166	-0.641451	-0.412122	-0.445260	-1.542043	-2.237699	-0.665073	-0.571381	-0.728937	-0.455675	-1.119401	-1.068922	-0.999285	-1.009376	-1.333628	-1.291766	-0.129129	0.056695	0.699535	0.301205	-0.486824	-1.628734	-0.540505	-0.870069	-2.124869	-0.709333	0.621846	0.407310	-1.020911	-0.198185	0.942215	-2.287057	-1.301593	0.640488
-1.350478	-2.088243	-1.484333	-1.288279	-1.883052	-2.055267	-1.990704	-2.096829	-1.403226	-2.231012	-1.775522	-1.951082	-1.614788	-1.801401	-1.491422	-1.484838	-2.010066	-1.350434	-1.570379	-1.401955	-0.927955	-0.423947	-1.275318	-0.884572	-1.997343	-1.320593	-1.363344	-0.566187	-1.998144	-1.344598	-1.350791	-1.154958	-1.777240	-1.349243	-1.810067	-1.288725	-1.979177	-1.156191	-1.860975	-1.615067	-1.526092	-1.021685	-1.628365	-1.428184	-0.998751	-0.509831	-0.674501	-0.885161	-0.283216	-0.660089	-1.592828	-1.742614	-1.233618	-1.333606	-2.003257	-2.328390	-2.179243	-2.250480	-1.588080	-1.509904	-1.331576	-1.289484	-1.298478	-1.210944	-2.133475	-1.901617	-0.938428	-1.479927	-1.417107	-0.763191	-0.959342	-1.118024	-0.639596	-1.290465	-1.640701	-1.009092	-0.965110	-1.311273	-1.312891	-1.109619	-2.064545	-2.493297	-1.126783	-1.299781	-1.475857	-1.228238	-1.526162	-1.716323	-2.176255	-1.616078	-2.170316	-2.219652	-0.932695	-0.910304	-0.463488	-0.567959	-1.509083	-0.835399	-0.467982	-1.554154	-1.950077	-0.613854	0.538902	-0.707805	-0.986581	-0.322608	-0.779547	-1.873298	-1.341557	-0.104667
-0.484882	-1.529197	-1.222044	-0.934907	-0.424727	-0.355429	-0.820389	-1.189078	-0.942039	-1.892471	-0.786183	-1.294990	-1.289861	-1.544560	-0.911955	-0.961524	-2.071038	-0.835305	-1.030507	-1.501409	-0.894033	0.039744	-0.696299	-1.238233	-1.078605	-0.317370	-0.271612	-0.607416	-0.315099	-0.504683	-1.210117	-0.498923	-1.784285	-1.433836	-1.091782	-0.883144	-0.797231	-0.456813	-0.838413	-1.094614	-1.102514	-0.704257	-0.985030	-0.815616	-0.625068	-0.063565	-1.376656	-1.684726	-0.863441	-1.236623	-1.229182	-1.670063	-1.326776	-1.805144	-1.554211	-2.062178	-1.970499	-2.228251	-1.275526	-1.434280	-1.637476	-1.510654	-1.524150	-1.353343	-1.554947	-1.703534	-0.105520	-0.896041	-1.059045	-0.699813	-1.306615	-1.705881	0.018228	-0.440368	-1.184093	-0.603638	-0.911627	-1.260843	-1.143269	-0.895902	-1.842079	-1.641339	-1.124870	-1.539950	-1.345323	-1.311670	-0.948982	-0.965185	-2.306298	-1.430567	-1.877438	-2.000373	-1.404141	-1.540627	-0.827973	-0.801814	-2.154805	0.500849	-0.272472	-1.426764	-0.832739	-0.159516	0.589236	-2.050993	-0.009305	-0.135660	-1.944435	-0.669708	-0.557705	-0.245348
0.468634	-0.565278	-0.474580	-0.056204	0.839940	0.693865	0.201719	-0.318218	-0.318618	-0.967896	-0.018287	-0.324598	-0.679051	-0.848811	-0.029625	0.028738	-0.990969	0.334503	0.281366	-0.343329	-0.239038	0.451499	0.369387	-0.865027	0.241939	0.873550	1.352868	0.348252	1.055140	-0.042546	-0.688442	0.217805	-1.013136	-0.868586	0.152959	0.030383	0.650581	0.450998	0.451063	-0.073595	0.139583	-0.049334	0.161349	0.376401	0.960137	1.375250	-1.177752	-1.435892	-1.021483	-1.424852	-0.489952	-1.040741	-1.091194	-1.604519	-1.219714	-1.601989	-1.136031	-1.604891	-1.325111	-1.525054	-1.706054	-1.363081	-0.944384	-0.669207	-0.396135	-0.996423	0.456029	0.133783	-0.850513	-0.834380	-0.853923	-1.265966	1.240335	0.985525	0.231495	0.016423	0.239546	-0.379402	-0.043167	-0.006331	-1.197705	-0.475910	-0.621195	-0.905038	-0.398027	-0.376620	-0.071342	0.655620	-1.341890	-0.544730	-0.748461	-1.013951	-1.320263	-1.376989	-0.081921	-0.118483	-1.970891	0.847091	-0.367680	-0.589582	0.002023	0.463636	0.588794	-2.297012	0.667343	0.106342	-1.502137	-0.114620	0.487846	0.660824
0.631579	-0.274813	0.231018	0.758827	0.626623	-0.340018	0.153988	-0.436794	-0.108462	-0.636400	-0.085977	-0.114912	-0.384116	-0.448215	0.473117	0.552532	0.174385	0.870334	1.091967	0.901543	0.249762	0.446660	0.553442	-0.390972	0.849467	1.054436	1.807591	1.249508	0.773732	-0.406655	-0.278965	0.294241	-0.244513	-0.321522	0.659469	0.452078	1.137329	0.870417	0.785757	0.374160	0.724911	-0.000468	0.719890	0.946786	2.147442	2.420504	-0.207032	-0.289044	-0.645879	-1.024375	-0.079723	-0.557467	-1.147097	-0.852151	-1.361754	-1.490461	-0.347420	-1.131187	-1.600009	-1.636587	-1.441752	-0.967714	-0.042124	0.432163	0.166844	-0.800484	0.258833	0.891383	-0.691338	-0.526362	0.062438	-0.041128	1.795738	1.506900	1.533707	0.262179	1.466914	0.653700	0.868493	0.642691	-0.650942	0.199974	-0.065591	0.095860	0.474369	0.719272	0.188170	1.745925	-0.287386	0.127276	0.219864	-0.249456	-0.807730	-0.663161	0.800935	0.803724	-1.073829	-0.062538	-0.604337	0.364848	-0.102377	0.759219	0.407558	-1.169161	0.306649	0.108671	-0.074712	-0.535444	1.043613	1.707306
0.168462	-0.770609	0.409652	0.866876	-0.589642	-2.292767	-0.586770	-1.162113	-0.278532	-1.132884	-0.451370	-0.740364	-0.518690	-0.640636	0.360259	0.282222	0.433941	0.046265	0.708951	0.873983	0.143974	0.136706	-0.304186	-0.390130	0.580438	0.109006	0.786699	1.153294	-0.480807	-1.110921	-0.170113	-0.246600	0.019893	-0.263141	0.113590	0.025084	0.581157	0.565082	0.114994	-0.150508	0.039636	-0.741875	0.380219	0.477049	1.648583	1.947017	0.635993	0.703378	-0.163114	-0.323003	-0.468785	-0.751303	-1.529176	-0.262095	-1.550388	-1.557220	-0.154362	-1.223496	-1.464697	-1.345860	-0.864882	-0.531230	0.491835	1.100885	-0.138387	-1.377333	-0.173709	0.770209	-0.480391	0.162088	0.659279	0.869173	1.189359	0.675585	1.733202	0.048874	1.571932	0.958078	0.685114	0.430847	-0.452999	0.074242	0.010474	0.502295	0.457635	0.745285	-0.291582	1.432530	-0.197982	-0.150947	0.251353	-0.301744	-0.259453	-0.046631	0.750232	1.037281	-0.188647	-1.029830	-0.623002	0.649959	-0.784170	0.422493	0.215673	0.114143	-0.604485	-0.267648	0.893658	-1.057157	0.789759	1.792688
-0.229791	-1.181074	0.006432	0.069460	-1.304749	-2.775253	-0.961481	-1.314642	-0.435166	-1.538399	-0.420924	-1.241342	-0.770706	-1.072466	-0.030636	-0.264803	-0.141630	-1.217139	-0.290891	-0.310098	-0.263309	-0.207281	-0.993068	-0.649180	0.112294	-0.860259	-0.497742	0.213145	-1.097860	-1.415519	-0.131129	-0.873040	-0.150045	-0.549317	-0.588964	-0.543493	-0.120125	-0.051135	-0.579976	-0.901654	-1.066630	-1.345792	-0.203926	-0.303351	-0.067123	0.251746	0.497458	0.589698	0.008079	0.105705	-1.305098	-1.354141	-1.632137	-0.437889	-1.211886	-1.331961	-0.595392	-1.577000	-0.787901	-0.666177	-0.291623	-0.329663	0.354958	0.742757	-0.665140	-1.982426	-0.123787	-0.145939	-0.378441	0.394779	0.382186	0.561175	0.067041	-0.490507	0.782545	-0.202672	0.417404	0.276624	-0.383351	-0.389762	-0.405622	-0.576840	-0.419898	-0.060465	-0.382118	-0.501474	-0.831402	0.063152	-1.043054	-1.058416	-0.570859	-0.895933	-0.071390	0.028334	-0.238353	0.269299	0.065009	-0.908859	-0.352274	-0.118625	-1.242914	-0.224146	0.240407	0.287790	-1.104988	-0.799957	0.775649	-0.856371	0.085696	0.871791
-0.271054	-0.778212	-0.572437	-1.066575	-0.764435	-0.960039	-0.481558	-0.385872	-0.386837	-1.004047	-0.052789	-0.776513	-0.786344	-1.111619	-0.282003	-0.418625	-0.705495	-1.312365	-0.871926	-1.206284	-0.450096	-0.474101	-0.608894	-0.577556	-0.023238	-0.747659	-0.963391	-0.671100	-0.576924	-0.989522	0.118748	-0.993372	-0.422549	-0.677265	-0.543844	-0.438252	-0.297714	-0.316995	-0.537429	-0.854707	-1.456813	-0.889129	-0.351002	-0.506159	-1.398901	-1.311955	-0.525310	-0.503265	-0.117928	-0.117126	-1.565404	-1.491781	-0.988202	-1.108184	-0.296255	-0.632379	-1.113469	-1.472314	-0.089597	-0.042445	-0.042776	-0.439989	-0.220886	-0.416119	-0.758760	-1.662086	0.344677	-0.983788	-0.452708	-0.145532	-0.549064	-0.679470	-0.697322	-0.792594	-0.486760	-0.052574	-0.985737	-0.743200	-1.299971	-1.052346	-0.162342	-1.108200	-0.800824	-0.960655	-1.201607	-1.844339	-0.840970	-1.294100	-1.784891	-1.625139	-1.442248	-1.308679	-0.290448	-0.350320	-1.197277	-0.935829	-0.180244	0.150738	0.074739	-1.443425	-1.002220	-0.500655	0.408204	-0.500954	-0.780563	-0.883099	0.138929	0.016595	-0.385312	-0.238793
-0.090314	0.204269	-0.785778	-1.473782	0.440456	1.620545	0.422755	0.905496	-0.206319	0.227265	0.164946	0.429209	-0.393131	-0.424731	-0.269941	-0.006123	-0.621685	0.087029	-0.674510	-0.807846	-0.180805	-0.572296	0.340283	-0.044655	0.072137	0.393716	-0.770463	-0.861744	0.145838	0.012447	0.513517	-0.246758	-0.505244	-0.293638	0.119976	0.284057	-0.138276	0.065099	0.061405	0.127491	-0.914233	0.367097	-0.062129	-0.027909	-1.339357	-1.600087	-1.347574	-1.409269	-0.342169	-0.901255	-0.604942	-0.612504	0.105589	-1.379914	0.765168	0.328527	-0.927893	-0.472166	0.274453	0.302317	0.008396	-0.491899	-0.695329	-1.377018	-0.314382	-0.224851	0.574761	-0.816075	-0.375768	-0.644292	-1.216291	-1.552434	-0.883498	-0.116128	-1.171080	0.519932	-1.486512	-1.082200	-1.202964	-0.951034	0.314938	-0.944466	-0.528390	-1.192515	-1.150281	-1.853201	-0.326283	-1.706435	-1.472337	-1.292571	-1.480536	-1.049426	-0.481662	-0.662357	-1.189579	-1.552806	-0.328759	1.130732	0.605912	-2.164727	-0.112187	-0.117100	0.304191	-1.079566	0.082163	-0.031905	-0.329155	0.979453	-0.259571	-0.943425
0.227507	0.957689	-0.369067	-0.479884	1.301707	2.918108	1.100737	1.528122	0.070927	1.177453	0.106273	1.405964	0.334033	0.692376	-0.065266	0.650904	0.069414	1.535589	-0.152308	0.288644	0.390169	-0.309541	0.795725	0.540873	0.097887	1.489510	-0.634817	-0.442392	0.236769	1.139459	0.708825	1.187066	-0.261223	0.480415	0.587214	0.886876	-0.117326	0.737568	0.581972	1.191947	-0.026562	1.256413	0.256534	0.587000	-0.321258	-0.599499	-0.952045	-1.039495	-0.598010	-1.708664	1.020288	0.842764	0.863586	-0.745093	1.500634	1.181916	0.259234	1.131158	0.552266	0.620004	0.325273	0.034092	-0.581242	-1.160387	0.388841	1.562868	0.254132	0.392001	0.220518	-0.223116	-0.810507	-1.029958	-0.820011	0.720652	-1.012276	1.096068	-0.816991	-0.296223	-0.131855	-0.068343	0.683064	-0.039591	0.425471	-0.367855	-0.099306	-0.278018	0.442045	-0.887562	-0.060873	-0.305248	-0.385004	-0.181854	-0.131532	-0.388400	-0.160333	-0.951175	-0.137521	1.447931	1.169985	-1.382978	1.074567	0.511090	-0.402967	-0.749854	1.026303	1.429100	-0.598226	1.584401	0.202218	-1.231508
0.599619	1.003163	0.451415	1.366963	1.320902	2.338918	1.274879	1.225243	0.407829	1.202876	0.021521	1.486713	1.016936	1.474530	0.228067	1.064860	0.910443	1.438412	0.105556	0.662824	0.845002	0.257583	0.487180	0.807154	0.026995	1.574340	-0.674513	0.062290	0.014047	1.784478	0.516550	2.403463	0.158612	1.059410	0.411495	0.815503	-0.309521	0.963571	0.700822	1.449582	0.579054	1.030223	0.378407	0.846319	0.418743	0.609262	0.464577	0.465841	-0.799333	-1.846514	2.032205	1.795323	0.805211	0.396557	1.629264	1.577171	1.801337	2.463121	1.012830	1.107906	1.039335	1.116199	0.160176	0.213648	0.950611	2.648722	-0.273706	1.681136	1.177594	0.912325	0.459168	0.538187	-0.808226	0.945054	-0.453135	1.210999	0.253803	0.952697	1.023277	0.924161	0.618365	1.032551	1.381532	0.879232	1.184285	1.628697	1.251009	0.618886	1.650727	0.685023	1.244904	0.739813	0.708368	0.455726	1.000851	0.378778	0.080094	1.399217	1.467075	0.668407	2.031930	0.769066	-1.384815	0.125688	1.778934	2.420063	-0.781203	1.682060	0.452696	-1.101428
0.650771	0.517296	1.096365	2.539068	0.554512	0.771677	0.939958	0.530108	0.478622	0.485606	-0.053624	0.808951	1.109629	1.268633	0.422038	0.865056	1.387522	-0.213523	-0.118975	-0.272833	0.778372	0.586768	-0.069404	0.718635	-0.019713	0.638957	-0.487865	0.138630	0.185996	1.434837	0.145412	2.307738	0.326419	0.813632	-0.096613	0.123625	-0.498949	0.301820	0.486550	0.808297	0.568403	0.069175	0.349422	0.657551	0.070829	0.777744	1.574973	1.784904	-0.718140	-1.010116	1.686183	1.520809	0.168178	1.202736	1.075427	1.275840	2.517830	2.669233	1.344882	1.448077	1.632037	2.001044	0.962488	1.591776	0.959527	2.468755	-0.571521	1.953359	1.827723	1.792864	1.408991	1.730459	-0.918521	0.373891	-0.127146	0.775036	0.688990	1.436649	1.266236	1.059573	0.193090	1.545789	1.489733	1.436398	1.609203	2.217520	1.759858	1.641548	2.586351	1.056602	2.210916	0.993185	1.338568	1.194629	1.213071	1.104605	0.041946	1.373103	1.203551	2.622271	2.116281	0.515506	-1.688072	0.846070	2.131726	2.107119	-0.552083	1.230889	0.233182	-0.329009
0.071620	-0.034243	1.085960	1.925824	-0.618952	-0.657299	0.171132	0.015462	-0.095052	-0.326849	-0.376816	-0.079526	0.378595	0.133695	0.280514	0.057181	1.141952	-1.950158	-0.676667	-1.668443	0.185104	0.191576	-0.468708	0.388434	-0.058244	-0.523046	-0.066438	-0.377410	0.667658	0.131069	-0.047504	0.742695	-0.032406	-0.270989	-0.392217	-0.704086	-0.603444	-0.874278	0.060600	-0.108282	-0.071248	-0.695155	0.256748	0.234091	-1.040101	-0.332536	1.310724	1.745375	-0.306108	0.359841	0.368289	0.262666	-0.415068	1.195142	0.070582	0.364605	1.796368	1.574530	1.049319	1.179892	1.514195	1.940635	1.112562	1.790494	0.275584	1.205745	-0.579263	0.893741	1.647034	1.798866	1.088334	1.522986	-1.112032	-0.677132	-0.289045	0.087002	0.168821	0.627001	0.390410	0.003545	-0.212037	1.246857	0.539678	0.762548	0.753472	0.985485	1.483571	1.240296	2.084013	0.525347	1.656482	0.259087	1.151642	1.135213	0.220599	0.419188	-0.065273	1.160195	0.525901	3.018352	1.009803	0.142972	-0.711907	1.131809	1.824754	0.765251	0.263575	0.302115	-0.240277	0.916450
-0.742532	-0.318802	0.488805	0.044093	-1.527024	-1.370117	-0.695532	-0.168497	-1.044186	-0.694586	-0.893724	-0.770638	-0.707330	-1.103539	-0.172575	-0.849627	0.212702	-2.398217	-1.216015	-2.192523	-0.444568	-0.640605	-0.705338	-0.051982	-0.147655	-1.087587	0.059780	-1.108699	0.721882	-1.318458	0.045847	-1.069564	-0.591616	-1.359929	-0.276399	-1.076307	-0.621122	-1.590201	-0.448707	-0.629491	-0.882295	-0.742202	0.159455	-0.095926	-1.809155	-1.639212	0.058025	0.557623	0.123603	1.422799	-0.948845	-1.035109	-0.551149	0.622220	-0.783118	-0.592835	0.276113	-0.079452	0.254961	0.409284	0.778027	1.026192	0.548055	0.856327	-0.652026	-0.376299	-0.438802	-0.776853	0.814316	1.121981	-0.124553	0.328609	-1.243177	-1.601742	-0.639906	-0.512851	-0.647270	-0.662746	-0.798762	-1.353521	-0.296196	0.511082	-0.730472	-0.534563	-0.646384	-0.916139	0.379876	-0.296995	0.473328	-0.510213	-0.043153	-0.924815	0.375786	0.404727	-1.102635	-0.947926	0.144587	0.394179	-0.055335	1.635126	-0.654260	0.089507	0.866848	1.156323	0.816665	-0.544508	0.941505	-0.673070	-0.554353	1.773544
-0.926988	-0.245668	-0.089873	-1.392279	-1.473894	-1.276507	-1.023433	-0.134975	-1.404148	-0.467459	-0.990861	-1.089246	-1.282118	-1.521224	-0.480246	-1.155623	-0.825205	-1.459387	-1.320206	-1.333293	-0.598432	-1.046353	-0.731136	-0.370440	-0.144489	-0.805433	-0.315128	-1.354257	0.086109	-1.880095	0.251911	-1.628769	-0.659809	-1.454725	0.090002	-0.623694	-0.348006	-1.142709	-0.723854	-0.531737	-1.075185	-0.239631	0.148933	-0.099043	-1.432138	-1.830579	-0.773737	-0.466061	0.301565	1.691548	-1.565340	-1.515268	-0.338652	0.139141	-0.854800	-0.878250	-0.732282	-1.136428	-0.287211	-0.179657	0.090476	0.055468	0.006839	-0.031500	-1.034860	-1.300729	-0.139416	-1.815955	0.048970	0.346196	-0.919081	-0.556095	-1.041655	-1.742883	-0.643934	-0.874061	-0.864091	-1.118140	-1.260103	-1.639434	-0.053218	-0.071386	-1.263819	-1.250469	-1.371561	-1.795695	-0.771798	-1.560773	-1.024390	-1.057192	-1.472801	-1.485815	-0.138527	-0.111206	-1.604765	-1.472480	0.780106	-0.631973	-0.234628	-0.179894	-1.507820	0.430380	1.584196	1.207331	-0.412688	-1.076052	0.545298	-0.961893	-0.421247	1.518511
-0.161688	0.098077	-0.068325	-1.220885	-0.418534	-0.585741	-0.445960	0.034967	-0.558223	0.141991	-0.183375	-0.951261	-0.890998	-0.908261	-0.132209	-0.577128	-1.191266	-0.042141	-0.755828	0.292160	-0.276514	-0.538004	-0.329089	-0.321351	0.202650	-0.041303	-0.610077	-0.761519	-0.559834	-1.260512	0.427774	-0.723621	0.059261	-0.401706	0.499374	0.466836	0.422985	0.213260	-0.432293	-0.026112	-0.279306	0.388492	0.284028	0.165563	-0.154011	-0.751810	-0.349335	-0.396156	0.342614	1.346146	-1.377174	-1.007814	-0.037775	0.121418	-0.067660	-0.286230	-0.531076	-0.968261	-0.071445	-0.081104	-0.099401	-0.352135	0.166883	0.030918	-0.501617	-1.001300	0.440394	-1.465352	-0.110062	-0.156307	-0.534594	-0.398547	-0.386724	-0.864574	-0.052529	-0.953345	-0.287978	-0.353057	-0.705674	-0.482545	0.338541	-0.177481	-0.683424	-0.756600	-0.920501	-1.057614	-0.989262	-1.422911	-1.310936	-0.442004	-1.493492	-0.821147	0.113406	0.191796	-0.985934	-0.566486	1.564242	-1.132748	-0.184731	-0.778246	-0.778095	0.881205	0.788057	1.389959	-1.130635	-0.966966	-0.708724	-0.202503	0.180341	0.457316
0.874605	0.495358	0.541454	0.039580	0.758016	0.237482	0.552679	0.305436	0.846815	0.737884	1.118994	-0.429391	0.099185	0.122775	0.800681	0.469311	-0.579448	0.973314	0.219377	1.657120	0.106274	0.505583	0.403177	0.068453	0.848882	0.607200	-0.201829	0.236196	-0.415595	-0.226818	0.601080	0.411099	1.114602	0.922716	0.821436	1.450071	1.387868	1.478086	0.284042	0.538399	0.887642	0.897358	0.465519	0.389350	1.060858	0.539701	0.741105	0.400549	0.417752	0.878783	-0.681576	-0.028560	0.306184	0.306918	0.934430	0.608508	0.362588	0.009675	0.586167	0.476490	0.048397	-0.236561	0.828145	0.694601	0.499152	0.080572	1.193594	-0.229636	0.170102	-0.469051	0.477010	0.338833	0.402824	0.473972	0.807477	-0.743158	0.479588	0.735845	0.262364	1.057200	0.690508	0.109122	0.416419	0.438711	0.115234	0.366438	-0.109412	-0.201352	-0.417764	0.833241	-0.319873	0.575217	0.760862	0.927984	0.055060	0.834953	2.027468	-0.856742	-0.195131	0.092283	0.695036	1.048810	-0.603408	1.477756	-1.068657	-0.781768	-1.506548	0.970995	0.957051	-0.459880
1.208271	0.661773	1.159386	0.919479	1.007092	0.684594	0.969081	0.524175	1.461202	0.958022	1.869254	0.108461	0.912629	0.773263	1.554800	1.205817	0.483187	1.295352	0.903681	2.105820	0.253973	1.308506	0.849876	0.467131	1.276806	0.733553	0.664325	0.843291	0.410751	0.210373	0.736015	0.532211	1.750133	1.471736	0.896704	1.587692	1.775914	1.773853	0.760121	0.884841	1.345234	1.213231	0.472124	0.320569	1.460548	1.010172	1.316833	0.910985	0.373460	0.619018	0.083344	0.704067	0.749849	0.205880	1.326169	0.993094	0.884057	0.801274	0.944162	0.831885	0.154388	0.033301	1.209254	0.964633	1.130255	0.753657	1.667466	0.521679	0.255010	-0.871929	1.039320	0.753782	0.788369	1.258805	1.258057	-0.395574	0.778431	1.024000	0.864369	1.660189	0.839271	0.438161	1.146999	1.269163	0.822375	1.142112	1.008596	0.785792	0.641054	1.522678	0.837719	1.581429	1.074679	1.258713	0.675325	1.449382	1.778452	-0.463190	-0.278173	1.110153	1.237286	0.698260	-1.199499	1.099859	-0.691306	-0.795135	-0.991008	1.349430	1.382281	-0.765173
0.541415	0.415436	1.198496	0.642448	0.184792	0.561571	0.342013	0.430524	0.762815	0.662731	1.442350	0.228455	1.043845	0.707968	1.371362	1.109281	1.075997	1.028357	0.755931	1.572280	0.188382	1.394265	0.522856	0.567873	0.928335	0.319912	1.110470	0.708960	0.978064	-0.137870	0.585012	-0.333960	1.534275	0.960112	0.551677	0.811899	1.123692	1.003737	0.483320	0.820692	0.713439	1.206301	0.155147	-0.029287	0.999936	0.584421	0.921136	0.667900	0.068619	0.565362	0.511684	0.795451	1.105368	-0.231273	0.849540	0.607753	0.542587	0.793781	0.630791	0.603499	0.073930	0.188183	0.869334	0.433686	0.922046	0.328526	1.398729	0.025151	-0.185648	-1.340220	0.733514	0.502150	0.567274	0.938457	0.861433	-0.221182	0.494812	0.318240	0.783127	1.051183	0.656466	0.429870	1.111715	1.128738	0.838649	0.841314	1.339660	0.676124	0.957406	1.018129	1.054954	1.477841	0.763043	0.861417	0.624168	0.970581	0.821506	-0.567426	-0.273085	0.988106	0.225931	-0.061075	-0.696961	0.249519	-0.551239	-0.819483	0.251975	0.431361	1.040497	-0.757102
-0.564805	-0.140002	0.556781	-0.225217	-0.816914	0.086757	-0.713288	-0.082485	-0.342904	0.024846	0.236819	-0.106474	0.524648	0.147951	0.298562	0.278082	0.750730	0.382728	-0.007611	0.436310	-0.001610	0.794161	-0.241418	0.350392	-0.134243	-0.336618	0.676350	0.139939	0.581800	-0.582084	-0.018519	-1.159506	0.572883	-0.046999	-0.167641	-0.239765	-0.156496	-0.209472	-0.303956	0.260812	-0.282988	0.713735	-0.404260	-0.481546	0.119546	-0.120021	0.039871	0.012846	-0.146464	0.486117	0.419762	0.367893	0.998579	-0.584350	0.007594	-0.094155	-0.209002	0.213447	-0.074808	-0.019750	-0.129590	0.091575	0.039317	-0.434706	0.088471	-0.544623	0.377534	-1.000836	-0.765765	-1.432836	-0.020702	-0.099048	0.047422	-0.065117	-0.156903	-0.386074	-0.042341	-0.615803	0.200405	-0.001494	0.161958	-0.048060	0.519566	0.307617	0.417861	0.087234	0.650208	-0.191283	0.478649	-0.019453	0.416435	0.486452	0.086881	0.083963	0.190677	0.063188	-0.312006	-0.794715	-0.147473	-0.111805	-1.214283	-0.798581	0.007530	-0.510082	-0.563958	-0.548184	0.944962	-0.954849	0.018277	-0.766471
-1.309345	-0.648213	-0.353251	-0.689258	-1.077679	-0.358777	-1.218673	-0.751543	-0.670200	-0.563780	-0.813102	-0.488106	-0.235953	-0.448823	-0.840828	-0.686283	-0.090043	-0.330035	-0.627016	-0.679361	-0.279286	-0.105240	-0.631514	0.016857	-1.171275	-0.847479	-0.200886	-0.363816	-0.478743	-0.496876	-0.809412	-1.170334	-0.614688	-0.783588	-0.883751	-0.855630	-1.162570	-1.097177	-0.887866	-0.591539	-0.688761	-0.139780	-0.912699	-0.842631	-0.660890	-0.558600	-0.659676	-0.528280	0.170060	0.190171	-0.016076	-0.150608	0.360812	-0.543419	-0.499813	-0.517630	-0.632797	-0.308054	-0.633696	-0.580856	-0.370091	-0.269919	-0.769037	-1.011232	-0.756812	-0.730219	-0.838579	-1.309963	-0.880625	-0.858127	-0.631396	-0.607846	-0.335373	-0.854544	-1.091313	-0.694254	-0.478715	-0.984335	-0.474429	-0.661665	-0.396190	-0.716152	-0.184105	-0.451307	-0.040188	-0.340495	-0.405457	-0.898420	-0.223807	-0.556250	-0.372495	-0.574865	-0.552442	-0.593481	-0.235115	-0.549960	-0.954114	-0.371608	-0.016340	-1.031699	-1.627181	-1.087903	0.087910	-0.616230	-0.277572	0.039868	0.540035	-1.590002	-1.084590	-0.706637
-1.315021	-0.773028	-0.929281	-0.496960	-0.597607	-0.501879	-0.913926	-1.076866	-0.173756	-0.744918	-1.113473	-0.541675	-0.718577	-0.701560	-1.269336	-1.137381	-0.672190	-0.708044	-0.641023	-1.184869	-0.491995	-0.744664	-0.384682	-0.197698	-1.460668	-0.938072	-0.738269	-0.519532	-1.239365	-0.015056	-1.219767	-0.559025	-1.319573	-0.897145	-1.129856	-0.827443	-1.347481	-1.266166	-0.871863	-1.168439	-0.377120	-0.803966	-1.038921	-0.915121	-0.956345	-0.586611	-0.879881	-0.708690	0.744155	-0.187791	-0.374917	-0.393839	-0.308295	-0.228565	-0.458921	-0.479659	-0.518730	-0.424076	-0.745322	-0.760940	-0.512448	-0.625686	-1.130025	-1.062415	-1.081360	-0.123328	-1.490489	-0.703027	-0.486386	-0.016210	-0.812763	-0.783036	-0.391237	-0.944747	-1.350613	-0.775920	-0.617078	-0.709333	-0.821948	-0.706664	-0.672390	-1.057506	-0.602966	-0.683701	-0.284569	-0.282049	-0.991756	-0.951545	-0.598690	-0.377771	-0.730212	-1.022814	-0.858728	-0.881703	-0.414959	-0.658764	-0.905021	0.515478	0.041767	-1.103942	-0.922433	-0.873272	-0.267311	-0.215515	0.262617	0.565250	-0.306818	-1.204898	-1.573008	-0.451155
-0.737273	-0.435916	-0.794479	-0.150548	-0.066298	-0.270427	-0.329355	-0.727287	0.219705	-0.414435	-0.710026	-0.266541	-0.578568	-0.463557	-0.863627	-0.811999	-0.570385	-0.500657	-0.248484	-0.843644	-0.389204	-0.683241	-0.005184	-0.155537	-0.890779	-0.549505	-0.553542	-0.289487	-1.009572	0.313000	-0.880096	-0.012238	-1.036401	-0.511849	-0.710294	-0.410014	-0.823320	-0.793708	-0.439086	-0.920751	0.026470	-0.717390	-0.631273	-0.546548	-0.625459	-0.307927	-0.640956	-0.521402	0.769840	-0.278075	-0.330663	-0.263656	-0.374768	0.083500	-0.172100	-0.177210	-0.212369	-0.239997	-0.462563	-0.514376	-0.369965	-0.544011	-0.830485	-0.688668	-0.723509	0.334633	-1.165386	-0.065052	-0.085536	0.352801	-0.560846	-0.565030	-0.171281	-0.510197	-0.842659	-0.435127	-0.397023	-0.249794	-0.600519	-0.390658	-0.480506	-0.743218	-0.516794	-0.452447	-0.223761	-0.092216	-0.768451	-0.513012	-0.459852	-0.063646	-0.519953	-0.714513	-0.671096	-0.664860	-0.287512	-0.429051	-0.494944	0.778851	0.049292	-0.650038	-0.173655	-0.438075	-0.296245	0.023948	0.460971	0.574266	-0.580658	-0.500823	-1.131742	-0.156749
0.088944	0.187159	-0.083028	-0.010921	0.139539	0.213413	0.105695	0.156276	0.035706	0.248630	0.040158	0.141514	0.083658	0.125117	0.006241	0.056364	0.050195	0.158522	0.200698	0.087706	0.047876	0.003386	0.115952	0.098630	0.160589	0.152686	0.151800	0.193402	0.051548	0.289255	0.045288	0.186934	0.072157	0.090896	0.169542	0.109446	0.018438	0.010312	0.094499	0.081851	0.132566	0.076722	0.159217	0.181080	0.146582	0.120642	-0.119854	-0.094022	0.024605	0.017751	0.075511	0.103880	0.209749	0.295868	0.079635	0.179000	0.001701	0.027542	0.009959	-0.002590	0.060685	0.037334	-0.016672	-0.091404	0.089836	0.144529	-0.102081	0.068065	0.034245	0.078750	-0.035670	-0.065850	0.190754	0.093078	0.119129	0.215138	0.081431	0.089510	0.069312	0.019035	0.058982	0.083939	-0.022273	-0.030454	0.068018	-0.019743	0.012894	0.084777	0.031184	-0.002931	0.049791	0.054106	-0.086999	-0.060939	0.049909	-0.068254	-0.058127	0.030624	0.048623	-0.156281	0.018929	-0.015069	0.246852	-0.180561	0.089537	0.056772	-0.071364	-0.006233	-0.020612	0.024147
