X1	X2	X3	X4	X5	X6	X7	X8	X9	X10	X11	X12	X13	X14	X15	X16	X17	X18	X19	X20	X21	X22	X23	X24	X25	X26	X27	X28	X29	X30	X31	X32	X33	X34	X35	X36	X37	X38	X39	X40	X41	X42	X43	X44	X45	X46	X47	X48	X49	X50	X51	X52	X53	X54	X55	X56	X57	X58	X59	X60	X61	X62	X63	X64	X65	X66	X67	X68	X69	X70	X71	X72	X73	X74	X75	X76	X77	X78	X79	X80	X81	X82	X83	X84	X85	X86	X87	X88	X89	X90	X91	X92	X93	X94	X95	X96	X97	X98	X99	X100	X101	X102	X103	X104	X105	X106	X107	X108	X109	X110
-0.302077	-0.196670	-0.073637	-0.001165	-0.323157	-0.269853	-0.221322	-0.140673	-0.179061	-0.112622	-0.098589	-0.000451	-0.233384	-0.159790	-0.293876	-0.142246	-0.422878	-0.173871	-0.223265	-0.269379	-0.117457	-0.168165	-0.260038	-0.155512	-0.217364	-0.019527	0.151177	-0.050162	-0.226416	-0.168385	-0.147866	-0.147373	-0.099690	-0.098899	-0.070017	0.112545	0.067468	0.080033	0.035460	0.119553	-0.117867	0.031566	-0.158206	0.015773	-0.133754	-0.137711	0.019704	-0.008692	-0.337836	-0.309677	-0.280777	-0.395878	-0.228342	-0.144393	-0.308481	-0.232148	-0.245335	-0.257635	-0.173056	-0.112966	-0.061385	0.025710	0.062564	0.057764	-0.242151	-0.179400	-0.014559	-0.195221	-0.214006	-0.233786	-0.014788	-0.029851	-0.442927	0.167955	-0.210001	-0.110234	-0.166067	-0.201923	-0.166843	-0.160498	-0.006540	-0.083762	-0.195351	-0.179534	-0.159657	-0.199814	-0.071763	-0.167260	-0.183518	-0.033271	-0.153573	-0.123420	0.004809	-0.069966	0.020313	-0.018436	-0.168515	-0.084371	-0.172900	-0.242624	-0.116785	-0.168156	-0.240103	-0.130345	-0.161176	-0.232567	0.161641	-0.159372	-0.048304	-0.155780
0.408347	-0.191160	1.218741	0.666509	0.500622	0.386938	0.828691	0.159274	1.154773	0.903472	1.198609	0.462534	0.440682	0.171979	0.329807	0.592591	0.628580	1.178431	0.440499	0.180754	0.106561	0.102052	0.465614	-0.143944	0.756975	0.398336	-0.269524	-0.053883	0.977599	0.646161	-0.168698	0.554764	-0.002726	0.035653	-0.226244	-0.493644	-0.019428	-0.303225	0.870014	0.203504	0.488235	-0.245420	0.053378	-0.642742	-0.458747	-0.453982	-0.007849	0.091244	-0.064426	-0.377320	0.361076	-0.399268	0.415353	0.425049	0.460253	0.147829	0.297976	0.423353	0.042102	-0.274236	-0.169912	-0.535187	0.076006	0.049592	0.867744	0.790304	1.024940	0.588209	0.327385	-0.269538	-0.130245	-0.211724	0.484351	0.468884	0.483760	1.102034	-0.223852	-0.188297	-0.069088	-0.052025	0.897071	0.708416	0.310301	0.287944	-0.089910	-0.060463	-0.114662	0.642306	0.261221	0.726363	0.267601	0.244384	-0.018798	0.469004	-0.153582	-0.034852	0.621913	0.446465	0.250586	0.536324	0.838658	1.210844	0.504078	0.585468	0.870034	0.677015	-0.352799	1.088489	0.987549	0.625685
0.377528	-0.103921	0.740643	0.166757	0.645752	0.538244	0.807357	0.306638	1.029263	0.747094	1.006077	0.205148	0.468288	0.103649	0.641162	0.714324	0.915943	1.089322	0.553227	0.346472	-0.050875	0.308547	0.654751	0.119959	0.640586	0.302830	-0.001041	-0.276380	1.025392	0.668248	0.323888	0.561124	0.109026	0.014185	-0.156735	-0.532041	-0.230442	-0.444482	0.507980	-0.078409	0.635041	-0.003761	0.265051	-0.373521	-0.369802	-0.453042	-0.144804	-0.140518	0.024359	-0.002802	0.489882	0.092524	0.548849	0.434281	0.581552	0.215475	0.263959	0.386867	0.363850	0.047737	0.012615	-0.349080	-0.175634	-0.139385	0.997549	0.698047	1.158521	0.539604	0.159186	-0.226516	-0.115861	-0.284945	0.634625	0.641220	0.618495	0.732279	0.058068	-0.116346	0.175583	-0.039948	0.777549	0.363195	0.200157	0.027898	-0.037605	-0.046556	0.099090	0.360962	0.040930	0.346916	0.425926	0.049102	-0.199976	0.265591	-0.228455	-0.143655	0.530561	0.412191	0.285439	0.272885	0.877580	1.384092	0.444347	0.651088	0.776641	0.697662	-0.562001	0.706073	1.033180	0.260540
-0.348240	-0.105925	-1.076474	-1.184840	-0.043634	0.044942	-0.217016	0.097224	-0.326451	-0.381496	-0.438349	-0.486529	-0.335483	-0.405671	0.271918	-0.083149	0.216408	-0.442447	-0.045577	-0.029022	-0.243310	0.100805	0.010838	0.098987	-0.439075	-0.325913	0.446713	-0.499260	-0.304202	-0.104131	0.701934	-0.062310	-0.110597	-0.207642	0.035865	-0.102276	-0.292401	-0.386967	-0.705712	-0.510657	-0.097125	0.252662	0.275980	0.553643	0.119608	-0.005194	-0.355792	-0.491272	-0.207497	0.372908	-0.234305	0.463937	-0.131725	-0.262011	-0.101389	-0.195013	-0.414392	-0.446630	0.293999	0.333903	0.087583	0.252385	-0.401153	-0.231747	0.043496	-0.478513	0.093548	-0.267270	-0.625129	-0.146214	0.091767	-0.087631	0.098897	0.241938	-0.097457	-0.912464	0.451329	0.142029	0.494023	0.063189	-0.158374	-0.726763	-0.599381	-0.867696	-0.177427	-0.350387	0.198669	-0.769262	-0.793980	-1.013319	-0.006910	-0.738737	-0.380349	-0.445085	0.026229	-0.117236	-0.449248	-0.343892	-0.151449	-0.729250	-0.087448	0.142869	-0.303692	-0.198423	-0.437494	-0.265747	-0.423277	-0.787393	-0.196967	-0.852909
-0.983613	-0.335301	-2.154921	-1.942567	-0.965492	-0.638977	-1.177156	-0.498191	-1.415639	-1.221880	-1.488873	-0.702916	-1.346791	-0.871874	-0.660897	-1.263815	-0.874617	-1.941645	-0.924120	-0.764223	0.080159	-0.614921	-1.085353	-0.734886	-1.388631	-1.028700	0.210125	-0.220178	-1.909673	-0.936935	0.016911	-0.690390	-0.748842	-0.419718	0.067234	0.228779	0.150579	-0.288278	-1.333002	-0.504271	-1.432496	-0.254294	-0.122962	0.964179	0.556455	0.597826	-0.408808	-0.414256	-0.630295	0.077203	-1.432015	-0.073095	-1.213348	-1.109248	-0.956032	-0.776044	-1.095958	-1.322083	-0.538184	-0.140473	-0.432485	0.350680	-0.131342	0.142574	-1.076649	-1.696118	-1.417174	-0.968235	-1.251940	-0.162873	0.377873	0.385360	-0.479950	-0.794617	-1.239336	-2.048509	0.399146	0.542400	0.588593	0.375225	-0.759928	-1.135766	-1.419257	-1.495429	-0.575376	-0.913924	-0.269917	-1.553169	-1.523039	-2.069775	-0.928596	-1.494312	-0.237218	-0.711558	0.613554	0.257448	-1.354188	-1.234880	-0.549000	-1.220036	-1.167750	-1.418375	-0.808559	-1.387828	-1.637885	-1.270073	-0.179548	-1.479102	-1.767374	-1.289975
-0.765213	-0.485643	-1.210739	-1.161845	-1.138712	-0.714464	-1.158094	-1.095025	-1.214693	-0.885781	-0.958157	-0.099215	-1.453796	-0.614592	-1.188932	-1.516672	-1.325415	-1.891749	-1.257995	-1.033298	0.753358	-1.146147	-1.578894	-1.647760	-1.377717	-1.249323	-0.465970	0.687948	-2.178513	-1.094679	-1.382694	-0.891179	-1.046651	-0.219737	-0.093671	0.201437	0.932264	-0.101704	-0.592685	0.192193	-2.131017	-1.170745	-0.747742	0.209338	0.494187	0.797636	-0.071836	0.257870	-0.750071	-0.574203	-1.915472	-0.944222	-1.534127	-1.120872	-0.921997	-0.754136	-0.850256	-1.171606	-1.396074	-0.919435	-1.134139	-0.251085	0.489276	0.766884	-1.191362	-1.771796	-1.962795	-0.791510	-1.045103	-0.278154	0.480075	0.783814	-0.744805	-1.535865	-1.741622	-1.477011	-0.183069	0.765030	0.268325	0.559161	-0.282160	-0.183907	-1.301777	-1.003874	-0.854556	-1.168723	-0.908339	-1.241682	-1.425032	-1.755381	-1.467539	-1.402597	0.272076	-0.042579	1.025631	0.739996	-1.113508	-1.262699	-0.107932	-0.530872	-1.227727	-1.742206	-0.368099	-1.692404	-1.657565	-1.083833	0.003297	-0.525843	-1.997389	-0.457374
0.320287	-0.092750	0.926229	0.639798	-0.167368	0.136943	-0.270813	-1.168829	-0.055021	0.322282	0.647889	0.709005	-0.204434	0.474006	-0.420808	-0.085670	-0.677013	-0.282371	-0.542202	-0.177005	1.080164	-0.701833	-0.750514	-1.236923	-0.543501	-0.738669	-0.603905	1.626966	-0.655344	-0.466110	-2.039912	-0.711742	-0.238847	0.517063	-0.157839	0.134233	1.390896	0.295568	0.815133	1.148862	-1.198021	-1.282016	-1.073761	-1.069977	-0.081222	0.361214	0.503870	1.003743	-0.134104	-0.540225	-0.840069	-0.794551	-0.322141	0.156462	0.363960	0.283900	0.566442	0.318450	-1.096949	-0.770789	-1.073429	-0.819290	0.717221	0.924444	-0.028868	-0.438461	-0.863100	0.243216	-0.027303	-0.225038	0.208580	0.633326	-0.807631	-0.958905	-0.998616	0.199967	-0.715282	0.554644	-0.267199	0.191956	0.813930	1.301749	0.003085	0.462520	-0.538694	-0.553198	-0.812811	-0.158195	-0.403096	-0.259059	-0.811743	-0.259413	0.743478	0.946094	0.708298	0.860622	0.317930	-0.117637	1.239510	0.724602	-0.018507	-0.372670	0.661229	-0.468102	-0.423101	0.473362	0.343416	0.975536	-0.179509	0.697649
1.432459	0.670583	2.346466	2.048478	1.094342	1.128576	0.531452	-0.700937	0.955566	1.327434	1.735319	0.945108	1.392360	1.534794	1.004255	1.909404	0.305740	1.301831	0.716131	1.159738	0.815063	0.416834	0.699399	0.490384	0.360491	0.166246	-0.091598	1.809591	1.206316	0.353970	-1.330899	-0.369629	1.108909	1.230417	0.044025	0.365351	1.088222	0.699658	1.607689	1.622877	0.620103	-0.284271	-0.856960	-1.754415	-0.781142	-0.319634	0.725471	1.122291	0.932822	0.362133	1.030972	0.426627	1.582500	1.821585	1.769191	1.530914	2.069051	2.036044	0.251304	0.442527	-0.179245	-0.796114	0.150978	0.265932	1.301700	1.288116	0.771966	1.317098	1.080190	0.277017	-0.380459	-0.123636	-0.900387	0.511999	0.177451	1.362995	-0.763678	0.015430	-0.666925	-0.559914	1.363673	1.999685	1.469856	1.695358	0.204406	0.619872	0.017392	0.872469	0.917157	1.194873	0.536955	1.119713	0.701301	1.181870	-0.212822	0.469813	1.711041	1.209793	2.327274	1.454873	1.327087	1.281081	1.240826	1.301941	0.978201	2.052741	1.075199	1.495483	2.146697	0.979161
1.559221	0.944810	1.980545	2.050508	1.253779	1.014695	0.415047	-0.269759	0.969728	1.268961	1.245098	0.540516	1.754127	1.482025	1.219617	2.257460	0.390337	1.293514	1.347212	1.400693	0.408395	0.991795	1.165878	1.661189	0.744400	0.686475	0.083125	1.094532	1.465360	0.532460	-0.305342	0.024823	1.476180	1.107834	0.300142	0.746922	0.298149	0.671313	1.232340	1.216230	1.369623	0.603556	-0.438866	-1.434640	-1.132868	-0.636902	0.169499	0.478202	1.507408	0.968866	1.900361	1.179189	2.299759	2.198147	1.583737	1.518342	2.046023	2.268677	1.040292	1.251242	0.480460	-0.481775	-0.642686	-0.675597	1.279866	1.894073	0.985567	1.450683	1.472433	1.136817	-0.994424	-0.907429	-1.140190	1.164959	0.370072	1.044087	-0.614145	-0.522049	-0.845618	-0.978608	0.660834	1.453746	1.678739	1.522404	0.676680	1.325007	0.404723	1.343594	1.705845	1.529383	1.059851	1.552592	0.137270	0.300422	-0.973392	-0.190116	1.676800	1.410078	1.837964	1.243440	1.263909	1.222648	0.833975	1.759183	1.401719	2.048455	1.814709	0.747203	2.442993	0.415469
0.491172	0.262531	0.393031	0.817731	-0.004348	-0.390472	-0.495308	-0.236843	0.028694	0.192955	-0.414203	0.022884	0.544642	0.232860	-0.554409	0.202747	-0.594693	-0.166572	0.832613	-0.021054	0.223539	0.451889	0.054276	0.900231	0.631906	0.378650	-0.652022	0.045152	-0.090401	-0.188354	-0.118035	0.434219	0.307335	0.057432	0.323541	0.870455	-0.407598	0.140188	0.131001	0.175981	0.258223	0.303023	-0.203679	-0.505259	-0.868104	-0.397786	-0.776157	-0.389719	1.001528	0.354474	1.017876	0.504503	1.033358	0.655637	-0.434648	-0.111089	0.162750	0.569141	0.177688	0.478775	0.172719	-0.341033	-0.773684	-1.074200	-0.339713	0.856561	-0.712106	0.388069	1.054616	1.879525	-1.269024	-1.026611	-1.422583	0.069603	-0.573040	-0.247747	-0.664946	-0.821756	-0.922114	-0.631694	-0.854258	0.254702	0.440206	0.087073	0.639029	1.079940	-0.381099	1.303679	1.637150	0.801559	0.115254	0.740860	-0.454861	-0.995733	-1.042146	-0.869714	0.108477	0.397698	-0.124659	0.548085	-0.435574	-0.851055	-0.054969	0.227342	0.812928	0.354740	1.762089	-0.337231	0.067577	0.020116
-0.907407	-0.692943	-1.070804	-0.610712	-1.394620	-1.757805	-1.204701	-0.126600	-0.972396	-1.019756	-1.930168	-0.290210	-0.906743	-1.121889	-2.656914	-2.370475	-1.414279	-1.416010	-0.064732	-1.695507	0.030194	-0.346412	-1.327599	-0.645282	0.495255	-0.215352	-1.483699	-0.803471	-1.664582	-1.033149	-0.390115	0.784306	-1.198083	-1.086453	0.091445	0.537673	-0.909896	-0.421119	-0.970768	-0.920161	-1.199386	-0.534811	-0.014762	0.532855	-0.133586	0.013743	-1.221958	-0.885792	-0.023389	-0.734567	-0.410929	-0.594263	-0.890603	-1.428769	-2.446466	-1.873033	-1.980576	-1.539791	-1.305029	-1.019397	-0.412663	-0.187855	-0.204166	-0.800291	-2.061961	-0.692388	-2.539917	-1.050439	0.535297	2.032881	-1.047275	-0.479134	-1.317107	-1.598116	-1.241574	-1.175828	-0.663666	-0.891684	-0.889592	0.037391	-2.008386	-0.842615	-0.921273	-1.201566	0.566767	0.521999	-1.359881	1.030802	1.072347	-0.002328	-1.123875	-0.344428	-0.674755	-1.703797	-0.726790	-1.475784	-1.657655	-0.644624	-2.056947	-0.037389	-2.186454	-2.975919	-0.632323	-1.850609	0.187384	-1.514005	0.686665	-0.823250	-2.746999	0.340699
-1.546337	-0.907358	-1.635645	-1.340144	-1.487611	-1.725943	-0.867936	0.692377	-1.022394	-1.439461	-2.354594	-0.635590	-1.225177	-1.507159	-2.784668	-2.956908	-0.896439	-1.209603	-0.318624	-1.842362	-0.433220	-0.297855	-1.305469	-0.778003	0.704764	-0.157084	-1.211724	-1.390677	-1.585052	-0.915858	0.059309	0.936995	-1.586774	-1.482429	-0.243595	-0.170770	-1.514809	-0.624584	-1.653857	-1.691972	-1.025700	-0.453776	0.461772	1.356868	0.532601	0.111155	-0.799366	-0.891439	-0.436379	-0.814925	-0.789566	-0.648899	-1.585706	-2.096852	-2.492685	-2.047982	-2.470275	-2.194515	-1.422428	-1.360078	-0.145825	0.383084	0.171233	-0.487727	-2.197814	-1.163803	-2.489366	-1.663205	0.529689	1.502342	-0.549175	0.009360	-0.306232	-1.933342	-0.586394	-0.936836	-0.110448	-0.846370	-0.658744	0.233589	-1.999242	-1.587416	-1.158948	-1.178388	0.701886	0.411806	-1.009743	0.688455	0.556173	-0.114283	-1.154209	-0.550091	-0.664972	-1.458403	-0.657825	-1.807580	-2.185574	-0.795133	-2.705612	-0.388665	-2.202934	-3.034439	-0.741566	-2.379030	0.235345	-2.079504	-0.683313	-0.577162	-3.378556	0.808953
-1.183025	-0.388500	-1.514647	-1.304903	-0.411245	-0.545535	0.243561	1.810925	-0.017430	-0.904754	-1.749177	-1.220804	-0.541617	-0.946211	-0.834218	-1.309791	0.564594	-0.085429	0.050858	-0.494822	-0.786680	0.450560	0.066658	0.637379	1.115054	0.552675	0.161295	-1.761289	-0.200123	0.165436	1.253394	0.723276	-0.852095	-1.108631	-0.544861	-1.024538	-2.158530	-0.657491	-1.788647	-2.074582	0.653821	0.613634	1.053370	1.620026	0.663467	-0.101370	-0.041050	-0.610234	0.102458	0.258227	-0.105786	0.181595	-0.809406	-1.067000	-0.759533	-0.738489	-1.178674	-1.260324	0.201944	-0.133961	0.865103	1.055366	-0.212135	-0.552453	-0.735097	-0.360115	-0.739536	-0.994459	0.729020	0.617016	-0.133400	-0.074236	1.490089	-0.677204	0.561556	-0.013835	0.776489	-0.662440	-0.328285	-0.127987	-1.075393	-1.999618	-0.501859	-0.173099	0.552994	0.573729	0.561550	0.309674	0.273958	0.254642	-0.047133	0.160604	-0.724736	-0.639340	-0.798374	-1.439898	-1.284282	-0.392400	-2.202414	-0.628834	-0.495034	-1.137479	-0.701312	-0.864952	0.581622	-1.303236	-1.441896	-0.046465	-1.761564	0.660709
-0.507739	-0.076160	-1.240606	-1.021146	0.383600	0.293809	0.957736	1.933280	0.973500	-0.084637	-0.819601	-1.628192	-0.060647	-0.311239	0.980847	0.463452	1.411922	0.485600	0.166371	0.643831	-0.432801	0.761620	1.107948	1.421069	1.175650	0.828995	1.319651	-1.663131	0.774539	0.907489	1.832925	0.100723	-0.152226	-0.545455	-0.650819	-1.597903	-2.134229	-0.849106	-1.396726	-2.002673	1.721761	1.151449	1.145443	1.107262	0.349889	-0.160940	0.383494	-0.146968	0.724089	1.048401	0.266640	0.466221	0.037675	0.091274	0.719729	0.348894	0.245286	-0.212875	1.769628	1.050756	1.342265	1.004837	-0.713978	-0.555519	0.695511	0.355079	0.693140	0.293312	0.291366	-0.158030	0.135902	-0.315224	2.887912	0.614156	0.577738	0.399713	1.100284	-0.211340	-0.090999	-0.289670	-0.143730	-1.913001	-0.086643	0.479602	-0.244913	0.293749	1.537906	-0.077689	0.028342	0.348806	0.785517	0.754424	-0.668635	0.221171	-0.440865	-0.201839	0.021155	-0.281257	-1.412473	-0.631962	1.128423	0.654193	-0.547071	1.100114	0.428818	-0.267135	-1.352474	0.310702	-0.092013	0.013418
-0.222264	-0.403933	-0.983717	-0.867716	0.000417	-0.004653	0.536103	0.536497	0.790967	0.258334	-0.154760	-1.207299	-0.420068	-0.241779	0.936066	0.612720	0.807510	-0.023283	-0.375701	0.404411	0.424580	0.112634	0.656280	0.163894	0.487114	0.039513	1.101868	-0.882539	0.414718	0.300348	0.964068	-0.603241	-0.213755	-0.237324	-0.380004	-1.361290	-0.964361	-0.998204	-0.700240	-1.283955	0.761379	0.267902	0.525705	0.226453	0.082185	0.178944	0.447580	0.455032	0.447493	0.504487	-0.458614	-0.358922	-0.091103	0.061346	0.532373	0.133278	0.420272	-0.125987	1.532417	0.752208	0.583485	0.127990	-0.360686	0.098729	0.732337	-0.105340	0.544979	1.103200	-0.964089	-0.591178	0.495874	0.044708	2.474929	0.743967	-0.699164	-0.253036	0.425109	0.406531	0.106970	0.263672	0.190949	-1.141057	-0.405837	0.010336	-1.149332	-0.566480	0.714219	-0.446211	-0.411185	-0.169439	0.451885	0.377162	-0.061553	0.838497	0.645887	1.272297	0.639573	-0.564639	-0.680331	-0.174457	1.105030	0.867712	-0.036446	1.618311	-0.319275	0.164557	-0.783048	0.265390	0.106247	-0.426306
-0.278491	-0.642184	-0.596711	-0.772171	-0.789928	-0.580946	-0.387818	-1.142022	-0.407977	0.047883	0.233962	0.025713	-0.982676	-0.533333	-0.187346	-0.329206	-0.333571	-0.677768	-0.927301	-0.509945	0.757895	-0.697807	-0.581425	-1.753688	-0.698787	-0.923260	-0.202946	0.192754	-0.530207	-0.953050	-0.358531	-0.762365	-0.590234	-0.154003	0.193518	-0.240873	0.757494	-0.584648	-0.026244	0.033359	-1.176216	-0.937631	-0.204275	-0.168907	0.132053	0.553591	0.527663	0.894528	-0.594772	-0.617027	-1.427113	-1.192307	-0.708255	-0.707692	-0.569817	-0.568624	-0.290916	-0.508716	-0.102177	-0.459366	-0.590082	-0.612774	0.687370	1.106113	-0.207789	-1.083296	-0.280068	0.862911	-2.079820	-0.794643	1.003762	0.961845	0.247023	0.221179	-1.608600	-1.207875	-0.513600	0.799932	0.522273	1.013878	0.150457	0.063201	-0.861175	-1.004335	-1.322374	-1.343800	-0.878577	-0.781202	-1.007210	-0.881657	-0.464228	-0.716172	0.885963	1.066805	1.568940	1.867077	0.399021	-0.572093	0.321537	0.485237	-0.180669	0.175649	0.654199	0.473469	-0.980543	0.121148	-0.201402	-0.173601	-0.408724	-0.450934
-0.158466	-0.026882	-0.001906	-0.509866	-0.624628	-0.149844	-0.551170	-1.383666	-1.196890	-0.087036	0.745344	1.277604	-0.778557	-0.530946	-0.452700	-0.689481	-0.507570	-0.399497	-0.712437	-0.631455	-0.038168	-0.663351	-1.119795	-2.063532	-1.573502	-0.780699	-1.184109	0.778777	-0.834794	-1.246956	-0.555620	-0.066801	-0.483194	-0.012003	0.600662	0.965153	1.847463	0.367896	0.483762	1.349669	-1.966962	-0.931685	-0.350641	0.216405	0.309063	0.462846	0.703554	0.778127	-1.348601	-0.821421	-1.348968	-0.839280	-0.796906	-0.939789	-0.815801	-0.331967	-0.550086	-0.316204	-1.270306	-1.000666	-0.983023	-0.437678	1.229066	1.474806	-0.595075	-1.070192	-0.142170	-0.059183	-1.880948	-0.984714	1.289651	1.515439	-1.920086	0.040642	-0.734914	-1.221562	-0.585786	0.735440	1.147108	1.071340	0.409066	1.105074	-0.717850	-1.393724	-0.698465	-1.372859	-1.287704	-1.000222	-1.440759	-1.144662	-0.825117	-1.526167	1.248491	0.830484	1.296651	1.107026	-0.004005	0.105656	1.686575	0.698087	-1.007105	0.148245	0.894594	-0.858348	-0.950135	0.304913	0.018953	-0.690041	-0.150997	-0.481869
0.281055	0.991416	0.644602	-0.091043	0.597975	1.220948	0.329465	-0.057435	-0.561532	0.379443	1.508978	1.788985	0.220744	0.045918	0.542394	0.044743	0.466207	0.678431	0.078336	0.348247	-1.265403	0.087508	-0.575563	-0.608903	-1.484436	0.313726	-0.869773	0.562594	-0.242345	-0.114157	0.431438	0.935602	0.166345	0.319508	0.396555	1.188881	1.750940	1.096920	0.858593	1.874291	-1.012508	0.094597	-0.022438	0.655975	0.324952	-0.045953	0.712733	0.207353	-1.127853	0.112656	-0.244555	0.355450	-0.259524	-0.314167	0.357090	0.891265	0.184789	0.534119	-1.010552	-0.469751	-0.546112	0.189104	0.631874	0.820738	0.244911	0.214106	1.115229	-0.730517	-0.327772	-1.199843	0.989224	1.074095	-2.024859	0.131459	1.241023	-0.058633	0.345989	0.432307	1.508813	0.344908	1.211738	1.578617	-0.002950	-0.658992	0.018007	-0.697482	-0.102630	-0.967222	-1.402336	-0.775999	-0.295973	-1.400608	0.545742	0.349321	0.035125	-0.236339	0.099202	0.987031	2.725524	0.279820	-0.426059	1.075785	0.468263	-1.021531	-0.300801	0.997407	-0.321133	-0.749294	0.899328	-0.627081
0.590489	1.267926	0.990875	0.228565	1.538396	2.102730	1.190926	1.251807	0.809469	1.128302	1.948956	1.462948	1.077723	0.798248	1.334863	0.865010	1.287462	1.412544	0.549416	1.327456	-1.690219	0.546348	0.140609	0.742945	-0.581851	0.967645	0.254440	0.084918	0.545707	1.218500	1.156473	1.255266	0.718756	0.649976	-0.226135	0.314298	0.923775	0.997005	0.986409	1.377770	0.328204	0.666227	0.140052	0.390141	0.206837	-0.391395	0.480721	-0.189838	-0.283851	0.958257	0.654425	1.049947	0.203017	0.366368	1.713748	1.736565	1.135890	1.164171	-0.085656	0.139322	-0.131588	0.303546	-0.303474	-0.074781	1.315031	1.391393	1.995390	-0.524296	1.239044	-1.262440	0.312484	0.142133	-0.139991	-0.085506	2.262628	1.179721	1.244628	0.239819	1.174867	-0.366766	1.887313	1.434670	0.666641	0.608758	0.253641	0.061097	1.257543	-0.637703	-0.887279	-0.151877	0.491889	-0.562195	-0.455996	0.092775	-0.912196	-0.899643	0.588184	1.216049	2.577014	-0.181653	0.713190	1.741821	-0.042650	-0.175328	0.363547	1.619179	-0.964571	-0.114204	1.474076	-0.386473
0.408744	0.522204	0.669746	0.259810	1.132526	1.438993	0.986304	1.198040	1.344240	1.326473	1.370303	0.747558	1.075730	1.177164	0.787779	0.847034	0.914688	0.996533	0.336414	1.346182	-1.013796	0.203458	0.242936	0.751502	0.328900	0.460375	0.918900	0.049269	0.885069	1.359515	0.749164	0.575875	0.804733	0.754568	-0.465929	-0.535772	0.122375	0.397439	0.681126	0.448749	0.686796	0.190245	0.005533	-0.227223	0.280689	-0.072923	0.281584	-0.029037	0.477637	0.792344	0.605231	0.706464	0.259097	0.455714	1.769837	1.207944	1.290357	0.952248	0.417688	0.102247	-0.111543	-0.171888	-0.396894	-0.237470	1.267132	1.218424	1.258054	0.289200	1.403826	-0.913984	-0.061271	-0.235471	1.653067	-0.346964	1.311301	1.320963	1.245334	0.248630	0.420456	-0.324029	1.450422	0.782566	0.871182	1.435202	0.107230	0.428936	1.567413	-0.075792	-0.106337	0.300359	0.904631	0.389987	-0.580797	0.229822	-0.606804	-0.387283	0.784055	0.527286	1.229357	-0.190593	0.991779	1.193965	-0.042552	0.561316	0.460212	1.401135	-1.244232	0.708503	0.942299	0.401176
-0.003944	-0.346062	-0.272552	0.114867	-0.119211	-0.219471	-0.089197	0.072048	0.517798	0.736324	0.018150	0.211414	0.532537	1.107708	-0.490470	0.220141	-0.214656	-0.179852	0.040280	0.711259	-0.117351	-0.417265	-0.051196	0.061438	0.599625	-0.458318	0.562002	0.418043	0.726681	0.283502	-0.008547	-0.343055	0.763648	0.738189	0.216392	-0.286100	-0.270530	0.069627	0.111528	-0.121527	0.147601	-0.521768	0.083706	-0.242527	0.746443	0.810554	0.302764	0.338486	0.947938	0.097901	0.173414	0.076427	0.295883	0.164829	0.457542	-0.172726	0.513607	0.198870	0.337680	-0.262470	-0.092593	-0.550594	0.436265	0.330601	0.127360	0.124443	-0.591444	0.879474	0.191746	-0.053555	0.257695	0.255409	1.608614	0.025817	-0.480334	0.372803	0.678038	0.354574	0.065767	0.432656	-0.147860	-0.091081	0.748528	1.389207	0.027060	0.522555	1.081122	0.621158	0.777142	0.535065	1.008306	1.130491	0.312669	0.360513	0.609077	0.692084	0.369379	-0.462944	-0.359456	-0.097769	0.211570	-0.025711	0.300630	0.586678	-0.019608	0.374950	-0.816189	0.866588	0.087103	1.015891
-0.177751	-0.573555	-1.153789	0.041610	-0.921113	-1.424966	-1.008060	-0.960311	-0.600022	0.084174	-0.961252	0.141470	0.184267	0.867353	-1.230832	-0.269026	-0.957987	-1.061453	0.234357	0.267479	0.161749	-0.625388	-0.152701	-0.254161	0.303469	-0.850704	-0.190115	0.519855	0.284020	-0.863156	-0.104313	-0.631875	0.899564	0.816302	1.295088	0.701095	-0.284382	0.122018	-0.277830	-0.172984	-0.413532	-0.788286	0.510588	0.351381	1.252566	1.552014	0.324435	0.334988	1.250927	-0.184409	0.116046	-0.103018	0.629459	-0.012155	-0.953969	-1.148337	-0.508146	-0.423487	0.038596	-0.514572	0.047528	-0.665754	1.162498	0.753783	-0.779203	-0.524983	-1.954646	0.748998	-1.025946	0.917125	0.832444	0.825367	0.120382	0.703531	-1.361036	-0.725887	0.317044	0.427535	0.441178	1.206028	-1.654474	-0.659872	0.568033	0.730089	0.175466	0.637652	0.555780	1.207730	1.527281	0.700447	1.126017	1.522841	1.166550	0.059257	1.620821	1.381632	-0.228450	-0.945408	-1.246792	-0.498175	-0.546817	-0.694421	0.372253	0.238730	-0.432791	-0.654636	-0.153572	0.141294	-0.139759	0.770132
-0.115247	-0.451544	-1.268681	0.049561	-0.785045	-1.418273	-1.148518	-1.328970	-0.829567	0.052183	-0.876166	0.276480	0.122188	0.550724	-1.127453	-0.366400	-0.897917	-1.122346	0.542035	0.131279	-0.018946	-0.403297	-0.011493	-0.212573	-0.052305	-0.806093	-0.483810	0.028589	-0.344942	-1.134669	0.106086	-0.385395	0.791363	0.779827	1.548563	1.017055	-0.163157	-0.079431	-0.389540	-0.229261	-0.610030	-0.884219	0.606544	0.455435	1.078328	1.394414	-0.010071	-0.111768	1.243122	-0.003218	0.205640	-0.067447	0.940269	0.029386	-1.327347	-1.146067	-1.072496	-0.649941	-0.380195	-0.756767	-0.222076	-1.075141	0.892754	0.372723	-0.547515	-0.253253	-1.922931	0.128404	-1.188013	1.155096	0.803420	0.556988	-1.055584	0.603672	-1.073641	-1.263943	0.135773	0.283780	0.822786	1.251240	-1.800937	-0.579607	0.239105	-0.131958	0.243201	0.606777	0.024413	1.222589	1.625441	0.697599	1.060787	1.275341	0.983493	-0.527595	1.601303	1.208707	-0.466569	-0.758896	-1.334181	-1.154460	-0.497064	-0.464121	-0.087385	-0.036546	-0.194811	-1.087881	0.101158	-0.738644	0.120584	-0.040419
-0.191211	-0.573245	-0.739730	-0.094661	-0.342830	-0.677403	-0.768906	-1.262597	-0.348900	0.306600	-0.309092	0.112860	-0.113845	0.070856	-0.816817	-0.363131	-0.576008	-0.810320	0.205456	-0.189187	-0.052737	-0.169384	-0.061997	-0.431327	-0.198342	-0.903605	-0.234560	-0.579894	-1.059409	-0.663505	-0.375471	-0.328007	-0.059181	0.190297	0.439867	0.064312	-0.169833	-0.780799	-0.540399	-0.655038	-0.640611	-1.093528	-0.123240	-0.465720	0.023505	0.327245	-0.675359	-0.583645	0.663045	0.010634	-0.197687	-0.291157	0.714155	0.077942	-0.736788	-0.589741	-0.995870	-0.661228	-0.921127	-1.078706	-1.059031	-1.818856	-0.153779	-0.534912	0.198774	0.134973	-1.030887	-0.451186	-0.614490	0.314656	-0.106590	-0.435461	-0.983506	-0.463544	-0.764212	-1.250706	-0.379849	-0.196221	0.348674	0.410505	-0.777177	-0.118232	-0.403880	-0.926089	-0.044203	0.056603	-0.753217	0.433584	0.773029	0.262811	0.349611	0.262383	-0.078375	-0.897321	0.572808	0.359299	-0.355691	-0.357148	-1.023590	-1.175570	-0.133883	-0.132280	-0.755787	-0.286664	0.446395	-0.995590	0.050078	-0.955765	0.029372	-0.612314
-0.482829	-0.755643	-0.326476	-0.434214	-0.258411	-0.083241	-0.438589	-0.948056	-0.190641	0.047166	-0.188057	-0.321796	-0.551845	-0.402105	-0.772981	-0.528507	-0.576782	-0.796924	-0.679448	-0.710779	0.085265	-0.124065	-0.517283	-0.869361	-0.246164	-1.067129	0.014286	-0.703578	-1.538305	-0.211466	-1.333315	-0.577847	-1.162752	-0.778423	-1.081678	-1.031990	-0.318564	-1.222744	-0.770411	-1.033261	-0.620209	-0.982836	-1.045395	-1.353433	-1.044870	-0.733740	-1.141326	-0.703221	-0.216886	-0.292893	-0.871597	-0.486314	-0.047391	-0.023189	-0.118649	-0.118968	-0.547957	-0.609862	-1.228071	-1.110291	-1.578252	-1.899462	-0.961864	-1.115051	0.212673	-0.079430	-0.362469	-0.694649	-0.171357	-0.684822	-1.149879	-1.088526	-0.387290	-1.479350	-1.036995	-0.960951	-0.976397	-0.762786	-0.687608	-0.643844	0.078144	0.186374	-0.980431	-1.320778	-0.377457	-0.713829	-1.319700	-0.630353	-0.383226	-0.496412	-0.760867	-0.918567	-0.977960	-0.830841	-0.736365	-0.642527	-0.266779	-0.051548	-0.471066	-0.286138	-0.383828	-0.480519	-1.097670	-0.678677	0.721812	-0.608689	0.259830	-0.547950	-0.718287	-0.646056
-0.609158	-0.355660	-0.378254	-0.646343	-0.415363	0.050428	-0.336876	-0.186839	-0.595237	-0.699247	-0.512555	-0.395087	-0.625838	-0.521346	-0.838345	-0.811673	-0.786073	-1.055135	-1.137698	-0.835300	-0.044468	-0.133354	-1.013840	-0.826656	-0.244754	-0.643068	-0.114855	-0.355484	-1.423910	-0.128031	-1.369703	-0.417118	-1.428212	-1.281158	-1.538060	-0.822443	-0.336700	-0.631474	-0.655592	-0.715711	-0.447864	-0.152273	-1.066918	-0.871719	-1.047689	-0.873265	-0.868397	-0.412737	-0.655321	-0.358716	-0.888307	-0.084523	-0.788448	-0.271563	-0.123185	0.063398	-0.115404	-0.423957	-0.892211	-0.561419	-0.898001	-0.616872	-0.836988	-0.873656	-0.702293	-0.488934	-0.343787	-0.612513	0.019247	-0.588039	-1.321349	-0.673520	-0.295125	-1.650432	-1.123001	-0.534430	-0.781317	-0.917694	-1.120401	-0.982689	-0.025502	0.170121	-0.846255	-1.002678	-0.187396	-0.798737	-0.943892	-1.023673	-0.739902	-0.999085	-1.335887	-1.326631	-0.975774	-0.528546	-1.471170	-1.293507	-0.344505	0.280060	0.275116	0.692180	-1.223568	-1.284518	-0.811274	-1.021505	0.401381	-0.015044	0.715736	-0.202388	-1.543448	-0.367372
-0.329545	0.576400	-0.445104	-0.441967	-0.348404	0.025911	-0.207662	1.000244	-0.668710	-1.002511	-0.566932	0.151055	-0.139675	-0.333085	-0.693180	-0.961275	-0.631525	-0.951051	-0.615595	-0.365209	-0.379101	-0.066627	-0.993093	-0.044237	-0.024167	0.495244	-0.484313	0.048553	-0.738689	-0.079187	0.013475	0.492835	-0.645236	-0.858789	-0.619043	0.552487	-0.046356	0.572930	-0.058288	0.194319	-0.204009	0.917044	-0.096390	0.686862	-0.100230	-0.234894	0.085226	0.155591	-0.348572	0.098648	-0.034643	0.602573	-1.005278	-0.564532	-0.510069	0.109270	0.079329	-0.061843	-0.103398	0.224730	0.508296	1.163450	-0.061751	-0.124586	-1.465757	-0.268746	-0.572111	-0.337597	0.405586	0.473849	-0.491738	0.325043	-0.568070	-1.252464	-0.289736	-0.078069	0.162937	-0.525654	-0.546318	-0.444087	-0.504739	0.046306	-0.100784	-0.185351	0.450753	0.067208	0.168860	-0.455869	-0.164598	-0.804045	-1.008891	-0.744728	-0.311644	-0.175240	-1.257340	-1.299021	-0.415824	0.655350	0.721327	0.874970	-1.652836	-1.668835	-0.082484	-0.987748	0.032330	0.470139	0.766680	-0.236893	-1.723131	0.103859
0.045311	1.169154	0.010462	0.110256	-0.047045	0.142944	0.139138	1.891075	0.164660	-0.322534	-0.054191	0.696779	0.305121	-0.249736	-0.308719	-0.727893	0.089368	-0.176984	0.257605	0.088916	-0.274257	0.001007	-0.357823	0.794860	0.360557	1.506246	-0.734105	0.348716	0.040917	0.203044	1.376155	1.302238	0.217063	-0.019449	0.547091	1.578633	0.408993	1.250287	0.538004	0.946030	-0.154542	1.336313	0.760839	1.655190	0.564723	0.241819	1.089562	0.857413	0.104351	0.497757	0.704755	0.575072	-0.756186	-0.705779	-0.609689	0.172652	0.115022	0.316197	0.445200	0.645745	1.288339	1.906176	0.600802	0.534707	-1.146314	0.525145	-0.514559	-0.028476	0.936918	1.068328	0.521199	0.906532	-0.402712	-0.812593	0.859826	0.277280	0.615837	-0.015176	0.106011	0.172483	-0.335955	0.007620	0.387712	0.436770	0.753284	0.929039	0.903383	0.301372	0.279966	-0.105805	-0.493058	0.083173	0.336272	0.343640	-0.369924	-0.615768	-0.315458	0.725504	0.375820	0.369149	-0.935459	-1.173227	0.532847	-0.544179	0.033751	0.377668	0.244743	-0.207608	-1.060049	0.782745
0.123496	0.904550	0.937105	0.781932	0.126254	0.370366	0.541295	1.661524	1.179531	0.738778	0.658814	0.676066	0.244035	-0.308811	0.182194	0.008536	0.854474	0.759165	0.550979	0.078269	0.410053	-0.060519	0.381007	0.891969	0.470664	1.537459	-0.653406	0.746158	0.473156	0.395974	1.135521	0.987586	0.433183	0.567511	0.876408	1.374328	0.859345	1.066317	0.823066	1.206311	-0.246210	0.907966	0.625833	1.124532	0.271523	0.128078	1.579774	1.506764	-0.025309	0.172068	0.452328	-0.393111	-0.484725	-0.482732	-0.117120	0.320563	0.308072	0.580589	0.401412	0.596179	0.988939	1.350741	0.821802	0.960057	-0.035422	1.016698	-0.025258	0.212046	0.961594	0.457509	1.002199	0.855044	0.171573	-0.197317	1.218793	0.568119	-0.062011	0.243827	0.026580	0.192821	0.700673	0.177077	0.267233	0.542824	0.312475	0.792763	0.646150	0.359779	-0.093032	0.551524	-0.375952	0.432299	0.742709	1.143864	0.624030	0.535334	-0.001019	0.389019	-0.240015	-0.057693	0.564833	-0.115845	0.638760	0.132954	0.096879	-0.086951	-0.073136	0.327074	0.175287	1.345361
0.106245	0.369522	1.806503	1.378383	0.176893	0.627163	0.788495	0.477797	1.373165	1.273935	1.247191	0.445166	0.139305	-0.006974	0.776028	1.129304	1.019316	1.143541	0.242055	0.101487	0.863983	-0.147183	0.706231	0.371878	0.119423	0.849837	-0.275626	1.345749	0.663930	0.171581	-0.221171	-0.151535	0.440333	0.905421	0.476083	0.593512	1.276010	0.755490	1.173859	1.364603	0.021563	0.338246	-0.059251	-0.009329	-0.238754	-0.019171	1.450015	1.742627	-0.547845	-0.530353	-0.306096	-1.200824	-0.359701	0.115035	0.708456	0.611596	0.890392	0.864706	0.215766	0.553322	0.534909	0.673248	0.799727	1.324775	0.937147	0.782765	0.713418	0.473392	0.188745	-0.420470	1.006447	0.773103	0.317591	0.962547	0.714342	0.923985	-0.783438	0.436166	-0.246730	-0.039675	1.894694	0.682068	0.261856	0.569076	-0.292521	-0.035950	0.071341	-0.170073	-0.556554	0.841940	-0.154510	0.382586	1.103217	1.869959	1.254084	1.629843	0.557996	0.175478	0.064490	-0.008027	1.831039	0.973856	0.434275	0.952653	-0.237074	0.053324	0.395940	1.033431	1.536111	1.250235
0.550884	0.436382	2.061136	1.562437	0.541056	1.009806	0.935768	-0.454931	0.861410	1.142087	1.642620	0.560433	0.608514	0.790938	1.467485	2.199274	0.565768	0.913742	-0.000705	0.795888	0.483767	0.105714	0.694645	0.123016	-0.187707	0.519772	0.215369	1.841901	1.058007	-0.058995	-0.824214	-0.799761	0.807532	1.200126	-0.012563	0.107553	1.393390	0.768925	1.784787	1.573936	0.924967	0.347922	-0.320177	-0.486455	-0.141744	0.264055	0.816971	1.161356	-0.520203	-0.513159	-0.371330	-0.739203	-0.010201	0.824726	1.430361	1.029851	1.646061	1.323631	0.524064	0.892838	0.676133	0.639014	0.575932	1.379656	1.337246	0.372121	1.367109	0.960885	-0.818936	-0.424139	0.784592	0.854513	-0.124933	2.235686	0.159740	1.206501	-0.332433	0.796999	0.143959	0.122058	2.338887	1.329358	0.895279	0.910429	-0.429455	-0.441227	0.100465	-0.424888	-0.176828	0.721244	0.714233	0.360336	1.282985	1.813613	1.185642	1.942892	1.280974	0.522829	1.465948	0.301620	2.156024	1.811144	0.453243	1.769186	-0.778905	1.259654	0.947218	1.205931	2.449613	0.503370
1.437192	1.017323	1.429215	0.912752	1.227022	1.477822	1.067183	-0.242415	0.499627	0.743323	1.552560	0.640021	1.226533	1.277129	1.930588	2.605700	0.002616	0.621217	0.034285	1.680464	-0.062410	0.881973	0.793042	0.597505	0.106960	0.993816	0.623292	1.740542	1.677474	0.379549	-0.152622	-0.447821	1.000968	1.051126	-0.566247	-0.309760	0.622936	0.511558	1.844291	1.195996	1.922796	0.832276	-0.141737	-0.442199	0.008522	0.389973	-0.183277	-0.162353	0.478450	0.605231	0.503551	0.661847	0.882171	1.361141	1.760641	1.369481	1.975345	1.714032	1.229153	1.330169	0.801658	0.557978	-0.154813	0.502369	1.335877	0.335112	1.520054	1.614374	-1.240906	0.145211	0.103160	0.397163	-0.275556	2.430699	-0.133128	1.073964	0.616660	0.890751	0.691341	0.365870	1.604536	1.421373	1.368639	1.192156	-0.464678	-0.111106	0.515569	-0.050213	0.574129	0.175363	1.395553	0.318798	0.738177	0.726674	0.224579	1.019886	1.776515	1.006868	2.578830	0.635184	1.581295	2.196223	0.848383	2.109841	-0.839584	2.570123	0.406690	0.772065	2.354848	-0.148185
1.966236	1.192202	0.170823	-0.437769	1.497053	1.600217	1.003161	0.603213	0.513336	0.158864	0.584315	-0.167535	0.951972	0.644620	1.764778	2.011639	-0.257994	0.654620	-0.054948	1.567529	0.333164	1.745241	1.136734	1.165831	0.793536	1.443031	0.848998	0.887809	1.929571	1.250277	0.261611	-0.078911	0.127942	-0.075720	-1.510143	-1.313972	-1.110942	-0.591888	0.510498	-0.230687	2.156666	1.059970	-0.357859	-0.947313	-0.831878	-0.489415	-1.126836	-1.370701	1.671486	1.834986	1.343520	1.652889	1.919356	1.647602	1.616580	1.395594	1.495681	1.525943	1.568732	1.242679	0.010923	-0.411639	-1.301235	-1.210596	1.092257	0.374839	0.956256	1.931227	-0.763475	0.168161	-1.230903	-1.008574	0.333017	0.993002	-0.607683	0.559771	0.400419	0.077568	0.068143	-0.246071	0.034326	0.466753	0.625857	0.859491	-1.085804	0.129797	0.340168	0.375234	0.449552	-0.653441	0.552836	-0.068368	-0.558395	-0.614580	-1.335632	-0.731725	1.611248	0.855459	2.158002	1.061701	0.670905	1.911615	1.147203	1.540057	-0.069466	2.637130	-1.070740	0.387789	1.212525	-0.109112
1.588616	0.559485	-0.880516	-1.499308	0.912538	1.072604	0.617277	0.874940	0.392590	-0.747468	-0.855052	-1.670951	-0.214584	-0.617696	1.188647	0.786270	-0.087658	0.874426	-0.275188	0.331689	1.552513	1.966133	1.463430	0.990589	1.203598	0.892817	0.889315	-0.268716	1.436501	1.407445	-0.716280	-0.652605	-1.346774	-1.655368	-2.401610	-2.574910	-2.718075	-1.902953	-1.493761	-1.903154	1.566117	0.632271	-1.082892	-2.123323	-2.188112	-1.969369	-1.250158	-1.431869	1.998173	1.995542	1.444435	1.573518	2.312707	1.713489	1.191316	1.188130	0.557481	0.687300	1.147382	0.527067	-1.190188	-1.684862	-1.946504	-2.448934	0.660995	-0.022814	0.081169	1.448301	0.325205	-0.418706	-2.440276	-2.387089	0.909745	-0.968763	-1.199128	0.253078	-0.901322	-1.231303	-1.663798	-1.633222	-1.372082	-0.919979	-0.827233	0.194981	-1.783457	-0.258799	-0.521650	0.366692	-0.546675	-1.160565	-1.400388	-0.555829	-1.592111	-1.006379	-2.494448	-2.092895	0.925439	0.116370	0.751822	1.604954	0.070899	1.077879	0.866712	0.391390	1.121219	1.422808	-1.864559	0.507954	-0.189687	0.284180
0.851061	-0.102009	-0.875083	-1.293916	0.245754	0.379737	0.268486	0.304989	0.030521	-1.511194	-1.506130	-2.488320	-0.887620	-1.105889	1.013360	-0.167046	0.514936	1.052009	0.032936	-0.608002	2.224789	1.415793	1.664441	0.309170	1.166119	-0.346679	0.776665	-1.045273	0.726868	0.301566	-1.953733	-1.619331	-1.739629	-2.244636	-2.174381	-2.923289	-2.823460	-2.195299	-2.309900	-2.376398	1.074992	0.044509	-1.236275	-2.706844	-2.289100	-2.537166	-0.192315	-0.239023	1.403101	1.179698	1.338780	1.086235	1.860952	1.546847	0.961696	1.137995	-0.031579	-0.104661	0.518648	-0.113484	-1.287810	-1.846257	-1.253561	-1.945359	0.371768	-0.541360	-0.228492	0.389665	1.504555	-0.389282	-2.249269	-2.299712	0.583620	-1.634465	-0.820717	0.634782	-1.195512	-1.596074	-2.643335	-2.373920	-1.608846	-1.386360	-1.269018	0.053596	-1.141111	-0.598689	-0.973017	0.327621	-0.959583	-0.684292	-2.259294	-0.403886	-1.236827	-0.093149	-2.232638	-2.048699	0.443315	-0.241460	-0.098928	1.903795	0.146224	0.299463	0.191999	-0.323484	2.006183	0.171304	-0.885146	0.835952	-0.790442	0.297707
0.733151	0.169057	0.174944	-0.027285	0.603624	0.394004	0.469096	-0.125361	0.063725	-1.226746	-0.653423	-1.723640	-0.084160	-0.294591	1.574088	-0.215335	1.264220	1.208133	1.018507	-0.125185	1.474914	0.786195	1.936967	0.256120	1.121847	-0.921501	0.644164	-1.145835	0.628467	-1.063411	-1.642748	-1.678585	-0.338228	-1.198819	-0.646420	-1.864751	-1.355480	-1.263691	-1.184006	-1.267453	1.424208	0.142015	-0.107007	-1.745697	-0.619199	-1.489853	1.298288	1.120534	0.756605	0.512547	1.755614	0.946308	1.176286	1.231330	1.257824	1.437286	0.128342	-0.075286	0.470613	0.064045	0.148550	-0.571088	0.304801	-0.117527	0.651777	-0.316067	0.467856	-0.481108	2.269389	0.849284	-0.544178	-0.771927	-0.290998	-0.519030	1.142354	1.409033	0.570430	-0.376854	-1.590706	-1.552475	-0.538436	-0.369233	-0.083938	0.550214	0.935131	-0.085953	-0.380817	0.739138	-0.036347	0.526745	-0.834611	0.440146	0.356101	1.167087	-0.690748	-0.833776	0.594776	0.432874	0.030815	1.461605	0.738056	0.107488	-0.262776	-0.006578	2.205812	-0.276333	0.871880	0.841262	-0.248265	-0.108173
1.312135	1.198658	1.230565	1.051738	1.792220	1.197030	1.144069	0.381194	0.831945	0.173454	0.887537	-0.138220	1.331392	0.741435	2.086236	0.388538	1.497286	1.250733	1.629655	0.971808	0.029812	0.676874	2.224631	1.264711	1.304208	-0.103251	0.796995	-0.816960	1.104262	-1.239005	0.094951	-0.617952	1.432080	0.357941	0.901424	-0.244250	0.321835	-0.175518	0.595229	0.237960	2.138325	1.051849	1.394677	0.017405	1.003408	0.032771	1.877778	1.404610	0.630450	0.622382	2.239573	0.863977	0.813824	1.032690	1.721537	1.705636	0.596042	0.668990	0.965649	0.884274	1.681495	0.853889	1.199518	1.156510	1.343940	0.806227	1.540565	-0.735385	2.192925	1.940565	1.117621	0.514337	-0.626432	0.916884	3.392769	1.757756	2.453770	1.093159	0.351176	-0.140012	0.888061	1.119623	1.246376	0.714296	2.381370	0.769024	0.353007	1.062986	0.997251	1.252127	1.263633	0.916257	1.712999	1.472818	0.730099	0.306851	0.909630	1.513483	0.069311	0.232654	1.207703	0.379815	-0.315323	0.809968	1.818226	-0.395926	1.358349	0.427976	0.752585	-0.305067
1.607374	1.803929	1.228420	1.103345	2.317859	1.782543	1.576208	1.267262	1.635028	1.465782	1.716981	0.860847	1.733472	0.803753	1.534734	0.820598	0.849883	0.742864	0.868062	1.015665	-0.787512	0.804970	1.952051	2.215094	1.295756	1.231359	1.393411	-0.434604	1.211704	-0.127995	1.470001	0.486254	1.735967	0.886114	1.205351	0.793777	1.020268	0.192727	1.366470	0.780718	2.028857	1.848903	1.811064	1.021805	0.780979	0.525806	0.983058	0.429482	0.690311	0.948233	1.669782	0.192488	0.604499	1.046575	1.526016	1.354158	0.642075	1.202921	1.153972	1.299798	1.695130	1.033057	0.541228	0.596927	1.656765	1.893075	1.900935	-0.649740	1.164860	1.086935	1.205826	0.257650	0.026150	0.964900	3.795846	1.222334	1.924821	1.039832	1.109980	0.296293	1.441400	1.591757	1.078709	-0.133816	1.450788	0.769081	0.111909	0.378507	0.654573	0.714172	1.667034	0.238019	1.525915	0.498304	0.859629	0.505415	0.665830	1.755983	-0.753178	-1.142219	0.972057	0.571760	-0.417712	1.157818	1.118141	-0.911350	-0.038452	-0.132713	1.269390	-0.071682
0.785450	1.150577	0.231635	0.626130	1.165012	1.191352	1.130744	1.272034	1.449948	1.480530	1.426308	0.958392	0.852092	0.183113	-0.059783	0.572095	-0.093444	-0.427688	-0.682050	-0.167243	-0.724580	0.486455	0.677819	1.663792	0.562383	1.514379	1.931398	-0.141347	0.302224	0.944728	1.518703	0.835784	0.652810	0.375361	0.591971	1.015820	0.933440	0.227678	0.926338	0.322416	0.590439	1.429809	0.985802	0.751851	-0.536796	0.092358	-0.545664	-0.857444	0.359798	0.633316	-0.035349	-0.760372	0.123668	0.877824	0.322351	0.282759	0.096779	0.848691	0.414046	0.479574	0.274143	-0.056440	-0.844454	-1.038152	1.006821	1.962102	1.200381	-0.563201	-0.268184	-1.392920	0.046321	-0.848430	1.056527	-0.360797	1.890186	0.151901	-0.553310	-0.377291	0.445063	-0.242743	0.700683	0.753913	-0.152856	-1.177402	-0.662378	-0.072487	-0.678647	-0.999652	-0.537817	-0.255917	0.383711	-0.742149	-0.012593	-0.880192	0.106421	0.135633	-0.078980	0.786529	-1.647265	-1.807889	0.140673	0.411847	-0.870709	0.787624	0.372815	-1.491377	-1.576073	-0.625129	1.036391	0.042203
-0.873685	-0.401319	-0.659139	0.642154	-0.961287	-0.376156	-0.143916	-0.034681	0.145386	0.515017	0.699855	0.981734	-0.068041	0.098940	-1.683994	-0.106353	-0.414375	-1.433780	-1.414302	-1.057353	-0.702862	-0.369794	-1.182595	-0.332779	-0.825165	0.178959	1.457052	0.079644	-1.154029	0.940279	1.027137	0.785916	-0.132846	0.161264	0.425228	0.989926	0.955988	0.764426	0.194322	-0.087393	-1.430364	-0.320517	0.020034	0.085083	-0.722588	0.092276	-1.350276	-1.356977	-0.405431	-0.418397	-1.589538	-0.994227	-0.536644	0.060033	-1.240232	-0.978684	-0.528940	-0.111926	-0.905191	-1.228046	-1.094110	-1.262530	-1.352314	-1.853659	-0.292701	1.004700	0.077841	-0.372030	-1.111699	-3.086385	-0.660715	-1.078168	1.497036	-1.448154	-0.513988	-0.733323	-2.021023	-1.255505	0.024482	-0.321203	-0.603031	-0.302525	-0.560887	-0.991735	-1.123823	-0.397089	-0.617880	-1.550581	-0.685466	-0.139882	-0.404001	-0.463363	-1.482362	-1.542456	-0.158465	0.121553	-0.599326	-0.485392	-1.391948	-1.453011	-0.578658	0.085677	-1.269900	0.228004	-0.171645	-1.240088	-1.122397	-0.944759	0.517059	-0.359234
-2.299909	-1.827121	-0.582202	1.229316	-2.385100	-1.821023	-1.570217	-1.777045	-1.315640	-0.142897	0.158887	1.380594	-0.108842	0.832884	-2.414710	-0.600437	-0.065465	-1.259607	-0.692251	-0.646491	-1.359429	-1.186596	-2.579778	-2.143677	-2.138078	-1.781514	-0.312858	0.163394	-2.131383	0.280442	0.875186	0.897272	0.272109	0.907725	1.192290	1.098607	1.292601	1.606991	-0.261037	0.186543	-2.783398	-2.335545	-0.372221	-0.094610	0.745548	1.026373	-0.948555	-0.774289	-1.198284	-1.584051	-1.881585	-0.306698	-0.871702	-1.164729	-2.095016	-1.797684	-0.704957	-0.898968	-1.862945	-2.511333	-1.348240	-1.564151	-0.437755	-0.944065	-1.283426	-0.183460	-0.737089	-0.044072	-0.826679	-2.345759	-0.017628	0.070384	0.893819	-1.067299	-1.477439	-1.092100	-1.006325	-0.536912	0.847182	0.750049	-1.251586	-0.509632	0.550463	0.479046	0.720840	0.427629	0.545664	-0.518146	0.715257	1.211418	0.516772	1.107627	-1.720233	-1.149954	0.575691	0.677381	-0.572080	-1.023867	-0.174470	-0.559338	-0.715398	-0.205002	-1.059623	-0.135682	-0.425583	-0.219207	1.147314	-0.948934	0.184608	-0.850191
-2.649439	-2.464255	0.135378	1.361081	-2.137550	-2.281423	-2.344995	-2.761821	-1.840876	0.095342	-0.252201	1.448552	0.203556	1.281098	-2.098001	-0.620559	0.107875	-0.076677	0.447488	0.218326	-2.082863	-1.486748	-2.739060	-2.338036	-2.570092	-2.881559	-2.274216	-0.067970	-2.147492	0.011847	0.652545	0.883119	0.898184	1.653541	1.811073	1.038665	1.265434	1.556407	-0.620545	0.560086	-2.761811	-3.331214	-0.587077	0.040531	1.948966	1.726880	-0.175610	0.162959	-1.643313	-2.206798	-1.222332	0.285007	-0.687244	-1.876190	-1.756737	-1.940769	-0.495680	-1.153379	-1.902407	-2.349774	-0.855984	-0.975042	0.801172	0.683283	-1.225199	-0.904405	-1.095513	-0.120367	0.045935	-0.208272	0.996970	1.223716	-0.340725	0.212766	-0.987081	-1.202529	0.664668	0.629939	1.828530	1.849375	-0.659170	-0.017230	1.662941	1.577843	2.333901	1.168255	1.388393	0.940520	1.912144	2.154453	1.818584	2.144859	-0.904074	-0.340306	1.330530	1.065313	-0.485976	-0.867828	0.521549	0.055232	-0.510293	-0.506174	-0.359004	-0.508527	-0.578332	0.366585	2.720895	-0.632680	0.023925	-0.860596
-1.926693	-2.361671	0.469612	0.296311	-0.718408	-1.771789	-2.087698	-2.591332	-1.211617	0.514390	-0.748042	0.388258	-0.105027	0.513261	-1.164228	-0.421491	-0.401303	0.755677	0.729609	0.192428	-1.801561	-1.311076	-1.741428	-1.153209	-1.851593	-2.546303	-2.800246	-0.669416	-1.542765	0.238612	-0.416105	0.120532	0.473598	1.200020	1.046879	0.320680	0.378767	0.027626	-1.029028	0.091629	-1.587165	-2.879321	-1.085309	-0.159990	1.192479	0.962678	-0.243612	0.316895	-1.569352	-1.973331	-0.721510	-0.122658	-0.346335	-1.504924	-0.690399	-1.590068	-0.447763	-1.173715	-1.339328	-1.053532	-0.618169	-0.313651	0.922405	1.306342	-0.249054	-1.068118	-1.118487	-1.015048	0.453196	1.130256	0.837380	0.845359	-1.315200	0.798862	-0.426180	-1.454194	0.624768	0.575171	1.439962	1.517598	0.543283	0.181112	1.015896	0.855151	1.344368	0.437684	0.733055	1.153106	1.229347	1.213371	1.645320	1.230736	-0.165982	-0.074631	0.969266	0.551286	-0.817920	-0.880848	-0.163565	-0.150188	-0.402724	-0.815124	0.132183	-1.114064	-0.853863	-0.292544	1.712854	-0.338493	-0.212672	-0.582861
-0.799752	-1.845787	-0.013727	-1.275904	0.608814	-0.863965	-1.049083	-1.687145	-0.093548	0.269769	-1.103454	-1.335195	-0.961379	-0.889698	-0.146805	-0.345188	-1.000318	0.293520	0.206135	-0.634465	-0.393860	-0.906351	-0.311853	-0.004314	-0.390341	-1.368136	-1.386578	-1.306029	-0.819989	0.069745	-1.821806	-1.120336	-0.750381	-0.199701	-0.760866	-0.891073	-0.878208	-1.898263	-1.127546	-1.123741	-0.072353	-1.522418	-1.368277	-0.631488	-0.711965	-0.786440	-1.326834	-0.719952	-0.980690	-0.949111	-0.812470	-1.070688	-0.274155	-0.552134	0.202942	-1.054585	-0.870305	-1.314284	-0.864323	0.109980	-0.867984	-0.190941	-0.203181	0.396560	0.780098	-0.936067	-0.745047	-2.035179	0.022898	1.006378	-0.609971	-0.821086	-1.442093	0.063499	-0.517277	-1.679322	-0.823105	-0.594465	-0.118492	-0.102536	1.157404	-0.427772	-1.063958	-1.143067	-1.250882	-1.168584	-0.637954	0.001801	-0.650565	-1.019949	0.159297	-0.814785	-0.244342	-0.688974	-0.311488	-0.640154	-1.235209	-1.441907	-1.365233	-1.099946	-0.365371	-0.821702	-0.032089	-1.602340	-1.120145	-1.495169	-0.835900	-0.360984	-0.496762	-0.660426
0.062379	-1.054092	-0.681847	-1.892429	1.039248	-0.072812	0.168708	-0.529247	0.752702	-0.409102	-0.886373	-2.283020	-1.316470	-1.511648	0.612871	-0.311503	-0.737865	-0.841653	-0.052984	-0.978292	1.111669	-0.391012	0.797599	0.207419	1.066381	-0.211149	0.780357	-1.385469	-0.078554	-0.811707	-2.010040	-1.642059	-1.359688	-1.149499	-1.872276	-1.642750	-1.505557	-2.505870	-0.570282	-1.859960	0.993241	-0.027012	-0.586335	-0.540927	-1.546009	-1.756824	-2.194523	-1.943662	-0.151797	0.359066	-0.870478	-1.279225	-0.465095	0.012119	0.388480	-0.538326	-1.336051	-1.405740	-0.649809	0.385953	-0.798028	-0.278000	-1.274531	-0.871918	1.073079	-0.651304	0.037705	-1.845129	-0.604609	0.547233	-1.789278	-1.926259	-0.794042	-0.844821	-0.624404	-1.245467	-1.430066	-1.189168	-1.220987	-1.375305	0.704344	-1.261676	-2.492667	-2.464391	-2.331939	-1.712617	-0.918090	-1.059324	-1.566216	-2.477682	-0.836480	-1.977258	-0.727928	-1.469049	-1.210972	-1.462620	-0.997618	-1.788466	-1.645830	-2.049161	-0.076016	-0.281328	-0.529085	-1.358190	-0.961490	-1.860343	-2.261488	-0.403061	-0.540115	-1.123349
0.462885	-0.029140	-0.719912	-1.052697	0.696630	0.339601	1.029593	0.688468	1.006769	-0.649972	-0.183173	-1.677755	-0.627817	-0.855837	0.945346	-0.060488	0.376570	-1.260801	0.398837	-0.268669	1.647614	0.118327	1.211979	-0.109244	1.838401	0.566388	1.894941	-0.718830	0.734598	-1.302191	-0.413803	-0.685641	-0.674922	-0.882816	-1.160185	-1.118561	-1.134537	-1.373037	0.306702	-1.212399	1.247367	1.172177	1.034209	0.512939	-0.519447	-0.984920	-1.525908	-1.804075	0.366150	1.094474	-0.286672	-0.341105	-0.604796	-0.131272	0.011120	-0.148755	-1.135982	-0.990345	-0.194969	0.308810	0.246443	0.234228	-1.104909	-1.031057	0.545182	-0.218258	0.784728	-0.091397	-0.714566	0.648894	-1.292513	-1.128005	0.216684	-0.430547	-0.136347	-0.006341	-0.301889	-0.253982	-0.966699	-1.110324	-0.182312	-1.428047	-1.939410	-1.947799	-0.647355	-0.511926	0.264159	-0.896602	-0.667952	-1.941105	-0.417812	-1.427524	-0.739339	-1.333738	-0.889957	-1.148033	-0.025731	-0.948701	-0.785932	-1.975155	0.413482	0.426949	-0.581214	-0.318156	-0.250565	-0.956989	-1.345484	0.060143	-0.313855	-1.176218
0.550683	0.863719	-0.171518	0.162512	0.088789	0.199001	1.237264	1.647250	0.654327	-0.275040	0.247910	-0.323316	0.246346	0.062131	0.699044	0.151804	1.168309	-0.479933	0.734475	0.542142	1.056058	0.275904	0.923687	-0.136106	1.551754	0.994498	1.069449	0.057664	1.299342	-0.283329	1.498394	1.059135	0.370316	-0.107794	0.516658	0.339841	-0.413066	0.224774	0.708754	0.206973	0.724415	1.788128	2.065884	1.735579	0.901051	0.568391	0.442603	-0.033247	0.140741	0.654372	0.505583	0.614924	-0.564027	-0.496159	-0.495953	-0.052977	-0.266880	-0.100589	0.813798	0.752458	1.649944	1.459937	0.039056	0.044707	-0.367686	0.154457	0.861876	1.872335	-0.424335	0.822824	0.479773	0.866329	1.156085	1.181955	0.368706	1.143511	0.935277	1.129646	-0.151223	0.143254	-0.688273	-0.857503	-0.297940	-0.363196	1.652416	0.940621	1.205477	0.036541	0.611638	-0.210832	0.360028	-0.147393	-0.109650	-0.096760	0.118111	-0.044868	0.798356	0.777579	0.129097	-0.517215	0.578177	0.537581	0.238748	0.749193	0.495878	0.331865	0.714809	0.840218	-0.221820	-0.273191
0.420832	0.968590	0.208019	0.423842	-0.530584	-0.556766	0.780714	1.731497	-0.173751	-0.050799	-0.188143	0.338485	0.035501	-0.008936	-0.137807	-0.334301	0.666985	0.642131	0.168212	0.342691	-0.030622	-0.272451	0.154436	0.183505	0.339566	1.070111	-1.002935	0.128123	1.123672	1.539850	1.889212	2.165823	0.455636	0.073899	1.434286	1.477981	-0.153478	0.900300	0.342514	0.955239	-0.333204	1.471172	1.528701	2.012662	1.052806	1.231476	1.978831	1.755182	-0.638018	-0.604908	0.490988	0.316265	-0.554473	-0.639729	-0.931619	-0.455175	0.373478	0.515376	1.801282	1.597750	2.109460	2.518172	0.907488	1.170384	-1.242726	0.053948	0.193380	2.238206	-0.340968	0.291681	1.836086	2.158474	1.553234	2.330822	0.039010	1.171318	0.534897	1.292311	0.080579	0.992480	-0.719673	-0.345362	0.615526	0.696665	1.802157	0.969445	0.399915	0.531685	0.583983	1.112571	0.147264	0.605635	0.477039	1.145642	0.680831	0.785061	0.538095	1.743034	0.238521	1.353405	0.092188	-0.119847	1.460454	0.902503	0.534427	0.954807	2.023802	1.054795	-0.521436	0.903282
0.052561	0.040989	-0.024731	-0.279452	-1.113367	-1.575322	-0.006604	0.728288	-1.057664	-0.521548	-1.089711	-0.146347	-1.220575	-1.015262	-1.102434	-1.496609	-0.529370	1.101156	-0.677782	-0.587603	-0.819056	-1.301324	-0.681223	0.288089	-1.080364	0.785123	-2.638974	-0.459100	0.339190	2.199749	0.891500	2.037659	-0.431851	-0.365769	1.147246	1.487174	-0.357809	0.641958	-0.182703	0.515619	-1.468112	0.267933	0.197114	1.332701	0.155688	0.615082	1.691953	1.706684	-1.218099	-1.532113	-0.496696	-0.892049	-0.715191	-0.688408	-1.324046	-1.274086	0.020394	0.202700	1.872084	1.931275	1.294614	2.608315	0.821170	1.319588	-1.799659	-0.618110	-0.509251	0.704656	-0.562703	-0.584491	1.756526	1.791118	1.087272	1.946597	-0.700089	0.276728	-0.922460	0.248397	-0.188469	0.959840	-0.675810	-0.517762	0.239765	0.602132	-0.164412	-0.163627	-1.260219	0.262369	-0.507155	1.383479	-0.743618	0.666421	0.428814	1.140473	0.419874	0.714278	-0.748482	0.731359	-0.160715	2.066776	-0.627134	-0.738303	2.103519	-0.012266	-0.298594	0.750302	1.774539	0.356964	-0.816170	1.045645
-0.429964	-1.235423	-0.495293	-0.817005	-1.463027	-2.120781	-0.618280	-0.604690	-1.431962	-1.200013	-1.457579	-0.894853	-2.027848	-1.693887	-1.412558	-2.215249	-0.816418	0.917908	-0.530688	-1.010550	-0.754170	-1.888592	-1.101743	-0.023133	-1.834753	0.325706	-2.525619	-0.839811	-0.167846	0.936627	0.326435	1.335644	-1.019204	-0.450919	0.750893	0.799149	-0.348033	0.432500	-0.171212	-0.152941	-2.032125	-0.977053	-0.345455	0.765836	-0.230642	-0.089776	-0.002096	-0.174913	-1.039731	-1.339446	-1.357680	-1.398400	-0.774747	-0.890235	-1.562610	-1.963807	-0.961025	-0.724073	0.962234	1.395259	0.308973	1.971731	0.302302	0.662741	-1.783243	-1.384595	-0.450204	-1.068124	-0.517752	-0.623776	0.836876	0.586765	0.080454	0.846294	-0.535349	-0.242249	-1.397219	-0.270366	0.003597	0.782616	-0.742763	-1.106380	-0.445529	0.039958	-1.684278	-0.811249	-1.536690	0.046283	-1.047543	1.040147	-0.854805	0.606530	-0.038545	-0.075849	-0.008363	0.115043	-2.029106	-1.445517	-0.377198	1.143092	-0.769210	-0.487695	1.769709	-1.121274	-1.364985	0.240879	0.443236	-0.358600	-0.503454	-0.102993
-0.713122	-1.773275	-0.546328	-0.434309	-1.311248	-1.734754	-0.793042	-1.231765	-1.186011	-1.282717	-0.915531	-0.891914	-1.265645	-1.142743	-0.728852	-1.522661	0.379875	0.828706	0.626775	-0.465524	0.226459	-1.311497	-0.922939	-0.376647	-1.643947	-0.109383	-0.814559	-0.459560	0.233904	-0.844094	1.098354	0.859101	-0.415628	0.363806	1.094911	0.360837	0.301965	0.812573	0.261956	0.049271	-1.628609	-1.319821	0.279548	0.987022	0.621386	0.259720	-1.410577	-1.926039	-0.391293	-0.461572	-1.099097	-0.540422	-0.427258	-1.058347	-1.350550	-1.912772	-1.432977	-1.257518	-0.046919	0.615911	0.241328	1.406897	0.210704	0.155567	-1.139696	-1.688796	0.391865	-1.207457	0.158893	0.609978	0.291054	-0.040079	-0.528773	0.432834	0.801797	0.342926	-0.193494	0.878101	0.956446	1.122157	-0.762904	-1.372696	-0.466410	-0.126760	-1.039265	-0.223388	0.127912	0.514887	-0.387969	0.538278	0.271080	0.647549	-0.215543	-1.103900	0.169550	-0.127102	-2.305002	-2.730749	-0.369043	-0.186873	-0.053503	0.385690	1.107050	-1.353124	-1.938416	-0.230037	-0.944892	-0.011818	0.332578	-1.217602
-0.605558	-1.185502	0.004843	0.432403	-0.702985	-0.784958	-0.673843	-1.022926	-0.835339	-0.749134	-0.099689	-0.148264	0.334125	0.115851	0.440617	0.033857	1.738006	1.102108	1.366843	0.170189	1.450792	-0.036250	-0.476315	-0.529679	-1.010188	-0.553946	1.072339	0.274563	1.030073	-1.465561	1.959533	0.549774	0.758800	1.327895	1.605822	0.425312	1.269054	1.332670	0.523054	0.949084	-0.577799	-0.819375	0.894571	1.383107	1.735115	1.328964	-1.328370	-1.683760	-0.118758	0.025535	-0.194902	0.358127	0.062441	-0.825055	-0.605878	-1.056751	-0.773870	-0.863753	-0.416073	0.179778	0.785448	1.131678	0.711259	0.433504	-0.254263	-1.467425	1.269444	0.257090	1.000582	2.034848	0.525077	0.354672	-0.077018	0.766026	1.942992	1.189456	1.216303	2.622797	1.817920	1.639780	-0.560764	-0.966926	0.070177	0.160139	0.609893	0.559615	1.776726	1.119595	0.377085	-0.067966	1.393190	0.460890	0.296392	-0.650452	0.963404	0.498425	-1.455909	-2.190473	-0.519143	-0.374852	0.820930	0.836401	0.872864	-0.531505	-1.964357	-0.725792	-1.539774	1.082041	0.839722	-0.987377
-0.266953	-0.162262	0.736617	0.870816	-0.046042	-0.082416	-0.511442	-0.752379	-0.837841	-0.246096	0.252293	0.510950	1.064490	0.831815	1.262663	0.922021	1.620070	1.186620	0.722994	0.003179	1.796363	0.676585	-0.270386	-0.677713	-0.553683	-1.043231	1.806546	0.556777	1.090253	-0.965533	1.323497	-0.097939	1.196672	1.253032	1.215357	0.402376	1.851670	1.293497	0.479072	1.400951	0.335110	-0.387194	0.431001	0.927101	1.723940	1.730744	-0.113123	0.332149	-0.651819	-0.304398	0.075163	-0.238047	0.051688	-0.295177	0.290140	0.039092	0.439930	-0.072988	-0.315838	-0.128885	0.770944	0.645888	1.243077	1.214713	0.317716	-1.023113	1.485562	1.421593	1.183929	2.058478	0.916519	0.981114	1.019852	0.743016	1.572955	0.939123	1.248160	2.865102	1.655859	1.530624	-0.090288	-0.151601	0.468309	0.361615	0.939090	0.211072	1.453556	0.859737	0.095425	-0.641264	1.210498	-0.153467	1.167411	1.012887	1.657466	1.590871	-0.153694	-0.911643	-0.765878	0.672405	0.815913	0.307853	0.825529	0.463088	-1.849905	-1.174108	-1.154949	1.334497	0.345900	0.147734
-0.056699	0.318227	1.070947	0.550285	0.257277	0.014912	-0.402235	-0.926584	-1.009680	-0.096827	0.138511	0.533990	0.348880	0.496619	1.281748	0.443119	0.049102	0.583610	-0.549525	-0.654729	0.682288	0.257192	-0.423646	-0.925349	-0.391322	-1.304779	1.241943	0.076118	0.045678	-0.500458	-0.575693	-1.045376	0.528838	0.018751	-0.111218	-0.168195	1.594418	0.568097	0.469217	0.776595	0.614563	-0.493554	-0.764532	-0.421683	0.394149	0.665966	0.839039	2.034677	-1.516627	-0.912356	-0.532424	-1.824800	-0.612526	-0.056662	0.771309	0.683424	1.062498	0.209339	-0.346316	-0.710792	-0.243148	-0.328721	1.218536	1.629026	0.380519	-0.555627	1.002060	0.748678	0.430044	0.287005	0.705914	0.834355	1.605547	-0.106011	0.032542	-0.525540	0.145700	0.979641	0.542118	0.561327	0.569352	0.610946	0.374734	0.129793	-0.541320	-1.137080	-0.363356	-0.317192	-0.862881	-0.834447	-0.010686	-0.872141	1.589979	2.183565	1.535795	2.065656	0.790762	-0.354431	-0.637357	1.547627	-0.295924	-0.650467	0.113878	0.649979	-1.686818	-1.143083	-0.296924	-0.144858	-0.780531	0.555926
-0.213132	-0.028250	0.742558	-0.152122	0.101018	-0.156849	-0.388248	-1.150495	-0.887613	-0.003795	-0.010261	0.181442	-0.706972	-0.247909	0.528513	-0.569698	-1.479617	-0.427559	-1.103770	-0.872776	-1.209209	-0.595432	-0.593830	-0.972476	-0.325576	-1.055944	0.174024	-0.745257	-1.224588	-0.438545	-2.090621	-1.634257	-0.348665	-1.204720	-1.293475	-0.874118	0.590985	-0.377601	0.491953	-0.310796	0.351777	-0.625163	-1.571986	-1.628545	-1.152341	-1.114782	0.494113	1.638173	-1.912772	-1.201250	-0.888778	-2.316645	-1.312480	-0.450537	0.550620	0.526852	0.528482	-0.259678	-0.683590	-1.300257	-1.470742	-1.280388	0.543897	1.067605	0.152696	-0.122446	0.239066	-1.172158	-0.756613	-1.958078	-0.181255	-0.221687	1.010188	-0.925323	-1.239480	-1.880283	-0.642788	-1.450699	-0.602529	-0.674424	1.101962	0.990584	-0.050240	-0.384735	-2.012619	-2.105477	-1.534629	-1.388401	-1.280655	-0.637074	-0.926839	-1.227145	0.950323	1.420494	0.550427	1.145889	0.896044	-0.586143	-0.139095	0.947065	-1.564009	-1.105550	-1.328334	-0.068112	-1.183499	-0.494191	0.383391	-2.176904	-1.422081	-0.378683
-0.701506	-0.703332	-0.066997	-0.772128	-0.384835	-0.229135	-0.594177	-0.864364	-0.435890	0.220253	-0.075445	-0.009247	-0.934953	-0.605517	-0.684205	-0.957263	-1.916964	-1.228305	-0.802664	-0.532391	-2.473678	-1.005613	-0.502134	-0.620186	-0.347181	-0.534414	-0.615664	-1.184943	-1.603718	-0.117452	-2.230928	-1.458007	-0.542072	-1.342787	-1.440251	-0.904598	-0.584219	-0.972902	0.067531	-0.835607	-0.158981	-0.233108	-1.537770	-1.838300	-1.738406	-2.067856	-0.915514	-0.533242	-1.592960	-1.235917	-0.234774	-0.748639	-1.429758	-1.082624	-0.210460	-0.344986	-0.675958	-0.924659	-1.019623	-1.291783	-1.953126	-1.500393	-0.421125	-0.219382	-0.177930	0.095733	-0.442750	-2.441317	-1.632283	-2.967963	-1.158981	-1.372187	-0.229430	-0.797972	-1.439814	-1.922017	-0.459595	-2.477884	-1.019550	-1.383168	1.011260	0.807609	-0.519009	-0.861037	-1.728292	-1.754455	-0.965525	-1.523908	-0.835444	-0.546542	-0.854285	-1.132038	-0.552305	-0.878073	-0.631770	-0.699169	0.128504	-0.699748	-0.007402	-0.930713	-1.834632	-0.799223	-2.448701	-0.937537	-0.389196	0.073864	0.640099	-2.698679	-0.925293	-1.377589
-1.305933	-1.129027	-0.915261	-1.150528	-1.030863	-0.345344	-1.091832	-0.267553	-0.084296	0.169579	-0.299637	0.018305	-0.568121	-0.595879	-1.813044	-0.589319	-1.684600	-1.661906	-0.679358	-0.496716	-2.307780	-1.009350	-0.351468	-0.247016	-0.596847	-0.329516	-0.856386	-0.805534	-0.973192	0.601228	-1.504457	-0.934903	-0.239443	-0.660631	-0.799900	-0.118136	-1.213847	-0.909025	-0.911489	-0.535190	-0.744147	0.354953	-1.193061	-1.320277	-1.191330	-1.483807	-2.202000	-2.469279	-0.993291	-1.379463	0.579508	1.389296	-1.089568	-1.268554	-1.089837	-1.492471	-1.582400	-1.200907	-1.112707	-0.703521	-1.580482	-0.944528	-1.185536	-1.326723	-0.702446	-0.129910	-0.908563	-2.070153	-1.824936	-2.371303	-1.628574	-1.741763	-1.070576	-0.008681	-1.044925	-0.893259	-0.046972	-1.875565	-0.785179	-1.283922	0.114924	0.091157	-0.823818	-1.133126	-0.058366	-0.559072	0.330314	-0.994417	-0.374925	-0.917757	-0.408416	-0.873318	-1.874098	-2.718662	-1.232599	-2.030964	-1.066658	-0.401001	-0.749336	-2.529599	-1.053480	-0.337734	-2.351038	-1.190983	0.080564	-0.288844	0.571519	-1.187600	0.115196	-0.918786
-1.793110	-1.168000	-1.411943	-1.276700	-1.675396	-0.792511	-1.705209	-0.055298	-0.174810	-0.562008	-0.762490	-0.131165	-0.604761	-0.784214	-2.220517	-0.208365	-1.687126	-1.978952	-1.321347	-1.303868	-1.161393	-1.095021	-0.548235	-0.398961	-0.946030	-0.597800	-0.652773	0.215457	-0.207707	0.666117	-0.835927	-0.864827	-0.226370	-0.295570	-0.293552	0.685843	-0.956239	-0.248088	-1.769034	-0.009397	-1.199840	0.450414	-1.123431	-0.962412	-0.265259	-0.164924	-2.320504	-2.562399	-0.598000	-1.593325	0.330726	2.025192	-0.882885	-0.876454	-1.700452	-2.248666	-1.660761	-1.081239	-1.019115	-0.250936	-0.884339	-0.210026	-1.382636	-1.514244	-1.498927	-0.704355	-1.115492	-0.843407	-1.484380	-1.268136	-1.491504	-1.241921	-1.205476	0.398058	-0.867193	-0.005518	-0.211060	-0.988203	-0.517022	-0.723981	-1.078325	-0.757775	-0.799177	-1.144353	1.227942	0.346862	0.844371	-0.601020	-0.512621	-1.427542	-0.434931	-0.681917	-1.910753	-2.492753	-1.045181	-1.871967	-1.871933	-0.306107	-1.761109	-2.361887	-0.338957	-0.444130	-1.402359	-0.688618	-0.171870	-1.359409	0.255818	0.702972	0.485287	0.769776
-1.966590	-0.940198	-1.448416	-1.091737	-2.078934	-1.296079	-2.066296	-0.363646	-0.621515	-1.584077	-1.202591	-0.604548	-1.195606	-1.327571	-1.665994	-0.312378	-1.984085	-2.206033	-2.114564	-2.283852	-0.094389	-1.085726	-1.050746	-1.001145	-0.999958	-0.746223	-0.255912	1.176654	-0.084064	-0.656099	-0.499206	-1.559303	-0.706298	-0.783661	-0.456514	0.622519	-0.210683	0.563295	-1.878079	0.115226	-1.158417	0.139229	-1.271203	-1.112661	0.230788	0.554375	-1.245043	-1.107606	-0.417032	-1.457060	-0.640010	1.054776	-1.041129	-0.484048	-1.852963	-2.040075	-1.155086	-0.907301	-0.847372	-0.405126	-0.290752	0.174348	-0.954716	-0.880989	-2.258844	-1.176265	-1.092414	-0.076532	-1.045699	-0.744638	-1.099352	-0.534449	-1.176374	-0.052280	-1.012633	0.027531	-0.667052	-0.829528	-0.619383	-0.253925	-1.780084	-1.124902	-0.431609	-0.842240	1.171973	0.476894	0.355487	-0.592917	-0.772911	-1.479637	-0.922523	-0.516147	-0.580070	-0.657806	-0.537413	-0.714259	-1.617373	-0.709501	-1.905381	-0.431390	-0.655750	-1.183566	-0.711320	0.133674	-0.692511	-1.907175	-0.224971	1.038176	-0.291701	1.945167
-1.640858	-0.422351	-1.181056	-0.588325	-1.947232	-1.108838	-1.859630	-0.472396	-1.068797	-1.970461	-1.379705	-0.953903	-1.454130	-1.717960	-0.672877	-0.676117	-1.976029	-2.083467	-2.303247	-2.361344	0.286402	-0.261266	-1.249533	-1.314234	-0.605901	-0.102531	0.056912	1.359311	-0.525196	-2.265925	-0.393769	-2.503548	-1.148644	-1.521835	-1.116570	-0.332941	0.176192	0.875919	-1.508423	-0.218686	-0.435188	0.275365	-1.311848	-1.309264	0.037169	0.208154	0.101129	0.250527	-0.144036	-0.781146	-0.816277	0.148667	-1.197912	-0.607035	-1.531545	-0.837543	-0.611172	-0.786614	-0.628981	-0.817004	0.034103	0.136269	-0.292135	-0.257520	-2.419575	-1.184809	-1.052235	-0.164990	-0.864595	-0.762951	-0.848418	-0.297729	-1.345187	-0.895510	-1.009028	-0.430118	-0.696694	-1.050318	-0.999166	-0.217373	-1.713677	-0.746679	-0.044216	-0.297648	0.420489	0.253488	-0.370114	-0.593397	-0.524782	-1.011274	-1.315653	-0.311570	0.887233	0.784948	-0.329934	0.096625	-0.434793	-0.855158	-0.935737	1.623985	-1.654899	-1.953501	-0.802574	0.685726	-0.674907	-1.249854	-0.500176	-0.349598	-1.483627	1.442611
-0.719383	0.502249	-0.804633	0.067919	-1.145365	0.052882	-0.994347	0.252574	-1.171591	-1.384447	-1.316463	-0.691991	-0.827659	-1.452938	-0.107334	-0.867496	-1.528571	-1.621337	-2.045218	-1.404571	0.172168	1.310495	-0.664637	-0.754550	-0.082280	1.202507	0.144747	0.694321	-0.940387	-2.224090	-0.618245	-2.787669	-1.180332	-1.651870	-1.782761	-1.290924	-0.195022	0.383686	-1.306330	-0.663708	0.572632	1.234399	-1.202515	-1.021161	-0.568574	-0.520025	0.778406	0.366431	0.365101	0.128500	0.218941	0.321594	-0.935331	-0.954232	-0.824728	0.714961	-0.251361	-0.490305	-0.434278	-0.841317	0.000017	-0.088144	-0.008864	-0.357468	-1.730907	-0.805338	-1.277315	-0.625100	-0.884319	-0.673193	-0.806079	-0.571813	-1.391116	-1.535986	-0.609865	-0.633180	-0.381221	-0.849176	-1.377368	-0.622300	-1.267912	-0.051530	-0.056333	0.217510	0.006425	0.219998	-0.920572	-0.431358	-0.090070	-0.562231	-1.435417	-0.229829	1.048360	0.497409	-0.601174	-0.125781	0.746300	0.097263	0.160278	1.960469	-2.078900	-2.120966	-1.190901	0.592798	0.075487	-0.223312	-0.137169	-1.908494	-2.023788	-0.021724
0.625138	1.659708	-0.416339	0.622665	0.126857	1.435252	0.359005	1.466557	-0.757941	-0.606344	-1.118153	-0.048562	0.112983	-0.597628	-0.228191	-0.765477	-1.128149	-1.211514	-1.835172	-0.266018	0.125337	2.318825	0.408004	0.473153	0.223244	2.206607	0.158235	-0.014767	-0.951994	-0.248609	-1.086374	-1.845223	-0.996865	-0.996004	-1.912797	-1.253478	-0.773548	-0.422664	-1.168569	-0.899687	1.168909	2.220296	-0.906351	-0.185312	-0.956448	-0.664815	0.703874	-0.340597	0.952179	0.903053	1.090548	0.817134	-0.259496	-0.686268	0.064798	1.769917	0.073255	0.114281	-0.275855	-0.275038	-0.163946	-0.105763	-0.286000	-0.999132	-0.589694	-0.374155	-1.702044	-1.010529	-0.615028	-0.249653	-0.629969	-0.748126	-0.981025	-1.833071	-0.004203	-0.245889	-0.337275	-0.148436	-1.502838	-1.117755	-0.929857	0.219284	-0.422725	0.460788	0.140227	0.445325	-1.373196	-0.460764	-0.164907	-0.486753	-1.483763	-0.423565	-0.194807	-0.854313	-0.949507	-0.780776	1.054331	1.715850	0.398340	0.293300	-1.218777	-1.557768	-1.132427	-0.100321	0.930542	-0.105618	0.652222	-2.104460	-1.559060	-0.828225
1.931982	2.517801	-0.144939	0.840916	1.392002	1.907740	1.740507	2.208471	0.002054	-0.658655	-0.828114	0.182019	0.537023	0.408584	-0.367839	-0.465550	-0.914916	-0.999035	-1.445014	0.405877	0.572170	1.687460	1.198745	1.656724	0.369878	2.017675	0.438336	0.203705	-0.585075	1.708986	-1.065585	0.044281	-0.776315	0.003669	-1.092017	-0.066691	-0.739860	-0.654482	-0.371895	-0.819442	1.123294	2.198249	-0.015060	0.949468	-0.454090	0.088142	0.490829	-0.710286	1.408210	1.541373	0.652011	0.601218	0.569018	0.583379	0.815212	1.945470	0.420135	0.763767	0.105921	0.607871	0.205839	0.451326	-0.563159	-1.319474	0.287791	-0.098938	-1.741361	-1.167674	0.299913	0.245565	0.049997	-0.242931	-0.329824	-1.796136	0.631093	0.508865	-0.488507	0.541641	-1.065832	-1.113963	-0.888975	-0.261845	-0.611267	0.463038	0.389556	0.715437	-1.454425	-0.875512	-0.512065	-0.450767	-1.357234	-0.646613	-1.399840	-1.637751	-0.793812	-0.886356	0.484736	2.485500	-0.089183	-1.843852	0.292380	-0.606776	-0.436198	-0.954744	1.112606	-0.910581	0.959733	-0.849557	-0.579630	-0.356559
2.699809	2.606992	-0.225625	0.564963	2.105055	1.146983	2.460218	1.943105	0.550819	-1.508137	-0.529748	-0.301582	0.418641	1.197434	0.192275	-0.021049	-0.367139	-0.585244	-0.294816	0.819527	1.518762	0.089206	1.326618	2.219881	0.578658	0.701597	1.126839	1.371145	-0.009867	1.794615	-0.004393	1.842586	-0.304373	0.843524	0.462369	1.331432	-0.074981	-0.053895	1.108862	-0.484157	0.863511	1.143277	1.596821	1.977389	0.933048	1.160149	0.509315	-0.342952	1.640843	2.169940	-0.363864	-0.127616	1.389237	2.219166	1.114553	1.502416	0.524587	1.026819	0.911741	1.364478	1.314819	1.360894	-0.190620	-0.811130	0.520754	0.041155	-0.887279	-0.834177	1.378531	0.654260	1.043348	0.768105	0.184206	-1.298799	1.210829	1.048443	-0.127624	0.891571	0.093633	-0.291535	-1.148057	-1.100349	-0.340419	0.404491	0.384876	0.856062	-0.651853	-1.184060	-0.195975	-0.018320	-0.695854	-0.447727	-1.175196	-1.186143	0.046333	-0.272088	-0.238619	1.474829	-0.453306	-2.698197	1.170760	0.301923	0.473904	-1.455770	0.426194	-1.390237	0.232062	0.613481	0.190459	0.479111
2.659852	1.914123	-0.687043	-0.113634	1.932775	-0.067051	2.038902	0.941898	0.441536	-1.959843	-0.265298	-0.723183	0.313347	1.567607	1.231742	0.527662	0.747309	0.287201	1.358896	1.386753	2.438095	-0.795953	1.103786	1.940189	0.786421	-0.729045	1.825190	2.350384	0.587070	0.439182	1.378194	2.495246	0.484319	1.205620	1.736196	1.768896	0.484671	0.624294	2.201926	-0.046371	0.787715	-0.102966	2.970310	2.297446	2.094934	1.582147	0.526151	0.225858	1.605014	2.561148	-0.523774	-0.545201	2.087110	3.074291	0.872442	0.926141	0.194927	0.748572	1.662001	1.481529	2.106890	1.565904	0.741065	0.138021	0.383146	0.148271	0.457411	0.238079	1.521911	1.010639	1.609585	1.470540	0.490525	-0.443494	1.360369	0.815697	0.736643	0.892129	1.475764	0.896438	-1.535582	-1.549158	0.002882	0.327411	-0.000933	0.666565	0.770572	-0.763913	0.866579	0.530521	0.326047	0.171794	0.293611	-0.168584	1.119451	0.425734	-0.476392	-0.503783	-0.218122	-1.940663	0.819089	0.944103	1.045753	-1.385697	-0.577480	-0.673100	-0.906709	1.015658	0.398450	0.515439
1.892725	0.858640	-1.031521	-0.735095	1.077439	-0.710696	0.843904	-0.131902	0.055493	-0.975893	0.232154	-0.146871	0.500279	1.421750	1.879514	1.072314	1.804639	1.122947	2.498019	1.978239	2.574069	-0.369826	1.041610	0.938393	0.822978	-1.173185	1.736998	2.027574	0.978200	-0.432155	1.772759	1.821125	1.092063	0.981241	1.840063	1.037362	0.502405	0.473888	2.070137	0.302994	0.769327	-0.878771	2.870525	1.543164	1.786412	0.885171	0.393580	0.652745	1.334185	2.307729	0.265568	-0.499237	2.423977	2.557530	0.356829	0.531775	-0.224735	0.240238	1.513712	0.657944	1.356561	0.253127	1.542519	0.871772	0.511721	0.375876	1.169600	1.634989	0.312160	1.188005	1.317410	1.386304	0.642875	0.256343	0.664798	-0.101239	1.147427	0.577275	2.078243	1.544668	-1.491609	-1.153132	0.015458	0.152965	-0.654730	-0.041886	1.788762	0.309427	1.555355	0.535837	0.963713	0.676914	1.610142	0.678399	1.703722	0.729359	-0.162629	-1.620583	0.423226	-0.568901	-0.073799	1.353324	1.097344	-0.861254	-1.000519	0.730760	-1.330261	0.279148	0.279133	-0.226882
0.843484	0.015738	-0.592418	-0.791986	0.316173	-0.428819	0.040748	-0.628726	0.372324	1.078908	1.280121	1.128042	0.842174	0.905786	1.769371	1.545036	2.165458	1.283525	2.621946	2.199873	1.715668	0.397315	1.329743	-0.156193	0.871665	-0.341687	0.394883	0.583413	1.036291	0.127705	1.040690	0.659965	1.053238	0.398546	1.004800	0.007591	0.270552	-0.511414	1.232555	0.395441	0.621186	-1.024984	1.492332	0.260216	0.200534	-0.376569	0.506368	1.235939	1.100710	1.515094	0.909466	-0.367739	2.275139	1.235974	0.110509	0.494176	-0.092881	0.078339	0.516663	-0.558128	-0.375560	-1.731432	1.729121	1.213989	1.258724	0.940648	0.743233	2.403431	-1.160075	0.972172	0.644635	0.927334	0.551422	0.478748	-0.432343	-0.768153	0.645766	0.078427	1.431502	1.245966	-0.409697	-0.096191	-0.001678	-0.046513	-1.061940	-0.972917	1.866328	1.361907	1.105198	0.094871	0.907133	0.793691	1.784005	1.353931	1.414878	0.766265	0.410214	-0.819817	1.095999	0.430874	-0.244909	1.698377	0.959798	-0.065248	-0.275359	1.743618	-0.719472	-0.464198	0.406686	-0.617167
0.171560	-0.182570	0.636835	-0.251070	0.388744	0.407278	0.490149	-0.163934	1.643396	2.713485	2.519170	1.719229	1.222097	0.492633	1.367941	1.949019	2.004588	0.987321	2.181122	2.036530	0.565673	0.580130	1.774957	-0.401082	1.256337	1.041972	-1.572161	-0.719575	0.926670	1.240799	0.360966	0.036274	0.631685	-0.018735	0.176233	-0.501324	0.103450	-1.474359	0.793653	0.183732	0.625165	-0.492478	0.438295	-0.413368	-1.084550	-1.135022	1.102433	1.984428	1.238966	0.898691	0.861434	-0.140394	1.923357	0.377153	0.558882	0.917670	0.770426	0.640426	-0.070434	-0.880087	-1.021103	-2.403080	1.320532	1.269811	2.240965	1.839376	0.077749	2.120216	-1.312805	0.488049	0.334084	0.720138	0.199802	0.497606	-0.698645	-0.278850	0.003404	-0.258188	0.204831	0.449959	1.429571	1.008130	0.502974	-0.009337	-0.638818	-1.254157	1.456064	1.877777	0.237581	0.169779	0.732653	0.971291	1.041817	1.967413	0.465047	0.726829	0.988069	1.219772	1.581694	0.862016	0.796690	2.049267	1.096549	0.884741	1.290801	2.012070	0.245134	-0.066639	1.095537	0.186461
0.283384	0.262411	1.798409	0.435776	1.193640	1.215038	1.719912	0.970788	2.722730	2.810858	2.964365	0.935900	1.612657	0.621429	1.111120	2.168438	1.804900	1.036350	1.674147	1.778613	-0.041811	0.417491	1.972732	0.489578	1.773789	1.868902	-2.599742	-0.970068	0.960458	1.651415	0.499656	0.245779	0.475743	0.091037	-0.162163	-0.536935	-0.127200	-1.631323	0.991156	-0.152138	1.062164	0.562475	0.681309	-0.052892	-0.989238	-0.902228	1.572915	2.097677	1.638746	0.951348	0.649732	0.467290	1.737113	0.732951	1.522051	1.592367	1.792807	1.685444	0.672850	0.285072	0.308819	-0.998325	0.538701	0.923444	2.609729	2.563624	0.420104	1.369351	0.084098	0.125134	0.395713	0.729772	-0.099129	0.619471	0.366760	1.121665	0.027183	-0.194380	-0.519100	-0.182660	2.715528	1.650545	1.370507	0.388586	0.416070	-0.357695	1.105298	1.820710	0.161991	1.229537	1.025596	1.619234	0.189548	2.087116	-0.584504	0.445492	1.431982	2.814161	1.787237	0.975179	2.169354	2.205101	1.499035	1.764676	2.620901	1.983600	0.830532	1.409518	1.973103	1.659970
0.865877	0.832100	2.033177	0.852317	1.819875	1.586012	2.355634	1.750000	2.329117	1.707300	2.182818	-0.208875	1.826663	1.196559	0.818875	1.954739	1.554420	1.565440	1.096109	1.516418	-0.172449	0.487598	1.545806	1.547050	1.745064	1.580529	-1.619557	-0.483902	1.187826	1.188190	0.893377	0.822915	0.773905	0.550542	-0.193328	-0.491788	-0.462081	-0.942806	1.144519	-0.247810	1.470790	1.394136	1.365159	0.534783	-0.114937	-0.165791	1.160532	1.066288	1.692522	1.292319	0.779367	1.212920	1.610264	1.698921	2.215407	1.910583	2.245959	2.435225	1.915613	1.799156	1.949824	0.902108	-0.322586	0.105837	1.950416	2.485317	1.693348	0.887933	1.596400	-0.035837	0.271781	0.493677	0.046476	0.683217	1.617042	2.157895	0.442706	0.092852	-0.366636	-0.430030	2.436701	1.758673	1.819784	0.889013	1.093504	1.020643	0.818173	1.388626	0.941635	2.350986	1.546981	2.216342	-0.293884	1.302301	-1.214912	-0.156538	1.586440	2.842053	1.711369	0.943058	2.526731	1.870432	1.608432	2.157263	2.740843	2.005122	0.884538	2.690390	2.295066	2.396465
1.082511	0.900015	1.388819	0.921869	1.518462	1.394170	1.614614	1.350787	0.724702	0.739392	0.979172	-0.285525	1.626047	1.619670	0.241450	1.278905	1.037641	1.782107	0.468661	1.133563	-0.542513	0.661187	0.504516	1.540390	0.884834	0.596077	0.518142	-0.182666	1.264560	0.619598	0.771540	1.186945	1.144102	0.887351	-0.068880	-0.321113	-0.497295	0.035032	0.774667	0.145792	1.049008	1.216186	1.105378	0.416953	0.300828	0.322967	0.128550	-0.259787	1.009963	1.139408	1.032152	1.453874	1.131022	1.885083	1.981583	1.426681	1.967308	2.261963	2.006205	1.968631	1.774694	1.232309	-0.837264	-0.677259	0.837549	1.657530	2.482464	0.731312	1.798920	-0.313240	-0.171001	-0.026582	0.627250	0.544290	1.535107	1.855041	0.548869	0.285938	0.155479	-0.411473	1.125673	1.552853	1.471420	1.061441	0.796058	1.565127	0.524881	0.850033	1.491299	2.246699	1.660845	1.845465	-0.425388	0.087315	-1.185803	-0.617066	1.292768	1.630926	1.439738	0.806295	1.568200	1.106722	0.997063	1.776428	1.674983	1.897733	0.605930	2.545463	1.763338	1.637514
0.432155	0.351614	0.632187	0.719675	0.453733	0.822706	0.061236	0.168661	-0.571176	0.828848	0.400904	0.700534	1.079861	1.419734	-0.324565	0.517329	0.498529	1.162212	0.165330	0.714276	-1.303326	0.490537	-0.595512	0.486019	-0.277239	-0.178193	1.574885	-0.442341	0.810498	0.618176	0.293386	1.106233	1.224629	0.884675	0.236462	0.179698	-0.029078	0.713085	0.120950	0.845062	-0.194560	0.238878	-0.178189	-0.270998	-0.014748	0.373614	-0.480718	-0.559584	0.004374	0.287578	1.011696	1.077326	0.319045	0.688883	1.015044	0.454670	1.353387	1.315366	0.635451	0.651219	-0.099905	-0.099987	-0.738885	-0.717982	0.225908	0.876859	1.760133	0.630375	0.779331	-0.762783	-0.435163	-0.349987	1.158068	0.535758	0.099531	0.520720	0.348813	0.355194	0.406658	-0.210758	0.267752	1.233657	0.789358	0.765491	0.133198	0.904155	0.443154	0.528828	1.039533	0.921390	1.236237	0.582322	-0.366721	-0.525579	-0.625924	-0.391094	0.590556	0.412185	1.062852	0.603646	0.362209	0.441233	-0.030899	0.873422	0.397961	1.473217	0.221655	1.033584	0.864260	0.129514
-0.668966	-0.318568	0.295545	0.320239	-0.589585	0.273985	-1.147377	-0.605913	-0.679989	1.633685	0.419189	1.462049	0.543091	0.773351	-0.415050	0.063865	0.344703	0.243049	0.338915	0.567980	-1.747780	0.061570	-1.108751	-0.439260	-1.013167	-0.232483	0.338501	-0.819640	-0.153319	1.138689	0.035469	0.699886	1.017687	0.737051	0.467992	0.664451	0.424349	0.881981	-0.379596	1.310678	-1.275887	-0.522354	-1.317247	-0.625848	-0.324742	0.372482	-0.214002	0.222739	-0.503390	-0.642437	0.728782	0.686827	-0.271863	-0.930570	0.151648	-0.221238	0.813707	0.338176	-0.775165	-0.625305	-1.635976	-1.350678	-0.280397	-0.006515	0.343656	0.731229	0.077878	0.633390	-0.318404	-0.835516	-0.182323	-0.153716	1.159754	0.893452	-1.286372	-0.640299	0.402822	0.499685	0.270148	0.179513	0.586454	0.929071	0.446381	0.346954	0.065063	0.086562	0.609463	0.589569	0.078661	-0.276454	0.734520	-0.330012	-0.162043	-0.151895	0.037850	0.383625	-0.189949	0.022752	0.678506	0.375979	0.032414	0.282044	-0.738474	0.111007	-0.145510	1.017182	-0.040360	-0.558827	0.254195	-0.704387
-1.304698	-0.577333	0.238897	-0.066281	-0.978158	0.080891	-1.389229	-0.445007	-0.218859	2.094038	0.224802	1.211862	0.288368	0.298051	-0.103609	-0.111228	0.447840	-0.162460	0.572921	0.805397	-1.406736	-0.148786	-0.938240	-0.437112	-1.078665	0.203784	-1.846355	-0.779389	-1.163926	1.557986	0.028054	0.274830	0.715079	0.716676	0.256259	0.492461	0.276509	0.721501	-0.583880	1.127321	-1.361730	-0.565869	-1.364186	-0.162198	-0.023763	0.699467	0.346263	0.858836	-0.173585	-0.890975	0.424635	0.758272	-0.330733	-1.541372	-0.038745	-0.223134	0.467451	-0.104891	-0.944079	-0.693830	-1.470547	-1.220185	0.047975	0.722552	0.574808	0.906894	-1.224402	0.822019	-0.772278	-0.075389	0.332066	0.373569	0.691051	1.162209	-1.522092	-0.739606	0.927103	0.798057	0.118136	0.707033	1.409294	0.793601	0.622585	0.310925	0.655674	0.253240	0.604445	0.854124	-0.245438	-0.235688	0.600617	0.039899	0.232491	0.512184	0.408584	0.980047	-0.642298	0.258371	0.463394	0.139680	0.480430	0.350405	-0.750503	-0.070877	0.118952	0.934462	-0.081975	-1.027438	-0.000934	-0.338303
-1.001017	-0.376291	0.161287	-0.092902	-0.582296	0.259888	-0.840574	0.004684	-0.089721	1.667420	-0.376944	0.481256	0.326253	0.360344	0.119431	-0.263136	0.383962	-0.000535	0.494996	1.137606	-0.767047	0.057872	-0.500595	0.118698	-0.627401	0.571261	-2.555450	-0.389343	-1.661258	1.268125	-0.063276	0.117930	0.491756	0.859042	-0.160959	-0.311400	-0.259175	0.492641	-0.576996	0.405904	-0.627483	-0.391483	-0.448277	0.704567	0.703624	1.252961	0.573784	0.552163	0.557939	-0.328150	0.225340	1.043081	-0.213506	-0.892765	0.280102	0.117251	0.297083	-0.049332	-0.212234	-0.050293	-0.231497	-0.175757	0.113510	0.882908	0.478156	0.752840	-1.530511	0.797967	-0.712623	1.093074	0.710385	0.818078	0.278659	0.797221	-0.799607	-0.011555	1.527333	1.088657	0.282189	1.173032	1.712308	0.893003	1.000053	0.767503	1.137971	1.207516	0.134539	1.030362	0.526385	0.745405	0.860345	1.144805	0.733070	0.602034	0.474732	0.933643	-0.584776	0.442430	0.514212	-0.099215	0.788016	0.085227	-0.326137	0.166480	0.554345	1.083521	-0.130646	-0.367191	-0.259131	0.379607
-0.140590	-0.068279	0.155761	0.368328	0.309055	0.565404	-0.037020	-0.054054	-0.182214	0.840465	-0.635238	0.091317	0.501739	0.699834	0.055547	-0.333342	0.219755	0.269424	0.330763	1.148164	-0.477376	0.503025	-0.112596	0.473607	0.114846	0.508642	-1.080298	-0.171718	-1.386141	0.269019	-0.212190	0.232648	0.457230	0.992991	-0.052969	-0.909014	-0.455966	0.287605	-0.504257	-0.287873	0.129930	-0.565685	0.598745	1.202440	1.191196	1.471900	0.544262	-0.132610	0.970497	0.450414	0.119175	0.948196	-0.315693	-0.023160	0.612464	0.303837	0.299480	0.151152	0.194837	0.160832	0.627098	0.503476	0.112363	0.563379	0.408219	0.251424	-1.210065	0.180231	-0.334307	1.715334	0.815713	0.841247	0.240977	0.062149	0.061966	0.535996	1.613967	1.108276	0.612000	1.240153	1.281092	1.002804	1.143562	1.242072	0.915390	1.710669	-0.476135	1.004126	1.574719	1.467823	1.167101	1.644935	0.980297	0.090798	0.521067	0.490823	-0.123060	0.297162	0.592761	-0.327909	0.601828	-0.418796	0.106005	0.397713	0.629868	0.834299	-0.480799	0.489137	-0.490561	0.368494
0.502092	0.012989	0.472835	0.962454	1.127437	0.717488	0.510606	-0.575963	0.161966	0.405505	-0.051977	0.052545	0.577721	0.748277	0.006564	0.024745	0.412496	0.533003	0.459570	0.638433	-0.352850	0.942391	0.253629	0.405977	0.789924	0.019235	0.948185	-0.392393	-0.557791	-0.774387	-0.108294	0.302876	0.553877	0.934026	0.716545	-0.662482	-0.060914	0.097876	-0.526607	-0.415459	0.359270	-0.943355	0.998690	0.911750	0.906598	0.860214	0.534226	-0.299201	0.667290	0.705828	-0.000002	0.234985	-0.437906	0.194350	0.683291	0.200215	0.381356	0.250069	-0.197607	-0.277045	0.459733	0.280665	0.040879	0.118958	0.817072	-0.040854	-0.681091	-0.562613	0.478546	1.379499	0.598006	0.274563	0.267839	-0.276121	0.584378	0.267430	0.828414	0.691199	0.607004	0.635122	0.662429	0.766054	0.778955	1.118216	0.085411	1.038226	-0.723749	0.765706	1.611420	1.165908	1.046566	0.962251	0.579917	-0.349172	0.635057	0.146768	0.476644	0.035463	0.318997	-0.459856	0.480106	-0.431331	0.430411	0.464205	0.391735	-0.105764	-0.986902	0.822522	-0.191977	-0.372632
0.505771	-0.203360	0.947151	1.127918	1.292929	0.554164	0.528218	-0.950194	0.877078	0.479657	0.757543	-0.155432	0.320359	0.224385	0.270031	0.776231	0.948462	0.997856	0.748720	-0.239885	0.230410	1.150467	0.593710	0.122720	0.928135	-0.594302	1.695948	-0.721646	0.297004	-1.189352	0.222967	0.079981	0.492409	0.587897	1.275273	0.037850	0.440433	-0.041156	-0.675885	0.024773	0.104715	-1.064672	0.548601	0.040938	-0.091356	-0.377535	0.416357	0.044757	-0.175436	0.255398	-0.293459	-0.769704	-0.209721	-0.004827	0.510901	-0.035347	0.317434	0.186926	-0.749214	-0.629390	-0.249108	-0.311612	-0.323277	-0.295310	1.368365	0.088977	0.087239	-0.535960	1.529252	0.615968	0.010551	-0.672897	-0.072389	0.024329	0.747259	-0.379415	-0.624222	-0.021383	0.043519	-0.438827	0.351909	0.137570	-0.041024	0.299869	-0.783942	-0.205810	-0.614860	0.309938	0.328755	0.171112	0.306560	-0.226577	-0.342812	-0.243823	0.525149	0.026812	0.887821	-0.148047	-0.269325	-0.286155	0.838721	0.269789	0.760554	0.501756	0.185045	-1.154494	-1.114414	0.733393	0.678539	-0.891505
0.100193	-0.527305	1.071272	0.676643	0.717878	0.128600	0.192728	-0.842650	1.148681	0.495885	0.836055	-0.689661	-0.260508	-0.606226	0.713629	1.221214	1.216513	1.484388	0.765225	-1.028469	1.183647	0.960716	0.668229	-0.200585	0.485702	-0.870423	1.108344	-0.693092	0.758820	-0.999508	0.397536	-0.246361	0.026102	-0.010414	0.821386	0.229657	0.480519	-0.141169	-0.741073	0.424589	-0.194377	-0.808522	-0.210221	-0.732113	-1.070477	-1.331772	0.033848	0.286096	-0.946253	-0.362776	-0.721235	-1.469150	0.161160	0.024335	0.223743	-0.217848	0.015397	-0.000631	-0.703673	-0.343426	-0.615058	-0.469573	-0.852044	-0.585838	1.298602	0.187908	1.017598	0.277384	2.023592	0.237905	-0.662970	-1.308933	-0.564330	0.502884	0.645669	-0.492532	-1.832219	-0.542289	-0.647156	-1.218367	0.343520	-0.477862	-0.862430	-0.629725	-1.071602	-0.907893	-0.587639	-0.180835	-1.114275	-0.552014	-0.609871	-0.900405	-0.999964	0.237427	0.004771	-0.078316	0.863461	-0.286118	-0.621314	0.336382	1.223155	0.871113	1.033382	0.598302	0.169845	-1.391259	-0.578549	0.673205	1.243449	-0.608064
-0.148039	-0.613441	0.643057	-0.015005	0.009719	-0.219855	0.047775	-0.408344	0.611158	0.051834	0.118122	-1.195590	-0.794994	-1.182158	0.953738	0.752983	0.877083	1.403921	0.430413	-1.229861	1.620723	0.563915	0.389290	-0.406740	0.102957	-0.519449	0.462616	-0.331872	0.762287	-0.786668	0.224589	-0.278122	-0.666901	-0.657948	-0.285944	-0.467826	-0.027495	-0.369052	-0.547015	0.140742	-0.098129	-0.330372	-0.441344	-0.795664	-1.231333	-1.294631	-0.286436	0.215450	-1.067481	-0.462470	-0.890580	-1.427615	0.137641	0.298825	-0.000147	-0.194549	-0.277175	-0.173585	-0.041335	0.351518	-0.203829	0.050574	-1.016991	-0.568426	0.523514	-0.146058	1.489539	0.840197	1.432748	0.469452	-0.867880	-1.060126	-0.544549	0.716472	0.363230	0.096269	-1.803987	-0.457502	-0.852228	-1.109742	0.337054	-0.643270	-1.126779	-0.990078	-0.588559	-0.739328	-0.884775	-0.371247	-1.346807	-0.425628	-0.979040	-0.768318	-0.733812	0.607486	-0.581081	-0.280024	0.485764	-0.379224	-0.340030	1.169942	0.984419	0.570239	0.933719	0.656770	0.238948	-0.613715	0.287860	0.720532	0.700868	-0.068885
0.079615	-0.233417	-0.014420	-0.472304	-0.144082	-0.087714	0.375824	0.056463	-0.128723	-0.603038	-0.620709	-1.350941	-0.904215	-1.138670	0.788945	-0.257570	0.290498	0.582443	0.022921	-0.784920	1.048407	0.506926	0.083667	-0.276370	0.319783	0.166401	0.565594	-0.081667	0.419373	-0.871910	-0.128089	-0.020327	-1.092775	-1.063279	-1.016332	-1.417630	-0.751719	-0.813315	-0.335324	-0.758965	0.406519	0.225696	0.030761	-0.263936	-0.629746	-0.625238	-0.200197	0.066517	-0.544612	0.036873	-0.503773	-0.687799	-0.268558	0.352433	0.003914	0.102745	-0.267458	-0.170714	0.628545	0.814792	0.501854	0.696494	-0.681202	-0.327138	-0.190108	-0.683161	0.950445	0.409908	0.290012	0.732608	-0.529779	-0.330570	0.080175	0.570055	-0.009557	0.535842	-0.619759	-0.003772	-0.566208	-0.509627	0.118468	-0.381659	-0.781647	-0.700773	0.065637	-0.364178	-1.301909	-0.275686	-0.449332	0.105983	-0.729988	-0.413114	0.024745	0.504188	-0.740758	-0.500948	0.179587	-0.302553	0.257784	1.610721	0.222993	-0.315267	0.298993	0.536106	0.247179	0.362854	0.867090	0.525594	-0.535372	-0.146811
0.496388	0.352066	-0.531038	-0.635768	0.183044	0.452252	0.696658	0.287026	-0.377057	-0.983792	-0.827024	-1.130449	-0.641477	-0.594237	0.323405	-0.810322	-0.149345	-0.372633	-0.310539	-0.243177	0.081011	0.941568	0.037555	0.103003	0.698941	0.374812	0.995482	-0.130017	-0.186198	-0.954676	-0.489386	0.015840	-0.986923	-1.054106	-0.966248	-1.703346	-1.218290	-1.169694	-0.531237	-1.461205	0.751992	0.555980	0.383946	0.003898	-0.153027	-0.323517	-0.040555	-0.156596	0.003831	0.526506	0.100336	0.225265	-0.472989	0.063401	0.178896	0.457491	-0.083968	-0.057307	0.665525	0.545361	0.459066	0.581964	-0.427584	-0.359286	-0.266174	-0.961108	-0.268207	-0.533185	-0.330040	0.309771	-0.324842	-0.211892	0.537547	-0.004340	-0.390005	0.080008	0.465476	0.068022	-0.336807	-0.393658	-0.285522	-0.124765	-0.401920	-0.238954	0.021607	-0.440180	-1.438507	-0.373376	0.161959	0.077143	-0.596653	-0.489684	0.083169	-0.138616	-0.500891	-0.708082	0.245927	-0.130320	0.523514	1.181795	-0.419855	-0.825901	-0.555924	0.158049	0.125636	0.585076	0.780715	-0.110347	-1.256997	-0.796636
0.481822	0.480271	-0.827632	-0.720516	0.275513	0.716006	0.283367	0.074028	-0.204569	-0.914989	-0.616452	-0.555190	-0.327874	0.062392	-0.236890	-0.534354	-0.526396	-0.767268	-0.568601	-0.161257	-0.393321	1.085344	0.004848	0.163296	0.354776	-0.417595	0.941894	-0.116874	-0.800049	-0.672917	-0.792150	-0.480969	-0.518462	-0.654199	-0.562162	-1.075158	-1.000136	-0.927752	-1.007149	-1.240525	0.325260	0.144631	-0.137713	-0.583962	-0.254840	-0.652898	-0.347050	-0.615586	0.081462	0.443557	0.294761	0.732933	-0.193257	-0.207457	0.242356	0.442577	-0.129252	-0.113799	-0.097878	-0.505174	-0.711379	-0.572045	-0.607039	-0.841866	-0.027693	-0.898099	-1.192671	-1.032552	0.043201	-0.687561	-0.700156	-0.974334	0.229375	-1.035307	-0.606591	-0.798407	0.558467	-0.511719	-0.359778	-0.907805	-0.670670	-0.151099	-0.386128	0.093785	-0.647918	-0.723378	-0.922662	-0.809202	-0.332707	-0.723968	-0.945197	-0.858936	-0.905482	-0.980163	-0.280445	-0.879705	0.432277	-0.253872	0.302669	0.073747	-0.666344	-0.634787	-1.052956	-0.451275	-0.147253	0.003387	0.048413	-0.807032	-0.917163	-1.043997
-0.129351	-0.107215	-0.867341	-0.697925	-0.154654	0.199336	-0.734881	-0.452967	-0.071338	-0.501987	-0.223775	0.425949	0.023411	0.647753	-0.724934	-0.105223	-0.860440	-0.552234	-0.520563	-0.337586	-0.328020	0.086717	-0.400744	-0.440696	-0.628719	-1.633148	0.232341	0.304500	-0.848098	-0.170419	-0.810133	-1.019096	0.105258	0.053193	-0.108989	-0.012002	0.017510	0.032104	-0.926587	-0.193665	-0.671748	-1.019876	-0.985994	-1.369609	-0.177317	-0.660681	-0.780862	-0.929739	0.004807	-0.039284	0.076263	0.717375	0.236672	-0.197427	0.096449	-0.027276	-0.382370	-0.375474	-1.128264	-1.757532	-1.906772	-1.863557	-0.493032	-0.997012	-0.067234	-0.659171	-1.239839	-0.820053	0.944318	-1.185617	-0.969108	-1.374027	-0.357229	-2.039299	-0.332367	-0.865404	0.334228	-0.923733	-0.116254	-0.946449	-0.793853	-0.217707	-0.267006	0.550660	-0.761593	-0.420043	0.388784	-0.831019	-1.005050	-1.315252	-0.959135	-0.699912	-1.606731	-1.266804	-0.138996	-0.737422	0.221415	-0.816832	0.052190	-0.862209	-0.785864	-0.255609	-0.822650	-1.070413	-0.472251	-0.550990	-1.052254	-0.900892	-0.156242	-0.196022
-0.639265	-0.688376	-0.473751	-0.283365	-0.471077	-0.613793	-1.256868	-0.698344	-0.075950	0.108555	0.358311	1.632718	0.707147	1.271847	-0.975714	-0.237791	-0.673725	-0.147917	0.091645	-0.045943	-0.278767	-1.565333	-0.952811	-1.137932	-1.060792	-1.962489	-0.617145	0.857652	-0.020970	0.146906	-0.274246	-0.783915	0.890004	0.955436	0.605029	0.954318	1.392584	1.203383	0.307418	0.980775	-1.230175	-1.934868	-0.825416	-1.013037	0.932624	0.544127	-0.316604	-0.341396	0.489321	-0.251407	0.086738	0.484319	0.491145	-0.037439	0.059252	-0.408322	-0.257874	-0.421986	-1.496753	-2.246442	-1.579946	-1.945645	0.831615	0.113776	-0.328984	-0.228078	-0.710667	-0.307421	1.568964	-0.339829	-0.086671	-0.125557	-0.298299	-2.173743	0.535759	0.266636	0.992200	-0.140590	0.763477	0.383666	-0.534057	0.101734	0.621482	1.349463	0.337335	0.633680	1.983353	0.307042	-0.523653	-0.762683	0.243373	0.345871	-0.466563	-0.388816	0.369171	0.096030	-0.431802	-1.190969	0.139627	-0.867080	-0.935844	-0.123693	0.074320	-1.334181	-0.571776	-0.382875	-2.101111	-0.183994	0.148457	1.280374
-0.249397	-0.321627	0.306793	0.489751	-0.071674	-0.750225	-0.582423	-0.253528	-0.091285	0.674351	0.972684	2.476673	1.581326	1.853189	-0.881141	-0.749170	0.198691	0.122462	0.873276	0.829628	-0.363266	-2.280942	-1.012725	-1.064919	-0.319726	-0.868556	-1.028296	0.937950	0.979333	0.159522	0.524781	0.246918	1.674952	1.709090	1.546300	1.640834	2.352459	1.925740	2.055263	1.752511	-0.775250	-1.540559	0.548563	0.723575	2.426148	2.341632	1.197715	1.088654	1.452636	0.066780	0.538296	0.198345	0.565331	0.030469	0.379125	-0.172857	0.514289	0.032479	-0.797747	-1.502436	0.213696	-0.588288	2.830059	2.100215	-0.331934	0.396459	-0.276971	0.163045	1.383577	1.216515	1.731240	2.182056	0.432372	-1.200045	1.352279	1.420382	2.276481	1.592736	1.682857	2.285665	-0.018722	0.788728	1.854510	1.961839	1.486140	1.520352	2.640488	1.951559	0.826283	0.436795	1.933583	1.383249	2.069168	1.239159	1.403845	1.478734	-0.937715	-0.585316	0.367762	-0.147234	-0.860521	-0.098036	1.190012	-1.081081	-0.272370	0.280321	-2.577806	0.730183	-0.129685	2.202922
0.733523	0.766853	0.939645	1.055896	0.535671	-0.088089	0.430145	0.346013	-0.320127	0.806645	1.052242	2.377183	1.780742	1.826654	-0.584312	-0.985253	0.817160	0.135854	0.905186	1.346115	-0.178328	-1.387974	-0.565348	-0.349399	0.480948	0.523988	-0.815570	0.450246	0.884668	0.030456	0.688794	1.053481	1.850904	1.780261	1.978158	1.993827	2.451006	1.979822	2.825614	2.077648	-0.119051	-0.195812	1.534581	2.275169	2.598483	3.056789	2.385168	2.107595	1.704340	0.336801	0.720053	-0.315052	0.329534	-0.079873	0.671208	0.360633	1.210750	0.526637	0.198752	-0.214473	1.509343	0.858291	3.638610	3.251651	-0.105548	0.757510	-0.255132	0.470183	0.358117	1.850200	2.912024	3.441833	0.870505	0.082702	1.063938	1.097677	2.516566	2.716640	1.702058	2.979775	0.434921	1.310939	2.043370	1.496567	1.019996	1.258548	1.487884	2.322014	1.365841	0.857559	2.233884	1.106252	3.630558	2.211226	2.305001	2.571010	-0.822986	0.683723	0.333397	0.236713	-0.450553	0.015232	1.810115	-0.617834	0.128518	0.596783	-2.036162	0.896830	-0.513029	1.798301
0.969271	1.163892	0.878983	0.944789	0.278168	0.368601	0.223806	0.078592	-1.025007	0.310656	0.251237	1.361242	0.660016	0.724901	-0.426837	-0.830927	0.112494	-0.193025	-0.106558	0.583671	0.267266	-0.203406	-0.462186	-0.065594	-0.209967	0.560324	-0.214974	-0.023089	-0.601062	-0.162869	-0.239344	0.729497	0.949355	0.996418	1.319885	1.896336	1.922700	1.615711	1.839583	2.046949	-0.539625	0.545761	0.585068	1.916524	0.921663	1.941485	1.864866	1.664549	0.284878	-0.191624	0.035238	-1.011675	-0.524100	-0.357880	0.265929	0.299621	0.851165	0.295218	0.268541	0.412110	0.746838	0.991406	2.226965	2.430713	-0.262169	0.302552	-0.413532	0.342132	-0.975354	0.824518	2.335362	2.441178	0.298993	0.678090	-0.490507	-0.708895	0.868943	2.077180	0.849126	1.852944	0.567945	1.194582	0.583819	-0.127276	-0.758360	0.076233	-0.730129	0.542821	0.275957	-0.026832	0.521512	-0.543730	2.619738	1.547484	2.228768	2.562210	-0.420149	1.155323	-0.014287	-0.360183	-0.169824	-0.015628	1.301765	-0.448142	0.078410	0.088134	-0.484710	-0.029132	-0.642020	0.280877
-0.295620	-0.008007	0.195306	0.369144	-0.932174	-0.193329	-1.410043	-1.138601	-1.734328	-0.490679	-0.893486	0.077927	-1.189825	-1.027633	-0.517859	-0.765651	-1.449679	-0.791277	-1.320536	-1.103091	0.298964	-0.349226	-1.262462	-0.685635	-2.155124	-0.888712	0.326710	0.024152	-2.132175	-0.412094	-1.388315	-0.337351	-0.588803	-0.103874	0.048557	1.368248	1.264009	1.096739	-0.061565	1.538518	-1.904359	-0.076978	-1.675001	-0.153097	-1.074414	0.072404	0.000026	0.252648	-2.116234	-1.447012	-0.953845	-1.311567	-1.736884	-0.755782	-0.865127	-0.653080	-0.500271	-0.686014	-0.696524	0.073535	-1.123804	0.079720	-0.243046	0.424165	-1.014545	-0.729302	-0.271921	-0.446645	-1.802653	-0.828998	0.625959	0.194714	-0.896435	0.448361	-1.946284	-2.394049	-1.399065	0.220858	0.115606	0.149306	0.342140	0.446290	-1.361983	-1.839069	-1.634791	-0.808094	-2.092301	-2.099596	-1.280486	-1.231593	-1.542028	-2.121632	0.142072	-0.094393	1.115481	1.445390	-0.448370	-0.028063	-0.425651	-1.204169	-0.515045	-0.467643	-0.284399	-0.682891	-0.523460	-0.827611	1.362398	-1.426831	-0.523717	-1.492816
-2.049523	-1.789215	-0.559759	-0.116183	-1.882613	-1.270376	-2.773296	-1.978289	-1.414943	-1.006205	-1.381786	-0.810820	-2.394226	-2.326703	-0.511498	-0.979133	-2.154415	-1.287893	-1.839600	-2.398551	-0.429741	-1.473169	-2.258044	-1.269036	-3.291796	-2.047063	0.483167	0.415872	-2.100247	-0.476981	-1.333437	-0.870947	-1.706349	-0.818434	-0.848990	0.696299	0.614319	0.431212	-1.305110	0.416212	-2.471754	-0.916659	-2.992191	-2.001828	-1.739655	-1.092896	-1.573164	-0.782333	-3.648349	-2.464674	-1.191160	-0.833565	-2.309305	-1.076692	-1.918136	-1.723299	-1.695321	-1.528088	-1.315606	-0.261496	-1.706298	-0.328594	-1.827739	-1.129322	-1.672802	-1.317628	0.433260	-1.407646	-1.772743	-1.669523	-0.812830	-1.490523	-1.679491	0.092490	-1.748065	-2.529589	-2.499972	-1.448673	-0.012400	-0.751935	-0.118928	-0.602373	-2.197686	-2.507281	-0.404596	-0.713458	-1.625814	-3.473705	-1.743826	-1.657213	-2.018722	-2.347897	-1.462611	-1.151607	-0.326654	-0.107185	-0.923172	-1.747903	-0.777729	-0.974812	-1.259613	-1.090044	-2.002254	-0.823689	-1.104620	-1.288500	2.462607	-2.363082	-0.288670	-2.715478
-2.509716	-2.360274	-0.960196	-0.292744	-1.530429	-1.663814	-2.130125	-1.149757	0.254647	-0.921088	-0.807503	-1.093412	-2.235976	-2.480586	-0.103504	-0.992877	-1.205382	-1.320932	-1.768387	-2.480859	-1.307332	-1.723356	-2.214880	-0.743844	-2.137252	-1.269506	0.294648	0.603084	-0.497289	-0.092862	0.220883	-0.248561	-1.815659	-1.036229	-1.011049	0.199395	-0.160842	-0.349218	-1.164831	-0.993823	-1.027612	-0.403642	-2.060679	-2.138457	-1.311430	-1.414023	-1.868482	-0.945139	-3.249941	-2.385540	-0.600854	-0.137756	-1.655008	-1.049952	-2.139690	-1.979490	-1.809795	-1.435260	-0.371879	0.326727	-0.130755	0.571294	-2.017008	-1.649166	-1.490924	-0.820597	1.377591	-1.538819	-1.337953	-1.487643	-1.453479	-2.026996	-1.373863	0.215985	-0.054922	-1.335624	-2.249866	-2.304233	-0.207601	-0.945295	-0.592148	-1.552203	-1.703649	-2.028085	1.415379	-0.225480	-0.417504	-2.895197	-1.094432	-1.330556	-1.016393	-1.496639	-1.465781	-1.011842	-1.414230	-1.393279	-0.931547	-2.042684	-1.077164	0.460157	-1.663069	-1.280248	-2.710518	-0.243158	-1.076704	-0.865796	2.345062	-2.461627	-0.023839	-3.017802
-1.239117	-1.183909	-0.908147	-0.274064	-0.298852	-0.981957	0.201590	0.894278	2.184211	-0.383646	0.275181	-0.894841	-1.244726	-1.813755	0.344262	-0.421739	0.217339	-0.932792	-1.614865	-1.719147	-1.617648	-0.409928	-0.942740	0.495005	0.432293	0.925363	0.045724	0.345158	1.110682	0.409099	2.069351	0.819666	-1.241202	-1.103874	-0.750514	-0.034353	-0.894309	-0.874050	-0.218516	-1.889573	1.340123	1.258267	0.166340	-0.866968	-1.082657	-1.649034	-1.267281	-0.860373	-1.667788	-1.350973	-0.151450	-0.100889	-0.554192	-0.718042	-1.638827	-1.409313	-1.087335	-0.599846	1.466876	1.356165	1.964332	1.876185	-1.734626	-1.711951	-0.693256	0.231560	1.762287	-0.575588	-1.006956	-1.063151	-1.649416	-1.976338	-0.247427	0.697382	1.392098	-0.106244	-1.703132	-2.628220	-0.981121	-1.265993	-0.778620	-1.966855	-0.854830	-1.078677	1.650807	-0.128402	-0.038538	-1.507617	-0.419051	-0.786590	-0.141842	-0.671372	-1.100264	-0.545201	-1.890795	-2.002501	0.181166	-0.545574	-1.113019	1.644761	-1.377348	-0.807512	-2.062178	1.058369	-0.488464	0.064963	1.568828	-1.970556	0.199578	-2.425690
0.285881	0.389386	-0.487121	-0.125978	0.466014	-0.040368	2.098042	2.269410	2.798311	0.204094	0.948330	-0.461722	-0.419460	-1.153764	0.128398	0.296332	0.490849	-0.456018	-1.237266	-0.977670	-1.489906	1.066214	0.446996	1.040703	2.209971	2.429559	-0.064977	-0.104270	1.436171	0.218471	2.809645	1.215342	-0.642325	-1.174085	-0.404292	-0.191338	-1.172027	-0.782359	0.481649	-1.712364	2.379842	2.269296	1.740131	0.452422	-1.277121	-1.926759	-0.559769	-1.044197	-0.425802	-0.286247	-0.434901	-0.721848	-0.268524	-0.517057	-1.123017	-0.764328	-0.508363	0.058632	2.211905	1.437327	2.493966	2.161083	-1.588174	-1.691367	-0.202129	0.771738	1.081202	0.432359	-0.629122	-0.868204	-1.549856	-1.692975	0.668635	1.033391	1.375481	0.357180	-1.332994	-2.572788	-1.567112	-1.708554	-0.553704	-1.574065	-0.335305	-0.247642	0.329864	-0.289757	-0.516406	-0.578265	-0.151747	-0.011189	-0.183948	-0.261477	-1.329779	-0.708190	-1.753069	-1.870697	1.666211	1.011984	-0.637050	1.260022	-0.763272	-0.118511	-0.711142	2.197967	0.152940	0.705330	1.037718	-1.225971	0.316512	-1.170642
0.463806	0.765798	-0.008704	0.037838	0.072226	0.202890	1.937235	1.739030	1.579180	0.422163	0.657809	-0.219836	-0.300851	-0.996964	-0.721107	0.392951	-0.481069	-0.111957	-0.264276	-0.702533	-1.344229	1.299451	0.935587	0.340308	2.047209	1.989684	-0.016075	-0.352443	0.782686	-0.888026	1.987647	0.562117	-0.420632	-1.161285	-0.269213	-0.611426	-1.085353	-0.393335	0.321260	-0.863121	1.389830	1.571140	1.623584	0.795656	-1.026018	-1.675612	-0.140500	-1.251259	-0.190205	0.079461	-0.924949	-1.227910	-0.825046	-0.677677	-1.007211	-0.543766	-0.749152	-0.134951	0.860093	0.083105	1.117629	1.049770	-1.229588	-1.324418	-0.431451	0.353505	-0.195926	0.306248	0.030593	-0.748275	-1.003856	-1.069819	0.448058	1.075026	0.430160	0.262981	-0.826071	-1.940096	-1.056549	-1.587557	-0.267096	-0.723206	-0.138110	0.148736	-0.698096	-0.231875	-0.774965	-0.221148	0.134873	1.108090	-0.476839	0.108112	-1.552513	-1.246779	-1.167363	-1.372044	1.963458	0.957890	-0.024752	-0.221613	-0.279531	0.200749	0.342307	2.082866	0.489622	0.462144	0.928856	-0.402375	0.311399	0.338453
-0.523002	-0.134361	-0.018393	-0.182980	-0.866683	-0.340124	0.277380	-0.005292	-0.429635	0.032280	-0.468266	-0.649538	-0.811003	-1.244792	-1.191480	-0.192045	-1.404981	0.054243	0.827548	-0.781010	-0.882232	0.644217	0.734535	-0.715103	0.773094	0.400149	0.151809	-0.281435	0.333412	-2.039192	0.102254	-0.664748	-0.688749	-1.171444	-0.713681	-1.464768	-1.320092	-0.568050	-0.586876	-0.434397	-0.070953	0.059505	0.304614	0.084741	-0.127982	-0.862785	-0.161324	-1.145583	-0.386717	-0.155014	-0.935061	-1.267695	-0.937626	-0.768346	-1.067414	-0.569812	-1.660586	-1.033222	-1.399624	-1.531571	-0.855316	-0.634790	-0.430147	-0.581741	-0.801856	-0.593668	-1.024382	-0.770400	0.470130	-0.511815	-0.327406	-0.326478	-0.779748	1.096232	-0.251918	0.143646	-0.316678	-0.903971	-0.017542	-0.870064	-0.480762	-0.332618	-0.333588	-0.177067	-0.457113	-0.226693	-0.531338	0.060167	0.451699	1.815130	-0.399241	0.445476	-0.886475	-1.230578	-0.525182	-1.072314	0.531357	-0.408790	-0.163431	-1.198967	0.057179	0.131455	0.479019	0.529071	0.512422	-0.661423	0.636524	0.322146	0.215035	1.445971
-1.110819	-1.084751	-0.802910	-1.065806	-1.304143	-1.060421	-0.959437	-1.318323	-1.632348	-0.806575	-1.709368	-1.717044	-1.544233	-1.507551	-0.541839	-0.759735	-1.357963	-0.039928	1.044597	-0.894263	0.404654	0.154335	0.741849	-1.119850	-0.060300	-0.803287	0.311864	-0.205748	0.548364	-2.246268	-1.793304	-1.719820	-1.346470	-1.436027	-1.617773	-2.378898	-2.145993	-1.637364	-1.595648	-1.067622	-0.306800	-0.809894	-0.886063	-0.948821	0.513141	-0.252835	-0.680830	-0.941950	-0.163641	-0.347482	-0.667490	-1.213641	0.150906	-0.271867	-0.937931	-0.534567	-2.513973	-1.918823	-2.516344	-1.887259	-1.998294	-1.814867	0.240226	-0.053396	-0.609010	-1.420693	-0.946114	-1.483871	0.042499	-0.126458	-0.192745	-0.041351	-1.840784	1.148533	-0.383579	0.249418	-0.408089	-0.101709	0.156017	-0.295430	-1.255153	-0.976553	-1.159732	-1.219336	0.160423	-0.875053	-0.508871	0.349058	0.182256	1.137143	-0.297545	0.222272	0.257974	-0.536251	-0.221340	-1.105022	-1.397663	-1.511177	-1.291685	-0.991059	0.417257	0.126887	-0.214300	-1.352803	0.319856	-2.029155	-0.209706	0.718607	0.034490	1.509939
-0.476737	-1.155047	-1.890630	-2.155223	-0.952778	-1.431770	-0.738256	-1.393338	-1.436065	-1.563829	-2.269983	-2.630571	-1.997647	-1.478901	0.538678	-0.802310	-0.753577	-0.447374	0.223715	-0.779833	1.901799	-0.125566	1.238396	-0.865062	0.109614	-1.091784	0.232695	-0.614564	0.733430	-1.520615	-2.572874	-2.068614	-1.986290	-1.816919	-2.095022	-2.595596	-2.837260	-2.768685	-2.034612	-2.184706	0.521238	-0.727169	-0.975225	-1.346681	0.310480	-0.290954	-1.383502	-1.031502	0.576822	-0.102978	-0.740222	-1.218702	1.446121	0.513837	-0.624388	-0.474567	-2.608491	-2.155132	-1.758438	-0.819131	-1.828092	-1.942640	0.191743	-0.178990	-0.030414	-1.795514	-0.494084	-1.019460	-0.897710	0.418122	-0.652726	-0.309741	-1.713520	0.838896	-0.543558	0.502637	-0.929178	0.131998	-0.758563	-0.241420	-1.949084	-2.087570	-2.222823	-2.273452	0.018639	-1.844822	-0.907166	0.351848	-0.644438	-0.532261	-0.595156	-0.558576	0.677484	-0.101455	-0.316885	-1.060059	-2.191437	-1.455396	-2.424337	-0.474388	0.684140	0.331573	-1.029961	-2.139022	-0.034332	-2.734827	-1.083568	0.724901	-0.277583	0.548829
0.456255	-0.572311	-2.347311	-2.496308	-0.443266	-1.323969	0.073516	-0.726767	-0.785566	-1.745085	-1.950209	-2.539865	-1.765763	-1.065006	0.680935	-0.509597	-0.498303	-0.876996	-0.723844	-0.336038	2.152072	-0.711765	1.581024	-0.448085	0.511001	-0.965130	-0.117144	-1.539883	0.182191	-0.614515	-1.907919	-1.642752	-2.005380	-1.788362	-1.474343	-1.735643	-2.543141	-2.733817	-1.762335	-2.500170	0.980762	-0.308268	-0.247754	-0.769614	-0.196092	-0.505717	-1.611969	-1.257309	1.117158	0.298395	-1.039301	-0.807569	1.399387	0.701969	-0.362511	-0.495568	-1.755922	-1.597243	-0.234535	0.497233	-0.848616	-1.155239	-0.283946	-0.569979	0.107360	-1.659481	-0.305738	0.054884	-1.329925	0.880565	-0.951378	-0.504244	-0.607798	0.042446	-1.056625	0.606234	-0.921534	0.087265	-1.520225	-0.301911	-1.876669	-2.379936	-2.467113	-2.377855	-0.805581	-2.031984	-0.892935	0.076764	-0.962658	-1.530638	-0.907354	-0.977552	0.075717	-0.499592	-0.514402	-0.622605	-1.576169	-0.663637	-2.437752	-0.621326	0.604821	0.312312	-1.183463	-1.496767	-0.471716	-2.292278	-1.160897	0.603263	-0.689105	-0.503981
0.382430	-0.048740	-1.658141	-1.578144	-0.444427	-0.804990	0.030264	-0.128158	-0.944624	-1.288114	-1.207046	-1.404926	-0.797552	-0.312059	-0.324715	-0.255811	-0.715038	-0.813504	-0.958753	0.329947	0.754238	-1.312579	1.100789	-0.006539	0.186944	-0.796852	-0.363669	-2.197371	-0.740242	-0.062314	-0.711694	-0.857607	-1.088143	-1.006927	-0.223509	-0.239304	-1.318973	-1.204184	-1.131535	-1.300330	0.331186	0.082776	0.115059	0.182022	-0.215368	-0.269041	-0.980452	-0.926687	0.782275	0.299424	-0.757348	0.269693	-0.058222	-0.009505	-0.201167	-0.405373	-0.343410	-0.528031	0.577233	1.036286	0.043138	0.000307	-0.283195	-0.377064	-0.531753	-1.062175	-0.290673	0.615146	-0.962641	0.731873	-0.475385	-0.037516	0.373411	-0.660028	-1.496328	0.276445	-0.098996	0.164383	-1.101939	-0.040712	-0.969906	-1.169341	-1.337133	-1.283919	-1.469891	-1.084340	0.114509	-0.057745	-0.094404	-0.913455	-0.635943	-0.300359	-0.465751	-0.872633	-0.397821	0.065128	-0.607684	0.017236	-1.395526	-1.131308	0.286218	-0.237524	-0.586516	-0.394815	-0.889844	-1.093275	-0.357848	0.763281	-0.930066	-0.591923
-0.625183	0.170296	-0.250164	0.100541	-0.901180	-0.061516	-1.007633	0.174271	-1.823878	-0.558231	-0.480923	0.071307	0.483304	0.624285	-1.195210	-0.092448	-0.740536	-0.195183	-0.537440	0.942771	-0.897634	-1.209243	-0.080801	0.531498	-0.806884	-0.416779	-0.198555	-1.633311	-1.053373	0.034593	-0.118989	-0.230934	0.393566	0.278399	0.703951	1.132045	0.141668	0.911515	-0.353496	0.802814	-0.766922	0.510685	-0.456441	0.710147	0.335197	0.365095	0.144826	0.301996	-0.237840	-0.205550	0.384670	1.421635	-1.419688	-0.927508	-0.021359	0.002210	0.954364	0.598729	0.360126	0.871159	0.351884	0.998035	0.675191	0.746612	-1.332736	-0.262879	-0.038819	0.262106	-0.458036	-0.077008	0.504527	0.930611	0.488745	-0.810572	-1.228720	-0.317794	0.718231	0.421190	0.178331	0.447591	0.252192	0.825887	0.460110	0.286347	-1.454217	0.046926	1.538836	0.202220	1.145655	0.369064	0.056024	1.001925	0.125606	-0.019081	0.250726	0.747743	-0.205610	0.114765	-0.292732	-0.978012	0.098322	-0.947097	-0.010262	0.071383	-1.302494	-0.035170	0.538808	1.264589	-0.687463	0.311024
-1.323868	0.283166	0.824611	1.372586	-1.250507	0.478224	-1.807853	0.386917	-2.068695	-0.084866	0.201042	1.193934	1.381570	1.375661	-0.933085	0.002224	-0.252335	0.267921	-0.073136	1.166300	-1.280162	-0.680448	-1.212949	0.888103	-1.546295	0.204142	0.039507	0.105291	-0.497019	-0.302389	-0.132888	0.060334	1.520897	1.365592	1.038755	1.978416	1.369385	2.300441	0.716781	2.336505	-1.278770	0.842603	-1.146554	0.674274	0.963334	0.811606	0.857252	1.638397	-1.038695	-0.738028	1.510617	1.861473	-1.504430	-1.295910	0.094316	0.448119	1.511794	1.275827	-0.108550	0.602923	0.335781	1.584686	2.022680	2.080195	-1.573092	0.192807	0.318911	-0.486003	-0.271619	-0.691666	1.142229	1.611196	-0.044659	-0.909141	-0.171761	-0.543218	0.895038	0.637268	1.268761	0.802007	1.081079	2.054709	1.632918	1.348765	-0.842651	0.339828	2.397397	0.547597	1.378562	0.685792	0.421899	1.720663	1.422709	1.621491	1.115776	1.244679	-0.344190	-0.409635	0.218596	0.028884	0.020847	-1.273599	-0.211800	-0.282090	-1.844153	0.350785	0.786344	1.481601	-0.099715	1.097846
-0.998332	0.328568	0.751286	1.299328	-1.169747	0.333097	-1.423365	0.568878	-0.974778	-0.278372	0.777309	1.652156	1.368868	1.416932	-0.218673	-0.180630	0.148930	-0.164855	-0.065669	0.745540	-0.518820	-0.782462	-1.655368	0.646909	-1.444688	0.556041	-0.273224	1.762737	0.140589	-0.778849	0.054866	0.122943	1.484693	1.566417	1.071561	2.236070	2.175030	2.262615	1.928474	2.210034	-0.921774	0.743776	-0.928467	0.422944	1.140952	0.635736	0.466085	1.680076	-0.976411	-0.831100	1.494561	1.451366	-0.709373	-1.120996	-0.138097	0.362479	1.060771	1.075196	-0.129080	0.434635	0.498123	1.690902	2.569159	2.336308	-1.332937	-0.139206	0.244375	-1.022057	-0.141510	-0.396837	0.851987	1.321740	-0.596066	-1.613191	0.976851	-0.117341	0.745690	0.535333	1.455697	0.783186	0.955659	1.528296	1.504721	1.418679	-0.076357	-0.128742	2.335677	0.426712	0.310582	-0.351867	0.078532	1.174011	1.814020	2.067826	1.393179	1.221307	-0.613741	-1.216516	0.265226	0.829539	-0.437812	-1.205570	-0.961114	-0.919000	-2.475791	0.262413	0.491645	0.618636	0.187902	0.764310
-0.202021	0.130363	-0.270131	0.011338	-0.800674	-0.451039	-0.270022	0.573351	0.418198	-1.075778	0.820214	1.377361	0.512788	0.553398	-0.366859	-0.685763	-0.212983	-1.218848	-0.601237	-0.233687	0.103681	-1.613919	-1.340866	-0.052268	-0.892649	0.279336	-1.068914	2.092834	0.144497	-0.636930	0.587697	0.019805	0.321908	0.740749	0.792493	1.843266	2.229285	1.085687	2.488848	0.672312	-0.184762	0.321447	-0.053724	0.135908	0.559168	-0.050501	-0.749274	0.076418	-0.299103	-0.509497	0.295155	0.600067	-0.084932	-0.771402	-0.669119	-0.321250	0.016678	0.085329	0.296137	0.239682	0.867969	1.324674	1.679731	1.012218	-1.159289	-0.987319	-0.279289	-1.243546	0.093900	0.220168	-0.126999	0.204641	-0.806522	-2.352251	1.252417	0.291036	0.641458	0.005517	0.731921	0.367349	-0.119712	-0.242396	0.451200	0.696127	0.253821	-0.553343	1.586110	-0.266581	-1.049186	-1.600127	-0.587157	-0.201690	0.431894	0.353843	0.598187	0.447561	-0.836605	-1.569543	0.134949	0.416898	-1.371015	-1.018496	-1.228505	-1.307620	-2.681340	0.183534	0.339219	-1.158909	-0.215799	-0.391402
0.294535	-0.190129	-1.021286	-1.198781	-0.281912	-1.078721	0.652084	0.450250	0.742556	-1.702936	0.168672	0.540456	-0.419251	-0.586815	-1.321752	-0.950763	-0.976435	-1.672669	-1.268525	-1.132651	-0.017391	-1.885285	-0.651436	-0.483019	-0.521628	-0.122878	-1.455228	1.102974	-0.155314	0.582632	0.713733	-0.179953	-0.907167	-0.405842	0.025723	0.890981	1.333070	-0.295891	1.855857	-0.873725	0.374674	0.195182	0.382504	-0.157752	-0.616677	-0.658685	-1.538508	-1.630764	0.296438	-0.080687	-0.876723	-0.272901	0.136319	-0.259559	-0.848921	-0.867217	-0.567930	-0.791973	0.886362	0.194095	1.068638	0.711301	0.051123	-0.785299	-1.050241	-1.364321	-0.518993	-1.241983	0.047175	-0.004717	-0.841342	-0.748200	-0.586521	-1.775901	0.366383	-0.144053	0.287700	-0.606633	-0.320851	-0.186511	-1.248178	-1.631473	-0.535176	-0.161558	-0.175206	-0.435342	0.480478	-0.931018	-1.575986	-1.738885	-0.830680	-1.297377	-1.562047	-1.827470	-0.618494	-0.481488	-0.842517	-0.789218	-0.061999	-0.789277	-1.918534	-0.613865	-0.353260	-1.117937	-1.735751	0.373277	0.648723	-2.419992	-0.753772	-1.052281
0.582393	-0.146434	-0.349900	-0.974969	0.517753	-0.715987	1.049500	0.506239	0.236465	-1.161293	-0.443085	-0.309066	-0.490156	-0.905103	-1.588411	-0.322699	-1.011446	-0.690397	-1.326177	-1.114149	-0.223315	-0.662032	0.005891	-0.128037	-0.249485	0.169970	-0.769679	-0.123278	0.114488	2.107661	0.138893	-0.169320	-0.929234	-0.760900	-0.757894	-0.081732	0.041533	-1.012128	0.673553	-1.141995	0.612444	0.708736	0.121078	-0.184403	-1.562132	-0.567027	-0.830989	-1.518333	0.510986	0.308526	-0.783096	-0.842335	0.444158	0.555801	-0.069793	-0.508220	0.136616	-0.490884	1.541001	0.692024	0.979833	0.310906	-0.951184	-1.344956	-0.377993	-0.511215	0.103418	-0.779433	-0.397859	-1.009694	-0.477759	-0.639230	0.171994	0.263960	-0.801153	-1.053692	-0.498283	-0.565968	-0.877405	-0.387456	-1.214443	-1.358506	-0.607444	-0.461714	-0.891701	0.123671	-0.543957	-0.821790	-1.018481	-0.557373	-0.188997	-1.236833	-2.118865	-1.999066	-0.991737	-0.440685	-0.247715	0.915651	-0.083360	-1.276179	-1.136442	0.311040	1.233140	-0.126645	0.362941	0.824415	0.988043	-1.809986	-0.421948	-0.398343
1.171434	0.449976	1.480662	0.599932	1.563898	0.512472	1.352342	0.827724	0.333136	0.635618	-0.084688	-0.569407	0.438786	-0.010944	-0.236470	0.964978	0.113932	1.101316	-0.433156	-0.050400	0.224757	1.221177	0.504515	0.714152	0.440511	1.112217	0.578461	-0.654971	1.140790	2.580437	-0.337897	0.303896	0.421627	0.059267	-0.736365	-0.472501	-0.659016	-0.846054	0.114242	-0.157021	0.723664	1.408427	0.033573	0.269106	-1.436349	0.223870	0.906228	0.331481	0.577701	0.687032	0.471412	-0.862882	0.903963	1.360528	1.339863	0.584622	1.703602	0.977070	2.122059	1.594743	0.869298	0.368236	-0.863645	-0.367554	1.036863	1.146880	1.243763	0.480316	-0.534504	-1.398493	0.634668	0.235067	1.434874	2.148943	-0.951415	-1.006626	-1.064290	0.450732	-0.622927	-0.048535	0.152792	0.263672	0.230024	-0.019476	-0.954877	0.745751	-0.936410	0.054032	-0.026427	0.931330	1.040825	-0.149393	-0.750115	-0.068387	-0.243410	0.682418	0.977596	2.345060	0.410908	-0.192246	0.645920	1.483954	2.483711	1.461785	2.341442	1.373541	0.780764	0.319725	0.915111	0.884383
1.905788	1.067268	2.789656	1.896557	2.259512	1.507774	1.742272	1.010915	1.493600	2.396844	1.086650	-0.220472	1.323524	1.118923	1.774047	1.837032	1.383437	2.147365	0.674396	1.083339	1.076021	2.077013	0.936192	1.226491	1.421492	1.713521	1.598770	-0.487151	2.102101	1.814428	-0.028726	0.881590	1.770289	1.054077	-0.022084	-0.335309	-0.447597	-0.245975	0.382398	0.906025	0.890874	1.533182	0.583066	0.689475	-0.526456	0.832487	1.877860	1.708527	0.662684	0.946164	1.393358	-0.523671	0.936863	1.587434	2.232648	1.392884	2.633141	2.243603	2.161340	2.078799	0.779072	0.515367	-0.648998	0.554028	2.292645	2.266819	2.031502	2.186060	0.210464	-0.454651	1.105603	0.559917	2.631273	2.379497	0.169484	0.687477	-0.815712	1.597566	-0.301232	0.227970	1.540027	1.605901	0.980498	0.605010	-0.175208	0.934278	-0.602010	0.730199	0.397533	1.387180	1.785249	0.775364	0.766989	1.519164	0.358052	1.389881	2.024679	2.436848	1.242216	1.561939	1.883124	2.041924	2.667726	2.699006	2.635750	1.672021	0.039353	2.077126	2.085044	1.306780
1.976886	0.978639	2.219755	1.533820	1.918267	1.348351	1.782383	0.599339	2.451713	2.612885	1.885746	0.161554	0.953858	1.101366	2.674451	1.585089	1.431535	1.577840	0.766485	1.161500	1.466869	1.277521	1.278745	0.843884	1.763140	1.264633	1.796815	-0.207788	2.072737	1.081207	0.517632	0.806559	1.509738	0.793760	0.213799	-0.308690	0.041446	0.222362	0.582509	1.072303	1.032301	0.821911	0.922642	0.191490	-0.156228	0.286713	0.945717	0.915423	0.520622	0.781707	0.648476	-0.506352	0.256895	1.154964	1.830891	1.157945	1.892313	1.920207	1.227111	1.469525	0.267617	0.143607	-1.280491	-0.071622	2.287291	1.941565	1.995082	3.174821	1.181064	0.603467	0.018758	-0.405480	2.892587	1.279004	1.328255	2.804506	-0.306365	1.473291	-0.909029	-0.342268	1.598014	1.401324	0.596724	0.652776	0.448862	0.235898	-0.173411	0.228283	-0.306934	0.354731	1.064986	0.360777	0.541481	0.939783	-0.422452	0.336752	1.937725	1.404193	1.629068	2.278049	1.458917	1.545815	1.777904	2.518885	1.169409	1.336755	-0.707614	1.993700	1.834288	0.217247
1.004184	0.107851	0.319440	0.033063	0.632230	0.301662	1.084086	-0.314524	1.898092	1.212779	1.565476	0.165057	-0.522694	-0.177193	1.889210	0.645611	0.209127	0.083468	-0.363043	0.267912	0.949853	-0.250006	1.258699	-0.277900	0.886158	0.167030	1.402975	-0.260593	0.965121	1.286274	0.304986	-0.106361	-0.327711	-0.801350	-0.660808	-0.732367	0.156215	0.387445	0.112165	0.506755	0.874954	-0.320532	0.130893	-1.201152	-0.941297	-1.202569	-0.897583	-1.115625	-0.079202	0.061881	-1.296124	-1.102686	-0.607157	0.522474	0.570576	0.187615	0.079397	0.130142	-0.424151	-0.015431	-0.889851	-0.799817	-2.192953	-1.610288	1.045237	0.626710	1.347199	2.547123	1.114079	0.135007	-1.722396	-1.716559	1.964739	0.225789	1.191254	3.376543	-0.473426	-0.171520	-2.115090	-1.464346	0.555915	0.066852	-0.686530	0.059005	0.031117	-1.169176	-0.201126	-1.209955	-1.564508	-1.173084	-0.747826	-1.130690	-1.045780	-0.782283	-1.981370	-1.661559	0.779241	0.412429	1.091451	1.321464	-0.040407	0.642037	0.367923	0.925992	-0.365690	0.409506	-1.061430	0.519114	0.345539	-1.467489
-0.371722	-0.835471	-1.072464	-0.838211	-0.653847	-0.494824	-0.067253	-1.111933	0.163800	-0.342460	0.651629	0.025192	-1.549051	-1.285344	0.501314	-0.050310	-0.927944	-0.892871	-1.470336	-0.352532	-0.131416	-1.144940	0.717881	-1.333809	-0.564998	-0.660239	0.745244	-0.623109	-0.481671	1.718644	-0.598182	-1.072048	-1.918740	-2.107546	-1.701705	-1.203826	-0.036296	0.415078	-0.574006	-0.004697	0.318482	-1.236671	-1.267308	-2.217797	-1.732799	-2.156246	-1.603532	-2.012957	-0.819650	-0.834497	-2.437532	-1.473758	-0.916459	0.057750	-0.424548	-0.524424	-1.221940	-1.548995	-1.825498	-1.471661	-2.050917	-1.654165	-1.910243	-2.052511	-0.250698	-0.415887	0.541006	0.787735	-0.210146	-1.622736	-2.190592	-1.781165	0.639386	-0.198293	-0.042106	1.887354	-1.070372	-1.809444	-2.265192	-1.776162	-0.211859	-0.844556	-1.391612	-0.429915	-0.887680	-2.191391	-0.388013	-2.139659	-1.981405	-1.630714	-1.951316	-1.995664	-1.860644	-1.329267	-2.419160	-2.364307	-0.337074	0.207958	0.132800	-0.267975	-0.998103	0.332314	-0.782888	-0.764796	-0.411086	-0.492013	-1.047589	-0.664279	-0.883954	-2.227481
-1.129732	-1.042973	-0.947102	-0.249305	-1.042070	-0.280842	-0.928649	-1.244800	-1.256320	-0.738418	0.068048	0.113678	-0.953958	-0.926323	-0.121385	-0.134288	-0.850728	-0.669729	-1.342404	0.118958	-1.005801	-0.769779	0.034318	-1.404626	-1.372956	-0.777647	-0.018467	-0.954626	-1.417265	1.260405	-1.120030	-1.210527	-1.679170	-1.644665	-1.570325	-1.194099	-0.172502	0.365881	-0.850666	-0.173193	-0.297052	-1.420165	-1.821671	-1.765334	-1.120778	-1.461493	-0.499628	-0.874954	-1.023391	-1.184432	-1.444190	-0.544957	-0.483317	-0.203346	-0.510601	-0.321247	-1.089901	-1.660846	-2.056002	-2.044163	-2.222024	-1.759817	-0.211997	-0.694029	-0.549974	-0.470816	-0.151969	-0.603149	-1.549895	-2.681571	-0.743064	-0.419961	-0.054148	-0.492350	-0.905650	-0.198590	-0.939113	-1.773929	-0.571166	-0.612377	-0.024197	-0.425338	-0.562481	-0.179762	-1.045499	-1.791748	-0.196765	-1.480820	-0.869764	-0.566056	-1.367214	-0.976637	-0.817055	-0.103490	-0.950270	-0.905201	-0.455512	0.465788	-0.344633	-0.998009	-0.560770	0.705436	-1.110484	-1.159815	0.668849	-0.759904	-0.797815	-0.579202	-0.760081	-1.505777
-0.848234	-0.341661	-0.086432	0.786329	-0.489078	0.587992	-0.966603	-0.694995	-1.407288	-0.185606	-0.062304	0.223027	0.572874	0.449752	0.268774	0.102310	0.092497	0.125482	-0.245358	0.994633	-0.992361	0.531390	-0.134787	-0.256882	-1.040731	-0.362217	-0.531717	-0.891042	-1.497572	0.100012	-0.659723	-0.599993	-0.098335	0.056568	-0.317396	-0.789887	-0.257369	0.034324	-0.865670	-0.412139	-0.440587	-0.760175	-0.976519	-0.314703	0.442242	0.180203	0.993014	0.857111	-0.371816	-0.510278	0.701645	1.305782	0.304257	-0.204589	0.048715	0.576206	0.000469	-0.247226	-1.016307	-1.432520	-1.189837	-1.117347	1.207076	0.845740	0.070361	0.030353	-0.669451	-0.732836	-1.550176	-1.721585	1.050473	0.797387	0.024385	-0.999457	-0.534078	-1.161336	0.145805	-0.248173	1.418133	0.821672	0.430831	0.652342	0.923160	0.525312	-0.225483	-0.285990	0.111500	0.127904	0.731355	0.828060	0.126736	1.089728	0.734891	1.244944	0.976280	1.062827	0.262363	0.495503	-0.108527	-0.399977	0.566220	0.800525	-0.721493	-0.180501	1.213610	-0.461405	-0.254731	0.133845	0.173895	-0.182959
0.054454	0.729557	0.168551	0.801470	0.313678	1.154211	-0.267048	0.120602	-0.640893	0.132668	-0.322078	-0.196007	1.292888	1.194894	0.825302	0.342351	0.708722	0.429420	0.624916	1.008918	0.024594	1.834677	0.368979	1.287951	-0.131267	0.263267	-0.302472	-0.294271	-1.024372	-0.655859	0.204105	-0.105400	0.944416	1.060790	0.698170	-0.526690	-0.496474	-0.666777	-1.085475	-1.011389	0.015021	0.323408	0.352767	0.702103	1.114457	1.023924	1.190420	1.382099	0.735180	0.943468	1.761975	2.285097	0.957192	0.224732	0.614644	1.410236	0.916201	1.301638	0.486772	-0.025100	0.189305	-0.259466	0.747376	0.687065	0.746257	0.226654	-1.039647	-0.234781	-0.127916	0.387096	1.221937	0.505359	0.120261	-1.303636	0.336507	-0.833497	0.998818	1.014275	1.542221	0.816185	0.268576	1.028304	1.376193	0.849430	0.527474	0.863468	-0.196839	1.022834	1.157393	1.149147	0.630650	2.098285	0.835991	1.064824	1.408038	1.425932	0.820176	0.127629	0.272586	0.703517	1.114370	-0.131600	-0.341848	0.910676	0.432820	-0.172005	0.633671	0.194630	0.490686	0.503201
0.826892	1.472481	-0.471957	-0.384911	0.671665	0.930683	0.547641	0.749032	0.043755	-0.356011	-1.005616	-1.109416	0.512345	0.496434	0.719910	0.517876	0.454677	-0.067955	0.748657	0.012606	1.332695	2.327864	0.937547	2.073577	0.493586	0.826841	0.529298	0.662482	-0.646640	-0.608617	0.569517	-0.226059	0.485461	0.423600	0.505568	-0.645193	-0.777661	-1.332202	-1.366840	-1.549036	0.581317	1.095626	1.002973	0.651261	0.182741	0.394104	0.072051	0.531253	1.547657	2.283559	0.827094	1.321342	1.258306	0.979657	0.788514	1.595310	0.955330	1.617529	1.361638	1.247239	0.864273	0.305821	-1.016717	-0.923665	0.827304	-0.121987	-1.329402	-0.303331	1.554214	1.729367	-0.267228	-0.784980	-0.360938	-0.981086	0.465381	-0.411994	0.725387	0.843640	-0.136673	-0.615609	-0.457153	0.190674	0.366378	0.426349	0.442286	0.729857	-1.093943	0.526378	0.136083	0.391326	-0.376349	1.098974	-0.542609	-0.401526	0.233076	0.084889	0.407961	-0.304968	0.244558	1.067934	0.699157	-1.527242	-0.547273	0.838223	-0.712319	-0.205970	1.567154	-0.764003	-0.351521	0.341064
1.001332	1.592035	-1.161524	-1.624054	0.448843	0.321211	0.818286	0.959601	0.027314	-1.044969	-1.674662	-1.667265	-0.704374	-0.709082	0.003410	0.566470	-0.102706	-0.680569	0.662181	-0.870099	1.844096	1.924829	0.896821	1.761786	0.469926	1.027294	1.016478	1.618730	-0.769598	-0.327375	0.225547	-0.481844	-0.537972	-0.722951	-0.422646	-0.809694	-0.758046	-1.341919	-1.104864	-1.353647	0.666622	1.088448	0.776890	0.218816	-1.006176	-0.606583	-0.973349	-0.508125	1.582775	2.585920	-0.732047	-0.481650	1.297421	1.558964	0.552293	1.107112	0.234505	0.578239	1.073513	1.472542	0.574948	0.408780	-1.983566	-1.992431	0.372965	-0.489592	-1.567573	-1.091991	2.191699	1.466290	-1.582675	-1.426259	-1.141234	-0.251969	-0.293121	-0.771626	-0.018638	-0.137938	-1.366040	-1.719655	-1.023251	-1.054715	-0.864554	-0.271108	-0.040341	-0.052214	-1.665255	-0.313623	-0.942779	-0.308938	-1.492558	-0.703370	-1.553000	-1.561021	-0.834647	-1.236564	-0.832044	-0.519702	-0.147303	0.143314	0.046930	-1.996113	-1.059272	-0.407984	-0.876968	-0.316504	1.944857	-1.794162	-1.393032	0.221496
0.684798	1.254074	-1.026475	-1.772987	0.088303	0.023946	0.458751	0.747349	-0.446917	-1.097296	-1.670408	-1.140068	-0.951664	-1.006137	-0.570245	0.362081	-0.123914	-0.540358	0.913072	-0.747709	1.163985	1.196841	0.316819	0.972614	0.092801	0.684136	0.459183	2.192992	-1.087637	-0.200639	-0.327792	-0.092425	-0.664462	-0.722856	-0.796307	-0.542113	-0.335383	-0.550221	-0.164611	-0.362393	0.217299	0.454312	0.370113	0.253444	-0.886824	-0.577346	-0.848867	-0.748825	0.934150	1.643107	-1.011410	-1.124676	1.235679	1.538395	0.140382	0.333837	-0.594441	-0.694311	0.099496	0.557081	-0.000006	0.223465	-1.002728	-1.212992	-0.097612	-0.361493	-1.614714	-1.556859	1.395518	0.445567	-1.195760	-0.611838	-1.478195	0.428199	-0.926779	-1.452123	-0.027809	-0.554530	-0.580256	-1.148694	-0.933778	-1.499422	-0.980560	-0.534598	-0.068574	-0.168816	-1.315573	-0.183847	-0.792819	-0.204608	-1.303493	-1.490573	-0.830533	-1.322748	-0.389604	-1.157027	-1.853264	-0.504178	-0.473839	-1.377798	-0.031090	-0.879009	-1.021575	-1.601555	0.009702	-0.188252	1.326876	-1.669096	-1.367998	0.842883
0.371532	0.738156	-0.037751	-0.773857	0.142290	0.184233	0.033604	0.257980	-0.616137	-0.522791	-0.845476	0.120658	-0.104166	-0.208535	-0.421456	-0.011316	0.570607	0.455935	1.316887	-0.032128	0.105552	0.619594	-0.109094	0.318797	-0.056974	-0.000661	-0.679203	2.069837	-0.846278	-0.034807	-0.479381	0.933526	0.323158	0.533472	0.119789	0.231919	0.246733	0.464884	0.797047	0.719606	-0.283719	-0.293780	0.505346	0.752561	0.451050	0.553666	0.270737	-0.177800	0.142037	0.205075	0.247293	-0.067261	1.063887	0.988045	-0.145354	-0.330247	-0.879320	-1.002638	-0.473502	-0.567556	0.038217	0.143841	0.960943	0.684223	-0.143753	0.106795	-1.208873	-0.892594	-0.063461	-0.022074	0.558031	0.914729	-1.043196	0.933607	-0.600924	-1.426056	0.798594	0.056291	1.296730	0.602902	-0.321739	-0.766687	0.016842	-0.170524	0.491326	0.783467	-0.472706	0.856977	0.361488	0.359049	-0.019970	-0.809850	0.969037	-0.052714	1.174843	0.083622	-1.620198	-0.344889	-0.438084	-2.093267	0.450006	0.934925	0.004263	-1.544634	0.855630	0.083538	-0.142828	-0.200450	-0.193201	1.734915
0.362511	0.150856	0.982126	0.391560	0.635804	0.246985	0.024003	-0.284565	-0.127111	-0.082940	0.190393	0.926340	0.728662	0.584714	0.195105	-0.222635	1.343204	1.496495	1.334459	0.232485	-0.180550	0.126642	0.044366	-0.222223	0.296695	-0.597750	-1.324243	1.151348	0.234229	0.114770	-0.050410	1.612083	1.326265	1.592155	1.699062	1.037029	0.625112	0.901030	0.958084	1.086453	-0.416453	-0.759122	1.202809	1.134112	1.655697	1.625676	1.373531	0.579604	-0.249259	-0.666869	1.560914	1.285236	0.656597	0.298382	-0.210391	-0.757273	-0.513732	-0.297134	-0.058888	-0.847978	0.841574	0.428051	2.116278	1.979775	0.170355	0.290601	-0.302895	0.371784	-0.990855	0.397642	2.068658	1.872019	-0.289456	1.265145	0.356182	-0.541184	1.396066	0.919491	2.232252	1.991486	0.183063	0.312070	0.989844	0.349140	1.007361	1.856710	0.120476	1.647424	1.319861	0.656533	1.108143	0.320192	2.128347	1.036021	2.332032	1.261549	-0.240950	-0.148258	-0.143676	-1.252903	0.796300	1.869866	1.488529	-0.296683	0.847636	0.145037	-1.709654	1.493366	0.976504	1.908894
0.351308	-0.551491	1.072678	0.660781	0.912429	-0.370249	0.141455	-0.714396	0.426545	-0.268545	0.544878	0.489050	0.582777	0.442194	0.421550	-0.116142	1.323603	1.630779	0.762846	-0.280265	0.436129	-0.487693	0.398707	-0.879199	0.784238	-0.922647	-1.043527	-0.221583	1.435734	-0.338977	0.490198	0.967467	1.315032	1.279592	2.433874	1.197533	0.501915	0.434949	0.106472	0.545228	-0.280458	-0.873141	1.698576	1.008900	1.786328	1.632897	1.589107	0.863102	-0.136567	-0.613997	1.485403	1.297696	0.052629	-0.264223	-0.300193	-1.046656	-0.083375	0.303395	0.690500	-0.279414	1.528255	0.774991	1.763101	1.816438	0.291950	-0.144288	0.659901	1.001642	-0.875138	0.906367	2.146271	1.685967	-0.002439	1.171071	0.882338	0.224954	0.882446	1.078051	1.482065	2.079759	-0.084778	0.537081	0.924133	0.379297	0.848067	1.828701	0.374372	1.484944	1.361561	0.475680	1.393794	0.887511	1.817400	1.107843	2.092585	1.454643	0.956518	-0.119486	-0.000668	0.337166	0.446325	1.250648	2.417897	0.888794	0.248663	-0.184810	-2.429078	2.082637	1.084642	1.210391
-0.195426	-1.332620	0.133592	-0.009152	0.363167	-1.517910	-0.255444	-1.014439	0.236993	-0.634562	-0.038196	-0.676089	-0.320529	-0.301072	-0.234382	0.018206	0.286289	0.720301	-0.051055	-0.851038	0.927318	-1.101237	0.262116	-1.504832	0.778348	-1.124307	-0.376009	-1.346629	1.722368	-1.477802	0.427629	-0.779935	0.435737	0.066278	1.476911	0.508119	-0.126218	-0.491279	-1.092049	-0.352456	-0.287987	-0.820614	1.193141	0.471513	1.126708	0.739676	0.869793	0.472829	0.131455	-0.227155	0.121300	-0.129359	-0.457917	-0.704095	-0.645283	-1.259251	-0.215886	-0.152752	0.567414	0.118264	1.113840	0.534113	0.764458	0.851096	-0.185695	-0.781395	1.010220	0.519083	-0.247887	0.681198	1.027919	0.823990	-0.436006	0.434394	0.420487	0.054227	-0.435703	0.449808	0.093579	1.207482	-1.072426	-0.331670	-0.076771	-0.181349	0.057666	0.602062	0.821869	0.846210	0.863177	0.206562	1.223081	0.934174	0.749292	0.375880	0.830318	0.713074	0.848551	-0.426029	-0.299652	1.053247	-0.466434	-0.112437	2.211045	0.885524	-0.218685	-0.738243	-1.869518	1.394669	0.297817	0.469737
-1.180698	-1.880321	-0.750341	-0.481006	-0.673880	-2.272361	-1.111252	-1.162172	-0.529905	-0.316528	-0.753450	-1.185168	-0.856274	-0.486014	-1.195124	-0.170693	-0.922558	-0.397761	-0.472843	-0.596087	0.421935	-1.444595	-0.457271	-1.681542	0.197149	-1.235006	-0.074203	-1.679763	0.915023	-2.176196	-0.319992	-2.116732	-0.226618	-0.543888	-0.259983	-0.359753	-0.749022	-0.970299	-1.521464	-0.756651	-0.575734	-0.800478	-0.143591	-0.059291	0.599531	-0.009110	-0.003863	-0.099390	0.213480	-0.203273	-1.067286	-1.487707	-0.611992	-1.093254	-0.972972	-1.208266	-0.702310	-1.181885	-0.661806	-0.375356	-0.218172	-0.392725	0.381974	0.320206	-0.863289	-0.816674	0.530797	-0.316255	0.084308	-0.099072	-0.049112	0.221645	-0.895855	-0.610798	-0.436902	-0.558103	-1.355935	-0.180244	-0.566911	0.373659	-1.699211	-1.161576	-0.860325	-0.605471	-0.571059	-0.544734	1.775671	0.580317	0.687662	0.310591	1.249370	1.128018	0.120740	-0.263941	-0.297008	-0.137827	-0.109813	-0.857848	-0.747660	0.252770	-1.210226	-0.916857	1.130672	-0.127022	-0.286852	-1.087241	-0.607679	0.496268	-0.331589	0.314357
-1.716966	-1.718437	-0.383096	0.325161	-1.097997	-1.744259	-1.553175	-0.958999	-0.880152	0.844583	-0.564576	-0.211124	-0.152243	0.541517	-1.315395	-0.532242	-1.080805	-0.720383	-0.070688	0.606661	-0.722026	-1.438279	-1.069946	-1.180894	-0.345342	-0.947211	-0.371848	-1.289365	-0.092154	-1.183815	-0.928589	-1.612536	0.194810	0.281865	-0.950159	-0.394924	-0.672551	-0.347539	-0.608560	-0.197055	-0.799664	-0.788217	-1.147538	-0.125592	0.760827	0.188107	-0.179581	-0.122028	0.123229	-0.500065	-0.715581	-1.149949	-0.465712	-1.364842	-0.695281	-0.620939	-0.618852	-1.304913	-1.826663	-1.227874	-1.178983	-1.160120	0.876479	0.663085	-0.840316	0.071764	-0.228201	-0.450473	-0.015638	-0.480249	-0.124055	0.386524	-0.439521	-1.238718	-0.625850	-0.413698	-0.922160	-0.061322	-0.187748	0.247927	-0.865249	-0.640678	-0.327542	0.019780	-0.158098	-0.236049	2.748352	0.883332	1.220671	0.809865	1.591318	1.729248	0.277617	-0.215069	-0.503019	-0.283065	-0.450539	-0.869043	-0.605866	-0.966473	-1.051603	-0.709209	-0.048851	-0.946273	-0.197700	-0.778157	0.167509	0.333317	-0.147923	0.405744
-1.097516	-0.702877	1.074280	2.021278	-0.311001	-0.034147	-0.999829	-0.288515	-0.406984	1.963966	0.516021	1.555491	1.520396	2.190024	-0.203278	-0.506030	0.082953	-0.030324	0.967131	2.042653	-1.434206	-1.089666	-0.912802	-0.179590	-0.334842	-0.100788	-0.896582	-0.709710	-0.368136	1.166733	-0.620091	0.485078	1.469856	1.854155	0.101210	0.591428	0.184753	1.101938	0.936875	0.970714	-0.608335	-0.613470	-0.888565	0.421656	1.371459	1.127461	0.367823	0.496762	0.066764	-0.537301	1.065638	0.967539	-0.287228	-1.310573	0.294340	0.401089	0.473637	0.108370	-1.745952	-1.361543	-0.893100	-0.904860	1.364090	1.177935	0.173362	1.279368	-0.482698	0.310494	-0.000656	0.135517	0.629354	0.965260	0.884499	-1.045771	0.142834	0.740454	0.668536	0.773833	0.590724	0.737987	1.095600	1.128466	1.370993	1.652381	1.287287	1.433121	2.833800	1.293880	1.995519	1.243179	1.884794	2.270797	0.580881	0.265090	0.057132	0.338827	0.360966	-0.189033	0.447979	-1.101805	0.071585	-0.057538	-0.644987	-0.760416	-0.123626	0.251920	-0.146746	0.660554	0.455746	0.105420
0.255735	0.584512	2.162667	2.974098	1.003374	1.675938	0.055487	0.459749	0.172970	2.084261	1.414041	2.536941	2.920683	3.155245	1.214038	0.180680	1.521608	0.957347	1.909152	2.786782	-1.171624	-0.318383	-0.121749	0.829420	0.025375	0.827215	-1.007850	-0.368100	0.028302	2.955690	0.341218	2.325091	2.488177	2.745159	1.689026	1.568676	1.085545	2.220325	1.692222	1.793002	-0.145787	-0.312275	0.299127	1.207729	1.739919	1.893445	0.841544	1.035502	0.147275	-0.012810	2.641335	3.112540	-0.151602	-0.732908	1.317484	1.233155	1.791957	1.869464	-0.653921	-0.560684	0.079897	0.108010	1.008749	1.029217	1.402254	1.844823	-0.059303	1.198693	0.529390	1.322034	1.257395	1.216232	1.859106	-0.329771	1.052145	1.778941	2.216173	1.650483	1.134308	1.282371	2.543425	2.609569	2.825082	2.970955	2.594886	2.814530	1.698966	1.399678	2.163613	1.125771	1.799538	2.128643	0.419154	0.538852	0.687454	1.044431	1.193353	0.756342	1.706826	-0.057951	1.375627	0.366861	-0.451417	0.007423	0.094745	1.374357	-0.892214	0.670235	0.687894	-0.523787
1.171333	1.226992	1.797653	2.095620	1.641299	2.180255	0.689841	0.622611	0.202879	1.287286	1.367295	1.921442	2.949867	2.645451	1.697171	1.117826	2.077947	1.338851	2.115311	2.406081	-0.242224	0.803389	0.600272	1.323087	0.236921	1.099218	-0.336237	-0.214527	0.242978	2.680557	1.035123	2.392416	2.346928	2.223873	2.176868	1.378398	1.300015	1.972350	1.064792	1.578312	0.145929	-0.173277	1.293015	1.594301	1.392430	1.790908	0.594938	0.837763	0.383719	0.790201	2.393918	3.306988	0.197243	0.333205	1.624288	1.292754	2.138710	2.279928	0.255374	0.325109	0.572854	0.719554	0.046028	0.287500	1.905179	1.464828	0.438076	1.418208	1.207021	2.095299	1.091949	0.845189	1.500646	0.272428	1.188447	1.603038	2.611763	1.959703	1.299814	1.387109	2.353461	2.532011	2.741788	2.580770	2.464281	2.409526	0.088153	1.211782	1.349026	0.473433	1.320218	1.197433	-0.020338	0.400422	0.896976	1.144517	0.783117	1.265398	2.021648	0.847671	1.894789	0.480443	0.213818	0.421257	0.586048	1.674183	-1.003041	0.307504	0.365903	-0.785116
1.031869	0.937471	0.457259	0.106085	1.217738	1.430774	0.648145	0.100575	0.050815	0.530868	0.804999	0.520869	1.712484	1.149989	1.084929	1.627301	1.757821	0.892881	1.635866	1.295765	0.768987	1.765682	0.827130	1.151991	0.211254	0.574528	0.715811	0.094698	-0.248723	0.933936	1.100613	1.133339	1.263991	0.906801	1.348964	0.152278	0.908742	0.555496	-0.036042	0.609725	0.121021	-0.306628	1.494055	1.308012	0.536902	0.994802	-0.112848	0.109039	0.807916	1.394239	0.521207	1.459092	0.933393	1.455774	1.193566	0.721582	1.272349	1.155798	0.410718	0.531822	0.295195	0.265491	-0.591643	-0.286698	1.615775	0.773293	0.361233	0.990494	1.259496	1.869014	0.383913	0.258769	0.333784	0.444464	0.628135	0.466819	1.843915	1.628547	1.227559	0.990412	1.102084	1.234257	1.309525	0.629770	0.935389	0.573182	-0.810248	0.943643	0.118218	-0.145851	0.712999	0.064709	-0.126098	0.168869	0.741305	0.622602	-0.555247	1.096573	1.067130	0.554215	1.455692	0.608758	0.752671	0.285147	1.066270	0.911659	-0.372636	0.265629	0.060334	-0.261866
0.346477	0.388178	-0.527183	-1.234217	0.427527	0.466400	0.401700	-0.385126	0.331448	0.487090	0.574527	-0.179269	0.426981	-0.013693	0.338324	1.449506	1.430729	0.245457	1.123005	0.402392	1.320899	1.903713	0.733881	0.705699	0.189733	-0.091981	1.135386	0.660097	-0.955497	-0.349035	1.066494	0.279712	0.363205	0.094615	0.464446	-0.725286	0.529219	-0.686773	-0.344899	-0.125654	0.029526	-0.416051	1.299316	0.782585	-0.034643	0.367690	-0.439444	-0.339914	1.285221	1.526530	-1.010492	-0.437763	1.715429	1.958024	0.583972	0.226259	0.112532	-0.048686	0.319331	0.218144	0.009040	-0.642228	-0.381371	-0.210791	1.171162	0.566983	-0.192510	0.569850	0.463251	0.925914	-0.006250	0.087678	-0.266054	0.459347	0.231983	-0.483811	0.905593	1.040903	1.149463	0.537344	0.154670	0.062143	-0.004428	-1.139110	-0.428469	-0.794210	-0.487888	0.758210	-0.451179	-0.110518	0.407142	-0.401338	0.315395	0.158940	0.640324	0.124651	-1.358804	0.586204	-0.244060	-0.590667	0.844509	0.971838	0.745031	0.220292	1.066210	-0.108993	0.128388	0.726448	0.331213	0.673461
-0.080812	0.304077	-0.512263	-1.005553	0.056122	0.120331	0.316120	-0.177465	0.761460	0.913638	0.750230	0.300165	0.124216	-0.046954	0.254707	0.886647	1.528991	0.167739	1.092897	0.361585	0.916224	1.064821	0.612132	0.483302	0.200276	-0.195949	0.318864	1.025142	-0.950564	-0.160384	1.446917	0.739785	0.440696	0.433633	0.615689	-0.230234	0.450264	-0.676066	0.246838	-0.012574	0.032756	-0.215592	1.288664	0.709236	0.303079	0.558580	0.080649	0.006750	1.357506	1.147136	-0.703059	-0.602433	1.913632	1.438293	0.166280	0.181188	-0.393836	-0.151321	0.491453	0.000696	0.343164	-0.877042	0.380785	0.342629	0.955536	0.926055	-0.467770	0.555449	-0.506247	0.059432	0.499145	0.572053	0.132328	0.791259	0.462466	-0.656401	0.646348	0.629099	1.324401	0.601450	0.072560	-0.239074	-0.086654	-1.250232	-0.218349	-0.389948	0.466492	0.757958	0.130764	0.627168	0.701066	0.152956	0.944653	0.397180	0.914648	0.296570	-0.898390	0.153441	-0.785358	-1.388354	0.827330	1.409196	0.292263	0.565683	0.527069	-0.424879	-0.043922	0.890022	1.010690	1.253751
-0.190643	0.443921	-0.024791	0.033209	0.078541	0.100743	0.216559	0.396728	0.533179	1.161612	0.696887	1.015574	0.515280	0.490970	0.532314	0.299259	1.579663	0.709227	1.315494	0.768240	-0.469419	-0.174171	0.353846	0.427165	0.005953	0.203747	-1.118350	0.563060	-0.061735	0.623422	1.953023	1.694142	1.029392	1.214501	1.431710	1.024221	0.416327	0.238869	0.752967	0.527051	-0.076193	0.066524	1.341344	1.181794	1.202227	1.217939	0.957105	0.811548	0.588501	0.330163	0.600861	0.387122	1.249657	0.163696	-0.187521	0.163566	-0.277643	0.352745	0.622147	0.054630	0.922231	-0.122387	1.055101	0.929989	0.720535	1.192259	0.033005	0.644066	-0.844389	-0.202260	1.494080	1.306856	0.568280	1.449924	0.811831	-0.480727	0.822446	0.492356	1.697238	1.187104	0.357023	-0.090890	0.616992	-0.150483	1.088733	0.968023	1.011388	0.920511	1.085565	1.370298	1.331234	1.046811	1.272660	0.733707	1.354072	1.034775	0.032977	-0.098895	-0.454989	-1.081844	1.137344	1.444297	-0.143598	0.788489	-0.097715	-0.037917	-0.431083	0.111182	1.306044	0.997265
-0.541128	-0.064830	0.135355	0.501310	-0.116367	-0.403685	-0.201252	0.361237	-0.441814	0.896756	0.099257	0.924107	0.454060	0.437338	0.305111	-0.370920	1.015560	1.117844	1.086878	0.568305	-1.934480	-1.078619	-0.395800	-0.073629	-0.481926	0.319506	-1.912557	-0.711729	0.752460	0.624905	1.863730	1.838728	0.974484	1.181240	1.650123	1.504339	0.238671	0.839207	0.485934	0.619001	-0.540384	-0.153092	0.879877	1.491002	1.592424	1.364727	1.142212	1.149879	-0.838039	-0.758410	0.779054	0.491253	0.011258	-1.168344	-0.695474	-0.434422	-0.280227	0.150111	0.147623	-0.018675	0.882021	0.794803	1.194666	1.197592	0.109766	0.697523	0.852367	0.305221	-0.502593	0.001600	1.862965	1.537592	0.229813	1.775079	0.601782	-0.509227	0.591529	0.410282	1.715990	1.591553	0.399773	-0.162827	0.804743	0.467369	1.697242	1.359564	0.623875	0.956401	1.104173	1.282054	1.546581	1.129796	1.051361	0.884919	1.315145	1.454695	0.235989	-0.358732	-0.101116	0.048130	0.758157	0.686920	-0.250833	0.266621	-0.453331	0.198191	-0.431834	-1.059030	0.613223	0.018782
-1.300998	-1.372889	-0.138343	-0.001052	-0.796673	-1.433800	-0.862431	-0.671123	-1.327533	0.215132	-0.596129	0.217031	-0.493151	-0.447423	-0.619094	-1.364663	-0.024433	0.703457	0.142961	-0.611656	-2.283437	-1.389226	-1.590533	-1.272733	-1.044313	-0.465253	-1.516960	-1.865952	0.419425	-0.289974	0.966013	0.965429	-0.054140	0.067970	0.769578	0.618925	0.172060	0.606560	-0.183655	0.053762	-1.192003	-1.066581	-0.154416	0.957345	0.997953	0.678950	0.140404	0.406534	-2.049461	-1.791679	-0.731900	-0.895878	-1.265100	-2.002181	-1.233279	-1.489901	-0.804619	-1.041721	-0.819742	-0.570201	-0.010543	0.851121	0.741227	0.964007	-0.756682	-0.542944	1.010737	-0.505609	-0.029397	0.219225	1.005075	0.868637	-0.271212	1.086733	0.028550	-0.586362	-0.080196	0.259707	0.999341	1.276346	0.116702	-0.425398	0.065802	-0.138368	0.855278	0.151239	-0.323148	0.507343	-0.084853	0.308311	0.923390	0.086724	0.370252	0.486359	0.503248	0.840389	-0.530440	-0.817936	-0.313176	1.112540	-0.705655	-0.624145	-0.136593	-0.753325	-0.687859	-0.233937	-0.222945	-1.524701	-0.753618	-1.074592
-1.800151	-2.373300	-0.327666	-0.599308	-1.438804	-2.009666	-1.335070	-1.881580	-1.347802	-0.557711	-0.796215	-0.059076	-1.402007	-1.145560	-1.390810	-2.362749	-0.885488	-0.318136	-0.902881	-1.805368	-1.311703	-1.232718	-2.457132	-2.344732	-1.366111	-1.725071	-0.503131	-1.790737	-0.891579	-1.058483	-0.182057	-0.047816	-1.046596	-1.013318	-0.336182	-0.629950	0.449105	0.220734	-0.532821	-0.492404	-1.497180	-2.005566	-1.015818	-0.204721	0.203332	-0.009067	-1.251740	-0.944197	-2.186797	-2.269777	-2.079895	-2.033488	-2.037492	-2.101346	-1.404591	-2.096257	-1.397632	-2.047746	-1.519732	-1.387782	-1.064821	-0.081282	0.027787	0.322534	-1.313312	-1.733282	0.155287	-1.250919	0.238354	0.248136	-0.325091	-0.263426	0.152798	-0.386275	-0.059883	-0.190235	-0.167922	0.216178	0.072557	0.604502	-0.256822	-0.354348	-0.612624	-0.897336	-0.179429	-1.235336	-1.022741	-0.371147	-1.262316	-0.650256	-0.066932	-1.108836	-0.357214	-0.468557	-0.433039	-0.399866	-1.447097	-1.348953	-0.703094	1.429545	-2.259957	-1.576358	-0.127263	-1.389198	-0.962035	-0.857131	-0.321980	-1.056620	-1.694812	-1.549535
-1.257369	-1.834074	-0.094694	-0.351319	-1.265174	-1.252817	-1.206093	-2.005193	-0.492002	-0.950803	-0.418664	0.501979	-1.148616	-0.706237	-1.079402	-2.370365	-1.102283	-1.038710	-1.187416	-1.734136	-0.041329	-0.663639	-2.078267	-2.037599	-1.189856	-2.200464	0.385766	-0.266278	-1.732386	-0.885516	-0.874592	-0.462428	-0.876823	-0.902159	-0.564131	-0.940646	0.766912	0.405377	-0.395831	-0.369879	-1.055104	-1.949838	-0.998804	-1.122735	0.158879	0.104403	-1.573043	-1.588109	-1.171929	-1.755509	-1.345378	-1.204478	-1.829989	-1.350513	-0.924009	-1.476282	-1.291462	-1.639358	-1.363718	-1.814534	-1.430497	-1.132479	-0.423774	-0.318227	-1.062881	-1.867635	-0.979693	-1.365075	0.404653	0.161071	-0.804426	-0.986823	1.213879	-1.482214	0.607070	0.653719	0.847835	0.349302	-0.181592	0.239224	-0.492098	0.223339	-0.243139	-0.456314	0.045034	-1.121654	-0.996693	-1.122212	-1.160467	-0.721588	-0.610315	-1.306381	-0.603783	-1.262144	-0.507149	-1.070812	-1.505211	-1.447584	-0.529159	0.965420	-2.457740	-1.397586	-0.416547	-1.119044	-0.877893	-0.860405	-0.633563	-0.467641	-1.336776	-1.088555
0.236232	0.135443	0.257430	0.577884	-0.117391	0.542704	-0.403429	-0.622036	0.722427	-0.559900	0.183627	1.101546	0.143544	0.514242	0.185295	-0.829204	-0.718911	-0.905964	-0.550808	-0.354096	0.459840	0.304142	-0.422676	-0.161844	-0.369867	-1.095801	1.008301	1.728955	-0.942649	-0.121021	-0.879782	-0.389656	0.298525	0.222006	0.062887	-0.198812	0.614414	0.841598	-0.074673	0.235581	-0.005795	-0.596691	-0.274626	-1.269934	0.577792	0.552386	-0.277735	-0.706779	0.268587	-0.327159	1.006009	0.955921	-0.565425	0.135734	0.099717	0.156262	-0.310679	0.047529	-0.440019	-1.309688	-0.881429	-1.307659	-0.368479	-0.579877	-0.073498	-0.622872	-1.394130	-0.787976	0.541969	-0.042310	-0.179067	-0.931916	1.335364	-1.280635	1.221265	1.165764	1.817595	0.250133	0.192433	0.043523	-0.407190	0.827135	0.765891	1.006542	1.152614	0.399355	-0.454556	-1.220032	-0.030091	-0.112626	-0.527830	-0.482345	-0.201866	-1.006898	0.312248	-0.605257	-0.330062	-0.692500	0.280492	0.157895	-1.013722	-0.355898	-0.880975	-0.194435	0.039776	-0.094628	-0.548530	-0.432394	0.025185	-0.142899
1.680575	2.085739	0.202971	1.130282	1.287427	2.156023	0.705282	1.386578	1.715668	0.456145	0.639043	0.774902	1.202290	1.247682	1.271489	1.288494	-0.079986	-0.287637	0.301601	1.015043	0.132219	1.276167	1.390030	1.940747	0.912710	0.920750	1.428825	2.761559	0.906610	0.322553	-0.436459	-0.322590	1.213483	1.089299	0.527244	0.597236	-0.017432	0.659922	0.241393	0.596613	1.062907	1.231805	0.357427	-0.922911	0.290398	0.165717	1.508897	0.975770	1.272156	1.234524	2.687096	2.278681	1.046789	1.635242	1.162779	1.719850	0.873132	1.669202	0.713167	0.058166	0.170083	-0.393159	-0.126680	-0.538266	0.956172	1.174262	-0.866753	0.036733	0.505569	-0.437542	0.375748	-0.583657	-0.195421	-0.149262	0.879459	0.623863	1.172885	-0.545639	0.161780	-0.741299	0.064537	0.845350	1.085472	1.982935	1.482392	1.682162	-0.013546	-0.678722	0.739526	0.175515	-0.386966	0.364506	0.389776	0.248951	0.853852	0.214241	1.516710	0.618674	1.016247	-0.512174	0.863067	0.454302	-1.166978	0.804194	1.350514	0.809054	0.121623	-0.668452	1.129122	0.434078
2.110810	2.695201	-0.259769	0.626042	1.956296	2.599080	1.507399	2.635818	2.005987	1.219996	0.717984	-0.425681	1.029406	0.725785	1.277370	2.184969	0.470152	0.147330	0.559933	1.127307	-0.323539	1.563723	2.086683	2.695183	1.994412	2.298438	1.343962	2.101492	2.012348	-0.008913	0.096854	-0.389166	0.904591	0.783998	0.131676	0.620512	-0.606396	-0.263022	0.531533	0.350931	1.597822	2.370512	0.395657	-0.607162	-1.060750	-1.250638	2.122237	1.845109	1.453448	1.967458	2.231671	1.673342	1.858448	2.099298	1.654479	2.237562	1.408106	2.063951	1.559292	1.587178	1.156724	0.943930	-0.204063	-0.567965	1.214481	2.145834	0.020162	0.556049	0.348909	-0.823518	-0.223881	-0.584593	-2.016985	0.701048	-0.230854	-0.698426	-0.901199	-1.774584	-0.850624	-2.164748	0.681125	0.184515	0.147700	1.421779	0.278162	1.494412	-0.092285	0.023214	0.413912	-0.284288	-0.699454	0.405801	0.526992	1.339553	0.116226	0.240087	2.827265	1.494981	1.006000	-0.748742	1.778075	0.343303	-1.019204	1.448676	1.812525	1.139666	0.836298	-0.476381	1.019545	0.298604
1.460680	1.985996	-0.505807	-0.436538	1.471841	1.862580	1.585671	2.455080	1.370274	0.856451	0.330166	-1.532495	-0.115513	-0.604801	0.467975	1.284450	0.677236	0.296913	0.056843	0.056501	-0.371915	0.956709	1.472604	1.897460	2.111300	2.193593	0.503537	0.347072	1.325002	-0.763326	0.428024	-0.315322	-0.369563	-0.398219	-0.755396	0.062412	-0.774775	-1.019054	0.621666	-0.139578	1.508071	2.395663	0.017342	-0.460988	-2.396428	-2.511311	1.103562	1.121335	0.948480	1.549868	0.390681	0.082238	1.305451	1.224854	1.302030	1.654720	1.102649	1.305136	1.788735	2.441247	1.677336	1.814107	-0.668246	-0.799310	0.514795	1.632703	0.680416	0.479704	0.424486	-0.773373	-1.551779	-0.943073	-2.283618	0.621566	-1.020048	-1.571047	-2.492995	-2.486961	-2.086512	-3.122857	0.953088	-0.625108	-1.170043	-0.168435	-1.466482	0.218240	-0.551591	0.371156	-0.306560	-0.738313	-1.319786	-0.285723	0.086832	1.179247	-1.434769	-0.636718	2.602488	1.235628	0.304449	-0.465755	1.456176	-0.251466	-0.579555	1.528289	0.784352	0.748190	1.029841	0.233175	0.036659	0.003735
0.469540	0.979485	-0.029719	-0.940982	0.300869	0.656289	1.046607	1.340184	0.155838	-0.524210	-0.335679	-1.695206	-1.160590	-1.672775	-0.212077	-0.014741	0.350657	0.495449	-0.779593	-1.078233	-0.045056	0.140933	0.488628	0.727578	1.115498	1.198241	-0.525633	-1.052658	-0.303040	-1.125421	0.321627	0.004844	-1.572160	-1.474216	-1.356515	-0.296491	-0.666908	-0.753284	0.290667	-0.299394	1.152718	1.797317	-0.420226	-0.368720	-2.571023	-2.521631	-0.534430	-0.433406	0.088921	0.487143	-1.054051	-1.013445	-0.068475	-0.047499	0.407806	0.693808	0.494473	0.396277	1.371213	2.264884	1.506199	1.776276	-1.154086	-1.028601	-0.509971	0.294738	1.014412	-0.042339	0.714947	-0.239937	-2.254630	-1.186302	-0.976504	0.114110	-0.839854	-0.996394	-2.334506	-2.092470	-2.446939	-2.651216	0.582212	-0.907388	-1.651769	-1.432467	-2.362907	-0.913580	-0.922962	0.094317	-0.443387	-0.351328	-1.712626	-1.076000	-0.526766	-0.079671	-2.399812	-1.489799	0.971573	0.355902	-0.453871	0.134976	0.625435	-0.450846	-0.259674	1.035141	-0.855817	0.088311	0.783988	0.785644	-0.606349	0.195922
-0.145886	0.383382	0.854393	-0.361845	-0.691283	-0.310386	0.376108	0.282919	-0.759765	-1.774268	-0.734780	-0.890498	-1.353899	-1.809666	-0.326516	-0.107182	-0.505598	0.679699	-1.459828	-1.341376	0.375702	-0.073715	0.050751	0.202183	-0.277418	0.428466	-0.697076	-1.077579	-1.135857	-0.529004	-0.264679	0.223654	-1.955255	-1.798598	-1.431041	-0.078477	-0.544303	0.281141	-0.245215	-0.011159	0.875248	1.187770	-0.825440	-0.364772	-1.770694	-1.565138	-1.588240	-1.513444	-0.799505	-0.493633	-1.256662	-1.216149	-1.248109	-0.558129	-0.431727	-0.000319	0.139135	0.086324	0.565985	1.359898	0.655976	1.015325	-1.370240	-1.087264	-1.057234	-0.685266	1.135944	-0.481627	0.506493	0.220821	-1.736946	-1.045280	0.220338	-0.036139	-0.233604	0.624386	-1.261451	-1.073617	-1.843815	-1.166467	-0.171795	-0.460515	-1.116395	-1.598265	-2.127961	-1.258668	-0.897019	-0.763502	-0.074309	0.481430	-1.590194	-1.432487	-1.015551	-1.293270	-2.080178	-1.542949	-0.761044	0.075924	-0.694225	0.551515	-0.034626	-0.035004	-0.219559	0.270093	-1.589052	-0.249853	0.641904	0.616041	-0.194467	0.570561
-0.303889	-0.027847	1.245143	0.684338	-1.018462	-0.748742	-0.027444	-0.186554	-0.664854	-1.830162	-0.369523	0.185149	-0.825427	-1.195328	-0.228965	0.782274	-1.468582	0.240397	-1.722681	-0.757217	0.741428	0.163509	0.099237	0.058594	-1.068575	0.264177	0.232389	-0.078165	-0.476531	0.640524	-0.915895	-0.013348	-1.601750	-1.468735	-1.255229	0.319188	-0.345307	0.952325	-0.356144	0.285565	0.605126	0.685267	-1.120654	-0.485066	-1.016646	-0.716200	-1.693084	-1.510265	-1.377222	-1.016587	-0.809970	-1.071902	-1.708862	-0.278768	-0.870485	-0.391331	0.044104	0.171443	-0.172354	0.340687	-0.416362	0.131062	-1.255503	-0.938160	-0.938867	-0.859826	0.979309	-0.318715	-0.690302	0.128005	-0.663434	-0.637734	0.249593	0.170894	-0.139929	1.779599	-0.800753	-0.333984	-1.007023	0.085343	-0.670626	0.227104	-0.402864	-1.014314	-1.437718	-1.166503	-0.504807	-1.813281	-0.070340	0.512405	-1.148317	-1.236125	-1.402231	-1.508040	-1.069340	-0.867693	-1.251118	0.725845	-0.321266	0.416761	-0.462982	0.426298	-0.104412	-0.257218	-0.925424	-0.068915	0.895903	0.001611	0.689500	0.168445
-0.369314	-0.703472	0.569898	1.018855	-0.892675	-0.740507	-0.130320	-0.215746	0.223217	-0.835635	0.552904	0.681476	-0.248079	-0.522258	-0.268683	1.037228	-1.887888	-1.080189	-1.535635	-0.066251	1.026600	-0.028492	-0.028072	-0.521816	-0.856082	0.260055	1.229897	0.635386	0.735279	1.238963	-0.975395	-0.541669	-1.130350	-1.016183	-1.061163	0.255120	0.037921	0.445854	0.232026	0.089990	0.089555	0.205253	-1.024275	-0.492058	-0.757978	-0.454298	-1.208940	-0.740201	-1.385840	-1.081249	-0.655839	-0.945268	-1.606339	-0.148824	-0.983018	-0.716849	-0.128213	-0.001613	-0.448695	-0.302534	-0.994929	-0.286124	-0.800601	-0.532177	-0.610653	-0.775936	0.443166	0.428213	-2.168372	-0.302230	0.051177	-0.186729	-0.075944	0.091736	-0.709089	1.439836	-1.087476	-0.103158	-0.408889	0.442155	-0.512243	0.429090	-0.272802	-0.530656	-0.863035	-1.268894	-0.016251	-2.452339	-0.863857	-0.757481	-0.807504	-0.801274	-1.626495	-0.709240	-0.322232	-0.028321	-0.398229	1.223029	0.298794	0.055272	-0.845171	0.354309	0.443850	-0.264624	0.160181	0.310031	1.223267	-0.338490	0.815122	-1.159025
-0.543554	-1.425281	-0.822340	0.034275	-0.837073	-0.525672	-0.127449	-0.141546	0.840653	0.036444	1.085063	0.211078	-0.180096	-0.334117	-0.317324	-0.112208	-1.569344	-2.496439	-1.130487	0.047531	1.106417	-0.923558	-0.535645	-1.497984	-0.184212	-0.022975	1.166090	0.196910	1.175516	0.660890	-0.366393	-0.894619	-1.057672	-0.923568	-0.942013	-0.441969	0.289210	-0.904586	0.922868	-0.620727	-0.550702	-0.080251	-0.545740	-0.264615	-0.663367	-0.440952	-0.717579	0.036987	-0.926565	-0.881686	-1.001934	-0.709975	-1.277022	-0.652417	-0.918007	-0.933052	-0.501434	-0.585283	-0.210660	-0.400194	-0.847260	-0.159662	-0.167639	0.015984	-0.531072	-1.089516	-0.211384	1.081203	-2.637502	-0.557424	0.120633	0.081368	0.439095	-0.477358	-1.308158	0.143087	-1.064424	0.060033	-0.061401	0.169513	0.054251	-0.072876	-0.714965	-0.630437	-0.516212	-1.753582	0.148362	-2.307222	-1.989632	-2.373629	-0.839705	-0.660378	-1.464801	0.348227	-0.187668	0.493074	0.613145	0.542314	0.601472	0.183107	-1.085805	-0.214858	1.032783	0.003023	0.436393	0.413446	1.100897	-0.210384	-0.270267	-2.230615
-0.632107	-1.527123	-1.965435	-1.632709	-1.062479	-0.357659	-0.168060	-0.126458	0.326789	-0.085601	0.476966	-0.813312	-0.675294	-0.604003	-0.240763	-1.642308	-1.075802	-2.798767	-0.928297	-0.459562	0.744760	-1.744069	-0.910274	-1.939493	0.007283	-0.554163	0.198719	-0.975763	0.587720	-0.353980	0.079129	-0.949419	-1.379205	-1.263414	-1.019152	-1.300421	-0.030401	-1.976236	0.845491	-1.341544	-0.842808	-0.010919	-0.327054	-0.233966	-0.506921	-0.362504	-0.685072	0.178808	-0.449539	-0.698452	-1.362761	-0.379082	-0.872412	-1.177571	-0.620499	-0.785761	-0.808457	-1.062810	0.210961	-0.076298	-0.561969	-0.006240	0.162575	0.267675	-0.692864	-1.733272	-0.460757	0.886272	-1.731326	-0.580275	-0.225214	-0.049543	1.471640	-0.870635	-1.446943	-0.690714	-0.293423	0.381176	-0.050105	-0.265687	0.388419	-0.756871	-1.231921	-1.100048	-0.451709	-2.270672	-0.318932	-1.604949	-2.703976	-2.939510	-1.150201	-1.034054	-0.986089	0.786027	-0.418829	0.532658	0.597658	-0.826409	0.222167	0.836470	-0.904369	-0.761247	0.718356	0.037298	-0.300725	0.070349	0.516944	-0.111799	-1.620487	-1.975982
-0.391594	-0.843513	-2.128847	-2.605956	-1.254099	-0.368577	-0.256057	-0.205356	-0.965733	-0.823802	-0.877913	-1.481385	-1.308019	-0.859319	-0.268884	-2.158460	-1.023507	-1.676127	-1.145264	-0.999228	-0.081071	-1.771486	-0.706777	-1.307295	-0.623746	-1.047929	-0.494948	-1.799996	-0.231809	-0.662660	-0.398844	-0.994039	-1.619616	-1.586233	-1.236397	-1.621310	-0.731820	-1.953916	-0.090224	-1.507856	-0.593161	0.141896	-0.883845	-0.822957	-0.485438	-0.331800	-1.091093	-0.356919	-0.251546	-0.680014	-1.280668	-0.303483	-0.431443	-0.981345	-0.033564	-0.290847	-0.715844	-0.958800	0.436978	0.408627	-0.746864	-0.265223	-0.130373	-0.064682	-0.770346	-2.048380	-0.137532	-0.182062	-0.337806	-0.675915	-0.653452	-0.538736	1.661973	-0.508027	-1.182151	-0.358536	0.462359	0.554035	-0.522013	-0.654383	0.140158	-0.957261	-1.434752	-1.334914	-0.764935	-2.309766	-1.121810	-0.935089	-2.628648	-2.058449	-1.339687	-1.475990	-0.604406	0.266536	-0.668523	0.244228	-0.409954	-1.500356	-0.616312	1.117625	-0.354773	-0.878826	-0.720023	-0.363620	-1.246071	-0.460814	0.033715	-0.438517	-1.900194	-0.896790
0.104889	0.020719	-1.385413	-2.080912	-0.938924	-0.433515	-0.305084	-0.324390	-1.681793	-1.085116	-1.714836	-1.213573	-1.506462	-0.695116	-0.534264	-1.514228	-1.218561	-0.122985	-1.487199	-0.928645	-0.908175	-1.220884	-0.153123	-0.104977	-1.386383	-1.191648	-0.286344	-1.701391	-0.586697	-0.101138	-1.347930	-1.128546	-1.297978	-1.286050	-1.180204	-1.064894	-1.035348	-1.021076	-1.032184	-0.999286	-0.141735	0.045394	-1.690897	-1.582038	-0.685668	-0.484301	-1.282734	-0.917940	-0.119085	-0.621602	-0.736062	-0.542049	-0.044364	-0.255029	0.604810	0.206646	-0.196749	-0.390553	0.429265	0.830407	-1.100458	-0.648673	-0.653384	-0.603506	-0.531324	-1.540089	0.281316	-1.287643	0.540275	-0.848172	-0.870769	-0.988944	0.646402	0.108335	-0.693860	0.460798	0.439757	0.301522	-1.207820	-0.899558	-0.378819	-0.586159	-1.256055	-0.922751	-1.247382	-1.658089	-1.392489	-0.603483	-1.828523	-0.628969	-1.070630	-1.325810	-0.486830	-0.697021	-0.752591	-0.095018	-1.275183	-0.951270	-1.159728	0.425285	0.044253	-0.662457	-2.076561	-0.852765	-1.554379	-0.723087	0.024428	-0.932514	-0.934007	-0.378625
0.540950	0.433879	-0.370533	-0.550994	-0.036572	-0.261843	-0.211145	-0.288125	-0.873112	-0.383305	-1.203085	-0.285538	-0.989065	-0.156204	-0.658621	-0.598571	-0.900178	0.644480	-1.394649	-0.206343	-1.086999	-0.648034	0.205485	0.815143	-1.260092	-0.737207	0.191876	-0.932893	-0.538237	0.544886	-1.529373	-0.991311	-0.419386	-0.272365	-0.523771	0.046145	-0.509120	-0.000417	-1.116925	-0.184247	0.126128	-0.129057	-1.642904	-1.545058	-0.817946	-0.664312	-0.604613	-0.778385	0.285258	-0.201720	-0.001687	-0.591103	0.173178	0.206186	0.892749	0.458070	0.426651	0.180224	0.415308	1.011662	-0.804973	-0.516822	-0.684849	-0.693579	-0.040596	-0.365241	0.214917	-1.537288	0.737264	-0.734210	-0.705705	-1.015671	-0.431892	-0.025561	-0.001978	0.641293	-0.154340	-0.212537	-1.499573	-0.900837	-0.545365	-0.094233	-0.784080	-0.002744	-1.361037	-0.574045	-0.623143	-0.383019	-0.622237	0.215753	-0.426016	-0.516168	-0.306552	-1.157480	-0.640745	-0.367148	-1.016242	0.022341	-0.804541	-0.550104	-0.124134	-0.475880	-1.905083	-0.894348	-1.039528	-0.439706	0.144916	-1.051846	0.147371	-0.793770
0.665041	0.408193	0.428868	0.865992	0.954187	0.240794	0.047602	0.041948	0.850151	0.646818	0.184822	0.561907	0.002906	0.380020	-0.251904	-0.034557	0.150675	0.491606	-0.598667	0.541395	-0.515332	-0.098560	0.160586	1.062777	-0.077971	0.196276	0.124216	0.027333	-0.425334	0.580535	-0.504110	-0.281053	0.520133	0.819110	0.437668	0.959919	0.387626	0.572236	-0.346575	0.481530	0.199343	-0.033584	-0.449557	-0.505137	-0.570626	-0.612141	0.723209	0.070274	0.782829	0.476320	0.639137	-0.082512	0.206749	0.119435	0.676536	0.523680	0.754012	0.489221	0.420332	0.737455	0.233008	0.164460	-0.089825	-0.225619	0.415941	0.836843	-0.287677	-0.874284	0.709465	-0.201837	-0.244489	-0.601223	-0.600201	-0.909607	0.773720	-0.015317	-0.565896	-0.634264	-1.052476	-0.647891	-0.131974	0.198694	-0.082331	0.900427	-0.711711	0.507886	0.579150	0.051092	0.590885	0.321017	0.186108	0.373892	0.205042	-0.651278	-0.378897	-0.600031	0.188394	0.478587	0.242059	-0.670096	-0.594764	-0.430340	-0.311108	-0.344594	-0.070470	0.218612	-0.101833	-0.608355	0.391126	-1.065161
0.449807	0.385086	1.000799	1.570577	1.354828	0.771772	0.321320	0.456820	1.833805	1.046419	1.196758	0.909372	0.895144	0.620631	0.412927	0.314184	1.173170	0.315541	0.602225	0.666574	0.116310	0.664346	-0.067504	0.747609	1.190094	0.952460	-0.270706	0.954408	-0.237639	-0.042945	0.769310	0.706725	1.034472	1.244187	1.009671	1.107670	0.874727	0.861358	0.526480	0.822548	0.249293	0.176813	0.929469	0.622159	0.062333	-0.238441	1.689364	0.914687	0.769117	0.845332	1.017365	0.618789	0.164828	-0.000216	0.202162	0.531988	0.622134	0.593813	0.141760	-0.097323	1.108944	0.687288	0.532672	0.282661	0.547997	1.479475	-0.575823	-0.027432	0.836358	0.394203	0.219828	0.001392	-0.336001	-1.323885	1.268512	-0.594814	-0.386091	-0.794529	-0.064367	-0.239320	0.422626	0.438074	0.766977	1.352342	0.557343	1.378559	1.055124	0.636076	1.489360	0.496150	0.489423	0.853664	0.783012	0.347196	-0.026262	-0.696088	1.270020	0.389291	1.141897	0.131727	-0.661699	-0.285756	1.081491	0.386932	0.901623	0.742083	-0.519560	0.107681	0.130814	-0.184489
0.058817	0.577043	1.443293	1.694036	0.948779	0.922403	0.392382	0.569947	1.169455	0.576575	1.091753	0.867503	1.235296	0.568549	0.681984	0.708304	1.312876	0.757014	1.559965	0.157831	0.103528	1.470353	-0.200607	0.181712	1.498282	0.913796	-0.194299	1.702767	0.200681	-0.901658	1.129571	1.314640	1.044022	0.884497	0.842769	0.555716	0.693410	1.197229	0.825596	0.907118	0.306346	0.063854	1.398213	0.896571	0.786142	0.293811	1.582743	1.112124	0.034590	0.543273	1.078538	0.862837	0.153665	0.316530	-0.161570	0.469549	0.201917	0.603713	-0.538327	-1.164955	1.038404	0.512774	0.632267	0.381654	0.295879	1.418713	-0.211067	0.348039	1.092729	0.639056	0.440690	0.519543	-0.614259	-0.431924	1.216252	-0.298530	0.162990	-0.740296	0.937124	0.175558	0.529698	0.805321	1.493563	1.285129	1.802223	1.988176	0.407714	1.008875	1.903599	1.273605	0.546704	0.946510	0.960779	0.987811	0.330817	-0.478473	1.423857	0.313256	1.275947	0.856838	-0.054620	0.108223	1.059212	0.770769	1.569885	0.750726	-0.477519	0.662923	0.237338	1.451562
-0.264078	0.716851	1.543077	1.451312	0.198008	0.606087	0.220637	0.307965	-0.269040	-0.157546	0.285968	0.638665	0.980048	0.365825	0.380997	0.959993	0.640452	1.330966	1.734927	-0.416537	-0.363892	1.746121	-0.173111	-0.282907	0.872681	0.268081	0.372978	1.918358	0.671070	-1.412814	0.550095	1.175318	0.749677	0.246971	0.259013	-0.120871	0.204280	1.387360	0.530031	0.776944	0.284147	-0.315048	0.899745	0.401929	1.153743	0.632994	0.747760	0.703164	-0.784593	-0.079210	0.838817	0.519347	0.163671	0.771851	-0.275233	0.283147	-0.185828	0.481527	-1.146205	-1.752553	0.305832	-0.061272	0.314656	0.161731	-0.099793	0.914979	0.422849	0.235095	1.153218	0.472736	0.385202	0.733945	-1.287107	0.925584	0.752870	0.467557	0.535098	-0.573202	1.385348	0.409417	0.140762	1.027385	1.658614	0.881277	2.233065	2.078843	-0.527238	0.946703	1.755275	2.014371	0.498327	0.846178	0.677337	0.919809	0.522395	-0.074603	0.821106	0.416744	0.764545	0.819298	0.635536	0.486412	0.139466	0.654696	1.681612	0.344659	0.049228	0.808887	0.712740	2.471019
-0.347973	0.421506	0.959330	0.800404	-0.249923	0.066031	-0.022993	-0.026150	-0.872624	-0.458252	-0.288798	0.222364	0.380196	0.089834	-0.047405	0.682760	-0.063560	1.068938	1.016395	-0.538962	-0.464187	1.116932	-0.087772	-0.402289	0.186847	-0.208277	0.579777	1.252791	0.652358	-1.166027	-0.095812	0.435491	0.314783	-0.144506	-0.180089	-0.394337	-0.148793	0.896345	0.072649	0.375168	0.150773	-0.415977	0.206813	-0.078218	0.831122	0.469732	0.071363	0.178951	-0.830948	-0.351515	0.348752	-0.001823	0.113548	0.682691	-0.262949	0.012205	-0.342111	0.126372	-1.035186	-1.339891	-0.201365	-0.347413	0.064639	-0.003933	-0.325008	0.302316	0.542154	-0.008786	0.709943	0.101982	0.169766	0.517795	-1.266851	1.138885	0.222623	0.605031	0.323796	-0.358792	0.949157	0.310300	-0.287342	0.618265	0.980205	0.330784	1.413182	1.279143	-0.626623	0.543231	1.038446	1.611107	0.330584	0.559332	0.280952	0.432335	0.375971	0.096360	0.171033	0.298551	0.132834	0.294135	0.586301	0.441016	-0.314191	0.263008	1.053762	-0.087200	0.354841	0.561573	0.724788	1.941813
-0.222220	-0.310649	-0.232596	-0.218231	-0.246482	-0.480014	-0.208370	-0.221795	-0.237657	-0.239177	-0.309071	-0.382246	-0.323910	-0.237322	-0.276989	-0.113672	-0.390775	-0.169892	-0.269230	-0.214061	0.093808	-0.194852	-0.025755	-0.216282	-0.079971	-0.183215	0.049545	-0.137219	0.046222	-0.278830	-0.327438	-0.562443	-0.193600	-0.215734	-0.299875	-0.235563	-0.270633	-0.316096	-0.271021	-0.258705	-0.046545	-0.035442	-0.207647	-0.165387	-0.069791	-0.144371	-0.108269	-0.183156	-0.028245	-0.104254	-0.294331	-0.402514	-0.017405	-0.075730	-0.257994	-0.272707	-0.303550	-0.429742	-0.183455	-0.117426	-0.156576	-0.150311	0.080640	0.029739	-0.315815	-0.272222	-0.033937	-0.177773	-0.183927	-0.302657	-0.094701	-0.032475	-0.208432	-0.113500	-0.209302	-0.190834	-0.399800	-0.128778	-0.179596	-0.071250	-0.480505	-0.428739	-0.337807	-0.266188	-0.351503	-0.298168	0.252585	0.002075	-0.068413	-0.031736	0.022047	0.076726	0.005252	-0.119599	-0.069469	-0.112282	-0.189448	-0.239596	-0.344702	-0.246338	-0.278073	-0.053847	0.132705	-0.173804	-0.152014	-0.353893	0.091607	0.095195	-0.039840	0.172517
