X1	X2	X3	X4	X5	X6	X7	X8	X9	X10	X11	X12	X13	X14	X15	X16	X17	X18	X19	X20	X21	X22	X23	X24	X25	X26	X27	X28	X29	X30	X31	X32	X33	X34	X35	X36	X37	X38	X39	X40	X41	X42	X43	X44	X45	X46	X47	X48	X49	X50	X51	X52	X53	X54	X55	X56	X57	X58	X59	X60	X61	X62	X63	X64	X65	X66	X67	X68	X69	X70	X71	X72	X73	X74	X75	X76	X77	X78	X79	X80	X81	X82	X83	X84	X85	X86	X87	X88	X89	X90	X91	X92	X93	X94	X95	X96	X97	X98	X99	X100	X101	X102	X103	X104	X105	X106	X107	X108	X109	X110
-0.243214	-0.126689	-0.051362	-0.035545	-0.194838	-0.154958	-0.058221	-0.104222	-0.219556	-0.238871	0.138690	0.118646	-0.454603	-0.413198	-0.453981	-0.238918	-0.178628	-0.183875	-0.180868	-0.106886	-0.463407	-0.329861	-0.397396	-0.233366	-0.249134	-0.195862	0.130867	-0.250885	0.229551	0.184152	-0.442272	-0.082684	-0.307882	-0.349768	-0.133323	-0.180335	-0.055078	-0.026724	0.081608	-0.059410	-0.118892	-0.104002	-0.233920	-0.193699	-0.151907	-0.110469	-0.201629	-0.244282	-0.196585	-0.343056	-0.188254	0.045621	0.232011	-0.095141	-0.244709	-0.167090	-0.223372	-0.064252	-0.170913	-0.205089	0.072496	0.027010	-0.211020	-0.099112	-0.141122	-0.022553	-0.136911	-0.034996	-0.470689	0.105469	-0.204039	-0.292481	-0.248621	0.233193	-0.105253	-0.139525	-0.036174	-0.253800	-0.318043	-0.128991	-0.211264	-0.027396	0.109705	-0.262529	-0.170677	-0.284036	0.180065	-0.076634	-0.196203	-0.277631	-0.743808	-0.178221	-0.092356	-0.041707	-0.167368	-0.119434	-0.315600	0.093068	-0.011962	-0.273238	-0.021325	-0.261084	-0.323026	-0.325676	-0.231923	-0.040826	-0.085546	-0.389448	-0.495157	-0.002844
-0.011195	-0.325715	1.996939	2.558389	-0.426464	0.380607	0.868565	0.061387	-0.673557	0.302873	1.600206	2.861733	0.998876	1.237005	0.820264	0.993956	0.733414	1.353432	1.760667	1.930194	-1.352315	-0.868101	0.943823	1.823973	0.995633	-0.414355	0.315908	1.039029	1.214014	-0.271541	-1.034109	-0.582043	1.196255	1.270554	-0.057115	-1.032430	1.864972	1.853855	1.818992	1.923856	-0.081471	-0.159731	-1.678075	-2.034441	-0.640214	-1.132083	0.295905	-0.342621	-2.296715	-2.975849	1.023713	1.601693	-0.624702	-0.360818	0.495337	-0.174874	0.559187	1.642791	-0.092901	0.417981	0.613496	0.068072	0.159689	0.151648	-0.022065	-0.414744	0.448324	1.390071	-1.363610	-0.859402	0.599424	-0.781710	0.526615	1.045814	0.313148	-0.153240	0.892543	0.180464	-0.031339	-0.368228	1.569462	2.904680	2.996595	2.930410	1.758016	1.729593	0.100585	2.175204	1.891479	-1.316602	-0.101770	1.027974	0.497594	-0.222647	-1.495479	-1.335880	-1.294725	-0.831424	1.298076	0.450001	0.061689	1.793049	-0.316704	-0.218681	0.099523	0.881036	-1.868933	-1.904644	0.930894	0.574587
-0.160198	-0.514856	2.315002	3.365734	-0.331637	1.024226	1.083540	0.582339	-0.647934	0.602067	2.032553	3.588908	1.585785	2.302229	1.409347	1.671012	0.714865	2.092101	2.045298	2.022605	-0.188758	-0.363674	1.374386	2.223862	2.035856	-0.029819	0.741713	1.777262	2.118031	0.264854	-0.870354	0.083571	1.918507	2.047161	0.030849	-0.869204	2.513865	2.590250	2.397818	2.901642	-0.086992	-0.023715	-1.788154	-1.964106	-1.157776	-1.571074	0.471968	-0.357106	-3.389416	-3.860415	1.711188	2.166102	-1.216147	-0.606544	0.461967	-0.206315	0.444625	1.996070	-0.106710	0.893027	0.606807	0.234439	0.064133	0.166465	-0.013602	-0.195486	1.265758	1.959648	-1.334937	-0.989124	0.674933	-0.887513	1.069472	1.424956	0.791890	0.591567	1.158054	-0.072322	-0.000923	-0.551611	1.974618	3.459389	3.598104	3.652632	1.620282	2.144128	-0.200662	2.615862	2.079192	-2.081617	-0.388462	1.166267	0.738664	-0.160241	-1.972352	-1.886323	-1.349468	-1.268514	1.205409	1.280740	-0.046358	2.627902	-0.561053	-0.062201	0.351696	0.639473	-2.111705	-2.291610	1.203481	0.464933
-0.245189	-0.507782	1.167137	2.453115	0.424092	1.608551	0.957055	1.134878	0.201783	0.789222	1.746702	2.450356	1.433543	2.686501	1.594195	1.911003	0.319474	2.052441	1.170147	0.624029	2.367399	0.749559	1.020261	1.271085	2.433494	0.852730	1.022151	1.679893	2.645163	1.395105	0.085281	1.472872	1.818589	2.086893	0.281474	0.265301	1.670708	1.971260	1.863828	2.490356	0.042777	0.063929	-0.512297	-0.217265	-1.372523	-1.080851	0.502479	-0.151565	-3.078595	-2.858712	1.808108	1.702577	-1.460227	-0.769538	0.295726	0.074279	-0.062635	1.309690	0.100040	1.218356	0.348836	0.482246	-0.258487	0.048334	0.176166	0.518019	2.177380	1.644547	-0.235137	-0.245485	0.441355	-0.371528	1.317251	1.255772	1.245091	1.576216	0.964230	-0.557023	0.225729	-0.309169	1.222978	1.866982	2.053089	1.973215	-0.426180	0.953312	-0.509224	1.618132	0.895496	-2.433434	-1.244537	0.245275	0.765121	0.169576	-1.233542	-1.312576	-0.362301	-1.105969	-0.105526	1.822194	-0.259587	2.341736	-0.878027	0.220282	0.670889	-0.581259	-0.884535	-1.497083	0.605920	0.162191
0.375735	-0.212097	0.339381	1.375104	1.718431	1.740776	1.311915	1.056186	1.650812	1.012172	1.725907	1.232201	1.380978	2.691680	2.097136	2.165001	0.803595	1.915055	0.880167	-0.219022	3.836179	1.110373	0.783662	0.613603	1.875334	1.502455	0.656929	0.960170	2.540971	1.687061	1.154434	2.138254	1.550735	2.081652	0.845872	1.345159	0.292979	0.782332	1.100893	1.167520	0.418083	-0.261463	1.004383	1.297073	-0.862769	0.068887	0.790046	0.310401	-1.858093	-1.357138	1.707633	1.086207	-1.453310	-0.646704	1.122747	0.940502	0.314905	1.086908	0.908178	1.581690	0.634343	0.720540	-0.138532	0.123000	0.836810	1.054506	2.829858	1.048590	1.323730	0.591248	0.875737	0.633151	1.535998	0.784532	1.505838	1.605119	1.097970	-0.300114	1.201326	0.637237	0.701849	0.335391	0.556232	0.159061	-2.250006	-0.343895	-0.498430	0.950908	0.365832	-2.365658	-1.455652	-0.848527	0.955819	0.560848	0.307977	0.233276	0.903643	-0.540836	-1.167008	1.689797	-0.116581	2.090693	-0.795666	0.695088	1.150106	-1.448813	0.416967	-0.407602	0.468904	0.736184
1.391361	0.146061	0.823995	1.223941	2.714211	1.197653	2.024954	0.288417	2.728814	1.071065	2.056086	1.047337	1.838212	2.534245	2.843541	2.435747	2.147180	2.048258	1.638363	0.416967	3.019873	0.333900	1.144256	1.036848	0.681159	1.346442	-0.070667	0.250410	1.926774	0.476817	1.657115	1.541297	1.675229	2.211609	1.592417	1.526942	-0.470130	-0.065768	0.625628	-0.095399	0.773002	-0.824341	1.705264	1.359706	0.259934	1.028084	1.304634	0.805661	-0.749549	-0.663232	1.781938	1.091616	-1.262998	-0.039367	2.630888	1.984579	1.758544	1.971277	2.030073	2.067779	1.587945	0.956043	0.615539	0.503527	1.643878	1.030835	3.037729	0.668681	2.456765	0.684394	1.991365	1.585201	2.055568	0.373950	1.474899	0.459653	1.833855	0.725499	2.509787	1.865632	1.125076	0.253824	0.631265	-0.002100	-2.163662	-0.467366	-0.303081	1.311742	1.183078	-1.895124	-0.543437	-1.355641	1.308175	0.776113	1.707645	1.847649	1.526515	0.185981	-0.974866	1.173739	0.708375	2.527637	-0.134432	1.249424	1.493536	-1.026165	0.704838	0.257619	1.430830	2.186001
1.749529	0.320792	1.648283	1.584396	2.592394	0.322681	2.054799	-0.396778	2.467117	0.840976	1.891595	1.325626	2.324920	2.167518	2.932009	2.288287	2.822916	1.962653	2.167455	1.438413	1.217371	-0.333342	1.585129	1.672305	-0.336940	0.586062	-0.297662	0.071094	1.160854	-1.077963	1.495981	0.611938	2.041287	1.964362	2.092428	1.068267	-0.388533	-0.371782	0.302567	-0.583319	0.784139	-0.928599	1.580598	0.679404	1.255545	1.169391	1.543052	1.016884	-0.420878	-0.754491	1.956985	1.549610	-0.806215	0.853558	3.211951	2.411269	2.892297	2.833024	2.515571	2.342905	2.257792	1.181855	1.402145	0.916020	1.914436	0.783435	2.847785	0.600136	2.470614	-0.020333	2.632219	1.962387	2.675957	0.204509	1.173485	-0.711624	2.468188	1.474007	3.002572	2.473125	1.725038	0.891221	1.414785	1.030169	-0.713295	0.248991	-0.340894	1.648348	1.942617	-1.051764	0.586589	-1.166880	1.381362	0.758238	2.245756	2.492806	1.289095	0.812239	-0.032671	0.820750	1.681841	2.910111	0.664060	1.525458	1.308154	0.148830	0.178162	0.619676	2.566726	3.100661
1.053756	0.348280	1.342994	1.453792	1.575323	-0.101587	0.981083	-0.299353	1.019832	0.697414	0.936779	1.087812	2.218500	1.590488	1.950325	1.612899	1.851836	1.022356	1.530266	1.522159	0.384936	0.309763	1.351321	1.420704	-0.606391	-0.053581	0.264890	0.292118	0.477671	-1.221411	0.964612	0.318249	2.069171	1.105700	1.998339	0.842981	-0.126404	-0.506709	0.056615	-0.362714	0.590618	-0.253198	1.273151	0.622876	1.459762	0.804867	1.236659	0.896508	-0.595887	-0.763814	1.854034	1.652287	-0.093181	1.389495	2.192111	2.021663	2.530602	2.299622	1.829081	1.973714	1.716842	1.267505	1.535479	1.031537	1.478023	0.838937	2.346707	0.697285	1.358134	-0.686886	2.008893	1.791395	2.667584	0.185878	0.730826	-0.812599	2.151623	1.192840	2.225881	2.028740	1.480872	0.855074	1.146362	1.577613	0.207185	0.499775	-0.588757	0.919180	1.239121	-0.075631	0.764581	-0.607272	0.962841	0.657254	2.003130	1.941823	0.815702	0.992253	0.436410	0.629941	1.740043	2.149235	0.922701	1.252905	0.715800	0.742090	-0.197463	1.077325	2.519872	2.327481
0.121612	0.305537	-0.001459	0.628679	0.787331	0.354806	-0.187304	0.320253	-0.257156	0.945280	0.080461	0.359893	1.586423	1.050166	0.713331	0.936599	0.301242	-0.461262	0.505916	0.779803	0.921567	1.559488	0.480110	0.427981	-0.299664	-0.149532	0.853041	0.270414	-0.067938	0.183967	0.276367	0.414561	1.535114	0.241391	1.413730	1.067886	-0.226753	-0.690784	0.129143	-0.132407	0.640778	0.537883	1.103821	1.322545	0.975865	0.753988	0.798187	0.737602	-0.472371	-0.346563	1.307694	0.983742	0.448850	1.061865	0.914532	1.477402	1.271405	0.696325	0.691657	1.113364	0.346897	1.116698	1.045030	0.863111	0.894753	1.124520	1.615330	0.677428	0.070088	-0.460368	0.845592	1.564496	1.655429	0.114699	0.310874	-0.171068	0.965400	0.312247	1.069828	1.052134	0.571571	-0.055189	-0.232788	0.910514	-0.298839	-0.187160	-0.530181	-0.387385	-0.452135	0.493937	-0.021398	-0.130554	0.488559	0.664407	1.624343	0.996004	0.768166	0.552940	-0.052037	0.277263	0.666875	0.480719	0.444769	0.664254	0.346342	0.198300	0.204087	1.427926	1.207255	0.537009
-0.107202	0.015772	-0.901395	-0.246385	0.944209	1.091355	-0.215939	0.521101	-0.168228	1.071439	0.175340	-0.210466	1.015914	0.751240	0.293918	0.755075	-0.038007	-1.392865	0.294986	0.156324	1.595377	1.468174	-0.249940	-0.286950	-0.111432	-0.012881	0.562392	-0.369406	-0.427323	1.270785	-0.390558	0.041315	0.848485	0.034474	0.805213	0.998477	-0.543482	-0.795829	0.438360	-0.545854	1.010601	0.489037	0.891518	1.634246	0.458635	1.193878	0.809940	0.823782	0.274028	-0.004459	0.617739	0.003722	0.244323	0.083106	0.993618	1.385844	0.687022	-0.295939	0.372767	0.482732	-0.496755	0.815763	0.569415	0.715879	0.693088	0.975738	0.838049	0.240254	-0.174157	0.480754	0.468029	1.559062	0.261100	-0.133828	-0.076353	-0.159839	-0.170769	-0.265945	0.683607	0.406067	0.023504	-0.963290	-1.036390	-0.188263	-1.306924	-0.939982	0.036644	-0.923165	-1.493299	0.224931	-0.663596	-0.160114	0.531656	0.830668	1.539836	0.625242	1.029880	-0.172522	-0.887586	-0.116774	-0.382694	-0.610975	-0.230503	0.332260	0.591968	-0.720627	1.158955	1.073745	-0.041857	-0.468162
0.245796	-0.658855	-0.542085	-0.720001	1.524539	0.959370	0.725133	-0.221965	0.972479	0.296132	0.796612	-0.571696	0.815355	0.520351	0.683020	0.822103	0.910195	-1.291234	0.697452	-0.095914	1.215582	-0.529965	-0.279395	-0.290276	-0.591030	-0.231289	-0.521155	-1.196155	-0.555174	0.384810	-0.686686	-0.918683	0.508395	0.242730	0.522554	0.053239	-0.755029	-0.788322	0.320224	-1.583562	1.220978	-0.393581	0.533856	0.781075	0.274039	1.366502	1.226559	1.106528	1.108542	-0.074866	0.240820	-0.527444	-0.645624	-0.764483	2.144260	1.467808	1.229111	0.176784	1.144125	0.494161	-0.156931	0.476207	0.566625	0.804542	0.729211	-0.012826	0.236225	-0.545107	0.769359	1.021590	1.061967	1.490584	-0.483380	-0.531436	-0.664476	-1.512663	-0.603905	-0.298586	1.110242	0.425198	0.178024	-1.345153	-0.324300	-0.754552	-1.600445	-0.941806	0.597610	-0.192328	-1.159043	-0.627094	-0.336332	-0.810027	1.026192	1.041317	1.555224	0.969335	0.947493	-0.552329	-1.265103	-0.185225	-0.254994	-0.276369	-0.367911	0.486151	1.083574	-0.976893	1.896186	0.067619	-0.040419	0.096767
0.298750	-1.373128	0.169057	-1.020330	1.480376	-0.361027	1.212693	-1.433331	1.674668	-1.114735	0.796999	-1.240427	0.669458	-0.027905	0.895683	0.451304	1.383057	-0.945803	0.575001	-0.506191	-0.041449	-2.456833	0.193497	-0.214650	-1.625855	-0.908904	-1.391219	-1.347503	-0.569082	-1.711256	-0.482622	-1.677649	0.467010	0.029366	0.447111	-1.226629	-0.919873	-0.901700	-0.608288	-2.504921	0.871771	-1.038037	0.207608	-0.619842	0.170746	0.626563	1.407844	1.294726	1.314913	-0.064781	0.269305	-0.432392	-1.335231	-0.902863	2.549290	0.950180	1.714360	1.072458	1.870578	0.691230	0.486087	0.036197	0.853954	1.047298	0.508625	-1.347039	-0.180631	-1.048043	1.615115	0.472564	1.494060	1.020993	-0.259783	-0.891333	-1.635906	-3.242062	-0.598299	-0.224975	1.396830	0.795099	0.227460	-1.555211	0.726267	-0.817161	-1.224361	-0.633360	0.574864	0.881884	-0.350678	-1.207912	0.472416	-1.634146	1.306447	1.141025	1.245789	1.349181	0.277119	-0.332705	-1.018937	-0.142299	0.659667	0.560975	0.097588	0.665304	1.087513	-0.477346	1.717254	-0.649343	0.929918	1.107596
-0.400989	-1.562318	-0.083741	-1.435889	0.502366	-1.800875	0.274962	-2.179447	0.978403	-1.851376	-0.193252	-2.184098	0.072745	-1.015139	0.263810	-0.554676	0.207885	-1.296371	-0.265523	-1.254960	-0.974191	-1.931957	0.644223	-0.742425	-2.469073	-1.559986	-1.296297	-0.454889	-0.729970	-2.562073	-0.284334	-1.605226	0.181487	-0.922905	0.164515	-1.766242	-1.159166	-1.228038	-1.707912	-2.502917	0.167857	-0.623887	-0.070886	-1.396321	-0.187201	-0.643820	0.947809	1.183790	0.801279	0.589706	0.277107	-0.295412	-1.074269	-0.525485	1.156795	-0.375896	0.952188	0.825878	1.283350	0.278254	0.108896	-0.638674	0.938584	1.199468	-0.119977	-2.054999	-0.634620	-0.665642	1.016545	-0.522756	0.871074	0.348354	0.289439	-0.963755	-2.710741	-3.521681	-0.818725	-0.373165	0.855151	1.039406	-0.606459	-1.957780	0.451475	-1.030049	-1.030774	-1.005379	0.032866	0.994342	-0.292025	-0.914958	0.580732	-1.925059	0.913116	1.047962	0.575976	1.189592	-0.532488	0.023292	-0.534566	-0.596468	0.868334	0.404741	0.292089	0.213039	0.312021	-0.046158	0.523324	-0.340721	1.496722	0.937686
-1.437587	-1.184028	-1.243084	-1.750875	-0.756354	-2.080158	-1.548917	-2.005628	-0.518478	-1.202239	-1.395822	-2.611654	-1.039258	-2.097179	-0.832927	-1.641281	-1.593135	-2.165050	-0.832095	-1.856092	-0.841485	0.829649	0.781661	-1.594542	-2.334920	-1.756397	-0.634579	0.862664	-1.156792	-0.997658	-0.623347	-0.945221	-0.721302	-2.046909	-0.495590	-1.258469	-1.169673	-1.467372	-2.024344	-1.562829	-0.413682	0.381088	-0.575970	-1.226882	-0.701644	-1.538099	0.191351	0.832435	0.055865	1.489214	-0.243672	-0.755271	-0.182691	-0.298527	-1.103415	-1.769867	-0.769012	-0.746216	-0.614017	-0.935174	-1.453575	-1.500721	0.626489	1.061172	-0.857887	-1.716855	-1.248460	0.308440	-0.876103	-0.843670	-0.313893	-0.029034	0.388592	-0.716944	-3.218464	-1.784547	-1.487495	-0.625936	-0.198605	0.871857	-1.973783	-2.240287	-1.107920	-1.585601	-1.244217	-2.082157	-0.507232	-0.197458	-1.019726	0.012039	-0.345997	-1.430973	0.119114	0.760073	-0.052138	0.661590	-1.013911	-0.188661	-0.194242	-1.448256	-0.313986	-0.910101	-0.703327	-0.906228	-0.832487	-0.363265	-0.968038	0.607018	0.704532	-0.640823
-2.118044	-0.798570	-1.963673	-1.604641	-1.546131	-1.196458	-2.913503	-1.190465	-1.491626	-0.059641	-1.940894	-2.102366	-2.096192	-2.706880	-1.530135	-2.183224	-2.194489	-2.625010	-0.667686	-1.984722	-0.248065	3.007612	0.525608	-1.842154	-1.128920	-1.605897	-0.476520	1.503305	-1.596060	1.332666	-1.102421	-0.323188	-1.905048	-2.575219	-1.138008	-0.374218	-0.599216	-1.283617	-1.553277	-0.589570	-0.744863	0.836373	-1.283999	-0.724706	-0.969784	-1.643971	-0.185004	0.491168	-0.459439	1.619698	-1.256300	-1.700716	0.391809	-0.477654	-2.445501	-2.194538	-2.093493	-2.296633	-2.525605	-2.231448	-2.996170	-2.199903	0.205113	0.595297	-1.345570	-0.839894	-1.811306	0.757973	-2.518692	-0.356987	-0.849796	0.036519	-0.066451	-0.491648	-2.657088	0.455205	-2.181878	-0.718684	-0.895484	0.304926	-2.755187	-1.906304	-2.392676	-1.928993	-1.209085	-2.740294	-0.697746	-1.739416	-1.447152	0.892555	-1.264398	-0.600824	-0.408041	0.349018	-0.257256	0.362497	-1.144350	-1.075508	-0.095532	-1.715541	-1.817390	-2.070916	-2.478989	-1.871862	-1.685591	-1.174593	-1.623284	1.216919	-0.979914	-2.225120
-2.064655	-0.747329	-1.311399	-1.069513	-1.682546	-0.308623	-2.998777	-0.239165	-1.406835	0.252056	-1.779571	-1.238626	-2.326324	-2.470865	-1.406931	-2.050878	-1.332712	-2.236529	-0.629737	-1.807124	-0.318650	2.392372	-0.157838	-1.028943	0.369036	-1.416721	-1.159670	0.959701	-1.589528	1.900138	-0.750390	0.118469	-2.513963	-2.227693	-1.136509	0.241878	0.211552	-0.734872	-1.171328	-0.460698	-1.011667	0.331547	-1.527063	-0.343016	-0.665432	-1.081080	0.063715	0.410280	-0.586498	0.725187	-2.069783	-2.303494	0.296574	-0.534969	-2.069058	-1.262355	-2.074151	-2.438705	-3.076948	-2.585208	-3.161988	-2.206167	0.074525	-0.005178	-1.364117	-0.151617	-1.963347	0.001873	-2.554768	-0.004326	-0.267393	0.266804	-0.564697	-0.605240	-1.136688	1.341709	-2.246619	-0.441418	-0.684461	-0.248169	-2.246367	-1.027210	-2.306156	-1.509051	-0.430570	-2.052725	-0.609346	-2.283871	-0.747540	1.359807	-0.980404	0.011017	-0.306550	0.007232	0.015549	0.607452	-0.993985	-1.859380	-0.133256	-0.788591	-1.986192	-1.890399	-3.193712	-1.720251	-1.885867	-1.562274	-0.896873	1.060264	-2.094758	-2.290724
-1.321899	-0.667353	0.106171	-0.528466	-1.361005	-0.309419	-1.990836	0.509732	-0.880591	-0.323783	-1.431926	-0.753467	-1.507329	-1.511088	-0.767079	-1.429263	-0.480845	-1.343502	-1.395846	-1.350139	-1.165143	-0.069183	-1.045981	0.282169	1.129196	-1.154436	-1.633639	-0.117581	-0.985688	0.301229	0.526712	0.679296	-1.991741	-1.278711	-0.352147	0.601073	0.419498	-0.198559	-1.322990	-1.028800	-1.190493	-0.474913	-0.707659	0.099043	0.239749	0.004225	0.546755	0.637911	-0.336732	-0.242797	-1.988854	-1.907989	0.038905	0.086703	-0.718348	0.341601	-0.937961	-1.089576	-2.013772	-1.640881	-1.694627	-1.237723	0.302878	-0.369093	-0.827107	0.170249	-1.537936	-1.182896	-1.121415	-0.536520	0.696217	0.417411	-0.630627	-0.812897	0.630315	0.839835	-1.388816	0.252939	0.213270	-0.171723	-0.799475	-0.139695	-1.280768	-0.507535	0.699432	-0.418016	-0.540650	-1.397346	0.645544	1.458675	0.353094	0.369177	0.198087	-0.002838	0.544146	1.157785	-0.436042	-1.592937	-0.174293	0.634524	-0.497684	-0.594199	-1.480297	-0.413994	-1.502574	-0.902079	0.469893	0.475313	-1.622520	-0.720635
-0.326635	-0.176528	0.859207	-0.184781	-0.781552	-0.993481	-0.634662	0.764775	-0.713343	-0.734448	-1.234035	-0.593170	-0.312332	-0.422521	-0.248977	-0.528870	-0.841250	-0.424387	-2.132449	-0.381312	-1.680408	-1.523351	-1.528343	1.050250	0.755429	-0.577123	-0.606337	-0.576788	-0.251998	-1.442976	1.498314	1.252283	-0.727526	-0.307089	0.599359	0.863227	-0.256886	0.025535	-1.441015	-1.351455	-0.974047	-0.848027	0.744703	0.669826	1.314262	1.245670	0.747226	0.959375	0.130761	-0.303120	-1.068436	-0.764748	0.055262	1.032261	0.278350	1.303127	0.349428	0.545350	-0.337608	-0.161422	0.367112	0.245082	0.621465	-0.209250	0.038712	0.339367	-0.687515	-1.270811	0.378642	-1.591162	1.007666	0.487494	-0.289128	-0.564299	1.675646	0.390437	-0.111966	0.889762	0.981953	0.662359	0.543989	0.370685	-0.456584	0.323589	1.297513	0.797942	-0.736233	-0.019110	1.482187	1.202985	1.349018	0.741482	0.620357	0.409862	0.955937	1.494516	0.441480	-0.227135	-0.187385	1.276590	1.159175	0.549956	1.608122	0.907671	-0.789336	0.425281	1.063697	-0.075566	-0.065451	1.174675
0.255156	0.328302	0.302708	0.002923	-0.176866	-1.592355	0.379433	0.299413	-0.964129	-0.401096	-1.118073	-0.258807	0.254253	0.141268	-0.265245	0.267397	-1.917234	0.240418	-1.578039	0.743761	-0.977256	-0.613654	-1.113505	0.738126	-0.215817	0.204538	1.663344	-0.048344	-0.063489	-1.455503	1.033588	1.129503	0.226647	0.096169	0.946528	0.800463	-1.085865	-0.081540	-0.900048	-0.882948	-0.305192	-0.793035	1.624699	0.846484	1.747046	1.740550	0.617596	1.096897	0.456045	0.362368	-0.083780	0.231566	0.104672	1.307945	0.277910	0.775698	0.932801	1.128260	0.681761	0.651392	1.593452	1.187165	0.808518	0.399038	0.577958	0.354887	0.245219	0.162328	0.706093	-2.072915	0.484623	0.535506	0.051243	0.088657	1.355542	0.699362	0.539527	0.562957	0.908688	1.530156	0.942273	0.470929	-0.423158	0.414126	0.826600	0.578822	-1.172312	0.517424	0.951492	0.464161	0.933891	0.995470	0.724445	0.989649	0.914487	1.284784	1.006279	1.197542	-0.289110	0.689014	1.280841	0.626403	3.304645	0.988423	0.028568	1.227123	0.277016	-0.383161	1.037264	2.015175
0.097370	0.157871	-0.819159	0.038489	0.099286	-1.650421	0.755375	-0.568835	-1.065538	0.142833	-0.957590	0.291916	-0.151708	-0.020316	-0.661489	0.387739	-2.308268	0.386830	0.023982	0.935893	0.437593	1.190168	-0.075709	-0.213378	-0.853803	0.695750	3.255404	0.668120	-0.506189	-0.004637	-0.396820	0.069833	0.165991	-0.278403	0.573846	0.226002	-1.175943	-0.359416	0.012180	-0.079897	0.358838	-0.684883	1.304236	0.308669	1.058225	0.902517	0.583108	0.995790	0.389405	0.810029	0.271157	0.429235	-0.198037	0.509054	-0.296537	-0.749877	0.570063	0.381999	0.619174	0.376687	1.372383	0.936569	0.927067	1.054354	0.219115	0.031571	0.937384	1.773121	-0.045940	-1.299079	-0.081097	0.589111	0.070139	0.322803	-0.039242	0.988293	0.052395	-0.916042	0.114904	1.586777	0.393089	0.239319	-0.924162	-0.180874	-0.452844	-0.845551	-1.548429	-0.073731	-0.588553	-0.629610	-0.551129	0.564130	0.697608	1.333889	0.467478	0.697588	0.670167	1.543518	-0.640889	-0.411057	-0.130845	-0.080064	2.109773	-0.220638	0.664527	0.555704	-1.041558	-0.332921	0.765444	1.547112
-0.344846	-0.510309	-1.359809	-0.156448	-0.173651	-1.214798	0.589267	-0.921740	-0.638473	0.237779	-0.810740	0.576581	-0.893713	-0.531489	-0.844775	-0.317437	-1.459720	-0.086215	1.066691	-0.231634	1.251756	1.709955	0.682947	-0.859567	-0.633107	0.651280	2.648325	0.707717	-0.963798	1.274494	-1.186659	-0.913424	-0.593696	-0.965249	0.058445	-0.384724	-0.469885	-0.585917	0.519687	0.318033	0.534074	-0.515945	0.438734	-0.273969	-0.159827	-0.427772	0.925464	0.834793	0.193281	0.649448	0.002289	-0.077479	-0.710396	-0.681517	-0.642652	-1.807611	-0.348490	-0.750178	0.017006	-0.263294	0.348777	0.040568	1.118752	1.367013	-0.773453	-0.446469	1.195939	1.948928	-0.731139	0.200715	0.051966	0.711858	-0.138350	-0.365468	-1.277722	0.596242	-0.820888	-2.200757	-0.523711	0.885047	-0.390071	-0.203203	-1.362861	-0.947962	-1.620284	-2.220971	-1.555267	-0.834757	-1.966665	-1.461823	-1.776089	-0.628426	0.836682	1.276014	0.126369	0.244609	-0.244373	0.659132	-1.193396	-1.029677	-1.439291	-0.609861	-0.454432	-1.482853	0.701095	-1.184051	-1.545652	0.140306	-0.236119	0.497894
-0.361719	-0.671245	-1.033346	-0.516125	-0.831131	-0.499278	0.088192	-0.187666	-0.022397	0.030611	-0.758475	0.346284	-1.095625	-0.828181	-0.398507	-1.148753	-0.202621	-0.657074	0.617611	-1.479822	0.823607	0.616757	0.504248	-0.712095	0.235848	0.475155	0.542011	0.287024	-0.958050	1.372202	-0.537375	-0.589654	-1.130982	-1.128150	-0.103826	-0.302150	0.400990	-0.475454	0.440372	0.287634	0.242047	-0.002033	0.011565	0.019709	-0.684558	-0.655951	1.256675	0.695011	0.375856	0.391960	-0.410455	-0.704611	-0.992931	-1.361119	-0.514513	-1.429246	-1.137736	-1.130281	-0.454968	-0.364754	-0.349735	-0.310719	1.256442	1.188426	-1.400419	-0.531896	0.924453	0.587423	-0.539992	1.067781	0.587516	0.851470	-0.219713	-1.277603	-1.188023	0.152884	-0.864494	-1.645234	-0.432450	0.209712	-0.697229	-0.515618	-1.312348	-1.289908	-1.721691	-2.284736	-1.130805	-0.840096	-2.180129	-1.320097	-1.673754	-1.565294	1.088553	0.921363	0.247758	0.141482	-0.696500	-0.586631	-1.511983	-0.785053	-1.355716	-0.506442	-1.562969	-1.582829	-0.026555	-2.303929	-0.812794	0.760047	-0.689727	-0.417946
0.013551	0.080838	-0.476314	-0.763286	-1.497673	0.299029	-0.639231	1.010159	0.059189	0.085081	-0.701849	0.015021	-0.592095	-0.653548	0.385281	-1.252437	0.343461	-0.458288	-0.512481	-1.073019	-0.277468	-0.689443	-0.400587	-0.159675	1.110844	0.749582	-0.921620	0.258586	-0.736704	0.608905	0.570097	0.761254	-0.939511	-0.402267	-0.070908	0.434565	0.990316	0.210974	0.321023	0.436744	-0.162852	0.685726	0.006298	0.968659	-0.085435	0.583109	0.839899	0.352948	0.928943	0.488646	-0.632183	-0.936395	-0.988942	-1.391647	-0.421530	-0.205396	-1.345993	-0.588283	-0.689052	0.084937	-0.295515	0.299578	0.967420	0.545768	-1.017028	-0.060461	0.132728	-1.007368	0.106038	0.506419	0.513636	0.632663	-0.057378	-1.267267	0.131703	0.468093	0.070194	0.551545	-0.126427	-0.096892	-0.410660	-0.253163	-0.729360	-0.847805	-0.568088	-0.798862	-0.449416	-0.226314	-1.199861	-0.105582	-0.305486	-1.076918	1.015078	0.340610	0.380991	-0.080287	-0.214429	-1.248992	-1.086689	-0.017399	-0.283121	-0.193515	-0.271390	-0.588928	-1.017818	-1.490368	0.313890	0.860901	-0.266694	-1.049255
0.015119	0.769713	-0.299433	-0.658127	-1.904758	0.887859	-1.392266	1.441282	-0.615721	0.454296	-0.510662	0.111890	-0.017896	-0.200381	0.773708	-0.688536	0.013836	0.619330	-1.002587	0.901875	-1.036108	-1.124981	-1.211019	0.107698	1.473861	1.435919	-0.633182	0.762317	-0.699749	-0.142525	0.630943	1.450255	-0.372859	0.631546	-0.313056	0.886846	1.332650	1.309470	0.531017	1.006625	-0.497181	0.864152	-0.389265	1.287012	0.686681	1.830750	-0.465354	-0.396087	1.194221	0.613216	-0.679797	-0.688745	-1.078965	-1.281667	-0.914502	0.353628	-1.098752	0.038856	-0.928239	0.353822	-0.035036	0.985969	0.084495	-0.422561	-0.134835	0.379844	-0.920301	-1.680615	0.213452	-0.766764	-0.573800	-0.321752	-0.031822	-0.241824	1.318441	1.090413	0.836057	2.236578	-0.532165	-0.568381	0.022843	0.579809	0.059988	0.166345	0.994008	1.185140	0.194306	0.275260	0.018113	1.335634	1.250867	0.597987	0.313206	-0.480128	-0.307355	-0.998727	0.362664	-1.201393	-0.046293	0.635605	0.540991	-0.186787	1.619578	0.295718	-1.483329	0.532122	0.654501	0.005356	0.223148	-1.532604
-0.682937	0.244113	-0.482746	-0.307089	-1.902294	0.913980	-1.658729	0.715950	-1.324712	0.591529	-0.311526	0.447825	-0.017919	0.142811	0.424482	-0.315618	-0.449699	1.537548	-0.704363	2.331835	-0.940730	-0.941899	-1.289292	-0.064058	1.256712	1.786793	0.394701	1.012628	-0.640621	-0.336590	-0.500500	0.453993	-0.085683	1.003685	-0.919036	0.277047	1.411213	2.044410	0.688855	1.382516	-0.788355	0.229531	-1.325718	0.264876	0.461944	1.507748	-1.860543	-1.308490	0.704200	0.279839	-0.687967	-0.344376	-1.406007	-1.333173	-1.804678	-0.488674	-0.897924	-0.034559	-1.169885	-0.018293	-0.202535	0.636441	-1.060909	-1.410458	0.150787	0.117002	-1.751720	-1.384020	-0.424583	-1.278135	-1.893555	-1.773089	-0.611746	0.683944	1.194211	0.934108	0.429744	1.683914	-1.627101	-1.634039	0.048858	1.220973	0.566413	0.884207	1.808432	2.198055	0.496576	0.360625	0.424312	1.781024	1.854832	1.828026	-0.776069	-1.351240	-1.837438	-2.337030	-0.094448	-1.044042	0.679583	0.732892	0.624367	-0.374198	1.892920	0.103846	-1.212382	1.607494	-0.144170	-1.345392	0.052808	-1.856374
-1.287305	-1.104549	-0.676604	-0.157323	-1.335447	0.345357	-0.997969	-0.264699	-1.072387	0.155614	-0.365253	0.219914	-0.522423	0.154783	-0.256213	-0.551836	-0.451116	1.339341	-0.517188	1.575859	-0.225117	-0.833922	-0.675767	-0.193693	0.719029	1.168868	0.539017	0.476313	-0.128120	-0.060354	-1.493929	-1.255615	-0.249481	0.391933	-1.511839	-1.088810	0.825588	1.520072	0.224509	0.829653	-0.909120	-0.581903	-1.777248	-1.249639	-0.669037	-0.242232	-2.470558	-1.881324	-0.114174	-0.171681	-0.736591	-0.419154	-1.452722	-1.229443	-2.247364	-1.876208	-1.034350	-0.706008	-1.095333	-0.726323	-0.662242	-0.717908	-1.954073	-2.055424	-0.482679	-0.740917	-2.003512	-0.734482	-0.935480	-0.475295	-2.453991	-2.887993	-1.649946	0.628605	0.073471	-0.050013	-0.776368	-0.421625	-2.309355	-2.704834	-0.509643	0.753689	0.466407	0.449219	1.521911	1.719054	0.378634	0.252921	-0.035573	0.832798	1.343871	1.476906	-1.749895	-1.900581	-3.075666	-2.984210	-1.354472	-1.150784	0.373185	0.331802	0.409927	-0.367507	0.486398	-0.818660	-0.716553	0.724414	-1.256160	-2.112086	-0.583898	-1.822878
-0.800389	-1.584641	-0.666844	-0.512387	-0.208124	-0.308782	0.273837	-0.470778	0.232610	-0.438452	-0.562537	-0.835260	-0.841394	-0.031526	-0.613105	-0.752148	-0.119579	0.484781	-0.821250	-0.399721	0.487642	-0.893343	0.118345	0.164973	0.090219	-0.130633	-0.404156	-0.373773	0.588938	0.086265	-1.277150	-1.950438	-0.422425	-0.523384	-1.734915	-2.116481	-0.609207	-0.265269	-0.686824	-0.443990	-0.535635	-0.678609	-0.904749	-1.878549	-1.476028	-1.773051	-2.306179	-1.957844	-0.397499	0.135135	-0.820371	-0.955176	-0.611566	-0.532786	-1.614210	-2.313122	-1.209524	-1.247443	-0.539771	-1.142765	-0.767027	-1.880071	-2.385113	-2.220402	-1.110032	-1.365352	-1.669693	-0.180141	-0.523811	0.735936	-2.200416	-3.015601	-2.266883	-0.020199	-0.674211	-0.785327	-1.526587	-1.803734	-1.787132	-2.747846	-1.195454	-0.769278	-0.113923	-0.899952	0.852698	0.648838	0.163891	0.097060	-0.356095	-0.507197	0.644316	0.264454	-2.357558	-2.025027	-2.914619	-2.227573	-1.820671	-1.074583	-0.405570	-0.116867	0.301709	-0.196915	-0.739485	-1.221502	-0.438297	-0.671980	-1.424142	-1.716528	-0.998099	-1.305630
0.589442	-0.376024	-0.374923	-0.999142	1.018688	-0.438746	1.130420	-0.032539	1.470384	-0.495598	-0.339271	-1.721412	-0.416525	-0.060459	-0.400482	-0.118473	0.206658	0.308470	-0.821367	-1.120138	0.656153	-0.775458	0.639829	0.813113	-0.585922	-1.103879	-1.169771	-0.756401	0.729313	-0.462407	-0.353564	-1.306212	-0.078966	-0.781754	-1.529219	-2.038793	-2.071462	-2.010603	-1.072499	-1.261428	0.364129	0.009914	0.517082	-1.380100	-1.151244	-1.831370	-2.039865	-1.874009	0.059635	1.210935	-0.756181	-1.249716	0.859164	0.563428	-0.186646	-1.264127	-0.814219	-1.110939	0.222608	-0.906549	-0.298653	-1.785545	-2.452914	-2.053260	-0.666590	-1.108030	-0.903518	0.225215	0.461259	1.216344	-1.818698	-2.282118	-1.658528	-0.301200	-0.311107	-0.620125	-1.128776	-1.181850	-0.651323	-1.642738	-1.167002	-2.010133	-0.571738	-1.703178	0.677791	0.282553	0.322969	-0.163787	0.222616	-0.846107	0.683422	-0.245257	-2.615029	-2.036792	-1.596010	-0.733710	-0.482895	-0.199376	-0.352239	-0.247595	0.206993	-0.183239	-0.507137	-0.399163	-0.215537	-0.539258	-0.230384	-0.703791	-0.813716	-0.458608
1.552009	1.234256	0.251510	-0.783624	1.596586	0.021782	0.831012	0.050570	1.396222	0.079882	0.594623	-1.150502	0.590542	0.308185	0.129880	1.118460	0.619443	1.183036	0.224398	0.339346	0.168474	-0.378067	0.775342	1.072086	-1.232939	-1.071721	-0.774721	-0.578776	0.058722	-1.470699	-0.020848	-0.623605	0.823565	-0.114786	-0.976087	-1.130201	-2.145578	-2.179931	-0.204962	-0.670968	1.216326	0.696173	0.763183	-0.782469	-0.278627	-0.847059	-2.018164	-1.949845	0.509403	1.747895	-0.225937	-0.527870	1.832990	1.244387	1.079481	0.359932	0.324324	-0.332792	0.731588	-0.095345	0.209546	-0.608720	-2.239593	-1.748116	0.674213	-0.176538	0.169485	0.574361	0.983211	0.939737	-1.685507	-1.351745	-0.049935	0.039914	0.470584	-0.153187	-0.039024	0.429402	-0.161693	-0.484351	0.007541	-1.563815	-0.262781	-0.739851	1.035537	0.923794	0.952190	-0.352201	1.061031	0.007508	1.276034	0.363591	-2.509272	-2.193586	-0.471143	0.059005	1.576710	1.162504	0.876166	-0.123211	0.000074	-0.283338	0.425919	0.971723	0.274821	1.114623	1.286159	-0.045017	-0.188012	0.291721
1.212795	1.443720	1.048096	0.436074	1.207068	0.640844	-0.246596	-0.553176	0.048565	0.712259	1.631313	0.787330	1.511206	1.000573	0.671561	1.913140	1.410902	1.959522	1.742464	2.262602	-0.520043	0.081012	0.720681	0.632306	-1.486696	-0.333617	0.240476	-0.351764	-0.701051	-1.856028	-0.538365	-0.906477	1.780552	0.909593	-0.175602	-0.281510	-0.425895	-0.675324	1.402206	0.939501	1.327041	0.768013	-0.651392	-0.860471	0.029842	-0.157232	-1.906799	-2.046208	0.221768	0.690460	0.818789	1.001298	1.499740	0.985133	1.462177	1.289264	1.537103	0.623955	0.773547	0.882501	0.173654	0.522291	-1.737322	-1.363735	1.655500	0.670560	1.318913	0.907974	0.695840	0.781668	-1.478780	-0.723797	1.358865	0.408078	0.649212	-0.224351	0.906352	1.156653	-0.638180	-0.354372	1.727666	0.448924	0.775193	1.431185	1.238953	1.750625	1.586189	-0.036969	0.862645	0.909231	1.441848	1.050268	-1.999144	-2.303476	-0.405779	-0.462732	2.261528	1.817243	2.060942	-0.015090	-0.122022	-0.055948	0.626917	1.613766	0.887282	2.305128	1.540196	0.019252	0.515736	0.481628
0.264354	0.320786	1.521350	1.825559	0.382080	1.125750	-1.000155	-0.860401	-1.151782	0.963428	1.802080	2.472808	1.885135	1.725690	1.189834	1.693055	2.381775	1.552596	2.453411	2.521575	-0.683713	0.436189	0.787766	0.105122	-0.897870	0.376311	0.530963	-0.380125	-0.703059	-0.817183	-0.742417	-1.463415	2.199106	1.591721	0.639009	0.055771	1.653687	0.932730	2.310517	2.164021	0.672975	0.492930	-2.091415	-1.028243	-0.377461	-0.254777	-1.323067	-1.779773	-0.520474	-1.119993	1.844634	2.122841	0.310044	0.216756	1.060240	1.231428	1.869398	1.216141	0.511542	1.499082	-0.280166	0.786252	-1.049892	-0.902782	1.458594	1.007093	2.121221	1.125982	0.340065	1.187776	-0.816885	-0.375708	1.552899	0.259825	0.295728	-0.622953	1.400480	0.582793	-1.090038	-1.087924	2.745698	2.358859	1.618653	2.883048	0.878229	1.948019	1.608731	0.797578	-0.474346	0.916050	0.811192	0.903320	-1.246698	-2.002094	-0.823305	-1.419144	0.998374	1.045693	1.892868	0.061552	0.071859	0.625223	0.013320	1.138033	1.150135	1.661896	0.175917	0.127544	1.040413	-0.024523
0.021583	-0.358283	1.246061	2.139852	-0.072447	1.534029	-0.824641	0.093524	-0.943848	0.991428	0.917013	2.490042	1.750832	2.136262	1.652173	0.895507	2.760943	0.441765	1.919073	1.102688	-0.097680	0.663976	1.039521	0.336625	0.437920	0.799681	-0.374216	-0.471804	0.069227	1.060027	0.265511	-0.923103	1.872957	1.691715	1.102849	0.281926	2.216370	1.185334	1.590400	2.041057	-0.070942	0.471994	-1.658997	-0.213693	-0.581092	-0.336226	-0.480385	-1.105298	-0.773567	-1.748141	2.096310	1.908630	-0.536048	-0.228916	0.438982	0.871262	1.086772	1.113315	0.226570	1.396356	-0.504456	0.403701	-0.440795	-0.479634	0.575157	1.087966	2.178716	0.970167	0.573589	1.585817	0.074594	-0.065477	0.686264	-0.288657	0.328959	-0.332525	1.607332	0.032133	-0.603585	-1.568621	2.297231	2.668211	1.324836	2.398069	0.398883	1.577612	0.892789	1.365466	-1.525999	0.424156	0.180793	0.325298	-0.602817	-1.300243	-0.615294	-1.520167	-0.497797	-0.385726	0.672705	0.377426	0.461805	1.163083	-0.323149	0.424302	0.887755	0.076535	-1.322615	0.787925	1.215978	-0.822732
0.663250	0.411162	0.386679	1.071494	0.000402	1.781220	-0.194638	1.698546	0.267945	1.014949	-0.231101	1.104038	1.246551	1.914861	1.614168	0.160468	1.961159	-0.038249	0.826298	-0.253483	0.499496	0.727583	1.065845	1.121111	1.603614	1.138083	-1.496888	-0.386901	0.814576	2.220137	1.699290	0.766239	0.993178	1.353019	1.017704	0.921626	1.082310	0.412737	-0.217263	0.956587	-0.337985	0.691450	0.400703	1.421768	0.090311	0.376219	0.006266	-0.476025	-0.153259	-0.578974	1.325099	0.760280	-0.347817	-0.114084	-0.103108	0.698664	-0.081557	0.361935	0.009614	0.614694	-0.192543	0.079755	-0.128468	-0.325049	-0.015924	1.253118	1.394584	0.291964	0.943056	1.281649	0.559493	0.210668	-0.230577	-0.705961	1.063941	1.018296	1.537537	0.592712	0.409514	-1.105456	0.800346	1.509646	0.045742	0.732487	0.538178	1.221753	0.000495	0.815192	-1.122651	0.478981	0.433167	0.352822	-0.330352	-0.635600	0.330462	-0.543001	-0.352193	-0.934295	-0.002572	1.011534	0.663938	0.837911	0.106037	0.454894	0.407444	-0.548763	-1.237522	1.590160	0.849651	-1.223135
1.115877	1.600980	-0.345862	-0.370409	0.095220	1.423980	0.091305	2.321827	0.857464	0.763999	-0.845938	-0.254455	0.331221	0.969026	0.568450	-0.406762	0.311163	0.463070	-0.085294	-0.451115	0.172982	0.643779	0.457166	1.205038	1.587675	1.338192	-1.578670	-0.199305	0.773326	1.731820	2.066921	2.099782	-0.133036	0.804390	0.575516	1.755653	-0.125140	0.123155	-1.674127	0.033010	-0.219474	0.608703	1.907424	2.356371	1.142118	1.407002	-0.138774	-0.312650	0.753649	0.942370	0.046951	-0.133892	0.579017	0.215036	-0.636983	0.410358	-0.773825	-0.635254	-0.207689	-0.407196	0.252346	0.050709	-0.119181	-0.561997	-0.069942	1.302696	0.108432	-0.558981	0.618355	0.461450	0.365432	0.247633	-0.450305	-0.611230	1.685822	2.414293	0.960412	1.606180	0.810484	-0.144695	-0.560086	0.246626	-1.036843	-0.390139	1.333015	1.131006	-0.359233	-0.566721	0.237317	1.353250	1.375088	1.218384	-0.419435	-0.368738	1.023456	0.544413	1.163403	0.008932	0.761238	1.535273	0.473433	-0.241999	0.633985	1.134549	0.102372	0.369322	0.314984	1.693699	-0.066437	-0.854529
0.640996	1.710594	-0.323550	-0.907708	-0.088259	0.307836	-0.040200	1.372560	-0.047185	-0.097894	-0.907026	-0.627203	-0.838823	-0.307987	-1.153393	-0.886750	-1.130059	0.939801	-0.706955	-0.185600	-0.900723	0.600131	-0.441251	-0.046450	0.395707	0.995871	-0.522522	-0.132795	0.035552	0.206747	1.217497	1.865170	-1.162588	0.299263	0.152422	1.986994	-0.087258	0.938706	-1.819495	-0.080943	-0.133060	0.140410	1.393271	1.523707	1.496328	1.495616	-0.493698	-0.447009	1.161808	1.140481	-0.888180	-0.140442	1.488620	0.589135	-1.095998	-0.306376	-0.833218	-1.324866	-0.366145	-1.069343	0.308289	0.003343	-0.228384	-0.941110	-0.116885	0.790694	-0.949140	-0.903389	-0.163709	-0.154523	-0.071811	0.035236	-0.064805	-0.101943	1.289866	2.447345	-0.046377	1.573486	0.263846	0.416968	-0.887607	-0.067120	-0.978143	-0.174715	1.916205	1.028191	-0.058607	-1.294635	1.190583	2.215075	2.021693	2.010976	-0.610563	-0.361915	0.705657	0.774256	2.148269	1.412440	1.974027	1.367488	0.117842	-1.115395	0.651678	1.559235	0.096728	1.547346	1.517757	0.893031	-1.046667	-0.006825
-0.239734	0.707811	0.424190	-0.245414	-0.217396	-0.853302	0.001082	0.037330	-1.495174	-1.216459	-0.803996	-0.261647	-1.602353	-1.176296	-2.327766	-1.028399	-1.537664	0.472618	-1.172654	-0.643157	-1.478208	0.691852	-0.743081	-1.553592	-0.849828	0.061410	0.622250	-0.270399	-0.469765	-0.937866	0.501763	0.636050	-1.661688	0.066245	-0.096782	1.205828	0.679910	1.850642	-0.874047	0.353264	-0.257012	-0.052468	-0.218165	-0.293642	0.683087	0.115499	-0.396068	-0.320590	0.774259	-0.114487	-0.910331	0.385060	1.772421	1.078859	-1.130666	-0.962296	-0.685767	-1.319773	-0.240474	-0.998884	0.033007	-0.244553	-0.218134	-0.910550	-0.551895	-0.192893	-1.070774	-0.495035	-0.272702	-0.370972	-0.134843	-0.141308	0.384401	0.334276	-0.009616	0.904222	-0.863613	0.125453	-0.435358	0.280528	-0.266060	0.436460	0.017175	0.676917	1.420341	0.614452	0.416943	-0.246511	1.186276	2.068434	1.702551	1.722882	-0.539653	-0.145616	-0.233161	0.169378	1.569076	1.795334	1.926197	0.462881	-0.007751	-1.051100	0.409188	1.222496	0.308674	1.469053	1.100139	-0.161387	-1.387483	0.722164
-0.598211	-0.203682	1.241096	0.810965	0.091030	-1.054633	0.508386	-0.299574	-1.819849	-1.695441	-0.571237	0.086170	-1.327483	-1.170292	-2.053330	-0.579889	-0.988571	-0.603650	-1.390453	-1.761800	-0.825612	0.657076	-0.196012	-1.745885	-1.077166	-0.858265	0.968344	-0.507289	0.108187	-0.915176	0.886180	0.010802	-1.359273	0.090314	-0.329118	-0.084392	0.772292	1.652815	0.227860	0.679180	-0.466534	0.433970	-0.942456	-1.343607	-0.749365	-1.798414	0.286697	0.263057	-0.270592	-1.663340	-0.095300	0.808910	1.229697	1.373268	-0.607796	-0.788003	-0.629259	-0.660595	0.210589	-0.362185	-0.083676	-0.446946	-0.004725	-0.181223	-1.061357	-0.907644	-0.244782	0.094483	0.625115	-0.614594	0.239831	-0.086118	0.524360	0.286880	-1.155153	-0.937675	-0.896026	-1.489958	-0.505447	-0.104997	0.495976	0.895392	1.041687	1.034356	0.048989	0.008147	0.652360	1.817470	0.814483	0.786747	0.575398	0.405330	-0.023763	0.482166	-0.829413	-0.473275	0.332177	0.973018	0.321843	-0.485478	0.184072	-0.357247	0.350439	0.542026	0.689372	0.118774	-0.199478	-0.729465	-0.917851	1.086194
-0.207666	-0.225925	1.426948	1.301280	0.652237	-0.190160	1.072028	0.265052	-0.456944	-1.100819	0.083916	0.056659	-0.181601	-0.512366	-0.732313	0.182057	-0.157410	-1.221766	-1.221984	-2.268987	0.357852	0.224049	0.341892	-0.574542	-0.288022	-1.140923	0.643135	-0.654576	1.498427	-0.155513	1.764231	0.619743	-0.530643	0.114141	-0.699968	-0.969717	-0.161424	0.483095	0.772848	0.537843	-0.612161	0.964067	-0.145060	-0.891292	-1.838869	-2.732667	0.934677	0.826228	-1.499255	-2.317162	0.850389	0.870168	0.196300	0.900707	0.102236	0.185180	-0.527857	0.224235	0.640210	0.261828	0.163484	-0.382335	0.189638	0.748353	-0.982443	-0.754310	0.662154	0.048909	1.462294	-0.998915	0.515594	0.032152	0.341739	-0.110748	-1.076333	-1.637593	-0.234804	-1.822450	-0.076988	-0.251307	0.730150	0.681582	1.489299	0.548247	-0.961259	-0.329578	0.763889	2.779581	0.768983	-0.727899	-0.647569	-0.814589	0.645472	1.081018	-0.668605	-0.555670	-0.216555	0.250267	-1.276548	-0.707772	0.374521	0.192741	0.406049	0.185565	1.245643	-1.089309	-0.739854	-0.609958	-0.185439	1.325938
0.487599	0.278186	0.842219	0.980509	0.947887	0.702497	1.230853	0.515940	1.571793	-0.068986	1.055647	-0.222464	0.957812	0.183573	0.422380	0.699109	0.383448	-0.900580	-0.840799	-1.288879	0.935576	-0.412878	-0.076922	0.419427	0.717339	-0.825861	0.247111	-0.572250	2.338872	0.386270	1.913231	1.409997	0.158838	0.003694	-1.093560	-1.023345	-1.088693	-0.489425	0.747094	0.095897	-0.687378	0.610296	0.990695	0.146552	-2.032482	-2.114348	0.811823	0.789979	-2.072046	-1.606103	1.075813	0.606836	-0.563608	-0.215416	0.540967	1.091013	-0.176010	0.881818	0.634343	0.419541	0.454936	-0.230033	0.030214	0.944890	-0.143803	-0.022324	0.670585	-0.815272	1.263976	-0.937230	0.228360	-0.061666	0.014007	-0.268651	0.406528	-0.997700	0.431134	-0.732249	0.209398	-0.182472	0.444505	-0.128908	1.384572	-0.218159	-0.662234	-0.059266	1.043432	1.414549	1.063227	-1.382150	-1.245423	-0.887643	0.860402	0.957898	-0.172154	-0.266780	-0.028213	0.731720	-1.317625	-0.266091	0.227489	0.420889	0.315061	0.199547	1.766888	-0.946356	-0.047267	-0.044605	0.247273	1.618356
0.972042	0.513719	0.025112	0.341850	0.773408	0.570568	1.117938	-0.210966	2.740371	0.292198	1.613151	-0.547483	1.364757	0.501146	0.585833	0.737511	0.423373	-0.194067	-0.617770	0.527549	0.688589	-0.858636	-1.335471	0.036271	1.295301	-0.474881	-0.042231	-0.315268	1.609371	0.280401	0.997360	1.056430	0.336770	-0.079443	-1.229453	-0.608082	-1.081439	-0.566066	0.560394	-0.271268	-0.807423	-0.554016	1.164303	0.477911	-1.448615	-0.792991	-0.044819	0.221335	-1.391926	-0.018597	0.362172	0.121122	-0.432482	-0.945008	0.630195	1.236157	0.300165	1.135726	0.178162	0.138146	0.480168	-0.268250	-0.414942	0.176529	0.738168	0.355107	-0.312078	-1.791795	0.464187	-0.009979	-0.413026	-0.327925	-0.278290	0.227787	2.277985	-0.030176	0.543793	0.596805	0.103651	-0.200310	0.051720	-0.963140	1.022202	-0.548231	0.443162	0.574973	1.350495	-1.174669	1.279234	-0.998492	-1.058878	0.024728	0.411723	0.067220	0.079260	-0.192757	-0.116399	1.822073	-0.115336	-0.075109	-0.198175	0.689020	0.123697	0.019891	1.673352	0.256208	0.771174	0.601137	0.386302	1.680238
0.954928	0.255077	-0.279375	0.007185	0.422391	-0.457299	1.205047	-1.257484	2.382923	-0.391543	1.197969	-0.808854	1.075388	0.461754	-0.156519	0.455004	0.024260	0.113991	-0.659391	1.691736	0.231557	-1.093721	-2.419730	-1.212161	1.341541	-0.497098	-0.404369	-0.120432	0.020942	-0.129828	-0.242197	-0.300756	0.294931	0.027721	-0.914457	-0.282799	-0.450411	-0.154442	0.478955	-0.429534	-1.055077	-1.446773	0.500877	-0.051185	-0.486474	0.065402	-0.684266	-0.166575	-0.030297	1.155131	-0.534057	-0.314407	0.490335	-0.432141	0.582494	0.772463	0.590906	1.025828	-0.274252	-0.227841	0.437737	-0.374816	-0.481062	-0.525810	0.716322	-0.135974	-1.396422	-1.889693	0.104126	1.168086	-0.667951	-0.392316	-0.407144	1.135310	2.997887	0.305497	0.223212	0.968672	-0.031477	-0.301190	-0.181261	-1.230423	0.667139	-0.260920	0.933536	0.827209	1.160529	-2.682952	1.163604	-0.468467	-0.651816	0.737200	-0.053506	-0.630834	0.045462	-0.483411	-1.007190	1.928038	0.681475	-0.773959	-0.466738	0.958089	0.014950	-0.677345	0.507687	1.196734	0.578494	1.005846	0.513739	1.199964
0.509513	-0.006150	0.194934	0.157924	0.301855	-1.223873	1.618683	-1.515734	1.134616	-1.317772	0.224938	-0.882787	0.680797	0.352355	-1.120341	0.054870	-0.483435	-0.034153	-0.644039	1.492126	0.036223	-1.300997	-2.498214	-1.895317	0.992649	-0.718877	-0.701704	-0.130731	-0.545155	-0.395065	-0.909878	-1.191018	0.559220	0.275043	-0.121626	-0.053520	-0.084378	0.080089	0.438218	-0.519551	-1.267220	-1.258335	0.193382	-0.395915	0.616226	0.310724	-0.203942	0.208257	0.621578	0.846680	-0.567742	-0.231589	1.524797	1.035923	0.564228	0.330851	0.667580	0.637288	-0.177145	-0.302207	0.774095	-0.085164	0.425695	0.081508	-0.243972	-0.937728	-1.649955	-0.854805	0.327205	1.430620	-0.039153	0.049958	-0.288370	1.757677	1.884156	0.049910	0.071288	0.343790	0.235217	-0.118098	-0.260047	-0.735992	0.531641	0.284418	0.183835	0.250357	0.273957	-2.026386	0.802079	-0.585595	-0.617589	0.425606	0.319387	-0.084437	0.163857	-0.648313	-1.977082	0.556925	0.248787	-1.768796	-0.211386	0.636687	-0.015246	-1.357876	-1.267990	1.092917	-0.342199	1.071278	0.619172	0.476488
0.137581	0.223724	0.958147	0.489689	0.485430	-0.888264	1.951241	-0.715479	0.188345	-1.396132	-0.308211	-0.655056	0.615774	0.402569	-1.548753	-0.322043	-0.609209	-0.030690	-0.244214	0.574039	0.100524	-1.247939	-1.568666	-1.368814	0.411326	-0.615143	-0.473215	-0.182125	0.725627	-0.513683	-0.759972	-0.665731	1.166701	0.569337	0.959484	0.492341	-0.126105	0.136316	0.326701	-0.580597	-1.070701	-0.334715	0.855654	0.296628	1.688294	0.637763	1.108850	1.080263	0.009502	-0.538830	0.390636	0.524297	2.075567	2.347888	0.587799	0.249707	0.821332	0.132858	0.576604	0.101509	1.478956	0.784877	1.872808	1.781017	-1.063558	-1.059425	-1.013709	0.371607	0.464912	0.401921	1.093797	0.837663	0.065806	1.628346	-0.131008	-0.128868	0.442660	-0.341537	0.842211	0.471534	-0.246786	0.142452	0.711964	0.673916	-0.919696	-0.630258	-0.763200	-0.253801	0.462645	-0.973269	-0.773465	-0.464561	1.390110	1.473056	0.658015	-0.264942	-1.924749	-0.981839	-0.527243	-1.862188	0.443414	-0.426052	-0.071913	-1.188692	-2.380357	0.411664	-0.710173	0.994137	0.442586	0.161086
0.292300	0.731600	1.219740	0.639493	0.622621	0.101125	1.688619	0.315391	0.133400	-0.449555	0.008823	-0.193831	0.648689	0.498570	-1.069405	-0.466123	-0.143310	0.453946	0.373702	-0.061463	0.354205	-0.463332	-0.219730	-0.251690	-0.147670	0.003810	0.327780	0.013764	2.380235	-0.620731	-0.291035	0.485307	1.496772	0.811696	1.763673	1.263149	0.066742	0.362355	0.211091	-0.418894	-0.308191	0.343657	1.598481	1.430238	2.260366	1.216319	1.877477	1.506123	-0.858849	-1.387165	1.200031	1.309748	1.994190	2.624542	0.558152	0.291223	1.113306	-0.229396	1.379793	0.718293	1.854492	1.678216	2.476311	2.784500	-0.727676	-0.261431	-0.229081	0.556638	0.211102	-1.003754	1.707651	1.351568	0.448672	0.987243	-1.441914	0.038795	0.942175	-0.401673	1.242192	0.942718	-0.204980	0.696472	1.031743	0.769727	-1.192368	-0.845656	-1.189382	0.923874	0.446724	-0.661862	-0.515732	-0.961692	1.897267	2.465096	1.088410	0.365169	-0.784306	-1.292680	-0.526777	-0.844239	0.970545	-1.390796	-0.233140	-0.262444	-2.088467	-0.061891	0.030360	0.913548	-0.032156	0.295294
0.674183	0.776785	0.641016	0.519703	0.295577	0.593888	0.693273	0.583040	0.554831	0.694715	0.589539	0.254088	0.145117	0.198207	0.031994	-0.169307	0.569906	0.898546	0.684430	-0.184997	0.797040	0.863180	0.914551	0.590786	-0.449309	0.603230	1.064039	0.521438	2.315593	-0.489615	-0.241670	0.702120	0.909406	0.642494	1.545775	1.362805	0.712251	0.541348	0.195512	0.003912	0.668227	0.312670	1.028419	1.453903	1.743115	1.220067	1.107192	0.857745	-0.763560	-0.721612	0.604421	1.150990	1.390211	1.821975	0.321403	0.048602	1.072087	-0.342419	1.327977	0.822811	1.153121	1.679322	1.307290	1.705806	0.551123	0.735444	0.000163	-0.333453	-0.190650	-1.608540	1.092541	0.996729	0.511481	0.529856	-1.476111	0.113157	0.756635	-0.173141	0.906704	0.651265	-0.320735	0.470520	1.068507	0.559233	-0.631035	-0.267272	-0.885930	0.915901	0.861042	0.393943	0.086179	-0.898023	0.890794	1.671546	0.786023	0.548889	0.215179	-0.713655	-0.051184	0.118241	0.969054	-1.343295	-0.638619	0.220147	-1.155154	-0.371850	0.912321	0.545422	-0.472390	0.087456
0.466768	0.039983	-0.390330	0.177681	-0.447416	0.210564	-0.664516	-0.016151	0.746359	1.211563	0.706133	0.464633	-1.050122	-0.751810	1.008473	0.486364	0.985870	0.536437	0.469301	-0.236250	1.200217	1.722193	1.472439	0.971274	-0.569733	0.457479	1.128984	1.102954	0.353522	0.115933	-0.871068	-0.451123	-0.446136	-0.348940	0.189000	0.159194	1.060372	-0.035282	0.246031	0.317398	1.346659	0.037720	-0.914526	-0.214381	0.174261	0.074603	-0.640005	-0.416139	0.210269	0.684198	-1.227251	-0.096897	0.456681	0.547339	-0.136665	-0.461150	0.312593	-0.388216	0.213335	-0.000736	-0.523168	0.532861	-0.903627	-0.669544	1.621447	1.180761	-0.385746	-1.004487	-0.703774	-1.235023	-0.431568	-0.191683	0.071585	0.628706	-1.109947	-0.361257	-0.407225	-0.423575	-0.149395	-0.274364	-0.777138	-0.346863	0.472836	-0.059496	-0.262294	0.117452	-0.404065	0.279229	1.332512	1.078688	0.250011	-0.935547	-0.981183	-0.271137	-0.282065	0.099779	-0.090133	-0.706434	-0.295095	-0.020114	0.505048	-0.462858	-1.357851	-0.592704	-0.901978	-1.097411	0.715120	-0.471390	-0.651048	-0.987758
-0.476324	-0.829287	-1.147023	-0.390636	-0.965655	-0.189264	-1.699027	-0.671643	0.573831	1.037853	0.397682	0.359122	-2.173089	-1.870939	1.266082	1.054736	0.905656	-0.592557	0.123785	-0.463852	1.166298	1.363660	1.447131	1.132996	-0.807209	-0.386576	0.644004	1.410930	-1.549262	0.728834	-1.648983	-1.833262	-1.627353	-1.835036	-1.324115	-1.630684	0.426569	-1.427177	0.292101	0.156035	1.617678	0.200249	-2.620284	-2.199014	-1.484610	-1.406226	-1.836125	-1.217932	1.031661	1.389341	-2.664827	-1.385026	-0.418193	-0.451764	-0.453488	-0.713802	-0.669958	-0.511554	-0.981716	-1.032352	-2.062498	-0.860555	-2.374523	-2.174060	1.700613	1.021740	-0.924066	-0.438135	-1.448112	-0.607556	-1.750328	-1.414021	-0.586382	0.928657	-1.326493	-1.159947	-1.770773	-1.219218	-1.243068	-0.911067	-1.364296	-1.126041	-0.642653	-1.031510	-0.744662	-0.494316	-0.160902	-0.382582	1.215121	0.620585	-0.311181	-1.376001	-2.095931	-1.576696	-1.305681	-0.399070	-1.322791	-1.648209	-1.401505	-0.793568	-0.102748	0.240014	-2.019789	-1.920089	-1.416694	-2.101631	-0.298668	-1.840355	-0.706292	-2.174557
-1.131146	-0.857429	-1.115495	-0.988915	-0.629598	0.256008	-1.775896	-0.663425	0.434460	0.621782	0.256724	0.002532	-2.294924	-2.224441	0.812945	1.096525	0.552804	-1.536896	0.175570	-0.596624	0.682934	0.230597	1.143838	1.072385	-1.170114	-0.983902	0.198734	1.202641	-1.744413	0.526351	-1.761306	-2.118296	-1.846974	-2.652198	-1.765231	-2.509645	-0.685445	-2.527551	0.366713	-0.299956	1.742052	0.779643	-2.570777	-2.617336	-2.093249	-1.784665	-1.607279	-0.980192	1.164390	1.011861	-2.356256	-1.604358	-0.745533	-0.725108	-0.127610	-0.268738	-0.834583	-0.496779	-0.983118	-0.999432	-2.231931	-1.276929	-2.102435	-1.728867	1.100174	0.663991	-1.095455	0.868260	-1.902502	-0.196999	-1.859279	-1.702544	-0.852836	0.869106	-1.910313	-1.541292	-2.063875	-1.713786	-1.458202	-0.545464	-1.434281	-1.311152	-1.619871	-1.784127	-1.563705	-1.545963	-0.021495	-0.827105	0.369213	-0.296890	-0.865965	-1.643803	-1.671911	-1.371515	-1.395158	-0.289564	-1.865632	-2.128751	-1.931322	-0.861668	-0.673568	0.262542	-1.940983	-2.139050	-1.410204	-2.281816	-0.599402	-2.581705	-0.763138	-2.118675
-0.431010	0.164737	-0.312799	-1.067702	0.406213	1.131392	-0.758471	-0.132315	0.535153	0.314732	0.521410	-0.372200	-1.408870	-1.438456	0.143595	0.633254	0.224958	-1.487321	0.655045	-0.296199	0.240001	-0.517684	0.947753	0.607900	-1.180108	-0.517241	0.117121	0.496322	-0.775681	-0.422547	-0.949198	-1.184383	-1.258884	-2.006587	-0.978458	-1.834374	-1.066370	-2.158465	0.482744	-0.465387	1.815928	1.106348	-0.987385	-1.234703	-1.349473	-0.709742	-0.441538	-0.179439	1.018907	0.371851	-0.713812	-0.866990	-0.430072	-0.367576	0.802615	0.652863	0.130185	-0.034530	0.313803	0.291681	-0.810475	-0.479832	-0.737528	-0.375842	0.659985	0.460557	-0.648906	1.620940	-1.200746	0.230888	-0.645544	-0.774134	-0.386764	0.423129	-1.823808	-1.031199	-0.782209	-1.118795	-0.450527	0.534914	-0.556579	-0.753560	-1.717257	-1.589978	-1.658321	-1.726182	0.205004	-0.830277	-0.514959	-0.442172	-0.716072	-1.165340	-0.478129	-0.441684	-0.437038	0.412299	-0.716514	-0.785137	-0.667418	0.259308	-1.190466	0.141691	-0.854458	-0.722352	0.010110	-0.879794	0.583866	-1.924185	-0.576940	-0.600850
1.290629	1.474466	0.658993	-0.369061	1.219262	1.302376	0.720662	0.356762	0.561141	0.214080	0.754700	-0.420253	-0.384267	-0.209810	-0.245541	0.094404	-0.002677	-0.694391	1.078249	0.351312	0.141270	-0.282429	0.963532	-0.035985	-0.415108	0.744993	0.247795	-0.370978	-0.376129	-0.919505	0.220637	0.029191	-0.604808	-0.511389	0.080535	-0.405784	-0.310344	-0.496263	0.454980	-0.040838	1.599877	0.834065	0.692662	0.481832	0.013425	0.711864	0.586292	0.346464	1.135286	0.214651	0.682102	-0.233525	0.040507	0.051106	1.541616	1.352861	1.242537	0.738523	1.627630	1.523910	1.144212	0.602533	0.390834	0.266682	0.703643	0.568000	0.252430	1.253056	0.451799	0.841232	1.002525	0.670362	0.470435	0.004529	-0.652220	0.041583	1.190335	0.313511	1.056476	1.420350	0.769672	0.206609	-0.860945	-0.497056	-0.643028	-0.607389	0.305487	-0.330969	-0.743330	0.308734	-0.166918	-0.207030	0.288015	0.071624	0.854296	1.065192	1.346707	1.783466	1.618542	1.704116	-1.537269	0.501465	0.701372	1.224345	2.101886	1.352766	2.128876	-0.122458	0.078920	1.006802
2.420764	2.135011	0.899189	0.404112	1.035214	0.563165	1.591258	0.720975	0.151099	0.327085	0.467999	-0.011072	0.105978	0.429993	-0.266928	-0.210212	-0.292022	-0.150626	0.960729	0.819609	0.047088	0.438234	0.904792	-0.270302	0.835697	1.712395	0.322736	-0.914535	-1.170853	-0.103709	0.879542	0.692182	-0.321450	0.454386	0.554710	0.618653	0.656286	1.031454	0.060284	0.597126	0.999329	0.465449	1.541054	1.307197	0.949099	1.284708	0.910083	0.336015	1.477786	0.401120	0.880336	-0.303837	0.137212	-0.058895	1.290905	1.357659	1.209117	1.180512	1.666436	1.425404	2.149322	1.010946	0.711649	-0.078274	0.725928	0.878430	1.028214	0.305365	1.497707	1.189028	1.889986	1.568354	1.002903	-0.212703	0.791802	0.851786	2.303449	1.462668	1.818218	1.572255	1.358165	0.852434	0.085525	0.474971	0.695866	0.770617	-0.005040	0.057131	-0.551788	0.847142	0.026234	0.524593	0.350194	0.047286	1.628215	1.101064	2.622399	3.512799	2.868352	2.378751	-1.488623	1.057775	1.823606	2.320205	3.356274	2.704017	2.337166	1.644911	0.799830	1.314487
1.752174	1.807558	-0.053670	0.233642	0.052189	-0.067909	1.264028	1.305125	-0.521946	0.580755	-0.203912	0.497789	0.166953	0.214936	-0.235461	-0.328898	-0.831844	-0.468161	0.289969	0.572384	-0.430106	0.762110	0.462410	0.104039	1.707712	1.597745	0.228502	-0.861893	-2.106078	1.317537	0.611772	0.796768	-0.327130	0.280776	0.454835	0.933489	0.708105	1.289876	-0.573159	0.778165	0.432689	0.606455	1.699623	1.435458	0.978990	1.003390	0.795303	0.256771	1.621381	0.399293	0.250973	-0.633943	-0.149555	-0.771391	0.173253	0.763520	-0.161693	0.722797	0.446177	0.241464	1.501075	0.715947	0.683129	-0.370674	0.142172	0.945481	1.041901	-0.382645	0.706393	0.863087	1.577180	1.518533	0.821081	-0.424167	1.401520	0.961154	1.690310	1.524651	1.345031	1.244316	0.544389	0.569331	0.071620	0.435100	1.174871	1.039752	-0.582269	-0.475547	-0.718633	0.324378	-0.276754	0.758022	0.374474	0.187559	1.618457	0.614621	2.207690	3.060476	2.059677	1.978172	-1.051708	1.002637	1.891073	2.175071	3.085115	2.153913	0.992406	2.156662	0.798514	0.464935
-0.144141	0.834099	-1.536861	-0.807371	-0.743048	0.153972	0.257943	1.985939	-0.877942	0.732065	-0.610812	0.594155	0.154378	-0.221065	-0.405071	-0.301221	-1.528684	-1.205356	-0.394628	-0.340349	-0.960042	0.446015	-0.235022	0.597798	1.614806	0.637250	-0.017070	-0.395792	-1.976623	1.892290	-0.212695	0.819773	-0.452992	-0.375467	0.262813	1.000629	-0.117340	0.550855	-0.909702	0.292318	0.414798	0.991964	1.479437	1.547946	0.485272	0.759996	0.845905	0.640943	1.304564	0.107953	-0.403723	-0.599617	-0.469068	-1.537518	-0.796633	0.011267	-1.683861	-0.440462	-0.894384	-0.770143	-0.160882	0.352688	0.902558	0.195076	-0.778484	0.420883	0.276138	-0.398340	-1.317766	0.213236	0.773120	1.108580	0.158078	-0.650030	0.990371	0.769659	-0.137687	0.863758	0.437085	1.010140	-0.911066	-0.468930	-0.955267	-0.292687	0.494300	-0.033577	-0.976396	-1.628253	-1.340126	-0.768369	-0.604699	0.746980	0.930298	0.888004	1.249315	0.277799	0.723444	1.045955	0.236398	0.891177	-0.555338	0.181800	0.844266	1.243816	1.765042	0.317566	-0.427157	1.075654	-0.095504	-0.330333
-1.444215	-0.130354	-2.119865	-1.444917	-0.568167	0.681830	-0.327705	1.984899	-0.638596	0.508645	-0.282627	0.295280	0.059693	-0.218445	-0.542137	0.046242	-1.857116	-1.322063	-0.388540	-1.117348	-0.865492	0.036628	-0.659921	0.697330	0.807727	-0.247269	-0.301686	0.016256	-0.823363	1.186347	-0.799767	0.991981	-0.594514	-0.543289	0.302078	1.143803	-0.672211	-0.049537	-0.515378	-0.322105	0.856141	0.769894	0.755365	1.528928	0.209030	1.077005	1.274874	1.355460	0.646117	-0.100998	-0.710948	-0.241565	-0.639246	-1.680387	-0.702728	-0.424624	-1.911390	-1.283946	-1.339019	-0.885842	-1.394668	0.331697	1.301623	1.204305	-1.029709	-0.292587	-0.433543	0.163769	-2.750904	-0.049041	0.473075	1.076901	-0.466132	-0.573223	0.314104	0.898068	-1.768644	0.475153	0.170514	1.088027	-1.417243	-1.235960	-1.836260	-0.614634	-0.446217	-1.368575	-0.925129	-1.911539	-1.611608	-1.263705	-0.649433	0.685595	1.734530	1.687602	1.042526	0.625960	-0.423439	-0.800711	-0.857761	-0.315113	-0.226069	-0.606186	-0.775704	0.115491	0.258840	-1.196225	-0.508809	-0.773466	-1.044052	-0.431715
-0.991810	-0.559362	-1.062349	-0.796790	0.356564	0.575488	-0.044618	0.874642	-0.204539	-0.078352	0.553990	0.175405	-0.304116	0.165157	-0.186455	0.624891	-1.232796	-0.347619	0.489359	-0.973882	-0.209839	0.042856	-0.431848	0.479148	0.010932	-0.375719	-0.430996	0.120939	0.332903	0.085776	-0.684865	1.057292	-0.523487	-0.013452	0.602617	1.143376	-0.084225	0.093267	0.401266	-0.348032	1.085100	-0.272355	-0.487889	0.763941	0.422029	1.479461	1.634937	1.617578	-0.044153	0.007609	-0.629423	0.031718	-0.793164	-1.060674	0.353995	-0.272617	-0.552053	-0.863860	-0.868918	-0.445672	-1.233868	0.456456	1.330919	1.636036	-0.123846	-0.354927	-0.187720	0.915253	-2.429717	0.256335	0.781293	1.312678	-0.727039	-0.127294	0.026338	1.275349	-2.040181	0.686566	0.563637	1.186535	-0.229574	-0.826428	-1.481819	-0.127328	-0.676986	-1.758914	-0.558584	-0.492074	-1.014243	-0.792158	-0.568611	0.421261	1.978036	1.781812	0.976238	1.402047	-0.377876	-1.321741	-0.664066	-1.135332	0.030758	-0.605560	-1.974978	-0.724889	-0.795857	-1.295915	0.557927	-2.024493	-1.101241	-0.312370
0.486343	-0.419582	0.703548	0.459520	0.965111	-0.197277	0.416876	-0.677507	-0.172891	-0.660789	1.097156	0.533744	-0.798689	0.344996	0.586177	0.778942	0.191450	0.946267	1.521508	-0.156634	0.081443	0.223697	0.228110	0.295277	-0.329707	0.084930	-0.303893	0.124936	0.691929	-0.511956	-0.143852	0.681488	-0.064402	0.581172	0.960145	0.661023	1.148473	0.477349	1.104469	0.284988	0.601691	-1.290783	-1.607845	-0.642524	0.633796	1.130963	1.337501	0.865887	-0.536001	0.216447	-0.173451	0.113177	-1.059423	-0.237898	1.309942	0.233358	1.173478	0.528332	-0.265109	-0.109036	-0.095384	0.291294	0.767711	1.119204	1.020179	0.293976	0.892451	1.396421	-0.818701	0.666275	0.904738	1.047665	-0.663868	0.151066	-0.031999	1.238837	-0.949396	0.793288	0.667469	0.907151	1.621266	0.512685	-0.216883	0.389412	-0.332523	-1.090534	-0.207013	1.414399	-0.173585	-0.209576	-0.662975	-0.217812	1.286910	0.908290	0.592308	1.728808	0.371047	-0.708279	-0.018169	-1.285863	0.183303	-0.049896	-1.933933	-0.962151	-1.099455	-0.331403	1.324910	-1.845441	-0.323870	-0.518106
1.229881	-0.213884	1.484600	0.966659	0.338068	-0.952878	0.117603	-1.586044	-0.602658	-0.854387	0.646679	0.881714	-1.001059	-0.038407	0.982140	-0.022924	1.261676	1.287793	1.674825	0.258072	-0.554656	-0.043639	0.646930	0.169965	-0.315735	0.348448	-0.112590	0.257783	0.341895	-0.618303	0.178596	-0.054688	0.479046	0.514602	0.992078	-0.230212	1.645865	0.301815	1.034646	0.897575	-0.409738	-1.413769	-1.810354	-1.670854	0.251119	-0.091628	0.431001	-0.438865	-0.780877	0.233627	0.437597	0.163017	-1.264732	0.077853	1.127719	0.359197	1.665823	1.445689	-0.261432	-0.151372	0.668554	-0.286134	0.075814	0.314956	0.919291	0.592446	1.653939	1.299458	0.677528	0.710636	0.302365	0.028046	-0.532428	-0.309737	-0.378368	0.539544	0.405603	0.131574	-0.096542	0.206336	2.339833	1.600983	0.600789	0.115663	-0.284669	-0.296471	-0.090757	1.829127	-0.086197	-0.480931	-1.064649	-1.018386	0.207333	-0.300929	-0.243283	1.040232	0.497153	0.021195	0.169874	-0.915996	-0.194256	0.170200	-0.836467	-0.760395	-0.790785	0.431316	0.716169	-0.571797	0.338763	-0.753678
0.388763	-0.482040	0.666859	0.363669	-1.341321	-1.374425	-0.916820	-1.500560	-1.005676	-0.643665	-0.672925	0.587915	-0.705945	-0.705769	0.389312	-1.344716	0.867951	0.368864	0.737239	-0.225214	-1.449879	-0.789472	0.358999	-0.105829	-0.275967	-0.157915	-0.196242	0.242152	-0.059037	-0.686749	0.012399	-0.652382	0.524843	-0.273911	0.494426	-0.977563	0.697258	-0.422252	0.314834	0.799478	-1.310773	-0.792653	-1.004367	-1.481240	-0.503111	-1.256628	-0.318644	-1.134721	-0.822602	0.127311	0.774591	0.198162	-1.066700	-0.279343	-0.186876	-0.393202	0.530620	0.839555	-0.882519	-0.470943	0.228758	-0.894824	-0.101752	0.117073	-0.688860	-0.291314	1.148309	0.617496	1.032247	0.333271	-0.559499	-0.928599	-0.564276	-1.361745	-0.994397	-0.251574	0.863738	-0.892255	-1.159363	-0.520225	1.260053	1.570891	0.264267	-0.668564	-0.770201	-0.192342	-0.131374	0.464867	-0.775640	-1.438441	-1.601373	-1.435285	-0.329179	-0.828568	-0.931533	-0.235288	-0.654450	0.006531	-0.123477	-0.513233	-1.245253	-0.377602	0.170820	-0.713684	-0.461215	0.179245	-0.877554	0.676260	0.199852	-0.385765
-1.133918	-1.149322	-0.808342	-0.486017	-2.815225	-1.679134	-1.664012	-0.903865	-1.039642	-0.336539	-1.881318	-0.212393	-0.151175	-1.052339	-0.710980	-2.125897	-0.655415	-0.792268	-0.403258	-0.858347	-1.538255	-1.235989	-0.387367	-0.484341	-0.396186	-1.131046	-0.574633	-0.337773	-0.021523	-0.821784	-0.262287	-0.664597	-0.006208	-1.067894	-0.131550	-0.930318	-0.882638	-0.838260	-0.472155	-0.009604	-1.560565	-0.276835	0.159464	-0.290551	-0.651538	-1.195920	-0.243034	-0.584868	-0.657980	0.161233	0.651264	0.139475	-0.440531	-0.810969	-1.555684	-1.513502	-1.060733	-0.702876	-1.499597	-0.827668	-0.854743	-0.975572	0.355726	0.678630	-2.333218	-1.659824	-0.271083	-0.387981	0.310870	-0.261045	-0.810924	-0.817416	-0.762576	-2.201774	-1.257841	-0.574214	0.273857	-1.246382	-1.529587	-0.779595	-0.546086	0.624776	-0.531454	-1.009956	-1.029173	-0.606196	-0.061373	-0.982975	-1.256470	-1.952896	-1.766854	-1.098459	0.047644	-0.210984	-0.742302	-1.063836	-2.124159	-0.817930	-0.427288	-0.453451	-2.132488	-1.206313	0.229858	-1.075869	-0.632536	-0.711812	-2.087531	1.034275	-0.428562	0.474415
-1.832207	-1.553988	-1.728980	-0.758963	-2.896662	-1.850156	-1.368246	-0.341984	-0.888468	-0.175618	-2.048845	-0.751727	0.258090	-0.804222	-1.163081	-1.850087	-1.697302	-1.108210	-0.867597	-0.770086	-0.763445	-0.744330	-0.902801	-0.683331	-0.636077	-1.610934	-0.739785	-1.104314	0.330831	-0.753894	-0.143289	-0.142779	-0.506690	-1.082549	-0.208375	0.024601	-1.576631	-0.335058	-0.876703	-0.900843	-1.109107	-0.304623	0.901538	0.906010	0.286116	0.197087	0.438788	0.587402	-0.235416	0.356466	0.304085	0.121554	0.087622	-0.893806	-1.906880	-1.883036	-1.665823	-1.634026	-1.502094	-0.962181	-1.387820	-0.387320	0.952037	1.293145	-2.364824	-1.990275	-1.298865	-1.326227	-0.616209	-0.860802	-0.302075	0.269361	-0.839621	-2.123976	-0.810767	-0.660376	-0.516245	-0.581061	-1.011025	-0.480288	-1.551300	-0.409642	-0.738530	-0.543305	-0.469866	-0.780508	0.200234	-1.035278	-0.841936	-1.240088	-1.086004	-0.271896	0.812558	0.950492	0.193200	-0.902377	-2.325343	-1.699314	-0.595775	-0.721416	-1.652018	-1.547661	-0.222363	-1.330642	-1.135951	-1.267279	-2.021612	0.575195	-0.693877	0.912452
-1.300452	-1.256237	-1.765655	-0.529309	-1.670950	-1.470723	-0.539884	-0.054194	-0.813094	-0.140060	-1.255943	-0.586873	0.258494	-0.342728	-0.517138	-0.993444	-1.190504	-0.626657	-0.822657	-0.170214	-0.061997	0.267609	-0.858936	-0.635017	-0.828222	-0.961066	-0.160238	-0.941625	0.452455	-0.325478	0.290690	0.366342	-0.510848	-0.384226	0.245624	1.041169	-0.770957	0.590405	-0.811008	-1.220847	-0.432205	-0.526832	0.759160	1.203101	1.361939	1.584404	0.812458	1.147857	0.382069	0.504675	-0.069929	0.337212	-0.034606	-0.426456	-1.265130	-1.125641	-1.062775	-1.210921	-0.902843	-0.763900	-0.960985	0.321061	1.090543	1.180006	-0.791973	-0.853760	-1.137291	-1.791089	-0.946224	-1.248656	0.168696	1.060668	-0.489014	-1.078238	-0.132645	-1.014473	-0.724235	0.331944	-0.424603	-0.134912	-1.315410	-0.885868	-0.219288	0.153617	0.431875	-0.394431	0.370973	-0.071804	-0.025492	0.333435	0.220745	0.334598	1.120174	1.493159	0.776675	-0.301759	-1.069101	-1.719989	-0.867842	-1.097122	0.331215	-1.164803	-0.167699	-1.005771	-1.377587	-1.029031	-1.115770	-0.014167	-0.182912	0.287310
-0.436568	-0.583324	-1.268147	-0.303773	-0.413095	-0.500955	-0.305725	-0.149829	-0.631791	-0.133266	-0.442008	-0.072726	-0.208861	-0.316810	0.406381	-0.342065	0.181090	-0.164609	-0.960754	0.169226	-0.061184	0.688926	-0.595215	-0.569373	-0.804381	0.428405	0.935670	0.587097	0.014975	0.245944	0.450862	0.280982	-0.335673	0.111399	0.301176	0.854560	0.613268	0.828005	-0.311824	-0.774458	-0.099109	-0.416013	-0.210060	0.423707	1.101795	1.458970	0.250542	0.539568	0.933473	0.557548	-0.590634	0.580306	-0.603376	0.046465	-0.601843	-0.150845	-0.256486	-0.181554	-0.217897	-0.396899	-0.231213	0.432135	0.594930	0.317926	0.794017	0.525342	-0.371834	-1.523178	-0.582921	-1.185505	-0.251640	0.436536	0.111996	0.378138	0.040498	-1.412692	-0.460451	0.526814	-0.650113	-0.427447	-0.587876	-0.644408	0.311774	0.344294	0.819883	0.141279	0.191466	0.564040	0.179370	1.759282	1.225175	0.339910	0.614213	0.813821	0.068480	-0.301331	-0.003139	-0.810495	-1.318915	-1.423562	2.435838	-0.453671	0.467726	-0.582459	-1.248336	-0.441096	-0.455294	-0.295769	0.635378	-0.965010
-0.064000	-0.142719	-0.563232	-0.258597	-0.215954	0.371316	-0.866292	-0.540808	-0.009232	-0.180763	-0.301561	0.143158	-0.975512	-0.875877	0.538225	-0.250063	0.918067	-0.115340	-1.279088	0.142438	-0.433323	-0.008261	-0.521133	-0.628118	-0.535388	1.533022	1.551020	2.275913	-0.644651	0.543151	0.039345	-0.486045	-0.534881	-0.233674	-0.708589	-0.833932	1.139843	-0.020065	0.544560	0.097373	-0.186228	0.116934	-1.326991	-0.778444	-0.600220	-0.127061	-0.927083	-0.656829	1.154726	0.688315	-1.243609	0.345949	-0.749944	-0.068733	-0.593648	-0.017969	-0.127293	0.303492	0.200673	-0.077601	0.145079	-0.079455	-0.236669	-0.581870	1.057794	0.820449	-0.156626	-0.686560	0.009679	-0.633743	-1.496842	-1.315055	0.250615	1.464920	-0.356825	-1.120528	-0.355763	-0.113815	-1.646259	-1.455576	-0.194975	0.035073	0.254581	-0.113472	0.577550	0.359003	-0.122626	0.438812	-0.473817	2.353902	1.293249	0.105659	-0.354883	-0.566747	-1.590296	-1.240936	-0.548294	-0.006879	-1.620668	-1.558832	2.999381	0.038078	0.700720	-0.854388	-1.244204	-0.193678	-0.400198	-0.423564	0.887967	-1.767630
0.022502	-0.048380	0.166818	-0.216977	-0.891012	0.470092	-1.197963	-0.759210	0.836937	-0.328628	-0.608927	-0.156384	-1.614943	-1.414134	-0.161456	-0.568720	0.469140	-0.126834	-1.110415	0.197169	-0.603458	-1.133861	-0.519460	-0.641973	-0.219321	1.688825	0.987531	2.373206	-0.815160	0.347715	-0.552515	-1.411306	-0.998663	-0.946284	-2.098250	-2.694588	0.374084	-1.111410	1.328012	0.729466	-0.254651	0.698431	-1.699737	-1.454385	-2.113807	-1.529329	-1.799986	-1.472083	1.044254	0.923850	-1.557200	-0.449669	-0.023202	-0.643155	-0.859635	-0.612001	-0.472947	0.023581	0.469236	0.199563	0.275503	-0.482875	-0.968670	-0.908780	0.270058	0.143155	-0.706596	0.082266	0.421412	0.074094	-2.553290	-2.757017	-0.523188	1.601367	-0.751470	-0.131290	-0.629114	-0.929945	-2.517365	-2.505048	-0.221869	0.559785	-0.260464	-0.768806	0.237591	0.324907	-0.135814	0.324870	-1.183411	2.067552	0.830069	0.160402	-1.178928	-1.588882	-2.844951	-2.320139	-1.908455	-0.247009	-1.398216	-1.259230	1.710027	0.057330	-0.006666	-1.514929	-1.500461	-0.390370	-0.294158	-0.628570	0.240919	-1.495096
0.334699	0.019487	0.638352	-0.090963	-1.384675	-0.122975	-0.521634	-0.402429	1.149504	-0.451497	-0.716150	-0.613221	-1.665907	-1.246676	-0.779563	-0.886078	-0.375575	0.172149	-0.331093	0.270734	-0.497204	-1.550075	-0.235017	-0.374328	-0.148156	1.048688	-0.213642	0.615535	-0.212966	-0.094950	-0.776534	-1.772227	-1.089214	-1.086990	-2.462840	-2.980519	-0.785778	-1.333094	1.254133	0.582642	0.009707	0.847620	-1.072875	-1.216018	-1.941491	-1.417244	-1.738641	-1.472336	0.833906	1.016918	-1.178839	-1.155054	0.923606	-0.849375	-0.687865	-0.975872	-0.570239	-0.378724	0.720072	0.451148	0.465849	-0.262293	-1.336729	-0.752201	-0.346976	-0.393210	-1.090323	0.196625	0.584565	0.512821	-2.414190	-2.743418	-1.611293	0.759726	-0.757311	0.549509	-0.883347	-1.322698	-2.443329	-2.689045	-0.271408	0.432220	-0.613570	-1.075386	0.120758	0.366463	0.161352	0.773406	-1.125771	1.156229	0.620112	0.435753	-1.494485	-1.639425	-2.684904	-2.413153	-2.000531	-1.023932	-0.664842	-0.410743	-0.111493	-0.249382	-0.826601	-1.298934	-1.315027	-0.523396	0.328149	-0.689531	-0.658732	-0.509352
0.622159	0.184457	0.514241	-0.053671	-1.026612	-0.768613	0.532283	0.256797	0.520307	-0.323748	-0.410321	-0.693892	-1.022423	-0.413034	-0.642929	-0.730846	-0.658539	0.645765	0.242628	-0.187340	-0.372610	-0.900149	0.266102	0.143427	-0.377508	0.219879	-0.804754	-1.391543	0.596505	-0.285151	-0.481984	-1.181699	-0.573041	-0.448341	-1.324866	-1.378309	-1.223146	-0.568662	0.005596	-0.215128	0.362972	0.391891	-0.033951	-0.479574	-0.446615	-0.258825	-0.903288	-0.880144	0.676645	0.810228	-0.492042	-1.067706	1.098031	-0.165866	-0.189133	-0.744411	-0.312861	-0.497831	0.668848	0.371135	0.472089	0.182992	-1.267670	-0.567861	-0.236514	-0.246589	-0.583246	-0.250142	0.543554	0.593140	-1.082486	-1.393668	-1.809873	-0.453057	-0.507752	0.203803	-0.719735	-1.142762	-1.391796	-1.725147	-0.152976	-0.220243	-0.407408	-0.857837	0.156127	0.470063	0.364361	1.124115	-0.452318	-0.052364	0.721951	0.464121	-1.277189	-0.889964	-1.297275	-1.215842	-0.218316	-0.911520	0.177865	0.626125	-0.887305	-0.514799	-0.573207	0.213674	-0.131474	-0.199329	0.773380	-0.260000	-0.854278	0.313541
0.237744	0.240323	-0.244168	-0.290190	-0.038039	-0.925710	0.784990	0.596028	-0.497773	0.108507	-0.007125	-0.155584	-0.003403	0.453841	-0.006448	0.093201	-0.305157	0.948684	-0.021464	-1.048587	-0.333219	0.124853	0.547554	0.626364	-0.574401	-0.270992	-0.334121	-1.969431	0.722167	-0.046031	0.220232	0.180063	0.093810	0.361606	0.359345	0.750302	-0.758012	0.309992	-1.551148	-0.854842	0.382489	-0.321302	0.798332	0.241253	0.778505	0.506434	0.047275	-0.084366	0.445954	0.475870	-0.134298	-0.270292	0.426470	0.837873	-0.132237	-0.515170	-0.268558	-0.598126	0.001363	-0.307593	-0.059885	0.169982	-0.754323	-0.487290	0.039826	0.046333	0.363959	-0.597917	0.257375	0.500891	0.448349	0.305086	-0.649341	-1.179047	-0.168688	-0.594391	-0.152813	-0.387233	0.048184	-0.044147	-0.054592	-0.741304	0.108143	-0.361392	0.328471	0.302445	0.306718	0.410869	0.022862	-1.089406	0.590937	0.186186	-0.661895	0.095724	0.367579	0.523788	1.729354	0.462432	0.719755	1.179513	-0.326275	-0.433493	0.735843	1.735741	1.391868	0.354531	0.024143	0.394246	-0.171208	0.463030
-0.712438	0.066908	-1.176778	-0.676063	0.987025	-0.474359	0.118677	0.496956	-0.925395	0.636105	0.252377	0.729947	0.970325	0.942233	0.505771	1.177647	0.124460	0.986083	-0.616876	-1.289000	-0.222218	0.651815	0.468440	0.859828	-0.347395	-0.247120	0.351457	-1.050638	-0.064897	0.226065	1.116490	1.645257	0.472488	0.816121	1.367388	1.924910	-0.075028	0.582812	-2.036845	-0.704179	0.070764	-0.726800	1.352082	0.905810	0.871489	0.362717	0.609914	0.676326	-0.086408	0.228799	-0.081710	0.492375	-0.252102	1.083027	-0.673203	-0.704614	-0.668763	-0.871166	-0.935660	-1.122502	-0.736834	-0.226681	0.106871	-0.249355	-0.087118	-0.134532	0.852721	-0.387527	-0.259977	0.255371	1.250257	1.495203	1.036014	-0.929011	0.355290	-0.777702	0.573933	0.887004	1.284736	1.624745	-0.157247	-0.720832	0.384753	0.120747	0.645934	-0.202629	0.233402	-1.082647	-0.004805	-1.448805	0.083493	0.028523	0.156575	0.841607	1.500528	1.800200	1.996870	1.709962	0.844754	0.938396	0.542732	0.042886	1.793277	1.758483	1.932993	0.596012	-1.644879	0.472292	0.629862	0.171797
-1.410581	-0.226295	-1.579896	-0.789434	1.588810	0.302455	-0.555444	0.332001	-0.440077	0.991889	0.499197	1.303277	1.596701	1.139224	0.707118	1.747663	0.311207	0.878621	-0.585556	-0.378463	0.206718	0.487813	0.353525	0.888555	0.245682	0.050579	0.342910	0.184654	-0.985137	0.068343	1.605315	2.340299	0.642376	0.882805	1.382262	1.868268	0.206197	0.377801	-1.116030	-0.119085	-0.211823	-0.671602	1.611900	1.500377	0.379304	0.085927	0.721645	1.199513	-0.900429	0.008116	0.179092	0.650262	-0.394392	0.303782	-0.983644	-0.803760	-0.957124	-0.888991	-1.308823	-1.153071	-0.793603	-0.325835	0.904928	0.233726	-0.274823	-0.593057	0.713491	0.214229	-0.804745	-0.329278	1.280973	1.867928	2.005966	0.090516	1.007341	-0.170677	1.169663	2.129031	2.003074	2.589779	-0.368113	-0.416588	0.249557	0.514489	0.709852	-0.636735	0.230594	-1.924909	0.050621	-1.043648	-0.407811	0.120291	0.852473	1.111212	1.789187	2.153388	0.720680	1.362395	0.654905	0.354612	0.722161	0.678973	1.454800	0.394296	1.061666	0.301942	-2.641255	-0.357727	0.775880	0.003199
-1.523310	-0.531474	-1.083336	-0.369523	1.456824	0.893929	-0.789024	0.193941	0.259806	1.048019	0.788117	1.008085	1.629228	1.089255	0.773145	1.418701	0.369986	0.667923	0.076848	0.765287	1.005413	0.059264	0.359843	0.804474	0.679073	0.116662	-0.068993	0.816363	-1.081404	-0.379579	0.912076	1.727286	0.771680	0.617695	0.843341	1.229178	0.041410	0.151693	0.057397	-0.000940	-0.356424	-0.548686	1.158949	1.517777	0.146961	0.309045	0.482353	1.215474	-1.642919	-0.359147	0.625424	0.210872	-0.307038	-0.567359	-0.479389	-0.210311	-0.623875	-0.257721	-0.821486	-0.225857	-0.309176	0.057527	0.968577	0.552428	0.105272	-0.667060	0.401320	0.745342	-1.102183	-1.148966	1.010017	1.445523	1.787644	1.187806	1.295535	0.496297	1.243997	2.323162	2.031757	2.406764	-0.494401	-0.256654	-0.041907	0.760009	-0.035305	-0.653601	-0.037029	-1.318403	0.673050	-0.395486	-0.797552	-0.024545	0.968323	0.835665	1.270979	1.726345	-0.583491	-0.299534	0.227555	0.184090	0.235214	1.064227	0.021395	-0.878136	-0.273676	-0.244853	-1.924176	-1.380371	0.208113	0.209647
-1.564113	-0.730942	-0.025508	0.253678	0.548631	0.976997	-1.121512	-0.170145	0.203748	0.805220	0.706293	-0.047385	0.948159	0.512125	0.632326	0.581208	0.310346	0.272331	0.278696	0.819494	1.720742	-0.239084	0.088408	0.498282	0.544827	-0.356063	0.085928	0.757805	-0.375399	-0.465375	-0.806841	0.168864	0.613797	-0.057813	0.127272	0.546941	-0.351753	-0.073696	0.238731	-0.559409	-0.691117	-0.631753	-0.178017	0.570153	0.233712	0.528341	-0.091915	0.659212	-1.923459	-0.801939	0.559134	-0.567735	-0.300211	-0.437799	0.211924	0.744264	-0.025259	0.568403	-0.179407	0.690367	-0.246739	0.308726	-0.010546	0.243619	0.810640	-0.157511	0.082346	0.921248	-0.987700	-1.632561	0.615333	0.457589	0.818070	1.692306	0.820469	0.672985	0.542648	1.022688	1.347727	1.218857	-0.480951	-0.248076	-0.360985	0.624909	-1.418538	-0.453312	-0.756993	-0.078724	1.299074	-0.068787	-1.442330	-0.726586	0.240619	0.106478	0.257262	0.893704	-1.006325	-1.642605	-0.373069	0.598433	-0.267728	0.851545	-1.064577	-1.026524	-0.882587	-0.582593	-0.344381	-1.576386	-0.628699	0.563361
-1.825129	-0.499052	0.823371	0.438244	-0.543350	0.808372	-1.837253	-0.568017	-0.802314	0.379047	-0.086133	-1.038514	-0.117082	-0.597769	-0.027463	-0.070781	-0.106288	-0.302119	-0.700626	-0.245375	1.596492	-0.362510	-0.774815	-0.083174	0.041477	-1.054896	0.936219	0.178016	0.139156	0.171022	-2.117366	-1.183413	-0.119407	-0.999648	-0.680149	-0.112304	-0.850381	-0.575265	-0.414379	-1.006180	-1.345106	-0.543741	-1.556356	-0.686587	0.165405	-0.021663	-0.827840	-0.027760	-1.635647	-1.012589	-0.291224	-1.447725	-0.026021	0.720440	0.140470	1.201576	0.104485	0.749470	-0.169848	0.721369	-0.988741	0.011748	-1.367617	-0.519815	0.903217	0.445272	-0.443189	0.758856	-0.538858	-1.333109	0.025325	-0.540204	-0.214660	1.367742	-0.080123	0.472438	-0.529972	-0.803618	0.329257	-0.109012	-0.366613	-0.152030	-0.837204	0.058578	-2.331831	-0.453062	-1.487660	0.542595	0.901326	0.005608	-2.182927	-1.406559	-0.946437	-0.707578	-0.658034	0.062346	-0.799322	-1.573353	-0.862889	0.957041	-0.404788	0.083536	-0.784629	-0.362836	-0.523996	-0.434080	0.416924	-0.782635	-1.284394	0.701663
-1.638463	0.417423	0.978422	0.058171	-0.818839	0.969117	-2.057107	-0.255708	-1.870742	0.109342	-0.986664	-1.114847	-0.805461	-1.446917	-1.004449	-0.217099	-0.738192	-0.825201	-1.951581	-1.056796	0.497600	-0.342624	-1.606723	-0.461170	-0.258040	-1.234904	1.511637	-0.773740	-0.171177	1.096696	-1.837276	-1.373332	-1.033242	-1.625438	-1.370910	-0.708541	-1.270833	-1.209260	-0.685978	-0.633553	-1.652277	0.241737	-1.747317	-1.017777	-0.149954	-0.972872	-1.191778	-0.217232	-0.969439	-0.802140	-1.138394	-2.049333	0.733150	1.793257	-0.475270	0.968258	-0.266853	0.243643	-0.501521	0.297517	-1.526865	-0.314389	-1.878285	-0.956532	0.147396	0.669610	-0.972938	0.507821	-0.151143	-0.511446	-0.487822	-0.879604	-0.808087	0.509357	-0.567762	0.189598	-0.985438	-1.499554	-0.321391	-0.618252	-0.137429	0.020261	-1.320865	-0.456013	-1.732474	-0.600581	-1.621032	0.405500	-0.552384	0.307548	-2.069620	-1.126577	-1.662990	-1.053786	-0.904691	-0.402284	-0.342911	-0.478059	-0.789856	0.655326	-0.254957	-0.660137	0.359028	0.319168	0.197434	0.157254	-0.039461	0.200212	-1.405331	0.481908
-0.233791	1.614005	0.631677	-0.228296	0.098139	1.590374	-0.838988	0.952956	-1.801459	0.447625	-0.791635	-0.242299	-0.579709	-1.076809	-1.287943	-0.016866	-0.803349	-0.940338	-1.709457	-0.404323	-0.563090	-0.017221	-1.211777	0.083534	-0.084196	-0.490383	1.099449	-1.541508	-0.664934	1.562045	-0.583979	-0.546312	-1.192409	-1.322815	-1.465839	-0.895239	-1.209790	-1.304378	0.027031	0.252433	-0.680881	1.463459	-0.587019	-0.139157	-0.192039	-1.042004	-0.809954	0.092194	-0.217785	-0.329976	-1.024358	-1.856748	1.168573	1.625840	-0.445215	0.719351	-0.400610	-0.081268	-0.131679	0.499925	-0.728649	0.037201	-1.086057	-0.607033	-0.408574	0.714023	-0.825205	0.476927	-0.268624	0.146601	-0.444402	-0.429332	-0.660627	-0.308898	-0.204317	-0.066523	-0.242467	-0.447858	-0.191465	-0.225426	0.242061	0.058443	-1.250770	-0.353340	0.213219	-0.360178	-1.161295	0.275149	-1.768776	0.866609	-0.627786	0.174576	-1.357146	-0.742521	-0.444299	-0.400450	0.447281	0.573103	-0.002387	0.032232	0.028272	-0.622353	0.982988	0.798642	0.734389	0.880529	-0.447781	0.613316	-0.742377	0.031245
1.946639	2.126151	0.285186	0.174891	1.365271	2.092905	1.188520	2.007846	-0.327667	1.395226	0.692923	0.718291	0.293068	0.434236	-0.088606	0.204363	0.203704	-0.436141	0.440151	1.426571	-0.413188	0.716329	0.645732	1.413272	0.230977	0.689140	0.156534	-1.283242	-0.303793	1.351195	-0.024333	0.266446	-0.171087	-0.065442	-0.707455	-0.379819	-0.438325	-0.458014	0.933937	0.801973	1.407088	2.055886	0.718131	0.820175	0.439416	0.250555	-0.155390	0.057996	0.337850	0.052515	0.025256	-0.746022	0.283414	0.181618	0.668707	0.975621	0.180484	0.337833	1.143387	1.359417	0.971348	0.782299	0.031348	-0.083712	0.269196	1.072233	0.142847	0.645732	-0.763286	0.314995	0.026653	0.129378	0.150428	-0.692038	0.590287	-0.190915	1.045943	1.215887	0.392391	0.170640	0.680988	-0.021343	-0.407744	0.233900	2.154831	0.547841	-0.630707	0.479205	-1.519197	1.098603	1.148829	1.433071	-0.634645	-0.381825	0.168385	-0.209521	1.529129	1.005222	1.083320	0.033323	0.350903	0.355053	0.442285	1.274062	1.033688	1.391792	0.347078	0.522479	0.492200	-0.386779
3.312532	1.356919	0.114368	0.892168	1.740078	1.854348	2.196753	1.685043	1.362680	2.100296	1.898286	0.880367	1.009556	1.807826	1.822786	0.138364	1.563866	0.462409	2.654382	2.947432	0.755504	1.447517	2.424115	2.173714	0.194163	1.289549	-0.489829	0.031886	0.823597	0.879934	-0.748446	0.249309	1.297671	1.394836	0.467972	0.512139	0.629867	0.804025	0.896719	0.716667	2.902437	1.235598	0.948744	0.691690	1.322055	1.678750	-0.184027	-1.015630	0.452742	0.119412	1.132794	0.640902	-1.472460	-1.402025	1.738018	1.320474	1.016981	0.939013	2.029489	1.563761	1.921206	0.855704	0.133863	-0.454039	1.594359	1.551163	0.987415	0.474622	-0.822988	0.268101	0.113516	-0.016785	0.855637	-0.725638	1.041898	-0.007834	1.507564	1.794954	0.698300	-0.256187	0.930981	0.021795	0.562020	0.560735	2.790507	1.650520	-0.232723	0.503640	-0.059477	0.682384	1.799480	1.632980	-0.665277	-0.820498	0.367981	-0.136254	2.251178	0.990103	1.846434	0.908809	0.484735	1.381461	-0.508071	1.587318	1.184073	1.581098	1.861395	0.452484	1.385056	-0.533539
2.663054	-0.257222	-0.118938	0.950249	0.929036	0.881108	1.333238	0.133572	1.658181	1.463177	1.094009	0.219050	1.036319	1.839650	2.450854	-0.410589	1.938817	1.084696	2.706429	2.912774	1.475481	1.397500	2.169295	1.184135	-0.231306	0.768041	-0.759308	1.151259	1.510347	0.459628	-1.640339	-0.444258	1.984845	2.009013	1.208931	0.963897	1.183085	1.434435	-0.155329	0.404072	2.097092	-0.581893	0.228737	-0.320041	1.538004	1.637276	-1.087533	-2.566184	0.064889	-0.093521	1.595353	1.374290	-2.339200	-1.903019	1.388976	0.912802	1.259662	0.758206	1.220770	0.162063	1.302614	-0.147123	-0.830730	-1.762378	1.733063	1.205843	0.723306	-0.475155	0.120655	0.375171	-0.617504	-0.852732	0.420360	-0.776342	0.845543	0.414676	0.515545	0.772196	0.335537	-1.283660	0.746100	0.198908	0.790130	0.210694	2.053269	2.137396	0.392872	-0.081007	1.184777	0.152794	1.176715	0.927165	-1.665939	-1.963610	0.138599	-0.120481	1.918918	0.875920	1.948888	1.687336	0.186248	1.195052	-0.703803	1.189014	1.010752	1.496659	2.590720	0.529189	0.987197	-0.361843
0.505165	-1.624372	-0.547615	0.053188	-0.140548	-0.333414	-0.153463	-1.217262	0.313437	-0.561115	-1.373610	-0.570991	0.521871	0.670541	0.757538	-1.236083	0.953480	0.843809	0.542619	1.405522	0.842373	0.304628	-0.161857	-0.943254	-0.619193	-0.388698	-1.043278	0.885664	1.005852	-0.133476	-1.400019	-1.023803	1.421691	1.317282	1.035008	0.512373	0.764868	0.905614	-1.215965	0.124732	-0.586485	-2.087794	-0.240865	-1.013461	0.738657	0.135484	-1.861269	-3.150129	-0.477177	-0.364204	1.378027	1.139460	-1.286957	-1.050864	-0.215683	-0.348728	0.668692	-0.312790	-0.716295	-1.945675	0.121847	-1.317652	-1.532337	-2.675795	-0.137778	-0.350264	-0.326987	-1.646113	1.507064	0.676476	-1.498729	-1.509219	-1.186652	-0.932774	0.367020	0.664371	-1.069593	-0.833817	-0.411801	-1.951285	0.107235	0.156381	0.201328	-0.410479	0.994710	1.672861	1.383008	-0.882151	1.251467	0.238569	0.553141	0.314213	-2.443837	-2.590511	-0.113479	0.066902	0.664929	0.725963	1.365944	1.298953	-0.287977	-0.382965	0.103158	-0.013204	0.297762	1.039858	1.805137	0.398356	-0.510403	-0.054962
-1.356943	-1.935274	-0.864993	-0.967250	-0.362490	-1.320967	-0.436669	-1.301831	-1.092706	-2.511725	-3.186069	-1.020118	-0.017656	-0.438083	-1.846651	-1.611512	-0.409026	-0.069990	-1.685998	-0.383834	-0.309941	-0.947899	-2.300333	-2.265975	-0.641330	-1.138990	-1.219049	-0.269887	-0.017592	-1.108608	-0.057954	-0.966386	0.304392	-0.045269	0.223064	-0.424572	-0.359439	-0.312252	-1.421705	-0.422528	-2.596058	-2.222819	0.340626	-0.731184	-0.395359	-1.173033	-1.499820	-2.105862	-0.527116	-0.414981	0.773528	0.487405	0.754397	0.490231	-1.438622	-1.471508	-0.129422	-1.361265	-1.690599	-2.791699	-0.167609	-1.548070	-0.963917	-2.053378	-2.435204	-1.989515	-0.868429	-1.753006	2.164053	1.007247	-1.537151	-1.302085	-2.435900	-0.760151	0.081069	0.418736	-1.823565	-1.726419	-0.928799	-1.703794	-0.694003	-0.344759	-0.453240	-0.663746	0.503531	0.671921	2.090322	-1.150154	0.586831	0.877511	0.938930	0.391748	-1.831785	-1.773188	-0.151900	0.304031	-0.528783	0.472330	0.258353	-0.021755	-0.164709	-1.906816	1.078212	-1.120272	-0.634552	0.119937	0.299762	-0.044527	-1.661796	0.188844
-1.595155	-1.248662	-0.685855	-1.158773	0.428217	-1.816752	0.652987	-0.484677	-0.896762	-2.724005	-2.592493	-1.323185	-0.263472	-0.541994	-2.895129	-0.919485	-1.137267	-0.750642	-2.111262	-1.284401	-0.530077	-1.022358	-2.038499	-1.716230	-0.374604	-0.868904	-0.760450	-0.644154	-0.380155	-2.022854	1.235951	-0.469223	-0.343111	-0.905268	-0.569314	-1.042997	-1.512350	-1.278101	-0.876233	-1.369388	-1.884778	-0.999767	1.470204	-0.023143	-0.953170	-1.067788	-0.348316	-0.450300	0.219476	-0.101810	0.064339	0.119605	2.032984	1.775216	-1.050039	-1.369861	-0.334084	-1.491063	-0.537746	-1.555351	0.511072	-0.900461	0.211073	-0.528013	-2.734884	-2.140047	-0.312194	-0.330292	1.672447	1.169411	-0.725032	-0.580660	-1.676056	0.172083	0.004507	-0.163934	-1.299766	-1.610075	-0.867327	-0.919815	-1.244846	-1.002613	-0.540588	-0.464442	0.368930	-0.158129	1.758401	-0.694693	0.247866	1.308785	1.872155	0.782992	-0.249160	-0.178731	-0.186619	0.143672	-0.743997	0.246785	-0.895973	-0.930029	0.847781	-1.747499	1.233654	-0.975920	-0.966894	-0.812809	-0.535719	-0.365462	-1.318548	0.369986
-0.576703	-0.345679	-0.082023	-0.535100	1.357176	-1.746150	1.562384	0.140402	0.667596	-1.116209	-0.294771	-1.725340	-0.318655	0.032496	-1.680836	0.449949	-1.277392	-0.564450	-0.965134	-1.034486	0.359788	0.343156	0.295532	-0.229840	-0.004332	0.094284	0.197770	0.388549	0.102545	-2.171874	1.501937	-0.095511	-0.203125	-0.719977	-0.881998	-1.005605	-2.081719	-1.405373	-0.254245	-2.008453	0.724223	0.609764	1.969330	0.230223	-0.814017	-0.217832	0.238481	0.222446	1.201796	0.360150	-0.445092	0.104694	1.809849	2.013507	0.344474	-0.146622	0.179752	-0.739161	1.470828	0.481365	0.977719	-0.384021	0.471191	0.150768	-0.689326	-0.743252	0.525676	1.400803	0.772832	0.880372	-0.083697	-0.295189	0.774951	1.506462	-0.167228	-0.597151	-0.348524	-1.110581	-0.419273	-0.324103	-1.343603	-1.226557	-0.206189	-0.248541	-0.183660	-0.399127	0.524665	-0.026933	0.537405	1.038283	2.108562	0.772137	0.717480	0.592377	-0.509991	-0.556965	-0.047280	0.246677	-1.355848	-0.570966	1.749867	-0.048440	0.319089	0.461284	-0.321518	-0.975817	-0.093828	-0.244723	-0.097153	0.556126
0.302961	-0.008585	0.489822	0.150850	1.387722	-1.323884	1.082281	0.082265	1.801571	0.702854	1.494706	-1.902583	-0.409858	0.297320	0.092801	1.233697	-1.301496	0.148605	0.248750	-0.251634	1.122328	1.824449	2.265943	0.593035	0.440773	0.862650	0.708455	1.475171	0.482822	-1.514785	0.752268	-0.162082	0.232406	-0.018728	-0.642574	-0.571228	-1.783435	-0.779645	0.007711	-1.483130	2.396517	1.473539	1.290390	-0.096701	-0.529867	-0.063337	-0.419520	-0.458994	1.451151	0.497622	-0.478975	0.002147	0.722526	0.919365	1.062172	0.916199	0.749545	0.132035	2.119145	1.428243	0.488907	-0.531123	-0.577877	-0.667710	1.424274	0.607456	0.640643	1.776523	0.390486	0.020961	-0.316696	-0.782066	2.664971	2.132070	-0.447119	-0.470569	0.085023	-0.745158	-0.023981	-0.181795	-1.109218	-0.755492	0.018045	-0.291286	-1.233010	-0.085344	-0.720237	0.332699	0.851130	0.351102	1.160277	0.164680	0.230571	-0.092990	-0.981537	-1.301792	0.568911	0.348681	-0.803760	0.439187	1.235156	1.364869	-1.040753	1.820529	0.573987	-0.331937	0.941833	0.089824	0.349718	0.642073
0.300047	-0.250230	0.725702	0.405548	0.300018	-0.956070	-0.231489	-0.227597	1.415114	1.227986	1.434995	-1.370204	-0.441151	-0.076104	0.645941	0.666328	-1.022342	0.645416	0.637040	0.246141	0.742485	1.910247	2.097295	0.345003	0.850269	0.851377	0.213618	1.012722	-0.026648	-0.698525	-0.198112	-0.517596	0.392629	0.389327	-0.051461	-0.033805	-0.800973	0.067099	-0.082693	-0.036386	1.474799	1.173990	0.038192	-0.382792	-0.368028	-0.741223	-1.465946	-1.327792	0.762192	0.181426	-0.096276	-0.358504	-0.186385	-0.776166	0.345841	0.778880	0.660182	0.532530	0.922096	0.932833	-0.365074	-0.739733	-1.628508	-1.681497	1.430133	0.673666	0.178671	0.592973	0.688214	-0.855887	-0.875780	-1.293762	2.302961	1.260561	-0.368214	0.282279	0.031388	-0.396715	0.128233	-0.204234	-0.745838	0.084168	-0.044973	-0.356099	-1.900599	0.457118	-1.358237	0.387322	0.686687	-0.137644	-0.146833	-0.617948	-0.855779	-1.199272	-1.046967	-1.431072	0.290379	0.222836	0.089765	0.804142	-0.374971	1.184651	-1.821121	1.747840	0.652625	0.109158	1.246898	0.449668	-0.450341	0.513666
-0.056088	-0.289322	0.676542	0.303327	-1.123018	-0.784498	-0.970229	-0.192335	0.339282	0.548734	0.103016	-0.284864	-0.075308	-0.456405	0.194402	-0.541783	0.032392	0.753893	0.407594	0.084452	-0.420282	0.585319	0.372312	-0.200462	0.848815	0.310580	-0.700646	-0.764749	-1.042719	-0.097501	-0.483686	-0.766664	0.170779	0.341212	0.496461	0.562242	0.211328	0.533939	-0.342456	1.092540	-0.812581	0.348307	-0.733933	-0.109854	-0.046499	-1.025509	-1.595669	-1.156088	0.105947	-0.003202	0.217917	-0.600711	-0.322469	-1.572312	-0.876614	-0.230210	-0.131007	0.467558	-0.459916	0.339931	-0.594756	-0.182271	-1.308032	-1.328229	-0.241600	-0.034051	0.035871	-0.829976	1.186724	-0.789711	-0.761301	-0.931165	0.457590	-0.609197	0.382763	1.233846	0.084083	0.157379	0.140053	-0.081836	-0.343396	0.656111	-0.191710	-0.155039	-1.470203	0.772546	-1.431092	0.410876	0.178852	-0.175755	-0.580413	-1.059146	-1.168186	-1.370004	-0.374906	-0.837285	-0.546426	-0.123871	0.247354	0.027659	-1.121722	0.068324	-1.313335	0.453739	-0.152637	-0.425957	0.109386	1.133849	-1.106023	0.394565
-0.026328	0.484695	0.478214	0.014837	-1.873604	-0.503779	-0.647624	0.272571	-0.040174	-0.207698	-1.022307	0.667997	0.581590	-0.312304	0.042886	-0.993570	1.368486	0.817931	-0.026629	-0.486457	-1.273977	-0.838770	-1.158669	-0.494778	0.240096	0.002176	-1.131687	-2.080218	-1.486428	0.619234	0.107936	-0.583264	-0.257050	0.220282	0.490645	1.060497	0.552405	0.308198	-0.484074	1.204267	-2.044947	0.109816	-0.630692	0.534334	0.437636	-0.308247	-0.640798	-0.038811	0.469882	0.542855	-0.045995	-0.427812	0.279313	-0.714901	-1.317223	-0.971441	-1.088064	0.167617	-0.519597	0.719532	-0.112243	1.021451	0.098184	0.229624	-1.487978	-0.318508	0.445027	-1.361152	1.408756	0.426029	0.020662	0.160308	-0.769729	-2.021165	1.285811	1.588477	0.306563	0.618982	-0.019026	0.096551	0.017391	0.508048	-0.337643	0.063986	-0.378933	0.461707	-1.066374	0.451930	-0.426061	-0.032459	0.187656	-0.940854	-0.452460	-0.492035	0.584589	-0.086711	-0.871678	-0.303696	-0.588784	-1.158199	0.086143	-0.493484	0.236528	-0.607136	-0.894734	-1.373150	-1.739624	2.147375	-0.304876	0.609033
0.243683	1.628601	0.248990	-0.345117	-1.629974	0.149275	-0.007728	0.801222	0.346557	-0.453140	-1.072057	1.139540	0.712784	-0.044771	0.404207	-0.199271	1.627846	0.907459	-0.597445	-0.911195	-1.285948	-1.339318	-1.720453	-0.787712	-0.510179	0.326683	-0.945648	-1.718104	-0.834744	1.667652	0.997043	0.111524	-0.795728	0.223585	-0.358294	0.959721	0.171241	-0.373850	-0.063001	0.984809	-1.387254	0.918250	-0.274105	0.860918	0.317945	0.351396	0.435751	0.971554	1.439039	1.363845	-0.891746	-0.154936	1.106566	0.779253	-0.823276	-0.866821	-1.675188	-0.243929	0.261720	1.451056	0.309029	1.886571	1.111987	1.449632	-1.324838	-0.007336	0.680452	-1.106956	1.186665	1.762553	0.455657	0.924216	-0.472445	-1.893126	1.341093	0.896297	0.150175	0.461175	-0.590119	0.036999	0.200919	-0.213319	-0.530215	-0.196951	0.271734	-0.484727	-0.177287	0.403344	-1.124075	-0.066218	1.272917	-0.338263	0.433616	0.481055	0.906971	0.174518	-0.243563	-0.177799	-1.533830	-1.702717	1.782003	-0.103043	1.602429	-0.502314	-0.940590	-1.605116	-2.634621	2.515784	1.314794	0.911384
0.168141	2.124322	0.271592	-0.426919	-0.806637	0.951451	0.204891	1.009731	0.471740	-0.551600	-0.265540	1.343848	-0.269912	-0.314146	0.309071	1.050006	0.308266	0.713517	-1.195632	-0.883647	-0.788133	-0.984264	-1.831598	-1.315715	-0.655903	0.848364	-0.568272	-0.175939	0.394439	2.408779	1.446164	1.105915	-1.369372	0.159534	-1.681962	-0.031374	-0.203152	-0.857737	1.122027	1.378256	-0.082878	2.038261	-0.502557	0.411823	-1.020480	-0.287538	0.964540	1.310102	1.533871	1.247774	-1.699228	-0.247596	1.537768	1.380955	-0.117891	-0.253393	-1.587425	-0.536365	0.420888	1.310256	0.136203	1.697797	1.011026	1.466882	-0.623125	0.235989	0.238271	-0.671961	0.630524	2.095184	0.056763	0.756611	0.455946	-0.445368	0.283485	-0.238436	-0.540336	-0.241916	-1.421046	-0.221096	0.253648	-0.763970	-0.505603	-0.789882	0.057316	-1.511220	1.054828	0.390543	-1.669609	-0.224278	1.611676	0.498606	0.881793	0.925262	0.220363	-0.102918	0.678010	-0.104505	-1.530838	-1.258423	1.705549	0.435853	1.566454	0.289050	-0.636214	-0.889672	-1.595312	1.392977	2.037344	0.577737
-0.131476	1.717304	0.808841	0.116956	0.124382	1.507788	0.126340	0.779773	-0.070592	-0.839020	0.671040	1.379739	-1.649024	-0.876919	-0.531813	1.756675	-1.285269	0.224138	-1.381237	-0.617123	-0.303252	-0.273999	-1.912058	-1.668946	-0.071309	0.806619	-0.155791	1.192284	1.354999	2.036627	1.391380	2.005521	-1.722667	-0.100173	-2.527942	-1.295426	0.106720	-0.678700	2.434316	2.072911	0.464363	2.297923	-1.260292	-0.487040	-2.814919	-1.728476	1.264495	1.395496	0.132622	-0.090640	-1.713236	-0.537625	1.362866	1.051872	0.429527	0.411583	-0.712939	-0.288055	-0.321095	0.385197	-0.333157	0.727537	0.537891	0.967598	-0.285556	0.312885	-0.376606	-0.195913	0.033988	1.513925	-0.317907	0.269302	0.962041	1.119284	-0.871448	-0.655962	-0.987209	-0.667731	-1.682999	-0.200498	0.470793	-0.487883	0.135614	-0.859361	-0.306797	-1.891232	1.980085	0.612150	-1.402132	-0.086840	1.102699	1.188349	1.152955	1.095963	-0.729527	-0.333659	1.142495	-0.289055	-0.379811	-0.263766	-0.234558	0.519151	0.204116	0.782954	-0.455759	0.092547	0.546183	-0.391618	1.375175	-0.512784
0.102542	1.225452	1.546751	0.943539	0.981841	1.758267	0.270390	0.296305	-0.486755	-0.983685	1.241529	0.974932	-1.956575	-0.799201	-1.055566	1.621591	-1.405958	-0.118617	-0.813042	-0.467054	-0.016839	0.452162	-1.552499	-1.323843	0.542249	0.047867	0.321332	1.511388	1.742150	0.803160	1.455864	2.478642	-1.610566	-0.359371	-2.146187	-1.634596	0.882247	-0.039495	2.674731	1.869595	0.231535	1.365265	-1.575639	-0.967050	-3.294564	-2.147555	1.718750	1.640342	-1.525431	-1.293361	-0.775473	-0.378362	0.896090	0.978425	0.992271	1.025509	0.616831	0.530764	-0.850601	-0.102405	-0.518351	-0.221440	0.546054	0.882826	-0.022026	0.758962	-0.447098	0.406972	-0.348419	0.980333	0.308982	0.383092	1.019617	1.672062	-0.908171	-0.104361	-0.288160	-0.122701	-0.756039	0.403492	0.953159	0.380569	1.119383	-0.013647	0.064045	-1.404961	2.152797	0.803084	-0.119537	0.496001	0.465151	1.353278	1.522949	1.280962	-0.823669	0.019879	1.206899	-0.301495	1.203830	0.644160	-1.908091	0.387227	-1.054813	0.650250	-0.228340	0.840013	1.893937	-1.055047	0.533481	-1.387475
1.034378	1.298848	1.674905	1.189979	1.560702	1.816283	0.638460	-0.118145	-0.070535	-0.598286	1.401758	0.184074	-0.773415	0.157078	-0.415142	0.887690	0.106619	-0.154066	0.287290	-0.342222	0.112246	0.817578	-0.404834	-0.432005	0.441111	-0.771991	0.428552	0.764376	1.770268	-0.127981	1.997994	2.402271	-1.101583	-0.337779	-0.725419	-0.547316	1.322672	0.500187	1.369066	0.504088	0.053712	0.068933	-0.823377	-0.549405	-1.595607	-0.683639	1.902668	1.659114	-1.756836	-0.993888	0.464699	0.425187	0.433835	1.433067	1.463351	1.459211	1.511763	1.174661	-0.415558	0.264565	-0.297225	-0.683062	0.787063	1.074470	0.642578	1.439183	-0.142269	0.836185	-0.547533	0.892110	1.497121	1.038373	0.972183	0.912551	0.055094	0.308721	1.385099	1.072909	0.740838	1.188743	1.319095	0.924119	1.507220	0.935906	1.086445	-0.494612	1.841470	0.429404	1.301096	0.984316	0.179800	0.933065	1.577233	1.177500	0.142389	0.778264	1.272035	0.302472	2.243350	1.017155	-1.816404	0.386960	-0.936674	0.228409	0.308966	1.375953	1.465010	-0.216786	0.616957	-1.110481
1.807582	1.421236	0.875704	0.604222	1.509958	1.540562	0.758618	-0.313348	0.650695	0.001632	1.302275	-0.288802	0.658820	1.048591	0.697833	-0.120849	1.678095	-0.391096	1.302012	0.182238	0.059447	0.462548	0.915263	0.276592	-0.370546	-0.998906	-0.370304	-0.500147	1.526907	-0.157767	2.374166	1.767341	-0.441606	0.059554	0.796152	1.045520	1.137023	0.772158	-0.430318	-0.732331	0.300174	-0.581447	0.316026	0.233649	1.026680	1.379047	1.264758	0.953642	-0.532409	0.256364	1.210686	1.289992	-0.138902	1.212715	1.358166	1.357500	1.302425	0.896560	0.411750	0.499736	0.026924	-0.742920	0.605682	0.890155	1.201429	1.318970	-0.213396	0.681865	-0.741988	0.639014	1.862239	1.335182	0.669511	-0.593238	0.609385	-0.439528	2.688424	1.798584	1.443754	1.428457	1.202180	0.711823	0.946037	0.990757	1.809672	0.289929	1.529208	-0.381365	1.750852	0.694035	0.063658	0.342270	0.915778	0.558384	1.200947	1.193733	1.270473	1.152933	2.197020	0.634362	-0.820700	0.339363	0.264395	-0.090693	0.787809	1.684439	0.198345	0.582668	1.249786	-0.071572
1.633732	0.644033	-0.112802	-0.041165	0.821181	0.720991	0.465249	-0.463760	0.547823	0.105951	1.012429	0.004980	0.959968	0.928632	0.922799	-1.059998	1.757019	-1.246502	1.704210	1.047234	-0.278085	-0.327082	1.384521	0.270343	-1.181639	-0.768895	-1.538629	-1.429732	0.803876	0.023775	1.525445	0.633677	0.259833	0.671420	1.615355	1.645980	0.896295	1.138047	-1.100569	-0.611198	0.599835	-0.478898	0.590662	0.377724	2.356426	2.045999	0.253053	-0.062063	0.490788	0.572635	1.300991	1.572868	-0.936435	-0.389942	0.695589	0.640248	0.460704	0.020468	0.721986	-0.165086	0.244168	-0.628100	0.204003	0.416718	0.833329	-0.026501	-0.802555	0.077461	-0.892442	-0.335569	0.957041	0.810092	-0.096276	-1.818032	-0.206874	-1.818223	2.342044	1.295480	0.874308	0.925676	0.831301	0.340475	0.371729	0.387641	1.561127	0.776859	1.208649	-0.681989	1.137059	-0.260933	-0.179377	0.105572	0.087419	0.000682	1.308694	0.789761	0.858687	1.390154	1.338147	-0.342931	-0.571438	-0.075465	1.059060	-0.156394	0.685082	1.561802	-0.202705	0.052380	1.268109	0.467941
0.752016	-1.003734	-0.354881	-0.006594	0.035725	-0.443032	0.204870	-0.801927	-0.600251	-0.479425	0.525964	0.454888	0.192570	-0.007960	-0.065070	-1.571527	0.312963	-2.158755	1.329913	1.418405	-0.845579	-0.696529	0.780635	-0.281344	-1.232753	-0.736500	-1.552621	-1.235084	-0.319554	-0.478291	-0.632907	-0.670740	0.910550	1.053353	1.614907	0.713554	1.192257	1.782853	-0.231881	0.374978	0.547761	-0.380411	-0.262253	-0.440782	1.560568	0.840497	-0.028761	-0.418110	0.058381	-0.784633	1.115364	1.233206	-1.589522	-2.209948	0.182990	-0.241916	0.129472	-0.368640	0.375433	-1.131173	0.371133	-0.458907	0.351345	0.350384	-0.291051	-1.534006	-1.224945	-0.441937	-0.819508	-1.599425	-0.122878	0.007850	-0.883769	-1.867845	-1.663141	-2.311771	0.446244	-0.019882	0.001952	0.184394	0.669623	0.490688	0.840564	0.249159	0.690359	0.992524	0.531018	0.074213	0.309463	-0.995276	-0.558692	0.226488	0.077837	0.264440	0.438387	-0.107812	0.061279	0.712264	0.500339	-1.213340	-1.197757	-0.737225	0.439631	-0.132056	0.137052	1.041199	0.738145	-1.170858	0.222050	-0.070637
-0.073935	-2.423908	0.086514	0.417497	-0.422373	-1.470392	0.413245	-1.244798	-1.709195	-1.198971	-0.092661	0.120083	-0.545266	-0.825882	-1.289952	-1.566496	-1.358239	-1.991930	0.416694	0.606382	-1.271730	-0.338220	-0.130653	-0.736038	-0.348499	-1.124383	0.246231	0.126773	-1.160698	-1.438158	-2.709271	-1.533049	1.145681	0.666254	1.170673	-0.830077	1.835642	2.212223	0.914693	0.650695	0.144966	-0.917231	-1.189726	-1.490059	-0.020374	-0.826905	0.733237	0.135834	-1.161894	-2.342601	0.856431	0.624364	-1.632280	-2.609470	0.161418	-0.886778	0.606641	0.094474	-0.282760	-1.513517	0.336839	-0.391227	1.064260	0.814117	-1.168326	-1.920225	-1.004246	-0.626879	-0.635721	-2.195828	-0.208523	-0.298232	-1.067162	-0.664551	-2.227519	-1.296071	-1.524317	-1.044530	-0.074458	-0.243083	0.609157	0.864658	1.990082	0.900339	0.042434	0.799462	-0.531375	1.073803	-0.052049	-0.973362	-1.023705	0.073306	0.969680	1.158171	-0.548240	-0.775638	-0.793553	-0.367491	0.193773	-1.244717	-1.498676	-1.210149	-1.077808	-0.510060	-0.363076	0.385617	1.777362	-1.599235	-1.184755	-1.086056
-0.542426	-2.705008	0.269328	0.395972	-0.791708	-2.093883	0.849513	-1.461874	-1.608420	-1.435852	-0.683801	-0.913784	-0.630378	-0.996882	-1.681181	-1.351740	-1.952476	-0.450668	-0.488155	-0.944880	-1.097824	0.012481	-0.568457	-0.663609	0.845189	-1.401634	2.452904	1.620077	-1.115816	-1.813676	-3.048554	-1.553560	0.623929	-0.503169	0.743568	-1.577898	2.140837	1.814925	0.869191	-0.365134	-0.401507	-1.868039	-1.131027	-1.795033	-0.530169	-1.331617	1.602816	0.822713	-1.487220	-2.172254	0.367783	0.025960	-1.182197	-1.569881	0.046804	-1.406725	0.925302	0.518343	-1.084469	-1.477568	-0.056680	-0.598494	1.444633	1.106344	-1.245521	-1.270094	-0.507512	-0.678506	-0.656670	-1.760186	0.522999	0.006468	-0.740919	0.765182	-1.432176	0.199208	-2.093884	-1.174840	0.511399	-0.249550	0.089690	0.620981	2.390747	1.364812	-0.110866	0.093507	-1.499742	1.022284	0.014346	-0.668623	-1.562820	-0.870775	1.768117	1.676457	-0.864925	-0.871027	-1.501438	-1.215298	0.044340	-0.579074	-0.940050	-1.273654	-2.054729	-1.609397	-0.774171	-0.332856	1.485833	-0.871416	-1.896684	-1.721745
-0.814556	-2.001273	-0.391258	-0.302294	-1.405147	-2.265791	0.836177	-1.313800	-0.411234	-1.177677	-1.081497	-1.515328	-0.351666	-0.708889	-1.081815	-1.239529	-1.218956	1.255111	-0.853737	-2.015712	-0.303297	-0.373393	-0.527047	-0.335262	1.319561	-1.029396	2.977380	1.922666	-0.492729	-1.157355	-1.486885	-0.992893	-0.307740	-1.532216	0.659935	-0.942276	1.763054	0.798406	-0.399670	-1.547041	-0.898363	-2.453789	-0.222277	-1.101660	0.354246	-0.412260	1.561234	0.880365	-0.296148	-0.209995	-0.303611	-0.329580	-0.744519	-0.542251	-0.642371	-1.957187	0.246867	0.046182	-1.787656	-1.628188	-0.703457	-0.908577	0.959672	0.768468	-0.905582	-0.704896	-0.277754	-0.817186	-0.773769	-0.821263	0.999363	0.468343	-0.524224	1.053388	-0.316303	0.706378	-1.136520	-0.750584	0.775117	-0.004525	-0.914894	-0.323886	1.400926	0.793819	-0.286975	-0.711999	-1.809499	-0.173640	0.178280	-0.781157	-1.913438	-2.152350	1.671396	1.291228	-0.424361	-0.620885	-1.884324	-1.548840	-0.569170	-0.183715	-0.306094	-1.103866	-1.576645	-2.798797	-1.317767	-1.135926	-0.055959	0.094131	-1.487207	-1.646683
-0.933062	-1.143434	-1.409756	-1.095214	-1.893611	-1.878361	0.101309	-1.031783	0.593062	-0.904995	-1.157502	-0.923966	-0.070404	-0.295469	-0.151765	-1.132614	0.023719	1.509803	-0.596647	-1.878889	0.485856	-1.169521	-0.503734	-0.415777	0.569394	-0.252388	1.360654	0.791504	-0.213204	-0.163616	0.369635	-0.477384	-0.695112	-1.282277	0.922366	0.441758	0.983663	0.113315	-1.544981	-1.573168	-1.141890	-2.193110	0.521375	0.007952	1.338567	0.915296	0.684981	0.415751	1.268741	1.651294	-0.662026	-0.134242	-0.454496	-0.510948	-1.281319	-2.168760	-0.905100	-0.877342	-1.719982	-1.721206	-1.062564	-0.794331	0.187667	0.275340	-0.703879	-0.851898	-0.256777	-0.998959	-0.425013	-0.098036	0.676801	0.691500	-0.623962	-0.079914	-0.014381	-0.035652	0.136427	-0.386014	0.264409	0.302406	-1.587498	-1.058031	0.022122	-0.280529	-0.872134	-0.842504	-1.232089	-1.249703	0.276823	-1.192302	-1.628703	-2.538890	0.988380	0.566714	0.302862	-0.359650	-1.600511	-1.312434	-1.475269	-0.593093	-0.279414	-0.978607	-0.083307	-2.782105	-1.689444	-1.676145	-1.356970	0.445566	-0.469489	-0.955111
-0.871858	-0.773775	-1.805922	-1.368151	-1.592708	-0.980909	-0.885856	-0.894576	0.407662	-0.969726	-0.834439	0.265300	0.282315	0.124757	0.336453	-0.737308	0.727682	0.019916	-0.137459	-0.892155	0.526916	-1.522577	-0.713654	-1.041464	-0.729683	0.124984	-0.918793	-0.626424	-0.632978	0.192657	0.848144	-0.322091	-0.032651	0.225228	1.089784	1.363994	0.291234	0.316341	-1.444812	-0.563076	-0.995700	-1.342284	0.422569	0.713341	1.188848	1.538612	-0.134893	0.014099	1.650356	1.661169	-0.367255	0.611926	-0.038561	-0.986521	-0.946405	-1.582543	-1.333867	-1.158253	-0.543388	-1.097656	-0.784874	-0.094028	-0.064467	0.286159	-0.679335	-1.336840	-0.122067	-1.004765	0.494533	0.168892	-0.016101	0.569727	-0.733017	-1.361772	-0.434173	-0.911657	0.444763	-0.271220	-0.496238	0.380167	-1.228940	-0.835595	-0.349663	-0.636971	-1.368976	-0.024393	0.026374	-1.202643	0.307602	-1.207339	-0.694529	-1.306623	0.528123	0.295068	0.728303	-0.189353	-0.638921	-0.643433	-1.804714	-1.150843	-0.430065	-0.961323	1.138056	-1.165082	-1.258658	-1.440928	-1.194180	0.112043	0.193099	0.032112
-0.906075	-0.938088	-1.137265	-1.059735	-0.629619	-0.163398	-1.452741	-0.879339	-0.576935	-1.206618	-0.179822	0.775770	0.709889	0.447134	0.069695	-0.134014	0.493187	-1.845451	0.071579	0.074129	-0.272972	-1.246696	-0.819251	-1.434564	-1.269842	-0.311665	-2.235697	-1.113310	-1.061496	-0.367127	-0.003064	-0.378910	1.011472	1.541461	0.645314	1.059480	-0.073355	0.867271	-0.412010	0.216721	-0.575406	-0.542430	-0.256178	0.562914	0.019541	1.117086	-0.382027	-0.141319	0.581199	0.033074	0.213791	1.251814	0.500815	-0.974982	0.089172	-0.464578	-0.729806	-0.645164	0.826123	-0.116166	-0.263190	0.489891	0.087634	0.594498	-0.558200	-1.578070	-0.030559	-0.604972	1.125014	0.164248	-0.497346	0.087791	-0.799584	-1.336290	-0.628933	-0.829768	-0.360828	-0.291679	-0.862590	-0.126088	-0.147521	0.026323	0.378280	0.028957	-0.990411	1.055446	1.426446	-0.473489	0.313293	-0.618526	0.216509	0.781307	0.453489	0.417653	0.480498	-0.131045	0.224358	0.009556	-1.113127	-0.926579	-0.158050	-0.918823	1.229773	0.695356	-0.112037	-0.503448	0.098487	-0.608184	-0.060426	0.719925
-1.200067	-1.193368	0.125246	-0.479887	0.085122	-0.138565	-1.350610	-0.751633	-1.124588	-1.129961	0.509902	0.091311	0.773789	0.453139	-0.630845	0.188699	-0.233800	-2.513005	0.029008	0.472849	-1.249759	-0.861499	-0.407845	-0.791476	-0.515318	-1.087257	-2.177331	-0.721928	-0.721935	-1.357596	-0.706458	-0.472296	1.295689	1.299560	-0.296048	-0.180584	-0.170107	0.829135	0.374757	-0.003766	-0.130279	-0.162578	-0.784328	-0.272817	-1.067212	0.100879	-0.416736	-0.394093	-0.729534	-1.431563	0.410729	1.029358	0.729067	-0.319913	0.587027	0.390516	0.103523	-0.250169	0.976135	0.066202	-0.145722	0.128682	-0.140610	0.370741	-0.219982	-1.352180	-0.409983	0.248966	0.575673	0.079694	-0.748662	-0.713346	-1.158707	-0.061254	-0.135151	0.038310	-1.275327	-0.445886	-0.842563	-1.144619	0.756432	0.679099	0.967607	0.772136	0.162678	1.450567	2.284257	-0.190170	0.358076	0.050318	0.401937	2.082530	0.179610	0.184694	-0.364335	-0.290430	0.128923	0.232517	0.064749	-0.007745	0.130550	-0.755113	0.478805	1.072861	0.790038	0.401822	1.122391	-1.378157	-0.904282	0.567973
-1.145632	-0.982206	1.121500	0.132493	0.065716	-0.815264	-0.773613	-0.424493	-0.591145	-0.472910	0.860087	-1.010235	0.175707	0.100778	-1.072198	-0.023477	-0.662350	-1.722334	0.104410	0.380112	-1.654683	-0.647857	0.430911	0.593442	0.672487	-1.358997	-1.186113	-0.396667	0.106716	-2.031862	-0.303860	-0.643423	0.553665	-0.210348	-0.873108	-1.265405	-0.144643	0.034015	0.362926	-0.675883	0.255712	-0.071706	-0.737945	-1.126827	-1.182431	-0.741368	-0.762753	-0.940042	-0.977917	-1.327992	0.096626	0.086493	0.470060	0.302368	0.096426	0.658237	0.478140	-0.446564	-0.168650	-0.713011	-0.399706	-0.938381	-0.968836	-0.597997	0.272856	-0.589712	-1.065227	1.204931	-0.790320	-0.070307	-1.025219	-1.503410	-1.697508	1.047806	0.563298	0.654135	-1.178851	-0.742475	-0.798863	-1.901164	1.053121	0.830898	0.460220	0.705726	1.085402	1.030131	2.056240	-0.659284	0.457446	0.347829	-0.101255	1.703964	-0.650403	-0.723178	-1.228382	-0.660093	-0.745498	0.185761	0.869279	0.626852	-0.345289	-0.508215	-0.244106	-0.104904	0.728922	0.711875	0.992645	-1.670566	-1.476638	-0.236618
0.023888	-0.134364	1.405633	0.721946	-0.164207	-1.246165	-0.045376	-0.101079	0.483004	0.463795	0.745890	-1.316954	-0.570926	-0.251265	-0.786358	-0.391507	-0.321234	-0.433397	0.498640	0.229966	-1.314942	-0.356105	1.112696	1.599244	1.050068	-0.833406	0.233226	-0.542899	0.404710	-1.805972	0.586450	-0.896685	-0.305553	-1.399647	-0.366340	-1.278404	-0.063837	-0.799235	0.051980	-0.823590	0.581093	-0.032041	-0.267165	-1.315466	-0.309791	-0.862379	-1.263633	-1.383543	-0.125950	-0.002817	-0.196131	-0.518117	0.206787	0.435269	-0.404417	0.758021	0.612705	-0.487116	-1.046251	-1.163105	-0.357072	-1.514789	-1.640895	-1.444774	0.856001	0.668486	-1.101361	1.653307	-1.569878	-0.332446	-1.197780	-1.709332	-1.602384	1.022494	0.875615	0.530083	0.100558	-0.857412	-0.714455	-1.570738	1.049171	0.913656	-0.608015	0.161560	1.098311	0.562849	0.662631	-1.110231	0.541989	0.419013	-0.679749	0.304481	-1.514032	-1.636061	-1.401772	-0.930623	-1.352560	0.387597	0.939703	0.334435	-1.242011	-0.214600	-0.510062	-1.285902	0.031425	0.591718	0.137072	-0.977579	-1.218124	-0.778781
1.815633	0.861009	1.192178	1.209456	0.041146	-0.754585	0.498325	-0.054186	1.161626	1.048167	0.408205	-0.447269	-0.581105	-0.162130	0.031694	-0.341484	0.587073	0.387033	0.909977	0.306002	-0.599030	0.135994	1.163510	1.674679	0.422396	-0.051185	1.549623	-0.612376	-0.173534	-0.585370	0.814923	-1.035975	-0.302091	-1.238021	0.880314	-0.342069	0.039631	-1.036703	-0.047633	-0.344085	0.632137	-0.124955	0.227190	-0.716378	0.898153	-0.299971	-1.272268	-1.153965	0.695916	1.077110	-0.049264	-0.060534	0.494728	0.394525	0.059252	1.046103	1.009569	0.422230	-0.383597	-0.360502	0.242592	-0.917925	-1.412615	-1.252281	1.445938	1.898609	-0.042332	1.348919	-0.953581	-0.687764	-0.813646	-1.055233	-0.464911	0.399118	0.867693	0.236311	1.620635	-0.406682	-0.180265	-0.259215	1.079114	1.245306	-0.924509	0.153239	0.554909	0.708373	-1.326568	-0.830698	0.591097	0.560635	-0.973806	-0.765689	-1.583943	-1.638921	-0.679715	-0.732713	-1.116237	0.904332	0.470451	-0.486747	-1.212441	0.184543	-0.514117	-1.263719	-0.449465	0.490648	-0.463962	0.479484	-0.332643	-0.365951
2.557160	1.242286	0.848256	1.361874	0.515555	0.211183	0.547900	-0.301128	1.139702	0.988379	0.195537	0.777546	0.257220	0.336794	0.762623	0.248944	1.316946	0.435199	0.860533	0.462654	0.130917	0.530954	0.754543	1.390613	-0.274082	0.269143	2.111887	-0.108340	-0.787308	0.988454	0.180179	-0.943092	0.487910	-0.303617	1.700049	0.521358	0.029964	-0.858579	-0.186920	-0.035697	0.225992	-0.537729	0.525424	0.121695	1.634254	0.375394	-0.571792	-0.219848	0.527428	1.000838	0.235136	0.834948	1.183942	0.684893	1.087111	1.265206	1.557154	1.752454	1.179289	0.881779	0.794943	0.190490	-0.537606	-0.211951	1.869888	2.278952	1.305542	0.746990	0.267828	-1.047959	0.170575	0.036262	0.819994	0.278875	0.871891	0.373973	2.148242	0.329458	0.859117	1.005213	0.945757	1.422512	-0.141109	0.855125	0.113284	1.194875	-2.859920	-0.104705	0.705574	0.656174	-1.151903	-0.862387	-0.780284	-0.653143	0.405035	-0.028977	-0.530249	1.188137	-0.185598	-0.856266	0.202442	0.696529	-0.436013	-0.385698	-0.275044	0.454702	-0.449200	1.619227	0.522792	0.700991
1.389823	0.792351	0.408185	1.019350	0.668589	0.705935	0.099743	-0.461446	0.865930	0.754598	0.278965	1.262524	0.993262	0.676401	1.057427	1.033688	1.182831	-0.159918	0.363252	0.450095	0.845648	0.691389	0.522728	1.466817	-0.194795	0.108807	1.660851	0.596687	-0.570297	1.879894	-0.613544	-0.750130	1.079639	0.122471	1.321473	0.495348	-0.274980	-0.887292	-0.675337	-0.368603	-0.214395	-0.956255	0.660051	0.588162	1.389826	0.585098	0.260536	0.816999	-0.400860	0.175942	0.037832	0.847835	1.480938	1.204028	1.484138	1.074204	1.667307	2.178662	1.974536	1.235469	0.729890	0.819347	0.096581	0.615769	1.987516	1.655375	1.580191	0.432849	0.620773	-1.291620	1.090779	0.797647	0.960161	0.863232	0.751895	0.625642	1.287076	0.454690	1.734183	1.403645	0.285710	0.829635	0.623336	1.198227	-0.198362	1.142222	-3.028023	0.202457	0.903205	0.376841	-1.319833	-0.452063	0.073233	0.497562	1.110832	0.871663	-0.318258	0.875404	-0.721453	-0.196140	1.629712	1.137115	-0.169652	0.310775	0.368590	0.154488	-0.251351	1.457892	0.875227	1.498502
-0.453900	0.190157	-0.162557	0.466146	0.433757	0.567864	-0.342078	0.036566	0.905434	1.183574	0.633535	0.906437	0.714142	0.366733	1.170070	1.658197	0.280800	-0.983639	0.086332	0.438464	1.569194	0.987649	0.852367	1.874616	0.549951	0.234329	0.738515	0.742985	0.173745	1.667551	-1.043012	-0.512707	0.735316	-0.378369	0.186983	-0.128321	-0.786485	-1.313805	-0.950264	-0.655729	0.110393	-0.568852	0.681221	0.716234	0.317856	0.294089	0.546964	1.339932	-1.058137	-0.447486	-0.665993	-0.395014	0.761466	1.324164	0.791460	0.728682	1.116294	1.329060	1.423545	0.842010	0.442161	1.060863	0.150823	0.594232	1.835140	0.965404	0.491281	0.373695	-0.343839	-1.308080	1.273891	0.889961	-0.053796	1.378263	0.181827	0.392957	-0.090332	-0.363138	1.750974	1.175917	-0.679793	-0.346899	0.183533	0.265285	-0.770317	0.074159	-1.843746	-0.164758	0.926181	-0.214749	-1.134259	-0.346537	0.212820	1.038131	1.224950	1.644951	-0.546178	0.346098	-0.912532	1.055411	1.571098	1.328107	0.229168	0.415635	1.058614	-0.557370	-0.382919	0.169473	0.786870	1.476753
-1.041118	0.358921	-0.500306	0.318311	0.263149	0.550780	-0.196541	1.404471	1.358150	2.513879	1.093279	0.658027	-0.286975	-0.385167	1.537658	1.993454	-0.452906	-1.245405	0.602840	0.830506	1.951944	1.689179	1.452197	2.205044	1.319062	1.287811	0.173026	0.202969	0.401683	1.055861	-1.134208	0.003672	-0.225760	-1.025848	-0.547572	-0.334742	-1.004726	-1.659793	-0.168373	0.135278	1.277830	0.989431	0.569693	1.078753	-0.745555	-0.016042	0.329526	1.305289	-0.812001	-0.468814	-1.141328	-1.788737	-0.754847	0.707329	-0.321568	0.785456	0.346447	0.299941	0.495413	1.042597	0.772615	1.823098	0.226944	0.197340	1.554740	1.236434	-0.686795	0.111872	-1.605762	-1.089385	0.853870	0.699186	-0.860379	1.209002	-0.463030	0.021539	-0.673865	-1.109231	1.104173	1.123971	-1.126039	-1.053477	-1.243873	-1.329792	-1.526234	-1.511620	-0.415417	-0.448926	0.440296	-0.575464	-0.302621	-0.789542	-0.183000	0.980329	1.166345	2.161771	-0.794579	0.198422	-0.743126	1.797209	0.558435	1.382094	0.388380	0.221893	1.438338	-1.377119	-0.898650	-0.969341	0.709419	0.884596
-0.076264	1.405393	-0.214138	0.753110	0.291354	1.104349	0.445881	3.035161	1.773475	3.859117	1.305630	1.147926	-0.818289	-0.867495	2.120453	1.981039	-0.220903	-0.329631	1.488645	1.441226	1.450285	2.296132	1.665716	2.321616	1.750579	2.855944	0.243499	-0.357354	-0.283766	0.964247	-0.916870	0.888895	-0.862892	-0.959879	-0.275012	0.342767	-0.503329	-1.428447	1.345707	1.823427	2.213012	2.847102	0.411086	1.928203	-0.928448	0.068476	0.222730	1.146057	0.019475	-0.143851	-0.823074	-2.104542	-2.106397	-0.242838	-1.038931	1.227852	-0.146100	0.185533	0.103667	2.202569	1.684269	3.223184	0.930955	0.268020	1.210352	2.274269	-0.567931	-0.443647	-1.927789	-0.771446	0.545329	0.804483	-0.480479	0.585794	-0.276409	0.471721	-0.117240	-0.477427	0.655575	1.484545	-0.562766	-0.622892	-2.364909	-2.043276	-1.767978	-2.554484	-0.003013	0.094917	-0.566036	-0.262773	0.823135	-1.314348	-0.309599	0.831752	1.353747	2.373511	-0.775020	0.441826	-0.453646	1.388260	0.474756	1.489971	0.225458	0.039913	1.325410	-1.814218	-1.459525	-0.803619	0.968263	0.277234
0.882305	2.355220	0.282444	1.008387	0.083181	1.592591	0.788894	3.813717	1.548986	3.919344	0.872939	1.702132	-0.299653	-0.728351	2.295935	1.511076	0.595310	1.266141	1.556740	1.373679	0.087348	1.911308	1.097694	2.197627	1.816565	3.684098	0.579061	-0.398730	-1.210336	1.286183	-0.295060	1.641673	-0.761390	-0.339608	0.426149	1.217507	0.367987	-0.779717	2.086973	2.833733	1.836946	3.499078	0.409623	2.698518	-0.204182	0.462522	0.489636	1.124163	0.762969	0.289114	-0.159572	-1.485141	-2.380186	-0.869964	-1.256956	1.310797	-0.458380	0.610495	-0.079310	2.873070	2.067812	4.015369	1.826198	0.824520	0.731778	2.766119	0.626562	-0.920764	-1.224730	-0.482629	0.616583	1.215320	0.420536	0.060407	0.833348	1.647991	0.601623	1.316409	0.730923	1.644488	0.397315	0.212578	-2.388601	-1.340259	-1.059698	-2.401404	-0.694563	1.021446	-1.699531	0.499610	1.476015	-1.378216	0.134952	0.801964	1.603661	2.133515	-0.486529	0.552572	-0.315056	0.333285	1.733459	1.394550	0.242532	-0.063733	0.807132	-1.610796	-1.648581	0.446453	1.276053	-0.144430
0.517802	2.137427	-0.016465	0.146520	-0.615245	1.179344	0.267874	3.138752	0.548078	2.408107	-0.168516	1.237516	0.431617	-0.420146	1.512491	0.599950	0.807014	2.151022	0.280599	0.165755	-1.175622	0.324273	-0.023354	1.611044	1.388552	2.938419	0.718231	-0.258080	-1.602737	1.109256	0.355179	1.529046	-0.476760	-0.084577	0.477813	1.264840	0.595433	-0.367526	1.198857	1.934345	0.492672	2.394625	0.580590	2.574125	0.551289	0.783680	0.592867	0.922640	1.205515	0.914322	-0.139098	-1.101870	-1.504422	-0.986126	-1.342404	0.462320	-1.065256	0.262742	-0.739439	1.696565	1.105049	3.051950	1.736674	0.965867	0.051014	1.777904	1.295684	-1.100381	-0.457241	-0.155939	0.484461	1.277573	0.465401	-0.273498	1.624963	2.029817	0.417464	2.462587	0.606279	0.979933	0.580817	0.112401	-1.804329	-0.418056	0.016710	-1.423677	-1.282072	1.070338	-2.456871	0.908861	1.202902	-0.990791	0.474322	0.564126	1.295577	1.276712	-0.052367	0.170030	-0.404902	-0.360554	2.446026	0.542082	0.751578	-0.107547	0.194083	-0.977959	-1.266029	1.267544	0.884408	-0.564249
-0.665280	0.819916	-1.324309	-1.578462	-1.297782	0.151761	-0.668680	1.565996	-0.625321	0.546048	-1.112065	-0.130410	0.178562	-0.561095	0.040331	-0.375503	-0.013433	1.578987	-1.305474	-1.257074	-1.182892	-1.497871	-0.932303	0.553079	0.286738	1.107244	0.528343	-0.558152	-1.437658	0.122031	0.177857	0.404714	-0.691231	-0.619498	-0.480592	0.315538	-0.389260	-0.559449	-0.260365	-0.176777	-0.263173	0.675316	0.626656	1.417944	0.561632	0.814456	-0.091096	0.074181	1.576503	1.670856	-0.992019	-1.491053	-0.262268	-0.843456	-1.370064	-0.871726	-2.011358	-1.265317	-1.485439	-0.522516	-0.580047	0.861151	0.219086	0.074795	-0.686500	-0.134396	0.462778	-1.021241	-0.351486	0.353419	-0.427250	0.452174	-0.533453	-0.642281	0.940148	0.616439	-0.538811	1.613977	-0.435642	-0.313663	-0.365963	-1.112737	-1.529311	-0.649008	0.360449	-0.641945	-0.738542	-0.186344	-2.503721	0.331315	0.236458	-0.594337	-0.074714	-0.181014	0.160098	-0.071828	0.318531	-0.584679	-0.641944	-0.324506	1.036441	-0.935960	1.157314	-0.146074	-0.261131	-0.467304	-0.498103	0.463942	-0.494160	-1.021153
-1.209000	-0.362736	-2.401846	-2.621399	-1.227021	-0.294418	-1.024653	0.270248	-1.123189	-0.203423	-1.165681	-1.066655	-0.966445	-1.026202	-1.100645	-0.817795	-0.872573	0.337060	-1.637540	-1.424061	0.172946	-2.195028	-0.867763	-0.381563	-1.173384	-0.476569	0.204213	-0.990971	-1.047581	-0.807948	-1.037619	-0.992314	-1.208258	-1.248777	-1.725780	-0.807865	-1.878069	-1.023456	-0.513835	-1.526247	0.541306	0.023288	0.323916	-0.059863	0.003092	0.603658	-1.258462	-1.211717	1.855451	1.961317	-1.773032	-1.850713	0.551173	-0.550155	-0.958043	-1.550887	-2.623667	-2.750431	-1.182732	-1.579883	-1.516109	-0.812977	-1.586295	-1.196766	-1.064105	-1.477917	-0.933416	-0.482742	-0.648596	0.897478	-1.689884	-0.884726	-1.197508	-0.833675	-0.696503	-1.414545	-1.257545	-0.448992	-1.860281	-1.385836	-1.454551	-2.127446	-1.710209	-1.712828	-0.340735	-0.662934	0.444446	-1.569180	-1.797019	-0.904555	-0.721224	-0.388848	-1.252677	-1.127965	-1.227263	-1.341966	0.393135	-1.355187	-0.872392	-0.003010	-1.352451	-1.828799	0.633306	-0.232374	-0.544315	-0.427688	0.233748	-1.350539	-1.965195	-1.095648
-0.611819	-0.337012	-1.859411	-1.782347	-0.392744	0.391727	-0.461701	-0.067200	-0.694296	0.249293	-0.357919	-0.635079	-1.618691	-1.065124	-1.106148	-0.444414	-0.706030	-0.237496	-0.511231	-0.132230	1.650539	-1.340795	0.140020	-0.562183	-2.092504	-0.877652	0.073015	-0.404067	-0.367414	-0.670833	-2.162077	-1.589310	-1.194549	-1.010268	-2.265203	-1.227613	-2.507789	-1.145356	0.717640	-1.026881	2.009299	0.832777	-0.114941	-0.969518	-0.394378	0.235262	-1.764998	-1.953752	1.531476	1.181457	-1.462212	-1.180421	0.890433	0.028247	0.083568	-0.918479	-2.226984	-2.658657	0.329900	-0.575779	-0.974638	-0.895342	-1.980586	-1.530778	-0.690288	-1.323235	-1.120525	0.752862	-0.699028	0.984414	-2.152470	-1.646819	-0.257881	-0.185010	-1.549672	-1.904276	-1.169177	-1.666258	-2.318633	-1.590078	-1.444780	-1.675709	-1.682787	-1.923669	-1.130180	-1.051148	0.861492	-1.540709	-0.686423	-1.561693	-1.010488	-0.059396	-1.862395	-1.546953	-1.904623	-1.834553	0.188436	-1.768796	-0.858655	0.143801	-2.116212	-1.035126	-0.615687	-0.221081	-0.710179	-0.535465	0.660703	-2.281429	-2.091368	-0.340034
0.258212	0.637355	0.055458	0.340156	0.382236	1.359797	0.281466	0.268871	0.087005	0.685673	0.373669	0.622185	-0.898809	-0.367728	-0.198313	0.358915	0.087093	0.242828	0.604588	1.172163	1.851563	0.131681	1.013544	-0.172609	-1.777158	-0.218842	0.309374	1.549272	0.742617	0.466088	-1.844645	-0.881790	-0.371514	0.073634	-1.825123	-0.838913	-1.720177	-0.714161	1.893833	0.478805	2.266043	1.840708	-0.303082	-0.942700	-0.377780	-0.241721	-0.902129	-1.395754	0.339451	-0.319280	-0.239389	0.323988	1.197705	0.730441	1.192276	0.483638	-1.002234	-0.863913	1.684994	1.047894	0.331255	0.072109	-0.591767	-0.504968	0.300465	-0.090199	0.352955	2.013065	-0.328253	0.363148	-1.272671	-1.156253	1.796275	1.350847	-0.733704	-0.363714	-0.645645	-0.995431	-1.363079	-1.027743	-0.298359	-0.104348	-0.946243	-0.446950	-0.886152	-0.903824	0.026936	0.013978	0.179943	-0.679533	-0.474709	0.672054	-1.117305	-1.044664	-1.484172	-1.319628	0.062863	-1.494551	-0.418107	0.174673	-0.395754	0.960095	-1.414266	0.191588	-0.674791	-0.149216	0.812442	-1.278608	-0.477740	0.982644
0.463283	1.345834	1.530757	1.903783	0.334975	1.418912	0.292127	0.531862	0.442763	0.190054	0.150994	1.383137	0.338089	0.382483	0.639838	0.864013	0.192007	1.046727	0.324094	1.061905	0.677460	0.960310	0.579621	-0.071780	-0.556621	0.685677	0.674972	3.425107	1.656201	1.549932	-0.188702	0.580669	0.475146	0.966554	-1.004413	-0.228179	-0.364937	-0.101888	1.597047	1.391246	0.605401	1.660832	-0.215242	-0.297408	-0.388842	-0.664747	0.614815	-0.004387	-1.002531	-1.233151	0.687669	1.405048	1.516033	0.981606	1.432642	1.409868	0.113543	1.203182	1.502688	1.409428	1.049359	0.779999	1.099869	0.798907	1.110354	1.021409	2.021427	1.847751	0.230413	-0.400258	0.133719	0.059364	3.136222	2.564225	0.750271	1.436158	-0.308918	0.610648	-0.128086	-0.318675	0.741968	1.075184	0.149530	1.437762	0.268728	-0.006691	-0.965725	1.674278	0.358310	1.222865	0.471413	1.451922	0.364402	-0.070045	-0.530549	-0.323778	0.310702	-0.492079	0.284753	0.342374	1.961375	2.345704	-1.038681	1.018530	-0.324712	0.760854	0.783155	0.709165	1.569515	1.867333
0.028173	1.045470	1.160758	1.680455	-0.423986	0.469005	-0.438551	0.295115	0.077016	-0.848720	-0.901008	0.930947	0.568741	0.289398	0.640141	0.667713	-0.731389	1.346393	-1.064737	-0.280735	-0.636513	0.870420	-1.043076	-0.767289	0.452957	1.075369	0.648390	3.324260	1.442581	1.642478	1.329158	1.620250	0.368396	0.817967	-0.612956	0.019241	0.231649	0.178662	0.146124	1.110162	-1.663703	0.372942	-0.194386	0.289764	-0.800897	-0.824555	1.238339	0.824049	-1.311415	-0.645874	0.518194	1.159367	1.299608	0.543185	0.487341	1.067950	0.382547	1.976091	-0.050399	0.349150	0.453704	0.466465	1.308985	0.912711	0.878786	1.143427	2.163059	-0.209692	0.881733	-0.310141	0.688255	0.744252	2.556446	2.038207	1.257365	1.633030	-0.340894	1.490970	0.017017	-0.018679	0.547017	0.889734	0.748413	1.746461	1.057639	0.844547	-0.790349	2.083117	0.034022	2.491035	1.231717	1.558216	1.141139	0.402814	0.042341	0.256565	0.752269	0.706156	0.779436	0.544739	2.618744	1.840007	-0.046707	1.746416	0.244817	1.409007	0.581762	1.925707	2.260648	1.540135
-0.443952	0.167240	-0.537130	0.084290	-1.068319	-0.492721	-1.054900	-0.245366	-0.748875	-1.485788	-1.804078	-0.338656	-0.441626	-0.636553	-0.150964	-0.052455	-1.537191	0.965924	-2.118763	-1.488903	-0.931549	0.588037	-2.373568	-1.788022	0.498715	0.655080	0.006087	1.074796	0.365566	0.682839	1.611236	1.483962	-0.716664	-0.149624	-0.913846	-0.174684	-0.328363	0.018989	-1.020448	0.331067	-2.690577	-0.703078	-0.434848	0.284358	-1.344605	-0.773619	0.244309	0.173239	-0.324331	0.747956	-0.229683	0.007524	0.252645	0.003708	-0.899512	-0.184214	-0.070325	1.141286	-1.606956	-0.823931	-1.007967	-0.660248	-0.163215	-0.451875	-0.457960	0.313619	0.683690	-2.561444	1.587212	0.899280	-0.081178	0.202259	0.666544	-0.164197	0.397099	0.289276	-0.534368	1.045499	-0.909355	-0.258960	-0.674546	-0.216562	0.412810	0.165424	0.610856	0.797951	0.535360	1.239272	-0.247039	2.062797	1.420469	0.724693	0.493140	-0.201589	-0.157317	-0.081635	0.933176	1.278208	0.772412	0.356253	1.199615	-0.046512	0.509464	1.771479	0.723420	1.148348	0.282183	1.675486	1.058601	0.342941
-0.604109	-0.422334	-1.823836	-1.478281	-0.911810	-0.608756	-0.813195	-0.572034	-1.535694	-1.435699	-1.746810	-1.497231	-1.410558	-1.466711	-1.102822	-0.836429	-1.160367	0.227455	-1.983448	-1.664439	-0.262944	0.664792	-2.172910	-2.189136	-0.070242	-0.410577	-0.791405	-1.452477	-0.090447	-0.679676	0.973968	0.501002	-1.796807	-1.043357	-1.414180	-0.467662	-1.172425	-0.212569	-1.068753	-0.120876	-2.009924	-0.646696	-0.703415	-0.346689	-1.410222	-0.796046	-1.406952	-1.412605	0.857142	1.281594	-0.460609	-0.823726	-1.030842	0.062364	-1.593501	-1.219781	-0.592670	-0.300288	-2.129801	-1.190944	-2.185561	-1.864382	-1.819130	-2.118423	-2.001823	-0.774436	-0.951570	-3.057184	1.902528	2.255250	-1.251497	-0.981813	-0.894138	-2.335923	-0.700739	-1.107392	-0.655788	0.020611	-1.643565	-0.739560	-1.725421	-1.121360	-0.362635	-1.577651	-0.436549	-0.010432	1.737057	0.130948	-0.178713	0.540729	0.915557	-0.529678	-0.804676	-1.405189	-0.736899	-0.998221	0.675215	0.900123	0.438777	-0.394225	-0.676040	-1.709456	0.254522	1.002310	0.796195	0.290861	0.080558	0.604595	-0.990689	-0.662691
-0.454169	-0.456187	-1.724548	-1.941381	-0.000114	-0.031189	0.216486	-0.381969	-1.807185	-1.151933	-0.844389	-1.912655	-1.206389	-1.389934	-1.604633	-1.295830	-0.025723	-0.472716	-1.111817	-1.119316	0.468694	0.810125	-0.833235	-1.569557	-0.372977	-1.625591	-1.014249	-2.286628	0.761204	-1.656822	0.326777	-0.357550	-1.871948	-1.255482	-1.350581	-0.495114	-1.237504	-0.133340	-0.428886	-0.253011	-0.668704	0.063043	-0.625662	-1.102342	-0.695881	-0.898398	-2.068159	-2.482366	1.027755	0.299880	0.118109	-0.597444	-1.613293	0.536090	-1.124230	-1.223621	-0.759046	-1.137982	-1.678462	-1.067911	-2.245180	-2.491930	-2.152879	-2.672762	-2.677217	-1.410563	-1.423163	-1.442643	1.274770	2.507162	-1.532759	-1.559852	-1.098833	-2.832316	-0.862188	-1.543402	-0.604443	-0.545847	-1.222290	-0.945194	-1.808777	-1.260839	-0.651314	-1.738838	-0.728511	-0.626402	1.706927	-0.464027	0.158022	-0.643966	-0.109685	-1.387950	-1.354361	-2.068541	-0.981874	-1.616474	0.252643	0.113895	0.121778	-1.296654	-1.312641	-2.099605	-0.402119	-0.056176	0.360455	-0.317343	0.095713	-0.396207	-2.411422	-0.892763
-0.016427	-0.347268	-0.922925	-1.325210	1.064227	0.441127	1.336893	0.083325	-1.333377	-1.027397	0.058679	-1.599277	-0.091417	-0.454021	-1.454510	-1.235427	0.572534	-0.781906	-0.394970	-0.613705	0.678799	0.560742	0.191053	-0.471933	-0.145491	-2.323272	-0.511868	-1.282963	1.695860	-1.722952	0.013994	-0.496685	-0.825223	-0.788716	-0.432065	-0.115600	-0.530752	0.205572	-0.026119	-0.580908	0.197917	0.261891	-0.081871	-1.284790	0.517965	-0.619185	-1.176600	-2.137352	0.297021	-0.969314	0.783518	0.323823	-1.206836	0.603975	0.007379	-0.439561	-0.573698	-1.000856	-0.902806	-1.116697	-1.381506	-2.344635	-1.133654	-1.818994	-2.145842	-1.362826	-0.751242	0.414748	-0.022355	1.511401	-0.657370	-0.921089	-0.260235	-1.692876	-0.138013	-1.242643	-0.410404	-0.256483	0.044666	-0.532865	-1.224564	-0.980272	-0.150723	-0.417166	0.113982	-0.395779	0.513704	-0.518569	0.525816	-0.798763	-1.016059	-1.356725	-0.649319	-1.541970	-0.525793	-1.355028	0.052683	-0.299714	-0.068754	-1.784296	-0.525729	-1.450919	-0.972908	-0.707212	-0.358606	-0.264669	0.285714	-0.872998	-2.448005	-0.664648
0.590293	-0.515402	-0.673219	-0.498238	1.685276	0.298796	1.837010	0.202065	-0.396332	-1.018671	0.209688	-0.985219	0.861613	0.707667	-0.874903	-0.703976	0.124751	-0.445978	-0.143584	-0.395012	0.568382	0.098762	0.114517	0.183084	-0.012342	-2.039052	0.029093	0.047508	1.313648	-0.842389	-0.146814	-0.159166	0.582614	0.081884	0.846767	0.539420	-0.066720	0.423022	-0.350434	-1.218008	0.349817	-0.530382	0.708544	-0.600272	1.581556	0.327081	0.225030	-0.823657	-0.185677	-0.888091	0.875391	1.072569	-0.287079	0.018003	0.947273	0.136252	-0.142442	-0.410239	-0.272314	-1.361689	-0.539257	-1.732985	0.056877	-0.486075	-0.972122	-0.950638	0.147025	0.816613	-0.805841	0.383434	0.404406	0.294664	0.594702	-0.368065	0.516812	-0.821358	-0.217899	0.543051	1.086497	0.269529	-0.724723	-0.861538	0.460820	0.837227	1.067443	0.371281	-0.857575	-0.415822	0.616709	-0.405493	-0.997335	-0.457219	0.469146	-0.321369	0.324485	-0.490898	0.198758	-0.231056	-0.166225	-1.702263	0.523371	-0.613602	-1.280007	-0.540647	-0.904027	0.203598	0.552760	-0.652924	-1.307678	-0.477482
0.892852	-0.932455	-1.268656	-0.319331	1.626431	-0.240680	1.420848	-0.426244	0.264830	-1.004205	-0.428360	-0.481644	1.035768	1.531160	-0.306739	-0.049619	-0.644694	0.376643	-0.092041	-0.193171	0.575406	-0.067754	-0.486850	-0.075436	-0.587451	-0.978213	-0.171262	0.411108	0.113597	0.422721	-0.223228	0.059436	1.440228	1.043134	1.610515	1.071257	-0.547879	0.309786	-1.233646	-1.706465	0.122258	-1.706915	1.346977	0.437665	1.928680	1.421169	0.767552	0.280934	0.198915	0.591572	0.568407	1.208928	0.610810	-0.467728	1.196640	-0.218924	0.409693	-0.071836	0.138902	-1.404540	-0.383442	-1.197494	0.445821	0.261926	-0.045817	-0.709558	0.545661	0.094628	-0.256684	0.242267	0.611374	0.920750	0.766505	0.012641	0.430716	-0.440037	-0.183984	1.150490	1.185671	0.740528	-0.624298	-0.981967	0.404415	0.867336	1.090852	0.884567	-1.410590	-0.487921	0.142599	-0.226551	0.002862	0.888394	0.843917	0.552781	0.865101	0.183082	0.490105	-0.247587	-0.013467	-1.177596	0.688526	-0.116632	-1.234225	0.268036	-0.939482	0.728678	0.704531	0.148065	0.180140	-0.388600
0.390667	-1.257396	-1.895496	-0.857327	1.029099	-0.600010	0.320080	-1.477859	0.065189	-1.066387	-1.254457	-0.277547	0.618769	1.772132	-0.142923	0.219426	-0.918324	0.968277	-0.024811	0.126708	0.732951	0.032991	-0.660399	-0.961653	-1.587477	0.024905	-1.049674	0.040222	-0.284084	1.185639	-0.134417	-0.052020	1.401175	1.669479	1.347663	1.031198	-1.444984	0.086220	-2.126986	-1.703518	-0.252511	-2.363136	1.486160	0.918475	1.472339	1.797413	0.273344	0.510072	0.757091	1.909613	0.408591	0.931790	1.271770	-0.105239	0.763010	-1.245899	0.722379	-0.272965	0.399287	-1.171443	-0.655758	-1.056676	0.149186	0.255242	0.120017	-0.913188	0.328081	-0.180827	0.991668	1.009100	0.037844	0.536175	0.314041	-0.243367	-0.231671	0.028697	-0.288175	1.044656	0.519154	0.405872	-0.717848	-0.925777	-0.201167	-0.012622	0.430749	0.769904	-0.833517	-0.809643	-0.772191	-0.380106	0.950904	2.041541	0.274854	0.621497	0.666087	0.268422	0.611142	-0.678120	0.627700	-0.186679	-0.118085	0.010826	-0.686404	1.037198	-0.544567	1.216476	0.442610	0.867318	1.079578	-0.273439
-0.730345	-1.199573	-1.738358	-1.377036	0.289651	-0.482408	-0.848955	-2.095545	-0.819380	-1.238173	-1.624156	-0.383396	0.063672	1.404901	-0.488430	-0.174364	-0.773650	0.649489	-0.051908	0.273827	0.680189	-0.125567	-0.250076	-1.705426	-2.041107	0.288497	-1.696110	-0.050238	0.432202	0.929137	0.004030	-0.182101	0.803250	1.522431	0.346554	0.383406	-1.638153	0.096974	-2.454257	-1.409544	-0.740379	-2.168849	1.061064	0.538463	0.649070	1.280301	-0.267277	0.220678	0.456866	1.768314	0.496034	0.545995	1.550547	0.808369	-0.037230	-1.969183	0.426782	-0.782509	0.453132	-0.975910	-0.662591	-1.163704	-0.088430	0.127632	-0.288835	-1.324219	-0.254751	0.619251	1.469426	1.572334	-0.340245	-0.171805	-0.308946	-0.139624	-0.884268	0.473339	-0.289753	0.372685	-0.177079	-0.348214	-0.694037	-0.403830	-0.573785	-0.646649	0.113876	0.323254	0.323061	-1.124238	-1.449491	-0.376217	0.801367	2.431363	-0.403514	0.316837	-0.017877	0.123659	0.414328	-1.045738	1.550053	1.161578	-1.054611	-0.138688	0.256579	1.125833	-0.075838	1.662717	-0.220705	0.736193	0.948748	-0.247538
-1.526980	-0.716258	-0.817593	-1.186968	-0.165394	-0.099525	-1.466669	-1.683097	-1.604788	-1.221634	-1.331644	-0.672960	-0.369822	0.564338	-1.055877	-0.953510	-0.737562	-0.365077	-0.320597	-0.032304	0.131980	-0.676241	0.127281	-1.590639	-1.331282	-0.011999	-1.336320	0.287388	0.850154	-0.006528	0.003097	-0.022630	0.171026	0.563871	-0.565710	-0.352272	-0.776674	0.329419	-1.926140	-1.143736	-1.198231	-1.425116	0.348080	-0.054274	0.039418	0.525591	-0.136381	0.091538	-0.634597	0.537367	0.437797	0.026780	1.257946	1.283767	-0.751386	-1.641615	-0.252272	-1.102607	0.145498	-0.963459	-0.235343	-1.128557	0.046836	0.323192	-0.626526	-1.393984	-0.836079	1.465058	0.530282	1.069439	-0.011744	-0.392608	-0.806377	0.493954	-1.105779	0.551842	0.008499	-0.121152	-0.379865	-0.716472	-0.368542	0.311216	-0.357810	-0.418366	0.481942	0.019701	1.063519	-0.999649	-1.327115	0.139277	-0.230497	1.875938	-0.453968	0.179604	-0.584055	0.190322	0.063436	-0.669465	2.000240	2.012711	-1.266212	-0.540679	1.021835	0.510771	0.219539	1.885178	-0.673407	-0.166629	0.126041	-0.499865
-1.205333	0.013026	0.194050	-0.488572	-0.191569	0.176537	-1.333266	-0.500408	-1.666929	-0.658040	-0.587230	-0.904235	-0.642662	-0.449618	-1.346764	-1.431351	-0.783664	-1.061826	-0.705217	-0.562006	-0.760276	-1.066803	-0.013135	-0.542709	0.084759	-0.148923	-0.171871	0.129436	-0.081130	-0.778001	-0.057139	0.248523	-0.322483	-0.646081	-0.804014	-0.650869	0.359298	0.395561	-0.741912	-0.828122	-1.276484	-0.528604	-0.288300	-0.162108	-0.118329	0.093320	0.145502	0.169727	-1.275048	-0.321441	-0.080495	-0.773395	0.458987	0.830844	-1.029761	-0.494487	-0.614812	-0.921871	-0.481502	-0.889676	0.091828	-0.764821	0.069124	0.461195	-0.439900	-0.795386	-1.119416	1.137160	-0.939559	-0.140856	0.327298	-0.237045	-1.166000	0.772597	-0.832383	0.132926	0.449000	0.083399	-0.261553	-0.505102	0.216264	0.630172	-0.023136	0.132970	0.877604	0.005911	0.820689	-0.343616	-0.710574	0.874383	-0.955724	0.681753	-0.162419	0.104365	-0.773056	0.255006	-0.125035	0.358269	1.404515	1.308282	-0.660942	-1.093921	1.069268	-0.256379	0.316587	1.603154	-0.362052	-0.897039	-0.716797	-0.968909
-0.023944	0.720509	0.651753	-0.162692	-0.021857	0.264643	-0.752959	0.598775	-1.031872	0.326246	0.284943	-0.870041	-0.820485	-1.256731	-1.085337	-1.136903	-0.362182	-0.764141	-0.900299	-0.773005	-1.452543	-0.877694	-0.440691	0.652173	1.079017	0.228460	0.858281	-1.003464	-1.593633	-0.899422	0.010237	0.178755	-0.824324	-1.342794	-0.578200	-0.546851	0.870661	0.081493	0.500170	-0.188946	-0.718894	0.369115	-0.702690	0.056698	-0.076186	-0.155306	-0.379893	-0.071612	-0.492746	0.055417	-0.923140	-1.660189	-0.400634	-0.085905	-0.954480	0.427660	-0.465161	-0.507257	-1.005005	-0.504680	-0.101994	-0.235625	-0.566606	-0.093290	0.049143	0.167087	-1.123097	-0.187314	-1.548867	-0.883424	-0.250634	-0.423854	-1.405265	0.100752	-0.277257	-0.450294	0.624331	0.612196	-0.361881	-0.300695	0.687528	0.288828	-0.108339	0.060360	0.725056	0.093287	0.046359	0.276932	-0.435953	1.186030	-0.693048	-0.552779	-0.381366	-0.365831	-0.832948	-0.190843	-0.016359	1.172392	0.127583	-0.670124	0.077123	-1.533935	0.579791	-0.662311	0.244277	0.766520	0.327389	-0.830199	-1.265125	-1.440138
0.949890	1.214430	0.486824	-0.586605	0.060913	0.381445	-0.169103	1.035879	-0.139854	1.107304	1.025826	-0.532596	-0.967774	-1.530022	-0.504497	-0.329842	0.616658	0.158893	-0.725442	-0.474761	-1.426801	-0.445870	-0.506234	1.018707	1.046190	0.813829	1.045581	-2.176939	-2.165787	-0.579554	0.134811	-0.256663	-1.325194	-1.164822	-0.529819	-0.381596	0.792325	-0.215273	1.207692	0.722459	0.248264	1.181214	-0.931155	0.019287	-0.223360	-0.548793	-1.601632	-0.786818	1.115021	1.024445	-1.622924	-2.088195	-0.787525	-0.677042	-0.966569	0.306237	-0.455955	-0.480415	-0.917473	0.089933	-0.412551	0.240346	-1.552565	-1.175316	0.252725	0.781126	-1.115049	-1.189459	-0.908554	-0.513036	-1.431633	-1.088222	-1.410542	-0.800300	0.244306	-0.592179	0.409088	0.671730	-0.773940	-0.512893	0.624154	-0.291195	-0.447851	-0.736021	0.272178	0.083581	-0.272183	0.207576	-0.705238	0.823595	0.052602	-1.241184	-1.270630	-1.159092	-0.997475	-0.967467	0.221860	1.189230	-0.742272	-2.029577	0.231091	-1.556978	0.274743	-0.664846	0.064622	-0.240855	0.448404	-0.404673	-1.590302	-1.723945
1.041741	1.469832	0.327253	-0.939210	0.053914	0.610846	0.243425	0.992096	0.642358	1.238386	1.464319	0.061515	-1.061781	-1.145696	-0.089958	0.242382	1.419804	0.902667	-0.223739	-0.011618	-0.693270	-0.265968	0.127052	0.503545	0.588660	1.255545	0.521142	-2.080651	-1.368327	-0.215091	0.163120	-0.416691	-1.493365	-0.357460	-0.806312	-0.171123	0.913015	0.137773	1.229151	1.514783	0.946835	1.612412	-0.926922	-0.262728	-0.566256	-0.925712	-2.224618	-1.317397	1.846868	1.222406	-1.757568	-1.683932	-0.432163	-0.546008	-1.235267	-0.533264	-1.021230	-0.983108	-0.174709	0.557749	-0.008383	0.644608	-1.869263	-1.752303	0.050430	0.710853	-1.131614	-0.962511	0.048634	0.322448	-1.800326	-1.476124	-1.060379	-0.673981	0.562932	0.100758	0.232038	0.113418	-0.922225	-0.748624	0.184856	-0.318651	-0.398551	-1.266526	0.095974	0.005037	0.210798	-0.381112	-0.672557	0.228766	0.441247	-1.076127	-1.919612	-1.514737	-1.089063	-1.173034	0.348282	0.813383	-0.471042	-1.290938	-0.165840	-0.994547	0.442411	-0.533597	-0.040438	-0.801626	-0.204607	-0.336094	-1.638511	-1.559410
0.687940	1.512092	0.900925	-0.127814	0.054944	0.602936	0.546183	0.890279	1.172040	0.938352	1.553020	0.831785	-1.070737	-0.391367	-0.021905	0.142296	1.374311	1.091671	0.443895	0.276680	0.097676	-0.153092	1.095734	0.079302	0.706473	1.520203	-0.022666	-0.630333	-0.068381	0.118046	0.248831	0.231976	-1.139922	0.495472	-0.830011	0.305946	1.647942	1.120238	0.922413	1.860662	0.882765	1.322843	-0.593992	-0.286846	-0.680753	-0.880945	-1.336573	-0.962966	0.778018	0.192763	-1.329154	-0.675776	0.453147	0.146338	-1.309880	-0.948574	-1.463120	-1.312782	0.671392	0.655009	1.235433	0.969536	-0.950037	-1.083000	0.023556	0.444699	-0.869324	0.098391	0.188777	0.412695	-0.653116	-0.997826	-0.425795	0.617028	0.752930	1.335223	0.541928	-0.447354	-0.397125	-0.488805	0.114993	0.589546	0.305800	-0.685762	0.366695	0.039807	0.778046	-0.648634	0.462176	0.005085	0.278616	-0.220569	-1.441912	-0.869097	-0.830379	-0.357894	0.272609	0.782827	0.531406	0.683108	-0.469087	0.013334	0.515378	-0.489130	0.018504	-0.617089	-0.788605	-0.512229	-1.166837	-0.712678
0.760574	1.238205	2.032961	1.617017	-0.091542	-0.088794	0.677274	0.607238	1.410528	0.710483	1.385245	1.469157	-1.123413	0.050554	-0.012054	-0.355213	0.728716	0.742076	1.025627	0.459240	0.197680	0.377125	1.675667	0.439576	1.306421	1.476429	-0.072673	0.946199	0.833979	0.477883	0.625162	1.198623	-0.637247	0.846584	-0.212463	0.820227	2.378564	1.821111	0.739789	1.671377	0.365268	0.400014	-0.137466	-0.092705	-0.316312	-0.488909	0.348222	0.050785	-1.058042	-0.989120	-0.827821	0.283919	1.172170	0.840434	-0.718146	-0.330662	-0.811499	-0.771316	1.004933	0.389494	2.300276	0.957363	0.504800	0.312150	0.649484	0.690381	-0.314778	0.873798	-0.525153	-0.608297	0.880672	-0.122731	0.176071	1.727985	0.873133	2.130565	1.075735	-0.622342	0.259783	0.007008	0.792959	1.882944	1.154820	0.459338	0.815980	0.237517	0.646814	-0.299064	2.155918	0.207327	-0.100261	0.715247	-0.174630	0.338357	-0.352901	0.732061	0.015339	1.065644	1.134743	1.644788	-0.405430	0.942059	-0.087207	-0.593343	-0.013355	-0.081285	-0.578990	-0.252746	-0.272504	0.532430
1.366890	0.549846	2.550855	2.663911	-0.598685	-1.277663	0.394884	-0.295633	1.393878	0.661266	1.084583	1.475204	-1.359832	-0.289593	0.248572	-0.687606	0.293400	-0.074702	1.205582	0.707438	-0.443411	1.046377	1.514767	0.991947	1.111010	0.757735	0.244169	1.437400	1.180135	0.651774	1.056880	1.320577	-0.538625	0.494277	0.482672	0.687348	2.131818	1.384016	0.738080	1.007656	0.219428	-0.520159	-0.037041	-0.348243	0.123049	-0.282081	1.236577	0.745711	-1.703626	-0.966685	-0.723140	0.712251	1.074216	0.914309	0.275093	0.658777	0.642769	0.294404	0.791622	-0.006406	2.073226	0.397782	1.164145	1.146673	1.540940	1.360368	-0.036845	0.666166	-0.995103	-1.801100	1.100701	0.180512	0.370818	1.360831	0.715832	1.592609	1.084957	-0.772582	0.131385	0.026818	1.587379	2.455104	1.384687	0.754470	1.061468	0.375103	0.114983	-0.036147	2.863375	0.344858	-0.426818	1.066755	0.617913	1.034958	-0.086952	1.002260	-0.343792	0.948445	0.741816	0.789590	-0.502990	1.210430	-0.965010	-0.782343	-0.373647	0.107250	0.132448	0.498850	0.479079	1.342262
1.666433	-0.294226	1.661263	1.843682	-1.215768	-2.000925	-0.283245	-1.537820	1.249005	0.481874	0.685546	0.765379	-1.537107	-0.989243	0.630297	-0.613423	0.435564	-1.012222	0.888270	0.888417	-1.010600	0.879550	0.952882	0.685315	-0.533461	-0.466502	0.365604	0.749139	1.096090	0.332066	0.980939	0.204842	-0.807610	-0.220611	0.398144	-0.279467	0.835087	0.081121	0.606634	0.117042	0.762152	-0.784224	-0.402871	-1.152201	0.017476	-0.451753	0.707424	0.534694	-0.483499	0.186902	-0.860264	0.649853	0.355439	0.249595	0.918995	0.938027	1.480319	0.794447	0.591734	-0.195575	0.777457	-0.313613	0.548075	0.809434	1.831819	1.528527	-0.373573	-0.194048	-0.334220	-1.923318	-0.109418	-0.295240	0.081513	-0.128941	0.063417	-0.089982	0.391033	-1.260566	-0.760998	-0.506226	1.583522	1.721370	0.828590	-0.243069	0.784074	0.212886	0.205961	-0.452779	1.847492	0.047316	-0.559120	0.672947	0.250896	0.696743	-0.170680	0.353765	-0.558654	0.190188	-0.079321	-0.306482	-1.204002	0.782845	-1.062758	-0.847580	-0.714136	-0.219359	0.610615	0.914597	0.697278	1.212802
0.937668	-0.751520	0.118724	-0.055298	-1.344044	-1.489748	-0.838983	-2.033375	1.044647	0.010573	0.200587	0.032477	-1.149450	-1.081199	0.714024	-0.290092	0.763486	-1.384929	0.440917	0.782462	-0.669295	-0.432978	0.534968	-0.419564	-2.324111	-1.152182	-0.053267	-0.167490	0.509628	-0.327214	0.250837	-1.153687	-0.803061	-0.622311	-0.388298	-1.274319	-0.456629	-0.925546	0.221464	-0.530194	1.354312	-0.371457	-0.647676	-1.562542	-0.598675	-0.511656	-0.243690	-0.117694	1.213943	1.033050	-0.682511	0.419300	-0.033883	-0.501944	0.911807	0.328791	0.917990	0.260094	0.867242	0.034712	-0.131454	-0.379748	-0.391582	0.023257	1.183851	0.578451	-0.735456	-0.660310	0.932447	-0.756510	-1.110413	-0.741272	-0.326939	-1.097475	-0.824492	-1.575105	-0.270764	-1.743249	-1.349600	-0.857438	0.735489	0.278201	0.086780	-1.335753	-0.056702	-0.166479	1.170784	-1.082764	0.179698	-0.518194	-0.338117	0.030910	-0.548695	-0.072665	-0.260092	-0.265763	-0.339594	-0.546047	-0.438440	0.059538	-1.950199	0.268093	-0.002838	-0.588157	-0.454544	-0.558059	0.634965	0.389655	0.598614	0.654369
-0.439459	-0.623798	-0.619842	-1.188230	-0.818510	-0.225114	-0.773329	-1.255438	0.689738	-0.495390	-0.227942	0.033966	-0.171375	-0.274351	0.369828	0.034652	0.729602	-0.970054	0.358566	0.545570	0.404481	-1.809041	0.348741	-1.119387	-2.327607	-0.592158	-0.730739	-0.283042	-0.436489	-0.699433	-0.597712	-1.527163	-0.165370	-0.364284	-0.895056	-1.367182	-0.749537	-0.935470	-0.038026	-0.566356	1.203071	0.110323	-0.243465	-0.894791	-0.981357	-0.019862	-0.335275	-0.339316	1.576010	0.606390	-0.103807	0.194077	0.327321	-0.591602	0.663291	-0.337704	-0.224955	-0.550126	1.349941	0.532018	0.266234	0.373012	-0.391716	-0.095276	0.102131	-0.875031	-0.361986	0.006070	1.396080	0.664212	-0.647565	-0.425782	-0.432446	-0.609543	-1.251603	-1.579620	-0.268914	-1.687040	-0.931291	-0.497262	-0.118897	-0.674483	-0.240986	-1.247041	-0.973104	-0.456458	1.925045	-1.129327	-0.517760	-0.947922	0.119346	-0.222957	-0.565467	-0.301359	-0.029213	-0.098958	0.156934	-0.658885	-0.362293	1.352967	-1.762233	0.221674	1.312079	-0.181580	0.200204	-0.568353	0.441727	-0.598949	0.560749	0.546530
-1.348580	-0.394079	-0.203421	-0.782697	-0.212151	0.464290	-0.298586	-0.104606	0.126365	-0.705052	-0.403731	0.585221	0.699586	0.618656	-0.011767	0.187372	0.247927	-0.503324	0.637861	0.571089	1.057085	-1.899181	0.062842	-0.679088	-0.495027	0.363433	-1.099000	0.481768	-0.986185	-0.426507	-0.912978	-0.840932	0.653692	0.181715	-0.494393	-0.590196	-0.206076	-0.408405	0.210690	-0.120276	0.331710	0.122924	0.355875	0.121380	-0.611151	0.665299	0.430591	0.066536	0.396193	-0.473730	0.353086	0.020369	0.573701	-0.169182	0.583126	-0.310659	-0.625550	-0.594363	1.266582	0.818916	1.130145	1.049662	0.600375	0.600914	-0.671520	-1.565053	0.497765	1.331167	0.494814	1.086989	0.529577	0.314733	-0.272563	0.425486	-0.763867	-0.209157	-0.001114	-1.157602	-0.096974	0.175175	-0.262349	-0.528436	-0.267888	-0.236770	-1.240024	-0.516893	1.357296	-0.614521	-0.034457	-1.042597	0.292710	0.040471	0.388616	0.177539	0.355866	0.538221	0.235393	-0.470029	-0.624755	1.529420	-0.584721	0.508305	1.605988	-0.157697	0.250803	-0.562397	0.109626	-1.098434	0.575859	0.931084
-1.269861	-0.666339	0.416830	0.272359	-0.140316	-0.002847	-0.188411	0.181933	-0.487517	-0.632872	-0.350484	0.759624	0.921047	0.781984	0.008335	0.062186	-0.331136	-0.703600	0.768854	0.859415	0.359571	-0.705793	-0.469710	0.183452	1.076236	0.214663	-0.986098	1.147875	-0.507919	0.070170	-0.580284	-0.017368	1.045238	0.449161	0.430635	0.244590	0.278854	-0.092618	0.646216	0.305273	-0.592061	-0.235023	0.131932	0.258804	0.133567	0.764841	0.949080	0.509197	-1.000581	-1.082528	0.495937	0.148861	-0.260533	-0.175737	0.518691	0.278298	-0.034282	0.241604	0.258924	0.535486	0.906464	0.722559	1.421066	1.246593	-0.800764	-1.029333	0.869563	1.976538	-0.798001	0.220424	0.763216	0.530275	-0.224174	0.501587	0.271189	1.131341	-0.282117	-0.556127	0.162244	0.393282	0.258701	0.285563	-0.425719	0.549513	-0.673934	-0.402711	-0.150336	-0.071328	0.376059	-0.779212	-0.052392	0.443200	1.303711	0.640905	0.454693	0.749997	-0.522273	-0.671149	-1.322275	-0.181340	0.591100	0.568381	0.553963	-0.687265	-0.735361	-0.786187	-0.421544	-0.829792	0.468993	0.977727
-0.852267	-1.369509	0.531878	0.866885	-0.525568	-0.767325	-0.817358	-0.409526	-0.909538	-0.561808	-0.313230	0.153049	0.886131	0.460913	0.368765	-0.264589	-0.631138	-1.130324	0.458500	0.889551	-1.311848	0.409476	-0.943667	0.309794	0.694370	-1.103225	-0.707970	0.813809	0.472772	0.118277	-0.070181	0.237067	1.107072	0.451100	1.185560	0.593733	0.338382	0.079509	0.504965	0.368402	-1.140606	-0.467811	-1.058732	-0.472303	0.491549	0.136485	0.597402	0.542841	-1.548480	-1.094392	0.885832	0.859633	-1.628164	-1.077914	0.130354	0.749088	0.687965	1.161797	-1.056729	-0.104093	-0.605787	-0.272723	1.211663	1.223909	-0.424327	-0.098856	0.425928	1.221302	-1.240751	-1.132971	-0.211227	-0.005780	-0.355610	-0.457375	0.892056	1.240550	-1.040058	0.071264	-0.181270	0.026477	0.922488	0.956882	-0.543174	0.848692	0.122977	-0.048489	-1.087339	0.503156	-0.134566	-0.149016	-0.338302	0.639373	1.307145	0.561131	0.161621	0.198288	-1.504328	-1.233676	-1.431437	-2.152357	0.990284	0.189922	-0.889070	-1.123784	-1.781576	-0.757780	-0.891224	-0.314601	0.389331	0.238911
-0.882046	-1.799263	0.492931	0.914821	-0.795802	-0.754649	-1.555257	-0.846488	-0.984443	-0.587472	-0.374959	-0.555684	1.281727	0.417224	0.647183	-0.445975	-0.522063	-0.795298	0.048210	0.323907	-2.531659	0.340746	-0.983618	-0.328873	-0.857343	-1.980334	-0.446449	-0.194832	0.689561	-0.307703	0.087289	0.010704	1.347246	0.608230	1.548012	0.568337	0.423454	0.633126	-0.302516	0.162619	-1.352357	-0.359184	-2.018677	-0.865837	0.281641	-0.505722	0.033921	0.475655	-1.395144	-1.128409	1.805406	1.762063	-2.005287	-2.148245	-0.434095	0.704525	0.833138	1.477832	-1.626911	-0.450617	-1.877046	-0.645520	0.444233	0.902520	0.119992	0.217541	-0.102982	-0.234844	-0.750218	-2.013152	-0.935085	-0.420530	-0.283371	-1.050325	0.477482	0.271192	-1.285766	0.806982	-0.295745	-0.311248	1.286269	1.080374	0.011480	1.322125	0.445131	0.625428	-0.692884	1.452029	-0.897276	0.616245	0.039744	0.539141	0.689153	0.314466	-0.119907	-0.507850	-1.649799	-1.418689	-0.333270	-2.305333	0.816746	-0.245304	-1.392038	-0.730827	-1.557345	-0.034819	-0.836740	-0.031517	0.627355	-0.603804
-1.125893	-1.486118	0.729488	0.896221	-0.622869	-0.124944	-1.385504	-0.549375	-0.639144	-0.443949	-0.322955	-0.570767	1.887523	0.672493	0.630439	-0.167170	-0.160815	0.263224	-0.057941	-0.446527	-2.176095	-0.549471	-0.602700	-0.686063	-1.441757	-1.265902	0.113887	-0.736347	-0.245749	-0.597376	-0.164287	-0.294738	1.670749	0.842939	1.587883	0.362782	0.818487	1.315561	-0.864645	-0.059162	-1.231591	-0.182483	-1.555775	-0.268881	-0.035495	-0.577047	0.184361	0.795589	-1.086729	-1.307275	2.393454	1.798479	-1.041163	-2.306276	-0.601636	0.358564	0.607541	1.251797	-1.062204	-0.147248	-1.513059	0.169147	0.136258	0.855762	0.510749	-0.058016	0.004910	-1.230454	-0.112543	-2.145301	-0.274751	0.067457	0.170903	-0.396618	-0.537897	-0.776123	-0.511015	1.169590	0.266428	-0.084275	1.175954	0.718199	1.136064	1.955160	0.134882	1.180359	0.125089	2.338382	-0.864375	0.891544	0.634285	0.040169	0.336346	0.516541	0.023363	-0.569772	-0.792127	-0.826418	0.890156	-0.568581	0.579094	-0.271696	-0.526502	0.221233	-0.030628	0.728483	-0.230011	0.085673	1.012604	-0.611670
-0.831019	-0.763476	0.847326	0.862149	-0.179369	0.107844	-0.132791	-0.002869	0.042330	0.050651	-0.092163	-0.097818	1.747015	0.521903	0.446457	0.446843	0.078932	0.898574	-0.100382	-0.789525	-0.471251	-0.988814	-0.211913	-0.193157	-0.324949	0.174308	1.229478	-0.349074	-1.235578	-0.375712	-0.443092	-0.518151	1.343407	0.460111	1.209732	-0.122275	0.977153	1.086758	-0.485422	-0.267916	-0.661198	-0.241126	0.031935	0.543801	-0.169870	-0.399805	0.926832	1.325312	-0.677230	-1.175030	1.647954	0.495624	-0.062507	-1.318444	-0.120501	0.176781	0.607149	0.966323	-0.048251	0.427778	0.008912	1.197101	0.448979	0.867244	0.552579	-0.140681	0.524150	-1.451717	0.277005	-1.751161	1.065658	1.030151	0.603846	0.688821	-1.073376	-1.283062	0.469954	0.469355	1.037984	0.535535	0.601975	0.040967	1.714941	1.710577	-0.520446	0.830641	0.087504	2.078309	-0.156551	0.290828	0.446981	-0.932943	0.513774	1.024214	0.507203	0.058843	0.105081	0.063465	0.686570	1.218627	0.313695	0.136863	0.768287	0.678769	1.461338	0.446022	0.386135	0.306234	0.981137	0.165392
-0.087576	-0.272262	0.350939	0.538128	0.259831	-0.307064	1.214012	0.180973	0.674661	0.530791	-0.036364	-0.019220	0.638163	-0.213568	0.191009	0.971956	-0.143923	0.471325	-0.587205	-0.665986	1.285684	-0.266803	-0.226889	0.433268	1.089176	0.649432	2.346884	0.265383	-1.050966	0.084615	-0.424812	-0.660255	0.171314	-0.758171	0.367973	-0.860044	0.263143	-0.374835	0.213228	-0.591587	0.079988	-0.415823	1.283286	0.565483	-0.365285	-0.619842	1.304712	1.417505	-0.062735	-0.670092	0.045551	-1.099870	-0.033705	0.161601	0.546849	0.369669	0.980525	0.913900	0.420939	0.644042	0.929236	1.154994	0.602222	0.308956	0.278650	0.337423	0.696023	-1.333297	0.663582	-0.906746	1.612824	1.400226	0.626514	0.994350	-0.635898	-1.291214	0.541922	-0.981886	1.384541	0.970013	-0.285837	-0.759054	1.032086	0.276316	-1.129330	-0.416159	-0.712207	0.562099	0.283659	-0.547565	-0.449375	-1.900990	0.675937	1.104865	0.898656	0.675231	0.221719	0.554041	-0.662282	1.633099	-0.074795	0.623648	1.141068	0.276082	1.775238	-0.698283	0.529593	0.673322	0.414236	0.810207
0.196252	-0.081879	-0.337066	0.064774	0.644205	-0.425040	1.580104	0.169500	0.794636	0.408163	-0.418305	-0.618425	-0.334958	-0.683034	-0.189719	1.223623	-0.758886	-0.270881	-1.289008	-0.559053	1.946817	1.102790	-0.632824	0.284549	1.327868	-0.127343	2.361514	0.364528	0.140799	0.418620	-0.093773	-0.578648	-0.882439	-1.851210	-0.480984	-1.321455	-0.961381	-1.878729	0.065571	-0.906559	0.308052	-0.286701	1.281944	0.000083	-0.788854	-1.137590	0.846476	0.901013	0.427841	-0.305470	-0.766219	-1.447645	-0.141738	1.389938	0.749907	0.724419	1.358891	1.039860	0.094510	0.416934	0.316329	0.107137	0.080806	-0.715854	-0.068023	0.930535	0.290481	-1.094638	1.073867	0.376858	1.094986	0.911669	0.466792	0.615996	0.100409	-0.910746	-0.191425	-1.749731	1.273223	0.965006	-1.187284	-1.339623	-0.142050	-0.924668	-1.273906	-1.302825	-1.046241	-0.719373	0.191457	-0.419597	-0.640549	-1.897062	0.381347	0.490171	0.966799	0.695938	-0.110121	0.531752	-1.171154	1.104227	-0.229263	0.835307	0.339386	-0.040375	1.127940	-1.206334	0.295862	1.052962	-0.000064	0.703365
-0.275732	0.306600	-0.422935	-0.130645	0.965898	0.453848	0.958077	0.500316	0.343183	-0.305207	-0.866240	-1.178918	-0.085287	-0.132656	-0.578740	1.348645	-1.234777	-0.344504	-1.294865	-0.657808	1.418166	2.036430	-0.931082	-0.376810	0.713924	-0.819263	0.861285	0.097539	1.044268	0.656664	0.399244	-0.133634	-0.759809	-1.673915	-0.682151	-0.971041	-1.560993	-2.043811	-0.959428	-0.788066	-0.213888	0.342978	0.553064	-0.099191	-1.026139	-1.169771	0.089983	0.325107	0.409450	-0.282000	-0.070389	-0.443111	0.710785	1.978648	0.394347	0.808600	1.372852	1.119654	-0.393842	0.242893	-0.950060	-0.661501	-0.633363	-1.283265	-0.298674	1.058497	-0.143906	-0.557525	1.020709	1.600255	0.523444	0.343306	0.520883	0.481108	0.186297	-0.158675	-0.574826	-0.889430	1.062336	0.780525	-1.756416	-1.395075	-0.548566	-0.467687	-0.712149	-0.722440	-0.400541	-0.425001	0.165368	0.891196	0.755046	-0.606178	-0.091384	-0.242717	0.856536	0.255464	-0.026357	0.338864	0.088713	0.782630	0.231847	0.615375	-0.512194	0.654171	0.500388	-0.286540	0.081426	1.317771	0.346643	0.042180
-0.679224	1.051543	-0.048047	-0.173825	1.016712	1.588757	0.210846	1.121186	-0.294726	-0.837814	-0.753496	-0.952218	0.942590	0.925016	-0.651901	1.341134	-1.081954	0.103266	-0.321721	-0.592052	0.498193	1.916910	-0.656193	-0.490596	0.569503	-0.360595	-1.123020	-0.057653	0.797848	0.884658	0.727046	0.402030	0.308862	-0.403391	-0.223845	-0.043758	-0.984115	-1.004602	-1.597803	-0.083943	-0.803579	1.099647	0.143284	0.618083	-0.574855	-0.336021	-0.279295	0.125398	0.127629	-0.131756	0.879936	0.385314	1.888481	1.859717	-0.068529	0.327738	0.941266	0.881106	-0.358438	0.462706	-1.371979	-0.314764	-0.755331	-0.833456	-0.504028	0.591263	-0.101201	0.231962	0.316596	2.050464	0.548703	0.316329	0.563314	0.635648	-0.375381	0.656881	-0.033590	0.752404	0.875417	0.687761	-1.817082	-1.041673	-0.092988	0.917515	0.197855	0.685617	0.261227	0.756517	0.359203	1.983306	2.480257	0.866154	-0.206476	-0.451857	0.734072	-0.126052	0.605778	0.185291	1.503792	0.756992	0.963381	-0.016305	-0.337542	1.758317	0.267750	0.933057	-0.011751	1.310955	0.956244	-0.696054
-0.323602	1.529049	-0.141091	-0.684744	0.617883	1.661306	-0.048271	1.355515	-0.762225	-0.545512	-0.032023	-0.086349	1.273440	1.266107	-0.360676	0.864769	-0.349950	0.237896	0.674121	-0.083911	0.000685	0.963800	0.031863	0.263742	1.181696	0.737347	-2.026604	-0.206331	-0.176779	0.830702	0.390988	0.493452	1.048871	0.619559	0.156121	0.616436	0.075923	-0.083467	-0.945270	0.664635	-0.665634	1.281757	0.300079	1.312211	0.395442	0.822161	-0.272172	0.029741	0.162304	0.474446	0.462463	-0.151191	1.774672	1.261733	-0.278144	-0.582985	0.173326	0.145581	0.186805	0.787624	-0.539222	0.579441	-0.237602	0.080917	-0.850198	-0.246006	0.197498	0.825542	-0.399032	1.739185	0.676874	0.500420	0.017734	0.164276	-0.702267	1.016185	0.709006	1.496519	0.559982	0.574409	-1.437152	-0.705799	0.278480	1.146986	0.668170	1.197976	-0.070703	0.935787	0.048711	1.333094	2.331661	1.054359	0.082672	-0.188895	0.542019	-0.199571	1.078027	0.069644	1.067470	0.203279	1.216772	-0.830540	0.572663	1.773651	-0.041269	0.905884	-0.206935	0.873560	0.699577	-1.219239
0.355188	1.110648	-0.891861	-1.630920	0.023207	0.504463	0.037709	0.791146	-0.978267	0.218840	0.664608	0.626754	0.389160	0.577214	-0.115458	-0.189550	0.468417	-0.098398	0.689799	0.526341	0.021688	-0.185708	0.476264	0.953979	1.475596	1.227780	-1.458190	-0.752871	-0.842330	0.230602	-0.568693	0.093179	0.749664	0.662261	-0.018101	0.623608	0.612372	0.094436	0.327174	0.744523	0.027307	0.562534	0.493596	1.162820	1.168994	1.495887	-0.276309	-0.345704	0.520231	1.071723	-1.059285	-1.312079	0.215871	0.583141	-0.289185	-1.361153	-0.675019	-0.878492	0.675148	0.685634	0.642370	0.913775	0.287775	0.554631	-1.197170	-1.111399	0.213033	0.868472	-0.361972	1.337736	0.312645	0.318378	-0.980725	-1.139571	-0.241725	0.777468	0.793034	0.894557	0.130019	0.222532	-0.751574	-0.527054	0.110839	-0.302854	0.421477	0.303026	-0.899282	-0.383019	-1.007333	-0.713429	0.052916	-0.013325	0.352234	0.067878	0.227246	-0.101745	0.924670	0.073216	-0.758760	-0.980399	0.776828	-1.390971	1.113626	0.404957	-0.654633	-0.184296	-0.524280	0.144994	-0.576816	-1.285956
0.562979	0.070054	-1.257074	-1.961860	-0.216014	-0.717812	0.089760	-0.208760	-0.915376	0.431159	0.754233	0.646309	-0.511875	-0.112057	-0.237751	-1.257561	0.916924	-0.277403	-0.006539	0.651388	-0.019775	-1.042643	0.292201	0.538508	0.615114	0.675675	-0.595156	-1.501719	-0.678782	-0.600622	-1.007516	-0.123794	0.080889	0.518990	-0.213191	0.551763	0.509807	0.326418	0.796395	0.161080	0.313660	-0.575330	0.430336	0.462246	1.291480	1.392979	-0.317282	-0.711026	0.584051	0.954579	-1.670646	-1.333774	-1.068936	0.007363	-0.279673	-1.440670	-1.169783	-1.555264	0.695466	0.050639	1.133556	0.377584	0.419962	0.453485	-1.184427	-1.613755	-0.091051	0.401704	0.377536	1.028456	-0.235183	-0.088370	-1.431828	-2.112815	0.559371	0.295969	0.406488	0.118215	-0.147023	-0.238091	0.159647	-0.194928	-0.024154	-1.534109	0.116010	-0.576614	-0.785776	-1.589452	-1.677023	-2.101283	-1.936430	-0.696455	0.318640	0.131376	-0.023909	0.005309	0.566960	0.315160	-1.558870	-1.664902	0.049423	-1.349510	0.913193	-0.827765	-0.909891	-0.689258	-0.577251	-0.349940	-1.579960	-0.676688
0.283629	-0.705088	-0.437549	-0.953466	0.113365	-0.992575	0.042927	-0.952286	-0.517605	-0.347818	0.291983	0.119200	-0.160847	0.149772	-0.516780	-1.595543	0.878345	0.028616	-0.377602	0.178390	-0.567618	-1.428150	-0.228949	-0.849808	-0.863746	-0.271300	-0.633641	-1.741623	-0.026175	-1.011447	0.112548	0.366532	0.041975	1.171556	0.317282	1.031625	0.384242	1.367267	0.017657	-0.387820	-0.282158	-1.277811	0.381308	0.076659	0.944817	0.799902	-0.129355	-0.499872	0.051213	0.137516	-0.201644	0.293792	-0.742366	-0.558303	-0.255232	-0.794210	-0.999166	-1.394581	0.358892	-0.684557	0.769457	-0.403796	0.353051	0.317325	-0.727962	-1.502800	-0.267412	-0.284523	1.067789	0.326991	-0.303417	-0.138924	-0.707918	-1.715992	0.920396	-0.068799	0.284512	0.251362	-0.133233	-0.444784	1.085106	0.447925	0.387650	-0.816152	0.431822	-0.077306	0.681902	-1.182135	-0.853766	-1.454260	-1.433534	0.168935	0.115212	0.185347	0.000322	0.111561	0.619134	0.664274	-0.170901	-0.973906	-0.563254	-0.802520	0.594240	-0.516398	-0.188007	0.231012	-0.104239	-0.223053	-1.164252	0.400280
0.049889	-0.749099	0.788973	0.547424	0.584747	-0.492390	0.046542	-1.052083	0.020848	-1.297355	-0.202802	-0.394276	0.943532	0.910704	-0.565553	-1.125306	0.537302	0.413227	-0.114019	-0.395404	-1.195415	-1.313174	-0.549792	-1.940789	-1.719747	-0.800807	-1.240705	-1.227237	0.445701	-0.791250	1.850248	1.077879	0.548047	2.081618	1.200068	1.663240	0.470615	2.432444	-0.999384	-0.444285	-1.054267	-1.171893	0.503313	0.221712	0.552079	0.214504	0.222002	0.126013	-0.551046	-0.602260	1.889058	2.031442	0.459439	-0.997287	-0.153797	0.000482	-0.414333	-0.661370	0.020097	-1.009994	0.134774	-0.755480	0.328447	0.381608	-0.183828	-0.932182	-0.115297	-0.792723	1.131193	-0.652027	0.070713	0.208957	0.482116	-0.469598	0.683715	-0.233937	0.499815	0.922996	0.008214	-0.295183	1.522760	0.949475	0.913360	0.961276	1.026281	1.153419	2.114737	0.215163	0.732869	0.246701	0.633628	1.604150	-0.012723	0.290388	0.201928	0.195569	0.926173	0.797199	1.766566	0.337602	-0.835371	-0.216564	0.550131	0.729207	0.904421	1.477633	0.522254	0.238352	0.090807	1.189264
0.070959	-0.342898	0.907493	0.955875	0.605904	-0.015606	0.148583	-0.543517	0.266698	-1.195575	-0.312121	-0.451842	1.149780	0.928852	-0.333658	-0.427768	0.159327	0.405692	0.124300	-0.517039	-1.001222	-0.727787	-0.457906	-1.563958	-1.293161	-0.655227	-1.092201	-0.470531	0.371798	-0.325677	1.935794	1.010230	0.633089	1.724005	1.203740	1.413058	0.323958	1.962554	-1.006729	-0.239310	-0.927263	-0.567819	0.491495	0.354005	0.310415	0.004149	0.306534	0.348116	-0.500651	-0.573106	2.071856	1.966180	0.821744	-0.864902	-0.017481	0.322364	-0.049127	-0.104644	-0.134891	-0.758860	-0.202839	-0.555826	0.232861	0.296283	0.056397	-0.323753	0.080983	-0.759478	0.603248	-0.863848	0.244539	0.378485	0.854884	0.242617	0.307677	-0.235709	0.435452	1.001440	0.073015	-0.042598	1.010555	0.695112	0.736519	1.435698	0.930980	1.304881	1.794349	0.784073	1.203764	0.910371	1.387033	1.605962	-0.011909	0.229663	0.271292	0.143284	0.766155	0.545486	1.841694	0.673051	-0.546431	0.025410	0.350062	1.080682	1.046627	1.411905	0.641990	0.363520	0.590536	1.006963
0.190223	0.118302	-0.367794	-0.054828	0.100933	0.100653	0.287016	0.309386	0.090161	0.105080	-0.054634	-0.076186	-0.044000	-0.120259	-0.001784	0.090878	-0.138402	0.021779	-0.088458	-0.149786	0.168520	0.165452	-0.103731	0.170587	0.069388	-0.081506	0.211088	0.095864	-0.123290	0.045919	-0.200305	-0.027686	-0.074793	-0.223050	-0.011702	0.077378	-0.296763	-0.236649	0.098030	-0.101761	0.226030	0.129908	0.152619	0.139377	0.172024	0.162301	-0.023238	-0.133329	0.243119	0.160074	-0.095664	-0.004464	-0.109021	-0.079700	0.089288	0.117452	-0.139291	-0.022990	-0.154637	-0.130810	-0.181577	-0.060287	-0.056385	-0.148144	-0.027036	0.111717	0.096006	-0.206361	-0.187523	0.078672	-0.049215	0.091178	0.137590	-0.020072	0.106046	-0.125898	-0.167111	0.181616	0.034644	0.115511	-0.304122	-0.300566	-0.239292	-0.040772	-0.085158	-0.104036	-0.329615	-0.023638	0.039706	-0.028996	-0.110680	-0.237274	0.041319	-0.088694	0.103817	-0.071798	-0.071933	0.027365	-0.238765	-0.358430	0.263764	-0.062221	-0.326510	-0.027548	-0.060938	-0.147923	0.136774	-0.045741	-0.154848	-0.042243
