X1	X2	X3	X4	X5	X6	X7	X8	X9	X10	X11	X12	X13	X14	X15	X16	X17	X18	X19	X20	X21	X22	X23	X24	X25	X26	X27	X28	X29	X30	X31	X32	X33	X34	X35	X36	X37	X38	X39	X40	X41	X42	X43	X44	X45	X46	X47	X48	X49	X50	X51	X52	X53	X54	X55	X56	X57	X58	X59	X60	X61	X62	X63	X64	X65	X66	X67	X68	X69	X70	X71	X72	X73	X74	X75	X76	X77	X78	X79	X80	X81	X82	X83	X84	X85	X86	X87	X88	X89	X90	X91	X92	X93	X94	X95	X96	X97	X98	X99	X100	X101	X102	X103	X104	X105	X106	X107	X108	X109	X110
-0.016869	-0.075240	0.367893	0.281875	0.190462	-0.138068	0.112675	-0.147519	0.180709	0.045499	0.203443	-0.029253	0.136078	0.102426	0.262718	0.345296	0.249318	0.396773	0.176829	0.230187	0.270767	0.133893	0.097628	0.028858	0.075735	-0.021481	0.122299	0.148077	0.155657	0.295704	0.153251	0.092010	0.111066	0.076682	0.038873	0.057325	0.051395	-0.026122	-0.011254	-0.100929	0.097498	-0.077047	0.205900	-0.079363	0.231564	0.216807	0.124913	0.097034	-0.076164	-0.034356	0.121054	0.118928	0.054788	-0.124309	0.028831	-0.137965	0.130948	0.071267	0.079125	-0.037554	0.186495	0.057638	0.078435	-0.026119	0.136284	0.240954	0.342474	0.336907	0.247832	0.353312	0.099967	0.129736	0.137487	0.274160	0.366250	0.331546	0.206175	0.064567	0.094212	0.069793	0.277289	0.012326	0.394912	0.246491	0.218063	0.176924	0.056400	0.213101	0.148411	0.101366	0.227459	0.147687	0.002222	0.024794	0.115818	-0.023841	0.029561	-0.053851	-0.059897	-0.024878	0.309973	0.232872	0.035874	-0.057448	-0.105059	-0.027290	0.181720	0.221832	0.298884	-0.118081
1.115109	-0.436108	0.696376	-0.430747	0.033282	0.935318	-0.744744	1.058889	-0.458817	0.366476	-0.574662	-0.857077	2.095356	2.835445	0.755112	-0.118623	-0.569963	-0.871959	1.323794	0.175820	-1.929731	-0.760696	0.737760	-1.090021	1.608406	2.053688	-1.467439	-1.166631	-1.406193	-1.167520	2.194652	2.558809	2.106044	2.503851	3.056410	3.176039	2.108401	1.914493	1.049547	1.207776	0.351318	0.310749	2.422713	1.862427	2.593526	2.188887	1.434458	0.890455	1.445494	0.127326	1.400271	1.563934	2.446216	1.104731	-0.049142	-0.257751	-0.019810	-0.252085	0.543857	-0.314762	1.877389	1.524153	0.947755	1.157767	1.474000	0.539311	0.604750	0.467881	0.683276	1.379940	1.183434	1.282030	1.143196	0.569995	1.581926	0.750926	0.957964	1.996341	0.424671	1.435398	1.632794	-0.226898	1.521417	-0.617638	0.966859	-0.233847	-0.705523	-0.652851	1.158716	-0.492510	2.811040	-0.043152	1.391048	0.260535	1.489235	0.773939	-1.249077	-0.697876	-1.171376	-0.070792	0.150209	0.341833	-0.809349	-2.025113	-1.013286	-1.272180	-1.052328	-0.009726	-0.330596	-0.221063
1.390522	0.158395	0.110099	-1.070342	-0.113360	1.417723	-1.060976	1.571725	-1.137387	0.184341	-1.334497	-1.468400	2.363461	3.294819	0.363443	-0.757933	-0.492104	-1.075528	1.533775	0.021493	-2.572046	-0.757550	0.946222	-1.397876	2.076960	2.671736	-2.284589	-1.930950	-2.053232	-1.699488	2.371168	2.990261	2.464741	3.083631	3.446277	3.217546	1.885859	1.815931	1.194222	1.486372	0.754496	0.521858	2.819565	2.463307	2.957708	2.511783	1.974704	1.414522	1.955944	0.905658	1.884973	1.861498	3.058780	2.287273	0.749427	0.485975	0.553708	0.230196	1.308082	0.600080	2.719343	2.512945	1.457625	1.849495	1.310820	0.246227	0.626207	0.313821	0.814210	1.339064	1.877096	1.971241	0.930640	0.057089	1.257341	0.991482	1.268813	2.673789	0.733130	1.932848	1.161210	-0.443659	1.237976	-1.090313	0.823925	-0.590463	-0.819973	-1.249272	1.163361	-0.555300	3.085330	-0.273900	1.957804	0.975803	1.911096	1.233927	-1.500381	-0.684092	-1.250698	-0.593133	0.188717	0.125164	-0.922880	-2.146980	-0.815267	-1.401117	-1.174816	-0.623338	-1.406173	0.321849
0.691190	0.862616	-0.984866	-1.338966	-0.046658	0.769795	-0.640015	0.837358	-1.211066	-0.434518	-1.464099	-1.677433	0.898852	1.278985	-0.253378	-1.045460	0.488210	-0.216435	0.824312	-0.235458	-1.384823	0.171494	0.439660	-0.987862	1.171746	1.321722	-1.776917	-1.547716	-1.529652	-1.155620	0.722974	1.292982	1.130392	1.524928	1.179699	0.383965	-0.149423	-0.186271	0.302416	0.458898	0.962684	0.241359	1.380653	1.393880	1.142635	1.082563	1.440689	1.348813	1.222855	1.518008	1.147510	0.740351	1.615982	2.404191	1.709373	1.214060	1.214337	0.909336	1.949513	1.791599	2.207304	2.293830	1.197180	1.510217	-0.052009	-0.587060	0.565592	0.030410	0.673200	0.439861	1.686258	1.709974	-0.027433	-0.639999	-0.259448	0.935260	1.008019	1.948620	0.682742	1.255912	-0.483567	-0.656669	-0.209018	-0.882434	-0.180488	-0.833939	-0.406439	-1.288883	0.204480	-0.198176	0.993816	-0.551369	1.292104	1.512340	1.143821	1.134823	-0.751936	-0.189227	-0.393974	-1.206523	0.609728	-0.014324	-0.315198	-0.707408	0.062209	-0.458958	-0.486576	-1.140301	-1.962835	0.916056
-0.393622	0.258303	-1.478898	-1.054302	0.224543	-0.838216	0.062081	-0.897171	-0.244446	-0.926397	-0.565865	-1.347826	-0.815959	-1.263777	-0.067429	-0.671067	1.330808	0.570644	-0.102455	-0.620383	0.370348	1.115275	-0.521377	-0.591521	-0.353833	-1.071780	-0.290855	-0.188317	-0.484772	-0.310831	-0.983682	-0.764994	-0.429063	-0.685383	-1.381620	-2.371730	-1.498697	-2.086432	-0.929531	-1.119264	0.486023	-0.571271	-0.332507	-0.370596	-1.185179	-0.701386	0.347828	0.720075	-0.059725	0.883101	-0.446329	-0.914187	-0.512189	0.892754	1.417641	0.571611	0.847655	0.667651	1.743504	1.499669	0.582271	0.687326	0.179932	0.241378	-1.114215	-1.398631	0.537674	-0.172845	0.384841	-0.377278	0.561827	0.485170	-0.470119	-0.380380	-1.463289	0.522002	0.422373	0.610609	0.164743	-0.021818	-1.291839	-0.919667	-1.370916	-0.185688	-1.156015	-0.917167	-0.107874	-0.802789	-0.803056	-0.042030	-1.510022	-0.820193	-0.120395	0.986761	-0.067479	0.712663	0.054605	0.033150	0.368582	-1.189536	1.137854	0.291178	0.417174	0.472005	0.285854	0.471964	-0.192478	-0.883760	-1.033765	0.592445
-1.170792	-1.259242	-1.028324	-0.412650	0.308851	-2.178454	0.320874	-2.340353	0.965846	-0.814992	0.641877	-0.438770	-1.386835	-2.242049	0.500965	-0.298877	1.031368	0.340866	-0.718647	-1.056908	1.201058	1.226575	-1.105671	-0.488433	-1.319154	-2.744686	0.985405	0.965495	0.186715	0.010857	-1.305509	-1.522945	-0.850334	-1.729241	-2.152103	-2.798718	-0.833489	-2.295774	-1.673622	-2.017575	-0.531406	-1.284816	-1.011300	-1.391271	-2.225132	-1.401995	-0.342942	0.088766	-0.895330	-0.517231	-1.776513	-1.760452	-1.717019	-0.892359	-0.124189	-0.928010	-0.289953	-0.249059	0.684497	-0.127043	-1.144999	-1.192623	-0.861468	-0.916952	-1.109649	-1.654491	0.269543	-0.407748	-0.093160	-0.765142	-0.742164	-0.929673	-0.210173	0.666258	-1.637066	-0.166919	-0.106389	-0.588012	-0.249768	-0.878879	-0.668181	-1.098981	-1.355455	0.416863	-1.287427	-0.738322	-0.074808	-0.156250	-1.066329	-0.328446	-2.625201	-0.854816	-1.126984	-0.183776	-0.634595	0.551184	0.304398	-0.299222	0.336086	-0.535124	1.105419	0.565544	0.773290	0.496706	-0.463412	0.543480	-0.628904	-0.004544	0.570902	-0.359387
-1.278007	-1.721474	-0.241006	0.336512	0.050286	-1.971164	0.096682	-2.224972	1.221047	-0.130199	1.063752	0.872715	-0.772936	-1.424124	0.256896	-0.478348	-0.086382	-0.376610	-0.906102	-1.085655	0.989071	0.711895	-0.680756	-0.122039	-1.252298	-2.565701	1.311218	1.036478	0.374019	-0.070654	-0.588521	-1.020999	-0.282967	-1.221423	-1.337297	-1.463207	0.490862	-1.140831	-1.591005	-1.588219	-1.247318	-1.081981	-0.781849	-1.099336	-1.657259	-0.812216	-0.257072	-0.062542	-0.833200	-1.083040	-1.871618	-1.247137	-1.658617	-1.159201	-1.305030	-1.306519	-0.701884	-0.405700	-0.369468	-1.037626	-1.907776	-1.824153	-1.111255	-1.030549	-0.586410	-1.135532	-0.375312	-0.723882	-0.696183	-1.028872	-1.341134	-1.606298	-0.087403	1.116310	-1.207833	-0.826008	-0.378938	-1.402980	0.023520	-0.821781	0.207855	-0.760312	-0.578502	0.668442	-0.633040	-0.157215	0.313731	0.483441	-0.561870	-0.436633	-2.166761	-0.330475	-1.030447	-0.685710	-0.242344	0.802467	0.442755	-0.586868	-0.129946	0.076212	0.353042	0.209740	0.643202	0.355068	-1.001270	0.033217	-0.736678	0.771157	1.296338	-0.663317
-0.725159	-0.247376	0.309452	1.111454	-0.134329	-0.353591	0.149199	-0.667682	0.542903	0.695349	0.644310	2.083828	-0.008516	-0.290645	-0.795955	-0.615921	-0.723552	-0.281928	-0.702109	-0.287169	0.819829	0.394393	0.427223	0.924398	-0.682534	-0.990341	1.109927	0.472568	0.720044	0.186770	-0.111543	-0.466640	0.017569	-0.353604	-0.614541	-0.348098	0.505502	-0.017792	-0.865538	-0.321873	-1.019487	0.033201	-0.549373	-0.234912	-0.545025	0.114726	-0.014047	0.016665	-0.256042	-0.240774	-0.913547	-0.159529	-1.196256	-0.136021	-0.975576	0.107953	0.206209	0.657709	-0.707673	-0.161347	-1.504352	-1.002612	-0.559222	-0.371774	-0.273028	-0.026830	-1.027016	-0.841343	-1.048625	-1.181556	-1.115753	-1.380725	-0.515568	0.224044	-0.658474	-1.150038	-0.455883	-1.822385	0.687800	-0.288693	0.353407	0.309620	0.071469	0.805054	0.023168	0.678797	1.289064	1.223138	0.090332	0.249795	-1.084922	0.667323	-0.283628	-0.144398	0.349691	0.844745	1.054694	-0.217270	-0.288133	0.219136	-0.458789	-0.516329	0.152099	1.088209	-0.310347	-0.220615	0.330356	1.019112	0.917592	0.080638
0.149794	1.677837	0.581738	1.671324	0.066019	1.131639	0.858107	0.925193	0.083184	1.186435	0.316651	2.530007	0.048989	-0.089731	-1.419604	-0.006225	-0.337879	0.743006	-0.293720	0.878077	1.227356	0.416007	1.203903	1.964549	-0.258870	0.524794	0.991916	0.156294	1.441706	0.853714	-0.279038	-0.538708	-0.645085	-0.290065	-0.837466	-0.263654	-0.667619	0.365877	0.103529	0.693142	-0.164356	1.050518	-0.705653	0.089143	0.057840	0.355984	-0.349094	-0.322064	0.125013	0.873167	-0.044442	0.276642	-1.005208	0.341290	0.127905	1.621921	1.130513	1.534459	-0.563709	1.048272	-0.712085	-0.086038	0.031574	0.021614	-0.168910	1.043687	-1.319793	-0.640115	-0.889534	-0.824634	-0.656805	-0.882260	-1.021449	-1.150314	-0.051883	-1.164996	-0.489531	-1.823322	0.856553	0.003318	0.062362	1.488041	0.226960	0.847081	0.069541	1.160334	1.817933	1.797460	0.230221	1.190360	-0.227076	1.345386	0.176473	0.354861	0.265411	0.093893	1.636340	0.502130	-0.037422	0.164682	-0.758423	-0.922621	-0.425803	1.974626	0.993797	0.028904	1.731195	0.744455	0.371732	0.796043
0.782809	2.074979	0.674699	1.547500	0.308597	1.253980	1.462298	1.363657	0.419614	1.096625	0.572668	1.899595	-0.480585	-0.558454	-0.932781	0.821525	0.241770	1.340595	-0.044610	1.327825	1.460268	0.102708	1.001823	1.865381	-0.026828	0.970544	0.805686	0.140890	1.792241	1.095503	-0.422093	-0.793609	-1.579273	-0.856876	-1.254327	-0.386620	-1.211784	0.414787	0.889646	0.830987	0.424576	1.044993	-0.886316	-0.393475	0.057351	-0.208322	-1.102929	-1.147042	-0.001813	0.988181	-0.008276	-0.188976	-0.829516	-0.482492	0.527225	1.444138	0.675795	0.888589	-0.611370	0.690197	-0.378250	-0.261341	0.020480	-0.318389	0.067677	1.350784	-1.267430	-0.420191	-0.476989	-0.023854	-0.486900	-0.695702	-1.059728	-1.625038	0.480933	-1.107227	-0.557090	-1.473220	0.199911	-0.130316	0.037815	1.777423	0.107524	0.413449	-0.280688	0.809897	0.854219	1.516073	-0.220880	1.172358	0.176277	0.954510	0.003559	-0.142340	-0.440988	-1.065254	1.192924	0.737744	0.149012	0.320379	-0.725939	-0.862786	-0.703912	1.580398	1.464626	0.288631	1.910614	0.073785	0.147397	0.492474
0.785421	0.899325	0.531829	0.680625	0.176029	0.435626	1.067120	0.798486	0.791873	0.548354	0.791948	0.658770	-0.870113	-0.708096	-0.023869	0.816855	0.179186	0.622068	-0.107342	0.718347	0.811665	-0.746413	0.184161	0.626220	0.222839	0.560770	0.255065	-0.036816	1.113377	0.470825	-0.161041	-0.623808	-1.689848	-1.076331	-0.927027	0.049364	-0.360579	0.618546	1.134896	0.407344	0.321480	0.270977	-0.731399	-0.927653	-0.040542	-0.802424	-1.435940	-1.666610	-0.336016	0.196674	-0.347604	-0.643425	-0.263511	-1.344721	-0.012729	0.063555	-0.584839	-0.525061	-0.917559	-0.860785	-0.520115	-1.057337	-0.456878	-0.854600	0.396554	0.765777	-0.926676	-0.351842	-0.265222	0.467518	-0.589387	-0.757409	-0.601651	-0.887784	0.576748	-1.008590	-0.627702	-0.969715	-0.604535	-0.321415	0.381873	1.030881	0.010570	-0.438511	-0.357037	0.021862	-0.821472	0.298084	-0.689578	0.039812	0.245549	-0.146995	-0.404892	-1.051031	-0.915779	-1.565065	-0.050368	0.284735	0.042747	0.570541	-0.752749	-0.691250	-0.498774	0.100780	0.719190	0.183448	0.757445	-0.662974	-0.020112	-0.371616
0.375198	-0.134941	0.161886	-0.237449	-0.126350	-0.018355	0.034850	0.257851	0.392966	0.012220	0.306941	-0.226840	-0.724245	-0.297806	0.316886	0.003005	-0.235065	-0.545793	-0.187587	-0.099650	-0.186100	-1.252964	-0.307271	-0.415405	0.413972	0.189060	-0.260295	-0.361531	-0.063118	-0.310010	0.051852	-0.126254	-0.895945	-0.588920	-0.112258	0.605605	0.610749	0.803893	0.803818	0.151651	-0.034402	-0.194086	-0.365572	-0.710352	0.015235	-0.699383	-0.920992	-1.171054	-0.372749	-0.405360	-0.280395	-0.361929	0.359250	-0.944744	-0.404891	-0.573344	-0.906332	-0.860693	-0.869623	-1.481167	-0.528522	-1.114495	-0.744451	-0.850671	0.474049	-0.037244	-0.326695	-0.214041	-0.350397	0.176582	-0.601485	-0.642015	0.000070	0.098636	0.158088	-0.733456	-0.608297	-0.482482	-0.695237	-0.225941	0.646049	0.170732	-0.019284	-0.922466	-0.006094	-0.329883	-1.317514	-0.811297	-0.642922	-0.913168	0.129351	-0.783073	-0.540977	-1.058795	-0.574683	-0.878878	-0.682381	-0.205511	-0.101330	0.459470	-0.795838	-0.598302	-0.096207	-0.737317	-0.175786	-0.072430	-0.254973	-0.922611	-0.270977	-0.631132
0.162722	0.107914	-0.200679	-0.475812	-0.147702	0.272138	-0.405135	0.326508	-0.275696	-0.049760	-0.415601	-0.194261	-0.352174	0.025766	-0.020650	-0.590608	-0.293785	-0.812154	-0.019495	-0.289401	-0.523756	-0.662163	0.022497	-0.253937	0.391606	0.324303	-0.195826	-0.417171	-0.569667	-0.400069	-0.092918	0.200491	-0.142388	-0.015777	0.230232	0.465353	0.458415	0.583779	0.335919	0.324416	-0.019029	0.139644	-0.100346	0.111130	0.016458	-0.096716	-0.081464	-0.061350	0.059537	-0.133191	0.073553	0.158680	0.422784	0.256315	0.033705	0.196544	0.070241	0.149453	-0.169627	-0.309613	-0.155003	-0.169164	-0.456898	-0.244528	0.247151	-0.300362	0.137046	0.044370	-0.472868	-0.429999	-0.299749	-0.242585	0.318509	0.332796	-0.312676	-0.399605	-0.438960	-0.104000	-0.074544	0.083071	0.422261	-0.040369	-0.114465	-0.580512	0.151766	-0.073877	-0.289701	-0.775133	-0.246990	-0.662955	-0.063417	-0.455723	-0.277827	-0.027213	0.204131	0.308141	-0.109342	-0.170096	-0.045555	-0.036485	-0.608985	-0.487280	0.080704	-0.147567	-0.184504	-0.128995	-0.181272	-0.519837	-0.403260	-0.026955
0.356929	0.848583	-0.331960	-0.119121	0.059989	0.455321	0.124431	0.583230	-0.167994	0.293939	-0.390267	0.343101	-0.248212	-0.189355	-0.350005	-0.376477	-0.009817	-0.207864	0.172897	-0.040396	-0.100199	0.403168	0.632031	0.514591	0.245941	0.569900	0.234981	-0.113429	-0.088514	0.047367	-0.247674	0.148956	-0.140091	-0.017308	-0.164477	-0.257963	-0.262798	0.086216	0.212186	0.506017	0.333509	0.603941	-0.064148	0.589780	-0.228588	0.144113	0.210992	0.478773	0.575474	0.531181	0.036829	0.053775	0.014476	0.808016	0.609635	0.971033	0.789995	0.823166	0.551073	1.037224	0.113221	0.538961	0.039231	0.312876	0.050561	-0.010907	0.035591	0.126332	-0.425741	-0.635924	0.065369	0.045027	0.207985	-0.078421	-0.352917	-0.302472	-0.230747	0.062018	0.401985	0.242504	-0.197620	0.136437	-0.309674	-0.021568	-0.303837	0.111965	0.560706	0.087968	-0.055735	0.179559	-0.239679	0.076955	0.065834	0.719104	0.527963	0.804198	0.617637	0.173717	0.138866	-0.314612	-0.216496	-0.267821	0.023725	0.713112	0.428722	0.025581	0.244529	0.057727	-0.309995	0.550937
0.437340	0.653187	-0.282371	0.102860	0.049647	-0.038351	0.584644	0.365327	0.471996	0.427498	0.235611	0.483224	-0.483771	-0.615165	-0.076714	0.179104	0.045984	0.037253	0.028011	0.007755	0.279195	0.594214	0.490798	0.613455	0.036704	0.324576	0.408401	0.255416	0.462107	0.324188	-0.247517	-0.103971	-0.575436	-0.498306	-0.591057	-0.653442	-0.337443	-0.132966	0.328111	0.290719	0.397115	0.422827	-0.255303	0.160943	-0.561809	-0.372276	-0.315822	-0.097511	0.498028	0.498693	-0.352571	-0.453410	-0.206589	0.175442	0.293028	0.383823	0.039125	-0.005373	0.405299	0.686033	-0.207779	0.017079	-0.004553	0.134330	0.081110	0.197798	-0.240707	0.050479	-0.267619	-0.440461	-0.042354	-0.168108	0.102566	-0.169785	-0.063297	-0.352594	-0.276159	-0.042428	0.073238	-0.002036	-0.627452	0.103161	-0.420204	-0.042280	-0.743812	-0.138867	0.103141	0.474748	-0.199930	0.304015	-0.341209	-0.017440	-0.039166	0.141475	-0.000643	0.203324	0.446874	0.243111	0.298203	0.051089	0.097750	0.072648	0.060216	0.603310	0.563451	0.207181	0.012068	0.262984	-0.023126	0.285847
-0.104709	-0.602470	-0.286620	-0.297950	-0.346108	-0.587768	-0.051654	-0.240615	0.221884	-0.086067	0.140177	-0.138991	-0.761588	-0.721398	0.684865	0.375708	-0.401508	-0.762950	-0.375459	-0.260357	-0.035930	-0.429013	-0.631901	-0.163714	-0.372772	-0.303581	0.193526	0.457773	0.111594	0.260689	-0.505969	-0.296068	-0.672955	-0.860881	-0.382986	-0.227009	0.234879	0.236683	0.187561	-0.057051	-0.143863	-0.169863	-0.627855	-0.613913	-0.704262	-1.057163	-1.077262	-1.019706	-0.439126	-0.699776	-0.376719	-0.386040	0.014664	-0.798537	-0.836173	-1.027203	-1.386408	-1.398087	-0.645514	-1.035745	-0.870499	-1.112611	-0.803353	-0.768119	0.149247	-0.071438	0.143319	0.295930	-0.190596	-0.380433	-0.734666	-0.719533	0.614185	0.616725	0.060648	-0.099256	-0.761250	-0.255666	-0.746667	-0.538810	-0.432573	-0.145267	-0.268920	-0.499826	-0.230160	-0.339950	-0.621819	-0.281155	-0.327478	-0.545130	-0.363086	-0.520477	-0.781553	-1.155396	-0.877527	-0.729014	-0.290857	-0.134014	0.391386	0.660567	0.046832	0.470510	0.281087	-0.189003	-0.276282	0.321150	-0.655651	0.148979	0.421371	-0.623432
-0.893485	-1.666785	-0.416310	-1.077536	-0.788357	-0.432989	-1.351869	-0.524699	-1.221581	-0.885187	-1.144195	-1.001126	-0.844722	-0.460713	1.284840	0.160540	-1.078735	-1.893931	-0.614343	-0.518579	-0.932593	-1.528110	-1.643862	-0.824341	-0.808009	-0.554981	-0.032220	0.480168	-0.965666	0.246307	-1.041318	-0.230890	-0.167704	-0.700417	0.339636	0.592728	0.605336	0.928490	-0.213164	0.052522	-0.740082	-0.366256	-0.926435	-0.746458	-0.622833	-1.116639	-1.242970	-1.157903	-1.530664	-2.252748	0.069154	0.317296	0.298152	-1.091362	-1.656997	-1.674858	-1.859881	-1.780621	-1.635725	-2.165914	-1.188743	-1.513600	-1.625556	-1.580870	0.114458	-0.464014	1.120601	0.980562	-0.252116	-0.602265	-1.302155	-0.987454	1.626807	1.755726	-0.088020	0.523182	-1.408250	-0.233636	-1.227105	-0.980423	0.073689	-0.284512	0.029467	-0.636292	1.035922	-0.057395	-0.291686	-1.441225	-0.262594	-1.394131	-0.317292	-0.660607	-1.576459	-1.718898	-1.280592	-0.996854	-0.723422	-0.568867	0.429590	0.830639	-0.416905	0.668786	0.428065	-0.704814	-1.333845	0.335041	-0.945884	0.135857	0.792183	-1.339678
-0.959347	-1.561708	-0.431908	-1.581913	-0.797662	0.111786	-1.885749	-0.177565	-2.037984	-1.193415	-2.099695	-1.392023	-0.706781	-0.162593	1.220193	0.001076	-1.460886	-2.175462	-0.437600	-0.630070	-1.758968	-1.465043	-1.304712	-0.662609	-0.593663	-0.039218	0.011589	0.414146	-1.683909	0.393687	-1.001253	0.142739	0.505567	-0.093358	0.988364	1.132743	0.622718	1.371729	-0.228988	0.606321	-0.603771	-0.023919	-0.724390	-0.048907	-0.514878	-0.521559	-0.539323	-0.312872	-1.540614	-2.730282	0.223131	0.549939	0.352116	-0.578669	-1.294240	-1.010561	-0.968393	-0.999731	-1.544675	-1.587676	-0.821191	-0.836239	-1.525399	-1.433252	0.195465	-0.409850	1.685448	1.525284	-0.250040	-0.645858	-0.918902	-0.521934	2.231385	2.309881	-0.026264	0.949755	-1.566344	0.230048	-1.053917	-0.966611	0.281225	-0.373545	0.163088	-0.219157	1.730931	0.359031	0.539401	-1.809477	-0.217441	-1.353550	-0.201466	-0.276393	-1.541807	-0.957883	-0.878092	-0.427761	-0.681010	-0.584123	0.436556	0.503088	-0.904856	0.364045	0.386113	-0.745901	-1.433515	0.210539	-0.797945	0.349250	0.669451	-1.344459
0.067064	-0.582395	-0.158637	-1.439333	-0.224504	0.177295	-0.952595	0.277085	-0.569572	-0.768889	-1.084462	-1.231753	-0.431384	-0.061562	0.529135	0.083810	-1.117324	-1.321189	0.011629	-0.743576	-1.859380	-0.345208	0.198900	-0.155671	0.591884	0.668232	0.243174	0.302750	-1.334977	0.242701	0.110052	0.591182	0.752249	0.546774	1.136630	1.120487	0.816598	1.118672	0.455372	0.826800	0.232614	0.187956	0.052539	0.696184	-0.516785	0.054331	0.514038	0.726304	-0.029969	-1.485729	-0.288083	-0.309688	0.368514	0.174416	0.030806	0.046432	0.323662	-0.092786	-0.290677	-0.089303	-0.027219	0.109859	-0.461455	-0.316461	0.520343	-0.011807	1.285450	1.348063	-0.005379	-0.241579	0.259666	0.445997	1.751947	1.892827	0.432693	0.670948	-0.866301	0.900099	-0.649180	-0.433265	0.178968	-0.705784	-0.048540	0.139396	0.980046	0.312741	0.372819	-1.146901	-0.337416	-0.585275	-0.060028	0.000760	-0.582098	0.383284	-0.009517	0.395096	-0.476335	-0.079241	0.474800	0.120503	-0.874156	-0.394702	0.400989	-0.697618	-0.285086	0.031870	-0.700608	0.403814	-0.091803	-0.743279
1.398096	0.408530	0.038409	-0.929878	0.546352	-0.344670	0.607502	0.256588	2.086411	-0.158768	1.168816	-0.983519	-0.215442	-0.181807	-0.465533	-0.053490	-0.092739	-0.139312	0.361799	-0.943276	-1.087356	0.600955	1.371351	-0.157307	1.967099	0.724797	0.314281	-0.047619	-0.364701	-0.608737	1.334613	0.686453	0.303936	0.720155	0.674748	0.568727	1.134173	0.131685	1.196300	0.153931	0.882582	-0.130218	0.769193	0.707791	-0.591972	0.032403	1.087475	1.115918	1.893611	0.658369	-0.823713	-1.411103	0.552271	0.751320	1.341319	0.533953	1.039236	0.340631	1.205786	0.890747	0.667821	0.537427	0.566436	0.814310	0.664518	-0.022615	0.305232	0.363439	0.187011	0.121498	1.109955	1.107305	0.408381	0.731283	0.484807	-0.221774	0.213987	1.164984	-0.448209	0.277005	0.204234	-1.151982	-0.568631	-0.266765	-0.672196	-0.298308	-0.989379	-0.388694	-0.497446	0.000193	-0.052314	-0.453981	0.346173	1.178705	0.714486	0.947135	-0.231189	0.606211	0.555429	-0.193543	-0.399800	-1.187152	0.645218	-0.628446	1.207300	0.031126	-0.633990	-0.230919	-1.162633	0.197149
1.899006	1.006558	-0.458238	-0.633518	0.881696	-0.694455	1.423027	-0.066008	3.042786	0.046924	2.108186	-0.874385	-0.330610	-0.484376	-1.450847	-0.846794	0.932412	0.462276	0.323924	-1.076333	-0.011094	0.510488	1.132601	-0.699799	2.283631	0.082136	-0.154213	-0.916639	0.199728	-1.810851	1.203886	0.237682	-0.663098	0.170498	-0.284128	-0.414594	0.828716	-1.074214	1.158784	-0.895455	0.702347	-0.499903	0.625323	0.020509	-0.655734	-0.549635	0.765068	0.638961	2.516343	2.173448	-0.736022	-1.553750	0.674233	1.124273	1.815497	0.510353	1.000703	0.594446	1.883634	0.835145	0.865360	0.399467	0.581993	0.933279	0.125239	-0.811899	-0.830952	-1.164193	-0.269005	-0.203045	0.782091	0.758218	-1.094406	-0.773314	-0.738382	-1.249521	0.686010	0.585642	-0.387493	0.607873	0.369276	-1.159732	-1.255953	-1.397586	-1.999643	-1.132584	-2.282641	-0.469585	-0.626306	-0.266734	-0.329066	-1.553878	0.292681	0.934099	0.853533	1.129746	-0.021976	0.952733	0.518185	-0.727322	-0.237786	-1.635790	0.840750	-0.318892	1.869205	0.294408	-0.120510	-1.603198	-2.061104	1.329165
1.256000	1.248978	-1.577301	-0.737538	0.511498	-0.381023	1.066196	-0.099838	1.140568	-0.100038	0.524155	-0.597808	-0.795812	-0.842891	-1.985339	-1.828680	1.163599	0.362170	-0.042608	-0.921792	0.523991	-0.227938	-0.054677	-1.034664	1.188646	-0.510250	-1.101864	-2.044192	-0.096840	-2.392450	-0.358796	-0.389855	-1.599665	-0.776457	-1.326225	-1.393870	-0.242163	-1.635345	0.386326	-1.225571	0.035309	-0.311354	-0.341176	-0.678080	-0.605187	-1.114424	-0.114808	-0.306033	1.269651	2.206440	-0.338884	-0.709667	0.414596	1.255239	1.349633	0.537732	0.504823	0.887390	1.453930	0.298870	0.516558	0.045401	-0.320381	-0.033794	-0.835354	-1.718012	-1.956638	-2.608733	-1.377605	-1.012917	-0.338951	-0.448797	-2.098263	-2.041738	-2.583832	-1.901042	0.147779	-0.489761	-0.188493	0.332962	0.273299	-0.476889	-1.821368	-2.384221	-2.294589	-1.771987	-2.433871	-1.207886	-0.854602	-1.161083	-0.774261	-2.513959	-0.575754	0.007084	0.393643	1.001445	-0.145212	0.598042	0.138429	-1.462172	-0.672703	-1.602620	0.525943	0.123540	1.287320	0.517424	0.768337	-2.900878	-2.394709	2.259128
0.128740	1.084123	-2.289996	-0.873412	-0.233652	0.143917	0.213672	0.251573	-1.622408	-0.162515	-1.862134	0.063429	-1.173287	-0.949102	-1.543833	-1.967216	0.463060	0.010017	-0.382989	-0.501933	0.165350	-0.700902	-0.934539	-0.688256	-0.357122	-0.476238	-1.792429	-2.498257	-0.735464	-1.707090	-1.714725	-0.538480	-1.839616	-1.319854	-1.772618	-1.620249	-1.060049	-1.019942	-0.325546	-0.449961	-0.370042	0.252974	-1.112367	-0.768656	-0.265060	-1.001152	-0.773083	-1.034220	-0.691343	1.142394	-0.372134	0.080027	-0.010811	0.980077	0.428667	0.701467	-0.137010	0.829530	0.471204	-0.029259	-0.049479	-0.269488	-1.104812	-1.094434	-1.326969	-1.781550	-2.470954	-2.939653	-2.157543	-1.302336	-1.078327	-1.454614	-2.087860	-2.242775	-3.134218	-1.786084	-0.656770	-1.070013	0.188966	-0.096476	-0.082282	0.397732	-1.798380	-2.310665	-1.654472	-1.855717	-1.494609	-1.616277	-1.181181	-1.812572	-0.990065	-2.490114	-1.163142	-0.789513	-0.218225	0.593847	-0.689008	-0.377995	-0.558823	-1.825553	-0.877763	-1.059502	-0.382421	0.262579	-0.024476	0.272332	1.194954	-2.954077	-1.893999	2.183986
-0.714033	0.424555	-1.655032	-0.657448	-0.863379	0.174709	-0.446071	0.509496	-2.575484	0.006550	-2.493685	0.703645	-0.989257	-0.537295	-0.181863	-0.993204	-0.554248	-0.340712	-0.431040	-0.161247	-0.673967	-0.671564	-0.902770	-0.030225	-1.065369	-0.004115	-1.487978	-1.666847	-0.923012	-0.218628	-1.322609	0.050970	-1.109359	-0.918841	-1.206492	-0.755138	-0.657407	0.391225	-0.423679	0.693612	-0.343556	0.493565	-0.827534	-0.202675	0.404057	-0.077221	-0.678458	-0.987862	-1.726145	-0.065392	-0.864249	0.077871	0.017159	0.380450	-0.375195	0.611798	-0.615204	0.151505	-0.382618	-0.031703	-0.390853	-0.415201	-0.918596	-1.171784	-0.891463	-0.898774	-1.551751	-1.545902	-1.616309	-0.442035	-0.743391	-1.250276	-0.941359	-1.001425	-1.490410	-0.930390	-0.702577	-0.570826	0.532058	-0.040719	-0.213331	0.694471	-0.920700	-1.138630	-0.554488	-1.211191	-0.184023	-1.153687	-1.226509	-1.560660	-0.677682	-1.331627	-0.685546	-0.798987	-0.401191	0.049609	-1.127218	-1.364259	-1.154499	-1.358439	-0.152816	-0.155610	-1.377166	-0.062674	-1.171407	-0.432517	0.568609	-1.457406	-0.664575	0.700830
-1.057281	-0.411230	0.059868	-0.122823	-1.163421	-0.246592	-0.898181	0.386076	-1.362876	0.193872	-0.952784	0.770864	-0.335964	0.212166	1.147235	0.194122	-1.096310	-0.721231	-0.209520	-0.133890	-1.249671	-0.586538	-0.348176	0.302340	-0.571690	0.388135	-0.352519	-0.117710	-0.474625	0.896258	0.446948	0.854498	0.122517	0.073876	-0.005408	0.568134	0.558584	1.566956	-0.061561	1.259132	-0.277599	0.191362	0.159240	0.524002	1.030884	0.998582	0.011091	-0.152348	-1.290759	-0.825435	-1.072456	-0.355942	0.616548	-0.134912	-0.739341	0.163143	-0.617422	-0.593163	-0.853010	-0.010907	-0.362442	-0.312683	0.021555	-0.219457	0.008184	0.186663	0.483591	0.742230	0.008078	0.988703	0.227706	0.023330	0.669312	0.814552	0.955956	0.038702	0.069678	0.439312	0.649932	0.504909	0.077310	0.277211	0.432328	0.273025	0.494892	-0.072126	0.801811	-0.223396	-0.567274	-0.510004	0.014771	0.259913	0.474556	-0.015273	0.030277	-0.330752	-0.796591	-1.606466	-1.187514	-0.288461	0.752601	0.585812	-1.709383	-0.456230	-1.517026	-1.065836	-0.630911	0.488490	0.588518	-1.327579
-1.037856	-0.822886	1.642450	0.475437	-1.078402	-0.443623	-1.282435	0.100974	0.252223	0.281518	0.902576	0.365103	0.219167	0.703525	1.492759	0.722344	-0.756436	-0.903197	0.155558	-0.112796	-1.063285	-0.621640	0.150001	0.204203	0.314792	0.472073	0.748689	1.034642	0.131517	1.013917	1.708521	1.030088	0.996917	0.747034	0.918763	1.284131	1.232517	1.725861	0.287421	1.028106	-0.354073	-0.189161	0.728333	0.781378	1.104239	1.358275	0.650707	0.850436	-0.194342	-1.095141	-0.527648	-0.409101	1.000427	-0.311571	-0.614244	-0.209423	-0.108071	-0.595362	-0.979517	-0.159061	-0.223672	-0.072321	0.742669	0.769212	0.677554	0.873443	1.998301	2.157793	1.435671	1.789047	0.869148	1.148082	1.644512	1.704592	2.171547	0.452328	0.820857	0.878511	0.551367	0.914358	0.452829	-0.161111	1.456688	1.140126	1.112232	1.007472	1.155461	0.551336	0.644486	0.709877	0.619723	1.395499	1.250122	0.914709	0.675432	-0.334039	0.253306	-0.957206	-0.722077	0.725185	0.597079	0.602054	-1.059534	-0.414256	-1.081910	-1.182372	-1.332705	1.454960	1.063159	-2.374515
-0.766070	-0.632794	2.200074	0.974874	-0.562614	-0.129657	-1.324878	-0.154592	0.824358	0.330664	1.366960	0.107014	0.304511	0.522885	1.004381	0.758004	0.189286	-0.461446	0.509860	0.319240	-0.182325	-0.450991	0.383047	0.046859	0.513174	0.262660	1.240964	1.346280	0.423660	0.631760	1.242458	0.337203	1.036579	0.602456	0.974883	0.974709	0.696793	0.948127	0.275219	0.385193	-0.368255	-0.306090	0.358012	0.286111	0.604097	0.832713	0.716439	1.225071	0.398500	-1.019060	0.277715	0.069441	0.397619	-0.355063	-0.207744	-0.148485	0.485289	0.101561	-0.841014	-0.398945	-0.306775	-0.048870	0.644495	0.884502	0.907206	1.141397	1.841272	1.812987	1.740642	1.435900	0.721602	1.107918	1.506023	1.154145	1.779145	0.352701	0.972156	0.381026	0.381956	0.737319	0.621476	0.024144	1.683952	1.464533	1.249847	1.560682	1.112840	0.972177	1.559598	1.505024	0.758381	1.731859	1.101830	1.270834	0.913913	-0.098960	1.159799	-0.145644	-0.363583	1.171361	-0.383667	0.005149	0.032100	0.044999	-0.499090	-0.927797	-1.031175	1.185780	0.736796	-1.917562
-0.451443	-0.378469	1.827344	1.252152	0.105742	0.136877	-0.809135	-0.538022	0.435325	0.255625	0.547669	0.280102	0.036729	-0.106298	0.664583	0.919592	0.852429	0.425838	0.553444	0.864979	0.770737	-0.049556	0.294569	0.019015	-0.206845	-0.255004	1.154793	1.140229	0.397186	0.535845	-0.152234	-0.530733	0.449985	-0.056705	0.344496	0.181313	-0.282719	0.021266	-0.181003	-0.295311	-0.301326	-0.425888	-0.378848	-0.659053	0.085769	0.078554	0.219696	0.694404	-0.040844	-0.780692	0.433978	0.398122	-0.782292	-0.590139	0.000752	0.054060	0.547284	0.542737	-0.660024	-0.665563	-0.642800	-0.510721	0.081608	0.211560	0.799057	1.089421	0.687844	0.579655	1.150475	0.607973	0.129367	0.113293	0.783493	0.197124	0.978275	0.279032	0.717041	-0.449673	0.241712	0.160812	0.645846	0.551951	1.332657	1.594367	1.183086	1.439625	1.147642	1.031738	1.381766	1.566967	0.383673	1.449218	0.503980	0.908544	0.468259	-0.033616	1.117289	-0.028714	-0.536355	0.928843	-0.680973	-0.382675	0.563977	0.371652	-0.435724	-0.738930	-0.256256	0.629092	0.402745	-1.018162
-0.532649	-0.681374	1.099830	1.140865	0.202125	-0.304484	-0.239737	-1.071476	-0.203259	-0.082068	-0.387729	0.548338	-0.315658	-0.595111	0.980552	1.241808	0.474229	0.882322	0.104767	0.763512	1.077647	0.033662	-0.167605	-0.071098	-1.016547	-0.908971	0.664448	0.751358	0.315787	0.827334	-0.729139	-0.661838	-0.253083	-0.670821	-0.337929	-0.284992	-0.511388	-0.236791	-0.821050	-0.774816	-0.458983	-0.855363	-0.634953	-1.344272	0.053543	-0.179060	-0.399581	-0.231993	-1.137728	-0.665609	-0.319203	-0.022727	-1.230766	-0.987345	-0.460116	-0.235479	-0.202598	-0.025304	-0.774738	-1.029745	-0.936035	-1.218594	-0.245995	-0.461450	0.363239	0.706783	0.026086	-0.022046	0.480954	0.427064	-0.303151	-0.738981	0.251916	0.149269	0.726656	0.430351	0.426406	-0.826491	0.130321	-0.304619	0.568488	0.560473	0.867751	1.461629	1.072653	0.732771	1.287533	0.660305	0.294432	0.892462	-0.204520	0.799789	0.200525	0.303584	-0.323208	-0.363080	0.284858	-0.624650	-0.919600	0.244983	0.263723	0.052691	0.107471	0.189715	-0.935590	-0.719171	0.091480	0.612784	0.690051	-0.945369
-1.164753	-1.404704	0.341930	0.623664	-0.706648	-1.268304	-0.356452	-1.252951	-0.750748	-0.410037	-0.744519	0.553880	-0.578026	-0.592619	1.370215	1.263975	-0.674865	0.386142	-0.457703	-0.028242	0.570594	-0.434093	-0.732062	-0.310529	-0.988934	-1.091869	-0.081800	0.288928	0.312189	1.053233	0.115716	0.100586	-0.672345	-0.961669	-0.520070	-0.109934	0.213773	0.311665	-1.118568	-0.771447	-0.870559	-1.262007	-0.203480	-1.156339	0.456349	0.173825	-0.700921	-0.734527	-1.920779	-0.806841	-1.248259	-0.882291	-0.288305	-1.154014	-1.488363	-1.134619	-1.421281	-1.292570	-1.160048	-1.381222	-0.860756	-1.489747	-0.145672	-0.544725	-0.328181	0.215796	0.300937	0.524663	0.222258	1.234322	-0.279522	-0.644333	0.117913	1.071962	0.881396	0.553955	0.176135	-0.450896	0.071587	-0.301850	0.156100	-0.233492	0.450673	0.712761	0.673783	-0.295808	1.020621	0.058247	-0.619957	-0.137166	-0.499852	0.028482	0.320754	-0.045097	-0.784495	-0.796973	-0.353720	-1.133693	-0.844613	-0.352407	1.203118	0.972124	-0.690782	-0.164504	-1.395798	-0.590999	-0.271718	0.986592	1.305178	-1.603086
-1.681982	-1.641546	-0.397715	-0.052775	-1.951614	-1.748369	-1.021768	-0.559587	-1.117326	-0.207720	-0.628083	0.393333	-0.524229	-0.165989	0.962898	0.780472	-1.487680	-0.570635	-0.518581	-0.622600	-0.255972	-0.799147	-0.799015	-0.382038	-0.162559	-0.288212	-0.761834	-0.082704	0.317508	0.886292	1.308419	1.059677	-0.575091	-0.832694	-0.038350	0.400391	0.969612	0.971486	-0.729761	-0.140583	-1.038662	-0.954894	0.466476	-0.039565	0.840938	0.670152	-0.551530	-0.483359	-1.483672	-0.830628	-1.341952	-1.219301	1.207724	-0.708264	-2.235038	-1.870070	-2.305193	-2.203365	-1.250473	-1.231031	-0.374537	-0.825425	0.101400	-0.040667	-0.869968	0.032655	0.658432	1.343512	0.299397	2.101007	0.089645	0.188896	0.088234	1.707016	0.890253	0.539519	-0.007799	0.418207	0.148562	0.144706	-0.736069	-1.110088	-0.013531	-0.521173	-0.209249	-1.165779	0.140840	-0.216499	-0.533829	-0.826875	-0.159277	-0.463712	0.480179	-0.134550	-0.554049	-0.808145	-0.145033	-0.877172	-0.143668	-0.373924	0.869276	1.483870	-0.884009	-0.080710	-1.204485	-0.183761	-0.793943	1.114899	1.404598	-1.738788
-1.132943	-0.667493	-0.891321	-0.540850	-2.166104	-0.898854	-1.175620	0.803325	-1.058755	0.532474	-0.225405	0.388167	0.097623	0.472694	-0.224723	0.055325	-1.263533	-1.162674	-0.080030	-0.407631	-0.781623	-0.326507	-0.104527	0.048490	0.564856	1.131421	-0.994727	-0.182901	0.280484	0.346889	1.568188	1.470317	0.069707	-0.177193	0.774861	0.725085	0.862909	0.947993	0.126266	0.811844	-0.540582	0.246575	0.877529	1.449774	0.824428	0.777638	-0.109755	0.077708	0.209995	-0.199669	-0.297966	-0.453537	1.850664	0.332415	-1.791026	-1.440860	-2.086357	-1.901644	-0.590700	-0.168292	0.247694	0.532054	0.335892	0.680652	-0.804649	0.192943	0.309287	1.238563	0.413252	1.655728	0.458089	0.869047	-0.047803	0.885444	0.554861	0.533727	0.027154	1.157148	0.322745	0.611993	-1.723694	-1.149192	-0.431454	-1.393324	-1.095460	-1.306663	-0.648862	0.125364	0.302040	-0.614851	0.625965	-0.311105	0.471741	-0.282742	0.045378	-0.279737	0.443400	0.019760	0.663778	0.189058	-0.255814	1.188358	-0.366634	0.447616	-0.310677	0.319194	-0.776512	0.795410	0.614184	-0.569574
0.449299	1.120669	-0.691234	-0.560766	-0.748278	1.009583	-0.137686	1.963242	-0.390835	1.186361	0.526797	0.648353	1.135288	1.135309	-1.153440	-0.486542	-0.397861	-1.135262	0.197257	0.191776	-0.741188	0.773410	0.842802	0.849164	0.530476	2.077468	-0.659508	-0.057424	0.303945	-0.301325	0.849320	1.197245	0.933866	0.870526	1.249367	0.587681	-0.010878	0.268995	0.888607	1.526210	0.410117	1.689491	0.914534	2.506980	0.388929	0.388593	0.335434	0.276951	2.040575	0.911627	1.187750	0.960297	1.169945	1.402775	-0.181796	0.248728	-0.629637	-0.399715	0.500794	1.472232	0.669565	1.741059	0.619692	1.158227	-0.160761	0.299314	-0.448937	0.034064	0.394634	-0.391141	0.475293	0.738010	-0.149453	-1.071549	0.068286	0.472259	0.243418	1.124380	0.370569	0.590790	-2.099844	-0.183666	-0.446087	-1.074306	-1.156229	-0.463995	-0.412693	0.734083	1.035795	0.446726	1.260583	0.429698	0.433191	-0.565615	0.388411	0.283283	0.483837	0.865049	0.988917	0.848169	-0.636821	0.586629	0.084772	0.773414	0.780532	0.632437	-0.065870	0.442631	-0.456299	1.193148
1.738114	2.382352	0.242652	-0.024240	1.236104	2.608786	1.357749	2.180566	0.533669	1.295405	1.415113	0.956618	1.870173	1.556018	-0.905917	-0.546236	0.247057	-0.774398	-0.090755	0.450720	-0.280586	1.563462	1.255504	1.498648	-0.048194	1.839881	0.049135	0.121413	0.484618	-0.612367	0.080295	0.587676	1.442070	1.717293	0.919161	0.105441	-0.837302	-0.296753	1.166193	1.693268	1.171588	2.430603	0.726941	2.552154	-0.141632	-0.108750	0.479894	-0.052940	2.576123	1.494565	2.047120	1.943072	-0.041110	1.706472	1.418610	2.017032	1.219413	1.335156	1.189860	2.636059	0.710611	2.049214	0.834245	1.057623	0.485454	0.181937	-0.749594	-1.202511	0.284791	-2.604385	0.079704	-0.019812	0.008378	-2.494342	-0.265484	0.058875	0.287450	0.214099	0.176995	0.066287	-1.573335	1.094260	0.037305	0.296196	-0.323202	0.896135	0.801914	1.138070	1.184833	1.657763	1.310701	1.260049	0.438627	-0.674106	0.245276	0.317305	-0.155659	1.106759	0.731335	1.126494	0.239372	0.395938	-0.131690	0.470149	1.414111	0.656208	0.930283	0.472418	-0.819407	2.055181
1.496590	2.098174	1.179512	0.822456	1.969346	2.594937	1.805142	1.438172	0.951915	1.052760	1.661481	0.974499	1.643064	1.442271	0.199035	-0.113743	0.278811	-0.327716	-0.584517	0.300137	0.216436	1.480671	0.883063	1.547672	-0.576137	0.765681	0.709690	0.293179	0.678208	-0.251661	-0.128023	0.005536	1.273342	1.755475	0.029669	-0.424875	-1.053329	-0.269560	0.919909	1.358629	1.266334	1.987276	0.351166	1.532498	-0.383477	-0.265729	0.168478	-0.473315	1.484671	0.838321	1.817551	1.890995	-0.734926	0.923004	1.700849	2.411381	2.074086	1.981840	0.969826	2.415530	0.329532	1.327523	0.684811	0.473297	0.595102	0.174198	-0.328848	-1.304567	0.206989	-3.070302	-0.367753	-0.617983	0.371266	-2.088345	-0.254316	-0.626157	-0.049940	-0.889210	-0.030183	-0.361449	-0.615375	1.803192	0.520287	1.578620	0.436320	1.770190	1.803953	1.321629	0.902407	2.178640	0.849763	1.633431	0.369347	-0.363433	-0.056164	-0.130023	-0.659869	0.810717	0.255454	0.992642	1.228370	0.681105	-0.671954	-0.099632	1.270304	0.509947	1.622002	0.754049	-0.214715	1.324989
0.119048	0.635092	1.342973	1.537150	0.912508	1.078526	0.677828	0.305096	0.536182	0.836585	0.785661	0.600917	0.660430	0.837008	0.982736	0.558780	0.019688	0.274744	-0.670702	0.242970	0.481086	0.905655	0.197367	0.959913	-0.832140	-0.238252	0.835396	0.488495	0.620386	0.527104	-0.061727	-0.389276	0.684755	1.059656	-0.645281	-0.800395	-0.829563	-0.024550	0.348229	0.648931	0.744975	0.660327	-0.321594	-0.037644	-0.234710	-0.063878	-0.370884	-0.478061	-0.034272	-0.419056	1.101828	1.334279	-0.659542	-0.375835	0.603531	1.189865	1.278801	1.048250	0.139597	0.938930	-0.359399	0.084494	0.230511	-0.026900	0.314993	0.585238	0.255658	-0.225013	0.233810	-1.455426	-0.415285	-0.481067	0.631483	-0.373132	0.063970	-0.917785	-0.462779	-1.283912	0.035787	-0.199598	0.126719	1.661158	0.496568	1.806300	0.338387	1.566116	1.519290	1.549970	0.602465	1.759020	0.308996	1.393340	0.228817	0.175433	-0.116357	-0.481493	-0.317034	0.604162	0.063738	0.784293	1.109885	0.901037	-0.642172	-0.226795	0.704509	0.457312	1.584625	0.851964	0.630293	-0.149322
-0.664138	-0.576171	0.843344	1.882827	-0.377524	-0.369851	-0.742008	-0.581851	-0.048862	0.659313	-0.455581	0.147481	-0.099057	0.242005	0.857635	1.190435	0.118175	1.193770	-0.119865	0.666538	0.722678	0.638730	-0.103756	0.145762	-0.944094	-0.618977	0.336302	0.698537	0.344191	0.978323	-0.270707	-0.621732	0.200140	0.351805	-0.585069	-0.942561	-0.670857	-0.183434	-0.206059	-0.291282	0.164088	-0.683820	-1.082289	-1.318192	0.065974	0.161440	-0.586505	0.007300	-0.485940	-0.816868	0.931250	1.259875	-0.390629	-1.179817	-0.487586	-0.380011	-0.205050	-0.429269	-0.426938	-0.617520	-0.895563	-0.844134	0.007579	0.075334	0.366497	1.212878	0.494543	1.019382	0.345696	0.481209	-0.030952	0.210466	0.587786	0.945515	0.459173	-0.288456	-0.460772	-0.739368	0.307272	0.295391	0.560653	1.168868	0.215806	1.241020	-0.165401	0.797382	0.241030	1.820386	0.591584	1.002292	0.125256	0.885286	0.218815	0.548964	0.117502	-0.314405	0.692113	1.074711	0.444990	0.802766	0.239418	0.697762	0.364093	0.353221	0.538859	0.737240	0.863961	0.686079	0.923908	-0.856575
0.251435	-0.479564	0.347729	1.857918	0.032457	-0.325702	-0.656732	-0.905362	0.131090	0.291946	-0.791444	-0.052379	0.073961	0.108585	0.383356	1.527915	0.903430	2.220496	0.824516	1.439597	1.383339	0.985962	0.302655	-0.321236	-0.904495	-0.479882	-0.155468	0.866443	0.224733	0.662630	-0.799309	-0.827379	0.050292	0.165463	-0.029574	-0.813452	-0.805297	-0.815862	-0.449974	-1.148724	0.162001	-1.215983	-1.205616	-1.647128	0.224957	0.238146	-0.155459	0.624550	0.335986	0.293616	1.542657	1.738801	-0.539424	-0.960480	-0.210712	-0.857872	-0.661022	-0.836597	0.035203	-1.003194	-0.590957	-0.737987	0.372869	0.688290	1.087213	1.497825	0.489773	1.431031	0.434230	0.769859	0.377122	0.766552	0.327507	0.912218	0.660878	0.893548	0.011303	0.147247	0.481145	0.505590	0.949746	0.906642	0.329924	0.840841	-0.134441	0.403122	-0.696018	1.725091	0.825082	0.687576	0.405171	0.582938	0.402513	0.640241	0.437621	0.262088	1.591013	2.018703	1.145995	0.992321	0.047959	0.291776	1.726585	1.206721	1.171831	1.230227	0.056482	0.593684	0.651440	-0.164508
1.991745	0.538556	0.000081	1.356605	2.050902	0.898567	1.128668	-0.785247	0.964109	-0.348213	-0.170407	-0.216253	0.869669	0.292375	0.231159	1.200920	1.920743	2.657822	1.618552	1.992539	2.354433	1.477836	1.061957	-0.219073	-0.575475	-0.250173	0.122996	0.919581	0.412067	-0.055767	-1.271768	-1.127867	0.076170	0.284885	0.351204	-0.487307	-1.095047	-1.520512	-0.504561	-1.607594	0.801486	-0.801492	-0.195345	-1.058324	0.131339	0.308961	0.538706	0.923345	1.261411	1.951022	2.061921	1.733938	-1.114226	-0.108915	1.204712	-0.130135	0.456027	0.200963	1.474748	-0.022794	0.749823	0.467955	0.964576	1.217004	1.758779	1.019369	0.492350	0.856326	0.370372	-0.542032	0.469455	0.694154	0.009828	0.105153	0.489769	1.655306	0.465994	0.641460	0.444751	0.262201	1.196820	0.733121	0.820097	0.862141	0.418122	0.494449	-0.486528	0.922046	0.844324	0.818335	0.751175	0.569702	0.562975	0.624542	0.622890	0.849211	1.784650	2.408840	1.411366	0.970623	1.062461	0.068175	2.356273	1.597497	1.904677	1.358809	-0.208068	0.701191	0.308700	1.122610
2.617924	1.075458	-0.589338	0.275046	3.560190	1.602395	2.824451	-0.676227	1.260612	-1.124169	0.080860	-0.895472	1.442182	0.293098	0.200377	0.010207	2.257810	1.991235	1.665933	1.760204	2.835194	1.470609	1.326069	0.034932	-0.150629	-0.305046	1.032783	0.771186	0.465697	-0.502612	-1.471344	-1.487091	0.124251	0.190449	0.222933	-0.210768	-1.354979	-2.020891	-0.877966	-1.754633	1.361005	-0.152465	1.308028	-0.315503	-0.178137	0.415464	0.739333	0.697710	1.175045	2.581314	1.672106	0.598758	-1.641873	0.485328	2.191240	0.596654	1.857232	1.367125	2.867648	1.250299	2.287968	1.905043	1.084482	1.161665	1.301720	-0.127199	0.381761	-0.106246	0.159876	-1.543844	0.323503	0.134602	-0.355874	-0.491899	-0.025335	1.477610	0.420497	0.532953	0.315507	-0.101619	0.902972	0.040466	0.922227	0.676137	0.616912	0.371829	0.282393	-0.287208	0.228644	0.674709	0.578195	0.501471	0.498028	0.534947	0.508963	1.101322	1.262912	1.440519	0.695726	0.406228	2.136054	0.117507	1.818430	1.102295	1.570980	0.648063	-0.008901	0.666244	0.183520	1.709576
1.290312	0.194599	-1.332048	-0.978513	2.905870	0.670027	2.603294	-1.019976	0.299049	-1.809295	-0.852974	-2.043832	1.450493	0.012500	-0.300149	-1.454636	1.508243	0.672059	0.788983	0.720173	2.247562	0.823781	0.459198	-0.213977	-0.137626	-0.760780	1.483921	0.355744	-0.117580	-0.517148	-1.466527	-1.688046	0.302603	-0.135662	-0.044295	-0.141270	-1.474008	-2.291176	-1.750674	-1.990114	1.042983	-0.169486	1.906240	-0.238437	-0.584294	0.277082	0.212398	0.137130	0.185473	1.607206	0.749492	-0.779184	-1.715698	0.250300	1.617357	0.195173	1.905820	1.210393	2.959911	1.445993	2.737006	2.310622	0.532317	0.516734	-0.356165	-1.322554	-0.047798	-0.765314	-0.031814	-0.918529	0.236899	-0.320722	-0.791050	-0.679710	-0.584711	0.811705	-0.047151	0.143131	0.147102	-0.348814	0.127971	-1.167102	0.269300	-0.037027	0.155551	-0.256842	0.504030	-1.048593	-0.744513	-0.126293	-0.178711	0.105379	0.268667	0.135918	0.049468	0.843276	0.411097	-0.404653	-0.580326	-0.563479	1.883527	0.312759	0.773494	-0.045941	-0.024995	-0.567806	-0.084284	0.229006	0.204026	1.115615
-0.842495	-1.573317	-1.493942	-1.618365	0.699074	-1.126771	0.545459	-1.760918	-1.161754	-2.155247	-2.035502	-2.769739	1.299142	-0.032694	-1.209965	-2.043185	0.199601	-0.248981	-0.445310	-0.514423	0.914009	-0.158600	-1.236644	-1.098075	-0.644257	-1.349643	0.605153	-0.310562	-1.158519	-0.556334	-1.248806	-1.485152	0.766820	-0.137113	0.207217	-0.049219	-1.263594	-2.192046	-2.439698	-2.361392	-0.093116	-1.006512	0.960707	-0.881736	-0.847822	-0.291332	-0.399588	-0.301774	-0.741561	-0.117008	0.360550	-0.949458	-1.286378	-0.577782	-0.056748	-1.168473	0.448895	-0.188003	1.394546	0.180082	1.661090	1.190522	-0.143588	-0.279474	-2.024375	-1.882868	-0.641954	-0.922595	-0.123991	0.402510	0.360618	-0.194843	-1.166496	-0.797702	-0.846151	0.449664	-0.408489	-0.116398	-0.117898	-0.569392	-0.485950	-1.935198	-0.480629	-0.693323	-0.183721	-0.789627	-0.093372	-0.863065	-1.188376	-1.026196	-0.812509	-0.437298	0.089598	-0.595988	-0.534636	0.138186	-0.446306	-1.678987	-1.294150	-1.308791	0.329028	0.516548	0.173658	-1.178895	-1.660195	-1.302222	-0.820381	-0.398853	0.182346	-0.009453
-1.995029	-2.715780	-0.765008	-1.345243	-1.134149	-1.973871	-1.653018	-2.201139	-1.862842	-1.965209	-2.003423	-2.361927	1.408724	0.621010	-1.822833	-1.334342	-0.824063	-0.361347	-1.128790	-1.230229	-0.448224	-1.186864	-2.601480	-2.000349	-0.993127	-1.499674	-1.263787	-1.104382	-1.938869	-1.036600	-0.627817	-0.809705	1.407605	0.588239	1.131161	0.440918	-0.525699	-1.437386	-1.996639	-2.279885	-1.127167	-1.852566	-0.588652	-1.450896	-0.677960	-0.922454	-0.266989	-0.268402	-0.981230	-1.309272	0.834423	0.271832	-0.526174	-1.166355	-1.391066	-2.179476	-1.080091	-1.328115	-0.847158	-1.543602	0.019818	-0.543191	-0.245882	-0.655659	-2.504601	-1.664143	-1.100273	-0.942547	-0.253634	0.609977	0.611302	0.456528	-1.345079	-0.938432	-0.832054	0.571794	-0.309621	-0.090280	-0.405431	-0.789483	-0.489597	-1.418069	-0.460728	-0.668856	0.338235	-0.642521	-0.824386	-0.272268	-0.562472	-1.214842	-0.534244	-0.677920	0.115256	-1.135736	-0.808250	-0.653452	-1.240210	-1.471698	-0.842251	-1.241464	-1.275887	0.482167	0.170343	-1.774856	-1.950718	-0.951835	-1.539526	-0.973113	-0.125610	-0.645003
-1.608829	-2.176880	0.158408	-0.722875	-1.486894	-0.993655	-2.534454	-1.589702	-1.564090	-1.254300	-0.673616	-1.223591	1.618018	1.689921	-1.730742	-0.353725	-1.136316	-0.245338	-0.853328	-1.206499	-1.517283	-2.026818	-2.608816	-2.166741	-0.427346	-0.811328	-2.883111	-1.814570	-2.030519	-1.793974	0.432407	0.159965	1.873783	1.706149	2.073318	1.255362	0.574910	-0.114936	-0.399339	-1.220712	-1.274405	-1.751407	-1.166987	-1.097983	0.034564	-0.904212	0.714861	0.184697	-0.735604	-1.391987	1.353191	1.544617	0.383371	-0.795359	-1.377251	-1.654216	-1.206361	-0.909338	-2.190459	-2.206633	-0.718811	-1.314874	0.329892	-0.314976	-1.793425	-1.171414	-1.380913	-1.269464	-0.465004	-0.389448	0.831176	1.138413	-1.423704	-1.012785	-0.910315	0.616062	0.131488	0.150056	-0.443746	-0.700572	-0.096843	-0.032063	0.309187	-0.196265	1.331699	-0.080808	-1.066653	-0.281220	0.630553	-0.670669	0.613807	-0.408937	0.355394	-0.901209	-0.484740	-1.037663	-1.895865	-0.370900	0.081286	-0.488134	-1.900771	-0.168164	0.066037	-1.807286	-0.870065	-0.021909	-1.218685	-1.635975	-0.954317	-0.321378
-0.608994	-0.341238	0.393207	-0.527674	-0.836182	0.815910	-2.018049	-0.021191	-1.006471	-0.347737	0.645768	-0.363003	1.451977	2.304430	-1.312774	-0.485551	-0.798082	-0.444393	-0.056400	-0.796849	-2.316723	-2.279140	-1.307728	-1.482350	0.870738	0.389305	-3.276683	-2.226189	-1.639647	-2.279827	1.606162	1.117515	1.866215	2.402036	2.174454	1.774992	1.431512	1.041060	1.171560	0.424672	-0.723408	-0.622205	-0.185713	0.222531	1.061582	0.098477	1.850690	0.705463	-0.447803	-0.667351	0.940087	1.497159	1.265728	0.523356	-0.213530	0.222873	0.124735	0.806869	-1.786148	-1.175705	0.017642	-0.406921	1.003817	0.460537	-0.870385	-1.007763	-1.557108	-1.881822	-0.448818	-0.751309	0.939614	1.400961	-1.606513	-1.222133	-1.226711	0.063509	0.691876	0.519069	-0.034721	-0.013860	0.241605	0.822227	0.918018	-0.044875	1.660126	0.139064	-0.953428	-1.120678	1.295191	-0.204478	1.671539	0.032379	0.648407	-0.020261	0.280930	-0.740001	-2.118446	0.222363	0.181732	0.063794	-1.555302	-1.466424	-0.700225	-1.571316	0.253668	0.359047	0.097225	-2.478645	-2.153312	0.564524
-0.125442	1.303392	-0.105504	-0.942680	-0.315459	1.602224	-0.972337	1.408351	-0.675702	0.258322	0.898226	-0.158767	0.760259	1.854431	-1.178388	-1.745936	-0.110608	-0.664157	0.484068	-0.537115	-2.695707	-1.625892	0.262616	-0.572093	1.819765	1.135893	-2.489006	-2.243393	-1.127865	-2.161660	2.404369	1.777784	1.367912	2.142874	1.250931	1.462670	1.521938	1.224207	1.451520	1.546550	-0.329734	0.639205	1.433474	1.676165	1.918875	1.570051	2.380773	1.019646	-0.195220	0.223418	-0.508997	0.057023	1.846561	1.997784	0.989714	1.893542	1.556431	2.220641	-0.222917	0.671326	1.403377	1.298395	1.113679	0.950934	-0.538257	-1.252247	-1.484909	-2.285646	0.067069	0.749490	0.966008	1.213710	-1.841002	-1.752959	-1.383168	-0.848442	1.383256	0.942683	0.669371	1.032036	0.366695	0.239826	0.549283	-0.568319	0.669978	-0.375110	-0.965557	-1.940892	0.875275	-0.468667	1.641123	0.004415	0.694401	0.718767	1.015577	0.088674	-1.718033	-0.394042	-0.975635	-0.363267	-0.868169	-2.669519	-1.799362	-1.318194	0.200305	-0.372160	1.108360	-2.981394	-2.997282	1.149906
-0.417877	1.473678	-0.603030	-1.454064	-0.524846	0.511988	-0.217451	1.583781	-0.305080	0.245925	0.325349	-0.097370	-0.119168	0.580279	-1.372594	-2.598057	0.521518	-0.316344	0.414432	-0.640734	-2.310471	-0.352478	1.054588	-0.132525	1.590151	0.712616	-1.290545	-1.900222	-0.536079	-1.573574	2.458981	1.907589	0.619025	1.103413	-0.063108	0.418326	0.934896	0.384855	0.381653	1.432651	-0.535126	1.090516	2.249243	2.256990	2.122987	2.456326	2.109004	1.130031	0.122611	0.765499	-2.167284	-1.639868	1.791589	2.620957	1.183352	1.850977	1.702494	1.987804	1.052103	1.777659	2.056160	2.179935	0.539791	0.620175	-0.712881	-1.415340	-0.961780	-2.047613	0.760531	2.877764	0.976547	0.872903	-1.793613	-2.104149	-0.922829	-1.346136	2.174206	1.205985	1.224426	1.763000	0.362868	-1.187648	-0.627666	-1.303454	-1.140796	-1.328645	-1.137472	-1.812235	-0.073666	-1.134813	0.472115	-0.751052	0.289812	0.759482	1.313805	0.982201	-1.020354	-1.548668	-2.402347	-1.446572	-0.314050	-2.736480	-2.356119	-1.095452	-0.896256	-1.598976	0.812336	-2.440966	-2.729862	0.843482
-0.986911	0.207611	-0.477348	-1.395256	-1.137196	-1.496680	0.002900	0.506178	0.359360	-0.249219	-0.136295	0.302403	-0.777411	-0.709181	-1.334578	-1.675580	0.767422	0.548136	0.030680	-0.791411	-1.131497	0.713311	0.839737	-0.218095	0.448636	-0.538168	-0.323502	-1.229124	0.274514	-0.799234	1.673399	1.348774	-0.118122	-0.118811	-1.023641	-0.767915	0.191442	-0.708394	-0.891895	0.462721	-0.859866	0.654272	1.649094	1.603655	1.492898	2.047197	1.340864	1.140445	0.295268	0.712584	-2.988869	-2.334723	1.002944	1.949105	0.285622	0.188971	0.504045	0.380172	1.056564	1.404874	1.341032	1.462574	-0.263119	-0.349698	-0.776247	-1.006880	-0.126962	-1.255553	0.937417	3.370037	0.945177	0.602043	-1.268136	-1.448385	-0.001615	-0.993552	2.614813	1.020146	1.258759	1.701854	0.246618	-2.016021	-1.564581	-1.448877	-2.535614	-2.027938	-0.968142	-0.770370	-0.528751	-1.261168	-0.865222	-1.668048	-0.397533	0.351614	1.067040	1.428031	-0.584534	-1.977776	-2.673482	-1.892331	0.052991	-1.426257	-1.905890	-0.807306	-1.799142	-2.111465	-0.133562	-0.955564	-1.363424	-0.180151
-1.283072	-1.224845	0.128742	-0.624525	-1.369688	-2.638132	-0.064859	-0.713619	0.882561	-0.765292	-0.044586	0.778463	-1.141379	-1.434536	-0.621669	0.564136	0.598909	1.227664	-0.201887	-0.518183	0.268320	0.898694	0.127249	-0.266459	-0.690649	-1.502598	0.331781	-0.236794	1.202063	0.084210	0.320616	0.203677	-0.762514	-1.078259	-1.413071	-1.517528	-0.368318	-1.232315	-1.277646	-0.393186	-0.638296	0.036276	0.246387	0.255831	0.327843	0.613247	0.444131	0.993506	-0.089964	0.121373	-2.536556	-1.685788	-0.095533	0.468066	-0.804142	-1.467051	-0.871374	-1.093693	0.016036	0.185191	-0.132678	-0.126556	-0.756277	-1.206148	-0.400716	-0.137294	0.561742	-0.413271	0.360972	1.722863	0.710810	0.330132	-0.502220	0.137204	0.704396	-0.161342	2.152398	0.392656	0.772611	0.950516	-0.097817	-1.539312	-1.415710	-0.715368	-2.556475	-1.907825	-0.171822	0.247133	-0.166855	-0.497727	-1.365345	-1.860572	-0.926780	0.060745	0.389475	1.113928	-0.506844	-1.140000	-1.381803	-0.815590	0.321672	0.312690	-0.848271	-0.353151	-1.521485	-1.288333	-0.197260	0.456167	0.249683	-1.140270
-1.136719	-1.576407	0.511933	0.234392	-0.833943	-2.029461	-0.078867	-1.000806	0.592591	-0.968427	0.202611	0.743121	-1.401350	-1.655645	0.486078	2.233376	0.231063	1.133212	-0.214482	0.160203	1.064677	0.228704	-0.515413	0.165967	-1.287627	-1.441733	0.821921	0.887381	1.807312	1.082586	-0.982321	-0.999797	-1.338820	-1.693734	-1.423575	-1.541048	-0.769542	-0.977961	-0.788298	-0.563272	-0.007558	-0.126725	-0.857691	-0.814429	-0.733485	-0.846303	-0.377447	0.509521	-1.030092	-0.663119	-1.349362	-0.492626	-0.764065	-0.834239	-1.193244	-1.717633	-1.451305	-1.419556	-1.116720	-0.803775	-1.213070	-1.227771	-0.762096	-1.324465	0.099932	0.519498	0.761761	0.092140	-0.439744	-0.284704	0.150935	-0.091615	0.075163	1.394894	0.763296	0.434175	0.844445	-0.213264	0.050435	-0.056586	-0.704760	-0.495474	-0.488627	0.258239	-1.324775	-1.017980	0.687527	0.370401	0.311904	0.327594	-0.995241	-1.154389	-1.037744	-0.047292	-0.516197	0.107294	-0.347615	0.290372	0.484558	1.117745	0.397838	1.262131	0.051151	0.224642	-0.310917	0.299286	0.974692	0.905659	1.209588	-1.334575
-0.742597	-0.809818	0.199921	0.357587	0.006969	-0.428302	0.039941	-0.313559	-0.461532	-0.892480	0.051475	0.137584	-1.644149	-1.716976	1.222868	2.045412	-0.185067	0.344714	-0.295420	0.640074	0.867293	-0.656748	-0.885517	0.834260	-1.455518	-0.676893	1.062150	1.660484	1.660428	1.899662	-1.616208	-1.550345	-1.737126	-1.995258	-1.192000	-0.897027	-1.006126	-0.294351	-0.236077	-0.213682	0.244062	0.144144	-1.068433	-0.992693	-1.159477	-1.492172	-0.996265	-0.290602	-1.903763	-1.205168	-0.474595	0.097038	-0.645034	-1.333674	-0.922212	-0.841673	-1.452164	-1.090105	-1.637220	-1.185676	-1.307763	-1.196392	-0.489393	-0.740033	0.200485	0.449640	0.550563	0.354060	-0.814200	-0.796470	-0.572718	-0.535813	0.303767	1.268544	0.427651	0.485231	-0.536993	-0.294918	-0.659447	-0.942958	-1.303001	-0.068299	0.100993	0.463421	0.044448	-0.087284	0.634937	-0.374432	0.110463	0.110324	-0.579747	-0.338184	-0.895197	-0.353872	-1.342740	-1.094247	0.164363	1.165596	1.552748	2.237708	0.090835	1.121648	0.443304	0.690568	0.704426	1.447220	1.986774	0.552063	1.323249	-0.732679
-0.422482	0.044046	-0.502539	-0.325636	0.299604	0.661310	0.073915	0.516413	-1.335360	-0.665410	-0.449577	-0.419416	-1.716487	-1.708238	1.133997	0.638443	-0.643803	-0.488634	-0.556786	0.423341	0.071157	-1.017911	-0.993675	1.106383	-1.387016	-0.064721	0.852511	1.630746	0.786064	1.989265	-1.424010	-1.142880	-1.718883	-1.898460	-0.728636	-0.007220	-0.812488	0.380996	-0.108155	0.212370	-0.222049	0.399590	-0.647174	-0.461514	-0.919706	-1.262697	-1.285361	-1.018650	-2.059496	-1.300046	-0.464257	-0.279823	-0.182068	-1.194180	-0.734999	-0.234229	-1.627354	-1.170881	-1.504224	-1.295982	-0.810760	-0.534168	-0.262051	-0.032250	-0.183869	-0.076348	0.321800	0.706697	-0.738079	0.118199	-1.045872	-0.643100	0.374828	0.225425	0.232813	0.219300	-1.224502	0.124684	-1.248374	-1.463059	-1.384157	-0.435865	-0.241295	-0.357136	0.454993	0.102203	-0.503595	-1.135141	-0.644195	-1.108723	-0.733576	-0.210936	-0.810676	-0.863167	-1.675464	-1.789008	0.661256	0.994702	1.332824	1.590517	-0.483943	0.613146	0.536240	0.772842	0.742740	1.456495	1.448117	0.246943	1.051851	0.066746
-0.325978	0.160790	-0.794501	-0.890369	-0.244831	0.486382	-0.183741	0.766946	-1.098571	-0.181427	-0.696302	-0.304310	-1.469942	-1.447291	0.519332	-0.274530	-1.052713	-0.681954	-0.689797	-0.247894	-0.540997	-0.569002	-0.798635	0.764702	-0.943459	0.004896	0.319702	0.876511	-0.235657	1.212410	-0.798023	-0.193414	-1.234779	-1.350973	-0.197593	0.564939	-0.032562	0.826508	-0.068410	0.502010	-0.785274	0.371764	-0.282093	0.086162	-0.447786	-0.698719	-1.213902	-1.229416	-1.447388	-1.105762	-0.849761	-0.900227	-0.098459	-0.946840	-1.020514	-0.587119	-1.958797	-1.695928	-1.063128	-1.358531	-0.554862	-0.167192	-0.262108	0.237275	-0.570592	-0.254624	0.428876	1.175272	-0.713527	0.937827	-0.988852	-0.297572	0.496014	-0.293783	0.344278	-0.096826	-1.132776	0.473358	-1.591189	-1.477465	-0.659997	-0.650195	-0.896033	-1.266436	-0.098552	-0.436595	-1.603578	-1.073401	-1.064758	-1.984653	-1.150187	-0.619889	-0.830715	-0.910864	-1.262106	-1.582842	0.572207	0.310276	0.498291	-0.130589	-0.811622	0.527189	0.579550	0.412861	0.132953	0.692465	-0.226671	0.432967	0.890662	0.449800
-0.271216	-0.196632	-0.175114	-0.365372	-0.978739	-0.367232	-0.614522	0.517937	0.180381	0.708833	-0.239401	0.457546	-1.008501	-0.888332	0.080721	0.187852	-1.145089	-0.090454	-0.373571	-0.640600	-0.586209	0.303235	-0.264027	0.298165	0.034582	-0.096011	-0.075717	0.043039	-0.694398	0.271496	-0.266110	0.541963	-0.593666	-0.580418	0.083732	0.619044	0.989368	1.062306	0.426126	0.705146	-0.628141	0.236742	-0.401217	0.151965	-0.216637	-0.356865	-0.917158	-0.908841	-0.504011	-0.897733	-0.742312	-0.852754	-0.449850	-0.829360	-1.296045	-1.086829	-1.584396	-1.555906	-0.659540	-1.134987	-0.921058	-0.489877	-0.441873	-0.031491	-0.415575	0.372988	0.868341	1.377334	-1.003298	0.670047	-0.583241	0.097565	0.651621	0.370398	0.465987	-0.478120	-0.767870	0.199712	-1.548749	-1.097950	0.507400	0.073366	-0.840126	-1.061072	-0.545601	-0.805210	-1.355167	-0.166388	-0.611031	-1.319218	-1.064176	-0.719987	-0.708738	-0.000342	-0.366161	-0.798245	-0.122302	-0.007798	0.064194	-1.428594	-0.516697	0.882279	0.517757	-0.153927	-0.156051	0.051783	-1.258253	0.718348	0.946563	0.336163
0.052579	-0.176645	1.075751	1.093794	-1.012634	-0.750752	-0.809098	0.408411	1.493748	1.756042	0.725787	1.255749	-0.608067	-0.320203	0.217169	1.307941	-0.757617	0.697196	0.249245	-0.342846	-0.363530	0.881593	0.452315	0.328398	1.267976	0.175595	-0.031646	-0.249041	-0.374164	0.100730	-0.034414	0.659409	-0.198988	-0.024914	0.035889	0.530201	1.664363	1.266650	1.347711	0.909420	0.291589	0.340451	-0.819864	-0.146210	-0.347975	-0.447423	-0.585923	-0.504404	0.409678	-0.708183	0.072061	-0.115202	-0.502766	-0.690884	-0.876865	-0.553584	-0.116306	-0.067012	-0.480365	-0.441584	-1.496751	-1.104641	-0.605854	-0.497173	0.323214	1.427945	1.232961	1.046591	-1.258299	-0.189453	-0.295965	0.020803	0.730680	1.372137	0.308043	-0.983253	-0.611387	-0.659024	-1.196756	-0.696374	1.302566	1.318093	0.087728	0.340128	0.037922	-0.192496	0.173055	0.785448	0.259937	0.534193	-0.262213	-0.075849	-0.253562	1.333573	0.341109	-0.231825	-0.785970	0.318977	0.395141	-1.512223	0.058508	1.018408	0.232913	-0.560887	0.354943	-0.002685	-0.570553	0.546606	1.014619	0.115652
0.672614	0.547324	2.135937	2.218086	-0.217902	-0.163983	-0.439874	0.847005	1.933471	2.396213	1.611043	1.562816	-0.453724	-0.108203	0.686221	1.794587	-0.093321	0.863441	0.722672	0.368082	-0.290224	0.787425	1.060189	0.912744	2.152266	0.896960	0.302236	0.021298	0.272349	0.771339	0.061476	0.366865	-0.192002	0.006535	-0.036509	0.737347	1.768738	1.604353	2.146547	1.145513	1.265766	0.782677	-0.969108	-0.304078	-0.588456	-0.822049	-0.322353	-0.397388	1.160924	-0.313520	0.822768	0.445747	0.259410	-0.404199	0.149149	0.987222	1.501155	1.853240	-0.521453	0.370391	-1.597909	-1.347308	-0.600778	-0.742718	1.142287	2.118924	1.018866	0.430936	-1.050901	-0.620694	-0.351819	-0.515541	0.710069	1.477596	-0.031458	-1.390534	-0.694631	-1.451968	-0.799290	-0.516802	1.183427	1.951179	1.036217	1.689217	1.322963	1.106263	1.524978	0.972158	0.654198	1.992647	0.598908	0.817129	0.373576	1.926158	0.428061	-0.315148	-0.769717	0.731003	0.995499	-0.792815	0.093585	0.396125	-0.135917	-0.533820	1.136645	0.232548	0.994364	-0.029939	0.860654	0.124254
1.214378	1.451291	2.274459	1.948498	0.625119	0.837056	0.409262	1.564887	1.543444	2.384176	2.017666	1.478629	-0.527163	-0.345018	0.918320	1.235622	0.415498	0.242031	0.833649	0.951812	-0.265849	0.353777	1.378824	1.565176	2.300937	1.670571	0.582828	0.422767	0.662291	1.387672	0.249734	0.114683	-0.429923	-0.438794	0.112733	1.074944	1.569604	1.971167	2.398474	1.413240	1.656499	1.307238	-0.494935	-0.005863	-0.609267	-1.102486	-0.153548	-0.496246	1.538801	0.385340	0.641715	0.133473	1.282965	-0.095698	0.901716	2.252147	1.888046	2.520860	-0.603681	0.737937	-1.059905	-0.959558	-0.464195	-0.606433	1.480514	2.039549	0.118137	0.014799	-0.531515	-0.435991	-0.500765	-0.919176	0.605157	0.525468	-0.180736	-1.296958	-0.719557	-1.460204	-0.433737	-0.377925	0.311538	1.470135	1.180442	1.755311	2.067608	1.913877	1.532614	0.425669	0.246630	1.929341	0.735539	1.179252	0.742796	1.259319	0.143772	-0.608689	-0.024627	0.552438	1.188036	-0.106900	-0.727291	-0.711882	-0.305117	-0.001194	1.316726	0.292927	1.623714	-0.413062	0.442658	0.309484
1.272867	1.837231	1.345345	0.613119	0.716927	1.317109	1.296081	1.928109	1.070149	2.066713	1.945007	1.526744	-0.702362	-0.802116	0.661807	0.392504	0.496010	-0.420153	0.762466	1.156209	0.147405	0.296434	1.400865	1.851819	1.807400	2.027902	0.657583	0.716300	0.740489	1.259583	0.526650	0.106190	-0.721527	-1.033306	0.233800	0.880656	1.316520	1.932453	2.117352	1.626116	1.427454	1.550413	0.308105	0.550710	-0.345311	-0.933311	-0.136050	-0.497881	1.253415	1.093229	-0.382004	-0.739410	1.488036	0.054605	0.689199	2.143886	0.788671	1.345474	-0.509895	0.573262	-0.397452	-0.260595	-0.365342	-0.226889	1.225340	1.471539	-0.929232	0.035398	-0.228688	-0.264862	-0.409855	-0.716355	0.406590	-0.465414	0.074854	-0.519112	-0.509187	-0.569666	0.079271	-0.017538	-0.747028	0.516593	0.557614	0.683025	1.511005	1.491699	0.574506	-0.016045	-0.479421	0.756205	0.108008	0.848006	0.537147	0.011676	0.009398	-0.378505	0.946858	-0.113718	0.904494	0.168958	-1.618300	-1.330018	-0.142857	0.889982	0.745340	0.239185	0.543651	-0.118133	0.034426	0.426542
0.834616	1.517082	-0.126067	-0.427907	0.109480	0.897319	1.769793	1.586012	0.983211	1.844799	1.535080	1.900314	-0.855270	-1.157318	0.289049	0.194509	0.242444	-0.325924	0.641384	1.028909	0.981295	0.961590	1.140296	1.742436	0.974351	1.699440	0.641205	1.064276	0.908989	0.790546	0.627501	0.198200	-0.961948	-1.413847	-0.146977	-0.151437	0.869285	1.120443	1.456053	1.546016	0.908424	1.336334	0.691927	0.860544	-0.086979	-0.354386	-0.341277	-0.405893	0.436069	1.355223	-1.266484	-1.230218	0.605957	0.032670	-0.210262	0.898948	-0.686294	-0.566935	-0.190224	0.344403	-0.179608	0.234502	-0.384693	0.132538	0.728793	0.977954	-1.297340	0.427659	-0.293902	-0.445678	-0.181164	-0.154951	0.227404	-0.465919	0.500052	0.645346	-0.275604	0.541619	0.674379	0.358261	-1.504354	0.005361	-0.239801	-0.278635	0.138379	0.366570	-0.104628	0.325379	-0.897468	-0.247673	-0.640671	0.319677	-0.146386	-0.770734	0.067225	0.378816	1.601472	-0.417368	0.706373	0.153897	-1.377261	-0.715622	0.277955	1.781706	0.176515	0.534644	-1.086524	0.784919	0.098276	0.431457
0.258229	0.806748	-1.275929	-0.284645	-0.456147	0.017148	1.651286	0.757246	0.956706	1.617589	0.856292	2.103504	-0.882278	-1.224594	0.346358	0.649541	-0.041979	0.345490	0.262298	0.621054	1.610573	1.908193	0.579870	1.393341	0.027435	0.699050	0.742072	1.514173	1.281932	0.804822	0.278962	0.162770	-1.080394	-1.398219	-1.024947	-1.428186	0.035508	-0.220896	0.458813	0.957693	0.334474	0.747738	0.185058	0.608033	-0.186963	0.118962	-0.699695	-0.505522	-0.209144	1.025533	-1.257556	-0.893019	-0.453557	-0.060344	-0.877097	-0.302826	-1.337374	-1.682636	0.185683	0.425019	-0.411778	0.273187	-0.409465	0.273450	0.361018	0.816399	-0.683911	0.993364	-0.344988	-0.569550	-0.250113	0.065241	0.337208	0.508864	0.586888	1.532645	-0.366247	0.983925	0.805910	0.244348	-1.626855	0.092742	-0.838118	-0.300654	-0.972950	-0.348435	0.039199	1.151510	-0.886341	-0.374337	-0.988695	0.023959	-0.852733	-0.771837	-0.116337	0.867122	1.700290	0.173636	1.005479	-0.056369	0.209635	0.731566	0.787432	2.211296	0.317739	1.261219	-1.429254	1.740955	0.763527	0.555417
-0.098289	0.127101	-1.511718	0.558866	-0.455234	-0.602237	1.073544	-0.069653	0.414889	1.026793	0.021853	1.539532	-0.714671	-1.016293	0.780947	0.870108	-0.154292	0.633053	-0.528250	-0.012802	1.404154	2.301669	-0.160811	0.842984	-0.765611	-0.558082	1.034700	1.620377	1.326012	1.235129	-0.464892	-0.051342	-1.013630	-1.071277	-1.745183	-1.965596	-0.881346	-1.265258	-0.681641	-0.008184	-0.217331	0.001015	-0.853081	-0.038187	-0.588222	0.051581	-0.943891	-0.816960	-0.130048	0.400793	-0.628078	-0.294923	-0.717035	-0.156485	-0.722119	-0.619555	-1.001046	-1.521055	0.412319	0.610502	-0.643824	-0.016026	-0.304082	0.159655	0.135725	0.764211	0.228790	1.358022	-0.119235	-0.284454	-0.728665	-0.363419	0.768660	1.483983	0.104786	1.549151	-0.750268	0.521959	0.141694	-0.372981	-0.888360	0.252265	-1.200094	0.179428	-1.240126	-0.222512	0.398337	1.512344	-0.803290	0.016224	-0.967073	-0.144917	-1.113199	-0.467881	-0.642570	0.584037	1.282989	1.053644	1.437240	-0.589295	1.865252	1.661397	1.149496	1.913402	0.915438	1.774212	-0.081058	2.053879	1.397997	0.979249
-0.144376	-0.264577	-0.999699	0.937781	-0.071280	-0.659817	0.383791	-0.636260	-0.577717	0.056557	-0.667345	0.327664	-0.374456	-0.655595	0.851519	0.153304	-0.112396	0.035687	-1.311275	-0.585033	0.502930	1.722018	-0.746677	0.060705	-0.984914	-1.333614	1.325085	0.935510	0.539787	1.067878	-1.155160	-0.295553	-0.783397	-0.683538	-1.663101	-1.403862	-1.224177	-1.373303	-1.423172	-0.868974	-0.632771	-0.702091	-1.524786	-0.623149	-0.732004	-0.273435	-0.833343	-0.890302	0.346014	-0.095640	-0.199936	-0.300039	-0.280761	-0.279354	0.024751	-0.246212	-0.332624	-0.739695	0.454384	0.465254	-0.550648	-0.329632	-0.138798	-0.097087	-0.180410	0.437129	0.360006	1.035029	0.138600	0.021187	-1.113773	-0.972234	1.009906	1.554835	-0.575417	0.667941	-0.942915	-0.207868	-0.694405	-0.785354	0.523003	0.123384	-1.191119	0.246518	-0.841637	0.227209	0.187938	0.896834	-1.014612	0.234852	-0.781628	-0.472724	-0.804690	-0.334166	-0.900876	0.086928	0.588589	1.085764	1.246808	-1.438379	2.050317	1.094540	1.133180	1.119257	1.042313	1.395864	1.379049	1.346302	1.082959	1.490276
-0.012819	-0.341624	-0.509249	0.378434	0.207321	-0.453410	-0.048912	-1.075663	-1.275251	-0.936520	-0.938682	-0.774364	0.039483	-0.233811	0.029196	-1.137279	-0.014029	-0.847518	-1.349867	-0.687163	-0.256993	0.502342	-0.880323	-0.842164	-0.472790	-1.159060	1.290488	-0.254689	-0.696906	-0.271141	-1.317583	-0.387709	-0.476627	-0.387724	-0.820551	-0.347685	-0.753459	-0.757296	-1.365411	-1.248459	-0.801033	-1.258286	-1.314005	-0.887315	-0.142757	-0.094182	-0.443104	-0.347527	0.415227	-0.256725	-0.263794	-0.976792	-0.009902	-0.507212	0.701424	0.041707	0.122830	-0.125028	0.436735	-0.005596	-0.202012	-0.454841	-0.139997	-0.355223	-0.659466	-0.272954	-0.548027	0.006935	0.176912	-0.184788	-0.868125	-1.058645	0.509230	0.816235	-0.874155	-0.428006	-0.595936	-0.438217	-0.635134	-0.384533	1.759915	-0.114138	-0.550015	-0.243881	-0.193245	0.419806	-0.567750	-0.202715	-1.474661	0.076608	-0.365434	-0.800148	-0.255332	-0.372015	-0.326648	0.278072	0.052894	0.008214	0.281196	-2.130358	0.698842	-0.514379	0.756428	0.433454	0.241932	0.314565	1.150841	-0.024755	-0.256662	1.544298
0.127184	-0.288108	-0.610463	-0.467145	0.196800	-0.427718	-0.118686	-1.580696	-1.163654	-1.655303	-0.909515	-1.250102	0.474188	0.275691	-1.175189	-1.930280	0.106571	-1.103440	-0.435724	-0.241768	-0.260363	-0.679340	-0.578797	-1.611521	0.250013	-0.395772	0.806758	-1.093504	-1.425294	-1.943895	-0.886900	-0.252587	-0.051636	-0.039855	0.192101	0.337709	0.018110	-0.175106	-0.854631	-1.245613	-0.805883	-1.655814	-0.579723	-0.981463	0.917334	0.848438	-0.079098	0.574362	-0.079946	-0.126121	-0.297617	-1.451773	-0.268279	-0.801646	0.884056	-0.194390	0.348210	0.126529	0.484902	-0.311604	0.210355	-0.385281	-0.371652	-0.542061	-1.010346	-1.034000	-1.494243	-0.870550	0.270037	-0.608102	-0.106663	-0.451471	-0.462224	0.234817	-0.677906	-0.833998	-0.001214	-0.098353	0.532257	0.582083	1.883257	-0.193571	0.619317	-0.570070	0.476708	0.409000	-1.143003	-0.835377	-1.628425	-0.170831	0.457411	-0.552987	0.059536	-0.388982	0.745510	1.158720	0.086420	-1.167505	-0.715038	-1.968341	-0.635044	-1.793710	0.393117	0.248704	-0.900913	-0.555750	-0.756164	-1.074410	-1.546552	0.771916
0.211376	-0.359086	-1.025664	-0.663001	0.105536	-0.640328	-0.069037	-1.998976	-0.578079	-1.943876	-0.987047	-1.265175	0.983552	0.953988	-1.635949	-1.594703	0.248295	-0.557063	0.809254	0.391570	0.207909	-1.304414	-0.050951	-2.020018	0.448008	0.131786	0.058946	-1.082355	-1.272821	-2.488499	-0.175925	0.081284	0.716850	0.663318	0.915964	0.395505	0.455587	-0.018705	-0.627575	-1.186335	-0.776357	-1.871333	0.007620	-1.139030	1.646222	1.906301	0.174838	1.306200	-0.352651	0.162911	0.230561	-0.890117	-0.395471	-0.802338	0.663627	-0.675851	0.560166	0.240946	0.669403	-0.093478	0.685488	-0.222254	-0.543891	-0.586270	-0.797166	-1.281548	-1.301011	-0.592304	0.861395	-0.351408	0.615016	0.437894	-0.881006	0.556197	-0.330138	-0.219002	0.280759	0.299649	1.888027	1.435882	0.876482	-0.200276	1.717456	-0.142266	1.052313	0.560920	-0.959855	-0.507358	-0.809789	-0.188008	1.522270	0.513947	0.040218	-0.332315	1.453732	1.815437	0.651463	-1.324502	-0.968943	-0.681472	-0.527747	-1.979479	0.411394	0.340877	-1.427571	-0.653661	-2.611609	-0.999274	-1.725447	-0.546111
0.319189	-0.640297	-0.927377	0.037789	0.240495	-0.741711	-0.100713	-1.916944	-0.125198	-1.535426	-1.248223	-1.127126	1.587719	1.744823	-0.877415	-0.464086	0.389618	0.297993	1.619245	0.874209	0.413498	-1.093930	0.598330	-1.934954	0.067204	0.102353	-0.620982	-0.478413	-0.775254	-1.378342	0.511735	0.499709	1.887723	1.764759	1.314997	0.206587	0.506659	0.000944	-0.806532	-1.113438	-0.553748	-1.783859	0.323458	-1.242377	1.612156	2.312455	0.626199	1.659877	0.318005	0.481875	1.126921	0.593747	0.344915	-0.037553	0.437587	-0.835532	0.867156	0.396952	1.059327	0.477703	1.320065	0.018630	-0.254538	-0.327606	0.152388	-0.637059	0.011489	0.784543	1.848225	0.842426	1.075041	1.195483	-0.115812	1.461527	0.073910	0.877057	0.207177	0.450649	2.503796	1.980610	-0.211445	-0.339642	2.200034	0.817004	1.351873	0.929730	-0.117349	0.532436	1.014424	0.146029	2.280495	1.839012	0.093439	-0.173443	1.509659	1.626700	1.252144	-0.467570	-0.589402	1.199829	0.775108	-1.499035	0.680373	0.230073	-1.012514	-0.365607	-2.910601	0.093209	-0.898565	-1.618590
0.567624	-0.918404	0.063699	1.094106	0.768093	-0.414922	0.029640	-1.185365	0.195611	-0.278603	-1.149192	-0.741615	2.052934	2.310698	0.391485	0.737485	0.507437	1.076417	1.779376	1.182092	0.185595	-0.059921	1.285053	-1.295153	-0.282967	-0.064419	-0.868616	0.271495	-0.374568	0.527769	1.017487	0.736205	2.923886	2.764334	1.409675	0.094190	0.477099	0.219998	-0.737929	-0.778771	0.111277	-1.264805	0.711912	-0.942095	1.153534	2.024904	1.434423	1.889219	1.559041	0.692441	1.740297	2.123319	1.564495	1.361836	0.537914	-0.437109	1.238045	0.607614	1.616494	0.984493	1.959578	0.414783	0.536121	0.304493	1.484212	0.700863	1.313929	2.078174	2.576702	1.997717	1.482478	1.709518	1.279434	1.967371	0.868037	1.584372	0.250162	0.498490	2.302417	2.434954	-0.408727	-0.483661	2.003838	1.616727	1.218917	1.275639	0.836311	1.677850	2.877299	0.776459	2.212363	2.537270	0.546518	0.212024	1.379380	0.949794	1.511486	0.502628	-0.288491	2.681123	1.832089	-0.991194	0.674108	-0.114331	-0.118006	-0.347803	-1.746495	1.369744	0.049880	-1.845791
0.902296	-0.816297	1.306775	1.742497	1.543810	0.299621	0.639369	-0.185337	0.753805	1.208041	-0.210331	0.029293	1.881742	2.152464	1.090212	1.546162	0.528685	1.632206	1.421563	1.257784	0.046809	1.135294	1.649179	-0.222122	-0.275488	0.018141	-0.431729	0.968168	0.229351	1.917212	1.129694	0.449579	2.846043	2.842555	0.968089	-0.084448	0.343119	0.454435	-0.001468	-0.129075	0.939019	-0.388062	1.111442	-0.240327	0.709989	1.424009	2.030792	2.019537	2.168773	0.654526	1.702946	2.920964	1.936760	2.350876	0.986976	0.318530	1.542284	0.863258	1.959082	1.189938	2.079398	0.861608	1.321511	0.990090	2.412800	1.883095	1.711776	2.222107	2.470315	1.831531	1.747201	1.851297	2.102034	1.529866	1.931473	1.445036	0.535896	0.450149	1.608724	2.553588	0.089614	-0.275195	1.298101	1.744859	0.705548	1.454842	1.376439	2.316329	3.424144	1.388471	1.207606	2.222397	1.036026	0.759013	1.319600	0.432696	1.512050	0.992435	-0.320749	3.086186	1.623798	-0.428906	0.204542	-0.227231	0.688280	-0.542257	-0.224521	2.007699	0.608406	-1.305022
1.051858	-0.126195	1.732771	1.534794	2.031801	1.083049	1.345197	0.538543	1.335609	1.674720	1.107402	0.761220	0.712997	1.036479	0.869740	1.715564	0.307381	1.596874	0.541596	0.750138	0.286840	1.282664	1.262426	0.816226	-0.263589	0.151488	0.456299	1.341977	1.254366	2.063664	0.636603	-0.383467	1.125069	1.544350	-0.133414	-0.529629	-0.198914	0.346086	0.892788	0.465997	1.150424	0.485133	0.850930	0.312376	0.149018	0.533785	1.532648	1.582226	1.378751	0.320612	1.123437	2.747418	0.700505	1.860776	1.478666	1.106337	1.515825	1.124340	1.515862	1.025777	1.186745	0.916281	1.421562	1.139004	2.247134	1.927692	1.305583	1.222149	1.457114	0.193415	1.229721	1.257660	1.659467	0.499798	2.190276	0.606404	0.505374	-0.061215	0.505636	1.602129	0.321491	0.318991	0.193043	1.095194	0.044123	1.426519	1.205803	1.930877	2.106312	1.388491	-0.341785	1.179126	0.838062	1.016338	0.880839	0.129833	1.370561	1.233188	-0.167121	2.560813	0.323377	0.344394	-0.202343	0.135280	1.239920	-0.288104	0.908665	1.611859	0.839523	-0.523190
0.818011	0.885754	1.023022	0.615513	1.679893	1.573918	1.229039	0.746978	1.189288	0.560302	1.704130	0.754569	-1.074735	-0.570069	0.296291	1.092414	-0.113669	0.587682	-0.741400	-0.421527	0.496756	-0.186350	0.261340	1.183712	-0.580578	-0.023388	1.033232	0.950673	1.981752	1.126292	-0.244476	-1.201083	-1.459216	-0.579341	-1.339708	-0.941906	-1.007401	0.005859	1.119990	0.563435	0.396667	0.871182	-0.322806	0.214285	-0.801202	-0.785756	-0.095454	0.335588	-0.302703	-0.171991	0.290525	1.755556	-1.319717	0.071676	1.570527	1.613039	0.908323	1.194678	0.229230	0.408875	-0.514737	0.209072	0.619469	0.514854	1.056956	0.614804	0.668856	-0.123065	-0.002886	-1.616976	-0.345247	-0.175942	0.344723	-0.415681	0.863758	-0.447051	-0.192050	-1.033486	-0.840891	-0.413781	-0.071703	0.843537	-0.959793	-0.006394	-0.511016	1.051157	0.384975	0.432778	-0.164772	0.432531	-1.653633	-0.021188	-0.124375	0.600545	-0.238282	-0.308227	0.849906	1.558859	0.529556	1.820604	-1.125391	0.843122	-0.005609	0.561618	1.534683	0.582950	1.642174	0.300697	0.751096	-0.003346
0.364941	1.529728	0.017191	-0.309388	0.620730	1.554793	0.059286	0.512711	0.193890	-1.091967	1.144739	-0.065052	-2.281934	-1.600029	0.127606	-0.030806	-0.308064	-0.940908	-1.703004	-1.485310	0.316533	-2.194765	-0.607190	0.630570	-0.967530	-0.432098	0.769894	-0.108937	1.515132	-0.110475	-0.806416	-1.292542	-3.098747	-2.093192	-1.633041	-0.744308	-1.385801	-0.114863	0.513729	0.088934	-0.694590	0.497159	-1.476204	-0.343460	-1.715732	-2.004302	-1.689399	-1.075200	-1.570645	-0.534815	-0.394796	0.426144	-2.471188	-1.573740	1.022725	1.487140	-0.120228	0.849322	-1.043688	-0.587233	-1.957248	-0.918870	-0.537372	-0.364878	-0.240940	-1.134867	0.193676	-1.020815	-1.058560	-2.097257	-2.070762	-1.734903	-0.737880	-0.829121	-1.010143	-1.156372	-0.894452	-1.608625	-1.709622	-2.125209	-0.405672	0.875905	-1.336402	-0.795930	-0.745357	0.306390	-0.460568	-1.370601	-1.651734	-0.889253	-1.938014	-0.779320	-0.967923	-0.201234	-1.352397	-0.877954	-0.180860	1.638029	1.112909	1.421145	-1.685378	0.525224	0.426692	0.478246	1.332541	1.205099	2.052649	-1.196285	0.225343	-0.081422
0.057829	1.258825	-0.224140	-0.532441	-0.268720	1.126820	-1.152987	0.033494	-0.709100	-1.618182	0.201333	-0.957586	-1.850393	-1.241149	0.557510	-0.822109	0.057396	-1.773720	-1.544920	-1.471102	0.065586	-2.919363	-0.811874	-0.365668	-0.993780	-0.675634	0.033775	-0.898248	0.129853	-0.780652	-0.532707	-0.601778	-2.533339	-1.835291	-0.606295	0.105849	-0.958092	0.088354	-0.369011	-0.584954	-1.228553	-0.379470	-1.397898	-0.680398	-1.751534	-2.142673	-2.073926	-1.691999	-1.599416	-0.501908	-0.380668	-0.393712	-1.958683	-1.790046	0.073350	0.621607	-0.896291	0.179337	-1.252210	-1.441290	-2.035677	-1.492750	-1.161330	-0.695582	-0.706207	-2.018362	0.088098	-1.122152	-0.973038	-1.074056	-2.581798	-2.329598	-0.704088	-0.834264	-1.387356	-1.123644	-0.664093	-0.995083	-1.451943	-2.137994	-0.050162	0.523291	-0.400891	-0.576427	-0.541485	-0.397144	-0.449136	-2.151691	-1.326634	-1.372341	-1.073165	-0.658415	-0.810488	-0.637962	-1.471872	-1.161035	-1.190809	0.861154	0.551148	1.320484	-0.864382	-0.117506	0.137790	-0.148141	0.381707	0.599341	1.899891	-1.822902	-0.432600	-0.880213
0.040636	0.292677	0.351254	-0.147235	-0.330126	0.703496	-1.265692	-0.328224	-0.642399	-0.598799	-0.167435	-1.212259	-0.096024	0.156564	1.110740	-0.698517	0.573713	-1.300402	-0.487617	-0.491997	0.153145	-1.819693	-0.600473	-0.964270	-0.645167	-0.493305	-0.413994	-0.678475	-0.895581	-0.589840	0.308415	0.161924	-0.446306	-0.179172	0.872532	0.881523	-0.236752	0.250214	-0.884443	-0.883301	-1.001584	-0.972915	-0.130429	-0.396197	-0.841858	-1.100952	-1.383087	-1.410744	-0.732741	-0.038810	0.532109	-0.049942	-0.538366	-0.679509	-0.690875	-0.443544	-0.853823	-0.395471	-0.336742	-1.470323	-0.759102	-0.889380	-0.889019	-0.291253	-0.283009	-1.560804	0.442075	-0.589096	0.057049	0.180526	-1.613664	-1.671835	0.329732	-0.767539	0.215791	-0.416403	0.325874	0.339756	-0.489605	-0.762299	0.573369	0.203642	1.075749	0.372841	-0.082179	-0.596992	0.554131	-1.400617	0.092857	-0.580915	0.076058	0.154637	0.146110	-0.395497	-0.647429	-0.951185	-1.493479	-0.634460	-1.073600	1.126322	0.698467	0.059591	-1.070286	-0.851733	-0.984510	-1.012662	1.012915	-1.132421	-0.538564	-2.040827
0.136940	-0.521133	0.797262	-0.068090	0.069724	0.587410	-0.352266	-0.096329	0.136010	0.758596	0.042470	-0.868956	1.374460	1.260941	1.180481	-0.054395	0.429337	-0.352929	0.287192	0.236680	0.321972	-0.182574	-0.488109	-0.717147	-0.177070	0.074502	-0.385264	0.064014	-0.793224	-0.031503	0.987375	0.363605	1.094280	1.160280	1.462944	0.918338	0.047222	0.149376	-0.750261	-0.429950	-0.432024	-0.552698	1.050081	0.319377	-0.007644	-0.073171	-0.759836	-1.078398	0.089007	0.547659	1.595656	1.007361	0.443141	0.526819	-0.899497	-0.895183	-0.257348	-0.610525	0.629019	-0.614754	0.647169	0.383549	-0.290397	0.164383	0.297592	-0.464963	0.999512	0.049707	0.807589	0.407481	-0.326239	-0.660549	1.342823	-0.831823	1.958739	0.392671	0.857319	1.086497	-0.002336	0.312176	0.584266	0.046808	1.463707	0.791439	0.106651	-0.481364	1.499427	-0.137693	0.826433	0.432428	0.400047	0.705016	0.806362	-0.007793	0.021759	-0.532759	-1.236241	-1.838816	-2.298263	0.623996	1.524497	1.271025	-2.180711	-1.271951	-1.893196	-2.263673	-0.209325	0.122227	0.146338	-2.732182
0.124908	-0.634480	0.421460	-0.927468	0.060037	0.542859	0.500327	0.816826	0.682315	1.144678	0.155827	-0.438275	1.285177	1.088809	0.641358	0.202173	-0.511472	-0.235391	-0.013151	-0.143304	0.037659	0.497369	-0.522063	0.055055	0.290526	0.757491	-0.272888	0.251051	-0.092434	0.199160	1.082916	0.147765	0.814258	0.908914	0.825962	0.464909	-0.108427	0.039638	-0.117182	0.571037	0.127804	0.750459	1.198820	1.071543	-0.172983	-0.177010	-0.865087	-1.339588	0.341181	0.729764	1.629931	1.382122	0.446082	0.739414	-0.803793	-0.641342	0.028782	-0.677678	0.604105	0.291930	0.985770	1.156070	-0.244228	-0.109728	0.424058	0.191822	1.219394	0.311612	0.253007	-0.316183	0.080834	-0.352076	1.412813	-0.822845	1.957843	0.665011	0.221756	0.676115	-0.508870	0.050375	-0.070682	-0.221459	0.112698	-0.146882	-0.376141	-0.718456	1.255541	0.171448	-0.079467	0.290609	-0.278170	0.134601	0.414305	-0.187368	-0.225161	-0.293787	-1.269594	-1.972217	-1.886121	-0.029448	0.751044	2.308704	-2.191476	-1.452453	-1.814011	-2.137321	-0.932979	0.724228	1.008770	-2.374736
-0.074919	-0.376986	-0.378417	-2.154936	-0.575657	0.089390	0.512478	1.758159	0.503055	0.552375	-0.113416	-0.200979	-0.011331	0.015969	-0.076857	-0.285212	-1.471078	-1.184670	-0.947238	-1.150020	-0.660143	0.086100	-0.413372	0.618253	0.701966	1.151766	-0.317414	-0.361543	0.168802	-0.051339	0.721060	0.097640	-0.484964	-0.399710	-0.085039	0.324896	-0.116336	0.204941	0.539554	1.382959	0.574211	1.872666	0.635476	1.605528	-1.039815	-1.102783	-1.208855	-1.832157	0.179193	0.168114	0.395124	0.285792	0.071713	-0.060378	-0.927748	-0.456645	-0.410138	-0.909813	-0.341663	0.341683	0.262642	0.815428	-0.894932	-1.054493	0.112131	-0.065600	0.805219	0.145548	-1.204262	-0.924914	-0.336244	-0.785580	0.594460	-0.363377	0.474235	0.167516	-0.913082	-0.173758	-1.264307	-0.868508	-0.569665	-0.777381	-1.742642	-1.700187	-1.257587	-1.472785	-0.029232	-0.724835	-1.741189	-1.010267	-1.061289	-1.265955	-0.647463	-0.911049	-0.934774	-0.317257	-1.920924	-1.372353	-0.365008	-0.540240	-0.858731	1.961239	-1.335559	-1.570058	-1.162603	-1.062512	-0.648026	0.247321	1.205175	-1.299371
-0.434628	-0.348426	-0.750468	-2.543814	-1.181782	-0.712653	-0.097847	1.899414	-0.141737	-0.045156	-0.420942	-0.054082	-1.124897	-0.761556	-0.487664	-1.062414	-1.730028	-2.178204	-1.512120	-1.681614	-1.206428	-0.486949	-0.122118	0.539054	0.844337	0.999326	-0.423053	-1.037484	-0.386223	-0.399453	0.235831	0.406441	-1.095547	-1.180205	-0.310821	0.702990	0.267916	0.500700	0.770696	1.410684	0.788879	1.844689	0.187040	1.727269	-1.458741	-1.572936	-1.015373	-1.746528	-0.056149	-0.844924	-0.995727	-1.364596	0.176150	-0.949389	-1.309417	-0.793981	-1.015380	-1.151455	-1.236879	-0.392383	-0.559491	-0.135952	-1.425759	-1.727400	-0.335122	-0.865479	-0.012115	-0.194628	-2.169136	-0.782556	-0.584572	-1.085174	-0.319011	0.409607	-0.849712	-0.874875	-1.422010	-0.569444	-1.223477	-1.134513	-0.447413	-1.306232	-2.369250	-2.380239	-1.768603	-2.042607	-1.201473	-1.690788	-2.511258	-2.090056	-1.068861	-2.262858	-1.298016	-1.385491	-1.100588	-0.377785	-2.446987	-0.946343	0.578189	-0.760207	-1.796878	0.450041	-0.593058	-1.595240	-0.729733	-0.240683	0.208531	-0.718492	0.497406	-0.325260
-0.820783	-0.462456	-0.463101	-1.609212	-1.113216	-1.130970	-0.617580	1.194031	-0.742139	0.007630	-0.475434	0.140875	-1.220293	-0.605074	-0.500725	-1.512279	-1.330925	-2.111512	-1.245402	-1.265094	-1.220504	-0.522219	0.125981	0.082059	0.534615	0.503960	-0.552633	-1.204572	-1.185707	-0.518731	-0.145023	0.675629	-0.446522	-0.682058	-0.030313	0.861885	0.587263	0.560430	0.584254	0.842552	0.685578	0.866832	0.098336	1.260514	-0.739978	-0.894216	-0.241172	-0.866712	-0.215747	-1.469412	-1.326668	-1.907543	0.846742	-0.992855	-1.348016	-0.947874	-0.935054	-0.874228	-1.297426	-0.894316	-0.749145	-0.720695	-0.987477	-1.253453	-0.739110	-1.433345	-0.779929	-0.576213	-1.863014	-0.288875	-0.031093	-0.569621	-0.770796	0.666520	-1.215472	-1.987582	-0.996542	-0.511487	-0.211607	-0.352694	-0.209432	-1.236424	-1.459425	-1.684897	-1.463092	-1.693398	-1.538823	-1.576421	-1.771329	-1.813259	-0.315084	-1.968033	-0.835593	-0.929502	-0.333122	-0.207754	-1.967127	-0.939567	0.147543	-0.707385	-1.462919	-0.950044	-0.325430	-1.314471	-0.656489	-0.144523	0.641930	-1.400391	-0.603441	0.252254
-0.976692	-0.093341	0.071844	-0.002113	-0.438846	-0.658517	-0.623392	0.418894	-0.926301	0.459329	-0.400046	0.366520	-0.627729	0.030305	-0.332322	-1.374561	-0.651371	-0.851907	-0.433890	-0.256745	-0.745961	-0.088073	0.270095	-0.100048	-0.092854	0.132827	-0.710324	-1.031829	-1.364362	-0.440021	-0.387221	0.467619	0.537245	0.357270	-0.089113	0.141919	0.310278	0.260840	0.382471	0.387171	0.461398	0.076601	0.048252	0.322675	0.647162	0.356802	0.520955	0.223040	-0.267768	-1.116812	-0.583994	-0.871005	1.309250	-0.158307	-0.575379	-0.045321	-0.010448	0.113869	-0.631467	-0.409887	-0.417665	-0.496836	0.259170	0.163191	-0.957337	-1.218183	-1.187151	-1.027949	-0.852301	-0.075064	0.945089	0.504261	-0.883574	-0.179306	-1.166836	-2.657559	-0.192079	-0.593960	1.036707	0.781339	-0.414119	-0.324790	-0.142898	-0.435982	-0.661303	-0.546306	-1.276422	-0.352784	-0.285323	-0.435618	0.603495	-0.636950	0.389566	0.216181	0.818704	0.189849	-0.573445	-0.735380	-0.743546	-0.416106	-0.490984	-1.405314	-0.032913	-0.639536	-0.392845	-0.172563	0.290740	-1.487062	-1.328943	0.802024
-0.740704	0.804531	0.539672	1.297012	0.282121	0.222816	-0.245758	0.170702	-0.578434	0.683375	-0.365012	0.546110	-0.076429	0.351793	-0.144218	-0.739364	0.133179	0.753271	0.393274	0.776363	0.012990	0.394720	0.443071	0.276672	-0.708124	0.021844	-0.625315	-0.807194	-0.667829	-0.316074	-0.621971	-0.160641	0.881707	0.857388	-0.697711	-1.017020	-0.467744	-0.208457	0.371126	0.363377	0.407264	0.189046	-0.140049	-0.558132	1.617101	1.120904	0.815175	0.817154	-0.203094	-0.189874	0.281173	0.543586	0.841743	0.660489	0.585489	1.397478	1.068978	1.247942	0.038890	0.604826	-0.065444	0.113783	1.235194	1.290176	-0.779568	-0.340687	-1.107333	-1.394083	-0.130879	-0.123525	1.498476	1.279372	-0.957937	-1.499421	-1.211551	-2.591305	0.396332	-1.040831	1.696660	1.421129	-0.714345	0.972326	0.612720	0.433239	-0.000050	0.569322	-0.828715	1.074195	0.947189	0.906669	1.258288	0.753307	1.273664	1.063790	1.500199	0.450762	0.760413	0.044749	-0.899875	0.077511	0.288991	-1.158689	0.598373	0.144573	0.284911	0.204905	-0.124536	-1.060263	-1.243269	1.445409
-0.344536	1.290429	0.899252	1.751229	0.597232	0.538750	0.067048	0.174590	0.000184	0.406056	-0.325238	0.595657	0.161505	0.174479	0.024114	0.045953	0.801243	1.620058	0.812982	1.371992	0.737696	0.601180	0.582755	0.725513	-1.089432	-0.139337	-0.087059	-0.456519	0.225784	-0.193600	-0.926120	-0.691057	0.678576	0.645173	-1.125486	-1.487863	-1.094009	-0.592149	0.263347	0.360929	0.445315	0.665429	-0.271844	-0.866919	1.546310	0.998094	0.689753	0.744056	-0.120569	0.260410	0.552087	0.955430	-0.288901	0.646749	1.117285	1.787550	1.450091	1.641269	0.164673	1.003729	0.060338	0.385887	1.150974	1.145974	-0.277892	0.436304	-0.591919	-1.308871	0.056283	-0.000339	1.254052	1.207886	-0.936591	-1.960495	-1.046435	-1.906295	0.604829	-1.417912	1.502917	1.285819	-0.434840	1.695210	0.857125	0.747847	0.237382	0.955511	-0.257097	1.766105	1.548954	1.388914	1.514172	1.392211	1.060301	0.925937	1.325626	0.233663	1.182349	0.766173	-0.434094	0.564600	0.626528	-0.797677	1.073179	0.518751	0.725818	0.563976	0.084801	-0.368243	-0.550089	1.591639
-0.284415	0.554530	0.952706	1.347608	0.392666	-0.010706	-0.056398	-0.183675	0.170115	-0.150678	-0.269769	0.410614	0.288979	-0.016453	0.080222	0.483807	0.863297	1.280409	0.608480	1.166140	0.936154	0.422130	0.386710	0.517519	-1.156418	-0.528130	0.432168	0.018001	0.420932	-0.087181	-1.013451	-0.623067	0.598015	0.352928	-0.711732	-0.829482	-1.030872	-0.722544	-0.247446	-0.068641	0.181388	0.463967	-0.171389	-0.606504	0.805464	0.513444	0.462652	0.404845	-0.187727	-0.222624	0.299294	0.327680	-0.996781	0.022516	0.528528	0.530543	0.863123	0.957522	-0.157400	0.363636	0.042347	0.094764	0.428209	0.182798	-0.015143	0.408803	0.032250	-0.678034	0.195961	0.387516	0.622870	0.579817	-0.628213	-1.094879	-0.372301	-0.938713	0.566284	-1.187935	0.803067	0.654339	0.213273	1.178933	0.935499	0.752837	0.216365	0.589056	0.360873	1.427670	1.539710	1.041267	1.264716	1.137367	0.225024	0.202194	0.616621	-0.257140	0.697384	0.568012	-0.310103	0.647799	0.677329	-0.440763	0.787653	0.258188	0.264568	0.231438	0.457267	0.241717	0.096741	0.787752
-0.741258	-0.860211	0.433060	0.495664	-0.232284	-0.753883	-0.628976	-0.914680	-0.406098	-0.587143	-0.357931	0.002755	0.516975	0.222410	-0.036643	0.362588	0.210712	0.305835	0.003101	0.236200	0.359711	0.019287	-0.223967	-0.366217	-0.851813	-0.817670	0.169815	0.210317	-0.113282	-0.055784	-0.391073	0.065959	0.829908	0.432525	0.251943	0.162555	-0.361457	-0.548007	-0.916778	-0.690878	-0.476006	-0.573637	0.069651	-0.216346	0.314376	0.415528	0.407824	0.326955	-0.410115	-0.864609	-0.061796	-0.272831	-0.578778	-0.244390	-0.517707	-0.992054	-0.176725	-0.197504	-0.405355	-0.474906	0.033582	-0.267959	0.147157	-0.202333	-0.414936	-0.214311	0.313114	0.062960	0.626432	0.749340	0.275819	0.184087	-0.206867	0.132374	0.358681	0.150402	0.520343	-0.286481	0.218553	0.060851	0.334450	-0.122287	0.783901	0.602091	0.208774	-0.015708	0.717637	0.551997	1.037417	0.472780	0.573902	0.469483	-0.021837	-0.093925	0.023196	-0.404568	0.024026	-0.346746	-0.707366	0.089745	0.630139	0.123728	-0.075821	-0.206142	-0.702171	-0.514834	0.091492	0.495958	0.211548	-0.370484
-1.258854	-1.550550	-0.360724	-0.087191	-1.039851	-0.958711	-1.297315	-1.390135	-1.234630	-0.645799	-0.589596	-0.372796	0.809541	0.730412	-0.090289	0.135779	-0.356037	-0.172661	-0.295495	-0.592020	-0.527259	-0.221359	-0.867541	-1.101411	-0.216975	-0.619434	-0.808838	-0.106826	-0.503941	-0.098170	0.901778	0.892089	0.958942	0.665397	0.896656	0.463523	0.360653	-0.186771	-1.143798	-0.871384	-1.026473	-1.486880	0.299267	-0.028144	0.619275	0.868726	0.620831	0.655768	-0.581379	-0.612269	-0.294904	-0.143825	0.485040	0.316978	-0.908292	-1.130254	-0.854047	-0.860981	-0.248105	-0.490510	0.142160	-0.118211	0.666787	0.547157	-1.014148	-0.421416	0.150890	0.407521	1.133994	1.014317	0.425505	0.458014	-0.067505	0.561174	0.555659	1.362080	0.727988	0.853411	0.148722	-0.038241	-0.195919	-0.876105	0.361988	0.418663	0.369012	-0.331981	0.725712	-0.012169	0.453780	0.266254	-0.024152	0.022819	0.736161	0.391534	-0.083591	-0.001613	-0.173001	-0.880494	-0.790972	-0.852296	0.657979	0.836389	-0.775652	-0.213798	-1.120357	-0.692229	-0.818347	0.442241	-0.053066	-0.798658
-1.230659	-1.017097	-0.672142	0.030025	-1.619959	-0.683329	-1.602117	-1.206255	-1.462754	-0.390262	-0.645097	-0.450842	0.982016	0.967164	0.222281	0.415515	-0.005790	0.329169	0.185603	-0.468714	-0.948045	-0.079849	-1.134004	-1.051101	0.447679	-0.104100	-1.523920	-0.483883	-0.195313	-0.139467	1.932278	1.298863	0.703594	0.621275	0.825857	0.082597	0.687491	0.088196	-0.737207	-0.470570	-0.966996	-1.434641	0.496302	0.007820	1.382183	1.349526	0.959292	0.996427	-0.546479	0.411024	-0.394650	0.281502	1.156793	1.081889	-0.383052	-0.139577	-0.846887	-0.734588	0.089480	0.157133	0.413480	0.444700	1.230633	1.385975	-0.944366	0.307444	-0.055816	0.328078	1.380827	1.426200	0.702412	1.020421	-0.228108	0.181954	0.375560	2.413613	1.233819	1.662665	0.385260	0.343353	-0.388243	-0.368289	0.107250	0.343119	0.680785	-0.276314	0.675251	0.078908	0.329686	0.458173	0.057382	-0.027834	1.527763	0.893723	0.090352	0.358268	0.046267	-0.564745	-0.197655	-1.606400	0.858688	1.281694	-0.940176	0.239763	-0.716232	-0.086296	-1.143461	0.333443	-0.183014	-0.294007
-0.690057	-0.308920	-0.315562	0.344517	-1.588742	-0.513690	-1.353311	-0.718973	-0.924785	-0.220632	-0.364078	-0.340662	0.888130	0.687713	0.627832	0.954520	0.824915	0.990496	0.891488	0.278857	-0.748191	0.102145	-1.076170	-0.634158	0.732532	0.115673	-1.336019	-0.439466	0.223982	-0.232579	1.738283	1.118799	0.306645	0.272715	0.474017	-0.080124	0.633978	0.061221	-0.229276	-0.092107	-0.535176	-0.771558	0.617986	0.042933	1.740917	1.253408	1.104243	0.842849	-0.407351	0.947375	-0.450561	0.175620	1.038305	1.151551	0.169367	0.262863	-0.588095	-0.423333	0.105900	0.321304	0.703886	0.697871	1.056651	1.101024	-0.242312	1.079715	-0.006195	0.086323	1.255863	1.874304	0.683467	1.128982	-0.329866	-0.189752	0.343683	2.615861	1.640316	1.773192	0.308714	0.614381	0.334276	0.474834	0.299023	0.243899	0.906773	-0.222740	0.647529	0.216023	0.597463	0.514548	0.621265	-0.111908	1.282744	0.596022	0.074870	0.078555	0.014364	-0.194479	0.221990	-1.811087	0.999337	1.106269	-0.811931	0.366324	-0.337383	0.312191	-0.547038	0.184802	-0.064251	0.287357
-0.308637	-0.518336	-0.007052	-0.061314	-1.025113	-0.708338	-0.843772	-0.539143	-0.353410	-0.531489	-0.149805	-0.432597	0.513548	0.187533	0.374971	0.727353	0.853810	0.646055	0.781634	0.367677	-0.527746	-0.259418	-1.003511	-0.719327	0.561049	-0.252140	-0.731222	-0.302599	-0.145302	-0.579605	0.570307	0.627029	0.094405	-0.049970	0.407591	0.426463	0.493305	-0.205825	-0.231199	-0.300497	-0.458203	-0.494617	0.490155	0.027281	1.194659	0.532145	0.857971	0.238188	-0.374142	0.276888	-0.582303	-0.555051	0.584963	0.494040	-0.088735	-0.599033	-0.589399	-0.504223	-0.337013	-0.535383	0.681279	0.217068	0.332500	-0.005672	0.051681	0.592756	-0.030394	-0.316414	0.697175	1.683039	0.372597	0.558111	-0.306487	-0.205120	0.333636	1.539039	1.420727	1.201144	-0.300835	0.230703	1.113481	0.225355	0.418910	-0.202788	0.734542	-0.519935	0.252732	-0.390906	0.551658	-0.026875	0.786156	-0.641757	0.257174	-0.181984	-0.237368	-0.463744	-0.658596	-0.554057	-0.295616	-1.543040	0.584285	0.279882	-0.608737	-0.362355	-0.630151	-0.248319	0.006370	-0.294221	-0.193416	0.309537
-0.468369	-1.217020	-0.286766	-1.139410	-0.495675	-0.938939	-0.570558	-0.727984	-0.369719	-1.162748	-0.445131	-0.819268	0.003951	-0.141901	-0.639651	-0.545690	-0.180310	-0.594860	-0.174538	-0.631999	-0.712472	-1.089995	-0.931143	-1.303272	0.312396	-0.763789	-0.501118	-0.681026	-1.134343	-1.145602	-0.281086	0.216597	0.017726	-0.158020	0.585537	0.951534	0.431819	-0.443391	-0.622304	-0.852126	-0.883422	-0.829932	0.095739	-0.137137	0.156629	-0.264219	0.397600	-0.201494	-0.477312	-0.749000	-0.818415	-1.193738	0.273847	-0.105221	-0.792476	-1.437819	-0.725826	-0.720240	-0.776705	-1.503111	0.215767	-0.512443	-0.204152	-0.609519	-0.557128	-0.964387	-0.568064	-0.989962	-0.280912	0.566027	0.084771	-0.151079	-0.502081	-0.246324	-0.227147	-0.191675	0.623007	0.387872	-0.830881	-0.518574	0.906781	-1.002745	-0.099734	-0.881728	0.180980	-1.002538	-0.628401	-1.475931	-0.095089	-0.885814	0.176237	-1.343243	-0.422304	-0.435253	-0.432719	-0.351256	-1.441082	-1.180134	-1.127129	-1.084772	-0.452091	-0.854099	-0.211109	-1.304152	-1.079362	-1.082386	-0.191794	-1.100281	-0.868951	0.123357
-0.712157	-1.172118	-0.684863	-1.682509	-0.382461	-0.827948	-0.618120	-0.806723	-0.644432	-1.418434	-0.915575	-1.052679	-0.344177	-0.232470	-1.380743	-1.587360	-0.979919	-1.307654	-0.795424	-1.459021	-0.908126	-1.465781	-0.640924	-1.439138	0.282887	-0.790565	-0.614224	-1.238942	-1.575062	-1.432297	-0.128165	0.050701	-0.104819	-0.162074	0.562158	0.727636	0.353677	-0.474893	-0.738939	-1.013159	-1.077659	-0.989934	-0.213373	-0.307135	-0.461844	-0.544000	0.093807	-0.087227	-0.539518	-0.875003	-0.941175	-1.135323	0.063144	-0.149372	-0.930895	-1.031382	-0.561998	-0.525168	-0.704539	-1.409096	-0.292935	-0.681851	-0.257197	-0.250910	-1.169456	-1.859547	-1.234438	-1.515323	-1.129110	-0.592600	0.007724	-0.361878	-0.903772	-0.507487	-1.086875	-1.167269	-0.028218	-0.078801	-0.618828	-0.784853	0.078975	-1.596374	-0.783916	-1.118069	-0.285337	-1.119488	-1.259020	-1.817938	-0.673597	-1.242147	-0.485071	-1.483882	-0.309085	0.022650	-0.204731	0.417180	-1.429428	-1.095220	-1.107455	-0.670242	-1.282689	-1.532791	0.309223	-1.339242	-0.885561	-1.031547	-0.543065	-1.540690	-1.443457	0.237144
-0.475926	-0.275674	-0.503730	-0.939249	-0.419290	-0.433183	-0.558339	-0.497654	-0.487226	-0.910787	-0.773979	-0.705469	-0.263667	-0.195124	-0.966788	-1.113117	-0.514364	-0.632910	-0.353676	-0.883903	-0.538010	-0.776596	-0.225772	-0.646410	0.253575	-0.342828	-0.478420	-0.990137	-0.833815	-1.001144	0.285792	0.008964	-0.164871	-0.152291	0.229956	0.031353	0.131494	-0.361585	-0.355782	-0.547371	-0.530066	-0.446460	-0.124952	-0.235590	-0.270825	-0.255474	0.095046	0.223808	-0.415353	-0.154562	-0.654894	-0.549249	-0.204681	0.029593	-0.335531	-0.048987	-0.158308	-0.058518	-0.247294	-0.416285	-0.310004	-0.199304	-0.080862	0.222528	-0.833161	-1.061737	-1.118294	-1.193375	-1.017537	-0.662964	0.054971	-0.067259	-0.922763	-0.607190	-1.154118	-0.656698	-0.006112	-0.020029	0.025760	-0.335871	-0.232247	-0.743321	-0.674801	-0.559181	-0.250957	-0.624203	-0.857847	-0.867710	-0.482575	-0.697049	-0.383698	-0.800544	0.026070	0.325850	0.114602	0.724893	-0.545147	-0.315272	-0.244888	-0.418715	-0.997528	-1.059604	0.447908	-0.399718	-0.213071	-0.166068	-0.276705	-0.976004	-1.026201	0.430898
0.005019	0.297118	0.044416	0.200937	-0.220168	-0.111149	-0.177248	-0.104320	0.027409	-0.158709	-0.034810	-0.052061	0.134745	-0.073316	-0.011113	0.231999	0.445652	0.467477	0.372742	0.375190	0.149514	0.250928	-0.047006	0.262864	-0.018942	-0.000527	-0.046586	0.027088	0.232098	-0.189279	0.085310	-0.050697	0.020582	-0.060420	-0.025481	-0.235838	-0.117950	-0.243385	0.019036	-0.015221	0.187850	0.216641	0.149041	0.025504	0.177169	0.105658	0.219414	0.211540	-0.162838	0.291692	-0.074203	-0.070945	-0.342168	-0.012138	0.134756	0.132829	0.013341	0.086383	0.012380	0.237994	0.091460	0.239817	0.073278	0.122770	-0.008613	0.289936	-0.198279	-0.190083	-0.065959	0.136139	0.080682	0.210371	-0.365611	-0.312779	-0.215905	0.412429	0.316946	0.169067	0.208246	0.095259	0.130339	0.363736	0.113274	0.180866	0.109232	0.008768	0.145429	0.307094	0.190493	0.156264	0.207780	0.051878	0.064298	-0.003150	0.046926	0.040325	0.240111	0.229928	0.352257	-0.297468	0.047028	0.137281	0.034678	0.363512	0.153206	0.378191	0.242675	0.088069	0.067479	0.284667
0.107837	-0.100998	0.189563	0.318541	0.061920	-0.087840	0.089758	-0.060824	0.203481	-0.006864	0.284777	0.111980	0.318699	0.032571	0.179164	0.611795	0.469534	0.505078	0.321307	0.582044	0.301730	0.380963	-0.131459	0.255675	-0.203806	-0.089564	0.124062	0.505938	0.278299	0.112131	-0.383429	-0.098555	0.246414	0.077877	0.101477	0.150404	-0.105817	-0.173851	-0.022324	-0.015401	0.244976	0.174575	0.152496	0.108893	0.120202	0.047808	0.211619	-0.042147	0.006122	-0.075730	0.206592	-0.074279	-0.181600	-0.198294	-0.081720	-0.448133	-0.156027	-0.171623	-0.156975	-0.105097	0.249551	0.097102	0.091258	-0.188377	0.191228	0.436933	0.328903	0.323824	0.384708	0.425097	0.026166	0.105235	0.072874	0.012666	0.398848	0.522728	0.215154	0.090905	-0.253112	-0.130870	0.355307	0.268694	0.394220	0.251301	0.271417	0.115792	0.427019	0.317224	0.429149	0.323366	0.348047	0.173060	-0.095286	-0.326682	-0.255365	-0.577341	0.103861	0.098235	0.134214	-0.187644	0.381448	0.551450	-0.231836	0.103144	0.012343	0.103514	0.223131	0.382315	0.454419	0.024739
-0.095644	-0.678776	-0.157388	-0.609755	0.091542	-0.250465	-0.134080	-0.365560	-0.070515	-0.604492	-0.364410	-0.561025	-0.084047	-0.122041	-0.509106	-0.387577	-0.396427	-0.464083	-0.313780	-0.466270	-0.266329	-0.424811	-0.155167	-0.459756	0.072944	-0.359132	-0.027331	-0.134349	-0.741134	-0.429181	-0.388356	-0.116845	0.130710	0.051182	0.434661	0.554820	0.209594	-0.156138	-0.192231	-0.438462	-0.187766	-0.390412	-0.186417	-0.212969	-0.493772	-0.432870	-0.015401	-0.106673	-0.081400	-0.702348	-0.142362	-0.378959	-0.107290	-0.386937	-0.501373	-0.678800	-0.296874	-0.376505	-0.427683	-0.878837	-0.207533	-0.407378	-0.198750	-0.223131	-0.259141	-0.569302	-0.302676	-0.266243	-0.497904	-0.415763	-0.157185	-0.239736	-0.091057	0.038670	-0.271829	-0.437726	-0.387563	-0.140792	-0.694760	-0.739616	0.220000	-0.658491	-0.295629	-0.256974	0.111116	-0.212173	-0.452537	-0.682740	-0.122479	-0.425625	-0.202290	-0.522886	-0.320579	-0.098293	-0.299505	-0.052828	-0.565218	-0.137837	-0.202832	-0.104052	-0.687822	-0.483013	0.345437	-0.666338	-0.116716	-0.219429	-0.150519	-0.395920	-0.359436	0.139850
0.104877	-0.473834	-0.294048	-1.182414	0.044690	-0.268098	-0.414206	-0.605380	-0.059564	-1.260922	-1.072810	-1.376787	-0.760539	-0.640440	-0.840583	-1.083351	-0.681095	-0.958831	-0.514664	-1.079431	-0.642738	-0.898722	-0.029775	-0.672149	0.394312	-0.459613	0.292725	-0.585995	-1.346002	-0.987253	-0.313819	-0.295827	-0.299228	-0.227543	0.527523	0.498686	0.419524	-0.180939	-0.031628	-0.636389	-0.197406	-0.534659	-0.581129	-0.721211	-1.060618	-0.913052	-0.352437	0.061620	-0.306710	-0.955896	-0.617888	-0.570109	-0.596993	-0.763123	-0.376253	-0.245305	-0.181948	-0.339451	-0.520194	-1.236886	-0.856758	-0.722916	-0.841297	-0.275448	-0.294848	-1.005656	-1.089967	-0.921728	-1.649313	-1.382619	-0.522383	-0.486023	-0.185937	0.073301	-1.148671	-0.999776	-0.920022	-0.168679	-0.753420	-1.094234	0.423760	-0.826648	-0.885444	-0.427393	0.049756	-0.143349	-1.283294	-1.212229	-0.802479	-1.186159	-0.689168	-1.150802	-0.816540	0.113180	-0.122256	0.913228	-0.663885	0.204183	0.177995	-0.132232	-1.949337	-1.559008	1.342605	-0.820241	0.158726	0.236870	-0.018717	-0.985033	-1.072250	0.523991
0.885831	0.328027	0.089213	-0.469356	0.316636	0.078848	-0.056706	-0.394873	0.608675	-1.242604	-0.641501	-1.225936	-1.116482	-1.316987	-0.033419	-0.040900	0.384806	-0.132807	0.051900	-0.052298	-0.020517	-0.166925	0.030754	0.269915	0.054408	-0.290715	1.554496	0.553646	-0.294836	-0.424969	-1.092195	-0.768097	-0.692528	-0.640863	0.072035	0.176118	0.107295	-0.148482	0.404377	-0.163091	0.526130	0.162242	-0.890736	-0.962811	-1.115518	-0.989294	-0.613037	0.135121	-0.258236	-0.804580	-0.555160	-0.483403	-1.299772	-1.220713	0.348543	0.150831	0.000506	-0.321246	-0.533878	-0.913504	-1.055313	-0.617052	-1.455602	-0.787865	0.585723	0.096293	-0.455380	-0.204104	-1.436734	-1.295790	-0.960448	-0.511458	0.616834	0.604870	-0.515983	-0.109754	-1.019312	0.090766	-0.766115	-1.017735	1.150823	0.280594	-0.320080	0.139192	0.294023	0.668841	-0.768459	-0.481887	-0.753481	-0.954909	-0.514854	-0.904994	-1.619346	-0.443043	-0.195470	0.815588	0.294510	1.061879	1.165826	-0.072781	-1.695074	-0.946637	1.649192	0.086519	0.722364	1.243609	0.713764	-0.216977	-0.345001	0.668702
1.442180	0.876108	0.288248	0.730399	0.723060	0.587356	0.815323	0.284910	1.163535	-0.525420	0.700456	0.174021	-1.118755	-1.892724	1.056514	1.855087	1.684574	1.130618	0.670018	1.634308	1.107851	1.101468	-0.007133	1.677532	-0.771103	0.122023	2.883904	2.544477	1.846601	1.286693	-2.443913	-1.245602	-0.990142	-1.141195	-0.854546	-0.093076	-0.564834	0.082949	0.702979	0.766920	1.229702	1.140603	-1.166979	-0.665954	-0.796009	-0.651778	-0.689294	0.011724	0.231651	-0.439512	-0.189624	-0.357867	-1.279376	-1.027216	1.061194	0.133133	-0.045677	-0.482650	-0.569043	-0.087786	-0.723447	-0.235176	-1.501400	-1.390793	1.455984	1.616905	1.460527	1.665941	-0.002083	-0.382806	-1.141910	-0.380700	1.765383	1.457029	1.374147	1.464846	-0.901362	0.428402	-0.899519	-0.712789	1.312895	1.352003	0.806625	0.613019	0.313745	1.303166	0.587997	0.581692	-0.044977	0.043183	-0.120400	-0.101235	-2.246983	-1.393380	-0.571142	-0.387804	1.709804	1.790741	2.012585	0.396856	0.062920	0.929455	0.945508	1.577872	1.271893	1.939476	1.147904	1.338833	1.248544	0.515010
1.026694	0.868459	-0.492060	0.879344	0.661778	0.725687	1.373711	1.062035	0.666689	0.227198	1.519186	1.834866	-1.272013	-2.240832	0.954334	2.469182	1.511159	1.403174	0.585593	2.062257	1.483166	1.560822	0.062781	2.380440	-1.163856	0.664408	2.828424	3.221222	3.311862	2.815688	-2.930223	-1.238845	-1.449163	-1.758519	-1.746463	-0.346272	-0.978593	0.455683	0.664093	1.467321	1.080079	1.662897	-1.263934	0.058828	-0.563065	-0.278396	-0.622288	-0.066622	0.630911	0.076239	-0.367909	-0.530700	-0.331163	0.156337	1.108908	0.014637	-0.455027	-0.683850	-0.460903	0.929590	-0.277968	0.190261	-0.848494	-1.258860	1.065088	1.790817	2.673667	2.886471	0.830006	0.175513	-0.793891	-0.108606	1.753556	1.834489	2.354226	2.150020	-0.893955	0.612509	-0.763240	-0.338434	-0.151564	0.902635	0.931401	-0.071288	-0.483799	0.597603	0.967869	0.616214	0.337827	0.505182	-0.353777	0.183971	-2.177926	-1.669230	-0.800974	-1.256388	2.623426	1.865695	2.290334	1.056375	1.518203	1.998149	0.112770	2.847475	1.594694	1.921279	0.635359	2.098795	1.963617	0.541825
0.033290	0.703835	-1.921651	-0.346953	0.091419	0.234084	1.243877	1.451221	-0.598842	0.370613	0.963574	2.396230	-1.685095	-2.194457	-0.556341	1.156229	-0.352152	0.464355	-0.074150	0.798118	0.671238	0.825815	0.316130	2.013702	-0.746177	1.026633	1.060360	1.764397	3.059084	2.830045	-1.888063	-0.663301	-1.973167	-2.227622	-1.939147	-0.692974	-0.785827	0.665756	0.465286	1.401486	0.258269	1.614627	-0.830060	0.813340	-0.663192	-0.250488	-0.525285	0.014197	0.262003	0.593674	-1.132798	-0.976098	0.574425	1.376016	0.333537	-0.064424	-1.111474	-0.789512	-0.070071	1.675430	0.036434	0.506583	0.098095	-0.249958	-0.509453	0.448258	1.779538	2.314887	0.017580	-0.139523	-0.079564	0.279765	0.120156	1.244424	1.090439	1.416398	-1.020732	0.474870	-0.237415	-0.065114	-2.651037	-0.867051	-0.443831	-1.693443	-1.684944	-1.166883	-0.346505	-0.385696	-0.189299	-0.269003	-1.195931	-0.429251	-1.425763	-0.944786	-0.725760	-1.004012	2.566084	1.352202	2.182043	1.212390	1.253609	1.353280	0.038054	3.234614	1.620208	1.541218	-0.378879	1.499789	1.243917	1.008882
-0.391610	0.732273	-2.670066	-1.564994	-0.242745	-0.412448	0.960370	1.274538	-1.325795	-0.032932	-0.325468	1.436568	-1.645742	-1.490084	-2.018441	-0.430595	-2.216527	-0.491520	-0.443172	-0.577189	-0.364993	-0.125338	0.670013	1.270014	-0.104888	0.942027	-1.119362	-0.284323	1.607758	1.432047	-0.368399	0.008701	-1.898809	-1.976757	-1.160231	-0.895671	-0.257523	0.514121	0.396834	0.706903	-0.166278	1.414155	0.215035	1.219451	-0.872740	-0.510013	-0.439897	0.025335	-0.641201	0.791254	-1.334509	-1.178833	0.473234	1.304365	-0.731403	-0.341680	-1.574928	-0.753211	0.475479	1.726993	0.420261	0.718341	0.808655	0.829406	-1.721696	-0.755727	-0.232940	0.850121	-1.313790	-0.656787	0.434530	0.550368	-1.742454	0.074339	-1.174757	0.111405	-1.118016	-0.045468	0.052967	-0.182346	-4.184270	-2.187331	-2.028130	-2.670622	-1.988532	-2.254677	-1.825165	-1.079504	-0.842696	-1.300057	-1.579795	-0.965098	-0.434400	0.004529	-0.711580	-0.476592	1.725233	0.810002	1.977188	0.675907	-0.109856	0.335904	0.520058	2.463737	1.454270	1.281802	-0.927145	0.575700	0.379211	1.522096
0.266031	0.874689	-1.787864	-1.253485	0.199347	-0.414430	1.075931	0.839274	-0.735636	-0.263631	-1.110616	-0.116103	-0.482076	-0.138175	-1.854657	-0.426737	-2.159226	-0.245778	0.191954	-0.338887	-0.409266	-0.090883	1.134321	1.016133	0.171022	0.596051	-2.072477	-0.993148	0.104865	-0.019793	0.236267	0.280591	-0.766645	-0.782548	0.145346	-0.553640	0.156323	0.215872	0.571399	0.096512	0.544374	1.415022	1.449521	1.260564	-0.666917	-0.505650	-0.240736	-0.176589	-0.937395	0.591435	-0.119536	-0.612094	-0.402480	-0.035479	-1.202295	-0.688538	-1.280743	-0.433887	0.993651	1.217474	1.081360	1.030523	1.069751	1.186176	-1.190612	-0.322824	-1.148082	0.162662	-1.379058	-0.530465	0.382468	0.479087	-2.105509	-0.849655	-2.074816	-0.689942	-1.000156	-0.667383	-0.339491	-0.664530	-3.260512	-1.586101	-2.132044	-1.733223	-0.656503	-1.412907	-1.473205	-0.449169	-0.361964	-1.043943	-0.626566	-0.281251	0.454260	0.377762	-0.882094	-0.656393	0.643667	0.713634	1.613567	0.094663	-0.766107	0.542728	0.682239	0.910793	1.268008	1.144654	-0.606746	0.520175	0.691270	1.505094
1.239218	0.917412	0.228652	0.481582	0.917627	0.396792	1.272968	0.615249	0.542958	0.267711	-0.831279	-0.829442	1.370725	1.288347	-0.113265	0.976251	-0.018641	1.103812	1.649235	1.409574	0.591587	1.060765	1.698072	1.347304	0.247802	0.490801	-1.386548	-0.221340	-0.811857	-0.435284	-0.092576	0.155640	0.912592	0.731279	1.168167	0.328462	0.353645	0.164353	0.803714	0.145372	1.834231	1.537276	2.285853	1.308017	0.307326	0.307997	0.318878	-0.212678	0.099271	0.445342	1.671855	0.564320	-0.966218	-1.113644	-0.655889	-0.486385	-0.124869	0.286894	1.438057	0.839298	1.746996	1.626206	1.085385	0.978387	0.742281	1.348191	-0.130861	0.620656	0.008618	0.231409	0.142832	0.317789	-0.812293	-1.044771	-0.794295	-0.633142	-0.390209	-0.721609	-0.728997	-0.810907	-0.417760	0.564194	-0.477948	0.535048	1.394415	0.576545	0.681119	0.998168	1.215214	0.631950	1.195966	1.334359	1.261181	0.352555	-0.615473	-1.056773	-0.098122	0.930738	0.858711	0.001221	0.123680	1.711055	0.172549	-0.408053	1.039622	0.741652	0.041108	1.268849	1.817318	0.897069
1.316194	0.799360	1.862637	2.018947	0.885760	1.229559	0.759836	0.719061	1.280181	1.309315	0.145227	-0.064111	2.591588	2.024587	1.556361	1.849716	2.329992	2.240951	2.896297	2.870011	1.495270	2.274765	2.009148	1.566826	0.558656	0.800385	-0.095052	0.646539	-1.101261	-0.056778	-0.160843	0.028880	2.000926	1.565589	1.443523	1.143915	0.490927	0.366615	0.708941	0.673622	2.292110	1.385277	2.400012	1.671709	1.761637	1.804126	1.351963	0.504550	1.749182	0.898072	2.298351	1.457078	-0.564149	-0.642894	0.365261	0.448199	1.214347	1.145116	1.677134	1.036399	1.825965	2.274636	1.242212	1.074129	2.330966	2.485857	1.447460	1.115466	1.310689	0.933741	0.505174	0.662359	0.665643	-0.616125	1.215534	-0.044423	0.928825	0.260347	0.037151	0.129051	2.203521	2.399085	1.540066	2.203444	2.347718	1.713459	2.573072	1.904133	2.336090	2.203030	2.434236	2.341259	2.137088	0.784464	0.713503	-0.354891	-0.152655	0.873950	-0.178731	0.063906	1.554607	2.209937	-0.466518	-0.543801	0.563554	-0.117897	0.142254	1.734532	2.250803	0.178373
0.139087	0.516199	2.017874	2.018401	-0.209590	1.110278	-0.599912	0.771127	0.987570	1.937650	1.091183	1.434412	2.332645	1.818833	1.643019	0.909779	2.779766	2.008749	2.870831	2.507070	1.281969	2.383714	1.577746	1.018949	1.001406	1.083255	0.474223	0.612034	-0.877260	0.059205	0.805231	0.170024	1.854471	1.334191	1.134475	1.164805	0.558929	0.310147	0.032503	0.913306	1.123220	0.647139	1.822001	2.104413	2.771458	3.046343	2.514941	1.920206	2.466914	1.845023	1.212250	1.313166	0.408769	0.904963	0.847585	1.330746	1.792231	1.541849	1.339120	1.378697	1.082681	2.353974	1.720777	1.925622	2.231518	1.962420	1.727221	0.703048	1.197247	1.084283	1.645265	1.617141	0.877725	0.001144	2.002392	0.545934	2.599240	1.803694	1.959714	1.855852	2.801996	2.337844	2.298348	2.059717	1.393165	1.016792	2.480889	1.617873	1.750541	2.296575	2.130656	1.789358	2.978590	2.019087	2.618012	1.635965	0.363164	0.209505	-0.963823	-0.295827	1.899969	1.157129	-0.580188	0.462990	-0.179975	-1.080152	-0.536955	1.148927	1.227561	-0.244069
-1.449884	-0.031576	0.975621	0.777658	-1.516746	-0.082724	-1.916331	0.280507	0.234666	1.499572	1.456681	2.210145	1.082056	1.099277	0.294824	-0.961667	1.103741	0.619795	1.414990	0.602467	0.203798	1.253935	0.422338	-0.190751	1.040573	0.763950	0.000560	0.052114	-0.318662	-0.595908	2.182801	0.446893	0.904277	0.577218	0.655653	0.242465	0.341785	-0.423171	-1.013532	0.300379	-0.947511	-0.594260	0.796470	1.897887	2.458498	2.985140	3.014837	3.009254	1.511053	2.414170	-0.322810	0.344139	1.051389	1.803197	0.343761	1.185598	1.269659	1.101098	0.237296	1.024015	-0.009598	1.452521	2.204527	2.866738	0.759605	0.384095	0.370138	-0.253913	0.045497	0.828844	2.627449	2.338237	-0.176222	0.355077	1.118599	0.771638	3.567927	2.643219	3.466585	2.950367	1.486889	0.471752	1.458185	0.816675	-0.417919	-0.497247	0.767066	0.757308	0.037028	1.209765	0.708763	0.443056	3.303221	3.250313	3.600546	3.355373	0.908739	-0.716568	-1.080968	-0.930460	0.679907	-0.629651	-0.185413	1.509813	-0.837365	-1.563297	-1.255850	-0.080590	-0.434252	-0.456842
-2.242975	-0.884472	-0.040257	-0.300721	-1.848616	-1.436008	-2.125384	-0.816030	-0.168700	0.338661	1.118778	1.485710	0.041746	0.430613	-0.991102	-1.819821	-0.892618	-0.635205	-0.560647	-1.217679	-0.524458	-0.145216	-0.767392	-1.355449	0.468144	-0.214497	-0.628334	-0.103945	0.211043	-1.397835	2.703243	0.546190	0.096582	0.075897	0.225672	-0.961090	-0.184333	-1.479619	-1.801315	-0.935926	-2.376535	-1.881454	-0.340811	0.607155	0.818737	1.417019	2.171293	2.582832	-0.261712	1.760350	-0.863222	-0.540118	0.796661	0.939107	-0.607982	-0.028179	0.168794	0.084256	-1.111839	-0.258673	-0.744271	-0.144614	2.003626	2.668603	-0.661329	-0.819524	-1.336781	-0.732455	-0.666943	0.565089	2.203809	1.759561	-1.230010	0.226388	-0.255357	0.645369	2.889116	1.865710	2.914631	2.199613	-0.069123	-1.642286	0.038509	0.088829	-1.363095	-1.132761	-0.873380	0.296156	-1.123056	0.311893	-0.647339	-0.250085	2.547646	3.206262	2.585215	3.098234	0.919942	-1.242921	-0.734993	-1.129882	-1.034985	-1.732384	0.182723	1.443299	-1.030257	-1.363181	-1.102451	-0.840938	-1.375718	-0.744739
-1.719102	-1.731266	-0.139525	-0.312172	-0.852384	-1.831949	-1.075350	-1.970125	-0.015997	-0.536606	0.435933	-0.072235	-0.108761	0.047019	-1.057365	-0.984058	-1.384014	-0.890980	-1.912202	-1.783908	-0.156050	-0.795624	-1.285389	-1.934285	-0.260731	-1.299152	-0.454973	0.331462	0.337586	-1.438869	1.910632	0.397589	-0.036742	0.099506	-0.097712	-1.461993	-0.630246	-1.933256	-1.788728	-1.965113	-2.312541	-2.669458	-1.228440	-1.312269	-1.156236	-0.748022	0.156901	0.525521	-1.307423	0.005908	-0.389271	-0.716226	-0.222521	-1.015838	-1.102559	-1.319650	-0.686757	-0.808455	-1.755144	-1.736136	-0.927891	-1.678416	0.708300	0.849527	-1.058317	-0.987988	-2.045951	-0.432406	-0.137947	0.375719	0.174889	-0.201373	-1.194361	-0.228951	-0.867512	0.518112	0.750694	-0.166615	0.387912	-0.101928	-0.486717	-2.409557	-0.752326	0.508082	-0.817178	-0.383295	-1.286021	0.431296	-0.882379	0.321696	-1.197717	0.085644	0.676638	1.464981	0.094268	0.894455	0.223738	-1.090686	-0.521257	-0.647848	-1.812611	-1.644545	0.185719	0.119403	-0.808319	-0.829585	-0.119143	-0.558459	-1.214417	-1.040899
-0.352987	-1.986237	0.460397	0.378849	0.664900	-0.998862	0.331161	-2.432001	0.287817	-0.509416	-0.005643	-1.075623	0.385827	-0.018663	-0.204607	0.283594	-0.378680	-0.584535	-2.215177	-1.402432	0.711997	-0.610409	-1.063484	-1.989929	-0.498225	-1.814513	0.312831	0.595403	0.021674	-0.708150	0.635741	0.327130	0.349851	0.427253	-0.138400	-0.792283	-0.512144	-1.284849	-1.014020	-2.118590	-1.238367	-2.653461	-1.543639	-2.700243	-2.250021	-2.197635	-1.856333	-1.855783	-0.921039	-1.685347	0.123828	-0.309407	-1.262343	-2.260720	-0.771150	-1.654280	-0.850755	-1.000645	-1.211093	-2.375674	-0.919017	-2.510195	-1.150170	-1.600748	-0.714383	-0.648700	-1.644750	-0.139397	0.983942	0.021637	-2.159688	-2.341246	-0.268957	-0.617550	-0.652337	0.659965	-1.432756	-2.084534	-2.200114	-2.303205	0.010033	-1.505941	-0.532812	1.271528	0.386697	0.786852	-0.599444	0.560356	0.090761	0.713091	-1.021505	0.547442	-1.404842	-0.969552	-2.139523	-1.472186	-0.881918	-0.594253	-0.724176	-0.088695	-1.181295	-0.960053	-0.017964	-1.550950	-0.581865	-0.442522	0.701027	0.170655	-0.766072	-0.936826
0.892928	-1.363524	0.874265	0.868113	1.486459	0.200275	1.025766	-1.953098	0.339663	0.069637	0.060434	-0.903014	0.934812	0.287836	0.421353	0.525175	0.647033	-0.585855	-1.826635	-1.093116	0.890431	-0.262430	-0.565489	-1.864307	-0.090050	-1.525508	0.557621	-0.036609	-0.405939	-0.059929	0.020839	0.689562	0.835878	0.828378	0.303871	0.510452	0.234926	-0.088105	-0.090025	-1.492125	-0.226616	-1.973616	-1.157324	-2.686158	-1.978414	-2.247741	-2.536030	-2.870835	0.284712	-2.079757	0.190711	0.227892	-1.374052	-1.610478	-0.034717	-0.908895	-0.434340	-0.446349	0.045905	-1.755324	-0.959813	-2.439424	-2.323519	-2.958780	-0.510344	-0.569043	-1.013805	-0.683836	1.553337	-0.536243	-3.062935	-3.168846	0.466092	-0.644152	-0.379354	0.854028	-2.126884	-2.613369	-2.852791	-2.818019	0.217731	0.020499	0.215036	1.418175	1.078964	1.240657	0.439672	0.244280	0.739987	0.722468	-0.484424	0.350370	-2.336756	-2.458231	-2.681487	-2.201270	-1.847234	-0.269925	-1.022136	-0.098926	0.208823	-0.407857	-0.145328	-2.481357	-0.597938	-0.329938	0.694195	0.329760	-0.866715	-0.294011
1.285740	-0.322999	0.582063	0.775801	1.025964	0.579224	0.703927	-1.061159	0.148559	0.402208	0.284653	-0.265856	1.150265	0.825853	0.215777	-0.143412	0.574519	-0.886355	-1.239640	-1.262775	0.013319	-0.265642	-0.248867	-1.650541	0.463228	-0.825225	-0.246724	-1.299036	-0.636652	-0.071895	0.286465	1.288754	1.118683	1.201269	0.997205	1.281006	1.114946	0.621864	0.320858	-0.794236	0.104277	-1.153635	-0.386698	-1.557714	-0.907942	-1.318209	-1.592870	-1.966506	1.197706	-1.019008	0.157567	0.617732	-0.175994	0.349519	0.407297	0.146266	0.148913	0.371823	1.033809	-0.392295	-0.856857	-1.693445	-2.036336	-2.394038	-0.808385	-0.841835	-0.874327	-1.821569	1.159862	-0.886429	-1.985839	-2.227117	0.387792	-0.321523	-0.510508	0.567010	-1.070125	-1.533691	-1.339027	-1.461592	-0.412089	0.851601	0.731458	0.962349	0.853615	0.814715	1.211600	-0.184903	0.774565	0.301351	0.143210	-0.216246	-1.582958	-2.172027	-1.536955	-1.086436	-2.197749	-0.273547	-0.934540	-0.490632	1.329399	-0.177167	-0.196577	-2.280304	-0.646619	-0.256621	0.395523	-0.322834	-1.363548	0.383285
0.725972	0.297620	-0.094354	0.379495	-0.249973	-0.162489	-0.092097	-0.509956	-0.016203	0.176862	0.156925	-0.198115	0.862065	1.059477	-0.414819	-0.555809	-0.347650	-0.760846	-0.692547	-1.462987	-1.139494	-0.532706	-0.306100	-1.169369	0.551459	-0.387188	-1.290835	-2.133686	-0.746898	-0.400844	0.663067	1.331014	1.020709	1.336373	1.209917	0.788769	1.473866	0.461844	0.113979	-0.554978	-0.132598	-0.685129	0.012283	-0.535884	-0.110700	-0.489226	-0.107428	-0.245884	1.174830	0.379842	0.264158	0.756895	1.504461	1.795426	0.236659	0.700050	0.509490	0.816600	1.063417	0.667784	-0.501318	-0.837864	-0.876667	-0.818762	-1.198929	-1.012516	-1.157752	-2.455034	0.183895	-0.689022	-0.120742	-0.473081	-0.075259	0.065467	-0.823370	-0.419301	0.399369	0.133875	0.675540	0.435045	-1.132757	0.650659	0.555426	0.540574	0.175944	0.197277	1.350184	-0.168573	0.482225	-0.156453	0.502308	-0.433129	-0.134338	-0.794350	0.019396	0.483811	-1.836000	-0.354589	-0.417063	-0.531383	1.438365	-0.187193	-0.353905	-1.397604	-0.389595	-0.010434	0.683496	-1.129802	-1.483361	0.405326
-0.251397	0.181379	-0.411242	0.070154	-1.228114	-1.050640	-0.590997	-0.458472	0.096233	-0.117278	-0.196108	-0.727361	0.084057	0.521214	-0.730740	-0.266575	-1.077920	-0.000178	-0.291315	-1.157652	-1.594153	-0.709614	-0.703748	-0.350931	0.151901	-0.518596	-1.378391	-1.725397	-0.960775	-0.364143	0.432598	0.204944	0.472849	0.941853	0.417416	-0.501414	1.085750	0.049053	-0.126247	-0.544886	-0.447225	-0.555833	-0.532260	-0.578159	-0.228673	-0.505246	0.503436	0.588767	0.314308	0.771898	0.214502	0.597191	2.109838	1.400144	-0.243841	0.657516	0.547154	0.648196	0.181382	0.661742	-0.309573	-0.508743	-0.187361	0.058751	-1.107838	-0.712807	-1.324590	-1.901503	-0.845107	-0.275561	0.769353	0.619117	-0.158908	0.173524	-0.929606	-1.618011	0.625887	0.891271	1.299820	1.218805	-0.865135	0.289274	-0.140133	0.467439	-0.171409	0.103871	0.767840	0.242144	-0.002966	-0.444931	0.142024	-0.160013	0.456659	0.233148	0.638570	0.923319	-1.089385	-0.258382	0.126247	0.014188	0.412517	-0.494116	-0.612987	-0.567733	0.153424	0.320018	1.353608	-1.453178	-0.887577	-0.320526
-0.795977	-0.113766	0.097624	0.109442	-0.962473	-0.782476	-0.350472	-0.364586	0.669774	0.244738	0.051746	-0.879564	-0.799014	-0.512321	-0.372454	0.120853	-0.834154	0.798319	-0.081992	-0.249017	-1.039966	-0.551789	-1.148661	0.588287	-0.135329	-0.830193	-0.208296	-0.175569	-1.022444	0.275611	-0.290624	-1.679674	-0.315105	0.072669	-0.969181	-1.370523	0.350724	0.180010	0.289762	-0.139888	-0.356273	-0.299875	-1.661359	-1.461843	-0.955533	-1.123100	-0.150292	-0.141901	-0.767887	-0.061384	-0.073138	0.308559	0.906246	-0.421095	-0.379201	0.576976	0.587723	0.327887	-0.897038	-0.226442	-0.698237	-0.875616	-0.563618	-0.488595	-0.309262	0.128323	-0.921538	-0.569201	-1.422243	-0.303505	0.075656	0.366124	0.336068	-0.074824	-0.664742	-2.121804	-0.631984	0.056214	0.175836	0.399318	0.527800	0.825314	-0.609373	0.642394	0.319623	0.778927	-0.106725	0.522962	-0.659322	-0.435980	-0.891141	0.294077	-0.254619	0.132155	0.023199	-0.156309	-0.342925	0.003226	0.386085	0.583860	-1.052868	-1.060980	-0.717913	-0.125301	0.641603	0.501347	1.307066	-1.234281	0.054541	-1.141452
-0.309095	0.157153	1.217037	0.654441	0.596493	0.842829	0.580402	0.247871	1.696843	1.365882	1.371060	-0.009449	-1.150382	-1.176370	0.511884	0.238873	0.362697	1.200661	0.113924	1.016132	0.161419	0.022068	-1.090281	1.330615	0.199646	-0.638757	1.436693	1.655208	-0.270961	1.215799	-0.856070	-3.014915	-0.861308	-0.713429	-1.860838	-1.102500	-0.092404	0.879517	1.357486	0.769188	0.336058	0.379252	-2.224133	-2.112452	-1.398304	-1.458971	-1.167704	-1.505779	-1.279763	-0.973739	-0.032664	0.288810	-1.036832	-1.969345	0.271947	0.942138	1.087125	0.584200	-1.258711	-0.953868	-1.264816	-1.342406	-1.276540	-1.568038	1.006074	1.369527	0.120971	0.679614	-1.030452	-0.784323	-1.187310	-0.622021	1.001493	-0.320828	-0.025607	-1.359112	-1.959630	-1.519345	-1.379894	-0.944667	2.059756	2.197377	-0.185232	1.002756	1.465522	1.918142	-0.488264	0.481635	-1.098447	0.148145	-1.729872	0.840779	-1.251504	-0.596376	-0.948042	-1.708647	0.356814	0.280894	0.493798	0.625190	-1.752856	-1.417058	-0.485604	0.155653	0.861175	0.486703	0.207549	-0.679663	0.856323	-1.313693
1.018216	1.000290	2.077204	1.427428	2.378891	2.506476	1.690824	1.124982	2.639792	2.428671	2.859880	1.236269	-0.740180	-0.982035	1.380390	0.491158	1.700543	1.413244	0.615992	2.138832	1.288461	0.841175	-0.127545	1.635703	1.006043	0.297719	2.360563	2.651468	1.252182	1.862424	-0.808258	-2.681096	-0.828444	-0.872542	-1.557387	-0.121681	0.090419	1.471969	2.297199	1.536671	1.338713	1.171392	-1.386081	-1.721247	-0.947034	-0.945192	-1.363151	-1.937991	-0.735450	-0.703791	0.628998	0.620229	-1.786511	-1.873821	1.427855	1.572042	1.926792	1.460982	-0.498829	-0.604585	-1.026010	-1.060332	-1.291149	-1.803394	2.252276	2.491214	1.316594	1.384801	0.267109	-0.909432	-1.567511	-1.145808	1.333943	-0.111351	0.803183	0.268471	-1.911572	-2.190349	-1.793595	-1.266169	2.544868	3.016649	0.895708	1.370878	2.345085	2.666277	-0.096567	0.364588	-0.840963	1.139288	-1.443801	1.412754	-1.371422	-0.879069	-1.107472	-2.204683	1.121421	0.465499	0.677062	0.260960	-1.092833	-1.084119	-0.069781	0.561111	0.876507	0.415662	-0.902589	0.017833	1.236712	-0.696455
2.221531	1.654654	1.744122	1.524293	2.892261	2.607404	2.211267	1.600721	2.573055	2.404499	2.831037	1.616928	-0.138895	-0.346692	1.503744	0.992608	2.084963	1.552125	1.395811	2.407102	1.555823	1.347354	1.412374	1.372234	1.711445	1.510648	1.746651	2.024229	2.245099	1.601753	-0.171836	-0.773926	-0.396052	-0.447315	-0.399698	0.685096	0.741923	1.495951	2.383953	1.577583	2.012989	1.504907	0.457030	-0.446976	0.180731	0.150130	-0.435962	-0.804969	0.545289	0.698644	1.094940	0.729758	-0.549709	-0.268549	2.141131	1.802039	2.217726	2.021972	0.821191	0.582084	0.316351	0.100423	-0.548512	-0.870103	2.626682	2.595932	1.728504	1.489456	1.316949	-0.106610	-0.638012	-0.596200	1.062251	0.491769	1.316275	1.503780	-0.620351	-1.167334	-0.666783	-0.094878	1.618446	1.957697	1.535612	1.092854	1.954551	2.031057	0.309726	0.180390	-0.125937	1.442039	-0.155405	1.381463	-0.578347	-0.243373	-0.079695	-0.957305	1.681959	0.451051	0.756451	-0.055740	0.050798	-0.354638	0.174101	0.900756	0.733398	0.309263	-1.019678	0.480150	0.927781	0.186378
2.345644	1.504744	0.208302	0.318446	1.618913	1.041792	1.685887	1.473491	1.169796	1.199102	0.760729	0.835671	-0.121171	0.012889	0.562417	0.940118	1.091340	1.198061	1.842317	1.456697	0.693856	0.960166	2.510996	0.635381	1.887306	2.251156	-0.137946	0.009029	1.518776	0.374332	0.685371	1.382591	-0.068477	0.056094	0.667586	0.969263	1.381304	1.217334	1.694671	1.131597	1.915475	1.237281	1.979666	0.839853	1.173884	1.087214	0.759631	0.926970	1.501450	1.897408	0.399731	0.123077	1.474876	1.416299	1.644311	1.258891	1.289863	1.406386	1.560557	1.369150	1.705458	1.243444	0.034929	0.241202	1.776994	1.242849	0.785479	0.973756	0.824214	1.048202	0.723086	0.491476	0.238992	0.874467	1.034582	1.270787	0.481768	0.627949	1.052968	1.525366	0.009777	-0.524292	0.953552	-0.274431	0.247382	-0.033516	-0.217272	-0.405422	0.145867	0.099150	0.956147	0.146405	0.194928	0.702445	1.357206	1.191450	1.449535	0.141502	0.343003	-0.156351	0.174557	-0.133530	0.043444	0.681275	0.320332	0.034340	-0.439060	0.222234	-0.154001	0.626918
1.349933	0.811563	-1.307161	-1.382960	-0.258655	-0.507941	0.529354	1.234906	-0.615930	-0.090780	-1.743448	-0.100048	-0.714794	-0.045096	-0.733907	-0.207707	-0.445901	0.204220	1.335599	-0.022558	-0.535204	-0.134388	2.372351	-0.102887	1.414953	2.138818	-1.843453	-1.947052	-0.234702	-0.861342	1.245223	2.293524	-0.122412	0.263446	0.978479	0.952314	1.464864	1.095724	0.873573	0.896168	1.239848	0.801243	2.153167	1.340706	1.378539	1.362381	1.026912	1.605942	1.231573	1.749643	-0.941828	-0.654055	2.394188	1.771917	0.257960	0.366273	-0.226027	0.035317	1.101210	0.914906	1.771694	1.355005	-0.256945	0.401183	0.363046	-0.695328	-0.786744	-0.000518	-0.941065	1.404943	1.310654	1.013837	-0.686049	0.622175	0.169246	-0.191843	0.378338	1.515706	2.083903	2.162029	-1.098166	-2.286972	-0.329928	-1.894670	-1.614799	-2.088961	-1.445931	-1.272242	-0.488537	-2.116240	0.934344	-1.609907	0.172326	0.907248	1.980060	2.509997	0.350374	-0.321241	-0.447579	-0.095087	-0.932916	-0.739652	-0.332700	-0.137188	-0.324233	-0.317998	-0.000292	-0.695494	-1.365471	0.285759
0.119272	0.353002	-1.542058	-1.889666	-0.983101	-0.415113	-0.263171	1.308945	-1.440644	-0.349687	-2.531724	-0.220190	-1.139954	-0.095558	-1.096508	-1.512329	-1.165078	-0.610690	0.064236	-0.694923	-0.877782	-0.853419	1.273544	-0.246811	0.371800	1.416594	-1.954146	-2.298749	-1.012603	-0.858807	1.104463	1.519526	-0.346303	0.221005	0.515318	0.698804	0.685280	1.014821	0.326676	1.037189	0.613027	0.650256	1.148214	0.931212	0.872566	1.045718	0.044731	0.603569	-0.044920	0.543763	-1.245301	-0.470877	1.615002	0.728793	-0.796204	-0.070249	-0.926090	-0.773284	0.046222	-0.157741	0.500808	0.508103	-1.037996	-0.386034	-0.515016	-1.666341	-1.392055	-0.811523	-2.076922	0.649910	0.760914	0.477773	-1.067822	0.064710	-0.436613	-1.413007	-0.488341	0.824198	1.938736	1.485489	-1.134865	-1.747938	-1.061893	-2.223988	-2.363396	-2.489588	-2.042267	-1.569980	-1.410846	-3.091865	0.102989	-2.204742	-0.485774	0.027162	1.310209	1.976979	-0.729420	-0.469951	-0.858201	0.230272	-1.701708	-1.254059	-0.620322	-0.797799	-0.776643	-0.282992	0.271486	-1.424236	-1.606168	-0.524608
-0.525803	0.441299	-0.702627	-0.654209	-0.167948	0.939889	-0.167820	1.364134	-1.158101	0.225202	-1.355427	0.186741	-0.736909	0.158681	-0.187460	-1.494345	-0.656452	-0.304791	-1.038495	-0.065706	0.033648	-0.336381	0.195810	0.286356	-0.964602	0.575474	-0.709909	-1.024136	-0.022619	0.369338	0.280889	-0.089751	-0.332512	0.177963	-0.348451	-0.087308	-0.757317	0.404832	-0.113663	0.950962	0.385915	0.725098	-0.009432	0.154711	0.290416	0.562980	-1.180209	-0.958316	-1.137323	-0.422049	0.171948	0.841914	0.227519	-0.423779	-0.678555	0.200987	-0.336672	-0.400144	-0.425640	-0.435887	-0.616534	-0.151283	-1.230365	-1.032574	-0.595766	-1.170138	-0.381073	-0.837342	-1.189001	-0.324695	-0.173726	-0.426260	-0.730287	-0.229078	-0.338218	-1.222863	-0.981263	-0.543294	1.157134	0.464492	-0.657236	0.264349	-0.752627	-0.965829	-1.878247	-1.236576	-1.228145	-0.712019	-1.624557	-1.771717	-0.403477	-0.928461	-0.940127	-1.145185	0.052935	0.250913	-0.765152	0.104285	-0.297151	0.922908	-0.705597	-0.561485	-0.550867	-0.458030	-0.538506	0.481896	0.937536	-1.156721	-0.533543	-1.029858
-0.651782	0.587882	-0.224159	0.906080	0.847940	1.625208	0.333304	0.740065	-0.908784	0.355151	-0.068280	0.125614	0.287963	0.555625	0.662202	-0.175455	0.117780	0.830505	-1.304934	0.833078	1.162583	0.865459	-0.395152	0.833114	-2.148766	-0.221177	0.173214	0.278506	1.269349	1.302778	-0.794893	-1.365213	0.041334	0.284326	-1.194861	-1.404985	-2.212049	-0.875647	-0.781005	0.108345	0.222073	0.584608	-0.597523	-0.328347	0.073376	0.246070	-1.319713	-1.418065	-1.163134	-0.377117	1.952662	2.047874	-0.548050	-0.531864	0.172791	0.542205	0.510438	0.407576	0.087672	0.552432	-0.323922	0.216970	-0.309642	-0.690006	-0.699154	-0.329342	0.973189	-0.249963	0.824471	-0.597489	-0.461962	-0.579188	-0.336860	-0.274878	-0.148195	-0.131841	-0.704827	-1.297453	0.547893	0.092409	-0.658799	1.496523	-0.189285	0.362920	-1.078327	0.098729	0.174778	0.726495	-0.844936	0.472526	-0.044283	0.940172	-0.633715	-1.572235	-0.760731	-1.144415	0.193404	1.219045	0.892374	1.639049	1.358494	1.075442	-0.133157	0.743189	0.400819	1.624154	1.895611	-0.093967	0.884826	-0.659101
-0.875464	0.208851	-0.944843	1.054479	0.721504	0.570517	0.448998	-0.519475	-1.489079	-0.698366	-0.303260	-0.685414	1.125412	0.799658	-0.023283	0.770176	0.008719	1.394060	-1.029475	0.664581	1.204838	1.230559	-0.933220	0.649840	-2.837438	-1.131798	-0.322612	0.267305	1.077252	0.750096	-1.632942	-1.845772	0.457783	0.481083	-1.694391	-2.554750	-3.035063	-2.124006	-1.651869	-1.135925	-0.448590	0.002386	-0.785827	-0.297155	0.053551	0.113796	-0.270865	-0.444319	-0.498399	0.117500	2.321878	1.949668	-0.683945	0.099627	0.628865	0.169100	0.426506	0.554289	0.814029	1.718256	0.912473	1.105381	1.054161	0.256457	-1.458115	-0.413649	0.971319	0.136922	1.793948	-0.291157	0.114017	0.264239	-0.604499	-0.506485	-0.671715	0.254746	-0.271542	-1.089156	0.335453	0.292426	-1.379395	0.898914	-0.372107	0.281378	-0.750723	0.330291	0.742230	1.571610	0.288550	1.397849	0.564431	1.627775	0.064803	-1.155445	-0.884240	-1.438512	0.994926	2.070443	1.689151	1.807078	2.397101	2.088402	0.350598	1.630718	1.399006	2.252326	2.245503	0.767990	1.419122	0.321452
-1.435944	-0.623488	-2.071735	-0.279269	-0.381159	-1.166707	0.018064	-1.488444	-2.315367	-2.177745	-1.625056	-1.548912	1.173328	0.801190	-1.744802	0.178228	-1.087582	0.433368	-0.996868	-0.619364	-0.003744	0.063865	-1.771911	-0.246845	-2.983763	-2.038253	-1.182228	-0.579223	-0.452193	-0.546396	-1.944000	-1.762013	0.480333	0.545170	-1.678401	-2.767656	-3.029643	-2.472852	-2.315666	-1.833490	-1.629133	-0.719835	-1.045948	-0.002208	-0.112306	0.028286	0.648345	0.664336	-0.220394	-0.015977	1.174264	0.807541	-0.780101	0.295703	0.147409	-0.898605	-0.554699	-0.231710	0.832559	1.726851	1.562806	1.351372	1.724136	0.771463	-2.313871	-1.281799	-0.255370	-0.027829	0.971592	-0.101610	0.790987	1.193530	-1.139841	-0.857453	-1.570782	-0.716502	-0.246187	-0.456819	0.127901	0.329695	-2.076567	-0.480426	-1.298991	-0.906698	-0.876679	-0.180436	0.104342	1.308096	0.883761	0.430230	0.580446	0.894333	0.318941	-0.686218	-0.849550	-1.096179	0.672131	1.900874	1.403622	1.416856	1.547897	1.480513	0.619952	1.234047	1.628591	1.766242	1.495763	0.822361	0.919747	0.947421
-1.944577	-1.333741	-2.189521	-1.626937	-1.283205	-1.830353	-0.521745	-1.387908	-2.388647	-2.755530	-2.334189	-1.789248	0.468883	0.618065	-2.310898	-1.061689	-2.327312	-1.497522	-1.532847	-1.875179	-1.424922	-1.595562	-2.423810	-1.140074	-2.709544	-2.377975	-0.815808	-0.793692	-1.609656	-0.895712	-1.659385	-1.368721	0.004567	0.261074	-1.268347	-2.039284	-2.477432	-1.821456	-2.400937	-1.491547	-2.664630	-1.092552	-1.362305	0.242948	-0.325129	-0.069533	0.289566	0.602349	-0.754568	-1.055917	-0.067703	-0.122756	-0.852147	-0.315149	-0.781156	-1.831845	-1.463903	-1.367055	0.107062	0.534403	0.908493	0.628290	1.323999	0.498536	-2.229593	-1.755157	-0.811918	-0.156669	-0.083930	-0.150336	0.776426	1.238052	-0.710571	-0.617447	-1.582521	-1.845409	-0.354746	0.063558	-0.393939	-0.036207	-1.976879	-1.176731	-2.016875	-1.744573	-0.990712	-0.434502	-0.814825	0.400151	0.559024	-0.920508	0.050841	-0.030570	-0.119220	-0.685144	-1.041474	-0.870574	-0.491801	0.783319	0.324596	1.126741	0.208535	0.125343	0.709059	-0.084968	0.796381	0.489140	0.301272	0.491349	0.286676	0.506229
-1.944330	-1.523325	-0.848935	-1.722545	-1.241403	-1.017706	-0.803186	-0.475426	-1.665918	-2.038054	-1.549678	-1.392551	-0.491447	0.297936	-0.478521	-1.159337	-2.814619	-2.907142	-2.198025	-2.185775	-1.903845	-2.167731	-2.220873	-1.441315	-2.136857	-1.843991	0.743328	0.059602	-1.277476	0.079598	-0.966887	-0.732362	-0.633844	-0.332303	-0.855276	-1.019503	-1.825971	-0.853364	-1.931721	-0.586730	-2.952951	-0.978828	-1.324869	0.360385	-0.131234	-0.113714	-0.876241	-0.431124	-1.403711	-2.224771	-0.327052	-0.154707	-0.472219	-0.917122	-1.263174	-1.860849	-1.579378	-2.031166	-0.698304	-0.745695	-0.269267	-0.253244	0.525492	0.050326	-1.042928	-1.177076	0.504208	0.356989	0.387730	0.090725	0.189840	0.463331	1.066854	0.570286	-0.159709	-1.619240	0.014425	0.312490	-0.977172	-0.276735	-1.074832	-0.955435	-1.670226	-1.456782	-0.742836	-0.090602	-0.950320	-0.412049	-0.279235	-1.010646	-0.220501	-0.178594	-0.599803	-0.761798	-1.189011	-0.896670	-1.325263	-0.343184	-0.643201	1.336207	0.123619	-0.291312	0.907575	-1.048270	-0.529615	-0.608077	-0.249215	0.555268	0.328008	-0.665705
-1.345958	-1.208715	1.111134	-0.601172	-0.408818	0.233291	-0.754990	0.378056	-0.880032	-0.737216	0.054792	-0.639433	-1.127922	-0.050945	2.432600	0.314867	-2.189938	-2.779387	-2.282166	-1.624995	-1.121836	-1.314339	-1.273398	-1.167101	-1.400454	-0.862431	1.986607	0.981293	0.050078	1.133096	-0.307269	-0.032059	-0.979929	-0.863002	-0.747196	-0.197027	-1.333145	-0.195329	-1.214444	0.064294	-2.436816	-0.656369	-0.749781	0.446761	0.644948	0.017503	-1.321540	-1.098104	-1.223310	-2.545291	0.123513	0.276091	0.234671	-0.781781	-0.762725	-0.917378	-0.886575	-1.615108	-1.034980	-1.182122	-0.786877	-0.448904	0.217403	0.073290	0.432306	-0.033700	2.606864	1.188920	2.065557	0.854433	-0.130275	-0.211033	2.912688	2.011226	1.736967	-0.183038	0.858913	0.268011	-1.049033	0.114025	0.072934	-0.462393	-0.313752	-0.537470	-0.082518	0.519600	-0.101378	-0.699231	-0.820852	0.152125	0.265826	0.252303	-0.371054	-0.277951	-0.794481	-0.814027	-1.035000	-0.579589	-0.900895	1.588890	1.188593	0.656455	1.301401	-0.940877	-1.350840	-0.865118	0.210981	1.117609	0.993693	-1.470637
-0.344547	-0.540197	2.453635	0.785918	0.688971	0.944657	-0.351495	0.759237	-0.411402	0.344799	1.282834	0.300447	-1.074659	-0.166639	3.974131	1.886338	-0.766632	-1.441422	-1.481290	-0.776894	0.256239	-0.186496	-0.217979	-0.640042	-0.635021	-0.005376	1.940839	1.026670	1.176957	1.263321	-0.032158	0.440003	-0.862872	-0.917156	-0.786308	0.484414	-0.908900	0.178810	-0.456001	0.238578	-1.347384	-0.381066	0.149822	0.606414	1.563812	0.398706	-0.326623	-0.529610	-0.098332	-1.682005	0.454451	0.513305	0.609068	-0.194375	0.586862	0.493886	0.255419	-0.097493	-0.774296	-0.760644	-0.314557	0.035181	0.657899	0.538267	1.437105	0.803886	3.422740	1.509139	3.027555	1.652244	0.320663	-0.105794	3.179622	2.577714	2.708928	0.888426	1.496692	-0.029193	-0.361320	0.944981	0.925405	-0.083441	1.159464	0.142646	0.703119	1.050119	1.008258	-0.428322	-0.642824	1.166144	1.090317	0.614356	0.608544	0.719950	0.215100	-0.388449	0.029937	-0.020589	-0.668488	1.271105	1.792563	1.700638	1.483899	-0.324062	-1.132712	-0.593702	1.003008	1.484030	1.588533	-1.168051
0.735852	0.319305	2.487607	1.474003	1.502086	1.037009	0.367601	0.950383	0.002442	0.920683	1.578720	1.205327	-0.431160	0.126875	3.106428	1.825239	0.628470	-0.187241	-0.163770	-0.103891	1.142531	-0.047683	0.679702	-0.109757	0.135405	0.695829	1.085871	0.348313	1.391088	0.791949	0.001480	0.676141	-0.521184	-0.492533	-0.482609	1.233041	-0.273614	0.650653	0.348366	0.379074	0.116337	-0.075189	1.086493	0.893153	1.912691	0.896068	1.177304	0.786573	1.149703	-0.109408	0.300974	0.458890	0.413194	0.107903	2.002984	1.670234	1.307501	1.614745	-0.022239	-0.003020	0.555728	0.633470	1.372193	1.011241	1.862074	0.912637	2.244902	1.078342	2.127641	1.882950	1.094575	0.522698	1.611707	1.821184	2.323901	0.602562	1.426563	-0.277447	0.695351	1.532625	1.203209	0.166081	1.749840	0.198319	1.031204	1.273561	1.340779	0.019596	-0.123129	0.868458	1.350687	0.599880	1.707747	1.511969	1.343730	0.257522	0.777827	0.322493	-0.649376	0.511569	0.958106	1.517006	0.919498	-0.209093	-0.354098	-0.718689	1.021613	0.995876	1.437702	-0.119593
1.489206	1.032667	1.466288	1.045918	1.505145	0.781315	1.010209	1.194333	0.591548	0.942522	1.165036	1.651180	0.201194	0.557465	0.954426	0.028965	1.277819	-0.015538	0.996326	0.186051	0.915214	-0.937276	1.563606	0.224924	0.931750	1.409946	0.361404	-0.364821	0.745738	0.328918	0.242247	1.016562	-0.345124	-0.073606	0.376051	1.959694	0.678317	1.299824	1.143020	0.842121	1.602808	0.460455	1.876139	1.279066	1.394599	1.157531	1.723107	1.690534	1.610030	1.236869	-0.253227	0.221403	0.078985	-0.111483	2.434734	1.931738	1.569140	2.107638	0.916183	0.592225	1.077468	0.947798	1.594257	1.183502	1.923523	0.431075	0.271307	0.443128	0.150193	1.457268	1.317707	0.860385	-0.453191	0.321285	1.289204	-0.371070	0.989941	0.014379	1.408674	1.408946	0.970658	0.113954	1.199811	-0.182099	0.483641	0.915435	0.435296	-0.004769	0.104458	-0.519022	0.622048	0.125633	2.186633	1.543624	1.947629	0.908311	0.430921	-0.413400	-1.291437	-0.129822	-0.551763	0.299233	-0.392712	-0.861885	-0.095600	-1.754896	-0.303092	-0.169286	0.443298	0.630741
1.645233	1.205370	0.385485	-0.167498	0.543854	0.199269	0.969004	1.238171	1.147973	0.420519	0.503936	1.337664	0.197622	0.543630	-0.547446	-1.822582	1.249026	-0.716941	1.660848	0.138609	-0.070128	-1.723879	2.273868	0.179003	1.598273	1.864122	0.134343	-0.736605	-0.219053	-0.259419	0.773702	1.680854	-0.430442	-0.092751	1.408396	2.354380	1.681977	1.767227	1.641039	1.407580	2.454640	1.137206	2.329205	1.599902	0.491411	0.946330	0.940356	1.624555	1.160693	1.602994	-1.052000	-0.381034	0.003768	-0.445283	1.400886	1.003332	0.668738	0.802378	1.487584	0.722554	0.948489	0.956923	0.865057	1.009401	1.775275	-0.177848	-0.876245	0.152113	-1.346558	0.711066	0.696382	0.474505	-1.336225	-0.873933	0.605872	-0.761844	0.982827	1.046833	1.365898	0.761667	0.661592	-0.427136	0.310606	-0.518942	-0.569035	-0.068000	-0.977145	-0.761594	0.044306	-1.703222	-0.465615	-0.824061	1.708137	1.073517	1.835585	1.510083	-0.736318	-2.026097	-2.354422	-0.587741	-1.266631	-0.576153	-1.763110	-1.644356	-0.942109	-3.191815	-2.345244	-1.077790	-0.798791	0.451087
1.337394	0.843137	0.181929	-1.238821	-0.814737	-0.654432	0.036947	0.807014	1.352881	-0.259412	-0.099716	0.480872	-0.430591	-0.146474	-0.410471	-1.971546	1.173394	-1.286317	1.992787	0.058726	-0.919921	-1.367723	2.261534	-0.169811	1.855390	1.661142	0.260198	-0.719654	-0.854695	-1.203348	1.116931	2.423487	-0.421549	-0.368698	2.057520	2.245414	2.326969	1.740924	1.591439	1.629054	2.192045	1.540560	2.223449	1.597846	-0.005489	0.426238	-0.192283	1.036809	0.507166	1.050488	-1.758071	-1.398501	0.170462	-0.325333	-0.392879	-0.489957	-0.794884	-1.186032	1.211381	0.338219	0.327493	0.733750	-0.521952	0.631671	1.496477	-0.398388	-0.668654	0.182458	-1.712196	0.007890	-0.193501	-0.243590	-0.386212	-1.086931	0.691684	-0.278536	1.606094	2.339219	0.781028	0.199313	0.692923	-1.098511	0.245105	-0.365349	-1.124961	-1.134311	-1.469222	-1.603633	0.336435	-1.605634	-0.733531	-1.816041	0.597699	0.899001	1.461282	2.067527	-1.636346	-3.380760	-3.072479	-1.253550	-0.677185	-0.253389	-2.368015	-1.821909	-2.276063	-3.902264	-3.569905	-0.974944	-1.528324	-0.299375
0.943810	0.441633	0.819585	-1.304271	-1.695051	-1.295298	-1.257331	0.167946	1.185159	-0.348896	-0.492313	-0.245976	-1.051225	-1.072236	0.736333	-0.402039	1.292579	-1.082624	2.154294	0.236185	-1.095934	-0.022592	1.405296	-0.370254	1.654790	1.047538	0.472228	-0.345558	-0.846108	-1.895110	0.888338	2.746432	0.026133	-0.352234	2.138595	1.738519	2.453754	1.359068	1.122553	1.401200	1.117780	1.339455	1.483356	1.098899	0.072342	-0.072638	-0.620291	0.609648	0.350701	0.404276	-1.832259	-2.206886	0.479500	0.468029	-1.612118	-1.297153	-1.591986	-2.031241	0.164114	-0.308513	-0.502262	0.220275	-1.705905	0.270477	1.090615	-0.062430	0.156526	0.149088	-1.531648	-0.445883	-0.633063	-0.624237	1.470939	-0.504503	1.095447	0.263279	2.034046	2.942732	0.230943	0.079304	0.888555	-1.195928	1.267431	0.341362	-0.653035	-1.557347	-0.406693	-1.563292	1.234068	-0.387808	0.191493	-2.001197	-0.372309	1.391128	1.374632	2.384432	-1.407021	-3.396947	-2.742808	-2.055859	0.339145	0.592390	-1.911567	-1.233970	-2.808141	-3.145579	-2.864155	-0.135485	-1.560841	-0.781497
0.600753	0.395562	1.282871	-0.356117	-1.773399	-1.234295	-2.054310	-0.138103	0.888920	0.482820	-0.564125	-0.217388	-1.192778	-1.643983	1.419822	1.207996	1.165091	-0.298407	1.929484	0.590040	-0.689555	1.205507	0.436659	-0.011634	1.262415	0.709019	0.480069	0.179485	-0.420481	-1.453822	0.393895	2.345888	0.644796	0.026808	1.793961	1.063621	2.226200	0.989081	0.621812	0.964107	0.116338	0.659277	0.343665	0.185658	0.061988	-0.458019	-0.381320	0.394918	0.596112	0.320669	-1.184977	-2.094260	0.907444	1.493275	-1.685682	-0.807811	-1.180712	-1.176900	-1.029066	-0.859272	-1.371839	-0.647960	-2.100615	-0.006990	0.430646	0.400565	0.508784	-0.189529	-1.619304	-0.582926	-0.563198	-0.559059	2.418412	0.099553	1.027137	0.150967	1.329010	2.233327	0.106596	0.144589	0.618031	-0.554507	2.301592	1.133795	0.159461	-1.276878	1.210561	-0.532468	1.951624	0.730655	1.201133	-1.092072	-0.709983	1.912052	1.491426	2.119279	-0.245559	-1.999320	-1.353690	-2.241696	0.594079	0.624009	-0.802899	-0.228085	-1.931394	-1.241503	-0.744430	0.417789	-1.307828	-0.649269
0.074233	0.455232	0.740213	0.701185	-1.479632	-0.710947	-1.903450	-0.023675	0.659896	1.545724	-0.334626	0.570088	-1.039248	-1.759724	0.843036	1.409320	0.496568	0.558662	1.114511	0.786454	0.019055	1.509203	0.152554	0.743628	0.852797	0.759744	0.143051	0.486312	-0.001295	-0.002661	0.223416	1.324379	0.743078	0.142666	1.133732	0.402365	1.809674	0.714873	0.259093	0.487985	-0.237129	-0.031183	-0.689183	-0.779189	-0.552322	-0.783919	-0.288662	-0.039655	0.531565	0.525968	-0.566188	-1.296788	1.207791	1.825012	-1.375351	0.108678	-0.394462	0.041482	-1.750018	-1.172717	-2.109530	-1.634278	-1.929156	-0.380085	-0.503743	0.382970	-0.013229	-0.671594	-1.995663	-0.406159	-0.466015	-0.518767	1.433478	0.233098	0.309728	-0.360274	-0.253587	0.607277	0.348275	-0.046956	-0.287930	0.160463	2.070451	1.379429	0.170288	-0.983850	1.803154	0.559886	1.483759	0.722205	0.908042	0.044967	-0.680673	1.467936	1.193868	1.213559	0.851333	-0.244691	0.246318	-1.345952	-0.101251	-0.432482	0.183041	0.743274	-0.457932	0.632037	1.031300	0.144782	-1.026207	-0.385329
-0.786573	0.042186	-0.388749	0.977627	-1.325247	-0.533240	-1.130195	0.010227	0.448796	1.714290	-0.082059	1.366289	-0.941247	-1.643773	-0.305743	0.524556	-0.216842	1.166606	0.093445	0.716916	0.824319	1.099448	0.402629	1.215125	0.254107	0.527462	-0.263992	0.453312	0.244363	1.284738	0.385395	0.104018	0.155295	-0.415911	0.263341	-0.144769	1.146485	0.274460	-0.186215	-0.074820	-0.176594	-0.399792	-1.111859	-1.336305	-1.239092	-0.874974	-0.671587	-0.732583	-0.217038	0.299708	-0.697656	-0.763503	0.946585	0.931796	-1.661797	0.047532	-0.402027	0.033050	-1.832875	-1.334164	-2.342548	-2.155882	-1.676103	-0.901646	-1.303591	-0.129778	-0.783396	-0.858411	-1.930523	0.055381	-0.553234	-0.721053	-0.533179	0.146318	-0.341362	-0.516218	-1.297009	-0.734196	0.654705	-0.425773	-1.100049	0.251921	0.658661	0.933511	-0.721862	-1.160224	1.035451	0.897104	0.045013	-0.167621	-0.500331	0.366549	-0.774430	0.017535	0.270228	0.137528	1.127202	0.562601	0.959632	0.039938	-0.773630	-1.352968	0.484987	1.305804	0.201151	1.347939	1.209237	-0.356510	-0.470676	-0.626178
-1.648083	-0.891589	-0.875799	0.533524	-1.318160	-1.036314	-0.516406	-0.450800	0.077195	0.687895	-0.158586	1.297705	-0.747332	-1.265874	-0.713374	-0.039745	-0.291653	1.344844	-0.384549	0.613367	1.371767	0.619504	0.298030	0.881936	-0.642940	-0.400421	-0.305267	0.365701	0.322652	1.459010	0.308535	-0.791548	-0.349700	-1.045092	-0.444502	-0.522274	0.194284	-0.442942	-0.895629	-0.702482	-0.274429	-0.537383	-0.819335	-1.259725	-1.005651	-0.449195	-0.895474	-1.027355	-1.138408	-0.417380	-1.160423	-0.802274	0.132743	-0.515899	-2.314062	-1.126841	-1.152798	-1.092328	-1.477018	-1.353701	-1.728007	-1.754266	-1.249990	-1.116334	-1.388619	-0.479550	-0.854841	-0.482135	-0.949855	0.668125	-0.424598	-0.680116	-1.494637	0.246026	-0.223863	-0.089770	-0.795337	-0.883781	0.811199	-0.446792	-1.012710	-0.153734	-0.467848	0.357872	-1.307202	-1.350448	0.111977	0.692924	-0.836374	-0.707981	-1.302481	0.006877	-0.822703	-1.195062	-0.590038	-0.486396	0.689652	0.084898	0.436471	0.838519	-0.447431	-0.951019	0.193538	1.190031	-0.386578	0.730906	0.177968	-0.208946	0.442796	-1.260349
-1.943972	-1.624519	-0.221427	0.177230	-1.152550	-1.555049	-0.559008	-1.145846	-0.462565	-0.606277	-0.567658	0.293241	-0.064314	-0.412612	-0.046777	0.307348	0.165690	1.006765	-0.072980	0.627279	1.169691	0.274942	-0.564252	-0.041242	-1.402057	-1.387939	-0.008125	0.460745	0.116721	0.707628	-0.225192	-1.010354	0.011496	-0.767649	-0.540184	-0.692186	-0.719732	-1.054854	-1.539217	-1.101622	-0.669630	-0.713066	-0.264809	-0.777814	0.176492	0.322736	-0.314060	-0.412227	-1.410172	-0.901419	-0.857407	-0.671565	-0.535315	-1.150611	-2.155709	-1.997313	-1.443840	-1.744546	-0.939624	-1.074572	-0.492036	-0.664317	-0.228102	-0.484537	-0.740700	-0.176781	-0.092437	0.173439	0.406454	1.089816	0.258141	0.072593	-0.698929	0.348403	0.401127	0.408159	0.608178	-0.090471	0.737677	0.084422	-0.174870	-0.317453	-0.206500	0.315254	-0.559269	-0.784016	0.162894	0.673471	-0.070284	-0.109695	-0.434067	-0.000422	-0.208573	-0.965259	-0.598495	-0.516199	0.150118	-0.758845	-0.570909	0.629377	0.655257	0.352563	-0.122143	0.446169	-1.198376	-0.351631	-0.739964	0.513757	1.094182	-1.450824
-1.494146	-1.479214	0.663879	0.354711	-0.733011	-1.233974	-0.975674	-1.421890	-0.886525	-1.035617	-0.857993	-0.761317	0.918866	0.655972	0.666707	0.766925	0.378071	0.383822	0.410075	0.561407	0.175280	-0.101413	-1.526154	-0.764425	-1.378549	-1.470162	0.141630	0.574066	-0.383464	-0.069092	-0.630732	-0.628506	0.914558	0.384008	-0.069959	-0.614322	-1.036712	-1.029693	-1.493886	-0.963218	-0.967280	-0.917709	-0.069114	-0.390806	1.113587	0.770151	0.641952	0.557798	-0.927153	-0.711974	0.333408	0.147263	-0.473167	-0.499290	-0.817869	-1.406231	-0.634843	-0.996581	-0.445286	-0.491239	0.525956	0.266830	1.072799	0.669329	-0.095691	0.454087	0.593670	0.523132	1.094162	0.951357	0.972538	1.029925	0.570948	-0.007538	0.668443	0.523360	1.301088	0.581655	0.334583	0.526292	0.535838	0.133316	0.800607	0.751823	0.963664	0.425960	0.851664	0.966847	1.437680	1.015813	0.996827	0.694112	0.900896	0.308075	-0.006118	-0.420436	-0.081197	-0.906815	-0.991588	-0.113358	1.311689	1.096523	-0.180097	-0.354049	-1.062031	-0.849493	-0.803195	0.913355	0.861826	-0.710396
-0.702224	-0.650481	0.581373	0.584749	-0.283994	-0.132570	-1.018042	-1.014181	-0.892111	-0.500884	-0.592427	-0.964186	1.388283	1.168292	0.349517	0.456902	-0.035704	-0.032474	0.276635	0.216603	-0.886400	-0.445655	-1.712560	-0.670098	-0.543387	-0.626781	-0.093180	0.440838	-0.679748	-0.282519	-0.296862	-0.136016	1.221439	1.211614	0.353552	-0.273813	-0.538961	-0.289463	-0.590206	-0.344885	-0.811744	-0.807481	-0.374113	-0.373003	0.797016	0.470130	0.808762	0.645805	-0.499733	-0.343197	1.139655	0.938113	-0.073361	0.326351	0.488444	-0.011693	0.374704	0.217799	-0.223629	0.033044	0.628708	0.371935	1.456279	1.081157	-0.141782	0.720783	0.344626	0.376074	0.759978	0.250270	0.665928	1.006843	0.693816	-0.663513	0.226293	0.479852	0.463422	0.360556	-0.476974	0.053983	0.680101	0.761236	0.980318	0.916161	1.740416	1.229940	0.968880	0.948869	1.646458	1.344748	1.032436	1.182167	1.220382	0.846065	0.045263	-0.724281	-0.054274	-0.376395	-0.481276	-0.786494	0.701267	0.693222	-0.388076	-0.497210	-0.116075	-0.449611	-0.362847	0.507490	0.115067	0.314905
-0.093571	0.060214	-0.483573	0.177206	-0.016139	0.849107	-0.336575	-0.322695	-0.521332	0.085975	0.103342	-0.374989	0.881804	0.740062	-0.812715	-0.388972	-0.538464	-0.012167	-0.463290	-0.164009	-1.182378	-0.445576	-1.076323	0.088880	0.426855	0.198610	-0.423805	0.103413	-0.214087	-0.128175	0.525605	-0.003461	0.406352	0.788797	0.235269	0.202688	0.358046	0.671765	0.571517	0.340389	-0.293386	-0.180545	-0.687664	-0.488051	-0.338379	-0.175869	-0.217831	-0.581389	-0.855155	-0.462283	0.533295	0.644789	-0.228301	-0.002945	0.463661	0.561642	0.346039	0.450250	-0.350326	0.090937	-0.004350	-0.194166	0.242914	-0.108148	-0.672421	0.447554	-0.562510	0.098068	0.069872	-0.589579	-0.915485	-0.416058	-0.409344	-0.883014	-0.503771	0.729291	-1.172529	-0.583190	-1.482427	-1.273890	0.692450	0.941998	-0.186066	0.292925	1.183789	0.889912	0.069147	0.134943	-0.115057	0.414990	-0.590140	0.561507	-0.124382	-0.462134	-1.037776	-1.380104	-0.063188	0.028738	0.475316	-1.222582	-0.681237	-0.049002	-1.126034	0.086503	0.527849	0.417260	-0.087749	-0.226320	-0.189034	0.581626
0.193249	0.158228	-1.462204	-0.782061	0.110548	1.020571	0.598664	0.082083	-0.115273	-0.049313	0.587628	0.111806	-0.029814	-0.054528	-1.622904	-0.839663	-0.389451	0.158007	-0.926879	-0.104277	-0.688219	-0.047663	-0.282460	0.713163	0.966796	0.325124	-0.554027	-0.176363	0.649069	-0.177180	1.002821	-0.218752	-0.768439	-0.408170	-0.236882	0.495467	0.973589	1.180721	1.179741	0.673001	0.245584	0.585623	-0.458619	-0.287860	-0.939714	-0.367897	-1.355384	-1.973188	-1.576393	-0.896989	-0.836958	-0.596535	-0.964888	-1.241623	-0.520923	-0.191891	-0.622031	-0.344294	-0.517841	-0.271498	-0.500229	-0.674884	-1.541827	-2.062237	-0.826809	0.095276	-1.073146	-0.005395	-0.170898	-1.111939	-2.523778	-2.084273	-1.486158	-0.348994	-1.047805	1.143743	-2.201465	-1.413874	-2.152816	-2.393133	1.018734	0.608422	-1.599351	-0.730234	0.265066	-0.167790	-1.036731	-1.117011	-2.172372	-0.797783	-1.995286	-0.795284	-2.094159	-2.544271	-2.390341	-1.760309	-0.328152	0.050551	1.299812	-1.436910	-1.607168	-0.329848	-1.791076	0.654722	0.402727	1.245488	-0.148185	-0.596156	0.160954	0.081646
0.332873	-0.237851	-1.599205	-1.499790	0.238403	0.488305	1.036626	0.004591	0.082495	-0.752258	0.367163	-0.215006	-0.340721	-0.339181	-1.262232	-0.457390	0.336967	0.096655	-0.393170	0.393700	-0.158323	0.407854	0.144795	0.492068	1.130216	0.022731	-0.527912	-0.224596	0.722091	-0.612847	0.722760	-0.391150	-1.166775	-1.139070	-0.473004	0.327863	0.933762	0.798909	0.940457	0.452254	0.534922	0.753160	0.262525	0.310408	-0.344175	0.150172	-1.155411	-1.915729	-1.433882	-0.917428	-1.457361	-1.508988	-1.195704	-1.783445	-0.916898	-1.173160	-1.279555	-0.961475	-0.236813	-0.575662	-0.193150	-0.495379	-1.977804	-2.815533	-0.174755	0.086342	-0.655886	-0.075020	0.176454	-1.124180	-2.471241	-2.272699	-1.531245	0.441756	-1.304158	1.160017	-1.844388	-1.363823	-2.115101	-2.297324	1.300598	0.130909	-2.024856	-1.343695	0.115310	-0.939368	-1.378740	-1.892441	-2.431490	-1.013218	-1.431858	-1.661186	-2.596282	-3.180755	-2.604368	-1.333470	-0.777823	0.316996	1.790211	-1.256760	-1.352517	-0.360032	-1.160541	0.496842	0.248389	1.793465	-0.264793	-0.450638	0.416778	-0.054081
0.361362	-0.825190	-1.168213	-1.422390	0.357537	-0.228931	0.737150	-0.370575	0.099694	-1.349457	-0.326512	-1.141462	0.243017	0.076147	-0.199422	0.296165	0.701181	-0.208401	0.654703	0.602097	-0.214690	0.525023	0.126471	-0.526365	1.133208	-0.206697	-0.445364	-0.063051	-0.502901	-0.960161	0.049210	-0.340244	-0.536048	-0.833225	-0.198543	-0.168476	0.341843	-0.427192	0.155212	-0.314566	0.371781	-0.030896	0.806831	0.842280	0.707497	0.760955	0.506309	-0.203174	0.031720	-0.377731	-0.794398	-1.177494	-0.222055	-0.699531	-0.069096	-1.247032	-0.849191	-0.672958	0.516586	-0.474682	0.720789	0.217751	-0.309504	-1.331941	0.692458	0.314760	0.147838	-0.286369	0.728671	-0.654168	-0.456771	-0.497347	-0.676187	0.914972	-1.286383	0.688528	-0.448554	-0.372091	-1.564823	-1.098879	0.862450	-0.272318	-1.524034	-1.263050	0.666183	-0.885812	-0.909916	-1.589562	-0.782585	-0.125853	0.603071	-1.351622	-0.932953	-1.549740	-1.417124	-0.337931	-1.044001	1.213160	1.934447	-0.542435	-0.280083	-0.650028	1.084308	-0.225316	0.803401	1.896148	-0.223506	-0.060371	0.081900	0.931472
0.078266	-1.357715	-0.742619	-0.798787	0.340810	-0.721033	0.078837	-0.765702	0.007501	-1.497890	-0.729169	-1.787207	1.006510	0.653333	0.326003	0.649239	-0.059128	-0.511783	0.851094	-0.191294	-0.719338	0.095573	-0.301774	-1.568621	0.839123	-0.467903	-0.259619	0.111806	-1.912350	-0.689736	-0.470678	-0.357132	0.361634	-0.006141	0.265854	-0.488084	-0.457608	-1.858603	-0.702705	-1.382067	-0.398906	-1.268560	0.529452	0.763204	0.995755	0.641972	2.232047	1.620367	1.632747	0.012314	0.318639	0.031259	1.041467	1.038925	1.030907	-0.538272	0.202348	0.045528	1.025360	-0.158540	1.386671	0.806312	2.176836	1.288344	0.810576	0.356681	0.481267	-0.470260	1.080175	0.060186	1.965500	1.887907	0.203170	1.015906	-0.983625	0.296090	0.927783	0.764777	-1.010540	0.115043	-0.182092	-0.631254	-1.058048	-0.895578	1.061629	-0.167909	-0.323018	-0.483079	0.955061	0.738392	1.950593	-0.330401	1.300030	0.802996	-0.025979	0.368168	-0.777590	2.089934	1.694098	0.387349	0.562259	-1.081104	3.602177	-0.723645	1.700435	1.431509	-0.065702	0.254914	-0.381450	2.337466
-0.512627	-1.478458	-0.373197	-0.265362	0.218817	-0.757234	-0.439911	-0.929789	-0.220315	-1.343992	-0.352990	-1.519695	1.053811	0.859969	-0.298682	0.250854	-1.539459	-0.688837	-0.454003	-1.707979	-1.067003	-0.807518	-1.028000	-1.848234	0.083100	-1.060434	-0.010397	0.028155	-1.942435	0.001793	-0.664112	-0.718197	0.648346	0.532309	0.392801	-0.317259	-1.126535	-2.552961	-1.245455	-2.186430	-1.527444	-1.989027	-0.496316	0.081315	0.192242	-0.304390	2.599493	1.965649	1.751207	-0.291882	0.920072	1.073433	1.070938	1.692292	1.223068	0.122820	0.978729	0.486268	0.568154	-0.071016	1.127584	0.729167	3.485132	2.933907	-0.017688	-0.030734	0.130473	-0.433891	0.963338	0.505487	2.910981	2.988056	0.365021	0.876578	-0.575008	0.295037	1.358928	1.026073	-0.668600	0.454842	-0.870041	-0.877327	-1.107747	-0.680663	0.865879	0.732395	-0.172825	0.511275	1.181510	0.601591	1.265429	0.438175	2.091655	1.810768	0.390478	0.254005	-0.069960	2.042891	1.129226	0.915144	0.357029	-1.185716	4.516956	-0.552535	2.002736	0.601353	0.123087	0.192714	-0.367019	2.820838
-0.907656	-0.851733	0.148152	-0.110743	0.258845	-0.260091	-0.562173	-0.657907	-0.490543	-1.029187	0.495319	-0.575259	0.256860	0.624680	-1.290432	-0.581295	-2.417221	-0.793581	-2.181700	-2.717146	-0.869276	-1.674709	-1.528190	-1.236985	-0.746693	-1.548940	0.104200	-0.353598	-0.493281	0.335667	-0.611959	-1.137563	0.135590	0.471830	0.012090	0.051218	-1.422189	-2.014473	-1.155611	-2.084992	-2.119241	-1.616684	-1.410854	-0.565610	-0.881687	-1.295700	1.531193	0.902738	0.330808	-0.831158	0.890601	1.325292	-0.230320	0.741049	0.686643	0.439137	1.135861	0.624017	-0.548225	-0.278829	0.138151	0.114921	2.872110	2.647241	-0.931745	-0.662113	-0.419535	-0.315903	0.305547	0.195689	1.969831	2.147710	-0.199690	0.418576	-0.383656	0.208591	0.741674	0.189330	-0.363291	0.064685	-0.599045	-0.817345	-1.238571	-0.623760	0.301380	1.270233	-0.479022	0.660952	0.030321	-0.252085	-0.584006	0.444994	1.263057	1.211978	0.009967	-0.253254	0.545195	1.103650	0.502958	0.790130	-0.730831	-0.853938	3.212512	-0.040262	1.451866	-0.082673	0.359004	-0.371455	-0.053657	1.963819
-0.531216	0.332800	0.638701	-0.093346	0.663515	0.556185	-0.235054	0.026882	-0.467436	-0.465687	1.099910	0.237919	-0.645806	0.190287	-1.336354	-1.148212	-1.773501	-0.812910	-2.563032	-2.222873	-0.232709	-1.719369	-1.101919	-0.229487	-0.949495	-1.037376	0.064576	-0.615515	0.983382	-0.042600	-0.357699	-1.045311	-0.638093	0.064690	-0.521203	0.084422	-1.262472	-0.710081	-0.328888	-0.953658	-1.295092	-0.440280	-1.329775	-0.550104	-1.282693	-1.503254	0.079251	-0.188766	-0.955281	-0.694354	0.691733	0.952024	-1.365863	-0.689927	0.481136	0.763288	0.912825	0.794315	-1.101120	-0.320058	-0.670646	-0.338135	1.289062	1.319779	-0.943169	-1.054399	-0.643902	-0.294164	-0.560016	-0.771057	0.307357	0.353110	-0.819284	-0.371994	-0.470743	-0.422519	-0.232142	-0.905932	-0.023271	-0.318400	0.054785	-0.449955	-0.912615	-0.491105	-0.326436	1.077095	-0.922432	0.090535	-1.154940	-0.702487	-1.676071	-0.004978	0.291784	0.434638	-0.161094	-0.361699	0.643939	0.187047	0.109429	0.405350	-1.644522	-0.299373	0.818188	0.259168	0.698627	-0.268378	0.633509	-1.025087	-0.015148	0.609138
0.557932	1.367220	0.676424	0.122019	1.273005	1.251388	0.476280	0.722282	0.083023	0.303862	1.143975	0.408629	-0.782610	-0.155715	-0.246923	-0.961510	-0.025158	-0.558345	-1.148053	-0.500886	0.507942	-0.637987	0.208418	0.647912	-0.377723	0.459641	0.150489	-0.253085	1.331231	-0.552654	-0.022728	-0.420839	-0.953989	-0.246036	-0.697749	-0.279606	-0.815525	0.343833	0.816649	0.491990	0.676560	0.749441	-0.286989	0.053040	-0.986104	-0.948962	-0.810627	-0.428390	-0.718256	0.287291	0.686501	0.490096	-1.305998	-1.266890	1.010610	1.241296	0.664749	1.027465	-0.336087	0.225765	-0.592636	-0.100310	0.087317	0.313972	-0.043154	-0.807383	-0.454450	-0.222686	-0.970761	-1.685409	-0.813491	-0.982963	-0.852803	-1.161011	-0.530507	-1.081971	-0.839033	-1.311961	0.060140	-0.413363	0.132519	0.036047	-0.208132	-0.129487	-0.767383	0.412138	-1.021493	-0.362325	-1.288193	-0.123146	-1.213772	-0.166444	0.202304	0.415649	0.162384	-0.026657	0.391174	-0.007076	0.072750	0.260475	-1.453009	0.341488	-1.001306	0.262524	0.437601	-0.053133	0.768552	-1.008351	-0.246565	-0.184407
1.617371	1.755380	0.264497	0.526351	1.688257	1.551867	1.331833	0.914077	0.910131	0.872454	0.949122	0.172325	0.055329	-0.207642	0.679626	-0.184097	1.570505	0.108856	0.702066	1.195614	1.131488	0.859353	1.341061	1.238691	0.307429	1.612384	0.530141	0.643846	0.933655	-0.426258	0.049172	0.021682	-0.516365	-0.177415	-0.374982	-0.556175	-0.432231	0.532941	1.468883	1.215277	2.306083	1.385254	0.728959	0.542858	-0.742409	-0.403962	-1.012760	-0.297388	0.536374	1.303073	0.902245	0.299968	-0.836061	-0.820404	1.588967	1.471511	0.625436	1.107875	1.081043	1.167120	0.168535	0.607175	-0.304199	-0.040569	0.798038	0.018544	-0.106409	0.091169	-0.539371	-1.919209	-1.182460	-1.334073	-0.388513	-1.611113	-0.312011	-0.749559	-0.977754	-0.988154	-0.341671	-0.624629	-0.393444	0.581547	0.402341	0.483457	-0.602086	0.146798	-0.290401	-0.010169	-0.343859	0.989898	-0.167887	0.416868	0.435255	0.454597	0.193664	-0.019370	0.312105	0.350739	0.324001	0.329451	-0.292069	0.971390	-1.502086	0.323973	0.711507	0.254796	0.535826	-0.075330	-0.164811	-0.108513
1.947318	1.634359	-0.133201	0.816229	1.659299	1.525409	1.932726	0.494713	1.449631	0.868970	0.913940	0.057374	1.250452	0.043295	0.270295	0.545885	2.148912	0.981412	1.441253	1.866560	1.544033	1.681685	1.322990	1.586176	0.418881	1.276053	0.937200	1.364480	0.803683	0.303331	-0.342985	-0.283284	0.331858	0.208514	0.111341	-0.384432	-0.350087	0.079574	1.169152	0.829134	2.360166	1.434788	0.845991	0.401908	-1.019336	-0.421393	-0.883832	-0.589133	1.273297	1.540815	1.151844	0.364304	-1.200179	-0.141211	1.479859	1.123292	0.829918	0.987128	1.853805	1.862962	0.826951	1.104466	-0.328437	-0.276048	0.755458	0.883836	0.130016	0.468284	0.376392	-1.494756	-1.279924	-1.108876	-0.053792	-1.729328	0.044526	0.677735	-0.973348	-0.591951	-0.942642	-1.211608	-0.703920	1.204960	0.636394	1.196231	0.352288	0.787934	1.202956	0.965923	0.889450	1.682006	0.168338	1.424140	0.024450	-0.402211	-0.622043	-0.770024	0.621702	0.661283	0.664533	0.228864	0.856685	1.331606	-1.111872	0.643334	1.076777	0.473572	-0.025266	1.093322	0.462327	0.406556
1.506008	1.314971	-0.233626	0.780747	1.258352	1.285558	1.938281	-0.095917	1.357246	0.443565	0.948495	0.177839	1.886556	0.346575	-0.932037	0.755544	1.771008	1.530520	0.960527	1.522492	1.595880	1.494840	0.440472	1.595360	0.029265	-0.004743	0.946920	1.350034	1.045203	0.879239	-0.832660	-0.940211	0.923076	0.562755	0.334087	-0.018958	-0.461444	-0.387763	0.346276	-0.037111	1.208403	1.125386	0.245727	-0.124842	-1.392687	-0.718837	-0.657613	-1.110699	0.937236	1.059770	1.189705	0.458633	-2.049852	0.157070	0.817465	0.475285	1.017819	0.783810	1.546867	1.868094	0.915404	1.033805	-0.355284	-0.603732	0.059115	1.203084	0.142883	0.557359	0.985215	-0.875939	-1.272694	-0.779668	-0.156824	-1.601007	0.203002	1.947359	-0.955253	-0.493769	-1.168212	-1.666703	-0.439824	1.597718	0.539373	1.576708	1.369747	1.633929	2.392464	1.679396	1.519438	1.539643	-0.250788	1.993090	-0.808937	-1.605058	-1.574355	-1.587981	0.958365	0.658991	0.853766	-0.081306	1.220034	1.201428	-0.577402	0.952079	1.155726	0.580320	-0.479040	1.574293	1.065621	0.765631
0.735631	0.807910	-0.214679	0.496011	0.705004	0.777290	1.285735	-0.328749	0.729709	0.089039	0.648327	0.207511	1.462007	0.391808	-1.335353	0.484322	0.946650	1.327653	0.266426	0.797368	1.115720	0.856443	-0.183260	1.079805	-0.263293	-0.666347	0.427658	0.703170	0.885645	0.714768	-0.796045	-1.041383	0.824774	0.562069	0.159796	0.008562	-0.468056	-0.476569	-0.160108	-0.449992	0.238772	0.608663	-0.218228	-0.399164	-1.117349	-0.639410	-0.324667	-0.973379	0.318908	0.513931	0.867121	0.423804	-1.819118	0.134550	0.273582	0.086752	0.804671	0.541975	0.797599	1.244952	0.604954	0.606462	-0.269672	-0.607939	-0.416386	0.796554	-0.042361	0.284258	0.795456	-0.404591	-0.849073	-0.393596	-0.387682	-1.112713	0.009738	1.695892	-0.738930	-0.459866	-0.731858	-1.241098	-0.158183	1.234522	0.247876	1.160932	1.289066	1.452857	1.969918	1.397267	1.133740	0.864194	-0.467331	1.503621	-0.947073	-1.637863	-1.448563	-1.407028	0.831030	0.540196	0.750382	-0.179914	0.801130	0.669289	-0.223702	0.847064	0.897166	0.591071	-0.342441	1.065056	0.920120	0.655547
-0.032479	0.070896	-0.282939	0.134086	0.135049	0.007445	0.215333	-0.134289	-0.140836	0.014331	-0.075017	-0.025667	0.230667	0.141697	-0.447032	0.012829	0.029853	0.485754	-0.040749	0.116439	0.195792	0.279633	-0.089612	0.118152	-0.192727	-0.180649	-0.413762	-0.179062	0.016096	-0.072945	-0.135119	-0.357617	0.165100	0.218731	-0.256033	-0.413995	-0.264181	-0.240958	-0.091849	-0.194421	0.053712	-0.035869	-0.180646	-0.218984	-0.105467	-0.028494	0.124208	0.046587	0.063055	0.243624	0.261811	0.270053	-0.063525	0.058212	0.119867	0.103850	0.147229	0.244958	0.180476	0.315908	0.214146	0.127464	0.050957	-0.098816	-0.326141	-0.072869	-0.335826	-0.168019	-0.023577	-0.093713	0.070675	0.120101	-0.450703	-0.257228	-0.419640	-0.043573	-0.256174	-0.255760	0.167006	0.070326	-0.282297	0.106662	-0.138282	0.020557	-0.046761	0.048528	-0.071193	0.236236	0.002570	0.064366	-0.032305	0.147603	-0.052346	-0.160678	-0.095279	-0.128957	0.211166	0.497131	0.417655	0.124354	0.013686	-0.019680	0.007932	0.307858	0.452272	0.533444	0.370987	-0.063080	0.013337	0.169700
