X1	X2	X3	X4	X5	X6	X7	X8	X9	X10	X11	X12	X13	X14	X15	X16	X17	X18	X19	X20	X21	X22	X23	X24	X25	X26	X27	X28	X29	X30	X31	X32	X33	X34	X35	X36	X37	X38	X39	X40	X41	X42	X43	X44	X45	X46	X47	X48	X49	X50	X51	X52	X53	X54	X55	X56	X57	X58	X59	X60	X61	X62	X63	X64	X65	X66	X67	X68	X69	X70	X71	X72	X73	X74	X75	X76	X77	X78	X79	X80	X81	X82	X83	X84	X85	X86	X87	X88	X89	X90	X91	X92	X93	X94	X95	X96	X97	X98	X99	X100	X101	X102	X103	X104	X105	X106	X107	X108	X109	X110
0.059698	-0.004412	0.116277	0.116987	0.141287	0.115379	0.156505	-0.006984	-0.174575	-0.050892	-0.025972	-0.025263	0.150131	0.161860	0.023373	0.132875	-0.044759	-0.160620	-0.122219	-0.114852	-0.021705	0.023648	-0.185413	-0.122453	0.019675	-0.137058	-0.032415	-0.063400	-0.048574	0.136819	-0.203283	-0.106744	0.127294	0.110172	0.227750	0.373230	0.117488	0.072658	-0.069161	0.042955	-0.040708	0.037949	-0.081216	-0.052848	-0.081940	0.012254	-0.074101	0.011267	-0.039699	-0.253458	0.107241	0.213415	-0.093647	-0.028510	-0.076214	0.052169	0.029855	-0.025778	0.033642	0.001909	0.079290	-0.026295	0.000748	-0.015647	-0.120540	-0.005462	-0.062828	0.056456	0.056607	-0.009939	0.029101	0.113692	-0.077131	-0.003118	-0.163897	0.170604	-0.074650	0.037449	-0.038661	0.126832	0.062356	0.171429	0.025229	0.107625	0.126729	0.073303	0.013774	0.052424	0.008747	0.064085	0.029122	0.037473	-0.088632	-0.011058	0.062961	-0.018306	-0.186238	0.022283	0.018518	0.015792	-0.061332	-0.005419	-0.054845	-0.147989	-0.105801	-0.012302	-0.024929	0.046984	-0.030295	0.045060
0.748347	0.189718	-0.620599	-0.442017	0.885811	0.492917	0.963546	-0.137636	0.220640	-0.137368	-0.112991	-0.611085	0.766655	0.627941	0.853334	0.317578	0.290972	-0.494831	-0.714370	-0.066545	-0.078850	-0.754346	0.450922	0.010195	0.755994	0.173845	0.296271	-0.231162	-0.530174	-1.440727	1.965777	-1.471407	0.260313	0.440408	0.193047	0.077537	-1.321399	-0.340141	-0.686827	-1.414508	-0.229627	-0.197960	0.852252	1.592762	1.689004	1.082488	0.238174	0.414957	1.282386	0.528202	1.031466	0.255975	-0.391824	0.194318	0.860306	0.485836	0.690709	1.493727	0.938217	1.141312	2.191997	2.655235	0.251741	0.839076	0.287320	-1.029135	-0.287324	-1.266417	0.145123	0.218724	0.713904	0.543443	-0.758584	0.787688	-0.068047	0.525719	1.919025	0.328463	1.080154	0.905745	0.601688	-0.417021	-0.342204	-0.448918	-0.075341	-0.249312	-0.553013	-0.766042	-0.162657	-1.122850	-0.410416	-0.460978	0.173859	0.898037	1.560956	0.609421	-0.574018	-0.677814	-1.136861	-1.531709	-0.153675	0.809386	0.610982	-0.470816	0.598124	-0.931742	-0.209434	0.574057	0.578194	0.232554
0.549203	0.024500	-0.859413	-0.799999	1.157797	0.738651	1.054809	-0.042910	0.541775	-0.048666	-0.059832	-1.047518	1.125285	1.101957	1.073290	0.110824	0.215765	-0.308449	-1.020269	-0.228081	-0.422777	-1.152354	0.448288	-0.114154	0.340331	0.139227	-0.260310	-0.776282	-1.174276	-2.071565	2.375226	-1.907491	0.290465	0.691228	-0.482518	-0.154711	-2.319846	-0.713053	-1.018981	-1.944528	-0.375836	-0.422944	1.042257	2.540198	2.039436	1.707002	0.594595	0.614460	2.103257	1.537437	1.294282	0.421185	-0.257932	0.545776	1.110535	0.661252	0.918324	2.205688	1.271098	1.376502	2.787307	3.195300	0.856913	1.346624	0.520888	-1.377755	-0.724409	-1.907902	0.592519	0.820884	1.171216	0.721388	-1.332172	0.726646	-0.782403	0.465576	2.118566	0.548672	1.645904	1.577893	0.434700	-0.534644	-0.373078	-0.652833	-0.279013	-0.328050	-0.726048	-1.343914	-0.330980	-1.536603	-0.769628	-0.617563	0.637471	1.630779	2.342941	1.364315	-0.735622	-0.971567	-1.455888	-2.192689	-0.185864	0.958753	0.776709	-0.584153	0.810816	-1.163723	-0.239261	0.254418	0.557202	0.066192
-0.165038	-0.158011	-0.506010	-0.763572	1.011430	0.973067	0.659486	0.444066	1.000556	0.295254	0.242457	-0.910567	1.159328	1.511618	0.556519	-0.512014	-0.256019	0.302130	-0.768618	-0.384276	-0.681716	-0.967540	-0.005488	-0.280501	-0.936188	0.004337	-1.705510	-1.564111	-1.688260	-1.695157	1.216225	-1.068733	0.234457	0.832947	-1.495942	-0.250185	-2.470216	-0.754270	-0.845373	-1.187359	-0.269972	-0.390902	0.661604	2.618527	1.184990	2.010791	0.939094	0.639218	2.198504	2.477811	0.956518	0.787006	0.127829	0.776507	0.806117	0.680293	0.788076	1.929789	1.114422	0.828373	1.712287	1.518814	1.670284	1.494368	0.618464	-0.859831	-1.349234	-1.713492	1.112841	1.577228	1.399148	0.752514	-1.455525	-0.269946	-1.802096	-0.243534	0.861542	0.794052	1.821908	2.065389	-0.316286	-0.254211	-0.021344	-0.385281	-0.236961	-0.093589	-0.555956	-1.606613	-0.307717	-0.864129	-0.745654	-0.312833	1.192569	1.962108	2.362574	2.176456	-0.466568	-0.742451	-0.845776	-1.625379	-0.144032	0.447589	0.250015	-0.370728	0.627493	-0.547109	0.049997	-0.833179	-0.040037	-0.280471
-0.315177	0.183762	0.059053	-0.389106	0.778503	1.259592	0.472015	1.130045	1.605859	0.725093	0.659364	-0.016939	0.894956	1.581985	-0.310431	-1.157644	-0.727622	0.744042	-0.001370	-0.203896	-0.372290	-0.374252	-0.182051	-0.114888	-1.763324	0.154985	-3.005214	-1.991769	-1.513864	-0.995464	0.096891	0.475559	0.128823	0.781891	-1.934266	-0.205783	-1.692641	-0.298936	-0.230443	0.326038	0.189397	0.086602	0.392081	2.039559	0.403213	2.211300	1.030056	0.584518	1.646352	2.647327	0.550397	1.184327	0.238836	0.529479	0.555689	0.757178	0.626453	1.084672	0.938201	0.366004	0.104282	-0.553952	2.035538	1.396110	0.657667	0.135314	-1.772965	-1.035692	0.913135	1.743590	1.399135	0.803488	-0.892500	-1.405082	-1.956292	-1.376601	-0.149353	0.968499	1.953379	2.126667	-0.897352	-0.090656	0.382825	0.055946	0.173331	0.231379	-0.385704	-1.629620	0.012898	0.424955	-0.178890	0.235691	1.408061	1.703033	1.963127	2.645584	0.202676	-0.259630	0.030372	-0.344233	-0.100383	-0.193704	-0.586096	0.082014	0.447626	0.388805	0.602745	-1.783656	-0.624259	-0.306818
0.314087	0.817124	0.377713	-0.040123	0.513108	1.275262	0.553334	1.407332	1.783950	0.893702	0.822784	1.030369	0.355120	1.024722	-0.953858	-1.361711	-0.808587	0.650547	0.780375	0.225903	0.221863	0.125023	0.233492	0.327896	-1.414038	0.410816	-2.957871	-1.624106	-0.554292	-0.524673	-0.084059	1.580237	-0.043305	0.432088	-1.409476	-0.124842	-0.452870	0.281696	0.440335	1.504940	0.705161	0.721732	0.392802	0.992327	0.222370	1.972304	0.637145	0.383373	0.686997	1.662012	0.351781	1.217405	-0.056650	-0.111514	0.559452	0.813501	0.504077	0.219161	0.901137	0.471532	-0.841781	-1.332232	1.427385	1.002747	0.554368	0.952151	-1.503460	-0.274374	-0.284060	0.871413	0.988359	0.706559	0.033116	-1.749377	-0.994285	-2.208755	-0.178832	0.656212	1.762865	1.425960	-0.799613	-0.318571	0.449670	0.200496	0.568228	0.322932	-0.314379	-1.442721	0.385399	1.368396	0.537167	0.635613	0.975736	0.932648	1.228994	2.273519	0.910839	0.084643	0.490239	0.669517	-0.130972	-0.569678	-0.972159	0.530555	0.351389	0.900673	1.012403	-1.817072	-0.768121	0.131018
0.737492	0.866395	0.417462	0.048689	0.043677	0.702723	0.343709	0.886753	1.111675	0.679688	0.591861	1.378433	-0.249064	0.058918	-0.968679	-1.047810	-0.402010	0.314655	1.059677	0.515556	0.337481	0.125109	0.795956	0.622467	-0.441627	0.306323	-1.462721	-0.790437	0.434186	-0.262512	0.000415	1.503287	-0.188610	-0.051935	-0.476423	-0.101076	0.528736	0.456512	0.817439	1.638333	0.841094	0.942313	0.222682	-0.289256	-0.022914	0.904037	-0.023626	0.008338	-0.350030	0.015903	0.253682	0.746301	-0.342267	-0.625098	0.512739	0.642378	0.316407	-0.293810	0.771270	0.752439	-0.854861	-0.790866	0.185454	0.340083	0.260775	1.125785	-0.561687	0.390191	-1.479745	-0.431955	0.184667	0.271632	0.614319	-1.203590	0.175487	-2.054595	-0.019597	-0.171289	0.817013	0.139140	-0.200564	-0.549592	0.222960	0.016515	0.503352	0.187026	-0.039334	-0.939684	0.514834	1.425146	0.811937	0.709847	0.217959	0.112740	0.090551	1.068440	1.282614	0.194518	0.521449	0.922697	-0.155170	-0.711916	-0.501957	0.823901	0.134152	0.809425	0.866011	-1.016968	-0.582928	0.575344
0.170137	0.040574	0.535779	0.109445	-0.499214	-0.120338	-0.273759	0.048459	0.195062	0.407076	0.330642	0.982405	-0.436462	-0.516042	-0.384455	-0.586875	0.271687	0.273134	0.857088	0.527490	-0.162485	-0.266413	0.898735	0.546209	0.168279	-0.082128	0.171899	-0.349297	0.481737	-0.013543	-0.580482	0.612439	-0.042558	-0.201001	0.127723	-0.105033	0.852882	0.231715	0.887454	1.044254	0.531845	0.581679	-0.261812	-1.222771	-0.825783	-0.457512	-0.286096	-0.223068	-1.048903	-1.216168	0.207040	0.225023	-0.260142	-0.643402	0.274723	0.365479	0.167583	-0.308905	0.449969	0.633478	-0.484650	-0.117306	-0.613855	-0.164033	0.013780	0.694311	0.282860	0.816562	-1.251317	-0.900108	-0.416010	-0.150085	0.422390	-0.570259	0.688102	-0.997135	-0.376282	-0.692190	-0.400576	-0.771566	0.381837	-0.208893	0.183909	0.031112	0.193453	0.212293	0.646164	-0.128044	0.503345	1.011104	0.601971	0.679704	-0.094789	-0.222642	-1.033796	-0.194985	1.282409	0.310570	0.613755	0.828786	0.021871	-0.772360	0.391520	1.003452	-0.169834	0.641242	0.233339	-0.138346	-0.449202	0.524091
-0.778081	-0.762526	0.845400	0.428400	-0.630133	-0.407686	-0.594390	-0.168805	0.066718	0.435449	0.413084	0.595858	0.042313	-0.181493	0.272354	-0.325261	0.775503	0.567929	0.597553	0.466960	-0.528405	-0.508710	0.463777	0.309185	0.101713	-0.169433	0.532853	-0.652464	-0.422058	0.177962	-1.492715	-0.053281	0.445144	0.176102	0.285137	-0.065173	0.677560	0.083768	0.791610	0.600260	0.124580	0.138225	-0.518833	-1.166268	-1.496693	-0.955794	0.193540	0.043108	-1.062663	-1.303720	0.309291	0.201864	0.026733	-0.336197	0.117206	0.326585	0.247581	0.025482	0.163310	0.171645	-0.304465	-0.122350	-0.298216	-0.070697	0.082885	0.150874	0.276799	0.769402	0.394815	-0.068920	-0.188053	0.018652	-0.275265	-0.507551	0.527852	0.089461	-0.772362	-0.178951	-0.764950	-0.480542	0.588885	0.617935	0.564344	0.540582	0.248380	0.569147	1.345013	0.592427	0.628531	0.834632	0.410581	0.795308	0.333196	-0.007784	-1.319449	-0.652088	1.064078	0.550417	0.930731	0.940517	0.406272	-0.694804	0.845886	1.045288	-0.239054	0.801932	-0.359934	0.210962	-0.513665	0.061107
-0.839841	-0.499236	0.849598	0.729825	-0.155307	0.071132	-0.102720	0.430313	0.677115	0.621553	0.562974	0.616088	0.639761	0.482712	0.379921	-0.172033	0.662903	0.673844	0.458196	0.434026	-0.140482	-0.177685	-0.055215	0.206548	-0.180429	0.221093	-0.259535	-0.934168	-1.054983	0.212881	-1.448453	0.053206	0.756953	0.528685	0.313057	-0.009657	0.409932	0.215310	0.509657	0.644959	-0.076524	0.158246	-0.090120	-0.198640	-1.027298	-0.301563	0.784128	0.524178	-0.464304	-0.480018	0.402775	0.496334	0.104539	-0.125954	0.183173	0.477693	0.375955	0.267465	0.044268	-0.108129	-0.334637	-0.443278	0.505403	0.336894	0.309159	-0.019721	-0.306931	0.229143	1.662943	0.955690	0.540576	0.594451	-0.698221	-0.652099	0.150214	0.426264	-0.477609	0.760988	-0.057066	0.497309	0.350147	1.123345	0.839812	0.950013	0.621040	0.752478	1.278642	0.702707	0.707471	0.830781	0.442499	0.821863	0.792956	0.239832	-0.541416	-0.303343	0.590273	0.597813	0.942707	1.038673	0.667211	-0.345661	0.437877	0.697490	-0.018386	0.867356	-0.501102	0.127715	-0.515005	-0.302125
0.145855	0.578405	0.042912	0.425725	0.407461	0.573330	0.602261	0.920530	0.779743	0.497590	0.111739	0.525598	0.407752	0.360925	-0.110437	0.143672	-0.144619	0.216465	0.174951	0.254492	0.618178	0.542326	-0.207279	0.269384	-0.191313	0.488181	-0.672606	-0.210426	-0.270270	0.202984	0.067854	0.475652	0.246168	0.139502	0.285327	-0.026219	0.255848	0.280425	-0.046796	0.643587	-0.119175	0.508275	0.634120	0.735669	0.393046	0.389950	0.476379	0.401638	0.109623	0.324783	0.052928	0.314341	-0.173722	-0.190834	0.132273	0.283316	0.100835	0.034945	-0.120660	-0.014798	-0.219761	-0.297863	0.518637	0.202063	0.195881	0.142389	-0.415098	-0.328414	1.055547	0.758840	0.622695	0.559462	-0.215890	-0.193332	-0.120190	0.115364	0.214997	0.715940	0.530938	0.670949	-0.211555	0.689450	0.298112	0.416413	0.431393	0.132524	0.109693	0.229278	0.164562	0.265470	0.193226	0.217726	0.371702	-0.009183	0.405974	0.032013	-0.239036	0.093436	0.138551	0.479189	0.457998	0.122325	-0.450920	-0.123966	0.051513	0.152491	-0.302175	0.143241	-0.146292	-0.344368
0.904033	1.104869	-1.209434	-0.475758	0.374889	0.299032	0.494102	0.435326	-0.303237	-0.020832	-0.989583	-0.174250	-0.799350	-0.724040	-0.594930	0.499411	-1.114287	-0.482549	-0.389607	-0.126934	0.847462	0.966795	0.037510	0.323544	-0.001064	0.070684	0.223560	1.209437	1.455258	0.257789	1.885283	0.482932	-0.944395	-0.826988	-0.018645	-0.121092	0.111864	-0.040974	-0.703018	0.074458	-0.212047	0.557764	0.839200	0.779096	1.378604	0.013755	-0.767091	-0.594453	-0.016284	0.345067	-0.797031	-0.618755	-0.593457	-0.376067	-0.346668	-0.495177	-0.617724	-0.534110	-0.502424	0.077070	0.139767	0.332805	-0.579699	-0.770086	-0.450156	0.134458	0.329966	-0.332634	-0.674634	-0.504541	-0.443621	-0.589118	0.930336	0.797839	-0.195745	-0.181156	0.353131	-0.617763	-0.054190	-0.551483	-0.829754	-0.363175	-0.891979	-0.880960	-0.759534	-1.054238	-1.500711	-0.185046	-1.023126	-0.988517	-0.724571	-0.995329	-0.775517	-0.656367	0.453852	-0.201042	-1.088914	-0.733415	-1.078965	-0.651476	-0.144674	0.275573	-1.088560	-0.907294	-0.366662	-1.102894	-0.157925	0.457687	0.434365	-0.369786
0.459916	0.399857	-1.832348	-1.160732	-0.196349	-0.486481	-0.378512	-0.566205	-1.486837	-0.443883	-1.811126	-0.965460	-1.858663	-1.613327	-0.602353	0.442243	-1.470905	-0.767475	-0.815538	-0.399629	0.317890	0.643781	0.348539	0.252518	-0.004831	-0.680673	1.395565	1.808584	2.335946	0.241388	2.326428	0.040151	-1.757694	-1.350659	-0.530315	-0.210172	-0.135119	-0.518014	-1.027540	-0.674905	-0.367902	0.098680	0.351616	0.119462	1.004081	-0.990035	-1.729234	-1.556846	-0.709395	-0.306194	-1.451487	-1.446803	-0.847374	-0.467906	-0.908000	-1.216476	-1.152914	-0.860423	-0.824151	-0.123371	0.363307	0.665252	-1.627577	-1.685568	-1.147266	-0.291057	0.983691	0.152034	-1.497497	-1.267338	-1.618715	-1.836389	1.642316	1.256799	-0.136912	-0.186703	-0.267991	-1.824461	-1.190871	-1.890214	-1.155485	-1.107609	-1.631139	-1.690142	-1.958571	-1.726101	-2.295956	-0.109462	-1.867823	-1.870343	-1.640927	-1.859158	-1.460829	-1.051936	-0.312357	-0.619089	-1.294280	-1.142518	-1.639815	-1.356042	-0.653066	-0.072959	-1.103048	-0.971219	-0.884580	-1.735584	-0.214388	0.646681	0.660380	-0.619531
-0.440832	-0.508455	-1.239651	-0.926623	-0.515166	-0.721537	-0.805442	-0.787154	-1.243937	-0.322546	-1.429746	-0.869022	-1.556027	-1.221755	-0.341269	-0.058723	-0.960628	-0.405136	-0.588880	-0.249427	-0.228483	-0.021833	0.406083	0.134605	-0.253931	-0.831272	1.197441	0.846005	1.415597	0.042673	1.164061	-0.218554	-1.334675	-0.832615	-0.732052	-0.222917	-0.317439	-0.616405	-0.740491	-0.703966	-0.361922	-0.269752	-0.128876	-0.288872	-0.019715	-1.180325	-1.333183	-1.365611	-1.007202	-0.721991	-1.148929	-1.152642	-0.750216	-0.382902	-0.855747	-1.013775	-0.895022	-0.579744	-0.647615	-0.310520	0.156653	0.272546	-1.361161	-1.420562	-1.148998	-0.642041	0.595515	0.434850	-0.717537	-0.666085	-1.472282	-1.693082	1.121633	0.588929	-0.082657	-0.189688	-0.743241	-1.490719	-1.325453	-1.682275	-0.947374	-0.942668	-1.140312	-1.154690	-1.735338	-1.189110	-1.599458	0.128412	-1.400488	-1.351320	-1.425375	-1.428722	-0.928009	-0.741899	-0.756003	-0.538360	-0.673214	-0.732182	-1.032185	-0.928462	-0.616904	-0.478562	-0.705078	-0.348245	-0.782812	-1.075475	-0.262355	0.317331	0.275921	-0.778512
-0.392422	-0.263237	-0.058514	-0.017944	-0.130583	-0.011291	-0.126255	0.137313	0.229634	0.205674	-0.121511	0.143314	-0.140009	0.007825	-0.173871	-0.336864	-0.096519	0.236972	0.139893	0.214105	-0.049938	-0.148747	0.182848	0.163512	-0.321156	-0.027481	-0.239683	-0.447336	-0.171831	-0.105613	-0.093842	0.133083	-0.094631	0.079978	-0.315390	-0.165650	-0.150504	-0.128448	-0.050226	0.162122	-0.052010	0.065832	0.047624	0.083841	-0.268558	-0.112652	0.001298	-0.167453	-0.280925	-0.193121	-0.086209	0.030571	-0.321250	-0.136320	-0.092875	0.013784	-0.039995	0.030099	0.011917	-0.024595	-0.126224	-0.207106	-0.006638	-0.113547	-0.258088	-0.260127	-0.301272	0.122221	0.428119	0.372077	-0.064588	-0.175156	-0.011148	-0.346071	-0.064077	-0.289673	-0.278144	0.017148	-0.099749	-0.068867	-0.284333	-0.078526	0.064460	0.101643	-0.157067	-0.020651	-0.135202	0.095031	-0.026829	0.070209	-0.124090	-0.035149	0.188669	-0.019311	-0.213666	0.012534	0.140197	0.008047	0.065255	0.112014	-0.010843	-0.311168	-0.298135	0.225669	-0.052421	0.139326	-0.139450	-0.151691	-0.218441	-0.407215
0.592102	0.821916	0.565447	0.682250	0.352493	0.675098	0.686970	0.996626	1.129917	0.591729	0.796651	0.932021	0.785858	0.555918	-0.008037	0.112615	0.453034	0.667556	0.633583	0.591921	0.650569	0.477219	-0.092940	0.416711	0.032549	0.976776	-1.036232	-0.431765	-0.655874	0.082066	-0.039561	0.783385	0.642861	0.287541	0.300054	-0.125501	0.317102	0.571084	0.452164	0.992986	0.342240	0.795817	0.641093	0.723184	0.536532	0.944702	0.826714	0.655106	0.839637	0.802076	0.602483	0.717191	0.156187	0.207587	0.591295	0.742283	0.568120	0.406040	0.619344	0.585629	0.090968	0.034864	0.960426	0.800278	0.771562	0.630697	-0.348933	-0.287500	0.730736	0.512026	0.994952	0.992375	-0.336638	-0.288556	0.079934	-0.104336	0.685583	1.060811	1.050257	1.056413	0.415850	0.718436	0.777629	0.744779	1.036419	0.599718	0.611984	0.057020	0.778168	0.792700	0.782166	0.884779	0.679288	0.379745	0.559289	0.302058	0.432935	0.235993	0.567784	0.633121	0.734876	0.397221	-0.067990	0.286876	0.430479	0.647037	-0.023614	0.002939	-0.137909	0.278353
1.102665	1.104284	0.174590	0.618254	0.041705	0.175283	0.343290	0.516234	0.403354	0.429258	0.386557	0.570106	0.085664	-0.353875	0.303342	0.777326	0.520386	0.691797	0.446382	0.654571	1.044850	1.018562	-0.182804	0.691604	0.382396	1.128545	-0.114956	0.685330	0.127953	0.441302	1.002996	1.074991	0.118484	-0.439847	0.419890	-0.220737	0.649606	0.855138	0.304153	0.849101	0.398693	0.987015	0.836200	0.726344	1.219653	0.608003	0.340760	0.114734	1.170095	0.949527	0.060625	-0.012006	0.239540	0.518328	0.388464	0.345452	0.375724	0.332492	0.671964	0.838416	0.657174	0.689830	0.526985	0.222969	0.808213	0.905039	0.647463	-0.078965	0.406783	-0.291022	0.491869	0.422004	0.525747	0.724882	0.430501	0.462593	0.979298	0.702339	0.678976	0.368562	0.682727	0.745901	0.469409	0.298337	0.522166	0.233615	0.036770	0.534267	0.256923	0.059796	0.233724	0.386741	0.141555	0.059196	0.335414	-0.154564	0.169146	-0.251385	0.144070	0.194936	1.027607	0.885727	-0.020693	0.109540	0.031603	0.113051	-0.221274	0.804870	0.499901	0.495286
0.418189	-0.038671	-0.682049	0.046533	-0.962853	-1.289228	-0.880413	-0.939579	-0.932166	-0.173341	-0.897568	-0.513993	-1.573488	-1.864102	0.444072	0.696536	0.372732	0.405074	-0.080899	0.510596	0.782310	0.704313	-0.033335	0.697538	0.189116	0.274583	1.383059	1.198642	0.800257	0.499253	1.605129	0.723813	-1.067482	-1.322928	-0.072349	-0.447829	0.566656	0.447701	-0.324313	-0.048298	-0.023066	0.327476	0.246624	-0.144412	0.772475	-0.865861	-0.826303	-1.206378	0.426464	-0.313586	-1.282110	-1.513143	-0.262575	0.627806	-0.538255	-0.680468	-0.286419	0.056397	0.144531	0.389363	0.715152	0.678183	-0.831351	-1.317073	-0.423492	-0.106520	1.365821	0.632888	0.219909	-1.020038	-0.979149	-1.248719	1.389846	1.437772	0.762831	0.772242	0.188136	-0.426036	-0.883723	-1.328463	0.429534	-0.016436	-0.312476	-0.506518	-0.967638	-0.494151	-0.898117	1.300139	-0.744476	-1.147714	-0.961190	-0.910344	-0.816267	-0.689313	-0.965137	-0.988062	-0.210760	-0.822275	-0.623082	-0.555551	0.606594	0.587530	-0.147646	0.077444	-0.767000	-0.721102	-0.765443	1.391205	1.008188	-0.120050
-0.478295	-1.207606	-1.118160	-0.309492	-1.583411	-2.233274	-1.453118	-1.741291	-1.213513	-0.598495	-1.731094	-1.075592	-2.478425	-2.509532	0.145081	-0.167070	0.251589	0.022624	-0.306825	0.389419	0.370524	-0.038431	0.221196	0.479852	-0.374340	-0.668912	1.753861	0.340401	0.495501	0.138831	1.111844	0.092428	-1.663351	-1.552527	-0.544112	-0.552082	0.371532	-0.206342	-0.703879	-0.583421	-0.540897	-0.353269	-0.615215	-1.207366	-0.325286	-1.936850	-1.436292	-1.835284	-0.546474	-1.934480	-2.112886	-2.312629	-0.942416	0.432505	-1.144770	-1.095624	-0.578131	-0.067928	-0.560930	-0.268308	-0.078998	-0.190533	-1.820557	-2.290791	-1.746639	-1.496562	0.837073	0.995131	0.256457	-1.005443	-1.829588	-2.147053	1.094568	1.067735	0.804478	0.343023	-0.817334	-1.108479	-2.000836	-2.206621	0.109798	-0.713479	-0.729736	-0.771346	-1.634140	-0.766606	-0.889367	1.543948	-0.944571	-1.379344	-1.221347	-1.571965	-1.381502	-1.225473	-2.080102	-1.395408	-0.376761	-0.783069	-0.985367	-0.656054	-0.098967	-0.166569	-0.293428	0.162282	-1.035218	-1.065457	-1.292347	1.222530	0.903788	-0.958369
-0.317603	-0.760559	-0.668187	0.041816	-1.049291	-1.552523	-0.573229	-0.881750	-0.118837	-0.161598	-1.259927	-0.437304	-1.697295	-1.740378	-0.178067	-0.734301	0.206767	-0.204933	-0.009103	0.410347	0.403298	-0.146740	0.424638	0.481961	-0.566255	-0.735277	0.900474	-0.731229	-0.159356	-0.168338	0.256643	-0.150439	-1.022953	-0.993312	-0.262376	-0.215331	0.606202	-0.265466	-0.283936	-0.045869	-0.587849	-0.037060	-0.830300	-1.523991	-0.769438	-1.590684	-0.875106	-0.997830	-0.939699	-2.360256	-1.569881	-1.622269	-1.078730	-0.041185	-0.573690	-0.297958	0.000480	0.162702	-0.903253	-0.319683	-0.827262	-0.707375	-1.614036	-1.816247	-1.579630	-1.533973	-0.183658	0.538141	0.225643	-0.508363	-1.254696	-1.298125	-0.028488	0.184238	0.636456	-0.220652	-0.914277	-0.805781	-1.630884	-1.516685	0.281645	-0.303037	-0.420668	-0.313623	-0.785217	-0.362833	0.122859	1.018660	-0.140875	-0.359169	-0.229538	-0.907316	-1.102407	-1.069892	-1.832598	-0.981189	-0.201433	-0.103062	-0.633596	0.227431	-0.256642	-0.591930	-0.098741	0.283969	-0.592317	-0.758984	-1.289904	0.868426	0.391251	-1.148542
0.791258	1.095464	0.421232	0.892307	0.285737	0.361795	0.980830	1.011845	1.305882	1.167393	0.191012	0.963716	0.125916	-0.235633	0.050927	-0.176567	0.218662	-0.074263	0.509926	0.540930	0.794477	0.601212	0.559214	1.002857	-0.005313	0.101225	0.089593	-0.608479	-0.253814	0.087870	-0.010605	0.331024	0.400577	-0.037530	0.852065	0.498713	1.295787	0.581606	0.655226	1.140748	0.005183	1.231158	0.056137	-0.714917	-0.053481	-0.277326	0.424909	0.652734	-0.841170	-1.267714	-0.025672	0.079081	-0.423349	-0.651542	0.942282	1.122823	1.113297	0.715962	-0.523553	0.462337	-0.398004	0.149125	-0.427003	-0.388815	0.252098	0.322954	-0.284522	-0.206448	0.292939	-0.075589	0.152400	0.477520	-0.733535	-0.278042	0.648104	0.115571	0.023665	0.156809	-0.260201	-0.078412	0.921332	1.257486	0.412502	0.461106	0.620564	0.364130	1.026361	0.404563	0.820106	0.940554	0.900860	0.449352	0.000627	-0.227196	-0.406741	-0.098350	0.356380	0.663879	0.250139	1.500832	0.498686	-0.401961	0.518422	0.637066	-0.033648	-0.051996	-0.554582	1.125020	-0.070289	-0.611915
1.607207	2.556967	1.354021	1.459717	1.443869	2.123827	1.932693	2.472332	1.995289	2.439700	1.508595	2.138908	1.578427	0.953749	0.649188	1.015037	0.231531	0.383717	0.797602	0.633546	1.007364	1.331548	0.668668	1.664876	0.858907	0.992828	0.081956	0.564149	0.128302	0.832817	0.313187	1.138648	1.548141	0.776223	2.024562	1.025597	1.739869	1.533701	1.220672	1.936052	0.779702	2.301250	1.526870	0.711898	0.999066	0.824699	1.434545	1.715303	-0.801319	0.213209	1.355320	1.645039	0.438109	-1.169883	2.186205	2.024633	1.793845	1.185819	0.409058	1.411127	0.999469	1.651664	0.804769	0.821109	2.069078	2.522110	0.671050	-0.368025	0.810640	0.179380	1.235842	1.635807	-0.458139	-0.211608	1.046111	1.344342	1.067604	1.111685	0.894212	0.961388	1.306160	2.676929	1.208646	1.067210	1.350893	0.879539	0.998132	0.381226	1.156945	1.486952	1.186074	1.340821	1.310147	0.713476	0.915119	0.534362	1.011834	0.963390	1.120937	2.086204	1.534861	-0.041251	0.955438	1.196256	0.182054	0.722554	0.460933	1.735145	-0.347633	-0.031825
1.255698	2.257924	1.330000	1.084354	1.708448	2.582780	1.734080	2.547521	1.613305	2.420035	1.685452	2.284998	1.735104	1.245145	0.855451	1.653040	0.125007	0.800776	0.581598	0.494898	0.788320	1.290908	0.622944	1.653521	1.224213	1.106028	0.352617	1.464285	0.311018	1.441982	0.505657	1.426624	1.607166	0.966976	2.185683	0.816848	1.194432	1.349500	0.792018	1.659711	1.016549	2.094421	2.364333	1.696788	1.240827	0.998604	1.347492	1.319713	-0.936018	0.866645	1.606041	2.113701	0.717551	-1.309303	1.952962	1.662867	1.197263	0.884308	1.137446	1.559643	1.820600	2.013960	1.181896	1.052091	2.030981	2.902390	1.390663	0.198801	1.425245	0.469532	1.319269	1.448772	0.187347	-0.109780	1.460255	2.207070	1.227166	1.445316	1.101400	1.207556	0.759672	2.520086	1.305172	1.159361	1.129309	0.779560	0.382525	0.784670	0.784828	1.068621	0.718172	1.208131	1.791492	0.920631	1.083338	0.469589	1.042732	0.648403	1.276901	1.302314	1.775106	-0.018761	0.494857	1.269753	0.102831	1.131349	0.871870	1.597432	-0.583725	0.129340
0.056031	0.605619	0.242409	-0.080378	0.943417	1.554402	0.654729	1.364881	0.410894	0.849351	0.555792	1.190171	0.721301	0.721657	0.355954	1.232678	-0.148119	0.749657	-0.043433	0.084557	0.378328	0.723583	0.183673	0.627100	0.726229	0.386767	0.128614	1.302896	0.135983	1.339397	0.152058	0.728620	0.602632	0.382470	0.943550	-0.073685	-0.270088	-0.212611	-0.357802	0.463286	0.421994	0.682184	1.666222	1.470223	0.451880	0.403355	0.259772	-0.121218	-0.798468	0.625952	0.579802	1.214957	0.355725	-0.838419	0.151782	0.202325	-0.565769	-0.457763	0.919515	0.580071	0.982123	0.570939	0.561525	0.418044	0.189307	1.048346	0.881732	0.745368	1.197097	0.733066	0.553922	0.426110	0.387092	-0.100313	1.209852	1.619192	0.384002	0.861343	0.506029	0.885809	-0.517248	0.721605	0.434599	0.625201	0.455330	0.068330	0.020827	0.920479	0.088141	0.183976	0.127753	0.425186	0.928737	0.125073	0.217768	-0.137936	-0.004101	-0.039304	0.389579	-0.435057	0.833422	-0.254835	-0.674074	0.193199	-0.131517	0.758103	0.232272	0.245891	-0.739096	0.075526
-0.967394	-0.828447	-1.089650	-1.119925	-0.449560	-0.206465	-0.685598	-0.199347	-0.942470	-1.089738	-1.011299	-0.561603	-0.570787	-0.069238	-0.332615	0.312289	-0.416964	0.231311	-0.586601	-0.325217	0.088511	0.354579	-0.545743	-0.715370	-0.213752	-0.435443	-0.463037	0.587853	0.059118	0.556021	-0.348278	-0.465161	-0.623672	-0.498866	-0.892632	-1.013736	-1.685252	-1.859802	-1.289451	-0.880616	-0.485859	-0.808686	-0.167318	0.290303	-0.487405	-0.303759	-0.857455	-1.314296	-0.098162	0.389734	-1.002090	-0.450259	0.059297	0.192772	-1.909688	-1.364050	-2.232786	-2.001838	-0.125909	-0.797464	-0.716375	-1.286597	-0.316175	-0.364405	-1.503924	-1.186196	-0.266384	0.575455	-0.153217	0.524689	-0.387099	-0.473157	0.114338	0.162813	0.158778	-0.040704	-0.635685	-0.295495	-0.262314	0.258722	-1.523314	-1.317187	-0.831564	-0.240887	-0.195090	-0.724576	0.092465	0.460850	-0.475845	-0.539873	-0.208393	-0.270457	-0.495533	-0.929404	-0.665778	-0.707975	-1.463822	-0.696265	-0.970925	-1.823671	-0.533838	-0.222486	-1.468019	-1.523734	-0.469817	-0.303665	-0.775803	-1.353269	-0.477412	0.050503
-1.081933	-0.954079	-1.580300	-1.225191	-1.576428	-1.511325	-1.576556	-1.206059	-1.584369	-1.864018	-1.731532	-1.810279	-1.203824	-0.477895	-0.603134	-0.349567	-0.472751	-0.295329	-0.552195	-0.407058	-0.090164	0.406367	-0.980262	-1.253340	-0.757229	-0.595429	-0.640623	0.234924	0.338638	-0.259997	-0.299780	-1.090273	-1.114504	-0.829447	-1.942355	-1.312785	-2.010248	-2.017314	-1.236726	-1.555785	-0.801474	-1.301083	-1.635331	-0.762311	-0.612544	-0.558651	-1.087417	-1.329409	0.732295	0.780260	-1.950401	-1.673800	0.323770	1.282638	-2.528868	-1.888907	-2.340127	-2.298984	-0.997606	-1.386948	-1.433978	-1.654368	-0.599725	-0.632453	-1.388559	-1.697052	-0.679374	-0.021604	-1.617557	-0.310204	-0.897598	-0.802035	-0.009816	0.693678	-0.871261	-1.345168	-0.891325	-1.148589	-0.660146	-0.492866	-1.449479	-2.167866	-1.441483	-0.835721	-0.665492	-0.956141	-0.041301	-0.241356	-0.615554	-0.764110	-0.277432	-0.527242	-1.114241	-1.187536	-0.717488	-0.720476	-1.947915	-0.945770	-1.660004	-1.833175	-1.231059	0.291209	-1.143370	-2.337503	-0.646959	-1.266675	-0.854419	-1.790785	0.328490	-0.136839
-0.415628	-0.144298	-0.928386	-0.539864	-1.466965	-1.511404	-1.475546	-1.273502	-1.187909	-1.201584	-1.080562	-1.766315	-0.889462	-0.246937	-0.536726	-0.617888	-0.417913	-0.505396	-0.070884	-0.277353	-0.405532	0.405785	-0.659520	-0.737150	-0.477089	-0.139173	-0.106692	0.379813	0.686912	-0.490648	0.383067	-0.638480	-0.693882	-0.275819	-1.601241	-0.703455	-1.100192	-0.613386	-0.329299	-1.311191	-0.208150	-0.782568	-1.630908	-0.909510	0.012871	-0.299844	-0.553417	-0.491192	0.916023	1.307912	-1.431600	-1.524910	0.689013	1.651971	-1.224082	-1.058485	-0.723770	-0.855635	-0.881427	-0.741547	-0.495232	-0.337075	-0.288712	-0.337685	-0.000306	-0.439340	-0.010881	-0.131815	-1.985772	-1.115747	-0.911247	-0.834033	0.371015	0.835453	-0.986414	-1.422410	-0.348798	-1.149640	-0.617949	-1.101305	-0.562186	-1.720428	-0.960677	-0.822536	-0.941285	-0.580605	-0.894678	-0.695204	-0.428610	-0.572341	-0.245762	-0.581485	-0.601543	-0.493823	-0.033699	-0.132756	-0.878694	-0.596192	-1.108694	-0.724650	-1.021477	0.721093	-0.195655	-1.322629	-0.247164	-1.318865	0.444044	-0.872211	1.092158	-0.579421
0.227013	0.310975	0.055599	-0.032575	-0.009833	-0.355962	-0.486739	-0.776691	-0.470898	-0.332685	0.102867	-0.881755	-0.148423	0.243520	-0.649879	-0.801246	-0.615451	-0.580071	0.114322	-0.439812	-0.961031	-0.183141	0.132499	-0.161809	0.128097	0.086567	0.484113	0.339413	0.779554	-0.278949	0.917152	0.162776	-0.117349	0.521720	-0.647115	0.460853	0.089028	0.741421	0.479918	-0.679599	0.561973	-0.226625	-0.616339	-0.424722	0.367873	0.052547	-0.210601	0.101355	0.250727	0.992496	0.218776	-0.242345	0.296418	0.851622	0.659837	0.202820	1.055400	1.045449	-0.085553	0.290432	0.799657	0.945043	-0.132248	0.017650	0.638006	0.653973	0.575828	0.422245	-1.292519	-0.987308	-0.810338	-0.960012	0.865723	0.048571	-0.493841	-0.825535	0.044133	-0.730408	-0.494629	-1.277829	0.007588	-1.002131	-0.137135	-0.537892	-1.048280	-0.243607	-2.048026	-0.896012	-0.390769	-0.365244	-0.387425	-0.801051	-0.013177	0.261481	0.593594	0.591220	0.697193	0.161187	0.018112	0.237927	-0.714732	0.283257	0.237167	0.601979	0.652079	-0.487166	1.950295	0.070183	0.891540	-0.757369
0.097590	-0.352515	0.335242	-0.404339	1.602144	0.900454	0.533045	-0.384756	-0.437557	-0.456182	0.503981	-0.358669	0.310674	0.442974	-1.018188	-0.954874	-1.125271	-0.732943	-0.402428	-1.002980	-1.487432	-1.310323	0.646901	-0.544511	0.140528	-0.499928	0.303006	-0.401469	0.665656	-0.388899	0.442857	0.118237	-0.126826	0.719734	-0.278060	1.360808	0.352785	0.567825	0.344923	-0.453393	0.490175	-0.479385	0.051265	-0.026611	-0.242127	0.106223	-0.518793	-0.039378	-0.560117	-0.213396	1.659613	0.967218	-0.845238	-0.638237	1.255527	0.593452	1.202912	1.557199	0.396853	0.446313	0.838064	0.672343	-0.431969	0.115321	-0.413199	0.064285	-0.093815	0.597055	-0.615255	0.155860	-0.767410	-1.019184	0.796578	-1.214881	-0.670172	-0.655709	-0.439255	-0.660875	-0.531849	-0.903153	-0.531886	-0.840065	-0.020378	-0.530713	-1.037792	-0.437220	-2.458057	-1.217121	-0.784599	-0.469485	-0.846853	-1.086315	-0.202682	0.366953	0.660870	0.887396	1.210301	0.734262	0.600710	0.146623	-1.055068	-0.915219	-0.278332	1.544520	1.258741	0.410026	1.990020	-0.299421	-0.411553	-0.153246
-0.780983	-1.547284	-0.157334	-1.199205	1.881380	1.249416	0.710392	-0.332012	-1.045135	-1.270430	-0.091583	-0.636593	0.403728	0.367532	-1.066021	-0.763166	-1.362352	-0.641875	-0.986550	-1.261638	-1.574249	-2.288882	0.507376	-1.566320	-0.641490	-1.304072	-0.638093	-1.474729	0.475079	-1.166573	-0.924531	-0.910885	-0.464468	0.388568	-0.672584	1.297790	-0.527252	-0.758382	-0.522913	-0.802373	-0.505213	-1.312804	-0.143097	0.182135	-1.219371	-0.001752	-0.702840	-0.185629	-0.610930	-1.049808	1.868155	1.218116	-1.561906	-1.582213	0.162398	-0.176653	-0.326590	0.307255	0.160152	-0.482602	-0.325306	-0.631148	-0.409918	0.347151	-1.724167	-1.480530	-1.636433	-0.501162	-0.521585	1.430722	-0.350662	-0.407709	-0.041234	-1.843558	-1.941463	-1.117319	-1.185965	-0.846969	-0.391132	-0.032249	-1.658107	-1.001247	-0.593131	-0.734899	-0.832315	-0.752629	-1.514522	-1.718096	-1.125147	-0.700922	-1.257053	-0.836663	-0.527655	0.233998	0.505794	0.601565	0.356901	0.582615	0.376610	-0.626159	-1.640868	-1.667896	-0.987251	0.721019	0.894671	0.721209	0.340215	-1.703917	-1.697819	0.866960
-1.600979	-2.029317	-0.459774	-1.263526	0.637294	0.634843	0.021247	-0.304352	-1.192323	-1.450101	-0.512718	-0.863568	0.641764	0.545206	-0.368007	-0.167726	-0.675225	0.133473	-0.683153	-0.535329	-1.180445	-2.387098	-0.016886	-1.955373	-1.328405	-1.148789	-1.483095	-2.039626	0.038871	-1.944330	-2.056183	-1.678007	-0.225549	0.374141	-0.906807	0.364539	-1.463154	-1.503191	-1.000210	-1.082062	-1.398375	-1.755114	-0.397032	0.632597	-1.365857	0.199878	0.217283	0.570036	0.226488	-0.387283	1.192821	0.815215	-0.814970	-1.098385	-1.153633	-1.074023	-1.710565	-1.175841	-0.202617	-1.377653	-1.222803	-1.167627	0.707750	1.247945	-1.243198	-1.999802	-2.512240	-2.096972	-0.434950	1.986977	0.864601	1.038685	-1.166888	-1.319101	-2.897363	-1.391631	-0.870060	-0.403920	0.443720	1.127896	-1.965753	-0.745531	-0.761476	-0.508898	-0.194732	-0.368809	0.329196	-1.867340	-0.586856	-0.474418	-0.936228	0.305829	0.155800	0.679289	0.711088	0.116346	-0.617660	-0.160714	0.102699	-0.949800	-1.334689	-0.961959	-0.865444	-0.727730	-0.075488	0.625283	-1.318358	-2.530304	-1.665663	1.400821
-1.615441	-1.359965	0.144800	-0.195553	-0.839927	-0.190556	-0.802921	-0.110026	-0.290629	-0.490304	0.193238	-0.233739	1.199692	1.104241	0.607667	0.236908	0.667406	1.186255	0.402890	0.672947	-0.806393	-1.577363	-0.548086	-1.215020	-0.995369	0.134685	-1.517830	-1.784775	-0.850127	-1.821042	-2.003684	-1.104525	0.756815	0.966279	-0.334023	-0.602387	-1.253420	-0.739233	-0.358650	-0.709398	-1.265909	-1.316746	-0.020587	1.235141	-0.479365	0.759886	1.846891	1.909905	1.107865	1.171185	0.715893	0.585489	0.882535	0.358764	-1.147124	-0.985606	-1.353050	-1.260774	-0.056797	-1.169858	-0.971656	-0.265700	2.243642	2.421876	0.950945	-0.842576	-1.884759	-2.397792	0.168405	1.742074	2.329035	2.447633	-1.848182	-0.293825	-1.932574	-0.913155	0.667509	0.861112	1.687412	2.078751	-0.741004	0.031014	0.109477	0.341951	0.849534	0.720499	1.939860	-1.211874	0.803726	0.426069	0.204637	1.708172	1.563011	1.531533	1.140814	-0.070385	-0.494728	-0.718600	0.385294	-0.270368	0.154108	0.667603	0.164233	-1.168705	-0.584641	0.661721	-1.255543	-1.768714	-0.338562	1.160349
-0.988732	-0.405946	1.076556	0.981036	-1.354565	-0.638180	-1.188109	-0.109106	0.750573	0.522804	1.294437	0.647523	1.401821	1.336347	0.874672	-0.191338	1.480136	1.340947	1.026611	0.994500	-0.927390	-0.634510	-1.011045	-0.315540	0.072900	1.239614	-0.917714	-1.230174	-1.854069	-0.823630	-1.085203	0.193538	1.432827	1.297774	0.488441	-0.941965	-0.069159	0.533918	0.745861	-0.005355	-0.393135	-0.565555	0.374185	1.154890	0.273154	1.027996	2.542127	2.434658	1.073442	1.767469	0.714407	0.611075	1.867134	1.424576	-0.055681	-0.067187	0.221626	-0.106229	0.367309	-0.155090	-0.259950	0.754630	2.524852	2.603214	2.472191	0.497739	-0.520283	-0.860213	0.640210	1.004067	2.704603	2.564287	-1.670568	0.276120	0.360153	-0.200914	1.815813	1.730839	2.123968	2.113418	1.057579	0.581003	1.152274	1.015734	1.636101	1.445886	2.427244	-0.139850	1.835636	1.322970	1.224892	2.113663	2.052500	1.641343	0.998100	0.097297	0.479921	-0.534218	0.806363	0.758022	1.537177	1.594552	1.177755	-0.373623	-0.210004	0.833202	0.222818	-0.251116	0.926327	0.699323
-0.543499	-0.207856	1.139223	0.993624	-1.074196	-0.811870	-1.186966	-0.621212	0.738846	0.335760	1.259907	0.512540	0.594497	0.613733	0.131303	-1.164144	1.022022	0.109969	0.393529	-0.051132	-1.235335	-0.275604	-1.306490	-0.291230	0.698977	0.959865	-0.365379	-0.917260	-2.135323	0.112905	-0.466698	0.595343	0.877675	0.552043	0.611155	-0.837456	0.696095	0.777717	1.045945	0.248049	0.206776	-0.299058	-0.184629	0.019710	-0.118999	0.451772	1.377778	1.343723	0.153906	0.578613	0.430204	0.213363	1.263758	1.331571	0.567267	0.528147	1.088818	0.698240	0.427519	0.491866	-0.132357	0.424405	1.004450	1.188337	1.572022	0.446526	0.331373	0.981216	0.077457	-0.065302	1.388657	1.144112	-0.787141	0.250340	1.592047	-0.075757	1.103897	1.043714	0.994897	0.984208	1.765290	0.322408	1.056402	0.663952	1.387616	0.940858	1.788363	0.445997	1.429050	1.279151	1.116002	1.034385	0.829315	0.458044	-0.029796	0.210874	1.107145	0.075881	0.591327	1.071167	1.337403	1.021614	1.390056	0.463850	0.313989	0.629133	1.130199	0.431982	1.031099	0.477846
-0.598469	-0.630210	0.203998	0.013004	-0.821384	-0.966141	-0.964612	-1.154100	0.007558	-0.699183	0.035033	-0.577935	-0.639344	-0.468129	-0.647765	-1.525544	0.072392	-1.344754	-0.644410	-1.185363	-0.819906	-0.291341	-0.986433	-0.715721	0.416740	-0.141972	-0.142697	-0.663025	-1.271756	0.259214	-0.681837	-0.347821	-0.272794	-0.621306	0.037939	-0.772579	0.236100	-0.006729	0.422157	0.022549	0.246280	-0.427192	-1.295627	-1.213251	-1.048763	-0.475357	-0.533962	-0.453314	-0.539687	-0.999378	-0.444550	-0.718846	-0.006641	0.617013	0.097945	0.257044	0.472959	0.292565	0.151251	0.327476	-0.457421	-0.823367	-0.796172	-0.672923	-0.478829	-0.514764	0.401499	1.403468	-0.927076	-1.162888	-0.481602	-0.573913	0.238663	0.152931	0.711237	-0.455230	-0.671138	-0.481838	-0.669763	-0.484590	0.980659	-0.273983	-0.052169	-0.309795	0.310980	-0.227452	0.820808	0.231977	0.058991	0.324442	0.137564	-0.469273	-0.813643	-0.967140	-1.066978	0.030915	0.904977	0.426031	-0.114348	0.513259	-0.137820	-0.078447	1.008816	0.470197	0.250373	-0.009718	0.356036	-0.039942	0.296089	0.318268
-0.483176	-0.596291	-0.423549	-0.463846	-0.614540	-0.838051	-0.308939	-0.796593	0.045027	-0.969509	-0.585294	-0.984898	-0.820747	-0.529757	-0.241939	-0.601646	0.049897	-1.390238	-0.568850	-0.861998	0.585955	0.077631	0.176722	-0.331440	0.133126	-0.387874	0.032771	-0.032945	0.008048	-0.141491	-1.017798	-1.208916	-0.443795	-0.692403	-0.303469	-0.630427	-0.531365	-0.329308	0.195884	0.211702	0.510668	-0.115874	-1.408050	-1.271104	-1.012192	-0.567455	-1.239443	-1.282756	-0.118993	-1.071492	-0.873105	-1.094538	-0.520780	0.129085	-0.241792	-0.042314	-0.227612	-0.356674	0.243810	0.131470	-0.241261	-1.214640	-1.029498	-1.159269	-0.924811	-0.597604	0.313924	0.576108	-0.641027	-1.509807	-1.116320	-1.076764	0.829949	0.132287	-0.488270	-0.497868	-1.215939	-0.870678	-0.921910	-0.940692	0.063094	-0.217722	-0.591332	-0.560474	-0.307067	-0.619987	0.366939	-0.161601	-0.700431	-0.370255	-0.345198	-0.819070	-1.066195	-1.078557	-0.916333	-0.062362	0.609915	0.423866	-0.273153	0.051122	-0.987031	-0.319069	0.772987	0.175595	0.007542	-0.308056	-0.838652	-0.470522	-0.252670	-0.012273
0.438641	0.389401	0.318281	0.409874	0.212260	0.001957	0.895027	0.546668	1.272684	0.267211	0.632580	0.317553	0.599909	0.805900	1.151581	0.811308	1.115182	0.031616	0.813165	0.688891	1.883870	0.903068	1.420375	1.021239	0.784558	0.754805	0.313054	0.722859	0.430256	-0.245768	-0.617500	-0.546844	0.832767	0.689037	0.179377	0.038276	-0.165123	0.661228	1.252671	1.284581	1.501750	0.962301	0.052318	-0.222233	0.308065	0.547305	-0.216155	-0.563758	0.847284	0.290011	0.166240	0.041727	-0.130285	-0.127182	0.777924	0.608845	0.530358	0.065590	0.953214	0.645576	0.784746	-0.044421	0.263268	0.087378	0.848998	0.743536	0.436522	0.005693	1.313926	-0.589012	-0.114346	-0.156843	0.751517	-0.242620	0.077355	0.167966	0.267140	0.539745	0.642071	0.015447	0.365456	0.672236	0.387362	0.444621	0.422116	0.299255	0.518984	-0.101401	-0.064808	0.146697	0.458301	0.314406	0.165758	0.267642	0.426941	0.392956	0.930288	0.557727	0.599560	0.522197	-0.123305	0.262877	0.956669	0.547253	0.461492	0.333820	-0.522753	0.029753	-0.309123	-0.254224
1.629036	1.519872	1.734250	1.659851	1.526792	1.239668	1.990200	1.804947	2.255489	1.807934	2.468584	2.115341	2.301275	2.164231	1.905433	1.314890	1.896590	1.283770	2.046239	1.701844	1.741635	1.295403	1.510590	2.017336	1.851656	1.945910	0.359546	0.863831	-0.368902	0.415611	0.230539	1.146334	2.223538	2.018317	1.049904	0.974191	1.282426	1.952910	2.544710	2.318459	2.376873	1.998902	1.654678	0.585845	1.485026	1.741814	1.186823	0.713480	1.010124	1.231305	1.894515	1.891082	0.233406	-0.571510	2.380762	1.783037	2.117824	1.267623	1.539809	1.436709	1.651285	1.364438	1.403080	1.532095	2.523222	2.059809	0.472024	0.302670	2.948805	0.875571	1.147605	1.012245	0.169454	-1.016849	1.747581	0.950247	1.942695	2.132349	2.119563	1.234533	1.496411	1.484626	1.837738	1.622440	1.734096	1.484576	0.668682	0.224065	1.100518	1.378956	1.718000	1.668459	1.370877	1.557431	1.580599	1.063902	1.501902	0.992469	1.630657	1.507223	1.301017	0.458155	1.180051	1.496292	1.441253	1.333745	1.185339	0.819200	-0.392837	-0.079596
1.892408	1.721017	2.215884	1.831303	2.079303	1.838908	2.018732	1.895180	1.660820	1.968176	2.750828	2.385744	2.526678	1.994278	1.036874	0.654876	1.379766	1.128767	1.841557	1.163777	0.364405	0.683841	0.283381	1.606838	1.957861	1.832879	-0.053296	0.276232	-1.375636	1.346946	0.449580	2.071612	2.262859	1.781952	1.501313	1.282223	2.224684	2.067285	2.334310	2.040128	1.953504	1.976552	1.636496	0.279969	1.202527	1.689242	1.566424	1.316141	0.168679	0.675670	2.383101	2.525920	0.173667	-0.908426	2.637748	2.117201	2.526462	1.756886	1.250672	1.511120	1.435737	1.423592	1.302014	1.642631	2.003556	1.902011	0.154703	0.549477	2.345618	1.431248	1.285515	1.323758	-0.567368	-1.398229	2.142159	1.166985	1.800398	2.153050	1.672808	1.346107	1.980976	1.430527	2.077681	1.670813	2.089643	1.663125	0.429225	0.265201	1.536313	1.979419	2.031961	1.894113	1.468508	1.427755	1.324170	1.051705	1.530066	1.256041	1.700279	1.879652	1.507397	-0.176457	1.044686	1.994506	1.777584	1.570030	2.162850	0.842850	-0.705202	0.317154
0.963742	0.956647	1.319048	0.937327	1.144948	1.218741	0.952953	0.915582	0.129456	0.647471	1.242713	0.924314	1.177467	0.510661	-0.325426	-0.007031	0.330572	0.196459	0.605010	0.024510	-0.571434	-0.174252	-0.918832	0.382036	0.788699	0.810991	-0.449469	-0.257284	-1.424034	1.499454	-0.300153	1.422987	1.111441	0.360057	1.286242	0.744980	1.583243	1.029353	0.618292	0.584439	0.468924	0.939976	0.108236	-0.529390	-0.017594	0.527160	0.992019	1.051803	-0.369171	-0.390588	1.045736	1.255263	0.247296	-0.384515	1.105030	1.202390	1.199094	0.974082	0.381379	0.701119	0.484000	0.305040	0.557890	0.625208	0.106724	0.651456	-0.209508	-0.017857	0.315163	0.573290	0.456773	0.843212	-1.120812	-0.770391	0.719640	0.918688	0.310302	0.969044	-0.051805	0.411837	1.310942	0.834545	0.998819	0.754857	1.169913	0.909609	0.185437	0.094483	1.141437	1.403303	1.202670	1.022022	0.839305	0.225902	0.020171	0.124412	0.939528	0.963612	0.912848	1.265973	0.476799	-0.606531	0.569315	1.466264	0.920339	0.859606	1.098822	0.283212	-0.678900	0.465065
-0.077751	0.102601	0.153254	0.202660	-0.272217	0.032163	-0.107703	-0.118317	-0.677177	-0.669404	-0.178485	-0.489209	-0.181829	-0.660891	-0.351798	0.317716	0.173876	-0.107938	-0.268944	-0.249992	0.020931	-0.112517	-0.799077	-0.331822	-0.428894	0.213602	-0.152742	-0.099068	-0.552906	0.453592	-1.057022	0.204495	0.072627	-0.651840	0.745501	0.233864	0.105444	0.119549	-0.765978	-0.603647	-0.566081	-0.095295	-1.123428	-0.776614	-0.604060	-0.428783	0.372491	0.503251	0.267094	-0.529292	-0.539851	-0.459666	0.681912	0.778868	-0.533239	0.098346	-0.261139	-0.034753	-0.182141	-0.209558	-0.141320	-0.484116	0.175518	-0.196823	-0.825356	-0.219541	-0.144853	-0.761217	-0.686140	-0.651440	-0.248537	0.314447	-1.184053	0.339697	-0.525688	0.750202	-0.461624	0.230031	-0.938177	-0.350231	0.441607	0.492561	0.010791	0.094825	0.183210	0.328443	0.409874	0.340845	0.723093	0.363402	0.336461	0.149223	0.275008	-0.643601	-0.907753	-0.855632	0.212992	0.327396	0.269239	0.323125	-0.276357	0.046386	0.001098	0.360348	-0.297592	0.071664	-0.837339	0.174667	0.036174	0.219189
-0.167196	-0.178053	-0.299488	0.145591	-0.627829	-0.569050	-0.236699	-0.500061	-0.340210	-0.778281	-0.165304	-0.497318	-0.341584	-0.613450	1.005609	1.209637	0.949163	0.444583	-0.205523	0.371378	1.253883	0.789660	0.324760	-0.201789	-0.567774	0.329420	0.747155	0.480358	0.238604	-0.858263	-0.736496	-0.366376	-0.217833	-0.617005	0.212778	0.381858	-0.749526	-0.021721	-0.606160	-0.694823	-0.373415	-0.419181	-0.783667	-0.362993	-0.044260	-0.487153	-0.022503	-0.010649	1.158482	0.264695	-0.729328	-0.863297	0.728032	1.251841	-0.714256	-0.253997	-0.467396	-0.271934	-0.232444	-0.652406	-0.111259	-0.209505	0.084976	-0.272386	-0.084741	-0.091033	0.351175	-0.661929	0.094335	-0.967214	-0.404949	0.029724	-0.560652	0.945652	-0.141472	0.806329	0.161085	0.346900	-0.400018	-0.325321	0.220469	0.453740	-0.047913	0.177218	0.050128	0.409662	0.786526	1.161014	0.580497	-0.361465	0.218205	-0.049018	-0.194912	-0.577837	-0.724073	-1.038268	-0.589728	-0.302589	0.118730	-0.425832	-0.013300	1.013586	-0.485927	-0.707603	-0.815263	-0.231715	-1.668015	0.683517	0.780014	-0.249762
0.515462	0.044899	-0.318794	0.021745	0.162452	-0.250773	0.232931	-0.407990	0.050595	0.019052	0.501398	0.306153	0.247122	-0.076812	1.963084	1.586951	1.309853	0.805161	0.085900	0.696622	1.415306	1.272172	1.043252	0.011702	0.049959	0.230613	1.441931	0.905476	0.391896	-0.975181	0.533110	-0.389111	-0.287342	-0.361251	-0.189551	0.612971	-0.614488	-0.055245	0.141371	-0.467355	0.091926	-0.335937	0.528036	0.033414	0.643678	-0.296677	-0.607536	-0.600964	0.968194	0.990130	0.118731	-0.008390	-0.095913	0.409824	0.100515	-0.248288	-0.047114	-0.097801	-0.391427	-0.870578	-0.071197	0.320198	-0.414951	-0.289581	0.905918	0.395081	0.872245	0.160564	0.938675	-0.331792	-0.497267	-0.288240	0.580048	0.962852	0.839079	0.853317	0.779900	0.176482	0.042540	-0.153321	0.261794	0.129186	0.124471	0.305441	0.170369	0.462165	0.618653	1.871103	0.195536	-0.832366	0.334998	0.019558	-0.903693	-0.304822	-0.064091	-0.629030	-1.759264	-0.907440	-0.168499	-1.211065	0.380454	0.933662	-0.807992	-1.650094	-0.640546	-0.446138	-1.051996	0.885245	0.712249	-0.846477
0.979798	0.388036	-0.556242	-0.655267	0.697291	0.230687	0.257245	-0.361760	-0.299915	0.603559	0.336798	0.551799	0.378760	-0.086742	1.275744	1.178580	0.466029	0.257608	-0.168029	0.108021	0.116395	0.641306	0.648726	-0.208197	0.414158	-0.593112	1.462593	1.188770	0.435999	0.432748	1.604659	-0.654147	-0.607485	-0.548756	-0.268933	0.128326	-0.269953	-0.635289	-0.151649	-0.983406	-0.410875	-0.495658	1.339438	0.162283	0.501435	-0.621155	-1.307723	-1.102644	-0.073768	1.153616	0.390968	0.600401	-0.858577	-0.556254	0.357321	-0.709674	-0.326938	-0.333613	-1.015349	-1.193480	-0.468917	0.193851	-1.260641	-0.812106	0.862774	0.560381	1.166334	0.746443	0.329912	0.267703	-0.798174	-0.682707	1.621630	1.180796	0.889632	0.951627	0.260255	-0.788797	-0.702127	-0.467695	-0.181031	-0.540304	-0.316681	-0.024840	-0.470753	-0.177734	-0.046687	1.810985	-0.618045	-1.347989	-0.156846	-0.283301	-1.549631	-0.564936	0.147609	-0.420955	-2.846751	-1.409100	-0.890149	-2.103394	0.068542	-0.035737	-0.894608	-2.393293	-0.533253	-0.954001	-0.211230	0.368915	0.116763	-1.457033
0.654362	0.534761	-0.858217	-1.136086	-0.025511	-0.011141	-0.567554	-0.553829	-0.914186	0.374232	-0.833618	-0.112426	-0.349665	-0.618891	-0.376985	0.610385	-0.822239	-0.681547	-0.818272	-0.720372	-1.340279	-0.355178	-0.267980	-0.538373	0.281566	-1.477904	1.175876	1.670887	1.108583	2.069538	1.633748	-1.163004	-0.814340	-0.674026	0.161211	-0.771489	-0.283724	-1.375075	-1.504439	-1.992478	-1.630956	-0.972645	0.988177	0.385811	-0.159176	-1.197575	-1.310326	-0.952474	-0.601944	0.911422	-0.520224	0.007556	-0.251781	-0.181899	-0.481037	-1.494138	-1.234084	-0.871280	-1.636256	-1.382934	-0.866649	-0.304602	-1.564591	-1.334789	0.053158	0.414329	1.287222	0.682321	-1.096900	0.145068	-0.885814	-0.737612	1.883928	1.913396	0.322195	1.392855	-0.678172	-1.412723	-1.643092	-0.858545	-0.952236	-0.846259	-0.990079	-0.291615	-1.637599	-1.091970	-0.438021	1.085344	-1.137501	-1.615017	-1.117503	-0.846319	-1.382779	-1.012208	-0.149481	-0.660037	-2.616690	-1.248073	-1.310958	-2.268566	-0.398831	-0.327245	-0.730727	-2.316388	-0.781538	-1.300295	0.020054	-0.038135	0.099383	-1.570862
-0.215624	0.217990	-0.663163	-0.601508	-1.408981	-1.007097	-1.590119	-0.822486	-1.084116	-0.358687	-1.969102	-0.990317	-1.330985	-1.019706	-1.592688	0.285939	-1.450879	-1.110469	-1.237523	-0.949367	-1.656868	-0.681443	-0.914352	-0.597232	0.155385	-1.674581	1.037739	2.116132	2.213297	2.396681	0.842881	-1.172029	-0.496483	-0.152386	0.742476	-1.158290	-0.376119	-1.526194	-2.403513	-2.339414	-2.193671	-1.311035	-0.056580	0.709054	-0.448987	-1.298282	-0.275439	-0.042354	-0.191178	0.228623	-1.600691	-1.267230	1.465626	1.147559	-1.539316	-1.760124	-1.597565	-0.990884	-1.714949	-1.104657	-0.709987	-0.365060	-0.927889	-1.126702	-0.675840	0.100605	1.225509	0.384356	-1.841545	-0.414110	-0.479335	-0.324881	1.160900	2.358959	0.254303	1.880854	-0.841100	-0.739780	-1.351498	-0.650600	-1.279457	-0.431372	-0.982056	0.056839	-2.090533	-1.392649	-0.303838	0.183749	-0.768990	-1.175865	-1.662718	-1.053252	-0.331046	-0.852825	-0.390941	-0.895255	-0.663089	-0.015272	-0.796296	-0.962895	-0.123722	0.716313	-0.400256	-0.951626	-0.853852	-0.921769	0.028776	0.377886	0.969693	-0.618852
-1.087304	-0.609075	-0.078957	0.462735	-2.106545	-1.922203	-1.925561	-0.951372	-0.959742	-0.929005	-2.272886	-1.475757	-1.867709	-1.121226	-1.865487	-0.016553	-1.337744	-0.843813	-1.212986	-0.645527	-0.951468	-0.316058	-1.214758	-0.526341	0.227178	-1.305648	0.882083	1.793584	2.721621	1.261900	0.028477	-0.480723	-0.044914	0.467151	0.648785	-0.871237	-0.131734	-1.006842	-1.841566	-1.571100	-1.419147	-1.201608	-1.028550	0.503640	-0.149166	-0.893655	0.911499	0.845966	0.119745	-0.971996	-1.728212	-2.150202	2.487835	1.652069	-1.867178	-1.254523	-1.020255	-0.594288	-1.358334	-0.565059	-0.192934	0.045001	-0.048501	-0.403306	-1.084605	-0.509882	0.800995	0.186648	-1.553757	-0.712627	-0.032645	0.004978	-0.112960	1.612807	0.432157	1.554856	-0.399421	0.370110	-0.197253	-0.094437	-0.927460	0.076793	-0.299390	0.540192	-1.265252	-0.927432	-0.379272	-0.629566	-0.046702	-0.338416	-1.380142	-0.736601	0.680647	-0.100292	-0.328239	-0.815119	1.533144	1.597731	0.033716	1.052053	0.595796	1.755429	-0.002914	0.951274	-0.226735	-0.173649	0.378272	1.059817	1.696342	1.090386
-1.557893	-1.434762	0.201353	0.872414	-1.556995	-1.926458	-1.348398	-0.833207	-1.062935	-0.966110	-1.800543	-1.534232	-1.766816	-1.232196	-1.504736	-0.347758	-1.042147	-0.330087	-1.002706	-0.384708	-0.226848	0.094729	-1.400668	-0.504931	0.182475	-0.818476	0.392167	0.620772	1.958863	-0.118859	-0.341728	0.193995	-0.115811	0.217402	-0.349620	-0.552662	0.313915	-0.250758	-0.427272	-0.405635	-0.045335	-0.771093	-1.472998	-0.470140	0.258077	-0.618958	1.119394	0.894765	-0.471792	-1.971725	-1.005249	-2.199281	1.634149	0.611233	-1.407694	-0.577024	-0.333318	-0.282173	-0.916449	-0.197293	0.114670	0.278102	0.237691	-0.015336	-1.250890	-1.286715	0.056490	-0.074037	-0.904934	-0.458639	-0.059914	-0.240883	-1.158679	-0.050504	-0.209996	0.242766	-0.334959	0.465397	0.216637	-0.018381	-0.388809	-0.027780	0.168556	0.292109	0.034902	-0.324980	-1.196651	-1.154301	0.051460	0.027858	-0.695612	-0.413072	0.734622	0.410112	-0.243411	-0.713921	1.960863	2.179852	0.062063	1.980677	0.691268	1.277221	0.432854	1.824199	0.850807	0.079884	0.849606	1.064328	1.299141	2.279215
-1.404051	-1.510100	-0.081447	0.339704	-0.393447	-1.079224	-0.368304	-0.574022	-1.335491	-0.685034	-0.964167	-1.355504	-1.206756	-1.372749	-0.730357	-0.176448	-0.653675	0.063480	-0.796270	-0.354393	0.054324	0.320964	-1.352854	-0.352577	-0.021381	-0.230798	-0.073965	-0.386863	0.401573	-0.628842	-0.424245	0.222452	-0.624814	-0.787796	-1.251654	-0.443451	0.561802	0.462400	0.597531	0.292591	0.834438	-0.335886	-1.296645	-1.456738	0.414867	-0.802672	0.305536	0.214605	-1.276859	-1.718295	-0.380831	-1.754063	-0.202297	-0.683908	-0.719854	-0.299893	-0.276334	-0.385150	-0.367285	-0.039921	0.102770	0.062932	-0.054189	-0.262001	-0.986379	-1.563544	-0.554387	-0.469471	-0.330935	0.036578	-0.368592	-0.769250	-1.322136	-1.300521	-1.408199	-0.934668	-0.720172	-0.389604	-0.611004	-0.574091	-0.064625	-0.508794	-0.082402	-0.631346	0.703789	-0.064632	-2.035887	-0.967148	-0.535383	-0.376730	-0.143880	-0.547810	-0.132193	0.116493	-0.407577	-1.002538	0.361249	1.194544	-0.712410	1.013864	-0.103009	-0.293564	0.883259	0.960353	1.554440	-0.320550	0.840124	0.445666	0.187762	2.001537
-0.658327	-0.766162	-0.433571	-0.294505	0.360411	-0.328975	0.304567	-0.540185	-1.307581	-0.673698	-0.138225	-1.103328	-0.506556	-1.232606	0.358941	0.769704	0.151612	0.237090	-0.513221	-0.342443	0.320313	0.617510	-0.858317	-0.028209	0.063516	0.492655	0.247823	-0.261062	-0.816377	-0.331716	-0.618291	-0.213255	-0.870466	-1.436715	-0.834343	-0.073950	0.552793	0.997637	0.791758	0.383459	0.931862	-0.135893	-0.765764	-1.651416	0.344063	-1.129337	-0.643219	-0.462308	-1.145150	-0.379470	-0.453889	-1.351392	-1.223074	-0.722947	-0.332244	-0.423287	-0.644267	-0.636612	0.371790	0.108769	0.060454	-0.264511	-0.414990	-0.658717	-0.260744	-0.948886	-0.561469	-0.574784	0.112015	0.187245	-0.482853	-0.950570	-0.477081	-1.112024	-1.687412	-0.825091	-0.712448	-0.871714	-1.509033	-1.085086	0.174116	-0.569993	-0.611095	-1.278194	0.535103	-0.024410	-1.726892	0.095019	-0.930127	-0.900717	0.168501	-0.941410	-1.175997	-0.691566	-0.789594	-1.602512	-1.477969	-0.267639	-1.121276	-0.704954	-0.966474	-1.167906	1.207855	-0.658604	1.277777	-0.671732	0.188600	0.009460	-0.398383	0.794396
0.267602	-0.012232	-0.321608	-0.265229	0.224331	-0.487595	0.324897	-0.988658	-0.858650	-1.173113	0.388754	-0.863338	-0.009902	-0.801785	1.299986	1.778255	1.217068	0.145003	-0.029739	-0.257223	0.980269	0.998818	-0.133111	0.066074	0.656906	0.907532	1.411584	0.667393	-1.068607	-0.049442	-1.092228	-0.575077	-0.491383	-1.115030	0.801506	0.693395	0.568550	1.095505	0.696891	0.266605	0.711156	-0.197557	-0.393709	-1.277892	0.038345	-1.247733	-1.103592	-0.757219	-0.152759	0.522547	-0.941049	-1.205079	-0.848092	0.327800	-0.391475	-0.627477	-0.855633	-0.740077	0.891182	0.190099	0.052883	-0.458756	-0.705877	-0.782904	0.355134	0.016506	0.083298	0.032293	0.199096	-0.380464	-0.460451	-0.708512	0.797202	0.210974	-0.552123	0.271055	-0.065687	-0.383564	-1.425899	-1.092695	0.604230	0.077872	-0.723089	-0.987360	0.149771	0.113608	-0.209823	1.385515	-0.542053	-0.794561	0.350813	-0.997731	-1.777490	-1.392112	-1.278231	-2.046084	-1.741670	-0.688970	-0.402515	-1.365931	-1.147946	-0.511386	1.213521	-1.446971	0.200456	-0.410277	-0.686325	0.125077	0.042106	0.063838
0.857841	0.090253	0.250798	0.312965	-0.411304	-1.200525	-0.001874	-1.481218	-0.229069	-1.552183	0.643143	-0.466767	0.171754	-0.439342	1.525687	1.865096	1.853104	-0.100457	0.648708	-0.134095	1.713603	1.111652	0.436199	-0.198063	1.336154	0.671295	2.384438	1.168723	-0.781038	-0.195871	-1.636799	-0.628386	0.204518	-0.365731	2.226374	1.168993	0.758599	0.697390	0.969713	0.343016	0.664236	-0.236663	-0.423879	-1.112812	-0.579008	-1.152917	-1.139020	-0.794996	0.511014	-0.002456	-1.091689	-1.059791	-0.070729	1.077192	-0.528541	-0.551954	-0.642007	-0.636921	0.718575	0.040124	-0.061270	-0.619582	-1.079008	-0.704327	0.382699	0.549560	0.970866	1.109674	-0.174442	-1.375889	-0.645848	-0.453748	1.506699	1.363263	0.862407	1.019727	0.452199	0.344142	-0.724863	-0.842629	1.242672	0.986931	-0.232792	-0.022935	0.125114	0.456067	1.365423	1.933529	0.293494	-0.018200	0.477109	-0.406749	-1.727596	-1.631129	-1.758722	-1.972302	-0.388673	0.209633	0.851676	-0.389364	-0.684782	0.670980	0.882873	-0.812516	-0.772690	0.288633	-1.127033	0.485175	0.770924	0.409292
0.997455	-0.141176	0.893315	0.784851	-0.654804	-1.235430	0.067890	-1.085347	0.446266	-0.965069	1.026204	0.368121	0.302981	-0.298006	1.062367	0.946699	1.695620	-0.100897	1.328825	0.141360	1.808009	0.781910	0.837274	-0.210379	1.546574	0.269705	2.022706	0.605121	-0.800965	-0.343159	-1.836146	-0.445050	0.755798	0.027967	2.263555	0.814189	0.919784	0.254077	1.633416	0.755196	0.899560	0.137787	-0.487655	-1.261748	-1.194913	-0.834649	-0.888546	-0.603074	0.122507	-1.172390	-0.455193	-0.482990	0.042667	0.687620	-0.125395	0.077561	-0.022327	-0.267861	0.142340	-0.156380	-0.128566	-0.713898	-1.307541	-0.509109	0.157015	0.585640	1.441024	1.830635	-0.462614	-1.837215	-0.817920	-0.313554	1.040050	1.246629	1.483027	0.740964	0.332561	0.555468	-0.290496	-0.614350	1.825867	1.537111	0.483684	0.847101	0.472388	0.888948	1.980629	1.400283	0.900578	0.898571	0.666452	0.537924	-1.035392	-1.282734	-1.876294	-1.299130	1.147289	1.347534	1.517176	1.156506	-0.011918	0.928941	0.437706	0.502432	-0.699686	0.925600	-0.585745	0.716185	0.746637	1.037224
0.969144	-0.039075	1.156737	0.587388	0.060598	0.017963	0.941918	0.430882	1.029034	0.324628	1.653915	1.354020	0.619108	-0.181005	0.474220	-0.233046	1.030472	0.329770	1.584032	0.587007	0.934588	0.200895	1.230462	0.434631	1.174642	0.383633	0.273901	-0.463754	-1.318659	0.058791	-1.374895	-0.176205	0.912175	-0.044694	1.115890	0.102395	0.776045	0.145434	2.065400	1.246407	1.152085	0.848712	-0.125349	-1.111986	-1.168803	-0.079615	-0.279387	-0.043071	-0.820322	-1.657631	0.634556	0.542229	-0.458314	-0.444443	0.892228	1.072407	0.788407	0.321922	-0.079260	-0.103761	0.165589	-0.454009	-0.903878	-0.030797	0.167493	0.476228	0.954877	1.515518	-0.063834	-0.960768	-0.352879	-0.011404	-0.152144	-0.103454	1.464697	0.023604	0.115154	0.352189	-0.170082	-0.228695	1.909396	1.314166	0.821306	0.950284	0.755080	1.109219	1.585944	0.196346	0.932997	1.391408	0.990319	1.158498	0.029751	-0.308290	-1.158109	-0.079607	1.559168	1.581751	1.176266	1.779116	0.502720	-0.057849	0.087880	1.341424	0.449694	1.162318	0.898004	0.581623	-0.316268	0.897796
0.924667	0.322700	0.723163	-0.372637	1.337750	1.646324	2.024148	1.925660	1.074633	0.932632	1.860246	1.533925	0.861458	0.012268	0.183086	-1.123602	0.238047	0.641190	1.010043	0.756536	-0.489694	-0.405811	1.404290	0.987519	0.446825	0.758741	-1.718151	-1.116665	-1.619197	0.814793	-0.300260	-0.007134	0.555008	-0.246722	-0.171081	-0.126272	0.332427	0.051930	1.593441	1.204267	0.967126	1.162232	0.485436	-0.392536	-0.360243	1.050782	0.475526	0.613571	-1.382084	-1.331697	1.315475	1.403221	-0.749806	-1.432438	1.679243	1.635975	1.297107	0.700899	0.177194	0.026841	0.633001	0.135361	0.050901	0.664412	0.105051	0.157896	-0.312480	0.292458	0.773639	0.841492	0.679170	0.484818	-0.889187	-1.583720	1.406228	-0.286707	0.459440	0.121829	0.221309	0.462345	1.130681	0.233883	0.373374	0.085489	0.527921	0.730855	0.696363	-1.085245	0.401213	1.145054	1.153581	0.919091	0.820043	0.974997	0.328751	1.466293	0.737403	0.699783	0.272422	0.994838	0.612829	-1.391497	-0.213531	1.129178	1.493590	0.827684	2.318574	-0.096460	-1.722071	-0.071239
0.689150	0.311697	-0.294907	-1.503447	2.108702	2.191089	2.141760	1.986858	0.349455	0.120723	0.987576	0.472898	0.591736	0.165219	0.196433	-1.758460	-0.532293	0.077330	-0.220670	0.170023	-1.578714	-0.926757	0.982914	0.412774	-0.452704	0.507633	-2.660806	-1.080062	-1.041889	1.105577	0.932010	0.013907	-0.251689	-0.401249	-0.895968	0.185460	-0.143542	-0.492367	0.185362	0.253776	0.067554	0.459689	0.729752	0.393749	0.452898	1.899625	0.709259	0.678959	-1.102836	-1.001330	1.081428	1.516727	-0.293951	-1.651409	1.395760	1.185907	1.118121	0.518717	0.246125	-0.199756	0.599893	0.466839	0.772482	0.996895	-0.591086	-0.583932	-1.295652	-0.920634	1.328263	2.008230	1.273453	0.739236	-0.533453	-1.969779	1.373992	-0.078976	1.025622	-0.085475	0.953604	1.070343	-0.255236	-1.185961	-0.597509	-1.178867	-0.201472	-0.230405	-0.142091	-1.885198	-0.433902	0.260384	0.680704	-0.062558	0.756142	1.746780	1.674204	2.765583	-0.406640	-0.734571	-0.544269	-0.357215	0.349373	-1.897831	-0.644825	0.179648	1.076843	-0.035612	2.282346	-1.053244	-2.326463	-1.074172
0.187148	-0.154804	-1.175016	-1.795021	1.708503	1.358333	0.873203	0.621857	-0.470026	-1.016608	-0.459162	-0.788346	-0.074155	0.296573	0.327646	-2.264446	-1.072439	-1.226503	-1.279843	-0.905502	-1.703142	-1.262384	0.106106	-1.000193	-1.450640	-0.506491	-2.246092	-0.854140	0.009960	0.467157	1.687936	0.200406	-1.074683	-0.539080	-1.103587	0.328280	-0.416285	-1.135539	-1.409470	-1.077466	-1.265250	-0.865296	0.377936	0.676138	0.342959	1.786691	0.065129	-0.075979	-0.095226	-0.923367	0.343671	1.108003	0.593644	-0.929794	0.392879	0.275149	0.581357	0.220618	-0.268557	-0.723686	-0.261187	0.005644	0.686316	0.492114	-1.519701	-1.273101	-1.024512	-1.233462	1.415133	1.342034	0.683347	0.460306	0.196397	-1.005784	1.075725	0.175120	0.862147	-0.304318	1.338477	1.071043	-1.258984	-1.886997	-1.168149	-1.730097	-0.860563	-1.031152	-0.418414	-1.682861	-1.032901	-0.645569	-0.355994	-0.994179	0.010169	1.296527	1.838212	3.096585	-0.867342	-1.985709	-0.864590	-1.054754	0.169987	-1.066554	-1.163894	-0.661910	-0.794503	-0.925395	0.448161	-1.424267	-1.467303	-1.472539
-0.288446	-0.405905	-1.108687	-0.795367	0.569603	0.300725	-0.793151	-0.697220	-0.361547	-0.832730	-1.163852	-0.743096	-0.468575	0.597395	0.313005	-2.520151	-1.082574	-2.177934	-1.458467	-1.582826	-1.086460	-1.401085	-0.619968	-1.796268	-2.401000	-1.347454	-1.297256	-1.100339	0.399282	-0.601479	1.529384	0.898449	-1.353477	-0.607262	-1.115411	-0.091907	-0.423788	-0.998980	-2.281828	-1.659658	-2.281019	-1.667123	-0.200717	0.458186	-0.694311	0.836931	-0.837903	-0.901425	1.129094	-0.611098	-0.074591	0.963776	1.056272	0.308389	-0.127863	0.058867	0.446003	0.584187	-0.890284	-0.947613	-1.475208	-1.043497	0.136601	-0.495630	-1.608734	-1.059252	0.073045	-0.727606	1.347463	-0.568241	-0.553642	-0.008375	0.022211	0.310998	0.374078	0.087728	-0.285028	-0.344027	0.879888	0.523560	-1.061025	-1.189398	-0.636607	-0.972461	-0.809634	-0.833594	0.098672	-0.529171	-0.878637	-0.803083	-1.150877	-1.093247	-0.563392	-0.069247	0.726844	2.273187	-0.391696	-2.473957	-0.553549	-0.659855	0.462250	0.475563	-1.435490	-0.709300	-2.573552	-1.083663	-1.818192	-0.700514	0.270827	-1.304443
-0.459971	-0.039042	-0.108839	0.687770	-0.264728	0.185380	-1.438213	-0.738509	0.681737	0.736440	-0.612898	0.677822	-0.204203	1.024748	-0.093747	-2.328097	-0.679871	-1.934718	-0.901257	-1.353051	-0.521538	-1.497553	-0.867402	-1.195130	-2.997219	-1.246391	-0.841445	-1.905613	-0.333724	-1.190330	0.523754	1.830863	-0.956807	-0.429391	-1.018355	-0.512030	-0.192842	0.046187	-2.133699	-0.941559	-2.380117	-1.276066	-0.576488	0.143759	-1.687824	-0.051829	-0.948492	-0.792416	1.733442	0.018744	0.106313	1.401453	0.556271	1.058253	0.322828	0.767894	0.860372	1.456642	-0.973185	-0.548074	-2.240837	-1.853854	-0.054433	-1.024496	-0.651826	0.050038	0.453278	-0.380822	1.132820	-1.791587	-1.166261	-0.061910	-1.292216	0.664413	-0.625874	-0.356979	-1.531767	-0.089186	0.036555	0.053818	-0.035203	0.332224	0.575348	0.366920	-0.034272	0.241770	0.892010	0.535551	-0.056268	-0.029731	-1.026042	-0.365055	-0.325967	-1.029037	-0.595509	1.033241	0.395993	-1.960335	0.229483	0.233046	0.856150	1.340233	-1.214092	0.001090	-2.785052	-0.268061	-2.688360	0.354256	1.369672	-0.936048
-0.478115	0.433203	0.823461	1.266277	-0.250087	0.873861	-0.752826	0.179851	1.474400	2.053376	0.228063	1.894302	0.292897	1.179350	-0.767213	-1.641447	-0.507393	-0.837528	-0.359493	-0.631548	-0.391074	-1.592175	-0.808474	-0.026606	-2.919975	-0.606169	-1.089554	-2.525173	-1.250020	-1.033986	-0.696623	2.152234	-0.340596	0.029782	-0.695790	-0.105678	0.133944	0.985763	-1.405465	0.366736	-1.644496	-0.211363	-0.641127	0.066511	-1.722248	-0.180150	-0.058193	0.306541	1.067609	0.297502	0.400620	1.811832	-0.499129	0.538897	0.883673	1.322025	1.076454	1.685587	-0.562102	0.059251	-2.135443	-1.766773	0.385837	-0.605705	0.267992	0.959835	-0.608924	-0.816259	0.415884	-1.125186	-0.610020	0.393011	-2.502326	-0.200759	-1.581543	-0.917650	-1.848190	0.150356	-0.278354	0.091555	0.547341	1.301902	1.228233	0.917519	0.734186	1.065442	0.997423	0.370932	0.679637	0.958392	-0.287172	0.393370	0.429785	-0.555393	-0.921053	0.416527	0.658699	-0.790375	0.949504	0.743560	0.533102	0.674904	-0.728715	0.723178	-1.578937	0.816824	-1.754970	0.482318	0.886062	-0.579508
-0.683461	0.246491	0.634592	0.393642	0.142166	1.190133	0.190022	0.733715	1.054635	1.724952	0.097029	1.496004	0.217682	0.703474	-1.156878	-0.694379	-0.980462	0.037634	-0.362114	-0.215924	-0.289236	-1.405935	-0.565276	0.399445	-2.163609	-0.455805	-1.366957	-2.053491	-1.020739	-0.759457	-1.281787	1.335255	-0.148768	0.425731	-0.277830	0.948359	0.161558	0.758486	-0.764415	0.974931	-0.745866	0.403386	-0.506250	0.267883	-0.887874	0.144587	0.748616	1.242808	-0.458516	-0.157613	0.181047	1.326876	-1.131228	-0.774084	0.482558	0.692372	0.405932	0.605209	-0.251600	0.202646	-1.383782	-0.971501	0.785338	0.149056	0.133538	0.700624	-1.921862	-1.425429	-0.796436	0.490014	0.302354	0.704985	-2.218446	-1.129744	-1.982122	-1.316164	-1.255639	-0.131288	0.118039	0.314315	-0.077148	0.922418	0.544937	0.138671	0.637848	0.664553	0.118646	-0.831435	0.581123	1.122506	0.069007	0.361701	0.742381	0.775986	-0.169704	0.637571	0.125029	0.180958	0.896215	0.485698	-0.642815	-0.786747	-0.521435	0.635718	-0.390173	1.087080	-0.336643	-0.432683	-0.416299	-0.267792
-1.086359	-0.646701	-0.720873	-1.162750	0.020129	0.302232	0.202428	0.122232	-0.186439	0.066675	-1.111134	-0.233613	-0.767885	-0.343716	-0.975727	-0.057877	-1.676042	0.004875	-0.834293	-0.441897	0.164214	-0.762485	-0.001727	-0.206284	-1.245897	-1.187147	-0.990682	-0.578554	0.470806	-0.994645	-0.826908	-0.230864	-0.725590	0.189258	-0.318344	1.289764	-0.501915	-0.578233	-0.601763	0.309525	-0.365422	-0.037276	-0.365021	0.486095	-0.132519	-0.012608	0.215287	0.772460	-1.448240	-0.789678	-0.714738	-0.217786	-0.929527	-1.434743	-0.821475	-0.827374	-0.907250	-1.006715	-0.442487	-0.328428	-0.678133	-0.386382	0.260599	0.117668	-0.827933	-0.538593	-1.823301	-1.199626	-1.892772	1.003349	0.314611	0.118755	-0.456600	-0.818436	-1.675705	-1.457938	-0.768588	-1.067110	0.363095	0.018089	-1.380940	-0.369467	-1.022749	-1.225939	-0.532386	-0.762820	-0.947645	-1.672085	-0.429625	0.042552	-0.559897	-0.591250	-0.035305	1.251037	0.498701	0.842877	-0.781890	0.250599	-0.215726	-0.342178	-1.773818	-1.419310	-0.817950	-0.405076	-0.250108	0.115233	0.108444	-1.245767	-0.909300	-0.080184
-1.339242	-1.538110	-2.184643	-2.196059	-0.862843	-1.316649	-0.743663	-1.157631	-1.080402	-1.428553	-2.336723	-1.778856	-2.120399	-1.468843	-0.688872	-0.256833	-1.824937	-0.700029	-1.341019	-0.960405	0.546819	-0.089081	0.719867	-1.034833	-0.842462	-2.116562	-0.068758	0.633854	1.903361	-1.464525	0.210251	-1.594086	-1.816759	-0.821720	-1.168139	-0.063529	-1.581181	-1.925216	-0.877091	-0.943994	-0.638449	-1.102211	-0.427694	0.339987	-0.191512	-0.980135	-1.517198	-1.011460	-1.019735	-0.875978	-1.857363	-1.988109	-0.558324	-0.702147	-1.943068	-2.009041	-1.973585	-1.854260	-0.959626	-1.097326	-0.645465	-0.688041	-1.155007	-1.013271	-1.608284	-1.698391	-0.371457	-0.196524	-2.249074	-0.271224	-0.823717	-1.287808	1.372199	0.597740	-1.236511	-1.477340	-1.114727	-2.129609	-0.321718	-0.946163	-2.236826	-1.548642	-2.291181	-2.081186	-2.050460	-2.071251	-1.318984	-1.312334	-1.727081	-1.622150	-1.747902	-1.827697	-1.481806	0.055742	0.033948	0.231095	-1.435731	-0.448898	-1.743785	-1.281325	-1.961254	-0.643818	-1.156155	-1.649875	-0.820462	-1.396869	-0.488879	-1.137855	-0.083702	-0.132395
-1.148390	-1.673599	-2.485616	-2.054830	-1.706685	-2.274727	-1.597439	-1.895402	-1.022750	-1.600383	-2.499490	-1.952560	-2.728963	-1.941556	-0.820896	-1.010370	-1.254182	-1.264137	-1.399772	-1.144186	0.176753	-0.029131	0.919521	-1.189117	-0.972332	-2.220946	0.664606	0.558317	1.978321	-1.290534	0.899658	-1.951259	-2.528218	-1.778854	-2.143528	-2.070149	-1.991422	-2.148691	-1.168978	-1.520976	-1.028730	-1.736479	-0.665889	-0.228048	-0.754948	-1.871215	-2.772797	-2.509787	0.060221	-0.447384	-2.415239	-2.704996	-0.759512	0.481984	-1.970622	-2.014912	-2.114077	-1.539454	-1.225280	-1.348857	-1.169297	-1.415145	-2.268867	-2.171478	-1.570448	-1.829576	0.719887	0.517298	-1.765504	-1.706220	-1.955559	-2.378777	1.938591	1.551644	-1.205876	-1.450356	-1.758389	-2.427505	-1.400771	-1.766951	-2.033359	-1.899087	-2.358602	-1.926453	-2.690136	-2.214185	-1.048390	-0.439768	-2.388501	-2.515845	-2.401628	-2.372448	-2.347628	-1.562323	-1.144429	-0.799696	-1.454920	-1.046340	-2.408025	-1.794682	-1.298103	0.343804	-0.841066	-2.028215	-1.057824	-2.139175	-1.031216	-0.561376	0.875078	-0.321511
-0.495346	-0.816949	-1.202315	-0.866204	-1.447395	-1.615010	-1.389446	-1.345642	-0.375083	-0.493794	-1.406104	-0.798163	-1.796274	-1.197722	-1.031141	-1.180564	-0.486135	-1.000380	-0.697107	-0.621075	-0.752597	-0.502168	0.207698	-0.447941	-0.787441	-1.170235	0.717000	-0.226112	0.828547	-0.187003	0.754651	-1.056312	-1.856537	-1.410485	-1.862792	-2.349192	-0.863338	-0.957950	-0.921426	-0.764316	-0.769340	-1.165553	-0.631327	-0.688512	-0.811016	-1.489826	-2.034099	-2.130104	0.362797	-0.003473	-1.687733	-1.680199	-1.115252	0.645251	-0.989831	-1.051754	-1.274914	-0.648890	-0.683296	-0.566671	-1.299663	-1.354970	-1.831139	-1.905057	-0.804808	-0.752809	0.311800	0.369155	-0.826868	-1.299862	-1.665972	-1.929635	1.228828	0.834185	-1.107137	-1.147856	-1.483253	-1.442023	-1.429669	-1.420528	-0.983416	-1.298388	-1.170156	-0.907296	-1.691752	-1.062708	-0.724321	-0.085362	-1.718364	-1.618739	-1.676019	-1.559011	-1.681331	-1.668496	-1.500373	-1.038816	-0.778767	-0.780740	-1.404256	-1.406027	-0.538374	0.160726	0.196133	-1.079303	-0.433146	-1.302000	-0.709096	-0.332378	0.695973	-0.292267
0.430240	0.632819	0.818623	0.678065	0.012696	0.164373	-0.183393	0.100503	0.218959	0.864696	0.212431	0.667617	0.272148	0.539061	-0.558640	0.004183	0.003396	0.066561	0.587543	0.409317	-1.175019	-0.614369	-0.769972	0.708770	0.411684	0.321766	0.341210	-0.245498	-0.212193	0.994226	0.164351	0.596102	0.234353	0.537775	0.113000	0.008787	1.214609	0.896097	0.034855	0.758117	0.386426	0.397128	0.093704	-0.420097	0.175132	0.201035	0.325433	-0.025028	-0.308547	0.317452	0.066988	0.369493	-0.546038	-0.390535	0.152212	0.029837	0.037404	0.126578	0.695888	0.982584	-0.252043	-0.034987	0.076376	-0.026915	0.240995	0.851563	-0.829865	-0.056425	-0.057127	0.771064	0.152983	-0.000720	0.269622	-0.921924	-0.082221	-0.352487	0.055745	0.347030	0.136156	0.116155	0.231877	-0.164547	0.523786	0.479945	0.400827	0.524566	-0.472517	-0.166159	0.156940	0.714717	0.243554	0.356782	0.166736	0.020096	-0.206279	-0.013647	0.351873	0.272588	0.633919	-0.139723	-0.159652	-0.962993	1.217489	0.593447	0.664270	0.605110	0.141651	-0.492364	-0.376609	0.163253
1.250515	1.830424	2.066606	1.619578	1.517015	1.523052	1.031396	1.287282	0.472047	1.379382	1.286380	1.313736	1.922125	2.054944	0.493168	1.836239	0.243119	1.125498	1.660119	1.268075	-0.411821	0.255395	-0.905992	1.519791	2.077746	1.133878	0.136682	0.858582	-0.072868	1.177541	-0.148292	1.821220	2.319758	2.603093	2.308644	2.896877	2.434299	2.137229	1.139255	1.765629	1.793083	1.847090	1.182469	0.443061	1.589155	1.832122	2.285535	1.910780	-0.769171	0.772558	1.467009	1.681913	0.895218	-1.385000	0.672751	0.481405	0.973346	0.443481	2.141875	2.224441	1.438826	1.486816	1.927492	1.973283	1.056456	1.877631	-1.233958	-0.066406	-0.065272	2.260166	2.012389	1.837379	-0.108380	-1.940219	1.449708	0.600647	1.684379	1.660300	1.960504	1.600219	0.840796	0.671625	1.626217	1.512507	1.976807	1.352456	-0.002995	0.102679	2.040821	2.719838	2.100541	2.132617	1.727077	1.753290	1.746240	1.259180	1.359964	1.308942	1.969983	1.145978	-0.130273	-1.607194	1.475795	1.803284	1.468508	2.027170	0.648513	-0.550858	-1.056428	0.738810
1.480719	2.003210	1.648525	1.325247	1.780279	1.408829	1.303990	1.348733	0.455638	0.833863	1.219596	0.760511	1.815195	2.046208	1.060145	2.786052	0.460293	1.289079	1.704259	1.344318	0.980504	1.597686	0.064912	1.512873	2.834508	0.812034	0.341947	1.822392	1.025483	0.360408	0.056856	1.506789	2.666797	2.886091	2.693532	3.292242	1.602590	1.944031	1.549450	1.481116	2.443867	2.135400	1.698352	1.001335	2.312592	2.007723	2.222336	1.946537	-0.183291	1.382411	1.289199	1.102533	1.648345	-1.257996	0.475514	0.154492	0.840602	0.196520	2.551604	2.136184	2.210890	1.707468	2.185589	2.366900	1.252152	1.675668	-0.552553	0.202634	-0.951904	1.564869	2.257329	1.968314	0.050862	-1.343614	1.798056	0.969289	1.867310	1.523420	2.133641	1.706701	0.402894	0.518276	1.459096	1.569915	1.816753	0.881966	0.542787	0.791123	2.456974	2.659358	2.535293	2.445252	1.764738	1.777557	2.580755	1.343927	1.551813	1.555727	1.350124	1.306387	-0.283346	-1.064366	0.970337	1.743942	1.529211	1.698736	0.530549	-0.358021	-0.701466	0.848600
0.961620	1.122513	0.131383	0.130006	0.726119	0.273907	0.615203	0.469992	0.363940	0.070770	0.391841	-0.303841	0.257468	0.460850	0.500838	2.250674	0.668445	0.580592	0.745448	0.678368	1.856594	2.298525	1.203681	0.903231	2.034585	0.012231	0.654190	1.486845	1.902012	-0.361788	0.405095	-0.202377	1.089791	1.075092	0.998218	0.726838	-0.478896	0.656026	1.034979	0.371034	1.965204	1.229429	1.187627	0.659682	1.931699	0.761876	0.523992	0.285381	0.847822	1.771620	-0.028292	-0.602358	0.655991	-0.226465	0.101358	-0.446295	-0.205553	-0.438295	1.526360	0.820106	1.208542	0.424866	0.818709	0.961862	0.897372	0.724892	0.373988	0.348011	-1.921665	-0.411586	0.778234	0.432629	0.285418	0.000840	0.124959	0.456520	0.414148	0.268813	0.373712	0.456362	-0.694638	-0.387787	0.375103	0.739452	0.365698	-0.255334	0.528887	1.113638	1.087709	0.568260	1.346799	1.141376	0.506165	0.249085	1.684817	0.017012	0.691849	0.929987	-0.676119	0.076896	-0.453654	-0.037719	0.260440	0.559742	0.955902	-0.127535	0.323554	-0.183135	0.078407	0.312785
0.228141	0.047242	-0.983090	-0.829400	-0.499546	-0.540190	-0.150811	-0.348872	0.423764	0.083814	-0.210014	-0.751857	-1.052669	-1.315617	-0.480258	1.144815	0.749931	0.043087	-0.303033	-0.054893	1.747228	1.888955	1.423021	0.408283	0.467821	-0.241983	0.645517	0.288546	1.558021	-0.131968	0.464607	-1.762930	-0.738742	-1.180250	-0.959680	-2.181173	-1.858521	-0.561400	0.215833	-0.390920	0.980984	0.103688	0.341407	-0.054200	1.089969	-0.540181	-0.927365	-1.223828	1.227030	1.717046	-0.761025	-1.527971	-0.929356	0.749285	0.132123	-0.566986	-1.095169	-0.864073	-0.090189	-0.450604	-0.541877	-0.959695	-0.716438	-0.733600	0.622438	0.226961	0.876905	0.575720	-1.833070	-1.529906	-0.849806	-1.073027	0.424641	0.750984	-2.168683	-0.310111	-1.210819	-0.691995	-1.530569	-0.742745	-1.319939	-0.903496	-0.498301	-0.115110	-0.739325	-0.858977	-0.221023	0.665270	-0.740447	-1.647398	-0.296156	-0.528013	-0.579223	-1.139141	0.149833	-1.477002	-0.613894	0.052681	-2.183436	-1.472655	-0.367092	0.580221	-0.190864	-0.841506	0.236812	-1.847089	0.575486	-0.120756	0.437349	-0.286273
0.114324	-0.222184	-0.697539	-0.678789	-0.804231	-0.260750	-0.123724	-0.244587	0.820494	0.934031	0.026891	-0.107470	-0.845588	-1.834610	-0.650560	0.672987	0.757581	0.632083	-0.563849	-0.188257	1.205516	1.016999	0.680568	0.545862	-0.586379	0.304598	0.220928	-0.460155	0.037108	0.639429	0.217853	-1.765236	-1.088568	-2.018802	-1.417702	-2.779644	-1.570024	-0.838684	-0.158090	-0.154313	0.420254	-0.225803	0.209546	-0.097648	0.653025	-0.663857	-0.728611	-1.038806	0.803082	1.488301	0.051363	-0.775337	-1.009155	1.164304	0.655063	0.186825	-0.815257	-0.418802	-0.898775	-0.432780	-1.083279	-0.904257	-0.986659	-1.102184	1.046857	0.858628	1.169942	1.322930	-0.460719	-0.981399	-0.992418	-0.980046	0.612636	0.648000	-2.822237	-0.384241	-1.343545	-0.224153	-1.629154	-0.560648	-0.588712	-0.125901	-0.325791	-0.180122	-0.446449	-0.344185	-0.936660	0.050373	-1.313148	-2.070734	-1.013557	-1.101963	-0.286491	-1.082368	-0.590872	-1.784109	-1.302101	-0.298916	-1.752351	-1.905218	0.201804	0.861809	-0.220293	-1.436051	-0.087861	-1.997135	1.173954	0.138857	0.367684	-0.086118
0.840260	0.497143	0.603974	0.365471	-0.202955	0.673447	0.696918	0.773943	1.491502	1.761313	0.825866	1.044646	0.431701	-1.002710	0.257659	0.976772	0.859144	2.087826	0.006673	0.368374	0.953017	0.650269	-0.063441	1.132149	-0.623562	0.960613	-0.313554	-0.252526	-1.588855	0.852449	-0.012390	-0.458819	0.023550	-1.183661	-0.534827	-1.172962	-0.483521	-0.316753	0.062544	0.651783	0.572316	0.380631	0.888449	0.749109	0.779803	0.308795	0.754097	0.582548	0.348709	1.430903	1.472621	0.651798	0.664474	1.217956	1.257026	1.479843	0.500881	0.895926	-0.243477	0.853519	0.332914	0.713824	0.028252	-0.004727	2.022111	2.049831	1.616311	2.232585	1.070625	0.134899	0.380725	0.531986	0.853187	0.399809	-1.205447	0.429218	0.207944	1.364714	0.115663	0.862599	1.141661	1.569261	0.638830	0.498920	0.703546	0.778776	-0.754058	-0.000961	-0.230709	-0.604814	-0.459368	-0.283410	1.103529	0.173236	-0.272870	-0.803792	-0.781152	0.185168	0.131983	-0.845620	1.088537	1.321081	0.225135	-0.768667	0.253029	-0.579044	1.584523	0.857431	0.458882	1.129188
1.691447	1.434357	1.682846	1.339599	0.418603	1.282054	1.518574	1.918947	2.014151	1.822567	1.486773	1.744003	1.332522	0.044837	1.212468	1.255872	0.990835	3.152721	0.819484	1.186539	0.998078	0.976897	0.012779	1.546819	-0.064744	1.065498	-0.548565	0.295270	-2.059020	0.142194	0.074299	0.727240	1.159883	0.093693	0.266637	0.465256	0.052588	0.258442	0.510767	1.167838	0.934481	1.193368	1.410445	1.550613	0.985162	1.256556	1.996530	1.999658	0.344483	1.424347	1.882489	1.216839	1.981945	1.087971	1.426807	2.414454	1.649304	2.168377	1.195648	2.146100	2.368873	2.525747	1.101387	1.282415	2.633084	2.599479	1.828413	2.170115	1.512461	0.602240	1.772718	1.831946	0.856748	0.382375	1.076450	1.273479	2.028941	2.593577	1.918022	2.114638	2.464992	2.827564	1.420477	1.209190	1.421222	1.587746	0.164775	0.348679	1.326761	1.196178	0.635303	0.979517	2.192682	1.421352	0.224845	0.391144	0.522457	1.111180	1.685903	0.712726	1.752905	1.708387	1.035103	0.689396	1.027829	1.126150	1.486737	1.728978	0.830556	2.527099
1.791862	1.697754	1.719235	1.583845	0.357262	1.057022	1.622403	2.363481	1.872550	1.222391	1.619642	1.596491	1.133489	0.339585	1.062512	0.942984	0.850247	2.928583	1.433584	1.814931	0.810735	1.282291	0.717001	1.456842	0.510604	0.853644	-0.326475	0.573280	-1.040966	-0.640861	0.514118	1.045111	1.332569	0.729774	0.318799	0.703131	-0.074407	0.452645	0.868646	1.095749	0.931384	1.460813	1.026191	1.353609	0.957616	1.327152	1.982410	1.912154	0.369826	1.032544	0.888554	0.614001	1.134583	0.510199	0.959718	2.193704	1.607453	2.289514	2.103860	2.186625	3.051404	3.027707	1.193612	1.558788	2.086406	1.881174	1.010060	0.493348	1.006190	0.584088	1.849894	1.657007	0.370987	0.141463	2.054994	1.154437	2.624135	2.362971	2.222166	2.053518	2.250809	2.607742	1.429905	1.456261	1.182686	1.685946	0.779165	0.351546	1.967229	1.912637	1.404530	1.650521	1.988893	1.780575	0.158650	0.794829	1.609546	1.707766	1.777390	1.566948	1.745623	1.123411	1.708993	1.860651	1.591897	1.942085	0.981557	1.996883	0.796203	2.879653
1.079108	1.138073	0.973512	1.253594	-0.218481	0.304101	1.068718	1.939073	0.948694	0.570212	1.309903	0.997522	0.461367	0.036563	-0.146290	0.363050	0.374866	1.786697	1.879356	2.130700	0.198735	0.909631	1.183106	1.141424	0.945388	1.081555	0.139220	0.710455	0.461283	-0.431930	1.065083	1.109352	0.962768	0.822903	0.308053	0.117977	0.150843	0.460093	1.118087	0.892728	0.609096	1.191152	0.210707	0.347237	0.965075	0.786981	1.086983	0.548197	-0.145329	0.145426	-0.391349	-0.179124	-1.033705	-0.708168	0.108546	0.823659	0.572684	1.004732	1.758168	0.895761	1.883263	1.945294	0.497979	0.886351	0.544453	0.339838	-0.839656	-1.960628	0.841956	0.978429	0.812179	0.387652	-0.472495	-0.720729	1.457179	0.101512	1.917945	1.131016	1.301795	0.938780	0.738301	1.082614	0.994452	1.370008	0.597132	1.333714	0.458989	-0.219483	1.445630	1.522789	1.574398	1.582935	0.878253	1.265710	-0.202304	0.409322	1.842781	1.480105	0.991025	1.537426	1.115473	-0.570753	1.575114	1.960743	1.439726	1.792278	0.318508	1.196529	-0.219500	1.682763
0.277552	0.324160	0.229425	0.799751	-0.545746	-0.273294	0.508726	1.171867	-0.275413	0.243130	0.817388	0.590470	0.258703	-0.078962	-1.195925	0.184892	-0.011837	0.792151	2.230601	2.249376	-0.364726	0.069914	0.916327	1.039639	1.361903	1.896634	0.452252	1.011677	1.060456	0.774617	1.350280	1.557876	0.883029	0.972153	0.883668	-0.096108	1.192676	0.565397	1.308349	1.041544	0.477022	1.010757	0.050002	-0.395177	1.302647	0.495814	0.364648	-0.795310	-0.962038	-0.764393	-0.736060	-0.260045	-2.132763	-2.058836	-0.606946	-0.822935	-0.402973	-0.833035	0.514563	-0.716993	0.159570	0.290140	-0.017479	0.232000	-0.998946	-1.056462	-2.530971	-3.456782	1.621884	1.864707	-0.080694	-0.589703	-1.170799	-1.694723	0.613923	-0.827786	1.060759	0.263779	0.600929	-0.084559	-0.767542	-0.643398	0.708156	1.191482	0.396984	0.841431	-0.242877	-0.746703	0.571683	0.893116	1.333592	1.321527	0.024966	0.416411	-0.076878	-0.025576	1.317515	0.594786	0.596189	1.282257	0.314433	-2.119087	0.420367	1.134480	0.735605	1.303769	-0.384184	-0.274928	-1.733694	-0.402742
-0.058088	-0.200928	-0.188738	0.274733	-0.159101	-0.228833	0.346845	0.634586	-1.072393	0.197902	0.363958	0.632636	0.573775	0.285838	-1.004151	0.502583	0.129201	0.432150	2.184190	2.204161	-0.369188	-0.504698	0.273392	1.122188	1.667469	2.453074	0.360115	1.196478	0.449555	1.795080	1.099822	1.837283	1.017624	1.109946	1.484849	0.169478	2.014043	0.592109	1.292393	1.339335	0.703745	1.249011	0.799930	-0.170901	1.611385	0.735853	0.269659	-1.156137	-1.206394	-1.094317	-0.065594	0.298126	-1.268194	-2.552413	-0.828162	-1.752626	-0.677364	-2.085164	-0.771220	-1.676104	-0.710917	-0.787780	0.159423	0.205807	-1.625637	-1.649096	-2.770160	-2.978439	2.306653	2.267361	-0.092502	-0.514199	-1.210273	-1.769762	0.574768	-0.758755	0.894561	0.323291	0.784605	-0.365500	-1.205854	-1.540210	0.558431	0.754385	0.507112	0.181817	-0.309297	-0.563341	0.082026	0.495856	0.842150	1.245987	0.032344	-0.273530	0.707822	0.003871	0.426772	-0.424409	0.814508	1.082905	-0.216781	-2.109113	-1.239212	0.112200	0.076023	0.782641	-1.119099	-1.432577	-2.521088	-2.182768
-0.159879	-0.434430	-0.578174	-0.513122	0.510309	0.237373	0.240043	0.315345	-1.075621	0.267423	0.082734	0.822279	0.654244	0.623192	0.257946	0.706002	0.673887	0.240651	1.351406	1.804622	0.067690	-0.506694	-0.113724	0.917837	1.409212	1.863965	-0.048880	0.672534	-0.387875	1.451287	0.382679	1.024862	0.614567	0.605847	1.098108	0.116896	1.250705	0.137669	0.798046	1.088830	0.733299	1.395453	1.511417	0.675595	1.153940	0.903003	0.350759	-0.675954	-0.440900	-0.734993	0.729580	0.838420	0.086951	-1.612749	-0.642109	-1.664152	-0.565483	-2.238825	-1.527892	-1.829204	-0.646278	-0.994439	0.619590	0.482489	-1.228570	-1.434300	-1.437248	-1.120621	1.599214	1.397037	0.303145	0.106497	-0.533156	-0.540634	0.923864	0.067652	1.032766	0.508104	1.011674	-0.254573	-0.616882	-1.385431	0.096334	-0.141863	0.350405	-0.679021	0.511991	0.295191	-0.018769	0.067792	0.133104	1.186348	0.450804	-0.557823	1.409138	0.293372	-0.569049	-1.288233	0.683704	0.434664	-0.283177	-0.524105	-2.562464	-0.638445	-0.340478	0.011094	-1.728436	-1.525867	-1.832477	-2.875203
-0.581102	-0.699364	-1.112105	-1.308175	0.522625	0.444674	-0.432663	-0.242553	-0.590135	0.300756	-0.110510	0.630706	0.012824	0.346348	1.407320	0.219591	1.045104	-0.340864	-0.120946	0.849285	0.344766	-0.325546	-0.156532	0.150700	0.279837	0.325276	-0.442392	-0.538034	-0.510780	-0.083068	-0.366458	-0.580842	-0.480882	-0.597072	-0.234134	-0.617356	-0.879053	-0.732117	-0.244708	-0.028133	-0.068280	0.711625	1.184773	1.261913	-0.198337	0.374171	0.055892	-0.143109	0.728279	-0.203487	0.834240	0.904696	0.370252	0.308613	-0.413036	-1.000768	-0.591754	-1.500613	-1.653513	-1.538194	-0.467465	-0.756775	0.678876	0.394947	-0.451649	-0.866242	0.452016	0.680675	-0.146416	-0.367570	0.269845	0.363268	0.301875	1.322097	0.685608	0.727551	0.577453	-0.101746	0.227407	-0.358559	0.189675	-0.707644	-0.643277	-1.068752	-0.231053	-1.363489	1.474685	1.227158	-0.101864	-0.639980	-0.627582	0.775106	0.497202	-0.430343	1.184159	0.313945	-1.408528	-2.008913	-0.376254	-0.917609	0.118603	1.314420	-2.930856	-1.149816	-0.950219	-1.000276	-1.792326	-0.575008	-0.108807	-2.470172
-1.363165	-1.121732	-1.371720	-1.398769	-0.478118	-0.098077	-1.657073	-1.169896	-0.309361	0.085617	-0.545680	-0.162439	-0.973704	-0.498623	1.451090	-0.828943	0.809957	-1.134778	-1.517741	-0.527999	0.019383	-0.421865	-0.328783	-0.852658	-1.248835	-1.023992	-0.555404	-1.533809	-0.071990	-1.254100	-0.627599	-1.598791	-1.458566	-1.628069	-1.355434	-1.503326	-2.440900	-1.339867	-1.460762	-1.439393	-1.497082	-0.708959	-0.067999	1.021241	-1.607824	-0.698448	-0.595859	-0.127773	1.236086	-0.147863	0.198726	0.451533	-0.037269	2.005247	-0.365647	-0.351100	-0.663185	-0.364548	-1.273179	-0.995479	-0.594132	-0.463553	0.105740	-0.283145	-0.037467	-0.455947	1.854025	1.568806	-1.151245	-1.871240	-0.357584	-0.025135	0.599387	2.660424	-0.128227	0.714361	-0.638604	-1.292589	-1.379665	-0.782411	0.510289	-0.183036	-0.958262	-1.245319	-0.807450	-1.367666	1.673750	1.662977	-0.375604	-1.337259	-1.139682	-0.092746	-0.097768	-0.203467	-0.028289	-0.168899	-1.647888	-2.423922	-1.553701	-2.108471	0.854245	2.156844	-2.204209	-1.429756	-1.944813	-1.605247	-1.038240	0.760201	1.464696	-1.460217
-1.908510	-1.421401	-0.882736	-0.505028	-1.657699	-1.086784	-2.550384	-1.860474	-0.625606	-0.503386	-1.383887	-1.154195	-1.525752	-1.295408	0.408560	-1.751266	0.004126	-1.516477	-2.204203	-1.777424	-0.840775	-0.737230	-0.930162	-1.481306	-2.073064	-1.320411	-0.431343	-1.368186	0.243843	-0.638044	-0.221525	-1.274951	-1.553725	-1.720732	-1.404022	-1.912747	-1.796250	-1.088813	-2.156706	-2.124206	-2.548839	-1.811420	-1.224274	0.061359	-2.115865	-1.638776	-1.225328	-0.615303	0.671389	-0.685504	-0.603223	-0.333703	0.205416	2.450219	-0.403408	0.038548	-0.334046	0.641653	-0.608618	-0.167869	-0.691709	-0.156766	-0.811835	-1.222300	-0.218014	-0.407474	2.431306	1.676549	-0.334082	-2.268797	-1.079047	-0.673706	0.302795	2.777144	-0.513648	0.356337	-1.847255	-2.061190	-2.603366	-1.237600	0.250459	-0.067313	-0.427704	-0.550171	-1.042166	-0.745071	0.843938	1.419682	-0.836089	-1.582866	-1.328733	-1.143065	-1.007198	-0.404758	-1.496886	-0.949432	-1.040856	-2.049366	-1.620764	-1.940874	1.615762	1.830063	-0.792932	-1.184799	-2.488440	-1.211165	0.099664	1.703354	1.950893	-0.470787
-1.628049	-1.168290	0.123043	0.666614	-1.728577	-1.600816	-2.183240	-1.547775	-1.179214	-1.197856	-2.144187	-1.574382	-1.252438	-1.432943	-0.945849	-2.016930	-1.000105	-1.312602	-2.109579	-2.291859	-1.783231	-0.828261	-1.609736	-1.453080	-1.482377	-0.753332	-0.348347	-0.062289	0.295237	1.528432	0.479197	-0.262292	-0.940587	-1.135489	-0.709601	-1.807918	0.592861	-0.146757	-1.817461	-1.523566	-2.432481	-1.632905	-1.452143	-0.960909	-1.665164	-1.994865	-1.571980	-1.174314	-0.280203	-1.263844	-0.968335	-1.072041	1.157065	1.610353	-0.316101	0.244950	0.376958	1.062660	0.019560	0.772134	-0.373672	0.176896	-1.542939	-1.872017	-0.646290	-0.491308	2.313231	1.382812	1.417422	-1.580197	-1.396645	-1.119528	0.110109	1.883930	0.052882	0.277015	-2.223082	-1.853204	-2.601872	-1.500179	-0.186176	-0.098447	0.374938	0.205433	-1.086240	-0.183301	-0.576450	0.708853	-1.377433	-1.328632	-1.442563	-1.869373	-1.718593	-1.182646	-2.345034	-1.623236	-0.025159	-0.676677	-0.511531	-0.384914	1.991803	0.964527	0.459624	-0.326903	-1.453744	-0.125982	0.716402	1.828417	1.265725	-0.019717
-0.584410	-0.250464	0.811774	1.061344	-0.371157	-1.038006	-0.610471	-0.260485	-1.237239	-1.476952	-2.005781	-1.023116	-0.431350	-0.791580	-1.876532	-1.725864	-1.724543	-1.040682	-1.537885	-1.919812	-2.259500	-0.424475	-1.768567	-1.030514	0.053263	-0.078130	-0.499802	1.325414	0.429071	3.467636	0.819429	0.469262	-0.380139	-0.699584	-0.143439	-1.496643	2.663499	0.706846	-0.601994	-0.045430	-1.345696	-0.337326	-0.777877	-1.245715	-1.052934	-1.798115	-1.534266	-1.304295	-0.537039	-1.251485	-0.763955	-1.279623	1.497627	0.416460	-0.085690	0.382276	0.884144	0.792599	0.329970	1.359837	0.277358	0.395477	-1.562993	-1.788143	-0.869999	-0.351037	1.646714	0.745378	2.315129	-0.420520	-1.180561	-1.163330	0.592538	0.773401	0.787864	0.674284	-1.670025	-1.029241	-1.628947	-1.495830	-0.365635	0.101594	0.481299	0.201805	-1.184632	-0.277324	-1.842945	-0.045873	-1.720603	-0.852706	-1.610447	-1.845768	-1.850104	-1.849719	-2.130959	-1.807816	0.556777	1.047710	0.616975	1.278466	1.682505	0.158995	0.828421	0.575102	0.949144	0.667838	0.472650	1.214167	0.053091	-0.243011
0.483272	0.838333	0.582685	0.341762	1.279368	0.178131	1.011130	0.994835	-0.625188	-1.204719	-0.809093	-0.008082	0.291862	0.143312	-2.138720	-1.366204	-1.793781	-1.215674	-0.794040	-1.134416	-1.920201	0.258974	-1.298438	-0.718265	1.321781	0.290067	-0.774298	1.675391	0.671305	3.503634	0.444888	0.761840	-0.302282	-0.749029	-0.015869	-1.085045	2.841854	0.831676	0.655255	1.213436	-0.205939	0.906533	0.114514	-0.496703	-0.958270	-1.314689	-1.056953	-0.806544	0.223087	-0.635167	-0.392118	-0.816853	0.530522	-0.128717	0.036219	0.407668	0.723808	0.214655	0.278594	1.252796	0.858458	0.356795	-0.730143	-0.947549	-0.828488	-0.031780	0.633664	-0.187047	1.581508	0.509593	-0.592173	-0.834648	1.355956	0.118735	0.596891	1.124504	-0.751662	-0.266085	-0.520482	-1.176354	-0.245545	0.533659	-0.351791	-0.534890	-1.257368	-0.928499	-2.299075	-0.511922	-1.516378	-0.405222	-1.538603	-1.145200	-1.349613	-1.522194	-1.065750	-1.325734	0.322255	1.949212	0.770553	1.841966	0.681787	-0.390036	0.360864	0.761265	2.840899	0.546457	0.010551	0.278259	-0.853750	-0.692674
0.730635	1.240993	-0.376213	-0.866409	1.722230	0.954972	1.394136	1.108177	-0.081224	-0.920233	0.488793	0.403706	0.394697	0.593990	-1.889561	-1.213618	-1.215970	-1.700262	-0.176068	-0.654510	-0.916491	0.703167	-0.722977	-0.838032	1.526734	0.414135	-0.855105	0.848437	0.631785	1.536554	-0.380521	0.926610	-0.539764	-0.947308	0.064084	-0.460494	1.330131	0.200486	1.052206	1.283953	0.182164	1.008594	0.438110	0.634038	-1.285137	-0.854223	-0.309998	-0.005013	1.146091	-0.033774	-0.366818	-0.216068	-0.801279	0.140625	-0.253776	0.156100	0.015787	-0.214542	0.024555	0.538934	0.938778	0.058426	0.361808	0.059042	-0.826532	-0.053588	-0.273760	-0.952811	-0.022577	0.702924	0.027830	-0.324751	1.422804	0.061411	-0.501037	1.012619	-0.098895	0.062402	0.100056	-0.625661	-0.148930	0.760543	-1.428512	-1.375810	-1.091420	-1.568337	-1.677274	-0.637466	-0.786834	-0.139383	-0.932022	-0.437593	-0.641777	-0.378444	0.097895	-0.442056	-0.306436	1.347605	0.084250	1.243850	-0.664890	-0.651631	-0.206913	0.110413	2.434049	-0.217336	-0.045791	-0.522267	-0.910266	-0.658243
-0.088423	0.479800	-1.297907	-1.644580	0.578796	0.603810	0.269345	-0.090806	-0.396838	-1.203440	0.730230	-0.336986	-0.147061	0.147160	-1.413205	-1.086293	-0.482533	-1.919620	-0.033737	-0.814294	0.047390	0.526666	-0.584648	-1.306854	0.849104	0.335219	-0.500153	-0.280710	0.165160	-0.984712	-1.107418	0.895975	-0.766334	-0.952404	0.429905	0.319760	-0.487748	-0.730001	0.384068	0.125047	-0.301979	-0.093816	-0.183114	1.007358	-1.509334	-0.704513	0.222333	0.493142	1.041685	-0.031352	-0.756507	-0.202598	-1.197388	0.555686	-0.955220	-0.423192	-0.769986	-0.466882	-0.279675	-0.384170	0.277640	-0.412800	0.744880	0.417578	-1.045381	-0.736272	-0.608495	-0.967256	-1.294152	0.004421	0.270973	0.064235	0.425200	0.318425	-1.444145	0.188912	0.013093	-0.079874	0.068076	-0.194544	-0.282798	0.395609	-1.893904	-1.812480	-0.702268	-1.746263	-0.314968	-0.487984	-0.048463	-0.155290	-0.067334	-0.370969	-0.363439	0.260025	0.537671	0.173514	-0.677645	-0.262545	-0.588563	0.236784	-1.750298	-0.538753	-0.319368	-0.776321	-0.017528	-0.889661	-0.080770	-0.900069	-0.109797	0.048783
-1.337480	-0.926906	-1.443891	-1.493167	-1.073202	-0.473005	-1.340989	-1.633418	-1.307317	-1.809226	-0.084292	-1.527281	-0.786045	-0.708295	-0.893771	-0.677637	-0.143147	-1.557712	-0.414305	-1.231037	0.242397	-0.164107	-0.819713	-1.682643	0.002907	-0.018070	0.247005	-0.830790	-0.401851	-2.410761	-1.487375	0.367102	-0.799370	-0.747647	0.854747	0.933828	-1.409075	-1.328863	-0.597497	-1.220960	-1.022485	-1.405562	-1.345257	0.163856	-1.382900	-0.903283	0.194710	0.401740	-0.312309	-0.576821	-1.048850	-0.778790	-0.540228	0.472371	-1.585129	-1.032424	-1.207115	-0.763821	-0.547561	-1.068496	-0.830713	-0.851862	0.112659	-0.037088	-1.226176	-1.548435	-0.390593	-0.222193	-1.749615	-1.156069	-0.022703	0.116508	-0.922865	0.462275	-1.448409	-0.799100	-0.274512	-0.518313	-0.415784	-0.215257	-0.403420	-0.350064	-1.445490	-1.644953	-0.242730	-1.312419	0.941079	-0.033850	0.278376	-0.311390	0.427451	-0.764938	-0.647990	-0.463438	0.012452	0.021843	-0.556958	-1.537692	-0.592312	-0.444212	-2.025482	-0.108114	-0.164771	-1.215720	-2.351663	-0.927408	-0.811860	-0.804459	0.940789	0.754486
-1.915926	-1.715250	-0.621851	-0.519149	-1.725419	-1.148768	-1.983165	-2.218226	-1.667777	-1.787290	-0.718557	-1.792957	-0.762658	-0.853633	-0.272187	0.024537	-0.186696	-0.797896	-0.711852	-1.129395	-0.261620	-0.748652	-0.848138	-1.463670	-0.466574	-0.366169	1.047379	-0.792204	-0.735481	-2.263438	-1.658642	-0.468792	-0.463464	-0.300742	0.959958	1.195942	-1.107090	-1.019071	-0.779410	-1.460754	-0.998102	-1.706764	-1.985435	-1.089181	-1.035536	-1.037269	-0.127873	0.055907	-1.796068	-1.027202	-0.642571	-1.060747	0.294542	-0.010224	-1.500381	-1.141471	-1.058915	-0.999109	-0.632303	-1.168729	-1.458314	-0.852506	-0.710514	-0.494170	-0.941071	-1.490904	-0.180620	0.521521	-1.674636	-1.792873	-0.490180	-0.063105	-1.607455	0.146375	-0.743380	-1.214443	-0.509879	-0.831816	-0.851650	-0.532779	-0.134412	-0.723136	-0.379508	-0.791990	0.295661	-0.268622	1.316798	0.653563	0.399342	-0.147423	0.362939	-0.705818	-0.821469	-1.668872	-0.902182	-0.668745	-0.098670	-1.354525	0.143295	-0.393179	-1.425193	0.236725	-0.205647	-0.908613	-2.590063	-0.221999	-1.864306	-0.417009	1.290158	0.654786
-1.129957	-0.969631	0.657017	0.778899	-0.777993	-0.674531	-1.057695	-1.331655	-0.850544	-0.636181	-0.160046	-0.600663	0.244921	0.344639	0.684791	0.774247	-0.012186	0.069918	-0.106587	-0.106473	-0.435311	-0.500672	-0.262744	-0.505737	-0.442596	-0.091084	1.510719	-0.722449	-0.774104	-1.375153	-1.693206	-0.959453	0.449707	0.591795	0.898574	1.359152	-0.006841	0.357036	0.232113	-0.326497	0.228023	-0.593355	-1.265202	-1.489206	-0.532247	-0.560984	-0.146240	0.011970	-1.987359	-0.721320	0.471556	-0.277526	0.700178	-0.213689	-0.576075	-0.498681	-0.371726	-0.738926	-0.319116	-0.568332	-0.775782	-0.077998	-0.646148	-0.020823	-0.091691	-0.243929	-0.415198	0.471675	-1.420516	-1.132098	-0.506943	-0.085325	-1.280708	-0.571764	0.003500	-0.827844	-0.184722	-0.518768	-0.691492	-0.575879	0.476442	-0.164649	0.733819	0.601706	0.986565	1.181053	0.801995	1.141712	0.795805	0.651009	0.232898	0.370395	-0.144308	-1.709639	-1.334459	-1.192811	0.509342	0.206953	1.203118	0.392843	-0.438432	0.139794	-0.405171	0.057777	-0.797948	0.873268	-1.912312	-0.026431	0.474980	-0.137139
0.659876	0.909953	1.552054	1.843736	0.931202	0.500960	0.611462	0.268602	0.441193	0.911661	1.126430	0.981247	1.708999	2.175014	2.013443	1.411003	0.846815	0.951505	1.450748	1.381729	0.657921	0.694595	0.684361	0.790202	-0.100046	0.911315	1.538564	-0.794301	-0.542660	-0.778963	-1.388118	-0.782258	1.814326	1.858138	1.224043	1.780267	1.076262	2.141045	1.587742	1.037350	1.902087	1.107216	0.437319	-0.706002	0.246400	0.534626	0.352895	0.440143	-0.573210	0.396931	1.552025	1.174858	0.851076	0.334538	0.533631	0.512203	0.452991	0.135554	0.440441	0.499602	0.933106	1.212446	0.404693	1.297879	0.977712	1.342678	-0.762641	-0.200877	-0.983305	0.397382	0.140280	0.356651	-0.393984	-1.054142	0.484440	-0.016790	0.789910	0.467132	0.111578	-0.037649	0.980488	1.007342	1.396493	1.944275	1.603457	2.463483	0.200103	0.999273	1.482147	1.722322	0.576894	1.892966	1.212364	-0.221964	-0.901425	-1.166538	1.114386	1.817345	1.895130	1.319998	0.345572	-0.110408	-0.250670	1.273622	1.086430	1.610149	-0.439706	0.229268	-0.728265	-0.607388
2.205740	2.385599	1.601515	2.308916	1.852187	1.109443	1.551090	1.204358	1.038569	1.563931	1.739856	1.371173	2.573519	3.128437	3.180445	1.882291	2.032752	1.696622	2.909597	2.337868	2.522606	1.910881	1.356458	1.735601	0.283870	1.732110	1.354374	-0.659644	-0.111811	-0.701303	-0.689222	-0.326561	2.923604	2.872257	1.940030	2.327792	1.365910	3.103729	1.985698	1.248212	2.578659	1.989491	1.637013	0.261816	1.139098	1.547414	0.982498	1.013378	1.314179	1.563778	1.744710	1.998622	1.009575	1.279294	1.044689	1.183572	0.921444	1.111502	1.328518	1.493047	2.299700	2.126269	1.470167	2.352271	1.770003	2.079074	-0.500158	-0.400769	-0.262887	1.343061	0.949265	1.107168	0.303670	-0.697338	0.747365	0.643261	1.759920	1.438055	0.891222	0.686049	1.079690	1.770219	1.452684	2.493421	1.663978	2.886312	0.314459	0.391893	1.917884	2.255130	1.317633	2.670343	2.255114	1.497584	0.035183	-0.776123	1.495997	2.055061	1.644244	1.478174	0.658298	0.120341	0.531589	2.098608	1.244301	1.349141	1.379992	0.416698	-0.896333	-0.055792
2.330925	2.107667	1.077335	2.049403	1.174302	0.436446	1.089313	0.762341	0.687620	0.888472	1.036436	0.290698	2.166679	2.465251	3.278597	1.901759	2.563006	1.841271	3.019544	2.071808	3.356162	1.779019	1.429038	1.837905	0.454433	1.295402	1.127453	-0.261543	0.221654	-0.756047	-0.055668	-0.215709	2.961669	2.995285	2.086781	2.412383	0.671948	2.478126	1.088811	0.224245	1.651884	1.318635	1.149722	0.173516	1.483552	1.739150	1.237840	1.295785	2.138117	1.711357	0.967417	1.447843	0.844368	1.579419	0.914289	1.169218	0.925191	1.540136	1.800319	1.837263	2.152184	1.887943	1.598129	2.194790	1.922988	1.580452	0.354582	0.536822	0.520909	0.836090	1.200837	1.576713	0.284896	0.065272	0.777157	0.672374	1.758568	1.527592	0.930728	0.935566	0.866868	1.345323	1.124278	2.008671	1.004893	2.247762	1.070027	-0.141327	1.638592	1.826206	1.860829	2.098323	2.245798	2.183959	0.822060	-0.202347	1.484353	0.847792	0.548523	0.603290	0.459046	0.714607	1.597073	2.071722	-0.156858	0.308367	2.031853	0.475476	0.277540	0.984433
0.935050	0.219746	0.585661	1.159215	-0.347367	-0.788116	-0.029608	-0.429353	0.175649	-0.202361	-0.123190	-0.914791	0.876833	1.019778	1.907118	1.044448	1.819480	1.037703	1.559711	0.775102	1.959662	-0.086572	1.146689	1.112390	0.289265	-0.353330	0.737688	-0.124034	0.125810	-0.733265	-0.045028	-0.638169	1.855160	2.310279	0.804813	1.728255	-0.386347	0.759792	-0.103127	-0.792799	0.120848	-0.288499	-0.625514	-1.052680	0.778488	1.109154	0.990623	1.126592	1.308181	0.520457	0.079091	0.267622	-0.103882	0.471973	0.807498	0.761731	0.817166	1.284403	1.497828	1.304169	0.662180	0.628086	0.800839	1.017062	1.388928	0.467518	0.763154	1.755930	0.908434	-0.265613	0.718970	1.282368	-0.407083	-0.042279	0.501648	-0.113188	0.525148	0.620746	0.331995	0.592221	0.517046	-0.010979	0.734748	0.970435	0.153543	1.078167	1.586128	-0.490829	0.767236	0.835395	1.747898	0.698062	1.406433	1.937747	1.121627	0.720552	1.149839	-0.402105	-0.528115	-0.458222	-0.259187	0.614708	2.358284	1.347027	-1.215869	-0.465695	1.416474	0.084499	1.308086	1.369990
-0.885255	-1.700618	0.413843	0.016977	-1.168946	-1.166083	-0.553852	-1.092681	0.198569	-0.502348	-0.482237	-0.925043	-0.184107	0.184884	-0.132468	-0.473421	0.269484	-0.268273	-0.464623	-0.699243	-0.692075	-2.335572	0.827569	0.023776	-0.135620	-1.987160	0.070446	-0.503073	-0.309776	-0.713858	-0.578879	-1.185039	0.458035	1.483466	-1.281231	0.718804	-0.948441	-0.757674	-0.484102	-0.813185	-0.561920	-1.484312	-2.068110	-2.202092	-0.516141	0.315502	0.486922	0.690399	-0.416006	-1.021861	-0.011300	-0.166772	-1.390768	-1.520535	1.164145	0.482669	0.910743	0.730411	0.551462	0.211352	-0.914924	-0.701486	-0.125452	-0.171928	0.551189	-0.374145	-0.050492	1.695405	0.702723	-0.413944	0.005859	0.408150	-1.124526	-1.437620	0.087184	-1.215153	-1.029112	-0.446361	-0.121566	0.204958	0.080492	-1.195660	0.411308	0.089838	-0.128888	0.133453	1.161216	-0.973047	-0.126119	0.017019	1.083906	-0.496874	0.470677	1.560377	1.048691	1.914833	0.670057	-0.396372	-0.738040	-0.683916	-1.244092	-0.710300	2.492739	0.495353	-0.546033	-0.244953	0.678098	-0.788643	0.684720	0.763655
-1.801023	-2.146710	0.381248	-0.773881	-0.603531	-0.270165	-0.094198	-0.652542	0.539135	0.122175	0.085616	-0.001083	-0.300768	0.273157	-1.377296	-1.498034	-0.954461	-1.041759	-1.846764	-1.587736	-2.366475	-3.007516	0.365572	-0.861048	-0.591250	-2.472188	-0.603976	-0.771537	-0.641101	-0.584463	-0.943256	-1.272818	-0.310873	0.885539	-2.406503	0.071719	-0.774929	-1.272095	-0.146540	-0.256382	-0.214569	-1.521103	-2.020723	-2.091600	-1.271716	-0.135419	0.028425	0.310723	-1.715668	-1.477393	0.605858	0.440347	-1.745169	-2.778405	1.585232	0.501805	1.038845	0.274713	-0.519811	-0.795304	-1.522910	-1.213809	-0.527888	-0.663873	0.021571	-0.541398	-1.356203	0.056364	0.231118	0.599560	-0.373788	-0.316677	-1.158709	-2.682752	-0.161377	-1.499473	-1.661548	-0.761139	-0.037382	0.254790	-0.322793	-1.285940	0.099505	-0.315011	0.292596	-0.291865	0.039182	-1.438461	-0.558907	-0.337498	0.342370	-0.931515	-0.176031	1.216718	0.813103	2.524344	0.041599	0.553241	-0.165685	-0.124960	-1.788627	-2.089182	2.000836	-0.172006	1.060665	0.455769	0.541417	-1.411712	-1.021335	-0.020961
-1.398830	-1.110989	0.250938	-0.796545	0.520605	0.863777	0.608927	0.242631	0.526012	0.676921	0.578631	0.521624	0.173230	0.366928	-1.129968	-1.036734	-1.177729	-0.757767	-2.185992	-1.722721	-2.022466	-1.581404	-0.446562	-1.230286	-0.818691	-1.799943	-0.781455	-0.183685	-0.629614	-0.052897	-0.621809	-0.738563	-0.371512	0.264319	-1.667790	-0.062200	-0.349471	-1.070056	-0.042561	-0.203380	0.048710	-0.874780	-0.882800	-0.855617	-0.919888	-0.351128	-0.242810	0.160022	-1.837995	-0.515087	0.953964	0.980898	-0.556191	-2.150250	1.356093	0.535607	0.795513	0.008036	-1.189820	-1.238958	-1.143557	-0.811632	-0.461014	-0.609048	0.078943	-0.235830	-1.594881	-1.603364	0.034586	1.394995	-0.360789	-0.397167	-0.489792	-2.032704	-0.165250	-0.301347	-1.074816	-0.273218	0.102284	0.545408	-0.416840	-0.390095	-0.185449	-0.384725	0.754902	-0.407169	-0.898408	-1.124333	-0.496807	-0.500973	-0.123405	-0.851927	-0.648799	0.466948	0.431532	1.682959	-0.808235	1.040240	0.327042	0.252041	-1.265857	-1.819491	1.048978	-0.790306	1.693819	0.571004	0.568331	-0.919405	-1.724659	-0.162115
-0.382156	0.096605	0.089833	-0.220233	0.917542	0.993918	0.688366	0.560965	-0.005897	0.343677	0.294000	0.035174	0.403083	-0.178299	-0.102084	0.426908	-0.713751	0.016732	-1.810637	-1.360718	-0.741690	0.403321	-1.246318	-1.128294	-0.666749	-0.793192	-0.272837	0.987526	-0.410364	0.733273	0.093081	-0.034814	-0.286070	-0.513653	-0.144005	-0.038142	-0.127224	-0.816605	-0.512293	-0.838264	-0.483500	-0.508203	0.063650	0.290458	-0.082797	-0.616693	-0.330866	0.130087	-1.045325	0.699283	0.438847	0.503131	1.125786	-0.267555	0.415855	0.266638	0.163810	-0.125102	-1.243392	-1.123364	-0.445145	-0.064011	-0.367203	-0.512889	0.386096	0.094400	-0.333087	-1.645354	0.331735	0.946554	-0.267324	-0.094716	0.210700	0.176246	-0.035122	1.499782	-0.084255	0.315059	-0.197523	0.545680	-0.091147	0.546399	-0.264347	-0.282730	0.623716	-0.383606	-1.094126	0.154841	-0.266591	-0.736266	-0.317783	-0.753723	-1.032727	-0.606299	-0.111887	-0.154716	-1.573785	0.477573	0.250694	-0.069023	0.039505	0.056239	0.009756	-1.365801	0.810085	0.003212	0.173326	0.489479	-0.533050	0.196450
0.279658	0.349598	0.107416	0.341213	0.286747	0.069673	0.120584	0.035858	-0.568362	-0.519850	-0.313865	-0.686923	0.126161	-0.764830	0.521364	1.323318	-0.289679	0.386388	-1.088359	-0.745761	-0.131221	1.024100	-1.299622	-0.796183	-0.219012	-0.158380	0.527561	1.636283	-0.111716	1.081481	0.492631	0.211712	-0.353775	-0.892072	0.444959	-0.062689	-0.035436	-0.671262	-0.801823	-1.253695	-1.096456	-0.714623	0.125365	0.449059	0.231647	-0.829950	-0.318705	-0.015350	-0.178440	0.881467	-0.368388	-0.496193	1.639183	1.063195	-0.511914	-0.266948	-0.378064	-0.145679	-0.852469	-0.803016	0.051066	0.442521	-0.455076	-0.528999	0.418993	0.130697	1.039952	-0.377504	0.761382	-0.012204	-0.287080	-0.040526	0.458107	1.665726	0.208153	2.171438	0.450895	0.433230	-0.577269	0.151452	0.344566	0.725619	-0.062501	0.002251	0.054219	-0.134557	-0.823248	1.257114	-0.210313	-0.901572	-0.449921	-0.748091	-1.132414	-1.140909	-0.599652	-1.357788	-1.611319	-0.193521	0.069946	-0.513149	0.972853	1.551375	-0.551430	-1.448385	-0.162699	-0.234363	-0.361273	1.471934	1.051854	0.432987
0.284979	-0.211880	0.227826	0.389841	-0.516061	-0.860614	-0.396931	-0.658976	-0.722567	-0.928509	-0.426586	-0.722007	-0.224134	-0.548715	0.369551	0.850238	-0.221159	0.180885	-0.232482	-0.044549	-0.459298	0.070963	-0.492472	-0.457599	0.202907	-0.059862	1.002099	1.193223	0.294041	0.562129	0.334932	-0.143665	-0.359775	-0.361369	-0.211275	-0.011023	0.111443	-0.445476	-0.272104	-0.824999	-0.751388	-0.939686	-0.276290	-0.095067	-0.149169	-0.683289	-0.335165	-0.353247	0.108993	0.104577	-0.564169	-0.855418	0.650173	0.821687	-0.778086	-0.732444	-0.490294	-0.152075	-0.438435	-0.629956	0.259719	0.506101	-0.575534	-0.464068	0.063420	-0.149551	0.934031	0.360453	0.668273	-0.130901	-0.363890	-0.444895	0.516188	1.017062	0.513134	1.122783	0.483590	0.152211	-0.374751	-0.223592	0.431693	0.172906	0.110154	0.320255	-0.335334	0.238661	-0.739963	0.905422	-0.407041	-0.757676	-0.632097	-0.620716	-0.849763	-0.652901	-0.698743	-0.941199	-0.747233	0.020674	0.322850	-0.369801	0.649262	1.158259	-0.346178	-0.774951	0.096950	0.373137	-0.372307	1.005288	1.136982	0.430824
0.101609	-0.593139	0.055759	-0.083165	-0.569159	-0.883906	-0.313491	-0.741293	-0.524584	-0.550899	-0.033644	-0.266601	-0.326296	0.139435	-0.001130	-0.100264	-0.303844	-0.097146	0.392975	0.426149	-0.748060	-0.878817	0.388356	-0.209365	0.278678	-0.329464	0.900321	0.327318	0.696745	-0.380019	0.111306	-0.605687	-0.210399	0.500886	-0.934810	0.119529	0.078698	-0.300336	0.498233	-0.150706	0.312589	-0.676609	-0.377186	-0.428862	-0.424652	-0.204586	-0.436315	-0.654476	-0.188375	-0.450689	-0.196427	-0.397050	-0.484971	-0.218023	-0.489092	-0.839583	-0.421182	-0.346213	-0.390933	-0.719604	0.228791	0.227046	-0.559878	-0.251999	-0.356788	-0.498819	-0.456334	-0.355146	-0.192856	0.547415	-0.412927	-0.869471	0.771448	-0.569767	0.557298	-0.346696	0.465677	-0.093531	0.252572	-0.242967	0.053976	-0.527056	-0.191404	0.204900	-0.338567	0.211624	-1.044601	-0.564872	-0.627613	-0.429249	-0.717053	-0.360160	-0.444018	0.130788	-0.297409	0.295374	0.196661	0.656473	0.571092	0.106305	-0.529978	-0.260908	0.162691	0.038234	0.958716	0.812285	0.141952	-0.323856	-0.064239	0.497428
0.265865	-0.190274	-0.617218	-0.713468	0.158664	-0.070369	0.236301	-0.148057	-0.242831	-0.039180	0.159532	-0.252604	-0.400480	0.173501	-0.015677	-0.220392	-0.316504	-0.146229	0.334590	0.269756	-0.263522	-0.436250	0.623706	-0.062678	-0.028975	-0.712700	0.465988	-0.019622	0.798129	-0.936180	0.392711	-0.612373	-0.263243	0.490834	-0.810611	0.083684	-0.470462	-0.645693	0.396601	-0.248997	0.813750	-0.185230	0.015223	-0.125468	0.137753	0.267620	-0.446029	-0.537256	-0.558776	-0.061710	-0.105077	-0.042326	-0.387430	-0.611490	-0.169235	-0.556477	-0.554698	-0.702256	-0.778034	-0.954461	-0.075097	-0.197383	-0.403527	-0.073171	-0.527521	-0.616974	-1.356592	-1.299739	-1.232052	0.676855	-0.377437	-0.755112	0.866974	-0.995222	0.104187	-0.662201	0.574407	-0.019283	0.470411	0.027502	-0.488621	-0.924565	-0.923977	-0.566336	-0.303613	-0.517645	-1.259665	-1.450007	-0.575758	-0.312922	-0.465304	-0.319177	-0.169444	0.147687	0.429261	0.922898	0.166430	0.449804	-0.122790	0.070263	-1.244345	-0.692487	0.118917	0.033606	0.768260	-0.185331	0.588465	-0.968869	-0.629039	0.584612
0.700570	0.547852	-1.421694	-1.121165	0.941072	0.785467	0.681541	0.442565	-0.052727	-0.133808	-0.217577	-1.013648	-0.692402	-0.706714	0.283513	0.449001	-0.349581	-0.199147	-0.430606	-0.551438	0.633747	0.953876	0.344522	-0.088181	-0.517033	-0.963432	-0.012253	0.061156	0.495827	-0.862063	1.082793	-0.205994	-0.734248	-0.609085	-0.208311	-0.097636	-1.246114	-1.289840	-0.693528	-1.170090	0.133278	-0.147825	0.483404	0.416926	1.281427	0.595039	-0.070078	0.166573	-0.548257	0.691611	-0.569537	-0.364437	0.752685	-0.043619	-0.015242	-0.098580	-0.743804	-0.810476	-1.266157	-1.139845	-0.607287	-0.555720	-0.102138	-0.002679	-0.445234	-0.470571	-0.629766	-0.804735	-1.558430	-0.312981	-0.078369	-0.005432	0.099799	-0.059886	-0.463441	0.136483	0.586714	0.286144	0.035730	0.428380	-0.874605	-0.991911	-1.433007	-1.447014	-0.451550	-1.353638	-0.868443	-0.822657	-0.274242	-0.586339	0.061124	-0.746355	0.104815	-0.529978	1.224607	0.717208	-0.820747	-0.819973	-1.733042	-0.627681	-0.710416	0.352695	-0.732517	-0.821813	-0.824956	-2.194541	0.714776	-0.345192	0.389031	0.326827
0.797665	0.657585	-1.716490	-1.136193	1.111654	0.957987	0.583915	0.304240	-0.148182	-0.824405	-0.744353	-1.844100	-0.959411	-1.439828	0.475477	0.661263	-0.581538	-0.471714	-1.349186	-1.530327	1.062105	1.560796	-0.000636	-0.468794	-1.037527	-0.976980	-0.540014	-0.312323	0.001071	-0.568938	1.477277	0.060834	-1.162326	-1.552121	0.107520	0.025601	-1.407217	-1.305033	-1.701279	-1.908906	-0.946826	-0.812244	0.625202	0.616040	2.025463	0.963844	0.675921	1.151851	-0.204898	0.784191	-0.846865	-0.792439	1.529686	0.455018	0.179900	0.191786	-0.528801	-0.380458	-1.363860	-1.166843	-1.104923	-0.721074	0.441349	0.177134	-0.303778	-0.357561	0.790471	0.914536	-0.997785	-1.217964	0.673958	0.978600	-1.276165	0.532194	-0.477774	0.679690	0.361319	0.499525	-0.260396	0.962059	-1.049958	-0.893331	-1.175904	-1.608049	-0.495945	-1.312694	-0.004169	0.286780	-0.128685	-0.975628	0.381174	-1.328920	0.620641	-0.712101	1.844554	0.640327	-1.558872	-1.962990	-2.944418	-1.137096	0.427399	1.335769	-1.606010	-1.433836	-2.350748	-3.274373	0.864025	0.433099	1.680504	-0.106099
0.152938	-0.277752	-1.267190	-0.801141	0.588872	0.290763	-0.075777	-0.638834	-0.723824	-1.526110	-0.851816	-1.912887	-0.812423	-1.094568	0.321014	-0.236906	-0.869379	-0.718272	-1.820934	-2.038642	0.635252	0.347494	-0.474382	-1.274829	-1.553093	-0.884704	-1.133043	-1.309251	-0.536296	-0.414830	1.038747	-0.118681	-0.922714	-1.149114	0.120081	0.586752	-0.548994	-0.167726	-1.743685	-1.673821	-1.366675	-1.711139	0.428970	0.358933	1.740448	1.410323	1.232946	1.775941	0.118973	0.079747	-0.317552	-0.539973	1.013675	0.055048	0.457313	0.028628	0.028939	0.198069	-0.844901	-1.070233	-1.305795	-0.811007	1.147724	0.633734	-0.235942	-0.535979	1.097290	1.968524	-0.298734	-0.686714	1.623959	1.647610	-1.829635	-0.184424	0.075117	0.134293	0.071474	0.393531	0.271074	1.500546	-1.075910	-0.743608	-0.417743	-0.959498	-0.130830	-0.288895	0.690440	0.302449	-0.429944	-1.043388	0.071475	-1.422443	1.180898	0.290225	1.978256	1.173213	-1.031910	-1.912969	-2.575080	-0.759001	0.856531	0.920612	-1.415290	-0.905393	-2.363288	-2.225390	1.210786	0.022171	1.465586	0.087918
-0.902404	-1.675606	-0.471131	-0.287488	-0.256572	-0.825391	-0.972477	-1.744643	-1.542773	-1.807242	-0.540336	-1.240679	-0.350044	-0.146678	-0.037844	-1.336076	-0.728901	-0.552360	-1.685278	-1.874260	-0.257392	-1.863414	-1.320608	-2.150083	-1.841589	-0.879756	-1.425471	-1.835910	-1.156591	-0.316582	-0.016406	-0.453847	-0.139732	0.184823	0.259385	0.850046	0.672809	1.288160	-1.097933	-0.816436	-1.021846	-2.160496	0.031396	-0.100179	0.751652	1.514268	0.911427	1.525917	0.319167	-0.559617	0.513595	0.211253	-0.282556	-0.684318	0.459928	-0.571627	0.238195	0.187839	0.010089	-0.938303	-1.245564	-1.113821	1.496460	1.057482	-0.229416	-0.851625	-0.097220	1.197310	-0.210689	0.765058	1.932353	1.587389	-0.530967	-1.011206	0.436455	-0.938981	-0.108678	0.060592	1.109878	1.514417	-0.878290	-0.619607	0.072888	-0.283045	0.394804	0.642124	0.844722	-0.815272	-0.869535	-0.651798	-0.651407	-0.771392	1.171344	1.535689	1.323559	1.494254	0.373220	-0.927645	-0.941885	0.061798	0.131637	-0.239317	0.052133	0.296934	-1.069446	-0.042148	1.253909	-1.363999	-0.157194	1.202674
-1.584674	-2.505185	0.132682	0.199318	-0.990982	-1.753307	-1.633613	-2.221868	-1.840698	-1.673118	-0.239996	-0.527291	-0.070722	0.190845	-0.283462	-1.293872	0.173468	0.022815	-1.098914	-1.271331	-0.981922	-3.175997	-2.042014	-2.389013	-1.412524	-0.918172	-0.944857	-0.918087	-1.659936	-0.123404	-0.957808	-0.572712	0.379274	0.940768	0.431885	-0.000824	1.188391	1.619011	-0.546528	-0.267741	-0.504234	-1.830756	-0.568624	-0.627688	-0.163231	0.820931	-0.343926	0.435084	0.616915	-0.415748	0.666563	0.541619	-1.107710	-0.585555	-0.050209	-1.148829	-0.276138	-0.527502	0.653282	-0.738823	-1.144945	-1.665826	0.861648	0.839899	-0.220483	-0.876567	-1.305977	-0.423489	-0.607794	1.221518	0.894183	0.701533	1.762487	-0.366857	0.118162	-1.562026	-0.275706	-0.197966	1.071144	0.541189	-0.327027	-0.597331	-0.014100	-0.194337	0.513553	0.480765	0.757726	-1.556972	-0.795543	-0.075036	-1.023348	0.172582	0.243412	1.403678	-0.065947	0.632431	1.328300	0.019195	0.556478	0.313443	-0.846758	-0.538804	1.783944	0.896971	0.199041	1.258196	0.421632	-2.159332	-1.377262	2.264977
-1.413898	-2.189672	0.432431	0.515910	-1.329804	-1.962858	-1.661363	-1.747350	-1.076887	-1.229625	-0.152215	-0.174921	-0.188450	-0.418192	-0.200895	-0.025637	1.516711	0.620509	-0.194443	-0.460874	-1.214115	-2.419823	-1.605830	-1.522974	-0.031075	-0.709374	0.226091	0.828431	-1.445358	0.022775	-1.297127	-0.532790	0.178605	0.372793	0.103052	-1.594133	0.686204	0.473667	-0.245214	-0.293648	-0.081323	-0.861997	-1.298438	-1.274140	-0.668279	-0.515443	-1.693902	-0.908853	1.024111	0.196781	0.008631	0.004312	-0.829127	0.495904	-0.708653	-1.060995	-0.921872	-1.163984	0.811336	-0.275051	-1.004523	-1.977964	-0.685824	-0.185475	-0.172991	-0.381330	-1.047220	-1.052703	-0.728926	-0.190219	-1.095861	-0.614136	3.002283	1.336830	-0.362054	-1.432745	-0.579238	-0.202503	-0.176593	-1.057476	0.467574	-0.638171	-0.193228	-0.347942	0.078387	-0.427055	0.893369	-0.796519	0.010912	0.356798	-0.503399	0.771713	-1.138113	-0.408132	-1.580987	-1.098269	1.100340	0.481143	1.019351	-0.238534	-0.953880	0.311175	2.467365	0.379836	0.626667	0.890905	-1.009867	-1.346429	-0.971085	2.004807
-0.601989	-0.979199	0.673283	0.584680	-1.160561	-1.323595	-0.972583	-0.600244	0.327139	-0.408557	-0.019326	0.175351	-0.366243	-1.063710	0.164466	1.192208	2.424907	0.894998	0.889676	0.533841	-0.966668	-0.173780	0.203259	0.154879	1.710287	-0.077223	1.374646	1.796665	-0.198477	-0.022075	-1.185567	-0.537033	-0.292910	-0.731802	-0.698367	-2.486353	-0.121266	-0.938821	0.269501	-0.214295	0.484386	0.330394	-1.693195	-1.880613	-1.050866	-1.747289	-2.098814	-1.794938	1.069529	0.361251	-0.623877	-0.824233	0.049127	1.382221	-0.898224	-0.133991	-0.854817	-0.964297	0.715433	0.556718	-0.549875	-1.440239	-2.114028	-1.337366	-0.073323	0.436064	0.416546	-0.148460	-0.158988	-2.070371	-2.616408	-1.593503	2.177390	2.088959	-0.189464	-0.799876	-0.896094	-0.089674	-1.607368	-2.199466	1.077556	-0.533497	0.050564	-0.035361	-0.435983	-0.821917	1.175309	0.858795	0.989788	0.600409	0.614931	0.881684	-1.983910	-2.300243	-2.433974	-2.349786	0.249834	0.706721	0.793989	-0.799221	-0.165644	0.903193	1.779392	-0.438561	0.542486	-0.091188	-1.973505	0.341645	0.273954	0.426553
0.263790	0.407219	0.917028	0.311776	-0.548910	-0.180186	0.110276	0.651676	1.363167	0.797556	0.421484	1.032078	-0.214840	-0.802699	0.506781	1.234962	2.188544	0.791688	1.777559	1.595952	-0.326500	1.860828	2.204963	1.763109	2.689843	0.740266	1.821054	1.359912	1.409844	0.025606	-1.026525	-0.404843	-0.354096	-1.175683	-1.104206	-1.746339	-0.390678	-1.263385	1.155824	0.589486	1.226483	1.274185	-1.178202	-1.928053	-1.559873	-2.208906	-1.320854	-1.893248	0.354075	-0.291461	-0.563196	-1.026880	0.544204	0.996523	-0.510435	0.949827	-0.130921	-0.156507	0.736392	1.453424	0.311006	-0.064277	-2.296351	-1.660292	0.063614	1.135663	1.566220	1.114153	0.666208	-2.336622	-2.534135	-1.683605	0.358235	0.877580	0.584393	0.131459	-0.930104	-0.145438	-1.931051	-2.127120	1.070410	-0.116956	0.461901	0.668761	-0.534006	-0.150738	1.077491	1.825509	1.336488	0.780107	1.431177	0.809689	-1.673643	-2.412522	-2.319125	-2.247020	-0.241957	0.901775	0.670128	-0.651706	0.493278	0.026283	0.593137	-0.494537	0.615655	-0.313009	-1.696775	1.298826	0.641428	-1.175454
0.778408	1.369094	0.881083	-0.327750	0.236802	0.883001	1.057793	1.513010	1.552494	2.003997	0.963488	2.210940	0.192314	0.241729	0.468559	0.334117	0.920117	0.441434	1.996693	2.255072	0.586736	2.411511	2.994395	2.565450	2.316760	1.260530	1.453291	0.510851	2.149685	0.610007	-0.868007	0.253111	0.027675	-0.707121	-0.418325	-0.033456	-0.040764	-0.483645	1.878028	1.756443	1.646874	1.665752	0.211682	-0.994139	-1.865730	-1.804292	-0.112537	-1.384841	-0.763613	-1.129213	-0.099625	-0.331600	0.180210	-0.369279	-0.048627	1.201788	0.376134	0.366921	0.914225	1.841770	1.169922	1.346936	-1.148988	-0.913047	0.158150	1.353027	1.437648	1.368350	0.972176	-0.636689	-1.117897	-1.030015	-0.730555	-1.021006	1.096293	1.175222	-0.583613	-0.420005	-0.885415	-1.113448	0.442128	0.476650	0.372830	0.929973	-0.259342	0.765985	0.405226	1.308597	0.830454	0.872036	1.278401	0.740121	-0.533460	-0.611939	-1.584511	-1.164096	-0.116689	0.907349	0.807053	-0.018492	0.235447	-1.737485	-0.160851	0.261338	0.924772	0.376650	-0.562405	0.830329	-0.434055	-1.800823
0.921282	1.710685	0.447524	-0.999688	0.785625	1.412975	1.459514	1.737855	1.378915	2.620185	1.101985	2.872204	0.460033	1.148001	-0.019710	-0.403174	-0.525376	-0.012486	1.456655	2.025183	1.420637	1.582566	2.355015	2.472879	1.108116	1.225781	0.587071	0.300638	1.468184	1.565434	-0.435634	1.329649	0.334112	0.000662	0.902727	1.151731	0.345922	0.324220	1.837192	2.321719	1.293248	1.560058	1.598410	0.652512	-1.445024	-0.866568	0.613999	-0.683272	-1.356536	-1.259270	0.019524	0.654481	-0.640546	-1.414527	0.076972	0.429981	0.210210	0.236239	0.966380	1.457820	1.436999	1.860511	0.304083	0.165435	0.125217	1.020325	0.427843	0.443143	0.502510	1.319174	0.347372	-0.256115	-0.752803	-1.651100	0.797117	1.860986	-0.089636	-0.578472	0.632579	-0.003511	-0.266504	0.905601	-0.215531	0.404748	-0.002572	0.882430	-0.322432	0.041225	0.055361	0.743277	0.337445	0.545513	0.481545	1.407192	-0.750375	-0.021341	0.172448	0.615862	0.782620	0.408848	-0.546842	-2.658041	-0.511220	0.962922	0.983018	1.099096	0.283886	-0.223911	-1.757131	-1.726053
0.864981	1.563007	0.068511	-1.010812	0.765327	1.300872	1.217536	1.381062	1.530902	2.421360	0.681640	2.428030	0.380735	1.217179	-0.588901	-0.362524	-1.262098	-0.425501	0.616748	1.028207	1.642025	0.426529	1.136826	1.871445	0.045630	0.827989	-0.412903	0.377634	0.061829	1.977839	0.253439	2.049588	0.266765	0.313577	1.628186	1.029551	0.317702	0.443674	1.077953	1.867173	0.377119	1.291073	1.961537	2.049731	-0.411989	0.162813	0.634297	-0.116970	-0.854950	-0.517730	-0.402439	1.082612	-1.065982	-1.180597	0.061943	-0.427974	-0.048928	0.053496	0.669129	0.665692	0.914610	1.194881	0.992651	0.603207	0.038624	0.441590	-0.490608	-0.792949	-0.231942	1.719704	0.901417	0.177673	-0.801661	-0.628479	0.033359	1.720728	0.200441	-0.264833	1.442648	0.662029	-0.355251	1.040088	-0.400335	-0.090166	0.088527	0.305388	-0.439865	-0.605984	-0.208619	0.463547	-0.555400	0.195823	0.641770	1.882358	-0.071355	0.681572	0.299406	0.273386	0.461660	0.435310	-0.726895	-1.756707	-1.022157	0.963395	0.476772	1.253717	0.144784	-0.529081	-1.757812	-1.646360
0.781018	1.194841	0.332677	0.061926	0.201509	0.741702	0.566315	0.765147	1.983961	1.756619	0.183944	1.233454	0.109424	0.473037	-0.714276	0.102680	-1.005477	-0.588606	0.057461	0.049693	1.068684	-0.145597	0.056258	1.166231	-0.425168	0.478887	-1.205172	-0.203856	-0.899182	1.225287	0.681770	1.770894	0.052752	0.143940	1.125029	0.105080	0.082264	0.255641	0.218051	0.978249	-0.416710	1.114219	1.123754	2.288842	0.419904	0.836671	0.382274	0.189768	0.369810	0.424973	-0.789714	0.665410	-0.539763	0.146787	0.325861	-0.332228	0.341456	0.509323	0.093355	0.057841	-0.021420	-0.104637	0.732885	0.112925	0.143055	0.135560	-0.712843	-1.407958	-0.456067	0.476884	0.637046	0.269559	-1.505324	0.773702	-0.504304	0.953301	0.119612	0.425367	1.012434	0.866851	0.438108	1.169940	0.510190	0.416686	0.266410	0.061635	0.077862	0.000268	0.229748	0.307152	-0.703101	-0.007531	0.015429	0.613379	0.360492	0.915707	0.409244	0.199440	0.322285	0.498732	0.328524	0.330103	-1.676513	0.503143	-0.245583	1.112858	-0.564676	0.406578	-0.167606	-1.450399
0.802361	0.854418	1.146042	1.684193	-0.461530	0.076012	-0.028568	0.295018	2.041395	1.091781	0.180665	0.240782	-0.138512	-0.639764	-0.268053	0.447640	-0.159853	-0.304541	-0.055351	-0.210447	0.267814	0.057681	-0.824209	0.580588	-0.517662	0.455791	-1.426834	-1.157834	-0.925253	0.057093	0.477785	0.864505	-0.016767	-0.345398	0.106758	-0.626954	0.257834	0.504037	-0.176728	0.526452	-0.631850	0.978334	-0.034564	1.349637	0.495220	0.833148	0.313672	0.316290	1.354758	0.793447	-0.570621	-0.140621	0.662051	1.521738	0.814401	0.620700	1.179968	1.362108	-0.494407	-0.167738	-0.731988	-1.128872	0.130415	-0.732325	0.536617	0.407562	-0.134382	-1.000476	0.183274	-0.999509	0.240723	0.244355	-1.922579	1.387118	-0.466144	0.425359	-0.138480	1.030364	-0.173107	0.754141	1.636695	1.620026	1.931397	1.641851	0.718329	0.633119	0.583482	1.263939	0.802987	0.354211	-0.193069	0.145166	-0.679381	-1.075782	0.381741	0.648312	0.643770	0.423135	0.755309	0.961551	2.069683	2.177264	-1.804755	0.246169	-0.489668	1.141860	-0.878332	1.933862	1.762108	-0.511493
0.921149	0.617263	1.649591	2.567523	-0.684749	-0.347009	-0.140553	0.197712	1.193171	0.532890	0.584753	0.059048	-0.353695	-1.676493	0.182970	0.594449	0.519893	0.387099	-0.026986	0.140856	0.054239	0.654965	-1.523425	0.196809	-0.477783	0.762186	-0.973836	-1.084915	-0.458437	0.000497	0.004233	0.449508	-0.036044	-1.051733	-0.218324	-0.702131	1.105718	1.224131	-0.060908	0.744660	-0.384188	0.713135	-0.441265	0.137403	0.232321	0.271794	0.500749	0.468546	1.376564	0.361438	0.081011	-0.675669	1.462409	1.863848	0.990523	1.307799	1.523704	1.646762	-0.835505	-0.261728	-0.786387	-1.283861	-0.159308	-1.117670	0.866263	0.978292	0.944639	0.168460	1.255875	-1.402911	0.164903	0.249955	-0.922040	1.200155	0.037672	0.703546	-0.172879	1.256809	-0.999893	0.417980	2.284127	2.172487	2.463709	2.185720	1.133139	1.282555	0.468552	2.005709	0.789954	0.317514	0.240039	0.346756	-0.723093	-1.706505	-0.064854	-0.150996	0.762477	0.719041	1.343333	1.567285	3.174454	2.737972	-1.141569	0.452893	0.025118	1.219121	-0.334741	2.903466	2.452265	1.011223
0.845295	0.352464	1.156414	1.845398	-0.309391	-0.288851	0.256536	0.422682	-0.219086	0.013150	0.756335	0.519586	-0.565688	-2.249428	-0.155035	0.621653	0.460940	1.131271	-0.200393	0.418830	0.498400	1.050816	-1.709880	-0.011304	-0.301020	1.185938	-0.347513	0.365760	-0.192461	1.373464	-0.088552	1.070971	-0.257300	-1.768048	0.372369	-0.387483	2.018056	1.721490	0.148430	1.140574	-0.060602	0.358514	0.086970	-0.390656	0.424031	-0.246271	0.751869	0.766905	0.536373	-0.439999	0.518565	-0.660886	0.865246	0.855177	0.550106	0.961905	0.917944	0.901263	-0.763375	-0.386774	-0.273229	-0.694197	0.068361	-0.712467	0.614968	1.202714	1.725554	1.236682	1.768800	-0.583313	0.349503	0.314434	0.836681	0.691685	0.533222	1.229142	0.116601	1.166577	-0.703975	0.020386	1.660328	2.135880	1.479566	1.209829	0.982757	1.100070	-0.200474	1.512572	0.129122	-0.013647	0.068550	0.173673	0.017007	-0.886908	-0.619108	-1.078979	0.471850	0.858152	1.242957	1.681216	2.642219	1.750207	-0.336941	0.785616	0.827283	0.881719	0.630605	2.457870	1.291873	1.911886
0.277290	-0.005282	0.066959	0.102399	0.309264	0.235512	0.721000	0.758159	-1.189640	-0.239079	0.417999	1.073487	-0.552782	-2.000964	-1.255573	0.393069	-0.187321	1.553384	-0.516305	0.279943	0.835906	0.863093	-1.155318	-0.112435	-0.072591	1.448670	-0.340897	1.555111	-0.403662	2.535095	0.225747	1.938056	-0.537546	-2.004637	0.940978	-0.104630	1.994450	1.540950	0.046954	1.167270	0.136750	0.188022	0.760957	-0.073512	1.110529	-0.162175	0.912706	1.079067	-0.269381	-0.793482	0.532050	-0.226894	-0.746401	-0.659270	-0.094880	0.124443	0.037622	-0.105442	-0.181018	-0.241244	0.308434	0.025155	0.616957	0.170940	-0.135784	0.839414	1.353831	1.293332	1.044843	0.658331	0.548293	0.466336	1.359162	0.039757	0.392161	0.912804	0.280221	0.855910	0.373004	-0.159912	0.039176	1.196958	-0.027638	-0.392212	0.296917	0.339677	-0.710965	0.163633	-0.375526	-0.282766	-0.332682	-0.134224	1.012977	0.585092	-0.712777	-1.386865	-0.061998	0.740711	0.326223	0.989979	0.787332	-0.232084	-0.124078	0.823638	1.186169	0.168130	1.206570	0.678259	-0.888496	1.276465
-0.452205	-0.143786	-0.432954	-1.009765	0.713426	0.910833	0.798415	0.988288	-0.896354	0.125151	0.081507	1.307998	-0.022130	-0.910876	-1.866400	-0.048326	-0.530737	1.618649	-0.550714	0.110656	0.572602	0.374362	-0.251141	-0.061917	-0.101115	1.419591	-1.144311	0.861793	-0.851169	1.840213	0.357707	1.878881	-0.364778	-1.378079	0.799654	0.096420	0.841331	1.082127	-0.299313	0.780676	0.263864	0.406646	0.861362	0.552130	1.536872	0.495649	0.988809	1.176568	-0.068568	-0.089033	0.583091	0.380329	-1.503471	-1.180421	-0.234684	-0.030523	-0.081595	-0.143485	0.895426	0.594473	0.582711	0.457237	1.176714	1.011021	-0.509631	0.436676	-0.000791	0.312573	-0.375332	1.325068	0.712337	0.784346	-0.067612	-0.560797	-0.515579	-0.317888	-0.055954	0.359593	1.151826	0.086682	-1.253883	0.026045	-0.457358	-0.907491	-0.139450	0.129537	-0.348667	-0.826310	0.152214	0.118118	-0.094566	0.179588	1.541370	1.572501	-0.193600	-0.787005	-0.295957	0.405628	-0.467804	-0.099494	-0.741462	-1.833075	-0.391934	0.580514	0.859626	-0.251824	0.941968	-1.157227	-2.346278	-0.286621
-0.422003	0.370477	0.254106	-0.483644	0.867975	1.346554	0.551340	1.004672	0.499600	0.873189	0.295186	1.052160	0.838314	0.355120	-0.751930	-0.196982	0.149129	1.507915	-0.034193	0.358568	0.173215	0.344011	0.352947	0.272979	-0.428850	1.220852	-1.992788	-1.100751	-1.054563	-0.127002	0.063987	0.872393	0.370743	-0.258929	0.454827	0.349724	-0.363283	0.982314	-0.413860	0.351194	0.368368	0.894052	0.631785	1.028074	1.221289	1.179252	1.024464	1.025962	1.155415	1.316603	0.987568	0.885242	-0.042955	0.014496	0.298612	0.823954	0.689892	0.984267	2.141174	1.940093	0.687065	0.745110	1.496756	1.511037	0.161371	0.619397	-0.964415	-0.690671	-1.062148	0.918608	0.981904	1.258972	-1.699167	-0.538657	-1.356940	-1.099014	-0.412721	-0.031778	1.003975	0.683918	-0.980655	-0.334023	0.534928	0.115170	0.269642	0.822208	0.797505	-0.521678	1.499540	1.116852	0.899853	1.210964	1.265429	1.492244	0.475152	0.085277	0.075181	-0.012016	-0.273652	-0.799790	-0.378041	-1.632134	-0.470452	0.431432	0.222882	0.030159	0.065626	-1.420865	-1.823305	-1.164554
0.761533	1.376537	1.239757	0.780184	1.140359	1.425353	0.476020	0.892662	1.837077	1.139187	0.789169	0.365596	1.279447	0.805957	1.515035	0.209684	1.332739	1.150310	0.737733	0.776292	0.208317	0.978108	0.524684	0.796821	-0.503563	1.026400	-1.966438	-2.253789	-0.660014	-1.266243	-0.095603	0.052294	0.899450	0.301015	0.661364	0.410521	-0.427979	1.098665	-0.005312	0.200151	0.341521	1.269453	0.892582	1.393614	0.560967	1.355736	0.916519	0.745732	2.202673	2.090715	1.268035	0.954034	2.457204	1.857416	0.886063	1.704819	1.315865	2.010629	2.844624	2.862376	0.953296	1.147624	1.406305	1.593738	1.218469	1.088073	-0.493532	-0.823939	-0.335510	-0.127295	1.356372	1.597925	-1.444941	0.327753	-1.130752	-0.272737	0.093104	0.142469	0.373049	1.238460	0.534609	0.281605	1.482944	1.135328	0.913470	1.257142	1.617573	0.616279	2.223334	1.686040	1.517663	1.850108	0.452409	0.574074	0.773081	0.357919	0.720408	-0.406013	0.449315	-0.705557	1.567049	0.277644	-0.138467	0.570684	-0.263604	0.454284	-0.693957	0.112803	0.118220	-0.490098
2.157676	1.985344	0.965231	0.837997	1.689115	1.328381	0.836328	0.856341	1.909236	0.379222	0.781044	-0.379526	0.729427	0.131023	2.677266	0.538739	1.559009	0.212933	1.149350	0.683676	0.318044	1.395977	0.685544	1.043983	0.234664	0.779393	-0.997961	-1.632309	0.254389	-0.716774	0.484605	0.153297	0.298849	-0.366930	1.115371	-0.261509	0.471807	0.600693	0.567739	0.307800	0.083812	1.196125	1.892354	1.861572	0.216583	0.916305	0.437054	0.307498	1.848160	1.239716	0.704753	0.424389	3.207358	2.366897	0.756472	1.417649	0.692813	1.509798	2.331788	2.476415	1.284452	1.433418	0.842255	1.209615	1.142476	0.832307	0.710663	-0.392997	0.768284	-0.754740	1.517454	1.325662	0.508038	1.230408	-0.004853	1.377518	1.402999	0.792379	0.126477	1.276157	1.442564	0.858155	0.687366	0.338883	0.455031	0.128393	0.938693	0.986853	1.071690	0.877879	0.569247	0.961196	-0.314144	-0.507449	0.707870	-0.034927	0.949707	-0.811086	0.353907	-0.189169	2.911144	1.935147	0.050608	0.657809	-0.503811	0.054506	-0.697556	1.636666	1.468941	0.882481
2.344158	1.485192	-1.000741	-1.006687	2.018467	1.144529	1.215544	0.900996	0.592084	-0.889568	-0.030725	-0.709880	-0.518211	-0.858430	1.248888	-0.028386	0.070855	-1.288199	0.894768	-0.095057	-0.245229	0.686806	1.033325	0.606375	1.466782	0.281466	0.153850	-0.207713	1.190916	0.222129	1.576714	0.583089	-1.305619	-1.658250	0.883453	-1.618531	0.982949	-0.809360	0.588332	0.388709	-0.331303	0.631655	2.839062	2.332732	0.287205	0.169262	-0.471354	-0.446580	0.280040	-0.599781	-0.667036	-0.448198	1.037874	0.767761	-0.252406	-0.130934	-1.106537	-0.486434	0.660947	0.879580	1.153939	1.049109	-0.078173	0.371946	-0.621410	-0.521752	1.020092	-0.329300	0.745653	-0.421066	1.098665	0.267204	2.074708	1.187146	0.768802	1.788129	2.249425	1.024862	0.504430	0.624766	0.349736	0.349690	-1.758116	-2.109442	-1.461034	-2.218586	-1.006446	-0.349179	-1.478795	-0.961403	-1.613971	-1.087561	-0.669398	-1.209983	0.656862	-0.340384	0.360884	-1.312420	-1.049969	-0.005983	1.908753	1.538536	-0.480391	0.142112	-0.688206	-1.312639	-0.100389	1.192291	0.984902	1.322227
0.984035	0.206238	-3.245578	-3.164833	1.384327	0.639047	0.881786	0.677681	-1.030738	-1.588926	-1.160747	-0.564039	-1.584713	-1.089172	-1.549568	-1.272535	-2.140924	-2.664778	0.242585	-0.883094	-1.289430	-0.720837	1.112473	-0.286414	2.098912	-0.388833	0.804261	0.704173	1.677625	0.107032	2.292518	0.345111	-2.659465	-2.226164	-0.142749	-2.611928	0.256005	-2.210426	-0.208276	0.186604	-0.748240	-0.168856	2.629845	2.357143	0.337104	-0.458526	-1.457552	-1.398188	-1.164313	-1.785669	-1.978897	-1.188744	-2.172748	-1.594195	-1.602273	-1.886467	-2.823919	-2.454184	-1.256771	-0.913192	0.281179	-0.109653	-1.058436	-0.684786	-2.748577	-2.037889	0.009857	-0.719537	-0.396185	0.180004	0.107688	-1.107934	1.947696	0.410216	0.434430	0.091507	1.601187	0.074883	0.912624	-0.408272	-1.918962	-1.059258	-3.854362	-4.021474	-3.411513	-3.905711	-2.427935	-2.304122	-3.500919	-2.373593	-3.273586	-2.621529	-0.763288	-1.445648	0.748270	-0.011128	-0.776796	-1.821166	-2.588236	-0.508705	-0.682319	-0.377353	-1.484156	-1.011843	-0.960853	-2.608806	0.124744	-0.876830	-0.312941	0.231424
-0.893723	-0.834365	-3.831958	-3.399134	-0.272382	-0.352697	-0.359542	-0.075532	-1.730019	-1.163652	-1.926486	-0.351507	-1.869599	-0.382830	-2.978996	-2.024531	-3.278000	-3.117079	-0.277650	-0.845519	-1.709112	-1.420457	0.444015	-0.823623	1.454676	-0.744045	0.928010	0.885277	1.705468	-0.759394	1.970678	-0.595611	-2.648408	-1.429253	-1.050902	-2.162133	-1.064571	-2.373731	-1.200778	-0.232411	-1.039394	-0.825647	0.954111	1.551391	0.011438	-0.740284	-1.959580	-2.026714	-1.719632	-1.637832	-2.375239	-1.492077	-3.731515	-2.705096	-2.562450	-2.736425	-3.215679	-2.960505	-2.414596	-1.962106	-0.909246	-1.368342	-1.753648	-1.555047	-3.354151	-2.451155	-0.975984	-0.610611	-1.155333	-0.022298	-1.016168	-2.026685	0.904109	0.044112	-0.381607	-2.231693	-0.052548	-1.652927	0.683008	-1.298101	-3.074214	-2.098358	-3.715899	-3.504577	-3.536306	-3.462916	-1.827477	-2.791569	-3.540280	-2.251696	-3.016904	-2.419433	-0.985577	-1.404987	0.667138	0.615763	-1.720218	-2.026177	-2.658689	-1.258575	-2.417085	-1.578535	-2.037326	-2.056037	-1.228919	-2.608801	-0.713619	-2.167828	-0.505854	-1.379458
-2.072022	-1.050944	-2.261861	-1.338354	-1.967532	-1.403018	-1.748912	-0.951189	-1.230656	0.018192	-2.001274	-0.333408	-1.443792	0.515325	-1.794446	-1.521899	-2.572575	-2.486655	-0.314017	0.107820	-0.906227	-0.766253	-0.593994	-0.389074	0.109391	-0.401050	0.876237	0.886146	1.617091	-1.046550	0.722050	-1.341574	-1.403181	0.047667	-1.191635	-0.480458	-1.723530	-1.212089	-1.386310	-0.449187	-1.015682	-1.005503	-1.300210	0.064523	-0.602076	-0.752009	-1.739431	-1.942814	-1.936844	-1.101803	-1.718615	-1.280471	-2.996192	-1.979244	-2.691139	-2.422249	-2.166225	-2.045866	-2.518436	-2.114645	-1.620334	-1.854114	-1.954610	-1.914907	-2.020716	-1.546578	-0.624918	0.503060	-0.566117	-1.007207	-1.790477	-2.152700	0.360017	0.524512	-0.642044	-3.041622	-1.295748	-2.880215	-0.170712	-1.746767	-1.936475	-1.816534	-1.503935	-0.988293	-1.585164	-1.321458	0.146109	-1.198376	-1.983469	-0.899434	-1.228659	-0.898125	-1.407786	-1.162057	0.116940	0.817005	-1.835700	-1.641284	-1.019326	-1.444342	-1.952674	-0.888371	-1.596517	-2.108322	-1.226680	-1.139017	-1.923525	-1.144221	0.637869	-2.157050
-2.120077	-0.733633	0.057791	1.072976	-2.482608	-1.728380	-2.143938	-1.107837	-0.209192	1.155898	-1.450797	-0.240548	-0.751985	0.888627	0.560631	-0.230385	-0.889356	-1.258260	0.128837	1.225273	0.475350	0.379135	-0.896603	0.777110	-0.751549	0.304243	0.828421	1.010382	1.611411	-0.337160	-0.699858	-1.234598	-0.011937	1.068770	-0.967299	0.982197	-1.340410	0.044476	-0.393035	-0.089646	-0.426127	-0.554572	-2.676843	-1.358712	-1.108919	-0.687299	-1.169753	-1.436560	-2.404908	-1.195530	-0.603424	-0.600618	-1.384960	-0.583528	-1.964149	-1.464216	-0.654100	-0.944707	-1.969070	-1.749425	-1.417567	-1.340267	-1.705060	-1.717699	-0.118429	-0.250231	0.586894	1.621711	0.549476	-1.619648	-2.066102	-1.846397	0.547811	0.961949	-0.199368	-1.924055	-1.389281	-2.767025	-1.002048	-1.806671	0.232224	-0.636192	0.803507	1.301774	0.719252	0.705386	1.297997	0.763982	-0.405030	0.425049	0.453180	0.516717	-1.636206	-0.634189	-0.707148	0.415086	-1.082662	-0.696423	0.957854	-0.742308	-0.381464	0.534969	-0.695275	-1.084686	-0.767897	0.742525	-1.973687	0.947246	1.387481	-1.827113
-1.243739	-0.413480	1.278294	1.699028	-1.571450	-1.078422	-1.113744	-0.273453	0.597227	1.665881	-0.587103	0.238961	-0.227419	0.665791	1.830729	0.811800	0.412219	0.036260	0.757307	1.689632	1.433598	0.837012	0.202212	1.791776	-0.661360	0.489212	0.710981	1.089506	1.532537	0.448506	-1.371370	-0.541853	0.630313	1.215906	-1.085220	1.032958	-0.659174	0.183244	1.043254	0.655833	0.690531	0.352802	-2.297404	-1.889605	-1.114886	-0.582383	-0.846863	-1.177862	-2.508538	-1.503305	0.107664	0.243268	-0.230765	0.114348	-0.705646	-0.507399	0.238770	-0.636409	-1.255516	-1.188249	-0.602782	-0.436581	-1.247998	-1.183811	0.810726	0.478790	1.018124	1.303806	0.738789	-1.072891	-1.973863	-1.613646	0.684657	0.440514	0.318477	-0.357768	-0.799875	-1.607123	-1.179950	-1.589459	1.243648	0.141189	1.445318	1.704823	1.457823	1.217589	0.429717	1.050156	0.150389	0.799407	0.870073	0.868291	-1.274768	0.071902	-1.213712	-0.031955	-0.020883	0.419976	1.711575	0.265251	0.360191	0.915049	-0.311448	0.164838	0.004915	1.699665	-0.366871	1.661424	0.492151	-1.085256
0.170740	-0.192383	0.834445	0.419714	-0.217312	-0.139199	0.536209	0.754667	0.980543	1.457296	0.148750	0.832962	-0.132228	0.165648	1.368050	1.117965	0.824584	1.135172	1.170830	1.389649	1.660916	0.493771	2.015888	1.967550	-0.216839	-0.324901	0.521732	0.941392	1.171340	0.412153	-0.779243	0.009994	0.482701	0.905947	-1.503559	-0.026448	-0.475916	-0.726990	1.701210	1.045996	1.717733	1.159768	-0.595646	-1.349132	-0.469885	-0.295560	-0.895261	-1.334046	-1.292672	-0.878102	-0.065172	0.649409	0.353051	-0.086947	0.517737	0.091793	0.219690	-0.930208	-0.618919	-0.602825	0.087421	0.052891	-0.816804	-0.632204	0.553269	0.500866	0.005837	-0.390242	-0.233355	0.074224	-1.607725	-1.458943	0.394268	-0.682084	0.520176	0.260310	-0.267742	-0.264184	-0.616286	-1.035504	0.448757	-0.210203	0.469134	0.629512	0.435701	0.393773	-1.301789	-0.293691	-0.027499	0.328432	0.325405	0.364908	-0.414845	0.559293	-0.953957	0.074425	0.624639	1.169567	0.909116	0.640527	-0.248704	0.055799	-0.602555	0.694495	0.638898	1.194690	1.493438	0.333794	-1.068856	-0.494404
1.519286	0.090897	-0.322746	-1.017750	0.371978	0.155422	1.408502	0.884819	0.979587	0.837749	0.419632	0.903457	-0.440547	-0.337717	0.332987	1.006719	0.793831	1.828500	1.093852	0.870084	1.406428	0.065071	2.941065	1.342061	-0.136062	-1.580840	0.493763	0.637546	0.603193	-0.233303	0.684796	0.051173	0.064172	0.641547	-1.536066	-0.801566	-0.717873	-1.540516	1.007576	0.502295	1.834106	1.206252	1.010523	-0.442879	0.573195	0.190960	-0.813698	-1.308058	0.780419	0.708174	-0.771815	0.248655	0.667400	-0.459191	1.107746	0.209774	-0.212697	-0.994285	-0.199597	-0.250850	0.124718	-0.100368	-0.457980	-0.280787	0.007799	0.266652	-1.325327	-1.728887	-1.276366	0.755946	-0.939597	-0.986077	0.143919	-1.277844	0.596346	0.072411	0.064758	0.677167	0.212205	-0.126357	-0.797285	-1.111340	-0.678946	-0.289918	-0.838833	-0.490255	-1.856765	-1.274631	-0.045543	-0.263276	-0.079461	-0.141808	0.434099	0.573872	-0.063930	0.666860	0.473455	1.145272	-0.504569	0.070414	-1.148162	-0.802163	-0.675077	0.318046	0.702199	-0.205003	1.747823	-1.354050	-1.426945	-0.046132
1.968976	0.332672	-0.938863	-1.080166	-0.100734	-0.402173	0.761860	-0.099410	0.446675	0.218121	0.248162	0.259004	-0.782646	-0.648648	-0.016018	0.969400	0.866680	1.826366	0.567793	0.622467	0.811737	-0.104561	1.915718	0.438259	-0.379952	-2.186805	0.841873	0.366581	0.092334	-0.634299	1.827739	-0.158298	-0.149382	0.533024	-0.826053	-0.340276	-0.708968	-1.318394	-0.462638	-0.707732	0.838576	0.300505	1.310146	-0.111888	1.408285	0.571342	-0.108475	-0.535734	1.985318	1.864903	-1.154953	-0.525346	0.602521	-0.426515	0.791476	-0.165978	-0.459897	-0.497746	-0.124740	-0.372069	-0.389064	-0.447365	-0.045527	-0.127389	-0.095445	0.102686	-1.573369	-1.343494	-1.437186	0.761889	-0.049797	-0.066935	0.295197	-0.910918	0.820219	0.104585	0.437826	1.113121	0.666730	0.784154	-0.963680	-1.466090	-0.832445	-0.126197	-0.914764	-0.473680	-0.653511	-0.406799	0.476615	-0.426829	0.257896	-0.081095	0.866395	0.378151	0.798259	1.085294	-0.273674	0.316602	-1.349591	-0.836096	-1.344549	-0.819886	0.201784	-0.387379	0.143113	-1.347157	0.203216	-1.649185	-0.277231	0.349689
1.114524	0.205294	-0.615563	0.055704	-0.949924	-1.159592	-0.829938	-1.353154	-0.704784	-0.192119	-0.012856	-0.535373	-0.713778	-0.574029	0.398808	1.098720	1.129875	1.113073	-0.059857	0.597432	-0.061768	-0.329687	-0.524135	-0.277648	-0.387020	-1.583632	1.394498	0.258476	-0.280682	-0.394896	1.625990	-0.084599	0.015110	0.503941	0.181134	0.899259	-0.116534	-0.188294	-1.573196	-1.643353	-0.502945	-0.935948	0.313094	-0.571782	1.483548	0.513527	1.046406	0.709474	1.477803	1.520529	-0.792672	-0.782462	0.075910	-0.026129	-0.087795	-0.804872	-0.350101	0.086773	-0.267105	-0.763598	-0.823685	-0.439166	0.549347	0.012413	0.160529	-0.013509	-0.733650	0.128398	-0.824374	0.704158	0.748405	0.867428	0.421444	-0.210483	1.188004	0.755043	0.857234	1.174926	0.472487	1.135412	0.011804	-0.926407	-0.093754	0.597556	0.192455	0.271940	1.036908	1.601293	1.166695	-0.142967	1.010656	0.421763	0.947814	0.455797	1.009422	0.821747	-0.981293	-0.845116	-1.158126	-1.252353	-0.923537	-0.368696	1.516285	-0.733573	-0.626994	-1.352968	-1.412080	-0.656347	0.944878	0.555753
-0.376447	-0.297346	0.170700	1.094178	-1.359322	-1.342327	-2.017082	-1.882885	-1.940539	-0.468972	0.030625	-0.769865	-0.145653	-0.105886	0.806565	1.133890	1.386822	0.248173	-0.420580	0.415878	-0.787608	-0.735349	-2.654915	-0.637065	0.106355	-0.182366	1.574747	0.333137	-0.727313	0.164737	0.255152	0.509207	0.494885	0.562814	0.805386	1.653262	0.625252	0.995215	-1.614045	-1.586659	-1.087346	-1.475692	-0.903929	-1.133435	0.819370	0.145184	1.921776	1.584320	0.432527	0.328709	-0.097735	-0.193950	-0.358110	0.459032	-0.680848	-1.107014	-0.003129	0.283260	-0.145064	-0.766241	-0.551867	0.024342	1.272243	0.316109	0.381617	-0.093838	0.153841	0.991593	-0.065553	0.816298	1.129940	1.298219	-0.089339	0.123792	1.527598	1.429944	1.047477	1.061312	-0.054771	0.767392	1.091771	-0.104424	0.725058	0.927605	1.368490	0.930055	1.744992	2.822451	1.514102	0.276648	1.561670	0.850679	1.024075	0.876882	0.561214	0.094650	-1.002236	-1.535733	-0.300067	-0.929618	-0.410900	-0.048018	2.070822	-0.446470	-0.987653	-0.257216	-1.337895	0.309304	1.113153	0.529290
-1.254794	-0.718526	0.830161	1.226556	-1.060168	-0.764968	-1.852015	-1.442351	-2.287194	-0.782037	0.539100	-0.382357	0.604337	0.432999	0.611718	0.825447	1.471698	-0.063316	-0.473036	-0.135620	-0.783884	-0.834683	-3.065498	-0.722188	0.754308	1.133042	0.871411	0.466820	-1.398031	0.604670	-1.077168	1.223505	1.097831	0.698517	0.907581	1.294703	0.857176	1.564278	-0.718928	-0.695915	-0.476047	-0.848224	-1.349454	-1.085656	0.059950	0.013216	1.951675	1.619394	0.446996	-0.182281	0.429058	0.645800	-0.022965	0.836329	-0.252528	-0.469288	0.561216	0.320723	0.608882	0.038563	0.462885	0.602740	1.817935	0.767444	0.505887	0.054393	0.550019	0.719881	0.515394	0.536122	1.036209	1.183276	-1.109451	0.070228	1.591624	1.443256	0.821234	0.939332	-0.349820	0.179960	1.530638	0.334748	1.180514	0.713817	1.783355	1.061937	1.274732	2.288169	1.418815	0.547212	1.682016	0.881992	1.223005	1.182444	0.060889	-0.397281	-0.132336	-1.137883	0.537791	-0.185040	0.067365	0.193381	1.473682	0.296790	-0.551650	1.029448	0.381986	0.505434	0.572334	0.521428
-1.016320	-0.721778	1.164112	0.760791	-0.270653	0.117922	-0.525692	-0.563206	-1.345909	-1.152977	1.271870	-0.007671	1.199649	0.674304	-0.121694	0.141162	1.257612	0.218844	-0.528703	-0.920375	-0.087968	-0.289448	-1.796614	-0.798569	0.999817	1.688470	-0.565866	0.390867	-2.013849	0.767737	-1.461864	1.237755	1.573634	0.760065	0.874386	0.454444	0.478281	1.495412	0.476350	0.232688	0.745385	0.301913	-1.015979	-0.584103	-0.155298	0.418951	1.221107	1.110672	1.370779	0.417668	0.961713	0.997021	0.891742	0.910095	1.095846	0.982495	1.397086	0.733716	1.643407	1.173583	1.497078	0.883896	1.788443	1.153370	0.695765	0.446699	0.761840	0.365079	0.851371	-0.422808	0.666429	0.881305	-1.818535	-0.124439	1.049381	0.743060	0.205938	0.765004	-0.204474	-0.013570	1.327713	0.357034	1.403393	0.532269	1.546671	0.916005	0.502622	0.733876	1.111416	0.590214	1.500988	0.632245	1.270212	0.965150	0.070026	-0.254926	1.187386	0.242915	0.926358	0.632311	0.526060	0.515620	0.579558	1.083468	0.498241	1.513713	2.090144	0.186642	0.032262	0.663536
-0.447145	-0.580888	1.216071	0.349319	0.646341	0.673918	0.893921	0.054983	0.093078	-1.407283	1.604770	-0.233019	1.528889	0.622827	-0.873730	-0.738131	0.644490	0.377787	-0.845771	-1.616549	0.480540	0.364852	-0.074627	-1.145411	0.582993	1.257548	-1.834517	-0.130075	-2.023848	0.594365	-1.204792	0.051485	1.703407	0.675723	0.929910	0.140353	0.030034	1.130105	1.352663	0.544015	1.533539	0.797759	-0.617252	-0.415761	0.084800	0.918428	0.266355	0.613023	1.565371	0.981828	1.852036	0.800127	1.402403	0.441358	2.341192	2.192905	2.219231	1.421299	2.012317	1.590311	1.586802	0.650875	1.033359	1.233504	0.853690	0.606139	0.858858	0.690204	0.745756	-1.207169	0.250181	0.635165	-1.580968	-0.517604	-0.227458	-0.291248	-0.687550	0.265620	0.025150	0.177627	0.626682	0.243026	1.454160	0.657550	1.113241	0.812375	0.192995	-0.591282	0.742886	0.474065	1.101861	0.369888	0.840654	0.374935	0.466874	0.201286	2.094523	1.755697	0.881157	1.339041	0.562057	0.446085	0.364378	1.464897	1.490626	1.003923	2.331324	-0.312950	-0.631031	0.592006
-0.607015	-0.793933	0.965218	0.135395	1.307770	0.600190	1.395467	0.102993	0.776085	-1.345737	0.971397	-0.910814	1.554663	0.616339	-1.115700	-1.469161	-0.233290	-0.157644	-1.243108	-1.942392	0.166768	0.252644	0.925167	-1.714580	-0.286455	-0.003467	-1.976550	-1.006130	-1.193767	-0.025046	-1.228783	-1.860388	1.396207	0.654629	0.808388	0.515860	0.033641	0.679168	1.531937	0.208977	1.236846	0.148767	-0.639717	-0.940624	-0.001600	0.694520	-0.464497	0.358294	0.188902	0.373999	2.612569	0.511480	0.911730	-0.515698	2.380591	2.081743	2.321990	1.554571	1.121513	0.796588	0.422512	-0.036163	-0.118973	0.914741	0.636950	0.052188	0.270441	0.914691	0.106401	-0.740998	-0.099601	0.378926	-0.592380	-1.165436	-1.752559	-1.304910	-1.664757	-0.698509	-0.161070	0.168712	-0.541455	0.046570	1.008489	0.636433	0.553521	0.602913	0.325203	-1.232544	0.244178	0.277273	0.438385	0.138817	-0.001947	-0.101829	0.592880	0.316259	1.880640	2.431743	0.629037	1.691025	-0.227321	-0.520164	0.819434	1.146111	1.751990	0.151725	1.204339	-0.990447	-1.696191	-0.102124
-1.481866	-1.281688	0.393532	-0.108471	1.385134	0.143120	0.824900	-0.205634	0.298491	-0.978552	-0.444061	-1.343274	1.227435	0.876431	-0.718224	-1.687570	-0.959260	-1.067468	-1.284289	-1.834475	-0.889122	-0.716180	0.917309	-2.064017	-1.099512	-1.587425	-0.919552	-1.761808	0.031790	-0.960625	-1.829589	-3.248251	0.763965	0.919416	0.276245	0.886250	0.401803	0.096043	0.915565	-0.367555	-0.011015	-0.963887	-0.894323	-1.591283	-0.992769	-0.509130	-0.867051	0.283209	-1.651703	-1.017218	2.200896	0.401520	-0.055163	-1.381569	1.092243	0.746993	1.230411	0.618202	-0.512429	-0.494741	-1.220579	-0.796496	-1.035759	0.327006	-0.001006	-0.910113	-1.080028	0.027463	-0.608698	0.683855	-0.341728	0.078458	0.278366	-1.591138	-2.619253	-1.963445	-2.354430	-1.747601	-0.845396	-0.358234	-1.760084	-0.244477	-0.080674	0.038005	-0.267545	0.008741	0.431037	-1.469594	-0.398589	0.065862	-0.365271	-0.175346	-0.796732	-0.248139	0.060244	-0.185073	0.563817	1.937900	0.306253	1.392010	-1.377924	-1.795185	1.225583	0.198935	1.077323	-0.367317	-0.080354	-1.600609	-2.419746	-1.028930
-1.998751	-1.316787	-0.226571	-0.326875	0.866778	-0.122792	-0.104036	-0.405148	-0.567434	-0.580668	-1.594483	-1.130999	0.729070	1.272300	-0.081034	-1.297655	-1.229704	-1.579993	-0.862866	-1.527351	-1.835206	-1.651069	0.267992	-1.863686	-1.408637	-2.701587	0.381529	-1.884797	0.823163	-1.650464	-2.366000	-3.135608	0.142864	1.295777	-0.298620	0.774034	0.587323	-0.615397	-0.226467	-0.843253	-1.484665	-1.531303	-0.966053	-1.556507	-2.429569	-1.910494	-0.967990	0.370251	-2.325386	-1.740593	0.554290	0.380678	-0.498040	-1.448943	-0.492998	-0.504081	-0.532451	-0.710573	-1.651856	-1.071357	-2.072384	-1.036075	-1.255190	-0.206248	-0.547950	-1.307427	-2.015826	-1.332852	-0.734870	1.512963	-0.404536	-0.005824	0.248918	-1.181164	-2.324253	-1.826840	-2.331197	-2.124849	-1.548650	-0.886025	-2.108823	-0.270413	-1.203950	-0.736716	-1.037206	-0.687134	0.257733	-1.451395	-0.882855	-0.039053	-0.882090	-0.495690	-1.064143	-0.290840	-0.739849	-0.919036	-1.004927	0.772308	-0.028173	0.534817	-1.767200	-1.998761	1.181580	-0.870889	-0.161635	-0.461706	-0.618366	-1.465207	-1.645366	-1.072340
-1.361500	-0.421590	-0.401188	-0.127623	0.168155	0.143546	-0.575857	-0.228247	-0.872133	-0.434787	-1.492450	-0.614517	0.519544	1.537085	0.222031	-0.625577	-1.184352	-1.433136	-0.380745	-1.336576	-1.996563	-1.644686	-0.624581	-1.348753	-1.143700	-2.614354	0.932575	-1.264150	0.657737	-1.562233	-2.088917	-1.706253	-0.067723	1.336608	-0.294078	0.508707	0.233515	-1.130478	-1.257907	-1.142315	-2.335214	-1.348546	-0.793366	-0.721906	-3.061699	-2.284920	-0.664601	0.670513	-1.601018	-1.002365	-0.873820	0.380869	-0.073664	-0.583553	-1.183567	-0.535168	-1.629270	-1.104053	-1.541937	-0.550807	-1.491907	-0.389357	-0.804228	-0.336496	-0.417806	-0.600299	-1.330729	-1.460700	-0.218635	0.828515	-0.196551	0.358436	-0.599462	-0.110646	-1.239962	-0.732663	-1.417877	-1.359765	-1.580809	-0.596163	-1.079652	0.396367	-1.410985	-0.808493	-1.043196	-0.728625	-0.039374	-0.965545	-0.801489	0.074140	-0.756663	-0.556679	-0.646809	-0.471271	-1.068121	-1.222255	-1.717210	-0.216378	-0.166735	-0.219032	-0.915217	-0.606397	0.942388	-1.399980	-1.225552	-0.333501	-0.465532	-0.324124	0.466203	0.298079
-0.049086	0.845860	0.017751	0.538796	-0.277851	0.623227	-0.458822	0.123181	-0.535540	-0.510858	-0.309487	-0.353842	0.776258	1.503720	-0.018275	-0.151701	-1.139438	-0.991825	-0.223919	-1.235582	-1.430909	-0.715882	-1.443493	-0.991285	-0.619675	-1.236022	0.735854	-0.264796	-0.206325	-0.840737	-0.968565	-0.099149	0.199339	0.876811	0.242728	0.553403	-0.452825	-1.061802	-1.547380	-1.262014	-2.085135	-1.034717	-0.632349	0.267474	-2.107136	-1.191946	0.085669	0.994310	-0.612092	0.481820	-0.755901	0.444894	0.614826	0.574421	-0.806913	0.343135	-1.212353	-0.118186	-0.634689	0.220826	-0.033063	0.793291	-0.113144	-0.013005	0.310465	0.569690	0.479080	-0.009160	0.309151	-0.483675	0.208876	0.848242	-1.270047	0.658048	-0.179353	0.643713	0.077926	0.150088	-0.645874	0.515952	0.558480	1.405702	-0.509834	0.021364	-0.097013	0.137493	-0.253221	-0.078111	-0.200977	0.279623	-0.202408	-0.342497	0.184363	-0.669643	-0.704053	-0.783432	-1.143268	-0.498850	0.148643	-0.262990	0.305679	1.227570	0.818496	-1.097655	-1.410848	-0.000150	-0.113869	0.998196	2.215777	2.024584
0.689199	1.291768	0.449637	1.003203	-0.531136	0.569813	-0.297944	0.180708	-0.250633	-0.525849	0.676830	-0.412344	0.915366	1.060350	-0.533825	-0.072887	-1.129537	-0.552867	-0.281241	-0.813398	-0.685654	0.253243	-1.763594	-0.832061	-0.237836	0.548994	0.562418	0.601967	-0.893692	-0.191260	0.320501	0.652467	0.433774	0.213939	0.423210	0.667045	-0.979090	-0.534140	-1.025802	-1.110996	-0.988302	-1.036168	-0.652104	0.708941	-0.240607	0.372960	0.810018	0.835325	-0.274685	1.322574	0.312191	0.374643	0.685119	1.158828	-0.311845	0.732450	-0.008885	1.073832	-0.069685	0.174064	1.060285	1.535568	0.271204	0.297396	0.796418	0.982345	1.545036	1.303425	0.329425	-0.913068	0.398566	0.684458	-0.834391	0.522664	0.302101	1.089439	1.335255	1.247524	0.679131	1.319604	1.320863	1.626032	0.518582	0.842066	0.883603	1.068968	-0.478756	0.529229	0.238654	0.188269	0.069969	-0.241690	0.801024	-0.619837	-0.207423	0.016461	-0.026422	-0.199607	0.734223	0.171170	0.595133	1.862536	0.635657	-0.384405	-0.591534	0.494085	0.102407	1.311424	2.192161	2.357539
0.216447	0.372252	0.123034	0.567502	-0.983605	-0.380436	-0.561404	-0.262680	-0.535135	-0.350285	0.397359	-0.433896	0.164176	0.148482	-0.938527	-0.200399	-0.955314	-0.065407	-0.198729	0.135942	-0.191796	0.430398	-1.277123	-0.502902	-0.177243	1.401393	0.784520	1.054655	-0.652202	-0.032371	1.044353	0.436337	-0.000049	-0.309483	-0.407765	0.227603	-1.066261	-0.205106	-0.296655	-0.658897	0.075632	-1.041327	-0.778900	0.415967	0.948926	0.827692	0.664794	-0.134289	-0.395283	0.864444	0.503306	-0.218075	-0.177911	0.831044	-0.620299	-0.197555	0.359649	0.875998	-0.473607	-0.764425	0.946536	1.082000	-0.011391	-0.043881	0.282148	0.148973	0.843415	0.919352	-0.019937	-0.238473	-0.125550	-0.492604	0.454110	0.010831	0.154051	0.132263	1.438522	0.936794	1.204842	0.666634	0.592938	0.440264	0.516031	0.652725	0.697530	0.941644	-0.937868	0.296259	-0.120657	-0.420461	-0.395338	-0.515643	0.572333	-0.362601	-0.246635	0.385070	0.353443	0.101146	0.883108	0.233466	-0.273417	0.964063	0.015227	-0.067269	0.500945	0.691780	-0.002144	0.433325	0.803647	0.857246
-0.808824	-1.086058	-0.889992	-0.502141	-1.622502	-1.636569	-1.047805	-0.862610	-1.113750	-0.167844	-0.829393	-0.269030	-1.266959	-0.954010	-1.020331	-0.257867	-0.564358	0.412418	0.060109	1.122548	0.038350	-0.130944	-0.272677	0.096422	-0.305966	0.787392	0.929171	1.118037	0.397131	-0.067247	1.011451	-0.099141	-0.984844	-0.625088	-1.636356	-0.727838	-0.790825	-0.450335	-0.007359	-0.114893	0.358705	-0.572200	-0.820937	-0.234881	0.669429	-0.228708	-0.533375	-1.463204	-0.331564	-0.291047	-0.746619	-1.208531	-1.358868	0.035513	-1.486222	-1.669384	-0.628291	-0.752965	-1.319891	-1.631768	-0.066448	-0.229113	-0.797286	-1.017574	-0.931304	-1.144410	-0.582490	-0.501810	-0.268869	0.393575	-1.230540	-1.935485	1.366765	0.031462	-0.277159	-1.205739	0.286135	-0.542005	0.338725	-1.125240	-0.675330	-1.241831	-0.476207	-0.364730	-0.635871	-0.249376	-1.451197	-0.360924	-1.008488	-1.172670	-1.177024	-0.826917	-0.469410	-0.215092	-0.764518	-0.069967	-0.418748	-0.042882	0.183135	-0.401593	-1.210770	-0.257414	-0.919448	-0.475345	0.855515	0.172073	-0.481779	-0.572501	-0.387080	-1.029454
-1.209848	-1.683451	-1.543057	-1.129229	-1.784268	-2.078163	-1.151476	-1.034261	-1.254178	-0.126600	-1.615874	-0.122455	-2.077861	-1.541244	-0.724333	-0.163751	-0.116026	0.533122	0.211426	1.385795	0.207942	-0.582589	0.493148	0.552818	-0.321616	-0.325667	0.546329	0.905066	1.275978	0.106685	0.625259	-0.346955	-1.532961	-0.734137	-1.938945	-1.344424	-0.386478	-0.778627	-0.128031	0.225549	0.028182	0.187165	-0.590393	-0.615202	-0.186135	-1.374138	-1.652832	-2.091747	0.040664	-0.996310	-1.864372	-1.707419	-1.773537	-0.465983	-1.756813	-2.157194	-1.601393	-2.027143	-1.530912	-1.544035	-0.834298	-1.153572	-1.316930	-1.664532	-1.616451	-1.655234	-1.035689	-1.119682	-0.200183	0.188946	-1.889167	-2.343821	1.183936	0.577368	-0.479029	-1.479037	-0.955729	-1.706578	-0.958462	-2.302664	-1.132523	-1.868086	-1.204878	-1.023957	-1.658653	-1.251762	-1.395115	-0.497592	-1.418126	-1.379023	-1.365680	-0.663317	-1.352420	-0.272144	-0.995430	-0.753263	-1.283655	-0.466329	-0.747652	-1.008742	-1.136220	-0.581914	-1.433124	-0.986160	0.293502	-0.642559	-0.958220	-0.702482	-0.535160	-1.684363
-0.616024	-0.946028	-1.044687	-0.725196	-0.967449	-1.212329	-0.623262	-0.559255	-0.616805	-0.061516	-1.059607	-0.081442	-1.355045	-1.076014	-0.122919	-0.000703	0.260861	0.202873	0.155405	0.822515	0.388776	-0.277154	0.590076	0.536560	-0.034939	-0.527788	-0.020602	0.475367	1.137892	0.314623	0.357648	-0.249101	-0.914953	-0.500513	-0.920877	-1.007704	-0.057570	-0.483022	-0.093380	0.297561	-0.080199	0.595100	-0.045446	-0.358840	-0.258253	-1.034649	-1.348231	-1.415722	0.330298	-0.699866	-1.272546	-1.030005	-0.960955	-0.346940	-0.832473	-1.173665	-1.083947	-1.477258	-0.708085	-0.621236	-0.593766	-0.866193	-0.860550	-1.105151	-0.985262	-0.962196	-0.291873	-0.443073	0.034885	-0.291314	-1.200345	-1.282103	0.497677	0.746720	-0.172894	-0.563796	-0.947302	-1.337532	-1.100944	-1.595953	-0.585996	-1.078465	-0.749396	-0.626837	-1.168176	-1.048472	-0.488438	0.065727	-0.806937	-0.801078	-0.632405	-0.084986	-1.062678	-0.232455	-0.408430	-0.662677	-0.952547	-0.612124	-0.886806	-0.769298	-0.216611	-0.130722	-1.001960	-0.731988	-0.309184	-0.797351	-0.790627	-0.167105	-0.193060	-1.091978
0.241816	0.234567	0.064230	0.089272	0.293294	0.188510	0.116954	0.163859	0.286695	0.182288	0.203559	0.040710	0.157852	0.050201	0.477018	0.156864	0.518276	-0.135390	0.138817	0.143151	0.455600	0.419187	0.326568	0.296908	0.409218	0.223290	-0.190698	-0.016700	0.265569	0.189959	0.243269	-0.054793	0.309016	0.072603	0.381321	-0.123465	0.119462	0.272799	0.292224	0.281868	0.353522	0.496907	0.532958	0.218931	0.440644	0.394563	0.098264	-0.078393	0.304436	0.078692	0.347127	0.256516	0.286951	0.002995	0.475056	0.200988	0.373607	0.096123	0.411136	0.308063	0.200579	0.078225	0.256884	0.210824	0.261976	0.159701	0.407218	0.330378	0.177859	-0.214996	0.288550	0.241742	0.140346	0.140982	0.371863	0.339262	0.119921	0.030687	0.002424	0.139595	0.063915	-0.015369	0.295281	0.202204	0.204691	-0.103584	0.597406	0.540344	0.228764	0.084940	0.379618	0.395366	0.133729	0.098630	0.539720	0.228510	0.307044	-0.293666	-0.198891	0.053973	0.496544	0.132462	-0.070078	0.190809	-0.249516	-0.144704	0.024346	0.140813	-0.148938	-0.382123
0.537567	0.724800	0.567502	0.359734	0.877348	0.868134	0.464647	0.519223	0.592369	0.358845	0.780854	0.245488	0.882958	0.756158	0.633191	0.261883	0.552471	-0.114069	0.306800	-0.040570	0.302737	0.592811	0.193668	0.249472	0.647854	0.588084	-0.054145	-0.264620	-0.263958	-0.059649	0.041392	0.111394	0.904542	0.581040	0.852902	0.457653	0.214300	0.601432	0.508722	0.290611	0.663456	0.398527	0.687380	0.403758	0.685042	1.039688	0.941935	0.674626	0.137467	0.414797	0.969483	0.870444	0.752820	0.015379	0.898558	0.690824	0.911257	0.695802	0.844669	0.679487	0.541579	0.506817	0.866169	0.909341	0.721474	0.640701	0.247033	0.319170	0.082998	0.176099	1.010816	0.905049	-0.027254	-0.470175	0.604884	0.420999	0.700924	0.724776	0.698790	0.914573	0.193972	0.259118	0.643181	0.449917	0.801052	0.342248	0.903848	0.384535	0.731019	0.631436	0.856431	0.546066	0.869130	0.410173	0.908449	0.761237	0.913099	0.040668	0.265875	0.452360	0.415342	-0.133205	0.422916	0.724062	0.038353	0.327534	0.593240	-0.046354	-0.299425	-0.133588
0.252784	0.387880	0.176854	0.030057	0.465671	0.506430	0.287670	0.324504	0.136562	0.178348	0.297377	0.236132	0.422610	0.557274	0.261344	0.230013	0.306986	0.045418	0.412933	0.092992	0.029644	0.067255	0.207725	0.322163	0.496353	-0.042737	-0.056075	-0.154548	-0.026833	-0.015847	-0.227406	0.199201	0.541303	0.629787	0.524674	0.452229	0.254664	0.193492	0.192920	0.222593	0.320798	0.521710	0.316032	0.010170	0.042955	0.278744	0.394756	0.442818	0.029514	0.105317	0.153587	0.452999	0.265658	-0.295786	0.325395	0.278483	0.107869	-0.059785	0.479607	0.552721	0.209916	0.168970	0.454422	0.492823	0.127073	0.292932	-0.236147	-0.011371	-0.157864	0.156355	0.430521	0.532824	-0.418126	-0.369103	0.353194	0.070104	0.127956	0.167852	0.090798	0.227203	0.033552	-0.071388	0.096210	0.065553	0.207382	-0.013160	0.398486	-0.015967	0.502842	0.614014	0.677745	0.507287	0.502318	0.337792	0.491258	0.301799	0.262049	0.014177	-0.042372	0.111173	-0.062006	-0.382523	0.233037	0.337526	-0.100708	0.005205	0.341403	-0.254714	-0.173229	-0.045322
-0.080000	-0.045477	-0.214469	-0.181425	-0.098853	-0.042597	-0.024227	-0.020181	-0.291462	-0.121443	-0.216434	-0.021153	-0.089155	0.144564	-0.131730	0.035327	-0.005996	-0.005710	0.211891	0.060872	-0.130895	-0.325086	0.107745	0.150700	0.151200	-0.542039	-0.122552	0.021810	0.236898	0.094120	-0.265273	0.065433	0.077459	0.362539	0.106183	0.216706	0.107372	-0.221198	-0.165387	0.014015	-0.124229	0.387294	-0.123884	-0.318806	-0.426745	-0.397104	-0.287458	-0.009969	-0.037053	-0.161744	-0.428746	-0.050819	-0.194640	-0.373680	-0.167012	-0.097240	-0.462448	-0.554849	0.005827	0.210073	-0.105671	-0.136271	-0.121048	-0.073502	-0.340157	-0.123826	-0.265807	-0.013639	-0.242695	-0.131070	-0.251555	0.018383	-0.574819	-0.012785	0.003970	-0.124096	-0.437405	-0.422257	-0.528349	-0.407942	-0.052823	-0.241336	-0.288994	-0.161902	-0.306491	-0.276423	-0.048145	-0.130116	0.107696	0.270354	0.286844	0.320103	-0.049587	0.063801	0.029559	-0.206759	-0.354683	-0.110821	-0.343261	-0.203355	-0.286933	-0.239712	-0.007880	-0.177626	-0.314243	-0.351172	-0.085816	-0.206058	0.065828	0.051655
-0.113728	-0.061229	0.003678	0.047368	-0.073676	-0.045138	-0.090796	-0.093004	-0.090387	-0.133251	0.011230	-0.175014	0.124002	0.167078	-0.088295	-0.152662	-0.092218	-0.165673	-0.110338	-0.153936	-0.074534	-0.044656	-0.084185	-0.203151	-0.060098	-0.026763	0.030282	-0.013691	-0.050633	-0.098774	-0.025991	-0.210817	0.125746	0.138045	-0.018937	0.070720	-0.172954	-0.058914	-0.034893	-0.162190	-0.023220	-0.166889	-0.172851	-0.097361	-0.015191	0.062995	0.007968	-0.000506	-0.085960	0.053325	0.179632	0.065151	0.008642	0.004846	0.052385	0.048900	0.113348	0.098969	-0.060094	-0.087455	0.027335	0.066232	-0.032304	0.032525	0.051639	-0.042677	0.090009	0.176764	-0.034712	-0.092421	-0.036624	-0.006655	-0.046471	-0.066518	-0.063608	-0.093431	-0.035562	-0.067271	-0.005155	0.034527	-0.035431	-0.024956	0.062075	0.092501	0.070729	0.071713	0.050449	0.003358	-0.007059	-0.031085	0.037332	-0.009288	0.068299	-0.025624	0.051282	0.080133	0.064127	0.009727	0.023314	0.046095	-0.101078	0.042110	0.112437	-0.031798	-0.031840	-0.011109	0.040624	-0.063641	0.014953	0.011607
0.124989	0.162298	0.327011	0.248417	0.273215	0.235843	0.093092	0.072089	0.305560	0.025079	0.383842	-0.069809	0.378494	0.174035	0.181607	-0.097242	0.054270	-0.123512	-0.173600	-0.210111	0.064643	0.345986	-0.098259	-0.244641	-0.017205	0.561181	0.109055	-0.132679	-0.340806	-0.168389	0.148368	-0.159635	0.217541	-0.084899	0.109348	-0.017764	-0.140289	0.255509	0.242217	-0.092921	0.213291	-0.383042	0.114008	0.273416	0.427489	0.579246	0.471631	0.217703	-0.012316	0.246196	0.693463	0.275680	0.369699	0.358878	0.370357	0.301664	0.642595	0.694410	0.166275	-0.053640	0.244462	0.298556	0.283926	0.328656	0.466520	0.214611	0.326772	0.193900	0.182897	0.090142	0.428892	0.217522	0.417343	-0.160249	0.067959	0.144091	0.517632	0.510635	0.590200	0.582413	0.083691	0.254146	0.388439	0.254590	0.461874	0.352090	0.236490	0.123151	0.067498	-0.083649	-0.042625	-0.184955	0.296043	0.004522	0.172345	0.358222	0.579872	0.156302	0.375387	0.330242	0.259198	0.201520	0.214556	0.329635	0.276573	0.359133	0.283537	0.115136	-0.096068	0.021252
0.484486	0.324504	0.236795	0.072907	0.458568	0.337300	0.352372	0.252226	0.361412	0.050454	0.239249	0.135093	0.008496	-0.348424	0.314800	0.216046	0.257540	0.159716	0.085181	-0.000951	0.147724	0.290812	0.133632	0.190606	0.178454	0.285996	-0.218387	-0.135405	-0.092213	0.323889	0.060949	0.415836	-0.125205	-0.483454	0.366877	-0.151101	0.405404	0.223641	0.197823	0.204590	0.026672	0.190071	0.458142	0.332681	0.128638	0.121417	0.165311	0.225599	0.218179	-0.037004	0.054281	0.010550	0.351975	0.330799	0.206424	0.278206	0.128313	0.247105	0.408528	0.366269	0.192400	0.140441	0.202796	0.202160	0.144848	0.226170	0.297039	0.027567	0.168735	-0.030369	0.345016	0.322127	0.123352	0.223693	0.171752	0.618640	0.337738	0.476053	0.126597	0.286763	0.342571	0.388682	0.062774	-0.072956	0.073197	0.009673	0.083209	0.174757	0.116021	0.070137	-0.049792	-0.015315	-0.042678	-0.083553	-0.029307	-0.204215	0.229374	0.046170	0.041156	0.137957	0.607588	0.280571	-0.039576	0.282019	0.033909	0.042884	0.049373	0.410549	0.088780	0.329735
