X1	X2	X3	X4	X5	X6	X7	X8	X9	X10	X11	X12	X13	X14	X15	X16	X17	X18	X19	X20	X21	X22	X23	X24	X25	X26	X27	X28	X29	X30	X31	X32	X33	X34	X35	X36	X37	X38	X39	X40	X41	X42	X43	X44	X45	X46	X47	X48	X49	X50	X51	X52	X53	X54	X55	X56	X57	X58	X59	X60	X61	X62	X63	X64	X65	X66	X67	X68	X69	X70	X71	X72	X73	X74	X75	X76	X77	X78	X79	X80	X81	X82	X83	X84	X85	X86	X87	X88	X89	X90	X91	X92	X93	X94	X95	X96	X97	X98	X99	X100	X101	X102	X103	X104	X105	X106	X107	X108	X109	X110
0.003283	-0.048446	-0.109127	-0.079120	-0.105956	-0.080845	-0.016066	-0.033161	0.208713	0.039584	0.048928	-0.044540	-0.171436	-0.041439	0.089203	0.072651	0.044497	0.170418	-0.111011	-0.061998	-0.104039	0.049206	0.019702	-0.066952	-0.059672	-0.151992	0.153972	0.099111	-0.041323	-0.008314	-0.162293	-0.071223	-0.101841	0.069930	0.005521	0.110034	-0.018973	-0.065029	0.000412	-0.009740	-0.029023	-0.032656	0.114936	0.043716	-0.251617	-0.060704	-0.160062	-0.220708	0.249734	0.025174	-0.298942	-0.229242	0.238598	0.049317	-0.094755	-0.043739	-0.125009	-0.181667	0.177662	0.145842	0.125626	0.112309	-0.039870	-0.146176	-0.025617	-0.098611	0.174126	-0.029928	0.002314	-0.071312	-0.124531	-0.126253	-0.012810	0.206487	-0.023560	-0.193570	-0.028300	-0.163614	-0.074635	-0.233722	-0.170524	-0.007484	-0.109438	0.014150	-0.123517	-0.301012	-0.186446	-0.153424	-0.231228	-0.208153	-0.253246	-0.075862	-0.160146	-0.197174	-0.018938	0.061930	0.036509	0.052174	-0.066325	-0.035804	0.196582	0.067419	0.046154	0.145707	-0.122789	0.041732	0.106224	0.055983	0.121093	0.092385
-1.437060	-0.133536	-0.112548	0.144603	-1.066123	-0.027086	-1.541992	-0.745425	0.043145	0.081829	-0.590568	-1.454432	-0.971511	-1.237694	1.244537	1.394518	-0.819817	0.881808	1.657335	1.496155	1.668148	1.203939	0.778495	1.036554	-0.558201	-0.257217	0.016475	-0.203429	-0.707291	0.712498	0.337963	0.366636	-0.598441	-0.843065	-1.636133	-1.236333	-1.519733	-0.622813	-0.789617	-1.684514	0.249481	-0.014315	-1.789604	-1.619482	-0.411760	-0.288776	-1.101650	-1.263441	0.122717	0.904336	-1.504431	-1.022698	-1.291724	-0.446475	-1.036077	0.299902	-0.273061	0.885480	-1.465416	-1.020123	-2.026114	-1.406893	0.525510	-0.318172	0.334988	1.161630	-0.504485	1.301276	0.509386	-1.292527	-0.916798	-1.056315	-0.030060	-0.683090	-0.677042	0.524855	-0.582454	-0.978139	-0.682744	-0.863052	0.601463	-1.408694	0.419509	-0.315747	0.133175	-0.316727	0.944320	-0.457894	1.399775	1.819705	1.352946	0.841400	-0.070352	-0.424632	-1.075543	-0.427652	-0.110750	-0.415458	-0.372619	-1.435903	0.244768	1.810315	-0.031977	-0.029979	0.069953	-0.593717	-0.493438	1.381538	1.334815	0.080016
-1.346361	-0.182398	0.383590	0.733683	-1.502107	-0.357458	-1.661417	-0.815429	0.164903	-0.211437	-0.448899	-1.745241	-1.083369	-1.344003	1.704598	1.693149	-0.929626	0.913180	1.867165	1.643644	1.483339	0.794391	0.509722	0.816638	-0.617596	-0.344352	0.540713	-0.207724	-1.181835	0.518177	0.338199	-0.055252	-0.594605	-1.013833	-1.339424	-1.052742	-1.465960	-0.461312	-0.636765	-1.923801	0.077393	-0.313517	-1.813296	-1.888120	-0.063813	-0.416582	-1.173134	-1.078951	-0.067981	1.076543	-1.904277	-1.285504	-2.085295	-1.151244	-0.809173	0.459128	0.057046	1.340985	-1.589798	-1.094383	-2.082623	-1.580940	0.774397	-0.338997	0.966219	1.475504	-0.688401	1.162195	0.376692	-1.742267	-0.635005	-0.890933	0.540162	-0.941098	0.190876	1.056338	-0.499258	-1.117358	-0.489705	-0.589932	0.879468	-1.185471	0.948588	0.239447	0.500438	0.037093	1.218468	-0.525639	1.580337	2.058691	1.897530	1.276349	0.036512	-0.218715	-0.952912	-0.288257	0.276957	-0.730155	-0.144255	-1.665829	0.317564	2.402765	-0.438291	0.184430	-0.092505	-0.766504	-0.430380	1.596745	2.016703	0.244731
0.112871	-0.233370	0.917661	1.233371	-1.150758	-0.808091	-0.385455	-0.234873	0.417347	-0.480889	0.361656	-0.855614	-0.221511	-0.148135	1.136996	0.886559	-0.408792	0.456988	0.655752	0.457380	-0.314122	-0.734242	-0.555380	-0.410983	-0.066749	-0.205275	1.232010	0.029437	-1.313912	-0.420471	-0.027003	-1.010431	0.100072	-0.299009	0.620627	0.398370	-0.063993	0.221652	0.104439	-0.685831	-0.517485	-0.767854	-0.086315	-0.758214	0.608027	-0.276359	-0.362101	0.065806	-0.333956	0.414191	-1.013774	-0.640893	-1.598975	-1.627658	0.265717	0.210409	0.598855	0.973179	-0.415574	-0.242668	-0.121030	-0.415490	0.604089	-0.102488	1.289392	0.699319	-0.283414	-0.410554	-0.177554	-1.138764	0.635914	0.051654	1.233987	-0.614408	1.849983	1.029947	0.176520	-0.552397	0.345439	0.182986	0.533832	0.337071	1.164353	1.229136	0.701680	0.594844	0.476969	-0.279943	0.371852	0.463151	1.229848	0.931677	0.256076	0.068993	0.224917	0.280975	0.779869	-0.666006	0.594753	-0.637653	0.307483	1.608926	-0.872226	0.617311	-0.377270	-0.260264	0.334102	0.560615	1.754408	0.425820
1.366101	-0.313251	0.518070	0.791176	-0.090134	-0.615570	1.136406	0.465204	0.348279	-0.200585	1.000755	0.296888	1.060181	1.354384	-0.134763	-0.167492	0.065751	0.257180	-0.638919	-0.845770	-1.653043	-1.485997	-1.160257	-1.148654	0.769083	0.161496	1.001044	0.208519	-1.034352	-1.170798	-0.356849	-1.456737	0.969349	0.646433	2.078013	1.386375	1.062122	0.493788	0.391386	0.761869	-0.905092	-0.804644	1.599064	0.548136	0.817095	0.154435	0.554521	0.830347	-0.428116	-0.532493	0.811701	0.700240	0.017422	-1.193142	0.877065	-0.346319	0.616252	0.072894	0.709250	0.498149	1.936971	0.928483	0.023355	0.183774	0.494534	-0.473773	0.348480	-1.996911	-0.300100	0.152452	1.656043	0.526898	0.992251	-0.136298	2.122647	0.154656	0.747857	0.165868	0.907550	0.294351	-0.171603	1.302822	0.557602	1.305964	0.297987	0.781414	-0.795864	0.067348	-0.940878	-1.474390	-0.000225	-0.189807	0.481281	-0.275084	1.222836	0.525694	0.598650	-0.094047	1.116251	0.662030	0.153692	0.039458	-0.713946	0.800488	-0.297166	0.652948	1.005762	-0.871221	0.547015	0.183167
1.258408	-0.347401	-0.891967	-0.632720	1.241118	0.558238	1.920612	0.779965	-0.165403	0.402001	0.849421	0.847273	1.635929	1.769999	-1.274264	-0.602462	0.269026	0.572311	-1.225453	-1.372495	-1.298028	-0.471493	-0.526396	-0.606502	1.245335	0.341750	-0.286981	0.174707	-0.364604	-1.188357	-0.601628	-0.940168	1.041174	0.920714	1.461229	0.750756	0.830161	-0.132691	0.001945	1.239641	-0.432169	-0.082270	1.855066	1.026005	0.101938	0.569982	0.924694	0.632702	0.001107	-1.002200	2.405136	1.839497	1.709347	0.153479	0.465616	-0.613275	-0.077678	-0.776708	1.096992	0.560603	2.479089	1.459290	-0.864329	0.108791	-1.175955	-1.228270	0.699368	-2.309438	0.376182	1.417208	1.355484	0.073253	-0.431719	0.333901	0.197600	-1.250227	0.649636	0.573475	0.636928	-0.464906	-0.782009	0.596446	-0.868071	-0.026661	-0.622617	0.374869	-1.904141	0.189303	-1.344998	-2.355840	-1.078780	-1.617378	0.418490	-1.073244	1.160049	0.148530	-0.203493	0.775717	0.674307	1.262641	0.024008	-1.550678	0.179775	0.629336	0.180591	1.302449	0.671684	-1.688290	-1.025537	-0.606509
0.223360	-0.244548	-2.066615	-1.916921	2.110041	1.915084	1.763144	0.569133	-0.630453	0.557322	0.097215	0.744030	0.920956	0.735681	-1.571292	-0.408037	0.628464	0.863892	-1.404017	-1.181478	-0.054031	1.226958	0.722702	0.456552	0.986376	0.086708	-1.478621	0.061625	0.591693	-0.717537	-0.856806	0.057602	-0.037166	0.295839	-0.481415	-0.791316	-0.167763	-0.992203	-0.280974	0.742927	0.729553	0.978109	0.924231	0.833678	-0.953985	0.585720	0.829605	0.372342	0.787799	-0.660356	2.716046	1.889554	2.308591	1.548087	-0.150928	-0.123252	-0.736045	-1.093430	1.102728	0.322969	1.536431	1.155864	-1.620184	-0.316112	-2.367082	-1.322852	0.519634	-1.344818	1.105335	2.061698	0.087453	-0.410365	-1.994760	0.869727	-2.240285	-2.235387	0.101000	0.742022	-0.041210	-0.890698	-0.908174	-0.844464	-2.146182	-1.620659	-1.283224	-0.120257	-2.168880	0.028053	-0.940013	-1.955365	-1.660462	-2.458964	0.108134	-1.053715	0.464842	-0.272113	-0.682788	1.454493	-0.500595	1.111372	0.088232	-2.624257	1.289099	0.400544	0.618573	1.174425	-0.536438	-1.530852	-2.110250	-1.253567
-0.468995	-0.048588	-1.820067	-1.946869	1.904831	2.047495	0.911869	0.000620	-0.505928	0.021839	-0.594785	0.488453	-0.438769	-0.662891	-1.010052	-0.307311	1.323277	0.530683	-1.547312	-0.715946	0.649931	1.781884	1.372108	0.854219	0.199327	-0.258327	-1.540963	0.037038	1.595008	-0.193517	-0.860556	0.844430	-1.391489	-0.520786	-1.700145	-1.566800	-0.631640	-1.089048	0.089236	0.097470	1.566517	1.474024	-0.069741	0.695474	-1.277691	0.187502	0.619424	0.901149	1.111112	0.104190	1.654569	0.806358	1.688444	2.049104	-0.028642	0.675460	-0.617494	-0.888125	1.048332	0.338915	0.179922	0.557833	-1.585996	-0.499519	-2.037227	-1.112452	-0.014481	-0.051242	0.823657	1.860280	-0.805324	0.027849	-2.478663	1.263991	-2.983654	-2.026906	-0.231663	0.968298	-0.330648	0.016021	-0.524026	-1.267761	-2.185417	-2.000401	-1.110028	-0.220129	-1.211244	-0.156496	-0.478634	-0.945396	-1.767506	-2.080755	-0.034608	0.482655	0.128699	-0.058625	-0.289340	1.555562	-1.245623	0.751189	0.139861	-2.790899	1.974475	0.194617	0.710922	0.418430	-1.348042	-0.808226	-2.197011	-0.800168
-0.279476	0.061567	-0.520681	-0.919956	0.748002	0.455092	-0.211946	-0.597266	0.012610	-0.612318	-0.807292	0.404590	-1.222934	-1.080507	-0.247593	-0.824593	1.676181	-0.418826	-1.356038	-0.232318	0.541719	0.647991	1.013070	0.366704	-0.656430	-0.291970	-0.778749	0.020930	2.220326	0.241961	-0.280317	1.119244	-1.750666	-0.635407	-1.209522	-0.860521	-0.172218	-0.396900	0.666079	-0.107423	1.295450	0.936041	-0.503085	0.770218	-0.591081	-0.208887	0.229612	1.464454	0.371173	0.464002	-0.006440	-0.544168	0.762805	1.464896	0.557677	0.697698	-0.052230	-0.686979	0.704467	0.553050	-0.731985	0.012237	-0.568040	-0.015449	-0.650506	-1.024155	-0.489325	0.784203	-0.525636	0.981572	-0.662926	1.087712	-1.758793	1.060085	-1.793159	-0.781165	-0.131542	1.172366	-0.061561	1.503613	-0.081346	-0.238437	-1.113713	-1.113340	-0.556812	-0.271155	0.510041	-0.135572	-0.472413	-0.099564	-1.645357	-0.832762	0.083620	2.240351	0.293973	0.536280	0.365503	1.077961	-0.771803	0.439153	-0.280229	-1.952729	1.923218	-0.359948	0.589399	-0.298992	-0.784443	-0.245077	-1.497353	0.701577
0.147844	-0.040638	0.351120	-0.100573	-0.398348	-1.583429	-0.959408	-0.833290	0.096552	-0.778461	-0.649781	0.409440	-0.825419	-0.277105	-0.053166	-1.608232	0.951235	-1.496181	-0.463241	0.142592	0.334590	-1.023531	0.258666	-0.305766	-1.286734	-0.201355	-0.252351	-0.185276	2.052390	0.551807	0.554246	0.908849	-0.761247	0.138529	0.077908	0.457070	0.471067	0.196962	0.753884	0.090670	0.319386	-0.099699	-0.550942	0.588868	0.234045	-0.215129	-0.520878	0.651392	-0.932114	-0.108882	-1.286462	-1.109140	0.244228	0.419125	0.523431	-0.478287	-0.058445	-0.975101	0.013915	0.503399	-0.992683	-0.447325	0.757475	0.758137	0.331167	-1.124699	-0.583247	1.074026	-1.822792	-0.022220	-0.218233	1.676637	-0.683258	0.221820	-0.358802	0.652590	-0.074589	0.913950	0.229756	1.866971	-0.135043	0.996216	-0.181972	-0.197999	-0.504449	-0.893577	1.680390	0.084171	-0.826355	0.162185	-1.504857	0.292812	0.040492	2.180978	0.133142	0.462512	0.344271	0.292719	0.341126	0.046205	-1.199885	-0.668214	1.108703	-1.411357	0.514017	-0.491693	0.588720	-0.283452	-0.730935	1.855165
0.024002	-0.229550	0.053107	-0.301925	-0.503819	-2.068562	-0.727288	-0.422999	-0.687647	-0.618434	-0.480565	0.395510	0.346941	0.878469	-0.637530	-1.787704	-0.398372	-2.187599	0.677564	0.243702	0.329226	-1.727394	-0.186694	-0.577782	-1.526361	-0.438216	-0.342900	-0.485866	1.103405	0.571707	0.749973	0.324430	0.771892	1.168931	0.747682	1.076009	0.574939	0.184031	0.447107	0.479543	-0.172824	-0.571862	-0.431898	0.010498	0.255819	0.076513	-1.131301	-1.293433	-1.558379	-1.206048	-1.516641	-0.478206	-0.059630	-0.267662	-0.423910	-1.864193	-0.902613	-1.565828	-0.378424	0.113114	-0.720521	-0.710663	1.389497	1.038257	0.075357	-1.142411	-0.254495	1.067239	-1.969247	-0.400134	-0.421436	1.323205	0.070498	-0.558119	-0.067092	1.561972	-0.522415	0.099364	0.128771	0.662319	-0.749594	1.150399	-0.143516	-0.077712	-0.944560	-1.773009	1.220114	0.379291	-1.134658	-0.143258	-1.260168	0.794678	-0.293246	0.212343	-0.795786	-0.770132	-0.309974	-0.548920	0.759159	-0.334927	-1.829486	0.053959	-0.284585	-2.239791	0.493675	-0.348435	1.264723	-0.710698	-0.497047	1.344054
-0.502609	-0.157129	-0.583265	-1.000681	0.513348	-0.414565	0.375909	0.561576	-1.669820	-0.538370	-0.489759	0.518235	1.414487	1.466549	-1.412060	-0.996431	-0.928726	-2.181620	1.046022	0.016528	0.035242	-1.032663	-0.215637	-0.491953	-1.198367	-0.931756	-0.437252	-0.458939	-0.018947	0.232693	-0.082766	-0.438142	1.773134	1.610017	0.481282	0.601744	0.220839	0.042532	0.399819	0.985971	0.374805	-0.030596	0.058702	-0.338649	-0.411940	0.189149	-0.649491	-2.262834	-0.815495	-1.693700	-0.641740	0.823961	-0.432193	-0.236445	-1.185044	-2.010677	-1.579798	-1.715208	0.162635	-0.071290	-0.080065	-0.468666	0.935106	0.552971	-0.768128	-0.777855	0.262661	0.849984	-0.923753	0.237047	-1.067632	0.571658	0.581829	-0.513408	-0.517735	1.728491	-1.250013	-0.631740	-0.128336	-0.673206	-1.398134	0.350071	-0.351166	-0.304395	-0.931456	-1.793884	-0.499490	0.591658	-1.120389	-0.619185	-0.644587	1.024722	-0.338192	-1.422204	-1.638428	-2.143125	-0.626693	-1.272448	-0.124771	-0.285748	-1.229267	-0.300326	-1.691775	-1.819858	0.332715	-0.448466	0.510900	-0.841415	-0.795663	-0.434193
-0.557792	0.411857	-0.320827	-1.102400	1.614984	1.739257	1.413784	1.617927	-1.704196	-0.467088	-0.537585	0.948308	1.729408	1.257023	-1.528311	0.105758	0.066318	-1.503269	0.215929	-0.327429	-0.812605	0.235494	-0.147523	-0.326512	-0.357031	-1.045923	0.027424	0.078307	-0.527403	-0.186726	-1.155603	-1.019277	1.729472	1.060761	0.005004	-0.295730	-0.113413	0.355439	0.684813	1.437235	1.107592	0.803043	1.051412	0.131576	-0.831044	-0.174511	1.021532	-0.859821	0.713114	-0.814265	0.672830	1.788344	-0.380382	0.271058	-0.542848	-0.653399	-0.996010	-0.959557	1.263117	0.404195	0.690256	0.366865	-0.102038	-0.188459	-0.922006	0.015259	0.602177	0.380629	0.525690	1.390812	-1.098136	0.083814	1.131629	0.292680	-0.417717	1.195891	-1.548176	-0.539546	-0.088520	-0.683734	-1.507801	-0.241195	0.134804	-0.125759	0.022768	-0.563521	-1.883503	0.521470	-0.757458	-0.722502	0.314281	1.330494	0.279747	-0.896529	-1.183565	-2.005070	-0.098277	-1.613829	-1.548303	0.320759	0.510687	-1.127720	-2.241477	-0.140566	-0.049213	-0.979886	-0.913821	-0.246330	-1.133793	-1.657161
0.305532	1.254421	0.971360	-0.235649	1.658005	2.210549	1.479641	2.116766	-0.537720	0.005664	-0.347027	1.487246	1.237534	0.588354	-0.812200	0.465722	1.458666	-0.643328	-1.060660	-0.501226	-1.588058	0.912961	-0.287513	-0.153474	0.494184	-0.322933	0.713498	0.675544	-0.122983	-0.261671	-1.206816	-1.010279	0.845673	-0.155305	-0.088381	-0.731462	-0.212139	0.937651	0.519673	1.470685	0.682599	0.813551	1.967201	1.070295	-0.409613	-0.737765	2.569451	1.640380	1.770975	0.914808	1.471416	1.806129	0.669348	0.793575	1.301493	0.988804	0.704306	0.351402	1.738461	1.141788	1.263404	1.289831	-0.886032	-0.508378	0.055062	0.959754	0.551744	-0.148043	1.594895	1.969584	-0.066606	-0.087014	1.542154	0.940580	0.633199	0.147172	-0.944768	0.324199	0.229723	0.326209	-0.948607	0.153040	1.111264	0.425582	1.183493	0.914849	-1.720971	0.162265	-0.105885	-0.173011	1.134587	1.409779	0.865574	0.935650	0.465505	0.003817	0.533578	-1.267013	-2.131544	1.081946	2.019705	-1.337710	-1.473666	1.466645	-0.493259	-1.353692	-1.675667	0.659990	-1.095062	-1.143278
1.487743	1.780657	2.344715	1.031147	0.598983	0.665637	0.569923	1.787326	0.785188	0.891954	0.140641	1.665452	0.456079	-0.074700	-0.032551	-0.253962	1.441908	-0.281103	-1.586941	-0.452611	-1.520059	0.485854	-0.732475	0.068791	0.844697	1.014814	0.817711	0.706941	0.742250	0.179406	0.169810	-0.224224	-0.171986	-1.203146	0.100573	-0.369999	-0.064858	1.317364	-0.587560	0.995674	-1.076624	-0.190033	1.857769	1.514285	0.513462	-0.900158	2.550200	2.713743	1.593778	2.083123	1.402817	1.213459	2.082464	1.038510	2.864564	1.640106	2.364872	1.497971	0.880609	1.190930	1.391928	1.530990	-0.980158	-0.234734	1.396898	1.629258	0.297193	-0.298073	1.879776	1.371653	1.223917	-0.230137	1.449485	0.588170	1.769587	-0.967018	0.398027	1.166921	0.327847	0.977234	0.074706	1.208758	1.619311	0.870229	1.619195	1.578380	-0.316349	-0.011763	0.804582	0.806011	1.410673	0.892836	0.408410	1.796266	1.737141	2.284393	0.255277	-0.285456	-1.122524	1.624839	1.901856	-0.578660	-0.039244	1.665608	-0.801907	-0.758539	-1.122129	0.979223	-0.766468	0.259500
1.999844	1.567988	2.961214	2.006353	-0.513641	-1.124863	-0.542492	0.921577	1.156670	1.630302	0.643283	1.263700	0.028587	-0.446462	-0.016967	-1.334680	-0.308289	-0.549741	-0.924313	-0.365604	-0.722989	-0.612583	-1.324280	0.234190	0.804346	2.312517	0.114826	0.113507	1.270528	0.940612	2.080362	1.076507	-0.535361	-1.396969	0.307347	0.475944	0.427970	1.571838	-1.900688	0.447642	-2.820928	-1.220701	0.528872	1.051767	1.200704	-0.393275	1.026366	1.579796	0.456316	1.728012	1.033943	0.811230	2.341680	0.894174	2.951721	1.265856	3.089810	2.145916	-0.713838	0.189663	1.072042	0.866428	-0.572400	0.253184	2.072801	1.736321	0.240081	0.106472	1.332742	0.134167	1.644697	-0.459052	1.032234	-0.664255	2.076759	-1.564584	1.801233	1.312510	-0.190668	0.780849	1.313111	1.999114	1.447505	1.143142	1.416193	1.740091	1.131019	0.584702	1.836108	1.691622	1.321463	0.096410	-0.988390	0.863633	1.331461	2.879589	-0.801397	0.688065	0.932023	1.926205	0.268461	0.471960	0.733376	0.580940	-0.939343	0.799941	0.317031	0.419097	-0.525078	0.710328
1.518540	0.766260	2.686564	2.414195	-0.816348	-1.455036	-1.146039	0.080883	0.727931	1.701374	0.812315	0.564788	0.040655	-0.589828	-0.620456	-1.762310	-2.157308	-0.705293	0.214404	-0.385635	0.018210	-1.424073	-1.692433	0.165568	0.866878	2.950283	-0.754805	-0.616251	1.012341	1.620964	3.171036	2.189791	-0.077861	-0.853108	0.557720	1.183364	1.172519	1.961659	-2.214612	0.221607	-3.152004	-1.285929	-1.003183	0.254895	1.243236	0.360693	-0.571584	-0.142018	-0.716390	0.245323	0.926279	0.774679	0.875461	0.301262	1.718011	0.702147	2.782422	2.377882	-1.773600	-1.066330	0.489940	-0.083550	-0.152363	0.453655	1.737760	1.286255	0.432402	0.624552	0.309943	-0.738469	0.938182	-0.691019	0.915075	-1.868513	1.594311	-1.405235	2.389115	0.715181	-1.187549	0.516639	2.366310	1.837140	1.288639	1.402133	1.218695	2.371505	1.908199	1.735201	2.515582	2.061665	1.247130	-0.394516	-2.094060	-0.603644	-0.256330	1.567795	-1.468999	0.864253	2.507261	1.844179	-1.261185	1.036061	0.266707	-0.447029	-0.976308	2.123524	1.554053	-0.230690	-0.445372	-0.387186
0.527083	-0.087478	1.638998	2.164009	-0.574597	-0.492501	-1.140072	-0.388587	0.468824	1.132252	0.546198	-0.024818	-0.129036	-0.841648	-0.910687	-1.180452	-2.356038	0.088486	0.710426	-0.468815	0.357764	-1.201195	-1.542435	-0.103623	1.017574	2.543637	-1.028561	-1.127793	0.219880	1.789829	2.765258	2.380282	0.363778	-0.377956	0.790821	1.198401	1.509649	2.060858	-1.372731	0.085494	-2.115349	-0.488453	-1.560489	-0.153571	0.677298	0.613591	-1.161758	-0.714991	-1.140815	-1.028764	0.680032	0.390334	-1.125208	-0.604076	0.161863	0.415218	1.625600	2.143151	-1.688444	-1.446816	-0.200101	-0.555764	-0.060023	0.139835	0.721082	0.493059	0.385876	0.638264	-0.536142	-0.898921	-0.217405	-0.829491	1.180265	-2.122076	0.910424	-0.809192	1.571391	-0.241332	-2.058345	0.729664	2.546310	0.711781	1.321334	1.280326	0.955258	3.233453	2.129910	2.265188	2.179446	1.779021	1.004210	-0.629081	-1.979295	-1.235004	-1.340516	-0.063938	-1.011564	0.094149	2.278265	0.976077	-1.286262	1.024142	-0.530664	-0.481342	-0.919721	1.835057	1.623691	-0.059116	-0.163899	-1.688805
-0.427632	-0.591370	-0.064105	1.179199	-0.582652	0.390043	-0.873981	-0.532923	0.642066	0.317731	0.010349	-0.447868	-0.950601	-1.361516	-0.363597	-0.043460	-0.919908	1.591234	0.170773	-0.501517	0.714220	-0.006476	-0.965174	-0.310560	0.617383	1.105095	-0.591415	-1.448298	-0.422985	1.195942	1.262184	1.515279	-0.230454	-0.541235	0.530352	0.375865	0.763757	1.157474	-0.434172	-0.407995	-0.877938	0.288510	-1.154394	-0.187676	-0.230322	0.070393	-1.017083	-0.232822	-0.698075	-1.105999	-0.451526	-0.835705	-2.100034	-1.274487	-0.973526	0.152399	-0.160420	1.187953	-0.991707	-0.752546	-0.956358	-0.510660	-0.266360	-0.497351	-0.479833	-0.370049	-0.269954	0.173654	-0.774850	-0.770666	-1.051576	-0.735024	0.988492	-1.351082	0.220408	-0.274432	-0.315610	-1.042602	-2.141824	0.823396	1.426956	-0.735929	0.691462	0.207179	-0.019637	2.842384	1.973120	1.277483	0.668394	0.957354	0.051113	-1.089033	-0.935163	-1.032703	-0.994774	-0.584270	0.061690	-0.874337	0.408260	-0.480539	-0.129833	0.767428	-0.350700	0.104191	-0.677721	-0.013449	0.453010	0.721199	0.542757	-1.560683
-1.161296	-0.735953	-1.801780	-0.226439	-0.955271	0.416316	-0.639718	-0.547833	0.555501	-0.386495	-0.472066	-0.870415	-1.843737	-1.758936	0.518297	0.983982	0.641345	2.445904	-0.650731	-0.452306	1.326831	1.239724	-0.320275	-0.283433	-0.536191	-0.703213	0.074842	-1.487779	-0.430846	0.069878	-0.302267	0.279556	-1.636409	-1.017486	-0.456127	-0.768218	-0.716665	-0.481774	-0.271944	-1.068592	-0.237867	0.479365	-0.785100	-0.334797	-1.035418	-0.726095	-0.902054	0.123536	0.131188	-0.225148	-2.097914	-2.182708	-1.819624	-1.091953	-1.532413	-0.338927	-1.840008	-0.300971	-0.536803	0.129816	-1.619769	-0.503602	-0.440327	-0.951095	-1.375852	-1.009126	-1.091633	-0.028818	-0.563179	-0.742938	-1.243324	-0.248965	-0.318541	-0.249126	-0.670345	0.090469	-1.881780	-1.189726	-1.218216	0.080601	-0.356795	-1.602797	-1.006262	-1.449318	-1.470858	0.609556	1.300168	-0.625174	-1.137746	-0.074864	-1.413779	-1.672333	0.112897	-0.699788	0.078114	-0.194360	0.811032	-1.069625	-1.370116	-1.347015	0.707776	0.464365	0.839912	0.432704	-0.201807	-1.668609	-0.970003	1.046822	1.308648	0.017249
-1.518960	-0.724755	-2.386317	-1.193804	-1.055719	-0.144822	-0.400560	-0.508073	-0.095154	-0.768133	-0.526767	-1.179741	-1.657101	-1.420773	0.909399	1.539506	1.084576	1.554979	-0.655903	-0.368114	1.544228	1.454949	0.145882	-0.179629	-1.526867	-1.789277	0.482971	-0.821955	0.012320	-0.865737	-1.016829	-0.441897	-2.300492	-1.052859	-1.383947	-1.268834	-1.596427	-1.593538	-0.564118	-1.160537	-0.024067	0.207816	-0.940633	-0.656123	-1.180382	-0.904482	-0.838806	-0.065014	0.735292	0.525232	-2.774395	-2.374343	-1.230029	-0.184665	-1.568577	-0.846942	-2.258244	-1.426554	-0.530912	0.299894	-1.753931	-0.771938	-0.223471	-0.743733	-1.487980	-1.136568	-1.242702	0.502783	-0.327449	-0.753382	-0.784373	0.521358	-2.013604	0.497388	-1.556489	0.595920	-1.750124	-0.518456	0.230873	-1.055748	-1.367756	-1.369885	-2.551992	-2.351096	-2.002447	-1.936876	0.204602	-1.841774	-1.902938	-0.861657	-2.208909	-1.622789	0.650680	-0.409193	0.649274	-0.026006	0.996263	-0.295316	-1.407563	-0.791765	0.414131	0.227218	1.705757	0.305128	0.352499	-1.498343	-1.450015	0.489427	1.566528	1.522658
-1.190349	-0.702739	-1.236919	-1.042163	-0.530489	-0.854512	-0.010834	-0.414706	-0.584974	-0.737281	-0.038097	-0.980566	-0.171536	-0.264766	0.636147	1.530875	0.445885	-0.618348	0.327838	-0.269836	0.622717	0.375583	0.411912	-0.283675	-1.283287	-1.548445	0.499844	0.580983	0.176515	-1.022277	-0.686533	-0.410576	-1.142032	-0.393919	-1.093149	-0.568584	-0.996234	-1.417911	-0.448923	-0.441060	0.174291	-0.234136	-0.979263	-0.669429	-0.375473	-0.176979	-0.314811	-0.212819	0.784504	0.405599	-1.666697	-1.117275	-1.001415	0.397242	-1.136665	-1.077926	-1.060104	-1.392167	-0.574585	-0.236191	-1.026034	-0.898314	0.404820	0.122409	-0.724594	-0.670276	-0.635177	1.134259	-0.220960	-0.650225	0.162136	1.114812	-2.546357	0.799659	-1.724270	1.324019	-0.025465	0.483186	1.360531	-1.374854	-0.816125	-0.344190	-2.353067	-1.664767	-0.841835	-2.758421	-0.679990	-1.484001	-1.186282	-1.089548	-1.470925	-0.635275	0.819200	0.137147	0.421320	-0.501067	1.001016	0.624555	0.069807	0.349208	-0.334203	0.254384	1.171555	0.163272	0.675518	0.065884	-0.740363	-0.221032	1.207720	1.617536
-0.205953	-0.672920	0.618530	-0.094859	0.174005	-1.482329	0.425186	-0.365016	-0.311790	-0.443314	0.539867	-0.218156	1.376004	1.042585	0.213916	0.963119	-0.464477	-2.351231	1.292967	-0.074933	-0.973786	-1.142046	0.548219	-0.564983	-0.023368	-0.486078	0.239933	1.739391	-0.453814	-0.624495	0.094550	-0.124575	0.941064	0.530367	0.391375	0.752431	0.378442	-0.586309	0.266618	0.358293	0.409977	-0.710988	-0.239831	-0.175388	1.010489	0.890093	0.595468	0.022752	0.332471	-0.259647	0.225524	0.518598	-0.881800	-0.198869	-0.402519	-1.034572	0.610279	-0.431670	-0.337970	-0.760434	0.235494	-0.504824	0.986639	1.027390	0.259719	0.051046	-0.122036	0.708550	-0.087610	-0.492690	1.131657	1.165332	-1.385383	0.908334	-0.864600	1.673287	1.664839	1.016905	1.723851	-0.367467	0.491928	0.607140	-0.531610	-0.062877	0.791428	-1.603839	-0.826091	-0.190707	0.083804	-0.817777	0.228964	0.591714	0.904120	0.848097	0.058130	-0.937395	0.990567	0.735896	1.253880	0.523210	-0.464565	0.501890	-0.321921	0.240136	0.615913	1.042636	0.350171	-0.351803	0.585724	0.443456
0.749869	-0.535910	1.432370	0.589066	0.473931	-1.588383	0.615134	-0.449942	0.184931	-0.219281	0.544643	0.538652	1.607578	1.709528	0.128787	0.038077	-0.959769	-2.316831	1.231735	0.346366	-1.773759	-1.912582	0.674804	-0.576589	0.912962	0.373787	-0.134117	1.482978	-1.452438	-0.440986	0.503641	-0.133139	1.987400	1.172013	1.604092	1.411149	0.980022	-0.180472	1.005330	0.403436	0.664154	-0.966567	0.880638	0.303751	2.093717	1.516854	1.077999	0.224628	-0.326527	-0.603904	1.231031	1.288767	-0.422771	-1.408573	0.375744	-0.759944	1.277738	0.458085	0.174319	-0.666235	1.186242	0.154453	0.985464	1.222606	0.578756	0.459835	-0.312265	-0.941492	0.138452	-0.340944	1.514164	0.855501	0.255912	0.782898	0.365822	1.003575	1.892748	0.830277	1.611447	1.190126	1.051324	0.851010	1.163495	1.100255	1.003528	-0.036269	-0.445616	0.757668	0.743270	-0.344609	1.558103	1.193440	0.907735	1.156332	0.070023	-0.629404	0.739580	0.020979	0.900819	-0.467317	0.125992	0.474698	-1.416464	0.319218	0.408450	0.386066	1.011142	-0.158825	0.010126	-0.736522
0.968208	-0.151260	0.683312	0.356053	0.370266	-0.661128	0.503054	-0.491442	0.054874	-0.135235	-0.021802	0.722123	0.542369	1.530602	0.338002	-0.778621	-0.797704	-0.828887	0.340601	0.970501	-0.990977	-1.484796	0.882056	0.065884	0.721201	0.562921	-0.401394	0.012745	-1.724776	-0.733276	0.245270	-0.500429	1.248866	1.257770	1.316774	0.741493	0.220808	-0.406123	1.297165	-0.166336	1.091272	-0.540996	1.451383	0.212312	2.125216	1.392169	0.675420	0.089602	-0.901690	-0.279570	0.908608	0.942103	0.266371	-1.707633	0.975484	-0.085198	0.773328	0.645592	0.819449	0.032195	1.288826	0.577098	0.434186	0.588647	0.156800	0.356819	-0.688715	-2.447596	0.205681	-0.067753	1.120144	0.686959	0.805979	0.109964	1.003675	-0.249301	0.854786	0.473015	1.484503	2.072059	0.367197	0.485636	1.487580	1.210027	-0.331543	0.501445	-0.133800	0.703581	0.691027	0.147186	1.900896	1.074553	0.667313	0.862419	0.194590	0.214777	0.221776	-0.674097	-0.366278	-1.316457	0.601467	-0.162849	-1.356534	0.221471	0.429591	-0.821393	1.165995	-0.291103	-0.454620	-0.885401
0.531188	0.519649	-0.431914	-0.433307	0.255586	0.998294	0.401575	-0.130078	-0.474348	0.232182	-0.335073	0.447129	-0.530985	0.924199	0.433895	-1.082345	-0.102918	0.642655	-0.253813	1.494964	0.505328	-0.333098	0.995797	1.140752	0.022909	0.362752	-0.273172	-1.018234	-0.731063	-0.849884	-0.249394	-0.917796	-0.074967	0.760528	-0.014701	-0.632596	-0.896863	-0.635720	1.247933	-0.464288	1.610009	0.660476	1.215435	-0.246253	1.062638	0.689316	-0.034825	0.046751	-1.277111	0.248603	0.242230	0.110882	0.720569	-0.472369	1.162660	0.974508	0.107162	0.346774	1.317633	0.795943	0.748757	0.654321	0.004362	-0.194064	-0.108445	0.196958	-0.355887	-2.235263	-0.211300	0.404113	0.390587	0.810628	0.066227	-1.001202	0.762069	-0.714789	-0.245133	0.481398	1.249884	1.694494	-0.662200	0.016436	0.889971	0.644684	-1.353133	-0.017021	-0.121274	-0.099415	0.665821	0.687505	1.664059	0.732506	0.245705	0.549317	-0.000041	0.819600	-0.211752	-0.753393	-1.123510	-1.107572	0.328010	-0.924205	-0.590091	0.028818	0.705522	-1.026455	0.985921	-0.711841	-0.751251	-0.097542
0.146294	1.235273	-0.577838	-0.963734	0.296821	2.160628	0.572039	0.687798	-0.324153	1.224877	0.241706	0.255878	-0.548674	0.404419	0.158656	-0.859203	0.724955	1.064182	0.139086	1.534220	1.244560	0.845374	0.643141	1.920264	-0.100599	0.173749	0.295100	-0.424844	0.766140	-0.148520	-0.381665	-1.032876	-0.445158	-0.084365	-0.937250	-1.555276	-1.054456	-0.407315	1.115282	-0.071371	1.672305	1.926614	0.726181	-0.413426	-0.403775	-0.222193	-0.168946	0.573991	-1.415690	0.435322	0.120565	-0.559367	0.712026	1.116395	0.694127	1.801359	-0.077764	0.024772	1.158487	1.015343	0.059584	0.571177	0.230040	-0.381095	0.528204	0.537787	0.677417	-0.320349	-1.026261	0.851004	-0.113325	0.804154	-0.786390	-1.761098	0.192973	0.278642	-0.777741	0.585051	0.465190	0.448696	-1.012683	-0.296148	0.419012	0.018769	-0.544443	-0.681944	-0.222121	-0.994471	0.992997	1.236181	1.374375	0.542974	0.023767	0.812636	-0.277482	0.874011	-0.383527	-0.510415	-0.921277	-0.371559	-0.377714	-0.944781	-0.015676	-0.163473	0.832066	-0.283385	0.291507	-0.791547	-0.723568	0.703942
0.214694	1.540719	0.197897	-0.847649	0.304373	1.929876	0.822196	1.465638	0.882344	2.352213	1.257040	0.348386	0.322196	0.145221	-0.279624	-0.330384	1.195862	0.716194	1.017380	1.004736	0.811711	1.708186	-0.212955	1.886588	0.583247	0.155948	0.795381	0.935156	1.471629	0.967942	-0.072653	-0.607280	0.267253	-0.714993	-0.763959	-1.517531	-0.133450	0.162441	0.869243	0.466330	0.893416	2.266676	0.445484	-0.111490	-1.343572	-0.840349	0.419231	1.375369	-1.136925	0.338357	0.316571	-0.844868	0.374385	1.467208	-0.355022	1.653966	-0.143788	-0.212449	0.054444	0.495101	-0.553430	0.311698	0.784356	0.019220	1.619168	1.263368	1.537598	1.539810	-1.526877	0.977366	-0.238251	0.203038	-0.684554	-1.458096	0.063925	1.662801	-1.022010	0.135172	-0.745566	-0.717907	-0.661439	-0.530079	0.300570	-0.306183	1.492902	-0.722652	-0.349453	-1.379589	1.173769	1.454802	1.125022	0.555840	0.308516	1.353228	0.081170	0.878102	-0.563570	-0.489579	-0.473327	-0.050993	-0.702792	-0.105035	0.022254	-0.327303	0.480836	0.135232	-0.925213	-0.275375	-0.362863	0.834071
0.400290	1.182928	0.791255	-0.355598	0.119972	0.837858	0.730162	1.606455	2.115597	2.528061	1.634118	0.418496	1.153262	0.017693	-0.413891	0.365288	1.064450	0.506992	1.366414	0.286603	0.080384	2.149228	-0.980585	1.274472	1.459512	0.375220	0.563651	1.124917	0.943779	1.383858	0.150396	0.309282	0.977595	-0.592266	-0.102047	-0.906209	0.801581	0.781801	0.433594	0.476950	-0.226966	1.456706	0.248256	0.170858	-1.216665	-0.628721	1.147792	1.742838	-0.249229	0.384646	0.194915	-0.712129	-0.046802	0.579672	-1.369742	0.616823	-0.507129	-0.466756	-1.385666	-0.363335	-1.046883	-0.274139	0.814323	0.372923	1.934357	1.658594	1.654533	1.615050	-0.871183	0.848469	-0.146140	-0.865985	0.237982	-0.308555	0.628798	1.786037	-1.187683	-0.786863	-1.446130	-1.028198	-0.294820	-0.671309	0.132082	-0.167921	2.939297	0.035751	-0.664536	-0.927978	0.783972	0.950318	0.923986	0.711823	0.913189	1.295011	1.253641	1.381778	-0.958451	-0.631980	-0.430138	-0.274325	-0.340300	0.707229	-0.076706	-0.365248	-0.106328	-0.220143	-1.787833	0.354070	0.023530	0.510010
0.203052	0.463406	0.445638	-0.001913	-0.093783	0.241301	0.260782	1.077409	2.015213	1.225696	0.929030	0.198384	1.370780	-0.115564	-0.041038	1.102704	0.525571	0.757996	0.878639	-0.028161	0.038032	2.013794	-0.904256	0.826613	1.921012	0.809524	-0.341289	-0.445425	-0.094369	0.612989	-0.232680	1.185628	0.927825	0.193803	0.178991	-0.345203	0.770597	1.206453	0.103921	0.031756	-0.595843	0.352973	-0.105900	0.046901	-0.201893	0.499265	1.474198	1.478773	0.955524	0.700855	-0.157687	-0.129550	-0.332344	0.016808	-1.607476	-0.307270	-0.858270	-0.685386	-1.930389	-0.894105	-1.243261	-0.965947	0.014359	0.293815	0.872636	1.313121	1.270636	-0.014564	0.943480	0.838371	0.071375	-1.702356	0.997664	0.722909	1.321597	0.400073	-0.939348	-1.232275	-0.866252	-0.434836	-0.338451	-0.550983	-0.107009	0.357732	2.820035	1.233367	-1.156903	0.186555	0.229648	-0.174820	0.987197	0.889033	1.269126	0.361356	2.412387	2.126014	-1.263617	-0.452099	-0.621421	-0.585355	0.188686	0.620954	0.191191	-0.247270	-0.263594	-0.392932	-1.275461	0.506627	0.073432	0.408994
-0.321015	0.017780	-0.545669	-0.020363	-0.040976	0.694074	-0.086817	0.430215	0.403192	-0.836659	-0.182702	-0.170743	1.146420	-0.272703	0.549684	1.571585	0.032883	0.946110	0.293188	0.386044	0.770649	1.230839	0.208449	0.997630	1.736607	1.150980	-1.017866	-2.175645	-0.744409	-0.586338	-1.021383	1.291019	0.450659	0.857745	-0.104972	-0.117916	-0.210731	1.061166	0.296300	-0.345999	0.314582	-0.003948	-0.468396	-0.241675	0.997922	1.795746	1.252138	0.952444	1.643131	0.976874	-0.116137	0.703147	-0.346433	0.801268	-0.879262	-0.244025	-0.705669	-0.677920	-1.026953	-0.773080	-0.972476	-1.201127	-0.919960	0.049605	-0.790181	0.658371	0.757039	-1.586375	2.727516	1.037373	0.455002	-1.701491	0.886094	0.895594	1.209774	-1.107615	-0.060883	-0.587322	0.599001	0.417714	-0.593045	-0.303483	0.005944	0.811671	1.629725	2.145941	-1.372093	1.238425	0.268989	-1.107144	1.385527	0.879774	0.986288	-0.733411	2.521656	2.225037	-1.001627	0.180868	-0.528719	-0.771840	0.256000	-0.178441	0.746654	-0.211128	0.381775	0.376668	0.290041	0.166496	-0.180253	0.708701
-0.650098	0.141501	-1.296550	-0.123736	0.268409	1.297516	0.049709	0.107565	-1.493874	-2.350623	-0.720337	-0.400833	0.796110	-0.474216	0.928679	1.506473	-0.127177	0.539590	0.458168	1.228310	1.531455	0.083930	1.732307	1.407642	0.832577	0.951851	-0.759521	-2.077666	-0.869804	-1.105824	-1.327284	0.444949	0.185213	0.647273	-0.600629	-0.146321	-1.367840	0.063784	0.818036	-0.500497	1.698084	0.451164	-0.571987	-0.289689	1.680250	2.111523	0.492763	0.348732	1.247385	0.898423	0.349904	1.210406	-0.191022	1.961705	0.312522	0.611166	-0.134722	-0.292631	0.427334	-0.299459	-0.437671	-0.775361	-1.087259	-0.018362	-1.670240	0.401653	0.070314	-1.521771	3.097935	0.916443	0.906454	-0.975142	0.135305	0.312813	0.011374	-1.469479	1.002878	0.488081	1.708391	0.794712	-0.599147	-0.377445	0.528325	0.679883	0.290932	2.089301	-0.787011	1.441512	1.004779	-0.903741	1.691836	0.621376	0.202143	-1.217195	1.404347	1.164384	-0.106747	0.887800	-0.015521	-0.911970	-0.037515	-0.635659	0.968810	-0.408954	1.338640	1.368616	1.334227	-0.124784	-0.219567	0.838272
-0.521122	0.418057	-1.166844	0.202625	0.396272	0.821057	0.233138	-0.079157	-2.286151	-2.644286	-0.511972	-0.480535	0.187279	-0.810915	0.980991	1.066252	-0.132012	-0.259192	1.157878	1.668413	1.516025	-0.922682	2.585881	1.146524	-0.708262	0.086705	0.096908	-0.055196	-0.939152	-0.731077	-0.556588	-0.678994	0.058401	-0.394117	-1.003595	-0.213731	-1.950569	-1.332397	0.785638	-0.707920	2.017443	0.728844	-0.575372	-0.219081	1.541080	0.927472	-0.722798	-0.580125	0.207737	0.438808	0.420353	0.879576	-0.200846	1.674400	1.252983	1.255659	0.401929	0.514676	0.975859	-0.048134	-0.133434	-0.215059	-0.448180	-0.116510	-1.189357	0.598826	-0.826191	0.013525	1.888892	-0.110868	1.036746	-0.242179	-0.406694	-0.345496	-1.396359	-0.911736	1.565167	0.764890	1.629616	0.425716	-0.095465	-0.812083	0.890390	0.000459	-0.790518	1.009874	0.543780	0.667292	1.650550	0.487901	1.293433	0.339313	-0.648696	-1.161134	-0.234408	-0.642202	1.011819	1.301987	0.593524	-0.896887	-0.020782	0.005178	0.454450	-0.431446	1.530722	1.265865	0.885604	0.166588	0.430137	0.261724
-0.301015	0.161189	-0.262867	0.990237	-0.061061	-0.761675	-0.363604	-0.609696	-1.756540	-2.101781	-0.341777	-0.658801	-0.954534	-1.260250	0.870932	0.646234	-0.430690	-0.786448	1.173294	1.012635	0.582503	-1.470318	1.973158	-0.251381	-2.355450	-1.076699	0.687181	1.962450	-1.174136	-0.195320	0.706443	-1.213555	-0.532873	-1.460977	-1.205594	-0.133098	-1.717820	-2.028355	-0.367865	-1.034466	0.573054	-0.037603	-0.934611	-0.504361	0.702136	-1.059180	-1.979995	-1.862522	-0.496339	-0.226617	-0.425540	-0.118241	-0.557538	-0.401218	1.479930	0.940028	0.664495	1.511911	0.188307	-0.258993	-0.325541	-0.183652	0.178200	-0.633615	-0.099304	0.575772	-1.517863	1.488532	0.248613	-1.749428	0.425995	-0.055180	-0.162230	-0.496655	-1.818659	-0.476654	1.333837	-0.062330	0.609762	-0.437697	0.747848	-0.967868	0.581484	-0.656119	-1.601050	-0.406184	1.825236	-0.434682	1.314552	1.875435	0.036149	0.214385	-1.255427	-1.115666	-1.663922	-2.297584	1.782610	1.321404	0.890516	-0.451999	0.538894	1.319562	-0.411173	0.226998	0.361289	-0.120431	-0.315185	0.988571	1.491107	-0.727496
-0.499321	-0.770234	0.665169	1.478438	-0.908370	-2.167767	-1.765647	-1.496705	-0.904214	-1.470132	-0.962217	-1.031795	-2.271590	-1.501641	0.666951	0.304675	-1.102968	-0.743913	-0.240990	-0.526734	-0.596749	-1.556010	0.125890	-2.117038	-3.261811	-1.973789	0.691696	2.123992	-1.125473	-0.090793	1.187350	-0.924858	-1.641693	-1.721972	-1.106281	0.138841	-0.926253	-1.429507	-1.958384	-1.109553	-1.575969	-1.493562	-1.655993	-1.140581	-0.472944	-2.457967	-2.578434	-2.874044	-0.474340	-0.806928	-1.483744	-0.962503	-0.920502	-2.509109	0.927653	-0.177910	0.628986	2.016449	-0.888271	-0.581877	-0.704882	-0.616640	0.161046	-1.287140	0.392750	-0.208821	-1.581529	1.733127	-0.727132	-2.765117	-0.880830	-0.211826	0.593663	-0.050478	-1.093549	-0.481351	0.477244	-1.037513	-0.532901	-1.282989	1.353053	-0.386863	-0.218719	-0.878825	-2.041524	-1.406361	2.116477	-1.096445	-0.087426	1.821504	-1.559261	0.056430	-1.517646	-1.183399	-2.619413	-3.122712	1.735642	0.900177	0.703962	0.342010	0.937211	2.025460	-0.816192	1.142791	-1.448491	-1.571766	-0.901456	1.600590	1.948829	-1.222281
-1.037398	-1.738630	0.846282	0.859366	-1.426993	-2.244048	-2.787746	-2.123417	-0.744402	-1.056291	-2.103786	-1.327350	-2.736306	-1.101935	0.243120	-0.279441	-1.492662	-0.447725	-2.152641	-1.823217	-1.131833	-1.285616	-1.629805	-3.123282	-2.977646	-2.239698	0.465246	0.629755	-0.218229	-0.138258	0.378322	-0.243897	-2.324097	-0.963744	-0.614433	0.468973	-0.063725	-0.246354	-2.571489	-0.694626	-2.529055	-2.402041	-1.970070	-1.393963	-1.544940	-2.361351	-2.170180	-2.931738	-0.151811	-0.913487	-1.574225	-0.954866	-0.649087	-2.656783	-0.052107	-1.319428	0.247366	1.294975	-0.834992	-0.417127	-0.602225	-0.720378	-0.199091	-1.186306	-0.115537	-1.450812	-1.190811	0.969477	-1.045787	-2.162647	-2.173343	-0.072498	0.999895	0.664361	-0.236247	-0.302610	-0.615342	-1.118029	-1.210130	-1.612537	1.110787	0.428924	-0.870867	-0.759871	-1.945988	-1.849783	1.161067	-1.096445	-1.750028	0.117171	-2.708419	-0.393780	-1.362441	-0.978509	-2.983585	-2.875654	0.811637	0.093536	0.245932	0.904356	0.362421	1.232593	-0.368564	1.100807	-2.315235	-1.789642	-0.503481	1.174036	1.077044	-0.652317
-1.248481	-1.995380	0.116629	-0.675083	-1.092333	-1.181931	-2.197462	-1.927185	-1.268803	-0.739119	-2.703646	-1.246722	-1.647597	0.021871	-0.423325	-1.173747	-0.849803	-0.267360	-2.743616	-1.862150	-0.823121	-0.765144	-1.932852	-2.605101	-1.914883	-1.919649	0.293641	-0.635682	1.332351	0.224105	-0.896096	0.267219	-1.565207	0.372500	0.150311	0.656168	0.462266	0.244971	-1.607350	-0.160718	-1.478384	-2.054635	-1.057881	-0.635723	-2.129505	-1.061386	-1.202477	-2.076476	0.091302	-0.341453	-0.520411	-0.155006	0.452637	-0.773801	-0.801908	-1.838493	-0.399876	-0.564578	0.708560	0.446459	0.383370	0.072415	-0.132108	0.028160	-0.949949	-2.296177	-0.817403	0.132017	-1.309668	-0.299232	-2.533767	0.589961	0.475510	1.185012	-0.149730	0.416495	-1.462123	-0.281584	-1.250697	-1.206257	-0.049537	0.557592	-1.003282	-0.477754	-1.404829	-2.036242	-0.369951	-0.743143	-2.784165	-1.977763	-2.946973	-0.950999	-0.697837	-0.371243	-2.487647	-1.722601	-0.319590	-0.591971	0.066802	0.745375	-0.959979	-0.621896	0.582154	-0.332220	-1.334591	-0.599156	0.168851	-0.354427	-0.617577	0.628973
-0.690936	-1.496064	-1.032561	-1.988202	-0.123638	-0.081683	-0.181861	-1.085238	-1.658557	-0.467883	-2.114282	-0.912164	0.456725	1.379854	-1.039546	-1.813404	0.550740	-0.143687	-1.410101	-0.810581	-0.382097	-0.201461	-0.757984	-1.261159	-0.879250	-1.385661	0.057872	-0.386110	2.369454	0.802861	-1.529942	0.233073	0.428591	1.557127	0.837440	0.569332	0.554929	-0.367816	0.049103	-0.084501	0.493708	-0.998112	0.878991	0.762248	-2.031931	0.335618	-0.413127	-0.870496	0.415400	0.528774	0.698237	0.797993	1.648481	1.202327	-0.831525	-1.690125	-0.909911	-2.397212	2.628033	1.474420	1.857779	1.334560	0.602127	1.510534	-1.266529	-2.248878	-0.505965	-0.384047	-1.648084	1.443201	-1.603384	1.295147	-0.662405	1.161924	-0.578194	1.068292	-1.649758	0.679967	-0.669096	-0.306181	-1.442963	-0.202125	-0.832050	0.028039	-0.788446	-2.033622	-1.469888	-0.406107	-2.970755	-3.046459	-2.378258	-1.141343	0.413732	0.306511	-1.073124	-0.309531	-0.599069	-0.418298	0.654276	0.121019	-1.910059	-2.153797	1.351986	-1.898328	0.680312	1.143636	0.463842	-2.101317	-1.807850	1.656930
0.222716	-0.909875	-1.925683	-2.168463	0.718336	0.386577	1.706892	-0.352464	-1.275318	-0.325226	-0.761071	-0.739787	2.086692	2.205708	-1.170147	-1.480367	1.401238	0.201292	0.445030	0.171988	-0.535376	0.163058	0.529598	-0.333731	-0.211787	-0.967951	-0.293907	0.639269	1.805315	0.725046	-1.313770	-0.461384	2.118938	1.920713	1.117051	0.192248	0.423947	-1.288132	1.061960	-0.458147	1.650037	-0.213580	2.512517	1.672746	-1.345614	0.914290	0.030556	0.366502	0.918021	0.881885	1.235495	1.287124	1.755439	1.303800	-0.342686	-1.272642	-0.882550	-2.890669	3.247441	1.747584	2.788058	2.053067	1.447452	2.062150	-0.964350	-1.613067	0.039982	-0.876141	-1.682905	1.969806	0.107851	1.458425	-1.509530	0.563530	-0.635870	0.898601	-1.115430	1.104594	0.331589	0.496019	-2.078874	-1.103812	-0.771212	0.681656	-0.450521	-1.575585	-1.582792	-0.249624	-2.609400	-2.761849	-1.492138	-0.902350	1.626707	0.817151	0.624188	0.443676	0.299076	0.667344	1.812272	-0.157974	-1.776639	-2.316991	1.471066	-1.923214	1.930679	2.416580	0.441173	-2.976237	-1.681838	1.647504
0.629921	-0.824096	-2.133613	-1.353218	0.794212	0.423001	2.120905	-0.260398	-0.218928	-0.167619	0.500942	-0.908067	2.041254	2.003795	-0.592273	-0.088497	0.889576	0.826161	1.066251	0.255168	-1.036935	0.347740	0.721634	-0.230992	0.329457	-0.674986	-0.396171	0.905069	-0.165076	-0.332829	-0.798297	-1.482194	1.989436	1.145838	0.889448	-0.371262	0.295322	-1.582441	1.009360	-0.658356	1.360102	0.055798	2.562112	1.364531	-0.470798	0.547315	0.492467	1.560201	1.069888	0.279382	1.162132	0.997161	0.360803	-0.526045	-0.076933	-0.909567	-0.420762	-1.785956	1.837416	0.864280	2.383881	1.734313	1.729818	1.444808	-0.545413	-1.035383	0.706510	-1.424849	-1.313649	1.187934	1.614653	1.038710	-1.561388	-0.201727	-0.144694	0.070634	-0.228273	0.896511	1.175720	0.643751	-1.439753	-1.305502	-0.925779	0.924005	-0.502929	-0.697607	-0.836939	-0.329600	-1.867028	-1.728674	-0.804839	-0.764527	2.418834	1.215079	1.543217	0.086919	1.368754	1.669373	2.501427	0.255594	-0.947181	-1.191438	0.966875	-0.298676	1.438168	2.599341	0.413363	-2.509484	-0.531512	0.592634
0.196565	-1.100346	-1.618329	-0.350042	0.065648	0.354996	1.150069	-0.630548	0.910634	0.289879	1.262540	-1.196517	0.426892	0.915704	0.463087	1.607272	-0.122036	1.509493	0.371933	-0.220656	-0.953023	0.648777	0.074805	-0.291532	0.859646	-0.394899	0.089472	0.270034	-2.019589	-1.478705	-0.438004	-2.060734	0.071231	-0.385233	0.259680	-0.883632	0.125947	-1.208774	0.464503	-0.317159	0.430775	0.295514	1.044775	0.202585	0.029797	-0.309293	0.966666	2.230187	0.298906	-0.759137	0.839211	-0.075931	-1.483162	-2.441964	-0.484931	-0.561241	-0.083954	-0.075101	-0.600856	-0.502657	0.864247	0.830765	1.317933	0.452342	-0.312500	-0.789154	0.897848	-1.469875	-0.899581	-0.301115	2.094670	0.436208	-1.240213	-0.516654	0.051903	-0.533244	0.486262	0.245594	1.179825	-0.036790	0.043272	-0.707128	-1.082610	0.258817	-0.755731	-0.039359	0.229775	-0.662631	-0.717712	-0.574882	-0.568037	-1.104488	2.378090	1.387196	1.144115	-0.831450	1.314232	1.545365	1.693461	0.642781	-0.160561	0.366700	0.308076	1.365029	-0.073154	1.578489	0.266591	-1.019478	0.869536	-0.722526
-0.556262	-1.114556	-0.715458	0.220207	-0.896109	0.140746	-0.096250	-0.880095	1.499573	0.882045	1.517818	-1.293429	-1.390805	-0.329374	1.339405	2.547959	-0.112432	1.918704	-0.228668	-0.381053	0.041721	1.175913	-0.269544	0.135342	0.994660	-0.227167	0.855952	0.069131	-2.251037	-1.588906	-0.329526	-1.659192	-1.914192	-1.549552	-0.532114	-1.045268	-0.249885	-0.736331	0.060967	0.140191	-0.057108	0.783776	-0.788562	-0.837507	-0.161721	-1.112913	0.811352	1.647392	-1.043269	-1.226404	0.275849	-1.425318	-2.108091	-2.577588	-1.202883	-0.057622	-0.272075	0.944070	-2.209490	-1.177141	-0.773323	0.051783	0.551682	-0.187869	-0.099049	-0.631022	0.409405	-0.592189	-0.620785	-1.640318	1.336372	-0.062154	-1.194897	-0.161062	-0.689790	-0.409562	0.696010	-0.654136	0.276864	-1.206833	1.254316	0.057762	-1.016964	-0.896345	-0.737464	-0.134174	0.966803	-1.059417	0.506434	0.376732	-0.663650	-1.455008	1.482903	0.983752	-0.001915	-1.291649	0.118680	0.464638	-0.348078	0.088848	0.384108	1.479324	-0.038178	1.562490	-1.127479	-0.137809	-0.393392	0.690217	1.881850	-1.325176
-0.916426	-0.516650	0.053751	0.261945	-1.302227	-0.179716	-0.782811	-0.634735	1.262793	0.954019	1.199849	-0.983561	-1.876140	-0.899939	1.348748	2.137084	1.022720	1.684447	0.189635	0.038875	1.098611	1.550579	0.120032	0.821651	0.447478	-0.313714	1.141029	0.959391	-0.809306	-0.694975	-0.507262	-0.635539	-2.098205	-1.269214	-1.077686	-0.691382	-0.658599	-0.354580	-0.044273	0.176346	0.136954	1.182272	-1.714050	-1.142001	-0.717046	-1.482310	-0.229233	-0.019898	-1.837893	-0.733407	-0.450341	-1.994685	-0.956352	-0.876393	-1.500451	0.507553	-0.752255	0.775042	-2.110178	-0.733133	-1.707618	-0.414877	-0.184813	-0.482065	0.225712	-0.265493	-0.115370	0.672681	-0.207795	-1.955956	-0.118860	-0.516349	-1.224345	0.341099	-1.651170	0.047275	0.410690	-1.516768	-0.732385	-2.110634	1.311701	0.331483	-0.625261	-1.413412	-0.016843	-0.617350	0.899303	-1.072529	1.087436	0.854555	-0.743091	-0.955134	0.189135	0.076202	-0.746002	-0.915027	-1.012219	-0.347734	-1.933932	-1.102160	0.779515	1.635597	-0.116690	0.402286	-1.032074	-1.451007	-1.389532	1.702679	1.956077	-0.914946
-0.679660	0.399773	0.348991	-0.022271	-0.746176	-0.181089	-0.890745	0.017580	0.455638	0.220238	0.331746	-0.141280	-0.656801	-0.513836	0.371878	0.654013	1.718246	0.580381	1.008027	0.527865	1.195871	1.289778	0.541332	1.053519	-0.363913	-0.441610	0.599655	1.638884	0.831252	0.109072	-0.927804	0.156196	-0.309272	0.335791	-0.925396	0.037707	-0.558718	0.264976	0.091761	0.063728	0.439713	1.088015	-1.522345	-0.823035	-0.874790	-1.230085	-1.210994	-1.371259	-1.419848	0.032211	-0.778999	-1.032297	0.743751	0.979994	-1.107702	0.769610	-0.925975	-0.029116	-1.163099	0.029277	-1.843843	-0.808839	-0.607124	-0.673405	0.412096	0.225705	0.028603	1.277075	0.481875	-0.926552	-1.273491	-1.062473	-0.466844	0.221325	-1.398038	0.136276	-0.072063	-1.898511	-0.969648	-1.974938	0.369417	0.079670	0.047240	-0.735963	1.159943	-0.617820	0.134496	-0.387190	0.742561	0.679309	-0.543720	0.492886	-0.788082	-0.621616	-0.511564	-0.305366	-1.293859	-0.076481	-1.613421	-1.547670	0.748047	0.839469	-0.381596	-0.822836	-0.281303	-1.444131	-1.699311	1.472892	0.775466	-0.199767
-0.104097	1.023276	0.238055	-0.396527	0.372591	0.287754	-0.699606	0.680805	-0.188053	-0.693996	-0.527450	1.051474	1.075763	0.287809	-0.909391	-0.949483	0.781498	-1.060753	1.100256	0.557499	0.389300	0.377730	0.328523	0.557525	-0.710216	-0.207734	-0.287075	0.423639	1.102944	0.043373	-1.174135	0.451124	1.698401	1.813903	-0.039980	0.740106	0.269867	1.082223	0.427793	0.487154	0.271907	0.555309	-0.808962	-0.330041	-0.268783	-0.412403	-0.928873	-1.219422	-0.301175	0.088177	-0.355752	0.777168	1.240397	1.393739	-0.436988	0.492527	-0.575332	-0.602267	-0.704895	0.053106	-1.516643	-1.215925	-0.514082	-0.641592	0.207033	0.469655	0.633839	0.843290	1.041561	0.613946	-1.413173	-1.578765	1.146373	-0.632776	0.356221	-0.321412	-0.361687	-1.524866	-0.456838	-0.657135	-0.570208	-0.168800	0.654565	0.369826	1.764613	0.094029	-0.596564	0.701744	0.100241	0.129042	-0.096242	1.877457	-0.974988	-0.617706	0.218169	-0.173779	-1.204183	0.736000	0.094883	-0.616304	-0.051979	-0.286496	-1.002075	-1.145914	0.275354	-0.392228	-0.534003	0.317699	-1.062007	-0.193146
0.475653	0.965703	0.053120	-0.622010	1.093950	0.555993	-0.312918	0.901360	-0.007240	-0.953108	-0.604901	1.902041	1.654368	0.584274	-1.542909	-1.728505	-1.064727	-2.270820	0.271162	0.093018	-0.341890	-0.737197	-0.184473	-0.256098	-0.367695	0.389562	-0.823150	-2.304858	-0.114463	-0.583942	-0.665158	0.761462	2.037114	1.771364	0.923841	1.032409	1.231958	1.340424	0.737901	1.245327	-0.365542	-0.110162	-0.208633	-0.020512	0.622021	0.626507	0.388408	-0.080389	0.467420	-0.701100	0.212236	1.621711	0.075323	0.404431	-0.084233	-0.123714	-0.149050	-0.613030	-0.921727	-0.727144	-1.040206	-1.452387	-0.024466	-0.235452	-0.156222	0.268263	0.795734	0.030516	1.006600	1.208716	-0.707736	-1.707964	2.280198	-1.462716	2.138809	-0.875326	-0.267608	-0.685238	-0.019126	1.000755	-0.674689	0.014668	0.653416	0.666641	1.041929	0.821203	-0.655798	1.411630	0.001802	-0.178322	0.396374	2.087187	-0.606479	-0.389793	0.589138	-0.390696	-1.384771	0.910435	1.208850	0.576353	-1.130699	-0.804489	-1.547586	-0.671253	0.273139	0.411235	1.424500	-0.695781	-2.048351	-1.060321
0.770540	0.334941	0.097387	-0.412654	0.791518	-0.110502	0.135688	0.443482	0.923338	-0.509605	0.178096	1.694549	0.562484	-0.081700	-1.129176	-1.407531	-2.184961	-2.182001	-0.737611	-0.572367	-0.345685	-1.574534	-0.246003	-0.817402	0.307061	0.855467	-0.859674	-4.110124	-1.392198	-1.008566	0.630526	1.331863	0.642951	0.354679	1.166917	0.869724	1.519837	0.573785	0.604726	1.161529	-1.018612	-0.763630	-0.038488	-0.076441	1.075925	1.377779	1.086603	0.419371	0.428980	-1.434626	0.005196	0.504632	-1.523976	-0.631613	-0.242206	-0.590821	-0.150211	-0.311556	-0.969590	-1.396277	-0.667398	-1.449301	0.266365	0.131824	-0.118393	-0.089249	0.054722	-0.333334	0.518478	0.310544	0.006705	-1.219087	1.687753	-1.414176	2.345141	-1.005315	0.022411	-0.060213	-0.229013	1.734933	0.019083	0.464621	-0.046371	-0.112297	-0.381453	0.898249	-0.197860	1.236737	0.518283	0.015777	0.795118	1.063719	-0.481772	-0.723032	0.363707	-0.219369	-1.489851	0.034854	0.578798	0.604395	-1.307729	-0.252106	-1.516045	-0.045646	-0.101197	0.101291	2.451058	-0.649296	-1.158728	-1.830204
0.607830	-0.323928	0.463951	0.409187	-0.149817	-1.342793	0.298296	-0.403484	1.806359	0.018002	1.036997	0.569353	-1.093672	-1.223534	-0.055028	-0.485647	-2.004410	-0.914910	-1.241805	-1.079830	0.084688	-1.833789	0.163573	-0.890453	0.942539	0.811579	-0.706473	-3.174016	-1.246886	-0.898234	1.965949	1.553469	-0.793492	-0.934936	0.660885	0.605376	1.124922	-0.472537	-0.068696	-0.260515	-1.298128	-1.359293	-0.299929	-0.440416	0.996643	1.492787	0.127366	-0.423537	0.040470	-1.131896	-0.886269	-1.461956	-1.946973	-0.643196	-0.523830	-0.553335	-0.425317	0.053361	-0.411481	-1.190528	-0.598241	-1.348070	-0.183055	-0.145775	0.540404	-0.070015	-0.999393	-0.162888	0.116436	-1.075283	0.074691	-0.303779	-0.031712	-0.403646	1.070495	-0.600174	0.161151	0.000100	-0.758564	1.081839	0.881249	0.667084	-0.682063	-0.998228	-1.031663	0.494983	0.156810	0.543711	0.957403	0.305861	1.021598	-0.238141	-1.096163	-1.447224	0.060631	0.620318	-0.831272	-1.174772	-0.920774	-0.345158	-0.086705	0.872866	-0.905980	0.338591	-0.500804	-0.820245	1.593051	0.379989	0.888013	-1.448352
0.206226	-0.361698	0.974343	1.587425	-0.728782	-1.877267	0.050320	-0.847349	1.900650	0.301530	1.255196	-0.399198	-1.794979	-1.821222	1.006260	0.292883	-1.283746	0.486496	-1.120727	-1.073002	0.363884	-1.379012	0.352654	-0.568145	1.388421	0.496382	-0.549602	-0.374525	0.265138	-0.391867	2.527226	0.938820	-0.823815	-0.913782	0.199369	0.662265	0.781604	-0.579325	-0.748984	-1.739029	-1.170003	-1.630430	-0.631648	-0.666254	0.881223	1.100649	-1.473804	-1.576233	-0.031181	0.215432	-1.355979	-2.276273	-0.735357	0.178918	-0.303488	-0.030106	-0.359025	0.504915	0.238223	-0.254007	-0.711863	-1.107344	-1.113190	-0.930912	1.331345	0.512081	-1.388347	0.041596	-0.018949	-1.617817	-0.402175	0.541311	-0.981360	0.860893	-0.149843	0.070684	0.114885	-0.105836	-0.871710	-0.031984	1.367484	0.424888	-0.371080	-0.942336	-0.346479	0.231628	0.212162	0.222811	0.770071	0.259191	0.940967	-0.878849	-1.990160	-1.534006	0.200381	1.534202	0.345676	-1.781786	-1.650579	-0.810912	1.547860	1.598715	-0.088570	0.512152	-0.689326	-1.227067	-0.329708	1.456399	2.293451	-0.009429
0.123351	0.439944	1.265927	2.389093	-0.445952	-1.022349	-0.179919	-0.266167	1.152852	0.601330	0.919865	-0.280417	-1.165021	-1.330793	1.599311	0.548742	-0.763507	1.061511	-0.574618	-0.398813	0.359592	-0.410489	0.007464	-0.021632	1.467120	0.488758	-0.345406	1.761623	1.575913	0.327218	2.190607	0.149153	0.201248	0.079724	0.370325	1.074922	0.861221	0.420118	-0.780399	-1.562833	-0.807241	-1.161184	-0.488613	-0.205119	1.052141	0.730811	-1.855052	-1.686037	0.266041	1.565765	-0.758231	-1.382362	1.072543	0.922661	0.600504	0.690855	0.278643	1.007934	0.454824	0.726599	-0.534876	-0.410723	-1.633389	-1.367613	1.477196	1.257378	-0.832579	0.011411	-0.180158	-1.156853	-0.776054	0.907646	-0.257123	1.583496	-0.191061	0.648366	0.253705	0.250882	-0.296663	-0.263912	1.310917	0.106017	0.751341	0.041700	0.680428	0.329798	0.311274	0.653699	0.199241	0.094902	0.526531	-0.701949	-2.254400	-0.627276	0.635488	1.794272	1.087252	-1.508325	-1.049626	-0.121700	2.150935	1.428449	0.609979	0.616776	-0.564290	-0.718679	-1.650966	1.730683	2.072590	1.312057
0.564811	1.529969	1.094809	2.156354	0.168339	0.524753	0.008660	1.000685	0.016696	1.052992	0.468827	0.675712	-0.158335	-0.252757	1.508669	0.360949	-0.381460	0.721510	0.099108	0.578366	0.226977	0.406197	-0.384175	0.566959	0.951010	0.966245	-0.107197	1.841616	1.319765	1.103505	1.367201	0.215301	0.798585	0.773738	0.803818	1.379555	0.857767	1.448236	-0.162143	0.234022	-0.360345	0.074581	0.235275	0.848707	1.272075	0.731078	-0.601261	-0.734649	0.372673	1.779768	0.199375	-0.112564	1.965207	1.069212	1.513867	1.253926	0.982842	1.241447	0.435126	1.248824	0.174950	0.731217	-1.234656	-0.953893	0.736741	1.612771	0.043962	-0.031658	-0.456947	-0.510032	-0.543136	0.720307	1.108305	1.468244	0.574873	0.869315	0.778660	1.023544	0.544989	0.538393	0.803405	0.155196	1.585529	0.992474	0.872319	0.501676	0.585056	1.182969	-0.054503	0.325881	0.132308	-0.152707	-1.588081	0.265898	0.751824	1.341430	1.002715	-0.727753	0.076741	0.776288	1.410354	0.682606	0.946648	0.645539	-0.165813	0.080104	-1.458328	1.147066	0.829816	1.530360
0.958452	1.956497	0.615908	0.993857	0.270338	1.477401	0.275581	1.779936	-1.016560	1.216032	-0.064752	1.319048	0.215038	0.450963	0.681414	-0.063991	0.115497	0.076155	0.513073	1.106505	-0.051794	0.453967	-0.408357	0.884706	-0.037491	1.379330	0.164271	0.758052	-0.129689	1.624648	0.355372	0.949144	0.273212	0.500468	0.737383	1.054505	0.253084	1.551802	0.381683	1.861113	0.020344	1.348695	0.911510	1.573242	1.114244	0.787929	0.905157	0.187591	-0.060221	0.703419	0.467220	0.251814	1.388276	0.835237	1.457560	1.328246	1.095649	0.949890	0.542954	1.207946	0.969069	1.597081	-0.307112	-0.094629	-0.271156	1.412832	0.558365	0.069592	-0.434994	-0.131340	0.133986	0.178719	1.713517	0.752137	1.028756	0.624394	1.212735	1.363567	0.985777	1.105016	0.064351	0.499315	1.378502	1.096775	0.317943	0.530706	0.621613	0.876796	0.289621	0.862243	0.242428	0.374840	-0.511240	0.140549	0.249402	0.642071	0.500954	-0.012052	0.635452	0.761726	0.288678	-0.009308	0.649392	0.422432	0.201698	0.372326	-0.225736	0.292207	-0.295322	0.751683
0.639401	1.249154	0.250347	-0.249328	-0.225294	1.248452	-0.028675	1.223217	-1.484027	0.683773	-0.806884	0.885696	-0.006636	0.423804	-0.539640	-0.551276	0.535591	-0.240644	0.391229	0.717948	-0.497614	-0.048938	-0.402602	0.579070	-0.883764	1.010331	0.688662	0.168220	-1.083018	1.531896	-0.744768	1.065562	-0.555477	-0.178604	0.070524	0.127200	-0.575311	0.897607	0.158762	1.895969	0.115192	1.604757	0.855662	1.148917	0.429197	0.289437	1.302125	0.346336	-0.570960	-0.651759	0.140416	0.055239	0.244195	0.603813	0.324706	0.743957	0.554219	0.358213	0.601229	0.720859	1.182132	1.442605	0.396162	0.508837	-0.668609	0.855738	0.700052	0.040579	0.143475	0.273204	0.539104	-0.434023	1.495302	-0.041785	0.687171	0.027324	0.830428	0.570338	0.634072	0.319834	-0.573934	0.629832	0.560843	0.498704	-0.036203	0.542693	0.119508	-0.273339	0.715340	1.001582	0.766876	0.789590	0.341181	-0.589431	-0.485342	0.027156	-0.111076	0.201672	0.254792	0.065752	-0.259415	-0.315351	-0.289871	-0.175491	0.030123	0.029274	0.803022	-0.221435	-0.818223	-0.231643
-0.179590	-0.114570	0.209384	-0.793755	-0.559061	0.284093	-0.766045	-0.247004	-0.997787	-0.212825	-1.322627	-0.233488	-0.116420	0.131095	-1.310010	-0.798941	0.603784	0.008399	-0.117787	-0.269676	-0.752023	-0.189737	-0.740559	-0.301194	-1.010367	-0.129162	1.476837	0.535191	-0.483027	0.778133	-1.603109	0.016857	-0.616544	-0.357589	-0.554684	-0.725894	-0.827491	0.207077	-0.719271	0.656412	-0.146148	0.479751	0.170816	-0.159954	-0.572226	-0.762517	0.626902	-0.048813	-0.397072	-1.064013	0.217902	0.379797	-0.133040	0.389041	-0.769366	-0.230382	-0.064844	-0.021444	0.278390	0.054643	0.770132	0.467267	0.459294	0.522152	-0.224815	0.121743	0.818079	-0.349195	0.795206	0.796262	0.143699	-0.887170	1.253921	-0.357230	0.061493	-0.571167	-0.342458	-0.938165	-0.353436	-1.340975	-0.740946	0.265992	0.023455	-0.003754	0.175841	0.611147	-0.540545	-1.241942	0.514654	0.397165	0.900892	0.981103	0.688882	-0.830015	-0.868157	-0.499445	-0.864719	-0.093048	-0.527837	-0.207501	-0.169607	-0.285815	-1.225297	-0.846980	-0.817707	-0.412840	0.780986	-0.178825	-0.848945	-0.845226
-0.606723	-1.175417	0.265994	-0.621947	-0.143652	-0.579777	-1.002995	-1.340735	0.215154	-0.727570	-0.935453	-1.035990	0.102219	0.065489	-0.926664	-0.460801	0.523289	0.615626	-0.537556	-1.022497	-0.414424	0.440015	-0.933561	-1.072968	-0.472066	-1.141150	1.792328	1.016906	0.880733	-0.240547	-1.691202	-1.141576	-0.030532	0.062799	-0.616851	-0.816989	-0.410665	-0.237788	-1.386151	-0.605780	-0.437378	-1.117603	-0.414430	-1.228432	-1.429335	-1.507312	-0.211541	-0.494774	0.457464	-0.291678	0.940485	1.192111	0.500051	0.006666	-0.690745	-0.869682	-0.180287	0.017338	-0.148725	-0.384678	0.323223	-0.342462	-0.048576	-0.007513	0.444228	-0.659348	0.854902	-0.751272	0.830829	0.863624	-0.692194	-1.017052	1.051839	0.034342	-0.198558	-0.784381	-1.288937	-1.838831	-1.281361	-2.297772	-0.283438	-0.239594	-0.060906	0.058410	0.399421	0.462418	-0.760146	-1.156775	-0.310673	-0.456153	0.061007	0.628902	0.490189	-0.453093	-0.776367	-0.897272	-1.392966	-0.327839	-0.824551	0.272552	0.112314	-0.124565	-1.207947	-0.874418	-1.550550	-0.412540	0.037494	0.162788	-0.510136	-0.954002
-0.239931	-1.313614	0.108661	-0.280808	0.598133	-0.808961	-0.305107	-1.209281	1.094545	-0.521257	0.146076	-0.936075	0.139392	0.161964	0.249648	0.307919	0.684945	1.053827	-0.550622	-0.957768	0.239719	1.065190	-0.284696	-0.971557	0.169940	-1.146686	0.820895	0.820372	1.337960	-0.922050	-0.916635	-1.132147	0.204310	0.370363	-0.238587	-0.202036	0.013433	-0.544334	-1.124817	-1.073200	-0.314348	-1.724234	-0.416295	-1.175265	-1.593772	-1.155456	-0.551463	-0.658310	1.065819	0.735741	1.251413	1.332023	1.090380	-0.419160	0.308223	-0.604708	0.210350	0.163835	-0.066770	-0.301605	0.279468	-0.318093	-0.695349	-0.692141	0.586946	-1.114525	0.374148	-0.649094	0.282881	0.176202	-0.961488	-0.696748	0.130907	0.693712	-0.133780	-0.512488	-1.021457	-1.211196	-1.343824	-1.593022	0.480725	-0.268869	-0.212581	0.338064	0.171493	-0.124358	-0.505914	-0.263649	-0.972378	-0.909346	-1.174097	-0.352559	-0.071985	-0.161530	-0.498395	-0.887394	-0.955596	0.082762	-0.262530	0.624572	0.281616	-0.060652	-0.015044	0.061686	-1.030851	0.027440	-0.346260	0.258310	0.015824	-0.542845
0.353284	-0.587716	-0.200350	-0.161555	0.714346	-0.374068	0.575394	-0.173770	0.773216	0.176424	0.780109	-0.130248	-0.275495	0.162000	0.916341	0.701339	0.955471	0.823952	-0.257154	-0.223940	0.382716	0.728648	0.762974	-0.018878	0.506621	-0.242276	-0.971522	0.083015	0.351551	-0.841128	0.127222	-0.098246	-0.248548	0.061033	0.155322	0.347550	0.055594	-0.571777	-0.176626	-0.678379	0.190392	-0.786908	0.042709	-0.085633	-0.816230	0.007227	-0.242228	-0.219396	0.705496	0.965687	0.365745	0.311173	0.712127	-0.417079	0.887562	0.272189	0.588416	0.023687	0.485059	0.180145	0.486900	0.315993	-0.864871	-0.796159	0.100936	-0.774701	-0.587489	-0.170235	-0.194091	-0.522803	-0.154856	0.056527	-1.486893	0.810732	-0.217537	-0.034832	0.259007	0.446920	-0.380102	0.200425	0.892940	0.311808	-0.597620	0.253809	-0.206660	-0.816570	-0.191007	0.502199	-0.801366	-0.870985	-1.527356	-1.345299	-0.453512	-0.011967	-0.184170	-0.268149	0.332329	0.838009	0.602665	0.090507	0.240420	-0.242377	1.361570	1.123852	0.705204	0.476702	0.097499	-0.226220	0.241159	0.265159
0.489054	0.499071	-0.308206	-0.160362	0.015841	0.400563	0.760467	0.828608	-0.246622	0.975054	0.355087	0.756504	-0.541930	0.165911	0.303380	0.207301	0.747949	-0.012765	0.091166	0.555159	-0.306730	-0.235719	0.974816	0.952827	0.620915	0.684564	-1.998223	-0.504855	-0.853337	-0.046199	0.767862	0.683031	-0.517141	-0.480297	0.301190	0.220664	0.031275	-0.053604	0.574729	0.212179	0.573595	0.764001	0.635034	1.192060	0.440486	0.893612	0.578654	0.908227	-0.148758	0.381150	-0.835692	-0.802767	-0.220590	0.252265	0.399728	0.825995	0.526623	-0.350937	0.757397	0.632821	0.607492	0.955507	-0.242779	0.095473	-0.436236	0.246622	-1.164468	0.082785	-0.260829	-0.348068	1.052072	0.892299	-2.337648	0.174964	-0.468082	0.296052	1.284768	1.687042	0.811118	1.681808	0.556366	0.900416	-0.615091	-0.105458	-0.225383	-0.983725	0.056541	0.629078	-0.022384	-0.528821	-0.521287	-1.442089	-0.134389	0.658361	0.263772	0.697545	1.127678	0.895174	0.865612	-0.787119	0.014663	-0.514891	1.607414	1.052368	2.041298	0.637759	0.593573	-0.879258	-0.135637	0.930117
0.269494	1.370721	-0.019089	0.045057	-0.535955	1.087049	0.503675	1.257916	-0.629016	1.515216	-0.278200	1.148612	0.029760	0.463927	-0.693505	-0.454363	-0.064499	-0.723626	0.445942	0.941986	-1.073350	-0.431309	0.167865	1.274844	0.826175	1.056646	-1.477181	-0.492805	-0.822604	0.939996	0.897395	0.434256	0.222759	-0.481329	0.160368	-0.310593	0.245951	0.752885	0.736811	1.014020	0.594208	1.578338	1.188056	1.811911	1.236752	0.875122	1.498337	2.026710	-0.351058	-0.060899	-0.817891	-0.732637	-0.545126	1.129367	-0.198788	0.573963	0.207574	-0.466411	0.434125	0.817982	0.632587	1.313981	0.717491	1.274915	-0.388576	1.100164	-0.548296	0.018852	-0.179996	0.389239	1.603640	1.279155	-1.219192	-0.399078	-0.300381	0.436117	1.102778	1.633768	1.239150	1.940007	-0.158058	0.852977	0.253833	0.033900	0.103010	-0.417552	0.473126	0.411439	0.600943	0.152721	0.919231	-0.448296	0.711170	1.765081	0.726181	1.382737	0.456007	-0.167596	0.279270	-0.828411	-0.098086	-0.452319	0.485604	-0.125451	1.559256	0.608889	0.255311	-0.781834	-0.611072	0.811631
0.315637	1.664828	0.571247	0.597583	-0.041488	1.369267	0.707563	1.272686	0.073507	1.530997	0.097705	0.890352	1.078315	0.995036	-0.476262	-0.075670	-0.706247	-0.659073	0.884409	1.006142	-0.934978	0.705072	-0.394739	1.124771	1.281008	1.185704	-0.407029	0.020277	0.365798	1.532790	0.857714	-0.290847	1.449155	0.243016	-0.056383	-0.382073	0.493168	1.225790	0.836812	1.301268	0.602531	1.320651	1.611441	1.654764	1.093752	0.401170	1.951502	2.097498	0.455762	0.327805	0.494629	0.343314	0.116929	1.401209	0.339889	0.077867	0.237093	0.049132	0.210840	0.896120	0.813601	1.511515	1.169002	1.543628	0.363151	1.122580	0.944160	0.202477	-0.145974	0.538196	1.366004	1.084315	0.948673	-0.064946	0.591467	0.640265	0.182078	0.852820	0.839492	1.221157	-0.409970	0.417270	1.576083	1.107401	0.416605	0.469074	1.033389	0.398202	0.749170	1.110854	1.582735	0.788834	1.315252	2.197153	0.735499	1.340101	-0.852033	-1.435527	-0.530512	0.173907	0.331523	0.124842	-0.931134	-0.880223	-0.118157	0.565499	-0.540042	0.386107	-0.402522	-0.016137
0.883037	1.429227	1.263616	1.313248	1.069166	1.150755	1.456877	1.235029	0.941370	1.172920	1.389173	0.419501	1.452476	1.343597	1.131952	1.274497	-0.339625	-0.082257	1.256375	0.998148	0.055268	1.912024	0.082157	1.026053	1.839215	1.593463	-0.061313	0.626751	1.336148	1.590665	0.908810	-0.406298	1.852681	1.127247	0.182285	0.509425	0.586036	1.215993	1.419777	1.278698	0.862972	0.775098	1.806220	1.391203	0.540869	0.249942	1.689719	1.000971	1.340852	1.068464	1.520175	1.038686	0.952728	0.781237	1.735986	0.168206	0.856682	0.894178	0.758166	1.051810	1.228526	1.721496	0.827846	0.794641	1.326876	0.654234	2.109286	0.817041	0.032875	-0.260453	1.091558	0.842025	1.955024	0.885178	1.634257	1.058769	-0.108682	0.547442	0.471888	0.532212	0.149049	0.564478	2.265618	2.394235	0.569061	1.086419	1.293263	0.802038	0.763423	1.665514	1.254673	1.222932	1.180693	1.398616	0.095623	0.726703	-1.117792	-1.730673	-0.883948	1.095061	1.255330	0.777478	-1.465977	-0.176489	-1.046425	0.435564	-0.648237	1.710442	0.391540	-0.647137
1.585710	1.064579	1.739692	1.739991	1.551087	0.585026	1.853638	1.254019	1.023747	1.014111	2.239294	0.399693	0.727020	1.294042	2.423435	2.021851	0.805131	0.132584	1.170115	0.881319	0.775452	1.608399	0.657058	1.004313	2.107168	2.076929	-0.281345	1.005661	1.216813	1.416095	0.999947	0.378206	1.072130	1.612489	1.261106	1.915932	0.828365	1.133461	2.138478	1.523321	0.981592	0.704334	1.770671	1.669849	0.428646	0.538961	1.006042	-0.250220	1.227623	1.122171	1.074461	0.493399	1.096398	-0.098240	2.410257	0.782992	1.451186	1.189124	1.574739	1.120015	1.574417	1.858358	0.213739	0.142640	1.731116	0.463120	2.181909	1.152680	0.336825	-1.029094	1.149654	1.125902	0.992129	1.429144	1.955066	1.427520	0.825650	1.083468	0.721547	0.616755	0.823413	1.604202	1.651593	2.584140	0.631334	1.054097	0.970241	1.411202	0.829374	1.025511	0.541919	0.688366	0.541502	0.226338	-0.618451	0.152228	0.055692	-0.976886	-0.758198	0.857088	1.884171	0.828952	-0.959741	0.996614	-0.371093	0.116512	0.131291	1.897604	0.755906	-0.329309
1.829602	0.890340	1.500425	1.397536	1.013735	0.052442	1.349645	1.215798	0.407275	1.238595	1.655332	0.940853	-0.084893	1.105239	1.788446	1.000838	1.537087	-0.376618	0.451105	0.383370	0.330190	-0.023391	0.076817	0.645593	1.720262	1.884206	-0.087182	1.068680	0.563249	1.214098	0.900987	1.206583	0.196935	1.665750	2.574682	2.719206	1.422307	1.184426	2.150711	2.081167	0.507770	1.019865	1.572932	2.240658	0.843587	0.770977	0.423977	-0.682366	0.187076	0.205891	-0.110173	-0.573968	0.667329	-0.324211	1.504848	0.975094	1.122933	0.318546	1.548443	0.802609	1.416802	1.597519	-0.110140	0.310864	1.055396	0.541617	1.544901	0.527112	0.249231	-0.684104	1.033784	1.720692	-0.412220	1.156931	1.263129	1.241900	1.965664	1.649932	1.157283	1.235179	0.549605	2.422875	0.155835	1.271477	0.557202	0.368994	0.261917	1.785030	0.530273	-0.602059	-0.088047	0.011862	-0.020276	-0.245451	-0.568755	0.077908	1.321698	-0.044960	-0.528506	-0.253886	1.352975	0.041667	-0.108192	0.864954	0.819288	-0.147685	0.768571	0.646936	0.011725	0.643930
1.267998	0.738788	0.355659	0.234643	0.365552	-0.066237	0.488797	0.966851	-0.272590	1.088369	0.070495	1.364433	0.219787	1.068938	-0.358955	-0.982629	1.033548	-1.042038	-0.523030	-0.491313	-0.838644	-1.254229	-1.270566	-0.139982	0.742760	0.793601	0.585817	0.788353	0.354153	0.763399	0.399364	1.082883	0.269783	1.409943	2.647634	2.027831	1.735297	1.086488	1.184191	2.196882	-0.182487	1.114172	1.153856	2.152667	1.084248	0.586915	0.316004	-0.189348	-0.724220	-0.870027	-0.415847	-0.683239	0.363697	0.300126	-0.037938	0.119647	-0.148095	-1.215807	0.514349	0.166356	0.682527	0.790077	-0.112733	0.771178	-0.504661	0.122410	1.013433	-0.724802	-0.384754	0.685348	0.404986	1.762264	-0.523223	0.485887	-0.040977	0.280334	1.830735	1.353076	1.052004	1.472651	-0.791101	1.742720	-1.018513	-0.406705	0.261988	-0.395423	-0.470010	1.493151	-0.327195	-1.892773	-0.483848	0.027018	-0.102633	-0.011755	0.327088	0.386597	1.228671	0.414970	-0.333280	-0.970925	-0.257054	-1.167192	0.421221	-0.731708	1.138661	0.034628	0.600310	-1.043324	-1.332047	1.281522
0.054292	0.187362	-1.004654	-1.082338	0.420909	0.207640	0.059328	0.392746	-0.652710	-0.211413	-1.246532	1.003765	1.364612	0.985675	-2.076914	-2.017778	-0.170848	-1.113971	-1.097567	-1.223232	-1.325735	-1.001689	-1.766241	-0.846911	-0.298902	-0.442983	0.845640	0.131522	0.680995	-0.179144	-0.478172	0.087378	0.840106	0.685748	0.704763	0.038430	0.846039	0.572937	-0.178284	1.201544	-0.237900	0.667880	0.434016	0.921198	0.642330	0.072420	0.696905	0.747760	-0.681194	-1.150013	0.509358	0.638046	0.351524	1.049540	-0.695652	-1.194898	-1.228284	-2.014352	-0.405304	-0.300724	-0.110971	-0.138115	-0.008536	0.766442	-1.999716	-1.024370	0.821060	-1.565663	-0.662356	1.944057	-0.111984	0.769305	0.367017	-0.256986	-1.258680	-1.037779	0.311442	0.258945	0.418702	0.744097	-2.019596	-0.097006	-0.977954	-0.976061	-0.091494	-0.357126	-0.947403	0.415047	-0.934578	-1.665925	-0.402569	0.578665	0.299087	0.213986	1.172891	0.574067	-0.169181	0.509248	-0.020872	-0.565176	-1.685443	-1.995621	0.441612	-2.049911	0.576107	0.587328	0.287598	-1.779016	-2.118276	1.008536
-1.081663	-0.734959	-1.507763	-1.637801	0.792668	0.396325	0.084663	-0.440584	-0.609548	-2.069367	-1.477543	0.068646	1.819608	0.416516	-2.032251	-1.265359	-0.738608	-0.476645	-0.951955	-1.260419	-0.313584	0.017787	-0.669783	-0.987080	-0.947711	-0.977884	0.437238	-0.649649	0.867875	-1.308825	-1.309770	-0.718533	0.614516	-0.575863	-2.054839	-1.945031	-1.088045	-0.286384	-1.143512	-0.532760	0.462970	-0.056287	-0.313354	-0.759029	-0.208121	-0.552707	1.116908	1.502824	0.199165	-0.513652	1.373073	2.158127	0.120727	1.107869	-0.145442	-1.727769	-1.036340	-1.194578	-0.193396	-0.215135	-0.312035	-0.489111	0.162544	0.358024	-2.358172	-1.959756	0.610248	-1.346400	0.362654	2.058884	0.184251	-0.704049	0.606491	-1.089273	-1.732194	-1.892230	-1.148781	-0.804508	-0.117035	-0.604086	-1.925177	-1.418160	-0.093782	-0.366068	-0.276634	0.592139	-0.938701	-1.045528	-0.352713	-0.131955	0.257195	0.717516	0.794010	0.052452	1.052255	0.297498	-1.440915	0.663768	0.424150	0.397807	-1.620398	-1.776886	0.118769	-1.603760	0.111028	0.872715	0.665046	-0.961029	-1.690488	0.191721
-1.282432	-1.364481	-0.956129	-1.231990	0.673252	0.144042	0.053716	-1.149417	-0.069848	-2.864208	-0.877538	-0.619610	0.756979	-0.558858	-0.722453	0.204052	-0.055166	0.344081	-0.412405	-0.700716	1.345910	0.503283	0.964662	-0.701225	-1.252056	-0.883735	0.265641	-0.938603	0.528495	-1.930842	-1.538042	-0.665469	-0.691461	-1.797889	-3.429863	-2.645207	-2.586197	-1.257690	-1.368392	-1.829848	1.042166	-0.578879	-0.599015	-1.718948	-0.870609	-1.132548	0.937944	1.502798	1.182243	0.332935	1.055713	2.280323	-0.539676	0.454178	0.610586	-0.978826	0.126459	0.472538	0.772170	0.180485	0.065481	-0.180389	0.400853	0.007887	-1.335113	-1.672963	0.137119	-0.364257	2.011040	1.051138	0.852599	-1.585459	-0.402538	-1.719766	-1.302704	-1.785655	-1.325677	-1.199943	-0.229515	-1.656896	-0.709565	-1.308566	0.316308	0.049741	-0.397946	1.245578	-0.456956	-2.153646	0.977677	1.273924	0.888691	-0.043401	0.879710	-0.288959	0.074654	-0.342560	-1.294745	1.076922	0.718243	0.864808	-0.243799	-0.625603	-0.201037	0.089894	0.254086	0.398994	1.354332	0.585764	-0.469242	-0.397171
-0.489623	-1.187438	-0.298911	-0.653435	0.138944	-0.291522	-0.216079	-1.280035	0.647330	-1.912080	-0.323691	-0.659731	-0.869330	-1.276714	0.325592	0.769220	1.046060	0.730330	-0.170559	-0.263267	1.886947	0.173442	1.590256	-0.526557	-1.490636	-0.937969	0.887541	-0.423111	-0.053849	-1.721117	-1.054631	-0.317113	-1.908938	-2.194062	-2.624067	-2.093732	-2.399396	-2.035975	-1.111758	-1.956410	0.736262	-0.702296	-0.438033	-1.629543	-1.147419	-1.473537	0.052905	0.653499	1.550271	0.617209	0.009965	0.900931	-1.040759	-0.225408	0.589890	0.211597	0.836137	1.242731	1.170505	0.169007	0.224304	-0.023595	0.454158	-0.273096	0.137500	-0.445532	-0.439475	0.535252	2.316632	-0.052057	0.764088	-1.400195	-1.481210	-1.529466	-0.690882	-1.036390	-0.679214	-1.018038	-0.213942	-1.780401	0.264379	-0.639487	-0.487274	-0.724886	-0.707347	0.396464	-0.035195	-2.392670	1.480412	1.303095	0.616126	-0.993642	0.423971	-0.490273	-0.748223	-0.975668	0.126700	1.572680	0.578764	0.505454	0.768099	0.413524	-0.121539	1.275773	0.597719	-0.557229	1.255675	1.210658	0.466015	-0.381363
0.247268	-0.584740	-0.399769	-0.720447	-0.098831	-0.406744	-0.438452	-0.808298	0.791156	-0.429100	-0.369542	-0.440478	-1.547948	-1.358809	0.177772	0.085294	1.271935	0.489243	-0.622863	-0.463255	0.632569	-0.308218	0.874229	-0.669428	-1.633331	-1.525092	1.372386	0.252504	-0.539831	-1.094825	-0.367703	-0.565506	-1.951957	-1.804795	-1.108382	-1.495006	-1.015664	-2.197029	-0.933507	-1.389380	-0.155506	-0.622000	-0.507006	-1.264294	-1.280797	-1.405862	-0.833418	-0.340237	0.992703	0.161307	-0.614673	-0.548034	-0.849398	-0.414473	-0.218602	0.583063	0.177736	0.334253	0.302982	-0.613878	-0.484686	-0.737888	0.021209	-0.769974	0.744707	0.440946	-0.910617	0.772439	0.546545	-0.223517	-0.344403	-0.766865	-1.411379	-0.505748	-0.878704	-0.436338	-0.593933	-0.790679	-0.458520	-1.145110	0.132140	-0.654467	-1.701296	-2.021922	-1.028760	-1.422929	-0.291510	-1.824708	0.404205	0.086872	-0.533353	-1.112182	-0.233337	-0.464435	-0.648183	-1.260098	1.437065	1.734708	0.088170	-0.120094	0.204361	0.345372	0.466767	1.023319	0.604189	-1.209742	0.073928	0.131102	0.403466	0.039796
-0.147979	-0.364143	-0.992021	-1.225220	0.035755	-0.134210	-0.471982	-0.193824	0.001785	-0.056740	-0.797932	-0.448636	-0.985264	-1.202571	-0.767737	-0.714685	0.370483	0.006051	-1.368895	-0.953106	-1.048755	-0.460194	-0.171824	-0.770512	-1.393872	-2.116418	0.535503	0.082981	-1.000333	-0.720127	-0.045040	-1.219630	-1.116921	-1.500323	-0.718831	-1.669439	-0.068545	-1.466225	-1.133904	-1.098564	-0.720756	-0.561132	-1.214845	-1.352502	-1.378187	-0.994133	-0.964114	-0.567908	-0.175114	-0.536208	-0.588671	-0.857258	-0.399566	-0.282215	-1.151147	-0.116749	-1.166512	-1.145324	-1.138765	-1.554589	-1.660943	-1.862812	-0.715640	-1.303619	0.038941	0.304042	-1.281793	0.485435	-1.434947	0.506016	-1.451314	-0.663168	-0.496212	0.411576	-1.774415	-0.403268	-1.388853	-0.812198	-0.913379	-0.466784	-0.543229	-1.272136	-1.931054	-2.448580	-0.801139	-2.313534	-1.047274	-0.897230	-1.153861	-1.084278	-1.464167	-0.455197	-0.698177	-0.314431	0.129656	-1.029132	1.491291	1.263317	-0.234618	-0.370275	-1.163991	-0.538279	1.157493	0.054496	0.303697	-1.037609	-1.291242	-1.502281	-0.284130	0.493151
-1.399032	-0.597927	-1.233156	-1.212161	-0.155127	0.215422	-0.568167	0.175679	-1.111025	-0.880030	-1.081242	-0.615373	-0.141338	-1.293404	-1.366948	-0.490484	-0.715598	-0.104577	-1.435341	-0.869443	-1.197605	-0.370282	-0.459563	-0.407584	-0.806724	-1.897232	-1.173380	-0.931743	-1.537238	-0.792537	-0.147493	-1.141851	-0.460216	-1.719727	-1.427215	-2.026733	-0.353826	-0.180358	-1.399779	-1.268654	-0.556882	-0.391054	-1.958706	-1.565355	-1.100749	-0.431338	-0.418668	0.065744	-1.048402	-0.705721	-0.607294	-0.277409	-0.529155	-0.242183	-1.597951	-0.814267	-1.642930	-1.449356	-1.864980	-1.544109	-2.206734	-2.153707	-1.032363	-1.219763	-1.189389	-0.166481	-1.581251	0.232973	-1.281084	1.050077	-1.491302	-1.210928	0.047091	0.324610	-2.067088	-0.603131	-1.776369	-0.760463	-1.096789	-0.192066	-0.668139	-1.466645	-0.932201	-1.648545	0.102174	-1.247151	-1.345091	-0.030050	-1.559098	-1.098481	-1.249844	-0.046327	-0.818420	-0.176402	0.802151	-0.316455	0.605287	0.449516	0.204517	-0.176392	-1.643547	-0.890289	1.462315	-0.297526	0.174531	-0.183386	-1.782059	-1.789225	-0.518697	0.800902
-2.049804	-0.451214	-0.924578	-0.305480	-0.913798	0.530212	-0.837442	0.393458	-1.589732	-1.489071	-1.021651	-0.559641	0.136547	-1.448576	-0.855844	0.598348	-1.080920	0.371917	-0.247718	0.186612	0.470786	-0.170756	0.160197	0.397723	-0.410234	-0.714376	-2.038187	-1.624740	-1.802717	-0.868633	-0.332350	0.172450	-0.397584	-1.787405	-1.690597	-1.470807	-1.089997	0.731593	-1.165360	-1.220406	-0.101544	0.182013	-1.796418	-1.059161	-0.179895	0.242563	0.040742	0.730755	-0.788161	0.084324	-1.040226	0.110747	-1.166359	-0.295060	-1.335824	-0.310478	-0.573045	-0.167928	-1.300138	-0.255421	-1.587302	-1.133685	-0.410753	-0.302862	-1.794731	0.070861	-1.670369	0.327844	0.776772	0.465711	-0.555775	-1.493145	-0.299164	-0.594614	-0.893658	-0.452649	-0.608558	-0.102979	-0.551312	-0.029497	-0.047335	-0.949063	0.132798	-0.532636	0.925916	0.675383	-0.648634	0.494825	-0.522009	-0.043692	-0.146614	-0.369889	-0.602637	-0.126940	1.001076	0.634785	0.109228	0.129429	1.414849	0.046507	-0.795297	0.025588	1.460265	0.478312	0.585642	0.777182	-1.200928	-0.359208	0.275749	0.983310
-1.191533	0.609952	-0.612024	0.676411	-1.418748	0.942398	-0.883511	0.726778	-1.129623	-0.808085	-0.728141	-0.218992	-0.125415	-1.214248	0.489309	1.390918	-0.756178	1.017588	1.566759	1.683326	2.296762	0.237115	1.066916	1.274705	-0.626611	0.676917	-1.296804	-1.164590	-1.354660	-0.374751	-0.327446	1.737587	-0.503639	-0.960880	-0.753178	-0.056941	-1.261081	0.483607	-0.357499	-0.614560	0.083827	1.021215	-0.734263	0.126410	0.873715	1.018466	-0.152216	0.615478	0.424341	1.452944	-1.457397	-0.245769	-1.270691	-0.128684	-0.542373	1.333281	1.049570	1.404174	-0.068191	1.248188	-0.473769	0.174703	0.675354	0.639965	-1.313346	1.056423	-1.451667	0.604859	2.153090	-0.905315	0.323205	-0.817226	-0.896000	-1.387434	0.883220	0.163764	1.336675	1.043852	0.555807	0.512249	0.511083	-0.606245	0.242250	0.018683	0.796298	1.501867	0.365225	0.454127	0.770905	1.094855	0.838830	-0.703135	-0.225815	-0.153733	0.918618	1.400839	0.689306	0.745227	2.511469	-0.085811	0.266848	1.375581	1.587167	1.697018	1.350326	1.266376	-0.270124	1.169238	1.447663	1.048931
0.405938	1.886062	-0.567195	0.734819	-0.830529	1.340802	-0.365792	1.088549	-0.228243	0.710730	-0.220824	0.038873	-0.539741	-0.744732	1.661484	1.133291	-0.285848	1.316878	2.617433	2.699719	2.691067	0.860078	1.676463	1.926160	-1.113260	1.285093	-0.090989	-0.116105	-0.415747	0.732606	-0.115777	2.120918	-0.449862	0.265846	0.340753	0.877659	-0.939437	-0.722745	0.442017	-0.116150	0.013382	1.450073	0.141242	0.794694	1.029294	1.558655	-0.903369	-0.288663	1.329850	2.365931	-1.375638	-0.940681	-0.255616	0.247614	0.315913	2.836524	1.708525	1.893238	0.676269	1.511927	0.012903	0.371624	1.032736	0.479441	-0.049407	1.923216	-1.129564	0.843148	1.231313	-1.766277	0.315384	0.181283	-0.900835	-1.370721	1.726347	0.834104	2.026276	1.751862	1.269516	1.240574	0.463819	-1.093920	-0.233305	0.057587	-0.154633	0.627647	0.665444	-0.114163	1.174499	1.579888	1.069806	-0.301086	-0.137749	-0.206313	0.659239	1.549267	1.545970	1.535061	2.406148	-0.483511	0.579347	1.825479	1.770531	2.298650	1.749477	0.996951	0.056769	1.230422	1.832721	0.868785
1.246264	2.166226	-0.304921	0.037544	0.448721	1.310061	0.306453	1.088583	0.425372	1.775728	0.515694	-0.128497	-0.997119	-0.695549	1.891483	0.301678	0.119807	1.282216	2.181148	2.761565	1.792595	1.406585	1.875942	2.267304	-1.059196	0.841256	0.110483	0.456922	0.198611	1.808707	0.227061	1.032338	-0.467067	0.607725	0.326419	0.384982	-0.773131	-1.668482	0.633583	-0.453499	0.074239	0.975692	-0.047321	0.029110	-0.079299	1.357633	-1.682813	-1.329966	0.904983	2.082820	-0.908256	-1.277273	1.067926	0.356947	0.812300	3.080871	1.149859	1.386475	0.377702	0.343455	-0.415017	-0.640738	0.067464	-0.901035	1.475581	2.092390	-0.994964	1.138157	-0.732802	-1.405050	-0.474878	0.293612	-0.211134	-0.599048	1.366847	1.208217	0.639682	1.314442	0.641782	1.372634	0.376427	-1.658121	-0.227165	0.115119	-0.854886	-0.676439	0.257747	-0.621263	0.703522	1.532727	0.683262	0.401236	-0.685084	-0.262420	-0.011880	0.951575	1.493812	1.204641	0.996589	-0.575292	0.424852	1.207263	1.375062	1.917281	1.169644	0.139111	-0.548262	0.176630	1.168801	0.312440
0.853850	1.170733	0.581885	-0.297426	1.080055	0.675998	0.346465	0.570660	0.460022	1.691153	1.124171	-0.665207	-1.505714	-1.199848	1.303286	-0.098576	0.660583	1.248583	0.999098	2.064329	0.864952	1.521937	1.759001	2.220477	-0.204576	0.062482	-0.575374	0.389510	0.053366	2.094313	0.631618	-0.464727	-0.759852	-0.305659	-0.452887	-0.824181	-0.738333	-1.202990	0.190437	-1.213280	0.326146	-0.055874	-0.878269	-1.430146	-1.520075	0.399537	-1.917562	-1.816391	-0.402680	1.004956	-0.539560	-1.037595	1.349264	-0.149857	0.874768	2.099594	0.533818	0.933708	-0.421203	-0.877957	-0.909874	-1.497985	-1.308573	-2.195100	2.720021	1.788299	-0.945305	1.622620	-1.550273	-0.508588	-1.287522	-0.472351	0.591906	0.467298	0.866448	1.408336	-1.325838	0.257488	-1.098927	0.646544	1.041947	-0.988995	0.420832	0.324519	-0.595020	-0.892687	0.107081	-0.276738	0.060475	1.378122	0.100404	0.444313	-1.433707	-0.229430	-1.056153	-0.015977	0.575250	-0.473556	-0.585583	0.104377	0.492849	0.552899	0.241568	1.048650	-0.155047	-0.670557	-1.417484	-0.452391	0.401513	-0.445911
0.032598	-0.197680	1.531567	0.204192	0.358222	-0.201464	-0.359074	-0.158203	-0.090946	0.844465	0.962733	-1.225517	-1.714705	-1.463910	0.575789	0.148268	1.366796	1.149831	0.389084	1.079271	0.615590	1.061367	1.220961	1.648727	0.716536	-0.171321	-0.647648	0.301472	-0.379692	1.493187	0.928262	-1.177440	-0.982670	-1.325063	-0.546027	-1.266496	-0.231552	0.491574	-0.435631	-1.211868	0.385214	-0.792825	-1.156468	-1.833020	-1.928256	-0.621319	-1.311959	-1.448729	-1.231894	0.269246	-0.559058	-0.553294	0.255329	-0.985833	0.661552	0.621633	0.730596	0.831514	-0.793711	-0.830925	-0.585232	-1.039489	-1.500661	-1.864469	2.982594	1.341721	-0.526866	1.973700	-0.924875	-0.123395	-1.493702	-0.646057	0.956497	1.278281	0.855101	1.708356	-1.800117	-0.141871	-2.473316	-0.087517	2.022303	0.896570	0.725823	0.317778	0.132327	0.003496	0.691458	1.005815	-0.420172	1.046432	-0.416322	-0.120374	-1.324269	0.184841	-1.724790	-0.680778	-0.006084	-2.207571	-1.135180	1.206347	0.637276	0.540920	-0.793379	0.182802	-1.222324	-0.690672	-1.511540	-0.132498	0.360378	-0.858529
-0.444869	-0.989848	1.515687	0.622317	-0.911559	-0.832445	-1.052199	-0.703727	-0.900614	-0.012953	-0.165812	-1.527406	-1.085034	-0.720189	0.089363	0.233144	1.800026	0.499757	0.704379	0.183735	0.613851	0.158821	0.122697	0.637948	0.781853	0.156443	0.800533	0.492532	-0.389094	0.680206	0.824366	-0.897459	-0.669207	-1.181258	0.523372	-0.591701	0.707290	1.918200	-0.797937	-0.085846	0.077087	-0.796599	-0.440621	-0.547122	-0.919957	-0.939956	-0.124916	-0.449788	-1.037952	0.391628	-0.829250	-0.198633	-1.194428	-1.468418	0.233139	-0.844961	1.130084	0.248137	-0.590438	0.084930	0.287982	0.190433	-0.083487	0.172970	1.766232	0.611579	0.350019	1.547065	-0.353679	-0.205108	-1.043517	0.748519	0.835582	1.303356	0.642729	1.939642	-0.506100	0.612134	-2.183055	0.192456	1.874885	2.324609	0.014913	-0.124928	0.363061	0.737369	1.294953	2.269152	-0.873170	0.171760	-0.644530	-0.148068	0.093774	1.158751	-1.253333	-0.612425	0.449156	-2.580712	-0.592965	1.662621	0.073600	0.575625	-0.871746	-0.838328	-1.241343	0.269514	-0.566386	0.024734	0.573526	-0.475588
-0.705562	-1.136140	0.390023	-0.079081	-1.384476	-1.115668	-1.114549	-1.010704	-1.540625	-0.587784	-1.572177	-1.509271	0.302243	0.655313	-0.371356	-0.514755	1.416358	-0.749097	1.052440	-0.382626	0.115315	-0.809182	-1.154848	-0.337404	-0.043139	0.260908	2.741473	0.655963	0.070468	0.340059	0.175015	-0.322089	0.040120	-0.064061	1.496990	0.061552	1.077062	1.783090	-0.788143	1.042624	-0.188839	-0.419809	0.356925	0.991098	0.570281	-0.480512	0.863325	0.542887	-0.671485	0.647629	-0.966193	-0.010580	-1.796515	-1.203750	-0.380224	-2.060895	0.641769	-1.212051	-0.550091	0.272382	0.580817	0.577841	1.544915	2.229221	-0.427024	-0.534548	1.000241	0.134182	-0.733403	0.142596	-0.298568	2.588726	0.526119	0.411033	-0.532068	1.515735	0.969260	1.570225	-0.515700	1.285250	0.108847	1.864393	-0.987856	-0.630220	-0.087829	0.446208	1.032386	2.354938	-1.194340	-0.997006	-0.278681	0.999146	1.822080	2.151557	0.041082	-0.012341	1.136897	-1.577257	0.092897	0.764709	-1.320199	-0.212975	-0.256288	-2.229736	-0.427261	1.505761	0.597742	-0.971555	-0.021030	0.440920
-1.170335	-1.144029	-0.751754	-1.424763	-0.828196	-1.312238	-0.865952	-1.294997	-1.734565	-1.018161	-2.218705	-1.202401	1.418376	1.432099	-1.074542	-1.640130	0.150987	-1.792265	0.581144	-0.503069	-0.990843	-1.398811	-1.772548	-0.804579	-0.905626	-0.328672	3.108274	0.547482	0.404424	0.403900	-0.698585	-0.157951	0.508140	0.700837	1.007781	-0.250024	0.195197	0.403305	-0.651156	0.854413	-0.021685	-0.306153	0.123784	0.914140	1.319887	0.131056	0.930421	0.880533	-1.077867	0.033785	-0.701846	0.163555	-1.330568	-0.478128	-0.880477	-2.605616	-0.614791	-2.398816	-1.133257	-0.867971	-0.140693	-0.436996	1.695310	2.487286	-2.101656	-1.587785	0.679930	-1.565920	-1.278533	1.098805	0.330563	2.780150	0.244941	-0.710556	-2.015548	0.219608	1.194632	1.423947	0.941520	1.785134	-1.764575	0.126862	-0.996656	-0.587562	-0.505423	-0.325359	0.098912	1.062597	-0.938380	-1.479480	0.651043	2.349345	2.277291	2.089317	0.827940	0.438593	0.727321	-0.451974	0.114971	-0.888811	-2.446038	-1.492383	0.015764	-3.349262	0.243981	1.907207	1.094910	-2.346559	-1.367536	0.983862
-1.693733	-1.306466	-0.791042	-1.788264	-0.334237	-1.589617	-1.012329	-1.647164	-1.471799	-1.268413	-1.675696	-0.619029	1.230208	1.003506	-1.760687	-2.086159	-1.366809	-1.804096	-0.389232	-0.312573	-2.037907	-1.429446	-1.380657	-0.839732	-1.034675	-1.069850	1.036443	0.312445	0.177254	0.230285	-1.117938	-0.436020	0.445026	0.420498	-0.555726	-0.890806	-1.133557	-0.640679	-0.682962	-0.464941	0.241611	-0.700922	-0.957965	-0.751860	0.987050	0.238440	0.113433	0.438420	-2.004695	-1.407642	-0.133378	0.337453	-0.462927	0.006833	-0.883306	-2.109681	-1.393914	-1.863104	-1.706444	-1.957687	-0.871879	-1.480562	0.350743	0.948634	-2.059629	-1.816047	-0.336510	-2.444901	-0.978288	1.599855	0.538822	0.847564	-0.004094	-1.000992	-2.234823	-1.200358	0.314007	0.018736	0.951904	0.675224	-1.791823	-0.913592	0.199555	0.151952	-0.263389	-0.485520	-0.468081	-0.650178	-0.136825	-0.698671	1.380638	2.289913	1.039978	0.671268	0.193791	0.184302	-0.986240	-0.306120	-0.464467	-1.778201	-2.073183	-1.929824	-0.517995	-3.087393	-0.053362	0.963699	0.986423	-2.349889	-2.065670	0.463701
-1.777937	-1.511302	0.143580	-0.445167	-0.794728	-1.745175	-1.533597	-1.846575	-0.876288	-0.962936	-0.419137	0.139773	0.003808	0.178194	-1.820085	-1.480732	-2.231387	-0.958916	-0.864404	-0.218437	-2.194910	-1.127500	-0.683324	-0.970866	-0.421075	-1.081374	-1.969252	0.086390	-0.309362	-0.491345	-0.683085	-0.616388	0.271295	-0.113908	-1.413877	-0.527535	-1.294555	-0.244631	-0.760489	-1.314349	-0.076228	-1.268124	-1.528724	-2.051170	0.205739	-0.240011	-0.760619	-0.263893	-2.433851	-2.577264	0.393745	0.379067	0.169647	-0.208835	-0.508817	-0.964441	-1.016058	0.093084	-1.344163	-1.346568	-0.428149	-0.943707	-0.861160	-0.582250	-0.640177	-1.258765	-0.883819	-2.021836	-0.143745	0.746019	0.179609	-1.387343	-0.235775	-0.230860	-0.644470	-1.601451	-0.598799	-1.526046	-0.228541	-1.400871	0.055614	-0.285536	1.464595	1.079389	0.471800	0.173646	-0.113947	-1.584374	0.360744	0.600704	0.980602	0.500871	-0.610054	-0.867318	-1.239422	-0.662636	-2.780278	-1.079842	-1.002487	-0.975244	-0.356226	-0.899923	-1.252224	-1.312535	-1.296043	-0.668900	0.915958	-0.506645	-1.132994	-0.867272
-1.352341	-1.579154	0.903560	1.347894	-1.674364	-1.425379	-1.593539	-1.586738	-0.084832	0.012819	0.726851	0.764024	-0.801549	0.192144	-1.039935	-0.487171	-2.063615	-0.236750	-0.575390	-0.546012	-1.308227	-0.831270	-0.608850	-1.448632	0.408762	-0.302094	-3.356730	-0.257735	-0.285340	-1.273923	0.184076	-0.278631	0.475621	0.239128	-0.528132	0.947352	0.262090	1.057773	-0.291114	-0.546756	-0.945344	-1.440459	-0.717788	-1.467619	-0.298375	-0.810749	-0.912114	-0.622593	-1.944331	-2.576878	0.664928	0.244409	0.443458	-0.938405	-0.432741	-0.195287	-0.259515	1.479826	-0.178818	0.637753	0.867209	0.842126	-0.634740	-0.576307	0.623323	-0.822924	-0.287996	-0.882003	0.125260	-0.800212	-0.583686	-1.924121	-0.345583	0.568632	1.419924	-0.741321	-0.951266	-2.085545	-1.324098	-2.755489	1.704734	0.915167	1.666015	1.505027	1.047365	0.802874	0.540939	-1.333263	-0.143572	1.022889	-0.463092	-1.507321	-1.097541	-1.040647	-1.967769	-1.376218	-3.258844	-1.818770	-0.970613	0.786726	1.131792	0.590417	-1.430484	0.632468	-2.567786	-1.661389	1.006149	1.590644	0.573779	-2.040276
-0.831557	-1.419621	0.648672	1.727976	-1.679762	-0.544741	-0.625595	-0.832570	0.666262	1.016759	1.217123	0.873841	-0.199289	1.178187	0.001348	0.059361	-1.429427	-0.242066	-0.335012	-1.108358	-0.192584	-0.594531	-1.137410	-1.844706	0.941514	0.382384	-2.084852	-0.770192	0.575897	-1.393619	0.552504	0.316251	0.932525	1.460963	1.219212	2.158972	2.241921	1.738788	1.019611	1.172852	-1.485030	-0.897490	0.755059	0.318233	-0.450926	-0.909261	-0.462335	-0.585554	-1.093774	-1.636353	0.776006	0.039275	0.496543	-1.585715	-1.033460	-0.353950	-0.313626	0.895924	0.679750	1.930130	1.454548	1.881156	0.596767	0.575412	0.584310	-1.214235	0.832072	-0.033039	-0.494081	-1.427678	-1.237438	-0.703551	-0.205923	0.298403	2.174599	0.330288	-0.947138	-1.523344	-1.356552	-2.396583	1.253777	1.004293	0.816834	1.134555	0.988892	0.606014	0.404785	-0.476920	-1.217009	0.048158	-1.668034	-1.928664	-0.225697	0.000035	-1.283171	-1.307136	-2.167583	-1.626328	-0.364771	1.780118	1.070302	1.007927	-1.064015	1.266719	-2.705857	-1.187706	0.688038	1.985569	1.261980	-2.215889
-0.447465	-0.952718	-0.410369	0.331125	-0.342988	0.573664	0.850806	0.057996	0.995181	1.094024	0.910510	0.319441	1.135485	2.035830	0.445607	-0.023532	-1.252516	-0.531008	-0.860524	-1.324031	0.148152	-0.204372	-1.446041	-1.569866	0.894626	0.151834	0.326497	-1.123739	1.571752	-0.759944	-0.035938	0.441345	1.132328	2.438876	2.138735	1.960403	2.833081	0.873056	2.420621	2.137554	-1.015302	0.188401	1.440300	1.410596	-0.661858	-0.419503	-0.251996	-0.566369	-0.524624	-0.696468	0.897672	-0.117461	0.428346	-1.697141	-1.677268	-0.900288	-1.321869	-0.901098	0.599356	1.215547	0.534609	0.947414	1.406939	1.313974	-0.493797	-2.082427	1.474397	0.036373	-1.218100	-0.452937	-1.274582	0.776681	0.167325	-0.785674	1.326876	0.446617	-0.852309	-0.462543	-0.400109	-0.880521	-1.017175	-0.319663	-0.321619	0.210770	0.236953	-0.291170	-0.879111	0.061805	-1.830011	-1.465870	-1.583392	-0.527435	0.856878	0.674421	0.063889	-0.535985	-0.469171	-0.380916	0.318470	1.090191	-0.181746	-0.002516	-0.630341	0.528820	-1.331651	0.266210	-0.352579	0.480024	0.302006	-1.265437
0.019283	-0.235194	-1.523771	-1.459152	1.505635	1.413712	1.747394	0.583215	0.682019	-0.032847	-0.006458	-0.612210	1.733293	1.773833	0.030503	-0.351411	-1.716979	-0.272705	-1.728735	-0.928960	-0.350030	0.390955	-1.082854	-0.666620	0.225790	-0.876702	1.447852	-0.912075	1.634211	-0.037628	-1.041011	-0.206005	0.860830	2.310383	1.547522	0.707665	1.598708	-1.029760	2.671487	1.459325	0.130640	1.251631	0.821482	0.931272	-1.139467	0.224574	-0.761861	-0.804095	-0.223998	-0.397912	1.002259	-0.133121	0.304444	-1.226297	-1.329868	-0.979059	-2.357116	-2.069497	0.168427	-0.592734	-0.906410	-1.014179	1.024253	0.854985	-1.469000	-2.495186	1.519151	-0.400461	-1.243043	1.159279	-0.693809	1.318201	0.559124	-1.361557	0.087592	-0.362900	-0.614145	0.372826	0.679342	0.443752	-3.104537	-1.892713	-1.298617	-0.768727	-0.923690	-1.140558	-2.518030	-0.197682	-1.652579	-2.317990	-0.710699	1.167828	1.112695	0.034546	0.868914	0.239564	0.645389	1.195706	0.489110	-0.500031	-1.171713	-1.392102	-0.254097	-0.397024	0.617701	1.290246	-1.524881	-1.309270	-1.182789	0.243504
0.730238	0.348635	-2.145886	-2.156149	2.685111	1.545251	1.592947	0.543622	0.088243	-1.515655	-0.929283	-1.206238	1.140128	0.607114	-0.707969	-0.533647	-1.991231	0.566813	-1.937745	-0.443595	-0.817539	0.793600	-0.481158	0.135833	-0.715506	-1.784672	0.480127	-0.175052	0.689369	0.089676	-1.471374	-0.941444	0.377186	1.305168	0.209697	-0.374246	-0.173271	-2.567924	1.501156	-0.118400	1.003983	1.671556	-0.257272	-0.262258	-1.565895	0.437219	-1.461358	-1.065605	0.168159	-0.708197	0.966968	0.112402	0.189252	-0.415229	0.046465	-0.534461	-2.572107	-1.829789	0.201500	-1.681919	-1.383063	-2.157053	-0.168463	-0.211646	-1.568589	-2.075957	1.518372	-0.761003	-0.567076	2.001713	-0.016993	0.851403	0.678479	-0.766547	-0.537312	-1.074616	-0.253015	0.399715	1.004998	0.721272	-3.397850	-2.515261	-2.073079	-1.382940	-1.850216	-1.383241	-3.253099	-0.947530	-1.196917	-2.136813	-0.416150	1.428994	0.508355	-1.243339	0.715377	0.433972	0.691198	2.100198	0.056000	-1.571938	-1.146003	-1.990657	0.236537	-0.639523	1.655277	0.893023	-1.830303	-1.827384	-1.835703	1.404008
1.390133	0.384475	-1.991180	-1.470094	2.650864	0.806277	0.939896	0.259042	0.019000	-2.010925	-0.977219	-0.719665	0.329644	-0.374570	-1.097324	-0.435721	-1.270787	1.019022	-1.251101	-0.655331	-0.701680	0.484978	-0.303982	0.152066	-1.162529	-1.657376	-1.124000	0.541846	-0.130055	-0.362678	-0.821770	-0.758347	0.090115	0.332139	-0.625049	-0.479917	-0.879882	-2.617016	0.012525	-1.110106	0.935128	1.151685	-0.666971	-0.798021	-1.412741	0.030613	-1.418294	-0.996668	0.724514	-1.236061	0.831810	0.628201	0.093645	0.380773	1.224733	-0.248791	-1.911233	-0.934080	0.556781	-1.482617	-0.651293	-1.728768	-1.343411	-0.973303	-0.946118	-1.316566	1.522134	-0.657935	0.307613	1.617365	0.317326	-0.099454	0.394895	0.111827	-0.720589	-1.007318	-0.036879	-0.622491	0.401652	0.147861	-1.989094	-1.879041	-2.277053	-1.389044	-1.748966	-0.975550	-2.381346	-1.338700	-0.760240	-1.405099	-1.057787	-0.008524	-0.451517	-2.041239	0.058313	0.038116	0.022958	1.864406	-0.422301	-1.645437	-0.640154	-1.554488	0.584740	-0.459968	1.224311	-0.524206	-0.859501	-1.018822	-1.507207	1.469550
1.596924	0.007586	-0.902986	-0.025463	1.629155	-0.530404	0.599283	0.239186	0.874780	-0.916537	0.219356	0.833695	0.298565	-0.378804	-0.948455	-0.054079	0.081850	0.272400	-0.437275	-1.603112	-0.511690	-0.475144	-0.705957	-0.609867	-0.523495	-0.355152	-1.528043	0.673048	0.020202	-0.785825	0.550273	0.345927	0.270550	0.090050	-0.281008	0.402793	-0.155219	-1.168751	-0.629934	-0.726843	-0.066370	-0.044081	-0.122762	-0.170630	-0.472902	-0.614523	-0.413111	-0.539481	1.219791	-1.513134	0.708996	1.076502	-0.009748	0.815587	1.188858	-0.478037	-0.789878	-0.257967	0.492700	-0.868864	0.318527	-0.394814	-1.859656	-1.114691	-0.227186	-0.794102	0.919903	-0.141874	0.988799	0.468385	0.481469	-0.905189	-0.153135	0.006284	-0.954785	-0.520311	0.020027	-2.098051	-0.395341	-0.454839	-0.106487	-0.367647	-1.264435	-0.704333	-0.471175	-0.220603	-0.268649	-0.707778	0.004362	-0.699473	-1.545457	-1.785343	-1.351092	-2.091220	-0.522436	-0.600215	-0.638826	0.909708	-0.423917	-1.318734	-0.248866	-0.561544	0.157278	-0.391317	0.202242	-1.652840	0.748803	0.151639	-0.852254	0.388065
1.374722	-0.128431	0.772556	1.447893	0.304666	-1.713592	0.767638	0.604612	2.030460	0.930276	1.874710	2.340440	0.816631	0.393314	-0.437519	0.588831	0.836053	-1.179432	-0.163294	-2.343528	-0.941213	-1.259991	-1.291984	-1.488338	0.842534	1.255222	-0.574594	0.158170	0.508292	-0.726801	1.760830	1.141421	0.877462	0.569350	0.936806	1.784923	0.957567	0.638527	-0.425875	0.520156	-1.395680	-1.172021	0.753698	1.030113	0.884804	-0.914650	0.786648	0.070809	1.535461	-1.148242	0.478552	0.929692	-0.154978	0.752041	0.454507	-0.730976	0.375304	0.222874	-0.109098	-0.634494	0.706431	0.836542	-1.456853	-0.815174	0.167070	-0.497980	-0.425682	0.337496	1.302132	-0.902869	0.982821	-0.907968	-0.726037	-1.005880	-1.030563	-0.315541	0.389739	-2.666926	-0.333010	-0.453873	1.182585	1.301703	0.718177	0.454754	0.910777	0.391079	1.893516	0.669919	1.196546	-0.244181	-0.945327	-2.344768	-1.772024	-1.736895	-0.755328	-1.144481	-0.725111	0.048340	-0.184454	-1.141124	0.342923	0.481338	-1.048366	-0.199466	-0.217635	-1.666862	1.787507	0.989950	-0.127167	-1.025834
1.118588	0.361570	1.926117	2.296659	-0.471723	-1.943742	1.092700	0.962487	2.441850	1.971200	2.727456	2.549188	0.922062	1.070757	0.309448	1.334395	0.396160	-1.939272	-0.148320	-1.909951	-1.638657	-1.043441	-1.426996	-1.691958	1.794538	1.968819	0.333916	-0.465110	0.203192	-0.343155	2.071670	0.671882	1.431622	1.151915	1.998186	2.849264	1.221288	1.344646	-0.069346	1.426463	-2.103800	-1.487528	1.209378	1.814962	1.941138	-0.546527	1.261836	0.569567	1.728858	-0.192183	-0.100757	0.038800	-0.397401	0.419370	0.346829	-0.391940	1.160091	0.810946	-0.550174	-0.610945	0.571284	1.374032	-0.467879	-0.399448	0.248019	-0.121291	-1.573163	0.336043	1.134480	-2.096801	1.888106	0.139645	-1.195127	-1.509445	-0.458839	-0.408137	1.331767	-1.452792	0.889748	0.143616	1.560971	2.195697	2.087084	1.417547	0.943914	0.383611	2.873570	1.597746	2.011903	-0.007853	0.201940	-1.486025	-1.261497	-1.158590	-0.529899	-1.278066	-0.128159	-0.293757	-0.322937	-0.949627	1.530953	1.230055	-2.003331	0.668121	0.160712	-0.896217	1.554732	1.420291	0.863086	-1.677208
1.097533	1.055229	1.517843	1.978822	-0.164312	-1.157489	1.324434	0.893055	1.903559	1.503078	2.483396	1.499346	0.285071	0.956369	1.189268	1.790862	-0.395724	-1.283049	0.314475	-0.390924	-1.473272	0.044952	-0.569083	-0.864043	1.600435	1.456224	0.156492	-0.521849	-0.726411	-0.058380	1.459731	-0.348549	1.276698	1.189860	1.962776	2.777242	0.470640	0.396173	0.232822	1.236053	-1.461270	-0.857642	1.053690	1.609881	2.199576	0.432417	0.873359	0.830642	1.745284	0.651830	-0.893096	-1.085104	-0.700938	0.215350	1.151736	0.372735	1.153104	1.178372	-0.339764	-0.337013	0.346452	1.058552	0.226576	-0.249570	0.295739	0.337105	-1.488847	-0.074453	0.502781	-2.561944	2.567052	1.478345	-1.500570	-0.528762	0.546135	-0.134241	2.201014	0.755020	2.352077	0.864523	1.251743	1.671482	1.457367	1.421691	-0.496451	-0.216958	2.285080	1.074178	1.598661	0.154353	0.684387	-0.416886	0.019987	-0.414142	0.200576	-0.706809	0.717832	-0.272024	-0.816794	-0.367143	2.624395	1.398401	-1.703853	1.853788	0.617500	-0.188385	0.590922	1.450887	1.863958	-1.167757
1.186862	1.178895	-0.108491	0.633717	0.814586	-0.259672	1.460688	0.388962	1.244915	0.345982	2.014694	0.496298	-0.457783	0.110822	1.808379	1.535739	-0.268713	0.025924	1.260277	1.098943	-0.034400	0.940085	1.177510	0.542726	0.708475	0.664576	-0.560598	0.090721	-0.984922	-0.009339	0.584435	-0.335417	0.302159	0.657607	0.891419	1.521502	-0.360382	-1.206031	0.764456	0.282458	0.272137	0.073752	0.664380	0.643938	1.815914	1.676076	0.292065	0.862673	1.357764	0.619390	-1.307138	-1.696912	-0.790609	0.265106	1.659112	0.772469	0.398318	0.754634	0.199056	0.150096	0.218809	0.182731	0.057291	-0.527890	0.568509	0.632885	-0.345380	-0.383092	-0.305952	-1.865538	2.311769	1.788597	-1.473686	1.219291	1.194559	0.836984	1.958338	2.084686	2.737449	1.196506	0.697539	0.201800	-0.512724	0.443512	-1.786613	-0.643896	0.901154	-0.482516	0.313967	0.423174	0.283095	-0.248016	1.025312	0.185685	1.190641	0.418863	1.120640	-0.229053	-0.926563	0.532508	2.439430	0.955244	-0.389739	2.122057	0.586257	-0.013603	0.177229	1.004704	2.089196	-0.145473
1.064437	0.495948	-1.248995	-0.617338	1.192457	-0.198939	1.312782	-0.239361	1.090571	-0.241815	1.914516	0.480932	-0.643302	-0.737587	1.622524	0.543833	0.926703	0.682991	1.848281	1.483283	1.655558	0.703906	2.653345	1.395070	0.090852	0.646007	-0.538824	0.673430	-0.183153	-0.060037	0.053227	1.005437	-0.707836	0.149632	-0.130418	0.081841	-0.362492	-1.670981	1.330458	-0.426565	1.769425	0.461183	0.463253	-0.295468	1.380898	2.577200	0.242516	0.758238	0.484779	-0.202838	-0.912708	-1.459917	-0.387786	0.311204	0.709692	0.371023	-0.379469	-0.240732	0.545286	0.570301	0.185466	-0.439807	-0.368392	-0.766052	0.998175	0.772791	0.621716	-0.350375	-0.899081	-0.410274	1.075554	0.614841	-0.888531	2.199968	1.097304	1.822705	0.430068	1.503453	1.669862	0.864550	0.344256	-0.732762	-1.587273	-0.546286	-1.291271	-0.101070	-0.046597	-1.441297	-0.521845	0.793832	-0.064606	-0.691376	0.886389	0.340074	1.854012	1.242248	0.767973	-0.345258	-0.301288	1.314814	0.937446	0.356240	0.704314	0.890247	0.136439	-0.324437	0.877106	0.306193	1.273248	0.422654
0.548739	-0.438749	-0.625757	-0.636718	0.074913	-0.802706	0.488061	-0.673113	0.939343	-0.018526	1.568459	0.949807	-0.368360	-0.886528	0.582783	-0.613631	2.103184	0.317215	1.285685	0.678457	2.194090	-0.534301	2.402251	0.793997	0.066599	1.176006	0.589649	0.478232	0.379122	-0.173026	-0.183686	2.105103	-0.857488	0.051050	-0.177559	-0.507635	0.379146	-0.183558	1.130712	-0.257365	1.765516	0.077500	0.490446	-0.557446	1.233214	2.442928	0.848827	0.653607	-0.589601	-0.902810	0.034851	-0.652776	0.333821	0.123349	-1.294178	-0.376031	-0.380129	-0.828484	0.664735	0.941231	0.302183	-0.041666	0.128390	-0.223562	1.129313	1.054162	0.519899	-0.329320	-1.101626	0.678285	-0.477485	-1.003260	0.211089	1.862144	0.557817	1.725721	-1.295040	-0.162811	0.053063	-0.036189	0.356816	-0.121188	-0.524998	-0.581304	0.710443	1.173215	-0.030008	-0.685764	-0.182272	0.961911	0.317769	-0.566869	0.073489	0.242735	1.739578	0.914526	0.132731	-0.587915	0.388279	1.691484	-0.575858	0.189897	0.768313	-0.819011	-0.496399	-0.878691	1.741971	-0.117225	0.208308	0.245957
-0.238286	-0.864504	1.105035	0.417823	-1.898183	-0.961124	-0.929308	-0.698478	-0.047330	0.265567	0.231515	0.838799	-0.217119	-0.389700	-0.578486	-1.155203	2.259167	-0.319639	-0.251818	-0.437870	1.281442	-1.767603	0.354184	-0.849891	0.127001	1.100905	1.888114	-0.262839	-0.452487	-0.405549	-0.479302	1.502399	-0.299575	-0.069749	0.420003	-0.352301	0.982510	2.078834	-0.115599	0.461755	0.350960	-0.484390	0.477409	-0.156953	1.150972	1.092499	1.635790	0.653311	-1.405023	-0.811530	0.846887	0.099949	0.842662	-0.159720	-2.763558	-0.622429	0.432277	-0.425706	0.718104	1.359113	0.554256	1.170745	1.618509	1.041312	0.582509	1.586811	-0.317635	-0.619851	-0.993364	0.704313	-1.527649	-1.661658	1.311048	1.060571	-0.044774	0.288473	-1.900121	-1.230574	-0.916875	-1.000247	0.482268	1.361708	1.401495	0.104724	2.335766	1.966474	0.399957	1.050341	0.679234	0.675328	0.949139	0.532442	-0.209106	0.361493	1.024884	-0.294619	0.005968	-0.754884	0.308412	1.673441	-1.043462	0.516848	0.250833	-1.439310	-1.257377	-1.355532	1.337604	-0.041385	-0.167191	-0.136606
-0.896523	-0.506711	2.139248	1.280422	-3.072636	-0.131768	-2.062265	-0.269267	-1.624560	0.134255	-1.511774	0.021388	-0.495265	-0.000748	-0.974684	-0.786139	1.460247	-0.490848	-1.694055	-0.868179	-0.127854	-2.130689	-1.652231	-1.939561	-0.172168	0.065361	2.220449	-0.469964	-1.902007	-0.578169	-0.745237	-0.200212	-0.122043	-0.805865	0.576482	-0.334649	0.794660	3.036295	-1.463149	0.941998	-1.100336	-0.475552	0.251550	0.406744	0.844377	-0.623869	1.995353	0.739509	-1.654853	-0.190620	1.083386	0.294233	0.922692	-0.241170	-2.586003	-0.021889	1.327242	0.488154	0.563336	1.548359	0.712094	2.058196	2.643139	1.955129	-0.339686	2.060517	-0.959156	-0.855830	-0.652022	0.114364	-1.615270	-1.083228	1.722440	0.788154	-0.589804	-1.444898	-1.062613	-0.853265	-0.818988	-1.344270	0.403154	2.109162	1.997328	0.374446	2.284238	1.468530	0.442611	1.971310	1.016855	0.161275	0.998675	1.619167	0.299460	0.810605	0.365098	-1.044185	0.551814	-0.567657	-0.368729	1.338492	-0.725760	0.825281	0.169200	-0.629406	-1.923870	-1.362489	-0.453838	0.183430	0.140091	-0.102978
-0.920397	0.282722	1.692933	1.156106	-2.567364	0.834374	-2.015478	0.321225	-2.444863	-0.013433	-2.210663	-0.642816	-0.896811	-0.199061	-0.435007	0.029267	0.479856	-0.284292	-1.971832	-0.304119	-0.951021	-1.585512	-1.655862	-1.271644	-0.546625	-0.783908	1.406529	0.380151	-2.248904	-0.344203	-0.565758	-1.055028	-0.811878	-1.736255	-0.024337	-0.689609	0.073212	1.908361	-1.623637	0.849295	-1.322994	0.184233	0.008337	0.782972	0.527584	-1.283742	1.671160	0.799795	-1.292980	0.362765	0.890155	-0.024562	0.914834	-0.048266	-1.127178	0.941983	1.655092	1.050673	0.122173	1.199115	0.640909	1.837052	2.004635	1.754232	-0.765025	2.082921	-1.018000	-0.511674	-0.048737	-0.239532	-0.771532	-0.132984	1.196274	1.055325	-0.881155	-2.051291	0.476813	0.421639	-0.038731	-0.724318	0.224698	1.486552	0.893848	-0.212604	1.140422	0.265595	0.018506	1.298932	0.720375	-0.062674	0.518380	1.556696	0.688762	1.303969	0.250687	-0.376838	1.090514	0.083025	-0.618151	0.732709	-0.378020	0.738748	0.803331	0.498415	-1.869005	-0.702247	-2.097998	0.180259	0.415575	0.344648
-0.088642	0.889594	0.732493	0.534653	-1.165208	0.825451	-0.867725	0.503451	-1.581564	0.272481	-1.397151	-0.592488	-0.835476	-0.449136	0.417891	0.543608	-0.091886	-0.139665	-0.875659	0.746232	-0.911971	-0.680034	0.272479	0.608442	-0.382165	-0.248780	0.264782	1.386505	-1.173326	0.273780	-0.029238	-0.277229	-1.344362	-1.578006	-0.516802	-0.692462	-0.373027	-0.037479	-0.400075	0.459980	-0.275592	0.810877	0.136082	1.001540	0.655089	-0.255887	0.958807	0.793533	-0.458110	0.795791	0.748130	-0.234590	1.110180	0.298286	0.312983	1.422272	1.471411	1.007263	-0.077017	0.616742	0.605416	1.005142	0.498034	1.103103	-0.196618	1.589549	-0.862134	0.185184	0.730675	-0.225744	0.576177	0.387359	0.227078	1.176062	-0.597017	-1.140426	1.741345	1.415446	0.881344	0.484140	0.359154	0.415163	-0.116436	-0.695208	0.281695	-0.419885	-0.291216	0.058600	0.529022	0.149624	0.322117	0.457440	0.470324	1.660350	0.609026	1.137310	0.932565	0.917573	0.161882	0.021279	-0.107343	0.495581	1.314412	0.806136	-0.685853	0.345907	-2.095351	0.061460	0.309554	0.647864
1.122411	0.890059	0.426756	0.187878	-0.249654	0.072308	0.385140	-0.042023	0.297547	0.646887	-0.243741	-0.280219	-0.059831	0.141185	0.873824	0.419370	-0.190052	-0.103932	0.760372	1.490224	-0.430460	0.070389	2.195836	1.947428	0.395169	1.173041	-0.251179	1.218484	-0.054030	0.715218	0.169618	0.745320	-0.435251	0.122036	-0.184642	0.023757	-0.121791	-1.081476	1.085957	0.030717	1.073004	0.683371	0.724261	1.064496	1.133211	1.435505	0.444504	0.809380	0.554069	1.411231	0.979611	0.252569	1.272253	0.759548	0.775857	0.966738	1.234868	0.729513	0.527645	0.428008	0.909145	0.599104	0.027313	1.202992	0.789847	0.857032	-0.902152	0.450498	1.339317	-0.350041	1.739540	0.428397	-0.346771	0.701444	0.144464	0.198777	2.100900	1.313527	1.575887	1.387198	0.862729	-0.051187	0.428340	-0.076612	0.082168	-0.275988	-0.108332	-0.403535	0.852610	0.324984	0.752983	-0.583260	0.412987	1.936735	0.992469	2.029753	0.125246	1.416687	1.379143	-0.508383	0.303720	0.503383	0.713351	0.251360	1.025014	1.207612	-0.660353	0.097171	0.135843	0.350893
1.712461	0.318450	0.632129	0.008653	-0.227735	-0.099038	0.844322	-0.930147	1.547537	0.430313	-0.121098	-0.419680	1.002391	1.433422	0.733189	-0.065520	-0.034358	-0.014167	1.670144	1.500625	0.037859	0.456811	2.537737	1.649545	1.119462	1.683321	0.120543	-0.226743	0.066605	0.477085	-0.282334	0.269285	1.538113	1.965464	0.413299	0.615962	0.418645	-0.905580	1.585581	-0.515034	1.723776	-0.191133	1.297088	0.685682	1.216501	1.953069	0.386126	0.836758	1.321490	2.034657	1.443899	1.288150	1.076691	1.354323	0.384270	-0.073779	1.118731	0.498665	1.460368	0.596625	1.289808	0.785761	1.074242	1.968874	1.113635	0.243184	-1.057801	0.100436	1.456666	-0.714779	2.037467	0.229541	-0.096158	-0.210692	0.664017	0.468598	1.349597	0.157065	1.734057	1.281519	1.170122	-0.074018	1.726238	1.084965	-0.156049	-0.141268	0.266315	-0.123686	1.239521	-0.041016	1.164819	-0.831749	1.180010	2.006908	1.015905	1.550840	-0.774839	1.308441	1.868276	-0.697588	0.496262	0.644850	-0.909585	-0.466320	1.972461	1.509973	0.651860	0.140629	0.150482	-0.383242
1.106021	-0.353862	0.466287	-0.514468	-0.337062	0.864693	0.481604	-1.364050	1.247731	-0.359275	-0.940964	-0.969665	1.549741	2.082625	0.324807	-0.360652	0.161784	-0.043734	1.192907	0.941415	0.382041	0.536782	1.562003	0.319507	1.133260	0.409115	0.829832	-1.641768	-0.205932	-0.258169	-0.725620	-1.530949	2.679424	2.068058	0.213297	0.124003	0.545716	-0.460871	0.925180	-1.156324	1.343801	-1.086046	1.192572	-0.257465	0.405223	0.533564	0.374456	0.582594	1.548561	2.044182	1.651654	2.063990	0.726116	1.896746	0.035291	-0.804938	0.900824	0.220908	1.487742	0.336759	1.070415	0.721577	1.952200	1.934555	0.513550	-0.014885	-0.896192	-0.058523	1.202033	-0.707666	1.243738	-0.208744	0.643482	-1.037446	0.552189	-0.659597	-0.178221	-1.203919	1.132854	0.261726	0.737688	-0.473147	1.908678	1.290092	-0.753040	-0.637285	0.312600	-0.140840	1.122037	-0.737686	0.858046	-0.457338	1.940633	1.456452	0.605097	0.326806	-1.298884	0.871251	1.112488	-0.601590	-0.074983	0.421609	-2.284283	-0.814617	1.485070	1.310291	0.778756	-0.131570	0.116667	-0.907517
-0.098117	-0.574937	-0.148646	-1.087028	0.197669	1.852523	-0.058131	-0.956848	0.087374	-0.959085	-1.334812	-1.260629	1.165153	1.078965	0.184753	-0.118894	0.302357	-0.421856	-0.092536	0.270726	0.716782	0.581923	0.536669	-0.596656	0.574146	-1.369912	1.113540	-1.759137	0.265676	-0.763294	-0.356130	-2.741396	1.813651	0.320406	-0.794240	-1.038482	0.114401	-0.407130	-0.036367	-1.497680	0.335468	-1.319016	0.275373	-1.235981	-0.826699	-1.636606	-0.150067	-0.200732	1.369393	1.351344	1.237497	1.927755	0.679678	2.026143	0.464572	-0.557891	0.484463	-0.137948	0.220686	-0.735697	0.026181	-0.190775	0.984953	0.229533	-0.040937	0.128286	-0.058997	0.683554	1.025486	0.053868	-0.140288	-0.870707	1.145042	-1.239635	0.229268	-1.955129	-1.527847	-1.691805	-0.035225	-0.869522	-0.176652	-1.277452	0.601935	0.221094	-0.987237	-1.166034	0.003752	-0.725106	0.638725	-0.943558	0.087879	0.101380	1.336507	0.192754	-0.030399	-0.524400	-1.219766	0.621647	-0.261595	-0.267872	-0.990335	-0.245825	-2.170530	-0.716278	0.234233	0.905713	0.130143	-0.509890	-0.203164	-0.713766
-0.709490	-0.217558	-0.364977	-0.806051	1.199065	1.484254	-0.242463	-0.145523	-0.495085	-0.817509	-0.390412	-0.937034	0.241611	-0.891769	0.626769	0.517520	0.395623	-0.753523	-0.884291	-0.191243	1.070469	0.891513	0.048800	-0.418501	0.195959	-1.692537	0.729381	-0.601747	1.480690	-0.490772	0.664537	-1.993285	-0.085871	-1.421136	-1.483829	-1.472560	-0.346911	-0.388851	-0.493092	-1.276439	-0.541262	-0.927699	-0.854048	-1.478615	-1.505411	-2.637304	-1.056875	-1.177082	1.197748	0.750761	0.362544	0.974535	0.890993	1.585055	1.528544	0.454247	0.176358	-0.266093	-1.204518	-1.866158	-1.194762	-1.399248	-1.262901	-2.041087	0.417678	0.499969	1.322828	1.824561	1.066730	0.964487	-1.210398	-1.350067	0.961521	-0.645226	0.249286	-1.968032	-1.710068	-0.946443	-1.121500	-1.328675	-0.680095	-1.603364	-0.671924	-0.687211	-0.146098	-0.745519	-0.166661	-0.901028	0.392323	-0.203578	-0.292126	0.649149	-0.515846	-1.117097	-0.570783	-0.538559	-0.545616	0.691087	-1.125195	0.289481	-1.100678	-0.785580	-0.612939	-0.350280	-0.559771	0.579666	-0.248627	-0.377749	-0.568661	0.115174
-0.376793	0.254182	0.223403	0.374479	1.747114	-0.053439	-0.184131	0.283041	0.055712	-0.185205	1.131755	-0.374289	-0.465313	-2.107821	1.366967	1.006395	0.451621	-0.317151	-0.478820	-0.369501	1.254071	1.421561	-0.319041	0.261197	0.400148	-0.322628	0.047581	0.754429	2.371238	0.400432	1.391984	0.065711	-1.135228	-1.550225	-1.115708	-0.613885	-0.400520	0.115279	-0.527339	-0.884120	-0.749138	-0.500103	-1.482465	-0.914581	-1.254238	-1.810920	-1.573218	-1.570943	1.154250	0.909379	-0.456770	-0.151276	0.792980	0.827786	2.319790	1.283326	0.246683	0.081116	-1.493743	-2.008574	-1.722540	-1.816437	-2.669636	-2.987149	1.448298	0.764331	2.424347	2.103858	0.873917	1.074468	-1.416039	-1.217257	0.230906	0.261109	0.426272	-0.638290	-0.684246	0.230193	-1.540734	-1.003547	-0.245910	-0.986567	-0.604663	-0.161099	1.325941	0.465726	0.144775	-0.009789	0.602385	0.899108	0.018214	0.989894	-1.997602	-1.615625	-0.808887	-0.067890	0.271907	0.688292	-0.909145	0.725288	-0.149616	-0.694700	1.126612	-0.022019	-0.407316	0.472500	0.021187	0.321190	-0.597923	1.076847
-0.050310	0.253885	0.846034	1.235020	1.157805	-1.170876	-0.429806	0.015499	0.795528	0.319826	1.554405	-0.146305	-0.648885	-1.719852	1.652131	0.918635	0.384778	0.838397	0.546692	-0.217307	1.050767	1.734023	-0.908273	0.544399	0.704178	0.954100	-0.587328	1.310792	2.164233	1.180900	1.211645	1.651261	-0.740513	-0.483611	-0.337776	0.509598	-0.326631	0.855899	-0.755912	-0.936663	-0.359697	-0.389071	-1.511875	-0.344295	-0.650393	-0.315542	-1.284458	-1.059745	0.857550	1.391284	-0.955361	-0.850370	0.111765	0.187630	2.009703	1.191496	0.428662	0.586229	-0.794958	-1.115399	-1.387086	-1.107290	-2.147138	-2.145660	1.597504	0.657097	2.257601	1.025732	0.074051	0.307556	-1.009445	-0.658931	-0.566909	0.673828	0.221385	0.725500	0.466032	0.666827	-1.291672	-0.435922	0.649296	-0.130518	0.324578	1.203571	2.211155	1.149911	0.646636	1.035570	0.833888	1.325594	0.451126	0.798577	-1.954247	-1.187405	-0.818902	0.320586	0.470961	0.265098	-0.074782	0.365153	0.685712	-0.178460	1.876278	-0.012103	0.211593	0.498782	0.480802	0.806068	-0.316085	1.741537
-0.756798	-0.239237	0.514392	0.773006	-0.295113	-0.782202	-1.216234	-0.484306	0.383407	0.413290	0.233437	-0.337565	-0.613483	-0.523726	1.025202	0.434447	0.109154	1.685377	1.143858	0.367343	0.512674	1.514963	-1.300475	0.328985	0.375915	0.538182	-1.268490	0.871737	1.096039	1.206418	0.315968	1.651661	0.028153	0.166496	-0.318606	0.557837	-0.722026	1.128049	-1.280792	-1.335914	0.136095	-0.298400	-1.374086	-0.455658	-0.489875	0.277830	-0.666331	-0.232764	-0.006319	1.180600	-1.338016	-0.947282	-0.705294	-0.095019	0.645809	0.454724	0.171438	0.613714	-0.343338	-0.085860	-0.782014	-0.041015	-0.696265	-0.798534	0.277532	0.250614	0.834538	-0.513777	-0.860657	-0.409722	-0.677637	-0.333536	-1.033302	0.314056	-0.263685	1.024622	0.600995	0.111297	-0.868462	-0.248790	0.992298	0.046247	0.782276	1.827349	1.875556	0.484998	0.754222	0.819777	0.558887	0.794454	0.424240	0.178951	-0.842221	-0.491527	-0.892830	0.300067	-0.245465	-0.391440	0.415923	-0.952297	0.361903	0.156504	1.606323	-0.287010	0.630003	0.413972	0.668215	0.476752	-0.068575	1.910508
-2.199819	-0.568590	-0.689103	-0.470018	-1.574561	0.511802	-1.987381	-0.451831	-1.282927	0.275651	-1.548771	-0.478359	-0.672644	0.216116	-0.092453	0.153292	-0.237034	1.433318	1.055718	1.273916	-0.011637	1.000621	-0.938768	0.248868	-0.580212	-1.043284	-2.028291	-0.067153	-0.059006	0.526001	-0.784608	0.405136	0.049680	-0.291057	-1.191726	-0.507200	-1.591776	0.724974	-1.387133	-1.182242	0.378408	0.254354	-1.278314	-0.896300	-0.905369	-0.347341	-0.355786	0.137164	-1.078478	0.047533	-1.766711	-0.680639	-1.041285	-0.107616	-0.851527	0.083437	-0.620951	-0.012419	-0.700567	0.476112	-0.462774	0.476014	0.168612	-0.167909	-1.348855	-0.110729	-0.531785	-1.302784	-1.026320	-0.300486	-0.730229	-0.513154	-1.072517	-0.287888	-0.363375	0.485473	-0.272678	-0.550471	-0.707639	-0.573397	0.268234	-0.330137	0.400068	1.256202	0.849572	-0.702473	0.336205	-0.548705	-0.216331	0.116244	0.086141	-0.059329	0.198136	-0.114096	-1.204603	-0.145132	-1.256581	-0.834541	0.073261	-2.269073	-0.546809	0.067132	1.107570	-0.479556	0.595534	0.113121	0.633292	-0.215985	-0.025328	1.409278
-2.976968	-0.073720	-1.690623	-1.102346	-1.801444	1.323368	-1.844248	0.426275	-2.779874	0.217335	-1.953465	-0.092169	-0.743550	0.192308	-0.826397	0.333161	-0.328605	0.574960	0.868658	1.998958	-0.204481	0.678977	0.018730	0.719771	-1.419322	-1.864455	-2.315083	-0.785555	-0.655763	-0.157414	-1.694690	-0.847221	-0.570648	-0.976889	-1.856808	-1.432854	-2.236442	0.093167	-0.550982	0.116454	0.383911	1.240190	-0.885160	-0.665351	-1.314806	-1.118137	-0.299496	0.026682	-1.584933	-1.070038	-1.936782	-0.451719	-0.766487	-0.097763	-1.501014	0.683893	-1.368876	-0.691299	-1.031534	0.916992	-0.329892	0.441891	0.186899	-0.100223	-1.758357	-0.224484	-0.694651	-1.162539	-0.299301	0.309386	-0.788400	-0.670308	-0.854916	-0.515458	0.103345	0.052533	-1.025121	-0.397675	-0.791925	-0.929780	-1.011455	-0.337381	-0.054499	0.493426	0.010179	-0.925991	-0.112161	-1.394712	-0.952823	0.193562	-0.020785	0.684661	0.605326	-0.054004	-1.521202	-0.702294	-1.670438	-0.951442	-0.720298	-2.375772	-0.591417	-0.099423	0.920261	-0.284768	0.192889	-0.218453	0.528367	-0.343073	-0.007857	0.163650
-2.148647	1.168785	-1.689169	-0.611550	-0.987505	1.149199	-0.576627	1.696137	-2.653095	0.391312	-0.724997	0.732560	-0.677259	-0.012708	-0.800998	0.559072	-0.070872	0.288696	0.909999	1.999400	-0.084421	0.699519	0.832666	1.393011	-1.617801	-1.011196	-1.586305	-0.732880	-0.432923	-0.199405	-2.080137	-1.028474	-1.014232	-0.815903	-1.394760	-1.173564	-2.119241	-0.398858	0.574521	1.878896	0.301535	2.104756	0.060644	0.564308	-1.163643	-0.900655	-0.069099	-0.038680	-1.165447	-1.148971	-1.502041	-0.512486	-0.160637	-0.169215	-1.092338	1.733168	-1.453460	-0.678662	-0.349307	1.758260	0.037380	0.536269	0.064664	0.134862	-0.928589	-0.249294	-0.144292	-0.851169	0.392634	0.455626	-0.394754	-0.125127	-0.622450	-0.357230	0.489435	0.166152	-0.669374	0.520196	-0.748208	-0.688359	-1.806600	0.347234	-0.062926	0.305139	-0.484566	0.013971	-0.155700	-0.691648	-1.153888	0.911229	0.196183	1.739023	0.435167	-0.066873	-1.365590	-0.798489	-1.238761	-0.966979	-1.226452	-1.277005	0.629458	0.083107	0.921690	0.257100	-0.324529	-0.395134	0.107310	0.305475	0.219135	-1.298958
-0.253653	2.371716	-0.999618	0.142747	0.172504	0.749279	0.963113	2.546120	-1.007979	0.724208	0.544271	1.369967	-0.614687	-0.023530	-0.403389	0.352528	0.157670	0.952864	0.729430	1.256183	0.092546	0.827920	0.999366	1.647392	-1.423843	0.397606	-0.264292	0.139438	0.364958	0.361567	-1.712270	-0.059857	-0.961302	0.057283	-0.271202	-0.063141	-1.468136	-0.840582	0.787593	2.690864	0.197404	2.413618	1.046249	1.849730	-0.560005	0.303027	0.281913	0.085640	-0.197870	-0.228228	-0.734427	-0.788924	0.472857	-0.121098	-0.228358	2.148350	-0.926834	0.022768	1.037212	2.671365	0.586786	0.951698	0.062212	0.445152	-0.207127	-0.364522	-0.200243	-0.819864	0.234370	-0.164927	0.245426	1.020355	-0.440367	-0.144306	0.221537	0.586044	0.510541	1.394453	-0.265586	0.230021	-1.600346	0.872040	-0.091029	0.148909	-1.108752	0.717607	-0.073839	0.455665	-0.877552	1.304874	0.243852	1.713139	-0.147022	-0.117816	-0.547413	-0.046869	-0.354733	-0.920239	-1.064692	-0.196621	1.968207	0.539729	0.839931	0.903361	-0.481641	-0.505353	-0.914818	1.026519	0.612573	-1.820859
1.343916	2.797299	-0.528707	0.145607	1.096620	0.959517	1.739030	2.553752	0.685095	0.987282	0.442080	1.334058	-0.693709	-0.128776	-0.136876	-0.111015	-0.061927	1.713731	-0.027171	0.325234	0.167069	0.891660	0.656274	1.373651	-1.281660	0.786186	0.586839	1.215713	0.990880	0.989293	-0.777239	1.137155	-0.805352	0.560221	0.238766	0.634527	-0.837378	-1.298592	-0.050348	1.941944	0.155002	2.278549	1.207077	1.965668	-0.069205	1.498708	0.294359	0.028974	0.699201	0.721938	-0.333907	-1.004450	0.815428	0.323570	0.365657	1.507813	-0.431404	0.620620	1.835819	2.681927	0.686906	0.968661	-0.263092	0.091499	-0.445083	-0.371965	-0.936880	-0.627467	-0.462752	-0.744754	0.492071	1.838390	-0.122765	0.062792	-0.402176	1.087427	1.267761	1.589514	0.550314	1.160521	-0.913240	0.287479	-0.692767	-0.756294	-1.912224	0.041632	-0.488970	0.218608	-0.587224	0.808651	-0.177944	0.289429	-0.862781	-0.317702	0.536639	1.224664	0.590218	-0.541965	-0.381873	-0.043862	2.164286	0.748083	0.717775	1.414948	0.188879	-0.691597	-2.084160	1.129382	0.838633	-0.655191
1.854274	2.396898	-0.625078	-0.506317	1.664778	1.557642	1.609961	2.024791	1.273047	0.975462	-0.538119	0.847600	-0.676654	-0.633694	-0.077216	-0.227648	-0.593511	1.598180	-0.798752	-0.252595	0.144268	0.928697	0.203205	0.982379	-1.121034	0.111706	0.546164	1.617509	0.759154	1.319689	0.163477	1.601666	-0.881124	0.030536	-0.323554	0.203311	-0.423165	-1.433985	-0.754802	0.498970	0.274338	2.040776	0.451157	0.861389	0.016107	1.808169	-0.012920	-0.269883	1.228703	0.877160	-0.570647	-0.986432	0.473451	1.035730	0.446258	0.451729	-0.441308	0.470975	1.370046	1.386721	-0.016657	0.022174	-0.998231	-0.943289	-0.969105	0.058020	-1.027056	0.211424	-0.755434	-0.410912	0.228881	1.551786	0.464560	0.394869	-0.629677	1.654558	0.841076	1.153637	1.184819	1.369783	-0.637511	-1.102848	-1.482582	-1.958168	-2.113297	-1.299180	-1.353856	-1.444341	-0.491834	-0.005954	-0.580608	-1.167870	-1.204558	-0.657162	1.217853	2.094117	1.408791	0.198465	0.401929	-0.465507	1.227845	0.405968	0.717335	1.567530	1.475307	-0.842099	-2.344992	0.670870	0.605749	1.442335
1.592063	1.675169	-0.728567	-0.805678	1.873120	1.579637	1.239623	1.571643	0.990884	0.703500	-0.827307	0.536026	-0.281389	-1.220220	-0.100220	0.164142	-0.918999	0.662428	-0.816101	-0.507514	-0.037959	0.849135	-0.251946	0.685606	-0.618797	-0.330238	0.170520	1.045285	-0.175838	1.375884	0.724748	1.305426	-0.978464	-1.034984	-1.024005	-0.727128	-0.081927	-0.953431	-0.501861	-0.295353	0.368534	1.724001	-0.281953	-0.202588	-0.059657	1.247697	0.018491	-0.262761	1.445067	0.268104	-0.938603	-0.783351	-0.597989	1.337023	0.247991	-0.177172	-0.716125	-0.130845	0.338083	-0.374237	-0.886189	-1.186529	-1.389518	-1.585772	-0.699174	0.765243	0.153686	1.238958	-0.318550	0.566285	0.100733	0.445471	1.043756	0.647877	-0.235423	1.988739	-0.147504	0.563257	1.125280	0.886662	-0.917627	-1.875038	-1.586105	-2.176315	-1.143163	-1.584670	-1.763632	-2.545879	-0.279080	-0.178626	-0.249557	-1.214783	-0.894242	-0.971074	1.144104	1.882791	1.829022	0.771139	0.858947	-0.602226	0.167538	-0.097601	0.744731	1.235639	2.276618	-0.758106	-1.278981	0.196268	0.028581	2.644044
1.309320	1.057454	-0.195295	-0.135660	1.612377	0.598808	1.106154	1.402712	0.773916	0.397382	0.054315	0.566918	0.251155	-1.266998	-0.254772	0.553077	-0.863075	-0.194190	-0.329280	-0.872981	-0.509337	0.362173	-0.859255	0.194805	0.102877	0.199870	0.025344	0.139908	-0.921221	1.217552	1.038268	0.944668	-0.728794	-1.601849	-0.728686	-0.946339	0.270934	-0.166917	-0.026751	-0.040400	-0.003640	1.070746	-0.124920	-0.074327	-0.011788	0.485081	0.706985	0.330024	1.489761	-0.461346	-0.755188	-0.486555	-1.688950	0.600027	0.147553	-0.278108	-0.582995	-0.325296	-0.135640	-1.286082	-0.833331	-1.288348	-0.789565	-0.974277	0.295599	1.081516	1.427638	1.465739	0.227593	1.032711	0.555237	-0.348929	1.144132	0.410249	0.267927	1.539029	-0.451805	0.225745	0.354164	0.446718	-0.983616	-1.046603	-0.895388	-1.046866	0.264494	-0.305807	-1.047142	-1.473580	0.296052	0.369210	0.643402	-0.093303	-0.329906	-1.052380	0.513526	0.825570	1.581325	0.640417	0.801509	-0.195798	-0.243609	-0.100231	0.514711	0.632198	1.588012	-0.469975	0.137056	0.052303	-0.403688	1.865870
1.346255	0.538283	0.799587	0.966101	1.003709	-0.671481	1.040754	1.129604	0.950112	0.216646	0.985490	0.378232	0.347601	-0.677538	-0.508599	0.539835	-0.681330	-0.295788	-0.290278	-1.444033	-1.064813	-0.449248	-1.437013	-0.598297	0.586496	0.993619	0.073243	-0.180712	-0.892354	0.825870	1.382093	0.843423	-0.198656	-1.215463	0.496538	-0.091639	0.625501	0.318019	-0.381609	0.523584	-0.810583	0.108466	0.652856	0.970527	0.047408	0.057167	1.372020	0.839185	1.411906	-0.703847	0.074828	-0.114094	-1.852394	-0.911450	0.394626	-0.359942	0.255522	0.220929	0.196451	-0.928287	0.335197	-0.015386	0.357271	0.363726	0.997025	0.609000	1.479123	0.751770	0.224943	0.387242	1.097317	-0.025407	0.776765	-0.126196	0.365343	0.388586	0.297248	0.258623	-0.567815	0.594598	-0.183771	0.751339	-0.245156	0.290353	0.707049	1.205785	0.293175	1.039242	0.804427	0.738373	0.972676	0.676896	-0.109950	-0.743914	-0.197897	-0.210056	0.924543	-0.019141	0.450794	0.419663	-0.053662	0.469617	-0.050259	0.224764	-0.219758	-0.123943	0.501760	0.154973	-0.306651	-0.052064
1.437719	-0.079405	1.412699	1.446794	0.558968	-1.150701	0.736976	0.315752	0.983971	0.006634	0.893878	-0.562089	-0.120903	-0.052017	-0.360625	0.450114	-0.380482	0.219245	-0.789478	-1.620415	-1.034660	-0.799462	-1.286377	-1.025527	0.759342	1.037023	0.179297	0.322656	-0.415167	0.409035	1.610185	0.533554	0.139978	-0.343969	1.503254	0.918794	1.020125	0.361370	-1.050458	0.550278	-1.119395	-0.625886	1.014043	1.578892	-0.124990	-0.057718	1.102849	0.419384	1.123526	-0.274452	0.946912	0.237525	-0.973451	-2.038891	0.927914	-0.706893	1.250664	0.868921	0.628977	-0.149465	1.450968	1.232923	0.945463	1.102952	0.928042	-0.220387	0.741691	0.192652	-0.183846	-0.670919	0.925380	1.020741	0.548038	-0.034019	0.154081	-0.418795	1.179316	0.545910	-0.969416	1.054201	1.093510	1.896982	-0.268601	0.598568	-0.140477	1.479501	1.123273	2.789361	0.540061	0.255999	0.009225	0.278015	-0.156529	-0.040075	-0.613773	-0.626291	0.602280	-0.500635	0.205167	0.962396	0.268825	0.926540	-0.631743	0.162275	-1.554308	0.301301	-0.396421	0.264351	0.183844	-1.245440
1.094773	-0.776995	1.075903	0.888929	0.584991	-0.559521	0.253459	-0.881138	0.361786	-0.538556	0.079508	-1.905960	-0.593381	0.079025	0.657473	0.767365	0.403023	0.719580	-0.728207	-0.772101	0.017703	-0.021046	-0.013488	-0.345080	0.940865	0.343793	0.501628	1.036144	-0.088919	0.319803	1.213394	-0.368157	0.033841	0.321080	1.407292	0.975772	1.331691	0.349273	-0.505998	-0.023847	-0.031327	-0.635441	0.453612	0.913918	-0.428617	-0.164210	-0.041481	-0.694239	0.521415	0.562868	1.114853	0.336241	0.044968	-1.847354	1.322700	-1.033303	1.445259	0.738048	0.512397	0.015167	1.217296	1.018855	0.514094	0.702285	0.651336	-0.612014	0.661636	0.720818	-0.341735	-0.998466	0.036886	1.586535	0.829135	1.137064	0.067984	-0.041558	1.124031	0.829146	-0.636532	1.100323	1.745450	1.464015	-0.612957	0.013710	-1.034455	0.570163	0.955850	2.565151	-0.476662	-0.653277	-1.449517	-0.478780	0.182731	0.823249	-0.581221	-0.535114	0.917167	-0.401834	0.163761	1.320633	0.357421	0.631945	-0.800598	-0.012432	-1.297194	0.870501	-1.380110	0.230770	0.542904	-0.780328
0.119090	-1.278286	0.076476	-0.187728	0.645365	0.339670	-0.189321	-1.765887	-0.651215	-1.369131	-0.466774	-2.594412	-0.448157	-0.063669	1.984247	1.190754	1.518899	0.685944	0.526106	0.791226	1.491639	1.298746	1.608600	1.014581	1.093630	-0.294276	0.959435	1.160389	0.038372	0.412380	0.040021	-1.291813	-0.140548	0.633241	0.463019	0.092982	1.116588	0.501042	1.338101	-0.663619	1.902437	-0.118352	-0.451870	-0.444170	-0.487509	-0.326792	-1.043311	-1.298190	-0.278905	1.251293	0.425236	0.151366	0.360229	-0.658943	1.115551	-0.945358	0.527454	-0.250597	-0.041494	-0.449632	-0.212524	-0.328435	-0.233983	-0.064756	0.660986	-0.332841	1.490599	1.664678	0.021886	-0.299963	-0.761701	0.924176	1.078754	2.289538	0.218920	0.912984	0.181689	0.797491	0.072781	0.442267	1.145847	0.047816	-0.537341	-0.325533	-0.672179	-0.335302	0.276123	1.158228	-1.271863	-1.051715	-1.801203	-0.376709	1.044627	1.431023	-0.137134	-0.320643	1.162242	0.046341	0.123852	1.254741	0.062080	-0.261737	-0.456001	-0.717329	0.007872	1.369049	-1.244237	-0.007893	0.364689	0.574261
-1.114066	-1.375843	-0.772531	-0.987625	0.108595	0.604957	-0.594030	-1.819187	-1.273799	-1.863978	-0.435256	-1.884474	0.318030	0.144266	2.189926	0.840220	1.963755	0.066198	1.925529	1.884783	2.134007	1.635200	2.165453	1.602855	0.738148	-0.461167	0.880034	0.440743	0.262150	-0.048200	-1.233227	-1.277002	0.189585	0.844236	-0.419864	-0.686790	0.168414	0.579691	2.489158	-0.973834	2.856271	0.168183	-0.872163	-1.332366	-0.140476	-0.338535	-1.099827	-0.682574	-0.966580	1.267843	-0.417651	0.113377	0.124787	0.332101	0.326474	-0.446397	-0.605013	-1.191478	-0.495625	-0.704984	-1.347240	-1.178707	-0.309131	-0.211002	0.529531	0.067929	1.845923	1.381698	0.486518	0.670564	-0.865700	-0.489323	0.419876	1.697962	0.281307	0.970667	-0.599980	0.289439	0.574346	-0.437327	-0.104775	-0.998902	0.093775	0.175300	0.766169	-0.470187	-0.271019	0.045008	-0.938384	-0.657170	-0.551308	0.545039	1.585442	1.436159	0.434554	-0.142637	0.453598	0.484654	0.118277	0.531321	-0.584749	-1.026497	0.107525	-1.516692	1.001592	1.418725	0.091237	-0.442740	-0.290199	1.410755
-1.890681	-1.164215	-0.901217	-1.128326	-0.868150	0.075807	-1.063826	-1.197306	-1.082754	-1.403205	-0.330960	-0.099469	1.062564	0.806150	0.604937	-0.519400	1.090073	-0.673933	1.917135	1.626655	1.429055	0.297268	1.156647	0.630326	-0.188135	-0.476426	-0.165466	-0.655380	0.497895	-1.381067	-1.659730	-0.358584	0.935261	0.897166	-0.718942	-0.646870	-0.882525	0.414250	1.314878	-0.973874	1.712046	-0.239355	-0.735556	-1.382928	0.292015	-0.235523	-0.469643	0.453488	-1.386132	0.547746	-0.541314	0.649227	0.055678	0.415035	-0.512908	0.126292	-0.709785	-1.126660	-0.590122	-0.243310	-1.126756	-0.716956	0.344721	0.219229	-0.324565	-0.043190	0.590415	-0.581638	0.526673	1.007082	-0.515437	-1.506033	-1.130477	-0.802284	-0.027596	-0.354293	-0.498882	-0.509039	0.441997	-0.887362	-0.734093	-0.866628	0.736170	0.908864	1.899509	-0.142866	-0.517374	-0.262596	0.238281	-0.072952	0.951519	1.038367	0.957078	0.811453	0.597146	-0.092579	-0.990353	0.852473	0.522729	-0.586515	-1.282877	-1.151766	0.537675	-1.439040	1.159274	0.941913	1.719956	-0.907870	-0.952895	1.077183
-1.812974	-0.894438	-0.454658	-0.769637	-1.460905	-0.591642	-1.433651	-0.464621	-0.457168	-0.215268	-0.558388	1.590391	1.034316	1.255426	-1.634325	-1.970491	-0.288550	-0.881021	0.429325	0.310926	0.169832	-1.582897	-0.382966	-1.001633	-1.032255	-0.723818	-1.419755	-1.405421	0.344186	-2.710585	-1.099813	0.249300	1.230659	0.391754	-0.643964	-0.197747	-1.138619	0.231320	-1.243407	-0.773993	-0.567752	-0.965013	-0.596891	-1.154783	0.271156	-0.454252	-0.086819	0.813778	-1.636851	-0.416149	-0.019339	1.421637	0.325247	-0.046694	-0.963678	0.459889	0.214689	-0.150478	-0.480032	0.536564	-0.092865	0.185699	0.737312	0.320557	-1.481819	-0.681205	-1.608546	-2.613419	0.151179	0.521885	-0.368206	-1.522601	-2.397598	-3.223028	-0.573300	-1.873669	0.030202	-1.157892	-0.379742	-0.861483	-0.200186	0.135258	0.866849	0.933724	1.643128	-0.046208	-0.550249	-0.267753	0.959047	0.040158	1.041577	0.269997	-0.568249	-0.130281	-0.034791	-0.424345	-1.941331	1.106860	1.306117	-1.346683	-1.490829	-0.752325	0.651484	-0.254379	0.995479	0.275274	2.598662	-1.114405	-1.109543	-0.070379
-1.187829	-0.706626	-0.088277	-0.357153	-1.276839	-0.757921	-1.339055	-0.031065	-0.124634	0.647880	-0.915945	2.068647	0.089900	0.869835	-2.727186	-2.430561	-0.792578	-0.378607	-1.068003	-1.002057	-0.607777	-2.292862	-1.072286	-1.780361	-1.266975	-1.065050	-1.537735	-1.528056	-0.166804	-2.772626	-0.395716	-0.275161	0.477127	-0.584398	-0.547051	-0.103124	-0.572839	0.223577	-2.745561	-0.332106	-2.019693	-1.271639	-0.696026	-1.070727	-0.377515	-1.114732	-0.459142	0.031550	-1.692454	-1.036826	0.127257	1.500661	0.330869	-0.375460	-1.064362	0.385398	0.741986	0.599923	-0.357761	0.924394	0.497053	0.362594	0.076004	-0.353126	-1.854424	-1.333161	-2.959674	-2.794140	-0.193291	-0.194014	-0.670935	-0.929160	-2.215304	-3.516338	-0.922785	-2.107864	0.050952	-1.316838	-1.460840	-0.802205	0.643691	1.013098	0.444312	0.082060	0.149767	-0.330993	-0.358103	-0.363686	0.327946	-0.331961	-0.292801	-1.077538	-1.793373	-0.950177	-1.117005	-1.148127	-1.635541	0.866864	1.603327	-1.164774	-0.879174	-0.308416	0.330489	0.947696	0.836507	-0.194883	2.265948	-0.928996	-0.651115	-1.323793
-0.615556	-0.607846	-0.255747	-0.267419	-0.713637	-0.474933	-0.674001	0.012641	-0.340323	0.406477	-0.940548	1.134857	-0.956460	-0.062371	-2.136834	-1.801265	-0.240582	0.227569	-1.362380	-1.526289	-0.733477	-1.479097	-0.672628	-1.336746	-1.039277	-1.022891	-0.210142	-1.331496	-0.441412	-1.432641	-0.267463	-1.121599	-0.683584	-1.103111	-0.301632	-0.319740	0.069277	0.216560	-2.061435	0.345562	-1.801594	-0.972593	-0.604239	-0.818986	-1.109861	-1.463126	-1.046173	-0.947448	-1.247850	-1.137377	-0.576195	0.551163	-0.355435	-0.444689	-0.970509	-0.186806	-0.108579	0.216809	-0.202310	0.678926	0.306111	-0.138793	-1.049357	-1.045371	-1.102071	-1.575128	-2.374863	-1.150098	-0.244489	-0.417110	-1.022215	-0.350554	-0.682412	-1.784077	-0.704988	-0.923348	-0.557849	-0.942704	-2.008717	-0.809961	0.610183	1.042287	-0.241978	-0.926717	-1.459273	-0.464200	0.008197	-0.263559	-1.114381	-0.732355	-1.494536	-1.586229	-1.759056	-1.294647	-1.656517	-1.638301	-0.639791	-0.169737	0.701459	-0.123343	0.129460	-0.187054	-0.463359	0.843739	0.268164	-0.279528	1.129112	-0.580769	-0.025472	-2.125876
-0.261369	-0.617118	-0.691559	-0.500242	-0.153321	-0.264800	0.240908	-0.266673	-0.624047	-0.582303	-0.422868	-0.340483	-0.975132	-0.573806	-0.839790	-0.846081	0.297777	0.207280	-0.697704	-1.268309	-0.552270	-0.341705	-0.036476	-0.607270	-0.610401	-0.379023	1.351305	-1.091798	-0.133205	0.104786	-0.422344	-0.882750	-0.949912	-0.393971	0.463119	-0.123359	0.479046	0.050866	-0.260341	0.939179	-0.688824	-0.570476	0.100636	-0.014192	-1.071403	-0.646555	-0.875680	-1.050437	-0.241177	-0.885534	-1.119359	-0.556232	-1.163183	-0.571888	-0.596195	-1.127040	-1.345971	-0.897291	0.131706	0.157198	0.143075	-0.390656	-1.168796	-0.678769	-0.076902	-1.397142	-0.358952	0.474681	-0.220004	-0.002696	-0.895605	0.170348	0.933510	0.181075	0.095628	0.497444	-0.948116	-0.146087	-1.446832	-0.424077	-0.279254	0.411737	-0.880052	-1.244463	-2.042365	0.036863	0.210413	0.367318	-2.014019	-0.852668	-1.407977	-0.757920	-0.531689	-0.995712	-0.960403	-1.200758	0.066129	-1.445700	-0.667975	1.204165	0.581818	-0.378215	-1.337118	-0.499845	-0.868533	0.105877	0.132881	-0.437812	0.204660	-2.101756
0.200218	-0.764713	-0.731562	-0.664552	0.492116	-0.401031	0.979815	-0.691690	-0.389218	-1.312575	0.373450	-1.221589	0.196525	-0.125056	0.105376	-0.218943	0.130376	-0.372028	-0.093703	-0.742354	-0.092196	-0.055320	0.190097	-0.445792	0.090093	0.478366	1.783149	-0.612088	0.343840	0.642456	-0.169835	0.404089	0.015121	0.999609	1.561260	0.695183	1.054707	-0.083846	1.049529	0.978987	0.263478	-0.484479	1.117086	0.970470	-0.058974	0.998947	0.175001	-0.316720	0.714405	-0.426203	-0.318965	-0.695896	-1.067637	-0.909845	0.047020	-1.896706	-1.194292	-1.507089	0.693830	-0.089184	0.667609	0.042346	0.242667	0.697694	0.291755	-1.013583	1.570866	0.675708	-0.427127	0.519517	-0.244579	0.906251	1.469213	1.112267	1.019737	1.028530	-0.459797	0.918778	-0.047697	0.539918	-0.875489	-0.087685	-1.230210	-0.665871	-1.346923	0.843463	-0.070162	1.162968	-1.733642	-0.806883	-0.524141	0.464959	0.968930	-0.150673	0.556095	-0.017562	0.404114	-1.697823	-0.811055	2.200771	0.028061	-0.567307	-1.469543	-1.496284	-1.641702	0.918968	-0.095588	-0.577841	-0.006976	-1.114596
0.875297	-0.967354	-0.150431	-0.391678	1.164821	-0.620501	1.298254	-0.963169	0.269408	-1.290814	0.830894	-1.184309	1.387928	0.776791	0.547939	0.032438	-0.241741	-0.733302	-0.027378	-0.380463	0.682967	-0.548508	0.264309	-0.682630	0.935702	0.826295	1.045660	0.268115	0.390138	0.126048	0.434893	1.141762	1.065377	1.631924	2.085260	1.315199	1.807293	-0.011023	1.346904	0.359379	0.769451	-0.533419	1.604615	1.265072	1.047957	2.021218	1.037809	0.330034	0.841950	0.149980	1.312659	0.214495	0.010970	-1.279791	0.518654	-1.871465	0.457082	-0.981756	1.244922	0.152174	1.417193	0.619200	1.916594	1.819057	0.059676	-0.631724	2.104616	-0.062258	-0.754355	0.561888	0.472832	1.635549	0.872789	1.193762	1.351022	0.618665	0.507082	1.851423	1.161822	1.401414	-0.469447	0.006691	-1.135572	0.209289	-0.206272	1.066818	-0.647021	1.372070	-0.900267	-0.846054	-0.060275	0.833202	1.742825	0.856158	1.681562	0.887383	0.985691	-0.321842	0.846900	2.420971	-0.872291	-0.451811	-0.466321	-0.842605	-0.971319	1.735797	0.185422	-0.718583	-0.178285	0.409252
1.218347	-1.070925	0.543052	0.210859	1.254771	-0.569253	1.075224	-0.898452	0.660415	-0.882925	0.479434	-0.867461	1.340504	1.159835	0.790425	0.172166	-0.149622	-0.408918	-0.169285	-0.227747	1.179357	-0.936220	0.643903	-0.662522	1.230297	0.311576	0.200498	1.043566	-0.015386	-0.643222	0.693400	0.281411	0.946051	0.792034	1.347873	0.853212	1.907228	0.038273	1.035899	-0.449087	0.962552	-0.398419	1.042640	0.531298	1.082659	1.379763	0.691970	0.300560	0.134340	0.604207	1.987792	1.184238	0.820327	-1.490057	0.445707	-1.047916	1.782847	0.101734	1.300760	0.482510	1.388580	0.601936	2.173884	1.670905	-0.044659	-0.426122	1.081131	-0.332088	-0.722363	0.090260	0.765781	1.661139	-0.036235	0.981483	0.716272	0.059740	1.010456	1.943212	1.266741	1.303461	0.415464	0.398394	-0.652657	0.517381	0.297104	0.339321	-0.932496	0.806241	-0.420441	-0.943646	-0.381845	0.113312	1.441340	1.524177	1.493997	0.716110	1.791250	1.599197	2.722209	1.694839	-1.075637	-0.026049	0.863759	0.809643	0.739076	1.848573	0.237208	-0.565229	0.051006	1.433305
0.609228	-1.068458	0.714087	0.605673	0.333431	-0.345219	0.265808	-0.717533	0.372139	-0.660134	-0.446699	-0.949347	0.074988	0.565944	0.816999	0.353294	0.131656	0.203245	-0.193503	-0.166813	0.632457	-0.719206	1.061204	-0.238562	0.478139	-0.645457	-0.043197	0.957373	-0.473369	-1.027908	0.362416	-1.243107	-0.251284	-0.714651	-0.191868	-0.452841	0.833641	-0.263336	0.476792	-0.907887	0.761938	-0.252814	-0.206312	-0.618776	-0.160727	-0.451148	-0.556008	-0.154417	-0.571635	0.653622	0.905994	1.214554	0.176913	-1.549963	0.104051	-0.198113	1.314811	0.757644	0.594335	0.258090	0.329556	-0.091472	0.819362	0.597933	0.337563	-0.481830	-0.458519	0.395273	-0.027768	-0.446417	0.479051	0.712001	-0.565848	0.446164	-0.434612	0.007169	0.663980	0.784386	0.236363	0.250862	0.925501	0.511089	-0.154048	-0.082852	-0.051770	-0.709819	-0.626399	0.026490	-0.410861	-0.796667	-0.825323	-0.885453	0.495796	1.505131	0.103282	-0.290175	1.869950	2.160046	2.663263	0.362630	-0.348568	0.415548	1.117206	1.558293	1.674832	0.939660	-0.280753	-0.104354	0.468751	1.080479
-0.736297	-1.138416	0.273475	0.347595	-1.013977	-0.370064	-0.861332	-0.862436	-0.248953	-0.797592	-1.126621	-1.368881	-1.279464	-0.643669	0.380621	0.491627	-0.176068	0.413233	-0.316877	-0.290182	-0.715664	-0.228748	0.759287	0.101511	-0.755433	-1.265946	-0.020346	-0.011827	-0.820883	-1.039672	-0.021539	-1.697651	-1.369635	-1.567416	-1.286617	-1.423059	-0.619933	-0.780933	-0.232159	-1.039421	0.067917	-0.518918	-1.226857	-1.336628	-1.629164	-2.018580	-1.491063	-0.588415	-0.584900	0.295357	-0.788151	0.168657	-1.500176	-1.522660	0.016679	-0.082871	-0.360340	0.610354	-0.472024	-0.661461	-0.924116	-0.915400	-0.864997	-0.356042	0.800080	-0.665560	-1.196103	1.391614	1.036858	-0.625822	-0.234918	-0.603587	-0.671116	-0.523876	-1.114220	0.307358	-0.095102	-0.998035	-1.094417	-0.916533	0.885965	0.091950	-0.103339	-1.133457	-0.497891	-1.225018	-0.132791	-0.453276	-0.389022	-0.279076	-0.778213	-1.338422	-0.426671	0.755190	-1.487325	-1.156795	0.654877	0.687871	0.414096	-0.692070	0.540252	0.494495	-0.145216	0.597615	0.632237	-0.425827	-0.993813	0.389990	0.574330	-0.373712
-1.743969	-1.348578	-0.359549	-0.456035	-1.582423	-0.716214	-1.606660	-1.403390	-0.595903	-1.062092	-0.967870	-1.556755	-1.732902	-1.684985	-0.394314	0.354397	-1.108793	0.058495	-0.804357	-0.777438	-1.626278	-0.012507	-0.393772	-0.056734	-1.293042	-1.164278	-0.228600	-0.985741	-1.150265	-0.971927	0.020028	-0.679830	-1.562865	-1.314949	-1.156658	-1.247389	-1.095373	-0.965683	-0.806094	-1.216562	-0.756305	-1.114530	-1.407817	-1.405535	-2.008167	-2.252179	-1.482349	-0.914275	-0.172068	-0.201823	-1.505924	-1.193067	-2.538233	-1.311253	0.185032	-0.616276	-1.549225	0.025939	-1.127867	-1.698831	-1.417324	-1.360558	-1.771139	-0.812105	0.748979	-0.708873	-0.669011	1.742893	1.717512	-0.341662	-1.054578	-1.438653	-0.555005	-1.366597	-0.734510	0.291585	-0.651547	-2.038268	-1.708804	-1.435758	0.610786	-0.710186	-0.580991	-1.865459	-0.352691	-1.010042	-0.098632	-0.700958	-0.168881	0.250576	-0.361539	-1.147429	-0.990157	-0.438502	-2.119334	-1.144394	-0.984469	-1.406768	-1.998040	-0.662909	0.734165	-0.002703	-1.793350	-0.839851	-1.453040	-1.219536	-1.258580	0.508717	0.156688	-1.586599
-1.507517	-1.410660	-0.728152	-1.172370	-0.802945	-0.846586	-1.332624	-1.773538	-0.461916	-1.032433	-0.166918	-1.127493	-1.157172	-1.866233	-0.928352	-0.220212	-1.725560	-0.446159	-1.286147	-1.378634	-1.315135	-0.121291	-1.472221	-0.520933	-0.615989	-0.558873	-0.362044	-1.094563	-1.288234	-0.813982	0.310250	0.549088	-0.934757	-0.516540	-0.161759	-0.289723	-0.210974	-0.469007	-0.760766	-1.353476	-1.100296	-1.370268	-0.932352	-1.193166	-0.966702	-1.223009	-0.987797	-1.110654	-0.147884	-0.645937	-0.935583	-1.807715	-1.861135	-0.731314	0.210763	-1.020273	-1.434917	-0.441717	-1.117475	-2.190547	-1.080958	-1.393652	-1.901679	-1.184225	0.136957	-0.487364	0.451581	1.239430	1.382711	0.240412	-1.504319	-1.513437	-0.172631	-1.274697	0.247671	-0.323121	-0.745719	-1.568091	-1.185487	-1.195040	0.270946	-1.505416	-1.083580	-1.837138	0.173363	-0.434708	-0.573237	-0.941383	-0.051571	0.288211	-0.041441	-0.737187	-1.159095	-1.483120	-1.307573	-0.373196	-1.562450	-2.081114	-2.431790	0.330053	0.130989	-0.894752	-2.308653	-1.159275	-2.446191	-0.889847	-0.760207	-0.011124	-0.509312	-1.508542
-0.240067	-0.927969	-0.619260	-1.157424	0.615934	-0.255625	-0.207910	-1.310823	-0.052323	-0.375111	0.571499	-0.172664	-0.029174	-0.963958	-0.823015	-1.048141	-1.252543	-0.699876	-1.071213	-1.400353	-0.409358	-0.179571	-1.480406	-0.743563	0.630703	0.117628	0.144133	-0.372142	-0.833428	-0.214197	0.435031	0.691065	-0.023999	0.149941	0.715593	0.464058	1.080794	0.443166	-0.045878	-0.818869	-0.798513	-0.815630	-0.449611	-0.958460	0.586423	0.137193	-0.607795	-0.869415	-0.783476	-1.054234	0.093529	-1.118597	-0.094464	0.180464	-0.019620	-0.768146	-0.606280	-0.525230	-1.002930	-2.015267	-0.606960	-1.258559	-1.636490	-1.580780	-0.499126	-0.130587	1.131176	0.261751	0.077464	0.788704	-1.116181	-1.096534	0.572799	-0.250280	0.766748	-1.050351	-0.431598	-0.250700	-0.013511	-0.525608	-0.112909	-1.752635	-0.942886	-1.084546	0.353987	0.156002	-0.867545	-1.013703	-0.180424	-0.190587	-0.004535	-0.421212	-0.848302	-1.680177	0.344781	0.383329	-0.710430	-0.770128	-0.840836	1.240445	-0.677718	-1.563798	-1.370974	-0.374228	-1.370946	0.193638	0.219035	-0.934896	-0.969138	-0.498746
0.930862	0.068516	-0.104051	-0.373501	1.400695	0.793114	0.791712	-0.059859	0.354603	0.748374	0.694607	0.883628	1.066121	0.580600	-0.386393	-1.591955	-0.126233	-0.734236	-0.134188	-0.492873	-0.100452	-0.018745	-0.556407	-0.464539	1.389495	0.562212	0.896069	0.301883	0.136356	0.891720	0.329164	-0.216132	0.811210	0.492836	0.813539	0.460995	1.616394	1.122845	0.698226	0.586371	-0.297587	0.226407	-0.339167	-0.565779	1.426777	0.863909	-0.253320	0.042406	-1.434698	-1.406457	0.871787	0.432775	1.258315	1.037944	-0.299821	-0.153424	-0.017934	-0.342943	-1.345380	-1.478108	-0.513500	-1.035882	-0.865052	-1.312611	-0.679531	0.149470	0.925388	-0.699008	-1.423027	0.971163	0.089510	-0.475003	1.361010	0.744032	0.294232	-1.282980	0.060064	0.580284	0.859181	0.216884	-0.395693	-1.068700	-0.012165	0.065024	-0.069272	0.578309	-0.391199	-0.603167	-0.210731	-0.652251	-0.073726	-0.101795	0.046339	-0.708674	1.574923	0.440333	0.388801	1.194504	0.921597	1.150106	-1.099586	-1.406758	-0.042031	0.165079	0.582352	1.148750	0.968957	-1.556779	-1.027380	0.191888
1.120929	0.999071	0.457292	0.487906	1.017193	1.481630	0.896075	1.161098	0.545889	1.589856	0.214141	1.536861	1.705425	1.868003	-0.304231	-1.417857	0.459510	-0.857660	0.681890	0.748117	-0.659481	0.059464	0.238598	0.041061	1.235853	0.635359	0.762537	0.106815	0.852359	1.801813	0.210634	-1.148173	1.430029	0.622527	0.242987	-0.072420	1.181783	1.124768	0.887667	1.983562	-0.044271	1.012251	-0.352311	0.114057	1.165106	0.679805	0.476698	1.263726	-1.338055	-1.518902	1.347473	1.727453	1.408813	1.409423	-0.602437	0.160049	-0.008648	-0.236165	-1.817344	-0.853320	-0.616498	-0.584216	0.606463	0.119527	-0.484312	0.258426	0.208553	-1.228455	-2.161317	0.744195	1.364792	0.204406	1.586620	0.805553	-0.623276	-1.072365	0.317841	0.354138	0.924216	0.796917	-0.465782	0.227969	1.108445	1.102025	-0.580409	0.617307	0.549389	0.172240	0.174615	-0.625993	-0.003995	0.455473	1.248586	0.938629	1.570383	-0.177670	0.421087	2.123059	1.250070	0.166703	-1.093162	-0.522247	0.516978	-0.342454	1.513270	1.299953	0.922447	-1.366616	-0.886862	-0.069725
0.536965	1.287778	0.601154	0.671536	0.142370	1.348459	0.429254	1.580035	0.436694	1.512502	-0.300071	1.517620	1.771759	2.187582	-0.769221	-0.665794	-0.004142	-1.214452	0.655573	1.301014	-1.249832	-0.240656	0.278243	0.329451	0.663102	0.388343	-0.504127	-0.846601	0.653844	1.608999	0.217219	-1.341224	1.716623	0.604308	-0.348043	-0.579078	0.497455	0.557812	0.771695	2.227221	0.044170	1.165544	0.003955	0.838018	0.500023	0.126571	1.473947	2.045793	-0.526902	-1.305469	1.637233	1.924182	0.818110	1.235347	-1.039621	-0.022623	-0.274989	-0.439940	-1.559549	-0.287616	-0.450476	0.097551	2.171629	1.948502	-0.305140	0.265307	-0.365087	-1.073779	-1.750280	0.424223	1.829942	0.694763	1.007460	0.049336	-1.089471	-0.930182	0.013733	-0.338794	0.553872	1.078546	-0.498032	1.139549	1.599937	1.480557	-0.545154	0.176932	1.073248	0.762775	0.743771	-0.222590	0.277619	1.116583	2.037338	2.152964	0.741260	-0.762457	-0.534259	1.582667	0.303762	-0.860937	-1.048356	0.275491	0.211543	-1.215271	0.915526	0.599728	0.236205	-0.656293	-0.829441	-0.676909
0.121268	0.976039	0.246778	0.229597	-0.226113	0.690862	0.353399	1.236288	0.253380	0.806468	-0.154414	1.068716	1.454152	1.578098	-1.125972	0.114952	-0.720157	-1.529449	0.065396	0.830448	-1.093644	-0.685665	-0.000205	0.265362	0.447027	0.160042	-1.641341	-1.549796	-0.224478	0.363745	0.338766	-0.854699	1.592736	0.478714	-0.360379	-0.640975	0.266402	-0.072435	0.966104	1.251778	0.271198	0.884222	0.786457	1.210995	0.380663	-0.013789	2.087718	1.980252	0.294597	-0.920237	1.594800	1.133234	0.356447	0.840735	-1.341777	-0.241176	-0.352958	-0.754784	-0.396903	0.080904	0.053996	0.688795	2.675967	2.658645	-0.248157	0.327937	-0.502972	-0.399415	-0.668483	0.265086	1.406529	0.718659	0.036425	-0.588053	-0.851947	-0.960763	-0.575181	-0.633848	0.477701	1.058578	-0.657146	0.985357	1.214703	1.048832	0.042787	-0.379537	0.812120	0.804287	1.008301	0.112118	0.624676	1.299846	1.827071	2.095898	0.225571	-0.616282	-1.185066	0.449782	-0.613798	-1.263099	-1.103198	0.393962	-0.178893	-1.267884	-0.043835	-0.415073	-0.322669	-0.128835	-0.763396	-0.701269
0.463800	0.672194	-0.068158	0.024077	0.066980	0.074473	0.965938	0.837859	0.442901	0.423716	0.782732	0.773176	0.994908	0.720552	-0.571245	0.619095	-0.553620	-1.262357	-0.177375	0.053644	-0.301990	-0.708791	0.051217	0.111592	0.771198	0.385088	-1.334063	-1.086980	-0.890513	-0.734233	0.499923	-0.143116	1.132262	0.415945	0.270028	-0.094628	0.408680	-0.323642	1.340581	0.185024	0.522421	0.529946	1.470985	1.154095	0.993539	0.481415	1.876094	1.332410	0.679346	-0.419873	1.041503	0.143847	0.349201	0.550326	-0.944534	0.022635	0.020639	-0.605300	0.809915	0.281668	0.548067	0.918408	1.710277	1.661085	-0.050433	0.561696	-0.423385	0.153020	0.250000	0.036208	0.903309	0.429730	-0.674717	-0.430967	-0.299056	-0.638347	-0.611706	-0.296560	0.933693	0.873353	-0.666730	0.291297	0.522819	0.365122	0.587376	-0.433384	0.333689	0.500837	0.895354	0.214838	0.820133	0.633061	0.798725	0.957211	0.576220	0.224204	-0.605735	-0.285064	-0.701266	-1.002098	-0.729979	0.228516	-0.089483	-0.198020	-0.175722	-1.069256	-0.249565	0.105441	-0.240624	-0.036971
1.217173	0.899136	0.237074	0.654814	0.336806	-0.226636	1.495439	0.951118	1.086393	0.789268	1.795431	0.915246	0.456567	0.253834	0.817374	1.048729	0.655303	-0.112122	0.398138	-0.057894	0.561316	-0.082444	0.369260	0.248524	1.020249	1.073734	0.201127	0.401515	-0.709787	-0.653227	0.469908	0.457410	0.530075	0.600353	1.025522	0.895154	0.238204	-0.169360	1.091584	0.037776	0.394416	0.341940	1.554429	0.964107	1.634198	1.063703	1.116806	0.644354	0.856144	0.414772	0.156316	-0.415248	0.548927	0.423396	0.192009	0.787049	0.770834	0.351790	1.248966	0.676184	0.799051	0.966169	0.210779	0.024150	0.407348	0.912777	-0.480362	0.007296	0.655131	-0.665382	1.011480	0.406853	-0.813778	0.191103	0.238338	0.365180	0.345052	0.251016	1.488937	0.648910	-0.130542	0.226330	0.309418	0.252257	0.603645	0.186015	0.345253	0.272425	0.817661	0.340685	0.824022	-0.358338	-0.207283	-0.278955	1.158152	1.030581	0.682687	-0.456433	-0.355587	-0.535819	0.628259	0.620875	0.243324	1.221933	0.374956	-1.168254	0.097847	0.673638	0.913549	0.627289
1.569417	1.549708	0.959018	1.571958	0.084057	-0.256033	1.152881	1.439355	1.548537	1.258953	1.947151	1.141039	-0.170403	0.212041	1.960380	1.600541	1.967970	1.475213	1.320678	0.671217	1.209162	0.785908	0.467601	0.789611	0.512504	1.602881	1.550538	1.835133	0.091427	0.233746	-0.091658	0.776595	-0.037812	0.943518	1.243756	1.725186	-0.668379	0.030706	0.064795	0.599662	-0.031592	0.481353	1.132202	0.892394	1.546562	1.039156	0.470740	0.176445	1.108000	1.509713	-0.595428	-0.544841	0.697300	0.369899	1.229350	1.622457	1.481405	1.632676	1.129949	1.523080	0.908808	1.190386	-0.541382	-0.746215	0.789117	1.158571	-0.735837	-0.661749	0.882229	-1.647023	1.422832	0.857848	-0.557450	0.397680	0.677786	1.469252	1.550228	0.441091	1.602153	0.363769	0.682020	1.077792	0.717617	0.842428	0.258386	0.913891	0.790294	0.185534	1.046214	0.713443	0.805312	-0.633728	-0.531921	-0.848888	0.995645	1.180301	1.316515	-0.558473	-0.423245	-0.499853	2.450617	1.616850	0.280081	2.004611	0.623356	-1.216271	0.024829	1.852293	2.088959	0.752389
1.119356	1.976046	1.219258	1.645636	-0.437976	-0.179530	0.153862	1.665353	1.109568	1.018833	1.069886	0.978188	-0.739956	0.137569	1.825265	1.916008	2.346545	2.379439	1.659882	1.411829	1.536376	1.222292	0.214209	1.334257	-0.626483	1.305854	1.652681	2.244698	0.622613	0.680357	-1.098169	0.770958	-0.480251	1.055512	0.696564	1.686875	-1.835234	-0.059876	-0.785376	0.851380	-0.138072	0.917556	0.684326	0.824579	0.767837	0.358464	0.283916	-0.158619	1.157611	2.025325	-0.898538	-0.603187	0.773126	0.363588	1.243863	2.021245	1.587718	2.177981	1.140072	2.336816	0.935749	1.492962	-0.308259	-0.387738	0.674051	1.097245	-0.954463	-1.026264	1.239804	-2.052761	1.233181	1.128151	-0.290759	-0.070205	0.798701	1.713849	1.698268	0.015648	1.166308	-0.042077	0.883516	1.761134	1.100869	1.289775	0.101660	1.008745	1.019485	-0.043454	1.275962	1.170454	0.835386	0.084949	-0.373329	-0.848196	0.013879	0.763518	0.634575	-0.943872	-1.116598	-1.160295	3.216232	2.213006	-0.018556	1.747806	0.122317	-1.790042	-0.527004	2.798751	2.307796	0.516745
0.185747	1.595606	0.565985	0.619182	-0.742708	-0.206623	-0.652462	1.162393	-0.055787	0.222364	-0.036705	0.559193	-1.030627	-0.320568	0.526944	1.377311	1.531074	1.708486	0.906778	1.165151	1.202277	0.842909	-0.152511	1.167898	-1.501282	0.303057	0.604023	1.563849	0.216787	0.223133	-1.655918	0.673956	-0.763768	0.609418	-0.197530	0.740375	-2.201889	-0.314776	-0.692909	0.285077	0.221902	1.162323	0.385063	0.490882	0.050382	-0.301449	0.340394	-0.430414	0.589707	1.128652	-0.852323	-0.818158	0.754254	0.457699	0.251361	1.660069	0.803696	1.406972	1.261995	2.137641	0.638528	1.312357	0.015862	0.037186	0.106540	0.772108	-0.949694	-0.528709	1.346616	-1.328124	0.145643	0.472055	-0.252745	-0.417715	0.291329	0.937518	0.445545	-0.725441	0.507674	-0.474207	0.121184	1.161961	0.814109	0.733834	0.356676	0.306882	0.677996	-0.539006	0.996905	1.327225	0.681899	0.779919	-0.473915	-0.820112	-0.865778	0.293935	-0.561932	-1.357613	-1.774166	-1.829385	2.049946	1.528679	-0.131485	0.791307	-0.619387	-2.628983	-0.890729	2.398392	1.268102	0.425654
-0.633681	0.455940	-0.342282	-0.446599	-0.763888	-0.491546	-0.872703	0.094835	-0.940132	-0.195121	-0.465158	0.451314	-1.037662	-1.029282	-0.757792	-0.010139	0.063011	-0.195291	-0.528996	-0.149669	-0.020136	-0.167372	-0.523179	-0.008424	-1.393636	-0.505471	-0.735099	0.429065	-0.674266	-0.219832	-0.815702	0.902145	-0.909448	-0.273881	-0.749641	-0.241493	-1.191965	-0.234839	-0.174569	-0.528466	0.239122	0.548436	-0.068603	-0.087774	-0.016686	-0.272744	0.212202	-0.520312	-0.325667	-0.724016	-0.796397	-1.175098	0.480631	0.666961	-0.821142	0.594330	-0.488441	-0.075743	0.797324	0.622024	-0.126960	0.389515	-0.382165	-0.362084	-0.390959	0.463552	-0.793279	0.474198	0.539384	-0.016228	-1.091590	-0.817215	-0.390428	0.196771	-0.618941	0.021591	-1.083933	-1.056590	-0.008452	-0.750619	-0.708484	-0.371428	0.028237	-0.540492	0.683935	-0.627356	0.119082	-1.038646	0.177030	0.972488	0.117029	0.290707	-1.124139	-0.968508	-0.865674	0.017678	-0.912052	-1.273478	-1.614138	-1.283235	-0.040457	-0.053773	0.308076	-0.160026	-0.948514	-2.684498	-0.537933	0.735109	-0.208027	0.620562
-1.022649	-0.755810	-0.476442	-0.413787	-0.781386	-0.979741	-0.848871	-0.909854	-0.877351	0.239563	-0.117016	0.720432	-0.990105	-1.563475	-0.971340	-1.308562	-1.216001	-1.822440	-1.614550	-1.469661	-1.492660	-1.131193	-0.942412	-1.504032	-0.526405	-0.421156	-1.471085	-0.480472	-0.731497	0.416469	1.076821	1.517703	-0.994878	-1.045359	-0.626730	-0.344809	0.504842	0.352340	-0.227435	-0.767514	-0.762485	-0.926095	-0.826645	-0.511455	0.332471	0.354479	-0.269312	-0.403347	-0.730781	-1.904574	-0.913052	-1.552391	-0.024147	0.901008	-1.153586	-0.599339	-1.357517	-1.032059	-0.381302	-1.168784	-0.904199	-0.696911	-1.220704	-1.169491	-0.336073	0.385545	-0.681848	1.138897	-1.054004	0.733741	-1.556858	-1.553049	-0.485664	1.454013	-1.090972	-0.167817	-1.573527	-0.508569	-0.313039	-0.825729	-0.470977	-1.375720	-0.447907	-1.247051	0.669661	-1.020593	-0.025559	-1.215148	-0.641549	0.277402	-0.619471	-1.143844	-1.708042	-1.033389	-0.284460	-0.185802	-0.101658	-0.642336	-0.652557	0.640643	-1.173124	-1.191475	1.005785	-0.613047	-0.864149	-1.370436	0.288273	-0.801315	-0.922718	0.779529
-1.050659	-1.297588	0.279021	0.556174	-0.960858	-1.430755	-0.971076	-1.352037	-0.289153	0.924760	0.329987	0.604884	-1.008325	-1.594192	-0.157601	-1.461859	-1.638884	-1.819948	-1.563799	-1.592720	-1.949376	-1.282842	-1.231837	-2.110780	0.215408	0.262299	-1.208080	-0.778900	0.644141	1.887148	2.307066	1.951475	-1.036088	-1.143822	-0.109278	0.348785	1.392616	0.847095	-0.894966	-0.455779	-2.104429	-2.292276	-1.372167	-0.408354	0.361011	0.836035	-0.849297	-0.352469	-0.154648	-1.303856	-1.004485	-1.701081	-0.262641	1.002410	-0.775518	-1.098315	-1.077139	-0.827796	-1.238688	-1.727017	-0.895092	-1.008799	-1.440036	-1.216894	0.252383	0.402541	-0.705276	1.030745	-2.220217	0.387536	-1.150275	-1.009664	-0.395737	2.151698	-0.578458	0.240031	-0.995148	0.485720	-0.587364	-0.778066	0.616189	-1.028898	-0.132207	-0.497804	0.333755	-0.547060	0.487679	-0.980871	-0.927787	-0.280284	-0.914571	-1.959179	-1.434761	-0.804970	-0.073309	-0.294626	0.714019	-0.145005	0.227005	2.257858	-0.731945	-0.953757	1.387015	-0.620578	-0.882795	0.471798	0.866270	-0.993187	-0.443733	0.626436
-0.901490	-1.025617	0.968341	1.226489	-1.164126	-1.600673	-1.141021	-1.247983	-0.020559	0.962368	0.262832	-0.506422	-0.911868	-1.066281	0.737680	-0.400333	-1.046171	-0.292195	-0.526264	-0.442768	-0.843616	-0.405722	-1.041482	-1.337593	0.249396	0.649179	-0.280602	-0.424908	2.262975	2.782640	1.559427	1.550524	-0.884820	-0.467443	0.262453	0.886925	0.642762	0.499431	-1.292410	-0.366092	-2.343775	-2.493227	-1.030308	0.096455	-0.261829	0.614165	-1.096396	-0.608981	0.893854	0.428695	-0.704373	-1.268365	0.272962	0.828312	-0.271133	-0.577975	0.104523	0.041529	-0.739335	-0.678476	0.108381	-0.284260	-0.477380	-0.082220	0.888728	0.168035	-0.750126	0.418393	-1.772279	-0.478737	-0.507409	0.227903	-0.157464	1.627798	0.444063	0.439125	-0.429490	0.915427	-0.926132	-0.631279	1.121857	-0.033455	0.569661	1.140013	0.024659	0.418416	1.231408	-0.450507	-0.671355	-0.263264	-0.447387	-1.044686	-0.369031	-0.431357	-0.625089	-0.029099	0.301285	-0.463451	0.214337	1.735468	0.133649	0.269905	1.254384	-0.555883	-1.296986	1.325021	0.722129	-0.049967	0.566562	0.268483
-0.671268	-0.480632	0.748681	0.769897	-1.091138	-1.340995	-1.001972	-0.949008	-0.241206	0.219970	-0.200736	-1.982569	-0.512279	-0.235543	0.878372	0.813739	0.022921	1.306421	0.547937	0.810790	0.819655	0.796728	-0.363284	0.026478	-0.157309	0.281465	0.526861	0.198281	2.334576	2.046765	-0.477850	0.331327	-0.425235	0.447768	0.232809	0.574101	-0.906545	-0.541447	-0.844715	-0.851070	-1.076590	-1.488634	0.019158	0.384673	-1.065888	-0.133782	-0.867320	-0.965213	1.362031	1.566962	0.019010	-0.244881	1.200079	0.306959	-0.042451	0.338913	1.056678	0.619173	0.633362	0.719480	1.220134	0.636285	0.896041	1.236524	1.073775	-0.397147	-0.578093	-0.151475	0.034940	-0.878075	-0.178284	0.914988	0.099015	0.398799	1.008326	0.029580	-0.571918	0.301480	-1.154664	-0.410289	0.317379	0.395647	0.842486	2.112128	-0.053671	1.104667	1.401434	0.110850	-0.279154	0.238840	0.353610	0.827293	0.584949	-0.177507	-1.300516	0.521464	-1.062741	-1.304600	-0.511163	-0.479767	0.213953	1.204905	0.748150	-0.584729	-1.737545	0.708462	0.025271	0.780118	1.078853	-0.090171
-0.414242	-0.315051	-0.133318	-0.361562	-0.536278	-0.625667	-0.446785	-0.703163	-0.388113	-0.639383	-0.421356	-2.376325	0.030936	0.391646	0.236831	1.013741	0.602916	1.593873	0.757532	0.964276	1.388481	1.213704	0.307385	0.763526	-0.323400	-0.472071	0.674315	0.442732	0.621119	0.060922	-1.782571	-1.015393	0.129439	0.787368	-0.022715	-0.313751	-1.509284	-1.225468	0.082746	-1.246051	0.489382	-0.226106	0.683525	-0.073881	-1.345487	-0.833176	-0.506043	-0.950890	0.593915	1.045254	0.665752	0.696627	1.286921	-0.508611	-0.050931	0.633863	0.803353	0.453753	1.169508	0.860376	1.200904	0.592944	1.226939	1.297409	0.718898	-0.902439	-0.053204	-0.338099	1.507800	-0.405262	-0.196560	0.434386	0.258791	-0.644279	0.746123	-0.564616	-0.950172	-0.750453	-1.043542	-0.311817	-0.768464	-0.043865	0.339914	1.367893	-0.024643	0.944790	0.519506	0.296061	-0.120704	0.530276	0.670162	1.716260	0.725071	-0.103189	-1.225817	0.621099	-1.830932	-1.521468	-1.006564	-1.871514	-0.283745	0.923588	-0.114118	-0.490295	-1.540046	-0.321406	-0.611302	0.604215	0.652217	-0.512673
-0.217876	-0.638414	-0.779393	-1.125431	0.347768	0.329640	0.232023	-0.503512	-0.069015	-0.986393	-0.052218	-1.116400	0.355191	0.429865	-0.575802	0.083257	0.176373	0.534958	0.055608	0.001007	0.340886	0.465676	0.491489	0.483717	0.014076	-0.979098	0.281166	0.018648	-1.305996	-1.802221	-1.256407	-1.779057	0.387037	0.236553	-0.211981	-0.986576	-0.437437	-0.834825	0.756940	-0.792445	0.999719	0.418429	0.209943	-1.087347	-0.938353	-1.130637	-0.435461	-0.436492	-1.018073	-0.596906	0.713157	0.805039	-0.078470	-1.338928	-0.092768	-0.010180	-0.481621	-0.142286	-0.010706	-0.475261	-0.159931	-0.598117	0.019409	-0.147419	0.150757	-0.911406	0.639390	-0.164918	1.279024	0.492872	-0.319577	-0.696946	0.264266	-1.128459	0.138002	-0.744622	-0.775852	-1.271574	-0.617809	-0.510300	-0.753232	-0.667469	-0.517554	-0.596178	-0.067554	0.050862	-0.996529	-0.104947	-0.231475	0.061629	0.171201	0.710562	0.245830	-0.083244	-0.328076	-0.215461	-1.070496	-0.484372	-0.681811	-0.852114	-0.395014	-0.321642	-1.277866	-0.079385	-0.553212	-0.538739	-0.708800	-0.327934	-0.282419	-1.086915
-0.132312	-0.938712	-0.759350	-1.075673	0.995213	1.014212	0.602131	-0.280581	0.395253	-0.781653	0.490492	0.612892	0.337316	0.060528	-0.932927	-0.940743	-0.660783	-0.659238	-0.723549	-0.959884	-1.077128	-0.584347	0.259739	-0.145431	0.444543	-0.974841	-0.157314	-0.585330	-1.939662	-2.433322	0.133241	-1.702626	0.274528	-0.578919	-0.245927	-1.019879	1.085574	0.103849	0.830831	0.163082	0.492817	0.403531	-0.776989	-1.772593	-0.309101	-1.009589	-0.582738	0.163132	-2.179549	-1.806612	0.268020	0.226680	-1.719242	-1.672956	-0.062322	-0.812397	-1.570513	-0.560083	-1.660197	-1.829922	-1.590557	-1.760772	-1.478479	-1.690387	-0.237927	-0.471285	1.052678	0.074380	-0.056619	1.045756	-0.356490	-1.441204	0.140463	-1.132526	-0.213165	-0.469084	-0.100585	-0.992993	-0.156739	-0.781148	0.179117	-0.831474	-1.006858	-2.103684	-0.133996	-0.807451	-2.017600	-0.679593	-0.346670	-0.726645	-0.547609	-0.933687	-0.195769	-0.030207	0.591331	-1.260043	0.341985	0.941713	0.062536	1.191210	0.050961	-1.362143	-2.074493	0.397629	0.531652	0.022259	-0.351567	-1.057695	-0.920266	-1.442273
-0.103761	-0.647491	-0.395328	-0.569591	0.843487	0.948803	0.436479	-0.054069	0.429352	-0.361298	0.497300	1.089454	0.178094	-0.140255	-0.616964	-0.932302	-0.785679	-0.795388	-0.685218	-0.840088	-1.188552	-0.724819	0.068429	-0.285198	0.417820	-0.594319	-0.309579	-0.600712	-1.189060	-1.681737	0.644852	-0.933849	0.116998	-0.695197	-0.224923	-0.584012	1.216066	0.468494	0.435868	0.506717	0.045877	0.231683	-0.960050	-1.346911	0.024509	-0.553029	-0.470928	0.350420	-1.726420	-1.421108	-0.075256	-0.141779	-1.731284	-1.094245	0.039934	-0.739311	-1.336458	-0.447543	-1.732155	-1.590323	-1.558825	-1.504918	-1.514894	-1.667020	-0.289136	-0.014432	0.847674	0.070704	-0.662345	0.828690	-0.241272	-1.176162	-0.020466	-0.754967	-0.175749	-0.153727	0.332001	-0.415226	0.086049	-0.646575	0.604812	-0.537826	-0.735604	-1.770052	-0.033298	-0.842373	-1.642352	-0.692293	-0.174845	-0.786476	-0.575659	-1.202524	-0.252117	0.024879	0.725812	-1.189641	0.773006	1.274518	0.413177	1.570561	0.311892	-1.192071	-1.551281	0.459906	0.834172	0.388588	0.002730	-0.876634	-0.777733	-0.969113
-0.064937	0.237261	-0.061236	-0.028091	-0.051833	0.203460	-0.128493	0.139589	-0.049744	0.044412	-0.151433	0.043681	0.058634	0.058705	0.154896	0.158423	0.067311	0.158052	0.213514	0.341068	0.217922	0.218168	0.130774	0.186175	-0.112514	-0.060717	-0.208631	0.093401	0.200376	-0.119559	-0.139301	0.204713	0.132602	0.060346	-0.228802	0.000948	-0.326835	-0.041355	-0.157834	-0.107571	0.190574	0.201136	-0.013690	0.070892	-0.002526	0.119356	0.070617	0.089916	0.204020	0.348002	-0.044326	0.103209	0.165962	0.241581	0.180472	0.312155	0.142177	0.087598	0.105689	0.278150	0.026870	0.217353	0.127561	0.016528	-0.105398	0.230887	0.131002	-0.209104	0.113893	0.020964	-0.008935	-0.112453	-0.156232	-0.106426	0.053903	-0.032249	0.210931	0.042640	0.109286	-0.010700	-0.047616	-0.081568	0.110984	0.215104	0.270262	-0.039999	-0.061999	0.007111	0.297012	0.147492	0.235765	0.271655	-0.031102	0.044686	0.078244	0.219868	-0.142778	0.241528	0.159341	-0.314665	0.004295	0.097913	0.288518	0.026176	0.271768	0.119638	0.125966	0.096393	-0.012562	0.341440
