X1	X2	X3	X4	X5	X6	X7	X8	X9	X10	X11	X12	X13	X14	X15	X16	X17	X18	X19	X20	X21	X22	X23	X24	X25	X26	X27	X28	X29	X30	X31	X32	X33	X34	X35	X36	X37	X38	X39	X40	X41	X42	X43	X44	X45	X46	X47	X48	X49	X50	X51	X52	X53	X54	X55	X56	X57	X58	X59	X60	X61	X62	X63	X64	X65	X66	X67	X68	X69	X70	X71	X72	X73	X74	X75	X76	X77	X78	X79	X80	X81	X82	X83	X84	X85	X86	X87	X88	X89	X90	X91	X92	X93	X94	X95	X96	X97	X98	X99	X100	X101	X102	X103	X104	X105	X106	X107	X108	X109	X110
-0.245668	-0.259303	-0.159753	-0.206863	-0.204574	-0.246716	-0.024250	0.115572	0.035668	-0.030414	0.097889	0.045907	-0.120335	-0.088401	-0.339214	-0.475199	-0.356024	-0.283977	-0.327367	-0.324583	-0.347544	-0.393116	-0.145727	-0.179933	-0.340404	-0.115737	-0.003442	0.113631	0.020214	-0.301849	-0.070422	-0.243571	0.087068	0.127225	-0.204474	-0.182041	-0.162233	-0.064424	-0.223788	-0.050172	-0.195367	0.021845	0.069963	0.097061	-0.103721	-0.344219	-0.116356	-0.078329	-0.155079	-0.288437	-0.258557	-0.194151	-0.191285	0.180266	-0.317059	-0.143329	-0.393607	-0.339410	-0.022161	0.069316	-0.168141	-0.128465	-0.051499	0.020525	-0.371159	-0.737245	-0.462876	-0.161216	-0.188027	-0.049687	-0.157436	-0.332262	-0.079802	-0.181157	-0.165174	-0.840035	-0.033584	-0.256595	-0.168194	-0.375311	-0.207725	-0.293179	0.020322	-0.194224	-0.084394	0.020374	0.090423	-0.095923	-0.139392	-0.013720	0.071285	-0.190668	-0.020141	-0.046472	0.118636	-0.019533	-0.175219	-0.199715	0.019962	-0.003703	-0.159480	-0.500228	-0.021050	0.014962	0.055897	-0.052616	-0.044626	-0.314496	-0.292897	-0.092134
-0.356251	-0.576749	0.148412	-0.266917	-1.176387	-1.444761	-0.299282	-0.589707	-0.164265	0.172278	0.225835	-0.084228	0.104902	-0.538217	-0.540414	-0.919940	-0.809676	-0.552795	-1.429688	-0.683568	-0.470845	-0.053216	-0.820715	-0.594149	-0.432877	0.187616	-0.269671	1.068828	0.118465	1.119411	0.916887	0.679205	0.372424	-0.645313	0.506636	0.259078	0.416469	-0.799220	-0.866480	-0.437317	-1.167985	-0.918993	0.278690	0.545615	0.146269	-0.123053	-0.365338	-0.815334	0.365136	0.930577	-0.879868	-1.030159	0.961882	0.830336	-0.440916	-0.534648	-0.599019	-0.621166	-0.839963	-0.442845	0.125325	0.493732	0.307403	0.386980	-0.252263	-0.098511	-0.074774	0.374847	0.671028	0.741028	-0.075636	-0.104979	-0.304390	0.680983	1.950246	0.914565	0.326299	0.161669	0.488909	0.007314	-1.137402	-0.013528	-0.435989	-0.290680	-1.085326	-0.887453	0.037864	-0.539728	-0.374027	0.153540	-0.651986	-0.201430	0.134582	0.098761	0.999473	0.474907	-1.446313	-0.456085	-0.804571	0.279451	0.909633	0.604878	0.923338	-0.288714	0.062704	-1.558519	-0.118415	-0.096015	0.472106	0.840031
0.122444	-0.646756	0.345597	-0.027840	-0.278335	-0.909678	-0.078496	-0.290140	-0.452945	-0.126685	-0.020010	-0.028581	0.975743	0.138991	-0.074681	-0.379509	-0.396187	-0.135588	-0.926382	-0.628648	-0.293824	0.278618	-0.704237	-0.680945	-0.236927	0.723765	-0.527031	0.953343	0.022398	1.189949	1.048101	0.705650	0.891481	-0.112521	1.199547	0.744263	0.717048	-0.271307	-0.591606	-0.443169	-1.088615	-1.001440	0.287402	0.848512	0.606037	0.744970	0.354795	0.132580	0.351108	0.773108	-0.262035	-0.518299	0.824054	0.456849	0.448063	0.068636	0.162642	-0.167843	-0.576779	-0.234037	0.260116	0.497596	0.862906	0.877916	-0.103135	0.343715	-0.157103	0.630302	0.538731	1.133061	0.507798	0.768493	-0.621890	0.726685	2.192352	1.332310	0.540562	1.132990	1.262712	0.697848	-1.434903	0.429407	-0.427885	0.133252	-0.700827	-0.668260	-0.195940	-0.329319	-0.049632	0.312055	-0.523650	0.263898	0.203118	0.598005	1.250233	0.449719	-1.305096	0.316924	-0.326636	0.769037	1.281899	0.339588	1.024946	-0.074818	0.350352	-0.740830	-0.126289	-0.008586	0.628346	1.027259
0.606806	-0.400121	0.421639	0.363873	1.389368	0.814562	0.236031	0.617365	-0.437037	-0.428950	-0.182775	0.376542	1.720701	1.285997	0.460270	0.527279	0.360395	0.448201	0.508046	-0.295645	0.095871	0.252711	-0.021578	-0.504832	-0.019786	0.925755	-0.367647	-0.137528	-0.183232	0.158997	0.232178	-0.130843	1.156154	1.092734	1.263413	0.930887	0.395063	0.903363	-0.011907	-0.399929	-0.396630	-0.394149	-0.127316	0.711879	0.993594	1.461967	1.369977	1.900441	-0.080054	-0.416294	0.894776	0.786166	-0.260368	-0.574361	1.457145	1.095190	1.068510	0.487537	0.309493	0.299647	-0.043104	-0.261624	1.179834	1.045236	0.046788	0.371358	-0.387181	0.530363	-0.094117	0.918762	1.206776	1.608344	-0.708510	-0.109975	0.685421	0.321871	0.628749	1.778493	1.635342	0.989540	-0.907497	0.575961	0.259074	0.760664	0.481167	0.248376	-0.236685	0.341671	0.754880	0.176869	0.354121	0.714172	0.177359	1.146122	0.718211	0.052383	0.053881	1.362614	0.895875	0.988255	1.015753	-0.756684	0.269842	0.389093	0.649354	1.463812	-0.051518	0.095937	0.329503	0.391224
0.368848	0.158503	0.279102	0.465746	1.386781	1.663228	0.025031	0.880188	0.157274	-0.047918	0.195666	0.831380	1.056782	1.286440	0.244332	0.605621	0.473461	0.314786	1.036704	-0.014509	0.469208	-0.201169	0.473335	-0.244604	-0.098184	0.244915	0.459899	-1.060839	-0.272319	-0.584560	-0.744304	-0.826256	0.493205	1.292580	0.243269	0.523615	-0.451545	1.035335	-0.109290	-0.577752	-0.084275	0.195477	-0.714424	0.079022	0.813236	0.906122	1.220883	2.098873	-0.219904	-0.992622	0.952197	1.145981	-0.814981	-0.985767	1.077476	1.267698	0.779520	0.451014	0.637602	0.372128	-0.598623	-1.049760	0.682090	0.373080	0.268511	0.149521	-0.140500	0.077498	-0.157985	0.219576	1.134701	1.234701	-0.206603	-0.961747	-0.887740	-0.844120	0.682560	0.936339	0.954017	0.247155	0.098448	-0.008425	1.032336	0.749966	0.741851	0.524339	0.218315	0.635886	1.168177	-0.350469	0.947106	0.363604	0.145180	0.984281	-0.137928	-0.128794	1.225651	1.200063	1.143236	0.350666	0.507358	-0.928337	-0.527772	0.484862	0.533246	2.147459	0.004735	0.405188	0.010663	-0.435440
-0.071047	0.963842	-0.293326	0.037200	-0.397397	0.736553	-0.415739	0.116012	0.770357	0.629585	0.542877	0.601555	-0.824541	-0.184834	-0.253105	-0.032969	0.092536	-0.302022	0.325250	0.213140	0.756787	-0.469885	0.563311	0.166916	-0.179726	-0.751937	1.301132	-0.911106	-0.239075	-0.340114	-0.995266	-0.486059	-0.830021	0.122079	-1.173681	-0.153961	-1.028675	-0.296984	-0.419793	-0.395616	-0.033958	0.590778	-0.676420	-0.562134	0.018937	-0.472231	-0.293461	-0.007487	0.379496	-0.047354	-0.331012	-0.078197	-0.196219	-0.249995	-0.447446	0.429587	-0.376008	-0.073522	0.267276	0.114352	-0.608313	-0.785733	-0.455938	-0.867918	0.615298	0.172330	0.509753	-0.713315	0.237010	-0.530003	0.037369	-0.307746	0.575663	-0.850074	-1.348373	-0.892762	0.620100	-0.845937	-0.598218	-0.724824	0.941071	-0.871240	0.713739	-0.235107	-0.407201	-0.287024	0.619495	0.050590	0.373575	-0.774948	0.373811	-0.626177	0.155592	-0.208557	-0.668604	0.136713	1.235523	-0.118730	-0.193698	-0.819401	-0.264932	0.389837	-0.614076	0.108023	0.148786	0.329622	-0.080452	0.702646	-0.411268	-0.782490
0.257860	1.653425	-1.149760	-0.693356	-1.585901	-0.683668	-0.247050	-0.692594	0.574821	0.629168	0.032172	-0.477548	-2.144797	-1.632667	0.006874	-0.258341	0.119437	-0.376347	-0.226343	0.499364	0.863026	-0.122694	0.560298	0.784030	0.199865	-0.971123	1.064054	-0.010171	-0.317955	0.195416	-0.481293	0.567381	-1.593537	-1.037062	-1.684811	-0.456596	-0.651031	-1.621444	0.226076	0.653718	0.554156	1.057749	0.308123	-0.660309	-0.834982	-1.080057	-1.810818	-2.431068	1.213302	1.483873	-1.548779	-1.640005	0.616532	0.760895	-1.406743	-0.406802	-0.872269	-0.219716	0.061142	0.266302	0.239613	0.538619	-1.396752	-1.764712	0.742652	0.489701	0.844371	-1.515967	0.093295	-0.822903	-1.319479	-1.673791	0.832288	0.140081	-1.017373	0.023904	0.229181	-1.717159	-1.959384	-0.599612	1.098962	-1.136666	-0.958987	-1.541664	-1.635366	-1.293296	0.189209	-0.984921	-1.162740	-0.586490	-1.028101	-1.265200	0.071794	-1.748592	-0.676064	0.424295	0.328331	-0.996997	-1.768399	-1.462139	-1.427771	1.729352	-0.126450	-0.338027	0.069459	-1.866931	-0.223912	0.494590	-1.167237	-0.581976
1.039424	1.655652	-1.523358	-1.180100	-0.720503	-0.954501	0.547776	-0.571337	-0.332206	-0.084773	-0.920838	-1.396532	-1.615421	-1.578428	0.823731	0.259052	0.623703	0.290575	0.255513	0.650431	0.568694	0.301749	0.520003	1.249057	0.791839	-0.289778	-0.344366	0.539436	-0.565144	0.148967	0.020431	1.107151	-0.990295	-0.994556	-0.912570	-0.223627	0.293627	-1.463460	1.531651	1.741677	1.458704	1.392504	1.299139	-0.307514	-1.127820	-0.349227	-2.051119	-2.803849	1.307978	1.982285	-1.567716	-1.956359	0.433529	0.880892	-0.951804	-0.536785	-0.247752	0.095118	0.340453	0.812936	0.989851	1.448341	-1.571716	-1.757746	0.166884	0.531170	0.504301	-1.639263	-0.647834	-0.462478	-1.932636	-1.794195	0.304327	0.849171	-0.761025	0.701712	-0.421841	-0.911820	-2.192317	0.485751	0.553638	-0.675488	-2.429913	-2.091036	-1.551654	-1.486941	-0.769682	-1.530568	-1.818021	-0.075317	-1.903225	-0.989400	-0.257541	-2.415076	-0.552368	0.228876	-0.602878	-0.484558	-1.838019	-1.033555	-2.346048	1.501781	0.138803	-0.542976	0.413493	-2.006040	-0.185292	-0.248517	-1.723909	-0.210278
0.934268	0.814200	-0.743972	-0.986884	0.860542	-0.113112	1.011386	0.202562	-0.907817	-0.498013	-0.978574	-1.051690	0.041515	-0.277417	0.894187	0.610844	0.720133	0.719856	0.892013	0.399511	-0.054411	0.114362	0.146088	1.052422	0.813924	0.290166	-1.554194	0.168810	-0.621478	-0.294817	-0.036532	0.496509	0.325930	-0.226852	0.123055	0.041720	0.682775	-0.159818	1.774303	1.435761	1.440335	0.941043	1.034269	-0.109818	-0.770357	0.535117	-1.086013	-1.066064	0.423317	1.040514	-0.742361	-0.873524	-0.528142	0.000687	0.035623	-0.224865	0.373267	0.151968	0.425635	0.884730	0.527731	0.683527	-1.139693	-1.130488	-0.863999	0.023746	-0.059349	-0.723094	-0.843325	0.202044	-1.505206	-0.915789	-0.284284	0.459159	-0.759669	0.547635	-0.864402	0.290863	-1.355291	0.988863	-0.168923	-0.213923	-1.855520	-1.393114	-0.291179	-0.790727	-1.018865	-1.095215	-0.675728	-0.019086	-1.274526	-0.246194	-0.630805	-1.589727	-0.719841	-0.375916	-0.866057	0.538577	-0.229589	-0.116091	-1.946067	0.030388	-0.231730	-0.498221	0.578437	-0.179932	0.041529	-0.765267	-1.143708	0.115911
-0.402849	-0.273122	0.760837	-0.191763	1.122030	0.489889	0.605301	0.655128	-0.469399	-0.055550	0.204126	0.219120	1.073332	0.764032	-0.207328	0.124423	0.031829	0.227999	0.536995	-0.058508	-0.465288	-0.279762	-0.499999	0.221059	0.081931	0.035893	-1.224024	-0.546104	-0.125179	-0.366143	-0.278790	-0.534012	0.942329	-0.000085	0.276237	-0.158415	0.061304	0.755231	0.300980	-0.272732	0.160345	-0.271136	-0.372744	-0.342796	-0.257806	0.286553	0.089304	0.723833	-0.598997	-0.254927	-0.031960	0.417872	-1.024887	-0.951938	0.411962	0.065527	0.069807	-0.276648	-0.120457	0.135582	-0.758091	-1.001194	-0.530479	-0.453786	-1.317675	-0.453030	-0.286847	0.619472	0.008292	0.540532	-0.550998	-0.008473	-0.172132	-0.467157	-0.589314	0.142360	-0.790398	0.355695	-0.323507	0.099272	-0.451221	-0.234352	0.478242	-0.026689	0.932692	0.206768	-0.071488	-0.110161	1.127368	-0.520400	0.359324	0.255978	-0.582562	0.057908	-1.084768	-0.855162	-0.348531	0.722941	1.545275	0.366114	-0.216174	-1.056993	-0.736415	-0.283038	0.080443	1.487563	0.091598	-0.340109	0.480464	0.466431
-1.611618	-0.830043	1.694796	0.642194	0.053132	0.149427	0.011469	0.473662	0.424667	0.553060	1.303882	0.916290	0.783155	0.652285	-1.245108	-0.591819	-0.646672	-0.511103	-0.409325	-0.154595	-0.281661	0.121978	-0.792771	-0.509234	-0.564044	-0.578405	0.218026	-0.645192	0.710563	0.054519	-0.044706	-0.827954	0.361687	-0.584925	-0.343638	-0.686673	-0.719631	0.604437	-1.221408	-1.582102	-0.971749	-1.148652	-1.350144	-0.577051	-0.136761	-0.825661	0.687091	0.927315	-0.852266	-0.780210	0.316477	0.918375	-0.517742	-1.155475	0.110860	0.299642	-0.599693	-0.513167	-0.681988	-0.613353	-1.269926	-1.585136	0.040485	0.079423	-0.644090	-0.249405	-0.234257	1.334713	0.818921	0.309314	0.203898	0.351501	0.438570	-0.783997	-0.112770	0.091440	-0.530575	-0.521112	0.137868	-1.117242	-0.146849	-0.301087	2.211586	0.931556	1.343149	1.027369	1.004614	0.585881	1.634089	-0.707780	1.509691	0.451208	-0.032094	1.143256	-1.195130	-0.885628	0.494327	0.061431	2.002638	0.187714	1.299567	-1.015521	-0.612655	0.060544	-0.681407	1.554896	-0.294576	0.610293	1.763687	0.811563
-1.380277	-0.702799	1.360509	1.004467	-0.739332	-0.442387	0.101634	0.200767	0.693620	0.511382	1.031166	0.315738	0.039737	0.013369	-0.959052	-0.537679	-0.492860	-0.406628	-0.556542	0.348008	0.141128	1.229150	-0.336663	-0.382454	-0.280577	-0.611284	0.985160	0.046613	1.223965	0.379813	0.576827	-0.174046	-0.430874	-1.014284	-0.645694	-0.950314	-0.585490	0.227555	-0.880059	-0.974187	-0.559749	-0.806029	-0.768237	-0.315302	-0.443928	-1.462239	0.599158	-0.038678	-0.409903	-0.534318	0.663646	0.778862	0.196582	-0.678632	-0.313534	0.461916	-0.552495	-0.053477	-0.527000	-0.521140	-0.290658	-0.348055	0.437948	0.524300	0.333836	0.419839	-0.241251	1.159100	0.529300	-0.036667	0.334367	0.253736	0.779037	-0.281653	0.280893	0.182238	-0.634730	-0.899476	0.000490	-1.156316	0.345888	0.207400	1.719257	0.976503	1.192745	1.489054	0.966799	0.644326	0.502976	0.079395	1.300267	0.758842	0.423808	0.917552	-0.857248	-0.645411	0.945834	-0.319828	1.181828	-0.133027	1.143286	-0.601868	0.182134	0.505692	-0.867169	0.675010	-0.764603	0.824906	1.676253	0.908147
-0.179727	-0.338059	0.477032	0.913525	-0.476703	-0.432870	0.670013	0.221967	0.084554	0.119794	-0.162585	-0.599432	-0.187189	-0.001637	0.263985	0.254924	0.190999	0.507774	0.463790	1.010804	0.181275	1.679626	0.429100	0.570257	0.651671	0.055834	0.183676	0.745138	1.098143	0.343766	0.827274	0.621311	-0.268852	-0.536062	-0.081925	-0.651376	0.324569	0.506971	0.897441	0.886095	0.852669	0.209263	0.611774	0.246705	-0.768499	-0.997044	0.147742	-0.709922	-0.064440	-0.197022	1.026609	0.687410	0.221191	-0.158792	-0.699201	0.175844	0.254387	0.617743	0.027053	0.067740	0.972036	1.169089	0.373032	0.714252	0.417347	0.819935	-0.184712	0.873657	-0.205250	0.079567	-0.157428	-0.024940	0.624092	0.212142	0.283116	0.065919	-1.119600	-0.198004	-0.302081	-0.035143	0.557056	1.053955	0.013668	0.553757	1.055423	1.460341	0.011996	0.439253	-0.630850	1.239166	0.351239	1.252605	0.172487	-0.066440	-0.404681	-0.434577	0.609481	0.150132	0.278147	-0.101883	-0.267557	-0.578504	0.905455	0.998307	-0.272737	0.300996	-0.620492	-0.241938	0.836467	0.682544
0.480657	-0.098473	0.173571	0.775174	-0.009085	0.021857	0.827337	0.209949	-0.603333	0.245530	-0.802183	-0.571306	-0.055107	0.772125	1.043666	0.841304	0.524103	1.177263	1.531657	1.287439	-0.139772	0.738457	0.810237	1.556094	1.185891	0.643732	-1.039802	0.702070	0.760392	0.328260	0.361130	0.845367	0.672030	0.348559	0.648568	-0.161606	0.852066	1.064441	1.963719	2.035965	1.559407	0.650516	1.144967	0.433678	-0.840056	-0.172577	-0.235045	-0.509851	-0.223571	-0.088652	1.033764	0.843707	-0.209440	-0.022495	-1.175602	-0.692391	0.906961	0.751171	0.066609	0.153737	0.939563	1.175264	-0.273061	0.430784	-0.316719	0.755011	0.327161	1.158917	-0.012362	0.555538	-0.855426	-0.311189	0.445540	0.158914	0.050324	0.039356	-1.477299	0.604309	-0.527054	0.876768	0.422142	1.390905	-0.802986	0.371067	1.074350	0.955689	-0.653073	0.458133	-0.420663	1.633772	-0.113223	1.493503	-0.604101	-0.723845	-0.297488	-0.308974	-0.165189	0.813181	0.079947	0.216549	-1.199146	-0.643066	0.931404	1.389348	0.420568	0.743089	0.284184	-1.636777	0.504803	0.435731
0.111393	0.042451	0.546755	0.829915	-0.211094	0.271790	0.343764	-0.202994	-0.624346	0.887350	-0.413172	0.196736	-0.219390	1.382104	0.877424	0.726655	0.346332	1.026386	1.661270	1.226971	-0.227218	-0.504204	0.766582	1.857355	0.912342	0.621622	-1.066322	0.102151	0.756178	0.525032	-0.256929	0.633429	1.157950	0.653800	0.667946	-0.002253	0.453167	1.026722	1.397263	1.719326	1.073368	0.282202	0.458997	0.039770	-0.776428	0.079995	-0.228436	-0.081334	-0.489863	-0.056311	0.778435	0.977193	-0.244711	-0.184951	-1.470029	-1.408139	0.920945	0.470237	-0.545749	-0.483120	-0.221916	-0.088223	-1.007471	-0.013135	-0.648363	0.710454	1.049904	1.620130	0.981153	0.719585	-1.110577	-0.411494	0.535579	-0.009177	-0.109436	0.492083	-1.315462	0.534432	-0.736667	0.744664	0.283906	0.995505	-0.258436	0.591163	1.047378	0.447013	-0.477889	0.724890	0.455039	1.154172	0.231113	1.281995	-1.093663	-0.630659	-0.563593	-0.210361	-0.577537	0.915803	0.269424	0.425524	-0.801917	-0.280915	0.473147	1.477860	0.549188	1.102805	1.139376	-2.069777	0.752287	0.460713
-0.369805	0.143602	0.765333	0.866446	-0.692475	0.268587	-0.125966	-0.652143	-0.143330	1.131835	0.100029	0.505346	-0.548567	1.072498	0.476011	0.370261	0.251169	0.601479	1.167848	1.273012	0.084446	-0.596763	0.761269	1.474545	0.560596	0.390428	0.031263	-0.254439	0.938606	0.483198	-0.330900	0.538673	0.611664	0.292888	0.192834	-0.106177	-0.024176	0.518968	0.528560	1.090725	0.606796	0.058169	-0.189992	-0.312254	-0.654837	-0.135838	0.106656	-0.031734	-0.407698	-0.097950	0.874719	1.016770	0.187553	-0.359047	-1.116733	-1.062217	0.752544	0.521142	-0.978277	-1.038850	-0.860879	-0.865476	-1.089391	0.052341	-0.046244	0.903360	1.119539	1.317854	1.205240	0.255583	-0.595067	-0.143154	0.533960	0.190188	-0.088877	0.976425	-0.675084	0.025546	-0.876855	0.167753	0.451511	0.604406	0.345433	0.839356	0.864455	0.545921	-0.027161	0.918475	0.501214	0.773436	0.646415	1.053326	-0.807422	-0.200764	-0.768606	-0.193881	-0.264747	0.666591	0.254154	0.359928	0.073743	0.123767	0.227129	1.205085	0.293396	0.767889	1.033658	-1.495587	0.535923	0.616505
-0.244801	0.044336	0.398093	0.540735	-0.600162	0.453593	-0.145633	-0.458979	0.234120	0.561641	0.038655	0.029042	-0.273751	0.256133	0.373214	0.247835	0.452992	0.552333	0.833365	1.466994	0.188739	0.194505	0.871419	0.871872	0.874325	0.551439	0.713175	-0.018091	0.678532	-0.116754	0.059698	0.678643	-0.147704	0.071516	0.145999	0.062412	0.389682	0.461316	0.719147	1.263216	1.023829	0.554361	0.170081	0.000909	-0.238142	-0.047727	0.319479	-0.123657	-0.205856	-0.453929	1.399833	1.106642	0.275069	-0.421777	-0.301652	0.122556	0.809263	0.973703	-0.684527	-0.899219	-0.182869	-0.390482	-0.454767	0.698917	0.532278	0.802816	0.296208	0.076823	0.024694	-0.355941	0.277656	0.374467	0.044717	0.370444	0.087489	0.609507	0.160676	0.110709	-0.655295	0.024542	0.779941	0.787658	0.146391	0.792549	0.573369	1.158486	0.104312	0.846989	-0.292679	0.991656	0.561365	1.170413	-0.106691	0.099098	-0.540950	-0.301790	0.203116	0.640393	0.054819	0.269468	0.388370	-0.127965	0.429411	0.686325	0.312151	0.138216	0.190216	-0.958745	-0.507310	0.505218
0.021071	-0.345106	-0.042706	-0.063894	-0.011998	0.818975	-0.160395	0.227914	0.311698	-0.114506	-0.169171	-0.271146	0.687395	-0.100307	0.236802	0.200723	0.463023	0.663688	0.699178	1.307263	-0.326078	0.298550	0.639503	0.323103	1.439892	0.925885	0.213743	0.295231	-0.176769	-0.767914	0.232483	0.613629	-0.130778	0.395344	0.746103	0.654473	1.248397	1.001955	1.314954	1.636714	1.411913	1.029125	0.776707	0.659765	0.548705	0.595961	0.135801	0.147520	-0.407334	-1.007555	1.580972	1.109733	-0.297924	-0.414409	0.238990	0.829391	0.752818	0.986021	-0.202085	-0.495760	0.606966	0.161667	0.147967	1.147977	0.134099	0.001201	-0.434992	-1.117337	-1.136333	-0.455179	0.806568	0.760604	-0.624830	-0.061343	0.402770	-0.539077	0.859953	0.807042	0.029366	0.223958	0.762196	1.117383	-0.180577	0.550288	0.226087	1.399909	0.055635	0.640376	-0.482508	1.124715	0.307423	1.255769	0.298580	0.275499	0.015602	-0.357397	0.012926	0.666855	0.030127	0.451508	0.323345	-0.683966	0.606172	0.048050	0.729675	-0.188128	-0.148539	-0.998348	-1.330878	0.026405
-0.243294	-0.760982	0.002875	-0.399053	0.180377	0.816342	-0.771733	0.317126	0.224862	-0.189076	-0.001204	0.249994	1.387484	0.246628	-0.167371	0.051856	0.095439	0.363619	0.325059	0.500932	-0.885480	-0.806487	-0.142644	-0.232749	1.148296	0.814653	-0.411179	0.034677	-1.039397	-0.739884	-0.211837	0.023289	0.509992	0.678432	1.220263	1.117768	1.175449	1.109023	0.696642	0.900606	0.392564	0.469863	0.216021	0.708569	1.186870	1.267297	-0.072814	0.705475	-0.898670	-1.120583	1.007354	0.753261	-0.669237	-0.324094	0.267487	0.238009	0.278570	0.189541	-0.332977	-0.574487	0.039068	-0.440761	0.183993	0.816678	-0.685050	-0.895483	-0.118412	-1.150271	-0.719271	0.039938	0.845006	0.827077	-0.780980	-0.710039	0.785591	-1.162880	1.140309	1.198864	0.824513	0.188353	0.093510	0.898316	0.203325	0.451820	-0.080489	0.692793	0.173956	0.546795	0.545797	0.511893	0.377858	0.741122	0.173916	0.532292	0.532552	-0.114052	-0.732217	0.143380	0.159716	0.831174	0.591397	-0.380295	0.345739	-0.548336	0.957924	-0.218331	0.695778	-0.936535	-0.929657	-0.435219
-0.771868	-0.834616	0.275188	-0.154672	-0.430213	0.236667	-1.770591	-0.810584	-0.110040	-0.049395	0.114813	0.821439	1.089823	0.596397	-0.292430	0.119040	-0.013030	-0.233703	-0.280397	-0.529208	-0.679143	-1.749758	-1.037255	-0.812547	-0.322845	0.039230	0.117648	-0.701436	-1.415925	-0.111878	-0.967524	-0.794978	0.901040	0.280349	0.954056	0.924511	-0.208276	0.025547	-1.296202	-0.910548	-1.805380	-0.922823	-1.492435	-0.182684	1.067539	1.447013	0.204167	0.972684	-0.913604	-0.356981	0.389712	0.255239	-0.053087	-0.059791	0.305119	-0.896633	-0.064042	-0.468415	-0.960516	-0.970203	-1.458684	-1.553723	0.075913	0.155307	-0.682360	-0.950275	0.720643	-0.091799	0.746158	0.665534	0.807412	0.741779	-0.398917	-0.554210	1.072667	-0.319420	0.970164	0.899225	1.275337	0.010134	-0.943071	0.208978	0.869105	0.605943	-0.179704	-0.419975	0.284110	0.601382	1.484224	-0.387863	0.514641	-0.208314	-0.096814	0.833434	0.871554	0.424506	-1.053571	-0.739124	0.064444	0.992013	1.021261	0.931269	-0.049761	-0.792712	0.604690	-0.287901	1.845770	-0.021986	0.192708	-0.442935
-0.814347	-0.520097	0.123778	0.232816	-1.208541	-0.413587	-2.321282	-2.224747	-0.836087	-0.521393	-0.474074	0.358055	0.218572	0.313648	0.295681	0.576341	0.599669	-0.397396	-0.724205	-1.096600	0.089143	-1.170419	-1.530773	-1.198944	-2.012975	-0.805605	1.416395	-1.190773	-1.522663	0.293082	-1.433367	-1.254792	0.694199	-0.527151	0.250495	0.291489	-1.619111	-1.553965	-3.041021	-2.336065	-3.480603	-1.881497	-2.750422	-1.187937	0.318431	1.165173	0.727351	0.612430	-0.032788	0.906956	0.430382	0.192370	0.910033	0.321471	0.672509	-1.153924	0.386593	0.017565	-1.228996	-0.760612	-2.098912	-1.529924	0.506375	-0.043977	0.190779	-0.284592	0.727253	0.758425	1.382768	0.977718	0.901984	0.672796	-0.348074	0.474826	1.106173	1.143861	0.666034	0.509424	1.283530	0.282086	-1.714572	-0.327223	0.798225	0.687487	-0.095059	-0.990449	-0.078036	0.487397	0.884373	-0.718441	0.084410	-0.878114	-0.105970	0.943316	1.176753	0.970108	-0.502774	-1.049706	-0.396629	0.600556	0.773469	1.771745	0.004937	-0.479249	0.046313	-0.480867	1.926361	1.353415	0.678621	-0.056431
-0.277483	-0.095577	-0.460944	0.171089	-1.333146	-0.612297	-1.973889	-2.435086	-1.574871	-1.468403	-1.394687	-0.866068	-0.325940	-0.364231	1.003292	0.895604	1.290146	0.159046	-0.966821	-0.977326	0.405813	0.371750	-1.583246	-1.180598	-2.740340	-1.124664	1.971758	-1.040475	-1.711733	-0.028227	-1.315523	-1.137801	0.272178	-0.979487	-0.262205	-0.120664	-1.661750	-2.255642	-3.140898	-2.326144	-3.479302	-1.573162	-2.370040	-1.297645	-0.277494	0.738463	0.689613	-0.095966	1.190823	1.849378	0.599925	0.637808	0.913074	0.553670	0.971115	-0.166495	1.191992	1.125944	-0.754574	0.321045	-1.182356	-0.130657	1.282544	0.161276	0.711055	0.053763	-0.243188	0.331507	0.597192	0.900578	0.863149	0.543897	-1.175747	1.186994	0.799840	1.556795	0.598773	0.528095	1.076679	0.944646	-1.766266	-0.443083	-0.007273	0.348547	-0.146222	-0.888571	-0.862965	-0.133459	-0.727405	-0.451224	-0.869442	-0.959338	0.093980	0.758478	1.434492	1.203132	0.102800	-0.577540	-0.862883	-0.223251	-0.219197	0.984520	0.508294	0.147757	-0.198311	-0.615634	0.815906	2.154643	0.097499	0.172604
0.177528	0.186809	-0.742516	-0.195508	-0.791612	-0.480656	-1.106041	-1.232233	-1.590640	-1.799556	-1.533143	-1.445173	-0.325387	-0.733596	0.876318	0.529136	1.035921	0.757948	-1.297971	-0.523982	-0.132134	1.133489	-1.409080	-0.803020	-2.261825	-0.940919	1.253125	-0.660071	-1.694131	-0.659311	-0.788499	-0.737871	-0.018853	-0.881023	-0.430177	-0.056012	-0.503552	-1.639145	-1.931353	-1.334546	-2.295069	-0.464824	-0.975282	-0.532046	-0.213185	0.338427	-0.119386	-0.634515	1.775631	1.986417	-0.061373	0.924937	-0.150656	0.483575	0.804584	1.035434	1.197489	1.387119	-0.082781	1.326840	0.074886	1.081964	1.478330	-0.012603	0.144433	-0.325219	-0.752375	-0.886203	-0.242551	0.624182	0.501851	0.226230	-2.075779	0.801213	0.183315	0.621161	0.776925	0.572842	0.831097	1.119041	-1.121745	-0.391046	-0.431135	-0.220239	-0.502510	-0.755781	-1.333252	-1.015483	-1.421955	-0.217446	-1.514025	-0.800832	0.202932	0.416185	1.277090	0.979473	-0.115586	-0.310137	-0.823920	-0.940183	-0.971528	-0.454991	0.809600	0.578750	-0.217259	-0.549538	-0.274668	2.029448	-0.662883	-0.158038
0.006389	0.266328	-0.240818	-0.272559	-0.235831	-0.462960	-0.356857	0.175276	-0.638017	-0.965974	-0.478107	-0.693614	-0.235434	-0.593158	-0.157362	-0.245940	-0.172768	0.535518	-1.640790	-0.225526	-0.804883	0.460762	-1.096791	-0.352861	-1.252689	-0.696496	0.360156	-0.632359	-0.942649	-0.878374	-0.236556	-0.454768	-0.242869	-0.747509	-0.485124	0.086741	0.447465	-0.575777	-0.789526	-0.494446	-1.108352	0.359062	-0.071924	0.173519	0.201334	-0.056952	-0.899133	-0.801850	1.254520	1.382699	-1.299048	0.479248	-1.013766	0.302859	0.365223	1.312978	0.067237	0.353084	0.156189	1.312729	0.342398	0.909453	0.699911	-0.829435	-0.808301	-0.611270	0.094415	-1.420687	0.004723	0.309726	0.039255	-0.245421	-1.762551	0.121858	-0.500636	-0.335358	0.827135	0.055243	0.493773	0.286151	-0.254376	-0.455962	0.221654	-0.458371	-0.770439	-0.877005	-0.836773	-1.308412	-0.349976	-0.307832	-1.187573	-0.756233	0.162123	0.103176	0.447509	0.381266	-0.704610	-0.940854	-0.156286	-1.033100	-0.822857	-0.693621	0.378949	0.490838	-0.411079	-0.317147	-0.461122	1.486084	-0.714828	-0.737770
-0.642451	0.147906	0.568194	-0.060900	-0.046331	-0.584310	0.008025	0.766448	0.659591	0.150987	0.902669	0.429577	-0.325352	-0.444656	-1.222508	-0.670937	-1.233854	-0.410128	-1.528511	-0.269740	-0.859886	-0.457441	-0.713038	-0.159298	-0.491586	-0.699887	0.418764	-0.960191	0.269989	-0.590192	0.031996	-0.427703	-0.540577	-0.981088	-0.552874	-0.155685	0.250923	-0.100509	-0.522508	-0.357701	-0.436093	0.342800	-0.250790	0.165501	0.339339	-0.428984	-0.864533	-0.752828	-0.004877	0.336764	-1.745891	-0.395532	-0.785622	0.224429	-0.031467	0.569425	-1.271459	-0.893365	0.044917	0.523411	-0.188575	0.005068	-0.311076	-1.529214	-1.073644	-0.152479	1.071415	-0.651111	0.539699	-0.088250	-0.252056	-0.682183	-0.221514	0.317895	-0.865806	-0.331894	0.441990	-0.806570	0.017942	-0.894056	0.233145	-0.691469	1.246790	-0.215701	-0.369782	-0.734288	0.408072	-0.521174	1.204719	-0.491111	-0.064964	-0.722178	0.184373	-0.098727	-0.687673	-0.298219	-0.504180	-1.650265	0.689709	-0.487988	-0.316945	0.381478	-0.634415	-0.152870	-0.780387	-0.056339	-0.273064	1.008349	-0.130934	-0.826782
-1.148286	-0.137838	0.869507	-0.155174	0.069139	-0.389017	0.057994	0.659467	1.354503	0.246834	1.423430	0.548108	-0.383337	-0.710083	-1.465384	-0.405111	-1.192611	-0.963456	-0.900344	-0.423647	-0.483976	-0.174024	-0.479748	-0.324870	-0.272843	-0.807442	1.106589	-1.231301	0.906785	-0.317098	-0.093074	-0.505996	-0.849338	-1.344447	-0.597158	-0.695486	-0.635916	-0.270364	-0.795945	-0.667623	-0.025161	-0.233780	-0.837306	-0.270467	0.073238	-0.556255	-0.254783	-0.613788	-1.195494	-0.762334	-0.694627	-0.799634	0.005076	0.072429	-0.392017	-0.468186	-1.751988	-1.234664	0.053854	-0.165554	-0.492729	-0.332219	-0.584579	-1.312011	-0.520601	0.504298	0.390038	0.517324	-0.084941	-0.696360	-0.376011	-0.824622	1.153747	1.077805	-0.727097	0.149334	-0.202528	-1.122547	-0.346093	-1.271577	0.129638	-0.951078	1.429431	0.026467	0.686054	0.136691	1.474102	0.643861	1.480292	-0.627573	1.178946	-0.409495	0.368587	-0.165775	-1.390815	-0.690178	0.578374	-1.138738	1.102010	0.175802	-0.229856	1.144971	-1.573131	-1.158824	-0.951489	0.161146	-0.720031	0.704967	0.542676	-0.144072
-1.014220	-0.417641	0.567708	-0.668388	0.450420	0.319272	-0.117926	0.356346	0.975218	-0.787881	0.792228	-0.435716	-0.254635	-1.118576	-0.783807	0.255680	-0.259442	-0.295317	-0.384405	-0.313175	-0.320324	1.218264	-0.534564	-0.578933	-0.383542	-0.557917	1.210230	-1.220802	0.409199	-0.370746	-0.488711	-0.422299	-0.993415	-1.348453	-0.655265	-1.003926	-1.083934	-0.324669	-0.857967	-0.920069	0.403119	-0.766323	-1.033146	-0.525693	-0.149208	-0.198495	0.045683	-0.344610	-1.679453	-1.386110	0.897047	-0.280392	0.400687	-0.456543	-0.675784	-1.151881	-1.209359	-0.756414	0.258769	-0.487750	-0.295692	-0.010310	-0.124913	-0.414935	0.162319	0.455460	-1.641475	0.953603	-1.693238	-1.405938	-0.450777	-0.533993	1.209839	1.009690	-0.324309	0.350970	-0.592607	-0.452634	-0.231839	-0.514712	-0.187924	-0.966631	0.538464	-0.139766	1.627580	1.288599	1.632209	0.916725	0.322958	-0.880473	1.964920	0.161298	0.538442	-0.098475	-1.342266	-0.659027	1.280573	0.530987	0.948950	0.392802	-0.327611	0.745822	-1.781084	-1.995092	-0.722154	0.400043	-1.743747	0.673760	0.941967	0.725504
-0.319458	-0.450330	0.253113	-0.967468	0.818986	0.955094	-0.395690	-0.123681	-0.154619	-1.727808	-0.245037	-1.349671	-0.182089	-1.116738	0.196594	0.748720	0.489558	0.951161	-0.493885	0.080459	-0.472697	2.208002	-0.663120	-0.517535	-0.418043	0.274862	0.180138	-0.955651	-0.584888	-0.460712	-0.835663	-0.041866	-0.836224	-0.860910	-0.819219	-0.770372	-0.595875	0.200769	-0.414945	-0.832220	0.756022	-0.851167	-0.769600	-0.515745	-0.006491	0.489811	-0.332627	0.005534	-1.348808	-1.152024	1.420710	0.554181	0.274736	-1.205489	-0.550837	-1.295856	-0.300516	-0.278750	0.280866	-0.778372	-0.212289	0.016565	0.168068	0.208640	0.399308	-0.329515	-2.788957	0.576195	-2.623828	-1.795569	-0.486229	-0.062355	0.184390	-0.217636	-0.110436	0.451238	-0.475998	0.545305	0.265605	0.544792	-0.279624	-0.625630	-0.511966	-0.521490	1.606730	1.719123	0.971557	-0.056098	-0.863805	-1.310872	1.957874	0.538716	0.489063	-0.019415	-0.915090	-0.468372	0.591647	1.901021	0.658410	0.037257	0.158323	0.111202	-1.078249	-1.999851	-0.237772	0.666713	-2.260125	0.925754	0.719247	0.936732
0.361138	-0.193903	0.210462	-0.688151	0.650725	0.716500	-0.433795	-0.846692	-1.206929	-1.479756	-0.751568	-1.254316	-0.363618	-0.632737	0.661932	0.585267	0.313191	1.234553	-0.864934	0.302099	-0.456220	1.638944	-0.517593	-0.068924	-0.144990	1.206782	-1.339136	-0.439193	-1.036558	-0.212269	-0.807722	0.439809	-0.353514	-0.170815	-1.003307	-0.273584	0.264266	0.827330	0.247328	-0.445801	0.814577	-0.443813	-0.374503	-0.574950	0.207642	0.905335	-0.818074	0.231796	-0.512549	-0.270638	0.351894	0.625112	0.112099	-1.630781	0.088078	-0.926856	0.213102	-0.229693	-0.041141	-1.001692	-0.582419	-0.658374	-0.284797	0.119301	0.113733	-1.141808	-1.808466	-0.041381	-1.946359	-1.496197	-0.435817	0.103977	-0.863645	-1.229573	-0.354627	0.911377	-0.159578	0.823292	0.452007	0.870541	-0.210164	-0.262749	-0.853782	-0.736865	0.488820	0.969807	0.157310	-1.308321	-0.932476	-1.648395	1.072648	0.243640	0.211898	-0.136991	-0.588697	-0.457617	-0.947868	1.863041	0.587140	-0.559165	1.096327	0.135103	-0.024269	-1.100184	0.237828	0.736461	-1.651017	0.988289	-0.418729	0.317650
0.578328	0.173698	0.072929	-0.296449	0.083854	-0.320382	0.158237	-1.241733	-1.444264	-0.259102	-0.418850	-0.393328	-0.463873	-0.101470	0.308561	-0.309183	-0.378692	-0.019388	-0.644314	0.001543	0.065333	0.035381	-0.061684	0.393795	0.348831	1.365103	-2.293930	0.280971	-0.689535	0.313141	-0.317201	0.620099	0.289465	0.344214	-0.932904	-0.001396	0.633840	0.743543	0.758574	-0.026626	0.581832	0.194451	0.059480	-0.748012	0.005518	0.581108	-0.671614	0.261903	0.493490	0.626894	-1.261659	-0.406699	0.078564	-1.455573	0.799697	-0.079830	0.108381	-0.346797	-0.273335	-0.570767	-0.878617	-1.293254	-1.012808	-0.193245	-0.464157	-1.397074	-0.005376	-0.653220	-0.487443	-0.584512	-0.328361	-0.123867	-1.180815	-0.843166	-0.912972	1.406523	-0.074078	0.159307	-0.200935	0.313506	-0.268070	-0.353542	-0.566734	-0.809023	-0.985407	-0.400116	-0.268536	-1.751843	-0.166107	-1.570018	-0.328739	-0.623904	-0.160597	-0.465419	-0.409499	-0.576465	-1.832273	0.835235	0.563715	-0.943966	1.375206	0.289517	0.435533	-0.083471	0.483479	0.400729	-0.549108	0.383160	-1.863702	-0.394615
0.491141	0.537452	-0.406491	-0.335602	-0.106022	-1.076339	1.328211	-0.532986	-0.741747	0.861423	0.333106	0.391848	0.015995	0.115703	-0.346692	-1.303261	-0.519148	-1.585704	0.446250	-0.499501	0.887670	-1.008923	0.369492	0.477449	0.815878	0.466114	-2.158977	0.927835	-0.157444	0.781110	0.420813	0.345510	0.735554	0.432791	-0.455137	-0.024536	0.338268	-0.116671	1.041847	0.152717	0.303701	0.665335	0.627808	-0.644154	-0.551427	-0.252016	0.016321	0.214774	1.469016	1.204123	-2.001902	-1.727897	-0.052349	-0.895210	1.132600	1.056683	-0.171792	-0.249351	0.076535	0.700333	-0.437560	-1.039244	-1.160749	-0.207657	-0.916176	-0.922669	0.618861	-1.266405	0.505378	0.473722	-0.291954	-0.271754	-0.691843	0.244926	-1.274993	1.236271	-0.211530	-0.647983	-1.274782	-0.385800	-0.355668	-0.835707	-0.353754	-1.030277	-1.815692	-1.454684	-0.318887	-1.369046	0.356891	-1.049414	-1.494670	-1.285771	-0.485471	-0.725474	-0.242758	-0.502743	-1.234612	0.058031	0.239210	-0.868278	0.429125	-0.246875	-0.056916	0.210004	0.400930	-0.173601	0.073876	-0.456427	-2.083306	-0.295904
0.574761	0.952044	-0.833652	-0.674966	0.419959	-0.693758	2.378740	1.120349	0.288469	1.208280	0.822759	0.676655	0.917223	0.006951	-0.483174	-1.422817	0.310325	-1.809423	1.681675	-0.551253	1.560449	-0.616025	0.476962	0.194438	1.040670	-0.731558	-1.220820	1.190710	-0.031138	0.946777	1.053162	-0.026177	0.652935	0.041275	0.195170	0.036142	-0.042710	-0.908777	1.177227	0.060094	0.215153	0.737869	1.195172	-0.030903	-0.868445	-0.890262	0.393875	0.113062	2.164953	1.614371	-1.560475	-2.264785	-0.241851	-0.257334	1.116148	1.997048	-0.111917	0.023277	0.775155	1.974998	0.587895	-0.047049	-0.559670	-0.171131	-0.739162	0.156381	-0.132712	-1.515667	0.799764	1.196773	-0.449144	-0.008432	0.265134	0.380061	-0.940435	0.424310	-0.250769	-0.798591	-1.775343	-0.536569	-0.168645	-1.093046	-0.664754	-1.419112	-1.597986	-1.769161	-0.385146	-0.961181	0.075799	-0.375756	-1.883464	-1.047538	-0.615404	-0.675991	-0.220951	-0.232516	0.170037	0.124518	-0.334061	-0.439635	-0.859179	-1.106390	-0.766245	-0.193036	0.151167	-0.564636	0.078161	-0.534151	-0.392868	0.667578
0.928509	1.382525	-0.730411	-0.824385	1.010476	0.421199	2.456672	2.475682	0.770657	0.999071	0.665751	0.639768	1.404470	-0.280851	0.107839	-0.370979	1.320363	-0.534569	2.020518	-0.067994	1.777410	0.468869	0.330670	-0.131647	0.895282	-1.187574	-0.243735	0.998977	-0.247238	0.696869	1.295796	-0.009012	0.061571	-0.555980	0.543463	0.409639	-0.010203	-0.826977	1.086415	-0.075760	0.293856	0.541016	1.392089	0.738421	-0.583278	-0.901564	0.007021	-0.115462	2.215718	1.875232	-0.844936	-1.747066	-0.081062	0.322567	0.928246	2.181791	0.149294	0.089838	0.971144	2.100752	1.306870	0.723634	0.203395	-0.602986	0.207125	1.314064	-0.743519	-0.922806	0.883519	1.309942	-0.710961	0.342126	1.198472	-0.862673	0.027145	-0.307917	-0.111770	-0.375722	-1.294268	-0.192520	0.201852	-0.734912	-1.236313	-1.597053	-0.800053	-1.564140	-0.649846	-0.986601	-0.579330	0.102047	-1.609138	-0.139134	-0.391356	-0.401186	-0.512578	-0.176169	1.050015	0.502935	-0.740032	-0.044392	-1.220010	-1.226240	-0.713246	-0.575200	0.084109	-0.528821	0.028857	0.313505	1.725026	1.503988
1.118552	1.533210	-0.204144	-0.593654	0.855609	1.148323	1.357504	2.436949	0.383045	0.790335	0.079668	0.589583	0.943927	-0.570420	0.759253	0.962989	1.429856	0.750645	1.155946	0.281584	1.464986	0.802539	0.198460	-0.284305	0.414766	-0.670073	0.158101	0.479856	-0.358071	0.068229	1.050669	0.374826	-0.576927	-0.783590	0.350582	0.787082	0.262906	0.026548	0.579732	-0.064192	0.267570	0.350013	1.017962	1.031489	0.001041	-0.483917	-0.518781	-0.316861	1.460189	1.538117	-0.734066	-0.726645	0.503859	0.740100	0.461192	1.430835	-0.012710	-0.264370	0.219680	0.844901	1.063492	0.604585	0.593551	-1.301973	1.324081	1.713518	-0.090611	0.218569	0.974045	0.736950	-0.726784	0.303035	1.616282	-2.108899	0.852960	-0.549031	0.000121	-0.057739	-0.435784	0.094773	0.445695	-0.070423	-1.335250	-1.189133	-0.222536	-1.197773	-0.759694	-1.047704	-0.782590	0.212504	-1.108454	0.474212	0.193337	-0.144766	-0.791091	-0.489083	0.942711	0.373132	-0.732573	0.017198	-0.529177	-0.281548	0.060749	-0.463149	0.331095	-0.145304	0.251506	1.086740	2.073695	1.193125
0.792862	1.149435	0.206041	-0.168144	0.064388	1.037592	-0.151629	1.169322	-0.286172	0.789992	-0.326088	0.609736	-0.020993	-0.624056	0.720099	1.386817	0.534704	0.682567	-0.110914	-0.079989	0.778853	-0.101025	0.181283	-0.300799	-0.120553	0.135679	-0.004363	-0.110683	-0.163584	-0.540555	0.448062	0.570284	-0.724992	-0.235046	-0.112966	0.696592	0.295889	0.823191	-0.242253	0.014629	-0.040759	0.240185	0.278244	0.573822	0.346604	-0.111723	-0.389832	-0.222186	0.263525	0.378617	-1.095899	0.150334	0.893001	0.844076	-0.329129	0.171293	-0.728381	-0.754876	-0.820476	-0.769369	0.131162	-0.089339	0.592408	-1.424075	1.721921	0.962898	1.271487	0.860222	0.922675	-0.311189	-0.257293	-0.060675	1.278235	-1.801471	0.687777	-0.590141	0.079161	-0.166323	0.019398	0.002511	0.655228	0.326356	-0.547185	-0.254211	-0.284396	-0.858617	-0.317971	-0.587265	-0.237173	-0.004046	-0.591436	0.159161	0.777832	-0.044420	-0.431021	-0.652000	0.669352	-0.349847	-0.510973	-0.097306	0.251233	1.028398	0.543361	-0.037732	0.576207	0.356170	0.514931	0.914459	0.385207	-0.104550
0.271150	0.441073	0.082825	0.188323	-0.435567	0.692398	-0.894625	-0.204693	-0.359104	0.754876	-0.199478	0.552625	-0.635276	-0.288213	0.097793	0.792351	-0.430266	-0.432478	-0.578475	-0.857575	0.138558	-1.216473	0.238823	-0.212488	-0.394336	0.475994	-0.232817	-0.326946	0.119248	-0.492709	-0.206212	0.187341	-0.332873	0.795406	-0.384402	0.105412	-0.032859	0.855034	-0.834247	0.006157	-0.344852	0.147256	-0.371100	-0.278741	0.263703	-0.021714	0.124384	0.041393	-0.657144	-0.911781	-1.179448	0.550613	0.484879	0.585541	-0.877798	-0.835486	-1.219939	-0.847865	-0.953949	-1.386926	-0.620572	-0.476340	0.394150	-0.611569	1.205617	-0.246475	1.926720	0.422706	0.722182	-1.133570	0.382752	-0.314188	0.446984	-0.017363	-0.485082	-0.735715	0.353351	-0.302866	0.025469	-0.247475	1.069394	0.246854	0.531690	0.651027	-0.813769	-0.709204	0.359108	0.202428	0.434311	-0.380266	-0.097154	-0.739923	0.778871	-0.151348	0.634512	-0.081641	1.149758	-0.927472	-0.437765	0.045121	0.451534	1.835083	0.091636	0.336328	0.449145	0.709647	0.529344	0.122064	-1.329827	-1.159861
0.245859	-0.023745	-0.576762	0.277596	-0.006337	0.799144	-0.336502	-0.816327	0.370768	0.422981	0.166834	0.243967	-0.670057	0.253438	-0.276342	0.247781	-0.638726	-1.114353	0.119405	-1.198176	0.009684	-1.183594	0.478442	0.113344	-0.445724	0.176481	-0.152461	0.214391	0.258308	0.360806	-0.627809	-0.511433	0.019152	1.434713	-0.391278	-0.579935	-0.456692	0.078498	-0.702187	-0.000268	-0.112935	0.194556	-0.561486	-0.870732	-0.092680	-0.155834	0.097213	0.014057	-0.825405	-1.278805	-0.681242	0.353050	-0.438118	0.107852	-0.442419	-1.078684	-0.710263	-0.363855	0.274351	-0.563752	-0.635985	-0.098378	0.066865	0.406202	0.550724	-0.694374	1.290213	-0.327596	0.562677	-0.837374	0.513976	-0.313504	-0.240811	1.515734	-1.622520	-0.745781	0.673676	-0.026333	0.077857	-0.301431	1.286796	-0.098008	0.711529	0.870554	-1.348256	-0.924506	0.470455	0.499434	0.332875	-0.661529	0.139822	-1.382113	0.002668	-0.466080	1.574750	0.961019	2.126690	-0.672045	-0.630325	0.459318	0.421922	1.802615	-0.774804	0.593062	0.067798	0.642011	0.296404	-0.283213	-1.191485	-1.141242
0.875543	0.080396	-1.356348	0.002539	0.931820	1.211167	0.845591	-0.720951	1.247018	-0.077404	0.235288	-0.247464	-0.678215	0.544050	0.063185	0.547328	-0.236948	-0.561680	1.007339	-0.694924	0.434497	0.076671	1.066726	0.692567	-0.641365	-0.486018	0.183512	1.278069	0.354776	1.235462	-0.748916	-0.992899	-0.302562	1.045899	-0.523254	-1.029473	-0.790476	-0.970252	-0.034541	0.236527	0.663482	0.624961	-0.254443	-0.819189	-0.542912	-0.441136	-0.542018	-0.359287	-0.392423	-0.512802	-0.084118	-0.366411	-0.918158	-0.284977	0.824224	-0.646277	0.462459	0.264795	2.001294	0.870034	-0.124491	0.639073	-0.296967	0.645916	0.607950	0.060849	0.227967	-0.110148	0.486797	0.633206	-0.107428	-0.292807	-0.340062	1.257293	-1.461155	-0.318986	0.419055	0.361203	0.348129	-0.210748	0.566255	-0.416971	-0.365792	0.248051	-1.534268	-1.363282	-0.134258	-0.068636	-0.582846	-0.551047	-0.169991	-1.316718	-0.918884	-0.757669	1.456728	1.469624	2.386990	0.200280	-0.934032	0.504358	0.777795	1.188624	-1.105355	0.814947	-0.079255	0.017544	-0.052894	0.127369	0.427548	-0.597991
1.511553	0.501123	-1.686245	-0.521325	1.353925	1.204100	1.380040	-0.485459	1.468795	-0.382804	-0.142677	-0.575252	-1.137834	0.287190	0.664121	1.167902	0.095526	0.518158	0.814070	0.185640	0.943412	1.247868	1.800284	1.143853	-1.106006	-1.128392	0.612038	1.964993	0.631953	1.158400	-0.675841	-1.080673	-1.241851	-0.083464	-0.993933	-1.224433	-1.080629	-1.580904	0.450552	0.734437	1.223863	1.308416	0.302120	-0.239716	-0.907575	-0.791994	-0.731167	-0.484073	0.139000	0.522541	0.052911	-1.160169	-0.337427	-0.207307	1.802195	0.019272	1.109666	0.458103	2.848607	1.644765	0.379383	1.047944	-0.347712	0.112916	1.353660	1.232358	-0.045953	1.139716	0.331767	1.924427	-0.804981	-0.302715	-0.020689	-0.427227	0.187880	0.207156	-0.534628	0.166163	0.475482	-0.265445	-0.928968	-0.548183	-1.607908	-0.665298	-1.316637	-1.432380	-0.606187	-0.761965	-1.312081	0.073951	-0.852533	-0.729482	-0.992380	-0.578230	0.340258	0.861671	1.155949	0.732407	-1.204032	-0.302090	1.374643	0.555101	-0.595577	0.889679	0.173157	-0.958084	-0.406015	0.760957	1.547683	-0.576021
1.495574	0.740863	-1.358926	-0.925678	0.792550	0.435345	0.715065	-0.423779	0.843924	-0.438530	-0.675079	-0.468912	-1.735700	-0.324748	0.885725	1.118824	0.133376	1.054996	-0.419068	0.705456	1.096027	1.225799	2.096370	0.976801	-1.365610	-1.354276	1.142519	1.495470	0.974168	0.178664	-0.474032	-0.931017	-2.039091	-0.971096	-1.325686	-1.170236	-1.286798	-1.335976	0.380999	1.184542	0.928737	1.595909	0.839220	0.526748	-0.847352	-0.823459	0.280824	0.130988	0.477849	0.882726	-0.140857	-1.361530	1.008519	0.541761	1.692666	0.600317	0.624378	0.138298	2.265898	1.219642	0.697881	0.984862	0.271084	-0.184918	2.031353	1.776421	0.582920	1.882182	0.007048	1.463404	-0.543884	0.048966	0.190767	-1.707610	1.964777	0.215380	-1.164113	-0.518110	0.279745	-0.336403	-1.922511	-0.455095	-1.733130	-1.101568	-0.854907	-0.617966	-0.239668	-0.481026	-1.032793	0.904299	-1.254673	-0.005583	0.087353	0.242871	-0.635143	-0.199521	-0.963046	0.272229	-1.393790	-1.374730	1.428306	0.321756	0.337518	0.631326	0.345153	-1.729853	-0.604822	0.789131	1.014367	-1.050494
0.875461	0.551723	-0.720286	-0.791561	-0.161301	-0.597596	-0.427885	-0.352204	-0.079079	-0.569671	-0.977893	-0.034446	-1.728091	-0.804771	0.715567	0.398034	0.213666	0.942333	-1.271629	0.618689	0.892546	0.378450	1.593482	0.178514	-0.808020	-0.905539	1.723333	0.009992	0.965562	-0.633447	-0.103041	-0.612914	-2.046515	-0.937005	-0.811271	-0.726986	-1.133749	-0.456671	0.145668	1.228328	0.151280	0.926190	1.208706	1.213083	-0.072173	-0.069073	1.847097	1.168892	0.610957	0.391073	-0.041204	-0.678007	2.228717	1.632267	0.895536	0.989157	-0.303646	-0.276808	0.951723	0.125711	1.029351	0.863265	1.353882	0.444655	2.023528	1.481262	1.193233	0.735751	-0.364782	-0.588460	0.900760	0.999998	0.038286	-1.405916	2.130530	-0.193429	-0.352936	-0.657026	0.210756	0.084211	-1.406546	-0.159371	-0.754954	-0.752074	-0.320464	0.824029	0.544384	0.860499	-0.148470	1.328981	-0.901973	0.623490	1.483025	1.203046	-0.409210	-0.497832	-2.429073	-0.842614	-1.333063	-1.463925	0.589150	0.406506	1.124748	0.166457	-0.135663	-1.730926	-0.529572	0.189912	-0.256553	-0.955054
0.071388	0.007540	-0.151977	0.025542	-0.652671	-1.077236	-0.951473	0.027802	-0.434397	-0.841208	-0.734850	0.434388	-0.951530	-0.898110	0.456822	-0.117213	0.426203	0.695854	-0.765191	0.192534	0.484855	-0.212487	0.594346	-0.694788	0.537269	-0.013784	2.030644	-1.461632	0.504120	-0.538601	0.407697	-0.113740	-1.411109	-0.291312	0.491582	0.051653	-0.433849	0.343115	0.256974	0.769141	-0.183975	-0.444899	1.280751	1.588740	1.151902	1.178043	2.626324	1.812542	0.395551	-0.519991	0.542307	0.416566	2.459146	2.321822	0.226716	1.038520	-0.668372	-0.496965	-0.016504	-0.727979	1.378825	0.936036	2.026449	1.410915	1.332358	0.862481	1.194940	-1.618949	-0.623357	-2.235695	2.461568	1.937604	-0.231892	-0.124370	0.458358	-0.230933	1.431143	0.236233	0.720233	0.924334	0.225403	0.331099	0.338243	0.102272	0.178148	1.943334	0.864193	2.101784	0.330520	1.033719	0.000370	0.979249	1.951621	1.501165	0.817199	0.252698	-2.073272	-1.767233	-0.724430	-0.122811	-0.483022	0.380067	1.316756	-0.084625	-1.159963	-0.907000	-0.306358	-0.219202	-0.590719	0.150780
-0.735194	-0.707720	0.380105	1.197057	-0.603161	-0.724097	-0.598937	0.646630	0.266953	-0.738716	0.170314	0.786085	-0.153346	-0.773196	0.044090	-0.041199	0.275391	0.330041	0.326090	-0.271998	-0.164044	-0.320133	-0.206300	-1.064945	1.906698	0.651904	1.799551	-1.810231	0.099346	0.003143	0.826565	0.343956	-0.774397	0.154129	1.599512	0.661787	0.601067	0.579484	0.646183	0.095277	0.219715	-1.492338	0.956164	1.417287	1.974953	1.711575	2.013043	1.599721	-0.436096	-1.382571	0.974756	1.049040	1.332968	2.111681	-0.244040	0.566917	-0.466698	-0.693216	-0.203566	-0.905706	1.382282	0.949071	1.539673	1.573719	0.358837	0.305426	0.929261	-2.916115	-0.788484	-1.879618	2.723571	1.792149	-0.201180	0.832030	-1.340445	0.311102	2.282363	1.096628	1.461613	1.202259	1.683058	1.001467	0.959786	0.979306	0.494248	1.989165	0.621224	2.146229	0.142095	0.401626	0.811582	0.822367	1.045099	0.870204	1.778782	1.040203	-0.127304	-2.054362	0.373878	1.583103	-0.867854	0.032179	0.703781	0.149247	-1.894984	0.093816	-0.189536	0.112236	0.328146	1.185398
-1.401190	-1.359236	0.912352	2.039756	-0.550300	-0.041234	0.019213	1.040037	1.574234	0.111896	1.300564	0.964669	-0.068594	-0.573813	-0.683839	0.071326	-0.547433	-0.544503	0.592425	-0.618931	-0.951514	-0.607284	-0.307401	-0.811092	2.560256	0.697462	1.182705	-0.736253	0.268865	0.142331	0.885853	0.433453	-0.404521	0.212201	1.685036	0.606722	1.499697	0.549004	0.932800	-0.235784	0.843906	-1.321149	0.457799	0.766629	1.754762	0.748693	0.618802	0.812812	-1.646237	-1.916624	0.627900	0.766684	-0.682457	1.192559	-0.956063	-0.330423	-0.539158	-1.092684	0.121025	-0.609059	0.920163	0.660961	0.250768	0.812218	-0.463169	-0.225879	0.810005	-1.814578	-0.978974	-0.094430	1.437474	0.363971	0.328057	0.934786	-1.440219	0.493177	1.087117	0.651006	1.632237	0.270267	2.041006	1.667565	1.245903	1.519087	0.412999	1.127094	0.439400	1.175034	-0.094799	0.084522	1.043737	0.116933	-0.409305	-0.087472	1.589962	0.878034	1.887002	-1.795248	1.266945	2.136372	-0.489452	-0.366603	-0.290306	0.755843	-1.567320	0.482900	-0.199061	0.581088	1.191446	0.823079
-1.398766	-1.605829	0.979783	1.997108	-0.588769	0.273688	0.392615	0.845105	2.335781	1.208597	1.756528	0.861313	-0.374741	0.002778	-1.286070	-0.279722	-1.489849	-1.671934	-0.052516	-0.664116	-1.270074	-1.254382	0.321121	-0.180351	2.472556	0.498365	0.492460	1.014885	0.835518	-0.090833	0.619275	0.225882	0.062656	0.582477	1.084606	0.082707	1.909875	0.896502	1.101675	0.173632	1.232175	-0.059447	0.370382	0.224023	0.855222	-0.800979	-0.406376	0.147439	-2.299901	-1.977184	-0.134307	-0.065388	-2.303242	0.195812	-1.760607	-1.214167	-1.213959	-1.476513	0.562546	-0.254836	0.566238	0.380766	-0.520132	0.317711	-0.807477	-0.689973	0.728323	0.601822	-1.047259	1.287356	-0.122558	-1.115159	1.216584	0.531392	0.108625	-0.454806	-0.912795	-0.614812	1.090388	-1.007507	1.312428	1.961084	1.294282	1.546927	-0.140801	0.165596	0.587661	0.236433	0.051008	0.207176	0.630480	-0.698562	-1.019439	-0.456522	0.739736	0.106075	2.419600	-1.092894	1.240896	1.209326	-0.029148	-0.397614	-0.585345	1.435706	-0.280349	0.192173	-0.128643	0.046942	0.877689	-0.722641
-0.357628	-1.182560	0.205564	1.172594	-0.148161	0.032134	0.582312	0.267598	1.856434	1.700446	1.145287	0.529436	-0.040108	1.277018	-1.082798	-0.838324	-1.759586	-2.131499	-0.445597	-0.263740	-0.605442	-1.514370	1.290741	0.523288	2.147350	0.677504	-0.249206	2.297478	1.217184	0.108335	0.453871	0.210185	0.938229	1.778312	0.879877	-0.125063	1.796765	1.646391	1.400386	1.040804	1.406907	1.171780	1.020611	0.398982	0.362377	-1.188728	-0.354556	0.076558	-1.686834	-1.573650	-0.333606	-0.712270	-2.258278	-0.329551	-1.864098	-1.636367	-1.703881	-1.335276	0.833809	-0.116739	0.956513	0.614591	0.080484	1.060767	-0.546850	-0.687350	0.646558	2.167076	-0.478863	1.321880	-0.509094	-1.228696	2.046887	0.207665	1.659736	-1.702402	-1.454219	-0.943898	0.612193	-1.137564	0.201873	1.698525	0.951687	1.127026	-0.875938	-0.324926	0.661956	-0.097083	0.317479	0.295500	-0.174481	-0.998273	-0.160532	0.108194	0.404991	-0.088329	1.264181	0.082196	0.463025	-0.027409	0.182542	0.077486	0.544565	1.875863	0.935442	-0.056758	0.024767	-1.661424	-0.108815	-1.826565
1.028245	-0.274113	-0.738874	0.322335	0.949659	-0.396706	0.704074	-0.080049	0.747565	1.491270	0.251934	0.352740	1.236351	2.755910	-0.253453	-1.138039	-1.416739	-1.548201	-0.040159	0.355023	0.486940	-0.923882	1.933694	0.995932	1.870848	1.223904	-1.162487	2.476052	1.285900	1.023879	0.799917	0.675334	1.852203	3.155431	1.545864	0.461853	1.397035	2.046654	1.675649	1.476604	1.365064	1.274592	1.867288	1.149343	0.848368	-0.021540	0.503156	0.413592	-0.294539	-0.939899	0.286656	-0.789557	-0.555114	-0.198977	-1.004429	-1.448520	-1.109249	-0.486862	0.600420	-0.279214	1.809422	1.266875	1.353614	2.367648	0.072379	0.022522	0.862436	2.021306	0.961572	0.512368	0.338850	-0.066594	2.284586	0.508407	1.968115	-1.652694	0.006420	0.206057	0.819137	0.036197	-0.384407	1.208879	0.383469	0.614055	-1.207713	-0.420002	0.342687	-0.140334	0.412693	0.068867	-0.914387	-0.586563	1.287663	1.033926	0.951588	0.717255	-0.326715	1.413031	-0.125365	-0.237662	0.484878	0.794327	2.388029	1.730835	0.982322	0.277629	-0.035434	-3.288793	-0.433785	-1.362357
1.405536	0.436060	-0.587063	0.160301	1.830323	-0.609930	0.500984	0.168884	0.206273	1.224832	0.158981	0.598516	2.436352	3.275941	0.149150	-1.166846	-1.255654	-0.603479	0.366335	0.662142	0.646388	-0.165256	1.610337	0.928345	1.399079	1.512822	-2.004375	1.703741	1.423200	1.797307	1.483148	1.306737	2.131144	3.487033	2.373263	1.440415	1.065071	1.563865	1.378442	0.899958	0.848696	0.230950	1.896975	1.620476	1.637341	1.169966	1.174040	0.488134	0.575777	-0.479237	0.917662	-0.402662	1.211511	0.357088	-0.075629	-0.839214	0.346826	0.649303	-0.330596	-0.644026	2.089169	1.595237	1.778697	2.568977	0.435863	0.935275	1.152218	1.113739	2.463076	-0.365750	1.157258	0.839493	1.628411	1.616656	1.246764	-0.213498	1.623541	1.304182	1.261335	1.060808	0.092326	1.023849	0.151368	0.455019	-0.643049	-0.380127	-0.138726	-0.216615	0.561070	-0.018368	-1.011773	0.167018	1.716135	1.372491	1.519711	1.588508	-0.953821	2.076106	0.064391	0.672059	0.881756	1.170747	3.200680	0.840338	-0.192139	0.808693	-0.338332	-3.473453	0.214853	0.014402
0.321304	0.313068	0.886593	0.697313	1.464983	-0.561444	-0.254658	0.751544	0.484795	1.211295	0.801992	0.928698	2.361596	2.292774	-0.458196	-1.174266	-1.598181	-0.064330	0.022563	0.405303	-0.699298	-0.157390	0.254803	0.298303	0.454650	1.200947	-2.222411	0.488723	1.705188	1.421809	1.761031	1.560848	1.699107	2.407177	2.324500	1.969517	1.033015	0.687379	0.345170	-0.197238	-0.112962	-0.906100	0.750952	1.195357	1.587847	0.896025	0.859709	-0.091768	0.195477	-0.522510	0.844871	0.261172	1.281397	0.794987	-0.178491	-0.230329	1.501577	1.452363	-1.526974	-0.898187	1.258188	1.085847	0.735178	1.014506	-0.005622	1.124131	0.611885	0.619086	2.618977	-1.042551	0.896019	0.360548	0.336157	2.771610	0.355314	0.779393	1.449605	0.842807	0.996682	0.727392	1.279728	1.206044	0.537073	0.822285	0.787234	-0.103506	-0.415454	0.010060	1.063195	0.694667	-0.078323	0.860944	0.505507	0.746396	1.147541	1.385883	-0.383579	1.470881	0.580358	1.581775	0.592126	0.610904	1.940574	-0.341539	-1.351809	0.803942	-0.261267	-2.256521	0.738984	0.732151
-1.123623	-0.542465	2.337388	1.361567	-0.055158	-0.457675	-1.237589	1.060679	0.626343	1.010872	1.029426	0.771648	1.023468	0.679263	-1.350056	-1.206583	-1.796359	0.130973	-0.559517	-0.063769	-2.375075	-0.738039	-1.321398	-0.383641	-0.686602	0.709367	-1.629666	-0.702395	1.631379	0.128321	1.115282	1.316271	1.216218	0.835686	1.203406	1.645457	1.156877	0.343248	-0.828766	-0.745026	-0.949687	-1.124788	-0.795596	0.186987	0.483521	-0.420799	-0.249516	-0.883922	-0.864886	-0.974004	0.368260	1.078754	-0.375695	0.627216	-1.271428	-0.025618	1.617989	1.689342	-2.056558	-0.692633	-0.053389	0.089462	-0.918426	-1.075828	-1.115908	0.291101	-0.886234	0.628902	1.038894	-1.331476	-0.166316	-0.890212	-0.918284	2.618728	-0.226692	-0.079757	-0.275182	-0.625759	-0.079723	-0.490734	2.052912	1.245805	1.179773	1.451622	2.399811	0.673234	-0.403377	0.967045	1.686473	2.127275	1.617801	1.487062	-1.221606	-0.265974	-0.052698	0.144613	0.489530	0.009262	0.561426	1.428930	-0.684234	-0.859418	-0.548048	-0.932297	-1.144313	0.262351	0.809683	-0.894779	0.169021	0.153208
-1.451568	-1.252798	2.337276	1.636729	-1.533352	-0.461419	-1.764125	0.724436	-0.127189	0.255695	0.149456	0.105535	-0.438396	-0.161039	-1.337543	-1.100421	-1.154606	0.498991	-0.332481	-0.169713	-2.559812	-0.847077	-1.940503	-0.472201	-1.358083	0.629978	-0.749090	-1.417889	0.937928	-0.674604	-0.044667	0.971012	1.197290	-0.072746	-0.192846	0.820334	0.954877	0.648009	-1.339779	-0.328329	-1.143149	-0.443139	-1.603670	-0.553382	-0.750364	-1.129374	-1.117842	-1.040733	-1.416013	-1.213195	0.242867	1.663024	-1.876572	-0.094405	-2.098253	-0.193123	1.205817	1.640332	-1.388520	-0.024134	-0.830323	-0.619906	-1.940051	-1.944165	-1.928061	-0.707214	-1.987922	0.562211	-0.927588	-0.866466	-0.935159	-1.338000	-1.581654	0.766550	-0.392102	-1.768562	-1.700554	-1.324942	-0.990324	-1.185918	1.510745	0.746223	1.442670	1.810696	3.279797	1.763144	-0.193478	2.269771	1.841208	3.344271	3.091682	2.169734	-1.866718	-0.764724	-1.060395	-0.961847	0.711815	-1.138067	-0.194646	0.262103	-1.739626	-2.251102	-2.253531	-0.585602	0.368097	-0.154857	2.422879	-0.312517	-0.971948	-0.825354
-0.372875	-0.985256	0.974110	1.374859	-1.834335	-0.577161	-1.426599	-0.074068	-1.223343	-0.640591	-1.147998	-0.527235	-1.007653	0.176730	-0.188926	-0.730537	0.089795	1.130515	0.823649	0.305002	-0.831746	0.082130	-1.136289	0.072727	-1.232881	0.891078	-0.286061	-1.225698	0.188751	-0.006802	-0.720949	0.868271	1.311250	-0.057047	-0.954273	0.136797	0.089550	0.723969	-0.870241	0.427423	-0.760970	0.300075	-1.262654	-0.564804	-1.247064	-0.534484	-0.869522	-0.319571	-0.858659	-0.672528	0.647052	1.374280	-1.420587	-0.715209	-1.494409	-0.144798	1.267800	1.661524	-0.041990	0.633167	-0.815830	-0.752496	-1.912182	-1.124388	-1.457699	-0.702908	-1.599712	0.238526	-1.641418	0.244298	-0.813432	-0.348631	-1.518447	-1.476364	-0.083477	-2.053867	-1.791061	-0.604539	-0.918266	-0.733809	-0.042806	-0.023024	0.896744	1.434590	3.014774	2.495217	0.063746	2.884101	1.232262	3.457140	3.318044	2.700844	-1.191930	-0.491815	-1.113269	-0.941723	0.058864	-1.122299	-1.026580	-0.932739	-1.157951	-2.450472	-1.923974	0.011046	1.669254	-0.188148	3.161488	-0.258752	-1.292252	-0.970872
0.967118	0.140450	-0.388302	0.629435	-0.849800	-0.720506	-0.431473	-0.750916	-1.498806	-0.927248	-1.610594	-0.739910	-0.620991	0.803790	1.065705	-0.155452	1.020403	1.541634	1.898594	1.056434	1.202115	1.347469	0.251145	0.585970	-0.673498	0.787518	-0.378815	-0.113293	0.095920	1.450935	-0.396474	0.778819	0.860285	0.242323	-0.918397	-0.122576	-1.150428	-0.124966	0.246771	0.693861	-0.257074	0.439564	-0.371036	-0.195237	-1.170533	0.309008	0.288371	0.545117	0.291199	0.339124	1.098204	0.092871	0.681354	-0.585074	0.340798	0.651289	1.921722	1.725395	0.813755	0.693661	-0.641445	-0.743803	-1.314427	0.256509	0.063168	0.361629	-0.584009	0.048401	-1.048962	1.061431	-0.259374	0.983607	-0.848009	-2.511542	0.534426	-0.341879	-1.277471	0.387528	-0.315581	0.140120	-1.277610	-0.475938	-0.381026	0.292052	2.024575	2.397682	0.078238	2.246976	0.168379	2.433662	2.126124	2.632127	-0.441481	-0.023088	-0.482340	-0.065918	-1.034581	-0.117048	-1.130425	-1.269653	0.621551	-1.578913	-0.231208	-0.042763	1.470424	-0.291612	2.117414	-0.086699	-0.303969	-0.094316
1.157630	1.119271	-0.662104	-0.417739	0.532325	-0.817901	0.559808	-0.845369	-0.695807	-0.441854	-0.822863	-0.672328	0.142527	0.738585	1.211004	0.355562	1.071019	1.280047	1.898097	1.528542	1.531121	1.738518	0.740646	0.448034	-0.280409	-0.141936	-0.573680	1.171848	0.505044	2.079264	0.451342	0.184705	-0.181575	0.123063	-0.646766	-0.187509	-2.007583	-1.437455	1.257266	0.272933	-0.032663	0.015084	0.106683	-0.183056	-1.237877	0.068611	1.150646	0.580457	0.946696	0.776018	1.159993	-1.219078	2.339555	0.183598	1.957009	1.865830	2.211304	1.517091	0.402453	-0.021481	-0.983887	-1.128610	-0.869605	0.748934	1.056864	1.184212	-0.538700	0.234798	-0.446990	0.746374	-0.127295	1.051502	0.176231	-2.165698	0.908778	1.623832	-1.180263	0.299165	-0.345950	0.345268	-1.137773	-0.459142	-1.645477	-1.006015	1.125667	1.706885	-0.358321	0.932283	-0.697690	0.932948	0.399702	1.813668	-0.656212	-0.035832	-0.076181	0.478314	-1.929418	0.958585	-0.284746	-0.731763	1.623340	-0.932546	1.048336	-0.789087	0.081681	-0.699967	0.014997	0.221399	0.989482	0.977290
-0.088061	1.117851	-0.017216	-1.293695	1.234412	-0.865945	0.876013	-0.510491	0.150179	0.140559	0.372067	-0.677481	0.808277	0.063380	0.154083	0.497059	0.579066	0.491879	0.872152	1.326813	-0.076057	0.922589	-0.342064	-0.251910	-0.274050	-1.413780	-0.534282	1.518102	0.517248	1.122538	0.939433	-0.886958	-0.972321	-0.470645	-0.658344	-0.370210	-1.991099	-2.099908	1.393657	-0.477364	-0.250029	-0.572717	-0.292615	-0.896181	-1.617714	-1.091558	0.673580	-0.396767	0.532589	0.147598	0.910223	-1.256379	2.013175	0.668067	2.102358	2.396950	1.423889	0.965877	-0.950314	-1.086808	-1.792372	-1.857450	-0.980726	-0.036829	0.245816	0.532099	-1.432212	0.408412	-0.576889	-0.326447	-0.652413	-0.399243	0.999236	-1.410614	0.532975	1.957723	-1.342661	-0.798280	-1.308489	-0.299390	0.045750	-0.359698	-1.873064	-1.519683	0.830077	1.073511	-0.949598	0.019264	-0.921601	-0.409541	-0.695622	0.620089	-1.395836	-0.562496	-0.389190	-0.014352	-2.105565	1.228812	1.041941	0.012835	0.816051	-1.282231	0.954857	-1.513144	-1.161728	-0.832473	-1.457252	0.252332	1.377476	1.471787
-1.651031	0.287697	0.545656	-1.388987	0.838380	-0.896034	0.313387	-0.406832	-0.145416	-0.044114	0.699374	-0.944265	1.272891	-0.320053	-0.917644	0.271547	0.364981	-0.164860	-0.281118	0.504183	-1.804148	-0.153697	-2.105012	-0.913595	-0.470530	-1.949101	-0.521127	0.468786	-0.424258	-0.620580	0.631655	-1.635517	-0.741976	-0.977736	-0.851390	-0.641554	-1.360244	-1.657665	0.396015	-1.180205	-0.775379	-1.079181	-1.199676	-1.951635	-1.755338	-1.640869	-0.826951	-1.531107	-0.404421	-0.681623	0.750467	0.182689	0.232844	0.023349	1.007020	1.480876	0.150251	0.451204	-2.053525	-1.730407	-2.345003	-2.330238	-1.454693	-1.163402	-1.669366	-1.314842	-1.816589	-0.070228	-0.817219	-0.900347	-1.191041	-1.891940	0.853622	-0.856133	-0.458941	0.717348	-0.980646	-1.596102	-2.128247	-0.860284	0.862227	-0.496248	-0.807640	-0.821992	1.016104	0.850113	-1.093006	-0.105749	-0.672811	-1.325454	-0.733010	-0.430174	-1.420231	-0.997360	-0.966612	-0.926495	-1.349627	0.514426	2.072113	0.383051	-0.668974	-1.908731	0.199160	-1.651028	-1.423764	-0.104890	-1.324376	0.025602	0.794222	1.315600
-2.181676	-0.598016	0.349722	-0.565585	-0.219165	-0.834748	-0.699692	-0.958834	-1.551926	-1.129788	-0.280118	-1.363213	1.533967	0.080244	-0.844981	0.013576	0.820727	-0.241961	-0.884114	-0.526711	-1.856059	-0.372900	-2.940613	-1.097351	-0.714152	-1.216719	-0.927255	-1.153363	-1.868870	-1.811833	-0.262317	-1.376961	0.307169	-0.874913	-0.782992	-0.748805	-0.774486	-0.774293	-1.223494	-1.691775	-1.233523	-1.476143	-1.878744	-2.577324	-1.223811	-0.572685	-1.810767	-1.690689	-0.744455	-0.479216	0.875389	1.819147	-1.340184	-1.546887	0.037005	-0.381023	-0.398435	0.340782	-1.885352	-1.380861	-2.012257	-2.065310	-1.617208	-1.358186	-2.618842	-2.877330	-1.188861	-1.266467	-0.415020	-0.279343	-0.980902	-1.861318	-0.543659	-0.328673	-1.274388	-0.549224	-0.079697	-1.106739	-1.670823	-0.402797	0.347872	-0.683996	0.548566	0.444500	1.065395	0.752089	-0.643711	-0.117420	-0.521268	-1.763746	-0.293552	-1.157703	-0.312849	-0.720000	-0.987532	-1.083722	0.075712	-0.494639	2.204529	0.343010	-1.144098	-1.790717	-0.009683	-1.167704	-0.861765	1.038672	-0.108133	0.056549	0.059232	0.868918
-1.515364	-1.056658	-0.254050	0.540978	-1.174478	-0.450192	-1.473666	-1.785069	-2.690170	-2.184771	-1.611653	-1.493021	1.477925	0.730642	0.113929	-0.094724	1.423707	-0.075963	-1.068160	-1.377139	-0.463238	0.197281	-2.142934	-0.812360	-1.035826	0.104977	-1.471414	-1.889397	-2.770551	-1.818601	-1.230817	-0.445541	1.241793	-0.246271	-0.360454	-0.620792	-0.529392	-0.325268	-2.547174	-1.969056	-1.312901	-1.699635	-1.965127	-2.353075	-0.319289	1.260275	-1.122961	-0.553852	-0.035470	0.767028	0.929227	2.210286	-1.800224	-2.857653	0.099415	-1.776702	0.127621	0.534129	-0.534777	-0.126264	-0.917237	-1.204029	-0.971206	-0.337512	-1.553966	-3.044740	-0.702191	-2.354829	0.307853	0.920460	-0.070065	-0.434001	-2.423763	0.299093	-1.121606	-0.741207	0.544105	0.227350	-0.197013	0.782771	-0.885398	-0.499804	0.989121	1.119576	0.345669	0.234788	-0.071712	-0.826604	-0.694660	-1.755125	-0.243525	-1.729779	1.013192	0.280658	-0.283956	-0.217656	1.427775	-0.743830	1.363096	0.172372	-0.422473	-1.055903	0.395033	-0.253736	0.032124	1.469025	0.929047	0.560840	-0.324109	0.497005
-0.667413	-1.139936	-0.348199	1.064413	-1.523560	0.406925	-1.617549	-2.031695	-2.179686	-1.990914	-1.827962	-0.815557	1.023778	0.798516	0.598544	-0.316145	1.289265	-0.349061	-1.179502	-1.862653	0.595386	0.393417	-0.516364	-0.264087	-1.344843	0.828117	-1.320388	-1.073773	-2.404893	-0.952493	-1.812107	0.178599	1.426796	0.366703	0.033505	-0.417155	-0.288072	-0.317665	-2.915285	-1.859966	-0.999316	-1.523056	-1.638898	-1.535883	0.328191	2.073747	0.619653	1.006690	0.942868	1.799633	0.283019	1.255844	-1.470829	-2.873763	0.760139	-1.662675	0.939716	0.705738	0.927886	1.358142	0.222989	-0.276338	0.142448	0.888368	0.401895	-1.962508	-1.269716	-2.354994	0.475579	1.503942	0.680675	0.822023	-3.456501	0.701578	-0.027972	-0.113477	0.406621	1.063064	0.935866	1.406750	-1.303550	0.167351	0.492490	0.715252	-1.101033	-0.784060	0.306734	-2.020219	-0.746065	-1.440838	-0.785161	-2.229639	1.416940	1.292470	0.432634	0.703337	1.869131	0.205013	0.045676	0.049660	0.296171	-0.582762	0.363999	0.780111	0.885492	0.687806	1.029725	1.047516	-0.568696	0.450320
-0.428613	-0.940018	0.353795	0.713442	-1.134311	1.452279	-1.183071	-1.249741	-0.178925	-0.390647	-0.573105	0.607622	0.293211	0.164535	-0.077500	-0.904768	0.273425	-1.042629	-0.997660	-1.802998	0.300968	-0.507509	0.632571	0.387874	-1.274266	0.539491	-0.224555	0.504017	-0.956971	0.020095	-1.822478	0.033942	1.038676	0.570256	0.085595	-0.222826	0.373190	-0.010828	-2.221360	-1.129708	-0.394695	-0.723730	-1.138352	-0.664488	0.447706	1.214743	1.636775	1.749613	1.058843	1.634433	-1.163864	0.114135	-0.925518	-1.660063	1.087563	-0.250798	1.225905	0.823314	1.572715	2.395440	0.843648	0.385840	0.794222	1.130679	1.457366	-0.544627	-2.182351	-1.261641	-0.085764	0.899700	0.576234	0.843853	-2.951290	0.598747	0.987111	0.476255	-0.112621	0.662583	0.884537	0.747014	-0.280537	0.916074	0.007077	-0.173293	-2.253213	-1.639700	0.743887	-2.532775	-0.219738	-1.023102	-1.260777	-2.344457	0.786401	1.467066	0.411182	0.652042	1.115293	1.592613	-1.009275	0.004937	0.117648	-0.688434	-0.712615	1.300198	1.301103	-0.598665	0.428903	0.901659	-0.900951	0.739475
-0.420855	-0.325810	1.022450	-0.079927	-0.155780	2.010821	-0.384817	0.160808	1.630682	1.330505	0.912383	1.851967	-0.470081	-0.593799	-1.005430	-1.525061	-0.721323	-1.301123	-0.106490	-0.991383	-0.456466	-1.695240	0.848201	0.930448	-0.589240	-0.111371	0.869787	1.458031	0.618345	0.400940	-1.437724	-0.424898	0.540965	0.354259	-0.091558	0.023408	1.279470	0.930740	-0.789212	0.138896	0.460079	0.586971	-0.408875	-0.013145	0.255265	-0.227131	1.022901	1.349735	0.220385	0.672244	-2.535180	-0.237436	-0.308621	-0.133754	0.872065	1.250946	0.985976	1.059461	1.431543	2.732251	0.928592	0.772878	0.505835	0.305060	1.179957	0.381170	-2.221033	-0.154099	-0.643183	-0.439816	-0.107031	0.212392	-1.444500	0.122754	0.849769	0.579375	-0.446812	-0.387394	0.167166	-0.434326	1.056756	1.143918	0.008972	-0.704608	-1.886001	-1.530128	1.355783	-1.625012	0.564146	-0.645886	-0.905256	-1.626781	-0.001496	0.698036	-0.260907	-0.285157	-0.226778	2.064444	-1.312697	0.087731	-0.622236	-0.910969	-2.055875	0.647238	0.935175	-1.254006	-0.154214	0.192914	-1.003416	0.924800
0.167322	0.665084	0.731456	-0.713611	0.883028	1.604632	0.560144	1.335112	1.760905	1.727396	1.218508	1.935130	-1.010845	-1.018783	-0.894978	-1.476582	-0.757587	-0.607921	1.054039	0.352156	-0.256249	-1.676008	0.668899	0.981397	0.393137	-0.345744	0.817460	1.114350	1.309860	-0.066370	-0.936355	-0.530122	0.050138	-0.173655	-0.205035	0.278509	1.769491	1.814583	0.760927	1.186122	1.297172	1.787473	0.610495	0.480617	0.134290	-0.865186	-0.298622	0.652049	-0.433898	0.083675	-2.662692	0.060951	0.325482	0.910442	0.522891	1.650592	0.618986	1.227592	1.054425	2.342153	0.698209	0.825331	-0.163876	-0.609109	0.477732	0.449269	-1.346323	0.029437	-0.494392	-1.585788	-0.476660	0.128828	-0.081908	-0.381464	-0.301713	0.338445	-0.442613	-0.973201	-0.153785	-0.863684	1.093040	0.567157	0.019153	-0.714326	0.024850	-0.470713	1.496779	-0.027150	0.788829	-0.399832	0.241887	-0.127304	-0.200627	-0.173201	-0.774860	-1.098294	-1.120729	1.027861	-0.865215	0.308219	-1.009765	-0.776952	-2.324681	-0.989544	-0.021321	-0.788470	-0.315570	-0.320892	-0.464135	0.359630
1.288421	1.470852	-0.276814	-0.947209	1.171890	0.507284	1.330619	1.706852	0.359356	0.712341	0.383793	0.909683	-1.037693	-1.159453	0.238659	-0.555822	0.035164	0.363253	1.238875	1.344589	0.918583	-0.152504	0.594473	0.247925	1.080727	-0.011545	-0.266121	-0.169511	0.738301	-1.058397	-0.293003	-0.054173	-0.459185	-0.882820	-0.072290	0.401409	1.584776	1.759768	1.663517	1.038400	1.445381	2.072255	1.612381	0.959801	0.427553	-0.447655	-0.893661	0.529287	0.099378	0.393312	-1.338302	0.293909	0.631099	1.291456	0.126828	0.674862	0.158576	0.726676	0.528724	1.120886	0.261476	0.345322	-0.219793	-0.741493	0.025854	-0.184629	-0.560711	-0.473934	0.193418	-1.895812	-0.080515	0.796119	0.431966	-0.580881	-1.119401	0.131432	-0.083024	-0.607165	0.283170	-0.265721	-0.368264	-0.512031	-0.349104	-0.601113	1.914235	0.558891	0.474961	0.757428	0.131595	-0.348276	1.254872	1.366618	0.042614	-0.255939	-0.511118	-1.004256	-1.057559	-0.671978	-0.044993	0.440672	-0.642736	-0.233410	-1.106918	-2.319551	-0.820120	0.349099	-0.238195	-0.079556	0.392152	-1.029867
2.022514	1.390453	-0.873551	-0.936785	0.376388	-0.450031	1.577507	1.470257	-1.259992	-0.556643	-0.355562	-0.206843	-0.352135	-1.183915	1.155720	0.516241	0.674419	0.545349	-0.141495	1.110052	1.689345	1.418537	0.345499	-1.066446	1.254296	0.687988	-1.072809	-1.647153	-0.700843	-1.949649	0.753827	0.871859	-0.640860	-1.362587	0.416544	0.526121	1.331665	0.907497	1.448445	-0.336839	0.485675	1.187950	2.140013	1.534381	1.323403	0.398824	-0.564953	0.821097	1.404660	0.973952	0.357787	0.169205	0.290868	1.140672	-0.624694	-0.845959	-0.695702	-0.733529	-0.553810	-0.827498	-0.227643	-0.530569	0.699294	-0.139374	-0.428682	-0.913571	-0.451793	-0.755243	0.547586	-1.358843	0.660793	1.371404	0.271107	-0.247987	-0.589767	0.232428	0.826370	0.391004	0.957786	0.549817	-1.864384	-1.456276	-0.620122	-0.599863	2.073814	0.585505	-1.271604	0.125404	-0.883021	-0.435862	1.222974	1.914116	0.135158	0.362272	0.344059	-0.175401	-0.514592	-1.614709	0.620730	0.142224	0.044303	0.484080	0.589777	-2.124545	-0.896387	1.255110	-0.306080	0.534101	0.524878	-2.381711
1.775164	0.366244	-0.534989	-0.944843	-0.716656	-0.722913	1.277689	1.323153	-2.101724	-1.120743	-0.202173	-0.608238	0.761706	-1.066321	0.940659	0.699591	0.499523	-0.168556	-2.076112	-0.271506	1.015916	1.425646	-0.602668	-2.283030	1.132856	1.616855	-0.704028	-2.715475	-2.160677	-2.287231	2.101264	1.979062	-0.090855	-1.042581	1.242406	1.058559	1.669522	0.260894	0.365539	-1.664174	-0.969252	-0.182676	2.087696	2.246749	2.545613	1.191701	-0.259686	0.710257	2.082302	0.897873	1.112898	-0.084974	-0.508092	0.578275	-1.567706	-1.643958	-1.947612	-2.550940	-2.085828	-2.682910	-0.378768	-1.086544	1.934828	0.512513	-1.179873	-1.104562	-0.550344	-0.477522	-0.006430	-0.453628	1.060363	1.242561	0.056325	0.515788	0.737437	0.540197	2.216536	1.440467	1.244545	0.804362	-1.963608	-1.850554	-0.177416	-0.563714	0.449817	-0.386235	-2.346003	-1.036425	-1.500981	-0.525985	0.192783	1.233222	-0.030732	0.749480	1.076284	0.576545	-0.360167	-1.308126	0.686599	-0.621585	0.374926	1.039958	1.254849	-0.734075	-0.445695	1.233533	-0.652726	0.632307	-0.694588	-2.663130
0.954745	-0.811076	0.031216	-1.089566	-0.887761	-0.592663	0.824103	1.639346	-2.042850	-1.045997	0.420213	-0.446041	1.444107	-0.863205	-0.092371	-0.291061	-0.217418	-0.894178	-2.951347	-1.757761	-0.608435	-0.011057	-1.969998	-2.759665	0.807129	2.420911	0.281587	-2.928008	-2.764940	-1.968526	3.001875	2.722080	0.794053	0.036996	1.928449	1.967651	2.204124	0.291473	-0.813982	-1.657756	-1.691999	-1.007510	1.705444	2.822705	3.191633	1.712220	-0.588671	-0.126023	1.385739	0.040968	0.566312	-0.355743	-1.152647	-0.135649	-1.853570	-1.084679	-3.039893	-3.615788	-2.938070	-3.200736	0.076699	-0.649105	2.394079	0.584231	-1.792168	-0.684691	-0.194520	-0.150659	-0.967280	0.215066	0.868409	0.655497	0.095879	1.200665	1.435585	0.549441	3.270801	1.989676	0.971330	0.404809	-0.837087	-1.818229	0.681229	-0.379702	-1.391065	-1.526950	-1.876930	-1.494196	-1.397080	-0.654547	-0.903252	-0.149051	0.038435	0.238279	1.126806	0.578314	-0.847398	-0.545728	0.088182	-1.394445	0.251254	1.189786	0.329487	0.173737	-0.046428	0.255540	-1.148156	0.016037	-2.474767	-1.732244
0.318190	-1.212695	-0.080646	-1.275477	0.020461	-0.713112	0.595318	1.919904	-1.286501	-0.837438	0.716997	-0.320122	0.916852	-0.930059	-1.006539	-1.577103	-0.800544	-0.930773	-2.284299	-2.336923	-1.754705	-1.191689	-2.616312	-2.320284	0.058757	2.304203	0.697901	-2.038745	-2.040082	-1.101529	2.681053	2.329261	0.892833	0.849003	1.630334	2.343557	1.778062	0.298411	-1.460261	-0.532457	-1.180720	-0.924066	1.157707	2.569025	2.356215	1.500061	-1.144273	-1.149503	0.039600	-0.820344	-0.629409	-0.854812	-1.105868	-0.475334	-0.953162	0.273113	-3.263751	-3.283677	-1.985785	-1.861076	0.799750	0.567931	1.506463	-0.119326	-1.660042	-0.155464	0.438841	-0.266717	-1.251822	0.275879	0.271549	0.051078	0.088878	1.343605	0.862190	-0.082257	2.962493	1.541925	0.284810	-0.336201	0.079514	-1.768244	0.961853	-0.207153	-2.085974	-2.100035	-0.427175	-0.994737	-0.716936	-0.994846	-1.232799	-1.406409	0.586843	-0.875805	0.437873	-0.244455	-1.345471	-0.196110	-0.678276	-1.589289	0.259451	0.977384	-1.150138	-0.450890	0.122924	-0.965701	-1.636055	-0.502230	-3.128162	-0.343690
0.088259	-0.627884	-0.789728	-1.273376	0.861044	-1.204742	0.551201	1.329635	-0.058946	-0.636995	0.539912	-0.409308	-0.668936	-1.442640	-1.238088	-1.902388	-0.937623	-0.434507	-1.048940	-1.847185	-1.515592	-0.851880	-1.742818	-1.234583	-1.039334	0.824398	0.263812	-0.353534	-0.312821	0.051147	1.204324	0.544586	-0.337702	0.341410	0.025118	1.244108	0.015688	-0.503332	-1.430680	0.320557	-0.203785	-0.474930	0.402240	1.023701	0.204750	0.168328	-1.271726	-1.624561	-0.675049	-0.918196	-1.589612	-1.603298	-0.324088	-0.094686	0.533744	1.252738	-2.333322	-1.893082	0.414387	0.387693	1.054394	1.528900	-0.229926	-1.263525	-0.892819	0.076520	0.566589	-0.612563	-0.560662	-0.188357	-0.446715	-0.547200	-0.353773	1.035107	-0.326450	-0.871791	1.244370	0.049853	-0.575918	-1.015060	-0.210112	-1.859962	0.194005	-0.214108	-1.763783	-1.973568	0.737760	-0.237384	0.182687	-1.383811	-0.806686	-1.910969	1.024449	-1.725159	-0.613230	-1.366878	-1.124519	-0.101982	-0.892477	-1.031295	0.817163	0.632262	-1.546596	-1.665068	0.354502	-1.467359	-1.975430	-0.175009	-1.859945	0.767097
0.032532	0.372199	-1.242723	-0.905296	0.737015	-1.446048	0.405776	-0.155638	1.079725	-0.332731	0.254977	-0.432103	-2.230542	-1.865427	-0.809804	-0.856598	-0.748577	0.106425	-0.388952	-0.833699	-0.229905	0.484666	0.091338	0.011122	-1.785283	-1.196395	-0.118855	1.165892	1.336455	1.014767	-0.480992	-1.694813	-2.000564	-1.171350	-1.976776	-0.915673	-1.950438	-1.722067	-0.878120	0.130339	0.177198	-0.269785	-0.430680	-1.127581	-1.830327	-1.605481	-0.899684	-1.301379	-0.309327	-0.242532	-1.783521	-2.092465	0.692278	0.628927	1.472602	1.257992	-0.643684	-0.365175	2.442202	1.858602	0.498863	1.407213	-1.563802	-2.078105	-0.111930	0.178339	0.006431	-0.560270	0.153278	-0.688931	-0.980022	-1.164997	-0.959409	0.706368	-1.173911	-0.866575	-0.612007	-1.591239	-1.197990	-1.116881	-1.236509	-1.809674	-0.982348	-0.363666	-1.339190	-1.407038	0.930506	0.125519	0.835012	-1.245040	-0.243241	-1.474693	0.564119	-1.695876	-1.378431	-1.930556	-0.274072	0.393918	-0.363218	-0.153323	1.393633	0.273129	-0.443148	-1.673691	0.718111	-0.890977	-1.932700	0.724077	0.217310	1.373924
0.123390	1.134969	-1.007647	-0.263831	0.216136	-0.824262	0.111191	-1.482945	1.318171	-0.104691	-0.020270	-0.309198	-2.723189	-1.415506	0.089865	0.814337	-0.310204	0.587704	-0.414091	0.120385	1.057782	1.425689	1.488037	0.910124	-1.598903	-2.263074	0.450169	1.520100	1.823978	1.285266	-1.436451	-2.813824	-2.649027	-2.095693	-2.885786	-2.380726	-2.696228	-2.205384	-0.045581	-0.364010	-0.150544	-0.173438	-0.877609	-2.263600	-2.330538	-2.199163	-0.373178	-0.473644	0.542348	0.676479	-1.123522	-1.742198	1.299839	0.862543	1.427613	0.786461	0.909158	0.590716	2.603873	1.753519	-0.399464	0.455567	-1.478669	-1.838757	0.460877	0.571331	-0.325560	0.183207	-0.085136	-0.674836	-0.991278	-1.375334	-0.861751	0.427470	-1.376400	0.112771	-1.204851	-1.981966	-1.079671	-0.231627	-1.771183	-1.280295	-1.614431	-0.597256	-1.105635	-0.725271	0.378215	0.071011	0.719074	-0.358709	-0.074049	-0.489873	-0.617168	-0.851722	-1.229684	-1.260036	0.384901	1.195072	0.227772	0.319892	0.982391	-0.056526	0.803125	-0.079974	0.750837	0.127548	-1.329056	1.375934	1.290608	1.420158
0.626794	1.520308	-0.643950	0.211920	0.401164	0.490536	-0.051681	-1.648924	0.416749	-0.356627	-0.577120	-0.422267	-2.053762	-0.151574	1.336970	2.122092	0.554829	1.222962	-0.339925	0.779752	1.642453	1.471396	1.688506	1.195427	-0.910248	-1.872972	1.781313	0.564233	0.937472	0.729674	-1.568539	-2.114804	-1.900234	-1.351045	-2.174873	-1.915474	-2.146495	-1.570837	0.675380	-0.019850	-0.358368	0.406350	-0.634551	-1.431683	-1.377226	-0.786838	0.135349	0.349655	1.176999	1.431663	0.041389	-0.609378	1.319185	0.296608	0.934470	0.646486	1.499191	0.862632	1.319350	0.919698	-0.819124	-0.225634	-0.034869	-0.567430	1.180444	1.327644	0.469210	1.215098	-0.914902	0.020527	-0.406766	-0.696910	0.363148	-0.238954	-1.139939	1.021959	-0.503200	-0.599087	-0.198333	1.365886	-1.261324	-0.394974	-1.556387	-0.986127	-0.628951	-0.235973	-0.345156	-0.098002	-0.395510	0.574880	-0.434132	0.233410	-1.246422	0.221072	-0.099817	0.501554	0.330891	1.439566	-0.007190	-0.043325	-0.610065	-0.100465	0.684119	1.700802	0.154458	0.605818	-0.398313	1.470225	0.968328	0.811544
1.476204	1.786116	-0.962668	-0.002924	1.185737	1.637693	0.080606	-0.847636	-0.836631	-1.081594	-1.527655	-1.035195	-1.019417	0.838758	2.631577	2.774415	1.884094	1.987641	0.459805	1.178977	1.623137	1.239301	1.191605	1.079026	-0.753163	-1.052471	2.843362	-0.762444	-0.564489	-0.252622	-1.502473	-0.527194	-0.747712	0.253082	-0.866086	-0.347595	-1.522027	-0.728118	0.800182	1.162973	0.177529	1.506609	-0.065333	0.428342	-0.443446	1.367716	0.684696	0.740497	1.479148	1.921353	0.953167	0.521301	1.152176	-0.380482	0.591452	0.839541	1.004535	0.704715	0.362572	0.782644	-0.384186	0.219759	1.684855	0.784459	2.179756	2.066824	1.868108	1.730784	-1.045501	0.945958	0.303246	0.594460	1.910816	-1.452886	-0.619543	0.795274	0.167971	1.414297	0.645053	2.592300	-0.321067	0.252335	-1.467852	-1.509827	0.170657	-0.163253	-0.813506	-0.285915	-1.996711	0.616663	-1.170015	0.144797	-0.253052	0.888241	1.192043	2.262531	-0.018551	0.737528	-1.110359	-1.006290	-2.343922	0.478256	-0.541738	2.255539	-0.513474	0.241684	0.247388	1.319619	0.540716	-0.199949
1.959330	2.045747	-1.932738	-0.989116	1.320595	1.875924	0.226788	-0.174918	-1.359049	-1.655204	-2.405147	-1.741714	-0.466705	0.612196	3.330417	3.032853	3.135494	2.438876	1.735206	1.424716	1.479765	1.195922	0.884349	1.077877	-1.423706	-0.984127	2.901542	-1.245098	-1.684359	-0.996326	-1.700379	0.395735	-0.291173	0.876262	-0.349543	0.312808	-1.729449	-0.716685	0.191487	2.035971	1.078287	2.263179	0.103510	1.348200	-0.708909	2.055806	1.185361	0.501809	1.622162	2.050020	0.888790	0.802871	1.115594	-0.257637	0.330007	0.560231	0.097853	0.359714	0.753647	1.626407	0.507789	1.533320	2.455230	1.088207	2.865871	2.345206	2.293772	1.211937	0.085378	1.298741	0.425502	1.488730	2.384089	-2.415664	0.071448	-0.255497	-0.244940	2.248167	0.469583	2.416554	0.133026	0.157390	-1.753437	-1.862566	0.579791	-0.468450	-0.857334	-0.683066	-2.947016	-0.265522	-1.914008	-0.467706	1.892441	0.891965	1.479242	2.801610	0.079327	-0.234816	-2.120408	-1.883438	-2.988365	1.532514	-1.154184	1.649092	-0.390243	-0.396609	0.250222	1.164304	0.914249	-0.892974
1.350581	1.999575	-2.566324	-2.057025	0.274790	1.266785	-0.006010	-0.325424	-0.864340	-1.450560	-2.538257	-1.811147	-0.578827	-0.518698	2.872748	2.972242	3.429095	2.147432	2.623851	1.603429	1.416557	1.005654	0.984751	1.459332	-1.997301	-1.574069	2.166793	-0.542301	-1.899437	-0.996618	-1.914380	0.063981	-0.593149	-0.218597	-0.858850	-0.774510	-2.299469	-1.416347	-0.595195	1.741217	1.467655	1.828301	-0.372975	0.455300	-1.778076	0.590057	1.326399	-0.244163	1.472051	1.626278	-0.068429	0.161579	0.863840	0.645408	-0.182653	-0.636165	-0.399447	-0.027595	1.663962	2.275905	1.072306	2.536143	1.840538	0.134497	2.522171	1.991017	1.139634	0.011140	1.622890	0.675882	-0.279711	1.245397	1.322873	-2.019925	0.516895	-0.730163	-1.304255	1.274074	-0.787761	0.899762	-0.015368	-0.519845	-1.890089	-1.698690	0.072196	-0.784126	-0.579272	-1.342558	-2.382832	-1.126075	-2.118325	-0.807289	3.389610	0.416682	0.358449	1.870234	0.699250	-0.631145	-2.061126	-2.156445	-2.284486	2.314176	-0.206273	0.862366	0.468611	-0.639901	0.003096	0.910227	1.159052	-0.785048
-0.236222	1.270649	-1.936330	-2.157046	-0.857618	0.583714	-0.527717	-0.946566	0.020893	-0.502273	-1.701793	-1.015611	-0.900809	-1.351712	1.423167	2.365807	2.353223	1.177869	2.480068	1.732919	1.206360	0.331642	1.071329	1.953870	-1.416861	-1.798889	1.337010	0.546132	-1.258843	-0.231849	-1.634500	-0.823364	-0.964146	-1.857228	-1.446911	-2.404859	-2.125150	-1.710323	-0.706256	0.736554	1.037288	0.473405	-0.976208	-1.171605	-2.300162	-1.484034	0.950045	-1.027015	0.657269	0.651481	-0.875469	-0.507217	-0.125871	1.319102	-0.772829	-2.021809	-0.256969	-0.318905	1.624626	1.576035	0.806156	2.209508	0.444265	-1.042109	1.196344	1.121067	-0.150348	-0.757553	2.349874	-0.361868	-1.260550	0.176634	-0.176494	-0.332700	0.192898	0.158103	-1.837493	-0.399761	-2.057414	-0.861204	-0.025490	-0.990652	-1.059799	-1.003920	-0.713828	-0.638800	-0.251041	-1.799490	-0.576513	-1.103252	-1.389238	-0.471404	2.765929	-0.174603	-1.315881	0.346845	1.217862	-0.482695	-0.896507	-1.799921	-0.916684	2.187029	1.216017	0.468984	0.948039	-0.367465	0.253713	0.550279	0.002812	-0.278432
-1.829499	-0.028598	-0.210062	-0.895588	-0.802381	0.538272	-0.728741	-1.258782	0.621855	0.574416	-0.288603	0.130499	-0.923343	-1.158790	-0.135414	1.290076	0.448413	0.061672	1.432943	1.724329	0.575040	-0.400154	0.848271	2.097195	0.212319	-1.158529	0.749011	1.063583	-0.132042	0.726641	-0.872643	-1.354181	-0.981425	-2.388692	-1.304537	-2.934081	-0.900894	-0.778857	0.152362	0.204828	0.339762	-0.545504	-1.066089	-1.869805	-1.637217	-2.324908	0.289530	-1.239261	-0.786639	-0.502838	-0.556689	-0.204388	-1.556468	0.903629	-0.849200	-2.361013	0.086805	-0.422703	0.399807	-0.157464	-0.148352	0.626962	-0.669291	-1.098154	-0.302151	0.008131	0.250120	-0.209064	1.898692	-0.786974	-1.676558	-0.738298	-0.608365	1.095702	-0.855127	1.541004	-1.556366	-1.281099	-2.181837	-1.853041	0.671416	-0.545754	0.678149	-0.102614	-0.586620	0.145484	-0.006557	-1.371590	1.216936	-0.249047	0.019870	0.214619	0.291609	-0.576473	-2.183541	-0.732877	1.132153	-0.479127	0.601465	-1.033909	0.304890	1.282305	1.364958	0.392157	0.211324	0.144074	1.183329	0.316310	-1.800772	-0.178598
-2.415363	-1.189191	1.434378	0.876691	0.178399	1.096115	-0.127844	-0.904122	0.868089	1.202641	1.036423	0.941791	-0.543199	-0.342160	-0.970607	0.372492	-1.186573	-0.645497	0.245998	1.469066	-0.362370	-0.514846	0.528855	1.746344	1.729907	-0.208657	0.160508	0.956751	0.973896	1.014855	-0.169227	-1.331293	-0.793182	-1.500092	-0.616301	-2.140161	0.562673	1.031077	1.423050	0.713084	0.125053	-0.274845	-0.573913	-1.180283	-0.519163	-1.775010	-0.231332	-0.616759	-2.123659	-1.368358	0.606799	0.947127	-2.295522	-0.396032	-0.213053	-1.281243	0.082883	-0.420550	-0.837705	-1.483107	-1.176585	-1.162192	-0.860025	0.231214	-1.196415	-0.987812	2.023196	1.272477	0.716591	-0.346154	-1.194583	-0.881914	0.321734	0.872393	-1.850197	1.760214	-1.255657	-1.003364	-1.079407	-1.922158	1.627079	0.732370	2.157821	0.628799	0.619892	1.204337	0.268969	-0.009640	1.858570	0.729555	1.232371	0.746014	-2.231533	-0.550569	-1.602605	-1.061251	0.551462	-0.907341	1.700357	-0.020182	0.957442	0.218625	0.014570	0.531126	-1.126155	0.673484	2.089418	0.197369	-2.025290	-0.597992
-1.732480	-1.472744	1.968801	1.799008	0.714226	1.586493	0.988227	-0.062890	1.033937	1.264156	1.738928	1.175398	0.025739	0.305792	-0.958669	0.170686	-1.771806	-0.736898	-0.340490	1.022420	-1.054244	-0.010522	0.500042	1.174289	2.209088	0.352423	-0.688442	0.873046	1.611668	0.267055	0.144824	-1.030968	-0.559921	-0.275747	-0.038203	-1.060064	1.328087	2.580124	2.298107	1.737054	0.587834	0.955562	0.049749	0.002445	-0.019589	-0.930601	-0.296458	0.449437	-2.478669	-1.747281	1.283648	1.626145	-1.575057	-1.611621	0.579833	0.303820	-0.390679	-0.511230	-1.068986	-1.495185	-1.703286	-2.142446	-0.326611	1.762940	-1.304184	-1.425515	2.911564	2.241209	-0.587707	0.099064	-0.234054	-0.437573	1.505008	-0.579225	-1.983282	0.169022	-1.427571	-0.245240	0.254630	-1.405805	1.825507	2.014740	2.228980	0.982804	1.643322	1.838724	0.648096	1.380339	1.323099	1.296384	1.526351	1.018067	-3.032486	0.064954	-0.116468	-0.905473	-0.067428	-1.230713	2.186126	1.039552	1.031417	-0.588727	-1.324385	0.957687	-1.515121	1.146016	2.122175	-0.229459	-0.064960	-0.729066
-0.388248	-0.765861	1.500325	1.431038	0.143892	1.422157	1.658710	0.851489	1.136646	1.005442	1.618992	1.030861	0.599572	0.605455	-0.532490	0.527502	-1.373434	-0.370118	-0.231490	0.612336	-0.924679	0.536960	0.825976	0.745303	1.784534	0.589050	-1.479408	1.079597	1.694037	-0.745367	0.308563	-0.497937	-0.110435	0.274529	0.206422	-0.439292	1.209153	2.937092	2.382967	2.342953	1.191626	1.887789	0.373618	0.702866	-0.270017	-0.348642	0.171077	1.214806	-1.670404	-1.657906	0.613412	0.797017	0.079314	-1.924229	0.781274	1.196686	-0.972186	-0.757185	-0.589040	-0.731991	-1.607664	-2.144585	0.264617	2.069190	-0.879252	-0.913084	1.773438	1.704733	-1.469159	-0.161882	0.523582	0.096090	1.786504	-1.537869	-1.111513	-2.070781	-1.438245	0.431421	0.844369	-0.459486	0.903983	2.477110	1.000751	0.960212	1.272744	1.627821	0.966109	1.804386	0.613268	1.497614	1.067325	1.258967	-1.833040	1.114445	1.161932	-0.440909	-0.339341	-0.820502	2.142153	1.749053	0.815084	-0.993573	-1.234586	1.532538	-0.153254	1.466758	1.246333	-1.076249	1.913489	0.160423
0.724744	0.372796	0.936232	0.671492	-0.813859	0.611697	1.144541	1.344451	0.872967	0.682767	0.837606	0.697308	1.108930	0.957887	-0.059869	0.806273	-0.644201	0.186450	0.035420	0.389987	0.084432	0.838003	1.170284	0.580541	1.183185	1.012211	-1.485483	1.086579	1.510944	-0.679501	0.620922	0.469984	0.689328	0.261142	0.402553	-0.040295	0.631424	2.010321	1.760151	2.025131	1.157858	1.587746	0.342618	0.797596	-0.477533	0.417154	0.928004	1.235484	-0.367595	-1.038982	-0.761739	-0.936468	1.346417	-1.182202	0.211776	1.134904	-1.139958	-0.912863	-0.359120	-0.289392	-1.172812	-1.642972	0.461659	1.023646	-0.191433	0.515621	0.217744	0.234235	-1.562582	-0.524288	0.765418	0.499234	1.131705	-1.052047	0.257559	-3.046771	-0.520339	1.080255	0.657363	0.891231	-0.413535	1.955447	-0.282041	0.708622	-0.132114	0.878415	1.018071	1.275444	0.591503	1.628336	0.641698	1.586798	0.049660	1.944082	1.535852	0.382422	-0.083098	0.186206	1.629558	1.800892	0.594633	-0.808967	0.158253	1.838935	2.073887	1.528010	0.298197	-1.635127	1.709870	1.745304
1.149358	1.206468	0.792568	0.603131	-1.184552	-0.341646	-0.201423	1.046570	0.145551	0.366359	-0.175576	0.133112	1.440764	1.556222	0.393723	0.630883	-0.116174	0.745815	-0.009020	0.264478	1.314176	1.093909	1.162677	0.504250	0.853946	1.643908	-0.455109	0.464275	1.277478	0.733250	0.897970	1.695977	1.564658	0.465365	0.767247	0.565045	0.064434	0.507704	0.773952	0.969185	0.299101	0.323773	0.206557	0.705241	-0.044384	1.585829	1.413330	0.665458	0.549462	0.103010	-1.381567	-1.872881	1.349357	0.095164	-0.646497	0.811815	-0.607308	-0.585200	-0.635194	-0.420361	-0.674386	-1.009645	0.289840	-0.110561	0.568481	2.066238	0.193544	-0.786966	-1.102081	0.144573	0.672402	0.794093	0.319695	0.073521	1.397615	-2.021667	0.887519	1.748456	0.374718	2.232626	-1.124930	0.973042	-0.583470	0.449613	-1.061711	0.344350	0.742521	0.681073	0.954472	1.664698	0.657209	1.757759	1.007580	1.803509	1.158544	1.383359	0.644411	1.030199	0.779386	1.386978	0.273928	-0.086711	1.644809	1.679518	3.439592	1.376949	0.035708	-1.229078	-0.032368	2.820739
0.969625	1.249447	0.778503	1.269035	-0.959646	-0.851602	-1.206779	0.156149	-0.549090	0.111254	-0.853802	-0.557259	1.450848	2.083386	0.689969	0.100974	0.157930	1.073374	-0.196022	0.075887	1.739819	1.228734	0.756297	0.291337	0.798676	1.845808	0.853820	-0.399969	0.837453	1.921275	0.710893	2.392753	2.064841	1.236291	1.164813	1.186450	-0.168557	-0.536462	-0.098142	-0.179094	-0.620362	-0.780177	0.161322	0.583632	0.726353	2.353925	1.095303	-0.036208	0.627087	1.150147	-0.533496	-1.027469	0.236791	0.987342	-1.242219	0.778672	0.410738	0.337280	-0.815859	-0.499868	-0.186820	-0.344630	-0.059026	-0.212636	1.078026	2.505066	1.022400	-0.848604	-0.799522	1.719343	0.522448	0.829876	-0.139335	0.495666	1.764789	-0.285958	1.494656	1.940601	0.432581	2.707308	-0.812087	0.334237	0.036517	0.457919	-0.682688	0.434668	0.221021	0.612219	0.713598	1.206962	0.712874	1.320726	0.580645	0.641686	0.604216	1.927516	1.468848	1.221784	0.043502	1.055726	-0.431448	0.411141	2.286186	1.360705	3.052171	1.198852	0.269736	-0.403836	-0.853110	2.434615
0.294570	0.410307	0.640961	1.907231	-0.940783	-0.614064	-1.221882	-0.536670	-0.451083	0.208806	-0.662047	-0.731782	1.196625	2.223402	0.353051	-0.618694	0.261647	0.716292	-0.057836	-0.162052	0.687464	0.534170	0.189160	-0.009067	0.927606	1.163513	1.352485	-0.755077	0.083607	1.135144	0.012736	1.852913	2.004862	2.089332	1.393191	1.350391	0.138306	-0.435904	-0.493336	-0.776437	-0.650111	-0.954794	0.051383	0.171041	1.156338	1.826929	0.009976	-0.551182	-0.098309	0.998989	1.050253	0.957820	-1.157757	0.799323	-1.474531	0.725734	1.271567	1.429358	-0.566214	-0.245999	0.157025	0.053424	-0.573113	0.409741	0.886305	1.257810	0.505021	-0.703931	-0.835810	2.625219	0.340607	0.259948	-0.385305	0.067227	1.337336	0.193618	0.852215	1.123722	0.602180	1.699802	0.351305	0.624433	0.924646	0.995526	0.260695	0.822090	-0.184886	0.798472	-0.241114	0.075124	0.316638	0.095113	-0.403583	-0.690059	0.165706	1.419326	1.827541	0.980863	0.022341	1.129547	-1.250008	-0.153275	2.013166	1.254180	1.535248	1.078077	0.146747	-0.488216	0.164471	0.879254
-0.945037	-0.915219	0.796131	2.068222	-1.572559	0.165206	-0.882922	-0.451540	0.681498	0.972929	0.558899	0.286364	0.989060	2.076289	-0.924162	-1.460111	-0.014262	-0.611035	0.393990	-0.307653	-1.525684	-1.338336	-0.306631	-0.064425	1.164082	0.037448	0.821365	-0.531766	-0.504158	-1.082100	-0.731529	0.325458	1.532498	2.290814	1.482426	1.093386	0.875122	0.583513	-0.497998	-0.642526	0.174528	-0.546821	-0.459191	-0.628612	1.104597	0.359759	-1.147218	-0.858440	-1.318363	-0.725973	2.021369	2.631612	-1.866422	-0.201675	-1.542900	0.100026	1.457907	2.057853	-0.386809	-0.245583	0.050566	-0.283423	-1.316491	0.568356	-0.108395	-0.740528	-1.495374	-1.036733	-0.487344	1.706171	0.025614	-0.932836	-0.621438	-0.089156	0.678527	-0.870388	0.035299	-0.383390	0.548561	-0.380592	1.899950	1.750981	1.704913	2.026344	0.544472	0.922576	0.190699	0.826494	-0.655332	-1.168826	-0.260473	-1.395384	-0.958162	-1.274508	-0.260083	0.031862	1.419641	0.776201	0.844642	1.489274	-1.286060	-1.378028	1.279430	1.211706	0.140507	0.891463	-0.680658	-1.776867	1.442834	-0.425535
-2.475621	-1.904550	1.609574	1.950163	-2.239233	0.798879	-1.179945	0.059888	2.179709	2.115662	2.201582	2.105528	1.050346	1.830233	-2.544358	-2.096962	-0.913171	-2.304451	0.590771	-0.317179	-3.594211	-3.325851	-0.660909	0.293828	1.276649	-0.624072	0.099680	-0.416777	-0.230590	-2.058759	-1.022313	-1.062304	0.902602	1.617499	1.549095	0.925185	1.464227	1.468791	-0.524821	-0.163949	0.775756	-0.477541	-1.341503	-1.347765	0.996826	-0.664747	-1.639336	-1.088738	-2.516297	-2.789408	1.781044	3.012683	-1.274925	-0.854507	-1.486962	-0.908940	1.120288	1.985742	-0.744458	-0.920577	-0.515600	-1.137385	-2.070662	-0.212112	-1.283983	-1.732782	-2.535977	-1.385395	0.670559	-0.281260	-0.335437	-2.117998	-0.603305	0.865150	0.387185	-1.589892	0.226149	-1.492994	0.403060	-2.148284	3.061668	2.822098	2.278548	2.934824	0.045785	0.594729	1.590554	0.881902	0.525390	-1.553439	-0.224824	-2.132342	-0.871404	-1.047343	-0.680636	-1.231752	0.521339	0.718766	1.816854	1.916371	-0.168317	-1.694540	0.570678	0.690411	-0.497326	0.492001	-1.434809	-2.846051	1.369745	-0.269244
-3.419705	-1.919466	2.419207	1.722140	-1.920028	0.538321	-2.064421	0.118016	2.904830	2.596823	3.033145	3.121363	1.118634	1.269780	-3.231498	-1.949485	-2.055619	-2.989573	0.131222	-0.303863	-4.140478	-3.703683	-0.945419	0.646737	0.966772	-0.512720	-0.012230	-0.749119	0.784713	-0.243447	-0.766834	-1.408429	0.301259	0.485522	1.475320	1.035046	1.264890	1.240671	-0.743596	0.078786	0.266619	-1.109569	-2.011420	-1.395533	1.033488	-0.466121	-1.383558	-1.303766	-3.029126	-3.318610	0.915384	2.028951	0.326763	-0.285266	-1.196598	-1.544630	0.768479	1.433901	-1.221022	-1.593519	-0.896000	-1.344664	-2.295724	-1.144749	-1.792870	-1.021089	-1.009061	-0.847068	1.727069	-1.548735	-0.504127	-2.509212	0.013984	2.353398	0.397750	-0.343149	1.059238	-1.506543	0.460671	-2.365579	2.921985	2.750036	2.333575	2.815420	-0.246565	0.185985	2.985019	1.315142	2.508958	-0.671996	0.656013	-1.530405	-0.511260	-0.663104	-0.774045	-1.430382	-0.325960	0.498193	1.928019	2.254021	1.063333	-0.252639	0.143989	-0.514248	-0.671200	-0.125236	-1.049125	-2.193773	0.366539	0.973765
-3.065965	-1.273406	2.006508	1.150707	-0.460889	-0.822199	-2.513887	-0.600450	2.130851	1.513037	2.149113	2.019300	0.590616	0.024936	-2.276322	-0.959766	-2.467396	-1.868381	-0.710777	-0.380173	-2.892948	-2.057015	-1.327179	0.254866	0.225259	-0.228064	0.262750	-0.905052	1.403004	2.504241	-0.235080	-0.912971	-0.210881	-0.523714	0.977447	1.003901	0.257821	-0.055815	-0.879828	-0.222791	-1.054275	-1.921228	-1.870501	-0.786231	0.833763	0.228860	-0.907270	-1.380972	-2.411516	-1.808451	0.358893	0.246465	1.704546	1.014759	-0.778091	-1.545000	0.400858	0.563467	-1.104975	-1.287123	-0.362177	-0.070390	-1.595220	-1.249026	-1.535367	0.126781	1.538973	0.507633	1.426073	-1.375601	-0.385150	-1.931729	0.983241	3.037763	0.090841	1.802343	1.097440	-0.885561	0.574528	-1.126944	1.226492	1.261466	1.475463	1.350039	0.325295	0.027693	2.693265	1.760422	3.286292	0.775253	1.567850	-0.130613	-0.168289	-0.590968	-0.344264	-0.675055	-0.928663	-0.248692	0.812229	2.097045	0.921071	1.749449	-0.086871	-1.885445	-1.030326	-0.892160	0.441799	-0.158333	-0.143598	1.634623
-1.736301	-1.015557	0.167257	0.139578	1.142290	-2.644878	-1.859425	-1.448441	0.169350	-0.753622	-0.003475	-0.611829	-0.684147	-1.628727	-0.384881	-0.034003	-1.575390	0.178252	-1.273259	-0.538052	-0.916526	0.115902	-1.899737	-1.078628	-0.565085	-0.408828	0.032850	-0.267407	0.700996	2.988222	0.282116	-0.474702	-0.634535	-1.097613	0.069223	0.501978	-0.816521	-1.376684	-0.699661	-0.955016	-2.078123	-2.243341	-0.946543	-0.169606	0.088750	0.201130	-0.644795	-1.079857	-0.876460	0.269805	0.408781	-1.421478	1.762269	1.616086	-0.451214	-1.382946	-0.441799	-0.626579	-0.466718	-0.158379	0.984531	1.893989	-0.233907	-0.504669	-1.248448	-0.074244	2.390885	1.539787	-0.034538	-0.693197	-0.062168	-0.896738	1.492703	2.275100	-0.792155	2.264791	-0.101755	-0.598195	0.321881	0.254444	-1.030100	-0.736847	-0.056489	-0.624515	1.211656	0.115392	0.345448	1.347519	1.928151	1.551536	1.514248	0.874313	0.108773	-0.647368	0.225014	-0.054892	-1.472554	-1.444767	-0.825925	0.881248	-0.583910	2.232157	-0.401080	-2.640330	-1.871843	-1.698055	1.697239	1.451530	0.164672	0.734203
-0.481779	-1.648966	-1.709975	-0.798677	1.826302	-3.764336	-0.538033	-1.522081	-1.740494	-2.551196	-1.758845	-2.596887	-1.840763	-2.632518	0.951071	-0.159502	-0.009908	1.321556	-1.141826	-0.719184	0.415937	1.065622	-2.411446	-2.557658	-0.977987	-0.862505	-1.041090	0.648221	-0.807126	0.701997	0.681668	-0.560947	-0.859952	-1.176827	-0.733175	-0.084848	-1.120717	-1.694021	-0.437862	-1.736529	-2.054982	-1.989917	0.130660	-0.098664	-0.763936	-0.717594	-0.505261	-0.275962	0.723873	1.082799	0.695697	-2.020676	0.733891	0.726030	-0.083508	-1.311782	-1.526084	-1.715938	-0.002869	0.633479	2.197836	2.795518	0.918843	0.302030	-1.436786	-1.737457	0.958641	1.380971	-1.037519	-0.556581	0.402409	0.018686	1.005544	0.621082	-1.620129	0.447601	-1.212975	-0.927083	-0.272560	0.608836	-2.306990	-1.961929	-1.236341	-1.684663	1.415529	0.211871	-2.270937	-0.063707	-0.304634	1.044271	0.518880	0.830854	0.308370	-0.410892	0.299243	-0.470661	-1.902714	-2.279311	-1.796915	-1.176313	-1.584376	0.572872	-0.823883	-2.438905	-2.737622	-2.207429	1.459161	1.529814	0.443706	-0.729465
0.028432	-2.405024	-2.048390	-1.004214	1.489413	-3.300840	0.498783	-0.665917	-2.367292	-2.460689	-1.757148	-2.321525	-1.719788	-2.202822	0.902431	-1.138554	0.948752	0.736974	-0.516946	-0.930374	0.599401	0.559991	-2.351388	-3.099194	-0.942129	-0.841900	-2.176431	0.838349	-1.680590	-1.592958	0.966870	-0.781354	-0.689036	-0.744599	-0.872969	-0.081672	-0.515638	-0.909799	-0.520691	-2.158321	-1.268809	-1.550162	0.712955	-0.420236	-0.916933	-1.538675	-0.222636	0.802863	1.524875	0.355196	0.822291	-1.167648	-0.159485	-0.922373	0.630530	-0.843034	-1.705139	-1.827260	-0.007261	0.439632	2.382068	1.874760	1.148089	0.604212	-1.619473	-3.155706	-0.949444	0.393042	-0.527339	-0.770818	0.954981	0.631911	-0.174446	-0.847360	-1.518002	-1.388268	-0.828434	-1.249796	-0.603626	-0.015828	-1.983360	-1.894603	-1.219510	-1.140102	0.683492	0.077505	-2.975575	-1.376691	-1.418312	-0.158334	-0.397557	0.163180	0.414917	0.153543	-0.184183	-1.636150	-1.726601	-1.733931	-1.518123	-2.598701	-0.461983	-1.732615	-0.962042	-1.585899	-2.667553	-1.917591	-0.018356	0.762189	0.188244	-1.069706
0.051602	-2.204323	-0.853509	-0.451987	0.788638	-1.421629	0.748516	0.305612	-1.579280	-0.787273	-0.363948	-0.358231	-0.318812	-0.852736	-0.008455	-1.702057	0.725298	-0.548052	-0.051502	-1.209665	0.155895	-0.334743	-1.514513	-2.494076	-0.749537	-0.061773	-2.267463	0.395926	-1.241024	-1.502690	1.078098	-0.581360	-0.205560	0.131712	-0.378823	0.555309	0.333735	0.221771	-0.972835	-1.988073	-0.625695	-1.187538	0.632744	-0.474399	-0.161292	-1.360341	0.147449	1.633389	1.336353	-0.626172	0.693872	0.461834	-0.179380	-1.887306	1.455592	0.388762	-0.493964	-0.708496	-0.117439	-0.203036	1.418234	0.117241	0.651697	0.600617	-0.966365	-2.862650	-1.660807	-0.366330	0.708886	-0.483365	1.402499	1.044241	-1.307119	-1.387666	-0.425811	-1.207701	0.687153	-0.880930	-0.165119	-0.667157	-0.859155	-1.028678	-0.365287	0.259766	-0.382781	-0.329988	-1.578092	-1.396528	-0.890081	-0.887640	-0.459979	-0.286793	0.437388	0.603339	-0.440933	-2.337277	-0.765408	0.138342	-0.592059	-1.930693	2.013708	-2.700990	-0.557587	-0.681231	-1.258228	-0.768355	-1.230382	0.365549	-0.171374	-0.178147
0.259518	-1.073325	0.399447	0.208878	0.296871	0.655505	0.464035	0.460952	-0.376942	0.771243	0.807000	1.316464	0.966483	0.115526	-0.668887	-1.046685	-0.104785	-1.025590	-0.230549	-1.513289	-0.139105	-0.747751	-0.333392	-1.553857	-0.710658	0.838702	-1.133736	0.460899	-0.196931	0.213749	0.897990	-0.039650	0.072100	1.060708	0.142123	1.079962	0.635338	0.876322	-1.329521	-1.302240	-0.651614	-0.786450	0.246369	0.129006	0.858385	-0.329804	0.350827	1.821666	0.643989	-0.730553	0.344400	1.539338	0.358289	-1.485376	1.699872	1.701302	0.919187	0.617483	-0.001945	-0.495195	-0.050409	-0.972324	0.337690	0.790285	0.566555	-1.234570	-1.291003	-0.266280	1.173454	0.384985	1.555062	1.331535	-1.906970	-0.993128	0.792384	0.271265	1.689132	0.139375	0.900420	-0.637068	-0.084131	-0.151341	0.157584	1.078339	-1.096025	-0.764665	0.160502	-0.242176	0.063088	-0.612832	0.049103	-0.242848	0.281330	0.498176	0.358960	-1.668285	0.260887	1.757357	-0.209526	0.427128	3.421855	-1.693661	-0.060757	-0.165071	0.475222	0.408369	-1.156439	0.500507	-0.090859	0.343090
0.906181	-0.071420	0.577763	0.327728	0.153275	1.598838	0.259818	-0.173772	0.304897	1.016893	0.836663	1.549198	0.861520	0.098580	-0.641452	0.115342	-0.755096	-0.578357	-0.831195	-1.722847	-0.012511	-0.717859	0.530115	-1.034645	-0.880499	0.909582	0.214655	1.397572	0.500077	1.251452	0.443668	0.229770	-0.264145	1.391485	0.148789	0.771250	0.210110	0.732382	-1.182448	-0.496487	-0.984380	-0.196605	0.079864	0.994971	1.363689	0.575585	0.362832	1.458577	-0.025631	-0.185927	-0.228275	1.216652	0.892602	-0.228102	1.212576	1.907615	1.122314	0.928468	0.279564	-0.319511	-1.090659	-0.841240	0.703763	1.180446	2.047070	0.188554	-0.835233	0.496064	0.624871	0.983004	1.449590	1.413359	-1.870650	-0.276035	1.314583	1.090564	1.313637	1.041077	1.946344	-0.150201	0.048124	0.297933	-0.171954	0.622267	-1.221160	-0.926428	0.808521	0.792563	0.263166	0.033773	0.371852	-0.159416	-0.217569	-0.103202	1.946515	0.015113	0.402709	1.516977	-0.874647	2.307493	2.610928	0.332736	-0.212635	-0.112064	0.872165	0.502990	-0.406072	0.539727	0.393576	-0.648548
1.587073	0.133961	-0.031435	-0.219506	0.274395	1.073655	0.527716	-0.624180	0.478897	0.377564	0.366553	0.935697	-0.424726	-0.332215	-0.406859	0.426382	-1.062414	-0.371316	-1.116956	-1.717163	0.277707	-0.597214	0.806243	-0.810632	-1.120587	-0.103173	0.596025	2.000763	0.739598	0.924590	-0.019874	-0.133398	-0.931259	0.762261	-0.338266	-0.279901	-0.457396	-0.041256	-0.634520	-0.084457	-0.897710	0.395233	0.371024	1.294994	1.127004	0.497531	0.348398	0.937969	-0.449695	0.133475	-0.970725	-0.159764	1.261398	0.966669	0.712929	0.732726	0.359597	0.257624	0.632709	-0.011110	-1.081279	-0.039946	1.149835	1.163899	2.455473	0.494290	-0.700052	1.242391	0.199899	0.683339	1.145839	1.130949	-1.294154	0.092098	1.116221	0.923936	0.286935	0.984096	2.265788	0.018204	-0.043049	0.163482	-0.719493	-0.543697	-0.934506	-0.847559	0.615657	0.698587	-0.133212	0.056569	0.228179	-0.469463	-0.917688	-0.688838	2.856088	1.381635	-0.371238	-0.316043	-1.857897	1.953518	0.993220	1.837495	-1.014049	-0.342680	-0.460755	-0.631905	-0.323351	0.374988	0.828523	-2.337960
1.791969	0.085302	-0.578417	-1.067087	0.539174	-0.031464	1.141272	-0.192530	0.554292	-0.055297	0.278064	0.498626	-1.630420	-0.461761	-0.382403	-0.331694	-1.099664	-0.947407	-0.620198	-1.340872	0.523496	-0.344989	0.742583	-0.338926	-1.275275	-1.393391	-0.128234	1.122711	0.831573	0.417264	-0.182498	-0.736226	-1.260038	-0.430893	-0.906762	-1.293572	-0.808831	-1.025924	-0.072436	-0.288774	-0.151670	0.679651	0.890299	0.672001	0.413333	-0.496631	0.293619	0.477490	-0.398601	0.131946	-1.642774	-1.473817	1.370228	1.590849	0.803361	-0.724615	-0.011173	-0.326705	1.116559	0.282297	-0.210947	0.585355	0.740979	0.270599	1.665559	0.140026	-0.682179	1.280616	0.638978	-0.125332	0.441798	0.463538	-0.496854	-0.075685	0.657075	1.023846	-0.341739	-0.129233	1.451426	-0.501671	-0.154146	-0.631906	-0.816150	-1.454614	-0.576012	-0.821721	0.387633	-0.325808	-0.403125	-0.681646	-0.139071	-0.914912	-1.248356	-0.836725	1.826101	1.413745	-1.087300	-1.821828	-2.062937	-0.262018	0.474072	1.875147	-1.555174	-0.651178	-2.002609	-1.822095	-1.178194	0.555138	0.772785	-3.001131
1.574696	0.713618	-0.826450	-1.701070	0.775732	-0.485637	1.634837	0.664509	0.474000	-0.004116	0.331050	0.244159	-1.805984	-0.300983	-0.235600	-0.895198	-0.612479	-1.330405	0.385046	-0.448230	0.938015	0.299164	0.769363	0.445501	-1.169879	-1.792461	-0.933256	-0.596780	0.659590	0.507246	-0.036749	-0.788931	-0.981123	-1.287160	-1.219585	-1.604345	-0.699746	-1.696244	0.359271	-0.750791	0.840639	0.762867	1.211872	-0.316363	-0.391659	-1.428080	0.041228	0.002901	0.419863	0.525610	-1.913109	-1.889112	0.883115	1.616379	1.110914	-1.106216	0.433113	-0.211529	1.577367	0.590607	0.579625	0.535264	-0.477455	-1.090855	0.576211	0.129003	-0.675194	0.347687	1.199733	-0.526450	-0.766098	-0.288567	0.043941	-0.515180	0.206204	1.818586	-0.475196	-1.391817	-0.272739	-1.194120	-0.429070	-1.825329	-0.678361	-1.767556	-0.415319	-0.897663	0.053133	-1.392216	-0.530749	-1.335483	-0.513784	-0.859251	-0.801160	-0.607395	-0.667438	0.433865	-0.832926	-1.605051	-1.245659	-2.431603	0.953749	0.801201	-1.101817	-0.871687	-1.967682	-1.725651	-1.829599	1.192090	0.079915	-2.076280
1.464921	2.023671	-0.979604	-1.785812	0.756565	0.155966	1.627162	1.032488	0.012254	0.061703	-0.151372	-0.360122	-0.939065	-0.154322	0.429299	-0.228663	0.452067	-0.534767	1.191382	0.776557	1.711454	1.160614	1.110046	1.105733	-0.598592	-0.893512	-0.787631	-1.449482	-0.031136	0.552600	0.103253	0.065094	-0.344960	-1.181075	-1.160505	-1.201216	-0.308042	-1.587924	0.798403	-0.796499	1.509771	1.132210	1.140921	-0.771188	-0.891818	-1.339098	-0.312681	-0.517425	1.675510	1.481651	-1.686299	-1.473325	-0.303742	1.210278	0.829044	-0.210119	0.742689	0.151259	1.495544	0.756184	0.427347	-0.187510	-1.390525	-1.891026	0.214311	0.797059	-0.700366	-1.054595	0.738777	-0.155518	-1.896557	-0.647438	0.138621	-0.921575	-0.202074	2.054153	-0.575517	-1.641546	-1.931822	-1.219842	-0.672283	-2.576877	-0.735709	-1.737997	-0.479839	-0.772677	-0.808698	-1.887950	-0.925367	-1.199252	-0.842802	-0.189652	0.038601	-0.330671	-2.611783	-0.251240	0.324116	-0.201370	-0.119064	-3.039113	0.833959	-0.072922	0.000068	-0.794065	-0.234611	-0.282543	-1.269430	1.522192	-0.964194	-0.679808
1.680957	2.979781	-0.917155	-1.308933	0.307149	1.241440	1.080084	0.777696	-0.463837	0.027980	-0.867604	-1.045347	0.331745	0.083948	1.145847	0.977820	1.271200	0.776521	1.308929	1.671711	2.364013	1.563574	1.568359	1.358970	0.399998	0.565619	0.142955	-0.820849	-0.811365	-0.096959	0.004075	1.296553	0.398879	-0.257292	-0.703851	-0.516936	0.195776	-0.628133	1.228645	-0.144630	1.547602	1.890481	0.812078	-0.410174	-0.753757	-0.290948	-0.407187	-0.867868	2.214974	2.020143	-1.282693	-0.888707	-1.560071	0.639477	-0.127572	0.899679	0.217122	0.172638	0.577761	0.527304	-0.561369	-1.142464	-1.148836	-1.545615	0.660074	1.501689	-0.596996	-1.939440	-0.646985	0.378443	-2.039678	-0.421831	0.107512	-1.120693	-0.428051	0.652381	-0.658078	-0.653193	-2.385835	-0.422155	-0.308119	-2.045721	-0.689276	-1.487742	-0.576598	-0.307627	-1.663231	-1.719211	-1.323515	-0.529470	-0.964499	0.463559	0.411896	-0.135230	-2.439109	0.200655	1.482038	0.843048	0.581000	-2.078058	-0.437017	0.094348	0.833437	-0.247881	1.749721	1.241870	0.118346	0.865426	-1.792570	-0.126818
1.741428	2.702692	-0.342777	-0.472905	-0.497421	1.766106	0.260461	0.500417	-0.331079	0.303183	-0.856747	-0.890014	1.177920	0.629892	1.066951	1.223264	0.928481	1.084777	0.847134	1.641839	2.085121	1.097902	1.663633	1.315182	1.266355	1.465719	0.711501	0.192586	-0.839989	-0.831941	-0.212609	1.904748	1.114582	0.767148	0.022071	0.072081	0.671888	0.635662	1.318941	0.703250	0.977415	2.337101	0.398730	0.177069	-0.078118	0.696132	-0.115191	-0.824708	1.306953	1.287986	-1.075852	-0.564554	-1.913479	0.252269	-0.950432	1.160836	-0.493365	0.025536	-0.629777	-0.008941	-1.423602	-1.705057	-0.208446	-0.540621	1.057325	1.451417	-0.216532	-1.740741	-1.640178	0.273926	-1.105790	0.019473	0.296984	-0.997967	-0.307182	-1.490870	-0.418718	0.553672	-1.395979	0.411553	0.685997	-0.383203	-0.027078	-0.796930	-0.499880	0.191531	-1.429744	-0.997377	-0.978884	0.003718	-0.642072	0.549302	-0.001184	0.100922	-0.651682	1.208481	1.810433	0.769423	0.740053	-0.613031	-1.509964	0.723729	1.017436	0.574827	2.612936	1.681660	1.190294	-0.362474	-1.942041	-0.406154
1.138891	1.447697	0.455136	0.461329	-1.180795	1.371334	-0.418299	0.449384	0.267366	0.880793	-0.058999	0.200317	1.082781	1.134550	0.267691	0.338509	-0.171514	0.148934	0.408503	0.837454	0.876505	0.197699	1.132070	1.083418	1.268236	1.344328	0.279079	0.376239	-0.063505	-0.587592	-0.293644	1.382863	1.430486	1.210264	0.603386	0.432440	0.847935	1.315005	0.833573	0.919483	0.136408	1.710029	-0.066236	0.269668	0.475944	0.778810	0.213946	-0.434541	-0.151895	-0.073249	-0.917349	-0.292149	-1.009797	0.235778	-0.925018	0.594629	-0.345496	0.231378	-1.103610	-0.392707	-1.393236	-1.519978	0.272340	0.156732	0.790900	0.705312	0.237933	-0.845753	-1.242989	-0.317003	-0.101868	0.126588	0.556602	-0.575421	0.003136	-2.265300	-0.023636	0.821661	0.045123	0.446814	1.391019	1.141353	0.831315	0.278349	-0.214571	0.365922	-0.182055	0.035300	0.039709	0.263400	0.028691	0.278561	-0.587416	0.356961	0.823330	1.467037	1.277614	0.134853	0.575379	0.335991	-1.047050	0.739650	0.832263	1.053530	2.095629	1.117224	1.414835	-0.976846	-1.267419	-0.486976
0.174442	0.172812	0.662481	1.117439	-1.081678	0.571354	-0.584177	0.284571	0.465400	1.034011	0.464517	1.098556	0.384514	1.001309	-0.203449	-0.285628	-0.554806	-0.709402	0.545788	-0.045943	-0.189757	-0.396906	0.275292	0.515077	0.348184	0.640948	-0.441770	-0.166516	0.477466	0.569643	-0.152814	0.305844	0.971322	0.975724	0.710225	0.615211	0.496395	0.918904	0.001232	0.216656	-0.432043	0.219508	-0.451796	-0.071989	0.425764	0.240480	0.224442	0.108032	-0.517722	-0.614587	-0.253244	0.273565	0.428856	0.351181	-0.255839	-0.055351	0.577808	0.689861	-0.436791	-0.280467	-0.573856	-0.753381	-0.093854	0.188993	0.269405	0.097233	0.360490	-0.071755	0.143083	-0.318463	0.134493	-0.104589	0.495308	-0.155373	0.189976	-0.771985	0.087280	0.210741	0.777232	-0.145284	0.984155	1.296572	0.805660	1.021621	0.104165	0.182558	0.633819	0.832217	0.632073	0.547402	0.506961	0.181156	-0.539838	0.355684	0.828236	0.558207	0.542163	-0.144424	0.133800	0.491665	0.409094	0.069040	0.452221	0.715323	0.754192	0.410648	1.097685	-0.379825	0.035959	0.055226
-0.368893	-0.617235	-0.026809	1.021848	-0.036317	0.036122	-0.185071	0.005559	-0.114387	0.316163	0.075410	0.923898	0.128732	0.346690	0.194723	0.174475	0.403584	-0.551840	1.141128	-0.606274	-0.263906	-0.624130	-0.392433	-0.492445	-0.610853	0.068453	-0.419219	-0.574415	-0.101132	1.351812	0.192725	-0.192795	0.112199	0.612217	0.636332	0.815832	-0.149191	-0.135222	-0.710587	-0.825426	-0.384332	-1.088333	-0.390249	-0.035411	0.220140	0.105149	0.110490	0.733214	0.482202	-0.006610	0.971220	0.894722	1.196575	0.123754	0.253553	-0.421179	1.085165	0.649582	0.637035	0.159287	0.497674	0.155434	-0.472270	0.067218	0.179009	0.115907	-0.002001	0.193638	1.296944	0.844765	0.035574	-0.017287	0.138778	-0.146046	0.331969	1.502072	0.092829	-0.110217	0.704479	-0.394791	-0.130186	0.152352	-0.279308	0.737396	0.204140	-0.185848	0.123209	0.793291	0.117626	0.822343	0.345950	0.279771	0.277979	0.061403	0.069413	-0.495789	0.183613	0.102991	-0.632239	0.200288	1.134075	-0.507465	-0.287108	-0.129237	-0.681770	-0.055804	0.645707	0.665697	1.344119	0.396510
-0.360079	-1.170255	-0.860369	0.100128	1.177063	-0.183685	0.339763	0.222045	-0.793123	-0.679907	-0.544156	0.170178	0.895498	-0.023563	0.660444	0.687941	1.570937	-0.025107	1.431327	-0.953989	0.178272	-1.014354	-0.768323	-1.589424	-0.704951	-0.109717	0.204272	-0.606087	-1.326173	0.811653	0.731455	0.345789	-0.192472	0.661226	0.945303	1.170119	-0.490431	-0.904951	-1.059668	-1.318513	0.055533	-1.493875	0.248913	0.848701	0.613045	0.784120	0.394259	1.387051	1.355566	0.568049	1.889814	0.905367	0.756892	-0.553631	0.162191	-0.724603	0.349152	-0.280518	1.004493	0.426132	1.513457	0.894988	0.014659	0.351992	0.363033	0.276847	-0.458681	0.114556	1.559177	2.258448	0.530239	0.806937	-0.017115	-0.632249	0.829256	2.234687	0.565112	0.515211	0.526160	0.096508	-0.741107	-1.001762	-1.161021	-0.289052	0.058033	-0.506223	-0.755193	-0.024699	-0.735457	0.746681	-0.213209	0.185649	1.364598	-0.003569	-0.158030	-0.514382	0.137150	0.140898	-1.468205	-0.182662	0.406249	-0.645506	-1.269874	-0.662644	-1.625238	-0.674370	0.273990	0.897516	1.793555	-0.219951
-0.496247	-1.695429	-0.931240	-0.933400	1.501123	-0.562848	0.403630	1.032510	-0.802702	-1.105155	-0.547608	-0.247394	1.893394	0.212511	0.262122	0.008576	1.577497	-0.080499	0.900170	-1.103712	0.121118	-1.548827	-1.094507	-2.087978	-0.080962	-0.179341	0.344262	-0.685708	-1.869276	-0.480905	1.272852	1.152462	0.305023	0.898828	1.452019	1.380954	-0.295034	-0.907798	-1.065515	-0.881758	0.383631	-1.203519	0.925777	1.845938	1.267940	1.435692	1.128800	1.712497	0.880296	0.163401	1.679295	0.133660	-0.203674	-1.151742	-0.172904	-1.017404	-1.058256	-1.441687	0.409523	0.263110	2.332589	1.372025	1.009797	0.899966	0.119335	-0.070730	-0.307437	-0.103699	1.267948	2.450377	1.478906	1.729191	0.315452	-1.196501	1.577718	0.805405	1.234556	1.196131	0.429838	0.541005	-0.335818	-1.074224	-0.724017	-0.992808	0.012163	-0.401137	-0.596168	-0.718698	-0.748796	0.454233	-0.483592	-0.103152	2.181177	0.610542	0.229350	0.324138	-0.040410	-0.777687	-1.844241	-0.651193	-0.754404	-0.696304	-1.837671	-0.550264	-1.840757	-1.680477	0.242828	0.093670	1.084281	-1.121981
-1.108656	-1.844641	-0.425434	-1.226279	0.864300	-1.295286	-0.046820	1.386593	-0.368992	-1.061092	-0.298692	-0.476836	1.742758	0.343210	-0.530586	-1.205681	0.658397	-0.337658	-0.021199	-0.733319	-0.436436	-1.334186	-1.315881	-1.605308	0.295621	-0.467473	-0.408420	-0.815391	-1.140758	-1.226836	1.369591	1.107338	0.639835	0.565028	1.198715	0.840915	-0.069651	-0.569365	-0.731176	0.098760	0.485700	-0.740613	0.960417	1.682387	0.864386	1.001377	1.635516	1.255484	-0.270198	-0.617132	0.728921	-0.717406	-0.578679	-1.108209	-0.109543	-0.923315	-1.823264	-1.755004	-0.283046	-0.021363	2.633774	1.552859	1.304907	1.119352	-0.584259	-0.742985	0.607709	-0.435505	0.841915	1.099475	1.736437	1.659249	0.724632	-1.275025	1.648357	-1.204876	0.979863	0.654441	-0.182814	0.199981	0.283765	-0.337992	0.353750	-0.806470	0.388606	0.399012	0.306611	-0.479889	-0.046431	0.571171	-0.244102	-0.088237	2.426517	1.452984	0.236440	0.735041	-0.466214	-2.266412	-1.471565	-1.216074	-1.106994	-0.883287	-1.502497	-0.291335	-1.551303	-2.475720	0.673902	-0.722962	-0.019133	-0.958787
-1.469337	-1.268683	-0.364622	-0.875435	0.333038	-1.848447	-0.403137	0.363418	-0.311801	-1.321341	-0.728727	-1.305727	0.182078	-0.349219	-0.454277	-1.210502	0.177167	0.266015	-0.532072	0.162446	-0.544364	0.055213	-1.017683	-0.550703	-0.079176	-0.890486	-1.204847	-0.384933	0.057200	-1.116202	0.733299	0.035318	-0.069599	-0.510130	-0.205535	-0.542420	-0.375672	-0.555167	-0.077702	0.894234	0.671292	-0.251094	0.435117	0.117826	-0.982992	-0.358920	1.241155	0.167973	-0.619114	-0.641789	0.188503	-0.862157	-0.218016	-0.636332	0.478820	-0.357730	-1.392517	-0.969514	-0.176956	0.055076	2.102263	1.375540	0.436741	0.750306	-1.003641	-1.103654	1.306283	-0.754285	0.067122	-0.682388	0.818138	0.489166	0.504042	-0.722079	0.333207	-2.060847	-0.479251	-0.889070	-1.496512	-0.343686	0.085458	0.034919	0.390063	-0.305968	0.931975	1.438445	0.363093	0.341188	0.106264	1.135883	-0.022918	0.374122	1.937456	1.526792	-0.534182	0.018539	-0.733368	-2.817379	-0.640470	-1.467846	-0.759588	-1.055955	-0.642084	-0.429526	-1.130183	-2.246409	1.096173	-0.726539	-0.521841	0.349663
-0.823456	-0.284472	-1.041734	-0.779219	0.687289	-1.524620	-0.148933	-1.298305	-0.748919	-1.918052	-1.618291	-2.473556	-1.507401	-1.433767	0.537192	0.111317	0.567534	1.528303	-0.580601	0.847149	0.129301	1.513724	-0.159810	0.216519	-0.639277	-1.082881	-1.189978	0.714235	0.589021	-1.062616	-0.316005	-1.136453	-1.285460	-1.451591	-1.778817	-1.885231	-0.927850	-0.846774	0.573382	1.039585	0.998499	0.324361	0.085572	-1.572646	-2.694052	-1.404054	0.117248	-0.673631	-0.032700	0.051387	0.348371	-0.377392	-0.083598	-0.486465	1.050937	0.135888	-0.450631	0.064299	0.527064	0.457711	0.923625	0.841846	-0.667549	0.121811	-0.748271	-1.109235	0.590480	-0.745087	-1.194387	-1.686585	-0.341527	-0.657924	-0.469770	0.051732	-1.580446	-1.710837	-1.751786	-1.865573	-2.543853	-0.045190	-0.824257	-0.484961	-0.925498	-0.313998	0.997169	1.657388	-0.821462	0.586409	-0.785473	1.152314	-0.239470	0.617583	0.762900	0.571230	-1.218148	-1.057902	-0.480458	-1.441110	0.060189	-0.917033	-0.668713	-1.138287	-0.111497	-0.822472	-0.668377	-1.058592	0.757354	-0.327114	-0.416578	1.307975
0.416913	0.446068	-1.429974	-1.255173	1.314909	-0.371024	0.473635	-1.843963	-0.821769	-1.838318	-1.601481	-2.565063	-1.964682	-1.760199	0.973179	0.822573	0.731735	1.874998	-0.833617	0.591085	0.713013	1.591351	0.640109	0.291252	-0.577909	-0.869197	-0.626110	1.585315	0.364187	-1.602047	-1.033865	-1.467754	-1.673154	-1.362293	-2.194384	-2.132696	-0.820135	-0.791960	0.769529	0.621115	1.056725	0.814412	0.309875	-1.944344	-2.419619	-1.358436	-0.839128	-0.623622	0.229823	0.433753	0.256046	-0.035334	-0.779433	-0.755285	1.072499	0.179997	0.126012	0.494246	0.856347	0.619688	-0.199223	0.159618	-0.861259	-0.270804	-0.222916	-1.173908	-1.263244	-0.295301	-2.137875	-1.753267	-0.648281	-0.819074	-1.451943	0.547988	-2.245146	-1.206890	-1.444703	-1.459625	-2.208158	0.799241	-1.329300	-1.095130	-1.917410	-0.729658	0.396998	0.638451	-1.631199	-0.169875	-1.605648	-0.130122	-0.542292	0.003458	-0.616673	-0.508186	-0.938956	-1.281200	0.053483	0.854026	0.316025	0.211496	-0.964849	-1.108070	-0.190653	-0.986387	-0.067180	0.075444	-0.446887	-0.359286	-0.444992	0.776131
1.187565	0.703314	-0.597484	-1.466186	1.082739	0.733572	0.813677	-0.695942	0.083350	-0.511307	-0.154862	-0.981396	-1.218285	-0.899868	-0.030893	-0.314546	-0.262188	0.526656	-1.507693	-0.296853	0.422234	0.505285	0.884688	0.107205	0.076243	-0.448198	-0.294908	1.427379	0.317891	-1.915117	-0.942065	-0.971839	-0.842269	-0.465733	-1.266063	-1.267876	0.260920	-0.051803	0.516231	0.108852	0.642823	0.980926	0.756419	-0.943718	-0.413138	-0.743944	-0.930487	-0.102266	-0.497417	0.057981	-0.713654	-0.234778	-1.470600	-0.509696	0.678093	0.178010	0.313598	0.473744	0.421368	0.233791	-0.639978	-0.305501	-0.139410	-0.217266	0.181411	-1.140377	-2.492764	0.262516	-1.819134	-1.513628	-0.219621	-0.316818	-1.568343	0.662811	-0.836502	-1.024104	-0.114746	-0.627746	-0.640465	0.789657	-0.759615	-0.708698	-1.118015	-0.707027	-0.272772	-0.583474	-0.717504	-0.941908	-1.202293	-1.829565	-0.459780	-1.034041	-1.477387	-0.713119	-0.039675	-0.490856	0.257558	1.942703	0.344669	0.995996	-0.703874	-0.724865	-0.209606	-0.786138	0.505711	0.341105	-1.714885	-0.792445	-0.738959	-0.488980
1.141201	0.772007	0.844503	-0.628605	-0.011409	0.977907	0.623246	0.777790	1.300762	1.043073	1.340068	0.877674	-0.349850	0.388980	-1.323244	-1.887173	-1.690807	-1.120792	-1.874896	-0.659463	-0.333486	-0.066230	0.838503	0.294362	0.549933	-0.098215	-0.287730	0.609162	1.070089	-1.115541	-0.269962	-0.387434	0.245092	0.246577	0.055885	-0.310859	1.447558	0.855518	0.350695	-0.059875	0.184965	0.917329	0.928615	0.201683	1.181990	-0.447943	-0.290212	-0.003247	-1.298234	-0.457354	-1.660497	-0.441448	-0.974461	0.874663	0.443777	0.635534	0.602452	0.705659	-0.125713	-0.282892	-0.435964	-0.362627	0.559174	0.142609	0.531139	-0.367110	-1.937958	0.477393	-0.663279	-1.383568	0.048994	-0.097707	-0.797615	0.607434	1.250850	-0.802505	0.457690	-0.533998	0.858334	-0.372055	0.220817	0.612422	0.716876	0.144804	-0.336182	-0.575525	0.886411	-0.574864	-0.077961	-2.139334	-0.236362	-1.290654	-1.443359	-0.026407	0.470399	0.370576	-0.122899	1.067986	0.613827	0.882967	0.506654	-0.011185	0.607336	-0.364166	0.636834	0.078259	-2.126957	-0.946067	-0.549918	-0.814003
0.801580	0.855355	1.421061	0.742003	-0.787160	0.438715	0.190966	1.003638	1.566125	1.272075	1.235005	1.175310	0.007214	1.207354	-1.182899	-1.628686	-2.014891	-1.033386	-1.278104	0.188250	-0.659868	0.679929	0.984509	0.859454	0.363893	0.152827	-0.030338	0.096586	2.014116	0.126257	0.309757	-0.201276	0.641156	0.333321	0.883217	-0.061882	1.621089	1.154453	0.625891	0.216356	0.146238	0.903199	0.740454	0.518635	0.959233	-0.464735	0.437654	-0.382870	-1.046090	-0.517498	-1.273479	0.076414	0.351811	2.409923	0.556375	1.277428	1.012915	1.257528	-0.145648	-0.375193	-0.226767	-0.246067	0.626057	0.511310	0.742320	0.982079	-0.423548	0.221743	-0.108544	-1.128086	-0.110479	-0.329886	-0.029780	0.543486	1.896625	-0.419440	-0.217964	-0.762399	1.325099	-1.070860	0.453921	1.683968	1.581001	1.218832	0.206165	0.723404	1.028512	0.710503	0.362798	-0.511957	-0.323243	-0.195442	-0.783278	0.858229	0.346952	0.594169	-0.664219	-0.268005	1.305415	0.405058	1.499000	0.242731	2.034092	0.328278	0.282741	0.314553	-1.473861	-0.675082	0.430160	0.197021
0.528708	0.879221	0.731148	1.419443	-0.467074	-0.088646	-0.167882	0.121557	0.649358	0.104500	-0.164658	-0.042997	0.253154	1.504358	0.275853	0.513904	-0.886729	0.858476	-0.206095	1.608564	-0.465507	1.565670	1.196612	1.263710	-0.088394	0.425901	0.680442	0.147029	2.066109	0.340872	0.343031	-0.203086	0.481615	0.302701	1.031139	-0.252767	0.718936	0.736734	1.009401	0.719594	0.363584	0.960210	0.339905	0.265292	-0.171249	-0.104277	0.816169	-0.396711	-0.001592	-0.324607	0.253665	1.136891	0.793378	2.332953	0.531381	1.422789	1.080038	1.457828	0.099816	-0.076578	-0.536613	-0.326705	0.340211	0.615193	0.333079	1.720363	0.491215	-0.227807	-0.574597	-0.383173	-0.099871	-0.335386	-0.046974	0.527202	0.714707	-0.299920	-0.692491	-0.054974	1.040588	0.072988	-0.213936	1.611555	0.814071	1.653527	0.816640	1.874806	-0.519081	1.577492	-0.073677	1.539748	-0.379097	1.413772	-0.074562	1.415082	0.311334	0.560063	-0.673992	-0.235405	2.055982	0.468560	0.912797	-0.633739	2.852428	1.387368	0.041050	1.411479	-0.317795	-0.517259	1.271464	1.155720
0.084578	0.859646	-0.031218	1.071213	0.349711	0.044202	-0.349637	-0.390054	-0.214284	-0.817954	-0.869299	-0.911582	0.846951	1.688183	1.123833	2.255161	0.320862	2.346122	0.180520	2.259656	-0.415558	1.167387	0.983743	1.205827	-0.120687	0.620756	1.268137	0.177558	1.129430	-0.517437	-0.036340	-0.038460	0.362964	0.611683	0.620340	-0.166808	-0.252195	0.213843	0.957441	1.123737	0.356048	0.882686	-0.216886	0.225017	-0.449404	0.701272	0.745450	0.244818	0.588041	-0.316890	1.290235	1.678103	-0.461953	0.275745	-0.094831	0.988717	0.727397	1.003476	0.064882	0.219728	-1.154977	-0.575369	0.152583	0.258625	-0.749916	1.200748	0.444428	-0.371698	-0.835995	0.636090	0.342065	0.068993	-0.596422	0.665503	-0.717348	-0.523356	0.188870	1.457207	0.800886	1.965537	-0.704695	0.761138	-0.198315	1.272788	1.064021	1.622224	-1.493334	1.243611	-0.067135	2.144122	0.308032	2.057027	0.261942	1.415955	0.774829	0.924396	0.149050	1.128666	2.291670	1.115144	-0.832037	-1.875265	2.137123	2.391787	0.473369	2.534049	0.504503	-0.656643	0.912384	0.684682
-0.630546	1.000590	0.316651	0.604518	0.516477	0.748166	-0.251075	0.290710	0.177991	-0.125701	0.298262	-0.091165	1.334855	1.654753	0.071908	1.817094	0.130435	1.442658	-0.484908	1.442230	-0.838349	-0.158382	0.360685	0.991314	0.336958	0.418768	1.106951	-0.184350	0.270374	-0.828153	-0.369466	0.153114	0.249489	0.823800	-0.258624	0.252378	-0.443664	0.151128	0.472163	1.189686	0.032264	0.655673	-0.837234	0.474009	0.358931	0.984625	0.044186	0.458248	0.130095	-0.412039	0.746145	1.017552	-2.102252	-2.053528	-1.043885	0.534687	0.458565	0.485707	-0.081687	0.434727	-1.403830	-0.600781	-0.064670	-0.647687	-1.641568	0.298268	0.181592	0.161440	0.072308	1.168736	0.391678	-0.055095	-0.702173	0.987639	-1.058373	-0.509198	1.403818	1.956986	0.737665	2.077296	-0.064180	0.150348	-0.007326	0.591206	0.867428	0.169372	-0.037435	0.297569	1.170118	1.073170	1.423408	1.032547	0.046136	0.556391	1.012423	1.317605	1.358004	2.209230	1.835664	1.464489	-1.854772	-1.846353	0.383661	2.483169	1.279250	2.627446	0.454379	-0.518235	-0.347218	-0.831551
-1.038305	1.287215	1.405700	0.849120	-0.344152	1.394200	0.227296	1.394789	1.384590	1.598354	2.200621	1.678408	0.864502	0.860415	-1.852771	-0.067138	-1.253413	-1.227889	-1.283810	-0.259925	-1.274048	-0.818296	-0.104414	1.051001	0.702588	-0.157540	0.314327	-0.584676	0.290838	0.360096	-0.397664	0.003894	-0.322846	0.216419	-1.238725	0.390297	-0.002176	0.553946	0.049983	0.908099	-0.297793	0.495910	-1.173380	0.400800	0.899500	0.029083	-1.459186	-0.862676	-0.696697	-0.207717	-0.745148	-0.252318	-2.213035	-2.627980	-1.559764	0.406777	0.484983	0.457186	0.203227	0.731002	-1.040424	-0.304676	-0.698304	-1.912875	-1.442824	0.200627	0.120093	1.099784	1.241380	0.709271	-0.859086	-1.469613	0.123276	1.182965	-0.709158	0.011138	1.056940	0.346505	0.362390	-0.290233	1.327755	0.210155	1.037287	0.122150	0.299988	-1.321349	2.701475	-0.233763	2.473319	-0.370530	1.614109	-0.943596	-0.736880	-1.264884	0.118925	0.610873	1.959625	1.903540	1.073676	0.924918	-1.177498	-0.144152	-0.938884	1.273457	1.563857	1.648262	-0.291551	0.273063	-1.097625	-1.676001
-0.547580	1.340277	1.905354	1.513847	-1.676054	1.465812	0.811798	1.697619	1.731395	2.575655	2.762126	2.660694	-0.522460	-0.617888	-2.506343	-1.322743	-2.143026	-3.016932	-1.170423	-1.584810	-1.176033	-0.191408	-0.135476	1.340848	0.592575	-0.393073	-0.355547	-0.672765	0.677789	1.828427	-0.224456	-0.297366	-1.140475	-0.998322	-1.520429	0.029757	0.442558	1.111057	-0.041443	0.544524	-0.477311	0.411855	-0.892255	-0.152421	0.362955	-1.307358	-3.129352	-2.986963	-0.953593	0.320085	-1.798257	-0.902587	-0.471510	-1.148107	-1.331866	0.385503	0.308879	0.545048	0.668815	0.873581	-0.614184	-0.158559	-1.558827	-2.889574	-0.311729	0.838073	0.042834	1.462107	1.043273	-0.367228	-2.871421	-3.253262	1.221331	0.850122	-0.702659	0.463232	-0.849971	-1.887176	-0.371700	-2.799485	2.225302	0.538715	1.463357	-0.008657	-0.469744	-1.954458	3.823213	-0.057304	2.131937	-1.045925	0.293517	-2.371289	-1.785464	-3.224841	-1.484397	-1.334014	1.187247	0.747283	0.479249	0.014521	0.091828	1.713679	-0.940379	-0.482003	1.038751	0.536798	-0.878597	1.060528	-0.565086	-0.729340
0.486203	0.886439	1.371586	1.782363	-2.784934	0.974980	0.826793	0.988952	0.351005	1.968467	1.407564	2.196939	-1.694887	-1.734635	-1.133212	-1.048206	-1.343628	-2.204321	-0.238886	-1.726644	-0.659839	0.595060	-0.150514	1.380716	0.367910	0.489710	-0.278197	-0.764637	0.431792	1.789002	-0.036461	0.013459	-1.163592	-1.623598	-0.530313	-0.102597	0.727081	1.604211	-0.071101	0.414314	-0.685481	0.046618	-0.179393	-0.447632	-0.323133	-1.250528	-3.463622	-3.748754	-0.574242	0.693753	-1.808809	-0.410348	1.650649	0.931134	-0.867302	0.231621	-0.390357	0.091986	0.260909	0.278146	-0.736885	-0.576056	-1.833269	-2.746755	0.730592	1.223811	-0.033340	0.530934	-0.618735	-1.177970	-3.768862	-3.441337	1.460443	0.142221	-0.944565	0.413905	-2.109945	-2.139418	-0.710466	-2.691994	1.988750	0.738368	0.767911	0.166426	-1.039136	-1.564419	2.255927	0.446245	0.263290	-0.936917	-1.254979	-2.216725	-2.397901	-3.846825	-2.181783	-2.897667	-0.648658	-0.014950	0.145368	-0.285534	0.365807	2.094115	-0.084697	-1.384473	0.523842	0.110208	-0.528891	0.830847	0.370960	1.401412
0.971327	0.158247	0.777060	1.485493	-3.320905	0.309114	-0.139541	0.042144	-1.697593	0.639973	-0.446720	1.125175	-1.680568	-1.566644	0.874375	-0.212851	0.451835	0.146966	0.533601	-0.907905	-0.311861	0.263185	-0.616186	0.808883	0.570036	2.235118	0.487475	-1.312904	-0.459664	0.299823	0.094872	1.231390	0.213413	-0.831639	1.260270	0.732055	1.150650	1.893803	-0.359239	0.488817	-1.045084	-0.800051	0.268764	0.113289	0.093689	0.734622	-1.588574	-2.022936	-0.222553	0.514673	-1.167569	0.658221	2.513235	2.060989	-0.839352	0.108891	-0.959742	-0.651558	-1.405354	-1.058273	-1.253441	-1.246516	-0.985635	-1.229311	0.916189	0.921099	0.206920	-1.070033	-2.158555	-1.288713	-2.273009	-1.305949	0.458490	-0.208901	-0.519214	0.407124	-1.071173	0.175823	-0.077914	-0.004462	1.142159	0.944934	0.028355	0.676094	-0.917258	-0.438929	-0.024340	0.951824	-1.194203	-0.604725	-1.270658	-0.704096	-1.944548	-2.427102	-0.994936	-2.339814	-2.183410	0.088650	-0.066659	0.258116	-0.364360	1.068748	0.625759	-0.703058	0.871753	0.346781	0.530445	-0.387859	0.228517	3.088511
0.324534	-0.349789	1.041980	1.151840	-3.102536	-0.192025	-1.625604	-0.521965	-2.618834	-0.208237	-1.211970	0.392827	-0.698813	-0.410097	1.702344	-0.024260	1.520459	1.611737	0.586883	0.046387	-0.409016	-0.864672	-1.319094	-0.174430	0.992433	3.433623	1.341108	-2.044610	-1.060567	-0.846938	0.064401	2.424821	2.163049	0.759597	2.477700	2.031546	1.633111	1.746369	-0.798053	0.342172	-1.357247	-1.667101	-0.122019	0.951910	1.275917	2.976810	1.398458	0.878224	-0.276151	-0.060074	-0.437363	1.482184	1.737671	1.866016	-1.235323	0.266538	-0.495206	-0.690125	-3.104774	-2.091635	-1.484180	-1.427446	0.558733	0.863625	0.362210	0.399005	0.505356	-1.856773	-2.270766	-1.054020	0.748501	1.616002	-0.987221	0.194858	0.568440	1.065746	1.185029	2.823181	1.041772	2.578205	0.485893	1.335245	0.351739	1.390460	-0.001510	0.926825	-0.655448	1.326799	-0.895452	-0.384782	0.330523	0.974129	-0.520818	0.129727	1.196679	0.094201	-2.194053	0.490272	-0.073373	0.898199	-0.838472	-0.055862	0.806159	0.857079	1.695125	0.772999	1.154004	-1.267280	-1.176016	3.200713
-0.828370	-0.381609	1.667578	1.066517	-2.040245	-0.434428	-2.630622	-0.842400	-1.851419	-0.474158	-0.827261	-0.013118	0.274616	0.587758	1.098587	-0.330300	1.129270	1.251593	0.338679	0.606956	-0.605914	-1.233999	-1.592473	-0.898969	0.764718	2.853547	1.719273	-2.131660	-0.886187	-0.436414	-0.347962	2.219174	3.103234	1.673506	2.043472	2.338052	1.458315	1.010368	-1.041251	-0.339140	-1.388581	-1.781962	-1.242210	0.871662	1.639819	3.286332	3.313977	2.668781	-0.358152	-0.512955	0.131665	1.750699	0.274989	0.969483	-1.325599	0.606643	0.848906	0.353272	-3.116216	-1.654954	-1.169658	-0.828185	1.809255	2.215549	-0.281875	0.087750	0.124212	-1.247482	-1.245988	-1.004566	3.013722	3.111083	-1.699443	0.790289	1.049802	1.835806	2.154049	3.314601	1.661200	2.857436	0.153313	1.570278	1.377936	1.819208	1.200173	1.932162	0.241594	1.307473	0.379667	-0.312249	1.901942	1.721666	1.074236	2.210597	2.628334	2.368412	-0.833276	0.532978	0.392483	0.820755	-0.448857	-0.463433	0.787156	1.815952	1.770976	1.119957	0.619016	-0.551347	-2.360054	1.929419
-1.367351	-0.047259	1.330204	0.835290	-0.453804	-0.443225	-2.600629	-1.327827	-0.487645	-0.869354	-0.453549	-0.593422	0.611143	0.672467	0.374988	-0.038326	0.263265	0.378804	0.449861	0.971864	-0.427924	-0.036529	-1.163999	-0.809825	-0.473876	0.850064	1.515185	-1.159482	-0.548645	0.781396	-1.164191	0.393237	2.303650	1.160937	0.284273	0.999987	0.209011	-0.039759	-0.949124	-1.230664	-1.227730	-0.946314	-2.382856	-0.404713	0.455530	1.443041	3.133225	2.457094	0.062915	-0.500168	0.464441	1.518776	-0.583832	0.140977	-0.483416	0.797050	1.877806	1.606290	-1.189436	0.190342	-0.747647	0.080620	2.171110	2.165173	-0.536550	-0.184745	-0.879161	-0.285145	-0.264675	-1.223249	3.046889	2.537357	-1.279156	0.764934	0.070769	1.560149	0.939555	1.658378	1.486237	1.324367	-0.246588	1.161341	1.733051	1.466375	1.936981	2.132732	0.656392	0.652631	0.948567	-0.355387	2.051153	1.405965	2.044666	2.969499	2.528919	2.891219	0.523378	0.285143	1.199454	-0.007434	0.120653	-0.391881	0.902705	1.360015	0.703488	1.318443	-0.303127	1.431108	-1.949547	0.406531
-0.891080	0.401242	-0.406833	0.042017	0.917887	-0.216962	-1.886438	-1.940744	0.112673	-1.649119	-0.903952	-1.367619	0.397502	0.028241	0.724421	1.219918	0.303270	0.545036	0.997404	1.585833	0.155549	1.694603	-0.457224	-0.032049	-1.811748	-0.858628	1.017304	0.350343	-0.809479	1.209825	-1.940226	-1.676966	0.588302	-0.047742	-1.248882	-0.793986	-1.354259	-0.795443	-0.613033	-1.533218	-1.098400	0.181589	-2.799390	-1.740965	-1.194088	-0.537494	1.799794	1.224135	0.908415	-0.092424	0.593581	0.807688	-0.355249	-0.240389	1.023027	0.633265	1.714189	1.893032	1.065379	2.040933	-0.612293	0.651174	1.847599	1.279150	-0.442718	-0.643181	-1.370187	-0.214060	-0.036446	-1.432391	1.425473	1.129751	-0.335937	0.187349	-1.554495	0.223062	-0.879731	0.042703	1.036763	0.083079	-0.916501	0.212918	0.684896	0.417818	1.796533	1.529827	-0.454647	-0.355468	0.284950	-0.403446	0.990076	0.750789	2.149965	2.678860	1.593197	1.945247	0.714514	0.294760	1.613302	-0.954511	0.147077	-0.261573	1.066469	0.038845	-0.447991	1.172830	-0.126806	2.889000	-0.437034	-0.331785
-0.024913	0.718388	-2.418498	-0.999448	1.551620	0.189411	-1.163237	-2.154404	-0.250241	-2.181408	-1.742180	-1.793400	0.022834	-0.683029	1.895771	2.425632	1.349062	1.527485	1.573678	2.308446	0.762057	2.199400	0.006130	0.701319	-1.871031	-0.947098	0.540821	1.359109	-1.519125	0.419870	-2.066051	-2.358258	-0.541401	-0.618585	-1.227767	-1.228964	-1.880366	-0.879656	-0.096104	-0.796818	-0.888026	0.773303	-2.213902	-1.837352	-1.766119	-0.751656	0.803987	0.368821	1.534178	0.370999	0.770975	-0.254087	0.280935	-0.267815	2.084103	0.090434	0.693677	0.973762	1.880789	2.484740	-0.486715	0.725603	1.355075	0.657151	-0.385381	-0.968281	-0.616235	-0.798665	-0.350705	-1.370669	-0.122302	0.332030	0.437515	-0.110508	-2.270018	-0.779787	-1.369899	0.073074	0.668519	0.246516	-1.591621	-0.599038	-1.025328	-0.615106	0.971124	0.517162	-1.962396	-1.013502	-0.691602	-0.258279	-0.146714	0.434298	1.658614	1.979430	0.792973	0.835746	-0.072976	0.771450	1.039185	-1.414071	-0.170367	-0.047019	0.967761	-0.946540	-0.504576	0.526077	1.394321	2.375396	0.418707	-0.105363
0.373907	0.643031	-3.090082	-1.459294	1.601902	0.479303	-0.616998	-1.520189	-0.655793	-1.749823	-1.856171	-1.458466	-0.166947	-0.897780	2.540027	2.316602	2.134707	1.773640	1.849440	2.298582	1.011799	0.934531	0.182473	0.734822	-0.372740	0.199107	0.142412	1.185179	-1.838271	-0.411131	-1.305927	-1.307401	-0.346728	-0.039241	0.144761	0.041772	-0.941475	-0.502847	0.549914	0.442057	-0.209338	0.583689	-0.917488	-0.667389	-0.994016	0.474667	0.575640	0.377906	1.436135	0.510531	1.219258	-1.166917	0.336973	-0.332805	1.675409	-0.785112	-0.234071	-0.396242	1.106394	1.402443	0.181876	0.649838	0.888218	0.725989	-0.631002	-0.658887	0.658680	-0.701145	-0.521968	-0.894669	-0.508398	0.344676	1.058069	0.278001	-1.542650	-0.429405	-0.416186	1.028931	0.116421	0.992311	-1.812137	-0.801115	-1.983743	-0.942788	0.065657	-0.451889	-2.223966	-0.925499	-0.964174	0.126770	-0.631349	0.430629	1.040139	1.227778	0.332491	0.285687	-0.653584	1.295031	-0.148595	-1.219460	-0.312440	0.339086	0.421130	-0.955709	0.323681	-0.302979	2.634427	0.343548	-0.127184	0.481338
0.105415	0.006537	-1.896811	-0.901872	1.494583	0.199879	0.095091	-0.142727	-0.339519	-0.453166	-0.734678	-0.547475	0.057705	-0.406060	1.687594	0.856642	1.537153	0.504637	1.702498	0.933656	0.780119	-0.904668	0.270300	0.039251	1.421134	1.122141	-0.348373	0.105078	-1.231709	-0.063150	0.105129	0.481812	0.564748	0.990576	1.393436	1.548014	0.429674	-0.153173	1.041381	1.059908	0.918330	-0.068570	0.505994	0.676745	0.112758	1.261188	0.513885	0.798719	0.762781	0.133215	1.649679	-1.419840	-0.267196	-0.752974	-0.123198	-1.700873	-0.667210	-1.415393	0.062493	-0.096111	1.380099	0.790100	0.318531	0.890324	-1.015250	0.181026	1.255764	0.585956	-0.025678	0.034368	-0.016944	0.406480	1.778379	0.822008	-0.237766	0.552931	0.600223	1.144663	-0.760110	1.021088	-1.317443	-0.602136	-1.557317	-0.545383	-0.384524	-1.086942	-1.067449	-0.360689	-0.424979	0.555895	-0.476939	0.337097	0.718714	0.471074	-0.078845	0.056918	-0.182815	1.314944	-0.935902	-0.572958	-0.273478	0.600660	-0.471440	-0.303697	0.765647	-0.679499	1.898406	-1.381842	-0.862037	0.726028
-0.317641	-0.962067	0.113778	0.231672	1.276829	-0.778399	1.176039	1.402759	0.339467	0.815006	0.895637	0.370780	0.650371	0.466417	-0.219138	-0.742411	-0.103663	-1.243323	1.004576	-1.255948	0.215711	-1.714474	0.199225	-0.903576	1.979635	1.005450	-1.017707	-0.844996	0.042649	1.157558	1.750060	1.846336	0.953411	1.439852	1.355171	1.793924	0.881950	-0.052808	0.952584	0.562868	1.732951	-0.794129	1.566954	1.402292	0.629111	0.623157	0.127687	0.963616	0.144130	-0.514799	1.403039	-1.084959	-0.624687	-1.413031	-2.002405	-1.940881	-1.002531	-1.905852	-0.121711	-0.845146	2.393786	1.164508	-0.314030	0.413633	-1.098999	0.846693	1.003853	1.907303	1.057960	1.226380	0.469051	0.068828	2.177873	0.821648	0.555615	0.725923	0.743145	0.066830	-1.348038	0.237113	-0.300912	-0.514926	-0.454882	-0.021683	-0.342022	-1.259485	0.347376	0.174907	0.380390	0.888591	0.013162	0.110772	0.833798	-0.324992	-0.448553	-0.282798	0.949642	0.692736	-0.877115	0.168734	-0.294974	0.343526	-1.334470	0.348728	0.136347	-0.382169	-0.434540	-1.593616	-0.278640	0.428825
-0.368829	-1.599536	1.366820	1.049752	0.717880	-1.869997	2.240721	2.497777	0.432433	1.205393	1.760628	0.864371	1.167012	0.904550	-1.778227	-1.357602	-1.352561	-1.834755	-0.252277	-2.867057	-0.325641	-1.043743	-0.213537	-1.557200	1.025514	0.288752	-1.564298	-0.791410	1.256428	1.812936	3.129319	2.274758	0.167196	0.906421	0.286018	0.826542	0.155465	-0.079055	0.210997	-0.249719	1.439502	-1.334731	2.072270	1.748058	0.536685	-0.533736	-0.343176	0.574534	0.050348	-0.793987	0.307423	-0.701481	-0.084340	-1.806723	-2.468577	-0.890040	-1.590718	-2.059161	0.399835	-0.585840	2.548054	1.506175	-0.605122	-0.567298	-0.629948	0.900644	0.680507	1.900445	2.040922	2.224360	0.534104	-0.263486	1.475049	0.214990	0.656862	-0.116567	0.400723	-0.795527	-0.974844	-0.423490	0.634287	-0.688831	0.158886	0.063459	-0.221943	-1.000823	1.138028	0.456380	0.951454	1.211179	0.478789	0.066686	1.080235	-1.102401	-0.472971	-0.773675	1.531724	-0.293654	-0.571282	0.658220	-0.274409	-0.382229	-1.699660	0.665227	-0.903481	0.062033	-2.230536	-0.730399	1.409088	-0.073230
-0.094937	-1.363939	1.223976	0.932829	-0.034359	-2.098575	2.646502	2.766757	-0.234205	0.656805	1.325390	0.869322	1.107363	0.306263	-2.018472	-0.973312	-1.239818	-0.883700	-1.582221	-2.918139	-0.491341	0.210539	-0.695896	-1.577259	-0.372787	-0.351243	-1.439571	0.179447	1.769096	1.106451	3.581328	1.769838	-1.293141	-0.282528	-0.702647	-0.282515	-0.852014	-0.127596	-0.641222	-0.140431	0.259298	-1.404639	2.072616	2.161150	0.252386	-0.926445	-0.400125	-0.153496	0.294824	-0.271854	-0.879800	-0.575168	0.807901	-1.517716	-1.164000	1.021821	-2.025096	-1.884569	0.776141	0.122446	1.908337	1.591725	-0.219072	-1.143067	0.204562	0.665874	0.770333	0.800512	2.191278	2.551691	0.375478	-0.049409	-0.184644	-0.556408	0.714525	-0.816983	0.253996	-0.379840	-0.027980	-0.415160	0.901078	-0.793014	-0.081424	-0.338851	-0.353035	-0.554587	1.422056	0.511938	1.035952	1.500963	0.451932	0.193203	0.966952	-1.593462	-0.151962	-1.157079	0.823714	-1.227326	-0.759276	0.718849	-0.027235	-1.041416	-1.364560	0.670133	-1.314006	-0.089844	-2.052149	0.047182	2.517173	-0.336543
0.082677	-0.436944	0.315337	-0.135461	-0.317308	-1.011029	2.170339	2.115643	-0.759369	-0.209079	0.191151	0.467090	0.465639	-0.889685	-1.164500	-0.304458	-0.151725	0.507603	-2.185636	-1.676278	-0.219190	0.917723	-0.600128	-0.849230	-1.060489	-0.939838	-0.504313	1.181274	1.388206	-0.320371	2.590608	0.532675	-2.309009	-1.502468	-0.990855	-0.985312	-1.221686	-0.299610	-0.873402	1.072049	-0.556202	-0.720245	1.725083	2.296637	-0.116052	-0.542382	0.001879	-0.719343	0.250015	0.708517	-1.225335	-0.529074	0.960192	-0.668572	0.851627	2.301365	-1.604602	-1.220718	0.677366	0.660221	1.140679	1.433674	0.599360	-0.715420	0.986966	0.627521	0.935407	0.104848	1.410131	2.048386	0.179978	0.532505	-1.464023	-1.136575	1.216290	-0.607691	0.139626	0.516699	0.268830	-0.135749	0.430150	-0.519840	-0.618625	-0.937472	-0.584991	-0.245222	1.479439	0.297943	0.474498	1.367009	-0.390812	0.013246	0.405537	-1.399236	0.018315	-1.144937	-0.584306	-1.719357	-1.325024	0.425954	0.145680	-1.097431	-0.670766	0.452042	-0.923535	-0.998280	-0.608053	0.182177	1.946656	-0.258445
0.043347	0.449448	-0.469399	-1.617068	0.318502	0.744400	1.228148	0.757898	-0.428781	-0.816036	-0.769968	-0.319233	-0.231224	-1.449313	-0.068987	0.206059	0.846377	1.166802	-1.717207	-0.167615	0.254665	0.806128	0.289015	0.387859	-0.891462	-1.758570	0.535806	1.463376	0.462259	-1.398412	0.457113	-0.941793	-2.187929	-2.132455	-0.893009	-1.608936	-0.919912	-0.676241	-0.280081	2.189824	-0.015270	0.598709	1.214734	1.411890	-0.714912	-0.249961	0.432852	-0.757183	-0.318101	1.356280	-0.703480	-0.372957	0.130489	0.149448	2.159408	1.780901	-0.385674	-0.208380	0.533961	0.836929	0.730527	1.112301	1.114434	0.275209	1.447801	0.672742	0.691940	0.509245	0.297769	1.030339	-0.186453	0.756939	-1.271494	-1.475501	1.794155	-0.091206	-0.517087	0.440628	-0.616025	-0.071601	-0.267485	-0.029481	-0.937455	-1.525426	-0.572393	-0.162933	1.031677	-0.338166	-0.687988	0.504666	-1.719990	-0.660007	-0.127379	-0.419788	-0.350713	-0.566176	-1.370163	-1.571200	-1.545139	-0.042969	-0.238443	-0.497993	-0.273222	0.072859	-0.443980	-2.021590	0.444722	-0.090321	0.431889	-0.144886
0.146538	0.785796	-0.916157	-2.636372	1.421642	1.883921	0.433707	-0.737891	0.279032	-1.058897	-1.272306	-1.284926	-0.461661	-0.673318	0.723397	0.633701	1.183628	0.972727	-0.616503	0.828857	0.695959	0.443044	1.327459	1.451464	-0.568920	-2.471901	0.705295	1.090675	-0.362927	-1.748876	-1.573003	-1.844450	-1.201561	-1.764222	-0.891722	-2.294021	-0.576545	-1.089360	0.599593	1.943706	1.416398	1.807090	0.706879	-0.370641	-1.368811	-0.356996	0.531683	-0.334324	-0.784712	1.347912	-0.149879	-0.227754	-0.735169	0.432184	2.241480	-0.062204	0.691137	0.614370	0.719860	0.764879	0.520678	0.564751	0.782165	0.876366	1.585214	0.322509	0.112636	0.974344	-0.441399	0.142677	-0.736209	0.299588	-0.070796	-1.627740	1.661703	-0.090681	-1.503128	-0.613457	-1.689074	-0.076989	-0.583674	0.212010	-1.120399	-2.000977	-0.323189	-0.097287	-0.125284	-1.310289	-1.900757	-0.684160	-2.570011	-1.279928	-0.196272	0.767071	-0.939793	0.447385	-0.952253	-1.008334	-1.129582	-0.597621	-1.000731	0.279327	-0.448447	-0.329156	-0.525529	-2.302345	0.468719	-0.316486	-0.393565	-0.342446
0.584457	0.624834	-1.249521	-2.468265	1.948243	1.649760	0.054572	-1.633376	0.428821	-1.040052	-1.430844	-1.790670	-0.157619	0.732607	1.116903	0.973159	1.043100	0.484383	0.449485	1.125561	1.009040	0.320244	1.621608	1.580918	-0.618725	-2.338077	-0.140594	0.674689	-0.675117	-1.500713	-2.236696	-1.637686	-0.172095	-0.548618	-0.894116	-2.384748	-0.603753	-1.222715	0.995098	0.425627	2.219847	2.021589	0.287483	-1.791808	-1.496033	-0.355637	0.352532	0.178727	-0.387372	1.032798	-0.105308	-0.213814	-0.615540	0.223064	1.646636	-1.532158	0.887377	0.851447	1.000839	0.579242	0.162234	-0.190109	-0.136124	0.756294	1.475151	-0.458541	-0.358794	0.257198	-0.541373	-0.110874	-0.972308	-0.290412	0.698618	-1.564308	0.665138	-0.314163	-1.793329	-1.221121	-1.547222	0.156347	-0.358719	-0.000060	-1.313611	-2.101500	-0.207304	0.111490	-1.288901	-2.050299	-2.318928	-1.329059	-2.188598	-1.219294	0.061976	1.276083	-0.982462	1.333782	-0.051151	-0.575890	-0.583118	-1.113502	-1.257080	0.645517	-0.743261	-0.540245	-1.079994	-1.616750	0.127745	-0.208215	0.101868	-0.817381
0.872979	0.168212	-1.402262	-1.192029	1.333411	0.517638	-0.063330	-1.512938	-0.008910	-0.730136	-1.170243	-1.218281	0.327513	1.358285	1.030135	0.835664	0.740902	0.000286	1.133692	0.815324	1.054701	0.248466	0.963351	0.641971	-0.754965	-1.215529	-1.086188	0.593395	-0.618054	-0.706319	-1.396037	-0.694924	0.317714	0.700139	-0.493130	-1.322524	-0.722693	-0.889944	0.623776	-1.031462	1.498328	1.068166	-0.033645	-1.732301	-0.748962	0.031037	0.196061	0.535272	0.615900	0.666082	-0.172103	-0.170384	0.383361	-0.031898	1.108672	-1.485711	0.485393	0.643908	0.958317	0.375538	-0.190855	-0.715185	-0.735837	0.510296	1.101149	-1.140528	-0.526496	-1.241766	-0.168231	0.146729	-0.376332	-0.230326	0.319331	-1.216954	-0.404594	0.020187	-0.849122	-0.558200	-0.109813	0.357643	0.074004	-0.324355	-1.197271	-1.499319	-0.430776	0.305314	-1.423614	-1.876733	-1.590887	-1.031903	-0.852709	-0.572992	0.253797	0.851287	-0.174243	1.420649	0.333286	-0.558644	-0.469311	-1.215269	-0.397694	0.416653	-0.566670	-0.469323	-1.459475	-0.621579	0.129335	0.213004	0.902693	-1.164925
0.447596	-0.536042	-1.035802	0.197506	0.132518	-0.348635	-0.157637	-0.683236	-0.150719	-0.104869	-0.313209	0.200799	0.537364	0.597228	0.354955	0.006970	0.272683	-0.582935	1.275151	0.103359	0.637641	-0.199324	0.013968	-0.632981	-0.367310	0.121791	-1.168049	0.681996	-0.550744	0.414815	-0.079343	-0.000122	0.240061	1.097651	0.283472	0.296339	-0.371721	-0.215766	-0.073816	-1.371458	-0.030805	-0.266780	-0.214867	-0.488768	0.476724	0.321772	0.218657	0.771408	1.027830	0.014585	0.193016	0.019996	1.145281	-0.004231	0.815033	-0.416198	0.218914	0.334694	0.579166	0.161484	-0.084729	-0.543442	-0.425860	0.733775	0.470125	-1.300688	-0.566562	-1.932290	0.341538	0.263292	0.762683	0.501540	-0.540830	-0.587821	-0.667270	0.709951	0.600899	0.476654	1.281122	-0.049089	0.318402	-0.269185	-0.450437	-0.306901	-0.762846	0.227159	-0.490412	-0.775773	-0.283831	-0.312273	0.387344	0.020234	0.244581	0.157829	0.849314	0.587861	0.064866	-0.639602	-0.656684	-0.567461	1.144767	0.000762	-0.019147	-0.354718	-1.170927	-0.179939	0.326345	0.565490	0.721693	-1.046405
-0.355843	-1.262822	-0.209876	0.641417	-0.538270	-0.348225	-0.278287	0.048773	0.524981	0.580324	0.855215	1.367272	0.279820	-0.693429	-0.620572	-1.006105	-0.462933	-1.193907	0.724908	-0.573137	-0.126949	-0.891756	-0.417530	-1.309343	0.516399	0.791181	-0.390016	0.623303	-0.478027	1.100055	0.626623	-0.057278	-0.084276	0.547513	0.909348	1.221731	0.532600	0.386554	-0.400293	-0.894381	-0.916673	-0.961983	-0.138515	0.571594	1.388689	0.078282	0.214831	0.879322	0.206171	-0.934068	0.700508	0.100799	0.855468	0.307356	0.551865	0.299757	0.237218	-0.001461	0.127057	-0.234701	0.359696	0.023439	0.315389	1.117945	-0.182513	-1.026251	-0.604309	-1.131616	0.587448	-0.170650	1.439876	1.052018	-0.835351	0.242625	-0.077673	0.817204	1.416432	0.558926	1.511966	-0.966450	0.228018	0.138369	0.536489	0.756671	-0.885129	-0.135674	0.412183	0.355039	0.662231	-0.011499	0.780925	0.157427	0.024665	-0.093682	1.129550	-0.470879	-0.311731	-0.362464	-0.567291	0.516114	2.278200	0.048699	0.274926	-0.610414	-0.415570	-0.467023	0.119409	0.421018	-0.315027	-0.542831
-0.541430	-1.424045	0.439530	0.059430	-0.188963	0.012223	-0.356636	0.141581	1.404438	0.908729	1.553872	1.366208	-0.169362	-1.094230	-1.181038	-1.400433	-1.236204	-1.366537	-0.314747	-0.715439	-0.685117	-1.196826	-0.196071	-1.137366	1.092391	0.667311	0.420260	0.326127	-0.142948	0.714616	0.521718	-0.380848	-0.213315	-0.137072	1.057157	1.054326	1.370727	0.475097	-0.142545	-0.643582	-0.646242	-0.724127	0.197259	0.557499	1.579783	-0.297922	-0.166540	0.602604	-0.975010	-1.441770	0.630596	-0.191713	-0.051180	0.796278	0.196502	-0.014591	0.124838	-0.392815	-0.303591	-0.911067	0.394129	0.108111	0.444942	0.860856	-0.535731	-0.618222	-0.511710	0.115444	0.245022	-0.742900	1.033083	0.667757	-0.364793	1.087251	0.659457	0.276998	1.351701	-0.245498	0.895294	-1.414213	-0.181816	0.280038	0.946368	0.976410	-0.796241	-0.554433	0.324211	0.563153	0.801574	-0.384710	0.487048	-0.012866	-0.511177	0.003728	0.450463	-0.854611	-0.477155	0.210673	-0.029876	1.154940	2.263750	0.720370	0.142246	-1.233137	0.140155	-0.836350	-0.594531	-0.172035	-0.933276	-0.063273
0.174748	-0.716282	0.383484	-0.601056	0.538660	-0.130759	-0.425106	-0.215464	1.420185	0.694588	1.217904	0.389132	-0.343372	-0.161698	-0.862418	-0.998836	-1.516968	-0.784734	-1.113449	-0.272340	-0.594130	-0.849001	0.087491	-0.651631	0.732943	0.314779	0.584860	-0.127653	0.343169	-0.265313	0.130606	-0.272428	0.175589	-0.110900	0.933547	0.629452	1.395894	-0.028074	0.190139	-1.024432	-0.112983	-0.169548	0.465292	-0.112025	1.274249	-0.109164	-0.879911	-0.138331	-1.134801	-0.860974	0.008505	-0.606196	-0.496418	1.321519	-0.187645	-0.746096	-0.218174	-0.573048	-0.739911	-1.466892	-0.270974	-0.511527	-0.333647	-0.146104	-0.580263	-0.259110	-0.214971	0.493706	-0.517861	-0.671429	0.035694	-0.376914	0.197520	1.561822	0.877912	0.037669	1.072707	-0.679459	0.451678	-0.661311	-0.790947	-0.262657	0.539137	0.419330	-0.670518	-0.761886	-0.570762	-0.053575	0.429992	-0.851529	0.155903	-0.110528	-1.173074	-0.080706	-0.411649	-0.363945	-0.547629	0.571408	0.452917	0.850788	1.253241	1.290163	0.125723	-1.513337	0.164114	-0.586843	-1.126908	-0.683085	-0.559151	0.022768
0.837172	0.232604	-0.162920	-0.396622	0.618778	-0.897430	-0.625859	-0.512614	0.359279	0.201113	0.158350	-0.524648	-0.177496	1.078260	-0.039138	-0.398246	-1.032121	0.144572	-1.012683	0.243922	-0.089015	-0.343485	-0.103246	-0.433440	-0.199840	0.198290	0.209671	-0.557411	0.467517	-0.614832	-0.081090	0.196254	0.848287	0.577971	0.748258	0.727280	0.485322	-0.679602	-0.001414	-1.434814	-0.380431	-0.063029	0.214226	-0.510452	0.833205	0.488330	-1.310824	-0.826760	-0.134055	0.253256	-0.295252	-0.620317	-0.138210	1.495366	-0.548982	-0.915915	-0.311859	-0.212559	-0.989421	-1.279721	-0.906266	-0.985411	-1.163270	-1.040439	-0.605370	-0.055851	0.122467	0.032999	-0.894085	0.159928	-0.522628	-1.060654	0.261334	1.276363	0.460556	0.365398	1.009882	-0.168208	0.491611	0.616880	-1.182516	-0.991285	-0.021287	-0.079374	-0.465621	-0.583314	-1.282808	-0.412443	0.173031	-0.626902	0.215441	0.070996	-1.316880	-0.429780	-0.581492	0.328884	-0.546185	0.406702	0.347006	0.063225	0.037818	0.900328	0.565970	-0.801925	0.005677	0.194428	-0.725637	-0.692443	-0.011058	-0.337363
0.482757	0.413224	-0.506609	0.611813	-0.189875	-1.482132	-0.925606	-0.580195	-0.715860	-0.034512	-0.616211	-0.551520	-0.124287	1.299503	0.411202	-0.143978	-0.205307	0.555215	-0.133583	0.325302	0.194770	-0.266676	-0.541256	-0.465649	-0.770584	0.173884	-0.106843	-0.625476	0.098510	0.105158	-0.105918	0.331930	0.979151	1.076734	0.288100	0.976443	-0.712271	-0.866248	-0.587555	-1.162866	-1.268275	-0.446900	-0.559451	-0.433365	0.289316	0.491882	-0.981604	-0.845524	0.734609	0.581342	0.252892	-0.144589	0.303535	0.853773	-0.851432	-0.395735	0.112626	0.456297	-0.752692	-0.415166	-0.758863	-0.607782	-1.160043	-1.046132	-0.691329	-0.104726	0.395092	-0.191095	-0.222874	0.902530	-0.252685	-0.841725	0.010306	0.358397	-0.273386	0.246801	0.759201	0.325989	0.433504	0.861737	-0.789680	-0.972306	0.013177	0.171923	-0.013192	-0.090108	-1.063153	0.224858	0.420267	0.369408	0.608030	0.386637	-0.695378	-0.679132	-0.081636	0.430344	-0.202499	-0.096659	-0.239578	-0.419758	-0.551049	-0.159214	0.914683	0.454127	0.096838	0.687672	0.472534	-0.303983	-0.079460	-0.857153
-0.535574	-0.307757	-0.315844	1.414167	-1.078654	-1.051636	-0.927048	-0.552987	-0.605218	0.291720	-0.378646	0.175915	-0.541105	0.340854	0.084676	-0.094517	0.208702	0.077780	0.737061	0.015694	0.019237	-0.547475	-0.525107	-0.304331	-0.556269	-0.131401	-0.035102	-0.151957	-0.205034	0.863078	-0.161077	-0.201130	0.057140	0.699930	-0.599223	0.499082	-1.339307	-0.379632	-0.806514	-0.236804	-1.513548	-0.619434	-1.196102	-0.431758	-0.457940	-0.595527	-0.356559	-0.379780	0.375092	-0.334417	1.056775	0.359343	0.132638	-0.435021	-0.940027	0.017664	0.469886	0.649872	-0.116290	0.209992	-0.169834	0.088302	-0.579739	-0.452481	-0.568614	-0.367672	0.717494	0.364565	0.972455	0.674798	0.179377	-0.339186	0.068830	-0.448757	-0.954695	-0.917166	-0.114559	-0.269705	-0.190375	-0.471066	0.364834	-0.116158	0.561402	0.898323	0.466385	0.291294	-0.090104	1.240418	0.934139	1.260505	0.922528	0.442731	-0.086315	-0.732723	0.214644	-0.237141	0.561667	-0.555513	-0.662001	-0.411921	-0.215393	-0.573130	0.411497	1.044079	0.326132	0.377589	1.435468	0.042476	-0.383199	-1.102167
-0.993748	-0.938761	0.019380	1.113698	-1.146407	0.259781	-0.253027	-0.392733	0.493565	0.845620	0.492969	0.791477	-1.199443	-0.790681	-0.475642	0.180832	0.010740	-0.653591	0.929373	-0.230851	-0.230653	-0.667386	0.137029	0.236872	0.011183	-0.604896	0.143510	0.383588	-0.005517	0.388679	-0.329712	-0.926957	-1.260521	-0.340774	-1.404459	-0.678806	-1.032132	0.387963	-0.263539	0.687189	-0.388575	-0.034842	-1.005179	-0.816366	-1.168909	-1.878516	-0.438509	-0.290902	-0.768454	-1.448103	1.071477	0.463514	-0.411201	-1.371514	-0.687245	-0.331208	-0.080618	-0.106503	0.366997	-0.090678	-0.088857	0.030949	-0.438683	-0.245718	-0.178185	-0.631831	1.071406	1.003160	1.283896	-0.357635	-0.150974	-0.535788	0.623500	-0.554947	-1.411055	-2.086743	-1.114297	-1.473040	-1.096251	-2.023417	1.334050	0.514392	0.843260	1.157999	0.364161	0.105086	0.699252	1.352272	0.979773	1.055265	0.725254	0.003431	-0.357010	-0.887922	-0.393902	-1.245216	1.264359	-0.741943	-0.443425	-0.306505	0.528387	0.212702	-0.781976	0.512742	0.338374	-0.168175	1.304526	0.000202	-0.245046	-0.796237
-0.405319	-0.616384	-0.033083	-0.048520	-0.466591	1.351577	0.763000	0.052545	1.121591	0.972896	0.913916	0.632031	-1.564935	-1.192120	-0.475535	0.611673	-0.219187	-0.723985	0.462379	-0.127932	-0.164245	-0.446829	0.760701	0.760093	0.350686	-0.680223	0.011675	0.221258	0.340236	-1.156624	-0.490719	-1.117848	-1.728022	-1.182172	-1.368268	-1.461685	-0.155831	0.832381	0.485296	0.998975	1.203339	0.891559	-0.120352	-1.173872	-1.326826	-2.016781	-1.414245	-0.913199	-1.351839	-1.484454	0.113746	0.224183	-0.630095	-1.111094	-0.330406	-1.107190	-1.384378	-1.264525	0.236652	-0.898729	-0.685904	-0.875006	-1.122598	-0.876783	0.031017	-0.689821	1.102563	0.781751	0.140365	-1.124192	-1.251377	-1.435483	1.121222	-0.196785	-1.590057	-1.955716	-1.253644	-1.837206	-1.659586	-2.081586	1.183434	0.052012	0.392187	0.535197	-0.467881	-0.536927	0.521075	0.301563	0.180839	-0.165279	0.036624	-0.628126	-1.179597	-1.215883	-1.583609	-1.997196	1.288638	-0.613328	0.202364	-0.324847	0.756445	1.070223	-1.607403	-0.288052	0.184832	-0.022439	0.323910	-0.420297	0.120375	-0.091243
0.373037	0.236107	-0.354481	-0.854328	0.047323	1.255795	1.133328	0.542413	0.483575	0.560157	0.441169	-0.020478	-1.339407	-0.853382	0.057314	0.623583	0.008685	-0.085600	-0.090866	0.142480	0.066484	-0.287369	0.608193	0.706873	0.398413	-0.169710	-0.303056	-0.567264	0.258758	-2.224525	-0.467766	-0.582600	-0.956025	-1.150156	-0.468253	-0.993890	0.560228	0.690227	0.606655	0.601589	1.641703	1.134358	0.560970	-0.997254	-0.749791	-0.901350	-2.212368	-1.485458	-0.855240	-0.498506	-0.784615	0.034630	-0.406998	-0.034475	-0.354282	-1.388554	-2.095411	-1.653206	-0.375079	-1.273086	-1.114879	-1.564284	-1.858474	-1.667950	-0.270466	-0.518869	0.584031	-0.146647	-1.217823	-0.867823	-2.006990	-1.950410	0.942514	0.014358	-1.339618	-0.814210	-0.393257	-0.988015	-1.576134	-0.716198	0.208610	-0.905452	-0.295290	-0.246388	-1.168802	-0.930193	-0.363132	-0.667293	-0.746238	-1.138900	-0.503208	-0.809885	-1.469262	-1.352561	-2.263863	-2.050232	0.639170	-0.249850	0.581051	-0.216879	0.113015	0.733241	-1.320951	-0.449499	0.211066	0.691670	-0.444645	-0.875984	0.095690	0.465107
0.311094	0.474210	-0.270032	-0.455811	-0.168032	0.203476	0.361066	0.549465	-0.463157	0.245986	-0.165495	-0.269385	-0.593461	-0.235214	0.295667	-0.004538	0.372021	0.417985	-0.209860	0.199612	0.065293	-0.547017	-0.146989	0.049966	0.415860	0.336864	-0.251722	-0.971583	-0.145175	-1.634392	-0.191622	0.190105	0.181115	-0.360773	0.431834	0.266958	0.626669	0.207165	0.043075	-0.086609	0.507450	0.291036	0.417110	-0.382798	0.094171	0.206607	-1.776652	-1.148899	-0.100769	0.320921	-0.516482	0.179346	-0.249945	0.623181	-0.814401	-0.778413	-1.154922	-0.728429	-0.905404	-0.926045	-0.744175	-1.200866	-1.699878	-1.584803	-0.658572	-0.250381	-0.118518	-0.633425	-1.124516	0.089287	-1.408291	-1.265653	0.189334	-0.064426	-0.510877	0.002274	0.483770	-0.064704	-0.989966	0.393462	-0.344425	-1.002146	-0.359021	-0.236652	-0.748077	-0.566918	-0.843895	-0.372917	-0.659802	-0.779616	-0.263866	-0.268167	-0.947505	-1.066643	-1.703365	-1.327714	0.013109	0.131070	0.277264	0.238691	-0.709862	-0.380718	-0.326630	-0.139393	0.426897	0.867958	-0.259848	-0.973056	-0.217987	0.409990
-0.431253	-0.141922	0.454287	0.580740	-0.632069	-0.596495	-0.720375	0.036162	-0.465119	0.478809	-0.079889	0.228710	0.352646	0.312622	-0.156069	-0.612886	0.305940	0.242330	0.076637	-0.043622	-0.120941	-0.875359	-0.610504	-0.564081	0.451297	0.226342	0.242847	-0.387263	-0.294483	0.095211	0.198403	0.584542	0.630135	0.382168	0.542441	1.019002	0.137934	-0.177690	-0.452431	-0.492173	-0.894973	-0.816649	-0.182533	0.157410	0.537684	0.326524	-0.404619	-0.127382	0.033053	0.303901	0.646829	0.511228	-0.368152	0.253980	-1.068345	0.157150	0.722477	0.686658	-0.929286	-0.381332	-0.033303	-0.234165	-0.676569	-0.510972	-0.416996	0.008589	-0.393593	-0.039032	0.351366	0.877138	0.094396	0.094165	-0.422622	-0.198046	0.591809	0.093356	0.497958	0.045286	-0.253214	0.250689	0.097186	0.017891	0.235406	0.382228	0.507665	0.215230	-0.284119	0.668860	0.434106	0.486486	0.524631	0.528371	-0.383311	-0.592280	-0.341726	-0.242902	-0.008408	0.279398	-0.356017	0.768081	-0.777181	-0.808603	0.389151	-0.014733	0.467663	0.096823	0.546948	-0.564005	-0.193421	-0.104781
-0.756466	-0.559190	1.078929	0.915179	-0.536127	-0.320226	-0.815822	-0.349670	0.172556	0.752114	0.357863	0.732563	1.003012	0.529099	-0.579782	-0.355831	-0.042759	-0.148383	0.264086	-0.262605	-0.007007	-0.512382	-0.284944	-0.491370	0.319496	-0.276648	0.472176	0.538378	-0.041958	1.359060	0.416096	0.458369	0.241307	0.329239	-0.020458	0.526792	-0.392776	-0.248575	-0.299201	-0.379715	-1.110482	-1.052770	-0.418672	0.332446	0.374199	-0.093180	0.651550	0.576185	-0.212938	0.090151	1.163491	0.535706	-0.310705	-0.448863	-0.560122	0.581209	1.644650	1.171308	-0.487667	-0.112416	0.170003	0.262390	0.327407	0.532596	0.445333	0.246956	-0.132917	0.855734	1.419459	1.026988	0.945190	0.910250	-0.403862	-0.379502	1.185432	0.265167	-0.129529	-0.119414	0.270502	-0.291419	0.690825	0.903261	0.543182	0.439870	1.155473	0.609531	0.619971	0.857905	1.140670	1.153104	0.898935	0.844995	-0.257727	-0.206416	0.638503	0.556923	0.353195	0.145451	-0.594808	0.866620	-0.098056	-0.120368	0.394659	-0.113740	0.178643	-0.588417	0.956764	0.186503	0.274649	-0.434605
-0.156969	-0.004233	0.781916	0.087298	0.160236	0.539176	0.188721	-0.130721	0.235083	0.337745	0.256041	0.416598	0.960041	0.232147	-0.201713	0.620045	-0.079577	-0.093710	-0.011866	-0.171617	0.520883	0.583782	0.343546	0.122786	0.007716	-0.463382	-0.062607	0.827256	0.173635	1.195038	0.316620	0.147131	-0.338078	-0.416036	-0.504509	-0.614948	-0.525163	-0.125983	0.232768	-0.042851	-0.191576	-0.317232	-0.052843	0.268420	-0.028840	-0.094492	0.700907	0.464375	-0.083361	0.438976	0.158154	-0.019102	0.210180	-0.513640	0.348975	0.288118	0.741339	0.278127	0.048709	-0.035182	-0.173586	0.006647	0.660261	0.623190	1.078521	0.407362	0.195570	0.891252	0.889096	0.691419	0.381323	0.710802	0.024130	-0.677408	0.819078	0.889774	-0.552746	0.252487	0.380291	-0.071310	0.441750	0.588824	-0.048136	-0.542492	0.400582	0.279245	0.742327	-0.317823	0.473686	0.448821	0.317332	0.447710	-0.148834	0.112163	0.582754	0.731764	0.430069	-0.092876	-0.206118	0.417187	0.437196	0.667276	0.068491	-0.029185	-0.185279	-0.238158	0.402344	0.877279	0.624787	-0.212274
0.559510	0.722032	-0.149626	-0.922189	0.739062	0.814066	1.053445	0.335800	-0.326201	-0.482479	-0.292662	-0.386943	0.382422	-0.315118	0.500410	1.132799	0.187031	0.200940	-0.480235	0.039054	0.803752	1.293929	0.472661	0.459970	-0.214666	-0.194806	-0.721599	0.411674	0.049109	0.144690	0.101091	-0.048315	-0.499965	-0.929798	-0.402520	-1.151518	-0.246353	-0.045249	0.458748	0.079908	0.609471	0.398266	0.400452	0.202039	-0.187436	0.311882	0.229110	0.020972	0.360501	0.891106	-1.202806	-0.710130	0.660179	0.030561	0.789366	-0.209004	-0.815922	-0.945889	0.324460	0.083279	-0.307610	-0.235049	0.517952	0.092216	0.804001	0.311054	0.234552	0.119428	-0.328660	0.220926	-0.551004	0.126999	0.340091	-0.709950	0.028223	1.170011	-0.364294	0.790560	0.211448	0.576592	-0.352400	-0.370285	-0.798927	-1.457403	-0.801384	-0.319754	0.067774	-1.507383	-0.708818	-0.749635	-0.612995	-0.238319	0.290404	0.390601	0.025087	0.465518	0.023526	-0.265447	0.291318	-0.166598	0.299774	0.697326	-0.125593	0.191916	-0.394895	0.484271	-0.564161	1.006359	0.479913	0.196949
0.389075	0.356294	-0.643463	-0.975135	0.682621	0.093372	0.776751	0.400973	-0.359222	-0.712772	-0.320435	-0.616042	-0.094985	-0.495139	0.410147	0.384299	0.141508	0.041497	-0.564008	-0.028297	0.238111	0.619795	-0.033299	0.035401	-0.150669	-0.011463	-0.497650	-0.036547	-0.191152	-0.588115	0.066184	-0.154089	-0.191452	-0.521251	0.116665	-0.535728	0.124736	-0.089934	0.144529	-0.084571	0.488969	0.300726	0.425941	0.204850	0.023836	0.351750	0.037738	-0.089106	0.351742	0.456265	-1.136543	-0.796833	0.377716	0.376975	0.475912	-0.351477	-1.334293	-1.210533	0.252678	0.192598	0.198185	0.185429	0.450959	-0.033576	-0.088117	-0.096226	0.119195	-0.385844	-0.607785	-0.163024	-0.406885	-0.082411	0.346952	-0.056175	-0.277947	0.442676	0.128323	0.566499	0.107178	0.490784	-0.613813	-0.653093	-0.561194	-1.012816	-0.988202	-0.551565	-0.378286	-1.263204	-0.851828	-1.107609	-0.884688	-0.656601	0.654737	0.451682	-0.097504	0.151410	-0.397542	-0.343261	0.322409	-0.422428	-0.088988	0.277517	-0.155818	0.105000	-0.496750	0.276973	-0.948323	0.378080	0.088545	0.220983
-0.423596	-0.778630	-0.305672	-0.189878	0.210658	-0.812885	-0.193810	0.040270	0.400916	-0.168784	0.333010	-0.069909	-0.118432	-0.145192	-0.443815	-0.877786	-0.330889	-0.522448	-0.196368	-0.324322	-0.713358	-0.750368	-0.576010	-0.645249	0.046920	-0.162709	0.432995	-0.137584	-0.231996	-0.519852	0.178469	-0.250169	0.222897	0.369854	0.516522	0.482516	0.306833	-0.144398	-0.303730	-0.271243	-0.136588	-0.275701	0.085345	0.191491	0.313758	-0.120555	0.251688	0.154218	-0.211918	-0.634857	0.185052	-0.224739	-0.363261	0.200594	-0.061648	-0.098088	-0.613987	-0.467997	0.030180	0.174039	0.806222	0.847625	0.575044	0.428346	-0.739249	-0.500329	0.045777	-0.177293	0.118097	-0.380357	0.629218	0.109631	0.187581	0.841693	0.012089	-0.640567	0.425286	-0.286662	0.202629	-0.337389	-0.115233	-0.039425	0.486050	0.373922	-0.116151	-0.293680	-0.111732	0.025994	0.080383	-0.513393	-0.366394	-0.621458	0.546286	0.272856	0.327188	0.022491	-0.422047	-0.324224	0.012325	-0.303458	-0.188281	0.026775	-0.139582	-0.267493	-0.527451	-0.682736	-0.565093	-0.448428	-0.152733	-0.108785
-0.695645	-1.009696	0.185715	0.381733	-0.154957	-0.864512	-0.672165	-0.203796	0.728410	0.213608	0.616813	0.309077	0.028389	0.184530	-0.789022	-1.145063	-0.550220	-0.636178	0.077447	-0.350372	-0.933748	-1.037573	-0.579852	-0.681464	0.065159	-0.204820	0.818331	-0.113157	-0.093639	-0.124586	0.120032	-0.218996	0.394326	0.686254	0.430819	0.729057	0.262204	-0.062545	-0.404043	-0.290327	-0.435675	-0.436531	-0.219511	0.067491	0.321780	-0.362275	0.408826	0.295568	-0.469176	-0.984121	0.774356	0.285866	-0.618780	0.009551	-0.241863	0.206705	0.181215	0.274830	-0.081749	0.132810	0.670161	0.803740	0.541304	0.606742	-0.649314	-0.463276	-0.115060	0.044853	0.445407	-0.432255	1.016823	0.233554	-0.021165	0.957989	0.182571	-0.867806	0.312474	-0.630076	0.300982	-0.659456	0.290837	0.446068	0.968120	1.015262	0.554497	0.107429	0.212128	0.710738	0.610536	0.013788	0.161453	-0.300051	0.248290	0.174228	0.582524	0.092756	-0.183683	-0.155137	-0.016574	-0.089498	-0.096238	-0.074717	0.001143	-0.341828	-0.337040	-0.832695	-0.150903	-0.528447	-0.185077	-0.227754
-0.001516	0.248985	0.296932	0.273046	-0.243827	0.023102	-0.299137	-0.074491	-0.047827	-0.109830	-0.022430	-0.023964	0.029760	0.122310	-0.055907	-0.072111	-0.158050	0.040803	-0.048897	0.085276	-0.134216	0.262766	-0.064894	0.088695	-0.170535	0.163592	0.157197	-0.201811	0.062396	0.132533	-0.223226	0.011830	0.293688	0.131205	-0.065966	-0.015768	0.100549	0.159146	-0.120683	-0.181862	-0.207646	0.071053	-0.314733	-0.161085	0.009377	0.015191	0.263769	0.134031	0.022377	-0.071668	-0.226938	0.321305	-0.084640	0.177480	-0.025547	0.360934	0.366898	0.465174	-0.020898	0.189645	-0.296556	-0.133438	0.182692	0.043842	-0.000419	0.048097	-0.487237	-0.241259	-0.281947	-0.379818	0.146055	0.078097	-0.268645	0.055075	-0.150168	-0.027407	-0.088599	-0.018848	0.250686	0.073634	0.101887	0.221680	0.323225	0.302495	0.386594	0.401609	0.062376	0.177320	0.027556	-0.079099	0.231124	0.103822	0.120968	0.341295	0.298155	0.272148	0.042372	0.153703	0.455467	0.038810	-0.099634	-0.286466	0.329153	0.119176	0.115903	0.415339	-0.173854	0.328470	-0.149249	0.101399
