X1	X2	X3	X4	X5	X6	X7	X8	X9	X10	X11	X12	X13	X14	X15	X16	X17	X18	X19	X20	X21	X22	X23	X24	X25	X26	X27	X28	X29	X30	X31	X32	X33	X34	X35	X36	X37	X38	X39	X40	X41	X42	X43	X44	X45	X46	X47	X48	X49	X50	X51	X52	X53	X54	X55	X56	X57	X58	X59	X60	X61	X62	X63	X64	X65	X66	X67	X68	X69	X70	X71	X72	X73	X74	X75	X76	X77	X78	X79	X80	X81	X82	X83	X84	X85	X86	X87	X88	X89	X90	X91	X92	X93	X94	X95	X96	X97	X98	X99	X100	X101	X102	X103	X104	X105	X106	X107	X108	X109	X110
0.063255	0.084740	0.142488	0.058298	0.152603	0.105680	0.175927	0.091058	0.136256	-0.006152	0.005497	-0.032059	0.118621	0.101026	-0.036332	0.023353	0.102336	0.199584	0.110025	0.138181	0.132112	0.121778	0.201085	0.067068	0.153532	0.125019	0.080469	0.000034	0.076539	0.000379	-0.041098	0.227432	0.121775	0.168949	0.029575	0.088694	-0.090806	-0.002808	0.179988	-0.018957	0.138166	0.081360	0.228242	0.249050	0.199880	0.160599	0.263280	0.219371	0.164801	0.042338	0.073029	0.004476	-0.073913	0.178251	0.068020	0.084499	0.117992	0.180850	0.183045	0.145803	0.311869	0.328791	0.227595	0.222549	0.146506	0.031513	-0.050080	0.121733	0.230642	0.188644	0.375859	0.328599	-0.092976	-0.145809	0.099468	0.081617	0.162993	0.168923	0.268952	0.244571	0.088896	0.131883	0.155502	0.157213	0.220408	0.114159	0.139010	0.148433	0.152636	0.142939	0.205846	0.147969	0.297885	0.258796	0.260724	0.189415	0.109584	-0.056272	0.081526	0.084153	0.238233	0.006847	-0.167014	-0.010908	0.086679	-0.048751	0.124013	0.203178	0.070943	0.011951
-0.547552	-0.463337	0.090137	0.194173	-0.115262	-0.791097	-0.135744	-0.674388	0.516019	-0.853577	0.029304	0.006289	0.740620	0.810341	-0.013442	0.868655	0.023529	0.636371	0.214773	0.807821	0.089790	0.190018	-0.622585	-0.115708	0.314103	0.256330	0.505107	1.534165	-1.059021	0.038229	-0.318447	0.163679	0.473168	0.426833	0.299405	0.007696	-1.617995	-0.735552	-0.659808	-0.171908	0.032699	-0.747896	0.743470	0.517120	0.823995	0.789336	-0.164780	-0.277592	0.340866	1.262843	-0.048164	-0.396721	-0.669931	1.160846	-0.325872	-0.207955	-0.386532	-0.263846	-0.184579	-0.279947	0.536315	0.465745	-0.304108	-0.245704	0.324583	0.642214	-0.395321	-0.506230	0.168804	0.257636	0.688418	0.721932	0.059099	0.837070	0.621545	1.433329	0.654588	0.615183	0.728068	0.836564	0.240295	0.446356	0.195784	-0.163178	0.020671	-0.036318	0.331845	0.320755	0.509153	0.698566	0.216745	0.663043	-0.491423	-0.397956	0.541387	0.593873	-0.998544	-1.038266	-0.791469	-0.307177	0.766655	0.768153	-0.581892	-1.283046	-0.495528	-0.420183	-0.788331	1.182390	0.837610	0.802361
-0.371198	-0.564487	0.339855	0.502540	-0.255378	-0.800240	-0.228298	-0.423303	0.508461	-0.563005	0.340927	0.215369	0.842516	0.768584	0.017078	0.908217	0.061643	0.588818	0.354075	0.781175	0.091303	0.344721	-0.437887	0.048964	0.369418	0.203605	0.477886	1.163024	-0.752880	-0.620762	0.285220	0.073019	0.516048	0.412938	0.479242	0.227491	-1.138485	-0.407670	-0.352293	0.334997	-0.039075	-0.530846	0.858942	0.554699	0.873210	0.742100	0.304153	0.382329	-0.036285	0.760352	-0.104951	-0.299977	-0.786302	1.280188	-0.127713	0.160410	-0.362566	-0.040905	-0.163961	0.036081	0.636575	0.541681	0.150046	0.406067	0.484679	0.821216	-0.281803	-0.964269	0.155398	0.326321	0.957659	1.176258	0.250937	0.551146	0.744000	1.352262	0.804393	0.612120	0.669947	0.715465	0.389361	0.686220	0.391879	0.071644	0.099480	0.298902	0.538558	0.360263	0.672201	0.748821	0.406680	0.641981	-0.173477	0.092391	0.224657	0.218785	-1.120063	-0.837161	-0.916868	-0.499963	0.638374	1.012452	-0.503346	-1.221616	-0.625104	-0.128924	-0.798184	1.116013	1.011865	0.355615
0.171641	-0.432619	0.663902	0.536103	-0.368159	-0.168929	-0.293421	0.280850	-0.010066	0.444840	0.659224	0.320818	0.197819	-0.081649	-0.124797	0.028331	-0.227685	-0.125542	0.043869	-0.120467	-0.125395	0.295053	0.230198	0.103729	0.061996	-0.251005	0.167050	-0.630623	0.474820	-1.521298	0.972105	-0.377428	0.029130	-0.033204	0.485305	0.616723	0.832779	0.657046	0.454410	0.925641	-0.334974	0.212699	0.246385	0.096775	0.177035	-0.101926	1.306074	1.668924	-0.852640	-1.147200	-0.223371	0.070624	-0.120328	0.326439	0.417940	0.785309	0.073491	0.453100	-0.002568	0.702414	0.280550	0.254321	1.200693	1.602936	0.322751	0.298438	0.125211	-0.602887	0.016277	0.069942	0.814256	1.273946	0.435379	-0.376826	0.376741	-0.364203	0.257244	0.027384	-0.040256	-0.197774	0.404787	0.809629	0.537338	0.557994	0.030242	0.604208	0.475609	-0.052313	0.377647	0.125216	0.323331	-0.088588	0.912286	1.214221	-0.624036	-0.825415	-0.251517	0.394018	-0.208250	-0.107598	-0.316100	0.373817	-0.039081	0.131258	-0.235390	0.660684	0.032251	-0.233577	0.218191	-0.748254
0.174204	-0.439230	0.537388	-0.146703	-0.493524	0.193283	-0.526684	0.176852	-0.716742	0.841199	0.541631	0.040929	-0.839442	-1.048121	-0.429456	-1.019300	-1.028576	-1.046896	-0.927458	-1.284048	-0.682349	-0.248902	0.150020	-0.474640	-0.645310	-0.961568	0.062685	-1.656117	0.939389	-1.397466	0.442360	-1.160435	-0.837718	-0.788348	0.245982	0.689911	2.067104	1.192059	0.290052	0.549971	-0.932033	0.241153	-0.906890	-0.791230	-0.879747	-1.123089	1.520245	1.872139	-1.337252	-2.472945	-0.414165	0.139118	1.066069	-1.003090	0.613026	0.759629	0.370055	0.335808	-0.130183	0.690718	-0.617846	-0.575667	1.472540	1.699514	-0.311085	-0.637247	0.236660	0.699753	-0.363019	-0.670940	-0.092821	0.470709	0.491345	-0.398152	-0.175715	-2.388653	-0.840128	-0.758667	-1.010310	-1.228901	0.160033	0.675761	0.287144	0.459554	-0.666849	0.061713	-0.099672	-0.855359	-0.394591	-0.802021	-0.458239	-1.098892	1.355765	1.377237	-1.311491	-1.632378	0.795301	1.433445	0.730368	0.782669	-1.443861	-0.803626	0.383211	1.490886	0.420780	1.155693	0.782843	-1.877508	-1.108738	-1.006422
-0.252624	-0.340671	-0.119248	-1.058781	-0.345621	0.056466	-0.582231	-0.671640	-1.006016	0.287903	0.050670	-0.331777	-1.433401	-1.290281	-0.426584	-1.280996	-1.451381	-1.273190	-1.638601	-1.681987	-1.032800	-0.950685	-0.664705	-1.140325	-1.229458	-1.246186	0.140454	-0.834504	0.204839	0.270687	-0.843887	-1.358600	-1.426183	-1.348682	-0.186998	0.229492	1.462304	0.606990	-0.869670	-0.622281	-1.250073	-0.467967	-1.685466	-1.407426	-1.517922	-1.387266	0.348107	0.289813	-0.824595	-1.837995	-0.331097	-0.068262	1.882540	-1.612079	0.331453	0.008682	0.271594	-0.414949	-0.341910	-0.176624	-1.443417	-1.487002	0.378278	0.192992	-0.896108	-1.147717	-0.101873	1.794295	-0.654118	-1.269068	-1.340521	-1.003898	0.332005	0.570508	-0.476279	-2.937967	-1.532427	-1.038420	-1.461972	-1.446727	-0.257640	0.113021	-0.317552	-0.408928	-1.487793	-1.032527	-0.852518	-1.286886	-1.101351	-1.308720	-1.365098	-1.553807	0.485968	0.042847	-1.140023	-1.384315	1.269022	1.391134	1.208027	1.300280	-1.685516	-1.424630	0.586984	1.708909	0.975002	0.877685	0.743366	-2.315568	-1.774930	-0.162451
-0.120036	0.304263	-0.728960	-1.218369	0.251921	0.056102	-0.007809	-0.891973	-0.552215	-0.159865	-0.417207	-0.309420	-1.016743	-0.584883	0.213137	-0.594411	-0.515398	-0.390013	-0.938415	-0.848292	-0.477018	-1.049154	-0.898787	-0.801145	-1.104518	-0.621394	-0.259025	0.560021	-0.368415	2.338898	-1.038993	-0.209088	-1.091515	-1.142096	-0.535013	-0.317237	0.066995	-0.386205	-1.501625	-1.192749	-0.653785	-0.682737	-1.230112	-0.965926	-1.102010	-0.517918	-1.116947	-1.658490	0.443295	0.064372	0.235050	0.085990	1.544577	-1.028835	0.163779	-0.581323	0.070873	-0.889233	-0.050741	-0.868813	-1.409786	-1.654956	-0.974469	-1.424841	-0.700291	-0.681142	-0.287333	1.546440	-0.374005	-0.813420	-1.778612	-1.978517	0.015637	0.942882	-0.384053	-1.491764	-0.913482	-0.428927	-0.782549	-0.485934	-0.572832	-0.680972	-0.812297	-1.168519	-1.375292	-1.406358	-1.102212	-0.775549	-1.040234	-0.952878	-1.325001	-0.969489	-0.706523	-1.435257	-0.034665	-0.104141	0.957048	0.496893	1.031245	0.814232	-0.717812	-0.778255	0.562939	0.822658	0.987471	0.154246	0.158396	-1.132326	-1.101920	0.551857
0.811163	1.129640	-0.732298	-0.462613	0.843038	0.517274	0.842973	0.072599	0.286954	0.348472	-0.698017	0.011355	0.025714	0.454538	0.990772	0.234024	1.306774	0.941314	0.849609	0.544681	0.744105	-0.305783	0.051229	0.541403	-0.430760	0.407692	-1.455488	0.795882	0.266388	3.013033	0.390455	1.465920	0.005138	-0.153590	-0.472184	-0.328323	-0.661626	-0.809692	-0.759561	-0.401939	0.517117	0.169870	0.151914	0.364083	0.181031	0.803523	-1.270337	-1.944226	1.418701	1.403509	0.816310	0.781435	0.262249	0.111841	0.493426	-0.365585	0.152459	-0.527446	0.665403	-0.506340	-0.555971	-0.827539	-1.041651	-1.412153	0.229627	0.322814	0.182218	0.398278	0.372094	0.599287	-0.780501	-1.463711	-0.249680	-0.222928	-0.181278	0.571060	0.627455	0.610470	0.727416	0.990142	-0.548814	-1.045831	-0.836073	-0.935185	-0.218926	-0.503191	-0.675656	0.145731	-0.206953	-0.075561	-0.249859	0.176911	-0.812385	-1.429243	1.326636	1.347970	0.085717	-0.425120	0.505078	-0.105819	0.508363	0.470684	0.130218	-0.228023	0.195425	-0.365330	-0.217550	0.386675	0.123482	0.246629
1.451710	1.180971	-0.235279	0.323618	0.787188	0.865276	1.009001	1.014241	0.801580	1.244967	-0.800365	0.110637	0.763073	1.034251	1.083408	0.396041	2.432454	1.656590	2.035873	1.348154	1.471391	0.599997	1.027593	1.550524	0.032725	0.828660	-2.603996	0.002629	1.204298	1.786589	1.714209	1.900931	0.929851	0.881104	0.007597	0.201513	-0.579975	-0.568053	0.300451	0.772064	1.122355	1.071013	1.131427	1.393759	1.285617	1.444343	0.056593	-0.321058	1.294101	1.236483	0.783680	1.309636	-0.855225	0.799582	0.897641	0.270947	0.509720	0.151712	0.938951	0.448105	0.239498	0.311638	0.236380	0.093828	1.005951	0.933825	0.838592	-0.267554	0.816094	1.621936	0.815098	0.148090	-0.283195	-1.768209	-0.194623	1.346892	1.590476	1.157186	1.835654	1.818842	-0.184678	-0.522895	-0.484141	0.041951	0.814532	0.683520	-0.134209	0.475058	0.597882	0.529197	0.723893	0.881266	0.205211	-0.048933	2.029035	1.976889	-0.861650	-0.847609	0.014977	-0.394271	0.785281	1.019893	-0.725231	-0.662665	-0.976330	-0.418553	-0.069899	0.731110	0.579606	-0.503970
0.833183	0.257937	0.189842	0.375840	0.190481	0.554673	0.231874	0.700849	0.663288	1.357357	-0.549468	-0.092530	0.793850	0.984398	0.473374	0.001423	1.997729	1.382543	1.574890	1.119488	1.001306	0.847111	0.671608	1.227283	-0.066846	0.380135	-2.343700	-0.300948	0.867527	-0.038347	1.280768	0.653256	0.964073	1.125906	0.522049	0.675921	-0.406503	-0.277695	0.261733	0.890188	0.582405	0.837825	0.843066	1.202631	1.263383	0.988657	1.388872	1.347573	0.305081	0.225682	0.306964	1.067763	-0.938705	0.714455	0.725821	0.504170	0.754235	0.334068	0.288434	0.818051	0.317041	0.865551	1.304342	1.269204	0.925081	0.799909	0.795763	-0.026058	0.415552	1.120235	1.518775	1.359503	-0.156891	-1.912167	-0.386333	0.409184	1.043417	0.800822	1.525448	1.451411	0.266805	0.443864	-0.107871	0.694885	0.709917	0.851264	-0.007802	0.096981	0.689007	0.452750	0.678680	0.703747	1.029152	1.012544	1.667435	1.458485	-1.310463	-0.766764	-0.268913	0.032682	0.062236	0.565129	-1.314986	-0.477382	-1.503916	-0.215181	0.228714	-0.012233	0.086984	-0.679715
-0.488571	-0.665550	0.177611	-0.092348	-0.163314	-0.029006	-0.548589	-0.319995	0.176680	0.467755	0.160310	-0.116376	0.536237	0.719115	-0.034959	-0.247117	0.638426	0.588182	0.242894	0.403893	-0.043501	0.414185	-0.638254	0.132015	-0.241804	-0.163686	-0.391836	0.354500	-0.674354	-0.957295	-0.263583	-0.715343	0.354278	0.522631	0.724564	0.688050	-0.318043	-0.247457	-0.631225	-0.049740	-0.394296	-0.200515	-0.135213	0.209999	0.282429	0.099842	1.381039	1.286736	-0.649085	-0.495619	0.170153	0.439063	-0.249316	0.285889	-0.009982	0.068094	0.531081	-0.044906	-0.638683	0.221212	-0.089125	0.608590	0.862694	0.804863	0.190734	0.304014	0.040428	0.250444	-0.439715	-0.421010	0.878509	1.152425	-0.107343	-0.576783	-0.467057	-0.886629	-0.296905	0.048195	0.160386	0.424501	0.489318	0.857314	0.068558	0.459590	-0.159184	0.022454	-0.151059	-0.197926	0.235164	-0.003320	-0.005726	0.155638	0.709980	0.578478	0.634335	0.377361	-0.990031	-0.388015	-0.373273	0.205297	-0.596530	0.042678	-0.798315	-0.191708	-0.833116	-0.047476	0.230104	-0.474762	-0.344096	-0.239283
-1.099288	-0.677025	-0.124089	-0.349151	0.115222	-0.119143	-0.417564	-0.519624	-0.167335	-0.448088	0.902938	0.285849	0.485436	0.583240	0.041338	-0.091029	-0.493960	-0.075497	-0.499127	-0.040396	-0.567659	-0.006012	-1.248576	-0.486818	0.127467	-0.025190	1.856528	0.632161	-1.714362	-0.945451	-1.020061	-0.694875	-0.039294	-0.083512	0.698928	0.458747	0.178800	-0.073187	-0.838375	-0.665840	-0.678665	-0.629878	-0.574993	-0.391539	-0.548294	-0.320864	0.278853	-0.141237	-0.972761	-0.604971	0.607201	0.229045	0.268110	-0.096253	-0.668519	-0.612555	-0.048142	-0.406685	-0.935500	-0.601927	-0.367507	0.049722	-0.590329	-0.648096	-0.463449	-0.199190	-0.473802	-0.066989	-0.867851	-1.403247	-0.100935	0.052994	-0.127480	0.567252	-0.334641	-1.096818	-0.958956	-0.316794	-0.849034	-0.314326	0.352863	0.325897	0.114273	-0.074408	-0.567923	-0.530656	-0.044533	-0.006577	-0.097922	-0.303224	-0.323591	-0.031347	-0.228729	-0.613550	-0.293928	-0.315777	-0.310187	0.059696	-0.377779	-0.361572	-0.395034	0.166425	0.557756	-0.253858	0.303849	-0.045935	-0.008030	0.003392	-0.115089	0.088740
-0.539246	-0.056338	-0.358264	-0.084527	0.516244	0.308135	0.261488	0.429701	-0.200657	-0.452051	1.043191	0.702877	0.585135	0.534166	0.294327	0.047026	-0.874082	-0.273442	-0.265440	-0.008669	-0.364774	0.088321	-0.410319	-0.277892	0.923370	0.646597	2.627442	-0.539624	-1.180942	-1.059228	-0.444390	0.171481	0.255312	0.133297	0.696705	0.333124	1.158025	0.619975	0.305348	-0.067114	-0.008731	0.163610	-0.133389	-0.160053	-0.511206	-0.162700	-0.700122	-1.103139	-0.787653	-0.519979	0.916724	0.560725	0.178927	-0.435552	-0.853843	-1.073897	-0.458015	-0.432492	-0.668830	-0.911568	-0.387679	-0.257591	-1.484522	-1.478729	-0.568896	-0.722371	-0.137876	-0.419672	-0.532584	-0.936929	-0.367104	-0.666547	0.110102	0.283250	-0.216771	-0.243616	-0.449513	-0.146116	-0.697917	-0.448069	-0.028827	-0.498188	0.224826	0.013142	0.024376	0.078272	0.463761	0.128761	-0.045555	-0.289510	0.016355	0.228528	-0.685571	-0.975403	-0.692823	-0.214893	-0.041594	0.305226	-0.323377	-0.801611	0.312114	0.450340	1.363851	-0.642728	0.633993	-0.204985	-0.090254	0.557580	0.143877	0.037030
0.212068	0.246034	-0.435050	0.303431	0.368378	0.498314	0.387315	1.208381	-0.105652	0.261699	0.527575	0.641838	0.408426	0.334630	0.150424	-0.126509	-0.721878	-0.088497	0.093070	0.132171	-0.163959	0.467984	0.859957	0.054453	1.342932	1.026570	1.566179	-2.129280	0.043312	-1.689314	0.223766	0.126686	0.765452	0.916571	0.569927	0.150565	1.834474	1.354513	1.664223	0.995237	0.856278	1.197303	0.301584	0.057627	-0.181253	-0.147442	-1.010463	-0.736219	-0.603111	-0.520546	0.396704	0.771709	-0.075144	-0.711814	-0.898148	-1.248856	-0.395193	-0.400399	-0.668247	-0.857242	-0.547935	-0.325528	-1.191769	-1.149476	-0.245612	-1.161738	0.460286	-0.084621	-0.002486	0.247770	-0.201869	-0.645248	0.701302	-0.737245	-0.365223	0.540131	0.276904	-0.052564	-0.169419	-0.553385	-0.434981	-0.841436	0.365783	0.693967	0.836505	1.186679	0.894510	-0.287592	-0.032381	-0.274027	0.338795	0.355977	-0.527764	-0.180572	-0.851500	0.130275	-0.400779	0.196960	-0.235942	-0.163243	0.609894	0.103535	0.790107	-0.886101	-0.111269	-0.424445	0.116390	0.221466	-0.268364	0.027069
0.154058	-0.070990	-0.570066	0.260728	-0.270193	0.004685	-0.300491	0.719899	-0.061461	0.732284	-0.027601	0.222089	-0.197690	-0.114532	-0.309250	-0.242941	-0.448106	0.112923	-0.133057	0.030299	-0.446833	0.598276	1.261544	-0.038396	0.854318	0.640752	-0.019843	-2.190842	0.416673	-2.020813	0.024948	-1.229775	0.667301	1.167345	-0.039427	-0.442157	1.490789	1.226311	1.842393	1.214576	1.130032	1.216378	-0.108155	-0.616257	-0.533814	-0.764633	-1.094799	-0.007590	-0.752681	-0.450118	-0.717090	0.345762	-0.016875	-0.624342	-1.237574	-1.241336	-0.185301	-0.570626	-1.194262	-0.959613	-1.007210	-0.512564	-0.619237	-0.588333	0.081055	-1.082478	0.350672	0.551989	-0.009132	0.810301	-0.601226	-0.630457	1.161902	-0.934650	-0.700908	0.549145	0.155936	-0.517737	-0.475014	-1.180584	-0.636551	-0.729861	0.236074	0.988131	0.792357	1.383631	0.677344	-0.798505	-0.459530	-0.528946	0.040880	-0.070056	-0.568046	0.537772	-1.225841	-0.044574	-0.770846	-0.055325	-0.218829	1.005230	0.160038	-0.652026	-0.275874	-0.594393	-0.906286	-0.548481	0.324904	-0.593365	-0.862730	0.222825
-0.421959	-0.359422	-0.814318	-0.182334	-0.669342	-0.609512	-0.820320	-0.341798	0.030701	0.528223	-0.086909	0.022837	-0.693735	-0.486737	-0.499654	0.170074	-0.208057	0.115131	-0.512694	-0.119488	-0.730378	0.387250	0.792250	-0.190134	-0.023343	-0.026575	-0.661714	-0.478877	-0.291109	-1.372004	-0.391383	-2.164212	-0.022793	0.475971	-0.828477	-1.126068	0.393633	0.181043	0.967094	0.497976	0.859554	0.354052	-0.871230	-1.574641	-1.278808	-1.331889	-1.203037	0.016489	-1.005983	-0.129398	-1.421973	-0.365392	0.176108	-0.008612	-1.563997	-1.007622	-0.271496	-0.659147	-1.449558	-1.109930	-1.180952	-0.727018	-0.673104	-0.585280	0.184076	-0.339034	-0.434086	0.511363	-0.492669	0.371867	-1.454011	-0.963571	0.981091	0.051945	-0.812431	0.214978	-0.517937	-1.021971	-1.312629	-1.774958	-0.462757	-0.612456	-0.216373	0.379202	-0.046162	0.342778	-0.047497	-0.637056	-0.894070	-0.763944	-0.495327	-0.588722	-1.076237	0.248022	-1.503460	-0.533958	-0.659761	-0.076038	-0.417738	1.265034	-0.461383	-0.838253	-0.377331	-0.087833	-0.819551	-0.529805	0.261895	-0.671333	-0.615773	0.176705
-0.436916	0.026620	-0.786356	-0.363720	-0.233230	-0.448460	-0.235728	-0.408768	0.416324	0.209846	0.239478	0.316721	-0.268955	-0.164338	-0.049474	0.927049	0.067304	0.185626	-0.141382	0.198673	-0.257645	0.262687	0.396183	0.234255	-0.216604	-0.101229	-0.143798	1.199791	-0.844155	-0.308018	-0.024466	-1.019972	-0.266532	-0.147753	-0.826344	-0.989506	-0.559393	-0.707856	0.309407	-0.054126	0.701564	-0.112760	-0.661929	-1.192974	-0.975271	-0.639136	-0.919795	-0.347477	-0.702727	0.391256	-0.960276	-0.542092	0.129453	0.761818	-1.093683	-0.512061	-0.506929	-0.264622	-0.670170	-0.695660	-0.355866	-0.317961	-0.966535	-0.678857	0.259259	0.485738	-0.759992	-0.238268	-0.626254	-0.254624	-1.372895	-0.880475	0.333210	1.101859	-0.372420	0.296552	-0.462807	-0.535928	-1.033593	-1.115282	0.020830	-0.511368	-0.492585	-0.356511	-0.535868	-0.720327	-0.401973	0.077936	-0.452196	-0.391038	-0.375853	-0.284973	-1.214009	-0.441776	-0.768653	-0.285379	-0.516310	0.166065	-0.778503	0.302703	-0.461686	-0.124027	0.539599	-0.181647	-0.142375	-0.529891	-0.042802	0.307089	0.428881	-0.299801
0.516260	0.938453	-0.119173	0.217447	0.882897	0.524767	1.157017	0.818978	1.097864	0.396785	0.491690	0.726125	1.071297	0.962390	0.831755	1.363941	0.352894	0.632168	0.977106	0.978461	0.894749	0.521320	0.615115	1.132973	0.539399	0.553621	0.640322	1.328367	-0.109858	0.127454	0.759720	1.474986	0.621570	0.352308	0.287423	0.223790	-0.799175	-0.517879	0.543429	0.197053	1.033917	0.463656	0.890325	0.945194	0.837264	1.297269	-0.209928	-0.313707	0.498024	0.968894	0.364682	0.064804	0.020223	1.111942	0.319714	0.009325	-0.336640	0.430708	0.762561	0.307377	1.206417	0.877320	-0.655700	-0.146841	0.635749	0.707934	0.236763	-0.583198	0.135865	-0.245005	0.238563	0.090105	-0.104144	1.279873	0.418584	0.822757	0.767539	0.989742	0.942847	0.890920	0.476706	-0.124667	-0.131751	-0.220601	0.017337	-0.632904	0.231250	0.485149	0.879115	0.599556	0.543621	0.929053	-0.382393	-0.497115	1.032292	0.984353	-0.949604	0.327937	-0.913995	-0.631001	0.300262	0.695594	1.072478	-1.088295	0.270556	-0.655255	-0.440546	1.345058	1.075754	-0.571839
1.735060	1.733991	0.966502	1.255512	1.941794	1.423134	2.232251	1.974103	1.707510	0.926396	0.544048	0.782245	2.150409	1.999869	1.594879	1.163376	0.448827	1.098176	1.807742	1.448737	1.798753	0.882661	1.201824	1.737466	1.289796	1.142827	0.829665	0.397494	1.605993	-0.147271	0.744255	2.967392	1.856867	1.483434	1.450034	1.469938	-0.352646	0.439006	1.145371	0.652964	1.553865	1.311222	2.504141	3.053472	2.573586	2.811396	0.054141	-0.073171	1.996488	1.423178	1.443458	0.820188	0.373802	0.950599	1.851950	0.295585	0.449613	0.858821	1.767293	1.053619	2.239062	1.851637	0.078587	0.632772	1.315175	0.402396	2.016693	0.216778	1.297669	0.320438	1.957407	0.980980	0.074779	0.903887	0.966041	1.167262	2.034051	2.245397	2.923639	2.590596	0.663174	0.506277	0.596415	0.607991	0.977461	0.296842	1.404505	0.265312	1.909085	1.435337	1.389150	1.936731	0.645521	0.003547	2.468998	2.021144	-1.445820	0.264068	-0.409906	-0.433714	1.197747	0.764107	0.265046	-1.878286	0.339381	-0.598685	-0.805390	1.441476	0.581671	0.005567
2.310614	2.011701	1.773801	1.958756	2.327439	1.573848	2.305576	1.836701	1.861924	1.243231	0.740943	0.608561	1.863384	1.925252	1.826668	0.666430	0.287297	0.868638	1.635152	1.029841	1.741271	0.874078	1.695143	1.578294	1.113137	1.017532	0.277980	-0.151376	2.806542	-0.245155	-0.231868	2.310276	2.064968	1.805541	1.459626	1.547275	0.518463	1.163145	1.344788	0.595225	1.737717	1.435130	2.701613	3.084204	2.463745	2.479406	-0.671118	-0.325642	2.674919	1.496611	1.537188	1.060933	1.227200	0.733637	2.607371	0.457835	1.442240	0.852962	1.859624	0.934966	1.811446	1.472877	0.280000	0.678873	1.886171	0.198159	3.136209	1.440492	1.871988	0.844965	2.040060	0.627871	0.661706	0.669897	0.986632	0.974474	2.074202	2.117545	2.958490	2.448142	0.705954	1.009290	1.001736	1.102412	1.312206	0.907477	2.096756	0.050982	1.658598	1.473207	1.380894	1.714856	0.702808	0.225606	2.218096	1.593753	-0.836956	0.260575	0.673620	0.531557	1.513652	0.213443	-1.158452	-1.488035	0.733367	0.124645	-0.907490	0.750006	-0.383941	1.070066
1.991523	1.760250	1.732707	1.799448	1.974893	1.182945	1.603953	0.741735	1.522236	1.107698	1.269795	0.695664	0.548763	0.862234	1.516071	0.350902	0.113118	-0.029007	0.929635	0.187576	0.952827	0.488625	1.741931	0.930213	0.324448	0.504061	-0.599368	0.096021	2.304987	0.393206	-0.899132	0.694951	1.002630	0.850718	0.529070	0.599354	1.443856	1.189497	0.905023	0.271354	1.386221	0.882351	1.499343	1.197430	0.795539	0.887018	-1.521902	-0.925494	2.021824	1.062997	1.027008	0.905243	1.915142	0.772648	2.374755	0.717693	1.946023	0.704233	1.426755	0.367169	0.360392	-0.033021	-0.288147	-0.084506	1.869660	0.337675	2.679960	1.747192	1.506341	1.039004	0.664860	-0.532859	1.137897	0.537274	0.862273	0.575044	1.117901	1.088367	1.298911	0.967692	0.734875	1.182317	0.827430	0.784505	0.839357	0.767118	1.803794	0.319354	0.587911	0.902742	0.696589	0.591520	-0.120194	-0.058370	0.776686	0.251824	0.837212	0.465172	1.707346	1.166365	1.112454	-0.140214	-1.737296	-0.100615	1.578952	1.393466	-0.515942	0.152550	-0.710599	1.565619
1.131194	1.045878	0.811908	0.816373	1.129503	0.676773	0.630899	-0.202037	0.876253	0.548508	1.638786	1.046143	-0.469624	-0.115034	0.949128	0.278658	0.179339	-0.622875	0.498292	-0.186560	0.157835	0.171880	1.061527	0.232742	-0.071615	0.300565	-1.155831	0.355182	0.469440	1.317721	-0.233689	-0.137486	-0.289785	-0.428124	-0.144541	-0.112383	1.874554	0.838663	-0.037763	0.296287	0.591254	0.296313	0.126423	-0.570352	-0.632265	-0.234340	-1.211842	-1.014691	0.626999	0.360488	0.738319	0.888154	1.782505	0.769608	1.398205	0.842297	1.447413	0.474854	0.803795	-0.001159	-0.943054	-1.351088	-0.760615	-0.695014	1.113876	0.439528	0.912758	0.766868	0.692942	0.982310	-0.489808	-0.968460	1.088443	0.086952	1.031136	0.415254	0.407405	0.452787	-0.158939	-0.086065	0.506559	1.006183	0.412935	0.120465	0.107252	0.458685	0.838929	0.577954	-0.148377	0.259582	-0.014399	-0.298335	-0.634229	-0.314348	-0.290614	-0.428156	1.936797	0.474766	1.992879	1.007477	0.445149	0.171660	-0.984237	0.977890	1.948409	2.269714	0.164907	0.077959	-0.214644	0.974212
0.213556	0.010302	-0.427862	-0.476135	-0.032208	-0.012350	-0.417180	-0.617988	0.046113	-0.372945	1.128182	1.008183	-0.557875	-0.402327	0.410231	0.200444	0.389653	-0.186829	0.287286	-0.007774	-0.264224	0.178446	-0.280675	-0.448033	0.198139	0.410892	-0.758741	0.062228	-1.139730	1.777434	1.213812	0.101162	-0.931327	-1.076233	-0.117345	0.119500	1.420643	0.516727	-1.193276	0.504304	-0.515099	-0.208081	-0.608893	-0.910648	-0.860758	-0.261597	0.228532	-0.349046	-0.457047	-0.195092	0.756730	1.071561	0.898304	0.299962	0.041684	0.422600	0.084331	-0.070089	-0.162528	-0.292737	-1.512499	-1.709240	-0.414571	-0.521650	-0.031000	0.245956	-1.244374	-0.549313	-0.019260	0.690747	-0.511959	-0.142731	0.395440	-0.560780	1.234169	0.444134	0.467998	0.525216	-0.421728	-0.027124	-0.134346	0.385119	0.141846	-0.292547	-0.470501	0.498810	-0.211944	0.215058	-0.235070	-0.279146	-0.463502	-0.468298	-0.210076	-0.225525	-0.463567	-0.061796	1.272506	-0.025931	1.393090	0.379526	0.070435	0.889678	0.226153	0.882245	1.046595	1.984620	0.477443	0.218192	0.453157	-0.129112
-0.393475	-0.848937	-1.081612	-1.259118	-1.305040	-1.030634	-1.440948	-0.946091	-0.807935	-1.283490	-0.218236	0.177551	-0.328624	-0.446185	0.005806	0.053680	0.452174	0.801808	-0.346801	0.019952	-0.379855	0.267634	-1.565296	-1.090274	0.434952	0.198941	0.737827	-0.339816	-1.413584	1.626031	1.983589	0.453702	-1.074299	-1.163462	-0.197845	0.562701	0.318403	0.224130	-2.006864	0.118724	-1.656502	-0.949420	-0.987030	-0.588532	-0.574389	-0.178546	1.394881	0.277165	-0.614304	-0.358280	0.406295	0.957033	-0.046465	-0.400669	-1.017514	-0.211047	-1.144810	-0.678589	-1.342559	-0.912713	-1.570261	-1.530049	0.299411	-0.088796	-0.839489	0.114806	-2.879682	-1.021711	-0.517767	0.139191	-0.122308	0.811991	-0.765494	-0.869562	0.813694	0.314283	0.619593	0.423346	-0.280674	0.152760	-0.630205	-0.595024	0.120985	-0.292733	-0.784319	0.660767	-0.932953	-0.345059	-0.282570	-0.675481	-0.679031	-0.379180	0.453762	-0.089163	-0.610664	0.156656	-0.172865	-0.438307	0.486647	-0.312487	0.268872	1.491078	0.781667	0.200183	-0.491026	0.955996	0.074094	0.291125	0.879481	-0.737538
-0.503654	-0.870243	-0.550300	-0.880444	-2.172115	-1.897993	-2.055740	-1.394021	-1.205760	-1.422418	-1.375972	-0.880448	-0.498827	-0.799709	-0.255485	0.137093	0.347503	1.262278	-1.387604	-0.393567	-0.208375	0.179780	-1.877217	-1.257304	0.103505	-0.595406	2.502280	-0.108574	-0.727286	1.276488	1.325787	0.253467	-1.217739	-1.168413	-1.123994	0.048545	-0.761911	-0.246137	-1.903458	-1.068354	-2.228681	-1.716335	-1.479656	-0.996325	-0.650885	-0.851907	1.127374	0.013170	0.068859	-0.053194	-0.635170	0.218729	-0.455974	-0.513521	-0.916051	-0.048597	-1.066821	-0.483305	-1.827946	-1.483535	-1.343337	-1.447362	0.297389	-0.312699	-0.672801	0.507765	-3.336562	-0.402848	-0.781676	-0.386399	-0.318328	0.630825	-2.036124	-0.655098	-0.226133	-0.005628	0.202765	-0.408501	-0.680981	-0.478437	-0.210870	-1.306684	0.342884	0.072565	-0.659507	0.481205	-1.098589	-0.143629	-0.613507	-0.542583	-0.548361	-0.451815	0.327890	-0.238149	-1.270769	-0.585526	-0.448761	0.243921	0.058127	-0.801310	0.933757	1.659028	0.492003	0.137647	-1.075147	0.333694	-0.473594	0.532940	1.234046	-0.396001
-0.183657	0.046501	0.770372	0.444129	-2.041791	-1.866746	-1.856575	-1.564585	-0.615732	-0.441793	-1.340939	-1.199217	-0.867341	-1.214029	-0.301565	0.732339	0.400252	0.799685	-1.891737	-0.620299	0.382600	0.122464	-1.026278	-0.518292	-0.397863	-1.366647	3.060218	0.822615	-0.192592	1.067771	-0.093565	-0.179419	-1.303417	-1.043827	-2.391281	-1.467423	-1.396089	-0.896565	-0.948278	-2.277205	-1.667285	-1.751801	-1.891463	-2.141305	-0.870516	-1.673065	-0.280818	-1.043515	1.107651	0.763098	-1.728495	-0.814560	-0.346065	0.399678	0.465981	1.226894	0.391798	0.842218	-0.910895	-1.193660	-0.719489	-1.395355	-0.792114	-1.284846	0.463059	1.309845	-2.469122	0.499287	-0.597070	-0.462921	-0.994149	-0.504514	-2.980396	-0.157296	-0.920158	-0.107232	-0.389991	-1.228622	-1.238322	-1.366976	0.963324	-1.067589	0.745166	0.741605	-0.000653	-0.047718	-0.709283	0.817346	-0.770036	0.434629	0.025873	-0.463301	-0.688337	-0.584242	-1.644184	-1.376222	0.770265	1.936506	0.352673	-0.738579	1.601694	1.351725	0.082088	0.939762	0.010252	0.595960	-0.280135	1.195651	1.638558	0.464136
0.285481	1.114049	1.658617	1.576973	-0.922238	-0.944831	-1.022866	-1.222213	0.791948	0.870740	-0.258470	-0.608641	-0.793764	-1.056810	-0.030106	1.635839	0.758857	0.018303	-1.194137	-0.087861	1.212127	0.471518	0.213895	0.724962	-0.389839	-1.329564	1.611180	1.811599	-0.242812	0.998797	-0.951729	-0.164383	-0.953456	-0.449018	-2.783800	-2.706499	-1.657339	-1.436662	0.023782	-2.637074	-0.171623	-0.876022	-1.712625	-2.673876	-0.463510	-1.365735	-1.527637	-1.917334	1.987772	1.889716	-1.989332	-1.464149	-0.176403	1.754278	2.020380	2.470320	1.902559	2.276320	0.727168	-0.150796	0.224524	-0.965349	-2.102436	-2.095930	1.800965	1.958584	-0.918871	0.721410	0.056441	-0.113167	-1.254144	-1.252327	-3.166393	0.465505	-0.405960	0.351076	-0.267166	-0.925208	-0.901043	-1.252685	1.775169	-0.058095	0.994925	1.372519	0.707475	-0.573329	-0.155408	1.413841	-0.396388	1.657342	0.620030	-0.118573	-1.722422	-0.825487	-0.776263	-0.833199	1.813001	3.085883	0.865572	0.024222	1.680761	0.773581	0.254114	1.639735	1.688948	1.144287	0.624969	1.905228	1.790872	1.017302
0.577192	1.295865	1.232839	1.463889	0.344168	-0.064328	-0.318697	-0.870872	1.927466	1.190507	0.654014	0.019340	-0.279398	-0.308457	0.443587	2.159338	0.984284	-0.331091	0.052216	0.738618	1.613128	1.102552	0.820294	1.323467	0.020256	-0.471582	-0.907638	2.171226	-0.385300	0.951696	-0.624384	0.462532	-0.298073	0.401382	-1.814828	-2.448184	-1.746623	-1.588230	0.164376	-2.150512	1.152379	-0.009703	-0.958319	-1.683647	0.595766	0.254624	-1.640629	-1.705101	2.350623	2.621412	-1.276600	-1.350931	-0.297549	2.434428	2.410904	2.277861	2.093640	2.427219	1.520279	0.484236	0.897207	-0.209404	-2.394300	-1.825605	2.345305	2.032689	0.284749	0.189289	0.676909	0.179653	-0.666394	-0.727119	-2.397789	1.130067	0.934102	1.127196	0.691049	0.462665	0.399458	0.091689	1.426105	0.690758	0.578988	1.297690	0.643072	-0.928524	-0.059493	0.890139	0.021776	1.866059	0.485070	0.256859	-1.877743	-0.785925	0.901936	0.843890	1.347401	2.277776	0.959623	0.903189	0.943112	0.318677	0.963433	1.418094	2.271661	1.318210	1.203663	1.923116	1.392316	0.860744
0.410525	0.243841	-0.110603	0.178906	0.743419	-0.062706	-0.360440	-1.157333	1.642563	0.082369	0.377957	-0.154351	-0.024737	0.316478	0.659771	1.643033	0.439586	-0.187851	0.450185	0.837539	1.013545	1.330607	0.296102	0.514425	-0.002089	0.391984	-2.437488	1.620747	-0.196872	0.850576	0.195042	1.117959	-0.005708	0.742930	-0.262925	-0.897223	-1.674398	-1.408158	-0.619940	-1.525245	1.134146	-0.166337	-0.285485	0.076215	1.403507	1.849972	-0.762912	-0.487731	1.995864	2.125894	-0.220743	-0.748928	-0.684473	1.797985	1.428117	0.684231	1.001951	1.129230	0.746961	-0.036446	0.692676	0.301387	-1.364751	-0.589449	1.566968	1.418145	0.680264	-0.219408	0.681201	0.103906	0.218670	0.500452	-1.038602	1.397668	1.765192	1.446850	1.533725	1.613462	1.406163	1.464455	0.241095	0.405400	-0.566853	0.187635	-0.358643	-1.258425	-0.665541	-0.193909	-0.232209	0.565657	-0.551740	0.030820	-1.053893	-0.488073	1.898946	1.907608	0.097725	-0.069913	0.570193	0.940595	-0.178109	0.209945	1.623711	0.659278	1.289666	1.129258	0.805498	0.973061	0.564808	0.352968
-0.415320	-1.458063	-1.155837	-1.228603	0.005581	-0.769824	-1.034399	-1.878194	-0.166827	-1.454525	-0.837852	-0.907637	-0.450853	0.214352	0.123845	0.020921	-0.903875	-0.165106	-0.603444	-0.092430	-0.435334	0.558295	-1.160734	-1.238658	-0.887754	0.482857	-1.833380	0.281713	-0.014605	0.578039	0.288608	0.972585	-0.420366	0.194287	0.736517	0.512836	-1.349883	-1.179486	-1.692414	-1.207800	-0.390682	-1.205212	-0.320058	0.939316	1.163757	1.921280	0.202047	0.673445	0.821698	0.284901	0.497827	-0.348392	-1.174549	0.074869	-0.041983	-0.939026	-0.224965	-0.496869	-0.758095	-1.084464	-0.373623	0.099315	0.013082	0.481913	-0.325256	0.121001	0.674290	0.162040	0.028891	-0.221799	0.515883	1.066000	0.095454	0.743297	1.219025	0.670429	1.219736	1.299379	0.906610	1.530741	-0.969879	-0.601187	-1.686411	-1.331551	-1.439989	-1.620839	-1.459416	-0.868356	-1.039375	-1.180247	-1.700969	-0.847918	0.020615	-0.138816	1.345890	1.137091	-0.362705	-2.109138	0.072599	-0.064597	-1.033003	0.102365	1.836065	0.282231	-0.234356	0.719405	0.122939	-0.510795	-0.375387	0.063258
-1.801655	-2.845792	-1.221203	-1.846637	-1.185453	-1.286900	-1.690278	-2.016011	-2.409631	-2.013450	-1.806514	-1.280418	-1.108621	-0.449110	-1.130010	-2.020116	-2.295303	-0.846581	-2.226547	-1.288127	-1.987727	-1.135783	-2.859265	-2.689690	-1.995275	-0.183467	-0.165373	-1.376885	-0.427771	-0.025994	-0.697245	-0.250084	-1.055999	-0.715840	0.866608	0.668944	-0.767209	-0.965283	-2.269211	-0.884804	-2.348104	-1.981753	-1.007135	0.133224	0.058305	0.365689	0.546640	0.793073	-1.068566	-1.981582	0.624253	-0.589256	-1.707757	-1.986598	-1.179229	-1.554998	-0.864410	-1.490753	-1.694976	-1.503729	-1.637651	-0.681569	0.541096	0.410569	-2.562767	-1.616457	0.781589	0.749140	-0.850201	-0.692284	-0.078041	0.316313	0.521961	-0.495344	-0.275171	-0.981233	-0.321124	-0.366636	-0.866667	0.188970	-1.823772	-1.360886	-1.865639	-2.141209	-1.678893	-1.746975	-1.672538	-1.040118	-1.499540	-1.825750	-2.014075	-1.654556	0.465732	-0.074586	-0.163883	-0.753776	0.165798	-2.533484	-0.424438	-1.183336	-1.517407	-0.611172	1.715129	0.422022	-1.208707	-0.205910	0.184880	-1.931253	-1.282896	-0.001278
-3.092250	-3.231971	-0.784806	-1.626900	-1.839186	-1.006422	-1.731559	-0.895531	-3.685835	-1.192797	-1.706185	-0.779165	-1.231565	-0.983688	-2.323920	-3.381205	-2.903682	-2.017314	-2.920874	-1.826732	-2.939656	-2.960353	-3.859197	-2.935515	-2.314658	-0.939360	0.435409	-2.551219	-1.374805	-0.962386	-1.881868	-1.869854	-1.162344	-1.144049	0.732048	-0.065374	-0.060052	-0.496476	-1.914154	-0.012360	-3.255421	-1.640273	-1.585487	-1.339043	-0.974306	-1.398792	0.377193	0.079404	-3.082961	-3.365504	0.263203	-1.186063	-2.129122	-3.512443	-1.843699	-1.407702	-1.251833	-1.934904	-1.614018	-0.954275	-2.225549	-1.335427	0.139626	-0.463934	-4.141677	-3.032656	0.975221	0.316843	-1.558086	-1.425448	-0.998351	-0.974892	0.743215	-1.011290	-1.580312	-2.436803	-2.106126	-2.077569	-2.374332	-1.371625	-2.288665	-1.284444	-1.110753	-1.831659	-1.165032	-1.381479	-1.176009	-1.285231	-1.048339	-1.076904	-1.414365	-1.661391	0.101108	-0.437039	-1.362496	-2.006417	0.404134	-1.718714	-1.227301	-1.387747	-2.058756	-1.899437	1.490040	0.360801	-1.613405	-1.795122	0.752237	-2.959199	-2.058545	-0.305261
-3.321976	-2.467694	-0.702150	-1.080950	-1.478084	-0.172251	-0.969612	0.937227	-3.287474	0.156165	-0.827009	0.098582	-0.620367	-0.883478	-2.451168	-3.209417	-2.492784	-2.575154	-1.975301	-1.495083	-2.982280	-3.823474	-3.403392	-1.990708	-1.639302	-1.191505	-0.751304	-2.461505	-2.050720	-1.912406	-2.171134	-2.723960	-0.589309	-0.843868	0.920415	-0.398563	0.489397	0.323583	-0.744325	1.358038	-2.387312	-0.432408	-1.208576	-1.693580	-1.142349	-1.791759	0.362153	-0.214960	-4.179948	-3.164518	-0.293637	-1.424121	-1.966755	-3.694058	-2.155276	-1.246707	-1.837225	-2.254870	-0.971012	-0.018805	-1.575227	-1.075731	-0.065042	-0.696966	-4.229249	-3.176312	1.003865	-1.305604	-1.881248	-2.258430	-1.320380	-1.416369	1.682487	0.075365	-1.936313	-2.682918	-2.904116	-2.535100	-2.266068	-1.799943	-2.151607	-0.582352	-0.414568	-1.151029	-0.748129	-0.735083	-0.590901	-1.652027	-0.106826	-0.115329	-0.645984	-0.879324	-0.329506	-0.815824	-1.494971	-1.716949	-0.484871	-0.931616	-2.387233	-0.712828	-2.746385	-2.795549	1.034691	-0.348695	-2.021162	-3.298402	0.525197	-3.351593	-2.345409	-0.935103
-2.055086	-0.901165	-1.108988	-0.622329	-0.442715	0.495258	0.329345	2.193873	-1.571176	0.933523	-0.017990	0.579981	0.227610	-0.227119	-1.179322	-1.546165	-1.398203	-1.563802	-0.017963	-0.721648	-2.137594	-3.025035	-1.537550	-0.489434	-0.740496	-0.878238	-2.222337	-1.032554	-1.707540	-2.313436	-1.286271	-2.177118	0.125227	-0.322103	1.251250	0.319771	0.547555	1.003306	0.581547	2.471667	-0.362153	0.715254	0.221566	-0.236729	-0.460432	-0.564349	0.878645	0.738383	-3.634581	-1.736619	-0.658919	-0.957782	-0.844833	-2.223871	-2.096080	-1.247289	-2.296916	-2.288671	-0.349587	0.670358	0.061803	0.234297	0.875208	0.651630	-2.706966	-1.810688	0.921840	-2.694563	-1.680271	-2.480263	-0.637695	-0.491402	3.263166	1.929723	-1.389274	-1.688849	-2.178018	-1.509418	-0.694007	-0.805200	-1.191777	0.143463	-0.588913	-1.073057	-0.868719	-0.350308	-0.441256	-1.427040	0.526833	-0.094734	-0.299765	0.058377	0.016742	-0.532544	-0.722419	-0.557105	-1.761827	-0.844630	-3.257764	-0.131516	-2.923387	-2.331218	0.086557	-1.262744	-2.453808	-3.593568	-1.007314	-2.793460	-1.719481	-1.301860
-0.005834	0.768894	-1.375929	-0.357282	0.476984	0.567771	1.537221	2.126009	0.368351	0.794762	0.289599	0.523862	0.741875	0.494254	0.722635	0.543964	-0.138495	0.538043	1.644955	0.003401	-0.730511	-0.933457	0.709808	0.878219	-0.392318	-0.318768	-2.118747	0.872816	-0.394984	-1.699378	0.279090	-0.676519	0.437224	-0.187229	1.118182	1.410098	0.041858	0.893609	1.217731	2.595028	1.321988	1.143841	1.779289	1.870615	0.360916	1.020996	1.478505	2.204739	-1.901413	-0.141811	-0.555401	-0.158278	0.820327	0.148980	-1.704962	-1.058823	-2.031297	-1.584560	-0.007385	0.938497	1.519635	1.705215	2.454498	2.745694	-0.479278	0.190664	0.920455	-2.304131	-1.037173	-1.574714	0.476121	0.866660	4.000321	2.688280	-0.493959	-0.348975	-0.489395	0.089470	0.898144	0.616862	0.164718	0.461822	-1.308575	-1.635437	-1.078273	-0.454735	-0.516948	-0.251774	0.633717	-0.860012	-0.219016	0.581636	1.008847	0.501310	0.236734	0.208097	-2.173779	-1.061775	-3.075003	-0.386151	-1.998980	-0.676086	-1.114311	-1.686433	-2.281998	-2.485665	-2.646934	-1.294147	-0.278858	-0.934803
1.410213	1.813452	-0.989309	-0.228684	0.751356	0.294878	1.981656	1.178604	1.463572	0.226709	0.298111	0.417030	0.825991	0.862243	1.995512	1.731117	0.852366	2.028601	2.179661	0.489891	0.563511	1.073058	2.063290	1.700938	-0.474316	0.207563	-0.402370	2.138882	1.124686	-0.185682	1.806990	0.726232	0.377496	-0.457243	0.421582	1.826839	-0.622093	0.070091	0.839277	1.779251	1.532006	0.934525	2.293933	2.850233	0.668082	1.539147	1.402968	2.620578	-0.373701	0.675181	-0.051060	0.403943	1.941562	1.898416	-1.213056	-0.516663	-1.104246	-0.293596	0.073600	0.905003	1.603820	2.119836	3.170197	3.706650	1.046928	1.576172	0.890946	-0.195735	-0.403630	-0.063660	1.049039	1.334354	2.591934	1.525804	0.210154	0.448525	0.972731	1.112314	1.325965	1.229874	0.943392	0.372723	-1.541378	-1.940033	-0.721166	-0.606351	-0.258230	1.143238	0.687527	-1.329148	0.123710	0.665226	1.641688	1.486080	0.745708	0.129314	-1.564157	-0.941753	-1.912061	-1.163165	-0.378831	0.923509	-1.803412	-1.538566	-1.244930	-1.050595	-2.768894	0.454197	1.164884	-0.209083
1.342925	1.958158	-0.098010	-0.042580	0.540512	0.292487	1.457971	0.391364	1.414168	-0.065907	0.347246	0.681142	0.774294	0.859360	2.036880	1.574597	1.394728	1.829405	1.820325	0.823512	1.021344	1.712577	2.061917	1.929614	-0.194067	0.698087	1.267610	2.313325	2.075783	1.348207	2.602449	1.353063	0.424591	-0.541977	-0.179466	1.445814	-0.818918	-0.493147	0.084342	0.874178	0.491370	0.674674	1.522568	2.190890	0.532380	0.866463	0.662370	1.519823	-0.021676	0.531431	0.532680	0.648030	1.838967	1.997597	-0.732300	0.181418	-0.089702	0.876188	0.093494	0.809274	0.420565	1.294669	2.292747	2.715744	1.131360	1.795929	0.548141	1.948542	-0.206607	0.881900	0.848820	0.755440	-0.216173	-0.388043	0.594357	0.560215	1.416943	1.196379	0.862468	0.845785	0.678029	0.280649	-0.733702	-1.198008	0.314188	-0.135300	0.486228	1.794318	1.146478	-0.793485	0.958480	0.731771	1.365467	1.633857	0.768142	-0.092678	-0.873773	-0.553386	-0.732604	-1.462580	0.842080	1.362338	-1.517392	-1.280621	-0.064820	-0.484717	-1.136187	1.500924	1.703099	0.106729
0.299146	1.587243	0.820786	0.503820	0.392104	0.840842	0.450876	0.318994	0.775006	0.210697	0.568487	1.243153	0.788345	0.717521	1.334703	0.847912	1.629830	0.654471	1.397411	1.107220	0.469051	0.932287	1.317337	1.745853	0.871547	1.285319	1.501972	1.728507	2.201621	1.826263	2.198492	1.321025	0.881700	0.046477	-0.078866	1.026334	-0.224379	0.134136	0.023840	0.749504	-0.520144	0.824088	0.349689	0.994322	0.548254	0.093223	0.259412	0.262699	-0.479783	-0.032871	0.969941	0.956342	0.944379	0.810876	-0.120452	0.852854	0.785577	1.543430	0.314216	0.970136	-0.551688	0.417496	0.805251	0.984625	0.340988	1.254665	-0.105281	2.392737	-0.323439	0.701649	0.650066	0.299652	-2.064433	-1.242958	0.898733	0.412376	1.024138	0.874873	0.666140	0.362502	0.069829	0.665163	0.673998	0.425064	1.617814	1.058104	1.311572	1.731410	1.848850	0.436789	1.990551	1.122496	0.885041	1.190512	0.798194	0.372844	-0.727456	-0.545652	-0.339969	-0.699816	1.008219	0.668219	-0.678560	-1.137749	0.277259	-0.789766	0.922253	1.452131	1.170775	-0.155545
-0.471758	1.263358	1.422530	1.391400	0.521883	1.481448	-0.289694	0.632645	0.246697	0.680874	0.915501	1.690676	0.722557	0.507092	0.673496	0.519595	1.747517	-0.124891	1.334388	1.199658	-0.510656	-0.253662	0.723497	1.268682	2.132794	1.863860	0.474610	0.853044	1.717385	0.926916	0.809105	1.054241	1.459899	1.003175	0.474193	1.057154	0.917284	1.737409	0.995849	1.423214	-0.535991	1.195851	-0.281394	0.464245	0.929335	0.035214	1.009120	0.464791	-0.712114	-0.410736	1.243476	1.488224	0.139565	-0.503962	0.583942	1.396547	1.651084	1.880649	0.731268	1.478018	-0.144454	0.618684	0.283385	0.317784	-0.155985	0.625888	-0.742191	0.861407	-0.283871	-0.060581	1.136296	0.937400	-1.534730	-0.628220	1.183261	0.305228	0.439475	0.702119	1.157166	0.489524	0.181173	1.509676	1.760802	1.934723	2.640383	2.229124	1.684065	1.706250	2.127239	1.458507	2.598595	1.621477	1.196853	1.107452	1.140117	1.333420	-0.663892	-1.109419	-0.492131	0.638510	0.387473	-0.242139	-0.120871	-0.773231	-0.312387	-0.888435	1.929512	0.685579	0.260408	-0.446180
-0.354738	1.002219	1.445699	1.863678	0.562143	1.405195	-0.427408	0.677460	-0.049427	0.598018	1.145255	1.580181	0.351560	0.064190	0.168289	0.548253	1.612935	-0.285658	1.262025	0.783975	-1.081771	-0.971596	0.576335	0.437212	2.501734	1.930148	-0.681934	-0.159977	0.943299	-0.613174	-0.605502	0.628997	1.536761	1.433418	0.700613	1.136487	1.931757	2.972932	2.113248	1.953506	0.168549	1.107563	-0.353072	0.539192	1.079533	0.277033	2.318266	1.968676	-0.325443	-0.505237	1.316222	1.761015	-0.343634	-1.253159	0.859002	1.463035	2.155019	1.865234	0.916211	1.861146	1.048372	1.489621	1.050914	1.004169	0.109346	0.159758	-1.116958	-1.310551	-0.011830	-0.598932	1.852843	2.123479	0.281801	0.143603	0.948355	0.088159	-0.112071	0.544311	1.461169	0.832505	1.043770	2.064334	1.871439	2.313167	2.843753	2.388711	1.309606	1.811136	1.446476	1.534007	2.208562	1.580075	2.087202	1.672494	1.380127	1.706820	-0.011625	-1.482073	-0.345290	1.457507	-0.389605	-0.609849	-0.228248	0.106398	-0.950796	-0.069288	1.497473	-0.199189	-0.263600	-0.345122
0.104020	0.290233	0.630304	0.990623	0.119751	0.339887	-0.234693	0.250764	-0.455460	-0.377566	0.814143	0.627822	-0.222288	-0.607785	-0.584358	0.046008	0.921742	-0.683407	0.695706	-0.189629	-0.838444	-1.183983	0.540198	-0.668892	1.529293	0.987813	-1.228042	-1.228342	0.069599	-1.728131	-1.102630	-0.169077	0.833177	0.829445	0.342565	0.654692	2.122770	2.628880	2.163998	1.337508	0.634492	0.231694	-0.451729	0.340866	0.324845	-0.074905	2.621081	2.937708	0.156660	-0.634941	1.029324	1.152517	-0.864998	-1.551052	0.224992	0.589963	1.431188	0.995933	0.497051	1.485545	1.455984	1.614154	1.891663	1.645879	0.522588	-0.297754	-1.272944	-2.475728	-0.011199	-0.783742	1.708327	2.388899	1.225110	-0.297975	-0.317939	-0.498899	-0.889661	-0.057491	0.647546	0.523827	1.516144	1.482520	0.959012	1.306399	1.849022	1.247359	0.262460	1.174251	-0.049757	0.540928	0.762981	0.641420	2.212897	1.956416	0.842618	0.797739	0.982517	-0.814540	0.378708	1.126195	-0.994736	-0.485030	-0.746748	1.111807	-0.822406	1.090597	0.264863	-0.921141	-0.354655	-0.087863
0.111905	-1.019934	-0.866033	-1.042044	-0.602976	-1.013008	-0.128952	-0.215029	-1.062747	-1.633339	-0.281651	-1.060029	-0.603989	-1.102572	-1.573117	-1.350640	-0.211004	-1.623245	-0.145695	-1.226662	-0.002917	-1.185101	0.297603	-1.493280	-0.094123	-0.776265	-1.275234	-1.976627	-0.787117	-1.945073	-0.592942	-1.223902	-0.237839	-0.322351	-0.003678	-0.273719	1.279685	0.862650	0.970477	-0.370213	0.494304	-0.760133	-0.724510	-0.399385	-1.081888	-1.074686	1.149969	2.008876	0.209676	-0.972167	0.346293	-0.220152	-1.344288	-1.622043	-0.977743	-1.014325	-0.640813	-0.789011	-0.184558	0.473872	0.628322	0.506199	1.622361	1.027017	0.299563	-0.842228	-1.321849	-2.195384	-0.615754	-0.971306	0.417535	1.099052	0.638169	-1.781982	-2.174562	-1.337407	-1.877507	-1.043992	-0.923982	-0.540544	0.682660	-0.184626	-0.433248	-0.342171	-0.103653	-0.399579	-0.966342	-0.636831	-1.563799	-0.971102	-1.007357	-0.733141	0.795046	0.964583	-0.486471	-0.881041	1.446635	0.675674	1.123565	0.045701	-1.406168	-0.413834	-1.237992	1.509464	-0.003131	1.569512	-0.884088	-1.474109	-0.558490	-0.058742
-0.281211	-2.141562	-2.150858	-2.658389	-0.996034	-1.598306	-0.162157	-0.183883	-1.439578	-2.100185	-1.607047	-2.778228	-0.597041	-1.050361	-2.141494	-2.714381	-1.126269	-2.211981	-0.540363	-1.661289	0.885182	-0.910419	-0.010937	-1.349383	-1.233763	-2.365259	-1.155539	-1.944670	-1.425123	-1.513057	0.190389	-1.897467	-0.969507	-1.061142	0.203754	-0.937110	-0.093493	-0.935290	-0.381767	-1.958893	0.329200	-0.743384	-0.654926	-0.984373	-2.055377	-1.850465	-1.096806	-0.163850	0.039652	-1.227577	-0.487808	-1.454968	-1.025994	-1.300654	-1.709309	-2.186303	-2.676928	-2.397279	-0.269014	-0.190696	-0.162057	-0.669715	0.475574	-0.429034	-0.501062	-1.293530	-1.222422	-1.380141	-1.288996	-1.134427	-1.060598	-0.811597	-0.222792	-2.865662	-3.266899	-1.879116	-2.410475	-1.746243	-1.955690	-1.549287	-0.965498	-1.838551	-1.441612	-1.439309	-1.938450	-1.295943	-1.648559	-2.543389	-2.247074	-2.078156	-2.004318	-1.654255	-1.260170	-0.908027	-1.807936	-2.213303	1.094466	1.845591	1.403051	-0.811204	-1.521135	-0.693820	-1.432114	1.136205	0.884056	1.289071	-1.305932	-1.761166	-1.168231	-0.095961
-0.369815	-2.090230	-2.192303	-2.410616	-0.809630	-1.094965	-0.094193	0.322257	-1.186562	-1.431348	-2.215553	-3.490829	-0.499599	-0.705268	-1.853633	-2.757788	-1.285059	-1.615266	-0.272952	-1.333829	1.334226	-0.142327	-0.045393	-0.282317	-1.387360	-2.755049	-0.824503	-1.153627	-1.583336	-0.821898	0.459671	-1.680225	-1.067780	-0.965697	0.531101	-0.991392	-1.187348	-1.527849	-0.736964	-2.255373	0.694641	0.491877	0.033883	-0.846149	-1.844973	-1.747235	-2.392874	-1.756759	0.218538	-0.951391	-1.183231	-1.862493	0.371616	-0.419421	-1.273009	-1.812880	-2.985437	-2.475315	0.540457	0.160238	0.330344	-0.612121	-0.381276	-1.324739	-1.089117	-1.404299	-0.897604	-0.950742	-1.054086	-0.696533	-1.648349	-1.904643	-0.214445	-2.455248	-2.643033	-1.571081	-1.857530	-1.673618	-1.763000	-1.806283	-2.037323	-2.325925	-1.421584	-1.317534	-2.450758	-0.855458	-1.374957	-2.942309	-1.862907	-2.070435	-1.709151	-1.701723	-2.273426	-2.044665	-2.342376	-2.627613	0.570536	1.921867	1.417755	-0.833669	-1.060956	-1.062619	-1.223297	0.615227	1.519798	1.033154	-0.714055	-1.500029	-1.723181	0.294844
0.094825	-0.928690	-0.853851	-0.568575	-0.458206	-0.230920	0.119326	0.658183	-0.531117	-0.430363	-1.723166	-2.658707	-0.718638	-0.732322	-1.175835	-1.360643	-0.887691	-0.345895	-0.055070	-0.747624	1.071224	0.786640	0.187337	0.669198	-0.944376	-1.858585	-0.099861	-0.236559	-1.170717	-0.020126	0.033025	-0.835243	-0.839473	-0.457739	0.051944	-0.872456	-1.590835	-0.946395	-0.072806	-1.322959	1.169261	1.692156	0.724927	-0.397147	-0.825605	-1.092053	-2.022642	-1.751917	0.831629	-0.111734	-1.647777	-1.703337	1.784951	0.612739	-0.042346	-0.092453	-1.444619	-0.958930	1.399824	0.925962	1.578665	0.402014	-0.352382	-0.981300	-0.936949	-1.126438	-0.470530	-0.810771	0.291947	0.597185	-1.281173	-1.651135	0.179606	-0.852054	-0.790554	-0.384393	-0.509243	-1.093252	-0.974286	-1.473240	-1.728415	-1.481470	-0.442014	-0.330251	-1.419409	0.316326	-0.479643	-1.570260	-0.895549	-0.964543	-0.646592	-1.224147	-1.579386	-1.330437	-2.050724	-2.375017	0.568144	1.249343	1.506026	-0.215416	0.041217	-1.075930	-0.626906	0.589150	1.990639	1.132906	0.638818	-0.569746	-1.480920	1.071391
0.469210	0.118783	0.889987	1.207744	-0.466453	0.051402	0.158347	0.223035	-0.137108	-0.103936	-0.716606	-0.885959	-1.163386	-1.311347	-0.978180	0.183706	-0.638913	0.240959	-0.674484	-0.489900	0.154730	0.992139	0.241084	0.422225	-0.516652	-0.610212	0.791305	0.130270	-0.388575	0.728176	-0.658836	-0.131333	-0.694987	-0.162380	-1.245451	-1.071629	-1.488966	-0.198777	0.642467	-0.264282	0.790769	1.342445	0.590873	-0.403563	0.025000	-0.669098	-0.732513	-0.710419	1.283160	0.705694	-1.852024	-1.646877	1.709146	0.987064	0.971878	1.564905	0.324913	0.765957	1.268147	0.984816	1.942667	0.899520	0.053616	-0.039396	-0.388845	-0.656122	-0.228005	-0.407853	1.709792	2.001131	-0.668115	-0.641443	-0.192615	0.699141	0.909261	0.990750	0.546412	-0.669512	-0.580834	-1.145375	-0.519874	-0.139043	0.772974	0.632116	0.157783	1.081199	0.291157	0.180294	-0.063801	0.509289	0.212807	-0.757735	-0.071907	0.562021	-1.436632	-1.884276	1.058191	0.597479	1.455925	0.416358	1.275117	-0.665766	0.123685	1.011173	2.142556	1.016894	1.878252	0.623768	-0.337211	1.434078
0.069516	-0.039094	1.872228	1.625138	-0.831149	-0.402523	-0.226073	-0.817795	-0.373813	-0.532454	-0.086057	0.452512	-1.310641	-1.791234	-1.552943	0.511884	-0.942251	-0.429778	-1.908146	-0.610706	-0.927695	-0.002492	-0.226743	-0.922647	-0.301313	-0.036759	1.301932	-0.137427	0.428984	0.974738	-1.104780	-0.016345	-0.674042	-0.235555	-2.123138	-1.358807	-1.220779	-0.099870	0.618511	0.072908	-0.609689	-0.570868	-0.229932	-0.849812	0.201837	-0.750615	0.283063	0.120250	1.006890	0.789830	-1.653695	-1.775951	-0.067868	0.347971	1.150585	1.980672	0.757106	1.335759	0.331742	0.259689	0.884087	0.170146	0.105710	0.446196	-0.200880	-0.301104	-0.305541	0.190671	1.997159	2.413762	-0.287864	0.232926	-1.329690	1.166473	1.544713	1.583784	0.497194	-0.704613	-0.732968	-1.041022	0.502905	0.740864	1.448474	0.996312	1.057752	0.903793	0.547185	0.851149	0.224078	1.460518	0.401465	-0.448811	0.898337	1.807554	-0.913502	-1.286795	1.509802	0.147135	0.844702	0.626133	1.836745	-0.214137	0.582431	1.325850	1.450681	0.274646	2.063218	1.321118	0.879614	0.800145
-0.839188	-1.132523	1.794128	0.861700	-1.081792	-0.878120	-0.741047	-1.554679	-0.921833	-0.951582	-0.124125	0.448115	-0.905482	-1.458780	-2.368244	-0.420810	-1.433103	-1.472510	-2.614571	-0.668460	-1.465681	-1.447298	-0.905207	-2.049872	-0.133119	-0.287725	1.198462	-0.558334	1.008963	0.385748	-1.215299	-0.260602	-0.549929	-0.382168	-1.554836	-1.139573	-0.893449	-0.593309	0.014575	-0.120904	-1.947734	-2.318649	-0.631708	-0.933925	-0.000367	-0.912103	0.486283	0.033448	0.204172	0.080371	-0.995659	-1.559306	-2.059151	-0.655127	0.776170	1.347720	-0.016370	0.728367	-0.065015	-0.089239	-0.238814	-0.757200	-0.219323	0.112606	-0.606746	-0.265392	-0.472956	0.389748	1.227669	1.709715	-0.004219	0.513089	-2.031364	0.443105	1.231689	1.030422	-0.396150	-0.908597	-0.798974	-0.892537	0.766146	0.891257	1.365785	0.853830	0.996313	0.272734	0.533569	0.422451	0.065447	1.506268	0.223278	-0.157698	0.833116	1.297985	-0.534327	-0.593512	1.538142	-0.398665	-0.147091	0.405763	1.459066	-0.058704	0.432243	1.170755	-0.102619	-0.519127	1.116463	1.128539	1.178415	-0.209688
-1.246325	-1.800238	1.344106	0.076340	-0.838565	-0.611796	-0.740914	-1.162550	-1.104342	-0.754530	-0.377120	-0.469969	-0.281208	-0.410502	-2.653540	-1.422774	-1.345642	-1.570664	-1.978252	-0.329328	-1.108031	-1.847982	-1.024874	-1.767780	0.093803	-0.646309	0.809448	-0.690551	1.154458	-0.675367	-1.271411	-0.373493	-0.213564	-0.304087	-0.121885	-0.443772	-0.484136	-1.105918	-0.428948	-0.169608	-2.009284	-2.183625	0.139654	-0.160340	-0.093277	-0.698721	0.210355	-0.685228	-0.346776	-0.635365	-0.179036	-0.705826	-2.526747	-0.885138	0.592980	0.822466	-0.506315	0.013251	0.869689	0.785678	0.102871	-0.370491	-0.371051	-0.517047	-1.000886	-0.451535	-0.327945	0.038455	0.663486	1.004836	0.468137	0.314141	-1.561250	-0.759594	0.580392	0.041959	-1.140951	-0.851079	-0.378266	-0.483780	0.618081	0.810927	0.967476	0.693525	0.722593	0.074401	0.668302	0.055010	-0.099097	1.023293	0.226133	0.151677	0.288135	-0.255537	-0.150616	0.062241	1.175484	-0.948068	-0.738883	0.000499	0.813327	-0.059417	-0.133672	0.731869	-1.466146	-0.530328	0.006940	0.510274	0.478714	-0.297840
-0.587307	-1.112086	1.298383	0.141816	-0.179020	0.381263	0.021922	0.207848	-0.555122	-0.074825	-0.264487	-1.059596	0.122704	0.574156	-2.050330	-1.435206	-0.374007	-0.433554	-0.475676	0.201250	-0.237490	-0.492984	-0.222435	-0.279759	0.239189	-0.474495	0.571087	-0.569361	0.782534	-1.388014	-1.432462	-0.206318	0.182720	0.002506	0.628282	-0.059654	-0.061828	-1.265709	-0.297187	0.090164	-0.821281	-0.359933	1.478315	0.938730	-0.062081	-0.259192	0.068627	-1.199436	-0.249311	-0.508415	0.292965	0.374042	-1.159380	0.058306	0.924284	1.098826	0.286424	0.029570	2.171650	2.150707	1.597427	1.373992	-0.071628	-0.730937	-0.639623	-0.519701	0.247579	-0.300164	1.110272	1.326104	1.018356	0.019043	-0.598350	-1.571818	0.044439	-0.276303	-1.078412	-0.510730	0.124666	-0.045997	0.767861	1.071334	0.843223	0.897675	0.959983	0.644426	0.991788	0.572326	0.081261	0.687744	0.537791	0.341441	0.020733	-1.169299	0.299136	0.515404	0.725031	-0.915486	-0.396117	-0.316926	0.787874	0.178778	-0.585110	0.451804	-1.480113	0.178634	-0.299115	0.319264	-0.260448	0.839183
0.553878	0.339514	1.601876	0.849240	0.492264	1.298669	0.978873	1.408046	0.429564	0.544049	0.308368	-0.644938	0.267156	0.880263	-0.837186	-0.605100	0.880624	0.982141	0.593472	0.434385	0.444996	1.636007	0.927420	1.052162	0.151766	0.062492	0.563630	-0.533332	0.124336	-1.364795	-1.467344	-0.086099	0.385854	0.298018	0.086305	-0.525573	0.290732	-1.128773	0.116197	0.181375	0.414077	1.200471	2.027031	1.322868	-0.327042	-0.211723	0.185256	-1.024990	0.027382	0.370707	0.191207	1.034247	0.721924	1.253965	1.284352	1.600078	1.658217	0.550948	2.099934	2.367417	2.399708	2.789874	0.200626	-0.465700	0.410661	-0.276837	0.882735	-0.073238	1.873749	2.317091	1.121119	-0.191300	-0.249044	-1.655735	-0.205030	0.340676	-0.502103	-0.307455	-0.001010	-0.057165	1.392933	1.550636	1.041399	1.335558	1.435346	1.420329	1.180691	1.504696	0.450495	0.698142	0.733729	0.305270	0.113480	-0.668998	0.585233	0.698070	0.492498	-0.104315	0.613308	-0.335882	1.423849	0.691651	-0.694782	0.494347	-0.292498	0.752111	0.065884	0.804213	-0.133677	1.857256
1.120171	1.095943	1.526415	1.229022	0.884402	1.427137	1.305821	1.378259	1.206764	0.737217	0.984222	0.299624	0.414167	0.620938	0.303558	0.095530	1.486850	1.607722	0.539415	0.281004	0.722854	2.801670	1.476200	1.203131	0.050675	0.424816	0.622804	-0.757949	-0.281250	-0.946468	-1.048883	-0.322492	0.328973	0.419156	-0.724233	-1.308760	0.667759	-0.844291	0.303264	-0.206277	0.724599	0.963195	1.241505	0.588791	-1.038315	-0.806809	0.048607	-0.575828	-0.124627	1.014066	-0.169274	1.073991	1.474594	1.398783	0.984104	1.204367	2.060959	0.762836	0.195240	0.704280	1.363419	2.304127	-0.317192	-0.402119	1.257897	0.039564	1.077600	0.731569	1.806457	2.704661	0.417404	-0.492914	-0.614024	-1.335762	-0.090551	1.059584	-0.138021	-0.501399	-0.817679	-0.611207	1.843518	1.530430	1.031386	1.450169	1.267437	1.513863	1.064384	1.709148	0.519118	0.644228	0.415298	0.132739	0.020979	0.331004	0.383418	0.664786	0.511493	0.831153	1.539540	0.078650	1.922972	0.990456	-0.719843	0.521181	0.779171	0.644532	0.222471	1.362054	0.620158	1.235499
0.790445	0.546490	0.734240	0.647892	1.127753	0.984904	0.888682	0.313915	1.456712	0.530968	1.441774	0.963908	0.768266	0.457337	0.849168	0.112613	1.191150	1.319577	0.006449	0.275208	0.990035	2.340421	1.143584	0.495161	0.499520	0.633002	0.689686	-1.039960	-0.074978	-0.543327	-0.197778	-0.617504	0.313340	0.573438	-0.453281	-1.295085	1.229974	-0.380068	0.215637	-0.664306	0.379488	-0.474675	0.055125	-0.503145	-1.542009	-1.307267	-0.698528	-0.621766	-0.493185	0.715651	-0.166668	0.847076	0.627171	0.324239	0.057922	-0.369357	1.015967	0.332288	-2.088848	-1.825100	-0.604293	0.302299	-1.688468	-1.074994	1.214688	0.028929	0.764829	1.776047	0.985165	1.919848	-0.623915	-0.965329	-0.818640	-1.017208	0.445985	1.078452	-0.120990	-0.616185	-1.418336	-1.025402	1.306630	0.663347	0.482349	0.939730	0.288631	0.637360	0.937965	0.730442	0.196132	0.261751	-0.140016	0.098380	-0.550249	0.461727	-0.123945	0.679930	0.432987	1.115918	1.800202	0.897330	1.700503	0.605982	-0.793717	0.018945	0.829948	0.150190	-0.117057	1.357240	0.880427	-0.847887
0.235363	-0.394905	-0.207667	-0.497133	1.545964	0.835177	0.452838	-0.536087	1.428826	0.185329	1.601028	1.125033	1.295182	0.903704	0.903694	-0.153040	0.585755	0.772783	0.067820	0.862452	1.485138	1.181531	0.517580	-0.036145	1.695544	1.212592	0.793339	-0.985265	0.470571	-0.107672	0.653483	-0.246739	0.742866	1.116873	0.978384	-0.079344	1.837177	0.260334	0.203880	-0.596362	0.333369	-1.224235	-0.200205	-0.751406	-0.920127	-0.590494	-1.503058	-1.183518	-0.301724	-0.069877	0.521509	0.788999	-0.772933	-0.805564	-0.716803	-2.170716	-0.328285	-0.265798	-2.893526	-3.444518	-1.663924	-1.258671	-2.926477	-1.996036	0.590616	-0.353204	0.389179	2.596829	0.570816	0.707777	-0.929374	-1.191185	-0.265466	-0.595682	1.252075	0.643911	0.167619	0.169368	-0.785536	-0.401152	-0.237284	-0.470782	-0.203156	0.227238	-0.574337	-0.618404	1.124512	-0.711812	0.022056	-0.064167	-0.232370	0.413226	-1.101411	-0.438769	-0.119104	1.129008	-0.147997	0.731463	1.286931	1.725097	0.968908	-0.353832	-0.547548	-1.067515	0.248770	-0.166933	-0.316751	0.834570	-0.007242	-2.639821
0.218722	-0.509854	-0.640589	-1.309784	2.071849	1.310319	0.630356	-0.356846	1.457309	-0.047622	1.350057	0.976289	1.657651	1.689171	0.998975	-0.060619	0.253012	0.499155	0.822390	1.584473	1.764729	0.518706	0.239011	0.031023	2.804812	2.097422	0.778924	-0.379586	0.723220	0.546120	0.996503	0.941698	1.482968	1.864278	2.275384	1.423447	1.944351	0.694506	0.340040	-0.120484	0.939366	-0.459984	0.633068	0.165432	0.724098	1.371364	-1.458984	-1.424980	0.626989	-0.300370	1.446774	0.905649	-1.207193	-0.919399	-0.794252	-3.025198	-0.719342	-0.466746	-1.783334	-3.262441	-1.137808	-1.084449	-2.904176	-2.082026	0.210847	-0.729891	0.376812	2.612470	1.061740	0.035098	-0.102897	-0.780266	0.648639	0.302185	1.761082	0.568846	1.077665	1.803792	0.913833	1.172452	-1.845030	-1.111711	-0.472493	-0.092037	-0.559779	-1.474332	1.295183	-1.571261	0.350446	0.069183	0.236702	0.866383	-0.977415	-1.347884	0.878972	1.979365	-1.119839	0.269209	0.307987	1.825599	0.173891	-1.304233	0.293602	-2.038536	-0.095883	-0.190514	0.006075	0.227156	-1.417461	-2.780096
0.766109	0.250588	-0.759695	-1.446485	2.119183	1.724670	1.192762	0.334584	1.444618	-0.064426	0.467103	0.522614	1.335927	1.877559	1.363544	0.398823	0.156370	0.493386	1.337867	1.441806	1.319498	0.513680	0.354818	0.256961	2.522766	2.259194	0.373850	0.578997	0.426780	1.284097	0.656536	2.001597	1.709824	1.933568	2.072176	1.801597	1.095527	0.375122	0.215563	-0.006147	1.605356	0.703128	1.384027	1.233217	1.920512	3.001195	-0.629566	-0.886630	1.524144	0.378752	1.638907	0.769726	-0.160133	-0.223752	-0.485211	-2.652156	-0.342960	-0.328930	0.043098	-1.923201	-0.052722	0.066511	-1.622768	-1.057807	0.346790	-0.753522	0.625452	1.502175	1.549564	-0.055670	0.769472	-0.213755	1.119062	1.523240	1.266462	1.007170	1.888231	2.916105	2.191833	2.312591	-2.477283	-1.339257	-0.485111	-0.134055	-0.180112	-1.729625	0.676392	-1.524903	0.650165	0.290136	0.445655	0.866076	-0.350775	-1.524728	2.060764	2.461156	-1.770233	0.142624	-0.586708	0.755273	-0.593675	-1.730660	1.252958	-1.998686	0.025749	-0.263453	0.217431	-0.260748	-2.106607	-1.648105
1.306384	0.956592	-1.213364	-1.296262	1.294784	1.329399	1.438946	0.546073	1.082259	0.090694	-0.879416	-0.256113	0.190803	0.902182	1.624960	0.727857	0.079024	0.563110	0.985226	0.236500	0.491971	0.599878	0.542866	0.281305	0.636882	0.997046	-0.380728	1.412288	-0.064633	1.813286	-0.042314	1.857181	0.810673	0.748934	0.270477	0.613246	-0.424423	-0.691152	-0.364768	-0.602968	1.677756	0.830792	1.010582	1.201687	1.345184	2.672666	-0.115720	-0.283093	1.667034	1.309495	0.594312	0.102615	1.369791	0.339295	-0.384506	-1.664018	-0.319731	-0.318925	1.086983	-0.780206	0.292209	0.504667	-0.262649	0.047684	0.510073	-0.423431	0.616846	-0.158654	1.043937	-0.160150	0.279979	-0.457311	0.848790	2.251477	-0.275767	1.268821	1.555312	2.185277	1.797382	1.785365	-1.949595	-1.785434	-0.844455	-0.525655	-0.439219	-1.650847	-0.825294	-1.045771	0.194366	-0.071015	-0.247849	0.127690	-0.056145	-1.254369	2.036447	1.823925	-1.506535	0.252180	-0.898581	-0.886175	-1.271611	-1.512980	1.504925	-0.886477	0.203328	-0.667847	-0.367347	-0.609760	-1.497451	-0.609360
1.332232	1.061267	-1.935831	-1.186887	0.079944	0.363703	1.081991	0.118708	0.452118	0.289300	-1.831153	-0.869495	-1.023426	-0.546459	1.414574	0.725266	0.193624	0.687190	0.280750	-0.899857	0.176014	0.520094	0.550930	0.356569	-1.366352	-0.794762	-0.988412	1.768904	-0.338258	2.036475	-0.528352	0.712677	-0.656444	-0.944670	-1.782802	-1.066157	-1.645671	-1.662492	-0.878797	-1.228908	1.198427	-0.014234	-0.173526	0.055881	-0.438772	0.710704	-0.496214	-0.503776	1.223141	1.732456	-0.956975	-0.697053	1.859791	0.416998	-0.527107	-0.739030	-0.988683	-0.584524	0.854921	-0.554246	-0.214223	-0.282976	0.155630	0.155332	0.274136	0.076858	0.012754	-1.124271	-0.162911	-0.507902	-1.323030	-1.477533	0.197210	1.918027	-1.792890	0.856191	0.198529	0.097667	0.271815	0.144657	-0.930302	-2.409597	-1.524005	-1.310811	-1.268041	-1.357990	-2.106187	-0.653108	-0.726085	-0.825733	-1.251120	-0.748552	-0.393663	-1.027870	0.639257	0.458137	-0.597901	0.285848	-0.583239	-1.766252	-1.392016	-0.797262	0.847047	0.244921	0.080434	-1.219013	-1.307608	-0.605610	-0.115333	-0.358933
0.741848	0.910132	-2.063957	-0.911942	-0.607430	-0.349442	0.390696	-0.343821	0.032003	0.351706	-1.554088	-0.657533	-1.207764	-1.109459	0.984967	0.766038	0.696122	0.879974	0.083988	-0.772954	0.526428	0.452092	0.230228	0.697066	-1.810278	-1.430048	-0.960705	1.688012	-0.426771	1.965652	-0.461863	-0.093705	-1.425003	-1.697878	-2.480783	-1.695630	-1.818119	-1.624305	-0.746410	-0.992206	0.571178	-0.646648	-1.019446	-0.968010	-1.434786	-0.812867	-0.903852	-1.193043	0.776200	1.585126	-1.608106	-0.873671	0.802185	0.467795	-0.513651	-0.088325	-1.452345	-0.751278	-0.039807	-0.829513	-0.717414	-1.237362	-0.150686	-0.480715	-0.118438	0.648481	-0.913927	-0.779103	-1.037888	-0.800621	-2.135723	-1.868276	-0.329623	0.961240	-1.900642	0.155809	-0.767802	-1.322059	-0.603310	-0.740537	-0.116803	-2.277998	-1.713696	-1.710896	-1.575496	-0.784025	-1.986732	-0.350219	-1.002178	-1.005471	-1.387313	-0.801839	-0.672406	-0.729212	-0.672750	-0.336244	0.072341	0.057583	-0.168839	-1.253608	-0.593616	0.240078	-0.025770	0.311328	-0.319122	-1.366259	-1.595969	-0.020294	1.131468	-0.383792
-0.186470	0.915663	-1.175601	-0.243780	-0.538764	-0.617121	-0.362423	-0.528734	0.064834	0.130870	-0.276001	0.239860	-0.259583	-0.391376	0.875988	1.207011	1.154367	0.947702	0.387872	0.330481	0.633950	0.381579	-0.437018	0.878149	-0.769473	-0.494047	-0.352216	1.443110	-0.545712	1.511440	0.077067	0.225043	-1.046137	-1.105746	-1.490228	-0.835161	-1.157929	-0.622409	-0.271923	-0.029256	-0.101297	-0.510993	-1.004690	-0.875117	-0.575665	-0.478227	-0.305219	-1.118930	0.427764	1.238223	-0.813356	-0.264992	-0.776510	0.808122	-0.262412	0.380807	-0.914757	-0.428025	-0.742208	-0.780358	-0.707045	-1.306956	-0.236816	-0.662568	-0.147011	1.280426	-1.441841	0.058859	-1.256834	-0.901501	-0.983297	-0.585256	-0.513552	0.336625	-0.389743	-0.131145	-0.275582	-0.779859	0.013390	0.046090	0.357351	-0.895458	-0.992195	-1.260793	-0.866580	-0.188870	-0.723858	0.209832	-0.246178	-0.295951	-0.472266	0.070042	-0.278637	-0.116915	-0.619016	0.034758	0.043995	-0.388055	-0.249967	-0.258480	0.586379	1.396638	-0.217384	-0.479362	-0.719600	-0.729140	-1.106228	0.859015	1.813903	0.092834
-0.872742	0.935239	-0.020769	0.505745	-0.396887	-0.977975	-1.085582	-0.664503	0.268133	-0.249975	0.823819	0.858572	0.609794	0.501220	1.153740	1.819406	0.888034	0.677547	0.474570	0.979010	-0.112694	0.074024	-1.048674	0.475707	0.113798	0.642320	0.264721	1.211690	-0.573586	0.695556	0.844478	0.966616	-0.419918	-0.316149	-0.035779	0.523484	-0.505671	0.352934	-0.310432	0.571316	-0.870663	-0.186701	-0.668871	0.011248	1.018073	0.910671	0.816194	0.080205	-0.112220	0.850615	0.441036	0.394592	-1.367408	1.114008	-0.137358	0.734894	0.205990	0.332531	-0.908657	-0.177640	-0.539502	-0.676023	0.258790	0.137191	0.262849	1.925146	-1.013526	0.121957	-1.382385	-1.082199	0.909158	1.434900	-0.492680	0.436470	1.378638	0.109898	1.066992	0.825718	1.029836	1.359332	0.708620	0.783300	-0.091528	-0.584391	0.025921	-0.143362	0.165261	1.161780	0.580798	0.331855	0.436650	0.846977	0.285579	0.412524	0.297121	0.637807	-0.211841	-0.781602	-0.789363	-0.194540	1.065031	2.316696	0.466882	-0.788234	-0.754717	0.420100	-0.650375	1.340776	2.063856	1.043078
-0.724965	0.758756	0.378275	0.837839	-0.688239	-1.533317	-1.504047	-0.765694	0.311890	-0.291524	0.933549	0.633637	0.363355	0.437005	1.412914	2.059752	0.028775	0.259183	0.113949	0.488200	-0.930604	-0.301557	-0.933751	-0.004551	-0.246722	0.641956	0.351932	0.990880	-0.228190	-0.054864	1.602533	1.037500	-0.503366	-0.444404	0.502319	1.192801	-0.351280	0.504648	-0.976594	0.162874	-1.361522	-0.151087	-0.636831	0.678005	1.559172	1.579648	0.999963	1.302909	-0.747443	0.364969	0.862932	0.404288	-0.514115	1.068039	-0.326774	0.957604	0.882567	1.126387	-0.718279	0.476889	-0.657345	-0.164567	0.756723	1.133565	0.674006	2.467663	0.229318	-0.663575	-1.739831	-1.450631	1.395040	2.234637	-0.585517	0.856657	1.846823	0.404861	1.746203	1.620666	0.977139	1.589360	0.995291	1.294488	0.017499	-0.507669	0.160141	-0.743476	-0.266386	2.102681	0.497415	-0.056906	0.494378	0.655548	0.042840	0.241954	0.627101	0.293026	-0.016842	-0.793743	-1.112794	-1.256673	0.496998	2.575700	1.265770	0.213399	-0.184789	1.273612	-0.637710	1.108495	2.072727	1.666541
0.249675	0.652544	-0.018896	0.778037	-0.933993	-1.490354	-1.186251	-0.409934	0.293534	0.429406	0.493747	0.175022	-0.452589	-0.213620	1.465919	1.786168	-0.406350	0.231909	-0.064084	-0.202489	-0.637018	-0.175279	-0.023796	0.373771	-1.126167	-0.119541	-0.070593	0.764235	0.277772	-0.198465	1.962108	0.451133	-0.977589	-1.044045	0.072919	1.048039	-0.459529	0.103966	-1.341769	-0.593558	-0.991607	0.019747	-0.784967	0.706744	0.833047	1.058872	-0.064643	1.411822	-0.918577	-0.059272	0.445849	0.020287	0.772656	0.936181	-0.545902	1.009248	0.765994	1.544646	-0.492740	0.637793	-0.889912	-0.050124	0.647435	1.303299	0.717721	2.735245	1.485419	-1.124106	-1.860600	-1.616537	0.166184	1.276626	-0.936808	1.129888	0.882065	0.430288	1.207876	1.014331	-0.009806	0.765389	1.025913	0.443786	-0.531287	-0.820041	-0.220879	-1.233896	-1.241861	2.364445	-0.118303	-0.933821	0.128588	-0.066747	-0.956096	-0.444255	0.016048	-0.754231	0.505318	-0.389059	-0.740037	-2.218199	-0.248495	2.038805	1.194440	1.707410	0.777713	1.190793	-0.520361	0.599856	1.815459	1.329196
1.207444	0.935452	-0.389858	0.799366	-0.426212	-0.393298	-0.219514	0.432653	0.494558	1.560052	0.514361	0.412970	-0.473527	-0.228239	1.559229	1.425369	0.210589	0.810479	0.411417	0.084422	0.557391	0.556464	0.752263	1.484881	-1.148558	-0.258662	-0.451137	0.586142	0.281942	0.283426	1.527098	0.132416	-0.768344	-0.804691	-0.278781	0.839587	-0.402546	0.051879	-0.707400	-0.575853	0.098244	0.732996	-0.646873	0.494582	0.226075	0.460233	-0.952019	0.642438	-0.399108	-0.055669	0.222622	-0.042210	1.144076	1.069129	-0.512497	0.796855	0.386657	1.354442	-0.487814	0.210927	-0.870666	-0.051213	0.096457	0.614205	0.509129	2.525625	1.945021	-0.511495	-1.264878	-1.236402	-0.930366	0.058119	-1.198714	1.238102	-0.217043	0.403740	0.401370	0.137530	-0.478468	0.294720	0.673336	-0.499939	-0.709775	-0.627016	-0.189746	-0.819255	-1.324434	1.696024	-0.159957	-0.965197	0.237829	-0.200835	-1.468660	-0.704794	-0.465549	-1.153652	0.535958	0.042426	-0.064332	-1.963950	-0.155164	1.101447	0.152429	2.080908	1.477232	0.310381	0.173310	0.450267	1.283369	0.279742
1.238042	1.327932	-0.214666	1.056862	0.534569	0.798194	0.540604	0.949932	0.841012	2.038265	1.251415	1.293178	0.487034	0.545688	1.806788	1.377845	1.173968	1.400876	0.996170	1.027018	1.134232	1.173908	0.498079	1.945516	-0.126221	0.630820	-0.319865	0.468720	-0.381978	0.805824	0.557286	0.520638	0.332413	0.496142	0.072967	1.016846	-0.091035	0.747209	0.370562	0.381104	0.881343	1.370507	-0.233372	0.425232	0.721528	0.687827	-0.419702	0.119797	0.306282	0.433316	0.569113	0.178271	0.342847	1.195374	-0.356004	0.230245	0.268920	0.575030	-0.815595	-0.592451	-0.738858	-0.123772	-0.270471	-0.106768	0.420864	1.788185	1.470064	0.454953	-0.293767	-0.599504	-0.401427	0.092132	-0.758128	1.297590	-0.229151	0.667411	0.422751	0.174048	0.293300	0.861669	0.118846	-0.469931	-0.082370	0.208114	0.428510	0.299621	-0.300790	0.652197	0.493450	0.079649	0.784257	0.430585	-0.605970	-0.010232	-0.010645	-0.327444	-0.262032	0.113281	0.068656	-0.762080	0.678357	0.423390	-0.883012	0.796448	1.393910	-0.552203	0.935119	0.734421	0.729211	-0.604901
0.412545	1.231408	0.218964	1.123836	0.858084	0.734078	0.330876	0.417265	0.916897	1.209174	1.945755	1.848805	1.073049	0.860786	1.823795	1.474924	1.208088	1.094774	0.768259	1.164491	0.249229	1.006985	-0.387354	0.859090	0.844410	1.463599	0.149461	0.290402	-0.875808	0.830897	0.061859	1.062596	1.254724	1.549485	0.611645	1.213076	0.362798	1.667158	0.838759	1.370421	0.572693	1.019823	0.008728	0.382077	1.666723	1.250890	0.887152	0.369482	0.598053	0.916656	0.627358	-0.083448	-0.637156	0.773354	-0.281045	-0.513663	0.354060	-0.409192	-1.251215	-1.466670	-0.909520	-0.556047	-0.165975	-0.211884	0.592180	0.829151	0.619833	0.666916	0.244901	-0.308979	1.012078	1.062639	0.473851	1.127992	0.762934	1.108757	1.130697	0.940884	1.363110	1.515445	-0.237052	0.190054	0.590634	0.762977	0.823759	1.100116	0.618121	0.111165	0.750077	0.921011	0.844339	0.747411	0.992696	1.124258	0.776788	0.734021	-1.061461	-0.038698	-0.535516	0.249526	1.179121	0.329545	-0.982100	-0.948228	0.679992	-0.618299	0.920800	0.921014	0.452494	-0.723386
-0.291854	0.547654	0.474886	0.640553	0.143819	-0.419216	-0.562263	-0.701486	0.508230	-0.273542	1.831209	1.470831	0.253637	-0.120933	1.190614	1.178889	0.020016	-0.269831	-0.295353	-0.094810	-1.157188	0.319515	-0.607913	-0.849938	0.892587	1.162895	0.356986	-0.115745	-0.242574	0.382586	0.659609	1.102060	1.004643	1.205629	0.570868	0.957923	0.967372	2.048409	0.570543	1.612699	-0.403195	-0.066569	-0.089081	0.157151	1.808290	1.156923	1.372705	0.892520	0.482639	0.787691	-0.266030	-0.967836	-0.760619	-0.077345	-0.090280	-0.897235	0.349597	-0.964212	-1.231595	-1.927239	-1.306408	-1.252451	0.199548	0.236825	0.809251	0.135136	0.036458	0.212599	0.073209	-0.498312	1.512207	1.528681	1.666521	0.435274	1.683226	1.181954	1.461708	1.374558	1.464235	1.097779	-0.130927	0.536386	0.470985	0.402997	0.422782	0.971366	0.473649	0.295271	-0.083929	0.490651	-0.002969	-0.085826	1.944393	1.855255	0.814720	0.800968	-0.761464	0.075945	-1.062519	0.541127	0.615929	0.514499	-0.343649	-1.530249	-0.041941	0.205502	0.190630	0.512124	0.374068	-0.321189
-0.239763	-0.230761	0.581269	-0.113862	-0.719553	-1.057008	-1.117940	-1.202689	-0.137581	-1.081610	0.993887	0.578870	-1.212744	-1.523341	0.061172	0.223565	-1.370165	-1.776846	-1.208021	-1.573859	-1.639567	-0.118937	0.281260	-1.545523	0.335446	0.012099	0.055962	-0.775975	1.274481	-0.189458	1.596864	0.651109	-0.108809	-0.046678	0.030787	0.449406	1.688295	1.714904	0.366100	1.247042	-0.981957	-0.631964	-0.215493	-0.134796	0.971470	0.333588	0.647784	1.065012	0.329289	-0.082082	-1.350725	-1.444886	-0.051214	-0.599267	0.540750	-0.486207	0.238400	-0.740121	-0.431950	-1.458480	-1.378071	-1.570643	0.564990	0.805041	0.804984	-0.152649	-0.103661	0.125359	-0.295937	-0.702424	0.644466	0.926863	1.824154	-0.701823	1.705843	0.468758	0.856053	0.944446	0.615228	-0.157474	0.229376	0.460457	-0.189054	-0.254640	-0.295736	0.400783	-0.238530	0.436535	-1.235806	-0.648802	-0.990287	-1.416268	1.736109	1.918145	0.006897	-0.073150	0.542925	0.532176	-0.660548	0.682261	-0.570421	0.419500	0.092724	-0.636103	-0.364428	1.290620	-0.231551	-0.414247	0.037731	-0.103652
0.069869	-0.743933	0.746735	-0.536728	-0.706439	-0.300292	-0.827801	-0.704829	-0.669705	-0.727148	0.090071	-0.053756	-1.742728	-1.830051	-0.941345	-1.060033	-1.869139	-2.338163	-1.182472	-1.758957	-1.057229	-0.169971	1.146115	-0.978663	0.025024	-0.812839	-0.330911	-1.447869	2.230999	-0.680239	1.548660	0.066633	-0.924712	-0.761087	-0.242339	0.277030	2.136772	1.128183	0.641640	0.820906	-0.791480	-0.134836	-0.159894	-0.319889	0.127830	-0.430433	-0.150822	0.863077	0.173588	-1.251919	-1.317704	-0.577573	0.631452	-0.485808	1.387252	0.435896	0.225419	-0.075501	0.641907	-0.141390	-0.938153	-1.173533	0.830487	1.130839	0.518851	-0.422354	-0.068794	0.726925	-0.288503	-0.502074	-0.341235	0.099071	0.924749	-1.747074	0.947750	-0.868933	-0.109512	0.111088	-0.140306	-1.027617	0.300438	0.638010	-0.437961	-0.208292	-0.512634	0.259171	-0.392055	-0.330400	-1.452139	-1.107924	-1.120053	-1.831787	1.036501	1.549763	-0.805385	-0.836785	1.479672	0.717518	0.474854	1.317610	-1.357065	-0.096782	-0.073888	0.529813	-0.391763	1.823907	0.392944	-1.309843	-0.825456	-0.349089
-0.179430	-1.107785	0.893261	-0.364657	0.117524	0.832414	-0.178745	-0.122451	-0.980012	0.028879	-0.424136	-0.157111	-0.861036	-0.743739	-1.324245	-1.975016	-1.388445	-1.758306	-0.469162	-0.588205	-0.444356	-0.498689	0.732903	-0.394287	0.257522	-0.642458	-0.260383	-1.700232	1.553670	-1.014295	0.336330	-0.515841	-0.735917	-0.293619	0.200709	0.596347	1.879002	0.816170	0.906217	0.522157	-0.385080	0.517434	-0.152930	-0.506696	0.008061	-0.646307	-0.090306	0.586767	-0.282071	-2.126222	-0.021462	1.194062	0.656166	-0.395788	1.751660	0.986059	0.403497	0.379391	1.039683	1.108250	-0.469705	-0.586537	0.859650	1.016440	0.112043	-1.036650	-0.187501	1.096405	0.098212	0.012733	-0.333363	-0.047629	-0.027549	-2.119634	0.058777	-2.144003	-0.537490	-0.435980	-0.208803	-0.907633	-0.122891	1.303575	0.156160	0.561230	-0.126823	0.725336	0.278960	-1.764946	-0.536554	-0.425130	-0.337689	-0.840340	0.577556	0.933966	-1.012468	-0.866486	0.978961	0.132559	1.374978	2.134116	-1.260815	-0.540421	-0.300281	0.671895	-0.362692	1.440064	1.563159	-1.671546	-1.813492	-0.625029
-0.770889	-1.366879	0.848131	0.178892	0.932815	0.950581	0.254622	-0.252574	-1.024211	0.394254	-0.489968	0.081587	0.506192	0.680537	-1.046711	-1.955799	-0.498889	-0.683575	0.226984	0.721599	-0.329278	-1.457886	-0.536643	-0.542024	0.672555	0.160443	0.275411	-1.279149	-0.095543	-0.991332	-0.795930	-1.018214	0.233418	0.707065	1.024591	0.968597	1.111064	0.912116	0.780221	0.282775	-0.152674	0.386105	-0.349002	-0.789221	0.299462	-0.559660	0.395136	0.305235	-0.965893	-2.353745	1.360834	2.541492	0.186476	-0.981287	1.375164	0.594825	0.673633	0.391865	0.496156	1.368173	-0.345360	-0.475197	0.454524	0.432114	-0.102171	-1.719920	-0.530601	0.484357	0.547313	0.519689	0.325145	0.317944	-0.156358	-1.659021	-0.525192	-2.602737	-0.244225	-0.499439	0.038838	-0.333140	-0.508854	1.821484	1.145144	1.205607	0.327227	1.229835	1.097870	-2.584889	0.626576	0.604746	0.621708	0.674040	0.347578	0.169545	-0.728930	-0.476129	-0.488799	-0.716066	1.550715	2.284831	-0.602853	-0.328485	-0.020648	-0.265002	-0.232623	0.468761	2.109300	-1.373040	-2.148946	-0.471068
-0.578126	-1.094165	0.732688	0.680356	1.339987	0.261618	0.685597	-0.475841	-0.591884	0.597644	-0.160242	0.486572	1.409214	1.486378	-0.387992	-1.028894	0.443944	0.302656	0.704270	1.297626	-0.034504	-2.249687	-0.962816	-0.588413	0.921302	0.849381	0.750670	-0.497626	-0.965515	-0.473384	-0.752391	-1.046670	1.362309	1.399409	1.598364	0.986526	0.595549	1.140159	0.760312	0.269875	0.326227	-0.032718	-0.314772	-0.811170	0.354691	-0.448818	0.348791	-0.139744	-1.188584	-1.894231	1.763752	2.687612	-0.192932	-1.782357	0.864400	-0.369213	0.861902	0.181027	-0.172723	0.716503	-0.190993	-0.650253	-0.331957	-0.401283	0.167477	-1.830626	-0.821108	-0.424143	0.986279	0.930161	0.617385	0.383267	0.400285	-0.752859	-0.794327	-1.980736	0.234393	-0.269868	0.161205	0.021531	-0.246819	1.578250	1.845600	1.246628	0.491395	1.264240	1.546144	-2.001189	1.255665	1.127583	1.191651	1.563537	0.014754	-0.461524	-0.226577	-0.089496	-1.627257	-0.707853	1.447024	1.663952	0.126209	0.429875	0.472400	-1.304340	0.172496	-0.377783	1.574521	-0.635765	-1.571713	-0.101030
0.773494	-0.036521	0.739500	0.773484	1.604926	0.146762	1.567237	0.382688	0.355123	1.257836	0.415540	0.882619	1.783473	1.701459	0.245050	0.050910	1.319147	1.121901	1.171183	1.359596	1.050051	-1.717349	0.160096	0.416328	0.973858	1.022028	0.636479	-0.096812	-0.301194	0.180119	0.117765	-0.277938	2.136050	1.652725	1.667392	0.706676	0.697891	1.086038	1.329477	0.710634	1.398937	0.433127	0.461107	-0.119625	0.133727	-0.148496	-0.316980	-0.729000	-0.428897	-0.933636	1.262639	1.914857	-0.105288	-1.708987	0.877372	-1.067459	0.764066	-0.200258	-0.045112	0.073644	0.528056	-0.318098	-1.069434	-1.084331	0.811039	-1.274515	-0.640920	-0.322794	1.523883	1.332126	0.290295	-0.175231	0.906273	-0.044893	-0.873582	-0.780887	0.391018	0.076051	0.308344	0.178274	0.353956	0.740920	1.880409	1.023219	0.410608	0.869300	1.713086	-0.844278	1.311829	1.092578	1.295090	1.505105	-0.367091	-0.680904	0.471269	0.407504	-1.914255	0.483451	1.504307	1.158656	0.703879	0.854882	0.408700	-1.694263	0.682720	-0.640131	0.634722	0.103644	-0.772522	-0.132858
1.988192	1.078280	0.651907	0.281077	1.816503	1.058059	2.444610	2.108737	1.212879	2.075300	0.743522	0.835020	1.897489	1.730910	0.416730	0.312581	1.716639	1.752686	1.464953	1.356726	2.165580	0.061817	1.413715	1.737479	0.818286	0.690201	-0.102790	-0.485385	0.715856	0.306796	0.601653	0.806955	2.174959	1.660467	1.421532	0.351713	0.831218	0.516462	1.818280	1.285055	2.285757	1.694460	1.611403	0.988580	0.002807	0.423604	-0.784885	-1.132485	0.807533	0.129869	0.609069	0.899880	0.373731	-0.573107	1.160416	-1.116287	0.217823	-0.977046	0.804765	0.077680	1.531228	0.709905	-1.304811	-1.335890	1.140111	-0.773099	0.051969	0.867190	1.914772	1.593303	-0.069992	-0.890134	0.989403	0.050505	-0.813631	0.078619	0.176356	0.390908	0.654814	0.409755	0.272724	-0.146457	1.192006	0.884797	0.126954	0.344986	1.628963	-0.575790	1.074439	0.860628	0.934428	0.914331	-0.468290	-0.628791	1.209746	1.168217	-1.867930	1.792817	1.327106	1.404105	0.950746	0.202769	-0.319530	-1.561692	0.737576	-0.506142	0.073813	0.343211	-0.669681	-0.706599
1.462876	1.066150	0.019085	-0.633715	1.419243	1.780838	2.126889	2.954375	1.073142	1.904090	0.170495	-0.072383	1.563252	1.476698	-0.133758	-0.494484	1.098902	1.825402	1.006221	1.078774	1.903524	1.497921	0.968026	1.651865	0.279669	-0.005283	-0.926875	-1.172384	0.497495	-0.213373	0.117297	1.136881	1.258914	1.217323	1.001474	-0.148448	0.207772	-0.451307	1.060234	1.209095	1.720878	2.207957	1.966816	1.419350	-0.102053	0.729848	-0.521462	-1.094455	1.335088	0.785836	0.184987	0.025156	0.854190	0.489870	0.846179	-0.800011	-0.678647	-1.974929	1.482909	0.462001	1.868889	1.550822	-1.012262	-1.218067	0.440364	-0.967769	0.582825	1.688866	1.528994	1.341078	-0.167776	-1.249233	0.819776	-0.365955	-0.698675	0.090579	-0.227096	0.383592	0.708762	0.456661	-0.842907	-0.945502	-0.009980	0.561718	-0.431611	-0.206382	0.883271	-1.320454	0.613991	0.509229	0.059022	0.203463	-0.324223	-0.746839	1.390767	1.692042	-1.830011	1.909608	0.304682	1.769090	0.559298	-1.198328	-0.790864	-1.316228	-0.025949	-0.519612	-0.195771	-0.161424	-1.280621	-1.163985
-0.662787	-0.213275	-1.149698	-1.525176	-0.067186	1.007150	0.235372	1.763057	-0.264677	0.271216	-1.411221	-1.594041	0.380990	0.492304	-1.198732	-1.523698	-0.399868	1.011468	-0.336384	0.069535	0.087873	1.133994	-1.015178	-0.185163	-0.688930	-0.913932	-1.164787	-1.217014	-0.892436	-0.652807	-0.813299	0.233616	-0.425117	-0.066140	0.170508	-1.069380	-1.096952	-1.481479	-0.884239	0.115378	-0.299355	0.987601	0.819944	0.405442	-0.709183	0.129739	-0.054506	-0.848401	0.611911	0.783209	-0.283015	-0.689793	0.940069	0.413698	-0.352621	-0.479211	-1.505692	-2.381984	1.381627	0.614410	1.086781	1.233240	-0.615098	-1.042297	-1.148618	-1.506038	0.109105	0.916371	0.082176	0.432838	-0.523630	-1.372918	0.494911	-0.790049	-0.753409	-0.385313	-0.725120	-0.212547	-0.183263	-0.232944	-2.045159	-1.880380	-1.245042	-0.357808	-1.138999	-0.913982	-0.670245	-1.690870	-0.143983	-0.133405	-1.079694	-0.545921	-0.474271	-1.227751	0.518178	1.213197	-1.310809	0.773380	-1.219634	1.102875	-0.496409	-2.185074	-0.081051	-0.883018	-1.217532	-0.869277	-0.735603	-1.065692	-1.632348	-0.683502
-2.483217	-1.420332	-2.190333	-1.973461	-2.097641	-0.988232	-1.972663	-0.455397	-1.848486	-1.724155	-3.164371	-2.794346	-1.392495	-1.109371	-2.077831	-1.625145	-1.776380	-0.324889	-1.757948	-1.384240	-1.758126	-0.666358	-2.504783	-2.044182	-1.738154	-1.786707	-0.693536	-0.285660	-1.878671	-0.328717	-1.439563	-1.164991	-2.185129	-1.912568	-1.272944	-2.360583	-2.246779	-2.301715	-2.495724	-1.432090	-2.113312	-0.954583	-1.155225	-1.458864	-1.893157	-1.145334	-0.316959	-0.886078	-0.579433	0.441460	-1.050553	-1.297510	0.549168	-0.412614	-1.660568	-0.124476	-1.844941	-1.621505	0.776331	0.449420	-0.135794	-0.073944	-0.516084	-1.020757	-2.524761	-1.401863	-1.247432	-0.883465	-1.788911	-0.738909	-1.562240	-1.675475	-0.221018	-0.680595	-1.137755	-0.622013	-1.252314	-1.223078	-1.715503	-1.501793	-2.196100	-2.805990	-2.001173	-1.649080	-1.606086	-1.803971	-2.234824	-0.750205	-1.046651	-0.960364	-1.858536	-1.256477	-1.299418	-1.791411	-0.997144	-0.205124	0.052203	-0.476198	-2.069791	-0.673866	-1.569497	-1.981717	1.484112	0.068465	-1.911227	-1.131421	-1.550375	-1.586350	-0.911701	0.859995
-2.415005	-1.180173	-2.393941	-1.756533	-3.275694	-2.629049	-2.784038	-1.653838	-2.368100	-2.434263	-3.843772	-2.874088	-2.631492	-2.286646	-2.016475	-0.517421	-1.996681	-1.212620	-2.158416	-2.193823	-2.019201	-2.058192	-2.074270	-2.111001	-2.306395	-2.225986	-0.127940	0.973742	-1.428631	0.444898	-1.608141	-1.881353	-3.125001	-3.202929	-2.774704	-3.349899	-2.664205	-2.748518	-2.527693	-2.474057	-2.135444	-1.774819	-2.470238	-2.594137	-2.755224	-1.960136	-1.318865	-1.210659	-1.002178	0.376662	-1.669514	-1.641646	-0.014790	-0.638008	-2.048259	0.473808	-1.599467	-0.131494	0.360839	0.484787	-0.667879	-1.093398	-0.611758	-0.978587	-2.581071	-0.244841	-2.162545	-2.027348	-2.916122	-1.535984	-2.558081	-1.973450	-1.329780	0.135742	-1.613418	-0.351535	-1.523278	-1.943143	-2.550128	-2.202286	-1.269958	-2.988813	-2.063172	-2.475039	-1.491141	-2.505452	-2.641766	0.715218	-1.567842	-1.409821	-1.760110	-1.506541	-2.361053	-1.996137	-1.941195	-1.414210	1.490219	-0.912797	-1.624604	-2.290420	-1.745963	-0.921951	2.471370	1.316740	-1.512318	-0.866818	-2.034630	-1.174714	0.578774	2.649825
-0.789745	0.330406	-1.646782	-0.821222	-2.652547	-2.703591	-1.818823	-1.087368	-1.381615	-1.418414	-2.873784	-1.916538	-2.263553	-1.929277	-0.824697	0.980512	-0.930533	-0.974649	-1.180184	-1.556039	-0.625725	-1.715463	-0.450034	-0.514922	-2.047254	-1.863770	-0.135650	1.709044	-0.179803	0.758152	-1.537969	-1.442827	-2.681645	-2.942608	-3.156538	-3.161999	-2.478666	-2.597427	-1.365707	-2.530531	-0.612404	-1.009800	-2.208270	-1.948505	-2.243161	-1.411078	-1.893994	-1.155399	-0.325019	0.809266	-1.300600	-1.371972	-0.378997	0.302140	-1.271649	1.240256	-0.915460	1.137345	0.467586	1.081195	-0.075948	-0.761843	-0.405219	-0.522318	-1.237721	1.296584	-1.468771	-1.705958	-2.598638	-1.595150	-2.152944	-1.447200	-2.152792	1.229351	-1.601454	0.133498	-1.106429	-1.648836	-1.672752	-1.310030	-0.105786	-1.929272	-1.513845	-2.166855	-0.739679	-2.399504	-1.587992	1.392878	-1.147574	-0.956473	-0.801040	-0.806541	-2.664656	-1.638799	-1.440586	-1.330547	1.796109	-0.696493	-0.555764	-2.579724	-0.759628	0.134219	1.868326	2.016681	-0.360288	-0.274579	-1.902139	-0.046022	1.811051	3.496497
0.794900	1.629619	-0.449707	0.555269	-0.772147	-1.455700	-0.267668	0.091304	0.305877	0.133526	-0.935049	-0.715747	-0.460185	-0.160399	0.840374	1.825517	0.559017	0.052469	0.433421	0.064110	1.093891	-0.152605	0.662911	1.067041	-1.114945	-0.749809	-0.576246	1.766527	0.659138	0.338630	-1.231308	-0.313881	-1.099046	-1.351246	-1.873433	-1.611111	-2.010914	-1.689154	-0.335576	-1.841675	0.795618	0.054685	-0.761764	-0.072388	-0.472011	0.142716	-1.102262	-0.317101	0.665441	1.301220	0.134850	-0.428710	-0.456381	1.474594	-0.012202	1.735977	0.007556	1.720929	0.812365	1.794780	0.995594	0.579904	0.284441	0.346157	0.493525	2.196180	0.368815	-0.716623	-1.195867	-1.032413	-0.118654	0.162707	-1.924330	1.814994	-0.787315	0.526951	0.056159	-0.327449	0.346508	0.728093	0.732819	-0.216836	-0.550154	-0.894483	0.349092	-1.258267	0.011309	1.167010	0.141281	0.218565	0.473259	0.656961	-1.711821	-0.904145	0.055085	-0.197924	0.876102	-0.465551	0.087462	-1.782743	0.650964	0.754527	0.223171	1.603533	0.617875	0.083904	-1.569088	1.024328	2.134902	2.816978
1.254953	1.634901	0.528740	1.598875	0.775630	-0.129078	0.547891	0.477462	1.444010	0.760797	0.618235	0.046597	1.284412	1.507326	1.876308	1.675548	1.365397	0.855741	1.434294	1.268358	1.807831	1.077729	0.625192	1.403785	-0.129546	0.446383	-0.606978	1.591391	0.774905	-0.148059	-0.587204	0.718412	0.568385	0.244995	0.060415	0.350685	-1.345050	-0.376981	-0.116594	-0.936280	0.975422	0.165508	0.668352	1.417642	1.148569	1.376733	0.419815	0.610516	1.094876	1.311398	1.439373	0.517694	-0.390609	1.677244	0.839809	1.569001	0.861006	1.747255	0.873170	1.729469	1.505919	1.503797	0.922290	0.946614	1.406928	2.005683	1.630059	-0.192183	0.225939	-0.262146	1.935174	1.728296	-0.784308	1.493043	0.363926	0.757834	1.279587	1.124162	1.783817	2.165021	1.268765	0.891431	0.510672	0.451341	1.155901	0.283504	0.958521	0.891839	1.336038	1.196493	1.289814	1.806593	-0.130000	-0.210860	1.160139	0.658677	-0.066488	-0.363222	0.116586	-1.058362	1.442983	1.054604	-0.956454	0.500913	0.852936	0.114243	-1.376797	1.427534	1.732510	1.214426
0.821082	0.738419	0.906050	1.573048	0.939162	0.357840	0.455777	0.020419	1.462829	0.302101	1.065658	0.361294	1.539013	1.641310	1.635451	0.989922	1.057915	0.789509	1.110452	1.128562	1.195419	1.193308	0.218600	0.789011	0.237548	0.894008	0.201896	1.421353	0.618526	-0.098381	0.121051	1.162250	1.208973	0.729553	0.934116	1.353981	-0.553686	0.500025	-0.267016	-0.153461	0.392109	-0.419800	1.168473	1.465437	1.350949	1.341135	1.129162	0.570986	0.871314	0.860895	1.277774	0.558826	-0.248756	0.937476	0.926429	0.850264	1.229606	1.368492	0.457749	0.633679	1.034096	1.087734	0.874237	0.633225	1.116654	1.070357	1.272715	-0.237959	0.827006	0.307546	2.169176	1.795932	0.249834	0.728850	0.958039	0.749829	1.591574	1.610737	1.531339	1.734133	1.567324	0.862770	1.203757	1.075595	1.126208	1.205241	0.852099	0.957907	1.374873	1.166221	1.129285	1.614836	0.960208	0.164983	1.005109	0.387887	-0.014087	-0.049815	0.105858	-0.949441	1.280738	1.185626	-0.808258	-0.277232	0.621537	0.272925	-0.945827	1.218015	1.170383	-0.061604
0.341327	0.104304	0.758305	0.674165	0.187848	0.200424	0.216606	-0.304091	0.811916	-0.130991	0.949823	0.648044	0.379249	0.390376	0.516923	0.434614	0.179930	0.140687	-0.089731	0.100355	-0.075161	0.799220	0.336484	0.272453	-0.143446	0.417250	1.140734	0.983809	0.389559	0.217556	0.439610	0.988884	0.643943	0.249213	0.203332	0.937824	0.091731	0.433002	-0.097010	0.442501	0.122251	-0.574904	0.771909	0.535048	0.358993	0.339318	0.527389	-0.349664	0.451749	0.435248	-0.214826	-0.321243	0.019081	0.335224	0.545621	0.162819	0.951986	0.639283	-0.098686	-0.607333	0.125975	-0.038672	0.290415	-0.249060	0.300078	0.132324	0.082009	-0.208912	0.641314	0.505099	0.609305	0.401703	0.436459	0.314630	0.644937	0.388766	0.703520	0.849323	0.181995	0.016845	1.569817	0.467531	1.187339	0.952174	0.394056	1.159117	0.169842	0.962215	0.247331	0.268148	0.183097	0.269409	1.107535	0.338756	0.094327	-0.451800	0.736665	0.548886	0.322990	-0.876359	0.711753	1.138891	0.107631	-0.130027	0.534680	0.718135	0.181619	0.904243	0.833139	-0.409117
0.258047	0.194609	0.452571	-0.060689	-0.232805	0.206181	0.412124	0.002834	0.276464	0.278794	1.186992	1.056821	-0.791328	-0.806195	-0.460738	0.256072	-0.380559	-0.330512	-0.979986	-0.610009	-0.994849	0.754545	0.935107	0.322903	-0.673461	-0.322455	1.135882	0.070044	-0.064798	0.105251	0.367254	0.450907	-0.226729	-0.184197	-0.916066	-0.010970	0.401943	-0.137174	0.435181	0.840765	0.389030	0.022443	0.215113	-0.118076	-0.500635	-0.583580	-0.279827	-0.881219	0.105258	0.296063	-1.471894	-1.029243	0.317209	0.535474	0.212101	-0.007902	0.390756	-0.143084	-0.328998	-0.897359	-0.357269	-0.506671	-0.062476	-0.611083	-0.063757	-0.216267	-0.331082	0.117202	0.358521	0.455370	-0.934460	-0.875426	0.095785	0.351890	0.024610	-0.158708	-0.638258	-0.401548	-0.799329	-1.281767	1.433410	0.715132	0.566660	0.623787	-0.208436	0.774909	-0.447760	0.617327	-0.963177	-0.603217	-0.729911	-0.961208	0.806799	0.581479	-0.425801	-0.723311	1.161268	0.955487	0.357364	-0.216551	0.377634	0.944508	0.567780	0.611244	0.704321	0.855622	1.523430	0.815011	0.727280	-0.417118
0.359440	0.324445	0.331462	0.028882	0.191646	0.693906	0.857353	0.394397	0.120604	0.947015	1.740942	1.214221	-0.815466	-0.874429	-0.713710	0.137451	-0.275781	-0.213007	-0.777024	-0.405764	-0.961120	0.942738	1.307743	0.485798	-0.578550	-0.554569	0.146526	-0.927735	-0.542903	-0.577452	0.306026	-0.154761	-0.362727	0.085208	-0.868474	-0.283307	0.521752	-0.322445	0.790957	0.952250	0.494120	0.513760	0.168078	0.104072	-0.356031	-0.783778	-0.126487	-0.194680	-0.275630	0.144710	-1.253351	-0.607561	0.307811	1.028117	0.191574	0.221714	0.116686	-0.477828	-0.197700	-0.228877	-0.131900	0.149902	0.176763	0.053572	0.275059	0.020639	0.566927	0.276216	0.521483	0.418096	-0.953434	-0.778706	0.024786	0.137708	-0.097412	-0.447377	-1.389775	-1.123493	-0.687618	-1.196408	1.429615	1.574535	-0.154892	0.481413	-0.033321	0.786962	-0.686163	0.202362	-1.254612	-0.764164	-0.880539	-1.093489	0.704858	0.900054	-0.078434	-0.120386	0.768692	0.674831	-0.110481	0.679172	0.303392	0.653951	-0.056317	1.031074	0.650921	0.099100	1.963106	0.764217	0.548568	-0.885402
0.231504	-0.308982	0.513538	0.483203	0.801071	1.131093	0.972998	0.207484	-0.004104	0.695142	1.686181	0.789925	0.113196	-0.073881	-0.542995	-0.355879	0.160000	0.235565	0.192225	0.234800	-0.220811	0.574501	0.972090	0.169223	0.302876	-0.121177	-0.716027	-1.323691	-0.506359	-1.204753	0.392967	-0.596922	0.421046	0.812711	0.527088	0.341871	0.676652	0.173163	0.585645	0.756929	-0.020193	0.156619	0.655635	0.677713	0.442744	-0.448074	0.823694	1.103844	-0.774086	-0.439877	0.051315	0.583728	-0.292941	0.891514	0.375396	0.296082	0.326485	-0.184933	-0.149656	0.343166	0.365510	1.107255	0.605724	1.063970	0.642872	0.219783	1.637837	-0.024019	1.001477	0.508419	0.330630	0.351673	0.428557	-0.790512	0.330257	-0.257556	-1.165580	-0.930220	0.033316	-0.230030	1.374910	2.151710	-0.462806	0.462208	0.672733	1.158213	-0.445581	0.034407	-0.608307	-0.274156	-0.245719	-0.353281	0.908238	1.084684	0.653920	0.650642	-0.088810	-0.231991	-0.692002	0.972699	0.083644	0.142902	-1.335923	0.434405	0.004952	-1.169899	1.172868	0.367637	-0.040999	-1.631023
-0.296431	-1.489504	0.843263	0.417498	0.704971	0.843026	0.419409	-0.443838	-0.438279	-0.639943	0.599815	0.077175	0.888879	0.591701	-0.500165	-1.145706	0.496752	0.406850	0.909962	0.501926	0.363103	-0.483403	0.073890	-0.572759	1.313623	0.551248	-0.584753	-0.877196	0.053131	-1.106680	0.349376	-0.776472	1.377788	1.327155	1.950951	0.977484	0.799717	0.763654	0.025357	0.434237	-0.734926	-0.654302	1.073277	0.774239	0.996851	-0.111587	1.593919	1.897127	-1.210792	-1.367484	1.028170	1.252558	-1.318553	-0.087003	0.416844	-0.125106	0.670296	0.310072	-0.559338	0.045971	0.581662	1.410814	0.805795	1.500419	0.302528	-0.221170	1.404998	-0.315479	1.230591	0.564007	1.612078	1.340168	0.814722	-1.846676	0.661128	0.102081	-0.413393	-0.234900	0.545546	0.568520	0.672594	1.876953	-0.230043	0.336753	1.134116	1.269602	0.265833	0.020745	0.270108	0.350974	0.573867	0.293038	1.154977	1.137189	1.096972	0.867759	-0.850929	-1.201443	-0.780633	0.527526	-0.455480	-0.706330	-2.258093	-0.977594	-0.961343	-1.851704	0.134273	-0.416609	-0.968737	-1.744478
-1.057797	-2.167015	0.940898	-0.363867	-0.214219	-0.166099	-0.648184	-1.008193	-1.038335	-1.952827	-0.721286	-0.352370	0.693759	0.462946	-0.629654	-1.568651	0.586564	-0.084959	0.673919	0.093538	0.134215	-1.253309	-0.873383	-1.170853	1.546003	0.914345	0.129497	-0.022222	0.428210	-0.340722	-0.000280	-0.819512	1.580468	1.165343	1.988232	0.711954	0.613817	0.719100	-0.401424	0.182641	-1.029526	-1.031021	0.736270	0.169378	0.794261	-0.114022	1.722149	1.884879	-1.361354	-2.000900	0.790079	0.592708	-2.093738	-1.230822	-0.001491	-0.758947	0.657681	0.364990	-1.224516	-0.696268	0.361596	0.988402	0.921979	1.303840	-0.655134	-1.124812	-0.225848	0.080076	0.820982	0.322245	1.948741	1.553684	0.816877	-1.971882	0.443286	0.135947	0.126655	0.231704	0.514857	0.652220	-0.761019	1.018639	0.165111	0.008076	0.921592	0.757044	1.090256	-0.099636	0.687676	0.594042	0.890504	0.185514	1.309516	1.323378	0.991190	0.483079	-1.208729	-1.645007	-0.390165	0.046152	-1.038492	-1.604586	-1.990893	-2.087997	-1.591991	-1.362071	-0.102186	-1.190852	-1.620739	-0.862675
-1.673071	-1.693713	0.465644	-1.195887	-1.281268	-1.184569	-1.688418	-1.270398	-1.370003	-2.188332	-1.226679	-0.461995	-0.320320	-0.328623	-0.605160	-1.130364	0.375216	-1.006151	-0.320798	-0.683305	-0.722881	-0.797260	-1.382592	-1.259908	0.661895	0.653366	0.408298	0.592385	0.171793	0.306568	-0.497866	-0.964279	0.766066	0.326518	0.540015	-0.385071	0.067379	0.016913	-0.471124	-0.011536	-0.915512	-0.811214	-0.421381	-0.673543	-0.073470	-0.481855	1.526494	1.556199	-1.188125	-1.797614	-0.278859	-0.910952	-1.918076	-1.697867	-0.806145	-0.974319	0.211406	-0.176149	-1.475977	-0.865009	-0.060384	0.406314	1.228640	1.053077	-1.434766	-1.650183	-1.806395	1.076236	-0.073724	-0.247877	1.349203	1.152929	0.644072	-0.907853	-0.118792	-0.298790	-0.007612	0.021256	0.059533	0.080583	-1.948320	0.113650	0.191955	-0.414528	0.287221	-0.058557	1.312918	-0.348073	0.377886	0.185189	0.423247	-0.533700	1.412431	1.677122	0.420347	-0.132812	-1.003853	-1.332772	-0.126175	0.027767	-1.326466	-1.988499	-0.509669	-1.762531	-1.471876	-0.289184	0.268564	-1.533856	-1.415981	0.342251
-1.772582	-0.577875	-0.466931	-1.315346	-1.731182	-1.465839	-2.076531	-1.335205	-1.228392	-1.450948	-0.833584	-0.735862	-1.293719	-1.123085	-0.395487	-0.244543	-0.237845	-1.656968	-1.250389	-1.309996	-1.447900	0.476200	-1.208052	-1.022382	-0.747062	-0.126638	-0.029150	0.624168	-0.277087	0.078064	-0.958083	-1.188027	-0.415038	-0.729522	-1.088759	-1.372797	-0.474106	-0.632615	-0.344744	-0.267568	-0.834360	-0.602212	-1.609028	-1.124685	-1.150890	-1.001131	1.306976	1.239680	-0.780171	-0.906592	-1.070406	-1.994154	-0.781647	-1.245478	-1.416392	-0.465045	-0.216750	-0.730348	-0.809252	-0.078657	-0.320962	0.091347	1.516971	0.971053	-1.472651	-1.297247	-1.918770	1.683645	-0.897181	-0.814086	0.390181	0.474789	0.585705	0.433706	-0.617396	-0.861511	-0.744894	-0.700997	-0.582420	-0.816000	-1.727135	-0.589901	-0.224103	-0.619740	-0.191707	-0.499742	0.521019	-0.474591	-0.405164	-0.683760	-0.487463	-1.172123	1.376252	1.706636	-0.392283	-0.679311	-0.150967	-0.514162	-0.361586	0.106023	-1.283147	-1.654190	1.216310	-0.044992	-0.722085	0.349502	0.231974	-1.382101	-0.521145	0.980810
-1.288325	0.098387	-1.203476	-0.600004	-1.356793	-0.903955	-1.567002	-1.150936	-0.848171	-0.707545	-0.276209	-1.277731	-1.476680	-1.305619	-0.379861	0.124274	-1.142994	-1.564317	-1.448689	-1.442854	-1.575136	1.124242	-0.493374	-0.846373	-1.629185	-0.901696	-0.487158	0.146425	-0.328348	-0.968675	-1.320582	-1.125813	-1.024289	-1.345784	-1.496288	-1.449389	-0.562450	-0.583194	-0.296869	-0.549052	-0.921465	-0.811346	-1.822031	-0.901879	-1.868444	-1.327147	0.843499	0.733251	-0.245186	-0.012915	-0.815612	-1.784783	0.477973	-0.396746	-1.271948	0.384880	-0.153540	-0.570403	0.530234	1.021007	-0.194312	0.066293	1.305968	0.671822	-1.035816	-0.533955	-0.658480	0.996673	-1.157942	-0.948886	-0.371585	-0.288817	0.492665	0.961646	-0.932041	-1.047906	-1.540068	-1.306302	-1.151526	-1.575974	-0.178859	-0.998188	-0.538621	-0.300474	-0.137443	-0.200487	-0.765298	-0.222486	-1.025811	-1.334237	-1.109448	-1.118090	0.918004	0.867701	-1.106718	-1.046552	1.134791	0.197351	-0.722039	-0.333019	-1.076267	-0.984911	1.899473	1.705748	0.175798	0.316225	-0.542479	-0.969943	0.264056	0.878430
-0.590319	-0.153219	-1.103390	0.388821	-0.635020	-0.116003	-0.615388	-0.580341	-0.613896	-0.699826	-0.046662	-1.430903	-0.897627	-0.838410	-0.760597	-0.373701	-1.864429	-1.002427	-0.992799	-1.114563	-1.350788	0.361050	0.191444	-0.864791	-1.407494	-1.091930	-0.272896	-0.528392	-0.156775	-1.928068	-1.476385	-0.605536	-0.811451	-1.232778	-0.612641	-0.742879	-0.129010	0.045385	-0.482626	-0.678202	-0.917658	-1.160622	-0.886355	-0.265952	-1.864993	-1.246211	-0.154748	-0.143130	0.230185	0.382748	0.266527	-0.560182	0.978287	0.069353	-0.555650	0.886362	0.310385	0.309224	1.571303	1.486463	0.176482	0.173101	0.513182	-0.114911	-0.809649	-0.174936	0.620336	-0.748619	-0.861292	-0.576228	-0.726076	-0.916724	0.098471	0.545365	-1.032663	-0.586355	-1.762562	-1.279255	-1.431253	-1.755706	1.259695	-0.911853	-0.209938	0.401331	0.335972	0.511505	-1.439245	0.435532	-0.959814	-1.127588	-0.954954	-0.410620	-0.083085	-0.653500	-1.406155	-1.242080	2.275430	0.224424	-0.507088	-1.200273	-0.759504	-0.434966	1.162024	2.186656	0.752934	0.338432	-1.221519	-0.512185	0.409132	0.597208
-0.196131	-0.788587	-0.193629	0.989230	-0.251413	0.179000	-0.042852	0.180276	-0.619580	-1.268999	0.045405	-0.611703	-0.257356	-0.299136	-1.169320	-1.015739	-1.896281	-0.639600	-0.506247	-0.662955	-1.200511	-0.929907	0.235062	-0.894330	-0.441051	-0.575397	0.485362	-1.033704	-0.363129	-1.859753	-1.278371	-0.057619	-0.429951	-0.778143	0.306951	-0.052022	0.483034	0.601389	-0.829473	-0.556486	-0.692793	-1.155050	0.284242	0.203892	-1.284584	-0.897604	-1.342873	-1.005818	0.366202	0.365290	1.202872	0.552014	0.719340	-0.125732	-0.073217	0.798276	0.606714	1.123099	1.383859	0.969267	0.338848	0.259923	-0.390736	-0.986914	-1.027991	-0.331860	0.834245	-2.293360	-0.482996	-0.089160	-0.776909	-1.074571	-0.395096	-0.025955	-0.647384	0.392237	-1.220297	-0.695054	-1.411969	-1.267837	1.344264	-0.246800	0.604380	0.832972	0.748545	0.936592	-0.897670	1.258269	-0.297869	-0.142387	-0.232157	0.279549	-1.225550	-1.817006	-1.280749	-1.330604	2.720896	-0.444013	0.458734	-1.710907	-0.211100	-0.045804	-0.076895	1.519460	0.864664	1.053038	-0.922525	-0.034971	0.214557	0.717208
-0.234181	-0.891701	0.862500	1.057863	-0.363122	-0.049668	-0.170803	0.752565	-0.550010	-1.571914	0.378689	0.821751	-0.083979	-0.218048	-1.038949	-0.916115	-1.141261	-0.686667	-0.357888	-0.335896	-1.014707	-1.175908	-0.349779	-0.672043	0.508282	0.252986	1.065358	-1.108652	-0.948102	-0.710203	-0.767962	0.011572	-0.513527	-0.529545	0.216217	0.124927	0.904420	0.776458	-0.957935	-0.208169	-0.403398	-0.600015	0.689303	0.167643	-0.579045	-0.556575	-1.799376	-1.145588	0.036619	0.274213	1.213844	0.698509	0.417515	-0.489191	-0.240500	0.549969	0.384295	1.195781	0.018371	-0.035092	0.062998	0.272698	-0.881307	-1.257699	-1.190298	-0.351541	0.167806	-2.569764	-0.398882	0.091326	-0.639002	-0.540778	-0.512116	-0.100108	0.429394	1.442278	-0.281037	-0.030471	-1.219019	-0.452025	0.383832	0.632134	1.211257	0.569985	0.777833	0.795708	0.372053	1.866904	0.411859	0.899102	0.473674	0.413551	-1.743178	-1.603550	-0.995453	-1.285591	2.343262	-1.125668	1.504467	-1.240990	0.614932	0.336663	-0.765529	0.855088	0.750033	2.018160	0.174499	0.524993	0.316389	1.122721
-0.292260	-0.131730	1.447030	1.002499	-0.361122	-0.044670	-0.421849	1.137264	-0.032698	-0.895264	0.984241	1.927550	-0.077335	-0.375061	-0.268229	-0.116077	0.052658	-0.663493	-0.215098	0.057546	-0.293631	0.036709	-0.795043	-0.075520	1.143277	0.994693	0.949245	-0.760794	-1.162429	0.576069	-0.156154	-0.146681	-0.750014	-0.387150	-0.450313	0.130654	1.022668	0.953833	-0.350141	0.343508	-0.089159	0.424497	0.378519	-0.077562	0.097461	-0.178479	-0.964435	-0.296261	-0.473411	0.214152	0.529666	0.157821	0.444942	-0.349597	-0.510765	0.623240	-0.076993	0.728507	-1.361629	-0.673733	-0.221215	0.377585	-0.864817	-0.755278	-0.686044	0.195149	-0.368039	-1.618789	-0.392810	0.026629	-0.228089	0.550727	-0.245718	0.119535	1.791960	2.027378	0.604555	0.481138	-0.788401	0.346842	-0.303595	1.112786	1.216423	0.106562	0.675644	0.564800	1.377976	1.926121	0.863746	1.453912	0.919273	0.282621	-1.176956	-0.080606	-0.664708	-0.860464	1.381852	-1.053249	1.710528	0.069073	1.470442	0.560881	-0.972448	0.737775	0.735672	2.052652	1.164061	1.112602	0.769928	0.985578
0.019372	0.921836	1.458854	1.162491	0.406187	0.866777	-0.045864	1.644634	0.863670	0.587688	1.485065	2.196285	0.453424	-0.050090	0.591026	0.504267	1.138577	-0.138552	0.405128	0.875618	0.964324	1.435875	-0.410232	0.733434	1.721422	1.618794	0.270722	-0.298963	-0.436291	0.940855	0.403907	0.240321	-0.274784	0.308412	-0.392177	0.620018	0.887032	1.525972	1.073028	1.033301	0.458303	1.690259	0.252752	0.076476	1.027003	0.550605	0.567272	0.939647	-0.638977	0.048732	0.127794	-0.075564	0.381839	0.269055	-0.155885	0.854005	-0.270578	0.449454	-1.548148	-0.498703	0.104941	0.825812	-0.665277	-0.035652	0.373105	0.814747	-0.076184	-0.291152	0.001477	0.106317	0.520295	1.683824	-0.149088	-0.012083	2.590700	1.782844	1.331980	1.054678	0.106368	1.077753	-0.131594	0.904626	0.890829	0.329539	0.932538	0.778166	1.607501	1.282939	1.242887	1.624498	1.327526	0.624355	0.087971	1.530914	-0.075359	0.154515	0.160006	-0.226275	0.826129	1.510821	1.875048	0.199982	-1.406353	0.500052	0.800878	0.599247	1.599203	1.431853	0.868282	-0.315216
0.406774	1.308338	1.064555	1.241361	1.645012	2.281032	0.817833	2.146962	1.516117	1.808414	1.326890	1.796402	1.476842	0.904822	0.796008	0.242502	1.557765	0.533424	1.266469	1.911563	1.845498	1.454817	0.484385	1.257408	2.311808	2.144763	-0.421487	-0.122361	0.842514	0.255335	0.820468	1.247379	1.007844	1.715607	0.794548	1.619326	0.521317	2.121983	2.517885	1.559923	1.203634	2.674740	0.736185	0.723037	2.249687	1.565911	1.471306	1.568052	-0.265086	-0.290685	0.512904	0.420104	-0.219010	0.553115	0.568250	0.549242	-0.153629	0.608681	-0.609011	0.079883	0.837126	1.418683	-0.605413	0.241020	1.064618	0.624206	0.784116	0.627394	0.641434	0.365317	1.265794	2.184988	-0.502781	-0.688064	2.327110	0.753869	1.905953	1.774226	1.301936	1.685863	0.065873	0.246364	0.590888	1.215793	1.440322	1.126477	1.236775	0.055575	1.630785	1.644973	1.739819	1.491273	1.096042	1.994832	0.845187	1.418394	-1.013979	0.448498	-0.493855	2.364436	1.419744	-0.849183	-1.927306	-0.520918	0.512883	-1.456784	1.853365	1.084074	-0.036603	-2.174893
0.131001	0.517238	0.265842	0.582819	2.177787	2.845493	1.175516	1.880413	1.251764	1.719594	0.188942	0.965064	1.953216	1.591673	0.099332	-0.729712	0.964116	0.551883	1.497165	2.236692	1.352641	-0.063392	0.797739	0.939612	2.375067	2.186185	-0.720242	-0.385100	1.590882	-0.558138	0.944761	1.802588	1.966161	2.883782	1.992323	2.367817	-0.041313	1.893115	2.797830	1.461686	1.576205	2.628119	1.140406	1.183080	3.050850	2.156290	1.071846	1.192172	0.205702	-0.684525	0.978787	0.940587	-1.049539	-0.156324	0.542036	-0.673579	-0.229014	0.639328	0.099111	0.132192	0.900877	1.345039	-0.584054	0.090066	0.543590	-0.520847	1.317078	0.829047	0.714780	0.340024	1.387453	1.683611	-0.761854	-1.384436	1.279443	-0.522760	2.017741	2.112505	2.021450	1.804259	-0.742726	-0.442347	0.148292	1.564377	1.335585	0.711525	0.549857	-1.327130	1.537870	1.243949	1.628990	1.927291	1.255678	1.247745	1.565440	2.038000	-1.807333	0.051190	-1.396501	2.241621	0.153443	-1.964320	-1.491015	-1.785227	-0.449501	-2.560085	2.251694	0.005159	-1.625482	-3.059074
-0.906443	-0.985230	-0.949091	-0.891441	1.233544	1.631041	0.437089	0.382064	0.077512	0.352209	-1.521550	-0.266742	0.998961	1.027866	-0.934041	-1.581678	-0.375241	-0.236306	0.679650	1.148206	-0.317009	-1.709769	-0.009328	-0.229087	1.408356	1.246426	-0.651312	-0.805731	1.031847	-0.478114	0.746541	0.913137	1.445347	2.616289	1.881202	2.165012	-0.616748	0.583296	1.495532	0.579641	1.061571	1.263757	0.679949	0.842080	2.574056	1.697735	0.116407	0.436080	0.179535	-0.927610	0.436933	0.602566	-1.351451	-1.411884	-0.773476	-2.274409	-0.891822	-0.053292	-0.514005	-0.784773	-0.269088	0.073376	-0.114627	0.231143	-0.924523	-1.680372	0.879183	0.401897	-0.118750	-0.138619	0.679290	0.528821	-0.236508	-1.429561	0.144716	-1.272708	1.318480	1.451296	1.608023	1.142300	-2.254471	-0.923375	-0.784015	0.409980	0.025712	-0.677928	-0.403663	-2.239280	0.464531	-0.022959	0.524737	1.083871	0.918518	0.351577	1.347818	1.386158	-1.935652	-1.256352	-1.620919	1.160811	-1.226574	-2.191732	0.140987	-2.100660	-1.698912	-2.063642	2.318548	-1.197785	-2.692975	-2.111344
-1.631061	-2.004709	-2.090202	-2.264451	-0.526125	-0.682768	-0.674376	-1.590125	-1.126977	-1.136187	-2.662014	-1.605641	-0.866822	-0.574284	-1.367834	-1.556936	-1.496326	-0.956666	-0.498876	-0.815404	-1.665112	-2.012182	-1.113976	-1.443059	-0.170461	-0.465543	-0.440786	-0.851010	-0.474516	0.591647	0.534880	-0.916186	-0.282003	0.859977	0.477400	1.156040	-0.902506	-1.001362	-0.462304	-0.611528	-0.011709	-0.645787	-0.272836	0.037243	0.908599	0.494061	-0.109394	0.199778	-0.279610	-0.827457	-1.113480	-0.468893	-0.778921	-1.937049	-2.386723	-3.130449	-1.837116	-1.198445	-1.889335	-1.979497	-1.685724	-1.669213	1.021927	1.166246	-1.987255	-1.739221	-0.277603	-0.266590	-0.915813	-0.400874	-0.264465	-0.398946	0.823914	-0.678731	-0.535327	-1.045768	0.112188	0.030335	0.390628	0.074585	-2.975296	-1.120649	-1.892090	-1.590919	-1.814976	-2.014350	-1.435997	-2.226667	-1.188836	-1.830605	-1.118602	-0.613975	0.852327	0.257145	0.180181	-0.128544	-1.337150	-2.153386	-1.431754	-0.422482	-1.735710	-1.162053	1.520712	-1.094752	-2.237942	-0.781256	1.327193	-1.597569	-2.266009	-0.165326
-0.810994	-1.604485	-2.271683	-2.466644	-1.587572	-2.288859	-0.833233	-2.530839	-1.317466	-1.572789	-2.258460	-2.287016	-2.086747	-1.887907	-0.817271	-0.596819	-1.467128	-0.693617	-0.990134	-2.195971	-1.345419	-0.934293	-1.156104	-1.735850	-1.199712	-1.887376	-0.127576	-0.259900	-1.558519	1.793713	0.655451	-2.014035	-1.667715	-1.098876	-0.964522	0.108603	-0.707377	-1.765169	-1.598324	-1.323188	-0.650025	-1.762439	-0.544764	-0.311192	-0.810858	-0.480109	0.625964	0.534860	-0.407775	-0.320790	-2.387765	-1.297258	0.297196	-1.021755	-2.669997	-2.562955	-2.286997	-1.858918	-2.357975	-2.247208	-1.775523	-2.411974	2.152676	2.278854	-1.490797	-0.604476	-1.235117	-0.636361	-0.399970	0.294584	-0.624378	-0.529881	1.333564	0.375348	-0.617568	-0.134223	-0.690949	-1.054618	-0.549744	-0.581838	-1.938427	-0.983878	-2.199892	-2.686603	-2.728721	-2.123149	-1.905282	-1.416922	-2.238610	-2.941147	-2.104519	-1.821289	1.197901	0.755827	-0.985386	-1.334251	-0.289566	-1.381278	-0.950172	-1.669262	-0.929946	0.395405	1.108676	0.376583	-1.339437	0.116485	-0.526763	-0.846435	-0.637095	1.159365
1.386107	-0.039072	-1.129220	-1.464203	-1.142066	-2.028771	0.343353	-1.684820	-0.309776	-0.833274	-0.595254	-1.794677	-1.702343	-1.848209	0.120840	0.584401	-0.318098	0.366658	-0.548596	-2.032682	0.422676	0.252584	0.195639	-0.943831	-0.934998	-2.039455	0.388070	0.576168	-1.029865	2.246292	0.985981	-1.332831	-1.498959	-1.863481	-1.341516	-0.417037	-0.147875	-1.400197	-1.242279	-1.170401	-0.250079	-1.414909	0.307764	0.124524	-1.483234	-0.620464	1.198366	0.586169	0.322251	0.356208	-2.206758	-1.231717	1.186943	0.541877	-1.128644	-1.014411	-1.797230	-1.491883	-1.016767	-1.164684	-0.257796	-1.555541	2.113422	2.252682	0.285088	0.660564	-1.325602	-0.408469	1.368185	1.631204	-0.251444	-0.178108	0.677027	1.028345	-0.304873	0.684152	-0.528024	-0.968545	-0.507282	-0.443527	0.070998	-0.576350	-1.145096	-1.922204	-2.001515	-1.045077	-1.224069	-0.465840	-1.886850	-2.334553	-1.660563	-1.698031	1.263574	0.821082	-1.123632	-1.363179	0.639351	0.867176	0.014864	-1.778223	0.589118	1.228893	-0.676518	1.229390	0.607001	0.390632	-1.996819	0.398344	0.847664	1.116211
3.254052	1.389479	0.622576	-0.226894	0.185494	-0.489730	1.793079	0.157684	0.965182	0.290954	0.864964	-0.588963	-0.277889	-0.666007	0.543961	1.099596	0.984967	1.143806	0.192285	-0.706453	2.149534	0.485097	1.792944	0.225626	0.201853	-0.990898	0.918411	0.928672	0.852131	1.871793	1.104377	0.468369	-0.075927	-1.168103	-0.667098	-0.451748	0.416065	-0.520589	0.011681	-0.482257	0.731448	-0.172296	1.396645	0.735172	-0.995494	-0.168863	0.573317	-0.215114	1.451189	0.725938	-0.769553	-0.521208	1.388164	1.224373	1.088253	0.393876	-0.664723	-0.508375	1.276690	0.467669	1.522332	-0.007384	0.562274	0.641778	1.898262	0.988981	-0.779588	0.201917	2.869841	2.442717	0.237485	-0.070362	-0.525523	0.872749	0.019217	0.916742	0.191010	-0.012721	0.199443	0.080606	1.333325	-0.178323	0.624628	-0.096441	-0.361180	0.101312	0.332243	0.080342	-0.513391	-0.364521	-0.189450	-0.629304	0.476911	-0.054213	-0.182642	-0.377730	0.901426	2.917629	1.348418	-0.672277	1.662533	0.845408	-1.833062	1.147601	2.215674	0.600644	-2.021626	1.140180	1.119309	0.276671
3.193119	1.587198	1.870452	0.500793	1.134645	0.776450	2.140618	1.462950	1.368056	1.084786	0.934788	0.327471	0.894668	0.562323	0.285459	0.714765	1.547581	0.956551	0.626903	0.656225	2.629368	-0.033168	2.179131	1.069278	1.131674	0.264567	0.947565	0.526293	2.427307	1.258730	0.976970	1.863085	1.261853	0.078543	0.220793	-0.305797	0.692278	0.139459	1.081553	0.132669	1.250969	0.804051	1.565141	0.838416	-0.080368	0.288989	-0.867857	-1.299628	2.001592	0.523020	0.642511	0.241247	0.876795	0.439426	2.475703	0.964036	0.498476	0.291281	2.800991	1.469400	2.100654	0.883206	-1.380858	-1.348137	2.250179	0.464391	-0.380515	0.748583	2.787122	2.065615	0.208170	-0.452887	-1.233443	0.060698	0.034727	0.740275	0.618551	0.767449	0.705583	0.360326	1.106876	-0.061598	1.851335	1.252161	0.910171	0.446765	1.666308	0.295841	0.823890	1.486490	1.222744	0.429133	-0.786759	-1.180020	0.868169	0.674801	0.416356	3.179874	2.291445	0.780437	1.628693	0.130248	-1.123049	0.536547	2.263067	1.032982	-0.818109	1.039864	0.414969	-0.417186
1.332996	0.731378	2.151151	0.897578	1.091272	0.898642	1.140612	1.407741	0.726481	1.484717	-0.028602	0.539932	1.200870	1.026083	0.034442	0.065118	1.313594	0.290714	0.740352	1.328822	1.885062	-0.384330	1.019355	1.499746	1.173931	0.802227	0.279991	-0.123524	2.192091	0.848635	1.028829	2.057630	1.538104	0.782921	0.604524	-0.168788	0.688672	0.389494	1.345599	0.397707	0.718040	0.786743	0.647175	0.439812	0.484236	0.437845	-1.866884	-1.708318	1.604108	0.099168	1.061759	0.792838	0.166090	-0.841232	2.568919	0.903423	1.348107	0.525957	2.593229	1.321693	1.217314	0.589493	-2.239454	-2.133467	1.562168	0.088091	-0.528609	1.066727	1.325826	1.007062	-0.382322	-0.980512	-1.200330	-0.766238	-0.303065	0.536654	0.415654	0.688501	0.498909	0.198242	0.268827	-0.166034	1.949489	1.431686	1.180791	0.123407	1.876932	0.549358	1.465947	2.039299	1.819493	0.947953	-1.647224	-1.563242	1.024440	0.933783	-0.327819	1.723733	2.176404	1.497056	0.827857	0.375009	0.664087	-0.142122	0.858631	1.378641	0.423455	0.572592	-0.148068	-0.594597
-0.654469	-0.058129	1.734665	1.368929	0.534206	0.353741	-0.125980	0.478822	-0.013400	1.735783	-0.582555	0.538188	1.126060	0.909729	0.417109	-0.034211	0.838812	0.209589	0.823257	1.437098	0.729490	-0.155880	-0.675638	1.747082	0.495876	0.527741	-0.480234	-0.324092	0.303601	0.511134	1.367497	1.494600	0.959489	0.651156	0.502127	-0.031622	0.576800	0.455933	0.831031	0.468291	-0.450253	-0.066825	-0.513992	-0.004215	0.408001	0.297426	-1.875018	-1.396727	0.873190	0.159389	0.767859	1.216298	0.002905	-1.220466	1.900820	0.725907	1.815989	0.337428	1.185250	0.416273	-0.318437	-0.430203	-1.792943	-1.581202	0.814472	0.459861	-0.832134	1.306436	-0.274583	0.177299	-1.095727	-1.358237	-0.964267	-0.896249	-0.789974	0.336301	-0.062157	0.000442	-0.190742	-0.164457	-0.026002	-0.188432	1.414769	0.967087	0.679304	-0.235921	1.119337	0.810184	1.583307	1.462635	1.614487	1.086362	-1.785941	-1.218119	0.247978	0.357991	-0.781415	0.099657	1.328397	1.191624	0.099137	1.645232	1.853718	-0.733863	-0.607169	1.416067	0.724470	0.325133	0.084462	-0.506456
-1.259221	-0.010281	0.965574	1.730188	0.360315	0.151445	-0.422220	-0.217556	0.119642	1.841869	0.108825	0.876777	1.420245	1.004987	1.228771	0.558757	0.603646	1.151536	1.024125	1.508269	-0.120713	0.264625	-1.556645	1.847151	-0.252286	0.053245	-0.497164	0.071222	-1.621542	-0.002008	1.399496	0.980683	0.471332	0.273032	0.445483	0.183356	0.393802	0.502877	-0.111661	0.565421	-1.233021	-0.984873	-1.024824	-0.213119	-0.109801	0.004931	-1.493527	-1.160135	0.613040	0.953013	0.805828	1.598071	0.697024	-0.335184	1.043480	0.553894	1.802564	0.020389	-0.023147	-0.414539	-1.515437	-1.333339	-1.112199	-0.950541	0.570855	1.106856	-0.710058	1.471143	-1.123886	-0.118778	-1.476936	-1.626175	-0.883277	-0.142525	-1.192007	0.034266	-0.368706	-0.544817	-0.723731	-0.431203	0.242167	-0.019141	1.026084	0.694660	-0.024258	-0.270056	0.321847	0.693746	1.680941	0.858669	1.099698	1.236299	-1.648563	-1.075772	-0.556208	-0.311567	-0.894220	-0.390873	0.707967	0.490698	-0.076909	2.534225	1.630486	-1.223102	-0.831649	1.340037	0.079379	0.419092	0.674539	-0.537072
-0.479906	0.567397	0.022140	1.516722	0.823440	0.619134	0.363431	-0.129985	0.982227	1.552669	1.358507	1.413655	2.028497	1.605553	1.708101	1.248216	0.648954	2.362178	1.233519	1.733422	-0.428489	0.413244	-1.101672	1.644761	-0.542601	-0.048556	0.258850	0.683266	-2.171756	-0.468988	0.598671	0.727984	0.612710	0.262305	0.674736	0.442045	0.045656	0.465938	-1.011496	0.676165	-0.998379	-1.252727	-0.744596	-0.267735	-0.636787	-0.288362	-1.356036	-1.322439	0.858080	1.849635	1.580902	1.800731	1.660783	0.969087	0.170219	0.248535	1.200854	-0.188190	-0.103779	-0.581199	-1.845254	-1.509822	-1.032372	-1.076108	0.611869	1.289688	-0.205230	1.230312	-1.267236	-0.241684	-1.368980	-1.758576	-0.750054	0.918791	-1.373476	-0.103346	-0.465863	-0.534809	-0.700321	-0.482509	0.296974	0.086426	0.942771	0.820189	-0.431807	-0.050089	0.096003	0.204176	1.852886	0.928982	0.717313	1.453346	-1.628837	-1.568445	-0.595437	-0.384730	-0.990464	0.043088	0.619664	0.044221	0.083041	1.833991	0.438632	-1.476463	0.091902	1.189189	-0.747681	0.602544	0.851371	-0.805294
0.480176	0.836947	-0.811801	0.723249	1.172911	1.065928	1.127503	0.217319	1.454870	0.774824	1.840099	1.561619	1.981317	1.905717	1.413641	1.426024	0.664525	2.524035	1.142873	1.649761	-0.372376	0.302406	0.040291	1.074633	-0.364336	0.142533	0.918502	1.182129	-1.385297	-0.434498	-0.639574	0.365406	0.876736	0.422965	0.690038	0.482782	-0.402931	0.221789	-1.381458	0.596169	-0.155942	-0.837984	-0.300552	-0.399573	-0.820718	-0.465330	-1.227129	-1.235808	0.882469	1.920681	2.118885	1.467013	1.835498	1.665488	-0.605630	-0.082187	0.194050	-0.175042	0.539925	-0.211384	-1.461684	-1.003154	-1.168443	-1.345538	0.515270	1.024936	0.078496	0.404713	-1.187182	-0.598415	-0.957934	-1.448229	-0.375046	1.455659	-1.273033	0.260590	-0.595214	-0.274081	-0.322421	-0.383384	-0.098499	-0.127593	0.673602	0.821723	-0.361923	0.160583	0.109927	-0.095854	1.580855	1.200131	0.475548	1.283989	-1.492811	-1.881501	-0.096953	0.003854	-1.127646	0.261033	0.348068	-0.197193	0.029164	0.105422	-0.759658	-1.271601	0.868629	0.553356	-1.028247	0.602569	0.547528	-1.064114
0.612459	0.427922	-1.185310	-0.219912	0.504467	0.608928	0.756726	-0.122659	0.743318	-0.187188	1.106525	1.024925	0.501933	0.857655	0.658192	1.075307	0.306347	1.064985	0.429790	0.620352	-0.347697	0.199628	0.743550	0.242953	-0.233747	0.029314	0.784906	1.490388	-0.328895	0.014220	-1.383230	-0.355849	0.332522	0.011595	-0.139096	-0.001308	-0.651284	-0.245010	-1.034381	0.172586	0.279917	-0.405838	-0.430254	-0.767448	-0.645352	-0.542964	-0.531115	-0.357383	0.139883	0.928394	1.104584	0.351430	0.752996	1.458871	-0.969360	-0.120952	-0.717189	-0.064268	0.696644	0.007835	-1.002964	-0.506583	-0.668533	-0.760246	0.229739	0.853031	-0.184312	-0.570373	-1.180508	-1.231228	-0.574625	-0.563144	-0.003496	1.166277	-0.946285	0.714652	-0.858895	-0.372865	-0.106117	-0.317906	-0.300353	-0.493245	-0.211484	0.113893	-0.158040	0.112990	-0.340034	0.085821	0.335768	0.669667	-0.044105	0.226799	-0.785221	-1.001840	0.039958	0.122893	-0.875719	-0.261886	-0.612538	-0.658187	-0.520478	-0.913389	-1.200257	-0.538914	0.499308	-0.653264	-0.760595	0.274042	0.364202	-0.889261
0.026069	-0.265016	-1.074793	-0.959360	-1.004227	-0.715215	-0.602522	-1.306376	-0.660658	-0.856311	-0.045157	0.080167	-1.804949	-1.299558	0.111642	0.602649	-0.441953	-1.121167	-0.827573	-1.243917	-0.615311	0.218150	0.511877	-0.623361	-0.702756	-0.720908	0.170869	1.456379	0.211363	0.168144	-1.296951	-1.133524	-1.115351	-1.144210	-1.565230	-0.911028	-0.479046	-0.787437	-0.330409	-0.488758	-0.140475	-0.555625	-1.206048	-1.297826	-0.409674	-0.653381	0.625429	0.762145	-0.994463	-0.424950	-1.310154	-1.165916	-0.911331	0.767126	-0.667913	0.171919	-1.075799	-0.122943	-0.205208	-0.376679	-0.961672	-0.673063	0.510498	0.566443	0.014084	0.854648	-0.586144	-1.001525	-1.229167	-1.860155	-0.372110	0.439458	0.106687	0.453863	-0.640608	0.273153	-1.064499	-1.003895	-0.255742	-0.448343	0.234929	-0.531137	-1.439510	-1.176740	-0.429720	-0.224940	-1.280169	0.217760	-1.582132	-0.839423	-1.143883	-1.495216	0.447842	0.807905	-0.575603	-0.384624	0.073932	-0.825564	-1.503063	-1.321969	-1.272462	-0.335248	-0.638312	0.460845	-0.620922	-1.551933	-0.568381	-0.352872	0.657539	-0.109908
-0.409190	-0.591990	-0.786558	-1.324401	-2.011684	-1.785214	-1.591018	-2.273010	-1.472774	-0.978378	-0.592893	-0.700281	-3.206986	-2.852916	0.117595	0.281763	-1.123263	-2.413630	-1.903330	-2.774260	-0.944603	0.320062	-0.057060	-1.164600	-1.635128	-1.606568	-0.098660	0.817036	0.351854	-0.363155	-0.907056	-1.390823	-2.355256	-2.134199	-2.462246	-1.583701	-0.029195	-1.118111	0.163380	-1.008224	-0.727661	-1.038404	-1.841262	-1.607218	-0.345048	-0.796287	1.425624	1.074447	-1.574766	-1.212165	-3.262544	-2.093272	-1.962372	0.138361	0.118323	0.433144	-0.823835	-0.367323	-1.377799	-0.997923	-1.129381	-1.287549	1.502120	1.500815	0.045319	0.532796	-0.498923	-0.712168	-1.125800	-2.077733	-0.198814	0.885249	0.152562	-0.108357	-0.566065	-1.220052	-0.926712	-1.596703	-0.425803	-0.693204	1.152169	-0.024628	-2.134585	-2.095179	-1.231439	-0.514596	-1.883016	-0.316444	-2.971834	-2.223352	-2.365525	-2.754187	1.565274	2.107221	-1.300181	-1.015880	1.238543	-0.479984	-1.172650	-1.593069	-1.563125	0.971945	0.518741	1.194668	-1.240344	-1.184584	-0.818477	-0.950974	1.056649	0.822718
-0.074065	-0.228548	-0.517253	-1.159973	-1.415530	-1.486754	-1.051881	-1.773359	-0.954398	-0.605236	-0.319874	-0.851030	-2.542558	-2.352074	0.450144	0.090631	-1.128065	-2.002532	-1.905878	-2.686747	-0.756955	0.503059	0.020098	-0.996848	-2.089974	-1.680104	0.178046	-0.237991	0.609664	-0.970566	-0.685608	-0.831827	-2.181365	-1.866370	-2.012999	-1.331236	0.314642	-0.989847	0.321574	-0.970208	-0.438107	-0.949305	-1.384572	-1.195501	-0.256441	-0.652536	1.299229	0.358390	-1.120425	-1.056127	-3.106086	-1.720473	-1.797535	-0.140301	0.797165	0.329778	-0.320867	-0.435349	-1.575186	-1.072761	-0.821984	-1.367797	1.555062	1.273398	0.256391	-0.245633	0.196748	-0.194696	-0.604108	-1.555863	0.160895	0.642255	0.460303	-0.255963	-0.503651	-2.384033	-0.324658	-1.324479	-0.132579	-0.654491	1.615683	0.639283	-1.657595	-1.722840	-1.697617	-0.315002	-1.437713	-1.155234	-2.759670	-2.210973	-2.645510	-2.437440	1.916913	1.864927	-1.188275	-0.961800	1.630629	0.665191	0.157551	-1.064312	-0.936270	1.571389	1.370102	1.194183	-0.747562	0.021039	-1.037321	-0.970333	0.999531	1.082033
0.821170	0.649897	-0.227985	-0.503002	0.337822	0.056889	0.665351	0.168784	0.412369	0.119147	0.226517	-0.348631	-0.506479	-0.283306	0.644570	0.005573	-0.297393	-0.560171	-0.691342	-0.953273	0.158708	0.730864	0.936737	-0.088415	-1.286368	-0.593553	0.316019	-0.863907	1.115602	-0.739837	-0.419327	0.279296	-0.667069	-0.372092	-0.627473	-0.196076	0.274693	-0.504369	0.506480	-0.303236	0.847122	0.205603	0.257065	0.074108	0.255335	0.139017	0.572111	-0.555513	-0.127626	-0.229803	-1.242295	-0.466148	-0.832982	-0.023442	0.820101	-0.054597	-0.030093	-0.077505	-0.516264	-0.326895	0.258950	-0.288190	0.793122	0.290462	0.465381	-0.767227	1.074672	-0.022582	0.380471	-0.327273	0.671207	0.259878	0.859790	-0.036527	0.027622	-1.724215	0.578710	0.012735	0.676057	0.044542	1.280445	0.835631	-0.399589	-0.286623	-0.972039	0.298685	-0.278841	-1.206410	-1.147810	-0.838451	-1.441988	-0.663796	1.414366	0.527393	-0.035055	0.034295	0.862726	1.427755	0.850261	-0.176143	0.355162	1.049271	1.175259	0.529424	0.164250	0.485691	-0.567542	-0.155418	0.482201	0.399665
1.506612	1.508091	0.020670	0.162525	1.660675	1.519528	1.999717	2.093520	1.503445	0.994795	0.471416	0.242017	1.036624	1.425062	0.454016	0.127860	0.802268	0.644156	0.827681	0.979376	1.180375	0.773246	1.796112	0.981680	0.277684	0.839568	-0.323166	-0.445594	1.431832	0.277488	0.152835	1.247233	0.813479	1.077954	0.546460	0.945098	-0.137300	-0.179658	0.854331	0.508307	2.065069	1.804500	2.019469	1.625058	1.110817	1.386765	0.017190	-0.860799	0.485980	0.691241	0.424493	0.483542	0.041819	0.407982	0.204240	-0.329858	-0.119573	0.385562	0.866714	0.734310	1.556180	1.370131	-0.080232	-0.483079	0.508945	-0.325804	1.690503	-0.325928	1.346694	1.022768	1.043759	0.261956	0.783654	0.327308	1.002400	0.352264	1.338047	1.574656	1.490113	1.212430	0.595414	0.401838	0.426272	0.840822	0.519026	0.577851	0.494844	-0.051912	0.447352	0.491022	0.378823	1.121419	0.513030	-0.680620	1.419445	1.422010	-0.267045	0.939202	-0.104259	0.188642	1.439069	0.148016	0.105927	-0.064446	0.440826	-0.501944	0.325489	0.970120	0.026863	-0.331113
1.389310	1.768444	-0.004239	0.250070	1.506956	1.686952	1.808245	2.548900	1.586624	1.561716	0.285018	0.136986	0.972184	1.483299	-0.005431	0.415006	1.294244	1.013934	1.440822	1.537463	1.402562	0.398110	1.605241	1.370678	1.083028	1.314263	-1.409367	0.459353	1.088671	0.966044	0.540056	1.384199	0.964244	1.247145	0.846219	1.126757	-0.689310	-0.495375	0.845928	0.685750	2.052376	2.643072	2.559702	2.446328	1.556316	2.212533	-0.032402	-0.615341	0.309465	1.148372	0.661005	0.413021	0.288841	0.930077	-0.415809	-0.197727	-0.327645	0.415429	1.514100	1.462723	2.220190	2.378635	-0.550266	-0.585095	0.299106	0.736981	1.924714	-0.773582	1.535302	1.613091	1.034659	0.513084	0.047090	0.528479	1.655816	1.713461	1.420319	2.115006	1.652642	2.020725	0.193996	-0.151232	-0.007069	0.546099	1.260216	-0.138411	0.208955	1.360328	0.745741	0.531987	1.193402	1.469959	-0.283063	-1.153142	2.200979	2.296250	-0.596439	-0.214779	-1.656501	-0.235267	1.550095	-0.346992	-0.745869	0.173960	0.016264	-1.697457	0.590942	1.422380	-0.021897	0.112526
0.575681	1.230418	-0.295927	-0.255685	0.344621	0.587976	0.475506	1.505888	0.780856	1.222203	-0.086414	-0.854554	-0.098248	0.393831	-0.447490	0.554151	0.740380	0.813566	0.717722	0.517204	0.679836	-0.213606	0.409078	0.723274	0.251334	0.362360	-1.903551	0.631528	0.194196	0.471724	0.048980	0.572780	-0.177122	0.175523	0.580036	0.177795	-1.096393	-1.295482	-0.054449	-0.170010	0.733420	2.118441	1.526672	1.936744	0.981024	1.826738	0.123184	-0.335151	-0.268968	0.882570	-0.007156	-0.322447	0.073465	1.187916	-0.420632	0.282286	-0.272488	0.010726	1.250574	1.667138	2.045570	2.224611	-0.606506	-0.297404	-0.101062	1.319594	1.859179	-0.875029	0.727450	0.971632	0.691700	0.510832	-0.768393	0.442559	1.413463	0.982397	0.660482	1.205344	0.946653	1.742862	0.188827	-0.202376	-1.205839	-0.758691	0.382989	-1.541309	-0.692344	1.750168	-0.174347	-0.461922	0.323323	0.307012	-0.792895	-1.207219	1.923935	2.077457	0.072073	-0.598769	-1.942434	-0.759750	0.728576	-0.407510	-0.392371	1.120450	-0.153507	-1.450520	-0.199210	0.758794	0.100769	1.684297
-0.282342	0.266910	-0.447888	-0.740418	-0.602385	-0.730175	-0.722551	0.153812	-0.240601	-0.123719	-0.288578	-1.927118	-0.813155	-0.499538	-0.664419	0.329475	-0.464391	0.427457	-0.664846	-0.876768	-0.184008	-0.468573	-0.798675	-0.464693	-1.306247	-1.062642	-1.222457	-0.286059	-0.623333	-0.726306	-0.979656	-0.506364	-1.394576	-0.951325	0.392930	-1.105545	-1.168206	-1.790228	-1.466712	-1.550432	-0.852922	0.752164	-0.093589	0.534107	-0.182754	0.474176	0.127025	-0.161651	-0.590498	0.187662	-0.368042	-0.960978	-0.076154	0.936707	0.081847	0.734863	0.099111	-0.247584	0.628010	1.463353	1.577747	1.568063	-0.487904	-0.073080	-0.468050	0.848433	1.552186	-0.396203	-0.332274	-0.408622	0.304514	0.172834	-0.913008	0.359279	0.783841	-0.738895	-0.386504	-0.231910	-0.162248	0.583565	0.166486	0.281459	-1.861292	-1.616258	-1.168706	-2.491075	-1.216548	0.980017	-1.109028	-1.157051	-1.183271	-1.125225	-1.052328	-1.203897	0.993004	0.942116	0.816142	0.317628	-0.610833	-0.625726	-0.228198	-0.469104	0.911340	1.752718	0.587295	0.130194	-1.114212	-0.370558	-0.012258	2.816715
-0.648032	-0.487705	-0.130826	-0.639666	-0.715261	-1.300053	-1.064144	-0.492147	-0.798040	-1.667982	-0.093416	-1.942272	-0.593519	-0.576988	-0.588427	-0.023383	-1.377957	-0.033231	-1.569121	-1.336391	-0.419366	0.024311	-1.190863	-1.288871	-1.792321	-1.443671	0.047190	-1.293641	-0.857331	-1.358833	-1.297441	-0.893059	-1.539504	-1.053989	0.476118	-1.654231	-0.872946	-1.287576	-2.215991	-2.276244	-1.574886	-0.400850	-0.958022	-0.616819	-0.776227	-0.648325	-0.012284	0.139908	-0.388129	-0.261289	-0.040870	-1.186040	0.057453	0.322237	0.388713	0.771808	0.484326	0.025571	0.081255	0.860645	1.260236	1.232548	-0.386300	-0.066861	-0.584497	-0.118176	1.041849	0.365710	-0.620808	-1.325270	0.144209	-0.020571	-0.315030	0.614541	0.788790	-1.170444	-0.758016	-0.791896	-0.870755	-0.432542	-0.203891	0.732410	-1.258174	-1.172578	-1.616846	-2.088998	-0.864618	0.108928	-1.068037	-0.719466	-1.685571	-1.579506	-1.031892	-0.953920	0.136291	-0.270896	0.804248	1.405462	0.861350	0.084563	-0.505719	-0.709015	1.788750	1.282281	1.647931	1.380085	-0.941801	-0.865974	-0.332778	2.171977
-0.543631	-0.659944	0.465724	0.025683	-0.312493	-0.927291	-0.857141	-0.422821	-0.598016	-2.222663	0.420808	-0.592472	0.039736	-0.201283	-0.222412	-0.076508	-1.252349	-0.434251	-1.333211	-0.581560	-0.154000	0.903985	-0.802984	-1.222323	-0.525407	-0.172282	0.718382	-1.292788	-0.498004	-0.812737	-0.371455	-0.256073	-0.504243	-0.117447	0.541733	-1.054559	-0.285316	0.099541	-1.502717	-1.478662	-1.123063	-0.678483	-0.636459	-0.730296	-0.210712	-0.579306	-0.131065	0.539800	0.079511	-0.092783	0.453570	-1.061174	0.105045	-0.211353	0.108399	0.349735	0.657634	0.522446	-0.387813	-0.118398	0.841903	1.140428	-0.385713	-0.207578	-0.404448	-0.654643	0.456447	0.843171	0.061576	-0.890153	0.267878	0.280772	0.410524	0.944869	1.564286	0.400848	0.028054	0.001085	-0.688153	-0.482900	-0.724257	0.654285	0.088551	0.065221	-0.329895	-0.479247	0.086003	0.039406	-0.160975	0.394090	-0.670779	-0.851810	-0.652501	-0.185860	-0.197718	-0.678878	0.240835	1.160371	1.138617	0.716984	0.032000	-0.854225	1.241238	0.079915	1.842300	1.267047	0.295143	-0.337117	-0.445749	0.291913
-0.327025	-0.335458	0.833957	0.775967	0.079221	-0.081470	-0.673382	-0.189301	0.099405	-1.336812	0.850473	1.171511	0.400642	0.175898	0.321949	0.217412	-0.177914	-0.515832	-0.231990	0.662014	-0.040014	1.326088	-0.144150	-0.497147	1.312252	1.830788	0.215797	-0.410121	0.220285	0.268732	0.802291	0.753860	0.883602	1.007263	0.371386	0.109189	0.455077	1.500570	0.235694	0.501736	-0.049010	-0.186296	0.152209	-0.087901	0.847912	0.406925	-0.220191	0.627382	0.385337	0.327101	0.685867	-0.540689	-0.371121	-0.391512	-0.369297	-0.175930	0.710010	0.676403	-0.757954	-1.011162	-0.073630	0.630404	-0.464665	-0.414689	-0.036798	-0.511305	-0.025740	0.834331	0.893631	0.581567	0.533389	0.786223	0.760832	0.651924	2.087413	2.326330	1.396702	1.269737	0.176116	0.254558	-0.934055	0.143252	1.161108	1.057772	1.551500	1.341974	1.090775	0.511426	0.778362	1.174295	0.873911	0.346986	-0.046505	0.786752	-0.069806	-0.086323	-0.145555	-0.491662	0.494344	0.960246	0.793095	-0.618701	-0.155786	-0.826170	0.766461	0.457307	1.347511	0.524976	-0.164157	-1.007550
-0.221026	0.109161	0.651037	1.067242	0.265862	0.517789	-0.638397	-0.140621	0.618525	0.138766	0.744697	1.954847	0.367718	0.489146	0.708548	0.443073	0.936266	-0.301116	0.800167	1.437383	-0.295364	0.839951	0.419006	0.165330	2.027575	2.943905	-0.891116	0.302623	1.068776	0.810529	0.980397	1.137834	1.657958	1.478432	0.101758	0.800007	1.060648	1.999547	1.701403	2.238609	0.811981	0.460078	0.459702	0.366226	1.245776	1.130856	-0.327376	0.230740	0.296327	0.356283	0.731067	0.359667	-1.185657	-0.400841	-0.505578	-0.441089	0.723774	0.329089	-0.727642	-1.116554	-1.158216	-0.395299	-0.483543	-0.597375	0.318268	-0.201207	-0.339313	0.680715	0.985284	1.793126	0.721783	0.932862	0.829813	-0.391642	1.488863	2.618711	2.167793	1.758298	0.995721	0.871286	-0.743540	-0.350598	1.406678	1.279054	2.417665	2.296764	1.724459	0.605013	1.090164	1.138057	1.624657	1.156426	0.403542	1.248556	0.142178	0.831919	-0.172798	-2.079766	-0.006877	1.025392	1.032867	-0.128991	-0.925829	-0.979922	-0.797260	0.018754	1.195306	0.740023	0.169995	-0.739112
-0.225124	0.258495	0.026000	0.606769	0.214614	0.375999	-0.588274	-0.271243	0.411921	0.798822	0.049712	1.229607	0.161098	0.659786	0.547521	0.247793	1.152288	-0.179886	0.948937	1.260041	-0.537586	-0.130732	0.679527	0.181688	1.244378	2.343056	-1.503494	0.221912	1.658892	0.461022	0.238733	0.548649	1.408390	1.079039	-0.041726	0.503368	1.141937	1.372206	1.890841	2.441465	0.905388	0.635791	0.076898	0.084050	0.612969	0.809040	-0.344646	-0.236965	-0.127464	-0.128754	0.674197	1.071166	-1.636386	-0.563409	-0.378306	-0.456996	0.481924	-0.214517	-0.204152	-0.365055	-1.557851	-1.175561	-0.311484	-0.610783	0.390833	-0.241914	-0.571224	0.689461	0.335012	1.728057	0.649296	0.569562	0.869770	-1.326682	0.193852	1.196805	1.676298	1.087133	1.109651	0.700688	-0.559699	-0.596312	0.921713	0.834765	1.775811	1.919566	1.670929	-0.027950	0.712947	0.540285	1.172323	1.124540	0.410476	0.883981	0.096531	1.169204	-0.259016	-2.254960	-0.068369	1.021857	0.527405	0.160705	-0.476908	-0.798445	-1.763168	-0.040174	0.120952	0.082075	0.117296	0.271424
-0.301784	-0.057590	-0.565254	-0.327316	-0.092177	-0.261350	-0.472746	-0.415491	-0.331255	0.171126	-0.709705	-0.141397	-0.073389	0.431495	-0.106044	-0.239244	0.397731	-0.314068	0.240916	0.399797	-0.461100	-0.747095	0.435951	-0.374692	0.126316	0.747687	-1.018290	-0.244647	1.464053	-0.214935	-0.377394	-0.370131	0.491383	0.235393	-0.034960	-0.260027	0.621196	0.277490	0.913150	1.178189	0.258189	0.180121	-0.417346	-0.529940	-0.316081	-0.126164	-0.118622	-0.266129	-0.592606	-0.638255	0.378005	0.906444	-1.286283	-0.826730	-0.405464	-0.446647	-0.150520	-0.565867	0.298190	0.387262	-0.973184	-1.021595	-0.020361	-0.372811	0.034094	-0.567637	-0.760969	0.660279	-0.289231	0.655352	0.308346	0.077981	0.754522	-1.255529	-0.623214	-0.297190	0.419685	0.001934	0.472032	-0.030369	-0.669196	-0.668675	0.157673	0.121614	0.481987	0.674516	0.890754	-0.763015	0.074549	-0.071109	0.197393	0.424594	0.112355	0.139116	-0.227702	0.673935	-0.555987	-1.173150	-0.187399	0.724093	-0.249943	-0.057175	0.283203	-0.717634	-1.710541	-0.324051	-0.763290	-0.741920	-0.295773	0.580505
-0.359135	-0.513808	-0.580851	-0.856071	-0.374327	-0.465946	-0.289743	-0.321744	-0.749740	-0.700556	-0.839383	-0.778612	-0.176305	-0.061434	-0.577485	-0.584365	-0.462691	-0.311423	-0.451023	-0.332187	-0.194596	-0.585833	-0.209467	-0.794291	-0.122280	-0.363865	0.174816	-0.372896	0.456728	-0.540849	-0.409011	-0.699455	-0.273813	-0.361291	0.045278	-0.473227	0.026231	-0.302765	-0.213161	-0.225102	-0.508067	-0.426475	-0.388663	-0.646881	-0.607576	-0.601193	0.277240	0.128629	-0.712497	-0.697969	-0.024706	0.144354	-0.350166	-0.775038	-0.522356	-0.385982	-0.701129	-0.474642	0.229112	0.354799	-0.060115	-0.148995	0.171842	0.021655	-0.458676	-0.702446	-0.695251	0.278276	-0.291109	-0.279214	-0.030016	-0.101597	0.279208	-0.322180	-0.467340	-0.603553	-0.472227	-0.496987	-0.282232	-0.493413	-0.748656	-0.566745	-0.296523	-0.315542	-0.309956	-0.348595	-0.036638	-0.830617	-0.200793	-0.238922	-0.316875	-0.208173	-0.066147	-0.299361	-0.500945	-0.069607	-0.635951	-0.059367	-0.469736	0.121453	-0.611977	-0.574501	0.248331	-0.588765	-0.969747	-0.744162	-0.789195	-0.909216	-0.623817	-0.130445
-0.168256	-0.494406	0.074919	-0.286870	-0.106664	0.299735	0.082273	0.164675	-0.241454	-0.495890	-0.191162	-0.220087	0.102129	-0.146876	-0.230721	-0.512234	-0.544034	0.148682	-0.295963	-0.283746	0.088321	0.042101	-0.614244	-0.416975	0.399759	-0.295207	1.053270	-0.042977	-0.512055	-0.431926	-0.332091	-0.264216	-0.307807	-0.303157	0.192198	0.217434	0.010963	0.021070	-0.549902	-0.613472	-0.613047	-0.506751	0.162391	-0.035570	-0.168401	-0.199384	0.502693	0.461824	-0.309413	-0.334607	0.008799	-0.059917	0.653866	-0.233952	-0.226248	-0.035609	-0.456976	0.110917	-0.198539	-0.148688	0.393934	0.596060	0.169605	0.353327	-0.484956	-0.362414	-0.117888	-0.231313	0.136792	-0.391660	-0.055377	0.059324	-0.259723	0.538270	0.056568	-0.129630	-0.398911	-0.162249	-0.454099	-0.207680	-0.301005	-0.140232	-0.045570	-0.060705	-0.223078	-0.381873	-0.255500	-0.252647	0.224175	0.144556	0.003224	-0.061583	0.053952	-0.246385	-0.405180	-0.395799	-0.191579	0.291773	-0.309278	-0.280586	-0.327466	-0.789526	-0.462442	-0.140742	-0.079843	-0.555748	-0.271464	-0.354582	-0.539339	-0.875823
0.346687	0.177581	0.772759	0.884018	0.702804	1.241392	0.615118	0.741104	0.705424	0.667301	0.599876	0.674017	0.648850	0.404093	0.678908	-0.121405	0.087641	0.625257	0.525705	0.345847	0.452006	0.479079	-0.196587	0.591158	0.662796	0.268477	0.909763	0.236670	-0.536559	-0.191707	-0.362785	0.264152	0.143249	0.136777	0.330357	1.000331	0.534186	0.678898	-0.051937	-0.175950	0.111388	0.025814	0.578454	0.581712	0.255190	0.362922	0.180496	0.304018	0.310371	0.055933	0.592021	0.711062	1.269246	0.329628	0.501919	0.495227	0.489078	0.875038	-0.311999	-0.245943	0.271100	0.581970	0.039578	0.383288	0.144146	0.212910	0.700068	-0.291197	0.349657	-0.090218	0.070110	0.130853	-0.356709	0.715847	0.182262	-0.012439	0.166237	0.349255	-0.079146	0.342879	0.526215	0.475200	0.614967	0.600783	0.198948	0.236181	0.311591	0.252444	0.894662	0.624275	0.628588	0.689586	0.099856	-0.113849	-0.104729	-0.335195	0.436603	0.236159	0.582942	-0.077091	0.205501	-0.271816	-0.765474	0.408538	0.644675	0.380648	0.154645	0.272503	-0.137912	-0.779282
0.786964	0.859458	0.684276	1.246630	1.161591	1.025080	0.907001	0.789858	0.947337	1.314639	0.728116	0.811293	0.769670	0.709138	1.141933	0.262153	0.516687	0.374328	0.960654	0.662169	0.868549	0.356433	0.719114	1.310381	0.150420	0.248944	0.123124	0.048987	0.137084	0.101895	0.104497	0.330759	0.263194	0.243387	0.179824	0.791151	0.831694	0.779002	0.578495	0.018214	0.926378	0.522586	0.239831	0.352878	0.054075	0.183391	-0.777285	-0.389263	0.600090	0.165237	0.856926	1.277413	1.190185	0.288119	0.910292	0.597559	1.006076	1.111990	-0.003853	0.101729	-0.073918	-0.159142	-0.228097	-0.049812	0.806408	0.520862	0.880625	0.170105	0.032348	-0.120548	-0.298058	-0.367954	-0.126240	0.365892	-0.164324	-0.493924	0.308417	0.253286	0.083225	0.226613	0.944954	0.684972	0.793103	0.716500	0.190346	0.457438	0.645707	0.161726	0.809850	0.452435	0.684321	0.953667	-0.416594	-0.318416	-0.146333	-0.423211	0.706871	0.548456	1.500604	0.384964	0.444658	0.747342	-0.035207	0.601353	1.139753	1.162526	0.347994	0.461365	0.283926	-0.147750
0.642267	0.773928	-0.257651	0.125119	0.519225	-0.377065	0.651277	0.185214	0.075478	0.552355	0.049145	0.095292	0.005221	-0.119712	0.549065	0.362786	0.125515	-0.495001	0.359312	0.119182	0.984811	-0.070197	1.124508	1.089400	-0.550005	-0.533627	-0.166660	-0.406570	0.286008	0.615383	1.337202	0.196837	-0.330348	-0.303078	-0.425199	-0.409958	0.326032	0.057639	0.714990	-0.503079	0.958407	0.442304	-0.636091	-0.569626	-0.523731	-0.638205	-1.891278	-1.280542	0.451893	0.084324	-0.041972	0.391725	0.523642	-0.254540	0.445139	-0.093253	0.169617	0.293359	0.161496	0.022302	-0.362519	-1.044592	-0.702891	-0.812849	0.746942	0.336922	-0.122945	0.484759	-0.499013	-0.551761	-1.407549	-1.376773	-0.240620	-0.129051	-0.604877	-0.795099	-0.284969	-0.510159	-0.445960	-0.734932	0.468459	0.032267	-0.007320	-0.227079	-0.463070	-0.187892	-0.131486	-0.321061	-0.390920	-0.546518	-0.117336	-0.002542	-1.297136	-0.737777	-0.690914	-0.821549	0.507952	1.296543	1.505162	0.386524	0.271228	1.516460	1.139829	0.349326	1.362854	0.945506	0.553826	0.399892	0.554656	0.107016
0.004903	-0.006136	-1.167959	-1.424085	-0.660345	-1.365917	0.192769	-0.367400	-0.975781	-0.701755	-0.804554	-0.645952	-0.978886	-1.435458	-0.553134	0.126988	-0.580980	-0.868317	-0.629311	-0.751779	0.561434	-0.209690	0.521562	0.322044	-0.651980	-1.310926	0.591744	-0.551317	-0.695859	1.209648	2.281094	0.372295	-1.031140	-0.937822	-1.104849	-1.378067	-0.662695	-0.904002	0.328048	-1.026235	0.227107	0.055284	-1.062999	-1.066985	-0.782799	-1.130885	-2.214019	-1.762669	0.358740	0.175619	-1.515487	-1.269982	0.005760	-0.428884	-0.404515	-1.019866	-1.441269	-1.171310	-0.075353	-0.796111	-0.464754	-1.349744	-1.127078	-1.321116	0.036645	-0.064904	-1.599844	0.106927	-0.735695	-0.792132	-2.405186	-2.116038	-0.889935	-0.633956	-0.949567	-0.410857	-1.057252	-1.244481	-1.132652	-1.578504	-0.427754	-1.099469	-1.144205	-1.424727	-1.259528	-0.987594	-1.463979	-0.630283	-1.668855	-1.513328	-1.101602	-1.412449	-1.587162	-0.833160	-1.089203	-1.007185	0.068681	1.694343	0.532450	-0.206336	-0.011394	1.451140	1.565190	-0.088161	1.121680	-0.008756	0.757804	0.516628	0.625226	-0.291903
-0.466543	-0.640831	-1.204025	-1.791887	-1.044516	-0.676988	0.144056	-0.203421	-1.027379	-0.914179	-1.114327	-0.731117	-0.989007	-1.596440	-1.113116	-0.292833	-0.586782	0.037081	-0.795515	-0.941214	-0.076368	0.151968	-0.476705	-0.078652	-0.201547	-1.393940	1.527520	-0.123636	-1.877922	1.325624	1.659421	0.658906	-0.961917	-0.831304	-1.146413	-1.044741	-1.263334	-1.321881	-0.225730	-0.676353	-0.438767	-0.040638	-0.427903	-0.455287	-0.520240	-0.766205	-1.120174	-1.290486	0.629540	0.551593	-1.957299	-1.700489	0.353221	0.244871	-0.715515	-1.235902	-2.213431	-2.075885	-0.267701	-1.409696	-0.310716	-0.788761	-0.914499	-0.941152	-0.546724	-0.266544	-2.145617	-0.561019	-0.556596	-0.426959	-2.104181	-1.785299	-1.338548	-1.108959	-1.223308	0.135824	-1.318448	-1.288475	-1.099819	-1.319945	-0.856638	-1.686437	-1.496962	-1.546764	-1.522285	-0.969600	-1.924805	-0.514924	-1.592720	-1.400854	-1.313288	-1.735821	-0.636768	-0.293743	-0.629916	-0.516200	-0.470432	1.075595	-0.593902	-0.724012	-0.159721	0.620118	0.590072	-0.550234	0.266107	-0.747782	0.642919	0.693335	0.388433	-0.811696
-0.395582	-0.602038	-0.554821	-0.804785	-0.267795	0.901690	0.479628	0.367912	-0.128039	0.064680	-0.752492	-0.286795	0.115669	-0.199019	-0.799438	-0.667969	0.302280	1.513709	0.098487	-0.217788	-0.376193	0.534105	-0.920971	0.145243	0.121683	-0.867836	1.295759	0.437125	-1.913187	0.663640	-0.146965	0.325643	-0.105070	0.047395	-0.318053	0.217960	-0.978315	-0.927192	-0.625799	0.355891	-0.492152	0.175274	0.595741	0.507163	-0.237155	-0.178451	0.781842	0.025665	0.770069	0.752368	-0.782739	-0.239858	1.225046	1.004468	-0.372270	-0.615910	-1.377367	-1.671021	-0.110062	-0.926194	-0.064755	0.113735	0.094770	0.207499	-0.554174	-0.208740	-1.302600	-0.580955	-0.287071	0.264428	-0.552924	-0.553605	-0.846028	-1.374249	-1.303761	0.057473	-1.021157	-0.734571	-0.370624	-0.257936	-0.618269	-1.131580	-0.817224	-0.423319	-1.090394	-0.172488	-1.022018	-0.246714	-0.144681	-0.302885	-0.586385	-0.600750	0.904594	0.541804	0.385467	0.290973	-1.049960	-0.186120	-1.048980	-0.487488	-0.263737	-0.432715	-1.207755	-0.999535	-0.868025	-0.796664	0.198215	0.359400	-0.244441	-0.975303
-0.135060	-0.254614	-0.114922	0.123135	0.564406	1.469594	0.515347	0.521431	0.517547	0.900473	-0.170090	0.112239	1.067550	1.159432	-0.242081	-0.825749	1.130276	2.018911	0.975436	0.560737	-0.243716	0.386561	-0.599845	0.367916	-0.012444	-0.268167	-0.171624	0.393134	-0.766459	-0.284432	-1.240755	-0.720796	0.641715	0.808530	0.706904	1.009205	-0.112120	-0.091574	-0.673437	1.047386	-0.228567	0.270814	0.752833	0.543535	-0.385256	-0.251803	1.906901	1.256685	0.143720	0.218655	0.685466	1.376280	1.441733	0.727611	-0.131582	-0.048409	0.036611	-0.601258	-0.038790	0.114346	-0.094365	0.483279	1.106503	1.129660	-0.327117	-0.211319	-0.145726	0.294444	-0.251558	0.632820	0.752228	0.467975	0.308530	-1.283789	-0.982696	-0.606310	-0.644192	-0.255026	0.114327	0.341909	-0.380363	-0.015301	-0.008018	0.634191	-0.437319	0.443906	0.204244	-0.236088	1.077476	0.518131	0.245876	0.596699	1.608542	1.029843	0.833888	0.578905	-1.413321	-0.964034	-0.677566	0.415307	-0.488752	-1.154262	-2.334398	-1.216535	-1.454751	-0.494729	-0.088581	-0.583366	-1.022474	-0.842060
-0.177314	-0.198335	-0.299440	-0.110818	0.376576	0.449509	-0.069175	0.141266	0.077066	0.574237	0.121091	0.148490	0.728166	0.873785	-0.106411	-0.741972	0.898302	0.938347	0.763886	0.482888	-0.068515	-0.080361	-0.080234	0.062737	-0.229482	0.076750	-1.354328	-0.433460	0.286318	-0.726173	-0.523661	-1.485678	0.541609	0.675849	0.977443	0.540410	0.647248	0.582588	-0.235313	0.868733	-0.123932	0.234965	-0.164229	-0.383227	-0.727908	-0.830096	1.283971	1.458805	-0.922614	-0.862771	0.851573	1.219935	0.552781	-0.462710	-0.436862	-0.243075	0.441384	-0.174630	-0.471237	0.430490	-0.442826	0.113375	1.087591	0.974046	-0.328750	-0.506012	0.095720	1.192981	-0.405398	0.336144	0.574662	0.459240	1.099008	-0.973534	-0.383548	-1.057832	-0.478522	-0.271671	-0.208648	-0.127283	-0.673883	0.453512	0.022554	0.430432	-0.123177	0.297223	0.562510	-0.547296	0.741832	0.128745	0.293921	0.398019	0.881671	0.938844	0.171534	0.093432	-1.212912	-0.626343	0.036761	1.221691	-0.737045	-1.249650	-1.693767	-0.919286	-0.964120	-0.300503	0.135601	-1.372134	-1.362630	-0.609500
-0.421829	-0.407445	-0.627004	-0.940676	-0.438821	-0.709598	-0.634510	-0.039939	-0.878711	-0.425348	-0.020768	-0.011806	-0.478442	-0.576290	-0.313733	-0.550370	-0.282906	-0.698093	-0.302968	-0.350449	-0.105467	-0.106278	0.128794	-0.451895	-0.092339	0.191822	-0.837513	-1.291492	0.332786	-0.529026	0.792869	-1.014656	-0.177995	-0.124445	0.301893	-0.498522	0.877930	0.721318	0.548799	0.321327	-0.090408	0.504533	-0.954462	-0.966626	-0.709063	-0.928690	-0.305216	0.635634	-1.317709	-1.517253	-0.166372	-0.326492	-0.393732	-1.197833	-0.754453	-0.792400	-0.417075	-0.732847	-0.917082	-0.217392	-0.591319	-0.267801	0.021076	0.012556	-0.473068	-0.915993	-0.428810	1.125659	-0.469200	-0.347581	-0.576730	-0.209702	0.922512	-0.701333	0.020943	-0.776725	-0.365861	-0.509285	-0.774705	-0.868836	-1.094161	-0.195852	-0.577056	-0.650487	-0.242967	-0.135973	0.107200	-0.837325	-0.608157	-0.916257	-0.401656	-0.864414	-0.336959	0.595602	-0.828562	-0.510084	-0.467896	0.228101	0.462904	1.224602	-0.733459	-0.782114	0.142775	-0.257549	0.112589	-0.241315	0.528322	-1.224788	-0.940146	-0.251144
-0.365938	-0.384120	-0.509108	-1.043859	-0.621542	-0.470696	-0.371196	0.406984	-1.105717	-0.923374	-0.323899	-0.044982	-1.111963	-1.279874	-0.342150	-0.414216	-1.316161	-1.358924	-1.006121	-0.989697	-0.173628	0.517841	0.083242	-0.518433	0.275601	0.171695	0.965563	-1.210952	-0.174995	-0.322756	0.659615	0.281680	-0.707870	-0.703912	-0.548454	-0.866102	0.624649	0.362203	1.071691	0.032106	0.205409	0.993187	-0.536690	-0.354210	-0.270880	-0.186410	-1.190055	-0.350947	-0.551681	-1.024312	-0.841711	-1.147392	-0.174574	-0.625772	-0.383820	-0.764069	-1.266677	-1.204686	-0.557892	-0.750599	-0.101658	0.025607	-0.958233	-0.714622	-0.408819	-1.057513	-0.591964	0.121856	-0.318137	-0.808528	-1.147592	-0.580958	0.184730	-0.482734	-0.050529	-0.111518	-0.140514	-0.450162	-0.727210	-0.813400	-0.828643	-1.080834	-0.890480	-1.182086	-0.429715	-0.115068	-0.229450	-0.729936	-1.271266	-1.242792	-0.965693	-1.482574	-0.730315	0.301014	-1.048581	-0.516695	0.309225	0.489497	0.360293	0.391226	-0.380555	-0.160429	1.330546	0.175014	0.680779	-0.155479	0.420957	-0.309903	-0.151307	0.227454
0.062796	0.002055	0.016063	-0.089997	0.170254	0.806880	0.516482	0.913187	-0.247194	-0.551875	-0.413466	0.116353	-0.471661	-0.363400	-0.031301	-0.365964	-1.256605	-0.613604	-0.599801	-0.721003	-0.053289	1.007173	0.037037	-0.078309	0.431719	0.054069	2.165210	-0.130095	-0.337543	-0.531930	-1.073653	0.976385	-0.586561	-0.561073	-0.731615	-0.256715	0.155662	-0.138988	0.692491	-0.094600	0.564479	0.856509	0.642615	0.682706	0.089290	0.561647	-0.672120	-0.733271	0.524441	0.184105	-0.277496	-0.181973	0.886563	0.489635	0.470490	0.072356	-0.907544	-0.472030	0.440802	-0.318892	0.693887	0.730201	-0.831064	-0.597261	-0.159967	-0.740278	0.038354	-0.917585	-0.076690	-0.670644	-0.454112	-0.296003	-0.298556	-0.106992	-0.298819	0.257526	0.049745	-0.024577	-0.077941	-0.003168	0.209746	-0.938784	-0.360724	-0.447598	-0.260080	0.361928	0.009127	-0.171894	-0.448340	-0.293043	-0.665718	-0.495268	-0.134485	-0.048109	-0.372176	-0.017197	0.605447	-0.143769	0.009602	-0.609944	0.109999	0.165120	0.763890	0.032824	0.240447	-0.090308	-0.272602	0.482375	0.304783	0.507811
0.237475	0.253104	0.520096	0.983296	0.845671	1.395198	0.874859	0.677837	0.684379	0.004743	-0.236527	0.203039	0.664315	1.002650	0.207424	-0.322611	-0.204530	0.548689	0.376319	0.210881	0.110783	0.509177	-0.082236	0.269414	0.256060	-0.058372	1.453541	0.930449	-0.107056	-0.716319	-2.284738	0.347524	-0.045219	-0.006173	-0.213901	0.484521	-0.302203	-0.379143	-0.453579	-0.420497	0.352497	-0.295438	1.192667	0.842587	0.081811	0.439963	0.432105	-0.414973	0.715673	0.936949	0.794452	1.304543	1.197798	0.806143	0.880732	1.006125	0.458429	1.153418	0.936021	0.608566	1.032611	1.060442	0.189866	0.038589	-0.097617	-0.125392	0.684022	-1.247674	0.122216	-0.112181	0.674377	0.214532	-0.240913	0.428207	-0.192315	0.147118	0.028338	0.352810	0.412547	0.616310	1.149093	0.369259	0.617902	0.806762	0.372514	0.701077	0.368107	0.545429	0.938465	1.070973	0.351588	1.177912	0.473829	-0.545645	0.380439	0.333924	0.432174	-0.882717	-0.231730	-0.976745	0.415370	0.090441	-0.650738	-0.290878	-0.620249	-0.194120	-0.782279	0.582828	0.228358	0.273343
-0.382689	-0.071419	0.750976	1.229533	0.349248	0.422988	-0.018425	-0.257418	0.531769	0.060794	-0.131563	-0.063656	1.084529	1.222452	-0.044797	-0.238227	0.870102	0.874636	0.814804	0.934739	-0.003285	-0.806088	-0.513531	0.063280	0.022272	-0.022641	-0.531160	0.995004	-0.091503	-0.276328	-1.289441	-0.765126	0.438723	0.413969	0.395535	0.526592	-0.649513	-0.228466	-1.375748	-0.741233	-0.564322	-1.512427	0.500360	0.034347	0.024348	-0.267335	1.031954	0.285179	-0.081974	0.591090	1.158823	1.448838	-0.074484	0.061208	0.356085	1.250647	1.608607	2.189886	0.320363	1.030269	0.667047	0.767536	1.036663	0.554689	-0.365531	0.415516	0.589749	-0.831432	0.238855	0.334986	1.138688	0.523200	-0.055706	0.715627	0.313096	-0.098231	-0.092256	0.347433	0.310868	0.512907	1.101982	1.624920	1.178299	1.364045	1.124746	0.532640	0.297855	1.004505	1.480387	1.594309	1.260348	1.887187	0.372432	-0.805937	0.646169	0.224191	0.186014	-0.913296	-0.391584	-0.500101	0.332532	-0.190611	-1.164397	-0.154293	-0.999721	-0.391347	-0.349052	0.178818	-0.013572	-0.259609
-1.358420	-0.684383	0.681794	0.690477	-0.874038	-1.113835	-1.448330	-1.089556	-0.527054	-0.240921	-0.332668	-0.576258	0.531814	0.249133	-0.644656	-0.132944	1.083033	0.151418	0.343150	0.854741	-0.439741	-1.867697	-1.073446	-0.476831	-0.109585	0.112698	-2.033659	0.246727	-0.380022	0.465485	0.829764	-1.099057	0.658847	0.560861	0.655035	0.020165	-0.875170	0.066383	-1.245116	-0.534684	-1.410357	-1.529059	-0.649977	-0.632779	0.277116	-0.561507	0.968482	1.035613	-0.795821	-0.319832	0.643254	0.075853	-1.817350	-0.778829	-0.537631	0.732704	1.667655	1.674867	-0.554205	0.770425	0.093825	0.295318	1.093067	0.753259	-0.648534	0.587616	0.056782	-0.088356	0.174486	0.311884	0.878649	0.692123	-0.163612	0.400933	0.629500	-0.206912	-0.105262	0.091185	0.005072	0.126740	0.135476	1.607205	0.878509	0.890597	1.405611	0.009771	-0.095470	0.935757	0.864615	0.964159	1.368395	1.128819	-0.023997	-0.326790	0.674456	-0.021680	0.065734	-0.402351	-0.691262	0.221242	-0.119762	-0.539898	-0.331260	0.426271	-0.655082	-0.406324	0.717467	-0.286574	-0.136075	-0.410801
-1.552854	-0.858897	0.312170	0.103005	-1.414453	-1.686413	-1.970924	-1.245128	-1.143319	-0.328369	-0.540403	-0.874772	-0.211319	-0.577400	-0.986360	0.014745	0.393921	-0.723826	-0.338478	0.158513	-0.865796	-1.812100	-1.124642	-0.782226	-0.286929	0.096714	-2.032429	-0.252338	-0.305559	0.538797	1.477390	-0.533855	0.688361	0.593357	0.613042	-0.254894	-0.932357	0.182558	-0.346375	0.127969	-1.312527	-0.451718	-1.121213	-0.395881	0.613795	-0.097040	0.786521	1.525959	-0.473951	-0.738925	0.093992	-1.273932	-2.186762	-0.784361	-0.827314	0.051166	0.862129	0.275238	-0.420658	0.522346	-0.163471	0.002016	0.785984	0.873822	-0.563721	0.417002	-0.125860	0.475663	-0.173848	-0.036872	0.661608	0.920520	-0.380372	-0.219958	0.278925	-0.213303	-0.031143	-0.036675	0.085409	0.102229	-0.795819	0.445583	0.111742	0.111484	0.923023	-0.474837	-0.277335	0.439847	-0.016353	-0.007336	0.722899	-0.072315	0.133515	0.718504	0.813061	-0.054791	-0.063429	-0.176024	-1.003463	0.364119	-0.662071	-0.882052	0.589846	0.732987	-0.058093	-0.089108	1.197033	-0.588400	-0.214121	0.212875
-0.493067	-0.357648	-0.190304	0.024954	-0.730548	-1.037978	-1.083583	-0.934595	-0.520284	-0.144476	-0.305226	-0.656624	-0.405203	-0.360685	-0.644537	0.236035	-0.512510	-0.910090	-0.409821	-0.494745	-0.916884	-0.828318	-0.363363	-0.642814	-0.536922	-0.173502	-0.927454	0.136292	0.490894	-0.288892	-0.139479	-0.029641	0.582016	0.478098	0.433195	0.069709	-0.663317	0.122879	0.258162	0.521412	-0.371585	0.265878	-0.618867	0.288035	0.514766	0.447622	0.781690	1.449417	0.595555	-0.264271	0.160459	-1.252067	-0.803043	-0.041651	-0.228362	-0.124407	0.086007	-0.447184	0.732455	0.739737	-0.122430	-0.238746	0.844003	1.074633	-0.117493	0.204173	0.183988	0.427238	-0.573258	-0.280220	0.928836	1.111794	-0.184570	-0.364961	-0.393855	-0.130308	-0.000915	0.123647	0.561738	0.424794	-0.797791	-0.560835	-0.274336	-0.132100	0.132774	-0.501670	0.022434	-0.037133	-0.248877	-0.346536	0.005354	-0.462094	0.877196	1.403241	0.782283	-0.051430	-0.174847	-0.579368	-0.885974	-0.301855	-0.849177	-0.925606	0.341026	0.339805	0.241078	0.404492	0.320481	-0.636329	-0.264570	1.153906
0.856657	0.202209	-0.316827	0.444480	0.187943	-0.246649	0.167926	-0.701648	0.528147	-0.224000	0.232158	-0.145846	-0.116018	0.371459	0.139119	0.399508	-0.958467	-0.571869	0.066361	-0.646797	-0.571339	0.036972	0.585014	-0.409250	-0.512213	-0.431476	0.332177	0.944665	1.338189	-1.069267	-2.019539	-0.220327	0.309039	0.002791	0.120256	0.581571	-0.010025	0.172271	-0.038585	0.204959	0.381216	-0.388547	0.265762	0.526557	-0.041872	0.372700	0.729148	0.770277	1.199028	0.438805	0.614347	-0.050279	0.759384	0.601930	0.588616	0.386434	-0.020745	0.270614	1.599215	1.055216	-0.062034	-0.556424	1.301664	1.173126	0.303090	0.169634	0.413104	-0.368316	-0.487850	-0.193489	1.315301	1.038917	0.487496	0.336662	-0.577293	0.151483	0.055196	0.381179	0.894211	0.575943	0.157094	-0.355577	0.251327	0.297011	-0.078738	0.205968	0.576906	-0.092189	0.197373	0.151077	-0.109851	0.178539	1.307262	0.947675	0.103843	-0.406414	0.120422	-1.055277	-0.241001	-1.226336	-0.421586	-0.337402	-0.774276	-0.215615	0.074528	0.766454	-1.277602	-0.349092	-0.029724	1.517586
1.128077	0.119616	0.349245	0.996747	0.204886	-0.214978	0.469916	-0.689198	0.681561	-0.719777	0.426798	0.185639	0.156033	0.636905	0.651294	0.282055	-0.793029	-0.436029	0.336953	-0.337795	-0.137293	-0.087026	0.758204	-0.460017	0.024387	-0.333934	1.179004	1.292852	1.319499	-0.906543	-1.996935	-0.663104	-0.014075	-0.693456	-0.261956	0.723808	0.665025	0.416289	-0.727460	-0.399143	0.196416	-1.724094	0.844084	0.166393	-0.449997	-0.125974	0.444680	-0.060060	0.597239	0.441210	0.847954	1.095650	0.831087	0.490998	0.838755	1.145797	0.445179	1.638767	1.214984	0.956011	0.014715	-0.657720	1.521021	0.930694	0.360097	0.219433	0.180320	-1.442118	0.285981	0.101548	1.297392	0.760958	0.987746	1.316459	-0.038361	0.498207	0.313482	0.493826	0.697367	0.327252	1.302205	0.819919	1.407041	0.920744	0.628406	1.343021	1.011803	0.225815	0.731464	0.919242	0.467276	1.099246	0.781885	-0.367354	-0.933224	-1.020971	0.932860	-0.920583	0.409184	-1.652384	0.373748	0.662820	-1.331362	-0.097199	-0.326901	0.800589	-2.168893	0.172394	0.558968	0.973722
0.255424	-0.429138	1.438824	1.275163	-0.448604	-0.629908	-0.138369	-0.553255	-0.085600	-0.854315	0.041793	0.169789	0.221375	0.332229	0.400143	-0.074295	-0.295061	-0.667131	0.011794	0.121289	0.129146	-0.973081	0.054780	-0.631033	0.661867	0.080757	1.420331	0.938622	0.529443	-0.092065	-0.408042	-0.601305	-0.071692	-0.972908	-0.427296	0.484496	0.747645	0.505025	-0.806127	-0.568361	-0.459153	-2.143600	0.897970	-0.142861	-0.219257	-0.288855	0.194121	-0.413406	-0.564487	-0.332788	0.624164	1.241564	-0.422139	-0.218356	0.541987	1.478943	0.894721	2.234149	0.179640	0.617786	0.350258	-0.206122	1.073461	0.441140	0.137631	0.150822	-0.191294	-1.866556	1.226143	0.447990	0.905599	0.594027	0.648787	1.655621	0.555979	0.471574	0.655298	0.447627	0.204281	0.040009	1.810989	1.745289	2.283972	1.242282	1.519738	1.881800	1.148628	0.494488	0.923517	1.305340	1.196323	1.510062	-0.148222	-1.332181	-1.280142	-1.227982	1.547894	-0.206849	0.515769	-1.270579	0.955330	1.273093	-0.546889	0.696827	-0.533344	0.510207	-1.546314	0.593253	1.026738	0.120836
-0.458353	-0.600594	1.913435	1.007782	-0.607634	-0.612845	-0.425377	-0.058689	-0.557993	0.110889	-0.379135	0.028385	0.251917	0.093855	-0.403413	-0.293706	0.182150	-0.712167	-0.474908	0.438837	0.265008	-1.530820	-0.594056	-0.430685	0.677750	0.372534	0.957506	0.361556	-0.017901	0.412068	0.665837	-0.028989	0.262271	-0.398160	-0.186944	0.253415	0.075771	0.090301	0.062660	-0.172636	-0.511318	-0.990246	0.589366	0.090890	0.377412	0.155318	0.331225	-0.101437	-0.990071	-1.024508	0.163240	0.435913	-1.367718	-0.814901	0.359570	1.060631	0.836526	1.459752	-0.173562	0.619184	0.924513	0.554722	0.260445	0.074151	0.008024	-0.039864	-0.196221	-1.087868	1.571115	0.797938	0.531712	0.644432	-0.375876	1.093222	0.478174	-0.118873	0.635066	0.336894	-0.076487	0.101396	1.429187	1.474915	2.080861	1.074078	1.498895	0.971497	0.965783	0.397836	0.768030	1.083782	1.373872	1.180703	-0.375733	-0.987324	-0.366691	-0.591043	1.086388	0.492796	0.140920	-0.364105	0.933979	0.942768	0.816509	1.294343	-0.246811	0.010058	0.093646	0.640571	0.822424	-0.265174
-0.153854	-0.089041	1.149475	0.230837	0.095248	-0.021068	0.237831	0.473171	-0.130688	1.552583	-0.292816	-0.022733	0.264037	0.137600	-1.062297	-0.159162	0.372071	-0.288218	-0.563065	0.398899	0.355076	-1.101727	-0.445392	0.168651	-0.060802	0.162246	-0.002434	-0.019934	0.165541	0.225930	0.242513	0.332678	0.588151	0.537292	0.194794	0.160364	-0.700058	-0.584759	1.135137	0.252806	0.246865	0.697965	0.088653	0.491167	0.582386	0.577099	0.681825	0.426035	-0.348168	-0.946729	-0.269974	-0.564030	-0.982841	-0.840225	0.564889	0.174382	0.259430	-0.018323	0.397706	0.926231	1.225078	0.890654	-0.311559	0.030429	0.108278	-0.213417	0.105362	0.321158	1.052387	0.916087	0.233972	0.574623	-1.153576	0.207384	-0.219675	-0.883029	-0.014959	0.073116	-0.066968	0.288112	0.537709	0.264709	0.799640	0.465327	0.343263	-0.864659	0.440459	-0.006310	0.355965	0.406393	0.712481	0.337740	0.287368	0.320002	0.949368	0.380893	-0.248263	0.768587	-0.204774	0.501380	0.362190	0.024822	1.434804	1.045198	0.361271	-0.518620	1.490006	0.311235	0.034281	-0.127434
0.402974	0.370357	-0.287588	-0.629197	0.667635	0.383381	0.921945	0.492417	0.269231	1.860777	0.075363	-0.016085	-0.024414	-0.081279	-1.058089	0.016648	0.124945	0.060172	-0.341190	-0.100475	0.242015	-0.250139	0.100970	0.515238	-0.841592	-0.458372	-0.762900	-0.307289	0.281739	-0.192494	-0.560179	-0.030140	0.315701	0.762898	0.215694	-0.102219	-0.726950	-0.805058	1.372370	0.231943	0.806265	1.335642	-0.546018	0.239848	0.019609	0.183097	0.606242	0.569315	0.289989	-0.439424	-0.618825	-1.021829	0.070434	-0.529735	0.602741	-0.585834	-0.442671	-1.105306	0.689168	0.727427	0.710336	0.358473	-0.411659	0.110784	0.127499	-0.334534	0.157232	1.064910	0.005285	0.333259	-0.355022	-0.007940	-0.909354	-0.341339	-0.893913	-1.288404	-0.989503	-0.548351	-0.234026	-0.028230	-0.242441	-0.735326	-0.729910	-0.390980	-1.015670	-1.951316	-0.369605	-0.470967	-0.325432	-0.459937	-0.427472	-0.647698	0.780686	1.239004	1.133544	0.627659	-1.115905	0.693563	-0.189646	0.884072	-0.465326	-0.625515	0.970918	0.277351	0.729165	-0.810982	1.682231	-0.248384	-0.648111	-0.042640
0.039794	0.028496	-1.242533	-1.047680	0.178802	0.039196	0.476809	-0.076708	-0.378789	0.398115	0.133113	-0.055916	-0.692644	-0.907188	-0.482486	-0.177014	-0.447813	-0.247470	-0.285778	-0.855834	-0.218919	0.056730	0.180185	0.112592	-0.919503	-1.009882	-0.722925	-0.707690	-0.543451	-0.325023	-0.379900	-0.812146	-0.579825	-0.120945	-0.259278	-0.704505	0.094844	-0.223904	0.573045	-0.130393	0.313704	0.502974	-1.165300	-0.821971	-0.877838	-0.959984	-0.178774	0.198230	-0.096037	-0.287210	-0.898392	-0.779155	0.557120	-0.375063	-0.050734	-0.838507	-0.842332	-1.294564	-0.242762	-0.412648	-0.480356	-0.660435	-0.272555	0.023685	-0.216211	-0.454207	-0.304005	0.508836	-0.996457	-0.967835	-1.319132	-0.964596	0.160180	-0.430191	-1.071646	-1.197930	-1.648168	-1.403201	-0.866308	-0.983890	-0.528250	-0.720318	-1.574780	-1.145537	-1.526193	-1.273273	-1.148558	-0.796299	-1.139859	-1.206898	-1.338525	-1.394599	0.200572	0.897182	-0.233761	-0.229268	-0.574863	0.508847	0.075000	0.722243	-1.206964	-0.572400	0.227594	-0.214651	0.504364	-0.671398	0.732102	-0.836478	-0.699942	-0.363562
-0.942298	-0.723508	-1.201018	-0.875061	-0.831053	-0.602076	-0.678886	-0.662288	-1.467832	-1.438006	-0.143636	-0.100135	-1.240964	-1.691516	0.135739	-0.553947	-0.883662	-0.856169	-0.454557	-1.311281	-0.711940	-0.232649	-0.243441	-0.593310	-0.377856	-1.063527	-0.134102	-1.005667	-1.689837	-0.155801	0.522410	-1.233631	-1.330282	-1.199296	-0.757349	-1.204548	0.945823	0.596653	-0.408663	-0.388680	-0.675767	-0.687430	-1.402272	-1.755099	-1.312536	-1.814350	-1.043213	-0.272868	-1.016480	-0.538184	-0.983435	-0.270723	0.235304	-0.430332	-0.921437	-0.647358	-0.787559	-0.866513	-1.581507	-1.635599	-1.431834	-1.297260	-0.169085	-0.200206	-0.643005	-0.499777	-0.807339	-0.551578	-1.418085	-2.020672	-1.977429	-1.571519	1.063385	-0.298148	-0.771979	-0.795923	-1.573299	-1.852002	-1.449272	-1.769582	-0.387375	-0.049578	-1.459450	-1.390752	-1.084034	0.256041	-1.426309	-0.830618	-1.589994	-1.462758	-1.513823	-1.567270	-0.878454	-0.116787	-1.765134	-1.264922	0.663371	0.320766	0.286046	0.318981	-1.468553	-0.134104	-0.075721	-0.157041	-0.007560	-0.239270	-0.377378	-1.115327	-0.282871	-0.751240
-1.078167	-0.788197	-0.573194	-0.391575	-0.979228	-0.639756	-0.995141	-0.634374	-1.386189	-1.645143	-0.184164	-0.021968	-1.014032	-1.415288	0.354088	-0.480390	-0.689522	-0.838925	-0.410105	-0.960566	-0.664280	-0.310651	-0.388393	-0.676481	0.089279	-0.547415	0.168524	-0.763244	-1.583075	0.036305	0.825032	-0.804903	-1.096989	-1.170189	-0.677796	-0.949002	0.934902	0.752513	-0.591770	-0.278750	-0.856172	-0.885589	-0.932916	-1.425851	-0.856006	-1.368497	-1.034098	-0.373004	-1.075222	-0.481410	-0.682157	-0.027531	-0.164284	-0.323324	-0.972188	-0.309123	-0.406976	-0.344001	-1.633990	-1.595013	-1.254896	-0.992438	-0.146368	-0.273816	-0.565140	-0.297735	-0.665197	-0.798476	-0.958078	-1.624138	-1.476062	-1.165581	0.965276	-0.104912	-0.238996	-0.233753	-0.811727	-1.259244	-1.127768	-1.373071	-0.137346	0.313313	-0.770969	-0.924648	-0.368135	0.849452	-0.945138	-0.462297	-1.164789	-0.970439	-0.931511	-1.024313	-1.055529	-0.518233	-1.686547	-1.173402	1.043901	0.124480	0.269585	0.046400	-0.942507	0.125835	-0.045666	0.060656	-0.189683	0.091236	-0.632660	-0.742911	0.073544	-0.637364
0.108490	0.127493	0.126232	0.119644	0.088658	0.109534	0.024801	0.020053	0.242523	0.031167	0.261813	0.193288	-0.003978	-0.003059	0.178471	0.216402	0.115310	0.033035	0.040681	0.105515	0.008625	0.205202	0.095052	0.069710	0.152072	0.305836	-0.130021	0.037968	0.122124	0.116786	0.087919	0.288921	0.094379	0.119661	0.016996	0.083759	0.040283	0.085327	0.098173	0.110558	0.093008	0.051590	0.121794	0.175551	0.259779	0.282261	-0.040964	-0.064906	0.101996	0.193801	-0.031605	-0.149962	-0.186637	0.107820	0.006527	-0.003362	0.102810	0.050359	-0.068985	-0.143213	-0.020056	0.062057	-0.137444	-0.094563	0.120229	0.156823	0.178460	0.037607	0.187977	0.223523	0.139740	0.137201	-0.045916	0.125473	0.354353	0.422206	0.312507	0.257673	0.173798	0.209372	0.038447	0.037382	0.055126	0.055239	0.163172	0.045040	0.092517	0.227120	0.041005	0.108559	0.081541	0.024750	0.019746	0.055033	0.141189	0.194806	0.152163	-0.084567	0.071858	-0.000888	0.229114	0.049523	-0.033582	0.117419	0.118406	0.152786	0.039686	0.210408	0.151823	0.036991
