X1	X2	X3	X4	X5	X6	X7	X8	X9	X10	X11	X12	X13	X14	X15	X16	X17	X18	X19	X20	X21	X22	X23	X24	X25	X26	X27	X28	X29	X30	X31	X32	X33	X34	X35	X36	X37	X38	X39	X40	X41	X42	X43	X44	X45	X46	X47	X48	X49	X50	X51	X52	X53	X54	X55	X56	X57	X58	X59	X60	X61	X62	X63	X64	X65	X66	X67	X68	X69	X70	X71	X72	X73	X74	X75	X76	X77	X78	X79	X80	X81	X82	X83	X84	X85	X86	X87	X88	X89	X90	X91	X92	X93	X94	X95	X96	X97	X98	X99	X100	X101	X102	X103	X104	X105	X106	X107	X108	X109	X110
0.232307	0.103216	-0.076661	0.080650	0.401844	0.258525	0.283704	0.221609	0.150124	-0.048678	0.361974	0.361699	0.213007	0.217614	0.001381	-0.040921	0.130550	-0.144220	0.161562	0.223318	-0.212058	-0.348538	0.028455	-0.060190	0.121066	0.065128	-0.133449	-0.074120	0.054821	-0.063535	0.168812	0.198860	0.102117	0.148151	0.268855	0.198644	0.119202	0.044692	0.119436	0.081368	0.078329	-0.072655	0.240426	0.156042	0.100819	0.211385	0.111496	0.058938	-0.089174	0.065951	0.322973	0.375694	-0.354313	-0.417898	0.088574	0.050997	-0.115276	-0.198366	-0.062591	-0.246989	0.038386	-0.120405	0.156208	0.036920	-0.150399	-0.065639	-0.504066	-0.545669	0.091949	-0.023333	0.114784	0.069373	0.043518	-0.173739	-0.129031	0.039562	0.148631	0.163721	-0.017328	-0.037196	0.384216	0.223354	0.090416	0.059111	0.120479	0.056070	0.196409	-0.331581	0.037630	-0.093218	0.163657	0.023452	0.182006	0.135078	0.154833	0.055209	0.089901	0.123908	0.098916	-0.211642	-0.061146	0.060159	0.037371	0.140786	0.050981	0.156934	0.075480	-0.092452	-0.017812	0.065327
-0.404222	-0.844347	0.629825	0.400818	0.134650	-0.601551	-0.123160	0.657357	0.273461	0.509445	-0.063317	0.318542	-0.300943	-0.318905	0.755208	-0.053415	0.245707	-0.225536	0.316812	0.027558	0.843564	0.574821	0.550986	0.286643	0.762816	0.348565	0.525971	-1.213586	1.295346	-1.037416	-0.736558	-0.664900	-0.138208	-0.339094	-1.479083	-0.605926	0.205267	0.796017	0.995207	0.407424	0.991836	1.150650	-0.757804	-0.455709	-0.277105	-0.236776	0.168062	0.457896	-0.201007	0.544676	-0.470229	-0.368642	0.201917	0.042690	0.390060	-0.130202	0.342655	0.791944	0.155023	0.461109	0.001676	0.264983	-0.722940	-0.261281	0.711906	0.218119	-0.053316	-0.247009	-0.688576	0.485325	-0.303781	-0.552050	-0.555313	-0.387299	0.851694	-0.084976	-0.318151	-1.368041	-0.080573	-0.025678	0.120943	0.164398	0.040114	0.440067	0.302908	0.205218	0.246788	0.885092	1.170356	1.411759	0.560445	0.638837	-0.479311	-1.380312	-0.315041	0.394055	0.680549	0.904560	0.195129	-0.010351	0.866153	0.931315	-0.101534	0.645190	1.039686	0.657932	-0.719281	0.322051	0.494993	-1.485725
-0.717689	-0.957279	0.594719	0.467611	-0.181585	-0.686263	-0.446886	0.716149	0.071528	0.811161	-0.597933	-0.380317	-0.316629	-0.406828	1.124811	0.088005	0.760816	-0.176506	0.670949	0.118863	0.933020	0.687417	0.740172	0.609022	0.485695	0.379817	0.473895	-1.246991	1.113752	-1.281562	-1.037049	-1.195475	0.015065	-0.329107	-1.795359	-0.780044	-0.147141	0.598065	1.348985	0.527131	1.452965	1.649843	-1.041428	-0.786717	-0.597066	-0.570700	0.389659	0.574061	-0.027463	0.291987	-0.828379	-0.653982	0.823940	0.649827	0.439911	0.064648	0.303510	0.977846	0.361474	0.817139	0.015909	0.536979	-0.535426	0.029194	0.972059	0.321403	0.309510	-0.405574	-0.735403	0.888349	-0.380952	-0.700538	-0.440977	-0.300990	0.901931	-0.302874	-0.799595	-1.258194	-0.397529	-0.137409	0.096829	0.143548	0.112716	0.664099	0.434041	0.338164	0.572643	0.904713	1.018586	1.333588	0.582025	0.872553	-0.310157	-1.425076	-0.756139	0.162939	0.689653	0.933025	0.154233	0.012273	0.995556	1.207622	-0.064882	0.710212	1.212935	0.598671	-0.897681	0.477494	0.695622	-1.517205
-0.531708	-0.274662	0.186066	0.327559	-0.252017	0.073458	-0.410822	0.580303	-0.191383	0.898390	-0.943920	-1.088708	-0.034861	-0.166476	0.869994	0.408517	1.022997	0.165594	0.854811	0.373217	0.273105	0.370085	0.625399	0.745272	-0.231582	0.308922	-0.085115	-0.173123	-0.253033	-0.689786	-0.475918	-1.034835	0.309276	-0.011651	-0.704297	-0.385975	-0.477284	-0.082899	1.176126	0.661327	1.362672	1.324724	-0.367355	-0.568763	-0.531013	-0.525455	0.866916	0.817327	0.380465	-0.501789	-0.779540	-0.498098	1.395222	1.293513	0.512856	0.658006	0.030488	0.481583	0.584085	0.756450	0.234017	0.655500	0.451550	0.688323	0.782701	0.389054	0.600086	-0.638235	0.031033	0.963174	-0.003174	-0.259807	0.376247	0.037229	0.172990	-0.349392	-1.018815	0.227191	-0.765233	-0.243551	0.327343	0.131045	0.160184	0.569616	0.375964	0.360487	0.854109	-0.094847	-0.043842	0.101113	0.255410	0.653353	0.551358	0.062115	-0.801242	-0.379763	0.337756	0.245001	0.021597	0.047689	0.504567	1.013946	0.218402	0.356000	0.551442	0.070384	-0.474642	0.563605	0.601877	-0.287404
-0.003110	0.362284	0.315280	0.263556	0.211319	1.024044	0.132374	0.647583	0.010730	1.003036	-0.621339	-0.717930	-0.008350	-0.065360	0.248212	0.776663	0.251583	0.660485	0.472585	0.456664	-0.138691	0.494163	0.473625	0.595828	-0.231942	0.461878	-0.295191	0.859811	-1.247547	0.138504	0.612142	-0.268366	0.211778	0.038280	0.400798	-0.083006	-0.092213	-0.132760	0.845815	1.004924	0.949809	0.701005	0.682718	0.065138	0.042375	-0.043165	1.322846	1.463606	0.656412	-0.995876	-0.627433	-0.333065	1.621555	1.516780	1.005430	1.318614	0.217154	0.176704	0.856273	0.540815	0.653011	0.643632	0.954347	0.910356	0.684294	0.685028	0.890311	-0.156304	0.956871	0.556399	0.495370	0.389513	1.212813	0.300729	-0.297382	0.111254	-0.666524	1.338160	-0.722920	-0.167192	0.568453	0.074719	0.006648	0.180311	0.107641	0.209483	0.635126	-0.861610	-0.499366	-0.513468	-0.074586	0.299914	1.133876	1.619373	-0.276705	-0.518469	0.341970	-0.351859	0.034372	0.440479	0.258465	0.922412	0.599790	0.076398	-0.138417	-0.246872	-0.039947	0.900739	0.493741	0.588655
0.381535	0.241771	1.043805	0.440269	0.881643	1.399481	0.752591	0.796906	0.687267	1.175349	0.358768	0.497919	-0.297284	-0.254187	0.031795	0.952724	-0.972212	0.762804	-0.071752	0.316446	0.205388	0.980300	0.402168	0.365683	0.583079	0.789761	0.293166	0.694709	-0.802101	0.494156	1.441552	0.351842	-0.243986	-0.310797	0.262382	-0.339588	0.711545	0.509292	0.571829	1.144935	0.476119	0.359952	1.008691	0.431400	0.599801	0.423652	1.194381	1.755105	0.521591	-0.722062	-0.465963	-0.484804	1.287338	0.931363	1.656827	1.647826	1.014857	0.664070	1.138204	0.533762	0.948043	0.567342	0.286891	0.368649	0.774746	1.144860	1.138997	1.035902	1.270423	-0.152513	0.536981	0.653935	1.410034	0.237905	0.207869	0.828890	0.123230	0.932283	-0.162230	0.002699	0.521195	-0.007959	-0.160407	-0.159010	-0.077302	0.017160	0.141579	-0.577637	0.348760	0.292307	-0.125359	0.243318	0.781972	1.698092	0.254550	-0.071736	0.878512	-0.139301	0.330676	1.128738	0.673169	1.101761	0.786390	0.289827	-0.062856	0.118825	-0.090856	1.350036	0.482041	0.106258
0.194711	-0.488124	1.428214	0.680458	0.940768	0.905317	0.701161	0.446947	1.245147	1.170829	1.261699	1.116593	-0.394594	-0.398741	0.729665	0.684081	-1.171489	0.178410	0.052844	0.235921	0.924007	0.906545	0.296180	0.357121	1.076641	0.817507	1.221036	-0.606970	0.593986	0.243819	1.356700	0.148881	-0.427226	-0.586281	-0.950331	-0.867474	0.870453	0.831300	0.234564	0.488926	0.052013	0.392126	0.065845	-0.017570	0.517195	0.351314	0.363386	0.804350	0.142049	0.011601	-0.146017	-0.780169	0.513056	-0.141097	1.623845	1.423631	1.732734	1.595542	1.251569	0.854772	0.806637	0.517805	-0.735908	-0.246261	0.703645	1.336062	1.166551	1.882838	0.802766	-0.727466	-0.013250	0.302714	0.853823	-0.124335	1.265146	0.955790	0.817022	-0.379336	0.471646	0.036754	0.135521	-0.007338	0.030075	-0.055143	0.159507	0.031241	0.058417	0.352136	1.514568	1.471965	0.112887	0.576154	-0.023474	0.280741	0.073737	0.397216	1.188208	0.675135	0.625316	1.485701	1.204812	1.076085	0.634705	0.732337	0.668503	0.753916	-0.497996	1.379103	0.281828	-1.078680
-0.446831	-1.068220	0.836201	0.678111	0.010201	-0.152065	-0.179716	-0.536585	1.211574	0.789716	1.325066	0.480468	0.001460	-0.188440	1.799542	-0.082137	0.085711	-0.547148	0.886594	0.410048	1.425848	-0.022661	0.088378	0.528080	0.472731	0.260581	1.682374	-1.783788	1.645329	-0.147446	0.384841	-0.594166	0.002154	-0.394154	-1.908830	-0.962686	0.036506	0.331459	-0.277167	-0.744536	-0.300106	0.407781	-1.377869	-0.900668	-0.097286	-0.177153	-0.459962	-0.892186	-0.042301	0.696633	0.327162	-0.724791	-0.339328	-0.783222	0.497160	0.694144	1.609003	2.062898	0.933784	1.183615	0.294371	0.516218	-0.818406	-0.093274	0.363649	0.935375	0.884423	1.499986	0.051432	-0.836488	-0.524909	-0.265834	-0.123532	-0.567452	1.765861	0.041337	1.042713	-1.200517	0.670147	-0.062235	-0.271821	0.211218	0.544460	0.465596	0.704251	0.329408	0.499037	1.045272	1.593591	1.595839	0.456491	0.910906	-0.278316	-1.168433	-0.680444	0.337158	0.461660	1.138847	0.426456	0.905557	1.059883	0.420172	0.288858	0.638423	1.141927	0.753392	-0.687421	0.723613	-0.375277	-1.584753
-0.918607	-0.967258	-0.115482	0.445031	-1.239068	-1.111746	-1.085029	-1.385552	0.728380	0.208767	0.640051	-0.329810	0.539167	0.245001	2.088416	-0.951260	1.534017	-0.565051	1.460184	0.684216	1.477817	-0.895368	-0.106730	0.505598	-0.613974	-0.514519	1.336271	-1.688940	1.659082	-0.208895	-0.789190	-0.931525	0.588122	0.085934	-1.570921	-0.331990	-0.852646	-0.241351	-0.750422	-1.486197	-0.542345	0.058484	-1.941917	-1.208167	-0.556985	-0.558064	-0.519820	-1.796772	0.111366	1.175025	0.661387	-0.077439	-0.999844	-0.482208	-0.998412	-0.170880	0.718914	1.613737	0.108722	1.034860	-0.249445	0.482351	0.141704	0.622215	0.110658	0.187588	0.447907	0.317030	-0.420577	-0.466615	-0.291423	-0.464243	-1.072955	-0.844825	1.131821	-1.140883	0.903802	-0.966551	0.390334	-0.065853	-0.292702	0.673346	0.903441	0.951210	1.043220	0.733123	0.813046	1.228532	0.495042	0.598146	0.728264	0.814983	0.213391	-1.437518	-1.122647	-0.161386	-1.002872	0.651899	-0.260494	-0.386016	0.198119	-0.521631	-0.044684	-0.264767	0.722423	-0.095604	-0.343173	-0.204675	-1.144420	-0.896855
-0.768329	-0.360700	-0.274924	0.407475	-1.694144	-1.365356	-1.119115	-1.244857	0.227681	-0.167472	0.061669	-0.035391	0.741774	0.567504	1.224925	-1.199695	1.747041	0.194017	1.068851	0.802976	1.119629	-0.756611	-0.224681	0.101456	-1.105608	-0.882822	0.486445	-0.491595	0.963741	0.091303	-1.395750	-0.449455	0.732504	0.451952	-0.203681	0.603819	-0.824830	-0.011660	-0.843581	-1.039360	-0.652239	-0.526294	-1.185281	-0.487256	-0.505445	-0.416826	-0.006831	-1.216688	0.223274	1.440477	0.676328	0.830850	-1.386576	0.276174	-1.602355	-0.577304	-0.042325	0.788922	-0.830298	0.367905	-0.517523	0.420985	0.955129	0.886583	0.230057	-0.219133	0.072709	-0.439573	-0.485080	0.173072	0.536646	-0.171015	-1.575101	-0.769408	-0.038035	-1.257556	0.682108	-0.265246	-0.029611	0.088349	0.137804	1.176819	0.882331	1.083920	0.930110	1.046911	0.620814	1.279232	-0.481801	-0.299640	0.884933	0.363233	0.613080	-0.847367	-0.775347	-0.580653	-1.909551	-0.292759	-0.708449	-1.308169	-0.551916	-0.851139	-0.316604	-1.199305	-0.150992	-0.869161	0.164289	-0.626719	-1.180610	0.187153
-0.268061	0.135954	0.615686	0.871199	-1.001720	-0.781294	-0.394003	-0.285269	-0.083767	-0.133670	0.177998	1.027996	0.695873	0.719787	0.156356	-0.447805	0.775016	0.914225	0.256841	0.741340	0.508667	0.149486	-0.386023	-0.406128	-0.887576	-0.716261	-0.306415	0.562873	0.220197	0.475002	-1.143414	0.270443	0.545193	0.645418	1.019487	1.203934	-0.197435	0.750543	-0.580512	-0.039610	-0.684358	-0.895312	-0.099294	0.585313	-0.243315	0.029431	0.212082	-0.080363	-0.075535	1.280875	0.635589	1.425325	-1.407630	0.686140	-0.842060	-0.185507	0.081896	0.507414	-1.198011	-0.225350	-0.382341	0.506421	0.750404	0.334457	0.530326	0.138193	-0.165477	-0.251302	-0.330709	0.824609	1.070568	0.230569	-1.370900	-0.288621	-0.612128	0.023124	0.454444	0.184606	-0.318282	0.172773	0.656711	1.361400	0.868765	1.029424	0.708313	1.213239	0.435047	1.435913	-0.239568	-0.169763	0.972590	0.064323	0.284568	-0.503375	-0.114139	-0.578166	-1.409848	-0.687430	-0.289192	-1.022567	-0.351577	-0.109613	-0.517834	-1.179693	-0.501534	-0.607043	0.183219	-0.102574	-0.063065	0.552243
-0.052922	0.114567	1.547056	1.417901	0.090382	0.140493	0.148749	0.434970	-0.220920	0.162332	0.649634	1.422226	0.838538	0.888802	-0.035255	0.744182	-0.125989	0.913244	0.045564	0.619044	0.012496	0.735868	-0.601601	-0.611311	-0.701815	-0.449498	-0.621871	0.556115	-0.224483	0.713911	-0.336246	0.523372	0.595778	0.858835	1.240443	1.175690	-0.077635	0.974906	-0.441822	0.237808	-0.700298	-0.804768	0.153171	0.983956	-0.136146	0.379213	-0.204853	0.373998	-0.504233	0.547539	0.910533	1.460609	-0.944685	0.597992	0.438632	0.579050	0.835834	0.914653	-0.685200	-0.179181	0.000026	0.737984	0.039987	-0.211361	0.611850	0.841427	-0.239907	0.210577	-0.077970	1.226754	0.770500	0.406738	-0.621692	0.401956	-0.154555	1.555964	0.157471	0.338109	-0.415841	0.040200	0.832411	1.015542	1.190183	1.030463	0.735427	1.146340	0.796572	1.394386	0.833402	0.571292	0.986107	0.193261	-0.304759	-0.675015	0.204832	-0.225573	-0.124800	-0.232194	0.617589	0.026304	0.738646	1.070003	-0.518765	-0.280588	-0.046153	0.383242	-0.398229	0.994117	1.468210	-0.003738
-0.249652	-0.189990	1.344953	1.157737	0.633652	0.680601	-0.000594	0.278133	-0.163660	0.446359	0.747465	0.623128	1.127407	1.025224	0.474005	1.243069	-0.117708	0.360441	0.478301	0.387124	0.043326	0.459988	-0.559723	-0.418772	-0.845160	-0.382777	-0.372535	-0.153499	-0.304608	0.763396	0.416913	0.375442	0.910995	0.990331	0.584116	0.611951	-0.739662	0.174091	-0.769433	-0.520511	-0.655729	-0.433979	-0.364231	0.452542	-0.129645	0.475251	-0.673884	0.041361	-0.381515	-0.362572	1.326602	1.113396	-0.144848	0.438777	1.007854	0.815762	1.187847	1.135582	0.236654	0.313519	0.169969	0.675226	-0.211070	-0.011871	0.337451	0.996513	-0.099045	0.188227	0.280798	1.120027	0.042931	0.354948	0.100535	0.840205	0.639369	1.975046	-0.122481	0.456758	-0.267966	-0.116791	0.516390	0.324982	1.397165	0.868572	0.752884	0.630141	1.234615	0.770463	1.399131	0.823952	0.811873	0.421773	-0.356692	-0.592525	0.201578	0.198883	0.633016	0.380224	0.978015	0.641064	1.700801	1.480861	-0.222817	0.464526	0.506989	0.878764	-0.937640	1.686515	1.980979	-0.623745
-0.305050	-0.120921	-0.006455	-0.146733	0.450795	0.602298	-0.301211	-0.234626	0.081759	0.556075	0.305469	-0.342576	0.892382	0.713457	0.553320	0.536544	0.323122	-0.123178	0.562207	-0.148571	0.491007	-0.103075	-0.042444	-0.035530	-0.731075	-0.278504	0.150614	-0.513342	-0.044844	0.662010	0.634826	0.328297	0.767826	0.596123	-0.250926	-0.241556	-1.178512	-0.961920	-1.190518	-1.231547	-0.460281	-0.072261	-0.628207	-0.382234	-0.033051	0.305811	-0.625657	-0.329602	0.413491	-0.735983	1.184036	0.585903	0.526624	0.391858	0.582403	0.213007	0.542658	0.422681	0.797994	0.556129	-0.203165	-0.052119	-0.057309	0.361745	-0.079014	0.321938	0.145562	-0.063063	0.657490	0.396433	-0.416905	0.095851	0.343865	0.593114	0.755645	1.082140	-0.151306	0.377454	0.207949	-0.048667	-0.093201	-0.274919	0.759018	0.131619	0.233719	-0.368491	0.784504	-0.262287	0.800718	0.233207	0.322857	0.264587	0.005064	0.156704	0.296252	0.449354	0.467476	0.508246	0.435605	0.496667	1.466956	0.583503	0.227018	0.461527	0.508106	0.405669	-0.729323	1.250411	0.802303	-0.446886
0.210472	0.595261	-1.287621	-1.436967	0.102375	0.361806	0.006492	-0.233452	0.303236	0.474685	-0.142809	-0.360768	-0.201376	-0.229561	-0.291909	-0.569468	0.216879	-0.184517	-0.304120	-0.909887	0.607594	-0.145281	0.560337	0.277680	0.054784	0.152400	0.464252	-0.077008	0.285005	0.426432	0.298843	0.414204	-0.247882	-0.413761	-0.718869	-1.027943	-0.460634	-1.365974	-0.960183	-0.786812	-0.159468	0.195744	-0.095388	-0.825108	0.056584	-0.146199	-0.336529	-0.378354	1.137954	-0.306232	0.197026	-0.040315	0.745894	0.194227	0.028833	-0.450953	-0.441661	-0.711448	0.781507	0.304213	-0.730178	-1.006402	-0.365454	-0.210843	-0.310144	-0.378633	0.186351	0.266836	0.841871	-0.678991	-0.523322	-0.466109	0.242078	-0.220165	-0.060598	-0.223856	0.152592	-0.301077	0.836086	0.189645	-0.522122	-0.510754	-0.578063	-0.981996	-0.715812	-1.349426	-0.524048	-1.021896	-0.224935	-0.406192	-0.453265	-0.278272	-0.061368	0.813017	0.491665	0.384437	0.231508	0.455520	-0.151467	0.536502	0.018882	-0.857742	0.588079	0.236320	0.272096	-0.080165	0.250747	-0.011024	-1.072317	0.367576
0.944444	1.331585	-1.353648	-1.386250	0.117389	0.492490	0.824968	0.320270	0.300987	0.293501	-0.112177	0.356405	-1.397120	-1.231036	-1.240282	-0.789078	-0.560368	0.121418	-1.431273	-1.385975	-0.140775	0.313528	0.560288	0.317472	0.908677	0.668963	0.316524	0.654007	0.127840	0.077616	-0.160034	0.172510	-1.396893	-1.341864	-0.674977	-1.309573	0.992011	-0.749412	0.057836	0.526692	0.054468	0.383087	0.684167	-0.717683	-0.067083	-0.676869	-0.419940	-0.425283	1.100498	0.465916	-0.871172	-0.542733	0.703728	-0.214163	0.220603	-0.253771	-0.571924	-1.015830	0.637117	0.061930	-0.567818	-1.235372	-1.270161	-1.611704	-0.157187	-0.150415	-0.096605	1.176552	0.744685	-1.511936	-0.682189	-1.123067	0.220682	-0.810087	-1.130238	-1.047764	0.555593	-1.324096	1.108673	0.348671	-0.279955	-0.490353	-1.524443	-1.601471	-1.281175	-1.575539	-1.421395	-1.044008	-0.557645	-0.241779	-1.222708	-0.743630	-0.757561	0.501995	0.359067	0.030174	0.693970	0.865622	0.167502	1.353362	-1.460808	-1.531837	0.785396	0.429295	0.522129	0.429039	1.350218	-1.005694	-1.889850	0.886463
1.152448	1.169130	-0.379517	-0.111533	0.418681	0.828145	1.305248	0.660666	0.244066	0.170471	0.204951	0.673235	-1.611209	-1.474196	-1.258248	0.055272	-1.138467	0.543805	-1.699079	-1.156335	-1.230503	0.602437	-0.146844	0.026219	0.952145	0.769103	-0.059207	1.079739	-0.727762	-0.228825	-0.304424	-0.500748	-1.552105	-1.402653	-0.282154	-0.930258	1.863373	0.143411	1.070053	1.379481	0.057984	0.380959	0.916382	-0.307387	-0.282514	-0.806150	-0.795771	-0.634908	0.505510	0.909154	-1.042111	-0.654135	0.789506	-0.361649	0.922775	0.595145	0.344440	-0.128044	0.721711	0.282776	0.430771	-0.466182	-1.706158	-2.303836	0.311821	0.847500	-0.367845	1.647778	0.493867	-1.574519	-0.969706	-1.236513	0.318858	-0.466311	-1.561377	-1.155334	0.701533	-1.689342	0.675486	0.314429	0.542266	-0.523445	-1.366366	-1.208064	-0.953983	-0.897990	-0.983026	-0.565889	-0.060077	0.481683	-1.525937	-0.781467	-1.218052	-0.425017	-0.197854	-0.346046	1.375974	1.477596	1.063641	1.973797	-1.737254	-0.979428	0.863880	0.698932	1.167788	1.402689	1.835356	-1.024504	-1.069208	0.579712
0.600013	0.041162	0.463139	0.839926	0.470936	0.591533	0.909802	0.244264	0.479725	0.179813	0.242475	0.067266	-0.799675	-0.889036	-0.360104	0.736843	-0.818172	0.733319	-0.911556	-0.431854	-1.515687	0.398934	-0.845383	-0.365911	0.275843	0.406868	-0.235983	1.089296	-1.518842	-0.213677	-0.129334	-0.977267	-0.646841	-0.711556	0.105992	-0.283528	1.459632	0.451994	1.208944	1.015128	-0.072619	0.065029	0.518914	0.129413	-0.241166	-0.335198	-0.719096	-0.594675	0.015224	0.805169	-0.422718	-0.529690	0.924818	0.074963	1.054323	0.921267	1.152658	0.911131	0.744238	0.629715	1.259685	0.446852	-0.814028	-1.225306	0.745161	1.417481	-0.195051	1.039941	0.227636	-0.776697	-0.885604	-0.446241	0.171239	0.530955	-1.011015	-0.760891	0.434720	-0.823205	-0.168931	0.150905	1.068153	-0.699285	-0.616653	-0.333672	-0.210408	-0.016209	0.084771	-0.113732	0.402346	0.760377	-1.083477	-0.460208	-0.673871	-0.795317	-0.668955	-0.415504	1.118207	1.220013	1.243896	1.141348	-0.802195	-0.022803	0.752906	0.238039	1.221363	1.327938	1.456130	-0.460660	0.191587	-0.112220
-0.195505	-1.108410	0.497174	0.567213	-0.040001	-0.536210	0.037770	-0.623881	0.905804	0.167922	-0.064569	-0.618017	0.098308	-0.140185	0.589539	0.234143	0.075505	0.401929	0.156611	0.256542	-0.579061	-0.010016	-0.838213	-0.499384	-0.209303	0.040360	-0.112163	0.672720	-1.135180	0.193364	0.055067	-0.610435	0.278396	-0.051913	0.235165	0.137307	0.358196	0.276504	0.477463	0.066799	-0.206648	-0.448219	0.012892	0.444112	0.097713	0.256748	0.139938	0.001759	-0.225667	0.495812	0.039614	-0.534230	0.459566	0.537023	0.041343	0.103109	0.818530	1.010609	0.186670	0.379201	0.934747	0.569731	0.818966	0.776110	0.693637	0.733975	0.340324	0.035116	-0.075051	0.464474	-0.039950	0.732751	-0.296717	1.079528	0.067789	-0.177881	-0.059533	0.546482	-0.747837	-0.059554	0.621620	-0.617293	-0.113747	0.208880	0.190625	0.385174	0.360007	0.188374	0.139116	0.197822	-0.088501	-0.004419	0.509222	-0.141912	-0.604624	-0.178935	-0.376715	-0.273061	0.177923	-0.693704	0.220826	0.296375	0.281109	-0.903418	0.080394	-0.175792	0.581418	-0.121017	0.463469	-0.444999
-0.648423	-1.405542	0.257668	0.095263	-0.775781	-1.665122	-0.538789	-1.158326	0.826244	-0.085115	-0.105458	-0.180251	0.501228	0.350506	0.928187	-0.817746	0.656606	-0.348794	0.770548	0.753288	0.691947	-0.407701	-0.318221	-0.320932	-0.094897	-0.055862	0.025910	-0.299910	0.371145	0.609050	0.106016	0.403264	0.480698	0.247735	0.262459	0.403485	-0.435636	0.503850	-0.394953	-0.320135	-0.345845	-0.812386	-0.224279	0.624126	0.362447	0.361048	1.078175	0.726587	-0.658686	0.336925	0.003667	-0.481014	-1.009413	0.096131	-1.366025	-1.006678	-0.189624	0.391481	-0.909817	-0.519499	-0.179590	0.068814	1.821187	1.939332	-0.014919	-0.623145	0.626578	-0.289065	-0.499058	1.378600	1.151981	1.370124	-0.599954	0.494613	0.770151	0.250533	-0.403452	1.171485	-0.747267	-0.247777	-0.195262	0.246213	0.214138	0.442458	0.234154	0.477731	-0.400122	0.561907	-0.596319	-0.521991	0.892343	0.459651	1.305619	0.806453	-0.202218	-0.023022	-1.998237	-1.883278	-1.112696	-1.767852	0.403190	-0.068985	-0.544085	-1.689083	-1.522901	-1.656601	-0.162730	-0.117172	-0.224559	-0.217348
-0.768934	-0.921291	0.548136	0.767784	-1.136672	-1.524598	-0.631076	-0.832682	-0.265956	-0.502878	0.433157	1.248188	0.674653	0.742072	0.660668	-0.899968	0.465742	-1.017554	0.765380	1.209604	1.073934	-0.872783	-0.109536	-0.129533	0.017768	-0.140877	-0.024109	-1.431924	1.475731	0.587263	0.163716	1.151287	0.285201	0.543706	0.509891	0.940192	-0.590094	1.425819	-0.825070	0.186801	-0.551258	-0.707242	-0.297683	0.763110	0.286741	0.014872	1.068785	0.876199	-1.480926	0.181741	0.027137	0.164744	-2.727665	-1.196461	-1.821386	-0.994247	-0.528011	0.138150	-1.851375	-1.152333	-0.797263	-0.045429	1.569358	1.626299	-0.979936	-1.264354	0.285516	0.162804	-1.023032	1.249846	1.683573	1.065555	-0.343764	-0.623611	0.540376	0.280257	-0.371877	0.726365	-0.495299	-0.344779	-0.176847	1.701776	0.925828	0.910609	0.409809	0.792333	-1.055346	0.927965	-1.112524	-0.671809	1.290238	0.732759	1.162206	1.127598	0.009856	-0.250892	-2.319310	-2.219161	-1.380020	-1.295485	-0.076461	-0.287803	-1.353562	-1.338061	-2.223272	-1.653479	-0.436110	0.081473	-0.655968	0.234431
-0.952564	-0.332276	1.207907	1.971238	-0.969114	-0.072750	-0.694130	0.228094	-1.828520	-0.682594	0.842806	1.999967	0.834252	1.068483	0.185343	0.357937	-0.191136	-1.207133	0.280682	1.436754	0.334396	-1.158463	-0.554313	-0.078488	-0.466075	-0.506943	-0.035119	-1.622340	0.897365	0.269485	0.262370	0.958464	0.292423	0.968430	0.872842	1.648922	-0.506616	2.033217	-0.781832	0.922642	-0.715165	-0.055281	-0.462500	0.911903	0.025896	-0.276487	-0.046160	0.340594	-2.142521	-0.327489	0.342141	1.145146	-3.105019	-2.011939	-0.835362	0.442738	0.217588	0.673230	-1.967619	-0.636523	-0.351359	0.753987	0.606532	0.735666	-1.401886	-0.523533	-0.217045	0.589238	-1.459308	0.116133	0.931586	0.239527	0.208926	-0.978502	-0.203294	0.075690	-0.182855	0.013410	-0.503060	-0.388559	0.707433	2.660190	1.712821	1.469450	0.671573	1.128631	-0.732121	0.755347	-1.201032	-0.442807	0.857386	0.441475	0.327089	0.662664	-0.172655	-0.710621	-1.039435	-1.234257	-0.767347	-0.340324	-0.381525	0.202735	-1.585091	-0.212362	-1.541758	-0.531245	-0.389790	0.642706	-0.047836	0.561968
-1.307328	-0.076124	1.300527	1.762787	-0.641147	1.271639	-1.006540	1.332488	-2.577333	-0.372066	0.251853	0.772264	0.673673	0.946929	-0.044010	1.605080	-0.653704	-1.006559	-0.397556	0.963740	-0.626271	-0.633007	-0.998205	0.073091	-1.184693	-0.946976	0.374533	-0.352068	-0.745827	0.310341	0.114759	-0.010358	0.504023	1.065680	0.859058	1.782264	-0.563216	1.218292	-0.478387	1.140802	-0.565957	0.892612	-0.726590	0.897191	-0.202708	-0.355175	-1.278099	-0.326039	-1.864817	-1.007309	0.362094	1.321233	-1.356999	-1.234061	0.678805	2.069402	1.025570	1.264326	-1.223255	0.736410	0.377431	1.819151	-0.205063	0.297937	-0.781042	0.832842	-0.070676	0.411244	-1.495538	-0.910445	-0.624695	-0.403951	0.502221	-0.048194	-0.464350	0.175017	-0.381567	-0.174780	-0.914662	-0.533353	1.074090	2.184445	1.527953	1.307274	0.424099	0.717676	0.146318	-0.246085	-1.179547	-0.424427	-0.102284	-0.449420	-0.620622	-0.140312	-0.552582	-1.039811	0.736169	-0.119659	-0.450809	-0.168447	-0.019836	1.046060	-0.953118	0.707489	-0.351614	0.185266	-0.396857	1.041317	1.105012	0.647769
-1.516054	-0.127780	0.452046	-0.227988	-0.498161	1.230249	-1.249574	1.629226	-1.844852	0.112012	-0.985857	-1.598020	0.146097	0.330040	0.241002	1.377377	-0.489966	-0.729872	-0.719310	-0.081130	-0.827452	0.674705	-0.626325	0.499568	-1.317558	-1.020703	1.164752	1.218076	-1.631284	0.975617	-0.515712	-1.116159	0.628689	0.634135	0.325537	0.960146	-0.673109	-0.585872	-0.083410	0.736097	-0.001278	1.608292	-0.908126	0.414170	-0.502582	-0.557332	-1.468967	-0.628731	-0.580911	-1.112017	-0.199617	0.172599	1.320344	0.549885	1.336483	2.412730	0.875956	1.096302	-0.175359	1.671157	0.396382	2.079237	-0.454150	0.399338	0.483605	1.468378	0.778914	-0.227431	-0.929491	-0.554752	-1.766922	-0.534202	0.354530	1.194885	0.146067	0.819681	-1.225457	0.067567	-1.452444	-0.831189	0.014690	0.602557	0.262528	0.340338	-0.326433	-0.421538	0.701433	-1.492032	-1.131800	-0.490038	-0.743745	-1.145359	-1.177564	-0.905466	-0.948126	-1.130143	1.552378	0.202690	-0.921991	-0.629740	0.783742	1.491836	0.170658	0.896867	0.185211	-0.146894	-0.679629	0.852850	1.723520	0.507818
-1.319871	-0.379750	-0.499228	-1.878286	-0.532749	0.023304	-1.058607	0.707707	-0.359040	0.137707	-1.506877	-2.907555	-0.081197	-0.097354	0.856632	-0.220223	0.133466	-0.453629	-0.211917	-0.741436	-0.196612	1.590814	0.397262	0.842956	-0.678155	-0.689808	1.722666	1.359029	-0.935033	1.562641	-1.361547	-1.913178	0.721663	0.266776	-0.211159	-0.117178	-0.520525	-1.644366	0.255000	0.099642	0.662839	1.578063	-0.931068	-0.568746	-1.034073	-1.018908	-0.499245	-0.651730	0.794396	-0.267490	-0.621822	-1.285858	2.703312	1.591871	0.637190	1.237393	0.089615	0.325913	0.510791	1.242552	-0.229167	1.241755	-0.206659	0.586876	1.358826	0.830913	1.423664	-0.891719	-0.075477	1.073181	-1.704780	-0.376821	-0.022480	1.276692	0.866261	1.354467	-2.154987	0.101080	-1.757819	-1.119285	-1.477032	-0.785533	-0.710099	-0.301588	-0.594635	-1.055079	0.718694	-1.915555	-0.664471	0.076006	-0.342693	-0.661137	-1.078935	-1.546249	-1.358716	-1.141184	0.902690	-0.101957	-1.428761	-0.773893	1.421282	1.238685	0.949989	0.589753	-0.189915	-0.784316	-1.140190	0.309288	1.255807	0.205263
-0.820894	-0.823853	-0.451523	-1.189435	-0.573064	-1.173042	-0.584026	-0.928813	0.597018	-0.506418	-0.651125	-2.107907	0.406511	0.163077	1.179899	-1.753693	0.524941	-0.072862	0.788971	-0.373873	0.469623	1.043597	1.022610	0.556429	0.197458	-0.355906	1.404738	-0.026848	0.339410	1.100954	-1.794918	-2.264284	0.949475	0.502290	-0.219970	-0.428158	0.118775	-0.879462	0.467193	-0.347233	0.922919	0.748456	-0.863363	-1.553509	-1.530884	-1.313120	0.575116	-0.791651	1.132210	0.866702	-0.246733	-1.695062	1.772751	0.949383	-0.676613	-0.412421	-0.232072	-0.242323	0.483479	-0.145893	-0.621341	0.009389	0.212068	0.625948	1.156655	-0.476161	1.052793	-1.281195	0.252909	2.225780	-0.838585	-0.388458	-0.423031	-0.034851	0.668537	0.713013	-2.173131	-0.412563	-1.669559	-1.210610	-1.613129	-1.043309	-0.288817	0.252895	0.296044	-0.187580	0.499439	-1.094445	0.330358	1.304048	0.775397	0.827935	-0.501439	-1.985758	-1.693178	-1.115706	-0.404978	-0.440820	-1.184254	-0.460522	1.333877	0.569683	0.785881	0.243086	-0.830876	-0.977150	-1.380074	-0.230878	0.003664	-0.203145
-0.237786	-1.298034	0.626220	1.143448	-0.488038	-1.645001	-0.185245	-2.080083	0.595583	-1.257847	0.714824	-0.386436	0.885743	0.538785	0.745688	-2.062246	0.138446	0.266023	1.197181	0.347149	0.407035	-0.528828	0.577730	-0.318889	0.873580	-0.287239	0.244010	-1.161490	0.823239	-0.352087	-1.451876	-2.076391	1.012010	0.880932	0.190647	0.111065	1.266462	0.925059	0.704722	-0.362038	0.597267	-0.328429	-0.707270	-1.840980	-1.457203	-0.998785	0.665498	-1.137328	0.166059	1.189026	0.394716	-1.005520	-0.340225	-0.585364	-1.480614	-1.403741	0.242290	-0.240277	-0.122440	-1.305791	-0.340675	-0.794940	0.332593	0.460431	0.168853	-1.437086	-0.086668	-1.242223	-0.397873	1.307332	-0.245984	-0.750336	-0.700792	-1.302301	-0.502473	-1.220681	-0.972659	-1.220181	-1.229071	-1.068384	-0.034628	-0.359719	0.785478	1.286850	1.562305	1.497490	0.207450	0.225399	1.164893	2.127155	1.356009	1.829924	-0.039182	-2.003843	-1.630614	-0.822845	-1.062412	-0.625980	-0.348267	-0.445444	0.339789	-0.083224	-0.183241	0.067357	-1.051533	-0.862562	-0.930691	-0.851594	-1.296613	-0.746052
0.366544	-1.383991	1.652932	2.696130	-0.142135	-1.520128	0.146488	-1.860534	0.300813	-1.312466	1.368330	0.471495	0.380747	0.123348	-0.103283	-1.212154	-0.697052	0.151431	0.392664	0.200138	-0.325110	-1.642700	-0.422869	-1.055213	1.363804	-0.314917	-0.958616	-0.592547	0.408876	-1.546476	-0.607289	-1.327582	0.452211	0.542581	0.544329	0.648300	2.561973	2.086045	1.099301	0.025515	0.016803	-0.951121	-0.350112	-1.209443	-0.730018	-0.228027	-0.142202	-1.306888	-1.177586	0.357327	0.354769	-0.255107	-1.702994	-1.535676	-1.297261	-1.457110	0.717550	-0.081072	-0.739044	-1.540124	0.131920	-1.004891	-0.138988	-0.067782	-0.720133	-1.478246	-1.045123	-0.788912	-1.315124	-1.169764	-0.430599	-1.122653	-0.589292	-0.997360	-1.670581	-3.024623	0.530133	-1.808938	-0.586874	-0.740672	1.752480	0.416351	0.966777	1.403843	1.791100	2.322321	-0.049997	0.922438	1.102754	1.664648	0.638641	1.212993	-0.084254	-1.456853	-0.968059	-0.092005	-0.469259	-0.752262	0.507445	-0.968690	-1.089754	-0.405744	-1.263093	0.060710	-0.697744	-0.729868	0.246495	-1.632495	-1.935513	-1.434963
0.935604	-0.813682	1.676026	2.293582	0.536013	-1.075630	0.631749	-0.605842	0.410000	-0.481295	1.120735	0.149828	-0.798508	-0.885421	-0.474336	-0.014708	-1.031101	-0.489711	-0.872018	-0.931006	-0.977883	-1.427250	-0.934028	-1.052268	1.630555	-0.189272	-1.324673	1.076002	0.017363	-1.460230	0.099938	-0.329708	-0.480050	-0.410110	0.677678	0.578192	3.174616	1.790782	1.327566	0.410037	-0.335917	-0.912689	0.217122	-0.203745	-0.008137	0.426995	-0.702374	-0.923616	-1.562198	-0.857978	-0.217169	-0.005645	-1.452690	-1.202767	-0.495495	-1.020393	0.479706	-0.255375	-0.731134	-1.124182	0.187800	-0.953422	-0.864225	-0.901099	-0.914000	-0.724073	-1.266315	-0.244578	-1.169406	-2.860453	-0.793505	-0.972457	0.096697	0.706183	-1.909276	-3.003232	1.097274	-1.796121	0.021133	-0.296826	2.175445	0.654075	0.093202	0.448215	0.731009	1.621277	0.108483	0.679399	0.360935	0.449758	-0.643201	-0.328198	-0.257204	-0.509133	-0.004053	0.809619	0.768202	-0.714527	1.215999	-1.145569	-1.948262	-0.215342	-1.765907	0.160127	-0.039126	-0.299241	1.415525	-1.997256	-1.522985	-2.001668
1.192078	0.113350	0.851581	0.999558	1.261064	-0.349945	1.102399	0.419833	0.794062	0.630655	0.603250	-0.257688	-1.270235	-1.267651	-0.001698	0.901889	-0.459429	-0.990562	-1.266433	-1.828751	-0.943508	-0.248091	-0.584072	-0.497345	1.303542	0.024715	-0.684414	2.107312	0.173903	-0.543134	0.257083	0.367867	-0.890848	-0.901888	0.758907	0.154801	2.374695	0.603064	0.824085	0.260531	-0.303494	-0.593617	0.752139	0.340830	-0.029918	0.566925	-0.157838	-0.078520	-0.478429	-1.450778	-0.273502	0.153941	-0.152090	0.042563	0.292854	-0.593913	-0.106104	-0.636944	0.028895	-0.646093	-0.111066	-0.857052	-1.042667	-1.432530	-0.500330	0.260158	-0.944349	-0.026113	0.449533	-2.010112	-0.488757	-0.247516	1.065611	2.104128	-1.182806	-1.037057	0.503894	-1.127521	0.330444	0.087542	1.248139	0.325838	-0.464680	-0.330184	-0.421084	0.397682	0.898838	0.178293	-0.126785	-0.187826	-1.098931	-1.092341	0.119246	0.456446	0.627494	1.287331	1.500451	-0.329189	1.760744	-0.125081	-1.455704	0.394313	-1.438320	0.223171	0.552981	0.628938	1.557934	-1.157487	-0.272208	-1.967369
0.859879	0.739594	0.070979	0.258808	1.433426	0.544010	1.062548	0.358883	0.841522	1.303263	0.154493	0.048658	-0.443968	-0.453072	0.643697	1.411720	0.349700	-0.500881	-0.496726	-1.480389	-0.292934	1.104362	0.082563	0.014926	0.233408	0.127613	0.333855	1.748357	0.407316	-0.046906	-0.012751	0.460391	-0.390863	-0.379148	0.746627	-0.183651	0.427417	-0.487753	-0.359687	-0.440777	-0.094832	-0.398328	0.944943	0.086466	-0.745093	0.205885	1.046509	0.789099	1.232090	-1.157175	0.446754	0.544314	1.196978	1.366756	0.768649	-0.335850	-0.147968	-0.673711	0.972150	-0.256319	-0.259525	-0.622847	-0.350572	-1.080219	0.079462	0.910961	-0.373756	-0.049735	2.386697	0.602661	0.389901	0.388758	1.686265	1.896094	-0.145656	1.232495	-0.345864	-0.147827	0.250065	0.177204	0.176918	-0.206835	0.137240	-0.070459	-0.585801	-0.148001	1.697588	0.212732	0.138458	0.199490	-0.352731	-0.497199	0.937526	1.119238	0.542517	0.960959	1.188164	0.241103	1.724470	1.679070	0.146907	0.927258	-0.585770	0.082860	0.806791	1.381884	0.474762	0.777031	0.977657	-1.179043
0.132626	0.744710	-0.175196	0.080592	0.779268	1.268204	0.457672	-0.314055	0.359964	1.392780	-0.450440	0.637665	0.582029	0.564447	0.593087	1.628788	0.582953	0.972794	0.375463	-0.288967	0.463454	2.131186	0.439121	0.318173	-0.964744	0.235929	0.930356	0.786890	0.054619	-0.304275	-0.247956	0.176443	0.275048	0.327022	0.312417	-0.515848	-1.402487	-1.022077	-1.263866	-0.956324	0.082729	-0.253509	0.758643	-0.485240	-1.285546	-0.377798	1.688639	1.331381	2.172345	-0.465018	0.848864	0.696120	1.965194	2.004983	1.016646	-0.128851	0.485759	-0.149014	1.412226	0.275417	-0.036254	-0.159681	0.503885	-0.166323	0.510314	1.038645	0.473782	0.356706	3.071890	2.434277	0.853526	0.236700	1.600829	0.527155	0.562284	2.132342	-0.586187	0.561425	0.036268	-0.009049	-0.235921	-0.630397	0.949154	0.498508	-0.073543	-0.099922	1.436732	0.800817	0.724269	0.664058	0.541455	0.306372	1.224124	1.380222	-0.014670	0.087287	0.357071	0.609443	0.747802	2.975018	1.677747	0.831031	0.146075	-0.201721	0.681904	1.095122	-0.791663	2.569481	1.350042	-0.112084
-0.306941	0.537704	-0.262855	-0.486896	-0.135656	1.640157	-0.034276	-0.353099	-0.148890	1.293594	-1.278804	0.689344	0.395197	0.436554	-0.140333	1.619293	0.322082	2.343621	0.328230	0.573638	0.909251	2.518866	0.483463	0.754643	-1.331156	0.756110	0.782264	0.226609	-0.772268	-0.374908	-0.077172	0.078551	0.103755	0.046595	-0.585130	-1.091050	-2.020765	-1.085198	-0.972118	-0.525220	0.272864	0.189769	0.537868	-0.520756	-0.799986	-0.769678	1.211486	1.497266	1.779927	0.085391	-0.016594	0.137836	1.944501	1.591426	1.181184	0.205866	0.890092	0.452901	1.277551	0.995715	0.298685	0.366247	0.540296	0.300189	0.736179	0.870839	1.467244	1.539204	2.153190	1.877299	0.368317	-0.486722	1.004232	-0.579546	0.732695	1.513550	-0.251479	0.675151	0.172562	-0.028708	-0.265239	-0.930921	0.498246	0.048277	-0.003847	-0.398035	-0.119355	1.202471	0.952313	0.147628	0.404170	0.091350	0.441952	1.338551	-0.329435	-0.570072	-0.076236	0.700956	-0.577607	2.962478	2.004453	0.088340	0.344841	-0.275349	0.415410	0.055966	-0.937055	2.927622	0.730501	0.600900
0.102942	0.832579	-0.752787	-1.703423	-0.335574	1.843904	0.232426	0.812460	-0.063211	1.373533	-1.785416	0.230828	-0.927192	-0.786682	-0.774920	1.363967	0.215204	2.494416	-0.350895	0.655251	0.976168	2.040568	0.630692	1.443310	-0.557808	1.791627	0.145612	0.091122	-1.253660	0.431474	0.533280	0.620481	-0.911852	-1.174888	-1.437814	-1.675894	-1.530835	-0.869193	0.272266	0.647484	0.604002	0.928841	0.704757	0.387577	0.752425	-0.513715	0.362406	1.459241	0.839673	0.380257	-1.514645	-0.661314	1.233211	0.495622	1.283554	0.752972	0.240754	0.443010	1.079946	1.551029	0.435718	0.635121	-0.259249	-0.140505	0.831781	0.710316	1.960785	2.709455	0.729540	-0.134079	-0.194210	-0.630673	0.314160	-0.727711	0.592299	0.500741	0.175836	0.540059	0.977413	0.628520	-0.465708	-1.250816	-1.221967	-1.576612	-0.822611	-1.342143	-1.841187	0.753792	0.716378	-1.136934	-0.683374	-0.806405	-0.562855	1.225075	0.247188	-0.335208	0.215282	0.843242	-0.968646	1.957286	1.010422	-0.709834	0.320045	0.140553	0.361160	-0.365697	0.230398	1.701195	-0.096182	0.831736
1.187896	1.792931	-1.561028	-2.685349	0.509500	2.038592	1.029691	2.359457	0.682676	1.578968	-1.317769	0.081966	-1.926680	-1.677973	-0.790383	0.881058	0.418411	1.445420	-0.514088	0.582156	0.879968	0.910678	1.063296	1.885541	0.634861	2.741158	-0.517556	-0.285920	-0.780980	1.353999	1.354674	1.778156	-1.781101	-2.079036	-1.738182	-1.758109	-0.904406	-0.545844	1.262358	1.449872	1.000278	1.425059	1.281463	1.732409	2.563710	0.567650	0.258743	1.493743	0.526809	0.607801	-2.103415	-0.760084	0.289320	-0.273963	1.312474	1.377009	-1.118533	-0.262201	1.195180	1.562005	0.385817	0.445666	-0.883481	-0.796391	0.877767	0.582864	1.465543	2.651114	0.014637	-1.393854	0.538464	0.666581	-0.203863	-0.444244	0.577449	0.105526	0.641112	0.885604	2.261991	1.944341	-0.825295	-1.545066	-2.674293	-3.077774	-1.807201	-2.158200	-2.265424	-0.371675	0.422031	-1.977123	-1.547564	-1.020161	-0.473986	1.309587	1.719785	0.803088	0.753680	1.243967	0.122489	0.822776	-0.384602	-0.995167	0.795180	0.825911	0.705482	0.630996	1.577443	-0.031949	-0.236702	0.913361
2.094812	2.690397	-2.053776	-2.563828	1.606133	1.974361	1.481395	2.891097	1.514818	1.542973	0.050363	0.690117	-1.541510	-1.184302	-0.473127	0.289856	0.429114	0.231605	0.323776	0.978765	0.890733	-0.184053	1.481920	1.529809	1.208914	2.727046	-0.928453	-1.202223	0.350509	1.064930	2.103694	2.942265	-1.698812	-1.720578	-1.562052	-1.299546	-0.788901	-0.376074	1.149640	1.073909	1.178592	1.170177	1.733341	2.435071	3.606236	2.000580	0.996047	1.775018	1.046587	0.838242	-1.212782	-0.018613	-0.259238	0.019715	1.259754	1.677113	-2.016370	-0.996432	1.391932	1.041599	0.341134	-0.121407	-0.552728	-0.724881	0.868830	0.298491	0.386582	1.288027	0.079197	-0.983155	2.536283	2.737239	-0.463307	-0.468871	0.928077	0.369994	1.449575	1.931515	3.351432	3.184552	-0.980450	-1.501003	-2.569293	-3.139964	-1.978568	-2.056360	-1.116001	-1.306456	0.314832	-1.687777	-1.327434	-0.038705	0.769431	1.686488	3.235655	2.105067	0.867113	1.625471	1.688438	0.126091	-1.147359	-0.809762	1.908960	1.160836	1.292295	2.139033	1.787066	-1.010901	0.352016	1.070161
2.015819	2.576609	-1.838509	-1.566257	1.772779	1.265442	1.061896	1.902439	1.721774	0.981930	1.373712	1.459426	-0.290970	0.115051	-0.440532	-0.285763	-0.076568	-0.338938	1.309534	1.481036	1.033130	-0.783538	1.438137	0.506806	0.836448	1.505258	-1.064469	-2.154631	1.203405	-0.530017	2.542780	3.248146	-0.905555	-0.564948	-1.362152	-0.848526	-0.916617	-0.583698	0.273942	-0.049046	0.923437	0.315459	1.406192	1.786539	3.347873	2.789743	1.476193	2.052314	1.431354	0.808995	0.131693	0.638465	-0.166726	0.936654	0.973121	1.214665	-1.809109	-1.109739	1.128301	0.343843	0.297414	-0.755463	0.304538	0.037860	0.659069	-0.188685	-0.427632	-0.057269	0.081765	-0.076256	3.899650	3.691418	-0.465443	-0.824382	1.340661	0.660829	2.407317	2.886161	3.513584	3.391379	-0.878881	-0.910309	-1.217414	-1.806018	-1.197029	-1.235236	0.341298	-1.375790	0.148369	-0.923387	-0.381037	1.081193	1.752341	2.061179	3.602555	2.605453	0.317924	1.538796	2.126977	-0.191433	-1.055741	-0.635611	2.736735	0.698138	1.671483	2.457185	0.595813	-0.903550	0.790334	1.226060
0.935234	1.354624	-1.195625	-0.683112	0.659739	-0.000872	0.121165	0.291395	1.039830	-0.012406	1.636953	1.422178	0.456222	0.744564	-0.872480	-0.788452	-0.702805	-0.468072	1.251044	1.137411	0.984440	-1.139365	0.817070	-0.455015	0.148894	-0.137496	-0.967630	-2.395661	1.130766	-2.000245	2.464611	2.292019	-0.285527	0.144041	-1.316731	-0.818392	-0.674584	-1.056066	-0.385574	-0.741397	0.332710	-0.419434	0.232028	0.158720	2.034087	2.187575	0.675341	1.653703	0.743436	0.219348	0.599039	0.355604	0.177577	1.207432	0.191736	-0.029305	-1.049451	-0.726720	0.202715	-0.201369	0.019442	-1.129308	0.591945	0.520121	0.099154	-0.631430	-0.689766	-0.253454	-0.463516	-0.141109	2.780627	2.274570	-0.276595	-1.026030	1.184572	0.473156	2.583456	2.592151	2.516396	2.188460	-0.811755	-0.084025	0.023009	-0.319847	-0.237103	-0.589395	0.560344	-0.702062	-0.436710	-0.759255	0.257700	1.019264	1.250695	1.885454	2.325017	1.876976	-0.587656	0.913047	0.958628	-0.547396	-0.683136	-0.736916	2.170184	-0.391970	1.365716	1.024976	-1.020797	-0.414206	0.269397	1.320327
-0.309291	0.017505	-0.715081	-0.504648	-0.849082	-1.148408	-0.585735	-0.625571	-0.140329	-1.014998	0.708447	0.352689	0.076522	0.071561	-1.301303	-1.102468	-0.771982	-0.776957	0.071414	-0.306372	0.442117	-1.652905	0.007186	-0.766888	-0.032815	-1.022694	-0.617976	-1.719574	0.420884	-1.992300	1.740180	0.626147	-0.334607	-0.143777	-1.149909	-0.964273	0.007136	-1.379039	-0.305791	-0.416087	-0.199290	-0.461016	-1.024347	-1.255434	0.415501	0.444091	-1.121080	0.182794	-0.708556	-0.726368	0.010628	-0.625001	0.233882	0.161632	-1.030875	-1.438040	-0.689867	-0.528397	-0.934996	-0.482773	-0.534557	-1.105596	-0.118258	0.039324	-0.677317	-0.761837	-0.758505	0.281264	-1.031927	-0.931059	-0.379232	-0.651151	0.040658	-0.784404	0.248670	-0.114770	1.306821	0.782219	0.882740	0.210774	-0.907489	0.275870	0.271278	0.201736	0.088126	-0.640016	-0.647996	0.081188	-1.339817	-1.283340	0.044385	-0.253116	-0.336191	0.886381	0.205089	0.394715	-1.268322	0.135033	-0.681424	-1.125683	-0.557851	-0.897207	0.268478	-1.424348	0.290379	-0.910095	-1.725805	-0.367576	-0.940452	1.410075
-0.790858	-0.379802	-0.715435	-0.754123	-1.514169	-1.519937	-0.678456	-0.492864	-1.082050	-1.587554	-0.612312	-1.022205	-0.769506	-1.058128	-1.141338	-1.000045	-0.108443	-1.284125	-1.098307	-1.876584	-0.361703	-2.032127	-0.401659	-0.452494	0.373685	-0.690975	-0.087697	-0.622373	-0.038604	-0.689272	0.499364	-0.632754	-0.733031	-0.789863	-0.607823	-0.764686	0.507134	-1.298609	0.167457	0.283865	-0.297853	0.063755	-1.375677	-1.517778	-0.782039	-1.272187	-2.518842	-1.720737	-1.586800	-1.281724	-0.718624	-1.311134	-0.057475	-1.410696	-2.042983	-2.195175	-0.955152	-0.869765	-1.500574	-0.522902	-0.947136	-0.794110	-1.108402	-0.970828	-1.217606	-0.643537	-0.874533	0.274141	-0.841895	-0.945700	-3.037575	-2.791705	0.440063	-0.208085	-0.859240	-0.642059	-0.779196	-1.423903	-0.417945	-1.291304	-0.979451	-0.250337	-0.206886	-0.250552	-0.313061	-1.048251	-1.901358	0.495477	-1.935904	-1.565661	-0.648428	-1.551455	-1.560270	-0.550559	-1.244991	-0.827738	-1.252959	-0.363826	-1.318542	-1.496363	-0.584537	-0.848362	-1.584477	-1.713550	-0.971762	-1.647304	-0.959495	-0.835960	-1.673312	1.385103
-0.357773	0.127703	-1.084632	-0.938342	-0.960059	-1.109668	-0.359542	-0.133849	-1.291312	-1.587772	-1.466326	-1.801772	-1.084644	-1.397488	-0.434251	-0.453682	0.738708	-1.368246	-1.299744	-2.330299	-0.763912	-1.523081	-0.157452	0.036198	0.671391	0.158077	0.271906	0.260673	0.234210	0.579988	-0.761150	-0.801203	-0.865810	-0.883731	0.133728	-0.137022	0.233816	-1.020378	0.307799	0.255575	0.001642	0.488406	-0.565377	-0.770938	-1.224849	-1.810074	-2.417824	-2.695201	-0.972885	-0.889686	-0.773049	-1.089298	-0.323877	-2.055433	-2.049501	-2.022556	-1.301471	-1.400905	-1.067445	-0.403766	-0.765829	-0.467758	-1.395528	-1.519465	-1.163696	-0.635287	-0.859216	-0.657631	0.032419	0.287293	-3.110731	-2.654311	0.680625	0.437659	-1.282095	-0.767459	-2.085581	-2.429245	-0.688603	-1.436752	-0.909551	-1.261276	-0.671218	-0.860446	-0.918397	-1.173728	-1.815539	0.476991	-1.636759	-0.989292	-1.108454	-1.864528	-1.634241	-1.637679	-1.113456	-1.027947	-0.535815	-0.457634	-0.674276	-1.034402	-0.410008	-0.722003	-1.996822	-1.066519	-1.484078	-0.800822	0.568069	-1.242392	-1.142429	0.974756
0.341637	0.602896	-1.468442	-0.992412	0.087203	-0.447491	0.014330	-0.364291	-0.894332	-1.200431	-1.591351	-1.639474	-0.615642	-0.645577	0.051596	0.087201	1.031865	-0.650967	-0.781335	-1.480026	-0.492004	-0.069632	0.375442	0.261723	0.272581	0.419775	0.066284	0.759525	0.744002	0.919953	-1.415818	-0.157814	-0.521544	-0.272950	0.686662	0.470066	-0.600252	-0.885556	-0.228056	-0.723312	0.219046	0.284059	0.649976	0.067256	-0.999550	-0.987229	-1.107778	-2.019904	0.579540	0.147272	-0.183224	-0.192423	-0.340258	-1.232234	-0.955625	-1.338697	-1.255782	-1.580912	-0.039138	-0.312493	-0.148680	-0.393053	-0.821688	-1.208390	-0.670204	-0.914845	-0.601254	-1.566505	0.705450	1.364150	-1.017423	-0.878631	0.325858	0.853991	-0.836969	-0.500677	-1.639665	-1.613692	-0.087286	-0.453931	-0.816192	-1.753148	-0.788020	-0.972065	-1.204409	-0.845498	-0.564143	0.177993	-0.511129	-0.080099	-0.999512	-1.257437	-1.085364	-1.829038	0.155989	-0.284995	0.349686	-0.286277	0.239974	0.137715	-0.090807	-0.842753	-0.880654	0.094668	-0.810643	0.485490	1.510251	-1.147167	0.150686	0.231321
0.639727	0.470806	-1.434284	-1.014125	0.676338	0.032592	0.308288	-0.911326	-0.469210	-0.740798	-1.125255	-0.791770	0.126349	0.423031	-0.341653	0.070295	0.524135	0.443513	-0.432746	-0.327090	-0.185806	1.227329	0.507225	0.045353	-0.556712	-0.261335	-0.611931	1.125696	0.591898	0.674538	-1.218656	0.496353	0.005278	0.458466	0.920562	0.645248	-1.058247	-0.829390	-1.051547	-1.615684	-0.106028	-0.449620	1.221069	0.347571	-0.436538	0.297925	0.065337	-0.484047	1.547601	0.936113	0.489678	0.757727	-0.282007	0.143723	0.388897	-0.653700	-0.869103	-1.280632	0.603252	-0.475641	0.200438	-0.615881	-0.095953	-0.540481	-0.267449	-1.120395	-0.356987	-1.480363	0.563642	0.861118	0.987229	0.675897	-0.643646	0.771873	-0.181981	-0.037713	-0.095905	0.101621	0.494303	0.526877	-0.693559	-1.009331	-0.682432	-0.617657	-0.990933	-0.414535	0.457957	-0.235725	0.667243	0.271354	-0.493563	-0.451885	-0.783317	-1.198799	1.252780	0.539098	0.719611	-0.057400	0.391899	0.959339	-0.057845	-1.154085	0.599085	1.032724	0.401620	0.913183	1.184811	-0.697982	0.984446	-0.330652
0.439356	0.080394	-0.663792	-0.761769	0.517897	0.238670	0.482809	-0.893325	-0.499035	-0.494288	-0.250671	0.200463	0.590798	0.911921	-1.303521	-0.453858	-0.443529	1.070853	-0.617934	0.078004	-0.735875	1.172284	-0.150936	-0.549393	-1.018446	-1.226378	-1.145064	1.465096	-0.444097	0.634165	-0.562862	0.613303	0.349025	0.771615	1.033807	0.474664	-0.440740	-0.404927	-1.418267	-1.276285	-0.918555	-1.170829	0.763296	0.235651	0.075131	0.881934	0.098540	0.402718	0.941143	0.886321	0.805385	1.270883	-0.387130	0.762774	0.903800	-0.103044	-0.392251	-0.769283	0.167294	-0.929272	-0.150262	-0.871452	0.132891	-0.155796	-0.308059	-0.748683	-0.413126	-0.635023	-0.162174	-0.715202	1.202262	0.846655	-1.420062	0.271003	-0.076631	0.412146	0.934309	1.124520	0.243227	0.488060	-0.229272	0.619436	-0.454127	-0.200472	-0.379383	-0.183831	0.365829	-0.626396	1.014919	0.022796	0.032126	0.043787	-0.851145	-0.296487	1.178392	0.524960	0.315413	0.024144	-0.219321	0.557084	-0.472803	-1.141260	1.191882	1.184806	0.894496	0.285325	0.228983	-0.336076	0.783045	-0.355788
0.053645	-0.126398	0.646000	0.035236	0.052906	0.145327	0.383837	-0.187034	-0.931623	-0.634907	0.693424	0.810792	0.677559	0.672279	-1.815131	-0.789701	-1.360064	0.740585	-0.958917	-0.289538	-2.076173	-0.166561	-1.278254	-1.302862	-0.749412	-1.634319	-1.093642	1.477982	-1.633606	0.808443	-0.125945	0.203054	0.467975	0.703062	1.244619	0.407965	0.879692	0.566773	-0.975546	0.113702	-1.643026	-1.482136	-0.172878	0.236510	0.238710	0.381167	-0.635892	0.021623	-0.740486	0.175765	0.724394	1.166382	-0.622335	0.273545	0.255450	0.274227	0.056615	-0.358258	-1.052360	-1.444447	-0.784035	-0.815811	0.020567	-0.078977	-0.648274	-0.000040	-0.748804	-0.145889	-0.957282	-1.568740	-0.061881	0.027471	-1.187268	-0.058788	-0.628676	0.615571	0.483666	0.705716	-0.818106	-0.556222	0.724834	1.881632	-0.038367	0.063919	0.365628	-0.038687	-0.307180	-0.915886	0.295112	-0.097140	0.290974	0.193366	-0.755371	0.285490	0.037799	-0.414998	-0.473434	-0.203695	-0.812786	-0.677075	-0.922264	-0.443599	0.583024	0.528846	0.040936	-0.623303	-0.237728	-0.279890	0.129449	-0.148758
-0.223578	-0.357366	1.626571	0.986320	-0.109633	-0.267797	-0.048739	0.324872	-1.232660	-1.066244	1.103753	0.751566	0.619564	0.287686	-1.285240	-0.403558	-1.812858	-0.272795	-0.981464	-0.573419	-2.968460	-1.445332	-2.014668	-1.833234	-0.176446	-1.282407	-0.707300	0.926229	-2.100841	0.434473	-0.270425	-0.410584	0.595681	0.661850	1.554043	0.752778	1.745586	1.548559	-0.064974	1.143764	-1.607463	-1.361079	-0.666805	0.465001	-0.003289	-0.477588	-0.833969	-0.778789	-2.023488	-0.623779	0.478370	0.625090	-0.746370	-0.561053	-0.859775	0.207483	0.355715	-0.232638	-1.978673	-1.724771	-0.872541	-0.404776	0.222296	0.135372	-0.849991	0.180641	-1.083286	-0.644027	-1.590966	-0.824195	-1.192545	-0.578774	-0.272443	0.296103	-1.253092	0.396231	-0.922131	-0.364331	-1.882643	-1.584898	1.660486	1.727000	0.465813	0.267282	0.885378	0.297807	-0.510487	-1.096186	-0.806174	0.253305	0.254752	0.129184	-0.151408	0.301178	-1.147604	-1.328420	-0.949156	-0.714622	-0.835215	-1.572183	-0.852161	0.615041	-0.571413	-0.373166	-1.423274	-1.091312	-0.015202	-0.387781	-0.093535	-0.228677
-0.277516	-0.898468	1.420617	1.247724	0.188332	-0.712756	-0.521455	0.024405	-0.944162	-1.344875	0.522918	0.048377	0.574556	0.302166	-0.163611	0.398833	-1.490327	-1.150849	-0.554920	-0.173565	-2.232272	-1.378310	-1.625135	-1.621848	0.143779	-0.535260	-0.474787	0.144517	-1.623850	-0.755909	-0.848543	-0.933796	0.831110	0.824883	1.740808	1.306376	1.391372	1.704566	0.730438	0.849667	-0.521427	-0.837110	-0.264477	0.600560	-0.412505	-0.636246	0.212019	-0.751758	-1.926153	-1.154802	0.239926	0.042572	-0.540087	-0.878142	-1.408764	-0.424776	0.243763	-0.436887	-1.739352	-1.572624	-0.173046	0.058529	0.921763	0.686492	-0.615702	-0.731298	-1.040710	-1.550682	-1.855625	0.648938	-1.058555	-0.253188	0.242329	0.984622	-1.240148	-0.143516	-1.953222	-0.703384	-2.143306	-1.559279	1.698360	0.283921	0.650958	0.484874	0.888752	0.803030	-0.044578	-1.125772	-1.257568	0.544054	0.161137	-0.080665	0.667429	-0.035646	-1.372244	-1.120654	-0.680373	-1.247396	-0.469035	-1.549765	-0.198408	1.260135	-1.396251	-0.713245	-2.118100	-1.066626	0.033847	-0.440765	0.233069	-0.572652
-0.160017	-1.338240	0.147169	0.544260	0.448012	-0.698614	-0.678009	-0.560579	-0.266027	-1.064293	-0.869857	-1.088327	0.396190	0.537114	0.648189	0.738992	-0.416516	-1.226170	0.132493	0.465161	-0.114288	0.031768	-0.177069	-0.381113	0.206577	0.202868	-0.404290	-0.247656	-0.562751	-1.820787	-1.448016	-1.223225	0.871809	0.843601	1.495511	1.491685	0.208126	0.763057	1.128829	-0.145912	1.207196	0.166678	0.630797	0.437401	-0.613892	0.129443	1.674162	0.304695	-0.896289	-1.396902	-0.114273	-0.401122	-0.009820	-0.669053	-1.035420	-1.141603	-0.396648	-0.817692	-0.504610	-0.926711	0.611207	0.291308	1.444083	1.188436	-0.107815	-1.974677	-0.402678	-1.860611	-1.306898	1.486806	-0.029562	0.623893	0.070713	1.010688	-0.407278	-0.684127	-1.840273	0.003022	-1.489885	-0.460909	0.461978	-1.316612	0.182303	0.535151	0.355159	1.092488	0.306048	-0.895298	-0.748580	0.205777	0.234219	-0.402379	1.090995	-0.295086	-0.519348	0.218238	0.173967	-1.524480	-0.215569	-0.998803	0.468299	0.997721	-1.507455	-0.042059	-1.520287	-0.890684	-0.658979	-0.468573	0.447094	-0.682760
-0.083874	-1.105503	-1.152709	-0.473039	0.000452	-0.233468	-0.599788	-0.617096	0.022968	-0.448091	-2.340763	-2.359416	-0.156182	0.320361	0.734423	0.061069	0.714218	-0.631280	0.653147	0.377817	1.758308	1.549607	1.383734	1.386134	0.345393	0.656011	-0.123312	-0.087043	0.645734	-1.632398	-1.631019	-1.223866	0.332296	0.279467	0.683510	0.949348	-0.748475	-0.664353	1.124380	-0.597169	2.529579	1.373637	1.161117	0.185965	-0.383592	0.965905	2.024089	1.342667	-0.201716	-1.366360	-0.806469	-0.910522	0.472359	-0.649789	-0.365380	-1.337634	-1.238412	-1.094482	0.653787	-0.014808	0.592356	0.273628	1.051158	1.086255	0.071292	-2.338930	0.487349	-1.421384	0.141325	1.191942	0.611870	1.065997	0.045710	-0.043764	0.685437	-1.053961	-0.939316	0.646416	-0.453820	0.708582	-1.412100	-2.051764	-0.741798	0.189834	-0.438142	0.802331	-0.131152	-0.428226	-0.122164	-0.525142	0.336970	-0.766293	0.778914	-0.228762	0.610283	1.489895	1.013135	-1.483131	-0.272545	-0.423903	0.434985	0.049674	-1.079805	1.250090	-0.514194	-0.757700	-1.401916	-0.719622	0.001438	-0.343251
-0.254493	-0.499534	-1.632769	-1.055379	-1.114371	-0.061772	-0.667466	-0.321280	-0.578806	-0.254639	-3.097379	-3.235162	-0.942356	-0.535812	0.349011	-1.256296	0.954272	-0.199025	0.529943	-0.664731	1.868855	1.875424	1.964664	2.426109	0.591947	0.564095	0.421262	0.223320	1.642923	-0.339178	-1.063071	-0.901956	-0.618061	-0.664543	-0.359236	0.021553	-0.853588	-1.590350	0.699796	-0.353291	2.428093	1.864230	0.847979	0.140302	0.183735	0.979403	0.819419	1.294710	-0.430202	-0.984785	-1.630355	-1.562083	0.377062	-1.199186	-0.248809	-1.131303	-1.716496	-1.143151	0.767027	0.520580	-0.296273	0.034729	-0.022320	0.325293	-0.597004	-1.658815	0.764040	-0.999142	1.608304	0.173600	0.184213	0.611563	0.694755	-1.318409	1.233582	-1.267842	-0.070015	0.241915	0.373779	1.012911	-2.705209	-1.792989	-1.430969	-0.404965	-1.078292	-0.000050	-0.996161	-0.012428	-0.429288	-0.911403	0.127630	-1.033307	-0.029698	0.092010	1.131911	1.566365	1.268677	-1.246052	-0.482562	0.092280	-0.433780	-0.867563	-0.442710	2.077837	-0.292334	-0.604750	-1.104559	-1.225836	-0.836928	0.067192
-0.562208	-0.375037	-1.341199	-1.105802	-1.882458	-0.767493	-0.890546	-0.530037	-1.535165	-0.815435	-2.638021	-2.936044	-1.305198	-1.233893	-0.111840	-2.150915	0.175130	-0.519596	-0.255707	-1.689544	0.228205	0.758676	1.252721	1.753256	0.624952	-0.160075	0.752836	0.362965	2.030720	0.760370	0.214920	-0.275764	-1.170364	-1.108467	-0.893393	-0.490827	-0.334579	-1.380329	-0.096066	-0.340967	0.853250	0.851216	0.023344	0.238692	0.733862	0.306354	-0.657534	0.320779	-0.884650	-0.314979	-1.825015	-1.809085	-0.350449	-1.646319	-0.784490	-1.153617	-1.527323	-1.098023	-0.141195	0.043591	-1.216403	-0.525101	-0.665332	-0.460104	-1.819128	-0.849356	-0.055845	-1.087092	1.869548	-0.888799	-0.572893	-0.061495	1.329511	-1.532403	0.991804	-1.149136	0.381857	-0.601717	0.710322	0.507662	-2.579316	-0.995423	-1.271073	-0.687428	-1.200533	-0.748142	-1.212073	0.081816	-1.539092	-0.614477	-0.331628	-0.959637	-0.643037	0.507695	0.876264	0.586444	0.797759	-0.958626	-0.711085	0.435716	-1.443812	-1.121739	0.197631	1.511960	-0.934547	-0.391540	0.174948	-1.506098	-1.219657	0.113589
-0.619238	-0.836525	-0.728127	-0.871911	-1.306828	-1.837860	-0.772879	-1.337565	-1.664818	-1.423903	-0.962307	-1.107139	-0.708979	-0.852156	-0.493630	-1.843593	-0.662669	-1.179231	-1.005343	-1.529504	-1.703892	-0.898866	-0.080013	-0.251824	0.312207	-1.120025	0.431821	0.462364	1.529518	0.756585	1.533872	0.462758	-0.716249	-0.475867	-0.446466	-0.187009	0.255174	-0.151255	-0.855823	-0.898039	-1.057297	-1.165085	-0.591179	0.137450	0.864515	-0.163383	-0.835450	-0.429942	-0.619725	0.268734	-0.854687	-1.038740	-0.971030	-0.977946	-1.263237	-1.441532	-0.829927	-1.030896	-1.145748	-1.262238	-1.305648	-1.293888	-0.151934	-0.513643	-2.457765	-0.514384	-1.276129	-1.226624	0.696560	-1.373370	-0.431555	0.059019	1.031868	-0.438401	0.447428	-0.383275	0.535718	-0.438679	0.510582	-0.067592	-1.212664	0.020552	-0.328545	-0.238445	-0.668107	-0.789187	-0.222720	-0.025573	-2.137424	0.006937	-0.472537	-0.328663	-0.458073	0.910631	0.316558	-0.365340	-0.125075	-0.715157	-0.953495	0.185092	-1.675307	-0.633986	0.697856	-0.298559	-1.388617	-0.262768	1.163972	-1.015121	-0.623812	-0.120471
-0.257200	-1.019081	0.012320	-0.367746	0.315297	-2.097248	-0.043558	-1.723797	-0.484825	-1.117157	1.172016	1.302394	0.439616	0.342372	-0.752641	-0.658982	-0.670935	-1.248369	-0.937083	-0.220978	-2.425181	-1.902355	-1.041851	-1.996033	-0.022824	-1.577333	-0.388205	0.650143	0.358402	0.055356	1.952952	0.912625	0.306482	0.625136	0.517090	0.412833	0.638449	1.275476	-0.969899	-1.068431	-1.920801	-2.497690	-0.639681	-0.313105	0.417162	-0.009436	0.240071	-0.281076	0.269438	0.357589	0.672803	0.309428	-0.652255	0.718569	-1.020005	-1.183810	-0.010820	-0.688643	-1.331234	-2.229203	-0.488196	-1.640102	0.899928	0.199379	-1.611988	-0.246852	-1.624320	-0.826939	-0.805099	-0.914587	0.619409	0.861367	-0.030888	0.878666	0.125477	0.772485	0.466596	0.863657	-0.121811	-0.309367	0.381922	1.113912	0.601840	0.627955	0.239702	-0.056411	1.187196	0.007615	-1.329312	0.408284	-0.005054	0.678236	0.359680	1.033284	-0.119864	-0.573995	-1.061384	-0.527167	-1.052143	-0.698965	-0.907589	0.076479	0.913230	-2.032469	-0.802546	-0.344073	0.926344	0.055872	0.481603	-0.181240
0.198615	-0.370191	0.762377	0.412776	1.550500	-1.061108	0.814436	-0.903192	1.061399	0.018112	2.470668	2.475393	1.024453	1.008870	-0.785456	0.246727	-0.119808	-0.498275	-0.115563	0.933660	-1.648052	-1.763670	-1.118660	-2.162304	-0.006791	-1.103127	-1.088065	0.605338	-0.772822	-0.317643	1.176360	0.738955	0.794327	0.961608	0.923036	0.438177	0.808721	1.889489	-0.287817	-0.038870	-1.348264	-1.909691	-0.348540	-0.814380	-0.304376	0.250517	0.930525	0.156115	0.823237	-0.018541	1.381249	0.896725	0.439134	1.975694	-0.105677	0.101261	0.629211	0.170122	-0.563297	-1.745849	0.588119	-0.962062	1.141608	0.831394	0.249048	0.435244	-0.754770	-0.163363	-1.377466	0.158546	1.155506	1.015231	-0.874947	1.166154	-0.012921	1.325595	0.056257	1.633907	-0.848784	-0.486436	1.204340	1.887490	0.698694	1.041075	0.896856	0.684635	1.543764	0.169699	0.188834	0.428956	0.538336	1.356938	0.818222	0.467736	-0.398785	-0.319401	-1.559444	-0.264261	-0.693870	-1.382652	0.186926	0.358068	0.843563	-2.242675	0.464431	-0.476481	-0.060179	0.804347	1.007113	0.174066
0.312870	0.503637	1.095140	0.982100	1.400044	0.497728	1.054841	0.532322	1.521515	0.820090	2.171577	1.638860	0.548390	0.427865	-0.612624	0.121941	0.063606	0.324878	0.549888	0.847994	-0.291054	-0.990935	-0.558103	-1.023671	0.243624	-0.071899	-1.185086	-0.042583	-1.263595	0.032979	-0.036873	0.077408	0.313293	0.199896	0.287579	-0.251982	0.697383	1.261467	0.498450	1.380617	-0.236050	-0.023675	-0.128136	-0.926677	-0.706848	0.017197	0.030162	-0.123456	0.514955	-0.344378	0.735138	0.208725	1.137928	1.493885	0.859930	1.624201	0.975879	1.224735	0.510430	-0.012165	1.207685	0.405843	0.095588	0.568233	1.587676	1.105183	0.304859	0.081520	-0.913216	0.800003	0.123056	-0.289856	-1.026508	0.254839	-0.290406	0.665108	-0.539952	0.561388	-1.172155	-0.867449	1.067755	1.808999	-0.020640	0.489174	0.850736	0.529058	0.287893	0.026769	1.001233	0.312260	0.476350	1.083936	0.107523	-0.716347	-0.589463	-0.248042	-1.310109	0.259364	0.052515	-1.033079	0.815231	0.045105	0.706108	-0.772634	1.311719	-0.346698	-0.675804	0.672693	0.427613	0.731584
0.005240	0.682064	0.691232	0.716570	0.265161	1.391807	0.474862	1.283932	0.517210	0.478886	0.911582	0.141623	-0.128410	-0.447652	-0.529468	-0.547515	-0.390886	0.601722	0.343158	-0.067895	0.526987	-0.448450	-0.116089	-0.087251	0.134956	0.589708	-0.745874	-1.034307	-1.213282	0.526940	-0.674615	-0.493092	-0.307824	-0.602697	-0.672520	-0.861048	0.126844	-0.090478	0.394870	1.530599	0.135991	1.240663	-0.235035	-0.575997	-0.484197	-0.525190	-1.749456	-1.130748	-0.183635	-0.156278	-0.142782	-0.499818	0.640240	-0.213194	1.248948	2.112931	1.066862	1.758137	1.015273	1.544075	1.069713	1.343418	-1.177767	-0.332916	1.407850	1.001857	0.449065	0.024290	-0.356738	0.271123	-1.624645	-2.007238	-0.998062	-0.907144	-0.702668	-0.423513	-0.724012	-1.320855	-0.825667	-1.146477	0.579065	0.911630	-0.618298	-0.523325	0.347182	-0.496684	-1.456857	-0.543874	0.764720	0.319473	-0.023335	0.138985	-1.277071	-1.649583	-0.601270	-0.539996	-0.526004	0.989375	0.517637	-0.000909	0.845194	-0.414934	0.695045	0.885263	1.167155	0.070829	-0.569313	0.175291	-0.547021	1.095304
-0.512003	0.170986	0.034390	-0.167557	-0.808916	1.208763	-0.497172	0.900278	-0.840227	-0.423307	0.100126	-0.059664	0.200815	-0.168726	-0.743528	-0.630776	-0.797816	0.710963	-0.397502	-0.390776	0.448526	-0.430288	-0.452278	-0.396124	-0.784459	0.256421	-0.250629	-1.640566	-1.269349	0.382063	-0.570417	-0.522386	0.018050	-0.296175	-0.887971	-0.636543	-0.877504	-1.148968	-0.836904	0.023707	-0.681355	0.696826	-0.748014	-0.112228	0.047931	-0.689189	-2.644994	-1.798730	-0.598613	0.473828	0.233636	0.275921	-0.457002	-1.219578	0.873696	1.377785	1.092227	1.542060	0.493638	1.778795	0.363885	1.239452	-1.236672	-0.729777	0.325804	0.312687	-0.167736	0.443421	-0.408696	-0.785965	-2.187103	-2.276453	-1.407542	-1.323873	-0.890687	-0.537940	-0.071847	-1.704603	-0.072987	-0.814927	0.354829	-0.034629	-0.155300	-0.900661	0.154894	-1.259840	-1.952625	-0.869506	0.514828	0.470768	-0.134522	-0.381205	-1.816556	-1.462677	-0.384468	-0.861906	-0.041588	1.499176	0.196278	0.515263	0.722724	-0.471971	0.738263	0.963040	0.525396	0.403964	-0.296963	0.250772	-0.748492	1.033523
-1.011843	-0.240666	0.079946	-0.545446	-1.306167	0.569932	-1.298395	0.165907	-1.149262	-0.637138	0.368436	1.230199	1.523822	1.278025	-0.911219	0.314534	-0.472980	1.351057	-0.609333	0.644212	0.029302	-0.416527	-1.454776	-1.405492	-2.192446	-0.727831	-0.082669	-1.492366	-1.787187	-0.440483	-0.364838	-0.142999	1.264557	0.933810	-0.210376	0.220211	-1.879091	-1.219974	-2.245698	-1.654168	-1.877763	-0.892817	-1.482501	0.152296	0.371626	-0.160691	-1.807225	-1.226111	-0.651906	1.099925	1.788016	2.156856	-0.885082	-0.355300	0.157336	0.533480	1.324038	1.222292	-0.665471	1.027807	-0.340472	0.721268	0.114320	0.064948	-0.206287	0.131505	-0.484269	1.342829	-0.670237	-0.885798	-0.830771	-0.646625	-2.055270	-0.918012	-0.587332	0.553592	1.074537	0.115174	0.508852	0.093804	0.414893	-0.309547	1.290327	-0.084529	0.727661	-0.673361	-0.626543	-0.173351	1.108289	0.653759	0.476871	0.277615	-0.620246	-0.322673	-0.146396	-0.872488	-0.535941	1.354235	-0.446314	0.021159	0.805574	-0.009542	0.638979	-0.701350	0.240716	0.356806	-0.308258	1.085109	0.089682	0.563082
-1.262202	-0.142525	1.055218	0.323550	-1.325670	0.298790	-1.559865	-0.037359	-0.167022	0.199564	1.012104	2.322224	2.508628	2.361072	-0.415419	1.537903	0.434434	2.308742	0.293031	2.248303	0.010105	0.185075	-2.156171	-1.725434	-3.042288	-1.320719	-0.136165	-0.873571	-2.255885	-1.167908	-0.456056	0.150621	2.254712	1.810134	0.478884	0.848569	-2.260960	-0.384164	-2.494405	-1.887316	-2.169926	-1.791035	-1.874601	0.264565	0.387952	0.672522	0.020885	0.307292	-0.585600	1.382715	2.818455	3.124404	-0.264869	1.442818	-0.163447	0.570068	1.808844	1.472228	-1.402417	0.512123	-0.401037	0.750132	1.638878	1.398606	0.389085	0.965454	0.029997	1.642063	-0.289291	0.405795	1.223210	1.349509	-2.110090	-0.396617	0.125211	1.549284	1.888045	2.308341	0.560684	0.920473	0.399847	0.022713	2.599419	1.323545	1.646890	1.019187	1.395972	1.336378	2.003098	0.839308	1.203492	1.606791	1.450199	0.745174	-0.138361	-0.542392	-1.568646	0.634101	-0.476909	-0.621132	0.982431	0.642979	0.381673	-2.405139	0.526834	0.110322	-0.391944	1.929621	1.068709	-0.123150
-1.018226	0.069022	2.010401	1.719175	-0.986370	0.483623	-1.156579	0.221558	1.039450	1.161164	1.074458	1.879083	2.013095	1.857787	0.739268	1.953412	1.159203	2.525450	1.618272	2.936229	0.416452	1.137752	-1.666533	-0.814550	-2.436411	-0.856265	0.018773	-0.186253	-1.815523	-1.116650	-0.480903	0.088106	1.967640	1.463984	0.404858	0.758261	-1.696206	0.692155	-1.204170	-0.738190	-1.135622	-1.250528	-1.369963	0.382436	0.351048	1.131911	1.541417	1.634738	-0.372496	1.225679	1.988368	1.983161	0.558341	2.261076	0.205544	1.172419	2.114993	1.961785	-0.946190	0.735986	0.328418	1.316929	2.045293	1.980480	1.201127	1.876581	0.783998	0.786779	0.736932	1.615811	2.252101	1.963505	-1.088873	-0.263401	0.851071	1.230135	1.839575	2.691424	0.213943	1.042016	0.169103	0.384587	2.657898	2.133220	2.047740	2.383066	2.486416	2.474033	2.034755	1.037006	1.313769	2.337012	2.636343	1.040549	-0.334268	-0.089212	-1.855213	-0.086258	0.213357	-0.356297	0.891274	1.052681	0.107234	-2.414213	0.807696	0.036961	-0.138795	1.993463	1.209449	-0.731382
-0.321938	-0.030471	1.841707	2.153073	-0.312555	0.516482	-0.292932	0.261292	1.320676	1.235251	0.526989	0.473214	0.347154	0.248613	1.632466	1.314494	1.134783	1.444063	1.969087	2.061927	0.564464	1.506025	-0.251207	0.437078	-0.580160	0.228977	0.537624	0.454872	-0.391326	-0.482565	-0.024650	-0.134893	0.613690	0.302058	-0.197925	0.266198	-0.408823	1.318513	0.583657	0.410687	0.307119	-0.127787	-0.133560	0.421210	0.312266	0.818731	2.089602	1.827357	0.139793	0.647359	-0.087577	-0.180287	0.698247	1.399944	0.686163	1.267027	1.644279	1.650073	0.288055	0.989329	1.175639	1.512981	1.227048	1.295245	1.018685	1.583889	0.934931	-0.209887	1.377872	1.045574	1.780359	1.090591	0.512749	-0.224252	1.020446	-0.124517	1.052568	1.155016	-0.114359	0.492178	-0.039119	0.458015	1.400505	1.708375	1.506834	2.289257	2.031108	2.244660	0.964668	1.048828	0.726600	1.783561	2.148956	0.792359	-0.482393	0.218350	-0.769266	-0.369075	0.713646	0.646529	0.340645	0.934322	-0.174446	-0.836975	0.483568	0.153561	0.486512	1.174654	0.457306	-1.012590
0.345833	-0.208641	0.565352	1.135263	0.457149	0.050941	0.530753	-0.106245	0.659765	0.538042	0.042241	-0.433779	-1.148485	-1.017989	1.402159	0.407322	0.515747	-0.160846	0.805936	0.356336	0.097590	0.854313	0.890902	0.894631	1.260887	0.945726	1.019399	1.008024	1.000821	-0.000179	0.578783	-0.172636	-0.693022	-0.638181	-0.530235	-0.080669	0.959196	1.241886	1.482357	0.681386	0.965213	0.435899	0.955914	0.199527	0.029455	-0.085441	1.802791	0.975652	0.762818	-0.166030	-1.612865	-1.408321	0.243173	-0.023727	0.510139	0.478201	0.359276	0.185600	1.104602	0.541878	1.231165	0.807923	0.053697	0.010791	-0.123125	0.143610	0.445525	-0.148108	0.898323	-0.878691	0.698347	0.024558	1.644861	0.261532	0.298458	-1.255885	0.017382	-0.575222	-0.121138	-0.105746	0.026920	0.362891	-0.195267	0.497068	0.370287	1.032660	0.758406	0.811576	-0.304038	0.549204	-0.190601	0.456560	0.813279	0.524993	-0.408334	0.241511	0.784755	-0.352632	0.397584	1.227686	-0.465781	0.275726	-0.592747	0.659402	-0.303062	0.160527	1.110061	-0.028810	-0.469108	-0.964644
0.548802	0.018835	-0.649822	-0.180858	0.961665	-0.411895	0.943974	-0.266174	0.050313	0.046277	-0.003546	-0.363921	-1.526134	-1.201515	0.392596	0.145132	0.019413	-0.920374	-0.660694	-0.863651	-0.344158	-0.004011	1.042671	0.536611	1.932604	0.921231	0.982110	1.272944	1.353706	0.067157	0.621337	0.034276	-1.127291	-0.833017	-0.341051	-0.185464	1.702425	0.688264	1.256386	0.495989	0.781715	0.373465	1.255183	-0.170562	-0.517655	-0.885429	1.144859	0.044889	1.109531	-0.818700	-1.635951	-1.133361	-0.066034	-0.544831	-0.145910	-0.389410	-0.940418	-1.376230	0.962686	-0.245946	0.421422	-0.218314	-0.706074	-0.904283	-0.905944	-1.023560	0.015053	0.544291	-0.054848	-1.850085	0.057183	-0.276324	1.757680	1.089136	-0.820152	-1.343808	-0.821114	-1.117883	0.144124	-0.193405	0.332232	0.239202	-1.035892	-0.471209	-0.620446	-0.149441	-0.165296	-0.645538	-0.755803	-0.302216	-0.944843	-0.566752	-0.117881	0.279273	-0.125474	0.125528	1.421337	-0.369442	-0.106429	0.811402	-0.945583	-0.479563	-1.041987	0.883578	-0.741465	0.036471	1.220227	-0.906262	-0.858511	-0.813601
0.474455	0.575672	-0.683738	-0.388922	1.169014	-0.210257	1.083559	0.274421	0.272798	0.332458	0.237777	0.019178	-0.932145	-0.710398	-0.125299	0.628425	0.272553	-0.262991	-0.583858	-0.808431	0.079805	0.083383	0.758751	0.245708	1.448488	0.656536	0.475423	1.072956	0.869019	0.197390	0.074806	0.216370	-0.790832	-0.535196	-0.165713	-0.287878	1.416446	0.080029	0.889163	0.496944	0.738844	0.339904	1.015747	-0.333818	-0.868668	-0.824766	0.559284	0.014714	1.133191	-1.009426	-0.744760	-0.333946	0.190126	0.145058	-0.187594	-0.387011	-1.288933	-1.582103	0.583019	-0.497416	-0.320547	-0.625164	-0.912870	-1.075109	-0.252502	-0.812344	0.124063	0.403629	-0.262333	-0.573247	0.117674	-0.046076	1.280195	1.592719	-1.109012	-0.470744	-1.215638	-0.659788	0.364969	0.181202	0.663225	0.094931	-0.769024	-0.519381	-0.830885	-0.415207	-0.180270	-0.885016	-0.029133	-0.594419	-0.764141	-0.613728	-0.318230	-0.195364	0.315908	0.265473	1.007817	-0.306998	0.282236	0.167882	-0.432189	-0.468494	-1.018244	0.364297	-0.209801	0.245605	0.510924	-0.814748	-0.410518	-0.694671
0.715684	0.832792	0.379524	0.392483	1.403810	0.459496	1.329066	1.018725	1.083125	0.984934	0.621788	0.210775	-0.022979	-0.117282	0.526172	1.166970	1.212895	1.050907	1.355080	0.289468	1.186910	1.054452	0.986752	0.502491	0.725787	0.629755	0.006349	0.495755	0.635557	0.773527	-0.265138	0.137903	-0.245157	-0.115284	-0.402633	-0.381739	0.274811	-0.240596	1.099945	0.432043	1.357564	0.466174	0.863528	-0.150957	-0.570917	0.240328	0.320484	0.920782	1.167012	-0.770283	0.136978	0.186481	0.718096	1.252424	0.953827	0.358787	-0.538258	-0.243033	0.835194	-0.187043	-0.240282	-0.316260	-0.721830	-0.713973	1.408603	0.332360	0.472720	-0.895249	0.373054	1.519403	0.415156	0.106360	0.945218	1.454806	0.158578	0.844925	-1.076657	-0.126029	0.296643	0.516234	0.883385	0.054358	0.104716	0.143471	-0.114211	0.036046	0.386753	0.337581	1.449488	0.314703	0.928578	0.125854	-0.325336	-0.742401	0.889790	0.912405	0.748270	0.245583	1.555009	0.266692	1.171126	0.841091	-0.118064	0.340150	0.968810	1.053737	-0.755518	0.358854	0.754845	-0.470607
1.420111	0.437316	1.324014	0.659287	1.802818	0.751620	1.694897	0.960289	1.683866	1.288849	1.138193	0.403972	0.840810	0.562234	1.609911	1.117604	2.104646	1.688006	3.361271	1.473067	1.917080	1.572935	1.740281	0.883110	0.415761	0.633340	-0.021551	-0.140535	1.149297	1.373241	0.106560	-0.137359	0.246756	0.427823	-0.607551	-0.133397	-0.971272	-0.165331	1.348663	-0.316198	1.914194	0.230741	0.913516	0.099770	0.177029	1.503268	0.388888	1.659486	1.392399	-0.255025	0.878325	0.665601	0.944470	1.861340	2.285739	0.741278	0.459740	1.208087	1.434543	-0.235080	0.210734	-0.103510	-0.230641	-0.123221	2.584399	1.095252	0.475597	-2.009133	0.727782	2.172397	0.380817	0.096663	0.903810	1.011488	2.121286	1.951249	-0.466128	0.099723	0.017446	0.454396	0.952683	0.290948	0.798658	0.711980	0.978889	0.484017	0.865065	1.866195	2.574620	1.543385	3.223520	0.824870	-0.499747	-0.798021	1.386116	1.712435	1.387574	1.156352	2.396099	0.814812	2.887092	2.673592	1.243243	0.963930	1.706866	1.798276	-1.753898	1.744111	1.973300	-0.043951
1.910339	-0.216396	1.100928	-0.450424	1.920875	0.329512	1.669648	-0.173758	1.635014	1.027918	1.476641	0.671827	1.588930	1.417414	1.942770	0.529386	2.194566	0.985114	3.461737	1.838773	1.678816	0.715856	2.070505	0.883175	0.299529	0.228639	0.409157	-0.505626	1.683701	1.235521	0.582566	-0.434592	0.805752	1.173823	-0.080319	0.566298	-1.513131	0.100576	0.686298	-1.537969	1.458296	-0.470023	0.717738	0.021559	0.580908	1.761165	0.456196	1.036604	1.527678	0.429875	1.723294	1.368216	0.619577	1.530703	2.175512	-0.020821	0.759213	1.217582	1.290687	-1.122133	0.036280	-0.535520	0.432727	0.562392	2.246981	0.845786	0.143375	-1.723569	0.152507	1.141722	-0.154961	0.088772	0.805245	0.567336	3.013060	2.156881	0.314694	0.256014	-0.238483	0.028357	0.719348	0.578745	0.973696	0.665642	1.533526	0.555999	0.960886	2.093284	2.261851	1.410398	3.894279	0.782362	-0.523279	-0.151676	1.290431	1.825298	1.979933	1.482910	1.608503	0.637992	3.251550	3.233770	1.863674	1.132854	1.147736	1.323337	-1.782445	2.010874	2.114743	0.279862
1.349928	-0.548509	0.008200	-1.847458	1.082845	-0.275602	0.707218	-1.577120	1.024213	0.379776	1.068129	0.465896	1.980423	2.032333	1.383377	-0.046817	1.397768	-0.494327	1.652668	1.255579	0.992499	-0.790097	1.270237	0.612134	-0.167467	-0.524614	1.047958	-0.512545	1.346712	0.254900	0.197987	-0.753701	1.444868	1.820950	1.080029	1.312723	-1.231979	0.173568	-0.843065	-2.273696	0.113294	-0.898497	-0.041072	-0.485040	0.060121	0.589061	0.329326	-0.834460	1.152467	0.999722	2.347175	1.676987	-0.028198	0.334414	0.256587	-1.384703	0.330807	-0.140820	0.029717	-1.986415	-0.762271	-1.038749	1.054552	1.305889	0.713028	0.090826	0.189804	-0.418842	-0.574683	0.040958	-0.841652	-0.052773	0.494408	-0.023522	2.081280	1.175478	0.770301	0.452140	-0.465466	-0.638553	-0.080233	0.371484	0.952609	0.343807	1.141702	0.490707	0.886215	0.703757	0.647072	-0.245349	1.911860	0.170096	0.073117	0.671059	0.192324	0.738291	1.077217	0.421381	-0.550794	-0.562137	1.814899	1.590347	0.871073	0.075374	-0.515281	-0.652019	-0.999671	0.807952	0.532983	0.099481
-0.273506	-0.589371	-0.688385	-1.744125	-0.782732	-0.540105	-1.119648	-2.265674	0.049452	-0.572447	-0.148924	-0.563400	1.658420	1.838344	0.904937	-0.216991	0.347681	-1.593339	-0.333279	0.405083	0.611170	-1.464718	-0.281611	0.354873	-1.039016	-1.141607	1.529728	-0.423703	0.278439	-0.860984	-0.989672	-1.109241	1.826608	1.862903	1.981763	1.657284	-0.775597	-0.093974	-2.174524	-1.980810	-1.108952	-0.459876	-1.056739	-1.050986	-1.034809	-1.057822	0.218241	-2.451646	0.199339	0.978391	2.045868	0.902328	-0.616923	-1.208267	-2.035898	-1.966260	-0.010368	-1.221805	-1.396158	-1.541190	-0.969168	-0.561312	1.568294	2.024024	-0.888423	-0.471730	1.081546	0.654122	-0.398923	-0.153557	-1.070544	-0.409403	0.171665	-0.818681	0.374707	-0.458396	0.606678	0.445668	-0.872407	-1.460812	-1.357527	-0.376848	1.127071	0.456248	0.348507	0.653133	0.822611	-0.862159	-0.822796	-1.485225	-0.927807	-0.141799	1.228759	1.000064	-1.537557	-1.048992	-1.157109	-1.586267	-2.619810	-1.636845	-0.210767	-0.969478	-1.110842	-1.513100	-2.189651	-2.893874	-0.208355	-0.670427	-1.869519	-0.383996
-2.027595	-0.872319	-0.347219	0.094335	-2.764987	-0.615486	-2.932583	-1.973723	-1.114547	-1.743216	-1.383056	-1.731931	0.705175	0.900562	1.177640	-0.107651	-0.264387	-1.692150	-1.121930	-0.004545	0.464643	-0.902075	-1.582305	-0.062697	-1.781500	-1.331748	1.526595	-0.546395	-0.644108	-1.394542	-1.826412	-1.207430	1.605399	1.182024	1.966552	1.605049	-0.671957	-0.400496	-2.427232	-1.049314	-1.525012	0.372875	-1.631758	-1.056896	-1.665218	-1.689486	0.431002	-2.431120	-0.974774	0.237861	0.766329	-0.506195	-0.972483	-2.327568	-2.987126	-1.041646	0.318569	-0.707917	-1.802608	0.309997	0.239136	1.019256	2.052575	2.470497	-1.766259	-0.811367	2.118393	0.943631	0.588125	-0.098656	-0.491060	-0.475486	-0.030885	-1.329793	-0.629556	-1.764229	0.131528	0.175200	-1.374801	-2.024540	-2.321581	-0.887144	1.298089	1.066259	-0.024953	0.971030	0.535286	-1.162488	-1.078181	-0.705486	-2.009874	0.309215	2.326929	0.775278	-2.707988	-2.329080	-2.843406	-3.063340	-3.302427	-1.484138	-1.260387	-2.181216	-2.293573	-2.249601	-2.816421	-3.679210	0.143974	-1.050363	-3.176709	-0.425560
-2.959912	-1.594897	0.276896	2.028001	-3.678758	-0.911344	-3.642075	-1.160915	-2.117769	-2.643995	-1.777766	-1.961869	-0.249705	-0.098151	1.509179	-0.167984	-0.416585	-1.115312	-0.993378	-0.054534	-0.102591	-0.104150	-2.054950	-0.941783	-1.847009	-1.238091	0.993168	-0.741929	-0.980098	-1.251374	-1.440589	-0.713426	0.838686	0.202540	1.188769	1.365782	-0.602121	-0.426439	-1.734158	-0.204106	-1.363061	0.554335	-1.378403	-0.227837	-1.165707	-0.839385	0.779316	-0.910671	-1.923869	-0.702467	-0.643227	-1.361396	-1.162435	-2.488254	-2.351747	0.555707	0.922085	0.840745	-1.131646	2.175761	1.911179	2.475884	2.299244	2.241842	-2.037196	-1.293518	1.883038	0.868604	1.415703	-0.571460	0.579647	0.290994	-0.225190	-1.061547	-0.763472	-2.170766	-0.014356	0.009589	-1.376856	-1.568332	-2.067750	-0.528597	0.946130	1.429271	0.118684	0.988637	-0.249904	-0.538671	-0.736940	1.194461	-1.020613	0.912540	2.654164	0.451214	-2.299533	-2.260246	-2.559000	-2.954174	-2.434024	-0.469895	-1.173308	-1.393064	-1.594531	-1.649199	-2.214148	-2.414285	0.399559	-0.448235	-2.455251	0.243687
-2.957140	-2.247679	0.143603	2.445818	-3.226248	-1.451037	-2.913239	-0.490511	-2.511950	-2.647191	-1.361117	-1.148883	-0.686559	-0.668953	0.604686	-0.718730	-0.737882	-0.490765	-1.112648	-0.440801	-1.212915	-0.005583	-1.935611	-1.946755	-1.179758	-1.106664	0.236128	-0.496568	-1.032032	-0.742398	-0.234684	0.113756	-0.071118	-0.586603	0.155936	0.852589	0.056620	-0.362412	-0.915356	0.140080	-1.232399	-0.292273	-0.681105	0.890800	0.032996	0.429927	0.555203	0.675936	-2.425370	-1.186022	-1.353738	-1.220845	-1.289238	-1.804749	-1.335083	1.214683	0.932171	1.646515	-0.429701	2.547436	2.108631	2.396707	1.715772	1.072479	-2.282065	-1.905607	-0.113735	0.833876	1.437987	-1.227265	1.298131	1.461242	-0.536047	-0.251711	-1.038194	-1.836496	0.323928	0.204237	-0.420588	0.110070	-0.704434	0.157673	0.092505	0.959837	0.123577	0.437483	-1.264431	-0.397997	-1.036108	1.985468	0.063799	0.716438	1.804377	0.260507	-0.567500	-1.113474	-0.976135	-1.684560	-0.854506	0.174828	-1.098731	-0.213273	0.024879	-0.551746	-1.127190	-0.157436	0.935812	-0.186827	-0.755066	0.835861
-2.528295	-2.202938	-0.600565	1.384442	-2.200779	-1.889881	-1.483846	-0.346598	-2.150741	-1.760255	-0.859589	-0.302589	-0.721648	-0.939712	-1.636000	-1.635755	-1.651650	-0.004181	-1.964887	-1.434503	-2.065667	-0.324809	-1.736013	-2.228080	-0.210057	-0.955270	-0.394864	0.328403	-1.068930	-0.050678	0.740559	0.531344	-0.743388	-1.035505	-0.778728	-0.109338	1.147047	-0.607771	-0.592553	0.012682	-1.395553	-1.450615	-0.328735	1.326465	0.878045	0.735825	-0.667951	1.048906	-2.486899	-1.018291	-1.330821	-0.770425	-1.361745	-0.904280	-1.018069	0.283886	0.110151	0.814097	-0.574141	1.285925	0.153285	0.700258	0.057045	-0.718576	-2.658169	-2.088354	-2.474911	0.661578	0.769975	-1.330413	1.012149	1.861933	-0.934232	0.364253	-1.947698	-1.186543	0.544244	0.428196	0.994581	1.907942	0.534119	0.055453	-0.583372	0.005223	-0.474807	-0.398233	-1.828714	-1.018615	-1.898542	0.894359	-0.207670	-0.379575	-0.087624	-0.078600	1.061822	0.027179	0.072914	-0.610899	0.308261	-0.058480	-1.720898	-0.357317	0.579271	-0.081346	-0.490555	1.331530	1.340215	-0.914755	0.260371	0.415984
-1.977058	-1.462855	-0.812806	0.129440	-1.420290	-1.898905	-0.379690	-0.579757	-1.348331	-0.725764	-0.672074	-0.203028	-0.744276	-1.159073	-3.532418	-2.365783	-2.628870	0.548657	-2.813916	-2.304530	-1.861758	-0.260950	-1.593361	-1.433962	0.504636	-0.648146	-0.836595	1.093725	-0.862270	0.833532	1.059260	0.267265	-0.997546	-1.179564	-1.284359	-1.122401	1.753561	-0.943450	-0.661096	-0.177711	-1.624317	-1.895784	-0.604938	0.751599	0.816098	-0.098342	-2.282833	0.189814	-2.145851	-0.404141	-1.024478	-0.678002	-1.335008	-0.341540	-1.194167	-1.138423	-0.796225	-0.619090	-1.269696	-0.313268	-2.281889	-1.132073	-1.855032	-2.156731	-2.584605	-1.305194	-3.085415	0.149485	-0.066433	-0.847898	-0.076535	0.980744	-1.246786	0.419641	-2.572545	-0.400857	0.108066	0.201423	1.643215	2.234744	0.663415	-0.904506	-0.598527	-0.570877	-1.244415	-0.905649	-1.547895	-1.119663	-1.996529	-0.728143	-1.139609	-1.474700	-2.203371	-0.800580	1.336044	0.249724	-0.252375	-0.532002	0.337945	-0.622177	-2.255240	-1.495720	-0.592598	-0.517199	-0.592580	1.036604	0.815632	-1.659984	0.212910	-0.756722
-1.199642	-0.649176	0.106634	-0.265673	-0.838565	-1.385784	0.058925	-0.679878	-0.566429	-0.154606	-0.489628	-0.457279	-0.770043	-1.175794	-3.250014	-2.292145	-2.599358	1.186142	-2.602862	-2.075104	-0.826591	0.158021	-1.251519	-0.243265	0.645953	-0.183155	-1.223805	1.066470	-0.227963	1.709229	1.167292	-0.072701	-0.789943	-0.968462	-0.987222	-1.329655	1.373191	-0.541695	-0.525267	0.095466	-1.539019	-1.299284	-0.953928	-0.104214	0.251344	-0.994940	-2.996315	-0.868770	-1.362393	0.369002	-0.689514	-0.756004	-1.128833	-0.112525	-0.905488	-1.361031	-0.823813	-0.889111	-1.412772	-0.834263	-2.707507	-1.421118	-2.605823	-2.270012	-1.442212	0.344213	-1.343238	-0.284838	-0.460528	-0.250140	-1.054927	-0.372509	-1.210695	0.170389	-1.746682	0.520559	-0.610403	-0.355232	0.857967	0.764297	0.096342	-1.423358	-0.232070	-0.348324	-1.265074	-0.660493	-0.623067	0.194882	-0.672675	-1.262152	-1.239429	-1.623270	-3.291345	-1.531926	0.324652	-0.453242	-1.112519	-0.962629	-0.596104	-0.914527	-1.534400	-1.802342	-2.001379	-1.223022	-0.895342	-0.538932	-0.620977	-1.068754	0.024200	-1.345235
-0.230271	-0.283448	1.415297	0.206784	-0.012237	-0.543872	0.210127	-0.354673	-0.011818	0.142031	-0.030306	-0.239741	-0.550604	-0.771695	-0.891699	-1.247110	-1.239663	1.512928	-1.217098	-0.775491	0.044619	0.124183	-0.531592	0.375967	0.332433	0.242604	-1.522433	0.356301	0.425614	1.984640	1.471953	0.114291	-0.250233	-0.442246	-0.015503	-0.492645	0.581370	0.890245	0.197251	0.907743	-0.962867	-0.207569	-0.731019	-0.389233	-0.101279	-1.020356	-2.106099	-1.197219	-0.159180	0.943479	-0.362877	-0.573924	-0.572313	0.273814	0.172164	0.041897	0.195568	0.485532	-0.374609	-0.046900	-0.483442	0.048823	-1.632288	-1.053431	0.495354	2.072237	1.112411	0.009758	-0.046153	0.221815	-1.209031	-1.095751	-0.667231	-0.063810	0.226689	1.355398	-0.731829	-0.633268	-0.617775	-1.074391	-0.034650	-0.493046	-0.061530	0.302768	-0.225842	0.200031	0.499437	1.978385	1.057950	-0.481374	-0.294048	-0.743001	-2.572053	-1.633435	-0.853685	-1.308750	-1.260109	-0.851346	-1.459060	-0.839495	0.327598	-0.366717	-1.729121	-1.403416	-0.631276	-1.813323	-1.783238	0.782007	0.398207	-0.559506
0.553610	-0.187287	1.904109	0.813162	0.972047	0.273530	0.480953	0.161570	0.446661	0.738521	0.376883	0.484394	-0.215119	-0.282020	1.489783	0.250977	0.450232	1.104637	0.284688	0.431572	0.182483	-0.625758	0.368296	0.282496	0.050690	0.481342	-1.402283	-0.193889	0.548675	1.211458	1.642592	0.511071	0.185735	-0.035456	0.724750	0.408058	0.297465	2.362823	1.228823	1.661279	-0.036520	0.647164	-0.043390	-0.206086	-0.062515	-0.452984	-0.288809	-0.815168	1.171196	0.946810	-0.212207	-0.298761	0.471375	1.136214	1.316284	1.831249	1.451900	2.199539	1.239262	1.048051	2.348638	1.748915	0.003667	0.296716	2.128298	2.998409	2.104301	0.917366	0.806799	0.572539	-0.722599	-1.079793	0.147935	-0.296514	1.646031	1.620831	-0.066517	-0.425029	-1.362019	-1.658964	0.606851	1.179757	-0.260082	0.671111	1.038503	0.987211	1.483895	2.504500	1.695306	0.639669	0.473537	0.358234	-0.619561	-1.045965	-1.289001	-1.554458	-0.409819	0.248435	-1.144570	-0.351851	1.866434	1.608982	0.396239	-0.761476	0.456039	-1.452803	-1.420458	2.294951	0.991336	0.765639
0.972480	0.292642	1.201941	0.839325	1.604997	0.895767	0.946231	0.539127	1.022708	1.743469	0.348643	1.064120	-0.287665	-0.361825	2.055108	1.358748	1.174964	0.009290	0.762153	0.526987	-0.008204	-1.228879	1.047287	0.234880	0.245454	0.616084	-0.573238	-0.019709	0.277962	-0.185552	1.039903	0.337749	-0.028705	-0.297868	0.379621	0.130823	0.679311	2.498689	1.885457	1.760911	0.878955	1.048115	0.468965	-0.323639	-0.025760	-0.268745	1.065298	-0.375874	2.100507	0.424646	-0.395045	-0.332469	1.735443	2.007235	1.756731	2.564340	1.940153	2.636765	2.192838	1.341493	3.143527	1.893000	0.617177	0.420926	2.641302	2.899515	1.124181	1.397127	1.091059	0.690058	-0.341298	-1.051048	0.651616	-0.582611	1.335048	1.081131	0.582695	-0.288427	-0.819804	-0.923749	1.331358	2.031641	-0.579634	0.328262	1.292333	0.931970	2.030904	1.318056	0.897456	1.092823	0.049848	0.719943	0.934714	-0.435512	-1.050645	-1.117767	0.754012	1.838467	0.442081	0.744530	1.831308	2.209504	2.667012	0.404134	1.913602	0.488401	0.438358	2.101601	1.106621	1.127509
1.354473	1.408871	-0.018513	0.149044	1.777458	1.478646	1.546830	0.868362	1.684770	2.623289	0.206086	1.251200	-0.918768	-1.069733	0.977912	1.634483	0.758056	-1.201051	0.189515	-0.224334	0.101044	-0.774133	1.245496	0.835657	0.828546	0.779179	0.757157	0.567434	0.305055	-1.093850	-0.343678	-0.430478	-0.989706	-1.197098	-0.807891	-1.330531	1.031117	1.099989	1.728659	1.383006	1.392459	1.264265	0.531532	-0.938216	-0.297510	-0.829054	1.198004	-0.236173	2.206439	0.012993	-0.657398	-0.456975	2.444132	1.949992	1.620950	2.060604	1.359125	1.555139	1.883745	0.674574	1.413589	0.259430	-0.303547	-0.792983	2.274943	2.322971	-0.405101	0.697962	0.178049	0.439747	-0.428517	-1.384483	0.458359	-0.661514	0.015210	0.155857	0.476679	-0.782680	0.187277	-0.157059	1.565452	1.642916	-0.814337	-0.578761	0.189831	-0.143627	1.760994	-0.387897	-0.416292	0.575866	-1.133922	0.056409	0.896799	-0.345139	-0.759354	-0.523744	1.458525	3.079483	2.166120	2.175914	0.453653	0.969058	3.333345	1.494744	2.999247	2.637173	2.408163	0.541094	0.655265	0.194614
1.952335	2.515901	-0.888937	-0.742773	1.863712	2.114154	2.190302	1.435681	2.070714	2.799860	0.564254	1.453853	-1.523249	-1.637828	-0.105430	1.382491	0.133311	-1.901045	-0.429052	-0.712243	0.450511	0.425573	0.977646	1.697458	1.211836	0.914188	1.859831	0.824862	0.839588	-0.875925	-1.626357	-0.845308	-2.076366	-1.985075	-1.726484	-2.634943	0.744100	-0.567217	0.976617	1.216954	1.302733	1.498425	0.518648	-1.256179	-0.640993	-1.444640	0.489987	-0.148283	1.531630	0.247237	-0.581295	-0.089161	1.938733	0.701105	1.538128	1.223887	0.239648	0.134523	0.865567	-0.175751	-0.816105	-1.567002	-1.602192	-2.039968	1.775393	1.862213	-0.899209	-0.465700	-1.384948	-0.025141	-0.604549	-1.621377	-0.124818	-0.218175	-0.629400	-0.391290	-0.107328	-1.601393	0.577573	-0.225177	1.518805	1.131540	-1.001920	-1.478158	-1.349106	-1.583785	0.531184	-1.301898	-1.239247	-0.522305	-1.829884	-1.015474	-0.312005	-0.465494	-0.686391	-0.173191	1.451187	3.472590	2.745668	2.974854	-0.952879	-0.773379	2.223267	2.032188	3.254826	3.538738	3.004386	-0.840839	0.144844	-0.841893
2.353397	2.708704	-1.084869	-1.103570	1.993579	2.474324	2.569908	2.142945	1.809572	2.249927	1.290590	1.836952	-1.493659	-1.409687	-0.111660	1.180226	0.042893	-1.910984	-0.278421	-0.414468	0.489551	1.126676	0.469006	1.892769	1.020844	0.929672	2.038476	0.397008	1.188836	-0.060231	-1.789132	-0.139637	-2.467710	-1.975043	-1.708046	-2.605668	0.091472	-1.109430	0.337457	1.550459	0.785180	1.618710	0.819129	-0.513146	-0.528798	-1.242943	-0.209787	0.202343	0.589604	0.736587	-0.289234	0.616428	0.527746	-0.773144	1.608266	0.792853	-0.681981	-0.463377	0.165485	-0.385063	-1.390244	-1.863223	-1.896336	-2.025957	1.364622	1.468758	-0.240002	-0.555239	-2.387599	-0.385448	-0.381492	-1.235514	-0.305098	0.564400	0.018100	-0.210545	-0.349821	-1.859035	0.294519	-0.570309	1.549644	1.474165	-1.195417	-1.833478	-2.097814	-2.423340	-1.108391	-1.326452	-1.303296	-1.513140	-1.503493	-1.560110	-1.173476	-0.056903	-0.489698	0.139705	1.006743	3.002610	2.042735	2.453417	-1.381338	-1.522749	0.567583	1.993722	2.736944	2.877121	1.966554	-1.050614	-0.071124	-0.839156
1.956445	1.921176	-0.822305	-0.651242	1.855601	2.186784	2.287375	2.520782	1.027900	1.506485	1.539020	1.864364	-1.006905	-0.691809	0.461670	1.157153	0.277953	-1.487584	0.421910	0.064753	0.128522	0.682822	0.089441	1.134565	0.663948	1.006593	1.262782	-0.362615	0.707843	0.404878	-0.661573	1.238330	-1.949651	-1.301452	-1.206913	-1.519678	-0.094062	-0.377301	0.410702	1.978994	0.376808	1.460022	1.286113	0.922992	0.235428	-0.186956	-0.403675	0.744263	-0.030436	0.467267	-0.412641	0.672460	-0.576268	-1.258737	1.323878	0.698105	-1.080085	-0.269740	0.296450	0.155561	-0.301396	-0.564256	-1.180996	-0.901233	0.702549	0.694480	0.456049	0.798567	-2.181047	-0.532869	0.110065	-0.431955	0.379537	1.031824	0.927840	0.287508	-0.082520	-1.216583	0.163322	-0.169619	1.466553	2.113523	-1.271108	-1.572180	-1.680004	-2.194266	-2.101340	-1.237081	-0.901596	-1.851839	-0.777189	-1.194526	-0.772818	0.972949	0.205749	0.847320	0.661467	1.941223	1.108572	1.154392	-0.897265	-1.135863	-0.437134	1.787319	1.794519	1.530637	0.406374	-0.522488	-0.229215	-0.081504
0.965823	1.049939	-0.493631	0.109685	1.389115	1.469138	1.408516	2.308185	0.430352	1.126203	0.939013	1.099191	-0.744276	-0.318206	0.531115	0.960113	0.304585	-0.907002	0.887556	-0.012678	0.036690	-0.134617	0.242525	0.225956	0.891300	1.443747	0.238013	-0.764541	-0.153813	0.288947	0.856291	2.037374	-1.077919	-0.695080	-1.004597	-0.623479	0.499394	0.564039	1.154433	1.991718	0.615092	1.152392	1.533617	1.828975	1.218364	0.917562	-0.074627	1.210300	-0.079983	-0.876711	-1.158165	-0.375361	-0.434389	-0.686044	0.517610	0.520468	-1.095792	-0.191122	1.006246	0.879145	0.719634	0.806147	-0.598620	0.014260	-0.212793	-0.513437	0.334731	2.066610	-1.152548	-0.567161	0.311658	0.136290	1.491924	0.787232	0.875340	0.420151	0.032167	-0.326342	0.676598	1.007197	0.908355	1.685561	-1.101742	-1.093866	-0.713577	-1.228074	-1.835176	-1.473882	-0.402936	-1.453982	-0.408409	-0.412016	0.273928	1.786170	1.191588	1.851572	0.871346	0.728458	0.938897	0.330313	-0.202352	-0.523848	-0.668163	1.809761	0.731457	0.566806	-0.354062	-0.241037	-0.737601	0.317657
0.386584	0.882505	-0.429892	0.304597	1.100924	0.983059	0.630066	1.735984	0.600216	1.151641	0.125415	-0.000142	-0.940952	-0.551388	-0.048870	0.384608	0.071874	-0.247209	0.764809	-0.475579	0.782066	-0.073354	1.039746	0.193899	1.769627	2.139172	-0.201882	-0.481074	-0.295664	0.086862	1.571456	1.559512	-0.544863	-0.606017	-1.118780	-0.598060	1.198876	0.637627	1.912641	1.521770	1.503499	0.981872	1.549689	1.482093	1.720724	1.301944	0.598215	1.487753	0.290342	-2.220289	-1.829723	-1.537831	0.618090	-0.070608	-0.182253	0.118523	-1.020356	-0.790225	1.732723	1.170023	0.501523	0.920155	-0.809213	-0.149338	-0.703268	-1.597988	-0.296116	1.620059	-0.077591	-0.453580	0.073020	0.248991	2.082777	0.192368	-0.040480	0.018788	-0.422967	0.006714	1.405729	2.003128	0.112521	-0.165186	-0.828094	-0.848438	-0.066704	-0.276589	-0.845689	-1.708872	-0.066203	-0.731778	-0.370167	-0.064065	0.710258	1.597940	1.824685	2.452894	1.644124	-0.112238	1.385378	0.526841	0.175188	-0.293406	-0.789453	2.014856	-0.255674	0.336408	-0.101349	-0.455324	-1.447727	0.001887
0.795832	1.212312	-0.784827	-0.451597	1.308910	1.002990	0.557958	1.191715	1.166216	1.092218	-0.250380	-0.583527	-1.155153	-0.857115	-0.464084	-0.291952	-0.164952	0.379788	0.305623	-0.625231	1.899129	1.032530	1.968301	1.101394	2.409855	2.495120	0.157751	0.067250	0.547553	0.116028	1.008640	0.346143	-0.558883	-0.815351	-0.921324	-0.936312	1.166946	-0.228190	1.991083	0.863719	2.322546	1.022496	1.653958	0.451099	1.429284	0.922592	1.294745	1.569638	0.751474	-2.149056	-1.645258	-1.463203	1.350412	-0.134722	-0.162074	-0.349363	-1.090416	-1.695898	1.996242	0.865234	-0.396900	-0.019771	-1.236981	-0.896187	-0.309111	-2.027329	-0.520146	-0.169106	0.631160	-0.020367	-0.106707	0.291768	1.667674	-0.082276	-0.694385	-0.419713	-0.934661	-0.234834	1.687676	2.114762	-0.255655	-2.211682	-0.777380	-0.959269	-0.206263	0.051341	-0.303813	-1.513883	-0.011809	-0.298936	-0.226382	-0.549923	0.125070	0.657532	1.758647	2.144382	2.395764	-0.288913	1.448280	1.072207	0.137737	-0.228256	-1.234472	1.973952	-0.926649	0.492819	0.226722	-0.650632	-1.648593	-0.333173
1.496851	1.244090	-1.415826	-1.629154	1.472561	1.080304	0.941866	0.814999	1.018060	0.468173	-0.492222	-0.540753	-1.023633	-0.770433	-0.281484	-0.680685	-0.386720	0.642744	-0.256089	-0.383429	2.199281	1.995397	2.137766	1.947543	1.922664	2.017266	0.736363	0.150605	1.323812	0.159715	-0.294353	-0.511417	-0.866526	-0.891113	-0.189523	-0.835106	0.443763	-1.228374	1.237628	0.296728	2.185261	1.072425	1.861936	-0.116192	0.640508	0.269047	1.441079	1.304140	0.992331	-0.624637	-0.782825	-0.231599	0.925903	-0.575849	0.288035	-0.747238	-1.470448	-2.215344	1.480633	0.227001	-0.868564	-0.866341	-1.123581	-1.226881	0.359722	-1.853972	0.063941	-1.340879	0.942473	0.572657	0.139016	0.500013	0.698783	0.147212	-0.493236	-0.404087	-0.844856	-0.481865	1.467322	1.558114	-0.067830	-2.966367	-1.056823	-1.257314	-1.070730	-0.401160	-0.751515	-1.030108	-0.122686	-0.480278	-0.013362	-1.476584	-0.826106	-0.124808	1.323377	1.234965	2.352955	-0.068477	0.556851	1.018330	-0.211230	-0.056375	-1.711592	1.374478	-1.036155	0.597883	-0.166171	-0.568221	-0.958611	-0.180662
1.361191	0.676722	-1.870861	-2.261803	0.845645	0.701363	0.995398	0.517708	-0.327909	-0.619137	-1.202153	-0.595561	-0.739631	-0.465882	-0.052831	-0.637664	-0.624572	0.372450	-0.882710	-0.364406	1.141977	1.682783	1.194734	1.779232	0.491581	0.897596	0.762731	-0.337991	0.979106	0.069715	-1.315065	-0.477643	-1.086349	-0.663856	0.523622	-0.192543	-0.191008	-1.615913	0.139708	-0.085275	0.982912	0.933782	1.712740	0.211693	-0.125808	-0.235404	0.551639	0.508581	0.855420	0.840921	-0.130790	0.683936	-0.356269	-0.800421	0.390836	-1.036435	-2.095253	-2.164026	0.239447	-0.387087	-0.774815	-0.991910	-0.662720	-0.938886	0.278816	-1.458338	0.958862	-0.740201	0.881628	0.719566	0.420719	0.525162	0.063162	0.528314	-0.053621	-0.066293	-0.380278	-0.425358	1.160198	0.891234	0.004094	-2.226362	-1.314199	-1.491802	-2.111828	-1.265679	-1.540180	-0.745735	-0.023421	-0.965332	-0.163099	-1.995825	-1.417305	-0.331556	1.081039	0.480190	1.355431	-0.054238	-0.671862	0.240351	-0.665509	-0.053288	-1.646666	0.424861	-0.638281	0.492296	-0.901713	-0.618357	0.047491	0.047103
0.378918	0.057330	-1.663215	-1.838268	-0.327486	0.010745	0.460151	0.247918	-1.816768	-1.509351	-1.922458	-1.143347	-0.482964	-0.185661	-0.289876	-0.156874	-0.480747	0.055358	-1.171042	-0.679037	-0.401446	0.371015	-0.087107	0.667347	-0.777096	-0.150449	0.044552	-0.645650	-0.177870	0.169024	-1.293939	0.139766	-0.831772	-0.097497	0.748647	0.579357	-0.294414	-1.337021	-0.591686	-0.342723	-0.324405	0.589155	0.972230	0.846939	-0.547003	-0.388456	-1.004591	-0.549873	0.468891	0.989047	-0.004673	0.454135	-1.476892	-0.737044	0.023679	-1.122823	-2.432603	-1.847775	-1.019417	-0.765988	-0.676983	-0.705301	-0.463645	-0.549266	-0.538432	-0.973808	1.358381	0.678655	0.531745	0.081251	0.203279	0.124145	0.240518	0.772754	-0.176989	0.081388	-0.231085	-0.175777	0.924488	0.338859	-0.526025	-1.051705	-1.016582	-1.383810	-2.400942	-1.769387	-1.599995	-0.787320	0.612025	-1.040048	-0.579995	-1.458314	-1.429505	-0.248093	1.175156	0.272368	0.215615	-0.474324	-1.075496	-0.617034	-0.832774	-0.460541	-0.847229	-0.296597	-0.192721	0.206967	-0.963661	-1.079704	0.460710	-0.080334
-0.229048	0.044156	-0.764073	-0.752109	-0.924208	-0.419844	-0.090168	0.046177	-1.856084	-1.629679	-1.382573	-1.533797	0.110497	0.379484	-0.582593	0.618798	0.449584	0.412039	-0.384496	-0.460254	-1.099645	-0.662297	-0.525485	-0.545327	-1.071490	-0.594378	-0.931658	-0.154942	-0.961658	0.650472	-0.260429	0.711529	0.144160	0.885909	0.804977	1.295271	-0.271343	-0.833755	-0.615086	-0.655583	-0.631836	0.079974	0.163733	1.063044	-0.518750	0.002817	-1.938634	-1.090670	0.164241	0.321278	0.298510	0.069434	-1.602198	-0.566936	-0.167721	-0.939630	-1.818554	-1.496956	-1.348730	-0.917956	-0.644470	-0.485024	-0.333573	-0.232903	-0.916527	-0.325809	0.888629	1.119387	0.158725	-0.775841	-0.239585	-0.156146	0.897842	0.857498	-0.698764	-0.150542	-0.331472	0.251535	0.502156	-0.074238	-1.190474	-0.479773	-0.053242	-0.735180	-1.263766	-1.260670	-0.644637	-0.753444	1.522883	-0.394629	-0.449568	0.044062	-0.805375	-0.006286	1.293546	0.447627	-0.078661	-0.869208	-0.241898	-1.051351	-0.391730	-0.761585	0.326221	-0.457480	-0.160449	-0.190872	-0.094565	-1.451840	0.154006	-0.031871
0.382196	0.573211	0.168909	0.057901	-0.431357	-0.413669	-0.134852	-0.127574	-0.263197	-1.105728	0.586035	-0.999195	1.295652	1.499387	-0.390146	1.080943	1.616610	1.247829	1.374383	0.818340	-0.719466	-0.741965	0.110052	-1.188016	-0.656824	-0.484635	-1.601185	0.613509	-0.914872	0.891088	0.871191	0.788934	1.497774	2.040383	1.203218	1.980651	-0.692653	-0.518699	-0.222542	-1.183280	0.103336	-0.566627	-0.024302	0.778931	-0.096718	0.940872	-1.295075	-0.636404	0.088168	0.249631	1.324913	0.777702	-0.686414	-0.197288	0.132293	-0.737323	-0.394377	-1.117245	-0.653786	-1.044189	-0.274447	-0.441313	0.461543	0.359102	-0.108893	0.228227	-0.216525	0.028474	-0.026338	-0.872513	-0.121162	0.343272	1.127732	0.649724	-0.873165	-0.504695	0.056360	0.964661	-0.218842	-0.212433	-1.272862	-0.683766	0.965602	0.207427	0.776034	0.061735	0.477686	-0.313284	1.740104	0.345267	0.634998	1.585655	0.438125	0.652930	1.135515	0.713479	0.380666	-0.688460	1.027358	-1.182692	0.374324	-0.226266	1.244464	-0.371866	-0.525005	-0.579327	0.772907	-1.128434	-0.100519	0.997769
1.526522	0.902372	0.312728	-0.026875	0.323482	-0.374555	0.097485	-0.416621	1.368459	-0.647814	2.257605	0.073877	2.383733	2.510916	-0.121820	0.456362	1.720767	1.288763	2.627208	2.170435	-0.258079	-0.495741	0.851333	-1.186798	-0.322235	-0.200121	-1.818796	0.511863	-0.707354	0.000782	0.955242	0.273079	2.237144	2.593572	1.740557	2.345337	-1.424824	-0.533527	0.019403	-1.763202	0.862306	-1.160810	0.338343	0.382810	0.350331	1.788808	0.341878	0.232611	-0.035982	1.082625	2.394776	2.047574	0.441625	0.390684	0.362783	-0.963549	0.644002	-0.800067	-0.020484	-1.372112	0.286215	-0.558726	1.788060	1.195822	1.070748	0.095262	-1.434020	-1.515496	-0.172554	0.055486	0.666184	1.237662	0.200137	-0.088215	-0.605348	-0.816715	0.939461	1.656609	-0.910171	-0.119167	-0.856241	-1.219889	1.208144	0.713090	2.104853	1.139069	0.645330	0.280735	0.458690	0.232868	1.802594	2.033851	1.687356	1.514159	0.677124	0.874759	0.416107	-0.055189	1.570910	-1.349175	0.669247	0.923661	1.412078	-0.596695	-0.881842	-0.775917	0.623055	-0.404967	0.389520	2.634457
1.856855	0.393854	-0.395657	-0.668465	0.349294	-0.615883	0.120109	-0.854089	1.482941	-0.791251	1.912177	0.524483	2.370621	2.378394	-0.521557	-1.111488	0.296140	-0.271731	2.016260	2.136487	-0.509013	-0.831447	0.775019	-0.800171	-0.353761	-0.035808	-1.747030	-0.707460	-0.856619	-1.812182	-0.209933	-0.517046	1.682182	2.011183	1.811963	1.974261	-1.735847	-0.749569	-0.137180	-1.900087	0.795721	-1.328228	0.556135	0.141706	0.248089	1.616005	1.412982	0.453606	-0.578579	1.673552	2.393038	2.251256	0.590227	0.586152	-0.018283	-1.651810	0.315056	-0.740287	-0.468888	-1.890008	0.319087	-0.894772	2.490650	1.605693	1.220283	-0.850214	-2.272814	-2.279915	-0.573541	1.230840	1.304605	1.422520	-1.594472	-1.083476	-0.563887	-1.195467	1.217001	1.678351	-1.248852	-0.300233	-0.533765	-1.516786	0.540665	0.332105	1.644125	1.122333	-0.316990	0.482418	-1.749191	-0.770117	1.801181	1.103374	1.893937	1.634536	0.071919	0.712552	-0.668414	0.324616	1.018865	-1.595840	0.143426	1.561318	0.799412	-1.108436	-0.975626	-0.694129	-0.398845	-0.170177	1.436514	3.354786
0.992820	-0.827450	-1.061135	-0.895387	-0.199989	-0.959449	-0.092159	-1.282694	0.193322	-1.333678	-0.006537	-0.035529	1.325233	1.166913	-1.291538	-2.282840	-1.456969	-2.421176	0.047737	0.678026	-1.061090	-1.671887	0.059975	-0.360489	-0.401653	-0.137358	-1.552641	-1.914388	-0.823999	-2.992163	-1.455149	-0.940478	0.410329	0.835256	1.411902	1.093080	-1.212287	-0.807305	-0.514583	-1.346584	0.093031	-0.917183	0.257484	0.043571	-0.496170	0.362556	1.086365	-0.181698	-1.469005	1.097631	1.332943	1.076545	-0.704982	-0.281206	-0.674873	-2.203082	-0.825155	-0.866205	-1.622672	-2.273790	-0.318055	-1.317238	1.922437	1.226984	0.087696	-1.805567	-2.389258	-2.113652	-1.162469	1.677728	1.121316	0.619198	-2.895628	-1.489187	-0.985791	-1.484505	0.232627	0.904604	-1.323794	-1.103319	-0.423624	-1.117800	-0.260456	-0.405498	0.116169	0.310055	-1.377818	0.135523	-3.061983	-1.590688	0.600686	-0.270695	0.795219	0.573056	-0.436331	0.106613	-1.969292	-0.023652	-0.019950	-1.710838	-0.545288	1.015519	-0.094304	-1.186804	-0.936715	-0.497620	-1.180968	-0.645583	2.181413	2.187526
-0.246619	-1.932447	-0.833196	-0.249267	-0.535926	-1.163745	-0.333408	-1.532396	-1.252575	-1.614898	-1.519857	-0.795662	0.385040	0.146253	-1.371278	-1.963405	-2.016811	-3.244621	-1.509927	-0.866502	-1.041019	-2.124099	-0.494010	-0.210749	-0.239526	-0.590799	-1.412596	-1.920681	0.072038	-2.294158	-1.412206	-0.530873	-0.289496	0.175076	1.139219	0.524540	-0.309130	-0.364279	-0.909960	-0.582214	-0.517013	-0.294846	-0.275226	0.027440	-1.093541	-0.788534	-0.109761	-0.856005	-2.169216	-0.113654	0.344960	-0.031848	-2.417184	-1.779143	-0.976234	-2.058406	-1.320889	-0.827378	-2.187484	-2.171993	-0.866234	-1.437819	0.800606	0.566341	-1.268434	-1.817476	-1.729379	-1.556567	-1.475717	1.158808	0.348351	-0.190632	-2.506722	-0.946941	-1.128443	-1.112123	-0.997146	0.037672	-1.335580	-1.909100	-0.212066	-0.035825	-0.426184	-0.539180	-0.869878	-0.320110	-1.398215	-0.388248	-2.316941	-1.367765	-0.597293	-0.923779	-0.521134	-0.690027	-0.555321	-0.627976	-2.035108	-0.834210	-0.786178	-1.553775	-0.600942	-0.145691	-0.617182	-0.351157	-0.933993	-0.518237	-1.031114	-1.074531	1.908407	-0.068788
-1.016045	-2.055885	0.045444	0.593533	-0.566888	-1.247929	-0.746502	-1.510108	-2.063656	-1.273922	-1.571113	-0.942744	0.287366	0.198751	-0.639218	-0.741636	-1.371917	-2.123608	-1.789512	-1.539349	-0.442398	-1.701603	-0.617653	-0.469900	-0.197323	-1.303800	-1.545610	-0.866395	1.311282	-0.423343	-0.119507	0.438524	0.100807	0.386557	1.196989	0.662450	0.157771	0.455562	-1.293568	-0.332881	-0.741251	0.023133	-0.737122	0.042677	-0.698802	-0.721035	-1.239636	-1.001553	-2.204799	-0.795216	0.169434	0.050830	-2.836149	-2.493259	-0.990765	-1.364483	-0.707937	-0.515956	-1.640617	-1.552155	-0.848553	-1.086032	0.096165	0.203908	-1.888586	-0.885289	-0.763621	-0.912766	-1.177704	0.188625	-0.403554	-0.199187	-0.824677	-0.368345	-0.401002	0.016233	-0.935820	-0.281992	-1.152074	-1.625410	0.027344	0.995672	-0.059192	0.116328	-0.701297	-0.299972	-0.341078	-0.704072	-0.523328	-0.549431	-0.935222	-0.704591	-0.834743	-0.832124	-0.205653	-0.908479	-0.801560	-1.404153	-1.108059	-1.186526	-0.273374	-0.936109	-0.536050	0.844883	-0.826199	-0.936182	-0.502636	-0.814819	0.642904	-1.588194
-1.272665	-1.012040	0.590891	0.730521	-0.853787	-1.117302	-1.565767	-1.120530	-2.333676	-0.581909	-0.846411	-0.567022	0.620127	0.827638	-0.314842	-0.197497	-0.793841	-0.333269	-1.438234	-1.508528	-0.170125	-0.848012	-0.730808	-0.789226	-0.652897	-1.888897	-1.864479	0.146982	1.529796	0.690351	0.936335	1.037989	0.914626	0.829359	1.047453	0.970809	-0.052722	1.031369	-1.559549	-0.638902	-0.857273	-0.064406	-1.265099	-0.109839	0.347511	0.195725	-1.844752	-1.007837	-1.598025	-0.675006	0.438858	0.775881	-1.445823	-1.597706	-1.185315	-0.644718	0.068632	-0.266155	-0.803739	-0.723655	-0.860445	-0.608685	-0.219365	-0.009536	-1.821601	0.109778	-0.320341	-0.293371	-0.459892	-0.677227	-0.899728	0.080941	0.368541	-0.942919	0.505590	0.915451	0.367814	-0.268979	-0.545828	-0.178722	-0.162069	1.145210	0.290777	0.859629	-0.003796	0.109376	0.905438	-0.730852	0.301739	-0.097022	-0.674529	-0.281367	-0.258348	0.034588	0.216287	-0.561639	0.268426	-1.251672	-1.236266	-0.750559	-0.477467	-1.071848	-0.225828	1.348732	-0.383324	-1.509820	-0.614966	-0.140003	-0.853332	-1.297691
-1.429623	0.477213	0.427892	0.342131	-1.428004	-0.467080	-2.416989	-0.415025	-2.231695	-0.076514	-0.218672	-0.145823	0.746449	1.106988	-1.208841	-0.870054	-0.937374	0.665349	-1.097410	-1.068468	-0.810390	-0.170421	-1.103718	-0.708620	-1.378536	-1.960602	-1.756788	0.555469	0.223192	0.275090	0.518675	0.541975	1.390170	0.976903	0.308934	0.800602	-0.399708	0.936275	-1.447058	-0.856737	-1.110383	-0.328699	-2.025905	-0.671834	0.682326	0.593820	-1.773744	-1.277535	-0.765389	-0.480567	0.584368	1.038214	0.448550	0.197934	-1.405956	-0.062704	0.267452	-0.308711	-0.629396	-0.082787	-1.562068	-0.424133	-0.674881	-0.429612	-1.563836	0.470655	-0.790170	-0.112805	0.151268	-1.274278	-1.130489	-0.251874	-0.153790	-2.361180	0.385542	0.556144	1.221487	-0.450140	0.207356	1.086975	-0.776416	0.517943	0.618688	1.227319	0.728200	0.702127	1.701805	-0.423148	-0.279691	0.043686	-0.244768	0.117597	0.086828	0.434730	0.111868	-0.076922	0.047461	-0.516616	-1.267717	-0.335832	-1.243507	-0.881717	-0.232682	0.817386	0.215784	-1.721659	-1.450004	0.363479	-1.586795	0.163384
-1.691623	1.234277	0.241357	0.411900	-1.580987	0.431183	-2.496619	0.088271	-1.593963	-0.067540	0.426753	0.180821	0.745877	0.944958	-2.362890	-1.638761	-1.065847	0.833851	-0.461195	-0.051346	-1.840162	0.345353	-1.427244	-0.363082	-1.705483	-1.606098	-0.691546	0.873287	-1.553476	-0.372340	-0.918452	-0.766272	1.527647	1.077655	-0.535646	0.288699	-0.293908	0.484677	-0.937509	-0.675538	-1.391238	-0.729331	-2.663021	-1.507982	-0.398865	-0.088123	-0.913116	-1.328669	-0.118226	-0.689031	0.654742	0.644567	1.327122	1.571502	-1.030499	0.497139	0.403263	-0.352161	-1.013306	0.128079	-2.371711	-0.447527	-1.089455	-0.734586	-1.242828	0.242283	-1.548507	-0.709889	0.302637	-1.524705	-0.889405	-0.932501	-1.614433	-2.754023	-0.767738	-0.651001	0.456053	-0.655429	0.397539	0.921749	-1.181594	0.060925	1.333182	1.539576	1.641725	1.551926	2.072747	0.350448	-0.717522	0.757992	0.497448	0.936554	-0.347948	-0.535421	-0.646149	-0.030138	-0.949127	0.118674	-1.111403	-0.005638	-1.392474	-0.513832	-0.663160	-0.146804	0.385196	-1.322770	-1.914302	0.650149	-1.034245	1.129334
-1.932978	0.546001	0.669763	1.130344	-0.991760	0.466982	-1.569417	-0.295285	-0.465021	-0.516650	1.311602	0.372720	0.921197	0.778780	-2.175210	-1.282259	-0.402121	1.056255	0.651014	1.279935	-2.265674	0.989088	-1.333336	-0.426441	-1.263984	-1.316001	0.946558	1.674653	-2.400388	0.309402	-1.735451	-1.799609	1.577545	1.375193	-0.758001	-0.001796	0.238898	0.241758	-0.425692	-0.546205	-1.479641	-1.399734	-2.536417	-2.028306	-1.889114	-0.977142	0.392507	-0.570020	0.203314	-0.858659	0.790522	0.007422	1.183242	1.976222	-0.165714	0.817121	1.113986	-0.042537	-1.146253	-0.053673	-2.014190	-0.265943	-0.771788	-0.315823	-0.731733	-0.213287	-1.521640	-1.536512	0.098349	-1.131566	-0.142151	-0.859228	-2.095093	-0.827111	-1.611992	-1.163874	-1.147861	-0.234878	-0.272162	-0.323792	-0.951669	0.251163	2.156139	2.018395	2.489521	2.286595	2.000435	1.322830	0.111223	2.069914	1.499968	2.065039	-0.957431	-2.019061	-1.486968	-0.467194	-1.437454	-0.025554	-0.899764	0.116983	-0.162407	0.144093	-1.062183	-0.921776	-0.219397	-0.667943	-1.041547	0.955866	0.366228	0.575776
-1.922180	-1.076602	1.278657	1.428706	-0.285155	-0.904465	-0.326158	-1.402045	0.532445	-1.151633	1.707858	0.107421	0.910650	0.496952	-0.483802	0.005274	0.599203	1.579222	1.326731	1.735018	-1.739466	1.492537	-0.910715	-1.112164	-0.311520	-1.299849	2.078188	2.565145	-1.999839	2.041933	-0.912844	-1.741640	1.277680	1.298644	-0.373517	-0.060262	0.804653	0.171841	-0.163814	-0.728369	-1.270589	-2.054924	-1.472461	-1.757339	-2.152071	-1.088971	1.151179	0.523908	0.312297	-0.494668	0.535768	-0.838734	1.074063	1.703611	0.190441	0.521409	1.795666	0.409431	-0.648427	-0.301119	-0.297113	0.203186	0.199932	0.580397	-0.171718	-0.643913	-0.372752	-1.484809	-0.065588	-0.024084	0.438995	0.126582	-0.702075	2.337298	-1.154418	-0.176016	-1.997069	0.767805	-1.165782	-1.208245	-0.351977	0.464575	2.014820	2.035718	2.251509	1.954121	1.141422	1.620428	1.240490	2.678696	1.844494	2.308454	-1.000903	-2.486696	-1.725558	-1.023210	-1.001689	-0.913791	-0.942431	-0.080482	1.506257	0.859319	-0.892719	-1.478920	-1.188813	-0.321146	0.712041	1.085228	1.397966	-0.821983
-1.479077	-2.145723	1.172065	0.527369	-0.119860	-2.376349	0.423663	-1.939094	0.744820	-1.543660	0.749220	-0.708423	0.080456	-0.444366	1.228292	1.061025	0.923091	1.717638	0.618656	0.510012	-0.741991	1.157171	-0.474250	-1.630933	0.621249	-1.119539	2.088043	2.565683	-1.052086	3.036817	0.911763	-0.792435	0.234030	0.150028	-0.026538	-0.457623	1.257999	-0.209626	0.173371	-0.541548	-0.740292	-1.937364	-0.044814	-0.881538	-0.814253	-0.606204	0.663510	0.893214	0.363185	-0.029499	-0.562032	-1.972718	1.371680	1.062329	-0.455292	-0.096835	1.353805	0.493258	0.081930	-0.211230	1.439954	0.565794	0.805365	0.893612	0.121204	-0.796648	1.143873	-0.251139	0.076605	1.091777	0.087473	0.805698	1.484349	4.169694	0.073572	1.450362	-1.593931	1.400197	-1.311771	-0.975078	0.205116	0.015647	0.490792	0.923342	0.541809	0.235548	-0.345169	0.676305	1.157004	1.676126	0.755406	0.836749	-0.559655	-1.552021	-1.271100	-1.460223	-0.335955	-1.646026	-1.178902	-0.462867	1.999563	1.023519	-0.092750	-1.900435	-1.698985	-0.362138	1.822288	0.658428	1.063146	-1.493230
-0.649510	-1.619838	0.388959	-0.751160	-0.342386	-2.057472	0.518206	-0.943877	0.203002	-1.288684	-1.097416	-1.371186	-1.293119	-1.846816	1.639845	1.279975	0.395009	1.102763	-0.942110	-1.438691	0.134555	-0.010292	-0.143857	-1.101743	1.105052	-0.355376	1.398571	1.397727	-0.253541	2.208889	2.180695	0.178949	-1.140271	-1.600739	-0.082313	-1.373896	1.636424	-0.886486	0.855441	0.596247	-0.033896	-0.777387	0.872388	-0.086729	0.869406	-0.408715	-0.457002	0.365401	0.355064	-0.238072	-1.898835	-2.712777	1.340111	0.209751	-1.229037	-0.168844	0.011281	0.205580	0.484241	0.306255	1.855323	0.500603	0.442541	0.147811	0.157002	-0.389672	2.058110	1.176695	0.397474	1.216344	-0.862508	0.265764	2.578644	3.302305	0.868071	2.275033	-0.676404	1.019084	-0.469970	-0.262719	0.687441	-0.720285	-1.221606	-0.763069	-1.338610	-1.639015	-1.359870	-0.697871	0.132133	-0.007133	-1.072304	-1.319683	-0.211433	-0.245321	-0.670246	-1.831284	-0.128552	-1.307263	-1.129579	-0.567382	1.049430	0.483657	0.819140	-1.843434	-1.341695	-0.343360	1.402788	-0.010659	-0.305932	-0.925879
0.120578	-0.156465	0.010261	-0.937177	-0.469110	-0.035355	0.230744	0.679830	-0.453384	-0.405410	-2.284546	-1.037801	-1.971156	-2.530709	0.985119	1.125961	-0.251980	0.480602	-1.804426	-2.192749	0.632957	-0.829021	0.037962	0.182959	0.837927	0.509756	0.788821	0.013416	0.157460	0.399549	1.931218	0.518029	-1.723297	-2.470827	-0.304819	-2.105198	1.628428	-1.137952	1.266454	1.750915	0.342727	0.474324	0.740950	0.109279	1.472165	-0.744704	-0.801467	-0.146343	0.165449	-0.862909	-2.157212	-2.054523	0.484104	-0.412156	-0.996218	0.555348	-0.659091	0.153512	0.399897	0.867442	1.033655	0.182656	-0.206169	-0.782542	0.243851	0.495958	2.109361	1.699631	0.588316	0.213347	-1.122857	-0.762533	1.732693	0.930969	0.858255	1.803221	0.116200	0.174812	0.593370	-0.049907	1.127696	-0.805039	-1.495799	-1.551123	-1.656302	-1.930260	-0.943605	-0.853952	-0.151354	-0.605756	-1.983552	-2.102756	-0.134001	0.322206	-0.511916	-2.125408	-0.308623	-0.033961	-0.608565	0.008494	-0.008049	-0.036553	1.157727	-1.009310	-0.443266	0.026329	0.240075	0.002194	-1.151542	-0.343511
0.278307	0.539079	0.685966	0.164697	-0.456077	1.521721	-0.228224	1.046528	-0.629218	0.525670	-1.891589	0.131602	-1.193750	-1.690563	0.470276	1.210185	-0.421657	0.750865	-1.215575	-0.989950	0.614261	-0.225893	-0.174454	0.931197	-0.230231	0.482704	0.499167	-0.401678	0.090166	-0.785609	0.541055	0.276421	-0.951914	-1.664359	-0.347872	-1.825279	0.773447	-0.456211	0.527444	1.316545	-0.132149	0.502965	-0.225470	-0.138789	0.884156	-0.875629	0.204984	0.111241	-0.213918	-0.724787	-0.913318	-0.160191	-0.499840	-0.282700	0.112038	1.253514	0.276969	0.742333	0.039198	0.987095	0.153551	0.045164	-0.085306	-0.696747	0.443686	1.277533	1.642225	1.311756	0.639535	-0.900775	-0.076739	-0.847949	-0.158690	-0.706549	0.673285	0.726533	0.880710	-0.095953	0.957632	-0.369488	1.218755	-0.049778	-0.229949	-0.770058	-0.279437	-0.372697	0.473517	0.722551	0.970458	0.333513	-1.202387	-0.783347	0.131985	0.155917	-0.782300	-1.956441	-0.459387	1.038898	-0.089423	1.008635	-0.046316	0.201211	0.709288	0.084808	0.435211	0.466335	-0.148384	0.982845	-0.407246	-0.991125
-0.116023	-0.175620	1.586290	1.247540	-0.456065	1.169625	-0.635615	-0.157873	-0.168450	0.903019	-0.491035	1.111822	0.236454	-0.061611	0.717523	1.405349	-0.157412	1.557984	0.093042	1.014396	0.002814	1.172650	-0.904785	0.373690	-1.512749	-0.468774	0.187682	0.128096	-0.490794	-0.876129	-0.746626	0.071383	0.342313	-0.139356	-0.159789	-0.627673	-0.637777	0.767644	-0.960638	-0.550108	-1.168597	-0.683515	-1.061558	-0.116726	0.294569	0.004488	1.629249	0.951449	-0.543064	0.530774	0.626785	1.359822	-0.579460	0.428402	0.935746	1.153286	1.815973	1.576125	-0.270057	0.654378	0.170339	0.280107	0.872187	0.468290	0.469292	1.421301	0.928808	0.754399	0.893797	-1.041992	1.324466	0.303253	-1.370654	-0.798262	0.889468	0.018659	1.754410	0.471548	0.570287	-0.337348	0.681852	0.778877	0.967945	0.542282	1.226154	1.387196	1.470904	2.503941	2.171782	1.491159	0.361903	1.150279	1.046246	0.202794	-0.762543	-0.826923	-0.480828	1.043207	-0.038729	1.518846	0.460922	0.861362	0.073023	0.420645	1.062602	0.571262	0.706867	1.914669	1.002424	-2.195791
-0.260751	-1.021440	1.335374	1.150391	-0.274030	-0.058586	-0.602187	-1.082241	0.688635	0.760194	0.651650	1.268284	0.773735	0.789567	1.186935	1.143677	0.287008	1.553127	0.978692	2.081019	-0.765785	1.505010	-1.574116	-0.790237	-1.926695	-0.993286	-0.473592	0.306508	-1.179989	-0.773980	-0.888126	0.502725	0.739590	0.450757	0.068144	0.475104	-1.534211	1.676437	-1.529036	-1.612960	-1.583921	-1.498241	-0.778971	0.661208	0.795056	1.710197	2.126529	1.694816	-0.510047	1.636383	0.912654	1.134739	0.251925	0.901957	0.835043	0.533805	2.183695	1.896206	-0.208309	0.404730	1.071923	0.684265	1.731742	1.598156	0.248240	1.015408	0.054040	0.430185	1.445806	-0.210848	1.704245	1.548065	-0.972086	-0.400744	1.363788	0.013463	2.314526	1.167140	0.244705	0.633824	-0.194300	0.960378	0.643872	0.800745	1.415624	1.556445	1.190484	2.594082	1.836251	1.455647	1.194305	1.734978	2.302439	1.133603	0.220900	1.136814	-0.527394	0.350971	-0.189133	0.912354	0.320350	0.871574	0.171372	-0.287183	1.488720	0.412315	1.796360	1.592325	1.129464	-2.013206
0.392840	-0.548069	-0.166446	0.130839	0.277881	-0.362111	-0.030707	-0.226534	1.422870	0.628280	0.762330	0.873124	-0.033341	0.261432	1.108414	0.333341	0.841175	0.163137	1.085794	1.572636	-0.767962	-0.018149	-1.210811	-1.196796	-0.961234	0.002654	-1.339660	-0.815528	-1.166029	-1.230232	0.115030	1.431158	-0.121777	-0.302154	0.071614	0.616736	-1.376794	1.758683	-0.326697	-0.404572	-0.561414	-0.600526	0.489399	1.645573	2.030628	2.959113	1.367815	1.796842	-0.062204	1.288567	-0.140608	-0.354758	1.014579	0.660800	0.331346	0.151952	0.961803	1.477129	0.357704	0.682871	2.073514	0.920239	1.704978	1.720174	0.168951	0.594410	-0.643893	0.199442	1.760111	0.709039	0.883313	1.653144	0.335034	-0.671469	1.625400	0.220488	2.034836	1.180649	0.555855	1.854543	-0.819938	0.514828	-0.827733	-0.257297	0.377990	0.141762	0.103432	1.044358	0.082088	0.318833	0.731586	0.772707	2.876001	2.382550	1.728286	2.792492	-0.556455	0.028442	0.082415	-0.259442	-0.515120	-0.057279	1.161027	-1.105218	1.672035	0.372571	1.927544	0.231073	-0.401121	0.150516
1.230540	0.801877	-1.423994	-0.667275	0.766195	0.380590	0.484996	1.424489	1.447007	0.781715	0.017260	0.392588	-0.952301	-0.618855	0.576191	-0.404966	1.461515	-1.509294	0.890267	0.350650	0.378555	-1.961518	0.334254	-0.346874	0.506038	1.700145	-1.826334	-2.498305	-0.102507	-1.769419	1.180179	1.851019	-1.034255	-1.128812	-0.277348	-0.002807	-0.951623	1.110789	1.327803	1.594894	1.188615	1.385553	1.329815	1.588067	2.415638	2.478858	0.201642	1.070882	0.465682	-0.058945	-1.056140	-1.304384	0.975256	0.069522	0.193138	0.178266	-0.479503	0.837943	1.085841	1.190785	2.261085	0.833234	0.951031	1.033769	0.489236	0.477359	-0.627899	-0.076134	1.269520	1.109792	-0.124176	0.492323	1.020863	-1.462858	1.487151	-0.010915	0.997863	0.419979	0.970508	1.863866	-0.971822	-0.057741	-1.675964	-1.253407	-0.604605	-1.149595	-0.677408	-0.254152	-1.323803	-0.633412	-0.198442	-0.130638	2.096474	2.583855	2.254176	2.750778	-0.364453	0.465346	0.741361	-0.784173	-0.746216	-0.813228	2.028240	-0.963018	1.432270	0.482063	0.952969	-0.625530	-1.688211	2.442369
1.086294	1.238806	-1.060407	-0.586041	0.544676	0.853889	0.243663	1.751355	0.590779	0.934500	-0.734845	-0.053892	-0.553420	-0.478909	0.339265	-0.458150	1.864305	-1.925428	0.926276	-0.194631	1.760600	-2.327814	1.846731	0.929781	0.991029	2.152663	-1.382530	-3.080396	1.246654	-1.488075	1.100854	0.905776	-0.623861	-0.678252	-0.720031	-0.396355	-1.236218	0.231363	1.473009	1.744552	2.068708	2.519069	0.564410	0.063069	0.955732	0.430045	-0.356581	-0.118572	0.626708	-0.827237	-0.568778	-0.633228	0.350026	-0.244515	0.474060	0.254163	-0.675315	0.559887	1.234239	1.111398	1.265005	0.511220	0.254438	0.516853	0.854283	0.497587	0.127626	-0.368222	0.194774	1.119649	-0.468508	-0.971367	0.390365	-1.852502	1.089840	-0.602349	-0.187816	-0.472502	0.488297	0.141980	-0.820233	-0.272172	-0.741684	-0.807143	-0.449449	-0.888505	-0.501878	0.001811	-0.940551	-0.481214	-0.324135	0.317932	0.577683	1.149885	0.908135	0.879056	-0.048006	0.926288	0.939095	-0.306540	0.442187	-0.226190	1.670030	0.011539	0.755316	0.309971	-0.435243	0.036121	-0.991567	2.598898
-0.243493	0.091486	0.544697	0.040749	-0.305095	0.374611	-0.626785	0.389334	-0.585579	0.740294	-0.730633	-0.398457	0.963624	0.712865	0.664062	0.090721	1.658496	-0.858354	1.192299	0.465545	2.030110	-0.854789	1.920844	1.481664	0.087394	0.695911	-0.092193	-1.945783	1.697804	-0.415482	-0.203912	-0.899961	0.905795	0.811802	-0.781680	0.013100	-1.889720	-0.277107	0.008433	-0.256214	1.404663	1.807317	-1.216403	-1.673837	-1.339926	-1.502406	-0.080081	-0.881139	0.323817	-0.434171	0.838186	0.848206	-0.208676	-0.041984	0.673283	0.254875	0.256975	0.638169	0.386888	0.136363	-0.402033	0.134500	0.115470	0.666996	0.779463	0.406360	0.931551	-0.667426	-0.654963	0.962690	-0.248180	-1.559314	-0.699030	-1.385494	0.643353	-0.756978	-1.024074	-0.788714	-0.866575	-1.906210	-0.472971	0.090490	1.199994	0.816949	0.665602	0.523871	0.369760	1.033965	0.723050	0.447532	0.693222	1.513029	-0.376471	-0.816888	-1.193743	-1.227280	-0.011254	0.571635	0.110101	0.239830	2.025144	1.290548	0.275279	0.677103	-0.032643	-0.331113	-1.590580	1.428656	0.936384	0.571563
-1.575785	-1.213445	1.698213	0.547179	-0.953831	-0.339840	-1.209674	-0.868305	-1.210500	0.304243	-0.052615	-0.409201	1.885940	1.578177	0.971913	0.641372	0.847820	0.513855	1.283082	1.452553	0.990240	0.941777	0.601448	1.057968	-1.044001	-1.139932	1.208108	-0.169758	1.012811	0.545060	-1.454883	-1.968174	1.872430	1.766932	-0.428635	0.685598	-1.697128	-0.114013	-1.185892	-1.897591	0.149907	0.263153	-2.176396	-1.912596	-2.381396	-1.796860	0.453804	-0.552693	-0.045699	0.140515	1.478326	1.430246	-0.379531	0.477131	0.484427	0.407133	0.918996	0.646995	-0.845512	-0.918265	-1.644711	-0.104500	0.278782	0.922196	0.343819	0.287911	1.159347	-0.869496	-0.809065	0.564352	0.051549	-0.841420	-0.857761	-0.382820	0.368193	-0.056572	-1.381563	-0.431032	-1.756762	-2.226605	0.035934	0.792006	2.275476	2.014230	1.474986	1.460869	1.126165	1.272767	1.751789	1.138418	1.824243	1.839222	-0.301126	-1.590137	-1.976722	-1.764068	-0.329715	-0.390833	-1.059195	0.065160	2.223596	2.052942	-0.829771	0.379037	-0.473334	-0.875567	-2.156239	1.935001	1.847931	-1.478825
-1.598914	-0.974114	1.263276	0.632287	-0.742972	-0.353970	-0.795458	-0.476581	-0.880388	0.047701	0.458160	-0.055488	0.987349	0.957278	0.737062	0.757673	0.093507	0.983915	0.966840	1.452284	-0.163140	1.641301	-0.577768	0.416990	-1.009635	-1.370122	1.656046	0.847252	0.203741	0.839153	-1.233360	-1.274861	1.044372	1.083068	-0.264662	0.644114	-0.393078	0.365063	-0.631312	-1.069727	-0.323355	-0.447527	-1.248134	-0.445909	-1.307595	-0.651246	0.633867	0.519684	0.022178	-0.078283	0.451844	0.438367	-0.260103	0.864977	0.118042	0.745174	0.368701	0.347306	-1.168859	-0.869472	-1.572865	-0.003366	0.164159	0.478149	-0.009581	0.346010	0.898753	-0.662132	-0.449034	0.000150	0.336999	0.503981	0.266908	0.585886	0.483056	0.831421	-1.224909	0.106714	-1.038605	-0.433497	0.385893	1.146580	1.512767	1.648868	0.924069	0.968772	1.123030	0.426897	0.984985	0.940503	1.732929	0.757375	0.053976	-0.701635	-0.800094	-0.592037	-0.437842	-0.915844	-1.214767	-0.236248	0.702344	1.088297	-0.734134	-0.235251	-0.352329	-0.547682	-1.821543	1.021219	0.873328	-1.613144
-0.269258	0.657327	-0.295004	0.307577	0.194383	0.322031	0.401708	1.007403	0.081277	0.212383	0.210673	0.255141	-1.042452	-0.746321	0.219645	0.491646	0.127992	0.365045	0.443498	0.208424	-0.257575	1.191165	-0.294134	0.368407	0.335846	0.259432	1.262620	0.849687	0.342024	0.800983	0.530772	0.556945	-0.953149	-0.702230	-0.745336	-0.319254	0.846257	0.370490	0.988492	1.249389	0.271094	0.079475	0.812411	1.210144	0.657519	0.520809	0.439441	1.307716	0.625532	-0.810029	-1.320060	-1.145032	0.009725	0.696130	-0.009889	0.901346	-0.877407	-0.126730	0.067147	0.418675	-0.234955	0.436193	-0.400350	-0.591929	-0.149923	0.424347	0.598593	0.078666	0.134036	-0.331729	0.767706	1.317019	1.662752	1.165694	0.936762	0.966825	-0.518222	0.361395	0.836808	1.686255	0.115042	0.577160	-0.294185	0.134305	-0.685306	-0.348942	0.369841	-0.414507	-0.681485	0.006119	0.246779	-0.659728	-0.046873	0.658066	0.961930	0.872927	0.187885	-0.426577	0.060879	0.387241	-0.974760	-0.716605	0.084483	-0.169865	0.114491	0.635234	-0.535656	-0.324304	-0.626757	-0.056146
1.224014	1.947828	-1.627473	-0.390773	1.167399	0.917113	1.504075	1.770743	1.026060	0.575533	-0.435151	0.057802	-2.445634	-2.088219	0.016360	0.182994	0.780317	-0.630112	0.001111	-1.252689	0.611573	0.462962	1.121081	0.905855	1.886817	2.119486	0.833495	0.566942	1.324509	0.893673	2.370007	1.976739	-2.421446	-2.123334	-1.439396	-1.431845	0.958899	-0.524099	1.765107	2.203049	1.038383	0.801900	2.349307	1.531138	1.698887	0.809649	0.233087	1.178370	1.350214	-1.168170	-2.210112	-1.957015	0.369134	-0.015881	0.219811	0.530890	-1.620200	-0.599089	1.957294	1.698164	1.288170	0.751264	-1.052907	-1.433706	-0.299407	0.090545	0.448118	0.930896	0.889176	-0.330651	1.122111	1.036579	2.156396	1.337200	1.223041	0.341814	0.429611	0.276064	2.308569	2.184289	-0.730053	-0.706856	-1.663118	-1.310388	-2.008966	-1.302069	-0.595920	-0.388465	-1.410568	-0.986452	-1.447328	-1.267667	-0.405393	1.092832	1.756481	1.452727	1.177867	0.457855	1.609610	1.649864	-1.198946	-1.701516	0.461332	0.550182	0.448088	1.702108	1.011984	-0.931333	-1.046437	1.275698
1.718207	1.668360	-1.880236	-1.255718	1.522826	0.833520	1.758508	0.863882	1.438736	0.572407	-0.671169	-0.613147	-2.297723	-2.157825	0.257467	0.137631	0.981684	-1.115107	-0.338973	-1.837187	1.403530	0.125496	2.079654	1.274700	2.413352	2.435018	0.907996	0.528647	2.007313	0.934461	2.633304	2.034847	-2.414118	-2.286740	-1.433088	-1.815383	0.313580	-1.820288	0.795744	0.511562	0.994853	0.643396	2.396242	0.522929	1.237131	0.484580	0.162010	0.351918	1.600909	-0.908684	-1.645477	-1.656132	0.579503	-0.776725	0.426666	-0.261090	-1.365186	-1.051565	2.748883	1.640779	1.731563	0.378389	-1.354283	-1.503419	-0.548382	-0.752003	0.350779	1.281235	1.651727	-0.455495	0.857032	0.133700	1.630216	1.305295	0.794350	-0.233164	0.953279	0.016474	2.368709	0.997108	-1.420971	-1.754468	-1.916040	-1.965871	-2.078987	-1.438674	-1.239559	0.157181	-0.595777	-1.419246	-2.080258	-1.221901	-0.470865	0.430020	1.446492	1.226427	1.531042	0.689236	1.888152	2.042004	-0.131460	-1.325920	-0.119525	0.980086	0.294119	1.673710	1.732868	-0.700503	-0.435366	0.881696
1.101020	0.314704	-1.296415	-1.716894	1.067110	0.179863	1.076643	-0.936865	1.108483	-0.204835	-0.221965	-1.109373	-1.134310	-1.222831	0.526291	0.371346	0.040943	-0.688715	-0.686204	-1.399803	1.325352	0.139627	1.395328	0.754521	1.491310	0.900858	1.100595	0.582146	1.451313	0.451069	1.073234	1.100115	-1.370706	-1.403309	-0.370063	-1.205590	0.009585	-2.426287	-1.005518	-2.103075	-0.027462	-0.424455	1.328388	-0.483021	0.156298	0.231891	0.075799	-0.544155	1.042290	-0.480705	-0.398979	-0.797778	0.212888	-1.195674	0.071688	-1.001794	-0.650806	-1.402599	1.603385	0.319117	0.870339	-0.501995	-1.088201	-1.048212	-0.752118	-1.606403	0.177276	0.969301	1.844839	-0.997195	-0.054029	-0.451325	0.820263	1.212807	-0.235576	-0.217082	0.786453	-0.197218	1.401016	-0.290031	-1.256068	-1.690521	-1.413823	-1.882610	-1.143976	-1.112355	-1.360002	0.296344	0.549158	-1.225426	-1.490449	-1.399404	-0.204428	-0.399103	0.870980	0.824276	0.802219	0.040070	0.597527	0.847339	0.660760	-0.593465	-1.087597	0.591950	-0.274229	0.546279	1.269940	-0.407032	-0.047360	-0.780675
0.137008	-0.735008	-0.674743	-1.262878	0.140485	-0.482729	-0.013176	-2.126542	0.204087	-1.413097	0.438612	-0.700612	0.058041	-0.000890	0.332041	0.480358	-1.411484	0.279179	-0.986169	-0.524155	0.431949	0.145677	-0.569415	-0.630271	-0.318460	-1.228436	0.712992	0.480413	-0.116745	-0.435936	-0.945020	0.231723	-0.190849	-0.162598	1.141653	0.089649	0.346570	-1.637350	-2.146727	-3.042582	-1.376522	-1.628983	0.253294	-0.296803	-0.334135	0.378379	-0.073791	-0.991605	-0.103165	-0.139599	0.572741	0.157145	-0.758671	-1.294617	-0.874759	-1.258431	-0.164664	-1.330939	-0.490500	-0.901439	-0.233433	-0.882815	-0.251210	-0.470045	-0.821446	-1.857801	-0.207224	0.398621	0.956668	-1.481964	-0.777519	-0.172150	0.157504	0.932778	-1.066471	0.184590	0.528290	-0.073724	0.450584	-0.341636	-0.326051	-0.503624	-0.727388	-1.274790	-0.108262	-0.637140	-1.011653	-0.350930	0.605147	-0.820561	-0.445060	-1.885737	0.081037	-0.548423	0.587405	0.521051	-0.323449	-0.729641	-1.061890	-0.807013	0.125723	-0.668777	-1.464773	-0.074764	-0.790153	-0.718285	0.433409	-0.633828	-0.574031	-1.827604
-0.456096	-0.809531	-0.397745	-0.079761	-0.651664	-0.735933	-0.807707	-1.930110	-0.675569	-2.002945	0.779332	0.622305	0.881531	1.108150	-0.469680	-0.049037	-2.112576	0.988171	-1.029620	0.257746	-0.675175	0.059031	-2.296621	-2.072224	-1.849555	-2.346406	-0.303476	0.345999	-1.587851	-1.009738	-1.874444	-0.030001	0.717939	0.930592	2.101992	1.465062	0.609661	0.126994	-2.057148	-1.709891	-2.154873	-2.216348	-0.082597	0.938904	0.133675	0.831413	-0.131929	-0.757724	-1.112807	0.376881	1.041666	1.108737	-1.554424	-1.046128	-1.638479	-0.909832	0.087593	-0.558032	-1.730813	-0.944589	-0.450759	-0.108159	0.866333	0.206910	-0.750795	-1.365286	-0.894634	0.017250	-0.679062	-1.186406	-0.515755	0.723037	-0.653800	0.265044	-1.110228	0.461184	0.817745	0.481876	-0.016543	0.647867	0.624632	0.915460	-0.049956	-0.230086	0.504617	0.051073	-0.384326	-1.290455	-0.334688	-0.454801	0.391923	-1.725162	0.298023	-0.049348	0.519368	0.316372	-0.834442	-0.872670	-1.631402	-1.369050	-1.146283	-1.454793	-0.776872	-0.266835	-0.784735	-1.116547	0.176915	-1.163302	-1.388547	-1.024975
-0.573281	-0.460122	-0.109187	1.036104	-0.869597	-0.614662	-0.885734	-0.805828	-0.798717	-1.265010	0.865336	1.940506	1.477431	1.936491	-1.479683	-1.133599	-1.570190	1.014426	-0.669680	0.809127	-1.347462	0.073347	-2.563728	-2.669078	-2.111874	-1.842454	-1.313896	0.305341	-2.109688	-0.899117	-1.477088	-0.126405	1.373110	1.619064	1.992376	2.217694	0.236114	1.601576	-1.241557	0.188771	-1.858842	-1.933306	0.149846	1.917343	0.836411	1.276466	-0.060904	0.013903	-1.332255	1.170141	1.296137	1.831638	-1.292897	-0.209048	-1.294101	-0.171288	0.567368	0.698382	-1.349939	-0.190193	0.144227	1.105924	1.644902	0.977057	-0.450740	-0.525172	-1.664260	-0.198528	-1.877466	-0.065918	0.433683	1.463406	-1.757573	-0.639409	-0.703093	0.298337	1.277588	1.035413	-0.402187	1.447127	1.053693	1.521914	0.628155	0.972636	0.825287	0.893890	0.168978	-1.720956	-0.959009	0.121117	0.982029	-0.301790	0.526623	0.496345	0.442926	0.309392	-0.532421	-0.475835	-0.762243	-0.757444	-1.746494	-1.777749	0.566120	-0.073895	-0.248729	-0.521634	0.411545	-1.309884	-1.465038	0.829771
-0.502618	-0.555399	0.575305	1.443842	-0.531742	-0.440522	-0.353656	0.152500	-0.006449	0.168682	1.136046	2.230463	1.890318	2.204646	-1.952927	-1.882279	-0.450701	0.696134	-0.001170	1.163536	-1.203229	0.163572	-1.541600	-2.230332	-1.117502	-0.501468	-1.716918	0.105909	-1.793017	-0.516641	-0.680996	-0.651930	1.692270	1.735891	1.157499	1.950903	-0.415924	1.811864	-0.462238	0.823319	-0.778645	-1.112484	0.274783	1.515923	0.794536	1.352543	-0.062601	0.779825	-0.849771	1.607905	1.512376	1.887734	-0.156788	0.937631	0.095889	0.473853	1.332350	1.697704	-0.249043	0.129494	0.529533	1.329972	1.590123	1.439393	0.079514	0.115511	-1.952865	-0.588234	-1.657308	1.100184	0.936186	1.448700	-2.388025	-1.202298	-0.580588	-0.214104	0.965747	1.001867	-1.062295	1.220797	1.071474	1.003413	1.160905	1.713711	1.070421	1.365365	0.241513	-1.298373	-0.518364	1.042982	1.512372	1.514525	0.637719	0.718811	0.347873	0.535549	-0.117144	-0.197852	0.552428	-0.203953	-1.050132	-0.870902	1.587484	-0.249113	0.286653	0.256726	0.274648	-0.680893	-0.653078	1.866582
-0.430599	-1.124365	1.286269	1.121219	-0.049087	-0.430757	0.257434	0.216871	0.924326	0.839575	1.611811	1.403004	1.864014	1.707656	-1.498586	-1.485355	0.266227	0.538355	0.596454	1.230429	-0.380077	-0.012204	-0.450717	-1.346661	0.093587	0.355389	-1.378890	-0.440935	-1.266268	-0.291575	-0.206003	-1.339133	1.454963	1.281441	0.418330	1.014882	-0.645411	0.915165	-0.146283	0.088809	0.159686	-0.456280	-0.031247	0.017763	-0.078064	0.930711	-0.298158	0.916805	-0.409054	0.921263	1.586616	1.201443	0.641342	1.348049	1.261962	0.540013	1.727141	1.741402	0.190949	-0.516276	0.086095	0.135555	0.892773	1.194713	0.486917	0.265080	-1.377115	-1.127813	-0.342326	1.437189	0.364447	0.784753	-1.636772	-0.912340	-0.808598	-0.582098	-0.176405	0.426720	-1.530334	0.286780	0.990120	-0.011720	1.289681	1.512544	1.060820	0.976137	-0.266073	-0.432374	0.290760	1.683292	1.854299	2.095962	0.408285	0.735837	0.339019	0.695083	-0.225177	-0.437615	1.030921	-0.477989	0.228907	0.632164	1.533789	-1.098694	0.227991	0.346370	-0.546192	0.355361	0.197321	1.354643
-0.266489	-1.286761	1.265570	0.434799	0.184335	-0.441763	0.489555	-0.325234	1.010530	0.155747	1.705387	0.349119	1.273764	0.768499	-0.575208	-0.251657	0.236431	0.462915	0.707642	0.878965	0.441531	-0.525084	-0.158949	-0.643033	0.509899	0.184865	-0.516778	-0.850799	-0.815096	0.027107	0.079335	-1.327741	0.734106	0.595590	0.321806	0.302328	-0.325402	-0.138466	-0.289219	-0.723779	0.216924	-0.431680	-0.367471	-1.076695	-0.815974	0.293242	-0.659051	0.267398	-0.465809	-0.562804	1.405149	0.381970	0.252306	0.437227	1.060347	0.054942	1.148922	0.838922	-0.348347	-1.367956	-0.686007	-1.229887	0.242855	0.466453	0.382929	0.064020	-0.261636	-1.248285	0.620048	0.782228	-0.640787	0.114033	0.099824	0.092878	-0.745332	-0.305131	-1.048091	-0.016815	-1.137028	-0.469204	0.802445	-0.593026	0.979138	0.604863	0.526315	0.016367	-0.912723	0.117186	0.395293	1.205504	1.635607	0.916484	-0.083847	0.680397	0.390174	0.430084	-0.655527	-0.923752	0.425462	-1.024958	0.926221	1.355744	0.555553	-1.900257	-0.454661	-0.238529	-1.295206	0.904318	0.304856	0.409337
0.138801	-0.385295	0.473666	-0.207867	0.172893	-0.153323	0.424971	-0.468446	0.239628	-0.860731	1.034707	-0.069336	0.483746	0.129759	0.031749	0.646556	-0.069381	0.053962	0.319078	0.256166	0.595610	-0.826621	-0.335552	-0.187494	0.172414	-0.346099	0.466017	-0.402146	-0.263692	0.750978	0.397414	-0.413201	0.037856	0.207941	0.730675	0.384055	0.089271	-0.597127	-0.505692	-0.575402	-0.364420	-0.714241	-0.112194	-0.576891	-0.572798	-0.126821	-0.901072	-0.665886	-0.585099	-1.276196	1.004028	0.164435	-0.814688	-0.846216	-0.111374	-0.330978	-0.071646	-0.239469	-0.949738	-1.358596	-0.824059	-1.132881	0.006114	-0.101576	-0.041578	-0.063991	0.572275	-0.593802	0.147471	-0.128316	-0.931887	-0.109133	1.180138	1.048823	-0.093635	0.489321	-0.771948	0.073307	-0.204164	-0.612170	0.379933	-0.327848	0.524010	-0.176300	-0.268896	-0.563943	-0.994391	-0.000763	-0.231122	-0.245687	0.739978	-0.768057	-0.531472	0.351272	0.302404	-0.171088	-0.681047	-1.033695	-0.289314	-0.993293	0.596082	0.687815	-0.443942	-1.610677	-1.127754	-0.653482	-1.121004	0.372131	-0.121006	0.303936
0.681007	1.002515	-0.248696	-0.479119	0.217364	0.384225	0.488760	0.333519	-0.387825	-0.847246	0.072368	0.114736	0.016038	0.186642	0.129765	0.474874	-0.008562	-0.585188	-0.147706	-0.252129	0.146167	-0.379292	-0.125200	0.221782	-0.074530	-0.268447	1.000636	0.706245	0.443683	1.276426	0.401490	0.509411	-0.175003	0.339689	1.047495	0.929756	0.250665	-0.375870	-0.287886	0.350031	-0.604867	-0.485120	0.750736	1.068369	0.268077	-0.228083	-0.911666	-1.182154	-0.110674	-0.035528	0.434125	0.569805	-1.358649	-1.015086	-0.759195	-0.132892	-0.931342	-0.688430	-0.668702	-0.347187	-0.034565	0.590635	-0.147481	-0.257727	-0.126835	0.149562	0.569309	0.325454	-1.299176	-0.329243	-0.222439	-0.067487	0.578226	1.239599	0.515236	0.985267	0.180841	0.270650	0.133692	-0.386959	-0.079051	0.427413	0.198665	-0.234785	-0.638852	-0.208341	-0.229881	-0.412360	-0.731274	-1.492474	-0.476760	-1.365668	-0.835852	-0.423593	-0.058049	-0.597295	0.006235	-0.427376	-0.159383	-0.454609	-0.258187	-0.632599	-0.763860	-0.088983	-1.095562	-0.296166	-0.165260	-0.870178	-0.235101	0.723094
0.950489	1.517990	-0.336123	-0.288913	0.447801	0.585148	0.776043	1.360870	-0.175950	0.243088	-0.397911	0.248000	-0.079312	0.488421	0.067457	-0.409442	0.359049	-0.809963	-0.400769	-0.481741	-0.208748	0.477073	0.614609	0.505463	0.281317	0.520449	0.591407	1.219036	0.976512	0.570895	-0.225624	0.495057	-0.020328	0.596768	0.754564	1.107960	0.271936	0.222933	0.458232	1.156006	0.040755	0.554332	1.442227	2.130486	0.525151	-0.349297	-0.750369	-1.034151	0.767945	2.255239	-0.301668	0.872540	-0.905699	0.021451	-0.158488	0.250425	-0.905450	-0.434074	0.370772	0.812515	0.938693	2.316496	-0.652344	-0.378963	0.363664	0.503660	-0.150837	0.632951	-2.240453	0.299207	0.553512	-0.251162	-0.849315	0.585222	0.231937	0.470635	0.588584	-0.126879	-0.519171	-0.176455	-0.169021	0.974490	-0.099063	0.151380	-0.347031	0.518690	0.778092	-0.576238	-0.681868	-1.651980	-1.447501	-0.735713	-1.134396	-1.284929	-0.512837	-0.487289	0.886864	0.580489	0.540749	-0.128043	-0.905487	-1.428959	-0.587150	1.566057	-0.291257	0.417951	0.621093	-1.782300	0.251724	0.409494
0.580892	0.594235	-0.225969	0.054771	0.626700	0.049054	0.870152	1.389358	0.354670	1.252313	-0.268129	-0.012717	-0.274965	0.227416	-0.114926	-1.194644	0.195691	-0.416196	-0.650575	-0.665077	-0.038737	0.753489	1.144181	0.469074	0.899397	1.227197	-0.601206	0.313110	1.038854	-1.219347	-0.983410	-0.354693	-0.055929	0.319844	-0.205402	0.467952	0.430267	0.821704	1.193021	1.286335	1.011309	1.700816	1.140745	1.353945	-0.320391	-0.847520	-0.490005	-0.568306	1.141522	3.114647	-1.062544	0.435033	-0.066027	0.862469	0.827201	0.121087	-0.465834	-0.067128	1.167022	1.205065	1.015508	2.251890	-1.365133	-0.820267	0.824303	0.607219	-0.986771	0.167070	-1.752439	0.739264	0.305870	-0.831338	-1.432270	-0.428682	-0.957969	-0.864443	-0.123730	-1.183257	-1.149647	-0.121816	0.181649	0.862935	-0.630952	0.205268	0.000866	0.563125	0.985108	-0.484367	-0.537902	-1.030694	-1.719952	-0.091425	-1.376487	-1.562275	-0.697941	-0.036057	1.182469	1.231673	0.706035	-0.218978	-1.064058	-1.281573	-0.562116	2.011739	0.673472	0.597033	0.514611	-1.656977	0.605806	-0.766819
-0.271074	-0.735149	-0.493049	0.096344	0.496309	-0.684529	0.474376	0.253555	0.275638	1.361437	-0.126302	-0.406753	-0.925357	-0.815218	-0.749909	-1.385886	-0.973551	-0.098872	-1.157591	-0.997608	0.324906	0.065357	0.890831	0.393108	1.219430	1.231838	-1.505477	-1.110066	0.760998	-2.414562	-1.050188	-1.209745	-0.616988	-0.677505	-1.386569	-0.678562	0.778273	1.006670	1.321902	0.894535	1.376581	2.026576	-0.094813	-0.799857	-1.573197	-1.664998	-0.169163	-0.309552	0.634570	1.073649	-1.512696	-0.649584	0.466645	0.538093	1.024151	-0.357209	-0.321796	-0.075253	0.991826	0.618298	-0.154294	0.259558	-1.776101	-1.400468	0.599756	0.447345	-1.168489	-0.299593	-0.297786	-0.010405	-0.958978	-1.507764	-0.620163	-1.175258	-2.109310	-2.056035	-1.441104	-2.226276	-0.713585	-0.278978	0.550135	0.126463	-1.266018	-0.359880	-0.290964	-0.317615	0.040862	-0.503805	-0.689194	-0.438915	-1.183455	-0.315286	-1.281159	-1.047083	-0.541952	0.208389	0.694656	0.984336	-0.080770	-0.127909	-0.860195	-0.637021	-0.884349	0.982674	1.097014	0.009643	-0.381388	-0.704480	0.064201	-1.421206
-0.872227	-0.957072	-0.794343	-0.233656	0.216823	-0.583939	-0.025195	-0.824071	-0.359084	0.898225	-0.319218	-0.625966	-1.705771	-1.935222	-1.589888	-0.848467	-2.208594	-0.540340	-1.592565	-1.248101	0.341357	-0.761958	0.257149	0.857711	1.216617	0.815799	-0.976859	-1.277249	0.478028	-1.639948	-0.434336	-1.617951	-1.352814	-1.737443	-2.046655	-1.585907	1.143546	0.531830	0.949573	0.460838	1.022622	1.480665	-1.243376	-2.711080	-2.322261	-2.377140	0.121397	-0.515268	0.010566	-2.461526	-1.386393	-1.695732	0.720239	-0.330792	0.485872	-0.277817	-0.502499	-0.377953	0.189973	-0.466715	-1.726756	-2.023367	-1.697366	-1.690837	-0.067482	0.385534	-0.212147	-0.094308	0.877787	-1.548841	-2.113873	-1.877782	0.680685	-1.186366	-2.248455	-2.317171	-2.478452	-2.592660	0.300248	-0.775186	0.535471	-0.813245	-1.435403	-0.960669	-1.068383	-1.209851	-1.144513	-0.712616	-0.790304	-0.112110	-0.289464	-0.940895	-0.841785	-0.295477	-0.483831	-0.127875	0.014387	0.058029	-0.920737	0.594906	-0.461845	-0.010586	-1.085843	-0.432373	0.764562	-0.667583	-1.347943	0.301285	-0.978430	-0.620244
-0.564764	0.122195	-0.383666	-0.485384	0.267063	0.553726	0.050880	-0.653550	-0.580634	0.577627	-0.444507	-0.692615	-1.823989	-2.124429	-1.615660	0.268597	-1.925821	-1.387739	-1.285396	-1.044704	-0.026838	-0.729890	0.115771	1.755162	1.259162	0.632005	0.823755	0.267394	0.298313	0.377219	0.006909	-1.771468	-1.478186	-1.836398	-1.590989	-1.622851	1.365063	-0.262515	0.755628	0.355851	0.696285	0.879960	-1.258047	-3.175602	-2.422519	-2.570583	0.278778	-1.001852	0.190599	-4.390905	-0.735248	-1.936712	1.001465	-0.613706	0.217462	0.599872	-0.501483	-0.656229	-0.255280	-1.334330	-2.320113	-2.816910	-1.347068	-1.488192	-0.344610	0.533097	1.356214	0.376172	0.937159	-2.335967	-2.106098	-1.785668	1.414662	-0.381231	-1.376659	-1.763049	-2.718495	-2.208854	0.438926	-1.536170	0.297174	-1.331621	-0.777741	-0.845763	-1.441621	-1.105351	-1.269139	-0.856605	-0.412069	0.257267	0.124212	-0.898222	-0.458646	0.004428	-0.937429	-0.883491	-0.080727	-0.713345	-0.708420	1.443534	-0.009665	0.503171	-0.733679	-0.876686	0.023490	-0.708902	-1.596941	0.727888	-1.326041	0.659128
0.427380	1.179738	0.594142	-0.223757	0.778504	1.595698	0.721494	0.536239	0.002249	0.532328	-0.061320	-0.708421	-0.910110	-1.091370	-0.385085	1.285691	0.067840	-1.640269	-0.213015	-0.489085	-0.405237	-0.008706	0.699707	2.029695	1.435790	0.756104	2.255115	1.927195	0.134293	1.561902	-0.214533	-1.785306	-0.605410	-0.638772	-0.204922	-0.740399	1.378189	-0.575754	1.063484	0.645670	0.896960	0.830801	-0.174638	-2.292387	-2.150378	-2.124656	0.309000	-1.246543	1.012536	-3.089552	0.056103	-1.077189	1.182406	-0.122651	0.630713	1.246063	-0.142300	-0.837711	0.105663	-1.475051	-1.378023	-1.839811	-0.899365	-0.867261	0.015862	0.498361	2.047872	0.148157	0.103298	-1.473067	-1.030075	-1.369282	1.398319	0.743239	-0.450265	-1.103662	-2.151545	-1.458751	-0.665053	-2.031688	0.313028	-0.962371	0.334941	-0.004340	-0.843668	-0.086196	-0.082974	-0.842400	0.180344	0.771582	-0.316109	0.148246	-0.383577	-0.194650	-1.570381	-1.445271	0.563886	-0.680053	0.444834	1.479970	0.277572	0.952130	-0.068303	-0.097765	-0.581716	-0.131615	-0.812635	0.457686	-0.523585	0.766142
1.067840	1.052598	1.119448	0.353363	1.151336	1.232673	1.136029	1.448506	0.482640	0.390565	0.435323	-0.626555	0.351092	0.280111	1.018850	1.254791	1.982586	-0.943382	0.679927	-0.184758	-0.553180	0.307937	1.349024	0.954347	1.401926	0.669991	1.866187	1.883077	0.061725	0.964944	-0.526862	-1.337160	0.642924	0.910975	0.964402	0.324349	1.138848	-0.069401	1.374373	1.026960	1.194163	1.045353	0.798305	-1.042201	-1.477925	-1.284671	0.262651	-0.818582	1.447703	-0.090599	0.444626	0.295862	0.932183	0.512176	0.974791	0.654048	0.117955	-1.024760	0.669048	-0.869259	0.119359	-0.340915	-0.406546	-0.102288	0.334481	-0.025524	0.969041	-0.853061	-0.690232	0.199939	0.067980	-0.930818	1.032866	1.364543	-0.302248	-0.750999	-1.159616	-0.761889	-1.634624	-1.713666	0.640581	0.091376	1.084908	0.797929	0.249810	0.770194	1.292505	-0.762652	0.428937	1.115611	-0.950479	1.429620	-0.420633	-0.398289	-1.543865	-1.314594	1.303257	-0.011306	1.282006	0.531544	0.252427	1.203060	0.257015	0.859086	-0.744267	0.460608	0.536162	-0.147078	0.557588	-0.426706
0.623742	0.085429	0.676573	0.543799	0.710316	-0.405835	0.594707	1.257557	-0.082311	-0.013847	0.262395	-0.402379	0.807225	0.715936	1.193421	0.098652	2.040686	0.012410	0.538528	-0.464453	-0.489511	-0.291250	1.356093	-0.644766	0.908076	0.101374	0.114880	0.283224	0.306034	-0.234772	-0.132950	-0.282702	1.120757	1.379691	0.778271	0.551114	0.659602	0.545527	1.055933	0.988266	0.896958	0.872815	0.530834	-0.310194	-0.360284	-0.555162	0.110158	0.080983	0.934423	1.654908	0.159418	1.073793	0.346460	0.807258	0.485162	-0.668648	-0.133725	-1.119830	0.564857	-0.022893	0.634762	0.330773	-0.073927	0.344497	0.018542	-0.686746	-0.829376	-1.532855	-0.752630	1.056610	0.369470	-0.713597	0.563191	1.081257	-0.731933	-0.471931	-0.325795	-0.318639	-1.111789	-0.772949	0.815897	0.951144	1.018535	0.860298	0.844653	0.638521	1.596725	-0.494531	0.346175	0.998018	-0.839719	1.880730	-0.358254	-0.348522	-0.652453	-0.710645	1.365670	0.575643	0.887454	-0.550233	0.099827	1.143369	-0.006781	0.888766	-0.545434	0.607765	1.466540	-0.495211	0.913600	-1.458460
-0.443110	-0.531410	-0.017145	0.046267	-0.319503	-1.687738	-0.472175	0.394105	-1.171093	-0.368411	-0.501433	-0.135441	0.198357	-0.036255	0.288365	-0.862574	0.588468	0.488400	-0.263507	-0.826490	-0.217676	-1.035146	0.739291	-1.157812	0.180538	-0.556356	-1.050678	-0.990086	0.775698	-0.413296	0.799730	0.761765	0.457235	0.418462	-0.526968	-0.284912	0.135390	0.301594	0.222984	0.291933	0.068789	0.186847	-0.718190	-0.283959	0.618715	-0.335992	-0.142355	0.675511	-0.010259	0.964856	-0.393131	0.782723	-0.153164	0.728344	-0.460654	-1.181453	-0.578759	-0.832060	-0.235344	0.413522	-0.183812	-0.006467	-0.113620	0.137953	-0.512891	-0.787369	-1.368978	-1.008060	-0.252964	0.487623	0.078618	-0.644560	-0.004030	0.366090	-0.853793	0.088236	-0.000890	-0.049579	0.428940	-0.054429	0.599638	0.903597	0.480730	0.279963	0.585219	-0.133116	0.785755	0.182817	0.428427	0.493520	0.001758	1.172310	-0.287779	-0.331910	0.209584	-0.423648	0.632724	0.649766	-0.227298	-0.898897	0.210027	0.980789	-0.404142	0.059143	-0.251837	0.387733	1.276097	-0.164824	0.661586	-1.318068
-0.994615	-0.366306	0.048125	-0.492109	-0.984401	-1.296286	-0.976946	-0.204722	-1.365725	-0.310830	-0.870862	0.020285	-0.472140	-0.877176	-0.188620	-0.296557	-0.558420	0.596272	-0.576362	-0.521757	0.271910	-0.874122	0.047726	-0.189680	-0.358216	-0.783481	-0.421734	-0.678108	0.917287	0.445020	1.245925	0.909469	-0.424764	-0.777410	-1.406815	-1.195527	-0.128617	-0.704759	-0.399463	-0.635097	-0.539420	-0.521604	-1.561581	-0.488407	0.723005	-0.509510	-0.274411	0.477707	-0.604542	-0.591421	-0.468824	0.145115	-0.411093	0.401855	-0.821277	-0.250593	-0.499758	-0.095996	-0.914681	0.237705	-1.140864	-0.496859	-0.285316	-0.420505	-0.351866	-0.114553	-0.113900	0.292197	0.091603	-0.586237	-0.030267	-0.354795	-0.483748	0.052452	-0.252168	0.791063	0.050667	0.263451	1.274362	-0.050224	0.413819	0.196975	0.164435	-0.241531	0.088320	-0.517432	-0.074253	0.981081	0.800397	-0.057995	0.640978	-0.033814	-0.253228	-0.565118	0.109919	-0.873721	-0.298606	0.413809	-0.766043	-0.538900	0.656718	1.044239	-0.381620	-0.615506	-0.057805	0.148761	0.168009	0.661728	0.645203	-0.640940
-0.530106	-0.114416	0.864020	-0.242109	-0.802201	0.179510	-0.528549	-0.202051	-0.337403	0.052092	-0.352744	0.009105	-0.227867	-0.691786	0.526441	1.288143	-0.587384	0.824146	-0.004013	0.398408	0.665881	0.147806	-0.359290	0.891309	-0.568994	-0.585528	1.041073	0.432797	0.312241	0.935256	0.621636	0.087615	-0.421785	-0.860167	-0.756669	-1.010702	0.016158	-1.285039	-0.356757	-0.984458	-0.476119	-0.784909	-1.092161	-0.250380	0.167968	-0.514734	-0.017432	-0.041983	-0.772008	-0.874986	0.085461	0.138984	-0.638752	-0.032757	-0.292823	1.020510	0.214976	0.679436	-0.891096	-0.163400	-1.018584	-0.372985	-0.018164	-0.515583	0.577145	0.735407	1.398021	1.211001	-0.168366	-0.975395	0.353668	0.359379	-0.532252	0.356359	0.507974	1.078363	0.334620	0.678593	0.608270	-0.358380	0.746328	-0.252702	0.280711	-0.240612	0.061734	-0.074641	-0.175466	1.102267	0.948819	-0.377728	0.494805	-0.775231	0.023520	-0.620279	-0.681712	-1.490564	-0.716897	0.237758	-0.232540	-0.142037	0.927663	1.302665	0.021306	-0.444962	-0.041119	0.042523	-0.887809	1.156691	1.083511	-0.538337
0.333621	-0.395440	1.395510	0.599567	-0.294056	0.956911	0.143794	0.009689	0.600703	0.195851	0.340120	-0.063089	0.616876	0.320481	1.376379	1.899115	-0.417880	1.054470	0.638368	1.070041	0.378189	0.887128	-0.600924	0.663398	-0.647237	-0.404503	1.345019	0.791379	-0.713258	0.225878	-0.430257	-0.699003	0.378109	0.126903	0.776784	0.251813	0.388910	-0.611713	0.084383	-0.429955	-0.124811	-0.652137	0.116006	0.678859	0.007500	0.035330	0.522566	-0.022799	-0.972459	0.310277	0.594483	0.750935	-0.945326	-0.408846	0.285862	1.137313	0.758558	0.888135	-0.535274	-0.358419	-0.038877	0.247795	0.815406	0.246903	1.214494	0.927437	1.439157	1.131202	-0.799907	-0.599606	0.774552	1.139796	-0.196417	0.640241	0.631038	0.638170	0.903742	0.982087	-0.618365	-0.335050	1.327126	0.066362	0.386636	0.053217	0.439155	0.597464	0.157768	0.183653	0.462071	-0.470382	0.042260	-0.665415	0.688889	0.067700	-1.007411	-1.302621	-0.425448	0.146968	0.510434	-0.210764	0.422322	1.274888	0.287947	0.254463	-0.200128	-0.077490	-0.966488	0.570664	1.211851	-0.947348
0.679294	-0.761992	0.801001	0.930994	-0.186054	0.249425	0.165344	-0.005336	0.257108	-0.228481	0.340030	-0.050778	0.956171	1.033122	0.952766	0.556397	-0.802138	0.720954	0.566109	0.900622	-0.754778	0.499740	-0.916244	-0.622114	-0.808850	-0.540234	-0.108444	0.187790	-1.361219	-0.794687	-0.815918	-0.402047	0.902427	0.985795	1.599047	1.392306	0.539502	0.681479	0.308407	0.376386	-0.164373	-0.544857	0.765517	1.773247	0.724606	0.911293	0.762021	0.569252	-1.322644	1.370350	0.458618	1.059023	-1.074672	-0.598341	-0.010144	-0.058910	0.340235	0.292168	-0.586049	-0.350830	0.566879	0.648244	1.524972	1.207469	0.609676	0.245488	0.013206	0.386886	-1.200658	-0.266768	0.706654	1.370003	-0.025580	0.280187	0.144853	-0.117967	1.241719	0.964739	-0.973477	0.121213	1.210767	0.687441	0.086679	0.144659	0.624877	0.704198	0.142728	-0.962655	-0.318191	-0.544139	0.042834	-0.105987	1.263173	1.155707	-0.295394	-0.093466	0.068359	-0.059724	0.399055	-0.679094	-0.722302	0.505399	0.108621	0.693816	-0.386195	-0.364183	-0.013757	-0.822303	0.406617	-0.817015
0.283791	-0.325806	-0.631514	0.183055	-0.527749	-0.862172	-0.480433	-0.261792	-0.818512	-0.967827	-0.237760	-0.013987	0.397652	0.857415	-0.495995	-1.308847	-0.941087	-0.143246	0.116011	0.264563	-1.982411	-0.454885	-1.241733	-1.468271	-1.083412	-0.850497	-1.738618	-0.178459	-1.225859	-0.635253	-0.308044	0.918660	0.547096	0.915632	1.039502	1.423424	0.033575	1.173599	-0.035822	0.442111	-0.736780	-0.731884	0.340632	2.159612	1.555107	1.557133	0.201110	0.778408	-1.359942	1.182611	-0.069422	0.450786	-0.750868	-0.608244	-1.077429	-1.360671	-0.757814	-0.665396	-1.062098	-0.293892	0.246810	0.452843	1.320075	1.335173	-0.837190	-0.672356	-1.392028	-0.262312	-0.968023	-0.306946	0.260546	0.939935	-0.356290	-0.464214	-0.062779	-0.367704	1.032876	0.749347	-0.139867	0.695424	-0.225474	0.730883	-0.405874	-0.076751	0.331520	0.206195	-0.278132	-0.997418	-0.713147	-0.745047	0.405444	0.224782	1.080966	1.447972	0.779253	1.287020	0.003125	-0.367925	-0.463022	-1.052190	-1.546904	-0.880270	-0.289920	0.489546	-0.327374	-0.700437	1.092758	-1.790074	-0.752276	0.346267
-0.296771	0.876208	-1.847708	-0.901220	-0.815743	-0.891168	-1.082570	-0.502116	-1.125178	-1.423874	-0.687757	-0.209762	-0.326643	0.310043	-1.270515	-1.574719	0.111847	-0.740085	0.131798	-0.053555	-2.195645	-0.637427	-1.247202	-0.977988	-1.355337	-0.961036	-1.670376	0.412887	-0.639832	0.852186	0.316803	2.190351	-0.148035	0.298794	-0.002912	0.630807	-1.097713	0.277827	-0.759786	-0.389087	-1.306743	-0.991966	-0.387273	1.603445	1.571084	1.710131	-0.835303	-0.001257	-0.750654	0.371538	-0.319212	-0.614089	-0.125918	-0.586741	-1.898682	-1.613609	-1.413795	-1.176241	-1.148842	0.013491	-0.137370	0.139460	0.338052	0.521828	-1.753075	-0.989654	-1.537565	-0.276413	-0.143240	-0.107786	0.045939	0.489537	-0.769526	-0.769681	0.680279	0.293445	0.728847	0.727155	1.004635	1.174308	-2.420877	-0.078964	-0.636109	-0.320940	-0.167377	-0.272766	-0.418491	0.389861	-0.593412	-1.021228	0.298650	-0.007822	0.242455	0.375509	1.240669	1.832987	-0.760986	-0.481708	-0.986239	-0.797340	-1.239101	-2.110184	-0.491984	-0.036639	0.070415	-0.750890	1.413895	-1.431937	-0.991396	1.766315
-0.412869	1.753489	-2.130584	-1.232499	-0.661627	0.297968	-1.048179	-0.504941	-0.236484	-1.245002	-0.765253	-0.673368	-0.477986	0.107599	-0.406073	-0.068201	1.487503	-0.577768	0.640142	0.177093	-1.065572	0.407620	-0.730443	0.267229	-1.438439	-0.615727	0.004424	1.111271	-0.148853	2.103949	0.399500	2.487024	-0.427083	-0.099095	-0.284305	0.035776	-2.129575	-1.147654	-1.307119	-1.176843	-1.253198	-0.827518	-0.305593	0.893701	0.931577	1.545344	-1.269352	-0.942958	0.139925	0.164071	-0.155890	-1.181041	0.332589	-0.679985	-1.606444	-0.768182	-0.997479	-0.828733	-0.269278	0.859083	0.484074	0.458483	-0.408164	-0.255851	-1.318861	-0.518961	-0.516072	0.357885	0.913144	0.753407	0.461065	0.693431	-0.608561	-0.352452	1.881799	1.378445	0.939070	1.120352	1.527637	1.467231	-3.886383	-1.112996	-0.589115	-0.422459	-0.536294	-0.309516	0.032210	1.854607	-0.433176	-1.230010	-0.625391	-0.611637	-0.332563	-0.999346	0.979843	1.396299	-1.374170	-0.205209	-0.521194	0.164266	-0.088442	-2.348424	-0.358195	-0.223929	0.506674	-0.287374	0.870428	-0.202364	0.107004	2.289423
0.082065	1.536166	-1.689710	-0.747264	-0.093419	1.558646	-0.377580	-0.193948	0.758356	-0.572827	-0.775814	-0.953973	-0.284200	0.178469	1.040619	1.336188	1.293391	-0.125967	0.788553	0.476611	0.530289	1.625352	0.111512	1.131063	-1.130386	0.143574	1.390407	0.712195	0.086944	1.576702	0.180142	1.871832	-0.404089	-0.197167	0.273945	0.028262	-2.146375	-1.842210	-1.191286	-0.957994	-0.480532	-0.055083	0.781225	0.929608	0.518586	1.250097	-0.394957	-0.676215	0.652219	0.675239	-0.105228	-0.919578	0.359124	-0.815772	-0.312642	0.357291	-0.163266	-0.077388	1.045135	1.860183	1.795499	1.353024	-0.237630	-0.240852	-0.063369	0.164953	0.652280	1.163691	1.672468	1.559670	1.249978	1.389423	0.103164	0.171304	2.254437	1.906102	1.429858	1.632242	1.310711	1.380669	-3.470711	-1.538647	-0.675663	-0.605655	-0.800856	-0.194529	0.418222	1.715347	-0.538153	-1.328051	-1.603450	-1.158324	-0.026889	-1.080259	0.641206	0.645933	-0.896817	0.307023	0.380455	1.245406	0.764214	-1.495073	-0.052965	0.279584	0.601096	0.520860	0.174085	0.633498	1.479735	1.627425
0.811120	0.741385	-1.238056	-0.363407	0.588853	1.854414	0.515773	0.307049	0.811654	0.176836	-0.870523	-0.570985	-0.456375	-0.082611	1.288431	1.147748	-0.670569	-0.094152	0.109399	0.327167	1.308647	1.664392	0.817150	1.185184	-0.392369	0.956066	1.086601	-0.574965	0.257651	-0.375625	0.262056	1.104970	-0.738585	-0.485657	0.591718	-0.021767	-1.005356	-1.471380	-0.393214	0.125418	0.514629	0.849504	1.917342	1.504060	0.629083	0.738142	1.131138	0.804882	0.626214	0.917135	-0.544945	-0.393635	0.116744	-0.709455	0.987294	0.910338	-0.070952	0.185447	1.659217	2.007123	2.278419	1.733228	0.374597	0.119262	0.869657	0.415543	1.054972	1.513694	1.586015	1.286972	1.718767	1.661046	0.644011	0.154402	1.173885	1.339403	1.310794	1.633163	0.888409	0.812606	-1.460487	-1.141512	-1.105397	-1.100972	-1.140293	-0.505387	-0.011946	-0.083359	-0.687723	-1.397419	-1.653605	-1.356719	0.650502	0.276247	0.626209	0.205912	0.399586	0.758163	0.777674	1.677067	0.557887	-0.374943	0.249008	1.091225	0.417375	1.157308	-0.071448	0.422300	1.747903	0.576346
1.246046	0.378971	-1.142431	-0.656891	1.013588	1.111579	1.133258	0.608732	0.146320	0.617708	-0.815654	0.286624	-1.019273	-0.765949	0.034677	-0.050912	-2.212752	-0.473798	-0.721184	-0.241609	0.770665	0.392040	1.023144	0.787262	0.447027	1.274070	-0.323666	-1.316499	0.480251	-1.741640	0.670677	0.751776	-1.422914	-1.051527	-0.084325	-0.684447	0.351886	-0.667348	0.571467	0.999078	1.067426	1.107941	1.954823	1.422062	0.691252	-0.032327	1.787432	1.844645	0.473070	0.255637	-1.087796	-0.231791	-0.050673	-0.225986	1.240777	0.532279	-0.923529	-0.378488	1.098423	0.771280	1.068066	0.612156	0.479096	-0.058095	0.875455	0.145271	0.537466	1.103880	0.525880	0.113626	1.334466	0.877316	0.528772	-0.255482	-0.399931	0.180573	0.309414	0.812858	0.704477	0.089784	0.623186	-0.364770	-1.521852	-1.613343	-1.408618	-1.241452	-0.950727	-1.704990	-0.605158	-1.396180	-0.775708	-1.133894	0.730403	1.522382	0.678252	0.111348	1.129869	0.988541	0.492733	1.269359	-0.276921	0.080917	0.520353	1.362593	0.393676	1.160040	0.058604	-0.275423	0.759241	0.114593
1.082501	0.553665	-1.068625	-1.068680	0.919633	-0.028305	1.073658	0.295438	-0.361542	0.548154	-0.467723	0.857318	-1.127866	-1.114159	-1.225585	-0.689967	-1.352469	-0.686200	-0.719951	-0.739002	-0.403206	-1.106243	0.688999	0.278906	0.818561	0.739492	-1.288550	-0.762569	0.603725	-1.116017	0.847893	0.726376	-1.515189	-1.227283	-1.042832	-1.438391	0.795706	0.016772	0.988098	0.875219	0.837419	0.422083	0.706017	0.032793	0.307571	-0.626729	0.840279	1.103563	0.469429	-0.769799	-0.962832	-0.340788	0.053493	0.300801	0.243373	-0.506957	-1.599958	-1.094180	0.004044	-1.069028	-0.838376	-1.538289	-0.041879	-0.649371	0.171120	-0.296634	-0.353937	0.137332	-0.755149	-0.627827	0.195922	-0.509651	0.080264	-0.511406	-0.836966	-0.476394	-0.678669	-0.358754	0.646495	-0.269206	1.403467	0.289647	-1.321521	-1.431983	-1.113138	-1.583329	-1.273288	-1.410621	-0.344986	-0.967681	0.156523	-0.506212	0.081902	1.332837	0.447828	0.076930	0.445795	0.910752	0.065191	0.510146	-0.653389	-0.162565	0.763508	0.662720	0.647437	0.504960	0.166528	-0.454525	-0.414624	0.396169
0.404301	0.431905	-0.475204	-0.691805	0.355544	-0.803353	0.236183	-0.542201	-0.429554	0.027537	-0.093647	0.704031	-0.192881	-0.449317	-1.084436	-0.376832	1.116149	-0.467284	0.084954	-0.749442	-1.059584	-1.795165	0.063895	-0.349686	0.423647	-0.392723	-1.205186	0.170763	0.420735	0.645079	0.470341	0.617930	-0.355986	-0.443754	-0.850879	-1.204323	0.160518	0.670938	0.482985	0.066772	0.029274	-0.626112	-0.842516	-1.696759	-0.033072	-0.388971	-0.750978	-0.669756	0.325208	-1.210609	0.042831	-0.182543	0.330318	0.309750	-1.111382	-1.413405	-0.913710	-0.968363	-0.656688	-2.021506	-1.582783	-2.878165	-0.302225	-0.545991	-0.708456	-0.655489	-0.933858	-0.939355	-1.027048	-0.090146	-1.003754	-1.405454	-0.146651	-0.609905	0.276851	-0.110892	-0.623169	-0.986782	0.317964	-0.155428	0.801487	0.662858	-0.299038	-0.254487	-0.020903	-0.757485	-0.447252	0.421665	-0.054671	0.200290	0.549770	0.403806	-0.418852	0.180437	0.069476	0.003148	-0.829276	0.374694	-0.197242	-0.066872	-0.090025	-0.326899	0.870311	-0.424809	0.661759	-0.402624	0.170075	0.207052	-0.934517	0.720339
-0.385163	-0.429144	0.616449	0.439714	-0.320245	-0.793674	-0.954727	-1.180849	-0.452791	-0.589108	-0.065705	0.197120	1.155072	0.813106	0.142398	-0.177412	2.520854	-0.162628	0.643359	-0.345271	-0.618218	-1.533815	-0.455805	-0.977665	-0.370398	-1.293371	-0.746154	0.179252	-0.007258	1.481818	-0.122708	0.236815	1.327476	0.838074	0.752861	0.157948	-0.692717	1.422366	-0.599967	-0.475620	-0.752748	-1.057127	-1.487263	-2.131278	0.320565	0.691454	-1.385025	-1.494657	-0.299501	-0.836964	1.192446	0.345293	0.466176	-0.315930	-1.595707	-1.386532	0.914169	0.164853	-0.539342	-1.318846	-0.519558	-1.997431	0.322536	0.730456	-1.310323	-0.902242	-0.909688	-1.706720	0.129924	1.058352	-1.539566	-1.270095	-0.143716	-1.038567	1.598036	0.636373	0.373837	-0.690718	-0.314395	0.041145	-0.189635	0.772898	1.012296	1.219317	1.304057	0.878610	0.771134	1.761395	0.300688	1.725961	0.635139	1.211298	-0.095787	-0.451141	-0.051455	0.031010	-1.149565	-0.573428	-0.521507	-0.331385	0.777456	0.088017	0.683050	-0.832544	-0.020257	-1.055366	0.311400	1.076963	-1.062060	0.465741
-0.799462	-1.282554	1.467363	1.278123	-0.708314	-0.185870	-1.658033	-0.944114	-0.605686	-0.792800	-0.353333	-0.067686	1.638937	1.471426	0.997935	-0.778303	1.544476	-0.109709	0.245909	0.024132	0.504454	-0.785395	-0.510184	-1.077509	-0.786162	-1.218694	-0.550063	-0.705192	-0.299973	0.610832	-0.412081	-0.257847	2.034647	1.461324	2.207151	1.417626	-0.894927	1.768843	-1.357163	-0.273769	-0.921206	-0.449043	-0.972514	-0.950330	1.044086	1.593067	-0.675488	-0.658165	-1.035965	-0.172143	1.497532	0.730504	0.255555	-0.968100	-0.825829	-0.406667	2.303977	1.341974	-0.020603	0.323679	1.046851	0.383373	1.143963	2.005095	-1.292273	-0.913689	-0.442412	-1.764461	1.606376	1.483325	-1.259566	-0.622405	-0.246526	-1.734334	1.591164	0.728347	1.196034	-0.065370	-0.746910	-0.013879	-0.651253	0.551901	1.688413	1.815347	1.831353	1.952822	1.240575	1.355383	0.715409	2.517060	0.750141	1.378582	0.563478	-0.060666	0.137522	0.186680	-0.127449	-1.334355	-0.932616	-0.372484	1.004704	0.663905	0.184843	-0.230488	-0.959082	-1.130822	0.580980	1.293922	-1.302400	-0.177870
-0.582944	-1.054412	1.295264	0.966518	-0.622458	0.403977	-1.231027	0.037880	-0.490998	-0.293455	-0.473224	-0.025045	0.811819	0.885888	0.690186	-1.317364	-0.361643	-0.138581	-0.559671	0.033255	1.367409	-0.015475	-0.031700	-0.307527	-0.385991	-0.200248	-0.374552	-1.262216	-0.105396	-0.725120	-0.325038	-0.618870	1.163447	0.857104	1.778408	1.310539	-0.392323	1.035589	-1.059367	0.229475	-0.340289	0.634147	-0.104655	0.394566	1.013576	1.147568	0.167788	0.415695	-1.013228	0.307101	0.768611	0.603865	-0.123342	-0.919990	0.382026	0.595036	1.909420	1.410327	0.371975	1.411784	1.308892	1.939514	0.853437	1.611774	-0.529171	-0.424905	0.119751	-0.850574	1.773477	0.678828	-0.627787	-0.292096	-0.435131	-1.775223	0.233393	-0.057009	0.983221	-0.007619	-0.507951	-0.194615	-0.442932	-0.032492	1.221506	1.067505	1.064476	1.471630	0.673565	0.027663	0.857831	1.700029	0.602202	0.687010	0.503574	0.362113	0.227355	0.223504	1.039744	-1.087270	-0.841166	-0.231706	0.410475	0.667496	-0.418830	0.542950	-1.127503	-0.602564	0.494334	0.608492	-1.334156	-0.539807
0.062177	0.250019	0.130564	-0.206601	-0.173178	0.522927	0.091248	0.953213	0.163072	0.637453	-0.063720	-0.025527	-0.466821	-0.328155	-0.230223	-0.688109	-1.053338	0.070824	-0.759654	-0.208964	1.375875	0.498611	0.621181	0.855627	0.480950	0.972403	0.206508	-0.747727	0.477225	-1.029835	-0.176656	-0.730985	-0.370742	-0.344562	-0.379392	-0.012261	0.242106	-0.573727	0.109199	0.340775	0.549285	1.252040	0.255084	0.470729	-0.216808	-0.573656	-0.036599	0.152905	0.020771	0.548114	-0.234266	0.227359	-0.299535	-0.157312	0.946655	0.695807	0.039923	0.258762	0.426591	1.139874	-0.056741	1.250245	-0.752367	-0.517854	0.611271	0.500504	0.469546	0.693219	0.298827	-0.650956	-0.186029	-0.462841	-0.375696	-0.598230	-1.185378	-0.965515	-0.012524	-0.656649	0.246651	-0.177129	0.025209	-0.720091	0.025592	-0.316486	-0.393462	-0.104737	-0.268204	-0.665600	0.407577	-0.345551	-0.203464	-0.427261	-0.499965	-0.118362	-0.065134	-0.035442	1.097523	0.227729	0.129685	0.021055	-0.367677	0.003829	-0.826667	0.512798	-0.171453	0.222932	-0.259311	-0.456066	-0.567188	-0.321344
0.573668	1.393298	-1.013817	-1.133436	0.267593	0.255060	1.217835	1.148734	0.884299	1.258427	0.566496	-0.170183	-1.076000	-1.056171	-0.804563	0.621381	-0.325868	0.423928	-0.239466	-0.349180	0.764022	0.629748	0.910771	1.451918	1.027936	1.452566	0.846493	0.202320	0.885217	-0.355086	-0.151743	-0.616660	-1.229501	-1.065588	-2.256408	-1.193143	0.502592	-1.825424	1.104658	-0.009580	1.054929	1.039985	0.061799	-0.400657	-1.562917	-2.037514	-0.886922	-0.979154	1.127533	0.598355	-0.684537	0.019704	-0.176418	0.599545	0.673642	0.063794	-1.582167	-0.969300	0.255096	0.118525	-1.566425	-0.567991	-2.210279	-2.452041	1.340605	1.206513	0.476528	1.787478	-1.337426	-1.412256	-0.061975	-0.649146	-0.056507	0.896833	-1.601237	-1.221435	-0.823182	-1.227771	0.836645	0.064162	0.326229	-1.058618	-0.894388	-1.184623	-1.353812	-1.343345	-0.808922	-0.366554	-0.307408	-1.996071	-1.126201	-1.131541	-1.445538	-0.987965	-0.438693	-0.344618	0.223595	1.480420	1.236414	0.187745	-0.684792	-0.661578	-0.832793	-0.204856	0.979599	0.792691	-1.124546	-1.084642	0.561098	0.117487
0.483639	1.178022	-1.010727	-0.970883	0.304510	-0.030996	1.132423	0.627771	0.910408	0.952987	0.734103	-0.164997	-0.695829	-0.782463	-0.664584	1.014105	0.320328	0.535949	0.215547	-0.163687	0.216646	0.406931	0.561613	0.944067	0.759240	0.966221	0.740178	0.460914	0.593180	0.114999	-0.124063	-0.355668	-0.909248	-0.814065	-2.037835	-1.122097	0.296861	-1.577857	0.967686	-0.314474	0.763166	0.369295	-0.145265	-0.754160	-1.498534	-1.691103	-0.988490	-1.129955	1.090686	0.376670	-0.419228	0.008270	-0.004398	0.677249	0.221888	-0.316920	-1.453984	-0.996975	0.046303	-0.442869	-1.559015	-1.240276	-1.855487	-2.183034	1.060172	0.980297	0.227884	1.415821	-1.366094	-1.042993	-0.029713	-0.390260	0.132944	1.173162	-1.003574	-0.748542	-0.754786	-0.899227	0.707140	0.239549	0.288279	-0.789386	-0.806225	-0.943139	-1.066154	-1.224478	-0.679785	0.084608	-0.484780	-1.724345	-0.994664	-0.864478	-1.201877	-0.944060	-0.351203	-0.266240	-0.403561	1.338531	1.222162	0.099861	-0.435509	-0.636259	-0.419043	-0.649755	1.064770	0.662608	-1.123869	-0.787569	0.833227	0.257823
-0.151187	-0.320737	0.184055	0.140301	-0.086815	-0.165696	-0.099758	-0.235372	0.154328	-0.166984	0.271692	0.136709	0.264744	0.186313	-0.063159	0.014569	0.078918	0.302965	0.174375	0.281655	0.029501	-0.014085	-0.250907	-0.377466	-0.156026	-0.149205	-0.236534	-0.188732	-0.340963	-0.155309	0.020766	-0.027965	0.172849	0.113136	0.122247	0.071876	-0.180721	0.036340	-0.233227	-0.298863	-0.152256	-0.337192	-0.083378	-0.048101	0.113522	0.392529	0.084376	0.288939	-0.175756	-0.104892	0.229062	0.019676	0.038085	0.102871	0.042310	-0.021496	0.299224	0.234671	-0.121815	-0.181221	0.034624	-0.157461	0.305755	0.234680	-0.066439	-0.131661	-0.113656	-0.291081	0.325511	0.176281	0.077255	0.283386	0.011279	-0.027443	0.065177	0.079046	0.064931	0.296655	-0.061094	0.200725	0.001946	-0.067522	0.148395	0.121996	0.219928	0.041306	-0.104260	0.136070	0.102651	0.355786	0.413035	0.193295	0.224711	0.305435	0.270991	0.259623	-0.275146	-0.239792	-0.094198	-0.201817	0.116659	0.078383	0.256736	-0.409913	-0.049818	-0.081523	-0.102171	0.246454	-0.070615	0.011378
