X1	X2	X3	X4	X5	X6	X7	X8	X9	X10	X11	X12	X13	X14	X15	X16	X17	X18	X19	X20	X21	X22	X23	X24	X25	X26	X27	X28	X29	X30	X31	X32	X33	X34	X35	X36	X37	X38	X39	X40	X41	X42	X43	X44	X45	X46	X47	X48	X49	X50	X51	X52	X53	X54	X55	X56	X57	X58	X59	X60	X61	X62	X63	X64	X65	X66	X67	X68	X69	X70	X71	X72	X73	X74	X75	X76	X77	X78	X79	X80	X81	X82	X83	X84	X85	X86	X87	X88	X89	X90	X91	X92	X93	X94	X95	X96	X97	X98	X99	X100	X101	X102	X103	X104	X105	X106	X107	X108	X109	X110
0.241898	0.177949	-0.223542	-0.029624	0.150578	0.143598	0.314113	0.173734	-0.096760	-0.082608	-0.062612	-0.012560	-0.137607	-0.180115	-0.074580	0.036724	0.004553	0.170212	0.116880	0.041435	0.113093	0.226345	0.230804	0.106125	-0.011647	-0.066271	-0.017194	-0.174654	0.005714	0.003906	0.255096	0.126000	-0.461543	-0.096677	0.078230	0.030198	-0.318146	-0.202948	-0.089235	-0.234832	0.128834	0.267277	0.354557	0.355474	0.211878	0.221279	0.117475	0.095015	0.396390	0.137422	-0.463901	-0.149635	0.272954	0.195672	0.061963	0.178538	-0.169424	-0.131076	0.375983	0.350644	0.438701	0.441061	0.060902	0.124709	0.029012	-0.153670	-0.033720	-0.238541	0.352997	0.145406	0.055799	0.113621	0.062205	-0.109359	0.266561	0.053373	0.259904	0.256952	0.227836	0.241141	-0.209651	-0.243369	-0.038470	-0.136937	-0.468668	-0.280761	0.124813	0.197017	-0.161744	-0.000925	-0.052364	-0.136149	0.253995	0.066649	0.193381	0.124321	0.098795	-0.034544	-0.380071	0.039111	0.113070	-0.028492	-0.256164	0.144251	0.058997	-0.256593	0.184964	0.197237	-0.071129	0.086411
-0.514773	-0.645442	0.548812	0.498004	-1.290170	-0.708643	-1.396259	-1.121333	-0.913538	-0.503919	-1.278930	-0.309518	0.438854	0.596913	0.568924	0.913522	0.019141	0.456990	0.435042	1.194386	-0.202557	0.064370	-0.343878	-0.670969	-1.275300	-0.679833	0.791901	0.481559	-0.087619	-0.666798	-1.185961	-1.831621	0.167630	0.316602	-0.390836	0.716240	-0.814846	-0.152608	-1.370524	-0.280910	-1.105366	-1.085158	-1.038573	-0.984908	0.676278	0.928113	0.876286	0.730367	-1.143711	-1.201304	-0.815520	1.033020	0.376203	0.117032	0.035555	0.163286	0.943189	0.929293	-0.811838	-0.641671	-0.624833	-0.501706	0.980870	0.820361	-0.131545	-0.007367	-0.303817	-0.062769	-0.100123	-0.439628	1.029086	0.973086	1.499760	1.070442	0.745002	0.211075	0.470021	0.746618	1.032974	1.309889	0.307426	1.215919	0.889759	1.025492	0.687627	1.216796	0.602220	1.020247	0.597683	0.977447	0.656966	1.183386	0.628753	1.092533	0.026587	0.301917	-0.587482	-0.522878	0.305909	-0.076521	0.432972	0.505124	0.889880	-0.376041	-0.361366	1.079237	0.222010	0.411565	0.757320	0.607138
-0.633055	-0.643895	0.469911	0.455290	-1.170692	-0.671403	-1.274327	-0.937417	-0.616852	-0.573233	-0.879438	-0.201222	0.393680	0.561403	0.201493	0.503629	-0.047378	0.211445	0.291106	0.750376	-0.402334	-0.227874	-0.521604	-0.697485	-0.860484	-0.566997	0.405721	0.178752	-0.160811	-0.345086	-1.002689	-1.363234	0.134197	0.122099	-0.436444	0.574205	-0.409095	0.200946	-1.076408	-0.144349	-1.126735	-1.087239	-0.956558	-0.916021	0.515389	0.689815	0.777713	0.648070	-1.204154	-1.414598	-0.590086	0.603665	0.161170	-0.027536	-0.047374	-0.042270	0.795126	0.720032	-0.865632	-0.774538	-0.605472	-0.651635	0.857197	0.629270	-0.253029	-0.086299	-0.206009	-0.054415	-0.028927	0.018520	0.997028	0.989187	1.085116	0.723639	0.726027	0.267122	0.340656	0.492908	0.777532	1.234557	0.336484	0.995398	0.965115	1.096899	0.736931	1.296706	0.422868	0.601730	0.640419	0.583667	0.643461	0.890333	0.452448	0.839127	-0.125394	0.214228	-0.607114	-0.297064	0.528301	-0.323976	0.160808	0.092465	0.708778	-0.795025	-0.162958	0.995627	0.325677	0.181661	0.533767	0.276092
-0.123378	0.159544	-0.286459	-0.172994	0.295080	0.150924	0.345041	0.449103	0.511279	-0.174691	0.679590	0.165543	-0.280547	-0.252894	-0.739578	-0.723610	-0.059236	-0.455451	-0.228436	-0.912999	-0.295173	-0.477214	-0.196641	0.052582	0.830439	0.252440	-0.852333	-0.788366	-0.073332	0.689878	0.484274	1.065499	-0.407454	-0.515103	-0.098449	-0.247070	0.617297	0.658220	0.450316	0.223550	0.031100	0.170373	0.392223	0.427617	-0.123461	-0.283944	-0.015998	0.024722	0.028952	-0.325548	0.078521	-1.052097	-0.349950	-0.209092	-0.154967	-0.266871	-0.401146	-0.495718	0.031020	-0.005716	0.281215	0.050548	-0.157093	-0.212219	-0.123511	-0.159308	0.114342	0.176672	0.350231	0.925091	-0.018121	0.145776	-0.929657	-0.779314	0.072556	0.073334	-0.222665	-0.295702	-0.189375	0.035423	-0.084413	-0.603896	0.097501	-0.058501	-0.061186	-0.133024	-0.303705	-0.702677	-0.081162	-0.869036	-0.004278	-0.646049	-0.146883	-0.317097	-0.058207	-0.076025	-0.018663	0.378804	0.121948	-0.510296	-0.522790	-0.814847	-0.420631	-0.650271	0.373182	-0.414069	0.203336	-0.379574	-0.459976	-0.543753
0.407041	0.896033	-0.850712	-0.873314	1.500713	0.804090	1.499167	1.381609	1.210843	0.426012	1.550822	0.284066	-0.959936	-1.022452	-1.018822	-1.274103	0.001747	-1.013390	-0.563504	-1.983463	0.080506	-0.455145	0.324037	0.847044	1.891608	1.010414	-1.506146	-1.246924	0.176461	1.175706	1.513643	2.732726	-0.655439	-0.824407	0.221105	-0.859316	1.198604	0.704320	1.490334	0.563461	1.226509	1.331831	1.403944	1.546507	-0.611274	-1.036281	-0.629607	-0.394245	1.063473	1.141284	0.568505	-1.956999	-0.648853	-0.364588	-0.227935	-0.261786	-1.335160	-1.343206	0.681435	0.810035	0.799564	0.815170	-1.004795	-0.730098	0.301254	0.106053	0.217565	0.865539	0.282061	0.792180	-1.131401	-0.875961	-2.522180	-1.753466	-0.861843	-0.408315	-0.875545	-0.880121	-0.753981	-1.264825	-0.489327	-1.799688	-1.043695	-1.563538	-0.655640	-1.834343	-0.924408	-1.485727	-0.984986	-1.857113	-0.652999	-1.718938	-0.510288	-0.925529	0.244467	-0.322101	0.489301	0.661264	-0.609281	-0.309229	-0.986387	-1.069078	-0.986458	0.309027	0.453145	-1.708773	-0.450850	-0.816930	-1.068263	-0.729526
0.430088	0.749670	-0.767709	-1.122394	1.321336	0.583172	0.993028	0.786651	0.798052	0.736330	0.822686	-0.070182	-1.010133	-1.007890	-0.269467	-0.643670	-0.172877	-1.129835	-0.354905	-1.423246	0.266707	-0.270048	0.501931	0.881752	1.215230	0.949924	-0.778413	-0.537592	0.258304	0.382738	0.995692	1.892470	-0.172572	-0.383851	0.259253	-0.658482	0.842175	0.149654	1.079555	0.457807	1.427779	1.274752	0.908935	1.220668	-0.685332	-1.027287	-0.638899	-0.317402	0.865825	1.756407	0.511409	-0.869220	-0.215714	-0.504525	-0.252106	-0.150598	-1.202799	-1.021842	0.328923	0.710365	0.197864	0.703602	-1.003122	-0.486155	0.597587	0.526912	-0.035083	1.301434	-0.644976	-0.756643	-1.588934	-1.430279	-2.098814	-1.231144	-1.437810	-0.875721	-1.017162	-0.957599	-0.612447	-1.734052	-0.498012	-1.463356	-1.711811	-2.340762	-0.719119	-2.418700	-1.028677	-1.034407	-1.444155	-1.473503	-0.980428	-1.402408	-0.271810	-0.397720	0.352473	-0.415361	0.411490	0.232745	-1.045589	0.248601	-0.963286	-0.447943	-0.355946	1.373964	-0.135608	-1.646197	-1.373907	-0.938857	-0.705143	0.096810
-0.006342	-0.196355	-0.417214	-0.868039	0.146942	-0.244044	-0.400287	-0.690177	-0.200158	0.437372	-0.621381	-0.616655	-0.407836	-0.301111	0.593859	0.202010	-0.746833	-0.882423	0.083579	-0.017992	-0.160496	-0.267043	-0.003934	0.022501	-0.428012	0.072484	0.343486	0.770182	-0.126253	-0.988666	-0.433495	-0.402320	0.512545	0.308268	0.160767	0.144362	0.092327	-0.576178	-0.032019	-0.160665	0.604567	0.193124	-0.584183	-0.229566	-0.641289	-0.518194	-0.475250	-0.192662	-0.134444	1.074416	0.057918	1.243558	0.700161	-0.623753	-0.276513	-0.279639	-0.488735	-0.110666	-0.548917	-0.392071	-0.904224	-0.408982	-0.434790	0.002788	0.257636	0.526107	-0.384604	0.557477	-1.955920	-2.442736	-1.366734	-1.351519	-0.051583	0.145162	-1.273248	-0.898345	-0.456786	-0.833987	-0.456866	-1.292147	-0.165556	-0.192002	-1.697028	-1.997074	-0.859129	-1.514544	-0.751313	0.041609	-1.302992	-0.310354	-1.213284	-0.296954	0.194595	0.372988	-0.087309	-0.403604	-0.030456	-0.451120	-0.795078	0.683833	-0.710327	0.136406	0.430004	1.334539	-0.787297	-0.417513	-1.826681	-0.943842	0.075155	1.021986
-0.497072	-1.119578	-0.397566	-0.535677	-0.850151	-0.915349	-1.168377	-1.612991	-0.902694	-0.358509	-1.443930	-0.975723	0.305069	0.348155	0.508622	0.239801	-1.332266	-0.583330	0.141267	0.769590	-0.972756	-0.587204	-0.980681	-1.109539	-1.524446	-0.913160	0.303402	1.491873	-0.798704	-1.637210	-1.398987	-1.867421	0.592371	0.444673	0.179580	0.859726	-0.329470	-0.838243	-0.559595	-0.816828	-0.479811	-0.850356	-1.571491	-1.428670	-0.771463	-0.116515	-0.619173	-0.465803	-0.727673	-0.162852	-0.411972	2.298006	1.091297	-0.534088	-0.415213	-0.690100	-0.159809	0.267004	-0.967853	-1.558043	-1.317263	-1.620081	0.050569	0.075409	-0.666962	-0.141642	-0.648849	-1.110820	-2.652715	-2.743184	-0.902684	-0.895575	1.788922	1.035999	-0.731396	-0.572519	0.152064	-0.903743	-0.809476	-0.594559	0.114418	0.648924	-1.294997	-0.983301	-1.385445	0.056925	-0.400919	0.732399	-0.900995	0.373501	-1.534405	0.592459	0.265576	0.373363	-0.799239	-0.326168	-0.297519	-0.879570	-0.139855	0.590250	-0.524526	-0.082139	0.083181	-0.101074	-0.929745	0.655347	-1.355793	-0.961431	0.339177	0.955459
-0.779442	-1.352392	-0.770159	-0.522263	-1.007108	-1.083756	-0.883960	-1.410547	-1.040708	-1.194261	-1.287533	-1.058305	0.636419	0.413497	-0.498044	-0.395128	-1.367425	-0.490471	-0.303988	0.485696	-1.385862	-0.982892	-1.741212	-1.729272	-1.456099	-1.346923	-0.906045	1.061651	-1.269910	-1.158383	-1.348108	-1.680411	0.111274	-0.027211	0.215773	0.937969	-0.357185	-0.470708	-0.283948	-0.984700	-1.099908	-1.176347	-1.306737	-1.530029	-0.975567	-0.209728	-0.875914	-0.915864	-0.307807	-0.754311	-0.531644	1.391137	0.261610	-0.044779	-0.700622	-0.988865	-0.465016	-0.257839	-0.656961	-1.764672	-0.733804	-1.890331	0.189955	-0.265301	-1.492438	-1.035936	-0.956641	-2.263944	-2.117516	-1.400270	-0.509537	-0.430417	2.032210	0.816820	-0.605093	-0.580645	-0.055060	-1.175818	-1.360042	-0.314986	0.061976	0.459808	-0.801303	0.032539	-1.596279	1.146864	-0.059113	0.686164	-0.590815	0.052147	-1.597193	0.984846	-0.207928	-0.252699	-1.217358	-0.195003	-0.292080	-0.969673	0.270093	0.145029	-0.398982	-0.740860	-1.114247	-1.737782	-0.643992	0.599395	-0.322479	-0.720706	-0.100842	-0.044574
-0.823032	-0.897733	-1.024845	-0.690606	-0.580589	-0.935469	-0.365665	-0.702161	-0.891229	-1.556546	-0.693078	-0.959028	0.577259	0.131467	-1.297561	-0.807352	-0.741128	-0.517168	-0.677304	-0.031658	-0.886498	-1.060411	-1.669265	-1.499811	-0.805851	-1.182773	-1.554421	0.098875	-1.232054	-0.295110	-0.858373	-0.931250	-0.083238	-0.333692	-0.088740	0.365965	-0.387252	0.047040	-0.087683	-0.637739	-1.104437	-0.972587	-0.486690	-0.935087	-0.962514	-0.637283	-0.709206	-0.910315	0.538333	-0.267269	-0.058443	-0.376612	-1.221724	0.611180	-0.887405	-0.785468	-0.785697	-0.989933	-0.178162	-0.892917	0.022716	-1.062617	0.197662	-0.450170	-1.505227	-1.468906	-1.324804	-1.834596	-0.663840	0.506822	-0.145602	-0.081056	0.930954	0.046389	-1.069224	-1.155093	-1.005251	-1.209582	-1.487757	-0.458547	-0.155738	-0.193606	-0.231295	0.762020	-0.738259	1.292966	0.354391	0.301339	-0.307901	-0.611009	-0.928029	1.154931	-0.769559	-0.633498	-1.163249	-0.041003	-0.377604	-0.818785	0.174962	-0.062219	-0.153117	-0.838886	-1.562808	-2.080974	-0.300462	-0.211324	0.478374	0.087393	-0.484477	-0.899767
-0.596900	-0.165581	-0.679819	-0.500917	-0.161572	-0.628798	-0.313298	-0.198013	-0.646583	-1.180403	-0.192167	-0.674675	0.440326	0.097877	-0.908421	-0.535207	0.179976	-0.244532	-0.353102	0.133127	0.169937	-0.608510	-0.769488	-0.648055	-0.386079	-0.782251	-0.429891	-0.359153	-0.703904	0.252080	-0.598691	-0.699361	0.424658	0.083468	-0.740522	-0.365658	-0.605624	0.131029	-0.573168	-0.161397	-0.790018	-0.670717	-0.093554	-0.414807	-0.582899	-0.795712	0.022930	-0.170196	0.774015	0.519675	0.899727	-1.276113	-1.906506	0.835442	-0.634247	-0.147803	-0.505627	-1.022026	0.058778	0.336338	0.172424	0.143344	0.406062	-0.017508	-0.611977	-1.164688	-1.268148	-0.282407	0.835120	1.710789	0.345820	0.363806	-0.257526	-0.354054	-1.264917	-1.362449	-1.593008	-0.545700	-0.951112	-0.400750	-0.162488	-0.444688	0.451881	1.218486	0.732986	0.884648	0.733756	0.059968	0.225635	-0.646699	0.281525	1.143223	-0.779674	-0.372602	-0.831029	0.131286	-0.688714	-0.418269	-0.085316	0.262933	0.259006	-0.018282	-0.469561	-0.918485	-0.013794	-0.677679	0.720413	1.155664	-0.149558	-0.872477
-0.050806	0.461110	0.268051	0.341989	0.023668	-0.104483	-0.430338	0.101607	-0.222169	-0.217955	0.098694	-0.132850	0.471736	0.548024	0.385084	0.053192	1.013859	0.593359	0.580427	0.836008	0.956522	0.289970	0.356522	0.308604	-0.341217	-0.378756	1.446781	-0.081409	0.093771	0.632837	-0.457331	-0.686744	0.994634	0.865851	-1.206959	-0.766699	-0.792176	-0.278816	-1.184307	0.143120	-0.463092	-0.374809	-0.125381	-0.116057	0.101036	-0.224286	0.929623	0.881436	0.136486	0.543284	1.798189	-0.703375	-0.930262	0.373163	0.046975	0.451241	0.326764	-0.157530	0.282668	1.168875	-0.087824	0.975608	0.895398	0.871666	0.596043	-0.414950	-0.243560	1.045505	1.836352	1.856685	0.943027	1.070399	-0.771668	-0.184007	-0.299784	-0.137747	-0.914245	0.705806	0.061382	0.309289	0.129497	-0.041544	1.134770	1.414689	1.584341	0.520283	0.742062	0.022230	0.994642	0.113502	1.225641	0.652756	0.023251	0.173452	-0.306574	0.338640	-0.806881	0.184747	-0.090867	0.692035	0.672657	1.020775	1.058944	0.584418	0.266923	-0.316153	0.868432	1.639513	0.510314	-0.403950
0.658844	0.775792	1.448066	1.514072	0.223574	0.555714	-0.042984	0.516869	0.405968	0.865364	0.268747	0.588452	0.702421	1.196581	1.353712	0.414134	1.609836	1.645044	1.344930	1.172223	1.099700	1.309926	1.107882	0.913817	-0.182589	0.064704	2.057941	0.151478	0.772617	1.174585	0.112728	-0.084220	0.854596	1.265161	-1.014449	-0.847023	-0.663629	-0.700300	-0.936758	0.292043	-0.169161	-0.021754	0.079260	0.232159	0.897803	0.849545	1.522709	1.522618	-0.533999	-0.254948	2.017890	0.522443	0.963243	-0.247588	0.740478	0.641049	1.216231	1.040880	0.673131	1.335906	-0.047965	1.241916	1.334767	1.496983	1.384415	0.298241	1.478037	1.426074	2.481543	1.556485	1.458154	1.733126	-0.886788	-0.027709	1.538523	2.050037	0.719082	1.787038	1.196740	1.314126	0.459935	0.602975	1.728834	1.433200	1.458589	0.460565	0.247673	-0.009970	1.652016	1.022612	1.490246	-0.307648	1.196740	0.579899	0.472595	0.521775	-0.282576	0.690644	0.213228	0.516542	0.907793	1.436214	1.458210	1.256972	0.449444	0.398920	1.439827	1.128276	0.555682	-0.408441
1.134521	0.777836	2.382931	2.337391	0.720809	1.018979	0.894870	1.058852	0.981054	1.607135	0.427377	1.243223	1.009883	1.597531	1.168494	0.461337	1.888359	2.126133	1.302040	0.732318	0.969410	1.993351	1.367432	1.057425	0.540908	0.611880	0.872178	-0.412386	0.917063	1.553973	1.185417	0.992636	0.224298	1.010085	-0.276854	-0.945528	-0.157097	-0.613109	0.327043	0.456358	0.251572	0.366770	0.716317	0.643692	1.532877	1.644921	1.593396	1.388729	-0.254827	-0.826495	1.350200	1.185412	2.076071	-0.262054	1.070446	0.533150	1.739496	1.850128	0.837567	1.015600	0.503018	1.169698	1.203904	1.198635	1.451928	0.695076	2.744323	1.255823	2.971493	1.489681	1.718643	1.753852	-1.133234	-0.347146	2.903926	3.300976	2.128107	1.908132	2.001879	1.761822	0.587062	0.948219	2.229187	1.505076	1.314311	0.634290	-0.357336	-0.082668	1.917042	1.529418	1.567979	-1.097948	1.865510	0.780950	1.333768	0.580710	0.747044	0.782732	0.632546	-0.332406	0.917028	1.156337	0.564085	1.030650	0.440629	0.855390	2.098760	0.255162	-0.195457	-0.986633
1.079246	0.694805	2.585535	2.298381	1.362555	1.091320	1.750814	1.465571	1.183813	1.797311	0.687870	1.578394	1.163793	1.453243	0.251495	0.494603	1.716959	1.600359	0.590892	0.107557	1.041353	2.000024	1.360132	1.010045	1.649384	1.162739	-0.695427	-1.412140	0.510651	1.277552	2.127609	1.631457	-0.014593	0.375717	0.536056	-1.087568	0.595945	0.093746	1.721100	0.733289	0.876065	0.791907	1.315802	0.889477	1.707016	1.564351	1.173289	0.661655	0.942667	-0.238038	0.158025	0.734766	1.470172	0.441611	1.025048	0.531708	1.698413	1.877583	0.462917	0.616947	1.110632	0.984137	0.289525	0.011674	1.045483	0.783858	2.566460	1.111810	2.877036	1.574967	1.592687	0.895300	-1.382599	-0.797782	2.692524	2.337487	2.378067	1.010434	1.964671	1.160199	0.500501	0.761560	2.377873	1.662002	1.899917	0.845789	-0.485376	-0.038280	1.754804	1.697514	1.981190	-1.003501	1.448953	0.734616	1.804467	0.515050	1.652511	0.529656	1.007324	-1.023740	0.747141	0.720210	-0.527755	0.637729	0.426237	0.937081	1.849077	-0.007018	-0.840592	-1.236331
0.635214	0.794565	1.707801	1.338639	1.550317	0.944984	1.950931	1.531514	0.928352	1.440567	1.032782	1.406717	0.853900	0.676852	-0.260011	0.718631	1.026739	0.521245	-0.217162	-0.018978	1.233319	1.368815	1.193198	1.045501	2.295470	1.419272	-1.187555	-1.569884	0.101892	0.548004	2.268512	1.405539	0.312396	-0.342130	1.139633	-0.804560	1.308275	1.044606	2.174750	1.013983	1.421951	1.268298	1.468721	0.936248	1.284879	0.734814	0.282868	-0.313178	1.993228	1.223087	-0.845252	-0.410298	-0.096478	1.208212	0.790278	0.794966	1.029318	1.161905	0.037833	0.527743	1.336016	0.734117	-1.010698	-1.332192	0.591044	0.682185	1.062363	0.799321	1.561164	1.131184	0.912353	-0.415274	-0.927070	-0.595873	1.073949	-0.003347	1.453540	-0.115541	0.930827	-0.199928	0.276227	0.215628	1.608966	1.470794	2.399248	0.863553	0.023235	0.212957	1.126858	1.685355	2.195884	-0.094097	0.119435	0.108470	1.524500	0.363766	1.907354	0.330469	1.150881	-0.736089	0.459250	0.541807	-0.962110	0.557250	0.632900	0.714621	0.288026	0.466746	-0.491200	-0.430872
0.193889	1.010891	-0.107794	-0.189413	0.777709	0.790937	1.467628	1.175900	0.335449	0.556991	1.127419	0.628412	-0.114793	-0.549962	0.093394	0.871505	-0.081246	-0.275170	-0.868918	0.117362	1.014347	0.411972	0.686810	0.993229	1.644502	0.990285	-0.747641	-0.217115	0.212988	-0.070131	1.597114	0.855593	0.276187	-1.022731	1.530369	0.226199	1.514475	1.643996	1.335590	0.984748	1.337435	1.524957	1.238611	0.965908	0.489695	-0.240423	-0.992152	-1.320397	1.898091	2.266548	-1.079215	-1.283100	-1.048401	1.300892	0.381604	0.946007	-0.149439	0.045878	0.258730	0.790954	1.190689	0.410621	-1.881827	-2.005729	0.184786	0.335594	-0.785543	-0.238667	-0.668669	-0.129359	-0.354622	-1.481723	0.462241	0.412335	-0.771160	-1.735735	0.047760	-0.660036	-0.468292	-1.557256	-0.108743	-0.295049	-0.248652	0.471327	1.327261	0.528461	0.693789	0.460419	-0.145912	1.090701	1.079503	0.634173	-1.368348	-1.237508	0.581329	0.044292	1.417716	0.373624	0.701205	0.302848	0.060528	0.496975	-0.844429	0.542249	0.858835	0.019107	-1.600690	0.796156	0.506716	0.933134
-0.130155	0.891947	-1.968863	-1.668224	-0.701251	0.532575	0.652499	0.426302	-0.411824	-0.749878	0.534427	-0.582440	-1.414944	-1.600958	0.526405	0.432612	-1.273500	-0.576020	-1.431740	-0.219634	0.116893	-0.571521	-0.302863	0.400416	-0.159609	-0.196561	-0.498389	1.618885	0.637729	-0.513984	0.654603	0.573622	-0.729379	-1.396312	1.620185	1.483431	0.876245	1.525093	-0.175720	0.417151	0.374065	1.076625	0.832239	0.991277	-0.201075	-0.883213	-2.067122	-2.041016	0.674251	1.866598	-0.532403	-1.119585	-0.746119	0.519037	-0.335520	0.431605	-1.337976	-0.967062	0.863450	0.982821	0.856693	0.094193	-1.670619	-1.668468	-0.427923	-0.464604	-2.019633	-1.638834	-2.340510	-1.430607	-1.700560	-1.852327	1.765569	1.267433	-1.774399	-1.863299	-1.066609	-0.643990	-1.196756	-2.212169	-0.647346	-0.452755	-2.263206	-1.021654	-1.203398	0.005313	0.872532	0.245876	-1.861750	-0.525383	-1.321302	0.292156	-2.172013	-2.546511	-0.570471	-0.476353	0.405614	0.385693	-0.431891	1.028050	-0.450393	0.214199	-0.627775	0.131708	0.643854	-1.105275	-2.280906	0.227691	0.841213	1.610314
-0.478892	0.195650	-2.541281	-2.313994	-1.789338	0.032139	-0.094725	-0.422748	-0.948786	-1.896376	-0.616185	-1.564576	-2.087558	-1.576920	0.242780	-0.539265	-1.908319	-0.754237	-1.673737	-0.928809	-0.924895	-1.210622	-1.377888	-0.673039	-1.799808	-1.451062	-0.715399	2.267065	0.743035	-0.995819	-0.098916	0.383152	-1.700304	-0.987548	1.110011	1.888769	-0.276479	0.834834	-1.234659	-0.413043	-0.870792	-0.063788	0.275475	0.769828	-0.448381	-0.986618	-2.010005	-1.925927	-0.754602	0.317064	0.273883	0.059161	-0.084155	-0.646878	-1.114213	-0.675146	-1.693349	-1.313974	0.811182	0.628083	0.385993	-0.049545	-0.496867	-0.637046	-1.156904	-1.495557	-2.133525	-1.970119	-2.145448	-1.573929	-2.124183	-1.431991	1.576721	0.919800	-1.635494	-0.978229	-1.372864	-0.551627	-0.834314	-1.834684	-0.989873	-0.171905	-2.844729	-1.813968	-2.943342	-0.189931	0.449361	-0.652626	-2.881797	-2.371398	-3.068574	-0.707421	-1.902343	-2.601118	-1.391904	-0.870585	-0.682040	0.137726	-1.433842	0.768130	-0.802808	-0.179046	-0.390532	-0.601587	0.020192	-1.756812	-1.247743	-0.761833	-0.041030	1.062946
-0.666249	-0.543484	-1.150573	-1.566415	-1.450873	-0.397437	-0.426569	-0.785625	-0.724890	-1.912233	-1.359123	-1.457067	-1.385809	-0.263843	-0.252272	-1.072110	-1.387996	-0.777698	-1.109213	-0.923853	-1.124699	-0.983708	-1.611135	-1.292642	-1.918604	-1.677128	-0.507845	1.405341	0.476621	-1.228424	-0.504005	-0.103668	-1.190118	0.174156	0.018020	1.030828	-1.038279	0.057820	-1.099155	-0.825505	-1.260659	-0.962440	-0.353527	0.255531	-0.297464	-0.498828	-0.694546	-0.858155	-1.389134	-1.004013	0.729065	1.407285	-0.148791	-1.225716	-1.172785	-1.387715	-0.705270	-0.659999	-0.181187	-0.160943	-0.109491	0.070181	0.653506	0.321930	-1.237613	-1.795987	-1.102390	-0.520304	-0.390935	-0.389240	-1.102906	-0.481665	-0.092151	-0.322348	-0.609820	-0.009831	-0.669537	-0.403500	0.018638	-0.667710	-0.638112	0.376752	-1.338792	-1.009633	-2.052183	0.236464	0.016999	-1.685337	-1.972717	-2.654750	-2.271001	-1.059562	-0.978807	-1.233243	-1.497800	-0.723280	-1.189808	-0.068046	-1.163665	-0.066480	-0.475285	0.019969	-0.017626	-1.011070	-0.306625	-0.905257	0.542203	-0.902601	-1.018343	0.073165
-0.269958	-0.517046	1.142885	0.151244	0.064174	-0.265602	-0.205158	-0.297478	0.294552	-0.542350	-0.862062	-0.136480	0.108569	1.125846	-0.014083	-0.442309	0.014830	-0.218945	0.105280	0.254479	-0.173076	0.121454	-0.516398	-0.620861	-0.557912	-0.569157	0.498145	0.231236	0.437177	-0.771836	-0.477264	-0.585204	0.403246	1.051845	-0.919006	-0.184062	-0.872129	-0.414787	-0.052991	-0.495644	-0.318200	-0.626761	-0.693610	-0.154148	-0.037763	0.226688	0.581124	0.257210	-0.907820	-1.030141	0.531783	1.850184	-0.708395	-0.503712	-0.136732	-0.805665	0.953383	0.599632	-1.048580	-0.693793	-0.352483	0.270342	0.741367	0.501539	-0.279277	-0.692548	0.392622	1.280050	1.134840	0.811826	0.468072	0.299157	-1.502083	-1.040274	0.666358	0.630513	0.618997	-0.003788	0.471201	0.385929	0.239176	0.729903	0.904908	0.650772	0.330656	0.803743	0.073010	-1.847734	0.366294	-0.818169	0.371169	-0.326162	-0.308258	0.160442	-0.883405	-0.224670	-0.719437	0.143813	0.286875	-0.577658	0.487116	0.897219	0.238416	-0.657222	0.131994	0.992292	1.730553	0.153717	-0.795443	-0.236367
0.425333	0.184745	2.157879	1.372498	1.176611	0.216491	0.177636	0.539578	1.023065	0.967830	0.276702	1.181398	0.897976	1.056183	0.611147	0.593336	1.055175	0.588460	0.951250	1.417237	0.944699	1.063917	0.976597	0.743906	0.780533	0.762047	1.205763	-0.211254	0.723997	0.005064	-0.116811	-0.526678	1.086984	0.577917	-0.946911	-0.571785	-0.214501	-0.494857	0.814966	0.083365	0.982328	0.584382	-0.534669	-0.177999	0.064632	0.380983	0.464258	0.335390	0.127461	-0.080370	-0.104542	1.019302	-0.673648	1.009862	1.079053	0.571407	1.724958	1.368626	-0.833119	-0.538295	-0.300970	0.157482	-0.202767	-0.124571	0.705236	0.921479	1.056653	1.337781	0.896737	0.657790	0.971502	0.190177	-1.106239	-0.528495	1.148501	0.613025	1.304267	0.166906	0.206087	0.339041	0.633487	0.394431	1.679708	1.331788	1.366193	0.770890	0.268377	-0.805582	1.871064	1.283584	2.033507	0.535995	-0.318391	0.258321	-0.073728	-0.108739	0.215070	0.444221	1.366114	-0.363918	0.986818	1.241868	-0.026894	0.042249	0.736955	2.019638	1.645153	1.126475	0.209506	0.273084
0.384583	0.497687	0.908344	0.983770	0.610070	0.141592	0.020772	0.623747	0.221326	1.042604	0.467420	0.925342	0.445618	-0.275945	0.451281	0.628005	0.796986	0.617561	0.712736	1.159580	0.925769	0.722231	1.199618	1.125533	0.706642	0.853146	0.551120	0.023117	0.545426	0.245796	0.066212	-0.240651	0.077491	-0.806616	-0.318417	-0.141194	0.145060	-0.315984	0.607084	0.202867	1.116138	1.060767	-0.260668	-0.167252	-0.094183	-0.379039	-0.621829	-0.399557	0.777516	0.653688	-0.514345	-0.278955	0.205500	1.748633	1.094988	1.159385	0.816055	0.886295	-0.031178	-0.079085	-0.297427	-0.375270	-0.979833	-0.743626	0.365759	1.291980	0.119337	-0.325959	-0.797558	-0.623780	0.008024	-0.615403	0.660165	0.357617	0.146794	-0.362595	0.436223	-0.535827	-0.460429	-0.752337	-0.063392	-0.480546	0.378830	0.341896	0.192404	0.192480	-0.047504	0.621809	1.112782	1.493394	1.082289	0.702514	-0.447782	-0.444352	0.174451	-0.615814	0.497285	0.077796	0.877166	0.241693	0.077754	0.101178	-0.604202	0.245555	0.440424	1.004161	0.492314	0.709354	0.515005	0.669838
-0.733003	-0.195705	-1.139240	-0.424160	-1.059577	-0.819073	-0.758075	-0.458624	-1.672014	-0.227804	-0.748171	-0.900013	-0.151738	-1.008364	-0.502267	-0.458044	-0.269330	-0.221390	-0.088985	-0.191858	-0.275182	-0.604353	-0.267452	-0.149320	-0.569414	-0.411175	-0.814051	0.420469	-0.473816	-0.113081	-0.336540	-0.517883	-1.050490	-1.430236	0.033616	0.120836	0.014926	-0.115337	-0.496687	-0.156687	-0.181927	-0.082591	-0.342050	-0.528631	-0.422659	-1.178838	-0.944364	-0.593159	0.606676	0.519965	-0.152615	-0.766915	0.961446	0.793095	-0.228946	0.159704	-0.768238	-0.344459	0.249614	0.042658	-0.509135	-0.821940	-0.506882	-0.430157	-0.998354	0.007814	-1.531289	-1.534990	-2.136797	-1.526755	-1.005989	-0.943512	1.920763	0.461878	-1.562822	-1.683430	-1.373836	-1.582664	-1.019779	-1.558699	-1.019067	-0.971785	-1.309733	-0.956885	-1.249988	-0.183760	-0.706001	1.346647	-0.687969	0.014518	-1.110918	0.512856	0.081100	-0.382588	-0.372317	-0.969713	-0.299760	-1.000859	-0.627550	0.723644	-1.480482	-1.463821	-0.794111	-0.239860	-0.850269	-0.994519	-0.910570	-0.624423	-0.252635	0.134424
-1.796335	-1.151162	-1.798072	-1.232445	-1.995532	-1.709607	-1.298880	-1.708646	-2.551869	-1.125616	-1.818533	-2.333648	0.137773	-0.137787	-0.992127	-1.336796	-0.908782	-0.749515	-0.446743	-1.058376	-1.362316	-1.499589	-1.890725	-1.679019	-1.549191	-1.600878	-1.288337	0.663453	-1.396805	-0.278036	-0.931978	-1.229508	-0.618934	-0.481055	-0.188494	-0.191673	-0.199064	-0.093138	-1.380376	-0.382514	-1.507374	-1.702147	-0.605091	-0.930187	-0.689892	-0.892643	0.180776	0.329980	0.002187	-0.062374	0.750846	-0.002323	0.752121	-0.937516	-1.591190	-1.442844	-1.354032	-1.096519	-0.119713	-0.248293	-0.651547	-0.672014	0.917649	0.804125	-1.651333	-1.389047	-2.026972	-0.881280	-1.838735	-1.163105	-0.676379	-0.072757	1.423982	-0.210777	-2.268201	-1.966901	-2.378938	-1.662941	-1.095324	-0.946445	-0.914123	-0.414010	-1.524022	-1.034345	-1.194826	-0.086009	-0.876941	1.053968	-1.354836	-1.148868	-2.152772	0.468072	1.091006	0.792439	-1.041933	-0.358606	-1.298267	-1.788639	-1.672990	0.907013	-1.891735	-1.518422	-0.465318	-0.675348	-1.910434	-1.950891	-1.553655	-1.300003	-1.001142	-1.003510
-1.530776	-1.257818	-0.704762	-0.721171	-1.197045	-1.434904	-0.872947	-1.784059	-1.060558	-0.527549	-1.131856	-1.605605	0.807725	1.151192	-0.417982	-1.034686	-0.648827	-0.338602	-0.130142	-0.710540	-1.263407	-1.259283	-1.911429	-1.620458	-1.146857	-1.386173	-0.326762	0.549488	-1.183448	0.117538	-0.967662	-1.321669	0.967544	0.982872	-0.410006	-0.408646	-0.188064	-0.200499	-1.116215	-0.105495	-1.441855	-1.999544	-0.597965	-0.776138	-0.676335	0.292238	1.470564	1.321665	-0.464311	-0.393423	1.399785	1.221932	-0.132066	-1.815205	-1.766637	-2.054885	-0.493578	-0.773582	-0.443249	-0.584403	-0.586609	-0.267347	1.907568	1.867941	-0.718519	-1.334357	-0.604243	0.576826	-0.479775	-0.150011	0.566581	1.170314	-0.290710	-0.726298	-1.320521	-0.769902	-1.670390	-0.526574	-0.599087	0.556536	0.291134	0.655431	-0.337778	-0.134866	-0.136808	0.022417	-0.378425	0.190806	-0.483545	-0.904135	-1.380105	0.253826	1.528380	1.714369	-0.934314	0.843676	-1.305686	-1.300371	-1.441939	0.874676	-0.652208	0.030147	-0.259959	-0.316808	-1.550382	-1.076053	-0.968154	-0.795289	-0.855125	-1.580843
-0.125239	-0.492240	0.647353	0.303959	0.511133	-0.222918	0.071579	-0.635891	1.631693	0.755808	0.773395	0.685403	0.794294	1.338318	0.421587	-0.034446	-0.026383	0.151135	0.415145	0.140643	-0.264064	-0.576004	-0.319663	0.036911	0.240617	-0.006682	1.087025	-0.030663	-0.199913	0.562980	-0.405664	-0.387101	2.055785	1.492260	-0.317132	-0.020696	-0.023816	-0.158781	0.058520	0.364592	-0.169254	-0.806161	-0.437448	-0.240698	-0.284411	1.134379	1.513942	1.304641	-0.703242	-0.377370	1.312644	1.807858	-0.741750	-1.479408	-0.754210	-1.212993	0.781250	0.163991	-0.521331	-0.821214	-0.646256	-0.393457	1.556557	1.760113	0.786593	-0.015676	1.448992	1.099974	0.520476	0.522081	1.255384	1.469694	-1.694134	-0.517598	0.199981	0.685093	-0.073257	0.665318	0.238771	1.451777	1.323160	1.097913	0.826312	0.461669	0.612589	-0.051482	-0.052202	-0.650000	0.588035	-0.010901	0.111313	-0.476149	0.888212	1.330644	0.030218	1.401434	-0.190886	0.264762	-0.207175	0.582223	0.741762	1.211811	-0.431133	0.653021	0.001758	0.709691	0.242040	-0.117541	-0.114132	-0.923902
1.061560	0.179612	1.024301	0.736459	1.569503	0.653529	0.436757	0.441868	3.087012	1.222654	1.822092	2.211555	0.144392	0.640462	0.678725	0.609788	0.411812	-0.115079	0.991439	0.650517	0.573167	-0.298118	1.314633	1.513841	1.359492	1.159859	1.687824	-0.827276	0.307482	0.664286	0.034744	0.627890	1.820209	0.873657	-0.391490	0.421797	0.120124	0.129263	0.963928	0.513932	0.904354	0.315004	-0.594070	-0.073725	0.407779	1.085836	0.692067	0.790920	-0.929938	-0.491087	0.628235	1.352974	-0.496219	-0.935639	0.531195	0.128166	1.330653	0.915882	-0.817911	-1.085659	-0.955798	-0.993773	0.456714	0.785043	1.454211	1.175650	2.242619	0.672076	0.701941	0.705892	0.982721	0.869262	-1.868958	0.051417	1.063511	1.129694	1.049276	0.999550	1.062420	1.284051	1.252779	0.559653	1.189268	0.353165	0.880264	0.096082	-0.538896	-1.044904	0.903714	0.445899	1.242919	-1.155235	0.094219	0.473038	1.017884	0.743604	0.960585	1.614552	1.104190	-0.123056	0.717860	0.627870	-0.275477	1.300928	1.337838	1.960947	0.917943	-0.221750	0.542408	0.363926
1.047087	0.084470	0.626107	0.365474	1.236617	0.408524	-0.209845	0.376871	2.248973	0.544115	0.962043	1.603984	-0.251369	0.242104	0.429105	0.557156	0.629045	-0.629499	1.626590	0.671437	0.616480	-0.381490	1.603340	1.378506	1.432812	1.217415	1.097091	-1.335955	-0.136227	0.710158	-0.152481	0.645480	0.716677	0.000373	-0.999088	0.144857	0.156496	0.303706	0.692995	0.229957	0.783877	0.126721	-1.007026	-0.496159	1.018504	0.790286	0.483178	1.012372	-1.172461	-1.095385	-0.364929	0.187899	0.343670	-0.916006	1.136502	0.726627	0.929414	1.006751	-1.399483	-1.315669	-1.038738	-1.149201	-0.041034	0.207712	1.040887	1.318208	1.352985	0.623536	0.620348	0.717822	0.677377	0.638050	-1.128292	0.342644	1.201465	0.818784	1.139335	0.770195	1.572878	1.056300	0.458366	-0.241641	1.113163	0.137745	1.135008	0.474335	-1.293589	-0.805514	0.720903	0.301065	1.665643	-1.012365	0.416096	0.672084	1.203601	-0.354392	0.964212	1.557585	1.406608	-1.026858	-0.508846	-0.891041	0.664914	0.913783	1.291164	1.834427	0.535781	-0.908242	0.871415	1.062793
0.050326	-0.500913	0.236320	-0.228634	0.014707	-0.495779	-1.271608	-0.536342	0.294680	-0.325681	-0.669513	-0.146641	-0.085911	0.321039	0.046506	0.227393	0.657299	-0.529422	1.891912	0.290263	0.010586	-0.416300	0.532333	0.030805	0.740877	0.567896	-0.056410	-1.272670	-0.840227	0.955748	-0.761829	-0.197588	-0.398316	-0.470792	-1.613789	-0.667106	0.079004	-0.058216	-0.421420	-0.142552	-0.244238	-0.909070	-1.148650	-1.005653	0.875746	0.662711	1.271360	1.906569	-1.312919	-1.941973	-1.380056	-1.092622	0.966617	-1.058527	0.679796	0.218825	0.082510	0.427378	-1.589689	-1.269596	-0.627118	-0.586356	0.544103	0.631430	0.219045	0.639348	0.075900	1.406623	0.510990	0.458716	0.888609	1.298711	-0.298670	0.244864	1.079792	0.748189	0.410112	0.492164	1.454311	1.450730	-0.117372	-0.497438	0.994693	0.084060	1.152963	0.320944	-1.288357	-0.133700	0.470267	-0.114284	1.235146	-0.263192	1.695950	1.927418	0.458865	-0.829579	-0.279847	0.108044	0.248225	-1.434894	-1.433977	-1.656587	1.505177	-0.315618	-0.093900	0.478500	-0.318744	-1.419954	0.849014	0.586877
-0.929772	-0.891406	0.191905	-0.398966	-0.993012	-1.034636	-1.889300	-1.191320	-0.868808	-0.433360	-1.179079	-1.061513	0.169989	0.117238	-0.357274	0.054515	0.395103	0.031711	1.231581	-0.421915	-0.755040	-0.440543	-0.822176	-1.006487	0.142025	0.198421	-0.804655	-0.703210	-0.988841	1.122237	-1.310033	-0.844223	-0.773356	-0.430176	-1.435483	-1.109598	0.097889	-0.786408	-1.104486	-0.140065	-1.135012	-1.504063	-0.939556	-1.261545	-0.444435	0.073556	1.786063	2.052176	-1.404299	-2.383811	-1.758721	-1.872319	0.759876	-0.824435	-0.352482	-0.681062	-0.521373	-0.329174	-0.914492	-0.998956	-0.307432	-0.285384	1.262178	1.198748	-0.361651	0.019321	-0.206787	1.949089	-0.023586	-0.319251	0.917598	1.799661	0.172972	0.173396	0.749685	0.968927	-0.690616	0.031404	0.428028	1.640457	-0.007893	-0.060090	0.712252	-0.156101	0.469589	-0.659100	-0.323743	0.459604	0.149446	-0.593115	0.019404	0.226299	2.333540	2.589918	-0.817199	-0.635684	-1.651034	-1.480182	-1.363023	-0.919723	-1.066594	-1.132033	1.072678	-1.479736	-1.798168	-1.041056	-0.744213	-1.335118	0.465012	-0.617428
-1.027770	-0.760878	0.445897	0.121469	-1.035045	-0.702900	-1.728092	-1.006254	-0.451903	0.266729	-0.004433	-0.382587	0.217432	-0.465722	-0.520077	0.143083	0.029356	0.373191	0.007048	-0.963895	-1.207640	-0.657117	-1.353849	-0.825678	0.189615	0.526439	-0.736946	0.201372	-0.471891	0.995477	-1.508911	-0.638182	0.024301	0.113484	-0.427522	-0.701146	0.605964	-1.142557	-0.486944	0.427234	-1.117879	-1.157643	-0.886898	-1.453596	-2.403234	-1.376908	0.855420	0.661059	-1.570959	-2.045146	-0.774402	-1.729962	-0.103570	-0.383642	-0.901852	-0.972637	-0.398851	-0.476515	0.160232	-0.864416	-0.701491	-1.027000	0.917285	0.739782	-0.326452	0.222965	0.508919	1.340834	-0.938131	-1.253096	0.063734	1.062953	0.331916	0.500835	0.189037	0.657910	-1.519506	-0.684068	-1.236987	0.599797	0.624605	0.712138	0.232156	-0.574841	-0.370566	-1.435146	0.852809	0.712707	-0.106391	-0.812683	-1.173445	0.239960	1.211980	1.481032	-2.032303	-0.512538	-1.875553	-1.819317	-1.577256	-0.071826	0.274110	0.011994	-0.230726	-1.767917	-2.719057	-1.403429	-0.572690	-0.635579	0.129473	-1.691294
-0.268221	-0.324172	0.815773	0.991551	-0.335105	0.083109	-1.110906	-0.398781	0.730965	0.983919	1.604583	0.884115	0.166193	-0.681837	-0.107076	0.355723	-0.062549	0.376868	-0.693432	-0.627413	-1.087704	-0.866534	-0.831522	0.075328	0.619216	1.062476	-0.407793	1.088322	0.231795	0.853740	-1.277673	0.070354	1.479201	0.952338	0.676769	0.189412	1.559838	-0.643862	0.880202	1.182755	-0.326405	-0.438412	-1.160567	-1.628987	-3.609435	-2.654110	-0.977627	-1.258155	-1.660579	-1.191939	1.200708	-0.883831	-0.871591	-0.189182	-0.461684	-0.421772	0.246306	0.208619	0.733616	-0.977806	-1.425606	-2.091300	-0.448445	-0.634573	0.319890	1.166891	1.074799	0.156862	-1.402871	-1.625447	-1.128001	-0.453006	0.277892	1.097578	-0.173332	-0.397087	-1.441618	-1.046332	-2.488467	-1.082958	1.248233	1.261452	-0.114007	-0.629198	-0.316709	-0.921259	1.480410	0.889858	0.056592	-0.312055	-1.320755	0.349632	-0.865395	-0.605597	-2.457821	-0.688934	-0.835095	-0.705881	0.151106	-0.002147	1.543480	0.935609	-0.732764	-1.157211	-2.391013	-0.284865	-0.419071	0.389988	0.488762	-2.028993
0.365165	-0.067279	0.790147	1.296335	0.182179	0.440826	-0.642971	-0.098236	1.227128	0.740855	1.964590	1.272362	-0.014530	-0.327880	0.356726	0.330594	-0.100921	0.173094	-0.500401	0.397744	-0.611665	-0.820152	-0.067026	0.518603	0.654920	1.019704	-0.634779	1.212462	0.502825	0.840389	-0.728279	0.505017	2.131717	1.377187	1.177379	0.875722	2.100992	0.333389	1.545141	1.323246	0.347448	-0.036057	-1.198221	-1.360386	-3.038585	-2.413062	-2.035250	-2.080727	-1.344841	-0.378602	2.507191	-0.188932	-1.037249	-0.265040	0.138134	0.158240	0.444252	0.774954	0.410813	-1.004448	-1.590112	-2.185799	-1.562574	-1.598820	0.846917	1.655099	0.586710	-0.433947	-0.986243	-1.237672	-1.552026	-1.392545	-0.036806	1.337494	-0.089904	-1.351899	-0.630888	-0.693807	-2.373629	-1.750455	1.174413	0.968675	-0.217668	-0.218442	0.550248	0.367863	1.301335	1.163972	0.404158	0.680965	-0.497888	0.781644	-2.028192	-1.824429	-1.593197	-0.542325	0.275942	0.672401	2.074628	-0.911130	1.780144	0.998081	0.223068	-0.350429	-1.148627	1.084286	-0.787834	1.004845	1.304037	-1.455818
-0.031099	-0.340682	-0.136310	0.388914	-0.024843	-0.089853	-0.662037	-0.345456	0.427299	-0.656660	0.692802	0.343140	-0.396025	-0.052560	-0.177353	-0.266347	-0.758105	-0.504216	-0.217513	0.915084	-0.367869	-0.750499	-0.073819	-0.081782	-0.090322	0.152701	-1.242432	0.093807	-0.040559	0.506943	-0.274195	0.271772	1.157203	0.789858	0.891745	0.928963	1.439591	0.974774	0.722530	0.411005	0.131036	-0.102019	-0.597111	-0.506741	-1.139696	-0.871727	-1.412707	-1.328841	-0.632661	0.145605	1.927882	-0.224552	-0.779703	-0.368661	-0.228886	-0.126713	-0.422542	0.085171	-0.437237	-0.668761	-1.045476	-1.175202	-1.375598	-1.198140	0.342907	0.531253	-0.643675	-0.227845	-0.371232	-0.467260	-0.974686	-1.169859	-0.471421	0.686012	-0.090503	-1.435510	-0.124896	-0.238808	-1.191017	-0.848443	0.172938	-0.281543	-0.361876	0.105835	1.035976	0.951920	0.379956	1.095696	0.197369	1.081925	0.148387	1.013265	-1.398419	-1.280207	0.089230	0.257677	0.304028	1.022096	2.165456	-1.597497	0.677308	-0.059120	1.369351	-0.006741	0.233681	1.230615	-1.405823	0.523119	1.357857	-0.243456
-1.018037	-0.954236	-1.477788	-1.051483	-0.453304	-0.961536	-0.871776	-0.769700	-0.770408	-2.017200	-0.888423	-0.976391	-0.524358	-0.100194	-1.428124	-1.125547	-1.791193	-1.561851	-0.505910	0.275268	-0.593284	-0.923356	-0.840205	-1.132668	-1.035849	-0.918349	-1.024081	-1.476124	-1.116835	-0.422668	-0.304227	-0.347258	-0.390265	-0.347024	0.115630	0.408014	0.046388	0.953244	-0.855093	-0.899235	-0.735280	-0.385044	0.178757	0.318111	0.635533	0.505714	0.153910	0.145787	0.009516	0.486663	0.199119	-0.536918	-0.516562	-0.465709	-1.194562	-1.010011	-1.434495	-1.464597	-1.067266	-0.122601	-0.370799	-0.024612	-0.170150	0.127751	-0.884204	-1.504057	-1.480098	-0.001011	-0.277505	0.392563	-0.088188	-0.294862	-0.490474	-0.563835	-0.608375	-0.799884	-0.438995	-0.195453	-0.156514	0.463758	-0.874008	-1.485259	-0.544837	0.145866	0.543393	0.442304	-0.898377	0.317942	-0.545303	0.310387	0.013427	0.687614	0.145464	0.248332	1.258543	0.972812	-0.481188	0.365565	0.651176	-0.827823	-1.021219	-1.516422	1.277853	-0.058149	1.124777	0.267500	-1.518919	-0.661747	0.133725	0.879586
-1.213610	-1.230090	-1.876251	-1.493450	-0.302191	-1.099172	-0.624325	-0.802114	-0.953957	-1.721314	-1.130739	-1.313263	0.125731	0.076912	-1.656896	-1.360878	-1.810214	-1.879949	-0.889504	-0.654578	-0.784794	-1.027589	-1.234428	-1.477178	-1.134024	-1.222821	0.532854	-1.989149	-1.727984	-1.289354	-0.545865	-0.646688	-0.866337	-0.891095	-0.532015	-0.160896	-0.737574	0.723499	-1.725871	-1.321698	-1.181513	-0.536466	0.501982	0.610780	1.446773	0.954924	1.323484	1.307549	0.178783	0.632429	-0.929402	-0.275957	-0.343626	-0.652698	-1.184480	-1.270178	-0.986766	-2.088598	-0.922824	0.334977	0.155947	0.665871	0.928311	1.230349	-1.354451	-2.180618	-1.217552	-0.282317	-0.355938	1.266841	0.566452	0.588657	0.183232	-1.442359	-1.040801	-0.093915	-0.738938	-0.047498	0.170342	0.992543	-0.680773	-1.267931	-0.324417	0.331423	-0.249287	-0.128580	-1.705341	-0.627307	-0.816858	-0.746834	-0.173290	0.135937	1.250075	1.388578	1.149065	0.757779	-0.780822	-0.126563	-0.504886	1.042804	-1.953406	-2.049214	0.103004	0.091341	1.394220	-0.312644	-0.736703	-1.305524	-1.293622	1.117138
-0.235068	-0.792165	-0.766662	-0.458409	0.333713	-0.209717	0.213506	-0.229845	0.092862	0.283964	0.116637	-0.243416	1.080537	0.604848	-0.222517	-0.599805	-0.206658	-0.724093	-0.634711	-0.728515	-0.398898	-0.634383	-0.461742	-0.653638	-0.064191	-0.429026	2.106536	-1.084480	-1.070531	-1.212070	-0.287886	-0.224297	-0.253428	-0.490767	-0.528151	-0.251380	-0.360316	0.846069	-1.193393	-0.388909	-0.562504	-0.323815	0.485855	0.726974	1.685230	0.983243	1.590623	1.742306	-0.046826	0.306379	-0.794582	0.538423	-0.176403	-0.858597	0.257287	-0.386659	0.980965	-0.874545	-0.138527	0.581077	0.724898	1.123005	1.207656	1.501634	-0.453224	-0.523463	-0.317591	-0.723134	0.070189	1.844907	1.014413	1.206089	0.861745	-1.396658	-0.608337	0.229635	-0.165063	0.649229	0.379938	0.858899	0.712511	0.371312	0.353571	0.699156	-0.532746	-0.019652	-1.342904	-0.913509	-0.104341	-0.848609	0.425249	-0.267399	1.511885	1.548877	0.488073	-0.038246	-0.011295	0.326218	-0.304411	2.343162	-1.508353	-1.334760	-0.915541	0.681208	1.275717	0.291076	0.453728	-0.935547	-1.724896	0.370040
0.653205	-0.137639	0.750664	0.791930	0.609596	0.701181	0.910152	0.509787	1.099884	2.103068	1.319044	1.150581	1.173244	0.697358	1.191505	0.474693	1.547582	0.741056	-0.005502	-0.062384	0.360395	0.075637	0.813075	0.547327	1.232649	0.695877	2.105908	0.022078	0.426247	-0.341455	0.505588	0.390231	-0.003149	-0.002547	-0.053210	0.034397	0.329199	1.178380	0.056243	0.862029	0.567265	0.169831	0.604150	1.128331	1.863427	1.106012	1.381629	1.516081	-0.282016	-0.477492	-0.220606	1.007769	-0.084293	-0.870760	1.629081	0.676863	2.568641	0.926273	0.496680	0.610554	1.250967	1.524094	0.810340	1.138223	0.616075	1.539424	0.214116	-0.724518	0.732148	1.653664	1.281441	1.349545	0.617846	-0.814219	0.331863	0.084550	0.724089	1.167969	0.920113	0.805004	1.702590	1.799538	0.837603	0.600758	-0.317085	0.292669	-0.091848	-0.620106	0.781078	0.007961	1.443709	-0.537750	1.263998	1.099858	0.432991	-0.282266	1.004700	1.218641	0.366384	1.947742	-0.460147	-0.436660	-0.943064	1.190563	0.995597	1.197851	1.045751	-0.355769	-1.266133	-0.521031
0.443477	0.062490	1.270284	0.943334	0.244466	0.592679	0.804253	0.734324	0.916584	2.085303	1.089864	1.372894	0.165350	-0.053945	0.982411	1.054026	1.580715	0.789380	0.132683	0.442525	0.875361	0.604411	1.346681	0.957494	1.478534	1.029449	0.939048	0.270964	1.498643	0.247162	0.982611	0.279236	-0.755136	-0.155596	0.208452	0.190965	0.326316	1.022243	0.781964	1.047850	1.201282	0.646491	0.897000	1.506454	1.732723	1.109430	1.070102	0.821020	-0.185566	-1.027798	-0.093318	0.682372	-0.035135	-0.481351	1.554051	0.867342	2.179029	1.501480	0.459697	0.506998	1.365602	1.633128	0.219009	0.548759	0.666671	1.557928	0.058736	-0.326788	0.804572	0.767713	1.112734	0.844716	-0.263459	-0.257428	0.782118	-0.226232	0.860170	0.743818	1.242352	0.937620	1.113876	1.682668	0.648974	-0.118572	-0.074197	0.153201	0.950229	-0.496911	0.881926	0.788057	1.821968	-0.612062	0.633792	0.555883	1.022115	0.398502	1.340021	1.546423	0.491651	0.393762	0.184630	-0.140928	-0.077970	1.066139	0.679425	1.228251	0.538413	-0.172732	-0.640441	-0.579255
-0.020795	0.014994	0.739426	0.235601	-0.036498	-0.155857	0.329343	0.332435	-0.142800	0.753162	-0.189945	0.198536	-0.743358	-0.786209	-0.048416	1.159011	0.088970	-0.343320	-0.337119	0.527114	0.942251	0.849446	0.928545	0.308818	0.462811	0.308376	0.459836	0.015955	1.521825	-0.164553	0.665386	-0.524217	-1.354663	-0.430218	0.113136	0.215502	-0.280457	0.155650	0.510978	0.092328	1.061532	0.974009	1.139637	1.369419	1.038432	0.760611	0.519544	-0.060718	0.359537	-0.593882	-0.390843	0.233410	0.357615	0.448080	0.637439	0.567111	0.417410	0.719747	0.243337	0.543668	1.179086	1.428396	-0.221688	-0.036832	0.260308	-0.198787	-0.123568	-0.188454	0.243090	-0.075077	0.430518	-0.060784	-0.476505	0.244945	0.494920	-0.092410	0.441813	0.009636	0.800720	0.760343	-0.295851	0.503636	0.123586	-0.565339	-0.051696	-0.269320	1.018301	-0.749036	0.370945	0.817126	1.230461	-0.160662	-0.363800	0.031249	1.396706	1.199755	1.240130	1.031963	0.332972	-0.920739	0.465816	0.053931	1.052860	0.604989	0.545572	0.494349	-0.423483	0.107869	-0.021518	0.343605
0.662865	0.482897	0.209384	-0.218140	0.368275	-0.256552	0.452268	-0.095068	-0.957589	-0.168580	-1.053558	-1.122246	-0.449344	-0.492823	-0.005969	1.307228	-0.935221	-0.690440	-0.618633	0.617928	0.824468	1.092239	0.415043	-0.636901	-0.815597	-0.666726	1.265563	0.195521	1.026169	-1.255210	0.166583	-0.941085	-0.554399	0.149384	0.249788	0.577524	-0.693121	-0.690429	-0.130699	-0.806960	0.633924	1.210192	1.297298	0.904286	0.358559	0.380750	-0.396359	-0.781546	1.113051	0.706560	-0.693454	0.427471	1.223915	1.813071	0.443212	0.930686	-0.835690	0.004833	0.657084	0.939497	1.229211	1.294442	-0.414042	-0.541651	0.646022	-1.226437	0.297795	-0.635114	-0.147748	-0.378697	-0.393755	-0.790698	0.472680	0.847791	0.028070	0.798777	0.627731	0.144449	0.124092	0.075265	-0.919144	-0.323759	-0.167891	-0.017537	-0.110708	-0.478916	0.452713	-0.825313	0.087130	0.371443	0.417145	0.764468	-1.222737	-0.533470	1.177031	1.256643	1.518684	0.251801	0.617204	-1.207896	1.050103	0.830533	1.806685	0.628878	0.851071	0.029370	-0.719557	0.975417	0.753926	1.592198
2.251876	1.519103	0.349898	-0.062772	0.997628	0.688214	1.224548	-0.031604	-1.083243	-0.060647	-0.846356	-1.392441	0.562636	0.454753	1.389569	1.685233	-0.328911	0.682896	-0.215542	0.788818	0.700122	1.511150	0.394828	-1.051558	-1.401190	-1.066234	1.841819	1.030576	0.768628	-2.169467	0.187909	-0.365263	1.047627	1.407506	0.796434	1.136672	-0.592226	-0.765983	-0.373355	-0.816679	0.311881	1.260476	1.270361	0.558760	0.372646	0.329576	-1.399868	-1.207025	1.533068	1.935624	-0.999466	0.917231	1.826300	3.094960	1.343860	2.101115	-0.724413	0.315576	1.545267	1.436354	1.547896	1.350371	-0.555564	-1.021142	1.763909	-0.168284	0.984487	-1.045306	0.073294	-0.555291	-0.970461	-1.084853	1.531287	1.394457	-0.178138	1.900121	1.692743	1.089271	0.132349	-0.685324	-0.327945	-0.237444	-0.204607	0.930596	-0.010607	-0.512451	0.258428	-0.318067	0.256223	0.090333	0.165511	1.386583	-1.394743	-1.065318	0.762825	0.553527	2.145042	-0.187311	1.137236	-0.773654	1.966269	1.906362	1.890319	1.283045	1.461030	0.239545	-0.054552	1.883608	1.513039	2.482447
3.050295	2.239734	0.728833	0.066685	0.963134	1.676816	1.653777	0.363868	-0.984202	0.146914	-0.207863	-0.716814	0.790253	0.647729	2.554686	1.952773	0.797963	2.315046	0.322967	0.549312	0.452180	1.924620	0.550247	-0.765699	-1.317512	-0.893767	0.700201	1.925950	0.927855	-2.273943	0.534614	0.518879	1.517477	1.926144	1.047441	1.014677	-0.381250	-0.343970	-0.205194	-0.403969	0.013582	0.921821	0.730155	0.293172	0.781190	0.400652	-2.121766	-1.548222	1.265994	2.263592	-1.648779	0.668355	1.301588	3.574147	2.158692	2.920398	-0.169703	1.020086	1.855647	1.454494	1.449466	1.134073	-0.967631	-1.589760	2.302897	1.602712	1.033899	-0.619104	0.371842	-1.294740	-1.324765	-1.238172	1.545068	1.613084	-0.085225	2.257528	2.514571	1.580593	0.812052	-0.999540	0.426557	0.143366	-0.400035	1.020951	0.153883	-0.780659	0.947882	0.525539	0.200285	0.199222	0.285180	0.932338	-1.163362	-1.441980	0.439616	-0.346908	2.131808	-0.270697	0.908786	-0.344824	2.376777	2.430763	1.436464	1.653983	1.709886	0.364931	0.789112	1.964024	1.826089	2.736129
2.068775	1.933494	0.491065	-0.326734	0.125810	1.657268	1.079120	0.598077	-1.092467	-0.426424	0.114069	-0.073952	-0.363526	-0.504611	2.122504	1.625856	0.632911	2.141433	0.159749	-0.327582	-0.061083	1.877777	0.345721	-0.177513	-1.137575	-0.663661	-1.585898	2.197131	1.225113	-1.485552	0.615555	0.796870	0.022607	0.786223	0.565624	-0.032840	-0.373801	-0.213182	-0.123788	-0.399580	-0.429031	0.280361	-0.277560	-0.157352	0.719715	0.120806	-2.391531	-1.958320	0.565476	1.613985	-2.523080	-0.498779	-0.033974	2.847143	1.649152	2.363235	-0.438385	0.888590	0.966443	0.768287	0.457138	0.235233	-1.563913	-2.107678	1.426808	1.931072	0.187298	0.394632	0.012007	-2.411960	-1.640529	-1.548546	0.743032	1.455562	0.209597	1.540006	2.013759	0.834781	1.251127	-0.826356	0.301525	0.102989	-0.917951	-0.106497	-0.043261	-1.261651	1.889719	1.176354	-0.688099	0.317111	-0.063170	-0.362464	-1.234539	-1.589034	0.020471	-0.930622	0.799707	-0.409060	-0.348775	-0.206492	1.559251	1.934215	0.755916	0.856150	1.027360	-0.403883	0.991356	1.162665	1.462445	2.342639
0.165882	0.863207	-0.507624	-0.813367	-0.798829	0.761663	0.011039	0.440182	-1.261366	-1.414168	0.087400	-0.089914	-1.686348	-1.793124	0.523422	0.606588	-0.816552	0.075714	-0.675643	-1.290835	-0.724170	1.100541	-0.213615	0.166754	-1.131410	-0.614802	-3.012937	1.679014	1.246968	-0.256935	0.323352	0.464849	-1.859955	-1.068860	-0.004817	-0.923284	-0.299948	-0.382653	-0.373203	-0.745894	-0.916399	-0.310675	-1.053562	-0.689626	0.002002	-0.467298	-2.095371	-2.078918	-0.009477	0.561243	-2.660733	-1.415606	-0.831587	1.175487	-0.057269	0.707218	-1.459877	-0.259750	-0.549096	-0.171802	-0.941653	-0.988970	-1.701415	-2.080307	-0.227649	0.457705	-0.762029	0.883395	-0.870632	-2.773045	-1.723947	-1.740065	0.342951	1.075776	0.539787	0.374482	0.527984	-0.360392	0.862298	-0.490225	-0.477169	-0.301536	-1.325937	-1.354898	-0.617036	-1.276590	2.000189	1.375956	-1.895159	0.029879	-1.071473	-1.206018	-1.591378	-1.398328	-0.535696	-0.929649	-1.231789	-0.805811	-1.449678	-0.034748	-0.134180	0.759136	0.176664	-0.764758	-0.281441	-1.627069	0.516654	0.238200	0.704566	1.455767
-1.009123	-0.134287	-1.455868	-0.571609	-1.112272	-0.006316	-0.573161	0.078169	-1.154981	-1.767118	-0.004685	-0.504356	-1.524022	-1.573754	-0.627829	-0.578571	-1.625244	-1.764684	-1.300947	-1.493203	-1.160846	0.044139	-0.680170	-0.016567	-1.128922	-0.555560	-2.418722	0.779676	0.652104	0.696043	0.012811	0.161198	-1.904607	-1.771239	0.150138	-0.527934	0.155231	-0.134422	-0.742060	-0.716864	-1.172880	-0.587256	-0.968145	-0.890772	-0.646461	-0.679803	-1.198145	-1.373362	-0.213801	-0.139239	-1.210317	-0.996801	-0.324406	-0.632760	-1.557005	-0.815022	-1.970688	-1.350786	-1.475133	-0.630696	-1.645815	-1.556719	-0.931837	-1.181461	-1.299725	-1.241819	-0.908282	0.337515	-1.277080	-1.580409	-1.121029	-1.232189	0.944727	0.657055	0.726349	-0.292643	-0.530501	-0.482007	0.085001	-0.148193	-0.827899	-0.510327	-1.032794	-1.323076	-0.849203	-0.354366	1.076494	1.294962	-2.083167	-0.431078	-1.816653	-0.537088	-1.513507	-0.827097	-0.773979	-0.341075	-2.482849	-1.112781	-1.007044	0.498183	-1.398258	-0.200900	0.021020	-1.890602	-1.149926	-1.939698	-0.141152	-0.071034	0.268262	0.447063
-0.783747	-0.512742	-1.602704	0.382066	-0.758838	0.015846	-0.305751	-0.059584	-0.762437	-1.084252	-0.095835	-0.653379	0.043120	-0.001186	-0.574065	-1.306852	-0.603878	-1.519630	-1.092189	-0.719874	-1.049869	-0.412571	-0.732230	-0.439847	-0.879194	-0.254470	-0.669739	-0.067606	-0.454665	0.888438	0.016801	0.323469	-0.128057	-0.781097	0.868785	0.785921	0.658057	0.580144	-0.827889	-0.100451	-0.976926	-0.429730	-0.104717	-0.451577	-0.556023	-0.104233	-0.087777	-0.023089	-0.186164	-0.106434	1.073489	0.156792	0.719580	-1.758225	-1.692720	-1.288892	-1.305058	-1.509651	-1.029880	-0.247176	-1.005083	-0.838441	0.251073	0.145849	-1.228481	-1.693823	-0.324568	-0.508900	-0.539815	0.513045	0.072079	-0.060592	1.652116	0.209036	0.695411	-0.096068	-0.343673	0.745962	-0.259300	0.278238	-0.365876	-0.384003	-0.143078	-0.054302	-0.333112	0.776154	0.009933	1.168900	-0.767579	-0.487789	-1.481055	1.028069	-0.682013	-0.145231	-0.307829	0.459340	-2.083930	-0.868064	0.602793	1.118205	-1.246790	-0.447807	0.278289	-1.705153	-0.857018	-0.843215	-0.531533	0.231813	0.479573	-0.300161
-0.000944	-0.418855	-1.182508	0.916356	-0.133450	0.455334	0.385424	0.324103	-0.354893	-0.071933	-0.249048	-0.279519	1.069445	0.930792	-0.350995	-1.597817	0.946110	0.215382	-0.359239	0.237375	-0.456310	-0.017175	-0.427443	-0.439132	-0.287523	0.290860	0.466698	-0.833784	-1.401976	0.451002	0.368385	0.833330	1.063315	0.418036	1.239132	1.415717	0.486816	0.686051	-0.275192	0.412541	-0.277639	0.156483	0.920628	0.468818	0.024200	0.609971	0.512413	0.917419	-0.008880	0.317668	2.074131	0.298369	0.922961	-1.899648	-0.820092	-0.933314	-0.390112	-1.159685	0.417042	0.588605	0.438771	0.600414	0.784982	0.890308	-0.804682	-1.068874	0.095636	-0.679969	0.751312	1.951204	0.899617	0.809784	1.062373	-0.477038	0.353785	0.381996	0.272007	1.677283	-0.074301	0.601690	-0.065805	-0.518822	0.410354	0.785343	0.175870	0.717788	-0.455091	0.822233	0.750999	-0.170575	-0.567860	1.591259	0.321887	0.178779	0.493416	0.815799	-0.738406	-0.225144	1.333950	1.139802	-0.147191	-0.500331	0.343546	-0.784918	0.068261	0.379949	-0.420145	0.426612	0.586681	-0.751575
0.149690	-0.366137	-0.875770	0.173634	0.430245	0.424124	0.892508	0.973195	-0.076300	0.328248	-0.408850	0.216860	0.186638	-0.013667	-1.118682	-1.832320	1.089391	1.304356	0.247690	0.348300	0.286143	0.553983	0.062934	0.284745	0.486226	0.846125	0.321091	-1.468851	-1.538042	0.044183	0.731413	1.137747	-0.017058	0.180380	0.632952	0.295787	-0.525113	-0.597594	0.896426	0.117799	0.749041	0.785623	1.402317	1.087370	0.170352	0.461267	0.256149	0.636848	0.478441	0.421447	0.760236	-1.142276	-0.093909	-1.301100	-0.185523	-0.636573	-0.438568	-1.184745	1.541712	0.988108	1.378060	1.394323	0.196007	0.472431	-1.001571	-0.519568	-0.170248	-0.086770	1.427577	1.924989	0.555822	0.543619	-0.812116	-1.366530	-0.351468	0.256256	-0.052473	0.769485	-0.073769	0.338851	-0.905882	-1.355451	-0.009842	-0.033751	-0.189652	-0.713689	-0.571406	-0.092850	0.894548	-0.108925	-0.206318	0.256856	0.655283	-0.054928	0.691265	0.312971	0.036846	0.092350	-0.050582	0.277741	0.539162	-0.939053	-0.352002	-0.315288	0.338391	0.156044	0.215066	0.003032	-0.272741	-1.166941
-0.447139	-0.530118	-0.737568	-1.118883	0.774288	-0.332270	1.003986	1.203313	0.197178	0.045372	-0.440331	0.386102	-1.532992	-1.571964	-2.180821	-1.876421	0.059668	0.848510	0.570546	-0.462650	0.932762	0.606052	0.704612	1.246857	1.036492	1.047449	-0.218905	-1.480427	-0.834913	0.287074	0.675867	0.715881	-2.069936	-1.264785	-0.693732	-1.793070	-1.656596	-2.422386	1.975395	-0.737208	1.650917	0.798173	0.936506	0.614009	-0.566483	-0.431979	-0.371844	-0.342385	1.297124	-0.042566	-1.240794	-2.496746	-1.319007	-0.407126	-0.320205	-0.800175	-1.189709	-1.456025	1.264173	0.397704	1.048811	0.796215	-0.774598	-0.478007	-1.601781	-0.543783	-0.644402	0.550013	1.151546	1.077640	-0.408960	-0.333070	-2.208477	-1.799955	-1.001476	-0.539158	-1.287250	-1.165929	-0.615578	-0.457919	-2.262104	-2.254625	-0.772765	-1.555177	-0.993227	-1.897404	-0.873748	-1.272353	-0.095451	-0.483402	-0.545432	-1.610934	0.089564	-0.514861	-0.129891	-0.667907	-0.367442	-0.336311	-2.298735	-0.871366	0.260109	-1.215915	-1.458750	-0.653111	-0.610537	-1.302197	1.119313	-0.552234	-1.510307	-1.648366
-0.949063	-0.498529	-0.393066	-1.474176	0.652523	-1.065448	0.861614	0.687425	0.486216	-0.163953	-0.316669	0.380572	-1.956623	-1.675879	-1.910253	-1.269853	-0.286807	-0.043777	0.771447	-1.252282	1.289512	0.114358	1.350690	1.671345	1.000293	0.654653	-0.129665	-0.642955	0.186242	1.112600	0.225040	-0.335129	-2.495169	-2.195550	-1.819716	-2.876762	-2.049596	-3.006814	1.959890	-1.140676	1.793651	0.020139	-0.154742	-0.644140	-1.416057	-0.827960	-0.499464	-0.636489	1.929962	-0.602104	-1.471223	-1.772302	-1.555165	0.301163	-0.757761	-0.950264	-1.307758	-1.035360	-0.121255	-0.755721	-0.059835	-0.563033	-0.834182	-0.612140	-1.610810	-0.668891	-0.589767	0.559626	0.551271	0.453317	-0.532551	-0.410586	-1.718075	-1.155671	-0.949493	-1.121582	-1.990015	-1.936225	-0.938400	-0.840465	-2.551464	-2.082735	-0.748156	-1.821183	-1.091219	-1.383486	-1.238255	-1.748593	-0.578367	-0.732284	-0.660581	-2.092184	-0.710769	-0.574184	-1.046180	-1.041074	-1.073850	-1.128699	-3.137735	-1.290603	-0.212380	-0.520506	-2.012217	-1.008222	-1.906175	-2.196740	1.802763	-0.401296	-1.641628	-1.945184
-0.864378	0.102206	-0.005114	-0.611408	-0.181182	-0.973865	0.541094	-0.107814	0.429898	0.200821	-0.178881	0.648513	-0.642019	-0.182729	-0.316587	-0.234187	0.548973	-0.227791	0.673358	-1.303488	1.034162	-0.571592	1.482203	1.268316	0.409930	-0.169732	0.515113	0.250312	0.848433	1.736542	-0.122549	-1.298445	-0.691663	-1.536098	-1.953929	-1.906826	-1.548815	-1.601771	0.622209	-0.479524	0.813097	-0.874520	-0.918134	-1.361707	-1.207346	-0.066030	0.211607	0.342065	1.676674	-0.710722	0.347420	0.744549	-0.774249	0.383841	-1.075910	-0.551693	-0.320586	0.258290	-1.240296	-1.420862	-0.915628	-1.492406	0.428345	0.601488	-0.784153	-0.500735	-0.017240	-0.095463	0.112212	0.253800	0.692456	0.750052	-0.110229	0.163518	-0.366575	-0.856142	-1.345513	-0.929390	-0.176662	-0.063240	-1.390006	-0.730199	0.113389	-0.488378	-0.328240	0.196861	-1.205949	-1.059212	0.118578	-0.475190	-0.016872	-1.083564	-0.778184	0.094833	-0.595979	-0.021529	-0.921259	-1.599037	-1.932508	-0.583183	-0.080965	0.553347	-1.617362	-0.480276	-2.218568	-1.408428	1.784262	0.358179	-0.463034	-1.774309
-0.553214	0.948803	-0.170818	0.223375	-1.377385	-0.202672	0.005666	-0.477105	-0.246935	0.754519	-0.155653	1.112058	0.771451	1.119716	0.784009	0.376122	0.992405	0.030205	-0.071383	-0.938762	0.116660	-1.134842	0.720082	0.431400	-0.310102	-0.897176	0.904325	0.198736	0.675803	1.470257	-0.064809	-1.507963	1.364939	0.026851	-1.120742	0.012451	-0.649329	0.612819	-1.018973	0.696550	-0.783093	-1.057224	-0.663435	-0.762224	0.067178	0.944028	1.107297	1.555017	0.618249	-0.317134	2.134953	2.598025	0.004490	-0.122815	-1.276309	0.207286	0.712449	1.325713	-1.039070	-0.961595	-0.996287	-1.439908	1.852838	2.022930	0.094922	-0.232525	0.416158	-0.946535	-0.271856	0.035776	1.951595	1.878005	0.728540	1.025443	-0.295777	-0.192392	-0.253019	0.282166	1.135932	1.215986	-0.146937	0.545691	0.655134	0.784382	0.282165	1.004085	-0.838888	0.055419	0.868135	-0.046678	0.734210	-0.131518	0.122087	1.025428	1.324482	1.799259	0.210869	-1.445997	-0.161990	0.484764	0.401386	0.562608	-0.825835	0.908795	-1.232804	0.155857	0.906711	0.749859	0.528552	-1.178054
-0.406606	1.329360	-0.874510	-0.041811	-1.914170	0.434262	-0.505171	-0.237568	-1.059650	0.832278	-0.134781	1.161173	0.781244	0.891521	0.255523	0.245633	-0.078983	-0.020258	-1.168336	-0.819447	-0.761782	-1.291963	-0.417574	-0.177019	-0.655263	-1.011354	0.573705	-0.641114	-0.175063	0.498188	0.171103	-0.841974	1.693106	1.069999	0.011955	0.930692	0.147135	1.735362	-1.576525	1.284738	-1.696536	-0.395680	0.356104	0.468913	1.101823	0.902885	1.145612	1.497416	-0.150801	0.320222	2.134425	1.936106	0.080495	-0.463026	-1.204682	0.709429	0.632892	1.098096	0.332292	0.274592	-0.429802	-0.667694	1.823498	2.003523	0.415069	-0.044521	0.330065	-1.528423	-0.635561	-0.294416	1.603428	1.516416	0.193025	0.868981	-1.173798	0.034966	-0.005022	0.318346	1.440616	1.513723	-0.107376	0.530747	0.040322	0.592430	0.049457	0.313202	-0.659870	0.534535	0.496836	0.126155	0.674010	-0.254284	1.153381	1.243459	2.930518	2.743430	1.462664	-0.812093	0.512203	0.715274	0.516681	-0.670069	-0.298830	2.247962	0.134385	0.769530	-0.479755	0.248081	0.205910	-0.465168
-0.231824	0.987146	-1.251752	-0.944268	-1.113930	0.482878	-0.476408	0.231109	-1.054567	0.396493	0.136527	0.528940	-0.273564	-0.320470	-0.910065	0.024125	-1.532631	-0.257762	-1.630149	-0.894543	-0.669423	-0.836067	-0.813834	-0.154684	-0.356613	-0.373540	-0.078747	-1.118752	-0.835614	-0.383263	0.299073	0.320736	0.509441	1.016609	0.898781	0.346954	0.688447	1.110052	-0.631526	0.900653	-0.973345	0.533964	1.324266	1.173194	0.903981	-0.184345	0.096537	0.036404	0.236889	1.004419	0.789594	-0.443524	-0.171864	0.042376	-0.493595	0.704902	-0.295107	-0.097511	1.874699	1.396101	0.462902	0.327186	0.131139	0.360581	0.432993	0.254972	0.051457	-1.640176	-0.621318	-0.352887	-0.243028	-0.147088	-0.550914	0.234687	-1.990782	-0.290741	-0.636802	-0.311598	0.145500	0.301918	-0.859287	-0.539095	-1.119255	-0.472271	-0.414412	-0.794892	-0.846439	0.238967	-0.522809	0.173609	-0.119006	-0.780048	1.315415	0.340213	2.494431	1.770071	2.006314	0.034184	-0.011343	-0.165544	0.216722	-1.632494	-0.050064	2.602817	0.848441	0.005702	-1.679203	-0.542919	-0.673302	0.109695
0.291731	0.357989	-0.595798	-1.101993	0.447106	0.243393	0.266134	0.529972	0.046487	0.056261	0.669512	-0.245269	-0.968472	-1.056289	-0.994102	0.372913	-1.474031	0.086616	-0.826157	-0.508268	0.479261	0.161515	0.025258	0.426220	0.429830	0.685952	-0.152438	-0.523210	-0.508111	-0.653549	0.418665	1.333159	-0.509971	0.404375	1.459942	-0.450097	1.004371	-0.137523	0.917498	0.225273	0.920105	1.123812	1.704440	1.083962	0.004682	-1.053776	-1.076496	-1.382730	1.204597	1.533753	-0.298584	-2.142406	-0.038027	0.982871	0.751803	0.497907	-0.713978	-0.851033	2.653571	1.829817	1.363895	1.195497	-1.729432	-1.378249	0.630210	0.747689	0.110219	-1.210506	-0.045233	-0.025369	-1.754887	-1.516654	-0.254229	-0.025951	-1.494351	-0.565150	-1.053969	-0.263323	-1.474000	-1.343621	-1.020225	-1.285398	-1.440082	-0.754881	-0.062471	-0.905834	-0.921910	-0.083808	-0.719402	0.516740	-0.635037	-0.472258	0.513865	-0.937372	0.435846	-0.331012	1.730556	0.845958	-0.563757	-1.162503	0.159007	-0.946862	0.271038	1.833928	0.756669	-0.857420	-2.083663	-0.620804	-0.603929	0.495266
0.981927	0.035001	0.726526	0.054873	1.468052	0.256124	1.222177	0.664207	1.341095	0.278293	1.109625	-0.406847	-0.676804	-0.739462	0.308976	1.026177	0.217606	1.230226	0.646097	0.567883	1.758036	1.293380	1.388119	1.204360	1.173333	1.554298	0.767097	0.657423	0.657810	-0.386965	0.811321	1.664247	-0.557462	-0.099069	1.773966	-0.240606	1.040161	-0.558055	1.797070	0.051740	2.463363	1.308472	1.569664	0.864125	-0.317432	-0.783266	-1.316306	-1.487603	1.406703	1.548308	-0.511081	-1.854578	0.561136	1.268662	1.764056	0.441792	0.082936	-0.278960	2.396850	1.692265	1.909660	1.744247	-2.260547	-1.802770	0.914446	1.077896	0.553022	-0.278881	0.709342	0.288781	-1.525085	-1.508352	0.908255	0.261008	0.201523	-0.333183	-0.419291	0.688929	-1.693114	-2.015537	-0.152460	-0.818397	-0.412447	0.220644	0.971471	0.071757	-0.368564	0.080140	0.361263	1.136350	-0.225055	0.656403	-0.494702	-1.529794	-1.224521	-1.832674	1.066644	1.358907	-0.329587	-1.188062	0.692417	0.986475	0.632340	0.668452	0.462208	-0.547797	-1.493824	0.280689	0.513128	0.733896
1.295433	0.180635	1.573439	1.473011	1.299614	0.639516	1.682199	0.875270	1.647468	0.792392	1.054958	0.118444	-0.136180	-0.137136	1.642509	1.126351	1.719680	2.295460	1.428962	1.607107	2.179888	1.962154	2.099052	1.763001	1.327752	1.681462	1.854494	1.431316	1.722535	0.117993	1.417621	1.332301	-0.415908	-0.393941	1.762720	0.682109	0.676631	-0.030051	1.516725	0.312058	2.546292	1.417250	1.239661	1.071320	0.334970	0.142257	-0.724890	-0.646534	0.487658	0.846322	-0.577006	-0.429665	1.144654	0.589754	1.837420	0.515802	1.199403	0.974032	1.434335	1.368231	1.794507	1.857973	-1.475297	-1.100877	0.766556	0.874101	0.885125	0.761101	1.066489	0.271049	-0.156878	-0.686132	1.615742	0.524070	1.700266	0.165411	0.918834	1.329173	-0.276058	-1.473374	0.758715	0.266684	0.932678	1.096595	1.249291	0.881660	0.633072	0.332065	1.439818	1.372914	0.526979	1.175047	-1.005353	-1.284524	-1.319492	-1.935230	0.412565	1.339247	0.265537	-0.301481	1.213114	2.346164	0.600433	-0.035243	0.477470	0.616126	-0.199849	1.332708	1.136688	0.863330
1.033019	0.406354	1.245569	1.636171	0.531900	0.936857	1.359722	1.050848	0.773104	0.871932	0.416797	0.541419	-0.136133	-0.103432	1.768398	0.441037	1.543674	2.109329	0.849167	1.698035	1.570808	1.750748	1.620610	1.654416	0.724761	0.895526	1.748564	1.478999	1.876797	0.603733	1.618886	0.743327	-0.822097	-0.541889	1.223236	1.129802	-0.021557	0.353399	0.574683	0.241059	1.375891	1.471503	0.736201	1.357798	1.014407	0.543126	-0.302946	-0.182881	-0.545922	-0.146459	-1.027408	0.671339	1.362114	-0.181502	1.098280	0.471903	1.279172	1.560647	0.250106	0.925883	1.014814	1.479419	-0.474338	-0.434059	0.081192	0.242622	0.666346	1.247285	0.814594	0.039705	0.617780	-0.311436	0.999489	0.316530	1.872240	0.342155	1.840549	0.565173	1.275214	-0.626773	0.855064	0.744123	1.194317	0.506166	-0.112925	0.510487	1.319667	0.023460	1.082486	0.657883	0.506783	0.135607	-0.928441	-0.880382	-0.697241	-1.303154	-0.090347	0.793103	0.385025	0.488672	0.872246	1.846877	0.138799	-0.083599	0.688144	1.277400	1.063744	1.465359	0.190744	0.927668
0.676087	0.161230	0.249041	0.412958	0.228515	0.597685	0.514826	0.586547	-0.313840	0.162944	-0.469393	0.019313	-0.259062	-0.353236	1.090944	-0.147533	0.254745	0.597787	-0.244156	0.946031	0.513646	0.861915	0.398227	0.571350	-0.336553	-0.486768	0.254907	1.396478	1.049563	0.838398	0.742521	0.049834	-1.139624	-0.231321	0.114413	0.568586	-0.729004	-0.192856	-0.286735	-0.642078	-0.007107	0.966771	-0.218171	0.846592	0.588103	0.030698	-0.574222	-0.556216	-0.739420	-0.605126	-1.274242	1.137461	1.247331	-0.213503	0.406602	0.233165	0.260302	1.031224	-0.765117	0.175450	-0.012442	0.694177	0.044471	-0.327569	-0.449009	-0.326822	0.050117	0.814910	0.216926	-0.233040	0.052286	-0.667090	-0.232235	0.014330	0.984020	0.022461	1.692986	-1.094057	1.318206	-0.281376	0.715730	0.347643	0.240414	-0.992506	-2.061217	-0.507987	1.279584	-0.600096	-0.444608	-0.619167	-0.526609	-1.355440	-0.538628	-0.688863	-0.785968	-0.875395	-0.325796	0.071484	-0.011153	0.472634	-0.189734	0.201454	-0.099444	0.048673	0.612863	0.831477	1.499585	0.642306	-1.324456	0.902821
0.718540	-0.697174	-0.405457	-0.844420	0.690114	-0.385858	-0.399763	-0.809783	-0.589602	-0.913085	-1.032043	-1.294879	0.425301	-0.020124	0.828401	0.180437	-0.529560	-0.953407	-0.415240	0.400943	-0.395417	-0.058210	-0.732092	-1.165957	-1.292280	-1.807279	-1.286522	1.633893	-0.215316	0.707701	-1.035480	-0.885220	-0.431592	0.744564	-1.152472	-0.320787	-1.162084	-1.230057	-0.796064	-1.894580	-0.864703	-0.358332	-1.551462	-0.624771	-0.830898	-0.622054	-0.939358	-0.846148	-0.315856	-0.259731	-0.743903	1.483360	0.909357	0.226077	0.339279	-0.071643	-0.686065	0.111261	-1.301208	-0.816923	-0.720564	-0.225259	0.417419	-0.190976	-0.178795	-0.455128	-0.441919	-0.257786	-0.368290	-0.623488	-0.894366	-0.797425	-0.625841	0.230066	0.134668	-0.372886	0.864696	-2.128431	-0.190099	-0.256275	1.384461	-0.037332	-0.770236	-1.612693	-2.842543	-0.851535	0.960432	-0.503727	-1.563231	-1.411387	-1.657883	-1.342954	0.067250	-0.272354	-1.653818	-0.709136	-0.201513	-0.432339	-0.347223	-0.033581	-0.925906	-0.848924	0.281611	-0.122778	0.033978	-0.019830	0.960476	-0.153094	-1.658736	0.583722
0.709491	-1.728329	-0.507710	-1.148101	1.062711	-1.464171	-1.176471	-2.401491	-0.113561	-1.643079	-0.980909	-2.254332	1.689283	0.846997	0.967472	0.793990	-0.352737	-1.430738	0.554717	0.560281	-1.125979	-0.747651	-1.405435	-2.569201	-1.653414	-2.415577	-1.690577	1.555682	-1.339978	0.327622	-2.607471	-1.881430	0.827502	1.692841	-1.916792	-0.563139	-1.356895	-1.736502	-1.139847	-2.513304	-1.305838	-1.887172	-2.544767	-2.023475	-1.900497	-0.582273	-0.472418	-0.077937	-0.171748	0.138766	-0.119379	1.632489	0.264049	0.254050	0.393018	-0.434399	-0.815758	-0.522002	-1.321408	-1.654708	-0.966300	-1.014251	1.235332	0.654950	0.379684	-0.206822	-0.655287	-1.279447	-0.896870	-1.097702	-0.911124	0.113289	0.088533	0.633846	-0.224546	-0.544925	-0.031480	-1.960169	-1.669659	0.175492	2.463369	0.227273	-0.944555	-0.782373	-2.139493	-0.235905	0.888454	0.625218	-1.442246	-1.305942	-1.928640	0.352311	1.032018	0.848527	-2.073825	-0.250966	-0.054894	-0.731723	-0.489974	-0.237394	-0.908591	-0.880514	0.621907	-0.657289	-0.763060	-0.452384	0.104809	-0.419355	-0.797711	-0.205671
-0.368623	-2.320057	-0.684418	-0.958352	0.354675	-2.141682	-1.899394	-3.025192	0.148699	-1.700895	-0.711690	-1.989814	2.138215	1.231820	0.246542	0.303021	-0.205839	-1.233726	1.324402	0.598872	-1.936704	-1.495822	-1.879213	-2.824816	-1.331540	-2.039341	-1.278756	0.247638	-2.155686	-0.089497	-3.066355	-2.361057	1.203148	1.455293	-1.970752	-0.092909	-1.445801	-1.262084	-1.466408	-1.900295	-1.727656	-2.675426	-2.557076	-2.284199	-1.628725	0.058172	0.931066	1.471326	-0.681589	-0.278989	-0.435268	0.907215	-0.742736	-0.434421	-0.321802	-0.997478	-0.544681	-0.975398	-1.250457	-2.041692	-1.154930	-1.569427	2.287867	1.913299	0.049664	0.059640	-0.969656	-1.561908	-1.469979	-1.181592	0.117270	1.584831	0.629587	0.154726	-0.619808	-0.810547	-0.990073	-1.459044	-1.698031	1.184294	2.302687	0.627495	-0.583480	0.190249	-1.003672	0.367391	0.706119	1.603499	-0.781773	-0.937149	-1.304666	1.825290	2.190049	2.298707	-1.285829	0.596841	-0.532252	-1.139370	-0.827811	0.094189	-1.007623	-1.112038	0.068779	-1.311859	-1.341097	-0.522916	-0.439684	-0.821077	-0.345041	-1.181268
-2.423279	-2.157325	-1.153160	-0.998289	-1.173033	-2.297605	-2.453900	-2.311319	-0.336244	-1.201721	-0.847870	-0.872714	1.063919	0.655368	-1.596210	-1.336998	-0.693245	-1.375884	0.749953	-0.305909	-2.594618	-2.195925	-2.267470	-2.014274	-0.645367	-0.904051	-1.045550	-1.854915	-2.655559	-0.374854	-2.508797	-1.945611	0.248014	-0.168858	-1.718133	0.281192	-1.276922	-0.250053	-1.567925	-0.434247	-1.933680	-2.360377	-1.739302	-1.517491	-0.511901	0.662476	2.346599	2.590000	-1.300553	-1.265772	-1.341511	-0.592133	-1.662826	-1.238320	-1.613727	-1.625001	-0.446921	-1.440573	-1.467996	-1.933866	-1.508891	-1.738496	2.612580	2.543022	-1.244495	0.114860	-1.560344	-0.802883	-1.783446	-0.443622	1.196310	2.361973	0.006897	-1.385299	-1.250044	-1.391593	-2.018676	-1.313094	-0.493290	2.029960	0.286413	0.335128	-0.367778	0.109578	-0.105469	0.325307	-0.314202	1.156056	-0.441334	-0.852897	-0.435873	1.585450	2.775900	3.034497	0.054715	1.193200	-1.638563	-1.618576	-1.345565	0.406639	-1.959032	-2.150390	-1.022005	-1.777891	-1.500205	-0.716555	-0.715377	-1.809484	-0.972856	-1.658916
-3.737867	-1.324899	-1.261341	-0.941827	-2.062739	-1.902968	-2.244425	-0.873599	-0.904929	-0.381396	-1.283561	0.115554	-0.525813	-0.142468	-2.964357	-2.535872	-1.067772	-1.736732	-0.572524	-1.485688	-2.350847	-2.003852	-2.046022	-0.777911	0.072534	0.461929	-1.148581	-3.113794	-2.502263	-0.359720	-1.412428	-0.755435	-0.968218	-1.938806	-1.383852	0.074416	-0.616205	0.552237	-1.079907	0.908443	-1.264218	-1.230959	-0.657410	-0.541550	0.321993	0.971163	2.712736	2.488642	-1.244995	-1.658555	-1.443317	-1.632588	-1.683448	-1.450987	-2.208919	-1.805609	-0.416935	-1.550409	-1.648293	-1.339324	-1.544940	-1.246220	1.674570	1.954484	-2.141293	0.007603	-1.868408	0.565708	-1.248537	0.772056	1.525315	1.849800	-1.117066	-2.694827	-1.261796	-1.632194	-2.317499	-0.991114	0.674759	1.919345	-2.083590	-0.583980	-0.295053	-0.529634	0.738489	0.142901	-1.875529	-0.324482	-0.252383	-0.684836	0.157390	0.285852	2.149112	2.426823	0.906195	1.026496	-2.365893	-1.604697	-1.393227	0.205658	-2.964039	-2.796840	-1.430759	-1.791891	-1.235009	-1.007820	-0.906344	-2.483474	-1.472034	-1.283678
-2.895112	-0.223994	-0.549222	-0.102453	-1.334905	-0.922260	-0.891845	0.516872	-0.619038	0.466050	-1.172144	0.606774	-1.106019	-0.260503	-2.533651	-2.226291	-0.507513	-1.284436	-1.099514	-1.531166	-0.998652	-0.582515	-0.823162	0.377335	0.727683	1.486597	-0.954332	-2.699536	-1.394050	0.036712	0.053173	0.732923	-1.249544	-2.379598	-0.655315	-0.266698	0.281404	0.767744	0.002973	1.430210	0.233365	0.162713	0.368990	0.234295	0.620576	1.165317	1.899857	1.509848	-0.409119	-0.877819	-0.328317	-1.317444	-0.631795	-1.055407	-1.451274	-1.267960	-0.131693	-0.953572	-1.200629	-0.408056	-0.814721	-0.206462	0.184911	0.677658	-1.688398	-0.160792	-1.213091	1.524170	0.111587	1.573526	1.276593	0.692942	-1.501643	-2.612017	-0.067606	-0.754701	-1.128855	0.074523	1.107395	1.007217	-2.872970	-1.266880	0.110349	-0.491977	1.517309	0.417956	-2.600607	-1.231443	0.360219	0.071427	0.472703	-0.461567	0.739928	0.991957	1.135407	0.452950	-1.829908	-0.740911	-0.545089	-0.173774	-2.626108	-1.864261	-0.809412	-1.279496	-0.526990	-0.818680	-0.683440	-1.788962	-0.776255	-0.499510
-0.644110	0.604468	0.517012	1.249389	0.303347	0.327606	0.873266	1.418848	0.381133	0.979468	-0.099383	0.949429	-0.252178	0.365914	-1.017802	-1.139010	0.611165	0.173970	-0.316376	-0.217589	0.493122	0.998460	0.693524	1.125666	1.199420	1.727585	-0.221219	-1.525313	0.081793	0.561361	1.513633	1.774124	-0.403746	-1.188049	0.449428	-0.194554	0.764523	0.590260	1.048359	1.216213	1.324417	1.114321	1.107981	0.764474	0.935838	1.285318	0.831616	0.565084	0.450218	0.287704	0.866655	-0.219400	0.466100	-0.507095	-0.164962	-0.384021	0.391726	0.026540	-0.306810	0.362823	0.157297	0.612134	-0.592272	-0.253997	-0.535415	-0.305358	0.228368	1.396771	1.426595	1.583841	1.118986	0.006539	-1.022011	-1.533389	1.394172	0.838098	0.853264	1.287516	1.109023	0.270668	-1.737042	-1.021647	0.968693	0.539886	1.814135	0.950138	-1.646414	-0.761226	1.320310	1.111136	0.853953	-0.088121	-0.256992	-0.101931	1.232626	0.217672	-0.442047	0.509792	0.841101	-0.009001	-0.893088	0.006417	-0.136425	-0.433678	0.566931	0.203108	0.328198	-0.179552	0.429714	-0.013076
1.047373	0.905300	1.307711	2.159149	1.287025	1.187065	1.666867	1.567228	1.027055	1.031731	1.219310	1.344889	1.232313	1.238387	0.170253	-0.309557	1.327966	1.610688	0.755398	1.226813	0.972186	1.431081	1.270628	1.131538	1.139083	1.079786	0.518270	-0.752170	0.831574	0.763199	2.006027	1.673341	0.962089	0.675862	1.064155	0.079287	0.633146	0.518457	1.184346	0.882799	0.857754	1.010163	1.114383	0.752814	1.391834	1.131786	0.443728	0.162636	0.469112	0.632356	1.116026	0.483694	0.497495	0.072931	0.617994	0.376337	1.040598	0.866992	0.217487	0.535466	0.418790	0.564317	-0.228653	-0.376006	0.328607	-0.169854	1.450660	0.641359	1.978251	1.283548	1.317011	0.277396	-0.457454	-0.541876	1.785380	1.963028	2.042450	1.749889	1.102828	0.367610	0.191832	0.159555	1.899213	1.899459	1.728887	1.308838	0.222535	0.333268	2.022370	1.744353	1.564359	0.685010	-0.243044	-0.239396	1.230794	0.423916	0.635017	1.330659	2.057207	0.708684	0.879264	1.338408	-0.157622	0.473955	1.667156	1.614818	1.703878	0.979857	0.945862	0.065710
1.397546	0.988141	1.796075	2.179993	0.926241	1.298883	1.008358	0.908602	0.715922	0.855511	1.752341	1.445808	2.206563	1.846717	0.949500	0.496175	1.283707	2.189895	0.948866	1.671035	0.527459	0.783911	0.714010	0.387061	0.400990	-0.050794	0.746505	-0.283140	0.748472	0.535201	1.063341	0.539979	1.966637	1.923638	0.550036	-0.003691	0.470698	0.834070	0.150739	0.861509	-0.733235	0.022722	0.255699	-0.024860	1.417429	0.648545	0.609937	0.071252	-0.405702	-0.097665	0.730749	0.468754	-0.183904	0.956682	0.945800	1.042045	1.754011	1.537321	0.128901	0.327283	-0.080284	-0.057419	0.483446	-0.116798	0.990923	0.438998	1.652479	0.339981	1.894739	1.051044	1.432885	0.974671	-0.078735	0.236903	1.213250	2.255538	1.897165	1.577327	1.045891	0.826060	1.692387	1.669308	2.438222	2.853984	1.845995	1.468581	1.520507	0.988179	2.042842	1.730670	2.355073	0.982251	0.170483	0.085788	0.692698	0.400845	0.931452	1.416886	2.618996	1.113478	1.671570	1.746653	-0.281856	1.257497	2.145884	2.420949	2.386252	1.235997	0.887562	0.217036
1.255577	1.259744	2.024695	1.534645	-0.097051	0.959617	-0.083724	-0.092662	-0.040884	0.575462	1.285036	0.858492	1.909473	1.728609	1.993868	1.817888	0.715662	2.025144	0.270945	1.130270	0.314776	0.153154	0.117182	-0.431579	-0.512266	-0.950162	0.560770	0.538131	0.888816	0.260685	-0.296256	-0.581818	1.787713	1.821409	-0.401687	-0.466952	0.819366	1.233436	-1.254328	0.920640	-1.810011	-0.778107	-0.734371	-1.009528	0.685725	-0.033752	0.380978	-0.216599	-1.322037	-1.075956	0.540078	0.255266	-0.129538	1.904772	1.262424	1.694670	2.079705	2.114933	0.050610	0.313577	-0.451495	-0.490618	0.515505	-0.168177	1.835752	1.019144	0.997819	0.884627	1.492631	0.452909	0.830778	1.097478	0.562134	1.427152	0.775180	2.335065	1.264724	1.424658	0.711210	0.565201	2.130118	2.495050	2.242610	2.919192	2.037716	1.402433	1.574938	1.029967	1.292555	1.156733	2.456804	0.584236	0.078712	-0.014796	-0.347293	-0.336317	0.922365	1.037943	2.325888	0.557325	1.724347	1.842556	0.302891	1.688879	1.577691	1.899570	1.662892	1.222551	1.218146	0.699591
1.340201	1.546620	1.514335	0.443582	-0.768033	0.691823	-0.345987	-0.644139	-0.409617	-0.031919	0.434050	-0.234018	0.401588	0.736871	2.875671	2.880854	-0.148966	1.377895	-0.335950	0.308718	0.933378	0.026802	0.314793	-0.471212	-0.847190	-1.121545	0.316533	1.449047	1.699282	0.276774	-0.606673	-0.806709	0.368740	0.624949	-0.488178	-0.740957	1.408036	1.151327	-1.756790	0.563567	-1.378961	-0.506501	-0.836556	-1.200022	-0.379102	-0.837911	-0.653088	-0.808556	-1.370983	-1.412380	0.700070	0.185366	1.123242	1.859087	1.166720	1.769433	1.297688	2.113717	0.419572	0.577110	-0.119025	-0.504741	-0.249187	-0.639718	2.232448	0.600121	0.301418	1.541067	0.607351	-0.911061	-0.515964	0.216188	1.490559	2.841870	0.656479	2.337968	0.765762	1.258141	0.049372	-0.760346	1.392130	1.850853	1.166293	1.813029	1.367969	0.785654	0.853277	0.869314	-0.114660	0.041162	1.300981	-0.092114	-0.561605	-0.706055	-1.128904	-1.312286	0.996922	0.449680	1.225333	-0.550904	1.628551	1.820069	1.078775	1.508079	0.157925	0.333586	-0.211973	1.238872	1.972624	1.120478
1.225030	1.353543	0.026417	-0.894344	-0.780527	0.750398	0.279655	-0.335034	-0.125274	-0.860136	-0.095200	-1.024846	-1.251262	-0.400568	2.360510	2.372273	-1.065575	0.160487	-0.225533	-0.198614	1.574911	-0.140567	0.794366	0.392563	-0.374727	-0.553116	0.103187	1.502524	2.079774	0.471890	0.249536	-0.318412	-1.015069	-0.494682	0.628584	-0.295530	1.648158	0.602020	-0.792188	-0.024213	-0.047152	0.553994	0.163418	-0.202789	-1.090665	-1.606784	-1.613560	-1.208594	-0.519066	-0.992805	0.864914	0.187259	2.163602	0.212575	-0.039251	0.634578	-0.415892	1.042499	0.877423	0.684156	0.600924	-0.349544	-0.926659	-0.885129	1.301139	-0.866228	0.137560	1.413930	-0.785616	-2.252954	-1.701656	-0.940033	1.855211	3.224221	0.070258	1.486151	0.010463	0.597959	-0.735692	-2.140610	-0.000250	0.176472	-0.401674	-0.105223	-0.357391	-0.296582	0.142454	0.594662	-1.652412	-1.302988	-0.630026	-0.440569	-0.967281	-1.231038	-1.015866	-1.540077	0.942204	-0.262078	-0.174832	-1.262415	1.330730	1.247950	0.775502	0.860624	-1.269814	-1.030997	-2.167005	0.759896	2.069833	0.963550
0.427210	0.759487	-1.463662	-1.811670	-0.463039	1.085502	0.821809	0.500351	0.572139	-0.999763	0.062795	-0.708919	-1.666638	-0.489443	0.506785	0.575715	-1.488436	-1.305292	0.257095	-0.152762	1.132860	-0.747915	0.627620	1.437966	0.534030	0.476720	-0.107065	0.585420	1.059850	0.585645	1.073947	0.207269	-0.761288	-0.313857	2.015229	0.858490	1.572368	0.378140	0.886690	0.119853	0.935164	1.406213	1.481274	1.402651	-1.024144	-1.844091	-1.302499	-0.831278	0.318449	-0.354506	0.917760	0.313627	1.445804	-1.927061	-1.730495	-1.101017	-1.521537	-0.440758	0.968029	0.490564	1.192702	0.012995	-0.661339	-0.295628	-0.362691	-1.877151	0.393351	0.497480	-1.825842	-2.168747	-1.594499	-1.164744	0.986559	1.860468	-0.934991	-0.405574	-1.160617	-0.323111	-1.170696	-2.190074	-0.924245	-0.885755	-1.434503	-1.603751	-1.827220	-0.921285	-0.141577	-0.108139	-2.332704	-1.972398	-1.939182	-0.225279	-0.537498	-0.850872	-0.211133	-0.693940	0.616743	-0.753357	-0.962882	-1.146889	0.502443	0.146088	-0.643874	0.439529	-1.676284	-0.972185	-2.969165	-0.433586	0.948586	0.325675
-0.450387	0.433072	-1.487985	-1.511033	-0.080060	1.405225	0.620463	1.142761	1.386333	0.248534	0.858503	0.627621	-0.523579	0.639543	-0.916509	-0.604934	-0.941722	-1.902106	0.350006	0.339438	-0.224781	-1.246503	-0.085868	1.850544	1.440964	1.572520	-0.093835	-0.211820	-0.412006	0.626166	1.020427	0.619885	1.062690	1.166730	2.547411	2.115128	1.630006	1.026797	1.885644	1.415215	1.082968	1.518596	2.121557	2.600291	-0.149041	-1.109360	0.241875	0.241276	0.190563	0.010380	0.888576	0.680189	-0.567925	-2.580256	-2.042900	-1.747042	-0.685362	-0.832871	0.802110	0.363403	1.503378	0.827789	0.339849	0.765725	-1.023294	-0.963406	0.626808	-0.462976	-1.527186	-0.480078	-0.089026	-0.186049	-0.577388	-0.246083	-1.090000	-2.011621	-1.727885	-0.672823	-0.747579	-0.743310	-0.530517	-0.212781	-1.077232	-1.569195	-1.688990	-0.317892	0.013499	-1.256438	-1.464727	-1.302144	-1.588600	0.173261	0.433627	0.204222	0.515948	0.412796	0.478710	-0.396512	-0.572543	-0.558938	-0.600886	-0.659709	-1.600419	0.751639	-0.624791	0.507165	-2.125449	-1.520213	-0.490753	-0.105031
-0.426426	0.598125	0.104501	-0.119477	0.418674	1.204154	0.004301	1.067871	2.005523	2.053427	1.718848	1.770380	0.962247	1.591668	-0.584652	-0.013532	0.328159	-0.858764	-0.042599	0.898624	-1.138806	-0.884780	-0.430732	1.369537	2.041935	2.158398	0.357463	0.040862	-0.583430	0.747412	0.422861	1.126386	2.442319	2.469874	1.854315	2.645638	1.664289	1.871245	1.496521	2.707405	0.847140	1.136792	1.639276	2.603637	1.030675	0.252871	1.618016	1.143201	-0.841570	0.081897	0.523855	0.886626	-1.728653	-1.114928	-0.094804	-0.474552	1.354162	0.393337	0.659459	0.459071	1.445450	1.707531	1.002475	1.187590	-0.016676	1.306768	0.620589	-0.923929	-0.161971	1.218146	1.513502	0.910540	-1.559267	-1.348882	0.125749	-1.941917	-0.718212	-0.326901	0.425189	0.829229	0.828852	1.333115	0.280301	-0.316024	-0.271508	0.980013	0.402983	-2.181216	0.455105	0.159345	-0.025564	0.226766	1.078604	0.925519	0.572331	0.679351	0.979797	0.930761	0.488991	-0.072813	-1.257678	-0.534848	-0.872866	1.397468	1.201746	2.003567	-0.448720	-1.564321	-0.993315	0.178692
0.444472	0.592323	1.716679	1.138481	1.043072	0.173523	-0.337441	0.256352	2.023121	2.653336	1.758214	1.424139	1.359425	1.012034	0.740821	1.334828	1.424467	1.058927	-0.170775	1.196230	-0.688928	0.178461	-0.071690	0.296063	1.974073	1.672665	0.931116	0.961465	0.506891	0.884345	-0.083009	1.449426	1.729795	2.132382	0.346743	2.016029	0.883459	1.614942	0.290882	2.335161	0.727208	0.626224	0.301821	1.275051	1.541410	1.226792	1.588490	1.054235	-1.646716	0.146901	-0.374424	0.318781	-0.705556	0.986273	2.557700	1.473121	2.346965	1.873617	0.417460	0.353318	0.793837	1.688235	0.665862	0.451055	1.370067	2.756652	0.410221	-1.018652	0.879964	1.311944	1.711297	0.938950	-1.274056	-0.844945	1.311745	-0.578199	1.113822	-0.161432	1.340768	1.088639	1.945158	1.884443	1.163140	0.632861	0.817894	1.598595	0.699953	-2.041920	1.952459	1.121090	1.174137	-0.050619	0.883264	0.660028	-0.062360	-0.063329	1.747455	2.302041	1.028582	0.070818	-1.161484	0.130766	0.775565	1.504205	2.388310	2.000211	0.552819	-0.722226	-0.458927	0.853516
1.112060	-0.197736	1.707465	1.159736	1.546515	-1.232816	-0.197421	-0.811810	1.279679	1.436398	0.628083	-0.330794	0.630974	-0.630027	1.324027	1.652425	1.605784	2.122612	0.498105	1.222003	0.535906	0.976974	0.341964	-0.815218	1.011026	0.194379	0.986007	1.380166	0.893247	0.737216	-0.457359	0.956168	-0.320337	0.374197	-1.217927	0.527572	-0.880451	-0.075854	-0.590904	0.174704	0.703464	0.036202	-1.162325	-0.703697	0.750235	1.180545	0.381455	0.106189	-1.159910	0.414348	-1.279800	-0.783972	1.346313	1.788163	3.445821	2.104565	1.119962	1.777359	-0.147292	-0.275046	-0.323725	0.476002	-0.153252	-0.643018	1.584570	2.089609	-0.044184	-1.118288	0.747144	0.081579	0.371628	-0.001148	-0.242531	0.232195	0.885094	0.390918	1.851634	-0.732907	0.952393	0.088659	2.018581	0.869004	0.561027	0.253209	0.584814	0.879684	0.613850	-0.732380	1.861882	0.979557	0.897760	-0.187751	0.192713	-0.176027	-0.919747	-0.894917	1.863026	2.505764	0.441225	0.078881	-0.728093	0.418548	1.553558	0.772415	1.991202	0.402502	0.204683	0.001213	0.150931	1.000289
0.897692	-1.423730	0.178295	0.102775	1.718223	-2.024614	0.140894	-1.444461	0.249445	-0.351314	-0.858292	-1.951797	-0.078547	-1.628908	0.572642	0.514957	0.892460	1.383445	1.349214	1.043537	1.208547	0.870515	0.228929	-1.454429	-0.390906	-1.309107	0.355700	0.688284	-0.548054	0.091622	-0.897347	-0.309414	-1.586723	-1.193937	-2.137105	-1.070179	-2.525023	-2.080881	-0.550887	-2.120023	0.573430	-0.612594	-1.957735	-2.142824	-0.784088	0.501665	-0.751142	-0.768597	0.457021	0.841970	-1.261152	-1.311332	2.013284	0.881289	1.951769	0.910277	-1.082599	-0.124103	-0.742576	-0.984161	-1.145737	-0.904573	-0.524221	-0.954867	0.599028	0.196692	-0.793314	-1.255480	0.048053	-0.715573	-1.202951	-0.804232	0.398347	0.500348	-0.721779	0.078585	0.723172	-1.394227	-0.620063	-0.845993	1.247632	-0.489002	-0.927073	-0.889967	-0.441873	-0.503285	0.150961	0.823876	0.355517	0.291033	-0.383606	-0.045369	-0.259760	-0.679537	-1.368055	-0.862907	0.945270	1.395549	-0.673152	0.340352	-0.442784	-0.032426	0.809240	-0.299710	0.422111	-1.420269	-0.599333	0.018285	0.069496	0.073248
0.218222	-2.207981	-1.263240	-0.925529	1.632491	-1.714643	0.417908	-1.255419	-0.286817	-1.263829	-1.409402	-2.054142	-0.156912	-1.283689	-0.613151	-0.965160	-0.106934	-0.470098	1.225574	0.490094	0.785316	0.212485	-0.142292	-1.438250	-1.238609	-1.787504	-0.433472	-0.597086	-2.332599	-0.909976	-1.166773	-1.362103	-1.285706	-1.505221	-2.095919	-2.118633	-2.823029	-3.027965	0.124924	-3.034576	0.423309	-1.029222	-1.691396	-2.204296	-1.775454	-0.044042	-1.021351	-0.929628	1.942065	1.189046	-0.175196	-0.708703	0.387695	-0.516654	-0.159430	-0.783354	-2.173331	-2.244678	-0.768258	-1.041044	-0.995399	-1.209752	-0.316517	-0.419334	-0.449026	-1.193103	-1.455681	-1.143620	-0.148301	-0.086256	-1.798585	-0.837904	-0.046034	-0.347518	-1.654805	-0.743410	-0.950192	-1.259625	-2.106184	-0.793670	0.274001	-0.984125	-1.832935	-1.490187	-1.134699	-1.479844	-0.325842	1.428738	-1.311257	-0.195156	-1.234783	-0.083856	-0.255394	-0.581510	-1.067407	-0.002381	-0.376335	0.063178	-1.322523	0.906672	-0.236718	-0.701034	-0.442503	-1.132511	-1.003162	-2.163546	-0.528369	-0.269716	-0.633780	-1.407891
-0.157110	-2.155881	-1.339573	-1.121158	1.386941	-0.852198	0.567418	-0.536134	-0.105699	-1.289188	-0.702990	-0.880179	-0.265018	-0.664088	-1.215553	-1.665611	-0.821563	-1.922960	-0.064437	-0.539794	-0.106292	-0.224800	-0.235254	-1.050601	-1.066373	-1.221396	-0.849966	-1.422976	-2.209831	-1.781927	-0.890059	-1.342191	-0.657865	-1.080923	-1.367135	-2.307393	-1.868377	-2.580183	0.750331	-2.657740	0.432231	-0.931863	-0.732301	-1.138229	-1.677804	-0.291495	-0.813900	-0.709808	2.173060	1.151009	0.915884	0.194656	-1.894517	-1.042146	-1.000735	-1.508243	-1.579308	-2.912829	-0.185232	-0.429505	-0.196507	-0.485197	-0.207475	0.006957	-0.795323	-1.405483	-1.359221	-0.603268	0.242251	0.995050	-1.521075	-0.595426	-1.185690	-1.424880	-1.110829	-0.954338	-1.435587	-0.550585	-2.422018	-0.237087	-0.464746	-0.805369	-1.521946	-1.092522	-1.081621	-1.680633	-0.417076	0.747712	-1.991570	-0.450827	-0.914342	-0.618753	-0.327119	-0.467895	-0.344659	0.767691	-1.178294	-0.469531	-1.207720	1.188143	0.257533	-0.857975	-0.996460	-1.576439	-1.383515	-1.805218	0.526483	-0.183178	-1.430590	-2.288284
-0.102274	-1.526812	-0.360920	-0.651965	0.815993	-0.296902	0.500113	-0.006918	0.150431	-1.314044	0.230821	0.145430	-1.031060	-0.878191	-1.118945	-1.512871	-1.134491	-2.028899	-1.363327	-1.568854	-0.679449	-0.255820	-0.135616	-0.794815	-0.554118	-0.616072	-0.919976	-1.177316	-0.135431	-2.031467	-0.278612	-0.485912	-0.892893	-0.934431	-0.598684	-1.683621	-0.783234	-1.366738	0.826135	-1.957228	0.383914	-0.491488	-0.016857	-0.063712	-1.201548	-0.644536	-0.936498	-0.841478	1.106220	0.569901	0.913109	0.310835	-2.616866	-0.443082	-0.624444	-1.116536	-0.502246	-1.945178	0.230518	0.020584	0.153599	0.010421	-0.612394	-0.319207	-0.630912	-0.970593	-0.490811	0.199013	0.348986	0.908205	-1.306392	-0.788211	-1.852113	-1.694557	-0.166710	-0.495489	-0.613004	-0.260401	-1.708666	-0.229142	-0.785875	-0.721356	-0.724284	-0.422299	-0.771469	-1.456777	-0.110521	-0.368083	-1.572337	-0.865354	-0.123701	-1.188456	-0.990040	-0.863759	0.006912	0.635389	-1.212039	-0.303415	-0.672780	0.535864	0.979007	-0.373195	-0.745893	-1.705830	-0.902280	-1.108828	1.416137	0.294961	-1.777375	-1.930218
-0.111479	-0.681281	0.371878	-0.186375	-0.188763	-0.231400	0.122636	-0.078445	-0.240550	-1.553876	0.323804	0.150194	-1.726705	-1.389964	-0.835638	-1.139014	-1.293091	-1.051737	-1.537338	-1.832070	-0.905107	-0.422831	-0.379438	-0.895453	-0.633736	-0.733134	-0.961807	-0.225805	1.649110	-1.595420	0.030905	0.262447	-1.400305	-1.065608	-0.216185	-0.658626	-0.139516	-0.059934	0.342542	-1.278309	-0.173668	-0.230125	-0.174785	0.112970	-1.124257	-1.209747	-1.459636	-1.396099	-0.423363	-0.359314	0.055872	-0.213209	-1.508431	0.444388	-0.424349	-0.514155	-0.138959	-0.507541	-0.226972	-0.376709	-0.533492	-0.612588	-1.111197	-0.969518	-0.486318	-0.560451	0.127028	0.899931	-0.350713	-0.520565	-1.514175	-1.283479	-1.260033	-1.013546	-0.093961	-0.052434	0.219222	-0.647185	-0.904820	-0.948520	-0.677189	-0.739007	-0.386434	-0.235554	-0.718588	-1.152313	0.155750	-0.797738	-0.807365	-1.380819	0.035528	-1.075782	-1.886294	-1.414602	-0.393855	-0.289341	-0.961259	-0.146640	0.076368	-0.676954	1.272492	0.179955	-0.386459	-1.480591	-0.228686	-0.401862	1.286077	0.493323	-1.287478	-0.786978
-0.511749	0.138649	0.129604	-0.087785	-1.183595	-0.180753	-0.354383	-0.415452	-1.117045	-1.340781	-0.194649	-0.314718	-1.118457	-0.801881	-0.780398	-1.032980	-1.523597	-0.036596	-0.847282	-1.188112	-1.199172	-1.091188	-1.056513	-1.078759	-1.162504	-1.121463	-1.099806	0.414804	1.432052	-0.896418	-0.123332	0.359375	-0.845200	-0.683467	-0.052702	0.118681	0.589434	1.066106	-0.213001	-0.224736	-1.163942	-0.422198	-0.790509	-0.454594	-1.124253	-1.440276	-1.547795	-1.610474	-1.487282	-1.157142	-0.365965	-0.317178	-0.224385	0.636174	-1.042025	-0.448008	-0.339192	0.248371	-1.239025	-1.281653	-1.565801	-1.775184	-1.060998	-1.116682	-0.627044	-0.453518	-0.372049	1.246256	-1.274623	-1.795791	-1.479422	-1.324182	0.051416	-0.196754	-0.770593	0.146957	0.174017	-0.839025	-0.564224	-1.512361	-0.424473	-0.341573	-0.482567	-0.335303	-0.713969	-0.688446	-0.066599	-0.329666	-0.379678	-1.378390	-0.447290	-0.282328	-1.989570	-1.230580	-0.896580	-1.093244	-0.867262	-0.229038	1.054384	-1.056951	0.589757	0.167664	-0.453664	-0.789419	0.306634	0.511149	0.539398	-0.126176	-0.069981	0.194604
-1.011182	0.607440	-0.533997	-0.176821	-1.453081	0.188648	-0.467738	-0.356598	-1.581496	-0.358451	-0.247573	-0.184523	0.564297	1.012268	-0.945279	-1.161429	-1.738837	0.144497	-0.521406	-0.383634	-1.552260	-1.708794	-1.539928	-0.908868	-1.096526	-0.760427	-1.275299	0.085985	-0.040792	-0.367491	-0.183287	0.048049	0.662992	0.320857	0.291488	0.194822	1.799090	1.829846	-0.254042	1.219718	-1.768073	-0.763798	-0.854373	-0.870731	-0.384680	-0.845338	-0.518717	-0.856821	-1.574636	-1.449572	0.271568	0.353325	-0.079658	-0.105470	-1.645860	-0.833967	-0.203070	0.210833	-1.738093	-1.662214	-1.756604	-2.125973	-0.441105	-0.577856	-0.987472	-0.728218	-1.341244	1.266897	-1.449329	-1.556514	-0.543979	-0.629432	0.735595	-0.063846	-1.124505	0.498726	-0.311157	-0.164337	-0.396874	-1.140354	-0.486274	0.401133	-0.253472	0.025020	-0.106523	0.138397	-0.699916	0.247030	-0.281500	-0.477538	-0.521730	0.428638	-0.818861	-0.006401	-0.529288	-1.002972	-0.845876	-0.289952	1.828538	0.190850	-0.742908	-0.390421	-0.963547	0.234939	0.665695	1.390647	0.035574	-1.283991	1.012930	0.509320
-1.067618	0.440574	-0.591586	-0.081353	-0.910068	0.656091	-0.072842	0.255366	-1.132603	0.669678	0.490714	0.729424	1.499155	2.407454	-0.996315	-1.147077	-1.578389	-0.479950	-1.125223	-0.229187	-1.453698	-1.352406	-1.215789	-0.312000	-0.057588	0.457032	-1.446282	-0.776184	-0.820110	-0.026504	0.315471	-0.226059	1.451491	0.918970	0.807850	-0.275334	2.700149	1.923072	0.245811	2.185165	-1.331116	-0.774252	-0.061818	-0.599140	0.918882	0.205802	1.079895	0.425373	-0.713195	-1.261292	1.035929	0.933940	-0.635563	-1.096271	-1.275038	-1.065356	0.486595	0.093426	-1.165518	-0.966669	-0.843110	-1.132939	0.144488	0.046024	-1.276549	-1.283015	-1.212119	1.154098	-0.654106	-0.085108	0.858487	0.147753	0.229664	-0.481409	-0.516150	1.065848	-0.372479	0.747101	0.099876	-0.085743	-0.916076	0.837206	0.639164	1.016739	1.202779	1.143745	-1.124922	0.216854	-0.128771	0.824878	0.377098	0.414931	0.732186	1.405480	0.581870	-0.231244	-0.680662	-0.354694	1.527210	1.960758	-1.641517	-0.788353	-1.557110	1.004739	0.607942	1.376283	-0.062592	-2.044964	0.953734	0.310577
-0.546745	-0.146960	0.207247	0.342772	-0.328885	0.819001	0.349504	0.837235	-0.289981	0.815327	1.086508	1.557181	0.476126	1.840699	-0.606783	-0.675566	-0.771625	-1.050193	-1.846019	-0.726580	-0.654734	0.011216	-0.219712	0.328740	0.952551	1.389733	-1.441452	-1.095417	-0.210312	0.334282	1.067632	-0.358309	0.501767	0.262887	1.076312	-0.652260	2.168641	1.251419	0.596418	1.800945	-0.289867	-0.427650	0.751385	-0.013506	1.564260	0.751907	1.805628	1.068696	0.547028	-0.834409	0.673876	0.627943	-0.690380	-1.334569	-0.204025	-0.714075	0.950615	0.432498	-0.130594	0.265141	0.252159	0.332710	0.190117	0.123644	-1.120583	-1.643159	0.467938	0.956733	0.448521	1.192835	1.561719	0.226088	-0.539396	-0.532854	0.761072	1.184196	0.127922	0.757416	0.898745	0.763284	-1.110870	0.744704	1.605592	1.888540	2.322934	1.721526	-0.812000	-0.197298	0.175659	1.556593	1.396644	-0.238394	1.161249	1.730116	1.136358	0.297338	-0.527738	-0.760172	-0.043137	2.265247	-1.231179	-0.361126	-1.603158	0.784859	-0.166012	0.145003	-0.124753	-1.601387	-0.252959	-0.028059
0.132586	-0.465680	1.086706	0.852038	-0.398140	0.593727	0.229145	0.755612	0.121996	0.068078	0.606551	1.430979	-1.457671	-0.273801	0.152259	0.207205	0.464714	-0.751867	-1.504731	-1.162081	0.436916	1.270990	0.743628	0.631398	0.839040	1.020359	-0.817286	-0.374082	0.733538	0.664678	1.391973	-0.429354	-1.053929	-1.040153	0.900011	-0.446911	0.359156	0.256295	0.173387	0.263143	0.267449	-0.157757	0.749422	0.227196	0.916052	0.367205	0.917969	0.506307	1.386644	-0.235789	-0.627574	-0.173343	0.058485	-0.421058	0.463174	0.088424	0.509194	0.960268	0.392043	1.064724	0.631138	1.045727	-0.187667	-0.313193	-0.384232	-1.256325	2.308589	0.477625	1.155622	1.353189	1.064190	-0.272459	-0.321123	0.338186	1.937463	0.385877	0.644048	-0.107745	1.493419	0.956336	-0.498775	0.552147	1.807626	1.796127	2.227039	1.401671	0.059299	-0.267030	0.389273	1.301759	1.328030	-0.938719	0.055310	0.611523	0.415556	0.162506	-0.627648	-1.331640	-1.735255	0.542690	0.332914	0.785507	-0.493834	-0.457024	-1.319687	-1.294033	-0.190278	0.052133	-1.347234	-0.220519
0.515173	-0.055575	1.146472	0.965030	-0.824216	0.249897	-0.336559	0.118746	0.016652	-0.717480	-0.636623	0.408921	-2.218209	-2.032630	0.780854	1.161721	1.455968	0.293140	0.087289	-0.894433	1.282881	1.416752	1.195197	0.660207	-0.086123	-0.212857	0.687829	0.769072	0.864667	0.618838	1.055432	-0.355390	-1.285058	-1.522917	0.580675	0.198456	-1.283093	-0.447179	-0.720832	-1.279762	-0.000899	-0.202043	0.247661	0.073026	-0.105887	-0.273644	-0.661717	-0.520723	1.328870	0.624061	-1.401105	-0.542513	0.847688	0.967370	0.254370	0.850759	-0.471745	0.987863	0.280891	1.101888	0.492575	0.789394	-0.470216	-0.650249	0.601155	-0.168076	2.719653	-0.389402	1.315013	0.729616	0.130620	-0.440252	0.890777	1.626947	2.280367	-0.721693	0.738477	-0.447957	1.508588	0.852325	0.582598	0.452911	1.057973	0.732987	0.949202	0.367225	0.762891	0.170309	0.425103	0.601817	0.227336	-1.097376	-1.339203	-0.942458	-0.533876	0.031905	-0.693790	-1.236761	-2.105842	-1.668433	2.008612	1.833681	1.621469	-1.610389	-1.824506	-1.568818	-0.030634	2.034120	-0.980046	-0.024331
0.616327	0.795897	0.272712	0.363849	-0.781280	0.097292	-0.660804	-0.328739	-0.034469	-0.833977	-1.514277	-0.719878	-1.208608	-2.150276	0.864350	1.858901	1.657825	1.098792	2.007883	0.110196	1.770951	0.686848	1.262479	0.785639	-0.575680	-0.907999	2.531703	1.332557	0.279258	0.019561	0.404517	-0.043418	0.120220	-0.611666	0.407446	0.752915	-1.708595	-0.747678	-1.122570	-1.813990	-0.227046	-0.197520	0.213696	0.067851	-0.215712	-0.213493	-1.355967	-0.805816	0.706488	1.532334	-0.806827	-0.327248	0.996836	1.605475	-0.177573	1.209910	-1.051079	0.246326	0.307303	0.839359	0.683601	0.414758	-0.319530	-0.368844	1.302351	0.865663	1.678242	-1.293973	1.070269	0.150458	-0.213730	0.239653	1.871977	2.353927	1.435136	-1.036806	0.419820	0.774936	1.033853	0.957668	1.059947	0.036845	-0.105254	-0.538143	-0.445227	-0.713703	0.851953	0.522408	0.460139	0.177854	-0.676603	-0.449973	-1.523785	-1.575803	-0.240343	0.683468	-0.158482	-0.084980	-1.014142	-2.492402	2.758553	2.007197	3.488278	-1.414415	-0.993735	-0.550240	0.111068	3.131711	0.901555	0.680508
0.747679	1.392531	-0.894924	-0.711126	-0.106315	0.228268	-0.361612	-0.096672	0.172572	-0.382893	-1.492690	-1.315144	0.167979	-1.086015	0.550576	2.084306	1.211741	0.835601	3.181683	1.366342	1.968671	0.125468	1.244991	1.131372	-0.216730	-0.407080	3.583727	0.956806	-0.219137	-0.848764	-0.212075	0.190237	1.596081	0.737670	0.200852	0.972954	-1.337498	-1.074526	-0.579959	-1.257066	0.432075	0.343210	0.851628	0.546071	0.547295	0.573026	-0.710481	-0.020513	0.322528	1.859567	0.344050	-0.124444	0.656848	0.900706	-0.096859	1.177490	-0.909511	-0.834684	0.993126	0.751532	1.418160	0.652545	0.192814	0.458611	1.481664	1.119727	0.349750	-1.633325	0.441025	-0.085038	0.076763	1.195169	1.652496	2.089397	-0.244472	-0.343588	-0.156548	2.705767	0.405286	1.226297	0.290173	-0.870968	-1.038966	-1.331890	-1.098683	-1.348164	0.638855	0.379923	0.463226	-0.003171	-0.602976	0.797270	-0.434887	-0.912213	1.123680	1.797849	0.854036	1.212728	0.297174	-1.617166	2.292367	1.207010	3.680715	-0.050877	0.540904	0.533859	-0.293190	2.711288	2.970400	1.565343
0.895251	1.361909	-1.673747	-1.512486	0.440199	0.482796	0.095381	0.491095	0.063766	0.059962	-1.124544	-1.351187	0.510092	-0.064795	0.300625	1.611309	0.738942	-0.343085	3.123404	2.205988	1.629888	0.243300	1.057697	1.336477	0.077383	0.499379	3.146717	0.092065	-0.376487	-1.502639	-0.800930	-0.222433	1.774877	1.253338	-0.338659	1.114464	-1.155805	-1.664078	0.270521	-0.277542	1.492202	1.266049	1.317484	1.173512	1.000330	1.173012	0.316419	1.101240	0.554441	1.230049	0.787393	-0.139359	0.372372	-0.475710	0.277180	0.948109	-0.609089	-1.608613	1.844000	0.789871	1.927589	1.252208	0.836882	1.352208	1.279199	0.634477	-0.527577	-1.170019	-0.545618	-0.210832	0.269417	1.503738	0.563515	1.140090	-1.727137	0.344685	-0.879345	3.363914	-0.108234	1.239932	-1.184701	-1.616835	-1.456195	-1.562632	-1.150793	-1.566045	0.664955	0.151568	0.097427	-0.486082	-0.063201	1.995768	0.711116	0.289187	2.017309	2.337368	1.329846	1.224654	0.686025	-0.193102	1.058576	-0.037413	2.061080	0.855142	1.278080	0.604689	-1.027025	1.286642	3.708476	1.860473
0.563165	0.893032	-1.803601	-1.397624	0.162388	0.574948	-0.035817	0.744456	-0.820698	0.185216	-1.133560	-1.085921	0.063293	0.406567	0.204070	0.344036	0.569475	-1.547112	1.937524	2.052030	0.451033	0.554524	0.377778	0.989261	-0.465920	0.717692	1.604087	-0.633498	-0.610272	-1.656654	-1.390448	-1.269881	0.960777	0.722660	-1.021165	1.376377	-1.277950	-2.033754	0.477298	0.426963	1.643183	1.781724	0.925720	1.394308	0.528517	0.963715	0.793364	1.786428	0.950307	0.155821	0.413993	0.129928	0.321270	-1.275787	0.165475	0.609434	-0.607602	-1.725217	1.932583	0.706487	1.467556	1.460190	1.449079	1.946181	0.851714	0.101272	-1.070103	-0.287910	-1.484635	-0.295281	0.099020	1.074181	-0.353908	-0.062420	-2.036377	0.001030	-1.471646	1.927820	-0.330145	0.918528	-2.199936	-1.511278	-1.359836	-1.461590	-1.150537	-1.596387	0.822147	0.366283	-0.604132	-1.247291	0.078145	2.380395	1.088567	1.145817	1.719302	1.983295	0.511618	-0.363028	0.194248	0.660164	-0.292065	-1.099284	-0.003776	0.195438	0.448718	-0.122015	-1.105591	0.052945	2.560420	1.044880
-0.549742	0.356019	-1.337046	-0.452660	-0.743956	0.287452	-0.815246	0.420281	-1.905849	0.183619	-1.469623	-0.614984	-0.077972	0.632348	-0.126847	-1.222512	0.428294	-2.009755	0.140819	0.741417	-1.176310	0.392051	-0.687364	0.214353	-1.255632	0.216524	-0.000808	-0.955882	-1.028018	-1.275123	-1.621988	-1.949988	0.260939	-0.116815	-1.267292	1.428685	-1.002629	-1.447359	-0.134229	0.621317	0.471880	1.315508	0.089370	1.115289	-0.099204	0.420291	0.895467	1.970477	0.817249	-0.408599	0.079123	0.909342	0.283051	-0.951691	-0.569172	0.140082	-0.518910	-1.180043	1.002747	0.514755	0.283337	1.043704	1.832085	2.169044	0.212380	0.100281	-1.290069	0.416596	-1.728210	-0.055779	0.170006	0.661218	-0.643435	-1.302028	-1.104674	-1.104472	-1.453665	-0.264189	-0.085510	0.714611	-2.130641	-0.861636	-0.827287	-1.109305	-1.124643	-1.395166	0.382844	0.681525	-0.891970	-1.476197	-0.225376	1.583731	1.115934	1.473864	1.117856	1.458096	-1.045533	-2.240837	-0.415838	0.740222	-1.313481	-1.664595	-1.012753	-1.184281	-1.037628	-0.653630	-0.132217	-0.280759	0.184186	-0.400560
-1.874760	-0.058061	-0.470750	0.550931	-1.542861	-0.347914	-1.509624	-0.131122	-2.100384	0.290362	-1.537216	0.009731	0.259095	0.751022	-0.837936	-2.054396	0.002642	-1.567140	-1.386630	-1.138724	-2.149017	-0.228677	-1.410533	-0.374713	-1.174794	-0.184793	-0.829524	-0.937896	-1.004958	-0.480824	-1.045936	-1.208199	0.021290	-0.656340	-0.819532	0.869944	-0.092177	0.109648	-0.917389	0.489518	-0.928867	0.161172	-0.281407	0.726903	0.165884	0.432208	1.222482	1.936103	0.059942	-0.175945	0.148498	1.536378	0.177745	-0.096663	-1.130244	-0.376644	0.227879	-0.196373	-0.263124	0.363435	-0.692834	0.476590	1.685427	2.006875	-0.478409	0.553043	-0.750732	0.676728	-1.047449	0.555106	0.913143	0.756190	-0.688432	-2.249943	0.193419	-1.648342	-0.642992	-1.229986	0.685141	1.015411	-1.346991	-0.589500	-0.032774	-0.479331	-0.649802	-0.720578	-0.934704	0.272321	-0.159992	-0.724202	-0.384732	-0.007297	1.434123	1.547708	1.101516	1.303039	-1.976208	-2.741662	-0.672220	0.388357	-1.771615	-1.713920	-0.654728	-1.570151	-1.511606	-0.460338	0.953906	-0.059295	-1.997981	-1.175023
-2.342399	-0.285574	0.345905	0.861415	-1.823824	-0.994486	-1.483112	-0.503736	-1.207863	0.327153	-1.095520	0.437804	0.190231	0.399874	-1.356954	-1.556277	-0.479435	-0.549932	-1.777532	-2.406697	-1.722521	-0.725034	-1.186869	-0.367920	-0.244991	-0.096221	-0.676911	-0.670865	-0.095065	0.352116	0.136842	0.617853	-0.235256	-0.899044	-0.075637	0.041251	0.702012	1.634674	-1.279934	0.304519	-1.306020	-0.823468	0.012648	0.526937	1.225537	1.083896	1.603489	1.682050	-0.761811	0.169323	0.027877	1.245076	0.245846	0.342815	-0.819943	-0.682727	1.247691	0.757988	-0.969766	0.219331	-0.897369	0.202819	0.928026	1.402783	-0.779426	0.882284	0.459853	0.643888	-0.027762	0.990587	1.691354	0.961527	-0.763397	-2.283160	0.878760	-0.865866	0.413393	-0.486817	1.677788	1.560185	-0.648647	-0.921813	0.638223	0.199588	0.297517	0.302412	-2.245768	-0.789930	1.040169	0.253497	-0.154378	-1.379387	1.706436	1.428975	1.248153	1.102115	-1.602874	-1.476369	-0.631243	-0.127218	-1.581586	-1.324819	0.300882	-0.575653	-0.382920	0.117643	0.984056	-0.016316	-2.602529	-0.409956
-1.539157	-0.236115	0.514386	0.414003	-1.730912	-1.182882	-0.932876	-0.609622	-0.293760	-0.046699	-0.541514	0.250811	-0.705373	-0.502999	-1.027885	-0.374925	-0.557575	0.481208	-0.951413	-2.158844	-0.451325	-0.699109	-0.346929	-0.029497	0.320502	0.024173	0.104085	-0.185999	1.036502	0.663796	0.967271	1.802582	-0.711861	-0.988260	0.378287	-0.146481	0.623955	1.970394	-1.227495	0.218737	-0.733596	-1.045360	0.315147	0.387533	1.920033	1.504931	1.296539	1.035102	-1.151996	-0.100715	-0.719281	0.162190	0.613942	0.083495	0.010216	-0.547736	1.366179	1.104403	-0.793162	-0.002724	-0.585801	0.125491	0.029982	0.512868	-0.448829	0.620464	1.219135	0.560518	0.420846	0.658109	1.493299	0.677246	-0.484620	-1.091152	0.686260	0.437405	0.833848	0.681243	2.230186	1.634232	-0.463997	-1.073435	0.770678	0.476668	1.029020	0.968615	-2.256066	-1.312421	1.446932	0.390967	0.100033	-1.593829	1.122558	0.923431	0.732605	0.339317	-0.610144	0.330757	-0.468636	-0.613867	-0.912822	-0.639818	1.018274	0.472517	1.165295	0.443298	0.038906	-0.321694	-1.286192	1.224733
-0.241899	0.092529	-0.069352	-0.181282	-1.505956	-0.679451	-0.554732	-0.515470	-0.402557	-0.635580	-0.303889	-0.364169	-1.524195	-1.200198	-0.067978	0.248237	-0.260977	1.007484	0.099641	-0.650598	0.273448	-0.328082	0.108515	0.055190	-0.229076	-0.212184	0.822499	0.412732	1.190657	0.269906	0.653103	1.085570	-0.923522	-0.763932	0.374168	0.583467	-0.033242	0.978101	-1.044107	0.302363	-0.330814	-0.613467	0.091488	0.054229	1.372902	0.919360	0.243933	0.169154	-1.185064	-0.845756	-1.437523	-0.875262	0.950513	-0.335633	0.385871	-0.020909	0.156535	0.657258	-0.113696	-0.157619	-0.316549	-0.058737	-0.318007	-0.199362	0.068490	-0.123926	0.575479	0.477983	0.014873	-0.294384	0.329144	0.015243	0.441149	0.642559	0.108555	0.875501	0.332132	0.868159	1.779976	0.836350	-0.605280	-0.365697	0.353936	0.221749	0.883698	0.674578	-0.752895	-0.528731	0.629412	-0.211246	0.040914	-0.626755	-0.178097	0.124655	-0.256768	-0.611503	-0.144490	1.023161	-0.259722	-0.699279	-0.191520	0.053771	1.159341	0.393949	1.436989	0.234066	-0.711673	-0.559947	0.751577	1.995278
0.395363	0.410112	-0.650584	-0.300255	-1.171295	0.202398	-0.648280	-0.256759	-1.264348	-0.650695	-0.276648	-0.558479	-1.100495	-0.832215	0.567866	-0.070463	-0.104770	0.897739	0.161005	0.793644	-0.291993	-0.050483	-0.340150	-0.344895	-1.141976	-0.428810	0.799428	0.871641	0.130830	-0.268693	-0.496968	-0.786446	-0.444007	-0.037279	0.172251	1.251462	-0.294151	-0.279772	-0.835202	0.585732	-0.750225	-0.121531	-0.430363	-0.468218	-0.094290	-0.446109	-0.605654	-0.428187	-1.196462	-1.314000	-1.103709	-1.243368	0.726990	-0.277002	-0.046695	0.518637	-1.176581	-0.041142	0.392642	-0.078997	-0.338357	-0.381078	0.005330	-0.392686	0.003127	-0.744091	-0.885641	0.294014	-0.612663	-1.037684	-0.649249	-0.372789	1.408535	1.624420	-0.249353	0.259701	-0.440089	-0.026855	0.441856	-0.421761	-0.626118	0.835933	-0.106259	-0.086891	0.061875	-0.216304	0.970940	0.706019	-0.439742	-0.416660	-0.171194	0.511362	-1.001482	-0.410065	-0.845533	-1.015191	-0.484733	0.054813	-0.075484	-0.033859	0.191664	0.398738	0.693635	-0.306995	0.077520	-0.238890	-0.512200	-0.502937	1.651966	0.928895
0.034904	0.265556	-0.366857	0.069361	-0.715559	0.700629	-0.855357	-0.009606	-1.641116	0.300500	-0.026507	0.226621	0.442826	0.385008	0.339853	-0.520832	-0.334847	0.543556	-0.938490	0.920793	-1.447973	-0.102449	-1.134550	-0.963929	-1.155979	-0.133585	-0.086395	0.901640	-1.042144	-0.261450	-1.359135	-1.880721	0.412278	0.880874	-0.004847	0.658561	0.222109	-0.628973	-0.593287	0.921010	-1.473549	-0.170868	-0.770673	-1.012291	-1.390833	-1.597939	-0.475655	-0.537080	-1.243606	-1.106488	0.228947	-0.947553	-0.251452	0.255842	-0.610169	0.581892	-1.015126	-0.194364	0.249342	-0.026725	-0.600107	-0.738630	0.356295	-0.264659	-0.808738	-0.690644	-1.618113	-0.039265	-0.707232	-0.981871	-0.544042	-0.212557	1.467633	1.214419	-0.283109	-0.285039	-0.646877	-1.055392	-0.943786	-1.240531	-0.263417	1.611965	-0.097525	0.118223	-0.546622	-0.577727	1.371868	0.922955	-0.607273	0.309669	-0.158180	0.720652	-0.584135	-0.241419	-0.823248	-0.919360	-0.858692	-1.471991	0.016957	1.147738	0.145054	0.231555	-0.301199	-0.276418	-1.523703	-0.381310	0.179221	-0.495805	0.655239	-1.057505
-0.641537	-0.476039	0.676041	0.425186	-0.291168	0.225466	-0.766499	-0.169581	-0.800920	1.407295	0.591437	1.417176	1.724840	1.206417	-0.228445	-0.291962	-0.562391	0.476472	-2.050190	-0.268549	-1.883641	-0.427680	-1.345638	-1.418085	-0.140632	0.325710	-1.126793	0.429052	-1.201426	0.229429	-1.242002	-1.298485	0.892472	1.263851	-0.233199	-1.066442	0.829489	0.027682	-0.440631	0.926018	-1.632087	-0.936322	-0.954678	-1.532762	-1.741101	-1.757469	0.216163	-0.447717	-1.143543	-0.571185	1.294842	-0.345874	-1.562189	0.666883	-0.507919	-0.006097	0.670457	0.367979	-0.502968	-0.506668	-1.047178	-1.224588	0.120798	-0.282267	-1.580903	0.030965	-0.988069	-0.422158	-0.281298	-0.453314	0.209312	0.079222	0.568686	0.109992	-0.327577	-0.027988	-0.227383	-1.447568	-1.516086	-1.107668	0.462989	1.606938	0.329003	0.762801	-0.332426	0.198537	0.251287	-0.000404	0.087234	1.144693	0.188036	-0.074867	0.417972	0.362204	-0.828177	-1.014158	-0.508111	-1.818207	0.075950	1.911609	-0.149847	-0.210565	-1.451173	0.728346	-1.755035	0.153412	0.510483	-0.884439	-1.144339	-2.166010
-0.761030	-1.313920	1.502560	0.437523	0.002255	-0.934500	-0.421254	-0.869923	0.717982	1.417880	1.245839	1.796371	1.668159	0.750920	-0.234701	0.436071	-0.343151	0.807388	-1.854468	-1.468673	-1.076446	-0.799936	-0.697380	-1.444777	0.795112	0.113601	-1.335354	-0.186625	-0.404840	0.597137	-0.548551	0.004766	0.596152	0.745256	-0.610863	-2.427870	0.709068	0.753391	-0.461320	0.331030	-1.038119	-1.876880	-1.308596	-1.967216	-1.245004	-1.023395	0.396946	-0.525042	-0.849458	-0.247876	1.082664	0.166854	-2.270359	0.543943	0.235684	-0.748463	2.120769	1.026800	-1.255705	-1.432502	-1.544032	-1.843374	-0.527360	-0.557650	-1.295080	0.928013	0.102190	-0.694504	0.074215	-0.266649	0.444537	0.029198	-0.285071	-0.411631	-0.545776	0.383140	0.176276	-1.244183	-1.193155	-0.437508	1.389688	1.253829	0.647837	1.175437	0.424340	1.359732	-1.047240	-0.631388	0.669688	1.133716	0.621524	-0.918489	0.785654	0.650452	-1.205493	-1.437113	0.437418	-0.345235	0.223752	1.375596	-0.348769	-0.417902	-1.988402	1.552993	-0.525315	0.943713	0.321841	-1.289462	-1.985778	-1.690106
-0.038831	-1.437468	1.432288	0.309633	0.392157	-1.631105	-0.021954	-1.489590	1.795720	0.253424	1.546216	0.874215	0.593547	-0.479576	0.501510	0.978282	0.157613	1.151832	-0.284863	-1.348541	0.388033	-0.853667	0.340926	-0.879497	0.776713	-0.783943	-0.455016	-0.292059	0.510979	0.662645	-0.052709	0.662152	-0.205943	-0.145024	-0.875033	-2.226294	0.015491	0.735019	-0.366845	-0.589422	-0.146585	-1.949224	-1.631473	-1.904021	-0.552130	-0.188330	-0.334716	-0.779168	-0.424238	-0.182359	0.023160	0.273630	-1.495829	0.217448	0.989652	-0.718167	1.786584	1.161824	-1.204900	-1.809703	-1.605549	-2.004372	-0.963440	-0.792928	0.254320	1.476059	0.566321	-0.743969	0.126358	-0.672091	-0.317859	-0.332736	-0.242702	0.161982	-0.602840	0.098068	0.198819	-0.882361	-0.664905	-0.152858	2.237839	0.975027	0.461066	0.854774	0.901891	1.511758	-1.064626	0.100781	0.565396	0.507787	0.775489	-0.968561	0.194804	0.192133	-1.403076	-1.483509	1.311516	1.759293	0.426169	-0.314123	-0.060532	-0.081347	-1.250935	1.361565	0.770046	1.070110	0.010946	-0.871828	-1.233425	-0.565104
1.155931	-0.551591	0.717021	0.331239	1.187093	-0.903615	0.523277	-1.100957	1.840623	-0.760146	1.439823	-0.532735	-0.393804	-1.261127	1.242809	1.125548	0.379496	1.108158	1.322599	0.032891	1.638491	-0.227073	1.193671	0.186506	0.199249	-1.264579	0.689142	0.425344	1.058565	0.797600	0.143974	0.533057	-0.925339	-0.498446	-0.567752	-0.913754	-0.291138	0.114630	0.294176	-1.181950	0.647332	-0.573635	-1.184537	-0.889292	-0.191808	-0.003778	-1.335692	-1.034674	0.237264	0.055550	-0.652741	-0.130645	0.642902	0.299911	1.352649	0.441397	0.056786	0.789389	-0.126048	-0.774750	-0.708333	-0.960219	-1.037052	-0.865685	2.087315	1.367398	0.433897	-0.530386	0.280800	-0.995724	-1.419770	-0.738968	0.413058	1.143425	-0.129480	-0.518466	0.218621	-0.574785	-0.579958	-0.708062	2.566296	0.592750	-0.135711	-0.039961	0.532641	0.132297	0.253065	1.395401	0.110988	0.144112	0.404936	-0.451539	-0.635499	-0.714259	-0.838237	-0.754276	1.744581	2.677726	0.470153	-1.886228	0.786042	0.532016	0.514956	0.724266	0.969438	0.182849	-0.253654	0.520433	0.180560	0.005029
2.178551	0.649273	-0.004391	0.371092	2.220621	0.887831	1.385651	0.401426	1.114916	-0.551025	1.118952	-1.212400	-0.676298	-1.084781	1.172464	1.106783	0.143908	0.680688	1.586819	1.274159	2.204847	0.992723	1.568830	1.179112	0.048871	-0.486044	1.012777	1.410789	1.281727	1.060531	0.550157	0.524604	-1.136552	-0.056767	0.343372	0.022312	0.300747	-0.440775	1.468065	-1.124656	1.262956	1.472638	0.230239	0.752887	-0.202550	-0.526836	-1.823575	-1.295401	1.211273	0.754596	-0.495110	-0.792432	2.618423	0.735697	1.393152	1.761440	-1.373831	0.248444	1.164505	1.082927	0.914431	1.008971	-1.206939	-1.090126	2.719988	0.512169	0.420085	-0.099881	0.824795	-0.490366	-1.930557	-1.169598	0.722579	1.476527	0.649232	-0.439886	0.659674	-0.240291	-0.889815	-1.609576	2.019700	-0.253329	-0.704622	-0.946108	-0.522625	-1.810837	1.585259	1.535846	-0.180084	0.200335	-0.395736	-0.253432	-1.040910	-1.425667	0.075744	0.030505	1.753010	1.857150	0.260219	-2.016375	1.595906	0.821730	1.994460	0.536371	0.432002	-0.873101	-0.507595	1.814771	0.923987	-0.065732
2.522117	1.064129	-0.374867	0.186890	2.838239	2.248922	2.284884	1.938841	0.285728	0.409663	0.767336	-0.806019	-0.370843	-0.472692	0.296491	0.872102	-0.078363	0.229760	0.536467	1.252749	1.997329	2.062106	1.435412	1.399731	0.599373	0.933946	0.334276	1.674363	1.157200	0.962165	1.345302	1.170866	-0.727599	0.595417	1.279389	-0.184449	1.153404	-0.672686	2.434661	-0.752759	1.658996	2.561946	1.679229	1.871282	-0.256336	-1.077849	-1.699481	-1.609906	2.076333	1.610709	-0.188029	-1.185206	2.666044	0.769931	1.252433	1.738700	-1.459076	-0.345109	1.518687	2.067104	2.187362	2.455030	-1.690040	-1.645117	1.486269	-0.763621	0.745421	0.371787	1.367661	0.657022	-1.564472	-1.664876	0.262981	0.792690	1.088062	0.455559	1.264960	0.195938	-1.071132	-1.941637	0.817904	-1.316454	-0.785391	-1.338544	-1.493107	-2.742222	1.731501	0.134626	-0.223390	0.163647	-1.087423	-0.641767	-1.067841	-1.545420	0.318315	-0.098547	1.309464	0.465289	0.082384	-0.570723	1.552029	0.556019	1.864774	0.661670	0.357985	-0.864028	-0.395113	1.777213	0.587970	-0.014999
2.124774	0.354590	-0.276055	0.064792	2.610209	2.074499	2.600598	2.290352	-0.083542	0.963059	0.586741	0.038416	0.360217	0.045783	-0.513951	0.134653	0.252645	0.153406	-0.428650	0.425138	1.167316	2.181157	1.026129	0.807678	1.221381	1.640040	-0.485277	0.903893	0.559717	0.367375	1.993772	1.946538	0.171900	0.903203	1.689550	-0.865858	1.309436	-0.829365	2.528532	-0.517984	1.723804	1.902557	2.079383	1.661705	-0.077213	-0.928194	-1.285405	-1.672962	2.125103	1.955939	-0.268342	-0.885600	0.751895	0.085071	0.964462	0.145629	-0.573630	-0.917255	0.816234	1.352433	2.259758	2.300729	-1.931354	-2.015867	-0.624914	-1.535524	1.020761	0.625383	1.372667	1.460578	-0.679837	-1.822397	-0.417387	-0.371862	0.941749	1.229980	1.450425	0.648859	-0.841086	-1.305503	-0.180754	-1.733692	-0.161121	-0.899915	-1.565277	-1.904103	0.825763	-1.232078	-0.070167	0.046514	-1.025100	-0.797239	-0.929428	-1.081018	-0.375015	-0.983389	0.432331	-0.065528	0.382079	1.241076	0.628471	0.179356	0.241495	0.443201	1.098979	0.389204	0.528980	0.531539	-0.163231	0.476123
1.369588	-0.631379	0.341364	0.579468	1.805742	0.787418	2.055275	1.339169	0.182246	0.862490	0.816915	0.559496	1.476295	0.590072	-0.391171	-0.808660	1.054838	0.601242	-0.125882	0.104387	0.163207	1.371123	0.763317	0.142222	1.291286	1.199909	-0.654126	-0.135070	-0.176395	-0.030152	1.902187	1.999759	1.169110	0.972701	1.630862	-0.941795	0.744466	-0.949154	1.799888	-0.357560	1.434570	0.407839	1.468022	0.621534	0.240873	-0.127444	-0.688488	-1.030728	1.230070	1.449757	-0.232913	0.003260	-1.107689	-0.499096	0.645436	-1.434799	0.390118	-1.013492	0.187374	0.076908	1.389572	1.095998	-1.272293	-1.461024	-1.697671	-0.889981	1.042136	0.482981	0.897293	1.199004	0.223543	-1.077138	-0.543595	-1.166858	0.654662	1.203905	1.085132	0.920515	-0.439559	-0.201890	-0.217702	-0.964515	0.868124	0.288354	-0.568184	0.009800	-0.034711	-0.860992	0.386091	0.497390	-0.158697	0.092748	-0.411836	-0.289912	-1.041078	-1.445205	-0.363470	0.369932	1.128321	1.964760	-0.244012	0.259246	-1.254104	0.028677	1.645474	1.667231	1.748796	-0.499339	-0.502483	0.795672
0.666303	-0.743602	1.166512	1.593724	0.928864	-0.249375	0.983591	0.082592	0.719162	0.779010	1.350920	0.618793	2.434758	1.275253	0.598607	-0.986210	1.631903	1.289457	0.986648	0.636810	-0.442017	0.507143	0.819155	0.074279	0.802903	0.424399	-0.394444	-0.503406	-0.341814	0.386261	1.110522	1.173460	1.602674	1.099691	1.412766	-0.210047	0.280372	-0.621046	0.748636	0.103250	0.856731	-0.397429	0.736203	-0.081336	0.363810	0.498122	0.095087	0.151300	0.153427	0.527803	0.513755	0.796272	-1.021153	0.001807	0.476790	-1.315075	0.949946	-0.189450	0.538477	-0.085395	0.431178	0.191690	0.044493	-0.071103	-0.785247	0.945025	0.982156	-0.044567	0.382725	0.076954	0.749145	0.337373	0.029633	-1.079483	0.667699	0.683427	0.516031	0.784882	-0.195532	0.483738	0.515525	0.425585	1.465559	1.491478	0.763941	1.517469	-0.102926	1.033645	1.013918	1.531970	0.736363	1.546466	0.648105	0.410595	-0.625701	-0.773718	-0.343370	0.662089	1.558205	1.173587	-0.324603	0.732669	-1.230012	0.217109	0.946642	1.620818	1.891885	-0.294092	-0.258705	0.301958
0.071581	0.264761	1.426344	2.030636	0.077974	-0.238920	-0.085690	-0.441927	0.816195	0.991256	1.494156	0.561895	2.210066	1.540956	1.445123	0.058837	1.369792	1.596525	1.308949	0.979394	-0.426912	0.353275	0.816675	0.483222	0.103905	0.108848	-0.409057	-0.132362	0.227029	1.196067	0.157397	0.121369	0.958777	1.087272	0.934684	0.589726	0.310800	0.294788	-0.290759	0.836710	0.043878	-0.045708	0.316636	-0.004247	0.194915	0.326785	0.682362	0.944714	-0.253932	0.045414	1.346255	0.788258	0.597156	1.271012	0.431633	0.379037	1.004102	1.147114	1.273986	0.918185	-0.226953	0.031439	0.943113	1.043979	1.014588	2.455468	0.789138	-0.781992	-0.014889	-1.084904	0.659999	1.235500	0.821837	-0.200559	0.762089	0.270245	0.049193	0.179155	-0.042797	0.334866	1.000153	1.205463	0.920821	1.692309	1.364748	1.680348	0.333389	2.516484	1.208000	2.081435	0.827378	2.123348	1.596724	0.584323	0.693973	0.386754	0.503576	0.032421	0.923551	-0.272223	0.001320	0.924500	-0.077816	1.098249	-0.606903	0.254890	0.439556	0.594124	0.147566	-0.649489
-0.516998	1.507920	0.611659	1.038789	-0.817191	0.422323	-0.778476	-0.037390	0.137797	0.922460	0.654229	0.639082	0.518957	0.792217	1.182624	1.344424	0.386540	1.105771	0.121320	0.241306	-0.097060	0.709443	0.321393	0.750908	-0.483283	0.141568	-0.671120	0.273753	0.766664	1.394893	-0.467413	-0.403155	-0.490131	0.495697	-0.080732	0.712145	0.267295	1.155282	-1.106273	1.269002	-0.796761	0.625981	-0.140668	0.262577	0.088967	-0.267878	0.545277	0.660118	0.044882	0.332195	0.965373	-0.000418	1.602008	1.839762	0.273056	1.918099	0.544349	1.823198	1.045744	1.488339	-0.724738	-0.048361	0.671022	0.897623	1.672080	2.255394	0.097202	-1.418832	-0.383108	-1.524796	0.093774	0.748866	1.306128	0.835529	0.419803	0.058998	-0.196215	-0.565435	0.323721	-0.273440	0.501454	0.764710	-0.460378	0.644024	0.840234	0.855116	0.448085	2.010811	0.571928	1.302323	0.176132	1.093330	1.403989	0.161877	1.666809	0.815740	1.239501	-0.942992	-0.477862	-1.137747	-0.161214	0.341943	0.623491	1.690288	-1.461269	-1.080698	-1.239542	0.823126	0.316165	-0.974742
-0.917052	1.820861	-0.774906	-0.874111	-1.340499	0.835042	-0.785122	0.674784	-0.664857	0.124237	-0.659487	0.738603	-1.426096	-0.549636	-0.112913	1.342312	-0.555427	0.117892	-1.335487	-1.036728	0.104778	0.687410	-0.411352	0.533730	-0.638636	0.071144	-0.453796	0.159253	0.492137	0.611029	-0.540120	-0.202134	-1.718852	-0.595737	-1.236266	0.144787	-0.378806	1.200460	-1.229308	0.944299	-1.135656	0.649036	-0.760413	0.104665	0.396037	-0.382765	-0.170358	-0.238525	0.386803	0.700791	-0.786233	-0.809507	0.697050	0.827451	-0.120224	1.844725	-0.254167	1.089685	-0.432372	0.448711	-0.986841	-0.527260	-0.353944	-0.231329	0.386783	0.516102	-1.012436	-1.561607	-0.556246	-1.005181	-0.382111	-0.503431	1.260325	1.200126	-0.336297	-0.178436	-0.136589	-0.864053	0.883668	-0.657032	-0.606352	-0.244589	-1.456634	-0.685948	-0.163927	0.122653	-0.194105	-0.166429	-0.414028	-0.273408	-0.379461	-0.665223	-0.011411	-0.363172	1.374099	0.071291	1.013323	-1.070340	-1.451091	-0.949220	-0.928969	-0.678504	0.037113	1.143855	-0.715962	-1.204630	-1.355256	-0.154839	0.225474	-0.201955
-0.772610	0.761709	-1.622392	-2.271757	-0.836282	0.501013	0.092259	0.855116	-0.430550	-0.899880	-1.101046	0.593716	-2.076134	-1.313958	-1.345450	-0.152137	-0.824079	-0.599287	-1.287322	-1.621716	0.014976	-0.194345	-0.605855	0.003448	-0.100706	-0.052361	0.361566	-0.357372	-0.370606	-0.528720	-0.063798	0.338609	-1.909710	-1.522632	-1.484793	-0.432329	-1.164385	0.533822	-0.287506	0.089056	-0.521465	-0.084735	-0.909906	-0.311554	0.857735	0.307429	-0.598203	-0.646640	0.237513	0.191143	-2.496397	-1.004137	-1.202226	-0.977135	-0.603426	0.227598	-0.978792	-0.537656	-1.942742	-1.500022	-0.603218	-1.015601	-0.999321	-1.081081	-1.621999	-1.287461	-1.734229	-0.986024	-0.283301	0.024664	-0.287847	-1.004126	0.743432	0.525377	-0.855926	-0.382809	0.121611	-0.428556	1.169051	-0.485261	-1.289468	-0.672730	-1.224823	-1.132327	-0.703172	0.050773	-1.166795	-2.273280	-0.933162	-1.425699	-0.307107	-1.623095	-1.465104	-0.421077	0.174883	-1.095565	0.070237	-0.063256	-1.293733	-0.265775	-1.470704	-1.200647	-1.124009	-0.222666	0.730156	-0.367533	0.006864	-1.632560	0.098657	0.802594
-0.160059	-1.062652	-1.414702	-2.297609	0.530470	-0.450154	1.482355	0.073882	1.139764	-1.238106	-0.097580	0.086706	-1.309505	-0.957456	-1.428381	-1.587436	-0.576910	-0.634847	0.264071	-1.170492	-0.271807	-1.401936	-0.012615	-0.530584	0.901775	0.079192	0.818905	-0.781582	-0.841382	-1.133006	0.630394	0.695864	-1.249361	-1.761888	-0.364574	-0.237598	-1.227404	-0.021449	1.157109	-0.642737	0.732732	-0.949928	-0.124609	-0.420896	0.769923	1.276446	-0.179037	-0.165262	-0.371515	-1.184372	-2.826596	-0.707419	-2.232364	-2.091269	-0.953561	-1.736691	-1.302087	-1.824368	-2.191590	-2.644899	0.432873	-0.995217	-0.586176	-0.767977	-2.494257	-1.917888	-1.457796	0.053376	0.125516	0.721131	0.197467	-0.067792	0.007120	-0.612647	-0.664946	-0.208760	0.129286	0.397582	0.830802	0.099684	-0.992602	-0.120533	-0.276424	-0.648237	-0.534136	0.224118	-1.513271	-2.821241	-0.924519	-1.692952	-0.007556	-1.186738	-1.793648	-0.058246	-0.822912	-1.476617	-0.594695	1.086886	-0.616076	0.070550	-1.095954	-0.614037	-1.639703	-1.360616	1.209131	0.186692	0.898131	-2.503902	0.120147	0.797143
0.292822	-2.491964	-0.731534	-1.450726	1.544973	-1.534757	2.355992	-1.340572	2.795296	-0.691634	1.218190	-0.663564	-0.413117	-0.169990	-0.307009	-1.430738	-0.535762	-0.312959	1.362163	-0.462991	-0.596757	-1.999724	0.600597	-0.949575	1.529667	0.260597	0.213663	-0.787499	-0.422893	-0.841652	0.886917	0.604515	-0.544198	-1.425158	1.144469	0.854353	-0.546252	-0.017024	1.759897	-0.860833	1.592196	-1.325348	0.930658	-0.121784	-0.137553	1.899653	0.631988	0.500308	-1.096214	-2.314473	-1.947027	-0.352130	-1.628751	-2.024538	-1.044735	-2.858280	-1.227724	-2.019353	-1.181150	-2.171759	1.381418	-0.601605	0.536119	0.369860	-1.616202	-1.406286	-0.621559	0.914340	-0.029120	0.610849	0.469434	1.411645	-0.643650	-1.123768	-0.087784	0.384410	-0.409305	0.931122	0.130868	0.813486	-0.125592	0.737634	0.185064	-0.208850	-0.208015	0.011807	-0.686056	-1.781733	-1.073634	-1.612234	-0.193322	-0.153181	-1.052205	0.144420	-1.014039	-0.491488	-0.446615	1.315994	-0.415318	-0.163566	-0.089357	0.639510	-1.104984	-1.627883	0.276716	-0.246051	-0.024064	-2.199136	0.274386	-0.261688
0.122253	-2.707741	-0.457541	-0.826398	1.216348	-2.234842	1.884425	-2.467119	2.837712	-0.000524	1.194679	-1.385139	-0.317476	0.085108	1.016080	-0.002946	-1.063299	-0.199161	0.472782	-0.209324	-0.733694	-1.702942	0.332608	-1.237288	1.074555	-0.110163	-0.750012	-0.428097	0.259486	0.017057	0.270827	0.090411	-0.213175	-0.955864	1.499846	1.937998	-0.000341	0.101579	0.811680	-0.733486	1.303800	-1.080559	1.064625	0.068379	-1.225711	2.033237	0.987543	0.569103	-1.575324	-2.269344	-0.975387	0.055629	-0.227679	-1.485890	-0.847700	-2.690522	-0.916163	-1.339345	0.021719	-0.854366	1.451807	-0.323473	1.479153	1.282213	-0.015286	-0.676911	-0.187589	1.144871	-0.799765	0.102586	0.318284	2.032217	-1.099110	-0.553915	0.084690	0.868102	-1.043278	0.712767	-0.316749	1.418032	0.489990	0.962333	-0.225110	-0.472178	-0.257916	-0.529206	0.704732	-0.385637	-1.636079	-1.716327	-0.883433	0.255368	-0.135229	-0.081731	-0.785919	1.239533	0.090949	0.642479	-0.733091	-0.454551	0.680604	1.358161	-0.128040	-1.191671	-0.834491	-1.073966	-1.781364	-0.930108	0.333478	-1.065657
-0.378165	-1.827329	-0.754692	-0.868745	-0.027227	-2.274916	0.384861	-2.517651	0.965889	0.052320	-0.375550	-1.759365	-0.550425	-0.264114	1.454131	0.972555	-1.643149	-0.444357	-1.547711	-0.247793	-0.388268	-1.065006	-0.665485	-1.273953	-0.181440	-1.079724	-0.854042	0.030121	0.230152	0.803559	-0.810506	-0.682984	0.001701	-0.589147	0.312940	1.751156	-0.228291	-0.285661	-0.833913	-0.667295	0.222055	-0.541195	0.043002	-0.292554	-1.565000	1.778921	0.692929	0.193689	-1.446491	-1.349994	-0.502894	0.731713	0.718399	-1.090108	-0.451977	-1.607064	-0.484350	-0.464292	0.504564	0.000782	0.629887	-0.307968	1.680382	1.331010	0.869542	-0.500829	-0.419628	0.962990	-1.278169	-0.000619	0.191196	1.390304	-1.477633	0.383100	-0.537732	0.684067	-0.994458	-0.176762	-0.198813	1.652378	0.410842	0.252173	-0.657435	-0.987790	-0.586323	-0.807813	1.308448	0.166067	-1.859121	-1.832112	-1.327561	-0.351324	0.390345	-0.243286	-0.759593	2.353137	0.340683	-0.159233	-0.813357	-0.263083	0.724842	0.740717	0.413475	-0.521618	-0.833837	-1.231520	-2.313276	0.565928	0.032404	-0.528724
-0.524902	-0.697371	-1.044902	-1.103602	-0.855509	-1.803944	-0.914770	-1.574647	-1.318266	-0.496140	-1.994361	-1.589636	-0.247590	-0.536392	0.829863	0.495690	-1.493351	-0.739760	-2.428327	-0.072668	0.490789	-0.683200	-1.272603	-0.918490	-1.157489	-1.830506	-0.039264	0.349023	-0.610106	1.110752	-1.379283	-1.462902	0.372187	-0.288459	-1.220762	0.064628	-0.885111	-1.089685	-1.679458	-0.862219	-0.594334	-0.147841	-1.044667	-0.951456	-0.965585	1.108775	0.239770	0.112511	-0.501965	-0.555942	-0.215832	1.325594	0.798660	-0.594610	-0.115989	-0.433175	-0.126975	0.101353	0.242470	-0.060006	-0.356288	-0.317977	1.246629	0.781340	0.545874	-0.918491	-0.630243	1.000917	-0.708718	0.516370	0.484365	0.302128	-1.780375	0.683365	-1.511255	-0.083352	-0.256207	-1.191769	0.219704	1.281964	-0.197207	-0.962843	-0.218237	-0.900768	-0.757271	-0.602678	0.449122	-0.182307	-1.003961	-1.502798	-0.942964	-1.226490	0.607357	0.240368	-0.884305	1.962372	0.175884	-0.690109	-0.390427	0.263472	0.315991	-0.756438	0.183271	0.106573	0.066636	-0.481842	-0.998669	1.487969	-0.603394	0.854299
-0.059895	-0.077474	-0.890419	-0.994022	-0.589202	-1.235965	-1.102723	-0.503276	-2.303528	-0.988474	-2.216865	-1.034775	0.413607	-0.364606	-0.084621	-0.638246	-0.584765	-0.756980	-1.151356	0.333594	1.403106	-0.543339	-0.686478	-0.276500	-1.122834	-1.634091	0.606007	0.388097	-1.341022	1.058145	-0.945339	-1.895732	0.639599	-0.055014	-1.719461	-1.817207	-1.188275	-1.671976	-1.235836	-1.204261	-0.524713	-0.083329	-1.028458	-1.177272	-0.204189	0.012623	-0.025957	0.522238	0.912689	-0.260612	0.243029	0.997256	0.516737	0.324216	-0.108895	0.145758	-0.204521	0.168582	-0.119539	-0.356563	-0.719047	-0.152488	0.629631	0.306121	-0.321611	-1.447193	-0.199735	1.457736	0.442395	1.045325	0.860962	-0.273845	-1.692943	0.276925	-1.992015	-0.822376	0.209026	-1.719503	0.385628	0.359524	-0.895351	-2.066011	0.793381	-0.137762	-0.652329	-0.405388	-1.041938	-0.521257	0.383338	-0.772028	-0.075974	-1.386562	0.688049	1.075956	-0.650150	0.486707	-0.065627	-1.205866	-0.127254	0.410876	0.024108	-1.836766	-0.356337	0.589984	0.568678	0.294056	0.686603	1.480922	-1.134480	1.558764
0.608540	0.013412	-0.549565	-0.673476	0.160708	-0.787698	-0.372585	-0.004923	-1.765446	-1.031118	-1.199838	-0.577803	0.476592	-0.128578	-0.428954	-1.001510	0.305205	-0.445277	0.984294	0.564023	1.611971	-0.257058	0.674811	0.317328	-0.441989	-0.799577	0.379879	0.083404	-1.112132	1.054389	-0.017510	-1.666813	0.376548	-0.003312	-1.051130	-2.304973	-0.936106	-1.699830	-0.358464	-1.436176	0.088716	-0.112806	0.084889	-0.526356	-0.112679	-1.134939	-0.250208	0.798949	1.934473	0.122612	0.654705	-0.430277	0.447153	1.192464	-0.423281	0.077177	-0.877286	-0.220154	0.077814	0.042662	-0.177873	0.205148	0.204791	0.255060	-0.765795	-1.584287	0.527199	1.648370	0.985038	0.898474	0.632420	-0.165586	-0.971695	-0.003498	-1.558762	-1.093060	-0.353219	-1.564065	-0.007824	-0.636426	-1.377669	-2.650194	1.171630	0.457074	-0.563996	-0.699757	-1.661045	-0.139780	0.852207	-0.207941	0.385089	-0.688045	0.641148	1.242737	0.013362	-0.766950	-0.141663	-1.824555	-0.617136	-0.223280	0.086941	-1.633021	-0.441369	0.852920	-0.037148	0.080746	1.004089	0.858303	-1.084297	0.791485
0.898926	0.164080	-0.486719	-0.568948	0.380249	-0.270929	0.393511	0.088032	-0.806307	-0.822127	-0.218279	-0.525344	-0.263535	-0.213440	-0.022839	-0.219301	0.612545	0.039584	2.003002	0.483517	0.970527	0.328136	1.688192	0.669568	-0.027419	-0.261227	-0.275154	-0.445558	-0.086607	1.271877	0.603045	-0.777908	-0.290844	-0.066768	-0.118674	-1.146451	-0.682942	-1.419040	-0.051120	-1.310567	0.504139	0.170726	1.289196	0.699745	-0.555754	-1.650771	-0.525799	0.436596	1.959444	1.104396	0.687335	-1.809894	0.617245	1.262587	-0.733101	-0.079110	-1.642173	-0.706133	0.947755	1.286441	0.893911	0.708116	0.159863	0.486028	-0.420316	-1.109947	0.676862	0.699863	0.443611	0.047404	-0.230005	0.189985	0.094276	0.391536	-0.558887	-0.897926	-1.422115	-1.025198	-0.664305	-1.051248	-1.540661	-2.460173	0.272010	0.220338	-0.659133	-1.124352	-0.782755	0.769693	-0.173361	-0.126196	0.088240	0.213892	0.610881	0.243135	0.631268	-0.791281	-0.032954	-2.031422	-1.423952	-1.128838	0.303438	-0.450920	0.165983	0.918093	-1.098181	-1.068499	-0.080137	0.295174	-0.449051	-0.653280
0.629476	0.824058	-0.588825	-0.555991	-0.148649	0.524948	0.584276	0.397918	-0.303606	-0.597928	-0.015129	-0.575658	-0.731786	-0.265426	0.684501	0.868247	0.662715	0.493167	1.432085	0.496266	0.215415	1.007073	1.706761	0.905186	-0.230930	-0.347064	-0.628917	-0.817721	0.804818	1.428856	0.715458	0.299687	-0.674117	0.121093	0.403979	0.495018	-0.890404	-1.079193	-0.372899	-0.683775	0.409221	0.857618	1.738792	1.712275	-0.609186	-1.158192	-0.536070	-0.197533	1.294275	2.185597	0.582820	-1.695514	0.698577	0.647927	-0.690551	0.242886	-1.592628	-0.683875	1.922114	2.545047	1.710548	1.215550	0.486263	0.693453	0.327934	-0.140839	0.043857	-1.266265	-0.398411	-0.903584	-0.864155	0.452327	0.901079	1.028572	0.343715	-0.356222	-1.708030	-0.426687	-0.891463	-0.603733	-1.307263	-1.360417	-1.111464	-0.374624	-0.639538	-0.701918	0.839010	1.552979	-1.488089	-0.090298	-0.376918	0.897764	0.840141	-1.135720	0.972314	0.313942	0.313876	-1.317133	-1.477299	-1.410595	0.383490	0.715434	0.889481	0.926741	-1.495437	-1.934036	-1.061452	0.256912	0.322742	-1.355272
0.100475	1.767160	-0.306715	-0.056399	-0.715558	1.378772	0.296980	1.082338	-0.091376	-0.254645	-0.186513	-0.173363	0.065041	0.362650	1.152768	1.370906	1.032776	0.714947	0.493941	1.012215	0.098303	1.562737	0.996252	1.145676	-0.585070	-0.439038	-0.618057	-0.689999	0.854203	1.129197	0.613890	0.873902	-0.342144	0.797412	0.587547	1.427744	-1.243719	-0.552733	-0.654755	0.326654	0.062421	1.544880	1.423241	1.913747	0.206953	-0.081975	-0.078902	-0.379854	0.756038	2.370361	0.866626	-0.041165	0.512168	0.283126	-0.283729	0.984615	-0.448413	0.086160	2.200992	2.800090	1.633690	1.411568	0.894602	0.691815	0.848150	0.921525	-0.602961	-2.969928	-0.469730	-1.303238	-0.517736	0.595119	1.189069	1.126440	0.829117	0.387319	-0.677907	0.226600	-0.315255	0.238036	-0.654248	0.315767	-1.565752	-0.238783	-0.160639	0.938679	1.978383	1.838507	-1.433841	0.494930	-0.271164	1.640127	1.157365	-1.637337	1.336832	1.509009	0.927163	-0.060778	-0.332924	-0.898988	0.204942	1.174997	0.948844	0.905162	-0.907913	-1.411435	-0.772216	0.666324	0.846983	-0.817939
-0.316955	2.334666	0.416097	0.925115	-0.665949	1.792518	-0.058223	1.644718	0.261135	0.185268	-0.140174	0.666034	1.549888	1.535071	1.068959	1.154671	1.518648	0.582561	0.339172	1.764193	0.354331	1.908661	0.135147	1.186316	-0.634959	0.020345	-0.613623	-0.204504	0.201993	0.364473	0.369224	0.625104	0.299693	1.596239	0.598866	1.480668	-1.116591	0.259498	-0.505222	1.252529	-0.252771	1.729520	0.779876	1.376310	1.247450	0.678550	0.433452	-0.002323	0.643566	1.470369	1.421344	1.560909	0.139265	0.672462	0.072923	1.512150	0.868536	0.967632	1.440049	1.812703	0.676653	1.033442	0.957776	0.482144	0.806059	1.548524	-0.586104	-3.164513	0.332854	-0.983042	0.473357	0.623297	1.195623	0.528445	1.032174	0.877059	0.795545	0.916567	0.644160	0.619753	0.114173	1.592403	-0.670570	0.851063	0.569538	2.771668	2.032429	1.633183	0.071380	1.385690	0.351995	2.584041	0.991707	-0.942918	1.855718	1.737447	1.424559	0.661731	1.219844	-0.411439	-0.202964	0.943220	0.224243	0.640675	0.021460	0.187633	0.378930	1.044369	1.090269	0.137471
-0.595380	2.121685	0.853671	1.448793	-0.245398	1.565035	-0.364457	1.591251	0.513234	0.194663	0.006741	1.225828	2.046918	2.231198	0.351631	0.552038	1.242918	0.180507	0.646236	1.875217	0.025455	1.857150	-0.644761	0.736561	-0.605916	0.643821	-0.658014	0.093874	-0.426397	-0.420978	-0.283397	-0.031348	0.502573	1.806988	0.194735	1.168123	-0.487258	1.009960	-0.248995	1.545996	-0.625651	1.294690	0.029772	0.666522	1.499068	0.631175	0.467366	0.397180	0.407841	0.369406	1.404031	1.588766	-0.317770	1.173243	-0.094905	1.325380	1.145053	1.023390	0.011376	0.297654	-0.564644	0.218720	0.560826	0.235613	0.325679	1.398497	-0.265642	-1.801925	1.077297	-0.324459	1.040941	0.458916	1.114920	-0.250365	1.119017	0.580178	1.434516	1.223440	1.144094	0.218281	0.435505	1.545738	0.517144	1.779932	0.951290	3.182597	1.237144	0.992861	1.422304	1.565006	0.752996	2.984543	0.192058	0.089739	2.002017	0.853635	1.096203	0.254487	1.911243	-0.718830	-0.687717	0.397644	-0.555160	-0.013130	0.547887	1.429290	1.145685	0.950607	1.109466	0.416869
-0.955174	1.329390	0.401685	0.750311	-0.201353	1.016787	-0.810435	0.981332	0.148980	-0.570540	-0.149557	0.971040	0.773911	1.721933	-0.804809	-0.202289	-0.159237	-0.238394	0.281336	0.799021	-1.121708	1.095289	-1.367956	-0.045682	-0.927294	0.648938	-0.427773	-0.090046	-0.471846	-0.776464	-1.295014	-0.341152	0.103516	1.199549	-0.753877	0.821437	0.100739	1.245991	-0.297738	1.110868	-1.202932	0.547306	-0.840525	0.210880	0.722627	0.047579	0.136077	0.409481	-0.486465	-0.138251	0.325219	0.253007	-0.780716	0.848115	-0.710797	0.615803	0.340967	0.203673	-1.306802	-0.784693	-1.469061	-0.541511	0.048369	0.146223	-0.178439	0.622441	-0.464289	0.050951	0.890285	0.136944	0.602810	0.106085	0.768964	-0.739514	0.983814	-0.267837	0.886104	0.721342	0.732247	-0.408110	0.098857	0.323466	0.679144	1.400183	0.730589	1.653810	0.190753	-0.017605	1.298876	0.497929	0.405858	1.967527	-0.567954	0.523494	1.202201	-0.302416	-0.268411	-0.667835	1.251138	-1.471223	-0.972833	-0.164689	-0.553281	-0.752495	0.538745	1.353478	1.000224	0.330718	0.804057	-0.131034
-1.359696	0.503539	-0.580002	-0.637715	-0.656139	0.634617	-1.346252	0.304310	-0.594855	-1.393698	-0.426282	0.272878	-1.133858	0.505554	-1.829636	-0.970441	-1.856624	-0.479798	-1.000318	-0.875527	-2.038163	-0.309742	-1.841654	-0.510246	-1.357828	0.080655	0.131007	-0.412776	0.014174	-0.638585	-1.979335	-0.021172	-0.354600	0.358489	-1.618672	0.415727	0.442156	0.997715	-0.415061	0.511936	-1.667729	-0.090738	-1.620562	-0.062847	-0.402552	-0.567304	-0.022491	0.120793	-1.592555	-0.271007	-1.157817	-0.879570	-0.998695	-0.244839	-1.003763	0.044498	-0.353815	-0.485711	-1.791651	-1.004025	-1.779038	-0.829096	-0.264401	0.154769	-0.302977	-0.170068	-1.153907	1.184930	-0.134349	0.197776	-0.411843	-0.338367	0.042032	-0.921871	0.442914	-0.548523	-0.161764	-0.287982	-0.288719	-0.600375	-0.391633	-0.866771	-0.330680	-0.049313	0.246446	-0.619714	-0.581772	-1.085671	0.146683	-1.051652	-0.478006	-0.073898	-0.594538	0.295661	-0.273194	-0.822172	-1.785945	-0.949795	-0.049883	-1.480921	-0.844353	-0.615818	0.206806	-0.960649	0.350690	0.415807	0.514869	-0.472287	0.182846	-0.627911
-1.322321	0.062234	-1.151436	-1.360362	-0.821435	0.649531	-1.459146	0.019929	-0.806548	-1.015466	-0.184675	-0.040653	-1.835395	-0.197841	-1.997652	-1.414691	-2.524857	-0.507209	-2.092571	-1.832564	-1.616674	-1.529250	-1.669487	-0.174673	-1.102180	-0.089775	0.562677	-0.327235	0.552338	-0.279824	-1.666296	0.470785	-0.329048	0.053260	-1.506899	0.002209	0.956600	0.710710	-0.001945	0.487964	-1.411105	-0.336582	-1.827608	-0.421532	-1.024943	-0.968247	0.127269	-0.198238	-1.783503	-0.678654	-1.824175	-0.705248	-0.665108	-1.084369	-0.250068	0.049899	-0.011802	-0.207418	-1.160538	-0.608202	-1.516320	-0.580869	-0.496622	-0.049043	0.050378	-0.379251	-1.315757	1.095521	-1.130414	0.120202	-1.156648	-0.811118	-0.665980	-0.955425	-0.371857	0.462679	-0.850173	-0.844647	-1.180627	-0.414114	-0.333473	-0.973524	-1.406658	-1.207989	-0.042798	-1.891601	-0.797617	-1.681978	-0.579238	-1.751791	-1.211465	-1.516698	-0.090464	0.019407	-1.422304	-0.646202	-2.153779	-0.206751	-0.826462	-0.093378	-0.418141	-0.850436	0.730249	-0.351287	0.302572	-0.231968	0.341969	-0.966680	-0.295071	-0.228528
-0.442124	0.077377	-0.800245	-0.715459	-0.035288	0.972804	-0.720008	0.259666	-0.085978	0.798677	0.754738	0.347088	-0.710246	0.255351	-1.041189	-1.114621	-1.564284	-0.324189	-1.849305	-1.342612	-0.160971	-1.542036	-0.803585	0.668894	0.144123	0.771030	0.438947	0.212182	0.681519	-0.062187	-0.513969	0.554429	0.268135	0.436970	-0.367345	-0.159172	1.869052	0.679821	0.965163	1.199815	-0.307123	-0.140389	-1.238605	-0.813618	-0.732964	-0.975155	0.273926	-0.317963	-0.633797	-1.299873	-1.134674	0.406849	0.072297	-0.976410	1.308259	0.484534	1.008329	0.704836	0.150516	-0.118619	-0.791220	-0.002657	-0.828611	-0.549232	0.575993	0.088640	-0.265343	0.236262	-1.322554	0.284076	-1.086469	-1.162061	-0.808312	-0.833604	-0.936493	1.942444	-0.759227	-0.281479	-1.295416	-0.275125	0.375370	-0.064449	-1.335616	-1.069450	0.062540	-1.433875	-0.493522	-1.461431	-0.138022	-1.021548	-1.155843	-1.210607	0.202707	0.184551	-1.518327	-0.401595	-1.039528	0.790633	-0.521092	1.989111	-0.099201	-0.713331	0.096351	0.613685	0.446275	-0.020263	0.408339	-0.856481	-0.070351	0.871094
0.912316	0.340108	0.191774	0.716124	1.218022	1.329517	0.562959	0.780493	0.897437	2.737362	1.789642	1.041256	1.151225	1.264356	0.449654	-0.097345	0.419484	0.047728	-0.467651	-0.040691	0.870952	-0.296837	0.206076	1.203387	1.657487	2.032729	-0.073896	0.709107	0.293730	-0.240369	0.648038	0.265067	1.186125	0.955917	0.904749	0.032946	2.587874	0.822485	1.711510	2.035733	0.947711	0.275122	-0.213652	-0.845307	0.333936	-0.309572	0.339671	-0.023785	0.852657	-1.359323	0.230797	1.312095	0.531130	-0.313299	2.519485	0.882355	1.738605	1.260830	1.146174	0.106846	0.142687	0.581345	-0.981588	-0.902267	0.828475	0.816413	1.336261	-0.401682	-0.639831	0.689757	-0.167816	-1.020162	-0.379563	-0.494017	-0.738164	2.271593	0.072048	1.041365	-0.436341	-0.150336	1.165540	1.040492	0.064103	0.109652	0.537001	0.033812	0.008134	-0.587226	0.926493	0.554642	-0.142355	0.200660	0.072370	0.735828	-0.732270	-0.442912	0.513329	1.103516	0.427719	3.386233	-0.167426	-0.150372	-1.368277	1.108082	0.687224	0.671692	0.337834	-0.324077	0.706120	1.630466
1.711800	0.480059	1.172568	1.816325	1.684968	1.318251	1.426251	1.057552	1.236765	3.278445	2.158447	1.507256	2.131088	1.535413	1.426314	0.930170	2.098087	0.409349	0.702707	0.694894	0.572630	0.951787	0.695117	0.897645	2.365837	2.438196	-0.336321	0.760901	-0.268396	-0.751712	1.196397	0.146956	1.901741	0.886978	1.487530	0.276489	2.315314	0.955996	1.482271	2.179528	1.421569	0.445244	0.602782	-0.358275	1.529591	0.875460	0.556666	0.638830	1.212869	-0.549553	1.025248	1.300402	0.246047	0.101272	2.406120	0.907767	1.773685	1.026353	1.027761	-0.028958	0.770642	0.759051	-0.569921	-0.653013	0.641486	1.307519	2.153929	-0.209151	0.315229	0.889724	1.089324	-0.205348	0.129917	-0.077248	0.169697	0.972487	1.192424	2.022969	0.954237	0.320387	1.476819	1.749293	1.737765	1.209992	1.107906	1.150373	0.310926	0.337053	1.605262	1.828248	1.266428	0.977231	-0.051862	1.228419	0.215848	-0.465781	1.211503	0.734233	1.130105	3.339885	-0.428512	0.549416	-2.207220	0.741324	0.872041	1.141041	0.158637	0.045540	1.078206	1.341527
1.216421	0.106223	1.616535	1.918441	0.731369	0.551733	1.053626	0.556351	0.758660	2.168761	1.550506	1.437293	1.522391	0.349167	1.255635	1.101407	2.346701	0.415370	0.662385	0.128918	-0.452140	0.818342	0.450415	-0.132275	1.841396	1.436344	0.082628	0.467035	-0.544928	-1.227273	1.094990	0.396129	1.689961	-0.050014	1.266465	0.128174	1.060653	0.997382	0.314424	1.306672	0.772417	-0.088613	0.716102	0.090529	1.915400	1.638656	0.826048	1.089484	0.066258	0.268315	0.656258	0.540332	-0.429211	0.007346	1.070226	0.483250	1.362439	0.418216	-0.130190	-0.527226	0.544325	0.193158	0.125468	-0.051097	0.181562	1.292318	1.630362	0.451731	0.804734	0.527622	1.741843	0.731042	0.382175	0.141467	1.025743	-0.721227	1.828762	1.808699	1.917654	0.974816	1.294274	2.020146	2.292615	1.291733	1.220955	1.070309	0.140384	0.657636	1.391387	1.916741	2.017738	0.189695	-0.000409	1.232915	0.669998	-0.206392	0.743019	0.469630	1.104593	2.162781	-0.414142	0.798687	-1.371507	-0.157520	0.770205	1.052495	0.110949	-0.193761	0.335016	0.371123
-0.254464	-0.884358	1.345268	1.082475	-0.911156	-0.925625	-0.430596	-0.771333	-0.059706	0.341576	0.140678	0.696392	-0.035373	-1.584690	0.167706	0.239407	1.048781	-0.051426	-0.168136	-1.091486	-1.038740	-0.703019	-0.307932	-1.433642	0.512558	-0.345922	0.873235	0.153896	-0.558322	-1.472782	0.490007	0.421593	0.305808	-1.371174	0.487504	-0.513820	-0.350512	0.830238	-1.052064	-0.212937	-0.510301	-1.309908	0.006095	-0.304447	0.984820	1.127599	0.669444	0.722064	-1.579552	-0.014524	-0.223197	-0.276992	-0.805502	-0.307191	-0.525959	-0.317390	0.729284	-0.074661	-1.513670	-1.330903	-0.547682	-0.976959	0.350123	0.200348	-0.400264	0.703839	0.378868	0.781604	0.575718	-0.172286	1.124201	0.901806	0.427039	0.052891	0.951608	-1.461418	1.409695	0.544500	1.660147	1.096416	0.941397	1.950541	1.318323	0.333896	0.509416	0.081279	-0.548910	0.165662	0.537855	0.801918	1.468700	-1.346152	-0.159889	0.720385	0.315374	-0.036088	-0.261485	0.716269	0.552310	0.647812	0.002391	0.247701	0.471983	-1.024446	0.209902	0.567143	0.062314	-0.862056	-1.024896	-0.399307
-1.597307	-2.014391	0.595888	-0.137290	-1.917572	-2.370214	-1.923623	-2.186949	-0.763670	-1.160361	-1.523311	-0.567093	-1.264161	-2.653169	-1.022087	-0.862443	-0.778505	-0.618605	-0.566425	-1.616566	-0.894562	-2.145704	-1.213325	-2.483969	-0.857731	-1.763117	1.247690	0.013774	-0.796307	-1.743983	-0.539317	-0.421096	-1.325755	-2.086957	-0.550236	-1.211623	-1.194534	0.251556	-1.795413	-1.591982	-1.510255	-2.465822	-1.103296	-1.460961	-0.600915	-0.172231	0.043211	-0.190195	-2.427990	-1.260438	-0.508176	-0.534562	-0.695947	-0.555591	-1.490652	-1.238946	-0.085788	-0.458669	-2.244431	-2.108694	-1.686567	-1.977314	-0.020872	-0.036148	-1.052939	-0.296014	-0.729228	0.597480	0.019818	-0.662223	-0.274115	0.227908	0.366222	-0.167574	-0.116716	-1.321829	0.196438	-0.752757	0.376877	0.428769	0.544066	1.503485	-0.181507	-0.825771	-0.609676	-0.800746	-1.387000	-0.619239	-0.315662	-0.564134	0.103360	-2.065928	-0.624757	0.153820	-0.637289	-0.356941	-1.076236	0.921560	-0.101908	-0.571867	0.392725	-0.671076	1.577871	-1.577443	-0.641587	0.042403	-0.295001	-1.319167	-1.757849	-0.638048
-1.916687	-2.462442	-0.091552	-0.971880	-1.704477	-2.828604	-2.229010	-2.663254	-1.175165	-1.776080	-2.564382	-1.706578	-1.331934	-1.912096	-1.480114	-1.141899	-1.811084	-0.710233	-0.027593	-0.778070	-0.608667	-2.087693	-1.781412	-2.697067	-1.690507	-2.078398	0.846678	0.158191	-1.310616	-2.107246	-1.631704	-1.778417	-1.755776	-1.551577	-1.297853	-1.317633	-1.390808	-0.709875	-1.536250	-2.090552	-1.540046	-2.575304	-1.718980	-2.148023	-1.434538	-0.727043	-0.363310	-0.621480	-2.019868	-2.051878	0.021762	-0.131909	-0.368361	-0.630957	-1.581021	-1.767780	-0.774720	-0.846025	-1.877679	-2.231336	-1.802618	-1.955418	-0.168986	-0.065325	-1.441528	-1.162889	-1.349160	0.448783	-0.287716	-0.696491	-1.060878	-0.275402	0.216469	-0.238022	-1.154468	-1.231561	-0.841745	-1.091130	-0.814952	-0.298694	-0.010685	0.738499	-0.852017	-1.239702	-1.203670	-0.887904	-1.570161	-0.761958	-0.664211	-0.965865	-0.907346	-1.326931	-0.712905	0.062358	-1.365851	-0.692543	-1.326367	0.395187	-0.607418	-1.157571	0.380285	-1.007512	1.144158	-1.741410	-1.249093	-0.252279	-0.760551	-1.092145	-1.255771	-0.756909
-1.191061	-1.828437	-0.274228	-0.833121	-0.782402	-2.055573	-1.134458	-1.893719	-1.197589	-1.398987	-2.203106	-1.944391	-0.400079	-0.055482	-0.879380	-0.338592	-1.545689	-0.134245	0.756147	0.801119	-0.536139	-0.628614	-1.462566	-1.731377	-1.744157	-1.413134	0.188201	0.641494	-1.265604	-1.809857	-2.001033	-2.414521	-0.623371	-0.162864	-1.119596	-0.597687	-1.130063	-1.513687	-0.518012	-1.496248	-0.642563	-1.442631	-1.181691	-1.342045	-0.863862	0.194480	-0.015078	-0.081562	-0.856100	-1.351918	0.549606	0.471353	0.079565	-0.456970	-1.055031	-1.441294	-0.766785	-0.919653	-0.581266	-1.301200	-0.654159	-0.846527	0.505309	0.607704	-0.967652	-1.236967	-1.462173	0.634287	-0.165917	-0.440220	-0.438331	0.250574	0.125435	-0.027560	-1.005831	-1.389417	-0.971912	-0.392053	-1.035499	-0.243804	-0.590195	0.004217	-0.384189	-0.642623	-0.825653	-0.395686	-0.533874	0.207552	-0.408576	-0.076934	-0.881247	0.113120	0.122231	0.425920	-1.039087	-0.131875	-0.917162	-0.579749	-0.743893	-1.052200	0.220454	-0.329034	0.181784	-1.347254	-1.123672	-0.207557	-0.731424	-0.264956	-0.110087	-1.112063
-0.083782	-0.591839	0.009632	0.170953	0.055941	-0.755355	0.398056	-0.607816	-0.765885	-0.404355	-0.547578	-1.161106	0.668334	1.314396	0.280197	0.705427	-0.563584	0.676946	0.955060	1.901042	-0.338248	0.785613	-0.139637	-0.035452	-1.079755	-0.505331	-0.049896	1.117377	0.010457	-0.098038	-1.112416	-1.546786	0.823560	0.943203	-0.066311	0.446875	-0.463548	-1.456669	0.577101	-0.353709	0.441002	0.030608	0.152393	0.390183	0.233626	1.434513	0.650697	0.668639	0.253803	0.222469	0.440612	0.664472	0.731049	-0.013109	-0.278957	-0.403869	0.013538	-0.275472	0.868182	0.261965	0.798741	0.457187	1.357003	1.380735	0.369406	-0.481446	-0.961224	0.644068	0.076872	-0.101442	0.800999	1.269107	0.287257	0.330413	0.286196	-1.067942	-0.414424	0.446032	-0.562893	0.427099	-0.698106	-0.369617	0.386395	0.388804	0.031851	0.050208	1.143455	1.640549	0.186767	1.151077	-0.153661	1.102459	1.262190	0.629641	0.167727	1.210511	-0.060238	-0.934535	-0.243542	-0.549857	0.391344	0.686231	0.055491	-0.302262	-0.316104	0.124860	-0.086988	0.654713	0.697277	-1.391677
0.706685	0.374952	0.340295	1.171378	0.496467	0.208994	1.139330	0.287951	-0.045349	0.423416	1.199603	-0.049902	1.037816	1.257979	0.973033	0.936860	0.288480	1.028605	0.608133	1.796388	0.307445	0.951931	1.436468	1.300427	-0.034298	0.012431	0.054637	0.828130	1.742863	2.262917	0.538005	0.188473	1.117355	0.969581	0.883485	0.954325	0.432222	-0.469920	1.064529	0.420512	0.913462	0.811853	1.130427	1.428365	0.528734	1.214654	0.726100	0.585860	0.819974	1.151997	0.060601	0.230990	1.309487	0.508798	0.440676	0.580912	0.776015	0.792137	1.479824	1.422754	1.298320	0.964743	1.200763	1.189786	1.483004	0.303816	0.116854	-0.024925	0.058694	0.195642	1.153132	1.381913	0.514229	0.543866	1.393069	0.071485	0.034822	0.435720	-0.301508	0.728658	-0.131070	-0.470147	0.620726	0.993282	0.575805	0.201136	1.962640	2.207263	0.670387	1.462923	0.508164	1.194606	1.466341	0.179667	1.040900	1.888940	0.660488	-0.184071	0.729126	-0.129649	0.762532	0.970752	0.697744	0.932829	0.536183	0.494370	0.533414	1.121222	0.754047	-1.003586
0.886759	0.700950	0.396488	1.261675	0.613462	0.650328	0.639743	0.642326	0.541247	0.507694	1.677416	0.657312	0.493671	0.208090	0.618334	0.223222	0.706553	0.542486	0.288294	0.717346	1.057719	0.113576	2.090533	1.540574	0.856715	0.156213	-0.064848	-0.531210	2.215631	3.172056	1.640793	1.338435	0.178986	0.154639	0.755835	0.493101	0.944578	0.603658	0.671691	0.367561	0.607222	0.828562	0.942976	0.965904	-0.178706	-0.699498	-0.003402	-0.271786	0.820504	0.796106	0.094183	-0.440359	1.212100	0.765250	0.839712	0.891972	0.692352	1.354065	0.842094	1.465351	0.518538	0.541698	-0.112495	-0.074338	1.228759	0.370129	1.185570	-0.878589	-0.239842	0.263949	0.149611	0.067820	0.279194	0.404292	1.152470	1.236175	-0.009529	-0.485384	-0.526303	0.107223	0.522384	-0.626160	0.295564	0.749436	0.522476	0.248781	1.036037	1.186118	0.641798	0.585738	0.698062	0.686891	0.424221	-0.644885	0.680606	0.774193	0.677357	0.814059	1.317624	-0.008322	0.667177	0.268331	0.903234	1.457412	0.731625	0.545363	0.552384	0.877066	0.266799	0.103040
0.561258	0.747370	0.211844	0.355736	0.456051	0.952111	-0.543238	0.904907	0.634445	0.046321	0.618440	0.870587	-0.456743	-0.704622	-0.271670	-0.588231	0.829356	-0.551012	0.185675	-0.454016	1.247696	-0.510891	1.310861	0.976350	1.102498	0.347527	-0.445519	-2.039601	0.759377	1.501491	1.270396	1.112741	-0.775128	-0.582459	-0.355583	-0.482186	0.533485	0.800751	-0.281872	-0.094943	0.005811	0.775935	-0.110964	-0.169540	-0.890827	-2.621907	-0.804729	-0.843887	0.495283	-0.012850	0.515559	-0.690094	0.279770	0.550927	0.742863	0.675455	-0.058968	0.886161	-0.414826	0.645696	-0.721912	-0.112050	-1.384199	-1.279872	-0.131041	-0.063215	1.444172	-0.908637	-0.484605	-0.022855	-1.166174	-1.597145	-0.551379	-0.026077	-0.117300	1.393485	-0.181720	-1.391175	-0.639963	-0.902065	0.469544	-0.856873	-0.136055	-0.055259	0.131116	0.302518	-0.815288	-0.724429	0.055513	-0.638538	0.504980	0.005293	-0.789704	-1.060303	-0.386572	-1.354207	0.034013	0.828430	0.785231	0.026440	-0.146044	-0.681455	0.109296	0.848800	0.163800	0.159296	0.164338	0.112461	-0.380356	1.247691
0.031197	0.964470	-0.014143	-0.734092	0.049364	1.329020	-1.416868	1.275316	0.262825	-0.325661	-0.898219	0.891977	-1.021387	-0.741978	-0.684581	-0.702500	0.701151	-1.542381	0.012140	-0.852338	0.691328	-0.192948	-0.193319	0.445295	0.581289	0.694670	-0.480074	-2.213508	-1.238727	-1.253306	-0.142900	0.072037	-0.742000	-0.548036	-1.362422	-1.003323	-0.446886	0.101314	-1.020068	-0.212932	-0.346517	1.021855	-0.998631	-0.619070	-0.751944	-2.787837	-0.912079	-0.480033	0.137555	-0.151307	0.716279	-0.203531	-0.795440	0.027352	0.229832	0.508216	-0.503467	-0.058247	-1.126969	-0.131797	-1.333104	-0.295686	-1.434446	-1.313087	-1.088461	-0.196926	0.736039	-0.033200	-0.395668	-0.420766	-1.505507	-2.126161	-1.278170	-0.439616	-1.021126	0.508416	-0.018780	-1.351683	-0.188201	-1.356278	-0.269796	-0.792582	-0.420252	-0.737693	-0.273726	0.211950	-1.828969	-1.997406	-0.639937	-1.246459	0.161463	-0.537155	-0.996892	-0.684962	-0.836492	-2.434616	-0.601174	-0.200422	-0.418119	0.200298	-1.022366	-1.055170	-0.871218	-0.216952	-0.533916	-0.296293	-0.043676	-0.581329	-0.786628	1.648343
-0.345973	1.250961	-0.149098	-1.050598	-0.370174	1.489905	-1.291965	1.386577	-0.205130	-0.354403	-1.475529	0.755060	-0.768079	0.011460	-0.298290	-0.181068	0.236153	-1.677404	-0.294469	-0.245300	-0.094321	0.589917	-1.143260	0.371679	-0.322842	0.766887	0.062722	-0.663267	-1.706191	-2.404256	-1.163672	-0.630449	0.059543	0.205157	-1.253213	-0.480645	-0.920910	-0.536927	-0.838288	0.206127	-0.323614	1.170426	-0.916215	0.027976	0.065402	-1.154685	-0.347294	0.272766	-0.007091	0.419778	0.455746	0.685078	-1.068306	-0.357673	-0.300803	0.591286	-0.110502	-0.461231	-0.659481	-0.197092	-0.854378	0.098449	-0.359666	-0.280825	-0.636516	0.150005	-0.191125	0.616190	-0.036574	-0.447230	-0.684754	-1.176602	-1.044418	-0.514145	-0.658857	-0.452443	0.377339	-0.354085	0.425602	-0.899458	-0.823159	-0.236528	-0.531023	-0.741413	-0.503116	0.002572	-1.063671	-1.673270	-0.812137	-0.959550	-0.171438	-0.568768	-0.242805	0.018938	-0.140433	-1.329237	-0.604125	-1.029954	-0.946346	0.310295	-1.047704	-0.663642	-0.964912	-0.659553	-0.582747	-0.271680	0.135152	-0.559667	-0.583143	1.109502
-0.296992	1.127532	-0.142499	-0.336401	-0.472037	1.075711	-0.221148	0.860283	-0.410208	-0.325860	-0.685224	0.192847	0.050153	0.955624	0.241081	0.364080	-0.372660	-0.734574	-0.286345	0.790964	-0.464816	0.877668	-0.905844	0.474128	-0.960838	0.180153	0.496228	1.283077	-0.139423	-1.082569	-0.776523	-0.460663	0.725695	1.077769	-0.010552	0.761069	-0.311812	-0.275206	0.202387	0.632385	-0.153027	0.746780	0.081410	1.037984	0.854599	0.814564	0.283441	0.477268	0.142686	0.758268	0.175205	1.328475	-0.277351	-0.263845	-0.414887	0.577226	0.570960	0.008480	0.529769	0.343633	0.347049	0.695776	0.777456	0.751034	0.629507	0.276756	-0.452328	0.119792	0.324909	0.044268	0.427222	0.308647	0.068284	-0.177839	0.501395	-0.609205	0.536434	0.815898	0.547891	0.086454	-0.506657	0.466683	-0.349307	-0.004289	-0.387701	0.097058	0.791023	-0.151373	-0.238142	-0.118532	-0.356952	0.152477	0.443759	0.290798	0.885339	0.992446	0.015336	-0.599194	-0.133889	-0.038532	-0.052500	0.197920	-0.104957	-0.273969	0.167241	0.301097	0.448342	0.279908	0.228069	0.108412
0.135537	0.467064	-0.025673	0.735962	-0.236721	0.239344	1.039310	-0.085998	-0.273308	-0.443337	0.632672	-0.722727	0.733295	1.434246	0.266470	0.554616	-0.632209	0.619965	0.296689	1.298985	-0.318766	0.352038	-0.014313	0.305353	-0.902006	-0.764593	0.115908	1.948387	1.851813	0.888942	0.596402	0.175955	0.795411	1.433951	1.431617	1.806189	0.738968	0.685628	1.163896	0.570445	-0.071479	-0.090801	1.197238	1.492357	1.246214	1.798480	0.531207	0.016421	0.408610	0.279525	0.273703	1.353520	0.884722	0.163116	-0.098469	0.190763	0.652482	0.677313	1.371938	0.836722	1.441479	1.035026	1.177249	0.978082	1.378007	-0.293642	0.066837	-1.012513	0.489433	0.607078	0.968188	1.219285	0.994144	0.309263	1.283819	-0.008191	0.281900	1.421768	0.246533	1.001931	0.378691	0.826769	0.185831	0.938760	0.120800	0.696635	2.182037	1.271106	0.586680	0.693614	-0.299097	1.167468	0.355942	-0.056327	1.174890	2.565774	0.697692	0.717133	1.109834	-0.721250	1.131757	1.106253	0.859650	0.127758	1.079351	0.792044	0.615225	1.189632	1.057715	-0.634180
0.533897	-0.203971	0.047507	1.148581	-0.019888	-0.388792	1.569579	-0.755488	0.024354	-0.435000	1.281979	-1.285623	0.711856	1.054025	-0.058782	0.458977	-0.303952	1.212680	0.852769	0.678308	-0.104672	-0.437309	0.500191	-0.161336	-0.251396	-1.220944	-0.701510	1.082595	2.287130	1.273761	1.611949	0.638029	0.522901	0.965701	2.025097	1.911141	1.162978	1.410079	1.113861	0.213969	-0.117328	-0.727997	1.593200	1.133878	1.299171	1.671990	0.447580	-0.355101	0.479837	-0.453208	0.472700	0.864866	1.385675	0.378630	0.198537	-0.287855	0.017102	0.690500	1.217806	0.768062	1.702094	0.865851	0.890478	0.531336	1.094495	-0.942591	0.714180	-1.455400	0.402626	0.688825	0.798099	1.199311	0.884787	0.539681	1.059598	0.598306	-0.050680	1.357835	0.216728	1.425076	0.928145	0.795302	0.672928	1.248456	0.684240	1.153228	2.037815	1.515046	0.828051	0.883967	-0.082467	1.389106	-0.195457	-0.443371	0.682662	2.398944	0.886009	1.558444	1.324346	-0.929607	1.429547	1.542605	1.143593	-0.077989	1.325268	0.500085	0.469338	1.170864	1.189269	-0.647489
0.479980	-0.282616	-0.025620	0.524896	-0.080694	-0.330489	1.033240	-0.637766	0.259230	0.022446	0.851399	-0.813955	0.006085	-0.060773	-0.123895	0.230589	0.273400	0.436714	0.501015	-0.778389	-0.196283	-0.766104	0.198251	-0.538015	0.507645	-0.618412	-0.883144	-0.132547	0.817951	-0.135489	1.454142	0.756401	0.253381	-0.151425	1.452925	0.981166	0.716803	1.275865	0.160345	0.116524	-0.142770	-0.758169	1.090822	0.364708	1.065145	1.077091	0.321132	-0.061082	0.220702	-0.497139	0.235892	0.181440	0.738045	0.029984	0.123787	-0.352057	-0.563357	-0.030471	0.370616	0.226353	1.005491	0.317621	0.343828	0.009441	0.378811	-0.666435	0.886153	-0.630146	0.161341	0.301230	0.317919	0.587487	0.016013	0.263652	0.240335	0.609330	-0.026780	1.013884	0.770072	1.199341	0.638807	0.697262	0.529515	0.512784	0.793555	0.590023	0.524695	0.500616	0.164764	0.238073	0.095928	0.229756	-0.475223	-0.255242	0.242886	1.100928	0.465015	1.116801	0.215032	-0.065578	0.580014	1.077516	0.638735	-0.533686	0.637769	-0.511219	-0.088788	0.092995	0.499567	0.000109
0.023212	0.164938	-0.031063	-0.397338	-0.194510	0.248850	-0.022199	0.157419	0.382075	0.730187	-0.033019	0.499790	-0.822361	-1.262578	0.120917	-0.095926	0.626960	-0.988472	-0.624069	-1.980526	-0.388314	-0.392894	-0.386129	-0.454416	0.996302	0.726371	-0.105836	-0.705852	-1.103707	-1.739055	0.571302	0.791817	-0.027784	-1.307739	0.301036	-0.450355	0.070259	0.507240	-0.623295	0.369858	0.065844	-0.249104	0.244367	-0.263057	0.503741	0.431913	0.236095	0.506676	-0.163276	0.226267	-0.344735	-0.477558	-0.608993	-0.547441	-0.099524	0.064313	-0.384373	-0.772402	-0.378880	-0.272027	-0.080042	-0.173359	-0.310866	-0.357269	-0.080172	0.543640	0.623091	0.729564	0.046175	0.001286	-0.105610	-0.181478	-0.756994	-0.417949	-0.309361	0.110255	0.392867	0.739714	1.306173	0.450221	-0.134358	0.645949	-0.164913	-0.694247	0.414768	-0.769640	-1.185253	-0.909911	-0.717457	-0.631830	0.225150	-1.473663	-0.331526	0.298825	0.330734	-0.197348	-0.221468	0.012052	-1.014613	1.277248	-0.555551	-0.056880	-0.178946	-0.626917	-0.423080	-1.333530	-0.801628	-1.013785	-0.441222	0.725437
-0.369758	0.467214	0.392298	-0.469833	0.063650	0.743503	-0.694995	1.088971	0.536595	1.116994	-0.458914	1.683391	-1.208586	-1.874569	0.034912	-0.444068	0.719076	-1.608207	-1.271990	-1.888999	-0.126655	0.393487	-0.389567	0.117936	1.222958	1.887639	0.736098	-0.842400	-1.784763	-2.176708	-0.006914	0.942555	-0.468678	-1.837696	-0.519656	-1.572853	-0.176643	-0.248855	-0.367043	0.473482	0.602942	0.498944	-0.254070	-0.442797	-0.231544	-0.358599	-0.052920	0.410226	-0.303443	0.870952	-0.519237	-1.052641	-1.671722	-0.598460	0.025859	0.491291	0.361179	-0.874528	-0.590948	-0.342454	-0.790702	-0.256626	-1.197002	-0.862135	-0.291170	1.566387	0.375534	1.465938	0.331899	0.182213	-0.435684	-0.936727	-1.076540	-1.101712	-0.158472	-0.367673	0.808046	0.498484	0.977084	-0.475368	-0.662646	0.348081	-0.565554	-1.268534	0.110767	-1.558164	-1.869329	-1.665234	-0.718851	-0.656976	0.513755	-2.139410	-0.368969	0.287517	0.463709	-1.032087	-0.686457	-0.406893	-1.029994	1.689600	-0.832094	-0.888836	-0.654071	-0.485914	-0.926487	-1.071684	-0.913143	-1.027788	-0.971351	0.855577
-0.352604	0.173326	1.179104	0.553746	0.699704	0.738607	-0.585298	1.639070	0.805886	0.904736	-0.134237	1.946958	-1.062013	-1.754787	-0.715679	-0.621610	0.804315	-0.775297	-0.609050	-0.541509	0.732167	1.095387	0.406636	0.847373	1.351506	2.175859	0.722606	-1.156336	-0.863846	-1.489071	0.166574	1.097789	-0.969328	-1.550302	-0.566136	-1.835282	-0.090862	-0.605504	0.679608	0.065317	1.262056	1.164731	-0.193496	-0.218733	-0.774530	-1.328116	-0.714655	-0.646605	-0.044497	0.776308	0.121068	-1.489042	-1.782991	0.155027	0.562788	0.497285	0.874562	-0.392872	-0.422726	-0.055143	-0.807541	-0.000558	-2.186281	-1.653752	-0.588910	1.473918	0.391850	1.153654	0.909162	0.612986	-0.767495	-1.595630	-1.172284	-1.359584	0.391678	-0.462073	0.811995	0.081702	-0.248492	-1.188267	-0.609879	-0.372268	-0.108855	-0.756601	0.301287	-0.913096	-1.243310	-1.377088	0.403835	0.453935	0.988778	-1.171796	-1.036381	-0.754216	0.033330	-1.552369	-0.681685	0.401054	0.190087	0.554795	-0.005411	-0.682806	-0.444013	-0.646457	-0.462244	0.180937	0.023819	0.040155	-0.902781	0.247545
-0.043092	-0.394155	1.646661	1.581643	1.175688	0.351093	-0.057856	1.557969	0.965651	0.379733	0.415349	1.348042	-0.690002	-1.256615	-1.453609	-0.520039	0.871774	0.582218	0.615315	0.837357	1.515319	1.308095	1.274242	1.225540	1.311631	1.624185	0.074095	-1.501944	0.499393	-0.516530	0.618759	1.021350	-1.194790	-0.865202	-0.154030	-1.342693	-0.025800	-0.619157	1.456604	-0.540642	1.574510	1.403196	0.117308	0.107742	-0.887193	-1.941314	-1.343301	-1.736948	0.358330	0.232833	0.928158	-1.606920	-1.117107	1.022142	0.980547	0.162477	0.710168	0.088509	-0.186822	0.250809	-0.386835	0.252018	-2.624745	-2.171571	-0.889902	0.573958	0.488322	0.356501	1.246644	0.788580	-0.978715	-1.838471	-1.142825	-1.062007	0.726475	-0.273084	0.421561	-0.404913	-1.373312	-1.392227	-0.264565	-1.097298	0.660914	0.134585	0.651619	0.327310	-0.149097	-0.554561	1.539293	1.608984	1.246948	0.309646	-1.762800	-1.928403	-0.674934	-1.731716	-0.356541	1.450379	1.341728	-1.033953	0.998729	0.134538	0.132032	-0.989967	0.361201	1.277315	1.208095	1.085948	-0.522736	-0.507217
0.211241	-0.560418	1.110636	1.292363	0.963662	-0.033733	0.300181	0.866412	0.660055	-0.011024	0.479396	0.474419	-0.380204	-0.737746	-1.172551	-0.234730	0.608917	1.000844	0.946260	0.981101	1.329697	0.899240	1.284303	0.895589	0.848869	0.703896	-0.274138	-1.165208	0.882200	0.148946	0.646562	0.620877	-0.904262	-0.349619	0.110291	-0.647119	-0.102217	-0.507906	1.159047	-0.743401	1.171656	0.961309	0.296574	0.230171	-0.639546	-1.494590	-1.216508	-1.595018	0.492980	-0.003129	0.843987	-1.219558	-0.346127	1.016305	0.740003	-0.117147	0.119318	0.110780	0.031959	0.342451	0.058445	0.279669	-1.840303	-1.604804	-0.742919	-0.122978	0.355369	-0.100187	0.882372	0.502917	-0.774814	-1.258674	-0.742963	-0.421047	0.494343	-0.114528	-0.010441	-0.548978	-1.325882	-0.960716	-0.107733	-1.173627	0.710160	0.371742	0.482695	0.601891	0.327756	0.013248	1.306289	1.404383	0.825458	0.711616	-1.454912	-1.784676	-0.785671	-1.225836	-0.045335	1.271797	1.127815	-1.400659	1.068435	0.474835	0.390725	-0.759251	0.529279	1.066687	1.206186	1.079861	-0.197915	-0.657817
0.277623	-0.165147	-0.330352	-0.366063	0.122519	-0.246009	0.325277	-0.198966	-0.117197	-0.150203	-0.050290	-0.305250	-0.180773	-0.292105	0.194965	0.092592	-0.056614	0.196889	0.059059	-0.132893	0.130498	0.064129	0.361190	-0.019407	-0.032580	-0.244384	0.019100	-0.012458	0.081999	0.493272	0.131426	0.006294	-0.205297	-0.155601	0.026691	-0.088925	-0.236375	-0.390204	-0.062286	-0.423880	0.174659	-0.029918	0.263974	0.107184	-0.233595	-0.042084	-0.239198	-0.116950	0.270810	0.293807	-0.282365	-0.413283	0.178180	0.026648	-0.110070	-0.171880	-0.520176	-0.284249	0.275425	0.243918	0.372686	0.125308	0.017934	0.036736	-0.056589	-0.221795	-0.047931	-0.013107	-0.088800	-0.075818	-0.137776	0.057495	0.078066	0.306744	-0.177069	-0.110303	-0.282266	-0.234931	-0.113573	-0.063126	-0.261915	-0.535068	-0.163409	-0.222167	-0.324819	-0.425567	-0.017570	0.099157	-0.365447	-0.244254	-0.219672	-0.224600	0.050220	-0.129226	-0.072541	-0.047030	0.109055	-0.327345	-0.427367	-0.264434	0.108766	-0.006975	0.113764	0.269392	-0.175666	-0.413384	-0.239708	0.058119	-0.036029	-0.116163
