X1	X2	X3	X4	X5	X6	X7	X8	X9	X10	X11	X12	X13	X14	X15	X16	X17	X18	X19	X20	X21	X22	X23	X24	X25	X26	X27	X28	X29	X30	X31	X32	X33	X34	X35	X36	X37	X38	X39	X40	X41	X42	X43	X44	X45	X46	X47	X48	X49	X50	X51	X52	X53	X54	X55	X56	X57	X58	X59	X60	X61	X62	X63	X64	X65	X66	X67	X68	X69	X70	X71	X72	X73	X74	X75	X76	X77	X78	X79	X80	X81	X82	X83	X84	X85	X86	X87	X88	X89	X90	X91	X92	X93	X94	X95	X96	X97	X98	X99	X100	X101	X102	X103	X104	X105	X106	X107	X108	X109	X110
-0.037465	0.071221	-0.066820	0.004375	-0.094469	-0.084760	-0.159187	0.008425	-0.010252	0.067642	0.004562	-0.057249	0.068668	0.100685	0.099000	0.004376	-0.086289	-0.052600	-0.187371	-0.125430	0.014126	-0.070532	-0.119146	0.004768	-0.063776	0.027809	0.129998	0.345880	0.164988	0.307620	0.040455	0.070451	0.073820	0.045060	0.106863	-0.039050	-0.013147	-0.065078	-0.119343	-0.064058	-0.164180	-0.021125	-0.020575	0.012163	0.054682	0.103163	0.060412	-0.083642	-0.238449	-0.213889	0.072330	0.075093	0.445644	0.205721	-0.137867	-0.042816	-0.065877	-0.076595	-0.051432	0.017789	-0.092956	-0.094554	0.006761	-0.078317	-0.012348	0.212793	0.107334	0.247624	-0.058040	-0.042805	0.112358	-0.032532	0.361264	0.266586	-0.061700	0.287238	0.030814	0.189999	0.250844	0.001085	-0.128293	-0.070318	0.089761	0.083902	0.115684	0.127616	0.004354	0.076081	0.112501	0.087457	0.109808	0.123398	0.099724	0.020339	0.128287	0.135120	-0.029064	-0.010541	-0.057783	0.018730	0.029879	0.012257	-0.102677	-0.074943	-0.052295	0.037078	-0.072164	0.060684	0.075804	-0.098473
2.057289	1.774073	0.858683	0.524513	1.727620	1.429157	1.783036	1.760312	0.914008	0.867659	1.517778	0.448808	1.235277	1.940652	0.920533	1.816748	-0.144537	0.574582	1.114038	0.896664	1.760514	1.355745	0.664514	1.340368	1.142099	0.704943	1.795258	1.583024	-0.020707	2.326051	1.748116	1.938698	1.036679	1.819019	2.320510	1.787343	0.960241	1.146198	0.839675	0.574095	0.821742	1.278834	1.969002	2.431462	1.933921	1.989496	0.000207	0.957380	2.488044	1.962788	0.573095	0.817769	1.666918	1.706677	1.882519	1.821025	1.220622	0.783704	1.529019	1.703621	2.042665	1.491437	0.073140	0.546623	1.563874	1.402827	0.440289	0.508858	1.382029	1.605788	0.856646	1.053406	0.711247	1.684368	2.286690	0.913964	2.168705	2.176569	1.322433	1.899480	0.725278	-0.201559	1.128516	1.028614	0.821474	1.064938	1.506803	1.023466	0.858011	0.818149	-0.104060	0.722322	-0.562173	0.095751	0.720562	1.248690	1.441945	1.039743	1.468259	1.049782	2.227304	1.248108	1.237599	1.404174	0.972875	1.653717	1.395058	1.254065	1.121672	0.743654
2.865721	2.537308	1.727200	1.231700	2.382724	2.353013	2.813255	2.713720	1.495055	1.738043	2.566802	1.220769	1.687670	2.510881	1.271282	2.853897	0.581391	1.154217	2.139611	1.842165	2.486381	1.939545	1.205976	2.214262	2.142981	1.509109	2.590274	2.187452	0.069354	2.974306	2.567346	2.754358	1.440382	2.414830	3.361331	2.735031	1.649278	2.056896	1.920559	1.427435	1.510167	2.230817	2.881507	3.546884	2.972258	2.653072	0.723194	1.586935	3.190162	2.515940	0.647511	1.137994	1.318691	1.868560	2.830686	2.758986	1.978008	1.570384	2.235252	2.456893	3.017907	2.281578	0.617372	1.146064	2.531257	2.078902	0.719058	0.781406	1.925724	1.982140	1.431341	1.661693	0.307460	2.491919	3.444847	1.074180	3.149701	2.449236	1.438567	2.653600	1.644336	-0.199830	1.593281	1.778833	1.479264	1.578238	2.268162	1.689232	1.296773	1.305868	0.161060	0.998819	-0.161185	0.144819	1.283481	2.016784	2.282628	1.490363	2.137976	1.679660	3.056076	2.286102	1.340399	2.479729	1.741173	2.338402	2.655237	1.740190	1.709896	0.977351
2.311724	2.368336	2.234185	2.021268	1.816680	2.384762	2.750940	2.623918	1.649560	2.414565	2.841885	2.169997	1.420473	1.866967	1.094262	2.866550	1.536970	1.382514	2.574786	2.326493	2.109148	1.601323	1.474683	2.336813	2.734546	2.312307	2.605545	1.983744	0.303149	2.267414	2.584446	2.650843	1.365929	1.916986	3.141521	2.976446	1.928125	2.467629	2.625428	2.235950	1.610778	2.511093	2.648604	3.212004	3.106523	2.226591	1.870283	1.763945	2.237293	1.722616	0.336937	1.147739	0.146065	0.966153	2.590355	2.600321	2.108276	2.125976	1.835871	2.096741	2.799818	2.176885	1.458490	1.471284	2.597394	2.194172	0.574567	0.795886	1.563866	1.103355	1.740354	1.764143	-0.743901	2.320725	3.144107	0.673554	2.871927	1.199858	0.837460	2.277452	2.238406	-0.032958	1.410506	2.210192	1.794592	1.605796	2.138744	2.007942	1.226802	1.278399	0.603154	0.933017	0.910020	0.209057	1.659149	2.331200	2.234525	1.237662	1.868080	1.841514	2.295759	2.815328	0.401570	2.808501	1.986186	2.003761	3.208205	1.325587	1.580965	0.435724
1.298674	1.861682	1.997223	2.404851	0.934046	1.645102	2.090229	1.813638	1.425385	2.383295	2.267292	2.742934	1.000720	1.028924	0.554260	2.063696	1.454767	0.882708	2.200119	1.864340	1.232927	0.844194	1.445404	1.643046	2.654406	2.642670	2.377073	1.221982	0.298214	1.206050	2.388676	2.381328	1.280501	1.260011	2.410310	3.112059	1.820738	2.272198	2.297489	2.449855	1.068236	2.011623	1.986822	2.193185	2.721151	1.618165	2.291966	1.660969	1.511706	1.066916	0.100994	1.219338	0.015843	0.277494	1.780955	1.824931	1.830372	2.240700	0.817370	1.174393	2.124544	1.567765	1.917434	1.262145	1.858686	1.857439	-0.281093	0.213553	0.836904	-0.021581	1.651713	1.551554	-1.623369	1.266913	2.001500	-0.066097	1.992667	-0.083868	0.437012	1.630012	1.890530	0.213300	0.911360	2.149261	1.424187	1.343147	1.397542	1.839857	0.564215	0.543129	0.456952	0.735637	1.353415	0.342372	1.580409	2.179177	1.438390	0.628781	1.196020	1.606259	0.743439	2.453470	-0.343521	2.293238	1.530365	1.238613	2.508050	0.319374	0.703629	-0.527165
0.538285	1.280572	1.043026	1.886805	0.472923	0.603193	1.346010	0.818349	0.825729	1.468181	1.064288	2.362756	0.792352	0.583149	-0.251564	0.811134	0.033738	-0.283076	1.176671	0.507873	0.323358	0.108634	0.924275	0.416966	1.726348	2.068085	1.919145	0.318514	-0.034593	0.441233	2.013009	2.018198	1.282725	0.898028	1.650372	2.979246	1.385127	1.514208	1.088963	1.883557	0.252246	1.069597	1.356559	1.126255	1.919762	1.091258	1.440260	1.338011	1.739187	1.139813	0.282973	1.347402	1.075947	0.241616	0.886224	0.931884	1.313162	1.812634	-0.135755	0.319057	1.383977	0.733422	1.578495	0.658329	0.724758	1.002198	-1.424695	-0.772091	0.000740	-0.669512	0.986065	1.051629	-1.690192	-0.106626	0.792779	-0.871565	0.988973	-0.613400	0.525951	1.257038	0.576797	0.430077	0.421341	1.413337	0.434330	0.914503	0.316975	0.901567	-0.552529	-0.696289	-0.462033	0.561071	0.680372	0.461455	0.929118	1.499919	0.273496	0.047160	0.555073	0.951212	-0.735989	1.121036	-0.217877	1.238835	0.504700	0.516848	0.677698	-0.806071	-0.675773	-1.359685
0.018100	0.512841	-0.018658	0.576966	0.312364	-0.183494	0.656377	0.113314	-0.008932	0.289102	-0.223618	1.145085	0.532448	0.175905	-1.096812	-0.400329	-1.656714	-1.384044	0.154076	-0.856964	-0.454150	-0.385903	-0.089567	-0.602598	0.254746	0.814557	0.958859	-0.291805	-0.354393	-0.084741	0.999930	1.005342	0.938870	0.463107	0.651119	1.897697	0.679428	0.541123	0.016198	0.984549	-0.259296	0.346799	0.528179	0.127088	0.642797	0.210547	0.032309	0.813724	1.863539	1.151668	0.671982	1.124681	1.496420	0.033617	-0.015878	0.149412	0.633954	0.975276	-0.701997	-0.271287	0.429967	-0.194583	0.712496	0.186175	-0.224029	-0.188979	-1.924365	-1.304466	-0.950420	-0.963176	-0.177712	0.300469	-1.088918	-1.145248	-0.055212	-1.510504	-0.002381	-0.861742	0.595318	1.000112	-0.712501	0.554961	0.114326	0.198226	-0.574168	0.329494	-0.787525	-0.572876	-1.598993	-1.678933	-1.375829	0.361123	-0.271182	0.309056	-0.005267	0.432615	-0.775454	-0.350520	-0.033921	0.028693	-1.712140	-0.550609	0.196990	0.173270	-0.583304	-0.141013	-1.150105	-1.629217	-1.914540	-1.707625
-0.473637	-0.296205	-0.528244	-0.739509	-0.076885	-0.411735	-0.014898	-0.051451	-0.650133	-0.191786	-0.973605	-0.044227	-0.207946	-0.629562	-1.445979	-1.002359	-2.438465	-1.522814	-0.143247	-1.184265	-0.840397	-0.419830	-1.042817	-0.641333	-0.926803	-0.259159	-0.180106	-0.367489	-0.449728	-0.465000	-0.596782	-0.630923	-0.053503	-0.344368	-0.799106	-0.029299	-0.161556	-0.103592	-0.122687	0.320805	-0.179576	0.254221	-0.776815	-0.798072	-0.714263	-1.040642	-0.790415	0.315870	0.997031	0.436800	0.685787	0.361893	0.069021	-0.978972	-0.835653	-0.399264	-0.012644	0.028532	-0.980428	-0.731622	-0.672671	-0.890546	-0.083088	0.213971	-0.568487	-0.933407	-1.391089	-0.754201	-1.677336	-1.305717	-1.292771	-0.351888	-0.535017	-1.594202	-0.460234	-1.786611	-0.722860	-1.360570	0.274855	0.587622	-0.783374	0.486765	0.090651	-0.784857	-0.925122	-0.293026	-1.374269	-1.519475	-1.879663	-1.605452	-1.395998	-0.015320	-0.541775	-0.303986	-0.684471	-0.479647	-1.340665	-0.594994	-0.637174	-0.604988	-2.026768	-1.491137	-0.010806	-0.593789	-1.214056	-0.821262	-1.621686	-1.860355	-2.200883	-1.543483
-0.803993	-0.680333	-0.462167	-1.329219	-0.772753	-0.219525	-0.566190	0.172790	-0.781062	0.267673	-1.003547	-0.499919	-1.285090	-1.543045	-0.919865	-0.763183	-2.140436	-0.515209	0.378229	-0.373593	-0.495397	0.130444	-1.265982	0.287604	-1.156556	-0.555915	-0.743416	-0.149523	-0.665920	-0.541623	-1.945896	-1.968854	-1.287922	-1.127935	-2.236847	-1.648993	-0.916587	-0.177977	0.351458	-0.052341	0.235124	0.506607	-2.159391	-1.456147	-1.450314	-1.966019	-0.696716	0.137643	-0.189939	-0.487370	0.003713	-0.550708	-2.077261	-2.096401	-1.263242	-0.598671	-0.353665	-0.745769	-1.103039	-1.087616	-1.334888	-0.922394	-0.499665	0.525230	-0.418394	-0.557281	-0.538014	0.334670	-1.557840	-1.674353	-1.713625	-0.511103	-0.602099	-1.694586	-0.536213	-1.638650	-0.849556	-1.846789	-0.229036	0.073324	0.371844	0.031879	0.310213	-0.925511	-0.504879	-0.660413	-1.072271	-1.050364	-1.166676	-0.507744	-0.563798	-0.570863	-0.192953	-1.159458	-0.843422	-0.690036	-1.433353	-0.757916	-1.085973	-0.492701	-1.648048	-1.164508	-0.885146	-1.125587	-1.325959	-1.365946	-0.532216	-1.451424	-1.249923	-1.038787
-0.680700	-0.477518	-0.358330	-1.193135	-1.225164	-0.006470	-0.797443	0.303732	-0.658362	0.827462	-0.792617	-0.470738	-1.954978	-1.881375	0.158868	-0.059433	-1.314064	0.827316	1.003100	0.538097	0.531225	0.981220	-0.765881	1.223180	-0.653251	-0.402267	-0.616887	-0.178044	-1.376742	-0.362181	-2.340094	-2.312949	-1.943714	-1.288764	-2.862630	-2.021663	-1.404737	-0.062049	0.420212	-0.499780	0.488897	0.461888	-2.716451	-1.608950	-1.397308	-2.109156	-0.316317	0.244389	-0.562873	-0.725544	-1.074219	-1.040834	-2.817257	-2.053082	-1.096507	-0.475578	-0.355387	-1.180324	-0.944688	-1.045207	-1.061626	-0.204099	-0.662297	0.586912	-0.293084	0.548246	-0.301564	0.742107	-0.436766	-1.555564	-1.301544	-0.213149	-1.151662	-1.722829	-0.496788	-1.191318	-0.553808	-1.805127	-0.657810	-0.379844	1.337267	-0.865171	0.487974	-0.425734	0.083333	-0.543052	-0.236489	0.356744	-0.014787	0.666597	0.238982	-0.982175	0.026979	-1.628391	-0.722779	-0.242645	-1.326309	-0.830903	-1.099334	0.039334	-0.744020	-0.137435	-1.567433	-1.480450	-1.242299	-1.479589	0.828565	-0.590987	0.303717	-0.410563
-0.105031	-0.082210	-0.537262	-0.861869	-0.899120	-0.028979	-0.634197	0.021733	-0.775770	0.499503	-0.914038	-0.695833	-1.673522	-1.438786	1.059840	0.567563	-0.371014	1.467656	0.979380	0.516801	1.703410	1.595452	-0.180037	1.260879	-0.184758	-0.513131	-0.510260	-0.553940	-2.131865	-0.324150	-1.906428	-1.988289	-1.625124	-0.817687	-2.419597	-1.451891	-1.574088	-0.353605	-0.370874	-1.145509	0.407330	-0.054628	-1.894384	-1.148753	-1.089105	-1.820257	-0.267282	0.322925	-0.208623	-0.265244	-1.939939	-0.991922	-1.422137	-0.592871	-0.528483	-0.229926	-0.323439	-1.216379	-0.289609	-0.291502	-0.018965	0.903921	-0.750585	0.237474	-0.455999	1.212127	-0.544508	0.140093	1.091267	-0.465557	-0.465275	0.211188	-1.411287	-1.512079	-0.460277	-0.589902	-0.463055	-1.216649	-1.081908	-0.725046	0.781715	-1.841310	0.314920	-0.072982	0.094997	-0.038687	0.330441	1.267681	0.764793	1.066660	0.363735	-0.821842	-0.193497	-1.149575	-0.638400	0.302436	-1.079609	-0.687384	-0.610604	0.152700	0.372026	0.582694	-1.263004	-1.382821	-1.120132	-1.038852	1.017102	0.495853	1.485753	0.157174
0.593704	0.081905	-0.675187	-0.651309	0.071906	-0.204165	-0.186135	-0.421974	-1.083919	-0.670038	-1.237377	-1.223101	-0.776316	-0.707874	1.438987	1.035676	0.533870	1.148382	0.443619	-0.284922	2.489407	1.742508	0.095935	0.594385	-0.033184	-0.945265	-0.830307	-0.628466	-1.920854	-0.573677	-1.218773	-1.645741	-0.781019	-0.301647	-1.436461	-0.929890	-1.422850	-1.096104	-1.308780	-1.556775	0.318597	-0.481681	-0.080302	-0.164764	-0.919000	-1.568003	-0.359170	0.312692	-0.143823	0.117700	-2.229991	-0.839602	0.870461	1.184097	0.042879	-0.036519	-0.539514	-0.903205	0.765311	0.987513	1.176007	1.911211	-0.654359	-0.037457	-0.524532	0.791926	-0.201958	-0.445459	2.231149	1.393788	0.387025	0.655359	-0.764737	-0.655150	-0.243934	0.132304	-0.836612	-0.421256	-1.533198	-0.870376	-0.944221	-2.281386	-0.159688	-0.278435	-0.556518	0.419490	0.299253	0.944067	0.871357	0.802712	0.061111	-0.111396	-0.350763	0.230381	-0.462043	0.552418	-0.441019	-0.217931	0.136666	-0.387254	1.411960	0.673184	-0.025835	-0.551504	-0.726065	-0.194269	0.017136	1.611034	1.897483	0.553449
1.077461	0.059829	-0.287218	-0.392985	0.978493	-0.294591	0.362903	-0.468015	-0.993953	-1.585054	-1.010957	-1.165752	-0.147132	-0.275817	1.473416	1.584225	1.039253	0.481745	0.277483	-0.744443	2.723168	1.663328	0.282268	0.221400	0.283389	-0.977317	-1.005012	0.187151	-0.573406	-0.637223	-0.589775	-1.264433	-0.229978	-0.216698	-0.561434	-0.823880	-0.892270	-1.551714	-1.277350	-1.167930	0.599096	-0.190532	1.624455	0.962214	-0.593355	-1.185298	0.060349	0.578874	-0.619263	-0.023400	-1.953697	-0.994843	2.259809	1.979118	0.409782	0.097504	-0.828043	-0.370989	1.698019	2.010328	1.980754	2.407108	-0.106869	0.360894	-0.009857	-0.168678	1.122793	-0.105718	2.532704	2.950852	1.145319	1.229709	0.425728	0.752925	0.448294	0.878200	-1.126343	0.377611	-1.646104	-0.590495	-2.096175	-1.852167	-0.519398	-0.640907	-1.124163	0.388133	0.112362	0.100803	0.597444	0.543554	-0.034888	0.524756	0.152942	1.806623	0.180941	0.628070	0.604485	0.453304	0.814180	-0.739779	2.100100	0.657326	1.338337	0.711168	0.126981	0.761524	-0.854091	2.376071	1.800992	0.725438
1.225214	0.166090	0.592798	0.111354	1.278149	-0.157975	0.842574	0.108005	-0.266716	-1.279940	0.105197	0.115333	-0.182454	-0.192095	1.226781	2.099240	0.675825	0.151868	0.941060	-0.104570	2.420898	1.620215	0.572300	0.667314	1.095519	-0.068959	-0.408943	1.418802	0.612180	-0.029312	-0.026853	-0.383666	-0.290104	-0.396372	0.100304	-0.545542	0.058146	-0.878610	-0.013404	0.095220	1.117131	0.746109	2.228573	1.635624	0.262232	-0.245243	1.110413	1.304662	-0.661592	-0.292852	-1.196881	-1.220125	1.888012	1.443355	0.683011	0.256858	-0.608095	0.278641	1.971839	2.032696	2.148999	2.122568	0.869957	1.359239	0.864750	-0.676313	2.291024	0.593037	1.923773	3.019244	1.687625	1.753501	0.978147	1.839395	1.481345	1.268116	-0.659637	1.120027	-0.992988	0.197644	-1.435004	-0.755590	-0.399252	-0.551362	-0.761630	-0.104299	0.236816	-0.160623	0.264471	0.504227	0.202242	0.559197	1.202603	2.715168	1.187864	0.769842	1.481416	0.989183	1.273282	-0.016934	2.124103	0.966747	1.976631	1.603537	1.128452	1.533760	-0.593122	2.257018	1.424919	0.626846
1.114162	0.476541	1.406092	0.669319	1.125002	0.205675	1.104405	0.960562	0.524121	0.046106	1.345594	1.900619	-0.327221	0.000420	0.398980	2.024508	-0.388169	0.286690	1.741928	1.165960	1.540633	1.529882	0.606046	1.377786	1.817806	1.385871	0.485128	1.774977	0.276334	0.928021	0.395470	0.888646	-0.473842	-0.251874	0.805315	0.463027	1.216818	0.908528	1.528335	1.640628	1.305781	1.603862	1.586053	1.502998	1.295710	1.055638	1.995973	1.926449	0.447974	-0.076049	-0.001188	-0.761340	0.253183	0.183761	1.048460	0.494114	0.494635	0.998545	1.569599	1.149809	1.721831	1.175171	1.753661	2.099927	1.272153	-0.360639	1.877474	0.402539	0.654654	1.517986	1.655510	1.716297	0.124902	1.681648	2.103443	0.860229	0.410229	1.606579	0.335223	1.215120	0.452790	0.528933	0.158779	0.037731	0.515478	-0.431939	0.481721	0.257514	-0.139995	0.266354	0.310009	0.300825	2.007863	2.506677	1.777718	0.872170	1.555544	1.149422	1.530136	1.369025	1.384345	1.246387	1.648358	1.622914	1.649080	1.871000	0.367477	1.130793	0.662430	0.281471
0.855831	0.704563	1.586073	0.889065	1.004511	0.652493	1.009699	1.507343	0.639166	1.240704	1.482215	2.629154	0.115754	0.623132	-1.007767	1.073723	-1.191881	0.564354	1.521975	1.873306	0.151185	1.139820	-0.043353	1.462705	1.517623	2.409188	0.533338	0.509952	-1.184543	1.250585	0.474931	1.678851	-0.155019	0.479736	1.475146	1.739551	2.011082	2.677045	2.042558	2.571024	0.809392	1.715108	0.405720	0.826451	1.650959	1.852649	1.722277	1.565170	1.906510	0.662054	1.325237	0.664832	-1.343507	-0.973051	1.413402	0.758106	2.016659	1.600891	0.993633	0.274976	0.991744	0.217415	1.839706	1.707962	0.753649	0.340071	0.011044	-0.746774	-0.629664	-0.231293	0.825961	0.919886	-1.505171	0.255252	1.548933	-0.288013	1.136857	1.525402	1.648343	1.963438	1.806255	1.536800	0.710923	0.585547	1.641561	-0.023727	0.364629	0.518588	-0.710205	-0.447349	-0.074365	0.493351	1.811667	1.325793	1.230197	0.584798	0.856894	0.969549	1.509606	1.874554	0.266761	0.874725	0.873728	1.022141	1.322117	1.598448	0.890553	-0.292248	-0.399389	-0.047412
0.420538	0.507977	0.927860	0.627093	0.923557	0.829713	0.456347	1.318641	-0.005696	1.331462	0.149332	1.554622	0.866292	1.300873	-2.154186	-0.310488	-0.940664	0.619700	-0.043034	1.288642	-1.310179	0.361308	-1.125820	0.704699	0.114715	2.343022	-0.599077	-1.692304	-1.985417	0.323637	0.138138	1.303990	0.520431	1.235872	1.520761	2.095348	1.805691	3.029008	1.047862	2.268908	-0.105117	0.976506	-0.493580	0.137182	0.913128	1.512732	0.117487	0.055121	2.144444	1.320222	2.017922	2.094845	-1.854322	-1.535326	1.340505	0.818499	2.755327	1.645965	0.655682	0.127925	0.300752	-0.096279	0.829269	0.152658	-0.288016	0.796547	-1.637202	-1.506808	-1.166552	-0.778105	-0.487394	-0.187348	-2.445202	-1.485422	-0.142117	-1.397853	0.781529	0.762515	2.105143	1.967274	1.455149	1.866554	0.675776	0.528644	1.388705	0.764487	-0.083353	0.105975	-1.247619	-1.255855	-0.762293	1.128416	0.493676	-0.308242	-0.312039	-0.260420	-0.056559	0.563601	0.975047	0.515174	-0.602761	-0.037087	0.445624	0.294727	0.371406	0.722807	0.608248	-1.004007	-1.095700	0.084602
-0.310711	-0.174965	-0.327510	0.114207	0.345797	0.354032	-0.495808	0.311708	-0.842508	0.367029	-1.659637	-0.411132	0.856572	1.234423	-2.007514	-1.395525	0.151212	0.285771	-2.012442	-0.162646	-2.192246	-0.659445	-1.812115	-0.357370	-1.339484	1.303178	-1.924738	-3.297924	-1.206023	-1.363065	-0.398299	0.131284	0.700104	1.088444	0.556772	0.952206	0.523132	1.616623	-0.720480	0.846721	-0.839056	-0.232485	-0.909919	-0.441197	-0.417455	0.384756	-1.894719	-1.719038	0.673761	1.282650	1.387790	2.024871	-1.380034	-1.446628	0.493554	0.353825	1.808226	0.831884	0.414804	0.392900	-0.253866	0.105360	-0.833925	-1.670630	-1.187307	0.727622	-1.743085	-0.868919	-0.732410	-0.063567	-1.634593	-1.013673	-1.949608	-2.406089	-1.972920	-1.499858	-0.354169	-0.394614	1.307265	0.978272	-0.129712	1.316841	-0.213753	-0.189594	-0.381284	0.853484	-0.310369	-0.482357	-1.324834	-1.522180	-1.239579	1.212300	-1.322700	-1.784812	-1.945992	-1.435863	-0.792473	-0.048027	-0.096597	-1.885863	-0.912858	-0.605022	0.652645	-0.486822	-0.555856	-0.441403	0.197600	-0.730968	-0.774392	0.861911
-1.180766	-1.001567	-1.482620	-0.239902	-0.854802	-0.659299	-1.453999	-1.073215	-1.220839	-0.761441	-2.491780	-1.630837	-0.239432	0.232493	-0.540979	-1.815970	1.277508	-0.304822	-2.991972	-1.251919	-2.085575	-1.594673	-1.463483	-1.080570	-1.639606	-0.026764	-2.220770	-3.296044	0.123327	-2.597359	-0.684141	-0.729021	0.032812	-0.063407	-0.837030	-0.779387	-1.016181	-0.398262	-1.952568	-0.842875	-1.012235	-1.354743	-1.138202	-1.153893	-1.341299	-0.434474	-2.991318	-2.606194	-1.234842	0.567427	-0.291558	0.208407	-0.962310	-0.965030	-0.770194	-0.614627	-0.326347	-0.422818	-0.079839	0.202463	-0.739675	0.070440	-2.172461	-2.669710	-1.733546	0.207500	-0.700738	0.491157	0.172263	0.692840	-2.091829	-1.365270	-0.702309	-2.007120	-2.699997	-0.315604	-1.144468	-1.310898	-0.256130	-0.682064	-1.379936	0.228873	-1.424641	-0.958180	-2.283278	-0.125571	-0.023163	-0.435816	-0.683656	-1.018167	-1.062867	0.103375	-2.567831	-2.553637	-2.813150	-2.411738	-1.238446	-0.704745	-1.141402	-3.368860	-0.795398	-0.230116	0.988248	-1.416066	-0.821646	-1.310392	0.281582	-0.140622	0.322967	1.856447
-1.587373	-1.388808	-1.644441	-0.105069	-1.759403	-1.379369	-1.771545	-1.883896	-0.845987	-1.191253	-1.797723	-1.350985	-1.161870	-0.718852	1.037853	-1.643605	1.981635	-0.762288	-2.320740	-1.027630	-1.120120	-1.982102	-0.174743	-1.206042	-0.573753	-0.865178	-1.306966	-2.006002	0.553731	-2.568084	-0.310994	-0.540039	-0.503729	-0.984677	-1.410991	-1.432686	-1.643446	-1.420352	-1.833568	-1.751830	-0.648081	-1.836382	-1.229731	-1.853133	-1.161648	-0.120091	-2.462826	-2.181701	-1.840049	-0.137135	-1.686269	-1.657249	-1.286176	-0.472930	-1.478303	-1.416363	-1.944975	-1.117670	-0.698007	-0.585264	-0.976072	-0.454458	-2.324862	-2.392115	-2.061004	-0.590196	0.130188	1.033423	0.935120	0.616064	-1.638459	-1.307235	0.112798	-0.650212	-1.828188	1.369309	-0.720246	-1.340448	-1.344623	-1.966850	-1.157384	-0.531851	-1.761336	-0.879523	-2.477385	-1.007486	0.408675	0.255297	0.472346	-0.073086	-0.063709	-1.311860	-2.348330	-2.274057	-2.677588	-2.623889	-1.092946	-0.881743	-1.340978	-2.691902	-0.467703	0.625003	0.804401	-2.038172	-0.207632	-1.379735	0.575826	0.068996	1.151088	2.335312
-1.053894	-0.983179	-0.497599	0.495900	-1.309859	-0.995728	-1.075474	-1.341110	0.054611	-0.811148	-0.386093	-0.279847	-0.429965	-0.425048	1.448361	-1.076050	2.258455	-0.772366	-0.600764	0.253736	0.091968	-1.495753	1.294026	-0.882619	0.869841	-0.827859	-0.065532	-0.615450	0.115791	-1.600739	0.625835	0.353370	0.366046	-0.359548	-0.554853	-0.356602	-0.993415	-1.044878	-0.674446	-1.433635	-0.002246	-1.338222	-0.779941	-1.818784	-0.078769	1.009543	-0.760427	-0.980747	-0.735223	-0.177087	-1.589952	-1.666948	-1.837049	-0.241384	-1.002601	-1.253055	-1.780461	-0.696980	-0.854751	-1.062096	-0.576974	-0.749353	-1.238706	-1.312740	-2.133231	-1.467277	0.111562	0.209243	1.331038	0.166606	-0.430291	-0.863458	0.112337	0.753618	-0.073193	2.318163	0.616050	-0.406328	-1.009527	-1.850617	0.152827	-0.312322	-0.534504	0.335951	-0.533921	-0.404224	0.462811	0.708983	1.510786	0.741730	1.448234	-1.433395	-0.744673	-1.089960	-1.873456	-1.886195	0.023729	-0.111697	-0.509357	-0.446156	-0.050030	0.962564	0.243418	-1.562006	0.899106	-0.682270	0.369092	-0.056888	0.941576	1.986433
-0.006270	-0.098928	1.071554	1.053242	0.169584	0.222411	0.187880	0.164298	0.817500	-0.233146	0.460736	0.284340	1.549149	0.879233	0.634353	-0.349333	2.004444	-0.451078	0.851561	1.273792	0.797636	-0.380448	2.040406	-0.498490	1.375344	-0.294047	0.621052	0.032801	-0.038856	-0.737634	1.362365	0.935284	2.286725	1.381250	0.816616	1.213514	-0.023511	-0.405636	0.399176	-0.442625	0.588020	-0.102835	0.299447	-0.761849	0.856330	1.676072	0.790322	0.015722	0.810121	0.365988	-0.264822	-0.028085	-1.639224	-0.238766	0.128841	-0.166915	-0.386464	0.215902	-0.361412	-0.478769	0.328775	-0.193857	0.138016	-0.428347	-1.701271	-2.051324	-0.265268	-0.940342	1.277157	0.249020	0.807977	-0.234317	-0.172879	1.302082	1.189530	1.941756	1.623828	0.671305	0.226485	-0.585066	1.068818	0.558737	1.324152	1.759312	1.820965	1.261914	0.131346	0.245934	1.747427	0.997509	2.591996	0.045217	0.907755	0.207762	-0.987212	-0.733245	1.682877	1.270258	0.563281	1.553274	0.246116	0.394543	0.171823	-0.017112	1.688263	0.160849	-0.462905	-0.090720	-0.012938	1.163756
0.442420	0.476185	1.574375	0.942685	1.012305	1.011450	0.963921	1.120620	0.848646	-0.061130	0.275061	-0.261121	2.591066	1.472486	-0.286902	0.145690	1.030501	-0.197151	1.164578	0.935486	0.579848	0.573143	1.701113	-0.437966	0.471439	-0.200856	0.671432	0.096878	0.511836	-0.605207	1.109595	0.569053	3.185245	2.196245	1.088895	1.397129	-0.075427	-0.748093	0.467471	0.140864	0.790673	0.987596	1.156410	0.369714	0.612887	0.867471	0.974215	0.072077	1.294655	0.896902	0.753142	1.081509	-0.555048	-0.152757	0.689242	0.856011	0.451730	0.448883	0.098081	0.600296	0.777458	0.590486	0.548745	-0.463129	-0.716927	-1.842300	-0.453446	-1.048203	0.578706	0.827678	1.014099	-0.051760	-0.212379	0.659420	1.100606	0.758944	1.365661	0.762502	0.625944	0.217011	0.612427	1.015896	1.918924	1.956925	2.297031	1.909191	-0.112741	-0.653083	1.026578	0.696746	2.467544	1.537194	1.002521	0.577082	-0.609619	-0.201277	2.462229	2.138403	0.910011	1.895522	0.112809	-0.518255	0.961920	1.345475	1.444340	0.501718	-1.308826	-0.019383	-0.781706	0.354200
-0.252466	0.304863	0.491062	0.134328	0.144048	0.579421	0.595280	0.458908	0.253915	-0.201365	-0.269261	-1.339937	1.365683	0.230689	-0.396046	-0.002727	-0.322975	-0.172585	0.568040	-0.462924	-0.339075	0.726703	0.769899	-0.757948	-1.053594	-1.092172	0.531079	0.153903	0.960095	-0.840633	-0.016270	-0.408737	1.729126	0.878323	-0.198475	-0.174490	-1.319808	-1.851444	-0.335665	-0.232324	0.499616	1.106647	0.749881	0.287385	-0.719191	-1.043117	-0.262280	-0.801822	0.524972	1.153351	0.405668	0.211191	0.569290	0.288437	0.084349	0.983910	-0.263578	-0.366662	-0.280723	0.865129	-0.078120	0.391712	-0.359254	-1.248278	0.448313	-0.719646	-0.565385	0.003760	-0.651628	1.012817	-0.196443	-0.838011	-0.016560	-0.659843	-0.011419	-0.275993	0.136928	-0.349373	-0.812851	-0.667744	-0.621601	0.478637	0.550198	0.621271	0.567734	0.378918	0.069175	-0.835497	0.002309	0.309293	1.130118	1.328246	-0.641223	-0.347247	-1.019610	-0.930804	1.339475	1.631811	0.419404	0.719237	-0.472462	-1.059045	1.714066	1.325342	0.113267	0.274897	-1.607599	-0.221882	-0.866736	-0.327785
-1.311304	-0.202833	-1.022475	-0.665038	-1.493162	-0.344730	-0.454347	-1.094306	-0.221103	-0.070370	-0.296968	-1.847171	-0.785007	-1.674608	-0.034274	-0.824215	-1.184112	-0.178831	-0.120327	-1.556818	-1.298963	0.157057	0.083424	-1.084961	-1.922194	-2.316016	0.430004	0.305566	0.738241	-0.694471	-0.980309	-1.102313	-0.707056	-1.204642	-1.692376	-1.823562	-2.392016	-2.228616	-1.000968	-0.996111	0.001626	0.328801	-0.740866	-0.942680	-1.830518	-2.497736	-1.637415	-1.783305	-0.462825	1.373548	-0.623487	-1.493483	0.910720	0.916528	-1.018428	0.442373	-1.648223	-1.380240	-1.328776	-0.110130	-1.741860	-0.881163	-1.504000	-1.846299	1.221285	0.599808	-0.773270	0.984066	-1.659224	0.328431	-1.756521	-2.133270	0.253590	-1.597555	-1.137501	-0.744463	-0.933422	-1.503525	-2.830729	-2.406000	-1.194868	-0.348552	-1.250629	-0.868127	-1.253890	-1.818879	0.446108	0.021223	-0.392759	0.346086	-0.247061	-0.384537	-2.289085	-1.687844	-1.779136	-2.348117	-0.889523	0.096051	-0.209577	-0.602726	-1.082976	-1.195157	1.227845	0.193583	-1.521674	-0.088983	-1.397721	-0.760517	-0.664690	-0.944045
-1.506459	-0.371898	-1.416353	-0.829624	-2.047895	-0.470329	-1.126488	-1.838638	-0.068651	0.435303	0.220857	-1.271522	-1.467104	-2.007124	-0.214684	-1.821856	-1.087796	-0.128852	-0.487331	-1.479426	-1.763563	-0.639385	-0.096972	-1.022339	-1.588942	-2.578978	0.246721	0.250672	0.513655	0.010946	-0.927035	-0.978035	-1.528960	-1.667190	-1.779007	-1.755620	-1.851377	-0.990280	-0.770249	-1.148826	-0.323160	-0.523734	-1.856031	-1.822671	-1.520815	-2.203684	-1.677664	-1.877896	-0.797766	1.515759	-0.759548	-1.747878	0.410607	1.119259	-1.508271	0.001573	-2.064883	-1.559391	-2.003548	-1.346182	-2.660778	-1.945040	-1.386974	-1.472990	1.201064	0.972507	-0.678253	0.766293	-1.702131	-0.720369	-1.979464	-2.685463	0.698071	-1.435561	-1.595317	-0.889972	-1.076695	-1.334168	-3.031086	-2.875921	-0.526962	-0.271396	-1.454634	-1.002154	-1.088653	-2.143353	0.452468	0.827902	0.055911	0.745859	-0.570471	-1.724615	-2.038385	-2.045388	-1.845716	-2.957308	-2.275616	-1.279939	-0.478657	-0.892223	-1.271065	-1.412753	-0.424599	-0.712196	-2.367358	-0.317542	-0.995976	-1.200725	-0.847367	-1.363653
-0.661498	-0.209023	-0.568147	-0.581709	-1.044497	0.229124	-0.981449	-1.250952	0.343336	0.536881	0.568968	-0.194675	-0.295031	-0.344521	-1.105026	-2.362401	-0.547943	-0.311578	-0.745775	-0.770961	-1.641026	-1.363400	-0.251891	-0.676950	-0.665004	-1.501730	-0.010451	-0.008558	1.054990	0.724301	-0.115960	-0.330050	-0.225089	-0.196979	-0.535094	-0.243540	0.093027	0.837411	-0.024933	-0.525866	-0.519509	-0.944281	-1.523069	-1.328330	-0.106620	-0.443510	-0.246972	-0.934301	-0.659423	0.945003	0.510480	-0.073497	-0.435178	0.426754	-1.055008	-0.140269	-1.065333	-0.877273	-1.638336	-1.692035	-1.946817	-1.839146	0.196321	-0.372885	0.439305	-0.005186	0.112573	-0.352542	-0.951706	-1.369103	-0.447679	-1.828667	1.351445	-0.528695	-1.382231	-0.955496	-0.517375	0.065763	-0.740733	-1.246902	0.488392	0.795327	-0.044308	-0.036478	0.570899	-0.171239	-0.130979	0.406970	0.546261	0.853296	-0.065287	-1.363963	-0.040018	-0.996903	-0.579111	-1.769253	-1.903749	-1.714585	-0.653367	-0.264224	-1.026019	-1.842056	-1.932791	-0.717564	-1.975647	-0.586452	-0.506441	-1.246009	-1.434848	-1.458015
0.181416	-0.322691	0.210335	-0.564075	0.176009	0.447676	-0.551352	-0.522063	0.249475	-0.414530	0.316556	0.385241	0.737523	1.241752	-1.613800	-2.165617	-0.318138	-0.888777	-1.046629	-0.478671	-1.092866	-1.920984	-0.718201	-0.549500	-0.151720	-0.201370	-0.059301	-0.145988	1.734287	0.845109	0.435986	0.145461	0.970188	0.982114	0.430872	0.696855	1.673053	1.318690	0.168200	-0.025430	-0.971328	-1.211466	-0.320871	-0.211445	0.867757	1.125283	1.226572	0.110769	-0.681081	-0.561103	1.997626	1.589939	-1.090706	-0.823032	-0.289634	-0.400861	0.209853	-0.206194	-0.672228	-1.089715	-0.378675	-1.106485	1.745767	0.414678	-0.494183	-1.366060	1.116369	-1.040901	-0.263167	-1.355434	1.349722	-0.312778	1.734392	0.041090	-0.777695	-0.801880	-0.013328	1.114709	1.922242	0.878732	0.662941	1.526677	1.000940	0.359949	1.359499	1.795637	-0.785729	-0.863057	0.214704	0.234287	0.099355	0.005845	1.602227	0.400396	1.329007	0.539410	-0.793324	-1.443457	-1.145809	0.248773	-0.643845	-1.904830	-2.333755	-0.482288	-0.974503	-1.036681	0.065245	-1.112335	-1.669461	-1.433829
0.135902	-0.863812	-0.028855	-0.787502	0.335094	-0.501739	-0.421816	-0.674461	-0.498184	-1.729882	-0.128629	0.167886	0.057470	0.801782	-0.770492	-1.363503	-0.359627	-1.344470	-1.008799	-0.694070	-0.268752	-2.051539	-1.006944	-0.804613	-0.398365	0.053225	0.150852	-0.149175	1.165232	0.346865	0.142491	0.144991	0.069123	0.049320	0.043885	-0.170787	1.480267	-0.080953	-0.595432	-0.362029	-1.656681	-1.590238	0.372048	0.170815	0.441535	1.091361	1.262670	0.292492	-0.889100	-1.934805	2.191525	1.341717	-1.184845	-1.562886	0.089647	-0.833051	0.518441	-0.150408	0.045464	-0.324961	0.601205	-0.776379	1.633053	0.281241	-0.834397	-1.648889	1.371326	-0.561651	-0.096096	-0.849618	1.647476	0.626606	1.212241	-0.264839	-0.028914	-0.280204	-0.004325	0.636466	2.400031	1.381156	-0.064617	0.797600	0.293587	-0.614876	0.147514	1.483244	-0.703137	-1.372281	-0.720720	-0.624610	-0.602630	0.663850	1.307738	0.855367	2.389981	2.171309	-0.359843	-1.093718	-1.692545	0.018620	-0.299952	-1.040589	-1.891821	-0.776466	-0.334893	-1.316203	0.472712	-1.027755	-0.895553	-1.520164
-0.479255	-1.117546	-0.727727	-0.589996	-0.233857	-1.504795	-0.410804	-1.042851	-1.166541	-1.896295	-0.130299	-0.236313	-1.406549	-1.020336	0.845045	-0.239354	-0.044247	-0.913506	-0.223837	-0.535807	0.621546	-1.467372	-0.424620	-0.912564	-0.899840	-0.592481	0.184435	-0.334669	-0.695720	-0.242744	-0.545913	0.010770	-2.068177	-2.004157	-0.997285	-1.792399	-0.024318	-1.743671	-1.480706	-1.013625	-1.850398	-1.626036	0.120022	-0.217376	-0.630422	-0.297391	-0.075262	-0.208646	-0.678474	-1.803179	0.913641	-0.384297	-0.605122	-0.996072	0.042788	-0.831042	-0.084166	-0.364854	0.270399	0.056965	0.491281	-0.842128	-0.078063	-0.187154	-0.256212	-0.481796	0.683188	0.383008	-0.157247	-0.127953	0.364551	0.738460	-0.160613	-0.730606	0.570760	0.348554	-0.291620	-0.648219	0.652417	0.205888	-0.708927	-0.811997	-1.237722	-1.791756	-1.568578	-0.749312	0.275064	-0.354950	-1.167012	-0.800856	-1.369801	-0.086836	-0.224770	0.317703	1.956510	2.038644	-0.628327	-0.855674	-1.585228	-0.542565	0.018966	0.380749	-1.306516	-1.251154	-0.238058	-0.970173	0.430091	-0.744733	0.531163	-1.447023
-0.730969	-0.508564	-0.797644	0.225174	-0.316216	-1.084356	0.000273	-0.403287	-0.953787	-0.487388	0.318484	-0.200978	-1.627927	-1.913550	1.604027	0.884986	0.734087	0.346601	0.971430	0.473268	1.180053	-0.388580	0.818966	-0.303255	-0.970758	-0.901532	-0.274024	-0.632590	-2.041868	-0.352997	-0.732404	0.182641	-2.959309	-2.705283	-1.305752	-2.228920	-1.145192	-1.783883	-1.373446	-0.914502	-0.949393	-0.823420	-0.286234	-0.196725	-0.862952	-1.453702	-1.353373	-0.297447	0.219534	-0.359797	-0.611493	-1.508093	0.313658	0.409843	-0.035109	-0.135687	-0.569841	-0.177481	0.337244	0.109571	-0.067846	-0.546191	-1.705378	0.083903	0.761935	0.947551	-0.125929	0.595958	-0.125903	0.417141	-1.000504	0.818325	-1.461222	-0.295239	0.732009	0.604165	-0.424455	-1.050839	-0.988279	-0.691059	-0.523370	-1.662894	-1.696713	-1.655482	-1.782247	-2.557414	1.283159	0.983733	-0.589384	-0.155446	-1.204751	-1.304634	-1.137435	-0.149057	0.942038	0.846117	-0.574390	-0.529969	-0.674150	-0.670730	0.250534	1.216295	-0.784452	-0.993595	-0.016081	-0.189099	0.090545	0.018671	1.423147	-0.728185
-0.324245	0.394821	-0.194866	0.806929	0.425408	0.465456	0.710754	0.966719	0.088624	1.050576	0.645288	0.154544	-0.265103	-0.843334	0.741587	1.567701	1.239476	1.306251	1.615550	1.600781	1.062266	0.461954	1.635279	0.724237	-0.420083	-0.256708	-0.805188	-0.498904	-1.336477	0.083931	-0.103076	0.537399	-1.689831	-1.249461	-0.565090	-1.048327	-0.840107	-0.260085	-0.189126	-0.000787	0.559841	0.265779	-0.140462	0.742863	0.110288	-1.189873	-1.420881	0.675804	1.175757	0.546890	-1.127995	-0.863902	0.889792	1.162933	0.032342	0.428630	-0.324589	0.409230	0.415060	-0.024454	-0.376521	0.192592	-1.789297	1.324049	1.315055	1.129635	-0.358860	-0.172056	-0.163253	0.314186	-1.207514	1.447784	-1.704175	0.943242	0.503107	0.252158	-0.261070	-0.100786	-0.740296	0.113246	0.195308	-1.054950	-0.654738	-0.400447	-0.575692	-2.362375	1.188928	0.864470	0.194125	0.339148	-0.279498	-1.697180	-0.735602	0.234473	0.645177	0.193458	0.141215	-0.141144	0.268989	-0.187335	0.200269	0.761553	-0.261943	0.009425	0.678615	0.232619	-0.080434	0.842814	0.958710	0.503377
0.177157	0.422950	0.103864	0.254525	1.052253	1.275804	0.970513	1.415301	1.067617	0.973035	0.466157	0.267619	0.977396	0.856481	-0.746057	1.386806	0.848293	0.926731	1.099419	1.729204	0.350635	0.524374	1.236628	1.117438	0.381337	0.584855	-0.694141	0.201636	0.644502	0.520290	0.711084	0.431977	0.169704	0.677047	0.297102	0.333842	0.370130	1.025797	1.069277	0.589758	1.395125	0.391919	0.244117	1.558696	1.094935	0.026953	-0.513719	2.120740	1.282306	-0.451719	-0.536675	0.604420	0.712069	0.264018	0.002397	-0.172875	0.218273	0.698502	0.296530	-0.405220	-0.394530	0.553407	-0.525145	2.592537	0.863945	-0.210085	-0.259790	-1.044512	-0.482284	-0.540075	-0.467328	2.208928	-0.727735	1.667843	0.283175	-0.557133	-0.136830	0.907734	0.667347	1.747954	0.563992	0.017746	0.526394	0.403138	0.265645	-0.800668	-0.262919	-0.900971	0.009380	-0.243049	0.280057	-1.008591	0.018558	1.156242	1.185863	0.780932	0.609772	-0.074515	0.398109	0.444601	-0.185767	-0.391044	0.028707	0.673588	1.106231	-0.184483	0.032751	0.859421	-0.410801	1.380757
0.250307	-0.719732	-0.448535	-1.116886	0.659754	0.261451	0.342997	0.105596	1.172660	-0.722311	-0.001817	-0.065933	0.696515	1.343422	-1.300548	0.402461	-0.096025	-0.432412	-0.167954	0.681300	-0.487258	-0.108262	-0.058968	0.271788	0.889820	0.591295	0.084529	0.775116	1.694382	0.334088	0.777606	-0.528492	0.746808	1.145779	0.416217	0.530161	1.268973	0.761552	1.480878	0.038365	0.850854	-0.807303	0.125542	1.009032	0.746315	0.710623	0.346252	2.845117	0.353516	-2.542162	0.273923	1.205552	0.151412	-1.553207	-0.362118	-1.722043	0.323021	0.270528	-0.065781	-0.945621	-0.395075	0.065621	0.727466	2.799043	-0.302164	-1.876675	-0.355456	-1.095975	-0.860300	-1.563702	0.203580	2.284077	0.746164	0.979266	0.310242	-1.436893	-0.489381	0.688064	1.196878	2.175743	0.082974	0.244047	0.558959	-0.099634	-0.216026	0.419347	-2.148868	-2.681503	-1.120222	-1.551582	-0.194769	0.043219	0.110217	1.798286	1.533321	1.767835	0.022159	-0.497092	-0.185526	0.726119	-0.638827	-0.949228	-0.193509	0.232432	0.339436	-0.959830	0.013267	-0.116485	-1.397580	1.220944
0.075873	-1.962432	-1.187569	-2.012328	-0.417019	-1.478788	-0.654911	-1.775861	0.487031	-2.293483	-0.295297	-0.460456	-0.448339	0.418206	-0.502015	-0.657155	-0.678926	-1.226694	-1.154655	-0.569112	-1.018657	-0.838317	-1.273766	-1.103685	0.820141	-0.174822	0.743947	0.548241	0.893917	-0.437935	-0.125809	-1.830456	0.019239	0.160784	-0.049262	-0.261396	1.297510	-0.436209	1.116355	-0.973093	-0.397130	-2.126860	-0.546008	-0.629569	-0.854470	0.147502	0.626779	2.247495	-0.895406	-3.622845	0.545784	0.482940	0.007249	-2.416271	-0.824746	-2.712979	-0.045481	-0.370842	-0.264817	-1.175873	-0.401838	-0.648139	1.023291	1.798975	-1.301776	-2.368697	-0.511627	-0.269422	-0.917881	-1.923251	0.286484	1.462592	1.777914	-0.390887	0.344689	-1.902705	-1.263585	-0.378187	0.084196	0.676044	-0.891363	-0.399371	-0.362525	-1.101539	-1.042161	0.459448	-3.168813	-2.858129	-1.915353	-2.269968	-1.151622	0.800528	-0.260022	1.772814	0.950281	1.875514	-1.030878	-0.924697	-0.532412	0.540641	-0.752182	-0.333858	-0.643693	-0.673648	-1.244977	-1.130359	-0.468579	-1.120293	-1.175205	0.311332
0.133460	-1.996164	-1.135043	-1.614640	-1.017167	-2.022732	-1.095214	-2.358491	-0.216151	-2.188317	-0.244127	-0.447585	-0.816777	-0.608282	0.697365	-0.966384	-0.495720	-0.427733	-1.181690	-0.975917	-1.100881	-1.026558	-1.734496	-1.627644	0.338001	-0.681732	0.615192	-0.214058	-0.464475	-1.031286	-1.195651	-2.355975	-0.619653	-0.778233	-0.295244	-0.773893	0.848987	-0.974132	0.686717	-1.079919	-1.043506	-2.063133	-0.997694	-1.754466	-2.199351	-0.805418	0.611428	0.754393	-1.608877	-2.635999	0.338491	-0.529317	0.572412	-1.288149	-0.820304	-1.974400	-0.261115	-0.404266	0.049084	-0.702705	-0.246607	-0.703979	0.596259	0.362827	-1.378667	-1.179355	-0.236712	0.743064	-0.637899	-1.338292	0.088750	0.263266	1.851631	-0.948436	0.042670	-1.570117	-1.750633	-0.879886	-1.364118	-1.347284	-1.484487	-0.855589	-1.123641	-1.349127	-0.851237	-0.115411	-2.692040	-1.408702	-1.391811	-1.616608	-1.533472	1.160939	-0.260205	1.251620	-0.115185	0.833576	-1.186754	-0.690668	-0.002153	0.122609	-0.341506	0.737210	-0.649043	-0.773692	-2.057949	-0.322585	-1.114246	-1.039139	-0.100110	-0.431658
0.436574	-0.642376	-0.236685	-0.390618	-0.579057	-0.899054	-0.671256	-1.141163	-0.375556	-0.556762	-0.049537	0.004853	-0.054397	-0.733787	1.168029	-0.364663	-0.044044	1.198676	-0.463032	-0.513353	-0.765343	-0.386249	-1.450190	-0.724904	-0.106644	-0.248086	-0.113681	-0.620724	-0.785528	-0.707325	-1.426955	-1.493036	-0.346317	-0.690068	0.124737	-0.304957	0.485691	-0.225212	0.582817	0.021045	-0.540428	-0.478439	-0.584523	-1.262062	-1.919534	-0.901370	0.681229	-0.726034	-1.537703	-0.538362	0.095025	-0.765050	1.279249	0.910273	-0.143953	-0.018928	0.043299	0.195593	0.594441	0.213692	0.032755	-0.073225	0.209136	-0.714571	-0.516456	0.882186	0.391795	1.253281	-0.285292	-0.303815	0.043637	-0.756690	1.059777	-0.220366	-0.528076	-0.488331	-1.258510	-0.328028	-1.501689	-2.043457	-1.087543	-0.506103	-1.032559	-0.624288	0.270323	-0.394785	-1.143597	0.384666	-0.001680	-0.169907	-0.954407	1.143481	0.319025	0.505897	-0.719464	-0.427525	-0.091895	0.183123	0.919721	-0.181065	0.382367	1.134555	-0.026284	0.192567	-1.137654	0.830981	-1.243989	0.129617	0.836233	-0.467033
0.551113	1.087896	0.706996	0.643480	0.283078	0.606927	0.064202	0.708877	-0.083078	1.215749	0.078845	0.559139	0.581618	-0.257466	0.702021	0.627799	0.015477	1.884400	0.258372	-0.032152	-0.086278	0.813553	-0.763594	0.811758	-0.174703	0.690164	-0.700472	-0.190235	-0.057195	0.494575	-0.693338	0.159018	0.276840	-0.008733	0.857549	0.600092	0.301531	0.924254	0.587322	1.238024	0.482416	1.351303	0.433239	0.281274	-0.247839	-0.124563	0.786555	-1.533704	-1.015267	0.969649	-0.082495	-0.278821	1.435336	2.372553	0.695184	1.522479	0.505675	0.590189	0.760416	0.859341	0.183653	0.548300	0.214052	-1.187218	0.594702	2.436184	0.799810	1.106383	0.051905	0.490640	0.173455	-1.421641	-0.028222	0.886074	-0.941349	0.751217	-0.008762	0.293505	-0.296052	-1.107500	0.102871	0.161243	-0.260460	0.336056	1.075358	-0.193204	0.429829	1.372687	1.069808	0.911850	0.055698	0.592478	0.915697	-0.243400	-0.547650	-0.845069	1.088051	0.921989	1.201158	-0.189060	0.994804	0.572562	0.606253	1.176312	0.621336	1.410324	-0.480160	1.363314	1.059993	-0.092775
0.311737	2.085085	1.093350	1.039296	0.695990	1.205239	0.451275	1.787565	0.310502	2.027414	0.175655	0.927071	0.142767	0.043348	-0.023039	1.413792	-0.271063	0.930735	0.482755	-0.112838	0.699035	1.842744	0.021159	1.749515	0.087951	1.196850	-0.668414	0.716986	0.650160	1.764263	0.210218	1.351222	0.397698	0.393681	1.202769	0.993603	0.139835	1.338522	0.426998	1.509497	1.060535	2.156281	1.197032	1.417762	1.212232	0.374708	0.736240	-1.516257	-0.450110	1.159019	-0.351989	0.196190	1.070712	2.320868	1.010214	1.651992	0.609206	0.240087	0.434988	0.872782	0.119151	0.719782	0.427062	-1.140392	1.198162	2.605569	0.818146	0.611605	0.477772	0.773152	0.310106	-1.664129	-0.664113	1.378415	-0.899752	1.426024	0.915406	0.042467	0.850279	0.180237	1.242838	0.461713	0.624838	0.904151	0.867170	0.058939	1.152494	1.386603	1.334473	1.129177	0.785543	-0.341055	1.061666	-0.621596	-0.021252	-0.265641	1.155478	0.916664	0.543726	-0.048095	1.209842	-0.228381	0.599315	1.224797	1.520208	1.177961	0.818476	1.804526	0.775358	0.051368
0.079587	1.988568	1.004195	1.005303	0.555942	0.908290	0.405329	1.666792	0.596023	1.786763	0.321563	1.019185	-0.665617	0.032643	-0.315441	1.628492	-0.331584	-0.475045	0.274924	-0.419424	1.105828	1.979505	0.608517	1.586995	0.334760	0.884241	-0.185992	1.351985	0.788865	2.187344	0.540931	1.381624	0.055333	0.343002	0.843805	0.623186	0.040352	0.906592	0.191212	0.969997	0.863442	1.745378	1.166964	1.377210	1.188119	-0.091013	0.600768	-0.915971	-0.059315	0.547762	-0.555735	0.324403	0.739689	1.447807	0.691293	0.833512	0.356935	-0.326544	0.140207	0.579014	0.035489	0.610289	0.590620	-0.661356	1.069151	1.579137	0.820426	0.153029	0.843567	0.692178	0.438686	-1.308285	-0.428899	1.182318	-0.519540	1.260663	0.733921	-0.623623	0.917616	0.575111	1.515096	0.436637	1.092395	0.994838	0.225487	0.090172	0.879378	0.896998	1.176148	0.820281	0.961683	-0.886554	0.863504	-0.292075	0.385707	0.518624	0.337604	0.390551	-0.271863	-0.037864	1.040169	-0.530688	0.092133	0.612944	0.999758	0.652069	1.682902	1.460707	0.429151	-0.252755
0.148856	1.107131	0.718983	0.735056	0.323361	0.458902	0.241047	0.809287	0.611737	0.962650	0.375787	0.776166	-0.569348	0.104534	-0.153499	1.058081	-0.009688	-0.766270	-0.051488	-0.343437	0.738207	1.099114	0.666097	0.727366	0.272604	0.185872	0.242671	1.212571	0.662237	1.471661	0.309107	0.611000	-0.110243	0.222302	0.133617	0.038837	0.142588	0.348270	0.086033	0.446960	0.303156	0.775376	0.570841	0.621185	0.068365	-0.731064	0.551347	-0.186255	0.054064	-0.052653	-0.283810	0.331076	0.661465	0.681976	0.209896	0.137440	0.112859	-0.280736	0.228309	0.413218	0.077656	0.447090	0.617147	0.034394	0.550222	0.313261	0.890612	-0.071125	0.697563	0.465427	0.585868	-0.427127	0.344197	0.740616	-0.149195	0.589556	-0.101182	-0.515180	0.288020	0.093889	0.778825	0.474460	0.859805	0.703387	0.037586	0.051561	0.169468	0.330632	0.875381	0.417063	0.669377	-0.442165	0.609733	0.444743	0.518831	0.614329	-0.192132	-0.034338	-0.382125	-0.154598	0.642456	-0.368903	-0.216312	0.234929	0.026697	0.346046	1.267820	0.793299	0.156977	-0.603456
0.271672	-0.017253	0.271820	0.183551	0.156867	0.173951	0.094848	-0.121885	0.215114	-0.003374	0.152906	0.168777	0.444759	0.374666	-0.030287	-0.159526	0.166007	0.101933	-0.310340	0.069931	-0.216272	-0.180194	0.122303	-0.148938	-0.052844	-0.196777	0.308137	0.366406	0.529741	0.192199	-0.013756	-0.088869	0.116832	0.202339	-0.242891	-0.128413	0.337263	0.156560	0.078727	0.289257	-0.091121	-0.059555	0.022242	0.060982	-0.599387	-0.233564	0.524210	0.246171	-0.128118	-0.300306	0.426944	0.356456	0.519928	0.195618	-0.019828	0.006874	0.044689	0.285515	0.323550	0.290118	0.109371	0.132077	0.477251	0.461361	0.124304	-0.331200	0.546809	-0.064328	-0.093828	0.195250	0.609031	0.380659	0.847657	0.270796	-0.006069	0.004030	-0.436271	0.629808	-0.072490	-0.331632	-0.285587	0.489827	0.164839	0.152602	0.397564	0.113500	-0.278344	-0.124152	0.270116	0.011884	0.080942	0.471103	0.347580	0.682017	0.407432	-0.070548	0.105890	-0.134558	0.148546	-0.082798	0.120253	-0.202441	-0.001664	0.313246	-0.280649	0.255154	-0.197224	0.108091	-0.117278	-0.466068
0.015004	-0.862572	-0.352083	-0.550867	-0.230209	-0.169219	-0.214787	-0.689967	-0.407693	-0.799164	-0.227060	-0.594961	1.124694	0.501754	-0.268099	-1.237237	-0.200562	0.745299	-0.504467	0.177654	-1.054037	-1.062459	-0.642419	-0.652536	-0.363437	0.013973	0.116124	-0.573376	0.191839	-0.693034	-0.126894	-0.185663	0.316400	0.099351	0.094513	0.213788	0.339976	0.147760	-0.039948	0.133250	-0.286491	-0.491372	-0.151647	0.071854	0.092594	1.459918	0.303567	0.222149	-0.478854	-0.306818	0.925506	0.221757	0.104677	-0.233270	-0.057198	0.031218	0.018130	0.426192	-0.146683	-0.198070	-0.090277	-0.445891	0.121446	0.227203	-0.030250	-0.268537	-0.397661	0.055964	-0.956127	-0.106538	0.320662	0.450967	0.700092	-0.165715	-0.026017	-0.152214	0.182814	1.742128	0.150584	-0.070437	-0.772193	0.084326	-0.305669	-0.330467	0.676770	0.154593	-0.243888	-0.376138	-0.549041	-0.390009	-0.561886	0.662067	-0.000601	-0.088139	0.145480	-0.724917	0.601518	-0.167713	0.509917	0.262896	-0.450369	-0.134184	0.277362	0.264719	0.143562	0.111299	-1.299941	-0.498284	-0.308873	0.203410
-0.644655	-1.130434	-0.942848	-1.106192	-0.923444	-0.696649	-0.813425	-0.825702	-0.763473	-1.198574	-0.447478	-1.137892	0.572388	0.198867	-0.620658	-1.274554	-0.748749	0.159518	-0.749105	-0.432446	-1.271369	-1.290772	-1.161876	-0.829839	-0.535963	0.396198	-0.023870	-0.844465	-0.460744	-0.692624	-0.047242	0.204011	0.115627	-0.192124	0.818692	0.614835	0.046677	-0.070536	-0.412365	-0.397179	-0.738196	-0.679650	-0.175382	0.267745	1.330460	2.792280	-0.192722	-0.164289	-0.816110	-0.308652	0.680578	-0.147265	-0.311728	-0.518237	-0.234613	-0.345071	-0.121439	-0.390593	-1.099029	-1.095665	-0.576301	-1.107979	-0.462128	-0.533867	-0.127309	-0.043453	-1.257801	0.194357	-1.144091	-0.451224	-0.291234	-0.282685	0.397844	-0.324403	-0.028280	-0.018638	0.990640	1.658571	0.522731	0.534507	-0.466157	-0.646785	-0.210006	-0.450459	0.320562	-0.062499	-0.037233	-0.396682	-0.986154	-0.634330	-0.963512	-0.256290	-0.429592	-1.259091	-0.131828	-0.531141	0.463226	-0.348500	0.133996	0.416143	-0.892084	0.106933	0.015355	-0.312795	0.568445	-0.185695	-0.768016	-0.937610	-0.211293	0.865784
-1.278053	-0.922821	-1.220214	-1.221500	-1.459841	-1.180482	-1.438252	-0.785229	-0.619971	-1.120684	-0.413552	-1.268028	-0.759822	-0.412709	-0.539475	-0.328946	-0.856688	-1.100305	-1.145484	-1.406259	-1.042614	-1.166561	-1.305782	-0.934119	-0.707604	0.236866	0.032651	-0.183335	-0.989974	-0.123302	0.138577	0.647526	-0.321021	-0.510267	1.174090	0.566181	-0.404413	-0.559783	-1.002538	-1.153127	-1.696736	-0.926112	-0.449653	0.074552	1.506509	2.239656	-0.874436	-0.795112	-1.035706	-0.440504	-0.110423	-0.507228	-0.368354	-0.384645	-0.678146	-1.095749	-0.394230	-1.511285	-1.797176	-1.866470	-1.224404	-1.586561	-1.197928	-1.313540	-0.417120	-0.055571	-1.222276	0.415685	-0.540958	-0.764739	-1.042515	-1.279109	0.640677	-0.069670	0.034782	0.037908	1.002832	0.382013	0.631662	0.659551	-0.024870	-1.043821	-0.109103	-0.404823	-0.612137	-0.541901	0.068484	-0.233974	-0.698989	-0.573385	-0.949428	-1.352210	-0.910885	-1.769254	-0.367727	0.360236	-0.301885	-0.547124	-0.724245	-0.057429	-0.968097	0.529454	-0.648756	-1.060002	0.510426	-0.538785	1.027235	-1.095900	0.151056	0.977829
-1.402091	-0.568063	-1.099228	-0.920829	-1.275243	-1.290075	-1.560275	-0.783387	-0.264788	-0.613326	-0.294990	-1.061550	-1.679895	-0.906442	0.244461	0.532979	-0.410842	-1.660607	-1.529291	-1.853733	-0.820678	-0.933953	-1.139502	-1.009565	-0.893825	-0.602885	0.095966	0.845200	-0.773592	0.403017	0.376867	0.860289	-0.518225	-0.623208	0.800299	0.035875	-0.827186	-1.026172	-1.537843	-1.596334	-2.562397	-1.240051	-0.932536	-0.533238	0.139730	0.104720	-1.543254	-1.548795	-1.065672	-0.656927	-0.802270	-0.614654	-0.059373	0.110356	-1.067809	-1.542339	-0.693308	-1.791992	-1.629392	-1.879115	-1.758703	-1.746115	-1.853243	-1.708925	-0.759396	-0.131058	-0.318606	0.871997	0.301006	-0.830084	-1.594654	-1.905783	1.379193	0.243516	0.021057	-0.056420	0.203190	-0.988018	0.511462	0.004359	-0.059141	-0.687270	-0.676350	-0.605377	-1.470125	-0.941019	0.246110	0.071595	-0.063924	-0.231203	-0.523457	-1.498431	-1.353721	-1.280024	-0.584370	0.979013	-0.908044	-0.508021	-1.322527	-0.770394	-0.578034	0.712178	-0.856293	-1.334879	0.209341	-0.812835	2.321040	-0.865764	0.482011	0.575811
-0.843628	-0.226177	-0.674681	-0.304503	-0.343155	-0.845275	-0.892444	-0.629161	-0.026299	0.193655	-0.191380	-0.591393	-1.437812	-0.850414	1.372296	0.523878	0.251912	-0.897227	-1.426360	-1.096259	-0.679411	-0.501027	-0.628724	-0.753784	-0.770853	-1.312250	-0.161828	1.310619	0.290959	0.607157	0.532920	0.817073	-0.221987	-0.409722	0.197408	-0.455303	-1.022675	-1.108052	-1.556734	-1.288466	-2.277436	-1.207217	-1.018615	-0.910343	-1.480806	-1.712172	-1.822082	-2.055082	-0.834058	-0.840472	-0.944543	-0.454248	0.356188	0.610389	-0.928350	-1.037578	-0.794319	-0.872700	-0.668195	-1.003103	-1.777681	-1.487963	-1.972451	-1.552787	-0.700526	0.031939	0.808884	1.491328	0.781695	-0.495846	-1.513538	-1.800291	1.875477	0.242468	-0.223689	0.049727	-0.575551	-1.394732	0.364700	-0.860711	-0.314381	0.110518	-1.476603	-0.890137	-1.507509	-0.830781	0.742651	0.473333	0.413938	0.261788	0.204046	-0.618497	-1.363063	-0.314592	-0.621530	0.690838	-0.690270	-0.215335	-1.174790	-0.809976	0.134406	0.402358	-0.092525	-0.925907	0.137567	-0.841226	1.865721	-0.178636	0.574236	0.115197
0.100672	0.153653	-0.084658	0.518863	0.706109	0.019962	0.195922	-0.012219	0.144885	0.977693	-0.045028	0.138554	-0.301141	-0.167651	2.026647	0.040257	0.867239	0.492549	-0.575948	0.586433	-0.367463	0.122165	0.168946	0.028877	-0.148432	-0.948447	-0.791520	0.788343	1.582387	0.538451	0.422861	0.559278	0.287331	0.061288	0.122293	-0.381981	-0.738738	-0.614338	-0.805783	-0.297981	-0.594575	-0.516266	-0.209444	-0.449632	-1.719309	-1.733871	-1.255863	-1.728045	-0.437186	-1.006971	-0.517304	-0.091560	0.664380	0.908600	-0.235289	0.193853	-0.495737	0.464112	0.471864	0.242145	-1.050586	-0.767007	-1.108963	-0.746169	-0.062209	0.289022	1.756648	1.837558	0.687620	0.012407	-0.573952	-0.932230	1.653856	0.242307	-0.647642	0.581662	-0.736918	-0.790214	0.231094	-1.156481	-0.149772	0.719516	-1.281745	-0.587434	-0.614544	-0.158241	1.268812	0.765892	0.689839	0.725612	0.927978	0.396348	-0.427272	0.599059	-0.096949	-0.078989	0.170178	0.031785	-0.451241	0.032710	0.843113	-0.087382	0.976489	-0.178441	0.321388	-0.457313	0.215280	0.796067	0.502957	-0.163589
0.805240	0.512498	0.489401	1.220571	1.090016	0.776791	0.897033	0.821778	0.403955	1.229973	0.115395	0.920326	0.748157	0.645077	1.551965	-0.053395	1.297791	1.357617	0.527820	1.931475	0.096934	0.536731	0.818176	0.931241	0.533013	0.369745	-1.357127	-0.261450	2.251353	0.242696	0.068207	0.112681	0.378435	0.476616	0.571577	0.166537	0.098013	0.355218	0.327512	0.781713	1.349990	0.461817	1.133857	0.637168	-0.391905	-0.348436	0.200532	-0.332165	-0.177794	-1.262745	0.207215	0.406756	0.801038	1.032452	0.397734	1.069756	0.109805	1.182285	1.155377	1.078304	0.098722	0.138646	0.636268	0.662585	0.712935	0.267733	2.416092	1.427974	0.137759	0.186370	0.851048	0.380654	0.984055	0.840729	-0.955745	1.103171	-0.451226	-0.008695	0.066804	-0.714616	0.392650	0.814571	0.210501	0.411138	0.433984	0.571284	1.143020	0.657724	0.869808	0.890744	1.101127	0.740758	1.329117	1.411823	1.076247	-0.415113	0.818165	-0.033950	0.264790	0.804344	1.175708	-0.334900	1.107710	0.391162	0.375163	0.263188	-1.096861	1.482911	0.368838	-0.358859
0.831802	0.615434	0.813800	1.319618	0.588568	0.832668	0.758349	1.109283	0.625039	0.702028	0.146211	1.318346	0.922145	0.879651	0.093812	0.367024	1.264650	1.244148	0.997452	1.775153	0.311595	0.485530	0.863208	1.230168	0.628020	1.470934	-1.262107	-0.955837	1.885411	-0.239806	-0.223351	-0.369582	-0.256904	0.469445	0.757330	0.575996	1.096235	1.385360	1.069033	1.311810	2.133202	0.975487	1.971898	1.450622	1.118578	0.866202	1.866266	1.539879	-0.209628	-1.473758	0.829365	0.838981	0.789857	0.925744	0.386416	0.765895	0.628045	1.042993	1.175630	1.117158	0.972206	0.713741	2.394351	2.182162	0.997446	0.002813	2.366789	0.197094	-0.582186	-0.197798	1.919699	1.555505	0.309937	1.780438	-0.815365	0.884033	-0.139554	0.228064	-0.058322	-0.021602	0.571078	0.498880	1.661729	1.178481	0.766220	0.758036	0.121942	0.136342	0.747758	0.526034	0.403962	0.446501	2.859452	2.143571	2.238391	0.023987	0.656151	-0.204578	0.568289	0.558905	0.910040	-0.415513	-0.011111	0.536854	0.148836	0.903618	-1.280693	1.263552	0.049781	-0.395217
0.400779	0.410522	0.778656	0.717138	-0.188385	0.190001	0.200322	0.513586	0.591130	-0.164367	0.078652	1.126099	0.414676	0.418100	-1.357645	0.702445	0.533602	0.597420	0.566585	0.341320	0.108948	0.400189	0.469611	0.721309	0.193783	1.456540	-0.350086	-0.762295	0.736935	-0.663476	-0.177459	-0.599064	-1.044285	0.075981	0.210861	0.451425	1.593776	1.897259	1.084457	1.182100	1.565171	0.796635	1.653969	1.353900	1.410234	0.891054	2.775110	2.787060	-0.241956	-1.192842	0.998541	0.940284	0.685104	0.409948	-0.028358	-0.271628	0.755232	0.649887	0.851474	0.704488	1.220204	0.802520	3.099850	2.958477	0.685296	-0.073782	1.032156	-1.352065	-1.066540	-0.696949	2.048029	2.085518	-0.369993	1.915173	-0.154719	-0.124394	0.097567	0.031715	-0.055702	0.382179	0.045153	0.087339	1.602665	0.835020	0.461380	0.400598	-1.142478	-0.379436	0.135014	-0.226396	-0.619631	0.202712	3.068219	2.465156	2.406900	0.710247	0.052771	0.107482	0.572674	-0.318800	0.211310	-0.696356	-1.215997	0.446233	0.010950	1.077547	-0.823849	0.223103	-0.558807	0.093383
0.169090	0.223574	0.576519	0.004618	-0.392314	-0.419520	0.049473	-0.303529	0.385748	-0.559841	0.175493	0.652554	0.133432	-0.052074	-1.739009	0.617540	-0.565830	0.059428	-0.071425	-0.873501	-0.051612	0.884256	0.327103	-0.031886	0.008046	0.650008	0.883675	0.130498	-0.555463	-0.687502	0.107337	-0.461404	-0.957272	-0.165093	-0.532879	0.047520	1.241391	1.503663	0.781664	0.808013	0.694510	0.455923	0.622104	0.582997	0.435334	0.051469	2.480671	2.688022	0.135213	-0.178375	0.614961	0.680616	0.549821	-0.387066	-0.025486	-0.750864	0.570154	0.565528	0.639333	0.506523	1.146818	0.843282	2.372014	2.390742	0.245404	0.211799	-1.242788	-2.404568	-0.912431	-0.585604	1.431951	1.864464	-1.187369	0.665150	0.699280	-0.990336	0.337263	-0.003099	-0.045680	0.330009	-0.549817	-0.096632	0.285521	-0.160865	0.414933	0.107373	-1.608188	-0.405399	-0.530176	-0.753580	-0.786135	0.549065	1.887455	1.978295	1.277968	0.891222	-0.082069	1.097076	0.654673	-0.552982	-0.358762	-1.096514	-1.120249	0.476654	0.284645	0.853553	-0.526701	-0.667840	-1.117190	1.047305
0.449815	0.401116	0.559536	-0.057522	0.128505	-0.304981	0.568706	-0.396132	0.273581	-0.158993	0.551828	0.333261	0.515326	0.100014	-0.892594	0.388238	-1.216752	-0.137457	-0.114483	-0.755960	0.355844	1.688103	0.780204	-0.398319	0.513892	-0.007393	1.699075	1.054579	-1.383697	-0.240906	0.261276	-0.239193	0.245174	0.147238	-0.703753	-0.195057	0.307018	0.354405	0.629233	0.546407	0.390039	0.471405	-0.134187	-0.176030	-0.687076	-0.710551	1.349481	1.453075	0.803471	1.081866	-0.134739	0.265504	0.436686	-0.848484	0.663345	-0.011800	0.331702	0.658046	0.576104	0.705535	1.127753	1.221003	0.803222	0.702654	0.073741	0.498993	-2.856691	-2.364131	-0.041491	0.332096	0.735498	1.139990	-1.764557	-1.003525	1.216686	-0.728791	0.459749	0.329166	-0.275460	-0.038216	-0.448193	0.050120	-0.575211	-0.394262	1.060959	0.304335	-0.797430	0.102098	-0.429791	-0.457180	0.510423	1.226310	0.236084	0.750870	-0.363887	0.343814	0.527264	2.036647	0.923859	0.258922	-0.280931	-0.974212	0.268663	0.698147	0.646474	0.616299	-0.501960	-0.434527	-0.971951	1.559993
0.856869	0.853682	0.863662	0.595955	0.701397	0.439712	1.185771	0.370721	0.281839	0.562618	0.931569	0.197935	0.977668	0.623966	0.268948	0.249828	-0.956356	-0.096366	0.428289	0.210279	1.123669	1.789086	1.339843	-0.330690	1.142262	-0.149342	1.680188	1.403240	-1.446243	0.398437	0.060979	-0.331657	1.509631	0.671885	-0.403668	-0.300525	-0.597435	-0.865180	0.515874	0.345901	0.469796	0.714718	-0.173741	-0.549446	-0.975326	-0.889970	0.149832	-0.027412	1.060560	1.676452	-0.898950	-0.173759	0.349027	-0.465766	1.302959	1.230882	0.139370	0.468736	0.274894	0.831067	1.035482	1.628642	-0.572100	-1.119078	0.069345	0.386925	-2.338457	-1.365317	1.094543	1.452070	0.384603	0.278888	-1.454935	-1.592559	1.128398	0.598626	0.266764	0.643524	-0.737730	-0.454597	0.195025	0.238295	0.144139	0.759319	1.719544	0.693016	0.708129	0.648805	0.636699	0.563892	2.424194	1.413261	-0.932635	-0.614087	-1.357507	-0.484469	1.097937	1.944462	1.088372	0.970004	0.402906	0.039852	1.552278	0.815305	0.483339	0.561257	-0.297988	0.828808	0.088386	0.764174
0.888348	1.140009	1.259949	1.219282	0.760983	1.167411	1.257883	1.271834	0.224639	0.961746	0.972972	-0.014224	0.854816	0.836562	0.740134	0.013068	-0.219325	0.100901	0.918160	0.757472	1.482285	0.746545	1.299411	-0.120336	1.038428	-0.142091	0.992946	1.038692	-0.845203	0.915289	-0.322703	-0.728094	1.626503	0.735345	-0.380774	-0.587477	-0.988406	-1.404082	0.125163	0.080516	0.383512	0.768844	0.121050	-0.578005	-0.490359	-0.623856	-0.543524	-0.883252	0.448163	1.233945	-1.232719	-0.593846	0.239048	0.417778	1.144707	1.790801	-0.027203	0.022879	-0.385467	0.526449	0.591912	1.467931	-1.074275	-2.011937	0.018382	-0.041237	-0.003556	-0.224394	1.817073	2.018091	0.316510	-0.306788	-0.232793	-0.826557	0.764279	1.957355	-0.099874	0.631687	-1.002758	-0.576519	0.586705	0.072495	1.730275	2.258242	1.543994	0.740310	1.726447	0.650921	1.846044	1.468451	3.347856	0.737763	-1.292297	-1.416667	-1.207731	-0.946572	0.830256	0.850968	0.897359	0.385405	1.143258	1.363050	1.558629	0.626462	-0.163754	0.565378	0.261307	1.999502	1.380564	-0.896362
0.644256	0.981946	1.411684	1.122771	0.562817	1.425700	0.844648	1.613362	0.110250	0.936397	0.705691	-0.316876	0.434389	0.671404	0.527518	-0.408914	0.212395	0.431267	0.960942	0.517376	1.101080	-0.514664	0.660473	0.165665	0.248510	-0.258617	0.246833	0.333980	0.005912	1.183077	-0.469330	-0.922970	0.705452	0.296958	-0.790252	-0.934217	-0.770216	-1.064855	-0.344653	-0.079254	0.180369	0.589116	0.275820	-0.306943	0.009552	-0.179071	-0.686018	-0.826378	-0.497219	0.358518	-0.742503	-0.736709	0.103827	0.791948	0.466759	1.369424	-0.074901	-0.107299	-0.848001	0.154052	0.045038	0.750092	-0.813807	-1.631775	0.114382	-0.350151	2.199431	0.350917	1.836001	1.890082	0.281429	-0.244613	1.117203	0.140584	0.778229	2.453983	-0.157613	0.557166	-0.609295	-0.170203	0.464147	-0.363056	2.602863	2.561960	0.710916	0.473975	1.576278	0.064439	2.194823	1.492237	2.544681	-0.123217	-1.083218	-1.370527	-0.377111	-0.775361	0.104183	-0.054911	0.554911	-0.965731	1.468866	1.959807	0.587814	0.368795	-0.435312	0.534597	0.740977	2.097453	1.921584	-1.812824
0.613134	0.504194	1.186090	0.459891	0.628314	1.196243	0.490887	1.289398	0.157568	0.791585	0.418197	-0.431248	0.486091	0.674753	0.513546	-0.584612	0.137885	0.712741	0.723535	0.263441	0.509821	-0.763851	0.101625	0.590277	-0.279938	-0.286514	0.026140	-0.141955	0.648721	1.134722	-0.096863	-0.492710	0.023134	0.052696	-0.843784	-0.708752	-0.245214	-0.391958	-0.386384	0.056746	0.282176	0.448349	0.310608	0.269376	0.046009	0.370366	-0.683156	-0.244452	-0.724826	-0.134154	0.475779	-0.246358	0.011227	0.053705	0.098499	0.667198	0.105380	0.361952	-0.537564	0.250952	-0.048627	0.117006	-0.477053	-0.583537	0.665574	-0.318246	2.593611	0.465768	1.468744	1.495726	0.144199	0.441293	1.807452	0.216949	1.370328	2.095695	0.371124	0.844446	0.318590	0.547336	0.377545	-0.510727	2.089755	1.378187	0.155612	0.416115	0.773969	-0.452213	1.558318	0.777870	0.871137	-0.167751	-0.760663	-0.790512	0.313892	-0.249325	0.081464	0.167921	0.507335	-1.253136	1.342359	1.490994	-0.139459	0.386235	0.327964	0.576363	0.703239	1.210402	1.473575	-0.898858
0.819590	-0.051646	0.687885	-0.054948	0.799708	0.631912	0.419456	0.554557	0.337181	0.624451	0.194413	-0.316564	1.028444	0.978918	1.190232	-0.116490	0.010031	0.661384	0.476980	0.596207	0.340925	-0.015838	0.047652	0.894443	0.075192	-0.046377	0.331525	-0.080053	0.831558	0.650051	0.626681	0.336548	0.407799	0.463443	0.021792	0.346369	0.059117	-0.137222	-0.065838	0.233353	0.571609	0.411833	0.429479	0.869133	-0.142890	0.957463	-0.887663	0.222561	-0.001574	-0.220436	1.555575	0.716678	-0.099265	-1.266265	0.164993	0.308714	0.337773	0.889506	0.210227	0.596192	0.299911	-0.062243	-0.600076	0.213263	1.356944	-0.216202	1.318478	0.710154	1.194819	1.170900	-0.060899	1.145940	1.701124	-0.440487	1.935642	1.426311	1.156404	1.390328	1.011893	0.976159	0.709299	-0.143862	0.909752	-0.094852	0.318921	0.827994	0.470481	-0.174421	0.660481	0.230256	-0.198636	0.674763	-0.609437	-0.271061	0.444824	0.187163	1.100396	1.009776	0.854118	0.393125	0.940686	0.685977	0.023502	0.585299	1.657674	0.716881	0.369052	0.175238	0.747435	1.113298
0.666190	-0.589920	0.107964	-0.074595	0.441966	-0.028542	0.307052	-0.262412	0.245268	0.237737	-0.166463	-0.337595	1.246099	0.960655	1.915459	0.661722	0.158759	0.282643	0.266580	1.119452	0.506790	0.587839	0.154814	0.701603	0.781123	0.215690	0.527908	0.317282	0.526075	-0.188219	1.161072	0.919823	1.274928	1.104660	1.116990	1.518315	-0.259376	-0.462779	-0.118394	-0.027950	0.360288	0.282496	0.467792	0.992362	-0.036711	1.366569	-1.102021	0.301364	0.691003	-0.466691	1.443930	1.346440	-0.500936	-1.991918	0.004358	0.174368	0.274180	0.735620	0.389874	0.393021	0.413533	-0.129248	-0.980575	0.442404	1.336408	-0.448714	-0.112270	1.189636	1.126114	0.826042	-0.159640	1.212216	1.092609	-0.873437	1.743357	0.755602	1.583215	1.615933	0.870987	0.828782	0.998501	0.172313	0.142270	-0.531757	0.698432	1.398205	1.094300	0.820967	0.120154	0.501382	-0.078772	1.380576	-0.460322	-0.102044	0.209804	0.417995	2.057884	1.125215	1.133858	2.637310	0.350019	0.454324	0.566388	0.516788	2.346765	0.672264	0.339769	-0.417503	0.481516	2.337404
-0.178080	-1.003071	-0.398940	0.022701	-0.462147	-0.389461	-0.104903	-0.736977	-0.391479	-0.369742	-0.760400	-0.696556	0.631520	0.176111	1.686590	0.995385	0.291783	-0.053248	0.095271	1.112516	0.460173	0.342420	-0.126112	0.199024	0.787404	0.213382	0.090044	0.520762	-0.204111	-0.871594	1.053263	0.969659	1.456910	1.230280	1.175214	1.780746	-1.118589	-0.788398	-0.926066	-0.725512	-0.611339	0.046098	0.025766	0.507274	0.509263	1.431699	-0.805045	0.248712	0.438464	-0.872291	0.019278	1.006073	-1.280387	-1.475000	-0.658381	-0.095383	-0.104885	-0.061504	-0.393154	-0.551469	-0.080610	-0.482057	-0.944791	0.526679	0.242761	-0.992379	-0.609996	1.274575	0.978609	0.225322	0.017165	0.641636	0.229104	-0.560408	0.824972	-0.007507	1.414055	1.179612	0.295371	0.578939	0.597695	-0.194529	0.094714	0.189917	0.637637	1.668482	1.721815	1.571197	-0.194640	1.209239	0.474064	1.001743	0.059684	-0.096068	-0.004844	0.652675	1.686425	-0.055165	0.741417	3.329287	-0.415816	0.787508	0.617530	-0.026914	1.639400	0.086328	0.736005	-0.683954	0.539706	1.603385
-1.116400	-1.009635	-0.774046	-0.273775	-1.038349	-0.187220	-0.518717	-0.516514	-1.289359	-0.827224	-1.339914	-1.016268	-0.367331	-0.898570	0.413857	0.618828	-0.103642	-0.168869	0.026614	0.458465	0.073122	-0.273566	-0.783556	0.070569	-0.188316	0.045729	-0.639532	0.183940	-1.158738	-0.857582	0.348892	0.812297	0.607596	0.666469	-0.081864	0.908125	-1.908404	-0.549659	-1.793182	-1.230738	-1.601707	-0.006442	-0.897001	-0.146271	1.066498	1.183609	-0.015167	0.308227	-0.316196	-0.582515	-1.572376	-0.012693	-1.932939	-0.210838	-1.161847	-0.408977	-0.370352	-0.724146	-1.304166	-1.363121	-0.644419	-0.895977	-0.284225	0.790587	-1.221134	-1.335416	-0.553765	0.513282	0.443575	-0.631074	0.302181	-0.028142	-0.718068	0.120710	-0.142315	-0.889450	0.942588	0.356557	0.309612	0.836620	-0.362226	-0.967393	0.185972	0.968272	0.072787	1.431762	1.055413	1.170340	-0.830735	1.287600	0.258493	-0.295071	0.786076	-0.094115	-0.180452	0.917979	0.052041	-1.754304	-0.461557	1.809375	-1.251380	0.784155	-0.073885	-0.771894	-0.172349	-1.032412	1.002882	-1.015179	0.179100	-0.500766
-1.219188	-0.434827	-1.044825	-0.890975	-0.601194	0.277152	-0.434764	0.214560	-1.804611	-0.830617	-1.536339	-0.776212	-0.993035	-1.445050	-0.891133	-0.017861	-1.021286	-0.475692	-0.044599	-0.402053	-0.156868	-0.528095	-1.285810	0.551281	-1.259483	-0.023446	-0.768020	-0.465794	-1.824382	-0.223026	-0.429755	0.810944	-0.533544	-0.141380	-1.534141	-0.347595	-1.897472	0.055583	-1.631334	-0.974632	-1.600624	0.291359	-1.691181	-0.512113	1.030296	0.696869	0.410582	0.191924	-0.340534	0.868015	-1.972185	-0.830937	-1.744266	0.719208	-0.826486	-0.388127	-0.188667	-0.712671	-1.226346	-1.128556	-0.527963	-0.828163	0.303727	0.809299	-2.003501	-0.991005	-0.917795	-0.500947	-0.438802	-1.397459	0.129020	-0.514526	-1.457440	0.507911	-0.713495	-1.494126	0.556313	-0.363072	1.207398	1.378756	-1.070923	-1.188824	-0.260556	0.622635	-0.637233	0.677610	-0.941129	-0.198052	-1.898157	0.187105	-1.086330	-1.505177	0.837898	-0.399149	-0.707945	0.786807	-1.566361	-2.764355	-1.878924	-0.590469	-1.889377	-0.158158	-0.989004	-1.335492	-2.091362	-2.141907	0.673553	-1.425092	-0.825165	-2.284369
-0.349034	0.426491	-1.212437	-1.231788	0.374932	0.322895	0.126348	0.716904	-1.477296	-0.497236	-1.226326	0.005494	-1.051388	-1.277080	-1.172050	-0.393775	-1.747006	-1.382781	-0.383986	-1.065912	0.157066	-0.405782	-1.219581	0.988866	-1.308012	0.050304	-0.036528	-0.821292	-1.612080	0.346503	-0.708090	0.861015	-1.081182	-0.736048	-1.899804	-1.096160	-0.871965	0.342471	-0.280233	-0.099880	-0.474048	0.688664	-1.690709	-0.607672	0.254116	0.028623	-0.255103	-0.550578	0.672038	2.535421	-0.992442	-0.973684	-0.681777	0.766961	0.061270	-0.010825	0.199769	-0.301178	-0.099704	-0.058620	0.212370	-0.182506	-0.002245	-0.040521	-1.778995	0.014213	-1.736901	-0.649149	-1.176357	-1.565588	-0.838908	-1.042997	-1.687088	0.358795	-1.028244	-1.292108	0.388503	-0.821250	1.977813	1.298369	-0.973866	-0.445614	-1.210303	-0.893349	-1.220961	-0.498153	-2.679230	-1.310953	-2.668899	-1.362386	-2.611239	-1.873858	-0.347746	-1.334333	-1.790378	-0.139216	-2.049230	-2.488299	-2.521284	-2.140085	-1.972393	-1.420719	-1.341657	-1.577636	-3.018994	-2.451954	-0.044337	-1.467184	-1.673573	-2.401130
0.583369	0.944071	-1.188146	-0.930450	0.715999	-0.360434	0.482024	0.415745	-0.458093	-0.186570	-0.686539	0.741475	-0.916069	-0.872029	-0.409378	-0.459869	-1.484618	-2.404629	-1.003395	-1.416589	0.633809	-0.302220	-0.683246	0.624853	-0.275202	0.137804	0.627397	-0.603348	-0.581271	0.266234	-0.374344	0.624281	-0.892602	-1.001200	-1.069963	-1.085826	0.488383	0.068848	1.137500	0.662177	0.819895	0.773551	-0.882383	-0.701837	-0.709502	-0.606561	-1.507532	-1.669335	1.577131	2.915484	0.217160	-0.763419	0.382840	0.370459	0.570305	0.253831	0.238436	-0.122051	0.994443	0.755377	0.755425	0.526306	-1.022374	-1.504472	-1.134010	1.108318	-2.020646	0.271878	-1.203626	-0.929813	-2.038488	-1.718656	-1.413425	-0.131757	-1.330056	-0.320707	0.340370	-1.191655	1.466222	0.210471	-0.339240	0.557227	-1.940659	-2.371677	-1.591552	-1.741783	-2.527514	-1.149577	-2.210930	-2.026056	-2.917653	-1.481259	-1.946986	-2.439858	-2.901196	-1.551166	-1.392635	-1.137486	-1.851652	-2.334216	-1.336255	-1.788785	-0.667461	-1.547148	-2.318309	-1.573973	-0.694304	-0.833629	-1.447618	-0.819197
0.480051	0.661228	-0.970907	-0.390390	-0.155846	-1.364214	-0.051562	-0.503123	0.458273	-0.181855	-0.418009	0.808757	-0.947644	-0.690645	0.382477	-0.517086	-0.265769	-2.453738	-1.534083	-1.535911	0.429356	-0.343487	-0.145971	-0.523769	0.598826	0.101102	0.087361	-0.277915	0.307256	-0.472811	0.034813	-0.005004	-0.552078	-1.065818	-0.070768	-0.729256	1.011683	-0.288779	1.274021	0.644423	1.098561	0.336492	-0.008975	-0.902247	-1.143188	-0.925243	-2.007059	-2.175975	1.128357	1.647890	0.401980	-0.796309	0.532290	0.244675	0.177173	-0.041821	-0.313818	-0.465896	1.004307	0.581121	0.446272	0.670502	-1.638155	-2.424540	-0.871641	1.528306	-1.223420	1.113729	-0.580964	-0.017286	-2.410567	-2.105500	-0.968191	-0.714070	-1.574244	0.546816	0.157345	-1.601788	-0.154645	-1.167658	0.050449	0.842282	-1.892425	-2.564928	-1.707729	-2.469636	-0.653017	-0.055522	-0.561371	-1.364222	-1.619101	-0.878818	-2.352871	-2.622030	-3.097425	-2.533236	-0.499770	0.542427	-0.461811	-1.939459	-0.363781	-0.974674	0.738162	-1.369191	-0.424689	-0.082537	-1.240228	0.044564	-0.364867	1.233274
-0.891691	-0.355149	-0.833885	-0.395980	-1.633050	-2.040451	-1.363171	-1.368479	0.411995	-0.586487	-0.677060	0.017143	-1.153967	-0.817691	0.194565	-0.814432	0.814407	-1.248607	-1.677599	-1.632850	-0.816589	-0.508158	-0.066891	-1.833471	0.036086	-0.271820	-1.511705	-0.506972	0.103594	-1.470811	-0.186671	-0.849886	-0.672131	-1.136085	0.124414	-0.590973	0.141016	-0.264292	-0.084027	-0.234221	-0.011654	-0.574301	0.089493	-1.182518	-0.950363	-0.999498	-1.181468	-1.435687	-0.537537	-0.155568	-0.533917	-1.268684	-0.250166	0.424418	-0.812734	-0.840050	-1.172279	-1.154753	-0.096198	-0.334218	-0.592981	-0.003882	-1.118852	-1.995778	-1.273007	0.865586	-0.166719	0.736423	-0.175195	0.216083	-1.643096	-1.774758	-0.642623	-1.234859	-1.607936	0.322689	-0.451156	-1.942398	-1.562784	-1.881134	-0.373192	0.293867	-1.342858	-1.528944	-1.605079	-2.363517	1.115359	0.607683	0.957233	-0.371090	0.150867	-0.475464	-1.062173	-1.387407	-2.014873	-2.440501	-0.328985	1.558242	0.315484	-1.831489	0.137510	-0.061097	1.821380	-1.273644	1.098290	0.754649	-1.838996	0.237675	0.305997	2.224561
-2.548174	-1.502989	-1.036619	-1.130574	-2.528737	-2.060421	-2.431557	-1.686060	-0.582524	-1.232365	-1.065169	-1.203910	-1.248615	-1.040899	-0.949339	-1.293654	0.597234	0.097545	-1.512206	-1.841629	-2.423103	-0.954645	-0.530023	-2.746650	-1.701613	-1.119921	-2.604927	-1.174326	-0.964828	-2.163559	-1.036454	-1.595670	-1.211311	-1.293698	-0.397122	-0.819166	-1.276947	-0.008646	-1.720130	-1.375709	-1.724056	-1.664066	-0.649380	-1.497094	-0.655385	-1.223736	0.060269	-0.004595	-1.983707	-1.221914	-1.510293	-1.772055	-1.131583	0.314308	-1.671756	-1.583184	-1.810443	-1.771664	-1.403724	-1.248178	-1.653727	-1.179360	-0.012875	-0.703861	-1.847574	-0.472580	-0.025107	-0.540250	-0.745924	-0.562469	-0.594151	-0.970661	-0.423146	-1.510470	-1.372497	-0.971437	-1.386174	-1.953828	-1.819175	-1.749754	-1.412872	-0.324938	-0.985893	-0.488819	-1.390369	-1.719016	1.315356	0.037693	0.994079	-0.264271	0.905804	-0.327783	0.572572	0.393485	-0.369261	-1.467723	-1.083997	1.228401	-0.204730	-2.000430	-0.258746	-0.167285	1.561089	-1.389320	0.818659	0.209202	-2.109452	-0.626419	-0.274428	1.543399
-2.923753	-1.904158	-1.242090	-1.731840	-2.044153	-1.372689	-2.122988	-1.333060	-1.365816	-1.553523	-0.765149	-1.901754	-0.839854	-0.907097	-1.995907	-1.517162	-0.702089	0.386065	-1.154761	-1.828414	-3.092552	-1.582510	-1.054561	-2.862923	-2.774227	-1.957266	-1.836687	-1.324813	-1.591866	-1.906884	-1.528241	-1.772573	-1.413067	-1.219588	-0.634987	-0.937058	-1.613035	0.110700	-2.045808	-1.822921	-2.620281	-2.284744	-1.272583	-1.529439	-0.550798	-1.581446	0.537156	0.989701	-1.886843	-1.242952	-1.367330	-1.558980	-1.306007	-0.346031	-1.725608	-1.594338	-1.722861	-1.770496	-1.845959	-1.528473	-1.931347	-1.980502	0.627957	0.332601	-1.673770	-1.406732	-0.696620	-1.368389	-1.823143	-1.484759	-0.138502	-0.261787	-0.157991	-1.300995	-0.779964	-2.108536	-1.873978	-1.363079	-1.169710	-1.147466	-2.096946	-0.320406	-0.919796	-0.273513	-0.988705	-0.985565	0.312454	-1.050876	-0.258388	-0.961889	0.397647	-0.221187	0.942460	1.384439	0.797777	-0.232323	-1.905367	-0.045282	-1.149618	-1.663910	-0.932849	-1.011926	0.080508	-1.309278	-0.884953	-0.925301	-1.301062	-1.662982	-1.441356	-0.009564
-1.216495	-1.002101	-0.632988	-1.110964	-0.293032	-0.025346	-0.309163	-0.377794	-0.742917	-0.897694	0.527765	-1.218479	0.215916	0.027396	-1.888556	-0.912049	-1.429872	-0.102400	-0.424451	-0.899606	-2.010850	-1.586856	-0.888398	-1.763364	-1.667742	-1.700348	0.309360	-0.354090	-0.812162	-0.432114	-0.702621	-0.965791	-0.589622	-0.374721	0.162164	-0.320243	-0.151740	0.194288	-0.568498	-0.947239	-1.735626	-1.694902	-0.684800	-0.688647	-0.267489	-1.368423	0.300803	1.128227	-0.297404	-0.680253	0.032945	-0.198254	-0.654561	-0.973866	-0.654030	-0.593468	-0.615500	-0.712888	-0.890071	-0.814087	-0.977648	-1.451402	0.627911	0.711543	-0.247364	-1.110182	-0.832267	-1.072816	-1.963689	-1.344124	0.001004	0.297725	0.138698	-0.510661	0.241255	-1.861676	-1.150888	-0.132875	-0.329984	-0.228138	-1.421588	0.259370	-0.499962	-0.323872	-0.141499	-0.125971	-0.475701	-1.315086	-1.178580	-1.219075	-0.279649	0.176188	0.166930	1.303559	1.243470	0.901031	-1.533738	-0.863784	-0.989086	-0.331938	-0.732253	-1.262551	-1.245161	-0.299651	-1.935244	-1.037793	0.533565	-1.477032	-1.731083	-1.024128
1.551414	0.734713	0.938275	0.670045	1.704523	1.517020	1.748298	0.850151	0.995159	0.655459	1.946579	0.637905	1.360348	1.468612	-0.599617	0.539096	-0.379569	-0.030652	0.754766	0.997966	0.272734	-0.288296	0.167444	0.460371	0.934710	0.074861	1.866908	0.989532	0.851744	1.465180	0.981420	0.498316	0.860130	1.104457	1.476226	0.904082	1.942570	0.600506	1.554057	0.831199	0.503520	0.064137	1.010748	1.014823	0.474912	-0.185595	0.337296	0.908990	1.378781	-0.061662	1.615901	1.675860	0.355314	-0.829091	1.105785	0.891575	1.150812	1.089899	1.000651	0.729590	0.820261	0.415194	0.708385	0.924186	1.737515	0.124576	0.377595	-0.270401	-0.457980	-0.024112	0.639118	1.038586	0.299516	0.605402	1.303545	-0.369118	0.347724	1.176944	0.330655	0.931164	0.499373	0.811830	0.578296	0.298285	1.011080	1.029036	-0.360473	-0.412996	-0.596534	-0.301942	-0.175920	0.934057	-0.217172	1.025915	1.487742	1.751676	0.237487	-0.293218	0.555423	1.322972	0.642554	-0.244156	-1.196087	1.562783	-0.908261	0.369759	2.043987	0.216717	-0.547992	-0.858018
3.115670	1.894374	2.218018	2.132981	2.563575	2.196858	2.376909	1.611395	2.091389	1.952013	2.120588	2.189492	1.530282	2.158479	0.831608	1.836434	1.498705	1.058539	1.768734	2.590206	2.087690	1.575396	1.239661	2.535810	2.669451	2.090810	1.458382	1.294318	1.872643	2.252720	1.780212	1.375851	1.527400	1.974622	1.910018	1.640253	2.703137	1.152335	2.500498	2.109830	2.395176	1.692142	2.282207	2.310031	1.110833	1.098629	0.949154	0.756543	1.673916	0.242917	1.999130	2.511717	1.131393	0.037643	2.277194	1.719564	2.352251	2.341628	2.441221	2.066769	2.169290	2.176433	1.167627	1.249083	2.697277	1.156941	1.988771	0.232740	1.528777	1.287916	1.580275	1.715224	0.257591	1.453797	1.532570	0.986088	1.068646	1.572918	0.649280	1.661578	2.116617	0.772709	1.495938	1.289012	1.617294	1.887509	0.112274	0.673074	0.815018	0.987604	0.393268	1.495575	0.542237	1.158591	1.724503	1.888317	1.898990	0.888384	1.977212	1.934119	2.041285	1.182667	-0.115756	2.827527	1.107905	1.887500	1.862789	2.029549	1.160864	-0.121676
2.190122	1.434744	1.770336	1.891569	1.654739	1.305593	1.153254	1.265671	1.295802	1.769432	0.749985	2.022048	0.368120	1.179901	1.274251	1.748292	2.076958	1.995850	1.708218	2.382358	2.086491	2.251750	1.168368	2.793715	2.066452	2.443497	-0.267824	0.218341	1.361935	1.262822	0.684756	0.738329	0.587661	1.154661	0.838822	0.975832	1.492636	1.149943	1.555157	1.764675	2.418409	1.719094	1.769586	1.808013	0.851613	1.165286	1.248253	0.464711	0.510436	0.058848	0.856448	1.408325	1.258457	0.808149	1.779817	1.176278	1.876920	1.879148	2.203697	1.944357	1.893441	2.188241	1.295573	1.190354	1.727433	1.192155	2.345274	0.401401	2.080184	1.432193	1.637043	1.495251	0.091359	1.437159	0.518858	1.111816	0.163101	0.671342	0.421734	1.158695	1.879003	0.108371	1.203453	1.360993	0.977755	1.455055	0.214911	0.909472	1.416679	1.307337	0.502098	1.130532	1.392081	1.208750	1.438617	0.964701	1.729902	1.099809	1.746218	0.961176	2.045045	1.648569	0.588371	2.099303	1.786380	1.828273	0.285310	2.317757	1.924363	0.242619
0.009683	-0.036015	-0.009362	0.322585	-0.046823	-0.321047	-0.511903	0.141653	-0.447650	0.302342	-0.793436	0.419313	-0.927886	-0.523828	0.543478	0.333958	0.797409	1.504053	0.534424	0.606383	0.596064	1.054368	0.008551	1.075549	0.149941	0.883218	-1.436099	-0.988447	0.027200	-0.359116	-1.049664	-0.652604	-0.876840	-0.561829	-0.631513	-0.486536	-0.266708	0.370109	-0.114886	0.271346	0.807134	0.277102	0.036126	-0.046100	-0.114978	0.014441	0.520546	-0.133984	-0.678948	-0.319565	-0.571524	-0.491401	0.648557	0.764297	0.141104	-0.096107	0.207446	0.189409	0.626294	0.454199	0.343973	0.596758	0.513158	0.377547	-0.186850	0.476165	1.088634	0.478126	0.790800	0.545202	0.424480	0.278908	-0.164357	0.490467	-0.830609	0.300603	-1.187532	-0.544758	-0.183405	-0.186627	0.148558	-0.527089	-0.043575	0.191016	-0.320784	-0.076133	-0.053368	0.324675	0.617874	0.450243	-0.003446	0.033180	1.013838	0.559245	0.373865	-0.437840	0.033766	0.110672	0.242730	-0.514755	0.664937	0.826178	0.320965	0.026170	0.524453	0.354117	-0.929377	1.013912	1.210916	0.093783
-0.983004	-0.820407	-1.028063	-0.804319	-0.740943	-0.888151	-0.819236	-0.578819	-0.978392	-0.845160	-0.899988	-0.853568	-0.729183	-0.891777	-0.506193	-0.876089	-0.549393	-0.132810	-0.636177	-0.772522	-0.738884	-0.644660	-0.802749	-0.802720	-0.916350	-0.791750	-0.944902	-0.996296	-0.685936	-0.918947	-1.195863	-1.016626	-0.922340	-1.044193	-0.878034	-1.062962	-0.734885	-0.445683	-0.710546	-0.696234	-0.645902	-0.865423	-0.947549	-1.143616	-0.752031	-0.917014	-0.620786	-0.558316	-0.497559	-0.238566	-0.669355	-0.990759	-0.328195	-0.081394	-0.787937	-0.672216	-0.783321	-0.873223	-0.525697	-0.673820	-0.746118	-0.644735	-0.522254	-0.577208	-1.084706	-0.249895	-0.456966	0.248178	-0.701414	-0.233792	-0.807663	-0.738567	-0.476564	-0.697129	-1.029107	-0.389053	-1.072743	-0.675039	-0.455543	-0.837327	-0.993035	-0.289253	-0.784854	-0.866044	-0.823197	-1.014644	-0.273015	-0.345036	-0.556443	-0.530039	-0.372160	-0.552640	-0.357557	-0.348296	-0.757702	-1.034138	-1.025804	-0.597910	-0.722223	-0.915632	-0.609746	-0.398903	-0.062624	-1.109589	-0.892445	-0.761328	-0.617511	-0.411120	-0.231917	0.018886
-0.016931	-0.184664	-0.134725	-0.499138	0.167921	0.175733	0.368432	-0.217088	0.341404	-0.524476	0.338874	-0.641718	0.924978	0.639296	-0.891302	-0.707302	-0.297201	-1.450726	-0.787359	-0.462008	-0.800720	-1.092807	-0.256197	-1.095117	-0.389758	-1.001652	0.561682	-0.027429	-0.237635	-0.187327	0.609885	0.152150	0.763066	0.487258	0.217539	-0.004569	0.250482	-0.495683	0.162845	-0.248816	-0.622614	-0.477072	-0.234707	-0.321949	-0.546093	-0.661285	-1.032444	-0.297872	0.809658	0.447291	0.703216	0.512124	-0.975417	-1.108932	-0.046928	-0.065887	-0.067496	-0.294143	-0.119359	-0.102026	-0.278672	-0.209727	-0.685500	-0.774278	-0.297324	-0.627733	-0.929043	-0.471129	-0.747000	-0.176598	-0.779190	-0.508456	-0.540043	-1.250889	0.205063	-0.491101	0.606494	0.305319	0.021406	-0.029410	-0.295292	0.821174	-0.223820	-0.580942	-0.008594	-0.206328	-0.342020	-0.692453	-0.920774	-0.787314	-0.149136	0.164761	-1.343880	-0.547215	-1.073126	-0.309967	-0.215792	0.025303	-0.246025	-0.011880	-0.601754	-1.074836	0.226367	-0.178913	-0.832037	-0.484518	0.479137	-0.789899	-1.279563	0.306248
1.172222	0.672642	1.187055	0.225645	1.247328	1.321713	1.327175	0.485912	1.635566	0.483970	1.147185	0.212246	2.091257	2.123129	-0.430101	0.157449	0.814024	-1.492821	-0.204288	0.505250	-0.128926	-0.310113	0.731446	-0.154396	0.452248	-0.267676	1.525459	0.486046	0.552651	0.471737	2.179499	1.244875	2.207269	2.158508	1.110578	1.454647	1.118089	-0.009527	1.067646	0.604294	0.243085	0.522717	0.894632	1.069736	-0.114185	0.043928	-0.565814	0.289276	1.600469	0.886826	1.891945	2.115283	-0.831706	-1.594000	1.062272	0.582502	1.101044	0.754945	0.875944	1.246069	0.798086	0.877820	0.014763	-0.274110	0.769502	-0.760649	-0.383935	-0.995139	0.286533	0.243655	0.056568	0.380362	0.045653	-1.027861	1.396208	-0.457534	1.768205	0.892148	0.634448	1.054775	0.954075	1.552245	0.647367	0.356898	0.889492	1.250220	-0.515315	-0.882127	-0.531116	-0.649806	0.092750	1.286258	-1.233524	0.006076	-0.635706	0.743472	1.058644	0.972953	0.569977	0.824330	0.169628	-1.000221	0.590554	1.278254	0.058541	0.208836	0.872791	-0.483792	-1.388634	0.481893
0.635238	0.139245	0.639309	-0.236108	0.729098	0.747824	0.481942	0.239429	0.782935	0.450669	0.159881	0.037441	1.130960	1.359609	0.267656	0.189553	0.839065	-0.559344	0.036541	0.270822	0.046009	0.200395	0.404699	0.280531	0.145527	-0.174158	0.962867	-0.293830	0.624891	-0.083503	1.342137	0.542750	1.434240	1.581612	0.528747	1.513435	0.495206	0.038859	0.483045	0.275438	0.331684	0.316021	0.614338	0.955270	-0.239585	-0.064759	-0.118685	0.322923	0.703583	0.166740	1.235776	1.628517	-0.140565	-1.156148	0.555773	-0.056272	0.727436	0.399456	0.659471	1.260368	0.705444	0.707273	0.393944	0.029539	0.464078	-0.716034	0.142426	-0.322154	0.655081	0.089140	0.189923	0.449397	1.066617	-0.735951	0.930306	-0.785229	0.645475	-0.008366	0.371055	0.730490	0.561898	0.585721	0.302225	0.221635	0.322501	1.248879	-0.845284	-1.018414	-0.305059	-0.866775	-0.468181	1.159831	-0.610219	0.319981	-0.223492	0.848406	0.629844	0.478639	0.193047	0.341968	0.281042	-0.443348	0.012553	1.026305	0.038325	-0.171171	0.274391	-0.515345	-0.721461	0.020370
-1.362678	-1.680275	-1.802470	-1.829382	-1.291978	-1.330879	-1.726868	-1.167826	-1.820408	-1.006535	-1.915270	-1.399020	-1.366834	-1.380182	0.597115	-0.829586	-0.472325	0.494336	-0.440050	-1.243899	-0.515201	-0.386071	-1.396193	-0.502074	-1.161314	-1.050006	-0.771220	-1.601352	-0.167243	-1.426036	-1.387516	-1.483027	-1.157590	-1.178872	-1.035360	-0.065178	-1.229217	-0.744854	-1.363651	-1.305746	-0.823208	-1.322732	-1.097355	-0.758108	-0.813107	-0.965012	-0.298220	-0.406788	-1.275101	-1.365216	-1.041020	-0.843418	0.421871	-0.015626	-1.582351	-1.698048	-1.297654	-1.449179	-0.965055	-0.583410	-0.827977	-0.869361	-0.281755	-0.290279	-1.015293	-0.389986	0.068460	1.395434	-0.329121	-0.744797	-0.805067	-0.646532	1.541084	-0.941737	-1.032638	-1.302406	-1.972893	-1.590153	-0.897637	-0.989615	-1.591467	-1.729674	-1.312862	-1.346805	-1.595548	-0.634335	-0.938055	-0.774943	-0.653947	-1.351696	-1.689560	-0.550048	-0.264704	-0.203926	-0.207987	-0.005471	-1.468445	-1.514391	-1.263198	-1.035396	-0.688850	0.343791	-1.175777	-0.972735	-1.137262	-1.508050	-0.383958	-1.014197	0.273192	-0.831200
-2.752996	-2.944993	-3.640131	-2.699402	-2.909580	-2.927051	-3.265087	-2.526804	-3.535026	-2.320031	-3.029651	-2.444144	-3.243280	-3.601915	0.535395	-1.540630	-1.280984	1.090825	-0.888399	-2.207627	-0.891577	-1.238583	-2.746309	-1.370045	-1.965710	-1.621957	-2.344555	-1.964018	-1.076301	-2.174399	-3.325133	-2.625516	-3.225227	-3.575962	-2.016206	-1.734623	-2.386547	-1.567705	-2.722905	-2.520933	-1.964180	-2.655786	-2.421195	-2.164815	-1.056917	-1.434664	-0.658117	-1.105626	-2.627535	-2.248113	-2.985780	-3.068438	0.488397	1.089766	-3.177075	-2.627883	-2.945041	-2.834763	-2.247603	-2.451382	-2.164795	-2.052849	-1.266649	-0.639850	-1.940036	0.163138	-0.211905	2.616950	-1.357630	-1.306765	-1.644378	-1.616513	0.743988	-1.213654	-2.677322	-1.431092	-3.548740	-2.109782	-2.135324	-2.375834	-3.198599	-3.321970	-2.642558	-2.700884	-3.040822	-2.551445	-0.407474	0.128227	-0.993836	-1.199341	-2.413678	-2.324080	-0.167226	-0.878755	-0.211722	-0.766930	-2.940388	-3.077420	-2.172019	-1.726680	-1.612854	1.053956	-1.516913	-2.539982	-1.881298	-2.187359	-0.572968	-1.133612	1.129188	-1.248001
-2.129854	-2.196956	-2.812463	-1.421365	-2.569450	-2.571687	-2.655550	-2.544604	-2.498387	-1.888463	-1.999274	-1.541966	-3.026168	-3.359835	0.441417	-0.922495	-0.245424	1.079953	-0.558528	-1.284395	-0.397830	-1.180227	-1.885000	-1.046417	-1.170069	-0.872970	-2.519273	-0.882159	-1.244633	-1.580326	-2.599534	-1.571424	-3.021114	-3.430013	-1.540510	-1.965450	-1.830815	-1.367167	-2.247230	-1.983759	-1.698201	-2.159051	-1.858915	-1.825693	-0.530286	-0.723460	-0.432883	-0.969237	-2.276153	-1.508828	-2.893995	-3.137510	0.272650	1.437920	-2.418053	-1.691703	-2.462272	-2.057474	-1.659668	-2.367905	-1.758843	-1.492191	-1.266569	-0.313609	-1.228002	0.616413	-0.096777	2.029935	-0.926144	-0.770621	-1.008295	-1.188024	-0.755686	-0.671333	-2.507295	-0.854955	-2.602809	-1.025148	-2.207262	-2.087830	-2.319198	-2.504892	-2.368349	-2.166435	-2.476890	-2.547011	0.564426	1.316171	-0.583669	0.066067	-1.683697	-2.455244	0.215272	-0.649705	0.147330	-0.797247	-2.074083	-2.528387	-1.434507	-0.886774	-1.281002	1.227709	-0.444257	-2.007042	-0.955803	-1.171779	-0.742592	-0.380069	1.426293	-0.757707
-0.201118	-0.048571	-0.120962	1.172605	-0.714906	-0.801800	-0.477620	-1.248609	0.264444	-0.047001	0.304121	0.792241	-1.225837	-1.182554	0.537055	0.313791	1.615989	0.627331	0.280956	0.696382	0.459332	-0.244496	0.615866	0.151020	0.681440	0.598216	-1.158787	0.617072	-0.370462	-0.274870	-0.078994	0.583611	-1.061774	-1.188094	-0.184372	-0.835130	-0.079948	-0.126999	-0.403014	-0.154048	-0.158221	-0.361452	0.082940	-0.399637	0.376386	0.528396	0.358036	-0.175964	-0.684253	0.218734	-0.951931	-1.274982	0.107966	0.946128	-0.000482	0.331089	-0.384773	0.323887	0.250452	-0.535006	0.009786	0.044543	-0.083564	0.475401	0.346823	0.707406	0.404522	0.109080	0.594945	0.419576	0.687473	0.276863	-1.545471	0.681654	-0.849342	0.218156	-0.207577	0.373990	-1.082232	-0.692421	0.263339	0.038964	-0.875338	-0.104972	-0.393867	-0.707554	1.330982	1.976225	0.502912	1.680287	0.155277	-0.888257	0.929183	0.421977	0.653873	-0.484652	0.202977	-0.314669	0.243680	0.602400	0.064195	0.712619	0.813599	-0.133853	0.883422	0.698586	-1.108018	0.599600	1.016956	0.254423
1.222222	1.516159	1.805583	2.853278	0.837886	0.646494	1.304391	0.120269	2.072846	1.368644	1.953566	2.450644	0.424991	0.808959	0.716340	0.672049	2.244943	0.164569	0.754676	1.832772	0.691432	0.515456	2.462464	0.803711	1.948364	1.399496	0.643531	1.147004	1.021679	0.484926	1.758128	1.670239	0.671565	0.838085	0.824152	0.260370	1.309676	1.030363	1.105229	1.221980	1.212761	0.886020	1.517900	0.383068	0.886372	1.156023	0.890750	0.360083	0.784978	1.390476	1.098525	0.698645	0.002114	0.216123	1.725950	1.609892	1.217156	2.136176	1.554152	1.048564	1.349709	0.776255	1.088995	0.822751	1.221466	0.523524	0.786569	-1.328610	1.419468	0.960290	1.681870	1.221024	-0.952435	1.720769	0.691503	1.252390	1.369635	0.523726	0.136794	0.174484	2.035312	1.885901	0.375696	1.514551	1.246387	1.131249	1.478988	1.737079	1.433831	2.377321	1.739667	0.851731	1.294259	1.105455	0.828884	-0.410860	1.514716	1.607309	1.303008	1.160709	1.075296	0.045994	0.783122	0.998047	1.826971	1.723949	-0.968720	0.835744	0.295036	0.997261
1.218975	1.347633	1.578181	2.489804	0.890149	0.740597	1.388461	0.528277	1.576226	1.209277	1.931870	2.107272	0.754251	1.238531	0.690771	-0.213884	1.077074	0.101194	0.538722	1.407383	0.124465	0.422376	2.220113	0.280420	1.602459	1.044076	1.529784	0.472016	1.821200	0.187857	1.477612	0.892763	0.854874	1.077196	0.844323	0.207554	1.374515	1.110527	1.171002	1.091901	1.335493	0.626082	1.255713	-0.166136	0.631101	0.818117	0.597448	0.104782	1.215889	1.215174	1.793519	1.322024	-0.198828	-0.130412	1.467521	1.310688	1.153696	1.997524	1.202399	0.996894	1.157278	0.141517	1.076542	0.285965	0.826254	0.338331	0.717219	-1.144126	0.653311	0.280922	1.003805	0.776369	0.135886	1.529367	0.976873	1.705341	1.105008	-0.572408	0.418664	-0.176985	1.707038	1.579419	0.619189	1.458394	1.250413	1.503749	1.209681	1.055757	1.543025	1.806384	2.080927	1.396019	0.782309	0.525032	0.587929	-0.543332	0.851532	1.921973	1.109224	0.330824	0.960686	-0.098941	-0.346626	0.507135	1.182078	1.284200	0.071685	0.289861	-0.075317	1.059907
0.436999	0.254746	0.367664	1.115939	-0.002317	0.044582	0.353492	0.210980	-0.006610	0.190387	0.923876	0.611230	0.165806	0.612381	0.179353	-1.200635	-0.498061	0.359967	0.168125	0.475797	-0.466279	-0.100060	0.732590	-0.529099	0.247457	0.327321	1.092719	-0.391351	1.246829	-0.415748	-0.085016	-0.475072	-0.012075	0.122850	0.233431	-0.719762	0.604663	0.353356	0.347103	0.177286	0.588541	-0.251391	-0.016741	-1.058668	-0.017939	0.194171	-0.043026	-0.493612	0.837152	0.357822	1.275566	0.760711	-0.417279	-0.073250	0.264663	0.345622	0.244742	0.643716	0.085223	-0.035548	0.123043	-0.703592	0.147117	-0.511432	-0.041400	0.238826	0.323461	-0.141815	-0.691077	-0.685011	-0.296176	-0.273242	0.284946	0.531986	0.282115	1.360696	-0.022444	-1.357000	-0.065606	-0.802595	0.429422	0.209746	0.448378	0.528982	0.444082	0.699715	0.860859	0.540728	0.963232	0.821500	1.473456	0.845344	-0.112627	-0.634455	0.292191	-0.538093	-0.432398	1.082359	0.377144	-0.737403	0.241408	0.139988	-1.016082	-0.449200	0.034370	0.330781	1.016036	-0.164222	0.062653	0.632533
-0.031246	-0.203507	0.080270	0.377713	-0.373722	-0.186108	-0.244624	0.152747	-0.626357	-0.262317	0.227969	-0.228327	-0.042550	0.280566	-0.861045	-1.156245	-0.978579	0.412836	0.181602	0.285531	-0.443136	-0.207617	-0.143592	-0.484337	-0.677891	0.124104	0.129265	-0.478718	-0.165559	-0.259677	-1.075001	-0.758116	-0.459410	-0.383805	-0.289213	-1.322433	0.159566	-0.155633	-0.012240	-0.047877	0.129330	-0.327993	-0.703362	-0.991758	-0.386954	0.017469	-0.030661	-0.600348	0.479016	-0.042597	0.751928	0.252267	-0.378040	-0.027278	-0.079546	0.000197	-0.011856	-0.213832	-0.277420	-0.481835	-0.368941	-0.545945	-0.296072	-0.594513	-0.393353	0.024378	-0.083531	-0.016024	-1.189608	-0.654267	-0.461159	-0.604946	-0.751005	-0.094858	-0.360162	0.564188	-0.532525	-0.561611	-0.225991	-0.517905	-0.010480	-0.100904	0.706447	0.253117	0.410291	-0.004312	0.293717	0.139047	0.269366	0.276503	0.889971	0.258766	-0.285773	-0.841638	0.225619	-0.408470	-0.508374	0.364905	0.020138	-0.717984	-0.202144	-0.104335	-0.348258	-0.341896	-0.276608	0.009198	0.604667	0.034714	0.062031	0.078002
0.038918	0.332556	0.934393	0.530143	0.362062	0.451619	0.213202	0.697895	0.185448	0.149142	0.232686	0.169354	0.726209	0.722811	-1.992846	-0.327834	-0.333914	-0.049598	0.378813	0.722069	-0.074752	0.276460	0.276427	0.314433	-0.542561	0.327531	-0.298405	0.078652	-0.834937	0.693766	-0.657621	0.208356	0.184704	0.199192	-0.452863	-0.869235	0.458904	0.137676	0.537133	0.794915	0.411426	0.532412	-0.201858	0.084587	-0.225038	0.258036	0.891216	-0.012578	0.527382	0.249913	0.894131	0.539242	0.004862	-0.176240	0.690887	0.303765	0.626921	0.063365	0.337360	0.098102	-0.000084	0.358028	0.546768	0.182335	-0.146532	-0.503774	-0.309707	-1.180478	-0.770665	0.352569	0.744374	-0.030872	-1.653688	0.114568	-0.398780	-0.003192	-0.171711	1.272959	0.530941	0.510654	0.547513	1.113209	1.268225	0.834554	1.377686	-0.019180	-0.817058	-0.619325	-0.234918	0.001802	0.745524	0.201301	0.601660	0.402478	0.283292	-0.434560	0.635603	0.274533	0.097444	0.297296	-0.262800	-1.189298	0.769869	0.784981	0.202819	0.293436	-0.820238	0.418066	-0.708499	-0.454456
0.070869	0.795714	1.488424	0.536628	1.255507	1.137032	0.813118	1.123409	1.096428	0.452125	0.276561	0.726352	1.679228	1.198024	-2.453581	0.144031	0.357842	-0.675351	0.220612	0.712453	-0.020114	0.695619	1.019847	0.756450	-0.037027	0.218753	0.058512	0.435289	0.101109	1.386775	0.366878	1.097945	1.143331	0.994167	-0.502269	0.144240	0.836229	0.630672	1.081025	1.571271	0.774725	1.147132	0.549974	1.019934	0.083799	0.351007	1.809739	0.638894	0.620753	0.485165	1.176681	1.110372	0.485448	-0.247906	1.165271	0.280375	1.034448	0.559919	0.751699	0.684931	0.318772	0.802951	1.805614	0.938916	0.074331	-1.191199	-0.339114	-2.231159	-0.411058	1.064731	1.799202	0.450736	-1.111518	0.505807	-0.172030	-0.021025	0.145976	2.385923	1.475003	1.042426	0.807146	2.208834	1.355182	1.140347	2.018833	0.138201	-2.119364	-1.654825	-0.575696	-0.612589	0.633260	0.251996	1.530119	1.830828	0.228493	-0.569634	1.364788	0.238607	0.061110	1.035996	-0.415245	-2.238513	0.921263	1.505519	0.360538	0.317383	-1.606010	0.253624	-1.839008	-0.934830
-0.247287	0.354052	0.795584	-0.177510	1.100922	1.027811	0.521968	0.741678	0.920028	-0.016128	-0.146060	0.352695	1.687388	0.941604	-1.824935	-0.194520	0.351960	-0.850779	-0.257041	-0.147179	-0.334104	0.448074	0.951185	0.271960	-0.046386	-0.437420	0.558999	0.190920	1.549979	1.053385	0.740917	0.794538	1.318557	0.979265	-0.623364	0.657572	0.560049	0.455425	0.719268	1.138152	0.540389	0.690297	0.471373	0.926321	0.037458	-0.018550	1.657687	0.687190	0.316604	0.098788	0.835818	1.039681	0.740845	-0.005024	0.359666	-0.396777	0.380653	0.267519	0.143052	0.405826	-0.087220	0.337878	1.928128	0.817316	-0.072818	-1.517710	-0.272800	-1.795141	-0.521017	0.678543	1.424663	0.155613	0.500803	0.344862	-0.216020	0.140964	-0.196056	1.774277	1.403840	0.457171	0.097741	1.658653	0.775945	0.538584	1.335562	-0.059075	-2.573681	-2.140468	-0.622861	-1.359876	0.188490	-0.085786	1.255198	1.823663	0.040666	-0.404174	0.673658	-0.275113	-0.298903	0.733861	-0.729539	-2.099950	-0.030556	0.967627	-0.278151	-0.233975	-0.947862	-0.318797	-2.112851	-1.202378
-0.481731	-0.378053	-0.318835	-0.902346	0.080348	0.450170	-0.311529	-0.014968	0.115333	-0.583718	-0.564334	-0.639599	0.770115	0.203861	-0.480679	-0.523473	-0.000518	-0.402917	-0.388035	-0.981391	-0.367774	-0.224348	0.190296	-0.401396	-0.455003	-1.083389	0.574395	-0.151356	1.747751	0.281681	0.218001	-0.343929	0.699643	0.319256	-0.610301	0.291353	-0.163689	-0.336246	-0.088329	-0.171044	0.041114	-0.186890	-0.209680	0.208497	-0.360261	-0.599612	0.443520	0.184325	-0.284572	-0.500417	0.015010	0.258790	0.608017	0.301936	-0.842303	-0.789562	-0.695028	-0.544100	-0.753582	-0.237373	-0.686603	-0.193416	0.551171	-0.025694	-0.187544	-1.018525	-0.168937	-0.284663	-0.443941	-0.106071	0.090696	-0.387023	1.511451	-0.148645	-0.431162	0.062633	-0.657084	0.214771	0.190073	-0.424136	-0.618971	-0.045046	0.224765	-0.182885	0.015401	-0.317438	-1.639722	-1.522732	-0.068396	-1.271946	-0.280292	-0.530076	-0.167849	0.284766	-0.134979	0.216406	-0.465652	-0.839545	-0.533039	0.008171	-0.618874	-0.786818	-0.940178	0.004469	-0.848837	-0.654519	0.198476	-0.408436	-0.932951	-1.016278
-0.141370	-0.252369	-0.471952	-0.780686	-0.417019	0.434040	-0.438561	-0.125992	0.035386	-0.237640	-0.194387	-1.107438	0.065179	-0.172203	0.795422	0.114509	0.143041	0.231854	0.180154	-0.807029	0.296099	-0.570297	-0.227607	-0.247795	-0.440318	-1.122541	0.250845	0.060590	0.643784	0.242860	-0.264463	-1.031823	0.259541	-0.004814	-0.188443	-0.284704	-0.489948	-0.890510	-0.104568	-1.007105	0.101261	-0.292074	-0.377073	-0.054610	-0.589983	-0.940140	-0.834463	-0.278947	-0.719403	-0.536091	-0.442594	-0.389019	0.107865	0.211407	-0.866643	-0.070208	-0.916644	-0.800560	-0.676880	-0.196272	-0.590726	0.059556	-1.098041	-0.707286	0.276317	0.171046	0.055404	0.769941	0.364285	-0.171381	-0.847386	-0.320457	1.028961	-0.130578	-0.180472	-0.019560	-0.297066	-0.770584	-0.930018	-0.433671	-0.129219	-1.164429	0.239397	-0.087264	-0.546478	-0.121279	-0.132114	-0.385234	0.916091	-0.064842	-0.274924	-0.476566	-1.471851	-1.318008	-0.246017	0.912569	-0.443020	-0.612382	-0.194739	-0.117466	0.289943	0.544677	-1.018734	-0.061755	-0.409377	-0.285941	0.649643	0.366147	0.805798	-0.341912
0.506379	0.673682	0.323480	-0.140745	0.295662	1.152829	0.450386	0.532147	1.030718	0.758901	0.842155	-0.670146	0.283105	0.066674	1.475148	1.422642	0.907560	0.415862	0.867413	0.097810	1.101244	-0.366691	0.163805	0.574011	0.225911	-0.662756	0.206239	0.693100	-0.111445	1.017857	0.181256	-0.586211	0.565721	0.392811	0.531258	-0.239460	-0.095994	-0.767887	0.873983	-0.787922	0.674683	0.398290	0.298304	0.463535	-0.235376	-0.824528	-1.405850	-0.337872	-0.727797	0.040512	-0.167774	-0.318500	-0.536282	-0.303604	0.327508	1.062480	-0.082967	-0.202210	0.278135	0.464429	0.047141	0.670088	-1.746253	-0.741857	1.118026	1.184832	0.333897	0.675653	1.297108	0.335082	-0.956732	0.232744	0.025859	0.606757	0.719513	0.296146	0.911352	-0.624862	-0.794791	0.440471	1.234345	-0.915818	0.394122	0.442083	-0.125163	0.296353	0.551161	0.111217	1.423014	1.095587	0.056852	-0.058937	-1.764210	-1.704239	-0.367520	1.272006	0.747771	0.354021	0.404377	0.451662	1.316836	0.940947	-0.757008	0.699258	0.610750	0.403195	0.542853	1.163392	1.559653	0.489188
0.623294	1.044043	0.621330	-0.124936	1.126807	1.462648	1.109023	0.867149	1.864114	0.985571	1.426406	-0.185330	0.728698	0.248945	1.420945	2.015533	1.332633	-0.175419	0.785271	0.437912	1.029525	-0.256328	0.611665	0.804870	0.695041	-0.377170	0.580132	0.982255	0.269931	1.340207	1.186885	0.376644	1.017473	0.781472	1.074291	0.395301	0.356499	-0.536570	1.501674	-0.411044	0.678543	0.628780	0.792880	0.919584	0.465716	-0.379202	-1.437636	-0.196069	-0.462624	0.442703	0.233802	0.019370	-0.919297	-0.743515	1.032691	1.053776	0.595410	0.265291	0.607674	0.500499	0.125102	0.446743	-1.487391	-0.501846	1.369415	1.055000	0.178340	0.109488	1.179881	0.154512	-0.993738	0.314781	0.001108	1.176502	1.432155	0.561441	1.864798	-0.116175	0.265207	1.082043	1.806778	-0.202980	-0.081334	0.215598	0.148121	0.170990	-0.048032	-0.464108	0.676927	0.796840	-0.008291	-0.144144	-1.436971	-1.071579	-0.525801	1.311119	1.389046	0.884126	0.381950	0.916666	1.182548	0.453817	-0.953636	0.867768	0.849360	0.283744	0.668317	0.782952	0.729243	0.917613
-0.208468	-0.027344	-0.514367	-1.152387	0.606680	0.368449	0.332998	0.003524	1.200837	-0.273467	0.722556	-0.585663	0.275384	-0.309775	0.722996	1.053234	0.495213	-1.215807	-0.153771	-0.470797	-0.120617	-0.822489	0.172912	-0.304406	0.103382	-0.721011	0.759412	0.568898	0.556939	0.280263	1.441523	0.740575	0.694361	0.309842	1.032561	0.802457	0.081701	-0.915411	0.563587	-0.930114	-0.532874	-0.416947	0.127674	0.424186	0.805789	0.050276	-1.425617	-0.215243	-0.251793	0.027017	-0.008017	-0.211055	-0.750294	-0.697103	0.004336	-0.487616	0.020354	-0.382278	-0.574244	-0.766021	-0.878502	-0.922374	-1.280426	-0.506831	0.398383	-0.269972	-0.747007	-0.068484	-0.268663	-1.202491	-1.521473	-0.503217	1.047208	0.705548	0.991684	-0.151839	1.489921	-0.129924	0.837904	0.661533	0.579977	-0.205852	-1.143018	-1.042880	-0.545185	-0.691029	-1.038112	-1.389530	-0.929911	-0.845632	-0.796553	-1.084671	-1.265266	-0.479348	-0.611287	1.203106	0.308988	0.091943	-0.644517	0.703331	-0.466776	-0.314530	-1.411220	-0.330646	-0.185610	-0.945184	0.885162	-0.839119	-0.794731	0.544463
-1.374403	-1.685719	-2.144036	-2.280800	-1.033833	-1.475997	-1.318864	-1.425253	-0.654195	-1.912097	-0.718570	-1.622633	-0.992570	-1.340684	-0.189753	-0.635266	-1.132432	-1.780617	-1.030406	-1.695915	-1.290422	-1.589185	-0.947008	-1.856927	-1.183514	-1.370715	0.219018	-0.048927	-0.403988	-1.337353	0.292217	0.133545	-0.399228	-0.847893	0.423737	0.401450	-0.800374	-1.678742	-1.303787	-1.997666	-2.052176	-1.871087	-1.186041	-0.726027	0.401182	0.157892	-1.352341	-0.384215	-0.272520	-0.906699	-0.799267	-1.055846	-0.173458	-0.287997	-1.793548	-2.096179	-1.326156	-1.710395	-2.168160	-2.293983	-2.041373	-2.286825	-1.458925	-0.643502	-1.081502	-1.610478	-1.761501	0.243558	-1.897574	-2.477407	-1.987667	-1.420460	1.839922	-0.450336	-0.308771	-1.643571	-0.014531	-0.540342	0.180433	-0.401350	-1.467543	-0.906093	-1.841019	-2.190175	-1.531201	-1.548451	-1.235597	-1.624569	-2.058900	-2.126134	-1.636920	-1.975576	-1.204007	-0.406447	-0.466004	0.859468	-1.436315	-1.312307	-1.835000	0.132326	-2.256919	-0.821674	-1.210508	-1.811984	-1.373479	-2.160403	0.271216	-2.315549	-1.581128	-0.412196
-1.773980	-2.286944	-2.484420	-2.264409	-2.035174	-2.356647	-2.076189	-1.928611	-1.981200	-2.245280	-1.488564	-2.097245	-1.722589	-1.820642	-0.573060	-1.427469	-1.992477	-1.046466	-0.891377	-1.677305	-1.299308	-1.450424	-1.567277	-2.195717	-1.843881	-1.504397	-0.708624	-0.276294	-1.741482	-1.809486	-1.309857	-0.766483	-1.319466	-1.645759	-0.330394	-0.489504	-1.429810	-1.855464	-2.246819	-2.226947	-2.353997	-2.144179	-1.708298	-1.325298	-0.318617	-0.004002	-0.860933	-0.346278	-0.436385	-1.457735	-1.246058	-1.635518	0.361934	0.126641	-2.304790	-2.094220	-1.890359	-2.222231	-2.376668	-2.483824	-2.053681	-2.310584	-1.392726	-0.405119	-1.574862	-1.639688	-1.626901	0.628988	-2.174194	-2.077260	-1.491704	-1.305486	1.347408	-1.138099	-1.043007	-2.255995	-1.270542	-0.500086	-0.874649	-1.005058	-2.331648	-1.361628	-1.383625	-1.984291	-1.491229	-1.578366	-0.333184	-0.799853	-1.751910	-1.579478	-1.489528	-1.641299	-0.650828	-0.375090	-0.033996	0.164420	-1.790707	-1.704235	-1.799418	-0.046846	-2.346735	-0.672292	-0.092653	-1.958547	-1.286099	-1.948184	-1.162678	-2.176983	-0.974301	-1.040739
-1.021895	-1.358668	-1.050722	-0.955745	-1.388433	-1.515216	-1.165975	-0.965581	-1.659677	-1.062939	-0.961273	-1.317749	-0.950925	-1.124438	-0.091993	-0.790123	-1.289101	0.744926	0.174419	-0.149317	-0.271710	-0.161930	-1.033538	-0.853120	-1.173011	-0.718202	-1.260048	-0.258193	-1.839386	-0.680600	-1.856505	-1.074872	-1.284161	-1.352174	-0.766963	-1.093493	-1.293639	-0.963514	-1.467896	-1.020050	-1.152431	-0.876240	-0.930252	-0.753572	-0.605918	-0.028738	-0.007790	0.086149	-0.571365	-1.165620	-0.724598	-1.192095	0.529832	0.409603	-0.990999	-0.559487	-0.967789	-1.153079	-0.998579	-1.190175	-0.857499	-1.018211	-0.578654	0.273784	-0.579743	-0.403631	-0.162681	0.703702	-0.749402	-0.081695	-0.072055	-0.068006	-0.055830	-0.892706	-0.416373	-0.811787	-1.159949	0.370320	-0.975536	-0.630311	-1.200109	-1.047795	0.012800	-0.468628	-0.132755	-0.733611	0.950620	0.568943	-0.324179	0.421987	-0.124162	-0.151135	0.426140	0.128543	0.516757	-0.566431	-0.297367	-0.523491	-0.135376	0.435673	-0.564602	0.203105	1.048938	-0.702259	0.157348	-0.189974	-1.962259	-0.442920	0.445549	-0.475231
0.049438	-0.076178	0.778899	0.583852	-0.096862	0.009870	0.206355	0.417017	-0.490074	0.201187	-0.038656	0.005820	0.664496	0.218428	0.564679	0.184964	-0.037480	2.215107	1.053708	1.386263	0.511570	1.140905	-0.056734	0.848842	0.018748	0.424812	-1.190389	-0.541584	-0.692044	0.684514	-1.116830	-0.655149	-0.461512	-0.314402	-0.767442	-1.026338	-0.754332	0.359096	-0.162571	0.602303	0.280441	0.656030	0.083808	0.219901	-0.321980	0.341252	0.675796	0.585557	-0.664686	-0.497428	0.339653	0.015379	0.329491	0.546919	0.484886	0.814329	0.396948	0.526504	0.353176	0.116422	0.276820	0.272052	0.539453	0.812350	0.668209	0.635404	1.257550	0.334100	1.089692	1.766716	1.221511	1.148796	-1.188560	-0.351608	0.646979	1.661186	-0.079999	1.428009	0.048292	0.159990	0.615205	-0.384051	1.396187	1.158742	1.434321	0.374045	1.592477	1.571769	1.064670	2.082472	1.503442	1.176158	1.297212	0.834263	0.828420	-0.827322	1.335087	0.981037	1.891177	1.047631	1.246235	1.159118	1.217281	0.479733	1.668725	1.707716	-1.015037	1.367977	1.490335	1.017090
0.306906	0.259944	1.397678	1.252757	0.250164	0.699155	0.396225	0.870554	-0.124967	0.370915	-0.016169	0.605393	1.538126	1.038378	0.380474	0.233928	0.153002	2.133856	0.771713	1.367231	0.223156	1.296006	0.209518	1.347010	0.406202	0.989683	-0.837322	-1.036357	0.250994	0.816633	-0.348908	-0.116448	0.318104	0.483022	-0.592881	-0.518502	-0.416284	1.099870	0.076326	1.263048	0.695614	1.113531	0.112450	0.403231	-0.057179	0.832850	0.881127	0.597795	-0.787723	-0.222875	0.906201	0.987913	-0.003283	0.383621	0.426177	0.728781	0.723897	1.211766	0.348224	0.240459	0.324702	0.480683	1.092270	0.689533	0.681634	0.363500	1.277885	-0.248266	1.643879	2.003523	1.492047	1.178141	-1.252143	-0.161794	0.675559	2.895187	0.503937	1.721763	0.958696	0.405187	1.174255	0.029661	1.961782	1.780492	1.932148	1.118339	1.126967	1.608404	1.488678	2.025749	2.107357	1.286513	1.412797	1.001800	0.648968	-0.619702	1.387161	1.211243	2.458144	1.018298	1.308963	1.204194	0.489640	0.529520	2.008853	2.176216	0.819270	1.766167	1.419680	1.977180
-0.319733	-0.273616	0.693775	0.951850	-0.481507	0.207201	-0.646140	0.255070	-0.970579	-0.069066	-0.974449	0.224486	0.820421	0.707948	-0.608851	-0.572510	-0.897044	0.746376	-0.436803	0.031401	-0.534406	0.591017	-0.401438	0.603741	-0.184308	0.791487	-0.396510	-0.874233	0.171458	-0.163703	-0.557777	0.043801	0.367518	0.425475	-0.543399	0.027741	-0.340910	0.964163	-0.793297	0.848506	0.194994	0.540233	-0.680152	-0.299469	-0.245889	0.998558	0.868787	-0.009306	-0.804907	-0.492980	0.444075	1.002163	-0.134899	-0.149209	-0.740366	-0.339582	-0.054891	0.526526	-0.493456	-0.337871	-0.306030	-0.098904	0.816018	0.103633	-0.396215	-0.561624	0.172430	-0.479714	0.539792	0.888080	0.912244	0.089022	-0.284191	-0.178190	-0.437616	1.891189	-0.177070	1.066959	0.655863	-0.212301	0.112313	0.186964	1.560827	1.237974	1.176842	1.203421	0.052677	0.867924	0.870845	0.530677	1.267048	0.448198	1.035130	0.381315	0.152910	-0.494598	0.127468	0.028486	1.011717	0.167497	-0.092644	0.197162	-0.107149	-0.054034	1.098636	0.958266	1.689558	0.675465	0.522140	1.235273
-0.732892	-0.570431	-0.143171	0.428417	-1.025868	-0.590255	-1.443833	-0.428220	-1.757003	0.127148	-1.734692	-0.129992	-0.870687	-0.297654	-1.173047	-1.115962	-1.642835	-0.499209	-1.390973	-0.888215	-0.622856	0.321999	-0.967291	-0.071065	-0.620290	0.585544	0.257359	0.377673	-0.296103	-0.988832	-1.171241	0.010986	-0.354404	-0.237412	-0.646453	0.421057	-0.166729	0.501833	-1.458201	0.400520	-0.275414	-0.017089	-1.069322	-0.780526	-0.544588	0.824025	0.976067	-0.698647	-0.437075	-0.772154	-0.549216	0.237140	0.156569	-0.691387	-1.139413	-0.946832	-0.589189	-0.357414	-0.691978	-0.300061	-0.417328	-0.313877	0.281929	-0.259897	-1.041146	-0.590025	-0.588462	0.023413	-0.860745	-0.147472	0.379114	-0.889541	1.126634	-0.058243	-1.331323	-0.151134	-1.250875	0.212805	-0.444384	-1.047588	-1.076821	0.428535	0.575064	0.171984	0.029808	0.666679	-0.582436	0.168216	-0.187155	-0.983237	-0.231834	-0.321444	0.772260	-0.396789	-0.172593	-0.766003	-0.811111	-1.240248	-1.150308	-0.876584	-1.133114	-0.714809	0.234480	-0.254877	-0.178251	-0.770026	1.058816	-0.671883	-0.238102	-0.649809
-0.061981	-0.047649	-0.195309	0.270346	-0.506105	-0.803053	-0.926804	-0.355905	-1.253298	1.113462	-1.375250	0.383194	-2.152455	-0.939542	-0.385299	-0.688865	-0.688236	-0.536857	-1.289636	-0.277796	0.141040	1.036099	-0.718406	0.251357	-0.027291	0.998778	0.925352	1.713850	-0.274125	-0.941673	-0.946649	0.206153	-1.249150	-0.734946	-0.700574	0.657468	0.220109	0.339226	-1.067703	0.640644	-0.254292	0.088567	-0.399822	-0.162052	-0.398346	0.643722	1.070623	-0.786674	0.240586	-0.617787	-1.141515	-0.488357	0.685183	-0.758114	0.034616	-0.463819	0.116057	-0.244184	0.257072	0.731225	0.432634	0.437296	0.173840	-0.036336	-0.373398	0.605192	-0.117270	0.896450	-0.911300	-0.098533	0.446698	-0.698976	2.241818	-0.050337	-0.953660	-1.390099	-1.346478	-0.048254	-0.959114	-1.180665	-0.956810	0.746648	-0.412266	-0.657840	-0.621875	-0.118508	-0.212469	0.123576	-0.946210	-1.441098	-1.199462	-0.428553	0.794369	-0.485191	-0.069296	-1.010556	-0.561326	-1.378698	-2.147243	-1.301290	-0.657105	-0.357814	1.252358	0.037669	-0.907076	-1.582803	0.127795	-1.015678	-0.155196	-1.881965
1.169810	0.681952	0.300656	0.302042	0.565719	-0.326708	0.331681	0.279204	0.179926	1.709743	-0.323450	1.249251	-2.037103	-0.602684	1.122429	0.308285	1.379884	0.326496	-0.515975	1.035579	0.838177	1.838931	0.019896	1.092978	1.026844	1.606474	0.873921	1.551715	0.216320	-0.440572	0.207321	0.502997	-1.470538	-0.493178	-0.535182	0.754189	0.507725	0.562182	-0.135892	1.166203	-0.053609	0.541959	0.655864	1.075555	0.054396	0.492004	0.744586	-0.187614	0.608662	-0.226206	-0.898864	-0.487456	0.894100	-0.362641	1.505923	0.392439	1.448701	0.699416	1.406546	1.802038	1.411382	1.561569	0.533563	0.427516	0.785953	1.633581	1.012646	1.266069	0.542033	0.763474	0.794157	0.427902	2.459421	-0.578146	0.160166	-1.233315	-0.371978	0.250207	-0.287978	-0.373413	0.176502	0.759302	-0.860023	-0.841701	-0.601748	-0.541921	0.611662	0.456316	-0.970400	-0.943350	-1.119638	0.002091	0.739298	0.220029	0.179355	-0.622870	0.193875	-0.458667	-1.263417	-0.911623	0.702261	0.959712	1.914440	0.214838	-0.788911	-1.010323	-0.023321	-0.162204	0.586168	-1.380275
1.648677	0.783476	0.605104	0.078328	1.143569	0.390238	1.013583	0.742670	1.156065	1.066524	0.312874	1.292807	-0.609383	0.375590	1.834194	1.042049	2.483974	1.034182	0.019253	1.356443	0.703456	1.611377	0.330633	1.360755	1.307408	1.447506	-0.241444	-0.249753	0.589646	-0.041269	1.056649	0.308971	-0.605999	0.360902	-0.153646	0.688393	0.439573	0.806277	0.434278	1.171574	0.064286	0.755262	1.069442	1.664209	0.139772	-0.011513	-0.051253	0.497143	0.131737	-0.069275	-0.173326	0.180445	0.495325	0.051553	1.613972	0.703063	1.941628	1.324214	1.641371	1.886161	1.451962	1.995882	0.788622	0.532232	1.126866	1.265396	1.624928	0.708253	2.039503	1.429504	0.731672	1.293611	1.589798	-1.264724	0.697152	-0.405739	0.446110	0.399687	0.688916	0.692035	0.892058	0.318172	-0.533373	-0.400714	-0.297551	-0.228930	0.856727	0.404383	-0.275011	-0.238937	-0.408701	0.614493	0.281872	0.937039	0.126842	0.286066	0.460918	0.554543	0.580687	-0.250852	1.589753	1.747020	1.482635	0.099052	-0.141428	0.309121	0.247561	1.062621	1.187727	0.162754
0.934286	0.389970	0.500521	-0.258482	0.934492	0.903560	0.733092	0.706747	1.046350	-0.080943	0.211396	0.345662	1.060032	1.065152	1.177472	1.177591	1.464816	1.012514	0.069728	0.240939	0.087329	0.451011	-0.038636	0.741793	0.582413	0.370192	-1.518480	-1.813983	0.618581	0.357585	0.728359	-0.498655	0.790896	1.090167	0.343824	0.444074	0.194246	0.739738	0.561637	0.523769	0.340291	0.625784	0.753584	1.048867	-0.291227	-0.896520	-0.809604	0.664578	-0.841455	-0.177204	0.375068	0.765892	-0.001380	0.307586	0.395889	0.506388	1.012078	0.998205	0.905745	1.016074	0.527514	1.351724	0.462743	0.138945	0.547621	0.143507	1.272368	-0.225025	2.165427	1.253760	0.069791	1.104804	0.088907	-1.047734	0.286484	0.365381	0.297303	-0.057456	0.786120	1.114608	0.552751	-0.234459	0.264293	0.332086	-0.086130	0.491150	0.296305	-0.154011	0.766531	0.284221	0.267612	1.083897	-0.395984	0.871027	-0.213567	0.901463	0.217631	1.002262	1.900917	0.065370	1.522393	1.182611	0.271292	0.151299	0.512238	1.412995	0.070623	1.746721	1.118548	1.271309
0.024271	0.349352	0.356738	-0.065975	0.505167	0.998975	0.313239	0.473955	0.577459	-0.351969	0.143761	-0.426591	1.731740	0.890346	0.173744	0.976839	-0.489599	0.524634	0.175918	-0.974918	-0.098475	-0.511176	-0.335912	-0.050502	-0.085153	-0.591631	-1.543536	-1.290317	0.568131	0.941569	-0.113013	-1.127696	1.567008	1.049654	0.875107	0.114320	0.164107	0.395861	0.765804	-0.161522	0.927073	0.437305	0.498659	-0.036128	-0.490917	-1.362966	-0.975663	0.335436	-1.254369	-0.085735	0.416951	0.609184	0.145451	0.647561	-0.579111	0.501068	-0.374324	0.303292	0.045458	0.035672	-0.341645	0.228369	-0.253211	-0.318413	0.068514	-0.124940	0.505727	-0.618344	1.023680	0.438469	-0.642204	0.268999	-1.063874	0.466994	-0.157980	1.001778	-0.146076	-0.776797	-0.015798	0.666416	-0.014822	-0.484709	0.852522	0.904014	-0.027824	0.867685	-0.208387	-0.444169	1.593325	0.774009	0.663724	1.068078	-0.755167	0.114696	-0.346422	0.700872	0.128777	1.049887	1.968040	-0.014125	1.062723	0.091449	-0.679938	0.556403	0.861944	1.774807	-0.478539	1.638675	0.610201	1.313822
-0.008031	0.859575	0.394594	0.735974	0.353716	0.632373	0.443860	0.344893	0.566747	0.352162	0.691618	-0.098545	1.055651	0.207107	0.018880	0.716416	-1.303636	0.003057	0.564802	-0.932061	0.294895	-0.594115	0.062344	-0.327216	0.146245	-0.457386	-0.173698	0.749830	0.585772	1.196495	-0.232270	-0.743013	1.144206	0.372333	1.311717	-0.095896	0.444718	0.059749	1.069665	-0.354717	1.279996	0.291699	0.736559	-0.556409	0.119667	-0.654112	-0.563061	-0.042628	-0.578933	0.399825	0.176143	-0.085764	0.749198	1.028123	-0.288396	0.830222	-0.849530	0.125067	-0.231834	-0.411203	-0.338094	-0.532546	-0.717304	-0.418114	0.231408	0.667545	0.032723	-0.228846	-0.156267	-0.404819	-0.768716	-0.290236	-1.084151	2.137542	0.126384	1.422548	0.144889	-1.076752	-0.630163	-0.053020	0.080176	-0.336964	0.725864	0.946104	-0.041456	0.604188	0.064303	0.042436	1.638485	1.199000	0.826688	0.484828	-0.502324	-0.487744	0.003757	0.107093	0.404014	1.077231	1.103756	-0.138625	0.722805	-0.289357	-0.701586	0.754114	0.872673	1.394891	-0.592321	1.016496	0.196499	0.833480
0.494903	0.983697	0.314167	1.211209	0.310461	-0.109053	0.660948	0.102487	0.705305	0.622767	1.157126	0.675725	-0.127588	-0.191749	0.466442	0.332419	-0.562916	-0.541522	0.466520	-0.043080	0.360916	-0.348422	0.560575	-0.295219	0.650824	0.391975	0.993469	1.800075	0.447883	0.455076	0.444482	0.387611	0.169599	-0.187214	1.360532	-0.103738	0.672625	-0.128319	0.798729	-0.205957	0.650710	-0.026470	0.892106	-0.411754	0.848594	0.676006	-0.166801	-0.287605	0.359694	0.694268	0.127973	-0.440835	0.730586	0.820063	0.492954	0.737075	-0.222056	0.425113	0.023554	-0.361444	0.172002	-0.716983	-0.583972	-0.281536	0.309592	0.931474	-0.029041	0.301024	-0.582830	-0.862738	-0.372154	-0.334438	-0.209606	2.290055	0.582598	1.129940	0.895196	-0.768080	-0.254423	-0.325997	0.395217	0.094809	-0.059466	0.337543	-0.193289	0.173683	0.589627	0.607719	0.638965	1.017474	0.623767	-0.108949	0.002765	-0.352188	0.363960	-0.146851	0.492954	0.967887	0.038912	-0.197169	0.312328	-0.031952	-0.097094	0.203318	0.548788	0.521560	-0.059941	0.160270	-0.049420	0.558035
0.350073	-0.002313	-0.166693	0.570516	0.036937	-0.899105	0.158962	-0.558460	0.210756	-0.462885	0.442089	0.570162	-0.640633	0.002578	0.305062	-0.256209	0.236343	-1.245129	-0.868266	0.143949	-0.590678	-0.583976	0.067725	-0.572794	0.226894	0.704012	0.501831	0.552870	0.069679	-0.877512	0.823772	1.117296	-0.240733	-0.105952	0.816931	-0.107025	0.482016	-0.291628	-0.308578	-0.167685	-0.789089	-0.573151	0.308714	-0.303137	0.421293	1.139058	-0.326342	-0.652347	0.318183	0.162162	0.526397	0.084744	-0.303715	-0.283725	0.436145	-0.254283	0.480201	0.446210	0.357828	-0.136491	0.218861	-0.710051	-0.187332	-0.368475	-0.491451	-0.343753	-0.021910	0.270454	-0.547958	-0.805286	-0.122266	-0.398408	0.445590	0.670333	0.167530	0.055673	0.889277	-0.266071	0.722793	-0.053233	-0.098751	0.706593	-0.988303	-0.640201	-0.586655	0.127034	0.271099	0.211652	-0.964759	-0.049543	-0.104517	0.075602	0.077965	0.216204	0.023822	-0.035152	0.019247	0.422157	-0.667503	-0.426506	-0.427378	-0.253840	0.458869	-0.708977	-0.058646	-0.403225	0.402071	-0.688316	-0.481534	0.626078
-0.513040	-1.201612	-0.661853	-0.491637	-0.201525	-1.161837	-0.709995	-1.223213	-0.628430	-1.790590	-1.073988	-0.406857	-0.075310	0.487774	-0.661459	-0.716980	0.009847	-1.795259	-2.636736	-0.738849	-1.844668	-1.064405	-1.188162	-1.081605	-0.984096	0.112773	-0.952060	-1.337885	-0.123550	-1.445022	0.375569	0.867755	0.271419	0.438447	0.074666	-0.274004	0.078140	-0.461998	-1.298340	-0.243792	-1.761353	-0.904353	-0.543544	-0.518748	-1.117188	0.265110	-0.922778	-1.225787	-0.601847	-0.705951	1.196162	1.094693	-1.156384	-1.401077	-0.302367	-1.249087	0.534733	0.052692	0.588939	0.162077	-0.347393	-0.730010	-0.102287	-0.806751	-1.547417	-1.799903	-0.185824	-0.253943	-0.559299	-0.260851	-0.376358	-0.752904	0.179518	-1.038516	-0.953649	-0.764162	-0.059521	0.036071	1.328113	0.295421	-1.122922	1.337064	-1.431551	-1.277620	-0.949767	0.417784	-0.891831	-0.925120	-2.044683	-1.209045	-0.912534	1.044234	-0.482087	0.505023	-0.920360	-0.123074	-0.424042	-0.189491	-0.713270	-0.816651	-1.029837	-1.251452	0.791926	-0.972393	-0.534925	-0.734605	0.208886	-1.045998	-1.100747	0.828430
-0.737762	-0.961492	-0.462921	-0.473796	0.155571	-0.536830	-0.654973	-0.985654	-0.544715	-1.499716	-1.519382	-0.800509	0.939611	0.926101	-1.084514	-0.584736	-0.426891	-1.613240	-2.894489	-1.218423	-1.948442	-0.877030	-1.486757	-1.048612	-1.409705	-0.375613	-1.248815	-1.410848	0.278412	-0.595174	-0.010645	0.343085	1.067545	0.932554	-0.038073	-0.392305	0.052267	-0.411055	-0.948552	-0.039685	-1.207770	-0.537823	-0.517837	-0.516700	-2.010472	-0.605780	-1.313762	-1.545855	-0.872698	-0.606774	1.666551	1.697648	-0.510015	-1.223190	-0.273203	-0.870337	0.392114	0.034372	0.822974	0.535393	-0.626411	-0.529758	-0.450397	-1.176521	-1.409138	-1.388210	-0.420431	-0.591288	-0.518429	0.405769	-0.702394	-0.925338	-0.419762	-1.009761	-1.392895	-0.263981	-0.558974	0.116412	1.155803	0.310572	-1.091676	1.634825	-1.018704	-0.901275	-0.714244	0.607112	-1.517353	-1.384345	-1.631564	-1.190152	-0.864238	1.743859	-1.127363	0.217944	-1.488231	-0.542903	0.015575	-0.020570	-0.124146	-0.859876	-0.751496	-1.846567	1.069623	-0.235509	-0.291949	-0.156847	-0.296333	-0.519821	-1.289436	1.058151
0.345793	0.766756	0.384762	0.788408	0.858183	0.504719	0.633305	0.249418	0.798137	0.372469	0.067956	0.122849	1.404884	1.142623	-0.017351	0.009892	0.134499	-0.734064	-0.947069	-0.164837	-0.559407	0.000920	0.148125	-0.254369	-0.227546	-0.017258	0.374301	0.360264	0.960724	0.712460	0.595432	0.476054	1.323064	1.029016	0.665885	-0.186310	0.478139	-0.100388	0.549502	0.398392	0.338067	0.278638	0.504191	0.053161	-0.925595	-0.162427	-1.051687	-1.131279	0.360039	0.710259	1.467015	1.331500	1.039108	0.297928	0.903147	0.722373	0.592637	0.682634	0.886141	0.685077	-0.071071	-0.036515	-0.796060	-1.043964	0.059742	0.609736	-0.482534	-0.312160	-0.146456	0.475376	-0.563014	-0.535930	-0.351373	0.630174	-0.376261	1.088047	0.430176	0.007082	0.611391	0.028450	0.527824	1.230478	0.013280	0.321107	0.200505	0.436768	-0.567674	-0.412071	0.024248	0.190645	0.319321	1.157557	-1.210529	-0.400133	-1.017501	-0.697664	1.026636	0.924915	0.525871	-0.244086	0.252515	-1.036847	1.026224	0.583843	0.551958	0.655929	-0.376827	0.428113	-0.644436	1.165337
1.356747	1.973438	0.867255	1.593871	0.820953	0.920673	1.712260	1.284451	1.908745	1.641525	2.128973	1.116836	0.894352	0.908004	1.452238	0.338704	1.169742	-0.018972	1.428823	1.307853	0.989231	0.418923	2.252884	0.394797	1.239023	0.384741	2.239156	1.711174	1.127441	1.155828	1.619227	1.094479	0.820189	0.657363	1.203877	0.126503	0.598524	0.040391	1.558515	0.368487	1.185433	0.670215	1.188802	0.597947	1.109585	0.927654	-0.297145	-0.163252	1.853749	1.686637	0.498597	0.195378	1.479238	1.664468	1.581641	1.653106	0.593455	0.938552	0.297851	0.211896	0.583294	0.208472	-0.679388	-0.463600	1.130135	1.673951	-0.300610	0.289532	0.267820	-0.387089	-0.083001	0.000225	0.301845	1.956840	1.147770	1.682256	1.952486	-0.366153	0.240732	-0.228497	1.955928	0.149998	0.870850	1.288753	1.003614	0.006818	1.142874	0.983433	1.484944	1.548429	1.590355	-0.403004	-0.706248	-0.960860	-0.008950	-0.133729	1.237120	1.375202	0.419331	0.518997	0.848663	0.434045	0.125332	0.352755	0.946492	0.538634	0.116836	0.673563	0.259367	0.741078
0.661631	1.118037	0.257503	0.592646	-0.363717	0.298092	1.199445	1.017806	1.241968	0.782916	2.318157	0.667136	-0.044898	0.134771	1.495949	0.014468	1.025376	-0.143164	1.963306	1.219319	1.265401	-0.314233	2.475470	0.045384	1.131207	-0.314234	2.396104	1.277664	0.448990	0.709447	1.650532	1.202777	0.002297	-0.013551	0.571906	0.070000	-0.173022	-0.278008	0.930532	-0.465023	0.411769	0.197586	0.487171	0.411958	1.838444	0.947324	0.492389	0.722099	1.800464	0.891104	-0.727888	-0.907173	0.083732	1.567310	0.358034	0.709538	-0.372771	-0.144492	-0.900446	-0.696044	0.382146	-0.246471	-0.101874	0.200128	0.419218	0.439090	-0.121911	0.627879	0.157973	-1.458885	0.277243	0.122773	0.493660	1.500322	1.666407	0.779229	2.203950	-0.792050	0.186797	-0.211314	1.280607	-0.995615	0.931986	1.111628	0.885003	-0.391060	1.807660	1.304439	1.524678	1.439239	1.597978	-1.513511	-0.075924	-1.138603	0.599985	0.772711	0.075582	0.323164	-0.575960	0.659201	0.295901	0.950716	-1.329895	-0.778735	0.143972	-0.660583	0.631805	-0.223585	0.441544	-0.420014
-1.149461	-0.727060	-0.801940	-1.236220	-1.565983	-0.558954	-0.321088	-0.084533	-0.659695	-0.978683	0.463100	-0.760175	-0.528757	-0.742596	0.041792	-0.467142	-0.577348	-0.703485	0.629003	-0.488007	0.405685	-1.289422	0.564755	-0.827327	-0.434955	-1.643787	1.041923	0.237534	-0.551761	0.378288	0.381598	0.417486	-0.569869	-0.632147	-0.813949	-0.314071	-1.238648	-0.597784	-0.572912	-1.288336	-1.068001	-0.528279	-0.870144	-0.216735	0.647567	-0.343843	1.027697	1.157075	0.282305	-0.869939	-1.435316	-1.257840	-1.407355	0.435240	-1.650188	-0.917400	-1.709765	-1.676091	-1.794999	-1.252428	-0.408702	-0.918051	0.517712	0.699761	-1.109610	-1.349963	-0.288651	0.485938	-0.436225	-1.618333	0.448644	-0.003759	-0.155673	-0.123448	0.876717	-0.640916	0.867388	-0.719672	0.230937	0.011086	-0.803936	-1.420683	0.434376	0.178125	0.072242	-0.520627	0.844347	0.463065	0.396018	0.076712	0.294856	-1.335255	0.366804	-0.741478	0.615227	1.255708	-1.272903	-1.483359	-1.567942	0.201160	-0.776756	0.143095	-2.037035	-1.494434	-1.141170	-1.670356	0.636743	-1.322231	-0.231419	-1.737309
-1.889852	-1.249168	-1.038973	-1.781408	-1.446706	-0.629843	-1.080927	-0.593445	-1.696643	-1.264489	-1.230976	-1.294122	-0.395562	-1.123549	-1.163504	-0.431974	-1.903237	-0.746721	-0.542344	-1.800817	-0.270115	-1.139046	-1.268573	-0.991503	-1.468453	-1.899470	-0.064622	0.317204	-1.098966	0.594163	-0.947733	-0.508050	-0.742423	-0.922077	-1.510938	-0.414618	-1.387480	-0.270962	-1.254413	-1.014228	-1.619199	-0.610952	-1.301775	-0.402698	-0.691614	-1.328363	1.232098	1.210311	-0.905269	-1.498649	-1.373394	-0.951876	-0.985766	-0.258862	-2.090955	-1.182029	-1.897299	-1.834768	-1.611145	-1.020663	-0.734361	-0.871976	0.762414	0.939073	-1.343331	-1.201896	-0.753793	0.069506	-0.815790	-0.731752	0.625425	0.117325	-0.684700	-1.100192	-0.181969	-1.233078	-0.603741	0.015803	0.091271	0.094425	-1.797648	-0.905580	0.129873	-0.388670	-0.429024	-0.449336	-0.461487	-0.296790	-0.565943	-0.995924	-0.955101	-0.656069	0.676515	0.048483	0.549398	0.991705	-1.390620	-2.280625	-1.607985	-0.095853	-1.171840	-0.733755	-1.229022	-0.988009	-1.476464	-1.380227	0.149684	-1.392284	-0.859017	-2.219679
-0.704027	0.038248	-0.191254	-0.579526	-0.205587	0.029875	-0.463301	-0.015959	-0.797931	0.334267	-0.965908	-0.245103	-0.304486	-0.972851	-0.953094	0.058201	-1.449357	0.008629	-0.182033	-1.279413	-0.012925	0.127292	-1.135980	-0.114217	-0.683399	-0.476016	-0.080505	1.279713	-0.936080	0.708053	-1.122520	-0.730644	-0.739037	-0.918479	-0.858359	0.092202	-0.346915	0.496523	-0.525467	0.208865	-0.735095	-0.015409	-0.417458	0.053459	-0.393828	-0.804504	1.072882	0.986346	-0.743587	-0.427657	-1.055127	-0.740603	0.917512	0.057933	-0.542677	0.049692	-0.583542	-0.374943	-0.758595	-0.481486	-0.318510	-0.006326	0.557493	0.810546	0.148806	0.711808	-0.949042	-0.387502	-0.515361	0.164555	0.682183	0.401448	-0.156981	-0.624775	-0.492122	-0.821225	-0.922410	0.779240	-0.313066	-0.177081	-0.710067	-0.063191	0.272194	-0.191478	-0.097240	-0.496259	-0.695608	-0.189826	-0.498775	-0.837172	-0.946695	-0.721287	0.948865	0.654569	0.665006	0.272485	-0.450764	-1.327522	-0.760261	0.127040	-0.596205	-0.568522	0.145221	0.088564	-0.539365	-0.278520	-0.451925	-0.385017	-0.662807	-1.539545
0.861225	1.247555	0.692298	0.682270	0.704212	0.453621	0.377559	0.637895	0.787483	1.801139	0.551686	0.982075	-0.664718	-0.747138	-0.052237	0.374314	0.079976	0.877015	0.914482	0.255607	0.608880	1.141186	0.328995	0.809268	0.905285	1.166078	0.115368	1.379440	-0.469768	0.126791	-0.372535	-0.407480	-0.703818	-0.798753	0.240475	0.704496	0.753787	0.728585	0.563566	1.004888	0.601472	0.447645	0.599993	0.415336	1.041499	0.420076	0.574087	0.474845	-0.141662	0.715824	-0.979759	-0.977816	1.916196	0.516852	0.962252	0.918285	0.742872	0.896437	-0.279210	-0.313885	0.068790	0.720102	0.138548	0.301539	1.564276	1.840781	-0.382945	-0.712120	0.120133	0.205378	0.301024	0.323285	0.915772	0.303171	-0.069267	-0.211213	-0.366099	0.829140	-0.777474	-0.542620	0.789044	0.232864	0.356161	0.114906	0.524226	-0.742546	-0.010753	0.216117	0.189619	-0.055510	0.067729	-1.374775	1.019235	0.628516	0.629281	-0.427049	0.253841	0.357451	0.150730	0.327445	0.156469	0.265732	0.509202	0.620133	0.463436	0.340915	-0.847938	0.641622	0.116438	-0.412235
0.985027	0.703886	0.624362	0.486646	0.401424	0.083293	0.259652	0.331269	1.071459	1.335708	1.228605	0.790198	-0.939925	-0.629607	0.358649	0.207882	0.762718	1.070135	1.227458	1.041312	0.724494	0.912074	1.071971	0.765816	1.342736	1.258609	-0.385901	-0.080422	-0.273460	-0.734972	0.087935	-0.356753	-0.502104	-0.572635	0.525463	0.650469	0.667326	-0.075533	0.754843	0.433216	1.185387	0.228291	0.587663	0.084411	1.557588	0.738501	-0.073753	-0.183497	-0.308701	0.431900	-0.912938	-1.083960	0.727027	0.248278	0.691966	0.204308	0.584372	0.453649	-0.436481	-0.448781	-0.111230	0.498612	-0.243180	-0.305127	1.241306	0.712755	0.675017	-0.564936	0.415047	-0.290318	-0.396012	-0.178790	1.182373	0.375343	0.377143	0.063887	-0.022322	0.173040	-1.014712	-0.557547	0.794796	-0.334811	-0.012655	-0.029579	0.601439	-0.766283	0.421677	0.099803	0.595805	0.318462	0.853199	-1.234435	0.603928	0.116104	0.155239	-0.781463	0.153286	1.242934	0.602678	-0.036571	0.383533	0.711056	-0.332052	0.405868	0.402835	0.163921	-0.864183	0.869891	0.714808	0.243510
-0.184515	-0.927369	-0.164408	-0.666768	-0.522298	-0.545962	-0.500697	-0.561973	-0.255867	-0.491215	0.256925	-0.614366	-0.406672	-0.323521	0.335966	-0.099180	-0.020367	0.545747	0.544762	0.568085	0.320923	-0.077752	0.286047	-0.036047	0.148466	-0.165179	-1.060434	-1.671116	-0.465801	-0.959972	-0.337088	-0.815439	-0.050738	-0.155414	-0.118187	-0.166591	-0.520990	-1.189889	0.026303	-0.845885	0.763238	-0.286762	-0.251676	-0.561239	0.247336	-0.116512	-0.557696	-0.602667	-0.974858	-0.757613	-0.342462	-0.419627	-1.245902	-0.378133	-0.675528	-1.073046	-0.697408	-1.012675	-0.515091	-0.305934	-0.427353	-0.322654	-0.495467	-0.578763	-0.326292	-1.227569	1.364488	0.331966	0.214008	-0.422998	-0.810799	-0.532960	0.249473	-0.299124	0.417849	0.255224	-0.233620	-0.535614	-0.903276	-0.204897	-0.391769	-1.253887	-0.409474	-0.268355	0.060888	-0.185550	0.162372	-0.336884	0.468521	0.230467	0.707867	0.211628	-0.250251	-0.375784	-0.444243	-0.628511	-0.099278	0.827979	0.711347	-0.570229	0.275975	0.531352	-1.052731	0.067622	-0.316358	0.001420	-0.400204	0.499628	0.842300	0.283518
-1.040751	-1.666235	-0.686882	-1.201765	-0.955905	-0.574117	-0.755919	-0.801362	-1.533095	-1.647204	-1.049392	-1.654897	0.676916	0.284316	0.604578	-0.117830	-0.913419	-0.050018	-0.105452	-0.166580	0.029343	-0.674185	-0.823217	-0.541357	-1.236856	-1.462458	-0.820979	-1.652645	-0.590924	-0.265737	-0.921170	-1.050239	0.376396	0.309819	-0.740932	-1.006502	-1.522913	-1.449358	-0.631969	-1.425542	-0.048263	-0.392464	-0.833616	-0.675033	-1.456806	-0.881697	-0.637236	-0.493149	-0.980484	-1.289435	0.525626	0.603259	-1.795516	-0.424036	-1.273734	-1.188670	-1.441183	-1.632805	-0.066905	0.186601	-0.299624	-0.753042	-0.591806	-0.360176	-1.311271	-1.674493	1.128573	1.497164	0.007362	0.051646	-0.550236	-0.323294	-0.812788	-0.558741	0.268278	0.692566	-0.323567	-0.706759	-0.458836	0.109268	-0.968913	-1.637439	-0.142487	0.000977	-0.379585	0.640539	-0.092674	-0.275294	0.281455	0.345542	0.130608	1.577664	-0.970048	-0.559882	-0.592904	-0.014862	0.132594	-0.141768	0.631117	-0.437217	0.342450	0.340180	-0.671834	-0.036012	-0.436672	0.288420	0.423346	0.170237	0.765155	0.263799
-0.731456	-0.806106	-0.481173	-0.616909	-0.616353	0.033416	-0.223245	-0.031961	-1.244718	-1.131527	-1.094243	-1.386877	1.181376	0.692360	0.979484	0.073376	-0.528885	-0.118904	-0.076015	-0.217795	0.097540	-0.487276	-0.850762	-0.212502	-1.329044	-1.410868	0.194752	-0.246076	-0.244501	0.653193	-0.678315	-0.434046	0.374879	0.447204	-0.666564	-1.113392	-1.359403	-0.634246	-0.564927	-0.879634	-0.575224	-0.060746	-0.633808	-0.077000	-1.585404	-0.554929	-0.331846	-0.019992	-0.138287	-0.692860	0.792766	0.852825	-0.687404	0.155235	-0.585387	-0.091356	-0.843888	-0.836226	0.328654	0.366486	0.043391	-0.430983	-0.484510	0.050587	-0.838182	-0.399992	0.277122	1.756979	0.197000	0.506581	0.095165	0.160303	-0.886938	-0.030427	0.249892	1.052966	0.236397	-0.228997	0.231378	0.159149	-0.170806	-1.051728	0.652277	0.563478	-0.164531	0.849647	0.199182	0.379407	0.373319	0.780791	-0.046756	1.218468	-0.928742	-0.537066	-0.193567	0.633264	0.522819	-0.683999	0.221660	0.366182	0.503724	0.415562	0.190754	-0.166397	0.297901	0.388958	1.100494	0.087120	0.646660	0.527148
-0.011695	0.354332	-0.033536	0.057309	-0.146739	0.452970	0.220958	0.679262	0.135847	0.101318	0.006378	-0.428713	0.476421	0.370379	0.546865	0.067331	0.686276	0.294545	0.198301	0.220617	0.143668	-0.107347	0.019153	0.405404	-0.316680	-0.444181	0.640656	0.659969	0.236075	0.876216	0.202302	0.494307	-0.114299	0.062731	-0.235608	-0.531805	-0.411085	0.287321	-0.105300	-0.106213	-0.582575	0.085584	-0.177541	0.501411	-0.089733	0.328293	0.066661	0.313795	0.434957	0.063171	0.059853	-0.030938	0.288672	0.438074	0.187683	0.628265	0.150667	0.082306	-0.020349	-0.176405	-0.021822	0.059394	-0.199328	0.219123	0.216814	0.761490	-0.358541	0.624480	0.498698	0.356987	0.464061	0.326056	-0.187993	0.317946	0.258487	0.706856	0.908105	0.533246	0.807325	0.115896	0.835299	-0.046257	0.965713	0.567065	0.384791	0.115962	0.557740	0.776568	0.459798	0.840975	0.201204	-0.563225	-0.168251	-0.458854	0.239932	0.677025	0.374207	-0.535452	-0.455369	0.838106	0.293532	0.327002	0.266010	-0.489576	0.745823	-0.234542	1.045373	0.025017	0.368918	0.703366
0.121433	0.383312	0.010479	-0.150894	-0.106110	0.103748	-0.059478	0.300879	0.850326	0.597121	0.768269	0.097336	-0.686922	-0.401017	-0.591660	-0.195626	1.126001	0.636517	0.148032	0.407059	-0.044159	-0.052162	0.493125	0.528573	0.448753	0.228701	-0.157271	-0.002156	0.074564	0.235135	0.547831	0.610297	-0.693086	-0.532778	-0.110997	0.067382	0.213736	0.397751	0.123597	0.034222	-0.216300	-0.253062	-0.105394	0.402266	1.170385	0.536654	0.242380	0.210907	-0.037385	0.122091	-0.875665	-0.999723	-0.076985	-0.026908	0.078923	0.005085	0.288121	-0.083764	-0.682960	-0.793195	-0.400761	0.155431	0.114543	0.089829	0.590298	0.533159	-0.219472	-0.673691	0.362854	-0.185665	0.256713	0.034040	0.178931	-0.262429	0.036922	-0.321379	0.699938	0.936737	0.656045	0.120206	0.640107	0.290510	0.159955	-0.249662	0.487852	-0.836198	0.325224	0.366013	0.148105	0.130019	0.185245	-1.690991	0.553917	-0.255056	0.251050	-0.057353	-0.299838	-0.148875	-0.771625	0.254975	-0.194230	-0.098912	-0.578398	-0.591352	0.027644	-0.899274	0.228629	-0.063021	0.024220	0.288485
-0.169249	-0.447135	-0.343480	-0.829203	-0.318744	-0.604204	-0.512020	-0.713466	0.089332	0.132620	0.328554	-0.006031	-1.032369	-0.722064	-0.944963	-0.270415	0.234832	0.534806	-0.060448	0.163082	-0.054443	-0.071033	-0.011783	0.147940	0.295260	0.193426	-1.187830	-1.152052	-0.813202	-0.510950	-0.138959	-0.246897	-0.895635	-0.760338	-0.302780	0.258757	0.070758	-0.031352	0.046269	-0.196737	0.194402	-0.572240	-0.257258	-0.073688	0.796935	-0.183887	0.157028	-0.056943	-0.803819	-0.192531	-0.975404	-0.850458	-0.758850	-0.380913	-0.369562	-0.973502	-0.327425	-0.800591	-0.523714	-0.460971	-0.266450	0.112440	0.322945	0.032829	0.126922	-0.231020	0.499655	-0.416896	-0.102550	-0.406242	-0.139718	-0.240644	-0.245679	-1.087400	-0.280901	-1.164079	-0.452880	0.510955	-0.369888	0.050521	-0.566799	-0.448792	-1.075034	-1.022326	-0.108282	-1.004494	-0.148422	-0.181816	-0.359647	-0.667213	-0.410654	-0.787124	0.562442	0.164941	-0.008954	-0.867367	-0.773622	-0.030547	-0.195058	-0.849270	-0.218799	-0.198335	-1.037532	-0.092445	-1.123168	-0.529859	-0.646588	0.094633	0.050703	-0.505136
-0.058284	-0.720998	-0.585272	-0.843612	-0.325328	-0.841870	-0.286089	-1.000320	-1.115128	-0.327361	-0.615554	-0.007053	-0.364914	-0.214464	0.334137	0.118682	-0.776353	0.213568	-0.019069	-0.090872	0.419972	0.252080	-0.759058	-0.114501	-0.099524	0.051185	-1.139002	-1.153727	-1.431898	-0.516968	-0.895206	-0.960978	-0.644762	-0.396680	-0.292365	0.242667	-0.273923	0.007787	-0.024846	-0.026298	0.297081	-0.279356	-0.053159	-0.119900	-0.529472	-0.900498	0.038205	0.027484	-0.618516	-0.134329	-0.367661	0.167002	-0.106709	0.382613	-0.198418	-0.759600	-0.590909	-0.694007	0.629619	0.776487	0.679628	0.482143	0.413902	0.295464	-0.381153	0.020619	1.044088	1.255838	-0.118317	0.034247	-0.136550	0.001312	-0.752753	-1.072303	-0.338192	-1.070227	-1.403462	-0.519955	-1.370312	-0.126944	-1.362213	-1.354082	-1.414660	-0.788962	-0.856826	-0.290065	0.094557	0.176594	-0.447173	-0.603016	-1.028110	1.096194	-0.008610	0.562743	-0.104863	-0.822142	-0.618843	-0.269824	0.802254	-1.367124	0.518901	0.574996	-0.007240	0.539830	-1.288225	0.672437	-0.826904	0.551814	0.593107	-0.885323
0.523645	0.132780	-0.403200	0.039679	-0.054441	-0.382420	0.453348	-0.071420	-1.290870	-0.051824	-0.921662	0.563288	0.215877	0.418227	1.868580	0.594076	-0.636105	0.078200	0.096072	-0.173759	0.843185	0.666387	-0.888522	0.047411	0.078278	0.310908	-0.186241	0.019714	-0.863138	0.182565	-0.601384	-0.593549	-0.282780	0.140459	0.100347	0.351486	-0.190610	0.846846	-0.013072	0.615534	-0.026032	0.461566	0.518936	0.418972	-1.112516	-0.856091	0.060904	0.550811	0.470026	0.270724	-0.146456	0.623362	1.520361	1.712732	0.418316	0.622047	-0.048826	0.426596	1.517946	1.645853	1.538885	1.112738	0.435832	0.619748	-0.396606	1.249829	0.811984	2.174453	0.611305	0.687616	0.301439	0.636582	-0.532691	-0.315359	-0.154117	-0.315849	-1.110079	-1.304933	-1.149365	-0.132282	-0.965345	-1.138912	-0.496363	0.197714	-1.137233	0.393894	1.089792	1.239457	0.034267	0.151081	-1.011354	1.716896	-0.392985	0.536040	0.029991	0.123531	-0.249356	-0.584514	1.071115	-0.974500	1.234344	1.541028	1.779917	0.400423	-0.278987	1.283816	-0.330644	0.839950	1.044090	-0.517929
0.773466	1.149856	0.002965	0.804231	0.258640	0.260835	0.777305	1.094593	-0.295717	0.584166	-0.443303	1.206703	-0.132257	0.297697	1.612947	0.662473	0.236559	0.049613	-0.190315	-0.401373	0.460613	0.569214	-0.526362	0.254882	0.578018	0.692982	0.373518	1.020627	0.437154	0.701590	0.450579	0.403228	-0.144345	0.285644	0.499653	0.577350	0.236147	1.676805	-0.096360	1.048977	-0.476099	0.941458	0.841798	0.832776	-0.358850	-0.336871	0.137704	1.008583	1.156526	0.416507	-0.731109	-0.145305	1.966307	1.849553	0.534502	1.603699	0.599463	1.332781	1.079718	1.205111	1.301684	1.232805	0.413625	0.620902	-0.151143	1.852840	-0.033584	0.899666	1.201048	0.809017	0.579418	0.991388	0.247585	0.215112	-0.086154	0.114877	0.074497	-1.183939	0.283104	0.235078	-0.099892	0.283090	0.584006	0.685261	-0.945775	0.284212	1.606084	1.526747	0.421607	0.378975	-0.525199	0.409105	-0.066414	0.126859	0.108070	1.006284	-0.260863	-0.626111	0.193353	-0.339744	0.985001	1.416278	2.353859	-0.548725	0.636548	0.546818	0.151143	0.482917	0.647590	0.005167
0.278176	1.153340	0.205013	0.535729	0.473686	0.494864	0.318087	1.255234	0.628480	0.702971	0.016279	1.115459	-0.854990	-0.427862	-0.323975	0.419996	0.336374	-0.313040	-0.803426	-0.904800	-0.525699	-0.049025	-0.398448	0.060232	0.562946	0.697303	-0.040115	1.032566	1.017352	0.341595	0.957840	0.854680	-0.190117	0.025799	0.628018	0.743916	0.527541	1.586847	-0.288875	0.799892	-0.637025	0.740784	0.550052	0.526774	0.725131	0.017195	0.043437	0.879156	0.661900	0.186363	-1.191281	-1.067974	0.285035	0.164640	-0.051453	1.101092	0.629436	1.084925	-0.083872	0.041166	0.219386	0.509182	0.318094	0.327669	-0.085254	0.882310	-0.730340	-1.191756	0.633930	0.174250	0.207101	0.597170	0.741339	0.144744	-0.229045	-0.301550	0.819803	-0.395413	1.475039	0.685199	0.100382	1.547039	0.548248	0.004105	-0.723123	-0.264951	0.760997	0.273333	0.022284	-0.508356	-0.316146	-1.112171	0.609874	-0.095684	0.011712	0.983752	-0.603283	-0.302686	-0.894774	-0.136315	-0.064835	0.050756	0.964254	-1.213621	0.423825	-0.584576	0.197116	-0.338664	-0.471094	0.029974
-0.351428	0.156981	-0.028348	-0.365695	0.492445	0.135322	-0.343066	0.223067	0.383821	0.048449	-0.112156	0.266600	-0.925176	-0.772511	-1.677142	0.248179	-0.793136	-0.987668	-1.175876	-1.215205	-1.113704	-0.553347	-0.792016	-0.418751	-0.090468	0.386688	-0.678322	0.461812	0.175893	-0.564963	0.364810	0.389141	-0.168855	-0.140993	0.668860	0.767380	0.504481	0.678087	-0.410929	0.102714	-0.510646	0.041823	-0.022283	-0.235360	0.927095	0.122680	-0.312195	0.190619	-0.300313	0.059412	-0.593913	-0.764149	-1.682309	-1.677062	-0.533390	-0.231666	0.203415	0.146746	-0.544955	-0.577979	-0.528495	-0.478821	0.074876	0.041288	-0.260660	-0.626741	-0.741243	-1.619671	-0.710346	-0.671710	-0.566788	-0.242100	0.484791	-0.056852	-0.318270	-1.033226	0.419863	0.186436	1.166620	0.731179	-0.469181	1.388231	-0.568762	-1.048713	-0.729831	-0.290206	-0.590401	-1.192903	-0.939178	-1.449283	-0.674267	-0.957506	0.724244	0.168983	-0.097623	0.277311	-0.772564	0.079568	-1.005708	-0.346480	-0.844042	-1.175476	-0.739545	-0.781139	-0.474547	-0.753865	0.158372	-0.922800	-1.268406	-0.176076
-0.333651	-0.790308	-0.485644	-0.680589	0.174158	-0.527985	-0.549197	-1.069191	-0.682287	-0.740985	-0.477719	-0.458406	-0.344308	-0.203382	-1.037321	0.127526	-1.801852	-1.238542	-1.072978	-0.830589	-0.860227	-0.504838	-1.280560	-0.648544	-0.579032	0.257637	-0.674943	-0.053693	-1.045345	-1.014874	-0.469009	-0.221657	-0.009235	0.107413	0.815220	0.541211	0.397735	-0.101090	-0.370237	-0.446701	-0.450002	-0.652531	-0.335741	-0.724259	0.161404	0.267953	-0.714324	-0.547460	-0.586945	0.208537	0.659908	0.626309	-1.597568	-1.670682	-0.280411	-0.936343	-0.013050	-0.379187	0.114927	-0.273864	-0.324430	-0.909018	-0.271223	-0.124786	-0.402827	-0.987458	-0.247435	-0.105704	-1.321779	-0.944724	-0.964582	-0.740793	-0.196278	-0.034581	-0.250462	-1.163842	-0.459422	0.036463	-0.151741	0.362759	-0.891012	0.198918	-1.488146	-1.201651	-0.789809	0.500915	-0.857546	-0.987039	-1.496046	-0.992219	-1.026994	0.658328	-0.069920	0.460147	-0.119857	-0.227494	-0.547795	0.136078	-0.079334	-0.533300	-0.689172	-1.017943	-0.703267	0.192605	-0.855106	0.074898	0.506056	-0.796488	-0.947444	0.176371
0.350761	-0.778079	-0.576279	0.142038	-0.221620	-0.822965	-0.201490	-1.454465	-1.123951	-0.891634	-0.363952	-0.278474	0.104049	0.797460	0.351850	-0.111727	-1.206786	-0.519083	-0.810773	0.107808	-0.390358	-0.030219	-1.264213	-0.277703	-0.241157	0.567564	-0.101646	-0.314214	-0.932490	-0.472412	-0.457375	-0.147452	0.206141	0.620403	0.898726	-0.043317	0.478391	-0.053855	-0.153993	-0.366347	-0.469891	-0.779821	-0.165206	-0.521926	-0.667316	0.491492	-0.732741	-0.829561	-0.019384	0.280349	1.475049	1.744012	0.265939	-0.098397	0.480028	-0.385332	0.377385	0.020739	1.114108	0.392916	0.391531	-0.463112	-0.355419	-0.195565	-0.232454	-0.007653	0.257891	1.157397	-0.452462	-0.296834	-0.441416	-0.425654	-0.699013	0.118783	-0.229676	-0.474392	-0.725666	-0.399070	-0.783364	0.148032	-0.457130	-0.374569	-1.153276	-0.230970	-0.552451	1.428826	0.105720	0.677484	-1.074662	0.692219	-0.677381	2.015230	-0.927676	0.312197	-0.083104	-0.067003	-0.083082	-0.014736	0.925819	-0.359398	0.080326	0.102796	0.869182	0.699688	-0.264468	0.872417	1.018537	-0.093045	0.109584	1.124567
1.128467	0.156411	0.144754	1.370609	0.061818	-0.162844	0.471811	-0.509119	-0.059444	-0.332151	0.329701	0.548312	0.231838	1.484896	0.466207	-0.134005	0.708577	0.642276	-0.661755	0.966869	-0.351966	0.582076	-0.533808	0.525077	0.610034	1.069243	0.387450	-0.229156	0.854436	0.528926	0.389427	0.530697	0.535824	1.145014	0.714436	-0.709677	0.767367	0.537601	0.290866	0.394656	-0.092726	-0.029643	0.415607	0.226959	-0.783829	0.597265	-0.138109	-0.545775	0.669104	0.170256	1.508615	1.785787	1.394850	0.809662	1.196362	0.771422	1.247347	1.004335	1.771476	1.033875	0.987871	0.604623	0.220688	-0.065580	0.269993	0.828052	0.577287	0.564521	0.925893	0.955015	0.766895	0.424888	-0.741067	0.353248	-0.297895	0.369544	-0.143786	-0.195169	0.144745	0.515736	0.475904	0.587942	0.137058	0.900574	0.082787	1.783086	0.750619	1.542041	-0.149973	1.835659	0.302561	2.191444	-0.720222	0.122308	0.043439	0.390862	0.519027	0.239879	1.223980	0.197609	0.808392	0.730085	1.934485	0.734547	0.592989	1.050811	1.080197	0.733391	0.812113	1.710119
1.461808	1.108213	1.295842	1.840630	1.225495	1.111309	1.137668	0.961113	1.666013	0.282320	0.895532	0.949884	0.535731	1.587273	-0.790090	0.453377	2.222234	1.102629	-0.559301	1.241715	-0.538154	1.053139	0.530749	1.172551	1.060067	1.257952	0.388064	0.203153	2.619472	0.934177	1.109393	1.041356	1.022931	1.514408	0.358577	-0.859254	0.986892	0.751134	0.809454	1.211109	0.781576	1.094111	1.097080	0.964521	-0.320805	0.482007	0.668815	-0.071684	0.810615	0.223194	1.204951	1.142493	0.328746	-0.218696	1.515529	1.387627	1.995217	1.758945	2.012559	1.649370	1.235723	1.640314	1.165065	0.237832	0.717560	0.242202	0.763052	-0.902071	1.344317	2.015359	1.727040	1.029641	-0.477416	0.643101	-0.180719	0.643548	0.586905	0.874809	1.632318	1.076200	0.918753	2.132972	1.089870	1.188177	0.722252	1.511670	-0.043737	0.261057	0.343390	1.183118	1.102041	1.725251	0.424890	0.559094	0.206082	0.469106	1.159101	1.125368	0.790697	0.751608	1.104423	0.181222	1.479950	0.959029	0.768925	0.845658	0.627094	1.225523	0.564251	1.245417
1.054249	1.053119	1.751042	1.123854	2.092698	1.651452	1.255590	1.458107	2.274075	0.309259	0.641721	0.223395	0.982604	1.146115	-1.771490	1.046362	2.184017	0.413886	-0.453101	0.852074	-0.488989	0.881033	1.159741	1.039718	0.563676	0.712990	-0.052680	0.387893	2.347062	0.201762	0.956818	0.839239	1.260437	1.374873	-0.009305	-0.368095	0.747469	0.005988	0.870134	1.098217	1.304094	1.311440	1.283753	0.979651	-0.044349	0.097774	0.860423	0.002828	0.316376	0.431153	0.776265	0.399712	-1.606004	-1.954107	1.173647	0.781703	1.779806	1.464450	1.680808	1.847747	0.976870	1.764280	1.440274	0.220328	0.538674	-1.313259	0.732013	-1.289406	0.488812	2.026595	1.509081	0.731563	-0.268381	0.526265	0.172177	0.286040	0.750121	1.829132	1.938933	0.914020	0.344199	2.545806	0.744447	0.443266	0.713484	0.832145	-1.476747	-1.796115	-0.010581	-0.603779	0.999840	1.173553	1.086448	1.307989	0.056435	-0.144884	1.358180	1.847456	-0.053576	0.646794	0.755260	-0.864499	0.593100	1.266535	0.051557	0.396826	0.210136	0.982899	-0.290529	0.288399
-0.087065	-0.194342	0.793523	-0.203635	1.274583	0.522459	0.406952	0.262559	1.064482	-0.218548	-0.237497	-1.106925	0.820671	0.227139	-1.486248	0.421880	1.118464	-0.704619	-0.470318	0.069959	-0.404487	-0.332884	0.819590	-0.013178	-0.553274	-0.552455	-0.646475	-0.444104	0.055024	-1.176977	0.135467	0.131203	0.672642	0.326862	-0.417587	0.086488	-0.015605	-1.281379	0.148242	-0.189900	0.606233	-0.112592	0.514361	-0.024444	-0.397866	-0.583668	0.090942	-0.547720	-0.461729	0.220116	0.084669	-0.356447	-2.188497	-2.395053	0.074631	-0.756090	0.266307	-0.033506	0.449774	0.918466	0.014247	0.510459	0.439690	-0.522628	-0.348816	-2.249200	0.341830	-0.293281	-0.746013	0.705681	0.097469	-0.425710	-0.358164	-0.464258	0.284840	-0.262016	0.265293	1.472196	0.528370	-0.329000	-0.760857	1.324444	-0.619994	-0.814596	-0.128379	-0.238380	-2.006938	-2.378714	-0.848317	-1.901053	0.046381	0.251595	0.354412	1.279628	-0.610893	-1.143427	0.598880	1.336205	-1.021370	-0.329971	-0.285662	-1.450869	0.348571	0.797858	-0.939957	-0.548196	0.066115	-0.104646	-1.073966	-0.153089
-1.399158	-1.620937	-0.887593	-1.203983	-0.839648	-1.392552	-0.985648	-1.613356	-0.712635	-0.702912	-0.807480	-1.745068	-0.095509	-0.836291	-0.641278	-1.462412	0.304512	-1.256209	-0.561844	-0.614562	-0.744103	-2.034747	-0.127652	-1.327327	-1.398128	-1.831574	-0.966036	-1.883843	-1.991587	-2.061666	-0.523173	-0.419802	-0.549801	-1.283495	-0.830416	-0.069264	-0.743125	-2.018084	-0.787951	-1.528820	-0.862082	-2.136815	-0.806818	-1.350965	-0.911945	-1.219094	-0.912192	-1.210406	-0.999178	-0.541164	-0.563650	-1.009801	-1.003049	-1.228762	-1.214719	-2.098234	-1.636608	-1.713118	-1.254115	-0.945608	-1.293552	-1.374493	-0.997758	-1.442106	-1.170338	-1.660259	-0.247814	0.616813	-1.433485	-1.170174	-1.360280	-1.572584	-0.607292	-1.769974	-0.238523	-0.627578	-0.439588	-0.062502	-1.333265	-1.804474	-1.363169	-0.351879	-1.798171	-1.810532	-1.038947	-1.519643	-1.364850	-1.182682	-1.447505	-1.904709	-1.001541	-1.191670	-0.891188	0.190073	-1.244839	-1.780593	-0.760725	-0.349464	-1.708296	-1.344492	-1.516213	-1.394909	0.069655	-0.507825	-1.390197	-1.763923	-0.258447	-1.451640	-1.429568	-0.041474
-1.940004	-1.903230	-1.772544	-1.351825	-2.186198	-2.114602	-1.789222	-2.381166	-1.270267	-0.668995	-0.465160	-0.982733	-0.759565	-1.364526	-0.268373	-2.882760	0.275805	-1.001317	-0.418011	-0.768197	-1.192694	-2.805328	-0.595455	-1.878698	-1.280032	-2.096866	-0.651419	-2.312158	-1.726900	-1.651279	-0.441628	-0.413882	-1.313341	-2.212247	-0.963813	-0.441178	-0.685052	-1.493712	-0.953169	-1.517202	-1.619145	-2.791048	-1.562721	-1.746476	-0.733609	-1.108842	-1.051883	-1.191006	-0.929568	-1.008598	-0.472820	-1.033020	0.430326	0.116182	-1.632882	-2.138716	-2.331462	-2.089447	-2.156012	-2.312570	-1.965487	-2.301687	-1.405674	-1.438765	-1.001507	-0.221107	-0.701576	0.208218	-1.358971	-2.195578	-1.579219	-1.674749	-0.516640	-2.053689	-1.044479	-0.702950	-0.889279	-1.199316	-1.924885	-2.170046	-0.835626	-1.023627	-1.822402	-1.893476	-0.935063	-2.276873	-0.603790	0.072772	-1.239704	-1.099372	-1.334943	-2.328038	-1.110098	-0.900778	-0.975422	-1.429554	-1.507197	-1.834678	-1.614321	-1.208843	-2.027320	-1.129376	-1.266430	-1.431096	-0.972481	-2.226910	-1.073243	-2.010488	-1.365700	-0.234081
-1.336576	-0.863172	-1.184815	-0.866518	-1.458969	-0.856398	-1.413056	-1.444666	-0.351695	-0.242852	0.287348	0.472090	-0.380662	-1.015219	-0.349241	-2.288494	0.476094	-0.490423	-0.006561	-0.458214	-0.903594	-1.834366	0.045416	-1.315665	-0.382901	-1.073509	0.109984	-0.939182	0.317485	-0.311225	0.090667	-0.149533	-0.855520	-1.582299	-0.702011	-0.279029	0.167120	-0.175564	-0.240668	-0.222337	-0.930129	-1.441979	-1.187591	-0.834614	0.208455	-0.109658	-0.221115	-0.399021	-0.438908	-0.470911	0.348957	-0.232659	0.694259	0.418954	-0.792426	-0.873456	-1.272137	-0.891336	-1.571020	-2.025254	-1.495035	-1.518073	-0.554486	-0.366598	0.071436	0.671129	-0.962697	-1.225001	-0.844191	-1.643341	-0.600726	-0.636717	0.292427	-0.871796	-1.398776	-0.482819	-0.919747	-0.722116	-0.928015	-1.078864	0.449566	-0.438855	-0.865647	-1.010777	0.277227	-1.887935	-0.499411	-0.034068	-0.243448	-0.403057	-0.770054	-2.260745	-0.177126	-1.014378	0.124278	-0.261375	-0.940438	-1.920059	-0.711339	0.099273	-1.475604	-0.991978	-2.878341	-1.055469	-0.083401	-1.307762	-1.856292	-1.321092	-1.035929	-1.068826
-0.401619	0.231657	-0.030727	-0.457882	0.286718	1.004110	-0.579392	0.023006	0.539763	0.041479	0.360452	1.157136	0.411360	-0.346274	-0.255116	-0.342942	0.139786	-0.337267	0.170592	-0.281503	0.124144	-0.019866	1.049316	-0.438395	0.273176	0.183895	0.502761	0.821199	1.602404	0.635097	0.167660	-0.313633	0.215152	-0.100115	-0.451245	0.282165	0.831287	0.643914	0.307849	0.801615	0.268169	0.441161	-0.422730	0.245713	0.854719	0.760198	0.454108	0.281922	-0.207291	0.452519	0.919412	0.608571	-0.141088	-0.135296	0.345913	0.458579	0.219507	0.395697	-0.367531	-0.609319	-0.638552	-0.082573	0.190460	0.520402	0.857091	0.345119	-1.155528	-2.448328	-0.362370	-0.255872	0.139308	0.394630	1.518672	0.554576	-1.130549	-0.012170	-0.793724	0.614466	0.221492	0.268410	1.379309	0.420992	0.012917	0.045898	1.372924	-0.815177	-0.766439	-1.185913	0.769401	-0.313576	0.122801	-1.270076	0.487858	-0.508549	0.791361	0.698324	0.173193	-0.929305	0.270478	1.162943	-0.577010	-0.968872	-2.906772	-0.072808	0.523811	0.159265	-1.880777	-0.123630	-0.657959	-1.785205
-0.283819	0.104824	0.347890	-0.622108	0.985382	1.529796	-0.418009	0.567894	0.022754	-0.178767	-0.610828	0.395469	0.455187	-0.222774	0.172832	0.812324	-0.739048	-0.608021	-0.222247	-0.610603	0.760613	0.937170	1.038618	-0.303689	-0.178640	0.308209	-0.079635	0.950433	0.627993	0.206098	-0.717200	-1.151706	0.615573	0.615664	-0.672656	0.291102	0.358598	0.127325	-0.159364	0.422818	0.578336	1.074865	-0.360909	0.143309	0.177641	0.351672	0.006173	-0.002746	-0.647562	0.475215	0.530548	0.525171	-1.016181	-0.618009	0.497655	0.615426	0.423914	0.222839	0.121887	0.408683	-0.508832	0.361922	-0.326415	0.108138	0.379845	-0.644132	-1.062374	-2.461744	-0.276195	0.575287	-0.447389	0.239357	2.258605	0.770705	-0.770589	0.505933	-0.936337	0.900677	-0.004962	0.377638	1.090543	0.514824	0.053612	0.314114	1.141740	-0.243354	-0.827719	-2.100214	0.880871	-0.667858	0.601358	-0.402052	-0.083476	-0.332867	0.076977	0.538518	0.550715	-0.151767	0.542489	0.770364	-0.210374	-0.874082	-1.040232	0.192472	0.439647	0.722855	-1.250017	0.457902	-0.397124	-1.584448
-1.029075	-1.025415	-0.280160	-1.071914	0.000556	0.324650	-1.042050	0.013010	-1.470590	-0.735459	-1.729161	-0.972561	-0.325302	-0.749397	0.602541	0.161447	-1.342139	-0.759411	-0.631001	-0.943525	0.270910	0.468006	-0.204055	-0.908473	-1.364095	-0.736597	-1.153268	-0.591025	-1.250480	-1.129032	-1.932205	-2.028477	-0.057956	-0.089292	-1.210223	-0.666072	-1.001877	-1.221435	-1.154550	-0.763287	-0.114224	0.304311	-1.012553	-1.021021	-1.411424	-1.017298	-1.070649	-0.972245	-1.261552	-0.606281	-0.301853	-0.379923	-1.060812	-0.463690	-0.414340	-0.329806	-0.723112	-1.094514	-0.275032	0.282804	-1.099549	-0.455479	-1.493343	-1.061276	-0.927389	-1.248010	-0.290115	-1.070715	-0.543387	0.326734	-1.644317	-0.862615	1.833272	-0.153737	-0.727096	0.768714	-1.406129	-0.526920	-1.383698	-0.820565	-0.146828	-0.283503	-0.409327	-0.231548	-0.173074	-0.618757	-0.572341	-1.900450	0.109616	-0.830864	0.477793	-0.107567	-1.097574	-0.597684	-1.269071	-0.502256	0.013366	-0.165007	0.154464	-0.577102	-0.348070	-0.499845	0.902903	-0.432289	-0.027426	0.089431	-0.803776	0.181706	-0.147931	-0.680407
-1.520390	-1.766106	-1.015844	-1.030490	-1.425621	-1.332104	-1.503942	-0.724079	-2.237137	-1.089250	-1.821569	-1.564492	-0.990244	-1.227891	0.853700	-1.149391	-0.938219	-0.112451	-0.144839	-0.485879	-0.542241	-0.306560	-1.208589	-1.172892	-1.891677	-1.552178	-1.527135	-1.872390	-1.574594	-1.880890	-2.276887	-2.037114	-0.983802	-1.254109	-1.484274	-1.789242	-2.031587	-2.087933	-1.496340	-1.400687	-0.619589	-0.650829	-1.384201	-1.845297	-2.283643	-1.730714	-1.363539	-1.470352	-1.089417	-1.525818	-0.634214	-1.088686	-0.146011	0.296641	-1.281859	-1.199228	-1.687775	-1.832968	-0.706451	-0.439514	-1.359027	-1.304062	-1.734927	-1.433225	-1.676292	-0.948211	0.852388	1.042518	-0.674481	-0.304857	-1.785821	-1.489062	0.505525	-0.877611	-0.759768	0.639903	-1.716971	-2.200051	-2.184804	-1.903786	-1.153981	-1.313954	-0.491467	-0.631109	-1.180066	-1.122674	-0.153770	-0.608489	-0.422274	-0.223091	0.194547	-0.006031	-1.129885	-0.646526	-1.556160	-1.302936	-0.500556	-0.315054	-0.168815	-1.280238	-0.365516	0.262906	1.204754	-0.947428	-0.232982	-0.627391	-1.033454	-0.258927	0.369772	0.067250
-0.937966	-1.234717	-1.091883	-0.192475	-1.865520	-2.025805	-1.065950	-0.870725	-1.345222	-0.796681	-0.786665	-0.997164	-0.987225	-1.120067	0.953563	-1.470852	0.188043	1.411359	1.241958	0.647230	-0.376045	-0.055288	-0.537753	-0.313567	-0.914137	-1.026538	-0.679819	-1.516119	0.101147	-1.131737	-1.356629	-1.047031	-1.240607	-1.594832	-1.247693	-1.972170	-1.913295	-1.693229	-0.799595	-1.072555	-0.033908	-0.837327	-0.872359	-1.398072	-1.373301	-0.842133	-0.276412	-0.797087	0.123191	-1.094384	-0.391259	-0.994817	1.221296	1.308404	-1.277415	-1.125303	-1.358054	-1.094597	-0.733004	-0.966147	-0.689527	-1.141564	-0.527818	-0.381216	-1.062185	-0.076393	1.274394	2.566667	-0.260713	-0.473054	-0.396378	-0.768134	-0.765173	-0.551444	-0.441595	0.282068	-1.370157	-2.305893	-1.300038	-1.644441	-1.055017	-1.939716	0.111586	-0.167121	-0.959947	-0.821326	0.362924	1.063210	0.225141	1.029444	0.222095	0.173213	0.005083	-0.246899	-0.213929	-1.169372	-0.394325	0.112084	-0.006981	-0.520763	-0.108616	1.215676	0.083767	-0.687273	0.105028	-0.444541	-1.468075	-0.283865	1.138736	0.211704
0.258225	0.038605	-0.584840	0.841444	-1.139169	-1.388051	-0.039491	-0.399123	0.342919	0.123299	0.373367	-0.106733	-0.644102	-0.588295	0.757970	-0.570355	0.925295	2.951500	2.427733	1.401341	0.782691	1.133631	1.275108	1.167615	0.827901	0.359978	0.584845	-0.243412	1.751819	0.505978	-0.066646	0.095606	-0.752824	-0.903651	-0.739514	-0.992283	-0.973600	-0.417595	0.216797	-0.435169	1.189570	-0.343953	0.032685	-0.185543	0.610594	0.752446	1.252306	0.555734	1.457812	0.340685	-0.247531	-0.480616	2.204469	1.963781	-0.700393	-0.350162	-0.258471	0.232435	-0.760451	-1.105149	0.296306	-0.236676	1.032757	1.114665	0.385434	0.682118	0.420174	2.421177	0.500100	-0.115431	1.220923	0.641044	-1.258978	0.291405	0.200966	-0.018715	-0.483189	-0.770118	0.402093	-0.325013	-0.107524	-1.990631	0.894382	0.772282	0.063388	0.181429	0.837098	2.149302	1.582993	2.031684	0.538333	0.190683	1.166831	0.111814	1.515849	-0.475365	-0.080869	0.849921	0.374128	0.949439	0.018840	1.847600	-1.018291	-0.010314	0.693749	0.380677	-1.239516	0.001396	1.676468	0.063669
1.035280	0.920668	0.095809	1.250491	-0.054017	-0.014076	0.714780	0.302831	1.279730	1.161374	0.801895	0.275618	-0.322418	-0.055155	0.080046	0.502936	0.543200	3.332345	2.444457	1.117148	1.632402	1.923356	2.152037	2.092293	1.846530	1.280917	1.058624	0.432756	1.551051	1.601632	0.468946	0.478876	-0.056477	0.052563	-0.165792	0.420176	-0.002998	0.816889	0.792811	-0.009626	1.914831	0.274978	0.545414	0.687762	1.990721	1.472845	1.870319	1.544611	1.691398	1.310684	-0.467694	-0.135502	2.052083	1.560423	-0.262204	0.364321	0.439017	0.870473	-1.007247	-0.977496	0.706996	0.512288	1.632962	1.744330	1.544173	0.928949	-0.728765	0.816591	1.018478	0.291297	1.640249	1.476838	-1.046839	0.649380	0.774845	-0.091448	0.322260	0.916593	1.172109	0.824228	0.749907	-1.530201	1.332849	1.296915	0.874062	1.064546	0.918474	2.049378	2.243931	1.951742	0.731674	-0.079808	1.428208	0.117093	2.088208	0.082483	-0.058126	1.112373	0.629234	1.800070	-0.062706	1.740270	-1.228203	0.542200	1.048595	0.980917	-0.071866	0.281042	1.531693	0.132369
1.014247	0.944420	0.789261	0.898442	0.663646	1.210579	0.771100	0.843476	0.954684	1.654638	0.660246	0.240425	0.093793	0.314472	-0.831566	0.905456	-0.500457	2.176265	1.484197	0.334926	1.229527	1.355276	0.920594	1.893423	1.543601	1.163578	0.487777	0.257565	0.024380	1.400801	0.157875	0.060601	0.408914	0.578377	0.498046	1.387650	0.677539	1.434260	0.929813	0.383326	1.646980	0.688618	0.550203	0.785446	1.892270	0.912230	1.275430	1.634059	0.585648	0.925085	-0.555820	0.008086	0.651984	-0.019606	-0.099973	0.648575	0.424655	0.698811	-0.916946	-0.544378	0.494087	0.730487	1.131633	1.282771	1.804654	0.725985	-0.691715	-0.815384	0.949656	0.448955	0.911872	1.296781	-0.645669	0.333306	1.029722	0.042695	0.622759	1.547357	0.454996	1.089563	0.936216	-0.596638	1.412914	1.097216	1.024301	1.327034	0.418003	0.985964	1.468501	0.889560	0.507356	-0.286718	1.012558	0.118222	1.336048	0.369761	-0.094125	0.667115	0.797742	1.478754	0.106510	0.955919	-0.818305	0.979093	0.911818	1.004738	1.381497	0.506050	0.779466	0.480809
0.620429	0.547894	1.363816	0.341978	0.878973	1.666648	0.441922	0.962109	0.209360	1.307759	0.631034	0.331455	0.653405	0.544279	-1.410203	0.703922	-1.127575	0.260274	0.434994	-0.047161	0.038161	-0.086113	-1.176471	0.970181	0.611334	0.540552	-0.224598	0.211539	-0.954200	0.459683	-0.147032	-0.371791	0.561765	0.617460	1.119464	1.507732	1.173203	1.403067	0.995084	0.921264	0.827649	0.818014	0.453193	0.494845	0.914923	0.041379	0.317551	1.067605	-0.763803	-0.143969	-0.096826	0.220363	-1.134994	-1.779508	0.150278	0.650142	0.278720	0.448053	-0.073350	0.158715	0.245107	0.640164	0.372812	0.499723	1.341887	0.329335	0.498944	-1.333917	0.393414	0.377348	0.150188	0.625008	-0.379260	0.002334	0.978174	0.182521	0.561235	1.248857	-0.622213	0.775039	0.633310	0.625451	1.253531	0.571811	0.812960	1.065739	-0.349827	-0.231784	-0.072737	-0.266738	0.018136	-0.151816	0.611100	0.441329	0.317670	0.620494	0.209195	0.006992	0.909384	0.529485	0.618444	-0.087989	-0.416533	1.400017	0.349678	0.689911	2.097734	0.638195	-0.163485	0.655193
0.309409	0.329686	1.399367	0.093895	0.807192	1.300420	0.273602	0.625337	0.051759	0.458313	0.932497	0.639156	0.934230	0.605029	-1.434821	0.304191	-0.834097	-1.294373	-0.218944	0.063427	-0.816511	-1.115322	-1.811396	-0.018940	-0.030294	0.074992	-0.089366	0.824257	-0.569465	-0.118849	0.180142	-0.070162	0.510149	0.474822	1.265339	0.900897	1.423864	0.913493	1.005727	1.191156	0.059820	0.622645	0.431954	0.272290	0.188151	-0.175687	-0.109240	0.353036	-0.942806	-0.473110	0.613531	0.487322	-1.950428	-2.261242	0.624909	0.579087	0.403615	0.444887	0.884848	0.672804	0.225088	0.400707	0.051011	0.061674	0.645961	-0.079454	1.105147	-1.072413	-0.402419	0.096301	0.017900	0.045115	-0.215891	0.185187	0.639657	0.040953	0.494522	0.802516	-0.729551	0.464376	0.329996	1.627929	0.695993	0.133471	0.622850	0.503177	-0.843433	-0.944796	-1.177474	-0.790685	-0.310198	0.043360	0.376035	0.730806	-0.115282	0.755090	0.574257	-0.367047	0.590598	-0.131405	0.722119	-1.032588	-0.244707	1.411937	-0.357934	0.229898	1.551172	0.360916	-1.021452	0.195714
0.120932	0.411351	0.643330	0.151711	0.639380	0.573884	0.440506	0.091518	0.563646	-0.248189	1.173450	0.773258	0.593466	0.466908	-1.194029	-0.111860	-0.072951	-1.949586	-0.605058	0.106658	-0.829862	-1.055314	-0.241293	-0.734460	-0.169791	-0.136406	0.893146	1.478691	0.344563	0.129270	0.850626	0.886401	0.376859	0.360314	0.723781	0.007637	1.189428	0.204347	0.711770	0.744021	-0.456085	0.158804	0.298853	0.172755	0.156374	0.218974	0.082443	-0.195896	0.307570	0.436205	0.987555	0.547184	-1.173111	-1.040672	1.005710	0.464542	0.569070	0.370747	0.970585	0.527749	0.168383	-0.041651	0.136655	-0.032540	0.083031	-0.403536	-0.071224	-1.059141	-1.186517	-0.391387	0.208003	-0.322560	-0.047664	0.692525	0.046051	-0.444370	0.526210	0.590389	0.196725	0.316504	0.249337	1.901793	-0.307721	-0.159132	0.495212	-0.210330	-0.834781	-1.060539	-1.326305	-0.689643	-0.242557	-0.114068	0.016533	0.446168	-0.052288	0.471867	0.418053	-0.416625	-0.394271	-0.092152	-0.165896	-1.682310	-0.162953	0.637769	-0.867232	-0.354625	0.170208	-0.470454	-1.677544	-0.767201
-0.036888	0.516461	-0.350910	0.229968	0.432392	0.035417	0.646258	-0.254798	1.035071	-0.455846	1.016292	0.533335	-0.022172	0.241076	-0.911292	-0.418720	0.432588	-1.791807	-0.810405	-0.122615	-0.377111	-0.373721	1.787414	-1.025228	-0.113772	-0.254669	1.742087	1.477695	0.758086	0.684928	1.169916	1.630934	0.244571	0.279687	-0.047346	-0.625002	0.570635	-0.368811	0.190467	-0.082706	-0.705976	-0.275444	0.014301	0.086921	0.404597	0.577905	0.373880	-0.454074	1.676372	1.523097	0.838594	0.340082	0.291833	0.652262	0.970535	0.297705	0.475466	0.069365	0.234509	-0.061295	-0.073029	-0.512802	0.237746	-0.054307	-0.194402	-0.525096	-1.857709	-1.368597	-1.554128	-0.807744	0.242683	-0.511378	0.117583	0.990009	-0.479178	-0.848165	0.530883	0.475216	1.103535	0.191032	0.278717	1.432030	-1.141325	-0.313486	0.342412	-0.744617	-0.509111	-0.811063	-0.850896	-0.361914	0.050976	-0.487722	-0.426709	-0.225007	0.049139	-0.066251	-0.141613	-0.331954	-1.393585	0.299564	-1.314487	-1.799962	-0.063012	-0.431309	-0.924832	-0.819187	-0.949128	-1.258565	-1.852847	-1.451212
-0.098981	0.404411	-0.616053	0.174892	0.184546	-0.099288	0.521054	-0.199348	0.858720	-0.284698	0.565973	0.157677	-0.227275	0.098107	-0.430396	-0.366582	0.409865	-1.061602	-0.615573	-0.231557	-0.022477	0.061886	1.977329	-0.741840	-0.072215	-0.260601	1.496298	0.935899	0.554552	0.767747	0.840650	1.346983	0.145654	0.177025	-0.323087	-0.628940	0.051297	-0.455252	-0.119719	-0.443207	-0.591635	-0.324301	-0.137238	0.042398	0.376145	0.514538	0.332421	-0.364502	1.570295	1.347942	0.418633	0.091818	0.886748	1.163184	0.545344	0.150522	0.211989	-0.123415	-0.305430	-0.373446	-0.234206	-0.572049	0.126052	-0.076743	-0.186342	-0.338179	-1.968302	-1.058707	-1.079654	-0.701149	0.121239	-0.415422	0.226449	0.807463	-0.449419	-0.580755	0.440863	0.288407	1.072064	0.045428	0.258785	0.655803	-0.935483	-0.192787	0.211825	-0.658396	-0.129149	-0.370084	-0.257673	-0.038730	0.252130	-0.535564	-0.493737	-0.509173	0.051147	-0.237040	-0.329089	-0.190873	-1.325774	0.438600	-1.305450	-1.149170	0.017289	-0.779566	-0.486512	-0.725227	-0.911124	-1.096447	-1.196452	-1.094748
-0.014710	0.092390	0.042641	0.028333	-0.093717	0.034835	0.043418	0.161845	0.094948	0.007331	0.059748	-0.125509	0.136636	0.076833	0.344706	0.078398	0.051745	0.000413	0.015949	0.012929	0.080470	-0.008408	0.075055	0.021950	-0.044037	-0.105680	0.199081	0.283842	0.122038	0.236832	0.087092	0.107405	0.071460	0.041408	0.035723	-0.101901	-0.137210	-0.074155	-0.048760	-0.091037	-0.140935	0.026916	-0.013536	0.089720	-0.015820	0.130793	-0.033734	-0.008801	-0.123134	-0.223211	-0.025842	-0.045204	0.222338	0.241327	-0.051404	0.068609	-0.026203	0.001290	-0.155931	-0.140670	-0.138848	-0.119852	-0.152717	-0.053031	-0.001974	0.097136	0.047955	0.222806	0.145829	-0.028329	0.027787	-0.027413	0.280435	0.281378	0.177146	0.386279	0.300228	0.036159	0.167365	-0.071610	0.165312	-0.087779	0.338515	0.218142	0.164681	0.048359	0.208840	0.180114	0.259622	0.271346	0.266506	-0.094604	-0.043677	-0.136435	0.046885	0.170362	0.151247	0.009179	-0.057636	0.162990	0.120959	0.124702	0.043762	-0.171335	0.266760	-0.040469	0.180293	0.095799	0.178589	0.223601
