X1	X2	X3	X4	X5	X6	X7	X8	X9	X10	X11	X12	X13	X14	X15	X16	X17	X18	X19	X20	X21	X22	X23	X24	X25	X26	X27	X28	X29	X30	X31	X32	X33	X34	X35	X36	X37	X38	X39	X40	X41	X42	X43	X44	X45	X46	X47	X48	X49	X50	X51	X52	X53	X54	X55	X56	X57	X58	X59	X60	X61	X62	X63	X64	X65	X66	X67	X68	X69	X70	X71	X72	X73	X74	X75	X76	X77	X78	X79	X80	X81	X82	X83	X84	X85	X86	X87	X88	X89	X90	X91	X92	X93	X94	X95	X96	X97	X98	X99	X100	X101	X102	X103	X104	X105	X106	X107	X108	X109	X110
-0.127748	-0.110965	-0.023061	-0.089000	-0.081658	-0.088345	-0.098798	-0.152108	-0.052539	-0.088801	-0.053237	-0.108849	-0.104668	-0.175959	-0.033781	-0.079576	0.012490	-0.064385	0.202161	0.133917	-0.257068	-0.063716	-0.055855	0.161608	-0.202147	-0.108917	-0.138965	-0.020585	0.068378	-0.013137	-0.157954	0.100356	-0.167596	-0.113848	-0.005533	-0.005525	-0.079243	-0.050939	-0.120539	-0.179870	-0.032265	-0.050104	-0.138805	-0.126210	-0.188682	-0.183976	-0.193403	-0.163220	-0.213024	-0.236406	-0.034491	-0.040075	-0.107667	-0.030225	-0.107776	-0.155324	-0.032959	-0.005724	-0.213645	-0.315646	-0.090529	-0.055313	-0.015648	0.005798	-0.113018	-0.095948	0.081876	0.065599	-0.126002	0.080809	-0.123621	-0.187306	-0.087881	0.177827	-0.175202	-0.000922	-0.001846	0.001170	-0.240330	-0.152537	0.169668	0.020606	0.087256	-0.001792	0.028051	-0.008426	0.102196	0.091911	-0.116977	-0.113868	-0.000562	-0.083683	-0.146437	-0.162758	-0.206163	-0.172343	-0.113747	-0.095527	-0.252616	0.063278	0.002096	-0.078492	-0.056629	-0.091943	0.037773	-0.294414	-0.079065	-0.153640	-0.061411	0.078765
-1.575117	-1.049055	1.004044	0.952444	-1.400122	-0.804950	-1.140130	-0.067894	-1.656574	0.156754	-1.130924	0.311858	0.764512	0.824648	-0.234548	2.646945	-0.668248	-0.680797	-1.727650	1.654906	-1.178020	-2.383735	-2.151239	-0.292841	0.241088	-0.350127	0.039504	0.352007	1.486147	-0.070472	1.086286	-0.111662	1.009858	0.858631	0.357829	0.499593	0.057330	0.386605	-0.119404	1.174330	-1.176478	0.315878	0.716546	0.383683	1.054626	0.489653	0.336873	-0.186755	-1.352345	-1.850496	0.177142	0.364919	-0.008365	0.251894	-0.445147	-0.403601	0.323173	0.261694	-0.748637	-0.271393	0.712185	-0.315398	0.655597	0.009048	-1.219158	-0.200582	0.661909	-0.720871	1.565163	0.456685	1.171461	-0.051769	2.313768	-0.620745	-0.671146	-1.079742	-0.097627	0.298841	1.019643	0.453730	0.167402	0.841404	0.414517	0.932209	0.755898	1.045534	1.137031	0.183310	0.866376	0.200317	0.617750	1.389445	-0.099099	-0.421565	0.039115	0.112221	-1.067524	-0.075205	-0.556870	-1.433010	0.237155	0.601219	-0.084862	-1.082087	-1.241786	-0.018791	0.265341	0.179531	0.449781	-0.151785
-1.683215	-1.179946	0.937591	0.727896	-1.463080	-0.681940	-1.211929	0.382456	-1.979643	0.364219	-1.638246	0.123913	0.479847	0.517628	-1.002756	2.775968	-1.120664	-1.048469	-2.193172	1.796176	-0.941774	-2.206391	-2.648318	-0.484308	0.519594	-0.215304	0.485331	0.326500	1.683450	-0.049928	1.242191	-0.348675	0.906102	0.563311	-0.155624	-0.144741	0.204913	0.105681	0.168527	1.237136	-1.149813	0.604698	0.755086	0.151167	1.272632	0.441037	0.903817	0.521771	-1.662129	-2.152973	-0.184721	0.005361	-0.453455	-0.557441	-0.163736	-0.284889	0.271094	0.235516	-0.251580	0.305038	1.096724	-0.068105	0.702676	-0.122652	-1.539217	-0.310677	0.258009	-1.398599	1.743814	0.561944	1.478952	-0.018839	2.306573	-1.019719	-0.964912	-1.437101	-0.493806	0.081504	1.528566	0.800819	0.036361	0.801176	0.159503	0.610036	0.370950	0.621355	0.562217	-0.131056	0.411885	-0.331954	0.136855	1.171563	0.408814	0.184504	0.543870	0.377083	-0.835825	0.373363	-0.561843	-1.634676	-0.037585	0.535369	-0.202754	-0.680835	-1.174549	0.036289	0.730655	-0.155272	0.046659	-0.749438
-0.548104	-0.562088	-0.034681	-0.338459	-0.554286	-0.010338	-0.512781	0.856963	-0.857947	0.352109	-1.343212	-0.351903	-0.704893	-0.934547	-1.856631	0.757719	-1.216586	-1.159260	-1.247995	0.534887	0.143170	-0.169628	-1.618766	-0.504520	0.732356	0.261103	1.014998	-0.154791	0.755826	0.344689	0.580646	-0.289835	-0.233515	-0.759097	-1.137877	-1.464684	0.343223	-0.666830	0.733240	0.207022	-0.378469	0.641457	0.163472	-0.422892	0.741637	-0.016020	1.294093	1.645744	-1.077782	-1.108760	-1.002747	-1.180569	-1.093689	-1.747344	0.471629	-0.023857	-0.096110	-0.032435	0.848072	1.118652	1.020793	0.673200	0.397537	-0.074510	-1.097484	-0.407607	-0.777886	-1.334864	0.629948	0.520019	1.093854	0.088350	0.529518	-0.864865	-0.860756	-0.969308	-0.772658	-0.312404	1.341866	0.995906	-0.238641	-0.020099	-0.447130	-0.574614	-0.642416	-0.881560	-0.990439	-0.545497	-0.953101	-1.377584	-1.028129	-0.345736	1.169821	1.325290	1.117565	0.645809	0.276565	0.957363	-0.266502	-0.591440	-0.469581	0.198014	-0.338077	0.679898	0.015518	-0.041751	1.100701	-0.759112	-0.522532	-1.175633
0.600613	0.093704	-0.628366	-0.714569	0.056182	0.272697	0.038977	0.771197	0.678041	0.125822	-0.451893	-0.243236	-1.328225	-1.943871	-1.745705	-0.740821	-0.916005	-0.979292	-0.067495	-0.700363	0.721414	1.035607	-0.416120	-0.477566	1.023299	0.709255	1.191495	-0.684225	0.027748	1.113530	0.241880	0.361751	-0.916470	-1.552404	-1.251339	-1.862354	0.385889	-1.092856	1.250927	-0.581026	-0.199352	0.335835	-0.263435	-0.381820	0.396548	-0.148286	1.263850	2.096713	-0.345422	0.041967	-1.382684	-2.235207	-1.069792	-1.660985	0.667570	-0.059985	-0.219862	-0.114576	1.170305	1.327587	0.741205	1.331043	0.446692	0.460504	-0.470057	-0.378127	-1.120347	-0.146082	-0.149921	0.710716	1.040937	0.512663	-0.600653	-0.279652	-0.237855	-0.068733	-0.312264	-0.187617	1.036208	1.203995	-0.362309	-0.611396	-0.567867	-1.047351	-0.796598	-1.658378	-1.472227	-0.315550	-1.378098	-1.679970	-1.378657	-1.233047	1.516637	1.799459	1.305763	0.917933	0.890356	0.953515	0.021769	0.457366	-0.270892	0.566264	-0.342828	1.340253	0.900539	-0.029699	1.046638	-0.606128	0.106648	-0.734386
0.946601	0.371250	0.022147	0.215453	-0.075636	-0.061357	0.166288	0.250194	1.460919	0.083149	0.564894	0.650022	-0.392701	-1.151431	-0.437666	-0.193974	-0.271299	-0.253876	0.572382	-0.479151	0.152570	0.274944	0.072688	-0.180811	1.234498	0.872302	0.865800	-0.704992	0.484214	1.582365	0.654762	1.251332	-0.203466	-0.720411	0.074772	-0.656970	0.208514	-0.828682	1.373146	-0.348153	-0.911409	-0.105102	-0.222929	0.339649	0.393807	0.003343	0.911190	1.315335	-0.165355	0.185138	-0.551185	-1.904721	-0.131884	-0.018959	0.237087	-0.258163	0.353742	0.389902	0.244629	0.641175	0.430966	1.256720	0.794346	1.024485	0.087827	-0.031557	-0.127387	1.345661	0.450691	1.232190	1.539380	1.083803	-0.282336	0.362973	0.739620	0.901712	0.669243	0.452371	0.877957	1.209134	0.066558	-0.141571	0.196436	-0.033240	0.403826	-0.665903	-0.196139	0.734104	-0.023215	-0.505774	-0.203422	-0.395889	1.126840	0.975047	0.993469	1.095181	0.346202	0.230674	0.074483	0.477087	0.646516	1.583549	-0.204135	0.614687	0.633266	0.133647	0.630609	0.586192	1.740259	0.196742
0.842279	0.518680	1.238023	1.357498	-0.085113	-0.278197	0.486164	0.033340	1.286377	0.502619	1.262524	1.436995	1.348768	0.948123	1.045112	1.251327	0.453447	0.976859	0.826402	0.947969	-0.663283	-0.863771	0.198902	0.550374	1.050265	0.844663	0.251271	-0.086107	1.446633	1.073117	1.066563	1.514587	1.118430	1.004538	1.705495	0.963272	-0.212224	-0.359153	1.041510	0.286075	-1.354051	-0.321803	-0.123637	0.752092	0.116710	-0.199379	0.543645	-0.054885	-0.320147	-0.374792	1.010179	-0.106489	0.975305	1.585033	-0.106382	-0.017222	1.358133	1.279692	-0.790920	-0.209628	0.003703	0.329105	0.516292	0.674880	0.814747	0.658677	1.228934	1.784317	1.618329	1.592191	1.652999	1.164434	0.109162	0.566004	1.474431	1.696838	1.141364	0.863251	0.624079	0.636714	0.868679	0.934904	1.180133	1.437390	1.710783	1.174761	1.228338	1.719037	1.909489	1.394177	1.455527	1.214296	0.362110	-0.463906	0.553174	1.002581	-0.458032	-0.381154	0.070024	-0.348220	1.374473	2.083063	-0.050772	-0.379249	-0.127135	0.372541	0.278425	1.824449	2.606790	0.566577
0.936139	0.797881	1.497394	1.282823	0.714532	0.168592	1.297344	0.373449	0.859268	0.998637	1.428603	1.153069	2.101358	2.338890	1.526482	1.547197	0.813181	1.885643	0.983377	1.731141	-0.458970	-0.553104	0.611873	1.209111	0.461919	0.806354	-0.465968	0.676930	1.278802	-0.187639	0.696505	0.735890	1.469636	1.808500	1.980003	1.360880	-0.668004	-0.189434	0.503932	0.304051	-0.544553	-0.185285	-0.296689	0.182793	-0.602074	-0.807354	0.184500	-0.982953	0.023487	-0.378166	1.763562	1.613014	1.294264	1.704984	0.212367	0.736710	1.801161	1.647686	-0.671337	-0.363546	-0.641218	-0.897119	-0.817513	-0.745859	1.717839	1.335506	1.393613	0.929409	1.648602	1.077845	0.538851	0.282765	-0.462266	0.169341	1.297640	1.884772	0.491612	0.505764	0.027149	-0.470667	1.138249	1.213388	1.303762	1.709280	1.596933	2.043435	1.069960	1.503679	2.555993	2.463390	1.971113	1.841756	-0.245017	-1.336277	0.259336	0.477302	-0.320775	-0.082095	0.304133	-0.999403	0.970697	1.199498	0.054376	-0.367233	-0.232611	0.587549	0.127203	1.810871	1.518018	0.189961
1.098818	0.897029	0.245979	-0.046842	1.638674	0.827421	1.817283	0.623082	0.746789	0.921262	1.083025	-0.064446	1.074989	1.685465	0.937757	0.166894	0.562269	1.519820	0.858181	0.546059	0.764775	0.898244	1.188249	0.995312	-0.191031	0.674148	-1.175368	0.950863	-0.521026	-1.246610	-0.221668	-0.484776	0.389757	0.883097	0.636268	0.387431	-0.818152	-0.163077	0.029800	-0.339430	0.968381	0.077016	-0.470127	-0.764611	-1.074752	-1.047238	-0.416369	-1.193043	1.069805	0.654710	0.843999	1.663352	0.643359	0.751049	0.757365	1.208695	0.863308	0.683290	0.330148	0.054503	-1.312688	-1.675846	-2.204143	-2.082115	2.185193	1.495837	0.084455	-0.107952	0.014165	-0.445060	-1.382215	-1.185144	-1.190958	-0.298356	0.221444	1.013118	-0.634518	-0.335108	-0.747272	-1.547854	0.282642	-0.002413	0.286674	0.386363	0.041412	1.162759	-0.281516	0.003779	1.350744	1.884568	0.956129	0.901931	-0.564828	-1.214236	-0.116448	-0.449217	0.580460	0.762737	0.652383	-0.784874	-0.456109	-0.644909	0.187526	0.304320	0.444539	0.607525	-0.251337	0.313844	-0.755555	-0.007765
0.702044	0.378317	-1.400567	-1.316680	1.543421	0.940778	1.184629	0.239664	0.706277	0.277251	0.355568	-1.131935	-0.576331	-0.109817	0.189004	-1.603270	-0.045994	0.038980	0.197705	-1.644030	1.731991	1.760673	1.249022	-0.089110	-0.680175	0.232991	-1.498533	0.623728	-2.443207	-1.491622	-0.865395	-1.206252	-0.973207	-0.680626	-0.968020	-0.669717	-0.520434	0.116530	-0.329805	-0.795724	1.803901	0.187193	-0.219441	-0.985377	-0.719547	-0.429976	-1.170491	-1.134116	1.873776	1.679719	-0.748153	0.322857	-0.301763	0.102799	0.700816	0.758459	-1.044168	-1.257017	0.823936	0.153734	-1.628445	-1.741138	-2.257773	-2.094237	1.657279	1.029510	-1.335030	-0.439166	-1.971591	-2.148018	-2.757685	-2.195908	-0.890739	-0.160493	-0.873030	-0.649842	-1.059671	-0.911940	-1.199959	-1.957697	-0.986152	-1.681525	-1.049631	-1.318422	-1.564857	-0.561940	-1.051753	-1.621340	-0.620162	0.237397	-0.508443	-0.591878	-0.754345	-0.610737	-0.770692	-1.338986	0.913365	1.019248	0.673528	0.018089	-1.791438	-2.222564	0.386823	0.286840	0.975353	0.278501	-1.107913	-1.567698	-2.491715	0.503951
-0.274029	-0.493641	-1.945045	-1.447852	0.477669	0.528959	-0.187066	-0.314435	0.204433	-0.180086	-0.541098	-1.245694	-1.179787	-1.045234	-0.092041	-2.244810	-0.529155	-1.251959	-0.757301	-2.570560	1.465044	1.135782	0.524971	-1.028376	-1.051386	-0.395998	-0.983190	0.163244	-2.552337	-1.189197	-0.880557	-1.215851	-1.335819	-1.288772	-1.520317	-0.849024	-0.028684	0.505213	-0.644490	-0.525950	1.379427	0.147651	0.331462	-0.286629	0.144208	0.490855	-1.470790	-1.080575	1.433384	1.434868	-1.264338	-0.621213	-0.828649	0.106372	0.035370	-0.126094	-2.389883	-2.655826	0.197146	-0.394061	-1.403368	-1.421829	-0.985187	-0.977820	0.412689	0.340334	-1.485292	-0.427214	-2.635392	-2.838957	-2.645365	-2.045476	0.158520	0.400245	-1.117399	-1.937288	-0.514412	-0.780437	-0.884936	-1.454442	-1.333917	-2.133488	-1.700768	-2.001860	-2.061587	-1.662751	-0.553179	-2.190619	-1.901102	-1.262503	-1.288734	-1.325477	-0.806675	-0.159825	-1.195789	-1.486951	0.097465	0.329678	0.280441	0.579224	-2.017181	-2.619243	0.528097	-0.663305	0.690273	-0.197416	-1.748220	-2.454169	-2.767378	0.950354
-0.996956	-0.839798	-1.118035	-0.667008	-0.383133	0.258796	-0.993487	-0.221001	-0.656721	0.076561	-1.238481	-0.613301	-0.551442	-0.498496	-0.208282	-1.352106	-0.689369	-1.329508	-1.445261	-1.362010	0.407623	-0.322900	-0.487184	-0.937723	-1.204285	-0.674074	0.100355	-0.017223	-0.721753	-0.842050	-0.543775	-1.019030	-0.713021	-0.694469	-1.043283	-0.463924	0.262447	0.453647	-0.831129	0.144229	0.326526	0.167143	0.585288	0.459333	0.759133	0.833645	-0.939398	-0.814582	0.062107	0.112297	-0.352582	-0.204335	-0.849576	-0.078554	-0.412745	-0.384472	-1.979397	-2.229091	-0.602688	-0.754607	-0.776486	-1.053531	0.199492	-0.078334	-0.666655	-0.122118	-0.518172	-0.703132	-1.658604	-2.016809	-1.300664	-1.048454	0.703113	0.372084	-0.626829	-1.823266	0.060628	-0.158755	0.173390	-0.341457	-0.495670	-0.969084	-1.409661	-1.416370	-1.518861	-1.508589	0.129198	-1.612864	-1.906601	-1.820896	-1.255184	-1.005397	-0.550764	-0.004960	-0.658243	-0.603614	-0.765470	-0.344322	-0.042714	0.401133	-1.122009	-1.778156	0.430711	-1.176081	0.000858	-0.245289	-1.148383	-1.838590	-1.814378	0.387106
-0.784989	-0.183109	0.096699	0.063354	-0.366630	0.413292	-0.701441	0.495726	-1.139020	0.646054	-1.345924	0.050100	0.034358	0.207142	-0.612911	0.325691	-0.718075	-0.514901	-1.542827	0.458997	-0.289082	-1.520247	-1.091524	-0.062234	-0.776859	-0.231791	0.676449	-0.122524	1.138607	-0.409316	-0.086785	-0.866637	-0.053347	0.024866	-0.352345	-0.206188	0.265511	-0.111739	-0.669152	0.677816	-0.537242	0.333666	0.225744	0.505105	0.828369	0.472737	-0.097468	-0.246933	-0.888108	-0.861644	0.647768	0.571291	-0.726999	-0.806156	-0.172600	0.257575	-0.221323	-0.282111	-0.418293	-0.036001	-0.007206	-0.538968	0.270981	-0.157204	-1.021973	-0.250781	0.304593	-0.887937	-0.101987	-0.291005	0.251011	-0.105935	0.281731	-0.719846	-0.300820	-0.557396	-0.227537	0.331910	1.304056	0.663449	0.368215	0.507315	-0.597280	-0.354251	-0.667530	-0.574124	-0.124163	-0.656206	-1.040672	-1.411300	-0.901144	-0.372611	-0.075041	0.000434	0.600227	0.625082	-0.385226	-0.055740	0.119800	-0.294078	0.054921	-0.309859	-0.011516	-0.199152	-0.253326	0.411776	0.539309	-0.311285	-0.280210	-0.842067
-0.007563	0.876583	0.705049	0.191671	-0.094002	0.532703	-0.149702	1.058596	-0.847484	0.728886	-0.872772	0.350992	-0.250596	-0.183385	-1.022535	1.588827	-0.876946	0.101886	-1.159986	0.951737	-0.290181	-1.927126	-1.095073	0.628384	0.153367	0.557732	0.046176	-0.657430	1.113789	0.389222	0.557346	-0.451221	0.126858	0.062135	0.128935	-0.126208	0.237536	-0.554399	-0.174628	0.961896	-1.057985	0.514133	-0.387441	0.052028	0.616043	-0.044203	0.115084	0.148478	-0.715077	-0.685670	0.612799	0.327752	-0.782845	-1.285284	0.206211	0.956807	1.246714	1.492427	0.490173	1.298302	0.621342	0.240572	-0.295985	-0.599904	-0.870007	-0.188793	0.241523	-0.170516	0.848594	1.147201	1.106234	0.194210	-0.434146	-1.937091	-0.696682	0.575036	-1.068837	0.225862	1.593300	0.862471	0.204539	0.881951	0.249648	0.360288	-0.000222	0.271740	-1.006849	-0.013815	-0.096473	-0.529827	-0.530765	-0.178798	0.179726	-0.104596	1.295784	1.033779	0.781897	0.720830	0.451540	-0.987555	0.645128	0.880890	-0.820666	1.311046	0.087658	1.127494	1.736991	0.978633	1.048196	-1.494854
0.300069	1.213417	0.562534	-0.074666	-0.426594	0.131109	-0.343990	1.046652	-0.302552	0.128538	-0.397765	0.325124	-0.755649	-1.165373	-0.862828	1.568767	-1.200613	-0.075294	-0.630220	0.077699	-0.326244	-1.569154	-0.916509	0.541212	0.681054	0.885601	-1.134985	-1.489157	-0.756732	1.241121	1.244867	0.229438	0.130293	-0.275356	0.461367	-0.008422	0.352883	-0.398726	0.276237	1.076404	-1.428061	0.578914	-0.686232	-0.282520	0.402242	-0.382445	-0.515796	-0.103921	-0.166737	-0.142992	-0.040257	-0.748875	-1.152676	-0.942582	-0.058824	0.809417	1.188612	1.605806	0.797018	1.791941	0.793883	0.861075	-0.458589	-0.524372	-0.765115	-0.088246	-0.206039	1.124980	0.791116	1.376264	0.995310	-0.090588	-0.803184	-2.002270	-1.377276	0.600484	-1.427229	-0.375289	0.785998	0.179765	-0.660251	0.075254	0.807493	0.500875	0.363423	0.472327	-1.366581	0.146842	0.359103	0.240121	-0.106291	-0.329829	-0.058364	-0.301145	0.657725	0.271043	0.973331	0.649134	0.174280	-1.432045	0.379660	1.007315	-1.867731	1.428658	0.399355	0.837127	1.212421	1.087570	1.200419	-1.015311
-0.342231	0.419151	0.187992	-0.186444	-1.220593	-0.625595	-1.182748	0.793072	-0.209393	-0.556628	-0.500829	0.092070	-0.543808	-1.371737	-0.316511	0.358975	-1.478044	-0.756515	-0.273634	-0.565483	-0.904878	-0.755714	-1.070776	-0.102306	0.056164	0.511532	-1.575026	-1.629175	-2.626016	1.400429	1.368845	0.443428	0.210682	-0.423518	0.508929	-0.136148	0.465930	-0.023789	0.446247	0.940891	-1.543336	0.589437	-0.541889	-0.316712	0.248422	-0.642385	-1.127623	-0.675375	-0.259819	-0.340568	-0.351095	-1.338731	-1.806052	-0.416385	-0.854513	-0.074708	-0.055383	0.176790	-0.011055	0.896552	0.423233	0.752042	-0.018553	-0.033781	-0.898294	0.014448	-0.158135	1.563407	0.077011	0.340195	0.330940	-0.535558	-0.813878	-0.976982	-1.468442	-0.282845	-0.910806	-0.867431	-0.242045	-0.632159	-1.151278	-0.936744	0.811131	0.320674	0.465702	0.020329	-0.635494	0.055188	0.368120	0.667750	0.477349	-0.100844	-0.454258	-0.332782	-0.404407	-0.662597	-0.469335	-0.584004	-0.920944	-1.655546	-0.313402	0.026655	-2.671247	-0.208117	0.193237	-0.570470	-0.284786	0.011669	-0.161120	-0.068553
-1.277832	-0.661861	0.115792	0.236726	-1.579606	-1.153583	-1.695065	0.695985	-0.425413	-0.648351	-0.994427	-0.179364	0.118693	-0.551020	-0.213996	-0.978023	-1.481204	-1.334801	-0.231820	-0.012851	-1.446426	-0.015899	-1.535832	-0.692722	-1.127437	0.195654	-0.935689	-0.379233	-2.705271	0.731193	0.517176	-0.264128	0.027137	-0.534730	-0.038879	-0.896233	0.388732	-0.104238	0.626816	0.555589	-1.157792	0.680696	-0.284043	-0.203610	0.207466	-0.791880	-0.756952	-0.654086	-0.883211	-1.070506	-0.332683	-0.900457	-2.425343	-0.494884	-1.267354	-0.725956	-1.045979	-1.237903	-0.895797	-0.180029	-0.109935	0.099762	0.383274	0.124531	-0.922435	0.238922	0.503881	0.475183	-0.659786	-1.051770	-0.110853	-0.683519	-0.593561	-0.139631	-0.698132	-1.137224	-0.144326	-0.712880	-0.293596	-0.639779	-0.873214	-1.315553	0.195221	0.112402	0.489033	-0.654443	0.673304	0.085439	0.496506	0.957548	1.217638	0.831520	-0.410399	0.061985	-0.328672	-0.513811	-2.008488	-1.633167	-1.955028	-1.615745	-0.681658	-1.039717	-2.479602	-1.771147	-0.230555	-1.790734	-0.857360	-1.143850	-1.829119	0.462604
-1.500370	-0.872684	0.413739	1.033240	-1.083857	-1.198096	-1.271417	0.651046	-0.154604	-0.100223	-1.019292	-0.177476	0.203869	0.194600	-0.813045	-1.379390	-1.192532	-1.449618	-0.330662	0.850357	-1.123908	0.220439	-1.648255	-0.848991	-1.434309	0.784714	-0.150077	1.500130	-0.890505	-0.046297	-0.763156	-1.144556	-0.695564	-1.052922	-0.917419	-1.855608	0.161395	-0.642072	1.126841	0.200679	-0.491294	0.803640	-0.234464	0.133817	0.346924	-0.528605	0.460958	0.284589	-1.152476	-1.171397	-0.695856	-0.260963	-2.453601	-0.825110	-0.808244	-0.485548	-0.847438	-1.276512	-0.774423	-0.038184	-0.356760	-0.247561	0.302308	-0.237685	-0.457691	0.680468	1.132054	-0.940522	-0.977209	-1.556467	0.113949	-0.316354	-0.159923	-0.224956	0.316416	-1.284344	0.162928	-0.047319	0.745789	0.269251	-0.408011	-0.975496	-0.640289	-0.070261	0.637560	-1.016004	1.621776	0.465837	1.148988	1.303547	1.901767	1.832516	0.172831	0.662360	1.071153	0.715572	-1.766850	-1.118871	-1.851690	-1.178702	-0.298435	-0.933078	-0.986649	-1.476611	-0.264737	-1.540428	0.159837	-1.116407	-1.979080	0.451473
-0.857156	-0.170156	0.674955	1.495824	-0.299385	-1.098481	-0.306027	0.323367	0.839171	0.492258	-0.023835	0.242707	-0.433637	0.036399	-1.314577	-0.864353	-0.736986	-1.084996	-0.150313	0.584949	-0.112255	0.160329	-0.786962	-0.703852	-0.280318	1.970615	-0.058441	2.319253	1.287979	-0.354856	-1.246102	-1.056835	-1.370800	-1.671610	-1.176024	-1.960233	-0.060590	-0.980641	1.593516	0.044501	-0.149247	0.717784	-0.409061	0.828960	0.510093	0.114038	1.330238	1.274441	-0.795594	-0.322037	-1.450476	-0.302729	-1.565037	-0.558627	-0.130005	0.172884	0.018040	-0.170015	-0.091390	0.996359	-0.398751	0.091238	-0.046203	-0.520304	0.327024	1.066738	1.232503	-0.995566	-0.883357	-0.724380	0.589646	0.299022	0.232063	-0.538767	0.833237	-0.804640	0.005952	0.383392	1.660915	1.184680	-0.376092	-0.345689	-0.997948	-0.262745	0.855844	-0.798138	1.768484	1.042323	1.945430	1.532250	2.113681	2.027140	0.716153	0.847768	2.290127	1.739695	0.062483	0.526651	-0.712045	-0.440646	0.497483	0.414339	0.977263	0.205693	0.086905	-0.236537	1.390402	0.171828	-0.333779	0.352017
-0.140870	0.317122	0.560176	1.092965	-0.012814	-1.224157	0.374409	-0.287467	1.708997	0.516355	1.582819	0.765645	-0.690704	-0.466162	-0.902198	-0.349178	-0.134495	-0.456827	0.574200	-0.797020	0.573426	0.522765	0.772408	-0.668872	1.489456	2.432001	-0.310586	1.279151	2.187874	-0.430728	-0.238880	0.030125	-0.959888	-1.397611	-0.137581	-0.713319	-0.112983	-0.594239	1.445309	-0.057618	-0.319285	0.330027	-0.563386	1.474551	0.423578	0.574642	0.942879	1.193792	-0.445251	0.405793	-1.660290	-0.763173	-0.072680	0.183429	-0.217403	0.218700	0.358699	0.715539	-0.111831	1.310766	-0.589388	0.571160	-0.246830	-0.249186	0.793845	0.886997	0.984652	0.384669	-0.639623	0.598901	0.525511	0.591830	0.203220	-0.099312	0.832903	-0.253011	-0.134980	0.078975	1.307271	1.170809	-0.644751	0.157192	-0.450107	-0.225158	0.925962	-0.108174	1.493434	1.423343	2.071759	1.404423	1.623417	1.369112	0.639808	0.311839	1.968203	1.486640	1.439908	1.461577	0.220401	0.206802	0.909182	1.672825	1.951053	1.253918	0.162185	0.482015	1.217396	1.500424	1.383098	0.441636
0.012413	-0.175018	0.322919	0.295511	-0.280373	-1.370644	0.435510	-0.768059	1.503518	-0.038897	2.855770	0.982027	0.256165	-0.207536	0.170920	-0.351905	0.668345	0.127639	1.563365	-1.733077	0.332741	1.588871	1.921256	-0.881119	2.715120	1.386464	-0.034346	-0.574933	1.514093	-0.664996	1.585624	1.026851	0.725676	0.179644	1.708973	1.249981	0.250647	0.492175	0.887946	-0.064375	-0.446263	-0.081631	-0.350674	1.401859	0.195680	0.540904	-0.225363	0.079208	-0.544427	0.067151	-0.732540	-0.692772	1.280709	0.450654	-1.055331	-0.590072	-0.166252	0.619243	-0.961605	0.228289	-0.746740	0.636775	-0.122838	0.339365	0.548983	0.119058	0.786987	1.634174	-0.323537	1.162985	-0.101853	0.389409	-0.075155	0.896922	0.900174	-0.042932	0.115432	-0.493725	0.008108	0.387737	-0.576718	0.462530	0.741561	0.442097	0.895023	0.763192	1.437111	1.393378	1.305040	1.061723	0.827283	0.621775	0.062406	-0.487298	0.478021	0.290760	1.007868	0.673887	0.150015	0.467514	0.559825	1.649425	1.369689	0.700277	-0.442521	-0.063044	-0.198557	1.727569	1.558109	0.543487
-0.132929	-0.983713	0.480285	0.160018	-0.478260	-1.039059	0.196479	-0.775441	0.399664	-0.610016	3.151620	0.936242	1.636785	0.897412	0.922599	-0.390718	1.467722	0.451347	2.108993	-1.074665	-0.399887	2.576931	1.856595	-1.010167	2.949418	-0.377973	0.770642	-1.448008	0.334662	-0.822104	2.710467	1.160418	2.450468	2.064841	2.971435	2.755216	1.115712	1.829465	0.738302	0.431300	0.005130	-0.192521	0.407167	0.672903	0.349461	0.498676	-0.887688	-0.866416	-0.662369	-0.790433	0.651027	0.214389	1.900505	-0.071591	-1.564626	-1.334383	-0.742956	0.145747	-1.377820	-1.094972	-0.288499	0.489639	0.307891	0.763718	-0.084459	-0.523496	0.650744	1.552053	0.158482	0.643755	-0.371350	0.226884	0.062726	1.284746	1.327481	-0.102125	0.765753	-0.369749	-0.805772	-0.072227	0.106245	0.742703	1.729136	1.557945	1.009176	1.469589	1.638555	1.037806	0.319521	0.809455	0.424547	0.342348	-0.375991	-0.782363	-0.664465	-0.587204	-0.388978	-0.806460	-0.295796	0.449045	-0.044190	0.656443	0.253895	-0.341289	-1.254690	-0.733375	-1.232086	0.974568	0.567666	0.402325
-0.012924	-0.970810	0.946463	0.858062	-0.184247	-0.235105	0.031211	-0.460102	-0.482883	-0.666849	2.438005	0.992206	1.890123	1.728068	0.797982	0.034949	1.750445	0.481060	1.663220	0.357294	-0.781842	2.280765	0.965537	-0.778468	2.289882	-1.359968	1.116555	-0.746122	-0.143977	-0.503657	2.169179	0.788721	2.645502	2.693236	2.585658	3.003664	1.927782	2.713712	1.075925	1.425183	0.703154	-0.115258	1.342038	0.182104	1.050572	1.007670	-0.519646	-0.765169	-0.247982	-0.891648	1.321761	1.238734	1.663841	-0.624463	-0.979223	-1.092144	-0.610897	0.158590	-0.617285	-1.296291	0.635449	0.487884	0.897253	0.899754	-0.465328	-0.457255	0.331274	0.630305	0.581342	-0.198555	0.266387	0.618289	0.726211	0.473318	1.625991	-0.085025	1.459733	0.627874	-0.304581	0.446583	0.885516	1.032240	1.702581	2.083080	1.104166	1.604774	1.447478	0.491375	-0.208729	0.544041	0.474872	0.263166	-0.328433	-0.359517	-0.632235	-0.435231	-1.002844	-1.277516	-0.091301	0.470288	-0.136808	-0.068419	-0.023546	-0.407270	-1.450598	-0.269569	-0.891949	0.234499	-0.042037	0.063189
0.308368	-0.112318	0.987574	1.266207	0.308173	0.451761	-0.055916	-0.255256	-0.485171	-0.160525	1.090940	1.233232	0.602914	1.367554	0.115924	0.430874	1.189316	0.275450	0.329766	0.675719	-0.446478	0.415177	0.286871	-0.462866	0.948674	-1.014632	0.375657	0.347359	0.367242	-0.047190	0.393651	0.605748	1.085040	1.575227	0.821728	2.042124	1.779324	2.505142	0.870483	2.044473	0.795417	-0.268205	1.606629	0.491405	1.602534	1.729391	0.135125	-0.049643	0.440330	0.020682	1.042026	1.606780	0.894426	-0.516257	0.141520	-0.083378	-0.041842	0.529985	0.354276	-0.564301	0.909742	0.332825	1.266175	0.870193	-0.382324	-0.013715	-0.110634	0.104173	0.362229	-0.615351	0.997753	1.243599	1.078528	-0.764248	1.125049	0.128251	1.657693	1.487392	0.791327	1.294888	0.977510	1.124435	0.595392	1.150173	0.563153	0.920821	0.447588	-0.196658	-0.424619	-0.165442	0.183682	-0.206391	-0.091193	0.239872	-0.034677	0.226185	-0.356818	-0.441174	0.738719	0.713558	0.299187	-0.010939	0.637047	0.404907	-0.796775	0.968405	0.051782	0.096470	0.276402	-0.217458
0.315095	0.577752	0.245625	0.502343	0.485831	0.672203	-0.199510	-0.307463	-0.114956	0.605330	-0.303053	1.280649	-0.997752	0.202618	-0.452706	-0.002930	0.120394	-0.097529	-1.161791	-0.711936	0.313369	-1.794412	0.282954	-0.518930	-0.592424	-0.178647	-0.712991	0.422475	1.243210	-0.197906	-1.308743	0.542920	-0.858750	-0.208965	-0.991791	0.649330	0.559384	1.264336	-0.514436	1.503386	0.123023	-0.723072	0.740359	1.042481	1.212078	1.810727	0.228482	0.331456	0.699545	0.916822	0.574771	1.361901	0.210492	0.017654	0.671221	0.713576	0.188083	0.492037	0.277065	-0.111124	-0.106734	-0.441209	0.999986	0.663187	-0.138397	0.130057	-0.292934	0.250501	-0.688544	-0.712893	0.626111	1.302941	0.515302	-1.292940	-0.060114	0.256386	1.107331	1.238048	1.191321	1.347357	0.302122	0.921382	-0.855358	-0.724610	-0.773588	-0.275729	-0.808813	-0.914475	-0.891200	-1.315956	-1.004843	-1.111113	-0.056972	0.435228	0.153713	0.492188	0.524410	0.542354	1.337965	1.156104	0.496778	0.127676	1.218016	0.882932	0.202194	1.680298	0.272083	0.206803	0.594086	-0.265990
-0.026247	0.535883	-0.665442	-0.742204	0.388598	0.791666	-0.300240	-0.361989	-0.097069	1.269593	-1.098835	0.751748	-1.585544	-0.678545	-0.497903	-0.931745	-0.662974	-0.474694	-1.905290	-2.238012	0.964742	-2.601273	0.547666	-0.808716	-1.509345	0.075976	-0.787097	-0.353023	1.642933	-0.924980	-2.004715	-0.056872	-1.728299	-1.233385	-1.758381	-0.254549	-0.600971	-0.055051	-2.041336	0.225988	-0.367316	-1.002934	-0.573707	0.902497	0.152813	1.127019	-0.112625	0.182390	0.418877	0.894360	0.426454	0.997765	0.155936	0.337885	0.436691	0.819799	-0.066892	-0.117009	-0.480724	-0.361885	-1.464380	-1.456510	0.163917	0.196588	0.065717	0.007652	-0.147178	0.264469	-1.863436	-1.028515	-0.719886	0.560959	-0.301305	-0.998543	-0.973692	0.015241	0.214429	0.240573	0.655055	0.474899	-0.256274	0.653676	-1.825547	-2.037828	-2.050991	-1.188845	-1.379864	-1.437306	-1.648209	-2.188347	-2.415481	-1.825816	-0.146450	0.278909	-0.090289	0.276485	0.738326	0.826558	1.316423	1.601655	-0.028026	-0.417584	1.152038	0.532668	0.980621	1.492647	-0.320847	-0.078893	0.098424	-0.055820
-0.085900	0.268187	-0.930291	-1.127656	0.551271	1.265239	-0.099332	-0.243588	-0.247083	1.471605	-0.968804	-0.228499	-1.141411	-0.802772	-0.072372	-1.051326	-0.642901	-0.539619	-1.401196	-1.993760	1.167310	-1.461980	0.596027	-0.654743	-1.302158	-0.424028	0.466852	-0.578147	1.138697	-1.295652	-1.777341	-1.260574	-1.349271	-1.094668	-1.479389	-0.299612	-0.566397	-0.480521	-2.079234	-0.636582	0.238760	-0.714969	-1.096772	-0.036996	-0.418302	0.458556	-0.237369	0.009076	0.184341	0.241825	0.243830	0.653413	0.670718	0.231220	0.382448	0.636588	-0.181391	-0.584615	-0.439617	-0.553702	-1.656668	-1.741806	-0.628510	-0.396108	0.430704	0.197059	-0.153618	-0.357235	-2.147427	-1.545954	-1.623809	-0.401415	-0.309494	-0.663848	-0.869958	-0.402882	-0.309456	-0.286072	0.147824	-0.323092	0.220689	0.561802	-2.028883	-1.952676	-2.229685	-1.236326	-1.124149	-1.612861	-2.107902	-2.118543	-2.766991	-1.781397	-0.059236	0.206715	0.010021	0.286058	0.539227	0.839715	1.065637	1.655628	-0.743567	-1.351093	0.933402	0.098553	1.408444	1.208974	-0.623409	-0.807439	-0.717230	0.369440
0.541549	0.380370	-0.530870	-0.481769	1.168373	1.859143	0.438076	-0.143949	0.094853	0.959470	-0.280216	-1.033273	-0.507548	-0.558142	0.391123	0.141818	-0.042110	-0.037153	0.001747	-0.013657	0.927842	0.394157	0.399432	0.243226	-0.433503	-1.044673	1.812787	0.337961	-0.050944	-0.686257	-1.261098	-2.047203	-0.517734	-0.379786	-0.852902	0.144840	0.347665	-0.048911	-0.608933	-0.672206	1.521659	-0.143506	-0.500513	-1.031448	0.048898	0.324717	-0.024366	0.047635	0.400118	-0.086499	-0.279456	0.170505	1.084571	-0.082460	1.147255	0.654566	0.342930	-0.286836	0.778598	-0.098795	-0.508940	-1.009538	-0.886576	-0.841293	1.054957	0.734826	-0.625508	-1.057311	-1.222678	-1.530234	-1.171850	-0.946497	0.399844	-0.689193	-0.089954	-0.415527	-0.238581	0.131118	0.394797	-0.275904	1.521968	0.555214	-1.579905	-1.039228	-1.284536	-0.594594	-0.831438	-1.447093	-1.817899	-1.312617	-1.708903	-1.105144	0.133488	0.311774	0.740868	0.867467	0.617180	1.270152	0.893250	1.019421	-0.737607	-1.640104	1.003743	0.311617	1.600437	1.342764	0.001720	-1.322571	-0.817201	0.833757
1.389842	0.705941	-0.063792	0.175677	1.674040	1.907792	0.971364	-0.250857	0.793522	-0.023890	0.150240	-1.062478	-0.105107	-0.336750	0.389789	1.534094	0.456490	0.879889	1.197846	1.806891	0.519197	1.302591	0.068312	1.302584	0.110106	-1.183375	1.863078	1.364158	-1.204418	0.478974	-0.834517	-1.353856	0.160502	0.311281	-0.378272	0.454560	0.758947	0.382604	0.587490	-0.502322	2.054559	0.074831	0.213840	-1.461578	0.731316	0.302719	0.082804	0.018270	0.795380	0.337124	-0.591065	-0.280613	0.919442	-0.352481	2.080240	0.808561	1.247256	0.570135	1.834578	0.502907	0.663541	-0.060509	-0.750381	-1.007817	1.490899	0.956990	-1.114116	-1.064510	0.283940	-0.471427	-0.026443	-0.966691	0.720636	-0.616805	0.387415	0.326592	-0.009225	0.714676	0.850711	0.208720	2.374324	0.440859	-0.621942	-0.283382	-0.142892	0.103541	-1.112347	-0.982491	-0.977736	-0.557747	-0.248414	-0.413413	0.044230	0.225192	1.300499	1.365561	0.993470	1.833578	0.604167	0.029591	0.126521	-0.762961	0.862208	0.885493	1.557669	1.342599	0.882376	-0.990926	-0.020606	0.994239
1.647992	0.731944	0.159987	0.205352	1.407301	1.226554	1.085389	-0.359569	0.903961	-0.676713	-0.092790	-0.299399	0.310861	-0.012511	-0.155647	1.776829	0.415605	1.610837	1.167128	1.934569	0.276505	0.854032	-0.434303	1.653784	-0.064234	-0.770684	0.685134	1.375363	-1.559017	1.373783	-0.414649	0.527669	0.652613	0.844967	-0.082818	0.358598	0.021712	0.275741	0.223867	-0.586949	1.096966	-0.232837	0.048029	-1.371931	0.531908	-0.153018	-0.097889	-0.206290	0.906489	1.026064	-0.010609	-0.238396	0.517602	-0.362373	2.080925	0.771360	1.843175	1.285038	1.514867	0.484863	0.765697	0.266968	-0.573535	-0.871963	1.203720	0.549618	-1.020631	-0.418066	1.433534	1.037486	0.566268	-0.645034	0.123358	-0.009185	0.163184	1.442416	-0.012765	0.621626	0.489884	0.237760	1.820932	0.316765	0.560506	0.064752	0.446347	0.485634	-1.620023	-0.286193	-0.151805	-0.248128	0.437484	-0.099592	-0.382374	-0.246177	0.754255	0.910893	1.064319	1.645864	0.110194	-0.481826	1.032192	0.655726	-0.046276	1.031608	1.170209	0.588497	1.058701	0.060793	0.871560	0.607375
1.124523	0.388434	0.300147	-0.008346	0.500418	0.350449	0.731526	-0.165960	0.056780	-0.400123	-0.556950	0.628902	0.853022	0.605455	-0.699461	0.916313	0.043715	1.582820	-0.040170	0.704334	0.388886	-0.014023	-0.935678	1.049384	-0.383065	-0.137834	-0.389467	0.623544	-0.885418	1.589357	0.130240	2.029961	1.001275	1.202247	0.142029	0.052360	-1.009303	-0.087836	-0.842853	-0.532903	-0.450859	-0.584480	-0.652016	-1.057965	-0.474884	-0.764921	-0.195136	-0.310314	0.699834	1.248985	1.076719	0.312143	0.538941	0.105057	1.050666	0.499584	1.669102	1.365240	0.328904	-0.024408	0.148162	0.071842	-0.306603	-0.343540	0.339585	0.049317	-0.553452	0.249409	1.707586	1.710429	0.302967	-0.080042	-0.664601	0.813120	-0.182168	2.020595	-0.070499	0.018084	-0.715834	-0.342796	0.278583	0.376084	1.323153	0.345650	0.505227	0.648860	-1.600143	0.387806	0.288789	-0.076682	0.205620	-0.037119	-0.633072	-0.695665	-0.712158	-0.422572	0.497312	0.528377	-0.159592	-0.174746	1.109674	1.466148	-1.053985	0.502946	0.427392	-0.504208	0.488181	0.995073	1.097812	-0.172925
0.395364	0.005792	0.355468	-0.074175	-0.232023	-0.169369	0.314526	0.201745	-0.852577	0.416649	-0.544542	0.960619	1.101469	1.213129	-0.584964	0.080955	-0.126332	0.837967	-1.307871	-0.517856	0.786134	-0.363780	-0.845744	0.060972	-0.152373	0.345678	-0.443969	0.035458	0.289199	1.111123	0.657115	1.927761	0.999505	1.160339	0.301201	-0.187024	-1.242315	-0.300161	-0.927071	0.010952	-1.079739	-0.489709	-0.712780	-0.602226	-1.290252	-0.897478	0.071532	-0.116926	0.515079	0.846477	1.486807	0.712733	0.991987	0.968221	-0.029784	0.210926	0.743081	0.754136	-0.305169	-0.251528	-0.124301	0.001900	0.209902	0.479400	-0.358480	-0.038160	-0.470571	0.529377	1.242755	0.957836	-0.142832	0.541103	-0.716318	1.232074	-0.006469	1.445935	0.081619	-0.416391	-1.698418	-0.920986	-1.027733	0.401954	1.099137	0.634164	0.292642	0.728294	-0.901455	0.640497	0.334621	0.273897	-0.255314	0.023805	-0.271242	-0.620084	-1.922744	-1.637973	-0.290261	-0.667824	0.154911	0.308464	0.232191	1.100004	-0.871990	-0.230231	-0.492012	-0.955093	-0.196224	1.054296	0.636224	-0.922253
0.058617	-0.229488	-0.051132	-0.344783	-0.257855	-0.333362	0.288253	0.311006	-0.795736	0.773292	-0.076043	0.419812	0.699045	1.254137	0.209668	-0.094671	0.099469	0.064213	-1.618940	-1.004710	1.153608	-0.215574	0.150061	-0.483943	0.519743	0.499824	0.061525	-0.275667	1.096788	0.079388	0.913423	0.576446	0.499532	0.578690	0.372254	-0.351928	-0.780542	-0.509094	0.092211	0.419236	-0.406356	-0.026069	0.201925	-0.036762	-1.468632	-0.672653	0.368241	-0.010050	0.566514	0.320504	0.726136	0.406317	1.205007	1.648126	-0.365774	0.007363	-0.532813	-0.293004	0.064742	0.055006	0.263386	0.228169	0.545055	0.962025	-0.423961	-0.042418	-0.952694	0.386510	0.589581	-0.359084	-0.308347	0.718442	-0.079009	1.162697	0.449178	0.106797	0.109522	-0.611489	-1.688529	-1.129517	-1.468862	-0.090649	0.137152	0.564028	-0.243490	0.571898	-0.134861	0.294812	0.134903	0.531523	-0.480868	0.029713	0.357523	-0.205161	-2.063807	-1.956260	-0.599975	-1.116638	0.689321	0.189546	-0.993419	0.034308	0.492121	-0.648943	-1.277399	-0.534541	-0.639004	0.285383	-0.032068	-1.361574
0.120475	-0.405709	-1.013337	-1.187892	0.133952	-0.423928	0.681717	0.069912	0.011897	0.239054	0.132701	-0.615702	0.004605	0.652400	1.054303	-0.035707	0.415432	-0.048368	-1.036141	-0.979199	1.108978	-0.107721	1.366504	-0.197992	0.897810	0.346148	0.181348	-0.823585	1.019965	-1.029762	0.867578	-0.680873	-0.197819	-0.180388	0.384701	-0.611585	-0.590298	-1.068410	0.649618	-0.228440	0.556613	0.340845	1.124042	0.364026	-1.566742	-0.873441	0.188321	-0.396638	0.722701	0.215273	-0.354640	-0.326428	0.769231	1.561655	-0.176167	-0.221439	-1.548550	-1.306240	0.599714	0.356378	0.658833	0.302622	0.022738	0.437393	-0.136638	-0.567892	-1.340396	-0.171596	0.304749	-0.804120	-0.468964	0.111778	0.386746	1.049613	0.437715	-0.845318	-0.517361	-1.060032	-1.148948	-1.258943	-1.457583	-1.112888	-0.586345	-0.009232	-1.096969	0.032152	0.097663	-0.348099	-0.142767	0.235916	-0.601994	-0.181082	0.442789	-0.154834	-1.486277	-1.578546	-0.268131	-0.962285	0.708284	-0.435993	-1.704441	-0.745608	1.393617	-0.727832	-1.628556	-0.050333	-0.910784	-0.517789	-0.473846	-1.499442
0.203130	-0.583257	-1.857436	-2.069690	0.330961	-0.486349	1.078829	-0.099941	0.439713	-0.623243	-0.279473	-1.463633	-0.209941	0.014789	1.410287	-0.272200	0.548684	0.515890	-0.324263	-0.689929	0.515898	-0.139640	1.669280	0.570253	0.575988	0.022800	-0.156090	-1.391592	0.211086	-1.396545	0.747478	-0.999100	-0.517173	-0.461224	0.378853	-0.950290	-1.039998	-1.788425	-0.254516	-1.709548	0.761585	0.323868	1.128505	0.311731	-1.978460	-1.668505	-0.365537	-0.982557	0.729562	0.506196	-0.606478	-0.701975	0.065604	0.843804	-0.146648	-0.554802	-1.792741	-1.767321	0.518566	0.235437	0.525885	0.004117	-1.099847	-0.747837	-0.027640	-1.476559	-1.078529	-1.009283	0.615350	0.087166	-0.858451	-0.805039	0.069673	1.190572	-0.111849	-0.596518	-1.467717	-1.718250	-1.012790	-1.535570	-1.529070	-1.970119	-0.381041	-0.564302	-1.626611	-0.583334	-0.095433	-0.724433	-0.274668	-0.456600	-0.714979	-0.405296	-0.222743	-0.654191	-1.036507	-1.215417	0.125690	-0.935492	0.032020	-0.823230	-1.331300	-0.665749	0.611044	-0.779753	-1.447250	-0.272293	-0.975169	-0.590537	-0.528310	-1.381997
0.144234	-0.633599	-1.694515	-1.966956	0.141551	-0.337345	1.053993	0.165102	-0.027562	-1.057983	-0.668820	-1.538141	0.314368	-0.015599	1.304189	-0.610519	0.634519	1.095616	0.100799	0.006333	-0.349019	0.082681	0.799567	1.056834	-0.019128	-0.254145	-0.204704	-1.072250	-0.725019	-0.541741	0.778003	-0.492786	-0.211860	-0.052227	0.421718	-1.040266	-1.345351	-1.937618	-1.556978	-2.538451	0.189311	0.046260	0.526627	-0.039986	-2.117859	-2.137761	-0.642446	-1.050427	0.451061	0.625957	0.140287	-0.353200	-0.332416	0.249707	-0.478145	-0.871302	-1.213329	-1.424637	-0.012481	-0.061502	0.182340	-0.184731	-1.548232	-1.285150	-0.208065	-1.941454	-0.412025	-1.591073	1.309381	1.433265	-0.975986	-1.058555	-0.731933	1.416977	-0.364383	0.554956	-1.579611	-1.711711	-1.395570	-1.551901	-1.464062	-1.933754	0.498491	-0.386580	-0.998353	-0.661356	-0.092995	-0.484991	-0.070991	-0.825522	-0.481513	-0.217999	-0.914267	-1.042193	-1.019678	-1.190474	-0.032427	-1.296840	-0.690211	-0.549992	-0.075301	0.064394	-1.007780	-0.904479	-0.931532	-0.956207	-0.612020	0.084404	-0.199058	-0.950310
0.139677	-0.417444	-0.387319	-0.588737	-0.166450	0.022202	0.561296	0.661393	-0.709368	-0.948139	-0.158621	-0.569321	1.007901	0.548350	1.001537	-0.535709	0.851427	1.062397	0.394221	1.041649	-1.055470	0.582888	-0.329187	0.813614	-0.142470	-0.265119	0.362891	0.105218	-1.160960	1.036830	0.931416	0.442504	0.380756	0.542754	0.642069	-0.560328	-0.597068	-1.021089	-1.447654	-1.529979	-0.555325	-0.201116	0.286871	-0.160343	-1.317706	-1.458174	-0.296859	-0.426370	-0.082331	0.129138	1.135164	0.398463	-0.381641	0.196340	-0.784071	-0.978113	-0.245299	-0.455745	-0.437301	-0.197275	0.292393	0.281855	-0.559117	-0.420865	-0.406424	-1.460292	0.070719	-1.380229	1.959264	2.191425	-0.177429	-0.256318	-1.172559	1.438931	0.263576	1.651268	-0.304213	-0.535493	-1.557895	-0.812032	-0.712655	-0.932316	1.358482	0.592585	0.656311	0.034038	0.380456	0.235730	0.363561	-0.505969	0.286512	0.330791	-0.933242	-0.800563	-1.119774	-1.237820	-0.559216	-1.605017	-0.695886	0.128990	1.136742	0.892564	-1.701720	-0.770794	-0.456554	-1.160217	0.115864	0.867386	0.465252	-0.294530
0.310668	-0.030875	1.227935	1.182764	-0.383340	0.225815	-0.113259	0.804933	-0.777115	-0.706070	1.056222	1.122500	1.183729	1.123306	0.588093	0.017130	1.008589	0.524041	0.633759	1.765390	-1.439018	0.679060	-0.766091	0.152713	0.380127	-0.017136	0.917609	0.749621	-0.819416	2.232490	0.938222	1.491840	0.785693	0.770975	1.034702	0.355135	0.930316	0.575253	0.181202	0.731749	-1.100495	-0.293586	0.671465	0.235858	-0.030586	-0.088316	0.311393	0.300095	-0.629845	-0.673719	1.678183	1.072864	-0.331894	0.230934	-0.726190	-0.841395	0.571859	0.689586	-0.544478	-0.259171	0.986421	1.205208	1.062718	1.044093	-0.480917	-0.481730	0.212514	-0.575313	2.300245	2.273265	1.282279	1.030823	-0.761566	1.199412	1.203651	2.102681	1.362150	0.969691	-1.000373	0.466323	0.494697	0.467841	1.871713	1.647824	2.038485	1.007654	0.836890	0.976260	0.663939	0.078528	1.054293	0.633756	-0.476807	-0.298209	-0.993397	-0.960342	-0.639405	-1.491634	0.025690	0.731089	1.521096	1.494805	-1.093179	-0.074335	-0.335394	-0.408929	0.753537	1.241317	1.298384	0.167678
0.406712	0.205698	2.090278	2.129587	-0.599448	-0.119713	-0.696197	0.225439	-0.312174	-0.639118	1.704540	2.494225	0.794476	1.206671	0.104771	0.656680	0.849419	0.180998	0.589538	1.596083	-1.625531	-0.081001	-0.499222	-0.243749	0.901251	0.168475	0.756826	0.008486	0.057574	2.384889	0.548345	2.157579	0.895014	0.711748	1.219419	1.068431	1.822772	1.772955	1.414587	2.311981	-1.387614	-0.346464	0.995906	0.786864	0.599429	0.756060	0.682248	0.613914	-0.772673	-0.924979	1.594315	1.433990	-0.081263	-0.198444	-0.397755	-0.592619	0.970603	1.553704	-0.362135	-0.370128	1.723143	1.833341	1.956496	1.788281	-0.571360	0.104957	0.292641	0.032273	2.293682	2.163010	2.326213	2.034706	0.167444	0.810474	1.424596	1.978092	1.926192	1.470513	-0.104867	1.497126	1.073708	1.546925	2.067341	2.012099	2.038630	1.496906	0.677989	1.357845	0.668243	0.413379	1.126202	0.393290	-0.191390	-0.092860	-0.566981	-0.249422	0.064304	-1.172823	0.692705	0.991082	1.259188	1.786804	-0.374757	0.868492	-0.598325	0.682864	0.924028	1.311444	1.904148	0.119318
0.125708	0.086703	1.825706	1.820240	-0.915372	-0.909515	-1.121468	-0.864061	0.020678	-0.647666	0.978067	2.465353	0.287638	0.782372	-0.197298	1.020048	0.525533	0.391056	0.279187	0.779496	-1.656814	-1.029611	-0.104794	-0.113951	0.636763	0.030096	0.042892	-1.002156	0.892382	1.771678	-0.221468	1.970119	0.838409	0.756692	0.699471	0.986421	1.050328	1.740443	0.721468	1.938240	-1.294862	-0.494731	0.617203	0.857355	0.210323	0.600276	0.763424	0.671335	-0.296843	-0.212656	0.963572	1.364552	0.646173	-0.717425	-0.082317	-0.315311	1.010324	1.844084	0.081878	-0.335099	1.853738	1.728573	1.857702	1.621850	-0.735700	0.005915	0.461689	0.061312	1.806110	1.824217	2.204128	2.483619	0.861003	0.397849	0.740648	1.458281	1.170684	0.789879	0.378482	1.734318	0.429344	1.872985	1.838725	1.597847	1.004101	1.213147	0.067718	1.347846	0.644468	0.601638	0.615614	0.098925	-0.206495	-0.011587	0.021535	0.604828	0.793517	-0.994794	0.596803	0.921906	1.091369	1.617476	-0.341274	1.253735	-0.900891	1.055242	0.660692	1.391240	1.831196	-0.073508
-0.421286	-0.178336	0.921648	0.842131	-1.168009	-1.488625	-1.373094	-1.815404	-0.063553	-0.479920	-0.395133	1.050680	-0.063637	0.170572	-0.067996	0.934481	0.372450	0.605974	0.190657	0.117498	-1.297144	-1.032932	0.120221	0.186369	-0.451242	-0.254698	-0.462188	-0.630764	1.190137	1.012592	-1.100095	1.157140	0.554269	0.816447	-0.487577	0.203273	-0.739454	0.741510	-1.000885	0.322018	-0.632177	-0.655735	-0.272030	0.275389	-0.370973	0.188621	0.792053	0.866092	0.420726	0.832407	-0.072412	0.767972	1.535760	-0.427525	0.078211	0.012081	0.883790	1.492394	0.524360	-0.114040	1.193974	1.128856	1.580900	1.438178	-0.728105	-0.170958	0.542650	-0.075719	0.574062	0.710053	1.202156	2.390586	0.895575	0.124090	-0.080254	0.539014	0.340505	0.092863	0.149550	1.263951	-0.587911	1.470117	0.981308	0.847859	0.206198	0.519437	-0.262812	1.119021	0.837929	0.992468	0.295144	0.243749	-0.062079	0.482417	0.460414	1.072160	0.571080	-0.845329	-0.084927	0.707827	1.144496	0.819325	-0.316364	0.665671	-0.745776	0.372084	0.228568	1.309049	0.983324	0.329207
-0.806914	-0.184378	0.074654	0.038976	-1.092223	-1.293361	-1.272692	-2.067549	-0.317363	-0.158288	-1.095573	-0.569453	-0.367065	-0.315779	0.359945	0.333108	0.366350	0.057847	0.588733	0.028846	-0.352368	0.046749	0.249393	0.264796	-1.549558	-0.354933	-0.290192	0.987947	0.799704	0.276628	-1.733978	0.454880	-0.143857	0.362370	-1.601605	-0.533047	-1.835405	-0.097654	-1.554956	-0.851568	0.546803	-0.603034	-0.858269	-0.433648	-0.233656	0.463944	0.890589	1.217064	0.701190	1.188014	-1.160372	-0.201658	1.738709	0.630279	0.080119	0.284160	0.697343	0.627690	0.473621	-0.178927	0.183293	0.497582	1.577920	1.696988	-0.314573	0.204814	0.405080	-0.004506	-1.194824	-1.058843	0.155956	1.683793	0.473766	0.156793	-0.438773	-0.570806	0.550143	0.366678	-0.441888	0.555653	-0.649254	0.664253	-0.294386	0.094695	0.242799	-0.056500	-0.045240	0.733699	1.003378	1.416239	0.486799	0.500658	0.574327	1.354925	0.460560	0.846960	-0.432824	-0.352748	-0.532859	0.557471	0.726334	-0.403858	0.545960	-0.334749	0.004631	-0.664623	-0.150313	0.533916	-0.233945	1.302946
-0.794203	0.116239	-0.461094	-0.284908	-0.648136	-0.461823	-0.625480	-1.582697	-0.526525	-0.027980	-0.854223	-1.359297	-0.710256	-0.543912	0.627549	-0.596382	0.200848	-1.105940	0.967498	0.216460	0.863704	1.105109	0.199286	0.171642	-1.773924	-0.350383	0.392589	2.079182	-0.088258	-0.648369	-1.789146	0.107236	-1.072345	-0.689256	-1.876462	-0.588906	-1.360929	-0.025244	-0.283746	-0.949884	1.795990	-0.283912	-0.509754	-0.585783	0.599650	1.442893	1.067457	1.481228	0.306895	0.566356	-1.787036	-1.055297	0.922873	1.187663	-0.048695	0.211143	0.427606	-0.453760	-0.138301	-0.854950	-0.463812	0.020503	1.316397	1.743197	0.347625	0.845441	0.236453	-0.061350	-2.486087	-2.253618	-0.398958	0.460827	0.088927	0.471539	-0.563935	-1.230559	1.481669	1.237337	-0.788579	0.099165	0.343571	-0.207207	-1.305318	-0.624600	0.523551	-0.330814	0.193946	0.123854	0.716559	1.319025	0.657394	0.229561	1.494710	2.015208	0.182816	0.298178	-0.929819	0.482418	-0.314544	0.510339	-0.514079	-1.420878	1.742904	-0.731817	0.865857	-1.174468	-0.330691	-0.946519	-1.252706	1.699726
-0.513112	0.332425	-0.801287	-0.361132	-0.057058	0.415876	0.393289	-0.750605	-0.665357	-0.250095	-0.479608	-1.425724	-0.896578	-0.562198	0.411037	-1.285839	-0.166907	-1.831242	0.656491	0.273998	1.561831	1.137734	-0.307726	0.168483	-0.996260	-0.591916	1.056567	1.534435	-0.980629	-1.664227	-1.086869	-0.318719	-1.632919	-1.624759	-1.283952	-0.100590	-0.130577	0.502479	1.229459	-0.778655	2.435033	0.083482	0.591653	-0.037864	1.390395	2.252496	1.369865	1.591539	-0.328716	-0.377607	-1.724783	-1.356965	-0.220790	0.364328	-0.179642	-0.253125	0.081153	-1.305941	-0.656790	-1.597903	-0.432761	-0.384114	0.290440	0.863055	0.866917	0.917655	0.301863	-0.629081	-2.348153	-1.837891	-0.454662	-0.696520	0.009260	0.784443	-0.849329	-0.997045	1.889357	1.582575	-0.507124	0.146297	1.181287	-0.902445	-1.546488	-1.219626	0.319650	-0.482928	-0.019755	-0.624736	0.043992	0.587771	0.276909	-0.485155	2.206166	2.103238	0.224055	0.214773	-0.100218	1.176801	0.142081	0.388879	-1.768654	-1.701540	2.019562	-0.171768	1.197383	-0.984724	-0.214709	-2.278152	-1.751700	0.618920
-0.164326	0.237241	-0.999777	-0.446251	0.461559	1.056006	1.219052	0.125541	-0.550206	-0.375028	-0.480756	-1.466867	-0.754272	-0.552758	-0.158478	-1.230219	-0.450880	-1.445092	-0.183444	0.228498	1.171866	0.370967	-1.110197	0.291283	0.061882	-0.993136	1.120873	0.134976	-1.221139	-2.181201	0.077027	-0.985500	-1.505290	-1.763877	-0.531066	0.210512	0.487065	0.443081	1.398442	-1.075719	1.970405	0.312616	1.507015	0.701194	1.540226	2.092778	1.741420	1.650727	-0.656493	-0.884163	-1.295226	-1.150471	-0.853108	-1.018571	-0.064225	-0.585745	-0.220675	-1.528980	-0.470561	-1.507100	-0.182519	-0.787254	-1.001046	-0.567815	1.089791	0.270185	0.575965	-1.170947	-1.129846	-0.370233	-0.232041	-1.155668	0.083887	0.750044	-1.084300	-0.314164	1.109249	0.981641	0.303752	0.503141	0.986205	-1.225323	-1.246831	-1.432213	-0.286458	-0.744675	-0.439470	-1.194243	-0.479303	-0.245357	-0.438433	-0.941923	2.356527	1.788647	0.864339	0.881900	1.260199	1.329858	0.232959	0.052077	-1.926888	-1.340624	1.091182	0.647693	0.952041	-0.516839	0.153683	-2.585504	-1.724724	-1.105475
0.164459	0.172160	-1.021266	-0.610208	0.876551	1.637064	1.424470	1.081870	0.050605	0.185353	-0.507119	-1.655012	-0.524466	-0.740602	-0.643702	-0.645941	-0.565257	-0.549956	-0.646519	0.252847	0.013006	-0.244121	-1.397804	0.383872	0.471964	-0.961977	0.268504	-0.691769	-0.501432	-1.781525	0.845964	-1.350919	-1.151597	-1.350238	-0.325178	-0.158068	0.126060	-0.520781	0.536908	-1.464350	0.582516	0.487713	1.338438	1.000836	1.007113	0.979188	1.817286	1.585759	-0.601881	-0.860835	-0.993258	-0.854905	-0.999045	-1.405016	0.371054	-0.191432	-0.414047	-1.145268	0.124675	-0.514213	-0.447989	-1.132690	-1.604661	-1.471780	1.170641	-0.297120	0.726222	-0.682101	-0.280842	0.544266	0.022115	-0.954052	-0.009530	0.194883	-0.885439	-0.117858	-0.262581	0.098463	1.108636	0.602866	0.266679	-1.093369	-1.099607	-1.222103	-0.751279	-1.177685	-0.604082	-1.357060	-0.578086	-0.707859	-0.963327	-0.883120	1.898452	1.317993	1.509168	1.591557	1.607340	1.073675	-0.018819	-0.345257	-1.008912	-0.917101	-0.080657	0.808140	0.728382	-0.105263	0.504695	-1.958102	-1.333511	-1.581672
0.329957	0.540354	-0.965284	-0.860114	1.207697	2.164582	1.111493	2.093948	0.791046	1.164900	-0.230265	-1.524994	-0.648946	-1.207061	-0.705128	-0.360851	-0.809328	-0.270357	-0.224294	0.167217	-0.941413	-0.320233	-0.584965	0.371147	-0.097404	-0.288987	-1.153500	-0.577440	0.598255	-0.789968	0.463825	-1.035662	-1.255018	-1.202290	-0.649045	-0.896253	-0.401622	-1.572978	-0.028611	-1.200864	-0.841724	0.714593	0.097798	0.659676	0.105479	-0.399304	1.151890	1.105717	-0.519140	-0.772498	-0.879511	-0.726470	-1.274053	-0.485935	0.751599	0.721235	-0.602591	-0.666863	0.244826	0.420498	-1.270536	-1.282987	-1.325549	-1.352962	1.150919	-0.176262	0.464651	0.830252	-0.653486	0.140978	0.041648	-0.709239	-0.401819	-0.790090	-0.511940	-0.687370	-1.134060	-0.317790	1.284394	0.048178	0.059197	-0.655346	-1.436333	-0.961526	-0.876516	-1.614323	-0.542094	-1.213947	-0.562783	-0.873287	-1.193072	-0.780720	0.995527	0.673145	1.257027	1.365218	0.503603	0.779795	-0.188867	-0.507675	-0.149977	-0.824578	-0.654421	0.203449	0.968413	0.216320	0.493225	-1.229969	-0.803459	-0.154968
0.086006	1.031486	-0.923238	-1.082804	1.278862	2.079483	0.618350	2.594059	0.793695	1.368881	0.016506	-0.839198	-1.135149	-1.701298	-0.333579	-0.835136	-1.268997	-0.784365	0.542391	-0.317230	-1.072671	-0.286428	0.751799	0.212207	-1.067456	0.290164	-2.160129	-0.208706	0.890809	0.047411	-0.808199	-0.598114	-1.711047	-1.551857	-0.786903	-1.119692	-0.205041	-1.679228	0.037019	-0.354258	-1.386669	0.741157	-1.264622	-0.050533	-0.787066	-1.334917	-0.220078	0.121389	-0.666904	-0.943709	-0.559776	-0.567729	-1.841073	0.495706	0.541551	1.116549	-0.826774	-0.573553	-0.405034	0.453098	-1.737196	-1.053497	-0.805123	-0.707058	0.747075	0.139554	-0.050522	1.967865	-1.447636	-0.773914	-0.308784	-0.745025	-0.934570	-1.870907	-0.486520	-1.275066	-1.066455	-0.335056	0.629312	-0.852286	0.500955	-0.196425	-1.806443	-0.957956	-0.802298	-1.659306	-0.448245	-0.968748	-0.729763	-0.945269	-1.235135	-0.877761	-0.103796	-0.147644	0.040034	0.135768	-0.894344	0.464330	-0.259818	-0.415748	-0.097295	-0.863411	-0.764903	-0.488148	1.313791	0.367753	0.067768	-0.868178	-0.328465	1.666205
-0.591871	0.774427	-0.724772	-0.958197	0.804305	0.837414	0.051511	1.825607	-0.262838	-0.009744	-0.153794	-0.118781	-1.401514	-1.736336	0.216931	-1.498660	-1.375209	-1.092903	0.794159	-0.937388	-0.693142	-0.432891	1.323460	-0.257390	-1.450970	-0.097422	-1.909001	-0.090199	-0.234420	0.300817	-1.742635	-0.900516	-1.634217	-1.684481	-0.158702	-0.308221	0.704562	-0.739404	-0.110091	0.257468	-0.887898	0.168546	-1.753274	-0.734402	-1.343959	-1.572571	-1.604440	-0.950310	-0.894229	-1.174713	0.141028	-0.108294	-2.165621	0.430303	-0.314854	0.241052	-0.887573	-0.787512	-1.067874	-0.136049	-0.965409	-0.323393	-0.481055	-0.205216	-0.246141	-0.299741	-0.241383	1.448651	-1.277117	-1.056661	-0.787323	-0.709332	-1.287901	-2.564562	-0.599109	-1.110271	-0.580877	-0.546542	-0.384788	-1.317034	0.756410	0.056797	-1.502637	-0.950018	-0.483678	-0.930444	-0.039988	-0.596549	-0.791182	-0.769005	-0.811466	-0.588610	-1.099881	-0.795213	-1.144229	-1.104239	-1.313332	-0.166372	-0.706453	-0.388833	-0.289777	-0.569121	-0.878670	-0.756144	0.996682	0.054857	-0.360056	-0.521563	0.048638	1.941242
-1.316194	-0.566375	-0.215979	-0.359762	-0.181651	-1.193781	-0.609114	-0.084504	-1.463785	-2.170429	-0.469851	-0.087250	-0.952197	-1.077772	0.612134	-1.353224	-0.579461	-0.383180	0.444342	-0.965187	-0.474214	-0.365491	0.637730	-1.038888	-0.798623	-1.194046	-0.525098	-0.017606	-1.952192	0.075996	-1.403379	-1.873971	-0.533697	-0.923250	0.938858	1.004109	1.493745	0.297100	-0.917440	0.110655	0.003875	-0.815030	-1.241240	-1.152291	-1.416757	-1.363173	-2.256879	-1.535234	-0.942039	-1.133382	0.733588	0.425878	-1.826244	-0.293105	-1.250711	-1.399582	-0.645346	-0.850890	-0.913897	-0.380445	0.687199	0.694251	-0.120240	0.030241	-1.465809	-1.558332	0.239964	-0.304277	0.013552	-0.557752	-0.937207	-0.307640	-1.110262	-2.427811	-0.199175	-0.463693	-0.508002	-1.215852	-1.029375	-1.033903	0.253030	-0.007803	-0.434891	-0.439833	0.229220	0.400472	1.018504	0.071113	-0.319427	-0.176834	0.396722	0.581439	-1.716885	-0.914258	-1.388137	-1.501125	-0.865443	-1.046441	-1.680143	-0.627350	0.197570	0.158593	-0.986764	-0.820221	-0.192631	-0.875147	-0.354868	0.220092	0.388112	0.496455
-1.648802	-2.124753	0.319349	0.230601	-1.151629	-2.751885	-1.132611	-1.758795	-1.590977	-3.240698	-0.377954	-0.720454	-0.023168	-0.145573	0.635931	-0.175654	0.638358	0.822122	0.142519	-0.152159	-0.541894	0.274060	-0.382091	-1.569735	0.331051	-1.692322	0.973130	0.219806	-2.656016	-0.310078	-0.204139	-2.427050	0.949809	0.383881	1.639669	1.695400	1.412147	0.496387	-1.639793	-0.420955	0.492256	-1.246720	-0.500697	-1.229984	-1.187304	-1.172834	-2.118258	-1.523950	-0.883314	-0.907832	0.608351	0.431998	-1.084306	-0.446121	-1.689844	-2.458128	-0.353381	-0.557100	-0.212485	0.104582	1.768700	1.393987	0.447357	0.191120	-2.125955	-2.540010	0.944718	-1.532573	1.206398	0.091780	-0.679323	0.010867	-0.249340	-1.371736	0.556911	-0.267021	-1.139159	-1.985109	-1.089924	-0.643308	-0.519216	-0.354873	0.716033	0.495431	1.012756	1.434348	2.180192	0.961611	0.448273	0.439552	1.836475	1.909149	-1.873270	-0.752579	-1.004715	-1.363382	-0.657200	-1.560253	-2.486220	-0.873138	1.199544	0.903680	-0.783068	-1.118538	-1.565241	-2.015325	-0.081763	1.054152	0.631114	-0.998451
-1.553623	-2.596742	0.435717	0.209875	-1.535160	-2.825349	-1.188011	-1.823058	-0.578641	-2.172774	0.115551	-1.172029	0.700520	0.293519	0.378313	1.170263	1.108998	1.307854	0.285504	0.778700	-0.432314	1.049770	-0.550513	-1.106735	0.920838	-0.777112	1.578728	0.263913	-1.618466	-0.550469	0.581624	-1.716918	1.801615	1.228501	1.505231	1.254603	0.524334	-0.027708	-1.422594	-0.561419	0.332388	-0.383963	-0.329227	-0.975929	-0.977839	-1.175407	-1.685997	-1.273141	-0.926325	-0.798290	-0.097998	-0.290295	-0.438694	0.345191	-1.581640	-2.126092	-0.379324	-0.188578	0.012452	0.733437	1.318177	1.280058	0.757432	0.266030	-1.722796	-2.148530	1.048187	-1.082687	1.329324	0.486302	-0.511348	-0.357806	0.910941	0.061381	0.794546	-0.778663	-1.941127	-2.236128	-0.984874	-0.908286	-0.703809	-0.697431	1.218938	1.103402	1.167754	1.325373	2.327473	1.645594	0.805709	0.476700	2.297874	2.074199	-1.660897	-0.908593	-0.978858	-1.516744	-1.131110	-1.269096	-2.207699	-0.744574	1.589045	1.177922	-0.212854	-1.529209	-2.193405	-2.518021	-0.142703	1.320302	0.569565	-0.889455
-1.281696	-1.617422	0.159810	-0.252548	-1.259924	-1.688337	-0.854941	-0.492285	0.494707	0.100299	0.435226	-0.792585	0.870882	-0.065470	0.187910	1.687867	0.506905	0.736072	0.589110	0.930216	0.164740	1.217804	0.198922	0.275494	0.511256	0.849018	1.086112	-0.300115	0.209933	-0.369888	0.293973	-0.182559	1.752431	1.128178	0.896796	0.243284	-0.464827	-0.390730	-0.511997	-0.043840	-0.071922	1.195503	-0.688630	-0.487628	-0.774151	-1.007720	-1.239261	-0.999290	-0.849208	-0.643530	-0.620558	-1.178113	-0.011076	1.088670	-1.171276	-0.844297	-0.661195	-0.106930	-0.501944	0.873880	0.006271	0.551457	0.333865	0.091941	-0.542665	-0.509242	0.336306	0.402739	0.715420	0.670881	-0.830528	-1.142058	1.583169	0.911992	0.406933	-1.234073	-2.106723	-1.568307	-0.970232	-1.541351	-0.258655	-0.624987	0.957598	0.816960	0.516631	0.255929	1.207027	1.711585	0.569043	0.033098	1.369475	0.934793	-1.083662	-1.350639	-1.353689	-1.841754	-1.435261	-0.480583	-0.810109	-0.324228	0.815683	0.858712	0.468835	-1.438213	-1.734290	-1.803094	-0.681341	0.923161	0.153168	0.832566
-0.920970	-0.091138	-0.055643	-0.357348	-0.703095	-0.575366	-0.606881	0.619640	0.812961	1.567405	0.248295	0.028095	0.682490	-0.706302	0.295691	1.265542	-0.114373	-0.009300	0.729904	0.327875	0.918975	0.722400	0.977485	1.451082	-0.406122	1.799588	0.048942	-1.191643	1.244222	0.223081	-0.461649	0.941419	1.245641	0.570637	0.350887	-0.471861	-0.963645	-0.132261	0.150075	0.639103	-0.193921	2.004912	-0.843295	0.013799	-0.198521	-0.276923	-0.633655	-0.575147	-0.161360	0.071894	-0.574963	-1.509029	0.299950	0.704051	-0.548480	0.372110	-0.773774	-0.280503	-0.782909	0.660923	-0.701940	-0.063721	-0.469390	-0.269101	0.542402	1.118068	-0.547930	1.380464	0.200536	0.620254	-1.238783	-1.416170	1.382792	0.634945	0.315584	-1.018356	-1.432027	-0.155409	-0.636009	-1.437259	0.043181	-0.059953	0.374731	-0.017318	-0.233570	-0.701823	-0.093831	1.223233	0.314873	-0.068196	0.118087	-0.114224	-0.083721	-1.272193	-0.981948	-1.281239	-0.686344	0.199115	0.640562	-0.149449	-0.309634	0.191738	0.907967	-0.582534	-0.604995	-0.224809	-1.080972	0.469624	-0.312827	2.589629
-0.357812	0.855895	0.017811	0.202850	-0.221949	-0.353581	-0.688233	0.373184	0.613325	1.106231	-0.113490	0.341395	0.414517	-0.822645	0.553007	0.592459	0.268198	-0.086546	0.860099	-0.168327	1.170343	0.198441	1.165070	1.384505	-0.997478	1.485040	-0.892124	-1.647870	0.920223	0.644653	-0.678006	0.963630	0.668666	0.328341	-0.011634	-0.554032	-0.910352	0.337957	0.154687	0.857379	0.058833	1.296902	-0.326181	0.286642	0.842754	0.727598	0.092660	-0.033722	1.032329	1.279037	-0.356515	-1.123433	0.401393	-0.573751	0.231538	0.973159	-0.534044	-0.327751	-0.014271	0.587358	-0.294368	-0.105844	-0.758196	-0.480617	0.768857	1.560688	-0.806463	1.162139	-0.048727	0.150405	-0.924380	-0.800677	0.817456	-0.277156	0.836959	-0.552243	-0.483327	1.218881	0.390699	-0.165400	-0.249656	0.518557	0.018791	-0.445333	-0.318021	-0.712373	-0.395613	0.705288	0.509066	0.652634	-0.132622	0.113703	1.010824	-0.255696	0.720611	0.469799	0.622216	0.551968	1.035899	-0.569447	-0.610654	-0.436297	0.752203	0.454151	0.400452	1.097542	-0.817217	0.473145	-0.454540	2.680021
0.371572	0.968800	0.160556	0.815001	0.117657	-0.736510	-0.756944	-0.692940	0.468547	-0.565057	-0.213827	-0.177520	0.140115	-0.125018	0.665959	0.280755	1.275661	0.323228	1.148139	0.012593	0.624835	0.070171	0.933439	0.343542	-0.944931	0.379251	-1.500991	-1.323947	0.029655	0.174247	-0.125053	0.309661	0.158933	0.672206	-0.315475	-0.167659	-0.567969	0.518995	-0.116435	0.499902	0.393056	-0.129792	0.546152	0.292960	1.768784	1.244098	0.460789	0.198850	1.902579	2.102137	-0.368755	-0.384065	0.223694	-1.416237	0.840899	1.096594	-0.185426	0.025209	1.252779	0.701679	0.428587	0.214583	-0.171442	-0.261050	0.068584	0.749003	-0.167587	0.416694	-0.338438	-0.576798	0.267963	0.167122	0.631767	-0.796599	0.931352	-0.498119	0.202029	1.754297	1.580318	1.365064	-0.667549	0.522945	0.179815	0.110082	0.196051	0.115661	0.302024	0.602099	0.913581	1.655836	0.656508	1.134200	1.441315	0.933327	2.541771	2.125810	1.073977	0.678933	0.413412	-1.277026	0.113442	-0.680961	-0.097399	0.810522	0.642172	1.317599	-0.216957	0.792511	-0.242071	0.814872
1.055067	0.832633	0.122711	0.823705	0.470427	-0.815969	-0.278445	-1.222185	0.456286	-1.771336	-0.186139	-0.897866	-0.109716	0.904130	0.547870	0.356889	1.765001	0.634502	1.239652	0.533187	-0.260339	0.087330	0.674275	-0.388363	-0.602716	-0.782663	-1.777836	-0.652793	-0.443999	-1.043823	0.544597	-0.141875	-0.090631	1.279473	-0.547707	0.387784	-0.225802	0.429480	-0.269512	-0.090203	0.644335	-0.988197	1.215001	0.264466	1.892856	1.005106	0.187910	-0.133153	1.968808	1.979919	-0.363432	0.297513	0.141880	-0.913396	1.008948	1.110457	0.099600	0.630854	1.909022	0.709229	0.620470	0.431410	0.665675	0.282838	-0.879760	-0.406041	0.950432	0.083600	-0.565740	-0.990499	1.491500	0.843831	0.838143	-0.502701	-0.149937	-0.586295	0.709711	1.428798	1.945112	1.988740	-0.578256	-0.098693	0.665364	1.197562	0.621367	1.068228	1.015630	0.784994	1.059972	2.013441	1.362892	1.572523	0.815113	1.193342	2.787939	2.290088	0.137874	0.622933	-0.142448	-1.563748	1.076042	-0.438544	-1.089819	0.335811	0.146499	0.711975	0.020442	0.999489	0.049484	-1.620410
1.646491	0.993618	-0.119352	0.309677	1.006429	-0.135300	0.806309	-0.689111	0.429986	-1.512139	-0.503927	-1.073068	-0.212156	1.484478	0.262654	0.527303	1.431543	0.908895	0.690289	0.733618	-0.598822	-0.188914	0.465366	0.008172	-0.448110	-1.498949	-1.561814	-0.252377	-0.342955	-1.824645	0.661271	0.029276	0.056715	1.640087	-0.629772	0.725669	-0.167837	0.178907	-0.398663	-0.640019	0.935794	-0.976518	1.488234	0.398982	1.198087	0.512256	-0.319936	-0.669858	1.798239	1.527732	0.076520	0.662737	0.611927	0.482299	1.056191	1.245535	0.495731	1.070068	1.796418	0.616590	0.286369	0.322393	0.807019	0.628152	-1.196621	-0.973732	1.627688	0.305116	-0.321552	-0.806671	1.728847	1.039494	0.784750	0.099695	-1.374329	-0.005659	1.217606	0.943567	1.252055	1.516876	-0.124125	-0.832383	0.845097	1.666590	0.500331	1.478452	0.836745	0.701330	0.854392	1.422323	1.121666	0.943433	-0.270261	0.405704	1.433869	1.221027	-1.092035	0.482420	0.166553	-1.013244	1.522240	0.006205	-1.249787	-0.265790	-0.277684	0.285236	-0.222473	0.984799	0.239236	-2.868219
2.217031	1.300037	-0.570840	-0.305990	1.645372	0.857357	1.849836	0.145285	0.554209	-0.253036	-1.209261	-0.670431	-0.074606	1.260464	-0.201733	0.573850	1.016846	1.604208	-0.265109	0.427723	0.065862	-0.733135	0.226310	1.002672	-0.638065	-1.460069	-0.654967	-0.165815	-0.075919	-1.208081	0.221944	0.549098	0.318112	1.478197	-0.684492	0.434470	-0.645479	-0.473948	-0.794169	-1.174007	1.225270	-0.830908	1.304877	0.480906	0.237953	0.191602	-0.462784	-0.881610	2.133095	1.713474	0.737674	0.575655	1.411436	1.563178	1.512201	1.479358	1.031068	1.027529	1.580291	0.675024	-0.235536	-0.117755	-0.054699	0.238872	-0.582816	-0.806475	1.060040	0.593097	0.227194	-0.443365	0.780505	0.724379	0.099143	0.434397	-1.134107	1.203186	1.288648	0.760522	0.242868	0.560221	-0.013967	-1.203498	0.216936	0.777285	-0.071043	1.028525	-0.370208	0.020246	0.441512	0.347075	0.150000	0.013411	-0.816489	-0.548952	0.090553	0.362982	-1.272581	0.571445	0.891270	0.061914	1.321158	0.204895	-0.235096	-0.360962	0.175323	0.518763	-0.469084	0.906369	0.404568	-2.406997
2.452430	1.098417	-1.270994	-0.937437	1.909907	1.296870	1.952298	0.246616	0.949372	0.713242	-1.769242	-0.262489	0.254164	0.587947	-0.801147	0.370182	1.006402	2.432250	-0.897593	-0.128750	1.155287	-1.045145	0.016067	1.402270	-1.082420	-0.697355	0.612292	0.161179	0.167205	0.292275	-0.266393	0.812402	0.206322	0.917349	-0.952478	-0.526270	-1.608361	-1.619682	-1.470750	-1.743764	1.071409	-1.131961	0.374861	0.013234	-0.577293	-0.212862	-0.176748	-0.701165	2.654312	2.419977	0.942313	0.102124	1.753989	1.576946	2.127566	1.492637	1.168570	0.493515	1.401630	0.724808	-0.940418	-0.860957	-1.309898	-0.839091	0.370683	-0.472863	-0.572719	0.605507	0.276764	-0.452411	-0.624951	-0.147230	-0.848986	0.574964	0.476972	1.924403	0.356377	0.543217	-0.369505	-0.389821	-0.541925	-1.221433	-0.926811	-0.933393	-0.794200	-0.161400	-1.888150	-0.975787	-0.166299	-0.609235	-0.773691	-0.435058	-0.535229	-0.874554	-0.101696	0.385506	-0.468333	0.952159	0.962511	0.886760	0.645968	0.011962	0.998040	-0.154142	1.196511	0.828957	-0.458872	0.696649	0.608496	-1.225770
1.696293	0.046315	-1.920693	-1.607740	1.273237	0.789379	0.772990	-0.552181	1.111525	0.614912	-1.728094	-0.300565	0.602826	0.089773	-1.167487	-0.185033	0.868611	2.246850	-0.915590	-0.722357	1.498340	-0.753479	-0.068847	0.701808	-1.590904	0.193388	1.328920	1.099939	0.506827	1.177730	-0.397981	0.384696	-0.354718	0.283515	-1.437603	-1.618083	-2.473905	-2.581337	-2.016452	-2.108070	0.199004	-1.542562	-1.328487	-1.121002	-1.218631	-1.038206	0.137595	-0.394577	2.236333	2.443799	0.457202	-0.411921	1.242935	0.653663	1.890483	0.888405	0.424869	-0.249199	0.651020	0.207590	-1.794079	-1.712575	-1.976929	-1.805607	0.772137	-0.473471	-2.043117	0.371712	-0.575231	-0.760121	-1.522944	-1.227051	-1.511007	0.835391	1.588333	1.312505	-1.194795	-0.218417	-0.613641	-1.185857	-1.150205	-1.114925	-1.625103	-2.042830	-1.449399	-1.485865	-2.569558	-1.671225	-0.982047	-1.167976	-1.205111	-0.550260	-0.001742	-0.513473	0.264535	0.495656	0.138210	1.029905	0.120716	0.970680	-0.406939	-0.319408	1.061323	-0.227120	1.484143	0.465676	-0.433746	0.023404	0.657324	-0.590466
-0.113686	-1.299814	-1.774370	-1.845423	-0.162407	-0.128144	-1.021476	-1.488403	0.402619	-0.080258	-1.148989	-0.615165	0.719410	-0.027832	-0.869735	-0.962873	-0.108783	0.432303	-0.761056	-1.231988	0.581389	-0.142906	-0.135190	-0.448093	-1.773905	0.477441	0.893021	2.106039	0.872063	0.699199	-0.229634	-0.605309	-0.908150	-0.254515	-1.767203	-2.122554	-2.384149	-2.357238	-1.812122	-1.787256	-0.916249	-1.355510	-2.939293	-2.288518	-1.633882	-1.867716	0.203590	-0.035689	0.444421	1.016544	-0.139244	-0.524116	0.310822	-0.619956	0.385505	-0.256067	-0.637907	-0.683071	-0.750271	-0.937605	-2.162545	-2.156771	-1.477237	-1.709147	0.367613	-0.626058	-2.256554	0.002541	-1.663787	-0.788142	-1.444920	-1.672856	-1.825670	1.005922	0.765728	-0.157298	-2.148835	-1.341784	-0.842672	-1.603327	-1.014865	-0.786803	-1.186049	-1.629748	-1.791035	-2.087412	-1.800985	-1.691898	-1.749057	-1.312321	-1.262598	-0.952704	0.204446	0.147834	-0.051072	-0.218434	0.009107	0.198018	-0.686674	0.562759	-1.588057	-0.499986	-0.271587	-0.510742	0.350115	-0.349942	-0.491515	-1.116411	0.332243	-0.762264
-1.868925	-1.842325	-0.331445	-0.984661	-1.519547	-0.471115	-2.220652	-1.753500	-0.881865	-0.304982	-0.340307	-0.617243	0.383282	-0.092014	-0.063505	-1.430031	-1.661507	-2.005631	-0.906677	-1.370469	-0.730824	0.076946	-0.403030	-1.039879	-1.147918	0.069827	-0.152900	2.034816	0.868671	-0.309667	-0.135425	-1.468914	-0.964499	-0.753868	-1.487736	-1.710951	-0.944552	-0.731223	-0.580710	-0.509665	-1.430989	-0.465303	-3.272238	-2.644716	-1.569475	-1.848831	0.073002	0.484832	-1.689326	-1.095035	-0.128758	-0.039653	-0.356860	-1.608615	-1.316631	-1.164137	-0.673050	-0.268022	-1.679246	-1.812235	-1.278775	-1.646756	-0.030563	-0.352989	-0.242497	-0.347511	-1.310257	-0.376905	-1.923042	-0.252098	-0.647262	-0.920090	-1.996475	0.536496	-1.370892	-1.262649	-1.866432	-2.072948	-1.064562	-1.321784	0.065157	0.150897	0.115458	-0.166100	-1.507010	-1.446453	-0.329880	-1.161587	-2.052207	-1.109062	-1.235167	-1.736592	0.081562	0.728759	-1.199343	-1.437120	-0.021712	-1.143095	-0.447683	0.317486	-2.203251	-0.453369	-1.708987	-0.244809	-1.204031	-0.638001	-0.170807	-2.036271	-0.196575	-1.009568
-2.203624	-1.021629	1.837106	0.806022	-1.923761	0.143786	-2.125781	-1.222794	-1.563240	0.348970	0.488414	-0.010980	-0.354456	-0.413049	0.448608	-0.977084	-2.672705	-3.221187	-1.265616	-0.860363	-1.004749	-0.385891	-0.863110	-0.757084	0.275188	-0.392719	-0.576459	0.437949	0.267512	-0.492878	-0.393875	-1.577559	-0.456912	-1.204602	-0.549518	-0.630229	1.194188	1.307102	1.112336	1.314260	-1.064915	0.531010	-2.146708	-2.008075	-0.979428	-0.828943	-0.112777	1.000872	-2.632332	-2.317248	0.496234	0.794235	-0.449185	-1.745844	-1.682603	-1.029141	0.823738	1.028343	-1.003073	-1.390360	0.702693	-0.142991	1.505933	1.390568	-0.342234	0.518025	-0.108448	-0.491154	-1.045341	0.432002	0.193034	0.559137	-1.746736	-0.509582	-2.886176	-1.351933	-1.029936	-1.969290	-0.995796	-0.453059	1.421022	1.668130	1.312233	1.052275	-0.547713	0.130449	0.305083	-0.476899	-1.707885	-0.714508	-1.211746	-2.259991	-0.092163	0.926902	-2.084344	-2.001585	0.914274	-1.767646	0.686485	0.570772	-1.626239	-0.250661	-1.863421	0.867455	-1.582212	0.009962	0.844029	-1.939178	-0.476311	-0.678861
-1.004321	0.513836	3.312558	2.319800	-1.371883	1.027566	-1.153634	-0.334234	-0.910415	1.238691	1.176636	0.786722	-1.053364	-0.811844	0.080694	0.417900	-2.386976	-2.374452	-1.473830	0.053209	0.139420	-1.003878	-1.188760	-0.173774	1.687548	-0.334305	0.151446	-1.627141	-0.560671	0.412354	-0.881485	-1.052925	0.261897	-1.381725	0.526644	0.505914	2.693887	2.377669	2.158175	2.666431	-0.358920	1.092039	-0.662677	-0.978040	-0.302322	0.281045	-0.248044	1.036469	-1.930736	-1.978179	1.043181	1.432781	-0.006904	-0.807602	-0.506536	0.041115	2.567106	2.373748	0.862931	0.260835	2.516816	1.675975	2.182053	2.238644	0.157971	1.426484	0.731469	-0.123952	0.234353	0.596172	0.508672	1.580857	-0.379474	-1.173140	-2.454968	-0.789217	-0.637223	-1.344951	-0.556630	0.307441	2.139481	2.911608	1.598651	1.205394	0.610175	1.654720	-0.452111	0.077571	-0.891465	-0.352047	-1.057041	-1.856958	-0.212846	0.529106	-1.736516	-1.342693	2.208232	-1.022505	1.604267	1.026599	-0.232017	-0.060729	-0.748840	1.902635	-0.550614	0.821221	1.846718	-0.860534	-0.399100	0.047012
0.422619	1.469240	3.165228	2.542629	-0.637698	1.177692	-0.328331	0.464685	0.514957	1.552825	1.599949	1.163896	-1.169950	-0.810644	-0.784362	1.897094	-1.189413	-0.443661	-1.416167	0.632399	1.462559	-1.076194	-1.091762	-0.076831	2.215846	0.173897	1.222336	-2.492155	-0.853651	1.308779	-1.125150	-0.586073	0.731472	-1.137539	1.083113	1.109726	2.759238	1.974576	2.021067	2.744150	-0.010008	1.210622	0.020230	-0.188342	-0.039522	0.508487	-0.183014	0.404626	-0.588812	-0.953213	0.942305	1.474749	0.790913	0.691436	0.832224	1.009049	2.771226	2.650807	2.151044	1.858291	2.830674	2.765713	1.562838	1.569222	0.827392	1.801791	1.181183	0.488584	0.930141	0.046562	0.197043	1.382941	2.005128	-0.617662	-0.389764	-0.251701	-0.678118	-0.784896	-0.019730	0.352144	1.901991	2.903858	0.933884	0.556523	1.302999	2.213947	-1.357491	0.457160	0.100722	-0.091799	-0.612431	-0.556110	-0.313878	-0.373159	-0.399363	-0.084507	2.289893	0.338659	1.556423	1.135454	0.658431	-0.107597	0.431562	1.598279	0.561479	0.887254	1.614397	0.252964	-0.419843	0.549977
0.835066	1.168655	1.925423	1.827247	-0.337000	0.438343	-0.184652	0.986699	1.575607	1.263671	1.886735	1.168374	-0.581604	-0.221480	-1.211225	2.262276	-0.102942	0.787666	-1.182445	0.400379	1.421567	-0.563490	-0.651101	-0.712951	1.903952	0.695383	1.437739	-1.595264	-0.188547	1.065572	-0.720237	-0.505693	0.683306	-0.715300	0.946416	0.998724	1.947095	0.900152	1.390356	1.770137	-0.183694	1.066666	-0.153089	0.305790	-0.162871	-0.045316	0.211553	-0.359810	0.095630	-0.527845	0.352911	1.048761	1.555880	1.671539	0.990090	0.971278	1.262895	1.624818	1.576641	2.084191	1.399811	2.391119	0.017887	-0.082799	1.328304	1.698720	1.298491	0.778702	0.704656	-0.715134	-0.416413	0.298727	3.758848	0.726814	1.864424	0.040462	-0.316007	-0.432163	0.282071	-0.136164	1.167568	1.672883	-0.045303	-0.089460	1.331812	1.685018	-0.842963	0.645415	1.045374	0.239209	0.073794	0.920189	-0.336888	-1.269317	0.828172	0.747831	0.639037	1.034450	0.929803	0.739642	0.172278	-0.384177	0.783494	-0.054208	0.672361	0.462441	-0.007338	0.527099	-0.875720	0.678065
0.343242	0.172020	0.914614	1.339262	-0.297755	-0.340852	-0.278330	1.266294	1.729565	0.981001	2.284599	1.429913	0.187476	0.546911	-0.833552	1.009070	0.244958	0.370407	-0.728059	-0.337921	-0.088867	0.003849	-0.167533	-1.613330	1.551795	1.036059	0.549890	0.029916	0.973943	-0.128667	0.232554	-0.339181	0.124217	-0.583071	0.513637	0.478393	1.436683	0.353649	1.344243	0.770723	-0.539713	0.627349	-0.352912	0.826814	-0.181613	-0.369675	0.824962	-0.425516	-0.216369	-0.985675	-0.145752	0.677445	1.672792	1.372734	0.103840	0.093138	-0.348894	0.256950	-0.367873	0.819308	-0.793089	0.684935	-1.545084	-1.554371	1.627650	1.540426	0.968714	0.475691	0.014061	-0.929620	-0.871126	-0.713795	3.031182	1.428254	2.879242	0.314378	0.823901	0.054263	0.221065	-0.405044	0.574129	0.344097	-0.655429	-0.306230	1.073066	0.692610	0.942573	0.496560	1.681651	0.723305	0.652422	1.725832	-0.188713	-1.549408	1.147943	0.772289	-1.323347	0.760519	0.571346	0.314818	-1.020562	-0.475735	0.538514	-1.512718	0.295438	0.606179	-1.548828	0.032014	-1.343017	0.867762
-0.040688	-0.397701	0.714303	1.443728	0.031982	-0.323977	0.143381	1.521545	1.174382	1.095549	2.606835	2.181605	0.380912	0.803142	-0.273814	-1.090217	-0.039398	-1.129244	0.006434	-0.939440	-1.670319	0.259683	0.140583	-2.031495	1.605445	1.364295	-0.607186	0.984379	1.627769	-0.936644	1.174290	0.534123	-0.740439	-0.928432	0.267806	0.042419	1.575335	0.643889	1.957437	0.522525	-0.767545	-0.058753	0.054035	1.537265	0.217746	0.208739	1.312630	0.423900	-0.934747	-1.605508	-0.285683	0.651858	0.721135	0.064505	-0.661514	-0.649143	-0.707522	-0.379828	-2.113846	-0.806400	-2.378196	-1.310113	-2.318211	-2.061181	1.656955	1.428165	0.198197	-0.054619	-0.419567	-0.201244	-0.846079	-1.038286	0.045619	0.599802	2.097403	0.752796	2.120798	0.872889	-0.107579	-0.045079	0.288574	-0.057622	-0.736996	-0.353760	0.878576	-0.129274	2.214641	-0.019955	1.615656	1.029218	0.694095	1.428330	0.053344	-1.057541	0.659356	0.371005	-1.708871	0.405840	0.645752	0.469941	-1.471430	-0.007763	0.353985	-1.204262	0.645881	1.556827	-1.406503	-0.449501	-1.108928	1.341030
0.180489	-0.047330	0.712657	1.310243	0.710487	0.377470	1.092431	2.003723	0.207556	1.396008	2.207408	2.836219	-0.249515	0.239439	-0.391021	-2.549306	-0.612332	-2.330574	0.624492	-1.233424	-2.070358	0.315215	0.095844	-1.605013	1.700463	1.822859	-1.151599	0.859691	1.237837	-0.374997	1.661688	2.010297	-1.550327	-1.400768	0.381951	0.013026	1.626656	1.042233	2.206118	0.945881	-0.926633	-0.444010	0.929294	2.315348	0.813297	1.263131	1.421178	1.451600	-1.458915	-1.713601	-0.326770	0.632631	-1.006149	-1.228725	-0.679350	-0.558858	-0.242843	-0.254025	-2.671726	-1.501952	-2.556590	-2.275039	-2.109623	-1.724946	1.135620	1.112264	-0.652341	-0.208580	-0.187813	1.189213	-0.328275	-0.792749	-2.723037	-1.041445	0.161347	1.249723	2.768969	1.662079	-0.455920	0.568173	-0.029842	0.326763	-0.622363	-0.658871	0.611274	-0.709445	1.682930	-0.538144	0.642636	0.714194	0.123248	0.193037	0.186053	-0.301514	-0.023489	0.054912	-0.240065	0.755483	0.568862	1.159756	-0.720183	0.743686	0.338202	0.795409	1.805267	2.184241	0.357494	-0.358534	-0.208049	1.597040
0.492835	0.645899	0.154874	0.296836	1.114584	0.926631	1.709016	2.602508	-0.984165	1.453515	0.842008	2.726594	-1.153514	-0.701955	-1.331007	-2.477561	-1.310259	-2.317263	0.359058	-1.582122	-1.437030	0.448032	-0.531726	-0.707149	1.396429	2.219956	-0.962827	0.302606	0.267981	1.049621	1.807784	3.212399	-1.866950	-1.438418	0.734364	0.388285	1.001661	0.881802	1.350440	1.484524	-1.222569	0.086819	1.720579	2.968650	1.189361	1.864013	1.206180	1.669811	-1.652390	-1.259850	-0.616410	0.052659	-2.537190	-1.693106	-0.463844	0.109621	-0.320996	-0.192772	-2.260547	-0.955361	-1.523712	-1.625747	-1.379687	-1.239518	-0.030977	0.555324	-1.116101	0.194975	0.541538	2.381134	0.312236	-0.457642	-3.118871	-1.902380	-1.396315	1.546865	2.632513	1.896622	-0.504935	0.830757	-0.740500	0.502967	-0.658565	-1.185527	-0.038006	-1.314560	-0.010985	-0.611873	-0.822711	-0.163557	-0.640941	-1.321908	0.138505	-0.005044	-0.417777	0.014728	1.534031	1.435895	0.018688	1.578078	0.201977	1.019324	0.147628	2.776441	2.465743	1.449098	2.159965	0.083777	0.476402	1.011881
0.242345	0.731051	-0.871514	-0.975974	0.700075	0.766520	1.275970	2.715426	-1.974784	1.076783	-0.731642	1.872000	-1.500265	-1.194037	-2.413500	-1.354343	-1.945199	-1.328542	-1.009152	-2.128068	-0.767491	0.774934	-1.647327	-0.115866	0.845938	2.163436	-0.488591	0.116091	-0.459691	1.843316	1.999772	3.234242	-1.479821	-0.866325	1.058708	0.851388	0.128470	0.373629	-0.042675	1.691657	-1.579514	1.299444	2.032302	3.258554	1.230554	1.648559	0.833351	0.818310	-1.553435	-0.533911	-1.106744	-1.063583	-2.938595	-1.378127	-0.721340	0.539681	-1.390430	-0.757437	-1.594979	-0.039451	-0.246976	-0.108661	-0.803679	-1.135123	-1.345313	0.073575	-1.064118	0.754985	1.128758	2.387566	0.502599	-0.384061	-1.560143	-1.236936	-1.286103	1.400287	2.049321	1.541250	-0.073133	0.651202	-1.742746	-0.156733	-0.892784	-1.482525	-0.941063	-1.933772	-1.205756	-0.357478	-1.913327	-1.017190	-1.081469	-2.274271	0.044199	-0.397198	-0.405522	0.190124	1.980485	1.470788	-0.510364	1.012874	0.127639	0.421006	-0.238588	3.047234	1.571374	-0.132542	2.696920	0.177435	0.261231	-0.266803
-0.470508	-0.110091	-1.681873	-1.434851	-0.272142	0.171438	0.132948	1.841932	-2.145716	0.360052	-1.413055	0.814137	-0.920820	-0.773687	-2.789067	-0.440895	-2.033204	-0.288516	-2.481205	-2.334029	-0.593893	1.218365	-2.479684	-0.237111	0.459055	1.455348	-0.127773	0.566450	-0.690195	1.097327	2.259892	1.923263	-0.658058	-0.063228	1.094038	0.963605	-0.232833	0.129692	-0.778778	1.382266	-1.645333	2.069777	1.770712	2.821996	1.106007	1.015459	0.322446	-0.458128	-1.124021	0.153319	-1.305844	-1.848011	-2.120315	-0.941325	-1.338752	0.224581	-2.541507	-1.632943	-1.135801	0.048606	0.270678	0.769133	-0.673406	-1.340060	-2.018586	-0.160807	-0.750887	0.959865	0.969513	0.874644	0.010152	-0.588525	-0.237297	0.102185	0.283959	0.684308	1.190798	1.005905	0.649164	0.418138	-2.445670	-1.238083	-1.109813	-1.255698	-1.506910	-2.130334	-1.060146	-0.401571	-2.013444	-1.329702	-1.004785	-2.098167	0.015531	-0.991853	-0.118251	0.436171	0.940808	0.581914	-0.457862	-0.325968	-0.844068	-0.628398	-0.354381	1.460472	-0.365019	-1.113451	2.084612	-0.464103	-0.525495	-1.374104
-0.998464	-1.307894	-1.802061	-0.939905	-0.981586	-0.256024	-0.676101	0.300202	-1.367719	-0.468921	-0.928884	0.056826	0.318450	0.333456	-2.111176	-0.461520	-1.157148	0.252774	-2.574609	-1.557145	-0.658063	1.594204	-2.147560	-0.702057	0.291993	0.341979	0.032541	1.383053	-0.700994	-0.576139	2.167244	0.089378	0.139316	0.543924	0.833736	0.583625	-0.072948	0.256165	-0.467772	0.631762	-1.267815	1.518911	1.064983	1.517004	0.919794	0.436328	-0.282817	-1.303924	-0.448231	0.477202	-0.695737	-1.358605	-0.938341	-0.839917	-1.646686	-0.635628	-2.733001	-2.101223	-1.036651	-1.021534	-0.167279	0.187937	-0.658313	-1.362362	-1.724685	-0.369551	-0.323760	0.673451	0.169360	-1.212994	-0.610842	-0.726537	-0.449377	0.703915	1.734427	-0.403105	0.097703	0.531450	1.222155	0.417569	-2.294338	-1.834950	-0.972711	-0.626339	-1.291047	-1.533975	-0.071385	-0.989124	-1.151205	-1.023071	-0.464943	-0.868355	-0.013424	-1.105314	0.234635	0.570182	-0.460476	-0.560865	-0.126946	-1.530700	-1.578514	-1.301975	0.086274	-0.633038	-1.930413	-0.954377	1.202815	-1.358245	-0.947042	-1.632824
-0.997354	-2.065000	-1.265649	-0.244294	-0.930086	-0.429537	-0.557602	-0.958902	-0.319556	-1.136581	-0.050090	-0.140139	1.696543	1.565168	-0.723104	-0.985260	0.366504	0.539166	-0.904023	0.049504	-0.641520	1.659114	-0.711193	-0.833568	0.120043	-0.626953	0.126690	2.065830	-0.557337	-1.705132	1.500808	-1.046571	0.803861	0.985225	0.622618	0.107705	-0.048527	0.312616	0.149409	-0.181477	-0.756282	-0.036913	0.329174	-0.040550	0.661437	-0.010227	-0.638478	-1.367737	0.118317	0.211454	0.662858	0.323272	-0.401822	-0.859152	-1.384437	-1.466480	-1.947928	-1.858876	-1.252602	-2.321556	-0.789159	-1.139478	-0.259865	-0.869840	-0.882005	-0.728076	0.487821	0.093687	-0.386110	-2.138925	-0.407809	-0.287681	-1.373160	0.188839	1.817565	-1.226325	-0.812132	0.029916	1.446785	0.589059	-1.427938	-1.596543	-0.228992	0.186686	-0.474181	-0.325781	0.905345	-1.474132	0.251075	-0.269173	0.491614	0.761048	-0.131234	-0.550636	0.528341	0.504162	-1.138826	-1.293234	-0.331234	-1.931766	-1.257487	-1.083411	0.724350	-1.737682	-2.402219	-0.541042	0.495658	-1.473153	-0.443151	-1.137576
-0.761763	-2.126503	-0.413021	0.116393	-0.371797	-0.827880	0.099457	-1.359818	0.182335	-1.424752	0.324741	0.204493	2.774440	2.486682	0.650659	-1.110659	1.531265	0.948223	1.283587	1.533937	-0.670911	1.137895	0.714785	-0.437889	-0.132838	-1.070834	0.386578	2.109380	0.010674	-1.488345	0.685551	-0.854853	1.555083	1.526163	0.771972	0.080060	-0.530920	0.031674	0.252682	-0.640367	-0.486433	-1.497050	0.179342	-0.741532	0.462632	-0.360146	-0.428088	-0.927439	0.256004	-0.489895	1.946958	1.922330	-0.708819	-0.495014	-0.955833	-1.870373	-1.027994	-1.268942	-1.454278	-2.614852	-0.726106	-1.804763	0.507245	-0.051604	-0.172002	-0.989381	1.819963	-0.582937	0.007761	-1.053510	0.862468	0.848124	-1.421534	-0.459830	0.908400	-1.139101	-0.888584	-0.421682	1.567390	0.789780	-0.655109	-1.049505	0.957676	1.131033	0.352728	0.869644	1.556921	-1.053279	1.686519	0.701741	1.708409	2.032421	-0.263259	0.223196	0.785190	0.398928	-0.949151	-1.620271	-1.191871	-1.590461	-0.152831	-0.109737	0.998604	-1.468884	-2.180006	-0.823258	-0.231074	-0.347550	0.714908	-0.453207
-0.742180	-1.839244	0.308306	0.228150	0.103179	-1.663668	0.490647	-1.292452	0.024591	-1.346483	0.036122	0.657529	3.243569	2.857061	1.445922	-0.566519	1.606346	1.246938	2.382440	2.085941	-0.967847	-0.116407	1.085536	0.035541	-0.392138	-1.169576	0.977329	1.224156	0.863720	-0.568200	0.316820	0.067018	2.357558	2.059926	1.076336	0.534437	-1.174729	-0.303420	-0.113741	-0.763345	-0.363277	-2.147939	0.830878	-0.177824	0.553340	-0.410390	0.010187	-0.517014	0.079720	-1.099547	2.238266	2.128352	-1.103973	0.261985	-0.771912	-1.850359	-0.644875	-0.903578	-1.183876	-1.716528	0.005926	-1.293109	1.129136	0.680850	0.042498	-0.850724	2.945948	-1.232469	0.852509	0.856252	2.190804	1.999909	-0.226029	-0.130759	0.238512	-0.251210	-0.127000	-0.437586	1.781078	0.968925	-0.539843	-0.857269	1.913767	2.095967	0.787802	1.518813	1.976584	0.149972	2.567268	1.516107	2.659290	2.541309	-0.265456	0.668624	1.005200	0.491540	-0.496974	-1.826097	-1.848706	-0.947105	0.838935	0.951712	0.862910	-0.640976	-1.848034	-1.578642	-1.149999	1.150764	1.728043	-0.019103
-0.952615	-1.531013	0.536437	0.235166	0.197710	-2.321502	0.217228	-1.497937	-0.245346	-1.136921	-0.433809	0.534979	2.907343	2.476728	1.627251	0.076464	0.908340	0.870887	2.010293	1.738852	-1.281218	-1.763584	0.479490	0.138211	-0.692437	-1.428418	1.749204	-0.355054	1.193691	-0.182813	0.329320	0.376480	2.681475	2.058980	0.958465	0.888357	-1.397122	-0.296003	-0.318683	-0.930227	0.080644	-2.093871	1.561440	0.668099	0.825107	0.026565	-0.081495	-0.417767	0.036361	-1.137434	1.428576	0.906612	-0.733834	0.743405	-0.710480	-1.588037	-0.639145	-0.916561	-0.341138	-0.595466	0.662345	-0.363579	1.309719	1.234869	-0.151979	-0.475622	2.729198	-1.636302	0.845825	1.475841	2.260092	2.172143	1.097986	1.080813	0.202416	0.452341	0.524726	0.023804	1.739773	1.011657	-0.648221	-0.955010	1.955874	2.633414	0.840485	1.507883	2.084348	1.127863	2.332556	1.722305	2.667593	2.273300	-0.106879	0.744797	1.005936	0.731949	-0.323290	-1.891594	-1.553994	-0.282464	1.085529	1.319551	0.724428	-0.250928	-1.426018	-1.840515	-1.983371	1.571379	1.865556	0.064278
-0.940940	-0.999953	0.299158	0.066872	0.077949	-1.914383	-0.454973	-2.012883	-0.121099	-0.894744	-0.653172	-0.425795	1.741897	1.249670	1.569627	0.257195	0.350434	-0.143679	1.107370	1.086268	-0.929435	-2.825738	-0.054198	0.075512	-1.070451	-1.873215	2.195547	-1.815266	0.510167	-0.627312	-0.032514	-0.643853	2.021855	1.210518	0.159640	0.536260	-0.990839	-0.024836	-0.043408	-1.198022	1.050823	-1.599580	1.257727	0.429523	0.741996	0.633989	-0.789781	-0.412981	0.356391	-0.546621	0.235627	-0.552174	0.417461	0.374337	-0.328704	-1.055058	-0.323833	-0.857700	0.692169	-0.005776	0.818122	0.137586	1.285208	1.761451	-0.364842	-0.225176	0.996741	-1.562520	-0.482090	0.186430	0.924431	1.114970	1.437083	1.961997	0.055495	0.112214	0.163437	0.287089	0.937393	0.691025	-0.060773	-0.650192	1.067486	2.208110	0.591211	0.999815	1.537510	1.150567	0.921052	1.184459	1.525130	1.337013	0.148610	0.864949	0.644492	0.801384	-0.291646	-1.550485	-0.584057	0.355332	0.620358	0.644543	0.722284	-0.384445	-0.655075	-1.123843	-2.223486	0.525785	0.970219	-0.046582
-0.266169	0.218395	0.068748	-0.178375	0.103165	-0.315871	-0.883197	-2.071052	0.464240	-0.334833	-0.588257	-1.628204	-0.000170	-0.522199	1.595327	0.183562	0.346895	-0.919279	0.718690	0.605314	0.490092	-2.309490	0.424524	0.553410	-1.290405	-1.709501	1.842010	-2.282877	-0.475978	-0.891350	-1.272127	-2.162876	0.525333	-0.107960	-0.917296	-0.524491	-0.263588	0.036101	0.393083	-1.089303	2.164223	-0.556744	-0.235152	-0.961448	-0.005125	0.738315	-1.224226	-0.120484	0.793117	0.386240	-0.650146	-1.137764	1.543174	-0.470495	0.601242	0.048364	0.697682	-0.127020	1.552431	0.489476	0.791627	0.289527	1.245424	2.049429	-0.098520	0.038827	-1.046200	-1.092090	-1.954791	-1.366603	-0.619870	-0.328855	0.920452	1.576078	-0.784803	-0.908413	-0.912918	-0.214342	-0.416704	-0.021898	1.369443	0.424683	-0.034721	0.815592	-0.033426	0.211990	0.215303	0.555463	-0.923946	0.280760	-0.206457	-0.107702	0.407193	1.201454	0.166609	0.544234	0.216210	-0.655092	0.305003	0.899064	-0.004372	-0.621388	0.530162	-0.204817	0.445580	0.197877	-1.582832	-0.759086	-0.351964	0.018508
1.008841	2.037282	0.250448	-0.171130	0.493636	1.585444	-0.543681	-1.158803	1.260238	0.760429	-0.369425	-2.160596	-1.706190	-2.036588	1.677041	0.482615	0.537195	-0.624219	1.023300	0.436336	2.423279	-0.276509	1.818627	1.879564	-1.068138	-0.279215	0.752508	-1.551181	-0.618052	-0.023288	-2.843234	-2.511689	-1.018556	-1.094556	-1.661073	-1.645826	0.212507	-0.330362	0.452440	-0.403249	2.816069	0.986020	-1.672764	-2.118909	-0.895995	0.109027	-0.744617	0.389229	1.054601	1.389494	-1.072962	-0.784601	1.930770	-0.685455	1.834078	1.762410	2.048044	1.288541	2.249480	1.633525	0.903004	0.608220	0.887940	1.510528	0.851532	0.786394	-2.046308	-0.625328	-2.025720	-1.283941	-1.210479	-1.096341	0.491916	0.346814	-1.809429	-1.283633	-1.484868	-0.924533	-1.344634	-0.727558	2.643272	1.676840	-0.553047	-0.774292	-0.897695	-0.529972	-1.372464	0.184942	-2.080495	-0.478565	-1.581266	-1.588668	0.461858	1.274088	0.024450	0.151769	1.401852	0.684045	0.960596	1.224543	-0.099826	-1.433838	0.039308	0.863749	1.557220	1.487242	-0.282128	-0.796372	-1.085000	0.658435
2.214677	3.445676	0.605229	0.068755	1.144135	2.657999	0.501749	0.146205	1.840787	1.818380	-0.040858	-1.781497	-2.537374	-2.422830	1.586381	1.209783	0.575464	0.562484	1.457753	0.544697	3.546575	1.860203	3.020348	3.265721	-0.569994	1.633873	-0.449020	-0.264604	0.128311	1.466225	-3.536982	-1.000023	-1.774175	-1.188574	-1.868324	-2.046234	0.021458	-0.731916	-0.137609	0.128465	2.699635	2.086374	-1.733447	-1.925710	-1.014024	-0.615671	-0.010510	0.550506	1.250329	2.286998	-1.054950	-0.135588	1.666996	0.310372	2.749062	3.273350	2.836953	2.521398	2.778580	2.929169	0.820171	0.986640	-0.001051	0.117619	1.959038	1.759638	-1.777001	-0.452723	-0.646516	0.293045	-0.861811	-0.934162	0.620100	-0.440421	-2.066988	-0.240451	-0.886947	-0.657215	-1.146294	-0.896364	2.682814	2.046323	-0.284499	-1.573269	-1.347058	-0.755896	-2.325885	0.272206	-1.936934	-0.986223	-1.980067	-2.298695	0.055449	0.555403	0.236957	-0.184868	2.458748	2.074234	1.761863	1.362159	0.648239	-0.970490	-0.255363	2.123479	2.317616	2.301782	0.924415	0.479038	-0.611718	1.745998
2.515747	3.267836	0.469679	0.003971	1.643633	2.465074	1.517441	0.735448	1.695273	1.714551	0.352679	-1.053918	-1.982129	-1.472813	1.228160	1.589094	0.678482	1.570797	1.441563	0.765163	2.923914	2.417751	2.905982	3.294586	-0.291391	2.128733	-1.186475	0.657355	0.638087	2.035731	-2.719943	1.210915	-1.458586	-0.474863	-1.717829	-1.401912	-0.659301	-0.581537	-1.169502	-0.356505	1.898317	1.481545	-0.571639	-0.892023	-0.151127	-0.572055	-0.120226	0.076675	1.549276	2.705234	-0.454914	0.355764	1.305529	1.715300	2.699197	3.268555	2.419414	2.491795	2.646652	2.798861	0.086437	0.757934	-0.777669	-0.998054	2.217102	1.757472	-0.987682	-0.486827	0.702247	1.520010	-0.316801	-0.359763	0.861657	-0.128611	-1.350914	1.453460	0.248924	0.759687	-0.237181	-0.403255	1.572751	1.170832	0.328594	-1.249034	-0.762497	-0.213664	-2.116298	0.270918	-0.897270	-1.514250	-1.530147	-1.744034	-0.690947	-0.565135	0.225247	-0.553874	2.229820	2.817039	2.551644	1.448504	1.768392	0.579439	0.037718	2.179079	2.398843	2.302664	1.131359	1.704307	0.686497	2.343804
1.668929	1.477805	-0.306311	-0.617400	1.567369	1.524827	1.689882	0.303115	0.635153	0.126822	0.650113	-0.471946	-0.487469	0.045690	0.759388	0.936846	1.097428	1.525229	0.892580	0.790768	1.071656	0.982711	1.446585	1.387930	-0.338953	0.309772	-1.497329	0.756216	0.196542	0.927872	-1.039687	2.335781	-0.496595	0.430736	-1.279363	-0.040249	-1.026334	0.236507	-1.948242	-1.447011	0.699589	-0.774501	0.439507	-0.326207	0.835262	0.318625	-0.926077	-0.446913	1.597561	2.110973	0.663874	0.705081	1.042336	2.090510	1.554630	1.323386	1.036546	1.082824	1.331046	0.597965	-0.931007	-0.176719	-0.390196	-0.498213	1.197564	0.143219	-0.386803	-0.461791	0.862021	1.242645	0.116408	0.216165	0.619104	0.608872	-0.371187	2.288568	0.952110	1.975890	0.352442	0.370481	0.486193	-0.049084	0.709589	-0.363537	0.545424	0.731454	-1.081240	-0.179244	0.039448	-2.092916	-0.894160	-0.410649	-1.046684	-0.875345	-0.443967	-1.024120	0.583666	2.260670	2.395059	1.337306	2.259649	2.071687	0.467760	0.620703	1.616166	1.298062	0.088982	1.671263	1.718940	1.532204
0.392610	-0.437197	-0.950571	-1.150222	0.906418	0.757720	0.999231	-0.231615	-0.747574	-1.672771	0.696417	0.071475	0.650293	0.935349	0.423626	-0.360590	1.423019	0.596777	0.203174	0.418305	-0.381231	-1.082292	-0.203718	-1.235007	-0.218031	-2.291005	-1.790788	0.257506	-0.566532	-0.871753	0.232642	1.840372	0.310321	0.833913	-0.421903	1.299219	-0.391668	1.175229	-1.670251	-1.627406	-0.468420	-2.746494	0.444220	-0.527103	0.962068	1.214369	-1.026572	-0.122324	0.870542	0.556562	1.585906	0.932954	0.575013	1.004999	0.035291	-1.189106	-0.275323	-0.519254	-0.673109	-2.070628	-1.166209	-0.861912	1.222864	1.503192	-0.268533	-1.825148	-0.104508	-0.187875	0.288572	0.236102	0.737167	0.896264	-0.062508	0.620129	0.108358	1.640803	1.119462	1.679966	0.198200	0.955793	0.350577	-0.293430	0.616368	0.297370	1.418539	1.309386	-0.067974	-0.560927	0.277015	-2.116636	-0.611224	0.578798	-0.290274	0.311051	-1.300517	-1.232228	-1.163196	0.563182	0.801664	0.560609	1.579581	2.376138	0.254261	-1.251144	0.270463	-0.310908	-1.239463	0.576550	1.673402	-0.294179
-0.244602	-0.792538	-0.671268	-0.799113	0.192413	0.641691	0.351674	0.199160	-1.386219	-1.961840	0.481418	0.676551	0.383161	0.555953	0.322594	-1.129272	0.937922	-0.274008	-0.158556	-0.173050	-0.310485	-1.779161	-0.823323	-2.454144	0.432897	-3.089092	-2.107729	-0.259632	-0.697485	-1.694249	0.463782	0.683920	0.363388	0.438246	0.704847	1.862859	0.888920	1.426857	-0.225093	-0.222447	-1.071892	-2.349187	-0.009622	-0.542215	0.195569	1.235467	0.321222	1.065783	-0.372906	-0.866610	1.359652	0.719582	-0.235794	-0.413980	-0.759339	-2.119810	-0.591432	-0.982967	-1.812400	-2.717460	-0.092807	-0.325285	2.639087	3.174025	-0.866890	-2.100744	0.062699	0.406111	0.173481	-0.136200	1.555964	1.698492	-0.596341	-0.423056	-0.040998	0.272111	1.217010	0.203125	-0.133112	1.142028	0.813639	0.657191	0.162708	0.465520	1.038806	1.042889	0.360115	-0.138169	0.152588	-0.934015	-0.617078	0.597626	1.288023	2.103579	-1.330393	-0.648910	-1.494590	-1.053642	-1.293409	-1.005875	0.342287	1.329187	-0.605568	-1.712937	-0.793511	-1.524736	-1.324745	-0.383518	0.699801	-1.475854
0.074725	0.545151	0.214700	0.166352	0.033119	0.859759	0.596464	1.486021	-0.791292	-0.516205	0.098353	0.806837	-0.979387	-0.648463	0.342311	-0.728535	-0.348736	-0.388629	-0.012583	-0.541209	0.775494	-0.396934	-0.247683	-1.315085	1.180391	-1.275729	-2.009270	-0.346903	-0.272842	-0.987080	0.069228	-0.106550	-0.264046	-0.421603	1.481828	1.306305	1.552145	0.577683	1.383481	1.435748	-0.783871	0.326228	-0.021801	0.256538	-0.671423	0.293555	1.892961	1.928336	-1.120718	-0.959289	-0.117002	-0.175876	-0.975534	-0.774124	-0.406499	-0.725970	0.020150	-0.247008	-1.033883	-0.662714	1.468865	1.132225	2.334939	2.773896	-0.276746	-0.369457	0.259804	1.176436	0.728759	0.265609	1.851845	2.002388	-0.580426	-1.697024	-0.478568	-0.718597	1.145686	-1.015301	0.007961	0.886180	0.808053	1.551855	-0.383846	0.376085	-0.155272	0.170803	0.265377	0.914608	0.352274	1.079656	-0.436518	0.067852	2.297807	2.716646	-0.223500	0.604169	-0.301849	-1.326159	-2.377295	-2.580187	-0.248627	-0.227287	-1.288187	-0.501327	-0.872689	-1.680015	0.292683	-0.369457	-0.372123	-0.879804
0.608351	1.996362	0.613423	0.593106	0.437142	0.764241	1.448196	2.338198	0.344478	1.046008	-0.315025	-0.086175	-1.944567	-1.553401	0.296934	0.203087	-1.422330	0.139678	0.482538	-0.390476	1.432747	1.641439	0.684796	0.996114	1.204961	1.248721	-1.300246	0.008045	-0.093957	0.233353	-0.243867	-0.462283	-0.833410	-0.967731	1.442770	0.044959	0.796585	-0.934914	1.788512	1.464581	0.125511	2.882871	0.272988	1.102344	-1.069100	-0.976776	1.723886	1.248463	-0.834557	0.150204	-1.618805	-1.237361	-1.122641	0.042389	0.364365	1.453475	0.687382	0.597501	0.796201	2.126302	2.093759	2.151240	0.492800	0.646258	0.481475	1.345025	0.490150	1.641287	0.997731	0.527797	1.000688	1.153943	-0.244950	-2.023362	-0.863740	-0.992698	0.287607	-1.277707	0.363917	0.147530	0.044275	1.161172	-0.667192	0.291985	-0.896090	-0.572762	0.051025	1.606718	0.929616	2.473177	0.200746	-0.180503	1.533658	1.325707	0.997858	1.475730	0.972982	-0.382978	-2.064645	-2.979069	0.317654	-1.181201	-1.241861	0.897273	-0.218048	-1.263935	2.161531	0.417748	-0.826729	0.649474
0.474081	1.983277	0.157450	-0.012046	0.703924	0.088142	1.679994	1.671185	0.840609	1.055346	-0.552174	-1.469300	-1.342621	-1.339414	0.146744	0.569231	-1.247331	0.765563	0.965957	0.164194	0.927813	2.169962	1.102632	2.397011	0.313469	2.012908	-0.428089	0.426820	-0.345152	0.733826	-0.265747	-0.776455	-0.580268	-0.595446	0.888517	-0.907251	-0.681298	-2.034211	0.609320	-0.200996	0.875599	3.051636	-0.059459	0.809940	-1.214472	-1.883040	-0.451802	-0.733174	-0.145645	1.062924	-1.624277	-1.407739	-0.601198	0.960118	0.469498	2.197217	0.814675	0.789225	1.663640	3.141032	1.265097	1.864768	-1.065514	-1.056255	0.300960	1.009242	0.684825	1.338910	0.344289	0.237431	-0.539022	-0.438403	-0.124558	-0.937963	-0.923974	-0.851395	-1.242802	-1.215957	0.022985	-0.950182	-0.592928	-0.126318	-0.336306	0.320554	-0.366891	-0.555275	0.072426	1.426334	1.243281	2.177556	1.034234	0.174420	-0.628882	-0.970390	0.930685	0.909002	0.854126	0.265316	-1.382769	-1.809868	1.358851	-0.906133	-0.842356	0.889832	0.135471	-1.298473	2.264153	1.254694	-0.499074	1.178486
-0.330142	0.551076	-0.271018	-0.734893	0.143750	-0.873197	0.528182	-0.140211	0.297945	-0.360116	-0.419850	-1.971504	0.344875	-0.238828	0.005850	0.170061	0.055813	1.119833	0.991706	0.642915	-0.158601	0.662555	0.805145	1.928750	-0.714080	0.712099	0.096569	0.514698	-0.337271	0.528506	-0.186443	-1.012735	0.420864	0.450939	0.507417	-0.839057	-1.385422	-1.922720	-1.068033	-1.645316	0.829458	1.015179	-1.274354	-0.551769	-1.573407	-2.136919	-2.603167	-2.310426	-0.005668	0.754580	-0.046785	-0.323774	0.266605	1.099848	-0.318119	0.927952	0.655658	0.698362	0.705372	1.918810	-0.102504	0.834299	-0.965128	-0.826711	-0.716296	-1.022811	0.644847	0.498302	-0.564432	-0.028822	-1.559195	-1.434404	-0.376315	0.829663	-0.374249	-0.471129	-2.242632	-1.520363	-1.358290	-1.922089	-0.373744	-0.780760	0.538102	0.479202	0.984851	0.195724	0.406021	0.962271	0.865841	0.790042	1.521551	0.758263	-2.419358	-2.276886	-0.633155	-0.905110	-0.608973	-0.471156	-1.257900	0.084300	1.757129	0.359367	-0.736063	-0.493789	-0.444380	-1.876351	0.345324	1.647689	0.303538	-0.024605
-1.047924	-0.940130	0.128704	-0.495312	-1.104583	-1.638092	-1.331976	-1.598684	-0.545163	-1.505043	0.016677	-0.959311	1.387548	0.641589	-0.108019	-0.194077	1.201249	1.066886	0.257155	0.514225	-0.891526	-1.155677	0.149330	0.378879	-0.898131	-0.633136	0.318851	0.215840	0.296684	0.616993	-0.094038	-0.785498	1.112423	1.087158	0.457753	-0.136925	-0.707505	-0.861126	-1.698549	-1.282865	0.091054	-0.971429	-2.324468	-1.596075	-2.084572	-1.819382	-2.566463	-2.012012	-0.520766	-0.347133	1.377147	0.947754	1.068779	0.605146	-1.185217	-0.882279	0.652293	0.916070	-0.836739	0.134259	-0.728098	0.213762	0.140241	0.468184	-1.480582	-2.511562	0.051270	-0.039212	-0.673799	0.156796	-1.447131	-1.069737	-0.611053	1.900771	0.735065	0.208333	-1.781361	-1.853156	-2.920471	-2.208729	0.123280	-0.161332	1.179387	0.555029	1.858073	0.883255	0.717353	0.895903	0.116824	-0.135068	1.302498	0.948969	-2.418938	-1.870538	-2.389943	-2.525864	-1.906974	-1.803905	-1.314854	1.513045	0.977596	1.588348	-0.901154	-1.693006	-1.361100	-1.891310	-1.635460	1.418385	0.985024	-1.653295
-1.140653	-1.487701	0.811485	0.407713	-2.137286	-1.920419	-2.486077	-1.706991	-0.765403	-1.127843	0.361134	0.593226	0.698074	0.404421	-0.358499	0.070912	1.052194	0.527478	-0.982651	-0.302213	-1.052402	-1.365593	-0.433586	-0.846781	-0.122704	-0.249552	0.571128	-0.219818	0.809018	1.390008	0.055714	-0.091283	0.539964	0.452184	0.230941	0.172478	0.437152	0.153571	-0.826732	0.301546	-0.606803	-1.171242	-2.020752	-1.298260	-2.170432	-1.137537	-0.453229	-0.173742	-0.972971	-1.126929	0.921885	0.964254	1.404795	0.106694	-1.296389	-1.573684	0.614637	1.132793	-1.241580	-0.624737	-0.340802	0.293539	0.544294	0.807833	-1.245664	-2.000209	-1.107565	0.132720	0.000777	0.278675	-0.791590	-0.080894	-0.446412	1.492168	1.678386	0.950322	-0.416068	-1.457836	-3.404573	-1.730588	-0.193646	0.630256	0.732601	0.079992	1.355367	0.619903	0.459842	0.899416	-0.467721	0.004549	0.480817	0.415451	-0.932532	-0.697043	-2.893348	-2.712464	-1.714990	-1.999889	-0.638602	2.039476	-0.606970	1.674320	-0.741662	-1.406753	-1.467330	-0.570426	-1.777210	0.497502	0.921773	-2.004503
-0.784634	-1.347022	0.640829	0.694193	-2.195633	-1.704649	-2.309500	-0.997807	-0.297879	0.153842	0.252628	1.191140	-0.845609	-0.606089	-0.721949	0.606723	-0.058071	-0.292140	-1.833065	-1.144293	-1.017891	-0.111837	-0.714994	-1.100258	0.683108	1.200386	0.864142	-0.540993	0.256135	1.938398	0.149482	0.533815	-0.842480	-0.909696	-0.502787	-0.244168	0.750173	0.508614	0.414154	1.222857	-0.636737	-0.179982	-0.507463	-0.241796	-1.421753	-0.286947	1.569017	1.438738	-0.735199	-1.084600	-0.973792	-0.284330	1.041686	-0.107238	-0.692312	-1.079634	0.056947	0.590893	-0.344623	-0.487528	0.195116	0.294827	-0.266928	-0.359773	-0.344120	-0.330881	-2.122566	0.391664	0.460915	-0.274417	-0.477314	0.283952	0.013926	0.191796	1.638098	1.198048	0.486125	-0.350970	-2.432696	-0.952792	-1.275282	0.259919	-0.584895	-1.022956	-0.088646	-0.499190	-0.467449	0.193684	-0.759825	0.303835	-0.405554	-0.518232	0.538668	0.033301	-1.962656	-1.646472	-0.339176	-0.631048	0.697333	1.994811	-2.045104	0.501749	0.006426	-0.057372	-0.496861	1.243554	-0.516151	-0.854995	0.024070	-0.939142
-0.375409	-1.239178	-0.399006	-0.085156	-1.341577	-1.121889	-1.419185	-0.687184	0.193671	0.730754	-0.182487	0.542525	-1.319425	-1.036311	-0.715233	0.806344	-0.596390	-0.688692	-1.510686	-1.096044	-0.935471	0.745580	-0.656196	-0.759756	0.518726	1.538212	0.883081	-0.667173	-1.047484	1.263773	0.009053	0.672505	-1.425360	-1.366313	-1.311109	-0.591663	0.007727	0.500627	0.502818	0.606395	-0.081467	0.080667	0.858134	0.175557	-0.079379	0.533842	1.771679	1.513140	0.168913	-0.517971	-2.016026	-1.199812	0.288495	-0.124735	-0.008385	-0.544294	-0.820531	-0.571019	0.568008	-0.548268	0.003580	-0.461664	-1.106739	-1.542295	0.431628	0.666151	-2.061279	-0.035952	0.161993	-1.086999	-0.554851	-0.171686	0.433759	-0.655246	0.737309	0.826622	0.393545	0.697238	-0.771835	-0.333229	-1.841457	-1.015623	-1.398018	-1.863174	-1.129878	-1.230374	-1.349289	-1.053505	-0.846588	-0.168013	-0.775111	-0.993526	0.962923	0.171663	-0.568912	-0.499722	0.668615	0.895520	1.630962	1.669990	-2.418915	-0.776678	0.827516	0.750238	0.610491	2.015151	0.041587	-1.800433	-0.922690	0.237370
0.059357	-1.212076	-1.116545	-0.948992	-0.205337	-0.322770	-0.652085	-1.014471	0.276008	0.108762	-0.444621	-0.244042	-0.043254	-0.054584	0.077943	0.750568	0.313425	-0.116290	-0.329342	-0.039262	-0.525970	0.032138	-0.346891	-0.502992	-0.556674	-0.034909	0.464724	-0.635483	-1.668142	-0.338414	-0.232782	0.512140	-0.367206	-0.101367	-1.531822	-0.111574	-0.876005	0.641533	-0.754512	-0.578169	0.394790	-1.104706	1.066606	-0.471560	1.140815	1.082202	0.601515	0.409237	1.240596	0.150062	-0.801896	-0.542037	-0.061195	0.024812	0.407341	-0.564778	-1.154251	-1.250881	0.546018	-1.136683	-0.832913	-1.630297	-0.893174	-1.346697	0.778918	0.439098	-0.906095	-0.911097	-0.298270	-1.169306	-0.411110	-0.585855	0.734010	-0.365496	-0.050955	0.450751	0.034549	1.169976	0.557668	0.073788	-1.054192	-1.691160	-0.742181	-1.380965	-1.005629	-0.568716	-1.361153	-1.724481	-0.629425	-1.047189	-0.580589	-0.465160	0.612233	0.280358	0.354263	-0.039404	0.291016	1.248560	1.601171	0.937738	-1.549137	-0.963891	0.997772	0.123195	0.929265	1.480414	-1.093712	-1.545843	-0.976764	0.523725
0.650646	-0.773372	-0.829399	-0.947979	0.649428	0.519897	-0.136197	-0.995628	0.155589	-0.497670	-0.313583	-0.163392	1.476504	1.472144	1.193126	0.931863	1.576023	0.857342	0.393553	0.956907	0.252973	-1.403695	-0.024052	-0.599693	-1.424165	-1.826854	-0.160445	-0.523836	-0.858856	-1.655208	-0.179599	0.456517	1.140616	1.630608	-1.126984	0.762493	-1.044250	0.816553	-1.978122	-0.950971	0.250378	-2.326682	0.484657	-1.156443	1.591352	1.146291	-0.244873	-0.541896	1.903342	0.698680	1.305015	0.875456	0.404377	0.415443	0.689436	-0.548685	-0.632290	-0.878454	-0.037888	-1.484901	-1.476828	-2.251941	-0.143194	-0.307148	0.909444	0.070566	0.202272	-1.258253	-0.164180	-0.426597	0.119503	-0.435877	0.996238	0.403484	-0.204435	0.559214	0.189663	1.208824	1.146196	0.360855	0.320822	-1.046366	0.526945	0.105128	-0.415966	0.811070	-0.654443	-1.301245	-0.086442	-1.339925	-0.438943	0.479990	0.331183	0.483904	0.644253	-0.013825	-0.892421	0.783712	1.230971	-0.292903	-0.311072	-0.290840	0.448181	-1.153790	0.620095	0.855259	-2.496403	-0.416409	-0.273827	0.226135
1.127181	0.064762	-0.324765	-0.497806	0.957764	1.110961	0.386774	0.035294	0.125825	0.061899	-0.162905	0.468990	1.291072	1.786090	1.500794	1.319311	1.286247	0.898565	-0.242313	0.701020	0.787134	-1.935749	-0.020430	-0.829262	-1.125864	-1.841228	-0.560563	-0.433593	0.355335	-2.016899	0.329028	0.488241	1.214638	1.818947	-0.602412	0.988426	-0.563079	0.526287	-1.828528	-0.366806	-0.370538	-1.870895	0.175515	-0.778691	1.134592	0.727812	-0.012228	-0.635558	1.785246	0.926863	1.711928	1.104642	1.029777	0.890789	0.866263	0.075391	-0.116535	-0.281338	-0.311766	-0.975000	-1.279838	-1.796165	-0.091569	0.059765	0.869815	0.494219	0.196249	-0.684750	0.331544	0.062234	0.378491	-0.227806	1.041843	0.459749	-0.253306	0.670769	0.616306	1.042960	1.171954	0.390163	0.815122	-0.094792	0.606434	0.930596	-0.560544	1.167429	-0.255910	-0.657807	0.313145	-0.903853	-0.901397	0.602452	0.378007	0.302017	0.618085	0.171498	-1.577361	0.647351	1.199957	-1.611410	0.082356	-0.138434	-0.099998	-1.693578	0.430050	0.981023	-2.151698	0.221406	-0.027097	0.175577
0.950528	0.538125	-0.621117	-0.629531	0.685543	1.110355	0.812669	1.274661	0.064662	1.160730	-0.416709	0.594373	-0.547391	0.333443	0.506140	1.307853	-0.759451	-0.395790	-1.542916	-0.624626	0.426357	-1.134987	-0.490548	-0.804080	0.054895	-0.367236	-0.430407	-0.452557	0.471780	-1.732079	0.970878	0.274729	-0.242110	0.215309	-0.178334	0.441168	-0.050753	-0.207592	-0.537874	0.212827	-0.782622	0.079575	0.553579	0.431689	0.215220	0.110385	0.410802	-0.376589	0.943664	0.663470	-0.192554	-0.410770	0.762549	1.017280	0.628275	0.766133	-0.539348	-0.523463	-0.089025	-0.058191	-0.338360	-0.560745	-0.819488	-0.545402	0.363884	1.121200	-0.685692	0.149618	0.355885	-0.461217	-0.173839	-0.559575	0.580406	-0.491757	-0.712975	-0.032246	0.521561	0.600907	0.861403	-0.027207	0.048798	-0.147074	-0.881412	0.144629	-1.428543	-0.103421	-0.723965	-0.805449	0.019541	-0.521401	-1.611312	-0.464630	0.254618	-0.459850	0.463987	0.569335	-1.300023	0.923781	1.121516	-2.334175	-0.586983	-1.133825	0.083726	-1.144740	0.512186	1.129965	0.001499	-0.462896	-0.931838	0.505324
0.090558	0.138921	-1.387698	-1.321600	0.088213	0.489825	0.764905	1.404806	-0.269942	1.184022	-0.887664	-0.110110	-1.945053	-1.443037	-0.942723	0.618650	-2.487125	-1.670241	-1.908739	-1.470035	-0.600443	0.009835	-1.145381	-0.312616	0.931021	0.497960	0.203018	-0.555455	-0.487597	-1.146971	1.259636	-0.184837	-1.290870	-1.258498	0.418377	0.077929	0.180689	-0.691632	0.516690	0.115269	-0.493800	1.654397	1.068403	1.238703	-0.485620	-0.340500	-0.033941	-0.511330	-0.073361	0.085635	-2.219543	-2.008498	-0.445822	0.500577	-0.068418	0.591352	-1.510904	-1.343568	0.165774	0.383761	0.779975	0.767609	-1.131430	-0.916310	-0.636419	0.717408	-1.249686	0.438995	-0.189266	-1.240130	-1.034222	-1.079238	-0.179046	-1.412625	-1.023632	-1.309650	-0.221601	-0.100177	0.283099	-0.653777	-0.868003	-0.978285	-2.181347	-1.132284	-1.688904	-1.583177	-1.375167	-1.393296	-0.775276	-0.642555	-1.583773	-1.599962	-0.418065	-1.212942	0.113561	0.706090	-0.673482	0.652306	0.206058	-2.088475	-1.188583	-2.119220	0.858921	-0.317319	0.335373	0.215263	2.019683	-1.601788	-2.011620	0.621372
-0.759366	-0.638721	-1.392758	-1.423262	-0.328186	-0.302191	0.234246	0.347398	-0.752303	-0.279475	-0.990111	-0.829561	-1.304886	-1.764118	-1.610702	-0.254665	-1.970962	-1.348018	-0.752570	-0.724800	-1.324178	0.526481	-1.424225	0.422400	0.770991	-0.324014	0.987193	-0.538647	-1.104116	-0.073538	0.999815	-0.458220	-0.492373	-0.934736	1.194210	0.442618	0.322027	-0.430179	0.526594	-0.309853	0.217269	1.520199	1.081255	0.934427	-0.580075	-0.452850	-1.032368	-0.912317	-0.618041	-0.311771	-2.071123	-1.870383	-1.420357	-0.461044	-0.622057	-0.370241	-1.737024	-1.522513	0.200724	0.206653	1.586334	1.651658	-0.296979	-0.210118	-1.551238	-0.779754	-0.834452	0.104503	-0.408243	-0.951475	-1.133091	-0.923013	-0.521088	-1.120920	-0.280668	-1.850345	-0.860653	-0.627819	-0.364134	-0.850319	-0.802213	-1.172864	-1.584121	-1.135110	-0.510142	-1.603676	-1.174943	-1.221474	-1.209285	-0.805406	-0.466011	-1.464110	-1.211330	-1.221801	-0.387514	0.349822	-0.261660	-0.485118	-1.310971	-1.050249	-0.593579	-1.566082	1.272885	0.085657	-0.334903	-1.408806	2.263783	-1.614395	-1.678774	0.187959
-1.002532	-0.983944	-0.325942	-0.329643	-0.275449	-0.782662	-0.352904	-0.682641	-1.025867	-1.913338	-0.534815	-0.698911	0.574242	-0.551304	-1.234998	-0.693445	0.166886	0.255332	0.771813	0.834847	-1.214218	0.437889	-1.053681	0.757091	0.026668	-1.602955	1.458319	-0.183809	-0.622145	1.413666	0.414461	-0.318179	1.178514	0.530673	1.528086	0.835457	0.563593	0.248091	0.001286	-0.361851	0.566247	0.228288	0.650746	0.119588	-0.228063	-0.303457	-1.374674	-0.860567	-0.566099	-0.287707	-0.097754	-0.260805	-1.209044	-1.303656	-0.513493	-1.125547	-0.840338	-0.702675	0.198222	-0.003547	1.868751	1.869121	0.910482	0.855318	-1.790592	-2.039788	-0.029184	-0.426582	0.297673	0.397242	-0.190524	0.027535	-0.072944	0.237835	1.238651	-0.968396	-0.751183	-0.562845	-0.625430	-0.247604	-0.008107	-0.174721	0.325891	0.223279	1.157752	-0.313796	-0.029564	-0.037508	-0.776646	-0.466512	0.895128	-0.069772	-1.351179	-0.510796	-0.651085	-0.072787	0.054979	-1.529004	-2.207353	0.213569	0.836374	0.304728	0.677211	0.179303	-0.994777	-2.230489	1.047130	-0.229232	0.154309	-0.339913
-0.837412	-0.844636	0.692293	1.017825	-0.059945	-0.972594	-0.667464	-0.830673	-0.965805	-2.382311	0.074502	0.143997	1.642348	0.745372	-0.464664	-0.687231	1.607268	1.213392	1.255214	1.476346	-0.815062	0.275551	-0.340828	0.207914	-0.395497	-1.646886	1.366003	0.389705	0.085751	2.217632	-0.089108	-0.090775	1.701854	1.213772	1.041487	0.506840	0.760966	0.681785	-0.204922	0.043621	0.181445	-0.761895	0.350684	-0.124638	0.136132	-0.042357	-0.701442	-0.279521	-0.372490	-0.154370	1.371547	0.999924	-0.312494	-1.519632	-0.171922	-1.178927	-0.007574	0.011291	0.166432	0.007446	1.605278	1.485962	1.299649	1.110681	-1.433242	-1.944963	0.306039	-0.895388	1.251395	1.336397	0.833618	0.898962	0.641094	1.324648	2.145290	0.327828	-0.077940	-0.027780	-0.245312	0.735522	0.357631	0.864281	1.464803	1.364423	1.728579	0.735827	1.242165	1.048247	0.115879	0.195776	1.475389	1.341457	-0.753855	0.132229	-0.314689	-0.017805	0.400263	-1.594568	-1.782930	0.970051	1.643300	1.590276	-0.310974	0.238739	-1.120329	-1.547185	-0.134226	1.140479	1.700950	-0.300453
-0.769513	-0.740899	0.657940	1.322939	-0.177740	-1.193162	-0.698515	-0.521823	-0.699265	-1.750380	0.478677	0.819399	1.131496	1.072151	0.278660	-0.623570	1.317191	0.510724	0.783099	0.760984	-0.852536	0.284054	0.220127	-0.791924	-0.237674	-0.498543	0.904330	0.678148	-0.033169	1.203656	-0.260772	-0.141453	0.697150	0.524097	0.386717	-0.010687	0.716129	0.720360	-0.010748	0.385173	-0.368445	-0.763855	0.585728	0.515244	0.328512	0.297065	0.023071	0.008214	-0.356970	-0.237575	1.029045	0.919032	0.022921	-0.964894	-0.466566	-1.030386	-0.378194	-0.380620	-0.211507	-0.182276	0.984620	0.857344	0.791988	0.552270	-0.968815	-0.809165	0.350984	-1.300571	1.337210	0.868748	0.888757	0.935266	0.827785	1.208512	1.713734	0.603645	0.593432	0.554269	0.413734	1.282077	-0.099500	0.644967	0.977280	1.235105	1.037806	0.729980	1.978072	1.114713	0.815634	0.647715	1.327530	1.788931	-0.175421	0.075362	0.447150	0.442282	0.347655	-1.032161	-0.644021	0.704428	1.147513	1.028494	-0.358782	0.065016	-0.837166	-0.294611	-0.356268	1.228623	1.377702	0.358095
-0.733921	-0.689327	0.032793	0.681175	-0.582355	-1.369790	-0.472264	-0.470039	-0.290333	-0.920124	0.771408	0.742037	0.147828	0.761464	1.132079	-0.588576	0.620315	-0.624408	0.610801	0.086686	-1.033950	0.467235	0.535888	-1.054795	0.062305	0.477229	0.584787	0.364918	-0.645151	-1.014061	-0.164549	-0.315465	-0.316861	-0.275138	0.480288	0.332582	0.555840	0.719934	0.106175	0.340093	-0.181207	-0.174836	1.235355	1.405816	0.610215	0.794180	-0.028276	-0.470883	-0.247321	-0.295306	-0.086398	0.275982	-0.500006	0.077647	-1.337077	-1.064197	-1.338382	-1.263473	-0.844175	-0.690348	0.443376	0.493004	0.267648	0.129967	-0.566962	0.235998	1.010113	-1.498811	0.508435	-0.204564	0.159077	0.405758	0.445320	0.336769	0.815053	-0.079504	1.072383	1.057963	0.767185	1.105237	-0.486919	-0.521913	0.103834	0.500569	0.452225	0.398552	2.178763	0.611457	1.239514	0.758229	1.300007	1.421996	-0.168264	-0.420341	1.076433	0.765758	-0.345317	-0.656045	0.245789	-0.295918	0.307399	-0.441377	0.895890	-0.481673	-0.548970	0.314817	0.124135	0.503272	-0.203204	1.060971
-0.302198	-0.091493	-0.030594	0.353568	-0.725836	-0.991922	0.020268	-0.514255	0.227317	-0.389868	1.051442	0.075322	-0.111128	0.544185	1.926880	-0.332931	1.004102	-0.504057	1.300667	0.679417	-0.416545	0.919919	0.878389	0.038523	0.146801	0.588639	0.706198	-0.114998	-0.649304	-2.231806	-0.042732	-0.242381	-0.217705	-0.119572	1.102933	1.289027	0.567905	0.806578	0.008845	0.152884	0.838972	0.415890	1.737216	1.758468	1.254087	1.378127	-0.380407	-0.977140	0.211914	0.069797	-0.340675	0.166103	-0.911405	0.984585	-1.665407	-0.785103	-1.223821	-1.175819	-0.988949	-0.746180	0.309189	0.620408	0.186860	0.229249	-0.045959	0.555820	2.315577	-1.149405	-0.229620	-0.429707	-0.233248	0.077090	0.176830	-0.251930	0.560594	-0.422285	1.436952	1.568270	0.744111	0.720951	0.050668	-1.186624	0.176468	0.259893	0.905496	0.595634	2.009992	0.477204	1.623694	0.757754	1.651854	0.925003	-0.310322	-0.556595	1.304088	0.712165	-0.962536	-0.437720	0.639890	-0.944212	0.356134	-0.971071	2.104206	-0.836717	-0.277324	0.213484	0.570937	0.356044	-0.995427	1.244926
0.325253	1.088468	0.606753	0.864383	-0.385448	0.053869	0.511210	-0.064959	0.547300	-0.087105	0.984246	-0.689499	0.185434	0.379163	1.819080	0.047810	1.883010	0.613032	1.940966	1.777187	0.996473	1.538559	1.264158	1.542635	0.068466	0.385253	0.904351	0.061074	0.136782	-1.200441	-0.062524	-0.039336	0.284108	0.359204	1.021817	1.320765	0.721750	0.595739	0.025179	0.121555	1.697643	0.798471	1.377079	1.259783	1.930800	1.595743	-0.112525	-0.531817	0.499588	0.548771	0.382643	0.518517	-0.453610	1.051445	-0.832906	0.225342	0.377066	0.161355	-0.300837	0.196770	0.310640	0.831290	0.093103	0.200280	0.499496	0.302200	2.994191	-0.187333	-0.329628	0.302596	0.185718	0.083303	0.355231	-0.196591	0.663479	0.006161	1.411345	1.739312	0.714081	0.654185	1.054458	-0.667694	0.804550	0.427607	1.633148	0.947447	1.417884	0.651596	1.758484	0.675941	1.627282	0.586121	0.114790	0.000282	1.334887	0.552700	-0.622461	0.169725	0.694727	-0.459461	1.059537	-0.214066	1.605142	-0.379610	0.154016	0.030342	0.554947	1.033334	-0.181319	0.810851
0.286484	1.765505	0.957969	1.256343	-0.047735	1.024046	0.486587	0.726555	0.292024	0.075391	0.294986	-1.191532	0.163631	-0.190090	0.358194	-0.081506	1.503011	0.928244	1.450163	1.619460	1.812836	1.681326	1.211820	1.795594	-0.049633	0.423920	0.433388	1.053027	0.824779	0.665373	-0.206822	-0.246763	-0.063644	-0.046505	-0.297340	-0.298649	0.645595	-0.168315	0.324822	0.135954	1.363564	0.941692	-0.153064	0.119110	1.795777	0.921517	0.713448	0.680903	-0.166879	0.320937	0.898019	0.554805	0.294367	0.000281	0.267968	1.219634	1.914978	1.413486	0.382576	1.265536	-0.163662	0.446829	-0.415559	-0.453987	0.608713	-0.191336	2.099846	0.909400	-0.423633	0.701173	0.607201	-0.092017	0.392662	0.022172	0.069918	0.057592	0.505987	0.871371	0.728589	0.695301	1.337180	0.289061	0.731043	0.135211	1.323051	0.513182	0.493754	0.286617	1.135397	0.345059	0.657137	0.230575	0.984603	0.787060	1.301283	0.512257	0.359485	0.895662	0.226887	0.620056	1.036993	0.403565	-0.596539	0.476987	0.488074	-0.126973	0.142236	1.235359	0.802252	0.047690
-0.674475	0.993214	0.484541	0.652383	-0.213247	1.075284	-0.172535	1.023409	-0.295286	0.135708	-0.523477	-1.249357	-0.339924	-0.977723	-1.479737	-1.006458	-0.385491	-0.271052	0.074739	-0.064908	0.937890	0.809863	0.407021	0.383373	-0.199555	0.506919	-0.918097	1.967562	0.871027	1.014257	-0.381431	-0.977519	-1.167701	-1.227378	-1.763929	-2.229672	0.145370	-1.044872	0.688551	-0.017702	0.005865	0.803369	-2.142915	-1.074599	0.438738	-0.506570	1.307207	1.628431	-1.515462	-0.693741	0.461221	0.104621	0.268837	-1.559405	0.412690	1.084563	1.840996	1.396320	0.104008	1.101227	-1.091040	-0.582807	-0.878856	-1.138002	0.245562	-0.668329	0.420287	1.570027	-1.160201	-0.033408	0.221855	-0.525770	-0.351982	-0.165937	-1.079735	-1.080543	-1.053436	-1.001586	0.392705	0.296548	0.588522	0.744834	-0.221294	-0.705483	-0.021072	-0.696538	-0.254159	-0.694913	-0.067731	-0.036864	-0.582745	-0.239924	1.513802	1.276470	0.962054	0.455199	0.785175	0.703513	-0.896057	1.049712	-0.242834	-0.167597	-2.716238	0.671521	0.194940	-0.603687	-0.279292	0.007907	0.316039	-0.668678
-1.516187	-0.570211	-0.084689	-0.285298	-0.611306	0.296429	-0.819954	0.503229	-0.290003	0.379455	-0.624139	-0.884296	-0.728719	-1.243025	-2.037912	-1.878386	-1.979629	-1.533814	-0.933833	-1.575596	-0.781107	-0.556335	-0.588019	-1.192794	-0.307619	0.401042	-2.325211	1.728487	0.746903	-0.382085	-0.579276	-1.534297	-1.825303	-1.896730	-1.939946	-2.578312	-0.512959	-1.358025	0.923129	-0.215727	-1.096841	0.518815	-3.100450	-1.586752	-1.401230	-1.718216	1.504138	1.902129	-2.137267	-1.397601	-0.500471	-0.315277	-0.517648	-2.332880	-0.211730	0.039943	0.548854	0.528104	-0.653419	-0.132558	-1.545146	-1.412322	-0.616877	-0.945503	0.192751	-0.730517	-0.497638	1.769450	-1.963789	-1.091639	-0.503352	-0.492390	-1.415234	-0.841329	-1.327347	-2.245519	-2.110920	-2.559456	-0.364812	-0.518175	-0.262257	0.676782	-1.044127	-1.198535	-1.105239	-1.662585	-0.431221	-1.133195	-0.815933	0.118167	-0.900814	-0.650752	1.478053	1.519573	0.188865	0.264150	0.298637	-0.577226	-1.902495	0.467064	-1.584712	-1.116857	-3.044420	0.037244	-0.633636	-1.185578	-0.286363	-1.727143	-1.186333	-1.076722
-1.068010	-1.214505	0.070355	-0.310723	-0.518106	-0.383999	-0.688440	-0.127945	0.831380	1.110579	0.006662	-0.430823	-0.735618	-0.832939	-0.841481	-1.466421	-1.792340	-1.218282	-0.900793	-1.468303	-1.394637	-1.196350	-0.782298	-1.161683	-0.270828	0.494368	-2.648542	0.183900	0.980502	-1.423152	-0.886117	-1.161563	-1.503318	-1.426855	-0.842512	-1.225868	-0.964124	-1.080331	1.087719	-0.190396	-0.986163	0.446061	-2.136152	-1.038220	-2.423543	-1.817217	1.877937	2.018348	-1.154824	-0.847645	-1.271527	-0.548513	-0.987452	-1.376335	-0.291586	-0.422859	-0.334056	0.023319	-0.467424	-0.780994	-0.872323	-1.262776	0.160640	-0.007697	1.090459	-0.014539	-0.361329	1.974591	-1.694418	-1.234142	-0.521706	0.404703	-1.551722	-1.523130	-0.032087	-1.643600	-1.749368	-2.368312	-0.945724	-1.116249	-0.373788	0.542822	-1.155216	-0.873109	-1.107626	-1.750129	-0.304257	-0.103387	-0.467331	0.979383	-0.167715	-0.849683	1.523732	1.735849	-0.613191	0.114820	-0.099815	-1.563602	-1.584867	-0.211228	-1.608592	-1.003002	-1.541557	-0.358596	-1.068712	-1.058455	0.177077	-2.226437	-1.792981	-1.067209
0.391175	-0.248384	0.507501	0.464132	0.216994	-0.297465	0.130440	-0.061182	2.221426	2.046379	0.321000	-0.322655	-0.773725	-0.507092	0.759130	0.226188	-0.551597	0.317997	-0.430697	-0.362714	-0.290843	-0.633105	-0.018943	0.461718	-0.299132	1.143238	-1.680249	-1.715882	1.242999	-0.605459	-1.297223	-0.022626	-0.967941	-0.625011	0.103769	0.090709	-1.195822	-0.856506	1.129187	-0.015712	-0.137108	0.747305	-0.099212	0.172669	-2.100658	-0.943402	2.473345	2.240971	0.526808	0.384313	-1.711596	-1.091236	-0.515064	0.856269	0.669500	0.472168	-0.158860	0.153488	0.875741	-0.013070	0.176877	-0.477757	0.502359	0.605960	2.264087	1.200706	-0.272171	2.372696	-0.313134	-0.486319	0.208463	1.333851	-0.366890	-1.451587	1.413828	0.574202	-0.403915	-0.548828	-0.840473	-1.080894	-0.107383	0.344314	-1.120759	-0.417213	-0.669317	-1.412695	-0.391188	1.679192	0.266239	1.825715	0.481358	-0.852318	2.027734	1.658227	-0.933629	0.132855	0.387198	-0.911927	0.171156	-0.105447	-0.592869	0.156097	0.407736	0.220265	-0.394951	0.052675	0.582530	-1.156578	-0.704669	-0.656239
1.352303	1.101114	0.072309	0.639319	0.880983	0.253716	0.683546	0.538903	2.337544	2.328378	-0.546584	-0.609204	-1.057512	-0.788409	1.092255	1.696790	-0.017159	1.307410	-0.446811	0.108212	1.000511	0.345029	0.685565	1.912832	-0.879366	1.785544	-0.341981	-2.622360	0.853633	1.008977	-1.579601	0.850434	-1.004692	-0.436715	-0.227801	-0.078731	-1.479219	-1.147627	0.609254	-0.110088	0.127895	1.017484	1.116311	1.116933	-1.138185	-0.038859	2.399673	1.998463	1.247628	0.865730	-1.972921	-2.077921	0.284783	2.673920	1.560011	1.635710	0.147194	0.070741	1.742153	0.916831	0.157275	-0.192739	-0.029019	0.303838	2.211341	1.965456	-0.877262	2.380213	0.886126	0.046037	0.688541	1.151635	0.903720	-0.250961	1.227440	2.248217	0.604057	1.220459	-0.331151	-0.636637	-0.428418	-0.305474	-1.535792	-0.564512	-0.864216	-1.299529	-0.657057	2.505927	0.230750	1.777705	0.136765	-0.633472	2.307651	0.882247	-0.780345	0.114235	1.070247	0.872637	1.941693	0.469504	-0.027305	0.903835	1.420665	0.988289	0.869831	1.314012	0.275521	0.068095	0.850808	-0.015800
0.895640	1.174154	-1.367263	-0.428836	0.768148	0.485135	0.272570	0.715053	0.780936	1.409991	-2.089804	-0.834375	-1.029901	-1.049895	0.057986	1.618035	-0.556987	0.916095	-0.952504	-0.456688	0.813105	0.754801	0.412899	1.726211	-2.073566	1.430989	0.477619	-1.728937	-0.139257	1.353565	-1.418267	0.659095	-1.257517	-0.622860	-1.469964	-1.324106	-1.899429	-1.671000	-0.756932	-0.694067	-0.729908	0.605879	0.522893	1.119373	-0.536249	0.226672	1.108383	0.846926	0.608742	0.181931	-1.847241	-2.615601	0.535211	2.691003	1.147869	1.490330	-0.283856	-0.705311	0.701301	0.397035	-1.226848	-0.939750	-0.788077	-0.329914	0.495978	1.588110	-1.353794	1.294526	0.825138	-0.180298	0.348092	-0.056275	0.733218	1.450705	-0.523448	1.863293	0.509964	1.456258	-0.049709	-0.217211	-1.453409	-1.353304	-1.937334	-0.894406	-1.711220	-1.292453	-0.577726	1.601298	-0.542386	0.854394	-0.735131	-0.119938	1.482308	-0.295463	-0.530623	-0.123160	0.724764	1.935303	2.225523	0.533707	-0.525476	0.339935	1.184694	0.681308	1.444283	1.664711	-0.678559	0.228999	1.386780	0.504164
-0.226561	-0.136861	-2.435110	-1.602669	0.059288	0.116975	-0.635317	-0.101140	-0.970343	-0.140722	-2.801918	-0.512934	-0.123310	-0.330934	-0.864637	0.323042	-0.913521	0.046839	-1.092485	-0.941261	-0.460582	0.472300	-0.401579	0.290775	-2.995700	0.051751	0.892887	0.524421	-0.836449	0.034998	-0.741474	-0.258106	-0.828094	-0.293164	-2.263313	-2.080467	-2.093032	-1.776984	-2.286806	-1.378939	-1.748797	-0.572074	-1.017201	0.269956	-0.513097	-0.041240	-0.600144	-0.634883	-0.193700	-0.535574	-0.911834	-1.719319	0.291932	1.226885	-0.240828	0.039887	-0.912391	-1.390859	-1.454388	-1.247417	-2.589696	-1.971445	-0.962013	-0.488086	-1.380505	0.474113	-0.718453	-0.547728	-0.175097	-0.489301	-0.293713	-1.062891	-0.831823	2.375544	-2.080789	0.285606	-0.265675	0.286634	-0.125539	-0.020555	-2.078102	-2.044608	-1.394588	-0.456956	-2.204206	-0.867468	-0.009991	-0.110027	-0.876179	-0.083734	-0.992580	0.445782	-0.234384	-1.041906	-0.330001	-0.372983	-0.611688	1.261855	1.055384	-0.188950	-1.077019	-0.758315	0.441546	-0.611501	0.775169	0.951658	-1.359043	-0.241770	0.910214	0.590405
-0.581644	-1.364956	-1.791400	-1.452921	-0.401768	-0.367102	-0.871573	-1.346618	-1.138997	-1.016515	-1.736470	0.299094	1.253619	1.198285	-0.461830	-0.801950	-0.228576	-0.215248	-0.349868	-0.518093	-0.914519	0.026669	-0.523632	-0.830146	-2.456173	-1.125895	1.509134	2.544899	-0.479872	-1.445816	0.159983	-0.831806	0.356052	0.654035	-1.658322	-1.447204	-1.586934	-1.191766	-2.617050	-1.495700	-1.542559	-1.728138	-1.896380	-0.806489	-0.558358	-0.439988	-1.436296	-1.467056	-0.014486	-0.128344	0.713056	0.314724	0.280427	-0.136361	-1.103151	-1.148020	-0.637943	-0.967402	-2.505520	-2.111779	-2.421653	-2.136569	-0.659162	-0.295962	-1.527103	-0.279812	0.553608	-1.811319	-0.993326	-0.140872	-0.620572	-1.105908	-2.214040	1.836058	-2.067139	-0.639384	-0.840562	-0.962962	-0.200994	-0.106738	-1.237894	-1.675537	0.114139	0.675478	-1.621839	-0.015332	0.437289	-1.269196	-0.170581	-0.440214	-0.344595	0.497293	-1.650564	-1.044155	-0.016314	-0.349328	-1.571996	-0.242243	-0.177076	-0.905682	-0.648629	-1.109406	0.149944	-1.461211	-0.318471	-0.047845	-0.972756	-0.210227	0.382981	0.316131
0.175546	-1.300594	0.175893	-0.176285	-0.114823	-0.413139	0.048216	-1.891075	0.177151	-0.566129	0.453456	0.982959	2.004383	2.226129	0.776766	-1.028637	0.727502	-0.056175	0.676531	0.195031	0.305658	-0.189117	0.372938	-0.777933	-0.334173	-1.013784	2.237418	2.822527	0.629431	-1.713881	0.897217	-0.526543	1.337044	1.290168	0.015533	-0.003645	-0.418659	-0.261977	-1.224675	-0.884113	0.063748	-1.946436	-1.453467	-1.530089	-0.275213	-0.777780	-1.177939	-1.470974	0.870082	1.059768	2.144662	2.042382	0.707685	-0.411976	-0.627684	-0.956013	0.480207	0.306505	-1.419899	-1.176230	-0.774613	-1.155625	-0.673686	-0.530618	0.099680	-0.158505	1.035029	-1.726351	-1.007170	0.550327	-0.822925	-0.740402	-2.178958	0.397738	-0.722881	-0.432089	-0.823701	-1.237020	-0.120859	-0.531915	0.666323	-0.434250	1.474943	1.261915	-0.311492	0.728021	0.125456	-1.622198	0.680777	-0.542905	0.326457	-0.172030	-1.946006	-0.857879	0.405994	-0.190673	-1.135027	-0.955794	-0.336592	-0.762748	0.252564	-0.563492	0.584143	-0.915859	-0.643690	-0.498562	0.200115	0.391808	0.130996	0.094501
0.913658	-0.316402	1.654513	0.668384	0.476916	-0.090439	1.217746	-1.258697	0.972539	0.339308	2.121304	0.993758	1.544191	1.793523	1.289974	-0.814969	0.704218	-0.361988	0.896434	0.138247	1.801299	-0.226664	1.135602	-0.193230	1.990770	0.034757	2.169838	1.374061	1.337096	-0.835268	1.320595	0.118097	1.255730	0.823067	1.521768	1.026786	0.768637	0.498376	0.679717	-0.104104	1.694812	-1.177289	-0.359397	-1.663243	0.184110	-0.955748	-0.816770	-1.316720	1.248251	1.568886	2.480271	2.418025	0.873322	-0.200176	0.348964	-0.026823	1.148032	1.081988	0.496698	0.440534	0.937478	0.214803	-1.305898	-1.385911	1.541473	0.207524	0.245298	-1.114538	-0.470903	0.742712	-1.347722	-0.863905	-1.115656	-0.861531	0.727282	-0.089308	-0.465403	-0.588482	-0.145444	-1.111653	1.948213	0.726947	1.665474	0.452868	0.877850	1.037136	-0.752543	-1.864814	0.521787	-0.999952	0.163377	-0.951715	-1.489038	-1.062467	0.571236	-0.316197	0.267519	-0.345512	0.361506	0.116568	0.299383	0.012589	1.152383	0.408348	0.014776	-0.199475	1.173877	0.573869	-0.311434	0.117644
0.389035	0.300956	1.440096	0.194863	0.431295	0.045739	1.215105	-0.118274	-0.312376	0.218020	2.234744	0.508181	0.343537	0.330857	0.278874	-0.793951	-0.346110	-1.261904	-0.016305	-0.663755	1.613413	-0.342237	0.494824	-0.216396	2.906747	0.691864	0.781402	-0.272103	0.772980	0.277986	1.519389	0.296811	0.304349	-0.456710	1.911129	1.138049	1.408260	0.995284	1.342923	0.329851	1.780917	-0.244671	0.360554	-1.233328	0.463699	-0.731790	-1.164234	-1.432341	0.433700	0.558274	1.641620	1.769697	0.092947	-0.645393	0.375979	0.205427	0.531337	0.623507	1.187057	0.941618	1.574776	1.130809	-1.852524	-2.049519	1.020763	-0.079827	-0.753272	-1.238777	0.059858	0.310166	-1.923069	-1.402370	-0.291319	-1.436462	1.291352	-0.296071	-0.180706	0.179680	-0.458127	-1.312136	1.379699	1.075323	0.868004	-1.031478	1.528101	1.123364	-1.316067	-2.262171	-0.441990	-1.671796	-0.573533	-1.012780	-1.189772	-1.491033	0.170333	-0.813554	1.449914	0.678087	0.845600	0.798628	-0.750570	0.102984	1.087386	1.267203	0.775607	0.381579	1.435754	-0.118042	-1.000182	0.050461
-1.290534	-0.065026	0.290319	-0.689856	-0.654316	-0.339348	-0.316474	0.490775	-2.814715	-1.197243	1.272720	0.266183	-0.691487	-0.924473	-1.421016	-0.885730	-1.307459	-1.926798	-1.245426	-1.204042	-0.394619	-0.629004	-1.337473	-1.110675	2.174057	0.237816	-1.085858	-0.743810	-0.764865	0.941343	1.539990	-0.067239	-0.542630	-1.501543	1.351850	0.930120	1.621845	1.558558	0.451453	0.642127	0.177770	0.127043	0.341026	-0.411836	0.495225	0.051062	-1.755823	-1.360785	-1.069687	-1.235187	0.381060	1.109144	-1.266468	-1.841233	-0.917073	-0.686214	-0.632174	-0.278975	0.128020	0.004578	1.302005	1.443947	-1.410236	-1.633668	-1.089077	-0.992217	-0.775183	-1.974585	0.301800	-0.030492	-1.733784	-1.412057	-0.268160	-1.481860	0.799869	-0.571344	-0.134211	0.383830	-0.801852	-0.714169	-0.434770	0.794347	0.158999	-1.624428	1.771078	1.262790	-0.961355	-2.145430	-0.911898	-1.700916	-0.872222	-0.282244	-1.302396	-1.490413	-0.575198	-1.231555	1.769519	0.924208	0.445912	0.659818	-1.649656	0.070198	0.236445	1.257427	0.716499	0.547625	1.295461	-0.867894	-1.206967	-0.436244
-2.687939	-0.796551	-0.058909	-0.464397	-2.019715	-0.927926	-2.114387	0.275544	-4.055705	-2.464138	0.509091	0.684926	-1.045709	-1.184626	-2.293417	-0.628985	-1.307270	-1.682264	-1.694260	-0.890533	-2.368724	-0.833368	-2.756279	-2.059906	0.996163	-0.716963	-1.873361	-0.251865	-2.072472	0.996605	1.257561	-0.381485	-0.546473	-1.524990	0.738232	1.172812	1.891263	2.319926	-0.591695	1.339735	-1.652162	0.021650	0.021430	0.507312	0.535679	1.099671	-1.448649	-0.460178	-2.182240	-2.343429	-0.418109	0.902296	-1.976589	-2.717073	-2.357629	-1.719739	-0.968591	-0.370192	-1.278616	-1.016103	0.991608	1.474121	0.032059	-0.222706	-2.695241	-1.569308	0.121349	-1.931548	0.345136	0.266611	-0.498267	-0.336528	-0.413200	-1.170749	-0.176470	-0.284566	-0.159912	0.011652	-0.736968	0.467745	-1.648429	0.626982	0.270348	-0.627392	1.731161	1.349637	0.037367	-0.952366	-0.264377	-0.640518	-0.252950	0.477539	-1.174878	-0.707426	-1.002581	-1.041294	1.464718	0.152901	-0.480364	0.127268	-1.212598	0.336878	-0.885427	0.955988	-0.180145	0.018620	1.083442	-0.704719	-0.512925	-1.012164
-2.411611	-0.904090	0.961742	1.065761	-2.262135	-1.016661	-2.456147	-0.122041	-2.616956	-2.037135	0.589176	1.315807	-0.775201	-0.606066	-1.721641	-0.020164	-0.529531	-0.746994	-1.011011	-0.206680	-2.520289	-0.588135	-2.405922	-2.125346	0.557683	-1.106465	-1.039750	-0.079920	-2.122613	0.610607	0.600110	-0.198539	0.159091	-0.609214	0.579580	1.714307	2.228695	2.781508	-0.387682	2.227299	-2.080414	-0.018448	0.043258	1.166611	0.789954	1.785833	0.025047	1.014219	-2.210667	-2.072327	-0.361556	0.846045	-1.260064	-2.370661	-2.389321	-1.695853	-0.111960	0.536848	-1.399077	-0.845664	0.995649	1.318517	1.494446	1.193332	-2.219504	-1.060438	1.013565	-0.377493	0.410059	0.897166	1.055705	1.224527	0.118772	-0.505067	-0.814985	0.314132	0.052798	-0.394014	-0.125748	1.532486	-1.089504	0.967842	0.908689	1.060689	1.266785	1.113464	0.912789	0.779819	0.615076	0.792550	0.647992	0.560640	-0.236566	0.515817	-0.634301	-0.186424	1.062852	-0.795267	-1.014412	0.143617	0.280379	0.679686	-1.649183	0.936636	-1.058893	-0.675515	0.615009	0.225107	0.436608	-1.015624
-0.447000	-0.122690	2.098577	2.471022	-0.731867	-0.228813	-0.892368	-0.011389	0.361543	-0.108880	0.996815	1.351482	-0.206382	0.168026	-0.501808	0.364476	0.300358	0.196548	0.241782	0.090866	-0.902069	0.087822	-0.550206	-1.183997	0.837881	-0.688805	0.225606	-0.830240	-0.895797	0.100571	-0.178753	0.311360	0.860233	0.520808	0.532203	1.645111	2.054228	2.274180	0.929253	2.396136	-0.865544	0.200002	0.540633	1.295099	1.088303	1.677819	1.538544	1.971587	-1.226624	-0.950614	0.299310	0.586540	0.282583	-1.080955	-0.622692	-0.423323	1.037929	1.492921	-0.063852	0.289758	0.864978	0.762386	1.981644	1.718490	-0.191237	0.177444	1.364801	1.698248	0.525890	1.110783	1.922208	2.126964	1.215930	0.280471	-0.738602	0.476124	0.610322	-0.367755	0.698470	1.929575	0.590687	1.462867	1.263142	1.937034	0.362489	0.620446	1.179442	1.863797	0.544048	1.446835	0.875101	0.067216	1.068074	1.440279	0.284343	0.842417	0.830097	-0.924527	-0.642043	0.963312	1.478354	0.613869	-1.743576	1.131349	-1.039439	-0.665767	-0.268262	0.916554	0.745056	-0.449371
1.751632	0.889467	1.903855	2.365139	1.547658	0.978544	1.246603	0.491193	2.403945	1.526808	0.847504	0.560031	0.326405	0.639624	0.108670	0.101235	0.714167	0.708357	1.168860	-0.097169	0.883894	0.674512	1.221637	0.024790	0.979226	-0.246894	0.391168	-1.661369	0.684376	-0.236416	-0.592291	0.631831	1.048107	1.178202	0.080534	0.580761	1.023394	0.858805	2.021390	1.340358	0.737902	0.304589	0.989348	0.848078	1.033535	0.904284	1.825284	1.713632	0.153805	0.074290	0.890963	0.215482	1.320325	0.105939	1.711890	1.179674	1.502559	1.643429	1.488699	1.147119	0.227254	-0.134824	1.446582	1.351657	1.394467	1.018988	1.361962	2.706729	0.461592	0.547524	1.816806	1.898572	1.853223	0.677463	-0.388386	-0.062644	1.173517	-0.055880	1.188171	1.637151	1.703086	1.480305	0.940862	1.470295	-0.517306	0.312276	0.911905	1.681790	-0.370548	1.099273	0.285819	-0.313600	1.679251	1.601835	0.958097	1.408249	0.713173	-0.099543	0.197330	1.753956	1.458699	0.128120	-1.247282	1.134454	-0.112857	0.159565	-1.123927	0.749174	0.404646	-0.162539
2.508565	1.258704	0.538942	0.962936	2.674741	1.624421	2.146865	0.663313	2.137539	1.423813	-0.019826	-0.439559	0.588961	0.705231	-0.314848	-0.489296	0.629846	0.721207	1.194382	-0.359027	1.378902	0.674098	1.535202	0.592252	0.508913	-0.584004	-0.573119	-1.464975	1.490156	-0.316245	-0.369880	0.470964	0.829879	1.196113	-0.629596	-0.618921	-0.296963	-0.474440	1.851697	-0.245044	1.285213	-0.089370	0.803184	0.063935	0.506447	0.021340	0.921258	0.735197	1.139794	0.488264	0.865239	0.055628	1.264866	0.491187	2.839888	1.929417	1.185590	1.085973	2.014967	0.958376	-0.509670	-0.793545	0.701186	0.800637	1.191056	0.746916	1.233552	2.172112	0.050802	-0.396278	1.274467	1.135913	1.317343	0.505475	-0.513839	-0.813046	1.191145	-0.019302	1.039768	1.011293	1.300938	0.858410	0.297049	0.535436	-0.789765	0.482480	0.417006	0.660257	-0.930631	0.607658	-0.394832	-0.158588	1.171897	1.193228	0.831432	1.227346	0.550525	0.832343	0.552511	1.547470	0.543630	-0.303208	-0.585311	0.784354	0.775078	0.816038	-1.344409	0.062004	0.116899	-0.746887
1.461078	0.716416	-0.525530	-0.311840	1.825012	1.201711	1.295850	0.155286	0.397884	-0.005849	-0.839247	-0.788283	0.527725	0.546107	-1.076117	-0.689074	0.126139	0.377937	0.398108	-0.476523	0.520681	0.122020	0.426748	0.168649	-0.154169	-1.503423	-1.307354	-0.378892	1.000613	-0.276532	0.214632	0.045226	0.609786	0.863904	-0.935352	-0.766871	-0.882785	-0.706548	0.629112	-1.059772	0.459476	-0.806710	0.029680	-0.621317	-0.101464	-0.437561	-0.048222	0.050749	1.162631	0.331240	0.378247	0.228858	0.704494	0.192933	2.063861	1.350770	0.638165	0.511322	1.343525	0.088825	-0.660690	-0.746541	0.424778	0.602259	-0.166903	-0.191307	0.871110	1.006405	-0.466240	-0.931474	0.863760	0.676307	0.123283	0.188713	-1.173193	-1.057732	0.497439	-0.474900	0.483861	0.452115	0.047898	0.116671	-0.038972	0.267636	-0.455774	0.856952	-0.119229	-0.315751	-0.523845	0.596494	-0.561680	0.202120	0.212832	0.722454	0.150326	0.572936	0.294905	0.938895	0.048351	0.417863	-0.262863	-0.334618	-0.340605	0.309519	0.701675	0.395781	-0.927753	-0.423031	0.224117	-1.587195
-0.104408	-0.201663	-0.388683	-0.518593	0.170301	0.270732	-0.135243	-0.504866	-0.882226	-1.063508	-0.776411	-0.222552	0.293427	0.377663	-1.236130	-0.217597	-0.521925	0.021154	-0.551754	-0.560299	-0.551175	-0.507966	-0.870733	-0.775431	-0.371988	-1.930896	-0.921506	0.410534	-0.317472	-0.262370	0.557474	-0.176902	0.553727	0.541327	-0.538051	0.187550	-0.405201	0.125435	-0.588079	-0.554491	-0.805166	-1.216766	-0.706587	-0.863055	-0.306325	-0.351942	-0.321430	-0.001924	0.337535	-0.050733	0.153091	0.488173	0.376790	-0.274311	0.364368	0.068270	0.299057	0.351952	0.253525	-0.579288	-0.236733	-0.278900	0.476835	0.576889	-0.933743	-0.684210	0.240626	0.347060	-0.579431	-0.596929	0.590668	0.617558	-0.564730	0.137227	-1.508640	-0.485960	-0.422000	-0.934901	0.075284	0.174739	-0.659451	-0.095165	0.167218	0.724194	-0.144187	0.873629	-0.589997	-0.647061	0.076634	0.577350	-0.381831	0.146593	-0.302009	0.386983	-0.367567	-0.006831	0.100416	0.214053	-0.597927	-0.556073	-0.330939	-0.083524	-0.755395	0.045171	-0.152716	-0.632362	-0.405882	-0.372187	0.396578	-1.520529
-0.595964	-0.692613	0.333608	-0.048136	-0.493606	-0.190237	-0.693067	-0.551654	-0.648193	-0.672595	0.091672	0.652259	0.128734	0.266775	-0.569844	0.507938	-0.792483	0.054578	-0.889879	-0.610091	-0.714675	-0.750519	-1.180677	-1.291023	-0.120852	-1.095262	-0.031276	0.219614	-1.334673	-0.243408	0.331873	0.022857	0.530323	0.415918	0.116329	1.066848	0.323600	0.917234	-1.007684	0.487818	-1.354272	-0.904530	-0.930223	-0.715842	-0.112771	-0.070501	-0.234580	0.049792	-0.448684	-0.193902	0.534985	0.411415	0.268815	-0.484896	-0.652184	-0.733583	0.191220	0.463139	-0.379206	-0.538046	0.050211	-0.074587	0.309093	0.244898	-0.311293	-0.196761	-0.344980	0.437431	-0.032989	0.324999	0.170741	0.381397	-0.328494	0.167273	-0.807843	0.550372	-0.896883	-0.768685	0.085590	0.092027	-0.236751	0.276878	0.586847	0.983522	-0.289050	0.387971	-0.765314	-0.247795	-0.103303	-0.149248	-0.315668	-0.366473	-0.240424	-0.018983	-0.381297	-0.248587	0.126282	-0.403506	-0.397969	-0.543808	0.195495	0.212894	-1.321250	0.095076	-0.671301	-0.887385	-0.127586	0.061498	0.374237	-0.365311
0.233886	-0.425305	0.562310	0.194919	0.193373	0.064088	-0.163234	0.049479	0.446520	0.542533	0.828300	0.961455	0.205766	0.184446	0.391771	0.911059	-0.352011	0.472192	-0.398603	-0.375108	0.093601	-0.449227	-0.414699	-0.751269	0.074514	0.513926	0.269314	-0.422125	-1.163312	-0.083726	-0.142863	0.453903	0.479598	0.527713	0.460524	0.896651	0.294085	0.696425	-0.765946	0.813526	-0.922277	-0.165842	-0.755422	-0.560842	0.010489	-0.084773	-0.510179	-0.355915	-0.298768	0.202322	0.984021	-0.111905	0.012752	-0.186746	-0.356241	-0.422863	0.145140	0.478699	-0.314633	0.033121	-0.237708	-0.324001	-0.195287	-0.377410	0.733112	0.674679	-0.634842	0.590269	0.846301	1.116271	-0.395350	-0.381776	0.072532	-0.061847	0.438774	1.317354	-0.730257	0.011946	0.164445	-0.126194	0.619127	0.626853	0.780916	0.498153	-0.489909	-0.087293	-0.418194	0.561429	-0.786023	-1.172231	-0.353019	-0.637850	-0.220990	-0.664519	-0.270191	-0.430243	0.194840	-0.108642	0.657066	0.050935	0.798873	0.612644	-1.140588	0.200895	-0.146113	0.132124	0.026668	0.614633	0.420349	0.813707
1.211593	0.240653	0.157888	-0.038994	1.020004	0.406457	0.540536	0.612248	1.045974	1.143574	0.739425	0.494385	0.511540	0.184680	1.021600	0.807220	0.438620	0.703434	0.395825	0.224053	0.957389	0.160617	0.543081	0.489124	-0.121207	1.550087	-0.159254	-0.675525	0.046571	0.232846	-0.246298	0.804090	0.524587	0.785291	0.486644	-0.024722	-0.443683	-0.306343	-0.534461	0.045982	-0.217743	0.276785	-0.542767	-0.618710	-0.259998	-0.559223	-1.281498	-1.174524	0.682574	0.914314	0.861027	-0.547060	-0.311707	0.618383	0.496096	0.489315	0.047134	0.252554	-0.018755	0.572100	-0.721581	-0.552048	-0.652791	-0.736815	0.841192	0.987544	-0.770768	0.060384	1.378832	1.318169	-0.824754	-1.305410	-0.183231	-0.289048	1.018309	1.318736	-0.274534	0.746036	-0.209856	-0.705276	0.936689	0.416338	0.679902	-0.145021	-0.043227	-0.006903	0.275429	1.182000	-0.821536	-1.359115	-0.137882	-0.090365	-0.812830	-1.429994	-0.540333	-0.931384	-0.145964	0.787268	1.520792	0.118595	1.113740	1.227830	0.055596	-0.040033	0.872956	1.329600	0.237852	1.103747	0.725384	1.142508
1.267276	0.750686	-0.184225	-0.266850	1.042838	0.361666	0.743722	0.717521	0.662714	0.602679	0.170890	-0.078577	0.785735	0.354731	1.036364	0.358707	0.783988	0.270146	0.749251	0.792957	1.018036	0.538125	0.843781	1.350669	-0.489941	1.226847	-0.557663	-0.382293	1.219856	0.521184	0.160776	0.875987	0.600151	0.867252	0.504134	-0.735591	-0.845364	-1.016011	-0.606757	-0.971579	0.029332	0.102958	-0.375687	-0.614293	-0.694754	-1.128883	-2.005389	-1.902671	1.423305	1.300587	0.371608	-0.185418	-0.303782	1.421772	0.887394	1.021849	-0.110844	-0.073895	-0.036679	0.701429	-0.811842	-0.344692	-0.853477	-0.568128	0.017353	0.585997	-0.940076	-1.086965	1.110204	1.034724	-1.009746	-1.793277	-0.807984	0.091745	0.489491	0.696195	0.045559	0.866833	-0.936685	-1.373019	0.602419	-0.148994	0.479054	-0.124629	0.929722	0.445567	0.714932	1.043982	0.115165	-0.517008	0.281087	0.880894	-1.872920	-2.067040	-1.031337	-1.530589	-0.941801	1.211150	1.329656	-0.669166	1.092142	1.651402	1.377311	-0.651438	1.342933	1.394627	0.399194	1.317270	0.819675	0.988902
0.624813	0.950312	-0.074301	-0.067891	0.760354	0.284897	0.711767	0.736514	0.027917	-0.190286	-0.040636	-0.005794	0.633421	0.551968	0.425708	-0.276898	0.316914	-0.514004	0.418960	0.783803	0.334299	0.224913	0.439482	1.106346	-0.644400	0.152416	-0.391955	0.089006	1.396474	0.576151	0.447353	0.579817	0.302810	0.366001	0.480605	-0.838833	-0.237737	-0.816039	-0.592001	-1.160368	-0.136538	-0.235935	-0.091680	-0.082231	-0.783376	-1.183774	-2.063840	-2.032550	1.129569	1.016582	0.198920	0.875542	0.013847	1.400096	0.705482	0.884489	-0.249421	-0.286134	-0.312627	0.561576	-0.499998	0.109302	-1.008594	-0.343961	-0.508231	0.187242	-0.967800	-1.962771	0.218225	0.614469	-1.087762	-1.646624	-0.832001	1.005918	-0.297171	0.053059	0.137561	0.486683	-1.192570	-1.435117	0.271685	-0.348926	0.195457	0.352546	1.370335	0.508529	0.493108	0.155480	0.935423	0.195613	0.350769	1.231374	-2.590127	-2.316652	-0.972400	-1.391978	-1.365001	0.695752	0.402912	-1.279043	0.896627	1.174774	1.626039	-0.975178	1.069385	0.468324	0.356773	1.055120	0.190777	1.115857
0.283500	1.048173	0.165470	0.437608	1.088088	0.684898	0.919882	1.050615	0.016097	-0.175206	0.315525	0.707961	-0.052191	0.466159	-0.591290	-0.994382	-0.491590	-0.844901	-0.178534	0.075947	-0.318650	-0.612671	-0.109555	0.098480	-0.505977	-0.437939	0.120174	0.474021	0.695904	0.402812	-0.042059	0.031140	-0.523221	-0.651098	0.130311	-0.616150	0.790768	-0.114212	-0.099995	-0.380550	-0.212218	-0.208298	0.313130	0.971030	-0.300674	-0.429354	-1.286271	-1.350845	0.237785	0.487732	0.435749	1.602269	0.140112	0.325665	0.574810	0.629703	-0.237590	-0.274470	-0.312571	0.512204	-0.244995	0.332632	-1.169581	-0.532806	0.000001	0.396060	-0.556331	-1.746377	-0.625855	0.268201	-1.005881	-0.991139	-0.073838	1.499357	-0.291030	-0.038331	0.245020	0.232608	-0.328316	-0.441908	0.380365	0.152519	-0.331947	0.349290	0.604879	-0.155061	-0.075003	-0.710702	0.572128	-0.121912	-0.155096	0.507489	-2.197116	-1.886958	0.065900	-0.013823	-0.477883	0.023950	-0.189905	-0.553566	0.757642	-0.086124	0.766786	-0.249696	0.815714	-0.104969	0.306278	0.448960	-0.650087	1.371658
0.665822	1.087830	0.174535	0.840666	1.842298	1.228979	1.217067	1.175279	0.630631	0.523565	0.666500	1.393832	-0.742278	0.114622	-1.397881	-1.490063	-0.850797	-0.396066	-0.446276	-0.829482	-0.356012	-1.158363	-0.318639	-0.709976	-0.278087	-0.133557	0.504302	0.690098	0.138970	0.202797	-1.010035	-0.289982	-1.243973	-1.348109	-0.381118	-0.236931	1.109803	0.365453	0.550379	0.459227	-0.057563	-0.059037	0.588985	1.837343	0.446736	0.730386	-0.097173	-0.148483	-0.175446	0.387098	0.512733	1.207214	-0.123277	-0.834212	0.821347	0.676298	-0.030274	-0.079590	0.139994	0.514415	-0.289766	0.145882	-0.906771	-0.739112	0.876206	0.952729	0.165443	-0.570725	-0.849917	0.049767	-0.448975	0.042976	0.484258	0.886059	0.539401	0.556691	0.650887	0.567908	1.193423	1.130787	0.654235	0.844354	-0.957565	-0.321837	-0.593880	-0.904287	-0.306761	-0.702912	-0.521976	-0.810040	-0.632540	-0.523217	-0.798042	-0.733354	1.423918	1.852519	1.327718	0.186145	0.105067	1.128564	0.814789	-0.805696	0.132509	1.264685	1.097544	0.415798	0.584927	0.022374	-0.491238	1.012843
1.189006	0.797816	0.015397	0.818715	1.972228	1.042408	1.136823	0.381754	1.180304	0.877864	0.530911	1.429574	-0.685891	-0.033735	-1.214299	-1.316523	-0.452446	0.330406	-0.139231	-1.179865	0.089104	-0.754653	-0.092625	-0.689944	-0.128070	0.344104	0.545234	0.587369	0.438666	0.108873	-1.384094	0.093656	-1.022950	-0.876644	-0.404044	0.375101	0.370882	0.355915	0.685557	0.412966	0.048109	-0.411423	0.549344	1.693403	0.829133	1.355155	0.702730	0.755178	0.252234	0.731061	0.134124	0.125172	-0.310313	-0.753990	1.053005	0.703847	0.184589	0.104278	0.487052	0.124419	-0.436639	-0.234845	-0.016948	-0.233661	1.076792	1.120144	0.581596	0.577762	-0.476925	-0.047852	0.502756	1.100163	0.047724	-0.247670	1.289508	1.343848	1.261978	1.235637	1.994965	1.986897	0.630707	0.930000	-1.145022	-0.746431	-0.861973	-0.888548	-0.011080	0.163644	-0.945763	-0.643466	-0.386722	-0.755756	0.543342	0.503141	1.808077	2.575407	2.216199	0.945450	0.729614	1.954910	0.919081	0.026696	0.762524	2.086625	1.389189	1.189984	1.002420	0.127357	0.854867	0.076739
1.103886	0.117188	-0.199630	0.229418	1.038948	0.006511	0.683850	-0.889779	1.140408	0.417090	0.063468	0.652743	0.137344	0.258851	0.100345	-0.409843	0.299503	0.669046	0.506986	-0.575712	0.496199	0.301177	0.441117	0.095293	-0.085787	0.311276	0.251117	0.119232	1.123135	0.021246	-0.652663	0.882064	0.000935	0.456031	0.251047	0.846327	-0.734217	-0.061332	0.238749	-0.488365	0.086063	-0.991507	0.285708	0.481414	0.370213	0.730922	0.563048	0.603400	0.826062	0.872921	-0.340503	-0.629270	0.017955	0.658331	0.782597	0.290250	0.096518	0.001450	0.183165	-0.686470	-0.422473	-0.495337	0.801492	0.744166	0.551755	0.610720	0.203383	0.843397	-0.009399	-0.138271	1.016149	1.360329	-0.807441	-0.668091	1.195916	1.418946	1.449339	1.388529	1.122821	1.115694	0.285503	0.215812	-0.647027	-0.332610	-0.057974	-0.215584	0.310784	0.958874	-0.215673	0.341535	0.356353	-0.078126	0.813344	0.843104	0.652809	1.268832	0.866356	1.020774	0.708840	0.737338	0.648111	1.406093	1.856993	0.986384	0.851126	0.918923	0.812413	0.402329	1.809612	-0.447682
0.364781	-0.445590	-0.576488	-0.766465	-0.259330	-0.863747	0.265100	-1.176485	0.605544	-0.151003	-0.370638	-0.666975	0.819093	0.489741	1.663537	0.635250	0.779589	0.526242	1.015218	0.671667	0.570659	1.057013	1.059527	1.177894	-0.182215	0.072486	-0.230634	-0.293958	1.121041	-0.181996	0.356078	1.008244	0.692228	1.274325	0.782934	0.362868	-1.380011	-0.801914	-0.135982	-1.297119	0.442550	-0.584671	0.022761	-0.875349	-0.729441	-0.781469	-0.165841	-0.378610	0.784513	0.435569	-0.557941	-0.773258	0.569567	1.941326	0.094908	-0.277822	-0.342931	-0.478232	-0.437987	-1.090301	-0.211000	-0.449264	0.666273	1.046564	0.108548	-0.118998	-0.674492	0.272422	0.144280	-0.391377	0.386150	0.304744	-0.834490	-0.031887	0.401632	0.291226	0.626488	0.484653	-0.797541	-0.978114	-0.059015	-0.724699	0.016424	0.230987	0.526622	0.122724	0.220249	0.853724	0.698155	0.942211	0.705954	0.591517	0.196286	0.157259	-1.047337	-0.988683	-1.690434	-0.194117	-0.195801	-1.455710	-0.208425	1.202955	1.641245	-1.382917	-0.433282	-0.412139	-0.278982	0.160071	0.789261	0.048520
-0.462318	-0.345603	-0.994738	-1.507278	-1.059366	-0.655238	-0.020836	0.016449	0.057537	0.033308	-0.677758	-1.862975	0.587940	0.062313	2.312399	1.070132	0.737892	0.274228	1.027959	1.713537	0.404227	0.990860	1.368400	1.960342	-0.452694	0.307872	-0.507519	-0.084333	0.182076	-0.360204	0.430298	-0.077514	0.323466	0.704020	0.326360	-1.118148	-1.339866	-1.557346	0.008262	-1.174083	1.137360	1.189048	-0.111807	-1.278222	-1.514161	-1.802082	-0.456711	-0.986658	0.171342	-0.174055	-0.654910	-0.810513	0.688028	1.707191	-0.497137	-0.333012	-0.710630	-0.977323	-0.550548	-0.362829	0.078909	-0.117692	-0.163318	0.263224	0.195849	-0.415326	-1.115887	-0.403235	-0.012619	-0.767756	-0.822252	-1.227996	0.204609	0.751592	-0.327536	-1.338157	-0.795033	-0.881862	-1.987002	-2.402922	-0.180928	-1.173944	0.144791	0.064539	-0.001791	-0.417924	-0.044157	0.048318	0.805166	0.588467	0.338796	0.528745	-0.146432	-0.431654	-1.586709	-2.000525	-2.965401	-1.659945	-1.175668	-2.325385	-1.143247	-0.963203	-0.158140	-2.894700	-1.398712	-1.462345	-1.388358	-0.635556	-1.548834	0.973759
-0.861172	0.232876	-0.930428	-1.242188	-1.203942	0.261110	-0.414235	1.218741	-0.118994	0.768676	-0.845029	-2.078794	-0.244781	-0.747421	1.672530	0.692884	0.353627	0.113831	0.556834	1.767424	0.202811	0.480666	0.984535	1.900326	-0.735724	0.893924	-0.214205	0.639188	-0.700060	-0.258050	-0.485291	-1.400023	-0.540250	-0.566454	-0.781240	-2.262423	-0.837489	-1.649333	0.359405	-0.262643	1.451245	2.764685	-0.139211	-0.527602	-1.138464	-1.275938	0.193720	-0.393387	-0.435003	-0.380644	-0.844819	-0.953437	0.250366	0.311925	-0.648637	0.179540	-0.517985	-0.936379	-0.046977	0.852953	0.282383	0.248233	-0.468138	-0.516443	0.421137	-0.082131	-0.561112	-0.574071	-0.309122	-0.968982	-1.213003	-1.597782	1.134452	0.810810	-0.485276	-2.038117	-1.455345	-1.411563	-1.365238	-1.761473	-0.094687	-0.893113	-0.268807	-0.545890	-0.889640	-1.182965	-0.022854	-0.519336	0.291647	0.034971	-0.127322	-0.043178	0.388246	0.058490	-0.452659	-0.837239	-1.857233	-1.883076	-1.283603	-1.057020	-1.311953	-2.828994	-1.618389	-2.229840	-1.213870	-1.223414	-1.323117	-1.202220	-2.786022	1.321860
-0.708169	0.539033	-0.292425	-0.185880	-0.945742	0.726757	-0.755921	0.839397	0.038128	1.030469	-0.726978	-1.087252	-0.793420	-1.043653	0.382280	-0.065597	-0.103289	-0.071368	-0.050768	0.755127	0.090991	0.169930	0.108125	0.956837	-0.691489	0.983857	0.366416	1.087591	-0.536292	0.064063	-1.209179	-1.456827	-0.948286	-1.194428	-1.292262	-1.770494	-0.219483	-0.817307	0.405188	0.447866	0.875748	2.285002	-0.130186	0.465005	-0.015933	0.185062	1.030977	0.737236	-0.636310	-0.182097	-0.976153	-0.797530	-0.170220	-0.592106	-0.416603	0.543869	0.095289	-0.319089	0.276817	1.046250	0.229793	0.324218	0.192238	-0.227466	0.306603	0.416862	0.372844	-0.246312	-0.659856	-0.831956	-0.352095	-0.372459	0.830624	0.340549	-0.260389	-1.209728	-0.589416	-0.649095	0.145229	0.110672	0.038465	-0.250685	-0.677465	-0.745613	-0.935065	-1.239727	0.148580	-0.373764	-0.099965	0.024862	-0.160894	-0.493414	1.021654	1.039488	0.912115	0.960621	0.116385	-0.756020	-0.563911	0.688598	-0.635950	-2.266836	-1.037651	-0.346744	-0.248107	-0.255026	-0.145032	-0.973175	-1.685746	0.766219
-0.175937	0.186351	0.021746	0.284823	-0.384651	0.239901	-0.413204	-0.604822	0.140656	0.282624	-0.382552	0.069500	-0.720992	-0.503828	-0.517684	-0.573955	-0.344148	-0.173723	-0.378220	-0.509232	0.135873	0.219905	-0.353885	-0.107073	-0.203147	0.217157	0.410841	0.846859	0.315551	0.196797	-0.827937	-0.204918	-0.783813	-0.750032	-0.670676	-0.139860	0.031434	0.064891	0.087577	0.106892	0.104830	0.085972	-0.065719	0.605620	0.411581	0.829666	0.968695	1.025671	-0.363240	0.054773	-0.813288	-0.212094	-0.037304	-0.089030	-0.031137	0.210565	0.358970	0.145577	-0.010660	-0.150157	-0.058990	0.045921	0.765647	0.573357	-0.015883	0.296915	0.474041	0.122712	-0.877248	-0.612327	0.575562	0.961999	-0.302313	-0.012729	-0.075293	0.160270	0.782003	0.298938	0.629640	0.952971	-0.058352	0.072431	-0.795703	-0.543702	-0.270656	-0.596594	-0.081696	-0.069925	-0.181462	0.224597	-0.054492	-0.533141	0.761588	1.153976	0.745752	1.141823	0.776879	0.363493	-0.031506	0.926817	-0.069532	-0.107514	0.704927	0.673605	0.354126	0.111888	0.709682	-0.378447	0.256017	-0.294277
0.396671	-0.442592	-0.750718	-0.762572	0.317370	-0.577586	0.667754	-1.256959	-0.071742	-0.869365	-0.200481	0.030904	-0.339526	0.252913	-0.309398	-0.408338	0.050145	0.314235	-0.200756	-0.903747	0.320769	0.312627	0.250663	-0.362971	0.409358	-0.739381	-0.371099	0.351272	0.557568	-0.112659	0.218657	0.812546	-0.459367	0.145615	0.265841	0.899860	-0.448323	-0.062940	-0.323699	-1.053763	0.302711	-1.559334	0.213319	-0.230986	-0.492803	-0.081934	0.067110	0.143195	0.329980	0.227160	-0.441409	0.215631	0.515391	1.013837	0.293830	-0.504960	-0.172182	-0.179844	-0.208560	-1.257650	-0.202299	-0.259910	0.328540	0.600033	-0.136548	-0.755973	-0.528183	0.118265	-0.540303	-0.639826	0.415277	0.938974	-0.789548	-0.153659	0.064912	0.706492	0.987909	0.160226	-0.441467	-0.131649	-0.578012	-0.351314	-0.709102	-0.579014	0.030252	0.059767	-0.691906	-0.296164	-0.153140	0.050480	-0.188674	-0.196376	-0.066249	0.304162	-0.782358	-0.463541	-0.171571	0.344462	-0.391649	-0.203534	-0.343030	1.034436	1.328459	-0.027119	-0.061179	-0.497705	0.108659	-0.156931	0.833824	-1.263393
0.632428	-0.768046	-1.827766	-2.279055	0.577803	-0.908944	1.421431	-0.597847	-0.351727	-1.428731	-0.295935	-1.070149	0.094956	0.565408	0.902116	0.414690	1.207137	1.480896	0.387812	-0.030775	0.456388	0.147247	1.324301	0.213800	0.757712	-1.021873	-1.156616	-0.013208	-0.351669	-0.576960	0.825926	0.578985	0.036077	0.861143	0.586592	0.678727	-1.240931	-0.823653	-0.602389	-1.795730	1.396921	-1.257201	0.820455	-1.048305	-1.454556	-1.198560	-0.524638	-0.806798	1.162939	0.458811	-0.117554	0.013947	0.879547	1.412982	0.342022	-0.904824	-0.914876	-0.912347	0.413607	-0.878017	0.212065	-0.191951	-0.358475	-0.102143	-0.023875	-1.961690	-1.378801	-0.254987	0.499593	-0.795066	-0.264493	0.098015	0.068403	-0.325537	0.460124	0.327556	-0.049738	-0.687494	-1.466742	-1.451707	-1.227186	-1.195793	-0.340523	-0.756090	-0.236217	0.473926	-0.899817	-0.751458	0.121661	-0.233861	-0.191272	0.416019	-0.231698	-0.173854	-1.678550	-1.729767	-1.175040	-0.495841	-1.055202	-0.978191	-0.883603	0.290740	0.305500	-1.332524	-0.993221	-1.096352	-1.364130	-0.239921	-0.035501	-1.591439
0.384529	-0.626692	-1.681391	-2.298351	-0.081468	-0.674440	0.815137	0.016378	-0.274875	-1.110298	-0.270257	-1.643169	0.478272	0.402169	2.114277	1.394022	2.339201	2.356582	0.984824	1.337185	0.310026	-0.185734	1.579287	0.774131	0.753112	-0.542310	-0.922408	-0.497213	-1.470173	-0.640917	0.577713	-0.119500	0.813394	1.186773	0.369817	0.254493	-1.308367	-0.777509	-0.606248	-1.160950	1.955045	0.021362	1.520850	-0.826950	-0.768790	-0.727037	-0.099618	-0.712492	1.495079	0.575269	0.021246	-0.498693	0.652149	0.898836	-0.021714	-0.795232	-0.939129	-1.069696	1.285701	0.351966	1.010197	0.290872	0.076676	-0.212789	0.009212	-2.038321	-0.721683	-0.577170	1.550187	-0.637089	0.011673	0.083230	1.369570	-0.442487	0.999828	0.044605	-0.683506	-0.652778	-0.756481	-0.906049	-1.317090	-1.593371	0.415697	-0.362508	-0.200622	0.856511	-0.271947	-0.548214	0.780118	-0.072566	0.392142	0.966676	0.650027	0.521743	-0.641100	-0.981813	-0.994175	-0.998614	-0.858579	-0.566572	-0.655775	-0.649412	-0.618041	-1.635291	-1.398567	-0.689693	-2.041667	-0.010652	-0.551114	-1.023816
-0.153346	-0.261111	-0.295776	-0.600383	-1.280831	-0.396994	-0.786426	-0.421018	0.041897	-0.487070	-0.020913	-0.890833	0.417942	-0.053424	2.154490	1.866229	2.236822	1.822512	1.089926	1.984720	-0.115678	-0.282092	0.645967	0.750462	0.459223	0.077728	0.282884	-1.146098	-1.598699	-0.139460	-0.013156	-0.122242	1.179552	0.933721	0.109824	0.564562	-0.326473	0.400509	-0.329304	0.344092	1.082792	0.625376	1.765597	0.288405	1.362249	1.219774	0.787779	0.324415	0.814254	0.159093	-0.119174	-0.830000	-0.022400	0.214843	-0.653960	-0.572641	-0.232393	-0.399212	1.187975	0.669611	1.449232	0.811946	1.458471	0.748927	-0.229628	-0.808732	1.043225	-0.405411	1.529857	-0.109669	1.405232	1.179978	1.793184	-0.398248	1.011082	0.364455	0.092882	0.767358	1.228144	1.231159	-0.627678	-1.112853	1.007747	0.415776	0.404159	0.980372	0.493176	0.320181	1.178752	0.230396	1.002150	0.833362	1.654715	1.587966	1.274703	0.916559	-0.032675	-0.586316	0.296023	0.190921	0.203544	-0.355549	-0.178851	-0.614827	-0.872443	0.420383	-1.101057	0.459417	0.232783	-0.060340
-0.745736	-0.086859	0.558286	0.763378	-2.128163	-0.475892	-2.043809	-1.199073	-0.058550	-0.206646	-0.170101	0.041851	-0.444111	-0.827837	0.853989	1.542115	0.751045	0.140608	0.492030	1.359312	-0.556423	0.026302	-0.493838	0.362631	-0.038924	0.292592	1.340298	-1.252675	-0.784167	0.422782	-0.314486	0.339842	0.323472	0.011070	-0.203088	1.074572	0.683643	1.298922	-0.086743	1.284861	-0.326112	0.336505	1.231922	1.140892	2.873575	2.715324	1.213930	1.348651	-0.551368	-0.752742	-0.645359	-1.083865	-0.708294	-0.200730	-1.222791	-0.622747	0.224443	0.230206	0.000807	-0.336348	1.059346	0.920060	2.203039	1.606214	-0.707895	0.242348	2.014401	0.283542	0.229690	0.183104	2.384444	1.956741	1.088109	-0.619494	0.150000	0.551097	1.175664	2.046748	2.416058	2.654530	0.037036	-0.375682	0.558308	0.381758	0.584720	0.247999	0.415175	0.705904	0.465707	-0.126978	0.629176	-0.224458	1.898464	1.929151	1.999668	1.806427	0.498676	0.185847	1.099267	0.389384	0.450069	0.369351	0.682259	0.592280	-0.109924	1.004514	0.479957	0.319612	1.196185	0.274854
-1.322548	-0.462064	-0.250631	0.101366	-2.210459	-0.799021	-2.192004	-1.218399	-0.831477	-0.321848	-1.032430	-0.112580	-1.562894	-1.730265	-0.675320	0.700908	-0.782545	-1.137928	-0.477484	-0.079264	-0.743707	0.277050	-0.840255	-0.088111	-0.412391	0.113108	1.271620	-0.445575	-0.102158	0.415648	-0.150369	0.268584	-1.109974	-0.992927	-0.693711	0.865608	0.650605	0.812171	-0.260486	1.024591	-0.807664	0.071864	0.266610	0.915686	2.310762	2.368016	0.982487	1.622854	-1.564291	-1.442538	-1.342059	-1.536077	-1.063853	-0.569507	-1.514005	-0.922976	-0.249885	-0.031258	-1.082532	-1.264357	0.229885	0.469909	1.539761	1.239616	-1.301672	-0.294083	1.073762	1.033568	-1.216361	-0.292808	1.729715	1.365497	0.057616	-1.419752	-0.867428	-0.170768	0.945132	1.511911	1.670503	1.928555	-0.287374	-0.306843	-0.807741	-0.835453	-0.358128	-1.130036	-0.431129	-0.137069	-1.028843	-1.081609	-0.611395	-1.484786	1.512591	1.580892	0.925533	0.929266	0.099093	0.384722	0.443459	0.240629	-0.483926	0.119329	0.530174	0.757535	-0.069783	0.404678	1.037510	-0.672812	0.963005	-0.379491
-1.645789	-1.166167	-1.557228	-1.619334	-1.678934	-0.880137	-1.510630	-0.499136	-1.529827	-0.388346	-1.730856	-0.826283	-1.758560	-2.033268	-1.229711	-0.135584	-1.085356	-1.008653	-1.125191	-1.320494	-0.573327	-0.041103	-0.492321	-0.574058	-0.258096	-0.101281	0.239137	0.448409	-0.152434	-0.075580	0.232492	-0.360104	-1.456148	-1.140426	-0.942777	0.073064	-0.115533	-0.306484	-0.672629	0.307206	-0.207256	0.268137	-0.446022	-0.000261	0.433050	0.755879	0.468216	1.082318	-1.480471	-1.240738	-1.539513	-1.800155	-0.944624	-0.989837	-1.396678	-1.075466	-1.070534	-0.832499	-1.089456	-0.912901	-0.292409	-0.223833	0.377418	0.113250	-1.652102	-1.712871	-0.773230	1.268105	-1.492066	-1.094546	0.048661	0.033829	-0.510807	-2.030099	-1.008934	-1.280217	-0.443941	-0.437221	-0.040894	0.030481	-1.263797	-0.803129	-1.718330	-1.897050	-1.534704	-1.919434	-1.026776	-1.339450	-1.914460	-1.604989	-1.445931	-1.854147	0.976139	1.135764	-0.641173	-0.473572	-0.599349	-0.162201	-1.031849	0.316413	-1.542782	-0.820881	-0.438574	-0.077085	-0.699330	-0.679580	0.149856	-1.491284	-0.185171	-1.092942
-1.124254	-1.180757	-1.427929	-1.947145	-0.573221	-0.277725	-0.475849	0.297631	-1.159018	-0.038461	-1.166473	-0.707489	-0.664725	-1.196112	-0.772786	-0.609320	-0.446098	-0.148780	-0.929717	-1.492961	-0.082760	-0.554181	-0.127321	-0.783216	0.215325	-0.105334	-0.678348	0.487373	-0.394732	-0.239569	0.373321	-0.595993	-0.305114	-0.338315	-0.523042	-0.541855	-0.451999	-0.655124	-0.609080	0.015984	0.376965	0.507509	-0.639562	-0.652209	-0.965012	-0.632647	-0.135083	0.107770	-0.536708	-0.276558	-0.732970	-1.124801	-0.366901	-1.053549	-0.615220	-0.575666	-1.029801	-0.968155	-0.272904	0.268898	-0.290123	-0.575488	-0.251662	-0.546028	-1.148477	-1.803681	-1.728928	0.726213	-0.547504	-1.062943	-1.139371	-0.863012	-0.463644	-1.240263	-0.308777	-1.456082	-1.329065	-1.736441	-1.091139	-1.160829	-1.310659	-0.690954	-1.109573	-1.390911	-1.509104	-1.288740	-0.759915	-1.379930	-1.467250	-1.084291	-1.129357	-1.063312	0.227087	0.508837	-1.251687	-0.997486	-0.638608	-0.628579	-1.558385	0.541406	-1.297249	-1.028734	-0.993693	-0.674156	-0.840161	-1.004286	-0.879707	-1.098925	-0.908385	-0.690501
0.408610	0.187547	0.327253	-0.056865	1.049612	0.883457	0.671046	0.887210	0.248587	0.602444	0.440959	0.404114	0.728014	0.299750	-0.187863	-0.657854	-0.087924	0.162080	-0.026966	-0.508711	0.529406	-0.381317	-0.004047	-0.211071	0.279048	0.043677	-0.648631	-0.093025	-0.117511	0.410205	-0.026412	-0.024357	0.916265	0.468432	0.225709	-0.722279	0.069036	-0.052861	0.236109	0.116356	0.191763	0.419197	-0.608865	-0.632667	-1.099154	-1.084011	-0.833434	-0.782311	0.417426	0.685895	0.693058	0.450409	0.421906	-0.496168	0.812408	0.624947	0.193784	0.094065	0.493947	1.047693	-0.139922	-0.261031	-0.431365	-0.367085	0.335220	0.298251	-1.253755	-0.299730	0.506843	0.253885	-1.184994	-1.031117	-0.090375	0.870732	0.202740	-0.277343	-0.776377	-1.149293	-1.004406	-1.011781	0.387508	0.666858	0.481086	0.345809	-0.162761	0.141759	-0.066544	0.000936	-0.422160	-0.077736	-0.284193	0.095390	-0.918432	-0.694085	-0.793591	-0.583976	0.212798	-0.243068	-0.381390	0.494127	0.275206	-0.096303	-0.718872	-0.109304	0.261086	-0.208028	-0.673052	0.185454	-0.632853	0.761613
1.847865	1.884434	1.979754	2.172918	2.291391	1.728794	1.435485	1.175696	1.461582	0.998270	1.684545	1.334264	1.272596	1.295581	-0.039989	-0.443671	-0.380319	-0.262500	0.798188	0.691741	0.866072	0.422803	0.020655	0.759849	-0.193647	0.149192	0.047059	-0.443576	0.457011	1.235223	-0.632308	0.657016	1.016939	0.550458	0.619089	-0.655734	0.760088	0.598797	1.139378	0.169825	-0.373071	0.156123	-0.598943	-0.270933	-0.547039	-0.865923	-1.292757	-1.120665	0.745804	1.002688	1.646893	1.756869	0.928342	0.215942	1.963185	1.661982	1.485699	1.378464	0.699699	0.944813	-0.114174	0.359041	-0.577214	0.053360	1.744470	2.658065	-0.262477	-1.067602	0.803887	1.731856	-0.630156	-0.840702	0.232216	2.578916	0.026247	1.109680	0.354693	0.331783	-0.464709	-0.303621	2.379089	2.164557	1.580936	1.680023	1.172276	1.082128	0.343393	1.430048	0.204138	0.531597	0.194598	0.713483	-1.849896	-1.871120	-0.121285	-0.050009	1.153212	0.588961	1.225474	0.181906	1.695011	0.909353	-0.227479	0.995966	1.651004	0.783443	0.434155	1.122742	0.005971	1.929663
1.599038	1.871891	1.914046	2.337707	1.804618	1.309045	1.079160	0.833821	1.264907	0.691050	1.495812	1.152039	0.812055	1.064374	-0.110569	-0.199555	-0.534968	-0.536992	0.760805	0.890497	0.564259	0.732392	-0.032682	0.878006	-0.417208	0.102087	0.455561	-0.318017	0.486961	1.132644	-0.687908	0.608481	0.414123	0.163123	0.481313	-0.346899	0.840216	0.673847	1.064160	0.156842	-0.544232	0.006161	-0.460015	-0.000524	-0.108804	-0.398196	-0.928222	-0.691829	0.388313	0.581845	1.314594	1.596560	0.727825	0.329239	1.559347	1.366080	1.446170	1.418833	0.388002	0.408379	-0.050246	0.576454	-0.499598	0.171668	1.618728	2.583167	0.243615	-0.919733	0.468297	1.735763	-0.194198	-0.467031	0.247430	2.218618	-0.210248	1.227948	0.655878	0.827727	-0.157965	0.085115	2.321195	2.022603	1.328211	1.496669	1.252147	0.926383	0.316791	1.442237	0.271525	0.522088	0.227126	0.568337	-1.513622	-1.675291	0.122254	0.097117	1.146938	0.703740	1.395014	-0.005968	1.552319	0.904032	-0.045422	1.185265	1.575117	0.807294	0.884329	0.957892	0.220286	1.617743
-0.468981	-0.241319	0.241492	0.247946	-0.466350	-0.321696	-0.395926	-0.179973	-0.270360	-0.230894	0.105960	0.047337	-0.130027	-0.122287	-0.080858	-0.032196	-0.067594	-0.193796	-0.133106	-0.079727	-0.298449	0.048678	-0.220025	-0.254159	0.042921	-0.059062	0.211888	-0.006574	-0.256542	-0.060366	0.004056	-0.183700	-0.103278	-0.205962	0.090870	0.242824	0.287156	0.296047	-0.078363	0.250753	-0.164583	0.013827	-0.069073	0.088632	0.022459	0.146341	0.273716	0.294317	-0.349878	-0.263962	-0.092065	0.047850	-0.092298	-0.267920	-0.448641	-0.326230	-0.011302	0.028344	-0.179167	-0.108090	0.207023	0.201554	0.017609	-0.008979	-0.153348	-0.169050	0.145360	0.068957	-0.026419	0.081098	-0.040925	0.095221	-0.026910	-0.050025	0.014184	-0.051173	-0.126395	-0.110572	-0.162176	0.027027	-0.106210	0.028789	0.048409	0.086394	0.140976	0.017081	0.098412	0.032070	0.154611	0.200494	0.161240	-0.011792	0.160009	0.110637	-0.036798	-0.056250	0.098720	-0.229941	-0.128390	0.084799	-0.070282	-0.068219	-0.133196	0.086787	-0.261556	-0.237835	0.105305	-0.043669	-0.075563	-0.032958
