X1	X2	X3	X4	X5	X6	X7	X8	X9	X10	X11	X12	X13	X14	X15	X16	X17	X18	X19	X20	X21	X22	X23	X24	X25	X26	X27	X28	X29	X30	X31	X32	X33	X34	X35	X36	X37	X38	X39	X40	X41	X42	X43	X44	X45	X46	X47	X48	X49	X50	X51	X52	X53	X54	X55	X56	X57	X58	X59	X60	X61	X62	X63	X64	X65	X66	X67	X68	X69	X70	X71	X72	X73	X74	X75	X76	X77	X78	X79	X80	X81	X82	X83	X84	X85	X86	X87	X88	X89	X90	X91	X92	X93	X94	X95	X96	X97	X98	X99	X100	X101	X102	X103	X104	X105	X106	X107	X108	X109	X110
0.124955	0.143060	0.116708	0.108857	0.017955	0.037802	0.132607	0.037794	-0.020622	0.042782	0.348568	0.207065	-0.003831	-0.031234	-0.190664	-0.212329	-0.072982	-0.063916	-0.035215	0.086554	-0.142239	-0.198283	-0.208957	-0.165285	0.156923	0.108339	-0.302628	0.161741	-0.020582	-0.210663	0.004900	0.093361	-0.065667	-0.112372	0.045284	0.087240	0.118483	0.173727	0.270481	0.301471	0.050094	0.063808	-0.095033	-0.096637	-0.004359	0.100755	0.031567	-0.081125	-0.225591	-0.206459	0.126525	0.273166	-0.103949	-0.022830	-0.143726	-0.057342	0.124190	0.010157	0.013629	-0.006734	0.087061	0.065150	0.021023	-0.011127	-0.118237	-0.182215	-0.108925	-0.225733	-0.390053	-0.304307	-0.060073	-0.078272	-0.231659	-0.113531	-0.218917	-0.154748	-0.079417	-0.249082	0.033335	-0.010733	0.042156	0.017173	0.037250	0.183050	0.139514	0.188928	0.040432	-0.030893	0.131051	0.005053	0.071412	0.168304	0.070045	0.012169	0.063383	0.054096	-0.221537	-0.088939	-0.151574	-0.082063	-0.426119	-0.073944	-0.026048	-0.121359	0.018224	-0.047718	-0.010516	-0.306214	-0.232082	0.093692
-0.977391	-0.110370	-1.124612	-1.870242	-0.176495	0.073689	-0.436445	0.765162	-0.653035	-0.677658	-0.641912	-0.845347	-1.431105	-0.682220	0.875260	-0.194950	1.150797	0.223629	0.387161	0.248900	1.237940	0.609962	0.936302	1.153093	0.110313	-0.055027	-0.715862	-0.460861	-0.970288	-0.378792	0.290246	-0.454170	-0.652457	-0.583075	-1.039846	-1.509266	-0.855921	-1.308460	-1.260750	-1.386194	0.561664	-0.186599	0.504771	0.634030	-0.088432	-0.146603	-1.328667	-0.444530	0.454286	0.786501	-1.527181	-1.892565	-0.186336	0.464327	-0.178609	-0.074544	-1.389425	-1.632591	1.154498	0.983559	0.630083	0.861285	-1.423357	-0.792865	-0.681625	0.493680	0.241770	0.607911	1.157375	0.395242	-0.051392	0.080512	-0.894308	-1.652375	0.539437	-0.899244	-0.682935	0.362965	-0.615221	-0.306285	-1.293963	-1.769510	-1.035516	-1.127544	-0.634783	-1.810527	-1.083645	-0.115159	-0.936747	0.177089	-0.673388	-0.053468	-1.098686	-1.124132	0.021774	-0.036750	1.211294	-0.560520	-0.000903	0.340133	-0.117675	-1.026432	-0.171342	0.365481	-1.014366	-0.888649	-1.254382	-0.561240	-1.621353	-0.609594
-0.759488	-0.194832	-1.068694	-1.752531	-0.296213	-0.073769	0.134861	0.820992	-0.294054	-0.638181	-0.889004	-1.007500	-1.599620	-0.645465	0.668855	-0.206955	0.930487	0.433972	0.141422	0.032441	1.170166	0.919319	0.904746	1.258767	0.258294	0.192572	-0.869905	-0.538667	-0.283148	-0.861562	0.986471	-0.665909	-0.786454	-0.587875	-0.901499	-1.179132	-0.414759	-1.115427	-1.240477	-1.402492	0.393663	-0.182547	0.735006	0.567846	0.169974	-0.445000	-1.885632	-1.182885	0.270457	1.084279	-1.335395	-1.828937	-0.428258	0.269404	-0.299542	-0.101993	-0.945153	-1.535460	1.488436	1.083407	1.031183	1.098022	-1.975009	-1.501638	-0.768672	0.639615	-0.591439	0.541829	1.466009	0.496159	-0.436769	-0.412589	-0.917454	-1.735105	0.861076	-1.343092	-1.056965	-0.113298	-1.075344	-0.755030	-1.475858	-1.712601	-1.243467	-1.197665	-1.052800	-2.003749	-1.396057	-0.184656	-1.533501	-0.335884	-1.529444	-0.742000	-1.760861	-1.665802	-0.581675	-0.409971	1.412315	-0.548351	-0.144643	0.198872	0.256896	-1.022416	-0.521765	0.557403	-1.175142	-1.335260	-0.940746	-0.503215	-1.668298	-0.255987
0.660553	-0.080184	0.079211	0.009530	-0.329610	-0.452631	1.311994	0.195139	0.366290	-0.009221	-0.445175	-0.393498	-0.570009	0.065906	-0.362016	-0.203627	-0.496577	0.699639	-0.476170	-0.261522	-0.045138	0.801975	-0.042629	0.336540	0.498924	0.813415	-0.433330	-0.192423	1.626882	-1.311915	1.697733	-0.404643	-0.398170	-0.058709	0.256733	0.548473	0.952491	0.275501	0.110019	-0.105093	-0.205389	0.049681	0.626564	-0.100974	0.499356	-0.654354	-1.494953	-1.955936	-0.327181	0.898007	0.240738	0.005398	-0.784262	-0.493255	-0.243925	-0.032819	0.830696	0.052785	1.033273	0.359588	1.058663	0.643979	-1.463533	-1.810854	-0.287499	0.492400	-2.037645	-0.215825	0.533814	0.041955	-1.066664	-1.299871	-0.351075	-0.544966	0.667335	-1.142396	-0.891451	-1.025796	-1.115997	-1.154411	-0.709655	-0.197742	-0.667813	-0.330308	-1.103370	-0.711666	-0.974752	-0.335037	-1.220687	-1.251646	-2.192347	-1.716240	-1.725729	-1.451682	-1.402371	-0.795656	0.599982	-0.104917	-0.425790	-0.440920	0.465362	-0.316946	-0.652875	0.390441	-0.372769	-1.290850	0.526886	-0.047349	-0.624942	0.907916
1.898927	0.103987	0.932734	1.157395	-0.380441	-0.801852	1.585790	-0.479530	0.123352	0.466194	-0.153654	0.137873	0.517752	0.892881	-0.756288	-0.054109	-1.535568	0.878029	-0.672738	-0.142070	-0.835923	0.715748	-0.558424	-0.397717	0.606229	1.300166	0.527073	-0.043254	2.716545	-1.146306	1.662387	0.118474	0.144996	0.665703	1.088952	1.490267	1.587586	0.994230	1.276128	0.825124	-0.370376	0.320472	0.398242	-0.514113	0.520847	-0.521920	-0.807843	-2.132707	-0.195792	0.924244	1.181674	1.241710	-1.080564	-0.999556	0.237850	0.228290	1.693737	1.376704	0.473797	-0.379496	0.491149	-0.202117	-0.570075	-1.467041	0.404059	0.687915	-2.471603	-0.579971	-0.620892	-0.455834	-1.409630	-1.690684	0.191778	0.439192	0.218875	-0.360312	-0.187800	-0.918961	-0.614466	-1.032720	-0.095566	0.868790	-0.103838	0.185628	-1.009136	0.320926	-0.456397	-0.606720	-0.230328	-1.693406	-2.212382	-2.311262	-1.259272	-0.859517	-1.522281	-0.622076	0.095271	0.404951	-0.378829	-0.988323	0.371988	0.088558	-0.117823	0.237542	0.765580	-0.869170	1.442373	0.594289	0.132527	1.636565
1.862773	0.194831	0.622849	0.500313	-0.513910	-0.677082	0.511035	-0.595561	-0.662237	0.460699	-0.642639	0.062474	0.805212	1.360343	-0.044839	0.294173	-1.126304	0.413316	-0.252596	0.239179	-0.329574	0.861627	0.108659	-0.242350	0.506150	1.152863	1.255733	-0.406447	1.732226	-0.423551	0.805065	0.441388	0.439503	1.177140	0.695193	0.622303	0.883784	0.252543	1.324414	0.589844	0.239038	0.513760	0.090439	-0.263940	0.494463	0.011455	-0.548353	-1.597692	0.831546	1.281517	0.499686	0.594213	-1.178812	-0.723631	0.869798	0.576398	0.778178	1.322733	0.294072	-0.578206	-0.556515	-1.002893	-0.122600	-0.688689	0.797345	1.288713	-1.372615	0.050377	-1.118250	-0.538642	-1.139372	-1.105535	0.269874	0.245423	-0.125930	0.310388	0.536689	0.374690	0.202239	-0.172134	-0.122380	0.514143	-0.059738	-0.202604	-0.911736	0.210692	-0.158985	-0.843038	0.354326	-1.325161	-1.558258	-2.141834	-0.781164	-0.373286	-0.567466	0.225247	0.591618	0.784382	0.141359	-1.030045	0.307707	-0.196976	0.740223	0.574330	1.545151	-0.212729	1.014687	1.020004	-0.156545	1.166386
0.876194	0.165134	-0.228883	-0.817487	-0.527165	0.058291	-0.794612	-0.189976	-0.546598	0.275546	-1.402616	-0.314740	0.507214	1.354889	0.809308	0.663570	0.077913	-0.768235	0.272255	0.292133	0.738720	0.969081	1.217841	0.282207	0.194750	0.404370	1.101524	-0.816688	-0.335402	0.173375	-0.150193	0.279427	0.480819	1.289356	-0.423313	-0.851262	-0.107346	-0.840429	0.681374	-0.067340	0.943239	0.584894	-0.333369	0.238938	0.911510	0.632757	-0.584016	-0.699607	1.623289	1.384800	-0.785907	-0.865662	-0.988697	-0.142760	1.111832	0.815085	-0.481328	0.517205	0.283808	-0.415793	-1.489002	-1.409807	-0.173984	0.090644	0.681690	1.626920	0.036935	0.970620	-0.837495	0.005353	-0.394094	0.060093	0.050175	-0.561183	-0.104354	0.272410	0.807515	1.610316	0.821364	1.000172	-0.206702	-0.375981	-0.278409	-0.805610	-0.791975	-0.330905	0.100743	-0.859875	-0.193179	-0.634543	-0.656259	-1.498314	-0.352588	-0.003603	0.825899	1.137606	1.265175	0.971657	0.679222	-0.745303	0.635331	-0.574815	1.204284	1.256043	1.672146	0.494224	0.137739	0.953630	-0.871474	0.041902
0.094562	0.121462	-0.403956	-0.954069	-0.131357	0.951113	-1.229906	0.120157	0.686595	0.265234	-1.336184	-0.405394	0.394436	1.016952	0.906584	0.812274	0.569318	-1.765940	0.458011	-0.154859	1.117036	0.716763	1.494060	0.267485	-0.393608	-0.415878	0.564336	-0.526405	-1.550035	0.243780	-0.625349	-0.096005	0.553885	1.054451	-1.059626	-1.240930	-0.266256	-0.915316	0.194038	-0.186685	0.801452	0.474299	-0.719358	0.485301	1.504134	0.902339	-0.067833	0.333036	1.211648	0.833010	-1.160829	-1.370079	-0.467533	-0.051423	0.880113	0.921175	-0.409268	0.302059	-0.084484	-0.374515	-1.702452	-1.283942	0.050688	0.787753	0.353853	1.186448	0.444604	1.027153	-0.155995	1.050160	0.457745	1.081466	0.018485	-0.719288	0.280047	-0.129451	0.765359	1.883152	0.947161	1.711568	0.323546	-0.429521	-0.222688	-0.798286	-0.579416	-0.302256	0.548497	-0.653859	-1.089807	-0.113570	0.089980	-0.918595	0.326067	0.660074	1.689159	1.397915	0.931265	0.816178	0.752930	-0.499014	1.121860	-0.343035	1.130950	1.528012	1.296950	1.067510	0.010882	0.602958	-0.893168	-0.595702
0.038419	0.082787	0.341066	0.400599	0.542128	1.301792	-0.987023	-0.192063	1.581393	0.481569	-0.301380	-0.071559	0.800396	0.634241	0.512658	0.742120	-0.236390	-1.729122	0.311721	-0.697974	0.507972	0.152443	0.650584	-0.469129	-1.167077	-0.878301	0.844298	0.510795	-1.318249	0.154446	-0.782254	-0.077189	0.727435	0.638556	-0.658871	-0.353137	0.193337	-0.006430	0.076335	0.235349	-0.308024	0.160099	-0.828593	0.511851	1.394357	0.738953	1.334489	1.453069	0.013839	-0.052202	-0.350053	-0.523516	0.289388	-0.371206	0.614317	0.979928	0.862846	1.086252	-0.941972	-0.640169	-1.247916	-0.797458	1.141237	1.638088	0.306429	0.276014	0.028068	0.094719	0.452479	1.995259	1.133525	1.614217	0.416293	0.191408	0.681328	0.044451	0.854312	1.572198	0.886668	1.622107	1.288990	0.636168	0.226161	-0.217538	-0.225951	0.390699	1.122537	-0.333170	-0.914612	0.291521	0.595059	-0.562518	1.324559	1.735360	1.662360	0.960441	-0.283031	0.303755	0.551388	-0.252627	1.123052	0.436777	0.906727	0.996493	0.826818	1.513278	0.729053	0.549176	0.118750	-0.262918
0.177964	-0.108148	1.034282	1.807874	0.908452	0.772885	-0.865862	-0.978660	1.101315	0.789400	0.525783	0.317604	1.269100	0.458732	0.358338	0.678345	-1.397254	-0.932723	0.000841	-0.941762	-0.338588	-0.391609	-0.405994	-1.271331	-1.692901	-1.043489	2.102557	1.397835	-0.680679	0.430450	-1.028627	0.544444	0.694412	0.203812	0.218309	0.643657	0.266180	0.757713	-0.006312	0.551530	-1.514350	-0.258586	-0.634578	0.602551	0.342316	0.519617	2.745812	2.376189	-0.751177	-0.706754	0.647720	0.622610	1.023677	-0.282745	0.579852	0.873133	1.843448	1.990462	-1.765614	-0.966903	-0.735831	-0.348446	2.575659	2.536343	0.673745	-0.390276	-0.075439	-0.806661	0.604329	2.111261	1.528609	1.745748	0.982517	1.321474	0.694625	1.075084	1.078796	1.409378	1.177872	1.166968	1.864093	1.915443	0.678881	0.311809	0.226035	1.144097	1.510488	0.051014	0.436018	0.715230	0.904969	-0.171894	2.152161	2.622543	1.194899	0.464456	-1.061105	-0.159143	0.662886	0.240706	0.401960	1.038107	0.658441	0.160053	0.601241	1.945571	1.473796	1.054096	1.417098	0.479186
-0.003128	-0.474975	0.817295	1.833665	0.621888	-0.314709	-0.939711	-1.516903	0.012669	0.947975	0.215906	0.404286	1.097137	0.370659	0.464027	0.727205	-1.614617	-0.223996	-0.339217	-0.791655	-0.681779	-0.662981	-0.755022	-1.382752	-1.558285	-1.134550	2.876178	1.283555	-0.498874	0.957479	-1.328737	1.190002	0.200870	-0.184551	0.642691	0.816300	-0.392823	0.654352	-0.243014	0.402089	-1.828189	-0.590246	-0.343152	0.656223	-0.808220	0.528390	2.930549	2.547565	-0.549656	-0.979999	0.815831	1.017064	1.400453	0.454320	0.495577	0.356736	1.626587	1.971968	-1.841965	-0.937366	-0.520296	-0.198185	3.069644	2.748976	1.109721	-0.541704	0.598984	-0.834085	0.232898	1.312302	1.625412	1.571580	1.162869	1.605116	0.308281	2.079707	0.955176	1.336383	1.779736	0.964567	1.491766	2.322374	0.729792	0.426730	0.571325	1.461597	1.384974	0.465571	1.532151	0.872820	0.964054	0.466510	2.208043	2.509122	0.912771	0.452365	-0.668599	-0.129749	1.136614	0.742712	-0.496241	0.871378	0.119134	-0.326400	0.555249	2.202367	1.577487	1.592315	2.000497	0.723891
-0.178330	-0.662929	0.009812	0.604860	0.085586	-1.174897	-0.594309	-1.221846	-0.366520	0.641052	-0.575380	0.224549	0.152462	-0.060870	0.261797	0.705064	-0.703421	0.170118	-0.504046	-0.279568	-0.522360	-0.661715	-0.429683	-0.647253	-0.874310	-1.070890	1.832475	0.440556	-0.323948	1.152523	-1.267879	1.085390	-0.543099	-0.546468	0.296215	0.348767	-1.084053	0.068911	-0.462081	0.010314	-1.111382	-0.672235	-0.155209	0.287157	-1.206323	0.476431	1.655569	1.695678	-0.024858	-1.064656	0.158451	0.616041	1.172809	1.063141	0.057468	-0.448516	0.743536	0.983819	-1.018309	-0.365358	-0.343916	-0.225034	1.949490	1.664754	1.234070	-0.496252	1.388010	-0.165950	-0.226264	0.310203	1.400828	1.028323	0.670744	1.019514	-0.099389	1.988893	0.272048	0.742853	1.925002	1.005362	0.468796	1.547222	0.372415	0.284843	0.581777	1.268322	0.727202	0.760276	1.289775	0.484130	0.729332	1.204844	1.416780	1.252165	0.887185	0.727275	0.118916	0.248776	1.320514	0.613435	-0.821459	0.126406	-0.703302	-0.474285	0.258794	1.860169	1.036061	1.350980	1.648066	0.176789
0.116740	-0.352893	-0.443441	-0.490778	-0.040723	-1.148786	0.328610	-0.286042	0.026247	-0.209027	-0.559345	0.067557	-0.900913	-0.891548	-0.373692	0.374425	0.324081	0.568019	-0.342960	0.410141	-0.332750	-0.542245	-0.137829	0.343604	-0.163431	-0.676793	-0.349699	-0.069259	0.516686	0.814544	-0.583894	0.248842	-1.050832	-0.851914	-0.321500	-0.077339	-1.016643	-0.188221	-0.490598	-0.248988	-0.170961	-0.533251	-0.118313	-0.454758	-0.978148	-0.079873	-0.081163	0.278406	-0.081341	-1.025833	-0.401818	0.076121	0.511072	0.911220	-0.479895	-0.985831	0.202088	-0.086367	0.052345	0.396872	0.058172	-0.162072	0.021123	-0.200547	0.971082	-0.585790	1.495674	0.586030	-0.172302	-0.203651	0.863755	0.201594	-0.038735	0.591296	-0.274898	0.782123	-0.442638	-0.459553	1.013138	0.710241	-0.327217	0.278700	-0.084214	0.164849	0.311768	0.734726	-0.005321	0.767331	0.234757	-0.067149	0.387813	1.653175	0.270403	-0.353726	0.623001	0.657647	0.213480	0.416839	0.812479	-0.199198	-0.446022	-0.406077	-1.249145	-0.626090	-0.526583	0.870419	0.257367	0.217451	1.046914	-0.497515
0.427468	0.119285	-0.204464	-0.434106	0.261361	-0.387808	1.145303	0.437450	0.170469	-1.174180	0.255999	0.098411	-1.265603	-1.444247	-0.902856	-0.256401	0.496102	0.904256	-0.049762	0.772135	-0.427691	-0.467095	-0.347094	0.704190	0.232700	-0.217399	-1.666624	0.155484	1.473199	0.358386	0.547400	-0.398140	-1.096941	-0.977727	-0.522506	-0.222505	-0.213687	0.150139	-0.381643	-0.267819	0.066689	-0.466059	-0.170239	-0.895955	-0.788185	-0.934943	-1.102364	-0.777330	-0.844483	-0.766759	-0.089636	-0.139540	0.162370	0.410195	-0.600214	-0.941972	0.278038	-0.464465	0.531703	0.628859	0.416029	0.003749	-1.155070	-1.397056	0.355456	-0.797815	0.807650	1.125085	0.435920	-0.248491	0.168082	-0.458782	-0.104414	1.071636	-0.393433	-0.567700	-0.533513	-1.502193	-0.538323	-0.206940	-0.306531	-0.451819	-0.364081	0.137247	0.078793	0.086015	-0.218093	0.567402	-0.442206	-0.053173	0.229562	1.496186	-0.634748	-1.221951	-0.182478	0.057602	-0.283099	0.196242	0.088449	-0.805639	0.050166	-0.250770	-1.039329	-0.684003	-1.379269	-0.090317	-0.337868	-0.954630	0.874518	-0.334213
-0.154765	0.007815	0.242696	0.381448	0.353013	0.105972	1.249641	0.295584	-0.457067	-1.663426	0.610903	0.226836	-0.833348	-1.081347	-1.010152	-0.956723	-0.101423	0.754988	0.017770	0.366382	-0.755832	-0.513776	-0.839787	0.063759	0.388655	-0.219913	-1.219264	0.272011	1.279665	0.142905	1.565289	-0.087800	-0.877195	-0.859739	-0.124351	-0.306882	0.636273	0.653402	-0.202561	-0.185390	-0.551973	-0.786184	-0.207201	-0.527981	-0.875695	-1.349299	-1.117269	-0.854223	-1.643862	-0.405880	0.788476	-0.169228	0.741735	0.222537	-0.290024	-0.755715	0.439582	-0.292326	0.238385	-0.050981	0.313686	0.041628	-0.866992	-1.021981	-0.652555	-1.029416	-0.300796	1.274732	0.901634	-0.236704	-0.415636	-0.516440	0.622817	1.811019	-0.732744	-1.270713	-0.153618	-1.584035	-1.660377	-1.256079	0.221998	-0.315971	-0.388498	0.125372	0.001372	-0.484809	0.152635	0.466958	-0.343470	0.572906	0.276152	0.733460	-0.971132	-0.931000	-1.047677	-0.525571	-0.456793	-0.007297	-0.182432	-0.442695	0.060130	0.093776	-0.322344	-0.284877	-1.549202	-0.276257	-0.554390	-1.210368	0.937626	0.723644
-1.498497	-0.801316	0.429746	0.796843	-0.116064	-0.471209	0.906486	-0.417505	-1.190572	-1.503764	0.035875	0.298088	-0.185173	-0.169332	-1.083191	-1.491731	-0.575855	0.253583	-0.105777	-0.473160	-1.098781	-0.613579	-1.020203	-0.946997	0.439849	-0.661119	-0.070471	-0.570743	-0.277577	0.029042	1.755245	0.836683	-0.604576	-0.587344	0.491785	-0.388485	0.953737	0.781807	0.149113	-0.135608	-1.307997	-1.367335	-0.118072	0.256266	-0.970833	-1.066704	-0.752687	-0.185516	-1.800271	-0.311750	1.143417	-0.375496	1.658428	0.140518	-0.119536	-1.056934	0.128162	-0.327343	-0.276712	-1.157894	-0.174204	-0.169110	0.085106	0.258431	-1.814324	-1.299389	-1.358471	0.692222	0.584581	-0.292711	-0.715690	-0.103602	1.081095	1.379937	-1.210091	-1.426561	-0.121682	-0.748310	-1.791018	-1.690406	0.426422	-0.002232	-0.184025	0.064633	-0.199810	-0.883703	0.480453	0.600519	0.146838	0.941915	0.222361	-0.264474	-0.744436	-0.077344	-1.158289	-0.528937	-0.086438	0.092885	-0.078266	0.517533	-0.458892	-0.243855	0.177867	0.399422	-0.813523	0.223854	-0.508316	-0.514485	0.483931	1.459913
-2.221591	-1.397397	0.451852	0.339430	-0.663622	-1.582923	0.749114	-0.744392	-1.121966	-0.948081	-0.287255	0.279542	0.185726	0.270357	-1.435158	-1.669688	-0.254637	0.120030	0.036046	-0.758943	-1.250707	-0.600947	-0.529062	-1.222194	0.274897	-0.839903	0.456589	-1.833331	-1.886123	-0.193177	0.737207	1.301812	-0.170356	-0.270225	0.857756	-0.211305	0.713807	0.440375	0.697496	-0.110887	-1.356522	-1.556271	0.093454	0.541237	-0.865698	-0.700281	-0.708854	0.412675	-1.232923	-0.625993	0.411845	-0.742107	1.449879	-0.449048	-0.461266	-1.658089	-0.592126	-0.898118	-0.478090	-1.735616	-0.631394	-0.498632	0.419387	1.011368	-2.323019	-1.465765	-1.809772	-0.555533	-0.288329	-0.237132	-0.779819	0.193604	0.157981	-0.552134	-1.429618	-1.473346	-0.712732	0.246211	-1.321928	-1.276010	-0.024491	-0.261950	0.222793	-0.043890	-0.672623	-1.090698	0.239706	0.720958	0.725255	0.340538	-0.128405	-0.937330	-0.216122	0.373317	-0.401336	-0.117381	0.124095	0.203231	-0.166444	1.125166	-1.033650	-1.192126	0.104342	0.697597	0.212536	0.624111	-0.457776	0.286307	-0.670486	0.721875
-1.357561	-0.886092	0.613214	-0.287512	-0.642726	-1.760987	0.765108	-0.205015	-0.297628	-0.244865	0.646053	0.215853	0.383620	-0.105026	-1.532526	-1.283650	0.655201	0.526804	0.623773	0.003955	-1.066490	-0.417250	0.355188	-0.387626	-0.264835	-0.373978	0.370992	-2.092395	-2.180631	-0.360169	-1.006124	0.732689	0.605858	0.084763	0.803514	0.278613	0.277732	0.003252	1.079838	-0.037728	-0.576052	-0.848075	0.173036	-0.063602	-0.608120	-0.820585	-1.010624	0.370968	-0.372963	-0.997612	-0.684236	-0.794490	-0.314616	-1.265519	-0.916960	-1.577916	-1.037680	-1.357903	-0.449815	-1.343282	-0.914305	-0.791483	-0.166556	0.668330	-1.444481	-1.088151	-1.203843	-1.498940	-0.920574	-0.071466	-0.718154	0.078036	-1.761691	-2.411058	-1.156383	-1.397956	-1.065062	0.771454	-0.869959	-0.387431	-0.511236	-0.825113	0.778000	-0.108381	-0.940529	-1.015810	-0.159349	0.555596	1.273411	-0.765634	-0.489609	-0.891328	0.249900	0.094092	0.376178	0.063014	-0.194658	-0.005343	-0.484807	1.067127	-1.117956	-1.574132	-0.139183	0.384805	0.740605	0.504771	-0.430621	0.471503	-1.697667	-0.953225
0.332413	0.391516	0.895058	-0.203544	-0.108951	-0.388909	0.326568	0.558138	0.379839	0.462633	1.837754	0.101941	0.727800	-0.517558	-0.626490	-0.310876	1.319993	0.664211	1.143008	1.059669	-0.534594	-0.232092	0.893306	0.684155	-1.012246	0.105977	0.385006	-0.866769	-1.157125	-0.231567	-2.283895	-0.406241	1.494893	0.463459	0.447058	0.650664	-0.001252	-0.099799	0.804779	0.076449	0.328912	0.354895	-0.177111	-1.006302	-0.276083	-1.103902	-1.101062	-0.126489	0.322835	-0.976121	-0.942953	-0.197490	-2.105491	-1.244905	-0.755926	-0.301365	-0.532046	-0.805613	-0.635770	-0.494140	-1.179684	-1.023353	-0.826679	-0.076616	0.455350	-0.007481	0.184256	-1.125051	-0.926688	-0.031654	-0.530168	-0.128264	-2.989087	-2.286009	-0.573198	-0.890599	-0.252687	0.811208	-0.535503	0.442004	-0.184551	-0.699220	1.293566	0.009966	-0.397400	-0.488974	0.191798	0.234364	1.380011	-1.172988	-0.348231	-0.172810	0.413702	-0.375140	0.305387	-0.271977	-0.477784	-0.224486	-0.398344	0.719256	-0.493653	-0.649267	0.097597	0.015214	0.627092	0.308747	-0.140465	0.143028	-1.649633	-1.749347
1.271108	1.166583	0.972626	0.478832	0.396229	1.406582	-0.702705	0.580516	0.399363	0.921634	1.387592	-0.100484	1.091443	-0.191493	0.993692	0.777754	1.127141	-0.065988	0.960263	1.183098	0.162269	-0.223367	0.618493	0.835773	-1.469825	-0.213788	0.534496	0.751459	0.132777	0.059827	-2.200898	-1.266859	1.865146	0.687930	0.016896	0.445408	-0.036208	0.164078	-0.102252	0.110295	0.603730	1.014753	-0.767828	-1.395269	0.034916	-0.863373	-0.601538	-0.490874	0.719884	-0.531562	-0.130485	0.643024	-2.133361	-0.099980	0.179057	1.332065	0.809287	0.693714	-1.118125	-0.013535	-1.331277	-1.130341	-0.759875	-0.415919	1.993890	1.130184	1.244254	0.289451	-0.578055	-0.083696	-0.211615	-0.070068	-2.342753	-0.168505	-0.003076	-0.058663	1.258250	0.637257	-0.137396	0.840379	0.991793	0.472538	1.409506	0.279583	0.730582	0.436182	1.315499	0.114174	0.566894	-0.345754	0.391425	0.767108	0.271475	-0.440169	-0.519098	-0.779512	-0.195682	0.143361	0.392648	0.239581	0.552188	0.704686	0.883006	0.048056	0.378548	0.550468	0.517977	-0.148761	-0.573223	-0.795701
0.950482	0.759415	0.604726	0.773707	0.698191	2.050414	-1.423955	-0.096365	0.353706	0.893595	-0.839725	-0.369272	0.922623	0.510433	2.041852	1.230598	0.334055	-0.929528	0.157195	0.142670	0.777647	-0.231098	-0.081441	0.018123	-1.221860	-1.035126	0.333924	1.465863	0.858987	0.173935	-0.999106	-1.486828	1.255273	0.493557	-0.276917	-0.279550	-0.045818	0.348648	-0.984920	-0.048806	0.255998	0.657072	-0.818276	-0.814428	0.075404	-0.186603	0.150110	-0.448178	0.970463	-0.027219	0.689315	0.789622	-0.570338	1.015305	1.212438	1.918580	1.952743	1.923087	-1.385268	-0.090878	-0.908586	-0.847829	-0.209514	-0.424475	2.132862	1.435861	1.045788	1.324285	-0.091188	0.240854	0.056191	0.038931	-0.338108	1.874466	0.484117	0.491072	1.819523	0.303272	0.162551	0.639436	2.080032	1.801671	0.793908	0.348802	1.391765	1.208866	1.966502	0.213552	-0.873949	0.951478	1.177534	1.372312	-0.056750	-0.225444	-1.206339	-1.050944	0.285527	1.036903	1.221694	-0.605794	1.362563	1.035748	1.488261	0.147468	0.455113	0.915813	0.995603	-0.169194	0.510741	0.743554
0.240212	-0.196777	-0.129051	0.013234	1.084398	1.338315	-0.909297	-0.389469	1.009878	0.550137	-2.757822	-0.647431	-0.038748	0.501109	1.723754	0.772149	-0.162376	-0.635838	-0.530939	-1.007565	1.225602	0.168976	-0.322934	-0.628556	-0.355442	-1.148688	-0.113922	1.160181	0.980234	0.005718	0.261833	-1.298254	-0.107743	-0.204835	-0.345411	-1.029796	-0.354763	-0.032807	-1.289133	-0.383102	-0.047381	-0.019868	0.262175	0.440907	-0.290654	0.067250	0.440062	-0.227111	1.208001	0.230655	0.360097	-0.256559	0.716640	0.842334	1.519630	1.078415	1.859372	1.732542	-0.899561	-0.143520	0.278298	0.081825	-0.060355	-0.651306	1.152329	0.856528	-0.115571	1.004180	0.752487	1.206532	0.051447	-0.220818	1.479255	1.856734	1.052180	0.363115	0.489882	-0.299884	-0.037951	-0.058810	2.026242	2.072255	-0.458917	-0.172134	0.884221	1.080027	1.077584	0.107734	-1.827875	1.506650	1.327285	1.330125	-0.433562	-0.263347	-1.119382	-1.108341	0.313786	1.608536	1.225252	-1.615557	1.385234	0.234382	1.080575	-0.205336	0.769973	0.626688	0.498569	-0.149197	0.642323	1.247054
-0.062496	-0.708121	-0.892064	-1.372923	1.587060	0.451327	0.477629	0.370938	1.929790	0.387200	-2.530383	-0.927209	-1.271781	-0.616057	0.717280	-0.024866	0.208933	0.879436	-0.573904	-1.178299	1.582350	1.093980	0.272989	-0.163673	0.530941	-0.024907	-0.160668	0.573780	0.782468	-0.281688	0.794406	-1.006905	-1.375088	-1.119955	-0.249427	-1.340230	-1.020845	-0.915632	-1.213055	-0.777255	0.159042	-0.038037	2.043217	1.712562	-0.645086	-0.465719	0.066392	-0.055162	1.288815	0.271678	-1.023549	-1.848356	0.493454	-0.433729	0.988169	-0.116356	0.592065	0.302279	0.233936	0.420177	1.722607	1.542187	-0.581798	-1.072369	0.076696	0.244427	-1.064178	-0.246378	2.010464	2.281542	-0.090912	-0.647549	1.973374	-0.151151	1.768925	-0.094619	-1.624988	-0.954502	-0.669891	-0.792421	0.640984	1.006842	-1.661866	-1.179217	-0.275342	-0.128621	-0.782266	-0.481703	-1.450923	0.942641	0.716036	0.767729	-0.630276	-0.559680	-0.528535	-1.202455	-0.038403	1.210793	0.486481	-1.868724	0.683556	-0.427766	-0.318531	-0.745545	0.889291	-0.411915	-0.932597	-0.313505	-0.225381	0.651257
-0.180572	-0.620602	-1.314279	-2.314609	1.751507	0.362223	1.299969	1.424713	1.775465	0.607035	-0.650955	-1.188041	-1.889635	-1.951692	0.318864	-0.350432	1.030036	2.105294	-0.152988	-0.444290	1.853740	1.982233	1.156741	1.037105	0.804085	1.379362	0.251600	0.156248	0.397860	-0.499240	0.670869	-0.619299	-1.690326	-1.677820	-0.068908	-1.038027	-1.645955	-1.625024	-1.348194	-1.132406	0.634094	0.593750	3.341552	2.452314	-0.287077	-0.911222	-0.284684	0.258711	0.919574	0.349076	-2.179821	-2.648276	-0.552694	-1.411621	0.329503	-0.347227	-0.708622	-1.025253	1.321332	1.489640	2.680264	2.964060	-0.935817	-0.948770	-0.487626	0.273686	-1.073990	-1.345768	3.056179	2.567167	0.152165	-0.448067	1.113501	-2.324482	2.443139	-0.119794	-2.345125	-1.018887	-1.024502	-0.960203	-1.201384	-0.541234	-1.994287	-1.972719	-0.943858	-1.649200	-1.981135	-1.187482	-0.089936	0.021352	-0.161142	0.133992	-0.334726	-0.421152	-0.178956	-1.332579	-0.143399	0.181913	-0.047302	-0.765852	-0.039287	-0.128649	-1.641633	-0.672837	0.571421	-1.323953	-2.027017	-0.512115	-1.270777	0.150226
-0.584128	-0.475051	-1.261487	-2.146709	1.319711	0.814973	0.661199	1.477001	0.208842	0.842972	0.942844	-1.269374	-1.532911	-2.259737	0.879809	-0.015727	1.331738	1.602857	0.213697	0.216975	1.886656	2.042507	1.510693	1.810677	0.368562	1.750894	0.378549	-0.176676	-0.073033	-0.479316	0.404659	-0.037157	-0.885702	-1.408988	0.190133	-0.266545	-1.716972	-1.557685	-1.786996	-1.382543	0.848605	0.945467	3.329565	2.453969	0.806881	-0.179290	0.209004	1.000184	0.158815	0.683105	-2.046990	-1.913661	-0.961590	-1.017308	0.290721	0.594482	-1.073949	-1.177063	1.769808	2.353064	2.850715	3.624182	-0.192804	0.167016	-0.604078	0.719586	-0.457952	-1.716116	3.093499	1.803093	1.068836	0.717632	-0.304994	-3.008833	2.744066	0.644809	-0.773406	-0.099091	-0.537902	-0.347912	-2.314656	-1.496136	-1.268674	-1.875332	-0.673186	-2.373436	-1.735158	-1.338332	1.081169	-0.259257	-0.798443	-0.226259	0.514333	0.588554	-0.375028	-1.196265	0.209083	-0.611690	0.231692	0.916065	-0.060771	0.515188	-1.734227	0.173031	0.014623	-1.258915	-1.418872	-0.376776	-1.518782	0.291138
-0.999170	-0.494948	-0.988240	-1.148897	0.685628	0.944643	-0.791194	0.389800	-1.261125	0.654865	1.178617	-0.965471	-0.696755	-1.223222	1.513044	0.514251	0.658385	-0.384889	0.257436	0.141488	1.591554	1.127087	1.117643	1.595404	-0.215735	0.991084	-0.164738	-0.460946	-0.346693	-0.069347	0.272699	0.543952	0.336553	-0.372441	0.450933	0.537171	-1.194703	-0.878309	-1.938888	-1.423092	0.672017	0.456051	2.181056	1.816491	1.641067	1.434453	1.381647	1.911777	-0.322441	1.290875	-0.915304	-0.266618	-0.271227	0.499916	0.786702	1.740813	-0.740175	-0.447984	1.596658	2.407515	2.405957	3.099716	1.336130	1.620351	-0.452061	0.995449	0.144675	-1.422167	2.037200	0.628421	2.104834	2.052299	-1.317931	-2.050539	2.367589	1.710837	1.626377	1.266729	0.462114	0.583711	-2.237436	-1.525026	-0.148879	-0.953830	-0.105618	-1.861533	-0.851477	-0.787031	1.235842	0.255190	-1.154477	-0.407511	1.447790	1.837634	-0.659672	-0.594266	0.554812	-0.788853	0.897473	1.536423	0.602091	0.555313	-0.572208	0.960321	-0.374834	-0.353113	0.728930	0.205154	-0.683827	0.345232
-0.840109	-0.321038	-0.930404	-0.200265	0.352935	0.418688	-1.644989	-0.575478	-1.007556	0.101973	0.572202	-0.307579	-0.117801	0.350230	1.302333	0.790304	-0.430719	-2.215458	0.056398	-0.363076	1.118803	-0.011148	0.448641	0.911359	-0.212756	0.219254	-0.760289	-0.494921	-0.215085	0.638626	0.211869	0.701066	1.012089	0.835841	0.458753	0.836881	-0.604036	-0.349968	-1.288068	-1.127536	0.484499	-0.313931	0.719004	0.836555	1.240083	2.291915	2.055556	2.236746	0.176233	1.933847	0.030855	0.934560	0.756760	1.929011	0.974720	1.995937	-0.745651	-0.066558	1.281093	1.723082	1.612476	1.629374	2.251799	2.213146	-0.088446	0.980192	0.540114	-0.649805	0.579572	-0.197707	2.206645	2.341002	-1.383026	-0.447537	1.193937	2.153903	2.529528	1.925284	1.044921	1.066149	-1.558520	-1.180839	0.504627	0.022160	-0.007808	-0.643885	-0.464516	-0.149706	0.609617	0.770455	-1.391919	-0.725420	1.811356	2.186638	-0.410423	0.265758	0.475159	-0.684462	1.139904	0.305706	1.080856	0.050416	0.657185	0.903386	-0.381127	0.489098	2.604409	0.818066	0.457139	-0.356066
-0.252888	0.240734	-1.201888	0.037896	0.256398	-0.318962	-1.210370	-0.295290	0.546768	-0.370481	0.045188	0.373141	-0.009319	1.424934	0.370755	0.748135	-0.941527	-2.508504	-0.206278	-0.516172	0.672111	-0.466536	0.058732	0.529541	0.642502	0.349660	-0.708300	-0.218050	0.119367	1.213080	0.172403	0.352475	0.792823	1.565065	0.052133	0.420576	-0.414387	-0.435789	-0.042279	-0.485617	0.701826	-0.433783	-0.310448	-0.082893	-0.105669	1.315532	1.381649	1.554269	1.408971	2.192770	0.143231	0.962308	1.296277	2.170072	0.278693	1.089944	-1.616242	-0.746906	1.240215	0.919806	0.738930	0.078140	1.677555	1.526541	0.276978	0.924494	0.813000	0.389758	-0.536385	-0.549910	0.965206	1.275333	-0.653344	0.799194	-0.478815	1.510501	1.171151	1.248874	0.664584	0.725494	-1.174762	-1.184008	0.444019	0.410971	-0.264397	0.416665	-0.615011	-0.071095	0.104418	0.496972	-1.363344	-1.158243	1.462255	1.317627	0.382449	0.932561	0.119279	-0.700751	0.722952	-1.739264	0.502730	-0.212308	0.816336	0.229993	-0.150399	0.550389	2.539982	0.850525	0.733661	-1.336771
0.000027	0.732723	-1.355466	-0.300872	-0.037689	-0.729922	-0.016622	0.845416	1.332857	-0.510442	-0.113388	0.758994	-0.046241	1.566319	-0.464546	0.459440	-0.481167	-1.332326	-0.395009	-0.004045	0.222404	-0.143637	0.032748	0.537270	1.855871	1.077704	-0.253811	0.115640	0.251169	1.275553	0.269419	0.019666	0.169477	1.585780	-0.492102	-0.344327	-0.449205	-0.753916	1.114005	0.303723	1.255247	0.179619	-0.686837	-0.628834	-1.076074	-0.582091	-0.062694	0.324119	2.100389	1.713528	-0.096059	0.320458	1.266429	1.083105	-0.861409	-0.363557	-2.703343	-1.873780	1.429459	0.468041	0.133626	-0.685182	0.287982	0.337162	0.247417	0.777881	0.864006	1.198029	-1.091008	-0.815070	-0.768296	-0.256502	0.234117	1.291002	-1.874338	0.265239	-0.984445	-0.201474	-0.288493	-0.110970	-1.289551	-1.594414	0.121798	0.369815	-0.159332	0.850925	-0.509776	-0.410785	0.246969	-0.425446	-0.741671	-1.242487	0.866841	0.095599	1.061339	1.126296	-0.131752	-0.821679	0.006648	-2.676982	-0.917460	0.122727	-0.009119	-0.216319	-0.018590	-0.144174	0.733446	0.212789	-0.052044	-1.677960
-0.377415	0.543604	-0.840266	-0.494989	-0.659165	-0.825494	0.919822	1.369639	0.176925	-0.522112	-0.068155	0.817821	0.050744	0.984543	-0.796084	-0.080483	0.317897	0.084757	-0.454168	0.653186	-0.417430	0.158758	-0.039869	0.366832	2.455479	1.340473	-0.206002	0.165198	0.036608	0.831923	0.554782	0.223083	-0.166169	1.107118	-0.640421	-0.794885	-0.113609	-0.583643	1.677223	0.879596	1.499264	0.609934	-0.719238	-0.828790	-0.824993	-1.449767	-0.902146	-0.619585	1.204532	0.550118	0.036951	-0.030225	0.966332	-0.441893	-1.485079	-1.522972	-2.890320	-2.250373	1.373135	0.180798	-0.019386	-0.567815	-0.566305	-0.360846	-0.330505	0.135747	0.579014	1.207340	-1.275736	-1.234955	-1.669413	-1.210839	0.672587	1.058928	-2.212057	-0.612796	-1.901071	-1.244874	-0.901492	-0.786004	-1.311620	-1.780737	0.089575	0.540217	0.487491	0.682866	0.142930	-0.412131	0.611992	-1.100114	0.291898	-0.671920	0.423300	-0.512211	1.018683	0.936283	-0.165852	-0.822871	-0.676286	-1.585943	-1.837689	0.608478	-0.758578	-0.070791	-0.202621	-1.025993	-1.100611	-0.433088	-0.688511	-1.253675
-0.836445	-0.351608	0.271990	-0.085924	-1.273644	-1.044810	1.006974	0.353105	-1.816124	-0.719912	0.058705	0.649103	0.173233	0.130013	-0.932993	-0.748690	0.473369	0.613426	-0.421063	0.676762	-1.199275	-0.291208	-0.551553	-0.390586	1.729594	0.544727	-0.802785	-0.237354	-0.324510	0.027110	0.842323	0.703617	-0.026623	0.456124	-0.228184	-0.590519	0.775893	0.167971	1.545140	0.868367	0.766249	0.008093	-0.825532	-0.992697	0.168670	-0.536886	-0.577841	-0.937322	-0.789973	-0.682336	0.451803	0.160020	0.439348	-1.258466	-1.194172	-1.950963	-1.805712	-1.494689	0.685762	-0.401177	-0.002042	-0.309720	-0.436745	-0.411312	-1.083907	-1.025692	0.206295	0.425233	-1.222057	-1.539804	-1.291715	-1.381545	0.461789	0.295100	-1.408165	-0.635719	-0.989976	-1.170240	-0.632564	-0.909192	-0.744655	-1.253192	0.443445	1.109267	0.932362	0.129857	0.676927	0.322877	0.392957	-0.937976	0.880288	0.175379	0.012197	-0.490658	0.361372	0.635334	-0.086258	-0.651238	-1.233004	0.618663	-1.136904	0.596505	-0.638335	0.231889	-0.651053	-1.493943	-1.616861	-0.391791	-0.002889	-0.697332
-0.743696	-1.304062	1.217211	0.568439	-1.486116	-1.519232	0.382101	-1.510986	-2.654786	-1.016346	0.149743	0.221403	0.062714	-0.605756	-1.123288	-1.160327	-0.239394	0.219282	-0.351746	-0.043680	-1.665251	-1.196142	-1.265324	-1.348417	-0.050527	-0.780012	-1.372432	-0.885596	-0.517609	-1.074246	0.871233	0.624578	0.232624	-0.172228	0.268009	-0.042816	1.603819	0.767691	0.832762	0.154788	-0.765336	-1.334617	-1.018191	-1.262158	0.879301	0.918471	0.098412	-0.920508	-2.169947	-1.168291	0.439810	0.268270	-0.394093	-0.963044	-0.430920	-1.688048	-0.176804	-0.362792	-0.343035	-1.162807	-0.289759	-0.604102	-0.085873	-0.399156	-1.386914	-1.928776	0.066642	-0.449340	-0.823314	-1.245981	-0.404763	-1.220175	-0.166539	-0.636636	-0.164998	-0.256238	0.564769	-0.231151	0.176359	-0.581358	0.107667	-0.323039	0.787694	1.446583	0.450409	-0.539796	0.426386	1.255489	-0.522064	-0.325660	0.355334	0.533379	-0.592605	-0.493874	-0.228777	0.389865	0.084778	-0.427948	-1.534901	2.171737	0.773403	-0.092652	0.141616	0.142736	-1.120239	-1.325703	-1.003657	0.220924	1.448645	-0.414265
-0.094610	-1.537280	1.316488	0.781197	-1.182527	-1.649588	-0.340763	-2.516741	-1.687535	-0.882584	-0.050143	-0.460824	-0.298568	-0.989805	-1.025111	-1.026345	-1.020572	-0.231550	-0.214039	-0.761629	-1.342221	-1.473987	-1.394404	-1.626404	-1.663740	-1.521273	-1.126776	-1.172945	-0.290919	-2.115363	0.559791	-0.337228	0.206940	-0.704007	0.258283	0.240334	1.607195	0.566500	-0.145491	-0.816970	-1.905120	-2.117875	-0.944797	-1.344702	0.919234	1.239649	0.082532	-0.923634	-1.796407	-0.649382	-0.233596	-0.215131	-1.213202	-0.150232	0.209446	-0.934328	0.991512	0.315121	-0.884296	-1.373791	-0.905117	-1.261760	-0.361008	-0.778533	-0.919207	-1.673422	0.007423	-0.716102	-0.072498	-0.308761	-0.000621	-1.023071	-0.767274	-1.224801	0.727326	-0.322726	1.213308	0.694326	0.653907	-0.158142	0.557433	0.290036	0.613454	0.869949	-0.638635	-0.967666	-0.335771	1.433950	-1.335046	-0.068303	-0.827019	0.054306	-1.183304	-0.827819	-0.270863	0.201129	0.377711	-0.223120	-1.389477	2.102693	2.282306	-0.978476	0.792096	-0.330398	-1.307867	-0.808396	-0.339575	0.634864	1.868079	-0.236175
0.604840	-0.803872	0.674594	0.460713	-0.556203	-0.766191	-0.566360	-1.662103	-0.062450	0.025570	-0.620049	-1.008454	-0.623698	-0.973886	-0.329986	-0.571011	-0.997838	-0.116895	0.038172	-0.756782	-0.347085	-0.599671	-0.569218	-0.871364	-1.946613	-1.155227	-0.127073	-0.629393	0.342452	-2.283550	0.039974	-1.429516	-0.133895	-1.028018	-0.231524	0.044841	0.831968	-0.116491	-0.778209	-1.184522	-1.551859	-1.368784	-0.511973	-0.922040	0.604905	0.202669	-0.591055	-0.950415	-0.350211	0.193204	-0.886910	-0.874728	-1.418158	0.311423	0.522966	0.070088	1.336293	0.528103	-0.485484	-0.690251	-1.275257	-1.466419	-1.144630	-1.359394	-0.004359	-0.330889	-0.344332	-0.298639	0.616571	0.607618	-0.253201	-0.694690	-0.966469	-1.127048	1.014733	-1.078515	0.542468	0.812346	0.299832	0.069010	0.456638	0.337424	-0.211274	-0.368452	-1.250173	-0.832261	-0.755483	0.524521	-1.288943	-0.324124	-1.390129	-0.812516	-1.296371	-1.120755	0.027947	0.060661	0.659462	-0.005701	-0.864427	0.882683	2.211313	-1.289208	0.827891	-0.732899	-0.995446	-0.456653	-0.268379	0.380050	0.499509	-0.031950
0.860212	0.339023	-0.039268	0.181445	0.024286	0.740660	-0.183759	0.237873	0.730333	1.207209	-1.143276	-0.864454	-0.630883	-0.681860	0.454527	-0.352833	-0.249885	0.191865	0.282157	-0.212160	0.546254	0.545642	0.468217	0.186281	-0.843945	-0.278611	0.640036	0.333541	0.919729	-1.150441	-0.458443	-1.616505	-0.458035	-0.950602	-0.573945	-0.251262	0.125471	-0.372262	-0.501929	-0.478332	0.037393	0.387356	-0.157722	-0.248499	0.187944	-0.958109	-0.943652	-0.787842	0.524208	0.370827	-0.764470	-0.856915	-0.826005	0.111726	0.518414	0.850101	1.078635	0.625277	0.352175	0.218815	-0.872896	-0.836953	-1.528419	-1.558908	0.601109	0.928762	-0.797117	0.390794	0.713944	0.704335	-0.604943	-0.221711	-0.647739	-0.476050	0.843638	-1.786462	-0.580662	0.020013	-0.509909	-0.016553	0.297585	0.174098	-1.182826	-1.189386	-0.792425	-0.152249	-0.491327	-0.774121	-0.548651	-0.451436	-0.647237	-1.268789	-0.773728	-0.917142	0.167626	0.032075	0.659016	0.175138	-0.350721	-0.318162	0.842732	-0.711160	0.444974	-0.770626	-0.287409	-0.488615	-0.567381	-0.234539	-1.270887	-0.067616
0.550251	0.973837	-0.347439	0.313253	0.215216	1.458499	0.365920	1.334950	0.339027	1.594602	-1.077585	0.000500	-0.393723	-0.350338	0.435645	-0.620673	0.362717	-0.077342	0.266652	0.093446	0.593531	0.562816	0.617161	0.473792	0.647348	0.172447	0.258297	0.645398	0.846249	0.492035	-0.683784	-0.735631	-0.453074	-0.422217	-0.312353	-0.213990	0.093855	0.106747	0.545734	0.728531	1.441749	1.563154	-0.261056	-0.015859	-0.399136	-1.146022	-0.363785	-0.367744	0.160614	-0.330812	-0.048635	-0.034986	0.083246	-0.421437	0.142936	0.790449	0.395329	0.479500	0.766521	0.440051	0.100269	0.033546	-0.887021	-1.009695	0.396795	0.998209	-0.603530	0.970961	0.182470	-0.075705	-0.628129	0.058230	0.048393	0.242636	0.307223	-1.494924	-1.123539	-0.995628	-0.982544	-0.369828	0.390893	0.106226	-1.487594	-0.868431	0.180541	0.640804	-0.058889	-1.374920	0.075834	0.007497	0.632381	-0.927988	0.080482	-0.257288	0.075129	0.130842	0.228528	0.106295	-0.193424	-0.760767	-0.639943	0.193349	0.144307	-0.615424	0.297760	-0.635221	-0.763967	-0.640811	-1.512990	-0.491853
0.048026	0.752767	-0.289283	0.508374	-0.081656	0.552251	0.586364	0.748046	-0.412653	0.723120	-0.465277	0.903236	-0.296073	-0.213863	-0.491787	-0.993572	0.288091	-0.912398	-0.094012	-0.135693	-0.178101	-0.716936	-0.163201	-0.165699	1.504284	0.083042	-1.045283	-0.140514	0.140053	1.289953	-0.459660	0.418733	-0.192309	0.213684	0.299225	0.133520	0.397109	0.671481	1.478292	1.366989	1.586579	1.252234	-0.554524	-0.501240	-1.049795	-0.494521	0.574953	0.040197	-0.514652	-1.140928	0.343040	0.752425	0.647634	-0.841305	-0.529501	-0.192572	-0.587851	-0.196819	0.526646	-0.035064	0.830092	0.271162	0.337951	-0.002993	-0.301024	0.008136	0.539396	1.314003	-0.492367	-0.960862	-0.461151	-0.147610	0.834727	0.652485	-0.555184	-0.196998	-0.908037	-1.401965	-0.763681	-0.765975	0.414905	0.074571	-0.812941	0.136341	0.673823	1.057714	-0.058236	-0.878999	0.097212	0.579928	1.084810	-0.103260	0.766332	0.378228	0.119822	0.213092	-0.463440	-0.300166	-0.382709	-0.562631	-1.330019	0.571295	0.099041	-0.570889	0.292627	-0.542822	-0.752968	-0.683793	-0.022558	-0.869115
0.034399	0.330088	-0.137447	0.255272	-0.626897	-0.985937	0.489166	-0.453217	-0.629824	-0.625180	0.060644	1.148660	-0.536645	-0.337253	-1.404954	-0.885080	-0.091673	-1.318568	-0.529308	-0.334080	-0.994402	-1.814229	-0.713621	-0.767680	1.465164	0.157852	-2.038862	-1.168760	-0.376052	0.905466	0.103853	1.006638	-0.077027	0.431251	0.638566	0.480170	0.314313	0.668892	1.512050	1.117922	0.757136	0.268396	-0.472008	-1.106345	-1.296685	0.122237	0.764220	-0.016267	-0.379519	-1.263971	-0.040139	0.754172	0.494112	-0.987427	-1.068643	-1.226666	-1.281379	-0.918397	0.133252	-0.348458	0.741644	-0.186197	0.984278	0.601073	-0.615497	-0.860795	1.867274	1.422657	-0.890817	-1.241769	-0.420577	-0.650659	1.400289	0.772454	-1.417012	1.016999	-0.514785	-1.099540	-0.176267	-0.862866	0.026932	0.046633	0.182416	0.717387	0.345553	0.969900	-0.439617	0.001400	-0.223652	0.443057	0.387026	0.605777	0.842289	0.498359	0.422845	0.104138	-0.997455	-0.650882	-0.616453	-0.288319	-1.117088	0.282214	-0.017745	-0.606192	-0.066758	-0.222977	-0.707741	-0.613294	1.526412	-0.646770
0.873457	0.619146	-0.108057	-0.392221	-0.993962	-1.305016	0.496760	-0.525807	-0.248981	-1.259271	0.115315	0.742148	-0.776458	-0.511599	-1.417585	-0.194329	-0.011816	-0.475228	-0.590706	0.137920	-1.095199	-1.278165	-0.138306	-0.390018	0.923287	0.761520	-1.830436	-1.266663	0.065058	0.390649	0.542518	0.820870	-0.372405	0.131787	0.403699	0.656629	-0.263465	0.281907	0.750930	0.703567	0.067206	0.146023	0.046154	-1.008272	-0.883786	0.192900	-0.136738	-0.706031	0.401878	-0.765204	-0.559058	0.242357	-0.345762	-0.932299	-1.009159	-1.205237	-0.923979	-0.713276	0.042545	0.116287	0.132174	-0.480664	0.355200	0.109998	-0.059399	-0.694440	2.254258	1.337554	-0.997142	-1.035319	-0.512148	-0.961280	1.550939	0.841977	-1.720401	1.178676	-0.444146	-0.791562	0.292997	-0.488231	-0.455531	0.236782	0.462577	0.338429	-0.300203	0.629687	-0.765590	0.186576	-0.383893	-0.438715	-0.391157	0.918028	0.132139	-0.043015	0.567126	-0.155461	-1.021629	-0.327547	-0.573423	-0.297338	-0.499754	-0.027801	-0.509102	-0.435653	-0.008852	0.042934	-0.660894	-0.665141	1.558555	0.081191
1.996492	1.649727	-0.321497	-0.915202	-0.916062	0.098241	0.767536	0.864802	0.128314	-0.879630	0.090715	0.268907	-0.491578	-0.378336	-0.637187	0.556444	0.666327	1.121718	-0.094560	1.136221	-0.438538	0.450523	1.000018	0.773816	0.399638	1.293405	-0.861306	-0.292222	1.188491	0.734188	0.418882	0.203952	-0.847719	-0.141424	-0.191589	0.640890	-0.754155	0.121300	-0.038402	0.829643	0.200058	1.266591	0.413400	-0.180249	-0.203345	-0.053268	-1.290079	-1.563920	0.722208	-0.303587	-0.268714	0.122671	-1.340212	-0.703664	-0.444353	-0.054738	0.278090	0.431305	0.116194	1.003263	-0.209116	0.084763	-0.982243	-1.159720	0.851598	0.234144	1.454983	1.182780	-0.964664	-0.978510	-0.504284	-0.826995	1.311962	1.004128	-1.280710	0.573786	-0.625865	-1.056857	0.474591	0.092061	-0.413045	0.708977	-0.210408	-0.447649	-0.596921	0.354627	-0.865063	-0.551678	-0.316046	-1.183292	-0.185503	1.032057	-1.030528	-0.931616	0.215626	-0.310948	-0.590425	0.679761	-0.186725	-0.412228	-0.207253	0.126969	-1.087173	-0.018149	0.738445	0.104892	-0.451241	-0.883296	0.251904	0.669291
2.204877	2.495204	-0.687899	-0.932214	-0.580737	1.767587	0.899949	2.304340	0.091409	-0.228520	0.575031	0.242557	0.367476	0.262639	0.117340	0.824185	1.202084	2.023013	0.568665	1.862842	0.302543	1.416263	1.306761	1.600768	0.204756	1.039894	-0.289548	0.900708	1.828296	1.516526	-0.145823	-0.310679	-0.943730	0.166724	-0.716528	0.386524	-0.644537	0.378366	-0.270628	1.336227	0.784668	2.426380	0.065567	0.522420	0.131417	-0.154529	-1.629229	-1.837369	0.063777	-0.266753	0.933045	0.817083	-1.557435	-0.242258	-0.081448	1.058217	1.005877	1.221307	-0.143402	1.389183	-0.007433	1.091893	-1.757799	-1.995873	1.104806	0.868545	0.365217	1.090784	-0.920639	-1.351804	-0.347526	-0.466938	0.863211	1.265211	-0.683587	0.223983	-0.713163	-1.625419	0.438775	0.338976	0.210978	1.136041	-0.881568	-0.621839	-0.279289	0.309520	-0.788185	-1.246815	-0.381814	-1.051193	0.771902	1.275719	-1.901396	-1.595302	-0.337391	-0.240924	-0.170118	1.455252	0.229297	-0.157042	-0.696491	0.505975	-1.128885	0.301546	1.413876	0.035706	-0.052737	-1.204153	-0.893375	0.714897
0.928711	2.416632	-0.719787	-0.413561	-0.509748	2.120560	0.527521	2.429388	-0.110080	-0.095315	1.496728	0.739088	1.337144	1.243243	0.283204	0.650921	0.828891	1.439968	0.696848	1.710926	0.371696	0.495863	0.210125	1.252756	0.343558	0.238964	-0.518815	1.552343	1.163610	1.535044	-0.513485	-0.305456	-0.299717	0.897148	-0.794579	0.027633	0.053697	0.824279	0.067896	1.698719	0.879544	2.347914	-0.910489	0.363352	-0.014898	-0.035807	-1.057731	-1.357472	-0.925726	-0.525459	2.256431	1.855965	-0.503526	0.300803	-0.540689	0.992042	0.417881	0.701676	-1.037225	0.704159	0.120867	1.417276	-1.407797	-1.581870	0.303686	0.495460	-0.067170	0.938265	-1.075087	-1.814984	-0.323151	-0.334452	0.360027	1.587914	-0.790721	0.388252	-0.591631	-1.830717	0.201222	-0.024937	0.881625	1.239840	-0.379977	0.300853	0.541167	0.531657	-0.321395	-0.775069	-0.745064	-0.290771	1.456318	1.717165	-2.002506	-1.692580	-0.615694	-0.221007	-0.227187	1.066659	0.205150	0.630946	-1.658492	0.675530	-0.525549	0.263910	1.084412	-0.090702	0.294593	-1.484329	-0.831702	0.413146
-0.958961	1.695698	0.156721	0.522080	-0.986395	1.272146	-0.030503	1.491037	-0.007494	-0.508735	2.205068	1.487657	2.044423	2.115625	-0.022791	0.484694	-0.237703	0.198047	0.046778	0.827053	-0.401666	-1.230999	-1.400124	0.009988	0.548086	-0.235528	-0.770424	1.572371	-0.350215	0.517663	-0.263365	0.206102	0.874226	1.358141	-0.250896	0.039327	1.037866	1.352281	0.699930	1.866295	0.005905	1.159914	-1.827908	-0.427266	-0.260149	-0.038602	-0.477087	-0.812104	-1.407446	-0.869658	2.966131	2.500819	1.012581	0.479181	-1.615304	-0.122272	-0.616912	-0.362467	-2.336887	-0.764519	-0.509555	0.548922	-0.668876	-0.503369	-0.881307	-0.599827	0.047030	0.361114	-1.604500	-1.963461	-0.715356	-0.687641	-0.136570	1.794122	-1.729493	0.259700	-0.408539	-1.502871	-0.257195	-0.700081	1.277603	1.184954	1.338330	1.826313	1.558502	0.940602	0.819996	0.838544	-0.999830	0.286313	1.491237	2.116358	-1.648309	-1.438659	-0.712136	-0.618484	-0.745065	-0.255678	-0.372754	1.515141	-2.192501	0.634504	0.118577	0.082052	-0.133273	-0.267700	0.394806	-1.497425	-0.026506	0.165793
-1.923584	1.081359	1.753740	1.619511	-1.606405	0.476622	-0.113443	0.702816	0.382292	-0.884714	2.226394	2.024848	2.455443	2.416243	-0.397898	0.462558	-0.917224	-0.241237	-0.727127	-0.070712	-1.436585	-1.886678	-2.221517	-1.090746	0.489956	-0.063761	-0.220695	1.206274	-1.430243	-0.479729	0.267122	0.708106	1.869941	1.154007	0.660824	0.648645	1.951655	1.925497	1.325504	2.024463	-1.261129	0.030022	-1.989048	-0.997805	-0.248892	-0.390251	-0.612853	-0.836671	-1.266718	-1.201208	2.939194	2.410383	1.527802	0.093879	-2.333015	-1.110862	-0.616533	-0.507763	-3.272813	-2.068556	-1.626155	-0.807789	-0.563274	-0.018885	-1.415131	-1.464228	-0.150091	-0.670848	-2.226931	-1.795135	-1.377882	-1.279768	-0.559146	1.533862	-2.558167	-0.685660	-0.212612	-0.996124	-0.738728	-1.093330	1.564684	1.200401	2.951689	2.861807	2.255617	1.222859	2.201173	2.348632	-0.626990	0.326509	1.391106	2.131506	-1.476916	-1.281832	-1.058752	-1.267486	-1.150530	-1.223211	-1.061936	1.925293	-1.738872	0.576763	0.348164	0.127738	-1.113760	-0.427713	0.343595	-1.084180	0.277534	0.190959
-1.308028	0.773881	2.837472	2.304860	-1.578144	0.253934	0.362810	0.509133	0.568802	-0.744555	1.585611	1.844611	2.423985	1.885691	-0.637168	0.202044	-0.526334	0.480659	-0.701710	-0.325126	-1.872146	-1.068941	-1.863675	-1.288692	0.100633	0.237423	0.872692	0.664051	-1.274985	-0.472917	0.427427	0.677617	1.932039	0.509022	1.229606	1.195488	2.306083	2.100532	1.586483	1.851532	-1.789610	-0.340383	-1.247576	-0.898742	-0.003265	-0.800306	-1.118469	-1.075755	-0.801107	-1.263220	2.286969	1.643325	0.724043	-0.322284	-1.847130	-1.066249	0.481760	0.403391	-2.929188	-2.253627	-2.145901	-1.526656	-1.074073	-0.444081	-0.920380	-1.384918	-0.944970	-1.460984	-2.250912	-1.503833	-1.726071	-1.474473	-0.760176	0.695812	-2.214227	-1.711732	0.133494	-0.507670	-0.842738	-0.878326	1.716586	1.036864	2.956831	2.558115	2.003021	0.907085	2.635910	2.520188	0.280814	0.183341	1.405013	1.540969	-1.518978	-1.259444	-1.508763	-1.417716	-0.850673	-0.880672	-1.340304	1.769702	-0.651184	0.399278	0.499630	0.344016	-0.993982	-0.457787	0.285290	-0.337972	-0.382045	0.511609
0.156997	0.391383	2.242629	1.956964	-0.583573	-0.018068	0.771430	0.252373	0.285532	-0.225472	0.581177	0.803574	1.560144	0.649005	-0.753733	-0.531701	0.323360	1.313453	0.186322	0.089475	-1.321151	-0.027422	-0.948197	-0.727801	-0.329416	0.223810	1.519632	0.143030	-0.290094	0.257158	0.161189	0.206147	0.854387	-0.177406	0.905069	0.804696	1.658117	1.314217	1.174224	0.811811	-1.099881	-0.320827	-0.076557	-0.435645	0.263944	-0.691050	-1.081121	-0.662336	-0.123454	-0.677092	1.035642	0.449054	-0.121280	-0.015414	-0.300553	-0.185836	1.262810	1.092406	-1.102663	-1.118887	-1.423177	-1.212031	-1.230378	-0.831923	0.055317	-0.547251	-1.550248	-1.232053	-1.340155	-1.103790	-1.264167	-0.850273	-0.620612	-0.218562	-0.759173	-1.656045	0.622226	0.105192	-0.345775	-0.225171	1.230586	0.286252	1.163600	1.018598	0.617213	-0.135611	1.394989	1.284428	1.042179	0.243714	0.982751	0.445997	-1.171734	-0.945163	-1.281683	-0.562046	0.063697	0.392884	-1.122946	1.392925	0.375638	-0.087242	1.029500	0.281913	-0.062921	-0.304210	0.142401	0.411388	-1.103122	0.965591
1.242344	-0.276273	0.299832	0.634578	0.760966	-0.728555	0.606993	-0.568258	-0.128737	0.116110	-0.336912	-0.513343	-0.000194	-0.652114	-0.731183	-1.237243	0.425582	1.207071	0.950631	0.527881	-0.215024	0.183800	-0.212742	-0.174127	-0.443031	0.107641	1.217687	-0.160230	0.464773	0.660045	0.108966	-0.079369	-0.700153	-0.683731	0.040109	-0.230265	0.211271	-0.172024	0.199424	-0.784637	0.006900	-0.542645	0.876532	-0.015375	0.512150	0.243899	-0.184625	0.477766	0.609607	0.500419	-0.453511	-0.651859	0.086263	0.975594	1.262333	0.628149	0.816638	0.736706	1.099349	0.456934	-0.073366	-0.401350	-0.371114	-0.297585	0.656185	0.178726	-1.145166	-0.183953	-0.009294	-0.501671	-0.101796	0.297307	-0.193436	-0.531808	0.675581	-0.354181	0.998511	0.834331	0.537869	0.473212	-0.002974	-0.776069	-1.003215	-0.683394	-1.121266	-1.248038	-0.731694	-0.312707	1.174231	0.434861	-0.164692	-0.615297	-0.175429	-0.112370	-0.069802	0.831834	0.828078	1.444443	-0.583084	1.087015	1.115819	-0.634074	1.505694	-0.224808	0.732098	0.097687	-0.111614	0.802736	-0.696358	1.185892
1.293012	-0.987718	-1.366914	-0.745762	1.490166	-1.228180	0.037159	-1.503345	-0.184555	0.008390	-0.662312	-1.203291	-1.172632	-1.143740	-0.449997	-1.127286	-0.510232	0.333723	0.711489	0.340575	0.679407	-0.090326	0.125244	-0.183628	-0.212479	0.205256	0.451943	-0.228761	0.409573	0.205527	0.689940	0.211391	-1.651956	-0.860968	-0.411597	-0.626494	-1.072875	-1.248625	-0.773585	-1.795812	0.305088	-1.035692	1.290646	0.440645	0.924576	1.731459	1.006860	1.455146	0.864695	1.594669	-1.270725	-0.990664	0.806097	1.747140	1.927016	0.771445	-0.122420	0.003878	2.020600	1.184655	0.685353	0.181855	1.105843	0.908424	0.487332	0.165364	-0.074921	0.534445	0.922816	0.230419	1.155130	1.246598	0.355222	-0.254202	1.281245	1.240075	1.150691	1.360472	1.359914	0.987852	-1.100585	-1.229548	-1.872434	-1.374899	-1.925072	-1.438164	-2.040239	-1.139522	0.871725	0.518631	-1.181335	-0.970905	0.864976	0.865434	1.308609	1.735754	0.880245	1.632075	0.230882	0.862212	1.681698	-0.720389	1.004446	-0.734408	0.856123	0.792555	-0.162334	0.686710	0.827016	0.916396
0.509103	-1.477295	-1.620736	-1.273304	1.330186	-0.814315	-0.497519	-1.844482	0.140745	-0.192174	-0.294457	-1.025740	-1.006987	-0.549605	0.110247	-0.140993	-1.490283	-0.313823	-0.196069	-0.369427	1.047179	0.075031	0.214086	-0.556499	0.010222	0.307269	0.067069	-0.221121	-0.071647	-0.666814	1.398884	0.721009	-1.524365	-0.661818	-0.122074	-0.011963	-1.366092	-1.248268	-1.250876	-1.626425	-0.367537	-1.351042	1.249240	1.143003	1.554499	2.989073	1.808388	1.651771	0.314889	1.963356	-0.843484	-0.467749	0.888352	1.599189	1.757671	0.445378	-0.386559	-0.081977	1.179651	0.652234	0.400393	0.328301	2.226280	1.831774	-0.159995	-0.325425	0.429353	0.080032	1.224359	0.887689	1.970458	1.605133	0.882151	-0.112269	1.452876	2.125419	1.272402	1.505312	1.797410	1.311997	-1.143048	-0.666450	-1.231986	-0.878557	-1.288801	-0.556775	-1.694239	-0.906461	0.591096	0.522144	-1.034534	-0.512699	1.211048	1.453972	1.788442	1.672858	0.474350	1.222918	1.131243	0.590270	1.917994	-0.264019	-0.400227	-0.773399	0.507572	1.433223	0.180617	0.291338	2.141174	0.402996
-0.443165	-1.708844	-0.883864	-0.906440	0.907967	0.115116	-0.830705	-1.538772	0.438100	-0.003367	0.219786	-0.639518	0.008247	0.320870	0.678942	0.820462	-1.511070	-0.207932	-0.639476	-0.873665	1.116733	0.763455	0.145392	-0.667700	-0.122426	0.019268	0.398455	-0.182975	-0.264629	-1.203758	1.312559	0.753242	-0.864983	-0.402660	0.184481	0.377224	-0.822763	-0.738811	-1.204476	-0.963224	-0.922073	-1.204176	0.932422	1.750776	1.983736	3.105921	2.011581	1.438375	-0.495419	1.590427	0.155701	0.105514	0.329699	0.809428	1.432009	0.225724	0.040534	0.426203	-0.155943	-0.251868	-0.207125	0.306753	2.305281	1.861342	-0.702293	-0.576650	-0.241937	-1.145074	1.288258	1.316375	2.158669	1.511135	1.167357	-0.565267	1.906237	1.964371	1.381822	1.409618	1.727256	1.410561	-0.402442	0.143902	-0.361561	-0.112053	-0.073054	0.323100	-0.542039	-0.200493	0.464473	0.615214	-0.016112	0.043724	0.889626	1.510827	1.283459	1.093323	0.175581	0.675618	1.430375	0.237201	1.508156	0.193319	-1.305104	-0.507051	0.081125	1.281562	0.428496	0.111131	2.039809	0.137850
-0.993952	-1.653170	-0.216700	-0.223699	0.809499	0.503681	-0.989073	-1.053861	0.391487	0.533033	0.321064	-0.640463	0.484363	0.372477	0.845580	0.839700	-0.755159	0.189712	-0.148930	-0.768406	1.018918	1.101635	-0.118356	-0.309672	-0.562175	-0.558058	0.995147	0.019790	-0.075986	-1.132326	0.196022	0.115435	-0.416376	-0.518439	-0.124029	-0.364030	-0.224739	-0.569389	-0.871295	-0.720533	-0.547759	-0.753412	0.405751	1.546119	1.568966	1.739134	1.704672	1.346064	-0.731930	0.819551	0.451269	-0.064295	0.011652	0.146657	1.173328	0.272871	0.325182	0.647940	-0.523702	-0.488937	-0.259538	0.336034	1.356843	1.120702	-0.807102	-0.380176	-1.218987	-1.992113	1.370173	1.394639	1.705422	1.150786	0.825978	-1.193383	2.349869	0.907739	1.041097	1.130819	1.139384	1.097981	0.094878	0.224604	-0.293282	0.052879	0.520971	0.178941	0.074559	0.261092	0.338242	0.739443	0.572179	-0.071274	0.508300	1.191833	0.580160	0.607094	0.096533	0.034536	0.579006	0.014069	0.594936	0.128999	-0.654727	-0.454839	-0.303699	0.111447	-0.034284	0.427337	0.710420	0.171865
-1.033186	-1.221759	0.041486	0.373783	0.765601	-0.019161	-0.907554	-0.701220	0.061419	0.941239	0.100172	-0.790738	-0.087061	-0.449152	0.497618	0.030563	-0.147203	0.113790	0.494957	-0.491245	0.526905	0.471646	-0.460333	0.034637	-0.958553	-0.962976	1.110804	0.323593	-0.086903	-0.760073	-1.162994	-0.621826	-0.181792	-0.877509	-0.570711	-1.173952	0.007499	-0.643020	-0.458129	-0.839523	0.099935	-0.379988	-0.232193	0.418411	0.229769	-0.341214	0.979444	1.180529	-0.381387	-0.158273	-0.307140	-0.697310	0.123663	-0.079380	0.537570	0.174435	0.196383	0.179111	0.034288	-0.129150	0.192005	0.306483	0.025583	0.179737	-0.549679	-0.201599	-1.127556	-1.803038	1.236271	1.043666	0.725185	0.526495	-0.221833	-1.335671	1.828993	-0.598244	-0.013042	0.539511	0.255096	0.328121	0.017708	-0.294536	-0.639419	-0.269947	0.274376	-0.596565	-0.103067	0.314015	0.119627	0.615518	0.126873	-0.752083	0.413880	0.624356	0.224250	0.246242	0.045391	-0.781428	-0.837844	0.210877	-0.233583	-0.356941	0.747950	-0.623031	-0.698679	-1.136479	-0.897156	0.929294	-0.620623	0.058995
-0.778230	-0.578747	0.181349	0.751001	0.199613	-0.780581	-0.596193	-0.507614	-0.285908	0.893817	-0.097854	-0.619694	-0.879408	-1.111544	0.047535	-0.549734	-0.068278	-0.594296	0.345384	-0.658162	-0.313888	-0.530432	-0.466945	-0.080429	-1.124316	-1.063861	0.568624	0.319524	-0.603502	-0.452511	-1.780528	-0.776381	0.208833	-0.827527	-0.369943	-0.585950	0.013490	-0.360698	-0.201437	-0.745189	-0.139415	-0.347163	-0.691472	-0.719231	-1.152302	-1.702927	0.072890	0.537989	-0.115150	-1.126072	-1.277357	-0.951334	-0.050750	-0.173550	-0.571982	-0.348310	0.200743	-0.425832	0.423301	0.027358	0.385523	0.051462	-0.813048	-0.353442	-0.110216	-0.330166	0.205536	-0.928998	0.732363	0.514399	-0.266489	-0.163465	-1.200079	-0.974661	0.374785	-1.706671	-1.185846	-0.139886	-0.334508	-0.424619	-0.041950	-0.485692	-0.575497	-0.502466	-0.199963	-0.790420	-0.366931	0.240400	-0.189526	0.086685	-0.700314	-1.257454	0.440016	0.000895	0.100412	-0.212748	0.071070	-1.455621	-1.456650	0.669987	-0.614051	-0.738770	1.161240	-0.435534	-1.020651	-1.262725	-1.134568	1.054734	-1.084963	-0.400233
-0.306020	-0.196764	0.176325	0.600031	-0.589415	-0.999851	-0.415570	-0.531183	-0.393726	0.472920	-0.358854	-0.381030	-1.084598	-0.842850	0.086319	-0.043714	-0.099034	-1.354351	-0.406468	-1.109244	-0.740854	-0.621015	0.206064	-0.320013	-1.197797	-1.110687	0.104499	-0.159076	-1.023070	-0.219281	-1.472090	-0.362344	0.526307	-0.142367	0.132847	0.719667	-0.144983	0.043248	-0.352176	-0.517857	-1.080848	-0.578396	-0.728295	-0.856467	-1.445020	-1.562137	-0.519790	-0.242530	-0.091872	-1.408961	-1.700683	-0.773671	-0.818510	-0.393273	-1.232171	-0.821578	0.610665	-0.425862	0.258555	-0.204193	-0.082995	-0.344385	-0.700534	-0.193164	0.507468	-0.309075	1.467000	-0.126661	0.270452	0.415900	-0.484607	-0.374499	-1.055897	-0.590784	-0.595072	-1.585972	-1.489438	-0.178256	-0.028910	-0.333962	0.233183	-0.113113	-0.314463	-0.658895	-0.582913	-0.170423	-0.347198	0.135302	-0.581307	-0.672758	-1.187077	-1.303363	0.395309	-0.258463	0.114951	-0.476176	0.301215	-1.431657	-0.674047	0.615908	-0.632639	-0.736961	0.168944	0.317908	-1.001768	-0.262527	-0.400449	0.745785	-0.865477	-0.746470
0.502560	-0.363293	-0.326688	-0.351492	-0.495159	-0.597118	-0.729424	-0.807960	-0.045157	0.021684	-0.853782	-0.710737	-0.802418	0.072894	0.765221	1.290394	0.066183	-1.482265	-0.692408	-1.024422	-0.018349	0.666106	1.296410	0.028494	-1.238327	-1.087083	0.557622	-0.565201	-0.571117	0.073797	-0.883669	-0.067187	0.174452	0.613228	-0.181403	0.624377	-0.687691	-0.379093	-0.776021	-0.733825	-1.218570	-0.673584	-0.485480	-0.065139	-0.422068	-0.492999	-0.459859	-0.391732	0.315663	-0.356165	-1.679275	-0.853688	-1.472940	-0.496097	-0.457285	-0.476994	0.869065	0.236215	0.222646	-0.216889	-0.837961	-0.699380	-0.005191	0.384956	1.316917	0.436226	1.416386	0.248386	0.312055	1.022741	0.287832	0.169966	0.132560	-0.393802	-0.021285	-0.381071	-0.684524	0.773594	1.084106	0.929714	0.332055	0.023638	-0.654917	-1.170125	-1.017177	0.257869	-0.350990	-0.273470	-0.872328	-1.264800	-1.351379	-1.345728	0.381340	0.107555	0.568675	0.110369	0.499462	-0.559220	0.752306	-0.525408	-0.383274	-0.550052	-0.836358	0.995766	-0.409369	0.794313	0.473791	0.541569	-0.589429	-0.483667
1.389278	-0.806730	-1.112668	-1.603670	0.858923	0.024582	-1.264163	-1.010994	0.823041	-0.041861	-1.145136	-1.454654	-0.293942	1.035339	1.595678	2.369489	0.145422	-0.842687	-0.044853	-0.048981	1.477327	2.259664	1.994301	0.930428	-0.936094	-0.595643	1.706060	-0.305057	0.452036	0.256320	-0.618409	-0.396535	-0.574378	0.980481	-1.333504	-1.143085	-1.497053	-1.671338	-0.851911	-1.272355	0.185404	-0.284849	-0.326897	0.622700	0.993237	0.355852	-0.011460	0.129975	1.342113	1.522322	-1.432253	-1.201088	-1.222005	-0.150457	1.317125	0.641824	0.391065	0.897845	0.627709	0.174647	-1.315381	-1.009891	0.498014	0.770475	2.024452	1.632723	0.297714	0.331420	0.577346	1.678084	1.178996	0.923923	0.963344	-0.183392	1.267766	0.727079	0.442263	1.927152	2.073525	2.504301	-0.094543	-0.554112	-1.340704	-1.778601	-1.215764	-0.013640	-0.432267	-1.045863	-0.647781	-1.355378	-1.264838	-1.628160	0.538834	0.720064	1.416156	1.432036	0.346595	0.631373	1.814422	-2.154033	0.125686	-0.375409	-0.657482	0.939045	0.645204	1.249221	0.674498	0.733252	-0.499680	0.116371
1.514628	-0.996156	-1.257607	-2.018429	2.232235	0.577838	-1.312765	-0.663442	1.822031	0.501703	-0.656344	-1.600311	0.677088	1.930873	1.936740	2.383249	-0.046655	0.074655	0.766645	1.077899	2.422681	2.611028	1.717620	1.385092	-0.063616	0.360782	2.347055	0.298941	0.746085	-0.027885	-0.606434	-1.054667	-0.519157	1.271047	-1.806884	-2.233796	-1.834341	-2.422251	-0.173585	-1.192731	1.869971	0.414110	-0.339685	0.467965	1.661796	0.493774	0.272997	0.499111	2.101530	2.543712	-0.626561	-0.819093	-0.125879	0.350861	2.363849	1.443519	-0.597570	0.837609	0.658338	0.209601	-1.334093	-1.307574	0.563312	0.702706	2.136556	2.280772	-0.684406	0.283707	0.277770	1.432910	1.023624	1.000283	0.438749	0.115132	1.507967	0.874208	0.971480	2.090031	1.937846	2.857236	-0.414441	-1.129693	-1.033537	-1.489308	-0.398507	-0.046972	-0.025741	-1.593076	0.264008	-0.935912	-0.494457	-1.570690	0.789799	0.909953	1.716553	2.157264	-0.060018	1.286534	2.287941	-2.876434	0.482749	0.034017	0.058014	0.349617	1.527156	1.417986	0.476926	0.780162	-0.402896	0.249610
0.342860	-0.662651	-0.180827	-1.006127	2.024690	1.022654	-0.777013	0.140557	2.168229	1.293603	0.309617	-0.561007	2.055362	2.701052	1.633300	1.509375	-0.041072	0.584403	0.801647	1.299891	1.895575	1.369084	0.702211	0.625946	0.920184	1.015121	1.728741	0.434775	-0.405861	-0.681641	-0.451832	-1.320050	0.808056	1.790742	-0.579094	-0.933968	-1.105032	-1.417105	0.830766	-0.018200	2.077764	0.832920	-0.315145	-0.232921	1.233507	0.281674	0.329548	0.211223	1.644365	1.586573	0.895817	0.753394	1.093797	0.205768	1.497865	0.996628	-1.326560	0.017441	-0.373454	-0.653903	-0.980427	-1.385539	0.735790	0.613900	1.461156	1.787990	-0.950372	0.055042	-0.826173	0.341758	-0.257579	0.237785	-0.602130	0.265338	0.240167	0.505835	0.684581	1.127213	0.557484	1.344208	0.169426	-0.795483	0.781248	0.078799	1.465351	1.099365	1.142800	-1.169954	1.321635	-0.291406	1.047225	-0.595916	0.977505	0.608883	0.607248	1.056185	-0.493419	0.786381	2.305852	-2.083936	0.006110	1.066832	-0.134187	-0.132761	1.378060	1.588115	0.624593	0.045788	-0.080455	-0.343284
-1.440453	0.097757	1.570463	0.828462	0.203906	1.339709	-0.461680	0.643787	1.461063	1.529655	0.823977	1.052105	2.778968	2.747128	1.054782	0.611968	0.579558	0.284104	0.138339	0.410480	0.260778	-0.347940	-0.336247	-0.804328	1.197436	0.740760	0.475936	0.139924	-2.054546	-1.009267	-0.099854	-0.845468	2.163664	1.931409	1.257633	1.362618	0.354845	0.765530	1.384818	1.540912	0.777714	0.700324	-0.236939	-0.712684	0.239449	0.190603	0.656970	-0.211206	0.363425	-0.457985	2.311202	2.431160	1.753464	-0.828105	-0.621606	-0.249658	-1.247207	-0.730302	-1.724893	-1.673946	-0.305393	-0.984714	1.451060	1.015403	0.325271	0.634500	-0.957165	-0.383507	-1.959091	-0.445229	-1.440076	-0.530680	-0.488433	0.154145	-1.142066	0.545848	0.019394	0.095887	-1.170599	-0.912381	1.356500	0.272155	2.767144	1.952136	3.107341	2.768955	2.405422	0.237571	1.589193	0.365691	2.313147	0.802338	1.037959	0.462404	-1.329038	-1.334438	-1.047766	-0.834955	1.629248	-0.730436	-1.176519	2.552643	-1.288650	-0.320604	-0.054324	1.342558	1.104529	-1.022444	0.514095	-0.919138
-2.437893	0.991115	2.821082	2.405318	-1.602038	1.416672	-0.871469	0.363523	0.328660	0.827395	0.559946	2.172587	1.827879	1.549325	0.540298	0.319823	1.244266	-0.698088	-0.451079	-0.876574	-1.311306	-1.306354	-0.953482	-1.606519	0.643125	0.018820	-0.263995	0.285528	-2.558358	-0.504402	0.196034	0.126156	2.049922	0.879840	1.851719	2.193673	1.617815	2.441032	1.306109	2.428391	-0.442968	0.439238	-0.315039	-0.624515	-0.579790	0.276464	1.439072	-0.037285	-0.383323	-1.629846	2.530176	2.771127	1.598315	-1.819918	-2.268878	-0.919109	-0.344295	-0.477381	-1.965479	-1.609682	0.644813	-0.179264	2.162548	1.644384	-0.758152	-0.250171	-1.079026	-0.811684	-2.045222	-0.123592	-1.350672	-0.443553	1.036890	0.013977	-1.174724	0.988746	-0.425484	-0.209985	-2.141633	-2.128306	1.956430	1.137797	3.192834	2.813358	3.243211	3.407110	2.822401	1.722545	0.640036	1.082448	2.064368	1.422891	0.912582	0.883093	-2.459265	-3.029554	-1.667305	-2.740153	0.082391	-0.181915	-1.821622	3.584220	-1.901221	-0.367757	-1.868387	0.303698	1.222722	-1.135111	1.195261	-0.600372
-1.987406	1.605813	2.792258	3.073310	-1.944026	1.115326	-1.196480	-0.155147	-0.219452	-0.223603	0.007425	2.311557	-0.300094	-0.386014	0.047469	0.397982	0.955449	-1.724140	-0.628651	-1.802465	-1.909154	-1.305494	-1.140611	-1.182606	0.113659	-0.053997	-0.274914	0.983637	-1.457369	0.461870	0.413036	1.148536	0.697596	-0.955266	1.060751	1.396477	2.083218	2.684487	0.996849	2.275227	-0.510268	0.546019	-0.338140	-0.138956	-0.938329	0.265820	1.980633	0.596264	-0.036848	-1.184488	1.449847	1.602811	0.918571	-1.632153	-2.425276	-0.371730	0.933023	0.645823	-0.705140	-0.264509	1.708021	0.729210	1.853273	1.618876	-1.440054	-0.482760	-0.863809	-0.901490	-0.751784	0.745666	-0.200030	0.342045	2.351937	0.029534	-0.054069	0.967286	-0.332134	-0.242831	-1.995263	-1.821359	1.249429	1.273794	1.871445	2.276384	1.935946	2.400604	2.107037	2.188185	-0.911057	1.774277	0.402587	0.743373	0.521976	1.397330	-2.005341	-2.786138	-1.589363	-3.703909	-1.658307	-0.615125	-1.041154	3.181120	-0.933511	-0.138574	-2.677820	-1.094843	0.740578	0.147866	1.440267	0.524446
-0.702174	1.601120	1.550099	2.651384	-1.019793	0.409730	-0.275763	0.064000	-0.126484	-0.713145	-0.489300	1.641524	-2.022417	-1.897989	-0.544188	0.083652	-0.173463	-2.006520	-0.686070	-2.087761	-1.459994	-0.867906	-0.938220	-0.120209	0.364576	0.827628	-0.371878	1.046337	0.128190	1.088659	0.777596	1.834112	-0.322384	-2.104753	0.444089	0.842654	1.743647	1.900986	0.621187	1.371003	-0.000402	0.845797	0.408541	0.500479	-1.122305	-0.166926	1.435116	0.887607	0.493882	-0.213635	-0.108844	-0.092551	0.379753	-0.356609	-1.506056	0.570221	1.815815	1.383455	1.081407	1.362727	2.647533	1.610089	0.361147	0.503060	-1.497377	-0.330916	0.164055	-0.524763	1.147502	1.029019	0.712602	0.816534	1.924781	0.034752	0.759732	0.061562	0.016636	-0.857441	-1.295184	-1.175965	-0.333128	0.838934	0.078262	0.844230	0.206619	0.468093	0.611104	1.263948	-1.836514	1.869786	-1.309044	-0.507900	-0.032721	1.238650	-0.918742	-1.436666	-0.184994	-3.082253	-2.492370	-1.038163	0.373370	1.230065	0.830569	0.567635	-1.997361	-2.073185	0.264053	1.560466	0.681073	1.461537
0.403323	1.087152	-0.198534	1.224218	-0.155771	-0.452533	1.575942	1.137078	-0.338319	-0.428851	-1.035775	0.574257	-2.483913	-2.414147	-1.059269	-0.884237	-0.777222	-1.258685	-0.792901	-1.737274	-0.601547	-0.369156	-0.360800	0.668654	0.997572	1.741688	-1.137800	-0.257133	0.942909	1.095653	1.175994	1.811089	-0.296908	-1.780842	0.900946	1.378907	0.818939	0.885597	-0.087891	0.173968	0.002200	0.749303	2.001770	1.099276	-1.527721	-1.101762	-0.067624	0.422276	0.254386	0.079170	-1.400565	-1.381437	0.317233	0.827410	-0.566334	0.746836	1.661820	0.787049	2.248962	2.275434	3.142805	2.414529	-1.305236	-1.114202	-0.789621	-0.069687	1.475548	0.122270	2.302254	0.406032	0.517458	0.322334	0.132815	-0.149012	0.327017	-1.067645	-0.111801	-1.950524	-0.787272	-1.305007	-1.767589	0.154295	-1.068853	-0.821288	-1.211295	-1.373181	-1.151111	-0.384635	-1.377408	0.855052	-1.961659	-1.207224	-0.454934	0.302963	-0.572128	-0.673132	1.710499	-1.413041	-2.066118	-0.722719	0.907417	-1.164145	1.778417	1.323141	-0.640686	-2.297097	0.363959	1.538325	-0.912517	1.377661
0.878717	0.612815	-1.560467	-0.652460	-0.149067	-0.966219	2.599764	2.049017	-1.273105	0.096366	-1.408814	-0.391767	-2.172343	-2.278336	-1.229475	-1.760669	-0.017924	-0.070876	-0.685113	-0.852794	-0.090994	0.090418	0.299192	0.841059	0.973503	1.642217	-2.067159	-1.717677	0.902537	0.857620	1.010602	0.854866	-0.137589	-0.748186	1.475368	1.745757	-0.387238	0.027556	-1.077833	-0.812047	-0.548010	0.140698	3.124214	1.326489	-2.049443	-2.071232	-1.446627	-0.380884	-0.290513	-0.119349	-2.093085	-1.848549	0.185630	1.208940	-0.156717	0.092554	0.583705	-0.573057	2.414882	2.282822	2.766904	2.752091	-2.079312	-2.211756	0.422664	0.291247	1.970509	0.627738	1.815376	-0.501507	-0.330238	-0.639333	-1.331938	-0.320972	-0.840397	-1.436807	-0.999919	-2.509392	-0.595317	-1.739010	-2.243351	-0.517192	-1.477377	-2.080302	-2.132346	-2.438858	-2.582311	-1.603511	0.019674	-0.794920	-1.585434	-0.912809	-0.571374	-0.807646	-1.069750	-0.945104	2.310586	0.220004	-0.987459	-0.049239	0.337349	-2.414747	1.287447	1.338406	0.411072	-1.810771	0.764746	0.153620	-2.199887	0.361105
0.888954	0.516852	-2.003302	-2.011367	-0.428034	-0.748342	1.731758	1.850345	-1.937840	0.332437	-0.884173	-0.813040	-1.737239	-1.917585	-1.080078	-1.618261	1.227256	0.617948	-0.141764	0.280714	-0.113224	0.339136	0.607266	0.663234	0.069191	0.563043	-2.174525	-1.530658	0.761945	0.758918	-0.059553	-0.719801	-0.690188	-0.139105	0.894066	0.715225	-1.380393	-0.629546	-1.630774	-1.161524	-0.682240	-0.402749	2.366784	0.876546	-2.000704	-2.205130	-1.809061	-0.782217	0.048047	0.079223	-1.971296	-1.396100	-0.718595	1.224656	0.020952	-0.450550	-0.595277	-1.319656	1.843715	1.734811	1.347826	2.075741	-1.842172	-2.242069	1.320418	0.629182	1.344030	0.617971	0.074098	-1.072309	-0.733665	-0.970371	-1.504094	-0.176412	-1.564906	-0.769142	-1.774235	-1.880407	-0.302418	-1.173874	-1.571385	-0.908743	-1.485949	-2.271961	-2.338969	-2.313623	-3.000887	-1.739346	1.167672	-1.770038	-0.772814	-0.022403	-0.457380	-1.468584	-1.267573	-1.138464	1.024963	1.345796	0.016827	0.144429	-0.124388	-1.845876	0.181229	0.465705	1.069111	-0.692772	0.669711	-1.037223	-2.114249	-0.827299
0.748077	0.456094	-1.730654	-2.280405	0.124563	0.018239	-0.019018	0.786435	-1.202898	0.154681	0.692384	-0.723782	-1.048826	-1.308027	-0.801581	-0.577217	1.573259	0.539785	0.698041	1.281678	-0.124651	0.226016	0.557975	0.557710	-0.746814	-0.526746	-1.229078	0.206515	0.903227	0.804935	-1.471077	-2.006985	-1.271306	-0.011776	-0.603430	-1.069452	-1.725976	-1.125547	-1.185559	-0.970785	0.304918	-0.376366	0.188640	-0.078356	-0.847750	-1.053112	-1.224046	-0.398553	1.255659	0.717326	-1.088781	-0.372799	-1.945267	1.413179	0.536838	-0.246404	-1.235633	-1.020963	0.988150	0.996440	-0.537763	0.459417	-1.158996	-1.368705	1.170030	0.543699	0.511036	0.127103	-1.420498	-1.224025	-0.231836	-0.240889	-0.997222	0.188010	-1.288012	0.306569	-1.169794	-0.518029	0.291694	0.604114	-0.317879	-0.994947	-1.156053	-1.254780	-1.555487	-1.111933	-2.120041	-1.167345	1.395713	-1.289130	0.181592	0.803971	-0.149440	-1.428569	-0.248211	-0.183110	-0.703744	2.223838	0.626386	-0.378490	0.300682	-0.392612	-0.324214	-0.593258	1.706353	0.677111	-0.283936	-1.000849	-0.869520	-1.504452
0.620386	-0.151527	-1.404654	-1.826351	1.690126	0.649018	-0.872484	-0.125427	0.440034	-0.344398	2.238407	-0.705525	0.182084	-0.437183	-0.386263	0.217534	0.955593	0.330431	1.555761	1.957742	0.429160	-0.046615	0.554593	0.710058	-0.582846	-0.888243	-0.131592	1.449539	0.882470	0.772338	-2.150321	-2.165891	-0.693890	0.350475	-1.683536	-2.062599	-1.495734	-1.513944	-0.198318	-0.888323	1.923915	-0.038414	-1.385505	-0.922660	0.944564	0.724411	-0.378235	0.533936	1.799877	0.923294	-0.104711	0.312794	-2.070644	1.486608	1.456774	0.306318	-1.451071	-0.603740	0.259328	0.290012	-1.789891	-1.191100	-0.452353	-0.133069	0.211606	-0.148025	0.531331	-0.210264	-1.362526	-1.114837	0.628137	0.839662	-0.874218	0.420462	-0.407014	0.852532	0.843521	0.579188	0.829554	2.243046	0.491667	-1.141609	-0.455993	0.109509	-0.070343	0.166904	-0.491143	-0.751306	1.092283	0.046737	1.282022	1.173335	0.465185	-0.722317	1.577492	1.602332	-1.144867	2.883416	0.739545	-1.036471	0.927625	0.365766	0.199907	-1.106365	2.126961	1.456514	-1.580100	-0.356124	0.323309	-1.499433
0.492585	-1.283178	-1.354387	-1.348500	3.104833	0.585673	-0.443764	-0.418633	1.216046	-1.000289	2.371446	-1.189005	1.444452	0.236473	0.261712	-0.039525	0.488500	0.631935	2.191448	2.322548	1.303112	-0.097174	0.717487	0.929232	0.189254	-0.709485	0.035188	0.789430	0.167981	0.460990	-1.533361	-1.239405	0.780068	1.067565	-1.705992	-1.820781	-1.166891	-1.771823	0.265294	-1.335480	2.846849	-0.077231	-1.202979	-1.234620	2.082246	1.800989	0.153035	1.320001	0.588120	0.253761	0.226678	-0.065423	-0.509760	0.928492	2.201362	0.461815	-1.557889	-0.922810	-0.059158	-0.222337	-1.729755	-1.937518	0.202935	0.874015	-0.462060	-0.996882	1.352006	0.323133	0.078077	-0.778247	1.020994	1.247238	-1.246214	0.472792	0.376407	0.414651	2.698667	0.877280	0.850897	2.355589	0.264321	-1.572842	0.282380	0.637071	1.179561	0.347473	0.871013	-0.789255	0.885900	1.030549	2.273258	1.096521	1.262590	0.365343	2.819110	2.891385	-0.229796	2.729499	0.406036	-1.052198	0.862964	-0.064395	1.131799	-0.925034	1.647833	1.157791	-2.304776	-0.251977	0.735206	-1.035660
0.272444	-2.157804	-1.222831	-0.986348	3.064815	-0.065520	0.105222	-0.545845	0.234888	-1.501859	0.845837	-1.819514	1.748132	0.236749	0.937031	-0.848068	0.817048	1.302159	2.336440	2.336233	1.657538	0.149880	0.718029	0.862665	0.425786	-0.631534	-0.722562	-0.838919	-0.962917	-0.086407	-0.088667	-0.188589	1.525779	1.336495	-1.304270	-1.232167	-1.030634	-1.720990	-0.269828	-1.906601	2.177246	-0.681391	-0.210633	-1.140418	1.693452	1.482774	0.203135	1.303902	-1.404644	-0.608693	-0.043140	-1.136058	1.511261	-0.033744	2.168820	0.134673	-1.359098	-1.548412	0.107220	-0.378775	-0.667634	-1.614103	0.730357	1.236427	-0.131575	-1.299601	1.804857	1.536627	1.457920	-0.181496	0.664761	0.729473	-1.295549	0.591850	0.722886	-0.544660	2.803466	0.655177	0.289993	1.010537	-0.498330	-1.839013	0.553358	0.107823	1.428927	-0.576199	1.343796	-0.715806	0.713597	1.154313	2.516100	0.833884	1.669334	1.239429	2.393294	2.696414	0.738611	1.443903	0.027789	-0.192504	0.412618	-0.661790	1.469634	-0.332110	0.183620	0.417346	-1.978793	-0.735633	0.786394	-0.376171
-0.081646	-2.006110	-0.560983	-0.408035	1.559609	-0.691208	-0.159222	-0.928555	-1.350322	-1.497505	-1.163182	-1.802218	0.834991	-0.197891	1.212655	-1.073657	1.385790	1.706596	1.799157	1.841948	1.073310	0.413295	0.419411	0.403329	-0.306604	-0.896186	-1.244657	-1.468326	-1.545390	-0.490426	1.124498	0.087201	0.639768	0.581075	-1.212178	-1.054023	-0.933151	-1.195763	-1.221904	-1.857629	0.362135	-1.253255	0.138220	-0.888891	0.292382	0.435675	-0.058952	0.466926	-2.141597	-0.740444	-0.172374	-1.705718	2.268446	-0.625334	1.363866	-0.125588	-0.473472	-1.421010	0.544822	-0.113402	0.523278	-0.727517	0.970387	0.984986	0.674610	-0.831252	0.874094	2.176086	1.603627	0.560201	-0.051190	-0.050045	-0.461295	0.759562	0.715996	-0.984930	1.197797	0.534354	-0.557888	-0.532706	-0.754273	-1.257116	0.287514	-0.513571	0.784049	-1.308889	1.058971	0.053011	0.138154	0.836698	1.591924	0.615893	1.209232	1.305277	0.509458	1.164317	0.828161	-0.210683	0.120598	0.961645	0.400599	-0.328569	0.781366	0.294129	-1.280292	0.295120	-0.894923	-0.840462	1.049446	0.383556
-0.493170	-0.889480	0.417409	0.416489	-0.159204	-0.828510	-0.793026	-1.219229	-1.720565	-0.935281	-2.079749	-0.815800	-0.402379	-0.290166	0.954064	-0.360857	1.311997	1.452973	0.740107	0.810650	0.043969	0.431944	0.123866	-0.210911	-1.167064	-1.154509	-0.621690	-0.476910	-1.023286	-0.404471	1.384383	-0.223568	-0.871096	-0.622707	-1.187415	-0.996739	-0.612693	-0.290051	-1.675516	-1.021245	-1.253096	-1.166454	-0.150387	-0.369603	-0.744761	-0.055170	-0.274756	-0.453470	-0.954367	-0.107766	0.218723	-1.044410	1.391578	-0.450361	0.317869	0.010057	0.801686	-0.357137	0.768377	0.338313	1.188921	0.186930	0.965188	0.665806	0.811326	-0.032631	-1.103278	1.233609	0.739323	1.168100	-0.508258	-0.309546	0.725557	0.603550	0.551420	-0.283271	-0.598776	0.790974	-1.297244	-1.221311	-0.159342	0.157351	-0.017185	-0.266362	-0.045793	-0.773203	0.536708	1.232745	-0.685311	0.630106	-0.097753	0.445341	0.203400	0.569477	-1.479045	-0.696893	0.310455	-1.026090	0.701509	1.473991	0.637368	0.661034	-0.384157	0.640360	-1.541719	0.896817	0.263933	-0.091033	1.186247	1.199265
-0.789944	0.341906	0.952706	0.976738	-0.933754	-0.558910	-0.721277	-0.823853	-0.526368	-0.196217	-1.249508	0.622117	-0.891217	0.258256	0.468064	0.481445	0.386344	0.600825	-0.396329	-0.482576	-0.637201	0.170880	-0.028178	-0.717670	-1.013039	-0.946126	0.581926	0.941507	0.001820	-0.032644	0.887785	-0.040377	-1.369699	-1.158960	-0.467265	-0.417159	-0.056470	0.648968	-1.269288	0.068250	-1.757836	-0.552711	0.020462	0.613463	-0.659021	0.451834	-0.146786	-0.620518	0.697150	0.564378	0.681394	0.348359	-0.014837	0.174262	-0.469464	0.233778	1.511232	0.684076	0.336387	0.474147	1.210420	0.912910	0.966780	0.831949	-0.094586	0.461799	-2.610402	-0.707915	0.001133	1.379554	-0.359196	0.070548	1.115701	0.014931	0.336926	1.027991	-1.194998	1.079963	-1.577059	-1.021266	0.569471	1.552313	0.108951	0.682877	-0.548090	0.559300	0.156144	1.890516	-1.015098	0.599344	-1.540999	0.208736	-0.424495	-0.240056	-2.198208	-1.838272	-0.069838	-0.654341	1.202190	0.963735	0.184677	1.041498	-1.015098	0.619083	-0.368145	1.288928	0.989016	0.726475	0.494321	1.764977
-0.790838	0.868785	0.579850	0.782036	-0.694400	-0.261746	0.411480	0.170905	0.825504	0.219492	0.457293	1.657225	-0.538574	0.751727	0.004341	0.474894	-0.923762	-0.532863	-1.312208	-1.586247	-0.706319	-0.289920	-0.359069	-1.050763	0.313665	-0.159184	0.931252	1.321900	0.420808	0.074074	0.434756	1.212286	-0.570413	-0.710665	1.000643	0.582731	0.525267	1.235365	-0.297955	0.844964	-1.378168	-0.071054	0.975951	1.710878	-0.070609	1.022001	0.272099	0.075049	0.992533	0.787326	0.629801	1.296023	-0.739468	0.645184	-0.839169	0.106071	1.046793	0.824072	-0.637242	0.003739	0.804399	1.413095	1.019938	1.329012	-1.224426	0.327647	-2.368712	-1.933232	0.096102	1.104958	0.254217	0.532526	0.219373	-0.548937	0.096369	1.675545	-0.570072	0.786472	-1.247669	-0.524489	0.599362	2.077176	0.501589	1.285180	-0.760971	1.181911	-0.064819	1.457694	-0.567262	0.437525	-1.956298	0.002006	-0.166467	-0.371174	-1.338877	-1.818409	-0.106782	0.119817	1.102111	0.068447	-0.935303	0.141094	-0.635655	0.435375	1.257653	0.793541	1.146564	0.513525	-0.795765	1.470590
-0.456558	0.597012	-0.347278	-0.094905	-0.132334	-0.135774	1.890383	0.982862	0.912818	0.171797	1.355375	1.819674	-0.193126	0.309423	-0.629867	-0.460445	-2.077281	-1.486361	-2.023796	-2.136585	-0.467664	-0.826362	-0.999110	-1.181291	1.796982	0.890532	-0.092969	0.319241	-0.026190	-0.220891	0.502440	2.640820	0.275793	-0.097980	2.247705	1.169870	0.898872	1.245346	0.761057	1.191069	-0.870765	-0.029487	1.685037	2.100894	-0.171909	0.462989	0.625832	0.948434	-0.259264	0.698621	0.083267	1.101707	-0.480502	0.535119	-0.847861	-0.321602	-0.183955	0.267007	-1.413572	-0.735619	0.215636	1.589063	0.808035	1.341751	-1.559542	-0.308459	-0.569732	-1.473738	0.664390	0.446095	0.871235	0.496996	-1.147738	-0.657187	-0.199884	0.913884	0.156865	-0.292444	-0.530697	-0.144595	-0.023078	1.655872	0.519691	0.828890	-0.930973	0.274341	-0.320732	0.290690	0.029969	-0.060833	-1.353713	0.173204	0.480358	0.183301	0.264531	-0.884560	-0.240841	0.372196	0.486853	-0.177248	-1.428772	-1.402299	0.178709	0.302074	2.016916	-0.179620	0.835495	-0.773125	-1.584540	-0.000337
0.007216	0.089349	-0.988188	-1.068111	0.193348	-0.043886	2.663599	1.008160	-0.071210	0.050703	0.577378	1.316286	-0.541535	-0.930535	-1.627286	-1.510401	-2.823584	-1.803105	-2.516831	-2.010966	-0.207444	-1.185797	-1.354715	-0.968268	2.264354	1.655722	-1.364449	-1.301713	-0.404101	-0.490060	0.777875	2.739822	-0.005605	-0.235771	2.308771	0.804824	0.936770	0.764297	1.585119	1.282315	-0.555907	-0.054276	1.165385	1.405643	-1.264138	-1.109710	0.684249	1.280450	-1.683544	0.519422	-0.496621	0.140537	0.318737	-0.216321	-0.602554	-0.565112	-1.222461	-0.099256	-1.332344	-1.066193	-0.405019	1.284571	0.144717	0.386479	-0.945662	-0.956773	1.253461	-0.133648	0.857422	-0.332584	1.130226	-0.008201	-1.675690	-0.507217	-0.572233	-0.661173	-0.042763	-1.571274	0.119079	0.159633	-0.526720	0.924565	-0.177593	-0.286225	-1.079552	-1.363815	-0.688741	-0.734371	0.111799	-0.703171	-0.365873	0.846378	0.643374	0.761400	1.505192	0.401556	-0.859191	-0.047626	-0.048223	0.570183	-0.503018	-2.470560	0.353528	0.116926	1.391250	-0.742721	0.234197	-2.025703	-1.324269	-1.940934
0.301878	-0.023328	-0.757294	-1.478101	0.190759	0.256556	2.267614	0.478063	-0.604289	0.400536	-0.998110	0.793293	-1.321160	-1.797991	-2.474775	-1.802361	-3.089232	-1.354985	-2.479349	-1.311720	0.115869	-1.043903	-0.750651	-0.335733	1.520536	1.725512	-1.379495	-2.457895	0.261862	-0.394293	0.758627	1.225619	-1.227692	-1.051036	1.302887	-0.073214	0.693212	0.215524	2.016679	1.280174	-0.171508	0.354008	-0.142301	0.317470	-2.282903	-2.176815	0.584939	0.976800	-2.029038	0.133647	-0.821638	-0.594861	1.124905	-1.233907	-0.262041	-0.256373	-1.470035	0.248391	-0.552395	-0.692476	-0.905047	0.540104	-0.574930	-0.942476	-0.002549	-0.991688	1.546755	0.560998	0.321850	-0.827264	1.049015	-0.393436	-0.955919	-0.581016	-0.846036	-1.636420	-1.123489	-2.063842	0.422149	0.541989	-0.384503	0.583219	-1.159867	-1.008387	-1.016725	-2.134727	-0.961120	-0.967023	-0.141336	-1.025496	0.279042	1.527641	0.126614	0.811380	1.847896	1.511679	-1.700326	-0.640839	0.049729	1.650741	0.921210	-2.540918	-0.524920	-0.346838	0.039902	-0.540468	-0.410932	-2.162996	-0.627280	-2.869647
0.362118	0.469690	0.237734	-1.013672	-0.062073	0.783920	1.173312	0.163283	0.321296	1.264968	-1.764388	0.806648	-1.712001	-1.397935	-2.240777	-1.128634	-2.771869	-0.448952	-1.658965	-0.281004	0.552328	-0.335607	0.506807	0.487668	0.459957	1.215073	0.017370	-2.435117	1.774212	-0.057921	0.547257	-0.449567	-2.243003	-1.652359	0.260377	-0.526498	0.398464	0.082493	2.010309	1.287219	0.479388	1.176728	-0.848076	-0.028679	-1.891765	-1.472842	0.523338	0.409133	-1.349688	-0.558616	-0.942735	-0.492193	1.607313	-1.822034	-0.018812	0.490921	-0.982139	1.095093	0.132221	0.033230	-1.049864	-0.232259	-0.743053	-1.550207	0.708853	-0.125481	0.091939	0.137457	-0.463250	-0.680487	0.883575	-0.197841	0.178065	-0.883015	-0.630118	-1.150645	-2.037416	-1.278414	0.456166	0.916022	0.141044	0.840877	-1.624040	-0.733424	-0.650411	-1.254656	-0.847726	-0.356216	-0.113528	-0.735540	0.206680	1.539984	-0.467477	0.383964	1.431148	2.023185	-2.022070	-0.926803	0.781291	2.129097	1.377989	-1.833777	-1.651501	-0.911183	-0.864775	0.099878	-0.784669	-1.152122	-0.224875	-1.871516
0.448558	1.269770	1.338349	0.075712	-0.550184	1.190971	0.324330	0.495791	1.889911	1.934763	-1.245131	1.351889	-1.296239	-0.142335	-0.838021	-0.029756	-1.838539	0.476577	-0.433219	0.729752	0.797925	0.510988	1.194902	1.027994	0.078994	0.739962	1.479989	-1.262834	2.948527	0.264428	0.638708	-0.683037	-2.240839	-1.443463	-0.039329	-0.171755	0.285675	0.457038	1.639043	1.380245	1.040911	1.867127	-0.264675	0.654010	-0.001164	0.489074	0.374113	-0.171779	-0.536009	-1.184480	-0.920785	0.151505	1.523659	-1.437770	0.032321	1.180609	-0.071032	1.925034	0.194694	0.561611	-0.716529	-0.514466	-0.339046	-1.106764	1.076119	1.145016	-1.771627	-0.462257	-0.768933	0.035563	0.765235	0.340703	0.718244	-0.918520	0.196318	0.261487	-1.706503	0.228593	0.442273	1.049182	0.429039	1.352762	-1.199018	0.156740	-0.145098	0.502386	-0.313466	0.621231	0.224627	-0.041020	-0.366366	0.906468	-0.627349	-0.154343	0.667637	1.688332	-1.334219	-0.733425	1.525302	1.628721	0.682892	-0.839072	-1.770462	-0.929046	-0.668443	0.713883	-0.660401	0.134713	-0.057212	0.416253
0.838229	1.817390	1.861536	1.088049	-1.138638	1.017873	0.307463	1.096384	2.352246	1.537992	-0.430523	1.847412	-0.437170	0.753660	0.459587	0.697975	-0.566014	1.133645	0.314182	1.275346	0.426825	0.853651	0.502543	0.900450	0.479160	0.777671	1.660215	0.302759	2.840347	0.494418	1.049888	0.499184	-1.415835	-0.772037	0.219501	0.408369	0.399747	0.938298	1.085397	1.501442	0.923355	1.867484	0.855889	1.419616	1.958048	1.847949	-0.129560	-0.795700	-0.089791	-1.186763	-0.642532	0.582022	0.714724	-0.244894	-0.041384	1.311124	1.021181	2.368587	-0.154710	0.660870	-0.166982	-0.213143	-0.066340	-0.408927	1.132870	1.784221	-2.349222	-0.198884	-0.416800	0.688522	0.576395	0.532939	0.590969	-0.382801	0.990595	1.256663	-0.059704	1.247124	0.510137	0.883390	0.279017	1.587233	-0.303821	0.790542	0.194368	1.582144	0.340123	1.264320	0.212996	0.512951	-0.779027	0.422518	-0.573862	-0.621725	-0.072283	0.675085	0.050815	-0.054973	1.545571	0.495715	-0.063989	0.013195	-0.524057	-0.004875	0.317597	1.031225	-0.141629	0.832531	0.164602	2.393376
1.457143	1.706022	1.585544	1.339548	-1.376099	0.235028	0.931293	1.233042	1.229591	0.006085	-0.211862	1.679104	0.214857	0.643474	0.342155	0.681493	0.558732	1.340344	0.093795	1.031775	-0.509384	0.430880	-0.952323	0.145220	0.947980	1.069535	0.589473	1.339313	1.571653	0.634322	1.167952	1.617656	-0.541563	-0.382365	0.378300	0.353285	0.604374	1.065499	0.590074	1.408277	0.074129	1.112738	1.296381	1.171275	2.399357	1.325099	-0.886237	-1.407708	0.262417	-0.560612	-0.069684	0.433997	-0.588911	0.896105	-0.118497	0.738335	1.977326	2.261824	-0.440161	0.428589	0.095023	0.208770	-0.545741	-0.387856	0.809750	1.205095	-1.159784	0.850930	0.126602	0.621818	0.191023	0.054019	0.510805	0.483055	0.812644	1.111163	1.785994	0.976880	0.685538	0.602614	0.105658	1.247257	0.251747	0.682848	0.161163	1.123049	0.716764	1.088694	-0.532100	0.563391	-0.520781	0.620618	-0.820403	-1.048468	-0.540669	-0.399078	1.184201	0.979126	0.706215	-0.567119	-0.024591	0.476994	1.154918	1.270964	1.238673	0.909442	0.319960	0.746045	0.180384	2.980167
1.870024	0.993718	0.815277	0.707857	-0.810678	-0.535521	1.502103	0.660206	0.013801	-1.620093	-0.169213	0.813060	0.395402	0.051999	-0.855528	0.271138	1.241520	0.948147	-0.581119	0.179718	-1.328200	-0.394508	-1.729007	-0.709291	0.888777	0.893739	-0.521306	1.515948	0.068423	0.679763	0.545226	1.490735	-0.161254	-0.458246	0.173621	-0.482492	0.700520	0.752915	0.337576	0.896394	-0.770501	0.108047	0.688305	-0.077382	1.193380	-0.490631	-1.371697	-1.682246	0.788892	0.004441	0.515392	0.007424	-1.658784	1.214283	-0.147981	-0.215172	2.263067	1.585170	-0.556808	0.004408	-0.157179	0.232415	-1.510170	-0.996153	0.143337	-0.034574	0.699063	1.807341	0.404601	-0.101604	-0.263892	-0.638275	0.923369	1.239521	-0.393527	0.361354	2.486537	-0.200774	0.937097	0.409669	0.370823	0.404567	0.023646	0.079053	-0.139720	-0.275192	0.638464	0.230078	-1.420476	0.276710	0.238861	0.985991	-1.341523	-1.377594	-0.630904	-0.924594	1.278214	1.963651	-0.316645	-0.978083	0.435896	0.606023	2.058830	1.664548	1.454227	0.377978	0.284216	0.295173	-0.313441	2.340217
1.667604	0.139368	0.037035	-0.253520	0.378448	-0.592043	1.398780	-0.141076	0.210554	-1.992200	0.599364	-0.188511	0.355767	-0.070770	-1.452691	0.140280	1.527067	0.041308	-0.748831	-0.555998	-1.315886	-1.013015	-1.147239	-1.001400	0.359010	-0.031650	-0.689057	1.277589	-0.806572	0.641634	-0.547185	0.344501	-0.227987	-0.482632	-0.161632	-1.367243	0.497195	0.234527	0.263164	0.081000	-0.809352	-0.488610	-0.413650	-1.309282	-0.222936	-1.839232	-1.218931	-1.399280	1.086769	-0.113509	0.752470	-0.172120	-1.833765	0.843971	-0.128261	-0.999123	1.529729	0.497859	-0.701393	-0.523728	-0.649172	-0.202302	-2.006857	-1.322508	-0.509571	-0.758401	1.708455	2.108014	0.442303	-0.721977	-0.481381	-0.802269	1.418960	1.636167	-1.477658	-0.079086	1.721660	-1.050299	1.154303	0.348954	0.986214	-0.619003	-0.634731	-0.414827	-0.291429	-1.172765	0.254922	-0.575297	-1.419443	0.161160	0.838311	0.602606	-1.537957	-1.435299	-0.408452	-0.810415	0.497293	2.365501	-0.618695	-0.679402	0.363706	0.685982	1.847913	0.652551	0.946304	-0.150276	-0.216063	0.027713	-0.785396	1.289437
0.904990	-0.374562	-0.404149	-0.759889	1.279327	0.043416	0.502779	-0.524620	1.240935	-0.650450	1.908822	-0.741266	0.444164	0.536982	-0.495230	0.582513	1.536158	-0.858813	-0.102673	-0.528294	-0.459212	-1.092458	0.023958	-0.512006	-0.327760	-1.147696	-0.126203	1.230793	-0.907954	0.424829	-1.489563	-0.792843	-0.344620	-0.003326	-0.451471	-1.483706	-0.043866	-0.226300	0.010396	-0.618590	-0.105344	-0.426764	-1.439396	-1.754095	-0.400365	-1.600417	-0.686877	-0.844656	0.608847	-0.713058	0.695918	0.150929	-1.236176	0.635357	-0.018415	-1.222372	0.220554	-0.624713	-0.863952	-0.985628	-0.970738	-0.766367	-1.441975	-0.773010	-0.692970	-0.394186	1.272776	1.837341	0.423495	-0.668005	-0.324404	-0.254549	1.264747	1.595564	-1.288025	-0.085894	0.404469	-0.717338	1.154430	0.318895	1.447931	-1.363260	-0.871415	-0.375035	0.070546	-0.661364	-0.113436	-0.580831	-0.200281	0.519201	0.864787	-0.568739	-1.054034	-1.221900	-0.099822	-0.458046	-0.064628	1.986988	0.086553	-0.211596	-0.593361	0.920168	1.007212	-0.768255	0.158345	-0.077771	-0.595084	0.196280	-0.322250	0.364170
0.102782	-0.346504	-0.333707	-0.389506	1.045913	0.666092	-0.706320	-0.305803	1.164173	1.518861	2.501638	-0.716570	0.699629	1.220832	1.103879	1.248930	1.265110	-1.080211	0.734557	0.136112	0.492041	-0.717292	0.566521	0.290260	-1.095081	-1.654185	0.272794	1.446587	-0.747268	-0.174478	-1.899525	-1.269049	-0.164334	0.768681	-0.768467	-0.684605	-0.571419	-0.396534	-0.678131	-0.795484	0.463112	-0.009750	-2.241445	-1.597679	0.615427	-0.253810	-0.357685	-0.573849	-0.373869	-0.987571	0.818026	0.842410	-0.635163	1.026906	0.221965	-0.855719	-0.554907	-1.279503	-0.769611	-1.132475	-0.989673	-1.159907	-0.267320	0.154750	-0.287896	0.534947	-0.036419	1.157804	0.190463	-0.189713	-0.051901	0.426731	0.313832	1.117002	0.025627	-0.218098	-0.386378	0.366098	0.768305	0.148840	1.488351	-1.349628	-0.125988	0.210572	0.805002	0.854077	-0.204322	0.268170	1.417494	1.089462	0.550235	-1.541159	-0.342882	-0.988845	-0.001625	-0.295680	0.555191	1.145929	1.145220	-0.207182	-1.724992	1.256038	0.032206	-1.052304	-0.454098	0.659785	-0.220095	0.662165	1.062587	-0.383728
-0.318127	0.102738	0.248323	0.611835	-0.210513	0.779185	-1.505069	0.178641	-0.679701	2.953528	1.630910	-0.388606	0.896243	1.217186	1.803815	1.519834	0.715793	-0.504138	1.054759	0.648131	0.713224	-0.186133	0.238491	0.678533	-1.884949	-1.336545	0.144718	1.460180	-0.819646	-1.052909	-1.678384	-1.137249	0.433555	1.273195	-1.017269	0.551593	-0.459610	-0.057582	-1.445460	-0.377375	0.250068	0.305864	-2.650889	-1.349989	1.478538	0.873163	-0.437456	-0.769042	-0.919192	-0.482196	1.352548	1.473466	-0.529790	1.371356	0.464115	-0.180369	-0.096219	-1.118852	-0.369714	-0.898309	-0.811438	-1.292286	0.517119	0.484639	0.304975	1.111232	-1.205473	0.081299	-0.558173	0.075964	-0.122169	0.550947	-0.788778	0.358106	1.204787	-0.693799	-0.477937	0.965932	-0.053858	-0.307690	1.302562	-0.442332	1.293683	0.991140	1.288534	2.137710	0.074463	1.191841	2.161200	1.243009	0.343982	-1.531411	-0.200121	-0.898696	-0.295224	-0.437231	2.011429	0.299564	1.446076	-0.693622	-1.917108	1.509476	-0.847842	0.115226	-0.721325	1.241385	0.877760	1.061227	2.209311	-0.946945
-0.552298	0.576686	0.978214	1.456030	-1.501030	0.588682	-1.573767	0.425117	-2.711584	2.590165	0.040486	-0.135637	0.888755	0.505884	1.258012	1.039235	0.065368	0.155650	0.874587	0.422020	0.066702	0.207755	-0.110874	0.370712	-2.265624	-0.688492	-0.048857	0.862059	-1.050978	-1.602709	-0.846133	-0.743543	1.352507	1.311074	-0.783436	1.628097	0.513361	0.703663	-1.479239	0.272878	-0.420981	0.315472	-2.231286	-1.020824	1.115168	1.016280	-0.589351	-1.037650	-0.607292	0.367698	1.808435	1.500738	-0.687665	0.699446	0.383207	0.353391	0.984472	-0.354606	-0.061925	-0.570932	-0.535839	-1.168679	0.444850	-0.029041	0.419708	0.896300	-1.558731	-1.100083	-1.638201	-0.065018	-0.736979	0.020107	-1.275992	-0.377929	1.216985	-1.073802	-0.483466	0.435806	-1.129598	-1.025025	1.058296	0.764928	2.383289	1.380947	1.004975	2.233925	0.591222	1.191091	1.390835	0.526204	0.262395	-0.934518	-0.801550	-0.774382	-0.846086	-0.718346	2.737418	-0.380086	0.351262	-1.040431	-0.812732	1.450165	-1.322208	1.410125	-0.722358	0.711087	1.837727	1.027223	2.062264	-1.138885
-1.133362	0.496919	1.152544	1.355395	-1.928348	0.422081	-1.309253	0.090124	-3.057380	0.619888	-0.881349	-0.277538	0.773393	-0.236405	0.388266	-0.043849	-0.409148	0.112844	0.729599	-0.295823	-0.789694	0.309951	0.216541	-0.258217	-1.789354	-0.369188	0.083698	-0.252951	-1.019959	-1.382131	0.277489	-0.468905	2.289320	1.194184	0.066799	2.106322	1.637256	1.220107	-0.476955	0.533542	-0.767316	0.003467	-0.894479	-0.385975	-0.172081	0.471072	-0.477804	-0.922931	-0.066535	0.752653	1.434118	0.653398	-0.697179	-0.991327	-0.235251	0.325563	1.264191	0.149903	-0.204758	-0.542782	-0.239316	-0.839623	-0.040812	-0.651466	-0.317042	0.039128	-1.071203	-1.770471	-2.309889	-0.282298	-1.610736	-0.708824	-1.020632	-0.892523	0.161475	-1.014610	-0.851157	-0.598560	-1.999424	-1.726329	0.526483	1.206857	2.262498	0.857306	0.084619	1.117000	0.943220	-0.046115	-0.388713	-0.945599	-0.075066	-0.764527	-1.409146	-0.366822	-1.229731	-0.906737	1.502159	-0.977976	-1.652412	-0.692372	0.675228	0.808495	-1.075729	1.351381	-0.622077	-0.858969	1.684426	0.385732	0.761079	-0.923483
-2.122769	-0.510647	0.323176	0.242810	-1.434313	0.049376	-1.352610	-0.811990	-1.727420	-1.681773	-0.611696	-0.960359	0.698686	-0.425762	0.026355	-1.181357	-0.534027	-0.441450	0.882985	-0.719826	-1.047143	0.186503	0.820868	-0.642927	-0.722222	-0.664350	0.213049	-1.364515	-0.626243	-0.830210	0.937945	-0.696923	2.803800	1.236661	0.881786	1.722852	1.760475	0.690882	0.697408	-0.047597	-0.562833	-0.663713	0.556938	0.223610	-1.209543	-0.101821	-0.203780	-0.434167	-0.048539	0.396363	0.180129	-0.660690	-0.565100	-2.593814	-1.123517	-0.341925	0.041021	-0.452982	-0.577697	-0.832051	-0.034445	-0.454798	-0.247619	-0.627523	-1.524964	-1.074379	-0.218556	-1.687456	-1.976176	-0.338448	-2.217069	-1.220627	-0.578894	-1.210283	-0.999883	-0.773370	-1.340472	-1.033209	-2.161600	-2.049698	-0.511279	0.324342	0.984424	-0.499567	-0.768573	-0.469648	0.662393	-1.725591	-1.936392	-2.479904	-0.749942	-1.318267	-1.131368	0.226523	-1.109009	-0.867528	-1.122185	-1.534396	-3.241723	0.162868	1.178821	-0.407852	-0.379022	-0.130427	-0.617186	-2.275107	0.290969	-0.670162	-0.641167	-0.677535
-2.834173	-2.064489	-1.058942	-0.993263	-0.610575	-0.930842	-1.797972	-1.803975	-0.353547	-2.915617	0.127377	-1.929406	0.673807	-0.128025	0.153346	-1.734110	-0.305622	-0.442215	1.049128	-0.355778	-0.525931	0.080647	0.767477	-0.568762	0.065396	-1.316782	-0.143513	-1.885698	-0.242074	-0.754296	0.529323	-1.484471	2.594845	1.341804	0.781580	0.550925	0.496596	-0.849468	0.768065	-1.274501	-0.263482	-1.550025	1.051311	0.078079	-1.289641	-0.460297	-0.034859	0.061528	-0.409045	-0.233289	-1.050193	-1.502828	-0.498187	-3.027529	-1.618263	-1.193716	-1.829841	-1.983778	-0.582787	-0.950465	0.109250	-0.157786	-0.001172	-0.051348	-2.232310	-1.959598	0.453021	-1.312374	-0.829302	-0.393673	-2.231032	-1.478816	-0.514504	-1.352532	-1.337152	-0.690878	-1.403605	-0.541154	-1.530538	-1.850505	-1.680975	-1.249121	-0.401743	-1.728617	-0.839032	-1.563251	-0.220587	-2.506201	-2.234605	-3.149536	-1.181131	-1.781879	0.097214	0.628778	-0.621262	-0.637892	-3.122913	-1.918009	-3.405488	0.744957	0.290987	-1.502969	-0.016105	-1.768263	-0.876157	-2.501907	-1.418134	-1.544981	-1.238750	-0.812853
-2.509813	-3.051815	-1.861597	-1.255129	0.006770	-2.156998	-2.032191	-2.143208	-0.126849	-2.579788	0.362228	-2.501312	0.661585	0.185660	0.412110	-1.350134	0.214496	0.704929	0.888809	0.525904	0.192558	0.204136	-0.113344	-0.200454	0.106854	-1.682201	-0.748744	-1.492905	-0.125725	-1.128873	-0.599974	-2.209633	1.812927	1.182127	-0.236508	-0.774598	-1.201458	-2.255398	-0.411083	-2.251316	-0.167327	-2.066339	0.454458	-0.900251	-0.765772	-0.729560	0.060930	0.309890	-0.393199	-0.540968	-1.256490	-1.226567	-0.452696	-2.209716	-1.280571	-1.537181	-2.781222	-3.119393	0.017498	-0.412571	0.482347	0.090469	0.328481	0.362676	-1.720855	-2.090500	0.720373	-1.148821	0.284993	-0.624485	-1.722309	-1.604914	-0.781472	-1.168226	-0.645144	-0.590563	-0.824864	0.176686	-0.596979	-1.316486	-2.227969	-2.216770	-0.728262	-1.647949	0.063492	-1.528762	-0.875276	-1.686659	-1.231818	-2.428352	-0.711440	-1.252548	1.395696	0.644444	-0.263843	-0.393239	-3.009216	-1.958843	-2.375574	0.443926	-0.990691	-1.468923	-0.306410	-2.354277	-1.321512	-1.824269	-2.246281	-1.555864	-0.912262	-1.205648
-1.165980	-2.580499	-1.364733	-0.369223	0.308607	-2.548235	-1.460248	-1.431572	-0.596046	-1.280445	-0.090503	-2.079617	0.728848	0.249143	0.699100	-0.253195	0.938035	2.211160	0.471517	1.193290	0.431514	0.526009	-0.919060	0.246217	-0.108448	-1.172972	-0.834935	-0.371775	0.001445	-1.054048	-1.344505	-2.033175	1.004003	0.648634	-1.118660	-1.343440	-1.894875	-2.318564	-1.475599	-2.071968	0.057841	-1.553247	-0.244187	-1.790363	-0.424015	-0.894365	0.288390	0.310663	0.329448	-0.394770	-0.355243	-0.173276	-0.283033	-0.918665	-0.411580	-1.100624	-2.130315	-2.694962	0.756149	0.587411	1.209443	0.373753	0.342733	0.133812	-0.286305	-1.293252	0.709490	-1.093128	0.638358	-0.864476	-1.024572	-1.602282	-0.854788	-0.573391	0.445060	-0.106693	0.059436	0.281224	0.013634	-0.790496	-1.857659	-1.871528	0.181199	-0.117501	1.443137	-0.462465	-0.380957	0.092831	0.232570	-0.778785	0.520801	0.111406	1.780757	0.423741	-0.343895	-0.307841	-1.229104	-1.616983	-1.283294	-0.560585	-1.368481	-0.138303	-0.656428	-1.833125	-1.547690	-1.408149	-1.713779	-0.521808	-0.190435	-1.315085
0.317257	-0.968024	-0.069837	0.703560	0.384956	-1.557742	-0.280713	-0.129387	-0.584281	-0.017091	-0.648800	-0.811656	0.929081	0.215916	0.956655	0.799638	1.576390	2.669853	0.076329	1.152725	0.126053	0.756132	-0.788840	0.629016	0.159398	0.144450	-0.160246	0.743114	0.511944	-0.125139	-1.045410	-0.903818	0.627477	0.012561	-0.879292	-0.786291	-1.098768	-1.055697	-1.072138	-0.745082	0.711128	-0.152067	-0.146178	-1.716586	-0.592527	-0.777053	0.514342	0.080400	1.269886	-0.095540	0.776251	0.654936	-0.112407	-0.035251	0.178340	-0.359830	-0.701049	-1.094767	0.939674	1.177435	1.728064	0.497494	-0.009244	-0.549922	0.943064	-0.133594	0.606036	-0.757196	0.230179	-0.860574	-0.523621	-1.439209	-0.424779	0.156084	0.931810	0.585608	0.603624	-0.326235	0.086232	-0.530888	-1.072685	-0.685041	1.306329	1.554914	2.406567	0.809239	1.055731	1.441361	1.204049	0.551559	1.543348	1.209929	1.054213	0.135258	-0.675645	-0.430798	0.483157	-1.020164	-0.906723	-1.358296	-0.654517	1.320482	-0.442096	-1.101169	-1.208559	-1.765214	-0.402436	0.875450	0.281072	-0.921301
0.938185	0.468852	0.792020	0.940810	0.203000	-0.039815	0.648112	0.730438	0.172629	0.601055	-0.730654	0.429128	1.090883	0.323894	0.820445	1.014924	1.589989	1.606124	-0.233028	0.547401	-0.260957	0.556554	-0.000888	0.728169	0.861566	1.348575	0.535226	0.998422	1.168842	0.783322	-0.197342	0.248255	0.659031	-0.299655	0.309073	0.309386	0.280974	0.333309	0.481928	0.676457	1.266765	1.019026	0.445645	-0.928283	-0.986591	-0.495150	0.281598	-0.415834	1.628475	0.006630	1.211442	0.691011	-0.175269	0.035553	-0.032023	-0.074013	0.130338	0.076122	0.381916	0.668526	1.189413	0.112842	-0.467722	-1.112064	1.025783	0.420751	0.459858	-0.158885	-0.385326	-0.733740	-0.485989	-1.228903	0.176103	0.556754	0.247418	0.793873	0.345078	-1.042144	-0.172889	-0.606403	-0.516184	0.301225	1.471205	1.864933	2.263090	1.337692	1.993462	1.537198	1.333435	0.666350	1.475319	1.201020	-0.122429	-0.263350	-0.882028	-0.678273	0.894044	-0.373751	-1.005827	-1.067928	0.141959	1.504531	0.076053	-0.943460	-0.495990	-2.091423	0.546298	1.467554	0.228721	-0.439336
0.450597	0.723087	0.552884	0.343545	-0.263049	0.570572	0.715236	0.517887	0.779745	0.481222	-0.238149	0.810208	0.934188	0.526011	0.010981	0.219594	0.691579	-0.027250	-0.517157	-0.063913	-0.405932	-0.131953	0.407394	0.323462	1.163574	1.356404	0.396421	0.187732	1.232111	0.621309	0.254997	0.514611	0.745867	-0.037055	1.345558	1.024109	0.960627	0.782921	1.532332	1.048212	0.841600	0.896379	0.492845	-0.437397	-1.162528	-0.453236	-0.517978	-0.988128	1.026342	-0.196998	0.789780	0.350763	-0.406824	-0.455066	-0.746436	-0.471901	-0.159092	-0.195897	-0.411777	-0.612285	-0.376558	-0.695546	-0.718105	-1.103548	0.059425	-0.055563	0.267118	0.289830	-0.782855	-0.888466	-0.879597	-1.098335	0.317357	0.444282	-1.146374	0.110137	-0.495243	-1.233097	-0.492146	-0.866692	-0.226579	0.421850	0.563160	0.719207	1.064018	0.831793	1.301131	0.726514	0.931995	-0.095897	0.422178	0.323279	-0.889995	-0.769913	-0.805217	-0.867199	0.160480	0.158508	-0.934470	0.250247	0.083934	0.307166	0.172907	-1.261174	0.003130	-1.372573	0.382668	0.594360	-0.130577	-0.343769
-0.450849	0.036494	-0.311367	-0.289210	-0.682076	-0.091222	0.140695	-0.335927	0.512069	-0.200714	0.539755	0.229061	0.457700	0.557647	-0.971346	-0.922865	-0.515161	-0.892486	-0.566320	-0.247290	-0.382427	-0.881522	0.041623	-0.371888	0.526815	0.074456	-0.390969	-0.907604	0.327415	-0.303682	0.052860	-0.054052	0.676929	0.669983	1.366884	1.030904	0.538015	0.326778	1.035785	0.206146	-0.468443	-0.363924	-0.295393	-0.687031	-0.857835	-0.651956	-1.279496	-1.102394	-0.096786	-0.470241	0.051474	0.309217	-0.483362	-0.794628	-1.156660	-0.991527	-0.931604	-1.269228	-0.748840	-1.508875	-1.712059	-1.241124	-0.604015	-0.472280	-0.966471	-0.932954	0.084823	0.372044	-0.971461	-1.415001	-1.292468	-0.895301	-0.194125	0.066308	-2.019694	-1.028018	-1.015241	-0.714013	-0.664288	-0.952163	0.147402	-0.289213	-0.440719	-0.595113	-0.374825	-0.167435	-0.415644	-0.172923	0.503630	-0.673832	-0.604341	-0.523371	-0.858978	-1.052551	-0.488781	-0.743609	-0.754897	0.497439	-0.535551	1.451066	-0.662661	-1.003749	-0.307625	-1.305762	-0.020253	0.180747	-0.558344	-1.154845	-0.438037	-0.559015
-0.849881	-0.519972	-0.903101	-0.467014	-0.533714	-0.854199	-0.400302	-0.735080	-0.167301	-1.038602	1.162679	-0.694885	0.040321	0.302510	-1.070668	-1.427081	-0.843411	-0.599496	-0.052104	-0.021076	-0.229890	-0.990064	-0.292559	-0.610491	-0.461816	-1.227060	-0.696083	-1.193961	-1.036034	-0.535773	-0.239004	-0.631747	0.530000	1.307479	0.488958	0.687687	-0.335867	-0.287323	-0.306696	-0.933004	-1.285734	-1.435921	-0.923786	-0.979320	-0.041291	-0.452296	-1.268642	-0.306410	-0.749420	-0.364414	-0.409025	0.489481	-0.162931	-0.387084	-0.772863	-0.868223	-1.351318	-1.783756	-0.379336	-1.112548	-1.593352	-0.929339	-0.181020	0.481953	-1.146331	-1.128455	-0.009697	0.297392	-1.028559	-1.798992	-1.176472	-0.242112	-0.804766	-0.208077	-1.481224	-1.643934	-0.481239	0.259344	-0.461506	-0.511037	0.530268	-1.354997	-0.636156	-1.040508	-1.095824	-0.863377	-1.466192	-0.822131	0.352869	-0.532064	-0.665365	-0.758409	-0.255687	-0.692228	0.024706	-0.150382	-1.060458	0.601349	-0.149101	1.337015	-1.222985	-1.214583	-0.840930	-0.601945	-0.282942	1.276555	-1.090155	-2.321546	-0.590257	-0.678041
-0.486889	-0.167150	-0.885442	-0.439276	0.201797	-0.345247	-0.539657	0.037848	-0.263520	-1.360760	1.218587	-1.118500	0.013641	-0.047094	0.092999	-0.807860	0.161517	0.056685	0.822199	0.270396	0.305050	-0.129464	0.306477	0.175982	-0.627011	-0.988560	0.177183	-0.402622	-1.933121	0.769232	-0.077778	-0.466098	0.373986	1.252818	-0.498328	0.396555	-0.836545	-0.545410	-1.025393	-1.244403	-0.445383	-1.056113	-0.319110	-0.344972	1.022146	0.539660	-0.434637	1.188801	-0.294402	0.357098	-0.399460	0.215685	0.608332	0.657745	0.096648	0.104041	-1.276479	-1.208547	0.354377	0.404121	-0.260533	0.030269	0.361670	1.310095	-0.466801	-0.206004	0.022881	0.316039	-0.796470	-1.402199	-0.321677	0.983081	-0.709529	-0.224276	0.103838	-1.052718	0.733162	1.195895	0.213906	0.413620	0.310868	-2.157819	-0.130176	-0.903329	-0.786539	-0.874175	-1.074773	-1.355078	0.575488	-0.008369	0.219542	-0.492903	0.405526	0.298460	0.632189	0.698103	-0.561389	0.445388	0.027796	-0.038583	-1.106589	-0.327267	-0.954691	0.461960	-0.332038	1.091976	-0.312800	-1.891468	-0.665438	-0.558891
0.163685	1.007567	-0.564571	-0.508945	0.828755	1.435187	-0.467146	1.654342	0.418779	-0.606037	0.614829	-0.523508	0.229216	-0.216514	1.510340	0.534162	1.482012	0.061972	1.269500	0.346094	1.297858	1.158248	1.515032	1.572918	0.379064	1.010238	1.511890	0.624315	-1.865691	2.764173	0.417755	0.564714	0.072088	0.304158	-0.940122	0.214664	-0.788014	-0.477781	-0.601577	-0.353107	1.460979	0.807700	1.211672	1.262814	1.776670	1.707181	0.618616	2.514448	0.870921	1.357229	-0.131123	-0.661394	1.671939	1.608638	0.758150	1.452791	-1.032121	-0.068053	0.922338	2.013079	0.857757	0.861275	0.815914	1.672155	0.370717	1.252285	0.217132	0.381839	-0.204629	-0.200928	0.914138	2.313643	0.328966	-0.053055	1.445968	0.502860	1.434439	1.607888	1.062104	1.314195	-0.735314	-2.160628	0.302141	-0.981397	0.026590	-0.390457	-0.109784	-1.683783	1.177213	0.505675	1.204280	-0.079813	0.768320	1.397463	1.065511	1.272012	0.436821	0.132092	0.187584	-1.278554	-0.500838	0.728490	-0.538991	1.094715	-0.024357	0.234387	1.362860	-0.240231	-0.570796	-0.311419
0.604575	2.316166	-0.278171	-0.463044	0.719322	3.087964	-0.523796	3.004180	1.100880	1.051203	-0.224507	0.877058	0.215126	-0.143730	1.754156	1.667446	1.657480	-0.740927	0.836989	0.251987	2.189688	1.821010	2.082013	2.418266	1.486125	3.200751	1.911828	0.913595	-1.046916	3.813476	0.732382	1.927815	-0.492530	-0.945400	-0.825778	0.006941	-0.622683	-0.299871	0.145268	1.091604	2.597561	2.902367	2.171488	2.841698	1.795101	2.121497	1.377243	2.867632	1.743644	1.933559	-0.014507	-1.367384	2.472360	1.893409	0.976330	2.535977	-0.669168	1.014538	1.108670	2.783662	0.822653	1.095283	1.042483	1.555605	0.836625	2.329482	0.593461	0.347134	0.370232	1.073182	1.904829	3.011110	1.713522	0.205276	1.626136	1.940165	1.012331	1.334306	1.570316	1.719312	-1.764149	-1.191305	0.232193	-1.222398	0.558422	0.114523	0.260512	-1.347917	1.958781	1.158002	1.569553	0.371589	0.858906	2.065881	1.148964	1.285090	1.412935	-0.007138	0.513428	-1.043615	0.334858	1.139715	0.471236	1.133579	0.562884	-0.061053	2.449269	1.334084	-0.070300	0.198748
0.860701	2.993689	-0.075735	-0.048340	0.139061	3.269105	-0.701920	3.099541	1.055113	2.571779	-0.705112	2.117548	-0.280168	-0.021472	0.614210	1.860732	0.462462	-1.573515	0.086487	0.254373	2.222797	1.346126	1.421920	1.978763	1.334880	3.631752	0.909125	0.440001	-0.016520	3.235107	0.621976	2.732703	-1.174600	-1.481529	-0.688659	-0.391832	-0.721411	-0.141925	0.226411	1.952437	1.972119	3.733329	1.537936	3.323816	1.287555	1.771143	1.804255	2.219059	1.734003	1.655524	-0.405343	-1.258473	2.260106	1.625936	1.196085	2.983433	0.047689	1.875206	1.120719	2.591191	0.167585	0.977130	1.017245	1.242838	1.070291	2.578167	1.036271	0.291131	0.490804	1.611025	2.272400	2.730909	2.587687	0.534063	0.919382	2.211633	0.144962	0.729957	1.564749	1.680672	-1.576322	0.341382	-0.111774	-0.855990	0.422179	0.214364	-0.086352	-0.232730	2.312861	2.097749	1.328912	0.872449	0.936455	2.173048	1.098793	1.095270	1.923856	0.365315	0.845363	0.509225	1.357356	0.780592	2.043820	1.299984	1.397214	0.579132	1.803242	1.966153	0.776021	1.259820
1.220629	2.569330	0.044931	0.364999	-0.068236	1.934662	-0.639746	1.848684	0.292465	2.768368	-0.690599	2.138813	-1.037518	-0.097754	-0.669538	1.112425	-0.868424	-1.623427	-0.043403	0.487573	1.301798	0.354428	0.359430	0.686383	-0.133427	1.859603	-0.512255	0.038575	0.788110	1.836305	0.306311	2.269254	-1.719362	-0.890707	-1.079913	-1.154861	-0.970569	-0.126817	-0.400820	1.526169	0.477319	2.779285	-0.120187	2.533468	0.929318	1.420553	1.981854	1.237270	0.988915	0.730865	-1.279843	-0.810206	0.950138	1.234214	1.798251	2.689695	0.972540	2.430440	1.256559	1.995516	0.062281	1.010689	0.820969	0.977818	1.408365	2.075602	1.257887	0.387900	0.349607	1.362861	2.096910	1.793046	2.577683	0.930607	0.298872	1.306030	-0.188999	0.373968	1.371624	1.580897	-0.062060	1.604933	-0.455116	0.227538	-0.286837	-0.252985	-0.565757	0.921671	1.503588	2.710258	0.851171	1.143563	1.137386	1.883320	1.287893	1.279141	1.781434	1.095642	0.898989	1.874598	2.304882	0.079317	3.486646	2.155121	2.304239	1.322874	-0.174108	1.916633	1.462927	2.517926
1.606652	1.101466	-0.050931	0.169747	0.401935	0.129727	-0.156706	0.053234	-0.739399	1.335726	-0.543118	0.781098	-1.597461	-0.417219	-0.889911	0.130018	-1.112621	-0.853287	0.577087	0.749780	0.098617	-0.087275	-0.012489	-0.450999	-1.617679	-0.725277	-1.051738	0.381776	1.089318	0.737758	0.037945	0.615396	-2.027845	0.078509	-2.019714	-2.219947	-1.001970	-0.394011	-1.028620	0.133080	-0.408688	0.808642	-1.363260	1.203384	1.077024	1.364552	1.804962	0.568882	-0.100445	-0.223460	-2.053967	-0.932134	-0.472813	0.851967	2.352238	1.688658	1.454608	2.348735	1.507392	1.538706	0.833954	1.326591	0.590617	0.729231	1.660735	1.034784	1.015489	0.512267	0.630526	1.109730	1.718663	0.836398	1.906361	1.252066	0.341722	0.333160	0.045227	0.511122	1.364256	1.580346	1.420786	1.889488	-0.881837	1.022333	-1.239664	-1.019093	-0.884052	1.128473	-0.512032	1.993489	0.241640	0.711240	1.318895	1.340383	1.724989	1.851577	1.087484	1.421859	0.669748	1.809341	2.547776	-0.346337	3.592306	3.066486	2.672421	1.250375	-1.842764	1.914380	1.504146	2.835265
1.472379	-0.773033	-0.419229	-0.519189	0.877004	-1.180629	0.333421	-1.340940	-1.563967	-0.743409	-0.466584	-0.924783	-1.593650	-0.705576	-0.181464	-0.264245	-0.363471	0.132411	1.128269	0.694144	-0.731581	0.267902	0.199249	-0.974940	-1.992011	-2.408017	-0.459809	1.273931	0.699661	0.039520	-0.268624	-1.216386	-2.097475	0.279424	-2.849054	-2.996386	-0.722925	-0.872760	-1.179149	-1.170092	-0.464914	-0.953035	-1.443491	0.208406	1.372423	1.110417	1.316967	0.338657	-1.204350	-0.658281	-1.936708	-1.477403	-0.935921	0.415438	1.971173	0.247167	1.140495	1.452199	1.502052	1.213468	1.655442	1.601047	0.491767	0.413544	1.235047	-0.266915	0.403545	0.310002	1.545375	1.557786	1.450821	0.331993	0.955353	1.177188	0.784194	0.422963	0.203203	0.876816	1.556768	1.514808	1.398573	1.158732	-1.412636	0.700405	-1.955064	-1.435869	-1.091433	0.255897	-2.651267	-0.131189	-0.582269	-0.433546	1.293475	0.679562	2.021450	2.199299	0.207641	0.681788	0.448695	0.593902	1.770473	-0.069871	1.902202	2.760728	1.857596	0.483360	-1.862652	2.108356	0.943879	1.524408
0.486622	-2.145849	-0.804508	-0.861350	0.567100	-1.811213	0.251009	-1.968345	-1.674489	-1.923929	-0.180438	-1.674297	-0.957293	-0.582998	0.366169	0.094751	0.294217	0.816994	0.880687	0.207702	-1.138328	0.569674	-0.064093	-1.241587	-1.426597	-2.633325	0.399283	1.922606	-0.302393	-0.990844	-0.778464	-1.977754	-1.838274	-0.511478	-2.682559	-2.685994	-0.407140	-1.163635	-1.007523	-1.526074	-0.689597	-1.880597	-0.823857	-0.140325	1.221364	0.402663	1.020932	0.321302	-1.879273	-0.415544	-0.707757	-1.221531	-0.516825	0.151078	0.458737	-1.064203	0.533038	0.200076	0.879054	0.632297	1.629779	1.492203	0.671166	0.208708	0.044727	-1.322788	-0.146181	-0.229785	2.380146	2.395737	1.418135	0.368143	-0.030439	0.471298	0.995783	1.520975	0.139272	1.060586	1.711415	1.249210	-0.073027	0.120337	-1.612749	-0.179570	-1.901004	-0.976449	-1.072119	-0.764762	-3.472318	-2.258687	-1.393018	-1.522284	1.106606	0.201912	1.881255	1.810999	-0.375473	-0.823581	0.462601	-0.460978	0.509361	0.783656	-0.492409	0.938033	0.057318	-0.034649	-0.409708	1.944915	0.296466	-0.535014
-0.792410	-2.391988	-0.815332	-0.372828	-0.384220	-1.995080	-0.249899	-2.033147	-0.763863	-1.451167	0.469172	-1.115610	-0.025436	-0.009104	0.071905	0.526949	0.102115	1.133327	-0.019937	-0.469161	-1.380342	0.000165	-1.186939	-1.652400	-0.788598	-1.931615	0.663407	1.724596	-1.330464	-2.525072	-1.228837	-1.270685	-1.208175	-1.355287	-1.183072	-1.112714	-0.248109	-0.837568	-0.787284	-0.941424	-1.622679	-2.114897	-0.275150	-0.134301	0.460736	-0.215257	1.330356	0.316473	-1.680718	0.183226	0.889949	0.425163	-0.166257	0.396846	-1.220487	-1.679343	0.379717	-0.586556	-0.243406	-0.342412	0.851895	1.035230	1.082579	0.327051	-1.093148	-1.638570	-0.274014	-0.589928	2.283708	2.511499	1.478623	0.653101	-0.817382	-0.600549	0.660184	2.418325	0.341447	0.865705	1.610666	0.800970	-1.385536	-0.323993	-1.077862	-0.352922	-0.966671	0.164339	-0.656391	-0.922731	-2.507957	-2.685391	-1.673532	-1.660200	0.897180	0.157877	1.361397	0.793967	-0.408809	-1.943227	0.624915	-0.553408	-0.365698	1.525923	-1.992042	-1.195396	-1.561098	0.245148	1.112876	1.021012	0.036815	-1.672668
-1.268585	-1.571302	-0.323084	0.460320	-1.040027	-1.778786	-0.243632	-1.793997	0.680660	-0.046248	0.919858	-0.030362	0.580061	0.550809	-0.706079	0.264878	-0.704337	1.154912	-0.940248	-1.028628	-1.471643	-1.124380	-2.172818	-2.007151	-0.419551	-0.941324	0.351173	0.773817	-1.523547	-3.529383	-1.027877	0.074991	-0.475145	-1.309672	1.019319	0.955345	-0.038345	0.123198	-0.424648	-0.062172	-2.470746	-1.922655	0.039651	-0.181536	-0.561109	-0.222803	1.766029	0.187431	-0.765269	0.509979	1.751966	2.339666	-0.314992	0.843173	-1.874291	-1.515720	0.707731	-0.519876	-1.222192	-1.304427	0.195485	0.572893	1.344605	0.516604	-1.309125	-1.283723	-0.138557	-0.397487	1.269888	1.273927	1.260266	0.644736	-1.069349	-1.291455	0.013161	2.024471	0.834706	0.295199	1.104973	0.129101	-1.076954	0.187838	-0.140363	0.490483	0.183224	1.151517	-0.095183	-0.118511	-0.700764	-1.190643	-1.259710	-0.771675	0.527445	0.283444	0.612435	-0.381843	-0.133185	-1.796112	0.666406	-0.040527	-0.573899	1.459964	-2.192418	-2.240485	-1.919993	0.810022	1.491631	-0.255217	0.206247	-1.301957
-0.536125	-0.377472	0.402359	0.906385	-0.835295	-1.127109	0.766903	-1.346973	1.479942	0.874296	0.472754	0.660111	0.429526	0.568164	-1.181726	-0.619364	-1.460519	0.753631	-1.589177	-1.430182	-1.246990	-1.746053	-1.929635	-1.841413	0.012274	-0.006029	0.060189	-0.262151	-0.487919	-2.885695	0.011035	0.870063	-0.050361	-0.503021	2.752507	2.465039	0.556530	1.270458	0.284383	0.547690	-2.223702	-1.354786	0.367177	-0.399309	-1.373473	0.072936	1.286192	-0.234228	-0.014669	0.105553	1.479580	2.892989	-0.434826	0.560788	-1.378875	-1.068135	0.886798	-0.003468	-1.456596	-1.748930	0.172844	0.322788	0.988463	0.211466	-0.748569	-0.918326	-0.317814	-0.072332	0.099962	-0.640877	0.456361	-0.083519	-0.626470	-1.062097	-0.445846	0.495347	0.738959	-0.569918	0.150328	-0.822939	0.629054	1.217304	0.367772	1.356552	0.622882	1.355581	0.116107	0.926604	0.511754	0.657832	-0.692124	0.316744	-0.333249	-0.092070	-0.336339	-1.343404	-0.078004	-0.653299	0.404992	0.430903	-0.550701	0.520455	-1.979661	-2.033849	-1.129686	0.741002	0.765815	-1.066478	0.451240	-0.400388
0.474097	0.351890	0.962662	0.942408	-0.274306	-0.418413	1.963840	-0.864496	0.924769	0.626605	-0.597112	0.815715	-0.290305	0.029323	-1.066433	-1.295663	-1.907663	-0.196215	-2.147487	-1.854099	-0.853168	-1.447489	-0.857252	-1.210909	0.692139	0.556289	0.041915	-0.723460	1.196044	-0.903747	1.288255	0.795427	-0.006932	0.144319	3.260501	2.923719	1.508065	2.088311	1.158802	0.796455	-1.135859	-0.619628	0.661847	-0.637796	-1.701916	0.011264	-0.336525	-0.958087	-0.166064	-0.854390	0.699853	1.896950	-0.074733	-0.744011	-0.775093	-0.952199	0.590385	0.284176	-1.035773	-1.671315	0.330610	0.118516	-0.005914	-0.675497	-0.381752	-1.080082	-1.064770	-0.371933	-0.678049	-1.951937	-0.775213	-1.376073	0.161631	-0.199132	-0.467220	-0.989743	-0.547734	-1.511975	-0.960614	-1.770551	2.131747	1.932293	0.089249	1.292180	0.165609	0.964437	-0.115343	1.512102	0.431406	1.146561	-0.654110	0.780921	-1.597125	-1.209176	-1.384930	-1.889886	-0.533586	0.385716	-0.171818	0.847163	-0.755171	-0.701033	-1.996552	-1.454043	-0.323829	-0.212257	-0.103252	-1.131647	0.399007	-0.019967
0.454259	0.273831	1.201721	1.083427	-0.284720	-0.266936	2.081636	-0.643835	-0.375006	-0.257558	-1.103134	0.922102	-0.978398	-0.604080	-0.808134	-1.227360	-2.217747	-1.396140	-2.692657	-2.324239	-0.774058	-0.987537	-0.519982	-0.779883	1.278822	0.470571	-0.092669	-0.527426	2.351882	0.796650	1.985087	0.548548	-0.019667	0.012924	2.758552	2.522799	2.360626	2.371327	1.725142	0.883632	-0.477901	-0.274316	0.581091	-0.735289	-1.531382	-0.505965	-1.918184	-1.598096	-0.984809	-1.669120	0.239559	0.688319	0.390247	-1.914519	-1.021467	-1.330967	0.232787	0.183983	-0.666721	-1.491395	-0.056878	-0.309114	-1.063519	-1.481096	-0.757237	-1.580867	-1.712906	-1.258610	-1.151619	-2.131938	-1.780665	-2.454936	0.658222	0.496836	-0.312313	-1.492556	-2.141097	-2.138949	-1.578478	-2.122038	2.194008	1.766129	-0.454533	0.518754	-0.413988	0.584959	-0.387726	1.478264	-0.498953	0.186057	-1.103845	0.630241	-2.505683	-2.356247	-2.179605	-1.908885	-1.273552	0.489525	-0.950661	1.449604	-1.113811	-1.531735	-1.757586	-1.174189	-0.441827	-1.409036	-0.433866	-0.973208	0.055977	-0.010362
-0.683417	-0.162538	1.315297	1.473463	-1.057362	-0.659719	1.045115	-0.697628	-1.110548	-0.844894	-0.370614	1.299509	-1.260331	-0.977608	-1.012718	-0.816156	-2.390468	-2.207311	-2.860485	-2.512548	-1.208323	-1.275403	-1.661768	-1.018400	1.432981	-0.034160	-0.709379	-0.238050	2.182664	0.987482	1.874691	0.762612	0.113475	-0.688546	2.040131	1.705608	2.643428	2.228247	1.786194	0.989570	-0.868944	-0.592068	0.118965	-0.659577	-1.013099	-0.999310	-2.085648	-1.641453	-1.618927	-1.822888	0.175964	0.359896	0.442599	-1.537305	-1.873826	-1.774147	0.302749	0.180193	-0.856356	-1.439101	-0.944364	-0.881826	-1.564972	-1.574461	-1.335188	-1.756364	-1.226958	-1.661520	-1.500022	-1.717584	-1.918764	-2.539248	0.598852	0.588716	-0.432574	-1.197688	-2.364386	-2.130344	-1.238938	-1.595505	1.157581	0.819152	-0.531680	-0.032718	-0.298237	0.452778	-0.367982	1.059019	-1.260120	-0.774661	-1.234430	0.540707	-2.328258	-2.525094	-2.323856	-1.475067	-1.776983	-0.210178	-1.623631	1.858070	-1.152937	-1.708659	-0.616265	-1.079859	-1.338084	-1.988207	-0.422055	-1.189804	-0.148206	0.355757
-1.566917	-0.145316	1.605045	1.648471	-1.790867	-0.715621	0.149136	-0.557064	-0.571990	-0.716009	0.782415	1.771778	-1.249476	-1.123662	-1.686762	-0.768173	-2.067465	-2.232570	-2.279734	-2.064906	-1.650290	-2.124837	-3.090109	-1.543195	1.317518	-0.189400	-1.518143	-0.502359	0.930512	0.030784	1.412591	1.171221	0.147879	-1.336060	1.651160	0.889443	2.278838	1.875167	1.652346	1.193448	-1.429328	-0.970893	-0.205432	-0.476933	-0.305104	-1.077891	-0.892022	-1.058542	-1.606545	-1.500717	-0.042629	0.605729	0.318408	0.091020	-2.197710	-1.679741	0.636299	0.685021	-1.312585	-1.324162	-1.551639	-1.233811	-1.434422	-1.126831	-1.228979	-1.222781	0.390678	-0.686901	-1.491512	-1.336051	-1.142268	-1.571774	0.353138	0.300771	-0.857847	-0.975378	-0.714878	-1.542738	-0.258291	-0.598419	0.381291	-0.212109	-0.030010	0.085772	0.459735	0.371456	-0.107335	0.588741	-1.153049	-0.459914	-0.424323	0.969007	-1.240696	-1.553679	-1.716509	-0.894324	-1.660686	-0.895632	-1.650479	1.334492	-0.534470	-1.339637	0.946915	-0.764580	-2.064940	-1.531958	-0.558660	-1.708258	0.167527	1.029816
-0.933094	0.611167	2.085354	1.258400	-1.586130	0.257115	0.475493	0.167874	0.845884	-0.058733	0.876401	2.022792	-1.152326	-1.106592	-2.122194	-1.080029	-1.107987	-1.657662	-1.224484	-1.103842	-1.351110	-2.415273	-2.983963	-1.520618	1.347888	0.546750	-1.871799	-1.325518	-0.362523	-0.785119	1.169904	1.129897	-0.196050	-1.479898	1.544982	0.421241	1.603893	1.503104	1.719568	1.489347	-0.899450	-0.503506	0.024158	-0.295549	0.480674	-0.739332	0.248119	-0.432790	-1.152681	-1.244920	-0.627596	0.530167	0.628971	1.016704	-1.305175	-0.860527	0.663922	1.389314	-1.328565	-0.982470	-1.394598	-1.229096	-1.023043	-0.751916	-0.330023	-0.237792	1.641531	1.171464	-0.833027	-0.928247	-0.065438	-0.294941	0.415061	0.016278	-1.056076	-1.218919	1.395272	-0.756846	0.426937	0.197134	0.678629	-0.550221	0.521801	0.515020	1.128114	0.299643	0.257954	0.399186	-0.341146	0.943994	0.939360	1.622786	-0.189705	-0.314652	-0.640751	-0.436909	-0.971541	-0.870731	-0.640750	-0.043845	0.533115	-0.617262	1.633814	-0.135966	-1.841641	-0.249987	-0.870703	-1.945165	0.774143	1.195572
0.875803	1.457528	2.319709	0.596516	-0.372780	1.659524	1.621748	1.092879	2.131426	0.663533	-0.493644	1.925793	-0.890346	-0.731504	-1.638606	-1.083029	-0.035558	-0.970519	-0.526418	-0.225897	-0.184688	-1.468708	-1.074712	-0.685242	1.650655	1.763588	-1.543463	-1.960698	-0.749857	-0.713529	1.330829	0.653481	-0.689323	-1.029418	1.384935	0.367087	1.031103	1.201769	1.961601	1.709527	0.727997	0.811597	0.540976	-0.254142	1.093910	-0.190235	0.208147	-0.331829	-0.537183	-1.169155	-1.010531	-0.010103	1.294605	0.005384	0.262784	0.257690	0.206327	1.558243	-0.649424	-0.618059	-0.834474	-1.151101	-0.571529	-0.585219	0.618611	0.638192	1.093471	2.469376	0.184007	-0.211826	0.522938	0.385237	0.773729	-0.117058	-0.559736	-1.423240	2.139364	-0.123252	0.131426	0.492730	1.535772	-0.021440	0.604117	0.759639	1.200082	0.485235	0.748527	0.653630	0.365159	2.201953	1.776580	1.848194	0.156476	0.284301	0.366849	-0.098584	-0.193470	-0.116489	1.020815	-1.157272	1.338611	0.208836	0.882982	0.501084	-0.705436	1.116679	-1.021409	-1.593711	0.919333	0.534011
2.355350	1.476819	1.754611	0.150667	1.129011	2.078953	2.297210	1.298563	2.387510	0.891137	-2.064513	1.444295	-0.327819	0.101872	-0.380244	-0.450349	0.458377	-0.484494	-0.643605	0.111065	1.114682	0.103348	1.042959	0.328612	1.961301	2.379372	-0.894514	-1.676553	-0.143303	-0.012725	1.591189	0.395920	-0.797325	-0.212845	0.915892	0.293841	0.673556	0.863391	1.966826	1.521790	2.159369	1.859101	0.669337	-0.484852	1.044707	0.225091	-0.711428	-0.685126	0.223405	-0.770529	-0.589202	-0.392106	1.442938	-1.808668	1.350738	0.996801	-0.309980	0.917883	0.272946	-0.466711	-0.464590	-1.258171	-0.102581	-0.227747	0.990730	1.058705	-0.723596	2.426763	0.785800	0.481298	0.248262	0.114896	0.940744	-0.018634	0.347795	-1.045755	1.184594	0.222457	-0.908285	0.428583	1.829714	0.686225	0.196710	0.699449	0.801629	0.870565	1.257486	1.046085	0.349854	2.316504	1.411826	1.357303	0.036343	0.193346	0.756382	0.227150	0.098894	0.780742	2.167408	-1.139477	1.199216	0.667726	-0.341091	0.693457	0.598648	1.613385	-0.875508	-1.012340	0.137407	-0.225854
2.559735	0.541632	0.348596	-0.101784	2.139316	0.963375	1.836287	0.433407	1.392812	0.258114	-2.186374	0.532911	0.297374	0.952610	0.812357	0.339473	0.368447	-0.200297	-0.996194	0.072038	1.639253	1.116384	1.799917	0.791480	1.923736	1.732132	-0.324225	-0.637356	0.702527	0.729134	1.378716	0.608237	-0.405464	0.487774	0.081422	-0.335641	0.301499	0.259640	1.425830	0.727785	2.322621	1.644441	0.106348	-0.970216	0.029752	0.037443	-1.422178	-0.950516	0.997781	0.330241	0.371645	-0.261320	0.513984	-2.278978	1.383445	0.983403	-0.425890	-0.012078	0.834703	-0.365906	-0.375045	-1.381603	0.204661	0.373969	0.949920	1.046512	-1.713398	1.635996	0.559547	0.429087	-0.580535	-0.681837	0.548873	0.433764	0.809157	-0.422505	-0.232766	0.221838	-1.743756	0.237095	1.068005	0.646976	-0.325040	0.380536	0.288427	0.855566	1.318826	0.899791	-0.153046	1.217050	0.218588	0.416256	0.042836	-0.041385	0.334830	0.454849	-0.199940	1.156462	1.874960	-0.477745	0.099861	0.296787	-0.594864	0.227295	1.240399	0.773881	-0.562773	-0.743928	-1.114674	-0.295638
1.832666	-0.515047	-1.169896	-0.562801	2.329062	-0.586459	0.716169	-0.677601	-0.165423	-0.837343	-0.561782	-0.617016	0.526551	1.165838	1.290908	0.753655	0.328633	-0.017886	-0.595570	0.162229	1.178305	1.115393	1.269706	0.757247	1.326384	0.295651	0.107517	0.222402	0.924154	1.156197	0.337013	0.688268	0.019110	0.653140	-0.900514	-1.330907	-0.297730	-0.593639	0.470682	-0.371010	1.469596	0.484878	-0.750010	-1.388440	-1.453415	-0.903243	-1.390692	-0.795048	1.288969	1.619238	0.999650	0.040474	-0.876715	-0.826389	0.769829	0.416220	-0.151972	-0.514749	0.823130	-0.013815	-0.306306	-1.159024	-0.013371	0.576958	1.006600	0.826864	-0.670355	1.031978	-0.066506	-0.396105	-1.168752	-1.146899	-0.228633	1.070318	0.338814	-0.328017	-0.883600	-0.187092	-1.560472	0.096482	-0.181852	-0.266495	-0.585370	-0.227292	-0.155047	0.087779	0.587489	-0.094563	-0.371545	-0.422638	-0.807604	-0.524950	0.220168	-0.131473	-0.463920	0.403160	-0.509815	0.812602	0.561594	-0.359911	-1.191856	-0.681834	0.322155	-0.482344	0.943370	-0.713925	-0.094340	-0.772250	-1.805156	0.126321
0.884531	-0.817689	-1.850283	-1.250206	1.837351	-0.973643	-0.257278	-0.839594	-1.147843	-1.236376	1.497100	-1.424365	0.320060	0.697478	1.145350	0.972874	0.656659	0.071923	0.668787	0.572108	0.391531	0.652983	0.627310	0.852097	0.203182	-0.776658	0.480435	0.348810	0.292614	1.076550	-1.169109	0.091372	0.139133	0.432852	-1.504890	-1.686692	-0.962370	-1.214929	-0.461881	-1.079468	0.623328	-0.355753	-1.237044	-1.224314	-2.250738	-1.906834	-0.938110	-0.374636	0.755121	2.018148	0.919053	0.148452	-1.463441	1.108369	0.244819	-0.120146	0.204288	-0.388421	0.401585	0.455728	-0.163629	-0.507858	-0.699799	-0.038980	1.240025	0.648183	1.307738	0.700610	-0.380588	-1.008215	-0.828768	-0.652558	-0.909815	1.318733	-0.568461	-0.731981	-0.682981	-0.851021	-0.380032	0.187586	-0.934732	-1.148023	-0.425571	-0.941747	-0.384066	-0.794050	-0.473158	-1.324453	0.056916	-1.619848	-0.965176	-1.095637	0.082306	-0.239178	-0.862259	0.141486	-0.129287	0.164191	-0.276800	-1.097985	-1.758476	-1.202876	1.093595	-0.544142	0.182547	-1.348957	0.664270	-0.501981	-1.331923	0.279648
-0.097198	-0.313124	-1.402770	-1.611812	1.150062	0.155245	-0.776273	0.158946	-0.948456	-0.192391	2.504890	-1.354157	0.213821	0.259398	0.894933	1.449144	0.905849	0.064575	1.803046	1.035017	0.151981	0.402341	0.511319	1.313926	-1.023819	-0.771245	0.778888	0.302564	-0.695901	0.442757	-2.127413	-0.710335	0.257293	0.502494	-1.269078	-0.751158	-1.283794	-1.084472	-0.994140	-0.956543	0.374112	-0.125340	-1.022779	-0.247082	-1.613416	-1.847097	-0.430596	0.050250	-0.163665	1.153053	0.632968	0.245502	-0.648245	2.009510	0.109309	-0.120496	0.456149	0.015875	-0.134859	0.578967	0.035274	0.337495	-1.075176	-0.787124	1.333725	0.671674	2.207512	0.160267	-0.234020	-0.506858	0.377506	0.633497	-1.231504	0.816404	-0.923802	-0.657482	-0.263332	-1.265109	0.943201	0.560815	-0.714457	-1.083666	0.103023	-1.163293	-0.144717	-0.789490	-0.824268	-1.783009	0.683746	-1.573405	-0.319761	-0.978502	-0.490153	-0.407029	-0.497689	-0.014570	0.903481	-0.148129	0.322039	-1.696113	-1.329467	-0.383136	0.579513	0.471428	-0.248547	-0.281586	1.557913	0.377991	-0.100281	0.044557
-1.069741	0.357768	-0.449759	-1.271980	0.884701	1.621008	-0.932271	1.314455	0.018954	1.504171	2.205356	-0.537696	0.600600	0.435847	0.885172	1.940494	0.631429	0.105524	1.930897	1.273955	0.697924	0.399697	0.513134	1.626199	-1.591049	0.001333	0.951227	0.924794	-1.354263	-0.339581	-1.766971	-0.767660	0.743396	1.179293	-0.392763	0.688953	-1.102060	-0.351127	-1.006245	-0.299157	0.568766	0.672344	-0.268896	1.058336	-0.047366	-0.440193	0.183798	0.460133	-0.535844	-0.018080	0.664834	0.621332	0.892257	1.797720	0.191248	0.420294	0.546406	0.260159	-0.468734	0.285556	0.445986	1.107469	-0.442253	-0.560859	1.191245	0.860141	1.368561	-0.572562	-0.058870	0.761980	1.526188	1.771315	-1.282395	-0.019020	-0.311633	0.435788	-0.013270	-0.974267	1.402686	0.918390	0.108327	-0.246507	0.748184	-0.474925	0.575555	0.111734	-0.044208	-1.186154	0.868835	-0.316015	0.539321	-0.069181	-0.830279	-0.326116	0.153804	0.056997	1.690788	0.142679	1.660716	-1.126996	-0.438305	1.296227	-0.610471	1.794388	0.054502	1.601086	1.992074	1.216231	0.898457	0.067014
-1.538361	0.615461	0.142793	-0.606757	1.263127	2.057851	-0.754088	1.582994	0.866043	2.148675	1.426312	0.275068	1.093221	0.896869	1.015689	1.603093	0.185201	0.375453	1.313569	1.283436	1.385415	0.279400	0.141184	1.203957	-0.992745	0.654875	0.912927	1.919744	-1.370586	-0.533988	-0.464129	-0.101643	1.215101	1.765507	0.270960	1.057679	-0.724188	0.182933	-0.630675	0.176994	0.850687	1.028282	0.570861	1.719047	1.108419	1.141793	0.834201	0.866288	0.024983	-0.262234	0.790477	0.990865	1.889352	1.246533	0.293315	0.979022	0.309728	0.152244	-0.394750	0.089146	1.087163	1.550032	0.760342	0.620191	1.007370	0.951708	-0.125049	-0.915208	-0.168603	1.510905	1.553692	1.812420	-1.179218	-0.404241	0.610091	1.638944	0.090740	-0.160626	0.648045	0.802008	0.756582	0.365063	1.108947	0.614522	1.213326	0.801038	0.974477	-0.277720	0.576213	1.055939	1.062685	1.158394	-0.284024	0.103261	0.282479	0.061583	1.341909	0.691528	2.195972	0.279840	0.176153	2.284183	-0.876378	2.076504	0.803579	2.482825	1.454396	0.983931	0.980894	0.604281
-1.064312	0.386589	0.068500	-0.263113	1.703853	1.228570	-0.274810	0.969266	1.016405	1.001927	0.858138	0.463270	0.967907	0.795962	0.883354	0.151728	0.291037	0.770359	0.837770	1.121932	1.317028	-0.039930	-0.338336	0.166408	0.309980	0.578263	0.433324	1.937228	-0.938037	0.092660	0.475887	0.075127	0.886965	1.241993	0.084232	-0.148902	-0.579254	-0.042277	-0.218126	0.090114	0.983459	0.560894	1.036900	1.180164	0.980717	1.397146	0.937378	1.057629	0.878851	0.418753	0.487121	0.737648	1.619103	0.761039	0.427470	0.993266	-0.410205	-0.265272	-0.022859	0.368847	1.387755	1.352627	1.284326	1.450127	0.730294	0.662120	-0.967325	-0.676501	-0.387412	0.954426	0.306472	0.731902	-0.892023	-0.136144	0.742436	1.554629	0.077877	0.479625	-0.758037	0.141030	0.726837	0.185190	0.924726	1.034002	1.062642	0.472559	0.954416	0.077450	0.354216	1.306453	1.128818	1.801605	0.862788	0.444104	-0.305886	-0.286639	-0.119168	0.914104	1.328202	1.066172	0.263728	1.596472	0.192074	0.847260	1.381553	1.604537	0.132185	-0.400970	0.204517	0.886361
-0.120737	-0.047472	-0.355316	-0.340574	1.344000	0.000923	0.131496	0.273384	0.436930	-0.893171	0.388397	0.082394	0.150507	-0.142909	0.215837	-1.543641	1.052584	0.925101	0.864790	0.753327	0.315182	-0.179503	-0.270783	-0.745968	1.103976	-0.135219	-0.608229	0.315932	-0.475442	0.830978	0.152750	-1.014349	-0.242328	-0.383862	-0.638792	-1.653037	-0.783370	-0.712229	-0.208531	-0.350064	0.779023	-0.281195	0.987863	0.015955	-0.059703	0.225190	0.153872	0.915309	1.157202	0.907487	-0.210402	-0.227100	0.396342	0.288670	0.655473	0.468529	-1.360601	-0.816736	0.340792	0.837122	0.714510	0.444652	0.659105	1.033643	0.016590	0.003066	-0.926588	-0.409946	-0.373353	-0.295451	-1.133121	-0.415064	-0.481238	0.187937	-0.236381	0.137602	-0.057753	0.616604	-1.857256	-0.533053	0.067293	-0.352818	0.359576	0.380304	0.099439	-0.364752	-0.198830	-0.151765	0.602011	0.410726	0.986240	1.369721	1.725315	0.389360	-0.888635	-0.731689	-1.742928	0.585155	-0.054916	0.288137	0.165435	-0.138663	1.259112	-0.948967	1.424431	0.047154	-1.149864	-1.738114	-0.922757	0.078878
0.278163	-0.377612	-0.748790	-0.434231	0.180449	-0.638828	-0.012764	0.054983	-0.441110	-1.904342	-0.332426	-0.385121	-0.628891	-1.241023	-0.671278	-2.276028	1.836535	0.725389	1.074352	0.298182	-0.740776	0.233559	0.515713	-0.858857	0.643218	-0.856526	-1.684020	-1.820152	-0.244858	0.831178	-0.961483	-2.364510	-1.141756	-1.866203	-1.015590	-1.878163	-1.137150	-1.136395	-0.744731	-0.767852	0.271099	-0.826089	0.778054	-0.504216	-0.906590	-0.887935	-0.782990	0.785731	0.865573	0.591875	-0.799301	-1.259765	-0.865443	-0.103988	0.902426	0.033231	-1.888487	-1.222676	0.617461	1.014932	-0.556285	-0.591969	-0.115830	0.125093	-1.032402	-0.611330	-0.618881	-0.596356	-0.009989	-0.872280	-1.371985	-0.439359	-0.255660	-0.114376	-1.331123	-1.074306	-0.091809	0.713310	-2.070316	-0.576475	-0.838579	-0.560051	-0.173574	-0.620420	-0.906322	-0.683709	-1.247662	-0.325291	1.085600	-0.409377	0.841111	0.326108	1.928661	0.393276	-0.592249	-0.668850	-2.408095	0.027223	-0.785271	-1.319129	0.302423	-1.424319	1.073953	-1.956638	1.046870	-0.631495	-1.669772	-1.791452	-1.899744	-1.439942
-0.142945	-0.418331	-1.027194	-0.372597	-0.695110	-0.382870	-0.662666	0.195161	-0.823705	-1.399061	-1.059856	-0.635808	-0.692536	-1.577979	-0.947498	-1.641459	2.052203	0.597162	1.239922	0.207977	-0.706780	1.101520	1.535012	-0.031351	-0.527926	-0.926882	-1.724564	-2.709215	-0.173017	0.145727	-1.668616	-2.225267	-0.933171	-1.996844	-0.664726	-0.762177	-1.433688	-1.150154	-1.370394	-1.012571	-0.015980	-0.676137	0.888072	0.244376	-0.850868	-0.582776	-0.763689	1.058608	0.799901	0.154071	-1.056532	-1.681151	-1.500462	-0.245523	1.007374	0.296603	-1.528736	-1.181323	0.984017	0.926402	-1.176376	-0.876338	0.062151	0.058583	-1.550512	-0.641582	-0.494376	-0.977013	0.557038	-0.123990	-0.107269	0.775292	-0.485677	-1.132417	-1.172434	-0.817212	0.253786	1.248360	-1.484871	0.108508	-1.593040	-0.355629	-0.459376	-1.057849	-1.186509	-0.317588	-1.143449	-0.088967	1.284900	-0.205252	0.569984	-0.454346	1.796542	1.010827	0.585492	0.072434	-1.590950	-0.284347	-0.629974	-2.081609	0.653464	-1.448053	0.025492	-1.675250	0.632564	-0.108104	-1.414242	-0.599468	-2.378726	-2.276145
-0.582776	-0.136123	-1.201875	-0.456662	-0.379594	0.349878	-1.266491	0.361064	-0.090032	-0.005564	-1.085893	-0.759037	-0.069072	-0.838613	-0.074654	-0.171912	1.677569	0.996153	1.547290	0.854069	0.604707	1.928371	2.222573	1.364281	-1.282510	-0.216724	-0.197737	-1.887877	-0.029068	-0.439919	-1.533337	-0.424402	0.118458	-0.769455	-0.126504	0.388745	-1.620230	-1.160432	-1.421301	-1.070932	0.467095	0.181907	1.229138	1.489307	-0.121115	0.793827	0.155333	1.412298	1.361391	0.426048	-1.156994	-1.370778	-1.546762	-0.253680	0.893423	1.186549	-0.485196	-0.591504	1.337139	0.925690	-0.567727	-0.221639	0.801022	0.836030	-0.791318	0.113600	-0.408160	-1.029724	1.002658	1.160266	1.475103	2.086594	-1.051589	-2.328103	0.376094	0.328353	0.795797	1.838347	-0.528040	0.995360	-1.924307	-0.134360	-0.543508	-0.875135	-0.688523	0.017220	-0.195732	0.171611	1.057162	0.540243	-0.043162	-0.651527	1.462841	1.787954	1.662281	0.900200	0.279131	-0.214165	-0.127290	-1.271234	0.774651	-0.705525	-0.626078	-0.616994	0.502247	0.691278	-0.868594	0.745318	-2.188956	-1.495538
-0.299998	0.324240	-1.148177	-0.865873	0.613192	0.904060	-1.507042	0.496562	1.334317	1.220393	-0.204680	-0.959721	0.787063	0.569636	1.461355	1.357517	1.063550	1.698356	2.046357	1.942262	2.119829	2.317479	2.402896	2.662075	-1.291427	0.665803	2.003477	-0.454302	0.234514	-0.444489	-1.240987	1.156974	1.107354	0.875299	-0.157398	0.614783	-1.697852	-1.397857	-0.878669	-0.905833	1.387901	1.337117	1.104339	1.918207	0.574224	1.644704	0.654681	1.039948	1.936443	1.107706	-1.103240	-0.663216	-1.409161	-0.359322	0.650190	2.014789	0.558341	0.266071	1.141558	1.033952	0.353723	0.564666	0.739320	1.131305	0.835243	1.277486	-0.108203	-0.760883	0.914531	1.588579	1.862850	2.225733	-1.506280	-2.864679	1.857404	0.756015	0.934394	1.698195	0.430905	1.456646	-1.718933	-0.095902	-0.408753	-0.686914	0.037094	-0.148707	0.527861	-0.074016	0.714774	0.611196	-0.825340	-0.677893	0.560522	1.603606	1.644818	1.089780	2.000730	0.001844	0.268180	0.078036	0.315232	-0.210338	-0.409413	0.494572	0.708667	0.924487	-0.314577	1.389688	-1.495230	0.378384
0.394604	0.683718	-0.811915	-1.217006	0.966655	0.948967	-1.620139	0.718068	2.032223	1.556813	0.810618	-1.253048	1.537070	1.936500	2.503397	2.410226	0.553348	1.941792	2.300674	2.603972	2.569496	2.305690	2.178757	3.169873	-1.228343	0.895959	3.188268	0.442156	0.398069	-0.077313	-1.362718	0.814477	1.586586	2.114111	-0.834597	0.214760	-1.617299	-1.565143	-0.528816	-0.604556	1.624103	2.022305	0.158956	1.205451	0.828064	1.037795	-0.092266	-0.160439	1.754810	1.290541	-0.621508	-0.013656	-1.188165	-0.384856	0.479103	2.187102	1.023590	0.847831	0.222775	0.943968	0.417189	0.669304	-0.451724	0.226893	2.066304	2.138344	0.233692	-0.597864	0.138529	0.739745	0.763906	1.088750	-1.444104	-2.074422	1.782951	-0.036534	0.405013	0.852296	1.138664	1.276149	-1.085499	-0.105776	0.057838	-0.842022	0.420192	-0.526270	0.518033	-0.734156	0.484626	-0.355288	-1.194528	-0.958461	-0.847065	0.286588	0.546359	0.590167	2.432918	0.145008	0.455389	0.451693	-0.483294	-0.305981	0.156273	1.370056	1.028649	0.646533	0.401908	1.408497	-0.788747	1.888943
0.640477	0.707263	-0.474811	-1.020133	0.321408	0.673775	-1.788159	0.961636	1.112985	0.910134	0.966520	-1.448151	1.976022	2.624057	2.390152	2.650833	0.322274	1.330347	1.900586	2.219830	1.770500	2.119225	1.629102	2.533973	-1.555336	0.324869	2.557213	0.772977	0.234304	0.317806	-1.366857	-0.877135	1.720784	2.712099	-1.518940	-0.091509	-1.329253	-1.342157	-0.973368	-0.481252	0.614280	1.607198	-0.870597	0.319429	0.788528	-0.231948	-1.177036	-1.112718	1.003526	0.922171	0.209739	0.171168	-0.574749	0.114125	0.536035	1.734264	0.806312	0.759061	-0.601566	0.656539	-0.180865	0.292384	-1.434948	-0.883632	2.146112	2.192108	0.259089	-0.633219	-0.825925	-0.311871	-0.663909	-0.210270	-0.807398	-0.090238	0.340820	-0.837222	-0.269083	0.215619	1.373070	0.698957	-0.372478	-0.119142	0.682428	-1.049545	0.256790	-0.709402	0.154024	-1.213684	0.213828	-1.430113	-0.772291	-1.326597	-1.695677	-0.854345	-0.647957	0.002449	1.552874	0.265616	0.424224	-0.326073	-0.810291	-0.368527	0.606700	2.034271	1.154089	0.374393	1.355480	1.289257	-0.421333	2.028857
0.183527	0.373746	-0.469031	-0.381854	-0.280543	0.444552	-1.652328	0.952261	-0.553378	-0.165153	0.159535	-1.321192	1.835083	2.278908	1.526872	1.906395	0.326374	0.301994	1.027159	1.032134	0.624951	1.677440	0.779501	1.000464	-1.695178	-0.327223	0.977842	1.164522	-0.265013	0.613680	-0.426738	-1.865222	1.611918	2.632472	-1.557704	-0.181190	-0.850715	-0.856431	-1.711637	-0.716011	-0.801516	0.236151	-0.853535	0.221122	0.746101	-0.679426	-1.052793	-0.753710	0.551884	0.876864	0.745885	-0.206779	0.520249	1.094492	0.735165	1.079754	0.226069	0.106795	-0.352960	0.552073	-0.230672	0.264671	-0.909627	-0.805054	1.469188	1.474896	0.038028	-0.452054	-1.105942	-0.281150	-1.138149	-0.579667	0.022830	1.882968	-0.906616	-0.393555	-0.350844	0.314317	1.028414	0.102796	0.037646	-0.301785	0.959125	-0.858247	-0.230848	-0.716683	0.009174	-1.182109	-0.237474	-1.543447	0.099318	-1.251117	-1.026117	-0.624456	-1.007907	-0.180896	0.534499	0.470843	0.214957	-0.988180	-0.002281	0.302010	0.954184	2.329634	0.949044	0.348482	2.106593	1.158256	-0.188979	1.043909
-0.450211	-0.133983	-0.613388	0.126508	0.021498	0.306674	-0.814520	0.498233	-1.297288	-0.803235	-0.723721	-0.768181	0.995749	1.014818	0.663273	0.384165	0.303884	-0.428999	0.158753	-0.202310	-0.104673	0.610093	-0.249342	-0.753054	-0.868767	-0.374237	-0.152410	1.737935	-0.901023	0.588447	1.094251	-1.201429	1.080573	1.715120	-0.823052	-0.276424	-0.209956	-0.369264	-1.637383	-0.941032	-1.371901	-1.176456	0.262790	0.640099	0.652135	0.044133	0.424836	0.527445	0.642871	1.419175	0.568492	-0.630194	1.513287	1.798831	0.704113	0.412066	-0.253176	-0.584157	0.644456	0.631585	0.660351	0.782071	0.651786	0.350247	0.732155	0.388547	0.028666	0.144428	-0.419129	0.684837	-0.581705	-0.103896	0.448448	2.392467	-0.939342	0.899758	0.169956	0.532257	0.269568	-0.348511	0.085525	-0.590960	0.657102	-0.178363	-0.534207	-0.641900	0.237050	-0.843488	-0.597090	-0.696659	0.678098	-0.510156	0.577367	0.440071	-0.556197	-0.104891	0.359181	0.595529	0.014146	-0.488079	1.526097	1.431463	1.107285	1.802639	0.500753	0.376797	2.043074	0.732821	0.343422	-0.078374
-0.777432	-0.573623	-0.296812	0.283346	0.567686	-0.026299	0.452128	-0.271563	-0.747891	-0.558092	-0.812837	0.112736	-0.166281	-0.566631	-0.074063	-1.232606	-0.021430	-0.641500	-0.582974	-1.047150	-0.610404	-1.071398	-1.221333	-2.072362	0.601439	-0.033890	-0.500021	1.833249	-1.318881	-0.086129	1.788355	0.061034	0.157417	0.019032	0.339975	-0.224482	0.590882	0.213858	-0.404279	-0.531763	-0.967529	-1.742615	1.191295	0.514628	0.206548	0.802897	1.749531	1.220606	0.468490	1.431332	0.140170	-0.329631	1.630780	1.478456	0.091323	-0.468089	-0.352070	-0.846237	0.895031	0.259190	1.435739	1.079769	1.564788	1.077136	-0.057352	-0.702465	0.333458	0.632555	0.475358	1.146211	0.041423	0.181355	0.231581	1.164946	-0.290174	1.528083	0.514405	0.027907	-0.510206	-0.753749	0.117841	-0.515744	0.200728	0.694537	-0.251657	-0.275468	0.548550	-0.404103	-0.509056	0.207373	0.648622	0.509712	1.428774	0.774300	-0.081454	-0.247758	0.541643	0.302528	-0.107263	0.734937	2.272327	1.907640	0.648892	0.248490	-0.086421	0.117547	1.036369	-0.104674	1.111189	-0.733582
-0.809479	-0.761116	0.661328	0.478658	0.117254	-0.659643	1.405221	-0.956818	-0.150269	0.124535	-0.177689	1.000612	-1.014810	-1.704772	-1.018452	-2.131685	-0.625374	-0.636592	-1.381152	-1.608965	-1.373210	-2.540047	-1.874750	-2.575030	1.506379	-0.014020	-0.793047	0.883592	-1.087639	-1.129578	1.022963	0.619323	-0.710854	-1.743250	1.395038	0.260499	1.419583	1.066896	1.114814	0.552760	-0.519044	-1.340358	0.814152	-0.503224	-0.566262	0.517149	1.634908	0.543628	-0.648809	-0.125811	0.166687	0.688785	0.786190	0.169372	-0.948816	-1.590876	-0.185244	-0.637503	-0.283700	-0.848366	1.051307	0.527937	1.003534	0.455117	-1.221629	-1.599497	0.441287	0.396476	0.642966	0.250828	0.042378	-0.373564	-0.087179	-0.501259	0.015684	0.835790	0.109442	-1.003634	-0.897585	-1.167905	0.431104	0.178883	0.083161	1.324418	0.440355	0.474047	0.528512	0.267122	-0.131573	0.528431	0.374059	1.156826	0.739067	-0.085365	-0.113099	-0.691552	-0.094416	-0.433498	-0.404483	1.417552	1.138895	1.096694	-0.460963	-1.663532	-0.799553	-0.581912	-0.407901	-0.924549	1.505108	-1.058506
-0.654983	-0.623526	1.527925	0.995268	-1.250728	-1.212055	1.600294	-1.177355	-0.454632	0.401383	0.339115	1.481418	-1.271633	-1.958497	-2.002771	-1.926576	-1.145000	-0.709857	-2.101111	-1.955310	-2.079741	-2.772387	-1.971833	-2.137452	1.263410	-0.387973	-1.411336	-0.677114	-0.071193	-1.475503	-0.110583	0.596957	-1.137496	-2.532050	1.816476	0.857354	1.887876	1.807807	1.824149	1.505040	-0.574254	-0.535425	-0.445861	-1.498174	-1.070152	-0.422514	0.515150	-0.599010	-2.077458	-2.395981	0.515620	1.365435	-0.280953	-1.302722	-1.688850	-2.365440	-0.094355	-0.235181	-1.588261	-1.813000	-0.120445	-0.451382	-0.125604	-0.680120	-2.351418	-2.078701	0.036681	-0.286473	0.109547	-1.122217	-0.232799	-1.191021	0.293210	-1.062678	-0.144652	-0.230780	-0.613932	-1.528470	-0.652747	-1.316247	0.781112	0.940502	0.125590	1.380933	0.859500	1.104458	0.045291	1.160084	0.012672	0.485382	0.261905	1.080315	-0.469398	-0.916240	-0.293415	-0.884069	-1.434188	-1.109601	-0.985338	1.053313	-1.011608	-0.286829	-1.436210	-2.617492	-1.497081	-1.397202	-1.523084	-1.071912	1.211221	-1.230735
-0.245082	-0.244583	1.434649	1.428098	-2.111784	-1.215463	1.161667	-0.887149	-1.037884	0.033355	0.141823	1.346460	-1.150667	-1.441130	-2.239537	-0.947817	-1.238102	-0.851878	-2.215449	-1.774032	-1.895560	-1.679304	-1.412837	-0.999028	0.551412	-0.492272	-1.717751	-1.639361	1.162886	-0.507657	-0.222013	0.849910	-1.143816	-1.936329	1.370521	0.889614	1.643714	1.732167	1.515396	1.522023	-0.684618	0.062264	-1.238936	-1.459338	-0.758452	-0.748403	-0.224637	-0.870928	-2.459684	-3.264994	0.417680	0.859298	-0.767628	-1.955829	-1.503679	-2.083444	-0.190998	0.104181	-1.335232	-1.533935	-0.875116	-0.948757	-0.509382	-0.923715	-2.432550	-1.866779	-0.351467	-0.456891	-0.306273	-1.544672	-0.099926	-1.223944	1.312849	-0.328038	-0.195432	-0.528179	-0.755741	-1.028730	0.109437	-0.856171	0.646934	0.940765	-0.173814	0.878149	0.579928	1.009171	-0.510444	1.699684	-0.190308	0.540384	0.215410	0.475988	-0.785239	-0.586721	0.023870	-0.310817	-1.906631	-1.149325	-1.354139	0.329237	-2.033246	-0.985015	-1.420781	-1.880410	-1.762672	-1.637249	-1.742748	-0.389127	0.709868	-0.991257
0.284576	0.131270	0.519151	1.197988	-1.632740	-0.714919	0.481918	-0.404815	-0.878064	-0.394108	-0.431071	0.788301	-0.892640	-0.670944	-1.415867	-0.016733	-0.911799	-0.877175	-1.516193	-0.943545	-0.825252	-0.326857	-0.471742	0.119470	0.211717	-0.056364	-1.098469	-1.284277	1.646383	0.831642	0.503136	1.300337	-0.888284	-0.669689	0.432711	0.341880	0.859921	0.822309	0.800072	0.749645	-0.383546	0.237702	-1.001956	-0.596311	0.061021	-0.111092	-0.085057	-0.248969	-1.428442	-1.978620	-0.252488	-0.230307	-0.547451	-1.427175	-0.642967	-0.921056	-0.238141	0.251649	0.151149	-0.298193	-0.739357	-0.720517	-0.076938	-0.191878	-1.284814	-1.023556	-0.093606	0.175193	-0.174882	-0.879069	0.367021	-0.397337	1.871214	0.548325	0.006589	-0.166328	-0.183112	-0.139116	0.814361	-0.017843	0.022648	0.190076	-0.677172	0.223563	-0.032232	0.323632	-0.569908	1.326244	-0.284333	0.616411	-0.027474	-0.149351	-0.197233	0.352317	0.703357	0.649398	-0.770346	-0.570910	-1.028650	0.057911	-1.087221	-0.681414	-0.557509	-0.287816	-1.303811	-1.020320	-1.095309	0.475642	0.566548	-0.266389
0.422053	0.240239	-0.196310	0.430347	-0.632091	-0.231630	-0.052955	-0.078304	-0.185980	-0.331876	-0.577334	0.216116	-0.488921	-0.171790	-0.328836	0.207133	-0.422316	-0.619279	-0.526823	-0.062690	0.018645	0.186418	0.225024	0.464736	0.167127	0.265045	-0.082091	-0.248033	1.001405	1.012531	0.684582	1.021002	-0.402882	0.122990	-0.208119	-0.064435	0.177973	-0.032577	0.248068	0.046946	-0.006590	0.123428	-0.412804	-0.005040	0.456318	0.451556	0.174494	0.166924	-0.149846	-0.199458	-0.644913	-0.613000	-0.148889	-0.375407	-0.029416	0.018818	-0.111467	0.116421	0.876278	0.422717	-0.310220	-0.305132	0.183111	0.301068	-0.138761	-0.173342	0.443636	0.685713	0.085580	-0.220957	0.426612	0.241413	1.158833	0.550666	0.033771	-0.015106	0.273295	0.226183	0.781923	0.378587	-0.447955	-0.405457	-0.666955	-0.130827	-0.290398	-0.208229	-0.115990	0.362738	-0.016965	0.321300	-0.289807	-0.407775	0.174860	0.537498	0.862716	0.940272	0.536062	-0.016309	-0.409647	0.214007	0.265825	-0.177521	0.141482	0.491576	-0.468851	-0.224276	-0.284705	0.666617	0.569120	0.254078
-0.071477	0.039129	-0.119828	-0.125130	-0.303160	-0.118593	-0.225507	0.037065	0.044766	0.024996	-0.093373	-0.119045	0.047566	-0.089289	0.065687	-0.186554	0.022965	-0.064608	0.066167	0.172690	-0.095226	-0.112819	0.247873	0.056535	-0.082424	-0.075516	0.244995	0.221495	-0.057903	-0.051423	-0.154796	-0.117717	0.186371	0.060554	-0.144492	0.052688	0.015479	-0.143266	-0.050225	-0.082725	-0.059717	-0.041328	-0.194352	-0.176231	0.063558	0.086456	-0.079731	-0.129510	0.131955	0.145708	-0.193819	-0.077429	-0.116898	0.086581	-0.142294	-0.011128	-0.067638	-0.265114	-0.012178	-0.030451	-0.188667	-0.146198	-0.198150	-0.117358	-0.148435	0.025697	0.352832	0.228637	-0.005985	-0.242751	-0.170666	-0.022973	-0.176149	-0.133087	-0.225293	-0.284072	0.025626	-0.015197	0.018104	-0.088527	-0.323016	-0.255032	0.013588	-0.104962	-0.037633	-0.188742	0.220302	-0.246408	0.229998	-0.246742	-0.145723	-0.269429	-0.161722	-0.188528	0.154472	0.159478	0.377133	0.002827	-0.281518	0.249192	0.263920	-0.124431	0.037722	-0.088969	0.011211	-0.111874	-0.044062	0.096468	0.173334	-0.079660
-0.645007	-0.213409	0.230568	-0.055742	-0.634410	-0.197998	-0.156071	0.091499	-0.347354	0.138811	0.351136	-0.236976	0.437321	-0.158284	-0.163654	-0.495906	0.315101	0.494188	0.140484	-0.076132	-0.512269	-0.323860	-0.115659	-0.299311	-0.444767	-0.573577	-0.250287	-0.173252	-0.485468	-0.855431	-0.883457	-0.953480	0.511586	-0.219584	0.197752	0.258548	0.139006	0.132338	-0.210558	0.065802	-0.342482	-0.091835	-0.229254	-0.469418	-0.391573	-0.575048	-0.427953	-0.441099	-0.378686	-0.675337	0.459988	0.342269	-0.421035	-0.327369	-0.462287	-0.475417	-0.277361	-0.580198	-1.013629	-0.627133	-0.249771	-0.120317	-0.547215	-0.659063	-0.842785	-0.323945	-0.340890	-0.627896	-0.286611	-0.462628	-0.695946	-0.578065	-0.746345	-0.589852	-0.327475	-0.394524	-0.417990	-0.215706	-0.578600	-0.734051	0.019166	0.169295	0.564514	0.032226	0.265729	0.050555	0.037388	-0.116185	0.106341	-0.489368	0.332440	-0.010571	-0.481306	-0.619762	-0.554181	-0.721648	-0.638800	-0.288096	-0.599174	-0.024950	-0.630137	-0.241446	-0.424876	-0.809753	-0.105765	-0.532274	-0.286547	-0.408879	-0.419421	-0.775928
-0.579079	-0.214514	0.106410	0.231342	-0.762294	-0.162000	-0.167903	0.134479	-0.574143	-0.071512	0.133557	-0.238020	0.385104	-0.103799	-0.253246	-0.260211	0.337801	0.572765	0.041363	-0.103805	-0.320054	0.034651	-0.178201	-0.052966	-0.443180	-0.449438	-0.571598	-0.495048	-0.056360	-0.394296	-0.497729	-0.592913	0.352566	-0.066801	0.154716	0.124132	0.094389	0.074310	-0.269583	0.020255	-0.320794	-0.031219	-0.132028	-0.227905	-0.155009	-0.407583	-0.232297	-0.152884	-0.515533	-0.888767	0.375898	-0.009539	-0.542474	-0.697317	-0.318968	-0.412840	-0.431756	-0.506542	-0.546612	-0.283162	-0.135763	-0.000180	-0.222777	-0.400597	-0.890896	-0.473605	-0.595496	-0.653284	-0.291390	-0.270163	-0.444320	-0.453203	-0.160679	-0.337668	-0.071429	-0.064358	-0.288985	0.005623	-0.276539	-0.610346	-0.054957	0.124129	0.320559	0.027453	0.198751	0.055338	-0.251597	0.176602	-0.108590	-0.202488	0.500674	0.021105	-0.153998	-0.084803	-0.312939	-0.523922	-0.673268	-0.312900	-0.636166	-0.241854	-0.694201	-0.065111	-0.456211	-0.468684	-0.323658	-0.607629	-0.321011	-0.151794	-0.432904	-0.782925
0.024862	0.017653	-0.378876	0.178294	-0.388422	-0.085855	-0.326508	0.064668	-0.306968	-0.201375	-0.435290	-0.168100	-0.028056	-0.006365	0.035243	0.184263	0.078816	0.074829	0.017278	0.218786	0.206729	0.433566	0.239968	0.399531	-0.140910	0.074803	-0.099546	-0.051655	0.503131	0.532879	0.346447	0.340453	-0.031072	0.297710	-0.295858	-0.143062	-0.147884	-0.295256	-0.240014	-0.211305	-0.009596	0.021511	-0.032390	0.219014	0.382248	0.418145	0.264836	0.287430	0.078440	0.038872	-0.306822	-0.535196	-0.229985	-0.251074	0.123232	0.142284	-0.208333	-0.166665	0.714928	0.506531	0.078445	0.088079	0.338451	0.292784	-0.095054	-0.078670	0.047691	0.201340	0.023755	0.128635	0.230310	0.216052	0.570083	0.224623	0.152587	0.285340	0.186342	0.316522	0.426912	0.122186	-0.500239	-0.295435	-0.308472	-0.111326	-0.161058	-0.155081	-0.128644	0.072616	-0.021277	0.097944	0.015471	-0.265074	0.340271	0.564490	0.517606	0.496405	0.448618	0.012366	-0.250036	-0.061987	0.275430	0.180930	0.007414	0.406213	-0.175963	-0.128681	0.020806	0.539319	0.233701	-0.048087
0.356960	0.147601	-0.497214	-0.084895	-0.053390	-0.245166	-0.368174	-0.149684	-0.186700	-0.004035	-0.515384	-0.059354	-0.366782	-0.120137	0.186487	0.231706	-0.187949	-0.392323	0.074243	0.368664	0.170581	0.215594	0.552118	0.399470	-0.100945	0.124419	0.465747	0.513663	0.497937	0.632933	0.327720	0.658305	-0.209992	0.231766	-0.577385	-0.198312	-0.236017	-0.372214	-0.175412	-0.278990	0.136746	0.015546	-0.259647	0.152242	0.264575	0.687462	0.351946	0.210738	0.490822	0.686937	-0.596265	-0.451624	0.043730	0.399536	0.235705	0.327532	0.165085	0.004042	0.972759	0.551303	0.092122	-0.059626	0.361487	0.450755	0.389583	0.286690	0.675862	0.656957	0.220320	0.193642	0.433488	0.468398	0.458852	0.372222	0.055816	0.266262	0.151819	0.268886	0.451774	0.402818	-0.669096	-0.351257	-0.431630	-0.144567	-0.399317	-0.236226	0.177992	-0.104229	0.227763	0.034161	-0.579177	-0.529730	0.271263	0.384466	0.761853	0.947422	1.079896	0.206653	-0.075652	0.339601	0.749085	0.039479	0.367110	0.511026	0.148491	0.178590	0.135409	0.858646	0.749047	0.426451
-0.008346	-0.036363	-0.018391	0.011543	-0.175384	-0.547866	-0.221597	-0.349815	-0.657268	0.256223	0.066728	0.037270	-0.257467	-0.385948	-0.118085	-0.094550	-0.109754	-0.209481	0.184825	0.154110	-0.421865	-0.328815	0.285311	0.032556	-0.465015	-0.388693	0.223354	0.235493	0.079479	-0.029378	-0.547047	0.244966	-0.041296	-0.244145	-0.341351	-0.081694	-0.021459	-0.000185	-0.107199	-0.062623	-0.004706	0.017643	-0.614260	-0.344715	-0.454937	0.087240	0.008319	-0.140182	0.062128	-0.006785	-0.095268	0.028689	-0.256671	0.176849	-0.033425	-0.127723	0.225355	-0.134278	0.036771	-0.146591	-0.076186	-0.295613	-0.005562	0.054569	-0.148642	-0.009751	0.351146	-0.069886	-0.013164	-0.079961	0.033687	0.030459	-0.185361	-0.078431	-0.110637	0.055494	-0.384370	-0.022098	-0.255209	-0.131999	-0.309668	0.172900	0.146691	0.140225	-0.205482	-0.032466	0.184326	0.254684	0.336082	-0.037728	-0.487751	-0.362673	-0.120549	-0.142650	0.146264	0.274779	0.406964	-0.014168	-0.418969	0.469183	0.008649	-0.294436	0.280829	-0.157801	0.202446	-0.140615	-0.250061	0.692901	0.549754	0.103532
-0.561880	-0.304539	0.431513	0.485828	-0.521670	-0.543016	-0.193373	-0.309852	-1.104094	0.131579	0.478403	0.067453	0.234936	-0.394383	-0.448050	-0.192909	0.275626	0.339979	0.273872	-0.012488	-0.685631	-0.280062	-0.121467	-0.058039	-0.680719	-0.562276	-0.442865	-0.593646	-0.076224	-0.274582	-0.903719	-0.020768	0.326183	-0.356369	0.117737	0.078855	0.203989	0.279602	-0.061632	0.134806	-0.140018	0.031258	-0.507898	-0.437860	-0.616910	-0.273505	-0.098275	-0.045090	-0.485376	-0.993302	0.448607	0.111605	-0.769579	-0.687191	-0.142445	-0.490435	-0.083555	-0.292643	-0.525079	-0.462961	-0.159358	-0.296269	0.010148	-0.058824	-0.935243	-0.644793	-0.416041	-1.091888	-0.397784	-0.271783	-0.219856	-0.309124	-0.270933	-0.488421	-0.098541	0.033564	-0.387893	-0.054869	-0.563868	-0.587266	-0.014688	0.531046	0.736264	0.541500	0.275358	0.203985	0.068470	0.873508	0.394140	0.228025	0.261840	0.076999	-0.057977	0.070754	-0.335995	-0.445181	-0.403395	-0.303364	-0.800404	0.111414	-0.666813	-0.226307	0.018435	-0.376025	-0.031643	-0.590321	-0.502029	0.612917	0.089577	-0.398321
-0.529801	-0.250453	0.203902	0.620244	-0.727606	-0.077483	-0.372699	0.036150	-0.684879	-0.447256	-0.059805	-0.024271	0.597323	0.039755	-0.298462	0.155309	0.469124	0.358249	0.097339	0.057236	-0.246364	0.551479	0.087127	0.285230	-0.273425	0.115496	-0.391163	-0.792203	0.280745	0.420586	0.088514	0.294104	0.596232	0.297470	0.324410	0.337154	0.148016	0.054173	-0.080416	0.005885	-0.160964	-0.060308	0.199244	0.238320	0.349471	0.335318	0.249978	0.454988	-0.159361	-0.640140	0.176999	-0.419624	-0.567502	-0.881680	0.097482	-0.187447	-0.421671	-0.238807	0.175583	0.094400	-0.119238	-0.040594	0.449755	0.328115	-0.867499	-0.710547	-0.369701	-0.915723	-0.375409	-0.217143	0.091189	0.033710	0.593091	-0.134203	-0.106478	0.236266	0.531778	0.321507	0.222020	-0.175819	-0.359577	-0.019712	0.546055	0.408443	0.430161	0.074712	0.243145	0.708644	0.484033	0.361071	0.741832	0.085988	0.410413	0.875318	0.087931	-0.086831	-0.144469	-0.175597	-0.748207	-0.393014	0.007621	0.251419	-0.109249	0.333364	-0.208283	-0.515205	-0.079833	0.766953	0.029465	-0.336523
0.197037	0.183070	-0.505855	-0.008745	-0.839274	0.371460	-0.296262	0.441251	0.430525	-0.986156	-1.177522	-0.231063	0.302354	0.489839	0.074925	0.351170	0.049530	-0.405130	-0.507868	-0.067427	0.266666	1.144362	0.730105	0.429898	0.477624	0.895581	0.470383	-0.071662	0.655170	1.144953	1.543025	0.596261	0.364139	0.985430	0.206044	0.596719	-0.011851	-0.347780	-0.084104	-0.281583	-0.335852	-0.263755	0.854296	0.946101	1.450740	0.988303	0.370904	0.473345	0.620249	0.736969	-0.741928	-0.967202	0.411247	-0.028369	0.168591	0.306702	-0.488218	-0.063381	1.073587	0.674633	-0.212569	0.149598	0.423392	0.384186	-0.060761	0.014796	0.539869	0.698108	0.129657	-0.127843	0.375608	0.507925	1.564914	0.744549	-0.332217	0.298027	1.197809	0.642736	1.342327	0.573499	-0.910496	-1.087650	-0.561157	-0.639316	-0.278489	-0.486165	0.296372	-0.627969	0.150298	-0.297072	0.195476	-0.672266	0.325693	0.914615	0.888711	0.897122	0.642426	0.317946	-0.375786	-0.494492	1.247001	0.422541	-0.218590	0.949934	-0.196681	-0.003244	0.546817	0.497178	0.202188	0.120823
0.973860	0.585492	-0.870672	-0.793366	-1.070705	0.235898	0.346766	0.471409	1.194490	-0.878394	-1.689180	-0.403343	-0.575787	0.393487	-0.014886	-0.180008	-0.775288	-1.083275	-1.221577	-0.677489	0.205846	0.505665	0.746977	-0.146474	0.809684	0.690439	0.924412	0.539808	0.485017	0.707250	1.889303	0.218680	-0.522428	0.677922	0.049678	0.506277	0.152640	-0.309328	0.108601	-0.252470	-0.811633	-0.379829	0.675246	0.707784	1.389439	0.436960	-0.321759	-0.488303	0.475618	1.181422	-1.297308	-0.892969	0.954429	0.654576	-0.372870	0.158606	-0.193630	0.072754	0.709153	0.312916	-0.572134	0.016833	-0.545258	-0.481108	0.380666	0.709381	0.897220	2.350759	0.528478	-0.147127	-0.079856	0.211428	1.531393	1.031219	-0.494223	-0.127247	0.408613	0.430453	1.583887	0.585161	-0.671328	-1.434821	-1.883341	-1.945779	-1.550196	-1.013389	-0.560567	-2.085127	-0.983674	-1.434967	-1.030943	-1.556218	-0.768820	-0.446476	1.036544	1.140394	0.636526	0.635898	0.001814	-0.003302	1.169357	-0.196071	-0.531500	0.453074	-0.220570	0.348007	0.581226	-0.618867	-0.069917	0.261876
1.095745	0.502297	-0.427047	-0.823540	-1.259709	-0.411842	0.984844	-0.056651	0.911562	-0.110163	-0.968545	-0.387833	-1.222907	-0.162752	-0.578981	-0.988337	-1.275854	-0.751522	-1.360798	-1.233279	-0.257993	-0.907588	-0.260127	-1.004027	0.283963	-0.502528	0.247277	0.262832	-0.122638	-0.808614	0.683358	-0.612446	-1.426660	-0.499895	0.013658	-0.000916	0.633731	0.212248	0.406386	0.168269	-1.245805	-0.286442	-0.331761	-0.434171	0.251516	-0.938287	-1.309643	-1.693120	-0.847746	-0.112729	-0.803724	-0.194869	0.129254	0.156551	-1.120839	-0.599365	0.375905	0.154805	-0.774575	-0.756043	-0.934772	-0.350191	-1.626135	-1.569485	-0.065602	0.574162	-0.132539	2.446554	0.330231	-0.142397	-0.952460	-0.752087	0.341357	0.155238	-0.201015	-0.844315	-1.170399	-0.133397	0.778533	-0.203056	0.465113	-0.483217	-2.294548	-2.223108	-2.222040	-0.920269	-1.885269	-2.193558	-2.225688	-1.934531	-1.791952	-1.596923	-1.964021	-2.044581	0.355208	0.258022	-0.252896	0.401463	0.272824	0.678711	-0.515040	-1.101757	-0.871628	-0.728946	-0.429421	0.248986	0.052421	-1.780075	-0.776164	-0.120537
0.453651	-0.097163	0.394851	-0.073413	-0.919111	-0.895689	0.703907	-0.777410	-0.069842	0.612124	0.355951	-0.280714	-0.827443	-0.482606	-0.719528	-0.945377	-0.906607	0.400223	-0.557673	-0.889708	-0.512681	-1.545917	-1.216802	-1.134356	-0.778931	-1.559966	-0.625284	-0.298431	-0.532348	-2.013433	-0.978599	-1.081856	-1.273755	-1.248422	-0.093738	-0.461293	0.817318	0.575408	0.322018	0.405667	-1.126537	-0.147898	-1.308117	-1.390858	-0.715367	-1.509029	-1.457420	-1.886243	-1.859236	-1.561384	0.365035	0.571062	-1.262892	-0.772938	-1.156882	-1.029202	0.935140	0.217191	-1.836861	-1.394239	-0.886191	-0.641064	-1.592504	-1.642246	-0.624004	-0.158587	-1.378990	0.794579	-0.172376	0.038424	-1.158524	-1.278082	-1.049169	-0.987408	0.427650	-1.105957	-1.666039	-0.400919	-0.198593	-0.762375	1.333817	0.886023	-1.137820	-0.934107	-1.351090	-0.152498	-1.952862	-0.669188	-2.215186	-1.198639	-1.329049	-0.623719	-1.957808	-2.202187	-0.428906	-0.719355	-0.803925	-0.177573	0.361520	0.874963	-1.884477	-1.252217	-0.809769	-1.280825	-0.634221	-0.040140	-0.316359	-1.596817	-0.944696	-0.464142
-0.427444	-0.785880	0.832151	0.632872	0.076193	-0.717207	-0.511916	-1.103692	-0.877994	0.625164	1.183730	-0.319258	0.459796	-0.151164	0.170618	0.305517	0.110773	1.331714	0.747789	0.374145	-0.317629	-0.627748	-0.922114	-0.196274	-1.608037	-1.552267	-0.410880	-0.134562	-0.361207	-1.786438	-1.744532	-0.795922	0.145685	-0.703791	-0.456816	-0.458760	0.253514	0.275450	-0.397417	-0.022249	-0.388212	-0.170801	-1.459896	-1.295439	-0.714466	-0.559314	-0.430702	-0.753623	-1.239491	-1.328744	1.249194	0.875921	-1.609885	-0.725350	-0.175797	-0.501343	1.123357	0.239943	-1.461835	-0.949047	-0.340687	-0.636463	-0.339698	-0.467629	-0.332490	-0.622385	-1.174430	-1.285625	-0.321506	0.318950	-0.259158	-0.674896	-1.592775	-1.097587	0.868145	-0.430278	-0.410016	-0.088267	-0.604545	-0.391697	0.937908	1.378782	0.996006	1.014875	0.651233	0.708133	0.024435	1.302553	-0.585079	0.167415	-0.024608	0.582895	-0.625330	-0.707984	-0.705373	-0.790313	-0.243442	-0.589861	0.145751	0.312420	-1.253931	-0.269740	-0.256575	-0.652775	-0.583282	-0.168203	-0.145656	0.174670	0.079409	-0.227193
-0.881672	-1.051994	0.674755	0.716637	1.071623	-0.125278	-1.532065	-0.861706	-0.995434	0.100221	1.133529	-0.449054	1.508453	0.422658	1.329881	1.634134	0.927098	1.370066	1.577610	1.490697	0.031561	0.793901	0.202108	0.910194	-1.632543	-0.726180	0.598757	0.611869	0.087041	-0.571460	-1.344026	-0.163039	1.573635	0.427458	-0.815821	-0.152493	-0.575663	-0.338594	-1.142349	-0.697049	0.415613	-0.280403	-0.873427	-0.481575	-0.151973	0.799537	0.795438	0.627149	0.303094	0.160449	1.315895	0.695215	-0.659448	0.251533	0.957808	0.427893	0.851577	0.209632	-0.289982	0.007190	0.291844	-0.383650	0.939110	0.834727	0.554172	-0.469067	0.212943	-2.263220	-0.033944	0.459690	0.861922	0.383592	-1.164122	-0.202617	0.822238	0.599572	1.190771	0.360599	-0.477035	0.392696	-0.158818	0.834622	2.502749	2.141433	2.196959	1.045451	2.335162	2.259347	1.255685	1.070609	1.017709	1.184259	0.789483	0.930599	-0.543609	-0.187677	0.704801	-0.579476	-0.210235	-0.458126	0.531228	0.960123	0.347085	0.350046	-0.312607	-0.093992	0.217087	1.942343	1.443888	0.357097
-0.612753	-0.685115	0.337162	0.375105	1.198574	0.232075	-1.227400	-0.388970	-0.508123	-0.212904	0.680318	-0.296682	1.282544	0.530011	1.347349	1.540054	0.820533	0.718311	1.227913	1.332799	0.163936	1.001513	0.573627	0.947517	-0.825427	-0.012182	0.888679	0.850719	0.229865	0.251972	-0.490884	0.184852	1.479265	0.747704	-0.661396	0.005775	-0.691760	-0.448548	-0.935776	-0.687331	0.632001	-0.223430	-0.246108	0.041588	0.152106	1.032726	0.998166	0.920959	0.885393	0.875657	0.789894	0.409126	0.265247	0.741992	1.046580	0.660229	0.388361	0.166618	0.311431	0.416359	0.492991	-0.090911	1.049462	1.019693	0.878008	-0.135874	0.880213	-1.602095	0.139620	0.289970	0.966279	0.650809	-0.441425	0.449885	0.444589	0.832400	1.354580	0.321432	-0.228312	0.591003	-0.493078	0.190910	2.089337	1.718409	1.961386	0.743128	2.410647	1.653773	1.488909	0.967726	1.010998	0.998936	1.016106	1.131944	-0.319757	0.142338	0.780491	-0.290264	-0.247385	-0.554986	1.144132	1.150442	0.498730	0.600780	-0.068093	0.008802	0.276264	1.779495	1.562501	0.577808
0.169784	0.121338	0.144941	-0.008200	0.391391	0.136616	0.325705	0.014785	0.251564	-0.010100	0.283010	0.261356	-0.118785	0.041556	-0.026984	-0.089683	-0.126285	-0.147904	-0.104174	-0.068507	0.033214	-0.310074	-0.348619	-0.220202	0.449454	0.195245	-0.081744	0.179538	-0.074431	0.161680	0.247840	0.109565	-0.202876	-0.067811	0.077027	-0.123815	0.119121	0.157971	0.333893	0.215442	0.209029	0.063033	0.060390	-0.093999	-0.021262	-0.037794	0.072327	-0.003469	-0.049182	0.060005	0.094505	0.262012	0.360926	0.124934	-0.044622	-0.052473	-0.026535	0.142556	-0.048159	0.017965	0.204157	0.127621	0.005305	0.037061	0.233640	-0.002701	0.055751	0.138445	-0.092433	-0.133164	-0.086122	-0.137980	0.094213	0.247946	-0.012155	0.001174	-0.062798	-0.273872	-0.062764	-0.009917	0.360026	0.021390	0.004015	0.182235	0.142521	0.085076	-0.060518	0.000825	-0.049088	0.134766	0.110145	0.364408	0.043005	-0.142526	-0.199104	-0.141424	-0.228098	0.059092	0.176280	0.182953	-0.115104	0.116423	0.175327	-0.063115	0.037811	0.044424	-0.026902	-0.399202	0.138344	0.214347
