X1	X2	X3	X4	X5	X6	X7	X8	X9	X10	X11	X12	X13	X14	X15	X16	X17	X18	X19	X20	X21	X22	X23	X24	X25	X26	X27	X28	X29	X30	X31	X32	X33	X34	X35	X36	X37	X38	X39	X40	X41	X42	X43	X44	X45	X46	X47	X48	X49	X50	X51	X52	X53	X54	X55	X56	X57	X58	X59	X60	X61	X62	X63	X64	X65	X66	X67	X68	X69	X70	X71	X72	X73	X74	X75	X76	X77	X78	X79	X80	X81	X82	X83	X84	X85	X86	X87	X88	X89	X90	X91	X92	X93	X94	X95	X96	X97	X98	X99	X100	X101	X102	X103	X104	X105	X106	X107	X108	X109	X110
0.036245	0.035713	-0.046154	-0.053865	-0.088827	-0.072511	-0.072049	-0.057034	-0.041510	0.075674	-0.204356	-0.290980	-0.187138	-0.191499	0.015669	-0.040203	0.145275	0.005495	-0.014924	0.047579	0.169548	-0.055117	0.101165	0.122306	0.015435	0.021207	-0.006470	-0.210853	-0.112518	-0.238516	-0.078772	-0.082128	-0.088701	-0.119500	-0.079129	-0.030441	-0.081559	-0.055595	-0.065270	-0.066784	0.040626	0.053370	-0.037480	-0.098137	-0.065445	-0.121502	-0.068090	-0.115079	-0.011411	0.006865	-0.250178	-0.182239	0.059370	0.057060	-0.021848	-0.020669	-0.072322	0.007075	0.080220	0.013546	0.043132	0.005674	-0.080071	-0.142725	-0.044699	-0.014161	0.024586	-0.044235	-0.047888	0.039275	-0.085251	-0.127905	-0.056156	-0.232925	-0.095804	-0.133735	0.048910	-0.043109	-0.023763	-0.168088	-0.058961	-0.034404	-0.113555	-0.057968	-0.063537	-0.126722	0.045903	0.143889	-0.031659	0.009065	-0.090572	-0.020975	0.007335	-0.084646	-0.070118	-0.082767	-0.294302	0.004014	-0.158614	-0.208848	-0.060783	-0.120482	-0.022105	-0.378819	-0.065321	-0.140492	0.107049	-0.061225	-0.158964	-0.168202
1.406305	0.871394	-0.697453	-0.598310	0.828898	0.426769	0.983096	0.931309	0.701456	0.422633	0.546626	0.229893	0.323124	0.338473	0.660796	0.981367	0.958596	0.952240	0.872577	0.656308	0.552589	0.724520	1.012749	0.923615	1.073696	0.975328	0.736190	0.184578	0.023940	-0.392573	0.833095	1.168563	0.379709	0.593295	0.665029	0.835132	0.345637	0.567647	1.031184	0.839343	1.110482	1.290983	1.078568	0.943741	0.821269	0.595378	-0.249036	-0.077849	1.021137	0.758138	0.845107	0.168449	0.380527	-1.036485	0.387933	0.084903	0.227941	-0.430994	0.727554	0.707216	0.602626	0.704075	-0.115395	-0.210846	0.208128	-0.062147	-0.455006	-0.488812	0.383442	0.070996	0.053174	0.154932	0.491864	-0.594939	0.732664	-0.088445	0.921341	0.803139	0.867216	0.290731	0.362463	-0.728791	-0.077420	0.000871	0.527221	0.272211	0.487760	0.222141	0.314589	0.343148	0.847092	0.403226	0.252716	-0.263283	0.379382	0.142292	0.397379	0.442583	0.491815	0.303647	-0.275186	-0.049684	0.174092	0.333668	0.637546	0.358390	-0.214306	-0.107741	-0.562466	-0.098617
1.541018	1.211275	-0.516305	-0.649024	0.938198	0.826785	1.075825	1.236980	0.863727	0.482667	0.492254	0.650543	0.485449	0.649769	0.934411	1.536608	1.197393	1.398304	1.208255	0.812668	0.761162	1.143499	1.283772	1.284817	1.256947	1.367523	0.813372	0.176926	0.078137	-0.371976	1.050508	1.517051	0.524992	0.864631	0.830869	1.148121	0.579555	0.949435	1.128411	1.054746	1.314474	1.652975	1.381830	1.451167	1.103258	0.875865	-0.034614	0.269987	1.244661	1.018810	0.957649	0.416175	0.348110	-1.068091	0.554337	0.373016	0.432860	-0.339658	0.823968	0.988534	0.672836	0.945439	-0.083513	-0.056001	0.545453	0.289460	-0.273155	-0.388052	0.648533	0.372158	0.230339	0.428160	0.800314	-0.648428	1.060372	0.154216	1.299068	1.262025	1.108691	0.578456	0.625403	-0.540603	0.084498	0.123407	0.674034	0.631864	0.605838	0.006753	0.341497	0.359745	0.974096	0.445736	0.289595	0.067739	0.428643	0.092830	0.283763	0.416093	0.529928	0.122491	-0.201308	0.058647	-0.062491	0.287735	0.577604	0.789339	-0.171381	-0.291434	-0.480752	0.013909
0.472979	0.941620	0.349942	-0.155344	0.265552	1.037994	0.335296	0.837696	0.426740	0.210956	-0.230877	0.832540	0.203099	0.538332	0.749182	1.483772	0.907237	1.193067	0.980520	0.488868	0.665311	1.109463	0.900862	1.129701	0.570333	1.082659	0.362055	0.091122	0.021046	-0.103991	0.548104	0.913719	0.278793	0.554126	0.436237	0.832173	0.522499	0.864541	0.339725	0.510151	0.749837	1.131355	0.900811	1.331660	0.738921	0.661889	0.605649	0.946892	0.593165	0.685451	0.110274	0.381784	0.122446	-0.272857	0.412686	0.744914	0.498670	0.266547	0.394374	0.819755	0.325528	0.725421	0.149304	0.352100	0.747432	0.832344	0.428016	0.110385	0.659600	0.857248	0.555610	0.732198	0.752319	-0.269338	0.839699	0.519699	1.074239	1.167476	0.665288	0.646299	0.492590	0.306459	0.250333	0.197372	0.344889	0.771906	0.401576	-0.421130	-0.042798	0.005541	0.319848	0.052934	0.342729	0.855211	0.160644	-0.123779	-0.470686	0.049918	0.090207	-0.453251	0.086722	0.178132	-0.610207	-0.230035	-0.156471	1.121080	0.175927	-0.460162	-0.012071	0.248861
-0.597349	0.370270	1.085938	0.621977	-0.337791	1.100652	-0.213843	0.297071	-0.046569	-0.070295	-0.653085	0.766747	-0.185230	0.124166	0.377842	1.107750	0.655078	0.608347	0.663289	0.087211	0.302618	0.785857	0.389905	0.742373	-0.165343	0.498218	0.119056	0.619689	-0.042585	0.313338	-0.014141	0.189911	-0.050590	0.024504	0.107912	0.373368	0.265312	0.356685	-0.272313	-0.153576	0.289386	0.468224	0.450482	1.007782	0.333872	0.357835	1.416659	1.736755	-0.174375	0.070761	-0.566831	0.137678	0.145338	0.195886	0.211237	0.950480	0.576796	1.007367	-0.063898	0.523457	0.085750	0.441727	0.768038	0.997478	0.604552	0.975635	0.907866	0.240509	0.485130	1.214476	1.131871	1.180674	0.503525	0.265709	0.520817	0.802279	0.659805	0.766886	0.099732	0.713905	0.122873	0.937540	0.288231	0.146784	-0.026107	0.600785	0.182327	-0.588814	-0.603315	-0.420250	-0.337239	-0.441425	0.951498	1.668500	0.133246	-0.067895	-0.866346	-0.076321	-0.100104	-0.406489	0.323936	0.360371	-0.893452	-0.155018	-0.728215	1.343709	0.576930	-0.243525	0.438770	0.662576
-0.619909	-0.091065	1.271555	1.454080	-0.062151	1.178751	0.149327	0.106011	0.022297	0.081555	-0.030426	0.703560	-0.128576	-0.062838	0.205875	0.846187	0.784106	0.044879	0.618429	-0.026317	-0.147963	0.392786	0.137672	0.407335	-0.197091	0.095381	0.452526	1.765312	0.046388	0.627560	0.042676	0.206425	-0.014037	-0.104005	0.440964	0.351784	0.074809	-0.122324	0.099879	-0.165760	0.503391	0.253480	0.716687	0.998150	0.574353	0.453822	2.123781	2.401148	-0.220582	-0.402585	0.051791	0.158384	0.485935	-0.255001	0.345482	0.887724	0.915138	1.586347	-0.213520	0.396220	0.288434	0.422384	1.767522	1.928069	0.332345	0.496507	0.700080	-0.515555	0.331636	1.281426	1.827427	1.832694	0.461402	0.398071	0.595638	0.961522	0.609316	0.578874	-0.026257	1.119755	0.221319	1.012888	0.335903	0.162286	0.044768	0.351978	0.150179	-0.134646	-0.962625	-0.540077	-0.377191	-0.635238	2.266543	2.245200	0.794318	0.526363	-0.149704	0.361876	0.388722	0.717544	0.442267	0.761621	-0.547996	1.042549	-0.497532	1.402686	1.022124	0.492844	0.792808	1.186512
0.204961	-0.306857	1.193160	2.106283	0.972521	1.247486	1.038050	0.185950	0.607667	0.678599	1.270118	0.880504	0.495114	0.326010	0.330569	0.819024	0.906793	-0.352552	0.644906	0.029537	-0.572619	0.061688	-0.051592	0.095842	0.413363	-0.002227	0.854913	2.513910	0.244561	0.596946	0.725596	0.942346	0.465625	0.370485	1.298161	0.796497	0.163664	-0.105166	1.124395	0.585561	0.982617	0.298718	1.442240	1.327399	1.444021	0.954452	2.423534	2.657779	0.456269	-0.541207	1.708038	0.734546	0.715473	-1.007128	0.864514	0.599251	1.406510	1.792821	-0.260909	0.358579	0.645158	0.548887	2.642108	2.905646	0.286187	-0.187093	0.066731	-1.674498	0.361252	1.122268	2.162116	2.436107	0.903798	-0.102017	1.044664	1.102519	0.941465	0.846573	0.307488	1.789582	1.107455	0.880224	0.547666	0.451695	0.540743	0.327766	0.076184	0.623803	-0.962160	-0.336859	-0.003688	-0.474254	3.482891	2.514950	1.824932	1.281510	1.323245	0.979410	1.105177	2.057845	0.568002	1.321848	0.110995	2.543733	0.251906	1.153451	1.600494	1.310996	1.253804	1.588674
0.719507	-0.488624	1.135597	2.187655	1.743991	0.908377	1.392057	0.036432	1.044006	1.114829	2.022649	1.076920	1.082740	0.886250	0.439218	0.692438	0.380290	-0.701205	0.260083	-0.172617	-0.927529	-0.172976	-0.601231	-0.398468	0.894104	-0.095548	0.614824	1.891840	0.281491	0.234236	1.380457	1.486807	0.903184	0.910507	1.847538	1.115929	0.402900	0.327431	1.678218	1.359331	0.842894	-0.029179	1.655654	1.410210	2.080593	1.278028	1.915686	2.091884	0.984293	-0.475629	2.774199	1.382915	0.510403	-1.108633	1.231456	0.077509	1.452044	1.355709	-0.606491	0.068371	0.551061	0.388969	2.573164	3.131849	0.356879	-0.531569	-0.358370	-2.092598	0.501698	0.802707	1.641791	2.412249	1.518833	-0.686757	1.304119	1.207767	1.006899	1.181710	0.653605	2.007418	1.897254	0.773891	0.712513	0.835271	0.880958	0.462055	-0.396349	0.894406	-0.780300	-0.177676	0.107851	-0.260565	3.316139	2.194975	2.204522	1.382653	2.336365	1.029620	1.151033	2.221861	0.715204	1.554955	0.426264	2.898254	0.628956	0.452475	2.037740	1.527536	1.703470	1.556900
0.175748	-0.840841	0.898901	1.503313	1.374904	-0.124175	0.626238	-0.638846	0.677582	0.795779	1.364917	0.735838	0.985277	0.914063	0.172813	0.138145	-0.705181	-0.975568	-0.573564	-0.700166	-1.027024	-0.293254	-1.443040	-1.009439	0.556943	-0.480221	-0.153091	0.280985	0.058791	-0.121139	1.401177	1.018799	0.799230	0.875094	1.451435	0.822240	0.395163	0.620910	1.018619	1.305293	-0.185344	-0.926400	0.799350	0.715757	1.649296	0.928058	0.530280	0.546874	0.638937	-0.442976	2.023334	1.352904	0.120845	-0.434265	0.866267	-0.635332	0.666407	0.292881	-1.177119	-0.546642	-0.145683	-0.233992	1.302880	1.934447	0.106562	-0.430296	-0.224292	-1.201929	0.517230	0.325284	0.410008	1.400770	1.509531	-0.498769	0.882701	1.077285	0.318383	0.976592	0.698639	1.153754	1.388543	0.567254	0.507554	0.906915	0.563638	0.428597	-1.116601	0.380853	-0.618856	-0.282805	-0.282486	-0.192326	1.401942	0.954525	1.253423	0.504284	1.992382	0.219332	0.224560	0.852698	0.724308	0.971407	0.221756	1.607661	0.159912	-0.563987	1.791423	0.957719	1.626334	0.960334
-0.875252	-1.176654	0.273449	0.541159	0.126942	-1.352444	-0.742017	-1.480389	-0.430810	-0.098455	-0.255936	-0.272942	0.429678	0.434913	-0.431129	-0.658116	-1.381862	-0.849163	-1.237726	-1.031361	-0.665838	-0.234406	-1.918338	-1.289118	-0.500453	-1.008574	-0.553281	-0.732718	-0.103483	-0.080319	0.832239	-0.267814	0.334841	0.404549	0.447466	0.194779	-0.031679	0.466082	-0.447128	0.404385	-1.361517	-1.778497	-0.511050	-0.452048	0.378862	0.199968	-0.924438	-1.245564	-0.260630	-0.491935	0.173696	0.716971	0.013724	0.306938	-0.060028	-1.166993	-0.386040	-0.696473	-1.338994	-0.992359	-0.812995	-0.857379	-0.244808	-0.108836	-0.461154	-0.157290	0.190633	0.239873	0.298542	-0.175690	-0.580513	-0.108683	0.400737	0.574908	-0.050529	0.582699	-0.624892	0.178340	0.666543	-0.288510	-0.260503	0.300413	0.095370	0.635235	-0.174765	0.186465	-1.445684	-0.242494	-0.407998	-0.365769	-0.683047	-0.071617	-0.927716	-0.775015	-0.350142	-0.543344	0.664627	-0.900565	-0.907133	-0.830301	0.505520	-0.251805	0.071878	-0.197136	-0.660275	-1.317363	0.737246	0.134837	0.833529	0.151181
-1.242387	-1.043638	-0.405172	0.125155	-0.865491	-1.774243	-1.636768	-1.747432	-1.517595	-0.779396	-1.500203	-1.255270	0.313934	0.269659	-0.986740	-1.178502	-0.924415	-0.195417	-1.159530	-0.726199	-0.074850	0.033696	-1.531808	-0.927611	-1.445919	-1.212880	-0.080194	-0.081702	0.114241	0.389213	0.205710	-1.353902	0.208350	0.291002	-0.199716	-0.047077	-0.519705	0.189871	-1.577075	-0.516734	-1.714886	-1.792077	-1.092588	-1.115091	-0.558251	-0.094741	-1.204101	-1.913948	-0.751604	-0.464922	-0.893600	0.377351	0.205638	0.577064	-0.698027	-1.003181	-0.671388	-0.753450	-0.629671	-0.684789	-0.663669	-0.767474	-0.702066	-1.334497	-0.765332	0.055472	0.189946	0.846983	-0.011795	-0.409484	-0.421235	-1.015302	-1.290002	1.528827	-0.838676	-0.128963	-0.808856	-0.577804	0.962612	-0.979696	-1.554649	0.232359	0.043984	0.483964	-0.590137	0.080544	-1.094813	-0.169276	-0.001338	-0.041334	-0.553480	0.346214	-1.770882	-1.703632	-1.004233	-0.514167	-0.367889	-1.449187	-1.197609	-1.319282	0.140210	-1.299221	0.546332	-0.900009	-0.956677	-1.209577	-0.479503	-0.352124	-0.104649	-0.151924
-0.489756	-0.257620	-0.603886	0.429590	-0.865456	-1.019469	-1.497707	-1.073678	-1.851781	-0.757096	-1.493125	-1.348683	0.972897	0.878550	-1.217720	-1.232276	0.175334	0.475339	-0.544971	-0.098765	0.163041	0.355509	-0.581211	-0.209113	-1.461198	-0.844841	0.687866	1.471875	0.524058	0.901502	-0.065040	-1.457541	0.709629	0.897515	-0.023742	0.334304	-0.552428	0.259377	-1.612116	-0.710669	-1.069693	-0.878001	-0.515525	-0.697895	-0.343532	0.342551	-0.002441	-0.815500	-0.422561	-0.264004	-0.406030	0.802656	0.285673	0.642737	-0.510245	-0.120013	0.008678	0.088286	0.591739	0.290911	0.330944	0.173847	0.200663	-0.753910	-0.478454	0.216838	-0.673046	0.031587	-0.223002	-0.266905	0.664414	-0.729340	-2.424476	1.190470	-1.052184	-0.739158	-0.038692	-0.696635	1.509051	-0.271850	-1.578061	0.215152	0.535174	0.778576	-0.356750	0.289501	-0.577918	0.475916	0.451579	0.554664	-0.017781	0.874080	-0.667629	-0.966712	0.086831	0.779817	-0.297317	-1.095088	-0.583654	-0.555750	-0.279424	-1.594938	1.370144	-0.131982	-0.473621	-0.399632	-0.968284	-0.523145	-0.489594	0.428391
0.680180	0.868256	-0.322108	0.749747	-0.229656	0.205133	-0.677679	0.185335	-1.374913	-0.237346	-0.558294	-0.441306	1.632637	1.626528	-1.174120	-1.101884	0.797221	0.535830	-0.102453	0.169643	-0.062229	0.484650	0.227355	0.348397	-0.464906	-0.112611	0.893521	2.163697	0.700349	1.068919	0.053822	-0.719989	1.293156	1.607953	0.474556	0.853967	-0.052250	0.628771	-0.779471	-0.185568	-0.093442	0.329024	0.484458	0.307144	0.573581	0.902056	1.456929	1.040035	0.191762	0.018115	0.503240	1.332895	0.106738	1.054246	0.110757	0.849573	0.693053	0.818382	1.493597	1.191932	1.395518	1.309774	1.225882	0.715010	-0.031164	0.475474	-1.999468	-1.417382	-0.312468	-0.069415	1.427554	0.143219	-2.351792	-0.452690	-0.828420	-1.005404	0.714290	-0.292749	1.749163	0.893927	-1.085756	-0.274316	1.032311	1.217445	0.039629	0.505251	-0.480679	0.878074	0.606318	0.883101	0.352810	1.073732	0.918682	0.704560	1.905641	2.071093	0.419860	-0.324468	-0.140731	0.014477	-0.716628	-1.463732	1.714669	0.978837	0.254218	0.126290	-0.452654	-0.763128	-0.348142	1.376231
1.408306	1.881050	-0.059791	0.476860	0.271742	1.055290	0.148421	1.396095	-0.568313	0.387728	0.415908	0.819294	1.413831	1.600898	-0.969008	-0.935413	0.601340	0.156381	-0.100515	-0.009515	-0.048224	0.459281	0.647377	0.697622	0.862117	0.639546	0.570316	1.293769	0.651454	0.942573	0.435745	0.142271	1.283243	1.604777	0.592181	1.029801	0.596161	0.861095	0.160096	0.595631	0.579936	1.266697	0.970431	0.971038	1.101130	0.890464	1.659331	1.932406	0.474224	0.306768	0.477885	1.134543	0.068452	1.769516	0.420187	1.295228	0.492803	0.642688	1.697969	1.478990	1.828918	1.908503	1.060672	1.304929	0.064288	0.973165	-2.729053	-2.166939	-0.368331	-0.276508	0.970931	0.510692	-1.461966	-2.064473	-0.485311	-0.872368	0.546107	0.026969	1.379033	1.085469	-1.192901	-1.144177	0.974782	1.252775	0.008283	0.391959	-0.592726	0.675242	0.395965	0.703774	0.313737	0.868751	1.286661	1.639598	2.704127	2.034293	0.777404	0.143695	-0.769569	-0.750429	-1.054325	-1.623674	1.304424	1.271277	0.667755	-0.365201	0.407701	-1.094915	-0.262395	1.778514
1.574709	2.546506	-0.100340	-0.091739	0.441875	1.483861	0.667867	2.197877	0.152717	0.981312	0.966383	1.766873	0.493959	0.820055	-0.561284	-0.399262	0.304650	0.184697	-0.081259	-0.029998	0.775546	0.707016	1.010624	1.202010	1.701252	1.257304	0.516401	-0.018164	0.775110	0.930013	0.962369	0.609671	0.726425	0.895689	0.324744	0.956681	1.056325	0.773309	0.723693	1.325188	0.941306	1.905243	0.837038	1.006446	0.819096	0.431673	0.484755	1.289979	0.534255	0.690321	-0.295968	0.375627	0.498539	2.129220	0.253565	1.256686	-0.282800	-0.107122	1.547248	1.367086	1.648911	1.871125	-0.146023	0.477313	0.018951	1.673433	-2.122376	-1.608010	-0.419544	-0.910732	-0.234877	0.053274	-0.569086	-2.180498	-0.067612	-0.409862	-0.222600	-0.061401	0.766107	0.129612	-1.672288	-1.396577	0.511867	0.781047	-0.327724	0.109373	-0.272168	0.302613	0.131735	0.318800	0.165160	0.638427	0.273791	1.055671	1.907078	0.787070	0.418364	0.065112	-1.992541	-2.244375	-1.097157	-2.100894	0.807465	0.775863	0.779684	-1.337988	0.548395	-1.095459	-0.446103	1.431026
1.509493	2.718552	-0.223962	-0.263724	0.612327	1.824655	0.910688	2.454557	0.693241	1.405087	1.149819	2.118045	-0.202320	0.106912	0.017714	0.709351	0.520491	0.945146	0.377649	0.457427	1.824875	1.475012	1.477015	1.844860	1.716045	1.661544	1.099912	-0.294370	1.112756	1.225570	1.418645	0.676568	0.217116	0.202123	0.208872	0.949891	1.303316	0.615915	0.934636	1.885548	1.241576	2.318893	0.660028	0.892127	0.300161	0.210626	-0.751147	0.198557	0.826165	1.147173	-0.591949	-0.121322	1.070707	1.642779	0.068460	1.134241	-0.629661	-0.545625	1.436384	1.322106	1.272997	1.543555	-1.062750	-0.614485	0.372302	2.161506	-0.549493	-0.314963	-0.423613	-1.406074	-0.945169	-0.535647	-0.007414	-0.583537	0.520476	0.239642	-0.520479	-0.251610	0.448503	-0.762591	-1.391865	-0.420974	0.212380	0.175504	-0.358121	0.058120	0.477205	0.183532	0.038410	0.047041	0.188467	0.622118	-0.873264	-0.179947	0.535912	-0.380531	-0.204158	-0.222116	-2.430788	-2.855094	-0.821135	-2.084311	0.947081	0.270382	0.895428	-1.492161	-0.509541	-0.577227	-0.481553	1.066016
1.241310	2.132029	-0.213970	0.012556	0.858922	1.863021	0.861999	1.969222	0.996807	1.260365	0.977683	1.773233	-0.265027	-0.092118	0.412006	1.759408	0.883350	1.605519	0.955304	0.924057	1.847260	2.200225	1.582932	1.950478	1.138745	1.628265	1.695384	0.531027	1.122718	1.407714	1.482370	0.592125	0.035362	-0.021851	0.464816	0.946056	1.344924	0.578008	0.948967	2.025041	1.395957	2.207621	0.784395	1.034875	0.198095	0.494437	-0.898064	-0.016398	1.247522	1.274238	0.023103	-0.126459	1.202595	0.509126	0.192883	0.982652	-0.208286	-0.405227	1.237034	1.287392	0.866879	1.074929	-0.813640	-0.692008	0.958166	1.787630	0.824124	0.563461	-0.368805	-1.154323	-0.578768	-0.513093	0.423454	1.497427	1.076882	0.792661	0.067460	-0.072288	0.439909	-0.583797	-0.150139	0.849645	0.206654	-0.278924	0.091243	0.228276	0.858999	0.127859	-0.094047	-0.226317	0.193536	0.525316	-1.024374	-0.678919	-0.170714	-0.585329	-0.623935	-0.219349	-1.404358	-1.894768	-0.486468	-1.060230	1.544140	0.115758	1.054994	-0.337806	-2.065907	-0.007235	-0.107333	1.275868
0.519775	0.695409	-0.272841	0.069447	0.793086	1.031591	0.463211	0.699959	0.876049	0.307917	0.319114	0.758720	-0.202555	-0.185100	0.214691	1.716306	0.607984	1.104624	0.934168	0.591522	0.417305	1.867791	0.810732	0.967038	0.403144	0.959304	1.472367	1.204584	0.445164	0.777026	1.005625	0.494107	-0.138402	-0.042707	0.696267	0.613801	0.992102	0.433511	0.780534	1.433587	1.085270	1.237803	0.932646	1.209170	0.439933	0.797588	-0.220344	0.671779	1.117856	0.630872	0.658430	-0.232628	0.831128	-0.674389	0.392019	0.467982	0.284024	-0.231445	0.569239	0.771081	0.272214	0.315311	0.111546	0.186452	0.878609	0.342034	1.116930	0.323079	-0.305885	-0.213286	0.214828	0.050820	0.823347	2.476110	1.106743	0.807219	0.800491	0.447550	0.294588	0.279211	0.862751	0.821068	0.021003	-0.673802	0.471766	0.161625	0.304660	-0.260948	-0.619525	-0.785065	-0.180231	-0.090872	-0.193505	-0.074193	-0.080025	-0.209269	-0.825676	0.292560	0.306133	-0.293264	-0.383687	0.280011	1.725070	0.036741	1.033650	1.140238	-2.765103	-0.028611	0.196573	1.583991
-0.542441	-1.069084	-0.669530	-0.572249	0.213766	-0.522493	-0.067117	-0.793313	0.340320	-1.013570	-0.580295	-0.470716	-0.568208	-0.650392	-0.495211	0.354963	-0.447066	-0.514098	0.120960	-0.538251	-1.514207	0.218858	-0.595928	-0.728193	-0.221891	-0.153869	0.403853	0.769271	-0.452577	-0.808873	0.201090	0.296058	-0.631114	-0.306430	0.464464	-0.099285	0.141016	-0.131087	0.441240	0.197701	0.311516	-0.289768	0.669383	0.922386	0.459842	0.526043	0.070048	1.100541	0.086908	-0.617354	0.414848	-0.841664	0.347434	-1.492043	0.234890	-0.498898	0.065374	-0.545836	-0.598458	-0.386631	-0.583600	-0.729815	0.591493	0.911537	-0.321650	-1.450929	0.430347	-0.697525	-0.304263	0.622279	0.369092	0.475163	0.920214	1.742054	0.384915	-0.019961	0.696662	0.721745	-0.247732	0.643610	0.641208	-0.766937	-0.691946	-1.166380	0.249874	-0.401832	-0.771921	-0.975091	-1.486753	-1.564240	-0.879213	-1.186620	0.723547	0.731095	0.008244	-0.187025	-0.937256	1.082197	1.356169	0.606529	-0.527806	0.734116	0.930962	-0.206025	0.755058	1.591060	-1.933754	-0.685394	-0.187937	0.998328
-1.357977	-2.264953	-1.184830	-1.561089	-0.468028	-1.761873	-0.293154	-1.609417	-0.143876	-1.864723	-0.991869	-1.124424	-1.208366	-1.301935	-1.100897	-1.312292	-1.615785	-2.075243	-0.873002	-1.600743	-2.650487	-1.706956	-1.724121	-2.119666	-0.698622	-1.167778	-0.788126	-0.444650	-0.791789	-2.534776	-0.595164	-0.162389	-1.280989	-0.842343	-0.175224	-0.899602	-0.872617	-1.026389	0.096105	-1.099159	-0.504487	-1.534009	-0.069644	0.037388	-0.071314	-0.365115	-0.749460	0.335323	-1.318236	-1.698494	-0.472946	-1.554381	-0.122960	-1.909608	-0.352589	-1.447093	-0.827472	-1.224133	-1.852092	-1.690327	-1.508087	-1.722956	0.099415	0.634882	-1.885096	-2.463789	-0.400714	-1.402589	-0.413233	0.560474	-0.491085	0.260070	0.498379	0.063200	-0.628435	-1.377237	-0.369876	0.233679	-0.984772	-0.054142	-0.289411	-2.346820	-1.598951	-1.655366	-0.391763	-1.149602	-1.424370	-1.651018	-2.143237	-2.121101	-1.393765	-2.193154	0.812438	0.629678	-0.547751	-0.865646	-0.940901	1.601572	1.197593	0.461884	-0.651254	0.115074	-0.522754	-0.523893	0.407443	0.764934	-0.357251	-1.279545	-1.033738	-0.661935
-1.530041	-2.442178	-1.271729	-2.079061	-0.713943	-1.906895	-0.070401	-1.410970	-0.078058	-1.823148	-0.475069	-0.841214	-1.604273	-1.632712	-1.030231	-2.021864	-2.145317	-2.517498	-1.295581	-1.777154	-2.554802	-2.566408	-1.912891	-2.552942	-1.049120	-1.660725	-1.483336	-1.446770	-0.493240	-3.228450	-1.246161	-0.860248	-1.694615	-1.371065	-0.833336	-1.572106	-1.477738	-1.811700	-0.097408	-1.864456	-1.003513	-1.944408	-0.970818	-1.116108	-0.959968	-1.425689	-2.146245	-1.305487	-2.209223	-1.973644	-1.121938	-1.805320	-0.799658	-2.030961	-1.010878	-1.804075	-1.707311	-1.738412	-2.685924	-2.480243	-2.235662	-2.347952	-0.960851	-0.504917	-2.561148	-2.278950	-0.557051	-0.901195	-0.597192	-0.365017	-1.786411	-0.501117	-0.193241	-1.194454	-1.113505	-2.294017	-1.595431	-0.846355	-1.620998	-1.251096	-0.600467	-2.251328	-2.043680	-1.909103	-0.819068	-1.595469	-1.147927	-1.967157	-2.012440	-2.065446	-1.299665	-2.522775	-0.182277	-0.568889	-1.594437	-1.746813	-0.825665	1.402146	0.399504	-0.031879	-0.424839	-0.406652	-1.791375	-0.842604	0.149891	-0.405457	0.478392	-0.990709	-1.346087	-2.401307
-1.278483	-1.948441	-0.787667	-1.703068	-0.499587	-1.297673	0.257717	-0.754783	0.403324	-1.217151	0.460134	-0.152166	-1.558403	-1.529859	-0.317518	-1.507219	-1.817471	-1.846134	-0.988664	-1.054704	-1.714289	-2.073702	-1.348102	-2.186250	-1.198262	-1.637149	-1.598331	-1.670302	-0.221308	-2.401753	-1.728112	-1.450189	-1.705062	-1.693846	-1.209105	-2.095966	-1.425056	-2.135215	-0.191330	-1.958344	-1.180222	-1.706235	-1.608000	-2.015609	-1.728767	-2.130011	-2.882786	-2.588074	-2.155531	-1.442515	-1.124178	-1.618140	-1.520376	-1.798123	-1.293652	-1.454439	-1.984839	-1.703532	-2.739898	-2.469290	-2.538454	-2.536875	-1.803269	-1.673693	-1.911580	-1.511515	0.198054	0.681085	-0.657680	-1.287143	-2.565291	-1.291591	-0.625768	-1.195559	-0.672992	-1.884266	-2.069197	-1.728276	-2.084320	-1.954345	0.096318	-0.588042	-1.757022	-1.841508	-0.715905	-1.599987	-0.259544	-1.775299	-1.030022	-1.384522	-0.676301	-2.018454	-1.623424	-1.968916	-2.408958	-2.073299	-0.649705	0.580504	-0.141054	-0.127332	0.312203	0.303238	-2.166520	-1.172949	-0.060546	-0.958006	-0.070152	0.361359	-0.510419	-3.040401
-1.007897	-1.356534	-0.254237	-0.823614	-0.209170	-0.812237	0.319644	-0.324936	0.606539	-0.655291	0.826286	0.140663	-1.214707	-1.272790	0.451136	-0.607356	-0.987091	-0.845229	-0.393053	-0.080120	-0.801034	-1.068262	-0.671924	-1.513080	-1.021991	-1.334629	-1.260529	-1.211795	-0.379124	-0.644746	-1.844253	-1.452672	-1.358658	-1.727137	-1.184439	-2.310531	-0.972377	-1.951433	-0.339676	-1.639553	-1.125760	-1.268623	-1.637555	-2.194296	-1.940796	-2.131182	-2.184352	-2.533340	-1.368904	-0.482989	-0.734036	-1.374478	-1.564815	-1.037536	-1.022094	-0.711731	-1.545328	-1.090721	-1.851152	-1.737820	-2.171024	-2.244569	-1.882526	-2.026255	-0.647225	-0.947014	1.390776	2.285960	-0.352541	-1.365090	-2.241702	-1.547903	-0.479814	-0.140782	0.259324	-0.282071	-1.542302	-1.716318	-2.337552	-1.645278	0.810197	0.907984	-1.028346	-1.507028	-0.328071	-1.320599	0.539055	-1.065944	0.264921	-0.400759	0.047110	-0.987949	-2.355141	-2.391338	-2.308504	-1.472272	-0.301096	-0.230634	-0.047878	0.297466	1.371359	1.905975	-1.482873	-1.243550	-0.278438	-0.767743	-1.171394	2.052417	0.896958	-2.313316
-0.752430	-0.814206	-0.200340	-0.228617	-0.111725	-0.791129	0.146251	-0.145624	0.105764	-0.436643	0.258281	-0.095824	-0.691458	-1.032001	0.688528	-0.268425	-0.272796	-0.198493	-0.012913	0.503650	-0.194592	-0.427966	-0.230598	-0.777569	-0.565834	-0.927169	-0.547535	-0.446829	-0.539483	0.970012	-1.360895	-0.751373	-0.706802	-1.381145	-0.758697	-1.893295	-0.545292	-1.422837	-0.561862	-1.254446	-0.787410	-0.747330	-1.011254	-1.502890	-1.467127	-1.413255	-0.445981	-1.265244	-0.363518	0.539445	-0.265868	-1.168467	-0.635258	0.115897	-0.410687	0.065035	-0.631230	-0.161511	-0.245001	-0.543502	-1.061311	-1.353553	-1.204725	-1.304397	0.220944	-0.664504	2.117208	2.815902	0.238373	-0.607486	-1.011262	-1.055233	0.108218	1.042276	0.813631	1.300834	-0.532925	-0.880443	-2.184937	-0.622318	0.500558	0.781297	-0.320541	-0.960693	-0.048413	-0.880572	0.812925	-0.086441	1.129864	0.450112	0.505123	0.030710	-1.661344	-1.427957	-1.209060	-0.245565	0.429442	-0.453268	0.385935	0.882668	2.179425	2.862117	-0.200491	-0.614868	-0.394605	-0.351114	-1.448022	2.911927	1.599763	-0.956150
-0.358841	-0.184611	-0.453991	-0.304108	-0.253186	-0.915355	-0.062397	0.147700	-0.756190	-0.475146	-0.658262	-0.325389	-0.104752	-0.769758	0.278343	-0.655427	-0.171204	-0.066684	-0.040416	0.455885	-0.025715	-0.346128	0.076478	-0.012255	-0.164622	-0.544445	0.219589	0.170933	-0.190200	1.757810	-0.503186	0.122719	0.071459	-0.731042	-0.171706	-0.899042	-0.393877	-0.835200	-0.759576	-1.072997	-0.224322	-0.054415	-0.188402	-0.394320	-0.673786	-0.446574	1.086419	0.160860	0.312948	1.224845	0.142149	-0.821556	0.375705	0.964208	0.060521	0.623123	0.323215	0.628539	1.265505	0.625533	0.284727	-0.080432	-0.344645	-0.113968	0.295761	-0.236375	1.655182	2.037196	0.556614	0.200564	0.246430	-0.222721	0.674046	1.402581	0.478512	1.640705	0.151375	-0.022789	-1.549284	0.265976	-0.618317	-0.649091	0.064470	-0.325276	-0.049519	-0.376995	0.619114	0.600449	1.149787	0.806336	0.561080	0.533405	-0.036520	0.171971	0.167982	0.761058	1.311812	-0.148183	0.648787	1.259021	2.099233	2.078969	0.807207	0.556698	-0.291635	-0.178022	-0.397240	2.226872	0.858372	0.036933
-0.025227	0.393628	-0.414788	-0.718707	-0.704773	-0.907599	-0.397103	0.508028	-1.346434	-0.604154	-1.207295	-0.197796	0.177623	-0.579406	-0.421770	-1.227912	-0.727504	-0.272610	-0.405249	-0.126845	-0.257915	-0.605099	0.315858	0.587026	-0.227371	-0.405623	0.338283	0.176223	0.297237	1.733013	0.009066	0.407581	0.491334	-0.222138	0.066447	-0.013716	-0.566531	-0.545605	-0.928334	-1.214431	0.093695	0.583401	0.080611	0.246679	-0.233945	0.011152	1.380988	0.738366	0.227591	1.102551	0.254844	-0.402413	0.186381	0.741491	-0.039952	0.723817	0.794889	0.809126	1.637978	1.080268	0.891059	0.793958	-0.077573	0.475589	-0.134673	0.423128	0.102490	0.743880	0.049272	0.326127	0.630708	0.160461	0.743789	0.639310	-0.480993	0.642743	0.052198	0.057508	-0.761243	0.280672	-1.377227	-1.773430	0.000922	0.060551	-0.341545	-0.111740	0.190873	0.467294	0.460868	0.492057	0.191701	0.269611	1.187170	1.191502	0.776627	0.770356	1.556231	0.097017	0.533242	1.309649	0.991962	0.047237	0.815645	1.281155	-0.072148	-0.269257	1.175215	0.387937	-0.839157	0.141461
-0.222493	0.477052	-0.012538	-0.944392	-1.520728	-0.888947	-1.125366	0.413556	-1.515283	-0.776850	-1.398031	-0.043466	-0.256915	-0.748899	-0.950919	-1.457029	-1.485971	-0.582325	-0.955547	-0.986123	-0.632468	-1.022735	0.222401	0.653490	-0.841235	-0.678955	-0.571773	-0.526739	-0.005067	1.274967	-0.319628	-0.102897	0.103023	-0.368059	-0.384325	0.080636	-0.994092	-0.745180	-1.193592	-1.524086	-0.375167	0.643049	-0.535411	-0.105248	-0.514736	-0.412312	0.477194	0.364187	-0.656711	0.077344	-0.242529	-0.320992	-1.341267	-0.495131	-0.786032	0.204521	0.420394	0.209456	0.513972	0.442981	0.203398	0.553357	-0.712575	-0.088575	-0.653638	0.776730	-1.537970	0.055363	-1.118550	-0.245662	0.017582	-0.297681	0.160230	-0.619834	-1.351104	-0.662599	-0.598871	-0.685171	-0.271143	-0.567889	-1.044767	-1.496221	-0.523194	-0.199504	-0.923804	-0.466051	-0.433599	-0.455577	-0.477385	-0.414890	-0.581212	-0.614285	1.112938	1.066127	0.196818	-0.178311	0.603948	-0.123693	0.262930	1.093784	-0.553975	-1.716867	-0.124089	0.677319	0.028885	-0.293109	2.026102	-1.367279	-2.275542	-0.493299
-1.018369	-0.111585	0.009071	-0.931430	-2.435322	-1.037124	-2.134658	-0.375480	-1.646702	-1.000775	-1.770102	-0.412256	-1.301397	-1.361014	-1.094749	-1.312018	-1.860203	-0.806841	-1.509151	-1.765177	-0.807450	-1.409145	-0.455186	0.066271	-1.652184	-1.214587	-1.790999	-1.325264	-1.277684	0.659946	-1.167871	-0.856267	-0.911249	-1.148365	-1.212401	-0.499954	-1.493122	-1.207106	-1.609159	-1.628575	-1.533456	-0.071762	-1.527900	-1.034136	-1.184406	-1.263647	-0.690485	-0.266995	-1.792415	-1.208019	-1.287460	-0.813528	-2.926368	-1.696846	-1.832607	-0.780728	-0.690556	-0.854613	-1.269067	-0.840785	-1.190673	-0.584349	-1.750241	-1.272587	-1.117530	0.291975	-2.099867	0.431452	-2.053036	-0.929176	-0.852071	-1.129653	-0.759688	-1.281295	-1.673043	-1.236228	-1.131282	-1.514510	-0.158395	-1.514372	-0.095840	-0.325620	-1.346124	-1.126768	-1.704413	-1.408917	-1.298197	-1.510048	-1.265976	-1.550718	-1.573521	-1.611778	0.042872	0.260733	-0.937655	-1.176434	-1.079228	-0.574924	0.129146	0.616536	-1.672424	-2.178753	-1.159789	-0.972920	-0.063890	0.005465	1.649042	-1.968050	-2.627473	-1.308176
-1.819753	-0.957858	-0.939432	-1.030712	-2.924886	-1.249154	-2.811814	-1.371867	-1.999055	-1.208057	-2.472826	-1.328477	-2.214922	-2.019421	-0.927791	-1.100574	-1.634750	-0.831031	-1.838937	-2.089241	-0.722061	-1.459244	-1.459955	-0.810904	-2.193471	-1.609442	-2.024392	-1.378867	-2.465820	-0.078881	-1.782709	-1.233320	-1.744444	-1.899963	-1.689180	-0.983848	-1.807072	-1.450230	-2.013757	-1.311474	-2.540951	-1.082731	-2.071937	-1.641873	-1.603399	-1.722351	-1.275928	-0.545320	-2.389870	-1.839851	-2.266278	-1.535327	-3.243149	-1.782701	-2.644624	-1.736944	-1.932776	-1.770583	-2.355530	-1.799859	-2.065257	-1.577527	-2.339117	-2.042087	-1.529643	-0.853163	-1.250584	1.311625	-1.993551	-1.173134	-1.195767	-1.533264	-1.413084	-0.793673	-1.596437	-0.994287	-1.106153	-1.661245	-0.182219	-1.785751	0.417457	0.385506	-2.076409	-2.156389	-2.357385	-2.298327	-2.083466	-1.960668	-1.679533	-2.319860	-2.337065	-2.118182	-1.072378	-0.434561	-1.625742	-1.344855	-2.300598	-0.732911	0.094201	-0.180013	-1.912051	-1.571515	-1.435128	-2.395146	-0.190571	0.433201	0.583018	-1.336678	-2.056337	-1.761989
-1.987661	-1.441624	-2.264487	-1.313479	-2.671474	-1.272106	-2.619991	-1.841004	-2.236887	-1.239122	-2.860543	-2.148208	-2.219889	-2.117860	-0.611243	-0.980548	-1.090254	-0.630292	-1.715284	-1.739167	-0.659546	-1.037143	-2.083368	-1.407193	-2.253353	-1.583588	-0.981139	-0.641888	-2.364736	-0.901393	-1.830722	-1.222423	-1.726639	-1.937842	-1.463068	-0.883781	-1.751746	-1.238199	-2.100200	-0.773592	-2.597082	-1.667319	-1.916805	-1.546835	-1.544615	-1.481075	-1.205069	-0.547241	-2.074417	-1.504361	-2.460161	-1.792491	-2.250124	-0.717867	-2.801574	-2.157166	-2.564805	-2.046898	-2.133462	-1.859975	-1.826025	-1.655585	-2.058308	-1.911737	-1.715258	-1.819703	0.223283	1.762585	-1.081599	-0.925905	-0.956864	-1.254521	-1.381145	0.289629	-1.546329	-0.599370	-0.745665	-1.092826	-0.226237	-1.312660	0.014407	0.048203	-2.239570	-2.476498	-2.424769	-2.356717	-2.073906	-1.593267	-1.493355	-2.130368	-2.303286	-1.763459	-1.671297	-0.758782	-1.519230	-0.720742	-2.239852	-0.485828	-0.082838	-1.068247	-1.467031	-0.788321	-0.935066	-2.530633	-0.177683	0.501669	-0.316680	-0.288895	-1.237108	-1.648711
-1.518506	-1.313890	-2.609354	-1.333948	-1.772842	-0.970061	-1.622502	-1.519931	-1.745885	-0.929142	-2.170469	-2.128607	-1.164353	-1.365692	-0.217162	-0.729191	-0.624789	-0.224290	-1.002211	-0.765049	-0.779821	-0.403804	-1.749993	-1.379714	-1.843533	-1.157361	0.033728	-0.063044	-0.961388	-1.464347	-1.539503	-1.171586	-0.947961	-1.194705	-0.887805	-0.498284	-1.286952	-0.772056	-1.583211	-0.342499	-1.682245	-1.502374	-1.487799	-1.145478	-1.300492	-0.952295	-0.902687	-0.713143	-1.114278	-0.667723	-1.627722	-1.175359	-0.970312	0.501023	-2.170398	-1.865618	-2.170969	-1.596566	-1.158377	-1.294986	-1.003313	-1.043234	-1.152439	-1.206486	-1.337298	-1.827615	1.133031	1.433931	-0.130982	-0.564510	-0.604708	-0.709307	-0.768919	0.945903	-1.625427	-0.489691	-0.614412	-0.467355	-0.384689	-0.629349	-0.839112	-0.615699	-1.594925	-1.673697	-1.641199	-1.352536	-0.848539	-0.751639	-0.499004	-0.809022	-1.178808	-0.603047	-1.850192	-1.002385	-1.087498	-0.094742	-1.131832	-0.263471	-0.393094	-1.394825	-0.831012	-0.321876	-0.412693	-1.465893	-0.053230	0.022637	-0.743596	0.250803	-0.513962	-1.157438
-0.896220	-0.783099	-1.404018	-0.729447	-0.487114	-0.365322	-0.325864	-0.723752	-0.385085	-0.235482	-0.494340	-1.142051	0.394481	-0.043954	0.262904	-0.022087	-0.298949	0.354237	0.209855	0.534739	-0.738667	0.130102	-0.506290	-0.748195	-0.948199	-0.437806	-0.345543	-0.402814	0.586103	-1.274686	-1.060443	-1.077588	-0.004065	-0.154932	-0.442827	-0.334889	-0.442346	-0.296258	-0.397908	-0.004503	-0.382626	-0.774892	-1.109185	-0.872896	-1.084952	-0.592110	-0.620194	-1.146039	-0.004461	0.084841	-0.218461	0.025009	-0.206039	0.892846	-0.934507	-1.061038	-0.929407	-0.721916	-0.320196	-0.699124	-0.407795	-0.448185	-0.112650	-0.457057	-0.311880	-0.807564	0.895618	0.735245	0.285690	-0.444268	-0.403851	-0.342991	-0.053109	0.831883	-1.459554	-0.422237	-0.885018	-0.311866	-0.614297	-0.227220	-1.375213	-0.620271	-0.361802	-0.113062	-0.189362	0.238634	1.018882	0.098139	1.058291	1.078434	0.658561	0.892140	-1.807909	-1.370364	-0.895638	-0.078238	0.045799	-0.445538	-0.569480	-0.730711	-0.353473	0.002023	-0.472642	-0.247786	-0.044603	-0.631436	-0.988622	-0.059341	0.270188	-0.654191
-0.375040	-0.148495	0.412009	0.228190	0.948410	0.421939	0.820333	0.087153	1.180755	0.656322	1.150257	0.144033	1.641140	1.210601	0.801922	1.094486	0.195472	0.976604	1.493892	1.687354	-0.042746	0.649921	1.017481	0.238134	0.432644	0.557926	-1.606900	-1.075213	1.227425	-0.325379	-0.168739	-0.548159	0.710102	0.732715	-0.086346	-0.301924	0.690110	0.294470	1.103909	0.522376	0.819732	0.168536	-0.512443	-0.567291	-0.636443	-0.295481	-0.261575	-1.440161	0.973223	0.589125	0.901072	1.039670	0.181904	0.399643	0.488506	-0.102338	0.492880	0.132954	0.134575	-0.244238	-0.126975	-0.096106	0.745495	0.100916	0.931973	0.587615	-0.067575	0.123994	0.334124	-0.503422	-0.202474	-0.191204	0.390197	0.503530	-0.660546	-0.026127	-1.062848	-0.386105	-0.603178	-0.170806	-1.274480	0.092610	0.895980	1.328000	1.343634	1.682894	2.228018	0.727749	2.251236	2.448853	2.201476	2.031293	-1.429937	-1.607850	-0.976631	-0.539160	0.438758	-0.838290	-0.568383	0.353808	-0.082248	0.437992	-0.874615	0.145868	-0.369328	-0.976008	-1.239659	-0.825489	1.204960	-0.313614
0.296581	0.471658	1.502774	0.962953	2.160352	1.166670	1.610512	0.659006	2.042340	1.377960	1.823662	0.883412	2.040311	1.889011	1.270538	2.088224	1.103174	1.369869	2.220479	2.211450	1.211484	1.382763	2.051745	1.214752	1.947920	1.698668	-1.699937	-0.740620	0.996748	0.571566	1.166803	0.503544	1.202620	1.379319	0.515615	0.148449	1.803295	1.201149	2.213981	1.248679	1.787666	1.044017	0.616836	0.175231	0.361870	0.341677	0.252600	-1.143665	1.703348	0.918170	1.128484	1.344573	0.739438	-0.227478	1.662524	0.741864	1.446610	0.718800	0.589204	0.335735	0.357014	0.385615	1.320477	0.466156	1.791445	1.540586	-0.785673	-0.464110	0.510765	-0.303498	0.163954	-0.055055	0.549755	0.473687	0.636761	0.522684	-0.526891	-0.013022	-0.113115	-0.196776	-0.664312	0.812485	1.687937	1.990748	2.304097	2.486603	1.962046	1.160755	2.174526	2.534022	2.525587	2.296724	-0.539841	-1.301841	-0.903349	-0.881562	0.019161	-0.862600	-0.629978	0.727505	0.128946	0.845270	-0.841885	-0.241583	-0.918217	-0.872045	-1.138897	-1.260329	1.917247	0.068346
1.323148	1.034490	1.633541	1.290745	2.620604	1.587541	1.929430	0.940825	1.957941	1.626102	1.594445	0.886002	1.604035	1.925012	1.474873	2.356146	2.159673	1.295629	2.019471	1.928553	2.208138	2.036444	2.161445	1.764875	2.862968	2.491186	0.370502	0.843661	0.634483	0.487290	2.257570	1.506720	1.456791	1.789802	1.234116	1.074136	2.360520	2.131482	2.363740	1.716236	2.364941	1.561925	1.851104	1.203391	1.602954	1.281867	0.739728	-0.236694	1.999684	1.001609	0.723007	1.143062	1.529130	-0.279572	2.356617	1.377043	1.811558	1.140944	1.275386	1.134198	1.219985	1.175120	1.591733	0.676396	2.035396	1.653167	-0.613118	-1.276836	0.955802	0.471655	0.602292	0.197764	0.616252	0.454125	1.765074	0.692499	0.713230	0.995517	0.679503	0.026277	0.325690	1.120863	1.910864	1.924481	2.366548	2.503955	0.771565	1.476624	0.992335	1.587382	1.635326	1.727050	0.660534	-0.400448	-0.294181	-0.652188	-0.427756	-0.198340	-0.687864	0.118849	0.400559	0.908598	-0.024103	-0.425351	-1.157059	-0.386694	-0.268872	-0.814684	1.907593	0.766554
2.250906	1.363355	1.563907	1.422122	2.073838	1.530757	1.696047	0.936602	1.490404	1.379884	1.238666	0.660622	0.761302	1.544998	1.260762	1.757672	2.646831	0.797195	1.142918	1.129026	2.177929	1.866848	1.463712	1.603855	2.615169	2.345123	2.907777	2.170790	0.518624	-0.507247	2.195489	1.767830	1.198382	1.738853	1.388367	1.666947	1.969770	2.319514	1.632649	1.474353	2.223083	1.460422	2.246322	1.756456	2.214399	1.845923	0.947904	0.828960	1.689144	0.713379	0.497956	0.976006	2.011301	0.268508	2.524819	1.733267	1.879832	1.576994	1.823247	1.730813	1.872855	1.753704	1.544845	0.775726	1.826369	1.094631	0.191691	-2.062784	1.312043	1.516720	0.906179	0.560339	0.691570	-0.175473	2.055144	0.337138	1.880719	1.943723	1.262794	0.619351	1.521908	1.210316	1.706840	1.587164	1.675209	1.803013	-0.026198	1.606066	-0.146629	0.575512	0.448381	0.844772	1.602680	0.652977	0.752773	0.105717	-0.155329	0.816120	-0.257820	-0.467879	0.639093	0.605980	0.963897	0.303328	-0.627715	0.415780	1.053490	0.268069	1.134680	1.561212
2.266051	1.232540	1.664643	1.380540	0.913725	1.103691	1.030161	0.667253	1.139593	0.834420	1.117268	0.584630	-0.006786	0.926138	0.649739	0.733866	2.027875	0.189764	0.235883	0.299637	1.199647	0.665007	0.493367	0.837292	1.406108	1.234231	3.289187	1.714417	0.342751	-1.295038	0.907295	1.182718	0.343824	1.010977	0.612988	1.160385	0.839828	1.379463	0.632781	0.618630	1.303162	0.800170	1.451058	1.335835	1.650231	1.421424	0.852692	1.468980	0.911827	0.206215	0.738298	0.936650	1.696942	0.865654	2.130708	1.626439	1.736733	1.834340	1.689761	1.615676	1.649688	1.485880	1.163401	0.773767	1.315912	0.333189	0.752004	-2.140515	1.186893	2.026085	0.937228	0.883323	0.720185	-1.338923	1.407176	-0.098876	2.102788	1.946040	1.190134	1.274292	2.281238	1.161874	1.145574	1.181093	0.665275	0.666758	0.139857	1.317223	-0.429826	0.124808	-0.183266	0.124905	1.797186	1.268914	1.623596	0.898518	0.653747	1.422986	0.696321	-0.129128	0.603492	0.259436	1.114087	1.381341	0.335189	1.226655	1.849205	1.068912	0.133446	1.728953
1.212303	0.698545	1.436212	0.941096	-0.067460	0.599006	0.308187	0.242186	0.717975	0.216682	0.819274	0.413415	-0.402818	0.215630	-0.063539	-0.063621	0.626006	-0.181636	-0.249490	-0.256777	0.131958	-0.658708	-0.168379	-0.009212	0.110068	-0.059158	1.212525	-0.020492	-0.167385	-0.972398	-0.590677	0.289153	-0.541985	-0.050575	-0.483810	-0.082889	-0.258264	-0.018552	-0.111425	-0.260687	0.161509	0.069816	0.239761	0.381921	0.396748	0.295314	0.679097	1.394673	0.147444	-0.122523	0.829983	0.663643	0.757198	1.000198	1.243435	0.979652	1.162521	1.504993	0.902730	0.868455	0.700380	0.539478	0.530602	0.598460	0.603668	-0.188226	0.547384	-1.259977	0.628532	1.511555	0.684912	0.915225	0.625265	-2.083513	0.401769	-0.134129	1.280455	0.983463	0.493841	1.453605	1.843159	0.666264	0.327520	0.608438	-0.183240	-0.306660	0.568730	0.542881	-0.146418	0.075167	-0.213696	-0.297485	1.238651	1.194313	1.684361	1.190139	1.114059	1.145535	1.335936	0.706121	0.258076	0.187570	0.191976	1.642624	0.770539	1.455688	1.512087	0.934256	-0.394863	0.914701
0.011361	0.201035	0.615195	0.274645	-0.346686	0.289543	-0.108426	-0.128918	-0.058250	-0.204868	0.060295	-0.125810	-0.296788	-0.193988	-0.420937	-0.247192	-0.423275	-0.119799	-0.286469	-0.410460	-0.186874	-0.909040	-0.235696	-0.327013	-0.466865	-0.587696	-0.806449	-0.953768	-0.681062	0.151361	-1.146319	-0.268374	-0.655037	-0.590821	-0.898682	-0.844173	-0.612092	-0.674198	-0.504089	-0.607127	-0.447514	-0.225201	-0.318045	-0.190637	-0.432501	-0.477627	0.680169	0.832052	-0.135581	-0.032323	0.295384	0.166498	-0.014157	0.712163	0.339489	0.200124	0.335280	0.720367	0.183179	0.207934	-0.084977	-0.155020	-0.008086	0.255256	0.099589	-0.211125	0.017230	-0.084558	0.119069	0.478200	0.357705	0.563260	0.403301	-1.561375	-0.176663	0.266697	0.273596	0.053065	-0.201036	1.014669	0.471958	-0.134068	-0.258255	0.074578	-0.491435	-0.442509	0.442649	-0.248745	0.120981	0.142336	-0.040215	-0.341298	0.433640	0.701754	0.967141	0.925618	0.795852	0.289866	0.984981	0.989766	-0.045372	0.412017	-0.853836	0.890854	0.265455	0.938542	0.542160	0.267048	-0.099132	-0.136743
-0.245055	0.177236	-0.027158	0.115224	-0.045765	0.268698	-0.187829	-0.265715	-0.752303	-0.103041	-0.618942	-0.660783	0.278804	0.154343	-0.159044	0.121531	-0.149524	0.368834	-0.024177	-0.051848	0.387900	0.070218	0.164445	0.106311	-0.225461	-0.141102	-0.503673	0.032345	-0.678345	1.033059	-0.555543	-0.242888	0.125548	-0.087073	-0.372387	-0.434044	-0.173376	-0.109197	-0.639814	-0.318160	-0.299142	-0.039731	-0.004493	-0.024995	-0.226447	-0.169002	0.922021	0.330424	0.163596	0.331489	-0.319001	0.098668	0.111378	0.513739	0.104269	-0.007646	0.062933	0.323678	0.233108	0.270131	-0.021028	0.071964	0.035065	0.005904	0.371853	0.253543	-0.009456	0.466972	0.114231	0.010582	0.351219	0.133050	0.106432	-0.045642	-0.017481	0.788752	0.080046	0.112573	-0.136374	0.478647	-0.427290	-0.240387	0.017694	0.190718	-0.154543	0.384188	-0.026862	-0.295939	0.418104	0.472253	0.194850	0.180604	0.033794	0.300651	0.241079	0.606785	0.229992	-0.373666	0.133971	0.535046	0.058889	0.653105	-0.889536	0.143517	-0.444011	0.344852	-0.001445	0.037523	0.765329	-0.222380
0.501624	0.588602	0.370796	0.891283	0.326184	0.431737	-0.168105	-0.163742	-0.644033	0.571618	-0.514876	-0.593681	1.017155	1.137804	0.511440	0.694952	1.212583	1.018374	0.399658	0.693079	1.307965	1.284268	0.619919	0.911930	0.296496	0.630409	1.458934	1.804299	-0.133469	1.088007	0.408920	0.126265	1.042256	1.022411	0.408536	0.607057	0.465984	0.979503	-0.520764	0.273008	0.197753	0.274001	0.529919	0.418554	0.578915	0.844730	1.231335	0.273733	0.744191	0.636395	-0.184229	0.852111	1.035424	0.760413	0.660292	0.548010	0.775467	0.866784	0.975966	0.937282	0.732447	0.934124	0.778061	0.157878	1.334504	0.876461	0.611878	0.205052	0.601723	0.571698	0.860571	0.080462	-0.155962	1.215073	0.493079	1.079174	0.776763	0.998388	0.774441	0.444180	0.031467	0.960962	1.071526	1.137661	0.480887	1.458340	-0.110516	0.602635	0.953739	1.147714	0.549247	1.110394	0.306032	0.234034	0.208128	0.707182	0.094002	-0.467049	-0.283794	0.052734	0.462421	0.579545	0.097301	0.205527	-0.501239	0.326543	0.346944	0.515225	1.506579	0.839848
1.291450	0.936585	1.429631	1.987947	0.427723	0.570754	-0.187223	0.015373	0.148851	1.255398	0.228452	0.014072	1.411239	1.913314	1.069187	1.117419	2.343252	1.371174	0.762243	1.244490	1.847135	1.758465	0.744082	1.378336	0.534059	0.975558	2.548735	2.502053	0.532807	0.600300	0.915370	0.414746	1.296802	1.767899	0.714679	1.287825	0.655299	1.577462	-0.146273	0.708826	0.571576	0.406870	0.708924	0.578708	1.104267	1.562716	1.320550	0.539913	1.174626	0.696931	0.548945	1.792469	1.831299	1.181207	1.294775	1.174552	1.688099	1.727763	1.621948	1.469726	1.471401	1.598406	1.633291	0.622558	2.014239	1.179972	1.151516	-0.291451	1.125762	1.455252	1.516117	0.457914	-0.226966	1.197856	0.729058	0.923335	1.418496	1.600299	1.692412	0.849835	0.953143	2.443111	1.887663	2.114110	0.799779	1.824255	0.202300	1.664624	1.274558	1.628928	0.820260	1.710045	0.867698	0.286379	0.737361	1.112567	0.360907	-0.311676	-0.209529	-0.015395	0.706967	0.140450	1.027916	0.685326	-0.150729	0.558282	1.123259	0.943753	1.516670	1.839624
1.298540	0.760076	1.827564	2.272250	0.360012	0.491516	-0.095816	0.112499	0.684676	1.151266	0.822077	0.504296	1.131697	1.690571	1.135897	1.174828	2.147529	1.105082	0.764941	1.030973	1.622697	1.406820	0.486306	1.056985	0.369149	0.743713	1.458157	1.615382	0.960405	0.123293	0.829786	0.426403	0.819051	1.576626	0.487435	1.215858	0.220033	1.347683	0.314663	0.706773	0.717326	0.309378	0.553479	0.378926	0.921167	1.423606	0.999630	0.647262	1.212816	0.569579	0.931205	1.862623	1.643169	1.196691	1.273406	1.059462	1.634175	1.734162	1.464936	1.218942	1.616224	1.496393	1.702649	0.859567	1.546633	0.907118	0.912204	-0.486686	1.220324	1.603343	1.624778	0.779447	-0.080482	0.099609	0.429209	0.362071	1.078239	1.076311	1.647900	1.045821	0.814193	2.457975	1.535334	2.076397	0.499191	1.183571	0.221287	1.866476	0.746611	1.298407	0.670755	1.385757	1.001768	0.088432	1.086140	1.306248	0.561518	-0.285369	-0.261908	0.099996	0.564613	-0.355899	1.062686	0.716358	-0.267855	0.237498	1.652618	0.609334	0.738146	1.565954
0.642069	0.068881	0.878779	1.276383	0.436775	0.119003	0.307242	0.123398	0.442955	0.115788	0.904741	0.533521	0.317434	0.511486	0.718356	0.811147	0.802495	0.314708	0.328308	0.206073	0.748028	0.690772	0.145908	0.160437	0.070533	0.314681	-0.681498	0.067040	1.012668	-0.153259	0.582621	0.338174	0.104643	0.626613	0.101453	0.667201	-0.467540	0.658697	0.647387	0.298434	0.750892	0.080186	0.292402	0.029651	0.242546	0.664974	0.312168	0.232240	0.918052	0.383108	0.530972	0.770609	0.523851	0.631722	0.694084	0.253598	0.542839	0.556461	0.520498	0.156150	1.025454	0.625941	0.606746	0.377392	0.189951	0.219352	0.035156	-0.359926	0.778803	0.763734	0.842912	0.524593	0.033151	-0.908684	-0.168383	-0.284629	-0.139464	-0.287174	0.542630	0.546153	-0.455774	0.703715	0.236731	0.887712	-0.068658	0.067031	-0.288407	1.059654	-0.351450	0.349569	0.183769	0.476168	0.325082	-0.475172	0.757841	0.980486	0.513112	-0.219990	-0.518743	0.226019	0.235082	-0.590180	0.501090	0.099434	-0.910590	-0.681214	1.711149	-0.216073	-0.362141	0.230440
0.023636	-0.682260	-0.648859	-0.329133	0.752332	-0.406768	0.935559	0.167436	-0.005668	-1.039494	0.886526	0.440111	-0.553357	-0.861636	0.076344	0.157202	-0.607291	-0.605330	-0.228111	-0.455325	-0.361193	-0.083274	0.049235	-0.647892	-0.071119	0.062928	-1.930704	-1.169482	0.647626	-0.375808	0.493912	0.408489	-0.407961	-0.502387	-0.182793	0.008202	-0.819263	-0.011508	0.838398	-0.202964	0.713338	-0.139591	-0.063348	-0.367537	-0.492457	-0.188497	-0.496133	-0.601946	0.497953	0.170477	-0.072428	-0.754728	-0.698996	-0.114845	0.219185	-0.437147	-0.520757	-0.925847	-0.580054	-1.149772	-0.032292	-0.605003	-1.076109	-0.730973	-0.973483	-0.463723	-0.730747	-0.104775	0.044557	-0.376388	-0.472556	-0.308711	-0.143940	-0.912045	-0.646894	-0.677670	-1.251182	-1.431007	-0.845859	-0.469640	-1.354649	-1.190156	-0.872270	-0.576776	-0.272863	-0.784929	-0.661123	0.099980	-0.974824	-0.399439	-0.126910	-0.133884	-0.826513	-1.185137	-0.071443	0.257502	0.392530	0.251087	-0.375652	0.630794	-0.057209	-0.614091	0.210974	-0.658533	-1.119567	-1.395645	1.378473	-0.692371	-1.250905	-0.880370
-0.137329	-0.994718	-1.383504	-1.360394	1.021094	-0.757339	1.392014	0.291525	0.171917	-1.313782	1.164895	0.581606	-1.036552	-1.664146	-0.496958	-0.463305	-1.258331	-1.284037	-0.456370	-0.458063	-1.240051	-0.820273	0.253901	-0.873430	0.023361	0.041942	-1.628781	-1.849918	-0.016369	-0.621753	0.406446	0.576823	-0.594887	-1.264885	-0.326884	-0.578693	-0.481323	-0.410312	1.032853	-0.412800	0.562440	-0.205282	-0.538312	-0.789592	-0.957548	-0.839871	-1.113973	-1.350214	0.076644	-0.116524	-0.196323	-1.751157	-1.263436	-0.577246	0.148986	-0.469381	-0.720841	-1.605723	-1.181509	-1.937885	-0.997043	-1.577872	-2.198754	-1.763874	-1.202570	-0.768538	-0.888415	0.191635	-0.652795	-1.044956	-1.566234	-1.190807	-0.443562	-0.185268	-0.771388	-0.792742	-1.471925	-1.588889	-1.751449	-1.386595	-0.723547	-1.542375	-0.956895	-1.356193	0.118696	-1.019687	-0.224870	-0.133841	-0.582355	-0.499073	0.031829	-0.097607	-1.664663	-1.684062	-0.873395	-0.583791	0.284716	0.965773	0.377602	1.404287	-0.389649	-0.734734	0.497030	-1.081436	-0.255105	-1.338843	0.634107	-0.486330	-1.685877	-0.982736
-0.048661	-0.749524	-0.781695	-1.158736	0.855326	-0.662552	1.293861	0.333227	0.944517	-0.519114	1.433444	0.694789	-0.975791	-1.621098	-0.781551	-0.737397	-1.174100	-1.514064	-0.239712	-0.103109	-1.534079	-1.332991	0.552671	-0.600023	0.252849	0.084032	-0.720653	-2.093679	-0.585145	-0.741108	0.007891	0.490537	-0.497597	-1.363188	-0.328910	-0.949918	0.392838	-0.453809	1.216824	-0.172312	0.295654	-0.113056	-0.886984	-1.072917	-0.980607	-1.205450	-1.313304	-1.496868	-0.368898	-0.496957	0.057161	-1.783246	-1.082502	-0.658403	0.121648	-0.149674	-0.313890	-1.186100	-1.085808	-1.764634	-1.306170	-1.744286	-1.951451	-1.922714	-0.719604	-0.611021	-0.643467	0.398424	-1.098107	-1.081721	-1.860806	-1.515266	-0.392844	0.200632	-0.614675	-0.857158	-0.945876	-0.932102	-1.988021	-1.711761	0.880591	-0.450439	-0.225326	-1.190596	0.735068	-0.742724	0.792811	0.347355	0.270900	-0.263439	0.329952	0.099475	-1.599612	-1.658174	-1.253660	-1.324634	0.043358	1.251604	1.075140	1.914177	-0.907108	-1.016799	0.806602	-1.095901	1.056686	-0.783829	-0.543312	-0.079724	-1.638435	-0.563192
-0.167829	-0.294287	0.394731	-0.159945	0.201315	-0.172239	0.624774	0.059674	1.455737	0.586569	1.042308	0.213509	-0.507253	-0.924477	-0.704597	-0.661287	-0.854565	-1.222917	0.097378	0.017835	-1.138820	-1.413298	0.646095	-0.309748	0.474874	0.050730	-0.435409	-1.915288	-0.632741	-0.587071	-0.607154	-0.004671	-0.192769	-0.840719	-0.174715	-0.932177	1.265017	-0.175261	1.086258	0.329726	-0.061147	-0.099880	-0.775382	-0.956963	-0.527425	-1.174028	-1.076184	-0.926498	-0.840539	-0.890115	0.107020	-1.035744	-0.625309	-0.530819	-0.283116	-0.150388	-0.081169	-0.259816	-0.599820	-0.829922	-0.841729	-1.043858	-0.528375	-0.938390	-0.260067	-0.281652	-0.513658	0.232208	-1.176560	-0.796020	-1.298334	-1.034536	0.130437	-0.297754	-0.395839	-0.917540	-0.359374	-0.213723	-1.650947	-1.333935	1.897527	0.543691	0.490690	-0.492489	1.025095	-0.257710	1.515350	0.758292	0.707176	-0.191309	0.233531	-0.083209	-0.701849	-0.942039	-1.112356	-1.729822	-0.394726	0.679997	1.010617	1.301683	-1.404818	-1.060383	0.439819	-0.821356	1.599176	-0.283673	-1.832555	-0.071945	-1.058172	-0.515756
-0.620869	-0.063685	0.952542	0.512914	-0.521431	0.393418	-0.220505	-0.498981	1.070852	1.126471	-0.113236	-0.894065	0.090014	0.024234	-0.387472	-0.509877	-0.661797	-0.487605	0.183875	-0.173424	-0.291815	-1.127527	0.325879	-0.323296	0.601616	-0.025285	-0.941530	-1.336056	-0.105270	-0.254493	-0.891202	-0.546161	0.190681	-0.056534	0.080574	-0.494343	1.640116	0.225043	0.381276	0.753921	-0.480288	-0.387449	-0.201013	-0.335782	0.243377	-0.613075	-0.628800	-0.043905	-1.129554	-1.084749	-0.192229	0.010333	-0.332426	-0.311625	-0.914585	-0.659160	-0.327451	0.376339	-0.187188	0.191460	-0.067507	-0.015829	1.039080	0.678877	-0.208855	-0.192288	-0.620719	-0.360238	-0.791701	-0.429003	-0.283002	0.032586	0.652678	-1.007326	-0.170372	-0.646485	-0.032753	0.111230	-0.713527	-0.391284	1.453884	0.288782	0.644968	0.178335	0.783232	0.182091	1.400113	0.441978	0.519151	-0.327623	-0.273770	-0.535825	0.373893	0.329642	-0.558394	-1.514139	-0.790290	-0.443633	0.319628	-0.496531	-1.356956	-0.392104	-0.644489	-0.340901	0.909265	0.039452	-2.677430	-0.451377	0.060955	-0.940733
-0.998369	-0.080332	0.522273	0.162863	-0.768551	0.753324	-0.744487	-0.910643	0.115243	0.945783	-1.306184	-1.851342	0.570430	0.841312	-0.018239	-0.429586	-0.571476	0.455100	0.057135	-0.156914	0.569640	-0.739759	-0.311939	-0.441890	0.617745	0.000846	-1.303053	-0.658573	0.607698	0.004426	-0.480995	-0.614802	0.469142	0.545933	0.297993	0.108750	1.390772	0.441073	-0.665137	0.889692	-0.827391	-0.781299	0.453797	0.580713	0.962555	0.351406	-0.275108	0.530532	-0.909099	-0.784658	-0.326923	0.910502	-0.202505	0.037600	-1.152984	-1.149945	-0.646321	0.423600	-0.011155	0.770127	0.436312	0.697544	1.752121	1.978622	-0.238112	-0.377039	-0.507350	-0.852619	0.048246	0.027338	0.627434	1.168043	0.723234	-0.884923	0.262674	0.246378	0.338779	0.279944	0.724456	0.859199	0.138507	-0.818936	0.378620	0.552805	0.278736	0.482040	0.784003	-0.424300	0.256514	-0.275570	-0.561482	-0.686443	0.903777	1.604277	0.169623	-0.606412	-0.777846	-1.380091	-0.243021	-2.412422	-0.423782	0.952293	-1.739991	0.270150	-0.300109	0.428178	-2.740633	-0.646160	1.376301	-1.149938
-0.755240	0.046466	-0.133075	-0.752417	-0.406115	0.838833	-0.720211	-0.686867	-0.492332	0.576314	-1.616652	-1.739520	0.826990	1.296426	0.357061	-0.223768	-0.321651	1.308042	0.108355	0.487277	1.129171	-0.382384	-0.794424	-0.211420	0.534864	0.171775	-0.654761	-0.315605	0.948220	0.081640	0.213590	-0.180687	0.487198	0.724464	0.311355	0.438856	0.715617	0.273585	-1.382564	0.699562	-0.857017	-0.757391	0.770860	1.312268	1.185634	1.164260	-0.107528	0.484973	-0.128777	0.130360	0.157392	1.443088	0.039534	0.541174	-0.595469	-0.960874	-0.489652	0.235653	0.189467	0.963594	0.530749	0.918675	1.412107	2.249050	0.199080	-0.380819	0.279506	-0.534839	1.036489	0.561497	1.051026	1.829974	0.556930	0.133498	1.009319	1.454741	1.033145	0.710469	1.982805	1.974189	-0.722772	-1.449765	0.169254	0.713133	-0.041338	0.662130	0.470731	-1.026255	0.547801	0.329979	-0.017917	-0.181330	0.633343	2.138349	0.755416	0.576871	-0.211954	-1.607984	-0.191781	-3.062158	1.109526	2.338341	-2.067847	0.856165	-0.974101	0.966977	-2.060266	-0.169047	2.201093	-0.711334
0.108772	0.522796	-0.094511	-1.162636	0.117360	0.682414	-0.300519	0.140061	-0.230306	0.460447	-0.805905	-0.460933	0.865769	1.333022	0.782352	0.297229	0.223843	1.775346	0.529025	1.440424	1.330333	-0.048742	-0.654030	0.421211	0.341007	0.281217	0.725405	-0.410929	0.524369	0.155858	0.315375	0.217621	0.222631	0.517045	0.011515	0.191536	-0.076442	-0.206751	-1.293213	0.196651	-0.501276	-0.114487	0.599472	1.363621	0.678663	1.136225	0.078283	0.070167	0.713897	1.258680	0.960880	1.583034	0.453819	1.033480	0.416389	-0.040162	0.180211	0.321628	0.682688	1.129469	0.470278	0.865778	0.595076	1.483091	1.045792	0.133428	1.495919	0.651354	1.620106	0.936314	0.951443	1.737047	0.746726	1.010690	1.684430	2.145015	1.696604	1.286308	2.104635	2.375861	-0.425035	-0.875730	0.254441	0.812586	0.038675	0.729057	0.843024	-0.799290	1.434873	1.378708	1.184289	0.738727	-0.082676	1.589954	0.941782	1.303757	0.631331	-1.205450	0.223844	-1.994753	2.418440	3.049144	-1.555478	1.203711	-0.806048	1.352765	-0.876108	0.878551	2.026658	-0.058164
0.857069	0.945353	0.572929	-0.634390	0.222311	0.325052	0.178197	0.891349	0.510402	0.427775	0.450406	0.998597	0.716581	1.007661	1.099588	0.880695	0.791333	1.550547	0.955711	1.844231	1.211069	0.154504	-0.005941	0.871197	0.047373	0.063942	1.659313	-0.552628	-0.580689	0.461258	-0.482292	0.114369	-0.144410	0.130284	-0.504389	-0.476940	-0.660095	-0.684650	-0.610102	-0.517061	-0.080107	0.633091	0.093198	0.635402	-0.300661	0.100063	0.478436	-0.218117	0.890511	1.771956	1.262959	1.335477	0.727928	1.216015	1.030279	0.920988	0.789018	0.696676	1.250297	1.301306	0.416344	0.673455	-0.011540	0.277727	1.506591	0.814772	2.240179	1.860109	1.412073	0.881308	0.581549	1.046999	1.401456	0.865039	1.632054	1.745535	1.679825	1.412496	0.869913	1.786984	0.444432	0.239734	0.450700	0.789865	0.347335	0.645167	1.432705	-0.030550	2.258505	2.217401	2.103283	1.446353	-0.634216	0.412705	0.721343	1.115394	1.166392	-0.725867	0.341543	-0.169863	2.680475	2.807547	-0.893588	1.156927	-0.438306	1.140638	0.405565	1.864672	1.021786	0.103732
0.749873	0.757936	0.935142	0.197829	-0.122619	-0.060077	0.472049	0.891786	0.925413	0.084146	1.207301	1.431038	0.445748	0.493038	0.945443	1.001656	0.896920	0.546812	0.874610	1.229585	0.762168	0.064276	0.492926	0.571244	-0.187812	-0.380833	1.351690	-0.272929	-1.660815	0.908700	-1.362352	-0.312952	-0.278985	-0.155047	-0.844160	-0.943003	-0.719624	-0.781528	0.041139	-1.066088	0.022610	0.782874	-0.385979	-0.331310	-1.025445	-1.200093	0.926718	-0.178924	0.193942	1.160976	0.686051	0.741390	0.550656	0.925935	0.748036	1.164085	0.751393	0.867457	1.349200	1.145859	0.301524	0.313233	-0.133579	-0.635993	0.943898	0.986887	1.777612	2.053425	0.565729	0.429833	0.281162	0.271517	1.890107	-0.015318	0.677843	0.612199	0.913331	0.803769	-0.688264	0.654566	0.724055	0.633153	0.497372	0.490096	0.574915	0.466037	1.455805	0.545076	2.233198	2.148984	1.948807	1.481473	-0.664121	-0.494207	0.389522	0.270315	0.948895	-0.652686	-0.206228	0.905959	1.657621	1.803455	-0.726562	0.759810	-0.587053	0.198649	1.165961	2.097331	-0.091216	-0.270363
-0.013068	0.070554	0.460017	0.515333	-0.289811	-0.149013	0.563194	0.242764	0.712950	-0.455143	1.126606	0.622839	0.238739	0.112229	0.239748	0.504099	0.456712	-0.683666	0.344107	0.162973	0.050093	-0.195393	0.444201	-0.198305	-0.092529	-0.506226	0.206093	0.366667	-1.789138	1.053186	-1.182239	-0.456961	0.051007	-0.076888	-0.576360	-0.637586	-0.132985	-0.311873	0.340272	-0.928483	-0.107220	0.307711	-0.437503	-0.704234	-0.822326	-1.591838	1.003736	-0.018085	-0.701688	-0.099686	-0.152982	0.090846	0.016042	0.321377	0.020196	0.661686	0.200201	0.533494	0.835291	0.575602	0.177031	-0.045502	0.129787	-0.801413	-0.214326	0.518605	0.329350	0.971171	-0.310392	-0.043031	0.264196	-0.091523	1.549225	-0.643366	-0.510947	-0.267430	0.116382	-0.043057	-1.141255	-0.114431	0.080920	-0.066048	0.447248	0.070220	0.648731	0.397250	0.762391	0.646146	1.287088	1.178558	0.952863	0.967817	-0.279412	-0.604357	0.308749	-0.451096	0.154260	-0.855133	-1.018100	0.621239	-0.061917	0.448896	-0.881775	0.274573	-1.089300	-0.977850	0.916172	1.332228	-0.646737	-0.538861
-0.407033	-0.365684	-0.246235	0.275138	0.263797	0.171605	0.602077	-0.278596	0.332653	-0.588484	0.655038	-0.444130	0.285228	0.134886	-0.469651	-0.112696	0.003862	-1.116309	0.023156	-0.283702	-0.614701	-0.217590	0.231955	-0.504299	0.419393	0.105802	-0.727188	0.725340	-0.670560	0.579836	0.160506	0.003808	0.670802	0.384551	0.277490	0.304095	0.796405	0.525610	0.501986	-0.002067	0.030110	-0.111688	0.090901	-0.141450	0.243708	-0.582637	0.536192	0.037052	-0.848701	-0.894230	-0.320471	-0.173683	-0.425231	-0.258529	-0.220469	0.095572	-0.111087	0.040380	0.245053	0.041383	0.310683	-0.026943	0.557976	-0.234152	-0.811884	-0.028000	-0.989621	-0.553937	-0.612648	-0.129724	0.483780	0.060618	0.474084	-0.551913	-0.986658	-0.273695	-0.012084	-0.336878	-0.176821	-0.035932	-0.569527	-0.920912	0.552587	-0.011907	0.752356	0.559172	0.043986	0.633857	0.218397	0.109763	0.104653	0.443458	0.148814	-0.171566	0.511475	-0.461595	-0.490841	-0.693349	-1.202523	-0.240603	-1.354175	-0.724524	-0.646900	-0.049048	-1.067374	-1.492687	-0.142665	0.016447	-0.489149	-0.250192
0.194622	-0.108004	-0.271721	0.044060	1.236895	0.540767	0.748506	-0.137114	0.351148	-0.045507	0.386160	-0.690454	0.512008	0.434567	-0.437467	-0.168504	0.064500	-0.264788	0.365767	0.239046	-0.776924	0.222996	0.472726	0.097743	1.030578	1.130652	-0.863525	0.335933	0.986256	-0.184192	1.516218	0.791203	1.089762	0.887618	1.160369	1.112113	1.460633	1.256230	0.794489	1.091506	0.662164	0.036579	0.922435	0.868449	1.329846	1.082939	-0.124761	0.048564	-0.016399	-0.564024	0.276884	0.019758	-0.350165	-0.585694	0.341179	0.014433	0.223617	-0.102489	0.139379	-0.004634	0.752693	0.431552	0.885542	0.599207	-0.271010	-0.141845	-1.082860	-1.236696	-0.143247	0.300971	0.694901	0.443736	-0.498713	-0.103600	-0.367217	0.313424	0.446333	0.190736	0.997120	0.488467	-0.250521	-0.887303	0.815853	0.394828	0.965149	0.775995	-0.028094	0.781252	-0.190334	-0.328730	0.011160	0.235117	0.358984	0.218661	0.618614	0.111059	-0.402125	0.154229	-0.315069	-0.510179	-1.316395	-1.159862	0.198726	-0.196288	-0.093193	-0.845402	-1.121932	-0.930176	0.072356	0.284446
1.211578	0.440096	0.362627	0.160857	1.753517	0.551813	1.006804	0.420460	0.735379	0.679533	0.460435	0.000787	0.626884	0.574639	0.442479	0.478304	0.488183	1.119728	1.034071	0.947396	-0.204061	0.897781	1.113824	0.987080	1.262175	1.738605	-0.422200	-0.334070	2.137563	-0.416768	1.824377	1.446243	1.047825	1.047634	1.572911	1.283226	1.451630	1.534401	1.098533	1.574553	1.344703	0.505966	1.570248	1.583827	1.684521	2.196308	-0.375823	0.254140	1.096061	0.507088	0.841573	0.238440	0.306160	-0.622958	1.005359	0.260420	0.709266	0.084368	0.382148	0.323741	1.107581	0.895139	0.889189	1.144327	0.743106	0.110919	0.134294	-0.490736	0.797896	1.035657	0.766161	0.811139	-0.574606	0.342920	0.903722	0.853974	0.900266	1.096189	1.079986	0.806892	0.789051	-0.058056	0.925722	0.802296	1.057870	0.792645	0.348977	0.777332	-0.050420	-0.283701	0.320469	0.141470	0.449046	0.402928	0.364750	0.687594	0.294320	1.118150	1.044823	0.061880	-0.036949	-0.675225	1.002876	-0.228796	1.157403	0.489680	-1.212477	-0.798539	0.584952	0.490269
1.528868	0.663228	0.769659	0.429101	1.335822	0.355662	1.103405	0.839536	0.901061	0.921134	0.599889	0.922349	0.487539	0.338119	1.369589	1.222466	0.674940	1.738034	1.271304	0.873185	0.759796	1.377363	1.422382	1.281578	0.908315	1.468405	0.109124	-0.255457	2.325818	0.350268	1.287107	1.778050	0.799765	0.848998	1.562709	1.151461	0.870113	1.370065	1.052865	1.317877	1.410301	0.735079	1.714826	1.725509	1.406321	2.289881	0.076669	0.749275	1.601054	1.396627	0.806673	0.160174	1.141426	-0.411905	0.871990	0.358816	0.640536	0.177812	0.356312	0.557421	0.974821	0.972348	0.605529	1.233082	1.112049	0.396010	1.543813	0.917732	1.536069	1.591248	0.860597	1.174244	0.161229	0.903309	1.893514	1.096961	0.988156	1.649479	0.293226	0.835560	1.386267	0.657584	0.670045	0.622895	0.720257	0.587297	0.374893	0.223605	-0.100317	-0.448854	0.318402	-0.185313	0.761704	0.734294	0.099048	0.936079	0.940815	1.318243	1.796343	0.708488	1.316774	0.148856	1.099978	-0.020285	1.691419	1.475111	-0.414894	0.205992	0.691427	0.362968
0.729809	0.530246	0.387191	0.531847	0.230126	0.382270	0.540900	0.909949	0.329722	0.595741	0.418472	1.380113	0.168326	-0.097467	1.321832	1.212418	0.324145	1.066051	0.657855	-0.091563	1.274198	1.353675	0.841890	0.870198	0.092461	0.578238	0.444852	0.798485	1.769852	1.515521	0.780265	1.677079	0.604810	0.494445	1.344856	1.217113	0.037315	0.851685	0.439013	0.759329	0.660125	0.570505	1.232846	1.362393	1.008798	1.722343	0.841389	1.287977	1.137889	1.450517	0.405234	-0.030989	1.458454	-0.064445	-0.180322	0.175000	0.030164	0.007533	-0.238706	0.418664	0.368496	0.714089	0.262533	1.030819	0.475613	0.560244	1.727493	1.531700	1.291250	1.356390	1.038203	1.381221	0.654301	1.481692	1.695750	1.044818	0.649914	1.245508	-0.047069	0.765891	0.894680	0.814319	0.106963	-0.154040	-0.151799	0.198273	-0.356190	-0.672157	-0.739600	-1.114533	-0.297463	-0.764838	1.387601	1.348094	0.340024	0.947361	0.942055	0.670678	1.473446	0.687969	1.393764	0.302262	0.719755	0.502670	1.372034	1.487437	0.571801	0.992272	0.230403	0.417858
-0.631134	0.391748	-0.356326	0.415362	-1.164384	0.497745	-0.967867	0.702694	-0.920140	0.129543	-0.367251	1.150065	-0.351727	-0.574836	0.055891	0.129242	-0.330823	-0.288657	-0.613575	-1.301727	0.737064	0.677464	-0.413327	0.282637	-0.978828	-0.492084	0.496343	1.635750	0.780920	1.780129	0.435167	0.807880	0.165812	-0.057982	0.697361	1.191231	-0.903460	-0.119101	-0.650529	0.143972	-0.529956	0.247298	0.037803	0.395961	0.474807	0.768999	1.062770	1.378922	-0.062053	0.572908	-0.025066	-0.108331	0.808985	0.198638	-1.471880	-0.099587	-0.532137	-0.192179	-1.110581	-0.096867	-0.501800	0.256874	-0.127137	0.538470	-0.537083	0.553295	0.265862	0.655035	-0.270520	-0.023205	0.786454	0.803619	-0.116200	1.320526	0.058409	0.380129	-0.252340	-0.298717	0.480136	0.256705	-0.130402	0.849739	-0.691911	-1.036224	-1.400253	-0.575187	-1.398693	-1.260686	-1.644616	-1.859905	-1.348357	-1.351313	1.816839	1.655444	0.838362	0.745543	0.147294	0.016928	0.558812	0.120670	-0.098489	-0.633940	0.636998	0.902619	0.900229	0.766762	1.111151	0.567408	-0.649848	0.850670
-1.736031	0.281816	-0.655752	0.233421	-2.568616	0.081041	-2.889024	0.215056	-2.164150	-0.119557	-1.627947	0.441033	-1.127705	-1.118295	-1.589919	-1.431111	-0.902526	-1.401940	-1.939812	-2.151771	-0.417701	-0.597049	-1.618562	-0.177645	-2.012528	-1.562021	0.320468	0.924846	-0.477905	0.491660	-0.384702	-0.922270	-0.906357	-0.958054	-0.667507	0.368274	-1.829031	-1.451294	-1.785995	-0.611601	-1.601221	-0.124178	-1.666305	-1.208438	-0.573578	-0.624513	0.259008	0.730251	-1.393478	-0.857463	-0.552671	-0.209070	-0.420871	0.231311	-2.225075	-0.384326	-0.699465	-0.225746	-1.814504	-0.920085	-1.516903	-0.505544	-0.773955	-0.383955	-1.110983	0.236615	-1.837555	-1.018578	-2.431408	-2.088253	-0.474273	-0.900762	-1.869932	0.000825	-2.093160	-1.229318	-1.691548	-2.367732	0.786072	-1.168123	-0.673163	1.249658	-1.631222	-1.547310	-2.588506	-1.805383	-1.988684	-1.203961	-2.232619	-2.105477	-2.408577	-1.737838	1.392098	1.004522	0.696680	0.104557	-1.061294	0.038977	-0.158263	-0.253046	-2.011060	-1.898097	1.088595	0.536082	0.774693	0.030430	1.133441	-0.925030	-1.445206	1.210435
-2.095234	-0.059173	-0.301271	0.122343	-3.386582	-0.868155	-3.893271	-0.486789	-2.537004	-0.094364	-2.559399	-0.232499	-1.753786	-1.504073	-2.469426	-2.398374	-1.150327	-1.808485	-2.607503	-2.396440	-0.998732	-1.972475	-2.148505	-0.636638	-2.458796	-2.387020	0.162798	-1.027099	-1.636790	-1.463769	-1.631151	-2.614777	-2.121548	-1.819510	-2.145571	-1.043495	-2.267317	-2.379833	-2.269401	-1.254412	-2.097884	-0.608647	-2.978731	-2.692239	-1.768823	-2.027393	-1.002118	-0.295587	-2.082196	-2.093335	-1.082200	-0.414458	-1.185312	0.170498	-2.087310	-0.736226	-0.613808	-0.190126	-2.126773	-1.798452	-2.376210	-1.476037	-1.525289	-1.359399	-1.038203	-0.369613	-3.134559	-2.272120	-3.636247	-3.549908	-2.250538	-2.754685	-3.105307	-1.532501	-3.084957	-3.140773	-2.870366	-3.601793	0.064670	-2.839995	-0.367062	1.779882	-2.226144	-1.457833	-3.023809	-2.822333	-1.806046	-0.765311	-2.193729	-1.683817	-2.867175	-1.769329	0.219059	-0.257274	-0.320848	-0.878977	-1.890401	0.436076	-0.302890	0.015788	-2.781818	-2.309564	1.517800	-0.496583	0.770629	-0.175388	0.910731	-2.306888	-1.619029	1.083698
-1.614670	-0.553571	0.163509	0.096266	-2.775284	-1.393154	-2.976363	-0.965932	-1.725671	0.098812	-2.208158	-0.346423	-1.484240	-1.183246	-2.215147	-2.179974	-0.993090	-1.520822	-2.191267	-1.955819	-0.459716	-2.560570	-1.816014	-1.067129	-1.840888	-2.385023	0.222304	-2.390168	-2.007903	-2.429578	-2.052640	-2.845043	-2.288436	-1.784578	-2.423361	-1.750320	-1.710893	-1.986396	-1.600224	-1.112397	-1.765899	-1.025341	-2.778117	-2.791323	-1.952259	-2.327798	-1.559601	-0.871458	-1.630051	-2.343623	-1.014641	-0.373610	-0.850360	0.249887	-1.206654	-1.007516	-0.472607	-0.249954	-1.962811	-2.151605	-2.414355	-1.951444	-1.695481	-1.486064	-0.728745	-0.827570	-3.068988	-2.522564	-2.863318	-3.295984	-3.000510	-3.039834	-2.774283	-1.875672	-2.058922	-3.818507	-2.661137	-2.975457	-0.765859	-3.119223	0.219071	1.752183	-1.807439	-0.770653	-2.200095	-2.609931	-1.144678	-0.373732	-1.587302	-0.864417	-2.205832	-1.266196	-0.726084	-0.962675	-1.192804	-1.444621	-1.657926	0.455069	-0.061829	0.558381	-1.941178	-1.625891	1.401920	-1.206565	0.507279	0.131103	0.589494	-2.558479	-1.148797	0.696027
-0.593935	-0.733455	0.153791	0.072017	-0.763859	-0.852838	-0.693165	-0.781057	-0.367029	0.230925	-0.633467	0.093503	-0.228723	-0.061870	-1.427401	-1.179822	-0.550764	-0.786541	-0.978536	-0.937827	0.299270	-1.809926	-0.905599	-1.101552	-0.476226	-1.282182	0.297176	-1.881810	-1.230766	-1.696337	-0.807120	-1.314059	-0.982909	-0.593614	-1.053337	-0.967655	-0.423847	-0.426142	-0.162019	-0.116690	-0.770253	-0.976757	-1.027432	-1.226046	-0.704332	-1.043292	-0.948880	-0.584463	-0.376386	-1.425610	-0.124961	0.143544	0.045067	0.414283	-0.125073	-0.882592	-0.291993	-0.399808	-1.301046	-1.547018	-1.300666	-1.326296	-0.890402	-0.476373	-0.609840	-0.679432	-2.177804	-1.947787	-0.817586	-1.561845	-1.840826	-1.326093	-1.483072	-0.971029	-0.065262	-2.463051	-1.028097	-1.023199	-0.372232	-1.433932	0.265715	0.848940	-0.442821	0.186602	-0.479552	-1.075695	-0.503211	-0.167721	-0.693908	-0.052503	-0.633448	-0.279861	-0.693674	-0.560294	-0.874678	-0.928478	-0.520010	-0.056820	0.124396	0.637951	-0.480712	-0.737384	0.870768	-0.893256	0.048051	0.405421	0.149658	-1.718900	-0.573469	0.492510
0.269983	-0.467968	-0.281839	-0.025819	1.165743	0.006746	1.111419	-0.183792	0.470262	-0.012973	0.816393	0.423677	0.987350	0.991316	-0.788222	-0.302355	-0.163170	-0.062563	0.130065	0.130575	0.051602	-0.262211	-0.040921	-0.648172	0.512439	0.126907	0.007357	-0.218738	0.078853	-0.178864	0.994838	0.461078	0.672336	0.789321	0.688218	0.384355	0.527510	0.888420	0.834008	0.655015	0.173997	-0.483437	0.774413	0.580010	0.745527	0.633570	0.049876	0.009953	0.595399	-0.106831	0.743980	0.641834	0.433056	0.338566	0.491081	-0.365772	-0.109115	-0.506539	-0.394187	-0.386942	0.177289	-0.120598	0.264321	0.632326	-0.650628	-0.096834	-1.131036	-0.892154	0.696961	0.194910	0.168013	0.712328	-0.518208	-0.094720	0.953676	-0.160621	0.574347	0.510710	0.825036	0.631908	-0.369991	-0.448652	0.773399	0.782862	0.941699	0.558267	-0.149913	-0.042058	0.125968	0.448514	0.794851	0.645953	-0.107746	0.131803	0.240184	0.236427	0.511285	-0.531257	-0.032334	0.069940	0.338853	-0.380411	0.334690	-0.070814	-0.318775	0.090722	-0.294564	-0.526927	-0.303888	0.408292
0.319768	-0.272601	-0.583818	-0.151131	1.430315	-0.003278	1.136635	0.038563	0.330095	-0.668782	0.901359	0.091637	1.070374	0.972386	-0.311936	-0.009277	-0.097572	0.133205	0.435860	0.561543	-1.062117	0.760051	0.188561	-0.241936	0.305168	0.547420	-0.556195	0.868748	0.711563	0.708140	1.344526	0.742518	1.191667	1.107324	1.152149	0.742993	0.391909	0.769634	0.540467	0.175733	0.301228	-0.158078	1.031467	0.927441	0.863684	0.943501	0.396806	0.032793	0.442420	0.517566	0.630469	0.448359	0.011899	-0.123015	0.351968	0.083593	-0.054419	-0.438329	0.200419	0.321497	0.684690	0.379186	0.716109	0.581521	-0.522833	0.234466	-0.047786	0.365733	0.715027	0.774820	1.116561	1.156103	-0.112537	0.014919	0.326615	1.210037	0.780299	0.563516	1.054956	1.124609	-0.924071	-1.200688	0.824988	0.552608	1.113292	1.025985	-0.036267	0.050815	0.577968	0.526974	1.111219	0.839690	0.012436	0.029891	0.754019	0.815543	0.618663	-0.491152	-0.406443	-0.503778	0.316796	-0.183495	-0.117218	0.270499	-0.534194	-0.702627	-0.441969	0.503092	-0.095125	0.018473
-0.355234	-0.560059	-0.400750	-0.182073	0.218666	-0.765139	-0.004657	-0.388890	-0.231122	-1.211928	-0.023020	-0.543193	0.170198	-0.012016	0.292513	-0.020008	-0.229554	-0.265057	0.123363	0.225569	-1.683146	0.501313	-0.256305	-0.380453	-0.637876	-0.278666	-0.820834	0.702724	0.103776	0.532591	-0.134338	-0.362208	0.418517	0.242011	0.264723	-0.125801	-0.378222	-0.380380	-0.474041	-1.045390	-0.347433	-0.398419	-0.129041	-0.159283	-0.255565	-0.306308	0.048239	-0.557542	-0.543090	0.142108	-0.185197	-0.278500	-0.511481	-0.680514	-0.149644	0.106882	-0.129776	-0.154896	0.112949	0.093363	-0.107025	-0.287280	0.251093	-0.446795	-0.138931	-0.027706	1.085556	1.386547	0.003248	0.378731	0.493751	0.131378	0.462930	0.024044	-0.727246	1.049549	-0.067525	-0.121207	-0.241545	0.142345	-0.577079	-0.863688	-0.051310	-0.283406	0.304302	0.390389	0.000124	0.000643	0.584816	0.272426	0.439605	0.240493	-0.535673	-0.700214	0.101592	0.251289	0.102038	-0.069268	-0.550023	-0.393171	0.207379	0.553941	-0.629846	0.028835	-0.650071	-1.133727	-0.160825	1.288395	0.473072	-0.674735
-0.879656	-0.918464	-0.012622	-0.129790	-0.719403	-0.966573	-0.622484	-0.763608	-0.393957	-1.044937	-0.504971	-0.624618	-0.561713	-0.827459	0.852890	0.093461	-0.225202	-0.650358	-0.080432	-0.244510	-1.090393	-0.362316	-0.734062	-0.752073	-1.084244	-1.122429	-0.530912	0.142589	-0.920512	-0.007546	-1.636033	-1.120907	-0.469884	-0.702679	-0.549640	-0.953232	-0.730738	-1.139180	-0.855627	-1.486094	-0.840680	-0.729785	-1.020586	-1.004624	-1.064587	-1.432480	-0.182265	-0.859449	-1.224074	-0.436466	-0.569498	-0.704410	-0.458658	-0.888705	-0.343672	-0.080974	-0.179078	0.183028	-0.357765	-0.456525	-1.032502	-1.083292	-0.304680	-1.002893	0.179714	-0.466055	1.815542	1.651588	-0.169317	0.067703	-0.372213	-0.559492	1.259257	0.597530	-0.781787	0.400708	-0.516726	-0.185355	-1.502380	-0.495770	0.432056	0.045726	-0.728183	-0.961405	-0.386532	-0.252711	0.025713	-0.277434	0.308495	-0.093604	-0.227473	-0.478091	-0.868604	-0.875640	-0.716864	-0.560428	-0.129829	0.331582	-0.177018	0.246878	0.494531	1.537156	-1.091928	-0.050529	-0.505746	-0.559307	0.236619	1.660864	1.157085	-1.084530
-0.507581	-0.605019	0.066072	-0.169394	-0.272876	-0.059699	-0.008486	-0.325359	-0.048014	-0.315656	0.069176	0.008533	-0.436243	-0.685991	0.872642	0.305733	0.001079	-0.380016	0.165116	-0.189075	-0.080841	-0.524780	-0.509897	-0.582913	-0.484693	-0.737713	-0.108782	0.144524	-0.920499	-0.096157	-1.428213	-0.447837	-0.495800	-0.723589	-0.299801	-0.721976	-0.331727	-0.776827	-0.187952	-0.628079	-0.412934	-0.414461	-0.465448	-0.418584	-0.598080	-0.927215	0.147988	-0.233286	-0.828288	-0.276651	-0.172231	-0.488671	0.034961	-0.582577	-0.035771	-0.010082	-0.146369	0.262053	-0.481426	-0.413900	-0.821105	-0.787722	-0.231683	-0.304160	0.174716	-0.494065	1.601377	1.112729	0.351917	0.344108	-0.209074	0.045990	1.253013	1.127578	0.114398	0.327272	0.003171	0.472820	-1.207429	0.165042	0.902620	0.359213	-0.563687	-0.919594	-0.323770	-0.215090	-0.001799	-0.613610	0.012781	-0.344883	-0.206844	-0.654233	-0.315327	-0.007541	-0.508819	-0.346455	0.184225	0.546746	0.422151	0.598803	0.808632	1.686573	-1.078935	0.318413	0.055657	0.523083	0.259007	1.289742	1.227810	-0.778575
0.553208	0.376976	-0.201698	-0.308492	0.811795	0.876280	0.908883	0.680077	0.231544	0.189748	0.795415	0.622022	0.134429	0.046671	0.384918	0.324438	0.243813	0.429729	0.527102	0.327862	0.335817	0.386399	0.444136	0.288093	0.473567	0.582686	0.053550	0.628602	0.512422	0.461400	0.128894	0.831571	0.169204	0.077814	0.511492	0.179045	0.208934	0.141232	0.532333	0.415388	0.595733	0.464249	0.875761	0.912977	0.462312	0.759562	0.604419	0.794295	0.314362	0.627150	0.239787	-0.143112	0.486086	0.047808	0.378278	0.409827	-0.094838	0.005196	0.116329	0.313566	0.393349	0.440216	0.220694	0.766742	0.099324	-0.036131	0.701075	0.403994	0.738934	0.734746	0.646023	0.948256	0.033451	0.792501	0.884209	0.741790	0.645444	0.814710	0.078593	1.106368	0.191250	-0.326393	0.080650	-0.275013	0.130508	0.188953	-0.093419	-0.610601	-0.083388	-0.335250	0.259529	-0.278055	0.582889	0.961833	0.553436	0.917354	0.499565	0.646363	0.667507	0.264696	0.713840	0.684274	-0.318314	0.544822	0.752960	0.935263	-0.181235	0.385841	0.594062	0.010236
1.385228	1.165344	-0.302460	-0.183213	1.220353	0.729243	1.004570	1.279580	0.060778	0.105403	0.707596	0.686999	0.507541	0.561577	0.051624	0.144921	0.348740	1.025693	0.586086	0.697392	0.298098	1.416484	1.316067	1.096316	0.830870	1.397835	0.172292	0.973198	2.067263	1.314096	1.315728	1.269974	0.801061	0.868975	0.923092	0.774106	0.364723	0.748161	0.387027	0.554979	1.155445	1.035270	1.516775	1.489556	0.950265	1.884195	0.670782	1.178309	1.237872	1.417067	0.189217	-0.066919	0.825868	0.691631	0.547335	0.816309	0.055309	-0.174489	0.986550	0.978867	1.341572	1.324261	0.369162	0.965819	0.390942	0.576479	0.093845	0.194802	0.573602	0.706693	1.015512	0.877460	-1.107641	0.147353	0.988420	1.045104	0.634550	0.428798	0.711135	1.074807	-0.754318	-0.920811	0.604425	0.446347	0.365823	0.431164	-0.158875	-0.046674	0.102089	-0.042280	0.569475	0.238869	0.809254	0.951658	1.269596	1.926948	0.520147	0.645977	0.433132	-0.203097	0.495377	-0.433062	0.901194	0.297413	1.047503	0.323016	-0.574374	-0.088596	0.146700	0.760450
1.238006	1.012563	0.073334	0.458053	0.731709	-0.090329	0.313115	0.911828	-0.321925	-0.093266	0.051361	0.476727	0.604771	0.578182	0.166590	0.025995	0.278537	0.849769	0.289625	0.483714	0.418032	1.437242	1.184948	1.012355	0.403401	0.842097	0.468599	0.867904	1.978341	1.837464	1.185837	0.596459	0.999689	1.017301	0.764516	0.741017	0.280454	0.788362	-0.239936	0.104266	0.713687	0.719877	0.912198	0.824697	0.650530	1.409137	0.429835	0.617013	1.235484	1.312108	0.169605	0.038524	1.136963	1.026628	0.490286	0.814648	0.400300	0.109213	1.228244	0.913590	1.123206	1.036714	0.042197	0.267311	0.872927	1.007074	0.267272	0.412866	0.263584	0.340172	0.526135	0.068420	-0.740503	0.314412	0.720419	1.067680	0.261732	0.057971	0.298603	0.280429	-0.586298	-0.213191	0.795223	0.801209	0.277881	0.455795	-0.141074	0.695693	0.397227	0.337501	0.487586	0.594943	0.199692	0.119214	0.964550	1.566062	0.598951	0.420872	0.122872	-0.117949	0.587858	-0.611853	1.749926	0.157820	0.729016	-0.429535	-0.342102	0.446560	0.518626	1.140103
0.031217	-0.003579	0.424605	1.087236	-0.029321	-0.516599	-0.430436	-0.133398	-0.578550	-0.018290	-0.429319	0.264640	0.525530	0.271532	0.112642	-0.032567	-0.118085	-0.018711	-0.252459	-0.247852	0.381235	0.333116	-0.103543	0.014601	-0.353708	-0.555005	0.449636	0.321413	-0.021892	1.399783	0.293569	-0.353822	0.702977	0.447129	0.384129	0.363149	0.155218	0.395314	-0.501158	-0.079868	-0.394233	-0.192633	-0.283886	-0.331680	0.092067	-0.165079	0.139006	-0.283729	0.229347	0.233361	0.472731	0.390102	0.917915	0.693512	0.158031	0.224037	0.561179	0.456997	0.342134	0.122655	-0.014770	-0.070566	-0.403744	-0.457106	0.663191	0.920117	0.518476	0.428112	0.050955	-0.131795	-0.219747	-0.411590	0.622647	0.940017	0.200997	0.870622	-0.004856	0.129670	-0.106461	-0.328626	0.381906	1.167108	0.564569	0.568791	0.055671	0.340435	-0.166418	0.817885	0.388725	0.404548	0.120370	0.630722	-0.540397	-0.608741	0.065735	0.045225	0.791847	-0.167691	-0.149896	0.265778	0.588806	-0.148076	1.336087	0.499068	-0.008684	-0.618165	0.433402	1.160747	0.974281	0.905357
-1.681724	-1.241803	-0.027021	0.729661	-0.757781	-0.540038	-0.928268	-1.240726	-0.737275	-0.095705	-0.689788	-0.277113	0.061507	-0.258908	-0.662284	-0.325292	-0.945749	-1.107950	-0.942088	-1.078109	-0.633964	-1.032061	-1.729810	-1.200664	-1.034920	-1.665265	-0.458853	-0.510067	-2.297377	-0.041770	-0.376368	-0.952545	-0.076256	-0.517871	-0.158950	-0.182922	-0.238183	-0.366551	-0.447036	-0.041251	-1.493288	-1.070261	-1.267697	-1.150534	-0.448866	-1.660110	-0.335738	-0.942108	-1.299963	-1.253705	0.370863	0.465874	-0.489533	-0.438223	-0.741329	-0.893293	-0.119592	-0.006667	-1.218942	-0.911980	-1.231706	-1.169552	-0.668475	-0.758036	-0.743851	0.035770	-0.057327	0.024215	-0.460079	-0.785739	-0.709654	-0.350314	1.203949	0.574695	-0.852595	0.298838	-0.412376	-0.074769	0.129890	-0.585319	0.376155	1.207910	-0.237869	-0.241602	-0.266752	-0.071245	-0.380941	-0.024399	-0.143572	-0.053017	-0.399190	0.187316	-0.912796	-0.877876	-0.747676	-1.567237	0.346258	-1.104886	-0.869705	0.008786	-0.271573	-0.071354	-0.487279	0.501250	-0.960249	-0.793388	0.920527	0.731952	0.310375	-0.169649
-2.934171	-2.065495	-1.171340	-0.758108	-1.481249	-0.952943	-1.314686	-1.935053	-0.831955	-0.771045	-1.052200	-1.280651	-0.817240	-0.912032	-1.502771	-0.833075	-1.750236	-1.869494	-1.424717	-1.441259	-2.255172	-1.717814	-2.517068	-1.892178	-1.396412	-1.838850	-1.768147	-1.148684	-2.961663	-1.549859	-0.504045	-1.245532	-1.043992	-1.316291	-0.896667	-0.843485	-0.933442	-1.293473	-0.653116	-0.416995	-2.047884	-1.544865	-1.713079	-1.417735	-1.025524	-2.301246	-1.161446	-1.359238	-2.461886	-2.267772	-0.711969	-0.219234	-2.547899	-1.853015	-2.014934	-2.059451	-1.521856	-1.327369	-2.301807	-1.622681	-1.872057	-1.755125	-0.670781	-0.858452	-2.460268	-1.315104	-1.136747	-0.211204	-1.365653	-1.515878	-0.962244	-0.413099	0.518182	-0.788129	-2.145980	-0.641250	-1.200529	-1.097692	0.351451	-0.966666	-1.230671	-0.756933	-1.332972	-1.233142	-0.619185	-0.727704	-0.605547	-1.137083	-0.755974	-0.656061	-0.863301	-0.611242	-1.073729	-1.053992	-1.291882	-2.480782	-1.157766	-2.028453	-2.126829	-1.137634	-1.666935	-0.511190	-2.596498	-0.700618	-1.914426	-1.682399	0.330216	-0.767299	-1.299096	-1.801949
-2.795547	-2.072281	-1.829000	-2.163578	-1.784321	-1.700415	-1.377179	-1.866630	-0.503809	-1.467575	-1.195714	-1.925014	-1.434728	-1.270299	-1.162950	-1.007480	-1.659084	-1.820308	-1.102681	-0.913052	-2.842366	-1.424611	-1.859000	-1.704128	-1.133493	-1.125567	-2.252873	-1.049251	-1.714576	-1.959252	-0.397399	-1.295778	-1.498661	-1.396595	-1.328030	-1.255247	-1.218244	-1.768371	-0.908163	-1.099055	-1.684640	-1.448067	-1.511752	-1.211641	-1.398318	-1.968926	-1.906022	-1.665113	-2.407932	-2.088902	-1.911096	-1.139916	-3.493165	-2.605392	-2.542844	-2.364482	-2.365001	-2.242796	-1.958125	-1.556046	-1.630718	-1.646752	-0.348154	-0.880443	-2.824515	-2.020015	-1.416264	0.272614	-1.797260	-1.597048	-0.987261	-0.798751	-0.062350	-1.264094	-2.553225	-1.381886	-1.701213	-2.028825	-0.143575	-1.416859	-2.623650	-2.824849	-1.840489	-1.711643	-0.604384	-1.026633	-0.425376	-1.417626	-0.707155	-0.755763	-0.919627	-1.133721	-1.194389	-1.257496	-1.605324	-2.542564	-2.661802	-2.220959	-2.855125	-2.147493	-2.137908	-0.557743	-3.243878	-2.303405	-2.321254	-2.606209	-1.124704	-1.776539	-2.252472	-2.945137
-1.095079	-1.165842	-1.027720	-2.112868	-0.994669	-1.634624	-0.586695	-0.872453	0.505076	-1.139477	-0.431881	-1.259794	-1.040809	-0.926864	0.421842	-0.436765	-0.379428	-0.821812	0.153193	0.343507	-1.544610	-0.547876	-0.200263	-0.709617	-0.131779	0.063807	-1.511259	-0.370960	0.102858	-1.149688	-0.314607	-0.816084	-0.931505	-0.679260	-0.776277	-0.920354	-0.385439	-1.229190	-0.330479	-1.145052	-0.330829	-0.626508	-0.580955	-0.530545	-1.045885	-0.932909	-1.780619	-1.564970	-1.094524	-0.772043	-1.751771	-1.271157	-2.278049	-2.215289	-1.305017	-1.154371	-1.470103	-1.493818	-0.289094	-0.598388	-0.485946	-0.787442	0.284599	-0.550879	-1.235360	-1.224647	-0.370388	1.039834	-0.887814	-0.441901	-0.517315	-0.822954	0.443853	0.103825	-1.420407	-1.328474	-1.031504	-1.488075	-0.868568	-1.216725	-1.745718	-2.740576	-1.138262	-1.287004	0.081149	-0.476298	0.220885	-0.607207	0.034285	-0.267810	-0.421164	-0.807691	-0.967509	-1.007430	-1.460123	-1.836719	-2.496496	-1.120170	-1.855759	-1.858455	-0.927931	0.216273	-1.699387	-2.410257	-1.548859	-2.030469	-2.194147	-1.235242	-1.522956	-2.577226
1.224398	0.316338	0.786736	-0.595305	0.713811	-0.130083	0.973519	0.699857	1.614512	0.253307	1.079433	0.478479	0.118629	-0.110630	1.745947	0.531516	1.250714	0.614252	1.523880	1.467081	0.449534	0.244160	1.355872	0.650284	1.086363	1.186105	-0.437242	0.049520	1.035308	-0.126507	-0.161998	0.293572	0.268625	0.246137	0.588626	0.110116	1.122964	0.088520	1.147932	-0.094168	1.431707	0.786781	0.821809	0.528293	0.090064	0.339125	-0.534607	-0.598627	0.506342	0.709254	-0.071126	-0.427862	0.012687	-1.148468	1.167356	1.080112	0.732021	0.613449	1.554039	0.782149	1.122162	0.555525	0.916991	0.248498	1.031098	0.501640	0.929180	1.027226	0.905671	1.348878	0.469544	0.014256	1.077789	1.539645	0.424568	-0.601848	0.582196	0.466646	-0.790439	-0.038293	0.926683	-0.597119	0.277087	-0.338658	1.001467	0.488010	0.799046	0.418831	0.561782	0.144521	0.247774	0.073653	-0.064896	0.019084	-0.575742	-0.487013	-0.383205	0.968155	0.546484	-0.352259	0.867886	0.966544	0.831823	-0.412514	0.283545	0.324048	-1.744070	0.127651	0.041634	-0.787585
2.751384	1.677785	2.079978	1.040809	2.049774	1.834413	2.247834	1.996454	1.723252	1.496910	2.138717	1.982525	0.869294	0.395609	1.463350	1.103989	2.050618	1.558933	1.882999	1.528841	1.350986	0.546748	1.955076	1.704853	1.614801	1.691757	0.156214	-0.114587	0.800568	0.265659	0.141325	1.440300	1.027110	0.597263	1.611110	1.068265	1.905768	1.168410	2.264076	1.253515	2.520988	2.104922	1.939765	1.507444	1.247709	1.287089	1.145068	1.125901	1.289203	1.282652	1.593656	0.444203	1.374915	-0.215107	2.960237	2.824477	2.420005	2.370318	2.319256	1.716517	2.255118	1.649050	1.059210	1.064567	2.121422	1.579690	1.142092	-0.104065	2.052896	2.301580	1.354193	1.141707	0.429919	0.850660	1.525846	0.110439	1.847570	2.194458	0.143860	1.404029	2.851041	1.458021	1.164733	0.321240	1.174047	0.815875	0.730211	0.693861	0.093902	-0.115513	0.443551	0.505607	1.190736	1.356218	0.813598	1.115380	2.025604	2.837719	2.542259	1.217054	1.545078	0.700674	2.325730	2.048420	2.097058	2.783557	0.041504	0.867828	0.843897	1.212545
2.751388	2.264176	1.659125	1.449619	1.831341	2.636023	2.144108	2.259508	0.438773	1.436709	1.761698	2.199042	0.366845	0.066263	-0.045444	0.834893	1.627433	1.406859	0.906497	0.386581	0.866099	0.468903	1.545857	1.880825	1.035991	1.307402	0.642649	-0.049797	0.151707	0.220930	0.273960	1.739082	0.609134	0.123380	1.276807	1.146035	1.077170	1.107074	1.792327	1.637193	2.222517	2.460654	2.018773	1.792318	1.452351	1.490570	2.179793	2.709436	1.057034	0.803660	1.621739	0.344750	1.169196	0.320078	2.633174	2.824960	2.151149	2.326292	1.692791	1.589385	2.088472	1.772961	0.459249	1.222235	1.435164	1.082939	0.285308	-1.381085	1.515884	1.567544	1.356108	1.433760	-1.175738	-1.307979	1.345017	0.296340	1.745173	2.218522	0.772875	1.943388	2.356894	1.712426	0.753607	0.210189	0.078703	-0.004951	-0.032181	0.126148	-1.060186	-0.874398	-0.114914	-0.123515	1.966963	2.154293	1.918707	2.286700	2.752285	3.301910	2.649151	1.919767	0.689201	-0.416055	1.977920	2.814150	2.772394	3.431326	1.786401	0.514530	0.394427	2.218107
1.617874	1.839912	-0.324439	0.364841	0.260774	1.685429	0.691291	1.421260	-1.323658	0.090808	0.237480	1.124985	-0.981012	-0.811476	-1.321244	-0.088101	0.453549	0.330475	-0.673052	-1.166409	0.133628	0.341884	0.638797	1.059264	-0.150660	0.279208	1.691345	1.031149	-0.171479	0.335881	-0.215979	0.872531	-0.662151	-0.699667	-0.232303	0.246977	-0.749399	-0.042608	0.006369	0.633241	0.853069	1.547299	0.979800	1.106548	0.424116	0.916416	1.956553	3.093747	0.431897	0.018526	-0.071585	-0.752797	0.492996	0.786011	0.618464	1.201930	0.167367	0.537857	0.412597	0.538630	0.710685	0.887914	-0.635655	0.490441	-0.118306	-0.399719	-0.529997	-1.572264	-0.292343	-0.237944	0.340241	0.415157	-2.075282	-2.082789	0.475830	-0.056926	0.416265	0.635712	0.101594	1.050375	0.169074	0.299369	-0.591409	-0.499095	-1.667972	-1.369777	-1.128536	-0.726720	-1.913395	-1.494917	-1.057896	-1.313529	1.727239	1.986060	1.988356	2.466659	1.317481	2.210143	1.082535	1.679509	-0.720677	-1.391987	0.778230	1.396583	2.134224	2.021431	2.254705	-0.349399	-0.511077	1.989107
0.266247	0.662595	-2.583486	-1.450750	-1.309209	-0.169465	-0.963173	0.073803	-2.211185	-1.611044	-1.271420	-0.537803	-1.973515	-1.448641	-1.636263	-1.167395	-0.859081	-0.975806	-1.843526	-2.108601	-0.044269	0.245347	-0.260576	-0.320557	-1.076704	-0.782046	2.828311	2.465926	-0.129897	0.586493	-1.238928	-0.617141	-1.744484	-1.162124	-1.765210	-0.974525	-2.109632	-1.335294	-1.612837	-1.027633	-0.574982	-0.059554	-0.501443	-0.225118	-1.157434	-0.074771	0.716037	1.943627	-0.102143	-0.443849	-2.108794	-1.994727	0.456478	1.373698	-1.376203	-0.768641	-2.009235	-1.699865	-0.547137	-0.700100	-0.867571	-0.326759	-1.618812	-0.690316	-1.353516	-1.598314	-0.645829	-0.633994	-2.080465	-1.800483	-1.030553	-1.262362	-1.533654	-0.240744	-0.385933	-0.709097	-1.201486	-1.224864	-1.478979	-0.700243	-1.921320	-1.542709	-1.817179	-1.260848	-2.784641	-2.180316	-2.170567	-1.413143	-1.908945	-1.608835	-1.655015	-1.977775	0.694482	1.049046	0.906545	1.614281	-1.064420	0.517928	-0.745357	0.804857	-1.681868	-1.667396	0.068028	-0.830207	0.879791	-0.072641	1.385738	-1.153814	-1.072595	1.119225
-0.656867	-0.637570	-3.698589	-2.857285	-1.750285	-1.626044	-1.653253	-1.018477	-1.765431	-2.742955	-1.911368	-1.978118	-1.791803	-1.272267	-1.492902	-1.908969	-1.862343	-1.788832	-2.088079	-1.967101	-0.015244	0.037859	-0.850176	-1.475188	-1.308516	-1.337057	2.830458	2.727255	-0.114746	0.445365	-2.015302	-1.820225	-1.824286	-0.908617	-2.310514	-1.702823	-2.121029	-1.775488	-1.933049	-2.225299	-1.250807	-1.310045	-1.534933	-1.454568	-2.202854	-0.939495	-0.690855	-0.033756	-0.571407	-0.618258	-2.994858	-2.458503	0.897208	1.711164	-2.045225	-1.810209	-2.937155	-2.981473	-0.743272	-1.361157	-1.598790	-1.080442	-1.925307	-1.591422	-1.786177	-1.815395	-0.446872	0.252118	-2.814891	-2.358610	-1.886582	-2.445706	-0.574733	2.129909	-1.031006	-1.364280	-2.162772	-2.110269	-2.550085	-2.107089	-2.923139	-2.698648	-2.063493	-1.526466	-2.449082	-1.854802	-2.692211	-1.730497	-1.228584	-1.238849	-1.348731	-1.509141	-0.478941	-0.207108	-0.677258	0.238919	-2.683597	-0.643897	-1.655555	-0.388839	-1.917959	-1.479794	0.073529	-2.173588	-0.249798	-1.385306	0.048487	-1.727901	-1.205053	0.282088
-0.939066	-1.295375	-3.052043	-2.932431	-1.036519	-1.936572	-1.140554	-1.335388	-0.692657	-2.832326	-1.690466	-2.511233	-0.558918	-0.272374	-1.455540	-1.910764	-2.036453	-1.613165	-1.450326	-0.967869	-0.289996	-0.176585	-0.881122	-1.701060	-0.983201	-1.194376	1.466102	1.398530	-0.246186	-0.193879	-1.758888	-2.096823	-0.873070	-0.061587	-1.712638	-1.527631	-1.080631	-1.067371	-1.115145	-2.322299	-1.039384	-1.457462	-1.593315	-1.862755	-2.006376	-1.194707	-1.369054	-1.598202	-0.906154	-0.663610	-2.200119	-1.732842	1.008676	1.362811	-1.334576	-1.493465	-2.153028	-2.627419	-0.293366	-1.083940	-1.216193	-1.020963	-1.400543	-1.754691	-1.484484	-1.183531	-0.486948	0.075011	-2.210825	-1.978837	-1.772678	-2.422259	-0.434545	2.256649	-1.325899	-1.636084	-1.925004	-1.679294	-2.050513	-2.248209	-2.866818	-2.587696	-1.145352	-0.914089	-0.912569	-0.642995	-2.061853	-1.401580	-0.194877	-0.390525	-0.114696	-0.173376	-1.269923	-1.339691	-1.715606	-0.860330	-2.534366	-0.925774	-1.413476	-1.347888	-1.457029	-1.159475	0.178441	-1.961221	-0.979577	-1.450261	-0.906346	-1.832419	-1.043128	-0.201492
-0.591253	-0.865886	-1.101894	-1.439558	0.108513	-1.138366	-0.067279	-0.793359	0.079529	-1.814986	-1.074997	-1.814565	1.016993	1.126511	-1.262872	-1.038447	-0.987254	-0.375960	-0.259990	0.312508	-0.560605	-0.003639	-0.225409	-0.848247	-0.369586	-0.488104	-0.053591	-0.272119	-0.180022	-0.750568	-0.458041	-1.376302	0.532389	1.002116	-0.500971	-0.610929	0.169193	0.314291	-0.120361	-1.438558	-0.294082	-0.600927	-0.749896	-1.237011	-0.703223	-0.676630	-0.947311	-1.904574	-0.595084	-0.324033	-0.273140	-0.034443	0.588236	0.572068	0.029965	-0.235696	-0.183691	-0.881852	0.499991	-0.030949	-0.218446	-0.317775	-0.404360	-1.249550	-0.577007	-0.118338	-0.716893	-0.901341	-0.583777	-0.980654	-0.837096	-1.347570	-1.004331	-0.004961	-0.927225	-1.194685	-0.546348	-0.442555	-0.210995	-1.120479	-2.002658	-1.182948	0.473649	0.581109	0.871503	0.815156	-0.065055	-0.207387	1.060169	0.976452	1.485775	1.334426	-1.468342	-1.915980	-1.477905	-1.052660	-0.771484	-0.797195	-0.440161	-1.353963	-0.317529	-0.665749	0.144144	-0.657934	-1.334863	-0.689320	-1.200624	-1.117524	-0.480908	-0.288286
0.144586	0.299536	1.050336	0.872239	0.989043	0.155906	0.746505	0.167490	0.322602	-0.050976	-0.415495	-0.327465	2.150211	2.245721	-0.425825	0.300841	0.817537	1.293524	0.938890	1.288471	-0.192620	0.611549	0.759481	0.461760	0.365006	0.417322	-0.618344	-1.027200	0.311006	-0.690448	1.052801	-0.156628	1.634628	1.774013	0.604006	0.436321	1.057722	1.530659	0.344550	-0.200384	0.475284	0.428288	0.376962	-0.096883	0.806420	0.222416	0.119935	-1.125647	0.589441	0.615933	1.611815	1.820721	0.140929	0.148340	1.300849	1.121672	1.851970	1.263060	1.298302	1.186772	0.698192	0.521870	0.426436	-0.521056	0.725116	1.013813	-0.753140	-1.541919	1.325174	0.349557	0.302232	-0.009928	-1.192872	-2.297819	0.181246	-0.149087	1.154078	0.736127	1.665925	0.385690	-0.557898	0.823392	1.921586	2.280060	2.015134	1.924104	2.364974	1.429351	2.213588	2.444211	2.539799	2.378334	-1.127885	-1.694356	-0.225227	-0.387591	1.454072	-0.763262	0.643978	-0.328829	1.125011	0.085869	0.324628	0.743794	-1.329824	0.187770	-1.009816	0.243493	0.463780	-0.094352
0.698863	1.137955	2.388837	2.572506	1.239223	1.025630	0.869324	0.716852	0.412897	1.605874	0.159276	0.821355	2.201281	2.331189	0.776203	1.257338	1.999619	2.203253	1.448550	1.551436	0.663736	1.013026	1.228227	1.199760	0.953734	0.997599	-0.524679	-1.052456	0.759488	-0.197822	1.741381	0.740173	1.786205	1.675324	0.999287	0.856246	1.384250	1.836668	0.267155	0.679838	0.769902	0.751304	0.938653	0.616879	1.432310	0.686093	0.819167	-0.252049	1.823573	1.583573	2.281510	2.680183	0.000321	0.471710	1.955617	1.719378	2.773520	2.542209	1.654049	1.762593	1.061175	0.887323	0.631097	-0.038851	1.849342	1.752694	-0.416718	-1.101737	2.533881	1.524700	0.887914	0.754671	-0.373654	-2.655677	1.218112	0.889420	1.966672	1.177442	2.244372	1.177487	0.943979	2.197748	2.324123	2.989171	2.124382	2.205791	3.552048	2.434038	2.570123	3.056436	2.308036	2.503908	-0.604315	-0.983329	0.842982	0.326204	2.649716	-0.766769	1.221641	0.771953	2.032484	0.871397	0.702509	1.351998	-0.969232	0.588269	-0.612038	1.399998	1.274087	0.067118
0.515499	0.744119	2.503693	2.606107	0.776725	0.750372	0.378136	0.208823	0.583195	2.174014	0.531100	0.719799	0.983452	1.069993	1.428914	1.199466	1.522355	1.539191	0.886925	1.040805	1.038386	0.491499	0.576356	0.757032	0.970550	0.810418	-0.778165	-1.270997	0.364763	0.043876	1.174958	0.717506	0.786809	0.471337	0.454944	0.269142	1.037256	0.998592	-0.022079	0.786239	0.314178	0.124912	0.461506	0.330586	0.735239	0.175499	0.428841	-0.177552	1.809970	1.518985	1.326670	1.876949	-0.122916	0.861759	1.713653	1.113158	2.056543	2.229142	1.176973	1.204464	0.725661	0.417712	0.263884	-0.008320	2.045569	1.559082	0.216412	0.109623	2.381527	1.939087	0.558224	0.634719	0.956078	-1.388118	1.208230	1.316515	1.333315	0.803174	1.237553	0.867207	1.786867	2.074997	1.410011	1.999345	1.323000	1.442372	2.614165	2.038795	1.715572	2.196388	0.844280	1.568098	-0.436015	-0.532340	0.653552	0.232366	2.037659	-0.477076	0.915664	0.903756	1.818697	1.335477	0.489355	0.856387	-0.441868	0.283985	-0.161084	1.637764	1.361889	-0.193636
-0.318361	-0.667597	1.681918	1.256864	-0.114544	-0.480754	-0.279798	-1.097415	0.614326	1.358467	0.545403	-0.391830	-0.813132	-0.825599	1.078285	0.373059	-0.065778	-0.158166	-0.268065	0.147610	0.338305	-0.716617	-0.784507	-0.447113	0.278393	-0.056977	-1.556094	-1.762650	-0.928889	-0.349102	-0.110253	-0.035932	-0.754826	-1.188048	-0.597868	-0.861145	0.096638	-0.417387	-0.295995	0.233676	-0.614659	-0.902097	-0.621013	-0.558343	-0.592088	-0.898937	-0.709331	-0.841545	0.308343	0.159289	-0.432448	0.051625	-0.607131	0.324397	0.748391	-0.296265	0.357484	0.781524	0.002753	-0.141957	-0.069250	-0.605856	-0.201035	-0.282665	1.086239	0.372762	0.941944	1.190861	1.187500	1.506202	-0.249945	0.056939	1.827108	-0.147550	0.130450	1.080462	0.020083	0.175151	-0.321226	0.098405	1.660887	0.793461	-0.126488	0.025304	0.157850	0.068409	0.459128	0.656840	0.192622	0.449078	-0.863848	0.039897	-0.801007	-0.746768	-0.570468	-0.639169	0.301824	0.042611	-0.062427	0.181475	0.809277	1.317522	-0.817497	-0.244399	-0.120054	-0.413456	0.329206	1.115111	0.746609	-0.918276
-0.980683	-1.784110	0.661590	-0.104362	-0.754160	-1.466895	-0.538805	-2.010618	0.352081	0.014417	0.258545	-1.279518	-1.874361	-1.932443	0.337490	-0.230832	-1.088415	-1.287006	-0.905723	-0.472707	-0.764393	-1.463859	-1.615958	-1.249787	-0.552319	-0.816574	-2.013707	-1.715607	-2.020398	-0.981092	-0.998125	-0.617452	-1.665004	-2.036582	-1.216021	-1.473885	-0.832741	-1.311336	-0.427061	-0.387815	-1.189731	-1.415527	-1.204913	-1.002108	-1.263087	-1.454302	-1.417084	-1.301657	-1.284063	-1.305591	-1.510329	-1.228787	-1.243860	-1.052768	-0.209392	-1.357418	-0.893734	-0.473934	-1.033575	-1.171580	-0.703512	-1.304171	-0.328901	-0.488702	-0.262810	-0.926826	1.405815	1.526541	0.128396	0.906999	-0.622509	-0.203567	1.805831	0.087380	-0.874452	0.641787	-0.607625	-0.016968	-1.038571	-0.162088	0.966393	-0.400971	-1.101715	-1.275039	-0.617253	-0.875738	-1.018244	-0.484039	-0.864852	-0.816487	-1.614465	-1.087155	-1.138548	-1.121916	-1.459468	-1.336590	-0.942374	0.327061	-0.901218	-0.299081	-0.066771	0.928226	-2.369827	-0.988573	-0.217930	-0.814273	0.792393	0.553573	0.029194	-1.572386
-0.715201	-1.452093	0.169628	-0.396883	-0.551577	-1.068172	-0.107616	-1.483574	0.198197	-0.510809	0.073607	-0.968767	-1.445288	-1.457911	0.210329	0.137485	-0.580858	-0.786712	-0.357421	-0.359927	-1.000355	-0.941781	-1.040313	-0.825962	-0.625726	-0.596070	-1.529415	-0.853368	-1.715807	-1.094605	-0.770625	-0.277915	-1.252710	-1.419478	-0.782714	-0.937347	-0.897682	-0.984046	-0.193178	-0.429581	-0.718206	-0.865186	-0.604300	-0.407152	-0.674743	-0.880760	-0.920919	-0.798492	-1.318460	-1.352077	-1.115225	-1.024552	-1.397476	-1.938672	-0.383359	-1.129112	-0.772117	-0.564296	-1.040745	-0.968174	-0.571464	-0.949272	-0.068536	-0.304970	-0.759610	-1.131239	1.275184	1.159281	0.118390	0.823460	-0.124639	0.210883	1.280663	-0.307292	-0.706597	0.425765	-0.069432	0.368802	-0.555700	0.285971	0.453666	-0.569611	-0.907108	-0.996630	-0.515912	-0.663847	-0.735696	-0.583800	-0.813983	-0.813177	-1.029844	-1.082628	-0.722176	-0.815669	-1.059860	-1.078620	-0.732067	0.188696	-0.807396	0.054484	-0.187916	0.482044	-2.650100	-0.796238	-0.473221	-0.442586	0.945891	0.364257	-0.261525	-1.534462
0.259598	-0.005061	0.364968	0.130764	0.298970	0.452033	0.685290	0.132280	0.643962	0.240481	0.340269	0.185450	-0.176694	-0.128864	0.913943	1.120676	0.663599	0.666993	0.819890	0.369978	-0.034171	0.303682	0.448233	0.422001	0.282343	0.548912	-0.537352	-0.041461	-0.159036	-0.530385	0.191960	0.723277	-0.081854	-0.087383	0.268343	0.226007	0.074594	0.124582	0.528141	0.248920	0.528127	0.361898	0.593808	0.645582	0.435741	0.239613	0.188653	0.267332	0.168541	0.041334	0.115241	0.032836	-0.859628	-1.373605	0.209273	0.042827	0.234902	0.195119	-0.071524	0.169284	0.256851	0.201126	0.334902	0.253888	0.012754	-0.109926	0.658262	0.511082	0.811915	1.044095	0.658308	0.849294	0.880435	-0.501606	0.399861	0.403226	0.749923	0.799878	0.196055	0.680761	0.520479	0.074499	-0.040566	0.093863	0.243222	0.269382	0.659841	0.064039	-0.026820	-0.019042	0.162038	-0.203059	0.296575	0.180217	-0.021937	-0.253573	0.271569	-0.041393	0.142615	0.532543	0.254591	0.332334	-1.308497	-0.045934	-0.429313	0.399082	0.536835	0.320940	-0.118970	-0.872133
0.862448	0.951659	0.639787	0.384315	0.873755	1.508761	1.063960	1.234237	1.368889	1.270613	0.773781	0.851304	0.618474	0.658105	1.619712	1.593338	1.150641	1.415536	1.413569	1.094771	1.058183	0.929837	1.364969	1.208542	1.313290	1.477721	0.090250	-0.094491	1.207775	-0.054442	0.856767	1.319354	0.663847	0.654405	0.893707	0.938735	1.177264	0.899871	1.327720	1.083397	1.395101	1.138115	1.091344	1.023557	0.870823	0.792065	0.554233	0.669904	1.385912	1.176034	0.908054	0.657894	-0.273485	-0.152432	0.617375	0.713371	0.788624	0.629589	0.758771	0.916504	0.942627	1.043145	0.631190	0.792062	0.975879	0.776024	0.095212	-0.022107	1.032711	0.746919	0.778831	0.952152	0.791035	-0.192375	1.126205	0.251961	0.747232	0.680862	0.270726	0.305504	0.775876	0.555902	0.541431	0.639297	0.902903	0.800364	1.605985	0.649397	0.648810	0.579177	0.925395	0.608197	0.855992	0.844403	0.193376	-0.015441	0.625074	-0.186616	0.823885	0.147083	0.577713	0.523778	0.234399	0.301586	-0.165802	0.744710	-0.176916	0.031946	0.094326	-0.344448
0.360553	0.362366	0.295248	-0.136885	0.546658	0.965087	0.586104	0.725043	1.416571	1.310372	0.667674	0.262564	0.498247	0.469246	1.481585	0.983434	0.522301	0.763727	0.946022	1.244292	1.093832	0.357807	0.823000	0.776463	1.436059	1.199947	0.086081	-0.626733	1.255669	-0.401559	0.739986	0.856758	0.567934	0.479205	0.683574	0.841561	1.359986	0.823192	1.463178	1.344989	1.048381	0.706360	0.415472	0.396723	0.412463	0.420450	-0.300060	-0.175451	0.922022	0.643714	0.767786	0.494308	-0.399054	0.132735	0.027194	-0.017715	0.239341	0.112287	0.504388	0.424300	0.782539	0.829593	0.716064	0.883536	0.723908	0.270479	-0.073850	-0.236754	0.294198	-0.262557	0.098482	0.360198	0.724096	0.316810	0.682748	-0.129279	-0.047388	0.057894	-0.114718	-0.550235	0.496515	0.312199	0.489260	0.357167	0.934798	0.470798	1.257405	0.807534	0.755226	0.612916	0.904564	0.768764	0.304514	0.381731	-0.767027	-0.810390	-0.165220	-0.610302	0.170136	-0.909218	0.366775	0.655991	0.429370	-0.240937	-0.342829	-0.060973	-0.502147	-0.482421	0.098048	-0.466600
-0.659656	-0.934403	-0.444925	-0.707976	-0.200279	-0.423286	-0.258093	-0.606473	0.545207	0.448408	-0.055535	-0.793310	0.193273	0.108827	0.700809	-0.001789	-0.160033	-0.271421	0.175746	0.855292	0.260154	-0.573635	-0.406264	-0.200331	0.690265	0.138138	-0.116183	-0.713490	0.390155	-1.165550	0.361716	-0.062779	0.284647	0.193224	0.275068	0.546287	0.676916	0.446389	0.792764	0.951627	-0.005293	-0.368876	-0.486267	-0.374968	-0.044195	-0.154056	-1.294959	-1.345493	-0.502564	-0.832884	0.326043	0.268853	-1.035783	-0.697855	-1.043779	-1.256969	-0.614011	-0.664844	-0.400094	-0.604392	0.109688	0.053070	0.625598	0.536771	-0.554710	-1.005237	-0.051935	-0.150657	-0.525872	-1.068398	-0.516363	-0.263832	0.436351	0.586436	-0.236642	-0.427016	-0.604501	-0.406538	-0.088496	-0.946283	-0.269236	-0.161214	0.266361	0.086156	0.564420	-0.054655	0.264213	0.800368	0.510420	0.459211	0.547363	0.556728	-0.630746	-0.642221	-1.619624	-1.668276	-1.082009	-1.387518	-1.315187	-1.429034	-0.079935	0.389206	-0.487588	-1.057535	-1.108999	-1.376779	-0.125501	-0.768930	-0.028444	-0.849618
-0.905640	-1.213155	-0.587766	-0.415906	-0.377390	-0.902804	-0.528956	-1.020234	-0.228500	-0.049596	-0.496704	-0.923991	0.325099	0.245226	0.212172	-0.271956	0.009309	-0.394114	0.017987	0.448935	-0.209824	-0.693149	-0.792406	-0.465522	0.093517	-0.367458	-0.097072	-0.258066	-0.122412	-1.213466	0.349690	-0.316849	0.389178	0.363881	0.319932	0.570233	0.141202	0.440898	0.121896	0.508962	-0.483773	-0.774991	-0.502442	-0.395553	0.151889	-0.158798	-1.141637	-1.431730	-1.005334	-1.286992	0.286159	0.468018	-1.151454	-1.133439	-1.203066	-1.333264	-0.586082	-0.612671	-0.676069	-0.805665	-0.141034	-0.224293	0.454418	0.170868	-1.118539	-1.256857	-0.098118	0.020658	-0.404552	-0.784605	-0.335504	-0.272938	0.079860	0.442179	-0.447163	-0.321973	-0.301445	-0.239640	0.443006	-0.523163	-0.531960	-0.042413	0.337736	0.344921	0.353546	-0.034043	-0.144369	0.880730	0.352531	0.454499	0.360504	0.483055	-0.749122	-0.955639	-1.157246	-1.376101	-0.922329	-1.638552	-1.798034	-0.803770	-0.164520	-0.035112	-0.877883	-1.091706	-1.468396	-1.709994	0.401589	-0.482354	-0.011924	-0.751982
-0.030326	-0.107458	0.168357	0.468050	0.156950	-0.024772	-0.012160	-0.087336	-0.007610	0.368942	-0.033794	-0.000545	0.469408	0.445465	0.362934	0.223356	0.529967	0.261573	0.324215	0.305933	0.274492	0.058928	0.042726	0.183878	0.247722	0.164152	0.124716	0.046915	0.237427	-0.235707	0.520310	0.236678	0.525927	0.512378	0.498593	0.586419	0.295047	0.624767	0.130408	0.417352	0.049834	-0.107387	0.158284	0.104424	0.489478	0.253918	-0.070666	-0.335632	-0.014850	-0.135990	0.427944	0.567881	-0.245813	-0.155129	-0.096493	-0.064019	0.254005	0.214270	0.051638	0.009738	0.249248	0.202233	0.211029	0.037807	-0.082648	-0.029655	-0.076300	0.060807	0.322348	0.160859	0.214140	0.086188	-0.013215	0.092174	0.149837	0.066715	0.264494	0.193190	0.554249	0.035478	0.171625	0.569907	0.510460	0.619255	0.371832	0.313384	0.268507	0.853812	0.334665	0.418573	0.287121	0.503349	-0.028235	-0.284640	0.061284	-0.146187	0.089854	-0.639762	-0.489739	0.176148	0.147785	-0.182192	0.021342	-0.234548	-0.561978	-0.585679	0.372551	0.111094	0.167686	-0.063888
0.817641	0.909867	0.822176	0.793845	0.463756	0.743728	0.433215	0.741527	0.615305	0.719109	0.556709	0.588520	-0.083956	-0.015415	0.437370	0.477398	0.292751	0.465535	0.207504	0.132728	0.970417	0.639131	0.887332	0.674973	0.575320	0.731199	0.328049	-0.141280	0.787639	0.764505	0.273354	0.554724	0.074313	0.010216	0.038574	0.064079	0.497601	0.385839	0.316135	0.309891	0.624621	0.557505	0.313199	0.184225	0.122009	0.345731	0.462672	0.583316	1.074495	1.023948	0.031299	-0.067414	0.919736	1.346359	0.866119	0.860772	0.637292	0.631581	0.732011	0.606053	0.477240	0.463300	-0.201923	-0.092663	1.157415	1.057341	0.178313	-0.007082	0.393826	0.523185	0.114766	-0.008584	0.219493	-0.128582	0.591894	0.352062	0.130332	0.100064	-0.350632	-0.060247	0.808967	0.723604	0.328465	0.345775	0.148229	0.213707	0.547073	0.495535	0.120360	0.095976	-0.046646	0.205947	0.384806	0.280554	0.473999	0.591855	0.510776	0.730880	0.971731	0.482262	0.222611	-0.158109	1.035239	0.352732	0.794681	0.567692	-0.060564	0.333573	0.171763	0.638133
0.454485	0.535952	0.523928	0.247408	-0.175397	0.091721	-0.034475	0.145711	0.408407	0.084259	0.098680	-0.161333	-1.115878	-0.920118	-0.221137	-0.134957	-0.742265	-0.278563	-0.589310	-0.361334	0.997781	0.266819	0.613290	0.204804	0.275048	0.303021	0.402340	-0.485994	0.737886	0.789320	-0.405689	-0.101814	-0.805708	-0.846773	-1.051610	-0.798630	-0.028018	-0.246321	-0.259791	-0.264501	0.202747	0.110935	-0.516171	-0.462433	-0.823738	-0.141676	-0.184297	0.352553	0.877360	0.631495	-0.921637	-1.045305	1.296741	1.974895	0.355437	0.174812	-0.074586	0.050358	0.402002	0.080052	-0.060327	-0.065823	-0.735514	-0.447458	0.865401	0.565666	0.388581	-0.009765	-0.537306	-0.063973	-0.767749	-0.765481	0.452285	-0.204552	0.309562	0.387462	-0.689281	-0.682821	-1.551587	-0.657487	0.310753	0.103916	-0.126919	-0.081216	-0.504191	-0.500297	0.046837	0.158344	-0.392265	-0.273111	-0.652866	-0.383100	-0.116516	-0.143698	-0.287016	0.147078	-0.406107	0.862740	0.631670	0.285195	-0.280590	-0.391640	0.736446	-0.278014	1.000154	0.212475	-0.091622	-0.096845	-0.169175	0.899337
-0.738969	-0.619613	-0.079092	-0.079747	-1.218781	-1.210191	-1.066999	-1.201003	-0.603513	-0.771549	-1.124366	-1.393528	-1.654213	-1.350328	-1.089266	-0.962208	-1.398628	-1.039188	-1.262468	-0.865029	0.576639	-0.621552	-0.343285	-0.616388	-0.429483	-0.707176	0.360584	-0.648420	0.192173	0.117292	-0.897061	-1.046997	-1.325177	-1.242375	-1.836529	-1.271904	-0.921116	-0.590593	-1.364554	-0.927609	-0.863491	-1.007379	-1.442524	-1.121423	-1.362962	-0.682995	-0.901032	-0.300024	-0.178903	-0.701086	-1.540069	-1.344885	0.809670	1.732278	-0.958525	-1.147198	-0.901469	-0.588723	-0.458354	-0.855884	-0.805555	-0.803426	-1.030646	-0.708353	-0.450857	-0.739438	0.182965	0.040998	-1.338132	-0.625703	-1.373085	-1.354395	0.333443	-0.426310	-0.166720	0.344939	-1.195176	-1.370891	-1.852400	-0.910045	-0.605968	-0.310274	-0.279808	0.086761	-1.053483	-1.141550	-0.541508	0.453584	-0.731043	-0.212215	-1.066067	-0.676223	-0.710917	-0.944401	-0.920360	-0.507185	-1.567167	-0.269427	-0.886518	0.571822	-0.767903	-0.780457	-0.503186	-1.406826	0.015362	-1.047494	0.540481	-0.624626	-0.440236	0.832197
-1.267186	-0.901841	0.136768	0.678407	-1.522862	-1.257533	-1.448385	-1.465260	-1.086283	-0.377780	-1.527465	-1.456764	-1.224882	-0.968962	-1.055613	-0.938007	-0.862934	-0.790685	-1.018685	-0.826412	0.562547	-0.945417	-0.680945	-0.624449	-0.588226	-1.001026	0.266429	-0.580088	-0.191340	-0.152815	-0.827836	-1.017772	-1.067085	-0.974720	-1.564350	-1.028489	-1.077148	-0.341085	-1.642543	-0.823894	-1.251698	-1.287201	-1.379777	-1.027886	-0.938782	-0.692225	-0.338434	-0.025609	-0.583581	-1.075422	-1.161001	-0.711749	0.224284	1.573602	-1.294036	-1.203869	-0.633608	-0.178062	-0.678723	-0.877678	-0.776671	-0.733396	-0.759941	-0.374098	-0.756212	-0.982516	-0.263467	-0.063273	-0.931275	-0.266305	-0.815516	-0.921732	-0.081903	-0.774881	-0.106004	0.336306	-0.699073	-1.128792	-1.108526	-0.395958	-0.369592	0.333545	0.083633	0.687233	-0.932663	-1.062704	-0.241555	1.225934	-0.435527	0.230087	-0.942227	-0.336893	-0.342793	-0.826539	-0.333058	-0.177730	-1.322207	-0.863868	-1.081840	1.538570	-0.486482	-0.704520	-1.014118	-1.372213	-0.414862	-1.122002	1.107782	-0.448676	-0.136569	0.741493
-0.399932	0.241154	0.932554	1.681221	-0.757507	0.473676	-0.539174	-0.000218	-0.288589	1.238374	-0.338418	-0.042204	-0.401197	-0.436477	0.028917	0.031702	0.240248	0.214314	-0.105101	-0.276134	1.139058	-0.267217	0.039432	0.316320	0.102277	-0.113088	0.223633	-0.204580	-0.160565	0.481832	-0.511645	0.188013	-0.412603	-0.617187	-0.531252	-0.474200	-0.189887	-0.021397	-0.452562	0.167928	-0.361745	-0.065205	-0.352769	-0.275355	-0.058731	-0.184002	1.240792	1.231242	0.228750	0.155154	-0.256390	-0.043482	0.127022	1.693074	-0.192472	0.255903	0.415944	0.884422	-0.048400	0.144355	0.060015	0.203396	-0.129911	0.405803	0.534297	0.271607	-0.370884	-0.312735	0.277656	0.605906	0.411882	0.258386	-0.362327	-0.677131	0.412083	0.240945	0.316144	-0.065181	-0.379750	0.421077	0.996470	1.335889	0.409823	0.707119	-0.381345	-0.413669	0.643589	1.349084	0.178717	0.363773	-0.522731	0.140344	0.832189	0.453837	0.887956	0.889280	0.413221	0.312717	0.948783	2.154138	0.343548	0.015467	-0.118428	0.290031	0.837095	0.725428	0.834477	0.486768	0.528434	0.681958
1.021626	1.706317	0.982920	1.370725	0.276252	2.424720	0.951224	1.893780	0.886734	2.380445	1.326100	1.489952	-0.051668	-0.476401	1.018598	0.957313	0.694172	0.852508	0.523376	0.110184	1.599107	0.752303	1.027640	1.198152	0.843020	1.048098	0.307410	0.520117	-0.049188	1.405812	-0.424010	1.465489	-0.027155	-0.661456	0.290526	-0.196097	0.716307	-0.229927	1.110458	1.119496	0.975050	1.636523	0.668095	0.404903	0.408363	0.371243	2.276173	2.154557	1.287788	1.678747	0.120386	-0.240379	0.498758	1.387964	0.993971	1.594040	0.848242	1.216537	0.530264	1.039072	0.715804	1.016253	0.213763	0.808988	1.757441	1.539305	0.070847	-0.319009	0.972971	0.884732	0.997638	0.997367	-0.235786	0.225186	0.724636	-0.039906	0.784570	0.878502	-0.562575	0.824421	1.744475	1.308454	0.044622	-0.356912	-0.212079	0.095756	0.827455	-0.010749	0.262396	-0.335658	-0.355329	-0.047193	1.740034	1.783822	1.374373	1.469975	1.967776	2.279004	3.196701	1.546640	0.714140	0.717398	1.019033	2.109557	2.726058	2.803379	-0.130803	1.308591	0.764803	0.535230
1.712086	2.194116	-0.154258	-0.374479	0.666910	2.798972	1.723364	2.537182	1.048808	1.783239	1.852549	1.806987	-0.376574	-0.962291	0.822000	0.903131	0.193265	0.534409	0.304064	-0.177162	1.344934	1.131158	1.415221	1.188005	0.762088	1.343801	0.460930	1.187055	-0.119243	1.703648	-0.600037	1.709936	-0.196396	-0.948294	0.275370	-0.362660	0.511754	-0.824209	1.463411	1.110070	1.525000	2.288771	0.928113	0.494448	0.187133	0.604749	1.819377	1.779100	1.414554	1.985322	-0.390033	-1.080574	1.048621	0.464629	1.025392	1.479862	0.087359	0.360456	0.380518	0.881243	0.431363	0.892378	-0.097477	0.317426	1.384310	1.379085	0.591793	0.167146	0.526129	0.178054	0.359848	0.516490	-0.011112	1.301795	0.470587	-0.377241	0.241287	0.924693	-1.295718	0.596662	0.829744	0.117989	-0.906268	-1.736743	-0.778863	-0.019615	-0.227952	-2.149444	-0.500439	-1.496981	-0.658456	-1.015858	1.748686	2.055787	0.773498	1.091287	1.868330	3.094662	3.299518	0.243077	0.088853	0.689868	1.016171	2.326585	3.399020	3.089391	-0.934966	1.107952	0.225541	0.292401
1.320129	1.529616	-1.366808	-1.949819	0.350217	1.444042	1.194485	1.583431	-0.019507	0.050321	0.988685	0.952152	-0.799204	-1.131197	-0.363252	-0.086563	-0.471168	-0.284585	-0.456241	-0.878148	0.556778	0.570601	1.078707	0.463289	-0.061479	0.595047	0.543505	1.198410	-0.193484	1.132974	-0.722368	0.905269	-0.638830	-0.971013	-0.318299	-0.669614	-0.655417	-1.126016	0.355676	0.238561	0.935118	1.416039	0.531314	0.120351	-0.287441	0.530538	0.500268	0.589729	0.535249	1.008273	-1.047125	-1.504039	1.464297	-0.278647	0.220737	0.351412	-0.957602	-0.685969	-0.186145	-0.012998	-0.462532	0.060422	-0.681703	-0.571435	-0.053919	-0.005955	0.593971	0.723760	-0.464578	-0.845116	-0.746163	-0.677285	-0.268013	1.477432	-0.098159	-0.567207	-0.759095	0.178975	-1.437107	0.083167	-0.729707	-0.962546	-1.623086	-2.216997	-1.493685	-0.562200	-1.607183	-3.350031	-1.408799	-2.133107	-1.075814	-1.959261	1.160133	1.328148	0.019536	0.544035	0.440917	2.082462	1.334473	-0.462802	-0.951276	0.036443	0.024151	0.850781	2.345088	1.562694	-0.956516	-0.073512	-0.500114	0.079542
0.455186	0.412911	-1.495202	-1.953601	-0.034979	-0.314475	-0.058747	0.010714	-1.287139	-1.284868	-0.153390	-0.087375	-0.625281	-0.481335	-1.380495	-1.149263	-0.553096	-0.832150	-1.052817	-1.271439	-0.236962	-0.368380	0.304539	-0.320969	-0.845344	-0.480590	0.504027	0.601834	-0.058022	0.194745	-0.573397	-0.151434	-0.780362	-0.439043	-0.701434	-0.671538	-1.545931	-0.751754	-1.000578	-0.619342	-0.166792	-0.195251	0.059518	-0.218657	-0.447358	0.399622	-0.426625	-0.274000	-0.489948	-0.219430	-0.889148	-0.822899	1.390349	-0.241284	-0.312073	-0.531861	-1.177266	-0.890318	-0.554169	-0.735267	-1.054644	-0.655985	-0.797902	-0.867663	-0.999833	-1.310621	0.031239	0.620100	-1.043640	-1.328044	-1.139256	-1.315362	-1.074576	0.593804	-0.518357	-0.555434	-1.269011	-0.579875	-0.422115	-0.228209	-1.333595	-0.991713	-1.429056	-1.421776	-1.482381	-0.877679	-2.101248	-2.685951	-1.504159	-1.628751	-1.029025	-1.938122	0.514010	0.495221	0.014129	0.666111	-0.763008	0.255904	-0.625356	-0.142319	-1.380748	-0.489623	-0.640992	-0.753130	0.573347	-0.111954	-0.306877	-1.237966	-0.583856	-0.017718
-0.210270	-0.535896	-0.733363	-0.711687	0.020859	-1.207495	-0.989535	-1.069026	-1.723905	-1.500883	-0.589305	-0.570004	0.289389	0.731097	-1.362391	-1.437302	-0.163341	-0.782507	-1.027213	-0.919891	-0.796940	-0.908016	-0.663383	-0.827356	-1.066427	-1.131786	0.428803	0.173431	0.139463	-0.478107	-0.201178	-0.798317	-0.241519	0.519668	-0.328755	-0.144452	-1.275391	0.000165	-1.389983	-0.810650	-0.975436	-1.439522	-0.091391	-0.167237	-0.094827	0.403736	-0.467503	-0.380650	-0.944897	-0.908010	0.201412	0.601232	0.636089	0.064224	-0.168077	-0.687150	-0.536290	-0.400552	-0.628362	-0.875432	-0.884995	-0.767943	-0.154442	-0.207382	-0.895767	-1.619393	-0.553456	-0.211858	-0.858380	-1.046809	-0.435968	-0.673540	-1.708943	-0.252937	-0.545005	-0.393773	-0.832751	-0.668057	1.128729	-0.082572	-0.745028	-0.368813	-0.448541	-0.051091	-0.559238	-0.499821	-1.523200	-0.919439	-0.597379	-0.330519	-0.268159	-0.802058	-0.008747	0.181814	0.609581	1.223400	-0.750106	-1.042664	-1.098784	0.291637	-0.776953	-0.343735	-0.251964	-1.035142	-0.823546	-0.693807	0.428403	-1.385977	0.119844	-0.046170
-0.460914	-1.084871	-0.118545	0.379110	0.403239	-1.021048	-1.046499	-1.228018	-1.208117	-1.073159	-0.420355	-0.464182	1.425870	1.791242	-0.415740	-0.789408	0.142824	-0.277150	-0.388792	-0.024982	-1.131043	-0.727541	-1.446522	-1.018187	-0.862186	-1.132788	0.383273	0.423010	0.145138	-0.581319	0.230020	-0.934331	0.780395	1.493432	0.622238	0.710993	-0.235147	0.539621	-0.771059	-0.437475	-1.129586	-1.718655	0.068103	0.220886	0.545488	0.508982	-0.098580	-0.205531	-0.849781	-1.026913	1.420999	1.812357	-0.431491	-0.213101	0.140144	-0.538694	0.190972	-0.035864	-0.640872	-0.647057	-0.258143	-0.394371	0.792873	0.788885	-0.376931	-0.974091	-0.577714	-0.906741	-0.254992	-0.402346	0.712711	0.726304	-1.353163	-0.013728	-0.250923	-0.069517	0.195405	-0.058565	2.138989	0.400310	0.025712	0.071080	0.571867	0.954591	0.593297	0.383409	-0.600847	0.470586	0.637040	0.840540	0.876166	0.686138	-0.402429	0.269772	1.012616	1.318182	0.068983	-1.368808	-0.511853	-0.193819	0.359796	0.305926	0.533342	-0.064402	-1.564057	-0.450477	0.726114	-0.422504	1.030968	-0.117717
-0.390154	-1.116662	-0.142108	0.496933	0.626874	-0.357712	-0.517070	-0.676442	-0.343045	-0.740122	-0.343620	-0.119812	2.071400	2.169731	0.687333	0.214293	0.155088	0.382625	0.484593	0.819366	-1.164721	-0.094873	-1.464535	-0.793680	-0.615119	-0.711877	0.288029	0.917246	0.028805	-0.170894	0.560655	-0.750013	1.620777	2.042436	1.450606	1.384301	0.509904	0.593522	-0.034304	-0.050435	-0.761700	-1.106506	0.314830	0.605972	1.078814	0.535341	0.049512	-0.263530	-0.643534	-0.814615	1.924764	2.167700	-1.016913	-1.002267	0.076422	-0.450030	0.472718	-0.096978	-0.561935	-0.288368	0.262389	0.122555	1.330090	1.252796	-0.022709	0.081858	0.040749	-0.629864	0.220462	0.079642	1.389767	1.700027	-0.030696	0.972797	0.082152	0.450516	1.054183	0.685682	2.164950	0.821088	0.203448	0.171000	0.981773	1.200176	1.168646	1.121127	0.041473	0.771070	1.420238	1.244687	1.744912	1.557965	-0.534661	0.349066	0.818949	0.609801	0.641492	-1.182913	-0.107951	-1.459131	1.131758	0.844629	0.651920	0.944678	-1.832209	-0.288710	0.458680	0.843180	1.507326	-0.286222
-0.183959	-0.604429	-0.368641	-0.009572	0.418516	0.125137	-0.082384	0.095389	0.252480	-0.704449	-0.636413	0.130743	1.945495	1.901570	1.215577	0.800231	0.104285	0.860808	1.076409	1.130504	-0.835586	0.471701	-0.571135	-0.133118	-0.462344	-0.229791	0.038566	0.901417	0.083555	0.442637	0.680750	-0.402098	1.782119	1.997069	1.613961	1.513692	0.486766	0.406009	0.086945	-0.040493	-0.274551	-0.149858	0.450745	0.714617	1.241579	0.392311	-0.140347	-0.506420	-0.608759	-0.369687	1.639136	1.784915	-0.675152	-1.413767	-0.331711	-0.301542	0.417779	-0.169457	-0.182470	0.197144	0.406422	0.549887	1.184155	0.950038	0.182854	0.975149	0.814462	0.387228	0.282900	0.168896	1.262149	1.607876	1.314908	1.355589	0.181762	1.016732	1.246854	0.973276	1.648265	0.832798	-0.032878	0.244815	0.776408	0.903206	1.041310	1.289843	0.404084	0.379925	1.525759	0.977109	1.913112	1.459168	-0.309112	0.271050	0.361911	-0.291380	0.468742	-1.106786	-0.346270	-2.389027	1.032324	0.842347	-0.046558	1.088933	-1.736057	-0.511248	-0.107043	1.496372	1.336917	-0.480608
-0.079955	0.145748	-0.190200	-0.330402	-0.005184	0.197232	-0.108120	0.613334	0.436866	-0.659681	-0.854295	0.190062	1.420320	1.452818	1.020231	0.729677	0.208422	0.895405	1.116468	0.916756	-0.364600	0.652299	0.504910	0.583923	-0.258511	0.083824	-0.285659	0.290579	0.412403	0.834539	0.639125	0.024539	1.463566	1.624738	1.256069	1.284159	0.233612	0.435659	-0.270319	-0.287028	-0.047411	0.493246	0.424840	0.605602	1.086131	0.213686	-0.330933	-0.594762	-0.659476	0.223276	1.193493	1.282439	0.168553	-0.978179	-0.716418	0.055787	0.370167	0.114572	0.370291	0.772500	0.289451	0.778812	0.748114	0.381348	0.331970	1.300213	1.119408	1.131155	0.082168	0.055784	0.764183	0.924101	1.771835	0.442946	0.055332	1.330610	0.910387	0.733211	1.268763	0.497136	-0.086627	0.349783	0.534359	0.537110	0.800005	1.123635	0.789131	0.064908	1.290848	0.621505	1.559484	0.865931	0.090214	0.169810	0.156070	-0.660564	-0.063690	-1.326211	-0.705063	-2.197842	0.365187	0.456336	-0.757815	0.590196	-1.320920	-0.733172	-0.561246	1.308370	0.727758	-0.554403
-0.234838	0.637240	0.492357	-0.032586	-0.200194	0.066020	-0.350946	0.704515	0.537569	-0.238483	-0.439183	0.295025	1.127763	1.259584	0.628199	0.515699	0.447282	0.571339	0.895362	0.667946	-0.060830	0.581835	0.865616	0.877157	0.169124	0.264118	-0.441762	-0.322697	0.862261	0.788687	0.682797	0.469021	1.322704	1.409189	1.039435	1.245669	0.510890	0.905112	-0.369685	-0.275854	-0.129337	0.554140	0.354173	0.591390	0.928774	0.223335	-0.181009	-0.432908	-0.508906	0.771678	1.162388	1.184096	0.679375	-0.203438	-0.811194	0.466386	0.501886	0.594745	0.650163	1.226147	0.174416	0.796321	0.670642	0.176267	0.329814	1.088114	0.760919	1.073583	0.053999	0.145150	0.586645	0.619746	1.403290	-0.912610	0.047283	1.265550	0.613089	0.430130	1.264739	0.254728	0.301854	0.314590	0.820618	0.497273	1.042351	1.169025	1.325708	0.260574	1.187337	0.669336	1.238579	0.570911	0.360259	0.153442	0.295818	-0.531517	-0.318312	-1.570760	-0.658988	-1.228604	-0.059502	0.252800	-0.795841	0.231185	-0.773423	-0.664006	-0.681502	0.814849	0.076174	-0.398643
-0.517653	0.704293	1.286490	0.714616	0.024293	0.067969	-0.326667	0.628075	0.915665	0.595179	0.551505	0.803684	1.342202	1.356704	0.696190	0.783348	0.726277	0.355467	1.008281	0.876221	0.109813	0.677647	0.503112	0.786323	0.797709	0.517006	-0.298023	-0.487848	1.280041	0.573041	1.004272	0.894590	1.683355	1.553390	1.403881	1.656989	1.342814	1.589771	0.240790	0.357278	-0.193832	0.390173	0.412446	0.868069	1.041282	0.475859	0.332878	-0.246574	0.014223	1.152530	1.484978	1.495443	0.524400	0.248119	-0.600828	0.740111	0.779784	0.891308	0.468753	1.391034	0.218243	0.716708	1.187531	0.483558	0.240747	0.919422	0.113414	0.727482	0.470663	0.606708	0.985465	1.055315	1.029266	-1.313416	0.462508	0.994408	0.763043	0.480834	1.375735	0.427322	0.837947	0.187077	1.585205	0.865521	1.708706	1.569792	1.834743	0.922668	1.382083	1.118308	1.253065	0.941603	0.399633	0.151398	0.515821	-0.463407	-0.134519	-1.501404	-0.340066	-0.400319	0.247687	0.545284	-0.302073	0.324726	-0.321663	-0.502920	-0.605396	0.642011	-0.275968	0.016287
-0.607597	0.645657	1.689281	1.367276	0.419800	0.284637	0.083253	0.759253	1.479330	1.404914	1.421107	1.664040	1.732100	1.400032	1.168813	1.398099	0.987863	0.583247	1.594665	1.449331	0.416052	1.075663	0.195351	0.778465	1.328670	0.888991	-0.031412	-0.371993	1.551660	0.644063	1.398512	1.202042	2.106832	1.725136	2.002386	2.094455	1.978054	1.966954	1.158784	1.278422	0.052613	0.518568	0.599299	1.219424	1.310431	0.757628	0.912404	-0.246371	0.701657	1.382044	1.620499	1.739793	0.138490	0.432018	-0.221112	0.940174	1.057026	0.869598	0.126625	1.270852	0.347836	0.660309	1.803797	0.868629	0.322237	1.331907	-0.368190	0.765291	1.047717	1.087641	1.525452	1.581928	1.031685	-0.459421	1.071819	0.666954	1.160184	0.690796	1.261435	0.789572	0.987682	0.165700	2.153201	1.305775	2.134783	1.842841	1.962076	1.641356	1.593331	1.513379	1.319458	1.604902	0.308100	0.034355	0.652106	-0.616265	0.114297	-1.013105	-0.160138	-0.079983	0.901582	0.917742	0.190081	0.490130	0.017636	-0.499881	-0.664566	0.772927	-0.271570	0.661369
-0.399309	0.715438	1.444263	1.404029	0.564922	0.425890	0.466680	1.059755	1.662657	1.549318	1.515731	2.211332	1.685667	1.023925	1.165036	1.476671	1.100670	0.943195	1.983677	1.682876	0.780398	1.283749	0.357584	0.954026	1.314090	1.055643	0.015320	-0.421353	1.430650	0.941681	1.320473	1.114631	1.845548	1.379536	1.972771	1.830777	1.721413	1.602835	1.497596	1.582561	0.429486	0.884059	0.627587	1.141611	1.248869	0.742053	1.160334	-0.386651	1.023550	1.383323	1.159656	1.398711	0.081685	0.764384	0.175786	1.186705	1.129065	0.662599	-0.043199	0.877750	0.306880	0.516610	1.710020	0.733974	0.535027	1.994784	-0.694736	0.970340	1.139899	1.014652	1.500849	1.283487	0.744271	0.543279	1.165841	0.119545	1.173623	0.448622	0.840723	0.782612	0.527532	0.211812	1.869116	1.282127	1.734853	1.420626	1.453346	1.828120	1.357264	1.361456	0.927743	1.803769	0.134667	-0.219359	0.763690	-0.524670	0.066426	-0.200797	-0.105221	0.215781	1.033810	0.629846	0.520090	0.323387	0.412929	-0.452929	-0.989162	0.593193	-0.198224	1.364684
-0.167254	0.729503	0.752397	0.763092	0.279401	0.188411	0.351540	1.037042	0.994412	0.794060	0.829774	1.780323	0.915302	0.220468	0.056050	0.466412	0.847264	0.764045	1.389356	0.996734	0.683425	0.687249	0.527821	0.799136	0.546272	0.631834	-0.312111	-0.786012	0.708291	0.791747	0.451520	0.376211	0.711413	0.383763	0.876663	0.649604	0.685866	0.554758	0.843301	0.725303	0.455688	0.874099	0.190054	0.357941	0.490439	0.265889	0.876698	-0.464496	0.638163	0.930109	0.233363	0.430067	0.321838	1.126677	0.491953	1.335724	0.881811	0.438730	-0.088065	0.194561	-0.093848	0.021188	0.643732	-0.088414	0.480375	1.916390	-1.180715	0.532197	0.463050	0.273780	0.655552	0.043332	-0.564134	0.508037	0.309641	-0.834178	0.439234	-0.446017	0.266315	0.168490	-0.150325	0.125860	0.774282	0.575674	0.617372	0.352161	0.484271	1.133404	0.522955	0.602795	0.003158	1.120129	-0.177475	-0.493779	0.791888	0.067718	-0.198308	0.750493	0.250162	0.927008	0.273900	-0.399192	0.899714	-0.058490	0.884334	0.041440	-1.295372	-0.271460	-0.391406	1.698523
-0.175242	0.419917	0.176952	0.000735	-0.189958	-0.239938	-0.211280	0.398131	-0.274063	-0.290974	-0.071300	0.533143	-0.170726	-0.564131	-1.444533	-0.950113	0.219602	-0.062809	-0.020465	-0.277704	-0.097756	-0.509671	0.222465	0.038467	-0.549449	-0.221056	-0.768528	-1.151348	-0.302485	-0.152871	-0.773950	-0.755291	-0.569952	-0.696144	-0.648740	-0.744999	-0.285242	-0.518875	-0.231367	-0.672568	0.032938	0.214630	-0.563580	-0.738028	-0.658279	-0.458110	0.272749	-0.339983	-0.102848	0.053647	-0.583859	-0.567010	0.316845	0.943967	0.698816	1.117079	0.497296	0.331546	-0.188305	-0.547984	-0.657898	-0.746189	-0.670967	-1.066394	0.085327	0.761389	-1.749659	-0.685154	-0.482721	-0.541401	-0.479747	-1.240031	-2.288792	-0.481565	-0.980295	-1.836080	-0.637707	-1.343345	-0.263931	-0.663186	-0.380951	-0.018867	-0.368910	-0.370602	-0.453504	-0.621873	-0.290950	-0.071758	-0.470020	-0.257022	-0.875734	-0.042779	-0.542969	-0.602223	0.450095	0.610354	-0.319105	1.504246	1.017795	1.593235	-0.795966	-1.281881	1.332343	-0.258423	1.118325	0.892716	-1.154777	-1.332753	-0.786764	1.236113
-0.235080	0.004189	0.159221	-0.170620	-0.357272	-0.226210	-0.618437	-0.382379	-1.191801	-0.722078	-0.580401	-0.552362	-0.738852	-0.758236	-1.775691	-1.377092	-0.322386	-0.704977	-1.038689	-1.037010	-0.896468	-1.206058	-0.180214	-0.632652	-1.064686	-0.704811	-0.866250	-1.047559	-0.804564	-1.120393	-1.363595	-1.394974	-0.973492	-1.038642	-1.341920	-1.241259	-0.400571	-0.809738	-0.688970	-1.238604	-0.271312	-0.444241	-0.949047	-1.249712	-1.284080	-0.875860	-0.108281	-0.005149	-0.386321	-0.674955	-0.716024	-0.806899	-0.237873	0.120180	0.811652	0.586985	0.374629	0.462756	-0.214313	-0.804199	-0.805244	-1.111413	-1.101254	-1.324836	-0.067194	-0.451328	-1.774843	-1.685223	-0.878833	-0.728685	-0.983173	-1.505244	-2.747413	-1.210404	-1.550278	-2.023090	-1.166035	-1.351353	-0.562400	-1.077194	0.069890	0.126535	-0.749427	-0.761042	-0.722700	-0.754522	-0.265114	-0.794529	-0.888223	-0.558466	-0.992155	-0.732806	-0.597964	-0.352814	-0.268862	0.433657	-0.097394	1.592262	1.610911	1.354822	-1.240640	-1.116378	1.458299	-0.127581	0.762639	1.415670	-0.483549	-1.669346	-0.867868	0.153578
0.075928	0.004150	0.541540	0.348297	0.048736	0.555178	-0.319462	-0.456105	-0.918699	-0.051850	-0.444663	-0.636185	-0.349481	-0.232435	-0.323799	-0.230283	-0.159094	-0.272749	-0.644585	-0.522814	-0.729097	-0.623862	0.053534	-0.246389	-0.424735	-0.179413	-0.332028	-0.324628	-0.374710	-0.947858	-0.681604	-0.782090	-0.231152	-0.407017	-0.568339	-0.375942	0.355973	-0.140217	-0.059553	-0.259021	0.140071	-0.222997	-0.387060	-0.586058	-0.686272	-0.498032	0.130461	0.460939	0.137957	-0.652269	-0.054515	-0.106412	-0.971653	-0.722487	0.815334	0.176087	0.665898	0.782996	0.117026	-0.258340	-0.107157	-0.425505	-0.241385	-0.424449	0.461114	-0.497512	-0.868072	-1.451356	-0.455807	-0.266381	-0.363929	-0.522804	-1.137503	-0.719377	-0.773826	-0.914960	-0.622990	-0.344226	-0.430575	-0.769867	0.750105	0.652217	-0.245227	-0.242356	-0.146883	-0.071616	0.435113	-0.319479	-0.420676	-0.156362	-0.256211	-0.381337	-0.021191	0.336740	-0.718888	-0.223263	0.340160	0.789802	1.329717	0.263862	-0.720893	-0.097032	1.036140	0.174550	-0.114397	1.082689	0.345906	-0.942616	-0.238765	-0.662512
0.731779	0.447207	0.702375	0.864818	0.738049	1.533027	0.561709	0.348211	0.391693	1.107677	0.171543	0.130303	0.466505	0.451025	1.642171	1.483584	0.730717	0.959307	0.773324	0.757269	0.475605	0.571263	0.818005	1.043099	0.900432	0.975222	0.509766	0.592155	0.392860	0.338287	0.803923	0.765068	0.779536	0.495273	0.923432	1.098714	1.226333	0.741702	1.099241	1.463600	1.068690	0.782260	0.843090	0.817479	0.799224	0.540442	0.721162	0.887341	0.826220	-0.078336	0.885915	0.811627	-1.289608	-1.107138	0.620157	0.140089	0.965365	0.926724	0.674439	0.613297	1.125279	1.003394	1.085934	1.118180	1.093884	0.405099	0.422736	-0.267088	0.235364	0.187306	0.907519	0.930179	1.234084	0.634381	0.671053	0.789837	0.558205	0.821284	0.174310	0.031378	1.010016	1.109277	0.475853	0.641710	0.547879	0.587686	0.970624	0.947896	0.382907	0.351329	0.598680	0.515279	0.978245	1.230781	-0.225106	-0.466924	0.711271	-0.500234	0.202095	-0.525407	0.223147	0.667893	0.284568	0.478428	-1.001399	0.155257	0.900682	0.197085	0.736007	-0.522784
1.108320	0.638994	0.258574	0.644023	1.047585	1.712101	1.285431	1.145460	1.595862	1.641843	0.816058	0.795246	0.646704	0.503723	2.191930	2.103015	1.476249	1.612397	1.687276	1.452435	1.561493	0.844301	1.122649	1.844680	1.704840	1.585292	0.903814	0.956883	0.465881	1.254143	1.837887	1.918562	0.846018	0.645653	1.647832	1.801626	1.360781	0.835161	1.771361	2.374519	1.623790	1.441110	1.698229	1.731835	1.912981	1.380206	0.848392	1.030694	0.710463	0.082718	1.325061	0.969117	-1.110312	-1.268827	0.179872	0.160495	0.687019	0.501388	0.876559	0.861562	1.970153	1.940051	1.590632	2.161551	0.761637	0.751888	1.066144	0.501636	0.421010	0.074077	1.702102	1.756766	2.205640	1.584196	1.376889	1.619056	1.297771	1.138320	0.880502	0.770472	0.630483	0.958379	0.588234	0.920864	0.574627	0.373797	0.658035	1.750889	0.546708	0.208059	0.688595	0.840054	1.662322	1.744116	0.890025	-0.016369	0.759418	-1.430972	-0.995919	-0.207870	0.722801	0.419142	-0.349097	0.663514	-1.404131	-0.624080	1.039787	0.736618	1.072936	0.130326
0.721237	-0.005083	-0.506553	-0.272942	0.586884	0.771584	1.222963	0.931054	1.579861	1.021621	0.999784	0.620583	-0.279413	-0.303659	0.740235	0.955917	1.092548	0.692672	0.996504	0.767903	1.299772	-0.433685	0.388461	1.072360	1.189245	0.905135	0.384904	0.379300	-0.459540	0.544251	1.552094	1.588325	-0.354787	-0.292325	0.818857	0.963632	0.500159	-0.129908	1.431807	1.723445	1.210541	0.908544	1.367581	1.266278	1.570426	1.141181	0.000848	0.775327	-0.346005	-0.781348	0.847557	0.097620	-0.889313	-1.579112	-0.341399	-0.269251	-0.243785	-0.406042	0.374942	0.059961	1.735865	1.430756	0.776717	1.931676	-0.686618	-0.348501	0.623043	-0.017253	-0.141488	-0.501885	1.189558	1.389904	1.079419	1.316447	0.613716	0.746069	0.846910	0.393183	1.036449	0.917792	-0.093530	0.193900	-0.152426	0.146233	-0.145652	-0.738085	-0.316536	1.184021	-0.342390	-0.669487	-0.133963	0.049195	1.408611	1.386902	1.385679	0.384474	0.352292	-1.400726	-1.517084	0.523711	0.321250	-0.504187	-0.565560	0.502468	-1.212727	-0.804335	0.831632	0.223669	0.152201	0.180528
-0.106982	-1.129596	-1.040734	-1.173139	-0.338807	-0.571687	0.472924	-0.225029	0.304810	-0.243539	0.535466	-0.176831	-1.621924	-1.374146	-1.465034	-1.044950	-0.388417	-1.208312	-0.828588	-0.722363	-0.276606	-2.169672	-0.716000	-0.751527	-0.276954	-0.561007	-0.681575	-0.692199	-1.681207	-1.221001	0.279746	0.025281	-1.914920	-1.628893	-0.920411	-0.872557	-0.907672	-1.470588	0.397420	0.163089	0.183821	-0.338548	0.101747	-0.226566	-0.088012	-0.155236	-1.342157	0.327446	-1.435007	-2.069431	-0.256193	-1.138587	-0.894505	-1.847821	-0.662892	-1.136919	-1.268779	-1.222008	-0.484281	-1.215287	0.596377	-0.162505	-0.648295	0.720621	-2.103457	-1.998989	-0.399376	-1.195940	-1.009578	-1.028801	-0.397845	0.147173	-0.799982	0.240814	-0.932146	-1.066839	-0.492470	-0.730169	0.347374	0.334019	-0.750110	-0.630331	-1.247241	-1.182973	-0.973490	-1.920035	-1.207500	-0.472027	-1.643220	-1.557541	-1.127615	-1.234785	0.341456	0.342122	0.481369	0.046830	-0.399902	-0.549736	-1.260818	0.371152	-0.709280	-1.218346	-0.333804	-0.177508	-0.613792	-0.500805	0.356509	-0.889519	-1.467504	-0.674219
-0.586784	-1.747617	-1.158196	-1.460439	-1.016374	-1.368219	-0.298102	-1.211382	-1.191940	-1.184409	-0.268943	-0.723144	-2.179587	-1.808433	-2.712541	-2.344394	-1.771721	-2.445567	-2.226936	-1.707515	-1.864400	-2.713241	-1.063746	-2.040560	-1.557444	-1.592913	-1.415000	-1.286174	-2.310476	-2.214104	-0.851077	-1.446199	-2.556093	-2.268036	-2.160019	-2.333493	-2.077234	-2.226501	-0.630399	-1.111991	-0.605783	-1.079468	-1.037931	-1.464281	-1.758233	-1.475329	-2.078165	0.061979	-1.585867	-2.507463	-1.229384	-1.812896	-0.739389	-1.570693	-0.692240	-1.807408	-1.763823	-1.466025	-1.047406	-1.973930	-0.636240	-1.518202	-1.572874	-0.440764	-2.254297	-2.544939	-1.159019	-1.676968	-1.494238	-1.142417	-1.922837	-1.067355	-1.726859	-0.608572	-1.858962	-2.118060	-1.616023	-1.328584	-0.673059	-0.527378	-1.107779	-0.943063	-1.897078	-2.076449	-1.240820	-2.224678	-1.550188	-2.072700	-2.228964	-1.636473	-1.388070	-1.879948	-0.759931	-0.600408	-1.106737	-0.634426	-1.101733	0.431785	-0.663759	-0.749174	-1.578180	-1.234022	0.122922	-1.072591	0.170411	-0.057795	-0.234063	-1.635764	-2.384044	-1.386465
-0.358805	-1.303929	-1.027421	-1.087924	-0.996097	-1.341643	-0.561266	-1.113805	-1.812464	-1.254073	-0.827704	-0.468243	-1.417354	-1.189394	-2.330225	-2.133068	-1.839875	-1.980980	-2.064161	-1.431046	-2.146666	-1.583495	-0.404941	-1.807646	-1.798425	-1.487745	-1.259118	-0.828360	-2.024214	-1.404402	-1.076103	-1.736493	-1.775643	-1.643364	-2.015610	-2.398787	-2.362199	-1.927123	-1.193115	-1.501878	-0.737545	-0.762490	-1.205966	-1.470465	-2.130873	-1.716102	-1.567044	0.128550	-0.761165	-1.504578	-1.444856	-1.515417	0.118997	-0.620083	-0.579261	-1.637291	-1.537597	-1.151193	-0.999254	-1.701787	-1.232200	-1.651345	-1.509939	-0.784570	-1.075167	-1.424283	-1.129529	-0.899018	-1.183750	-0.778844	-2.286180	-1.436899	-1.349371	-0.693528	-1.403722	-1.403402	-1.596946	-0.982108	-1.124125	-0.866723	-1.057267	-0.621540	-1.580753	-1.856982	-0.837198	-1.357142	-1.418308	-2.567497	-1.521645	-0.758799	-0.682823	-1.357947	-1.185271	-0.834497	-1.823386	-0.638938	-1.283629	0.959996	-0.182487	-1.477075	-1.519230	-0.673712	0.385079	-1.442802	0.949110	0.294885	-0.621083	-1.259451	-1.614324	-0.855570
0.188432	-0.207893	-0.704175	-0.331030	-0.443055	-0.879574	-0.375415	-0.198057	-1.384473	-0.690731	-0.793864	0.207110	0.012993	0.035197	-0.950959	-0.909202	-0.626694	-0.378445	-0.668648	-0.336274	-0.998154	0.178212	0.422986	-0.550184	-1.085646	-0.646373	-0.410306	0.278241	-1.064814	0.389868	-0.674476	-0.949215	-0.237728	-0.198295	-0.836381	-1.253209	-1.649516	-0.837272	-1.288069	-1.247478	-0.525634	-0.015889	-0.516865	-0.476012	-1.082574	-0.779178	-0.236890	0.307533	0.172686	0.201959	-0.912932	-0.596217	1.491100	0.617680	-0.409671	-0.601260	-0.814148	-0.563286	-0.491137	-0.652146	-1.029018	-0.743421	-0.838306	-0.457384	0.413381	0.328764	-0.268287	0.433282	-0.219517	-0.031188	-1.321413	-0.835303	-0.551068	-0.314553	-0.085267	0.435269	-0.490622	0.031588	-0.679694	-0.240953	-0.543749	-0.013137	-0.428890	-0.660520	-0.194145	0.087086	-1.013422	-1.708673	-0.006155	0.431554	0.359108	-0.179092	-0.893350	-0.532409	-0.916630	0.374774	-0.758693	1.017351	0.063161	-0.742866	-0.418213	0.086546	0.116634	-0.829120	1.496531	0.471222	-0.514131	0.169179	0.433083	0.573760
0.434339	0.637884	-0.123190	0.470129	0.094624	-0.428869	-0.180053	0.419629	-0.686454	-0.242849	-0.387592	0.384735	0.876872	0.866874	0.209365	0.096539	0.533963	0.800414	0.508184	0.385668	0.439818	1.172833	0.481924	0.389201	-0.258702	-0.047332	0.495382	1.082281	0.040070	1.550051	-0.518944	-0.124380	0.828862	0.930151	0.188923	-0.086858	-0.519246	0.277728	-1.203769	-0.921100	-0.519506	0.172887	0.149365	0.383836	0.222090	0.335987	0.892634	0.291973	0.326322	1.248156	-0.298524	0.160826	2.373534	1.642528	-0.065874	0.634557	-0.011153	0.074430	0.124030	0.453945	-0.442623	0.178466	-0.286142	-0.245839	1.135877	1.219372	0.978947	1.240647	0.738670	0.827708	0.097449	0.054930	-0.137587	-0.023513	0.865267	1.782321	0.728794	0.966921	0.014283	0.880469	0.218012	0.344679	0.757476	0.641991	0.112711	1.042217	-0.473245	-0.186739	1.154886	1.016479	0.786201	0.621262	-0.427230	-0.315782	0.791286	1.608446	0.184604	0.968101	0.238907	0.842750	0.902091	0.629367	-0.553408	0.357007	1.570425	0.436508	0.044281	1.668522	2.223145	1.444102
0.133945	0.652520	0.435020	0.905607	0.174993	-0.192895	-0.292420	-0.043780	-0.571313	-0.553328	-0.178339	-0.420040	0.499597	0.603670	0.248240	0.035815	0.338977	0.513414	0.267470	-0.124953	0.835530	0.892398	-0.347428	0.130635	-0.159062	-0.287375	0.929244	1.064408	0.639037	1.385649	-1.055824	-0.159703	0.666912	0.848701	0.108588	0.015284	0.108362	0.647691	-1.264952	-0.932243	-0.910096	-0.509868	0.024573	0.220261	0.469550	0.535259	1.166677	0.028860	-0.377847	0.919877	-0.316346	0.171891	1.963907	2.152758	0.450164	1.194704	0.421975	0.552670	0.475673	0.896292	-0.134313	0.225779	-0.318045	-0.721411	0.762076	0.679169	1.768139	1.082201	0.919564	1.276181	0.816607	0.299250	-0.109320	-0.034525	0.629673	1.618479	1.029534	1.087254	0.049607	1.435898	0.622902	0.091886	1.021909	1.094277	-0.232418	0.821123	-0.118636	0.811399	1.076814	0.538397	0.145453	0.395780	-0.307027	-0.469980	1.804234	2.009538	0.933113	0.979679	0.472615	1.760236	1.242217	0.564279	-1.074442	1.162234	1.047455	0.198430	0.658029	2.059996	2.396850	0.974148
-0.475029	-0.021178	0.385478	0.642806	-0.232368	-0.255728	-0.657720	-1.251736	-1.091656	-1.558409	-0.506215	-1.713779	-0.645588	-0.469767	-0.780371	-0.838020	-1.085100	-0.803156	-1.157147	-1.542785	-0.063811	-0.078072	-1.367371	-1.001251	-0.893602	-1.097369	0.752060	0.545454	0.289670	0.575237	-1.841207	-0.982744	-0.417478	-0.270271	-0.967311	-0.914657	-0.236082	0.054484	-1.577889	-1.338471	-1.424822	-1.502253	-0.820732	-0.778217	-0.510876	-0.297769	0.730725	-0.273047	-1.159621	-0.233192	-0.996854	-0.456941	0.626746	2.069387	0.767974	0.701801	0.245487	0.572554	0.323574	0.431471	-0.478334	-0.602410	-0.850120	-1.641194	-0.213591	-0.552831	1.441787	0.338184	0.111097	0.890229	0.400967	-0.403333	-0.070019	-0.240835	-0.531756	0.399227	0.234631	0.221332	-0.706381	0.834781	0.166469	-0.654986	0.111746	0.475351	-1.040080	-0.247241	-0.339344	0.520611	-0.048327	-0.558909	-1.064549	-0.559968	-0.545750	-0.716534	1.447945	1.355845	0.977088	0.815667	0.638819	1.414724	0.207957	-0.146904	-1.061894	1.020979	0.098071	-0.137873	0.881577	1.062055	0.957224	-0.068799
-0.960852	-0.726282	-0.375446	-0.193305	-0.791351	-0.607064	-0.977794	-2.094058	-1.504319	-2.412977	-1.113690	-2.469999	-1.492425	-1.338615	-1.850412	-1.500891	-2.280811	-1.758980	-2.310802	-2.552624	-1.217018	-0.788466	-1.761017	-1.872982	-1.714399	-1.676613	0.205888	0.119539	-0.721037	0.066720	-2.103974	-1.717910	-1.427931	-1.348045	-2.027390	-1.849472	-1.083029	-0.949898	-1.866311	-1.834790	-1.639846	-1.961783	-1.584711	-1.632155	-1.658272	-1.278047	0.138796	-0.422598	-1.208306	-1.016087	-1.660581	-1.085572	-0.444047	1.477017	0.512916	-0.335704	-0.327004	0.027283	-0.188437	-0.438910	-1.169123	-1.483926	-1.368221	-2.196172	-0.954054	-1.258452	0.303373	-0.265130	-0.999446	-0.086689	-0.545626	-1.366100	0.123280	-0.493081	-1.581486	-0.607627	-0.856142	-0.974442	-1.480192	-0.372812	-0.849046	-1.348917	-1.169599	-0.511558	-1.685349	-1.114174	-0.953313	-0.659768	-1.097548	-1.269132	-1.797297	-1.316438	-0.757376	-0.730624	0.332282	0.313824	0.325099	0.311574	0.517897	0.598975	-1.225162	-0.911397	-0.742355	0.237578	-0.757010	-0.369363	0.572348	-0.363429	-0.781693	-0.538113
-1.028592	-0.887761	-1.080651	-0.988109	-1.085996	-0.980224	-0.981983	-1.798868	-1.150502	-2.246361	-1.371598	-2.103173	-1.459812	-1.305195	-1.864443	-1.267710	-2.057291	-1.494470	-2.038971	-2.139216	-1.447209	-0.786512	-1.305558	-1.687975	-1.737652	-1.484810	-0.276041	-0.058925	-1.426348	-0.061243	-1.633537	-1.635485	-1.629894	-1.491248	-2.147545	-1.902036	-1.494140	-1.499460	-1.675622	-1.947677	-1.346221	-1.513944	-1.563170	-1.598994	-1.877887	-1.519505	-0.262796	-0.436524	-0.592674	-0.816934	-1.678749	-1.211422	-0.543316	0.603735	-0.139055	-0.944548	-0.772519	-0.671383	-0.551952	-0.848402	-1.468619	-1.586404	-1.367337	-1.861773	-0.980715	-0.980402	-0.526230	-0.265880	-1.373518	-0.771574	-1.069628	-1.599996	0.271795	-0.677344	-1.653382	-0.731398	-1.261533	-1.474621	-1.500046	-1.055614	-1.429477	-1.493086	-1.698754	-0.994315	-1.591752	-1.085532	-1.144434	-1.516673	-1.144962	-1.014223	-1.462175	-1.257370	-0.669261	-0.574230	-0.522234	-0.384424	-0.474169	-0.188441	0.133534	0.184140	-1.636997	-0.930650	-0.637670	-0.443956	-0.947489	-0.313961	0.000566	-0.973749	-1.471773	-0.392002
-0.700025	-0.526328	-0.888140	-1.172322	-0.934461	-0.981798	-0.625969	-0.710078	-0.235227	-1.116344	-0.903686	-0.965031	-0.859314	-0.629863	-0.817171	-0.515845	-0.755393	-0.523677	-0.708310	-0.705960	-0.739875	-0.436276	-0.551185	-0.789902	-0.893083	-0.760156	-0.398548	-0.250876	-1.160910	-0.426793	-0.958624	-0.894353	-1.131827	-0.841842	-1.337820	-1.208308	-1.083276	-1.228509	-0.922496	-1.467996	-0.733310	-0.585523	-0.842364	-0.840734	-1.138317	-1.007366	-0.477176	-0.423928	-0.168670	-0.155129	-1.074443	-0.848543	-0.119762	-0.195940	-0.544206	-0.650930	-0.748222	-0.850312	-0.436821	-0.464872	-1.020235	-0.900835	-0.795349	-0.915027	-0.551167	-0.404608	-0.343062	0.136490	-0.651912	-0.501337	-0.825780	-0.864872	0.162832	-0.726259	-0.799368	-0.451800	-0.715953	-0.853699	-0.789822	-0.667872	-0.935614	-1.078201	-1.156591	-0.788731	-0.791170	-0.491949	-0.471029	-1.313106	-0.399920	-0.238205	-0.501195	-0.672692	-0.407811	-0.459990	-0.671975	-0.540450	-0.796297	-0.188351	-0.173211	0.081655	-0.668577	-0.064950	-0.877003	-0.573977	-0.403523	0.038878	-0.403896	-0.505294	-0.946846	-0.412140
-0.281826	-0.199276	0.062779	-0.732525	-0.531220	-0.580688	-0.144969	0.080215	0.414061	-0.025379	-0.023387	0.065123	-0.348778	-0.067465	0.124992	-0.184813	0.287144	0.000026	0.279284	0.343484	-0.151508	-0.462585	-0.293318	-0.257642	-0.057428	-0.268153	-0.268178	-0.617658	-0.424207	-1.270060	-0.694130	-0.314486	-0.626076	-0.267121	-0.456308	-0.635656	-0.428515	-0.625681	-0.153615	-0.753360	-0.277613	-0.045178	-0.156519	-0.145816	-0.309557	-0.449926	-0.593209	-0.399240	-0.491569	0.019880	-0.339342	-0.296480	-0.004203	-0.566532	-0.303568	0.043519	-0.374992	-0.300243	-0.134679	0.094419	-0.320683	-0.245048	-0.104683	-0.086212	-0.294913	-0.403603	0.294466	0.252968	0.451572	0.390430	-0.298568	0.096688	-0.196683	-0.759811	0.113969	-0.570281	0.185314	0.197865	0.011007	0.276383	0.163943	-0.482667	-0.290656	-0.378552	0.032007	-0.179100	0.398451	-0.547093	0.158662	0.175544	0.119971	-0.312765	-0.268460	-0.374516	-0.339267	-0.357750	-0.488374	0.284264	-0.079482	-0.165401	0.631292	0.907316	-1.059650	-0.257852	0.286667	0.493841	-0.455071	0.223659	-0.149157	-0.799005
-0.141384	-0.378033	0.748069	-0.157749	-0.302734	-0.275892	0.073225	-0.127490	0.300468	0.140634	0.465842	0.332736	-0.298328	-0.050098	-0.074476	-0.645777	0.253359	-0.360736	0.056294	0.129192	-0.452946	-1.113768	-0.771268	-0.684199	-0.108982	-0.512424	-0.287787	-1.031604	-0.337434	-2.022375	-0.903124	-0.486787	-0.692069	-0.378374	-0.353595	-0.782328	-0.362283	-0.499946	-0.030915	-0.441942	-0.343150	-0.369595	-0.137617	-0.155715	-0.158344	-0.464702	-0.677038	-0.344437	-1.117318	-0.590118	0.040358	0.116944	-0.360802	-0.441036	0.251047	0.249706	-0.063231	0.370040	-0.207416	-0.028659	-0.176683	-0.374871	0.117437	0.116524	-0.488147	-0.918686	0.295630	-0.326454	0.856457	0.855170	-0.198460	0.350531	-0.596482	-1.032739	0.216972	-1.173225	0.561346	0.503657	0.334070	0.772966	0.785236	-0.061870	-0.083036	-0.237937	0.142598	-0.520758	0.462834	-0.220146	-0.063550	-0.073682	-0.107810	-0.501032	-0.369179	-0.262479	0.028522	-0.129199	0.018113	0.697340	0.297690	-0.414653	0.958035	1.019181	-0.837512	0.087641	0.457523	0.737933	-0.313830	0.340385	0.006813	-0.929329
-0.428036	-0.932633	0.424509	0.028349	-0.526295	-0.521238	-0.212536	-0.966366	-0.275103	-0.466911	0.019507	-0.215319	-0.692202	-0.483237	-1.104054	-1.303687	-0.527081	-1.012900	-0.925945	-0.890278	-1.216251	-1.807424	-1.414137	-1.516870	-0.915205	-1.194862	-0.703869	-1.305346	-1.176594	-2.067306	-1.144395	-1.191333	-1.294191	-1.008152	-1.071446	-1.393687	-0.955783	-1.062147	-0.555452	-0.741811	-0.795566	-1.126589	-0.758227	-0.853078	-0.688915	-1.029749	-0.878104	-0.376571	-1.246779	-1.405770	-0.192790	0.047009	-0.748513	-0.218679	0.380849	-0.356034	-0.161049	0.298278	-0.745867	-0.892821	-0.742886	-1.143211	-0.380273	-0.317520	-0.839582	-1.180125	-0.565907	-1.166288	0.156932	0.227406	-0.772108	-0.340964	-0.765424	-1.479656	-0.596931	-1.642556	-0.054191	-0.364025	0.043452	0.215487	0.370762	0.048560	-0.763348	-0.426017	-0.541020	-1.129022	-0.307137	-0.577721	-0.767149	-0.546600	-0.861053	-0.901378	-0.624864	-0.362128	0.001123	-0.187554	0.119196	0.641292	0.398013	-0.235842	0.022968	0.068951	-0.400349	0.055680	0.032914	0.480501	-0.168739	-0.267104	-0.486152	-0.557415
-0.939416	-1.314239	-0.569550	-0.304945	-1.005254	-1.068129	-0.815701	-1.505745	-0.713355	-0.927801	-1.015890	-1.113885	-1.248583	-1.021652	-1.656864	-1.349401	-1.235155	-1.247330	-1.609103	-1.602044	-1.424544	-1.743273	-1.461886	-1.719303	-1.433621	-1.496446	-1.238709	-1.309036	-1.895664	-1.530638	-0.973730	-1.640255	-1.787256	-1.499825	-1.786927	-1.672421	-1.391617	-1.602724	-1.000798	-1.089900	-1.079627	-1.426044	-1.420728	-1.611159	-1.295619	-1.579861	-1.302014	-0.639343	-0.793180	-1.701711	-0.908605	-0.615829	-0.918636	-0.414321	-0.268454	-1.284559	-0.686841	-0.639610	-1.234157	-1.673107	-1.328899	-1.651605	-1.238099	-0.991721	-0.970700	-0.906210	-1.388883	-1.433398	-1.040060	-1.062625	-1.610021	-1.369552	-0.557771	-1.493557	-1.587795	-1.472346	-1.313662	-1.570782	-0.595520	-1.121992	-0.605935	-0.097257	-1.605512	-0.720030	-1.313156	-1.382626	-0.974981	-0.930617	-1.269822	-0.769242	-1.411771	-1.045583	-0.893493	-0.875098	-0.681149	-0.785770	-0.406891	0.124443	-0.216075	0.125655	-1.307218	-1.147354	-0.214937	-0.512967	-0.547406	-0.345627	0.033767	-1.092769	-0.934712	-0.367814
-1.254941	-1.185562	-1.250169	-0.791954	-1.188684	-1.185630	-1.193785	-1.279966	-0.763487	-0.591747	-1.622181	-1.676232	-1.473354	-1.253564	-0.923737	-0.666686	-1.339920	-1.016249	-1.443838	-1.366260	-0.713025	-0.840506	-0.792739	-0.949797	-0.851611	-0.921661	-1.247210	-0.915795	-1.376640	-1.012294	-0.301656	-1.220902	-1.452404	-1.309509	-1.571873	-1.052759	-0.887094	-1.204596	-0.694309	-0.703453	-0.779431	-0.913468	-1.498524	-1.696156	-1.340016	-1.505887	-1.696487	-1.014915	-0.370032	-1.327861	-1.463007	-1.311057	-1.024425	-1.001341	-1.241828	-1.812180	-1.239296	-1.546657	-1.161436	-1.600351	-1.193578	-1.229339	-1.628700	-1.279491	-0.853142	-0.673769	-1.268898	-0.877717	-1.708181	-1.918703	-1.990167	-1.852969	-0.079534	-0.582913	-1.803787	-0.781330	-2.219539	-1.868622	-1.068828	-2.274107	-1.193247	-0.268456	-1.632515	-0.844762	-1.300225	-1.005806	-0.860873	-0.623801	-1.172873	-0.679054	-1.250318	-0.794586	-0.978276	-1.381303	-1.771431	-1.730193	-1.179671	-0.652967	-1.281628	-0.104460	-1.880570	-1.537230	-0.398915	-1.348742	-0.932417	-1.403634	0.413512	-1.576330	-0.816872	-0.898683
-1.061538	-0.730864	-1.022718	-0.884179	-0.736168	-0.594563	-0.932191	-0.649668	-0.486262	0.330523	-1.099663	-1.422155	-0.961859	-0.859990	0.555405	0.158134	-0.769778	-0.685031	-0.685572	-0.384861	0.307245	0.145731	-0.015031	0.117467	0.523898	0.176685	-0.380341	-0.162530	0.162071	-0.796389	0.600972	-0.062381	-0.243692	-0.424356	-0.328150	0.259906	0.385992	0.186466	0.269158	0.487358	-0.060459	-0.127773	-0.847364	-0.901852	-0.657478	-0.676458	-1.577566	-1.147767	-0.298985	-0.675689	-1.130881	-1.132209	-1.110084	-1.330643	-1.684783	-1.625408	-1.258127	-1.432243	-0.558040	-0.746777	-0.333582	-0.137171	-0.921931	-0.716612	-0.667121	-0.922456	-0.339672	-0.071104	-1.302579	-1.650781	-1.486327	-1.367847	0.410659	0.768305	-0.908223	-0.082373	-1.936975	-0.932905	-0.942608	-2.364263	-0.885912	-0.181767	-0.586247	-0.588601	-0.312623	-0.210787	-0.231623	0.217308	-0.551650	-0.382226	-0.427810	-0.285058	-0.640161	-1.150721	-2.481051	-2.347473	-1.538701	-1.426844	-1.996404	-1.036261	-1.227637	-0.737651	-0.558520	-1.840141	-1.116220	-2.067806	0.828792	-1.431201	-0.327752	-1.549011
-0.403201	-0.339570	-0.173054	-0.408787	0.070371	0.113537	-0.153136	-0.184725	0.138216	1.132815	0.211248	-0.472430	0.055002	0.018057	1.564542	0.568796	0.175064	-0.404000	0.114163	0.685948	0.863345	0.505899	0.270084	0.622205	1.627823	0.986190	0.870665	0.531315	1.398110	-0.683639	1.308612	1.067704	0.980646	0.586260	1.037409	1.402246	1.434961	1.525852	1.192563	1.620257	0.548849	0.229118	0.111962	0.222657	0.316463	0.406088	-0.852774	-0.839871	-0.141163	-0.117168	0.009968	0.009969	-0.904860	-0.915182	-1.194745	-0.944618	-0.601707	-0.398922	0.124706	0.181479	0.608078	0.765678	0.567174	0.466107	-0.454437	-1.164966	0.463346	0.343696	-0.170851	-0.551276	-0.382790	-0.266717	0.744270	1.394492	0.513879	0.231531	-0.636172	0.324099	-0.298130	-1.389425	-0.027434	0.145826	0.752668	0.024009	0.914983	0.496636	0.266217	0.957698	0.175192	0.071881	0.475046	0.275993	0.123500	-0.170777	-2.155617	-2.102024	-1.156973	-1.773600	-1.814905	-1.721701	0.109224	0.499105	-0.272509	-1.544758	-1.114304	-1.887806	0.907469	-0.728713	-0.088249	-1.287187
0.379570	-0.124941	0.543672	0.192682	0.612182	0.221041	0.644361	0.070777	1.135042	1.368848	1.299810	0.529644	0.708405	0.662346	1.491491	0.561573	0.924031	-0.033170	0.633644	1.264998	0.848152	0.360915	0.166559	0.472121	1.784226	1.118861	1.472891	0.652415	1.454392	-0.440462	1.525949	1.494696	1.213189	0.970771	1.495542	1.567423	1.482884	1.667678	1.538533	1.770407	0.782623	0.182418	0.805163	0.893970	0.928861	1.046642	-0.081881	-0.281605	0.567991	0.350861	0.920120	0.937351	-0.262687	-0.104457	-0.208378	-0.199190	0.186534	0.413571	0.514636	0.636103	1.070850	0.962879	1.645399	1.375930	-0.122663	-0.643388	0.509262	0.324258	0.844237	0.542984	0.541872	0.667549	0.903568	0.827053	1.493290	0.169842	0.638992	0.835945	0.267255	-0.175896	0.620252	0.304920	1.300026	0.596698	1.418174	0.668985	0.388455	1.148049	0.500483	0.483393	0.772120	0.638589	0.866521	0.646013	-0.984842	-1.156464	-0.348252	-1.281873	-0.920844	-1.291712	1.113266	1.040638	0.397074	-0.666817	-0.697919	-0.968575	0.416717	0.139196	-0.382365	-0.072256
0.950221	0.151309	0.679952	0.370328	0.618822	-0.126685	1.090852	0.537661	2.066100	1.198412	1.494170	1.053532	0.416052	0.443906	0.818871	0.506923	1.018669	0.496268	0.881459	1.201726	0.769008	0.387217	0.321416	0.352660	1.300288	0.962419	0.875714	0.203723	0.832559	-0.012854	1.309243	1.297365	0.416092	0.496268	0.963205	0.781061	0.756172	0.625277	1.349678	0.987708	0.885162	0.393535	1.018578	0.893580	0.926777	1.044843	0.144669	0.203202	1.489812	0.910064	0.747987	0.524698	0.536683	0.335535	0.499013	0.356680	0.463170	0.245265	0.627585	0.679935	1.068947	0.757675	1.369855	1.341708	0.334083	0.556398	0.125833	0.248878	1.201794	1.097390	0.748123	0.922190	0.869658	-0.028450	1.575680	0.078353	1.071057	0.547843	0.273727	0.521394	0.670417	0.057936	0.792872	0.645406	0.962391	0.305654	0.344579	0.830748	0.243437	0.463103	0.320189	0.583602	1.054385	0.576294	0.181570	-0.140889	0.302760	-0.025511	0.129112	-0.086349	1.263580	0.553989	0.975457	0.155141	0.320437	0.145881	-0.454368	0.719512	-0.754287	1.029680
1.205044	0.718353	0.479023	0.194870	0.413763	-0.040494	1.163496	1.388869	2.096292	1.080341	0.979119	1.172725	-0.288179	-0.324095	0.475753	0.645704	0.618114	1.042808	1.011895	0.846866	1.052398	0.882313	1.085025	0.850578	0.922882	1.088933	-0.342561	-0.249634	0.666756	0.631435	0.990957	1.121546	-0.309692	-0.204513	0.343431	-0.029375	0.181776	-0.334038	0.968981	0.268484	1.178533	1.211613	0.981870	0.706924	0.664253	0.847673	-0.031842	0.524387	1.814665	1.523633	-0.022583	-0.695127	1.093114	0.231982	0.612906	0.777093	0.319611	-0.253186	0.754622	0.740803	1.001809	0.796382	0.113489	0.673204	0.838735	1.562276	0.093886	0.340574	1.063937	1.183173	0.432780	0.640917	0.585835	-0.004311	1.153022	0.319191	0.832571	0.268449	-0.095898	0.699922	0.435082	-0.134837	0.078267	0.187099	0.236848	-0.056048	0.406818	0.384306	-0.159324	-0.031235	-0.222227	0.213760	0.691581	0.031374	0.695061	0.522697	0.589570	1.293774	0.981737	0.764465	0.962310	-0.176519	1.128596	0.573569	1.604722	0.932548	-1.160239	0.864049	-0.464849	1.147743
1.235072	1.436283	0.487808	0.259983	0.441345	0.921957	0.993417	2.151545	0.888320	1.204875	0.405365	1.261231	-0.296978	-0.609889	0.833537	0.856517	0.388560	1.419758	1.108752	0.708311	1.519663	1.383782	1.994581	1.719244	0.941522	1.480067	-1.033520	-0.259434	1.297309	1.417691	0.795789	1.304047	0.075089	-0.242747	0.439178	0.057784	0.367103	-0.051525	0.625278	0.406479	1.550495	2.103145	0.960124	0.803943	0.593577	0.912103	0.099626	0.801970	1.324981	1.879921	-0.120274	-1.028800	1.241344	0.185043	0.469847	1.216407	0.452607	0.124332	1.090782	1.046378	1.116402	1.242289	-0.783370	0.238355	1.344761	1.759553	0.614226	0.477479	0.914664	1.062343	0.217067	0.330889	0.096731	0.792595	0.873755	0.882205	0.599810	0.517217	-0.286236	0.754181	0.439658	0.374293	0.139085	-0.163546	0.052883	0.141646	0.674600	0.204463	-0.027577	-0.368894	-0.031948	0.029687	0.325876	-0.018509	0.590857	0.868125	0.808731	1.869177	1.550520	0.698101	0.891907	-0.205055	1.030138	0.804024	2.342700	1.219360	-1.157866	0.774788	0.589815	0.557582
1.134803	1.827969	0.776016	0.739291	0.722629	1.998778	0.698025	2.155286	-0.734525	1.268081	0.190027	1.319839	0.629842	0.049555	1.355225	0.865619	0.687602	1.499287	1.082778	0.910964	1.551358	1.309680	2.224676	2.114453	1.002486	1.559538	-0.639437	0.049576	1.893445	1.869797	0.587635	1.414727	1.281137	0.468141	1.027163	0.918766	0.996883	1.151051	0.410925	1.054448	1.565163	2.211253	0.900744	1.000759	0.644878	1.066178	0.859815	1.032860	0.699655	1.731197	0.777456	0.105074	0.951771	0.613133	0.501764	1.590033	1.081228	1.369745	1.460049	1.344950	1.245550	1.574908	-0.505714	0.350563	1.689157	1.301971	1.008101	0.468228	0.905648	0.755801	0.397239	0.262227	-0.429037	1.126686	0.863486	1.288209	0.585101	0.914692	-0.125882	0.715862	0.716939	1.326034	0.917593	0.066579	0.455235	0.770102	1.019492	0.395649	0.711817	0.076195	0.884346	0.417263	0.312683	0.627687	0.254824	1.036972	1.194214	1.456037	1.710295	0.233744	1.090855	0.463890	1.076044	1.053527	1.929267	1.138622	-0.333988	0.646415	1.537454	0.154542
0.906078	1.495177	0.731678	0.954000	0.918376	1.981427	0.419313	1.272643	-1.442510	0.840594	0.246454	0.942929	1.465874	0.889355	1.248478	0.601270	1.082519	1.220683	0.792477	1.080289	0.786427	0.752744	1.489643	1.525786	0.701061	0.977591	0.365244	0.334772	1.528168	1.397435	0.146267	0.881047	1.982609	1.065206	1.235245	1.495168	1.273503	1.814508	0.411739	1.184861	1.041949	1.339665	0.600680	0.775322	0.364095	0.778645	1.657474	0.965662	0.642071	1.182045	1.507853	1.260267	0.189059	1.041297	0.682633	1.530545	1.451843	2.019697	1.443117	1.189431	1.067763	1.235901	0.381367	0.457000	1.481570	0.622348	0.586966	0.337087	0.767852	0.178206	0.665592	0.259825	-0.829882	0.339543	0.726369	1.044497	0.424509	0.816628	0.001587	0.264674	0.744625	1.539409	1.387790	0.552633	0.783785	1.078014	1.110579	0.662833	1.294288	1.007941	1.601003	1.095717	0.345042	1.116497	-0.102492	0.968102	1.450180	0.474344	1.252745	0.129911	0.987426	0.951672	1.297107	1.000028	0.572223	0.853052	0.808109	0.420828	1.350780	0.296823
0.551040	0.541512	-0.114473	0.272872	0.821408	0.663939	0.309952	0.087094	-0.798651	-0.048691	0.283910	0.046526	1.237762	0.920488	0.448953	0.297365	0.951392	0.700141	0.317377	0.865522	-0.351052	0.365859	0.354173	0.355149	0.116477	0.125541	1.099853	0.521502	0.361700	0.143279	-0.352004	-0.092693	1.406304	0.840619	0.707289	1.068975	0.828262	1.132044	0.598358	0.428520	0.323666	0.152756	0.131180	0.099801	-0.317288	0.040463	1.626245	0.409798	1.029729	0.598998	0.982370	0.906953	-0.799879	0.734947	0.651122	0.817821	0.813490	0.984928	0.844387	0.485408	0.536507	0.332229	0.744679	0.019922	0.559975	-0.050122	-0.333591	0.320288	0.363969	-0.452280	0.599620	0.078123	-0.991360	-0.669647	0.263421	0.268317	-0.059874	0.230743	-0.192676	-0.537469	0.140196	0.397931	0.857116	0.599433	0.572043	0.644551	0.687725	0.595697	1.035814	1.453045	1.378029	1.372492	-0.047544	0.652577	-0.480493	0.575717	1.103352	-0.440870	0.258016	0.428884	0.349117	0.644543	1.266639	0.240996	-0.825537	0.411601	1.432016	0.026798	0.068218	0.499231
0.194806	-0.431691	-1.244866	-0.853486	0.585618	-0.815979	0.386104	-0.638302	0.311645	-0.801777	0.230482	-0.718003	0.283636	0.240208	-0.222787	0.249369	0.368049	0.285597	0.018073	0.436869	-0.951095	0.523846	-0.348511	-0.485395	-0.314164	-0.271266	1.099097	0.689507	-0.520340	-0.841953	-0.393984	-0.595701	0.205708	0.149262	0.020117	0.119309	0.047852	-0.067208	0.713603	-0.424280	-0.089762	-0.552560	-0.124204	-0.396495	-0.794528	-0.411250	0.646443	-0.413577	1.177942	0.297365	-0.298624	-0.447485	-1.300187	-0.212767	0.274725	-0.193374	-0.440957	-0.940426	-0.007794	-0.318028	-0.035312	-0.448176	0.253217	-0.676075	-0.495310	-0.553218	-0.641876	0.626342	0.041004	-0.640405	0.233899	-0.190945	-0.816970	-0.515328	-0.136975	-0.326036	-0.437706	-0.193875	-0.404795	-1.003865	-0.735341	-1.081687	-0.155383	0.105870	0.111346	-0.010757	-0.052383	0.121691	0.271514	0.964053	0.580663	0.972133	-0.741561	-0.475851	-0.782851	0.068208	0.240116	-0.873003	-0.673815	0.575485	-0.228036	-0.067704	0.670686	-0.883638	-1.376487	-0.107585	1.009632	-0.300489	-1.074174	0.197678
0.019974	-0.828528	-1.627952	-1.340936	0.459964	-1.231717	0.499099	-0.598452	0.789437	-0.846542	0.249997	-0.644468	-0.288203	-0.215280	-0.040076	0.498195	-0.015060	0.272161	0.168743	0.250985	-0.552299	0.921680	-0.292567	-0.482649	-0.311909	0.038148	0.550655	0.761247	-0.390346	-0.689200	0.208863	-0.100235	-0.449601	-0.144245	-0.122855	-0.357640	-0.441748	-0.457868	0.534339	-0.447426	-0.042246	-0.552273	0.072414	-0.205432	-0.514368	-0.001455	-0.504906	-0.988273	0.764268	0.328273	-0.939515	-1.049061	-0.783500	-0.947073	-0.146178	-0.809806	-1.169420	-1.996203	-0.543551	-0.661646	-0.303270	-0.578203	-0.414333	-0.909336	-0.818517	-0.645839	0.207810	1.162872	0.190550	-0.180622	-0.026459	-0.241160	-0.335085	0.926076	-0.019815	-0.210441	-0.234591	-0.011486	-0.173510	-0.610665	-1.116489	-1.362103	-0.619161	-0.334534	-0.022145	-0.100622	-0.545835	-0.398535	-0.075026	0.116822	0.143933	0.327897	-1.119628	-1.258254	-0.785339	-0.178968	-0.466386	-0.769283	-0.884227	0.259920	-0.079254	-0.374390	-0.213788	-1.466642	-0.903728	-0.474795	-0.170659	-0.231454	-0.985617	-0.502133
0.060375	-0.577814	-1.018402	-0.860894	0.465313	-0.581475	0.501267	-0.111870	0.536754	-0.287294	0.379851	0.069481	-0.071581	-0.021006	0.686890	0.781517	0.107223	0.539513	0.573410	0.411117	0.321033	1.061394	0.158143	0.057547	-0.011237	0.588705	-0.003611	0.619723	0.327148	0.218400	0.924594	0.803820	-0.241217	0.156474	0.247545	-0.087413	-0.396643	0.086936	0.210588	0.228849	0.213452	-0.177155	0.468975	0.386809	0.241063	0.815639	-0.976113	-0.991400	0.185111	0.487816	-0.498265	-0.374897	0.237897	-0.935216	-0.278608	-0.718497	-0.890377	-1.549051	-0.522911	-0.444131	-0.212125	-0.186608	-0.552869	-0.496173	-0.313868	-0.297720	1.342403	1.485162	0.608589	0.462863	0.043755	-0.003074	0.189114	2.248632	0.444139	0.333595	0.340909	0.469127	0.371893	0.224130	-0.756075	-0.385841	-0.283613	-0.285682	0.239249	0.361607	-0.470299	-0.540598	0.242804	-0.301036	0.328276	-0.000411	-0.865422	-1.140371	-0.452707	-0.081271	-0.552341	-0.412729	-0.413227	-0.198756	0.543181	-0.103077	-0.757366	-1.128681	-0.075132	-0.504889	-1.143623	0.142679	-0.001843	-0.955679
0.162793	-0.073085	-0.180714	-0.121608	0.432715	0.170492	0.371122	0.285325	0.273292	0.255061	0.401733	0.522850	0.351609	0.330739	1.001085	0.803496	0.375497	0.676536	0.754929	0.570597	0.741429	0.814111	0.442753	0.481130	0.271492	0.756316	-0.127571	0.348453	0.686103	0.727704	1.009096	1.055678	0.239951	0.473896	0.559344	0.367245	-0.003662	0.564873	0.116528	0.676443	0.355874	0.173019	0.594269	0.660500	0.667222	1.027614	-0.560139	-0.531511	0.007384	0.515630	0.193018	0.412629	0.603627	-0.448978	-0.122407	-0.222631	-0.173456	-0.488583	-0.176547	-0.019627	0.045112	0.228750	-0.131391	0.061955	0.266305	0.173618	1.370724	1.144204	0.666394	0.585701	0.280684	0.267715	0.432867	1.998269	0.634982	0.589571	0.608177	0.600724	0.615906	0.563930	-0.142858	0.436623	0.210690	0.063492	0.452412	0.642251	-0.036832	-0.182130	0.565945	-0.125504	0.541390	0.106789	-0.267189	-0.439610	-0.034918	0.072698	-0.217978	-0.203111	0.046024	-0.309867	0.734092	0.202857	-0.590676	-0.397389	0.230909	-0.271306	-1.069242	0.343378	0.605244	-0.681391
0.208310	0.376987	0.317972	0.317100	0.281117	0.478284	0.170387	0.402568	0.391827	0.463810	0.199749	0.335412	0.504362	0.409080	0.578620	0.542663	0.459678	0.519501	0.559409	0.505822	0.465012	0.362138	0.399391	0.549815	0.408984	0.437177	0.170676	0.087309	0.402155	0.421988	0.373667	0.417738	0.532735	0.442301	0.540211	0.583978	0.487329	0.428183	0.348866	0.492923	0.311616	0.378588	0.333187	0.392249	0.489461	0.370487	0.379764	0.110143	0.299280	0.350503	0.493173	0.503103	-0.025100	0.083901	0.139336	0.303893	0.410835	0.361937	0.211760	0.331814	0.304704	0.431382	0.514212	0.394142	0.445964	0.520670	0.080193	0.190690	0.169159	0.067884	0.481949	0.393656	0.360394	0.213243	0.333575	0.326493	0.333205	0.219811	0.334456	0.142781	0.301586	0.345426	0.408154	0.396211	0.375125	0.396945	0.437518	0.487351	0.456149	0.339979	0.383126	0.434336	0.324901	0.357117	0.279405	0.077432	0.167473	-0.264253	0.107302	-0.009762	0.184092	0.195058	0.111208	0.202063	-0.160511	0.042133	-0.024844	0.168032	0.336604	0.192927
