X1	X2	X3	X4	X5	X6	X7	X8	X9	X10	X11	X12	X13	X14	X15	X16	X17	X18	X19	X20	X21	X22	X23	X24	X25	X26	X27	X28	X29	X30	X31	X32	X33	X34	X35	X36	X37	X38	X39	X40	X41	X42	X43	X44	X45	X46	X47	X48	X49	X50	X51	X52	X53	X54	X55	X56	X57	X58	X59	X60	X61	X62	X63	X64	X65	X66	X67	X68	X69	X70	X71	X72	X73	X74	X75	X76	X77	X78	X79	X80	X81	X82	X83	X84	X85	X86	X87	X88	X89	X90	X91	X92	X93	X94	X95	X96	X97	X98	X99	X100	X101	X102	X103	X104	X105	X106	X107	X108	X109	X110
0.037204	0.161492	0.034061	0.057462	-0.101317	-0.047180	-0.219663	-0.113373	0.059832	0.048609	0.041508	-0.010417	0.065427	0.042389	0.301399	0.239299	0.165271	0.104374	0.274649	0.159039	0.207326	0.020359	0.036855	0.179438	-0.009495	-0.134416	-0.197454	-0.021928	-0.160843	-0.111892	-0.093569	-0.031762	0.033483	0.024086	-0.006825	-0.037548	0.082467	0.047445	-0.060176	-0.024150	-0.120578	-0.002709	-0.131652	-0.015232	0.006118	0.108670	0.106854	0.059988	0.098209	0.115541	-0.022204	0.092083	0.022385	0.115885	0.073201	0.200453	0.177520	0.138162	0.075887	0.083454	0.008863	0.072923	0.015943	0.004903	0.163084	0.078996	-0.419089	-0.449488	0.238334	0.017835	0.097940	0.191589	-0.005299	0.086998	0.011761	0.099200	0.042312	0.189738	0.255245	0.199977	0.143749	0.154403	0.165956	0.035785	0.204751	0.016343	0.117196	0.038867	0.100318	0.008322	0.037976	-0.023749	-0.022496	0.054497	-0.040723	0.145015	0.107708	0.000666	0.040731	0.015176	-0.153925	0.284327	0.155356	0.124888	0.182407	0.000468	-0.151869	-0.048260	0.275595	0.236330
-1.375465	-0.942394	-1.832410	-2.363743	-1.627665	-1.877313	-0.520407	-0.550157	-1.229117	-2.017051	-1.830861	-1.851816	-2.491112	-1.624265	-0.533725	-1.370196	0.361706	-1.331742	-0.937629	-1.391179	-0.729912	-0.752181	-0.133925	-0.955099	-0.525820	0.075163	-1.692758	-1.776572	-0.230804	-2.122098	-0.828824	-0.378238	-1.865650	-1.939285	-0.873123	-0.396665	-1.320709	-1.474173	-0.767153	-1.155906	-0.539222	-0.805938	0.324087	0.067615	-0.235153	-0.968475	-1.034627	-1.077664	-0.254838	-0.813149	-2.443949	-2.620263	-0.403597	0.137546	-1.036902	-0.941972	-1.229647	-0.909386	0.152549	0.434519	-0.275873	-0.312023	-1.329036	-0.972447	-2.100255	-2.506700	-1.776452	-1.318314	-0.428157	-0.396848	-1.117973	-0.875822	-2.248708	-0.599690	0.173763	-0.953335	-0.610982	-1.951997	0.675976	-0.668582	-1.725979	-1.733552	-2.007204	-1.988352	-1.838567	-1.616971	-1.099009	-2.155509	-1.961688	-1.886674	-0.193094	-0.733327	-0.454080	-1.052847	-0.178043	-0.859993	-0.009121	-0.423374	-1.795776	-0.493306	-0.771754	-0.147166	1.516978	0.095618	-0.918495	-2.211831	-0.560175	-0.005110	-1.031991	0.580785
-1.212559	-0.568119	-2.122699	-2.877867	-2.089969	-2.450268	-0.532224	-0.620590	-0.753083	-2.129484	-2.137641	-2.012642	-2.991650	-2.253449	-0.284026	-1.340427	0.670762	-1.653022	-1.019829	-2.033394	-0.568425	-0.537266	-0.139693	-0.942946	-0.649793	0.168734	-1.876701	-1.406693	-0.346039	-2.689045	-1.062449	-0.122797	-2.235385	-2.552091	-0.688407	-0.160848	-1.503178	-1.632950	-0.973836	-1.332128	-0.750137	-1.115205	0.458079	0.182165	-0.504239	-1.260365	-1.625784	-1.714797	0.242641	-0.554298	-2.552283	-3.083820	0.273670	0.578991	-0.897822	-0.420454	-1.297406	-0.801259	0.419477	0.920980	-0.334976	-0.234264	-1.798138	-1.383650	-1.693520	-2.551198	-1.288837	-1.751150	-1.174755	-0.749952	-1.803045	-1.094825	-2.259715	-0.334079	0.025860	-1.201028	-0.706806	-2.064451	0.734599	-0.885407	-1.667468	-2.069510	-2.636181	-2.844704	-2.715805	-2.543785	-1.146369	-2.954860	-2.704830	-2.958546	-1.217086	-1.249691	-1.005111	-1.518199	-0.400449	-1.050398	0.479783	-0.347858	-2.305085	-0.453273	-0.680483	0.136031	2.155451	0.644958	-0.898610	-3.017674	-1.094653	-0.130903	-0.741035	0.872197
0.574239	1.081250	-0.619765	-1.172085	-1.290759	-1.705617	0.090874	-0.106751	1.131275	-0.196389	-0.662313	-0.313608	-1.354890	-1.486616	0.718561	0.236219	0.864082	-0.713935	0.042859	-1.295425	0.467101	0.553788	0.131492	0.118484	-0.388871	0.166295	-0.568572	0.673177	-0.360947	-1.683364	-0.465120	0.670215	-0.844818	-1.428267	0.635648	0.867649	-0.349257	-0.279574	-0.346945	-0.246290	-0.584762	-0.708899	0.691919	0.709510	-0.687912	-0.518277	-1.017496	-1.137239	0.986928	0.371971	-0.455249	-1.172953	1.648565	1.115363	0.264847	1.367904	-0.111323	0.284140	0.927726	1.533160	0.145818	0.658179	-0.822401	-0.598276	0.854437	-0.463832	0.443437	-1.661155	-1.908065	-0.891804	-1.348041	-0.027167	-0.349431	0.659993	-0.272792	-0.575924	-0.089403	-0.255116	0.791593	-0.150954	0.383827	-0.565308	-1.458309	-2.020984	-2.081852	-2.375533	0.018875	-1.863579	-1.897596	-2.633582	-2.420966	-1.116198	-1.140813	-0.676706	-0.470971	-0.325751	1.284903	0.255751	-1.266928	0.309274	-0.191961	0.705157	1.868598	1.346036	0.018286	-2.106546	-1.216999	-0.514639	0.575492	1.093842
2.462308	2.376552	1.360379	1.167508	-0.070584	-0.694048	1.257780	0.730191	2.374732	1.947134	1.250223	1.733625	0.564515	0.001912	1.132959	1.628262	0.520225	0.599774	1.192759	0.284098	1.098850	1.415987	0.594560	1.083793	-0.101863	0.194839	1.008313	2.122424	-0.156668	-0.212276	0.667467	1.250217	0.971758	0.424782	1.905968	2.026376	1.009763	1.320901	0.794734	1.348671	-0.068221	0.117358	1.416968	1.714241	-0.612351	0.642444	0.694050	0.651542	0.751643	0.475997	1.577257	1.107538	2.284088	1.062188	1.166776	2.538124	1.059695	1.149952	1.443456	2.004077	1.082813	1.985747	1.051334	1.175460	2.545245	1.145182	1.268657	-1.230397	-2.219482	-0.749335	0.175020	1.675862	1.057790	1.190602	-0.323278	0.174413	0.768771	1.446120	1.309756	0.996223	2.566640	1.450992	0.346083	-0.161620	-0.651706	-1.357191	1.254801	0.124672	-0.508126	-1.138882	-2.476484	-0.233803	-0.419032	1.206434	-0.120526	0.625714	1.626335	0.934302	0.316951	1.418837	-0.102576	0.574536	1.095389	1.214310	0.712516	-0.433154	-0.279889	-0.890069	1.017628	1.230486
2.833199	2.055276	2.188223	2.078068	0.469942	-0.358488	2.099375	1.164192	1.594942	2.329568	1.924053	2.312761	0.961204	0.958387	0.188567	1.257737	-0.462318	1.198513	1.289250	1.281091	0.451458	1.120186	0.906671	1.001450	-0.137120	0.316739	1.344462	1.525684	0.140241	0.590869	1.361221	0.916038	1.504361	1.346793	1.630116	2.085728	1.280468	1.623743	1.463015	2.094279	0.474506	0.649348	1.918273	2.278383	-0.324343	1.086087	2.127722	2.205913	-0.436977	-0.602533	1.660558	1.683308	1.438535	0.297424	1.100547	2.008773	1.256247	1.039304	1.511953	1.894285	1.631568	2.458838	2.098941	2.382293	1.483638	0.703506	0.413733	-0.566360	-1.651334	-0.518335	1.475703	2.376600	0.238112	0.400858	-0.020369	0.189733	1.010752	1.286952	1.805485	1.358521	2.923992	2.167246	1.248162	1.241478	0.385903	-0.274480	1.356711	1.188960	0.261700	0.376049	-1.165659	0.621829	0.506308	2.444127	0.453000	0.985065	1.299142	1.189596	1.153351	2.128029	-0.475233	-0.402532	0.475056	0.028067	0.625144	0.677803	1.416267	-0.731037	-0.101707	1.198752
1.497666	0.466344	1.382399	0.956702	0.031897	-0.608716	1.660684	0.704382	-0.519214	0.696461	0.945175	1.030350	-0.120187	0.693577	-1.548077	-0.707937	-1.572903	0.699955	0.022071	0.680425	-1.060703	-0.150198	0.723403	-0.089807	-0.571135	0.418336	0.296912	-0.162574	0.340871	0.485011	0.857564	-0.176300	0.382183	0.614135	-0.268516	0.581748	0.365917	0.334749	0.989272	1.308751	0.608288	0.350379	1.064598	1.335035	-0.152885	0.216354	1.841015	1.868858	-1.175811	-1.591731	0.179313	0.410584	-0.169568	-0.601628	0.611752	0.546123	0.720137	0.359631	0.888309	0.999237	0.911081	1.088717	1.088441	1.553035	-1.159342	-0.797251	-0.603952	0.340036	-0.368265	-0.444113	1.123497	1.040603	-1.955660	-1.316825	0.353035	-0.658449	0.158050	-0.499414	1.238586	0.335358	1.293936	1.081677	0.701157	1.127840	0.371933	0.210558	0.240205	0.487458	0.035806	0.764207	0.235769	0.591174	0.505139	1.483109	0.690697	0.589125	0.832069	0.880947	0.738966	1.828485	-0.652625	-1.378479	0.249865	-1.247351	0.176816	0.646022	2.591971	0.024745	-1.559852	0.921166
-0.228383	-0.941362	-0.157345	-0.908609	-0.676022	-0.696117	0.039531	-0.251800	-2.207566	-1.413141	-0.535292	-0.750068	-1.090068	-0.211498	-2.835819	-2.559000	-1.996817	-0.329365	-1.834422	-0.939835	-2.258394	-1.349942	0.127914	-1.405779	-1.164250	0.345526	-0.703116	-1.135182	0.424314	-0.057987	-0.423665	-1.044288	-0.999861	-0.762940	-2.003953	-1.300273	-0.502232	-1.242447	-0.098021	-0.222088	0.210793	-0.550320	-0.880577	-0.732732	-0.278956	-1.240488	0.094388	-0.201449	-0.464844	-1.262159	-0.991049	-1.011800	-1.237422	-1.067382	0.529742	-0.414728	0.281418	-0.061581	-0.026928	-0.215717	-0.778158	-1.357970	-1.054063	-0.730769	-2.817446	-1.485855	-0.219406	1.239879	0.630617	-0.371455	-0.691952	-1.306925	-3.194372	-2.680303	0.445946	-1.642430	-1.234800	-2.155040	-0.379481	-1.107003	-0.698941	-0.505218	-0.527900	-0.082951	-0.292018	0.139850	-1.078486	-0.927174	-0.662523	-0.021771	0.518625	-0.076011	-0.433872	-1.039463	0.335500	0.049849	0.630704	0.221225	-0.353158	0.576140	-0.420713	-1.651217	0.183788	-1.459073	-0.126690	-0.079081	2.137948	0.613778	-2.001331	0.543513
-0.895118	-1.096899	-1.230637	-1.852172	-0.817512	-0.247064	-1.485716	-0.737173	-2.489212	-2.301749	-1.125553	-1.336964	-0.745279	-0.558325	-2.826255	-2.727167	-1.325771	-0.940439	-2.891662	-1.933751	-2.316799	-1.608989	-0.301154	-2.072071	-1.453008	0.173002	-0.433893	-0.906909	0.440727	-0.546418	-1.205049	-0.854694	-1.005776	-1.150778	-1.751505	-1.774670	-0.171714	-1.524604	-0.648120	-1.023239	-0.305141	-1.192315	-2.073291	-2.051101	-0.379750	-1.851373	-1.340705	-2.004822	1.072529	0.076794	-0.722690	-1.035898	-1.139077	-1.031052	0.852475	-0.349734	0.250468	-0.006675	-0.410324	-0.810455	-1.946734	-2.773586	-2.066870	-2.175441	-2.350315	-0.870315	1.034531	1.541780	0.414555	0.151441	-2.130311	-2.451710	-2.290486	-2.673442	0.106575	-1.886282	-1.907454	-2.274069	-1.533550	-1.350687	-1.453299	-1.011354	-1.232327	-0.970904	-0.635030	0.043289	-1.589925	-1.430141	-1.180083	-0.989550	-0.099956	-0.262781	-1.036868	-2.719107	-0.236150	0.026182	0.493919	-0.461864	-1.104621	-0.847589	-0.377197	-1.351109	0.017282	-0.447224	-0.333150	-0.672800	0.226058	0.291131	-1.468328	0.383933
-0.284380	-0.180245	-1.387867	-1.459941	-0.324929	0.391934	-1.690184	-0.271743	-1.705465	-1.648553	-0.641817	-0.408217	0.458369	0.099139	-1.559961	-1.197483	-0.009407	-0.675111	-2.206788	-1.363101	-1.297180	-0.889868	-0.037660	-1.582816	-1.050902	0.186280	0.562137	-0.402019	0.359591	-0.751413	-0.792652	0.136163	0.369601	-0.151064	0.165482	-0.481148	1.007293	-0.297600	-0.291602	-0.502592	-0.324478	-0.904129	-1.221678	-1.285945	-0.049702	-1.059333	-1.285623	-1.945899	1.981426	1.103002	0.340729	0.074630	-0.316101	-0.697891	0.915751	0.163655	0.218396	0.110027	0.094447	-0.311707	-1.493666	-1.932852	-1.011321	-1.400987	-0.738855	0.047220	1.411919	0.984425	-0.704636	1.126859	-1.777170	-1.506476	-0.327498	-1.380975	-0.525057	-1.138728	-1.151364	-1.062659	-0.956879	-0.124011	-0.926733	-0.321805	-0.880072	-0.679317	-0.172688	0.213846	-1.173412	-0.728904	-1.262071	-1.206763	-0.510375	0.492592	-0.439377	-2.123633	-0.487272	0.401080	0.125691	-0.849718	-0.937730	-1.528100	-0.838430	-0.900462	-0.221563	0.854010	-0.594837	-0.674610	-1.702048	-0.579217	-0.827746	0.464923
0.569983	0.795210	-0.975113	-0.576243	0.191401	0.739559	-0.692453	0.538996	-0.692933	-0.473963	-0.109083	0.754590	1.114308	0.950913	0.216220	0.673948	1.011595	0.021079	-0.226244	0.080942	0.173879	0.282038	0.774160	-0.062503	-0.088657	0.437117	0.825246	-0.360661	0.167017	-0.545320	0.087582	0.753240	1.455079	1.006689	1.492448	1.002951	1.459798	1.046323	0.185706	0.467632	0.330906	0.156686	0.682876	0.662673	0.497496	0.139493	-0.414587	-0.530096	1.590935	1.120328	0.833744	0.752690	0.291957	-0.190176	0.413643	0.397158	-0.191817	-0.019467	0.826412	0.613720	-0.039259	0.075595	0.602097	0.405684	0.495865	0.331467	0.433713	0.215370	-1.319349	1.804591	-0.279713	0.088247	0.763793	0.184287	-1.041163	0.078946	0.311768	0.140040	0.620140	1.028197	-0.308271	0.302090	0.056227	0.233689	0.577168	0.420009	-0.438420	0.108615	-0.910863	-0.603368	-0.193645	1.289724	0.598678	-0.348986	-0.374554	0.365793	-0.335969	-0.682670	-0.126224	-1.236853	-1.052900	-0.329151	-0.371570	1.332696	-0.599723	-0.160098	-2.133829	-0.816116	-0.370421	0.321471
0.577980	1.049491	-0.553137	-0.107638	0.238911	0.739472	0.172727	0.617612	-0.009311	0.114331	-0.463594	0.670390	0.494452	0.894967	1.584390	1.558243	1.211898	0.250987	1.479816	1.002296	1.496967	1.431430	1.402150	1.662815	0.733677	0.460531	0.024549	-0.528126	-0.025624	0.095748	0.167487	0.121119	0.801731	0.980678	0.605977	0.924068	0.172968	0.956150	-0.060551	0.584376	1.163468	1.201354	1.454395	1.571880	0.607554	0.402421	-0.076143	0.541960	0.563854	0.714382	0.205607	0.086995	0.111264	0.398633	-0.167602	0.231412	-0.737895	-0.229359	0.758525	0.793046	0.747998	1.049127	0.752944	0.987201	0.817793	0.104318	-0.564392	0.151898	-0.528338	1.479135	0.586549	0.456136	0.304036	1.018406	-1.053732	0.912895	0.993931	0.358863	1.261870	0.651540	-0.480591	-0.132983	0.666111	0.586123	0.705927	0.354211	-0.002338	0.229176	-0.215619	0.230577	0.347959	0.998717	0.699725	0.583632	-0.304505	-0.533585	-0.567098	0.035408	0.522499	-0.671822	-0.180523	0.524267	-0.349284	0.679093	0.075451	0.469298	-0.894599	0.083552	0.341152	-0.368814
-0.329035	0.616387	-0.460247	-0.201679	-0.074370	0.647361	-0.150740	-0.346332	0.169972	-0.078092	-1.485396	-0.752403	-0.778848	-0.153092	1.972789	1.241231	0.895380	-0.415906	1.702441	0.791531	2.345478	2.270926	1.255600	2.469505	0.794140	-0.239419	-0.764837	-0.465164	-0.120983	0.829568	-0.793642	-1.336130	-1.144168	-0.150390	-1.606608	-0.660215	-2.024024	-0.620040	-0.877336	-0.427015	1.481719	1.557318	0.306503	0.449876	0.139323	-0.302830	-0.419717	0.516391	-0.033853	0.780878	-0.952577	-1.172945	-0.636582	0.788020	-0.220610	0.036228	-0.869893	-0.251646	-0.273291	-0.081760	0.109159	0.132370	-0.557175	-0.192879	0.633205	0.021507	-0.411541	0.730769	0.881076	0.380057	0.185432	-0.380028	-0.738281	0.925859	-0.666955	0.793557	0.271595	-0.131848	0.265420	-0.721362	-1.130122	-1.213521	0.419252	-0.017857	-0.023081	0.103007	-0.041898	-0.149153	0.485812	0.694468	0.505809	-0.275386	-0.239027	0.221094	-0.464314	-1.607834	-0.508435	0.834329	0.415135	-0.713710	1.233418	1.392463	-0.147128	-0.401472	1.156595	0.729733	0.659939	1.187254	1.386233	-1.139562
-1.288180	0.002271	-0.677889	-0.422863	-0.294339	0.616264	-1.212351	-1.412222	-0.012978	-0.448274	-2.086416	-2.088520	-1.523716	-1.128039	1.390396	0.429338	0.627941	-1.463334	0.726724	0.001739	2.517059	2.441242	0.441099	1.806472	0.251247	-1.374312	-0.787106	-0.367117	-0.172681	1.036465	-1.659599	-2.246607	-2.521729	-1.111452	-2.774508	-1.989365	-3.225053	-2.125723	-1.362142	-1.522236	1.082862	1.200617	-1.308321	-1.339494	-0.221813	-0.718001	-0.378013	0.212160	0.037852	1.262669	-1.730677	-1.664072	-1.260793	0.626544	0.134106	0.040561	-0.473029	-0.153494	-1.295632	-1.054069	-0.953882	-1.338874	-1.397076	-1.358118	0.381710	0.268117	0.304071	0.879061	1.287166	-0.604430	-0.340506	-0.742473	-1.114246	0.463621	-0.482087	-0.123282	-0.880462	-0.351173	-0.996760	-1.230099	-1.347560	-1.696352	-0.444009	-0.813482	-0.912693	-0.010658	-0.323943	-0.426220	0.685790	0.571701	0.344668	-1.312042	-0.824854	-0.142086	-0.470364	-1.634109	-0.307960	0.990979	-0.297060	-1.370070	1.587149	1.608756	0.135764	-0.888509	1.650370	0.363589	1.079884	1.183720	1.938678	-1.226669
-1.487414	-0.457345	-0.872929	-0.348578	-0.135274	0.560293	-1.562743	-1.337289	-0.126619	-0.403212	-1.537351	-1.939249	-1.195077	-1.018750	0.343250	-0.201994	0.522480	-1.905809	-0.166484	-0.476867	1.861616	1.609923	-0.377374	0.296934	-0.116511	-1.875985	-0.567935	-0.608324	-0.244247	0.467436	-1.217398	-1.674647	-2.111163	-0.962227	-1.692391	-1.623522	-2.454258	-2.050418	-0.913068	-1.509320	0.389597	0.659610	-1.513088	-1.707162	0.160176	0.037595	0.627165	0.588149	0.069667	1.209531	-1.723940	-1.043536	-1.305339	-0.105049	0.163716	0.002593	-0.059478	-0.237627	-1.304944	-1.034275	-0.969530	-1.504248	-0.422194	-0.721080	0.112348	0.384423	0.172371	-0.034974	0.232385	-0.938576	0.219777	0.334030	-0.522754	0.204433	-0.826530	-1.006001	-0.996524	0.192042	-0.906341	-0.071863	-0.805221	-0.978595	-1.197493	-0.868333	-1.172651	0.092850	-0.454878	-0.439462	0.300821	0.099346	0.296770	-1.238584	0.033667	0.535899	0.123569	-0.296719	-0.063553	0.162182	-0.919121	-1.683594	0.225046	0.873138	0.210288	-0.426305	0.859209	-0.368459	0.351592	-0.024925	1.224919	-0.685355
-0.919614	-0.763813	-0.688198	0.038878	0.311967	0.337508	-0.497209	-0.009587	0.199120	0.060998	-0.246981	-0.511925	-0.290388	-0.018544	-0.498739	-0.552045	0.328284	-1.278510	-0.149838	-0.317850	0.544468	0.035870	-0.580414	-0.756074	0.168343	-1.023632	-0.783841	-0.939236	-0.252740	-0.343276	0.380116	-0.080863	-0.587984	-0.070553	0.476215	-0.027181	-0.643237	-0.592338	0.174950	-0.378765	-0.061049	0.446673	-0.131421	-0.238526	0.998819	1.314331	1.719696	1.356308	-0.515881	0.109918	-1.187353	-0.224390	-0.887381	-0.924495	-0.488702	-0.405812	-0.152811	-0.620412	-0.413441	-0.068099	0.186400	-0.133663	1.420973	1.240667	-0.236083	-0.024374	-1.020255	-1.250295	-0.939507	-0.773114	1.454939	1.807861	0.445252	0.176727	-1.166070	-1.037150	0.153971	1.006131	0.388470	1.511385	-0.089201	0.226027	-1.308384	-0.182364	-0.799058	0.151234	-0.194660	-0.356425	-0.082038	-0.213465	0.464184	-0.429377	1.620246	1.683794	1.078940	1.315432	0.133752	-1.142896	-0.953483	-0.891488	-1.543102	-0.267419	-0.161686	0.354105	-0.725637	-0.858916	-0.340149	-1.194122	-0.275679	-0.414814
-0.203446	-0.935653	-0.167276	0.359635	0.717071	-0.035962	1.040293	1.316309	0.773577	0.461659	0.715858	0.634851	0.267123	0.709016	-0.769961	-0.819281	-0.010666	-0.128926	0.418688	0.073820	-0.777751	-1.281481	-0.120336	-0.673251	0.705131	0.547033	-1.041679	-0.750452	-0.106869	-0.609514	1.670531	1.136537	0.398220	0.462491	1.619092	1.047469	0.502464	0.614567	1.043522	0.716935	-0.147727	0.548720	1.273461	1.420032	1.374183	1.710212	1.655522	1.435681	-1.282781	-1.236015	-0.645397	-0.132173	-0.401363	-1.217494	-1.216936	-0.987866	-0.630713	-1.047342	0.359149	0.772644	1.169330	1.197356	2.077837	2.359643	-0.547195	-0.698997	-1.957029	-1.515665	-0.763029	-0.407492	1.845619	1.995219	1.019800	0.053545	-0.753743	-0.265850	1.259425	1.221546	1.307160	1.818623	0.108584	0.720150	-0.874068	0.389534	-0.429074	-0.068123	0.279110	-0.258283	0.048580	-0.073921	0.534729	0.136201	2.164317	1.943883	1.520924	1.841298	0.122233	-1.839182	-0.565996	0.530278	-1.929326	-0.953669	-0.727012	0.522234	-1.790607	-0.790895	-0.228280	-1.217872	-1.205121	-0.836107
0.197962	-0.775129	0.246438	0.260015	0.762188	-0.337544	1.560084	1.395502	0.967342	0.413146	0.770822	0.497755	0.085792	0.386822	-0.646989	-0.968335	-0.265478	0.548383	0.613524	0.109707	-1.341035	-1.398471	0.461503	-0.046742	0.725277	1.373268	-0.477896	0.023795	0.134445	-0.177296	1.429445	1.053376	0.158862	0.133118	0.924245	0.608115	0.384383	0.474622	1.090966	0.827353	-0.099725	0.508931	1.230488	1.515044	0.782927	0.747072	0.437041	0.482023	-1.292974	-1.551494	-0.337017	-0.594732	-0.056608	-0.819119	-1.091856	-1.071323	-0.819616	-1.080333	0.324549	0.656865	0.832774	1.023412	0.873679	1.426412	-0.594597	-0.962056	-1.435231	-0.570504	0.405129	0.040380	0.720155	0.660721	0.798536	-0.262462	0.246534	0.374000	1.030785	0.537110	0.860125	0.686323	-0.127948	0.215434	-0.360352	0.237737	-0.429853	-0.422956	0.488365	-0.136093	0.362523	0.208146	0.264110	0.052105	0.959045	0.863889	0.899489	1.066393	-0.083867	-1.211689	-0.248799	1.327778	-0.772453	-0.921898	-0.847062	-0.129109	-1.482770	-0.431784	0.271791	-0.338946	-0.950945	-1.126867
0.445807	-0.090912	0.326936	-0.055070	0.386458	-0.318894	0.803824	0.398722	0.481847	0.098654	0.369156	-0.138029	-0.299133	-0.449663	-0.522248	-0.653455	-0.318627	0.404239	0.048210	-0.252534	-0.936206	-0.401720	0.593000	0.115476	0.090680	0.819600	0.855298	0.805263	0.404031	0.406207	0.037243	0.145765	-0.352630	-0.390747	-0.481299	-0.482648	-0.032067	-0.286417	0.531850	0.285234	-0.020490	0.032559	-0.074721	0.139749	-0.281346	-0.552137	-0.657494	-0.577840	-0.351482	-0.651513	0.028363	-0.612735	0.218272	-0.175795	0.036853	-0.309320	-0.214198	-0.415502	-0.135997	-0.106730	-0.384847	-0.287489	-0.743086	-0.398266	-0.241010	-0.436117	0.275993	0.738877	0.785631	0.381074	-0.838354	-0.781717	0.022489	-0.468090	0.883947	0.174420	-0.166708	-0.415366	-0.254147	-0.497681	-0.069381	-0.319664	0.043702	-0.222073	-0.405758	-0.456697	0.216701	0.004448	0.196316	0.118449	-0.181318	-0.196712	-0.767631	-0.586927	-0.232996	-0.003676	-0.147151	0.318665	-0.126754	0.949878	0.490204	-0.612823	-0.264374	-0.838878	-0.185746	-0.119309	0.501244	0.357516	-0.308459	-0.318127
0.940210	0.854058	0.456425	0.081890	-0.125586	-0.029462	-0.065804	-0.425687	-0.266572	0.070198	0.335202	0.184671	-0.014773	-0.551023	-0.467748	0.271210	-0.316707	0.147852	-0.734538	-0.380850	-0.112943	0.597833	0.252612	-0.367713	-0.508397	-0.243552	1.872473	1.129604	0.734586	0.655651	-0.955163	-0.315156	0.117188	-0.104498	-0.958756	-0.658114	0.363552	-0.196101	0.127588	0.153960	0.222781	-0.641825	-1.129760	-1.050287	-0.808788	-0.818660	-0.579086	-0.658736	0.698931	0.307099	0.812056	0.379697	0.539007	0.143412	1.337419	0.754986	0.949499	0.804512	-0.146446	-0.518542	-1.017680	-1.037130	-0.960576	-1.068201	0.415896	0.556667	1.915497	1.545993	-0.463271	0.308782	-1.208806	-0.967111	-0.567046	-0.296581	0.674165	-0.391419	-0.707980	-0.654524	-0.647737	-0.505805	0.691667	0.158521	0.577602	-0.065397	0.220761	0.150542	-0.167122	0.233078	-0.321895	-0.242371	-0.383932	0.080021	-1.281450	-1.085618	-0.712974	-0.365616	0.147330	1.483138	0.165282	0.207134	0.767768	-0.452361	0.476893	-0.775347	0.978223	0.256783	0.515508	0.338604	-0.258406	1.188844
1.546633	1.296916	1.000604	0.879048	-0.413228	0.067984	-0.086392	-0.423855	-0.708677	0.507119	0.762366	1.473529	1.074392	0.538871	-0.219527	1.260683	-0.386819	0.669139	-0.925634	0.210939	0.342491	0.557143	-0.125224	-0.847823	-0.470756	-0.731203	1.670496	1.019812	0.995264	0.594502	-0.666624	0.161369	1.381445	0.995244	-0.138476	0.337795	1.303275	0.881833	0.257032	0.720455	0.539232	-1.085496	-0.883509	-0.923751	-0.319609	0.073085	0.335180	0.147664	1.014598	0.285603	1.692450	1.722325	0.886396	0.078068	1.844675	1.164195	1.791678	1.825055	0.541019	-0.086671	-0.358740	-0.315416	0.320656	-0.097202	0.982746	1.272191	2.563922	1.596397	-2.035719	-0.160517	-0.113050	-0.021176	-0.464480	0.119844	0.063803	-0.317524	0.152626	0.060019	0.056572	0.392355	1.606994	1.386518	1.289591	0.889923	1.238960	1.098451	-0.200592	0.605047	-0.383813	-0.220345	-0.134172	0.953275	-0.314351	-0.353019	-0.126779	-0.057438	0.402108	1.356164	0.817578	0.217752	0.443649	-0.383696	0.657332	-0.070408	1.225580	0.878504	0.625328	0.069804	-0.621130	1.911909
1.482538	0.634335	1.455577	1.489752	-0.466804	-0.489865	0.267775	-0.303477	-0.798883	0.868516	0.836826	2.034806	1.996779	1.803166	0.320694	1.389203	-0.432578	1.793472	-0.385561	1.005089	0.142641	-0.450095	-0.304303	-0.895192	-0.099853	-0.798231	0.453655	0.600877	0.755848	0.369700	0.122203	0.633638	1.876582	1.704910	0.843149	1.107697	1.416175	1.442690	0.387455	1.005108	0.394552	-1.204591	0.046522	-0.165029	0.588890	0.831471	0.848982	0.674244	0.669396	-0.371563	1.733154	2.154022	1.135575	0.088836	1.259376	0.541787	1.480737	1.669550	1.195460	0.628375	0.719795	0.886568	1.468884	1.016312	0.965928	1.203038	2.151707	0.932699	-2.071335	-0.582176	1.051147	0.768163	0.007684	0.485343	-0.441039	0.418543	1.122717	0.794584	0.843000	0.844289	1.659755	1.941154	1.579580	1.668870	1.609463	1.543836	0.000481	0.856729	0.168604	0.336380	0.283851	1.702882	0.778770	0.594140	0.635975	0.095889	-0.011626	0.221890	1.304709	0.908872	0.408504	-0.168331	0.256336	0.358047	0.636557	1.338862	0.576500	0.165252	-0.445751	1.102393
0.203533	-0.832822	0.874625	0.896354	-0.619466	-1.520575	-0.102693	-0.943357	-0.854503	0.541042	-0.058696	0.640772	1.668946	1.825401	0.849503	0.381640	-0.304319	2.292322	0.196605	0.926459	-0.305770	-1.383379	-0.576648	-0.787446	-0.152532	-1.303108	-0.790042	-0.124426	-0.193050	-0.120022	0.145318	0.005116	0.620952	0.999328	0.767449	0.434648	0.018541	0.323250	-0.246032	0.023238	-0.582158	-1.201248	0.215044	-0.190469	0.853790	0.331982	0.313717	0.135212	0.267641	-0.540709	0.523590	1.219471	1.138146	0.485669	-0.042839	-0.576615	0.017672	0.120892	0.910031	0.705412	0.902867	0.996276	1.081146	0.760069	0.257516	0.518741	1.068359	-0.307465	-0.422609	-0.640741	0.868100	0.470658	0.184452	0.731290	-0.829208	0.753232	0.486325	0.446271	0.584341	0.013463	0.485186	0.894532	0.825221	1.242950	0.661199	0.936443	-0.067990	0.561013	0.431241	0.663298	0.355250	1.475450	0.768987	0.637421	0.498299	-0.378151	-1.030623	-0.818545	0.900765	1.077451	0.729639	0.199241	-0.127676	0.041460	-0.135216	0.985586	-0.032202	0.577055	0.545873	-0.333101
-1.699535	-2.025512	-0.690875	-0.621602	-0.971417	-2.097080	-1.207513	-1.910214	-0.912104	-0.285801	-1.307980	-1.650679	0.260286	0.476613	1.013949	-0.842436	-0.047864	1.342256	0.092666	-0.214301	-0.447619	-1.415152	-1.286260	-0.861287	-0.701921	-2.097734	-1.256343	-0.919411	-1.270543	-0.885489	-0.577026	-1.310380	-1.320918	-0.582895	-0.273955	-1.057095	-1.797021	-1.608480	-1.473511	-1.752081	-1.870142	-1.127579	-0.723751	-1.156898	0.151757	-0.883717	-0.571685	-0.834513	-0.003627	0.083988	-1.010507	-0.168190	0.770046	0.925998	-1.407830	-1.368422	-1.577278	-1.705747	-0.356557	-0.081020	0.054757	-0.094679	-0.385541	-0.546405	-0.609785	-0.133337	-0.145795	-1.535917	1.299049	-0.498557	-0.385157	-0.505014	0.031284	0.910788	-0.998050	0.165641	-1.425500	-0.797304	-0.570931	-1.387726	-1.119914	-0.988054	-0.584295	-0.130156	-0.868169	-0.232158	-0.511896	-0.211624	-0.232689	0.146711	-0.039898	0.215222	-0.025760	-0.117505	-0.367097	-0.943689	-1.749164	-0.975301	-0.234428	0.122404	0.807812	0.547872	-0.133900	-0.411285	-0.426572	-0.007533	-0.748760	0.778815	1.495438	-0.947272
-2.806216	-2.068088	-1.851969	-1.563010	-1.006749	-1.321178	-1.722146	-1.791729	-0.643134	-0.767713	-1.580183	-2.522886	-0.862946	-0.861624	0.741687	-1.055367	0.113918	-0.394746	-0.638088	-1.262974	-0.229865	-0.726095	-2.115658	-0.878567	-0.909665	-1.847181	-0.875485	-1.198429	-1.465308	-1.445485	-0.818389	-1.679682	-1.890423	-1.418870	-1.086031	-1.620769	-2.220762	-2.330160	-2.091803	-2.637803	-2.284413	-0.755369	-1.449582	-1.692052	-0.679085	-1.186671	-0.634165	-0.928785	-0.430347	0.609251	-1.430783	-0.749867	0.014732	0.783367	-2.171784	-1.471124	-2.062007	-2.229164	-1.666746	-1.063359	-0.749157	-0.975331	-1.222454	-1.256806	-0.960229	-0.319168	-0.855292	-1.774562	1.647460	-0.358114	-1.113130	-1.007600	0.112431	0.833826	-0.440533	-0.475249	-2.343768	-1.503091	-1.346292	-1.803320	-1.938472	-2.047832	-1.392874	-1.106991	-1.458995	-0.848962	-0.897322	-0.758575	-1.130151	-0.661874	-0.394167	-1.124567	-0.362403	-0.539110	-0.737549	-0.677129	-1.381362	-0.359805	-0.964095	-0.884515	0.394004	0.735477	-0.034661	-0.179061	0.013706	-0.570730	-0.548893	0.429375	1.403795	-0.394082
-2.219792	-1.036453	-1.495819	-1.032203	-0.131568	0.689688	-0.633773	-0.015160	0.040479	-0.487897	-0.451668	-1.103394	-0.790795	-0.957414	0.106726	-0.173140	0.021612	-1.560628	-1.230729	-1.117458	-0.057343	-0.001900	-2.098450	-0.391692	-0.098622	0.114517	-0.117689	-0.674909	-0.387303	-1.214534	0.028686	-0.349239	-0.506882	-0.739197	-0.843365	-0.581329	-0.758901	-1.053452	-1.171593	-1.544963	-1.085535	0.056892	-0.632095	-0.696295	-0.589780	0.048400	0.273927	0.145091	-0.983479	0.238797	-0.441677	-0.366011	-0.930153	-0.068303	-1.902376	-1.091434	-1.158565	-1.050767	-2.031917	-1.454859	-0.729891	-0.692569	-0.581308	-0.509560	-0.752952	-0.275807	-0.680704	-0.611579	0.655175	-0.020722	-0.460063	-0.582198	0.563441	0.170541	0.860537	-0.293934	-0.918153	-0.768445	-0.857805	-0.576816	-1.558444	-1.598662	-0.928491	-0.857716	-0.570144	-0.448382	-0.951319	-0.586886	-1.150686	-0.717683	-0.166729	-1.489668	0.215396	-0.044523	-0.000644	0.527642	-0.149152	0.383458	-0.545957	-0.586032	-0.192403	0.598552	-0.223046	0.612832	0.815304	-0.126665	0.684275	-0.351947	0.188022	0.353910
-0.461477	0.302243	-0.266016	0.098876	1.370784	2.669185	1.306835	2.187842	0.660650	0.006298	0.924444	1.024298	-0.214319	-0.210706	-0.812727	0.614478	-0.243052	-1.680045	-1.080619	-0.169996	-0.141224	0.520795	-0.595473	0.488831	1.243036	2.477478	0.527031	0.117473	1.225489	-0.231945	0.959934	1.381210	1.143274	0.413625	-0.027878	0.839712	1.168875	0.859815	0.731919	0.739373	1.176623	1.035598	1.225657	1.154951	0.422520	1.516778	1.041084	1.229961	-1.067187	-0.595185	0.706241	-0.044639	-1.663970	-1.050322	-0.726006	-0.581011	0.169411	0.576090	-1.322181	-1.089741	-0.343894	0.012253	0.547937	0.757013	-0.534895	-0.506328	0.045267	1.125693	-0.632961	0.717697	0.615441	0.035127	0.704341	-0.988524	1.772001	0.158087	1.383577	0.526400	0.332899	1.243356	-0.678873	-0.536667	-0.001927	-0.023904	0.651692	0.264743	-0.920177	-0.104299	-0.321284	0.040053	0.452479	-0.822234	0.858855	0.558003	0.973277	1.636434	0.953821	0.732324	0.260441	0.532167	-0.684574	-0.063039	-0.645621	1.022643	1.184201	0.477155	1.640191	-1.165074	-1.326293	0.276970
1.147577	1.303869	0.288101	0.387591	2.322337	3.274073	2.260688	2.998808	0.728514	0.032617	1.101662	1.712768	-0.373456	0.034588	-1.689105	0.355459	-0.421000	-1.349166	-0.365933	0.265540	-0.198502	1.077207	1.710822	1.100663	1.835995	3.186713	0.876713	0.389683	2.145477	0.830921	0.664305	1.600395	1.147055	0.533858	0.265494	1.086216	1.775022	1.522799	2.021275	2.311849	2.979505	1.680421	2.205511	2.163515	1.257734	1.508439	0.730291	1.184925	-0.326998	-0.796562	0.695016	-0.563760	-1.800099	-1.454811	0.657539	-0.052553	0.788091	1.167804	-0.206737	-0.359656	-0.422953	-0.079933	0.755752	1.120448	-0.521518	-0.913622	0.529643	2.077258	-1.247398	1.441650	0.718023	0.038352	0.000543	-1.935035	1.075540	-0.200333	1.989512	0.786126	0.957070	2.045168	-0.150812	0.011875	0.106922	0.203990	0.715835	0.352497	-0.991041	-0.072571	0.293956	0.562606	0.653511	-0.039348	0.674291	0.261859	0.989758	1.566548	1.148099	0.593873	0.104545	0.575802	-1.117651	-1.147466	-0.935386	0.494001	0.640855	0.083608	1.057148	-1.587645	-2.176927	-0.519212
1.824555	1.836630	-0.203196	-0.256285	1.878936	2.371746	1.371709	1.993527	0.416589	-0.178291	0.042408	0.638267	-1.183360	-0.583104	-1.875175	-0.476279	-0.328693	-1.007584	0.247763	-0.221887	0.018676	1.622227	3.089063	1.025419	0.946891	1.722409	0.988353	0.083048	1.741028	1.384165	-0.662025	0.063278	-0.303449	-0.429314	-0.295720	0.109077	0.755997	0.592916	1.741134	2.090362	3.056516	1.770391	1.227928	1.581798	0.913612	-0.058705	-0.184832	0.317568	0.644884	-0.071761	-0.290011	-1.322837	-1.282115	-1.089630	1.486220	0.585686	0.563394	0.589874	0.594775	0.301683	-0.884612	-0.829441	0.084685	0.488526	-0.208973	-0.720392	0.376708	1.672394	-0.851020	1.412448	-0.056452	-0.260447	-1.035164	-1.942576	-0.869197	-1.169688	0.370875	-0.264861	0.595661	1.406502	0.001156	0.110037	-0.661222	-0.381671	-0.447980	-0.208517	-0.809533	-0.545045	0.116675	0.138620	-0.036696	0.073104	-0.057556	-0.539959	0.119682	0.447128	0.477196	0.238395	-1.040660	-0.938092	-1.446962	-2.028716	-0.909397	-0.494094	-0.334947	-1.008279	-0.616010	-1.403618	-1.961417	-1.052875
1.745050	1.965914	-0.576786	-0.608770	0.514352	1.060717	-0.317707	0.448878	0.304772	0.207741	-0.914877	-0.661525	-1.305123	-1.021592	-1.049408	-0.731632	-0.088312	-0.362309	0.353307	-0.671790	0.180542	1.668749	2.333363	0.548529	-0.844447	-0.467871	0.875382	-0.133869	0.439724	1.384231	-1.579721	-1.625925	-1.323132	-1.171676	-0.992937	-0.849733	-0.645679	-0.670276	0.507356	0.718285	1.426640	1.524467	-0.738085	0.233940	-0.499588	-1.689363	-0.530153	-0.185355	0.836974	0.655240	-0.892439	-1.105970	-0.492087	-0.357811	1.458441	1.262532	0.201643	-0.152310	0.774215	0.617843	-0.932056	-0.998016	-0.270602	-0.047093	0.722377	0.449443	-0.058012	0.513584	0.186842	0.514033	-0.385415	0.026997	-1.414235	-1.017622	-2.234905	-1.484599	-1.520074	-1.341041	-0.046301	0.304533	0.332946	0.569996	-1.077193	-0.883292	-1.485940	-0.656515	-0.054744	-0.815401	-0.257528	-0.636841	-1.150496	-0.352205	-0.398246	-0.535113	-0.533369	-0.601395	-0.466819	0.020090	-1.685035	-1.989581	-1.387964	-2.039915	-0.724258	-1.129563	-0.713296	-1.266150	-1.627573	-0.775970	-1.027012	-0.769243
1.292145	1.573729	0.057867	0.047997	-0.566257	0.320885	-1.184911	-0.337780	0.539523	1.318343	-0.720656	-0.840114	-0.186113	-0.503865	0.172156	-0.183314	-0.070733	0.720094	0.087572	-0.266389	-0.209813	1.040358	0.039163	0.181713	-2.192690	-1.717313	0.435219	0.177846	-0.747447	1.134301	-1.340030	-2.019205	-0.861015	-0.922405	-1.093888	-0.982049	-1.191469	-1.086590	-0.378578	-0.430728	-0.677269	1.175986	-1.971224	-0.786317	-1.989949	-2.175441	-0.132252	0.008288	0.005409	0.418370	-0.373222	0.184656	0.076900	0.192442	0.771705	1.524388	0.141431	-0.386494	0.333146	0.357047	-0.352000	-0.168114	0.069275	0.020385	1.566772	1.752652	-0.234317	-0.400622	1.033542	-0.566947	0.229348	0.800949	-0.943525	0.116818	-1.737205	-0.689401	-1.891473	-1.370795	-0.426333	-0.361652	0.975763	1.425194	-0.300960	-0.582726	-1.273371	-0.509045	0.778536	-0.406367	-0.043411	-0.699866	-1.788963	-0.676039	-0.205352	0.447004	-0.501495	-0.932621	-1.172324	0.023088	-0.801427	-0.749728	-0.749363	-1.208158	-0.617321	-1.272448	-0.155067	-0.034033	-0.942345	-0.109645	-0.107089	-0.255737
0.513594	0.533427	1.084067	1.008234	-0.777313	-0.018452	-0.808530	-0.469007	0.662298	2.144656	0.277443	-0.141873	0.964020	0.275491	0.757452	0.286446	-0.467442	1.512073	-0.192610	0.477027	-0.910535	0.286950	-1.888897	0.012690	-2.128841	-1.665725	-0.254643	0.715939	-1.071732	0.928539	-0.635309	-1.264584	0.149437	-0.322357	-0.682024	-0.686729	-0.792687	-0.652245	-0.383210	-0.720598	-1.835925	0.592225	-1.914483	-1.307142	-2.629042	-1.675152	-0.028799	0.006327	-0.987128	-0.548521	0.528850	1.247723	0.297210	0.341164	-0.104889	0.896920	0.134705	-0.363705	-0.518427	-0.508416	0.129124	0.584673	0.074469	-0.090196	1.322852	1.926750	-0.030567	-0.516387	1.051209	-1.220416	0.693535	0.839302	-0.350621	0.777847	-0.020921	0.282085	-1.050096	-0.685216	-0.947598	-0.784168	1.370831	1.687929	1.001100	0.228174	-0.081327	-0.011369	0.831674	0.367500	0.680370	0.101501	-1.515836	-0.594344	-0.335128	0.922816	-0.517733	-1.028598	-1.422930	-0.025179	0.772401	1.588489	0.335458	-0.203109	-0.633212	-1.363636	0.484563	1.440475	0.669919	0.395571	0.346590	-0.403271
-0.435977	-0.828243	1.413698	1.287681	-0.513397	-0.690997	-0.062234	-0.843260	0.308881	1.667405	1.036351	0.382454	0.859961	0.270880	0.441303	0.061259	-0.892434	1.238989	-0.235556	0.591001	-0.943962	-0.024368	-2.013453	-0.208371	-0.730258	-0.975753	-0.725861	0.958520	-0.530013	0.905406	-0.219744	-0.330652	0.425358	-0.101452	-0.243009	-0.576890	-0.109764	0.033490	0.010714	-0.489395	-1.493921	-0.431638	-1.293177	-1.664342	-2.096810	-0.848574	-0.800733	-0.776655	-1.105599	-1.089089	0.752871	1.083785	0.431035	0.236388	-0.588375	-0.425230	-0.023211	-0.385637	-1.236220	-1.435932	-0.035314	0.243894	-0.910069	-1.009105	0.109144	0.802255	0.333321	0.099695	0.374863	-1.486661	0.018335	-0.414767	-0.140502	0.899157	1.296665	0.562569	-0.255579	-0.091089	-1.934939	-1.410997	1.095501	0.818112	1.590755	0.862561	1.042231	0.479095	0.147104	0.964334	1.268251	0.989618	-0.515827	-0.241018	-1.206705	-0.142263	-1.108327	-1.400748	-1.080259	-0.336700	1.509393	2.151277	1.485715	0.489382	-0.559443	-1.483082	0.235661	1.603314	1.665752	0.914536	0.506484	-1.054340
-0.915075	-1.768049	1.024367	0.937958	-0.347517	-1.727823	0.225004	-1.610177	-0.328084	0.051846	1.097583	0.389808	0.046397	-0.212582	-0.038339	-0.336285	-0.642790	0.229876	0.093738	0.180050	0.213946	-0.128453	-0.563910	-0.527346	1.025398	-0.264133	-0.478873	0.796791	0.267478	0.942931	0.230443	0.427815	0.154923	0.194908	0.123399	-0.481742	0.417061	0.687287	0.198276	-0.214211	-0.250489	-1.611756	-0.773035	-1.750596	-0.606511	0.223404	-1.468096	-1.492391	-0.217242	-0.531386	0.352658	0.313349	0.666570	0.064963	-0.264658	-1.459233	0.029247	-0.142651	-1.105776	-1.516227	-0.343555	-0.686620	-1.758955	-1.870485	-0.847796	-0.497731	0.652321	0.977847	-0.334953	-1.516154	-1.066038	-1.697354	0.051488	0.834655	1.496969	0.465426	0.279117	0.459394	-2.475571	-1.770813	0.493077	-0.337435	1.245813	1.162008	1.563969	0.994409	-0.174205	1.296483	1.415382	1.383491	0.867266	0.315188	-1.845382	-1.598324	-1.444982	-1.506345	-0.079842	-0.623344	1.185593	0.267358	2.165354	0.970162	-0.088349	-1.084115	-0.667346	0.585839	1.387582	1.547182	0.759381	-1.015001
-0.496466	-1.809804	0.701964	0.639222	-0.405233	-2.334224	0.091184	-1.950373	-0.868289	-1.579481	0.740752	0.358897	0.092077	0.043460	0.017567	-0.079832	0.444316	-0.400250	0.793738	0.197249	1.744897	-0.673336	1.023009	-0.674038	1.974796	0.240931	0.391531	0.462366	0.611367	0.636698	1.199034	1.236986	0.375923	1.300249	0.616772	0.059961	0.741476	1.235723	0.057516	-0.003297	0.718632	-2.245465	-0.281418	-1.161455	1.259125	1.624358	-0.737264	-0.929074	0.869954	0.563604	0.181582	0.175396	0.844841	-0.140940	0.606467	-1.331646	0.567844	0.600870	0.076389	-0.375907	0.054682	-0.876420	-0.967600	-1.302318	-0.758605	-0.908075	0.801256	1.486963	-0.648735	-0.995609	-1.078646	-1.363315	0.685322	0.786863	1.150084	0.705612	1.167655	1.459387	-1.323144	-1.062803	0.130661	-0.664183	0.801981	1.357614	1.670725	1.507659	0.579798	1.517980	1.260447	1.381552	2.232919	1.127734	-1.016396	-1.497953	-0.420373	-0.544713	1.176836	-0.388199	0.819248	-1.582853	1.902766	1.364946	0.811186	0.092432	-1.071554	-0.176909	0.444922	1.906888	1.071602	0.358667
0.186858	-1.268562	0.641806	0.448835	-0.550977	-1.982960	-0.069617	-1.366037	-1.206930	-2.338284	0.227986	0.483218	1.160101	1.147092	0.426633	0.698134	1.554222	-0.165075	1.534597	0.818234	2.200092	-1.586590	1.528241	-0.484712	1.608649	0.444465	1.117355	0.113781	0.202945	-0.301238	2.027414	1.864936	1.102817	2.575653	1.088413	0.762492	0.761071	1.303316	-0.276510	0.106478	0.637160	-1.924207	0.353977	-0.076215	2.630759	2.641647	0.996552	0.635935	1.266200	1.127480	0.460358	0.667691	0.742412	-0.343210	1.030667	-0.317803	0.990150	1.170968	1.523884	1.221304	1.083527	0.048907	0.950718	0.493936	-0.227330	-0.543256	0.637793	1.163970	-0.615651	0.324207	0.011340	0.345986	1.403563	0.601772	0.952417	1.149559	2.170217	2.471620	1.088570	0.273558	-0.075123	-0.357910	0.785511	1.319514	1.460860	1.403024	1.590362	1.457001	0.822961	1.099592	2.827311	1.824601	0.918482	0.168257	1.484507	0.976880	1.774661	0.281957	0.885834	-1.121133	0.799284	1.328966	1.599205	1.274822	-0.478399	-0.019755	-0.227713	1.500480	1.029078	1.995928
0.016232	-0.887200	0.232725	-0.206567	-0.686549	-1.083805	-0.205351	-0.453796	-1.369354	-2.202911	-0.426861	0.296242	1.592023	1.598138	0.551783	1.017160	1.619740	0.268012	1.708664	0.971462	1.071571	-1.907815	0.892707	-0.165926	0.435654	0.389488	0.980803	-0.231876	-0.635867	-1.474393	1.626645	1.604469	1.204227	2.421698	1.065672	0.800234	0.313325	0.567357	-0.671325	-0.077974	-0.248055	-0.970310	0.818202	0.686978	2.717647	2.207221	1.795858	1.503264	0.719924	0.731286	0.481263	0.615106	0.424006	-0.365090	0.198910	0.336808	0.352560	0.573620	1.982840	1.930857	1.692516	1.068937	1.722387	1.651153	-0.329499	-0.301791	0.078806	0.098940	-0.386905	1.790760	0.616570	1.427474	1.431980	0.118308	0.895778	1.011968	2.098182	2.226204	2.587730	0.689204	-0.644384	-0.560015	0.747611	0.621855	0.675253	0.066936	1.383268	0.801915	-0.035172	0.276236	1.903396	1.570930	2.041002	1.306780	2.362824	1.480451	1.094854	0.603514	0.679569	0.786910	-0.322096	0.560178	1.472597	1.343198	0.236720	0.197725	-0.304007	0.462570	0.483309	2.092678
-1.069845	-0.938193	-0.678003	-1.268211	-0.654440	-0.353800	-0.411586	-0.015477	-1.186930	-1.583670	-0.924172	-0.361979	0.292961	0.307967	0.223577	0.378337	0.504896	0.129379	0.994629	-0.075455	-0.631686	-1.010978	-0.019093	0.005719	-0.511645	0.411156	0.128099	-0.448924	-1.175903	-1.920645	0.292710	0.482643	0.234512	0.493781	0.522789	0.073536	-0.307051	-0.417105	-0.824376	-0.503811	-0.938135	-0.048603	0.746377	0.651926	1.458737	0.425387	0.575402	0.661160	-0.368939	-0.146554	-0.140951	-0.419139	0.156877	-0.087254	-1.423332	-0.143153	-1.228653	-1.066309	0.966555	1.113664	1.165533	1.128466	0.251380	0.918784	-1.092197	-0.626136	-0.704986	-1.012558	0.002021	2.221853	-0.239308	0.665617	0.715486	-0.425196	0.702276	0.127886	0.641460	0.433284	1.704429	-0.400053	-1.456021	-1.495088	0.210237	-0.533660	-0.523991	-1.914001	-0.214788	-0.149396	-0.985942	-1.004599	-0.163057	0.105853	1.060995	0.490856	1.113608	0.349214	-0.325784	0.055889	-0.266135	1.551901	-0.662063	-0.440725	0.247279	0.218301	-0.033889	-0.391081	-0.110918	-0.421034	-0.146739	0.264971
-1.727919	-0.873779	-1.139285	-1.593010	-0.216171	0.070061	-0.434161	0.073972	-0.478895	-0.708233	-0.604902	-0.709843	-1.452586	-1.621758	-0.108575	-0.465650	-0.755598	-0.366069	-0.098486	-1.296530	-1.417301	0.440855	-0.348710	0.139743	-0.592716	0.807295	-0.487906	-0.249193	-0.853391	-1.074857	-0.339304	-0.317525	-0.627184	-1.416796	0.128538	-0.423446	-0.345306	-0.468915	-0.295852	-0.586421	-0.649915	0.518546	0.369813	0.273500	-0.253064	-1.103053	-1.348755	-0.852100	-1.308699	-0.715051	-0.671279	-1.251965	0.085456	0.327492	-2.283393	-1.011533	-2.256754	-2.215846	-0.576108	-0.434682	0.117793	0.434520	-1.746778	-0.720376	-1.394070	-0.958060	-1.260582	-1.352185	0.459435	1.248041	-1.433278	-0.802759	0.109852	-0.515278	0.516910	-0.602493	-0.777884	-1.274511	-0.508926	-1.576204	-1.513302	-1.864509	-0.332334	-1.070833	-1.104013	-2.753085	-1.513262	-0.467103	-1.113628	-1.713242	-1.640424	-1.425433	-1.003704	-1.136584	-1.132279	-1.082026	-1.120003	-0.826158	-1.052748	0.359006	-0.241316	-0.685297	-1.153638	-0.864341	-1.123097	-1.189275	-0.055301	-0.486967	-0.312148	-1.788654
-0.826602	-0.030922	-0.263971	-0.314987	0.539315	0.502369	0.058073	0.505871	0.515091	0.348683	0.658496	0.029635	-1.458253	-2.001936	-0.013071	-0.342407	-0.985858	-0.394640	-0.514418	-0.893342	-0.761784	1.194335	0.061727	0.658163	0.019195	1.319029	-0.137157	0.482316	0.129006	0.499363	0.520936	0.195000	-0.097719	-1.314824	0.388399	0.113613	0.526815	0.784430	0.847579	0.167208	0.401895	0.879407	0.261096	0.286646	-1.269740	-0.968553	-1.737130	-1.228066	-1.443274	-0.511386	-0.204360	-0.612695	0.123965	0.556699	-1.302257	-0.794637	-1.355197	-1.444992	-1.072373	-1.152037	-0.149546	0.089746	-1.816082	-1.314269	-0.412870	-0.487174	-1.166728	-0.659926	0.802337	-0.168702	-1.157215	-1.051503	0.330589	0.034613	0.705015	-0.289704	-0.675316	-1.010781	-1.703266	-1.188956	-0.200069	-0.548872	0.027942	-0.201256	-0.154828	-1.217090	-0.693859	0.345514	0.130667	-0.782289	-1.071401	-1.380906	-1.842402	-1.419824	-2.216483	-1.102382	-0.451919	-1.021880	-0.456983	-1.090877	0.348856	0.160324	-1.444354	-0.703745	-1.707332	-0.859073	-0.172880	0.204750	0.114773	-2.082151
0.969804	1.396077	1.378282	1.736739	0.975166	0.919931	0.789339	1.316129	1.206538	1.284614	1.888445	1.380156	0.482799	-0.263839	0.425537	0.884317	-0.032655	0.262289	0.285854	1.343397	0.471473	0.801027	0.690619	1.631303	0.725314	1.344362	0.789863	1.375293	0.797687	1.567182	1.630947	1.489161	1.334019	0.611913	0.868442	1.123414	1.575510	2.161462	1.671599	1.306660	1.189053	1.155842	0.558370	0.781828	-1.192413	0.417074	-0.137466	-0.137881	-0.521512	0.324259	1.000475	1.043346	0.121153	0.439380	0.862646	0.820212	1.045782	0.903935	0.044411	-0.251170	0.773584	0.656685	0.170977	-0.351146	1.220858	0.726152	-0.511232	0.462047	0.977715	-0.791652	0.652772	0.098833	1.103558	0.745723	1.115424	0.769776	0.561168	0.964942	-0.871095	0.421222	1.601165	1.654959	1.237960	1.420454	1.746744	1.729614	2.014732	1.543879	1.995738	1.367252	0.954602	0.429946	-0.445267	-0.003766	-1.257466	0.307697	1.124888	-0.271177	1.306804	-1.105033	0.767582	1.336485	-0.342802	0.474824	-0.943778	0.768692	-0.195130	1.044841	0.786847	-0.509694
1.832526	2.352783	2.198359	2.670076	0.528405	0.849872	1.018888	1.739536	1.242672	1.595546	1.898690	1.981506	2.218850	1.754335	0.756785	2.028411	1.144773	0.895183	1.598745	3.397376	0.961136	-0.137726	0.884906	2.362245	1.115616	0.784562	1.186732	1.788723	0.348641	1.378411	1.375722	2.119704	1.901200	2.170324	0.749676	1.367671	1.715530	2.129351	1.234348	1.721050	0.906898	1.099998	0.862828	1.250141	-0.576632	1.369466	1.612123	0.982186	0.924699	1.128989	1.731833	1.975395	0.032244	0.107958	2.356416	2.345581	2.908863	2.861605	1.658842	1.426436	1.848055	1.506406	1.983974	0.850783	2.034581	1.631915	0.056468	0.993800	1.071479	-0.379707	2.136596	0.996719	1.607601	0.914402	1.077874	1.394288	1.191635	2.343804	0.838152	1.383296	2.246249	2.715949	2.089556	2.213284	2.786113	3.564274	4.269607	1.829004	2.898206	2.864626	2.298718	2.232491	1.785915	1.362488	0.599305	1.599821	2.278545	0.659644	2.601393	0.033096	1.056665	1.824066	1.039252	1.335735	0.448721	2.220752	0.039789	1.431500	1.214290	1.176834
0.916223	2.012013	1.376871	1.593974	-0.436175	0.170697	0.486939	1.311389	0.829182	1.065871	0.687982	1.183361	1.862464	1.960793	0.662343	1.880232	1.469414	0.807649	2.068062	3.146092	0.268109	-0.902138	0.407374	1.985759	1.143370	0.271245	0.576925	1.404118	-0.791574	0.237244	-0.067036	1.442951	0.803556	1.650917	0.013829	0.560640	0.816061	0.604440	-0.171109	0.935866	-0.177774	0.453286	0.879097	1.306110	-0.184143	0.899939	1.598561	0.794097	1.763515	1.197987	1.279105	1.245731	-0.070811	-0.145418	1.941323	2.109617	2.594036	2.746679	2.119233	2.238580	1.789282	1.660036	1.834238	0.968733	1.365930	1.297787	-0.005500	0.456451	1.080885	0.359520	1.741331	0.446368	1.488736	0.366673	0.372529	0.919390	0.356054	1.468551	1.676763	0.732102	1.154295	1.672283	1.566682	1.349261	1.815773	2.707608	3.914974	0.809641	1.991176	2.307464	1.644998	2.150879	2.634939	1.157871	1.533888	1.557827	2.160392	0.970273	2.136223	0.901460	1.123174	1.327457	1.377190	1.076812	1.065619	1.995617	0.304505	1.121909	1.096079	1.431743
-0.713478	0.679661	-0.303709	-0.461250	-0.837940	-0.438295	-0.223297	0.470703	0.396633	0.078105	-0.564495	-0.269586	-0.061097	0.345548	0.266502	0.552222	0.771454	0.168358	1.084640	0.726106	-0.765750	-1.252435	-0.446224	0.537480	0.869862	0.298555	-0.310175	0.480052	-1.265827	-0.967053	-1.106006	0.180401	-0.847486	-0.391597	-0.481332	-0.342735	-0.161130	-0.948074	-1.192187	-0.298144	-1.048061	-0.488319	0.713331	0.959827	-0.248364	-0.380714	-0.118183	-0.483027	1.253860	0.477050	0.165926	-0.285830	-0.095148	-0.060294	0.121314	0.250117	0.459267	0.796106	0.964062	1.405505	0.549552	0.923237	0.198575	0.059435	0.054007	-0.020494	-0.494028	-0.570381	0.951525	0.797930	-0.074636	-0.879497	1.063756	-0.350283	-0.230400	-0.068400	-0.971070	-0.751712	1.025727	-0.579517	-0.600068	-0.377743	-0.001071	-0.434374	-0.339796	0.099029	1.183694	-0.580671	0.054750	0.302700	-0.142790	0.297586	1.399589	-0.226225	0.814743	0.414147	0.922717	0.676397	0.260735	0.755541	0.682810	0.327834	0.548266	0.305166	0.525745	0.238438	0.154370	0.285108	0.505906	0.469993
-1.472833	-0.554088	-1.504939	-1.810296	-0.173829	-0.240836	-0.471208	-0.136737	0.121319	-0.667266	-0.944589	-1.236131	-1.527077	-1.278410	0.001698	-0.743410	-0.164918	-0.307028	-0.581003	-1.685148	-1.020130	-1.161087	-1.172992	-0.898779	0.283224	0.496389	-0.572715	-0.523003	-0.446115	-1.578586	-0.904608	-0.638057	-1.518973	-1.982451	-0.190755	-0.479125	-0.422143	-1.255133	-1.020437	-0.974600	-1.102693	-0.977082	0.466130	0.324368	-0.477701	-1.262516	-1.903092	-1.630237	-0.075360	-0.244103	-0.634569	-1.149050	0.013855	0.470885	-1.528586	-1.401321	-1.650542	-1.220359	-0.704358	-0.291302	-0.728380	-0.050675	-1.272147	-0.984505	-0.597778	-1.086465	-0.796841	-1.130821	0.815839	0.909623	-1.602723	-1.574472	0.643880	-0.513513	0.039736	-0.496792	-1.357192	-2.089390	-0.392689	-1.186847	-1.607023	-1.694088	-1.377334	-1.739996	-1.830117	-1.935447	-1.624721	-1.214123	-1.359220	-1.287642	-1.230041	-1.461168	-0.648225	-1.338448	-0.714136	-0.817621	-0.690800	0.302507	-1.552115	-0.043251	-0.160416	-0.479269	-0.382979	0.118059	-0.199386	-1.478989	-0.585828	-0.599210	-0.097409	-0.367918
-1.064414	-0.938587	-1.742723	-1.849950	0.752291	0.557096	-0.341706	-0.430405	-0.103701	-0.734542	-0.755112	-1.390241	-1.425999	-1.464763	0.193434	-1.118299	-0.493980	-0.259564	-1.634523	-2.244089	-0.385388	-0.612718	-1.471562	-1.306026	-0.572343	0.153904	-0.414427	-1.385909	0.610637	-1.569387	-0.181228	-0.768879	-1.007091	-1.915808	0.402541	-0.054402	-0.262091	-0.598294	-0.304320	-1.007640	-0.745687	-0.578571	0.021942	-0.453583	-0.467281	-1.275501	-2.415890	-1.855952	-0.844191	-0.083901	-0.775575	-0.881264	0.287612	1.313273	-1.918795	-1.392671	-2.297194	-1.861514	-1.483573	-1.408191	-1.082421	-0.583322	-1.711381	-1.562635	-0.236722	-0.926584	-0.749914	-1.069992	0.826999	0.846445	-1.804322	-1.235484	0.142386	0.120962	0.625151	-0.026158	-0.640023	-1.620530	-1.416723	-0.933169	-1.565964	-1.722992	-1.759492	-1.904880	-1.776881	-2.100883	-2.527600	-0.989194	-1.538886	-1.446133	-0.900883	-1.646635	-1.858928	-1.401732	-1.602170	-1.410898	-1.853117	0.082722	-2.139033	-0.808096	-0.742307	-0.583363	-0.465295	0.732614	-0.163524	-1.823811	-1.533156	-1.004629	-0.145674	-0.323893
-0.496255	-0.676325	-1.497943	-1.265875	0.756340	0.956270	-0.365806	-0.700074	-0.359029	-0.275318	-0.819905	-1.215096	-0.374103	-0.456840	0.782123	-0.821394	-0.113004	0.072757	-1.542161	-1.074275	0.174510	0.077888	-1.406308	-0.795922	-1.468290	-0.803964	-0.852522	-2.103482	0.342119	-1.361860	0.115703	-0.697439	-0.259693	-0.738488	0.567734	0.222217	-0.446757	-0.187213	-0.166037	-1.063595	-0.729377	0.299054	-0.521148	-0.974043	0.028811	-0.828886	-1.628694	-1.298617	-0.302156	0.908149	-0.600550	-0.149508	0.709571	2.050340	-1.239060	-0.149732	-1.622205	-1.269875	-1.030988	-1.234779	-0.638995	-0.533444	-1.378210	-1.533087	0.381154	0.206101	-0.715946	-1.141378	0.752428	0.554158	-1.055423	-0.490008	-0.519431	1.138140	0.094096	0.715219	0.089194	-0.390436	-1.344291	-0.578222	-1.170686	-1.167150	-1.370825	-1.358769	-0.895775	-1.085912	-1.572327	-0.657597	-1.135117	-0.880225	-0.046138	-0.527712	-1.793060	-0.705140	-1.157564	-1.182335	-1.945799	-0.164482	-1.432385	-1.110803	-0.551366	0.130399	0.207749	1.371722	0.411264	-0.834476	-2.023830	-0.765222	0.534150	0.182527
-0.627181	-0.530334	-1.294789	-0.878609	-0.283941	0.323131	-0.714347	-1.056944	-0.537258	0.168031	-1.278595	-1.160938	0.537510	0.550184	1.414952	-0.602410	0.440356	0.423235	-0.799793	0.408896	-0.181465	0.231873	-1.273702	-0.339915	-2.123127	-1.803132	-2.181274	-2.596242	-1.417159	-1.355953	-0.026754	-0.867803	0.056723	0.234066	0.375551	0.143205	-1.066479	-0.554533	-0.783582	-1.505216	-1.233639	0.748722	-0.666206	-0.807659	0.930168	-0.444213	-0.345826	-0.482771	0.803140	1.668244	-0.462531	0.313713	1.117495	2.162802	-0.466619	0.714728	-0.800217	-0.645606	-0.155108	-0.310378	-0.129361	-0.152132	-0.714080	-0.847185	0.431070	1.070573	-0.846170	-1.843873	0.201089	0.068592	-0.305617	0.163919	-1.024284	1.802962	-1.854694	0.963856	-0.058109	0.270926	-0.323084	-0.542200	-0.977129	-0.725700	-0.852106	-0.854275	-0.287096	-0.325929	-0.231924	-0.652833	-1.112381	-0.785764	0.166594	0.624560	-1.175461	0.179197	0.032688	-0.312563	-0.979176	-0.506167	-0.158286	-0.826904	0.093110	1.163878	0.852765	1.268199	0.645091	0.469906	-1.736219	-0.289778	1.435795	0.477280
-1.226389	-0.974008	-1.150666	-0.796457	-1.313551	-0.871944	-1.000509	-1.357639	-0.476289	0.171608	-1.498804	-1.187404	0.932007	0.796815	1.729935	-0.679807	0.675412	0.853942	-0.134386	1.135337	-1.178709	-0.459990	-1.287151	-0.548627	-2.347739	-2.353611	-3.289453	-2.620409	-3.186966	-1.542632	-0.128505	-1.195516	0.159420	0.369987	0.442728	0.035780	-1.453115	-1.050707	-1.376503	-1.967044	-1.800873	0.273406	-0.167750	-0.119449	1.696272	-0.259529	0.649984	0.209553	1.089103	1.237899	-0.359438	0.380074	1.238707	1.462234	-0.379633	0.229095	-0.692544	-0.813383	0.168178	0.254614	0.062976	0.262360	0.098472	0.317287	-0.106095	0.665742	-0.814055	-2.611318	-0.626870	-0.204927	-0.045191	0.739855	-0.962270	1.632840	-3.551476	0.599086	-0.777824	0.217912	0.818611	-0.562808	-0.890783	-0.440761	-0.492714	-0.659401	-0.203352	-0.384217	0.337988	-0.591811	-1.519351	-1.268740	-0.405900	0.991951	-0.735030	0.874033	0.826593	0.681306	0.134492	-0.676125	0.858296	-0.158919	0.367085	1.595141	0.880475	0.437490	0.213811	1.166449	-1.024521	-0.215935	1.743940	0.500498
-1.470820	-1.658894	-0.877749	-0.687121	-1.339839	-1.547275	-0.815874	-1.382100	-0.146924	-0.184054	-1.002800	-1.028536	0.960809	0.377142	1.559606	-0.633017	0.542125	1.347302	0.220094	1.008932	-1.747869	-1.334015	-1.328605	-0.986208	-1.993868	-2.280591	-2.823603	-1.949227	-3.405412	-1.515895	-0.070937	-1.226574	0.435372	0.025878	0.835802	0.090984	-1.091213	-0.849531	-1.282855	-1.894715	-1.909842	-0.646586	0.422629	0.328272	1.598599	-0.176037	0.933547	0.551907	0.173029	-0.102551	-0.153666	0.277225	0.965464	0.405220	-0.981486	-1.036315	-1.146352	-1.484304	-0.285794	-0.091987	0.087403	0.488909	0.749920	1.242448	-0.587860	-0.658116	-0.445143	-2.489298	-0.909458	0.048053	-0.139334	1.119932	-0.322722	0.821835	-3.096890	0.079473	-1.099292	0.093005	1.197615	-0.366711	-0.658611	-0.191327	-0.200228	-0.539355	-0.182462	-0.741613	0.112815	-0.070646	-1.560113	-1.420384	-0.996811	0.627004	-0.519284	1.064880	0.672782	1.108932	0.265766	-0.503180	1.117199	0.340644	-0.078799	0.935142	0.273373	-0.443264	-0.399398	1.003713	-0.572095	-0.705485	1.127087	0.493306
-0.950534	-1.691475	-0.457923	-0.387548	-0.413398	-1.094707	-0.210423	-0.928877	0.325341	-0.370552	-0.043303	-0.580773	0.659816	-0.239773	0.998140	-0.146064	0.263674	1.430275	0.432367	0.394690	-1.200845	-1.325933	-1.082703	-0.805314	-1.001449	-1.440620	-0.793125	-0.650702	-1.885170	-0.881444	-0.027239	-0.665785	0.730313	-0.239605	0.874119	0.120508	-0.216272	0.017198	-0.599476	-1.140321	-1.391313	-1.013777	0.336919	0.047101	0.438621	-0.138102	0.456435	0.400832	-0.918965	-1.077011	0.176553	0.188614	0.541996	-0.196708	-1.599426	-1.732063	-1.383603	-1.737465	-0.930299	-0.855477	0.112096	0.411243	0.733244	1.118648	-0.460676	-1.410939	-0.121798	-1.345272	-0.198164	0.459616	-0.263853	0.852937	0.518483	0.122550	-0.618039	-0.114442	-0.592446	0.192493	0.537087	-0.122293	-0.316645	-0.104463	0.106427	-0.280852	0.070061	-0.765012	-0.309916	0.542115	-0.720839	-0.696558	-0.984478	-0.079385	-0.265031	0.565133	-0.030077	0.638372	-0.669032	-0.226896	0.587936	0.200555	-0.680475	-0.212948	-0.578348	-0.686365	-0.652751	0.294849	-0.668059	-1.156759	0.120085	0.315411
0.022888	-0.609326	0.071799	0.050917	0.650816	0.094435	0.428562	-0.027908	0.791565	0.104746	0.794403	0.042475	0.020743	-0.646837	0.346242	0.490502	0.016043	0.697729	0.574069	-0.354239	0.066661	-0.236079	-0.490161	0.100167	0.316563	0.078571	1.303677	0.767816	0.225491	0.310957	0.017723	0.222559	0.613932	-0.314589	0.185409	-0.029039	0.528044	0.811130	0.142465	-0.011618	-0.485765	-0.438458	-0.351358	-0.568316	-1.075126	-0.153116	-0.388221	-0.108747	-1.085361	-0.887663	0.543752	0.213292	0.311860	0.037458	-1.466602	-1.151319	-0.839312	-0.979334	-1.053472	-1.145083	0.069012	0.118632	0.004166	0.005958	0.251357	-0.553474	-0.216379	-0.010389	0.913001	0.308140	-0.210945	-0.075408	1.153278	0.142471	1.789625	0.179275	0.235983	0.264242	-0.667250	-0.096634	0.048357	-0.172130	0.381883	0.026866	0.351337	-0.392056	-0.453157	0.586043	0.563642	0.388531	-0.502440	-0.783459	0.020816	-0.286732	-0.584894	-0.364797	-1.503649	-0.129164	-0.252938	-0.301829	-0.596341	-0.724435	-1.119968	-0.203996	-0.472442	-0.401054	-0.856391	-0.818779	-0.421139	-0.316850
0.901600	0.920621	0.787823	0.656858	1.203399	1.108768	0.855613	0.874077	1.172246	1.162084	1.258270	0.674226	-0.569911	-0.609154	-0.101765	0.736297	-0.223042	-0.397512	0.467494	-0.845008	1.040028	0.928927	0.073457	0.867626	1.281581	1.487388	1.976138	1.638023	1.612744	1.516585	0.210065	0.783438	0.120066	-0.341488	-0.550496	-0.127954	0.804214	1.004862	0.615709	1.035075	0.345206	0.397535	-0.672945	-0.722644	-1.869263	-0.156276	-0.883927	-0.452009	-0.499288	-0.164139	0.804154	0.403346	0.286615	0.600448	-0.397321	0.156571	0.359068	0.537199	-0.511140	-0.718496	-0.026426	-0.066246	-0.654607	-0.978578	1.067350	1.199604	-0.414225	0.731051	1.406126	-0.520181	0.116828	-0.802609	1.346586	0.691121	2.313931	0.816762	0.703467	0.130375	-1.563176	-0.137746	0.587574	0.054889	0.597248	0.227808	0.405950	0.121890	-0.211805	0.140316	1.455179	1.048386	-0.022088	-1.143299	0.121100	-0.694911	-0.720508	-1.165430	-1.186916	-0.075539	-0.646673	-0.258979	0.320919	-0.253860	-0.897426	0.370456	-0.047455	-0.568838	-0.399706	0.274235	-0.257889	-1.034107
1.418571	1.668901	1.636595	1.472949	1.228932	1.401517	1.158376	1.283091	1.363161	2.086639	1.515085	1.219132	-0.511107	-0.135827	-0.292611	0.481529	-0.644028	-0.824120	-0.011175	-0.684032	1.098228	1.119406	0.216258	0.684814	1.426550	1.795575	1.194812	1.732702	1.862527	2.106610	0.497259	0.667429	-0.110667	-0.224317	-0.352015	0.220511	0.849229	0.787154	0.944688	1.703980	0.810393	0.614933	0.074762	-0.118348	-1.437502	0.019067	-0.550983	-0.131876	-0.240091	-0.136339	0.783291	0.680555	0.144899	0.600225	0.962395	1.068358	1.535584	1.927497	0.221555	-0.161755	0.116409	0.164950	-0.374768	-0.742603	1.478542	2.081658	-0.044512	0.928240	0.884658	-1.317747	0.717924	-0.463409	1.053959	0.961057	1.144465	1.449048	0.769854	-0.021621	-1.565619	0.222647	1.376747	0.921317	0.741812	0.383127	0.355316	0.671138	0.219852	-0.022762	1.618390	1.174644	0.325507	-0.879411	0.046789	-0.185691	-0.611694	-1.290166	-0.062984	0.204114	-0.151642	0.703497	1.320986	0.366780	0.044355	0.262778	0.458747	-0.008455	0.835977	1.192429	-0.003574	-0.964328
1.588445	1.174366	2.182149	2.207579	1.044896	1.131682	1.414081	1.257102	1.127694	2.133559	1.707533	1.661222	0.278779	0.483230	-0.394882	0.131155	-1.411067	-0.196536	-0.670683	0.066302	0.443556	0.453425	-0.005969	-0.221913	0.940739	1.025958	0.228787	1.458835	1.504788	1.914249	0.686948	0.292743	0.416620	0.295639	0.750712	1.069490	1.053833	0.702026	1.375541	1.969957	1.007009	0.206307	1.344872	0.807380	-0.250882	0.453128	0.320465	0.719160	-0.802279	-1.067651	0.414364	0.868479	-0.292102	-0.239398	1.606268	1.001989	1.973708	2.342155	0.581550	-0.066094	0.643524	0.731001	0.738510	0.575036	1.253433	1.323185	0.910853	1.071053	-0.197218	-1.468765	1.395348	0.685900	0.432406	0.437799	-0.135588	1.657924	0.858155	0.009134	-0.761411	1.103041	2.005506	2.000724	0.745729	0.671788	0.515498	1.216901	0.517842	0.452448	1.379725	1.172028	0.700561	-0.082151	0.076014	0.817823	-0.489902	-0.842193	0.548596	0.466251	0.850846	1.668318	1.506381	0.174515	0.984621	-0.611813	0.791809	1.012167	2.017196	1.087049	-0.341035	0.029009
1.422356	0.210715	1.936138	2.309205	0.827684	0.751598	1.382359	1.289953	0.314636	1.274460	1.683141	1.978133	1.091174	0.876002	-0.565203	0.004244	-2.394901	0.691639	-1.108170	0.709241	-0.331899	-0.115339	-0.210140	-0.878737	0.368859	0.318865	0.129026	1.276225	1.163601	1.375201	0.711492	0.380057	1.273747	1.056708	1.621245	1.919792	1.368167	0.980952	1.784937	1.952049	1.103595	-0.139632	1.825158	1.395833	0.637476	0.918702	0.916030	1.385824	-1.531915	-2.001745	-0.133060	0.879347	-0.784781	-1.241905	1.029002	0.294730	1.416538	1.597860	0.411449	-0.352043	1.152684	1.134873	1.637481	1.726475	0.491564	0.000998	1.517918	1.187061	-1.059634	-1.189364	1.810287	1.513591	-0.181346	-0.521814	-0.397562	1.221147	1.055417	0.130768	0.180509	1.915123	1.901764	2.399493	0.581364	1.098008	0.878473	1.477323	0.492813	0.981095	1.198642	1.217897	0.990440	0.712647	0.341777	1.423384	-0.456181	-0.314682	-0.081507	0.071478	1.399573	1.410356	0.661244	-0.779494	1.029336	-1.487401	0.510394	1.866044	2.046492	0.124517	-1.178120	0.802186
0.899795	-0.165861	0.979802	1.584899	0.580599	0.532093	0.857743	1.583851	-0.733614	0.251371	1.260692	2.044521	1.094270	0.865174	-0.844332	-0.067590	-3.123933	0.819851	-1.002691	0.596211	-0.805541	-0.105849	-0.142578	-0.694391	0.074241	0.524991	0.678085	1.142095	0.909290	1.028033	0.606082	1.021631	1.413915	1.333372	1.323894	2.092458	1.324732	1.317245	1.736812	1.752995	1.005114	-0.034369	0.949087	1.358766	0.482910	1.014792	0.806025	1.352215	-1.610679	-2.047159	-0.588851	0.745705	-1.026318	-1.545020	-0.287730	-0.333494	0.289579	0.329382	-0.014182	-0.509462	1.088741	0.981344	1.515093	1.718951	-0.456571	-0.392907	0.892189	0.784672	-1.125145	-1.062886	1.780870	1.344603	-0.431603	-1.174143	0.149010	0.320818	0.918115	0.141854	0.594325	1.915424	1.093728	1.757152	0.352196	1.427735	0.986677	1.118774	0.261928	0.847995	1.248700	1.145743	0.812013	0.911812	0.665895	1.204073	-0.471725	-0.100175	-1.244566	-1.054168	0.860062	0.028360	-0.669383	-1.596365	-0.029597	-1.528305	-0.579863	1.922573	0.754500	-0.780322	-1.779499	0.188733
0.218491	0.275861	0.018306	0.565321	0.410875	0.552142	0.223962	1.809078	-1.250253	-0.190746	0.594514	1.683730	0.219539	0.527638	-1.222966	-0.330601	-3.093599	0.152273	-0.339907	-0.042670	-0.824422	0.066187	0.152109	0.020062	0.171054	1.193624	0.985569	0.792989	0.576601	0.899162	0.341894	1.495962	0.415975	0.610758	0.163894	1.359922	0.716716	1.230135	1.122394	1.460832	0.658441	0.297020	-0.361971	0.943605	-0.389666	0.666291	0.444464	0.870388	-1.063250	-1.347641	-0.831317	0.472439	-1.091673	-1.054346	-1.246339	-0.450927	-0.544191	-0.498589	-0.290639	-0.221772	0.500004	0.478434	0.702576	0.826683	-1.126065	0.266898	-0.603103	-0.223917	-0.336282	-1.136135	1.471083	0.600394	-0.204031	-1.304229	0.643021	-0.597705	0.182191	0.057596	0.438507	1.099505	0.296845	0.662106	0.120516	1.404278	0.453285	0.289690	0.077641	0.143061	1.409227	0.905739	0.215971	0.356581	0.914276	0.542135	-0.285917	-0.090836	-1.567154	-1.939602	-0.408080	-1.083881	-1.724726	-1.663908	-1.421836	-0.691045	-1.841954	1.009631	-0.736506	-1.059495	-1.655569	-1.399582
-0.190853	0.936794	-0.310240	0.006726	0.536768	0.837210	0.178611	1.629785	-0.801819	-0.034091	0.059056	0.912634	-0.719919	0.105769	-1.580570	-0.516028	-2.154074	-0.424295	0.513175	-0.302102	-0.371771	-0.067593	0.492434	0.604697	0.682896	1.306804	0.767814	0.322807	0.369603	0.565081	-0.083459	1.147105	-0.849516	-0.580061	-0.786608	0.200220	-0.012456	0.565010	0.449324	1.179169	0.454812	0.564702	-0.726759	0.636889	-0.752752	0.346866	0.570865	0.588106	-0.460090	-0.563825	-0.870071	0.064898	-1.243358	-0.426412	-1.058743	-0.094382	-0.440553	-0.358326	-0.167835	0.420356	0.022341	0.207332	0.214173	0.115873	-1.147540	0.884908	-1.504685	-0.995306	0.701408	-0.882350	1.179795	0.072793	0.226836	-1.344421	0.615458	-1.186339	-0.662367	0.102811	0.309826	0.305170	0.089508	-0.028642	-0.208422	0.981219	-0.467802	-0.353670	0.010434	-0.441937	1.389499	0.688950	-0.107442	-0.502186	1.235837	0.110483	0.449729	0.198774	-0.498249	-1.432257	-1.340203	-0.974210	-2.014778	-1.252354	-2.035967	0.312833	-2.003590	-0.293748	-1.080218	-0.978062	-1.059461	-2.205597
-0.072443	1.199579	-0.050570	0.073474	0.944353	1.239232	0.769909	1.100312	0.107083	0.146353	-0.176944	0.106630	-0.805044	-0.053017	-1.565941	-0.079257	-0.629630	-0.264648	0.975306	0.280488	0.418714	-0.351315	0.712133	0.756805	1.416272	0.610856	0.542985	0.051173	0.649230	-0.163390	-0.432769	0.223357	-1.128859	-0.987880	-0.902139	-0.614884	-0.273288	-0.343680	0.223737	0.918719	0.815150	0.712847	0.098206	0.687169	0.269018	0.564670	1.216251	0.731630	0.015389	0.095049	-0.621447	-0.249280	-1.349462	-0.177032	0.124057	0.446394	0.469433	0.483006	0.331606	1.120303	0.038212	0.371591	0.553378	0.169823	-0.487726	0.757703	-0.767778	-0.584405	1.066218	0.022542	0.987461	0.005247	0.407342	-1.571673	0.253974	-1.355806	-0.794842	0.411815	0.756385	0.288565	0.268438	-0.076704	-0.609576	0.383115	-1.006728	-0.311688	-0.069372	-0.509248	0.889104	0.569870	0.313619	-0.868059	1.690010	0.190557	1.680229	1.004432	1.110949	0.506483	-1.143952	-0.150546	-1.451988	-0.899393	-1.360251	0.848742	-0.349724	-0.954124	-0.129935	-0.969963	-0.524566	-1.086342
0.335199	0.970189	0.251194	0.248200	1.255776	1.351663	1.132930	0.427521	0.475323	-0.052079	-0.254463	-0.254255	0.098752	0.334411	-0.859357	0.911912	0.860774	0.274680	0.686667	1.113287	1.178366	-0.381699	0.715684	0.582115	1.810679	-0.245868	0.621413	-0.092481	1.194994	-0.885448	-0.358678	-0.426706	-0.245474	-0.012121	-0.424060	-0.705291	-0.033960	-0.935298	0.263860	0.537299	1.433760	0.644781	1.026106	0.856695	2.064662	1.167942	1.594169	0.876984	0.684573	0.865347	0.069655	-0.087149	-0.896935	-0.112871	1.441692	0.878983	1.400715	1.311558	0.946834	1.575444	0.221457	0.530991	1.203566	0.557221	0.449265	0.324351	1.008807	0.808436	0.383212	1.210611	0.714044	0.087717	0.164475	-1.589201	-0.044208	-1.171861	0.007156	0.830587	1.583789	0.833000	0.245558	0.089664	-0.714035	-0.046917	-0.648658	0.236605	-0.212213	-0.267320	-0.092154	0.372889	1.008500	-0.215137	1.849511	0.509023	2.646341	1.866646	1.930079	2.586410	-0.033236	0.366653	-0.333120	-0.554736	0.112270	0.960963	2.216350	-0.423922	0.954219	-0.901744	-0.148077	1.137836
0.543721	0.538365	0.220822	0.072245	1.109135	0.879744	0.494423	-0.326176	-0.077426	-0.416369	-0.315134	-0.111515	1.178849	1.118377	0.288948	1.534741	1.725013	0.354096	-0.144979	1.248799	1.422326	-0.147560	0.494794	0.261307	1.293361	-0.700376	0.522225	-0.568317	1.241761	-1.080052	0.144396	-0.433919	0.699790	1.450800	0.098801	-0.367666	0.236427	-0.884313	0.004223	-0.057054	1.452623	0.196650	1.014685	0.657487	2.988377	1.401354	1.086574	0.547948	1.597282	1.717475	1.070550	0.590283	0.236276	0.231722	2.110357	1.057352	1.653469	1.590592	1.335666	1.568737	0.109179	0.218523	1.311393	0.538250	1.048360	0.239145	2.090319	1.844998	-0.661297	1.947424	0.220940	0.057365	-0.233998	-0.900836	-0.145309	-0.781985	1.040475	1.046921	1.951820	1.010539	-0.110293	0.060146	-0.237636	-0.153692	0.282038	0.700121	-0.267100	-0.045498	-1.061406	0.004084	1.119805	1.104974	1.210281	0.633133	2.464107	2.006904	1.513079	3.301894	0.950855	0.318153	0.738903	0.244803	1.314031	1.073200	3.674105	0.619216	1.075649	-0.374869	0.381271	2.568401
0.355780	0.198754	-0.005573	-0.294117	0.580973	0.099675	-0.797447	-1.079207	-0.828707	-0.464132	-0.296670	0.023746	1.398856	1.579597	1.032252	0.976714	1.733539	-0.291029	-0.921739	0.483355	0.901399	0.013259	0.087750	-0.080685	-0.072203	-0.860845	-0.237363	-1.429986	0.465631	-0.705308	0.574936	-0.355394	0.622931	1.835307	0.317003	-0.211052	0.218399	-0.408979	-0.585203	-0.661266	0.544760	-0.407382	0.199972	-0.114973	2.115236	0.737010	0.110750	-0.138687	2.123919	2.151261	1.799690	1.186295	1.332004	0.833053	1.985387	1.035978	1.254885	1.283834	1.285180	1.075218	-0.215220	-0.417382	0.681939	0.010940	0.977367	0.389558	1.396838	1.472091	-0.940215	1.792967	-0.332339	0.012930	-0.465320	0.222967	-0.230765	-0.424390	1.318138	0.886135	1.269795	0.367819	-0.336329	-0.090670	0.405432	-0.166244	0.896252	0.714691	-0.121222	0.074614	-1.402092	-0.341541	0.483698	1.917614	0.034572	0.453871	1.139193	1.229288	0.621485	2.234198	0.881039	0.095508	1.172070	1.403145	1.513766	1.265828	2.806158	0.785258	0.400649	0.443713	1.080524	2.263474
0.029865	0.043869	-0.059312	-0.403801	0.091334	-0.337030	-1.586633	-1.509959	-0.761923	-0.089537	-0.103785	-0.369298	0.474704	0.992628	0.703012	-0.447378	1.172922	-1.076520	-1.201650	-0.514416	-0.105699	-0.105876	-0.423702	-0.340352	-1.413890	-1.010320	-1.165346	-1.886210	-0.467760	-0.110639	0.377527	-0.868030	-0.339615	0.586250	0.044968	-0.569775	0.050764	-0.118016	-0.826815	-0.891053	-0.535939	-0.534823	-0.526462	-1.108627	0.298959	-0.474164	-0.293937	-0.572041	1.600501	1.707783	1.677860	0.960719	1.469413	1.103126	1.483310	0.949847	0.867093	0.756528	0.832487	0.312654	-0.354397	-0.867534	-0.071302	-0.448727	0.467739	0.255359	-0.296576	0.144368	-0.089411	0.950329	-0.597976	0.161691	-0.533009	0.845534	-0.460038	-0.288239	0.533650	0.437587	-0.051710	-0.429782	-0.054141	-0.054169	0.396723	-0.460221	0.619482	0.373655	0.048183	0.048694	-1.038336	-0.463796	-0.254463	1.217045	-0.646008	0.224620	-0.236424	0.273915	0.271768	0.346917	-0.177727	-0.060126	0.865811	1.998831	0.908361	1.098291	0.505529	-0.506078	0.004510	0.842550	1.348660	1.018368
-0.126213	-0.078297	0.191861	-0.201077	-0.077265	-0.167864	-1.214043	-1.341635	0.184464	0.248836	0.138406	-1.164520	-0.824826	-0.498642	-0.452528	-1.609154	0.573191	-1.337223	-1.019311	-1.090234	-0.928328	-0.392805	-0.800838	-0.525241	-1.720113	-1.019198	-1.215779	-1.089934	-0.656384	0.478451	-0.499270	-1.783689	-1.094363	-1.232172	-0.797681	-1.292899	-0.043167	-0.440629	-0.285585	-0.618017	-0.767465	0.040520	-0.720041	-1.760033	-0.788226	-1.306588	0.266413	-0.358019	0.187048	0.398972	0.747110	-0.150473	0.503003	0.539278	1.078599	0.758388	1.029855	0.439453	0.203140	-0.419561	-0.289053	-1.017479	-0.321686	-0.384721	-0.033607	-0.198167	-1.095387	-0.600211	1.094900	0.065409	-0.415117	0.417911	-0.637079	0.355550	-0.657487	-0.302474	-0.620999	-0.107526	-0.948019	-0.439187	0.482603	0.195613	-0.391178	-1.039785	-0.251488	-0.041556	-0.083533	-0.313530	-0.515096	-0.468082	-0.506519	-0.720537	-0.158339	0.125597	-0.534835	0.014800	0.623438	-0.920061	-1.201618	-0.136061	0.342260	1.311114	0.284579	0.185665	-1.162516	-2.173839	0.524122	0.537980	0.600388	0.156786
-0.160178	-0.428280	0.488514	-0.081143	-0.049609	0.131514	-0.246354	-0.804619	0.916943	0.008968	0.111336	-1.696515	-1.428552	-1.768530	-1.479973	-1.835072	0.174310	-1.085292	-0.715312	-1.282303	-1.045003	-0.584355	-0.677586	-0.758398	-0.809638	-0.650056	-0.168472	0.662178	-0.016628	1.091044	-1.590765	-2.258385	-0.920556	-2.102430	-1.946931	-1.988055	-0.180898	-1.183683	0.452543	-0.191219	-0.069473	0.622608	-0.754358	-1.872576	-0.534194	-1.222899	1.013343	0.222999	-1.175907	-1.299270	-0.362227	-1.413653	-0.807563	-0.671797	0.887946	0.254828	1.507086	0.468708	-0.335756	-0.940263	-0.374618	-1.222558	-0.151340	-0.019308	-0.421547	-0.509230	-0.012243	0.181674	1.547131	-0.362346	-0.019483	0.404644	-0.863839	-0.866187	-0.455396	-0.231935	-1.179899	-0.657468	-0.861205	0.243192	0.663038	0.320773	-1.042851	-1.411820	-0.917262	-0.351452	-0.552593	-1.034884	-0.299843	-0.596393	-0.343116	-2.413943	0.926073	-0.018978	0.219885	0.345040	0.893015	-0.900102	-1.233528	0.016089	0.230560	-0.177974	0.125548	-1.215494	-1.129171	-2.497110	1.460371	0.156907	-0.871000	0.035345
-0.277127	-0.976729	0.467897	-0.298702	-0.133265	-0.058819	0.214825	-0.481806	0.450796	-0.757075	-0.360646	-1.523068	-1.046294	-1.766212	-1.625709	-1.476421	-0.210898	-0.824985	-0.539913	-1.476760	-0.497406	-0.411654	0.075084	-0.953989	0.408779	-0.162353	0.951486	1.958050	0.725056	1.665536	-2.320276	-1.896798	-0.271311	-1.618856	-2.719175	-2.297193	-0.632808	-1.719526	0.416709	-0.068738	0.613527	0.404309	-1.044840	-1.670553	0.067876	-0.630095	0.937422	0.551227	-1.617192	-2.593642	-1.107630	-2.048527	-1.544929	-1.688593	0.718437	-0.457853	1.520184	0.577511	-0.560644	-1.121909	-0.671002	-1.556017	-0.133559	0.098952	-0.857947	-0.410882	1.870510	1.731003	1.037351	-0.443947	0.193807	-0.056839	-1.174021	-1.818714	0.192201	-0.047856	-0.937835	-1.171049	-0.311645	0.539590	0.268393	0.076994	-0.732747	-1.142954	-0.948911	-0.526549	-0.930473	-1.697350	-0.251215	-0.838631	-0.229512	-2.605515	1.387046	-0.401885	0.920870	0.268811	0.379690	-0.144383	-0.402836	0.471463	0.585954	-1.204917	0.224033	-2.301229	-0.175771	-1.036213	1.808451	0.410328	-1.928861	0.028337
-0.338671	-1.178108	0.097512	-0.586175	-0.416478	-0.713780	-0.181576	-0.591529	-0.780440	-1.288237	-0.984343	-0.857222	-0.386932	-0.671148	-0.978186	-1.187524	-0.698218	-0.797435	-0.420910	-1.655530	0.228861	0.270347	1.060181	-0.695519	0.791276	-0.071766	1.038380	1.737004	0.914207	1.865807	-2.282623	-1.170028	-0.101108	-0.670844	-2.468551	-1.968629	-1.256110	-1.582674	-0.410219	-0.254711	0.482111	-0.359650	-1.330096	-1.290611	-0.182902	-0.361851	0.036279	0.365888	-1.010626	-2.684180	-1.431695	-1.884761	-1.355473	-1.700234	0.456104	-0.725871	0.698838	0.397938	-0.371007	-0.769948	-0.764864	-1.476306	-0.515394	-0.178104	-1.208653	-0.117349	2.528690	2.336034	0.204772	-0.682209	0.090082	-0.578839	-1.518934	-1.814505	0.752751	-0.039348	-0.553109	-1.471648	-0.148462	-0.120880	-0.214423	-0.282522	0.128315	-0.419715	-0.649465	-0.606677	-0.759386	-1.789597	-0.001211	-0.908125	-0.476006	-1.509658	0.726004	-0.775955	0.660710	-0.688406	-0.558024	0.310350	0.265124	0.795054	0.811947	-1.102681	0.158948	-2.375017	0.335037	0.783321	1.130409	1.050964	-1.662993	-0.359444
0.046545	-0.554032	-0.242479	-0.499228	-0.685517	-1.211736	-0.682955	-0.712928	-1.337376	-0.896048	-1.137334	-0.199167	-0.250835	0.279943	-0.295417	-1.079859	-0.952609	-0.720862	-0.099019	-1.361620	0.634954	1.197138	1.629543	0.157260	0.087455	-0.356071	0.115798	0.429235	0.512476	1.398517	-1.361215	-0.640433	-0.559894	-0.189290	-1.178508	-0.954161	-1.427051	-0.796772	-0.963921	-0.312942	-0.164585	-0.614692	-1.033723	-0.580480	-1.177903	-0.666861	-0.726539	-0.007028	0.065923	-1.430570	-1.423298	-1.210373	-0.588764	-0.756442	0.231815	-0.087270	-0.409905	-0.130480	0.046264	0.084597	-0.456074	-0.643990	-0.876252	-0.455664	-1.074127	-0.014563	1.280324	1.208760	-0.356606	-1.240822	-0.134280	-0.592268	-1.787555	-1.051401	0.567651	-0.445884	-0.582172	-1.311614	-0.519164	-0.971322	-0.159719	-0.257412	0.434671	0.172109	-0.495049	-0.598427	-0.163409	-1.228226	0.363539	-0.592314	-1.011609	-0.379952	-0.420403	-0.698589	-0.283813	-1.622896	-0.843866	0.026492	0.129141	0.391136	0.301587	-0.472679	-0.159550	-1.442174	0.033587	1.235844	-0.095299	1.089220	-0.406412	-0.884830
0.786418	0.410725	-0.196282	-0.008093	-0.748588	-1.122193	-0.450337	-0.433532	-0.590597	0.097096	-0.527919	0.195032	-0.608398	0.203425	-0.254205	-0.835676	-0.593038	-0.316388	0.503202	-0.444347	0.526699	1.647973	1.483951	0.918566	-0.897592	-0.427733	-0.871085	-0.687460	-0.132088	0.453000	0.103585	-0.272827	-0.773759	-0.108695	0.430079	0.346514	-0.768595	0.273247	-0.549833	-0.020363	-0.418366	-0.013261	-0.206093	0.366024	-1.771035	-0.954691	-0.635607	-0.104260	0.855154	0.260595	-0.972474	-0.308699	0.039405	0.121779	0.120557	0.797578	-0.988448	-0.723019	0.211497	0.797584	-0.213722	0.263469	-0.706199	-0.368656	-0.553030	-0.334788	-0.462185	-0.586658	-0.668186	-1.646498	-0.303881	-0.127584	-1.767564	-0.330402	-0.350693	-1.081548	-0.790311	-0.718950	-0.938154	-1.004964	0.348345	0.194331	-0.065500	0.365827	-0.420411	-0.393047	0.216891	-0.316212	0.402966	0.026907	-1.458622	0.042496	-1.176348	-0.248056	-0.909301	-1.355714	-0.071828	-0.549980	-0.296279	-0.674198	-0.854584	-0.394430	-0.558014	-0.252749	-0.408018	0.233268	-1.018694	0.078415	0.520862	-1.075465
1.080467	0.526319	0.086293	0.425977	-0.704571	-0.667265	0.336368	0.000676	0.426464	0.541513	0.339302	0.340849	-0.767592	-0.461832	-0.790739	-0.366093	0.200532	0.165762	1.124121	0.504192	0.105452	1.091955	0.923572	0.737389	-1.228477	0.010569	-1.168393	-0.992428	-0.696815	-0.328208	1.356615	0.208265	-0.083908	0.226357	1.387280	1.119062	0.215613	1.149009	0.125448	0.230097	-0.044837	0.510524	0.313268	0.856618	-1.335097	-0.626490	-0.001597	0.158262	1.006128	1.168707	-0.104877	0.579050	0.001590	-0.042294	-0.084969	0.658297	-0.917925	-1.084074	-0.218999	0.544173	-0.562142	0.199915	-0.144445	-0.057988	-0.414746	-0.980993	-0.978582	-1.273692	-0.942478	-1.357595	-0.500317	0.116772	-1.310236	-0.199024	-1.121797	-1.447849	-0.660082	-0.112577	-1.136516	-0.408378	0.475013	0.419321	-0.420894	0.445194	0.046840	0.140177	0.015603	0.633132	0.069666	0.698295	-1.353121	0.167873	-1.280535	-0.078593	-0.709748	-0.095725	0.870863	-0.781285	-0.130784	-1.603690	-1.832692	-1.123835	-0.920337	0.300590	-0.386907	-0.677004	-1.157865	-1.162573	0.255032	-0.901132
0.350089	-0.573953	0.036135	0.338758	-0.742402	-0.307827	0.732927	0.066464	0.358952	-0.184071	0.626877	0.288531	-0.299326	-0.592689	-1.192471	-0.018312	0.817169	0.161201	1.443035	0.730119	-0.188474	-0.101179	0.486730	-0.185843	-0.729317	0.570330	-0.783346	-0.904174	-1.028248	-0.482324	1.783016	0.719173	0.946804	0.944684	1.185790	0.803961	0.590711	1.362576	-0.056645	-0.068281	0.191144	0.055766	-0.103212	0.344242	-0.443481	0.145135	0.417673	0.495938	0.824964	0.989988	0.594964	1.080685	-0.588828	-1.026904	-0.544473	-0.683067	-0.778030	-1.174528	-0.967178	-0.591044	-1.217968	-0.774752	0.140053	0.098579	-1.072664	-1.442598	-0.358669	-0.336679	-1.017468	-0.380199	-0.808586	-0.303677	-0.473391	-0.403038	-0.867684	-1.216700	-0.197210	0.139245	-1.242414	-0.160368	-0.381100	-0.210381	0.145996	0.718182	0.945243	0.849518	-0.412490	1.303984	-0.114446	1.168786	-0.511643	0.561240	-0.934504	-0.505586	-0.088053	0.802911	0.938713	-0.565782	0.601804	-1.685413	-1.872970	-1.799882	-1.177780	0.014543	-0.060433	-0.222740	-0.652760	-1.421400	-0.617011	-0.657752
-0.866171	-1.700500	-0.707561	-0.290475	-0.773993	-0.126959	0.267255	-0.169707	-0.745361	-1.339269	0.120010	0.117703	0.497074	0.230190	-0.955924	-0.181249	0.857510	-0.512932	1.367392	0.196161	-0.136591	-0.988830	0.348294	-0.723031	0.051057	0.804489	-0.159171	-0.924024	-1.145573	-0.310360	1.431390	0.976752	1.235859	1.420837	0.181470	-0.195674	0.106664	0.724239	-0.953004	-0.759811	-0.366833	-0.889517	-0.966669	-0.607562	0.093651	0.730842	0.421566	0.651323	0.853351	0.457292	0.423549	0.896510	-1.084838	-1.651608	-0.984161	-1.806275	-0.961325	-1.151993	-1.325166	-1.410909	-1.297160	-1.330995	-0.165503	0.086924	-1.811298	-1.150671	-0.184898	0.959779	-0.634455	0.864271	-0.984754	-0.876444	0.508080	-0.320747	0.208714	-0.572085	0.191961	0.178208	-1.131755	-0.448299	-1.731603	-1.400974	1.074562	1.020182	1.540491	1.187790	-0.568268	1.211060	0.156937	1.194781	0.670582	0.926848	-0.274084	-0.871866	0.379732	0.730723	0.333518	-0.282144	0.992353	-0.904045	-1.177784	-1.522699	-1.159527	-0.404922	0.021606	1.124049	0.071809	-0.605729	-0.866349	-0.402648
-1.479458	-1.539440	-1.784264	-1.058209	-0.530005	0.115321	-0.557278	-0.130874	-1.631129	-1.737279	-0.567508	0.000360	1.025839	1.296026	-0.439393	-0.863425	0.393759	-1.359277	0.894504	-0.429742	-0.108823	-1.137176	0.126141	-0.365314	0.490012	0.735597	0.268578	-0.950741	-1.189016	-0.532950	0.763082	0.932802	0.607363	1.158095	-0.717662	-0.827970	-0.485779	-0.357575	-1.291396	-1.124600	-1.265721	-1.062391	-1.180303	-0.798494	0.258894	0.883948	0.431918	0.612637	1.086630	0.188289	-0.503301	0.175785	-1.004731	-1.266567	-0.974836	-1.420271	-1.164895	-1.128545	-0.951636	-0.957928	-0.434117	-0.536875	-0.549440	0.273606	-1.638585	-0.245535	-1.201387	1.114537	-0.083622	1.963759	-0.657651	-0.723510	1.237103	0.094522	0.969437	-0.073550	0.361813	0.383602	-0.336700	-0.429411	-2.404859	-2.068055	1.150209	0.920200	1.106451	0.673385	-0.515866	0.117036	0.396924	0.618731	1.401522	0.603471	0.623309	-0.305650	0.613454	0.551557	0.139124	-0.223555	0.476416	0.253440	-0.756809	-0.480983	-0.754146	-0.178030	-0.353854	1.811844	0.758705	0.061692	-0.277541	0.104783
-1.198367	-0.436595	-2.301583	-1.487611	-0.038081	0.411470	-1.065967	0.237408	-1.484250	-1.224919	-0.826638	-0.023025	1.022903	1.667348	-0.349486	-1.610188	-0.226772	-1.654330	-0.046682	-0.630152	-0.634644	-0.944573	-0.569874	0.056586	0.354810	0.469741	0.219409	-0.711177	-1.213536	-1.241681	0.010234	0.641115	-0.095649	0.438778	-0.891321	-0.609728	-0.420014	-1.097282	-0.503887	-0.829704	-1.483554	-0.187557	-0.419637	0.008036	0.501379	0.839424	0.702494	0.465039	0.885780	-0.027093	-1.158908	-0.565722	-0.530345	-0.499577	-0.517619	-0.053994	-0.869804	-1.022694	-0.248017	0.244821	0.669109	0.809087	-0.323573	0.779457	-0.669889	0.306303	-2.163363	0.093451	-0.004749	2.536688	0.112514	0.240959	1.208735	0.158695	0.721695	-0.137605	0.471999	0.685263	1.074302	0.286425	-1.787951	-1.503265	0.104405	0.296853	-0.121594	-0.485184	-0.602406	-1.283535	-0.062767	-0.393262	1.139600	-0.261801	1.411402	0.994902	0.796522	1.101930	0.666904	-0.330157	-0.441467	1.260155	-1.120738	0.344665	-0.151635	0.519203	-0.837703	1.038278	1.319249	-0.380375	0.149163	0.874626
-0.730889	0.093543	-1.667256	-1.372965	0.252071	0.317734	-1.221090	0.134201	-0.746947	-0.709843	-0.765604	-0.222369	0.696509	1.179661	-0.611764	-1.740007	-0.521625	-1.097599	-1.225887	-0.516222	-1.444210	-0.819369	-1.409713	-0.326345	-0.179850	-0.209484	-0.269739	-0.337784	-1.059260	-1.606650	-0.861297	-0.012136	-0.231421	-0.112310	-0.533858	-0.195319	0.084738	-1.113395	0.394468	-0.420377	-0.793238	0.602614	0.436526	0.634245	0.839161	0.694223	0.893040	0.197143	-0.042019	-0.514453	-0.714013	-0.921497	-0.116629	-0.213339	-0.029196	0.699559	-0.077071	-0.669145	0.222285	0.880685	1.032959	1.125358	0.425715	1.145205	0.033270	-0.146449	-1.478103	-0.847584	-0.448459	2.216387	0.713379	1.148076	0.246501	-0.509155	0.021645	-0.593283	0.488600	0.581369	2.135143	0.840065	-0.441666	-0.227431	-0.995966	-0.474229	-1.096204	-1.455559	-0.708588	-1.712247	-1.075315	-1.322893	0.099751	-0.710942	1.560034	1.774068	0.875281	1.792356	0.966766	-0.401710	-0.826517	1.716097	-1.437599	0.519552	0.332006	0.740520	-0.930672	-0.441762	1.479229	-1.248324	-0.193016	1.441218
-0.632719	-0.469294	-0.283611	-0.884272	-0.049986	-0.494092	-1.324545	-0.955848	-0.280870	-0.781720	-0.844416	-0.786032	0.430584	0.435177	-0.270409	-0.831591	-0.046154	0.014133	-1.775840	-0.358225	-1.403270	-0.582285	-1.479812	-0.988700	-0.696105	-1.323443	-0.697900	-0.125306	-0.625068	-0.976549	-1.630587	-0.959902	-0.037345	-0.281738	-0.267550	-0.405880	0.159638	-0.792145	0.169751	-0.577793	-0.067695	0.276052	0.421702	0.059671	0.863444	0.235276	0.555039	-0.240620	-0.889371	-0.852747	0.455861	-0.839956	0.233774	-0.224431	0.223775	0.302810	0.627134	-0.087312	0.430539	0.574101	0.528974	0.115629	0.853878	0.830137	-0.005602	-0.883192	0.582715	-0.794595	-0.657885	1.087202	0.575290	1.174303	-0.982314	-1.110015	-0.257748	-0.766740	0.159885	-0.009150	2.013597	0.342886	0.554572	0.542367	-1.004671	-0.873897	-1.054274	-1.572914	-0.351364	-0.751240	-1.736660	-1.691917	-0.907157	-0.208658	0.861116	1.160576	0.631897	1.410330	0.282439	-0.308428	-0.347719	1.405731	-0.517374	0.674456	0.623949	0.106433	-0.505863	-1.252438	0.828984	-0.975798	-0.460079	1.341345
-0.597121	-0.947376	0.744126	-0.358847	-0.781517	-1.619917	-1.291294	-2.209354	-0.243776	-0.914216	-1.056199	-1.291681	0.418373	0.032807	1.185621	0.767669	1.113334	1.072843	-0.866007	-0.067392	0.120972	0.048396	-0.347638	-0.651126	-0.726836	-2.106021	-0.506335	0.008708	-0.170611	0.122942	-1.751882	-1.554999	0.012436	-0.282520	-0.346926	-1.013237	-0.499577	-0.646553	-0.954978	-1.120961	-0.103929	-0.738521	-0.326640	-1.105114	0.461218	-0.479581	-0.223305	-0.729515	-0.551577	-0.350090	1.152212	-0.482603	0.890151	0.322051	0.364787	-0.213916	0.690593	0.432249	0.692236	0.216830	-0.081463	-0.849228	0.365477	-0.106607	-0.042456	-0.559819	2.087360	-0.098861	-0.094135	-0.090471	-0.184197	0.374212	-1.319100	-0.408227	-0.183301	-0.099170	-0.417642	-0.384434	1.023934	-0.749719	0.680213	0.240031	0.046516	-0.667309	-0.228259	-0.898253	0.478321	0.478873	-1.418749	-1.433031	-1.147458	0.630280	-0.265083	-0.300850	0.097420	-0.111504	-0.698625	0.014120	0.500788	0.512323	1.484464	1.460266	0.837895	-0.527079	0.116282	-0.819222	-0.505306	0.823979	0.459299	0.656947
-0.159604	-0.258722	0.716503	0.019323	-1.313330	-2.110947	-0.759359	-2.241135	-0.094847	-0.335759	-0.924610	-1.032119	0.484579	0.007697	2.801380	1.978679	2.115945	1.483099	1.105419	0.505784	2.115148	0.838766	1.224684	0.843744	-0.076802	-1.671735	0.169673	0.357982	-0.026046	0.636176	-1.020483	-1.132786	-0.091775	-0.222150	-0.462620	-1.051516	-1.190989	-0.571420	-1.595275	-1.192461	-0.570089	-1.114138	-0.811395	-1.377187	-0.000765	-0.865094	-0.884631	-0.955582	0.841311	0.798033	0.693571	-0.084048	1.720133	1.466434	0.545316	0.104081	0.152962	0.576282	0.948809	0.488357	-0.167880	-0.567589	-0.635209	-1.004775	0.663153	0.883089	1.773523	0.358744	0.695709	-0.571195	-0.840775	-0.535760	-0.358225	1.532974	-0.396253	1.188269	-0.641879	0.032340	0.116453	-1.210668	0.279196	-0.473066	1.102441	-0.053354	0.548207	0.042966	1.125981	0.612853	-0.386751	-0.782535	-0.531487	0.818155	-1.040326	-1.278674	-0.409849	-1.502963	-0.728678	0.503792	1.000025	-0.366541	2.953916	2.403066	0.898507	-0.193706	0.549074	0.229952	-1.553199	2.652736	2.134259	-0.109856
0.402152	0.904123	0.007873	0.289348	-1.129230	-1.417307	0.114139	-0.884086	0.465073	0.689090	-0.328411	-0.030878	0.254291	-0.030836	3.001290	1.860538	2.082640	0.908022	2.507525	1.029969	2.771062	1.295437	1.901088	2.096762	0.849127	-0.312951	0.496650	0.761889	-0.078606	0.376468	-0.033483	-0.011007	-0.149905	0.045337	-0.294333	-0.241075	-1.118490	-0.123977	-0.958402	-0.450503	-0.482369	-0.273853	-0.456258	-0.373766	-0.237235	-0.492914	-1.034735	-0.678333	1.775228	1.456105	-0.395658	0.061633	1.761342	1.986694	0.603143	0.760434	-0.466501	0.271591	0.675774	0.795069	0.060904	0.446957	-1.159872	-1.209068	1.551487	1.715489	0.430747	0.311613	0.666527	-0.434400	-0.802623	-0.917637	0.883803	2.903233	-0.797220	2.004256	-0.108187	0.736979	-0.327455	-0.673030	-0.077925	-0.589758	1.231406	0.472187	0.707621	0.798784	1.092030	-0.233778	0.632116	0.052695	0.369551	0.217299	-0.967082	-1.031102	-0.667132	-1.699438	0.169667	0.818849	0.834341	-0.752848	2.532426	2.286391	0.549977	0.677106	0.668013	0.869558	-1.360928	2.693596	2.801688	-0.596621
0.371589	0.974326	-0.509876	0.490267	-0.328620	-0.050801	0.523007	0.493580	0.934440	0.992887	0.143847	0.727269	-0.402059	-0.370498	1.402314	0.604830	1.047124	-0.437889	2.102550	0.948414	1.532268	1.280446	1.107512	1.831574	1.215952	0.569733	-0.049089	0.598882	0.045656	0.131409	0.333037	0.635606	-0.255321	0.511792	0.029003	0.563659	-0.411855	0.610255	0.291856	0.384592	0.475597	0.992703	0.225979	0.732883	-0.373553	0.256343	-0.794198	-0.014725	1.013140	0.852383	-1.094474	-0.229428	0.241391	0.756582	0.233993	0.539852	-0.775293	-0.350517	-0.374164	0.162803	0.000126	0.748984	-0.699021	-0.578192	1.338583	0.362774	-0.343728	0.202139	-0.405088	-0.297036	-0.183625	-0.604505	0.961669	1.978646	-0.572473	1.219227	0.735712	0.690015	-0.591708	0.066268	-0.262028	-0.011671	0.429190	0.490632	0.341432	1.128008	0.632422	-0.627370	1.142580	0.935104	0.821742	-0.352096	-0.272882	0.065146	-0.783272	-0.959381	0.567765	0.516465	0.215134	-0.830813	0.516870	0.647048	-0.182004	0.581403	0.527344	0.672431	-0.127058	0.735272	1.456528	-0.828740
-0.375983	-0.252202	-0.499925	0.519993	0.429598	0.883734	-0.008911	0.690198	0.602611	-0.026388	-0.052269	0.460608	-1.090252	-0.843132	-0.637245	-0.499834	-0.140289	-1.675430	0.484568	0.291954	-0.200415	1.046011	-0.361721	0.476059	0.590239	0.173466	-0.919798	-0.295594	0.301845	0.402228	-0.090992	0.161744	-0.582365	0.814643	0.156439	0.571911	0.084503	0.956412	0.977845	0.451501	1.552393	1.558064	0.354552	0.838202	-0.559621	0.623341	-0.495616	0.608208	-0.920154	-0.401703	-1.006903	-0.721641	-2.144073	-1.676625	-0.577436	-0.750793	-0.869365	-1.105856	-1.606491	-1.218491	-0.462209	-0.095263	0.289924	0.467731	-0.223785	-2.391329	-0.176884	0.384491	-1.561368	-0.330762	0.395166	0.157682	-0.335296	-0.716771	0.352323	-1.023866	0.978846	-0.232889	-0.701804	0.312249	-0.494993	0.367952	-0.538314	0.095080	-0.073725	0.904278	0.301447	0.326480	1.047908	1.593931	0.550232	-0.153903	0.305440	1.089158	-0.983728	-0.272620	-0.498059	-0.403410	-0.406886	-1.164564	-1.564040	-1.458798	-0.834872	-1.061085	0.125452	0.036840	0.953929	-1.658872	-0.864424	-0.964328
-1.123715	-1.229215	-0.334452	0.299935	0.526738	0.841184	-0.852045	0.097690	-0.454177	-1.487296	-0.616717	-0.337230	-1.176012	-0.954367	-1.388330	-0.292666	-0.808702	-1.762831	-0.530762	-0.171659	-0.638108	0.825436	-1.130119	-0.391069	-0.421638	-0.612997	-1.045713	-1.085274	0.200200	0.688501	-0.533500	-0.695234	-0.863857	0.670576	0.027645	0.143990	-0.092011	0.562657	0.720372	-0.106794	1.861441	1.202574	-0.169394	0.296365	-0.566215	0.405026	-0.252260	0.805452	-2.265213	-0.905385	-0.540558	-0.803748	-3.494188	-3.270642	-1.429873	-1.882731	-1.054144	-1.735418	-2.016873	-1.989995	-0.778570	-1.000198	0.920726	1.225757	-1.790759	-3.833728	-0.040518	0.619619	-1.653029	-0.067497	0.475490	0.858342	-1.620838	-2.671172	0.847676	-2.900249	0.299751	-0.963623	-0.213561	0.263222	-0.813503	-0.163715	-0.859005	-0.101493	-0.165319	0.232062	0.199526	1.868804	0.483068	1.667292	-0.029336	0.624623	0.261705	1.344511	-1.260559	-0.157752	-2.137497	-1.276310	-0.650743	-1.817274	-2.362186	-2.372566	-1.015609	-2.802270	-0.511817	-0.350274	1.041749	-2.645999	-2.159631	-1.021325
-1.189186	-0.716735	-0.354154	-0.025079	-0.025258	0.343043	-0.953101	-0.067695	-1.315987	-1.884251	-0.774597	-0.522386	-0.420505	-0.387251	-0.421521	1.093029	-0.961676	-0.410939	0.028830	0.190422	0.426201	0.652970	-0.643620	0.039409	-0.753755	-0.405563	-0.080897	-0.821285	-0.409828	0.283816	-0.189767	-0.746875	-0.575521	0.311161	-0.055353	0.180302	-0.520192	-0.074072	0.025376	-0.396913	1.296515	0.601753	-0.547348	0.206205	-0.092969	0.058740	0.008618	0.534730	-1.919959	-0.023296	-0.144921	-0.080245	-2.568479	-2.444993	-1.846936	-1.666361	-1.358768	-1.864804	-1.206123	-1.240548	-0.439306	-0.807598	0.740952	1.138093	-1.880912	-2.224053	-0.566415	0.424244	-0.466928	0.736033	0.134028	0.930690	-1.355328	-2.032919	0.097560	-2.414855	-0.642688	-0.641596	0.815049	0.294439	-0.956413	-1.190458	-0.291199	0.370689	0.080134	-0.414813	-0.000107	2.556914	-0.226047	1.082848	-0.239757	1.173360	-0.183350	0.703910	-1.334021	-0.395651	-2.581066	-1.331575	-0.337981	-2.056078	-1.556385	-1.444151	-0.873390	-2.601492	-1.015970	-0.125466	0.424706	-1.614735	-1.478638	-0.948387
-0.716341	0.577799	-0.371112	-0.199638	-0.633173	0.233174	-0.221935	0.444643	-1.235256	-0.729745	-0.341522	0.110021	0.687004	0.560902	1.201689	2.411874	-0.763372	1.534794	1.226931	1.063775	1.530554	0.473701	0.292735	0.951594	-0.207685	0.693825	1.107708	0.233445	-0.970899	-0.673810	0.742900	0.104062	0.251852	0.173380	0.131623	0.713208	-0.587510	-0.286079	-0.619039	-0.108058	0.334311	0.278823	-0.175918	0.708537	0.607267	-0.085444	0.220597	0.065184	-0.452457	1.426413	0.212632	1.082273	-0.143285	0.256986	-1.691411	-0.399234	-1.495880	-1.260565	0.140277	0.314004	0.342759	0.282174	0.018314	0.202274	-0.499694	1.157117	-1.119744	-0.290339	1.168876	1.496411	-0.252474	0.174162	0.476012	0.437900	-1.098991	0.340251	-0.998113	0.236995	1.339756	0.139066	-0.804625	-1.633126	0.721379	1.156622	0.417158	-0.504635	-0.423808	1.931830	-0.614222	0.252554	0.134449	1.004140	-0.447204	-0.414606	-0.952690	-0.614405	-1.304877	-0.464493	0.420219	-1.189776	0.211580	0.386764	-0.826478	-0.223143	-0.751553	0.539124	-0.200324	0.492947	0.406389	-0.806364
-0.363168	1.031381	-0.075246	-0.170964	-0.793175	0.627060	0.300160	0.660271	-0.406144	0.956872	0.044219	0.506657	1.284189	1.091198	2.171835	2.636200	-0.082837	2.818651	1.443515	1.518918	1.300355	0.228722	0.491406	1.055790	0.245740	1.135170	1.281991	0.751024	-0.916707	-1.377784	1.234855	0.798924	0.785510	0.214821	0.401463	0.791658	-0.342984	-0.117795	-1.222532	-0.006888	-0.676098	-0.026944	0.450972	0.755981	0.804134	-0.262606	0.127486	-0.344572	0.785755	2.159982	0.707038	1.782978	1.855057	2.690521	-1.205325	0.509450	-1.268978	-0.205479	0.867528	1.090719	0.747543	1.010746	-0.693824	-0.995593	1.050426	3.331221	-0.907307	-1.091651	2.203528	1.380319	-0.466298	-0.938866	2.306544	2.431075	-1.287088	2.909730	-0.675084	0.544079	0.481946	-0.633811	-0.614400	-1.043433	1.444462	1.327943	0.609552	-0.019324	-0.749045	0.833152	-0.433273	-0.305193	0.613435	0.408310	-0.435835	-1.353177	-0.187469	-0.655415	0.374400	0.693591	1.148350	0.416489	1.803120	1.599983	-0.941836	2.347365	0.487580	1.091869	-0.730916	2.046014	2.033621	-0.699608
-0.398986	0.294541	0.385526	-0.141209	-0.590149	0.892085	-0.119272	-0.053027	0.453879	1.824690	-0.101612	-0.119409	0.906320	0.628227	2.102554	1.948528	1.063847	2.924293	0.361726	1.164015	-0.081831	-0.089800	-0.235526	0.158383	-0.200350	0.085614	0.161256	-0.005219	-0.433324	-1.396133	0.716420	0.646624	0.318185	-0.069126	0.419643	-0.078611	-0.290771	-0.087982	-1.792361	-0.765889	-1.582752	-0.771042	0.313030	-0.296593	0.187474	-0.725266	-0.408015	-0.726280	1.124666	1.858812	1.165854	1.483880	2.394477	3.267235	-0.722030	0.210171	-0.839969	0.587489	0.461326	0.422926	0.197285	0.578226	-1.117426	-1.800251	1.715654	2.819101	-0.325432	-1.494765	2.159152	0.312863	-0.607824	-1.615296	2.650899	2.699639	-0.273770	3.027617	-0.233055	0.107431	-1.119968	-1.663710	-0.600559	-0.077656	1.442320	0.470808	0.601065	0.466914	-0.625188	0.266033	0.041183	-0.492741	0.602132	0.016286	-0.758086	-1.731251	0.569355	-0.456210	0.945579	1.436462	1.261024	1.519016	2.246976	1.565636	-0.907339	3.071736	1.903182	0.998579	-1.479368	2.031305	2.517820	-0.581914
-0.447108	-0.399165	0.602806	-0.212424	-0.416471	0.604551	-0.793997	-0.915641	0.965376	1.585660	-0.307141	-0.990841	-0.020920	-0.470639	1.524280	1.328165	1.943784	2.395811	-0.742965	0.696841	-1.279402	-0.361553	-0.976726	-0.768641	-0.988325	-1.250093	-1.178879	-1.149108	-0.162658	-1.080571	-0.136654	0.307629	-0.682193	-0.787484	0.251324	-0.964975	-0.436643	-0.206968	-1.811866	-1.709345	-1.999497	-1.659761	-0.697339	-1.545147	-0.576756	-1.100191	-1.156460	-1.270545	0.860967	1.262376	1.259125	0.621434	2.036995	2.315053	-0.430555	-0.702174	-0.510503	0.649084	-0.487051	-0.768959	-0.893798	-0.453085	-1.325717	-2.037994	1.561411	0.969559	-0.421915	-1.423467	1.246009	-0.881953	-0.819286	-1.504117	1.651827	1.979421	0.712590	1.201477	0.026188	-0.047223	-1.829167	-1.990611	-0.471966	0.444940	0.902119	-0.662684	0.509343	0.432858	-0.092791	0.423305	0.331264	-0.578648	0.157630	0.095136	-1.816307	-1.694192	0.878117	-0.042175	0.452735	1.501533	0.676558	1.350043	1.472704	0.943688	-0.616071	2.029248	2.157754	0.244105	-2.246463	0.826896	1.911195	-0.332354
-0.112255	-0.045881	0.572645	-0.113263	-0.377315	0.091937	-0.511226	-0.747630	1.178441	1.048914	0.255574	-0.616255	-0.530313	-1.104064	1.047223	1.296052	1.579053	2.003833	-0.677374	1.013199	-1.357646	-0.430716	-0.969730	-0.881923	-0.906541	-1.111954	-1.396998	-1.191326	-0.287359	-0.882653	-0.247937	0.786874	-0.929802	-1.203779	0.393768	-0.516621	-0.067955	0.186315	-0.705253	-1.389411	-1.447033	-1.783025	-1.401182	-1.548728	-0.568195	-0.723818	-1.625802	-1.853053	0.417958	0.935388	1.008357	0.168162	1.694566	1.249726	-0.337450	-1.030275	-0.339251	0.284206	-0.930089	-1.136253	-1.357100	-0.828544	-1.359598	-1.907798	1.189153	0.038978	-1.249390	-1.171793	-0.033428	-1.380751	-0.923508	-0.910016	0.729179	1.491247	0.714346	0.045165	0.395541	0.851048	-0.941642	-1.215137	0.284974	0.597993	0.409259	-0.861492	0.515594	0.033661	0.523436	0.846299	0.397681	-0.632290	-0.012510	0.386684	-2.858072	-1.500314	0.541631	0.250526	0.125763	0.929611	0.030439	0.509384	0.419665	0.713480	-0.378753	0.990503	0.668735	-0.535667	-2.224662	-0.247373	0.844361	-0.046931
0.484316	0.864794	0.731815	0.495430	-0.272422	-0.172797	0.718833	0.376439	1.073447	0.963655	1.511761	1.207533	-0.121651	-0.572738	0.782607	1.362046	-0.083113	1.800486	0.239099	1.853676	-0.583175	-0.330795	-0.487242	-0.380157	0.206390	0.471549	-0.358043	0.172295	-0.292506	-0.694465	0.466469	1.838824	0.087833	-0.585497	1.115488	1.267988	1.204623	1.378367	1.205521	0.540222	-0.112658	-0.812295	-0.712152	-0.196110	0.175677	0.388895	-1.437984	-1.889398	-0.169375	0.536477	0.725340	0.548021	1.452720	0.848964	-0.286171	-0.330683	-0.100196	0.219316	-0.398627	-0.395620	-0.444294	0.004095	-1.001635	-1.436532	0.898791	0.578917	-1.627314	-1.008683	-1.215130	-1.203519	-0.506806	-0.207588	0.783838	1.435178	0.088050	1.026325	1.078351	2.108674	0.484244	0.049658	1.607177	1.043923	0.344435	0.170695	0.679715	-0.101773	0.956574	1.094131	0.621222	-0.344163	0.540681	0.533806	-2.523602	-1.009417	-0.318346	-0.078326	0.511592	-0.201345	-0.064616	0.160682	0.097444	1.024913	-0.329476	1.043452	-1.617075	-0.693147	-1.024570	-0.251260	0.025378	-0.011407
0.972070	1.238550	1.239151	1.444913	-0.068662	-0.314193	1.577160	1.209113	0.559034	1.225414	2.358934	2.907523	0.642170	0.553243	0.527524	0.829777	-1.826185	1.231872	0.714453	1.866310	0.197265	-0.274479	-0.272698	-0.048673	1.150544	1.699269	0.754686	1.744248	0.283872	-0.174386	1.102203	2.173509	1.318232	0.674906	1.972020	2.885822	2.546189	2.520854	2.669948	2.612816	1.003527	0.375287	0.958126	1.149985	0.639108	1.300922	-0.697014	-0.985004	-0.841008	-0.374626	0.501364	1.179036	1.013214	0.774811	-0.027388	0.797643	0.391247	0.713771	0.689643	0.600217	1.296183	1.372080	-0.101248	-0.426737	0.713326	1.245633	-0.741211	-0.913757	-1.887456	-0.975921	0.483780	0.583523	1.243576	1.333870	-0.334459	2.711282	1.643676	2.239386	0.972814	1.005333	2.615623	1.835672	0.490864	1.375272	0.781666	0.318095	1.108023	0.998768	1.045595	0.389743	1.265242	0.492397	-0.588679	0.048671	-1.366512	-1.033522	0.735291	-1.568908	0.154114	0.555893	0.547800	1.178015	0.037066	1.356094	-2.943946	-0.364184	0.608009	0.531126	-0.191721	-0.215677
1.279973	0.881069	1.607016	2.031075	0.054334	-0.732266	1.228082	1.026846	-0.018769	1.309182	1.984099	2.872253	0.825153	1.051721	0.226680	-0.169864	-2.265606	0.120442	0.094853	0.322148	0.465060	-0.399277	-0.497827	-0.241631	0.858783	1.333713	0.885479	2.222062	1.138042	0.534299	1.136922	1.270691	1.404892	1.355911	2.259307	3.022775	2.633003	2.423565	2.719258	3.077448	1.062637	0.670128	2.166945	1.423903	0.176684	1.123498	0.019664	0.319667	-1.135454	-1.318056	0.176464	1.246545	0.646448	0.550130	0.548544	1.530643	1.009795	1.251412	1.634653	1.065746	2.535577	2.215657	0.996862	0.951061	0.785082	0.859758	0.699484	-0.684784	-1.676052	-0.943554	1.364685	1.409702	1.104163	1.123651	-0.359050	2.721245	1.543565	0.751049	0.342007	1.475674	2.426899	2.144610	0.324377	1.433567	0.466454	0.840642	0.989742	0.552294	1.076533	1.006418	1.155861	0.496383	1.383266	1.338772	-2.150282	-1.799531	-0.104569	-2.372887	-0.020856	0.898491	0.999310	0.634512	1.246034	0.611188	-2.347721	-0.258803	1.443650	1.103795	-0.005194	-0.123728
1.611329	0.509836	1.302928	1.702712	0.202299	-1.228269	0.448757	0.519965	0.028180	1.089930	0.887408	1.226201	0.341562	0.509172	0.019196	-0.860788	-1.225174	-0.841674	-1.015054	-1.688815	0.169735	-0.652543	-0.661685	-0.580483	-0.335630	0.140178	0.307705	1.484802	1.499893	0.864427	1.073035	0.137579	0.443845	0.883485	1.825078	1.870187	1.299428	1.010008	1.698771	1.821069	0.288545	0.089551	2.135480	1.029406	-0.616018	0.040867	0.192540	0.903430	-0.681458	-1.370113	-0.157819	0.697131	0.893855	0.309017	1.194202	1.578223	1.414387	1.210450	2.077200	1.065419	2.509408	2.136755	1.613636	1.915308	1.236906	-0.161200	1.321517	-0.237279	-0.536900	-0.637763	1.287584	1.766180	0.375529	1.106047	-0.242335	0.766895	0.872521	-1.167287	-0.358949	1.644549	1.155937	1.416010	-0.298286	0.194960	-0.298640	0.802005	0.738298	-0.096300	0.295584	0.823921	0.084880	0.711550	1.701632	1.943400	-2.204898	-1.443896	-1.443551	-1.861189	-0.609983	0.628788	0.901346	-0.296231	2.810549	-0.939658	-0.508870	-0.582545	0.985887	0.887359	0.098917	0.700290
1.953688	0.578322	0.480697	0.663843	0.792338	-1.058947	0.487865	0.679371	0.842217	0.879133	0.221464	-0.474199	-0.007583	-0.304792	-0.090542	-0.891533	0.164697	-0.837113	-1.627556	-2.380814	-0.538046	-0.859865	-0.332341	-0.540330	-1.172203	-0.372646	0.105293	0.430475	1.103436	0.602556	1.374542	-0.117576	-0.204295	-0.048692	1.101975	0.523732	-0.118465	-0.487059	0.795423	0.331359	-0.377360	-0.331161	1.391825	0.861215	-0.788288	-0.920064	-0.092759	0.340136	0.128924	-0.527479	-0.122518	0.119307	1.519940	0.354868	1.450199	1.167998	1.368699	0.626686	1.952568	0.996956	1.587510	1.454461	1.369946	1.768595	1.712130	-0.645053	0.721620	0.227973	0.877882	0.206301	0.249915	1.166687	-0.076331	1.100781	0.015329	-1.162585	0.165507	-1.945935	-0.357010	1.433579	-0.109206	0.293281	-0.912136	-1.204290	-1.020047	0.145346	0.572665	-0.613224	-0.731608	-0.044723	-0.902643	0.957052	0.524010	1.345768	-1.360059	-0.007410	-1.841501	-0.227570	-0.814516	0.185375	0.379057	-0.934710	3.372557	-1.683263	1.021183	-0.694116	-0.197684	0.107240	-0.132881	1.795158
1.962731	0.774338	-0.170095	-0.316777	1.784352	-0.004614	1.349655	1.381654	1.673404	0.851194	0.393757	-1.001547	0.172360	-0.647754	-0.307310	-0.650562	0.734214	0.031709	-1.422030	-1.395578	-1.299313	-0.757900	0.356331	-0.064420	-0.859624	0.100887	0.753145	-0.067894	0.560407	0.206379	1.487618	0.291737	0.193778	-0.554065	0.446334	-0.367611	-0.336718	-0.885259	0.671410	-0.095371	-0.342389	0.057214	0.756317	0.866036	-0.371353	-1.056628	-0.306453	-0.570296	0.427136	0.135950	0.304018	-0.176957	1.583717	0.505991	1.096294	0.622319	0.955726	0.101489	1.213930	0.816196	0.579231	0.586620	0.520364	0.694851	1.614309	-0.278935	-0.192032	0.366666	1.482678	0.816857	-0.792176	-0.086243	0.177276	0.529520	0.546881	-1.425961	-0.350224	-1.325188	-0.011167	0.652777	-0.398790	-0.101021	-1.010997	-1.638172	-1.155562	-0.525118	0.549060	-0.738340	-0.978742	-0.774822	-0.908518	0.763600	-0.521904	0.092891	-0.067395	1.370665	-0.859189	1.373234	-0.252826	0.235655	-0.233948	-1.076106	2.201549	-0.825530	1.354923	-0.158604	-1.177445	-0.717489	-0.527758	2.102126
1.459832	0.722285	-0.195563	-0.619772	2.360922	1.122706	1.942626	1.686806	1.793731	0.873463	0.823756	-0.475604	0.216227	-0.782447	-0.681539	-0.460068	0.414699	0.796408	-0.820367	-0.120871	-1.566012	-0.156115	0.889781	0.463361	0.247979	0.672795	1.637105	0.167728	0.579131	0.185430	0.705917	0.460177	0.850997	-0.666529	-0.108517	-0.839149	0.436260	-0.250718	0.946726	0.409586	0.179612	0.767973	0.389348	0.387952	-0.193666	-0.611808	-0.183944	-0.822084	-0.114378	-0.126529	0.589954	-0.409896	0.725982	0.371707	0.408817	0.154279	0.510017	0.070863	0.014867	0.249622	-0.092613	-0.180769	-0.333358	-0.403322	0.921346	0.222047	-0.360361	0.045785	0.783712	0.195202	-0.982154	-1.050969	0.668023	-0.516108	1.083096	-0.520545	-0.791276	-0.388851	-0.062835	-0.371212	0.217553	0.421622	-0.668012	-1.136657	-0.755799	-0.711617	0.439237	-0.574757	-0.241174	-0.845841	-0.318909	-0.157546	-0.489597	-0.771019	0.805834	1.588747	0.376375	1.925411	0.332249	0.683476	-0.758019	-1.004150	0.244990	0.519570	0.901894	0.393868	-1.396534	-1.247969	-0.778775	1.234488
0.790910	0.574480	0.223994	-0.243144	1.877373	1.372742	1.674094	1.237623	1.390244	0.863013	0.938859	0.202727	-0.472512	-1.249536	-0.904982	-0.133433	-0.025293	0.726977	-0.356335	0.141388	-1.093681	0.655293	0.832597	0.674350	1.141256	0.733039	1.882372	0.703635	1.030496	0.448651	-0.410956	0.219028	0.743149	-0.891894	-0.460134	-0.920139	0.995245	0.430329	0.999384	0.881912	0.613618	0.977211	0.104749	-0.432543	-0.559468	-0.230178	0.002823	-0.392647	-0.886266	-0.774555	0.393122	-0.653352	-0.238728	0.047133	-0.093878	-0.079551	0.329970	0.375589	-0.984535	-0.471120	-0.393120	-0.510592	-0.713519	-0.799064	0.334343	0.274819	0.250768	-0.439642	-0.416784	-1.272570	-0.456602	-1.114149	0.810713	-1.038459	1.151617	0.054454	-1.038624	-0.097480	-0.533037	-0.870205	0.874279	0.949391	-0.376458	-0.578559	-0.382575	-0.548154	0.063816	-0.414518	0.579975	-0.517804	-0.108604	-1.350044	-0.025495	-0.758262	0.742446	0.705337	0.617547	1.465350	0.118806	0.896160	-0.985195	-0.862024	-0.770172	0.811501	0.550494	0.103762	-0.862976	-1.321493	-0.752851	0.055356
0.435666	0.574768	0.585894	0.320373	0.819652	0.734839	1.044872	0.614426	1.062831	0.862725	0.780001	0.397649	-1.204296	-1.625541	-0.663854	0.361716	-0.115033	0.092149	-0.228884	-0.364918	-0.309059	0.910054	0.183549	0.509240	1.097858	0.511055	1.266171	0.932236	1.142403	0.512729	-0.531362	0.090933	0.048901	-1.086767	-0.342749	-0.485145	0.709371	0.463804	0.755937	0.787910	0.608474	0.579588	0.012842	-0.636353	-0.834745	-0.144296	-0.030327	-0.007346	-1.092448	-0.814430	0.072854	-0.548698	-0.359278	0.011726	-0.148172	-0.008929	0.409238	0.547911	-1.015623	-0.673901	-0.279352	-0.181160	-0.500714	-0.485679	0.361915	0.071222	0.712450	-0.597637	-0.758912	-1.887551	0.036389	-0.514267	0.559394	-0.418121	0.753728	-0.134805	-0.738307	-0.312566	-0.767971	-0.521538	0.896950	0.712883	-0.359602	-0.466465	-0.356839	-0.396013	-0.303876	-0.290798	0.613159	-0.200624	-0.373755	-1.712848	-0.028953	-0.209347	0.069376	-0.238016	-0.057623	0.749457	-0.511996	0.641574	-0.645193	-0.485085	-0.218813	0.016880	0.565518	-0.700986	-0.009272	-0.880922	-0.469465	-0.309519
0.355374	0.451296	0.578552	0.552343	0.219398	-0.021433	0.587172	0.298737	0.733151	0.698685	0.533495	0.127706	-0.764356	-0.879057	-0.077195	0.479207	-0.123094	-0.281690	-0.323881	-0.510747	0.151551	0.235568	-0.525718	0.169539	0.278770	0.304494	0.261958	0.525389	0.551203	0.197739	0.498791	0.198927	-0.279503	-0.560586	0.180637	0.219038	0.061120	0.038458	0.445749	0.336349	0.225754	0.109929	0.320963	0.086225	-0.427335	-0.083803	-0.109713	-0.005708	-0.634562	-0.149189	0.091084	0.041305	0.224932	0.336180	0.048098	0.209111	0.454023	0.363262	-0.076109	-0.113275	0.282878	0.486725	0.052189	0.058566	0.576632	0.010521	0.287370	-0.250215	0.132940	-0.751188	0.146623	0.102361	0.195629	0.546508	0.388345	-0.266339	0.023299	-0.345838	-0.384342	0.081755	0.357800	0.002713	-0.307723	-0.384675	-0.348765	-0.231831	-0.168013	0.039368	0.066711	0.128463	-0.290168	-0.606924	-0.290436	0.305632	-0.431231	-0.397771	-0.553695	0.278486	-0.444941	0.309028	0.193301	0.144500	0.839680	-0.564785	0.536333	-0.728392	0.613793	-0.058167	0.015436	0.218166
0.008315	-0.214452	0.268924	0.305088	0.259750	-0.316529	0.073380	0.056718	-0.231728	0.030792	0.104823	-0.182764	0.733997	0.949666	0.360352	-0.106734	-0.411931	-0.008886	-0.393139	0.144593	0.134253	-0.673540	-0.605342	-0.071526	-0.450743	0.063667	-0.537460	-0.281711	-0.255818	-0.188002	1.225816	0.159387	0.065912	0.692573	0.557829	0.570438	-0.233848	-0.239551	0.049566	-0.097248	-0.180733	-0.059834	0.760007	0.813967	0.426543	0.206901	0.084885	-0.023463	-0.076218	0.421506	0.257524	0.581140	0.488819	0.460638	0.097658	0.249292	0.192120	0.013266	0.896363	0.636721	0.972935	0.798623	0.449909	0.354454	0.129137	0.064232	-0.629579	0.254800	1.211094	0.909241	0.172889	0.320296	-0.110316	0.496214	0.360785	0.231031	0.570859	0.026660	0.260148	0.122050	-0.244238	-0.376957	0.123804	0.246783	0.113841	0.178131	0.443066	0.576931	-0.152632	0.574886	0.533203	1.109017	-0.031263	0.493793	-0.306269	0.087791	-0.154374	-0.045547	0.563001	0.220939	0.946604	0.690433	0.965536	-0.118899	0.158548	0.498283	0.759315	0.812490	0.529093	0.645778
-0.912734	-1.133095	-0.093716	-0.151422	0.124124	-0.174115	-0.767089	-0.360467	-1.789016	-1.032174	-0.496606	-0.125086	1.633137	2.222004	0.207835	-0.790210	-0.860416	0.444590	-0.220717	0.941691	-0.092952	-0.828043	0.046813	-0.071103	-0.388666	-0.104375	-0.879150	-0.847309	-0.611541	-0.340975	0.533159	-0.050828	0.442050	1.568222	0.342793	0.308271	-0.071609	-0.080870	-0.489534	-0.332934	-0.238990	-0.012068	0.698534	0.648720	1.071140	0.597370	0.451293	0.231387	0.082051	0.323391	0.021275	0.469072	-0.224053	-0.035819	-0.181825	-0.060137	-0.338280	-0.219877	0.937358	0.806408	1.121707	0.427862	0.289116	0.161556	-1.143776	-0.008855	-0.943273	0.433032	1.268369	1.245778	0.387329	0.086794	-0.364967	-0.760717	0.406242	0.784965	0.402959	0.420064	0.561893	-0.451456	-0.575723	-0.223369	0.736214	1.204621	0.886484	0.674381	0.758953	0.808839	0.322353	0.828728	1.388409	1.676772	0.728695	0.272430	0.267043	0.464410	0.753675	-0.445775	1.405331	0.125866	0.966823	0.801201	-0.177386	0.710113	-0.397779	1.749750	0.628687	1.305858	0.703571	0.071783
-1.942052	-1.404743	-0.370561	-0.427064	-0.669188	0.162006	-1.394433	-0.593526	-2.828234	-1.742447	-0.819070	0.319237	0.705134	1.438653	-0.568830	-0.794857	-1.122058	0.294232	0.181014	1.057841	-0.335688	-0.283191	0.670590	0.046877	0.270023	0.161246	-0.827647	-0.733328	-0.380393	-0.308849	-0.844044	-0.031749	0.245673	1.058026	-0.341483	-0.190328	0.182489	0.265294	-0.766869	-0.270218	0.117237	0.098269	-0.162852	-0.172105	1.177093	0.724774	0.556468	0.478150	-0.101757	-0.190442	-0.667771	-0.157003	-1.477802	-0.782419	-0.571843	-0.520393	-0.772913	-0.294152	0.005218	0.196307	0.284088	-0.300971	-0.357869	-0.446411	-2.423966	-0.141551	-0.203846	0.245380	0.297184	0.148344	0.548116	-0.437766	-0.589733	-1.981613	0.131103	0.462378	-0.238408	0.454823	0.298036	-0.892285	-0.656714	-0.091097	0.902363	1.597220	1.240180	0.787767	0.120793	0.242406	0.880507	0.520939	1.391639	0.369567	1.131683	-0.348060	0.812952	0.272776	1.232031	-0.844769	0.911456	-0.428794	0.162867	0.387511	-1.707615	0.765207	-0.859832	1.462407	0.509538	1.075201	0.235218	-1.328682
-2.206356	-0.644671	-0.591574	-0.354998	-1.399599	0.582547	-1.024891	-0.264750	-2.375025	-1.460872	-0.479558	0.704576	-1.225061	-0.805624	-1.524825	-0.327937	-1.084572	-0.673520	0.526944	0.400047	-0.500828	-0.030929	0.461118	0.002402	0.729453	0.732967	-0.483760	-0.174953	0.131965	-0.191198	-1.443479	0.158481	-0.343069	-0.449726	-1.120459	-0.557814	0.251652	0.353449	-0.284363	0.108300	0.567229	0.278518	-1.436249	-0.890340	0.842931	0.429460	0.285333	0.391885	-0.168514	-0.536847	-1.212150	-0.571505	-2.259130	-1.065866	-0.617258	-0.744138	-0.662070	-0.288693	-1.093849	-0.774179	-1.182599	-0.931955	-0.932780	-1.046017	-2.706739	0.008012	0.845755	0.178450	-0.665367	-0.789144	0.304443	-0.921760	-0.714022	-2.014998	-0.397527	-0.748059	-0.749708	0.182202	-0.325689	-0.559980	-0.629277	-0.397015	0.309853	0.954143	0.740704	0.477721	-1.081565	-0.853956	0.822199	-0.075869	0.607589	-1.564782	0.767297	-1.050844	1.014645	-0.217545	0.808278	-0.975121	-0.745758	-1.368792	-0.849896	-0.431620	-2.485024	-0.158112	-1.109505	-0.263216	0.455370	0.148116	-0.716225	-2.416284
-1.332191	0.424653	-0.747352	-0.067887	-1.019661	1.043661	0.181456	0.295937	-0.797695	-0.415013	0.208025	0.571176	-2.156322	-2.249940	-1.995463	-0.268569	-0.842208	-1.755161	0.558326	-0.437707	-0.379910	-0.515627	-0.386628	-0.311132	0.583912	0.839086	0.084873	0.183921	0.564896	0.186253	-1.055373	-0.074262	-0.707926	-1.511125	-1.797869	-0.889306	0.104123	0.004951	0.642774	0.523718	0.729424	0.474608	-2.354686	-1.297772	0.330928	-0.008211	0.111102	0.237627	0.182089	-0.490085	-1.088463	-0.328754	-2.024160	-0.765485	-0.061841	-0.558411	0.136468	-0.110128	-1.560741	-1.522979	-2.230022	-1.321490	-0.870214	-1.064180	-1.746018	0.561852	1.179824	0.642089	-0.776078	-0.486626	-0.144383	-0.946785	-0.605874	-1.055440	-0.733163	-1.738905	-0.818477	-0.052731	-0.911853	0.385557	-0.526659	-0.796556	-0.530216	-0.129261	-0.118313	0.310288	-1.730301	-1.564925	0.320993	-0.204338	-0.058685	-2.275480	0.308834	-1.180262	0.916354	-0.373545	-0.079414	-0.684641	-2.125323	-1.968737	-1.277476	-1.330783	-2.026372	-1.126278	-0.992718	-1.585016	0.460827	-0.888828	-1.537120	-2.134919
0.071572	0.804608	-0.679026	0.187816	0.402610	1.413090	1.076082	0.480352	0.544563	0.522964	0.505082	-0.016024	-1.191338	-1.445624	-1.600968	-0.815269	-0.510823	-1.965885	0.345374	-0.806526	0.090108	-0.984246	-0.875681	-0.645551	0.178619	0.079518	0.633026	0.020663	0.584997	0.931679	-0.673680	-0.815855	-0.579584	-1.210604	-2.222144	-1.279530	-0.238198	-0.558645	0.950451	0.534231	0.529598	0.451750	-2.318742	-1.535543	-0.002591	-0.117185	0.571684	0.571759	0.671263	-0.258955	-0.461734	0.257103	-1.166059	-0.447815	0.751380	-0.183815	1.150455	0.368719	-1.219004	-1.643203	-1.964148	-1.411555	-0.095860	-0.261395	-0.249476	1.169344	0.556295	1.329967	-0.105179	0.390149	-0.130459	-0.322465	-0.225610	-0.149040	-0.650094	-1.439518	-0.525756	0.037784	-0.983793	1.219442	-0.317826	-0.677762	-0.743717	-0.640262	-0.447570	0.654092	-1.269857	-1.314489	0.154102	0.408832	0.086117	-1.352578	0.586920	-0.323313	0.841587	0.117963	-0.578049	-0.073630	-1.951684	-1.585450	-0.921453	-1.715637	-0.801816	-1.214566	-0.357608	-0.999950	0.616458	-1.299662	-1.645068	-0.580084
0.888822	0.361265	-0.312183	0.258699	1.619928	1.514865	0.728282	0.267882	0.699766	0.715822	0.092833	-0.562051	0.555383	0.657737	-0.589230	-1.146304	-0.293510	-1.086159	0.135426	-0.511301	0.503213	-0.612462	-0.487384	-0.590788	-0.032481	-0.914318	0.747097	-0.335495	0.012946	1.587008	-0.832569	-1.307676	-0.306709	-0.087891	-2.093752	-1.381597	-0.751606	-0.988499	0.105508	0.058710	0.185624	0.134414	-1.270889	-1.324209	0.188516	0.237724	1.575329	1.418201	0.658509	-0.129032	-0.010601	0.496036	-0.497781	-0.513146	1.043870	0.025794	1.536587	0.889623	-0.421174	-1.007676	-0.468838	-0.952107	0.946514	0.951670	0.769993	1.321826	-0.491520	1.404949	0.780963	0.632879	0.686858	0.673166	0.264030	0.075600	-0.387265	-0.094345	-0.101205	0.454754	-0.228262	1.400899	-0.082298	-0.024629	-0.139896	-0.292280	-0.086711	1.045945	-0.290289	-0.521562	0.622432	1.091315	0.779928	-0.073149	1.493248	1.101265	1.088222	0.928120	-0.313546	0.531408	-0.438461	-0.459146	-0.334991	-1.097970	0.168494	-0.495443	0.514680	0.861214	0.809002	-0.925955	-0.933645	0.955763
0.520637	-0.184466	0.105973	0.153269	1.640988	1.283117	-0.539086	0.160990	-0.028270	0.286260	-0.590902	-0.731920	1.340257	1.873145	0.359836	-0.610171	-0.423791	0.054787	-0.000085	0.118100	0.415835	0.305973	0.229620	0.043717	-0.008546	-1.223301	0.309565	-0.340861	-0.770333	1.454259	-0.979934	-1.021873	-0.374535	0.580239	-1.301983	-0.879936	-1.233634	-1.119802	-1.057235	-0.424501	-0.047174	-0.094413	0.258506	-0.251297	0.825655	0.655708	2.346098	2.075556	-0.088328	-0.193272	-0.210221	0.069266	-0.385717	-0.639686	0.424456	-0.005466	0.912617	0.909154	0.368920	0.146015	1.214844	0.145878	1.663278	1.780140	0.848373	0.886327	-1.273332	0.484233	1.508279	0.145950	1.783815	1.448923	0.605814	-0.225457	-0.219887	0.882097	0.179107	0.859407	1.014255	0.996826	0.005609	0.551711	0.458228	0.251746	0.186512	0.737874	0.301521	-0.076155	1.139217	0.983695	1.101636	0.235757	2.194749	2.084101	1.553243	1.409577	0.289424	0.754903	0.902909	0.437874	-0.073872	0.233156	0.203102	0.234872	0.932345	1.939882	0.638268	-0.270068	0.173788	1.170295
-0.536853	-0.241040	0.213782	-0.023829	0.830021	0.817049	-1.388486	0.395629	-0.545575	-0.152478	-0.853252	-0.607649	0.663421	1.209178	0.674704	0.266256	-0.753488	0.454228	-0.147745	0.510325	0.005755	0.766557	0.516087	0.962751	0.167867	-0.646743	-0.215498	0.098822	-0.895282	0.507545	-0.550143	-0.423115	-0.717447	0.203270	-0.265372	-0.126297	-1.260664	-0.981736	-1.217206	-0.386431	-0.026307	0.253542	1.461928	1.257096	1.231801	0.626304	2.076629	1.796475	-0.952764	-0.348047	-0.785558	-0.643327	-0.520655	-0.313778	-0.514171	-0.023537	-0.120543	0.286948	0.824153	1.209153	1.936959	1.294354	1.656854	1.661096	0.308005	0.251815	-1.259371	-0.722668	1.942432	-0.166437	2.157039	1.470053	0.625428	-0.682841	-0.075960	0.512529	0.046528	0.734704	1.718555	0.431745	-0.098913	0.571925	0.185569	0.274551	-0.255589	-0.257985	0.301372	-0.320011	0.959485	0.090819	0.472885	-0.415252	2.135635	1.895055	1.668758	1.207735	0.570436	0.484436	0.881444	0.456878	-0.017544	1.225169	-0.401798	0.442639	0.556676	1.146762	0.029177	0.192757	0.978247	0.044157
-1.200283	0.012753	-0.019451	-0.182995	0.271499	0.255757	-0.825710	0.605910	-0.185744	-0.190871	-0.461566	-0.411469	-0.454454	-0.251018	0.246140	0.355582	-0.682393	-0.049765	-0.296022	0.260571	-0.178098	0.308817	0.313930	1.449611	0.571709	0.300313	-0.278739	0.506256	0.027336	-0.415931	0.124704	-0.247583	-0.709365	-0.588962	0.403167	0.166580	-0.541602	-0.652670	-0.188611	0.113957	0.176103	1.040178	1.736008	1.975303	0.747193	0.093431	0.667986	0.512060	-1.054653	-0.428759	-0.909868	-0.975884	-0.503627	0.321517	-0.748112	0.169540	-0.561683	-0.397865	0.789988	1.519110	1.292324	1.492950	0.885392	0.656185	-0.293019	-0.123050	-0.237036	-1.057085	1.867810	0.184941	1.267590	0.556523	0.253097	-1.100888	0.205008	-0.565957	-0.527611	-0.190941	1.075199	-0.059867	-0.216143	0.154459	-0.755753	-0.191011	-0.972362	-1.054893	0.150135	-0.796563	0.042314	-0.693000	-0.670979	-1.002644	1.423591	0.667725	0.935365	0.510709	0.316578	0.011785	-0.119428	-0.009239	0.261795	1.083343	-0.709470	0.248324	-0.098830	-0.494372	-0.408950	0.462820	0.949911	-1.147184
-0.906636	-0.026713	-0.225040	-0.282337	0.288427	-0.361002	0.603504	0.269427	0.572938	-0.034845	0.151926	-0.271476	-0.812095	-0.782808	-0.607004	-0.676612	0.095264	-0.798852	-0.384298	-0.567034	-0.053978	-0.618296	-0.039812	0.857873	1.042608	0.970473	0.036531	0.386215	1.178387	-0.547027	0.285611	-0.532308	-0.051311	-0.767540	0.489174	-0.190824	0.611809	-0.269316	0.760342	0.452630	0.154049	1.354253	1.009902	1.153335	-0.449767	-0.503294	-1.066659	-1.061662	-0.251310	-0.349995	-0.095469	-0.678796	-0.385845	0.509974	-0.021243	0.403874	-0.085881	-0.440557	0.310115	0.886010	-0.205923	0.336883	-0.246644	-0.592107	-0.743453	-0.233182	1.338048	-0.199490	1.122138	0.622212	-0.350083	-0.879474	-0.458819	-1.308593	0.475374	-0.905719	-1.140191	-1.504175	-0.538211	-0.582792	-0.156571	-0.295483	-1.348615	-0.590730	-1.040679	-0.898973	0.194220	-0.910971	-0.938218	-0.573595	-1.312548	-0.790588	0.451620	-0.719246	-0.332683	-0.232291	-0.194554	-0.266811	-0.783643	-0.046272	0.697437	0.158012	-0.155157	-0.037968	-0.233796	-1.282257	-0.107913	0.692244	0.188512	-1.124195
-0.118228	-0.634933	-0.065422	-0.262999	0.124148	-1.007979	1.218253	-0.701307	0.734020	-0.182745	0.355598	-0.268797	-0.272835	0.122079	-1.345043	-1.920067	0.950425	-1.180560	-0.513666	-1.428804	-0.046814	-1.359710	-0.557624	-0.748549	0.943900	0.906770	0.115175	-0.192565	1.274536	-0.037156	-0.283466	-0.760143	0.548119	-0.051259	0.239278	-0.604212	1.319983	-0.075434	0.343253	0.117153	-0.588644	0.355382	-0.232514	-0.547578	-1.398947	-0.648974	-1.911202	-1.860262	0.704078	-0.181992	1.116502	-0.120465	-0.437531	-0.191001	0.806738	0.317964	0.690946	0.214272	-0.351536	-0.206161	-1.594867	-1.374508	-0.943371	-1.199816	-1.083506	-0.421631	2.355619	0.948331	0.069687	0.370854	-1.405726	-1.793072	-1.173629	-1.087864	0.479326	-0.017652	-1.143003	-2.180901	-1.761365	-1.102611	0.043837	-0.540060	-1.054360	-0.615757	-0.344980	-0.041167	0.383601	-0.530536	-1.287673	0.335735	-0.966826	-0.010537	-0.406916	-1.223022	-1.003860	-0.647487	-0.578821	-0.283739	-0.554433	0.659309	0.787392	-0.472177	0.872800	-0.307584	0.283909	-0.847501	0.617682	0.779050	-0.586505	0.187207
0.302541	-1.457332	0.370137	-0.053386	-0.808599	-1.462724	0.086163	-1.786573	0.110981	-0.714936	-0.031542	-0.428122	0.390314	1.483861	-1.427265	-2.192847	0.928680	-1.164353	-0.758168	-1.669237	-0.228529	-1.626015	-1.433347	-2.463599	-0.112127	0.018671	-0.371704	-0.689287	0.048182	0.356244	-1.056571	-0.592462	0.115762	0.886782	-0.020376	-0.354106	0.887371	-0.206331	-1.269421	-0.746976	-1.941498	-1.711834	-1.212725	-1.627899	-1.340896	-0.104332	-1.161638	-1.155455	1.015569	-0.114082	1.616615	0.212802	-0.585165	-1.286589	0.736186	-0.222675	0.967969	0.943634	-0.860908	-1.040912	-2.120518	-2.282186	-0.500591	-0.585247	-1.175671	-0.794286	1.933789	1.267536	-0.542511	-0.447904	-0.936852	-1.124048	-1.346032	-0.441339	0.330741	1.166851	-0.166918	-1.390870	-1.541821	-1.048287	0.201887	-0.536198	-0.373986	-0.439228	0.293013	0.574258	0.537470	0.077219	-0.900102	1.198807	-0.197440	0.604548	-0.818613	-0.365830	-0.245427	-0.486357	-0.578809	-0.303746	-0.111734	1.439072	0.366666	-0.239047	1.456465	-0.465432	0.790985	-0.182179	0.929924	0.502987	-0.729905	1.716595
0.044925	-1.885916	0.645135	0.264491	-1.874043	-1.362155	-1.739847	-2.222242	-0.358991	-1.122193	-0.597637	-0.604273	0.600612	2.082966	-0.609441	-1.236394	0.038427	-0.978134	-0.818881	-1.074431	-0.034140	-1.377867	-2.303720	-3.194500	-1.469705	-1.199188	-1.074205	-0.735260	-1.433114	0.220904	-1.374333	-0.113678	-1.087890	1.245769	-0.108463	0.614569	-0.404705	-0.409930	-2.644209	-1.526882	-2.901384	-3.480777	-1.327857	-1.213524	-0.492758	0.961118	0.708604	0.784506	0.589029	-0.294235	0.992435	0.247981	-0.456319	-1.820948	-0.286395	-0.973835	0.513386	1.070991	-1.076450	-1.318012	-1.660162	-1.762162	0.952743	0.979347	-0.766245	-1.051394	0.368593	0.599948	-0.425063	-0.913582	0.729165	1.064705	-0.789337	0.265230	0.409418	1.538140	1.415094	0.571856	-0.122749	0.131912	0.222183	-0.315151	0.007811	-0.279648	0.316564	0.377006	0.517123	0.599859	-0.276839	1.269388	0.066990	0.642966	-0.634661	1.276266	1.345876	0.331494	-0.140182	-0.497701	-0.096442	1.386914	-0.190918	0.388921	1.045038	-0.279730	0.658837	-0.002913	0.508712	-0.147196	-0.334199	2.340812
-0.474563	-1.651888	0.385843	0.364171	-1.870763	-0.606842	-2.335795	-1.672529	0.099923	-0.977473	-0.861427	-0.615872	0.577456	1.599068	0.760548	0.166615	-0.553563	-0.607441	-0.297334	-0.100061	0.817853	-0.610030	-2.322427	-2.481916	-1.932098	-1.888729	-1.443875	-0.495779	-2.010305	-0.178820	-1.052997	0.366374	-1.450042	0.906149	0.034718	1.548379	-1.436026	-0.243968	-2.611967	-1.785640	-2.430621	-3.533119	-0.584136	0.131752	0.267563	1.911278	2.264441	2.590339	-0.106339	-0.635345	0.042361	0.226680	-0.002122	-1.369035	-1.412676	-1.520941	-0.326441	0.386871	-1.097540	-1.261498	-0.666329	-0.428600	2.266224	2.351196	0.010890	-0.985804	-1.043562	-0.237540	-0.087342	-0.357599	2.106615	3.148462	-0.043185	0.592151	0.741248	0.952351	2.542077	2.253907	1.263608	1.867735	0.101130	-0.075165	0.141443	-0.088231	0.154747	-0.303805	0.163167	0.841750	-0.032450	0.480721	-0.442099	0.279564	-0.110855	2.367644	2.139699	1.434589	0.457489	-0.666993	-0.068893	0.333830	-0.564846	0.633405	-0.067182	0.252782	0.046140	0.097186	-0.209309	-0.940275	-0.000758	1.792723
-0.745790	-1.009894	-0.378654	-0.051152	-0.586177	0.384560	-1.153141	-0.621756	0.910074	-0.534080	-0.804731	-0.527722	0.780311	0.554185	1.837715	1.103039	0.107211	0.098181	0.631438	0.573979	1.605886	0.533047	-1.142319	-0.691204	-1.110331	-1.593239	-1.284221	-0.319660	-1.607472	-0.402321	-0.434668	0.470308	0.110403	0.360163	0.316175	1.498773	-1.353065	0.321238	-1.345243	-1.570595	-0.653930	-1.587429	0.398680	1.045955	0.377601	1.884550	2.209827	2.710850	-0.590535	-0.779590	-0.225407	0.220334	0.311842	-0.375206	-1.804562	-1.545725	-1.060563	-0.788459	-1.020755	-1.121715	0.262479	0.656704	2.140460	2.341345	0.570755	-0.773218	-1.208665	-0.453596	-0.094500	0.922102	1.831960	3.165942	0.195281	0.425064	0.828578	0.006836	2.198009	2.230903	1.539675	2.445670	-0.225230	-0.170683	0.491141	0.202633	0.421443	-0.796236	-0.571199	0.739134	-0.328599	-0.608232	-1.149690	-0.103170	0.216553	1.885832	1.216293	1.931021	0.677737	-0.462418	0.719748	-0.962527	-0.781104	0.334606	-1.057054	0.612468	-0.297689	0.706087	-0.704269	-1.524560	-0.005627	0.607792
-0.683347	-0.365407	-1.169755	-0.803410	0.825751	0.995512	0.423920	0.060955	0.832554	-0.344994	-0.721970	-0.542743	1.101667	-0.452696	1.925745	1.331842	1.501527	0.941138	1.276637	0.758017	1.381747	1.626553	0.573142	1.379939	0.162472	-0.689764	-0.711827	-0.246888	-0.976469	-0.308485	0.044029	-0.032399	2.512981	0.045548	0.456694	0.206133	-0.443719	0.717515	0.063707	-1.116233	1.146225	1.226939	0.889485	0.763232	0.089242	0.562090	0.521736	0.854691	-0.631135	-0.377212	0.167766	0.038938	0.135746	0.434542	-1.272653	-0.961048	-1.350466	-1.808814	-0.769315	-0.808452	0.768825	1.022664	0.385184	0.782603	0.524955	-0.543181	-0.200737	-0.035157	-0.337030	1.970744	-0.038293	0.806452	-0.063122	0.035827	0.284305	-0.782986	0.375733	0.533939	0.620502	0.737411	-0.763986	-0.671031	1.041549	0.399417	0.909316	-0.885543	-1.321187	0.407590	-0.715311	-1.310355	-1.340703	-0.341681	-0.015010	0.057570	-0.569124	1.093403	0.245431	0.212442	1.950334	-1.514234	-0.811000	-0.044763	-1.326927	0.201031	0.076935	1.515411	-0.803706	-1.510743	0.004246	-0.532867
-0.472203	0.141202	-1.356427	-1.229479	1.179440	0.969700	0.872410	0.021054	-0.314259	-0.439961	-0.652672	-0.571795	0.996432	-1.145055	1.119310	1.176151	2.150608	1.367879	1.332394	0.867410	0.262588	2.121183	1.823186	2.874292	0.844922	0.064470	0.086691	-0.088691	-0.644692	-0.009154	0.275187	-0.890540	3.476315	-0.019275	0.225691	-1.524269	0.273821	0.425145	0.814372	-0.498541	1.841257	3.196953	0.598860	-0.216633	0.037273	-1.221888	-1.447524	-1.486430	-0.236874	0.472179	0.352062	-0.314849	-0.235661	0.737075	-0.174895	0.034796	-1.087179	-2.047626	-0.238045	-0.144687	0.827013	0.926994	-1.738028	-1.203724	0.157793	-0.061676	0.911147	0.482432	-0.375999	2.073506	-2.005067	-2.006626	-0.212531	-0.232062	-0.598558	-1.225539	-1.655525	-1.218731	-0.626260	-2.134786	-1.168319	-1.028460	1.293882	0.292500	0.938420	-0.817581	-1.436395	0.106311	-0.559607	-1.286028	-0.827950	-0.476117	-0.631158	-1.751251	-1.540846	-0.714180	-0.448549	1.075550	2.407132	-0.976315	-0.410840	-0.155112	-0.959602	-0.910669	0.769215	1.736782	-0.470313	-0.718858	0.390073	-1.238679
-0.184786	0.574184	-0.688850	-0.814589	0.560832	0.516569	0.264519	-0.307779	-1.381373	-0.311829	-0.304779	-0.239454	0.343666	-1.378077	0.196457	0.888377	1.307957	1.103410	1.262343	1.243007	-0.671319	1.648036	2.158473	3.102690	0.688342	0.213451	0.797704	0.123450	-0.514035	0.322896	0.443970	-1.440199	2.092288	0.019666	-0.251431	-2.427215	0.234572	-0.314416	0.991147	0.247483	1.478585	3.282671	-0.205673	-0.864415	0.495705	-2.067694	-2.132974	-2.304240	0.339955	1.146037	-0.117124	-0.397955	-0.237302	0.687913	0.965907	1.000331	-0.419445	-1.359201	0.503765	0.703365	0.668264	0.773574	-2.583206	-2.125216	0.015944	0.758095	1.100038	0.694164	-0.199837	1.352644	-2.500747	-2.877032	0.007914	-0.286378	-1.151272	-1.256759	-2.331975	-1.390992	-1.110529	-3.585749	-0.908903	-0.584095	1.080601	0.061050	0.432348	-0.668196	-0.624695	0.020375	0.292195	-0.665085	0.044161	-0.442857	-0.987760	-2.140533	-1.042065	-2.112901	-0.725126	1.670253	1.517376	0.054985	0.355880	-0.185071	-0.448325	-1.913494	0.974560	1.248306	0.309338	0.456401	0.895306	-1.372616
0.211881	0.880033	0.349246	0.186697	-0.031614	-0.068063	-0.202657	-0.378286	-1.488930	0.250243	0.361287	0.517892	-0.262356	-1.010426	-0.186464	0.394583	-0.283065	0.559540	1.464202	1.587787	-0.801867	0.289822	1.704762	1.933440	0.076197	-0.229088	0.934180	0.076083	-0.335593	0.452966	0.627460	-1.250591	-0.201416	0.169029	-0.592287	-1.900271	-0.173138	-0.699809	1.075844	0.859534	0.873319	1.821577	-0.983951	-0.807071	1.125950	-1.456410	-1.179987	-1.077165	0.723445	1.095122	-0.709863	0.184032	0.253006	0.601021	1.692699	1.498445	0.299015	-0.282298	1.229779	1.284122	0.646973	0.740611	-1.648005	-1.462775	0.186699	1.343693	0.280848	0.561382	-0.174040	0.520779	-1.373092	-1.358960	0.192917	-0.250915	-1.074338	-0.984135	-1.300554	-0.061670	-0.442601	-2.355242	0.018348	0.514604	0.810635	0.119691	0.022511	-0.140193	0.617369	0.089407	1.283358	0.169733	0.843494	-0.018842	-0.535167	-0.886918	-0.006626	-2.024593	-0.393866	1.648074	0.064125	0.556288	0.863918	-0.477657	-0.079993	-2.008463	0.417060	0.693360	1.216702	1.154708	0.946008	-0.928444
0.578621	0.871997	0.845483	0.925484	-0.028071	-0.630651	0.070449	-0.167560	-1.152883	0.732789	0.807971	1.142689	-0.274473	-0.188737	-0.111992	-0.375669	-1.403013	0.334248	1.465787	1.330226	-0.682551	-1.307526	0.679594	0.107249	-0.634485	-0.928247	0.248608	-0.397767	-0.121373	0.135734	0.634401	-0.560242	-1.387613	0.446704	-0.585439	-0.524953	-0.273073	-0.293018	1.207359	1.004749	0.534410	0.102965	-1.237696	-0.510725	1.374439	-0.300337	0.288854	0.677246	0.741588	0.490748	-0.775793	1.124047	0.824818	0.704554	1.732607	1.395098	0.719755	0.407936	1.662411	1.306632	0.950737	0.853900	-0.033743	-0.138155	0.256885	1.002587	-0.732921	0.132942	-0.402609	0.068668	0.041554	0.629679	-0.018272	-0.167024	-0.659406	-0.771753	0.178497	1.096936	0.650189	0.025835	0.801544	1.249789	0.732829	0.516934	0.092858	0.830917	1.340972	0.093234	1.632834	0.849967	1.381623	0.795141	0.517520	0.794086	0.274824	-0.791983	0.076651	0.962327	-0.835115	0.012651	0.574133	-0.945658	0.278833	-1.122295	-0.372021	0.486507	1.563248	0.800729	0.451263	-0.083803
0.610379	0.501258	0.307973	0.793155	0.253599	-0.990404	0.548271	0.035176	-1.295981	0.518977	0.496406	1.017382	0.061770	0.485658	-0.167292	-1.187320	-1.666929	0.401199	0.523360	0.412442	-1.017825	-2.218900	-0.622282	-1.196294	-1.165762	-1.329515	-0.819236	-1.049703	0.012999	-0.588636	0.372238	0.096130	-1.008135	0.589656	-0.346765	0.570945	0.052030	0.465877	1.131176	0.696481	0.351993	-0.793133	-0.720868	-0.406051	1.066097	0.236753	0.904985	1.104171	0.553693	-0.006631	-0.501465	1.521951	1.001037	0.981273	1.107582	0.865911	0.714004	0.429906	1.524268	0.863612	1.318335	1.026962	0.710008	0.487364	-0.080331	-0.114709	-1.119891	-0.586762	-0.625710	-0.189213	0.411013	0.990689	-0.414844	0.067554	-0.345570	-0.856621	0.613872	0.789067	0.994025	1.091326	0.603224	0.822167	0.431111	0.743994	0.249374	1.577786	0.932046	-0.137693	1.064428	1.112198	1.658719	1.463820	1.234827	1.369140	-0.342736	0.276895	0.184613	-0.064427	-0.945694	-1.030157	-0.301605	-1.114614	0.818559	0.111714	-0.740690	0.309478	0.937214	-0.310770	-0.086667	0.766662
0.219094	-0.066551	-0.755476	0.002764	0.395627	-0.867858	0.657224	0.172556	-1.668956	-0.289085	-0.326276	0.218324	0.055896	0.447518	-0.674434	-1.646317	-1.488894	0.143174	-1.094830	-0.584822	-1.429055	-1.893313	-1.492236	-1.366636	-1.036723	-0.929036	-1.427305	-1.431604	0.124327	-1.222596	0.178310	0.499672	-0.157233	0.254910	-0.028965	0.808088	0.335910	0.750121	0.738536	0.315062	0.168050	-0.758690	0.375450	-0.293156	0.603689	0.162431	0.480230	0.107599	0.327404	-0.130399	-0.622976	0.765739	0.586045	1.057638	0.158841	0.156090	0.406756	0.165218	0.726553	0.268051	1.238929	0.990653	0.199405	0.096667	-0.629981	-1.052392	-0.836752	-1.336397	-0.718351	-0.677920	-0.144179	-0.209187	-0.608962	0.371677	-0.246841	-0.933815	-0.017791	-0.402559	0.259875	0.363624	-0.388024	-0.376585	-0.543275	0.323602	-0.073961	1.243294	-0.341437	-0.584734	0.050969	0.802372	1.619506	1.268217	0.923083	0.564293	-0.780818	0.411668	-0.003267	-0.858443	-0.779142	-1.422763	-1.060506	-0.725688	1.393672	0.943976	-0.597067	-0.206585	-0.182840	-1.299496	-0.306031	1.191405
-0.232475	-0.614609	-1.240209	-0.661225	0.501457	-0.225498	0.633627	0.411660	-1.119141	-0.908215	-0.750257	-0.520185	-0.451050	-0.141636	-1.256415	-1.514387	-1.130536	-0.725910	-2.042959	-1.079227	-0.862156	-0.596368	-1.127175	-0.791927	0.056777	0.210745	-1.163899	-1.229602	0.364782	-1.159173	0.475386	0.761450	0.174353	-0.406915	0.387285	0.539529	0.177888	0.250911	0.319304	0.166931	0.133746	-0.349870	1.405853	0.200388	0.506521	0.404049	0.011038	-0.685252	-0.033968	-0.259267	-1.286446	-0.725284	-0.240049	0.475604	-0.595453	-0.490281	0.056456	0.096504	-0.312001	-0.142177	0.588664	0.518948	-0.492437	-0.350151	-0.927722	-1.085714	-0.467859	-1.467680	-0.811763	-1.340488	-0.372017	-1.005084	-0.552708	0.348790	-0.115111	-0.512590	-0.363578	-0.825696	-0.611550	-0.388062	-1.030727	-1.137325	-1.743492	-0.523337	-0.793833	-0.134252	-1.450825	-1.006179	-0.638699	-0.000003	1.103263	0.103658	-0.011307	-0.376564	-0.105559	0.102117	0.030943	-0.935110	-0.626527	-0.594688	-1.219145	-0.071851	1.577187	1.060999	-0.242051	-0.752005	-0.765828	-1.465103	-0.412695	0.985464
-0.262257	-0.922750	-0.552239	-0.603778	0.748978	0.448491	0.859262	0.698859	0.573294	-0.703756	-0.215621	-0.579296	-0.831220	-0.481638	-1.207107	-0.837095	-0.440663	-1.608033	-1.379900	-1.006833	0.830137	0.830639	0.350412	-0.192979	1.438186	1.314653	-0.413075	-0.423416	0.692059	-0.291934	1.098119	0.878542	0.065908	-0.696442	0.863722	0.421070	-0.275508	-0.493380	0.133294	0.192450	0.305762	-0.015992	1.666085	0.902948	0.694652	1.230514	0.288326	-0.084563	-0.590179	-0.641739	-1.605946	-1.705457	-0.904385	-0.654365	-0.749197	-0.718620	-0.111942	0.252155	-0.776052	-0.099837	-0.119923	-0.169801	-0.233696	0.023076	-0.717229	-0.403301	-0.410902	-0.552731	-0.825118	-1.607227	0.365768	-0.098586	-0.423215	-0.213583	0.304410	0.300229	0.443746	0.142905	-0.550653	0.245802	-0.487333	-0.744523	-2.017466	-1.018373	-1.206281	-1.423489	-1.406704	-1.057057	-0.644250	-0.845575	0.068235	-1.203971	-0.502325	-0.243599	1.225453	0.218365	0.588418	-0.299652	-0.275130	0.723971	-0.741421	0.371551	1.052649	0.710052	0.142793	-0.714714	-0.310467	-0.720506	-0.641600	0.308392
0.155983	-0.738554	0.727380	0.057949	0.763316	0.463637	0.863363	0.652902	1.968987	0.138401	0.801698	-0.045713	-0.493751	-0.059146	-0.289007	0.071689	0.472361	-1.676886	0.233180	-0.699916	2.293189	1.595353	1.578976	0.181820	1.648690	1.531123	0.157733	0.637980	0.763860	0.786819	1.283141	0.603003	0.030020	-0.160665	1.071860	0.612311	-0.488600	-0.659048	-0.054551	0.145818	0.253297	0.120060	0.993533	1.196452	0.411653	1.593301	0.883424	1.125422	-0.910736	-0.812224	-0.629864	-1.187757	-0.734682	-1.455226	-0.312529	-0.246711	-0.055882	0.305227	-0.240466	0.402599	-0.339340	-0.523585	0.767194	0.815852	-0.171619	0.261144	-0.453630	0.858295	-0.343393	-1.070025	1.174697	1.495632	-0.292170	-0.836815	0.865285	0.784687	1.531489	1.329154	0.270538	1.436121	0.795862	0.301423	-0.799320	-0.673321	-0.760245	-1.503972	-0.191109	-0.589646	-0.312988	-1.123141	-1.217104	-1.579402	-0.106716	0.640262	1.714166	0.749695	1.277917	0.438494	0.337214	1.154579	0.160273	0.522985	-0.052811	0.396030	0.463367	-0.138375	0.554231	0.490346	-0.654378	-0.381064
0.517139	-0.013122	1.424422	0.670954	-0.027397	-0.365997	-0.235435	0.010262	1.587645	0.793371	1.298856	0.487962	0.329427	0.740520	0.887754	0.729425	0.982651	-0.902541	1.194736	-0.447209	2.010282	1.355604	1.223838	0.472172	-0.010524	0.747303	0.280019	1.298179	0.199777	1.268785	0.545890	-0.145355	0.097840	0.744328	0.716559	0.754258	-0.089222	0.024902	-0.692766	-0.088013	-0.503043	-0.062253	-0.040615	0.782617	-0.852026	0.462519	0.821448	1.284895	-0.336556	-0.177340	1.380120	0.553532	0.337142	-1.119202	0.256208	0.668006	0.065977	0.101157	0.722526	0.939463	-0.173445	-0.324245	1.337924	0.974169	0.281080	0.385467	-0.208407	1.507565	0.740245	0.036748	0.839138	1.824040	-0.137828	-0.752056	1.019779	0.537244	1.353031	1.231861	0.663460	1.405174	1.560634	0.945614	1.046107	0.172906	0.352820	-0.385888	1.136910	0.164587	-0.269235	-0.584798	-2.244915	-0.709809	0.538184	0.964389	0.510772	0.857343	1.321764	0.478969	0.721773	0.146837	1.077947	0.734032	-1.150151	0.414919	0.402145	0.164488	0.724337	1.488429	0.066546	-0.595732
0.394111	0.799424	1.037322	0.745781	-1.462927	-1.412423	-2.238717	-0.954963	-0.198663	0.624345	0.861008	0.611373	0.893814	1.178773	1.388749	0.792998	0.712043	-0.031141	0.729794	-0.230019	0.056568	0.275691	-0.456492	0.628472	-2.350551	-0.323803	0.170637	1.040883	-0.936472	0.839733	-0.577962	-0.886476	-0.022911	1.168287	0.096397	0.638035	0.759493	1.052318	-1.670303	-0.399425	-1.692391	-0.707988	-0.625539	0.088193	-2.415980	-1.526704	0.009477	0.121491	1.115857	1.023295	2.999456	2.145125	1.448921	0.085606	0.472253	1.246833	0.095113	-0.087654	1.085916	0.917577	-0.156950	0.003634	0.964286	0.358959	0.350307	-0.009419	0.300592	0.736095	1.759355	1.074928	-0.393732	0.564623	0.014057	0.116233	0.404905	0.056038	-0.223743	-0.130181	0.024298	-0.050717	1.124036	0.789146	2.009020	0.808952	1.429123	0.966946	1.519071	0.850261	-0.623916	0.408830	-2.488609	0.737080	0.613949	0.279948	-1.461246	0.161673	0.448302	-0.440844	0.451167	-1.318914	1.425289	1.242079	-1.531779	0.611777	-0.308274	-0.333702	-0.161756	1.734199	1.314589	-0.182881
-0.013680	1.012736	0.272597	0.472842	-2.534740	-1.740069	-3.523823	-1.566720	-1.552369	-0.179344	0.065327	0.502875	0.912371	1.133216	0.899132	0.420339	0.143883	0.437805	-0.339635	0.202485	-1.842723	-1.032720	-1.748984	0.409680	-3.267717	-0.829360	0.115728	0.097593	-1.909835	-0.053327	-0.959796	-0.812885	-0.189381	0.989510	-0.018121	0.579383	1.518468	1.733676	-2.134801	-0.550792	-2.308368	-1.534045	-0.429935	-0.189037	-2.842691	-2.416398	-0.575816	-0.880334	2.383543	1.787031	3.107284	2.434500	1.590915	1.016518	0.335675	0.993205	0.105651	0.127605	0.574716	0.223792	-0.412121	-0.013723	0.400393	-0.040863	0.141256	-0.510156	0.708216	-0.680029	1.861301	1.556121	-0.947037	-0.615955	0.162968	0.933852	-0.537826	0.095122	-1.516255	-1.226363	-0.828844	-1.274988	0.092569	0.410281	1.595652	1.030022	1.995111	1.731058	1.083631	1.393209	-0.717707	1.277287	-1.643509	1.867248	0.069304	-0.436179	-2.381633	-0.552104	-0.594780	-1.665988	-0.060842	-1.675030	0.899623	1.735295	-0.929486	0.612840	-1.262507	-0.996755	-1.308990	1.232936	2.123926	0.506734
-0.146448	0.483034	0.193404	0.444664	-2.392725	-0.982494	-2.720869	-1.322153	-1.352682	-0.810016	-0.268618	0.616518	0.862105	1.134842	0.036913	0.194907	0.043034	0.790404	-0.641843	1.007515	-2.075749	-1.724606	-1.342469	-0.059723	-1.951492	-0.481355	0.137840	-0.571860	-1.835425	-0.626821	-0.135465	0.412611	0.170682	0.947750	0.695646	0.925684	1.761493	1.867019	-1.368096	-0.344128	-1.630468	-1.749004	0.171473	0.185217	-1.555232	-1.089189	-0.233889	-0.488343	2.283916	1.460474	2.024976	1.581059	0.742585	0.943894	0.278646	0.338739	0.312122	0.748493	0.004489	-0.495202	-0.400293	-0.172800	0.437775	0.383338	0.005401	-0.636531	0.786614	-1.293278	1.011517	1.450004	0.047897	-0.331445	0.408859	0.926738	-0.780173	0.660871	-0.934388	-0.797100	-0.749555	-0.973912	-0.393860	0.479883	0.877752	1.282088	2.159010	1.812404	0.926960	1.948502	0.113736	1.725754	0.081698	2.323290	-0.529929	-0.255904	-1.500683	-0.299293	-0.660812	-2.113853	0.128576	-0.419615	0.012268	1.621563	0.136671	0.312249	-1.543327	-0.645089	-1.583002	0.604840	1.815130	0.860038
0.157612	-0.107167	0.918319	0.833179	-1.259727	0.286976	-0.455137	-0.375255	-0.353849	-0.716431	-0.057926	1.007726	1.219201	1.449588	-0.347214	0.528862	0.487156	1.403270	0.240636	1.941696	-0.713298	-1.268234	0.270064	-0.204170	0.242199	0.300464	0.023622	-0.251272	-0.687702	-0.522504	1.061070	2.056742	1.163777	1.495488	1.546618	1.383562	1.448508	1.697898	0.219904	0.155692	-0.077553	-0.835099	0.559905	0.796717	0.321166	1.296315	0.458454	0.635642	0.866080	0.515072	0.927135	0.668383	-0.141216	0.288938	0.539130	0.163028	0.671574	1.247297	0.252184	-0.423044	0.327533	0.186001	0.687914	0.863889	0.130986	-0.192756	0.534488	-0.539981	0.061701	1.145172	1.476362	0.747545	0.726611	0.273114	0.181301	1.017593	1.096209	0.724714	0.207730	0.129463	0.013847	0.848645	1.123640	1.851350	2.166187	1.445255	1.580414	2.425740	1.515690	1.724563	1.799751	2.256828	-0.749871	0.357697	0.111199	0.692035	0.542465	-1.301152	1.289352	1.306471	-0.298486	0.725156	0.705551	0.025011	-0.772386	0.900667	-0.660484	0.483145	0.775120	0.512293
0.448110	-0.006838	1.397773	1.023840	-0.172681	1.086665	1.183429	0.514022	0.012558	-0.210130	-0.004364	1.132078	1.677177	1.573338	-0.037492	1.191098	0.904432	1.929243	1.523684	2.426619	0.837920	0.036812	1.478527	0.307544	1.306421	0.776308	-0.433231	0.579290	0.382442	-0.183733	1.338665	2.711161	1.973553	1.974394	1.535785	1.224257	0.751026	1.350178	1.279254	0.521237	1.178090	0.680539	0.490142	1.050536	1.126449	2.387377	0.381950	0.827020	-0.463249	0.023772	0.360805	0.361055	-0.349063	-0.088287	0.785937	0.688786	0.722498	0.989268	1.149656	0.518934	1.375336	1.187953	0.188817	0.315950	0.353568	0.505812	-0.095493	0.693341	-0.295702	1.117069	1.491842	0.927102	0.737067	-0.247606	1.479962	0.625980	2.516557	1.730484	0.915736	0.350275	0.533761	0.768821	2.117454	2.209441	1.841571	0.688681	2.096684	2.329687	2.197081	1.207638	2.352572	1.834027	-0.613556	0.236951	0.850489	1.062271	1.964978	0.139780	2.464778	1.875644	0.166354	-0.433397	0.302719	0.059481	0.318333	2.326446	0.635236	0.726057	-0.060320	-0.301790
0.298457	0.681337	0.602994	0.280297	0.096990	0.942944	0.943571	0.620673	-0.547130	-0.057149	-0.664752	0.460034	1.441721	0.898373	0.513168	1.553404	0.951292	1.654218	2.221907	2.023798	1.483218	1.271536	1.394746	1.048658	0.693373	0.484861	-1.156826	0.664947	0.159593	-0.339561	0.360857	1.559922	1.663769	1.362907	0.553087	0.230404	-0.193337	0.603292	0.875179	0.284479	1.410309	1.614899	0.197518	0.706620	0.491437	1.086179	-0.696808	-0.448770	-0.397249	0.474664	-0.155308	0.288507	-0.193555	0.013265	0.539773	1.162046	0.036974	-0.118209	1.665491	1.488732	1.763786	1.973400	-1.091676	-1.054855	0.407434	0.830634	-1.094665	1.098011	-0.355125	1.406538	-0.262468	-0.244996	0.051868	-0.246413	1.500940	-0.257594	1.847948	1.183721	0.690902	-0.725459	0.254247	-0.092739	2.327499	1.505062	0.793522	-0.428661	1.128399	1.291535	1.278948	0.150980	1.266797	1.055228	-0.417411	-0.838663	0.254336	-0.080633	2.161380	1.085709	2.397334	0.809030	0.484467	-1.139228	-0.509185	0.260617	0.702965	2.197625	1.102704	0.496382	-0.299053	-0.919509
-0.103385	1.120903	-1.198776	-1.243785	-0.235895	0.293507	-0.312516	0.002108	-1.010980	-0.467335	-1.638680	-0.773491	0.272955	-0.387039	0.836028	1.282809	0.855094	0.543149	2.000221	0.858599	1.346781	1.764777	0.610426	1.260124	-0.361750	-0.330620	-1.638387	-0.446968	-1.150779	-1.012005	-0.919069	-0.702378	0.308200	-0.343580	-0.490600	-0.895684	-1.192578	-0.644175	-0.470805	-0.482105	0.940738	1.374784	-0.033318	-0.010209	-0.428676	-1.337603	-1.877829	-1.997071	0.794291	1.295440	-1.052994	-0.191042	-0.344368	0.078761	-0.182430	0.740385	-1.154644	-1.404449	1.059990	1.507371	0.932149	1.504309	-2.057094	-1.914495	0.280691	0.463213	-1.966180	0.370892	-0.869459	1.427709	-2.235118	-1.527408	-0.995261	0.017013	-0.385960	-0.939884	-0.316784	-0.372625	0.042633	-1.753494	-0.763930	-1.175203	0.809464	-0.314266	-0.837971	-1.520073	-1.215959	-0.312885	-0.629032	-1.068117	-0.642223	0.005019	-0.468678	-1.832683	-0.809926	-1.990443	0.704440	1.044847	0.901406	-0.861951	-0.201072	-1.180759	-0.753617	0.192497	0.279640	0.611225	0.306871	-0.642590	-0.343861	-0.875593
-0.242969	0.742374	-2.552377	-2.363802	-0.263191	0.010929	-0.811198	-0.458405	-0.430616	-0.734205	-1.844624	-1.630862	-1.045488	-1.402421	0.845299	0.667699	0.805326	-0.536553	1.094046	-0.450022	1.089989	1.595834	0.160378	0.672285	-0.423491	-0.871412	-1.185160	-1.619688	-1.932171	-1.252676	-1.342271	-2.383163	-0.992127	-1.935881	-0.765884	-1.307181	-1.797137	-1.886447	-1.285832	-1.039280	0.527501	0.536850	-0.218438	-0.689274	-0.468276	-2.615298	-2.175462	-2.365895	1.486603	1.506632	-1.816990	-0.980761	-0.787711	-0.288628	-0.883211	-0.524411	-1.984187	-1.972601	-0.404491	0.356525	-0.653349	-0.237623	-1.803829	-1.461378	0.224798	-0.166925	-1.909726	-0.526869	-1.785374	0.585163	-2.706852	-1.666838	-1.300462	0.230196	-2.831571	-0.938492	-2.066396	-1.492278	-0.237740	-1.351382	-1.550716	-1.607541	-1.496779	-2.140875	-2.154064	-1.940309	-3.150884	-1.487339	-1.954074	-1.729312	-1.839960	-0.978018	-0.805949	-1.751868	-1.286204	-2.962691	-1.448904	0.514012	-0.908126	-1.736842	-1.387071	-0.925718	-0.243607	-0.268692	-0.111843	-0.897583	-0.977519	-1.943653	-0.643258	-0.398678
-0.011207	-0.164665	-2.207634	-1.907677	0.666548	0.535884	0.099620	0.022364	0.976887	-0.074863	-0.636402	-1.361834	-1.425341	-1.507924	0.636206	0.234428	0.492487	-0.747757	-0.122899	-1.249321	0.862848	1.164590	0.207734	-0.260816	0.661478	-0.536238	0.401627	-1.322606	-0.893761	-0.189992	-0.708167	-2.319652	-1.228085	-2.220829	-0.417131	-0.997637	-1.501228	-2.264675	-0.669798	-0.675223	0.447132	0.059252	-0.514107	-1.071836	0.300460	-1.739003	-1.407947	-1.359059	0.450609	0.650877	-1.567502	-1.303485	-0.924088	-0.874331	-1.173923	-1.764384	-1.722021	-1.496962	-1.837318	-1.288543	-1.887819	-2.057708	-0.602578	-0.282223	0.425132	-0.234923	-0.724418	-0.499633	-1.982916	-0.872566	-1.450719	-0.788273	-0.104834	0.411869	-3.572354	-0.201537	-2.105348	-1.258371	-0.166019	0.274193	-1.266724	-1.044622	-2.663875	-2.610475	-2.225210	-1.323735	-3.053075	-1.465570	-1.662722	-1.361183	-1.395921	-1.503327	-0.978972	-0.721478	-0.866569	-2.067276	-2.918054	0.226223	-1.721523	-1.275212	-1.644565	-0.745832	0.148460	-0.777076	0.133634	-1.045377	-1.484647	-2.163522	-1.070480	-0.177331
0.185371	-0.887446	-0.319955	0.058818	2.212553	1.444724	1.468788	1.157747	2.147070	1.319078	1.414041	-0.160641	-0.578560	-0.879324	0.228805	0.153255	-0.390559	-0.144289	-1.239341	-1.269892	0.307763	0.573494	0.091177	-0.865816	1.884796	0.401260	2.359186	0.540762	1.407008	1.727072	0.234279	-0.878899	-0.422527	-1.194683	-0.200718	-0.705037	-0.318613	-1.424382	0.832884	0.458754	0.402205	0.180818	-0.864275	-1.178630	0.960742	0.266409	-0.086088	0.080293	-1.760372	-0.884692	-0.288672	-0.673764	-0.525507	-1.179734	-1.079126	-2.201235	-0.483208	-0.432982	-2.500895	-2.451540	-1.959938	-2.616636	0.583128	0.559922	0.750727	0.588267	0.804475	0.469166	-0.618320	-1.935565	0.413140	0.099066	1.915696	0.618079	-1.676338	0.948476	-0.786602	0.003161	-0.318072	1.683699	-0.018762	0.143913	-1.789435	-1.357157	-1.005068	0.041914	-1.188873	-0.433276	-0.086258	-0.207970	0.232091	-1.458593	-0.370402	0.379396	0.068257	-0.013191	-3.033016	0.306238	-1.197795	0.062791	-0.360965	-0.576804	-0.367677	-0.982387	0.627666	-0.045534	-0.671892	-0.984801	-1.165037	-0.544145
0.062559	-1.015036	1.684614	2.097901	3.178677	1.835683	2.003576	1.805639	2.246835	2.358797	2.882406	1.002240	0.659484	-0.182387	-0.315702	0.128309	-1.448578	0.540572	-1.801464	-0.748281	-0.635507	-0.255669	-0.539932	-0.852691	2.234112	0.998007	3.411326	2.400173	3.049416	2.929778	0.698565	0.523750	0.513454	0.050554	-0.514304	-0.894858	0.943828	-0.047343	1.867535	1.393522	0.130776	0.342955	-1.000617	-1.157401	0.923934	1.593264	1.152641	1.046914	-3.289631	-2.195395	0.968348	0.448419	-0.021773	-0.916397	-0.750254	-1.739787	0.887100	0.515475	-2.187965	-2.518520	-0.974070	-1.652670	1.125232	0.734618	0.885612	1.672552	1.678438	1.329270	1.527224	-1.913542	1.697092	0.417965	3.096060	0.672935	1.341997	1.842132	0.513878	1.167321	-0.791964	1.833874	1.279698	1.259738	0.127448	0.590865	0.531231	1.328087	0.652516	0.596903	1.524433	0.906489	1.660846	-1.102171	0.945344	0.944458	0.955362	1.633287	-2.070564	0.369404	-0.095733	1.444453	1.407974	-0.162839	-1.339526	-0.887783	0.633978	0.870778	0.775991	0.598071	-0.739045	-1.008258
-0.134967	-0.593555	2.332703	2.588302	2.509878	1.174264	1.361285	1.254502	1.325092	2.202197	2.668999	1.250317	1.054983	0.065508	-0.705266	-0.145682	-1.847662	0.717694	-1.625054	-0.238049	-1.407401	-1.023433	-1.119261	-0.441416	1.474938	0.637399	2.859364	2.634385	2.719144	2.316089	0.524397	0.804520	0.630458	0.387925	-1.065363	-1.187016	1.223076	0.640987	1.595721	1.315093	-0.251819	0.051241	-0.769722	-1.021771	0.369824	1.352791	1.841308	1.349920	-2.816578	-2.450901	1.141142	1.040611	0.252973	-0.100063	-0.209485	-0.747314	1.545499	0.991723	-1.163876	-1.529605	0.194124	-0.155954	1.019475	0.609790	0.676562	1.989815	1.593389	1.074297	2.603297	-1.194907	1.944819	0.388170	2.419407	0.449545	2.852749	1.751778	0.730123	1.273825	-0.949678	0.971137	1.696821	1.676359	1.244947	1.622447	1.145112	1.663255	1.054276	0.630192	1.982157	1.139125	1.780579	-0.830233	1.883219	0.999888	1.346529	1.875962	-0.715554	0.265319	0.488010	2.167180	2.057552	0.447523	-1.460119	-0.621509	0.167575	0.810896	1.639519	1.376871	-0.037118	-0.786723
-0.061935	0.138910	1.288031	1.168812	0.388513	-0.155635	0.254366	0.072957	0.135742	1.079275	0.922694	0.505119	0.049230	-0.237421	-0.601134	-0.554650	-1.288562	0.346673	-1.068749	-0.187359	-1.404952	-1.081083	-0.853037	-0.017607	0.116776	-0.258020	1.209455	1.147338	1.001394	0.368944	0.045580	0.111817	-0.338078	-0.405782	-1.383750	-0.936364	0.182236	0.036009	0.354610	0.382187	-0.494794	-0.492061	-0.308217	-0.597143	-0.176224	0.115686	1.755277	1.242211	-0.845831	-1.478617	0.154010	0.461648	0.521751	1.033124	0.424328	0.378889	1.224565	1.059775	-0.006034	-0.091528	0.624152	0.607448	0.488770	0.420534	0.265283	1.159428	0.924956	-0.283312	1.711747	-0.732659	1.328768	0.350759	0.452355	0.163584	1.693259	0.604514	-0.096816	0.258087	-0.257358	0.061677	0.989523	1.098492	0.626442	0.893189	0.333288	0.760637	0.233675	-0.490311	0.925881	0.212365	0.644455	-0.840038	1.371279	0.783276	1.088596	0.982712	0.470681	0.335893	-0.014133	1.893670	1.162851	0.896581	-0.149682	-0.111794	0.016478	-0.097071	1.290647	1.114027	0.586033	0.220312
0.127500	0.830886	-0.462355	-0.937388	-1.668897	-1.128567	-0.336679	-0.529152	-0.491107	-0.110960	-1.098712	-0.563929	-1.724667	-0.868922	-0.037861	-0.715487	-0.347840	-0.275503	-0.676234	-0.552802	-0.644391	-0.224099	0.242079	0.210764	-0.974411	-0.670786	-0.328591	-0.723569	-0.329423	-1.446507	-0.404570	-0.530439	-1.800882	-1.546584	-1.343066	-0.131555	-1.368548	-1.195945	-0.808386	-0.529437	-0.487117	-0.681302	0.117972	0.200574	-0.276984	-0.826634	1.046524	0.981031	0.825476	-0.024870	-1.182869	-0.985727	0.918684	1.969672	0.698738	1.225247	0.245171	0.878248	0.623420	0.963776	0.057304	0.220464	-0.241639	0.053561	-0.153155	-0.182532	0.178051	-1.750798	-0.081519	-0.910512	0.342881	0.296244	-1.363587	0.076839	-0.663552	-0.650227	-0.991952	-0.981040	0.968052	-0.223320	-0.268072	-0.214654	-1.039335	-0.921321	-1.250942	-0.761121	-0.498608	-1.945312	-0.916160	-1.303529	-0.638013	-0.999542	-0.292249	0.407883	0.544652	0.051818	1.184582	0.822033	-1.236005	0.880440	-0.194029	0.941474	1.587631	0.704623	0.627543	-1.101588	0.118846	0.484125	0.902627	1.188242
-0.075101	0.955629	-1.536602	-2.063720	-2.135963	-1.033340	-0.010641	-0.092773	-0.243200	-0.790644	-2.111629	-1.190250	-2.918317	-1.416418	0.491385	-0.502023	0.265762	-0.791066	-0.521340	-0.849483	0.252554	0.789050	1.239596	0.180955	-1.069801	-0.150573	-0.941915	-1.608733	-0.184269	-2.116751	-0.736974	-0.349013	-2.714725	-1.970078	-1.098483	0.565254	-2.182782	-1.775885	-1.108539	-0.799876	-0.260156	-0.280121	0.309460	1.047859	0.238317	-0.592004	0.240593	0.730089	0.840694	0.703164	-2.006140	-2.321903	0.886983	2.000704	0.173957	1.238127	-0.822207	0.454236	0.363769	1.048628	-0.975818	-0.688102	-0.821918	-0.406794	-0.583631	-1.107444	-0.271148	-2.230388	-1.035252	-1.167649	-0.370083	0.144841	-2.017815	0.066288	-1.707164	-0.815807	-0.922654	-1.312863	1.841294	0.103250	-1.186748	-1.472133	-2.249987	-2.206182	-2.346449	-1.810826	-0.245131	-2.575189	-2.177474	-2.306251	-0.920909	-1.026606	-1.577517	-0.010128	0.400958	-0.020118	1.295294	1.271006	-2.165518	-0.078283	-0.742701	0.639679	2.116755	1.421440	1.313849	-1.580989	-0.988659	0.115174	0.744512	1.178939
-0.809644	0.135081	-1.337448	-1.590978	-1.070433	-0.236476	0.703491	0.579787	0.466447	-1.052512	-1.817114	-1.111009	-2.584253	-1.433377	0.498248	-0.213730	0.466737	-0.872890	-0.202128	-0.672849	0.644044	0.880959	1.213246	-0.204860	-0.144281	0.664981	-0.795953	-1.201084	0.798291	-1.683565	-0.981117	0.465118	-2.361296	-1.295652	-0.743821	0.615072	-1.731336	-1.130449	-0.607677	-0.594911	0.022727	0.236341	0.151540	1.306642	1.031893	0.598790	-0.195825	0.522125	-0.532620	0.079971	-1.961698	-2.676262	-0.103942	0.787102	-0.966550	0.098527	-1.480611	-0.249661	-0.529878	0.188097	-1.657630	-1.240842	-0.872258	-0.520397	-1.085587	-1.309599	-0.227653	-1.441396	-0.669654	-0.808689	-0.354710	0.058484	-1.477055	-0.149237	-0.582290	0.246021	0.236979	-0.445579	1.759910	0.580274	-1.261145	-1.863581	-2.065141	-1.867535	-2.140814	-1.760263	0.636772	-1.792512	-1.931417	-2.016756	-0.097493	-0.766683	-1.411378	-0.261842	0.848437	0.639279	0.811974	0.829588	-1.992566	-0.298468	-0.343571	0.153253	0.878303	1.301429	0.892318	-1.443682	-1.376114	0.037015	0.025725	0.077452
-1.514927	-1.261474	-0.345809	-0.289305	-0.069442	0.154717	0.808915	0.405214	0.880729	-1.131731	-0.858841	-0.599055	-0.973253	-0.733936	0.009333	-0.136172	0.583010	-0.385677	0.435698	-0.143939	0.427727	-0.106995	0.148529	-0.919908	0.973882	0.838400	-0.579819	-0.115341	1.119872	-0.709288	-1.049783	1.113712	-0.934644	-0.146508	-0.223983	0.186752	-0.528667	0.119813	0.033112	-0.415453	0.068582	0.173419	-0.334746	0.602996	1.203054	1.621149	-0.321138	0.165574	-1.830246	-1.255777	-1.162721	-1.894053	-1.434086	-1.054304	-1.878367	-1.613570	-1.461665	-1.000121	-1.310309	-0.965968	-1.505091	-1.125013	-0.396298	-0.123027	-1.425552	-1.130833	0.101595	-0.125061	0.025029	0.015000	0.234799	0.201764	-0.362792	-0.417147	1.167589	1.359775	1.501259	0.729544	0.814263	0.702250	-0.630879	-1.195401	-0.747095	-0.264745	-0.840375	-0.898793	1.096925	-0.037458	-0.497553	-0.652584	0.831069	-0.289356	-0.328589	-0.289186	1.101039	0.990644	-0.035538	-0.787521	-0.818878	0.164387	0.162826	-0.337139	-1.017072	0.135792	-0.882406	-1.016310	-0.917145	0.036305	-0.946662	-1.314970
-1.419111	-2.114148	0.633088	0.718858	-0.325507	-0.434379	-0.082922	-0.612944	0.627609	-0.907641	0.083581	-0.022569	0.736588	0.367203	-0.489683	-0.129574	0.675596	0.356720	0.881946	0.244195	0.086665	-1.085775	-1.013875	-1.466506	1.328952	0.316707	-0.614544	0.913226	0.236968	0.350391	-0.648789	1.129141	0.633013	0.569137	0.503654	-0.088951	0.619311	1.004909	0.314448	-0.345139	-0.243097	-0.542061	-0.765016	-0.605469	0.058018	1.484939	-0.530650	-0.531681	-1.851859	-1.911176	0.029724	-0.497875	-1.713894	-2.224699	-1.759097	-2.493184	-0.766887	-1.225870	-1.269464	-1.513963	-0.578917	-0.583338	0.138763	0.301283	-1.139677	-0.860523	0.120928	0.685298	0.110795	0.418665	0.736025	0.411281	0.609825	-0.227748	1.630641	1.341640	1.745708	1.071979	-0.467617	0.301648	0.248706	0.014252	0.692261	1.282446	0.679924	0.069259	0.631834	1.607425	0.932106	0.806908	0.859348	0.234879	0.354978	-0.296077	0.235561	0.226063	-0.748131	-2.701521	0.516175	0.693898	0.185678	-0.500902	-1.867105	-1.185444	-2.756379	-0.640717	0.033706	0.162616	-1.410736	-1.986115
-0.296144	-1.504441	1.244154	1.068656	-1.070189	-1.248588	-1.135645	-1.226824	0.087524	-0.158753	0.893171	0.504781	1.509681	1.211601	-0.596494	0.142670	0.474508	0.677671	0.514545	0.182778	0.170752	-0.852572	-1.200600	-1.095748	0.819207	0.056458	-0.548282	1.484516	-0.744650	1.164729	0.511051	0.842938	1.485618	0.647145	1.374135	0.238297	1.376359	1.245481	0.347392	0.020747	-0.504360	-1.130183	-0.424962	-1.177304	-1.801264	0.342176	-0.893939	-1.316101	-0.675525	-1.057343	1.117941	0.816044	-0.487958	-1.873839	-0.574734	-1.520627	0.313667	-0.492925	-0.257098	-0.893148	0.700748	0.108018	0.319463	0.217714	-0.095025	-0.398245	-0.482209	0.652778	-0.189704	-0.092833	0.659885	0.365240	1.053427	0.492482	0.777987	0.391659	0.948771	0.446350	-1.510188	-0.263898	1.009040	1.045512	1.369913	1.772719	1.599538	0.734338	-0.168123	2.282787	1.454861	1.521981	0.076823	0.680465	0.140923	-0.428807	-1.469096	-1.155746	-0.764250	-3.405571	1.285059	0.794069	0.059960	-0.007960	-0.967108	-1.324381	-3.056044	-0.380206	0.809017	0.600909	-0.803299	-1.486550
1.267083	0.288563	1.527893	1.112919	-0.590792	-1.019455	-1.096624	-0.335524	-0.032096	0.867527	1.666540	1.005234	1.228465	1.291850	-0.355758	0.679916	-0.033498	0.157805	-0.556126	-0.166662	0.705828	0.566027	-0.174609	0.305237	0.231637	0.836622	0.058591	1.485555	-0.401325	1.386259	2.202978	0.875610	1.465635	0.614871	2.187223	1.053119	1.789981	1.239342	0.509002	0.885371	-0.102626	-0.768261	0.983940	-0.331854	-2.705078	-0.675831	-1.012669	-1.579699	0.641539	0.760573	1.647077	1.569379	1.054431	-0.434106	0.894244	0.730043	1.241155	0.874859	1.147672	0.612347	1.731438	0.783982	0.205820	-0.256631	1.165034	0.310515	-1.159703	0.322079	-0.121786	-0.947836	0.136606	-0.004026	1.038747	1.076691	0.147564	-0.215158	0.161019	-0.230998	-1.900927	-0.420305	1.421041	1.487406	1.064741	1.216042	1.580478	1.046031	-0.359359	1.903590	1.095060	1.378005	-0.551192	0.961269	-0.365700	-0.542377	-2.577195	-1.761854	0.045081	-2.118704	1.375963	0.409808	0.372612	0.959212	0.810245	0.096523	-1.360424	-0.135516	0.810801	1.165575	0.482342	-0.213272
2.285664	1.916676	1.426917	1.070089	1.272890	0.390475	0.163846	1.517475	0.542252	1.484406	2.109351	1.286293	0.456567	0.603230	-0.066877	1.082093	-0.322800	-0.802997	-1.439548	-0.441877	1.167920	1.934429	1.200987	1.733414	0.225341	2.101381	1.002034	1.003223	1.146088	0.914922	3.350307	1.233762	0.950289	0.759985	2.521201	1.707971	1.804039	1.235128	0.799774	1.699049	0.885640	0.355726	2.527414	1.294020	-1.778709	-0.756608	-0.701933	-1.120118	1.189451	2.134656	1.492512	1.532205	1.460273	0.795547	1.680976	2.395221	1.468188	1.840866	1.906719	1.844124	1.822659	1.074284	0.074752	-0.585890	1.846310	0.839893	-1.039493	0.312522	0.326720	-1.197028	-0.401305	-0.450452	0.840345	0.911790	0.550061	0.156469	0.131684	-0.235671	-1.551877	-0.012328	1.316427	1.309365	0.176768	0.231652	0.809889	0.971210	0.187120	0.982450	0.387990	0.757518	-0.476062	0.934108	-0.568803	-0.484897	-2.121913	-0.958436	1.022093	0.297061	0.993375	-0.222969	0.938663	1.574226	1.893511	1.870219	0.994570	0.017597	0.001074	1.246566	1.310787	0.914541
2.117131	2.179074	0.744512	0.666933	2.540936	1.603361	1.318762	2.420269	1.385754	1.246723	1.673870	0.948855	-0.311573	-0.439460	0.111266	1.025352	0.144657	-1.263963	-1.324798	-0.494240	1.058514	2.111890	1.715755	1.889473	0.564989	2.344146	1.495181	0.326917	2.184165	0.187943	2.654975	1.173863	0.288773	0.593277	1.878973	1.453470	1.241842	0.952578	0.791516	1.565283	1.482709	1.088445	2.539935	1.978722	-0.173139	-0.294566	-0.447762	-0.528154	0.952302	2.084792	0.928880	0.705764	0.672484	0.885115	1.371248	2.058798	0.842049	1.549459	1.232404	1.583852	0.571166	0.462848	-0.037982	-0.557053	1.649981	0.609787	-0.041618	0.567714	0.343517	-0.635077	-0.761247	-0.713518	0.573233	0.253411	0.983300	0.650744	0.406759	0.077482	-0.789391	0.486680	0.702070	0.683062	-0.677548	-0.689930	-0.178984	0.460384	0.615305	0.079105	-0.297494	0.015684	-0.242539	0.453699	-0.638857	-0.417814	-0.741063	0.299705	1.133974	1.968014	0.240555	-0.762999	0.884540	1.086041	1.451153	2.264880	2.164036	-0.188844	-1.032024	0.420013	0.938297	1.164887
0.977410	1.097370	-0.375760	-0.248440	1.561247	1.338298	1.129575	1.228440	1.826153	0.424580	0.361148	-0.060791	-0.909106	-1.302597	0.226024	0.601464	1.187157	-0.742732	-0.312151	-0.435323	0.420504	1.113957	0.963071	0.580131	0.582566	0.870632	1.045495	-0.192308	1.443332	-0.179996	0.091644	0.200144	-0.362860	-0.326182	0.310591	0.188606	0.246238	0.165321	0.257976	0.312678	0.916701	0.632427	0.502856	0.776816	0.323937	-0.193509	-0.762285	-0.474636	0.519852	0.872086	0.357312	-0.509916	-0.184363	0.046258	0.373536	0.132837	-0.188188	0.208999	-0.586310	-0.189715	-1.501163	-0.965020	-0.263830	-0.415657	0.958673	-0.355634	0.975957	0.603334	-0.494906	0.108498	-1.003928	-0.730935	0.198806	-0.145267	0.233545	0.186403	0.146544	-0.056262	-0.128074	0.536578	-0.101873	-0.093389	-1.083550	-1.356642	-0.837524	-0.276054	0.200176	-0.516482	-0.842409	-0.640751	-0.584958	-0.352178	-0.953889	-0.566952	0.191756	0.672603	0.061478	1.798753	-0.729662	-0.927529	-0.165821	-0.301881	0.040225	0.834053	1.540139	-0.775018	-1.599238	-0.956481	-0.230737	0.569331
-0.202451	-0.199279	-1.234231	-1.096422	-0.599910	0.070548	0.012832	-0.841459	1.539667	-0.282783	-0.906479	-1.034891	-1.164218	-1.553990	0.289127	0.138749	1.868261	0.190530	0.665740	-0.358536	-0.248080	-0.096458	-0.251375	-0.934788	0.153087	-1.095523	0.110935	-0.390078	-0.249705	-0.084477	-2.402707	-1.012329	-0.772580	-1.356705	-1.175439	-1.131931	-0.571638	-0.661501	-0.376051	-1.028488	-0.253556	-0.405715	-1.861009	-1.125218	-0.356918	-0.550067	-1.275071	-0.788163	0.292796	-0.354509	0.011641	-1.309977	-0.360921	-0.728958	-0.457349	-1.565217	-0.860184	-1.014773	-2.088585	-1.929203	-2.883857	-2.092680	-0.495905	-0.350762	0.332360	-1.220580	1.238256	0.287399	-1.414198	0.441343	-1.070653	-0.581053	-0.169740	-0.051075	-1.139031	-0.886713	-0.547852	-0.585681	0.147848	0.170135	-0.619617	-0.612775	-0.982315	-1.561537	-0.921746	-0.737759	-0.628938	-0.721063	-1.057492	-0.944307	-1.185804	-0.946951	-1.251520	-0.757326	0.213997	0.115163	-1.214852	0.534412	-1.392458	-0.723481	-1.340961	-1.465932	-1.044994	-0.993298	0.194488	-1.220368	-1.445029	-1.885668	-1.104520	-0.154567
-0.559610	-0.602757	-1.122020	-1.015425	-1.313401	-0.570330	-0.525885	-1.459982	0.680389	-0.397889	-1.055940	-1.037972	-0.802547	-1.017007	0.189974	-0.152617	1.324746	0.545157	0.745518	-0.202045	-0.508245	-0.636628	-0.771894	-1.195156	-0.215061	-1.608788	-0.382769	-0.344353	-0.951136	0.041417	-2.514833	-1.214796	-0.623472	-1.270530	-1.355424	-1.263859	-0.624944	-0.736734	-0.444590	-1.157125	-0.694514	-0.703065	-2.150263	-1.591698	-0.635480	-0.612212	-1.046074	-0.685406	0.185802	-0.639372	-0.092283	-1.016743	-0.135302	-0.651711	-0.515169	-1.540475	-0.687642	-1.066292	-1.815788	-1.873777	-2.204911	-1.650455	-0.408285	-0.241195	0.009536	-1.085754	0.769479	-0.016880	-1.233491	0.351163	-0.738923	-0.348602	-0.251324	0.077939	-1.374934	-1.180686	-0.766440	-0.696439	0.119801	-0.136730	-0.578071	-0.564033	-0.540645	-1.048620	-0.540954	-0.526861	-0.779625	-0.537808	-0.685097	-0.614772	-0.973753	-0.772092	-0.848661	-0.537002	-0.011764	-0.271064	-1.323858	-0.224505	-1.148679	-0.440428	-1.354123	-1.393777	-0.954008	-1.377604	-0.399846	-0.887752	-0.761090	-1.568827	-0.953711	-0.301989
-0.081309	-0.050520	-0.104834	0.055129	0.163603	0.002643	0.057680	-0.074499	-0.426744	-0.008136	-0.049540	-0.002764	0.124402	0.085725	-0.093226	-0.291855	-0.323871	0.096377	-0.046283	0.073372	-0.366407	-0.463800	-0.369317	-0.089586	-0.227845	-0.330213	-0.168641	-0.202466	-0.102664	-0.074757	-0.131077	-0.178820	0.055931	0.126311	-0.170911	-0.090700	0.031899	0.041082	0.142381	0.032662	-0.023183	0.091190	-0.077798	-0.163648	0.255128	-0.031633	0.133936	0.092433	0.023393	-0.018532	-0.056394	0.233695	0.036541	0.209207	0.102548	0.061659	0.163639	-0.000477	0.165181	0.040654	0.325166	0.328208	0.062102	0.019026	-0.104161	0.041925	0.002821	-0.077122	0.164604	0.101845	-0.012509	-0.082739	0.010284	-0.075321	0.012820	-0.253983	-0.179815	-0.076489	-0.014944	-0.156027	-0.107799	-0.031773	0.047256	0.076130	0.056357	0.251917	0.036644	-0.088740	0.205916	0.262542	0.321670	0.128188	0.351374	0.179842	0.047509	0.065247	-0.095762	0.049320	-0.054532	-0.270596	-0.059256	-0.176127	0.109983	-0.097256	0.056829	0.215922	0.146024	-0.175752	0.040520	0.162684
