X1	X2	X3	X4	X5	X6	X7	X8	X9	X10	X11	X12	X13	X14	X15	X16	X17	X18	X19	X20	X21	X22	X23	X24	X25	X26	X27	X28	X29	X30	X31	X32	X33	X34	X35	X36	X37	X38	X39	X40	X41	X42	X43	X44	X45	X46	X47	X48	X49	X50	X51	X52	X53	X54	X55	X56	X57	X58	X59	X60	X61	X62	X63	X64	X65	X66	X67	X68	X69	X70	X71	X72	X73	X74	X75	X76	X77	X78	X79	X80	X81	X82	X83	X84	X85	X86	X87	X88	X89	X90	X91	X92	X93	X94	X95	X96	X97	X98	X99	X100	X101	X102	X103	X104	X105	X106	X107	X108	X109	X110
-0.104758	-0.203712	0.103731	-0.012910	0.023385	-0.101704	-0.008439	-0.119638	0.084744	-0.031729	0.051825	-0.107579	0.036730	-0.004074	-0.150848	-0.083203	0.122075	-0.153037	0.017663	-0.015497	-0.222081	-0.169163	-0.054041	-0.113002	0.010529	0.009091	-0.048839	0.098161	0.036266	-0.056897	0.025960	-0.019849	0.043612	-0.037807	0.116126	0.012210	0.020211	-0.054376	-0.075955	-0.165427	-0.093192	-0.161366	0.038062	-0.028525	0.078848	-0.010731	0.006787	-0.025690	0.154691	0.041126	0.080479	0.069055	0.053134	-0.129758	0.016054	-0.068740	-0.056067	-0.112064	-0.155116	-0.182169	-0.073148	-0.181430	0.060413	-0.009867	-0.234369	-0.144828	0.026011	0.078619	-0.012244	-0.082364	0.052468	0.015715	-0.021021	-0.110500	0.238569	0.095141	0.062055	0.055382	0.091308	-0.029481	-0.049693	0.072428	-0.035724	-0.063243	0.069434	-0.016574	0.038366	0.046972	-0.012116	0.037485	-0.014760	-0.032312	0.012834	-0.023954	-0.018597	0.002922	-0.053928	0.010275	0.012364	0.116540	0.159137	0.179471	-0.033615	-0.064127	0.030409	0.043572	0.007380	0.071489	0.231408	0.000322
-0.272511	-0.265446	-0.644430	-1.179515	-0.285854	-0.499670	0.048925	0.022180	-0.209577	-0.867784	-0.244774	-0.682854	-0.271224	-0.646628	-0.659471	-0.832717	-0.590806	-0.833787	-0.438543	-0.541874	-0.310173	0.001321	-0.225127	-0.238927	0.034795	-0.824473	-0.629835	0.386061	0.269750	-0.637380	0.533405	-0.811251	-0.639093	-0.662454	-0.004067	-0.362221	-0.381468	-0.925677	-0.377547	-0.702022	-0.605126	0.027622	0.178205	-0.115877	-0.068243	-0.374146	-0.327527	-0.133646	-0.813581	-0.395338	-0.275766	-0.501966	-0.579882	-0.611225	-0.408136	-0.637556	-0.652278	-0.806129	-0.817026	-0.639994	-0.346534	-0.245775	-0.166363	-0.111960	-0.878955	-0.122024	-0.530531	-0.589717	0.180357	0.205861	-0.393224	-0.320702	-0.199334	-0.164065	-0.393236	-0.511165	-0.325698	-0.310424	-0.125353	-0.082783	-0.540946	-1.084096	-0.530441	-0.662572	-0.519880	-0.868569	-0.073612	-0.678905	-0.374978	-0.458640	-0.240018	-0.649567	-0.393844	-0.446525	0.225497	0.162600	-0.471579	-0.663264	-0.657089	0.085179	-0.008111	-0.676918	-0.434153	-0.498861	-0.440254	-0.613471	-0.975177	-0.179192	-0.483867	-0.070376
-0.077850	0.047456	-0.261726	-0.559875	-0.082346	-0.065210	0.259271	0.381505	-0.210068	-0.364694	-0.003801	-0.358278	-0.164649	-0.178981	-0.086815	-0.134314	-0.277469	-0.041217	-0.020650	-0.157305	0.124817	0.122987	0.054032	0.032377	0.178326	-0.453510	-0.104269	0.168894	0.016518	0.033605	0.334265	-0.097369	-0.288640	-0.272077	0.207777	-0.180213	-0.248542	-0.489416	0.011916	-0.167341	-0.026972	0.038311	0.199195	0.265149	-0.099595	-0.110981	0.160657	0.213308	-0.342093	-0.172047	-0.179228	-0.304251	-0.393422	-0.202787	-0.148306	-0.086542	-0.269078	-0.310861	-0.076397	0.043682	0.105151	0.101273	0.052376	0.117092	-0.328082	0.170119	-0.136121	-0.099525	0.059268	0.035780	0.024698	-0.127755	-0.032061	-0.017763	-0.134180	-0.131476	-0.230596	-0.045481	0.011651	0.016747	-0.272416	-0.553326	-0.304379	-0.257321	-0.275585	-0.234293	-0.156998	-0.219060	-0.283149	-0.527979	-0.163070	-0.171567	0.012817	0.054992	0.128424	-0.134571	-0.104893	-0.197722	-0.009805	-0.166860	-0.078756	-0.113821	-0.136467	-0.155838	-0.264297	-0.194043	-0.462441	-0.200877	-0.160859	-0.161928
0.458699	0.741550	0.875412	1.172650	0.250507	0.855087	0.554667	0.972352	0.088087	1.083173	0.620276	0.696621	0.173631	0.853673	1.280618	1.586212	0.705381	1.630305	0.930901	0.773111	0.980850	0.237879	0.706878	0.766371	0.449109	0.788124	1.272946	-0.224460	-0.437032	1.431833	-0.232726	1.507866	0.613322	0.764178	0.544074	0.348595	0.401965	0.892241	0.853579	1.121812	1.240282	0.169985	0.137286	0.861661	0.056054	0.485471	1.086185	0.873666	1.088591	0.519612	0.119113	0.399716	0.437262	0.813705	0.544041	1.013909	0.728608	0.989580	1.400061	1.390366	0.932036	0.636888	0.437268	0.468223	1.035079	0.683759	0.996737	1.199742	-0.067901	-0.214306	0.997746	0.436518	0.646892	0.299682	0.707574	1.118411	0.299073	0.632700	0.298998	0.240084	0.653751	0.987474	0.464393	0.830411	0.465824	1.216389	-0.127278	0.846883	0.006019	-0.094814	0.105741	0.945856	0.813590	1.104524	-0.172773	-0.750200	0.825755	1.044224	1.293226	-0.455206	0.125766	1.304079	0.523159	0.745717	0.477380	0.824335	0.995652	0.122762	0.747199	-0.225156
0.910565	1.381477	1.416908	1.750392	-0.037589	1.139195	0.680514	1.419664	0.307668	1.729564	0.870627	1.356735	0.130634	0.882160	2.143492	2.511951	0.991770	2.341275	1.134807	0.967170	1.631586	0.519549	1.105254	1.471901	0.578684	1.408471	2.170172	-0.097657	-0.411847	1.949788	-0.364035	2.091495	0.645208	1.088259	0.383368	0.508161	0.822962	1.594633	1.182655	1.743198	1.713629	0.714644	-0.031583	0.946211	0.223442	0.600206	1.269411	1.220532	1.672940	0.819930	-0.040888	0.565145	0.927766	1.192000	0.776579	1.115581	1.046338	1.493970	1.680467	1.852979	1.098387	0.811294	0.327883	0.431734	1.615625	0.943178	1.684335	1.943480	0.172406	0.058034	1.327070	0.671399	1.454357	0.516299	0.997620	2.022900	0.636099	0.919390	0.224417	0.345720	1.307729	1.386669	0.868492	1.272106	0.591026	1.468945	0.010169	0.964884	-0.188974	0.264427	0.070183	1.149926	0.895524	1.437717	-0.180511	-0.977055	1.255186	1.551549	1.437053	-0.440363	0.532185	1.734433	0.653512	1.258209	1.000729	0.955076	1.598008	0.569098	0.916530	-0.166095
0.883732	1.446512	0.789504	0.361316	-0.846426	0.332870	0.462643	1.135999	0.062042	0.562072	0.264854	0.779807	-0.507634	-0.534456	1.734876	1.622045	-0.068533	1.410716	-0.071791	-0.123793	1.577049	1.072844	0.721559	1.380644	0.203638	0.592791	1.753055	0.539618	0.181842	0.978388	-0.025977	0.948678	-0.592430	0.116062	-0.547579	0.022490	0.239948	0.726044	0.455322	0.787783	0.656779	1.221749	-0.477339	0.187548	0.087900	0.045864	0.276929	0.871463	0.619860	0.268012	-0.752700	-0.291463	0.464464	0.216890	0.218781	-0.175360	0.125405	0.337879	0.194596	0.786603	0.219807	0.477815	-0.346578	-0.085760	0.545695	0.456111	1.143425	1.496498	0.442563	0.625346	0.388185	0.156351	1.630381	0.383766	0.230490	1.572210	0.273979	0.506081	-0.263980	0.150015	0.927198	-0.076152	0.358192	0.391172	-0.277122	-0.095144	0.104454	-0.191534	-0.975351	-0.151670	-0.546750	-0.169227	-0.009560	0.522150	0.341675	-0.308384	0.509298	0.546645	-0.043365	-0.100150	0.654723	0.518521	0.108279	0.880362	0.687105	-0.287900	0.669720	0.640810	0.029238	0.037752
0.478511	0.840591	-0.237943	-1.271983	-1.168014	-0.743094	0.035546	0.002200	-0.479895	-1.404399	-0.717933	-0.574095	-1.087454	-1.917404	0.606156	-0.156679	-1.471271	-0.041608	-1.700292	-1.451916	0.861127	1.579099	-0.158055	0.291520	-0.562762	-0.794735	0.589478	0.918854	0.684832	-0.460970	0.128518	-0.639718	-1.747100	-1.087946	-1.584385	-0.544202	-1.033546	-0.765541	-0.707674	-1.040891	-0.954267	0.879258	-1.056595	-0.875841	-0.284695	-0.468417	-0.900497	0.172564	-0.844985	-0.554509	-1.192298	-1.282404	-0.421623	-1.204588	-0.399235	-1.487696	-1.084559	-1.403290	-1.386250	-0.721168	-0.875871	0.007554	-0.830307	-0.560751	-1.155812	-0.596845	-0.062461	0.536246	0.171400	0.722638	-0.957922	-0.654590	0.947283	-0.021007	-0.812238	0.192662	-0.416015	0.029878	-0.558877	-0.137809	-0.161960	-1.727603	-0.542768	-0.912336	-1.171291	-1.757691	0.063031	-1.259897	-1.533913	-1.045250	-1.263256	-1.682774	-0.913031	-0.696312	0.973607	0.823228	-0.775562	-0.941014	-1.551833	0.301750	0.169888	-0.941632	-0.324174	0.118104	-0.136218	-1.584252	-0.658134	0.131533	-0.771800	0.266594
0.160953	0.011309	-0.735053	-1.265843	-0.427381	-0.959646	-0.256577	-1.166465	-0.678769	-2.238190	-1.090317	-1.376030	-0.775865	-1.639824	-0.153392	-1.157230	-1.635156	-0.741559	-2.038530	-1.550912	-0.096285	1.366443	-0.632465	-0.946847	-1.003526	-1.287110	-0.177158	0.573398	0.550128	-1.115749	-0.071094	-1.129802	-1.325185	-1.117085	-1.595739	-0.484376	-1.630847	-1.261703	-1.139335	-2.074661	-1.555029	-0.273620	-1.095596	-1.240251	-0.372831	-0.335007	-0.977401	-0.205091	-1.099782	-0.708282	-0.554710	-1.105425	-0.670503	-1.403076	-0.281392	-1.381152	-1.268095	-1.857793	-1.243252	-1.140657	-1.042053	-0.188014	-0.460141	-0.477725	-1.726015	-1.335169	-0.689178	-0.124241	-0.387501	0.245747	-1.227125	-0.800682	0.110557	-0.318687	-1.023135	-0.748258	-0.537492	0.169933	-0.186527	-0.080681	-0.864002	-1.698178	-0.835729	-1.248953	-1.010776	-1.665599	-0.006058	-1.055384	-1.065903	-1.173849	-1.240905	-1.704976	-0.805020	-0.908138	1.023531	1.357366	-1.263564	-1.300345	-1.476290	0.567974	-0.489899	-1.043691	-0.111910	-0.245339	-0.565770	-1.397137	-1.058019	-0.475279	-0.522383	0.354810
0.138083	-0.495916	-0.712743	-0.063264	0.608891	-0.190031	-0.251745	-1.259465	-0.288563	-1.302303	-0.533361	-0.921153	0.290173	-0.041598	-0.150790	-0.916082	-0.217900	-0.658203	-0.678581	-0.341766	-0.860194	0.154865	-0.264390	-1.241305	-0.611878	-0.580816	-0.206708	-0.043764	-0.003489	-0.893320	-0.061069	-0.458077	0.340093	-0.095887	-0.310916	0.087461	-0.735272	-0.435254	-0.454081	-1.388908	-0.796129	-1.111667	-0.199527	-0.409481	0.032953	0.080661	0.009210	-0.111283	-0.157194	-0.091585	0.741677	0.206118	-0.000830	-0.016703	0.264941	-0.050702	-0.357068	-0.567094	0.324877	-0.225883	-0.077131	0.025483	0.376507	0.017341	-0.773444	-1.146921	-0.318388	-0.532179	-0.374475	-0.101127	-0.117119	0.056086	-0.129967	-0.173503	-0.313683	-0.659265	0.084677	0.579453	0.418228	0.322589	-0.628663	-0.256049	-0.283280	-0.461150	-0.043313	-0.195457	0.076397	-0.083706	0.129835	-0.013144	-0.319633	-0.372218	0.074107	-0.067322	0.320419	0.809124	-0.488869	-0.340343	-0.176096	0.612988	-0.562451	0.010322	0.287014	-0.127380	-0.293889	0.068655	-0.478701	-0.483519	0.208487	0.259822
0.071916	-0.567109	-0.738120	0.407629	0.742990	0.608690	-0.186230	-0.162327	0.074858	0.136750	0.176542	0.075715	1.001900	0.962193	0.036525	-0.479052	1.521961	-0.519586	0.838223	0.807546	-1.159718	-1.357217	0.277939	-0.585948	0.115513	0.237897	-0.172506	-0.238302	-0.360049	-0.624603	0.362569	0.240285	1.396078	0.480029	1.057458	0.268247	0.712266	0.478712	0.497613	0.261547	0.208257	-0.764302	0.895718	0.919657	0.328099	-0.075105	0.606197	-0.132341	0.530979	0.446788	1.262310	1.087318	0.718406	1.347735	0.225669	1.065616	0.459091	0.963080	1.435247	0.872392	1.076533	0.546889	0.518037	0.231115	0.286842	-0.502385	0.190138	-1.043574	0.370620	0.061747	0.906259	0.980316	0.026382	0.396151	0.334163	-0.359681	0.519706	0.236938	0.323151	0.385819	-0.130122	0.733447	0.312972	0.316427	0.531856	0.702564	0.356214	0.282784	0.983397	1.280126	0.695704	0.591090	0.479981	0.466073	-0.561743	-0.103164	0.547247	0.585776	0.686794	0.292817	0.038463	0.686241	0.238898	-0.070424	0.001987	1.148918	0.202986	0.158518	0.238018	0.102852
-0.425809	-0.539437	-0.897127	-0.453326	-0.058556	0.575396	-0.387023	0.948208	-0.275615	0.581587	0.108180	0.392503	0.667561	0.360406	-0.322061	-0.883287	2.142185	-0.625956	0.775848	0.831628	-0.982529	-2.012851	-0.039781	-0.102365	0.147707	0.197378	-0.774817	-0.003276	-0.272032	-0.844796	0.476734	0.146205	0.797623	-0.167608	1.016536	-0.478119	1.042146	0.369985	0.620335	1.296531	0.352833	0.236770	0.977622	1.349870	-0.148968	-0.941558	-0.345209	-0.802361	0.035159	0.248471	0.244488	0.383209	0.544243	0.984678	-0.578062	1.048826	0.314255	1.080353	1.069545	1.054157	1.375085	1.106451	-0.627509	-0.334157	0.037991	-0.385447	-0.106307	-1.413350	1.052934	0.247105	0.218628	0.656627	-0.206800	1.004347	0.112594	-0.783846	-0.045292	-1.104181	-0.705223	-0.493357	-0.333807	0.300857	0.218652	0.261065	0.219663	0.135100	0.678584	-0.363330	1.004345	1.266401	0.969570	0.201427	-0.377191	-0.472715	-0.975973	-0.336187	0.621549	0.441449	0.367113	-0.445386	0.596833	0.140459	-0.039588	-0.321561	-0.303644	0.861662	0.386727	0.810238	-0.423642	0.064495
-1.164026	-0.722883	-0.688681	-1.196871	-0.613543	-0.073582	-0.807111	0.903738	-1.037143	0.025588	-0.679441	-0.213165	-0.044564	-0.702648	-1.227283	-1.829541	1.404447	-0.667459	-0.719145	0.147975	-0.630445	-1.363739	-1.306684	-0.575985	-0.765657	-0.352872	-1.896656	0.119080	-0.030025	-1.225734	-0.332612	-0.525435	-0.383958	-1.007070	-0.398011	-1.450905	-0.040852	-0.374608	-0.182849	0.983829	-0.251701	0.638412	-0.069416	0.266241	-1.051302	-1.644646	-2.130205	-1.720018	-0.992795	-0.317202	-1.288057	-1.003661	-0.359918	-0.782267	-1.009914	0.366982	-0.272968	-0.105137	0.113029	0.420627	0.757417	1.319584	-2.189929	-1.354085	-1.213628	-0.971663	-0.964187	-1.098208	1.186677	0.004051	-1.871266	-0.945984	-0.990429	1.150527	-0.689538	-1.628211	-1.124264	-2.303348	-1.772326	-1.866283	-1.107428	-0.528058	-0.222736	-0.152297	-0.204310	-0.773047	0.808247	-1.076380	0.755257	0.116757	0.554014	-0.637434	-1.825489	-2.315773	-0.908457	0.143712	-0.162925	-0.230080	-0.232857	-1.238411	0.576059	-0.998614	0.151246	-0.430821	-0.736620	0.029966	0.182241	0.980566	-0.605743	0.262816
-1.478378	-1.012421	0.099987	-0.560513	-0.161734	-0.424341	-1.044356	-0.140044	-1.172933	-0.407607	-1.236045	-0.817736	-0.034135	-0.603792	-1.945999	-2.118471	0.162715	-0.427127	-1.856418	-0.202770	-0.480842	-0.085909	-2.402044	-1.447554	-1.643316	-0.360980	-2.714464	-0.073970	0.022483	-1.184941	-1.470760	-1.131860	-0.469673	-0.704139	-1.551815	-1.416456	-1.075305	-0.567318	-0.988833	0.022413	-0.723139	0.034475	-1.001049	-1.310717	-1.283796	-1.290639	-2.735572	-1.786107	-1.335132	-0.439518	-1.602420	-1.134808	-0.937850	-1.998208	-0.083548	-0.009555	-0.249457	-1.056819	-0.164745	-0.162281	0.050119	0.916010	-2.557263	-1.805746	-1.942617	-1.379887	-1.304707	-0.232949	1.213477	-0.306738	-3.188555	-2.255904	-1.555038	0.558599	-1.192186	-1.805843	-1.512150	-2.003050	-1.780305	-2.425130	-1.281218	-0.303557	-0.126730	-0.059207	0.061007	-0.649746	0.666153	-0.889235	0.802182	-0.710288	0.123117	-0.646684	-2.327962	-3.165463	-0.789554	0.375496	-0.593853	-0.269124	-0.075770	-1.477384	0.245130	-1.725608	0.832700	0.028629	-0.275916	-0.049161	-0.028670	0.773268	0.172164	0.645475
-0.963066	-1.016700	0.903290	0.696617	0.589321	-0.065707	-0.816357	-1.046282	-0.266695	-0.141892	-0.885968	-0.586197	0.670225	0.520510	-1.802345	-1.172277	-0.709774	-0.144519	-1.404511	-0.041549	-0.541308	0.792126	-2.156858	-1.620783	-1.359981	0.419205	-2.431306	-0.183844	-0.070478	-0.720547	-1.703203	-1.348448	0.536488	0.438960	-1.126176	-0.171940	-0.710086	0.096297	-0.981945	-0.521590	-0.622066	-0.796977	-0.770823	-1.733532	-0.348234	0.049336	-1.133156	-0.485894	-0.712906	0.016850	-0.309308	0.437091	-0.536025	-1.449790	1.520218	0.115677	0.435274	-0.793135	0.136789	-0.318522	-0.129830	-0.006533	-1.054113	-0.892412	-1.322502	-0.886380	-0.691799	0.296914	1.372787	-0.193544	-2.110013	-1.809853	-1.271088	-0.597275	-1.035714	-0.989768	-0.810489	-0.224703	-0.561226	-1.340558	-0.196682	0.870308	0.560783	0.461523	0.678268	0.311280	0.430135	-0.008778	0.777662	-0.459143	0.048805	0.001002	-1.083169	-1.839826	-0.721260	-0.162197	-0.077676	0.394453	0.541457	-0.950981	0.035795	-1.761327	1.185888	0.636337	1.088537	0.548211	-0.001647	0.309836	0.790993	0.931706
0.064743	-0.502865	1.010343	0.923335	0.494422	0.449132	-0.242637	-1.103579	0.859308	0.234518	0.039604	0.227910	0.954265	1.097090	-0.861325	0.248862	-0.964713	-0.132607	0.005165	-0.052453	-0.409529	0.843224	-0.609407	-0.889299	0.059914	1.080163	-0.980074	0.076606	0.037663	-0.381351	-0.627977	-1.173838	1.028422	0.940328	0.377013	1.080783	0.651313	0.686089	-0.299162	-0.455310	-0.301207	-1.031214	0.235759	-0.536482	1.066474	1.515058	1.423022	1.317307	0.112883	0.456526	1.209637	1.991037	0.382766	0.068776	2.056536	0.157779	0.752529	0.102607	-0.078908	-0.514744	-0.058411	-1.005496	1.292295	1.036755	-0.021952	0.121779	0.081960	-0.142654	0.879185	0.032805	0.518295	0.014210	-0.603342	-1.724265	-0.577297	-0.086339	0.226624	1.540873	1.071662	0.780734	1.286500	1.546249	0.858273	0.572746	0.727369	0.857002	0.310733	0.533021	0.038065	0.113318	0.117531	0.130369	1.111625	0.778543	-0.247513	-0.643880	0.508505	0.675038	0.515644	-0.118811	-0.264601	-1.403475	0.647659	0.482162	2.000205	0.576358	0.277018	-0.691225	0.009833	0.791746
0.851499	0.319717	0.437583	-0.097613	-0.392104	0.426582	0.363470	-0.609803	1.112054	0.074661	0.718702	0.737689	0.204167	0.418878	0.157369	0.939375	-0.795288	-0.326233	0.956295	-0.505104	0.165295	0.381401	1.060039	-0.026237	1.521671	0.785654	0.762652	0.351862	0.548151	-0.447436	0.940774	-0.630110	0.092114	0.287370	1.389033	1.163050	1.481072	0.382148	0.326485	-0.344099	-0.195864	-0.679148	0.954105	1.146105	1.972921	2.351639	2.750238	2.178021	0.451725	0.528021	1.476193	1.747947	0.894190	1.011301	0.807993	-0.161292	0.062920	0.553027	-1.125979	-1.118937	-0.309087	-1.558040	2.786115	2.650843	0.915938	0.782189	0.078967	-1.154861	-0.849968	-0.231278	2.365460	1.454828	-0.574656	-2.131848	-0.108830	0.003830	0.831881	1.872540	2.202279	2.448518	1.726347	0.868024	0.101914	0.003219	0.071757	0.460449	0.274345	0.199820	-1.066497	0.011889	0.079901	-0.553982	2.672906	2.686453	0.957145	0.099195	0.095395	-0.074851	-0.432729	0.395402	-1.084269	-0.887167	-0.323249	-0.587511	1.322123	-0.470153	0.517979	-2.160729	-1.661247	0.225830
0.885722	0.928037	-0.134224	-0.935530	-0.883289	-0.040185	0.794055	-0.169211	0.410891	-0.245454	0.803044	0.600250	-0.828174	-0.435274	0.542001	0.638201	-0.434598	-0.363165	1.027478	-0.710715	0.861329	-0.062546	1.767601	0.424351	2.106530	-0.102920	1.548967	0.158282	1.222759	-0.455368	1.963079	0.219118	-1.221705	-0.390834	1.161091	0.304387	1.054257	-0.409080	0.493491	-0.441708	-0.194252	-0.184200	1.130240	1.942134	2.128813	2.366113	2.101079	1.555317	0.393973	0.581476	0.502170	-0.009273	0.650215	0.962661	-1.018952	-0.318429	-0.926425	0.430961	-1.905124	-1.600235	-0.775085	-1.345761	2.690031	2.858138	1.319700	0.961137	-0.514782	-1.681645	-2.756025	-0.718854	2.263419	1.445749	-1.374510	-1.515124	0.551861	-0.341304	1.082309	0.842496	2.487064	2.706455	0.810164	-0.392900	-1.013929	-0.479482	-0.430741	-0.128375	0.144876	-0.392396	-1.354929	-0.638231	0.055082	-0.978416	2.745806	2.796784	2.385051	1.868313	-0.917498	-1.047443	-1.250566	0.455618	-2.009512	-0.270918	-0.842762	-1.505297	-0.341279	-1.430627	0.246859	-2.948509	-2.350220	-0.338995
0.362928	0.958865	-0.201524	-0.546604	-0.280855	-0.272206	0.981092	0.050512	-0.288709	0.158236	0.634543	0.391821	-1.022683	-0.260625	0.200899	0.255364	-0.006753	-0.035066	0.977986	-0.018285	1.178346	-0.159777	1.509620	0.847763	1.904637	-0.450537	0.884772	-0.309009	1.605634	0.186628	2.083589	1.113546	-1.347765	-0.028584	0.363156	-0.328038	0.219083	-0.609713	0.466143	-0.294545	0.157220	0.344680	1.349146	1.561872	1.932967	1.717121	0.670186	0.227677	0.385036	0.955085	-0.514739	-1.449885	0.064889	0.752134	-1.696440	0.145619	-1.027624	0.409772	-1.289886	-1.115941	-0.764955	-0.474297	1.657953	1.750546	1.640438	1.249319	-0.622263	-1.074486	-3.113312	-0.550223	1.210618	0.667992	-1.943202	-0.264532	1.484382	0.060200	1.380629	-0.222613	2.076134	1.864827	-0.333712	-0.869557	-1.196050	-0.115637	-0.091835	-0.039762	-0.034652	-0.250292	-0.384026	-0.905903	0.234774	-0.276275	1.760773	1.682090	3.002539	3.024007	-1.023392	-0.945940	-0.785713	0.439302	-1.921731	0.318545	-0.615607	-1.120558	-1.292763	-0.868219	-0.591336	-1.856793	-1.118915	-0.468278
0.060555	0.647500	0.079599	0.411194	0.765255	0.073386	0.947738	0.240484	-0.143312	1.303619	0.634887	0.773976	-0.268164	0.593370	-0.243892	0.670759	0.430283	0.436648	1.415691	1.128729	1.129621	0.192271	1.104151	1.784315	1.592078	0.268295	-0.349079	-0.330636	1.561857	1.253970	1.597212	1.686798	-0.241804	0.892656	-0.066696	-0.185032	0.228700	0.163499	0.684585	0.445585	1.001783	1.064490	1.765014	0.664577	1.644188	0.704751	-0.082827	-0.664075	0.528446	1.314745	-0.670377	-1.424849	-0.286842	0.994347	-0.804251	0.751233	-0.081622	0.696097	0.342082	0.264530	-0.079955	0.476965	0.760384	0.307762	1.955336	1.872164	0.317181	0.279237	-1.834299	0.274228	0.718426	0.357188	-1.187064	0.748364	2.155638	1.492147	1.591012	-0.292851	1.271200	0.917577	-0.521599	-0.177705	-0.142824	0.787894	0.729562	0.626226	0.048766	0.746014	0.807598	-0.351297	0.496498	0.897299	0.703749	0.541633	2.351084	2.359188	0.366734	0.340741	0.760167	0.698399	-0.486956	0.651709	-0.020183	0.377528	-0.757868	0.994969	-1.261977	0.485639	0.788589	-0.125316
0.598466	0.665118	0.268112	0.689741	1.261970	0.646585	0.862903	0.510622	0.651765	2.083059	0.778314	1.535399	0.570601	0.882379	-0.023503	1.595753	0.804099	0.614701	1.903346	1.626028	1.152448	0.921679	1.165304	2.826745	1.527256	1.338583	-0.692729	0.342911	1.461757	1.806069	0.986927	1.702095	0.766687	1.173050	-0.020833	0.207531	1.187285	1.180051	1.164803	1.241342	1.852044	1.755529	1.682242	-0.070764	1.175848	-0.181435	0.090247	-0.620779	0.603155	1.148210	-0.156807	-0.516115	-0.180134	1.236393	0.666656	0.655352	0.869197	0.671882	1.469586	1.440751	0.520016	0.802159	0.434677	-0.569303	1.871870	2.217313	1.568379	1.374418	-0.663012	0.566477	0.950967	0.638520	0.567085	0.823177	1.942035	2.698014	1.222918	0.315424	0.449498	0.474119	0.222862	0.841680	1.069975	1.236656	1.161418	1.102983	0.549156	1.666402	0.966367	0.469149	0.588776	1.203164	0.205203	0.028224	1.127035	0.593307	1.969814	1.548030	1.910465	1.120729	1.070971	0.594287	0.545098	1.587177	0.382698	2.322041	-1.043560	1.781560	1.422833	0.457252
1.658151	1.287433	0.220437	0.192239	1.133306	0.898604	0.944207	0.722617	1.122794	1.583303	0.728541	1.725330	0.778068	0.279006	0.907433	1.944855	0.960983	0.360500	1.581988	1.055832	1.286300	1.713016	1.488074	2.808798	1.481527	1.606871	0.307396	1.029151	1.648978	1.330457	0.611592	1.184573	0.826885	0.612686	0.045855	0.293981	1.915696	1.485498	1.412769	1.142913	1.927086	1.733479	0.704305	-0.383837	0.572701	-0.423530	0.550652	0.115698	0.549538	0.620106	0.237832	0.058945	0.223352	0.782294	1.609079	-0.089200	0.897562	-0.031275	1.220874	1.526622	0.272864	0.321881	0.391166	-0.602572	1.298162	1.640874	1.886805	1.542493	-0.769175	-0.360158	1.010392	0.648101	1.685719	-0.039019	0.962782	2.325489	0.334224	0.563638	0.041552	0.366762	0.948715	1.203862	1.235320	0.786708	0.902527	0.960368	1.091486	1.646726	0.190699	0.762690	0.520548	0.398612	0.305077	0.123283	0.433404	-0.465389	2.092296	1.528268	1.529709	1.232103	1.273991	0.270542	0.959619	1.472008	0.936072	1.727423	-0.370085	0.723063	0.477460	1.113289
2.104455	1.824914	0.172593	-0.088452	0.938489	0.600349	1.097141	0.602191	0.586024	0.245848	0.284908	0.766046	0.422512	-0.312591	1.600624	1.225216	0.720037	0.063375	0.338547	0.126273	0.936186	2.043971	1.363445	1.171464	1.083203	0.721987	1.527509	0.874691	1.796348	0.375981	0.501316	0.413783	0.415764	0.088606	-0.058514	0.254141	1.311513	0.911128	0.868058	0.000845	0.880088	0.607179	-0.395459	-0.290510	0.172807	0.004905	0.832334	0.970214	0.548731	0.396806	0.057638	-0.087823	0.580869	-0.128417	1.664778	-0.514247	0.261584	-0.734780	0.322464	0.837313	-0.455341	-0.315084	0.215887	-0.035555	0.693300	0.344566	0.902914	0.942455	-1.160461	-1.397654	0.511820	0.075159	0.987988	-1.160415	-0.033528	0.661356	-0.293655	0.093424	0.194981	0.142736	0.967813	0.778689	0.346387	-0.002006	0.383456	0.436842	1.018006	0.861367	-0.360969	0.410215	0.460924	-0.410818	0.671099	0.526777	0.546253	-0.038585	0.630307	0.490161	0.144856	0.699841	0.210917	0.011796	1.127188	0.457552	0.800530	-0.121533	-0.415148	-1.185940	-0.514605	1.717541
1.153395	1.271509	0.412158	0.446878	0.755541	-0.110789	0.841100	-0.015108	-0.636849	-0.697569	-0.433071	-0.783464	-0.032645	-0.144996	1.037831	0.120912	0.109612	0.208272	-0.974620	-0.289121	-0.169716	1.520690	0.378582	-1.172655	0.279991	-0.545678	1.507727	-0.118213	1.139348	-0.220421	0.315436	-0.213967	0.291585	0.146032	-0.181277	0.415633	-0.350437	0.128554	-0.483884	-1.156262	-0.717407	-1.039941	-0.550269	0.017364	0.092787	0.430155	0.862067	1.356592	0.611796	0.672161	-0.454714	-0.440627	0.607239	-0.505462	1.048283	-0.042484	-0.041056	-0.497518	0.111790	0.394142	-0.489731	-0.188825	-0.136502	0.663189	0.425389	-0.812510	-0.473997	0.222345	-0.233555	-0.885246	0.041697	-0.241370	-0.763840	-1.672856	-0.522931	-0.664237	-0.087965	-0.406024	0.467286	-0.319138	0.446667	0.233665	-0.483631	-0.330278	-0.004692	-0.043682	0.088267	0.155680	-0.074926	-0.031027	0.369563	-0.260497	0.836911	0.799760	0.714378	0.879556	-0.888808	-0.434492	-0.665987	-0.251349	-0.585909	0.034802	0.882123	-0.206764	0.640297	-1.284157	-1.324734	-1.345347	-0.309924	1.955047
-0.649194	-0.380475	0.958912	1.305695	0.165394	-0.870342	-0.069273	-0.880188	-1.592263	-0.743505	-1.124139	-1.756604	-0.318396	0.404398	-0.562660	-0.417842	-0.472281	0.736259	-1.447716	-0.129449	-1.146256	0.305169	-1.047793	-2.549104	-0.624785	-1.158955	0.098667	-1.100804	-0.457503	-0.372467	-0.256670	-0.444581	0.404406	0.340008	-0.298303	0.490578	-1.643180	-0.136697	-1.845847	-1.147077	-1.707585	-1.955941	0.214356	0.202165	-0.097807	0.086602	0.563264	0.985137	0.431288	0.857149	-0.744188	-0.555062	0.257991	0.083217	0.171459	0.787072	0.464467	0.601807	1.005970	0.747724	0.706386	0.961065	-0.382121	1.044867	0.307162	-1.176905	-1.041367	-0.117311	1.722223	1.105789	0.098302	0.410473	-1.538203	-1.102400	-0.574491	-0.665622	0.496858	-0.240647	0.163776	-0.774353	-0.058618	0.169859	-0.329016	-0.039726	-0.360938	-0.293562	-1.135632	-0.038762	0.505889	-0.058421	0.067597	0.559611	0.478041	0.504210	0.198795	0.914037	-1.121236	-0.537035	-0.171061	-0.951188	-0.089343	0.149603	0.277419	0.083666	0.640577	-0.740412	-1.722873	0.704898	0.515253	1.421592
-1.879652	-1.855928	1.396569	1.633386	-0.701469	-1.242013	-1.051824	-1.339707	-1.735553	-0.591173	-1.535688	-1.602530	-0.499814	0.429412	-1.715044	-0.281816	-0.534307	1.033824	-1.046106	0.022072	-0.751837	-0.816742	-1.899097	-2.046295	-1.272656	-0.880465	-1.432906	-1.355232	-1.976350	-0.580637	-0.996467	-0.391281	0.227584	0.075399	-0.564913	-0.050307	-1.540094	0.133701	-2.123511	0.089087	-1.360831	-1.320141	0.861304	0.047262	-0.886674	-1.056532	-0.112642	0.150828	-0.194228	0.370409	-0.613724	-0.635804	-0.288276	0.871411	-0.506045	1.111918	1.198275	1.492836	2.260691	1.607437	2.320411	2.457555	-0.352707	0.875887	-0.045120	-0.820228	-0.583975	-0.054269	2.604656	2.614004	0.290308	1.315080	-0.381771	0.284037	-0.489825	-0.097253	0.385449	0.284121	-0.918149	-1.058321	-0.338302	0.402052	0.476359	0.326899	-0.876088	-0.347373	-1.740746	-0.054129	0.646823	0.215996	-0.380656	1.048548	-0.307130	-0.368227	-0.836474	-0.103560	-0.310849	-0.164930	0.646470	-0.914667	0.998050	-0.021031	-0.316645	0.721433	0.228319	0.565152	-0.584896	2.707650	0.585063	0.045038
-1.685214	-1.920576	1.010816	1.045135	-0.975610	-1.050655	-1.183455	-0.932769	-1.471786	-1.071058	-1.647807	-0.893789	-0.811104	-0.414641	-1.266422	-0.121109	-0.037521	0.609273	-0.556069	-0.249645	0.901789	-0.999941	-1.497692	-0.308358	-1.571917	-0.442056	-1.861540	-0.976756	-2.227127	-0.982546	-1.356026	-0.483323	-0.361529	-0.565563	-0.935772	-1.093322	-0.547371	0.239131	-0.969292	1.417421	-0.085126	0.438038	0.645636	-0.288884	-2.164010	-2.256963	-0.820042	-0.467257	-0.997958	-0.618794	-0.488613	-1.124034	-0.828262	0.825855	-0.751582	0.760859	1.216496	1.356116	2.949386	2.387999	3.080663	3.326764	-0.315929	0.229542	-0.664531	-0.359283	-0.053798	0.026569	1.131595	2.094003	-0.097074	1.005714	1.317362	1.622879	-0.537184	-0.296629	-0.903170	0.197479	-2.260559	-1.343324	-0.670642	0.161323	0.676516	0.098687	-1.407262	-0.379815	-1.350257	-0.336745	0.289104	0.237703	-0.707854	0.664156	-1.048816	-1.239815	-1.663145	-1.226871	0.209358	-0.145406	0.342658	-0.377832	1.212285	-0.492854	-0.596391	0.706498	-0.977675	0.916186	1.072401	2.423331	-0.355330	-1.668657
-0.583622	-0.765132	-0.516004	-0.258380	-0.257971	-0.633956	-0.373719	0.024410	-1.555129	-2.023516	-1.664660	-0.583043	-1.404886	-1.624225	0.198058	-0.383635	0.481046	-0.363656	-0.653771	-0.813022	2.065320	-0.186070	-0.281713	1.102199	-1.717478	-0.650690	-1.206945	-0.506988	-1.268120	-1.143872	-1.227814	-1.033499	-0.999814	-1.092826	-1.104618	-1.852175	-0.050201	-0.450479	0.733473	1.697567	1.009694	1.956935	-0.162520	-0.444746	-3.262853	-2.753558	-0.965136	-0.480823	-1.493186	-1.431659	-0.889605	-1.948248	-1.237037	-0.052290	-0.806854	0.190648	0.260898	0.432090	2.751227	2.688202	2.576622	3.087049	-0.665922	-0.542938	-1.218497	-0.364873	-0.435757	-0.312021	-1.379398	0.216877	-1.072928	-0.794608	1.433718	2.064992	-0.976028	-1.369277	-2.588692	-0.876494	-3.152379	-1.815571	-1.286754	-0.907807	-0.449538	-0.902919	-1.681328	-0.645491	-0.475216	-0.835787	-0.236808	-0.297999	-0.853596	-0.296049	-1.307731	-1.488274	-1.921189	-1.676072	-0.361589	-0.794012	-1.159673	-0.065596	0.096337	-0.847151	-0.664697	-0.205350	-2.383837	-0.214029	1.296983	0.140421	-1.261358	-2.862044
0.215452	0.280049	-2.353325	-1.617035	0.606307	-0.481250	0.397656	0.721659	-2.053642	-2.493464	-1.711797	-0.917979	-2.068695	-2.347225	1.007803	-0.794116	0.460792	-1.196305	-1.158110	-1.227341	1.241338	0.685154	0.567232	1.133025	-1.857327	-1.400036	-0.418138	-0.178549	-0.364375	-0.797174	-1.135231	-1.725095	-1.360118	-1.228422	-0.866853	-1.684064	-0.635886	-1.658124	1.688292	0.919681	1.242548	2.156172	-0.801964	-0.228937	-3.524347	-2.335528	-0.373567	-0.134985	-1.462181	-1.615892	-1.625822	-2.372253	-1.378859	-0.778009	-1.034197	-0.179878	-0.927597	-0.414156	1.900733	2.314560	1.492264	1.955178	-1.271095	-0.932088	-1.391195	-0.834747	-1.557097	-1.074622	-2.336077	-1.027994	-1.830206	-2.541778	-0.254969	1.409611	-1.794562	-2.067320	-3.273172	-2.056518	-3.222707	-2.189515	-1.839407	-2.081966	-2.098724	-2.067489	-1.648177	-1.179372	0.071385	-1.168099	-0.754003	-0.995296	-0.989340	-1.121737	-0.975320	-1.061226	-1.844109	-1.519543	-1.417868	-1.504936	-2.398590	-0.369461	-1.363942	-0.794381	-0.799762	-1.261031	-2.824100	-1.620243	-0.212103	-1.891036	-1.251597	-2.908698
0.080818	0.310623	-2.923723	-2.080675	0.486652	-0.553176	0.275413	0.743293	-2.193905	-1.846689	-1.559683	-1.243940	-2.218213	-2.016186	0.415785	-0.814117	-0.129315	-1.249753	-1.320182	-1.125722	-0.925405	0.576369	0.385089	0.133207	-1.841738	-1.738154	-0.186535	0.178937	-0.456106	-0.268420	-1.442325	-1.709239	-1.365142	-0.960099	-0.328218	-0.662041	-1.480350	-2.306400	1.477011	0.081753	0.869190	1.162983	-0.848432	0.273691	-2.716586	-1.212505	0.398417	0.101637	-1.059148	-1.246094	-1.799713	-1.689770	-1.100937	-0.709416	-1.314844	-0.216207	-1.325934	-0.580965	0.813449	1.297833	0.705910	0.541169	-1.447691	-0.571401	-1.162856	-1.218631	-2.218596	-1.658073	-0.704639	-0.596905	-1.655208	-2.550684	-1.781826	0.250304	-2.354388	-1.441927	-2.296519	-2.023250	-2.469663	-1.841319	-1.622623	-2.203197	-2.669119	-2.326587	-1.391206	-1.519845	0.004329	-1.158248	-1.136256	-1.150385	-1.106301	-1.225454	-0.253828	-0.404931	-1.662374	-1.166763	-1.713550	-1.328458	-2.027040	-0.938782	-1.879241	-0.545250	-0.979158	-1.525175	-1.704212	-1.769833	-1.544195	-1.985494	-0.506293	-1.950983
-0.587181	-0.269148	-1.529575	-1.068223	-0.622564	-0.288448	-0.438860	0.424691	-1.352368	-0.427036	-0.866712	-0.843543	-1.433816	-0.756452	-0.576901	-0.358092	-0.878897	-0.398284	-0.777251	-0.482464	-2.202955	-0.496810	-0.328716	-0.650093	-1.467514	-0.996531	-0.325976	0.582793	-1.157184	0.008293	-1.739833	-0.570833	-1.035712	-0.334627	0.226588	0.589678	-1.521196	-1.620023	0.761087	0.032648	0.470613	0.033730	-0.482231	0.810028	-1.148059	0.257812	0.581465	0.085706	-0.567078	-0.698854	-0.849437	-0.065798	-0.469310	-0.325004	-1.191005	0.076452	-0.654366	-0.087618	-0.149964	0.035566	0.401396	-0.539472	-0.800847	0.341424	-0.778814	-1.047067	-1.547318	-1.380769	1.934480	0.750969	-0.749883	-0.974543	-1.443868	-0.495097	-1.876583	-0.095561	-0.423447	-0.534773	-1.143224	-0.612248	-0.437287	-1.035029	-1.484352	-1.105047	-0.889826	-1.056128	-0.296441	-0.995059	-1.081812	-0.595838	-0.924660	-0.502735	0.457732	0.065760	-1.234203	-0.738091	-0.813571	-0.051200	-0.316309	-1.224718	-1.100462	-0.452484	-0.897004	-0.813067	0.291477	-0.533685	-0.877275	-0.495325	0.290371	-0.871844
-1.023647	-0.489210	0.667303	0.813314	-1.646738	0.546193	-0.862496	0.299495	0.063484	0.864208	0.232755	0.215112	-0.059970	0.617622	-0.601457	0.147313	-1.364418	0.847772	0.010738	0.298961	-1.266661	-1.461281	-0.685541	-0.433569	-0.895702	0.322276	-0.233115	0.655299	-1.509604	0.034581	-1.437628	0.840046	-0.486047	0.429810	0.479706	1.357756	-0.792067	-0.020856	0.227937	0.635580	0.187863	-0.339483	-0.251538	1.014617	0.386330	1.496336	-0.027745	-0.014183	-0.224601	-0.368984	0.610018	1.453085	0.089897	-0.382857	-0.645904	0.542623	0.359325	0.642328	-0.826398	-0.869564	0.063918	-0.969135	0.141487	0.988033	-0.497955	-0.445481	-0.032346	-0.278058	3.158096	1.632240	-0.025577	0.404222	0.241910	-0.346871	-0.542992	0.551521	0.883214	1.098968	0.190008	0.723156	0.939685	0.368827	0.490689	0.910124	-0.152023	0.185083	-0.370114	-0.896573	-0.441035	0.099699	-0.344442	0.532766	0.669745	0.218858	-0.466840	-0.211263	0.462719	1.358695	1.179312	-1.196848	0.236244	-0.467716	-0.479523	0.206247	1.669073	0.732028	1.283858	0.979798	0.740896	-0.540577
-0.907848	-0.019527	1.780502	2.002544	-1.741720	1.360700	-0.806541	0.487337	1.037867	1.426272	1.033825	1.190219	0.965285	1.180761	0.376683	0.344395	-1.332193	1.661112	0.345350	0.644153	0.811769	-1.414990	-0.515060	0.379629	-0.552204	1.034911	0.300637	0.165883	-1.266254	0.096466	-0.767934	1.062797	-0.035995	0.828140	0.176822	1.200457	-0.179639	1.271749	-0.175678	1.132053	-0.165502	0.068792	-0.649049	0.573428	0.982353	1.770486	-0.905072	-0.119735	-0.159652	-0.460050	1.320376	1.895704	0.144581	-0.714264	-0.263539	0.806062	0.766073	1.096395	-1.274655	-1.110050	-0.774050	-0.892671	0.429152	0.578073	-0.340065	0.129517	0.996810	0.831103	2.148217	1.444903	-0.136714	0.294009	1.473915	0.309593	0.389914	0.009073	0.831804	1.328741	0.771899	1.143051	1.427780	0.836234	1.729406	2.179999	0.521363	1.313417	-0.167603	-0.804572	0.375407	0.366482	0.272604	1.059951	0.075671	0.043995	0.192588	0.165816	1.038661	1.630234	1.300060	-1.184208	1.124213	-0.165670	-0.073842	0.728893	1.444985	0.813161	2.736826	1.311101	0.765099	-0.959913
-0.400896	0.676869	1.180437	1.477153	-1.072177	1.454797	-0.833407	0.772896	1.142884	1.345405	0.987958	1.527261	1.042401	0.731480	1.235817	0.345751	-0.711650	1.555596	0.106460	0.370485	1.830720	-0.589321	-0.330137	0.857422	-0.532344	0.646377	0.908822	-0.418069	-0.941200	0.327617	-0.606426	-0.204513	0.007681	0.498211	-0.611535	0.239308	-0.104985	1.485877	-0.704350	1.101575	-0.480137	0.669188	-1.640483	-0.349962	0.377400	0.880037	-1.379993	-0.365937	-0.249106	-0.766623	0.753881	1.307566	-0.153423	-0.444622	-0.364467	0.563828	0.360812	0.922635	-1.543767	-0.897553	-1.851998	-0.754006	-0.240780	-0.805120	-0.079394	0.502759	0.891992	1.204700	0.220147	0.501735	-0.844584	-0.729415	1.429710	0.635145	0.017001	-0.730158	-0.112981	0.108473	0.271931	0.543494	0.798381	0.324466	1.631906	1.767075	0.728471	1.388320	0.083592	-0.490051	0.695102	0.287101	0.484201	0.678967	-1.069611	-0.423489	0.100210	0.078101	0.722879	0.592698	0.370486	-1.136277	1.123056	0.716641	0.067200	0.542283	0.098017	-0.010720	2.207731	0.653125	0.391490	-1.235683
0.307812	1.115690	-0.114630	-0.115213	-0.277888	0.976466	-1.134455	1.006517	0.923941	1.115095	0.404219	1.385088	0.540829	0.012951	1.307548	0.448472	0.239800	0.800826	-0.205860	-0.028057	0.903891	0.087297	-0.385400	0.644460	-0.368465	-0.072981	1.233584	-0.343682	-0.821152	0.627974	-1.169471	-1.427122	-0.228688	-0.234849	-1.297040	-0.748465	-0.039583	0.926072	-1.001220	0.781150	-0.358813	0.907017	-2.483069	-0.996726	-0.598325	-0.323813	-1.249209	-0.796256	-0.103773	-0.730871	-0.294940	0.628684	-0.063140	0.669482	-0.412932	-0.004619	-0.221881	0.192952	-1.479481	-0.638704	-2.335350	-0.858857	-1.173649	-2.133783	0.451996	0.811674	0.382289	0.927438	-0.787541	-0.654879	-1.325676	-1.148187	0.872434	0.259228	-0.997468	-0.491825	-0.847403	-1.019030	-0.701058	-0.111955	-0.072414	-0.258711	0.789410	0.345137	0.477929	0.427483	0.272385	0.117890	0.331012	0.335400	0.312511	-0.124657	-1.940404	-0.905292	-0.700808	-0.306537	0.187548	-0.546115	-0.389909	-0.567400	0.528754	1.861726	0.209324	0.062891	-0.904179	-0.503021	0.653244	-0.107829	-0.106273	-0.527255
1.080654	1.219366	-0.882379	-1.203585	0.295235	0.636650	-1.115299	1.095446	1.021901	1.129278	0.136082	1.228685	0.296865	-0.110008	1.094376	0.604352	0.928735	0.058719	-0.170575	0.092765	-0.800036	0.099515	-0.331812	0.157013	0.341936	-0.086957	1.419769	0.395537	-0.541760	0.837152	-1.456700	-0.895543	-0.254080	-0.628946	-1.187431	-0.852394	0.547073	0.354996	-0.485798	0.483142	0.140666	0.581186	-2.297857	-0.772227	-0.650111	-0.674208	-0.827370	-1.182616	0.521030	-0.031516	-0.587365	0.618235	0.885192	1.713325	0.218505	-0.406963	-0.316123	-0.545942	-1.011040	-0.584974	-1.767020	-1.155031	-1.437104	-2.399626	1.015581	0.986033	0.529144	0.614792	-0.320599	-1.635534	-0.997720	-0.369942	0.753564	-0.350116	-1.147959	0.566886	-0.615568	-0.731086	-1.029624	0.029976	-0.224898	-0.223275	0.075746	-0.521250	0.238899	-0.616834	0.442600	0.788816	-0.225131	0.676239	0.174409	-0.473208	-1.781895	-0.905008	-1.253270	-0.404294	0.031921	-0.555904	-0.293738	0.587225	-0.059118	2.501826	0.694310	-0.244311	-0.641986	-0.116169	-0.212936	-0.359351	-0.221041	0.950388
1.532475	1.003613	-0.909056	-1.119189	0.568959	0.562757	-0.364243	0.762823	1.316271	1.386541	0.557161	1.110788	0.573184	0.355177	1.229054	0.394097	0.922657	-0.352838	0.056329	0.658248	-1.651586	-0.320485	0.091386	-0.167833	1.212741	0.562499	1.784425	0.842856	0.223047	0.820281	-0.436584	1.090362	0.160470	-0.442788	-0.280460	0.024180	1.272746	0.048414	0.547679	0.071388	0.239900	-0.217796	-1.047155	-0.124048	0.662936	-0.057131	-0.571497	-1.318074	1.267271	0.879074	0.238833	1.047032	2.119127	1.627907	1.121375	-0.497461	0.022827	-0.744168	-0.573624	-0.856592	-0.751145	-1.467348	-0.865672	-1.644238	1.016030	0.637861	1.243243	0.529710	0.657181	-2.135877	-0.053912	0.718077	0.990328	-0.523941	0.084554	1.122251	0.481696	0.500928	-0.196114	0.648971	0.286275	0.280669	-0.197375	-0.176129	0.336142	-0.923461	0.534200	1.151700	-0.446531	0.944315	0.266491	-0.146583	-0.700185	-0.257202	-0.605430	0.066431	0.174581	0.352433	0.191329	1.507143	-0.252695	2.005571	1.225971	-0.367636	0.332799	0.379046	-0.009010	-0.183961	0.217418	2.006579
1.178910	0.376603	-0.667190	-0.698218	0.409449	0.137115	0.596009	-0.179016	1.265715	1.557893	1.144133	0.652034	0.839331	0.642923	1.367941	-0.419369	0.497332	-0.624018	0.068874	0.833067	-1.296440	-0.779772	0.543939	-0.398240	1.385551	0.832850	2.122844	0.219103	1.105108	0.544931	1.512504	2.391212	0.660841	-0.229279	0.615091	0.868033	1.325154	-0.298627	0.958732	-0.719320	-0.636296	-1.187538	0.288778	-0.148910	2.370142	0.464886	-0.711517	-1.314732	1.438288	1.173429	1.360307	1.103037	2.488566	0.444672	1.168126	-0.650851	0.163935	-0.461653	-0.815070	-1.511890	-0.370145	-1.735056	-0.203156	-0.844710	0.135713	-0.281568	1.363645	0.324655	0.951940	-1.933790	0.721469	0.909569	0.843780	-0.148435	1.633766	0.355809	1.626045	1.022029	1.190757	0.699660	0.555203	0.686274	-0.291117	0.408782	0.523409	-0.593380	0.360055	0.963427	-0.361117	0.674118	0.282397	0.140091	0.320049	0.454813	1.078029	0.696855	0.170526	0.810466	0.201741	1.297640	-0.093488	0.465974	1.051107	-0.596126	0.792708	0.006645	0.276331	-0.009594	0.654863	1.701620
0.130848	-0.506413	-0.416615	-0.934845	-0.142823	-0.834992	0.993933	-1.238208	0.856306	1.327067	1.210989	-0.254261	0.629191	0.323345	0.668228	-1.428470	0.371969	-0.929136	-0.124212	0.062258	-0.541781	-1.144316	0.589567	-0.749963	0.659402	0.106946	1.748720	-0.966205	1.384865	0.232518	2.850451	1.558683	0.777247	-0.532196	0.799387	0.533288	0.642474	-0.885549	0.183735	-1.623792	-1.850895	-1.840565	0.754473	-1.154493	3.027244	0.103779	-1.079101	-1.367693	0.881833	0.674820	1.699129	0.493410	1.602120	-0.696227	0.081028	-1.090355	-0.267792	-0.289759	-1.712692	-2.365183	-0.886332	-1.882949	-0.203939	-0.736192	-1.014426	-1.001945	0.277849	-0.291952	0.383966	-1.096375	0.697131	0.041005	0.046443	0.414684	2.125446	-0.941645	1.907104	0.038104	2.075954	-0.151245	0.033402	0.651461	-0.503041	-0.021275	0.379972	-0.249039	-0.097545	0.285907	-0.308506	-0.140660	-0.091127	-0.263495	0.374443	0.412099	2.484358	0.816292	-0.136176	0.045175	-0.399451	0.110940	0.068971	-1.223483	-0.061712	-0.962135	0.362300	-1.083663	-0.062339	-0.075999	0.375214	0.417558
-0.740782	-1.090612	-0.082740	-1.593380	-0.510862	-1.520666	0.828888	-1.466354	0.694122	0.689093	0.773113	-1.064982	0.221685	-0.122368	-0.897242	-1.839507	0.751042	-1.068839	-0.064940	-1.097519	-0.042743	-1.303453	0.354200	-1.065085	-0.115160	-0.936044	0.400508	-1.420290	0.780266	0.259468	2.527412	-0.441535	0.493856	-1.111233	0.523967	-0.946678	0.040732	-1.393849	-0.920866	-1.930267	-2.041359	-1.765784	0.420044	-2.114563	2.115595	-0.617397	-1.189666	-1.321213	0.315940	0.112846	1.007660	-0.148556	0.350695	-0.704657	-0.939574	-1.374071	-0.878878	-0.562511	-2.355524	-2.910537	-1.396544	-1.694078	-0.682664	-0.996171	-1.248572	-0.598961	-1.106038	-0.936769	-0.333691	-0.110122	0.048910	-0.878697	-0.839856	0.875972	1.332224	-1.284144	1.077332	-1.442405	1.988656	-0.979978	-0.760149	0.218803	-0.787374	-1.320810	-0.045635	-0.141484	-0.581350	-0.497032	-0.336860	-0.938323	-0.606018	-0.952096	-0.395381	-0.406590	2.314770	0.133386	-0.458985	-1.141277	-0.886532	-0.925113	-0.080179	-1.961491	-1.365909	-1.089306	-0.164161	-1.780745	-0.582233	-0.266696	-0.565066	-0.532972
-0.722435	-1.008970	0.261077	-1.635824	-0.016072	-1.135738	0.685322	-0.600161	1.083772	-0.102029	0.404720	-1.208264	0.215210	0.021329	-2.270417	-1.284409	0.949275	-0.761791	0.463682	-1.523502	0.235805	-1.005901	0.277152	-1.027557	-0.066944	-1.167001	-1.147779	-0.645809	-0.337005	0.704781	1.062876	-1.476933	0.197360	-1.225644	0.619120	-2.214046	0.067534	-1.375228	-1.139710	-1.375585	-0.777662	-1.106300	0.093844	-1.894983	0.405554	-0.688328	-0.614718	-0.762188	0.449103	0.136207	0.052960	-0.047016	-0.169455	0.294894	-0.578335	-0.934670	-0.914716	-0.891421	-1.917354	-2.690724	-0.974036	-1.072162	-0.654993	-0.756968	-0.169427	0.775099	-1.406704	-0.866158	-0.641364	0.355418	-0.364063	-0.738659	-1.078594	1.136519	0.197541	-0.318756	-0.196794	-1.831457	1.285564	-0.744508	-0.910448	-0.339334	-0.865022	-2.142533	-0.282575	0.002538	-0.860594	-0.856803	-0.165307	-1.086474	-0.679982	-0.903988	-0.927841	-0.987366	0.530001	-1.070732	-0.460697	-1.410498	-0.600600	-0.899984	-0.476355	-1.268747	-1.858298	-0.680250	-0.016197	-1.370759	-0.601876	-0.284988	-1.244478	-0.364689
-0.142603	-0.627503	0.319800	-0.688145	1.224963	-0.133339	0.790637	0.422670	1.511193	-0.813253	0.438148	-0.894529	0.714647	0.798846	-2.398399	-0.271003	0.313651	-0.079805	1.027974	-0.791630	0.380102	-0.263669	0.427881	-0.742374	0.595835	-0.415446	-1.701986	0.509930	-1.328980	1.130991	-0.030351	-0.725067	0.277375	-0.491697	1.410192	-1.865094	0.270463	-0.835869	-0.436074	-0.654495	0.741371	-0.614790	0.306077	-0.639378	-0.861683	-0.035509	0.576044	0.404639	0.949571	0.406110	-0.131732	0.758795	-0.001032	0.975789	0.958492	0.026671	-0.086699	-0.677408	-0.640604	-1.756580	0.166020	-0.319278	0.483597	0.284274	1.102257	1.758993	-0.425848	0.134499	-0.567821	0.065993	0.139176	0.569375	-0.468891	1.085067	-0.247473	0.812849	-0.913204	-0.698903	0.618635	0.354813	-0.230373	-0.654091	-0.574019	-1.649253	-0.062132	0.369502	-0.933322	-0.481214	0.340083	-0.485005	-0.130048	0.187840	-0.372680	-0.329365	-1.513370	-2.163716	-0.073682	-0.491143	0.289814	0.068649	-0.652855	0.335432	-1.271404	0.086408	0.581332	-0.283212	-0.305636	0.120807	-0.817992	0.421505
0.055910	-0.641714	0.034717	0.522487	2.221358	0.312113	0.821323	0.512236	1.374252	-1.315313	0.677768	-0.860675	1.270678	1.584200	-1.260522	0.366489	-0.703031	0.564615	1.073172	0.417014	0.132912	0.374048	0.496561	-0.637636	0.948113	0.395621	-0.888965	1.040243	-1.677996	1.035672	0.273515	0.734378	0.875314	0.725188	2.330416	0.099842	-0.039445	-0.252667	0.156912	-0.688084	1.029456	-0.892079	0.916465	0.477868	-0.957086	0.471561	1.734603	1.649876	0.759635	0.055314	0.780522	1.440554	-0.165071	0.191117	2.142629	0.611014	1.091272	0.082051	0.431083	-0.669339	0.959832	0.094045	2.064583	1.494784	1.094166	1.248838	0.763571	1.386124	-0.214304	-0.342238	1.343120	2.053533	0.597535	0.745755	0.256722	1.072572	-0.599048	0.998105	0.421107	1.123934	0.586953	-0.452845	-0.041279	-0.419798	0.380084	0.685822	-0.794977	0.396479	0.936890	0.390862	0.591502	1.447978	0.962677	1.316072	-2.231055	-2.528640	0.561140	0.694528	1.103490	1.251314	-0.177946	1.730146	-0.165987	0.816494	0.903869	0.628553	-0.417971	0.956049	0.566953	0.829684
-0.446695	-1.177014	-0.261809	1.100639	2.123147	-0.197476	0.587305	-0.261244	0.872735	-1.450977	0.828958	-1.279241	1.454944	1.746406	0.229599	0.414601	-0.953810	0.793481	0.645670	1.109626	-0.518132	0.385340	0.355212	-0.753331	0.622824	0.455854	0.428779	0.967865	-1.207288	0.446858	1.555194	1.535265	1.707222	1.614805	2.575182	2.121544	-0.714156	-0.076881	0.001537	-1.471470	0.047384	-1.579698	1.487954	0.650032	-0.063089	0.276823	2.074508	2.177883	-0.480983	-1.078762	1.997239	1.277004	-1.194108	-1.605705	1.841681	0.237739	1.720261	0.714337	0.576890	-0.033950	0.767404	0.030297	2.661277	1.936276	-0.240910	-0.222010	1.211964	1.939271	0.450192	0.080668	2.307389	2.524889	1.519351	0.529476	1.173053	0.867193	0.363158	2.097460	0.750987	0.902766	0.799569	0.116735	0.425033	0.411254	0.633178	0.545344	-0.300110	1.074657	1.216615	0.944118	0.885383	1.728658	1.853790	2.489149	-1.242034	-1.958987	1.215313	1.231721	1.445812	2.131890	0.806742	2.039178	0.802942	1.336049	0.752265	1.111867	-0.996665	1.803262	1.882563	0.558949
-0.938219	-1.565572	-0.327824	0.835370	1.123104	-0.817834	0.390914	-0.800969	0.688110	-1.123811	0.818097	-1.425233	1.204248	1.157302	1.085567	0.383600	-0.161043	0.580738	0.271723	0.889174	-0.918840	0.027688	0.208389	-0.581611	0.196319	0.000461	1.073589	0.943020	-0.239442	-0.115377	2.383548	1.449741	2.031708	1.573490	1.874106	2.538282	-1.003490	-0.319661	-0.433498	-2.031088	-0.878093	-1.655398	1.637676	0.220164	0.960354	-0.163239	1.316263	1.612354	-1.779230	-2.070957	2.240611	0.376947	-2.322505	-2.708191	0.458410	-0.678803	1.239089	0.550521	0.016892	0.005303	-0.019578	-0.188816	1.588955	1.231543	-1.489944	-1.038731	1.018209	1.510942	1.033815	1.341581	2.205217	1.601823	1.854400	0.819192	1.692463	1.217001	1.120820	2.212876	1.298800	0.312597	0.271276	0.429729	0.550180	0.414218	0.529677	-0.085624	0.458786	0.970974	0.887549	0.795666	0.533440	0.733894	1.387618	1.992902	0.362632	-0.826217	1.558583	1.024591	1.391340	2.543045	1.570755	1.262824	1.423585	1.642087	0.516760	1.450231	-1.146131	1.959648	2.219018	0.140083
-0.603725	-1.079666	-0.361452	0.157927	0.188391	-0.468417	0.547309	-0.282170	0.954502	-0.596149	0.664670	-0.704765	0.747525	0.292030	0.977604	0.632335	0.529524	0.255532	0.274471	0.141287	-0.523680	0.073121	0.205949	0.171390	0.277796	-0.133048	0.719831	1.092116	0.574334	-0.230730	1.810775	1.072176	1.275451	0.805835	0.660150	1.329714	-0.664146	-0.561128	-0.402897	-1.611028	-0.727701	-0.656301	1.180326	0.164681	1.246344	-0.033061	0.020091	0.402231	-1.897959	-1.889039	1.106160	-0.444110	-2.428009	-2.153168	-0.660163	-1.162531	-0.088768	-0.408461	-0.503479	-0.130828	-0.637940	-0.180030	-0.227482	-0.056884	-1.512172	-0.412332	0.821876	0.721728	0.754292	2.189523	1.019817	-0.020834	1.550582	1.241565	1.385418	1.972613	1.021581	1.658627	1.559311	0.314611	-0.611282	-0.045833	0.313187	0.092499	0.233873	-0.734243	0.916732	0.230071	0.050731	-0.077565	-0.158537	-0.715864	-0.051334	0.255702	1.204406	0.252359	1.322916	0.525251	1.082118	2.302622	1.492997	0.222321	1.733488	1.631935	0.450117	1.693038	-0.192063	1.073786	1.620805	0.133563
0.423300	0.207531	-0.593565	-0.264705	0.004279	0.954202	0.845851	0.972325	1.097691	-0.348970	0.395881	0.411554	0.470175	-0.066412	0.330998	0.825562	-0.018250	0.146624	0.563654	-0.346888	0.126338	0.666861	0.278737	1.008882	0.716376	0.355345	-0.024108	0.898878	0.845182	-0.001867	0.387271	0.745106	-0.051622	0.257884	-0.265260	0.178464	-0.233103	-0.313164	0.097188	-0.548976	0.137776	0.665270	0.330359	0.998993	0.617517	0.820227	-0.779252	-0.491639	-0.854555	-0.602790	-0.260677	-0.414934	-1.468228	-0.868916	-0.695180	-0.683597	-1.273710	-1.419972	-0.508006	0.072624	-0.886270	0.034243	-1.099061	-0.843201	-0.593364	0.785063	0.848604	0.351141	-0.428569	1.517080	-0.420284	-1.128362	0.964591	0.829793	0.561736	1.806935	0.128378	0.882918	1.256685	0.987151	-1.270423	-1.019871	0.084502	0.187305	0.109524	-0.710271	0.628330	-0.344091	-0.576534	-1.078813	-0.490242	-1.315621	-1.126402	-1.067826	0.901969	0.914913	0.685817	0.168839	0.616217	1.283490	0.804210	-0.140318	1.620820	1.195519	0.379907	1.570061	1.193568	-0.308147	0.897124	0.522530
1.155587	1.319445	-0.758992	0.077690	0.327346	2.321792	0.691420	1.791646	0.721028	-0.433654	0.174329	0.962738	0.686937	0.450729	-0.209244	0.533684	-1.351478	0.132580	0.961021	0.016904	-0.151379	0.878406	0.345213	1.140315	0.937437	0.861593	-0.523863	0.101827	0.744670	0.087099	-0.590154	0.290478	-0.599229	0.577657	-0.304090	0.504190	-0.164054	0.512358	0.386081	0.241749	0.634342	1.119215	-0.341316	2.120802	-0.312996	1.682413	-0.495131	-0.503055	0.133905	0.569661	-0.319780	0.487487	-0.522027	-0.348448	-0.128955	0.271748	-1.371889	-1.590004	-0.170128	0.556073	-1.181931	0.005802	-0.342282	-0.554822	0.252886	1.253705	0.724936	0.407444	-1.384403	-0.229519	-1.058683	-0.899991	0.537857	-0.832721	-0.072728	0.144800	-0.764222	0.174086	0.636559	1.602525	-1.186904	-1.463570	0.395456	0.923025	0.482557	0.309316	-0.034830	-0.082164	-0.064842	-1.030347	0.185256	-0.351491	-0.957034	-0.956047	0.059048	1.108794	0.236705	0.130997	0.299323	-0.067228	0.403985	0.439788	0.938988	0.472735	0.117196	1.167559	1.577124	-1.158093	0.625811	0.844971
0.808230	1.188541	-0.393112	1.043110	0.383168	2.224115	-0.262557	1.197773	0.148099	-0.317793	0.213642	0.757524	1.240275	1.249142	-0.453219	-0.026516	-1.906843	-0.290210	1.308754	1.055365	-1.625040	-0.174830	0.318432	0.388821	0.722728	0.727657	-0.749292	-0.867107	0.540867	-0.322877	-0.702716	-0.431616	0.217893	1.200413	0.386395	1.729586	-0.226877	1.413722	-0.070080	0.369100	0.244208	0.370991	-0.486970	2.275908	-0.784937	1.714339	0.401984	-0.037598	0.116308	0.505505	0.951516	1.484000	-0.443688	-0.709998	-0.075053	0.629599	-0.408075	-0.729257	-0.049676	0.648295	-1.787614	-0.602619	1.011409	0.178450	0.501879	0.794786	0.088764	0.161614	-1.199420	-1.616935	-0.497107	0.414657	0.352259	-2.871090	-0.201016	-1.791139	-0.802181	-0.291189	0.179040	1.629402	-0.283051	-0.668137	1.302156	1.779815	1.297540	1.757077	-0.245809	0.852165	1.595994	0.725656	1.710529	1.498246	-0.041272	-0.115704	-0.696963	0.818581	0.286063	0.261150	0.462783	-0.778720	0.751312	1.348359	-0.010007	-0.242688	-0.255683	1.040918	0.563836	-1.093378	0.535596	0.720028
-0.398161	-0.267522	0.410414	1.739179	-0.166036	0.470816	-1.630812	-0.584210	-0.083056	0.303190	0.471826	0.490626	1.471058	1.332127	-0.709800	-0.298473	-0.946383	-1.233211	1.350693	1.826903	-2.999078	-1.905961	-0.024034	-0.629350	0.367737	0.189244	-0.981513	-1.411883	0.188136	-1.040967	-0.675358	-1.159811	1.326163	1.037703	0.930513	2.074037	0.027387	1.701175	-1.016639	0.218096	-0.538393	-0.727476	-0.368246	0.957074	-0.592796	0.853396	0.903597	0.099101	-0.631249	-0.602247	1.906192	1.718126	-0.920028	-0.896145	-0.862891	-0.122999	0.578316	0.368363	-0.443487	-0.072665	-2.255794	-1.442308	1.455644	0.234180	0.320177	0.195116	-0.816177	-0.743732	-0.432449	-1.943940	0.588742	1.623660	0.073590	-3.781984	-0.128190	-2.410392	0.044483	-0.369560	0.056881	1.210525	0.791746	0.859968	2.067727	1.998402	1.989309	2.444009	0.223949	1.651936	3.011554	3.033146	2.901268	2.589744	0.419266	0.106008	-1.211936	0.106800	0.437717	0.175258	0.857467	-0.345673	1.181522	1.702812	-0.487026	-0.756986	-0.565029	1.375336	-0.523070	-0.771058	0.083432	0.223082
-1.461116	-1.845398	0.989040	1.435812	-0.764146	-1.349914	-2.424858	-2.029387	0.118101	0.909648	0.667024	0.661846	0.924550	0.554009	-1.100420	-0.159306	0.600826	-1.899054	0.982884	1.550798	-2.677997	-2.522640	-0.702945	-1.084979	0.234866	0.123714	-1.269695	-1.342022	-0.251106	-1.405013	-0.983450	-1.469947	1.291794	0.098039	0.610982	0.919036	0.584410	1.209390	-1.494870	0.292404	-0.780357	-1.011206	-0.342455	-0.746040	-0.126278	-0.064459	0.622983	-0.214862	-1.142090	-1.434501	1.290165	1.106532	-1.036069	-0.444074	-1.487130	-1.193348	0.658645	0.742756	-0.934436	-1.022927	-1.852262	-1.648408	0.741855	-0.485352	0.078573	0.014952	-1.243161	-1.524229	-0.227095	-1.646846	1.093109	1.640592	-0.577593	-2.839122	-0.138693	-1.573594	0.917373	-0.015181	0.054845	0.736186	1.160857	1.808718	1.852779	1.439251	1.943677	1.754110	0.748394	1.694296	2.698991	3.573197	2.595685	1.959170	-0.018651	-0.464209	-1.449821	-0.610684	0.203966	-0.286978	0.730521	0.527287	0.743207	1.180421	-0.127143	-0.923374	-0.697869	1.536962	-0.251140	-0.883320	-0.543804	-0.229323
-1.505892	-2.043577	0.936137	0.560397	-0.634337	-1.353208	-1.853765	-1.671830	0.420321	0.836382	0.636761	0.964802	-0.039310	-0.182559	-1.153866	0.093629	1.304610	-1.355533	0.565549	0.522151	-0.552202	-0.978439	-1.114905	-0.533699	0.355330	0.841290	-1.398163	-0.820509	-0.213936	-0.933260	-1.069046	-1.163461	0.141685	-0.369063	-0.324370	-0.429530	1.005801	0.514000	-0.690951	0.666400	0.005525	-0.067594	-0.248660	-1.210891	0.139066	-0.188892	0.137532	-0.331353	-0.821864	-0.982625	-0.189826	0.337717	-0.427149	0.036819	-0.806529	-1.207616	0.042072	0.336162	-0.747953	-1.106279	-0.505042	-0.787304	-0.011428	-0.792319	0.098105	0.089399	-0.708940	-1.106947	-0.643187	-1.119495	0.634441	0.536484	-1.331672	-0.758445	-0.034673	-0.327030	1.057647	0.565813	-0.040544	0.363698	0.707213	1.397624	0.761116	0.779040	1.145502	0.452518	0.704417	1.008405	0.852580	1.459773	0.980427	0.418399	-0.608077	-0.767389	-1.193181	-0.748532	-0.192328	-0.686583	-0.162913	0.624604	-0.415331	0.210121	0.416167	-0.555906	-0.526929	0.875387	0.968849	-1.121088	-0.523940	-0.396782
-0.517968	-0.553254	0.537919	0.205848	0.116222	0.386885	-0.226870	0.117250	0.433694	0.227278	0.418335	0.878260	-0.701743	-0.247040	-0.460822	0.285462	0.708534	0.127040	0.459595	-0.294088	1.768453	1.639249	-0.591055	0.773062	0.364924	1.501600	-1.207879	-0.081215	0.620165	0.056075	-0.449463	-0.440949	-0.838892	0.330070	-1.027557	-0.570922	0.916972	0.307603	1.028038	1.031742	1.319345	1.415652	0.161681	-0.276563	0.039843	0.366114	0.068160	0.106449	0.175429	0.400353	-0.956399	-0.033307	0.475585	0.192117	0.777154	0.126775	-0.373474	-0.097174	0.251946	-0.037576	0.896703	0.502004	0.116161	0.150399	0.536143	0.036161	0.360990	0.269077	-0.760478	-0.117209	-0.172136	-0.637497	-1.524417	1.013714	0.339744	0.586012	0.633401	0.887474	-0.237443	0.030776	0.202466	0.133210	-0.191083	0.608737	0.150700	-0.171895	0.137192	-0.023736	-0.868883	-1.419348	-0.630116	-0.454021	-0.468841	-0.182164	-0.344599	-0.152383	-0.191785	-0.461932	-1.051383	-0.338870	-1.113470	-0.614932	0.061195	0.216686	-0.044161	-0.359190	1.309787	-0.692522	0.355888	-0.518797
0.674558	1.307336	0.244749	0.623131	0.450753	1.691440	1.088886	1.173672	-0.098891	-0.275834	-0.021589	0.366449	-0.917998	-0.203290	0.487457	0.348467	-0.525938	1.076995	0.302367	-0.546401	2.538248	3.069011	0.475025	1.853183	-0.224255	1.037013	-0.764877	0.610460	1.422912	0.646747	0.169730	0.154828	-0.910338	1.202773	-1.134330	0.167173	0.276252	0.640183	2.112125	0.973205	1.947445	2.160442	0.442748	0.450035	-0.302023	0.655115	0.215720	0.547834	1.276643	1.512333	-0.681311	-0.204434	1.180749	0.619204	1.476248	1.468479	-0.297671	-0.103296	1.149081	1.175855	1.347258	1.117655	0.714048	1.496434	1.128141	-0.331537	0.942855	0.959792	-0.192616	1.349410	-0.649036	-1.078565	-0.912982	1.584469	0.520004	1.088635	0.336278	0.518545	-0.525902	-0.337572	0.244839	-0.811062	-0.289223	0.591996	-0.598449	0.091501	-0.568888	-1.089012	-1.353471	-2.468122	-1.389899	-0.262564	0.319531	0.581672	0.737894	0.740084	0.020541	0.141430	-1.126135	-1.379563	-0.713080	-1.158382	-1.370243	0.662478	0.316680	-1.349350	-0.060086	0.309450	1.074482	-0.918100
1.150973	1.865931	0.089690	0.889283	-0.247251	0.881293	0.988464	-0.055647	-1.099644	-0.556045	-0.747513	-0.243797	-1.116552	-0.847064	0.722797	-0.004399	-1.437809	0.493423	-0.570858	-0.784809	1.524748	2.249661	0.774084	1.582309	-1.437779	-0.469779	-0.291587	0.935654	0.995492	0.244911	-0.176323	0.098765	-0.605631	0.928597	-1.059168	0.370134	-0.609967	0.938577	1.378118	0.253529	1.092089	1.367533	-0.066880	-0.347289	-0.655171	0.096020	-0.031046	0.319075	1.947626	1.682189	-0.404671	-0.603278	1.678620	1.742677	0.327932	1.404534	-0.278848	-0.001179	0.988464	1.341301	0.835541	0.760714	0.771436	1.748764	1.303233	-1.044678	0.512017	-0.166330	0.432493	2.386690	-0.814282	-0.920038	-0.186382	1.202879	-0.000922	1.068411	0.436343	-0.378563	-0.931139	-0.725919	0.478478	-0.798243	0.077361	-0.002794	-1.111360	0.217478	-1.173997	-1.913970	-1.078407	-1.365155	-1.651349	-0.064051	0.923365	0.600425	1.472068	1.426987	-0.416220	0.139450	-0.711653	-1.433685	0.035494	-1.652315	-2.729078	0.090601	-0.050575	-1.737070	-1.809368	0.833434	0.523610	-1.377497
0.756658	0.824907	-0.111611	0.311067	-1.156007	-1.063726	-0.112240	-2.444988	-1.952113	-0.996505	-1.450774	-0.701109	-1.418035	-1.797767	0.115391	-0.901373	-1.404929	-0.868460	-1.875144	-1.336359	0.037703	0.456920	-0.220926	-0.124332	-2.451627	-1.694690	-0.015546	0.745899	-0.397199	-0.816714	-1.045220	-0.556567	-0.582226	-0.239309	-1.207062	-0.441770	-1.176645	0.732743	-0.450855	-0.839242	-0.621099	-0.360132	-0.976754	-1.877035	-0.750337	-0.759050	-0.677607	-0.362692	1.997646	1.340843	-0.737130	-1.053913	2.129298	2.778563	-1.321093	0.277418	-0.603403	-0.110999	0.099075	0.485041	0.373081	0.276175	0.109868	0.806379	0.876086	-1.905180	-0.325515	-2.140163	0.540747	2.168158	-0.945589	-0.628530	-0.279471	0.745410	-0.793565	0.361967	0.653966	-0.992969	-1.232679	-0.974307	0.232854	-0.202167	0.083214	-1.069616	-1.429406	-0.518230	-1.422880	-2.145623	-0.950079	-0.044692	-1.905453	-0.655463	0.807663	0.062688	1.566683	1.781645	-1.615729	-0.861140	-0.817506	-0.519743	0.101773	-2.092066	-2.683647	-1.085720	-0.999106	-1.814270	-2.105770	0.349280	-0.929953	-1.240734
0.197548	-0.491790	-0.287956	-0.512491	-0.988191	-1.788450	-0.751387	-3.306551	-1.914353	-1.489194	-1.543200	-0.882510	-1.389711	-1.917153	-0.381537	-1.696069	-0.394926	-1.373442	-2.346133	-1.622028	-0.524875	-0.165724	-1.336614	-1.828848	-2.216782	-1.502152	0.022761	0.295730	-0.947736	-1.642615	-0.970595	-1.071625	-0.660396	-0.880855	-1.404090	-1.283235	-0.971736	0.160837	-1.371774	-1.474596	-1.600768	-1.337457	-1.047690	-2.193496	-0.416317	-0.943413	-1.021094	-0.669510	1.632993	1.216165	-1.039574	-0.994851	2.352269	2.561900	-1.325185	-0.272105	-0.736456	-0.170699	-0.212114	-0.215585	0.750002	0.542275	-0.515567	0.034038	0.333630	-2.349889	-0.555905	-2.846344	0.331615	1.080612	-0.889166	-0.273021	-1.142663	0.753805	-0.858165	-0.585697	0.757873	-0.686114	-0.978629	-0.867102	-0.406081	0.200081	-0.403584	-1.612317	-1.316353	-1.506456	-0.914452	-1.625233	-0.985284	0.044672	-1.818897	-1.429525	0.256157	-0.154707	1.191667	1.867551	-2.361974	-1.864675	-1.635220	0.450424	-0.449285	-2.062634	-1.175578	-1.507708	-1.409445	-1.804327	-0.836848	-0.343250	-1.708333	-0.255108
0.202905	-0.665256	-0.203264	-0.560516	0.142775	-0.655190	-0.200448	-1.591003	-1.033658	-1.310866	-0.942913	-0.703275	-0.886709	-1.027474	-0.076796	-1.479570	0.904505	-0.505834	-1.395708	-1.093851	0.007726	0.905366	-1.144411	-1.881239	-0.756123	-0.221652	0.086089	0.024277	0.361547	-1.598279	0.376830	-0.753686	-0.451076	-0.470469	-1.318907	-1.183772	-0.162371	-0.284262	-0.465546	-1.021852	-1.019923	-0.542505	-0.028622	-0.762561	0.140274	-0.366851	-0.613965	-0.313168	1.209252	1.345870	-0.716991	-0.482781	2.000458	1.098051	0.483212	0.417793	-0.270687	0.042723	0.575084	0.092187	1.484035	1.289738	-0.630749	0.243913	0.126797	-1.874292	-0.021161	-1.466179	0.171597	0.249281	-0.385933	0.205117	-1.619278	0.955372	-0.071032	-0.938206	0.731143	0.131134	-0.121204	-0.481915	-0.707963	0.102562	-0.788423	-1.089912	-0.712954	-1.701075	0.290256	-0.692489	-0.751704	-0.509841	-0.970090	-1.401490	-0.109224	0.149271	0.720217	1.616795	-1.626149	-1.587737	-2.231497	0.724513	-0.783052	-1.393622	0.473952	-0.505272	-0.478832	-1.560998	0.477570	-0.278067	-1.020215	0.957429
0.726250	0.344308	0.121684	0.127639	0.686393	0.585781	0.746431	0.876630	-0.273291	-0.263596	-0.394871	-0.248588	-0.508297	-0.282582	0.516404	-0.309528	1.404638	0.595397	-0.132583	-0.276253	0.726852	2.015025	0.119619	-0.302510	0.567883	0.795187	0.525825	0.013923	2.135827	-0.754287	1.473501	0.234792	-0.204312	0.038155	-1.018528	-0.385789	0.548276	-0.314612	1.001221	0.139178	0.209906	1.053313	0.698564	0.806933	0.362352	0.094477	0.088299	0.127451	0.928017	1.216802	-0.353187	-0.351546	1.190908	-0.356306	1.994664	1.109087	0.229177	0.082488	1.420334	0.950208	1.410450	1.444861	-0.662081	0.620271	0.050183	-0.730578	0.429664	0.651067	-0.044457	0.113995	0.167488	0.413590	-0.776530	0.692316	0.496193	-0.514754	0.387041	0.333390	0.591092	-0.342224	-0.352643	-0.126835	-0.691560	-0.224569	-0.171686	-1.049501	1.246337	0.062047	-0.442450	-0.486554	0.065155	-0.716732	-0.038582	0.313745	0.431132	0.973898	-0.148507	-0.127019	-1.898164	0.311505	-0.589644	-0.684462	0.920017	0.864059	1.028983	-1.092178	0.694884	0.299825	0.054425	1.508694
1.120484	1.421184	0.424818	0.563352	-0.237822	0.357481	0.950101	1.729074	-0.380366	0.767927	-0.608321	0.183410	-0.743824	-0.547947	0.584506	0.729996	0.628116	0.707550	-0.070981	-0.121519	0.883118	1.479177	0.894071	1.162415	0.520516	0.762179	1.311370	-0.163722	2.178314	0.232558	0.915868	1.028640	-0.330403	-0.162324	-0.767075	0.254374	0.702514	-0.031038	1.250495	0.945077	0.550994	1.513097	0.017980	0.855314	-0.063812	-0.185374	0.281063	0.104861	0.792537	0.677142	-0.781985	-1.073064	0.559751	-0.734275	1.506854	0.479569	0.013943	-0.489368	1.155293	1.316580	0.269279	0.601321	-1.115444	0.134967	-0.257411	0.157617	0.116967	1.659203	-0.475036	0.123787	-0.006105	-0.160731	0.918822	-0.191963	0.032717	0.026173	-0.562355	-0.555199	0.304810	-0.893133	0.196769	0.008831	-0.417561	-0.046345	-0.318941	-0.446844	1.011097	0.341460	-0.609999	0.120196	0.271403	-0.371140	0.202749	-0.055616	0.385098	0.218671	0.381235	1.097617	-1.087052	-0.336308	-0.311934	-0.658281	0.089114	1.017338	1.538119	-0.807618	0.242149	0.436862	-0.000949	1.155987
0.914598	1.641728	0.593778	0.262708	-1.538375	-0.692123	0.313070	0.821614	-0.979358	0.880649	-1.316170	0.368226	-1.134711	-1.200766	0.270903	0.839545	-0.565215	0.008976	-1.230401	-0.606768	0.610685	-0.264729	0.334936	1.019898	-0.577240	0.171995	1.871820	-0.884691	0.284166	0.530766	-0.707379	0.974063	-0.537519	-0.561434	-0.564671	0.414242	0.536750	0.305070	0.164126	0.875296	-0.337166	0.297894	-1.228055	-0.282985	-0.735645	-0.821452	-0.231297	-0.183109	0.710517	0.196169	-1.628575	-1.941781	0.494727	-0.205199	-0.229284	-0.911778	-0.631961	-1.133227	0.102520	0.905188	-0.839967	-0.366573	-1.717198	-0.823217	-0.577623	0.145482	-0.594590	1.146069	-0.748665	-0.187499	-0.947957	-1.297655	2.022032	-1.036666	-0.906822	0.156477	-1.850823	-1.704833	-0.891942	-1.851932	0.421580	0.544353	-0.387512	-0.534934	-0.980722	-0.492425	-0.113928	0.279268	-1.092910	0.375460	-0.374908	-0.727329	0.206565	-0.492278	0.404543	-0.186001	-0.476991	1.043336	-0.611147	-0.917990	-0.237884	-1.070253	-0.959214	-0.150813	0.617503	-0.931904	0.206459	-0.016834	-1.095920	0.354596
0.188327	1.021673	0.740196	-0.171744	-1.611721	-0.898981	-0.415058	-0.086068	-1.185080	0.298634	-1.612614	0.357454	-0.886967	-1.083983	0.284474	0.271990	-0.736442	-0.432331	-2.215340	-0.762223	0.371358	-1.367089	-0.824480	-0.417175	-1.364063	-0.124353	1.624208	-1.821447	-1.573300	-0.297859	-1.658885	0.219858	-0.226846	-0.344345	-0.254490	0.333828	0.473174	0.494940	-0.873518	0.465530	-1.366669	-1.112486	-1.408955	-0.924942	-0.945774	-1.107672	-0.892905	-0.242404	0.500125	0.117343	-1.725205	-1.891017	0.618276	0.315846	-1.232709	-1.325841	-0.741392	-0.845567	-0.436631	0.349016	-0.801972	-0.402401	-1.822863	-1.068932	-0.443520	-0.485410	-0.862124	0.084741	-0.371529	-0.509671	-1.699298	-2.041057	1.623408	-1.079558	-1.228835	0.008312	-2.558835	-1.956043	-1.973320	-2.398264	0.324235	1.031166	-0.515903	-0.770575	-1.334936	-0.880953	-0.854287	0.112427	-1.091395	-0.069283	-0.854292	-1.100968	-0.186270	-0.456468	0.182716	-0.110329	-1.426090	0.120488	-0.506691	-1.373949	-0.119231	-0.894323	-1.266637	-1.175609	-0.550015	-1.066332	0.820658	-0.250206	-1.713837	-0.414886
-0.614197	0.170284	0.883464	-0.097707	-0.479530	0.029679	-0.701624	0.165935	-0.783651	-0.052626	-1.095224	0.298319	-0.031560	-0.097515	0.640770	-0.304704	0.495216	-0.164751	-1.964693	-0.071901	0.211712	-1.103401	-1.424782	-1.621435	-1.089849	-0.015866	0.707624	-2.091402	-1.728217	-1.755439	-1.198535	-0.493242	0.475627	0.217297	0.104741	0.138372	0.526556	0.444251	-0.863630	0.481394	-1.469776	-1.145869	-0.342451	-0.183181	-0.501989	-0.934494	-1.056475	-0.026124	-0.021817	0.130405	-0.787025	-0.875337	0.365763	0.323400	-0.814856	-0.149402	-0.072539	0.398958	0.045883	0.241848	0.210376	0.438183	-1.320425	-0.371071	0.056642	-0.895083	-0.433405	-0.584784	0.438718	-0.382570	-1.401037	-1.676648	0.293444	-0.363975	-0.692799	-0.181348	-2.043158	-1.144241	-2.026555	-2.020966	0.110935	1.024534	-0.426073	-0.252927	-0.958014	-1.012425	-0.516950	-0.047837	-0.371077	-0.551603	-0.485416	-0.833896	-0.725541	-0.155177	-0.384813	0.118046	-1.200204	-0.545563	-0.256177	-1.508272	0.213173	0.221604	-0.808749	-0.932089	-0.794344	-0.702377	1.292171	0.186666	-0.994109	-0.980434
-0.937213	-0.288781	0.820183	0.178582	0.400398	0.872845	-0.535471	1.012258	-0.325706	0.209833	-0.282593	0.218386	0.627252	0.817879	0.671682	-0.525018	1.923148	0.301367	-0.763445	0.849592	-0.003401	-0.651470	-1.097005	-1.525336	-0.176195	0.047330	-0.000628	-1.196583	-0.533838	-2.496400	-0.054312	-0.467436	0.829027	0.227386	0.333706	-0.229920	0.517460	0.161971	-0.116481	0.974210	-0.733186	0.029144	0.724789	1.300145	0.158749	-0.583011	-0.522535	0.171524	-0.701926	-0.165408	0.183708	0.072807	-0.131900	0.125572	0.001606	1.385972	0.571196	1.432443	0.811251	0.550776	1.152331	1.200746	-0.634646	0.357829	0.397131	-0.490635	0.205387	-0.730340	0.797182	-0.002793	-0.266691	-0.430347	-0.507658	0.311312	0.054297	-0.496195	-0.754309	-0.120270	-1.027477	-0.932285	-0.246436	0.522884	-0.068355	0.517625	-0.279945	-0.702311	0.299231	-0.122330	0.309503	-0.414297	0.316097	-0.136220	-0.870645	-0.114440	-0.915628	0.181289	-0.047741	-0.440592	0.210091	-0.913558	0.452311	1.274696	-0.173153	0.052580	-0.353367	0.037795	0.943109	0.657154	0.183780	-1.228860
-0.408426	-0.031170	0.378950	-0.106230	0.118828	0.729549	-0.049747	1.402823	-0.269570	0.623150	0.071559	0.086089	0.569695	0.967705	0.181110	-0.251188	2.056008	0.413451	0.384897	1.118690	-0.039246	-1.166550	-0.238704	-0.337301	0.656356	-0.067006	0.192133	0.304442	0.556362	-1.452361	0.860650	0.362232	0.552807	-0.386052	0.468496	-0.581072	0.516223	-0.226689	0.540086	1.365078	-0.022795	0.987457	0.974882	2.440202	0.612246	-0.065720	0.460157	0.289389	-0.955882	-0.500474	0.234224	0.100268	-0.209362	0.254561	0.195074	1.772241	0.462716	1.283782	1.060093	0.924067	1.410244	1.253596	-0.033955	0.475000	0.364566	0.631170	0.487907	-0.623986	0.081199	-0.021953	0.789549	0.824615	0.012691	0.312171	0.439755	-0.938114	0.177264	0.308983	0.349488	0.279554	-0.815221	-0.080190	0.183598	0.804806	0.101695	-0.168129	0.680333	-0.013815	0.197436	0.134795	0.754312	0.315547	-0.240732	-0.280692	-0.796586	0.124061	0.813956	0.029099	0.383677	0.443984	0.240940	1.098034	0.224785	0.458070	-0.268763	0.513086	0.039948	0.275291	0.404045	-1.018027
0.685036	0.716974	-0.313129	-1.025646	-0.789052	-0.050967	0.524692	1.119170	-0.514874	0.646673	-0.203903	-0.060775	0.040649	0.532729	-0.232624	0.478252	0.731930	0.179893	0.779259	0.593330	0.382588	-2.092985	0.528644	0.929115	1.127313	-0.027546	0.906317	1.301988	0.783083	0.887560	1.270130	1.281889	0.121099	-0.764423	0.666100	-0.589154	0.664686	-0.526192	0.707213	1.180807	0.094538	0.816904	0.743203	2.690893	0.846730	0.684410	1.423776	0.520916	-0.382930	-0.255081	-0.451636	-0.581266	0.311831	0.757221	-0.105494	0.809806	-0.197517	0.273141	0.772236	1.079414	1.181593	0.801644	0.575192	0.342380	0.144969	1.758247	0.238895	-0.389066	-1.396723	-0.736799	1.184422	1.306063	1.072008	-0.193763	0.452836	-1.121071	0.107606	0.078785	1.333694	1.089301	-1.298785	-0.426798	0.034679	0.494943	0.159806	0.324316	0.544136	0.183766	-0.507854	0.354732	0.580676	0.183494	0.881764	-0.120180	0.098970	0.088139	0.707376	0.283680	0.043630	1.751596	-0.366454	-0.123275	0.434607	-0.135077	-0.876946	0.384222	-0.655401	-0.950067	-0.551120	-0.463875
1.372597	1.201130	-0.852250	-1.778899	-1.330738	-0.707846	0.759973	0.612130	-0.679278	0.262946	-0.562656	-0.143502	-0.420037	0.047965	-0.104036	1.137787	-0.729138	-0.095201	0.407100	-0.169748	0.906865	-2.015380	0.731792	1.401892	1.251648	0.334959	1.007033	1.324422	0.534058	2.684500	1.209720	1.433339	-0.030308	-0.409860	0.874848	-0.367391	0.823176	-0.560842	0.507060	0.494250	-0.138292	-0.096551	0.575578	2.052051	0.988636	1.211782	1.923117	0.882506	0.553911	0.555210	-0.970190	-1.093521	0.767198	1.159435	-0.226585	-0.487686	-0.665987	-0.482616	0.326691	0.875618	0.871576	0.351570	1.212256	0.528854	-0.153995	2.027756	-0.289922	0.017533	-2.595796	-1.674933	1.060106	0.848837	1.184315	-0.526704	0.414845	-0.704374	-0.542731	-0.353723	1.467675	1.184078	-1.152163	-0.504194	-0.343306	0.035121	0.269066	0.632325	0.458366	0.088784	-0.978811	-0.094666	0.131009	-0.329370	1.643101	0.488114	1.072979	-0.063824	0.126836	0.284239	-0.250407	1.892125	-0.989272	-1.030333	0.676206	-0.819118	-1.416434	0.067053	-0.838497	-2.020595	-1.492372	0.072680
0.964300	0.857698	-0.865416	-1.647827	-1.117587	-0.941030	0.494087	0.297382	-0.439351	-0.176886	-0.284259	-0.135619	-0.458092	-0.187509	0.309876	1.018648	-0.872475	-0.151048	-0.170511	-0.600684	0.861120	-0.596202	0.429754	1.003168	1.082775	0.716785	-0.058378	0.930063	0.481130	2.593375	0.788149	0.789780	0.018832	0.143139	0.912867	-0.431253	0.812351	-0.274008	0.279157	-0.202781	-0.055033	-0.784539	0.629850	0.932414	0.969447	0.830429	1.786893	1.130549	0.858493	1.162345	-0.746737	-0.854000	0.523576	1.045885	0.059097	-1.046793	-0.478920	-0.315051	0.021085	0.449641	0.736778	0.213872	1.597415	0.946835	-0.494671	1.113251	-0.558916	0.554313	-2.486808	-1.893621	0.865857	0.019862	-0.059276	-0.208116	0.631034	0.174228	-0.823281	-0.537437	0.792173	0.577409	-0.172380	-0.527033	-0.526039	-0.169515	0.543619	0.740928	0.600060	-0.599299	-0.766211	-0.788890	-0.191580	-0.814036	1.407378	0.988208	1.217089	-0.551407	0.043286	0.425868	0.202987	0.574020	-1.225003	-0.724827	0.965468	-0.524577	-1.031947	0.221476	-0.861146	-1.855330	-1.149945	0.461936
-0.018125	0.046905	-0.423464	-0.878017	-0.384423	-0.830451	0.250244	0.336855	0.294485	-0.394842	0.746156	-0.127430	-0.026037	-0.207601	0.528031	0.171170	0.457404	0.112006	-0.255229	-0.589773	0.217394	1.017646	0.297421	0.366424	0.809158	0.668615	-1.482180	0.759020	0.735963	1.146144	0.396775	0.234275	0.037356	0.078637	0.783923	-0.942908	0.783545	0.126843	0.297384	-0.442683	0.629642	-0.787305	1.003775	0.100072	0.630551	-0.446587	1.157575	1.037315	0.132055	1.030332	-0.009116	-0.096052	-0.182382	0.541234	0.397320	-0.653481	0.160021	0.383450	0.114193	0.282485	0.982682	0.493013	1.422008	1.040060	-0.617128	-0.407446	-0.166348	0.945943	-0.833097	-0.786466	0.808397	-0.350596	-1.491023	0.636419	1.077804	1.083711	-0.238500	-0.333543	-0.185985	-0.299964	1.065435	-0.644209	-0.392100	-0.145683	0.599326	0.673165	0.354224	-1.620848	-0.258097	-1.139956	-0.295438	-1.031630	0.355590	0.828077	0.384938	-1.187299	0.725942	0.811768	1.285573	-1.309000	-0.885082	0.197549	1.034818	0.632258	0.150091	0.857493	-1.095375	-0.345685	0.427186	0.927895
-0.409669	-0.379487	-0.133555	-0.469474	0.344235	-0.599438	0.620678	0.602862	1.145853	-0.426725	1.717945	-0.336112	0.506751	-0.311585	0.409849	-0.554053	1.931688	0.422512	0.282027	-0.502451	-0.353625	1.508354	0.820086	0.043682	0.718408	-0.040063	-1.935380	0.581256	0.817332	-0.047219	0.459666	0.398813	-0.089263	-0.788823	0.609785	-1.391828	0.915463	0.147561	0.473215	-0.218143	1.369706	-0.543996	1.689051	0.078064	0.004755	-1.769322	0.222506	0.493835	-0.935364	0.488557	0.490239	0.352110	-0.626574	0.119240	0.264831	-0.082128	0.494714	0.553020	0.692126	0.672843	1.566698	1.024436	0.619305	0.444143	-0.414100	-1.537720	0.553706	0.782278	1.424537	1.101238	0.666994	-0.061336	-1.824920	1.376442	1.233578	1.627620	0.774357	0.035894	-0.845703	-0.860762	1.483511	-0.864133	-0.340756	-0.295743	-0.025226	0.331398	-0.888664	-2.233514	-0.214593	-1.171035	-0.443794	-1.070106	-0.800815	0.021780	-0.608662	-1.413280	1.276953	0.861293	2.015111	-2.520000	-0.203339	0.443276	0.603472	1.309636	1.030821	1.179774	-1.404464	1.320689	1.763911	1.471106
0.093813	-0.243421	-0.532481	-1.046755	0.471706	-0.619460	1.328675	0.653785	1.338415	-0.529751	1.620747	-0.900324	0.470894	-0.836892	0.062536	-0.698461	1.989656	0.214387	0.758719	-0.766694	-0.409474	0.637936	1.448817	-0.128389	0.871214	-1.249185	-1.075641	-0.176379	0.308079	-0.155052	0.804995	0.780256	-0.510566	-1.956061	0.357583	-1.249957	0.937527	-0.556679	0.398569	0.011580	1.301249	-0.783501	2.094366	0.444975	-0.606458	-2.293429	-0.884025	-0.463745	-1.367669	0.130758	0.169800	-0.150131	-0.580174	-0.021073	-0.593955	-0.343710	-0.166867	-0.506743	1.273606	1.144853	1.886199	1.246684	-0.562495	-0.688950	-0.434096	-1.756374	0.661843	-0.048437	2.752340	2.196329	0.106813	0.183810	-1.110151	1.351792	0.545683	1.523197	1.304738	0.213362	-0.881247	-0.816644	0.515092	-1.135589	-0.801046	-0.940162	-1.234778	-0.405278	-2.655467	-1.864982	-0.891275	-1.369613	-0.926765	-1.133549	-1.471883	-0.979017	-0.822910	-0.921245	0.576757	-0.029218	1.587710	-2.483271	0.253958	-0.361763	-0.185862	0.395328	0.647996	0.530645	-1.303295	1.608781	1.390720	1.529168
0.604654	-0.209488	-1.270671	-1.982405	-0.175905	-1.067023	1.491437	0.182174	0.500112	-0.793442	0.490525	-1.510780	-0.354660	-1.616499	-0.358915	-0.754924	0.406705	-0.585927	0.544958	-1.247044	-0.149869	-0.714458	1.192757	-0.597524	1.030795	-2.270327	0.103872	-1.103480	-0.483116	0.351525	0.831650	0.508973	-1.237142	-2.649223	-0.005420	-0.646929	0.458065	-1.547685	-0.020889	-0.095992	0.367789	-1.495665	1.494093	0.312565	-0.788054	-1.796099	-1.760659	-1.403687	-0.942791	-0.040964	-0.722862	-1.251954	-0.495338	-0.193634	-1.751676	-1.484578	-1.514317	-2.189264	1.111253	0.890935	1.258114	0.631525	-1.521866	-1.740127	-1.211024	-1.264929	-0.226167	-0.941538	2.421857	1.379936	-0.723270	-0.201609	-0.318199	0.487632	-0.683002	0.777818	0.966025	0.114404	-0.391569	-0.265829	-1.020150	-1.292249	-1.504283	-1.747560	-2.151820	-1.222021	-3.391925	-0.647994	-1.578381	-1.722605	-1.514120	-1.098362	-1.402470	-1.612442	-0.148353	-0.060383	-1.132481	-1.399491	0.379767	-1.448533	0.215806	-1.201708	-0.615961	-1.501541	-0.660861	-0.600770	-0.494889	0.274638	-0.486240	0.650985
0.359755	-0.677404	-1.296681	-1.915458	-0.892954	-1.447502	0.815735	-0.436666	-0.598468	-0.848772	-0.398297	-1.458806	-1.156745	-1.809201	-0.576184	-1.131751	-1.420095	-1.082566	0.045832	-1.167257	0.144125	-1.432315	0.078623	-1.150248	0.987093	-2.140137	0.448238	-0.836793	-0.678699	0.795593	0.409195	-0.275180	-1.708329	-2.237854	-0.181421	-0.112261	-0.318063	-1.741225	-0.212254	-0.259837	-0.352433	-1.728387	0.170321	-0.404788	-0.319776	-0.538440	-1.726896	-1.541777	-0.244145	-0.460385	-1.207662	-1.695970	-0.760651	-0.737354	-2.147771	-2.241490	-2.080122	-2.781619	0.159374	-0.096447	-0.127766	-0.571284	-1.521837	-1.960074	-2.127582	-0.479156	-1.175463	-0.941960	1.251618	-0.583324	-1.067468	-0.645944	0.023050	-0.486124	-1.279452	-0.070060	0.380149	0.041980	0.324480	0.569611	-1.450371	-1.006652	-1.513415	-1.793613	-1.734300	-1.288496	-1.896211	0.670182	-1.178301	-1.390093	-1.402467	-0.496418	-0.592359	-1.429580	0.608570	0.485739	-2.043585	-1.800972	-0.326905	-0.018739	0.159092	-0.931478	0.062306	-2.386960	-1.387605	-0.895532	0.777982	-1.118654	-1.996085	-0.637653
-0.272620	-1.131922	-0.217868	-0.356815	-0.680980	-1.026711	-0.035776	-0.523712	-0.670548	-0.232309	0.026460	-0.403144	-0.843906	-0.782901	-0.314603	-1.283036	-1.919720	-0.390789	0.213746	-0.065857	0.445381	-1.098010	-0.715112	-0.966289	0.747713	-0.573368	-0.155096	1.132643	0.113469	1.128985	0.050862	-0.556466	-1.177421	-0.716655	0.158222	0.149853	-0.722061	-0.583191	0.291850	0.043624	0.130246	-0.753895	-0.661251	-0.816584	0.501915	0.956139	-0.622120	-0.563749	0.084426	-1.145953	-0.608311	-0.586913	-1.166684	-1.466554	-1.102307	-1.379815	-0.694306	-1.161793	-0.714710	-0.844483	-1.192044	-1.384516	-0.383440	-1.082201	-1.882047	0.306441	-0.931511	0.164573	0.611785	-1.659727	-0.430936	-0.144615	0.081758	-0.655019	-0.534937	-0.332382	0.427323	0.248636	0.903795	1.393516	-0.089147	-0.124032	-0.286986	-0.582963	0.075570	-0.136480	1.123830	1.275723	0.519977	0.179520	-0.117148	0.761481	0.589672	-0.424629	0.555943	0.355139	-0.766519	-0.422484	0.243356	1.222617	0.684950	0.260650	1.739041	-1.045742	-0.456289	0.255043	1.817897	-0.828422	-1.561104	-1.133698
-0.483864	-0.942591	0.889309	1.507232	0.489579	0.101543	-0.368490	-0.060704	0.522577	0.852713	1.239792	0.978189	0.488794	0.866324	0.259264	-0.563995	-1.006634	1.035792	1.069908	1.268146	0.550952	-0.228456	-0.415360	0.176783	0.391362	1.322357	-0.892336	3.238068	1.048379	1.480734	0.034324	0.008385	0.181040	1.016504	0.703967	0.358513	-0.534843	1.046956	0.931486	0.714612	1.342327	0.768128	-0.373225	-0.357084	0.920323	1.907601	0.602939	0.684190	-0.138933	-1.489086	0.609032	1.414176	-1.265647	-1.842770	0.653518	0.658998	1.861412	1.652071	-0.770808	-0.596474	-1.131297	-1.129322	1.029167	0.291263	-0.328001	0.774192	0.375839	1.396028	0.846260	-0.818640	0.521405	1.037943	-0.105039	0.098516	0.714470	-0.020167	1.015125	0.503773	0.982280	1.683276	1.727040	0.892221	1.377895	1.042248	1.914649	1.441962	3.274676	0.857153	2.305208	2.085266	1.587800	1.852916	1.372676	0.736956	-0.388163	-0.220284	1.698757	1.625801	1.404146	1.795544	1.463868	1.025097	3.257879	1.395927	1.416857	1.823058	1.961372	0.963746	0.365780	-0.247484
-0.212372	-0.325050	0.666457	2.049271	1.524587	0.931365	-0.223556	0.270239	1.723824	1.486284	1.684394	1.499856	1.424887	1.725294	0.541402	0.563118	-0.018191	1.818184	1.478182	1.438168	-0.016656	0.420549	0.354698	1.280961	-0.040044	1.851179	-1.060202	3.198624	0.829849	1.542120	-0.063635	0.456577	1.096159	1.718855	0.662956	0.582764	-0.308916	1.548352	0.672921	0.972727	1.798402	1.413374	0.281335	0.336422	0.372917	1.631541	0.705680	0.884940	-0.708784	-1.055473	1.362991	2.576233	-1.030235	-1.650661	1.556282	2.040125	3.373106	3.262537	-0.257788	0.214692	-0.303535	-0.184227	1.430557	1.115258	1.047262	0.678355	1.194502	1.600191	1.130569	0.816781	0.556725	1.393383	-0.793846	0.876289	0.929550	0.100605	1.040186	0.341112	0.431909	0.993506	2.012442	1.179822	1.907321	1.519674	2.159708	1.934581	2.708778	-0.119900	2.675634	2.646819	2.264187	1.763259	1.113780	1.146383	-1.430450	-0.737488	2.804444	2.292929	1.731606	1.427909	1.414700	0.509631	3.403179	2.597753	2.420891	2.175999	1.179242	2.269557	1.870433	1.277661
-0.066008	-0.013331	-0.662931	1.075749	1.601257	0.779727	-0.027378	0.091533	1.655073	1.052789	0.684763	0.760186	0.890606	1.148747	0.186839	1.030635	-0.040568	1.413337	0.739324	0.206730	-1.199446	0.709857	0.590839	1.200566	-0.444062	0.542134	-0.659359	0.605247	-0.632655	0.926941	-0.622316	-0.138916	0.594259	0.941121	-0.169944	0.512679	-0.575400	0.306457	-0.470352	0.363717	0.881350	0.812204	0.283022	0.264820	-0.820411	0.291316	-0.383804	-0.244668	-1.305346	-0.289245	1.217982	1.959129	-0.905854	-1.265049	1.020010	1.620227	2.653369	2.468050	0.067494	0.520416	0.250741	0.454725	0.428645	0.798731	0.978464	0.327976	0.462447	0.764901	0.766991	1.388519	-0.478948	0.275653	-1.702622	0.671022	-0.243683	-0.435301	-0.140732	-0.271267	-0.390549	-0.323035	0.471412	0.417583	0.672181	0.296098	0.677413	0.772653	0.103684	-0.660224	1.488084	1.381640	1.399221	0.595912	-0.017120	0.526057	-1.749816	-0.929765	1.450864	0.919980	0.695045	0.315910	0.190184	-0.542322	2.074048	1.634762	1.745061	0.955809	0.220762	1.681404	1.716374	2.044972
-0.306403	-0.224796	-1.375260	-0.055361	1.214028	0.147947	0.064127	-0.206107	0.569882	0.097051	-0.737858	-0.350815	-0.449565	0.028122	-0.433338	0.665679	-0.715618	0.689861	-0.265372	-0.949749	-1.980052	1.006446	0.326782	0.085946	-0.627851	-1.160105	-0.060190	-2.395439	-1.865041	-0.138953	-1.218792	-1.231075	-0.718355	-0.463081	-0.914829	0.019733	-1.061056	-1.558017	-1.191934	-0.519928	-0.351177	0.142227	-0.296886	-0.574250	-1.598132	-0.931868	-1.389976	-1.530283	-1.661151	-0.094438	0.735274	0.487549	-1.222410	-1.188934	0.118470	0.211141	0.870878	0.559679	-0.079364	-0.122066	-0.045978	0.205168	-0.957730	-0.349459	0.039231	0.502342	-0.973960	-0.098385	-0.006531	0.362766	-1.257776	-0.949242	-1.813132	-0.557429	-1.484846	-1.089551	-1.612427	-0.746706	-0.816020	-1.081721	-1.138784	-0.588452	-1.128757	-1.406946	-0.912788	-0.893681	-1.945311	-0.002282	0.108858	-0.269994	0.100597	-0.321898	-1.041123	-0.419469	-1.340450	-0.918390	-0.631856	-0.951130	-0.730779	-0.751648	-1.073072	-0.673906	0.294407	-0.084257	0.473539	-0.519665	-0.034033	0.034117	0.461832	1.255240
-0.539698	-0.448956	-0.378601	-0.122452	1.383444	0.061308	0.137246	-0.176659	-0.167211	-0.217022	-1.138131	-0.612859	-0.910708	-0.230663	-0.712420	0.375244	-0.878825	0.598613	-0.164581	-0.469991	-1.413694	1.308770	0.353244	-0.765145	-0.483580	-1.361822	0.492627	-3.218441	-1.526953	-0.969958	-1.070061	-1.375794	-1.204959	-1.064865	-0.558870	-0.362158	-1.019438	-2.254867	-0.499026	-0.671951	-0.525070	0.512883	-0.555865	-1.157097	-1.129869	-0.824049	-1.120954	-1.580836	-1.664858	-0.772547	0.633471	-0.095931	-1.748779	-1.509386	0.174458	-0.497620	0.022015	-0.296816	-0.403443	-1.151671	-0.830076	-0.641359	-1.258378	-1.398575	-0.249418	1.480904	-1.354024	-0.262813	-0.607129	-1.214235	-0.614793	-0.628103	-0.567163	-1.786321	-1.380687	-1.033333	-1.844993	-0.492336	-0.411494	-0.430271	-1.115801	-0.576945	-1.629951	-1.831353	-0.934545	-1.353985	-1.542276	1.648134	-0.100805	-0.524984	-0.130955	0.106791	-0.943238	-0.641857	-0.858735	-0.890180	-0.977777	-1.345144	-1.166628	-0.808316	-1.007187	0.475571	-0.883606	-0.653872	0.160736	-0.823216	0.529765	-0.753420	-0.511742	-0.676714
-0.481220	-0.245190	1.384683	0.756073	2.176482	0.881993	0.114810	0.056045	0.124026	0.545486	-0.326012	0.221062	0.241518	0.765486	-0.546689	0.807709	-0.045742	1.045544	1.052617	1.438552	0.115866	1.095312	0.813717	-0.453532	-0.173716	0.215009	0.857708	-1.404210	-0.124059	-1.198140	-0.065848	-0.154371	0.004983	-0.102686	0.808674	0.077375	-0.254128	-1.062989	0.960767	0.115878	0.383577	1.522007	-0.067431	-0.717715	0.338482	0.627900	0.268058	-0.212608	-1.414847	-1.670737	1.015861	0.814446	-1.956344	-1.893969	1.170457	0.197239	0.616937	0.519403	-0.654170	-1.726193	-1.322111	-1.320464	-0.016931	-1.408036	0.561400	2.450918	-0.193770	-0.030320	-0.871346	-1.991209	0.918823	0.911920	1.119086	-1.894040	-0.108005	-0.252596	-0.617272	0.386317	0.624853	1.041454	0.273483	0.818051	-0.267601	-0.504973	0.609889	-0.116506	0.779724	3.152015	0.898204	0.802871	0.958789	1.487644	0.464633	0.243925	-0.692675	-0.756105	0.711156	-0.017088	-0.316343	0.400944	0.263857	1.675066	-1.238864	0.179453	0.958511	0.033365	1.123632	-0.037273	-0.549328	-2.486364
-0.524742	0.122102	2.071177	1.645665	2.550641	1.990749	-0.262495	0.130508	0.651651	1.584012	0.541498	1.236768	1.894596	2.045052	-0.362525	1.511903	1.039843	1.362777	1.985718	2.988338	1.257316	0.251652	0.842087	0.566610	-0.120018	1.891466	0.788280	1.073910	0.524163	-1.054451	0.950073	1.080838	1.980100	1.827400	2.021803	1.245779	0.467880	0.957120	1.615891	0.982162	1.146769	1.938058	0.531923	0.257698	1.596107	2.115443	1.551520	1.424452	-1.139315	-1.998593	1.421057	2.052978	-1.646354	-1.957971	1.940536	1.524183	1.437176	1.743165	-0.922517	-1.553530	-1.167884	-1.321280	1.697055	-0.141838	1.439536	2.328691	1.074026	-0.147913	-0.899271	-1.333891	1.755997	1.745517	1.647493	-0.735387	0.762390	0.461211	0.618675	1.098364	1.544298	1.765323	1.328464	2.532555	1.639524	1.368940	2.158890	1.610707	2.878081	3.332137	2.008820	2.247614	2.209676	2.380057	2.227895	1.532256	-0.526101	-0.297971	2.392484	1.472607	0.790661	1.883754	1.198766	1.524425	-1.215946	1.074906	1.574793	0.842717	0.889383	0.980770	-0.101477	-3.032932
-1.232947	-0.023773	1.059702	1.840729	1.589181	2.347875	-1.093942	-0.081619	0.282771	1.723569	0.350302	1.341413	2.194148	2.251995	-0.567137	1.607440	1.236236	1.154832	1.503511	2.686924	1.228058	-0.525200	-0.283640	1.140722	-0.715059	1.790940	0.138393	1.892234	-0.567253	-0.878165	0.908625	0.678929	2.769681	3.129937	1.964241	2.073100	0.154219	1.895234	0.698910	0.913678	0.728137	1.305501	0.213068	0.464657	1.467343	2.202800	1.672243	1.914578	-1.018396	-1.767835	1.248656	1.982656	-1.145389	-1.518758	1.533111	2.148011	1.204397	1.877873	-1.370915	-1.098918	-0.788496	-0.840262	2.230031	1.439222	1.266994	1.047917	0.777042	-0.854452	-0.669196	0.416879	1.113616	0.774174	0.541155	0.686026	0.027776	0.460929	0.467711	0.908774	1.524452	0.853860	0.947261	2.990291	2.238126	2.178876	2.206433	2.082474	3.094460	1.977384	2.075727	2.298967	2.279220	1.826344	2.796004	1.971139	0.029988	0.378068	2.097255	1.541243	0.899550	2.121212	0.609104	0.080765	-1.297206	0.831252	0.865910	0.637708	-0.212085	0.876137	0.059954	-2.220829
-2.430143	-0.957518	-0.514452	1.163290	-0.456677	1.282244	-2.101311	-0.579685	-0.982589	0.587077	-0.802412	0.295985	0.440770	0.926917	-1.157145	0.819661	0.177842	0.308860	-0.127473	0.726570	0.447329	-0.697789	-2.086167	0.672805	-1.842750	-0.183661	-0.736698	0.597063	-2.426925	-0.658027	-0.483763	-1.330991	1.291091	2.498093	0.496911	1.574991	-1.300220	0.753780	-1.116412	-0.247773	-0.752807	0.237389	-1.326834	-0.775319	-0.089906	0.710221	0.600865	0.793093	-1.037056	-1.619497	0.183811	0.249198	-0.834882	-0.637381	-0.002436	1.238955	-0.136614	0.616988	-1.930474	-1.104987	-0.889791	-0.567956	0.938877	1.772330	0.043069	-0.351567	-1.039820	-1.616700	-0.267294	2.041023	-0.283558	-1.060976	-0.949609	1.157158	-1.777228	-0.153442	-0.781936	-0.083903	0.336800	-0.930105	-0.389728	1.555438	0.928585	1.384219	0.635395	0.640582	1.452020	0.064731	0.749969	0.791072	0.835857	0.257031	1.311127	0.894918	0.723309	0.802848	-0.101181	0.078350	-0.266896	0.693443	-1.045302	-1.159648	-1.643284	-0.448237	-0.935898	-0.444238	-1.402566	-0.399551	-0.282942	-1.069373
-3.114154	-2.085335	-1.150411	-0.100005	-2.302168	-0.821868	-2.698882	-1.308959	-1.985766	-1.083669	-1.816743	-1.113151	-2.055214	-0.943274	-1.726688	-0.348968	-1.380490	-1.098214	-1.754509	-1.324878	-0.330331	-0.648444	-3.207869	-0.402972	-2.671554	-2.213960	-1.149738	-1.200126	-3.217379	-0.213615	-2.279592	-3.102663	-1.385772	0.282185	-1.481265	0.053624	-2.825850	-1.531380	-2.535255	-1.669461	-2.265386	-0.554829	-3.085981	-2.537791	-1.769338	-1.038887	-0.730142	-1.000429	-0.970787	-1.755216	-1.327761	-1.800951	-0.642068	0.415679	-1.783033	-0.850308	-1.604264	-1.120932	-2.234757	-1.755379	-1.548958	-0.868073	-1.051780	0.407329	-1.242691	-0.865163	-2.632299	-1.620294	-0.094157	2.169362	-1.182676	-2.004549	-1.202558	0.437003	-2.832341	-0.805154	-1.582392	-0.893886	-1.219099	-1.929631	-1.483867	-0.867003	-1.099273	-0.113022	-1.280100	-1.581013	-0.708500	-1.050726	-1.189305	-1.085662	-1.192886	-0.974615	-1.329535	-1.007174	0.933673	0.695110	-2.391886	-1.642090	-1.786782	-0.983568	-2.200461	-0.840957	-2.001146	-1.672977	-2.509334	-1.481009	-1.909068	-1.622897	-0.559679	-0.661298
-2.423277	-2.362643	-0.490701	-1.123337	-2.608941	-2.456774	-2.327772	-1.850152	-1.710948	-2.116607	-1.769000	-1.803490	-3.035403	-1.646608	-1.770091	-1.186964	-2.298033	-2.393484	-2.410030	-1.926861	-0.888188	-0.857873	-2.675744	-1.193535	-2.263507	-2.423414	-0.863610	-1.668899	-2.094440	0.325258	-2.909698	-2.911627	-2.786525	-1.517553	-2.644032	-1.032771	-3.108074	-2.886235	-2.711109	-2.272440	-2.739711	-0.866991	-3.387928	-2.999984	-2.020721	-1.436547	-1.193004	-1.884216	-0.567240	-1.483969	-2.056197	-2.388604	-0.187129	1.280959	-2.602049	-2.523922	-2.090683	-2.020416	-1.797220	-2.275467	-1.956486	-1.224951	-1.859334	-1.129530	-1.535447	-0.431409	-2.455276	-0.556004	-0.339471	0.660775	-1.007315	-1.285164	-0.007933	-0.571323	-1.884993	-1.052692	-0.910569	-0.558414	-1.763064	-1.197910	-1.695154	-2.588902	-1.975034	-0.872177	-1.951024	-2.546463	-1.905846	-0.827502	-2.189889	-1.883562	-2.298494	-0.818867	-2.978022	-2.173960	0.514930	0.342043	-2.972945	-2.168574	-2.366077	-1.065325	-1.773473	0.811090	-1.797742	-1.782293	-2.663405	-1.584620	-1.720345	-1.629356	0.022153	-0.962034
-0.642821	-1.356649	0.541421	-0.973995	-1.055003	-2.155137	-0.997282	-1.580844	-0.378471	-1.938990	-0.806305	-1.388768	-1.462557	-0.388671	-1.190702	-1.371363	-2.072471	-2.497121	-1.838155	-0.813695	-1.351381	-0.883308	-0.850650	-1.233357	-0.657581	-0.804696	-0.476435	-0.629748	0.101398	0.466335	-1.673496	-1.018914	-1.480061	-1.161505	-2.186010	-0.615207	-1.874018	-2.097825	-1.719199	-1.714937	-1.896822	-0.809035	-1.539918	-1.398800	-0.611943	-0.185749	-0.447308	-1.171327	0.174881	-0.163094	-1.061455	-1.009295	0.590770	1.726805	-1.688682	-2.105957	-1.201801	-1.415036	-0.497809	-1.691752	-1.359087	-0.846346	-0.790021	-0.980000	-0.605122	0.255178	-0.774303	0.864254	-0.552362	-0.943145	-0.140420	0.379580	1.219411	-0.886749	0.371913	-0.926087	0.693137	0.720931	-0.645215	0.639078	-1.261368	-2.561168	-0.905207	-0.273921	-0.793205	-1.248507	-1.590978	0.020643	-1.171770	-1.152443	-1.604647	0.531657	-2.274870	-1.684208	0.010327	0.239774	-1.541557	-1.087959	-1.477247	0.497324	-0.127574	2.169881	-0.679099	-0.597835	-1.336598	-0.556648	-1.510362	-0.428360	1.476652	-0.930366
0.931215	0.117929	0.816199	0.276489	1.224750	-0.107147	0.464910	-0.576529	0.775999	-1.057527	0.100811	-0.522521	1.303511	1.666714	-0.557834	-1.172415	-1.116180	-1.243281	-0.518854	0.826913	-1.648761	-0.036254	0.803529	-0.851993	0.879571	0.858110	-0.704721	0.497786	1.725991	-0.124340	0.362926	0.653765	1.249355	0.833812	-0.558100	0.705308	-0.190375	-0.006445	-0.419232	-0.762690	-0.537837	-0.625689	1.088114	0.875393	1.048549	1.365032	0.642351	0.143000	0.945252	1.682640	1.011203	1.059293	1.217088	1.769099	0.407958	0.254017	0.294483	-0.025214	0.992468	-0.117544	-0.127095	0.189583	0.890175	0.631226	0.666811	0.476824	0.756636	1.304167	-0.232847	-1.030887	0.575592	1.552932	1.061143	-0.498859	1.951249	-0.778429	1.775507	1.564925	1.178311	1.981078	-0.773518	-1.193910	1.026900	0.886123	1.181902	1.122147	-0.449542	0.376863	1.150401	0.172665	0.219182	1.745984	-0.152456	-0.251115	0.017300	0.522630	0.509555	0.610036	0.151041	1.708805	1.376830	1.853067	0.793351	0.919306	0.348492	0.899060	-1.766828	0.818036	2.649187	0.110614
1.239062	0.705289	0.121360	1.255264	2.391873	1.770223	1.031797	0.125514	0.747402	-0.491030	0.258679	-0.137105	2.779966	2.392825	-0.536870	-1.134787	-0.109924	-0.055710	0.613701	1.450129	-1.604033	1.173161	1.017839	-0.726324	1.079589	1.014823	-1.398132	0.435845	1.801216	-1.163836	1.396851	0.679716	2.691182	2.147229	0.837750	1.295707	0.643836	1.448288	0.203806	-0.527505	0.136586	-0.698766	2.219085	1.622101	1.412137	1.600434	0.815643	0.479057	1.415447	2.708486	2.281660	1.988405	1.261165	1.550345	1.890714	2.227643	0.925827	0.522777	1.617291	1.132103	0.588986	0.884156	1.364000	1.565301	1.008859	-0.059082	0.956976	0.112088	0.388849	0.136241	0.564066	1.279307	-0.278236	-0.151359	1.682771	-0.810145	1.466167	0.930284	1.976158	1.715765	-0.575014	0.202284	1.931441	1.261994	2.190671	2.265855	0.352886	-0.012247	2.604393	0.725298	1.420486	1.546046	1.118866	0.563152	0.577795	0.950403	1.332929	1.385620	1.202446	0.878787	1.681130	0.148408	1.367244	1.367834	1.053894	1.673335	-2.010050	0.913295	2.237879	1.539768
0.454108	-0.046892	-0.669861	0.800586	1.494684	1.789607	0.493110	-0.274547	-0.209187	-0.636171	0.009207	-0.313153	1.914506	0.984592	-0.960461	-1.449670	0.691211	-0.456404	0.853775	0.652946	-1.302018	1.282098	-0.052853	-1.080908	0.119550	0.040128	-1.666026	-0.620712	0.804539	-1.964283	0.888430	-0.360346	1.737444	1.331791	0.986057	0.468561	0.477931	1.328706	-0.067217	-1.151170	-0.222248	-1.199873	1.166028	0.310811	0.495924	0.302949	-0.147476	-0.433996	1.538351	2.245030	1.662809	1.196106	0.958188	1.154165	1.343210	1.681303	-0.032882	-0.517441	1.044589	1.012597	0.310494	0.600370	0.278555	0.561843	0.072704	-1.173282	0.252694	-1.727149	0.683143	0.829876	0.020987	-0.030703	-1.246688	-0.254191	0.430246	-0.757829	0.370746	-0.466074	1.090568	0.228228	-0.478515	0.789987	1.114658	0.505223	1.404737	1.232899	0.365548	-0.374903	1.781841	0.190253	0.921289	0.020484	0.447716	0.126713	1.211995	1.266667	0.377861	0.660941	1.042243	-1.227649	0.908404	-1.308223	0.478044	0.299220	0.488373	1.291484	-1.137994	-0.125171	0.347364	2.146533
-0.359319	-1.180528	-0.522374	-0.427497	-0.604815	0.255285	-0.368567	-1.175348	-0.809892	-0.802566	0.251116	-0.169717	0.047496	-1.086686	-0.851529	-1.663583	1.401859	-2.025694	0.375693	-0.466477	-0.898142	-0.176075	-0.976498	-1.364022	-0.532208	-0.359036	-0.994851	-1.470106	0.089599	-2.055136	0.026773	-0.742449	-0.037113	-0.524848	0.201528	-0.662818	0.388313	0.569307	-0.421526	-1.444000	-0.680488	-1.619588	-0.372545	-1.315232	-0.262042	-1.188346	-1.086805	-1.243573	1.486142	1.022548	0.118464	-0.153594	0.971606	0.638714	-0.614391	-0.736439	-1.505884	-1.835482	0.133214	-0.003429	-0.172860	-0.095624	-0.990913	-1.076381	-1.058651	-2.275182	-0.081674	-2.332228	0.565631	0.206576	-0.264632	-0.862248	-0.787005	-0.387621	-0.035299	-0.195473	-0.022494	-0.802888	-0.374935	-0.995836	0.056298	0.875995	-0.188447	-0.293792	-0.172139	-0.540747	0.189970	-0.085179	-0.302454	-0.358196	-0.481105	-1.348518	-0.970386	-0.617098	1.345718	1.286525	-1.047510	-0.508578	0.255188	-2.232907	0.030094	-1.259390	-0.831480	-1.095176	-0.304206	0.430108	1.144428	-0.994393	-1.355853	1.549613
-0.382778	-1.355067	0.597975	-0.682710	-2.054530	-1.079199	-0.670871	-1.214632	-0.097808	-0.073806	1.213078	0.914296	-0.829326	-1.749638	0.364412	-1.171332	1.951354	-2.666470	-0.005644	-0.635935	-0.175987	-1.728407	-0.564224	-0.790066	0.141227	0.687483	0.171154	-1.293366	0.444892	-1.432102	0.030822	0.231326	-0.622601	-1.306545	-0.501199	-0.686427	1.254515	0.597692	0.060359	-0.225158	-0.155846	-1.072529	-0.445236	-1.356512	0.164276	-1.445655	-0.883017	-0.746542	1.381867	0.268515	-0.567695	-0.539346	1.535776	0.231900	-1.797080	-2.209912	-1.574574	-1.389774	-0.026153	-0.560092	0.091250	-0.239273	-1.047094	-1.216751	-0.968200	-2.542519	0.518564	-0.849947	0.520541	-0.612158	0.176297	-0.198863	0.486859	0.044800	0.831338	0.809194	0.964466	0.561016	-0.926617	-0.855647	1.231306	1.106101	-0.356678	0.000748	-0.854740	-0.997805	0.494816	0.379144	-1.386537	0.134404	-1.087669	-1.244709	-1.295645	-0.452473	0.721977	0.824710	-1.207679	-0.599480	-0.194125	-1.022572	-0.222827	-0.067147	-0.964708	-1.138431	-0.135152	0.066894	3.408819	-0.500992	-1.346827	0.521752
0.367052	-0.165083	1.511733	0.407554	-1.786957	-1.043998	-0.231460	0.005053	1.414688	1.398979	1.953445	2.211482	-0.351291	-0.702545	1.951090	-0.016895	1.870962	-1.120408	0.116056	0.028955	1.131239	-1.576517	0.840195	0.715835	1.415519	2.041779	1.065416	-0.305800	1.273926	-0.288184	0.599506	1.396842	-0.119981	-0.569681	-0.736323	0.155901	2.453363	1.388296	1.205359	1.980106	1.123245	0.609404	0.723801	0.044353	1.146836	-0.424921	0.063376	0.519577	1.199396	0.415605	0.022960	0.168905	2.084173	0.272650	-0.853519	-1.079551	0.226176	0.945552	0.594006	-0.081456	0.934674	0.265149	-0.033600	0.297459	0.483051	-1.477112	1.366751	1.521307	0.655434	-0.232708	0.771479	1.092483	1.123734	0.958580	1.760222	1.527009	2.137982	2.002942	-0.408604	0.242531	2.268296	1.274864	0.541183	0.948802	-0.289351	0.036650	0.935407	0.023841	-0.728996	1.150820	-0.439154	-0.070624	-0.322292	0.498029	-0.327029	-0.039365	0.061116	0.485258	-0.149931	0.931731	-0.026845	0.807987	0.250153	0.340943	0.870707	0.170890	3.623136	0.985468	0.066841	-0.043712
1.348569	1.601971	0.960789	1.069663	-0.409074	-0.100520	0.552391	1.381446	2.143474	2.263178	1.357030	2.241409	0.140966	0.403285	2.553628	0.989768	0.777408	1.405850	0.209124	0.185486	2.467945	0.165966	1.783841	2.148539	1.642840	1.822628	1.409692	0.682013	1.344413	1.115564	0.577868	1.261276	-0.190091	0.102624	-0.921568	0.276912	2.399606	1.457705	1.807333	3.090822	1.740919	2.263718	1.175683	1.129756	1.254637	0.586896	0.339418	0.968350	0.869933	0.890256	0.603217	0.660882	1.868925	0.753158	1.119377	1.210279	2.039207	2.797072	0.971608	0.691286	1.326761	0.672410	0.713306	1.469284	1.891525	0.425132	1.430115	2.660620	0.356628	0.938119	0.440026	1.078530	0.551315	1.596157	1.272882	1.264568	1.562083	1.431286	0.052254	0.850002	1.874957	0.491408	0.804321	0.910223	0.159862	0.758882	0.493435	-1.253014	0.067726	1.029421	0.125643	0.447902	0.477449	0.930066	-0.980040	-0.718556	1.138808	1.162288	-0.247882	1.417007	-0.091871	0.406026	1.259164	1.610913	1.333972	-0.216992	1.435594	1.772340	1.072291	-0.065242
1.985821	2.736739	-0.900477	-0.213347	0.615333	0.550396	1.236654	1.665308	1.160349	1.403880	-0.387903	0.571493	-0.376193	0.140082	1.766404	1.127859	-0.917973	2.621512	-0.339848	-0.883510	2.596981	1.568696	1.394764	2.257291	0.328694	-0.271568	1.408200	0.998267	0.283204	2.214366	-0.233139	-0.002926	-1.347613	-0.531722	-1.185663	-0.946541	0.561990	-0.017883	1.079151	1.741744	0.847731	2.334449	-0.058328	0.845905	0.071562	0.443217	-0.515825	0.068489	0.408870	0.932313	0.034768	-0.045772	0.829977	1.056582	1.817972	1.953189	1.708336	1.957829	0.398699	0.842389	0.753249	0.515195	0.338117	0.750347	1.808338	1.793649	0.546227	1.698154	-0.723124	1.194868	-0.957878	-0.751727	-0.353485	1.336302	-0.457095	0.230953	-0.974309	-1.008305	-0.317052	0.140154	-0.160620	-1.305022	-0.549873	-0.742757	-0.667902	-0.114449	-1.023564	-2.288382	-0.631953	-0.823710	-0.601399	-0.593070	0.055898	0.136033	-0.645357	-0.654320	0.627860	0.191635	-0.731433	0.117701	-0.693891	-0.753074	0.756926	1.058238	0.331207	-1.394812	-1.159648	0.756730	0.427871	-0.017623
1.915738	2.572054	-2.331569	-2.220266	0.542776	0.457750	1.538428	0.958596	-0.619632	-0.556211	-1.672964	-1.365996	-1.176977	-0.928418	0.649010	0.653269	-1.943026	1.825775	-1.070283	-2.032579	1.145011	1.309891	0.365004	0.961159	-1.094227	-2.296978	1.305756	0.579324	-0.932258	2.268596	-0.746705	-0.701037	-2.028325	-1.558715	-0.879639	-2.034053	-1.498394	-1.682965	-0.248599	-0.846101	-0.600897	0.667434	-1.571997	0.017703	-1.261221	-0.559635	-1.242191	-0.867478	-0.010048	0.392284	-1.098035	-1.209666	-0.306917	0.548958	0.550997	0.490863	-0.478403	-0.764832	-0.503485	0.487697	-0.120818	0.170722	-0.572435	-0.973831	0.385140	1.615044	-0.348407	-0.090785	-1.725236	-0.019920	-2.023392	-2.454324	-0.355662	0.373495	-1.687704	-0.488715	-3.164857	-2.780889	-0.933566	-1.058638	-2.113921	-2.602365	-2.132242	-2.388335	-1.914943	-1.496534	-2.282434	-1.894121	-2.073847	-2.687609	-1.798531	-1.948649	-0.814463	-0.898895	0.272663	-0.139704	-0.776739	-1.458258	-0.865494	-1.209780	-1.139295	-1.241561	-0.579148	-0.668455	-1.234413	-2.144122	-1.917588	-1.096020	-1.041797	-0.091301
1.191073	1.465588	-1.754099	-2.252766	-0.011659	0.243745	1.310062	0.450407	-1.367260	-1.665914	-1.174529	-1.706788	-0.822018	-1.124664	0.455211	0.505438	-1.233986	0.501212	-0.836942	-1.521083	-0.520333	0.240203	0.006350	-0.355728	-0.975354	-2.095746	1.208820	0.020920	-1.092565	1.174434	-0.188123	0.164578	-0.819817	-1.192757	0.337148	-1.276779	-1.726727	-1.430694	-0.723550	-1.987360	-0.890357	-1.014119	-1.434538	0.016277	-1.395835	-1.063133	-0.518658	-0.335808	-0.104291	-0.208529	-1.271590	-1.258045	-0.762630	-0.477582	-0.871480	-1.130216	-1.919029	-2.308682	-0.524989	0.460821	-0.321144	0.201973	-0.817855	-1.554312	-0.763671	0.341040	-0.238667	-0.733444	-1.348973	-1.192052	-1.259194	-1.852556	0.711685	-0.453351	-1.110325	-0.054058	-2.627792	-1.906122	-0.779372	-1.222825	-1.913190	-1.850110	-1.744108	-1.915448	-1.664678	-1.329356	-1.781536	-0.277452	-2.026302	-2.292162	-1.566381	-1.673851	-0.695791	-0.692380	0.679394	-0.049885	-1.074010	-1.621931	0.007077	-1.059072	-0.459093	-0.281116	-0.980346	-1.324697	-1.516724	-1.197992	-0.770760	-1.694839	-1.406355	-0.001368
0.351529	0.419751	0.275995	0.079189	-0.075596	0.508730	0.647817	0.734836	-0.499612	-0.888412	0.485138	-0.346105	0.679719	-0.009696	1.082290	0.986230	0.668233	0.175745	0.454048	0.508535	-0.793944	-0.063334	0.526393	-0.432743	0.395394	0.083838	1.095791	0.001086	-0.179366	-0.122918	0.724521	1.505180	1.291003	0.542866	1.512925	0.741293	-0.115833	0.705366	-0.017210	-0.731130	0.221637	-1.046507	0.145051	0.824636	-0.373703	-0.399553	1.063325	1.258187	0.231838	-0.306748	-0.151002	0.044654	-0.417682	-0.933369	-0.589740	-0.947856	-0.977883	-1.142648	0.430096	0.960897	0.173081	0.508304	-0.137702	-0.400064	-0.479270	-0.635295	0.733859	0.165808	0.306777	-0.827758	0.826150	0.510631	1.742851	-0.508209	0.537311	1.049964	0.037263	0.509510	0.086490	-0.115295	0.226185	0.373695	0.533679	0.402375	0.273080	0.477191	0.131825	1.083665	-0.035191	0.177083	0.281283	0.212266	0.414323	0.640411	0.110483	-0.586559	0.318655	0.113916	1.211554	0.072110	1.133919	1.270838	0.008326	-0.053976	-0.100162	0.746905	0.453784	-0.401046	-0.116970	0.395641
-0.015370	0.069596	1.487105	1.935418	0.326817	0.857516	-0.019209	1.015103	0.636441	0.518448	1.361256	0.888543	1.615250	0.987377	1.286520	1.210145	1.790051	0.539808	1.320239	1.794667	0.069626	0.392497	0.838257	0.260175	1.141701	1.677508	0.834084	0.419210	0.634323	-0.555313	0.792536	1.590370	1.997238	1.604035	1.402354	1.672735	1.201215	2.206680	0.652642	0.907503	1.085907	0.036013	1.044663	1.134362	0.479556	0.483102	1.586470	1.913837	0.660733	0.035409	0.858194	1.128587	0.182161	-0.344301	0.685388	0.357251	0.787935	0.777953	1.033633	1.142779	0.442052	0.486508	0.485697	0.784764	0.522016	-0.616600	1.329738	1.045569	1.424025	0.358646	1.899906	1.813302	1.615980	0.004721	1.325747	1.430865	1.728680	1.584509	0.583499	0.800376	1.721551	1.687717	2.056911	1.899699	1.696907	1.695104	1.360829	1.071033	1.594804	1.914487	1.602249	1.498488	1.011808	1.349899	-0.624742	-0.921986	1.564871	1.573717	1.375501	0.619296	1.999081	1.751435	0.921560	1.314050	1.227600	1.570488	0.510437	1.025633	1.145906	0.696621
0.117873	0.155407	0.694902	1.079694	0.366851	0.545968	-0.213522	0.438916	0.609543	0.636460	0.614627	0.574358	0.869343	0.617247	0.504258	0.446261	0.970029	0.368891	0.650984	0.870628	0.428636	0.361881	0.261948	0.324898	0.387912	0.974777	0.403283	0.469866	0.459877	-0.157563	0.073869	0.422589	0.763185	0.762031	0.262587	0.597050	0.734366	1.301992	0.277817	0.686069	0.444972	0.355114	0.220198	0.338882	0.270328	0.371543	0.445951	0.721520	0.680426	0.248653	0.555234	0.731958	0.428677	0.393265	0.813520	0.655939	0.837132	0.780349	0.376919	0.419192	-0.020726	-0.015748	0.226345	0.444017	0.694428	-0.184954	0.770709	0.573654	0.709361	0.543509	0.757522	0.676618	0.559669	0.331490	0.576896	0.547816	0.775955	0.405919	0.179018	0.363288	0.880565	0.834351	1.089014	0.954501	0.925565	0.829381	0.649667	0.152755	0.915296	1.033821	0.812060	0.720530	0.272406	0.481835	-0.529342	-0.454644	0.923526	0.900227	0.344687	0.108847	1.072324	0.706097	0.490282	0.837993	0.787801	0.522430	-0.008782	0.756350	0.747272	0.466224
0.288671	0.164577	-0.605494	-0.845591	-0.151485	-0.163500	0.075401	-0.400360	-0.180439	-0.423922	-0.429021	-0.455215	-0.387267	-0.378618	-0.261381	-0.473693	-0.518303	-0.347470	-0.542026	-0.757729	-0.224706	-0.310281	-0.390335	-0.348842	-0.561031	-0.600667	0.107589	-0.105452	-0.214191	0.158182	-0.301377	-0.360479	-0.483973	-0.562746	-0.401650	-0.664055	-0.446784	-0.500725	-0.485010	-0.740234	-0.699719	-0.431203	-0.821098	-0.493278	-0.350641	-0.377445	-0.691881	-0.672988	0.283639	0.091412	-0.333148	-0.313994	0.239969	0.289846	-0.367306	-0.393090	-0.617295	-0.733775	-0.589940	-0.437599	-0.527510	-0.373549	-0.385178	-0.611323	-0.110433	-0.078990	-0.139510	-0.438864	-0.659474	-0.354707	-0.819526	-0.913065	-0.080793	0.088547	-0.332537	-0.419434	-0.873316	-0.846989	-0.350981	-0.558770	-0.738012	-0.643123	-0.677530	-0.719342	-0.686369	-0.686325	-0.699861	-0.351868	-0.781828	-0.808335	-0.745839	-0.733238	-0.670324	-0.628274	0.187664	0.224491	-0.609048	-0.722555	-0.481760	-0.413963	-0.378095	-0.409601	-0.529558	-0.607862	-0.556210	-0.690284	-0.052542	-0.518054	-0.488962	-0.035052
0.210095	0.091896	-0.388770	-0.778057	-0.470227	-0.290141	0.279203	-0.352768	-0.278498	-0.779440	-0.220322	-0.443666	-0.351969	-0.453550	0.059557	-0.221848	-0.657877	-0.466906	-0.548070	-0.727338	-0.605729	-0.406848	-0.144624	-0.493848	-0.269782	-0.565655	0.223402	-0.466180	-0.308687	-0.049068	0.062424	0.083093	-0.163449	-0.410055	-0.006958	-0.248195	-0.458416	-0.527579	-0.447804	-0.965522	-0.618293	-0.746763	-0.437828	-0.259832	-0.254658	-0.406141	-0.279755	-0.317156	0.016074	-0.054127	-0.312994	-0.351720	0.040818	-0.269693	-0.809954	-0.981998	-1.043540	-1.102496	-0.483072	-0.360886	-0.320068	-0.139706	-0.278407	-0.561420	-0.500197	-0.234222	-0.111679	-0.296147	-0.621915	-0.634910	-0.524680	-0.545744	0.380130	-0.304738	-0.058443	-0.136253	-0.567338	-0.170266	-0.152470	-0.377068	-0.576512	-0.588946	-0.546368	-0.550183	-0.673868	-0.586503	-0.691533	-0.014086	-0.870274	-0.795867	-0.746302	-0.664057	-0.432319	-0.320422	0.439269	0.213720	-0.721550	-0.804478	-0.130841	-0.085127	-0.350827	-0.150180	-0.551819	-0.667354	-0.649129	-0.376377	0.309897	-0.688055	-0.513969	-0.125367
0.053092	0.149180	0.909302	1.054448	-0.198982	0.205000	-0.057295	0.312031	0.532340	0.212164	0.779350	0.601132	0.707240	0.358091	0.892550	0.792886	0.416176	0.255274	0.413221	0.647934	0.095535	0.367058	0.489886	0.251894	0.653550	0.908475	0.492459	0.020599	0.262427	-0.291776	0.336489	0.713547	0.813920	0.761920	0.402088	0.997271	0.592728	1.103820	0.181799	0.364030	0.418582	0.077125	0.560301	0.430370	0.438049	0.402797	0.820262	1.086140	0.187998	0.068961	0.540725	0.599327	0.152470	-0.253732	0.246474	-0.197502	0.302367	0.325848	0.289505	0.290280	0.130593	0.164577	0.465700	0.513915	0.190082	-0.264548	0.704768	0.841678	0.621813	0.273312	0.975750	1.012646	1.001338	-0.244480	0.763462	0.871923	1.123837	1.305588	0.399550	0.680902	1.069656	0.689926	1.139063	1.045623	0.794335	0.813620	0.455372	0.336648	0.596497	0.869709	0.596444	0.630724	0.479522	0.789367	-0.127202	-0.347219	0.629011	0.630312	0.581637	0.549987	0.864718	0.847919	0.392286	0.730521	0.596237	0.700523	0.352841	0.473037	0.689782	0.253103
0.064570	0.198076	1.070311	1.542000	0.093098	0.317777	-0.491702	0.325196	0.921961	0.896854	0.882458	0.922265	0.930127	0.612273	0.850123	0.830825	0.804619	0.640690	0.639679	0.967679	0.805179	0.662403	0.387587	0.628726	0.646631	1.308431	0.424448	0.644744	0.541546	-0.100731	0.051992	0.426023	0.721048	0.910383	0.048756	0.948454	0.971406	1.657870	0.315225	1.051450	0.634184	0.620354	0.443044	0.336260	0.614914	0.678803	0.754305	1.181180	0.431797	0.163353	0.775827	0.917702	0.381187	0.334912	0.965032	0.577196	1.164652	1.199565	0.312687	0.324568	0.016513	-0.060898	0.709984	0.827214	0.787350	-0.178903	0.913355	1.071504	0.918898	0.861440	1.130864	1.161084	0.645341	0.254285	0.693151	0.936015	1.431276	1.160179	0.387028	0.884402	1.484687	1.016274	1.528753	1.351728	1.203827	1.141738	0.781043	0.013783	1.079122	1.381113	0.952461	0.915295	0.560737	0.816798	-0.589294	-0.520891	1.150453	1.126619	0.397794	0.519614	1.089519	0.837828	0.717645	1.207241	1.016586	0.658386	-0.025411	1.014758	1.040709	0.361079
0.210315	0.026282	-0.580293	-0.422324	-0.043349	-0.264299	-0.170677	-0.361967	0.038827	-0.042305	-0.287138	-0.293263	-0.239922	-0.237274	-0.144254	-0.439630	-0.050134	-0.031810	-0.257977	-0.450934	0.340638	-0.239400	-0.280912	-0.095695	-0.322701	-0.284507	0.034833	0.408647	0.028827	0.268572	-0.062676	-0.251005	-0.352685	-0.383142	-0.325496	-0.509204	0.041589	-0.104728	-0.047864	-0.104906	-0.329589	-0.129882	-0.415870	-0.290804	-0.036134	-0.224086	-0.419170	-0.418816	0.344956	0.051497	-0.100981	-0.168188	0.375451	0.624319	0.051604	0.098543	-0.085268	-0.037466	-0.280329	-0.248119	-0.176244	-0.296573	0.027627	-0.193915	0.126781	-0.192033	-0.036146	-0.277724	-0.365904	0.165537	-0.372648	-0.375908	-0.255000	0.682144	-0.204397	-0.156109	-0.258635	-0.575419	-0.162910	-0.238562	-0.330791	-0.358867	-0.399952	-0.464471	-0.379190	-0.395048	-0.327904	-0.562809	-0.379774	-0.284987	-0.444740	-0.470256	-0.238880	-0.341471	-0.092352	0.063795	-0.177510	-0.290210	-0.510338	-0.063051	-0.359440	-0.360054	-0.288369	-0.266467	-0.373324	-0.570366	-0.325627	-0.012097	-0.288830	-0.192799
0.250132	-0.224969	-2.239122	-2.343636	-0.323860	-0.739455	0.702644	-0.553219	-1.296249	-1.507615	-1.364137	-1.713991	-1.371841	-1.186946	-0.846838	-1.365883	-0.630494	-0.908811	-0.900775	-1.675995	-0.672903	-1.157880	-0.457581	-0.902873	-0.886933	-1.863699	-0.229761	-0.387751	-0.635659	0.364851	0.491981	-0.207558	-0.990807	-1.482830	0.043546	-1.497783	-0.959951	-2.129568	0.023789	-1.487527	-0.952834	-1.076798	-0.347598	-0.261521	-0.634153	-1.250139	-0.984024	-1.616024	0.123210	0.042878	-0.999823	-1.536202	0.159551	0.364219	-1.166115	-0.819788	-1.954275	-1.804283	-0.086057	-0.305967	0.512935	0.267977	-0.707655	-1.139762	-1.154797	-0.359803	-1.085206	-1.547034	-1.350537	-0.626426	-1.238837	-1.270388	-0.445406	0.775361	-0.681480	-0.780784	-1.566428	-1.611566	-0.449262	-1.197713	-2.195643	-1.769298	-2.383961	-2.192230	-1.956622	-1.922003	-1.317648	-0.673117	-1.799787	-1.893890	-1.756278	-1.726213	-0.614816	-1.000487	0.837268	0.730785	-1.637231	-1.666704	-0.992738	-0.323975	-1.726843	-1.149974	-1.468455	-1.781263	-1.849019	-1.306462	-0.350561	-1.110376	-1.575920	-0.761904
0.029921	-0.345836	-2.137938	-1.955004	-0.493834	-0.694293	0.793943	-0.004807	-1.719922	-1.616701	-1.246362	-1.769516	-1.312237	-1.339343	-0.640775	-0.853800	0.009096	-0.896085	-0.507755	-1.261272	-0.814782	-0.929297	-0.112159	-0.740898	-0.493855	-1.603125	-0.214406	-0.585871	-0.702039	0.251581	0.850538	0.378191	-0.733056	-1.302162	0.475515	-1.055414	-0.869807	-2.025412	0.510329	-1.217080	-0.394220	-0.919459	0.480950	0.319613	-0.585666	-1.325242	-0.345584	-1.075519	0.122821	0.197691	-1.073393	-1.788210	0.023493	0.142366	-1.083875	-0.926086	-2.176335	-1.946642	0.854985	0.337740	1.442879	1.052260	-0.719585	-0.994885	-1.571278	-0.625291	-1.137322	-1.241446	-0.625233	-0.255954	-0.404283	-0.404638	0.104991	0.695609	-0.427590	-0.019466	-0.843793	-0.905057	-0.285122	-0.915713	-1.913493	-1.591124	-2.174389	-1.875163	-1.665941	-1.716548	-0.951523	-0.360109	-1.461505	-1.412113	-1.442114	-1.410194	-0.185819	-0.541313	0.910721	0.661637	-1.488623	-1.249915	-0.655520	-0.080679	-1.535734	-0.645887	-1.508790	-1.497819	-1.648160	-0.761411	-0.351019	-0.788220	-1.289121	-0.593267
-0.278873	-0.337293	-0.543165	-0.129540	-0.646436	-0.548088	-0.359935	0.227637	-0.813559	-0.237494	-0.288294	-0.516544	-0.485405	-0.829657	-0.148670	0.203110	0.822231	-0.142901	0.118680	-0.067030	0.054982	-0.113569	-0.171580	-0.022547	0.049849	-0.161724	-0.159914	0.173729	-0.248972	0.262081	0.089240	0.388668	-0.286669	-0.460386	0.072723	-0.134368	0.077741	-0.070585	0.431132	0.276794	0.399975	-0.088979	0.323611	0.204776	-0.308012	-0.679999	0.277271	0.097697	0.192525	0.020862	-0.716554	-0.833024	0.069807	0.264181	-0.169204	-0.443122	-0.712494	-0.642851	0.849860	0.601642	0.987260	0.667123	-0.304740	-0.409449	-0.694370	-0.757111	-0.359937	-0.046897	0.731851	0.540802	0.486641	0.587519	0.284392	0.515794	-0.272605	0.927789	0.586671	0.141921	-0.270629	-0.169396	0.003648	-0.167131	-0.290510	-0.173932	-0.182594	-0.321723	0.037326	-0.111978	-0.190562	0.266706	-0.180927	-0.236463	0.069533	-0.139898	-0.168145	-0.130953	-0.216954	0.082609	-0.092086	0.011841	-0.325754	0.175764	-0.483085	-0.175989	-0.334705	0.073210	-0.406566	0.249983	-0.207643	0.092255
-0.235115	-0.140225	1.054447	1.029584	-0.554089	-0.321385	-1.255448	-0.162284	0.786716	1.196725	0.644666	0.935777	0.336247	-0.008133	0.144543	0.585187	0.685387	0.389817	0.253483	0.571276	0.830379	0.189755	-0.665061	0.409113	0.190218	0.927305	-0.142109	1.054049	0.228317	0.332403	-1.093478	-0.409804	0.074458	0.254276	-0.561250	0.348872	1.075540	1.668041	-0.250889	1.304211	0.514880	0.335714	-0.932343	-0.696661	-0.206609	-0.011350	-0.000260	0.447591	-0.032452	-0.597848	-0.397601	0.456646	0.173025	0.325707	0.369403	-0.212096	0.863615	0.515873	-0.590599	0.036531	-0.780632	-0.849904	-0.056975	-0.148305	0.664756	-0.322649	0.465534	0.553556	0.988271	0.334114	0.085019	0.176925	-0.208285	0.017821	-0.445857	0.617492	0.748247	0.139548	-0.584687	-0.045118	1.562655	1.144521	1.291281	1.178884	0.801580	0.768762	0.399240	0.009945	0.449465	1.083367	0.706740	0.470519	-0.309931	-0.464133	-1.229389	-0.883969	0.755420	0.632701	0.302333	-0.289674	0.769426	0.197708	0.716978	0.470963	0.564551	0.277698	-0.219487	0.427804	0.244987	0.542345
0.409554	0.401509	1.619282	1.061359	0.244902	0.515779	-0.366619	-0.136578	2.100723	1.651938	1.237313	1.834606	1.091539	1.012843	0.572477	0.371208	0.119030	0.223632	0.307850	0.683135	0.790968	0.058480	-0.469262	0.611901	0.391519	1.355484	0.054040	1.119657	0.567616	0.069678	-1.129976	-0.975270	0.769544	0.878032	-0.203500	0.728792	1.747566	1.991656	-0.336918	1.243194	0.351046	0.336733	-1.282654	-0.948577	0.018019	0.496965	-0.508230	0.147366	-0.400987	-0.866780	0.229160	1.323802	0.258950	-0.045455	0.570454	-0.172275	1.618408	0.860477	-1.671365	-0.409006	-1.850356	-1.803104	0.029977	0.090069	1.561295	0.673816	1.026982	0.442586	0.142117	-0.695328	-0.593488	-0.784383	-0.399833	-0.793175	-0.158815	-0.512314	-0.190412	-0.402557	-0.581942	-0.290826	1.802607	1.633118	1.672923	1.579523	0.928546	1.106587	0.177860	0.251613	0.445774	0.687789	1.059703	0.566081	-0.547038	-0.612368	-1.121516	-0.953489	1.071775	0.435738	0.718997	-0.369367	1.479759	-0.277336	1.492380	0.362395	0.809762	0.271946	0.370367	-0.310762	0.236447	0.600769
1.295105	1.092336	1.062582	0.832423	1.362972	1.626978	1.521028	0.758023	2.373024	1.271136	1.473061	1.974912	1.736530	1.733565	1.273206	0.221156	0.116097	-0.275906	0.698397	0.835793	0.266800	0.237735	0.807068	0.975579	0.994448	1.498379	0.459467	0.283933	0.883157	-0.534649	0.251221	-0.466525	1.596492	1.361902	0.910624	1.362554	1.944698	1.334056	0.633350	0.716199	0.499590	0.493179	0.227637	0.143766	0.582446	0.799937	-0.355556	0.113894	-0.316705	-0.114794	1.373167	1.465421	0.368365	-0.592913	1.030240	0.185102	1.643089	0.775200	-0.863101	0.039100	-1.069733	-1.132510	0.246762	0.656949	1.572328	1.314060	1.382335	0.537478	-0.530326	-1.069098	-0.199702	-0.697372	0.296400	-1.334075	0.849682	-0.885834	-0.638094	-0.266142	0.111133	-0.060392	1.177745	1.363969	1.299460	1.368711	0.887816	1.110011	0.165319	0.443939	0.631377	0.269197	1.239256	0.553456	-0.088081	0.120825	-0.120928	-0.413349	1.151788	0.583840	1.135237	0.191398	1.774743	-0.354202	1.575268	0.558993	1.060093	0.686546	0.969240	-0.631084	0.713842	0.726140
1.701380	1.405903	-0.073301	0.637778	1.526137	1.667698	2.173238	1.396008	1.427852	0.559471	1.132264	1.263351	1.631055	1.317822	1.578271	0.179115	0.369093	-0.486615	0.848253	0.774679	-0.133128	0.693637	1.876841	1.159326	1.362290	1.159730	0.764302	-0.713920	1.090733	-0.883841	1.571843	0.664053	1.505438	1.084858	1.244686	1.541413	1.372001	0.585194	1.431410	0.220869	0.599273	0.685503	1.835075	1.363402	0.958380	0.622709	0.249395	0.464600	0.461633	1.148021	2.122787	0.885408	0.508587	-0.731541	1.410256	0.654841	1.048427	0.445995	0.897757	0.776392	0.368607	0.249418	0.551534	1.018642	0.789808	0.696604	1.379982	1.046275	-0.436275	-0.211047	0.650972	0.303566	1.136065	-1.001147	1.570554	-0.009215	-0.090863	0.561721	0.839473	0.560823	0.378285	0.528746	0.687172	0.698153	0.798625	0.857200	0.396818	0.112875	0.871911	0.391803	0.948437	0.378468	0.499264	0.994366	0.595404	0.202567	0.940384	1.054590	1.017867	0.844749	1.176489	0.012338	0.791991	1.136965	1.223922	1.038238	0.967826	0.108048	1.344308	1.031384
1.261662	1.161762	-0.878743	0.100330	0.198275	0.234829	0.857771	0.794915	-0.184615	-0.268848	0.135714	-0.109337	0.434638	-0.173735	0.974664	0.018591	-0.128434	-0.064452	0.090838	-0.018706	-0.197627	0.763251	1.359378	0.518393	0.754514	0.098028	0.756921	-0.936822	0.887766	-0.462724	1.447896	1.351029	0.160492	-0.030602	0.196766	0.543136	0.003603	0.150482	0.817594	-0.319944	0.085619	0.326410	1.491268	1.355687	0.603507	0.069667	0.623935	0.765387	1.393671	1.751116	1.333685	-0.066781	0.586674	-0.248553	0.957500	0.641789	-0.138709	-0.233123	1.549095	0.813498	0.825510	0.918131	0.680446	0.637097	-0.248687	-0.687939	0.826338	1.222673	-0.128640	0.811490	0.535204	0.787066	1.186505	0.002939	1.087508	1.054507	0.414992	1.021628	0.780436	0.731763	-0.260966	-0.566707	-0.009005	-0.344027	0.192075	0.127226	0.263283	-0.648251	0.347944	0.350060	-0.166392	-0.251310	0.577821	1.081909	0.515965	0.529886	0.122686	0.800480	0.167049	0.797270	-0.296514	0.234719	-0.520543	1.108554	0.643863	0.437420	0.273831	1.000885	0.899384	0.961840
0.286760	0.730307	-0.544086	-0.525110	-1.397826	-1.132162	-0.777580	-0.265794	-1.511615	-1.024233	-0.959380	-1.369978	-0.956097	-1.348095	-0.021596	0.042199	-1.195467	0.902057	-1.053247	-1.035648	-0.021571	0.398490	-0.320359	-0.736184	-0.489042	-0.931024	0.610850	-0.090629	0.216285	0.440220	0.227099	1.237766	-1.147534	-0.858344	-0.927740	-0.931179	-1.453448	0.028038	-0.700595	-0.862433	-0.714167	-0.488146	-0.308894	0.534594	-0.134570	-0.112250	0.721059	0.980149	1.641363	1.219636	-0.679336	-0.718494	0.451319	0.390019	-0.093043	0.233742	-1.294053	-0.844100	0.593827	0.225690	0.334688	0.765436	0.514292	-0.009315	-0.797405	-1.296733	0.002860	0.658892	-0.107619	0.853083	-0.364072	0.266709	0.606389	0.769104	-0.052175	1.217872	0.120537	0.537257	0.158848	0.221319	-0.554947	-1.258922	-0.486837	-1.082186	-0.688701	-0.682857	-0.228386	-1.016753	-0.748878	-0.366781	-1.324991	-0.877433	0.436139	0.659962	0.193775	0.532458	-0.809648	-0.291171	-0.735482	0.043713	-1.317295	0.207541	-1.354689	0.241942	-0.390976	-0.850834	-0.483747	0.969563	-0.543728	0.133789
-0.610088	0.386396	0.816435	-0.357430	-1.613711	-0.833618	-0.961011	-0.345190	-1.837440	-1.294324	-1.341991	-1.700695	-1.193527	-0.968268	-0.562408	0.603984	-1.424098	1.817403	-1.303895	-1.101342	0.158440	0.207719	-1.334929	-1.560098	-1.227582	-0.832147	0.584164	0.944290	-0.450902	0.903983	-0.591055	0.887800	-0.904518	-0.371689	-0.616311	-1.354291	-1.973643	0.096329	-1.556967	-0.979218	-1.020103	-0.962253	-1.303047	0.313936	-0.455543	0.487590	0.890234	1.254060	0.942238	0.200230	-2.106484	-0.575646	0.024157	0.494480	-0.766757	0.057292	-1.480663	-0.659862	-0.596756	-0.130545	-0.039543	0.597685	0.064724	-0.074754	-0.537473	-0.453108	-0.530377	-0.146804	-0.142155	0.124150	-0.530534	-0.257489	0.250910	0.689597	-0.499208	0.471586	-0.381370	-0.351652	-0.019508	-0.270153	-0.467034	-0.988032	-0.311313	-0.770443	-0.795408	-0.674498	-0.377863	-0.445678	-1.090066	-1.034402	-1.183253	-0.623459	0.613526	0.503711	0.166618	0.184610	-0.827078	-0.951256	-0.935263	-0.758231	-0.552761	0.303671	-1.010404	-0.436223	-0.659012	-1.515921	-0.598175	0.163840	-1.340611	-0.913537
-1.013734	-0.047569	1.961040	0.623701	-0.417265	0.588326	0.100118	0.565584	-1.081238	-0.870064	-0.818128	-1.086520	-0.116482	0.495074	-0.630069	1.126949	-0.212008	1.734786	-0.239747	-0.031833	-0.031821	0.249642	-0.621477	-1.293968	-0.831016	0.310746	0.622546	0.776374	-0.456955	0.329911	-0.210458	0.819793	0.656918	0.864797	0.859014	-0.285608	-1.131839	0.155936	-1.105287	-0.478296	-0.731262	-0.732194	-0.460308	1.015763	-0.202204	1.185297	0.995230	1.196071	-0.026398	-0.347002	-1.572782	0.135823	-0.455315	-0.017502	-0.749914	0.231489	-0.640694	0.196448	-0.808374	0.028492	-0.047591	0.572250	-0.588537	0.427920	0.038465	0.752553	-0.630149	-0.621458	0.019759	-0.377518	0.466156	-0.000370	0.425254	0.088346	0.181188	-0.623899	-0.281740	-0.890601	0.610196	-0.221352	-0.312704	-0.034376	0.372868	0.277781	0.189900	0.303871	-0.024015	0.528335	-0.042563	-0.686565	0.352205	0.476070	0.873660	0.555319	0.192839	-0.544151	0.146206	-0.349372	-0.650115	-1.151855	1.383048	0.421021	-0.052060	-0.271394	0.227365	-0.938595	-0.042842	-0.492045	-0.589996	-1.195921
-0.833966	-0.638886	1.654672	1.182467	0.687573	1.199509	0.918629	1.112137	0.248092	-0.129048	-0.008722	-0.255935	1.012854	1.451424	-0.863787	0.519335	1.141143	0.175509	1.068231	0.902636	-0.733986	-0.202744	0.914172	-0.396598	0.201579	1.223826	0.417764	-0.841965	0.339460	-0.818921	0.699761	0.804977	1.753917	1.325344	1.788729	1.051842	0.480081	0.026250	-0.147385	0.208851	-0.443524	-0.337688	0.987424	1.548500	0.073487	1.050318	0.528842	0.264242	-0.259953	-0.045227	0.299386	0.656957	-0.417193	-0.401062	-0.587072	0.287903	0.214647	0.670765	-0.281411	0.127114	-0.313633	0.094425	-1.123014	0.766304	0.210040	0.895759	-0.660992	-0.766506	0.019614	-0.286669	1.180930	0.397746	0.550415	-0.283091	1.083147	-1.695187	0.091785	-1.033656	1.217410	-0.032566	-0.472340	0.637752	0.721054	0.826912	1.092781	1.181837	0.100724	0.856046	1.290920	0.382310	1.723363	1.254694	0.577414	0.203962	-0.126579	-1.234844	0.856640	0.677967	-0.706411	-1.170543	2.291961	-0.055835	0.335612	0.008079	1.094849	-0.026249	0.544921	-0.590186	0.560254	-0.442140
-0.213326	-0.914319	0.061131	0.468213	0.727666	0.332407	0.803941	0.540625	1.325007	0.363558	0.344730	0.209322	1.032191	1.152160	-1.373543	-1.273247	1.023607	-1.964305	1.224253	0.549076	-1.394941	-1.311486	1.522532	0.166722	0.908262	1.001004	-0.191016	-2.358962	1.289338	-1.416215	1.055829	0.329460	1.245901	0.500049	1.126662	1.243975	1.701874	-0.253752	0.354959	0.507606	-0.503492	-0.366758	1.469608	1.069550	0.074665	0.197315	-0.493458	-1.219877	0.488714	0.776986	1.619103	0.502557	0.451427	0.069726	-0.542215	0.156815	0.330822	0.236473	0.134556	-0.211327	-0.886117	-0.826016	-1.069493	0.623758	-0.021168	0.032136	-0.829567	-0.747136	-0.521117	-0.076288	0.300694	-0.086301	-0.000320	-0.124505	1.218841	-2.399068	-0.138908	-1.178958	0.903645	-0.306009	-0.843313	0.421243	0.142355	0.199946	0.676623	0.881072	-0.400938	0.194779	1.451534	0.877239	1.503920	0.820135	-0.209657	-0.493837	-0.483386	-1.020951	0.298091	0.836939	-1.205156	-0.914713	0.999488	-1.116470	-0.089515	-0.411813	0.799604	0.089678	0.611581	-0.401111	0.655763	0.571913
0.541323	-0.444755	-1.359967	-0.681616	0.378079	-0.635549	0.435783	-0.394735	1.444626	0.468175	0.064401	0.357563	0.186177	0.401217	-1.412006	-2.823314	-0.326323	-2.819230	0.037625	-0.609512	-1.209367	-1.936124	0.609193	-0.022944	0.811846	0.088207	-0.949707	-2.047120	1.519526	-0.951402	0.664958	-0.521226	-0.051977	-0.503922	-0.363699	0.238535	1.700898	-0.461351	0.371740	0.327522	-0.620089	-0.618382	0.988718	0.100609	0.182793	-0.389922	-1.372687	-2.154904	1.362199	1.550933	1.345810	-0.065469	1.587921	1.152258	-0.173257	0.434497	0.162701	-0.234596	0.295793	-0.499357	-0.834207	-1.111661	-0.379852	0.419869	0.036683	-0.554796	-0.787347	-0.467954	-1.161074	-0.055445	-1.451633	-1.152150	-1.069463	0.265460	0.653457	-2.184309	-0.859395	-1.340267	-0.050100	-0.823269	-0.942731	-0.286874	-0.886880	-0.869570	-0.639585	-0.342761	-0.812115	-0.808153	0.492305	0.203979	0.065133	-0.340956	-0.684993	-0.777672	-0.195453	0.470088	-0.884565	0.147554	-1.238857	-0.321555	-1.127453	-1.735135	-0.328062	-0.926224	-0.164402	-0.389532	0.282141	-0.034319	0.008363	0.962535
1.079145	0.422193	-1.466895	-0.812834	0.689335	-0.336149	0.593173	-0.659730	0.576592	0.375263	-0.486158	0.426565	-0.352412	0.257645	-0.466279	-2.754561	-1.092736	-1.404746	-1.351471	-1.088986	-0.213668	-0.998658	-0.724494	-0.574533	0.141765	-0.441399	-1.351803	-0.128910	0.796918	-0.203482	0.211106	-1.027967	-0.563275	-0.474892	-1.172614	-0.808105	0.635367	-0.458095	0.427134	0.012162	-0.451943	-0.468030	0.672867	-0.280244	0.724098	-0.194530	-1.569436	-1.892023	1.319708	1.895394	0.286151	-0.434624	1.931378	1.825367	0.738417	1.359950	0.558653	0.334119	0.696269	-0.089109	0.451089	0.049776	0.339668	0.508866	0.674011	-0.202786	-0.133633	0.066281	-0.978223	0.155174	-2.142646	-1.354094	-1.835618	0.552214	0.171520	-0.912921	-0.968309	-1.058069	-0.545857	-0.787063	-0.619772	-0.639039	-1.312312	-1.177880	-1.267679	-1.252432	-0.368426	-1.398879	-0.252710	-0.786954	-1.017045	-1.070108	-0.421059	-0.360770	0.730942	2.337761	-1.185413	-0.273437	-0.211564	0.532962	-1.818453	-1.175856	0.415927	-0.284779	-0.400305	-0.326404	0.108792	0.750283	-0.009747	0.727695
1.167211	0.834467	-0.655691	0.147088	1.434379	0.707880	1.034972	-0.325962	-0.499732	0.093410	-0.870887	0.313734	0.003656	0.639266	0.792741	-1.351075	-0.268443	1.056489	-1.785627	-0.377927	0.549751	0.839291	-1.113570	-0.913269	-0.583540	-0.223946	-1.135141	1.376107	-0.267846	-0.319511	0.219777	-0.742503	0.048815	0.360080	-0.816514	-0.947575	-0.499779	-0.335847	0.622940	-0.198627	-0.163397	0.155464	1.057308	0.162009	1.275175	0.220352	-1.279800	-0.930871	0.261077	1.673645	-0.096541	-0.361135	1.068667	1.373943	1.534674	2.109234	1.381512	1.551544	1.412080	0.823331	2.183182	1.918930	0.464092	0.623265	1.142709	0.270320	0.835315	0.401183	0.201958	0.915713	-1.056962	-0.099232	-1.682553	0.731256	0.172128	0.533945	-0.039853	-0.160427	-0.134148	-0.017231	-0.318669	-0.379204	-0.753251	-0.536219	-0.546159	-1.183932	0.453558	-1.477754	-0.041490	-0.992981	-0.925629	-1.004560	0.025262	0.075263	1.398527	3.054745	-0.211586	0.075554	1.113454	1.204670	-0.635910	-0.166836	1.531398	1.394826	0.381066	0.641155	0.270661	1.761666	0.829222	0.524482
0.703234	0.323352	-0.243636	0.751053	1.418155	0.844872	0.865176	-0.291605	-0.915655	-0.513309	-0.912895	-0.237088	0.589838	0.571510	1.115256	-0.142750	1.042163	2.178082	-1.246318	0.401334	0.258543	1.710972	-0.542356	-0.902650	-0.978063	0.044895	-0.628166	1.002587	-0.895206	-1.327584	0.447342	-0.133710	0.622056	0.669915	-0.177319	-0.405844	-0.851109	-0.337508	0.468954	-0.419178	-0.205058	0.556848	1.476322	0.612749	1.092041	0.003532	-0.981146	-0.230378	-1.031296	0.850559	0.493880	-0.165724	-0.333138	0.050630	1.366079	1.614951	1.545089	1.848814	1.719523	1.289946	2.850084	2.791275	0.081419	0.318675	0.478765	-0.194067	1.183041	0.075640	1.316344	1.755551	0.440407	1.267970	-0.869757	0.863971	0.251152	0.949580	0.856843	0.777750	0.418583	0.625266	-0.478267	-0.079921	0.025418	0.077768	0.411827	-0.736956	0.514399	-1.354831	0.404765	-0.447580	-0.367975	-0.823791	-0.116085	-0.173177	1.026398	1.990548	0.782739	0.397401	1.401068	1.209906	0.626835	-0.049481	1.689952	2.362201	0.913866	1.492741	0.264194	2.084653	1.285023	0.626391
-0.318567	-0.822790	-0.812894	-0.066501	0.157088	-0.542546	-0.293376	-0.964949	-0.624825	-1.198304	-0.713056	-1.080459	0.367491	-0.445795	0.101408	-0.020353	1.101957	0.956808	-0.573066	0.040247	-0.667094	0.766548	-0.183481	-0.761690	-0.928397	-0.442165	-0.462692	-0.524933	-0.905333	-1.985352	0.341848	-0.072952	0.088948	-0.317131	-0.186636	-0.125449	-0.557550	-0.686437	-0.349413	-0.774462	-0.680371	0.146620	1.084641	0.260005	0.087750	-0.904070	-0.714674	-0.144738	-1.912763	-0.483215	0.953713	-0.281934	-1.399056	-1.250672	0.202283	-0.101587	0.442174	0.494897	0.947804	0.672438	1.819142	1.799662	-0.162309	-0.343268	-1.209957	-1.293550	0.289326	-0.751681	1.156172	1.742893	0.697742	1.061265	-0.280076	0.748103	-0.179169	0.169010	0.533963	1.026683	0.211078	0.307084	-0.916491	-0.307609	0.025165	-0.208479	0.240202	-0.787447	-0.336220	-1.105319	0.083184	-0.042323	-0.329282	-1.100132	-0.727697	-0.827427	-0.132660	0.036753	0.502486	-0.189098	0.341935	0.575877	0.237552	-0.970639	0.511679	1.283338	0.084231	1.111188	-0.385101	1.053101	0.463262	0.525789
-1.649963	-1.930374	-1.537350	-1.572841	-1.431708	-2.322947	-1.774968	-1.719139	-0.349090	-1.320244	-0.493591	-1.620018	-0.793783	-1.728565	-1.393234	-0.338764	-0.229873	-1.099868	-0.290766	-1.095576	-1.134711	-0.855356	-0.755507	-0.591526	-0.571227	-1.491169	-0.870374	-1.289612	-0.759096	-1.222691	-0.189464	-0.759946	-1.210305	-1.840622	-0.631623	-0.531160	-0.420251	-1.361989	-1.341716	-0.992880	-1.091358	-0.721601	-0.004252	-0.740842	-0.952519	-1.643176	-0.155413	-0.274910	-2.416787	-1.931317	0.303600	-0.742297	-1.981271	-1.763740	-1.149487	-1.826835	-1.127980	-1.324822	-0.596781	-0.645551	-0.019965	-0.222502	0.120714	-0.845228	-2.680196	-1.587952	-1.366444	-1.416615	-0.133878	0.633975	-0.134560	-0.409705	-0.486092	0.161087	-1.111031	-0.752358	-0.610706	0.574854	-0.545791	-0.593559	-1.018309	-0.808179	-0.774578	-1.100956	-0.866758	-1.249743	-0.999641	-0.499370	-0.833907	-0.160714	-0.670747	-1.420514	-0.870747	-0.979059	-1.085302	-1.359657	-0.732951	-1.313934	-1.007241	-0.098397	-1.465273	-1.679772	-0.946520	-1.044175	-1.530071	-0.259631	-1.289190	-0.743744	-1.031072	-0.307029
-2.697281	-2.494992	-1.291253	-2.109273	-2.113484	-3.042264	-2.549464	-1.756317	-0.591868	-0.592808	-0.412320	-1.428683	-1.956592	-2.167164	-2.326314	-0.079714	-1.433471	-1.737029	-0.125189	-1.541423	-0.740483	-1.565820	-1.607069	-0.306681	-0.209021	-2.002200	-1.429430	-0.444676	-0.918381	0.572992	-0.711218	-1.450550	-2.025991	-2.428295	-0.587187	-1.024624	-0.758013	-1.958729	-1.610268	-0.624507	-0.824620	-1.113037	-0.859699	-1.497963	-1.202021	-1.364051	0.662079	-0.235498	-2.772843	-2.882354	-1.074973	-1.151908	-2.422510	-1.403969	-1.894733	-2.434974	-1.782777	-1.858949	-1.877548	-1.708059	-1.249268	-1.732944	0.612695	-0.899670	-2.852850	-0.345110	-2.609827	-1.466630	-1.108969	-0.739589	-0.498752	-1.106600	-1.182462	-0.626690	-1.895408	-0.878144	-1.016523	0.039220	-0.818077	-0.886004	-0.465936	-0.814045	-1.407627	-1.544449	-1.442044	-1.262353	-0.641073	0.500394	-1.235424	-0.233517	-0.484638	-0.964282	-0.006886	-0.349886	-1.180328	-1.577947	-1.427387	-1.743142	-1.460048	-0.252908	-2.670847	-1.235192	-1.440635	-2.561827	-2.314908	-1.244851	-1.540194	-1.893839	-1.998018	-1.594918
-2.916197	-2.476594	-0.135952	-1.119525	-1.656978	-2.513451	-2.280925	-1.205103	-1.041086	0.419497	-0.483858	-0.784834	-2.202367	-1.501878	-2.527287	0.646580	-1.329251	-0.560529	0.296173	-0.675802	-0.120097	-1.227813	-1.712544	-0.011439	-0.130842	-1.282350	-1.636335	0.968368	-1.278197	1.951578	-0.868976	-1.359133	-1.716056	-1.568616	0.173988	-0.841857	-1.005233	-1.956575	-0.884287	0.280181	0.071230	-0.676474	-0.857775	-1.480278	-0.657474	-0.231962	1.068982	-0.233340	-2.853828	-2.971874	-2.016586	-1.146120	-2.704552	-0.772007	-1.909400	-2.003141	-1.147842	-0.866948	-2.192729	-1.967235	-1.302530	-2.001899	0.684034	-0.818404	-1.902821	1.356607	-2.777352	-1.114415	-0.753785	-1.380601	0.265543	-0.037054	-1.641566	-0.935443	-1.928183	-0.434146	-0.029171	-0.238759	-0.200423	-0.155390	0.340707	-0.107778	-1.151600	-1.022799	-0.689195	-0.491059	0.217328	1.441672	-0.565750	0.253796	0.415371	0.264758	1.162161	0.212224	-0.702016	-1.123250	-0.846737	-0.991517	-0.942778	0.031708	-2.249650	-0.251933	-0.898270	-2.302794	-1.602078	-0.973150	-0.922008	-1.624643	-2.013138	-2.473971
-2.365834	-2.188364	0.738593	0.218052	-0.838307	-1.699006	-1.563596	-0.935784	-1.122973	0.866946	-0.641008	-0.385126	-1.595214	-0.583599	-2.447484	0.857026	-0.376388	0.701242	0.733739	0.511512	0.015470	-0.902189	-1.106247	-0.037881	-0.367480	0.013901	-1.527879	1.404590	-1.288375	1.942799	-0.804842	-0.628669	-0.875020	-0.296751	0.742540	-0.151346	-0.620034	-1.286158	0.086407	1.022649	0.786218	-0.018156	-0.341116	-1.078592	-0.058808	0.628472	0.508513	-0.655850	-2.396282	-2.384198	-2.001461	-0.816743	-2.384987	-0.562844	-1.582197	-1.455983	-0.212509	0.235604	-1.679719	-1.595577	-0.675152	-1.424133	0.108179	-1.030073	-0.879861	1.798534	-2.259573	-0.931992	0.325642	-1.159886	0.982233	1.317662	-1.575560	-0.477130	-1.294852	-0.211104	1.203501	-0.507586	0.444901	0.606655	0.645353	0.623970	-0.394608	-0.119591	0.510642	0.299877	0.500856	1.747518	0.467099	0.899646	1.096203	1.256731	1.388601	-0.245838	-0.412960	-0.757556	0.112360	-0.035753	-0.369648	0.217135	-0.805685	-0.008881	-0.249166	-1.263940	-0.431370	-0.074496	-0.248772	-0.556101	-1.526496	-2.410313
-1.644753	-1.876021	0.589873	0.513584	-0.408134	-1.344298	-1.151591	-1.247580	-0.819133	0.618478	-0.744389	-0.469992	-0.911844	-0.324721	-2.229385	0.253103	0.269365	0.506224	0.704629	0.805780	-0.273465	-1.051015	-0.732101	-0.392951	-0.577713	0.596269	-1.463104	0.564948	-0.634358	0.925097	-0.869279	-0.150612	-0.444496	0.031593	0.255208	0.134083	0.059960	-0.457525	0.360231	1.069019	0.689553	0.259220	-0.065560	-0.915447	-0.063381	0.332849	-0.560285	-1.230188	-1.545275	-1.608847	-1.510819	-0.565671	-1.410786	-0.876905	-1.200843	-1.280350	0.006984	0.253343	-0.828872	-0.946582	-0.049112	-0.665080	-0.685730	-1.403933	-0.449379	0.692093	-1.724879	-1.119058	0.853643	-0.757521	0.423734	1.074636	-1.312509	0.115414	-0.658464	-0.384612	1.259688	-0.846212	0.087090	0.303434	0.173496	0.713164	0.028110	0.324933	0.814357	0.267876	0.047975	1.373197	0.826757	0.968831	0.825744	1.210301	0.345754	-1.448109	-0.723660	-0.700213	0.231358	-0.114347	-0.421097	0.057817	0.269020	-0.673494	-0.125681	-0.848351	-0.164059	0.243220	-0.226541	0.073560	-1.028503	-1.616481
-1.200995	-1.437101	0.127641	-0.144584	-0.402320	-1.208684	-1.161188	-1.256301	-0.542501	0.405604	-0.468968	-0.433404	-0.627523	-0.643108	-1.540713	-0.243710	0.340014	-0.682156	0.347069	0.369661	-0.447397	-0.931191	-0.996282	-0.487022	-0.273676	0.099035	-1.405796	-0.501283	0.297890	-0.064985	-1.072322	-0.426027	-0.574289	-0.661382	-0.859862	-0.337931	0.320809	0.040760	-0.100179	0.808122	0.246579	0.417778	-0.255839	-0.908049	-0.645352	-0.707587	-0.889871	-1.037666	-0.808360	-0.990262	-1.101368	-0.498761	-0.469067	-1.198317	-0.680169	-1.007383	-0.260679	-0.411212	0.048822	-0.126632	0.314947	-0.054449	-1.023573	-1.344639	-0.328388	-0.476052	-1.146201	-1.167910	0.596876	-0.772525	-0.774403	-0.372805	-1.173729	-0.113853	-0.495097	-0.491273	0.312270	-0.640268	-1.044755	-0.721707	-0.417284	0.444754	0.066905	0.309891	0.197270	-0.269088	-0.251714	0.943503	0.413520	0.516784	0.204112	0.589609	-0.917689	-1.975806	-1.406924	-0.789218	-0.399505	-1.055253	-0.694937	-0.106881	0.310567	-1.042850	-0.190539	-1.064931	-0.773763	-0.160410	-0.458689	-0.263911	-0.564269	-0.623122
-0.891102	-0.656792	0.534108	-0.469481	-0.400208	-0.646888	-1.092196	-0.014342	-0.356150	0.849685	0.561740	0.446567	-0.456528	-0.659375	-0.279372	0.185752	0.483971	-1.281906	0.397488	0.429335	-0.236031	0.031013	-1.114369	0.194066	0.689903	-0.467478	-0.849947	-0.749439	0.787754	-0.546709	-0.996979	-0.896827	-0.613959	-1.118609	-1.252836	-0.713770	0.172344	0.281107	-0.397528	1.067447	0.552435	1.029314	-0.460722	-0.441686	-1.217232	-1.155241	0.229965	0.393673	-0.432290	-0.580735	-0.694425	-0.200792	-0.199652	-1.069429	0.100432	-0.087037	-0.005540	-0.543870	0.727740	0.745237	0.366748	0.219579	-0.588410	-0.514601	0.053848	-0.289073	-0.023435	-0.408255	0.435872	-1.125151	-0.860235	-0.896173	-0.964227	-1.262007	-0.548220	-0.333016	-0.193719	0.620676	-1.598445	-1.017189	-0.121794	0.627847	0.451281	0.560618	-0.060020	-0.144881	0.332890	1.064876	0.059183	0.347441	0.413102	0.581583	-1.092059	-0.813030	-1.920572	-1.012054	-0.615251	-1.297847	-0.263376	0.083473	-0.137715	-0.114855	0.160060	-0.781716	-0.969467	-0.230759	-0.087039	-0.946480	0.046732	0.211088
-0.321681	0.339783	1.782303	0.278940	-0.106378	0.453428	-0.457713	2.029492	0.148328	1.577400	2.180072	1.918334	0.104637	0.170365	1.024020	0.973976	0.994236	-0.713923	1.162744	1.517467	0.240771	1.102697	-0.181199	1.257160	1.807843	0.004090	0.379373	-0.112923	0.606548	-0.776452	-0.291031	-0.660206	-0.038435	-0.281060	-0.199910	0.045653	0.331932	0.603910	0.241115	1.877958	1.841765	1.842982	-0.228267	0.597014	-1.161522	-0.221280	2.029050	2.246649	-0.111478	-0.311808	0.028656	0.618670	-0.362402	-0.584603	0.892257	1.112245	1.027298	0.202078	0.876023	1.221112	0.012364	-0.061735	0.333944	0.780771	0.709773	0.904802	1.525073	1.076992	0.867599	-1.274335	0.662129	0.405594	-0.252871	-2.249197	-0.197352	-0.202809	0.472550	2.244853	-0.691176	0.135462	1.245196	1.361585	1.414907	1.381962	0.847181	1.087599	1.471413	1.550978	0.378364	0.831310	1.542334	1.566106	0.032908	1.414544	-1.782837	-1.370658	0.186859	0.214493	1.017262	0.434256	-0.096227	1.600240	0.814694	0.504984	0.088380	0.668035	0.855168	-0.996664	0.821668	0.672147
0.530659	1.056392	2.526107	1.393516	0.415061	1.497853	0.700868	3.222686	1.043102	1.587749	3.312308	2.722476	0.977200	1.340795	1.679423	0.843898	1.246850	0.078400	1.896164	2.585167	0.847372	1.103711	1.459214	1.665755	2.218894	1.241721	1.577740	0.827657	0.236551	-0.883916	0.804814	0.290235	0.897235	1.400727	1.555592	1.701563	1.049682	0.962280	1.553604	2.204452	2.905665	1.837490	0.323010	1.417250	-0.322212	1.396666	2.874653	3.013112	0.506612	-0.169614	0.880732	1.417189	-0.198180	-0.112927	1.174707	1.560583	1.804934	0.932465	0.344361	0.855357	-0.651313	-0.819689	1.103557	1.863651	1.137797	1.530041	2.433356	2.251997	1.242465	-0.838636	2.289184	1.978279	0.912564	-1.921655	0.633712	-0.156326	1.431732	2.723255	0.987977	1.745005	2.625392	1.754872	2.025999	2.049893	2.017217	2.371288	2.135814	1.566114	0.964097	1.282909	2.256023	2.509851	1.439797	2.927332	-0.783031	-1.375336	1.230970	2.465162	2.115057	0.465108	0.719295	2.651012	1.000057	1.780834	1.642656	1.640277	1.374531	-0.204145	1.440431	0.527613
1.223654	1.108717	1.709284	1.663232	0.823623	1.768841	1.783413	2.419275	1.599100	0.465969	2.745361	1.891076	1.403275	1.761923	1.496905	-0.409229	0.603827	0.078019	1.564534	2.148046	1.492961	-0.012578	2.371644	0.940042	1.457636	1.786616	1.773478	1.559453	0.136067	-0.463829	1.499464	0.926941	1.391483	2.371641	2.558587	2.768125	1.529599	0.926258	2.450463	1.191711	2.379301	0.530638	0.621498	1.164358	0.801443	2.210379	1.896026	1.999909	1.207229	-0.188790	1.180777	1.228658	0.502313	0.230933	0.660478	0.746296	1.212752	0.698824	-0.483648	-0.192487	-1.146627	-1.493291	1.246041	2.129768	1.014892	0.746356	1.776172	2.051062	0.801432	0.034902	2.314866	1.894015	1.783269	-0.392016	1.171307	0.253520	1.465385	1.424607	1.885759	2.237295	2.711979	1.046018	1.240080	1.615645	1.797017	2.244893	1.594684	0.619315	0.869283	0.813726	1.318435	2.091384	1.956737	2.494672	0.802831	-0.366902	1.285642	3.179898	1.942385	0.124693	1.493472	2.227026	0.237108	1.616177	2.121142	1.295706	0.858996	0.605582	1.351246	-0.253834
1.345734	0.647519	-0.162109	0.820451	0.730913	1.096663	2.055341	0.209869	1.052046	-1.033114	0.548408	-0.043752	0.759245	0.909000	0.858671	-1.502530	-0.611247	-0.519837	0.151063	0.130076	1.873484	-1.070728	1.626779	-0.230325	-0.032996	0.745536	0.836510	1.758151	0.082605	0.627020	1.154681	0.416135	0.872859	1.653144	2.037534	2.143019	0.903093	0.346915	2.085774	-0.617751	0.436007	-1.180601	0.248452	-0.036852	1.376024	1.537684	-0.096269	0.088594	1.369698	-0.325883	0.555414	-0.078134	1.096871	0.550739	-0.311452	-0.671830	-0.481749	-0.355058	-0.937088	-1.138653	-0.988078	-1.484411	0.851417	1.408360	0.554424	-0.627509	-0.004770	0.534411	-0.135270	0.832272	0.782013	0.301128	1.591998	0.976483	0.626368	1.149030	0.543405	-0.527270	1.262416	1.264480	1.364823	-0.355183	-0.613384	0.154842	-0.140701	0.564961	0.053436	-0.761877	-0.217656	-0.462768	-0.843902	0.291671	1.320875	0.611900	2.151010	1.415255	0.091933	1.376088	0.657107	-0.117356	1.146920	0.826898	-1.011789	-0.068075	0.927509	-0.351285	-0.065821	0.496669	0.265608	-1.172884
0.945860	0.210679	-1.538781	-0.228016	0.104704	0.077277	1.298444	-1.626498	-0.317603	-1.721807	-1.594762	-1.445764	-0.545929	-0.504344	0.277344	-1.234156	-1.432770	-0.717412	-1.161133	-1.799070	1.579093	-1.057613	-0.063499	-0.787320	-1.199187	-1.012211	-0.313207	1.207958	-0.389909	1.537409	0.021908	-0.796799	-0.355965	-0.041241	0.534757	0.392977	-0.530255	-0.330989	0.717149	-1.741430	-1.242534	-1.823337	-0.540530	-1.104121	0.980764	0.205232	-1.403142	-1.114671	0.745627	-0.392678	-0.445240	-1.340032	0.919184	0.722842	-0.923173	-1.440231	-1.722870	-1.157461	-0.698251	-1.256323	-0.226412	-0.730814	0.451586	0.217902	0.191879	-1.180379	-1.331453	-1.020128	-0.610741	1.122651	-0.727098	-0.932824	0.445295	0.999426	-0.716767	1.752445	-0.358702	-1.402467	-0.066360	0.006422	-0.204718	-1.250341	-1.927728	-1.131497	-2.113678	-1.211749	-1.415167	-1.508608	-1.451951	-1.459487	-2.416340	-1.417094	0.265322	-0.997020	2.390469	2.636288	-1.296702	-1.290066	-0.454414	0.047341	-0.313058	-0.451195	-1.737230	-1.659418	-0.788669	-1.661315	-0.350818	-0.414143	-1.206345	-1.430122
0.422779	0.165903	-1.404154	-0.513338	-0.473199	-0.385747	0.158775	-1.755388	-1.283126	-1.178429	-1.936062	-1.251300	-1.251906	-1.124074	0.007704	0.003799	-1.337997	-0.062534	-1.274524	-1.921138	0.617345	-0.128128	-1.084277	-0.495063	-1.286804	-1.765061	-0.680014	0.132398	-1.061746	1.173907	-0.847890	-1.397083	-1.215698	-1.029485	-0.673915	-0.868031	-1.513693	-0.579670	-0.521409	-1.409619	-1.304175	-0.928748	-0.933658	-1.067716	0.088362	-0.439699	-1.128770	-0.848309	-0.126744	-0.167485	-0.772770	-1.276000	0.129328	0.440702	-0.585228	-0.854771	-1.313530	-0.880580	-0.071528	-0.539989	0.535317	0.251866	0.400025	-0.466788	0.114666	-0.513425	-1.061085	-1.313309	-0.343840	0.860587	-0.963314	-0.668637	-0.658299	-0.069895	-1.542430	1.241729	-0.575329	-0.676259	-0.694353	-0.304754	-0.771401	-0.976824	-1.549173	-1.188899	-2.162726	-1.562787	-1.634614	-1.127548	-1.628454	-1.345295	-2.073725	-1.609470	-0.298604	-1.037897	1.433101	2.226438	-1.568217	-2.198170	-0.398901	0.322820	-1.521946	-0.882805	-1.328672	-1.481156	-1.308356	-1.246644	0.133522	-0.964379	-1.717556	-0.693806
0.120769	0.380793	-0.215864	-0.073265	-0.269848	0.072409	-0.345673	-0.386292	-0.949019	-0.128380	-0.524660	-0.037859	-0.564648	-0.348913	0.029746	0.667897	-0.640348	0.789214	-0.444283	-0.363590	-0.410891	0.779334	-0.678757	-0.046038	-0.509730	-0.890160	-0.185529	-0.638632	-1.078067	-0.340708	-0.609311	-0.666388	-0.822519	-0.467751	-0.751467	-0.738602	-1.259088	-0.390780	-0.752354	-0.381731	-0.217950	0.421668	-0.383013	-0.027928	-0.353240	-0.017428	0.007145	0.165316	-0.429165	0.379569	-0.017746	0.014277	-0.434755	-0.138767	0.410426	0.625281	0.249303	0.193520	0.398771	0.320825	0.714085	0.837375	0.452953	-0.100523	0.145561	0.436428	0.338011	-0.284165	0.088004	0.382704	-0.230122	0.262409	-0.801050	-0.827239	-0.861458	-0.051206	-0.335909	0.583004	-0.139923	0.235897	-0.387418	-0.106197	-0.080675	-0.274739	-0.334752	-0.508877	-0.413575	-0.240243	-0.510099	-0.457259	-0.389368	-0.470182	-0.145967	0.179423	0.207700	0.709772	-0.500951	-0.645447	0.456010	0.273274	-1.182078	-0.450889	-0.074343	0.331653	-0.212475	0.357914	0.527243	-0.276800	-0.511101	0.472490
0.121854	0.467420	0.611332	0.278159	0.708671	0.894363	0.141131	1.070066	0.304916	0.326696	0.858126	0.713438	0.882533	1.003484	0.233388	-0.123523	0.082136	0.907370	0.067921	1.028265	-0.837868	0.964871	0.376765	-0.089181	0.209737	0.504653	0.415785	-0.391658	-0.115592	-1.543117	0.484824	0.641765	0.525272	0.806602	0.003699	0.163897	-0.269218	-0.181003	-0.179374	0.044627	0.388519	0.736430	0.676553	0.971854	0.103477	0.634832	0.544351	0.592500	0.018484	0.940974	1.088071	1.139758	-0.195192	-0.245433	1.120307	1.791672	1.352310	1.041989	0.456726	0.605917	0.285470	0.776186	0.162670	0.768041	0.003498	0.537835	1.325845	0.927872	0.251531	0.195410	0.294882	0.442790	-0.046320	-0.208891	0.755486	-0.935387	-0.147873	0.969132	0.786290	0.570850	-0.062141	0.242289	0.830496	0.393484	1.286080	0.537121	1.072563	0.050185	0.837759	0.169231	0.841548	0.474034	0.179412	1.183017	-0.171052	-0.296592	0.832280	1.512607	0.905861	-0.026500	0.361172	0.347126	1.165790	1.933785	1.203870	1.347645	0.168725	1.145219	1.481195	1.134167
0.323183	0.266051	0.113337	0.105967	1.578538	1.217826	0.901451	1.342763	1.305705	-0.163154	0.727831	0.265452	1.698918	1.603859	0.500125	-1.540621	0.518835	0.258988	-0.381850	0.795131	-0.532900	0.482903	0.892091	-0.472439	0.191425	0.934776	0.461731	0.586541	0.928294	-1.175792	1.335049	1.059472	1.552196	1.343847	0.604952	0.662930	0.391077	-0.217580	0.331776	-0.454609	-0.247706	-0.273108	1.161809	0.976371	0.930069	0.604677	-0.156484	-0.145548	0.494583	1.008214	1.516795	1.054110	0.506719	0.549351	0.964747	1.728639	1.097618	1.043308	0.228168	0.197451	-0.280409	0.296796	-0.382420	1.022845	-0.325012	-0.273397	0.931464	1.234263	0.282453	0.572363	0.060868	-0.214039	0.706534	1.375882	1.619230	-0.791568	-0.119284	0.103698	1.049505	0.181547	-0.320524	-0.338179	0.354859	0.089995	1.033307	0.471460	1.352517	-0.643146	1.207979	0.032398	0.604505	0.180919	0.087159	0.881144	0.471917	0.091144	1.266905	2.129298	0.390608	-0.150792	1.422744	0.870096	1.650542	1.838727	1.462347	0.817790	-0.625693	1.951882	2.404338	0.915734
0.577639	0.020350	-1.257215	-0.138398	1.568162	0.840522	0.993170	0.386636	1.358156	-0.836749	-0.485721	-0.669176	1.283364	1.054394	0.688708	-1.901812	0.575917	-0.226680	-0.957859	-0.506034	0.098245	-0.106730	0.652506	-0.512045	-0.348654	0.190205	0.051426	1.254347	0.882059	0.473504	1.137635	0.100704	1.348554	0.743594	0.496147	0.410506	0.325867	-0.308219	0.337638	-1.032004	-1.140832	-1.367152	0.519430	0.018600	1.211303	-0.043469	-1.303978	-1.357753	0.237910	0.339786	1.096676	0.200212	0.790139	1.459698	0.333327	0.580032	0.169422	0.533794	-0.069925	-0.404725	-0.555011	-0.195938	-0.539521	0.239757	-0.452161	-0.950231	-0.292536	0.632226	0.241338	1.139611	-0.374354	-0.572912	0.718471	2.400277	0.790944	-0.076516	-0.068916	-1.154176	0.531517	-0.290026	-0.601758	-1.113460	-0.707128	-0.621891	-0.387685	-0.274516	0.234696	-1.478323	0.571279	-0.324101	-0.355684	-0.731724	-0.361357	-0.373801	1.208873	1.072733	0.778151	1.021185	-0.366146	0.028260	0.963766	0.798909	1.212708	0.483004	0.516962	-0.290969	-1.099185	1.457030	1.478326	0.284417
0.772631	0.113984	-2.056129	0.098569	0.919144	0.381095	0.401275	-0.717127	0.803120	-0.664383	-1.131863	-0.854778	0.379666	0.183328	0.720244	-0.466611	0.263420	0.192126	-0.443996	-1.090024	0.558877	-0.259946	0.410588	0.182574	-0.633330	-0.570093	-0.177676	0.984752	-0.161536	1.963041	0.165708	-1.004906	0.344055	-0.036405	0.075856	0.041777	0.011705	-0.052823	0.171360	-0.868928	-0.905814	-1.134952	-0.596063	-0.939227	0.674424	-0.472121	-1.570060	-1.771895	-0.486464	-0.599773	0.521361	-0.201691	0.261472	1.188938	0.027655	-0.616214	-0.221877	0.212979	-0.317884	-0.616511	-0.513675	-0.454286	0.038775	-0.808699	0.063251	-0.526617	-0.948427	-0.036988	-0.154958	1.066120	-0.252080	-0.020699	0.190665	1.739362	-0.707632	0.610258	0.024150	-1.614730	-0.042839	-0.052332	-0.248889	-1.060448	-0.976825	-0.671006	-0.934446	-0.422702	-0.965688	-1.229577	-0.042963	-0.097743	-0.652375	-0.876025	-0.564168	-1.230356	1.068481	1.201823	0.315020	-0.317246	-0.340835	0.262125	-0.153071	0.416856	0.288488	-0.521721	-0.406453	-0.559350	-0.961250	0.283341	-0.158546	-0.051519
0.827622	0.646809	-1.288414	0.601868	0.478097	0.459099	-0.033889	-0.882595	0.339677	0.427773	-0.426033	0.018446	0.066926	-0.040843	0.660784	1.774746	-0.169434	1.126907	1.036158	-0.148977	0.553077	0.198987	0.707274	1.233873	-0.255943	-0.264121	0.191635	0.150457	-0.794772	2.178148	-0.617339	-0.630002	-0.236997	0.030282	0.025970	0.121286	-0.083728	0.647385	0.202207	-0.170353	0.386206	0.409319	-1.033651	-0.952049	-0.036972	-0.124375	-0.513151	-0.759384	-0.593794	-0.874962	0.352380	0.321544	-0.511944	-0.377147	0.293336	-0.885512	0.170852	0.291184	-0.424156	-0.288916	-0.390398	-0.423676	0.789342	-1.061241	1.104353	0.760042	-0.299903	-0.139323	-0.838783	0.023186	0.380311	0.681749	-0.011955	-0.114678	-0.971454	1.205833	-0.003909	-0.888358	-0.106789	0.649977	0.410644	-0.023699	-0.029880	0.171909	0.147771	0.452668	-0.909316	0.286940	0.117994	0.682955	0.054877	0.128712	-0.155625	-0.798819	0.132966	0.104524	0.550270	-0.664381	0.453122	0.408667	-0.268939	0.250400	-0.413218	-0.305549	-0.337735	0.165334	-0.468949	-0.487984	-0.807635	0.131689
0.606841	1.205900	0.572963	0.669747	0.498472	0.895931	0.094650	-0.099150	0.107520	1.365612	0.635650	0.977943	0.479008	0.372941	0.552532	3.116949	-0.341762	1.512097	1.937952	1.205342	-0.006718	0.966949	1.081089	1.755605	0.332395	0.810666	0.877645	-0.537916	-0.055595	1.222093	-0.658664	1.220985	0.178480	0.750965	0.300205	0.315113	-0.162116	1.335769	0.102156	0.192887	1.195422	1.758728	-0.516967	-0.071516	-0.224354	0.607522	0.927049	0.940130	0.374518	-0.041750	0.380482	1.072635	-0.682025	-1.731218	0.611237	-0.208999	0.524238	0.396323	-0.317532	0.224232	-0.352690	-0.113617	0.747588	-0.468773	1.816260	1.678841	0.969546	0.141106	-1.123434	-1.216389	0.729148	0.476955	0.565584	-1.461055	0.466683	1.646424	-0.192033	0.261674	0.119283	0.787971	0.443230	1.092949	1.277438	1.015486	1.514346	1.351844	0.273388	1.839089	0.678206	1.133728	0.841040	1.200845	0.449345	0.393204	-0.642196	-1.189780	1.101771	-0.202345	0.963138	0.505051	0.918588	0.365864	-0.455727	0.503359	0.416075	0.821216	0.092096	-0.481666	-0.126641	0.468505
-0.068947	1.129432	2.033097	0.048093	0.290678	0.911627	0.047892	0.596907	-0.302530	1.129053	0.576948	0.884598	0.724560	0.527853	0.232970	2.794008	-0.202995	0.922818	1.075545	1.302118	-0.946159	1.432698	0.606733	1.127329	0.305140	1.317731	1.186036	-0.913820	1.189658	0.047131	-0.417392	2.705810	0.828416	0.942750	0.077304	-0.200428	-0.681103	1.345989	-0.792371	-0.211339	0.359355	1.527475	-0.038650	0.641203	-0.068186	0.774608	1.377548	1.757734	1.463184	1.204945	0.017725	1.166709	-0.115091	-1.395339	0.357032	0.523057	0.083346	0.136944	-0.099956	0.449777	-0.386600	0.410314	-0.361360	-0.109687	1.306798	1.324464	1.488757	0.192163	-0.626800	-1.589991	0.171736	-0.616362	1.325032	-1.143130	1.910949	1.375706	-0.414814	0.716865	0.013823	-0.145688	-0.446767	1.258086	1.787748	0.915659	1.535579	1.095683	1.168981	2.061953	0.707089	0.599781	0.758148	1.112177	0.406058	0.981918	-0.652403	-1.573783	1.054501	0.062565	0.341262	0.326180	1.886586	0.322864	-0.047276	0.736247	0.744630	0.548537	0.582200	-0.186997	0.650371	0.501270
-1.105046	0.223394	2.020915	-0.762857	-0.719497	0.143649	-0.998803	0.325717	-1.046620	-0.024607	-0.719236	-0.245653	0.046559	-0.212887	-0.392795	1.512993	-0.069708	0.148222	-0.887456	-0.131141	-1.715868	1.196185	-0.850963	-0.311842	-0.598633	0.513719	0.782497	-1.298143	1.230401	-0.473919	-0.725916	2.234411	0.542812	-0.080864	-1.157951	-1.580345	-1.517226	0.534710	-2.374810	-0.875805	-1.451759	0.010654	-0.646124	0.268978	-0.351294	-0.098091	0.446330	0.825708	1.409547	1.679439	-0.892688	0.538254	0.544996	0.315661	-0.472694	0.516149	-0.952985	-0.416717	0.011830	0.291144	-0.354831	0.978845	-1.753007	-0.841976	-0.310574	0.044329	0.647643	-0.211488	0.054655	-1.037486	-1.009999	-1.583606	1.272433	0.264064	1.497650	0.062292	-0.623079	0.157004	-0.648118	-1.490955	-1.522202	0.347175	1.139381	-0.028823	0.199272	-0.197795	0.697113	0.973681	-0.102235	-0.502109	-0.120398	-0.095393	-0.617561	0.270108	-0.326322	-1.069608	0.093270	-0.461933	-1.132056	-0.553997	1.196072	-0.057667	0.201025	-0.002570	0.017948	-0.482026	0.797242	-0.154734	0.358757	0.204480
-1.855826	-0.801754	0.853457	-1.058442	-1.918298	-0.742207	-2.456647	-0.523281	-1.595508	-0.835462	-1.854739	-1.228107	-1.129735	-1.326194	-0.920134	0.494214	-0.010553	0.210170	-2.050998	-1.658706	-1.654998	0.519226	-2.146030	-1.376857	-1.641211	-0.781784	0.115171	-1.782426	-0.224043	-0.149561	-1.588823	0.338686	-0.711786	-1.533580	-2.669504	-2.805937	-1.877750	-0.399672	-3.391102	-0.927222	-2.397483	-1.119251	-1.989952	-0.812197	-1.272367	-1.414916	-0.901451	-1.004495	0.292511	1.029258	-1.757426	-0.137718	0.752198	1.682904	-1.181415	-0.040939	-1.661472	-0.765752	0.036835	0.152779	-0.103851	1.381730	-2.378592	-2.079893	-1.722744	-1.020593	-0.743722	-0.624594	0.150609	-0.457449	-1.810588	-1.596244	0.281497	1.233529	-0.452827	-1.509921	-0.830717	-0.713319	-1.414832	-2.162163	-1.856150	-0.751549	-0.001387	-0.806934	-1.101106	-1.216553	-0.680701	-0.127902	-1.035580	-1.114535	-0.895538	-1.177854	-1.933019	-1.033267	-0.420073	-0.524895	-1.032183	-1.347056	-2.348914	-1.944640	-0.594039	-0.289697	-0.029099	-1.005392	-1.180933	-1.467594	0.569177	-0.348011	-0.650121	-0.004346
-1.539349	-0.940014	-0.220527	-0.586837	-2.007389	-0.742934	-2.645404	-0.688015	-1.276285	-0.481581	-1.522251	-1.013667	-1.556386	-1.594249	-0.687730	0.260372	0.375350	0.912558	-1.283519	-1.713683	-0.657412	0.018586	-1.893504	-1.094275	-1.671458	-1.141206	-0.050751	-1.971013	-1.493334	0.525745	-1.973785	-1.009906	-1.577942	-1.951340	-2.955277	-2.603201	-1.123456	-0.547985	-2.584258	-0.067567	-1.459539	-0.708935	-2.544876	-1.274399	-1.992718	-2.039664	-1.378815	-1.940085	-0.477884	0.093398	-1.739494	-0.281829	0.671290	1.590355	-1.045973	-0.298929	-1.326727	-0.495697	0.293615	0.459343	0.339602	1.425807	-1.941912	-2.352150	-1.561604	-1.114273	-1.283867	-0.484820	-0.193098	-0.430257	-1.452644	-0.773684	-0.621008	1.019180	-1.756897	-1.987036	-0.856800	-1.050298	-1.626973	-1.757029	-1.229073	-1.004347	-0.618713	-0.617061	-1.223522	-0.941946	-1.520129	-0.223969	-1.138658	-0.685517	-0.808168	-1.019828	-2.412047	-1.641705	-0.965143	-0.501568	-1.260283	-1.617448	-2.347661	-2.722257	-1.503916	0.104440	-0.411293	-1.279763	-1.634095	-1.695253	0.150599	-0.399704	-1.042766	0.208511
-0.151853	-0.043302	-0.330391	0.262500	-0.624311	0.220562	-0.848169	0.362115	-0.105909	0.591913	0.094040	0.216834	-0.640009	-0.533066	0.364815	0.430782	1.199925	0.910078	0.653324	-0.239027	0.548122	-0.128588	-0.049967	0.298806	-0.293734	-0.242275	0.480941	-1.489180	-0.976258	0.845701	-1.076354	-0.713630	-0.900122	-0.882721	-1.367365	-0.870063	0.447902	0.217531	-0.214650	1.102120	0.533407	0.635559	-1.420670	-0.453482	-1.625510	-1.437266	-0.637744	-1.108123	0.105675	-0.171391	-0.648631	0.035677	0.760257	0.564432	-0.126263	0.093144	-0.141701	0.190183	0.876622	1.037224	0.645841	0.939698	-0.981186	-1.075608	0.161174	-0.409696	-0.427954	0.182789	-0.235129	-0.607226	-0.187232	0.134898	-0.432433	0.178305	-1.020161	-0.945373	-0.433353	-0.681423	-1.085847	-0.761818	-0.134335	-0.195317	-0.287520	0.322006	-0.323306	0.283269	-1.034750	0.413739	-0.288962	0.313786	0.051050	0.258165	-1.593158	-1.040200	-1.285618	-0.822180	-0.409573	-0.812327	-1.043242	-1.885599	-0.548586	0.829713	-0.423734	-0.618245	-0.817798	-0.954123	0.088620	-0.265120	-0.268052	0.631297
1.259126	0.936065	0.266256	0.805768	1.009664	1.089212	1.509476	1.597701	1.096045	1.349171	1.644851	1.390761	0.720680	0.899014	1.379270	0.452777	1.692372	-0.434690	2.007012	1.355604	1.080111	-0.273635	1.823776	1.594927	1.527643	0.829481	1.057644	-0.504548	0.751948	0.538272	0.471390	0.370616	0.674966	0.585766	0.937271	1.090805	1.732551	1.049599	1.957299	1.680837	1.933973	1.454035	0.468561	0.747063	-0.378154	-0.168776	0.553068	0.592904	1.334319	0.176539	0.715562	0.321417	0.960625	-0.250210	0.722143	0.532011	0.972765	0.608193	1.253385	1.173743	0.454687	-0.058718	-0.072516	0.709341	1.934222	0.434295	0.969658	0.790717	0.190920	-0.485860	0.944638	0.554985	0.548479	-0.500229	0.732701	0.630292	0.314856	0.045552	-0.232552	0.152572	0.826362	0.929861	0.469723	1.091618	0.591439	1.248335	0.138482	0.871732	0.642355	0.982228	0.868064	1.488680	-0.105472	0.166763	-0.923791	-0.978196	0.582228	0.457771	0.725121	0.148396	1.028020	1.128666	-0.045665	0.240627	0.486530	0.312255	0.523050	-0.250974	0.771202	0.720628
1.528929	1.014634	0.684261	0.669573	1.361577	0.847867	2.237917	1.544966	1.450072	1.324450	2.069927	1.753709	1.079332	1.285559	1.400929	0.240663	0.946367	-1.855845	1.813520	1.725541	0.832242	-0.522419	2.090224	1.855865	2.252120	0.960797	0.876964	0.377234	1.528666	0.001789	1.150687	0.682598	1.269800	1.089803	2.004042	1.879169	1.774064	1.015595	2.390127	1.335396	1.994358	1.194658	1.399365	0.886721	0.655393	0.764545	1.196118	1.562280	1.537244	0.267433	1.279785	0.259484	0.665958	-0.503120	0.762250	0.305029	1.262402	0.396577	0.754387	0.421610	-0.163577	-1.136253	0.710804	1.550609	2.206885	0.930306	1.570616	0.878341	0.469911	-0.175416	1.167624	0.512458	0.985091	-0.939016	1.405984	1.483069	0.821158	0.826787	0.311769	0.745423	1.379960	1.427944	0.782662	1.050581	0.784497	1.189207	0.845555	0.769869	0.737942	0.905952	0.905569	1.637297	1.003021	1.051735	-0.165014	-0.637384	0.715880	1.130705	1.840959	1.769506	1.228286	0.708759	0.199384	0.528354	1.054509	1.243014	0.916822	-0.428199	0.922871	0.263956
0.566102	0.231926	0.445494	0.099874	0.260587	-0.336768	0.788890	0.043667	0.836439	0.858001	1.457646	1.432362	0.103924	0.325673	0.420701	0.058928	-0.805609	-1.688928	0.606853	0.845615	0.422693	-0.484895	0.696315	1.196951	1.324647	0.206333	-0.091339	0.671530	0.260182	-0.213918	0.339264	-0.193452	0.051381	0.429156	1.103315	1.309943	0.654582	0.090905	1.209440	0.510655	1.262923	0.534006	0.768386	-0.284464	0.741481	0.886458	0.965448	1.161955	0.102985	-0.361433	0.777397	-0.020967	-0.368032	-0.605310	0.138829	-0.469535	0.795728	-0.075790	-0.506821	-0.792652	-0.708592	-1.657848	1.442674	1.116467	0.902689	0.969633	0.931629	0.549506	0.158965	-0.062676	0.632849	0.370642	0.141811	-1.392226	0.325063	1.302293	0.700181	1.481447	0.323544	1.092892	1.531928	1.028660	0.366080	0.380147	0.356505	0.402502	0.686055	0.427893	0.000594	0.397959	0.203122	0.732485	1.210797	1.206645	0.391285	0.112882	0.002757	0.812031	1.799520	1.837425	-0.340401	0.000868	-0.065455	0.255287	0.541568	1.277138	0.729894	-0.465675	0.150266	-0.359150
-0.548711	-0.530665	-0.125778	-0.360455	-0.999915	-1.328480	-1.128592	-1.483518	-0.023155	0.408855	0.595664	0.899339	-1.051555	-0.866345	-0.598741	0.016747	-2.139564	-0.237784	-0.436950	-0.244508	0.262719	-0.065931	-0.856404	0.365370	-0.186922	-0.531827	-0.990735	0.419492	-1.621328	-0.093907	-0.893511	-1.201190	-1.613172	-0.453048	-0.508571	0.315791	-0.538090	-0.821303	-0.183420	-0.144329	0.544502	0.159810	-0.368238	-1.492983	0.213028	0.477592	0.313364	0.155465	-1.594447	-1.080003	-0.035612	-0.212869	-1.356576	-0.733595	-0.410613	-1.021262	0.190836	-0.298556	-1.500640	-1.509240	-0.775245	-1.378938	1.798310	0.251990	-0.612893	0.662689	-0.115811	0.190233	-0.387916	-0.141049	0.016628	0.295820	-1.086907	-1.633591	-1.126868	0.659374	0.196208	1.692768	0.071418	1.144143	1.301568	0.258217	-0.258032	-0.261797	-0.127584	-0.313465	0.142679	0.161414	-0.744690	-0.029937	-0.531926	-0.324501	0.769969	0.838035	0.483825	0.760186	-0.704674	0.080317	1.023536	0.816603	-2.009556	-0.447543	-0.534116	-0.053321	-0.284980	0.674323	0.138947	-0.199450	-0.614553	-0.616054
-0.675698	-0.548435	-0.435255	-0.414241	-1.106733	-1.199041	-1.421870	-1.539387	-0.303064	0.053261	0.062355	0.348037	-1.060681	-1.023725	-0.715667	-0.063491	-1.805586	0.546742	-0.667819	-0.632117	0.133870	0.175117	-1.096741	-0.116239	-0.744541	-0.590548	-0.930465	0.028246	-1.794562	-0.092263	-1.012096	-1.114466	-1.690812	-0.639100	-1.024664	-0.178458	-0.716753	-0.825701	-0.627880	-0.363692	0.050851	-0.005498	-0.620862	-1.339689	-0.114582	0.047920	-0.133415	-0.339102	-1.621153	-0.883514	-0.254905	-0.186108	-1.163979	-0.553312	-0.388292	-0.809910	-0.108232	-0.252788	-1.246449	-1.118490	-0.394834	-0.620615	1.273815	-0.149994	-0.979671	0.160070	-0.447797	0.003129	-0.522834	-0.070600	-0.250759	0.132389	-1.171445	-1.095271	-1.218914	0.139701	-0.166226	1.125700	-0.075685	0.691746	0.656721	-0.211885	-0.432815	-0.428474	-0.294309	-0.498747	-0.217729	-0.091208	-0.773527	-0.188092	-0.674537	-0.721092	0.207222	0.328661	0.277900	0.741818	-0.718878	-0.282479	0.276984	0.023056	-1.911018	-0.500685	-0.572241	-0.089363	-0.521909	0.132746	-0.217426	0.071883	-0.616868	-0.331623
0.241118	0.116084	-0.336036	-0.163009	-0.029144	-0.066765	0.126945	-0.114312	0.099036	-0.312223	-0.130755	-0.243826	0.147879	-0.060212	0.070669	-0.296221	0.016332	-0.145003	-0.267808	-0.303434	-0.204999	-0.088259	0.003257	-0.263324	-0.061285	-0.059363	0.077043	-0.248557	0.124384	-0.419223	0.203192	0.119857	0.093863	-0.097619	-0.110505	-0.068777	0.149964	0.067536	-0.137757	-0.291187	-0.373749	-0.251028	0.210223	0.196657	0.036672	-0.208327	-0.212929	-0.077712	0.240002	0.337944	0.232979	-0.018833	0.295674	0.075002	0.104520	0.017561	-0.121613	-0.166738	0.159528	0.140435	0.178062	0.228378	-0.064979	0.016573	-0.145065	-0.420476	0.118268	-0.058862	-0.128519	0.270122	-0.220765	-0.219034	0.152327	0.242653	0.206114	-0.146790	-0.219257	-0.102853	-0.026797	-0.217609	-0.301152	-0.244308	-0.082740	-0.185810	-0.184786	-0.264655	-0.297468	-0.446262	-0.125934	-0.185247	-0.245270	-0.439824	-0.234952	-0.137085	0.000520	0.054161	-0.108660	-0.126854	-0.146844	-0.027509	0.007559	-0.336698	-0.041281	0.070183	-0.069109	-0.057363	-0.111474	0.114690	0.063827	0.289899
