X1	X2	X3	X4	X5	X6	X7	X8	X9	X10	X11	X12	X13	X14	X15	X16	X17	X18	X19	X20	X21	X22	X23	X24	X25	X26	X27	X28	X29	X30	X31	X32	X33	X34	X35	X36	X37	X38	X39	X40	X41	X42	X43	X44	X45	X46	X47	X48	X49	X50	X51	X52	X53	X54	X55	X56	X57	X58	X59	X60	X61	X62	X63	X64	X65	X66	X67	X68	X69	X70	X71	X72	X73	X74	X75	X76	X77	X78	X79	X80	X81	X82	X83	X84	X85	X86	X87	X88	X89	X90	X91	X92	X93	X94	X95	X96	X97	X98	X99	X100	X101	X102	X103	X104	X105	X106	X107	X108	X109	X110
-0.389789	-0.274172	0.000822	0.044494	-0.324276	-0.263261	-0.118617	-0.159308	-0.233333	-0.290852	-0.039566	-0.282219	-0.100776	-0.014673	0.101015	-0.018185	0.023068	0.065438	-0.078291	-0.100874	-0.004009	-0.241112	-0.276155	-0.258672	-0.096233	0.025703	0.013263	-0.115463	-0.114736	0.024171	-0.093132	0.063380	-0.070970	0.062409	0.255353	0.394242	0.146370	0.154286	-0.119607	0.016580	-0.114420	-0.206834	0.144909	0.180683	-0.035275	0.062701	-0.048692	-0.206335	0.022323	-0.011887	0.060460	0.100329	-0.223032	0.098699	-0.248939	-0.178714	-0.122246	-0.103233	-0.109758	-0.069285	0.161645	0.118456	0.101581	0.036294	-0.090885	0.026227	-0.154384	0.056911	0.065542	-0.075694	-0.146684	-0.079312	0.232164	0.031720	0.149357	0.220752	-0.067387	-0.028183	-0.110482	-0.030110	0.066478	-0.165266	-0.125083	-0.063805	-0.173446	-0.141350	0.146418	0.030005	-0.292914	-0.056225	0.034334	-0.071028	-0.058443	-0.277342	-0.166937	-0.269507	0.128089	-0.235984	-0.296320	0.014441	0.093498	0.040184	-0.111522	0.127615	-0.404199	-0.205511	-0.029780	0.130144	0.277258	-0.048193
0.653982	1.351292	-0.605761	-0.340011	-0.063056	0.475101	1.547539	1.572503	-1.177033	-0.061157	0.408103	0.255731	1.270719	1.399548	-0.886915	0.438269	0.264513	0.974316	0.383574	0.706040	-1.062003	-0.615059	-0.885432	-0.118923	0.514121	1.492810	-1.104586	-0.564020	0.553647	-0.383403	0.888430	2.524747	0.603366	0.803215	1.229631	1.521603	0.254341	0.675015	0.931277	2.192152	1.531335	1.123258	2.124773	2.426422	0.704176	1.772978	-0.202591	0.244870	0.994520	0.072497	1.919859	1.207526	-0.994822	-0.265517	0.963167	0.597243	-0.447132	-0.688657	1.542580	1.232993	1.468882	1.303497	1.351423	1.555089	-0.249201	-0.447854	-1.769430	-0.541760	-1.761591	0.127574	0.431198	1.617603	-0.057792	1.213674	1.422671	-0.954570	-0.123286	1.723111	0.739206	1.190621	-0.449152	0.163974	-1.871191	-0.951898	-1.256280	0.224064	1.404424	0.416273	-0.296448	-1.122607	-0.498962	0.786215	0.624179	1.295522	1.303363	0.803536	1.781283	0.810108	1.348416	1.119248	-2.083714	-0.845621	0.463768	1.039290	-0.106621	1.196234	0.060491	-0.823362	-0.875407	0.472578
1.182930	1.255047	-0.601234	-0.041374	0.270585	0.211019	1.645762	0.982628	-1.140083	0.229723	0.697804	0.324001	1.580710	1.611257	-0.593574	0.435229	0.531181	1.626754	0.563529	1.034146	-0.967719	-0.510051	-0.846892	-0.149340	0.561746	1.314967	-0.795559	-0.265853	0.993692	-0.261685	1.110469	2.604774	1.129988	1.014448	1.180873	1.185112	0.404623	1.050348	0.808007	1.888341	1.919400	0.912000	2.138319	2.393203	1.003151	2.230434	-0.102871	0.208643	1.158389	-0.018266	2.505907	1.415379	-0.298749	0.026999	1.130911	0.623132	-0.200774	-0.674073	2.143122	1.487553	1.917970	1.573663	1.122786	1.818438	0.075181	-0.059626	-1.477132	-0.682463	-1.386810	0.260952	0.956813	2.175899	-0.218897	1.123701	1.430214	-0.622559	0.219901	2.177023	0.537797	1.563576	-0.204513	0.080042	-1.686211	-0.915381	-0.857660	0.596458	0.787003	0.388858	-0.587915	-1.218727	-0.648310	0.818328	0.699499	1.384172	1.102606	1.132299	1.670278	0.846345	1.879104	1.615459	-1.734853	-0.634667	0.896231	0.922249	-0.015702	1.370579	-0.104605	-0.069362	-0.875127	0.538849
1.166683	-0.020511	-0.156106	0.719524	0.516860	-0.580391	0.340439	-1.168450	-0.191363	0.625206	0.603685	0.296344	0.898201	0.734438	0.635821	0.123723	0.776565	1.794310	0.430764	0.900664	0.121293	0.132648	-0.174380	-0.015718	0.122477	-0.174379	0.750475	0.696443	1.113514	0.545060	0.584535	0.644788	1.393592	0.779571	0.291731	-0.359644	0.504251	0.986928	-0.197332	-0.234925	1.066607	-0.322172	0.443537	0.431234	0.744125	1.408526	0.309292	-0.012260	0.510791	-0.217418	1.655832	0.770352	1.349551	0.617602	0.360219	0.115305	0.437039	-0.086864	1.650461	0.774640	1.424289	0.943257	-0.171731	0.942388	0.670252	0.959570	0.443014	-0.143128	0.561132	0.231245	1.261417	1.481348	-0.285385	-0.078286	0.343779	0.835156	0.666542	1.239649	-0.445285	0.973508	0.471213	-0.326576	0.087313	-0.116592	0.663928	0.892270	-1.073928	-0.126862	-0.975495	-0.426466	-0.487289	0.165142	0.348333	0.156642	-0.384677	0.754584	0.096138	0.195318	1.212417	1.276823	0.560460	0.409963	1.181069	0.021182	0.074521	0.446131	-0.405723	1.735555	-0.003816	0.184279
1.002450	-0.549302	0.074797	1.147610	0.519983	-0.601511	-0.804691	-2.150894	0.636224	1.002815	0.123428	0.726778	0.287241	0.016214	1.312031	0.004271	0.827729	1.483291	0.138171	0.662905	1.054118	0.803465	0.492568	0.552546	-0.209342	-1.177673	2.049541	1.524173	0.973963	1.619262	-0.085243	-0.870512	1.414079	0.695640	-0.311590	-1.426835	0.435529	0.478875	-0.803043	-1.412550	0.021885	-0.835619	-0.934753	-1.065986	0.237581	0.428668	0.864187	0.332696	-0.213169	-0.350631	0.446853	0.224028	2.227501	0.680698	-0.280837	-0.108350	0.850471	0.540820	0.893197	0.068500	0.635767	0.206905	-0.835880	0.150850	0.953341	1.624920	1.922937	0.813952	1.582935	0.073133	1.181158	0.420805	-0.409374	-1.164586	-0.507527	1.661892	0.625567	-0.018642	-1.040616	0.042730	0.593393	-0.656520	1.403588	0.535989	1.682510	1.054639	-1.887463	-0.792227	-0.960620	0.281004	-0.390379	-0.266465	0.297666	-0.783349	-1.267499	0.303175	-0.983868	-0.022602	0.238669	0.523277	2.059438	1.123855	1.333440	-0.490398	0.442754	-0.377153	-0.515778	2.501997	0.525527	-0.125489
0.995779	0.339359	-0.140728	0.917219	0.456082	0.476375	-0.738869	-0.875881	0.493372	1.055902	-0.319356	1.302912	0.515677	0.330900	0.697893	0.230507	0.511658	1.038983	-0.188966	0.518115	1.129480	0.897920	0.588677	1.090668	-0.030904	-0.683812	2.060650	1.624604	0.682498	2.193034	-0.473723	-0.401806	1.298428	1.116836	-0.040181	-0.901712	0.272858	0.108993	-0.428112	-0.438083	-0.443062	-0.038905	-0.744029	-0.674533	-0.145694	0.202665	1.243948	1.353882	-0.317951	-0.351665	0.109867	0.580715	1.687132	0.174935	-0.015860	0.281515	0.859110	0.830143	0.570859	0.050543	0.205455	0.017831	-0.201861	0.197170	0.792208	1.431019	1.522487	1.522505	0.631015	-0.022082	0.700264	-0.137353	-0.599171	-1.294404	-0.291219	0.875926	0.043038	-0.612301	-0.748315	-0.567647	-0.148261	-0.707791	1.063283	0.570285	1.406139	1.166901	-0.713146	-1.125937	-0.341482	0.181453	-0.524354	0.066247	0.804294	-0.291065	-0.575048	0.203741	-0.287504	0.558156	-0.167819	0.183412	1.380245	0.920197	1.251793	0.069064	0.908388	-0.266440	-0.377898	1.543882	0.203823	-0.024544
1.015683	1.353573	-0.364230	0.497415	0.625730	1.579904	0.015321	0.923994	-0.335251	0.621263	-0.250535	1.236991	1.134392	1.156817	-0.359293	0.488862	-0.073337	0.834106	-0.466609	0.397042	0.739244	0.447186	0.212000	0.936936	0.467507	0.463721	1.154727	1.235589	0.323358	1.803832	-0.623316	0.941306	1.032774	1.658396	0.368728	0.468851	0.277049	0.427886	0.240590	1.039327	-0.516448	0.940807	0.088369	0.441782	-0.458395	0.382737	1.119880	2.145074	0.234152	-0.235807	0.763074	1.559018	0.682795	-0.138374	0.806354	0.792447	0.847259	0.869764	0.598750	0.434199	0.191888	0.298801	0.484933	0.464579	0.616396	0.825103	-0.063200	1.489217	-0.770098	0.010398	-0.091951	-0.208301	-0.552594	-0.650133	0.412169	-0.684878	-0.568779	-0.642783	-0.336293	-0.759307	-0.978888	-0.536761	-0.061536	0.371215	0.657459	1.322620	0.905057	-0.881940	0.493738	-0.433832	-0.684922	0.691201	1.190613	0.922573	0.569643	0.316064	1.346223	1.180989	0.060187	0.716488	-0.108892	0.273167	0.875976	1.181317	1.010774	0.454908	-0.318493	0.316248	-0.287474	0.360425
0.750831	1.130891	-0.156406	0.435407	0.944241	1.565614	0.375762	1.163484	-0.768564	-0.016646	0.319917	0.473240	1.108282	1.329313	-0.594764	0.510366	-0.520332	0.831491	-0.548401	0.259922	0.513234	0.086580	-0.064420	0.218578	0.868166	0.867590	0.352683	0.983405	0.037748	0.807553	-0.620599	1.110223	0.512992	1.675122	-0.038793	1.131873	0.617008	1.156680	0.436571	1.057189	-0.751491	0.944138	-0.058258	0.282620	-0.984446	0.007675	0.378726	1.732180	0.880424	-0.063109	1.404084	2.093704	0.116786	0.087730	1.196777	0.770261	1.020150	0.853812	0.394460	0.416018	0.131790	0.455497	-0.142784	-0.078960	0.749667	0.460401	-1.036978	0.903821	-0.898785	-0.069333	-1.034949	-0.434949	0.090903	0.131310	0.625251	-1.495253	-0.785423	-0.823336	-0.687690	-0.821274	-1.020774	-0.188910	-0.469634	0.482421	0.480747	1.436352	1.046016	-0.210719	0.891615	-0.717613	-0.647398	0.788562	0.652992	1.136129	0.502355	0.314880	2.032942	1.121735	0.346961	1.644485	-0.478247	-0.130373	0.417616	1.790678	0.625617	0.898630	-0.588785	0.189610	-0.232316	0.598974
0.225058	-0.088664	0.310713	0.641557	0.981600	0.465808	0.222869	-0.081931	-0.184794	-0.351796	0.911866	-0.248524	0.198592	0.559991	0.141874	0.364510	-0.486260	0.614312	-0.325028	0.191741	0.383283	0.162110	0.098558	-0.327433	1.065646	0.316299	0.084074	0.970797	0.072487	0.034713	-0.280820	-0.160003	-0.141282	1.110642	-0.914245	0.682386	1.120439	1.451980	0.378511	-0.101640	-1.222631	0.104998	-1.185230	-1.290888	-1.504679	-0.978353	-0.669952	0.267613	0.993053	-0.031455	1.152352	1.553863	-0.264913	0.236857	0.693322	0.100493	0.994723	0.705340	-0.359931	-0.423616	-0.393783	-0.016280	-1.591261	-1.356476	0.993764	0.372530	-0.584463	0.387839	-0.119548	-0.485343	-1.792794	-1.092156	1.244667	0.599839	0.424881	-1.020858	-0.605468	-1.245169	-1.492784	-0.809881	-0.337802	0.272319	0.027435	0.874670	0.725235	1.294227	-0.200695	0.454988	0.554579	-0.302417	-0.523562	0.285047	-0.610253	-0.185105	-0.766641	0.179517	1.064842	0.618598	0.235396	1.939095	0.309530	-0.207561	0.225739	1.379710	0.113284	0.624604	-0.909933	0.584778	0.078848	0.486452
-0.142881	-0.994048	0.482159	0.575483	0.614668	-0.691533	0.327702	-1.040157	0.867598	-0.205421	1.059759	-0.448642	-0.744365	-0.310699	0.839687	0.168486	-0.068697	-0.076637	0.058425	0.194573	-0.101134	0.230989	0.438631	-0.398341	1.210683	-0.231518	-0.024045	0.647867	0.549175	-0.174026	0.524970	-1.147133	-0.556331	0.504281	-1.037720	0.061148	1.350290	0.935801	0.673830	-0.728656	-1.495450	-0.671254	-1.696542	-2.450980	-1.241150	-1.490966	-1.381019	-0.983717	0.421420	-0.345979	0.155110	0.395644	-0.912143	-0.307509	-0.119183	-0.688221	0.401895	0.306103	-1.292134	-1.655932	-1.254117	-1.030981	-2.130691	-2.168031	0.955079	0.098314	0.454903	0.230002	0.056826	-0.982783	-1.937555	-1.650520	2.218077	0.563425	0.665776	-0.018994	-0.249494	-1.184146	-1.584961	-0.452123	0.213208	0.532128	0.382917	1.052159	0.552052	0.789791	-1.118912	0.654283	-0.084304	0.351355	-0.606841	-0.086063	-1.437302	-1.550290	-1.540540	0.208974	-0.359067	0.434069	-0.132326	1.080263	0.768215	-0.357171	0.386941	0.380755	-0.078568	-0.030692	-0.695730	0.049897	-0.189224	0.298304
-0.067421	-0.778793	0.116372	0.028598	0.294293	-0.945494	0.989041	-0.508019	1.316064	0.126045	0.643229	-0.307358	-0.920911	-0.532994	0.597690	-0.179677	0.292941	-0.925102	0.275583	0.174582	-0.877277	-0.273952	0.456350	-0.348825	1.252166	-0.036989	-0.408107	-0.296676	1.174112	-0.304655	1.425783	-0.482116	-0.552285	0.161941	-0.250888	-0.068449	0.978787	0.069364	1.106452	-0.247861	-1.206852	-0.802292	-0.670324	-1.848557	0.090273	-0.783159	-1.250840	-0.934851	-0.330208	-0.815883	-0.832105	-0.474961	-1.275773	-1.129301	-0.273275	-0.815988	-0.405917	-0.082075	-1.642731	-2.286186	-1.772904	-1.809492	-1.151139	-1.710883	0.520593	-0.578031	0.780941	0.107158	-0.556186	-0.921525	-1.395057	-1.491887	2.229710	0.005831	1.405520	0.531380	0.042637	-0.251455	-0.516336	0.209506	0.022880	0.237865	-0.017373	0.708792	-0.097416	0.075329	-0.691238	0.206086	-0.168546	0.618609	-0.859940	0.194953	-0.975749	-1.192419	-0.614977	0.602101	-0.677599	0.863349	-0.222994	-0.307951	0.070484	-0.811877	0.617391	-0.277707	0.250131	-0.381394	0.189463	-1.433253	-1.176424	0.490846
0.211368	0.269408	-0.438496	-0.508566	0.415912	-0.139216	1.477674	1.036251	0.767897	0.315413	-0.146593	0.010000	-0.543913	-0.330283	-0.381775	-0.733900	0.287626	-1.268877	0.186505	0.176829	-1.319567	-1.133025	0.036336	-0.348631	0.896973	0.640067	-0.966891	-1.227626	1.411419	-0.802812	1.722835	1.132311	-0.405735	-0.228196	0.060265	-0.220981	0.105993	-0.531293	0.778500	0.249670	-0.416893	-0.233702	0.786516	-0.274918	1.480766	0.398142	-0.425162	0.169476	-0.480237	-0.822094	-1.336696	-0.711974	-0.447758	-1.179077	0.517912	0.138091	-0.648737	0.004189	-0.987217	-1.553209	-1.297673	-1.394571	0.032397	-0.596457	-0.086493	-1.247240	0.056650	-0.352376	-0.539198	0.001252	-0.697695	-0.830619	1.137584	-0.817559	1.507922	0.406092	0.067329	0.788464	0.706796	0.439061	-0.599812	-0.424463	-0.531874	0.097281	-0.344320	-0.507902	0.285649	-0.578554	0.676474	0.461065	-0.792470	0.724675	0.303594	0.655917	1.124428	1.081528	0.153202	1.472961	0.315154	-0.979922	-0.987300	-1.287995	0.627908	-0.042037	0.980340	-0.009250	1.093224	-2.225142	-1.968185	1.175827
0.284029	1.393121	-0.641094	-0.384798	0.692673	1.116872	1.061740	2.308645	-0.122255	0.405954	-0.930779	0.680644	-0.390363	-0.347937	-1.069930	-1.150100	0.023012	-0.778436	-0.000212	0.338752	-1.019426	-1.466050	-0.379707	0.014536	0.117671	1.119984	-1.180126	-1.167459	1.071548	-1.230399	1.067459	1.846004	-0.456240	-0.956320	-1.090975	-1.013026	-0.817148	-0.771760	-0.496482	-0.105133	0.540722	0.882206	0.926926	0.491382	1.450029	0.620858	0.345110	1.044622	0.300951	0.028899	-1.361758	-0.694875	1.255933	-0.067425	1.577100	1.740737	-0.064898	0.586244	0.340267	0.344493	0.115582	0.388371	-0.040703	-0.058807	-0.530192	-1.296241	-0.902082	-0.994929	0.914114	1.185337	-0.484897	-0.510114	-0.390222	-1.379001	0.194528	0.039043	-0.200275	0.801122	0.771072	-0.432456	-0.812727	-0.710512	-0.264145	-0.275855	0.275824	-0.679605	0.452886	-1.054597	1.738505	0.340599	-0.072744	0.695471	1.077581	1.914144	1.680383	1.062422	0.737619	1.672923	1.282725	-0.330412	-1.143420	-1.264291	0.480942	0.704777	1.675331	0.880792	1.242804	-1.146044	-1.590841	1.928834
0.196290	2.046492	-0.302479	0.382287	0.505321	1.929547	0.085187	2.549928	-0.467867	0.613707	-1.264934	1.595141	-0.697734	-0.674851	-0.707756	-0.952825	-0.163382	0.151833	-0.018610	0.549388	-0.220376	-0.797598	-0.265239	0.965424	-0.582889	1.139740	-0.691917	-0.125656	0.561987	-0.837623	-0.112427	0.868062	-0.606828	-1.634549	-2.668934	-1.918226	-1.385948	-0.911451	-1.611909	-0.671050	1.307855	2.123764	-0.402954	-0.077124	-0.239080	-0.468142	0.405332	0.790921	1.491756	1.302934	-1.026546	-0.849242	2.195456	1.396854	1.986546	2.832033	0.736936	1.046377	1.513435	2.250702	1.560658	2.418156	-1.120331	-0.446185	-0.579413	-0.623504	-1.098723	-1.360524	2.534853	1.520803	-0.753082	-0.819861	-1.461348	-1.205939	-1.639209	-0.207280	-0.508447	-0.264985	-0.307233	-1.866847	-0.192123	-0.165202	0.666218	-0.223275	1.009212	-0.465404	-0.395825	-0.761772	1.824268	0.492659	0.880082	-0.059630	0.601568	1.170475	0.308849	0.347623	0.102915	1.304943	2.056545	0.884078	-0.165263	-0.569098	0.481527	1.010222	1.757252	1.582001	0.669855	0.951033	-0.177853	2.142116
0.365795	2.019053	0.258770	1.008142	-0.242113	1.680725	-0.410441	1.893121	-0.130732	0.853566	-0.912533	1.999182	-0.887060	-0.793148	0.400900	-0.186101	-0.085233	0.771990	0.112912	0.488722	0.545320	0.295569	0.369893	1.844862	-0.654765	0.880336	0.222504	0.660273	0.379958	0.181857	-0.934546	-0.684749	-0.461835	-1.558189	-2.755781	-1.808800	-1.527654	-1.015455	-1.403196	-0.367865	1.561205	2.655335	-1.589201	-0.822188	-2.091968	-1.670972	-0.169410	-0.198241	2.157322	2.030493	-0.430799	-1.070970	1.188543	1.992046	1.430714	2.431026	0.924234	0.740530	1.856718	2.902119	1.917630	3.037176	-1.722129	-0.922657	-0.289576	0.178541	-0.408505	-1.289622	2.341520	0.508372	-0.885446	-0.971364	-1.679054	-0.315046	-2.309155	-0.385672	-0.574753	-1.169179	-1.159047	-2.307216	0.765179	0.698658	1.282710	-0.018941	0.838369	-0.164261	-1.228490	0.170149	0.623076	0.557243	1.252951	-0.822266	-0.550991	-0.630970	-1.583446	-0.467974	-1.060175	0.683007	2.098849	1.281933	1.027168	0.352673	0.752095	0.405675	1.006361	1.477256	0.143728	2.126540	1.061633	1.542044
0.834162	1.368913	0.524175	0.766013	-0.958782	0.478465	0.008857	0.862444	0.263927	0.738875	-0.109335	1.297349	-0.352739	-0.323729	1.139687	0.497054	0.172879	0.729138	0.157929	0.140482	0.955152	0.859997	0.932030	1.724460	-0.162010	0.474968	0.812447	0.194728	0.443454	0.726849	-0.882923	-1.139643	0.086115	-0.626971	-0.951236	-0.502367	-1.403624	-0.865048	-0.126201	0.674379	1.088376	1.811401	-1.261102	-0.590343	-2.409225	-1.632847	-0.768493	-0.877617	1.819617	1.634822	0.217949	-0.870674	-1.006561	1.226565	0.322217	0.687018	0.290617	-0.252346	1.297421	1.946365	0.800014	1.613364	-1.078604	-0.643417	-0.024873	0.425947	0.307023	-0.994535	0.052749	-1.106352	-0.468459	-0.140872	-1.290500	0.667768	-1.332252	-0.654724	-0.443805	-0.820802	-0.745655	-0.928513	1.128489	0.935848	0.978341	0.039912	-0.147494	-0.009151	-1.125359	1.126652	-0.798063	0.084181	0.794935	-0.825168	-1.247108	-1.479730	-2.069033	-0.617327	-1.326697	0.213151	1.419643	0.416339	1.401130	0.812621	0.987154	-0.529462	-0.086428	0.654977	0.138597	1.496438	1.052907	0.354140
0.986767	0.426932	0.265462	-0.193072	-1.053866	-0.791104	0.623871	-0.153339	0.176045	0.115399	0.592980	-0.036897	0.744414	0.502886	0.689319	0.566414	0.441109	0.369630	-0.008401	-0.067020	0.970981	0.716882	0.875182	0.587549	0.254600	-0.123731	0.594297	-0.894950	0.155900	0.246361	-0.315616	-0.161725	0.648154	0.441237	1.159436	0.881455	-1.095250	-0.322645	0.803397	1.267093	0.041593	-0.009565	0.102484	0.293522	-1.106154	-0.372311	-0.986473	-0.850282	0.830025	0.467837	0.684898	0.027618	-2.372298	-0.300995	-0.677800	-1.150433	-0.561639	-1.104502	0.358637	0.220834	-0.997746	-0.701497	0.052756	0.175843	-0.127915	0.069739	0.177636	-0.610513	-2.463595	-1.971142	0.189275	1.224445	-0.774256	0.953709	0.097244	-0.959728	-0.442143	0.338970	0.363234	1.136395	0.518756	0.331342	0.166571	0.045284	-0.846182	0.089766	-0.287384	1.477011	-1.121828	-0.737471	0.092908	-0.115643	-1.064938	-0.804177	-0.864739	-0.148062	-0.329199	0.020958	0.534452	-0.659133	0.762964	0.547082	0.687512	-0.818324	-0.727317	-0.130531	0.239257	0.007512	-0.053549	-0.889314
0.272158	-0.406710	-0.208314	-0.978212	-0.514875	-1.116063	0.420917	-0.997108	-0.285098	-0.655213	0.832537	-0.888631	1.609062	1.134304	-0.569854	0.234418	0.633827	0.280376	-0.290338	0.143132	0.678513	0.466824	0.256461	-0.611962	0.102229	-0.796808	-0.124647	-1.092434	-0.766261	-0.490776	-0.043968	1.012591	0.812305	0.927026	1.889312	1.218662	-0.456110	0.471504	0.458750	0.724428	-0.988164	-1.478011	0.881545	0.601213	0.359140	0.875121	-0.916831	-0.661295	-0.084732	-0.569107	0.962152	1.294886	-1.711614	-1.500129	-1.126176	-1.833941	-0.809021	-1.037582	-0.258496	-0.971828	-2.061068	-1.991133	0.510653	0.591397	-0.521726	-0.318277	-0.618025	-0.047720	-3.148097	-1.346559	0.455737	1.714293	-0.452917	0.343163	0.683053	-1.174537	-0.739427	0.812335	0.738696	1.930357	-0.507334	-0.391414	-0.311236	0.311691	-0.505730	0.389004	0.355615	0.986274	-0.233465	-1.151849	-0.187797	0.600744	-0.558601	0.060857	0.551011	0.174565	0.934936	-0.105723	-0.077533	-0.661109	-0.158160	-0.000945	-0.255924	-0.155920	-0.658574	-0.233885	-0.178227	-0.770832	-1.015381	-1.565632
-1.023600	-1.041013	-0.346458	-0.895672	0.205449	-0.333404	-0.729845	-1.552254	-0.711374	-1.111619	0.684827	-0.818358	1.651794	1.261756	-1.418172	0.106628	0.717924	0.614151	-0.568254	0.434243	0.238659	0.368131	-0.442983	-1.109581	-0.460868	-1.119645	-0.637978	-0.059779	-1.694831	-0.478081	-0.403272	1.167936	0.658320	0.887245	1.144904	0.597629	0.615721	1.265375	-0.689222	-0.397551	-1.399106	-1.649379	0.280911	-0.081109	0.777715	1.161221	-0.712548	-0.818255	-0.503715	-0.840561	1.213482	2.191836	0.223596	-1.685193	-0.964891	-1.192342	-0.198731	-0.152203	-0.233043	-0.932854	-1.580936	-1.391593	0.093873	0.151034	-0.814259	-0.281817	-1.008660	0.648478	-1.755215	0.374682	0.118010	0.666147	-0.452769	-0.513642	0.472583	-1.323333	-1.080992	-0.079347	-0.087977	0.958182	-1.113285	-0.592411	-0.102422	0.885455	0.467285	0.942686	0.250131	-0.061118	0.766023	-0.719177	-0.010965	0.856729	-0.343689	-0.127400	0.853210	0.040016	1.481836	-0.432363	-0.406067	0.340029	-0.433833	-0.135389	-1.188111	0.873890	-0.369101	0.208130	-0.924126	-0.229661	-0.718756	-1.204132
-2.011531	-1.619877	0.043847	-0.136647	0.596201	0.648706	-1.982004	-1.615259	-0.959763	-1.171040	0.400483	-0.451446	1.027076	0.980963	-1.152866	0.347674	0.618666	0.912979	-0.821361	0.289025	-0.101199	-0.053951	-0.879799	-1.040069	-0.961615	-0.811893	-0.659959	0.812402	-1.622064	0.190912	-0.964437	0.408377	0.570077	0.844124	0.051410	-0.048207	1.676180	1.799780	-1.572215	-1.155914	-1.095045	-0.873251	-0.950985	-0.807385	0.364509	0.693379	-0.231643	-0.978557	-0.516040	-0.409349	1.376070	2.171732	1.645885	-1.024784	-0.472928	-0.074117	0.685744	0.658697	0.148185	-0.005000	-0.112300	0.245265	-0.425184	-0.517307	-0.833410	0.001560	-0.343919	1.114844	0.206330	2.124135	-0.396771	-0.910752	-0.768338	-0.808365	0.344299	-1.417146	-1.075933	-1.294272	-1.032793	-0.318427	-1.022855	-0.442959	0.468845	1.399990	1.141074	1.455486	-0.314527	-1.047465	0.914630	0.131168	0.245848	0.844787	-0.297883	-0.857045	0.317800	0.077049	1.359122	-0.939156	-0.723264	1.087961	0.145802	0.292550	-1.145518	1.496302	-0.370932	0.488579	-1.041287	0.916957	0.660231	0.086201
-2.132000	-1.949289	0.583993	0.498982	0.327278	0.820856	-2.520141	-1.023690	-1.093749	-0.967486	0.096584	-0.417413	0.283634	0.472736	-0.347962	0.531034	0.265438	0.595971	-0.993387	-0.253161	-0.129879	-0.930609	-1.017769	-0.806988	-1.257815	-0.216471	-0.485516	0.279297	-0.397612	0.630676	-1.224979	-0.407431	0.569314	0.846047	-0.599147	-0.246994	1.732439	1.698676	-1.754343	-1.276722	-0.449583	-0.129304	-1.733432	-0.578136	-0.024819	0.128906	0.586354	-0.495600	-0.417756	0.221498	1.039088	1.329832	1.465398	-0.227568	-0.063997	0.668204	0.982794	0.709863	0.352676	0.927361	0.989685	1.459034	-0.337563	-0.449060	-0.836599	0.060700	0.726337	1.022908	1.187073	2.874886	-0.538084	-1.482606	-1.223022	-0.473966	0.517348	-1.230937	-0.728023	-1.424841	-0.830910	-0.436484	-0.545900	-0.377133	0.901679	1.442233	1.099883	1.492045	-0.761937	-1.440870	0.374433	0.651457	0.389848	0.881512	0.072979	-0.746649	0.083853	0.805096	1.060980	-1.334118	-1.098991	0.754038	0.824076	0.642721	0.035156	1.388899	-0.536782	0.132059	0.050250	1.520645	1.747662	1.398619
-1.643209	-1.449026	0.797229	0.487909	-0.597210	0.159744	-2.350706	0.074193	-1.041026	-0.469630	-0.211946	-0.461912	-0.307205	-0.223547	-0.016659	0.347245	-0.218170	-0.324358	-0.902918	-0.603624	0.177801	-1.347661	-0.878570	-0.321047	-1.546867	-0.064617	-0.389943	-1.003085	0.855986	0.488294	-1.235802	-0.945674	0.193711	0.346595	-1.003184	-0.398594	0.209950	0.649639	-1.588448	-1.180491	0.157444	0.197158	-1.918316	0.316124	-0.208850	-0.399436	1.214912	0.405732	-0.359582	0.673480	-0.014718	0.267137	0.063659	0.238279	0.010450	0.926732	0.409532	0.268972	0.152199	1.231423	0.927132	1.642428	0.243360	0.444664	-1.072368	-0.183390	0.973282	0.443581	0.961727	2.149813	-0.339623	-0.792082	-1.513481	-0.129816	0.320971	-0.556707	-0.492853	-0.555854	0.344664	0.289877	-0.018712	-0.354087	0.997848	0.971961	0.618344	0.848923	-0.923746	-1.169090	-0.022108	0.704215	0.496001	0.824860	0.672791	0.315251	0.440529	1.614445	0.565911	-1.440477	-1.328891	-0.240127	0.720352	0.275662	1.206431	0.733151	-0.411319	-0.664728	1.650685	1.100893	1.456006	1.626849
-1.196194	-0.053994	0.678865	0.103204	-1.680908	-0.479646	-1.984551	1.137704	-0.708840	0.352498	-0.477802	-0.071573	-0.812642	-0.965780	-0.252599	0.124942	-0.434211	-1.019455	-0.437190	-0.343009	0.701125	-0.476476	-0.449824	0.623801	-1.796012	-0.683527	-0.247167	-1.309394	0.907814	0.271925	-1.303932	-1.432870	-0.741344	-0.785842	-1.529966	-0.816587	-2.010587	-0.986635	-1.473511	-1.328383	0.580785	0.418808	-1.945829	0.752731	-0.576577	-1.058153	0.938261	0.629531	-0.260643	0.971361	-1.212740	-0.465936	-1.293772	0.591196	-0.167719	1.062537	-0.477133	0.100442	-0.252974	0.863712	0.158222	1.260348	0.640358	1.184796	-1.320020	-0.323785	0.068505	-0.253721	0.454181	0.352944	-0.428133	0.009308	-1.438838	-0.163963	-0.555819	0.357672	-0.644417	-0.027269	1.072094	0.461501	0.433798	-0.171509	0.913862	0.356858	0.099053	-0.197707	-0.974243	-0.581418	0.158042	0.817606	0.589253	0.362080	0.731099	0.836201	0.541092	1.413510	-0.400256	-1.416763	-1.297990	-1.045441	-0.046664	-0.461334	0.951446	-0.029071	0.027918	-1.320491	2.261158	0.211524	0.376355	0.565806
-1.054569	1.264627	0.605050	0.011533	-2.087974	-0.413183	-1.629247	1.571535	-0.280127	1.137755	-0.664975	0.462308	-1.142512	-1.277341	-0.200175	0.420180	-0.022333	-0.569405	0.235069	0.309119	1.271183	1.067158	0.145372	1.598034	-1.589683	-1.551854	0.127571	-0.109983	-0.121506	0.395360	-1.384145	-1.738076	-1.571576	-1.634479	-1.840606	-0.975939	-3.074849	-2.074130	-1.344978	-1.737859	0.794967	0.705116	-1.742293	0.376874	-0.990653	-1.491842	-0.088926	-0.280899	0.027168	1.307244	-1.526551	-0.755644	-1.567647	1.253306	-0.305169	1.197285	-0.874398	0.423816	-0.536694	0.207185	-0.246070	0.946831	0.498757	0.924928	-1.075626	-0.046195	-0.974912	-0.699567	0.553589	-1.295205	-1.069368	0.022420	-1.030124	-0.244500	-1.343813	0.932698	-0.724211	-0.389583	0.509739	-0.379224	0.683974	-0.081893	0.878799	0.029259	-0.286057	-1.015326	-0.865941	-0.049346	0.625672	1.351004	0.575365	-0.322843	-0.085981	-0.167785	-0.131263	0.100630	-1.407606	-1.426902	-1.126220	-1.339700	-0.406351	-0.475980	-0.772568	-0.431833	0.332089	-1.387830	1.118459	-0.194332	0.210427	-0.735345
-0.807703	1.505684	0.706407	0.405618	-1.299669	0.259832	-1.025726	1.262116	0.012560	1.376571	-0.794357	0.364412	-0.944110	-0.762243	0.598536	1.246028	0.820487	0.897623	0.773576	0.773699	1.597362	1.883173	0.649488	1.860362	-0.736729	-1.738961	0.571526	1.326318	-0.921093	0.569906	-1.153561	-1.322458	-1.432691	-1.165361	-1.269812	-0.224180	-2.071569	-1.766941	-0.852165	-1.924680	0.822967	0.821365	-0.730712	0.112865	-0.672678	-1.003245	-0.649754	-1.145289	0.466255	1.618885	-0.636470	-0.832200	-0.693535	1.975975	-0.198929	1.070121	-0.537108	0.669176	-0.515005	-0.236129	0.238104	0.820507	0.277708	0.114370	-0.183766	0.438149	-0.890525	-0.618251	1.191724	-1.590851	-1.399371	-0.219162	-0.428706	0.121578	-1.159577	0.913175	0.022604	-0.528011	-0.433771	-1.185327	0.542749	-0.403962	0.874826	0.093281	-0.502527	-1.120199	-0.239392	0.286139	0.913019	1.949647	0.434605	-0.644074	-0.903042	-1.497461	-0.735129	-1.220247	-1.442380	-1.263487	-0.900434	-1.213327	0.277501	0.612906	-2.435594	-0.267686	0.268904	-0.803363	-0.819309	0.190928	1.551297	-1.039667
0.051726	0.925920	0.596206	0.688608	0.227909	0.988572	-0.051747	0.698028	0.276984	1.018263	-0.838338	-0.371685	-0.202245	0.231941	1.381840	1.961780	1.295834	1.993127	0.955849	0.662973	1.271862	1.614475	0.893273	1.351740	0.261572	-0.833747	0.762765	1.643660	-0.703314	0.369725	-0.580590	-0.256329	-0.427303	0.361248	0.107595	1.093128	-0.149119	-0.608776	0.162478	-1.267930	0.770220	0.704535	1.042995	0.883725	0.573618	0.333283	0.187785	-0.436747	0.727251	1.536475	0.481717	-0.954239	0.459669	1.880759	0.038725	0.493605	-0.010311	0.255402	-0.222671	-0.158923	1.151460	0.682331	0.715469	0.023383	0.839915	0.645549	0.484295	0.115057	1.456140	-0.482802	-0.250722	0.373375	0.219143	0.871770	-0.262545	0.642230	1.541269	0.661294	-0.181627	-0.880659	0.024886	-0.753083	0.592304	0.219799	-0.595809	-0.663066	0.989955	0.405270	0.838553	1.948211	0.237056	-0.442321	-0.548220	-1.110948	-0.108731	-1.556020	-0.264740	-0.656128	-0.577609	-0.743711	1.197176	1.687685	-2.603566	0.166239	0.096302	0.082419	-1.703963	0.674259	2.821337	-0.360820
1.267339	0.599550	-0.110318	0.138739	1.237804	1.265580	0.837795	0.387302	0.683132	0.415336	-0.704988	-0.883416	0.393118	0.755534	1.060319	1.904577	0.735760	1.353126	0.771414	-0.010532	0.166658	1.206867	0.826931	0.695696	0.654251	0.516335	0.638832	0.940641	-0.236634	-0.143869	-0.053053	0.455292	0.323858	1.485812	1.327922	1.864358	0.733959	-0.016869	1.359882	0.294125	0.678933	0.624047	2.467776	2.289169	1.672590	1.369914	1.736377	1.527114	0.427072	0.823533	0.505675	-1.207309	0.880287	0.638456	0.038109	-0.357175	-0.100248	-0.736400	0.073757	0.294019	1.629457	0.471289	1.839090	1.107135	1.198166	0.347059	1.959419	1.191175	0.552922	0.755600	2.089984	1.790676	0.720332	1.491270	0.232321	0.479926	2.611648	2.412342	1.459736	0.289121	-0.541585	-0.432825	-0.240245	-0.078546	-0.793973	-0.357749	2.261471	0.309997	0.405381	1.081862	-0.025655	-0.309246	0.866244	1.070776	1.484546	-1.058141	0.902843	0.080099	-0.300433	-0.149500	0.920357	1.301048	-1.460332	0.228295	0.014698	0.568334	-0.773930	0.359465	2.098778	0.001160
1.858438	0.789644	-1.164124	-1.185163	0.817250	0.758077	1.049027	0.223546	0.925184	-0.300500	-0.423785	-0.728647	0.111637	0.281299	-0.361736	0.949862	-0.612690	-0.848156	0.314728	-0.948752	-1.214132	1.276499	0.366687	0.144103	0.300136	1.080161	0.374887	0.231782	-0.710479	-0.715848	0.165353	0.066003	-0.011981	1.185565	1.595152	1.529866	0.039298	-0.578055	2.072736	1.907322	0.356325	0.579422	2.491469	2.997487	1.399843	1.138115	2.285597	2.609722	-0.436128	-0.236847	-0.726787	-1.451456	0.335014	-0.793001	-0.443035	-1.147403	-1.038500	-1.764534	0.026140	0.603773	1.253186	0.252128	2.756726	2.337103	0.583099	-0.289751	2.023488	1.773269	-1.290884	0.823834	3.669831	2.812546	0.910733	1.632712	-0.180688	0.193971	1.995672	2.812864	2.925451	1.240459	-0.819265	0.412591	-1.472312	-1.010058	-1.348155	-0.788592	2.830772	0.126612	-0.378952	-0.332625	-0.439497	-0.823481	1.922730	2.758353	2.445513	-0.506191	0.621685	0.199048	-0.452797	0.051706	-0.862760	-0.539206	-0.335018	-0.446441	-0.213789	-0.004933	0.722658	-0.802685	-0.362920	-0.921857
1.314737	0.645041	-1.843499	-2.384147	-0.537083	-0.506752	0.695773	-0.275779	0.542547	-1.244643	-0.203580	-0.463448	-0.825283	-0.618095	-1.687427	-0.503412	-1.709380	-2.926740	-0.243783	-1.677897	-2.068901	1.156497	-0.460345	-0.731957	-0.110081	0.289722	0.060614	-0.015206	-1.890557	-1.347827	0.401408	-0.757843	-0.932232	0.001919	1.124404	0.622254	-0.823401	-1.378293	1.926414	2.498055	-0.365299	0.148914	1.436717	2.292296	-0.008737	0.104686	1.098935	1.454653	-1.327960	-1.045984	-1.982365	-1.391622	-0.434750	-1.134754	-1.111419	-1.639177	-2.112380	-2.378161	-0.408288	0.362626	0.330835	-0.074699	2.570403	2.395106	-0.413776	-0.941436	0.294832	1.150184	-2.878971	-0.151190	2.995783	2.550050	0.887474	1.336737	-0.748298	-0.622972	-0.027720	1.251062	2.722207	1.445480	-0.814858	0.802706	-2.536849	-2.240459	-2.080230	-1.732960	2.473308	0.056777	-1.314919	-1.709263	-0.971911	-1.695725	1.629793	2.078792	1.802290	-0.178738	-0.980804	-0.418306	-1.065003	-0.431084	-2.816952	-2.262132	-0.009893	-1.479196	-0.760856	-1.505313	0.888785	-1.954235	-2.334789	-2.395554
0.461451	-0.248446	-1.740411	-2.594195	-1.250556	-1.780114	0.671472	-1.079651	-0.174549	-2.067864	-0.175839	-0.549479	-1.314294	-0.856315	-1.795648	-1.824896	-1.696534	-3.309167	-0.598768	-1.683005	-2.000471	0.089335	-1.142574	-1.951520	0.245755	-0.960526	-0.312413	-0.124377	-2.174268	-1.957862	1.234890	-0.588255	-1.168940	-0.712191	0.718376	-0.076006	-0.278097	-1.270589	1.312808	1.945136	-1.153484	-0.716573	0.708587	0.784441	-0.964169	-0.347550	-0.710359	-0.711328	-1.567615	-1.244417	-1.988536	-0.847198	-0.451319	-0.333763	-1.258692	-1.688152	-2.248874	-2.352261	-0.795343	-0.331480	-0.534744	-0.730792	1.326459	1.150774	-0.751120	-1.305686	-1.841137	-0.366786	-3.075117	-0.830521	0.930274	1.486221	0.961872	0.729797	-0.484664	-1.570688	-1.619656	-0.703059	1.123122	1.284098	-0.813481	0.311159	-2.843798	-3.005494	-2.297209	-2.273890	1.565660	0.099237	-1.827149	-2.493601	-1.380265	-2.007448	0.584846	-0.067422	0.395051	0.246169	-2.263404	-0.778696	-1.409532	-1.146670	-3.282726	-2.418007	-0.028108	-2.082763	-1.140724	-2.716181	-0.634669	-2.264692	-2.308757	-2.702039
0.591053	-0.922910	-1.112472	-1.763414	-0.320256	-1.883855	1.603301	-1.433897	-0.211814	-1.855484	-0.172568	-0.423199	-0.615184	-0.047272	-0.697400	-2.382649	-0.704059	-1.969696	-0.441758	-0.800036	-1.217073	-1.294671	-0.862200	-2.440813	1.439065	-1.087714	-0.580521	-0.273669	-0.663368	-1.947038	2.619880	0.924187	-0.203696	-0.389883	0.770516	-0.397637	1.503758	-0.336729	1.042449	1.240408	-1.290218	-1.263635	1.124138	-0.475740	-0.381982	0.311596	-1.543106	-1.593826	-0.944994	-0.958101	-0.781261	-0.062847	0.536253	0.391513	-0.504067	-1.250375	-1.097171	-1.557166	-0.681346	-1.041421	-1.021376	-1.678481	-0.120092	-0.400863	0.063145	-1.126758	-2.293319	-1.540445	-1.831513	-0.433793	-0.276637	0.678003	1.215481	-0.146896	0.502033	-1.512825	-1.183232	-1.147313	-0.359592	1.140353	-0.921076	-0.197117	-2.155727	-2.595241	-1.448589	-1.729747	0.599654	0.076632	-1.352486	-2.331516	-1.365315	-1.281896	0.001620	-1.205786	-0.309229	0.792910	-2.029648	0.132706	-0.658371	-1.319195	-1.890339	-1.056837	0.349957	-1.935427	-0.629864	-2.281433	-2.244303	-1.708389	-1.100966	-1.245626
1.780770	-0.349321	-0.381509	-0.516697	1.481330	-0.457009	2.898776	-0.860854	0.907826	-0.246887	0.093696	0.613560	0.704780	1.031807	0.683673	-1.824696	0.310191	-0.230688	0.207065	0.399105	-0.153586	-1.548159	0.590732	-1.225817	2.642606	0.384237	-0.459290	-0.143058	1.478877	-0.789746	3.575200	2.371396	1.102566	0.260319	0.973771	-0.586334	2.829662	0.390324	1.444879	1.317736	-0.474603	-0.839846	1.933193	-1.187750	0.999448	1.027017	-1.115893	-0.676444	0.032699	-0.563555	0.451171	0.387627	1.735738	0.056436	0.621462	-0.595129	0.540258	-0.134949	-0.206612	-1.468640	-1.211703	-2.494880	-1.065998	-1.412339	1.416475	-0.339910	-0.403358	-1.477212	-0.190674	0.205249	0.284025	0.370152	1.288994	-1.081201	1.125021	-0.007718	0.864022	-0.025220	-0.838263	0.796917	-0.776931	0.329700	-0.711321	-0.982822	0.125221	-0.455810	-0.178834	0.069166	-0.053015	-1.299040	-0.838863	-0.067897	0.033452	-0.401712	-0.078559	0.845621	-0.891310	1.908179	1.056125	-0.721942	0.211596	0.635059	1.057287	-1.536711	0.668660	-0.159313	-2.224743	-0.912602	-0.456137	0.560474
2.636981	0.819564	0.397668	0.528962	2.340253	1.218025	3.217119	-0.051369	2.279397	1.682376	0.637738	1.945967	1.354377	1.245896	1.516050	-0.410867	0.464770	0.626863	0.894553	0.900402	0.844077	-0.335056	2.239762	0.949476	2.872648	2.068601	0.029494	0.332589	2.270730	0.979306	3.078141	2.102865	1.503733	0.295988	0.908404	-0.638089	2.488919	0.417635	1.979375	1.982411	0.677184	0.018228	1.784068	-1.789400	1.519158	0.519032	-0.480744	0.363136	0.544260	-0.352601	0.714333	0.184983	1.928578	-1.023575	1.068686	-0.338457	1.468592	1.193561	-0.021867	-1.636473	-1.296230	-2.769647	-1.514410	-1.903209	2.149607	0.711823	2.121850	-0.631024	0.711896	-0.205809	1.200584	-0.057673	0.849284	-1.496949	0.719269	1.796435	2.452513	1.045655	-0.771735	0.023433	0.083735	1.689285	0.850449	0.925359	1.329297	0.460757	-0.690398	0.489457	1.090221	-0.055571	-0.068192	0.656612	-0.268716	0.792667	0.033693	0.013548	-0.303524	2.911381	2.607417	0.143027	1.526075	1.650350	1.381832	-1.531667	1.574349	2.151299	-0.617326	-0.473156	-0.813323	0.857760
1.916996	0.787912	1.335935	1.154545	1.337898	1.247491	1.947057	-0.211095	2.488725	2.313867	1.114863	2.000385	0.801780	0.331110	1.700645	1.043379	-0.279052	0.392581	1.119944	0.237773	1.511993	0.985187	2.664768	2.053141	1.876459	2.144170	0.453042	0.534911	1.192877	1.984387	1.275021	0.187747	0.795467	-0.303565	0.625429	-0.268440	1.052126	0.386923	1.836593	2.213780	1.201570	0.015555	0.411737	-2.469153	0.611563	-0.951226	-0.501672	0.003810	0.168422	-0.399356	0.190725	-0.319853	0.600357	-1.789515	0.345794	-0.920676	1.239817	1.475021	-0.509538	-1.635235	-1.313006	-2.506880	-1.761080	-2.204738	1.696417	1.407983	2.934981	-0.250384	0.611176	-1.562061	0.729954	-0.905285	0.136440	-0.841612	-0.090546	2.301167	2.114087	0.896233	-0.878882	-0.669126	1.543322	2.623233	1.804553	1.919873	1.351513	0.384213	-0.823969	1.466230	1.179550	0.532094	0.508323	0.553062	-1.409987	0.564790	-0.694806	-1.080069	-0.673698	2.070220	3.006495	0.675087	1.489362	1.857641	0.938615	-1.855449	0.970735	3.042919	1.060815	-0.509503	-1.121186	-0.488957
-0.002957	-1.036251	2.200446	1.422595	-0.605224	-0.774741	-0.080236	-1.487253	1.226997	1.288514	1.175927	0.247735	-0.146203	-0.795274	1.602400	1.754071	-1.160703	-0.228878	0.808467	-0.893529	1.623982	0.955024	1.437132	1.042278	0.287511	0.465270	0.460073	-0.068013	-0.347289	1.444456	-0.520281	-1.604329	-0.028442	-0.757306	0.504551	0.518736	-0.014791	1.022864	0.804330	1.367308	0.826285	-1.248941	-1.079262	-2.705663	-0.580149	-1.776953	-0.880887	-1.282194	-0.767822	-0.603286	-0.148543	-0.481327	-1.383690	-1.634071	-0.910747	-1.939781	0.446618	0.540102	-1.234872	-1.341445	-1.143927	-1.945511	-1.794629	-2.209663	0.564388	1.377941	1.615046	-0.871153	0.145730	-2.373197	-0.910351	-1.562060	-0.248662	0.691723	-0.195557	1.312000	0.542831	0.102605	-1.058357	-0.475671	2.783295	2.317269	1.873060	1.632893	0.493432	-0.183741	-0.520180	2.404762	0.337572	0.211704	0.691379	0.212119	-2.553325	-0.895931	-1.684809	-1.376759	-1.067265	0.117771	2.302794	0.736587	0.752971	1.632176	0.123420	-1.838319	-0.856292	2.263359	1.668285	-0.689330	-0.532473	-1.754247
-1.626446	-3.022570	2.419542	1.411934	-1.781417	-3.036936	-1.496205	-2.537610	-0.380390	-0.129764	0.797394	-1.831451	-0.422821	-1.086620	1.343254	1.498561	-1.368233	-0.478684	0.275595	-1.320153	1.070042	-0.311187	-0.412450	-0.879507	-1.051159	-1.213362	0.157984	-1.094129	-0.782644	0.033801	-1.207555	-1.827874	-0.081033	-0.614024	0.606575	1.121373	-0.144695	1.940878	-0.572794	-0.158691	0.193845	-2.521167	-1.614049	-2.010793	-0.748768	-1.041467	-0.815860	-1.909991	-1.527128	-0.783794	0.213538	-0.151279	-2.438533	-0.806777	-1.538778	-2.246398	-0.041181	-0.537230	-1.316202	-0.522671	-0.655759	-1.089280	-1.428335	-1.580901	-0.347634	0.823484	-0.106043	-1.682704	0.079386	-1.652211	-1.916848	-1.404260	-0.081224	1.965704	0.511013	0.133618	-0.441739	-0.108145	-0.821989	0.463919	2.989389	1.191674	1.438058	0.876512	-0.184406	-0.297466	-0.048636	2.463956	-0.536053	-0.340230	0.657514	0.304778	-2.499748	-1.913363	-1.905978	-0.654843	-0.661841	-1.214679	1.235923	0.601883	0.365525	1.172860	-0.395586	-1.098357	-2.311039	0.825401	1.499687	-0.543457	0.463783	-1.344777
-2.073690	-3.129067	1.604820	1.083114	-1.434448	-3.250118	-1.777335	-1.990327	-1.127058	-0.659853	0.182378	-2.331603	-0.064661	-0.619306	0.583743	0.562625	-0.745621	-0.196834	-0.235622	-0.703976	-0.059987	-1.456144	-1.500030	-1.704623	-1.816026	-1.286624	-0.202323	-1.654176	-0.099803	-0.928338	-1.033403	-0.907289	0.310649	-0.376064	0.430957	0.788143	-0.114700	1.958725	-1.591195	-1.420291	-0.018418	-2.212841	-1.352608	-0.786826	-0.093581	0.256805	-0.170378	-1.229807	-1.585941	-0.772774	0.698617	0.132748	-1.844759	0.053604	-0.989058	-1.033157	0.036613	-0.469114	-0.357571	0.732835	0.106154	0.221344	-0.825632	-0.495227	-0.738765	0.191673	-0.667748	-1.549928	0.556733	-0.092076	-1.310353	-0.828447	0.210872	1.736470	0.883414	-0.199120	-0.225313	0.289571	-0.333575	0.870202	2.065195	0.131119	0.984208	0.546647	-0.039239	0.225792	0.019684	1.378990	-0.900121	-0.340400	0.585953	0.640788	-1.161631	-1.540895	-1.208834	0.229948	0.218159	-1.070996	0.278921	0.534237	0.657261	0.341517	-0.399614	0.007542	-2.076199	-0.234303	1.462820	0.101565	0.748266	0.506429
-1.828631	-1.306695	0.000201	0.385718	-0.277695	-1.080984	-1.481782	-0.094802	-0.988997	-0.410700	-0.478375	-1.112020	-0.025328	-0.423824	-0.866890	-0.632133	0.186359	0.203508	-0.735691	0.147367	-1.438871	-1.584628	-1.457354	-0.925424	-2.199815	-0.131312	-0.666111	-1.439477	0.437748	-0.891466	-1.060969	-0.361972	0.188906	-0.748777	-0.415898	-0.545410	-0.769538	0.568748	-1.955475	-1.868745	0.089234	-0.333070	-1.198668	0.014685	0.091648	0.494213	0.435245	-0.044641	-0.937326	-0.511223	0.411670	-0.137611	-0.488924	0.473900	0.211767	1.129170	0.267058	0.733569	1.064330	1.806187	0.789877	1.686735	-0.411040	0.351683	-1.012853	-0.327752	-0.420376	-0.421960	1.056377	0.963434	-0.103787	-0.780773	0.049827	-0.102743	-0.064694	-0.100842	0.002928	0.133094	-0.290163	-0.161623	0.610736	-0.558213	0.459443	0.474126	0.526644	0.668603	-0.650632	-0.306084	-1.041026	0.086047	0.362682	0.431481	0.404736	-0.460837	-0.379053	0.467536	0.732062	-0.243043	-0.644531	0.453261	0.928451	-0.877475	-0.208874	0.887019	-0.454642	-0.670352	1.683680	0.877734	-0.031341	2.174800
-1.687483	0.553321	-1.497033	-0.425079	0.527425	1.471779	-1.274327	1.493586	-0.717745	-0.249863	-0.917419	0.271876	-0.675633	-0.994282	-2.360814	-1.680952	0.796799	0.280759	-1.107211	0.397165	-2.474364	-1.091995	-0.938569	0.217623	-2.316881	0.567534	-1.305266	-1.001756	-0.012039	-0.376791	-1.701255	-0.865569	-0.542934	-1.503327	-1.435102	-1.934593	-1.812324	-1.271269	-1.739453	-1.660058	0.000693	1.429762	-1.454533	0.026964	-0.700561	-0.469116	0.588206	0.667600	0.017637	-0.136205	-0.552852	-0.718497	0.249742	0.389476	1.117214	2.644436	0.268740	1.756389	1.930538	2.010619	0.955670	2.437940	-0.211229	0.602154	-1.430839	-0.702477	-0.656786	0.625373	1.002263	1.107152	0.227928	-1.364560	-0.627653	-2.221950	-1.793298	-0.468864	-0.852942	-1.079570	-0.790231	-1.795038	-0.557481	-1.034066	-0.390200	-0.074859	0.727936	0.487243	-1.656850	-1.632215	-1.287994	0.171422	-0.057007	-0.465754	1.267237	0.224681	-0.059474	0.240086	0.626671	-0.040954	-1.567705	0.043518	0.354616	-1.953125	-0.185690	1.325436	1.084625	-0.748868	1.380085	1.198386	-1.086855	2.398740
-1.513567	0.976333	-1.802894	-0.686172	0.585115	2.237080	-1.146863	1.556561	-0.514526	-0.240629	-0.644905	0.693147	-1.135908	-1.494024	-2.674188	-2.138092	0.843706	0.049523	-0.829556	0.237020	-2.442521	-0.735722	-0.443073	0.635764	-1.905859	0.051567	-1.616187	-0.907091	-0.850357	-0.012249	-2.260654	-1.653278	-0.888666	-1.602109	-1.587175	-2.191507	-2.187180	-2.061297	-1.024248	-1.154606	-0.219187	1.701400	-1.538453	-0.201460	-1.485118	-1.226372	0.657861	0.871728	0.693723	0.051587	-0.995946	-0.822744	0.073970	0.117893	1.333396	2.493772	0.243844	1.673429	1.776601	1.346705	0.608025	1.939614	0.257362	0.687645	-1.483406	-0.575099	-1.561559	0.729101	0.416478	0.824931	-0.269572	-1.613136	-1.204403	-3.016626	-2.678468	-1.071458	-2.037728	-2.203108	-0.997325	-2.299375	-0.756524	-1.087224	-1.156803	-0.949909	0.472542	0.071972	-2.103791	-1.788132	-1.292048	-0.226286	-0.203499	-1.053198	1.432932	0.327326	-0.096698	0.236164	0.275186	-0.683691	-2.024985	-0.661211	-0.864589	-2.099010	-0.390285	1.383793	1.560343	-0.614825	0.085820	0.922594	-1.399342	1.264826
-0.578609	0.456883	-0.486770	0.124075	0.387479	1.075756	-0.739811	0.535125	0.194026	0.439667	0.614521	0.648920	-0.484035	-0.879648	-1.208478	-1.665239	0.487060	-0.089982	0.498851	0.471147	-1.005621	-0.457844	0.295542	0.695340	-0.774507	-0.665726	-0.785014	-0.929819	-0.842983	0.289408	-2.003608	-1.754190	-0.207649	-0.568918	-0.574652	-1.113620	-1.420497	-1.338347	0.145249	-0.450043	0.175201	0.972861	-1.008288	-0.097907	-1.194090	-0.808665	1.172675	1.141003	0.612410	-0.158858	-0.045344	-0.049150	-0.222493	0.075325	1.198624	1.277541	0.669740	1.098696	1.037407	0.566909	0.362516	0.777998	1.206878	1.142697	-0.462881	0.543288	-1.920100	0.223902	-0.054562	0.341021	-0.310515	-0.872712	-0.920580	-2.075087	-1.801389	-0.698181	-1.801241	-1.826682	-0.251850	-1.228950	0.273079	-0.160217	-0.917339	-1.037557	0.424419	0.160577	-1.491247	-0.655962	-0.561732	-0.248281	0.464796	-0.374609	1.383005	0.398836	-0.040889	0.517448	-0.049488	-1.172343	-1.515633	-0.942484	-1.570272	-1.069260	-0.731563	0.994681	1.288138	-0.210700	-1.474295	0.520206	-0.734891	-0.322910
1.033863	0.346007	1.609979	1.615043	0.458245	-0.359762	-0.075570	-0.225792	1.515879	1.930951	2.188983	1.035035	0.829456	0.544751	1.129810	-0.426227	0.011591	0.144606	2.303424	1.248495	1.180372	0.317793	1.494251	1.234930	0.641882	-0.337301	1.118068	-0.393643	0.273572	0.957856	-1.140289	-1.126411	0.761631	0.746850	0.644234	0.259679	-0.147287	-0.067320	1.406098	0.377652	1.479095	0.712192	-0.234186	0.204173	-0.122618	0.120450	1.902438	1.635383	-0.168652	-0.588641	1.572109	1.036314	-0.081226	0.383698	1.090194	0.391809	1.494087	1.145127	0.400736	0.302923	0.759104	0.081690	2.023419	1.733645	1.352067	2.304380	-0.840818	0.060025	0.174547	-0.541273	0.634193	0.216243	0.223181	-0.381115	0.061396	1.040884	0.241241	-0.143711	0.921960	0.013436	1.929483	1.535846	0.493489	0.105026	0.964484	0.784611	-0.282728	0.913227	0.594179	0.739900	1.647469	1.074575	1.286126	0.726619	0.115990	0.405278	-0.378778	-0.755246	-0.348327	-0.181332	-0.960763	0.513438	-1.132369	0.111701	1.016217	0.300182	-2.112686	0.455392	0.324311	-1.581921
2.052735	0.865810	2.809639	2.529409	0.643103	-0.739706	0.377548	-0.057083	2.326574	2.866730	2.633235	1.550599	1.396833	1.343444	2.519327	0.812243	-0.361061	0.568899	3.103343	1.712600	2.635934	1.451044	2.393882	1.957540	1.445219	0.778461	2.649375	0.732986	1.347012	1.816015	-0.430591	-0.352571	0.832497	1.116187	0.923546	0.794956	0.675726	0.500600	1.949705	0.834155	2.698806	1.298126	0.220038	0.317747	0.584319	0.395126	1.955794	1.817258	-0.921147	-0.733839	2.131588	1.366989	0.167099	0.775512	0.859250	0.371018	1.895705	1.654991	0.040403	0.326683	1.416338	0.183786	1.880884	1.675658	2.511906	3.244459	0.891951	0.534577	0.926886	-1.493621	1.499492	0.617879	1.169955	0.830672	1.341509	2.796554	2.400072	1.234294	1.390185	0.066725	2.764932	2.518204	1.875376	1.294318	1.481777	1.188735	0.542505	1.613196	1.266250	2.025917	2.251684	1.724940	0.956171	0.995346	0.036247	-0.482197	-0.607046	-0.018749	0.369840	0.951103	0.434007	1.720139	-1.378108	-0.806040	0.797075	0.398053	-1.560444	0.596132	1.150304	-2.121398
1.351822	0.985375	2.016973	1.824516	0.317660	-0.341595	0.258465	0.533422	1.410181	1.801400	1.143825	1.144248	0.579919	0.704397	1.876166	1.234497	-0.512852	0.676980	1.855684	1.028970	2.295212	1.913330	1.815191	1.652111	1.068631	1.243503	2.332864	1.526408	1.106563	1.967745	-0.155894	0.210885	-0.095424	0.333269	0.238984	0.454781	0.667299	0.042792	1.103799	0.324540	2.362596	1.551336	0.384014	0.360060	0.482815	-0.034620	0.814058	1.134666	-0.907658	-0.293670	0.832840	0.497908	0.029979	0.911200	0.104069	0.459059	1.069633	1.305580	-0.365423	-0.047486	1.250709	0.293424	0.814577	0.707923	1.763225	2.115654	1.620554	1.027394	1.352521	-1.582392	1.071443	0.344177	0.843441	1.163414	1.257344	2.859904	2.750855	1.161904	0.813418	-0.637029	1.621432	1.400162	1.798146	1.034186	1.025624	0.735191	0.489836	0.847133	1.036270	2.213331	1.579344	0.777173	0.315751	0.806260	-0.307999	-1.576878	-0.432696	-0.106334	-0.134698	0.870206	1.288947	2.032166	-1.125218	-0.992024	0.135512	-0.244459	-0.601928	0.422101	1.581281	-1.812043
-0.696672	0.029988	-0.236523	-0.289425	-0.789146	-0.223699	-0.337848	0.688883	-0.863249	-0.847302	-1.315744	-0.297753	-0.753107	-0.600016	-0.138927	0.679826	-0.481188	0.092722	-0.810856	-0.594180	0.615771	1.043592	-0.337445	-0.091308	-0.162364	0.280259	0.412475	1.194209	-0.325120	0.819359	0.076405	0.560993	-1.026376	-0.711213	-0.412245	0.101543	0.070179	-0.807628	-0.830444	-0.972102	0.181868	0.375302	0.623129	0.740921	0.190613	-0.257580	-0.993499	-0.299963	-0.274014	0.396891	-1.224548	-0.796829	-0.397666	0.689324	-1.176063	-0.217309	-0.785790	-0.483802	-1.031194	-0.951520	-0.238398	-0.375574	-0.206211	-0.428196	-0.516802	-0.594750	0.748685	0.931636	0.795660	-0.547550	-0.363518	0.296201	-0.451712	1.011928	0.282713	1.122074	1.126523	0.031247	0.001495	-0.611180	-0.988402	-1.304664	0.163961	-0.584160	-0.486329	-0.402363	-0.032506	-0.664765	0.346394	0.862273	0.102128	-0.859631	-0.454316	0.144855	-0.485594	-1.977749	0.098082	-1.120563	-1.339038	-0.879043	0.842146	1.452863	-0.352876	-0.280297	-1.019524	-1.200432	0.102196	-0.293038	1.665215	-0.856524
-2.528438	-1.373964	-2.310434	-2.466491	-2.042350	-0.691256	-0.989609	0.148835	-2.707530	-3.034878	-2.796050	-1.628857	-1.351079	-1.245336	-1.857196	-0.314088	-0.480133	-1.052854	-3.033881	-2.124403	-0.886323	-0.591720	-2.629338	-2.143742	-1.261286	-1.204537	-1.341520	0.136230	-1.514049	-1.046926	0.622592	0.704957	-1.181937	-1.154500	-0.285833	0.308913	-0.624513	-1.266733	-2.510623	-1.952856	-2.442529	-1.702168	0.937393	1.353683	0.311706	0.196636	-2.342468	-1.766225	0.050218	0.641729	-2.217838	-1.277502	-0.686596	0.215623	-2.378253	-1.465853	-2.446887	-2.518032	-1.722976	-1.706809	-2.133904	-1.503954	-0.414034	-0.829416	-2.585611	-2.990147	-0.619798	0.407317	-0.453168	0.620036	-1.410625	0.790158	-1.213746	0.783162	-0.665077	-0.881206	-1.023146	-1.037207	-0.159799	0.593302	-3.099478	-3.433794	-1.706705	-1.971221	-2.044744	-1.436875	-0.325721	-1.709308	-0.246531	-1.008317	-1.167287	-1.705221	-1.153572	-0.661488	-0.187654	-1.392685	0.489268	-1.887204	-1.913070	-2.642402	-0.430951	0.258035	0.425575	0.584333	-1.948105	-1.588691	0.653566	-1.201590	1.253747	0.191226
-2.865076	-2.066413	-2.982440	-3.358347	-2.244969	-0.948930	-1.196745	-0.579211	-2.860092	-3.313239	-2.334903	-1.891957	-0.971354	-0.914952	-2.220883	-1.101398	-0.675184	-2.094898	-3.440658	-2.692416	-1.261116	-1.838030	-3.406642	-3.037927	-1.358372	-1.540638	-1.635732	-0.529447	-1.299833	-2.327081	1.276265	0.684545	-0.725209	-0.915873	0.323719	0.754670	-0.867576	-0.982023	-2.598009	-1.627125	-3.668453	-2.933400	1.031039	1.538658	0.676680	0.834288	-2.484212	-2.461255	-0.495951	0.144993	-1.545013	-0.648359	-0.649799	-0.381452	-2.685971	-2.185749	-2.688861	-3.081633	-1.990860	-1.630419	-2.856587	-1.976377	-0.142546	-0.521469	-3.025367	-3.625529	-1.050354	0.078532	-1.353642	0.978091	-1.320751	1.023145	-0.601351	0.477323	-1.056403	-1.740712	-2.274599	-1.418134	0.304434	1.779053	-3.238490	-3.405982	-2.440650	-1.915382	-2.520923	-1.629132	-0.230571	-1.933480	-0.645623	-2.042347	-1.705843	-1.323964	-1.645899	-1.175090	0.340347	-0.253477	0.530716	-1.362379	-1.146801	-2.457117	-1.381203	-1.069446	0.689483	0.874139	-1.884076	-0.975106	1.193493	-1.755739	0.179643	0.825100
-1.656332	-1.512648	-2.312545	-2.635834	-0.736744	-0.138449	-0.613625	-0.739237	-1.786727	-2.171530	-0.760941	-1.351002	-0.323270	-0.386068	-1.504145	-1.378055	-0.848229	-2.242737	-2.201222	-2.119601	-0.929133	-1.991430	-2.350822	-2.435520	-0.364304	-0.058798	-0.853263	-0.281323	-0.048499	-2.272974	1.495454	0.792175	-0.200648	-0.383981	0.655089	0.814262	-0.310956	-0.091921	-0.981854	-0.159624	-2.788703	-2.108817	0.934264	0.987157	0.848043	1.061711	-1.513922	-1.948405	-1.328606	-0.627431	-0.265040	0.118991	-0.375521	-0.994936	-1.639027	-1.529021	-1.295161	-1.787136	-1.555716	-0.812648	-1.727314	-1.157015	-0.254528	-0.298524	-1.901425	-2.647187	-0.370080	0.279979	-1.124496	0.911619	-0.661180	0.288231	0.429253	-0.017497	-0.792086	-1.442966	-2.254458	-1.120894	0.753082	1.616854	-1.834632	-1.675607	-1.771807	-0.729307	-1.618498	-0.776275	-0.124159	-1.994982	-0.864749	-1.762222	-1.563517	-0.396021	-1.692506	-1.037388	0.645389	0.779862	0.706118	0.209522	0.398776	-0.409757	-1.269646	-1.884217	0.472805	0.792716	-0.787637	0.233651	1.258401	-1.695198	-1.237804	0.957392
0.214700	-0.061596	-1.144427	-1.042372	1.740318	1.539737	0.635417	-0.024280	-0.753326	-0.984960	0.517098	-0.785221	0.047305	-0.277867	-0.610975	-1.162596	-0.512418	-1.199599	-0.439579	-0.727541	-0.787852	-1.058204	-0.569434	-1.154805	1.001255	2.154929	-0.111850	0.429169	0.811871	-1.297924	0.961225	1.296166	0.153687	0.152108	0.482809	0.376800	0.704805	0.892647	1.099375	1.314571	-0.622708	0.255387	1.030186	0.254505	0.855850	0.952448	-0.114394	-0.419194	-1.343664	-0.936411	0.311689	0.090126	0.007524	-1.483043	0.464767	0.218303	0.857415	0.212724	-0.465633	0.073467	0.399531	0.398337	-0.861227	-0.521074	-0.300527	-1.147534	0.357002	0.773011	-0.031491	1.359891	-0.223715	-0.877296	0.354507	-0.554523	0.057525	-0.871558	-1.368443	-0.280418	0.841695	0.192561	-0.417510	0.178344	-0.457643	0.504901	0.082025	0.666629	-0.203058	-2.355803	-0.619964	-0.647757	-0.822739	0.443223	-1.025224	-0.212022	0.681636	1.178822	1.436164	1.738879	1.662244	1.567065	-0.343781	-1.799914	0.171097	1.023584	0.686134	1.285224	0.425268	-1.136078	-2.210534	0.785352
1.755326	1.460126	-0.182127	0.369651	3.482302	2.848250	1.857750	1.087539	-0.268536	-0.326538	0.998298	-0.361898	0.274349	-0.313904	-0.080726	-0.685196	0.413806	0.511972	0.907075	0.913438	-1.000191	0.413616	0.643332	-0.129394	1.851303	3.259457	0.153332	0.947529	0.380955	-0.343255	-0.071473	1.905543	0.311194	0.549201	0.208201	-0.167512	1.216826	1.316537	2.213543	1.797612	1.304686	2.385370	1.396070	0.056366	1.006082	0.894745	0.933470	1.254902	-0.214169	-0.565314	0.023387	-0.391608	0.330234	-1.672409	2.562027	1.843551	2.510756	1.542722	0.901140	0.519416	1.994602	1.499808	-1.169234	-0.633042	0.841051	0.028535	0.181071	1.040966	0.911432	2.156005	0.014877	-1.299219	-0.889692	-0.863183	1.174029	-0.616748	-0.205124	0.873297	0.719187	-1.221252	0.158279	1.157888	0.538212	1.146802	1.654960	1.829450	-0.174627	-2.495702	0.266753	0.515701	0.372121	1.136529	0.206952	0.833264	0.802219	0.743170	2.209325	2.476698	2.123910	2.011067	0.509865	-1.126959	-0.006821	1.579964	1.769974	1.709413	-0.791186	-0.348022	-2.175550	0.498277
2.382329	2.179603	0.289244	1.012333	3.353540	2.653050	2.295216	1.682699	0.061565	0.146835	1.066827	0.239644	0.574154	0.024320	0.111400	-0.341731	1.224907	1.886752	1.442692	2.053013	-1.043352	1.449884	0.851780	0.290474	1.868738	2.394551	0.212315	1.074569	-0.790607	0.100480	-0.820266	1.881428	0.134113	0.634784	0.096413	-0.526401	0.683240	0.861535	1.956332	1.180699	1.841522	2.775064	1.541880	0.293673	1.212141	0.885385	1.116248	1.973078	1.158117	-0.036824	-0.319548	-0.262980	0.399826	-1.413085	3.379951	2.223176	2.803076	1.689584	1.866178	0.461387	2.128317	1.396985	-0.707777	-0.137755	1.268869	0.625153	-0.730503	0.761828	1.004617	2.073524	0.455853	-0.636138	-1.762074	-0.901762	1.876649	-0.561566	0.712676	1.720273	0.458306	-1.579167	0.178442	1.233843	0.671011	1.156593	2.296481	1.987398	0.177821	-1.720653	1.240358	1.113233	1.299073	1.599789	1.258632	1.350887	1.114746	-0.183998	2.014759	2.390820	1.894960	1.259006	0.619158	-0.598762	-0.117388	1.667504	1.990812	1.423250	-1.343354	0.402842	-1.328859	0.266161
2.007870	1.620939	0.169801	0.925525	1.780437	1.001823	1.820080	1.196122	0.482138	0.594463	0.924308	0.875824	0.670194	0.595976	0.147267	-0.413467	1.081733	2.199896	1.048530	2.053553	-0.654907	1.202798	0.406867	0.229095	1.397820	0.354741	0.206417	1.003885	-1.403563	0.248839	-0.489819	0.879549	-0.418234	0.345190	-0.113771	-0.766659	-0.195500	-0.078987	0.992809	0.024579	0.819405	1.308035	1.020469	0.186970	0.993471	0.582474	0.430249	1.297090	1.565701	0.005869	-0.138630	0.648641	0.270214	-0.650374	2.348572	1.204513	1.640832	0.948787	1.741334	-0.032670	0.951169	0.266600	-0.110722	0.457843	1.162996	0.643158	-1.388415	0.115339	0.484826	0.583217	0.919408	0.312812	-0.988081	-0.799450	1.572783	-0.332207	1.095007	1.572565	-0.193741	-0.901205	0.070955	0.616999	-0.020219	0.604442	1.625296	1.082476	0.487087	-0.350981	1.282562	0.866911	0.902232	1.327428	1.375211	0.922193	1.127168	-0.846800	0.630113	1.652985	1.125755	0.476478	0.084699	-0.542354	-0.160676	0.758832	1.225568	0.550849	-0.897884	0.866388	-0.326626	0.283800
0.960205	0.140518	-0.457658	0.429162	0.110836	-0.941563	0.989165	-0.080738	0.631838	0.601564	0.209811	0.810399	0.176502	0.768592	0.139038	-0.643610	0.058568	1.512837	-0.099281	0.935892	-0.183351	-0.055911	-0.187301	-0.042037	0.871711	-1.419318	-0.010751	0.992019	-0.844755	0.502558	0.946231	-0.512197	-0.926477	-0.060587	-0.662875	-0.999870	-0.206275	-0.711170	0.106741	-1.062473	-0.944670	-0.880689	0.066485	-0.627780	0.165658	-0.077352	-0.563100	-0.073525	0.803794	-0.402929	0.296212	1.232006	0.289345	0.458890	0.161517	-0.356887	-0.319986	-0.118591	0.480032	-0.880401	-0.688564	-1.114837	-0.220710	0.242192	0.826355	0.213952	-1.034690	-0.346821	0.086750	-1.231397	0.795714	0.689695	0.991461	-0.475777	0.468118	0.205138	1.106447	0.496204	-1.298710	0.101614	-0.265116	-0.533021	-1.020977	-0.406747	-0.082502	-0.293806	0.275500	0.553019	0.009002	-0.027650	-0.988874	0.044820	0.602803	-0.097856	0.315352	-0.742521	-0.944162	0.378368	-0.164608	0.152293	-0.407668	-0.531039	-0.006196	-0.634372	-0.239496	-0.596441	-0.163486	0.893790	0.429063	0.564157
-0.126521	-1.177020	-1.068180	-0.163862	-0.744987	-1.951601	0.435174	-1.228413	0.286041	0.003311	-1.171950	-0.226834	-0.665564	0.320032	0.243043	-0.352188	-0.808013	0.498841	-1.265011	-0.477684	0.010377	-0.887954	-0.561132	-0.241777	0.402852	-2.191660	-0.363925	1.096196	0.287366	0.901555	2.470584	-1.278680	-0.798350	-0.213147	-1.157307	-1.076413	0.865385	-0.622821	-0.433971	-1.659536	-2.157438	-2.391268	-0.585299	-1.522285	-0.780317	-0.681156	-1.063085	-0.929501	-0.094204	-0.525476	0.396805	0.529232	0.647526	1.492618	-1.633569	-1.336244	-1.957822	-0.940610	-0.969527	-1.673575	-1.825902	-1.968239	-0.792977	-0.767849	0.617890	-0.255860	0.161360	-0.297951	0.212832	-1.895320	0.078637	0.453460	2.649165	0.325990	-0.428811	0.886693	1.229910	-0.561635	-2.263308	0.796536	-0.911388	-1.670314	-1.624213	-1.458027	-1.897605	-1.427636	-0.199047	0.604494	-1.676867	-0.913961	-2.980631	-1.578363	-0.177151	-0.808420	-1.007897	-0.123306	-1.474984	-0.982517	-1.615768	-0.041160	-0.274380	-0.004768	0.350045	-1.480969	-1.613920	-1.495445	0.105606	0.596169	1.006080	0.776732
-0.562982	-1.382058	-0.898294	-0.524848	-0.779892	-1.685060	0.387057	-1.447326	-0.026237	-0.509251	-2.317186	-1.272175	-1.062249	-0.235750	0.617716	0.711805	-0.706999	-0.165167	-1.467165	-1.186494	0.020602	-0.288382	-0.437734	-0.190425	0.042567	-2.075490	-0.502269	1.015588	1.024197	1.140075	2.851810	-0.943001	-0.008656	-0.064113	-0.908804	-0.756026	1.964751	-0.124598	-0.588218	-1.421546	-1.898537	-2.451635	-0.440708	-1.612899	-1.111235	-0.801416	-0.637363	-0.690066	-0.036461	0.154730	0.035375	-0.906995	1.072011	1.959983	-1.830604	-1.205603	-2.258979	-1.028279	-1.395761	-1.739327	-1.835451	-1.939642	-0.754326	-1.511998	0.820652	-0.250775	1.290777	-0.096226	0.649717	-1.215806	-0.391915	0.096295	2.967002	1.420139	-0.275039	1.454429	1.675194	-0.754587	-2.241205	0.945562	-1.302430	-1.862944	-1.370403	-1.921046	-2.689507	-1.918343	-0.116528	0.558906	-2.289192	-1.131505	-3.213466	-2.344719	-0.119835	-0.554626	-1.728739	0.351581	-0.715225	-1.546569	-2.356395	-0.349286	0.399182	0.944937	0.687540	-1.300473	-1.936985	-1.672824	-0.015300	0.265988	1.482359	0.543500
-0.071223	-0.509058	0.200377	-0.344414	-0.351542	-0.731942	0.698393	-0.687098	0.335652	-0.096186	-1.992923	-0.947318	-0.563175	-0.287900	1.076412	1.750276	-0.053325	-0.265200	-0.435878	-0.836379	0.071714	0.872228	0.201650	0.040836	0.089855	-1.276763	-0.330674	0.331928	1.081992	1.022420	1.873553	0.096149	0.741912	0.105965	0.101087	-0.124765	2.088346	0.210427	-0.187378	-0.239363	-0.361342	-1.245927	0.289897	-0.859089	-0.552097	-0.428014	0.396468	0.207066	0.856170	1.105968	-0.365207	-1.545456	1.198825	1.656020	-0.567053	-0.363519	-1.063599	-0.302218	-0.622270	-0.918808	-0.813536	-1.268678	0.270476	-1.181863	1.325795	0.338031	1.464318	-0.377189	0.899747	-0.290961	-0.003081	-0.062080	2.025776	1.884660	0.650267	1.683076	2.003943	-0.253854	-1.053958	0.605130	-0.756738	-0.731519	-0.439969	-1.519672	-1.868788	-1.669723	0.692435	1.093073	-1.231877	-0.653311	-1.297582	-1.684318	0.741502	0.438029	-1.064412	0.377683	0.447670	-0.839197	-1.754868	-0.506604	0.885011	1.626230	0.803277	-0.535549	-0.901988	-1.098920	0.019344	0.030934	1.554167	-0.063698
0.865534	0.541837	1.283238	0.328921	0.230444	0.052635	1.026049	0.372045	1.072352	1.066805	-0.141170	0.905702	0.386991	0.188871	1.039158	1.584513	0.028455	-0.056771	0.908753	0.071145	0.094621	0.760237	0.865848	0.197227	0.714802	0.115657	-0.159316	-0.814553	0.912639	0.762807	0.515274	1.065804	0.803848	0.145610	0.957796	0.340261	1.371064	0.167046	0.692169	1.334930	1.202971	0.297660	0.888879	-0.087465	0.468184	0.125574	1.233089	0.992408	1.450007	1.207635	-0.332120	-0.606106	1.044753	0.810253	0.832926	0.310351	0.637263	0.649927	0.274054	0.010389	0.389211	-0.578112	1.336357	-0.129918	1.577400	1.015867	0.533914	-1.110889	0.613717	-0.073435	0.749161	-0.031450	0.441866	0.882917	1.186748	1.410955	1.574836	0.108414	0.454542	0.033722	0.452335	0.850774	0.396149	-0.634163	0.089436	-0.744653	1.212167	1.674657	0.547202	-0.160272	1.121267	-0.184803	1.576033	1.290775	0.485063	0.228895	0.920846	0.418407	-0.265458	-0.214336	0.457817	1.500389	0.763687	0.025842	0.670927	-0.225954	0.332850	-0.266588	0.828760	-0.508888
1.327327	0.962039	1.167610	0.925775	0.589319	0.235174	0.955791	0.958271	1.121935	1.790271	1.720768	2.806114	0.962362	0.732174	0.179836	0.118677	-0.827602	0.076186	1.282100	0.715256	-0.056906	-0.998993	0.846461	0.133449	1.392141	1.571213	-0.186004	-1.493874	0.937077	0.736131	-0.169935	1.449787	0.353757	0.289257	0.782057	0.274637	0.630988	-0.012424	1.321554	2.234366	1.542501	1.150514	0.745438	0.089565	1.174760	0.568884	1.285228	1.364619	1.052871	0.150385	0.226409	1.148650	0.830858	-0.112172	1.128828	0.288270	1.448963	0.982934	0.326710	0.191385	0.857284	-0.271475	1.366660	0.739160	1.090554	1.152288	-0.704860	-1.407524	-0.161246	-0.399201	0.899754	0.139545	-1.090714	-1.105635	0.611627	0.657601	0.389505	-0.023100	1.155698	-0.340843	1.126122	1.486619	0.431511	0.077616	1.848251	0.562130	0.456386	1.257106	1.518399	-0.301566	1.957139	1.031250	1.625211	1.401632	1.589902	0.313243	0.420053	0.908969	0.870375	0.391904	-0.831688	0.682644	0.882997	0.049521	1.476811	0.413926	0.508622	-0.690420	-0.533444	-0.395802
0.858677	0.729812	-0.151725	0.850523	0.311314	-0.026399	0.275399	0.825964	0.018408	1.192377	1.989012	3.089666	0.852058	0.969450	-0.940107	-1.203589	-1.662099	-0.008490	0.374977	0.654673	-0.204477	-2.580575	-0.032514	-0.054172	1.220036	2.046413	-0.171678	-0.897744	1.076469	0.983192	-0.081576	1.194789	0.149817	0.811314	-0.191018	-0.047176	0.291685	0.027708	0.902954	1.848613	0.564754	0.924092	-0.113794	0.026766	1.064972	0.790260	0.645822	1.455220	0.258160	-0.975162	0.971075	2.325629	0.542598	-0.682851	0.300902	-0.184461	0.852892	0.414132	-0.130651	-0.181387	0.511969	-0.107054	0.495798	1.068735	0.049346	0.609415	-1.083876	-0.555166	-0.980285	-0.493412	0.282350	0.474415	-1.817858	-2.290152	-0.478434	-0.229202	-0.745568	-0.173315	0.743724	-0.138802	0.502959	0.722433	-0.247138	0.293491	2.170858	1.627822	-1.018939	-0.110882	1.075872	-0.935754	0.724898	1.282877	0.913513	1.004906	1.476618	0.733726	-0.366554	0.196329	0.873596	0.937902	-2.016626	-0.256031	1.426661	-0.118261	0.951903	0.581337	0.273740	-0.875763	-1.667644	0.036553
-0.058213	0.338653	-1.343836	0.156283	-0.600315	-0.338023	-0.732436	0.241473	-1.387344	-0.254783	0.692369	1.570534	0.439572	0.896781	-1.265467	-0.820115	-1.306166	-0.105587	-0.848088	0.078898	-0.053347	-2.077179	-1.138280	-0.224931	-0.023524	0.951171	0.173290	0.536432	1.022384	1.126110	0.140050	0.572593	0.558225	1.530740	-0.814623	0.070809	0.165753	0.432886	-0.405327	0.697422	-0.657341	0.058672	-1.035339	0.447875	0.295344	0.804531	-0.107692	1.254819	0.085997	-0.836925	1.363646	2.236038	0.071270	-0.643040	-0.660217	-0.511765	-0.379388	-0.530333	-0.123858	-0.160359	0.120081	0.411878	-0.222211	1.155023	-0.787525	-0.134872	-0.144568	0.927803	-1.330455	-0.059045	-0.366418	0.900745	-1.278102	-1.274776	-0.858309	-0.716840	-1.075503	0.110083	-0.044136	0.602838	-0.748150	-0.532879	-0.828491	0.170624	0.949175	1.799184	-1.510189	-1.090097	-0.106512	-1.314801	-1.186107	0.695996	0.109764	0.654179	0.602064	1.245798	-0.573983	-0.823639	0.112250	1.187828	-2.038913	-0.768985	2.208039	0.030971	-0.270070	0.315775	-0.109818	-0.375650	-1.665110	0.200032
-0.623572	0.047576	-1.201815	-0.486606	-1.529561	-0.514341	-1.470070	-0.491491	-1.880451	-1.251524	-0.670621	-0.454556	0.204606	0.687939	-0.422111	1.097353	0.164142	0.073333	-1.235456	-0.496856	0.270164	0.143927	-1.665464	-0.392423	-1.478534	-1.045086	0.719464	1.403492	0.622897	0.825914	-0.003000	-0.065437	1.097963	1.861977	-0.318449	0.861128	0.022195	1.050528	-1.520346	-0.197758	-1.080277	-0.774664	-1.352548	1.295596	-0.496737	0.688414	-0.443368	0.544046	0.581489	0.513241	1.053713	1.260983	-0.312613	-0.035825	-0.985136	-0.483959	-1.138631	-1.140830	0.441751	0.526450	0.307416	1.228461	-0.161060	1.220007	-0.849265	-0.433626	1.244719	1.654540	-1.088052	0.457335	-0.443724	1.193905	0.043232	1.230159	-0.140754	-0.568149	-0.736303	0.524468	-0.381040	1.330903	-1.258322	-1.105489	-0.690151	-0.012433	-0.672827	0.980299	-0.204661	-0.672846	-1.040611	-1.010845	-2.087030	-0.123871	-0.175891	0.388409	-0.095603	1.431911	-0.097607	-1.109622	-0.543277	1.029799	-0.839838	-0.630298	2.481704	0.477064	-1.151654	-0.251711	-0.227936	0.662302	-0.460640	-0.125925
-0.667480	-0.367154	0.032702	-0.520727	-1.791062	-0.669144	-1.624041	-1.257784	-1.267953	-1.107220	-0.944873	-1.647919	0.213793	0.442704	0.751350	2.589185	1.424134	0.501302	-0.632005	-0.723233	0.290088	1.815328	-1.427955	-0.621273	-2.106529	-2.562780	1.045972	0.904600	-0.108573	0.195268	-0.504491	-0.551123	1.066128	1.409963	0.852172	1.611622	-0.140207	1.516716	-1.646514	-0.487965	-0.705525	-1.333286	-1.027570	1.638301	-0.800918	0.517208	-0.188466	-0.508075	0.739895	1.557944	0.205704	0.232642	-0.147298	0.661128	-0.834074	-0.407752	-1.102194	-1.183157	0.681456	1.026980	0.827064	1.655357	0.339431	1.108127	-0.325192	-0.040900	1.603109	0.870303	-0.574275	0.590456	-0.055151	1.165270	0.876888	2.817600	0.776508	-0.156844	-0.476953	0.480579	-0.296359	1.409490	-0.523959	-0.759587	-0.072106	-0.136791	-1.340470	-0.174976	1.729307	0.530172	-1.347041	-0.392555	-1.508127	-0.591696	0.121025	-0.182062	-0.297585	0.959961	0.327158	-0.707754	-0.713229	0.383843	0.512306	-0.021949	1.526524	0.618592	-1.299084	-0.906808	0.018985	1.473107	0.991160	-0.574620
-0.677118	-1.092579	1.039641	-0.051095	-1.312936	-0.902280	-1.443474	-1.875984	-0.415275	-0.361926	-0.490233	-1.771430	0.222783	0.149748	1.064306	1.935019	1.357941	0.758376	0.126373	-0.633015	-0.123602	1.373230	-0.864596	-0.787606	-1.799051	-2.814734	0.881718	-0.283183	-1.068065	-0.360924	-1.153905	-0.999251	0.409707	0.403550	1.543623	1.348707	-0.360483	1.442226	-1.106048	-0.670849	-0.302035	-1.687909	-0.614465	0.838456	-0.682571	0.263080	0.453098	-1.152448	-0.135610	1.008679	-0.602706	-0.320932	0.437952	0.789382	-0.724545	-0.505875	-0.734438	-0.870955	0.174846	0.674592	0.975982	1.253756	0.653188	0.714924	0.074950	0.652683	0.366118	-0.637214	-0.126127	0.461654	0.419253	0.785552	0.389501	1.815294	0.760653	-0.141163	-0.678824	-0.004729	-0.411683	0.720080	0.621312	-0.173626	0.328563	-0.161290	-0.753827	-0.853128	2.421192	1.070252	-1.200231	-0.070044	-0.244786	-0.484297	0.569741	-1.038673	-0.405809	-0.074356	-0.004024	-0.453973	-0.615083	-0.564954	0.943711	0.531577	-0.459296	0.007473	-1.071880	-1.276412	0.438225	1.477448	1.569764	-0.653705
-0.960067	-1.740007	0.910639	0.344173	-0.593368	-0.979646	-1.328416	-1.921469	-0.032644	0.006604	-0.376344	-1.476350	0.077185	-0.186352	0.262265	-0.428924	0.266179	0.460623	0.250051	-0.429936	-0.469787	-0.387566	-0.372066	-0.595647	-1.317228	-2.097882	0.247489	-1.017843	-1.964732	-0.674831	-1.793276	-1.530380	-0.237790	-0.521261	1.085492	0.014840	-0.811103	0.681154	-0.755774	-1.152322	-0.346393	-1.648087	-0.572710	-0.546047	-0.596793	-0.182135	0.992424	-0.876804	-1.412700	-0.645519	-0.902942	-0.427076	0.603327	0.162390	-0.674055	-0.481273	-0.458220	-0.460086	-0.273615	0.144588	0.500553	0.472043	0.543622	0.262061	-0.141168	0.914431	-1.437965	-1.326447	0.196961	0.463120	0.737253	0.089576	-0.896872	-0.856136	-0.323231	-0.762938	-1.015250	-0.339472	-0.889074	-0.243624	1.064739	0.017847	0.261199	0.009989	0.159063	-0.845038	1.358362	0.480105	-0.762475	-0.098975	0.678867	-0.032642	0.598510	-1.528876	-0.734917	-1.063574	-0.930677	-0.686622	-0.438785	-1.250494	0.504716	0.502006	-2.251520	-0.970644	-0.832852	-0.995663	0.740840	0.904545	1.070903	-0.195112
-1.206913	-1.612912	0.019661	0.245443	-0.066980	-0.490233	-1.301955	-1.092352	0.093039	-0.303585	-0.841779	-1.321006	-0.097954	-0.416053	-0.732103	-2.310723	-0.526596	-0.233405	-0.162826	-0.157707	-0.223305	-1.443788	0.105274	0.076457	-1.231321	-1.084771	-0.640600	-1.161338	-2.364886	-1.012897	-2.243791	-1.879498	-0.327420	-0.894664	-0.076700	-1.276935	-1.435355	-0.430980	-0.870689	-1.598989	-0.540807	-0.805175	-0.752553	-1.321678	-0.789140	-0.773921	0.917048	-0.154545	-1.774037	-1.602071	-0.689175	-0.364041	-0.213019	-0.662637	-0.316673	0.047652	-0.232234	-0.077607	0.226427	0.588583	-0.185060	0.106330	0.118017	-0.033086	-0.796113	0.329485	-2.215720	-0.551377	0.406395	0.604977	0.676506	-0.838456	-1.638505	-2.618823	-1.522404	-1.563447	-1.060836	-0.181201	-1.091830	-0.910271	0.601425	-0.109361	0.156485	0.438112	0.381537	-0.556649	-0.180215	-0.217117	0.019493	0.029133	0.941738	0.341887	-0.077045	-1.177480	-1.012239	-1.417329	-1.576597	-0.782890	-0.049529	-1.198555	0.172507	-0.113835	-2.701564	-1.380297	-0.473291	-0.063368	0.624010	0.420474	0.320714	0.607836
-1.028530	-0.552545	-0.514709	-0.180761	0.208763	0.555704	-1.062460	0.298071	0.514225	-0.732738	-1.046042	-1.202782	-0.077703	-0.324075	-0.848198	-2.089948	-0.175545	-0.709667	-0.357857	0.284370	0.517415	-0.874081	0.765631	0.914667	-1.254182	-0.069152	-1.338500	-1.437226	-2.019337	-1.583195	-2.250487	-1.541369	-0.019229	-0.748632	-0.896109	-1.356463	-1.769026	-1.185676	-0.945177	-1.427891	-0.387215	0.697218	-0.701803	-0.990723	-1.027170	-1.211782	0.133841	0.109334	-0.742968	-0.781752	-0.260035	-0.254365	-1.482931	-0.983003	0.298626	0.812778	0.090777	0.206177	1.206469	1.812664	-0.615033	0.287294	-0.423138	-0.275973	-1.262317	-0.720166	-1.414109	0.767872	0.351937	0.518384	0.053656	-1.667808	-1.085307	-1.996949	-1.794891	-1.856518	-0.828416	0.150105	-0.441729	-1.141329	-0.048513	-0.037695	0.500551	0.993636	-0.040797	-0.329030	-0.641589	0.109344	1.110853	0.670517	1.016913	0.480083	-1.137989	-0.356587	-0.816748	-1.205509	-1.284039	-0.130340	0.602259	-0.562384	0.602620	-0.640899	-1.914514	-0.756494	0.179758	1.020935	0.002590	0.278744	0.165463	1.303101
-0.567736	0.732913	-0.036150	-0.370435	0.248618	1.419856	-0.477486	1.457375	1.149341	-0.626827	-0.316502	-0.697180	0.132599	0.061062	0.006790	-0.343793	0.755776	-0.618591	0.112134	0.772683	1.214135	0.403434	1.454332	1.379075	-0.748160	0.898055	-1.251902	-1.981147	-1.070004	-1.954577	-1.665608	-0.472420	0.031001	-0.478538	-0.843236	-0.258588	-1.416320	-1.099742	-0.502985	-0.629431	0.048136	1.880745	-0.382273	-0.233169	-0.997170	-1.253055	-0.871804	-0.252850	0.754149	0.933216	0.078147	-0.057533	-2.152386	-0.682433	0.554385	1.014678	0.374297	0.353021	1.196951	2.171243	-0.837081	0.357878	-0.813978	-0.672072	-1.071339	-1.330049	0.047466	1.190969	-0.081249	-0.002137	-0.921057	-1.856672	0.173191	0.001507	-1.017289	-1.415730	-0.558168	0.103882	0.716072	-1.132347	-0.177510	0.442312	1.197212	1.370461	-0.238188	-0.076901	0.161531	1.261088	2.099092	1.504421	1.436897	0.564417	-1.830850	0.140503	-0.251642	-0.997945	-0.285026	0.838524	1.067576	0.035710	1.348564	-0.372352	-1.058530	0.332086	0.792317	1.538802	-0.721830	0.103954	0.551204	1.305448
-0.278121	1.358171	1.002815	-0.039872	-0.080991	1.240723	0.179009	1.830600	1.279991	-0.021378	0.838762	0.219108	0.227981	0.349375	0.901825	1.018566	0.970200	-0.357344	0.815409	0.836964	1.501852	1.005522	1.691058	1.176917	0.317029	1.519836	-0.232448	-1.883132	0.074777	-1.395238	-0.651271	0.609677	-0.534056	-0.422633	-0.376106	0.893518	-0.602532	-0.464790	0.251718	0.234557	0.207773	1.853410	-0.249657	0.011853	-0.771782	-1.037470	-1.489164	-0.591916	1.410387	1.774185	0.123271	0.143121	-1.868210	-0.148611	0.078326	0.316609	0.359345	0.372413	-0.409098	0.646549	-1.188517	-0.195480	-0.805275	-1.118317	-0.350792	-0.995635	0.829254	0.299591	-0.692918	-0.772984	-1.673668	-1.166590	0.903704	1.364304	-0.033694	-0.645182	-0.315466	-0.481520	1.424278	-0.975826	0.177040	0.925945	1.622103	1.270076	0.178221	0.296661	1.028732	1.998720	2.363492	1.784218	1.984280	0.664243	-1.673614	-0.001923	0.130425	-1.028676	0.560878	1.037887	0.723142	0.150114	1.418557	0.542826	-0.956070	0.869705	0.744686	1.057142	-0.985913	-0.488245	0.768529	0.310312
-0.294753	1.155570	1.525172	0.369672	-0.717498	0.070700	0.512385	1.537028	0.492481	0.391736	1.294269	0.974666	-0.036956	0.175876	0.892544	0.952937	-0.031444	-0.554897	0.920521	0.170982	1.354880	0.585910	1.192453	0.473249	1.174744	1.412990	0.909663	-0.566970	0.925449	-0.001834	0.350033	0.924428	-1.302699	-0.574845	-0.208753	1.210199	0.016803	-0.090150	0.712115	0.730780	-0.154758	0.872035	-0.516340	-0.293923	-0.651825	-0.874739	-1.531837	-0.491233	0.903424	1.186982	-0.129123	0.123284	-1.229690	0.348754	-0.637693	-0.587861	0.069998	0.295795	-2.323520	-1.533156	-1.589813	-0.971138	-0.425315	-1.215883	0.279604	-0.210726	0.447775	-1.000123	-1.096835	-1.443147	-1.813990	-0.046542	0.569383	1.338059	0.261459	-0.149389	-0.064414	-1.206424	1.200035	-0.586646	0.433033	0.911832	1.265115	0.628036	0.547439	0.487942	0.827360	1.533906	1.616986	1.090255	1.833491	0.459991	-0.951145	-0.396978	0.060132	-0.885063	0.625564	0.133615	-0.409232	-0.116485	0.473549	1.106629	-1.178428	0.467642	-0.050340	-0.184185	-0.762737	-1.289276	0.409805	-1.173451
-0.361453	0.708877	0.961194	0.166312	-1.123812	-0.951926	0.403026	1.049606	-0.689051	0.089047	0.685737	1.014344	-0.490664	-0.357961	0.019493	0.198601	-1.300422	-1.111887	0.180512	-0.799675	0.879056	-0.120676	0.253061	-0.285812	1.088185	0.730518	1.047080	1.047785	1.068453	0.987056	0.875195	0.487995	-1.552755	-0.731896	-0.400911	0.838900	0.091405	-0.397214	0.586590	0.880390	-0.562247	0.063386	-0.717141	-0.359675	-0.657241	-0.790495	-1.213138	-0.298159	0.079867	0.364735	-0.409614	-0.154017	-0.843940	0.853789	-0.752083	-0.696088	-0.141186	0.205896	-2.625791	-2.102818	-1.420434	-1.063980	-0.016712	-0.739672	0.290408	0.084600	-0.450494	-1.608969	-1.057853	-1.654878	-1.415181	0.734381	-0.193941	0.735997	-0.173118	-0.190289	0.089283	-1.446467	0.526306	-0.058936	0.240850	0.475228	0.333236	-0.250041	0.160367	0.138510	-0.254997	0.326907	0.300801	-0.127937	0.680342	-0.276987	-0.332037	-0.539649	-0.090497	-0.228459	0.095684	-0.892328	-1.405460	-0.288349	-0.669381	0.594572	-0.813180	-0.284044	-0.858773	-1.331323	-0.527991	-1.632084	-0.188970	-1.972203
-0.310421	0.565978	-0.112312	-0.615934	-0.807674	-0.796835	0.083986	0.647805	-1.301543	-0.599008	-0.210985	0.427395	-0.706358	-0.787397	-0.730087	0.039778	-1.461765	-1.171747	-0.712669	-1.182716	0.312613	-0.269164	-0.459971	-0.665757	0.226545	0.143960	0.096915	1.516174	0.465253	0.566566	0.771957	-0.002894	-1.126906	-0.821872	-0.493012	0.390781	-0.117965	-0.945365	0.141989	0.773073	-0.441187	0.060001	-0.347167	0.226043	-0.498408	-0.555859	-0.771895	-0.469274	-0.108873	0.584632	-0.418483	-0.434522	-0.617145	1.342674	-0.111623	0.107596	-0.018320	0.231679	-1.013829	-0.543055	-0.412732	-0.223315	0.119471	-0.021596	-0.213547	-0.359008	-0.878449	-1.345084	-0.613007	-1.157510	-0.761410	0.812745	-0.472988	0.459565	-0.610149	-0.519176	0.044551	-0.921396	0.205003	0.239545	-0.127836	0.147072	-0.335855	-0.802994	-0.640157	-0.555747	-1.005089	-0.553728	-0.653647	-0.816248	-0.569217	-1.081663	-0.124954	-0.392166	0.135895	0.516307	-0.282928	-0.895450	-1.330344	-0.013349	-0.825844	-0.488393	0.086790	-0.543177	-0.908550	-1.568475	-0.472735	-1.085805	-0.394352	-1.348543
-0.248747	0.659188	-0.577662	-1.084379	-0.051510	0.213109	-0.095610	0.348378	-0.939960	-0.837261	-0.522577	-0.232986	-0.474281	-0.746101	-0.497699	0.633135	-0.270272	-0.290081	-0.830527	-0.576304	0.053930	0.287535	-0.461887	-0.469016	-0.465693	0.005848	-0.762894	0.671343	-0.350903	-0.643762	0.346518	-0.055551	-0.574263	-0.876558	-0.310897	0.074359	-0.230208	-1.000735	-0.186966	0.297033	0.028813	0.359594	0.311105	0.794512	-0.092271	-0.149263	-0.370917	-0.877460	0.399941	1.530908	-0.210380	-0.510138	-0.224401	1.453120	0.521663	0.870361	0.215140	0.318596	0.711937	1.159739	0.571241	0.677906	0.018220	0.280471	-0.589335	-0.854195	-0.491763	-0.833261	-0.036507	-0.149896	-0.135883	0.464701	-0.181274	0.519133	-0.476508	-0.721322	-0.053837	-0.033090	0.435089	0.160743	-0.235147	0.136486	-0.126908	-0.624591	-0.918903	-0.938422	-0.605689	-0.520391	-0.593840	-0.345209	-0.699877	-1.113997	-0.166775	-0.292234	0.580114	0.624085	-0.043539	-0.024956	-0.361199	0.473680	0.202668	-0.940715	0.391884	-0.143593	-0.331939	-0.887500	-0.301682	0.001755	0.013500	0.064483
-0.210737	0.604798	-0.025754	-0.589464	0.326752	0.795126	0.019498	0.202659	-0.030065	-0.296556	-0.257041	-0.576529	0.044214	-0.212302	0.477950	0.967182	1.118196	0.752220	0.000153	0.453057	0.271621	0.917900	0.216802	0.167261	-0.307761	-0.071324	-0.547656	-0.358004	-0.643299	-1.098471	0.078954	0.136767	-0.356756	-0.744696	-0.167001	-0.275697	-0.283248	-0.437886	-0.220347	-0.477323	0.108073	0.257357	0.437502	0.429419	0.191602	0.092519	-0.164934	-1.001705	0.931478	1.767363	-0.113215	-0.451851	0.130504	0.766742	0.372734	0.680760	0.081809	0.130308	0.754359	0.980376	0.301522	0.584200	-0.089305	-0.107675	-0.365806	-0.755175	0.187458	-0.573923	0.229764	0.617618	0.183944	0.190558	0.033682	0.487240	0.015243	-0.682269	-0.032627	0.452200	0.687938	0.096205	-0.099419	0.070551	0.628056	0.153417	-0.442825	-0.625893	0.484992	0.146712	0.289032	0.721664	0.324764	-0.185609	-0.276396	-0.369893	0.634407	0.096414	0.478934	0.496599	0.383486	0.462347	1.253166	-0.346576	-0.551156	0.341941	0.028371	-0.056857	0.071065	0.711453	0.571010	0.829098
-0.013681	0.347815	0.816459	0.388158	-0.028148	0.344193	0.246027	0.335761	0.781418	0.492493	-0.018091	-0.555889	0.545858	0.529122	1.166301	0.379660	1.470129	0.833966	0.994437	1.003869	0.611802	0.869085	1.110917	0.881741	0.368270	-0.482059	0.330733	-0.796148	-0.153157	-0.297373	0.088515	0.115698	-0.269005	-0.200367	-0.291857	-0.631386	-0.541593	0.152597	-0.067467	-0.982327	-0.434114	-0.074105	-0.263086	-0.732683	-0.027978	-0.117211	-0.123046	-0.535244	0.987593	0.686109	-0.219300	-0.374224	-0.045495	-0.580217	-0.428004	-0.250369	-0.500298	-0.474899	-0.511867	-0.587796	-1.138058	-0.421466	-0.078238	-0.708607	0.227441	-0.250653	0.495914	-0.433242	-0.098801	0.508608	0.088706	0.177872	-0.144281	0.218145	0.243826	-0.561804	-0.029132	0.181424	0.413127	0.412059	-0.073983	-0.327002	1.039937	0.941214	0.114510	0.063598	1.165591	0.778098	1.174882	1.199838	1.278837	0.865001	-0.419509	-0.315950	0.058155	-0.285495	0.577239	0.043055	0.265320	-0.342225	1.117774	0.448568	-1.755996	0.385477	-0.220773	0.306935	0.292518	0.467391	0.606765	0.337044
0.326554	0.203489	0.980288	0.837477	-0.653504	-0.369816	0.228211	0.639000	1.145265	0.868445	-0.160598	-0.261375	0.767658	0.989969	0.987742	-0.429230	0.769678	0.007232	1.195643	0.777341	0.668293	0.116587	1.585675	1.338743	0.639396	-0.878347	0.706507	-0.993540	0.705442	0.681726	0.018745	-0.180696	0.138932	0.571208	-0.479249	-0.677285	-0.910759	0.234102	0.039876	-0.703245	-0.896194	0.024704	-1.095536	-1.498307	-0.623718	-0.600650	0.069089	0.311039	0.725949	-0.619698	-0.224018	-0.198016	-0.658144	-1.610361	-1.021489	-0.839700	-1.016855	-0.992817	-1.127410	-1.275576	-2.091224	-1.093582	0.023235	-0.804178	0.544436	0.075194	0.384213	-0.069857	-0.710312	-0.247627	-0.199378	0.159376	-0.249838	-0.120154	-0.032951	-0.384346	-0.301714	-0.412506	-0.281440	0.768069	-0.237189	-0.734951	0.732596	1.153571	0.157894	0.453392	0.955681	1.011881	1.336866	0.641846	1.113396	1.045846	-0.477319	0.109168	-0.681272	0.008798	0.086109	-0.589942	-0.103454	-1.163619	0.092978	0.548865	-1.587988	0.104027	-0.472381	0.356987	0.261235	-0.273934	0.072480	-0.456030
0.391955	0.321538	0.308199	0.426185	-0.934803	-0.319217	-0.193667	0.707920	0.942994	0.777203	-0.601856	0.071840	0.554209	0.746874	0.383196	-0.303963	0.007883	-0.566383	0.431685	0.209371	0.565834	-0.601301	1.198991	1.389653	0.068446	-0.678719	0.104153	-1.427247	1.331216	0.650080	-0.392170	-0.342143	0.878484	0.965757	-0.397488	-0.269206	-0.918243	-0.060944	-0.117175	0.043552	-0.525349	0.536526	-1.110875	-0.966796	-1.052934	-0.805250	0.569209	0.936738	0.552981	-0.641621	0.108507	0.119652	-0.971164	-1.179600	-0.786228	-0.366925	-0.950325	-0.773138	-0.101466	-0.005030	-1.217342	-0.447344	0.179920	-0.230959	0.263161	0.066842	0.203665	0.386505	-0.864548	-0.778012	-0.384248	-0.178589	0.110972	-0.349334	-0.518758	-0.059617	-0.787392	-0.630627	-0.707639	0.568966	-0.320733	-0.759208	0.152685	0.573312	-0.230747	0.172709	0.331815	0.953716	0.668738	-0.279739	0.011028	0.283883	-0.274559	0.584580	-0.943390	0.683262	-0.380604	-0.341847	0.150450	-0.946989	-0.396455	0.180099	0.183816	-0.020344	0.040287	0.492147	0.347026	-0.539149	-0.320471	-0.195900
-0.076101	0.464321	-0.543086	-0.328450	-0.720667	0.499899	-0.766357	0.294759	0.205625	0.589794	-1.124478	0.059757	0.017315	-0.104448	0.028256	0.730300	-0.034598	-0.245262	-0.509247	-0.164647	0.651244	-0.743037	0.135011	1.067133	-0.818194	-0.046400	-0.924172	-1.782839	1.468457	-0.365712	-0.815470	-0.027667	1.545314	0.664825	0.026521	0.322057	-0.348166	-0.210616	-0.550530	0.395824	0.534193	0.727995	-0.145789	0.471953	-0.897844	-0.318472	0.976711	0.793634	0.541673	0.750362	0.552504	0.297267	-0.561779	0.701061	0.107189	0.804407	-0.375074	0.059141	1.457986	1.877141	0.849551	1.097930	0.389338	0.539098	-0.300261	-0.002777	-0.039126	0.362484	-0.240451	-0.507811	-0.417698	-0.642428	0.427357	-0.437399	-0.871413	0.161759	-1.129888	-0.266722	-0.367273	0.015371	-0.226546	-0.552185	-0.184176	-0.539314	-0.658229	-0.521682	-0.088723	0.723830	-0.330762	-0.768793	-1.082533	-0.587784	0.081205	0.575753	-0.578144	1.217420	-0.250644	0.646311	0.863786	0.180130	0.232761	0.169214	1.943044	0.159968	1.167726	0.623340	0.604420	-0.076080	-0.051411	1.162483
-0.656466	0.396102	-0.894261	-0.865304	-0.225129	1.246089	-1.002077	-0.332366	-0.678560	0.482866	-1.402025	-0.386827	-0.434677	-0.877602	-0.048707	1.405667	0.538993	0.304552	-0.667456	-0.216313	0.779004	-0.618547	-0.773589	0.521997	-1.136278	0.282055	-1.638083	-1.483996	1.243969	-1.406329	-0.706443	0.546007	1.780961	0.080064	0.626269	0.735523	0.414153	0.007116	-0.876986	0.108722	1.499125	0.276528	1.019162	1.645232	-0.210560	0.656969	0.771546	-0.117661	0.454361	2.178783	0.691702	-0.001216	0.126992	2.455069	1.022490	1.723028	0.218844	0.668521	1.925093	2.421685	2.328182	2.248049	0.595470	1.016370	-0.608943	0.031662	-0.635474	-0.412818	0.613274	0.347383	-0.329203	-0.615284	-0.105008	-0.516961	-0.999840	-0.162004	-1.088754	0.335903	0.403497	-0.012177	-0.145632	-0.405915	-0.287683	-1.487871	-0.860190	-1.024916	-0.296582	0.182662	-1.019678	-0.743332	-1.508251	-0.820125	0.210506	0.034136	0.022127	1.509461	0.182086	1.257342	1.126070	0.915017	0.921212	0.623218	2.065503	0.259778	1.965133	0.430657	0.468120	0.362740	0.436817	2.192079
-0.678650	0.194899	-0.605410	-1.024985	0.300244	1.314836	-0.616834	-0.712523	-1.049248	0.338301	-0.988640	-0.770417	-0.498437	-0.979066	-0.186561	0.902629	1.124200	0.308279	0.112897	-0.134430	0.433160	-0.741293	-0.800943	-0.020321	-0.588043	0.047395	-1.784740	-0.601569	0.825332	-1.655625	-0.089229	0.739875	1.450492	-0.171801	1.146076	0.881966	0.823547	0.322012	-0.553700	-0.097831	1.893739	-0.250071	1.493165	1.815510	0.598743	1.364950	0.081678	-1.192207	0.231229	2.348970	0.448497	-0.655751	0.411249	2.418110	1.453506	1.768190	0.510289	0.544408	1.117883	1.285874	2.421655	2.272420	0.666323	1.098755	-0.479463	0.122288	-1.343562	-1.432166	0.929406	1.124064	0.036524	0.129846	-1.288990	-0.726509	-0.878620	-0.832537	-0.688410	0.849862	0.735437	0.730308	-0.075475	-0.073380	-0.389788	-1.524507	-0.725584	-0.983087	-0.681562	-0.632306	-1.167374	-0.511091	-1.268353	-0.493462	-0.057235	-0.582477	0.383224	1.620538	0.105614	0.834539	0.638421	0.471337	0.534171	0.823115	0.755536	-0.108401	1.780597	0.079061	-0.313688	0.177156	0.389337	1.646723
-0.048065	0.049433	-0.015820	-0.781425	0.674683	0.845938	0.163789	-0.771835	-0.576393	0.162674	0.173285	-0.568217	-0.368525	-0.600103	-0.302640	-0.022360	1.295883	0.136994	1.061369	-0.062793	-0.420364	-0.847386	-0.112968	-0.295024	0.281215	-0.273831	-1.471961	0.283655	0.200562	-1.015285	0.388533	0.133763	0.604479	-0.035937	1.265295	0.830315	0.730895	0.378630	0.455493	0.325992	1.851980	-0.272529	1.124375	1.160985	1.099369	1.190099	-0.403907	-1.745702	0.174782	1.385430	0.120651	-1.160994	0.207849	0.730646	1.291844	1.011920	0.535961	0.034884	0.196326	-0.268071	1.869210	1.548353	0.493708	0.889108	-0.137237	0.298780	-1.290535	-1.863248	0.646425	1.277160	0.739842	0.962628	-1.920825	-0.897562	-0.455269	-0.929792	-0.034453	1.268408	0.255913	1.345258	0.294412	0.800028	-0.460942	-0.582538	-0.300685	-0.587314	-1.322555	-1.111451	-1.070099	-0.146688	-0.724868	-0.229239	-0.432331	-0.892964	0.355742	1.330437	-0.660195	-0.130845	0.097456	-0.375185	-0.480059	0.391536	-0.380808	-0.744458	0.914677	0.099706	-1.011773	-0.143728	-0.097224	-0.012479
0.689639	-0.022740	0.422906	-0.101234	0.809871	0.316330	0.756098	-0.817087	0.378714	0.242852	1.344834	0.061395	-0.453605	-0.402817	0.014393	-0.057096	1.088150	0.635719	1.361636	0.061168	-1.071411	-0.173904	0.493925	-0.099675	0.717837	-0.293133	-0.788145	0.854675	-0.603912	0.043168	0.266403	-0.967222	-0.407201	0.071354	0.771716	0.554997	0.361431	0.143976	1.386960	0.775557	1.609443	-0.033878	0.478872	0.296667	1.118972	0.344383	-0.320478	-1.550831	0.493626	0.391057	-0.051194	-1.219139	0.001472	-0.795255	0.761532	-0.023686	0.424306	-0.260636	0.016575	-1.040954	1.493607	0.780931	0.116436	0.465293	0.183827	0.659995	-0.094646	-1.338344	0.385621	0.694064	1.365191	1.070819	-1.251551	-0.587478	0.134235	0.036678	0.756716	1.622196	-0.416529	0.981528	0.979465	1.694850	-0.300544	0.490044	0.139536	-0.229796	-1.739634	-0.666631	-1.035945	0.441335	-0.240445	-0.336459	-0.537509	-0.880784	0.117121	0.412742	-1.267115	-0.691036	0.147184	-0.375074	-0.735406	-0.101432	-0.344403	-0.965617	0.175427	0.602784	-0.739026	0.266532	-0.213940	-1.116929
1.012840	-0.128772	0.480291	0.776691	0.727483	-0.050126	0.744525	-1.007621	1.155514	0.708314	1.619136	0.511757	-0.700972	-0.528135	0.686991	0.866986	0.831468	1.596722	0.993869	0.343785	-0.888964	1.246753	0.567964	0.470147	0.522801	-0.211989	0.225130	1.202620	-1.175049	0.913656	-0.144676	-1.680344	-0.928917	0.031104	-0.034242	0.101156	-0.014215	-0.069376	1.354620	0.274088	1.131428	-0.176955	0.130422	-0.286180	0.839418	-0.275613	-0.033512	-0.854592	0.812421	-0.053406	-0.096308	-0.951100	0.184312	-0.859090	0.175503	-0.789363	0.189742	-0.253935	0.213398	-1.004783	1.102095	0.180156	-0.235870	-0.014517	0.456974	1.067860	1.404691	-0.144495	0.552092	-0.232360	1.368029	0.460951	0.101724	0.304746	0.597038	1.362029	1.418323	1.721648	-0.448946	0.022986	1.379820	1.489700	0.096564	0.824003	0.314960	0.018498	-1.396784	0.333700	-0.896871	1.104092	0.016371	-0.445518	-0.367893	-0.665981	-0.118985	-0.803628	-0.848794	-0.439688	0.521254	0.506965	0.132687	0.042103	0.269669	-0.365392	-0.000225	1.084463	0.337472	1.299361	0.311658	-0.774291
0.837090	-0.349155	0.263428	1.318457	0.472428	-0.415829	0.237378	-1.142012	1.377657	1.113258	0.996403	0.512582	-0.533584	-0.339368	0.996529	1.394680	0.764912	1.796619	0.543718	0.676843	-0.167854	2.164572	0.325312	0.870308	0.083287	-0.316955	1.342898	1.298742	-0.930187	1.224285	-0.214180	-1.295111	-0.495736	0.267918	-0.368625	-0.159120	-0.207897	0.099042	0.327374	-0.983964	0.337286	-0.773455	0.127325	-0.363276	0.643613	-0.005743	-0.003518	-0.024520	0.442438	-0.502670	-0.074073	-0.476256	0.680006	-0.181684	-0.338751	-1.065059	-0.184168	-0.306196	-0.019646	-0.844984	0.195660	-0.387811	-0.253512	-0.218863	0.626345	1.156175	2.047632	1.177122	0.757166	-0.785390	0.800207	-0.079823	1.018911	1.111241	0.892116	1.955945	1.526843	1.383423	0.134482	-0.419752	0.922635	-0.027808	0.477649	0.567238	0.307156	0.411904	-0.368167	0.789935	-0.291760	1.456220	0.139881	-0.023662	-0.166653	-0.291730	-0.290851	-1.540351	0.311575	0.192404	0.518364	1.082531	0.959269	0.637124	0.371407	0.641221	0.124261	1.073063	1.093642	1.857095	0.763898	0.148978
0.334422	-0.714715	0.031987	1.195682	0.061968	-0.943752	-0.354524	-1.001948	1.051958	0.762878	0.388409	0.311869	0.354341	0.622269	0.443393	0.406048	0.734047	0.630341	0.338527	0.742209	0.154056	1.429086	0.038857	0.473901	-0.264457	-0.441354	2.116420	0.868483	0.081272	0.985116	0.099377	-0.005157	0.563119	1.030764	0.179136	0.098097	-0.151312	0.659802	-0.817202	-1.654716	-0.591331	-1.187029	0.096260	0.008781	0.752549	0.881189	-0.086358	0.725073	-0.758640	-1.658426	0.072551	0.315453	1.150223	-0.408339	-0.828483	-1.038055	-0.572076	-0.598080	-0.694569	-0.874559	-0.905444	-0.830008	0.179512	0.084415	0.420211	0.746312	1.671392	2.167456	0.333705	-0.420935	0.293488	-0.015313	1.148434	0.958147	1.258989	1.559696	0.819665	0.725974	0.554912	0.009572	-0.158153	-1.559579	0.569809	0.585282	0.489098	1.064747	0.619294	0.158988	0.657779	1.250591	0.367733	0.910961	0.071873	0.230470	-0.355778	-1.324816	1.030387	0.418562	-0.026350	0.493754	0.565368	0.795064	-0.123590	1.204427	0.025846	0.620929	0.742076	1.231352	0.411113	0.281413
-0.288351	-1.151913	-0.092243	0.645154	-0.367051	-1.376835	-0.759980	-0.630503	0.345013	-0.428217	0.460483	0.225622	1.363066	1.755528	-0.602374	-1.581769	0.341423	-0.984560	0.116274	0.373473	-0.389523	-0.484059	-0.379798	-0.694685	-0.603155	-0.238145	2.166089	0.004925	0.855268	0.510822	0.149112	1.146309	1.240686	1.734863	0.937436	0.503981	-0.017276	1.132799	-1.250675	-0.951159	-1.267317	-0.888160	-0.270190	0.447554	0.985729	1.461081	0.190544	1.317160	-2.027350	-3.141886	0.268266	1.333741	1.374107	-1.858205	-1.171714	-0.971333	-0.677759	-0.800818	-0.990067	-0.739134	-1.321771	-0.861528	0.746472	0.680765	-0.319768	0.096304	1.017241	2.513072	-0.652954	0.715763	0.245160	0.294674	0.828951	-0.209557	1.635968	0.778324	-0.393164	0.045067	0.389986	0.450824	-0.978044	-1.669774	0.315894	1.162005	1.037308	1.691469	0.873119	-0.950078	1.311390	0.613420	0.809090	1.750055	0.630827	0.806897	-0.123969	-0.493353	0.635772	-0.104328	-0.600196	-0.758173	-0.814314	0.017772	-0.363628	0.943439	-0.445550	0.096780	-0.283439	-0.003483	-0.556388	-0.520591
-0.738678	-1.382567	-0.152958	0.197714	-0.490485	-1.230424	-0.895123	-0.197388	-0.493446	-1.596279	0.906130	0.392122	1.485381	1.903203	-1.352112	-2.926162	-0.529342	-1.657502	-0.414912	-0.157504	-1.233199	-1.770151	-1.002924	-1.792632	-1.022936	0.285203	1.525307	-0.501450	0.353081	0.209921	-0.436660	1.239140	0.769274	1.437352	0.815354	0.245358	-0.095611	0.963920	-0.936569	0.378556	-1.331468	-0.108391	-0.821375	0.466166	0.995007	1.117917	0.786943	1.617285	-2.460050	-3.710550	0.189752	1.960328	1.366469	-3.050570	-0.995447	-0.852656	-0.232201	-0.427394	-0.405972	-0.143590	-0.766387	-0.529800	0.828397	1.000403	-1.196631	-0.340786	0.588910	2.110380	-1.228296	1.765799	0.381802	0.140943	0.195946	-1.443810	1.482818	0.238618	-1.209122	-0.463703	0.081865	-0.062100	-0.864130	-0.369503	-0.048758	1.558273	1.677767	1.853137	0.381222	-1.618137	1.203335	-0.076914	1.278592	1.899701	1.448355	1.181029	0.531918	0.129539	-0.297491	-0.860211	-0.692794	-1.475686	-1.899445	-1.151462	0.122600	0.227900	-0.914024	-0.236987	-0.867019	-0.727560	-1.337781	-1.264067
-0.687809	-1.108110	-0.135709	0.143973	-0.123366	-0.513931	-0.651452	0.177607	-1.115898	-1.718887	1.051451	0.845524	0.461963	0.710943	-1.470648	-2.593390	-1.477827	-1.076292	-1.046209	-0.412908	-1.456313	-1.259445	-1.498317	-1.999214	-1.177384	0.802779	0.683072	0.087041	-1.245440	0.332032	-1.035802	0.421073	-0.596719	-0.015712	-0.272716	-0.809682	-0.350701	0.162892	-0.338342	1.155706	-0.642002	0.459191	-1.009546	-0.036895	0.732469	0.142342	0.999227	1.378045	-2.077390	-2.740624	-0.321018	1.583844	1.188313	-2.557232	-0.222969	-0.546587	0.677022	0.543845	0.462658	0.521152	0.146964	-0.292850	0.059569	0.647106	-1.470684	-0.325733	0.236519	1.170538	-0.606604	1.783898	0.273361	-0.564837	-0.825349	-1.752731	0.570685	0.150896	-0.810784	-0.696804	0.152066	-1.373891	0.100692	1.126399	-0.159761	1.069663	1.952654	1.350095	-0.309975	-1.586457	0.496705	-0.497362	1.418927	1.254794	1.783172	0.962231	1.289810	-0.004847	-0.833157	-0.997185	-0.327029	-1.120014	-1.819744	-1.668172	0.767681	-0.470762	-0.926899	-0.385476	-0.467072	-0.603204	-1.460844	-1.327516
-0.155779	-0.447633	0.058696	0.312335	0.398402	0.039605	-0.024515	0.391066	-1.282839	-0.771916	0.722512	1.386684	-0.849589	-0.878251	-1.244381	-1.125134	-2.002977	-0.159732	-1.351984	-0.370497	-0.811381	0.247080	-1.456370	-1.399385	-0.694916	1.080875	0.215043	1.440307	-2.570816	0.777098	-0.745101	-0.310069	-1.824674	-1.639673	-1.184889	-1.663359	-0.346398	-0.638614	0.234825	1.234385	0.509573	0.456105	-0.454371	-0.593945	0.484651	-0.647326	0.312164	0.536516	-1.789517	-1.083927	-0.895241	0.411348	0.749311	-0.716825	0.487800	-0.194232	1.469624	1.488358	0.595011	0.595515	0.711698	-0.449205	-1.186293	-0.179857	-0.855146	0.005876	-0.200769	0.134578	0.699565	0.567735	-0.067498	-1.125050	-1.744881	-1.078449	-0.445885	0.469881	0.617117	-0.562468	0.352515	-2.358650	1.239216	1.866394	0.096739	0.035658	1.616785	0.376226	-0.727120	-1.162788	-0.323990	-0.609247	1.005230	0.127691	0.940966	-0.036269	1.479069	-0.742766	-0.885351	-0.351983	0.050301	-0.280993	-0.855591	-1.094848	0.753207	-1.132843	-0.510869	-0.562830	0.392612	-0.303310	-1.081735	-1.093573
0.278615	-0.000787	0.312617	0.275566	0.435921	-0.191217	0.557698	0.358946	-1.137722	0.138575	0.171121	1.420005	-1.415355	-1.625295	-1.039285	0.088186	-2.030312	0.112707	-1.314108	-0.507011	0.093799	0.922525	-0.961445	-0.782893	0.076998	1.084426	0.263078	2.309422	-2.492077	1.112236	0.292422	-0.297511	-2.127132	-2.270742	-0.990387	-1.283515	0.124455	-0.863350	0.682052	1.247637	1.333724	0.150867	0.498638	-0.630220	0.378086	-0.790886	-0.840444	-0.458772	-2.184865	-0.155620	-0.995671	-0.609289	-0.075715	0.863594	0.295413	-0.151457	1.445518	1.659636	-0.193729	0.049562	0.774632	-0.746967	-1.994400	-0.837260	0.072138	0.271684	-0.496802	-0.574993	1.296827	-1.056471	-0.343679	-0.858889	-1.632623	-0.198811	-0.804214	0.962717	1.807740	-0.191359	0.034661	-2.183317	1.761630	1.789904	0.338302	-0.636153	0.773838	-0.594593	-0.783276	-0.635511	-0.953618	-0.651497	0.155172	-1.043189	-0.678451	-1.336309	0.775024	-1.444285	-1.059237	0.288376	0.020052	0.054903	0.097956	-0.051355	0.042044	-1.839353	-0.204618	-0.983168	0.845390	-0.530543	-0.530888	-1.059554
0.003250	-0.234541	0.201867	-0.240775	-0.208872	-0.810883	0.484683	0.153047	-1.083348	-0.023157	-0.453639	0.446809	-1.087405	-1.232539	-0.913283	0.240782	-1.858460	-0.339790	-1.313703	-1.138565	0.472846	0.075352	-0.568417	-0.691077	0.301861	0.805137	0.397728	1.852103	-1.265309	0.870098	0.879129	0.094131	-1.606091	-1.684898	-0.108582	0.073901	0.580061	-0.555970	0.816930	1.356288	1.062420	-0.010770	0.991261	-0.077913	0.129337	-0.549112	-1.430101	-0.894991	-2.707830	-0.405259	-0.554670	-0.755275	-1.085707	1.095045	-0.794394	-0.513292	0.470494	0.886003	-1.016409	-0.427358	0.549528	-0.732721	-1.722960	-0.831169	0.432585	0.113845	-0.455271	-0.692617	0.500694	-1.862864	-0.441375	0.100448	-0.355573	0.202817	-0.697010	1.123509	1.571785	-0.089917	-0.804327	-1.136153	1.228997	1.153293	-0.013898	-0.679876	-0.219761	-1.075130	-0.538349	-0.187172	-1.329607	-0.910058	-0.736181	-1.831161	-1.707306	-1.924937	-0.309818	-1.521863	-1.474714	0.115792	-0.440601	-0.475247	0.382353	0.448828	-0.668677	-2.206187	-0.472246	-1.533032	0.605690	-1.216972	0.003154	-1.099857
-0.812553	-0.875154	-0.506867	-1.037593	-0.940837	-0.786045	-0.248371	-0.023196	-1.283500	-1.017225	-1.042646	-1.087224	-0.465470	-0.366741	-0.748489	-0.286753	-1.654655	-0.832736	-1.480485	-1.811767	0.047527	-1.055234	-0.688308	-0.953951	-0.185762	0.319977	0.119294	0.574894	-0.075803	-0.009775	0.309441	0.161544	-0.848741	-0.585430	0.430822	1.104138	0.428218	-0.148950	0.519424	1.112203	-0.205994	0.091416	0.625181	0.589365	-0.454926	-0.370214	-0.888083	-0.531871	-2.349370	-1.020739	0.037226	-0.177987	-1.631964	0.246577	-1.798878	-0.974022	-0.744626	-0.296407	-0.959525	-0.296993	0.252223	-0.331678	-0.590729	-0.248851	-0.015423	-0.487824	-0.247730	-0.124453	-0.863516	-1.271899	-0.399187	0.920009	0.957347	0.169744	-0.870862	0.521524	0.066298	-0.685794	-1.319822	-0.125523	-0.124527	0.135693	-1.049780	-0.665580	-0.921889	-0.858641	0.037009	-0.074683	-1.405307	-1.423605	-1.240713	-1.883447	-1.236945	-1.190036	-0.827246	-0.849892	-1.403030	-0.735671	-0.914337	-1.249928	-0.085656	0.018936	-0.800032	-1.655789	-1.152075	-1.703052	0.066793	-1.742316	0.314104	-0.930935
-1.218848	-1.145543	-1.349218	-1.487625	-0.945467	0.221969	-0.822067	-0.083600	-1.416425	-1.579619	-1.177561	-1.879759	0.073516	0.324143	-0.463312	-0.567091	-1.214304	-0.666604	-1.375478	-1.614426	-0.780248	-0.846498	-1.113222	-1.102791	-0.439440	-0.016174	-0.516667	-0.249646	0.329144	-0.960552	-0.585375	-0.097635	-0.132525	0.328436	0.417672	0.962892	-0.098911	0.143518	0.117215	0.463491	-1.398544	0.261541	0.045704	0.890536	-0.923686	-0.221393	0.394972	0.101444	-0.912938	-1.006165	0.521811	0.479606	-1.072609	-0.695879	-1.775595	-1.193214	-1.199064	-1.131523	-0.063774	0.193066	0.092245	0.098910	0.604620	0.386733	-0.627336	-1.061819	-0.091290	0.922519	-1.407009	0.183240	-0.104080	0.925395	1.191278	0.198518	-1.276713	-0.547802	-1.318130	-1.647520	-0.793468	0.400683	-1.462080	-0.873003	-2.050352	-0.986244	-1.003319	-0.134044	0.869610	-0.404093	-1.074633	-1.856217	-1.089433	-1.092048	0.151071	0.333879	-0.320051	0.196370	-0.272620	-1.367913	-0.914928	-1.220505	-0.840542	-0.782792	-0.365813	-0.213411	-1.616898	-1.098418	-0.270072	-1.565678	0.161554	-0.675902
-0.495201	-0.633266	-1.479834	-1.030822	-0.012941	1.335651	-0.462485	-0.152703	-1.031036	-0.875380	-0.451743	-1.091755	0.724131	0.803056	-0.003575	-0.140998	-0.315358	0.289081	-0.540316	-0.187291	-1.260989	0.727597	-1.189373	-0.895769	0.444528	0.170847	-0.905214	0.041066	0.240798	-1.136684	-0.431603	-0.066466	0.688487	0.939880	0.460907	0.068811	-0.096580	0.430042	0.157929	0.031360	-1.489584	0.315184	0.198355	0.724688	-0.561686	0.281851	1.568243	0.361504	0.770040	-0.232578	0.992622	0.838866	0.529819	-0.975533	-0.696807	-1.029764	-0.484742	-1.154804	0.879594	0.425872	0.243965	0.201658	1.259734	0.622377	-0.564316	-0.942370	0.091028	1.810604	-0.636194	1.395848	0.549438	0.212134	0.589445	0.529953	-0.920194	-1.104052	-1.380527	-1.998052	0.464015	0.741249	-1.939605	-1.249414	-2.030978	-1.175212	-0.440678	0.697156	1.490887	-0.820312	-0.300728	-1.698269	-0.284248	0.244064	1.109281	1.474883	0.726107	1.070129	1.415323	-1.097276	-0.400708	0.057248	-1.078192	-1.097087	0.302121	1.330256	-1.423882	-0.023681	-0.240452	-0.543209	-0.352004	-0.475181
0.999748	0.279069	-0.598743	0.240055	1.338108	1.509030	0.626404	-0.317105	-0.060176	0.592131	0.821421	0.627786	1.563224	1.219444	0.637042	0.609801	0.772259	1.452548	0.780385	1.686171	-0.916759	2.128075	-0.448858	-0.350579	1.988661	0.707905	-0.540340	0.940354	0.331999	-0.191682	0.880370	0.447525	1.569932	1.364344	0.740653	-0.681381	0.771659	0.702890	0.701274	0.148667	-0.542617	0.263379	1.020544	0.213203	0.592798	1.095211	2.069335	0.301216	1.749866	0.565257	1.434496	0.943318	2.231019	-0.448310	0.784857	-0.389629	0.896264	-0.330522	1.257472	0.226910	0.539197	-0.067397	1.328111	0.390014	0.353943	0.070306	0.437525	1.809743	0.726199	1.607420	1.203181	-0.614003	0.292762	0.844599	0.694068	-0.486981	-0.227266	-1.156938	1.384013	1.160673	-1.364696	-0.747246	-0.707122	-0.553311	0.432496	1.288712	1.243483	-0.827440	0.738027	-0.713141	0.773644	1.491763	1.110677	1.682997	1.368538	1.466250	2.512758	-0.059942	0.155535	1.845815	-0.290890	-0.665478	0.919624	2.115502	-0.640158	0.717071	0.006562	0.968346	-0.708352	-0.013494
2.149583	0.917186	0.650359	1.517640	2.369744	0.752876	1.484153	-0.393739	1.102374	1.645848	1.672015	1.798107	1.959732	1.298780	1.236959	0.950649	1.306146	1.862371	1.709175	2.641584	0.018011	2.118384	0.888842	0.432680	2.691721	0.914352	0.403885	1.487289	0.774319	1.258814	1.969575	0.768099	1.905171	1.394914	0.565833	-1.008144	1.636184	0.622818	1.155696	0.280015	0.452040	0.217485	1.325026	-0.582687	1.473673	1.416697	1.853877	0.520430	1.756466	0.654240	1.388065	0.827834	2.888619	0.503620	2.061818	0.764006	2.002934	1.003494	1.064271	-0.038799	0.435475	-0.505896	1.008234	-0.108366	1.496888	1.344732	0.765204	0.803764	1.643509	0.841078	1.160590	-1.127886	0.780320	0.662600	2.553411	0.825405	1.063135	0.282612	1.216514	1.212794	-0.250803	0.163040	1.107398	0.690889	1.094071	1.397578	-0.017279	-0.407895	1.584035	0.735253	1.348522	1.985470	0.861017	1.420987	1.088432	1.415211	2.377023	1.040769	0.294194	2.815578	1.025969	-0.041570	1.249507	1.896155	0.390942	0.696539	0.254993	2.125577	-0.546592	0.940248
2.151718	1.030938	1.342669	1.931319	2.557427	-0.068720	1.512422	-0.092249	1.939234	1.702199	1.424423	1.682822	1.088949	0.524792	1.344237	0.544117	0.750791	0.948792	1.565094	1.946080	0.787332	0.984509	1.995265	1.210922	1.779540	0.431782	1.123398	1.204359	1.130575	2.085628	1.666487	0.220882	1.037091	0.621289	-0.573175	-1.237146	1.432976	-0.074860	0.981966	-0.175967	0.668245	0.200493	0.278825	-1.564240	1.042488	0.456232	1.154971	1.202657	1.181810	0.108241	0.405187	0.282933	2.112846	1.271011	2.766529	2.017420	2.152977	2.175408	0.525858	-0.113744	-0.367843	-0.871908	0.374844	-0.685082	2.031646	1.877726	0.664362	-0.532688	1.702999	-0.320682	0.196535	-1.357251	1.370739	-0.020474	3.040211	1.653713	1.624331	1.091477	0.207722	0.258322	0.733346	0.774979	2.129364	1.472886	1.110587	0.813221	-1.510067	0.012890	1.646509	1.841000	0.922217	1.382614	1.088821	1.222403	0.179053	1.023083	1.379174	1.595786	0.052169	2.323299	1.648054	0.113973	1.057836	1.078022	1.332372	0.305830	0.392231	2.098160	-0.105074	1.805282
1.177108	0.831950	1.164709	1.298946	1.780333	-0.428246	1.108317	0.580276	2.135882	1.089606	0.383035	0.850363	-0.972783	-1.072680	0.653664	-0.283563	-0.559500	-0.794281	0.525539	0.162691	0.738464	-0.230641	2.068186	1.497241	0.171668	-0.236559	0.837768	0.271059	0.920655	1.629109	0.477735	-0.841985	-0.868438	-0.898844	-2.047747	-1.506031	0.324804	-1.080418	0.373611	-0.906682	0.187736	0.110118	-1.301943	-2.330443	-0.464077	-1.450456	0.215916	1.654076	0.586579	-0.322475	-1.214021	-0.800529	0.525918	1.411501	2.576595	2.461014	1.289200	2.399041	-0.266201	-0.247916	-1.374351	-1.007091	-0.513019	-1.255796	1.640740	1.208474	-0.027597	-1.451018	1.210637	-1.198702	-0.974529	-1.452581	1.288635	-0.604131	1.682523	1.331525	1.455024	0.723255	-0.731825	-1.393582	1.236628	0.791581	1.667168	0.933689	0.374187	-0.456617	-2.093272	0.210170	0.665452	1.944922	-0.188794	-0.080588	1.440774	0.877442	-0.646594	0.297513	0.407601	1.517933	-0.190563	0.976467	0.919359	-0.183934	0.352422	0.299653	1.891258	0.183271	0.448725	0.868932	0.117380	1.716181
0.079527	0.489322	0.491289	0.192053	0.493251	-0.585794	1.058504	1.152625	1.690046	0.347157	-0.530337	0.193416	-2.939680	-2.556679	-0.581226	-0.931131	-1.576229	-2.067533	-0.550335	-1.372633	-0.231704	-1.031942	1.026566	0.882667	-0.555798	-0.297150	-0.441290	-0.836506	0.154504	0.229518	-0.064654	-1.293418	-2.635227	-2.302292	-2.595339	-1.442795	-0.405967	-1.615737	0.038668	-1.024269	-0.268551	-0.120677	-1.656850	-2.310081	-1.610984	-2.780514	-0.781541	1.072815	0.249916	-0.206228	-2.422765	-1.999722	-0.874589	0.907158	1.392866	1.498716	-0.079169	1.326733	-1.168427	-0.775924	-1.681967	-0.889281	-1.316338	-1.689205	0.719174	-0.150949	-0.934054	-1.776262	0.639307	-1.387696	-1.330843	-1.320055	0.683239	-0.483410	-0.296009	0.332039	1.067879	-0.114496	-0.922123	-2.374794	1.197462	0.403246	0.123987	-0.597994	-0.761620	-1.835760	-1.387161	0.390050	-0.852307	1.050392	-1.042293	-1.600834	0.998342	-0.023997	-0.926783	-0.663001	0.049064	1.134040	-0.209445	-0.132868	-0.459563	-0.354121	-0.444194	-0.036600	1.844768	0.414712	0.552595	-0.648582	-0.026385	0.753197
-0.424463	-0.084673	-0.207773	-0.671917	-0.400553	-0.873744	1.474644	1.007374	0.880678	-0.304504	-0.689558	-0.152885	-3.309864	-2.737904	-1.562896	-1.062694	-1.469632	-1.938083	-0.886502	-1.715696	-1.590224	-1.512004	-0.348353	-0.399512	0.057315	0.338224	-1.720619	-1.556054	-0.601707	-1.133621	0.654554	-0.523200	-2.934132	-2.481582	-1.592309	-0.666924	0.074001	-1.129524	0.341611	-0.290515	-0.166460	-0.410967	-0.136933	-1.299023	-1.203964	-2.183702	-1.614397	-0.370752	0.023213	-0.038165	-2.317414	-2.505000	-1.476746	0.102553	-0.237371	-0.312023	-1.206111	-0.480786	-1.744990	-1.493893	-0.980251	-0.637042	-1.511602	-1.692566	-0.019300	-1.180373	-1.365835	-1.639778	0.176138	-0.939525	-0.615528	-0.700132	0.322983	0.251140	-1.171352	-0.297050	0.829809	-0.280710	-0.488197	-1.638310	0.663571	-0.063013	-1.402093	-1.846322	-1.576339	-2.340241	-0.184760	0.671898	-1.869073	-0.171341	-1.063083	-2.242829	-0.326575	-1.107870	-0.754881	-1.456447	0.177211	0.738962	-0.094473	-0.524297	-1.205197	-0.061341	-0.839486	-0.026771	1.176866	0.531129	0.748734	-1.472661	-0.239110	-0.037871
-0.300906	-0.873693	-0.688569	-0.959109	-0.303043	-1.104132	1.617837	-0.038745	0.147348	-0.759437	-0.243392	-0.654078	-1.743586	-1.328107	-1.479830	-0.764808	-0.406856	-0.730885	-0.392278	-1.012526	-2.320745	-1.567164	-1.009597	-1.426025	0.952269	0.898488	-1.796752	-1.374199	-0.634040	-1.625152	1.573092	0.787911	-1.456074	-1.146157	0.375933	0.612416	1.143902	0.103800	0.849694	0.461815	0.325412	-0.641754	1.879698	0.192691	0.416911	0.024201	-1.910924	-1.540044	-0.406543	-0.515930	-0.979607	-1.820426	-1.255064	-0.541092	-1.301442	-1.576519	-1.524161	-1.784542	-1.547997	-1.748185	0.085527	-0.413606	-0.866727	-1.003349	-0.115001	-1.193047	-0.920455	-0.991528	-0.217384	-0.296113	0.450679	0.425042	0.584942	0.838572	-0.366443	-0.009371	0.733337	0.545674	-0.114895	0.272074	-0.111928	-0.398051	-1.936645	-1.753491	-1.472342	-1.475816	0.395148	0.714373	-1.725163	-0.856949	-0.609570	-1.637080	-1.443532	-1.433508	-0.558485	-1.594077	0.220482	0.359159	0.021450	-0.498144	-0.796760	0.394357	-0.801889	-0.107464	0.165895	0.205100	0.759588	-1.364095	-0.181920	-0.036646
-0.017366	-1.445996	-0.742469	-0.710778	0.384820	-0.939756	0.854073	-1.404934	-0.136166	-0.764867	0.190228	-1.428747	0.532859	0.569377	-0.219582	-0.326582	0.644309	0.383906	0.375279	-0.167817	-1.500636	-0.888305	-0.495323	-1.319828	0.894842	0.623580	-0.442563	-0.293420	0.279253	-1.077241	1.314454	1.313303	0.718712	0.676637	2.018401	1.596356	1.528819	1.121916	0.844815	0.307488	0.611016	-0.768337	2.409037	1.214951	1.618242	1.911683	-1.337363	-1.476211	-1.057819	-1.395049	0.612122	-0.330539	-0.602678	-0.664868	-1.190253	-1.362372	-0.945249	-1.602567	-0.613193	-1.171485	0.635198	-0.279555	0.228923	0.192847	0.333616	-0.288065	0.079370	0.115031	-0.479457	0.019599	1.017992	1.546966	1.079039	0.627239	1.037514	0.768513	0.603061	1.524486	-0.296065	1.690463	-0.571855	-0.511480	-1.226361	-0.454506	-0.585013	0.062459	0.028768	0.185685	-0.789846	-0.560521	-0.406573	-0.354940	-1.308845	-0.707477	-0.685751	-0.999610	-0.163156	-0.017979	0.155185	-0.462298	0.229951	0.598553	-0.718629	-0.535353	-0.668733	-0.306662	0.123878	-0.710255	0.192850	0.168962
0.045414	-1.295660	-0.168589	-0.099247	0.651246	-0.467916	-0.464505	-2.088534	0.096445	-0.174470	0.154845	-1.918852	1.767598	1.348469	1.355137	0.021470	0.898219	0.641768	0.769185	0.095981	0.745708	0.253237	0.714998	-0.049729	-0.109266	-0.382513	1.208158	0.847937	1.496950	0.042068	-0.101996	0.408237	2.011751	1.437736	2.301420	1.547254	0.798613	1.124419	0.191940	-0.644018	0.419514	-0.734210	0.985594	1.088415	1.066220	1.719031	-0.097687	-0.377511	-1.535740	-1.621181	1.464006	0.894781	-0.173683	-0.182271	-0.289467	-0.068015	0.096403	-0.077748	0.469632	-0.154169	0.425739	-0.172584	0.952306	1.120210	0.818635	0.857530	0.817057	1.034953	-0.369669	-0.252354	0.869978	1.828574	1.209344	-0.222203	1.383507	1.201883	0.361642	1.513966	-0.903382	1.521315	-0.250484	-0.373365	0.170109	0.849038	0.222608	0.935932	-0.681202	-0.536785	-0.068791	0.387268	-0.658504	0.523392	-0.222879	0.238281	-1.176784	-0.190325	-0.719586	-0.219725	0.296868	-0.482261	1.129513	0.653708	-0.813492	-1.067797	-0.814981	-0.487698	-1.120514	0.061884	0.681842	-0.212138
-0.117982	-0.501876	0.828015	0.623107	0.050999	-0.046466	-1.329564	-1.542735	0.542975	0.723592	-0.308446	-1.602684	1.257540	0.491675	2.045207	0.241050	0.481624	0.337752	0.607491	-0.142511	2.924240	0.950644	1.656328	1.536207	-0.949701	-1.272352	1.671903	1.035431	1.925158	1.054214	-1.343956	-1.270539	1.739663	0.589535	1.215409	0.547744	-0.271826	0.261865	-0.486847	-1.384806	0.139676	-0.443935	-0.940175	-0.026650	-0.905194	-0.345978	0.894193	0.626021	-1.448160	-0.685297	1.339833	0.988799	-0.526868	0.624010	0.426498	1.048093	0.896990	1.577624	0.981100	0.506623	-0.120759	-0.066449	0.680582	0.971320	0.910805	1.560697	0.742542	1.014487	0.211294	-0.966088	0.265714	0.798980	0.855332	-0.870058	0.114060	0.976617	0.129877	0.244021	-1.474522	0.219696	0.639487	-0.034319	1.278458	1.051763	0.208585	0.524705	-1.001230	-0.548713	-0.152525	1.085408	-0.949473	0.363119	0.414638	0.385626	-1.787462	0.153701	-0.969995	-0.139208	0.219189	-0.499803	1.645602	0.991986	-0.906294	-1.271364	-0.212588	-0.193389	-2.029024	0.682481	1.074235	-0.880423
-0.343436	0.207827	1.516706	1.058382	-0.767791	0.232492	-1.192724	-0.263923	0.754466	1.392739	-0.801527	-0.742855	-0.081333	-0.862614	1.458374	0.485582	0.113646	0.212354	0.235699	-0.280737	3.331959	0.751499	1.708815	2.397095	-0.782368	-1.362358	0.590208	0.198452	1.050842	1.474079	-1.385246	-2.387850	0.621299	-0.804782	-0.192148	-0.457685	-0.709636	-0.506092	-0.523399	-1.183529	0.264685	0.004558	-1.644527	-1.209385	-2.559378	-2.265391	0.770879	0.612251	-0.832168	0.672524	0.738092	0.078977	-1.500104	1.232600	0.364378	1.101562	0.948968	2.107134	0.599317	0.378660	-0.523168	-0.080888	-0.372286	-0.209500	0.682339	1.552774	0.060543	0.180779	0.916299	-1.652702	-0.551409	-0.976944	0.406479	-0.644886	-1.618048	0.524156	0.089408	-1.331807	-1.700565	-0.866968	1.280614	0.333555	1.377745	0.207144	-0.459549	-0.492223	-0.704001	0.504985	-0.642338	0.829607	-0.848827	-0.468458	-0.307885	-0.333511	-2.103391	-0.148220	-0.786999	-0.038519	-0.267788	-0.583572	1.798504	1.591090	-0.839603	-1.029554	0.531785	0.171389	-1.522472	0.868033	1.260104	-0.799486
-0.522780	0.237437	1.268599	0.819446	-0.868252	0.547741	-0.447512	0.670444	0.495307	1.498597	-0.953811	-0.153066	-0.783439	-1.218745	0.408078	0.911151	0.141093	0.431560	0.069481	-0.012073	1.730181	0.294227	1.011897	2.019434	0.082355	-0.773552	-0.946259	-0.720529	-0.413041	1.130140	-0.515898	-2.095963	-0.152649	-1.252728	-0.750994	-0.604734	-0.350983	-0.460016	0.082373	-0.323342	0.660622	0.243781	-0.806756	-1.501958	-2.426943	-2.280503	-0.217168	-0.251366	-0.049947	1.380456	0.220202	-0.864763	-2.121899	1.246722	-0.191505	0.303415	0.309556	1.243976	-0.320359	-0.211982	-0.598448	-0.311542	-1.151978	-1.344285	0.569394	0.944312	-0.574192	-0.529595	1.147078	-1.735474	-1.303008	-2.066969	0.219281	0.270262	-2.135670	0.345429	0.195330	-1.890692	-1.459313	-0.847770	1.063411	0.475384	0.507949	-0.679531	-0.992151	-1.059873	-0.004932	1.750017	-0.674459	-0.182414	-0.350958	-1.040731	-1.667513	-1.030908	-1.697247	-0.555598	-0.381450	-0.250397	-0.851654	-0.718912	1.406832	1.702558	-0.776088	-0.556904	0.647084	0.118699	0.305076	0.380277	1.123500	0.270216
-0.547305	-0.158315	0.224667	-0.119626	-0.179114	0.850365	0.204971	0.733026	-0.072383	1.027095	-0.750432	-0.274423	-0.446238	-0.493139	-0.059472	1.367051	0.127722	0.421031	0.111339	0.252318	-0.439365	0.368525	0.131606	0.691426	0.710243	-0.136562	-1.636311	-0.934255	-1.151227	0.147455	0.326825	-0.688215	-0.250114	-0.556739	-0.351449	-0.095033	0.183363	0.026643	0.734396	0.380652	0.700207	0.075567	0.535615	-0.681260	-0.692689	-0.664503	-0.762075	-0.949574	0.628313	1.258264	-0.176603	-1.082543	-1.579677	0.700826	-0.535963	-0.438616	-0.510656	-0.259263	-0.946589	-0.521784	-0.340345	-0.559729	-0.668509	-1.290581	0.707935	-0.066980	-0.746383	-0.572827	0.643836	-0.879445	-1.412092	-1.362500	0.163912	1.037069	-1.044598	0.354939	0.107792	-1.029243	-0.604900	0.083581	0.174996	0.189760	-0.626751	-0.910701	-1.006804	-1.009154	0.733721	1.814032	0.016190	-1.024153	0.201656	-0.880446	-1.973527	-0.830242	-0.431522	-0.325798	0.120267	-0.648578	-0.825436	-0.629742	0.261397	0.640359	-0.803647	-0.036133	0.021696	-0.353045	2.059103	-0.620440	0.535900	1.224990
-0.283258	-0.178220	-0.905798	-1.320894	0.395037	0.763780	0.486142	0.433954	-0.568808	0.086790	-0.583941	-0.727909	-0.095096	-0.078032	0.087321	1.333837	-0.503564	-0.339332	-0.032422	-0.148321	-1.599688	0.705154	-0.532942	-0.718891	0.613308	0.134086	-1.332129	-0.647623	-0.661609	-1.040433	0.679335	0.707981	-0.406938	-0.005776	-0.053603	0.017234	0.189754	-0.135033	0.856688	0.495469	0.100303	-0.129767	1.278890	0.597042	1.070422	0.735269	0.027422	-0.716211	1.154561	0.957098	-0.854836	-0.849277	-0.214892	0.024788	-0.380498	-0.481820	-1.072057	-1.488542	-0.664399	-0.111020	0.158846	-0.422136	0.904510	-0.039803	0.562150	-1.291384	-0.600263	-0.426332	-0.205298	0.606162	-0.420393	0.733066	-0.211015	1.023715	0.321541	0.051488	-0.411876	0.323012	0.842690	1.075916	-0.724918	-0.505863	-1.323336	-0.883764	-0.943621	-1.086874	1.099268	0.300179	0.692427	-1.045290	0.381689	-0.504515	-0.432279	0.313943	1.222729	0.651263	0.695042	-0.789553	0.058216	-0.160482	-1.275549	-1.231354	-0.563097	0.468778	-0.671288	-0.758734	2.465511	-1.510583	-0.353754	0.897105
0.170000	0.515525	-1.643521	-2.236229	0.017649	0.171971	0.456874	0.568429	-0.769165	-1.134671	-0.922716	-0.849606	-0.812902	-1.002565	-0.053143	0.389902	-1.598861	-1.597391	-0.646007	-1.271447	-1.454189	0.359579	-0.932912	-1.346556	0.027080	0.066788	-0.925803	-0.541823	0.148346	-1.849344	0.664068	1.076008	-1.280312	-0.730428	-0.790869	-0.868830	-0.588380	-1.462459	0.296243	0.194401	-0.714312	0.169784	1.126844	1.407452	1.455435	0.591228	1.425696	0.166670	1.479710	0.960577	-1.985880	-1.023682	0.797435	-0.311468	-0.114702	0.030618	-1.364125	-2.070465	0.288856	0.751416	0.550330	0.212991	2.208891	1.241304	-0.495921	-2.389820	-0.550418	-0.749582	-0.757601	1.760958	1.196808	2.487442	-1.048329	0.382917	0.340545	-0.791875	-1.083357	0.860281	2.278067	1.418024	-1.247754	-1.308367	-1.457068	-1.398660	-1.337295	-1.793282	0.784052	-1.670548	0.445259	-0.569032	-0.063465	-0.792227	1.817026	1.630281	2.309598	1.580780	1.026707	-0.598420	0.993505	0.290357	-2.287127	-2.617887	0.272803	0.766297	-0.778828	-0.728519	1.620008	-1.720568	-0.974999	-0.450678
0.343957	1.370580	-2.061821	-2.610464	-1.133739	-0.388388	0.093335	1.217492	-0.783530	-2.197302	-1.791929	-0.455489	-2.173012	-2.411363	-0.987255	-1.140084	-2.230741	-2.483358	-1.466815	-2.270743	-0.758787	-0.783498	-1.120749	-0.949113	-0.654381	-0.202848	-1.043221	-0.807234	0.040032	-1.978607	0.409905	0.355132	-2.329293	-2.180920	-2.077321	-2.040185	-1.858769	-3.142044	-0.724310	-0.200990	-1.175531	0.884678	0.427818	1.374307	0.461096	-0.558369	1.808639	0.720932	1.461487	1.138253	-2.975281	-1.771963	0.720539	-0.173626	-0.253369	0.483118	-1.614017	-2.112891	1.023527	1.401423	0.333365	0.881598	2.047900	1.476060	-2.239066	-2.898051	-0.745240	-1.318052	-0.789685	1.713861	2.128221	2.461819	-1.842359	-0.237238	-1.181751	-1.794445	-1.347549	0.235333	2.743895	1.024163	-1.525233	-1.779655	-1.349981	-2.361123	-1.977083	-2.575502	-0.000621	-2.505969	-0.598101	-0.394464	-0.901476	-1.762203	2.739392	2.183645	2.139959	1.518928	0.550860	-0.530424	0.808907	0.085623	-2.161015	-2.549629	1.267316	0.530806	-0.428487	-0.482753	0.568389	-1.283824	-0.841284	-1.349477
-0.164538	1.648376	-2.311981	-2.469517	-2.108318	-0.275329	-0.624907	1.749285	-0.873772	-2.489026	-2.590621	0.081619	-2.449140	-2.351767	-2.006258	-2.162988	-1.550825	-2.273230	-1.836366	-2.062140	-0.175078	-1.602802	-1.081943	-0.063965	-1.297273	-0.633864	-1.309134	-1.051509	-1.010020	-1.656296	-0.078855	-0.519765	-2.183256	-2.608175	-2.380567	-2.177333	-2.931698	-3.708466	-1.784355	-0.536082	-1.216239	1.246320	-0.332245	0.934285	-0.724695	-1.100095	0.574798	0.389429	1.098452	1.235765	-2.802301	-2.099531	-0.083234	0.157636	-0.794822	0.449729	-1.857131	-1.798698	0.970370	1.477759	-0.574810	0.969508	0.688118	0.819952	-3.524942	-2.606097	-0.848268	-1.239105	-0.667291	0.600790	1.503377	0.936099	-1.912539	-0.419647	-2.870274	-2.326327	-1.085989	-0.685964	1.896441	0.394542	-1.802482	-1.677638	-1.169567	-2.645407	-2.091406	-2.406925	-0.407502	-1.637340	-1.201971	-0.751848	-1.382474	-2.231567	1.508740	1.615528	1.028561	0.475214	-0.805828	-0.895509	-0.608788	-0.851502	-1.230105	-1.350053	1.496899	-0.284904	-0.313525	-0.526435	-0.047024	-0.717238	-0.231251	-0.843801
-1.100433	1.294149	-2.172464	-1.854199	-2.271063	0.392303	-1.352327	1.659076	-1.140590	-1.764901	-2.572246	0.353359	-0.616032	-0.095968	-1.968571	-1.748614	0.308150	-1.002749	-1.347467	-0.423652	0.225027	-1.149941	-0.874220	0.498202	-1.831817	-1.102254	-1.021516	-0.997592	-1.716029	-1.277102	-0.585456	-0.498782	-0.261007	-1.053263	-0.920667	-0.857104	-3.088443	-2.453217	-2.410952	-0.685463	-1.185742	0.715388	-0.812643	0.763222	-1.024643	-0.216025	-1.089208	-0.330511	0.675866	1.278899	-1.103993	-0.956704	-0.712383	0.253320	-1.258581	0.005028	-1.850329	-1.241692	0.479762	1.204502	-1.520629	0.425489	-0.469389	0.329984	-3.371623	-1.809932	-0.431757	-0.136212	-0.842110	-0.464704	-0.151601	-0.484593	-1.172452	-0.282380	-3.216903	-2.106561	-0.833129	-0.900265	0.510618	0.127417	-2.004502	-1.188195	-0.726888	-1.450519	-1.278985	-0.999274	0.328736	0.092433	-0.400138	-1.108227	-0.907045	-1.070898	-0.601770	0.454738	0.078913	-0.452137	-2.147501	-1.321235	-1.914611	-1.797108	-0.357699	-0.199915	0.722477	-1.157091	-0.790483	-0.900271	-0.478099	-0.399676	-0.003840	0.395233
-1.671880	0.828818	-1.336553	-0.797062	-1.906055	0.773856	-1.569476	1.070795	-1.411921	-0.562694	-1.575933	0.293823	2.147239	2.754642	-0.703795	-0.180835	2.143012	0.515731	-0.318592	1.552936	0.551719	0.017388	-0.730367	0.366723	-1.993752	-1.314622	-0.146514	-0.852291	-1.002193	-0.890116	-0.733476	0.537173	2.230639	1.468330	1.224960	0.938512	-2.111665	-0.062230	-2.324798	-0.466092	-1.312001	-0.317803	-0.973165	0.968018	-0.480706	1.269320	-1.593838	-0.474417	0.492215	1.266771	1.146319	1.346836	-0.665675	-0.112153	-1.274744	-0.494809	-1.413618	-0.607092	0.244704	0.931953	-1.693326	-0.136484	-0.536041	0.586582	-1.970431	-1.011289	0.403534	1.259765	-1.308921	-0.530173	-1.534011	-0.673578	-0.195794	-0.121517	-1.965663	-1.426269	-1.099976	-0.405491	-0.323280	0.335550	-1.816306	-0.748374	0.042042	0.544545	0.023068	0.838859	1.932916	1.381001	1.244276	-1.002561	0.151883	1.257122	-1.584327	-0.318474	0.038699	-0.259086	-2.281373	-1.153470	-1.680650	-1.895177	-0.057918	0.135116	-0.115414	-1.309411	-1.396180	-1.005295	-1.102006	-0.279520	-0.563047	0.930190
-1.404595	0.516669	-0.014694	0.434711	-1.633301	0.334712	-1.222518	0.388861	-1.396828	0.197558	-0.194662	0.098040	3.436389	3.805666	0.709127	1.166493	2.595672	1.278959	0.467590	2.287074	0.718129	0.469552	-0.827148	-0.169979	-1.536903	-1.074409	0.691115	-0.864880	0.684086	-0.312129	-0.510998	1.593291	3.283586	2.970977	2.176351	1.905566	-0.543376	2.086895	-1.695466	0.064473	-1.456560	-0.981774	-1.116362	0.970686	-0.030233	1.845923	-0.796944	0.227575	0.504120	0.888666	2.334597	3.212280	-0.200370	-0.782702	-0.933095	-0.785868	-0.697210	-0.132274	0.310604	0.585174	-1.020352	-0.128850	-0.110220	0.978016	-0.451256	-0.409702	0.976796	1.828717	-1.623430	0.203784	-1.955660	-0.094017	0.453929	0.024316	-0.152302	-0.844870	-1.692557	-0.092587	-0.421669	0.540221	-1.121405	-0.561115	0.697898	1.784756	1.046719	2.040462	3.119581	1.617532	2.158798	-0.626771	0.678272	2.904140	-0.833623	-0.200732	0.467355	0.741069	-0.993638	-0.269466	-0.043894	-0.963501	-0.210781	-0.035507	0.061883	-0.442710	-1.359278	-0.338090	-1.670409	-0.170368	-1.276558	0.305736
-0.682592	0.051552	1.101755	1.336256	-1.500190	-0.461932	-0.819561	-0.235118	-0.935068	0.136533	0.840399	-0.029585	2.160142	2.359153	1.143815	1.241826	1.375753	0.917817	0.547885	1.184719	0.613256	-0.268314	-1.005898	-0.598835	-0.601730	-0.520249	1.021062	-0.808202	1.796787	0.325654	-0.395180	1.506001	2.120083	2.531375	1.335933	1.811251	0.745893	3.098242	-1.026876	0.411529	-1.351713	-0.959837	-1.533957	0.270759	-0.421278	0.892174	-0.075075	0.949646	0.430808	0.011837	1.733769	3.322577	0.070241	-1.253350	-0.521230	-0.840667	-0.004922	0.046777	0.017016	-0.186683	-0.206853	0.361557	-0.365847	0.522668	0.316554	0.174562	0.733624	1.196593	-1.350982	0.693867	-1.780577	0.032385	0.667290	0.326608	0.990910	-0.690946	-1.927927	-0.562128	-0.563535	0.215433	-0.205562	-0.360493	0.740084	1.534354	1.442214	2.222845	2.813702	1.153673	1.557208	-0.351495	0.143402	2.597205	0.335010	0.282092	0.257818	1.129518	0.585893	0.748063	1.422760	0.408802	-0.403974	0.149394	1.068807	0.848864	-0.516238	0.794987	-1.601103	0.000607	-1.131899	-0.518584
-0.241279	-0.784698	1.589121	1.611235	-1.040248	-0.767867	-0.713301	-0.874395	-0.156760	-0.231989	1.350258	0.017252	-0.287726	0.047313	0.664126	0.451598	-0.394667	0.043822	0.233334	-0.712682	0.393650	-1.136867	-0.906527	-0.707739	0.356298	0.040730	0.969893	-0.223076	1.339000	0.570450	-0.723043	0.150766	-0.026028	1.070836	0.030249	1.608787	1.335593	3.025994	-0.641259	0.125215	-0.916449	-0.776028	-1.968779	-0.797836	-1.434438	-0.784166	-0.598136	0.633767	0.218313	-0.741938	0.218393	1.911079	-0.123208	-0.932477	-0.135687	-0.759754	0.536135	0.013675	-1.069604	-1.345896	0.160462	0.762774	-1.423682	-0.814871	0.494636	0.912050	-0.106123	0.003034	-0.425660	0.264233	-1.609476	-0.667357	0.573744	0.817091	1.100786	-0.799926	-1.402577	-1.320980	-1.271098	-0.624193	0.552930	0.235275	0.346704	0.621797	1.382639	1.728197	1.255537	0.731463	0.292694	-0.055445	-0.582235	1.016937	0.302884	0.066562	-1.018354	-0.108604	1.133961	1.246561	1.530573	1.450766	-0.238215	1.121411	1.525396	1.537210	0.444629	1.584449	-0.813460	0.351278	0.182178	-0.517267
-0.237051	-1.478207	1.712283	1.502462	-0.132680	-0.430534	-0.591475	-1.393474	0.575688	-0.173106	1.683769	0.301782	-1.600199	-1.025267	0.280979	0.061306	-1.245740	-0.378616	0.182677	-1.712351	0.351906	-0.976910	-0.395406	-0.619108	0.995937	0.481484	0.911264	0.835692	-0.133349	0.317995	-1.150295	-1.334908	-1.284863	0.139227	-0.120299	2.142513	1.471398	2.403535	-0.351507	-0.486639	-0.315798	-0.953505	-1.729288	-1.324157	-2.138467	-1.827101	-1.942970	-0.782603	0.187067	-0.500730	-0.680057	0.343244	-0.420552	0.327474	0.295860	-0.604749	0.988648	-0.028763	-2.455291	-2.207620	0.217046	0.737769	-2.143393	-1.976757	0.789608	1.638013	-0.779798	-0.883642	0.781273	-0.702531	-1.494961	-1.376249	0.251402	1.278009	0.761087	-0.734373	-0.355408	-1.373179	-1.943667	-1.456401	1.081412	1.189754	0.284460	0.381852	1.124506	1.039598	-0.296956	0.792976	-0.277179	0.616055	-0.187504	-0.116776	-1.037043	-1.277070	-2.490946	-2.385199	0.550259	1.147891	0.737502	1.819263	0.495029	2.399205	0.514364	1.193815	0.764197	1.663035	0.063958	1.065026	1.940752	0.165959
-0.109782	-1.221640	1.836727	1.420120	0.718346	-0.048051	0.008234	-1.355696	0.923960	0.395477	2.065269	0.853586	-0.996740	-0.438956	0.540988	0.550856	-0.846982	-0.066828	0.550688	-1.160990	0.513427	-0.017649	0.270141	-0.457948	1.275305	0.876898	0.991917	1.621967	-1.228321	0.094374	-1.041368	-1.648262	-1.067019	0.231264	0.822418	2.924746	1.457639	1.577930	0.190617	-0.530275	0.178003	-1.193682	-0.616516	-0.910207	-1.834080	-1.591858	-2.636584	-2.112967	0.577289	0.644704	-0.340519	-0.348110	-0.321243	1.803968	0.732646	-0.343197	1.353358	0.049864	-3.077349	-2.008775	0.345055	0.461048	-1.628777	-2.019819	1.399562	1.939094	-0.819474	-1.192262	1.590111	-1.309724	-1.123869	-1.266192	-0.222632	1.456582	0.641834	-0.332993	0.610002	-0.497111	-1.574386	-1.764885	1.511543	1.960598	0.911994	1.082421	0.758199	0.446408	-0.917599	1.159538	0.099231	1.431509	1.358037	-0.049008	-2.285708	-2.875674	-2.830584	-3.895333	-0.039201	0.884772	0.320281	1.717041	1.482446	2.931529	-1.153563	0.481175	0.498528	1.389586	0.413336	1.935379	2.940122	0.666492
0.545173	-0.028762	1.695482	1.304884	1.061899	-0.068645	0.865865	-0.559709	0.779209	0.848987	2.162422	1.475050	0.269320	0.466576	0.803745	1.070583	-0.257274	0.372244	0.738380	-0.016747	0.559934	0.531194	0.693914	-0.232787	1.230482	1.173015	1.080633	1.482384	-1.232796	0.392299	-0.343678	-0.627681	-0.347306	0.555622	1.262655	2.574082	1.148700	0.607727	0.878670	0.346977	0.345405	-0.790142	0.555084	-0.212335	-0.714473	-0.552626	-1.830793	-2.023828	1.084027	1.431677	0.503115	-0.243405	0.109798	2.283457	0.940159	0.024764	1.456779	0.210928	-2.293764	-0.730791	0.456985	0.192459	-0.399861	-1.135549	1.719182	1.533744	-0.485505	-1.204651	1.383232	-1.178391	-0.448338	-0.481808	-0.693944	1.235047	0.744536	0.035446	0.984020	0.433226	-0.175581	-1.401644	1.729496	1.928506	1.553192	1.678332	0.355260	0.114450	-0.831573	1.201348	0.468666	1.516149	2.509591	0.402744	-2.142288	-3.235864	-1.630689	-3.259640	0.317704	0.766559	0.646724	1.544596	1.833306	2.009120	-1.768841	0.372623	0.302472	1.134491	0.369955	2.179770	2.384447	0.598361
1.252019	0.984273	0.780324	0.746139	0.974675	-0.346257	1.185642	0.449270	0.233526	0.625843	1.479083	1.624880	0.677933	0.424712	0.205014	0.720533	-0.575541	0.348833	0.136971	0.352444	0.249732	0.089926	0.644574	-0.030696	0.820251	1.065933	0.940715	0.645411	-0.639968	1.015127	0.243691	0.657975	-0.206382	0.313178	0.235565	0.636781	0.357713	-0.344921	1.151763	1.331163	0.168360	0.214735	0.808979	-0.109042	0.389804	0.347911	-0.113097	-0.444349	1.077054	0.798737	0.816106	0.037145	0.275193	1.216677	0.704644	0.310383	1.124066	0.305906	-0.520101	0.708939	0.209225	-0.085862	0.363360	-0.231820	1.155818	0.619275	-0.350393	-1.127364	0.184852	-0.728933	0.214651	0.270094	-1.057643	0.605709	0.651397	-0.040538	0.675394	0.562365	0.991874	-0.571108	1.368302	0.939792	1.229155	1.169466	0.070231	0.098447	-0.846335	0.463488	0.007275	0.384585	1.841319	0.184694	-0.683146	-1.770015	0.163471	-0.878987	1.300234	0.570292	0.852208	1.452192	0.914988	0.078704	-0.738541	0.910443	0.376035	0.719642	0.591584	1.211638	0.570590	0.233226
1.162972	0.765694	-0.565983	-0.180353	0.703433	-0.590312	0.583670	0.736155	-0.489572	-0.072187	0.167844	0.866717	0.160303	-0.358039	-0.991994	-0.146020	-1.536706	0.108425	-0.960757	-0.241708	-0.208580	-0.665088	0.198869	-0.020921	0.123969	0.399564	0.388177	-0.056402	-0.249103	1.405060	0.088581	1.093181	-0.563665	-0.264106	-1.206088	-1.490131	-0.467301	-0.840338	0.718929	1.340798	-0.071098	0.843508	0.220110	-0.548380	0.865358	0.592284	1.271503	1.254523	0.325885	-0.789194	0.438823	0.234880	-0.149842	-0.561881	0.106074	0.275459	0.441960	0.259820	1.080757	1.204851	-0.227587	-0.428396	0.366769	0.232721	0.024047	-0.142960	-0.618762	-0.836205	-1.120000	-0.477483	0.646068	0.676080	-1.336907	-0.337842	0.322080	-0.357821	0.100150	0.160374	0.813606	0.326005	0.433413	-0.438768	-0.025396	-0.077854	0.009246	0.242792	-1.256865	-0.715521	-0.964178	-1.185121	-0.207360	-0.582295	0.919083	0.435851	1.212228	1.363960	1.781613	-0.069666	0.237524	1.191703	-0.650696	-1.408708	0.735954	1.119425	0.218195	-0.105617	1.258087	-0.405904	-1.161031	-0.194745
0.254223	-0.374982	-1.141156	-0.676032	0.346354	-0.691318	-0.363916	0.013906	-0.973112	-0.432906	-0.797649	-0.398357	-0.175993	-0.748165	-1.551539	-0.432518	-1.743141	0.354664	-1.456394	-0.670139	-0.356344	-0.800165	-0.226344	-0.124524	-0.478180	-0.446400	-0.470306	-0.202659	-0.189967	1.390296	-0.604088	0.601393	-0.539238	-0.365554	-1.303639	-2.037424	-0.524472	-0.571337	0.054891	0.373734	0.066909	0.448520	-0.222580	-0.675488	0.844927	0.402246	1.655505	1.667264	-0.629158	-1.787117	0.061931	0.524810	-0.710543	-1.583508	-0.399059	0.027614	-0.150341	0.221711	1.643208	0.540485	-0.193233	-0.596775	0.346727	0.576129	-0.644473	-0.149872	-0.948463	-0.242804	-1.478033	-0.340848	0.953700	0.929813	-1.555062	-1.326427	0.211609	-0.295706	-0.140379	0.200745	-0.340504	0.875337	-0.372605	-1.228414	-0.996638	-0.719736	0.167616	0.337675	-1.591578	-1.396457	-1.392791	-1.722190	-1.680956	-0.838650	1.631845	1.625933	1.092897	1.919846	1.195810	-0.928842	-0.657325	0.459886	-1.370150	-1.310141	1.137761	0.338201	-0.310693	-0.953868	1.608251	-1.254663	-1.507604	-0.634235
-0.457881	-1.047097	-0.354552	-0.200342	0.134747	-0.469890	-0.752836	-0.893596	-0.738924	0.070456	-0.542977	-1.032177	0.388721	-0.155236	-0.791040	0.136242	-0.315129	1.219048	-0.611179	0.102472	-0.040346	-0.251220	-0.099272	0.032079	-0.572189	-0.842005	-1.109382	-0.203266	-0.089501	1.201399	-1.035917	0.024390	0.280434	0.248627	0.095449	-1.029727	0.297071	0.162089	-0.087924	-0.505489	0.742617	-0.283812	0.070704	-0.060694	0.899891	0.387125	1.316019	0.842625	-0.937945	-1.263632	0.291315	0.966282	-0.682077	-1.269911	-0.282482	0.050298	-0.138729	0.435741	1.392982	-0.325397	0.521246	-0.308660	0.793887	1.134357	-0.245437	0.494148	-0.848580	0.397691	-0.741372	0.151733	1.248719	1.120782	-1.623418	-1.979891	0.531715	0.261879	0.143684	0.965105	-1.012977	0.912639	-0.354463	-0.863252	-0.672341	-0.098316	0.529765	0.429969	-1.333197	-1.056671	-0.705683	-0.655938	-1.234377	0.002319	1.384028	1.181711	0.602114	1.091263	0.128820	-1.236897	-0.831183	-0.571654	-0.567735	-0.034577	0.312396	-0.774878	-0.401070	-1.116038	0.779900	-0.578410	-0.512498	-0.775755
-0.190298	-0.430918	0.800874	0.636762	0.459055	0.286597	-0.364542	-0.935855	0.187531	0.985253	0.625858	-0.418068	1.405942	0.950857	0.537388	0.657406	1.959503	2.006278	1.021519	1.759883	0.367997	0.301436	0.653226	0.558430	-0.193910	-0.618329	-1.016209	-0.585947	0.123492	0.890889	-0.737863	0.119934	1.331767	0.980008	1.370270	-0.172507	1.104362	0.630141	0.396521	-0.515594	1.504201	-0.186166	0.643076	0.720951	1.347763	0.948908	0.906889	0.047990	-0.300413	0.187521	1.018265	1.287848	0.055089	-0.450503	0.443151	0.558077	0.499338	0.865390	1.234012	-0.282662	1.218345	0.252673	1.274516	1.669766	0.632334	0.975391	-0.174440	0.718778	0.161783	1.082984	1.389287	1.047041	-1.420826	-2.063088	0.822578	0.639832	0.548245	1.649006	-0.327891	0.685976	0.245792	0.180873	0.513305	0.965458	1.033143	0.725592	-0.555069	-0.211270	0.552222	0.940856	0.453127	1.294929	0.843664	0.153252	0.768695	0.492363	-0.499783	-0.707520	-0.312008	-1.252944	0.724084	0.855315	-0.685216	-1.062598	0.490917	-0.583769	-0.997050	0.758461	0.458330	-0.276095
0.486835	0.720496	0.869328	0.695914	1.155544	1.199297	0.166038	-0.116890	0.959318	1.248764	1.376314	0.581728	1.967414	1.751822	1.144190	0.376221	3.337149	2.027309	2.067719	2.938809	0.367689	0.391345	1.324527	0.904549	0.118722	-0.281281	-0.384108	-1.166112	0.058806	0.242619	-0.051275	0.797077	1.763270	1.192469	1.310763	-0.508538	0.994672	0.404864	0.814687	-0.022560	1.601624	0.702841	0.792577	0.932579	1.967050	1.876096	0.786321	0.069748	0.641762	1.222927	1.609121	1.204061	0.863855	-0.258978	0.975826	0.984068	1.032235	1.047630	1.509463	0.603780	1.104576	0.505094	1.247825	1.748338	0.805405	0.620680	0.701630	0.635969	0.286657	1.868043	1.264086	0.699810	-0.952606	-1.644417	0.557870	0.287699	0.643872	1.549405	1.069438	0.642819	0.467706	0.805422	1.198558	1.275347	1.374206	1.095221	0.254009	0.245584	1.283396	1.503783	1.596084	1.907168	0.603691	-0.133339	1.667846	0.994316	-0.545317	-0.173237	-0.170851	-1.198203	1.001751	0.423166	-1.074451	-0.496258	1.334529	-0.232481	-2.409280	1.183400	0.308463	0.429274
0.363997	0.999157	-0.210500	-0.258411	1.279950	1.280975	0.153155	0.480187	0.669661	0.358694	0.784915	0.482431	1.729009	1.837066	0.649462	-0.269955	2.891277	1.347021	1.748141	2.648356	-0.127307	0.211756	1.074084	0.440349	-0.118375	-0.402594	-0.061998	-1.290109	-0.504400	-0.681513	0.325953	1.261050	1.329084	0.869056	0.588445	-1.123079	0.089438	-0.204295	0.545173	0.132753	0.818448	1.066489	0.532256	0.658995	2.298397	2.446591	0.836950	0.306865	0.862426	1.123276	1.483623	0.692642	1.015065	-0.812207	0.479860	0.560481	0.607937	0.530807	1.576196	1.158153	0.298333	0.153178	0.941899	1.393005	-0.142330	-0.327624	1.148130	0.355105	-0.313351	1.859154	1.094724	0.486820	-0.420110	-0.983258	-0.078551	-0.410817	0.524666	1.082301	1.837277	0.986538	-0.134173	0.479389	0.719750	0.708842	1.105927	0.994754	0.759729	0.116469	0.975943	0.713197	1.316716	1.453095	0.644290	0.383682	2.360634	1.706109	-0.618230	-0.643649	-0.977080	-0.860944	0.120417	-0.642571	-1.098339	-0.269099	0.565608	-0.726874	-2.365094	0.199867	-0.540814	0.348247
-0.703913	0.039329	-1.059587	-1.245814	0.268415	0.141290	-0.385184	0.066469	-0.434881	-0.951869	-0.581680	-0.947404	1.056728	1.283737	-0.198897	-0.368004	1.370830	0.524381	0.632469	1.222958	-0.691137	0.129666	0.024221	-0.575190	-0.776658	-0.945226	-0.555377	-0.838636	-1.209689	-1.353473	0.108467	0.850074	0.523403	0.392269	0.527390	-0.719028	-0.702786	-0.542778	-0.179300	-0.247600	-0.156512	0.140123	0.370957	0.531051	2.054513	2.071424	0.740401	-0.107277	0.039837	0.311700	0.582163	-0.022834	0.358212	-1.266608	-0.785243	-0.551088	-0.678596	-0.500940	0.869954	0.639855	-0.351522	-0.408308	0.921783	1.029594	-1.319775	-1.008564	0.802789	0.085881	-0.848240	1.107669	1.115975	0.700086	-0.120170	-0.352342	-0.414369	-0.700676	0.496886	1.085242	1.428447	1.459707	-0.887661	-0.223263	-0.221869	0.099801	0.170084	0.159860	0.979901	-0.034271	0.210964	-0.296783	0.341576	0.555653	0.541802	0.740250	2.023497	1.330761	-1.067958	-1.824633	-1.895926	-0.979005	-0.695415	-1.063107	-1.274754	-1.069528	-1.517219	-1.596007	-1.088020	-1.101245	-0.875711	-0.627195
-1.499280	-1.067702	-0.679598	-1.268599	-1.013639	-1.149969	-0.846920	-0.811493	-0.981449	-1.411062	-1.295132	-2.195540	0.437510	0.441399	-0.515958	0.124542	0.292534	-0.092770	-0.067137	-0.083396	-0.788527	0.134601	-0.667121	-1.045430	-1.212867	-1.335245	-1.277195	-0.522876	-1.461158	-1.353312	-0.359136	-0.223389	-0.001232	0.031533	1.089702	0.350845	-0.771471	-0.363092	-0.595355	-0.655722	-0.460578	-1.095721	0.414722	0.699485	1.266981	0.924146	0.355725	-0.837881	-0.951163	-0.257066	-0.518163	-0.574291	-0.579158	-0.998791	-1.523126	-1.214164	-1.655965	-1.234451	-0.112452	-0.269406	-0.369572	-0.561973	1.134264	0.877101	-1.502515	-0.937374	-0.016403	-0.090822	-0.836077	0.342375	1.093367	1.006352	-0.165533	0.017593	-0.209642	-0.517164	0.449672	1.458462	0.526393	1.558784	-0.877109	-0.444110	-0.550896	-0.012692	-0.774952	-0.821837	1.029827	0.245297	-0.020779	-0.388282	-0.145927	0.026140	0.107439	0.416491	0.911879	0.041284	-1.451981	-2.238037	-1.748940	-1.500088	-0.559139	-0.553191	-1.485694	-1.954959	-2.584758	-1.768286	0.169306	-1.367097	-0.318032	-1.242325
-1.022250	-1.044307	0.362932	-0.403955	-1.184988	-1.154325	-0.741463	-0.941523	-0.053127	-0.570402	-0.664085	-1.706427	0.048888	-0.175794	-0.089673	0.369425	0.373726	-0.500896	0.240088	-0.306630	-0.263494	-0.010626	-0.128978	-0.306527	-0.922998	-1.093080	-1.143536	-0.925209	-0.947090	-0.874921	-0.553563	-0.976982	-0.024216	-0.121974	1.058901	0.673707	-0.342906	-0.039756	-0.357323	-0.672021	-0.065812	-1.121763	0.232068	0.643976	0.267063	-0.159422	-0.124468	-0.772779	-0.892815	-0.073606	-0.996564	-0.614660	-1.005334	-0.305937	-0.909448	-0.694069	-1.340385	-1.040650	-0.480068	-0.459544	-0.156703	-0.215536	0.990410	0.712743	-0.513594	-0.410182	-0.479851	-0.133808	-0.507146	0.134088	0.604064	0.804224	-0.251236	0.008046	0.064870	-0.371156	0.059716	1.278895	0.133250	0.982280	-0.107947	-0.080177	-0.048131	0.127961	-0.864817	-1.019063	0.921602	0.774147	0.552990	0.388483	0.192997	0.091282	-0.313297	-0.086650	0.002285	-0.748989	-1.225284	-1.054419	-0.553434	-1.563771	0.067213	0.130610	-1.229820	-1.562092	-1.130838	-0.856231	0.329017	-0.492841	0.368947	-0.514936
0.250027	0.180382	0.836351	0.475608	-0.184821	0.058842	-0.119820	0.009549	1.565024	0.704281	0.604467	0.260051	-0.120740	-0.111367	0.668687	-0.108536	0.977800	-0.682245	1.080514	0.414926	0.489859	-0.298832	1.082504	0.926894	-0.039992	-0.246414	0.085897	-1.558695	0.192574	-0.477227	-0.285669	-0.627463	0.197653	0.028008	0.069024	0.027997	-0.015288	-0.028305	0.152470	-0.353178	0.269414	0.141415	-0.328719	0.091142	-0.398304	-0.450729	-0.359375	0.267929	0.331226	0.485942	-0.516166	-0.132677	-0.488701	0.140409	0.327467	0.325010	-0.122065	-0.199000	-0.239838	0.067515	-0.262256	0.152969	0.348243	0.318431	0.599270	0.042001	-0.030853	-0.025468	-0.257318	0.242332	-0.196332	0.047894	0.117674	-0.219523	-0.044355	-0.370173	-0.450880	0.271465	0.527256	-0.029225	0.558300	0.316148	0.628908	0.192254	0.030910	-0.226549	0.672734	1.089823	1.226845	1.139893	0.812985	0.447602	-0.257847	-0.140687	-0.149382	-0.355981	-0.586679	0.748020	0.558134	-0.692244	0.271366	0.383483	-0.488363	-0.049188	1.378549	0.437289	-0.640740	0.403466	0.433502	0.713919
1.067973	1.461841	0.389877	0.741515	0.642239	0.901033	0.559446	1.057397	2.163618	1.163465	1.316861	1.889605	-0.030667	0.557036	1.166337	-0.772545	1.006598	-0.567906	1.557587	1.086553	0.843697	-0.454665	1.566848	1.268096	0.809558	0.772234	1.426733	-1.319359	1.443907	-0.471385	0.231910	0.515310	0.338845	0.454802	-0.668437	-0.242071	-0.075404	-0.288078	0.412825	0.086460	0.004123	1.265403	-0.704324	-0.395260	-0.304530	0.051322	-0.195662	1.142713	1.424458	0.634661	0.405090	0.409356	0.613759	0.178125	0.813901	0.583889	0.733398	0.420919	-0.164492	0.355968	-0.544175	0.165143	-0.168627	-0.101201	0.768864	0.220143	0.958384	0.125543	-0.142394	0.012979	-0.590975	-0.583966	0.995483	-0.249120	-0.358877	-0.116161	-0.421067	-0.651187	1.174935	-0.782045	0.493439	0.393250	0.858228	0.258925	1.068334	0.789769	0.442174	0.942941	1.237264	1.207860	1.085831	0.743327	0.226036	0.192033	0.138881	0.336134	-0.209772	1.534134	0.777601	0.504024	-0.032008	0.289714	0.188598	1.002784	2.164195	1.119945	-1.822008	0.348557	-0.065278	0.775647
0.917929	1.668598	-0.241190	0.507937	0.380134	0.335087	0.807966	1.110693	1.051801	0.479227	1.029069	1.826676	0.290507	1.051736	1.039342	-0.846756	0.133777	-0.353749	1.212293	0.835110	0.554043	-0.291523	0.725648	0.284027	1.079698	1.453547	1.837121	0.156209	2.125868	-0.646530	0.664202	1.272121	0.309021	0.749880	-0.130424	0.656778	-0.345469	-0.389287	0.321051	0.519159	-0.599500	1.140584	-0.365179	-0.137342	0.328406	0.688829	0.189716	0.946793	1.068673	0.072880	0.874541	0.470534	1.393932	0.208444	0.265051	-0.107556	0.664163	0.401500	-0.513635	0.002245	-0.427574	-0.010335	-0.063626	-0.188847	0.068767	0.202103	1.528720	0.153077	-0.006848	-0.637923	-0.286642	-0.490784	1.768819	0.188931	-0.411480	0.417789	0.211255	-0.686748	1.403655	-0.744775	-0.027888	0.295379	0.646131	0.404574	1.290155	1.169142	0.397758	0.361562	0.674621	0.648868	0.819476	0.778575	0.566104	0.475307	0.280214	0.281798	-0.272476	0.985215	0.420429	1.122463	-0.196789	0.060546	0.432238	0.660097	0.521347	0.843202	-2.151345	-0.417576	-0.635447	-0.512266
0.331128	0.760288	-0.303696	0.270500	-0.362322	-0.758986	0.435736	0.258686	-0.686149	-0.487025	0.244654	0.508537	0.479635	0.575805	0.463032	-0.293661	-0.955037	-0.405496	0.280622	-0.288772	0.068265	0.142905	-0.587006	-0.943278	0.725235	1.498081	1.435502	1.944213	1.855361	-0.509372	0.802797	0.806936	0.145016	0.389729	0.865739	1.618953	-0.488589	-0.102707	0.084305	0.754524	-0.920352	0.207457	0.296901	0.596464	0.615348	0.698863	0.459534	0.190321	-0.555770	-0.691671	0.495636	-0.000786	1.254182	0.518014	-0.314233	-0.672405	0.345099	0.208691	-0.704769	-0.326395	0.182963	0.019200	0.231470	-0.030567	-0.484390	0.100476	1.218663	0.100994	0.252981	-1.012457	0.063796	0.036489	1.817038	0.858091	-0.126578	0.723449	0.607841	-0.330185	0.938973	-0.191322	-0.278962	0.218538	0.377092	0.357957	0.622402	0.797364	0.454510	-0.457284	0.192801	-0.046898	0.197646	0.429631	0.327993	0.520313	0.046249	-0.289309	-0.245622	0.290760	0.253123	1.044438	0.133265	-0.314685	0.452065	-0.198045	-1.466933	0.088199	-1.262508	-0.817106	-0.915749	-1.521114
-0.049745	-0.362446	0.144377	0.307470	-0.523388	-0.834773	-0.273209	-0.482034	-1.472649	-0.695539	-0.357358	-0.599678	0.047115	-0.729823	0.044011	0.278850	-1.428978	-0.697969	-0.675638	-1.400771	0.019593	0.670679	-1.165509	-1.080256	0.125911	0.959280	1.101030	2.753761	0.966738	0.196047	0.642538	-0.494608	-0.171304	-0.568694	0.669518	1.142553	-0.322345	0.321337	-0.143824	0.535086	-0.668929	-0.369271	0.361317	0.774237	-0.101706	-0.170915	0.399476	-0.105071	-1.966380	-0.976105	-0.310461	-0.545182	0.518318	0.888866	-0.135092	-0.272589	0.508453	0.426272	-0.358643	-0.045006	0.710852	0.301959	-0.111456	-0.152686	-0.184389	0.063604	0.547378	0.236159	0.698205	-0.584456	-0.285604	0.092356	1.262927	1.208263	0.145294	0.685831	0.165036	-0.611271	-0.064126	-0.001403	0.048233	0.127234	0.250290	-0.074501	-0.182853	0.158693	0.269796	-1.159431	-0.028211	-0.416127	-0.476339	-0.290398	-0.277477	0.340198	-0.476120	-0.439384	0.237154	0.410242	0.487942	0.775716	0.610349	-0.674455	0.609052	-0.210464	-1.614540	-0.358253	0.274728	-0.235193	-0.695647	-0.958719
-0.140362	-0.929999	0.454141	0.436770	-0.056013	0.171592	-0.698931	-0.523658	-0.930977	-0.073518	-0.596574	-0.694428	-0.965869	-1.779467	0.109255	0.396889	-1.173652	-0.738036	-1.253173	-1.675506	0.360769	0.974908	-0.842617	-0.145471	-0.303285	0.163575	1.045278	2.165579	0.224664	1.092345	0.374007	-1.457004	-0.578824	-1.332516	-0.850961	-0.526032	0.094658	0.483692	-0.318359	-0.082974	-0.054162	-0.259373	-0.328248	-0.068315	-1.315695	-1.336932	0.075258	0.088772	-2.011238	-0.705370	-0.817684	-0.750179	0.031883	0.949901	0.369061	0.572642	0.812413	0.840292	0.093999	0.411503	0.685858	0.488377	-1.088760	-0.768222	0.563051	0.224343	0.229447	0.596094	1.282186	0.193652	-1.051949	-0.674901	0.745832	0.934310	0.161019	0.874368	-0.530546	-1.463256	-1.178767	-0.569806	0.550589	-0.042505	0.067389	-0.615722	-0.539116	-0.375643	-0.374967	-1.355255	-0.516441	-0.376113	-0.981827	-1.078659	-0.654409	-0.110269	-1.095819	0.023868	0.731086	0.862304	0.684630	0.543512	0.704966	-0.577493	0.953200	0.564491	-0.114943	-0.138538	1.500648	0.774915	0.064634	0.530693
-0.136065	-0.988181	0.143540	0.262980	0.282089	0.798930	-0.394288	-0.298502	-0.033626	0.481045	-0.709174	-0.186129	-1.785578	-1.705186	0.172811	0.067172	-0.724617	-0.299468	-1.413257	-1.154122	0.287300	0.631686	-0.473513	0.531613	-0.392716	-0.496579	0.500805	0.851777	-0.026387	1.389954	0.297281	-1.319192	-0.775839	-1.210823	-1.976904	-1.693172	0.566334	0.271291	-0.370535	-0.560310	0.467405	-0.160541	-0.795980	-1.116247	-1.733412	-1.764361	-0.241538	-0.016082	-0.956654	-0.380698	-0.737658	-0.664491	0.216689	0.667573	0.376592	0.762743	0.419221	0.697641	0.174483	0.289789	0.325611	0.291951	-1.684566	-1.314756	0.809330	0.431289	0.196940	0.701671	1.623474	0.467557	-1.165515	-1.483522	0.532108	0.232937	0.065387	1.452971	-0.457350	-1.673722	-1.861378	-1.173550	0.594626	-0.223843	-0.474547	-0.924669	-0.627852	-0.814655	-1.196527	-0.967520	-1.523415	-0.327364	-1.279466	-1.504195	-0.459998	-0.697975	-1.450922	0.418759	0.578869	0.666076	0.438440	0.153881	0.277743	0.024656	1.322158	0.852916	1.118708	0.343295	1.875017	1.180283	0.896463	1.402184
-0.069212	-0.950581	-0.647792	-0.339929	0.200002	0.211318	0.438442	-0.361262	0.210185	0.209987	-0.860302	0.221394	-1.719771	-0.872792	-0.495243	-0.481232	-0.573100	0.106042	-1.396630	-0.613172	-0.714631	-0.417633	-0.707332	0.005695	-0.213649	-0.685614	-0.919802	-0.190586	-0.177471	0.738222	0.576963	-0.395300	-0.556341	-0.523253	-1.444205	-1.461336	0.897624	-0.125542	-0.255286	-0.379145	0.528031	-0.540849	-0.199093	-1.252513	-0.851188	-1.056615	-0.361286	-0.592989	0.057885	-0.367827	-0.465648	-0.603603	0.718535	0.333656	-0.019047	0.166807	-0.573603	-0.128685	0.100197	-0.297285	0.123893	-0.149862	-1.196409	-1.146373	0.244186	0.277383	-0.194042	0.110362	1.251162	0.168444	-0.214004	-1.366690	0.263437	-0.471151	0.078950	1.540375	0.353363	-0.668290	-1.780681	-0.920948	-0.010747	-0.335947	-1.309552	-1.106256	-0.854847	-1.197868	-1.594596	-0.430377	-2.309093	-0.729083	-1.431393	-1.450725	0.109640	-0.902672	-1.136636	0.294068	-0.057393	-0.036128	-0.098862	-0.348757	-0.377544	0.442430	1.601570	0.111867	1.010007	0.408014	1.603534	0.680733	0.965391	1.224353
0.074604	-0.829077	-1.307097	-1.004444	0.167161	-0.517969	1.081013	-0.429799	-0.229913	-0.621570	-0.952779	0.395678	-1.075159	-0.437184	-1.741705	-1.020326	-0.738652	-0.121768	-1.473873	-0.647068	-1.930415	-1.419842	-1.202153	-1.062602	0.055546	-0.236235	-2.234537	-0.425744	-0.657124	-0.229691	0.985405	0.386288	-0.290259	-0.323531	-0.210601	-0.728676	0.949340	-0.484738	-0.081553	0.326051	0.163095	-0.828042	0.913907	-0.498260	0.211914	-0.127818	-0.431128	-0.889090	0.274968	-0.473027	-0.600242	-0.703536	0.924398	0.210392	0.001122	-0.210060	-1.032238	-0.724406	0.265090	-0.533244	0.143169	-0.420532	-0.344648	-0.558441	-0.486883	-0.348030	-1.092682	-0.785119	0.346934	0.030823	0.781981	-0.540619	-0.329973	-0.887248	0.103219	0.439269	0.758707	0.367302	-1.189169	-0.174731	-0.799620	-0.334074	-1.884099	-1.401502	-1.079460	-1.349553	-1.322467	-0.333079	-1.977875	-1.420028	-1.400628	-1.251003	0.517653	-0.424277	-0.285996	-0.072804	-0.308488	-0.138824	-0.422524	-0.540713	-0.809657	0.082688	1.667963	-0.647756	0.382046	-0.037040	1.249661	-0.045072	0.078388	0.900237
0.087927	-0.360117	-1.257357	-1.210367	0.444113	0.050668	1.022759	0.139003	-0.727246	-1.114406	-0.852700	0.514510	-0.774828	-0.863761	-2.420935	-1.297699	-0.909265	-0.762376	-1.633373	-1.021775	-1.996844	-1.383798	-1.195209	-1.291642	0.243114	0.597880	-2.169363	-0.019301	-1.228334	-0.557996	1.020247	0.461559	-0.576577	-1.063656	-0.072096	-0.659602	0.674180	-0.676916	0.007036	0.897055	-0.138287	-0.251851	1.217810	0.066196	-0.000332	-0.248894	-0.754581	-0.548107	-0.142513	-0.280629	-1.135564	-0.798726	0.554666	0.325082	0.625937	0.316791	-0.312159	-0.256167	0.422482	-0.114290	0.069518	-0.280362	-0.420415	-0.515800	-0.647745	-0.928718	-1.799745	-1.059877	-0.187502	0.385903	0.471771	-0.233333	-0.888973	-0.916863	-0.148443	-0.986669	0.076933	-0.102670	-0.752676	-0.220968	-1.059692	-0.100656	-1.654847	-1.572820	-0.864251	-1.138701	-0.786799	-0.730797	-0.814994	-1.642285	-1.004574	-1.217024	0.279221	0.106953	0.269160	-0.305804	0.146739	0.649589	-0.295829	-0.346961	-0.706412	-0.597873	1.267933	-0.399155	0.417919	-0.393392	1.053579	-0.291555	-0.734452	1.057227
-0.219079	0.259804	-0.419086	-0.841210	0.567737	1.460446	0.479371	1.135791	-0.861648	-0.818445	-0.554728	0.461204	-1.004383	-1.289769	-1.673578	-1.103249	-0.798330	-0.989709	-1.467713	-1.024890	-0.571355	-0.341204	-0.518649	-0.424786	0.275056	1.117526	-0.927006	0.390694	-1.310666	-0.163406	0.450385	0.076669	-1.252218	-1.860071	-1.009655	-0.978158	0.217168	-0.614226	0.102795	0.946826	0.108066	0.887207	0.387182	-0.183007	-1.288150	-1.311810	-1.223668	-0.331803	-0.576915	0.270570	-1.246532	-0.678447	-0.255967	0.513605	0.998161	1.075632	0.771511	0.816090	0.067028	0.365434	-0.134932	0.081609	-1.390289	-1.188127	-0.258478	-0.845571	-1.651229	-0.548167	0.156754	0.603143	-1.009566	-0.960931	-0.896325	-0.575075	-0.645795	-1.192034	-0.862789	-1.684220	-0.766996	-1.289251	-0.469577	0.503717	-0.719702	-1.111127	-0.309274	-0.746144	-0.496179	-0.940610	-0.067639	-0.994106	-0.171574	-1.161662	-0.598191	-0.267413	-0.067195	-0.389899	0.480399	1.108267	-0.051177	-0.343896	-0.142648	-0.591697	0.260130	0.266630	0.891947	-0.288001	0.676352	-0.179367	-0.348589	1.064579
-0.594970	0.419957	0.684962	-0.276031	0.167639	1.761201	0.055800	1.474284	-0.649393	-0.122533	-0.077982	0.008822	-0.902571	-0.726430	-0.035395	-0.468445	-0.394606	-0.467541	-0.574959	-0.345355	1.013509	0.527390	0.301046	0.406391	0.204820	0.807844	-0.016195	0.240494	-0.808213	0.104306	-0.330846	-0.229444	-1.350998	-1.541026	-1.218531	-0.605927	-0.106050	-0.326004	0.482839	0.760781	0.803843	1.455925	-0.480894	-0.622301	-1.850785	-1.761752	-1.161969	-0.856777	-0.658769	0.789519	-0.253536	-0.350680	-1.139408	0.568111	0.463083	0.947252	1.023248	1.270949	-0.535589	0.396813	-0.070436	0.282639	-1.682610	-1.433701	0.126286	-0.142048	-0.853424	-0.206843	0.673006	0.077416	-1.898674	-1.605765	-0.402933	-0.042963	-0.931916	-0.104974	-0.735932	-2.220274	-0.711074	-1.837077	0.619969	1.362767	0.226515	-0.080889	-0.000779	-0.447713	-0.426039	-0.286375	-0.302940	-0.055834	0.770198	-0.684885	-1.386217	-1.351079	-0.690139	-0.300324	-0.172955	0.143018	-0.198868	-0.849442	0.398609	0.171407	-1.010373	-0.057994	0.640223	-0.199712	-0.224750	-0.320070	0.793130	0.089392
-0.554003	0.029863	1.286325	0.086467	-0.263730	0.238718	-0.003692	0.598918	-0.202763	0.368992	0.533571	-0.603952	0.031274	0.410541	1.099065	0.339468	0.039693	0.253041	0.789164	0.564201	1.223924	0.449718	0.805399	0.348340	0.128468	0.029333	-0.241659	-0.367526	-0.221267	-0.266022	-0.692612	-0.358583	-0.477552	-0.270716	0.074392	0.426226	-0.112082	-0.089059	1.140544	0.731372	1.296542	0.967350	-0.420983	-0.419710	-0.621448	-0.676932	-0.134606	-1.325194	-0.449430	0.875102	1.205872	-0.053466	-1.615540	0.428472	-0.362548	-0.018316	0.452101	0.771051	-0.487249	0.282117	0.433666	0.178078	-0.296876	-0.332955	0.228785	0.510723	-0.122838	-0.706391	0.330419	-0.775829	-0.895225	-0.846419	0.114554	0.345328	-0.668441	0.686391	0.500517	-0.590728	0.068393	-0.603602	1.465340	1.947573	0.633330	0.716767	-0.091570	-0.259804	-0.229250	0.956746	-0.691445	0.345138	1.225951	0.085251	-1.171616	-1.671795	-0.405738	0.178602	-1.311136	-1.476119	-0.766537	-1.109297	0.460266	0.546331	-1.815397	-1.377392	-0.551095	-0.710230	-1.215143	-0.813781	1.033540	-1.361414
-0.027806	-0.192827	0.995685	0.239294	-0.007114	-1.395165	0.051964	-0.617894	0.422942	0.507008	1.000384	-0.807505	0.925963	0.722007	1.043378	1.031673	0.278275	0.562568	1.698279	1.019438	0.200241	0.166478	1.036007	-0.013594	0.102283	-0.306660	-0.695971	-0.671563	0.033984	-0.669943	-0.454534	-0.556892	0.396005	0.563797	1.254307	0.856226	0.003656	-0.201401	1.526201	0.644178	1.052814	0.163967	0.187667	0.217890	1.209984	0.828046	1.163984	-0.564302	-0.102351	0.535992	1.599764	-0.048334	-1.301950	0.248489	-0.394515	-0.627768	0.046302	0.202581	0.380297	0.438767	0.823532	-0.053499	1.572308	1.232530	0.280833	0.594813	0.262400	-1.224593	-0.686140	-1.062288	1.030205	0.858196	0.460118	0.430627	-0.065040	0.206392	1.516786	1.631807	1.292448	1.309841	1.477786	1.604234	0.612289	0.682805	-0.088439	-0.009471	0.119898	1.684342	-0.238454	0.293749	0.917080	0.481021	0.022091	-0.369628	0.858687	0.820275	-1.427633	-1.854112	-1.135209	-0.172271	0.176099	-0.192939	-1.679595	-1.917562	-1.423439	-1.350461	-1.324074	-0.970542	-0.169491	-1.754212
0.564677	0.286191	0.189179	0.431827	0.773976	-1.178014	0.065064	-0.851355	1.103959	0.573199	0.928226	-0.399802	0.695301	-0.165400	0.465819	1.389700	0.446553	0.549311	1.503638	0.862476	-0.495459	0.811401	1.182106	0.372177	0.167788	0.136787	-0.133931	-0.115513	0.064440	-0.290605	0.007910	-0.735404	0.221554	0.238919	0.648543	0.122976	-0.107991	-0.532891	1.077666	-0.040492	0.235965	-0.070379	0.464904	0.456678	1.719236	1.064043	1.431207	1.020556	0.348775	0.083914	0.406525	-0.366947	-0.282513	0.133886	0.351194	-0.229055	0.202236	0.214303	0.999514	0.506780	0.406994	-0.230311	1.886887	1.459969	0.509073	0.259152	0.678181	-0.441324	-1.046289	-0.616943	1.735063	1.640322	0.829288	0.473019	0.466241	-0.460745	1.361590	2.189499	1.867471	1.639459	0.653359	0.223200	0.611569	0.221525	0.248400	0.322393	0.334619	1.192058	0.889909	0.660085	0.273391	0.238371	0.962111	1.423117	1.657922	0.706282	0.107610	-0.319633	-0.628327	1.469040	0.173632	-1.077347	-0.868936	-0.391644	-0.817072	-0.878277	-0.281781	-0.191585	-1.237369	-0.496965
0.910558	0.974772	-0.325873	0.753994	1.177321	0.516915	0.218706	0.025697	1.643536	0.807679	0.358053	0.227082	-0.279877	-0.921797	0.368684	1.234618	0.827817	0.598799	0.666901	0.549842	0.018690	2.116285	1.204950	1.430057	0.335323	0.680635	1.300368	0.844577	0.162084	0.637267	0.270006	-0.478643	-0.531426	-0.313492	-0.904687	-0.689055	-0.498566	-0.580642	0.030291	-1.205768	-0.448736	0.185098	0.397415	0.157907	0.770984	0.094361	0.403106	1.765300	0.716779	-0.328465	-1.049815	-0.724889	0.793042	-0.127386	0.735966	0.375012	0.249627	0.268512	0.423362	-0.129313	-0.642462	-0.384082	0.463555	0.066450	0.741139	0.018032	1.441329	1.519459	-0.060639	-0.071625	0.695367	0.661500	1.251406	0.762171	0.840732	0.237706	0.603433	1.077691	1.268255	0.054923	-0.376303	-1.357393	0.766204	0.214543	0.445493	0.537685	0.395887	0.024070	1.730673	1.752406	0.028175	-0.000109	0.595115	1.896055	0.857879	-0.639701	2.023199	1.677816	0.660724	2.032655	0.704860	-0.652850	-0.152592	2.059904	0.813425	1.016106	0.934960	1.084028	-0.595924	1.082482
1.004747	0.921425	-0.165809	0.979387	0.722367	1.491730	0.477040	0.759885	1.866850	1.068563	-0.121186	0.511980	-0.634875	-0.374784	0.809968	0.547374	1.294776	0.604153	0.255758	0.497217	0.878773	2.598566	0.979344	1.995953	0.446357	0.497437	2.303552	1.138524	0.302916	1.061785	0.220494	0.125483	-0.540812	0.069439	-1.206762	-0.444293	-0.854495	-0.145307	-0.681792	-1.918511	-0.508573	0.214353	0.531878	0.002239	0.011766	-0.462579	-0.593272	1.072508	0.494360	-0.845850	-1.259652	-0.761316	1.211689	-0.777800	0.050033	0.085406	-0.346838	-0.342951	-0.824251	-1.168980	-1.334824	-0.590680	-0.719765	-1.133984	0.645195	0.121405	2.175160	3.008456	1.218111	0.133800	-0.380895	-0.745633	1.391719	1.024023	1.118348	1.927533	0.290704	0.221583	0.336713	-1.296146	-0.820732	-1.967672	0.791272	0.790237	0.138687	0.495670	0.608596	-0.674906	1.744915	2.637010	0.379354	0.417716	-0.510296	0.886995	-0.677537	-2.132441	2.382296	2.173010	1.666632	0.651119	1.103679	0.816419	-0.074392	2.963058	1.838188	2.764472	1.175814	1.644572	0.971639	1.231834
0.753202	-0.081410	0.228772	0.809215	-0.150239	0.536718	0.295456	0.261316	1.630548	0.948896	-0.078839	0.177415	-0.011252	0.754700	1.014711	-0.353717	1.271716	0.112967	0.635820	0.552822	0.818866	1.495967	0.552259	1.304616	0.221485	-0.361236	2.029296	0.337741	0.240349	0.479253	-0.027234	0.301131	0.360671	1.026162	0.144250	0.372420	-0.879776	0.319927	-0.513598	-1.531374	-0.179044	-0.281741	0.745958	0.323923	0.478644	0.210134	-0.236643	0.189559	-0.562151	-1.486368	-0.453183	-0.435794	0.867938	-1.532883	-1.072794	-0.960827	-1.095519	-1.230072	-1.400331	-1.546540	-1.042902	-0.745793	-0.123167	-0.541672	0.171446	0.338945	2.129192	2.777345	1.215852	0.212626	-0.021081	-0.849437	1.044703	0.659326	1.044840	2.605267	0.394797	0.565744	0.251888	-0.667448	-0.454169	-1.321198	0.460418	1.101399	-0.214549	0.283248	0.983197	-0.478501	1.170799	2.199983	0.781272	1.102001	-0.814673	-0.053186	-1.069087	-2.045842	0.719531	0.763051	1.285109	-1.339907	0.526235	1.455127	-0.493227	1.389643	1.224257	2.399045	0.420323	0.820800	1.306415	-0.119209
0.017674	-1.209633	0.242768	0.233394	-0.724743	-1.179558	-0.550405	-1.032581	0.934772	0.287723	0.231597	-0.560734	0.543331	0.920311	0.573606	-0.945596	0.545968	-0.802408	1.115307	0.313976	-0.131972	-0.244280	0.104327	-0.095846	-0.342380	-1.046880	0.888343	-0.829338	0.013743	-0.515996	-0.279035	-0.314497	0.979297	1.226201	1.343374	0.515052	-0.591874	0.321036	0.054192	-0.514896	-0.021519	-0.846448	0.401498	0.618807	1.329479	1.122350	1.037542	0.219062	-1.731617	-1.805684	0.003520	-0.104133	0.312541	-1.716039	-1.517273	-1.602364	-1.195011	-1.428699	-0.851468	-0.828595	-0.208903	-0.633834	1.401589	1.116922	-0.381695	0.301288	1.156852	1.271312	-0.108240	0.478773	1.076638	0.278188	0.487466	-0.279768	0.385703	1.324831	0.117327	1.027571	0.986927	1.075999	0.181703	-0.280277	-0.037102	0.530305	-0.032524	0.069149	1.058224	0.023459	0.476765	0.637461	0.699401	1.122215	0.113740	0.123696	0.076584	-0.210240	-1.385816	-1.108140	-0.241064	-1.995217	-0.786870	0.336787	-0.812592	-0.961684	-0.380043	0.070544	-0.379146	-0.659347	-0.094488	-1.376538
-0.806034	-1.500085	-0.057139	-0.377897	-0.733112	-1.702544	-1.229082	-1.653611	0.126394	-0.493476	0.321230	-1.069261	0.284841	0.041545	0.004180	-0.913369	-0.192022	-1.357454	0.965454	-0.199302	-0.896671	-1.150420	-0.216163	-1.027285	-0.764564	-0.888576	-0.174010	-1.357177	0.033760	-1.109247	-0.288423	-0.886365	0.626365	0.354798	1.103113	-0.043097	-0.206371	0.053570	0.216926	0.177455	-0.123948	-0.871992	-0.356235	0.438613	1.264947	1.071775	1.540338	0.469736	-1.771726	-1.282503	-0.279292	-0.107114	0.096266	-1.096754	-0.992138	-1.162951	-0.644114	-0.832611	0.000961	0.194490	0.340152	-0.176325	1.857508	1.743124	-0.675940	-0.070550	0.098453	-0.184215	-1.123392	0.833176	1.286343	1.055943	0.156237	-0.832215	-0.372603	-0.472800	-0.590004	0.546182	1.367332	1.835163	0.410663	0.261100	-0.305626	-0.339091	0.368593	-0.089109	0.569910	0.178950	-0.044509	-0.627345	0.311211	0.390938	0.975634	0.672564	1.106126	1.510041	-1.966844	-1.722115	-1.234482	-1.089353	-1.500111	-1.109943	-0.594821	-1.755618	-1.363948	-1.693838	-0.520257	-1.365607	-1.354627	-1.277882
-0.974538	-0.831344	-0.116582	-0.610847	-0.398612	-0.601322	-0.771241	-0.870392	-0.300187	-0.789845	0.127678	-0.853134	-0.241516	-0.518533	-0.037218	-0.405765	-0.136486	-0.982965	0.299043	-0.545355	-0.842236	-0.854714	-0.355291	-0.956894	-0.585634	-0.075319	-0.664546	-1.032845	0.502050	-1.140867	0.051886	-0.416131	0.008489	-0.514930	0.186765	-0.189639	0.108816	0.089079	-0.156879	0.216579	-0.096780	-0.302543	-0.585499	0.065668	0.272055	0.216341	0.479640	-0.275492	-0.359743	-0.048446	-0.402863	-0.373408	0.220718	-0.227665	-0.150436	-0.161492	-0.129105	-0.270428	0.279303	0.545726	0.359657	0.425006	0.654458	0.530905	-0.623192	-0.508898	-0.136489	-0.837765	-0.601253	0.961548	0.311811	0.535948	0.157282	-0.274277	-0.412612	-0.875115	-0.883126	-0.349183	0.646663	0.962470	0.130421	0.281932	-0.201910	-0.479587	0.200615	-0.221028	-0.107220	0.022423	-0.281655	-0.590886	0.158113	-0.229415	0.533144	0.389567	0.550594	1.408128	-0.694982	-0.762495	-0.461810	-0.017338	-0.755873	-1.019377	0.046376	-0.555323	-0.889957	-0.912974	-0.168351	-0.710691	-0.810638	-0.195078
-0.439752	0.032963	0.168398	-0.437520	-0.091185	0.754390	0.397288	0.420875	-0.261678	-0.532685	-0.078417	-0.186896	-0.319981	-0.155624	0.308084	0.117945	0.442712	-0.120033	-0.275891	-0.510817	-0.338194	-0.165139	-0.346515	-0.370178	-0.024977	0.606053	-0.678007	-0.413533	0.974693	-0.877927	0.445461	0.683258	-0.107857	-0.572386	-0.202208	0.391998	0.271577	0.440143	-0.546007	-0.015227	0.152408	0.297357	-0.059746	-0.070813	-0.629207	-0.472877	-1.019640	-1.558413	1.246127	0.994871	0.059831	-0.536117	0.306524	0.239677	0.299959	0.478673	-0.043431	-0.227412	0.015997	0.196363	0.160946	0.771680	-0.847325	-1.123966	-0.388462	-0.683919	0.277359	-0.817682	0.691559	0.737202	-0.707801	-0.512785	0.230956	0.772188	0.199555	0.026525	-0.450286	-0.668358	-0.518745	-0.315713	-0.233273	0.185103	0.028308	0.099959	-0.482139	-0.307829	-0.450024	-0.084526	-0.284399	0.195096	0.291063	-0.234809	-0.652336	-0.530440	-0.893273	0.010950	0.921562	0.533796	1.140557	0.255599	0.602567	0.322519	0.581953	1.002149	0.232106	1.229621	0.170505	0.413820	0.752928	0.642400
-0.013217	0.278901	0.278053	-0.184714	-0.043745	0.889445	0.789050	0.771326	-0.161246	-0.206377	-0.165920	0.137625	-0.125683	0.198036	0.338215	0.282570	0.454625	0.279297	-0.439613	-0.357710	-0.003638	0.094196	-0.275559	-0.027349	0.231429	0.555518	-0.462854	-0.036852	0.792314	-0.431493	0.393978	0.948454	0.010019	-0.217597	-0.081371	0.691975	0.227437	0.496067	-0.518248	-0.124447	0.193907	0.321619	0.296056	-0.049069	-0.744887	-0.539319	-1.267145	-1.621115	1.422720	0.967495	0.331651	-0.350309	0.101546	0.219309	0.213990	0.402487	-0.140423	-0.303043	-0.212230	-0.166808	-0.000631	0.555687	-1.087901	-1.377009	-0.174859	-0.470470	0.339652	-0.505914	1.002899	0.266778	-0.793663	-0.729566	0.093805	0.970876	0.472747	0.531236	-0.018961	-0.410639	-0.920896	-0.657228	-0.299426	0.051538	0.056711	0.380735	-0.735939	-0.277222	-0.376919	-0.063882	-0.227167	0.427407	0.220978	-0.069775	-0.966622	-0.801775	-1.325522	-0.756741	1.233975	0.765551	1.455234	0.096501	0.938629	0.957189	0.563022	1.198205	0.552545	1.782599	0.306118	0.677926	1.231683	0.559787
-0.151309	-0.157311	-0.058861	-0.063403	-0.229775	-0.253939	-0.092856	-0.087843	-0.269141	-0.116618	-0.197991	-0.156394	-0.075416	-0.155287	-0.188848	0.094886	-0.471715	-0.052779	-0.317207	-0.327743	0.021158	-0.148689	-0.203901	-0.122451	-0.051679	-0.137403	-0.165384	0.045599	-0.095730	0.190965	-0.182225	-0.085957	-0.105614	-0.030424	0.011183	0.122729	0.011170	-0.005105	-0.123636	-0.070345	-0.188954	-0.248498	-0.074630	-0.106505	-0.236997	-0.219207	-0.021536	0.027800	0.019327	-0.075089	-0.111083	0.109446	-0.330262	-0.010473	-0.159693	-0.127279	-0.134539	-0.105480	-0.153087	-0.187861	-0.114257	-0.136224	0.013999	-0.036276	-0.041892	0.007742	-0.348993	-0.113979	-0.113380	-0.299232	-0.045625	0.143362	-0.272105	-0.003264	-0.047215	-0.120758	-0.099312	-0.074695	-0.315254	0.011596	-0.073739	-0.211385	-0.167173	-0.112315	-0.165301	-0.129086	-0.118438	-0.038151	-0.222421	-0.277520	-0.272657	-0.177684	0.050809	0.021575	-0.213058	-0.186733	0.126700	-0.194072	-0.064616	0.074584	-0.124402	0.109478	0.036272	-0.047738	-0.267907	-0.090789	0.339586	-0.153986	0.037656	-0.201948
