X1	X2	X3	X4	X5	X6	X7	X8	X9	X10	X11	X12	X13	X14	X15	X16	X17	X18	X19	X20	X21	X22	X23	X24	X25	X26	X27	X28	X29	X30	X31	X32	X33	X34	X35	X36	X37	X38	X39	X40	X41	X42	X43	X44	X45	X46	X47	X48	X49	X50	X51	X52	X53	X54	X55	X56	X57	X58	X59	X60	X61	X62	X63	X64	X65	X66	X67	X68	X69	X70	X71	X72	X73	X74	X75	X76	X77	X78	X79	X80	X81	X82	X83	X84	X85	X86	X87	X88	X89	X90	X91	X92	X93	X94	X95	X96	X97	X98	X99	X100	X101	X102	X103	X104	X105	X106	X107	X108	X109	X110
0.022716	-0.200094	-0.099820	-0.177340	0.101886	-0.001447	-0.076552	-0.306182	-0.129797	-0.113042	-0.184059	-0.225298	0.257690	0.261770	-0.279251	0.017823	-0.003643	-0.190943	-0.079090	0.020392	0.053593	-0.039645	-0.138148	-0.137758	-0.159704	-0.240893	0.110031	-0.345009	-0.207948	-0.090693	-0.204808	0.191412	0.224402	0.270894	-0.094644	0.149468	-0.083436	-0.113768	-0.154026	-0.289002	-0.103395	-0.121262	-0.123790	-0.273999	0.045452	-0.016522	-0.055207	-0.126467	0.100998	-0.073761	0.326525	0.252015	0.126706	0.087958	0.117569	0.054715	0.170177	0.020045	0.046900	-0.150232	-0.026707	-0.045078	-0.104797	-0.070371	-0.308174	-0.212106	-0.094850	0.118675	-0.053453	-0.073232	-0.050704	-0.138442	-0.340868	-0.083236	0.235233	-0.292525	-0.042341	-0.094874	-0.000181	-0.116155	-0.078979	-0.239867	0.153401	0.140322	0.143713	-0.097162	-0.149623	0.044993	0.103925	-0.007288	0.068695	0.103480	-0.044817	0.019903	0.086247	0.120205	-0.025673	0.077716	0.249810	0.584875	0.087437	-0.150768	0.070473	-0.082739	-0.019285	0.329712	0.030278	0.052294	0.133688	0.266526
-0.264906	0.298741	-0.288957	-0.355849	-0.472834	0.117123	-0.542538	-0.126989	-0.683491	-0.186818	-0.662584	-0.484657	0.045301	-0.461951	-0.085648	0.091010	0.312814	0.054706	0.078049	-0.169458	-0.314661	-0.100048	0.538101	0.612012	-0.753489	-0.127960	0.065070	-0.044799	-0.275752	-0.771429	-0.057035	-0.145936	-0.146260	-0.830838	0.195464	0.031355	-0.324805	-0.361866	-0.101623	-0.103379	0.037744	0.537479	-0.171113	0.539742	0.007748	0.075599	-0.015504	0.300704	-0.669416	-0.807425	-0.016206	-0.583529	-0.676643	-0.265737	0.629314	1.057760	0.284272	0.348844	0.406266	0.895183	0.645099	0.858540	0.429722	0.611099	-0.705828	0.015254	-0.805728	-0.197859	0.274566	0.162962	0.015476	0.564712	-0.458245	-0.232273	0.140443	-0.361172	0.246728	0.228659	-0.065485	0.456152	-0.371571	0.065945	-0.846884	-0.967862	-1.065328	-0.925204	-1.335676	-0.750850	-0.729304	-1.054330	-0.472373	-0.844957	0.096765	0.295727	-0.246542	-0.258777	0.331932	-0.034064	-0.106762	0.518681	-0.143197	-0.693610	0.195302	0.414594	-0.237279	0.172085	-0.405717	0.214746	-0.097721	0.589157
-0.120726	0.363332	-0.357076	-0.145269	-0.288652	0.168046	-0.221352	0.018352	-0.471253	-0.108258	-0.354521	-0.350102	0.106531	-0.115481	0.213643	0.213277	0.367029	0.215635	0.122622	0.069999	-0.012038	0.033090	0.422737	0.277752	-0.364400	0.106078	0.263964	0.436130	-0.163635	-0.090939	-0.004133	-0.446395	-0.003488	-0.224168	0.102444	0.210792	-0.321115	-0.204211	-0.210933	-0.135528	0.059432	0.201872	-0.132438	0.230972	0.236633	0.099445	0.300299	0.529413	-0.275221	-0.287427	0.055797	-0.448947	-0.231527	0.034361	0.455499	0.640949	0.248745	0.275361	0.405179	0.395421	0.459246	0.532240	0.590685	0.637260	-0.079208	0.040384	-0.489360	-0.071690	0.203290	-0.010299	0.521751	0.709040	-0.385464	-0.318597	0.031689	-0.109219	0.305419	0.216951	0.126490	0.341254	-0.225593	-0.002760	-0.553930	-0.555846	-0.659026	-0.391117	-0.580729	-0.221296	-0.409862	-0.662203	0.038179	-0.378595	0.534600	0.467925	-0.042348	-0.041343	0.130438	0.263936	-0.085652	0.116128	0.169917	-0.342850	0.131733	0.040354	0.063919	0.166591	-0.216217	0.310653	-0.047092	0.538054
0.154681	0.125665	-0.209495	0.229992	0.394554	0.184775	0.324542	-0.042989	0.149947	0.015389	0.229473	-0.112302	0.338741	0.776911	0.704848	0.596638	0.384895	0.292221	0.269995	0.514825	0.906223	0.393186	-0.121722	-0.506708	0.384236	0.097876	0.526845	0.828493	-0.003498	1.227125	-0.463160	-0.766377	0.488593	1.114656	-0.335252	0.312153	-0.499384	-0.095567	-0.511264	-0.457382	0.108194	-0.570606	-0.082049	-0.709386	0.281097	-0.166242	0.583659	0.490158	0.946992	1.077151	0.358294	0.247823	1.006502	0.505091	-0.045632	-0.399149	0.176781	0.038870	0.285602	-0.748159	-0.123443	-0.421466	0.429137	0.154194	1.108204	0.205528	0.568236	0.420020	-0.051604	-0.335076	1.062666	0.348656	-0.164487	-0.267896	0.018322	0.256038	0.162792	-0.050133	0.398381	-0.272361	0.148320	-0.357898	0.616830	0.721194	0.749535	0.789698	1.181937	0.920169	0.668047	0.735762	1.021529	0.906466	0.975571	0.498644	0.391380	0.366891	-0.103874	0.719316	0.235338	-0.413268	0.685848	0.602047	-0.025760	-0.426402	0.594985	0.160667	0.452560	0.425823	0.387457	0.045160
0.027948	0.105898	0.201422	0.373885	0.742736	0.222831	0.083380	-0.291955	0.282669	0.016991	0.100225	-0.148051	0.403593	0.895942	1.136358	1.206212	0.631653	0.301728	0.685182	0.683559	1.664892	0.723754	-0.156381	-0.334461	0.308147	-0.339627	0.517055	0.683870	-0.028270	1.474522	-1.331466	-0.934267	0.711257	1.132850	-0.698766	-0.066099	-1.097829	-0.469502	-0.677382	-0.759169	0.319934	-0.487523	-0.095472	-0.812593	-0.176398	-0.547255	0.358771	0.274064	1.624799	1.773317	0.362101	0.447689	1.485055	0.225146	-0.043016	-0.314958	0.244987	0.158766	0.446359	-0.555262	-0.104874	-0.527461	0.229119	-0.234486	1.486255	0.760862	1.140490	0.685472	-0.003449	-0.241671	0.846046	-0.046861	0.024507	-0.165471	0.126389	0.320675	0.069627	-0.171518	0.385141	-0.614367	0.263433	-0.507643	1.157390	1.083190	1.310869	0.938900	1.572186	1.007532	1.130262	1.520223	1.145885	1.279419	0.833177	0.421361	0.406202	0.193673	0.357004	0.780369	0.513297	-0.578959	0.669609	1.059330	-0.058368	0.255626	0.770443	0.007299	0.844836	0.570584	0.910543	-0.551510
-0.422453	0.435542	0.659001	0.292644	0.417371	0.202306	-0.786115	-0.396942	-0.216091	-0.102186	-0.626489	-0.208020	0.132336	-0.017081	0.864003	1.325979	0.709928	0.116668	0.935636	0.457094	1.498172	0.587584	0.360027	0.794656	-0.433534	-0.683751	0.155451	-0.101068	-0.205295	0.377878	-1.567867	-0.448339	0.384971	-0.143897	-0.643623	-0.548984	-1.361653	-0.710437	-0.283276	-0.538928	0.475077	0.518198	-0.118350	0.246938	-0.509608	-0.390721	-0.317993	-0.058903	1.053920	1.035429	-0.050243	0.038499	0.532282	-0.730556	0.374878	0.818083	0.274457	0.535221	0.637633	0.921346	0.434135	0.321053	0.024514	-0.358225	0.469126	1.103829	0.502942	0.226721	0.237634	0.207877	-0.229507	-0.287693	0.041170	-0.236100	0.073110	-0.016384	0.098337	0.000287	0.115919	-0.328880	0.045846	-0.175966	0.482444	0.179066	0.551482	-0.093371	0.133402	-0.145964	0.426398	0.971531	0.222886	0.273776	-0.017713	0.169951	0.041412	-0.410799	0.970198	0.316538	0.517798	-0.256827	-0.027967	0.513173	0.009372	1.493097	0.513386	-0.156803	0.408426	0.421626	0.879875	-0.803385
-0.619324	0.586817	0.656547	0.152984	-0.250716	-0.023639	-1.135468	-0.177264	-0.635239	-0.266025	-0.865913	0.078717	-0.345260	-0.976152	-0.340810	0.251296	0.004008	-0.391963	0.362448	-0.023337	0.385659	-0.158205	0.458616	1.383976	-0.634468	-0.433658	-0.425296	-1.062671	-0.292102	-0.760997	-0.495588	0.763312	-0.146102	-0.923318	-0.236658	-0.566180	-0.512986	-0.033151	0.539518	0.262432	0.268531	1.119799	-0.101000	1.066543	-0.115354	0.406976	-0.905892	-0.550387	-0.152380	-0.453425	-0.445523	-0.195869	-0.943953	-1.332420	0.227148	1.166556	-0.120324	0.456237	0.215472	1.535079	0.454857	0.725038	-0.355281	-0.514350	-1.116451	0.430074	-0.779568	-0.707631	-0.001696	0.275331	-1.358244	-0.580701	-0.121731	-0.422404	-0.414045	-0.535468	-0.063698	0.098323	0.005130	0.218536	-0.186788	0.302737	-0.447090	-0.654745	-0.254660	-0.837914	-1.267356	-1.096238	-0.606891	-0.120423	-0.722813	-0.847453	-1.007293	-0.430359	-0.091482	-0.508089	0.479496	-0.371562	0.140675	0.107716	-0.872119	-0.448162	-0.124147	1.291810	0.045498	-0.277358	-0.618470	-0.301502	-0.064658	-0.651881
-0.253899	0.121581	0.025590	-0.053084	-0.841723	-0.394212	-0.387303	0.127292	-0.439900	-0.420639	-0.134142	0.445529	-0.782985	-1.184134	-1.551478	-1.416783	-1.128328	-0.922471	-0.879931	-0.630114	-0.926762	-0.983305	-0.340229	0.549883	0.080285	0.114517	-1.012043	-1.340106	-0.176181	-0.969172	1.029370	1.692847	-0.436656	-0.555349	0.164734	-0.351437	0.940446	1.055921	1.064518	1.039235	-0.189955	0.433927	-0.097712	0.445490	0.417492	0.910455	-0.948251	-1.031130	-1.082229	-1.549284	-0.505410	-0.002854	-1.682052	-0.989915	-0.751709	-0.071191	-0.821145	-0.331641	-0.781562	0.158641	-0.398023	-0.147177	-0.781053	-0.713922	-1.928813	-1.008608	-1.417876	-1.230653	-0.824964	-0.327309	-1.657380	-0.918322	-0.251010	-0.259458	-1.023855	-0.876114	-0.639155	-0.202588	0.179320	0.562143	-0.193354	0.436760	-0.573799	-0.485416	-0.206704	-0.406611	-1.078165	-0.831645	-0.965521	-0.748087	-0.957833	-0.981086	-1.387130	-1.226111	0.121924	0.191914	-1.094776	-0.985402	-0.614701	-0.029066	-1.211927	-0.867006	-0.638317	-0.815067	-0.617815	-0.620149	-1.311379	-1.164429	-1.316209	-0.492680
0.336026	-0.627239	-0.622997	-0.296075	-1.118737	-0.602057	0.741811	0.217920	0.101445	-0.482771	0.770526	0.358755	-0.961089	-0.834037	-1.525475	-2.076735	-1.473622	-0.850020	-1.691000	-1.125848	-1.619946	-1.106217	-1.187886	-0.820020	0.739515	0.310367	-1.249107	-0.441785	0.010676	-0.587545	1.574966	1.203025	-0.425305	-0.222291	0.302544	-0.500366	1.681542	1.264132	0.765114	1.099609	-0.489732	-0.805741	-0.155526	-0.919346	0.111092	0.336807	-0.489777	-1.069756	-1.494272	-1.755681	-0.388266	0.018613	-1.391112	-0.218259	-1.464456	-1.474244	-1.105021	-1.129388	-1.435349	-1.678692	-1.184037	-1.344757	-0.845371	-0.564852	-1.409241	-2.005525	-0.715435	-0.769538	-1.276730	-0.834741	-1.017748	-0.884802	-0.062364	0.418607	-1.023466	-0.689241	-1.208501	-0.605153	0.205425	0.590185	-0.020945	0.230991	-0.077847	0.082332	0.051907	0.418366	0.176504	0.049661	-0.617219	-0.806728	-0.719842	-0.489676	-0.944619	-1.566415	0.069085	0.778837	-2.157327	-1.306112	-1.374969	-0.554049	-0.753221	-0.445913	-1.203982	-2.722449	-1.372299	-1.168041	-0.855078	-1.274218	-1.686365	-0.573013
0.536361	-0.946413	-0.603219	-0.360965	-0.881551	-0.428877	1.143024	0.121541	0.372495	-0.355117	0.816147	-0.105205	-0.686081	-0.430020	-0.350322	-1.134020	-0.630552	-0.068550	-1.258881	-1.136940	-1.435678	-0.416079	-1.017281	-1.336592	0.501734	0.031581	-0.821009	0.899271	0.096542	-0.364528	0.889099	-0.292036	-0.241742	-0.636093	0.260007	-0.744513	1.146417	0.357389	-0.110765	0.374475	-0.451198	-1.227611	-0.198131	-1.375834	-0.783879	-0.738945	-0.075860	-0.566828	-1.462168	-1.230260	-0.244812	-0.337927	-0.657646	0.235755	-0.941774	-1.447288	-0.545472	-1.150731	-1.031420	-1.851590	-0.920155	-1.365734	-0.529491	-0.067723	-0.219385	-1.713722	0.620106	0.210385	-0.531001	-0.424086	-0.115866	-0.336606	0.351921	0.898818	-0.187477	0.026436	-1.034065	-0.530390	-0.211028	0.331924	0.117127	0.099003	0.144818	0.135265	-0.282182	0.544937	0.908715	0.422248	-0.166420	-0.724634	-0.440672	-0.237897	-0.212801	-1.031239	-0.504179	0.374068	-1.514704	-1.060853	-1.452474	-0.599737	0.214884	0.205245	-1.128650	-2.335044	-1.584363	-1.197350	0.513309	-0.424320	-0.791460	-0.535044
0.177728	-0.551785	-0.044215	-0.109534	-0.059938	0.002584	0.616515	0.109511	0.201202	0.004430	0.019187	-0.290593	0.051167	-0.053457	0.598831	0.247406	0.301592	0.699710	-0.049000	-0.537484	-0.634433	0.372297	0.079615	-0.713662	-0.158080	-0.223378	0.088891	1.269062	0.071663	-0.362298	-0.019511	-1.059657	0.105754	-0.824054	0.278152	-0.231996	0.023350	-0.499901	-0.812043	-0.477917	-0.192010	-0.426215	-0.056255	-0.417320	-1.005190	-1.062830	-0.210323	-0.018738	-0.769771	-0.218359	0.065747	-0.397955	-0.012839	0.316377	0.309179	-0.228903	0.379328	-0.397409	0.116753	-0.251337	0.193374	-0.034799	-0.322942	0.154157	0.612125	-0.342174	1.207091	0.703839	0.858712	0.623969	0.333473	0.221199	0.483112	0.364386	0.770202	0.764426	-0.004238	0.095780	-0.613496	-0.177209	0.088140	0.289699	-0.170481	-0.151094	-0.743445	0.085698	0.433944	0.128053	0.102234	-0.552970	-0.090740	-0.225573	0.111361	-0.087962	-0.865364	-0.617947	0.243139	-0.155779	-0.573583	0.318768	0.973434	0.325755	-0.111423	-0.104207	-0.648803	-0.189047	1.538194	0.572490	0.355553	0.047688
-0.214136	0.218269	0.427363	0.354327	0.918306	0.375831	-0.005376	0.340383	-0.013727	0.530754	-0.656210	0.155625	0.762078	0.315953	0.498150	0.834403	0.260010	0.800678	0.779733	0.288661	0.374099	0.632141	1.089283	0.297432	-0.211270	-0.003552	0.779877	0.342669	0.064318	-0.118377	-0.322597	-0.319646	0.506420	0.030996	0.339776	0.853953	-0.687096	-0.387846	-0.765036	-0.668313	0.213205	0.762016	0.346283	0.883565	-0.114189	-0.350751	-0.661171	0.160546	0.559568	0.971178	0.403615	0.152012	0.427215	0.325003	1.059477	0.788837	0.848461	0.522839	1.072262	1.375378	1.095947	1.303748	-0.434263	-0.208223	0.782172	1.211555	0.633568	0.314007	1.526412	1.289717	0.226266	0.295195	0.084501	-0.809095	0.949742	0.964531	1.026870	0.713988	-0.390398	-0.631434	-0.006290	0.650173	-0.438952	0.001851	-0.431111	-0.078653	-0.462547	-0.134587	0.345918	0.005304	0.421438	0.054761	-0.055566	0.461733	-0.339125	-1.040405	1.624487	0.934964	0.579124	1.274740	0.996573	-0.104204	1.119797	1.805203	0.972799	1.048800	1.281501	0.929272	0.579772	0.773036
-0.118583	0.777919	0.545287	0.775412	1.228418	0.479636	-0.051265	0.613655	0.061205	0.947386	-0.563132	0.794465	0.724668	0.348890	-0.052991	0.676915	-0.368642	0.402432	0.690442	0.727042	1.098739	0.466577	1.269543	0.932855	0.404147	0.494962	0.685557	-0.660679	0.176495	0.399239	-0.189681	0.709692	0.573068	0.956544	0.191134	1.168231	-0.648063	0.264564	-0.074330	-0.061951	0.677367	1.281662	0.764479	1.298578	0.807117	0.407344	-0.661307	0.136154	1.559253	1.630719	0.165889	0.527643	0.579031	0.221852	0.820028	0.844720	0.553476	0.976844	1.142895	1.570427	1.034600	1.334220	-0.443686	-0.582172	0.589796	1.902796	-0.120691	-0.382933	0.897265	1.030742	-0.068904	0.027422	-0.385225	-1.311656	0.276256	0.538047	1.067342	0.736381	0.224198	-0.567177	-0.021801	0.832120	-0.177850	0.618722	0.454568	0.290376	-0.650741	0.010595	0.594812	0.791005	0.753371	0.489047	-0.203498	0.429097	0.506540	-0.525534	1.758081	1.350601	0.979471	0.939544	0.392976	-0.451622	1.344696	2.042650	1.836219	1.088070	0.184479	0.647368	-0.011068	0.681460
0.200996	0.750755	0.434457	0.854593	0.495620	0.348244	0.119169	0.539741	0.222951	0.862537	-0.101414	0.921561	-0.021237	-0.105014	-0.240678	0.277607	-0.584905	-0.001809	0.185684	0.501876	0.985888	0.226721	0.663685	0.942941	0.735402	0.608490	-0.040270	-0.713818	0.380617	0.497211	-0.132973	0.650401	0.194131	0.653447	-0.096305	0.225142	-0.202650	0.585238	0.552011	0.686983	0.817936	0.869092	0.732076	0.715102	0.633698	0.331402	-0.017781	0.146388	1.163385	1.090769	-0.678079	0.118368	0.263353	-0.102604	0.010786	0.255470	-0.152211	0.644968	0.335971	0.523802	0.192429	0.201737	-0.072934	-0.370687	0.091241	1.163773	-0.165238	-0.602625	-0.310113	0.167915	-0.284831	-0.161170	-0.291232	-0.644584	-0.460019	-0.178002	0.117164	0.116281	0.368645	-0.030530	-0.066636	0.614599	0.401513	0.916426	0.943038	0.582739	0.033805	0.265825	0.643836	1.075603	0.525683	0.528567	-0.030377	0.158002	0.529997	0.119842	0.837858	0.664978	0.454489	-0.388177	-0.383103	-0.337273	0.322606	0.983365	1.029840	-0.145218	-0.639878	0.036225	-0.395723	-0.335277
0.119806	0.261657	0.191049	0.480418	-0.580814	0.177698	-0.137027	0.056860	0.132543	0.260703	0.046319	0.414102	-0.433492	-0.455611	-0.154511	-0.366096	-0.309576	-0.292491	0.011211	-0.034436	-0.062692	-0.081324	-0.207921	0.508891	0.275487	0.091764	-0.692109	-0.269333	0.553814	-0.291740	-0.143176	-0.115846	-0.097615	-0.364738	-0.063006	-0.667910	0.229531	0.515013	0.557028	0.909750	0.319983	0.126773	0.112907	-0.055897	-0.321359	-0.256882	0.512594	0.045727	-0.304083	-0.286101	-1.055848	-0.367153	-0.374694	-0.286126	-0.748213	-0.338013	-0.663033	-0.198755	-0.674202	-0.483931	-0.627154	-0.772791	0.273239	0.132022	-0.747834	-0.385384	0.114188	-0.250634	-1.060407	-0.662244	-0.436694	-0.157792	0.383945	0.194270	-0.552174	-0.746578	-0.791913	-0.619326	-0.235527	0.307026	-0.283109	0.162154	0.797915	0.546864	0.774783	0.435819	0.749976	0.390749	0.487251	0.526349	-0.033716	0.239850	0.141510	-0.169270	-0.344636	0.122293	-0.274302	-0.538736	-0.145252	-0.943820	-0.976041	-0.039255	-0.737623	-0.242388	-0.636709	-1.045779	-0.802442	-0.734831	-0.163850	-1.088722
-0.292819	-0.206703	-0.047910	0.005801	-0.904866	0.072070	-0.575873	-0.368287	-0.085801	-0.288755	-0.052281	-0.159199	0.116086	-0.146730	-0.265757	-1.164207	-0.201491	-0.474520	0.233765	-0.271850	-1.246991	-0.496640	-0.745650	0.014360	-0.319122	-0.425460	-0.724756	-0.227620	0.582542	-1.263775	0.137981	-0.298334	0.081231	-0.615441	0.308658	-0.373146	0.505486	0.527118	0.180209	0.640304	-0.435324	-0.243506	-0.577855	-0.368782	-0.875889	-0.474610	0.299743	-0.260346	-1.392025	-1.227161	-0.220503	-0.009552	-0.784559	0.000002	-1.019180	-0.591214	-0.603641	-0.738693	-1.048438	-0.562144	-0.784877	-0.690095	0.163386	0.243670	-1.274163	-1.289788	-0.055172	0.028654	-0.973462	-0.969733	-0.552223	-0.088283	0.992655	0.208912	-0.178007	-0.817130	-0.822436	-0.841241	-0.892101	0.016671	-0.384293	-0.051979	0.774723	0.123002	0.529797	0.279026	0.750779	0.528491	0.363004	-0.226714	-0.333138	0.216188	-0.081580	-0.575495	-1.047883	-0.296708	-0.694278	-1.174513	-0.141662	-0.021769	-1.125201	0.068157	-0.683802	-0.806638	-1.443145	-0.494148	-0.671071	-1.261806	0.071305	-0.649176
-0.379915	-0.357364	-0.009638	-0.021095	-0.320185	-0.101442	-0.457789	-0.275523	-0.080399	-0.299207	0.094145	-0.273711	0.755867	0.328490	-0.552171	-1.443755	-0.406496	-0.278932	0.317747	-0.048850	-1.501319	-0.648454	-0.600040	-0.236424	-0.340475	-0.276524	-0.205133	-0.489360	0.455384	-1.199922	0.630456	0.272170	0.227259	-0.053228	0.333497	0.357099	0.571758	0.602189	-0.008813	0.322779	-0.717719	-0.151405	-0.696044	-0.306118	-0.605193	-0.182317	-0.294944	-0.454028	-1.294520	-0.983792	0.884445	0.754047	-0.617939	0.325464	-0.692443	-0.548112	-0.130206	-0.449243	-0.562750	0.033335	-0.332038	0.028699	-0.171709	-0.086099	-0.681551	-0.852443	-0.455805	-0.295432	-0.316390	-0.536155	-0.547183	-0.009971	0.925092	-0.170297	-0.054201	-0.298056	-0.266501	-0.389250	-0.906242	-0.505122	0.040326	0.205591	0.414711	0.221969	0.458060	0.532392	0.192437	0.656056	0.330705	-0.411978	-0.211596	0.511371	-0.529165	-0.871720	-0.944129	-0.520308	-0.248696	-0.812922	0.090052	0.909475	-0.668184	0.012694	0.103310	-0.525890	-0.719220	0.523866	-0.373096	-0.914025	-0.210293	0.261442
-0.064740	-0.324963	0.244838	0.414499	0.250116	-0.430414	0.101115	0.192210	0.069650	-0.040427	0.354969	-0.059666	0.402774	0.124244	-0.649790	-0.898776	-0.416929	0.375306	0.052461	0.181982	-0.679317	-0.176433	0.047661	-0.228933	-0.133553	0.174947	0.425594	-0.364857	0.288118	0.009493	0.704274	0.618751	-0.198351	0.061047	-0.241854	0.335891	0.277986	0.300957	-0.090425	0.088725	-0.458348	0.010384	-0.237092	-0.185582	-0.191845	-0.043044	-0.579571	-0.294500	-0.516755	-0.050105	0.829445	0.810193	-0.102685	0.116632	-0.175982	-0.448499	0.215573	0.178296	0.174132	0.532439	0.172931	0.478741	-0.278397	-0.346457	0.596422	0.120200	-0.340172	-0.851171	0.460384	0.409137	-0.382514	0.064720	0.314674	0.102659	-0.382643	0.496746	0.078132	0.317342	-0.448806	-0.656867	0.672357	0.527285	-0.032493	0.497935	0.194557	0.864835	-0.261446	0.423474	0.257867	-0.117842	-0.032277	0.566764	-0.676764	-0.753018	-0.588862	-0.550146	0.372584	-0.083943	-0.123688	0.364705	0.104400	-0.053031	0.472692	0.244641	0.521784	0.393552	0.310053	0.224026	-0.624054	0.302601
-0.059041	-0.277415	0.138368	0.659924	0.146962	-0.598835	0.152733	0.505735	-0.034225	-0.078598	0.112231	0.008234	-0.411250	-0.496343	-0.437487	-0.278022	-0.056492	0.863160	-0.042636	-0.010738	0.301756	0.541378	0.603958	-0.140674	-0.422130	-0.021269	0.832745	0.105469	0.222684	1.110084	0.019811	0.265392	-0.622644	-0.505739	-0.523266	0.063151	-0.348477	-0.290962	-0.636498	-0.220843	-0.302557	0.020514	0.188994	0.015864	-0.251394	-0.418420	-0.481799	-0.011676	0.220870	0.768322	-0.171394	0.162179	0.350717	-0.263890	-0.107801	-0.447868	0.054351	0.226596	0.463560	0.645449	0.280126	0.469514	-0.177057	-0.280964	1.138221	0.560201	0.117033	-0.812957	0.925355	1.154014	-0.100445	0.125223	-0.031174	0.967972	-0.589052	1.064162	0.095588	0.734143	-0.166073	-0.457970	0.600138	0.323651	-0.271847	0.299849	-0.327611	0.704870	-0.363816	-0.166872	0.233032	-0.002799	-0.014208	0.255121	-0.305021	-0.229167	-0.640955	-0.789317	0.517954	0.215177	-0.541951	-0.951237	0.457756	-0.250506	0.290600	0.987278	1.009752	-0.646861	1.115643	1.043284	-0.540817	-0.499120
-0.646597	-0.072956	-0.598124	0.221088	-0.158922	-0.165013	-0.559038	0.496383	-0.357407	-0.310340	-0.555559	-0.100638	-0.295783	-0.512366	-0.100372	-0.357291	0.191785	0.471393	0.444124	-0.452628	0.580563	0.627926	0.636007	-0.072197	-1.023228	-0.888249	0.871136	0.147506	0.264711	1.088744	-0.833101	-0.235428	-0.132490	-0.552646	0.284498	0.765745	-0.815798	-0.484262	-1.490794	-0.457935	-0.553810	0.061104	0.137542	0.425374	-0.491948	-0.864421	-0.290082	0.165287	0.773501	1.266580	-0.660914	-0.193084	0.555798	0.011322	-0.579734	-0.490651	-0.483595	-0.418377	0.252784	0.597236	-0.005108	0.416942	-0.130187	-0.077764	0.423386	0.459968	-0.059636	-0.215473	0.779797	1.076619	0.300235	0.294544	0.387571	1.278411	-0.268598	1.167542	0.298798	0.641201	-0.284051	-0.352282	-0.362195	-0.309032	-0.209219	-0.271754	-0.613176	0.092445	-0.473060	-0.547822	0.473198	-0.288717	0.051858	0.122050	0.324394	0.420398	-0.827105	-1.120047	0.411487	0.102099	-0.312459	-1.202385	0.000874	-0.746610	0.430135	1.429416	0.706840	-0.802746	1.274346	0.656992	-0.109168	-0.895841
-1.016499	0.454256	-1.220826	-0.539234	0.086166	0.756151	-0.969357	0.586602	-0.312504	-0.048864	-0.682588	0.169499	0.659777	0.077671	0.139286	-0.771688	-0.030103	-0.511285	0.970021	-0.605458	0.218627	-0.179289	0.307372	0.048367	-1.020953	-1.222371	0.399125	-0.472302	0.299258	0.351272	-0.875386	-0.365951	0.837262	0.348402	1.435866	1.927004	-0.538137	-0.002672	-1.514739	-0.142066	-0.669871	0.343059	-0.126310	0.849907	-0.268592	-0.844141	0.019719	0.398868	1.062368	1.498759	-0.290263	-0.021951	0.435094	0.775688	-0.930016	-0.442273	-0.980183	-0.961940	-0.061839	0.484542	-0.382026	0.430362	-0.096407	0.067489	-0.502297	0.434796	-0.990629	-0.119726	0.187426	0.378002	0.755874	0.656574	0.931276	0.443445	0.128312	0.950999	0.750056	0.149962	-0.450646	-0.450441	-1.110024	-0.518024	-0.118590	-0.556521	-0.481595	-0.459792	-0.845295	-0.408436	0.750101	-0.549603	0.325317	0.371280	0.813133	0.992404	-0.507382	-0.948755	0.621233	0.186153	0.588956	-0.053278	-0.724237	-1.276594	1.061646	1.553290	0.503216	0.566157	0.542496	-0.433332	-0.082282	-0.422035
-0.317017	1.084599	-0.738464	-0.804923	0.734002	1.440065	-0.086731	1.142461	0.405705	0.847844	0.252715	1.151745	0.767494	0.054909	0.127152	-0.620815	-0.445450	-0.939563	0.624694	-0.270096	-0.177664	-1.048268	0.137975	0.311961	-0.085128	-0.196866	-0.593689	-0.911397	0.302757	-0.092713	0.122772	-0.215177	0.829560	0.895398	1.432816	1.614551	0.437327	0.557776	-0.052472	0.811883	-0.098856	0.775886	0.006151	0.995727	0.435732	-0.424823	0.474908	0.702291	0.722312	1.255366	-0.270719	-0.176870	-0.055531	0.854127	-0.591088	-0.259538	-1.149324	-0.829933	-0.242373	0.168095	-0.550515	0.184059	0.021700	0.057972	-0.587858	0.582151	-1.429322	-1.007781	-0.206922	-0.085248	0.877525	0.818727	0.472378	-0.778835	-0.031176	0.610918	0.763850	-0.500470	-0.294256	-0.419095	-0.558676	0.315202	-0.296063	-0.342069	-0.399447	-0.671865	-1.115561	-0.172267	0.496813	-0.389577	0.563081	0.412067	0.855891	1.273304	0.250571	-0.183095	0.953579	0.644588	1.053120	0.984147	-0.826418	-1.260700	1.074306	1.289299	0.809666	1.849866	-0.362762	-0.979816	-0.721066	-0.071821
1.067907	1.335206	0.686626	-0.261997	0.950633	1.311226	1.475546	1.756785	1.202028	1.480492	1.408204	2.219200	-0.722166	-1.062611	-0.194159	0.117835	-0.660858	-0.261432	-0.560331	0.162889	-0.294886	-1.015839	0.315344	0.631203	1.006079	1.292119	-1.638218	-0.371742	0.356529	-0.006626	1.290010	0.126207	-0.431553	0.050896	0.068661	-0.626045	1.309167	0.613371	1.864266	1.697417	0.813692	1.043265	0.593051	0.798776	0.913396	-0.049272	0.482746	0.470544	-0.215854	0.394840	-1.134688	-0.858443	-0.667009	-0.293896	0.076692	-0.023860	-0.978614	-0.359328	-0.298340	-0.253053	-0.350149	-0.350595	-0.118224	-0.305896	-0.137035	0.477143	-0.424898	-1.749308	-0.021718	0.132017	0.178212	0.126264	-0.976873	-1.315856	-0.583205	0.184001	-0.103239	-1.023579	0.176104	-0.069628	0.868154	1.690188	-0.512157	-0.008058	-0.527285	-0.567761	-0.749767	-0.254026	-0.260157	0.113158	0.456305	-0.149705	0.253121	0.776014	0.752611	0.477587	0.609408	0.848551	0.306762	0.713888	-0.151023	-0.495135	-0.309677	0.494725	1.019114	1.302883	-0.609403	-0.535097	-1.356604	-0.672147
1.857600	0.947792	1.740329	0.618188	0.380003	0.526295	2.024535	1.530623	1.137440	0.925287	1.478383	2.239691	-2.202475	-1.926369	-0.647415	0.596083	-0.705354	0.684554	-1.478358	0.182931	-0.259450	-0.170946	0.428169	0.756451	1.261194	1.554757	-1.948283	0.675966	0.353795	0.094973	1.522729	0.813109	-1.320332	-1.223554	-1.205100	-2.735705	1.283724	0.445456	2.441069	1.661555	1.171505	0.881985	0.887944	0.268505	0.562625	0.072271	-0.565851	-0.728326	-0.912862	-0.686437	-1.493114	-0.802598	-0.915958	-1.705826	0.181421	0.127132	-0.587009	-0.148761	-0.184549	-0.359415	0.176306	-0.648477	-0.854308	-1.080856	-0.083070	0.012309	1.206580	-1.001432	0.280767	0.527262	-1.190983	-1.328741	-1.918941	-0.935870	-0.771238	-0.233236	-1.239557	-1.102220	0.685374	0.340082	1.679151	2.364895	-0.153708	0.273403	-0.156919	-0.064407	0.147549	-0.356636	-0.632805	0.637607	0.073086	-0.705129	-0.874963	-0.774820	0.640473	0.464217	-0.474838	0.181046	-0.915888	-0.294334	0.585451	0.482702	-2.079334	-0.618639	0.446147	-0.676356	-0.126246	0.224376	-1.201187	-1.559052
1.338022	0.169985	1.486239	1.170485	-0.452113	-0.301776	0.803870	0.247574	0.034266	-0.512988	0.225005	0.873177	-1.684400	-1.058845	-0.836805	0.408818	-0.725950	0.731229	-1.241425	-0.254151	-0.192498	0.559661	0.071084	0.540116	0.536210	0.222158	-1.184427	1.012081	-0.021954	-0.050410	0.601945	1.578664	-0.438768	-1.219400	-1.063393	-2.575282	0.394622	0.667235	1.121781	0.666443	0.606961	0.329908	0.288067	-0.531721	-0.348306	0.138867	-2.049464	-2.089932	-0.607971	-1.298536	-0.081033	0.838605	-0.659309	-2.057257	-0.500097	0.124059	-0.084852	-0.172337	0.185764	0.068812	0.724805	-0.329136	-1.670288	-1.729436	-0.556807	-0.408260	1.793148	0.810898	0.073065	0.475628	-2.221013	-2.322234	-1.140101	-0.087008	-0.276794	-0.316624	-1.529644	-0.533267	0.965772	0.502702	1.075282	1.630802	0.855730	0.739818	1.154760	0.876669	0.804460	-0.052737	-0.034671	0.908769	-0.259636	-0.477563	-1.833550	-2.539161	0.278841	0.090344	-1.181489	-0.988380	-1.242171	-0.731129	0.725118	0.885789	-2.388555	-1.297700	-0.590552	-2.125187	0.502845	0.588837	-0.299168	-1.509649
-0.011112	-0.457814	0.325914	1.107624	-0.933325	-0.781344	-1.108281	-1.105633	-1.280711	-1.566105	-1.322433	-0.904878	0.463709	0.913483	-0.546260	0.034629	-0.582460	-0.132296	-0.192668	-0.708237	-0.039832	0.613014	-0.499178	0.122255	-0.473210	-1.286427	0.100453	0.284717	-0.782147	-0.186506	-0.655060	1.589226	1.322050	0.158053	0.154517	-0.461445	-0.583429	1.109308	-0.865620	-0.462304	-0.368273	-0.252757	-0.725154	-1.132679	-0.922888	0.385999	-2.408418	-2.179383	0.342470	-1.083001	1.885602	2.586081	-0.306345	-1.146817	-1.159558	0.043694	0.374178	-0.004290	0.588982	0.685791	0.847557	0.251244	-1.546791	-1.486182	-0.888945	-0.505771	0.813903	1.838201	-0.411067	0.148511	-1.986128	-1.739639	0.653053	0.749716	0.364718	0.056847	-0.645134	0.491327	0.861206	0.437774	-0.311031	0.003753	1.560729	1.238712	2.334203	1.669632	0.628682	0.327865	0.775750	0.690119	-0.394576	0.205565	-1.779798	-2.911706	0.107519	-0.011029	-0.630634	-1.533058	-0.437778	-0.333226	0.314122	0.457317	-0.808570	-0.922524	-1.058984	-1.902308	0.661390	0.538216	0.559329	-0.425840
-1.298819	-0.618114	-0.756931	0.515267	-1.089656	-0.970638	-2.136972	-1.458980	-1.890555	-1.512070	-2.053466	-1.847782	1.839901	1.780002	-0.056466	-0.151693	-0.172889	-0.874822	0.608915	-0.763442	0.172020	0.233089	-0.698111	-0.216457	-1.082714	-1.577955	0.979044	-0.592829	-1.350581	-0.213986	-1.325152	0.462632	1.800079	1.236197	0.951284	1.361217	-1.042217	0.885310	-1.951649	-0.978574	-1.016394	-0.516922	-1.148608	-0.934201	-0.731947	0.605815	-1.097643	-0.781634	0.817049	-0.331553	1.938048	2.046531	-0.232792	0.103711	-0.987403	0.019743	0.520903	0.315031	0.511014	0.863075	0.346020	0.424380	-0.338128	-0.362979	-0.720562	-0.465092	-0.696282	1.040255	-0.454959	0.048326	-0.736924	-0.057449	1.645170	1.079573	0.407094	0.291677	0.480855	1.257665	0.330803	0.277758	-1.377317	-1.380778	0.912589	0.985291	1.746780	1.373925	-0.109068	0.117609	0.543465	-0.093412	-0.453491	0.290397	-0.676041	-1.372769	-0.033904	0.093542	0.456083	-0.894605	0.326180	-0.032855	-0.261803	-0.340746	1.066816	0.116827	-0.588224	-0.740019	0.122597	0.264599	0.758832	0.613590
-2.022769	-0.450474	-1.270932	-0.318636	-1.196532	-0.969294	-1.891035	-0.997631	-1.636686	-0.865984	-1.753583	-1.745085	1.086367	0.569516	0.233056	-0.350119	0.207905	-0.792886	0.674196	-0.388101	0.290280	-0.167130	-0.442516	-0.287834	-1.148936	-0.862624	1.042687	-0.743065	-1.141526	-0.436523	-1.278532	-1.037535	0.395878	0.731273	0.435836	1.322025	-1.119842	-0.306347	-1.698601	-0.920653	-0.985788	-0.465717	-0.773589	-0.113652	-0.348310	0.275005	0.554922	0.700038	0.287431	0.266764	-0.184760	-0.758403	-0.254917	0.755773	-0.137533	0.135450	0.231114	0.309740	-0.166471	0.363670	-0.380589	0.089108	0.903953	0.723880	-0.351581	-0.468357	-1.511696	-0.655124	-0.083771	0.024592	0.389093	1.142082	1.096708	0.406374	-0.213781	-0.400548	0.700690	1.018817	-0.445019	0.012168	-1.631335	-1.783983	-0.756761	-0.284031	-0.465281	-0.058041	-0.580665	-0.500645	-0.664083	-0.977551	-0.470661	-0.379750	0.543521	0.609633	-0.566673	-0.201822	0.674033	0.208826	0.099878	-0.458468	-0.772467	-0.813348	1.483665	0.732933	-0.005546	0.042365	-0.787947	-0.274645	0.483271	0.791368
-1.942122	-0.181729	-1.175958	-0.891989	-1.011418	-0.562521	-1.070744	-0.694163	-0.921965	-0.374421	-0.917956	-1.281982	-0.402731	-1.099927	0.435723	-0.460779	0.316516	-0.153567	0.518860	0.231218	0.345654	-0.436366	-0.114379	-0.027815	-0.792692	-0.226693	0.644124	-0.304334	-0.290883	-0.872164	-0.998273	-1.791560	-1.112428	-0.625992	-0.711225	0.034367	-1.206032	-1.490969	-0.722644	-0.732548	-0.310583	-0.298184	-0.249434	0.422786	-0.387379	-0.575619	1.096380	1.114876	-0.540767	0.311585	-1.883549	-2.920996	0.045965	0.642212	0.685878	0.457605	-0.098473	0.011114	-0.697317	-0.273754	-0.569429	-0.161232	1.312743	1.099082	-0.006123	-0.270422	-1.289170	-1.527259	0.028211	-0.411194	0.783864	1.188932	-0.045230	-1.063981	-0.710944	-1.687580	0.099960	-0.088265	-0.958967	-0.265477	-1.181422	-1.198711	-1.781723	-1.448580	-2.048439	-1.306646	-0.317789	-0.524508	-1.322008	-1.074358	-0.187536	-0.687995	1.073005	1.324512	-1.235156	-0.858788	0.026198	0.757542	-0.518498	-0.922120	-0.984553	-0.583343	0.493604	0.528530	-0.103999	0.227506	-1.323565	-0.885648	0.366396	0.420567
-0.903589	0.243421	-0.455184	-0.708560	-0.062729	0.401578	-0.243854	-0.721014	-0.068917	0.009513	-0.029875	-0.841463	-0.503183	-1.121711	0.944597	0.175372	0.426768	0.468373	0.796878	0.946725	0.552007	-0.443537	0.196624	0.499605	-0.074673	0.035945	0.320134	0.142877	0.507254	-0.887782	-0.702154	-1.510236	-0.925282	-1.035768	-1.136892	-0.768078	-1.182766	-1.496589	0.278977	-0.517917	0.688083	-0.025768	0.021409	0.278480	-0.423773	-0.999407	0.796521	0.938562	-0.607650	0.135093	-1.117785	-2.194434	0.634682	0.273447	1.154594	0.968881	0.133133	0.085841	-0.239070	-0.234884	0.075218	0.135192	1.201714	1.048486	0.500704	0.377370	-0.425940	-0.910385	-0.159354	-0.990425	0.914162	0.957476	-0.650083	-2.142593	-0.322437	-2.035694	-0.116642	-0.932774	-0.693061	-0.233377	-0.274068	-0.089888	-1.077788	-1.177814	-1.315123	-1.092598	0.337826	0.420321	-0.461787	-0.036213	0.558542	0.135768	1.093694	0.918344	-1.105962	-0.943204	-0.072034	0.721548	-0.249940	-0.385555	-0.547604	0.203298	-0.417574	0.265059	-0.394725	0.616954	-0.972289	-0.885723	0.631398	0.258850
0.640392	0.831493	0.603679	0.109999	1.251511	1.366280	0.504889	-0.314261	0.742467	0.592511	0.734395	-0.161097	0.656448	0.286635	1.497452	1.405493	0.790937	0.839228	1.307215	1.520359	0.799252	-0.083262	0.685175	0.986416	0.737657	0.457479	0.171016	0.422093	0.810463	-0.048618	-0.111994	-0.748591	0.383826	0.001931	-0.527582	-0.411918	-0.620000	-0.462864	0.992200	-0.050599	1.351327	0.409889	0.203423	0.017459	0.273165	-0.319421	0.798897	1.051482	0.127233	0.252601	0.853404	0.151984	0.946353	0.170513	1.276450	1.311267	0.781925	0.662164	0.829388	0.500324	0.855319	0.620820	1.182818	1.022168	1.104517	1.053452	0.393736	0.300584	0.021504	-0.913258	1.201967	1.152512	-0.659701	-1.807016	0.584325	-0.657383	0.560296	-0.700935	0.187727	0.130374	0.740327	0.864058	0.446044	0.195454	0.599743	0.180325	0.715860	1.356194	0.909313	1.246011	1.300189	1.250686	1.100560	0.704905	0.082905	-0.012168	0.847533	0.712210	0.883261	0.818628	0.382957	0.983767	-0.392627	0.541679	0.074658	1.440272	-0.166233	-0.059671	0.782738	0.405862
1.514676	1.088511	1.182447	0.706995	1.649877	1.367578	0.964883	0.658599	1.183887	0.962898	1.311265	0.745517	0.965995	0.953549	1.179163	1.688718	0.956908	0.881803	1.186839	1.490621	0.521605	0.266035	0.996533	0.988002	0.974375	1.036532	-0.069537	0.572290	0.748097	0.989195	0.798911	-0.041325	0.693878	0.939404	0.033968	0.060786	0.402937	0.370288	1.319387	0.632656	1.041448	0.701457	0.260166	0.060699	1.158514	0.630264	1.105087	1.073540	0.498284	0.375473	1.368356	1.213746	0.537513	0.222283	0.845878	0.920879	0.848008	0.819437	1.030213	0.884491	0.742241	0.532740	1.060351	0.793527	1.165941	0.934325	0.501937	0.750600	0.523117	-0.259966	1.103998	1.066928	-0.579935	-0.407356	0.705124	1.022284	0.968940	-0.029981	0.725019	0.295550	1.377074	1.078445	1.035019	0.955111	1.211497	0.916162	0.559941	1.187286	1.089041	1.447406	1.177085	1.276209	0.894304	0.866243	1.092893	0.922514	1.262352	0.634491	1.340444	1.087419	0.804065	1.138580	-0.152367	0.698341	0.921689	1.663548	0.062449	0.583677	0.271685	0.281271
1.032923	0.516456	0.786123	0.440611	0.578395	0.279304	0.766849	1.096326	0.978186	0.462663	1.578602	1.136481	-0.466158	-0.117815	-0.185736	0.114847	0.360330	0.435926	0.115381	0.639619	-0.506097	-0.050069	0.329004	0.391100	0.248728	0.977744	-0.450216	0.406761	0.563618	1.078627	1.354346	0.454293	-0.668183	0.269298	-0.358948	-0.444343	1.211336	0.373067	1.278404	1.092561	-0.082182	0.378194	-0.169726	-0.033940	0.839976	0.474529	0.758475	0.143804	-0.430149	-0.352001	0.130629	0.393707	-0.335307	-0.169124	-0.237801	-0.208682	-0.140971	-0.057916	-0.299296	0.057853	-0.331113	-0.271646	0.414610	0.076465	0.346234	-0.139048	-0.165594	0.096677	0.302730	-0.138683	0.035399	-0.068021	-0.479762	0.829736	-0.504748	0.948961	-0.089153	-0.129731	0.226270	-0.043551	1.421585	0.554984	0.378324	0.334164	0.054378	0.440313	0.171047	0.205276	-0.046608	0.388543	-0.003074	0.220451	0.043989	0.336354	0.569542	0.663997	-0.088591	-0.228637	0.234268	-0.252092	-0.032575	0.539265	-0.661997	-0.172660	0.675544	0.468691	-0.570361	-0.037364	-0.674838	-0.371376
0.024455	-0.450641	0.063897	-0.232327	-0.782409	-0.752705	0.077970	0.233495	0.352472	-0.565690	1.385313	0.510206	-1.798791	-1.246750	-1.270869	-1.731819	-0.534546	-0.376759	-1.013737	-0.427046	-1.471502	-0.883400	-1.159082	-0.342960	-0.766137	0.054770	-0.579553	-0.086257	0.237753	0.046409	0.919561	0.593058	-1.851199	-1.180256	-1.097000	-1.376776	1.300848	0.217263	1.002108	0.977478	-0.975839	-0.409774	-0.896379	-0.647323	-0.672272	-0.563578	-0.236176	-1.199497	-1.906737	-1.782042	-0.624080	-0.237021	-0.892673	-1.042568	-1.242911	-1.136811	-1.105642	-1.043721	-1.757026	-1.299261	-1.210338	-1.033709	-0.310916	-0.596317	-0.609315	-1.259548	-0.697280	-0.621536	-0.916692	-0.991558	-1.285688	-1.392086	-0.100043	1.184131	-1.769473	-0.711032	-1.777661	-0.954823	-0.695330	-0.356541	1.136273	-0.068480	-0.133841	-0.438718	-0.785696	-0.211186	-0.012764	-0.300921	-0.934891	-0.681231	-1.183672	-0.540961	-0.953826	-1.017351	-0.901903	-0.319558	-1.942489	-1.599648	-1.138182	-1.636862	-1.273451	-0.175025	-1.514187	-1.576967	-0.877260	-1.163461	-1.062679	-1.304174	-1.138981	-0.883821
-0.176063	-0.704466	-0.000352	-0.325094	-0.943675	-0.680948	-0.419338	-1.042063	-0.172878	-0.971098	0.620808	-0.512075	-0.948394	-0.405312	-0.681783	-1.446086	-0.535473	-0.899269	-1.007045	-0.694130	-1.231553	-1.020426	-1.911999	-0.638786	-0.925390	-0.733684	-0.150567	-0.268784	-0.255379	-0.972781	-0.161469	0.157036	-0.918042	-1.128109	-0.968294	-1.298579	0.736829	0.519392	0.507443	0.342776	-0.827085	-0.844372	-1.077414	-1.192253	-1.480528	-0.756946	-0.652260	-1.381937	-2.059374	-2.257551	0.397308	0.584578	-0.585239	-1.330463	-1.096335	-0.866580	-0.626068	-0.738046	-1.368034	-1.555856	-0.826068	-0.957934	-0.309730	-0.482729	-0.627136	-1.363257	-0.130560	-0.170327	-1.682434	-1.657942	-1.399716	-1.356919	0.416210	0.775742	-1.358777	-1.605298	-1.984232	-1.156957	-0.716919	-0.048936	0.736242	-0.282307	0.476393	-0.005160	0.229861	0.058219	0.219151	0.214295	-0.473264	-0.617656	-1.057646	-0.198022	-0.986943	-1.697401	-1.207037	-0.389596	-1.949229	-1.883946	-0.929209	-1.112340	-1.125803	-0.127825	-1.370528	-2.018430	-1.864284	-1.429068	-0.460904	-1.316934	-0.457559	-0.404124
0.428280	0.072628	0.455903	0.323193	-0.149801	0.006800	-0.471413	-1.314225	-0.457586	-0.369274	-0.630283	-0.911135	1.394842	1.858533	1.122992	0.897452	0.646658	-0.533852	0.100586	0.054277	0.206296	0.312203	-0.814801	-0.468391	-0.106325	-0.482691	0.534455	0.466908	-0.619247	-0.795777	-0.853196	-0.637472	1.436719	0.941337	-0.011381	-0.057018	-0.194159	0.659031	-0.380367	-0.541473	-0.065084	-0.531354	-0.414610	-0.898109	-0.298491	0.566409	0.066864	-0.041285	-0.186719	-0.590446	1.727919	1.430495	0.366882	-0.114233	0.192360	0.381545	1.011383	0.710141	0.817678	-0.232973	0.497442	-0.126457	0.288051	0.199762	0.304501	-0.346397	1.147945	1.339305	-0.623981	-0.879860	0.021444	0.036467	0.530197	-0.025631	0.676791	-0.355387	-0.122654	0.002184	0.507390	0.538802	0.031179	-0.303817	1.369936	1.076078	1.839515	0.767965	0.757694	0.895732	0.598943	0.240796	0.325441	0.452600	0.106494	-0.691747	0.510939	0.898781	0.017373	-0.273933	0.561999	0.880511	0.856186	0.791438	0.121255	-1.028542	-0.763960	-0.181196	0.693294	0.629844	1.053641	0.869747
0.594587	0.798278	0.374953	0.814044	0.049880	-0.014636	-0.527287	-0.551249	-0.753138	0.296427	-1.809075	-0.596649	2.539478	3.014812	2.176191	2.637522	1.799993	0.498091	0.924113	0.860150	1.467549	2.049463	1.059223	-0.340902	0.550486	0.301679	0.854583	1.615369	-0.495517	0.541359	-0.609715	-1.003192	2.611983	2.724235	0.541265	0.907700	-1.190269	-0.223952	-1.509656	-1.376750	0.207074	-0.173111	0.294227	-0.051761	1.627764	1.823211	0.879814	1.338091	2.081617	1.950369	1.495760	0.621288	1.191486	1.691832	1.288694	1.246381	1.941963	1.641000	2.527782	1.176072	1.402219	0.646069	0.561925	0.562394	1.113660	0.870328	1.669116	2.392294	1.404001	0.832044	1.659773	1.190669	0.010855	-0.747572	2.413453	1.571598	1.950788	1.518479	1.808392	0.615263	-0.974171	-0.562440	1.152819	1.128226	1.795084	0.629844	1.186958	0.728489	0.860844	0.659963	1.489023	0.281011	1.156605	0.929074	2.482222	2.015117	1.502870	1.682147	1.139733	1.769833	2.886959	1.636113	1.614788	0.176814	1.241745	0.728320	1.032913	2.849030	2.308486	1.639046
-0.198699	0.352366	-0.565174	0.388240	-0.813942	-0.910377	-0.783248	0.077389	-1.007629	0.114308	-1.978064	-0.347856	1.255787	1.774218	1.296896	1.932089	1.658383	1.318342	0.388693	0.747013	1.368288	2.263834	1.566705	-0.592164	0.211418	0.463902	0.589004	1.878998	0.018625	1.897334	0.083715	-0.405576	1.330871	1.979428	0.164070	0.635798	-1.723897	-1.595397	-2.034177	-1.758133	-0.287999	-0.583182	0.307090	0.358971	2.110699	1.302524	0.669993	1.393272	2.554047	2.805081	0.113985	-1.035894	1.285870	2.003264	1.065579	0.755213	1.067757	1.018348	1.945482	1.005818	1.069162	0.754780	0.179985	0.369111	1.011461	1.257503	0.735296	1.743354	2.144163	1.710674	2.103200	1.074667	-0.778988	-0.736230	2.232209	1.899768	2.175668	1.836009	1.868467	0.155068	-1.554067	-0.875765	-0.158854	-0.243794	-0.008102	-0.506855	1.004719	-0.153823	0.103622	0.174205	1.280812	-0.548542	1.184920	1.463095	2.460589	1.472029	0.664059	1.753221	-0.237118	0.113022	2.872730	1.384236	1.603364	0.358318	1.641511	-0.031676	0.283955	3.108689	2.270950	0.925403
-0.883372	-0.831207	-1.387592	-0.627923	-1.366418	-1.311651	-0.604742	0.051101	-0.701217	-0.521215	-0.676930	-0.509210	-0.880866	-0.505773	-0.593380	-0.063191	0.427494	1.287290	-0.905696	-0.088252	0.280928	0.569486	0.230558	-0.866504	-0.459895	-0.080207	0.076989	0.813081	0.406586	2.214778	0.375313	0.610523	-0.903370	-0.544269	-0.172755	-0.047070	-1.239433	-1.957910	-1.160047	-1.292570	-0.616522	-1.318627	0.014523	0.063941	0.847619	-0.477014	-0.147906	0.551158	1.096600	1.247755	-0.665421	-1.473203	0.696605	0.302077	-0.077196	-0.521202	-0.566641	-0.334735	-0.155048	-0.454226	0.060124	0.380316	-0.188731	0.287366	0.331134	0.610127	-0.695278	-0.082051	0.777396	0.900929	1.366914	0.348691	-1.323859	0.166252	0.450868	0.515079	0.613483	0.652734	0.714470	-0.121617	-1.009642	-0.678644	-1.268582	-1.663957	-1.565871	-1.442826	0.163399	-0.820871	-0.633077	-0.462802	0.174055	-0.940323	0.635414	0.859745	0.536300	-0.219848	-1.451992	-0.088265	-1.944410	-2.482144	0.788338	0.145216	0.198599	-0.251909	-0.054575	-1.429302	-0.377808	1.168405	0.720999	-0.700082
-0.323006	-1.207732	-1.225222	-1.318347	-0.430989	-0.228421	0.559991	0.113705	0.346322	-0.532966	1.270680	-0.474368	-1.831929	-1.833542	-1.590473	-1.007143	-0.639439	0.529519	-1.469307	-0.670553	-0.448557	-1.221152	-1.143096	-0.501179	-0.243972	-0.226537	-0.280132	-0.392412	0.341000	1.477230	-0.016041	0.844410	-1.859816	-2.196239	0.457428	0.069477	0.097869	-0.875731	0.691028	-0.092937	0.075894	-1.058577	0.249003	-0.186465	-0.486397	-1.570980	-0.280872	0.167800	-0.334205	-0.758592	-0.505289	-0.501479	-0.064472	-1.339834	-0.792732	-1.114385	-1.188150	-0.974328	-1.490695	-1.387915	-0.493130	0.109847	0.056793	0.762763	-0.121002	-0.297425	-1.265563	-1.316337	-1.100524	-0.666547	0.581941	0.098211	-1.360737	1.046291	-1.329926	-0.681490	-0.967088	-0.888026	-0.462162	0.109314	0.239917	0.014458	-1.410976	-1.920137	-1.604423	-1.341120	-0.656769	-0.830656	-0.664896	-0.504354	-0.569319	-0.541621	0.575125	0.502473	-1.153764	-1.301660	-2.487021	-1.597119	-1.902843	-3.321413	-1.417063	-0.914577	-1.107536	-0.632670	-1.714898	-1.549697	-0.010477	-1.136023	-1.463687	-1.642372
1.023022	-0.116217	-0.564586	-1.301982	1.158392	1.459691	2.080436	0.874202	1.386446	0.296418	2.272000	0.255501	-1.544450	-1.887939	-0.843504	-0.340875	-0.846143	-0.366539	-0.833023	-0.593053	-0.187656	-1.193664	-0.851583	0.570735	0.883945	0.687108	-0.403359	-0.272557	0.017884	0.529794	-0.629126	-0.219459	-1.204037	-1.853509	1.455352	0.716838	1.231596	0.371039	2.009059	1.039789	1.347543	0.566655	0.951204	0.208144	-0.694626	-1.207545	0.598364	0.619837	-0.272744	-1.136917	-0.702096	-0.004707	-0.552430	-0.827035	-0.391537	-0.341515	-0.473258	-0.622176	-0.985834	-0.822887	-0.221049	0.190810	0.647315	1.329502	-0.100357	-0.497388	-0.771067	-0.946637	-1.616727	-1.585088	0.517430	0.356003	-0.842917	0.874291	-1.953102	-0.492264	-1.276569	-1.535644	-0.742177	0.358942	0.965427	0.421863	-1.163435	-1.390367	-0.992497	-0.757345	-0.713128	-0.597266	-0.516100	-0.246461	-0.557804	-0.203581	1.129320	1.056742	-1.192553	-0.976711	-1.721535	-1.109046	-0.336638	-1.748345	-2.078151	-0.929253	-1.207856	-0.510410	-1.496307	-0.256077	0.834950	-2.067832	-2.804479	-0.985168
1.644514	1.329614	-0.470037	-1.000971	1.623710	2.073752	2.595064	1.700747	1.395728	1.039727	1.565913	1.093389	-1.281773	-1.624460	0.657469	0.487273	-0.607304	-0.919002	-0.014118	-0.359980	0.365871	0.438762	0.539186	1.527903	1.625516	1.870060	-0.402823	1.024162	-0.234176	0.059169	-0.869457	-1.775769	-0.391776	-0.889300	1.496632	0.673119	1.198365	0.463628	1.762180	1.276985	1.943364	2.222813	1.210907	0.859509	-0.388841	-0.448096	1.450609	1.021481	0.557648	-0.167114	-1.757606	-1.007509	-0.676488	1.123612	0.541968	0.966595	0.355633	-0.106122	0.301669	0.274427	0.254748	0.351056	0.988832	1.326501	-0.038784	0.129436	-0.072682	0.216014	-0.885569	-1.481409	0.835723	0.418666	0.065100	-0.093404	-1.525270	0.150847	-0.658755	-1.107612	-0.383576	0.121882	0.571515	-0.049563	-1.297854	-1.112872	-1.042411	-0.627738	-0.175867	-0.565034	-0.947713	-0.446652	-0.446227	-0.625194	1.421254	1.657816	-0.322787	-0.115936	-0.483250	0.586796	0.768579	0.522363	-1.391116	-0.324715	-0.380882	-0.461490	-0.079489	0.753439	0.929608	-1.585956	-2.390970	0.624319
0.907881	1.640072	-0.944588	-0.857760	0.600086	1.251409	1.548585	1.555753	0.268318	0.903353	0.060971	1.030957	-1.370810	-1.369941	1.181458	0.300262	-0.460857	-0.967256	-0.000581	-0.347395	0.265217	1.730781	1.098646	1.492062	0.978727	2.075854	-0.298421	1.863352	-0.416079	-0.070743	-0.632536	-2.560778	-0.467649	-0.748017	0.375857	-0.221011	0.158874	-0.321281	0.516450	0.610688	1.309886	2.368409	0.519916	0.992500	-0.584149	-0.354560	1.367222	0.705448	0.562452	0.287529	-2.250632	-2.071210	-0.573068	1.899855	1.050075	1.511543	0.362281	0.096204	0.806024	0.479213	0.306994	0.314629	1.050041	0.861770	-0.321427	0.749835	0.107140	0.680352	-0.478073	-1.004301	0.817359	0.096573	0.787879	-0.705683	-0.880349	-0.265646	-0.233387	-0.412801	-0.284519	-0.463033	-0.252657	-0.981555	-1.526651	-1.175862	-1.555248	-0.911049	0.033019	-0.570417	-1.689827	-1.076273	-0.667879	-1.234815	0.984532	1.430573	-0.011857	0.108354	-0.035135	1.611793	0.534620	1.707119	-0.668499	-0.167539	0.399356	-0.752718	0.673659	0.454784	-0.055009	-0.750010	-0.739482	1.834280
-0.222769	0.753255	-0.850315	-0.694232	-0.504936	0.217276	-0.140726	0.435078	-0.942930	0.256568	-0.700599	0.027228	-0.869012	-0.469260	0.162626	-0.341606	-0.203853	-0.540944	-0.429345	-0.090865	-0.420636	1.387016	0.173745	0.570833	-0.527792	1.182808	-0.014974	1.218073	-0.656566	-0.377363	-0.302638	-2.153918	-0.914296	-0.972008	-0.743768	-0.690324	-0.822448	-0.699696	-0.302578	-0.186840	0.205668	1.087292	-0.549299	0.503815	-1.005671	-0.579124	0.821677	0.237334	-0.472801	-0.583376	-0.838130	-1.335649	-0.372924	0.485980	0.921097	1.032439	0.046783	0.437463	0.281865	-0.223809	0.116611	0.242386	1.302786	0.676413	-0.709818	0.678679	-0.181099	0.158593	-1.099795	-0.807981	0.442064	-0.016067	0.604355	-0.574241	-0.598953	-1.654428	-0.445544	-0.239678	-0.811361	-0.896612	-0.459660	-1.369359	-0.954782	-0.816017	-1.356934	-0.841388	-0.453606	-0.224415	-1.686416	-1.239531	-0.777192	-0.931888	0.502113	0.861141	-0.496877	-0.387261	-0.135862	1.356087	0.208903	1.581202	-0.593085	-0.685360	0.599070	-0.871572	0.311386	-0.140011	-1.257612	-0.233353	0.695150	2.027921
-0.478491	-0.112823	0.418126	-0.119020	-0.431789	0.033323	-1.063621	-0.650078	-1.076275	0.053629	-0.234069	-0.905402	0.595273	1.187699	-1.062667	-0.198118	0.604705	0.209741	-0.225641	0.921704	-0.733246	0.115355	-0.796057	-0.226451	-1.436548	0.249778	0.423070	-0.105961	-0.737222	-0.902083	-0.216143	-1.208539	-0.765845	-0.354234	-0.889828	0.104951	-0.949262	-0.219055	-0.045849	-0.471611	-0.253730	-0.124933	-1.011455	0.042787	-0.623894	-0.207161	0.965247	0.574099	-1.300972	-1.621184	1.542189	0.785755	-0.143997	-1.267245	0.728131	0.435375	0.397840	1.303447	-0.252848	-0.618105	0.279939	0.466770	1.920548	1.182061	-0.575602	0.256922	-0.497047	-0.216970	-1.716741	-0.932017	0.360384	0.531667	-0.462796	-0.371612	-0.579384	-2.400810	-0.716517	-0.524255	-1.394413	-0.883127	0.153402	-0.802628	0.460453	0.134144	-0.198241	-0.213498	-0.834175	0.423398	-0.514426	-0.387661	-0.295322	0.349803	0.781979	0.981103	-0.829946	-0.765528	0.101348	0.722881	1.034605	0.937056	-0.706967	-0.926988	0.382250	-0.371089	-0.063455	0.304457	-1.700382	0.068423	0.943049	1.663057
0.177294	-0.211328	1.851769	0.661470	0.471111	0.344563	-0.748024	-0.987375	-0.032013	0.515320	0.578279	-1.020139	1.809197	2.356148	-0.776474	0.799876	1.656910	0.899815	0.806894	2.127620	-0.070130	-0.508182	-0.285430	-0.182016	-0.938436	0.092167	0.838529	-0.788054	-0.241423	-1.169676	-0.246644	-0.519355	-0.078297	0.892803	-0.461865	1.198845	-0.407562	0.189493	0.628525	-0.382224	0.149991	-0.262947	-0.546679	0.095916	0.613581	0.712196	1.946976	1.577174	-1.089880	-1.424329	2.535459	2.037262	0.036882	-1.202113	0.945730	0.479572	1.350500	2.103611	0.007841	-0.009122	0.818172	0.887411	2.371754	1.914339	0.308149	0.214909	-0.576667	0.420226	-1.136693	-1.016120	0.831249	1.299243	-1.318230	-0.448641	-0.402774	-1.475929	-0.364019	-0.561666	-1.276477	-0.470829	0.884081	0.043964	1.553846	0.775051	0.815907	0.274037	-0.257973	0.920304	0.918454	0.850873	0.364491	1.392641	1.454701	1.683497	-0.388141	-0.397027	0.705071	0.489827	2.223772	0.482975	-0.414853	-0.054480	0.112747	0.341250	0.209216	1.304899	-1.225219	0.316020	0.322983	1.358933
0.653514	-0.145213	1.942184	0.925346	0.968727	0.139574	0.028558	-0.902709	1.199176	0.887178	0.774391	-0.650167	1.426847	1.826968	0.914764	1.428800	2.015417	1.004113	1.653018	2.263707	1.058552	0.050702	1.262233	0.317849	0.400576	0.348353	1.092569	-0.802984	0.770557	-0.961755	0.009328	-0.185319	0.252279	1.288348	-0.567575	0.991563	0.072582	-0.424629	0.783977	-0.496508	0.637551	0.104549	0.235832	0.340287	1.556427	1.248226	2.564560	1.972305	-0.442047	-0.180184	1.232718	1.186503	0.092797	0.432714	1.343094	0.807119	1.832642	1.877857	0.706386	0.862339	0.998191	0.933152	1.935499	1.992052	1.353683	0.481284	-0.469583	1.378709	0.311459	-0.785119	1.190326	1.378494	-0.867643	-0.216723	0.129401	0.221732	0.501574	0.051838	-0.403259	0.137841	1.003352	0.207804	1.295402	0.394007	0.690750	0.045240	0.845897	0.960288	1.334316	1.354785	0.350294	1.111375	1.301552	1.716085	0.401241	0.535543	0.820497	0.363107	1.982439	0.576827	0.185725	1.483855	-0.059497	0.434667	0.463713	1.242097	-0.395730	0.360231	-0.107287	1.106692
0.201484	-0.759910	0.563295	0.401386	0.548112	-0.789535	0.254208	-1.059904	1.616491	0.546581	0.415331	-0.492441	-0.120169	0.166142	2.084295	0.824181	1.293873	0.393374	1.375210	0.954186	1.618379	0.958483	2.030168	0.354017	1.395018	0.195509	1.226840	-1.015484	1.575331	-0.658553	0.699660	0.214560	-0.165163	0.243373	-1.463296	-0.569526	0.120657	-1.658257	0.321923	-1.007315	0.436811	-0.173536	0.559630	0.151777	1.410402	1.046995	1.771735	0.935395	-0.313970	0.724555	-0.745657	-0.572301	0.094662	1.668135	1.355812	0.572365	1.262501	0.595353	0.896306	0.853163	0.281667	0.268007	0.544788	1.037580	1.741790	0.333766	-0.341376	1.295156	1.289019	-0.222560	0.729450	0.497220	0.686647	0.718637	0.977476	1.046347	1.240824	0.980398	0.632803	0.799788	0.419610	-0.473770	0.089287	-0.442377	-0.242521	-0.513504	1.223073	0.600045	0.539847	0.795013	-0.415965	-0.156287	-0.139169	0.395987	0.858050	1.433579	0.001248	-0.221808	0.096841	1.210513	0.714208	2.478681	-0.163877	-0.272296	0.019120	-0.124356	0.146234	0.226870	0.372252	0.585602
-0.669782	-1.788268	-0.877482	-0.298287	-0.160052	-1.656355	-0.197828	-1.464368	1.161769	-0.141415	0.193117	-0.606720	-0.936558	-0.728799	1.428581	-0.386677	0.269237	-0.304300	0.254216	-0.628405	1.141156	1.281519	1.126031	-0.403762	1.445726	-0.425394	1.287747	-1.433019	1.489956	-0.602088	1.493490	0.874776	-0.647713	-0.956865	-2.094374	-1.765123	0.029855	-2.162636	-0.140959	-1.455289	-0.385662	-1.273362	0.340220	-0.455543	0.734296	0.925721	0.046565	-0.745116	-0.598338	0.546103	-1.238338	-1.300870	0.329282	1.541703	0.839036	-0.316195	0.341335	-0.647907	0.259031	-0.073117	-0.861734	-0.681358	-1.021799	-0.413383	1.363797	-0.350248	-0.190095	0.007800	1.259313	0.575329	-0.225680	-0.547421	2.066891	1.665586	2.117250	0.730562	1.601671	1.705295	1.328027	1.461353	-0.405164	-1.289326	-0.684209	-0.601817	-0.808756	-0.574427	0.527840	0.025676	-0.376553	-0.088146	-0.979778	-1.045782	-1.832484	-1.370871	0.967179	1.933815	-1.007979	-1.045897	-1.556020	1.747844	1.211452	2.374587	-0.151914	-0.992981	-0.614584	-1.068218	0.111219	0.393381	1.605069	-0.075065
-0.934034	-2.211059	-1.127221	-0.470245	-0.350006	-1.760822	-0.611066	-1.542590	0.531421	-0.408322	0.331814	-0.565370	0.108167	0.158337	-0.086562	-0.950355	0.011257	-0.283297	-0.615105	-1.037788	0.040414	0.952393	-0.488831	-1.444271	0.885783	-0.810702	1.095089	-1.113649	0.652300	-0.532336	1.905657	1.475049	-0.339835	-0.715756	-1.364091	-1.213673	0.232895	-1.256956	-0.225296	-1.308494	-1.153589	-2.293815	0.114593	-0.852872	0.509497	1.643651	-1.192611	-1.535369	-0.345955	-0.003843	0.046211	-0.577219	1.044761	1.036816	0.188734	-1.108997	0.059437	-0.819934	-0.558851	-0.835849	-1.438654	-1.171795	-1.860495	-1.438505	0.860034	-0.819855	0.270859	-1.145848	1.001438	1.485156	-0.673836	-0.763939	2.352479	1.671201	3.339782	0.586925	1.850865	2.087173	1.574652	1.908352	-0.930858	-1.525152	-0.266853	0.141775	-0.292210	0.048535	-0.080285	-0.529912	-0.309335	-0.387596	-0.453694	-0.686719	-2.393518	-2.152126	1.145964	2.038876	-1.019192	-1.315138	-1.271317	1.256105	1.902488	1.664044	0.209938	-0.838134	-0.454556	-0.181072	-0.304304	1.161997	2.745729	-0.314163
-0.386881	-1.685776	-0.342253	-0.181324	0.008968	-1.273431	-0.481063	-1.043258	0.227706	-0.202742	0.343099	-0.275451	2.002437	1.812405	-0.598925	-0.585468	0.603069	0.394903	-0.598133	-0.190032	-0.974805	0.410513	-1.375454	-2.100316	0.329700	-0.607586	0.450859	0.087315	-0.073774	-0.066602	1.746137	1.626204	0.657307	0.933822	0.389791	0.402625	0.681996	0.296887	-0.232650	-0.643538	-1.413574	-2.467340	0.207321	-0.748722	0.770337	2.600534	-1.269134	-0.978414	0.808716	0.150020	1.528122	0.475592	2.041340	1.352717	-0.221280	-1.271466	0.378574	-0.064135	-0.799922	-0.642093	-1.123032	-1.029735	-1.766667	-1.611483	0.676833	-0.632142	1.285599	-0.981267	1.287458	2.230770	-0.287957	-0.146360	1.736201	0.761617	3.884932	1.519803	1.993036	2.120237	1.351943	1.644242	-0.923674	-1.090313	0.754223	0.972436	0.958219	0.738303	0.550601	-0.678054	0.638453	0.093908	0.878762	0.451229	-1.646989	-1.643355	1.429502	1.826383	0.221720	-0.701431	0.444846	-0.329371	2.492262	1.003110	1.087608	0.152215	0.505087	1.680059	-0.486172	2.002636	2.866093	0.057748
0.163651	-0.932971	0.475860	0.028512	0.274365	-0.850485	-0.181158	-0.428666	0.087231	-0.204060	-0.178927	-0.109698	2.710703	2.497067	0.277330	-0.154065	1.058856	0.721387	-0.059960	0.663732	-1.500121	-0.162900	-1.196806	-2.127249	-0.020733	-0.357436	-0.383873	0.873209	-0.031762	0.509459	1.199967	1.357657	1.347421	2.483415	1.589034	1.202912	0.898444	1.217603	-0.621027	-0.085384	-1.311428	-1.936692	0.304001	-0.594979	0.731178	2.429632	-0.804938	-0.121581	1.994949	1.041562	1.758864	0.892340	2.635391	2.184017	-0.429177	-1.072072	0.415291	0.526434	-0.475963	0.078264	-0.578298	-0.795982	-1.256749	-1.283321	0.518648	-0.340811	2.493708	0.199499	1.791179	2.388948	0.167442	0.352811	0.914501	-0.136763	2.946095	2.651006	1.514685	1.588231	0.641376	0.427723	-0.534448	-0.320841	1.307109	1.248552	1.949969	0.929358	1.872090	-0.158667	1.345866	0.836109	1.767154	1.205774	-0.665793	-0.799974	1.384814	1.316083	1.664852	0.212495	1.584320	-1.725642	2.312880	0.499477	2.149427	1.051826	1.193527	2.433333	0.082587	1.980616	1.707142	0.453010
-0.000697	-0.675595	0.747601	0.022179	-0.025582	-0.804685	-0.358122	-0.257804	-0.227845	-0.753755	-0.917570	-0.267912	1.436361	1.731713	1.260540	-0.320826	0.508778	-0.021050	0.295715	0.468166	-1.468029	-0.865382	-0.634897	-1.681885	-0.350425	-0.710509	-0.757615	0.210717	0.432779	0.466127	0.564830	1.006967	0.994896	2.747370	1.149391	0.381954	0.605252	1.061422	-1.325049	-0.083201	-1.204731	-1.306599	-0.014894	-0.839250	0.020330	0.774524	-0.686085	-0.122209	2.064518	1.710950	0.855987	0.815495	2.219669	2.177596	-0.646109	-1.002219	-0.252991	0.109864	-0.198049	0.329943	-0.524107	-0.967731	-0.916992	-1.065033	-0.003657	-0.559996	2.939892	1.248155	1.702800	1.787015	-0.114161	0.018730	0.289995	-0.261909	0.808859	2.506250	0.247260	0.459431	-0.235014	-1.073134	-0.077746	0.426720	1.014466	1.189588	1.883721	0.740960	2.114826	0.643707	1.000802	1.199651	1.285784	0.982222	-0.427005	-0.549881	0.808223	0.616607	2.071473	0.580111	1.008083	-1.580793	1.261550	-0.013655	2.526534	1.124253	0.758661	1.283411	1.083057	0.881780	0.080788	0.170645
-0.604780	-0.762904	0.661706	0.152599	-0.612016	-0.895689	-0.891100	-0.447352	-0.583202	-1.291068	-1.161626	-0.444047	-0.548786	0.531339	1.254270	-0.641348	-0.788313	-1.198901	0.288159	-0.535902	-0.920519	-1.581239	-0.279110	-1.102823	-0.718593	-1.485190	-0.398887	-1.134751	0.285361	-0.329515	0.061950	0.773241	0.005134	1.956743	-0.279136	-0.973155	0.150285	0.441893	-1.780639	-0.402488	-1.176829	-0.887183	-0.550572	-1.179778	-0.787150	-1.128999	-1.032058	-0.931814	0.935516	1.473673	-0.036684	0.797561	0.935158	0.713827	-0.877246	-1.086866	-1.032771	-1.076913	-0.309564	-0.187456	-0.832968	-1.379974	-0.914914	-1.202802	-0.563664	-0.941472	1.983482	1.658807	0.973121	0.866320	-0.974486	-0.824800	-0.060091	0.345953	-1.025154	1.055541	-0.982584	-0.627948	-0.641810	-1.681150	0.237428	0.851926	0.362871	1.208802	0.788105	0.638058	0.523366	0.915324	0.029993	0.991961	-0.157368	0.272244	-0.845986	-0.862821	0.116565	-0.024885	1.361881	0.213592	-0.445381	-0.132995	0.127017	-0.474763	1.532838	0.631162	-0.427943	-0.526278	1.485340	-0.431514	-0.696773	-0.678292
-0.759218	-0.565380	0.585481	0.560630	-0.754617	-0.779070	-0.902281	-0.383055	-0.489590	-1.079894	-0.615819	-0.237640	-1.357593	-0.037057	0.544147	-0.267023	-1.740656	-1.424204	0.299515	-1.292123	-0.010835	-1.909458	-0.093932	-0.743828	-0.823524	-1.881984	0.137261	-1.587389	-0.916559	-1.074521	-0.125043	0.621336	-0.495593	1.125690	-1.012286	-1.302078	0.163274	0.154814	-1.544739	-0.429668	-1.058019	-0.592291	-0.559442	-0.893762	-0.882719	-1.768201	-1.322417	-1.566874	-0.289229	0.721156	-0.227045	0.867503	-0.289356	-1.231782	-0.948653	-1.028738	-1.169578	-2.050749	-0.510218	-0.815576	-0.805863	-1.477606	-1.051880	-1.463359	-0.449029	-0.689596	0.151063	1.857738	0.408316	0.380717	-1.567490	-1.318383	-0.101529	1.089354	-1.261196	-0.248807	-1.064528	-0.820328	-0.253316	-0.966874	0.325793	0.751568	-0.009740	1.159781	-0.482647	0.741218	-1.487184	0.378608	-0.410706	0.599254	-1.164331	0.004640	-1.147825	-1.070640	-0.079649	-0.402902	0.610249	-0.245027	-1.146297	0.931191	-0.257272	-0.687447	-0.402528	0.423824	-1.164478	-1.317077	0.813740	-0.968754	-0.070669	-1.217890
-0.068071	0.125496	0.571862	0.873253	-0.117408	-0.371866	0.062429	0.269631	0.185112	-0.176107	0.265768	0.347159	-0.511745	0.030332	0.083023	0.811778	-1.613236	-0.228126	0.619911	-1.164854	0.876864	-1.628888	0.181571	-0.695846	-0.374489	-1.496779	0.107322	-0.859590	-2.233855	-0.984682	0.094299	0.556004	0.079119	0.846355	-0.177271	-0.289828	0.770606	0.409610	-0.751255	0.097190	-0.742958	-0.283656	0.372573	0.223239	-0.125753	-0.883708	-1.157799	-1.351737	-0.489767	0.323602	-0.071441	0.665484	-0.527598	-2.079316	-0.774140	-0.694915	-0.706091	-2.082439	-0.376652	-0.813002	-0.157922	-1.012981	-1.068845	-1.483150	0.383459	0.252314	-1.245221	2.176446	0.590350	0.618048	-1.371292	-1.068596	0.097270	1.359817	-0.118578	-0.363289	0.127455	-0.030784	0.552246	0.258095	0.102145	0.283321	0.069985	0.671155	-0.993417	0.728708	-1.892175	-0.321850	0.217352	0.573693	-0.754889	0.494862	-0.847165	-0.722938	0.375106	-0.492789	0.703844	-0.077058	-0.473889	0.396411	0.089788	-0.696943	-1.794370	0.881180	-0.678485	-0.709145	-0.090432	-0.673402	1.134524	-0.843031
0.861322	0.875983	0.454192	0.730666	0.805257	0.224264	1.229028	1.053005	0.876577	0.638337	0.730786	0.910749	0.704638	0.045657	0.212483	1.686154	-0.745188	1.219954	0.996019	-0.461900	1.322696	-0.986814	0.529520	-0.572028	0.403254	-0.761387	-0.478326	-0.163205	-2.271019	-0.273866	0.435095	0.646718	1.092754	0.878279	1.318551	0.968803	1.278023	0.836233	0.064798	0.787993	-0.259499	0.081595	1.619392	1.452032	0.811831	0.426029	-0.664654	-0.585658	0.384050	0.509459	-0.231327	0.158533	0.213626	-1.344017	-0.414270	-0.150123	-0.276879	-1.269455	0.033257	-0.160712	0.614557	-0.278383	-0.872727	-1.151048	1.055823	1.130614	-1.401511	2.162798	1.100886	1.083562	-0.678943	-0.456157	0.207055	0.872046	1.035808	0.184068	1.465495	0.854969	1.068569	0.907441	-0.405488	-0.004509	0.307756	-0.080322	-0.590732	0.344607	-0.520992	-0.480938	1.202759	0.995471	0.593758	1.107259	-0.193059	-0.012593	0.999069	-0.403855	1.339002	0.660756	0.748627	-1.086594	0.463441	-0.745662	-1.522249	1.496705	0.577088	0.344580	-0.154181	-0.274868	1.571598	0.028549
1.067964	1.153647	0.184549	0.291575	1.203979	0.886891	1.375442	1.154469	0.863541	0.765456	0.453040	1.042123	0.802794	-0.345129	0.427758	1.650481	-0.065444	1.336668	0.890239	0.103489	1.282694	-0.435031	0.670720	0.140923	0.843511	-0.316494	-0.883437	-0.350719	-0.918185	0.194064	0.249451	0.712471	1.365786	0.627961	1.758741	1.195339	0.851876	0.960867	0.523748	1.042538	0.405378	0.527224	1.931322	1.741422	1.054054	0.902465	-0.272907	-0.049635	1.386125	0.656223	-0.745568	-0.250075	0.935618	-0.152774	0.060125	0.562475	-0.205037	-0.227804	0.299208	0.537017	0.889914	0.282120	-0.561589	-0.669063	0.766699	1.345020	-0.673978	1.182287	1.007133	1.082148	-0.173311	-0.100455	-0.114373	-0.216669	1.126223	0.225553	1.615150	0.877506	0.931662	0.791128	-0.816316	0.279129	0.322201	-0.437961	0.052556	-0.226521	0.690595	-0.260061	1.364158	1.297873	1.421660	0.955120	0.229710	0.469579	1.071930	-0.268249	1.533251	1.177323	1.333212	-1.793367	0.316675	-0.882643	-0.161249	1.539797	1.383980	0.819860	0.388384	-0.260489	0.762066	0.443885
0.311202	0.895083	-0.062944	0.003629	0.828806	1.418123	0.322844	0.356650	0.074838	0.361195	-0.201229	0.673025	-0.323658	-0.811497	0.155223	1.000956	-0.077933	-0.065150	0.091731	0.148723	1.085875	-0.210485	0.419672	1.340073	0.520061	-0.228307	-0.592345	-0.728598	0.357193	0.073779	-0.809649	0.365592	0.479992	-0.162084	0.538557	0.172395	-0.419721	0.649791	0.702836	0.708727	1.241598	1.023942	0.774563	0.769491	0.327802	0.325275	-0.248082	-0.110551	1.540227	0.182022	-1.073148	-0.294630	0.658633	0.028415	0.553705	1.325777	-0.221107	0.525677	0.213123	0.709415	0.655997	0.502574	-0.276332	-0.296633	-0.242621	0.976503	0.072928	-0.601708	-0.007584	0.487642	-0.209605	-0.218038	-0.773987	-1.303815	0.205008	-0.519094	0.313527	-0.012854	0.375408	0.561293	-0.617374	0.849031	-0.014921	-0.120137	0.272985	-0.568147	0.073536	-0.352278	0.320278	0.856940	0.824813	-0.139632	0.175066	0.323666	0.297059	-0.169046	0.847303	0.878487	0.930406	-0.904166	-0.296141	-0.880327	0.591879	0.922297	1.018597	0.607705	0.363869	-0.391643	-0.561735	0.052305
-0.635637	0.539534	-0.118996	0.024461	0.161033	1.509932	-0.800129	-0.586783	-0.824847	-0.012098	-0.624720	0.162129	-1.478551	-0.875218	-0.572517	0.517361	-0.485038	-1.543101	-0.997637	-0.221069	0.894843	-0.226655	-0.128178	2.156694	-0.278304	-0.064162	0.075783	-0.186388	0.252677	-0.109509	-2.168421	-0.385706	-0.750359	-1.116678	-1.069993	-1.077705	-1.399141	0.232449	0.850308	0.238370	1.882875	1.393970	-0.895151	-0.572416	-0.747430	-0.440821	-0.475846	-0.446362	0.677307	-0.645784	-0.886419	-0.176916	-0.539198	-0.971497	0.792352	1.740793	-0.061491	0.797009	-0.004176	0.305445	0.391972	0.521696	-0.073183	-0.123212	-1.016699	0.423424	0.371752	-2.197014	-1.209655	-0.225081	-0.562746	-0.521991	-1.233901	-1.623767	-0.919424	-1.256955	-1.378347	-0.964098	-0.093456	0.656484	0.165047	1.053883	-0.507996	0.354398	0.097794	-0.523982	-1.731146	-0.909598	-1.133170	-0.283766	-0.606847	-1.433193	-0.060204	-0.255207	-0.851151	-0.151341	-0.231664	0.059706	0.127769	0.650652	-0.941152	-0.615879	-0.029680	0.230478	-0.015556	0.302178	-0.455079	-0.254158	-1.389982	-0.529777
-0.820263	0.560464	-0.066821	0.070646	-0.275246	0.996596	-0.916199	-0.675993	-1.169619	-0.064633	-0.630796	0.020868	-1.588159	-0.544240	-1.221911	0.391882	-0.715120	-1.695836	-1.689038	-0.706704	0.428183	-0.254133	-0.706890	1.823741	-0.896958	0.363752	0.405976	1.051612	-0.748706	0.159905	-2.700875	-0.880176	-1.186194	-1.586042	-1.282725	-1.296366	-1.091605	0.156442	0.905751	0.186699	1.664800	1.430509	-1.526351	-0.928741	-1.249648	-0.558665	-0.644680	-0.526445	-0.516539	-0.991663	-0.509823	-0.241947	-1.618057	-1.886673	0.446551	1.381686	0.048637	0.577054	-0.043401	-0.207747	0.373882	0.531152	0.036673	-0.087843	-1.043705	-0.016833	0.250576	-2.696935	-1.581513	-0.616380	-0.752836	-0.612698	-1.041749	-0.893477	-1.529603	-1.211013	-2.095198	-1.176111	-0.223893	0.692446	0.756517	0.702779	-0.847917	0.261059	-0.047801	-0.388103	-2.641265	-1.310038	-1.837063	-1.429472	-1.487305	-1.967071	-0.061766	-0.642314	-1.533261	-0.297720	-0.992008	-0.507123	-0.427501	1.327075	-1.194243	-0.330375	-0.924212	-0.047937	-0.618497	0.248063	-0.795110	0.099598	-1.406521	-0.570458
-0.144207	0.949465	-0.179395	-0.196007	-0.494759	0.144775	-0.220762	0.254842	-0.919509	0.046929	-0.533967	0.428314	-0.786800	-0.321088	-1.347441	0.030238	-0.584694	-0.734393	-1.643198	-1.053993	-0.531193	-0.145803	-1.028810	0.576347	-1.019258	0.670137	0.122928	1.552248	-0.993051	0.604165	-1.818783	-0.509330	-0.625867	-1.336415	0.179772	-0.224322	0.192736	0.425332	0.543109	0.598443	0.372554	1.128100	-0.631034	0.144017	-0.831943	-0.177976	-0.518030	-0.138451	-1.169504	-0.455563	-0.491680	-0.572878	-1.685161	-1.473315	-0.415500	0.337535	-0.294315	-0.024294	0.108570	-0.295740	0.358674	0.575310	0.034235	-0.061443	-0.742418	-0.185845	-0.157618	-2.050776	-0.923294	-0.701654	-0.473711	-0.325488	-0.309352	0.249111	-1.472625	-0.479564	-1.435306	-0.725279	-0.207701	0.103779	0.409354	0.264365	-0.924140	-0.504283	-0.109101	-0.580286	-1.763234	-1.059382	-1.368142	-1.977490	-1.159683	-1.453719	0.222822	-0.368082	-1.344379	-0.664460	-1.224514	-0.508242	-0.698755	0.673737	-0.906991	-0.360799	-0.647809	-0.070589	-0.364070	0.110810	0.281694	0.249858	-1.020850	-0.144664
0.578460	1.186200	-0.608295	-0.777073	-0.757919	-0.428886	0.295928	1.375147	-0.478969	0.121076	-0.553878	1.012198	-0.087187	-0.598634	-1.013124	-1.029850	-0.389908	-0.050773	-1.187580	-1.120182	-1.593026	0.016820	-0.874624	-0.570037	-0.818901	0.486693	-0.434863	0.516467	0.253195	0.565402	-0.053819	0.447834	0.035707	-0.772462	1.829902	1.221107	1.215265	0.523632	-0.208777	0.979430	-1.159266	0.698372	0.744105	1.657909	0.093962	-0.032558	-0.021945	0.546447	-1.039891	0.409338	-0.906066	-0.990798	-0.884462	0.106854	-1.170697	-0.734783	-1.080916	-0.726589	0.157431	0.058447	-0.020740	0.551923	-0.016207	0.155925	-0.788710	-0.104204	-0.739605	-1.007079	-0.060630	-0.697632	0.251340	0.265389	0.351716	0.733915	-1.074245	0.218831	-0.195984	-0.355565	-0.346431	-0.856048	-0.667050	0.159311	-0.930909	-1.367158	-0.511241	-1.155402	-0.407571	-0.493908	-0.385943	-1.975475	-0.310414	-0.495541	0.520694	0.473081	-0.622191	-1.035298	-1.184106	-0.298118	-0.954046	-0.281660	-0.374386	-0.729119	0.596271	-0.251431	0.126061	-0.424567	1.714599	-0.077435	-0.770480	0.089604
0.594575	0.826457	-1.184334	-1.327740	-0.909473	-0.190990	0.277450	1.858470	-0.125565	0.257938	-0.395083	1.232938	-0.164773	-1.123229	-0.705066	-2.273274	-0.509206	-0.377806	-0.919834	-0.904239	-2.114745	-0.029332	-0.269140	-0.846449	-0.520401	0.172374	-0.890220	-1.086410	1.859006	0.000966	1.436711	1.020807	-0.085869	-0.413759	2.241230	1.993716	1.262603	0.093101	-0.647196	0.939595	-1.594457	0.408831	1.240885	2.206240	0.891772	-0.320894	0.736123	1.189247	-0.722614	0.668869	-1.243333	-1.225851	-0.178193	1.471918	-1.200079	-1.207542	-1.805303	-1.183828	-0.189281	0.277912	-0.698711	0.395630	0.078062	0.717686	-1.263489	-0.045850	-1.302018	-0.473289	0.074572	-0.616272	1.124981	0.964802	0.342010	0.137256	-0.756946	0.386994	0.551264	-0.561998	-0.659620	-1.251006	-1.406288	0.238133	-1.102787	-1.718853	-1.414944	-1.668561	-0.282692	-0.322722	0.050704	-1.857001	-0.034827	0.033936	0.643483	1.364528	-0.024722	-0.979017	-1.069984	-0.221659	-1.096585	-0.308676	-0.226812	-1.114620	1.232693	-0.519561	0.116354	-0.832176	1.545558	-0.778263	-0.872614	-0.137603
0.071329	0.108873	-1.527761	-1.423529	-0.427604	0.881470	0.380419	1.796432	0.147365	0.681678	0.316076	0.972826	-0.657239	-1.215730	-0.836769	-2.559102	-1.007809	-0.904255	-0.985162	-0.511932	-1.978881	-0.401715	0.389474	-0.270584	-0.133245	0.544201	-1.248771	-1.495074	2.151726	-0.318503	1.790622	0.568569	-0.844848	-0.365807	1.624676	1.889914	0.778191	-0.474051	-0.059105	0.733554	-0.431946	0.485341	0.573940	1.401937	1.109757	-0.568668	1.408104	1.468917	-0.892762	0.018652	-0.995551	-0.997054	-0.317309	1.506590	-0.575011	-0.989410	-1.902418	-1.220690	-0.868309	-0.084129	-1.107901	0.266835	0.435551	1.433921	-1.595407	-0.228094	-1.617325	-0.813249	-0.538596	-0.338166	1.698108	1.469131	-0.371856	-0.904731	-0.681534	0.147085	0.437964	-1.103536	-0.955304	-0.722485	-0.994070	0.207011	-1.339412	-1.414618	-2.173500	-1.537054	-1.291229	-0.680561	-0.436175	-1.770837	-0.535621	-0.155830	0.694666	1.817921	-0.006452	-0.462997	-0.759049	-0.130467	-0.714212	0.555043	-0.862791	-1.149159	0.438148	-0.341784	-0.279643	-0.224060	-0.497400	-1.494746	-1.148049	-0.401331
-0.181823	-0.236337	-1.339683	-0.857286	0.747160	2.166284	1.119756	1.808013	0.351973	1.281276	1.308921	0.580608	-0.729279	-0.600994	-1.286545	-1.370587	-1.541309	-0.456487	-0.914445	-0.034781	-1.596402	-0.781965	0.603757	0.679853	0.319866	1.745989	-1.576294	-0.067854	0.825717	0.275345	0.962994	-0.596815	-1.334463	-0.432189	1.156251	1.366289	0.487676	-0.445065	1.290892	0.901923	1.362749	0.990481	-0.446212	0.096804	0.511752	-0.580678	1.534303	1.224106	-1.316321	-0.902786	-0.227657	-0.190187	-1.036620	0.486176	0.032624	-0.404431	-1.188319	-0.897250	-1.381564	-0.644571	-0.713562	0.431105	0.879432	1.737083	-1.203024	-0.396778	-1.527435	-1.509283	-1.070294	0.032112	1.600702	1.438691	-1.102948	-1.441541	-0.666378	-0.128584	-0.124943	-1.417873	-1.159280	-0.114193	0.246008	0.189662	-1.221978	-0.681127	-1.871884	-0.547620	-1.734581	-0.918919	-1.127437	-1.375211	-0.979842	-0.503555	0.851704	1.660547	-0.632093	-0.184028	-0.072577	0.232133	0.222955	1.055421	-1.875489	-0.704781	-0.831047	0.451296	-0.342441	1.282398	-2.454850	-1.812466	-1.188084	-0.276228
0.237688	0.125041	-0.643698	0.148295	1.779314	2.706708	1.888940	1.915660	0.393534	1.513175	1.777273	0.348040	-0.180317	0.164946	-1.447081	0.450928	-1.585468	0.846893	-0.273052	0.464525	-1.176649	-0.675795	0.300386	1.468453	0.602416	2.682522	-1.513447	1.965428	-0.812494	1.416913	-0.330114	-1.568981	-1.018070	-0.477087	1.169519	0.762414	0.421681	0.275036	2.182529	1.379950	2.230463	1.573330	-0.949328	-0.725140	-0.741090	-0.785864	0.968044	0.582354	-0.958686	-1.211991	0.503927	0.842278	-1.286857	-0.371502	0.129131	0.196571	-0.006488	-0.377634	-1.184082	-0.587061	0.337884	0.832386	1.068820	1.216980	-0.108719	-0.090367	-0.947369	-1.561489	-0.884614	0.170935	0.856693	0.801673	-0.998915	-1.131922	-0.449267	-0.317590	-0.553819	-1.241833	-1.298437	-0.379744	1.184659	0.429739	-0.525030	0.189383	-0.414060	0.910879	-0.545236	-0.370464	-0.969876	-0.332112	-0.564883	-0.202052	1.073082	1.034706	-1.537917	-0.768162	0.829633	0.685284	1.125699	0.306884	-2.268746	-0.050621	-1.169578	1.243009	0.258725	2.326511	-2.425260	-1.470641	-0.742605	0.101099
0.873671	0.703020	0.187651	0.956370	1.728325	1.944593	1.669567	1.429869	0.304130	0.944647	1.318805	0.221902	0.302976	0.310491	-0.808705	1.436917	-0.865976	1.680964	0.725216	0.834952	-0.471234	-0.026093	-0.056987	1.597946	0.504405	2.055033	-0.550756	2.669898	-1.347315	1.950645	-1.085418	-1.646136	-0.290554	-0.451665	0.873599	0.110520	0.162261	0.923935	1.678443	1.380541	1.501591	1.549822	-0.681478	-0.831663	-1.819371	-1.329867	0.158531	-0.036357	0.651010	-0.621527	0.705374	1.364759	-0.348747	-0.294443	-0.131459	0.570260	0.933974	0.142517	-0.237416	0.244432	1.194838	0.968777	0.898934	0.216247	1.034883	0.642550	0.041790	-0.498970	-0.222793	-0.042279	-0.004901	0.008219	0.023037	-0.297925	-0.021265	-0.478535	-0.554180	-0.704117	-1.178494	-1.171484	1.084477	0.704735	0.371825	0.886687	1.184049	2.020978	1.345276	0.794303	0.233560	1.111772	0.560254	0.892012	1.147813	0.310359	-1.981909	-1.706830	1.479308	0.827721	1.422713	-1.001114	-1.457096	0.250031	-0.434372	1.356056	1.095636	1.831718	-0.664993	-0.579023	-0.085456	0.350094
1.138433	0.882209	0.698457	0.953486	0.730138	0.368006	0.534751	0.186473	0.363151	-0.086767	0.475884	0.155902	0.107572	-0.204223	0.458985	0.991152	0.324103	1.227550	1.454802	0.902501	0.608132	0.706944	0.029543	0.906088	0.175334	0.041431	1.116455	1.330798	-0.587628	1.208871	-0.728472	-0.811446	0.123600	-0.296192	-0.091412	-0.445664	-0.281449	0.783572	0.210494	0.472555	-0.037688	0.664513	0.216970	-0.399523	-1.688441	-1.514123	-0.190791	-0.133103	2.472111	0.500236	0.327177	0.953820	1.294080	0.367202	-0.308180	0.561993	1.028106	0.444496	0.916158	1.102852	1.122879	0.491791	0.658042	-0.346515	1.522533	1.194589	1.019270	0.973280	0.301662	-0.301799	-0.298819	-0.226974	0.995170	0.625347	0.345068	-0.441636	-0.130172	-0.064764	-0.448132	-1.198846	0.362715	0.618617	0.804865	1.035823	1.776157	2.037971	2.131864	1.624673	1.581070	2.172706	1.545897	2.003060	1.019951	-0.032831	-1.322708	-1.744586	1.538881	0.675180	1.158834	-1.369693	0.036791	-0.151062	0.327110	0.974806	1.581450	0.327540	1.066755	0.392472	0.176820	0.359014
1.138323	0.776783	0.765899	0.212366	-0.015079	-0.755178	-0.226388	-0.736498	0.811839	-0.582427	0.130073	0.433533	-0.394766	-0.627454	1.487818	-0.053508	1.272171	0.213904	1.581128	0.751542	1.504560	1.172660	0.555192	-0.009015	0.023559	-1.540987	2.380491	-0.806452	0.632598	-0.124383	0.385666	0.379965	0.060912	-0.074625	-0.770947	-0.535601	-0.357988	0.077315	-0.797059	-0.547455	-0.999614	-0.310710	1.519652	0.602716	-0.233390	-0.739723	0.148501	0.481140	2.883758	1.639694	-0.280253	0.089063	2.337131	0.772892	-0.265587	0.214481	0.343397	0.446543	1.672820	1.316548	0.342078	-0.167234	0.656634	0.060669	1.220678	1.173230	1.399673	1.582315	0.525686	-0.236540	0.185555	0.344008	0.828941	1.319149	0.385149	0.117039	0.514639	0.415610	0.808948	-0.021020	0.076472	0.399588	0.615896	0.498723	1.287351	0.908645	1.228062	1.427788	2.095965	2.229832	1.805554	2.185042	0.886071	0.280061	0.229225	-0.534472	1.081806	0.642636	0.751185	-0.340575	1.068558	-0.881971	0.290153	0.860143	1.574079	-0.732412	1.672600	0.963328	-0.202365	0.216139
1.355495	0.922552	0.738638	-0.364132	0.333461	-0.637660	0.271492	-0.254732	1.486396	0.092673	0.504998	1.269897	-0.298975	-0.329487	1.364075	-0.517289	1.423707	-0.110923	1.245198	0.699856	1.474057	1.457546	1.007238	-0.209642	0.268530	-1.175898	2.227908	-1.814119	1.510569	-0.693734	1.286025	1.315227	0.002863	-0.001330	-0.184207	-0.008958	0.281569	-0.252358	-0.412589	-0.441532	-0.748710	-0.316282	2.701375	2.045633	1.378242	0.453428	0.626242	1.343259	1.530455	2.364661	-0.626109	-0.239975	1.941377	0.540192	-0.212388	-0.179839	-0.311596	0.377335	1.807874	1.021544	-0.224629	-0.209498	0.726875	0.878489	0.580426	0.831870	0.987568	0.844313	0.668463	0.069045	0.855294	1.040247	-0.469316	1.413417	0.089345	1.054518	0.984383	0.541327	1.805393	1.224737	0.678644	0.739535	0.395268	-0.212918	0.709331	-0.488351	-0.203569	0.621899	1.731393	1.426849	1.474267	1.295195	0.825417	0.923751	1.546206	0.728136	0.397610	0.809687	0.382653	0.937943	1.026247	-1.109860	-0.318088	1.152954	1.250705	-0.686244	1.485805	1.001764	-0.789672	-0.062749
1.681984	1.225283	1.007633	0.105675	1.126832	0.084854	1.281594	1.033060	1.838143	1.350667	0.966644	2.175597	0.531254	0.464266	0.029560	-0.245294	0.854489	0.360006	0.632789	0.798227	0.445164	1.593049	0.853495	0.373206	0.697706	0.530570	0.875048	-1.048035	1.778778	-0.033495	1.353913	1.746285	0.363029	-0.092892	1.086663	0.744503	1.268276	0.364298	0.829295	0.804500	0.096131	0.535102	2.861934	2.956801	1.837648	1.009910	0.468664	1.498669	-0.272359	2.199899	-0.402117	0.352650	0.486659	-0.045058	-0.256435	-0.332648	-0.146809	0.564686	1.383708	0.642870	-0.107362	0.401859	0.306120	0.966202	0.068664	0.548080	0.244884	-0.369575	0.694922	0.127386	0.766779	0.803404	-1.732378	0.655114	-0.311615	1.576278	0.864736	0.390261	1.722947	1.261186	1.454368	1.648943	0.717507	-0.240119	0.839236	-0.981288	-0.700759	0.224056	1.121189	0.457184	0.942854	0.074917	0.493813	1.058178	1.635242	0.794733	-0.310457	0.633764	-0.063996	1.154618	0.351612	-0.465766	-0.741632	1.027981	0.685172	-0.203445	1.148594	0.728000	-0.986636	-0.408537
1.371959	0.863233	1.418599	1.364170	0.968038	0.078940	1.333642	1.298693	1.383515	1.850459	0.756850	2.150460	1.125551	0.973775	-1.422312	-0.035092	0.142546	0.572790	-0.240046	0.616976	-0.779432	1.237296	0.093451	0.671587	0.896826	1.543435	-0.397776	0.358170	1.443213	0.831192	0.865244	1.722740	0.905395	-0.056104	1.452408	1.070448	1.810564	1.391956	1.513880	1.697238	0.471676	0.885203	1.515457	2.160987	1.030951	0.762685	-0.441470	0.393793	-1.128296	0.868468	0.223649	1.140777	-0.971115	-0.500921	-0.190374	-0.251430	0.709591	0.963413	0.539749	0.155091	0.167126	0.717481	-0.792379	-0.073435	-0.250731	0.225378	-0.136385	-0.794616	0.304411	-0.279654	-0.379026	-0.566689	-1.829034	-0.538838	-0.510114	1.032050	0.138347	0.333208	0.643040	0.313754	1.346112	2.090364	1.277042	0.593023	1.302060	-0.264947	-0.047834	0.505350	0.594225	-0.205808	0.275562	-0.732458	-0.459752	0.135789	0.693074	-0.014476	-0.914077	-0.270658	-0.589021	0.382384	-0.070385	0.498224	-0.645973	-0.159610	-0.146835	-0.248653	0.662635	0.432019	-0.691055	-0.530330
0.110236	-0.509820	1.326895	2.045724	-0.471172	-0.985547	0.115201	-0.190595	0.177917	0.906790	-0.220792	0.740338	0.634756	0.743731	-1.693924	-0.375098	-0.229626	-0.097750	-1.190952	-0.137707	-1.233984	0.291834	-0.660364	-0.093090	0.647287	0.808544	-0.606993	0.883626	0.581344	0.546721	0.439573	1.285465	0.977063	0.192544	0.322855	0.593178	1.343008	1.650668	0.831112	0.945733	0.056527	-0.102719	-0.550324	-0.128425	-0.065426	0.463205	-1.351101	-1.283027	-1.062671	-1.092253	0.669047	1.118542	-1.716547	-0.627291	0.144283	-0.175459	1.278408	1.089265	-0.418538	-0.615303	-0.071645	0.039770	-1.836499	-1.297814	-0.551350	-0.475959	0.076509	-0.218295	-0.430039	-0.675829	-1.725924	-1.930499	-0.778636	-1.166218	-0.332661	-0.247500	-0.672071	0.562467	-0.453573	-0.291565	0.223703	1.202191	1.177276	1.347602	1.117270	0.707986	0.753055	0.655856	-0.078168	-0.632059	-0.640875	-1.079792	-1.657954	-1.352901	-0.210480	-0.359368	-1.225753	-1.334130	-0.949351	-0.221826	0.114028	0.952052	-0.366435	-1.793388	-1.029979	-0.969093	-0.144444	0.226224	-0.279022	-0.247076
-1.379478	-1.995273	0.397512	1.154894	-1.949580	-1.983752	-1.217435	-2.026462	-1.165246	-0.819079	-1.331256	-1.297311	-0.497354	0.054957	-0.748738	-0.833076	-0.292155	-0.945056	-1.679098	-0.990966	-0.683043	-0.584982	-0.812557	-1.198299	0.058776	-0.713305	-0.061681	0.148688	-0.489297	-0.959815	0.167676	0.491922	0.282005	0.218744	-1.243784	-0.500740	-0.048574	0.546849	-0.639980	-0.937294	-0.521558	-1.497413	-1.823504	-2.131500	-0.630325	0.513702	-1.422791	-2.089901	-1.058521	-2.400694	0.505374	0.206517	-1.700647	-0.583864	0.441756	-0.261915	0.825582	0.574399	-1.001189	-1.271733	-0.611193	-1.013580	-1.792498	-1.451086	-0.880348	-1.470110	0.398013	0.292861	-0.901454	-0.419598	-2.046676	-1.955970	0.388708	-0.726124	0.050285	-1.268050	-1.007138	0.704518	-0.722007	0.053446	-0.968548	-0.511572	0.172206	1.025264	0.082800	0.797429	0.753378	0.008819	-0.956899	-0.961248	-1.531888	-1.274317	-2.139133	-2.255177	-0.458348	0.220562	-1.133448	-1.543494	-1.007240	0.012161	0.435234	0.725112	-0.354133	-2.538620	-1.501000	-1.663684	-0.898017	0.029662	-0.041068	0.118471
-2.118881	-2.360985	-0.812017	-0.621527	-2.201461	-1.794340	-1.645907	-2.437437	-1.981261	-2.109032	-1.827300	-2.651039	-1.082894	-0.510267	0.078159	-0.807089	-0.368671	-0.954845	-1.274849	-1.130410	0.222348	-0.689214	-0.462633	-1.277509	-0.599487	-1.505865	0.164278	-0.965982	-1.208235	-2.317730	-0.374536	-0.344166	-0.711478	-0.338675	-2.023115	-1.614989	-1.633973	-1.217518	-1.607737	-2.212336	-0.581387	-1.737729	-1.736605	-2.457530	-0.734194	0.468073	-0.674261	-1.447508	-1.487007	-2.213600	-0.040232	-0.687405	-1.190493	-0.626828	0.211417	-0.402378	-0.264244	-0.317953	-0.930439	-1.084741	-0.647467	-1.192586	-0.568867	-0.479965	-1.069956	-2.097237	0.125948	-0.242106	-0.664775	0.382716	-1.131497	-0.688124	0.802242	0.089688	0.200225	-1.482953	-0.876986	0.252841	-0.319790	0.540652	-1.341191	-1.722496	-0.823615	-0.125977	-0.866544	0.044982	0.013568	-0.919369	-1.498339	-0.990307	-1.770823	-1.246741	-1.491097	-2.012222	-0.481150	0.782353	-0.830801	-0.799304	-0.929914	0.563347	0.243432	0.410403	-0.593318	-1.847641	-1.334285	-1.611453	-1.040226	-0.210604	0.161374	0.010185
-1.909650	-1.447979	-1.353253	-1.537549	-1.417188	-0.653298	-1.481162	-1.457163	-2.081120	-2.352821	-1.531211	-2.744507	-0.740460	-0.752791	-0.175050	-0.355190	-0.524148	-0.206519	-0.227925	-0.460552	0.702619	-0.257579	-0.120950	-0.072147	-1.078315	-1.218596	-0.351248	-1.328455	-1.203536	-2.180775	-1.300644	-0.822091	-1.241381	-1.164358	-2.004030	-2.177458	-2.524456	-2.274480	-1.365078	-1.911105	-0.124702	-0.608473	-1.262879	-1.665287	-0.875951	-0.058555	0.058867	-0.347479	-1.675230	-1.108256	-0.327796	-0.787353	-0.531953	-0.829970	-0.444465	-0.314558	-0.904218	-0.882775	-0.423353	0.046047	0.080146	-0.166742	0.749609	0.427039	-0.900312	-1.729361	-0.753748	-1.383269	-0.033591	0.837185	-0.064328	0.503219	0.649574	0.318211	-0.091645	-1.229047	-0.753854	-0.634441	-0.059323	0.247778	-0.958370	-1.785441	-0.848198	-0.936423	-0.821814	-0.439234	-0.689103	-1.120135	-1.191909	-0.561125	-1.160219	-0.650315	-0.445534	-1.239409	-0.894251	0.459900	-0.657562	-0.227410	-0.912421	0.609211	-0.450664	0.586978	-0.655017	-0.523411	-0.890951	-0.878690	-0.642130	-0.292134	0.582361	-0.700024
-1.254150	-0.217291	-0.952480	-0.808718	-0.707653	0.343204	-1.550793	-0.579990	-1.752743	-1.787328	-0.943972	-2.146085	-0.273851	-0.968965	-0.772873	0.022209	-0.438908	0.301132	0.671872	0.180741	0.663590	-0.129055	0.161866	1.329250	-1.198117	-0.552582	-0.859460	-0.571690	-0.678079	-0.648302	-2.020744	-0.893459	-1.013188	-1.640546	-1.880755	-2.015630	-2.360041	-1.901235	-0.343247	-0.741087	0.422914	0.641795	-1.455632	-1.217548	-1.193994	-0.657794	0.086411	-0.060332	-1.047317	-0.447990	-0.045150	-0.276016	-0.185244	-1.077634	-0.708370	0.176603	-0.522851	-0.657616	0.143770	1.317002	0.947019	1.109083	1.115502	0.365615	-0.372189	-0.529716	-1.360052	-1.766711	0.236586	0.296502	0.061131	0.591525	0.743240	0.042724	-0.490144	-1.032392	-0.911125	-1.149909	-0.306830	-0.462682	-0.469031	-1.227619	-0.177797	-0.877535	-0.031954	0.009897	-0.882922	-0.516063	-0.360776	-0.109386	-0.340334	0.320758	0.019487	-0.842974	-1.453308	-0.272564	-0.667295	-0.775193	-0.907513	0.091999	-0.926589	1.068452	-0.252381	0.234189	-0.768769	-0.326311	-0.298580	0.093103	0.988960	-1.516531
-0.594572	0.448079	-0.253115	0.501427	-0.563282	0.590588	-1.806927	-0.654237	-1.333981	-0.966032	-0.695405	-1.657342	-0.377102	-1.378512	-0.436524	0.093437	0.089956	-0.020076	0.832304	0.012882	0.606761	-0.526936	0.742354	1.837885	-0.905105	-0.118709	-0.536583	0.588917	-0.258385	0.875122	-1.883021	-0.782975	-0.290253	-1.523101	-1.779125	-1.351631	-1.515736	-0.558226	0.458641	0.034100	0.785479	0.950804	-1.938026	-1.385537	-1.308140	-0.620701	-0.467191	-0.586394	-0.060318	-0.792031	0.454332	0.102606	-0.517982	-1.242819	-0.039429	0.884164	0.384630	0.162664	0.643474	1.791751	1.225044	1.520845	0.587055	-0.284764	0.062220	0.459869	-1.000710	-0.892973	-0.195362	-0.803284	-0.660376	-0.060193	1.228259	0.070692	-0.574649	-0.889250	-1.115980	-0.725625	-0.537877	-0.403152	-0.254656	-0.840254	0.121080	-0.564189	0.483035	0.740693	-0.880694	-0.036107	0.116705	-0.296789	-0.058196	0.780476	-0.178063	-0.897018	-1.286071	-0.281240	-0.596252	-1.866489	-0.778046	-0.378126	-0.587891	1.028281	0.380790	-0.005514	-1.096903	-0.650346	-0.282883	0.862535	0.659673	-1.749872
-0.080948	0.555692	0.091211	0.942221	-0.539070	0.287913	-1.486615	-1.019983	-0.930851	-0.346895	-0.916173	-1.284008	-0.596961	-1.643034	0.661294	0.100494	0.762761	-0.734964	0.389920	-0.736864	0.853805	-0.779787	1.399430	1.376790	-0.376956	-0.059995	0.308927	1.015545	-0.397475	1.130844	-0.985213	-0.486187	0.628773	-0.886713	-1.201676	-0.473784	-0.589070	0.826474	0.401881	0.089116	0.863386	0.482774	-1.547414	-1.122473	-0.784159	0.233803	-1.004704	-0.962563	0.349025	-1.371299	0.567162	-0.059706	-1.337305	-1.238132	0.992608	1.370829	0.956598	0.969099	1.016392	1.211987	0.802244	0.857027	-0.077045	-0.661590	-0.213076	0.281043	-0.217637	0.262635	-0.810640	-1.398373	-1.291718	-0.522680	1.202730	0.474818	-0.470393	-0.451465	-0.957679	0.417112	-0.076047	0.798242	-0.257184	-0.760576	-0.212480	-0.533045	0.237022	0.744976	-1.132662	-0.259473	-0.129102	-1.044238	-0.217489	0.169738	-0.414647	-0.800450	-0.066315	0.667900	-0.334020	-2.025214	-0.543838	-0.374472	0.348458	-0.003347	0.702343	-0.797854	-1.360812	-1.401499	-0.266594	1.368925	-0.679661	-1.033973
0.121325	0.637951	0.161821	0.495970	-0.254190	-0.236082	-0.448715	-0.765463	-0.545894	-0.207906	-1.195605	-0.453968	-0.075181	-1.207877	1.167162	0.417309	1.119299	-1.068577	0.017939	-1.108703	1.183210	-0.339569	1.236551	0.607777	0.022401	-0.413208	0.666805	0.388052	-0.876694	0.217345	-0.109454	0.180065	1.618195	0.206795	-0.060091	0.459638	0.114929	1.757490	-0.377668	0.069956	0.532968	0.013890	-0.187758	0.110420	0.321951	1.423163	-1.169868	-0.767831	-0.084072	-1.234784	0.096915	-0.559236	-1.861956	-0.964238	1.353826	1.432833	0.906663	1.299388	0.968015	0.081335	0.070801	-0.262595	-0.463415	-0.650537	-1.114013	-0.740134	-0.103759	0.695210	-0.713028	-1.002090	-1.245241	-0.550312	0.022676	0.376854	-0.636166	0.319765	-0.263096	1.641049	0.966488	2.104446	-0.346496	-0.592815	-0.289046	-0.355213	-0.272976	0.050189	-1.356543	-0.610973	-0.548950	-1.421041	-0.116982	-0.904780	-0.398715	-0.342761	1.420020	1.575568	-0.118139	-0.745727	-0.299974	-0.074734	1.129054	-1.335444	0.410277	-1.500292	-1.019084	-1.345560	0.061118	0.973279	-2.059895	0.418731
-0.179628	0.927568	0.333581	0.268152	0.054074	-0.831407	0.416783	-0.054668	-0.297293	-0.574935	-1.113421	0.804923	1.070016	-0.086392	0.663994	1.125802	1.094000	-0.772191	0.213711	-0.557491	1.254223	0.410489	-0.038155	0.109520	0.031208	-1.122078	0.254401	-0.368750	-0.964787	-0.631064	0.084570	0.952059	2.406579	1.505974	0.913309	1.254200	0.482272	2.165939	-1.249697	0.419999	-0.166204	-0.091011	0.826099	1.341090	1.331351	2.194241	-1.049435	-0.569025	-0.732612	-0.455798	-0.486807	-0.950349	-1.418708	-0.445398	0.874241	1.310835	0.553226	1.131732	0.288826	-0.818207	-0.576163	-1.135064	-0.696801	-0.763645	-1.583000	-1.177168	-0.709434	0.672141	0.325352	-0.187843	-0.742331	-0.536827	-1.441965	-0.641275	-1.078210	0.958995	0.761021	2.410519	1.697361	2.211522	-0.445945	-0.159925	0.481567	0.485503	-0.408121	-0.409631	-0.775544	-0.236264	-0.457539	-0.771495	0.409143	-1.289234	-0.456939	-0.068080	2.021788	1.418826	-0.076055	0.877917	0.002281	0.100578	1.239048	-1.655222	-0.251642	-1.708205	-0.143786	-0.006653	0.489943	-0.218027	-1.987824	1.843575
-0.832706	1.066977	0.500003	0.683781	0.100790	-1.220104	0.306737	0.205811	-0.332806	-1.146908	-0.677945	1.449665	1.796561	1.029107	0.279702	1.785294	0.969069	-0.206761	0.770616	0.442056	1.060362	0.645188	-1.399914	-0.103293	-0.232476	-1.737187	-0.174156	-0.279443	-0.225331	-0.391255	-0.338468	1.098081	2.537641	2.364345	0.983972	1.553340	0.322550	1.886995	-1.653372	0.693307	-0.796770	-0.073376	0.430045	1.254652	1.479544	1.993177	-0.836815	-0.835664	-0.865349	0.147841	-0.416784	-0.864563	-0.137881	0.004852	0.356762	1.220969	0.200581	0.728213	-0.621684	-1.027320	-0.994035	-1.500663	-0.853869	-1.102513	-0.757699	-0.289741	-0.901048	0.954564	1.358731	0.173817	-0.258520	-0.628805	-1.627943	-1.723923	-1.192229	0.958707	1.592842	2.352375	1.376155	0.909490	-0.389088	0.170873	1.387256	1.472657	-0.171401	-0.126904	0.701912	0.733525	0.082538	0.394159	0.667016	-0.615940	-0.825524	-0.444647	1.399525	0.319217	0.103069	1.580702	0.514220	0.036896	0.733383	-0.510850	-0.735942	-1.238012	0.725554	1.564961	0.635642	-1.348419	-0.165526	2.307833
-1.301455	0.569138	0.288804	0.939372	0.095779	-0.985270	-0.474492	-0.368676	-0.532575	-1.429187	-0.197584	0.593092	1.533457	1.560911	0.899952	1.662260	0.913795	0.154661	1.031894	1.040558	0.812921	0.161080	-1.629110	-0.458961	-0.357202	-1.671008	-0.015300	0.346633	0.853456	0.725138	-0.759504	0.291531	1.904044	2.290480	0.277631	1.147091	-0.414780	0.719571	-1.459058	0.183259	-0.860325	-0.329002	-0.840956	-0.178321	0.739467	0.898388	-0.503441	-1.068965	-0.322947	0.218835	0.614089	-0.110441	1.162740	0.070513	0.366859	0.909956	-0.088856	0.333695	-0.990982	-0.733711	-1.196100	-1.513274	-0.727815	-1.098130	0.790221	0.838955	0.085001	1.335882	1.123998	-0.081637	0.079257	-0.488367	-0.320465	-1.794188	-0.511867	0.318596	1.703104	1.316489	0.224233	-0.827934	-0.001145	-0.022641	1.409015	1.614677	0.074152	0.406576	2.038817	1.312508	0.427717	1.015434	0.166538	0.386850	-1.138453	-1.053595	0.317360	-0.672549	0.690093	1.424448	1.223492	-0.009847	0.003624	1.087247	-0.723194	-0.180144	1.255287	1.956133	0.524827	-1.582872	1.963222	1.419845
-1.177743	-0.530201	-0.130915	0.398526	0.367661	-0.095024	-0.960645	-1.194106	-0.486780	-1.041248	0.132971	-1.195251	0.875573	1.636991	1.837705	0.492311	0.862638	0.156271	0.691299	1.022142	0.591793	-0.389493	-0.778862	-1.252052	-0.097944	-0.910481	0.323081	0.426525	1.251588	1.615837	-0.682801	-0.918419	1.010509	1.576499	-0.446254	0.340749	-1.293846	-0.967879	-0.923272	-1.065526	-0.374425	-0.987484	-1.576486	-1.688049	-0.070505	-0.329829	0.128644	-0.443114	0.549284	0.265119	1.966562	1.102136	1.747480	-0.045578	0.547794	0.070142	-0.210783	0.058276	-0.519626	-0.491994	-1.161623	-1.366129	-0.226968	-0.353860	1.682301	0.682459	1.591147	0.933054	-0.467208	-0.359544	0.434569	0.093936	0.900580	-0.936981	0.643193	-0.427044	1.052203	-0.276156	-0.800049	-1.843942	0.611905	-0.593683	0.680553	0.860169	0.272284	0.556003	2.196211	0.967870	0.245876	0.794469	-0.478344	0.916864	-0.831125	-0.962114	-0.243724	-0.797176	1.327333	1.378192	1.812749	0.124198	-0.519605	1.811155	-0.375134	0.952060	1.551528	1.031737	0.442355	-0.847563	2.713327	-0.172751
-0.580947	-1.526943	-0.083097	-0.316222	0.788852	0.907096	-0.691462	-1.451369	0.092368	0.045069	0.381235	-2.292028	0.678941	1.682289	1.894655	-0.936846	0.783762	0.069207	0.192402	0.911839	0.316040	-0.331627	0.020122	-2.105734	0.297305	-0.095064	0.082209	-0.211055	0.552769	1.523786	-0.204195	-1.779431	0.418785	0.959516	-0.684807	-0.244049	-1.654273	-2.194212	-0.361508	-2.153389	0.162312	-1.730372	-1.163990	-2.081878	-0.204641	-0.917733	1.023707	0.952535	1.307721	0.790512	2.479607	2.001707	1.530147	0.266236	0.385048	-0.903570	0.023067	-0.056331	0.302985	-0.518358	-0.754971	-0.992016	0.375124	0.720474	1.525766	-0.492706	2.330441	-0.256141	-1.990557	-0.141860	0.840040	0.807454	0.576626	-0.214832	1.462900	-0.711176	0.245251	-1.460056	-1.029186	-1.722975	1.065192	-0.899261	0.249206	0.212091	0.660810	0.444285	1.426628	0.325470	-0.057571	0.475821	-0.206163	1.032406	0.158750	0.159330	-0.127045	-0.335114	1.383909	1.756466	1.865466	0.178796	-0.522544	1.475234	-0.051953	1.513250	1.705723	-0.018308	0.296907	0.170880	1.898565	-1.170374
0.116487	-1.579582	0.663863	-0.159532	1.015613	1.506446	-0.004158	-0.860055	1.025113	1.494809	0.686463	-1.703921	0.986084	1.733976	1.037480	-1.300442	0.774479	0.419771	0.233416	1.217574	-0.000669	0.271857	0.105463	-2.112350	0.416327	0.344416	-0.699833	-0.499380	-0.449377	0.778284	0.216319	-2.081509	0.129601	0.748721	-0.536044	-0.262656	-1.269899	-2.212462	0.142889	-2.170972	0.443665	-1.871691	-0.196219	-1.233577	0.231814	-0.823720	1.815189	2.065171	1.622938	1.465217	1.569559	1.779185	0.965302	1.213603	0.106136	-1.078345	0.534593	0.031776	0.825915	-0.397469	0.134425	-0.168328	0.803716	1.403243	1.282942	-0.774646	1.863653	-1.068778	-1.935950	0.364389	1.128452	1.235162	-0.822535	-0.280035	1.521387	-0.393782	-0.001967	-1.514882	-0.692987	-0.886598	1.088644	-0.471556	0.619571	0.435932	1.254657	0.668939	0.961189	0.423271	0.185221	0.846152	1.138025	1.365284	1.323679	1.609042	0.017026	-0.053231	0.866981	1.818113	1.296230	-0.171208	0.043385	0.980528	0.133678	1.366622	1.484486	-0.095927	-0.329560	0.707087	0.740975	-0.766454
0.786330	-0.460758	1.430569	0.870492	1.115330	1.776296	0.670984	0.291736	1.837159	2.780343	1.055439	0.025456	1.222329	1.518270	0.268031	-0.091080	0.827223	1.511574	0.981296	1.867121	-0.145561	0.847397	0.083893	-0.723633	0.358257	0.795082	-1.146760	0.307257	-0.485185	0.289733	0.375928	-1.947357	-0.199966	0.658283	-0.259093	0.113118	-0.522923	-1.212532	0.701075	-0.995772	0.736161	-0.871157	0.607064	0.154043	0.698292	-0.567856	2.206739	2.162714	1.342886	1.522292	-0.142151	0.505315	0.580482	2.208912	0.306198	-0.116039	0.911454	0.330233	0.899971	0.286697	1.306444	1.042353	1.184875	1.551044	1.671446	0.824069	0.941938	-0.637077	-0.344863	0.476831	1.290379	1.402479	-1.525319	-0.650041	1.187371	0.235422	0.446514	-0.675361	-0.388851	-0.022322	0.770579	0.494801	1.236768	1.239679	1.723400	1.377590	1.471100	1.524417	1.179657	1.822714	2.576005	2.144952	2.153247	2.434569	-0.265916	-0.125377	0.487184	0.984136	0.555786	-0.707605	0.843748	0.989931	0.393641	0.984780	0.714990	0.763448	-1.358783	0.586811	0.325521	0.586231
1.469477	1.107160	1.341503	1.685517	1.399047	2.005441	1.229772	1.438532	2.164838	3.378602	1.323111	1.539488	1.102907	1.022089	0.174473	1.666095	0.696218	2.866452	1.875699	2.364196	0.054858	1.039908	0.833006	1.445756	0.743801	1.804107	-0.617611	1.479610	0.799028	0.408087	0.519733	-1.355494	-0.590102	0.424053	0.064415	0.479834	0.084490	-0.051240	1.282873	0.651777	1.375261	0.938350	1.184006	1.254347	1.033382	-0.438733	2.320827	1.663818	0.633061	0.822029	-1.417688	-0.792301	0.651550	2.523255	0.914283	1.079890	0.854961	0.700447	0.754668	1.157851	2.152470	2.040021	1.771887	1.606112	2.001608	2.865741	0.471293	0.603443	1.218086	-0.172897	1.559180	1.606369	-0.594031	-0.470103	1.112825	0.712602	1.055018	0.152502	-0.264643	0.460942	0.297104	1.271597	1.425989	1.817529	1.798893	1.979060	2.310692	2.829304	2.430379	2.634086	3.081709	2.832773	2.521177	2.366895	-0.604340	0.027463	0.655926	-0.227434	0.242492	-0.765215	1.291208	1.187230	0.929879	0.744672	-0.284838	1.674710	-1.980574	0.249254	0.641591	1.687262
1.916061	1.904611	0.285847	1.381578	1.624943	1.964404	1.545116	1.900910	1.888742	2.937962	1.254017	1.898980	0.840707	0.550718	0.367217	2.320643	0.151803	3.329260	2.151589	2.250611	0.442736	0.938545	2.071608	2.893047	1.789102	2.995338	0.513344	1.704485	2.325208	0.458543	0.850013	-0.398261	-0.702057	0.125864	0.314493	0.493255	0.372565	0.515508	1.538137	1.746641	2.036018	2.288527	1.661013	1.496717	1.292542	-0.318046	2.370955	1.376445	0.003986	0.108122	-1.553304	-1.213219	1.114034	2.085459	1.110239	1.206198	0.509805	0.820914	0.511493	1.307823	2.053925	2.092696	2.338257	1.771152	1.221455	3.164366	0.486341	1.643009	1.326022	-1.164428	1.939357	1.790147	1.158455	0.334591	1.441082	0.618464	1.135524	0.279743	-0.099251	0.474718	-0.336452	1.173318	1.184574	1.677913	1.520257	1.766613	2.413087	3.229566	3.096455	2.642456	2.488511	2.726853	2.477537	1.789754	-0.408050	0.739215	0.868180	-0.861374	0.431868	-0.041789	0.974636	0.961055	1.582145	0.424318	-0.979780	1.795183	-1.600721	0.183602	1.078648	1.766022
1.682048	1.248365	-0.985366	0.117403	1.033993	1.077758	1.309608	1.244745	1.079291	1.486139	0.779084	1.096448	0.544319	0.205295	0.317198	1.264574	-0.648990	2.181093	1.505529	1.423584	0.580378	0.717914	2.505022	2.532251	2.649615	3.221739	1.316967	0.724551	2.624153	-0.387235	1.130769	0.307647	-0.508082	-0.190615	0.195536	-0.048446	0.427832	0.245958	1.153600	1.639302	1.871710	2.051733	1.737260	0.760932	1.070969	-0.263870	2.152569	1.361570	-0.086612	0.084511	-0.835262	-0.870907	1.584240	1.352053	0.381591	-0.008495	0.229638	0.410258	0.162222	0.464616	1.029081	1.122066	2.258498	1.670469	-0.329874	1.403444	0.352066	1.995853	0.175246	-1.607721	1.975594	1.507141	2.280769	0.974281	1.665405	-0.155434	0.433771	-0.305301	0.054842	0.027792	-1.062730	0.199673	0.770212	0.755058	0.990011	0.645437	1.549359	2.257571	2.597184	1.822978	1.299203	1.698192	1.983072	1.073650	0.177680	1.353923	0.443714	-0.688849	0.552239	0.948060	0.075836	0.346921	1.806502	-0.286943	-1.164266	0.906131	-0.626396	0.439435	1.257168	0.949837
0.832194	-0.284436	-1.567357	-1.230093	-0.477279	-0.572905	0.572080	-0.117731	0.061805	-0.402816	0.219838	-0.180988	-0.051700	-0.274612	0.074497	-0.488310	-1.149776	0.167534	0.333740	0.248348	0.145726	0.392337	1.458054	0.745676	2.170569	1.952464	1.361890	-0.421147	1.343846	-1.811798	1.061003	0.172395	-0.550817	-0.727875	-0.365403	-1.026056	0.377736	-0.607979	0.374343	0.513754	0.507815	0.459255	1.058735	-0.432659	-0.129657	-0.656032	1.293781	1.087755	0.233620	0.523578	0.040693	-0.427979	1.561092	0.604713	-0.738676	-1.487712	0.174361	-0.400938	-0.117795	-0.508091	-0.138171	-0.056529	1.352775	1.038553	-1.072617	-0.682998	-0.245458	1.699391	-0.680730	-1.002231	1.349560	0.652278	2.056329	0.801747	1.243950	-1.118501	-0.640059	-1.130777	-0.100819	-0.749528	-1.337392	-0.781258	0.063145	-0.756089	0.153872	-0.759502	0.412502	0.442530	1.062707	0.602997	0.053209	0.266478	1.099422	0.342929	0.390339	0.918367	-0.419074	-0.259085	0.082028	1.382949	-0.691388	-0.098176	1.087239	-1.022967	-0.945108	-0.470655	0.111317	0.687789	1.073372	-0.199036
0.095230	-1.341595	-1.137213	-1.903548	-1.759840	-1.926888	-0.013629	-1.002701	-0.615917	-1.817689	0.119118	-1.065552	-1.000969	-0.943038	-0.082809	-1.467971	-0.867389	-1.066905	-0.611164	-0.610035	-0.733592	-0.032683	-0.201406	-1.006396	0.285484	0.050546	1.026763	-0.662638	-0.474852	-2.351495	0.834631	-0.432411	-1.192591	-1.437417	-0.892027	-1.791538	0.361686	-1.422296	-0.126928	-0.713062	-1.344784	-1.063657	-0.088207	-1.177294	-1.760620	-1.473763	-0.021374	0.421963	0.317758	0.564896	0.740638	-0.071010	0.860680	-0.220732	-1.269799	-1.967109	0.249079	-1.036269	-0.071372	-0.613457	-0.631098	-0.501374	0.275692	0.290208	-0.210303	-1.525407	-0.926379	0.840412	-0.097672	0.189140	0.459017	-0.175505	0.703697	0.122449	0.206702	-1.375442	-1.297897	-1.585587	-0.458905	-1.419702	-0.512025	-0.770427	-1.079563	-2.252306	-0.951863	-1.610948	-0.337780	-1.129173	-0.704199	-0.535519	-0.890886	-0.881308	0.210093	-0.224836	-0.093086	-0.503928	-0.843947	-0.049050	-0.745447	0.925277	-0.729369	-0.158295	-0.437644	-1.008243	-0.378355	-1.362454	0.386419	0.630730	0.381822	-1.103396
-0.039111	-1.194031	-0.194137	-1.744698	-1.618073	-2.028706	0.042478	-0.636639	-0.629581	-2.174629	0.633941	-1.076015	-1.661056	-1.273149	-0.229781	-1.285923	0.051478	-0.792786	-0.874556	-0.744736	-1.542562	-0.421295	-1.168191	-1.656388	-1.751844	-1.162125	0.790513	-0.022546	-1.602618	-1.072520	0.868667	-0.482307	-1.876352	-1.675461	-0.763061	-1.529099	0.524141	-1.499801	-0.068684	-1.146993	-2.513670	-1.420596	-0.977474	-0.993779	-2.350933	-1.916736	-1.056467	-0.212057	-0.225606	-0.193195	1.332495	0.506707	-0.120893	-1.064109	-0.940459	-1.278203	0.275125	-1.020491	0.145308	0.018065	-0.445938	-0.140158	-0.264373	-0.028855	1.099277	-1.286656	-1.238690	-0.292104	1.292223	0.963152	-0.055742	-0.410210	-1.033831	-0.145000	-0.902484	-0.469849	-1.063671	-1.216728	-0.496286	-1.449882	1.171329	0.163498	-2.104818	-2.811730	-1.915699	-1.545302	-0.740691	-1.716018	-1.842067	-1.312437	-1.317739	-1.403000	-0.317893	-0.374054	-0.677122	-1.705409	-0.506156	-0.059946	-1.168412	-0.107319	-0.216041	-0.264869	-1.771954	-0.157467	0.428500	-1.107596	0.531919	0.246655	-0.786457	-1.221096
-0.049352	-0.497255	0.333207	-1.192832	-0.412834	-1.203353	0.310505	0.367842	-0.295824	-1.720592	1.172188	-0.474060	-1.317156	-0.762693	-0.625890	-0.782582	0.817769	-0.027449	-0.703377	-0.508348	-1.776508	-0.652796	-1.322851	-1.455933	-2.658872	-1.323648	0.569199	0.559308	-1.810506	1.000249	1.000949	0.252213	-1.674074	-0.912610	0.065251	-0.185764	0.811124	-0.687811	0.015207	-0.743008	-2.531643	-0.921029	-1.261770	-0.311154	-1.297933	-1.289399	-1.368997	-0.612017	-0.968965	-1.185873	1.695909	1.175486	-0.768339	-1.538353	-0.434493	-0.386033	0.083370	-0.545332	-0.055615	0.299719	-0.308452	0.205771	-0.405176	-0.077566	1.116943	-1.046693	-1.202470	-0.981090	1.775028	0.868284	-0.212054	-0.351903	-2.117714	0.486450	-1.564806	0.974141	-0.293082	-0.105728	-0.112211	-0.810033	2.354208	0.699649	-2.146031	-2.067616	-2.263824	-1.019295	-1.172868	-1.555364	-2.145142	-1.705673	-1.311829	-1.511817	-0.604932	-0.172264	-0.637343	-1.676759	-0.143193	-0.172064	-0.832265	-1.149708	0.036967	-0.846054	-1.801374	0.575600	0.941547	-0.117782	0.622908	-0.301646	-1.793447	-0.380066
-0.688981	-0.411142	-0.049636	-0.904316	0.244514	-0.677934	0.001793	0.714565	-0.246750	-1.185533	0.920730	0.019549	-0.244496	0.233709	-1.174097	-0.773293	0.721515	-0.177924	-0.728626	-0.661953	-1.344067	-0.744267	-1.581548	-1.357697	-2.327984	-1.118106	0.007928	0.327871	-1.741293	1.746603	0.544862	0.732001	-0.586310	0.325655	0.931216	1.143533	0.871940	0.271371	-0.506099	-0.286880	-1.963976	-0.617819	-1.182665	0.100775	0.088721	-0.089404	-1.256942	-1.050350	-1.127095	-1.532559	1.323004	1.154888	-0.876943	-1.375743	-0.462852	-0.269847	-0.385650	-0.264599	-0.935448	-0.404679	-0.713246	-0.144408	-0.808328	-0.466272	-0.293567	-1.171166	-1.024973	-0.744706	0.668013	0.470739	-0.567966	-0.755993	-1.702713	1.499807	-1.624802	1.728469	0.129552	0.972341	0.064130	-0.161553	1.828654	-0.217889	-1.226466	-0.874670	-2.024181	-0.895429	-1.580415	-1.508547	-2.073743	-1.827170	-1.292850	-1.703689	-1.018706	-0.054011	-0.068422	-0.736142	-0.539003	-0.388633	-0.241095	-1.767217	-0.445087	-1.627443	-0.455582	0.302033	0.539077	0.382073	0.365513	-0.825106	-1.775016	0.725117
-1.693528	-1.110459	-0.800023	-1.117256	-0.440543	-1.031081	-0.794626	0.056861	-0.607764	-0.911976	-0.157820	0.019951	0.415289	0.770242	-1.414428	-1.062699	-0.097426	-1.190701	-1.164200	-1.335367	-0.638355	-0.681047	-2.237633	-1.701942	-1.553012	-1.120476	-0.750738	-0.483229	-1.853607	0.388650	-0.573682	0.125847	0.281577	0.854969	1.109703	1.225449	0.437688	0.408367	-1.363329	-0.440564	-1.561293	-0.872825	-0.983618	0.041992	0.111204	0.405890	-1.182671	-1.565739	-0.506306	-0.978389	0.077644	0.145985	-0.697460	-0.804411	-0.876505	-0.902767	-0.876817	-0.462232	-1.832935	-1.440555	-1.269292	-0.880432	-1.554212	-1.230247	-1.520793	-1.103800	-0.651724	-0.066982	-0.746804	0.528304	-1.196449	-1.641405	-0.079398	1.848970	-1.159234	1.193884	-0.235620	1.124626	-0.404295	-0.176826	0.001772	-1.813767	-0.399691	-0.444106	-1.607722	-1.440523	-1.415493	-1.912047	-1.962958	-1.672395	-1.487824	-2.079991	-1.477972	-0.244745	0.314880	-0.029176	-1.321311	-0.597145	-0.101027	-1.728636	-1.087004	-1.833536	1.050071	-0.606717	-0.540747	-0.253706	-0.172040	-1.089068	-0.675073	1.002831
-1.813847	-1.579955	-0.863043	-1.332860	-1.318345	-1.491559	-1.038595	-0.626525	-0.755816	-0.584779	-1.068663	-0.114292	0.062779	0.467310	-1.021039	-0.877549	-0.753667	-1.645554	-1.458422	-1.673711	-0.155048	-0.277705	-2.291520	-1.840205	-0.852656	-1.076497	-0.978885	-0.981659	-1.781100	-1.454076	-1.257646	-0.769908	0.130005	0.305788	0.526143	0.128631	-0.190104	-0.312062	-1.549106	-0.943595	-1.337430	-1.047544	-0.518376	-0.049104	-1.006305	-0.205298	-1.105530	-1.578213	0.322716	-0.015136	-1.091192	-0.869907	-0.376506	-0.239705	-0.915905	-1.356186	-0.876531	-0.670889	-1.685261	-1.604646	-1.178787	-1.088535	-1.879212	-1.586288	-1.208927	-0.454771	0.040536	0.224900	-0.802115	0.958852	-1.354790	-2.037095	1.210302	1.018663	-0.276216	0.058472	-0.790079	0.328269	-0.907432	-0.682187	-1.344795	-2.136849	-0.368123	-0.778613	-1.117338	-1.829704	-0.452083	-2.011519	-1.487287	-1.032753	-1.437013	-2.003737	-1.411879	-0.411464	0.218605	-0.077269	-1.304321	-0.477147	-0.403022	-0.961837	-0.823824	-1.080304	1.391012	-0.902624	-1.098228	-1.167406	-0.330356	-0.784830	0.492624	0.286496
-0.369056	-0.938293	0.008368	-0.900044	-0.765511	-1.020906	-0.100125	-0.403492	-0.087339	0.094182	-0.786693	0.174869	-0.562610	-0.066166	-0.068229	0.025867	-0.550715	-0.645234	-0.936989	-0.887297	0.017334	0.543278	-0.838696	-1.070263	-0.008810	-0.462603	-0.198253	-0.674505	-0.804807	-1.577421	-0.423794	-0.441959	-0.445205	-0.397279	-0.174846	-0.790648	-0.343288	-0.891513	-0.578179	-0.970216	-0.725823	-0.563906	0.408417	0.200387	-1.258968	-0.781747	-0.673784	-0.610459	0.799558	0.779647	-0.925498	-0.719696	0.253105	0.233198	-0.206027	-0.845893	-0.165408	-0.320218	-0.229440	-0.511820	-0.258645	-0.393378	-1.168931	-0.893024	0.248044	0.404177	0.815549	0.195293	0.465242	1.054285	-0.451607	-1.124565	0.909926	-0.312372	0.810718	-0.377556	-0.489227	-0.377905	-0.405173	-0.725207	-0.950780	-0.468472	-0.585373	-0.738234	-0.287345	-1.094380	0.628525	-0.964253	-0.262931	0.145709	-0.503556	-0.839568	-0.563793	-0.144601	0.203198	-0.222555	-0.076257	0.086117	-0.510049	0.334913	0.569799	0.133046	0.488745	-0.052550	-0.299740	-1.007076	0.335365	0.193758	0.746419	-0.362465
1.651525	0.412755	0.759393	0.015597	1.059878	0.254827	1.258080	0.410916	1.099417	0.785445	0.501906	0.809635	-0.408745	-0.161579	1.091933	0.999104	0.296917	0.959467	0.263617	0.538566	0.215379	1.365695	1.395445	0.338078	1.171647	0.584043	1.060729	-0.039952	1.076878	0.210018	1.437636	1.164905	-0.292764	-0.335603	-0.268101	-0.527968	0.166952	-0.590646	0.763470	-0.212970	0.410701	0.224840	1.536610	0.669022	0.456081	-0.086772	0.112117	0.876507	0.912362	1.208757	0.451987	0.271892	1.145147	0.775934	0.757553	0.383205	0.712144	0.405813	1.503433	0.965273	0.727114	0.543544	0.135004	0.463393	1.407111	0.876700	1.192021	0.585555	1.480485	0.577142	1.014958	0.673674	-0.392925	-0.793161	1.675168	0.426687	0.883777	-0.032097	1.165182	0.341523	0.533925	1.579883	-0.260827	0.086902	0.703637	0.377468	0.840951	0.715187	1.190081	1.290851	1.016949	0.889756	0.474501	0.389107	0.904245	0.403960	1.246017	0.669737	-0.163954	1.494562	2.009440	0.915477	-0.515223	1.003334	1.111668	0.204944	1.346315	1.347253	0.247380	-0.097951
2.417801	1.181749	0.224699	0.395610	2.194407	1.114836	1.636705	0.754491	1.741752	0.835148	1.444041	1.053601	0.428272	0.017312	1.909500	1.160834	0.894099	1.462331	1.130741	1.125099	0.604298	1.449765	2.510494	1.234472	2.097874	1.187219	1.570449	-0.012427	2.667739	1.869895	2.542521	2.391421	0.672917	0.218999	0.318327	0.394469	0.719733	0.118092	1.210303	0.672993	1.278645	0.441725	2.170813	0.961778	2.640906	1.488158	0.715560	1.723366	0.813185	1.260566	1.354294	0.546608	1.669166	1.262956	1.110884	1.217019	0.813807	0.672934	2.034416	1.524403	0.782071	0.711301	0.873293	1.357929	1.371252	0.729583	0.907989	1.326908	1.176420	0.062433	1.823681	1.971794	-0.893813	0.124412	1.877276	1.595741	2.210063	1.016126	2.581275	1.954891	1.298138	1.831074	0.295993	0.519515	0.984191	0.942867	0.030030	1.378991	1.666956	1.432471	1.797776	1.650179	0.769549	0.564092	2.067434	1.715404	1.201622	0.632632	0.021401	1.641044	2.186768	0.831758	-0.588556	0.955045	1.439446	0.940904	1.725442	1.711816	-0.080678	0.495437
1.123727	0.577962	-1.350458	-0.461221	1.233748	0.669410	0.573346	0.170414	1.118050	0.078444	0.973785	0.401952	0.828545	-0.122104	1.766905	0.254582	0.531877	0.141193	0.747446	-0.009723	0.755795	0.452940	1.396625	0.714058	1.903471	0.623533	0.605776	-0.971301	2.482057	1.552091	1.795324	2.058178	1.329921	0.424982	0.936427	0.740000	0.693418	0.294977	0.441085	0.831382	0.955777	-0.273844	1.739427	0.763834	2.898148	2.298068	0.570407	1.156193	0.367569	0.848316	0.552714	-0.597383	1.161900	1.211513	0.439437	0.729822	-0.227259	-0.032201	0.780788	0.603812	-0.354748	-0.224668	0.327913	0.997039	0.304927	-0.013676	0.093842	1.280133	0.065967	-0.069926	1.247219	1.689319	0.198088	1.366217	1.316328	1.688147	2.072243	1.419879	2.601162	2.750527	0.366617	0.015240	0.126809	-0.454369	0.090292	-0.256958	-0.933338	0.191764	0.642363	0.234063	0.888533	0.602195	-0.004128	0.038647	2.666483	2.735202	-0.302523	-0.250046	-0.643261	0.577479	0.970326	0.183626	0.131212	-0.282947	-0.061355	0.144928	1.062694	0.740135	0.145003	0.209149
-1.174585	-0.857652	-2.463686	-1.973826	-0.941518	-0.651401	-0.978271	-0.737852	-0.328714	-0.926449	-0.485598	-0.691025	0.080591	-0.671131	0.567283	-1.079815	-0.665536	-2.012424	-0.748891	-2.089292	0.116632	-1.114653	-1.072554	-0.850883	0.644432	-0.761563	-1.179378	-2.228208	0.398505	-0.318341	0.008256	0.980898	0.779293	0.139212	0.933488	0.136081	0.328358	-0.159204	-0.577720	0.227001	-0.416341	-1.334492	0.384278	0.032826	0.888711	1.438495	-0.296828	-0.443862	-0.493470	0.011301	-1.134293	-2.029487	-0.230288	0.420379	-0.892533	-0.860032	-1.735475	-1.318533	-1.428978	-1.153856	-1.934727	-1.627504	-1.055005	-0.360382	-1.145087	-1.247561	-0.842202	-0.064431	-0.807694	-0.147998	-0.262090	0.006084	1.712693	1.438347	0.337348	0.250605	0.321205	0.431738	1.265308	1.944942	-1.430561	-2.014727	-0.871432	-1.880196	-1.130572	-1.966108	-1.145081	-1.691827	-1.023185	-1.374934	-1.062631	-1.257271	-1.222603	-0.834364	1.984764	2.639704	-1.891355	-1.565888	-1.907483	-0.743968	-0.548993	-0.397243	0.641926	-1.495793	-2.243101	-1.375991	-0.051836	-0.990629	0.384767	-1.128077
-2.600040	-1.788993	-2.120212	-2.796748	-2.288674	-1.619715	-1.749943	-1.091243	-1.431041	-1.449065	-1.526501	-1.173111	-1.354818	-1.190987	-0.818999	-1.849950	-1.909979	-3.323928	-2.279590	-3.418932	-1.165737	-2.303297	-2.913983	-1.993145	-0.565616	-1.698465	-2.251134	-2.569983	-1.828969	-1.717064	-1.119845	0.677750	-0.631631	-0.156531	0.366840	-0.694775	0.353056	-0.493354	-0.730028	-0.305106	-1.622102	-1.756302	-1.016028	-0.877840	-1.320405	-0.265486	-1.190463	-1.841358	-1.278630	-0.844783	-1.981691	-2.321890	-1.561059	-0.583114	-2.085159	-2.293288	-2.666570	-2.388217	-3.110566	-2.484160	-2.844200	-2.502011	-2.077641	-1.650589	-2.360393	-2.495111	-1.370969	-1.496457	-1.213234	-0.674872	-1.562891	-1.802191	2.062132	0.388432	-0.526677	-1.658879	-1.670817	-1.233026	-0.252738	0.175611	-2.485555	-2.372081	-1.754490	-1.945705	-1.419030	-2.287745	-0.626228	-2.420568	-2.036925	-2.045157	-2.464330	-2.200490	-1.875307	-1.396205	0.383605	1.467891	-2.313763	-2.601558	-2.748278	-1.165805	-1.365948	-0.533366	0.224265	-1.639762	-3.238530	-2.033329	-0.719951	-2.266542	0.113075	-2.418186
-2.191279	-1.351399	-0.954010	-2.195730	-2.000107	-1.427740	-1.403280	-0.610665	-1.471921	-1.194901	-1.293454	-0.459800	-2.462953	-1.390922	-1.283950	-1.636860	-2.534931	-3.026807	-2.840970	-3.091425	-2.221694	-2.570517	-2.952940	-1.556463	-0.822302	-1.259276	-1.774603	-1.502218	-2.207252	-1.427749	-0.857271	1.267535	-1.783648	-0.325495	-0.077485	-1.037546	0.941886	-0.158963	0.056286	0.031423	-1.653189	-1.066981	-1.541718	-1.322348	-1.833281	-1.364308	-1.360675	-2.036749	-1.326695	-1.215441	-1.575269	-1.492130	-1.982099	-1.022879	-2.537903	-2.407974	-2.647718	-2.819170	-3.342274	-2.579539	-2.551558	-2.343801	-1.918900	-1.938674	-2.858084	-2.835085	-1.185113	-1.535462	-1.577710	-1.452287	-1.886109	-2.434314	1.117093	-0.303173	-0.949429	-2.585747	-2.444952	-2.300244	-0.924701	-1.131698	-2.080322	-0.941637	-1.790022	-0.522174	-0.675673	-1.072896	-0.183410	-1.592711	-1.975985	-1.475744	-2.490793	-1.725088	-1.452175	-1.334663	-1.060643	-0.075904	-1.656431	-2.756258	-2.438359	-0.683789	-1.548292	-0.397051	-0.847294	-0.902767	-2.377278	-1.353498	-0.744442	-2.478253	-0.451708	-2.593831
-0.516510	0.157126	-0.203248	-0.626191	-1.041319	-0.217468	-0.472802	0.372719	-0.714220	-0.359228	-0.180542	0.998385	-2.546789	-1.290642	-0.793030	-0.934990	-2.474695	-1.733987	-2.258911	-1.675904	-2.332960	-2.098754	-1.679442	0.074326	-0.383225	0.102320	-0.617759	0.123757	-0.666534	-0.223597	0.092609	1.487389	-1.856046	-0.590494	0.183486	-0.869365	1.558795	0.692039	0.979796	1.212123	-0.681154	0.302206	-1.000210	-0.859662	-0.917239	-1.316635	-0.700954	-1.090145	-0.622516	-0.954530	-0.983369	-0.538327	-1.470256	-0.712621	-2.194211	-1.204527	-2.102614	-2.600960	-2.282782	-1.642057	-1.434970	-1.437193	-0.846097	-1.181455	-2.422123	-1.700954	-0.589626	-0.467614	-1.920835	-1.631141	-1.365182	-1.597925	-0.019895	0.011921	-1.002142	-2.058422	-1.856798	-2.287948	-0.755609	-1.144858	-0.812880	0.949379	-1.119827	0.700692	0.088091	0.139754	-0.406411	-0.453723	-1.280679	-0.578507	-1.597754	-0.767662	-0.326155	-0.825299	-1.544019	-1.215226	-0.759851	-1.728945	-1.107335	-0.287804	-1.710072	-0.475617	-1.650113	-0.104155	-0.631955	-0.158065	-0.742359	-2.031662	-0.800170	-1.659639
1.200657	1.706744	0.021595	0.945750	-0.478191	1.300188	0.550043	1.442386	0.136344	0.670109	0.849901	2.171525	-1.523052	-0.834312	-0.444510	-0.443433	-1.921924	-0.457165	-1.018210	-0.252459	-1.571536	-1.326602	-0.269232	1.369898	-0.078919	1.041695	-0.446572	1.061676	0.862333	0.322184	0.674401	0.488391	-0.865456	-0.716385	1.020969	-0.463005	1.725381	1.584857	1.417774	2.422639	0.392769	1.468735	0.026357	0.271987	-0.070044	-0.645411	0.246624	0.109373	0.178585	-0.315037	-0.996376	0.139035	-0.657574	-0.178561	-1.356554	0.244207	-1.442374	-1.721270	-0.697908	-0.426392	-0.200965	-0.400296	0.212223	-0.131241	-1.299414	0.257866	-0.258628	0.060467	-1.574258	-0.608173	-0.609870	-0.122495	-0.694518	0.148985	-0.961712	-0.721837	-0.858486	-1.645626	-0.439411	-0.291511	0.326060	2.109536	-0.126198	0.658068	0.244915	0.389888	-0.951273	-0.063882	-0.345641	-0.138862	-0.477296	-0.163709	0.699403	-0.144649	-1.110915	-1.534663	0.029530	0.292560	0.631123	-0.435292	-1.849373	-0.929692	-1.563107	0.435941	0.723149	0.733080	-1.185685	-1.437681	-0.837476	-0.458099
2.129694	2.415150	0.682113	1.896619	-0.229713	2.371244	1.475215	2.274479	0.607301	1.462137	1.150466	2.295025	0.046906	0.034677	-1.008647	-0.202206	-0.894242	0.470785	0.280494	0.740290	-0.493091	-0.435807	0.774971	1.327182	-0.227027	0.808750	-1.716206	1.143423	0.650612	-0.335865	0.492245	-1.163800	0.433649	-0.165136	1.601344	0.021718	1.361168	2.001086	1.313697	2.640990	0.983999	1.890905	0.766913	1.269897	0.046850	-0.031787	0.910594	0.756422	0.510499	0.340750	-1.214523	0.900189	-0.142329	0.025582	-0.348887	0.898239	-0.603898	-0.271709	0.752048	0.579396	0.861682	0.466315	0.678494	0.443155	-0.105875	1.603377	-0.403358	-0.631032	-0.116892	1.218218	0.000066	0.857112	-1.263983	-0.913616	-0.939011	0.525329	-0.246233	-0.916965	-0.431827	0.333865	0.808271	2.272645	1.035580	0.206102	0.188447	0.336716	-0.959978	-0.091319	0.727145	0.074809	0.679738	0.250748	1.157432	0.572374	-0.434186	-1.164385	0.880114	2.381066	2.136342	-0.425551	-1.282642	-1.221676	-0.831605	0.886263	1.363706	1.199978	-1.598289	-0.537160	-0.757339	0.223184
2.024633	2.020952	2.047698	2.091735	0.195311	2.459301	1.863639	2.432596	0.536383	1.585993	0.588663	1.308090	1.095268	0.869617	-1.872837	0.277320	0.479463	1.305194	1.134936	1.425878	0.512359	0.555104	1.645510	0.469499	-0.564088	-0.069323	-2.925734	1.242200	-0.967806	-1.340645	-0.223978	-2.274589	1.027461	0.744136	1.013981	0.322245	0.402070	1.391305	0.695379	1.326256	1.111525	1.695944	0.763848	1.408272	-0.047998	0.265931	1.111726	0.695490	0.386389	0.713949	-0.996748	1.690302	-0.057988	-0.096930	0.562263	0.696813	0.455416	1.106241	1.743973	1.372245	1.898527	1.302478	0.727233	0.370191	0.606600	1.624082	-0.502107	-1.357852	1.742259	2.596726	0.437544	0.817161	-1.918494	-2.105149	-0.763685	1.178259	-0.046239	-0.263493	-0.590636	0.056654	0.586808	1.627796	1.990006	0.499857	0.366843	0.783530	-0.180440	0.235993	1.573304	0.564265	1.653053	0.823981	1.161600	1.137367	-0.193530	-0.675241	1.516034	3.163306	2.801598	0.353029	0.232697	-0.620600	-0.136178	1.110584	1.625404	1.334442	-1.088388	0.932998	-0.524449	0.256774
1.005628	0.856590	2.896895	1.634682	0.570378	1.468433	1.060496	1.531962	-0.071537	0.897180	-0.563699	-0.228843	0.806780	0.925039	-1.824021	1.146621	1.536636	2.060937	1.185979	1.731498	1.336818	1.414250	2.265869	0.035098	-0.905632	-0.596865	-2.240952	1.745357	-2.189650	-1.574546	-1.118459	-2.245846	0.378620	0.778211	-0.816793	0.032793	-1.188513	-0.372593	-0.449764	-1.041982	0.947190	1.329075	0.027664	0.633425	0.072133	0.277666	0.906510	0.239954	0.199553	0.616147	-0.457258	1.716686	-0.150158	-0.160119	1.145791	0.436499	1.293200	1.544814	2.150022	2.011885	2.891342	2.224902	0.749975	-0.004845	0.751054	1.105675	-0.093852	-0.832181	2.620992	2.485358	0.637033	0.094699	-1.888158	-1.577145	-0.280390	1.172283	0.034226	0.304137	-0.632838	-0.848942	-0.126525	0.343634	1.952527	1.157444	0.469777	1.259553	0.579880	0.695094	1.516317	1.052175	1.757975	1.182112	0.972847	1.204517	-0.586126	-0.611241	1.177584	1.964970	2.226233	1.232429	1.850380	0.827058	0.331326	0.713971	1.543933	1.025481	0.333265	2.417510	0.061182	0.170647
-0.395167	-0.374472	2.045707	0.796289	0.345478	-0.043904	-0.786384	-0.128758	-0.916810	-0.118106	-1.640864	-1.456195	-0.414137	0.156136	-0.660215	1.861083	1.541114	2.258259	0.472592	1.353427	1.804197	1.715728	2.055883	0.474284	-1.305895	-0.401045	0.309795	1.845950	-1.860442	-0.822516	-1.883855	-1.401334	-1.033218	-0.559962	-2.717276	-0.763376	-2.777956	-2.357284	-1.617326	-3.012377	0.565782	1.075801	-0.944863	-0.351195	0.092876	0.085596	0.355569	-0.250988	0.281068	0.103438	-0.102669	0.624293	-0.093456	0.003368	1.356962	0.805113	1.453826	1.009123	1.969746	2.323159	3.377633	2.952863	0.761849	-0.286716	0.693948	1.279797	0.506297	0.499252	1.874390	1.121259	0.367459	-0.577426	-0.510487	0.596931	0.315307	0.733206	0.062541	0.697061	-0.633107	-1.548103	-0.818927	-1.146165	0.590595	0.958623	0.021610	0.808948	0.315568	0.386845	0.410249	0.816849	0.632848	0.730446	0.595365	0.662466	-1.259324	-1.005202	-0.125916	-0.253054	0.739547	1.065458	2.401886	2.007064	1.062692	-0.025735	0.880873	0.322876	1.453434	2.877913	0.846420	0.642122
-1.294371	-0.958012	0.132185	0.044115	-0.205114	-1.082599	-2.309877	-1.452979	-1.352739	-0.546964	-1.838754	-1.642443	-1.137512	-0.449351	0.446791	1.760589	0.575255	1.539711	-0.421223	0.450590	1.571594	1.240860	0.836492	1.106038	-1.654732	0.187406	2.762054	0.796508	-0.547881	0.161884	-2.187882	-0.480317	-2.045645	-2.001981	-3.109106	-1.179736	-3.095178	-2.964406	-1.780620	-3.142408	0.117129	0.980169	-1.380085	-0.614393	-0.312690	-0.189408	-0.352568	-0.531621	0.578773	-0.463538	0.001226	-0.636531	0.240145	0.113182	1.409457	1.593832	1.156501	0.545152	1.358186	2.085998	2.918449	3.036788	0.529379	-0.313833	0.824990	2.238575	0.661397	1.066986	0.290678	-0.150372	-0.367254	-0.738613	1.395244	2.325041	0.571810	0.197277	-0.067679	0.839686	-0.887599	-1.489260	-0.796464	-1.893313	-1.209761	-0.179917	-0.717366	-0.446469	-0.986523	-0.740389	-0.896349	-0.159372	-0.924970	-0.332308	-0.032731	-0.010282	-1.670742	-1.432051	-1.048381	-1.577369	-0.489751	-0.086973	1.534467	1.663342	2.324226	-0.060400	-0.032043	-0.228142	1.208599	2.017807	1.252196	1.795535
-1.125288	-0.653084	-0.940545	-0.167671	-0.107630	-0.964789	-2.191715	-1.506728	-0.869437	0.140127	-0.884550	-0.661135	-0.479886	0.021163	0.361630	0.798144	-0.481621	0.229448	-0.802876	-0.212743	0.543646	0.204082	-0.571131	1.134190	-1.611353	0.778007	3.400690	-0.762146	0.453298	0.498816	-1.792060	-0.017396	-1.900874	-1.886470	-1.621419	-0.422435	-1.503810	-1.463418	-0.494593	-1.286254	-0.138210	1.006171	-0.866050	0.151625	-0.821374	-0.418325	-0.786936	-0.465345	0.631859	-0.686043	0.196727	-0.713217	0.699945	-0.152690	1.467205	1.899427	1.013440	0.999649	0.537054	1.306590	1.669873	2.360988	0.070611	-0.144744	1.145194	2.845017	0.344610	0.237583	-0.776871	-0.328208	-1.067447	-0.509950	2.102512	2.019006	0.254152	-0.246164	-0.335608	0.718351	-1.411967	-0.894215	0.207065	-1.114923	-1.997740	-0.956204	-1.010548	-1.378755	-2.256134	-1.551104	-1.358328	-1.031319	-1.623966	-1.126762	-0.655270	-0.144964	-1.571911	-1.534458	-0.314405	-1.047029	-0.382240	-0.912457	-0.106887	-0.258357	3.368428	1.111626	-0.281732	-0.043311	0.005292	0.632680	0.868370	2.879147
-0.256990	0.093603	-0.285395	0.232725	0.926097	0.061221	-0.673496	-0.531905	0.295683	1.465378	0.569402	0.789461	0.800578	1.190083	-0.552636	-0.374676	-0.924986	-0.875104	-0.520481	-0.092652	-0.748398	-0.907656	-1.078004	0.582276	-1.041845	1.211901	2.454654	-1.465326	0.675575	-0.001268	-0.830250	-0.051767	-0.944345	-0.250474	0.332057	1.048319	0.971173	1.017876	1.305633	1.141263	-0.080159	1.058406	0.110332	1.199418	-0.904633	-0.579072	-0.610096	-0.100847	0.044477	-0.482760	0.578326	0.494400	0.995028	-0.663903	1.360888	1.154515	1.132733	1.812625	-0.292843	0.241926	0.308931	1.270495	-0.274228	0.046689	1.327023	2.195741	0.120020	-0.995831	-0.781228	0.189310	-1.165652	-0.311236	0.976758	0.189733	-0.363726	-0.639124	-0.570100	0.286420	-1.811750	-0.434513	1.565872	0.797139	-1.237937	-0.428618	-0.614807	-1.280800	-2.434134	-1.129189	-0.825386	-1.124092	-1.115044	-1.124342	-0.831222	0.311986	-1.163468	-1.335560	1.572982	0.404300	0.875270	-0.553460	-1.525638	-2.268891	3.062563	2.510811	0.454930	0.783575	-0.826620	-0.339667	-0.028774	2.834436
0.414859	0.597105	0.967534	0.823893	1.881594	1.055222	0.724251	0.344062	1.230917	2.280764	1.443935	1.615139	1.253415	1.758653	-0.834656	-0.923388	-0.791868	-1.167016	-0.009796	0.498281	-1.429961	-1.591216	-0.478214	0.117876	-0.240363	1.356487	1.303999	-0.932598	0.679997	-0.726717	0.170110	-0.244308	-0.110053	1.209981	1.001348	1.790033	2.419556	2.422502	2.160964	2.392658	0.174290	0.948648	0.586715	1.393174	-0.518932	-0.671540	0.032460	0.339412	-0.878914	-0.095871	0.804597	1.578979	0.930465	-0.868393	0.891829	-0.072187	1.021928	1.717150	-0.840617	-0.663026	-0.523479	0.264118	-0.224338	0.138613	1.142853	0.725315	0.220687	-1.363691	-0.273514	0.295025	-0.617381	-0.263683	-0.756719	-1.557072	-0.734516	-0.996444	-0.615004	-0.422133	-1.663563	-0.428967	2.181830	2.354613	0.151717	0.759228	0.004314	-0.542290	-1.466942	0.082905	-0.027831	-0.619167	-0.212967	-0.581032	-0.427484	0.721353	-0.762227	-0.994137	2.748306	1.179756	1.888189	0.370625	-1.960955	-2.582483	1.327635	2.662790	1.287544	1.499676	-0.731508	-0.665073	-0.683238	1.442234
0.505638	0.683091	1.164831	1.036881	1.567034	1.279879	0.905241	0.392602	1.151907	1.835766	1.151920	1.227961	0.572304	1.091121	0.214701	-0.448570	-0.425106	-0.667932	0.293924	0.855126	-1.066146	-1.473413	0.447872	0.234785	0.373525	1.082120	0.640696	-0.063134	0.959103	-0.844324	0.671606	-0.222331	0.161408	1.259686	0.270335	1.062009	1.907087	1.773290	1.648300	1.917828	0.457849	0.582787	0.271250	0.532661	0.077199	-0.450202	0.716836	0.743355	-1.233091	0.217568	0.558611	1.195717	0.545217	-0.307532	0.328684	-0.484238	0.461456	0.542109	-0.697925	-0.869137	-0.593025	-0.292003	0.239406	0.296681	0.695188	-0.336326	0.170080	-0.702631	0.018746	-0.344020	0.197634	0.062643	-1.502399	-2.230147	-0.514501	-1.111145	-0.329345	-0.997602	-0.826020	-0.400388	1.456928	2.342114	0.809988	1.216276	0.384691	0.076020	-0.178637	0.921261	0.366066	-0.089780	0.300606	0.013767	0.295350	0.640041	-0.361139	-0.448630	2.119361	0.861726	1.517905	0.733622	-1.200278	-0.884935	-0.547284	1.344549	1.171348	1.467015	-0.433914	-0.603345	-0.550216	-0.171848
0.406193	0.814003	0.021600	0.656455	0.040947	0.786386	0.140602	-0.079002	0.102157	0.465670	-0.034834	0.052850	-0.133097	-0.002376	1.607357	0.702231	0.051784	0.048710	0.394496	0.733038	-0.065061	-0.460671	0.879374	0.805817	0.604863	0.499415	0.183713	0.282250	1.204019	-0.071251	0.544424	0.162196	0.244163	0.502183	-0.266422	-0.112519	0.256839	0.075387	0.617932	0.620150	0.661086	0.162361	-0.015199	-0.234974	0.899536	0.484436	1.253624	1.277316	-0.464253	0.404582	-0.078592	-0.418286	0.105108	0.909061	0.178465	0.573422	-0.067211	-0.434821	0.262278	-0.093746	-0.063816	-0.248680	1.015588	0.928133	0.196185	-0.331993	-0.468588	0.236104	0.029778	-0.993975	1.044581	1.134689	-1.083273	-1.877836	0.183158	-0.817647	0.477908	-0.772317	0.628933	0.463148	-0.218722	0.965317	0.291371	0.448939	0.563125	0.284797	0.631734	0.888531	0.319164	0.210545	0.509408	0.434058	1.070463	0.442693	0.350828	0.479054	0.480407	0.354427	0.109861	0.314413	0.189179	1.234339	-1.302504	-0.174071	0.258775	0.751476	-0.706515	-0.365251	0.247786	-0.521595
0.470759	1.348965	-1.367834	-0.000657	-1.421736	0.153276	-0.633656	-0.403474	-1.127471	-0.826390	-1.355481	-0.949169	0.112607	-0.254468	1.929996	1.665236	0.615811	0.340120	0.581058	0.466062	0.813630	1.064957	0.696599	1.326714	0.508391	-0.114361	-0.148029	0.146346	0.842726	1.002226	0.085112	0.790581	0.632539	0.362722	0.677499	-0.045600	-1.035197	-0.862775	-0.056752	-0.282960	0.661554	-0.008710	0.627540	0.271096	2.049267	2.048617	1.688287	2.012279	0.960775	0.569116	-0.719388	-1.741841	-0.011519	2.099504	0.409388	2.258857	-0.086295	-0.161747	1.471407	1.238484	0.608000	0.231463	1.907029	2.100385	-0.290689	0.246520	-1.373355	0.834778	0.155340	-0.970422	1.901336	2.643112	-0.643033	-1.035530	0.880511	-0.335118	1.797577	0.465410	2.440862	2.274604	-1.860144	-0.535973	-0.621510	-0.663912	0.801543	0.278156	0.812911	0.488123	0.148662	0.401212	0.842482	0.612556	1.769564	0.703298	1.450714	1.623931	-0.623831	0.433493	-0.954231	-0.237585	1.073657	1.837493	-1.065215	-0.608455	-0.348572	-0.059316	-1.331006	-0.110552	1.076811	0.616729
0.422585	1.891441	-1.916696	-0.365245	-1.668771	-0.167222	-0.900168	-0.433984	-1.678673	-1.353901	-2.059938	-1.194878	0.998576	0.591581	1.122725	1.772649	1.086160	0.028063	1.030512	0.428141	1.241593	2.282395	0.295117	1.409045	0.251796	-0.678938	0.116333	-0.056100	-0.048787	1.437748	-0.322558	1.338593	1.280312	1.235321	2.391197	1.485758	-1.285505	-0.323576	-0.378994	-0.406185	0.379105	0.045767	1.845278	1.653655	3.010540	3.319897	1.859073	2.468537	1.993584	0.795198	-0.935057	-1.606340	0.400755	2.498642	0.395211	2.999898	0.202955	0.829555	1.975303	2.078583	0.810574	0.583741	2.440962	3.036055	-0.735860	0.442167	-1.820306	1.033008	0.501121	-0.482514	2.463690	3.451850	-1.019119	-0.301033	1.066814	-0.066298	3.032185	1.970689	3.920077	3.950065	-2.581862	-1.210689	-0.776614	-0.872860	1.160867	0.330147	0.718383	0.371637	0.106099	0.643797	1.257671	0.510898	2.112051	1.205561	2.400866	2.357126	-0.558216	0.864685	-0.759998	-0.457614	0.743776	0.644438	-0.931833	0.040141	-0.035743	-0.408402	-1.609230	-0.113309	1.353054	1.846026
-0.121872	1.665601	-1.402774	-0.087369	-0.711035	-0.159541	-0.758350	-0.517134	-1.238820	-1.204902	-1.714490	-0.837973	1.563150	1.581029	0.435170	1.157246	1.303590	-0.509766	1.599483	0.638501	1.442720	2.426996	0.005926	1.018966	0.041544	-1.305826	0.941476	-0.223866	-0.702226	0.937317	-0.499865	1.417099	1.777609	2.159738	2.893461	2.755829	-0.886150	0.806262	-0.717955	-0.196359	-0.005703	-0.080435	2.211001	2.181385	2.823986	3.291426	1.397759	1.940868	1.943701	0.995780	-0.486270	-0.282748	1.024696	1.837360	-0.112203	2.143115	0.322114	1.240773	1.331238	1.575951	0.136638	0.139132	2.041512	2.637565	-0.913080	-0.131560	-1.498870	0.961757	0.666986	-0.157403	2.122236	2.669519	-1.726764	-0.121486	0.614555	-0.049162	3.219105	2.597212	4.092539	4.107069	-2.014450	-1.073483	0.247135	0.163869	1.456739	0.575667	0.675012	0.599706	0.295881	0.959487	1.327123	0.286170	1.642043	1.097144	2.480169	2.184029	0.141605	1.051804	0.337277	-0.423609	-0.231887	-0.732689	-1.453016	0.717819	0.658303	-0.110266	-1.343275	-0.463453	1.002674	1.661629
-0.856567	0.524985	-0.249684	0.660072	0.561647	-0.021519	-0.443646	-0.858272	-0.151805	-0.839370	-0.462079	-0.395301	1.433228	1.669113	0.742532	0.574444	1.381338	-0.796104	1.902279	0.819217	1.665029	1.431762	-0.089093	0.396092	0.098493	-1.856547	1.298125	-0.407218	-0.455664	0.232843	-0.491417	0.868332	1.943307	2.131403	1.266961	2.098794	-0.486189	1.303194	-0.957146	-0.107509	-0.039965	-0.659272	0.948730	0.841456	1.322891	2.073861	0.341440	0.447947	0.915692	0.924052	0.448887	0.965641	1.123334	0.511434	-0.402613	0.620665	0.259560	0.758540	0.089239	-0.068496	-1.145261	-1.162966	0.703699	0.796514	-0.538839	-0.969735	-0.644062	0.635574	0.293184	-0.173491	0.774011	0.755705	-1.684412	-0.466624	-0.062812	0.107700	2.004307	1.979357	2.638977	2.644477	-0.443621	-0.661398	1.767918	1.547550	1.443579	0.962350	0.671353	0.823712	0.670116	1.196608	0.903686	0.275495	0.316246	0.063275	1.663195	1.440528	0.653988	0.891102	1.271083	-0.176999	-0.578846	-0.638267	-2.048605	0.514961	0.813165	0.576312	-0.786766	-0.748836	0.409581	0.123306
-0.979643	-0.682048	0.931100	1.322551	1.444316	0.198793	0.002495	-1.204770	0.943714	-0.460844	0.928074	-0.235366	1.016713	0.764752	1.548391	0.586939	1.524503	-0.675557	1.643795	0.705090	1.857162	0.052749	0.053168	-0.116399	0.599771	-1.809337	0.393222	-0.412241	0.577432	0.342968	-0.435134	0.010736	1.993870	1.216251	-1.161293	0.042296	-0.316665	0.999728	-0.630707	-0.080045	0.640071	-1.334258	-0.894182	-1.293644	-0.248255	0.942666	-0.596018	-0.963290	-0.400090	0.437666	1.257653	1.151572	0.321031	-0.732403	0.347180	-0.105713	0.391167	0.339719	-0.716888	-1.644997	-2.078123	-2.420987	-0.688251	-1.139552	0.338964	-1.258425	0.426927	0.104779	-0.439150	-0.304172	-0.677772	-0.769905	-0.615851	-0.774148	-0.412327	0.612636	0.272919	0.947347	0.587042	1.032191	1.265063	-0.357861	2.657308	2.058963	1.023732	1.279042	0.530472	0.898724	0.979695	1.117044	0.363864	0.624996	-1.091927	-1.112205	0.787449	1.057986	0.577161	0.631541	1.321681	0.431920	0.175065	0.843635	-1.897682	-0.532203	0.161287	1.080217	0.021745	-0.452824	-0.055932	-1.307169
-0.210441	-0.951639	1.592813	1.515355	1.946994	0.599380	0.611769	-1.143201	1.583881	0.083368	1.591477	-0.363794	0.747768	-0.357710	1.858662	1.034899	1.677358	-0.249459	0.969761	0.336344	1.890177	-0.754531	0.488910	-0.241441	1.524264	-0.830744	-1.080512	0.047199	1.612443	1.476862	-0.457013	-0.559529	2.147532	0.286136	-2.248336	-1.212518	-0.236176	0.681335	0.254372	0.155878	1.868549	-1.383010	-1.510675	-2.224389	-0.462014	0.915564	-0.727354	-1.254148	-1.183994	-0.217425	1.337770	0.349428	-0.769023	-1.243502	1.868270	0.419703	0.829037	0.788043	-0.548899	-2.003470	-1.820036	-2.520066	-1.145366	-1.702065	1.251854	-0.683894	1.479241	-0.318278	-1.017685	-0.567512	-1.150612	-0.922140	0.629516	-0.572092	-0.350692	1.053048	-0.605639	0.578981	-0.537623	0.607715	2.113826	-0.252392	2.393034	1.461910	0.416014	1.359922	0.319690	1.036209	0.957389	0.683875	0.175970	1.101922	-1.611432	-1.425836	0.589254	1.417928	0.017816	0.339785	0.643908	1.094061	1.207629	2.222734	-0.937000	-1.649557	-0.750868	0.959452	1.204194	0.329336	-0.332184	-1.475757
0.701306	-0.291527	1.492167	1.393836	2.274299	1.019906	1.203172	-0.598237	1.647103	0.798708	1.300533	-0.513211	0.562535	-0.973125	1.482809	1.320234	1.514524	0.309275	0.354302	0.017690	1.764154	-0.630204	1.029900	0.004531	2.447608	0.580044	-1.619328	0.892115	1.881354	2.750072	-0.592334	-0.527045	2.216692	-0.027688	-1.414155	-0.455430	-0.107206	0.844501	0.946863	0.498961	2.852867	-0.605948	-0.508432	-1.382653	0.497203	1.534714	-0.282230	-0.650265	-0.971475	-0.539657	0.666084	-0.581778	-1.093234	-0.811659	2.892860	1.281592	1.215846	1.599103	0.142049	-1.182868	-0.637025	-1.415603	-0.720120	-1.017179	1.647346	0.290650	2.134313	-0.230898	-1.170258	-1.168583	-0.663340	-0.324549	1.153759	-0.087955	-0.273635	0.864082	-0.245795	0.992354	-0.394410	0.927012	1.655536	-0.351257	1.429389	0.730205	0.031035	1.301726	0.418071	1.340867	0.642707	0.230458	0.352955	1.354326	-1.158181	-0.861935	0.765459	1.711797	-0.573428	-0.047459	-0.026520	0.991303	1.526031	2.409486	0.164065	-2.093960	-1.172871	0.369514	2.358675	0.884125	-0.459850	-0.671368
0.728738	0.184404	0.848955	1.276047	2.168016	0.883893	1.381469	0.031411	1.208765	1.158954	0.544694	-0.408552	0.126160	-1.039930	0.942173	1.026482	0.789844	0.695041	0.032199	-0.106636	1.435161	0.018042	1.187947	0.208278	2.631697	1.297436	-0.699645	1.548730	1.260533	2.959073	-0.685589	-0.110871	1.722289	0.086495	-0.096872	1.081021	0.012408	1.048258	0.658733	0.461620	2.650637	0.243059	0.615246	-0.215588	0.900965	1.441962	-0.199333	-0.380691	0.019832	-0.275437	-0.163474	-0.858355	-0.417910	0.148818	2.430805	1.210143	1.121747	1.537796	0.382100	-0.354868	0.169862	-0.351722	-0.452330	-0.596713	1.264676	0.838967	1.997719	0.353414	-1.000746	-1.686077	-0.274748	-0.339373	1.048450	0.128478	-0.371021	0.185826	0.394699	1.351697	-0.114513	0.488836	0.337275	-0.616706	0.558279	0.799280	0.020229	1.326938	0.987973	1.440524	0.362231	0.144503	0.410335	1.209430	-0.621976	-0.353069	0.408278	0.881863	-0.673379	-0.352556	-0.128369	-0.035414	1.077993	1.632747	0.703898	-1.674030	-0.786930	-0.087118	2.610154	0.685665	-0.366237	-0.028091
-0.186599	-0.467174	0.189392	1.023913	1.220776	-0.188323	0.977989	0.308398	0.497861	0.582356	-0.036839	0.013262	-0.623762	-0.921319	0.398711	0.196697	-0.301562	0.577360	-0.226254	-0.271417	0.712260	0.571615	0.664337	-0.106788	1.694981	0.653992	0.665293	1.388002	0.314333	1.697927	-0.375102	0.335250	0.496314	0.012032	0.213380	1.334321	0.021074	0.656195	-0.524231	-0.177799	1.022153	0.211169	0.465466	-0.227276	-0.341415	0.107246	-0.893320	-1.020420	1.059461	0.346419	-0.498824	-0.340120	0.366989	0.812222	0.679495	-0.188807	0.443557	0.189476	-0.284259	-0.485017	-0.334654	-0.466222	-0.981780	-1.278197	0.288791	0.464778	1.224824	0.813619	-0.598023	-1.054826	-0.599995	-1.243410	1.044240	0.145352	-0.240031	-0.088937	0.299719	1.012632	-0.628472	-1.035513	-0.836974	-0.791460	0.142159	1.367530	0.102020	1.409125	1.511769	0.869074	0.355297	0.449117	-0.045154	0.722301	-0.679413	-0.527233	-0.637757	-0.854900	-0.117752	-0.266113	0.221054	-0.794349	0.508018	0.666353	0.463309	-0.700113	0.121577	-0.059747	1.688000	0.053320	-0.115439	-0.231659
-0.878460	-1.764403	0.027842	0.295748	-0.207266	-1.617046	0.450647	0.291017	0.052630	-0.610492	-0.054214	0.627936	-1.234978	-0.713849	-0.536444	-0.768799	-1.063319	0.128153	-0.563365	-0.612273	-0.397870	0.790266	-0.139862	-0.899305	0.301839	-0.700291	1.186536	0.458128	-0.235278	-0.148742	0.636045	0.772525	-0.872033	-0.473353	-0.239154	-0.031770	0.073225	-0.142599	-1.538059	-0.885370	-1.084428	-0.702551	-0.400156	-1.055121	-2.093634	-1.441311	-1.602555	-1.635233	1.538696	0.954503	-0.166398	0.573474	0.419202	0.659507	-1.242362	-2.090507	-0.461371	-1.397634	-1.192569	-1.184513	-1.525913	-1.390090	-1.649808	-2.068102	-0.689797	-0.545267	0.594711	0.551409	0.162190	1.006420	-0.954437	-1.835985	1.296971	0.668052	0.507694	0.682033	-0.335551	0.292383	-1.317837	-2.199224	-1.021161	-0.422539	0.105560	1.389753	0.042553	1.255722	1.282728	-0.132066	0.596491	0.890509	-0.676560	0.159472	-0.910316	-0.904932	-1.373706	-1.982554	0.638130	0.172767	0.505066	-0.015734	0.276236	-0.095622	-0.240835	0.327040	0.953897	0.255314	0.533051	-0.116820	-0.110210	-1.029602
-0.180777	-2.194562	0.623177	-0.517583	-0.944798	-2.156856	0.544095	0.418615	0.508491	-1.144532	0.621652	1.239209	-1.071070	-0.165743	-1.760391	-1.334436	-0.762144	0.142198	-0.533182	-0.637263	-1.388994	0.794754	-0.381489	-1.495683	-0.227813	-1.279344	0.677163	-0.262264	-0.089947	-1.105067	2.108638	1.258981	-1.402497	-0.893985	-0.150443	-1.368259	0.568966	-0.463879	-1.269933	-0.821132	-2.138950	-1.466517	-0.323317	-1.119255	-2.271368	-1.811275	-1.329565	-1.045631	1.425067	1.390536	0.512732	1.396944	0.008557	0.060970	-2.155730	-3.126074	-0.857515	-1.756921	-1.160033	-1.196032	-1.836871	-1.686448	-1.391518	-1.561875	-0.953620	-1.269826	0.705917	-0.148804	1.214556	2.944175	-0.438627	-1.078096	1.084684	1.849148	1.458661	2.017323	-0.510526	-0.061428	-0.979563	-1.729561	-0.072203	0.688441	0.374669	0.617790	0.104219	0.800363	0.448671	-0.508859	0.993090	1.303150	-0.600340	-0.030062	-0.495943	-0.648473	-0.911719	-1.465333	0.894335	0.508605	0.520323	1.810031	0.379435	-0.514252	-0.801299	0.950189	1.217831	0.590079	0.318658	0.671112	-0.583719	-1.680921
1.633289	-0.996040	1.751349	-0.314915	-0.262828	-1.233528	1.367429	0.795030	1.803631	-0.168868	1.723237	1.534236	0.008125	0.704760	-2.184389	-1.165406	0.541806	1.098111	0.385637	0.282814	-1.633334	0.644760	0.304402	-1.258471	0.626255	-0.307703	0.016353	0.257659	0.481492	-0.529470	3.153883	1.454438	-0.705322	-0.670902	0.809074	-1.207877	1.606181	0.161465	0.288248	0.148844	-1.423726	-1.201166	1.046937	0.101186	-0.529617	-0.865779	-0.202806	0.450030	1.056827	1.562859	1.091971	1.861494	0.002324	-0.116583	-1.545452	-2.484555	-0.122223	-0.585232	0.173547	-0.009584	-0.599167	-0.648386	-0.210000	0.024181	-0.205661	-0.941558	1.293158	-0.287549	1.937862	2.671938	0.558024	0.431767	-0.021596	2.606708	1.689025	2.696913	0.137420	0.134569	0.249130	-0.291077	1.370430	2.019372	0.912637	-0.001119	0.664883	0.514497	0.053653	0.519071	1.477383	1.606784	0.545871	0.482738	0.483968	0.175924	0.232407	-0.110316	0.479802	0.387107	0.560380	2.650899	0.614326	-0.334298	-0.736621	0.941146	0.776283	0.960523	0.983097	1.805869	-1.009135	-1.573863
2.938917	0.807299	2.609078	1.231992	1.077074	0.275518	2.041827	0.901149	2.781323	1.485162	2.414139	1.126496	1.282961	1.261619	-0.951520	-0.492649	1.667475	2.227921	1.794888	1.770627	-1.109638	0.213779	1.268502	-0.334333	1.753395	1.332350	0.016964	1.738991	0.927319	0.679088	2.899427	0.844031	0.487531	0.088475	1.483127	0.031552	2.498727	1.155882	1.856991	1.143136	0.173845	-0.179636	2.143699	1.291969	1.166143	0.197098	0.605733	1.328749	0.636286	1.212744	1.306032	1.899578	0.573664	0.407207	0.068404	-0.633342	1.442699	0.901866	1.753650	1.410958	1.138370	0.835501	0.804450	1.079246	1.033448	0.220833	1.596611	0.571352	1.629887	0.122225	0.715869	1.182162	-1.153948	1.811363	0.883497	1.996149	0.838876	0.372679	0.855629	0.406088	2.291966	2.557018	1.374663	0.340189	1.475747	0.919023	0.673362	2.278334	1.778734	1.559451	1.876568	1.444074	1.038600	0.611650	0.641925	0.359281	0.015209	-0.034017	0.818927	1.277920	0.717344	0.433717	-0.093770	0.489022	-0.093011	1.267091	1.266709	2.021280	-0.599119	-0.609292
2.455355	1.519632	2.275368	2.701770	1.508570	0.967583	1.603158	0.327915	2.154890	2.019166	1.824322	0.018851	1.671237	0.848934	1.102090	-0.033474	1.259424	2.170091	2.395144	2.368478	-0.506624	-0.474923	1.440634	0.463974	1.530073	1.990904	0.566695	2.485196	0.807905	1.009503	1.406677	-0.423450	0.960424	0.610091	0.874007	0.780569	2.246992	1.517169	2.034017	1.218994	0.997446	0.603378	1.539109	1.054575	0.915042	0.256435	0.339992	0.772940	0.089467	0.207918	1.089007	1.492028	0.981799	0.909609	1.343792	0.994131	2.448884	1.244417	2.120701	1.767397	1.846549	1.421744	0.860321	0.717673	1.764645	1.114015	1.231074	1.531199	0.427317	-2.231053	-0.373535	0.669920	-0.967438	-0.036912	-0.250420	0.342405	0.700819	0.185874	-0.042644	-0.192388	2.017974	1.772362	1.158180	1.113310	1.700928	1.759685	1.440229	2.994936	1.419673	0.902292	2.016572	2.042285	0.569241	0.087755	-0.283414	-0.613255	0.221895	-0.299605	0.923092	-1.132577	0.413560	1.032603	0.550503	0.133404	-0.766234	0.960975	0.384635	0.768737	0.490161	0.683888
0.655562	0.737277	0.592126	2.214697	0.426703	0.502531	0.200142	-0.420567	0.014929	0.750508	0.093502	-1.037412	0.732407	-0.370665	1.955424	-0.297494	-0.708724	0.700483	1.308435	1.094283	-0.465293	-1.047217	0.491014	0.537174	-0.241668	1.085102	0.857689	1.140592	0.087155	-0.055952	-0.262808	-1.372406	0.192527	0.272132	-0.440251	0.248368	0.708673	0.865513	0.711898	0.494784	0.327054	0.686280	-0.138282	-0.225866	-0.849097	-0.616436	-0.434930	-0.347111	-0.625065	-0.995485	0.438797	0.614114	0.628930	0.561067	1.112452	1.231458	1.607708	0.207046	0.992128	0.993215	1.266830	0.929754	0.320885	-0.186247	1.435031	0.920048	0.427592	1.303704	-0.611990	-1.952738	-1.500023	-0.100453	0.577428	-1.140549	-0.844418	-1.235590	-0.235527	-0.382770	-1.461239	-1.033491	0.754708	0.321221	0.013930	1.023554	0.821164	1.968322	1.030709	1.623596	0.278504	-0.192054	0.665853	1.639264	-0.335430	-0.817047	-1.624440	-1.849843	1.012824	-0.156387	0.349326	-2.263810	-0.310875	0.504038	0.663260	0.286416	-0.607315	-0.305122	-0.785186	-0.985478	1.036012	1.472660
-0.768790	-0.281010	-1.502156	-0.336659	-1.146153	-0.150627	-0.953843	-0.353253	-2.032883	-1.049255	-1.469321	-1.117481	-0.872924	-1.503753	0.633884	-0.992132	-2.670530	-0.769445	-0.832712	-1.210159	-0.870941	-1.124506	-0.767234	0.056755	-2.004908	-0.303721	0.327452	-1.529267	-0.801445	-1.581819	-1.060836	-1.228836	-1.206532	-0.778017	-1.054540	-0.885424	-0.987317	-0.314236	-0.828708	-0.048741	-0.963946	0.559494	-0.985142	-0.888648	-2.012807	-1.494377	-0.619531	-0.669499	-1.241577	-1.570094	-0.596643	-0.640541	-0.137029	-0.465888	-0.507999	0.205916	-0.788272	-1.172728	-0.435165	0.238406	0.545551	0.402688	0.019034	-0.330106	0.472770	0.058424	-0.407107	-0.216851	-0.581277	0.610980	-1.318401	-0.077170	1.911057	-0.564016	-0.776170	-2.026842	-1.156146	-1.054114	-1.786490	-1.106704	-0.592050	-0.516846	-1.552542	-0.448355	-0.736464	0.712905	-0.559929	-0.922496	-0.981233	-1.124242	-0.947543	0.432078	-0.644281	-1.104923	-2.090997	-1.992712	1.475257	0.260848	-0.815550	-1.327393	-1.005386	-1.143980	0.371734	0.781599	0.441847	-1.818522	-0.671058	-1.661456	0.229503	1.305824
-0.743317	-0.236816	-2.741187	-2.978808	-1.829954	-0.058010	-0.914448	0.716612	-2.487116	-1.685184	-1.668626	-0.204299	-1.985159	-1.873071	-1.523169	-1.337457	-3.009527	-0.804476	-2.417058	-2.606350	-1.061575	-0.788761	-1.248913	-0.403128	-2.244368	-0.788836	-0.720638	-3.152674	-1.249117	-2.297257	-0.906033	-0.392903	-2.180974	-1.822012	-0.504687	-1.522004	-1.537952	-1.325691	-1.315582	0.109792	-1.554076	0.790597	-0.193901	-0.128665	-1.344285	-1.721980	0.039149	0.009266	-1.328840	-1.128183	-1.742623	-1.883270	-0.449446	-1.140944	-2.121131	-0.932040	-2.932247	-1.849946	-0.827420	0.381337	0.718845	0.704092	0.156727	0.330943	-0.216062	-0.325720	-1.001555	-1.765332	0.339300	2.765682	0.012260	0.548231	1.640705	0.679038	-0.470092	-1.905719	-1.390999	-1.662014	-0.750166	-0.678293	-1.238801	-0.178678	-2.656123	-2.425660	-2.003327	-1.556390	-1.884734	-2.690262	-1.437280	-1.468225	-1.378636	-0.758816	-0.086943	-0.526488	-1.452819	-1.075083	0.848287	0.603316	-1.815880	0.131127	-1.088133	-2.650692	0.317622	1.035968	1.574251	-2.267882	0.951731	-0.779857	-1.102768	0.487424
0.201662	0.713674	-2.635536	-3.741823	-1.422776	0.571957	-0.011235	1.769377	-1.460589	-0.972010	-0.719762	0.678686	-1.954788	-1.603195	-2.285653	-1.001164	-1.725967	0.334817	-2.412731	-2.083789	-0.666728	-0.493994	-0.743792	-0.535485	-1.183110	-0.234915	-1.465158	-2.256222	-0.985342	-1.882340	-0.483559	0.004306	-2.165634	-2.164355	0.351250	-1.333095	-0.856800	-1.863166	-0.748040	0.381665	-1.158264	1.183473	1.085169	1.081568	0.264821	-1.469352	0.716787	0.720380	-0.749939	-0.123771	-2.433501	-2.481310	0.102565	-0.805348	-2.391163	-1.256142	-3.262175	-1.756105	-0.082039	1.064894	1.512844	1.531302	0.251898	0.775527	-0.233715	0.223131	-1.149859	-2.110125	1.230923	2.516873	1.184952	0.852255	0.178684	1.006482	-0.180848	-1.059540	-0.914480	-2.056574	0.433622	-0.592608	-1.163552	0.605536	-2.769849	-3.494738	-2.343244	-3.315867	-1.746974	-2.646358	-0.927401	-1.373522	-0.468080	-1.274736	0.688853	0.272858	-0.527041	-0.233518	-0.599805	0.536729	-1.977110	0.227041	-0.468964	-2.641213	0.796838	0.688333	1.691296	-1.298074	2.443040	0.520145	-1.332175	-0.312181
0.800001	1.383556	-1.736411	-2.587405	-0.803945	0.876337	0.653673	1.771478	-0.347322	-0.169447	0.069786	0.650760	-1.058773	-1.211036	-1.036539	-0.479108	-0.294252	1.082656	-1.197699	-0.458436	-0.063767	-0.451609	-0.006002	-0.408516	-0.302733	0.395354	-1.469309	0.114979	-0.287764	-1.016079	-0.285330	-0.504930	-1.362243	-1.531710	0.617927	-0.752145	-0.039401	-1.942623	-0.095778	0.014486	-0.557307	1.158419	1.318339	1.359175	1.126096	-1.233815	0.608290	0.681124	0.035925	0.637080	-2.168881	-2.000017	1.073870	0.116615	-1.342382	-0.857757	-1.954260	-1.472843	0.804926	1.369462	1.828625	1.947127	-0.001519	0.451500	-0.041074	0.929413	-0.772974	-1.239394	1.484741	0.541008	1.407170	0.508993	-0.887398	0.058841	0.061366	0.117160	-0.142703	-1.979280	0.696128	-0.988623	-0.908816	0.684885	-2.033214	-2.974187	-1.801312	-3.312100	-0.471525	-1.382700	-0.232009	-1.222410	0.706365	-1.041257	0.971119	0.620771	-0.014977	-0.195550	-1.787987	-0.046924	-1.368131	-1.002542	0.289556	-1.022529	1.269796	-0.043618	0.477669	-0.105549	2.088177	0.778072	-0.023140	-0.701829
0.529098	1.127854	-0.919813	-1.031204	-0.603594	0.559251	0.478828	0.966496	-0.218468	-0.227859	-0.163870	0.006530	-0.080248	-0.918747	0.669234	-0.400272	0.043628	0.495963	0.058022	0.738116	0.055635	-0.265575	0.234225	-0.083376	-0.463174	0.457974	-1.078550	1.592313	0.367434	-0.400441	-0.180995	-1.136037	-0.367924	-0.229386	0.380866	-0.181365	-0.005248	-1.565167	-0.013070	-0.707559	-0.391786	0.716812	0.383269	0.633763	0.716529	-1.074150	-0.070465	0.160014	0.272794	0.730225	-1.034001	-0.703721	1.577352	0.757426	-0.201936	-0.412277	-0.513600	-1.287037	0.959351	1.005162	1.103495	1.535454	-0.244672	-0.043594	-0.327225	0.797774	-0.223561	-0.044685	1.176581	-1.044099	1.098416	0.070101	-0.769542	-1.306737	0.035772	0.959565	0.439519	-1.358888	0.242136	-1.252897	-0.864725	-0.209865	-0.938389	-1.387690	-0.786906	-1.683996	0.704842	-0.110631	-0.094248	-1.075787	1.122385	-0.370485	0.676016	0.529336	0.194636	-0.517984	-1.864839	-0.836024	-0.662225	-1.798536	0.523533	0.878125	0.974863	-0.658754	-1.131772	-0.063138	0.073348	-0.216483	1.450008	-0.730843
-0.092543	0.462823	-0.599842	-0.298893	-0.567566	0.154777	-0.178976	0.486043	-0.877857	-0.719001	-0.977990	-0.265798	0.389218	-0.569010	1.050298	-0.681551	-0.492682	-0.770620	0.525721	0.822413	-0.490922	0.560639	0.040781	0.508071	-1.074157	0.293367	-0.864328	1.026651	0.739217	-0.077148	0.062859	-0.854945	0.283554	0.918559	0.226098	0.381581	-0.582543	-0.764431	-0.258682	-0.779810	-0.454043	0.490053	-0.634067	-0.000030	-0.071608	-0.623453	-0.357882	-0.050844	-0.339192	0.288718	0.270717	0.518776	0.990326	0.763049	-0.019513	-0.276277	-0.103287	-0.914394	0.374996	0.439681	-0.152919	0.723625	0.047384	0.108238	-1.179248	-0.145810	-0.189580	0.714142	0.540957	-1.224374	0.980193	0.063104	-0.183680	-2.169510	-0.504309	0.852354	0.487574	-0.607112	-0.078850	-0.976782	-0.909725	-1.229182	0.104036	0.109619	0.268505	0.212267	1.002879	0.475024	-0.353984	-0.732110	0.653990	0.322154	0.239090	0.493177	0.520250	-0.337338	-0.963747	-1.236213	-0.419117	-0.898145	0.102856	1.592304	-0.097570	-0.883474	-1.748199	-1.054830	-1.779456	-1.343289	1.494348	-0.599351
-0.484720	0.097440	-0.591443	-0.331849	-0.280229	0.139420	-0.726527	0.720285	-1.385372	-0.652875	-1.325935	0.147862	0.311125	-0.027446	0.022663	-0.676342	-0.729510	-1.463391	0.205914	0.257336	-1.081277	1.710122	-0.084170	1.191165	-1.135505	0.418899	-0.866399	-0.571417	0.818363	0.286544	0.235921	0.242992	0.371428	1.094527	0.236529	0.963949	-1.030367	0.084465	-0.310104	0.055687	-0.242911	0.727453	-1.044799	0.071423	-0.310373	0.165748	0.305133	0.342202	-1.244806	-0.359236	1.046709	0.898052	-0.574897	0.317065	-0.616322	-0.258972	-0.526652	-0.087621	-0.440159	0.031545	-1.076453	0.092360	0.823662	0.849445	-1.960814	-0.962541	-0.946681	0.806044	-0.440375	-0.805068	1.074236	0.334286	-0.062777	-2.083089	-1.195387	-0.157181	-0.046677	-0.275039	-0.026554	-0.424346	-0.739011	-1.467803	0.859387	0.709149	0.944558	1.035353	0.555272	0.362704	-0.356067	-0.245018	-0.236524	0.613515	0.104479	0.798434	0.875234	0.484409	0.003968	-0.960669	-0.556825	1.017977	-0.563972	0.881263	-1.131909	-0.826324	-0.930619	-1.683020	-2.153789	-1.489679	0.124511	-0.435833
-0.736017	-0.110836	-0.480210	-0.411658	0.090646	0.260087	-1.046030	0.692053	-1.100364	0.144211	-0.756419	0.449689	0.068875	0.588912	-1.066081	-0.067160	0.064956	-1.135461	-0.352381	-0.179869	-0.901876	2.017981	-0.026733	1.367013	-0.492884	0.666135	-0.606406	-1.451615	0.596353	0.780494	-0.029731	0.915615	0.060983	0.282319	-0.048298	1.239239	-1.027993	0.366483	-0.063547	0.760283	0.250498	0.729525	-1.248032	0.163802	-0.050318	0.702042	1.435539	0.879137	-1.560104	-0.999339	1.190000	0.444208	-2.273622	-0.385505	-0.908609	-0.112148	-0.723902	0.930558	-1.103689	-0.460061	-1.318571	-0.267296	1.461229	1.413598	-1.926271	-1.017656	-1.817059	0.306011	-1.710058	-0.893197	0.909315	0.421959	-0.278913	-0.947905	-1.176850	-1.255755	-0.793194	-0.365784	-0.139293	-0.033278	-0.303529	-1.016176	1.140541	0.457943	0.897792	0.551607	-0.072738	-0.085962	-0.000200	0.015479	-1.073032	0.263291	0.389682	1.233666	0.729260	1.220635	0.215974	-0.422292	-0.519794	2.194530	-1.032118	-0.171526	-1.348223	-0.747611	0.287819	-1.026277	-1.528898	-0.672554	-1.181699	-0.275017
-1.147903	-0.806173	-0.032507	-0.194950	0.164775	-0.018226	-1.250935	-0.569298	-0.113361	0.897233	0.295096	-0.185613	0.063421	1.047762	-1.125594	0.733458	1.481626	-0.277776	-0.560967	-0.123976	0.143013	0.761107	-0.135773	0.574736	0.283181	0.559932	0.193331	-0.936719	0.073338	1.155554	-0.579481	0.223918	-0.225446	-0.613744	-0.797986	0.804269	-0.810932	-0.154430	0.253386	0.238971	0.626178	-0.272854	-1.728187	-0.598937	0.123759	0.463899	2.027505	0.967634	-0.985653	-1.493030	1.110719	-0.189496	-3.035600	-1.150386	-0.117935	0.116638	0.029118	1.597914	-1.460702	-1.321355	-1.094268	-0.590628	1.436678	1.315238	-0.897936	-0.645620	-1.712954	-0.436380	-2.707161	-1.476274	0.362122	0.200892	-0.122648	0.836238	-0.145565	-1.584695	-1.146768	-0.289827	-0.753873	0.140873	0.237280	-0.703088	0.834922	-0.063582	0.164532	-0.401481	-0.381617	-0.349385	0.097929	-0.071643	-1.481334	-0.506337	0.825592	1.408770	-0.035652	1.205879	-0.351549	-0.261139	0.034532	1.715716	-1.126678	-0.383620	-0.686087	-0.799772	0.477839	0.330692	-1.119075	0.225196	-1.271688	-0.042303
-1.488732	-1.976861	0.587088	0.041112	0.097499	-0.669764	-1.121915	-2.461647	1.012808	0.940272	1.151764	-1.429865	0.359742	1.192498	-0.288789	1.106418	2.451649	0.455681	-0.224223	0.277730	1.249187	-1.181187	-0.543130	-0.809063	0.849294	0.196294	1.120179	0.243296	-0.582734	1.175969	-0.743105	-1.259011	-0.166190	-0.728616	-1.478582	-0.224249	-0.587466	-0.956602	0.508223	-1.217356	0.701762	-1.892821	-2.045168	-1.860882	0.006784	-0.237303	1.503844	0.477679	-0.036891	-1.659799	1.177831	-0.411616	-2.353169	-1.533240	1.406166	0.258878	1.426697	1.691766	-1.379559	-2.179631	-0.706565	-0.917747	0.756471	0.753082	0.537561	-0.503685	-0.309815	-0.756361	-2.710606	-1.724198	-0.194691	-0.137697	0.390687	2.190767	1.099960	-1.038516	-0.805978	0.320610	-1.330152	0.311005	0.809990	-0.916635	0.099940	-0.414047	-0.723970	-0.924660	-0.203867	-0.114465	-0.477589	-0.136748	-1.235361	-1.143964	0.881873	1.117664	-0.680351	0.655581	-0.998657	-0.516335	0.745243	0.315415	-0.829945	0.279492	0.310080	-0.954162	-0.597913	1.132394	-1.153718	0.554853	-0.468322	0.378709
-1.218019	-2.710267	0.913900	-0.106382	0.381226	-1.078810	-0.343175	-3.280476	1.667527	0.449372	1.487383	-2.075523	0.651566	1.006953	0.564478	0.875009	2.213446	0.671152	0.244610	0.556559	1.508120	-2.058637	-0.885758	-1.782223	1.332862	0.132904	1.392790	0.935689	-1.097716	0.817372	-0.156169	-1.972471	0.163364	-0.166161	-1.432552	-1.142911	-0.264355	-1.217920	0.708914	-2.179842	0.664709	-2.793540	-1.410641	-2.339422	-0.131932	-0.593722	0.113860	-0.302683	0.586621	-1.387405	1.367381	-0.165185	-0.774169	-1.248448	2.476413	0.256913	2.410038	1.418148	-0.848806	-2.286372	-0.338490	-1.043369	-0.252573	0.096666	1.415035	-0.686106	1.490041	-0.235266	-1.673136	-1.165179	-0.521603	-0.525159	0.461701	2.094090	1.555472	-0.245268	-0.142965	0.999979	-1.039231	0.547127	1.380645	-1.110874	-0.621931	-0.551583	-1.146268	-0.899912	0.139993	0.268802	-1.315938	0.095279	-0.549048	-1.347352	0.154402	0.386046	-0.320377	0.410403	-1.076270	-0.627369	0.852619	-0.560974	-0.204564	0.771754	0.981794	-1.064444	-1.761257	0.877073	-0.883338	0.444732	0.163851	0.852450
-0.376696	-2.246561	0.624258	-0.646948	0.920721	-0.841939	0.713748	-2.232419	1.501070	0.029948	1.302097	-1.414606	0.583882	0.615889	0.768150	0.356098	0.911816	0.207965	0.144851	0.233629	0.791984	-1.313872	-0.899302	-1.740148	1.668823	0.452427	0.623579	0.622150	-1.330578	0.200974	0.669231	-1.094093	0.415968	0.324408	-0.647460	-1.347250	0.238994	-0.665597	0.788899	-1.699457	0.598977	-2.214712	-0.038641	-1.483843	-0.099512	-0.317504	-1.357217	-1.040863	0.617588	-0.833811	1.369843	0.183879	0.463350	-0.762371	2.121195	0.083699	2.075500	0.940315	-0.249698	-1.511921	-0.160071	-0.909913	-1.278605	-0.588120	1.122279	-0.804553	2.352341	0.632189	-0.409878	-0.173568	-0.818170	-1.061851	-0.214350	0.740739	1.163313	0.178929	0.130397	0.946999	0.131866	0.693800	1.656680	-0.649357	-0.916479	-0.578524	-0.912571	-0.820683	0.099074	0.064804	-1.685389	0.293296	-0.054993	-1.337257	-1.114514	-0.561762	0.957193	0.898895	-0.657200	-0.356649	0.043602	-0.319529	0.452903	0.297621	0.946743	-0.983505	-1.881276	0.088524	-0.029247	0.303773	0.208522	0.861708
0.231121	-0.919370	-0.069671	-1.146543	0.853866	-0.308689	0.998251	-0.393531	0.597910	-0.098550	0.639455	-0.013455	0.115817	0.213198	0.325227	-0.031726	-0.575466	-0.731248	-0.715000	-0.728632	-0.228193	-0.336037	-0.894146	-1.059836	1.294636	0.506706	-0.748757	-0.257061	-1.345082	-0.430454	0.834265	0.526272	0.375912	0.387987	0.215674	-0.993124	0.719609	0.155533	0.606239	-0.302410	0.216417	-0.859157	0.759619	-0.231701	-0.022153	0.042115	-2.135785	-1.539058	0.207542	-0.363377	0.882606	0.228524	0.481191	-0.827698	0.442717	-0.342702	0.470154	0.093807	-0.173512	-0.661663	-0.280484	-0.740706	-2.048845	-1.343842	-0.073939	-0.698036	1.710107	0.868426	0.224465	0.510709	-1.253677	-1.663939	-0.810741	-0.493466	0.624929	0.171661	-0.282359	0.028198	1.189005	0.580399	1.175626	0.215404	-0.739430	-0.522367	-0.341893	-1.011997	-0.422566	-0.850811	-1.381356	-0.037901	-0.177098	-1.429648	-2.018465	-1.302243	1.968356	1.538405	-0.372128	-0.293148	-1.136072	0.209711	0.675860	-0.652185	0.338826	-0.702424	-1.193656	-0.578031	0.620066	0.165571	0.119915	0.009108
-0.053322	0.194042	-0.591818	-1.145716	-0.370820	-0.171540	-0.054235	0.572029	-0.549369	-0.233672	-0.404845	0.955003	-0.459012	-0.096253	-0.298252	-0.131202	-1.389965	-1.492397	-1.650852	-1.741663	-0.822746	-0.663483	-1.251203	-0.556625	-0.089939	-0.196545	-1.753661	-0.815730	-1.232996	-0.747553	0.070017	1.345385	0.137667	0.307615	0.489352	-0.745324	0.866807	0.509218	0.127789	0.701955	-0.691397	-0.015247	0.089485	0.153646	-0.079356	-0.125555	-1.942420	-1.703840	-0.376408	-0.213560	-0.124584	-0.170955	-0.482247	-1.384388	-1.443563	-0.957575	-1.382286	-1.175751	-0.771016	-0.553497	-0.559489	-0.711950	-2.290415	-1.949073	-1.246867	-0.625037	0.195722	0.223878	0.167392	0.502894	-1.567469	-1.984664	-0.410573	-0.507018	0.307842	0.037317	-0.952238	-0.992598	1.152183	0.178440	-0.104482	0.594519	-0.405770	-0.413125	0.076408	-1.257225	-0.834654	-1.651545	-0.820056	-0.792663	-0.672700	-1.549693	-1.823315	-1.449739	1.613312	1.358173	-0.621349	-1.032589	-1.815493	-0.148006	0.297933	-0.907225	-0.245792	-0.404856	-0.791285	-1.010939	0.326419	-0.201818	0.288837	-1.300146
-0.909055	0.377318	-0.598166	-0.618952	-1.986559	-0.643742	-1.580548	0.243037	-1.314965	-0.604993	-1.421800	0.906076	-0.790312	-0.346598	-0.687569	-0.150550	-1.322540	-1.470490	-1.806757	-2.070540	-0.811297	-1.848281	-1.675223	-0.573994	-1.706424	-1.224237	-1.684076	-0.632628	-0.962239	-0.625678	-0.912729	0.856685	-0.073570	0.300212	0.139951	-0.825089	0.588101	0.269234	-0.514487	0.624486	-1.684056	-0.105602	-1.295398	-0.381305	-0.279022	-0.661542	-1.174162	-1.536401	-0.859285	-0.295857	-1.206188	-0.729984	-1.380454	-1.548665	-2.303612	-1.395290	-2.268718	-2.219901	-1.438700	-1.005026	-0.699433	-0.711110	-1.914250	-2.021286	-1.622839	-0.745982	-0.977265	-0.541991	-0.015715	0.103399	-1.421858	-1.772863	0.728143	0.399115	-0.053135	0.001027	-1.207589	-1.211430	0.103455	-0.358272	-1.439715	0.102641	-0.221121	-0.320253	0.056711	-1.138095	-0.599054	-1.537742	-0.441924	-1.327612	-0.994577	-1.372021	-0.849103	-1.061335	0.095485	0.182592	-1.088203	-2.049329	-1.618360	-1.300397	-0.277600	-0.189494	-0.280153	-0.309787	-1.029344	-1.339253	-0.436771	-0.704342	0.445325	-1.988927
-1.371426	-0.173246	-0.266078	0.019763	-2.455988	-1.223601	-1.978510	-0.374471	-1.330868	-0.967257	-1.747011	0.233346	-0.697092	-0.546244	-0.819859	-0.435796	-0.758528	-0.751401	-1.117668	-1.527108	-0.500753	-1.921808	-1.449849	-0.785008	-2.190367	-1.646481	-0.706570	-0.161865	-0.476217	-0.373565	-1.152851	-0.011886	-0.113994	0.150157	-0.236053	-0.640763	0.085472	-0.020451	-1.111256	-0.080250	-1.913307	-0.451478	-1.723594	-0.741426	-0.529614	-0.809735	-0.559799	-1.147726	-0.974541	-0.366454	-1.580724	-0.877933	-1.384912	-0.832307	-1.728062	-1.273155	-1.720821	-2.001731	-1.375877	-1.077821	-0.579595	-0.536263	-1.174896	-1.449971	-1.167545	-0.795554	-1.029829	-0.713582	0.059022	-0.005064	-0.932926	-1.142035	1.449931	1.051800	-0.610517	0.099662	-0.816588	-0.401570	-0.952104	-0.741141	-1.809818	-0.652028	-0.167737	-0.202933	-0.301182	-0.520649	0.015699	-0.712246	-0.280192	-1.224304	-0.923672	-0.802543	-0.204159	-0.633065	-1.256616	-1.078886	-1.099681	-1.988001	-0.842144	-1.781705	-0.489078	0.429386	0.140684	-0.424506	-1.058584	-1.400961	-0.469920	-0.840689	0.121632	-1.331746
-0.940522	-0.759782	0.021245	0.360879	-1.191413	-1.296580	-0.695391	-0.296741	-0.737041	-0.929454	-1.092794	-0.317274	-0.243149	-0.576475	-0.893689	-1.015620	-0.174314	0.005337	-0.273823	-0.580131	-0.230386	-0.036530	-0.442131	-0.749958	-1.093324	-1.110987	0.344178	-0.096944	0.095342	-0.392124	-0.451546	-0.206853	0.018665	-0.285738	-0.102112	0.303673	-0.332271	0.122159	-1.447240	-0.549740	-1.078819	-0.333086	-0.551255	-0.177974	-0.732929	-0.182944	-0.479892	-0.699836	-0.644741	-0.303974	-0.864833	-0.320248	-0.573930	0.210094	-0.355206	-0.628533	-0.322870	-0.332786	-0.470258	-0.301723	-0.352362	-0.201350	-0.487439	-0.572104	-0.419868	-0.476203	-0.185228	-0.414167	0.249258	0.491731	-0.528643	-0.439274	1.096518	0.792188	-1.005795	0.288898	-0.128171	0.846421	-1.187878	-0.745926	-0.946872	-0.853721	-0.032095	0.060182	-0.623716	0.307586	0.296114	-0.014953	-0.129121	-0.677915	-0.646109	-0.122002	-0.505997	-0.542657	-1.409983	-1.445651	-0.419331	-0.345307	-0.014252	-0.609445	-0.221433	-0.049088	0.462815	-0.527060	-0.143653	-0.933114	0.595589	-0.348304	-0.615935	0.239968
-0.126139	-0.879003	0.094874	0.355709	0.578236	-0.822965	0.967249	0.276929	-0.078437	-0.519683	-0.062300	-0.409426	0.249528	-0.360836	-0.888001	-1.385637	0.175602	0.293394	0.161493	0.144188	-0.083755	2.149017	0.564139	-0.421734	0.430110	-0.240364	0.797144	-0.440976	0.441608	-0.617316	0.418916	0.214258	0.189121	-0.647905	0.354385	1.387043	-0.471117	0.498829	-1.360080	-0.476583	0.072645	0.133388	1.011181	0.746792	-0.747115	0.678349	-0.633203	-0.319383	-0.134135	-0.153037	0.270398	0.473583	0.297506	0.764979	0.718272	0.071928	0.801039	1.449361	0.507870	0.671664	-0.197215	0.070691	-0.084266	0.103126	0.084370	0.034458	0.606009	-0.135892	0.290097	1.089159	-0.368232	0.037010	0.179977	0.047067	-0.911085	0.430693	0.356504	1.603845	-0.692931	-0.421380	0.254806	-0.458871	0.201929	0.381089	-0.620113	0.828915	0.058478	0.131871	0.059391	-0.151281	-0.381844	0.288724	-1.133981	-0.624014	-0.635988	-0.911719	0.416161	1.552748	0.495893	1.156720	0.146763	-1.083197	0.378986	-0.422501	1.082471	-0.151365	1.661239	0.319390	-1.121605	1.469181
0.198502	-0.489617	0.034603	0.215584	1.055298	-0.266851	1.195079	0.433574	0.139391	-0.152267	0.352805	-0.216524	0.388388	-0.007567	-0.527164	-0.946642	0.236375	0.130608	0.223736	0.345760	0.034954	2.263916	0.695197	-0.059192	0.792019	0.085946	0.637826	-0.566066	0.339184	-0.603311	0.537759	0.427462	0.209161	-0.446368	0.460739	1.384219	-0.330191	0.516849	-0.830688	-0.195415	0.478094	0.319033	1.253751	0.914035	-0.429945	0.895751	-0.456806	-0.058917	0.165282	0.015270	0.641246	0.663138	0.574701	0.659370	0.788264	0.386651	0.868805	1.617606	0.683603	0.823734	-0.131208	0.099185	0.082112	0.292457	0.166498	0.256939	0.524942	-0.016106	0.180423	0.978360	-0.216773	0.185852	-0.371702	-0.372539	-0.479216	0.318977	0.419625	1.284107	-0.096709	-0.014422	0.598453	-0.086208	0.291162	0.447798	-0.313408	0.658568	-0.208360	-0.012492	0.120901	0.096099	-0.176349	0.250095	-0.999593	-0.440332	0.044564	-0.226405	0.647621	1.818944	0.558177	1.473473	0.220949	-1.199998	0.093743	-0.122798	1.272346	0.339226	1.319991	0.435308	-0.808073	1.399187
-0.158824	0.175318	-0.052778	0.090610	-0.056234	0.085809	-0.250846	-0.125095	-0.106129	-0.038675	-0.075610	0.018280	0.119110	0.346148	0.236699	0.266760	0.093477	-0.222427	0.176244	0.154287	0.188406	0.066959	-0.054891	0.186831	-0.241303	-0.285896	0.202845	-0.192123	-0.120621	-0.193241	-0.178177	0.089985	0.039570	0.310906	-0.004917	0.087317	-0.033122	0.012913	-0.022224	-0.011125	-0.039473	0.015665	-0.047916	0.100316	0.170624	0.316208	0.173706	0.109903	0.159187	0.178113	-0.031835	0.067651	0.262722	0.221297	0.015816	0.305000	0.021198	0.015952	0.010551	0.017321	-0.089895	-0.079942	0.154923	0.104126	-0.032826	0.058247	-0.391717	0.074295	0.046514	0.050766	0.095426	0.107149	-0.314565	-0.251870	-0.001249	-0.069790	0.186123	0.090989	0.273869	0.323970	-0.101463	-0.067423	0.129179	0.166192	0.114249	-0.100463	-0.179856	-0.133053	-0.010807	0.117300	0.008919	-0.117645	0.093890	0.114288	0.189601	0.170207	0.169162	0.229682	0.288976	-0.087221	-0.020040	-0.004394	-0.139923	0.254381	0.157666	0.327837	-0.493280	-0.120985	0.238154	0.198869
