X1	X2	X3	X4	X5	X6	X7	X8	X9	X10	X11	X12	X13	X14	X15	X16	X17	X18	X19	X20	X21	X22	X23	X24	X25	X26	X27	X28	X29	X30	X31	X32	X33	X34	X35	X36	X37	X38	X39	X40	X41	X42	X43	X44	X45	X46	X47	X48	X49	X50	X51	X52	X53	X54	X55	X56	X57	X58	X59	X60	X61	X62	X63	X64	X65	X66	X67	X68	X69	X70	X71	X72	X73	X74	X75	X76	X77	X78	X79	X80	X81	X82	X83	X84	X85	X86	X87	X88	X89	X90	X91	X92	X93	X94	X95	X96	X97	X98	X99	X100	X101	X102	X103	X104	X105	X106	X107	X108	X109	X110
-0.203989	-0.334879	0.141312	0.074363	-0.322062	-0.470216	-0.289641	-0.488062	-0.062090	-0.249733	-0.099571	-0.314804	-0.349691	-0.510478	0.048126	0.040534	-0.020529	-0.144873	-0.201555	-0.326131	-0.181314	-0.197993	-0.190884	-0.241757	-0.270587	-0.372632	0.003261	-0.236066	-0.074193	-0.116511	0.020407	-0.101360	-0.362104	-0.343660	-0.226445	-0.372251	-0.089080	-0.146304	-0.349006	-0.327683	-0.414325	-0.489878	-0.252761	-0.291790	-0.266231	-0.289504	-0.177245	-0.216175	-0.129070	-0.122597	-0.327648	-0.286036	-0.378412	-0.281492	-0.206190	-0.253886	-0.216547	-0.319195	-0.319513	-0.512484	-0.340752	-0.518714	-0.051129	-0.139356	-0.238974	-0.246630	-0.036350	0.248366	-0.018173	0.094521	-0.149968	-0.218888	0.032947	-0.012431	0.041774	-0.184784	0.239419	-0.096242	-0.075639	-0.204553	0.134217	-0.061703	-0.290403	-0.169372	-0.431786	-0.326180	-0.055305	0.008747	-0.257133	-0.323023	-0.395495	-0.317813	-0.146441	-0.228259	-0.127767	-0.163407	-0.104185	-0.140124	-0.155243	-0.028288	0.061299	0.154979	0.053715	-0.043494	-0.121165	-0.030117	-0.135058	0.016261	0.028222	-0.097341
1.462141	-2.625134	0.768478	0.166460	0.775379	0.216284	0.751790	-1.881202	1.182165	-2.293955	0.812167	-0.845223	1.367260	0.583894	1.621287	-0.771124	0.963691	0.871130	0.660664	-0.149500	2.204199	0.731629	-0.090544	-1.313418	0.071104	-0.893786	1.811886	-1.067155	0.562239	-0.843027	0.089209	1.400581	1.643167	2.046553	1.893651	1.795641	0.078511	0.525523	-0.117387	0.619298	0.298344	-1.433533	0.163217	0.437714	0.220447	0.451984	0.483233	0.284623	-0.510421	-0.678466	1.619550	1.351518	-0.327267	0.292925	-0.590100	-1.025393	1.217094	0.511909	-0.371324	0.058370	0.773212	0.845667	0.376173	0.212415	1.301292	-1.952962	1.021604	1.304007	1.075480	0.977076	1.510432	1.050997	1.342216	-0.373009	0.418237	1.447742	-0.085682	1.338530	0.547183	0.812924	0.976458	-0.551798	0.851855	0.438662	1.424180	1.095810	-0.602477	-1.007441	1.602630	1.285556	-0.471110	1.266879	0.292363	0.283789	-0.123209	-0.044150	0.161888	0.416142	-0.133352	-1.487941	1.119308	0.990738	0.285962	-0.383536	-1.316319	0.080669	0.181941	-0.042274	1.093315	-0.958748
1.895570	-3.203856	1.143126	0.736779	1.203118	0.627983	1.126487	-1.924253	1.354465	-2.294376	0.839853	-0.250371	1.825416	1.280363	1.878147	-1.019191	1.581657	1.370352	1.006193	0.090834	3.108665	1.187709	-0.396399	-1.256901	0.111180	-0.551406	2.392117	-0.714957	0.658772	-0.741903	-0.191866	1.804986	2.388166	3.002492	2.636288	2.975099	0.091900	1.360319	0.180342	1.312218	0.526448	-1.199329	0.451650	1.000511	0.285615	0.701590	0.764382	0.593656	-0.259049	-0.687423	2.144457	2.132531	-0.278509	0.171377	-0.600173	-1.054615	1.746129	0.890590	0.043405	0.897673	1.339639	1.561290	0.510498	0.280430	1.519859	-2.383820	1.348483	1.656507	1.722709	1.868361	1.981150	1.539819	1.552493	-0.458580	0.332928	2.170262	0.001673	2.138032	0.673635	1.121002	1.177594	-0.438040	1.299865	1.017489	1.990601	1.822439	-0.523702	-0.538489	1.801352	1.772055	-0.436108	1.747072	0.672436	0.536358	0.057044	0.101431	0.423260	0.845481	-0.124871	-1.332328	1.903343	1.365399	0.182448	0.084578	-1.546378	0.207976	1.082062	0.521247	1.320808	-1.489206
1.149177	-1.904952	1.026300	1.456933	0.987589	0.595742	0.884645	-0.540123	0.574887	-0.408089	0.064088	1.061370	1.008508	1.348573	0.846035	-0.625020	1.694102	1.346061	0.780520	0.239340	2.320437	1.197740	-0.805602	-0.083915	-0.030373	0.416334	1.448507	0.497971	0.242542	0.085906	-0.435140	1.368397	1.605577	2.151827	1.897357	2.718822	0.057081	2.066879	0.480700	1.402696	0.337881	-0.017225	0.726340	1.336440	0.012065	0.485874	0.658430	0.771247	0.521473	-0.123764	1.176900	1.884426	-0.280405	-0.451542	-0.036699	-0.178277	1.309553	0.778654	0.969905	1.845586	1.351610	1.509192	0.483557	0.222259	0.421367	-1.456037	0.814243	1.101060	1.750978	2.399519	1.298029	1.262416	0.519689	-0.265302	0.026387	1.706451	0.614009	2.068459	0.411107	0.697536	0.706743	0.103010	0.981363	1.465194	1.097864	1.593454	-0.123964	1.085533	0.420591	0.978091	-0.408134	1.097112	0.918267	0.612474	0.408162	0.253989	0.651783	1.012189	0.106516	-0.039575	2.094021	1.078951	-0.043228	1.250678	-0.662377	0.485841	2.163788	1.339161	0.621174	-1.466989
0.331125	-0.021747	0.349617	1.498077	0.758810	0.222452	0.720115	1.149759	-0.011659	1.437989	-0.561114	1.641598	0.108012	0.936017	-0.320127	-0.089237	1.371577	1.185539	0.381383	0.151881	0.814472	1.119469	-0.690489	1.132741	0.091969	1.026068	-0.247921	1.266104	-0.209938	0.788317	0.093262	1.155283	0.174738	0.386822	0.771077	1.406260	0.309438	2.088775	0.648953	0.739182	0.198678	0.865755	1.203802	1.446574	-0.091994	0.284111	0.381711	0.870948	1.149956	0.607868	-0.002640	1.125552	-0.271316	-0.754252	0.866218	0.997607	0.583508	0.432727	1.875477	2.336284	1.211305	1.063386	0.522343	0.326767	-0.726776	-0.164212	-0.102123	0.030239	1.353584	2.030695	0.433889	0.782314	-0.845423	-0.042956	0.106601	0.607474	1.487784	1.342221	0.241044	0.109797	0.075629	0.402224	0.355164	1.575438	-0.325010	0.703980	-0.164731	2.084558	-1.069578	-0.241452	-0.557732	0.201045	0.884101	0.669668	0.678342	0.310434	0.765041	0.853400	0.780011	0.557521	1.516546	0.369848	0.185918	2.153449	0.675345	0.980245	2.291354	1.408051	-0.342751	-0.858706
0.214165	1.071734	-0.599689	0.566157	0.915735	-0.183397	1.131438	1.972873	0.431429	1.804429	-0.261758	0.829452	0.218698	0.502980	-0.734935	-0.034128	0.731694	1.075601	0.189142	-0.013055	-0.386470	1.049629	-0.042828	1.358133	0.677241	0.778830	-1.554476	1.019418	-0.333756	0.736101	1.399562	1.446340	-0.681154	-0.956502	0.339505	-0.007580	1.012730	1.196078	0.636297	-0.314589	0.299688	0.719351	1.804337	1.272960	0.310688	0.478093	0.050610	0.683838	1.132187	1.107207	-0.148078	0.438248	-0.048639	-0.339045	1.427111	1.526024	0.167275	-0.000465	1.977946	1.869425	1.167403	0.606189	0.461224	0.464586	-0.790722	0.550707	-0.809437	-0.895412	0.900995	0.712992	0.063491	0.404148	-1.430326	-0.030578	0.690480	-0.188532	2.126499	0.379813	0.333183	-0.152580	-0.274307	0.179938	-0.131968	1.164581	-1.196360	-0.267513	-0.725596	1.298889	-1.553389	-0.833685	-0.730568	-0.209746	0.454677	0.566174	0.568876	0.159964	0.661247	0.452850	1.586352	-0.293635	0.440362	-0.194178	1.032584	1.925847	1.666188	1.376684	0.891977	0.389508	-0.806207	0.134661
0.440740	0.984703	-1.238541	-0.695641	1.055729	-0.445134	1.746309	1.604383	1.461931	0.961088	0.699843	-0.477375	1.147938	0.348116	-0.597991	-0.556472	-0.124348	0.701951	0.153670	-0.007083	-0.994874	0.659282	0.406732	0.519542	1.282170	0.118541	-1.804125	0.458985	-0.165325	0.103613	2.442381	1.380171	-0.454022	-1.224186	0.675879	-0.737533	1.776629	-0.245479	0.534162	-1.079296	0.275591	0.001018	2.014337	0.717168	0.942832	0.917563	-0.253807	0.111187	0.568968	1.174636	0.655154	-0.069892	0.385888	0.316360	1.070458	0.944246	0.089986	-0.539994	0.946488	0.504508	1.076379	0.201984	0.015486	0.243096	0.051081	0.587958	-1.042805	-1.211817	0.576152	-0.829162	0.046770	-0.005823	-0.918781	-0.238890	1.230512	-0.169265	2.043388	-0.454042	0.371134	-0.086635	-0.347951	-0.205839	-0.354976	0.291029	-1.072148	-0.880881	-1.118354	-0.530867	-1.153119	-0.433614	-0.487702	-0.176215	-0.178553	0.119651	0.094467	-0.124628	0.352714	-0.002831	1.741124	-1.413711	-0.462435	-0.175774	1.842258	0.644739	1.912408	1.082465	-1.215338	-0.844811	-0.533769	1.109789
0.223704	0.230939	-1.096691	-1.427696	0.491340	-0.634684	1.656388	0.514240	1.843275	0.000439	1.298521	-0.998319	1.666480	0.252573	-0.569135	-1.075178	-1.035608	-0.306355	-0.082514	0.093679	-1.201751	-0.262703	0.109648	-0.533114	1.166337	-0.268906	-1.154247	0.358522	0.012783	-0.477191	2.096611	0.251930	0.278976	-0.849497	0.950871	-0.792618	1.849395	-1.566359	0.459013	-1.138997	-0.228883	-0.438821	1.306584	-0.163596	1.162387	1.045070	-0.280244	-0.392448	-0.120482	0.761826	1.206632	-0.649357	0.579491	0.523299	0.001698	-0.246048	0.059747	-1.060541	-0.650102	-1.076738	0.693494	-0.266746	-0.580230	-0.314285	0.669079	0.415989	-0.914989	-0.907811	0.180937	-1.683917	0.016750	-0.472787	0.012735	-0.475108	1.157980	0.248478	1.054216	-1.007711	0.060217	0.018298	-0.347257	-0.351059	-0.434632	-0.713583	-0.234952	-1.042533	-0.903046	-1.690480	-0.577548	0.388273	0.297747	-0.163295	-0.506601	-0.394331	-0.331539	-0.240115	0.024138	-0.336099	0.787360	-1.294716	-0.684325	0.294025	1.733846	-0.725497	1.437850	-0.125853	-2.524178	-1.215963	0.069216	1.605757
-0.509495	-0.455366	-0.292604	-1.405583	-0.723874	-0.766339	0.457866	-0.601468	0.901340	-0.528422	0.825132	-0.563791	0.926980	-0.195464	-0.742123	-0.904270	-1.703802	-1.681959	-0.645802	0.007532	-1.086335	-1.274428	-0.577374	-0.843491	0.106751	-0.207205	-0.308826	0.476609	-0.082334	-0.615035	0.342329	-1.409253	0.535505	-0.674046	0.366407	-0.795420	0.829467	-2.252512	0.378329	-0.670367	-0.870992	-0.362525	-0.231182	-1.027025	0.653403	0.473328	0.146317	-0.246141	-0.619808	0.004286	0.600213	-1.380697	0.062948	0.183469	-0.874527	-1.034976	-0.101656	-1.217098	-1.734311	-2.018348	0.012153	-0.788265	-0.695725	-0.636998	0.366779	0.337460	-0.687625	-0.314537	-0.583412	-1.564445	-0.045615	-0.641267	0.430430	-0.512070	0.426329	0.133661	-0.494452	-1.319448	-0.443566	-0.034773	-0.318572	-0.308966	-0.534248	-1.462757	0.655313	-0.866337	-0.399752	-1.347766	-0.207963	0.695190	1.069290	-0.425735	-0.219931	-0.436023	-0.307784	0.049354	-0.147214	-0.452923	-0.760428	0.140480	-0.422969	0.614200	0.547853	-1.227481	0.466918	-1.611493	-2.287752	-0.718171	0.383691	1.306231
-1.038589	-0.628612	0.453734	-0.992783	-1.639327	-0.607846	-1.202273	-1.245871	-0.755677	-0.798223	-0.394998	-0.096510	-0.591307	-0.954355	-0.608180	0.064933	-1.774126	-2.500921	-1.138362	-0.229009	-0.606534	-1.567572	-0.794707	-0.189201	-1.237386	0.012219	0.070896	0.060613	-0.556058	-0.434441	-1.658652	-2.404391	-0.028930	-0.955918	-1.003798	-1.154456	-0.863817	-2.176585	0.099748	-0.218418	-0.830674	-0.188931	-1.771900	-1.431561	-0.247235	-0.550865	0.681921	0.367881	-0.825884	-0.735579	-0.846712	-1.956022	-0.931840	-0.282787	-0.852737	-0.905485	-0.380339	-0.822319	-1.674269	-1.892453	-0.735483	-1.162207	-0.163596	-0.336481	-0.415614	0.220988	-0.499415	0.231839	-1.588423	-0.896441	0.001820	-0.260365	0.045957	-0.206035	-0.572370	-0.846094	-1.839255	-1.428422	-0.734346	-0.237015	-0.246040	-0.366209	-0.689703	-1.721498	0.982474	-0.450918	-0.027300	-0.166242	0.018812	0.116386	1.118065	-0.823292	0.316167	0.048764	0.075408	0.548840	-0.203926	-0.367904	-1.820210	1.675411	-0.349563	0.336462	-0.984795	-0.762115	-0.658268	-2.298351	-1.070258	-0.283990	0.175035	0.217098
-0.830934	-0.293712	0.477969	-0.501496	-1.435775	-0.025646	-2.239764	-1.288620	-1.862775	-1.012004	-1.347532	-0.354985	-1.681044	-1.497854	0.091893	1.300252	-1.157164	-2.060588	-1.040208	-0.231834	-0.026046	-0.885175	-0.153650	0.756806	-1.919469	0.078927	-0.169267	-0.903301	-1.171576	-0.312009	-2.666327	-2.230037	-0.860572	-1.215853	-2.252610	-1.603086	-2.294883	-1.577845	-0.473211	-0.208375	0.177715	-0.315003	-2.436490	-1.261831	-0.991295	-1.344427	0.628371	0.506508	-0.793975	-1.112076	-2.079954	-2.042339	-1.510136	-0.569596	-0.109064	-0.278537	-0.690903	-0.133089	-0.826168	-1.009797	-1.315672	-1.264565	0.348227	0.166438	-0.795157	-0.139945	-0.251595	0.623354	-2.188893	-0.212994	0.026949	0.283834	-0.562683	0.440914	-1.375661	-1.807891	-2.365753	-1.288828	-0.672849	-0.519396	-0.272793	-0.514422	-0.776599	-1.466832	0.508538	0.081757	0.304140	0.704466	0.225745	-0.747558	0.420628	-1.085585	0.347425	0.399960	0.282151	0.702826	-0.292410	-0.203367	-1.783258	2.216356	-0.751407	-0.340747	-1.989419	-0.036301	-1.459157	-1.694638	-0.005829	-0.455302	-0.181589	-1.235727
-0.229409	0.163536	-0.099896	0.039360	-0.382933	0.625692	-2.199002	-0.991061	-1.721928	-1.080420	-1.309977	-1.124028	-1.746038	-1.512071	0.878804	2.120785	-0.359433	-0.745927	-0.397403	0.104320	0.084014	0.013287	0.865364	1.081168	-1.652353	-0.159346	-0.657709	-1.498280	-1.399570	-0.498121	-2.437612	-1.499400	-1.277024	-1.033777	-2.553442	-1.675825	-2.733116	-0.891770	-1.087811	-0.627404	1.360789	-0.661408	-2.178376	-0.953393	-1.446961	-1.500316	-0.334099	-0.443310	-0.738011	-1.164374	-2.402133	-1.711089	-1.069539	-0.729317	0.616337	0.090182	-0.865827	0.417342	-0.129067	-0.219388	-1.692532	-1.291372	0.022501	0.020647	-0.497362	-0.633661	0.205218	0.903154	-1.857067	0.283559	-0.343446	0.201387	-0.584689	1.178975	-1.683827	-1.506783	-2.163591	-0.971387	-0.563348	-0.870755	-0.488936	-0.373012	-0.685286	-0.910329	-0.496914	0.400540	0.773442	0.759272	0.408575	-0.960837	-0.362832	-1.107356	-0.483199	-0.082683	-0.120384	0.122359	-0.335864	-0.109221	-0.965516	1.594594	-1.113328	-0.785347	-2.149270	0.273638	-1.476689	-0.364685	0.187215	-0.706708	-0.121722	-2.294724
-0.012273	0.294332	-0.476457	0.550510	0.464967	0.781287	-1.544235	-0.765849	-0.766472	-0.913775	-0.464154	-1.618005	-1.252447	-1.294648	1.023228	2.135862	-0.264376	0.196276	0.103088	0.307480	-0.524466	0.035458	1.420418	0.478926	-0.995929	-0.730501	-0.926544	-1.014392	-0.879953	-0.954659	-1.675822	-1.018020	-1.214345	-0.637092	-1.964798	-1.353308	-2.063825	-0.439230	-1.284247	-1.031133	1.559788	-0.826869	-1.805984	-1.095011	-1.821673	-1.239364	-1.770572	-1.962888	-0.941552	-1.294191	-1.879508	-1.333399	-0.048535	-0.876903	0.825658	-0.008638	-0.647897	0.699983	-0.236295	-0.259646	-2.013466	-1.577024	-1.213418	-1.043041	-0.002435	-0.908674	0.731684	1.014026	-0.859097	0.558185	-1.278939	-0.870683	0.146467	1.504601	-1.434539	0.081346	-1.860043	-0.788685	-0.767530	-1.256919	-0.577212	0.342161	-0.488414	-0.443244	-1.405193	0.122948	1.073239	0.226432	0.526698	-0.301214	-0.704302	-0.976709	-1.780402	-1.368554	-1.007496	-0.975878	-0.053241	-0.093560	-0.068747	0.231660	-0.766709	-0.652474	-1.679221	0.147919	-0.625678	0.696091	-0.433930	-0.298356	0.449870	-2.259563
-0.469090	0.022845	-0.095679	0.761228	0.431608	0.371934	-0.936999	-0.696714	0.017047	-0.613476	0.414435	-1.304226	-0.903592	-1.219122	0.334671	1.358256	-1.224278	-0.114718	-0.091660	-0.067782	-1.348538	-1.057048	1.094086	-0.542920	-0.551372	-1.428260	-0.861436	0.114657	0.116190	-1.411540	-1.062490	-0.771001	-1.016735	-0.463024	-1.149221	-0.887900	-0.677428	-0.138402	-0.860050	-0.828176	0.458007	-0.507957	-1.946976	-1.653269	-1.999233	-0.935406	-2.892924	-2.903044	-1.449170	-1.760083	-0.905280	-1.078909	0.503704	-0.964565	0.551944	-0.136686	0.046781	0.926744	-1.026263	-1.085114	-2.371392	-2.090701	-2.594798	-2.264802	0.147941	-0.771347	0.895154	0.732011	-0.061540	0.481009	-2.420187	-2.340682	0.918726	1.011992	-0.788916	1.428390	-1.766608	-0.924318	-1.185789	-1.463246	-0.058476	1.400782	-0.321773	-0.346827	-1.594502	-0.658951	0.813886	-0.457508	0.551641	0.495526	-0.674845	-0.774298	-2.784075	-2.659054	-1.778995	-1.885812	0.565832	0.026439	0.527559	-1.291238	0.157999	-0.289397	-0.914885	0.005808	0.612460	1.025601	-1.217685	0.623978	1.017557	-1.032632
-1.118961	-0.248333	0.697479	0.595204	-0.170871	-0.014492	-0.496605	-0.392535	0.146140	-0.248886	0.799357	-0.234471	-0.764876	-1.099696	-0.648868	0.164936	-2.371851	-1.274160	-0.675571	-0.789040	-1.585543	-2.305207	0.222900	-1.251752	-0.212439	-1.763619	-0.662158	0.820090	0.883765	-1.555405	-0.569698	-0.091995	-0.771848	-0.451608	-0.420378	-0.220248	0.837555	0.371219	-0.104773	0.244159	-1.107728	0.238516	-2.174744	-1.788405	-1.434062	-0.569999	-3.159419	-2.626057	-1.844052	-2.245430	0.225452	-0.699483	0.085144	-0.876479	0.031662	0.115252	0.857171	1.235976	-1.821113	-1.852689	-2.586112	-2.283179	-3.195118	-2.560650	-0.097351	-0.355025	0.473875	-0.039696	0.022378	0.031854	-3.028613	-3.072391	0.876321	-0.078112	-0.008785	1.082713	-1.399314	-0.989045	-1.274099	-1.179514	1.009383	2.212015	-0.157203	-0.477997	-0.874266	-1.225631	0.301031	-0.912683	0.403802	0.594125	-0.544364	-0.447485	-2.942219	-3.049289	-1.873081	-1.993536	1.024362	0.381169	0.876626	-2.207629	0.742601	-0.294309	-0.108486	0.120863	1.494109	0.950041	-1.342506	1.215034	1.023306	0.670912
-1.284990	-0.065935	1.092824	0.418759	-0.598823	0.169203	0.057936	0.439243	0.054421	0.287319	0.859788	1.100270	-0.444466	-0.524494	-1.163095	-0.835761	-2.249787	-2.023773	-0.795555	-1.237695	-0.967659	-2.495114	-0.450722	-1.366645	0.514467	-1.366175	-0.407088	0.659069	1.030874	-1.280989	0.215825	1.235008	-0.294720	-0.226614	0.476775	0.835170	1.940571	1.158832	0.505273	1.737118	-2.018949	1.033702	-1.539616	-0.796364	-0.026469	0.009100	-2.487510	-1.488062	-1.527554	-2.065501	1.234963	0.107708	-0.692535	-0.531589	-0.523318	0.639121	1.224070	1.462898	-1.988242	-1.749268	-2.315906	-1.654222	-2.624717	-1.643808	-0.393391	0.146373	-0.154701	-0.949160	-0.207151	-0.377644	-2.558263	-2.429707	-0.006020	-0.913341	0.699833	-0.604497	-0.170125	-0.356585	-0.696948	-0.402336	1.890704	2.382447	0.116527	-0.403025	0.305760	-0.921039	0.289979	-0.851091	-0.015216	-0.043543	-0.322859	0.030345	-2.169045	-2.254721	-1.258849	-1.315364	0.843422	0.797248	1.143864	-1.815846	0.348850	-0.721832	0.553126	0.455234	1.628393	1.018873	-0.415301	1.026321	0.475457	1.829008
-0.772988	0.566889	0.739984	0.582176	-0.572304	0.737053	0.732093	1.367438	0.406482	0.980560	1.034158	2.012885	0.112567	0.296707	-0.858971	-1.141230	-0.413953	-1.552871	-0.115484	-1.196184	0.016530	-1.352676	-0.472057	-1.143227	1.570460	-0.480115	0.069219	0.143395	0.855617	-0.820763	1.324560	2.405719	0.280813	0.137136	1.526923	1.799898	2.331254	1.671271	0.780716	2.673581	-1.861125	1.458891	0.042658	0.802227	1.272656	0.519298	-1.181307	-0.340839	-0.379764	-0.909902	1.713854	1.213607	-0.772662	0.102233	-0.805574	1.072156	1.015212	1.401540	-1.377714	-0.801817	-1.430840	-0.408515	-1.223034	-0.314704	-0.405312	0.739623	-0.393596	-1.390133	-0.020583	-0.234842	-1.195397	-0.922376	-0.855442	-0.834245	1.222906	-1.885979	1.533294	0.889433	0.173677	0.333491	1.931254	2.024286	0.386811	0.051431	1.144164	0.026881	0.886708	-0.311161	-0.644623	-0.774956	0.033751	0.436738	-0.830394	-0.810832	-0.466000	-0.494042	0.248062	0.962846	1.374285	-0.306695	-0.557354	-0.981028	0.969251	0.902132	1.264779	1.365302	1.065661	0.432012	-0.120665	1.980422
0.041561	1.192699	0.003492	0.819517	-0.402041	0.999653	1.083283	1.565693	1.132880	1.404780	1.311869	1.967669	0.448710	0.571510	-0.057621	-0.722008	1.796649	-0.234846	0.711486	-0.948534	0.682331	0.273743	-0.077032	-0.926487	2.161217	0.228283	0.701986	-0.193824	0.851825	-0.551493	2.233425	2.415229	0.400274	0.074819	1.957459	1.652927	2.065227	1.258804	0.902331	2.371365	-1.018140	1.393352	1.411315	1.580930	1.343308	0.486918	0.155118	0.208592	0.904081	0.632598	1.404639	2.043161	0.167159	0.854915	-0.468058	1.283360	0.701021	1.109561	-0.303827	0.297621	-0.204699	0.696624	0.256289	0.395430	-0.075756	1.434054	-0.168932	-1.170206	0.627404	0.299385	0.205191	0.279011	-0.911127	-0.190121	1.476259	-1.704631	2.436918	1.702068	0.664053	0.404008	1.270687	1.490547	0.324635	0.518756	1.153995	0.646853	1.252931	0.180649	-1.175100	-1.094375	0.257209	0.417492	0.398326	0.384951	-0.068791	-0.187061	-0.015437	0.824007	1.476649	1.014987	-0.892417	-0.643037	1.163373	1.365539	0.906738	1.633876	1.956081	-0.059889	-0.386422	1.545824
0.660922	1.394279	-0.605210	0.468181	-0.352056	0.652409	0.811875	0.869547	1.440020	1.067427	1.194479	1.055021	0.270049	-0.009380	0.545424	-0.007761	2.458381	0.893382	0.832035	-0.645426	0.747207	1.294569	0.133514	-0.740759	1.702874	0.471201	0.899643	-0.506771	1.024483	-0.597686	2.443131	1.313305	-0.172957	-0.583373	1.131312	0.182046	1.464569	0.055148	1.087903	1.161963	-0.054134	1.125540	1.466813	0.858704	0.368732	0.084225	0.836229	0.104051	1.336729	1.453281	0.604784	2.066780	1.307755	1.218490	0.440087	1.381267	0.744465	0.806746	0.774983	1.056435	0.900059	1.175779	1.166552	0.237831	0.352008	1.894722	-0.011641	-0.827282	0.974027	0.348259	0.843938	0.490497	-0.416173	-0.011689	1.404928	-0.793513	1.773395	1.136781	0.656380	-0.140886	0.603226	0.950701	-0.181491	0.505322	0.566963	0.266963	0.723231	0.057329	-1.244554	-1.041350	0.030203	-0.090801	0.870510	0.773938	-0.093979	-0.394950	0.363000	0.606187	1.297545	0.956251	-0.206060	-0.083862	1.202338	1.591020	0.721508	1.422297	1.439101	-0.462260	-0.467668	1.222111
0.883549	1.205171	-0.945480	-0.635114	-0.234530	0.178176	0.244127	0.131248	0.850592	0.110412	0.396567	0.076389	-0.084638	-0.711775	0.484761	0.551177	1.043729	1.170940	0.241250	-0.056192	0.376869	1.305866	-0.070733	-0.316977	0.628386	0.663045	0.161155	-1.063779	0.930742	-0.666321	1.970130	0.217472	-0.857479	-1.159360	-0.357419	-1.337264	0.841438	-0.993559	1.299745	0.104623	0.747601	1.075113	0.533323	-0.343910	-0.187508	0.131545	0.580932	-0.277408	0.631885	1.006400	-0.004505	1.277941	1.512611	0.730438	1.298689	1.389037	0.976671	0.578100	1.515434	1.540582	1.561472	1.237189	1.332056	-0.175193	0.518744	1.647937	-0.339987	-1.009363	0.402663	-0.618151	0.660963	0.087110	-0.251700	-0.741050	1.034729	-0.481203	0.244375	-0.456718	0.696402	-0.511075	0.358565	0.348280	-0.775770	-0.016903	-0.003255	-0.757844	-0.213792	-0.600609	-0.788311	-0.862052	-0.449484	-0.675350	0.452613	0.485759	-0.023312	-0.470082	0.796450	0.429693	0.753055	-0.193723	0.793838	-0.012247	1.098964	1.238158	0.477748	0.702757	-0.140691	-1.027266	-0.741525	1.184163
0.817537	1.004819	-1.132611	-1.760928	0.195541	0.223582	-0.042163	0.213767	-0.110146	-0.615522	-0.677527	-0.163664	-0.115878	-0.636533	-0.083923	0.851141	-1.054353	0.756195	-0.294930	0.856841	-0.143503	0.734215	-0.287969	0.525934	-0.119167	1.228541	-1.062555	-1.411396	0.309951	-0.345192	1.160074	-0.047040	-0.883738	-0.936698	-1.179229	-1.516475	0.279999	-1.163318	1.293713	-0.148646	1.302315	1.334807	-0.053775	-0.458630	0.608968	0.942151	-0.133160	-0.391703	-0.401722	-0.019716	-0.060085	0.190481	0.537407	-0.298381	1.466584	1.190549	0.823162	0.328159	1.740348	1.871863	1.684918	1.278661	1.021097	-0.157371	0.284271	0.761322	-0.932280	-1.579893	-0.725449	-1.888455	0.261618	-0.065737	-0.759767	-1.568389	0.432515	-0.935233	-0.762675	-1.666979	1.120661	-0.074969	0.336485	-0.324889	-0.983850	-0.580131	-0.258707	-1.444721	-0.563371	-1.070364	-0.165277	-0.614326	-0.565911	-0.824521	-0.273662	0.110040	0.523513	0.111844	0.532867	0.145606	-0.022564	-1.020821	1.043152	-0.487461	0.850389	0.312185	0.014801	-0.182469	-1.485848	-1.579639	-1.224281	1.036828
0.643937	1.075702	-1.150829	-1.980179	0.708028	0.764841	0.039763	0.896457	-0.561399	-0.380914	-1.318989	0.321392	0.148570	0.169298	-0.579878	1.018648	-1.999495	0.255550	-0.275000	1.546913	-0.621288	0.270861	-0.058544	1.558844	-0.240584	1.870270	-1.602369	-0.779508	-0.581121	0.455120	0.244820	0.117651	-0.261707	-0.128888	-0.885044	-0.608872	-0.311629	-0.728107	0.883392	-0.021019	1.497082	1.530099	0.394699	0.714973	1.849633	1.636531	-0.401213	0.136218	-0.626915	-0.340435	0.132272	-0.574496	-0.631975	-0.743883	0.952263	0.788616	0.103419	-0.010318	1.440418	1.826224	1.328439	1.270076	0.623328	0.391321	-0.054476	0.032544	-1.250957	-1.683818	-1.386955	-2.096934	0.237635	0.436800	-1.285178	-1.320725	-0.352815	-1.129653	-0.701453	-1.465937	1.440715	0.850867	0.107918	-0.893745	-0.683816	-0.700570	-0.418773	-1.162550	-0.218656	-0.765114	0.165662	-0.232782	-0.039158	-0.441862	-0.450095	0.174720	1.215312	1.079309	-0.373015	-0.360854	-0.700865	-0.694426	0.282982	-0.811290	0.514627	-0.659171	-0.464741	-0.865829	-1.494869	-1.510535	-1.451556	0.452774
0.488449	1.327435	-0.831608	-1.140279	0.826350	1.170660	0.051465	1.238361	-0.381897	0.641837	-1.232389	0.843631	0.309119	0.946533	-0.586946	1.045824	-1.243226	0.151019	0.016714	1.481351	-0.901758	0.238511	0.471275	2.241979	-0.260567	1.941019	-0.864084	0.715201	-1.263193	1.406346	-0.667481	-0.127779	0.314291	0.447715	-0.345565	-0.053896	-0.950491	-0.406730	0.163532	-0.302008	1.269825	1.246619	1.223120	1.845192	1.875395	1.192139	0.266852	1.194779	0.226819	0.518766	0.100825	-0.676215	-0.707258	0.210680	0.312309	0.370786	-0.682835	-0.359092	0.845082	1.256471	0.746397	0.989053	0.391275	1.089128	-0.016965	0.186433	-1.066322	-0.846892	-0.968803	-0.772006	0.688730	1.278958	-1.048760	0.086118	-1.172243	-0.360492	-0.188233	-0.161442	0.991194	1.400715	-0.451997	-1.164066	-0.093532	-0.255822	-0.707881	-0.124456	-0.062865	0.148527	0.123622	0.242643	0.706194	0.148996	0.287757	0.779139	1.365769	1.664048	-1.157793	-0.909792	-1.031395	0.202656	-0.741782	-0.480316	0.161397	-1.124284	-0.669544	-1.245268	-0.264021	-0.534433	-1.042531	-0.382244
0.454339	1.409337	-0.235541	-0.015214	0.546266	1.036410	-0.213565	0.906045	-0.246912	1.560903	-0.714902	0.949830	0.301960	1.313608	-0.227679	0.747460	0.272770	0.520777	0.120290	0.906901	-0.793998	0.451640	0.704914	2.183580	-0.545554	1.410267	0.425423	1.880618	-1.461653	2.047768	-1.292100	-0.711923	0.471946	0.525518	-0.353935	-0.355899	-1.417639	-0.323331	-0.470986	-0.960236	0.833094	0.561550	1.484077	1.842299	0.474777	-0.048895	1.463351	2.184778	1.264855	1.649906	-0.111945	-0.171375	0.554934	1.929312	-0.068966	0.041335	-0.987377	-0.615158	0.385153	0.617509	0.426582	0.673275	0.427101	1.574697	0.471603	0.936020	-0.574601	0.303501	0.113503	1.002969	1.322051	1.923333	-0.194489	1.402498	-1.645336	0.825237	0.063451	1.106348	0.017325	1.244929	-1.096600	-1.137743	0.515253	0.484222	-0.888385	0.927483	-0.641955	0.952407	0.042866	0.668485	1.045719	0.639060	1.469112	1.584672	0.882750	1.544111	-1.310251	-1.194000	-1.060772	0.652857	-1.170395	0.124512	-0.211785	-1.091192	-0.611711	-1.432069	1.044690	0.723344	-0.258669	-0.997802
0.596475	1.002579	0.188519	0.496302	0.425656	0.609713	-0.310239	0.523706	-0.543269	1.613956	-0.212840	0.775435	0.480935	1.486397	0.071821	0.114573	1.284475	1.056238	0.094381	0.534971	-0.205265	0.599418	0.377974	1.482242	-0.707290	0.905715	1.036010	1.727874	-1.212352	2.069957	-1.243009	-0.771335	0.547754	0.604953	-0.497759	-0.454634	-1.392514	-0.039993	-0.597231	-1.175509	0.565673	-0.054109	1.115241	1.097697	-0.807407	-0.674436	2.268331	2.454531	1.417214	1.799481	-0.045800	0.535378	1.930361	2.714177	-0.293403	-0.306709	-0.869136	-0.780912	0.369328	0.538850	0.725478	0.827693	0.696099	1.701937	0.892577	1.158133	-0.070790	0.760082	0.870376	1.705077	1.743572	2.066611	0.412442	1.395596	-1.405242	1.417147	0.050281	1.514781	-0.457058	0.867826	-1.476008	-1.006682	0.886168	1.012321	-0.546024	1.354521	-1.363713	1.069714	0.178756	0.925786	0.791475	0.945032	2.211565	2.049787	0.490747	1.170458	-0.996199	-1.064289	-0.956852	0.445909	-0.859800	0.304201	-0.594871	-0.931687	-0.530133	-1.436122	1.344988	1.186865	0.242508	-1.144864
0.804645	0.070279	0.095342	0.263525	0.791198	0.296994	0.227108	0.572934	-0.726336	0.773227	0.118894	0.490804	0.936226	1.499832	0.132116	-0.498281	1.287836	1.287773	0.288934	0.545238	0.634856	0.636813	-0.083972	0.602569	-0.288254	0.726850	0.615835	0.596829	-0.740706	1.413408	-0.556457	-0.062709	0.839714	0.956427	0.020183	0.454054	-0.786190	0.492040	-0.175507	-0.597533	0.601460	-0.359781	0.703995	0.616412	-0.732377	-0.090480	2.080620	1.822419	0.618065	0.842262	0.448691	0.865156	1.859286	1.600287	-0.482321	-0.702612	-0.726925	-0.867883	0.652413	0.896533	1.330581	1.289241	0.935537	1.386642	0.745519	0.183327	0.264860	0.420958	0.741337	1.008701	1.620405	1.649158	0.370890	0.272774	-0.584642	1.230949	0.083241	1.095077	0.010577	0.722155	-1.340875	-0.907146	0.801328	0.911777	0.260920	1.057314	-1.321377	0.544351	0.374180	0.976607	0.230461	1.020921	1.976428	1.761254	0.738577	1.029483	-0.488463	-0.563082	-0.668754	0.086607	-0.250679	0.068360	-0.810992	-0.683636	-0.477462	-1.023709	0.637936	0.533062	0.226935	-0.972242
0.831394	-0.984192	-0.217481	-0.039000	1.196826	0.122090	1.064578	0.636829	-0.131387	-0.293756	0.379802	0.005470	1.200502	1.020709	0.166903	-0.687953	0.648795	0.983879	0.689370	0.463564	1.211968	0.696850	-0.120005	-0.020861	0.417080	0.460616	-0.065272	-0.301119	-0.333997	0.338585	0.128614	0.532766	1.033777	1.097507	0.957686	1.510622	0.057672	0.698784	0.358640	0.085609	0.698187	-0.532772	0.525886	0.574142	0.099758	0.704673	1.116247	0.736358	-0.206992	-0.127779	0.903798	0.498711	0.195473	-0.450772	-0.406615	-0.866997	-0.591091	-0.747131	0.784408	0.886204	1.441948	1.202860	0.788172	0.650740	0.213986	-1.273005	0.345883	0.148609	0.094734	0.009343	0.899953	0.818409	0.231256	-0.555890	0.147541	0.947063	0.121090	0.426654	0.628145	0.621383	-0.679904	-0.724867	0.360405	0.292288	0.949908	0.499788	-0.486581	-0.053501	0.381035	0.884185	-0.209105	0.801037	1.001436	0.803193	1.153380	0.965653	0.239087	0.128515	-0.045057	-0.105900	0.280863	0.077840	-0.645502	-0.047282	-0.241581	-0.093896	-0.137545	-0.315813	0.144229	-0.767633
0.533392	-1.454419	-0.173500	0.166084	1.004279	-0.068314	1.317924	0.204396	0.837286	-0.776678	0.570345	-0.531740	0.885853	0.167495	0.316895	-0.408801	0.027082	0.412083	0.869227	0.093302	1.134380	0.717380	0.221190	-0.234879	0.711830	-0.121905	-0.211203	-0.287260	-0.187252	-0.561527	0.205015	0.273458	0.750847	0.639144	1.252005	1.431361	0.559177	0.307062	0.521448	0.186421	0.587950	-0.649138	0.362188	0.413999	0.354185	0.638453	0.174371	-0.067968	-0.317801	-0.228243	0.801632	-0.197371	-1.416960	-1.523369	0.054006	-0.562526	-0.206318	-0.327332	0.538641	0.211404	0.765300	0.324434	0.271859	-0.099876	-0.107866	-1.813240	0.192499	0.458114	-0.296810	-0.188337	0.040986	0.027634	0.541957	-0.207194	0.232945	0.983743	-0.077928	0.066454	0.491592	0.264422	0.113395	-0.292504	0.044858	-0.205998	1.047475	0.251566	0.310989	-0.194415	0.277744	0.763510	-0.237066	0.427398	0.081767	-0.130778	0.911835	0.588598	0.991506	0.632580	0.633284	-0.248957	0.598172	0.523139	-0.231466	0.779597	0.192829	0.823580	-0.235522	-0.290837	0.388344	-0.644725
0.061091	-0.969386	0.179780	0.575912	0.288130	-0.197150	0.640368	-0.354033	0.988540	-0.454189	0.464254	-0.577465	0.268859	-0.269245	0.306729	-0.002694	-0.200644	0.059578	0.553459	-0.114007	0.517549	0.454135	0.336688	-0.157827	0.403718	-0.464693	0.057225	0.183197	-0.248346	-0.704145	-0.205103	-0.341788	0.239483	0.057065	0.545298	0.434651	0.389042	-0.110090	0.235048	-0.023869	0.282546	-0.469612	0.073427	-0.007314	-0.118425	0.043255	-0.116846	-0.176961	0.029980	0.161172	0.230936	-0.465065	-1.352289	-0.888726	0.389657	-0.102122	0.223432	0.092120	0.132185	-0.391179	-0.014325	-0.374311	-0.092976	-0.269966	-0.069629	-1.015252	-0.027859	0.762872	-0.186675	0.280447	-0.292784	-0.208383	0.871505	0.581385	-0.193388	0.927017	-0.407920	0.153941	-0.146200	-0.110609	0.386560	0.183075	0.139369	-0.122028	0.616343	0.368416	0.384824	0.072750	0.265201	0.616799	0.069806	0.208811	-0.155542	-0.308302	0.117352	0.047343	1.023615	0.521806	0.665029	-0.402987	0.540568	0.699011	-0.066322	0.917702	0.372519	0.864602	0.109326	0.409021	0.631919	-0.519482
-0.236746	-0.070285	0.182128	0.440186	-0.253964	-0.146435	-0.295524	-0.333093	-0.018524	0.056768	-0.058892	-0.020135	-0.075997	0.101965	-0.115277	0.087978	-0.105791	0.091187	-0.017873	0.102331	-0.087804	0.004519	-0.106305	-0.010101	-0.103628	-0.085294	0.106434	0.330498	-0.303309	-0.073522	-0.499600	-0.393226	0.051217	0.053917	-0.287402	-0.136618	-0.221458	0.052726	-0.212897	0.011261	-0.012286	-0.012238	-0.145172	-0.174579	-0.372554	-0.096179	0.165814	0.180489	0.203120	0.195671	-0.249393	-0.099314	-0.007377	0.302665	0.023479	-0.096798	0.084917	-0.005310	-0.081835	-0.193584	-0.099031	-0.033391	0.089711	0.202797	-0.073242	0.044697	-0.143092	0.380716	-0.031621	0.490095	0.022772	0.116725	0.433619	0.520688	-0.550935	0.378328	-0.493397	0.386967	-0.367010	-0.076077	-0.130403	0.153601	0.302431	0.246752	0.048641	0.395857	-0.152985	0.241575	0.265351	0.349225	0.269479	0.234601	0.182177	0.212721	-0.286806	-0.106021	-0.015471	-0.162711	-0.152257	-0.392039	0.036872	0.110909	-0.380889	-0.001593	-0.063063	-0.086648	0.216790	0.640339	0.322430	-0.315182
-0.111529	0.249176	-0.347267	-0.280376	-0.203474	-0.106511	-0.544076	0.142255	-0.991227	0.017674	-0.669904	0.367719	0.025105	0.636850	-0.548528	-0.273039	0.062405	0.318175	-0.306858	0.333505	-0.139555	-0.008578	-0.644302	0.122911	-0.411157	0.535646	-0.141819	0.086400	-0.275161	0.713701	-0.440418	0.026000	0.308649	0.566489	-0.316982	0.237331	-0.699738	0.520718	-0.498978	0.098349	-0.072376	0.188081	-0.043841	0.232027	0.053313	0.321605	0.531062	0.521167	0.218868	-0.012689	-0.289382	0.253476	0.715448	0.657225	-0.674122	-0.586468	-0.611148	-0.613580	0.083636	0.505168	0.435489	0.824801	0.567467	0.707188	-0.274586	0.187822	-0.136068	-0.244964	-0.195450	0.138830	0.463169	0.508344	-0.448598	-0.337327	-0.535839	-0.128155	-0.264029	0.453030	0.051563	0.321904	-0.903700	-0.562797	0.155006	0.322856	-0.251946	0.148818	-0.632916	0.080365	0.141438	0.078926	0.105023	0.344774	0.525297	0.690781	0.161749	0.298135	-1.144797	-0.723654	-0.966675	-0.192314	-0.456559	-0.531586	-0.708504	-0.990290	-0.694140	-0.995373	0.046332	0.065987	-0.323216	-0.112032
0.357143	-0.231406	-0.642488	-0.722718	0.205898	-0.263605	0.098117	0.326756	-0.690749	-0.464865	-0.792022	-0.067892	0.337363	0.640739	-0.252549	-0.625870	0.228229	0.643825	0.025348	0.315834	0.453144	0.777157	-0.530622	0.361402	-0.358316	0.633537	-0.083190	0.017800	-0.261938	1.054272	-0.302397	0.089495	0.712606	0.978532	0.323094	0.772466	-0.660853	0.581338	-0.428041	-0.241510	0.250442	-0.171162	0.425455	0.864823	0.639226	0.640178	0.742152	0.717159	0.516483	0.350091	-0.009290	0.076325	-0.036592	0.260027	-0.674399	-0.844160	-0.957373	-0.979876	0.612380	0.902110	0.914822	1.110113	0.833990	0.786997	-0.242984	-0.389014	-0.034234	-0.131884	-0.355149	-0.092672	0.637605	0.681925	-0.402405	-0.578515	-0.322404	0.237015	-0.038714	0.453003	0.538316	0.718944	-1.106927	-1.292762	0.022876	0.127339	-0.005166	0.105732	-0.478038	-0.017744	0.140604	0.147918	-0.014487	0.523156	0.610189	0.738017	0.895381	0.843988	-0.989549	-0.527503	-0.808721	-0.049146	-0.215058	-0.166508	-0.476075	-0.840923	-0.720134	-0.849432	0.185781	-0.302338	-0.418917	-0.073593
0.805724	-0.600464	-0.057399	-0.314683	0.592651	-0.295896	0.941160	0.098222	0.481660	-0.540198	-0.196524	-0.776059	0.664932	0.388619	0.783414	-0.268422	0.479368	1.081496	0.759119	0.451272	1.148283	1.636265	0.324288	0.737311	0.108781	0.306606	0.556482	0.377284	-0.201092	0.927876	-0.200045	-0.282291	0.996523	0.996839	0.813568	0.772569	-0.199881	0.142316	0.024269	-0.692822	0.812015	-0.580458	1.019380	1.163309	0.802309	0.585998	0.870858	0.906998	0.888747	1.189320	0.378406	-0.164753	-0.938690	0.174453	0.236209	-0.312054	-0.365828	-0.473624	1.212159	0.759106	0.953552	0.669119	0.750051	0.638256	0.304537	-0.543605	0.216877	0.650470	-0.036890	0.278373	0.691168	0.788679	1.044674	0.508878	-0.093188	1.166474	0.014667	0.608566	0.709782	0.927972	-0.507456	-1.117325	0.439812	0.154917	0.701629	0.618222	0.305762	0.312713	0.574851	0.560979	0.428603	0.873704	0.634057	0.675302	1.155442	1.048225	0.368014	0.182502	0.117733	-0.040243	0.715335	0.974203	0.150939	0.192961	-0.068852	0.052788	0.721619	0.260243	0.320614	-0.206876
0.861071	-0.013898	0.855860	0.367425	0.802489	0.255758	1.110618	0.106677	0.987114	0.224960	0.679215	-0.641717	0.880936	0.489567	1.543702	0.773388	0.736643	1.268086	1.187476	0.885218	1.100438	1.332893	1.167526	0.905899	0.763207	0.214105	1.114419	0.641949	0.175192	0.676771	0.136009	-0.245419	0.963587	0.756295	0.715840	0.460151	0.271121	-0.241564	0.595573	-0.478472	1.053198	-0.374243	1.205911	0.857683	0.472477	0.344522	0.809845	0.905696	0.514836	1.251911	0.802206	0.270524	-0.353685	0.667457	0.988733	0.601797	0.528579	0.559426	1.293459	0.401974	0.627041	0.177214	0.450870	0.499422	0.912048	0.184209	0.559738	0.899780	0.541460	0.621790	0.722265	0.797452	2.316116	1.664591	0.240784	1.284656	0.106977	0.633285	0.641795	0.842007	0.366955	0.006743	1.066072	0.452254	1.242489	1.112030	1.056920	0.677440	1.095075	0.740812	1.079796	1.118204	0.652876	0.669397	0.769092	0.724065	1.346395	0.574653	0.715883	0.102710	1.196304	1.388429	0.501459	0.707231	0.442425	0.579405	0.841177	0.878448	0.946932	-0.254495
0.403584	1.064812	0.946002	0.417935	0.686562	1.103630	0.315104	0.551072	0.102730	1.143384	1.047251	0.425553	0.661092	0.714494	1.116665	1.410814	0.634320	0.565059	0.690442	0.825700	-0.004164	-0.344997	1.166862	0.409259	0.939413	0.380447	0.760981	0.119696	0.785048	0.386678	0.699283	0.547260	0.367485	0.316034	0.244666	0.211880	0.402202	-0.237048	0.775389	0.376015	0.456322	0.323819	0.505973	-0.019202	-0.185155	-0.128629	0.271933	0.260020	-0.749055	-0.090150	1.030841	1.110861	1.435841	0.807564	0.598658	0.980890	0.726901	1.178507	0.430932	0.020574	0.081854	-0.014834	-0.023377	0.120976	0.942791	1.004221	0.674338	-0.026605	0.667581	0.010277	0.408750	0.302338	1.453605	1.135409	0.682811	-0.052136	0.340990	-0.037610	0.330018	0.215398	0.839232	1.068865	0.899714	0.470355	0.940552	0.718031	0.934968	0.333243	0.865198	0.228585	0.941678	0.652384	0.333737	0.266818	-0.019516	-0.072397	0.834770	0.275035	0.466709	0.508920	0.262415	0.171709	0.350273	0.052247	0.206608	0.308216	-0.037397	0.257713	0.396351	0.004393
-0.368945	1.306797	0.007745	-0.069936	0.032507	1.272907	-0.940686	0.658421	-1.294103	1.135624	0.466316	1.268034	-0.270212	0.284468	-0.146217	0.619525	-0.094923	-0.994895	-0.613031	-0.355428	-1.400023	-2.156142	0.201782	-0.738034	0.125994	0.103163	-0.401684	-1.185201	0.959111	-0.212581	0.882782	1.245437	-0.732045	-0.344943	-0.276673	-0.145218	0.187197	-0.024900	0.224166	0.973657	-0.778613	0.754322	-0.922151	-1.230216	-0.933686	-0.955663	-0.615548	-0.961398	-1.848127	-1.717311	0.571685	1.225700	2.576917	-0.151542	-0.566443	0.440382	0.197873	0.928351	-1.029085	-0.455365	-0.555950	-0.141123	-0.611449	-0.703529	0.426781	0.944857	0.334834	-1.190822	0.114384	-1.336250	-0.391157	-0.721557	-1.306675	-0.978399	0.846771	-1.735940	0.360030	-1.260560	-0.343329	-0.934729	0.652411	1.102264	-0.285371	-0.021375	-0.129300	-0.446239	-0.231723	-0.711329	-0.310808	-0.606156	-0.247944	-0.600101	-0.466554	-0.766171	-0.929505	-1.074413	-0.537843	-0.236206	-0.070575	0.817069	-1.481332	-1.709938	0.076364	-0.880252	-0.392461	-0.117765	-1.286295	-1.302754	-1.014844	0.361113
-1.074783	0.151463	-0.837147	-0.133662	-1.001141	0.268309	-1.771765	-0.177357	-1.869267	0.014494	-0.677264	0.958158	-1.518288	-0.816280	-1.009254	-1.226709	-1.125190	-2.285919	-1.834029	-1.841414	-1.838654	-2.709752	-1.075597	-1.889552	-1.247301	-0.887562	-1.365045	-2.394957	0.275528	-1.143389	0.234561	0.908271	-1.618489	-0.904371	-0.717258	-0.781014	-0.049637	0.239118	-0.801453	0.784838	-1.789791	0.465855	-2.192377	-2.274129	-1.344529	-1.672864	-1.185987	-1.912245	-1.677950	-2.073269	-0.712249	0.110414	1.868595	-1.663546	-1.335484	-0.561124	-0.227433	0.200870	-2.086126	-0.924994	-1.029474	-0.356392	-0.992831	-1.513037	-0.060672	0.031444	-0.132970	-1.192649	-0.516684	-2.055829	-1.143867	-1.527366	-3.461051	-2.645348	0.383737	-2.172900	-0.166383	-1.991005	-1.113361	-1.942794	0.037388	0.239942	-1.378153	-0.465829	-1.106245	-1.249917	-1.500853	-1.474378	-1.416976	-0.939601	-1.419376	-1.735163	-1.255833	-1.736384	-1.630652	-1.781163	-1.378671	-0.286711	-0.283612	0.615497	-2.289174	-2.374454	-0.087138	-0.931407	-0.544057	-0.138652	-1.740256	-2.037031	-1.773106	0.375081
-1.391589	-1.429459	-0.475096	0.639174	-1.760384	-1.230673	-1.635272	-1.352924	-1.252877	-1.244570	-1.446908	-0.113250	-2.098456	-1.582207	-0.786381	-2.605405	-1.615150	-2.119220	-2.065575	-2.122481	-0.869193	-1.764699	-1.805648	-2.235444	-2.069981	-1.814079	-1.248770	-2.389140	-0.571318	-1.712741	-0.791841	-0.256737	-1.427198	-0.818131	-0.888807	-1.183498	-0.006890	0.644950	-1.594448	0.238034	-1.902748	-0.246800	-2.412431	-2.487366	-1.066815	-1.533919	-0.966181	-1.811539	-0.310604	-1.002343	-2.084266	-1.364678	-0.012810	-2.414104	-1.187148	-1.294955	-0.074810	-0.394359	-1.960236	-1.034822	-1.079895	-0.471212	-0.855702	-1.599899	-0.221015	-0.775961	-0.077225	0.116273	-0.528389	-1.174359	-1.223218	-1.422424	-2.896751	-2.213547	-0.390026	-1.068962	-0.898749	-1.407537	-1.418364	-2.006406	-0.573206	-0.546975	-1.187989	-0.291028	-1.235574	-0.889316	-1.533041	-1.053906	-1.197757	-0.469017	-1.319775	-1.655016	-1.375188	-1.732442	-1.750392	-1.735715	-1.173736	0.199510	-0.335963	0.050713	-1.199608	-1.029248	-0.338726	-0.131925	-0.038597	-0.047452	-1.017427	-0.856880	-0.904221	0.045860
-1.278655	-1.963993	0.830099	1.417776	-1.759077	-2.122490	-0.798594	-1.750661	-0.218039	-1.569869	-1.282826	-0.923717	-1.460240	-1.228677	-0.015082	-2.426816	-0.991322	-0.605195	-1.219864	-0.913841	0.657499	-0.082997	-1.589538	-1.439698	-1.731743	-1.720656	-0.102621	-0.770483	-0.404993	-1.026325	-1.278575	-1.196675	-0.134081	-0.014835	-0.521281	-0.697359	0.204211	1.074303	-1.658098	-0.086942	-1.261588	-0.797803	-1.498113	-1.538766	-0.311990	-0.541572	-0.281478	-0.816276	1.231507	0.368900	-2.477551	-1.916207	-1.437698	-1.620467	-0.677279	-1.384306	0.205686	-0.667100	-0.797184	-0.622923	-0.759031	-0.374019	-0.324967	-0.878952	-0.359152	-0.636733	0.655167	1.519670	0.069812	0.752583	-0.750388	-0.677323	-0.099116	-0.216624	-0.686954	0.519117	-1.077542	0.102668	-1.071606	-1.055368	-0.907627	-0.641059	0.105938	0.267098	-0.607806	0.182729	-0.028801	0.343217	0.296125	0.263893	-0.009173	-0.281380	-0.781310	-0.770267	-1.191991	-0.970725	-0.547039	0.630746	-0.653089	-0.329537	0.848465	1.211014	-0.707208	0.451060	0.519696	-0.356870	0.286908	1.293785	0.874260	-0.066195
-0.971539	-1.028981	1.700081	1.121311	-1.258054	-2.041608	-0.072988	-1.153409	0.252737	-0.918420	-0.610676	-1.108622	-0.203408	-0.167159	0.328298	-1.042285	0.357307	0.899659	-0.068022	0.456167	1.488885	1.485859	-0.778376	0.043466	-0.713726	-0.641502	1.258302	1.573037	0.867984	0.874378	-0.899791	-1.268391	1.256011	0.874109	0.233511	0.437518	0.142818	1.071019	-1.146102	-0.226202	-0.538303	-0.919059	-0.184414	0.123552	0.319225	0.417309	0.128007	0.199106	2.096472	1.184605	-1.589666	-1.201507	-1.496614	0.347277	-0.520725	-0.916721	-0.049628	-0.779941	0.509575	-0.000824	-0.414294	-0.267618	0.143598	0.045030	-0.841038	0.314370	1.341728	1.874171	0.636890	2.186378	-0.422014	-0.166518	2.521605	1.406153	-0.176191	1.497256	-0.421086	1.396829	-0.448207	0.188771	-1.019536	-0.386058	1.191428	0.530574	0.095596	0.868233	1.729037	1.593468	1.503768	0.498736	1.168143	1.251886	-0.093444	0.238836	-0.303933	-0.030069	-0.240935	0.354258	-1.076137	-0.285063	2.041203	2.451886	-0.753452	0.054039	0.402133	-0.906783	1.457741	2.464170	1.946339	0.370292
-0.696038	0.419544	1.140232	-0.231258	-0.862028	-1.474105	0.023603	-0.371647	-0.070059	-0.156987	-0.310404	-1.081499	0.570485	0.593599	-0.057325	0.332416	1.388644	1.271019	0.599416	0.730371	1.232470	2.426104	-0.109215	1.232303	0.149307	0.474870	2.017467	3.024052	1.941429	2.651595	-0.185529	-0.798047	1.696313	1.187013	0.666354	1.203687	-0.397708	0.472020	-0.564964	-0.461106	-0.155732	-0.746900	0.754118	1.524624	0.580546	0.660245	-0.001157	0.631595	2.181820	1.561170	-0.177393	0.007591	-0.650824	2.348412	-0.685529	-0.227453	-0.810505	-0.846039	1.156997	0.371831	-0.265720	-0.299212	0.298716	0.627287	-1.470781	1.122559	1.119524	1.207882	0.638054	2.113500	-0.541204	-0.210714	3.125667	1.523623	0.562380	1.569778	0.537881	1.812139	0.051428	1.005636	-1.089047	-0.434744	1.168259	0.324177	0.420411	0.697947	2.116920	1.758788	1.023737	0.052513	1.123811	1.725646	0.160070	0.601264	0.445096	0.569447	-0.319935	-0.652325	-1.028489	-0.123965	1.585611	1.846745	-0.237775	-0.923680	-0.483835	-1.030257	2.183363	1.769951	1.521713	0.857445
-0.434284	1.096888	-0.474212	-1.505144	-0.694686	-0.974085	-0.216486	-0.087029	-0.540494	0.040997	-0.602855	-1.126115	0.509922	0.674930	-0.661732	0.878606	1.477164	0.731683	0.749074	0.180764	0.534882	2.463593	0.039418	1.385466	0.643295	0.898282	1.893052	2.682176	1.605995	2.825383	0.212019	-0.461930	1.123395	0.923731	0.307657	1.043508	-1.048425	-0.212533	-0.156161	-0.669104	0.041479	-0.515863	1.166565	1.994551	0.788131	0.508276	-0.188175	0.680800	1.786933	1.801820	0.756071	0.737543	-0.012017	3.240009	-0.615575	0.272133	-1.404030	-0.854842	1.061578	0.378488	-0.116591	-0.232430	0.355132	0.910806	-1.647143	0.946565	0.034542	0.338423	0.145772	0.895944	-0.595598	-0.216257	1.915002	0.765843	0.693107	1.036866	1.076501	1.619790	0.395993	1.285012	-1.105120	-0.820704	0.423175	0.099428	0.487024	0.190478	0.907529	0.899292	-0.657280	-0.526589	0.231068	1.046034	0.140497	0.557646	0.892146	0.814396	-0.383437	-1.661617	-0.385872	-0.187168	0.276908	0.263979	0.310514	-1.435515	-1.476686	-0.458737	2.300381	0.184373	0.306176	0.656732
-0.079319	0.558973	-1.834398	-1.678492	-0.345351	-0.666169	-0.136952	-0.150016	-0.398869	-0.144632	-0.784481	-0.968717	0.252863	0.530544	-0.923761	0.713226	0.965184	0.309662	0.889006	-0.002219	0.122434	1.614982	-0.027252	0.668640	1.077061	0.788998	1.072633	1.205399	0.105877	1.324732	0.183300	-0.443320	0.344359	0.566880	-0.355116	0.479454	-1.241728	-0.406147	0.225434	-0.529765	0.367049	-0.349837	1.361265	1.666631	1.172450	0.716848	0.132196	0.866611	1.083336	1.644230	0.856633	0.660190	-0.205870	2.496421	-0.141077	0.216020	-1.343039	-0.864008	0.668028	0.235022	0.359219	0.225023	0.685470	1.258259	-1.161203	-0.171917	-0.972264	-0.187345	-0.360785	-0.272418	0.038378	0.416004	0.338721	0.323919	0.061036	0.351560	0.988092	1.342080	0.718157	1.333527	-0.869574	-0.990308	-0.074069	0.188331	0.582145	0.016412	-0.566662	-0.094995	-1.569923	-0.557653	-0.237846	0.197767	0.403284	0.785897	1.183688	1.035813	-0.248464	-1.854070	0.242982	-0.389547	-0.660179	-0.810603	0.172014	-1.015262	-1.754045	0.278522	1.600151	-0.680995	-0.473752	-0.168271
0.268259	-0.570267	-1.902666	-0.820397	0.415623	-0.413678	0.435482	-0.086056	0.385268	-0.164352	-0.206153	-0.347907	0.443747	0.627182	-0.796834	0.384494	0.567802	0.485601	1.197707	0.650036	0.044654	0.352282	0.185628	-0.022768	1.472700	0.710257	-0.092218	-0.041369	-1.275440	-0.394750	0.035763	-0.362631	0.074703	0.428670	-0.402881	0.305465	-0.833229	-0.186934	0.672564	-0.110826	0.783010	-0.252384	1.497012	1.121631	1.446686	1.419735	0.895859	1.251129	0.095468	0.718075	0.497910	0.211782	-0.906547	0.515040	0.248565	-0.439981	-0.815535	-0.933621	0.319589	0.109061	1.117446	0.914542	1.361368	1.773472	-0.561908	-1.407016	-1.175034	-0.459130	-0.520424	-0.614003	1.217444	1.398420	-0.589414	0.386291	-0.710262	-0.096049	0.568224	1.044868	1.013573	1.353938	-0.316666	-0.621145	0.095347	0.398855	0.719874	0.204893	-0.985482	-0.370205	-0.516991	0.061703	0.299363	0.078065	1.119468	1.445782	1.436421	1.364393	-0.187801	-1.119739	0.213478	-0.439086	-0.813533	-0.820733	-0.560162	-0.310562	-1.083935	0.440820	0.197570	-0.335567	-0.413595	-0.758353
0.402689	-1.272218	-0.735608	0.171939	1.272021	-0.052707	1.055916	0.228386	1.119915	0.137043	0.804811	0.454667	0.949540	0.944380	-0.541661	0.140747	0.526391	0.810439	1.258506	1.454146	-0.002272	-0.627324	0.710620	-0.005668	1.421763	0.875250	-1.172687	-0.491953	-1.593290	-0.911726	-0.011680	0.066349	0.346420	0.481232	0.363221	0.600573	-0.170902	-0.022459	0.975549	0.243204	1.017697	-0.094145	1.435737	0.725104	1.288103	2.020752	1.519804	1.384759	-0.928124	-0.579200	0.227345	0.111583	-1.308124	-1.533702	0.179515	-1.164568	-0.285767	-0.852818	0.080021	0.034005	1.742789	1.375119	2.040690	2.134168	-0.428547	-1.919159	-0.800596	-0.714825	-0.319016	-0.417570	2.130685	1.902016	-0.914226	0.200908	-0.943957	-0.153025	0.153723	0.497267	1.173664	1.289991	0.326352	-0.026474	0.625412	0.475783	0.762640	0.396822	-0.382218	0.125204	1.504637	0.817826	1.117669	0.607931	1.822244	1.975468	1.528702	1.525060	-0.467207	-0.097261	-0.378894	-0.263014	-0.570547	-0.393777	-0.991224	-0.274667	-0.012181	-0.075636	-1.189670	0.260232	-0.146074	-0.552094
0.432661	-0.982947	0.683376	0.607250	1.813057	0.571362	1.336109	0.640560	1.238580	0.528420	1.359994	0.949145	1.239590	1.288074	-0.266791	-0.169998	0.612717	0.797044	0.814760	1.672375	0.005505	-0.942121	1.184199	0.528986	0.845853	1.090321	-1.646876	-0.604876	-0.884955	-0.272032	0.005887	0.551290	0.770581	0.678341	1.221898	0.869782	0.395651	0.010979	0.963898	0.471915	1.062382	0.331006	1.153219	0.441295	0.882018	1.979050	1.609574	1.002361	-1.415674	-1.229623	0.308557	0.676255	-0.920875	-2.425448	0.070032	-1.145817	0.129439	-0.275091	0.087618	0.130527	1.921767	1.428732	2.231885	1.936432	-0.445748	-1.492550	-0.493922	-0.928118	0.083627	-0.464373	2.197197	1.608820	-1.037837	-0.574780	-0.539073	0.000727	-0.080933	-0.249030	1.132884	1.048190	0.772678	0.326624	1.107443	0.560470	0.746930	0.561505	0.241165	0.663961	2.493244	1.239166	1.239112	1.051888	1.969445	1.802636	1.259681	1.219345	-0.788700	0.566800	-0.765803	0.056248	-0.334723	-0.236550	-0.467775	-0.917009	0.703440	-0.597837	-1.739930	0.054193	-0.373185	0.048594
0.779058	0.035747	1.373171	0.595055	1.998706	1.408378	1.393317	1.081008	0.930048	0.894457	1.194360	1.023003	1.181879	1.577096	0.107925	-0.591498	0.722362	0.654407	0.404596	1.399094	0.368907	-0.707960	1.445740	0.903249	0.397773	1.139203	-1.148361	-0.765532	0.211265	0.371374	0.041655	0.578503	1.025233	1.008210	1.482716	0.832515	0.832712	0.253340	0.868371	0.752383	1.205189	0.987236	0.930053	0.153517	0.613928	1.315179	1.344055	0.495026	-0.972504	-0.711283	0.684573	1.442551	0.064648	-1.793870	0.583295	-0.128592	0.614867	0.694988	0.600741	0.519028	1.682616	1.265085	1.673866	1.127944	0.255921	-0.528380	-0.421299	-0.972727	0.544315	-0.944821	1.617247	1.027549	-0.957734	-1.228607	0.088052	0.087587	0.010533	-0.773344	0.904356	0.689776	0.946036	0.374654	1.374007	0.866774	0.817126	0.975625	0.260412	0.567499	1.774877	1.377510	0.679881	0.987067	1.569693	1.032999	0.687009	0.593444	-0.444877	0.787357	-0.322701	0.591148	-0.143049	-0.256672	0.684691	-1.169116	0.808340	-0.401278	-1.323768	-0.783478	-0.977330	0.308874
1.509213	0.985854	1.155939	0.617497	1.937510	1.915123	1.460890	1.459522	0.752014	1.258362	0.929726	0.833002	1.058959	1.597360	0.565170	-0.750339	0.966405	0.831308	0.752440	1.103010	1.047000	-0.187545	1.685842	0.806749	0.687571	0.893644	0.145713	-0.698480	1.021703	0.305581	0.193432	0.164353	0.959521	1.185169	1.200143	0.621317	1.172081	0.710108	1.018919	0.911788	1.485623	1.339034	0.949744	-0.075048	0.449884	0.376614	1.127009	0.451805	0.057622	0.376095	1.106583	1.541157	1.024622	-0.403040	1.514301	1.121490	1.082137	1.316668	1.445668	0.923191	1.146089	0.940405	0.577347	0.111706	1.702295	0.386431	-0.256323	-0.860333	0.917427	-1.190884	0.994777	0.732760	-0.383027	-0.921034	0.506180	0.060700	0.531422	-0.761307	0.584053	0.382870	0.902548	0.323217	1.279025	1.112281	0.889724	1.506220	-0.002478	-0.025735	0.559730	1.471157	0.244700	0.680663	1.076105	0.291894	0.213498	0.161010	0.805691	0.827621	0.743592	1.410761	0.109984	0.035708	1.539014	-0.193024	0.654914	0.489507	-0.548795	-1.179291	-1.226552	0.134341
1.896653	1.172251	0.574939	0.758593	1.456383	1.356246	1.336172	1.376535	0.805236	1.353078	1.034511	0.322197	0.902740	0.891500	0.897855	-0.304139	1.141045	1.124798	1.571882	0.733697	1.459448	0.446815	1.878230	0.453175	1.296540	0.194349	1.476332	-0.182973	1.163583	-0.069757	0.497396	-0.106203	0.469963	0.709886	0.785365	0.320803	1.190409	0.790661	1.196645	0.433073	1.398024	0.737734	0.901439	-0.162564	-0.007582	-0.552487	0.974606	0.782375	0.776593	0.965841	1.190713	0.583991	1.379615	0.585745	1.804966	1.496473	1.064714	0.956116	1.783249	0.732084	0.299029	0.185106	-0.505768	-0.615610	2.602967	0.845102	0.168007	-0.600972	1.021751	-0.590300	0.567703	0.595699	0.632753	0.142503	0.626132	0.034135	1.225554	-0.384619	0.262530	0.157607	0.624287	0.214879	0.594251	0.707681	0.625225	1.423899	0.050482	-0.389351	0.131460	1.336354	0.269561	0.484789	0.693837	-0.067887	0.135710	0.152870	2.169941	0.813097	1.558886	2.098300	0.434249	0.623659	1.491432	1.426494	0.654340	1.312018	-0.005052	-0.573254	-0.702856	0.064039
1.102575	0.485206	0.183166	0.664337	0.298681	-0.259677	0.573862	0.398915	0.641191	0.707294	1.036810	-0.624818	0.297955	-0.657984	0.917958	0.426911	0.651344	0.738998	1.548878	-0.185137	1.019379	0.867385	1.452125	-0.019207	1.070336	-0.984796	1.954203	0.292011	0.729053	-0.178466	0.693527	0.083744	-0.432216	-0.494501	0.315793	-0.203294	0.639654	0.087388	0.675037	-0.698963	0.401884	-0.733763	0.248338	-0.311584	-0.910840	-1.320500	0.399846	0.614385	0.594110	0.573989	0.584961	-0.849699	0.936387	0.616700	0.910049	0.758602	0.440063	-0.018473	0.889871	-0.282227	-0.821110	-1.073450	-1.165880	-0.974453	1.799751	0.748015	0.612604	-0.070937	0.769832	0.495646	-0.031327	-0.011439	1.453716	0.899931	0.607355	-0.044747	1.399560	-0.157146	-0.196075	-0.276065	0.146282	-0.011150	-0.608163	-0.407957	-0.153017	0.270954	0.453384	-0.190038	0.228976	0.505531	0.157828	0.187360	0.051319	-0.391104	0.083928	0.055410	2.457418	0.694916	1.454465	1.869783	0.748482	0.914319	0.743429	2.223670	0.776003	1.383523	0.226431	0.431214	0.220837	0.398742
-0.621921	-0.578424	0.108784	0.234035	-1.228254	-1.764774	-0.765992	-1.242418	-0.001300	-0.600799	0.232533	-1.547060	-0.910658	-2.261485	0.655131	0.703068	-0.662309	-0.626397	-0.082553	-1.585093	-0.231831	0.520612	-0.023666	-0.785369	-0.428194	-2.188198	1.188991	0.086538	0.181244	-0.264215	0.417998	0.309211	-1.414648	-1.709918	-0.370446	-0.881568	-0.249225	-0.893139	-0.800845	-1.561185	-1.289765	-2.019539	-1.044901	-0.864370	-1.845946	-1.794213	-0.916741	-0.648439	-0.226210	-0.439773	-0.619992	-1.701039	0.004096	-0.021182	-0.331511	-0.188009	-0.070281	-0.442656	-0.870431	-1.493574	-1.835905	-2.218559	-1.428717	-1.305197	-0.106185	0.284563	0.804244	0.704780	0.295777	1.103879	-1.124894	-1.272758	1.377700	0.723876	0.521147	-0.354715	0.533178	-0.412539	-1.048289	-1.227184	-0.168770	-0.145151	-1.683965	-1.448347	-1.100196	-1.303638	0.688997	0.099145	-0.168803	-0.927445	-0.616546	-0.637016	-1.171037	-1.143972	-0.685368	-0.848969	1.352165	0.517174	0.636265	0.491477	0.909653	0.541270	-0.015086	1.565188	0.661067	0.801812	0.252952	0.905829	0.848636	0.721441
-1.864521	-1.311800	0.218471	-0.060392	-2.193086	-1.851588	-1.873090	-2.545324	-0.719750	-1.670487	-1.092077	-1.569328	-2.036604	-2.740373	0.332831	0.340928	-1.955409	-2.083791	-2.273084	-2.503191	-1.543836	-0.699594	-1.923229	-1.757379	-2.134255	-2.646504	-0.310342	-0.678797	-0.141998	-0.900826	-0.315512	0.085396	-1.926912	-2.025469	-1.078475	-1.241948	-0.833757	-1.214377	-2.322907	-1.207559	-2.640887	-2.056996	-2.214056	-1.716522	-2.172593	-1.850088	-2.366115	-2.302625	-0.951855	-1.386209	-1.701386	-1.429090	-0.782167	-0.754150	-0.674444	-0.394507	0.332403	0.311118	-2.229431	-1.960402	-2.163597	-2.357557	-1.452402	-1.736415	-1.253254	-0.199992	0.731198	1.314724	-0.127305	0.891177	-2.204337	-2.409499	0.403514	0.116633	0.240228	-0.782531	-0.966052	-0.899707	-2.083606	-2.379339	0.120972	0.149555	-1.912151	-1.564887	-1.586377	-2.029397	0.394944	-0.050238	-0.995062	-1.995358	-1.545152	-1.712123	-2.413361	-2.036743	-2.153516	-2.349723	-0.198977	0.422278	-0.090901	-1.133206	0.746127	-0.118198	-0.308388	0.362601	0.148161	0.251254	-0.003786	0.698998	0.894736	0.458166
-1.570460	-1.324407	0.381039	0.200322	-1.944983	-0.594061	-1.949269	-2.636513	-0.906333	-1.664413	-1.771147	-0.546737	-2.155501	-1.829228	0.171190	-0.024973	-2.156537	-2.392658	-3.107036	-2.134967	-2.041289	-1.898182	-2.861609	-2.262984	-2.574909	-2.076941	-1.383347	-1.231580	-0.330459	-1.802306	-0.976972	-0.347654	-1.713635	-1.356258	-1.272524	-0.969880	-0.756951	-0.678604	-2.622005	0.044716	-2.724447	-1.005055	-2.376636	-2.177688	-1.700041	-1.530505	-2.761950	-2.892621	-1.136086	-1.765792	-1.864299	-0.517633	-0.950444	-1.221949	-0.035771	0.039933	1.317126	1.442923	-2.300700	-1.450982	-1.612787	-1.385479	-1.186121	-1.849746	-0.712126	-0.436317	0.532932	1.333052	-0.297592	0.475232	-2.276883	-2.420433	-0.629634	-0.063691	-0.260846	-0.890671	-1.934395	-1.019992	-2.513655	-2.822063	0.861609	0.734469	-1.310963	-0.833633	-1.362815	-1.438326	-0.166752	-0.425334	-1.135935	-1.820289	-1.677631	-2.094888	-2.594387	-2.204172	-3.149139	-3.184709	-0.976958	0.432469	-0.208834	-1.717294	0.267214	-0.401664	-0.232157	-0.112812	-0.432724	0.197823	-0.537697	0.399107	0.619819	-0.287837
-0.378414	-0.801427	0.491620	0.706368	-0.929832	0.522038	-1.129135	-1.683400	-0.495707	-0.784097	-1.180751	0.463917	-1.268632	-0.609523	0.194588	0.089355	-1.241471	-1.465272	-2.038462	-0.980523	-1.527872	-1.974262	-2.152700	-1.800572	-1.582054	-1.119636	-1.235984	-1.083971	-0.498129	-1.937078	-0.992543	-0.402867	-1.124502	-0.581456	-0.801501	-0.440494	-0.311262	-0.079246	-1.574183	0.815145	-1.726971	-0.115448	-1.544364	-1.775441	-0.975623	-1.119333	-1.778591	-1.969964	-0.890077	-1.473019	-1.107870	0.067782	-0.576034	-1.278118	0.524271	0.309582	1.654867	1.624119	-1.451834	-0.707707	-0.753541	-0.345311	-0.660270	-1.332947	0.445652	-0.374914	0.339826	0.850435	-0.196392	0.400419	-1.242104	-1.379366	-0.847298	0.252593	-0.600196	-0.523733	-1.612282	-0.610043	-1.912504	-2.127654	1.271041	1.001283	-0.626602	-0.149345	-0.815303	-0.428981	-0.414263	-0.443316	-0.311277	-0.766164	-0.940401	-1.402840	-1.537025	-1.428072	-2.667177	-2.507674	-0.670025	0.444439	0.080939	-0.978477	-0.183871	-0.166543	-0.117814	0.267459	-0.549249	0.445668	-0.932659	0.389495	0.379299	-0.756881
0.123669	-0.223429	0.488904	0.765325	-0.218173	0.417091	-0.328740	-0.616005	-0.023265	0.047649	-0.016347	0.461954	-0.368030	-0.245826	0.249624	0.340689	-0.253430	-0.524084	-0.504245	-0.285500	-0.715890	-1.073115	-0.617328	-0.832450	-0.353385	-0.601248	-0.352157	-0.531902	-0.335782	-1.012655	-0.304459	-0.029245	-0.683912	-0.469630	-0.185791	-0.264689	0.071452	-0.121794	-0.337839	0.418293	-0.762369	-0.145286	-0.646806	-0.974059	-0.646957	-0.856129	-0.600952	-0.768629	-0.623739	-0.842850	-0.253523	-0.015889	-0.053356	-0.930684	0.315997	0.145315	0.881675	0.758674	-0.728865	-0.540054	-0.400345	-0.288088	-0.327273	-0.668150	0.631907	-0.099153	0.275991	0.326629	0.053542	0.329839	-0.314138	-0.518783	-0.278993	0.398796	-0.238189	-0.160804	-0.446747	-0.266414	-0.884797	-1.029444	0.922218	0.752505	-0.350603	-0.088277	-0.384183	-0.118791	-0.087236	-0.074027	0.315863	-0.108786	-0.173542	-0.461661	-0.462042	-0.622386	-1.255051	-1.104268	0.049166	0.408349	0.314726	0.078311	-0.256114	0.100962	-0.006323	0.562220	-0.058606	0.526242	-0.780777	0.365893	0.257845	-0.417827
-0.546966	0.217832	0.481399	0.259827	-0.217000	-0.176665	-0.134399	0.006033	0.039665	0.380997	0.651447	-0.093040	-0.177231	-0.556124	0.252767	0.305088	0.007551	-0.533902	-0.026630	-0.365169	-0.472378	-0.548145	0.399739	-0.248857	0.192053	-0.489624	0.012214	-0.229502	0.470777	-0.078622	0.642485	0.351519	-0.460227	-0.747060	0.064753	-0.431922	0.426039	-0.490974	0.197267	-0.140164	-0.563409	-0.334459	-0.386835	-0.609958	-0.541621	-0.596008	-0.546823	-0.662061	-0.692874	-0.469790	0.070196	-0.099213	0.433349	-0.482608	-0.150044	0.175438	0.056942	0.214972	-0.616917	-0.828674	-0.661824	-0.918395	-0.559517	-0.590905	-0.192963	0.329242	0.408909	-0.041200	0.279860	-0.313346	-0.479057	-0.693490	0.208560	0.041327	0.841737	-0.336981	0.516946	-0.568833	-0.223073	-0.486888	0.456943	0.643314	-0.132372	-0.227649	0.010162	-0.480511	0.552794	0.155259	-0.083456	-0.465689	0.119308	-0.236103	-0.512047	-0.653626	-0.360533	-0.463218	0.429222	0.360180	0.401249	0.426267	-0.084341	-0.021978	0.329705	0.163384	0.573424	0.359941	-0.316701	-0.101996	0.138564	0.415246
-1.140798	0.780368	0.656341	-0.174456	-0.288019	0.213964	-0.198568	0.448536	-0.153978	0.625415	0.675212	0.087932	-0.336751	-0.472362	0.334784	0.292640	-0.168197	-1.010945	-0.391736	-0.319045	-0.831490	-1.119837	0.563052	-0.196277	0.380553	-0.107816	-0.541881	-0.500499	1.508689	-0.125271	1.394643	0.592330	-0.217034	-0.659762	0.054421	-0.439840	1.019484	-0.415765	0.431344	0.403917	-0.687379	0.447662	-0.441142	-0.757638	0.070142	-0.085208	-1.348893	-1.403358	-1.103987	-0.649792	0.148390	0.525081	0.932043	-0.382234	-0.012638	0.936970	0.364138	0.988914	-0.667421	-0.756564	-0.849271	-1.024593	-0.966628	-1.013374	-0.596975	0.861276	0.602710	-0.474930	0.364571	-1.340351	-1.087502	-1.254852	-0.039651	-0.385889	1.898697	-0.928632	0.854203	-1.221488	0.153951	-0.455204	0.819609	1.247291	0.453437	0.107743	0.581077	-0.649086	1.065725	-0.005468	-0.705477	-1.104055	0.274044	-0.576816	-1.230898	-1.155252	-0.470998	-0.848017	0.411338	0.361546	0.613983	0.224863	-0.109339	-0.345842	0.928565	-0.375975	0.792876	0.341500	-0.176985	-0.858224	-0.085172	1.021201
-0.415364	1.571157	0.903023	-0.077893	0.207558	1.564201	0.090785	1.033517	-0.039798	1.145717	0.700379	1.135399	-0.169914	0.202613	0.598914	0.701477	-0.082520	-0.857980	-0.325403	0.358216	-0.998785	-1.752962	0.643472	-0.067247	0.819661	0.619583	-0.966437	-1.088893	1.875764	-0.705170	1.779259	0.862724	-0.075177	-0.235389	0.113151	-0.236819	1.651030	0.067909	1.065934	1.539174	-0.301333	1.822141	-0.107783	-0.729235	1.115021	0.429808	-1.546060	-1.577949	-1.389332	-0.957297	0.547864	1.441845	1.293040	-0.627859	0.804155	1.988898	1.465202	2.231848	-0.279990	0.007982	-0.461066	-0.254469	-0.815322	-1.117121	0.297361	1.335366	0.577114	-1.106528	0.357975	-1.959105	-0.820515	-1.025781	-0.720305	-0.468763	2.120235	-1.381776	0.978364	-1.451939	0.704178	-0.254162	1.868127	1.969654	0.922467	0.691985	0.971820	-0.342571	1.185564	-0.252458	-0.435652	-1.067479	0.534593	-0.662720	-1.243499	-1.116916	-0.688350	-1.106933	0.498131	0.511753	1.073039	0.398596	-0.318674	-0.400916	1.483520	-0.140070	0.642077	0.758996	-0.510591	-1.298810	-0.432690	1.142078
1.112332	1.982657	0.738745	0.122339	0.956309	2.142864	0.711454	1.397481	0.586619	1.471714	0.993686	1.570106	0.267781	0.431998	0.814441	1.063351	0.321685	0.050462	0.521573	0.844555	-0.373123	-1.048218	1.173587	0.378114	1.254030	0.850406	-0.258267	-1.416390	1.223849	-0.706951	1.740878	1.040543	-0.402370	-0.247155	0.200346	-0.319624	1.649345	0.083466	1.740979	1.459702	0.577069	2.098449	0.610663	-0.170876	1.421813	0.401976	-0.473717	-0.554124	-1.015526	-0.715692	1.089105	1.496421	1.155614	-0.607502	1.577380	2.313398	1.905178	2.242085	0.494713	0.795410	0.172786	0.398608	-0.077155	-0.509695	1.576713	1.444434	0.213736	-1.618398	0.445285	-1.693548	0.348602	0.010413	-1.009253	-0.449237	1.457494	-1.444240	1.232587	-1.078253	1.180408	0.208353	2.292520	1.596602	0.388693	0.570812	0.602612	-0.185433	0.887005	-0.328161	0.367897	-0.423481	0.447288	-0.315645	-0.187438	-0.313158	-0.166995	-0.415383	0.974039	0.825915	1.458491	1.177513	-0.138949	-0.152169	1.645685	0.811836	0.633005	1.298477	-0.761730	-1.116611	-0.793134	1.113389
1.789568	1.206315	-0.083765	-0.255532	1.139316	0.807863	1.109442	0.941361	1.180833	0.859577	1.067232	0.283627	0.449353	-0.363897	0.594798	0.593868	0.562628	0.754114	1.144744	0.260489	0.705844	0.696368	1.581347	0.556504	1.057516	0.062884	0.982504	-1.035083	0.180851	-0.065966	1.205917	0.742438	-0.938009	-0.843043	0.163083	-0.693581	0.743190	-0.706633	1.484399	-0.314213	1.088943	0.517707	1.033439	0.431148	0.351744	-0.099507	0.877881	0.746606	-0.100598	0.056824	1.047692	0.376000	0.474078	0.089455	1.571218	1.402212	0.951339	0.636128	1.028121	0.758248	0.459557	0.127814	0.494280	0.267111	1.659857	0.900331	-0.290580	-1.535148	0.662700	-0.737856	1.115409	0.727709	-0.542002	-0.664873	0.580535	-1.210207	1.317164	-0.599572	0.937821	0.383176	1.156028	-0.000672	-0.957421	-0.528845	-0.292688	-0.529909	0.320722	-0.368748	0.457821	0.064625	-0.315903	-0.104722	0.840966	0.479746	0.748043	0.606982	1.425727	0.995885	1.312210	1.616764	0.601481	-0.036612	1.297148	1.383507	0.903688	1.305727	-0.477651	-0.635027	-0.898316	1.172194
0.892889	-0.609253	-0.995029	-0.988668	0.504400	-1.347480	0.957592	-0.210945	1.056079	-0.511791	0.569041	-1.697909	0.294935	-1.183212	-0.097414	-0.587444	0.476961	0.483223	0.696099	-0.914296	1.314957	1.685613	0.965482	-0.063995	0.363453	-1.030432	1.247987	0.047552	-0.365950	0.230567	0.286640	0.019302	-0.778560	-1.073490	0.239787	-0.531358	-0.377982	-1.337887	0.245282	-1.932186	0.621567	-1.597547	0.715714	0.458653	-1.029726	-0.344928	1.117843	1.039859	0.592128	0.603490	0.298928	-0.839127	-0.313126	0.923273	0.646908	-0.258982	-0.558114	-1.162653	0.754976	-0.163525	0.290157	-0.588265	0.333841	0.463522	0.244724	-0.256571	-0.623031	-0.714048	0.698069	0.376700	0.608329	0.363823	0.262454	-0.797839	0.100310	-0.604187	0.841864	-0.306079	0.004724	0.034510	-0.793723	-1.355857	-1.677451	-1.538946	-0.701974	-0.764473	-0.280409	-0.486734	-0.411937	0.050647	-1.139617	-0.295383	0.772448	0.513676	1.027165	0.803624	1.187015	0.597116	0.575145	0.839302	1.060657	-0.254517	0.575584	0.819838	0.919919	0.559194	0.052376	-0.325739	-0.513372	1.002936
-0.663138	-2.196328	-1.061762	-1.019409	-0.441812	-2.306411	0.423290	-1.217927	0.283686	-1.458968	-0.058024	-2.254411	0.169433	-0.762585	-0.836285	-1.511539	0.378046	-0.514717	-0.356880	-1.449886	0.838718	0.822867	-0.599059	-1.109644	-0.097363	-1.336346	0.140778	1.334793	-0.189974	-0.276367	-0.576978	-0.559396	0.329046	-0.278791	0.670152	0.570601	-0.734568	-0.711085	-0.901599	-1.488839	-0.569962	-2.437781	-0.099176	-0.079695	-1.253433	-0.072591	0.041583	0.118951	0.585300	0.448880	-0.406408	-1.026920	-0.822639	0.912844	-0.686547	-1.680912	-1.271469	-1.664154	-0.346017	-1.318446	-0.113656	-0.917470	-0.339874	-0.027921	-1.390055	-1.467829	-0.595455	0.551406	0.202971	1.144176	-0.648233	-0.659699	0.765600	-0.256172	0.039666	0.551366	0.033268	0.093216	-0.965164	-0.478877	-1.773211	-1.023008	-0.791050	-1.225596	-0.148825	-0.240571	-0.729454	-0.419663	-1.212834	-0.169518	-1.103641	-0.435239	-0.178842	-0.161202	0.181275	-0.050611	0.174426	-0.284762	-0.268319	-0.661977	0.333098	-0.379819	-0.217710	-0.300226	0.247985	-0.395405	0.240948	-0.154456	0.281377	0.160808
-1.664199	-2.432043	-0.142378	0.119846	-1.157803	-1.560769	-0.234514	-1.486142	-0.394211	-1.138977	-0.215201	-0.796633	0.123622	0.547080	-1.164701	-1.433554	0.383302	-1.367816	-0.901639	-0.893286	-0.528811	-1.034382	-1.976750	-1.620766	-0.108341	-0.715046	-1.134425	2.071430	0.137127	-0.848585	-0.920066	-0.636610	1.304548	0.744193	0.973401	1.598880	-0.226619	0.815829	-1.170465	0.479519	-1.752753	-1.746583	-0.859182	-0.655451	-0.373746	0.085004	-1.256642	-1.019860	0.234410	-0.025575	-0.519125	-0.423695	-1.123187	-0.155506	-1.706906	-2.198556	-0.852852	-0.977720	-1.690629	-2.033151	-0.651974	-0.871794	-0.907596	-0.626499	-1.956115	-1.936762	-0.162436	1.758098	-0.657772	1.323337	-1.529877	-1.360595	0.766393	0.874964	0.012598	1.857517	-0.496852	0.838282	-1.526188	-0.751144	-0.971634	0.620259	0.902204	0.281060	0.617026	0.652696	-0.899534	0.145793	-1.123256	-0.276929	-0.136079	-0.077581	-0.949415	-0.845750	-1.175977	-1.044083	-0.975188	-1.008929	-0.683646	-1.537959	-1.169502	0.083395	-0.799046	-0.844236	-0.745767	-0.855100	0.019355	0.374227	1.126599	-1.200970
-1.899706	-1.367539	0.820414	1.450486	-1.552661	-0.390742	-0.943292	-1.155534	-0.574082	-0.043590	-0.058723	1.043480	-0.229082	1.152254	-0.970069	-0.375438	0.161497	-1.385272	-0.548638	0.175085	-1.920123	-2.147421	-2.142980	-1.025432	-0.186278	0.114064	-1.340207	1.672216	-0.021270	-0.643524	-0.662541	-0.437996	0.993367	0.729778	0.333039	1.184125	0.266016	1.695489	-0.933837	1.711912	-2.289589	-0.587851	-1.183193	-0.779746	0.343583	-0.285502	-1.600170	-1.252973	0.114905	-0.210677	-0.475078	-0.166106	-1.333972	-1.349644	-2.037053	-1.817213	-0.189479	-0.363031	-2.394319	-1.936550	-1.219104	-0.878661	-0.980484	-0.682743	-1.472372	-1.245548	0.607725	2.371367	-1.208429	1.059368	-1.456679	-1.155009	0.551575	1.765508	-0.244042	2.312976	-0.502468	1.559752	-1.543973	-0.607106	0.477143	1.731888	1.773884	1.614990	0.617921	0.919184	-0.589817	1.077965	-0.432961	-0.265939	0.992181	0.590714	-0.903766	-0.848100	-1.831065	-1.143764	-1.586076	-1.168374	-0.679589	-1.227327	-1.948114	0.957947	-1.063582	-0.589155	-1.299141	-0.785593	-0.143488	1.424022	1.682388	-2.178496
-1.792848	0.257749	0.954211	1.586870	-1.712516	0.104856	-1.568915	-0.521767	-0.621637	0.758910	-0.199213	1.565580	-0.984788	0.326573	-0.414879	1.051688	-0.391799	-0.502559	0.109850	1.036818	-2.346391	-1.666078	-1.099690	0.350040	-0.626628	0.685248	-0.503422	0.236435	-0.511822	0.228997	-0.098764	-0.323873	-0.267332	-0.281529	-1.170386	-0.577243	0.100860	1.054803	-0.839058	1.102222	-1.842143	0.358191	-0.989444	-0.350904	0.302650	-0.618775	-0.852345	-0.438960	0.314733	0.030028	-0.923303	-0.676951	-1.098444	-1.454367	-1.751068	-0.856803	-0.161834	-0.423061	-1.850785	-0.929833	-1.452270	-0.798069	-0.640718	-0.155250	-0.761417	0.342845	1.438178	1.954651	-0.956194	0.635814	-0.718232	-0.256048	0.464272	1.722430	-0.531319	1.362750	-0.259636	1.593916	-0.853930	-0.018373	0.871773	1.174128	1.306083	1.712147	-0.079614	0.245496	0.397487	1.781259	0.113152	-0.272214	1.622126	1.009515	-0.381643	-0.142406	-1.089695	-0.196891	-1.467130	-0.984993	-0.686732	-0.375951	-1.150884	1.518026	-0.970597	-0.290213	-1.094356	-0.723185	0.083426	2.257779	1.744246	-1.770278
-1.335388	1.931981	0.525486	0.395292	-1.491508	0.294810	-1.671919	0.463645	-0.905668	0.979129	-0.658459	0.956613	-1.554353	-0.899836	0.305945	1.914859	-0.644347	0.750569	0.417213	1.367945	-1.345580	-0.118640	0.365953	1.579286	-0.943702	1.125479	0.592705	-1.274385	-0.461835	1.055094	0.420735	-0.368602	-1.044460	-0.995893	-2.294836	-2.111278	-0.254631	-0.330384	-0.699180	-0.171427	-0.488729	1.282429	-0.436861	0.318841	0.120718	-0.346554	0.167472	0.540982	0.655081	0.548654	-1.531856	-1.116791	0.047284	-0.115086	-0.993030	0.476837	-0.577719	-0.430467	-0.216929	0.698501	-1.053050	-0.185706	-0.272683	0.306264	-0.123896	2.129807	1.863895	0.533913	-0.127497	0.101175	-0.060062	0.556955	0.596897	0.847595	-0.391116	-0.275218	-0.067736	0.716252	0.422389	0.762691	-0.003367	-0.236765	0.419473	0.764306	-0.558314	-0.633172	1.792314	1.631727	0.237169	-0.388347	1.659296	0.862686	-0.067498	0.538702	0.482672	0.988348	-0.759232	-0.694209	-0.820831	0.376344	0.433153	1.337930	-0.363919	-0.378639	-0.396864	-0.866450	0.557710	1.836014	1.195963	0.101535
-0.152352	3.232339	0.366954	-0.905654	-0.666649	0.964767	-0.870373	1.722775	-1.138097	1.071392	-0.815479	0.472546	-1.280483	-1.160226	1.014619	1.471597	0.090621	1.678550	0.349338	1.108839	0.665942	1.416312	1.441204	1.870857	-0.583629	1.464598	1.502237	-1.673792	0.544716	1.430920	0.636799	-0.503756	-0.632787	-0.617061	-1.970400	-2.202592	-0.027097	-1.137264	0.038127	-0.550874	1.142424	2.159293	0.189178	0.741193	0.340704	0.046102	0.744429	0.861143	1.155932	1.308017	-1.300986	-0.611611	1.731980	1.796501	0.152886	1.912328	-0.636076	0.308478	1.675539	2.193867	-0.209969	0.789801	-0.147736	0.121707	0.811557	3.305595	1.578596	-1.043125	0.623773	-0.577667	0.041427	0.664485	0.870261	-0.142816	0.248032	-1.213773	0.019592	-0.531333	1.486122	1.171695	-0.852158	-0.992404	-0.004855	-0.329728	-0.327724	-0.845477	2.619863	0.505789	0.152793	-0.557188	1.193631	0.320454	-0.083323	0.516903	1.581634	1.477814	0.294640	-0.123714	-0.655616	1.102027	1.382568	0.755207	0.729944	-0.363873	0.360960	-0.753406	0.996084	0.138574	0.179318	2.110262
1.449898	3.359118	0.515170	-1.261414	0.512912	1.713385	0.482004	2.505231	-0.909153	1.108800	-0.496306	0.414547	-0.293625	-0.412573	1.441591	-0.025573	1.417163	1.951004	0.216825	0.392228	2.583457	2.251698	1.669814	1.198436	0.151292	1.312305	2.179231	-0.653079	1.582541	1.479400	0.348643	-0.743140	0.199898	0.238467	-0.602503	-1.227327	0.511304	-1.032071	1.011943	-0.180457	2.138857	2.215902	0.653943	0.685155	0.575227	-0.253231	0.968834	0.676003	1.804785	2.168315	-0.109530	0.419811	2.682895	2.912204	1.260404	2.701760	-0.249907	1.056635	2.907342	2.752676	0.591751	1.417614	-0.115868	-0.408568	1.971983	3.178264	0.759392	-1.532370	0.877806	-1.070024	-0.140472	0.283420	1.171897	-0.540485	0.712791	-0.820926	-0.039374	-1.219937	1.525839	0.894508	-0.853657	-0.926674	-0.159380	-0.967888	0.074140	-0.324960	1.899824	-0.975232	0.043467	-0.511679	0.252883	-0.199023	0.058696	0.046488	1.522286	1.131741	1.209681	0.672509	0.003893	1.738060	1.245427	0.379183	1.602957	0.166540	0.766466	-0.120982	1.294995	-1.456650	-0.733080	2.448638
2.285347	1.834912	0.143400	-0.866883	1.231255	1.282340	1.288687	1.978566	-0.483099	0.566618	-0.418046	-0.008984	0.529183	0.266061	1.260078	-1.290475	1.936751	1.709061	0.087795	-0.382847	3.235523	2.358857	0.980074	0.317935	0.338864	0.491891	2.389772	0.840017	1.230538	1.450552	-0.443910	-1.070773	0.388833	0.565344	0.354930	-0.373646	0.251237	-0.683478	1.042147	-0.391567	2.006665	0.962297	0.881922	0.422899	0.265947	-1.025225	1.268387	0.732750	2.152903	2.596591	0.817950	0.673409	2.008709	2.591865	1.501474	1.996267	-0.302964	0.410773	2.983558	2.159949	1.057892	1.350307	0.182138	-0.385769	2.364701	1.635235	-0.116275	-0.513678	0.625797	-0.886067	0.046685	0.220551	1.277564	-0.176149	0.185770	0.195277	-0.361616	-0.834540	0.711269	0.335236	-0.773407	-1.225265	-0.633877	-1.125039	-0.156289	0.238658	-0.208342	-1.841464	-0.146545	-0.040809	-0.883339	-0.431606	0.648124	-0.007698	0.865493	0.637851	1.293258	0.913872	0.504593	1.506455	0.698941	0.319145	1.220036	0.620752	0.450660	0.385676	1.404171	-1.547999	-0.963492	0.688036
1.574583	-0.405108	-1.076498	-0.563050	0.875183	-0.553417	0.739675	0.363552	-0.474352	-0.608139	-1.134977	-1.024322	0.528562	0.197130	0.392399	-1.254914	0.764613	1.184142	-0.168989	-0.762280	2.138770	2.054282	-0.256164	0.053011	-0.404411	-0.436513	1.755523	1.527815	-0.647355	1.441189	-1.317733	-1.292470	-0.101399	0.274079	0.047404	-0.166747	-1.141543	-0.612214	-0.258532	-1.596784	1.108349	-0.814628	0.899188	0.425361	-0.354605	-1.221786	1.615766	1.275021	1.684450	2.092425	0.437563	-0.331153	0.325259	1.461293	0.516149	-0.066086	-1.338508	-1.631029	1.982317	0.947708	1.202644	0.944080	0.806251	0.545858	1.237986	-0.435755	-0.771290	0.952515	-0.016972	-0.124307	0.740501	0.841506	0.837724	0.442738	-1.241316	0.675933	-0.820874	0.204322	-0.009926	0.153175	-1.592255	-2.449650	-1.326812	-0.999938	-1.035691	0.206538	-2.250366	-1.629750	-0.425392	0.588070	-1.544268	-0.442507	1.296532	0.662862	0.588857	0.646428	0.278982	-0.048407	0.051043	0.020740	0.344492	0.132141	-0.540540	0.129968	-0.564211	-0.032038	1.183819	-0.341115	-0.642233	-1.498225
0.030690	-1.585444	-2.237792	-0.633276	-0.161459	-2.265492	-0.686814	-1.066863	-0.886091	-1.447605	-2.046620	-1.632516	-0.008422	-0.167666	-0.732056	-0.221755	-1.320453	0.442822	-0.473252	-0.615343	-0.035081	1.592257	-1.294494	0.494156	-1.349834	-0.678899	0.399772	1.055116	-2.539898	1.407338	-1.625955	-1.182161	-0.474935	0.045789	-0.918929	-0.191374	-2.545787	-0.623097	-1.664884	-2.623323	0.271924	-1.704768	0.757629	0.807734	-0.559840	-0.401421	1.619123	1.779581	0.561635	0.874216	-0.665762	-1.475792	-0.836789	0.652637	-0.845379	-2.039655	-2.497929	-3.226917	0.486705	-0.060386	1.162108	0.723855	1.419915	1.711714	-0.676942	-1.638619	-1.274965	1.303795	-0.866303	0.463263	1.362885	1.602658	-0.262512	0.564983	-2.422905	0.274003	-0.961509	0.925410	-0.063486	0.439697	-2.756501	-3.456357	-1.554765	-0.728465	-1.731542	-0.345236	-2.793169	-0.765752	-0.500137	0.796813	-1.236662	-0.419247	1.465705	1.457215	0.934790	1.075103	-1.165600	-1.576655	-1.096112	-1.614040	-0.023399	-0.484190	-2.358382	-1.084585	-1.560791	-1.057516	0.631682	0.587430	-0.508118	-2.015774
-0.848047	-1.043494	-2.236446	-0.656535	-0.796272	-2.240574	-1.585405	-1.326727	-1.050642	-0.987634	-2.044403	-0.976121	-0.276340	-0.078056	-1.422968	0.573603	-2.597349	-0.402699	-0.571034	-0.204829	-1.818827	1.025877	-1.526924	0.966582	-1.458141	-0.121405	-0.934335	0.170397	-2.991186	1.215960	-1.104879	-0.724114	-0.281333	0.228289	-1.330080	-0.004007	-2.672135	-0.359301	-1.688725	-2.274285	-0.035394	-1.219010	0.554967	1.191157	-0.134494	0.713814	1.205837	1.733614	-0.399984	-0.205693	-1.013254	-1.340693	-0.684858	0.587789	-1.241273	-2.437133	-2.369774	-2.735825	-0.661745	-0.343595	1.100477	0.857632	1.685119	2.187890	-1.752809	-1.351221	-1.695318	0.136376	-1.430552	0.387483	1.411052	1.760865	-1.554983	-0.058254	-2.314187	-0.347955	-0.507452	0.792317	0.230439	0.666913	-2.729553	-2.828884	-1.034535	-0.415250	-1.499338	-0.742033	-1.825104	0.031362	-0.071155	0.438654	-0.292151	-0.398310	1.147912	1.707212	1.319218	1.355396	-1.934555	-2.167239	-1.730116	-1.804772	-0.781755	-1.227503	-2.691644	-1.767998	-1.616289	-1.456624	0.066618	0.191362	-0.923469	-0.670507
-0.429558	0.046852	-1.168850	-0.359945	-0.452333	-0.702475	-1.082644	-0.673783	-0.579029	0.462781	-0.949594	0.375334	0.016421	0.431962	-1.372340	0.388603	-2.154389	-0.998209	-0.484269	0.084654	-2.151415	0.350880	-1.044072	0.789245	-0.595490	0.545301	-1.627303	-0.235002	-2.211949	0.690311	-0.188395	-0.137002	0.074460	0.398495	-0.762977	0.226053	-1.555949	0.071409	-0.411582	-0.872168	-0.039536	-0.244265	0.419925	1.119747	0.326269	1.159751	0.724699	1.202649	-0.596085	-0.498999	-0.147750	0.013766	0.160246	0.699132	-0.370224	-1.253771	-0.784210	-0.676214	-0.865344	0.023345	1.168271	1.146456	1.514573	1.729347	-1.294463	-0.352113	-1.863668	-1.405251	-1.110733	0.042217	1.038222	1.203520	-2.266353	-0.869061	-1.099849	-0.454017	0.184657	0.154564	0.248393	0.379896	-1.106704	-0.845884	-0.303218	-0.249674	-0.535252	-0.485100	-0.629057	0.469256	0.590568	0.034485	0.336121	-0.324460	0.697315	1.349564	1.159025	1.138988	-1.550448	-1.154882	-1.140927	-0.442315	-1.626755	-1.587602	-1.409138	-1.124406	-0.569065	-0.661763	-0.203411	-0.901413	-1.373167	0.754998
0.527996	0.227737	-0.228937	-0.094158	0.370990	0.668396	0.292502	-0.001067	0.095680	1.525851	0.231376	1.094609	0.365382	0.661142	-0.959868	-0.369161	-0.625687	-1.014636	-0.561002	0.051741	-1.343461	-0.325489	-0.538189	-0.026762	0.323724	0.650021	-1.803987	-0.010894	-1.557458	-0.224649	0.386673	0.286439	-0.013053	0.046651	0.102862	0.101953	-0.351714	0.242018	0.622791	0.210390	-0.178857	0.103197	0.378683	0.521448	0.136426	0.741998	0.383984	0.537257	-0.237892	-0.123357	0.888827	1.092467	0.610416	0.303835	0.673105	0.119062	0.807759	0.914751	-0.239329	0.510214	1.343597	1.266083	0.947532	0.769579	-0.264258	0.057002	-1.636484	-1.927869	0.022887	0.111317	0.631001	0.369651	-2.027759	-1.047425	0.070059	-0.064744	0.424342	-0.335048	-0.211900	-0.312096	0.698798	0.739386	-0.102010	-0.445585	0.199339	0.134823	-0.346792	0.560158	0.664951	0.048214	0.037385	-0.285740	0.246865	0.663158	0.479582	0.570633	-0.569354	0.473312	0.017911	0.928930	-1.825050	-1.500824	0.198794	0.225875	0.720388	0.439247	-0.326176	-1.359705	-1.215013	0.724781
0.932063	-0.525544	-0.315101	-0.324147	0.803164	0.819333	1.267744	0.325511	0.298282	1.185618	0.500723	0.718426	0.245488	0.260489	-0.778588	-0.784053	0.706663	-0.534688	-0.934987	-0.178048	-0.630609	-0.818781	-0.574658	-0.849030	0.398622	0.279280	-1.988308	0.353245	-1.704788	-1.259796	0.246215	0.341963	-0.542596	-0.670296	0.412324	-0.318277	0.061649	-0.037937	0.281522	0.228001	-0.489785	-0.290089	0.278660	-0.254701	-0.665433	0.036000	0.019184	-0.074582	-0.006939	0.322032	0.989052	0.782986	0.282949	-0.542334	0.719995	0.459106	0.909972	0.811082	0.459337	0.565707	1.361074	0.985238	0.076890	-0.155703	-0.022822	-0.588342	-1.216529	-1.192477	0.927922	0.589378	0.209116	-0.329053	-1.172818	-0.353046	0.341262	0.243230	-0.075882	-0.476843	-0.838810	-0.897531	1.115690	0.778178	-0.569032	-0.987801	0.019705	0.330469	-0.928131	0.149445	-0.353050	0.231517	-0.812618	-0.461021	-0.286213	-0.126158	-0.237559	0.009226	0.068328	1.177854	0.540140	0.936475	-1.186091	-1.325374	0.937511	0.968532	1.205156	0.597498	-0.736439	-0.797405	-0.592457	-0.416350
0.508366	-1.094758	-1.102857	-0.945496	0.568907	0.335237	1.129786	0.587019	-0.065824	-0.249865	-0.074728	0.037078	-0.178243	-0.298629	-0.916532	-0.398672	1.144940	0.001175	-1.197926	-0.268463	-0.716709	-1.043988	-1.039713	-1.102579	-0.295513	0.041514	-2.278725	0.455750	-1.962216	-1.874398	-0.352592	0.045385	-0.950654	-1.090155	0.068299	-0.517029	-0.156889	-0.499071	-0.902257	-0.262179	-0.620104	-0.691392	-0.055351	-0.767656	-1.304406	-0.296497	-0.477056	-0.560549	-0.285811	0.383691	0.273244	-0.385256	-0.406745	-1.208753	-0.174179	-0.150415	-0.401396	-0.294094	0.487775	0.012369	0.960998	0.329741	-0.807083	-0.716368	-0.729114	-1.615019	-0.975399	-0.126711	0.528553	0.744297	-0.378127	-0.721195	-0.320135	0.617800	-0.119789	0.139143	-0.890018	-0.498101	-1.151535	-0.931872	0.195462	-0.079236	-1.139626	-1.467247	-0.702980	-0.245995	-1.482124	-0.848132	-1.918179	0.010161	-1.281733	-0.807905	-0.736772	-0.741715	-0.561241	-0.300089	-0.043041	0.480367	0.015971	-0.278797	-0.374936	-1.252345	0.792394	0.511950	0.633484	-0.322037	-1.488984	-0.039053	-0.211652	-1.230804
-0.163196	-0.817827	-1.558608	-1.347825	0.115125	0.325977	0.268853	0.910073	-0.465711	-1.582777	-0.600046	-0.062812	-0.312006	-0.361822	-0.881737	0.458166	0.846236	0.228010	-0.829339	-0.025755	-1.035881	-1.069033	-1.311705	-0.805011	-0.873491	0.239593	-2.163851	0.388787	-1.426859	-1.667181	-0.799460	-0.295833	-0.807317	-0.839782	-0.304133	-0.137170	-0.306913	-0.693123	-1.459880	-0.345944	-0.324601	-0.628069	-0.544274	-0.780745	-1.025812	-0.036116	-0.821634	-0.747930	-0.845087	0.026450	-0.268376	-1.005237	-0.913801	-1.284786	-0.966534	-0.759104	-1.641192	-0.954960	-0.211573	-0.860029	0.242549	-0.368621	-1.230880	-0.746785	-1.282670	-2.090457	-0.978612	0.285122	-1.016205	0.039391	-0.883008	-0.716666	0.178547	0.984301	-0.585370	-0.106232	-1.288523	-0.502422	-0.846471	-0.355639	-0.641178	-0.422954	-1.161060	-1.338425	-0.942570	-1.042455	-1.350363	-1.840859	-2.786258	-0.653960	-0.883154	-0.982482	-0.680185	-0.778619	-0.404270	-0.299248	-0.481530	-0.748831	-0.891435	-1.612136	-0.148588	-1.071917	0.484413	-0.484038	-0.354220	-1.319724	-1.974165	0.021246	-0.382474	-0.989221
-0.393310	-0.172600	-1.142274	-1.111003	0.019984	0.954604	-0.371813	0.932701	-0.363238	-1.871195	-0.366043	0.370637	0.097942	0.105684	-0.269888	1.065865	0.270624	0.165645	0.165208	0.357155	-0.603863	-0.956776	-0.871479	-0.431870	-0.575999	0.567174	-1.227021	0.451225	-0.252510	-0.800366	-0.647385	-0.249072	-0.243310	-0.240957	-0.120072	0.589566	-0.011418	-0.449545	-0.605225	0.137533	0.277229	-0.363209	-0.786815	-0.293157	0.153146	0.571463	-0.641911	-0.469747	-1.175189	-0.510220	-0.039235	-0.441915	-0.997482	-0.915151	-0.864978	-0.739659	-1.517666	-0.654480	-0.963115	-1.482671	-0.321332	-0.652446	-0.878662	-0.247596	-0.692779	-1.696091	-0.888755	-0.103645	-2.323704	-1.145491	-0.744842	-0.276475	0.349260	0.373293	-0.617271	-0.045119	-0.901441	-0.297834	0.005742	0.505630	-0.345707	0.201013	-0.542974	-0.484843	-0.207215	-1.237241	-0.661997	-1.857532	-2.130807	-1.159453	-0.020301	-0.677273	0.012795	-0.090680	0.056742	-0.033701	-0.510839	-1.389325	-1.288612	-2.235477	-0.507509	-0.591653	0.418637	-0.872561	-0.945825	-1.480201	-1.505458	-0.610642	-0.675651	-0.216412
0.041363	0.072621	-0.332163	-0.483528	0.448668	1.427373	-0.209638	0.396177	0.287521	-1.111251	0.534272	0.654514	0.679142	0.533398	0.646876	0.953805	-0.275779	0.127500	1.221168	0.508154	0.650245	-0.651488	0.260206	-0.327762	0.562156	0.643584	0.169534	0.627915	0.610235	0.061980	0.013538	0.326866	0.287147	0.099515	0.568013	1.067465	0.476726	-0.106899	1.078936	0.632207	0.906196	-0.258388	-0.401735	0.531382	1.384094	1.104970	0.031048	0.165393	-0.989906	-0.935293	0.562827	0.604619	-0.709197	-0.394587	-0.024912	-0.314123	-0.165293	-0.051714	-1.026216	-1.346691	-0.316833	-0.303435	0.097930	0.527226	0.787744	-0.772886	-0.415169	-0.684183	-2.227550	-1.822827	0.172748	0.423897	0.348903	-0.772520	-0.365050	0.367342	-0.056668	0.210252	0.956261	1.177727	0.695959	0.989250	0.185780	0.532540	0.860769	-0.704265	-0.015804	-0.708057	-0.298478	-1.031708	0.526828	0.010881	0.873595	0.888530	0.605781	0.403123	0.137437	-1.102224	-0.860946	-2.022816	-0.773803	-0.017930	0.378017	-0.188772	-0.828894	-0.823424	-0.211912	-1.182178	-0.534638	0.235811
0.867810	-0.156994	0.008334	-0.104435	1.088644	1.133195	0.560929	-0.302331	1.086466	-0.019350	1.453327	0.442989	0.878174	0.424184	1.145568	0.265310	-0.623038	0.367947	1.772331	0.316012	1.710192	-0.132024	1.555686	-0.342039	1.819288	0.537646	1.099739	0.479920	0.643895	0.342531	0.622494	1.043130	0.477015	-0.050872	1.177562	0.912859	0.639898	-0.235593	2.365490	0.684378	1.369113	-0.136142	0.494877	1.353373	1.668598	1.240176	0.750036	0.778932	-0.440979	-1.041059	0.726814	1.032278	-0.325597	0.204064	0.858049	-0.076072	1.164694	0.095030	-0.334522	-0.378926	0.155242	0.402936	1.151353	1.153413	1.961436	0.158072	0.265138	-0.820399	-1.011895	-1.389491	1.215572	0.990267	0.257621	-1.606597	-0.235853	0.718009	0.468961	0.708206	1.446104	1.323155	1.324763	1.048325	0.447226	0.946499	1.225156	-0.095332	0.145749	0.581698	1.466208	-0.476258	0.394974	0.628973	1.262522	1.461663	1.071505	0.848149	0.983224	-0.272066	0.080305	-1.231155	-0.425903	0.253050	0.079332	0.934788	-0.223570	0.021360	0.833241	-1.022357	0.045518	0.142385
1.622309	-0.318601	-0.360728	-0.295868	1.503855	0.391831	1.318865	-0.415965	1.597100	0.691014	1.869621	0.064152	0.574577	-0.111448	0.854082	-0.418604	-0.593883	0.798109	1.729471	0.057501	1.623115	0.382076	2.379087	-0.060164	2.407746	0.573501	0.973039	-0.379612	0.273307	0.082907	0.678953	1.324584	0.367743	-0.367665	1.220331	0.321520	0.290969	-0.958793	2.562387	0.403953	1.572352	0.417626	1.272509	1.729320	0.730978	0.884536	1.117030	1.048119	0.050754	-0.784784	0.236561	0.548216	-0.245598	0.808892	1.313921	-0.267995	1.427835	-0.184747	0.502574	0.891760	0.550816	0.880721	1.717871	1.316163	1.988314	0.760572	0.653811	-0.449967	-0.010017	-0.247934	1.538728	1.101508	0.075418	-1.598215	-0.419096	0.591724	0.166837	0.724295	1.252707	0.933931	0.978825	0.427692	0.223054	0.539322	0.670169	0.049759	-0.129915	0.850512	2.063019	-0.021503	-0.115675	0.812988	1.031296	1.304847	1.283350	1.079423	1.311182	0.684399	1.040697	-0.205760	0.306339	0.102788	-0.304453	1.471739	0.519876	0.615089	0.608717	-0.164327	0.525059	-0.073473
1.976884	-0.025534	-0.797703	-0.701693	1.535666	0.033835	1.664027	0.345093	1.684096	0.867227	1.811172	-0.008232	0.207054	-0.449759	0.177024	-0.614375	-0.094405	1.041471	1.445021	0.085616	0.575237	0.556095	2.429603	0.679465	2.068305	0.809929	0.118145	-1.676679	0.178444	-0.166026	0.270192	1.036759	0.235781	-0.342820	0.801781	-0.072368	-0.164960	-1.555849	1.981072	0.191996	1.484963	1.315687	1.385403	1.444509	-0.665578	0.244338	1.148543	0.990810	0.175917	-0.308183	-0.207285	-0.094867	-0.627650	1.044290	1.356452	-0.601620	0.693028	-0.286523	0.924723	1.650854	0.475683	0.779323	1.581114	1.024119	1.218333	0.959742	0.474837	-0.051811	-0.069481	0.625332	1.010030	0.804123	-0.174780	-0.907359	-0.678431	0.011176	-0.600846	0.185877	0.712596	0.358559	0.191583	-0.081088	0.057276	-0.129651	0.031401	0.001178	-0.409019	0.131904	1.462079	0.191037	-0.429052	0.674387	0.656612	0.713648	1.131042	0.969441	0.920493	1.607337	1.689522	0.729000	0.706323	-0.192330	-0.320193	1.059841	1.193624	0.972314	-0.694529	0.704111	0.387496	0.051257
1.859921	0.514735	-0.521668	-0.650938	1.331471	0.418580	1.647343	1.415602	1.490052	0.869646	1.681132	0.281383	0.269464	-0.048924	-0.187873	-0.341035	0.645862	0.804782	1.303001	0.465204	-0.352921	0.337555	1.885661	1.548944	1.217050	0.957731	-0.568793	-2.459443	0.493136	0.038195	-0.014976	0.630519	0.356772	0.246630	0.482889	0.257350	-0.108227	-0.988840	1.372914	0.273219	1.179734	1.871281	0.925718	0.796353	-1.337720	-0.219380	1.133067	0.888548	0.030789	0.156880	0.240696	0.030313	-1.091071	0.561588	1.162449	-0.680649	-0.155442	0.135015	0.946142	1.450010	0.117434	0.322268	0.962102	0.557317	0.633276	0.867202	-0.011624	-0.074053	-0.684244	0.712292	0.312772	0.451426	-0.370744	-0.145869	-0.573530	-0.557301	-0.851511	-0.347684	0.377889	0.079264	-0.151118	0.085412	0.444704	-0.258784	0.197569	0.457945	-0.237066	-0.395574	0.648134	0.539883	-0.212158	0.697166	0.691077	0.253971	0.719503	0.653358	0.283622	2.287395	1.896309	1.386326	0.339442	-0.271495	0.135406	0.293783	1.658216	1.211795	-1.711253	0.882092	-0.323325	0.531326
1.342726	0.785460	0.511795	0.148036	1.012462	1.010973	1.436265	1.823075	1.163375	1.033065	1.729936	0.599025	0.715128	0.976302	-0.058969	-0.041252	1.062697	0.194571	1.351991	0.895166	-0.402042	0.104939	1.156891	1.974650	0.536338	0.757019	-0.502595	-1.913236	0.835454	0.611286	0.231075	0.577286	0.781454	1.176191	0.636420	1.214195	0.596797	0.993680	1.043055	0.554293	0.796699	1.503473	0.430475	0.356596	-0.776305	-0.120006	1.188136	0.910691	0.032777	0.447044	1.500728	0.981606	-1.040932	-0.323261	0.733025	-0.458116	-0.397553	0.740383	0.856189	0.584612	-0.053934	-0.001223	0.285825	0.206158	0.598715	0.638694	-0.269846	-0.430798	-0.738765	0.411044	0.102157	0.308565	-0.324791	0.172519	0.043099	-0.595091	-0.044329	-0.144503	0.387099	0.283756	0.201384	0.690912	1.270722	0.448807	1.102075	1.593218	0.485265	0.242732	0.560573	1.363926	0.399307	1.195337	1.101413	0.209744	0.322395	0.431405	-0.009118	2.290479	1.632039	1.746510	-0.497259	-0.036248	0.544625	0.000858	1.714241	1.267223	-1.246142	0.342372	-0.973237	0.956330
0.533419	0.530477	1.584012	1.307299	0.508766	0.974583	0.999155	1.102711	0.728198	1.245945	1.762978	0.631181	0.994217	1.855308	0.108766	-0.121017	0.701373	-0.359742	1.308922	0.937225	0.147727	0.283418	0.540889	1.601423	0.348161	0.225770	0.124729	-0.263592	0.874439	1.125935	0.718273	0.774425	1.248940	1.949690	1.005029	2.071707	1.353201	3.345021	0.645026	0.776747	0.398649	0.390269	0.193678	0.359025	0.337302	0.396158	1.082973	0.872281	0.467581	0.559548	2.472230	1.817721	-0.358738	-0.714973	-0.007499	-0.199804	-0.049456	0.922162	0.654709	-0.211672	0.037346	-0.053923	-0.183941	0.031805	0.500676	0.349348	-0.026845	-0.606109	0.127689	0.421069	0.257099	0.266075	0.054514	0.011388	0.749227	0.054629	1.195479	0.881214	0.308052	0.615227	0.712783	1.044939	1.907429	1.514222	1.849513	2.711864	1.361872	1.727717	1.125014	2.409112	0.948475	1.887800	1.227400	0.338910	0.092507	0.422898	0.177232	1.383124	0.962686	1.803327	-1.032840	0.308167	0.306192	0.374565	1.237493	1.035082	0.511915	-0.200691	-0.867345	0.906512
-0.336744	0.004435	2.000651	2.123854	-0.145504	0.133138	0.288654	-0.180993	0.237451	1.125357	1.394320	0.344137	0.738610	1.838142	-0.085398	-0.562550	-0.220286	-0.478475	0.916345	0.403735	0.531014	0.837282	0.143606	0.603035	0.367205	-0.459252	0.710676	1.304604	0.613168	1.259858	0.740338	0.660333	1.376095	2.127097	0.991399	2.048594	1.407327	4.474921	-0.147420	0.708257	-0.030418	-0.666926	0.000558	0.457418	0.809481	0.654746	0.572130	0.477168	1.125466	0.598783	2.145781	1.552805	0.433325	-0.113043	-0.848621	-0.052859	0.408014	0.532840	0.127246	-0.418449	-0.056518	-0.175362	-0.505969	-0.128950	-0.254923	0.017865	0.494627	-0.240064	1.192724	0.892947	0.156929	0.036728	0.587084	-0.232860	0.896044	1.069587	1.672973	1.884046	-0.267425	0.505819	0.750819	0.750107	1.842415	2.092908	1.721554	2.916012	1.779766	2.783069	1.485529	2.937113	1.043698	2.111963	0.511118	0.172528	-0.072621	0.408843	0.529170	0.034116	0.134797	1.498204	-0.669277	0.516007	-0.478912	0.892024	0.445672	0.627787	2.224162	0.023643	0.105522	0.356671
-0.878166	-0.298839	1.725442	2.179640	-0.567381	-0.788016	-0.417769	-0.904908	-0.118782	0.552105	0.510091	-0.076633	0.226571	0.927776	-0.438707	-0.984104	-0.863093	-0.116235	0.252984	-0.371307	0.501150	1.269925	0.014213	-0.386293	0.091229	-1.101754	0.917174	1.775874	0.196360	0.978207	-0.041083	-0.099084	1.021406	1.609984	0.361771	0.989088	0.660845	3.599325	-1.006992	0.288487	-0.390675	-0.967793	-0.398894	0.214698	0.187700	0.163412	-0.194924	-0.212390	1.483410	0.625892	0.662964	0.191800	0.744022	0.892025	-1.251349	0.175519	0.609958	0.054562	-0.573758	-0.049418	-0.642670	-0.609930	-0.859435	-0.411827	-1.233764	-0.259317	0.857825	0.458964	1.637356	1.381832	-0.417441	-0.388154	0.859060	-0.129424	0.297330	1.841049	0.936027	1.848475	-1.087440	-0.147230	0.222241	0.032117	1.150823	1.693445	0.837791	2.004311	1.482842	2.504785	1.123044	2.438566	0.699912	1.510083	-0.759533	-0.417132	-0.293642	0.134852	0.686141	-0.825149	-0.470433	0.904477	0.531324	0.568330	-1.007962	0.952479	-0.139089	0.306954	2.733332	1.042956	1.330746	-0.290676
-0.861899	-0.149487	1.209418	1.616555	-0.406122	-0.968146	-0.674087	-0.516967	-0.195551	-0.116616	-0.598649	-0.405267	-0.029225	-0.149474	-0.469147	-1.050701	-0.616758	0.437601	-0.379842	-0.741283	0.494765	1.153592	0.141841	-0.730403	-0.602243	-1.450612	0.875126	1.275845	-0.286905	0.402327	-1.196224	-1.174634	0.416910	0.691071	-0.481935	-0.493886	-0.219405	1.363723	-1.275943	-0.285751	-0.444750	-0.471640	-0.806579	-0.310488	-0.762406	-0.724444	-0.777517	-0.744791	1.268476	0.567246	-0.916803	-1.285773	0.456605	1.195146	-0.829483	0.702779	0.537216	0.012846	-0.836079	0.523402	-1.321280	-1.034445	-1.230223	-0.721592	-1.405375	-0.304432	0.833833	0.933061	1.497607	1.488193	-0.973870	-0.653658	0.579935	0.377574	-0.522420	1.827543	-0.269738	0.691227	-1.434378	-0.789208	-0.470453	-0.570983	0.330382	0.576526	-0.190851	0.630341	0.865901	1.212245	0.437089	1.209827	0.292918	0.411141	-1.635766	-1.026231	-0.491093	-0.317247	0.514924	-0.686213	-0.613786	0.315876	1.847612	0.656534	-0.708603	0.461111	-0.142642	0.202394	2.000295	2.052949	1.995721	-0.580569
-0.581037	0.183353	0.831050	0.954767	0.068537	-0.439429	-0.434231	0.312391	-0.084534	-0.432512	-1.494085	-0.504264	-0.017204	-0.747130	-0.130573	-0.759165	0.157645	0.739617	-0.842699	-0.424326	0.848008	0.549529	0.272010	-0.354018	-1.311086	-1.291744	0.817717	0.775654	-0.706564	-0.312678	-1.936160	-1.877850	-0.137950	-0.223642	-0.971715	-1.566817	-0.524523	-0.808041	-0.860147	-0.651631	-0.155409	0.265406	-0.806426	-0.702770	-0.943899	-1.137833	-0.963192	-0.827470	0.731687	0.305072	-1.758533	-1.931049	-0.129806	0.398880	0.178429	1.349493	0.366158	0.361243	-0.309391	0.848048	-1.383630	-0.941347	-1.374177	-0.850516	-0.532673	-0.078255	0.498051	0.877415	1.395269	1.242971	-0.989264	-0.518698	-0.038076	0.931149	-0.889500	0.920612	-0.916517	-0.603330	-0.991751	-0.860180	-0.860153	-0.699444	-0.257467	-0.525462	-1.001513	-0.390255	0.526479	-0.051053	0.117885	0.100276	0.101411	-0.558421	-1.519598	-1.195477	-0.580780	-0.657365	0.120060	0.031125	-0.425345	-0.044077	2.408973	0.913989	0.031910	-0.160300	0.273776	0.219154	0.826994	2.172454	1.759983	-0.440545
-0.632568	0.239038	0.658548	0.655083	0.114606	-0.022816	-0.233951	0.352684	0.009695	-0.364952	-1.880915	-0.395336	-0.217348	-0.907401	0.075942	-0.314341	0.468368	0.427703	-1.280231	0.064952	1.176207	-0.143541	-0.034939	0.130545	-1.544074	-0.765638	0.717843	0.884245	-0.776843	-0.960169	-1.842354	-1.828643	-0.609824	-0.947493	-0.964874	-1.848897	-0.206870	-1.891016	-0.430149	-0.558651	0.085548	0.636658	-0.389543	-0.837718	-0.190791	-0.729522	-0.997819	-0.735562	0.296114	-0.143647	-1.872733	-1.634382	-0.660252	-0.798313	1.046058	1.639273	0.274989	0.594180	0.490453	0.561090	-0.734961	-0.410465	-1.081977	-0.761203	0.345406	0.170965	0.002311	0.533138	1.509768	0.841171	-0.629908	-0.275275	-0.412864	1.109688	-0.723545	-0.424852	-0.803328	-1.074309	-0.297294	-0.527583	-0.700638	-0.367724	-0.668263	-1.072330	-1.639178	-0.817295	0.522661	-0.671933	0.223444	-0.356321	-0.047758	-1.141177	-0.804043	-0.969406	-0.763542	-0.861470	-0.267577	0.473446	-0.261079	-0.324214	1.878241	1.182096	0.327651	-0.439666	0.566955	0.207113	-0.033289	1.274728	0.910199	-0.204014
-1.226044	-0.068237	0.570422	0.720824	-0.616576	-0.299098	-0.625069	-0.781597	-0.002062	-0.309136	-1.721616	-0.240233	-0.824788	-1.027226	-0.257197	0.150732	-0.215847	-0.521069	-1.797371	-0.065657	0.761084	-0.631893	-0.919125	0.017463	-1.222817	-0.392145	0.383533	1.191937	-0.267306	-1.299674	-1.142929	-1.259660	-1.085107	-1.466158	-0.767574	-1.535279	0.199329	-1.826279	-0.579467	-0.072274	-0.184538	0.522538	-0.086191	-1.040809	0.593119	-0.090990	-1.206810	-0.968412	0.037386	-0.609329	-1.666601	-0.913611	-0.896466	-1.418901	1.177827	1.346256	0.343992	0.423256	0.612145	-0.380922	-0.101447	-0.121397	-0.412374	-0.626388	0.076080	0.152624	-0.584520	0.338249	1.234006	0.276625	-0.524346	-0.458257	-0.256646	0.791237	-0.515580	-1.516791	-0.572553	-0.799397	-0.147539	-0.498771	-0.055463	0.158534	-1.070736	-1.062120	-2.073206	-0.969952	0.337628	-0.884727	0.178789	-0.414591	-0.495742	-1.532783	-0.353514	-0.781614	-1.321988	-1.244049	-0.485599	0.211467	-0.328279	-0.834290	0.714713	1.065509	-0.133553	-0.350366	0.311007	0.109475	-0.367874	0.042800	-0.024199	-0.166292
-1.903200	-0.302713	0.392004	0.706022	-1.615351	-0.910068	-1.518563	-2.103748	-0.125252	-0.594238	-1.242624	-0.189057	-1.319719	-1.114874	-0.877394	0.640282	-1.381957	-1.629449	-2.140601	-0.840649	-0.518373	-0.904796	-1.870658	-0.701712	-0.710653	-0.511110	-0.160054	0.946906	0.644916	-1.204699	-0.337778	-0.688016	-1.363188	-1.597059	-0.689613	-0.979537	0.231322	-1.162663	-1.063954	0.528736	-0.922430	0.311526	-0.378428	-1.496388	0.593717	0.042848	-1.543231	-1.579121	-0.347562	-0.968794	-1.284141	-0.179096	-0.724290	-1.151986	0.540367	0.769446	0.512413	0.147042	-0.279517	-1.475824	-0.179584	-0.477553	0.323964	-0.571427	-1.223449	-0.061739	-1.127875	0.412103	0.055009	-0.536403	-0.893109	-1.120708	0.041581	0.250037	-0.536328	-1.966294	-0.764985	-0.559467	-0.624928	-1.061506	0.689371	0.590560	-1.302118	-0.748369	-1.887728	-1.082360	-0.283258	-1.088753	-0.344099	-0.622662	-1.082269	-1.810194	-0.514093	-0.840299	-2.084375	-1.921867	-0.620440	-0.537125	-0.525174	-1.509275	-0.257155	0.326571	-0.819225	-0.355004	-0.523512	-0.053415	-0.358343	-0.719838	-0.636884	-0.244657
-2.094613	-0.077888	0.031649	0.252974	-2.088182	-1.098645	-2.247292	-2.382859	-0.427528	-1.109472	-0.823035	-0.251624	-1.023696	-0.736390	-1.054124	1.181549	-1.965941	-2.110428	-1.863876	-1.269518	-1.845665	-1.051744	-2.130008	-1.278010	-0.389146	-0.802648	-0.518302	0.119200	1.400638	-0.769232	0.319729	-0.341684	-0.983785	-0.979714	-0.713853	-0.338557	-0.062654	-0.410118	-1.139538	1.005959	-1.570686	0.328146	-1.088963	-1.815054	0.119964	-0.257271	-1.691578	-2.077436	-1.086905	-1.287844	-0.610451	0.520540	-0.216717	-0.463957	-0.459938	0.357667	0.628141	0.246967	-1.481170	-1.912586	-0.793831	-1.040053	0.746016	-0.509116	-2.286911	-0.097251	-1.211044	0.551814	-1.435814	-1.341803	-1.194120	-1.612889	-0.043587	-0.005958	-0.346904	-1.857982	-1.100452	-0.644012	-0.922929	-1.573280	1.026680	0.802792	-0.919237	-0.189817	-0.685345	-0.921430	-0.728029	-1.118199	-0.841341	-1.028734	-1.021081	-1.561849	-0.888749	-0.905914	-2.372142	-2.429820	-0.900753	-1.352885	-0.632235	-1.818542	-0.507574	-0.653008	-1.147736	-0.877127	-1.651282	-0.226071	-0.264866	-0.701381	-0.652890	-0.244161
-1.796163	0.308658	-0.311175	-0.381734	-1.793191	-0.748516	-2.249903	-1.624879	-0.911631	-1.490314	-0.690590	-0.388469	0.102982	0.273028	-0.284275	1.760591	-1.310835	-1.456237	-0.829662	-0.418599	-2.151338	-1.063152	-1.492829	-1.015075	-0.291999	-0.647881	-0.262417	-0.586329	1.565877	-0.217415	0.901575	0.048009	0.216888	0.409880	-0.561893	0.357261	-0.282572	0.219938	-0.506682	1.234246	-1.647192	0.317449	-1.472031	-1.463703	0.210308	-0.278379	-1.546737	-2.011339	-1.991550	-1.675671	0.293176	1.126692	0.339929	-0.046185	-1.366839	0.192521	0.601971	0.731968	-1.952675	-1.299744	-1.127254	-1.100164	0.610069	-0.318577	-2.135366	0.146656	-0.313581	0.674906	-1.822633	-1.508608	-0.765415	-1.243098	-0.346373	0.419016	0.626878	-1.417515	-0.793147	-0.475676	-0.241794	-1.144329	0.751412	0.866950	0.262582	0.751479	1.257543	-0.168762	-0.124528	-0.477734	-0.503777	-1.119645	0.274673	-0.355490	-1.011861	-0.746169	-1.701425	-2.152076	-1.316352	-1.952091	-0.543402	-1.383838	-0.027282	-0.906576	-1.138499	-1.720086	-2.613775	-0.308241	-0.293864	-0.066449	0.127593	-0.330835
-1.471089	0.124848	-0.181333	-0.542504	-1.075716	-0.473225	-1.560339	-0.959403	-1.268603	-1.552907	-0.662193	-0.648684	1.438557	1.397377	1.180400	2.278948	0.260753	0.032681	0.540803	1.401000	-1.131491	-0.854073	-0.515354	0.016478	-0.193797	0.069949	0.545162	-0.698298	1.257628	0.283620	1.437447	0.825396	1.750768	1.929136	-0.004100	0.976943	-0.130928	0.682134	0.373418	1.104559	-1.151031	-0.230779	-0.961490	-0.495594	1.258223	0.327174	-1.344283	-1.435429	-2.590152	-2.026166	1.072720	1.320778	0.645826	-0.268789	-1.885466	0.020944	0.494229	1.065513	-1.327359	-0.106270	-0.710113	-0.614747	-0.032536	-0.107208	-1.063661	0.216562	1.549543	0.982740	-0.369534	-0.657689	0.327483	-0.086459	-0.125048	1.406290	2.134133	-0.714127	0.464750	0.398691	1.217226	0.248103	0.156508	0.867953	1.804146	2.005806	2.956686	0.993027	1.439988	0.815113	0.732819	-0.503699	2.303684	1.486578	-0.898702	-0.530157	-0.425884	-1.094012	-1.467205	-2.096044	-0.283731	-0.543711	0.883419	0.286027	-1.080638	-2.155968	-2.899312	-0.214790	-0.536118	0.855075	1.577344	-0.880875
-1.355245	-0.781976	0.623866	0.008130	-0.272349	-0.642023	-0.653048	-1.009878	-1.081887	-1.377263	-0.364675	-1.016779	2.330162	1.947346	2.424345	2.445656	1.636839	1.392821	1.549517	2.840123	0.419252	-0.413319	0.153119	1.179584	0.002773	0.825343	1.230197	-0.487998	0.953537	0.709859	1.644954	1.772160	2.838129	2.737896	0.836653	1.295044	0.302595	0.960550	0.866758	0.574428	-0.371418	-1.169082	0.171178	0.428032	2.380488	1.084568	-1.250373	-0.729158	-2.510134	-2.021688	1.385368	0.851523	0.652634	-0.946830	-1.876750	-0.259620	0.384472	0.761089	-0.166631	0.810235	0.063387	-0.207101	-0.830568	-0.136023	-0.127056	-0.308384	3.389988	1.541808	1.914033	0.690991	1.290516	1.033606	0.855162	2.220568	3.078258	0.205177	1.955071	1.391510	2.335131	1.616728	-0.316138	0.688257	2.918993	3.074871	3.468112	1.900400	2.665875	1.973976	1.940837	0.569568	3.716217	2.878296	-0.806098	-0.539536	0.566362	0.044152	-0.989781	-1.580375	0.045242	-0.030984	1.779072	2.412892	-0.944732	-1.717914	-2.248786	-0.042054	-0.823856	1.636069	2.943101	-1.775259
-1.150161	-1.532956	1.587305	0.681111	0.517204	-0.801308	0.002911	-1.008823	-0.437856	-1.047335	0.171312	-1.169876	2.481012	1.759405	2.540281	1.860094	1.785025	1.813553	1.727379	2.913320	1.323886	0.121149	0.420575	1.960997	0.085499	1.140996	1.063463	-0.379809	0.916730	1.106638	1.182017	2.070632	3.042960	2.565578	1.434879	1.189628	0.607222	1.066768	0.777223	-0.123809	0.432752	-1.496915	0.984927	0.769358	2.424770	1.363680	-1.050495	-0.140753	-1.732261	-1.465360	1.114780	-0.022931	0.556149	-1.446964	-1.380411	-0.410313	0.194116	-0.075878	0.673595	1.072577	0.464446	-0.248406	-1.312957	-0.415895	0.052059	-1.074057	3.797731	1.899658	3.025057	1.361033	1.466262	1.402867	1.716296	2.012675	2.628382	1.058209	2.511563	1.455498	2.268436	2.049299	-0.556653	0.103618	3.086405	3.314809	2.638650	1.975380	2.275832	2.163872	2.137575	1.383677	3.540817	2.900673	-0.731343	-0.633287	0.824836	0.647287	-0.122297	-0.595575	0.214411	-0.104006	2.110270	3.807217	-0.529975	-0.822866	-1.010143	-0.115153	-0.738789	1.724494	3.148607	-2.202088
-0.511231	-1.154906	1.773318	0.636267	1.093292	-0.388353	0.192290	-0.013804	-0.054110	-0.584737	0.357335	-0.727893	1.822501	1.157445	1.416565	0.476020	0.711858	1.321238	1.106739	1.894886	1.132897	0.516368	0.584013	2.193226	-0.185298	1.094726	0.028621	-0.313339	0.941056	1.433445	0.162544	1.168159	2.446104	1.811242	1.251542	0.739598	0.391323	1.016067	0.322425	-0.538027	1.036870	-0.498766	0.806134	0.659139	1.424308	1.187402	-0.440219	0.334431	-0.616687	-0.572488	0.323425	-0.641693	0.522246	-1.176248	-0.684165	-0.268819	-0.231513	-0.858682	0.809937	0.978762	0.295688	-0.312585	-1.108698	-0.493529	-0.259148	-1.212997	2.242502	1.405348	1.898921	0.624213	1.035419	1.112500	1.333438	0.617607	1.152106	1.405755	1.687231	0.442336	1.427338	1.693488	-0.765816	-0.817715	2.343066	2.427562	1.097597	1.138749	0.398636	1.282903	1.279086	1.284284	2.002549	1.647245	-0.412030	-0.307618	0.783238	0.818302	0.366009	0.140923	-0.097101	-0.301565	1.490118	3.074884	-0.001140	-0.404854	-0.006833	-0.710835	-0.043313	0.791620	1.711134	-1.472935
0.368651	0.136040	0.741414	-0.312778	1.065731	0.322394	-0.025893	1.458267	-0.483900	-0.164851	-0.237392	0.139245	0.429038	0.409011	-0.097723	-1.063740	-0.443612	0.585720	0.125230	0.730256	0.469179	0.560021	0.731505	1.749864	-0.656991	0.995014	-1.041064	-0.045647	0.682609	1.473646	-0.752048	-0.352068	1.330957	0.946434	0.320773	0.149279	-0.339872	0.759272	-0.191571	-0.434702	1.193218	1.102998	-0.046377	0.581858	0.571153	1.060190	0.482373	0.727418	0.283764	0.164916	-0.745285	-0.554545	0.520294	-0.199311	-0.205307	-0.158717	-0.840487	-1.109375	0.501989	0.853873	0.042631	0.218416	-0.129641	0.123948	-0.460098	-0.453594	-0.250021	-0.025198	-0.540553	-0.997672	0.700443	0.777124	-0.281299	-1.174967	-0.198535	0.987122	0.220465	-0.670315	0.977038	1.376472	-1.017819	-1.535000	1.065835	0.710915	-0.371196	-0.224526	-1.510170	-0.102884	0.137915	0.113713	0.114329	0.049470	0.262532	0.624841	1.086647	1.045985	-0.061364	0.015922	-0.956563	-0.159644	0.095689	0.492159	0.196717	-0.878402	0.174668	-1.660454	0.834442	-0.782474	-0.667113	0.097779
0.878590	1.046090	-0.925381	-1.491636	0.329641	0.494671	-0.380815	1.845511	-1.336056	-0.071464	-1.143043	0.701069	-1.270662	-0.443371	-0.979840	-1.892142	-0.519722	0.101989	-0.683075	-0.109217	0.183469	0.178829	0.625680	0.501970	-0.819581	0.841227	-1.222781	0.217213	0.148658	0.976574	-0.922634	-1.136466	-0.051457	0.095493	-0.648549	-0.359236	-1.097910	0.253106	-0.497625	-0.067616	0.812990	1.711296	-0.655363	0.634719	0.611793	1.090613	1.215336	0.930355	0.615885	0.454784	-1.594911	0.026212	0.484889	0.703059	-0.171503	-0.578472	-1.305901	-0.880704	0.196802	0.546086	0.171667	1.192150	1.213110	1.217319	-0.292109	0.437991	-1.964359	-1.610163	-2.343004	-2.196193	0.726820	0.663876	-1.839964	-2.294250	-0.721875	-0.062883	-0.749563	-1.009222	1.324267	1.367625	-1.095714	-1.465693	-0.343009	-1.077812	-1.343840	-1.485958	-2.139537	-1.368667	-0.639049	-1.562533	-1.268219	-1.026339	1.017569	1.586136	1.634413	1.384257	-1.086105	-0.711311	-1.851997	0.169737	-1.371186	-2.204477	0.002822	-1.623470	-0.246532	-2.322512	1.028117	-2.062849	-2.608907	1.429078
0.663564	0.727513	-2.094904	-2.004977	-0.651593	-0.119812	-0.569057	0.600811	-1.651639	-0.254413	-1.348916	0.519956	-2.500002	-1.266922	-1.006126	-1.819082	0.420301	-0.256276	-1.005345	-0.874572	0.332312	-0.481190	0.155914	-1.237221	-0.393806	0.378754	-0.409114	-0.025099	-0.197970	-0.009428	-0.336596	-0.489382	-1.394357	-0.769527	-0.933210	-0.635754	-1.255271	-0.342488	-0.424249	0.153934	0.091877	0.699698	-0.615761	0.348359	0.763960	0.675258	1.324327	0.778557	0.555151	0.478774	-1.719067	0.437499	0.544311	0.809912	-0.428858	-1.442835	-1.308678	-0.584693	0.029259	-0.198843	0.473206	1.669596	1.966863	1.724484	0.117521	0.643892	-2.034361	-2.312222	-2.388197	-2.130587	0.567898	0.369832	-2.135302	-2.369373	-0.655112	-1.240837	-0.768457	-0.782139	1.477198	0.968432	-0.827140	-0.623299	-1.526185	-2.140359	-1.774951	-2.038446	-1.543452	-2.130145	-1.075946	-2.648212	-1.902226	-1.388410	1.344341	1.647309	1.578712	1.263783	-1.754389	-1.073865	-1.967328	0.314490	-2.243489	-3.409165	-0.035649	-1.607958	-0.508532	-2.084044	0.163112	-2.391925	-3.201278	1.792195
0.046790	-0.215202	-2.059338	-1.493526	-1.274385	-0.790102	-0.491432	-0.949380	-1.033870	-0.200338	-0.463906	0.033762	-2.686499	-1.741649	-0.730635	-1.494937	1.173529	-0.830731	-0.902452	-1.817752	0.271751	-1.094748	-0.376914	-2.581882	0.233372	-0.448032	0.620453	-0.828297	0.144894	-1.011583	0.489691	0.856336	-2.275370	-1.525307	-0.498439	-0.691470	-0.546847	-0.665479	-0.093611	0.148722	-0.708074	-0.809212	-0.459266	-0.649580	-0.271484	-0.716199	0.784925	0.221723	0.597283	0.589677	-1.097243	0.237244	0.920276	0.241651	-0.590311	-1.911185	-0.789190	-0.434294	-0.187044	-1.104097	0.285844	0.940670	1.221329	0.682832	0.640386	0.405239	-0.988449	-1.783686	-1.144778	-1.118014	-0.368870	-0.536319	-1.263974	-1.935099	-0.413518	-1.900878	-0.198148	-0.788962	0.268800	-0.471564	-0.347862	0.337284	-2.167026	-2.144617	-1.776136	-1.679205	-0.824284	-2.173726	-1.530518	-2.364218	-2.004274	-1.377322	0.849044	0.437773	0.340804	0.207523	-1.285110	-0.407521	-0.949405	0.443318	-2.322067	-2.873165	0.633577	-0.423671	-0.098732	-0.922519	-1.096992	-1.953923	-2.593843	1.467124
-0.242734	-0.546353	-1.024752	-0.358689	-1.315710	-0.703348	-0.244202	-1.171565	-0.044224	0.456827	0.823841	-0.063916	-1.989644	-1.743174	-0.506561	-1.525976	0.792359	-1.556376	-0.689728	-2.668413	-0.327728	-1.350992	-0.538181	-2.786511	0.412001	-1.365934	1.000234	-1.629743	1.122947	-1.508285	1.140242	1.661261	-2.408150	-1.976682	0.125758	-0.679579	0.704980	-0.503874	0.078965	0.103235	-1.455453	-1.320665	-0.807795	-1.961150	-2.410733	-2.606026	-0.080990	-0.580255	0.873834	0.790362	-0.264447	-0.353610	1.567118	-0.265060	-0.334710	-1.205029	0.118568	-0.156519	-0.555752	-1.526141	-0.639635	-0.653435	-0.889440	-1.615273	1.307387	0.621271	0.086418	-0.670216	0.194996	-0.149688	-1.751430	-1.780385	-0.293137	-1.647386	0.160133	-1.689094	0.498742	-1.354655	-1.951266	-2.448668	0.137268	0.785809	-2.163021	-1.488216	-1.491543	-0.870026	-0.767964	-1.559206	-2.091174	-1.139357	-1.929605	-1.388000	-0.382706	-1.395223	-1.546147	-1.439198	0.316740	1.010413	0.712759	1.109599	-1.780560	-1.501216	1.897902	1.391910	0.854720	0.568787	-1.673267	-1.435482	-1.598742	1.243395
0.260191	0.070382	0.247178	0.601057	-0.859556	0.094117	0.160050	-0.009156	0.589976	1.337742	1.593529	0.196625	-1.095668	-1.575152	0.038067	-1.702630	-0.374546	-1.965187	-0.637533	-2.971854	-0.972871	-1.163151	-0.187930	-2.029941	0.070605	-2.059638	0.532884	-1.911188	1.972199	-1.431795	1.600386	1.574001	-1.935557	-2.086822	0.565320	-0.701897	1.815608	-0.114297	-0.150063	0.034012	-1.970395	-0.703374	-1.383047	-2.649277	-3.926019	-3.693544	-0.819292	-1.279048	0.859255	0.710697	0.282118	-0.691031	2.056654	-0.301181	0.422817	0.494227	1.218635	0.628005	-0.833779	-1.254011	-1.674041	-2.018643	-2.897950	-3.605546	2.063680	1.452272	0.584816	0.041820	0.908445	0.066457	-2.471998	-2.549045	0.077637	-1.502346	1.342075	-0.937782	1.147541	-2.091347	-3.370136	-3.608095	0.682620	0.713253	-1.773073	-0.977676	-1.057042	-0.409160	-1.050199	-0.808440	-2.400125	-0.314385	-1.899241	-1.559855	-1.649746	-2.659350	-2.770618	-2.660483	2.277526	2.364114	2.191603	2.260242	-0.885670	-0.336245	3.001228	2.927924	1.914797	1.724131	-1.183814	-1.268007	-0.886158	1.492530
1.290128	0.814996	1.133695	0.841635	0.003026	0.878005	0.858572	1.196717	0.807886	1.686628	1.695633	0.196784	-0.490103	-1.557318	1.222217	-1.395537	-1.209945	-1.741530	-0.742740	-2.654798	-0.997453	-0.706643	0.429635	-1.197989	-0.126948	-2.372125	-0.304810	-1.717947	1.858271	-1.148231	1.904899	1.165256	-1.333029	-1.954099	0.888005	-0.668446	2.235124	-0.018147	-0.466996	-0.244259	-1.897158	-0.053549	-1.265764	-2.183763	-3.345985	-3.121734	-1.031699	-1.518134	0.064828	0.173043	0.590878	-0.363400	1.930500	-0.162767	1.491213	2.149832	2.172584	1.771964	-0.671367	-0.772142	-1.864634	-2.305250	-3.146210	-3.786269	2.551477	1.980155	0.575659	-0.046400	1.009358	-0.427070	-1.874779	-2.358389	0.147171	-1.011685	2.572494	-0.442103	1.521691	-2.451333	-2.699298	-3.159793	1.438140	0.595817	-1.381542	-1.056549	-0.523643	-0.624216	-0.838047	-0.531850	-1.972444	-0.612714	-1.830907	-1.716954	-2.050754	-2.586730	-2.470519	-2.680140	3.575940	3.076186	3.056647	2.901066	0.062845	0.155159	3.153500	3.587036	2.763539	2.342067	-0.231117	-1.277363	-0.540614	1.878855
1.997097	0.904433	1.485931	0.571514	1.050555	1.133704	1.764350	1.437035	1.064479	1.358765	1.671991	-0.192494	-0.083076	-1.472047	2.313225	-0.534787	-1.118305	-1.053797	-0.719612	-1.983734	-0.429511	-0.260081	0.924258	-0.879228	0.412812	-2.211289	-0.869770	-1.336040	0.773130	-0.940637	1.802736	0.793707	-0.950248	-1.618265	1.163801	-0.419942	1.946107	-0.390425	-0.324928	-0.623083	-1.101953	-0.064109	-0.134229	-0.999642	-1.248686	-1.409152	-0.607342	-1.209494	-1.051147	-0.409945	0.986802	0.431406	1.100204	-0.228949	2.396653	2.810702	2.474141	2.522238	-0.089831	-0.607589	-0.960195	-1.546814	-1.398578	-2.093274	2.303955	1.477065	0.344127	-0.485194	0.775096	-1.029115	-0.579993	-1.535768	0.493288	-0.018836	2.651912	-0.573790	1.188128	-2.115340	-0.777231	-1.713529	2.210895	0.800544	-1.048434	-1.326341	0.156106	-0.942793	0.110800	-0.647110	-0.694385	-1.159127	-1.420537	-1.480508	-1.272639	-1.418328	-1.108693	-1.679039	3.593943	3.053420	3.330519	2.178489	0.697258	0.124510	2.150760	3.272741	3.178549	2.653088	0.383238	-0.947210	-0.224675	1.853650
1.679970	0.542791	1.437491	0.577317	1.704646	0.968340	2.337093	0.981539	1.605555	1.063832	1.894961	-0.256176	0.431618	-0.736000	1.959372	0.245974	-0.422025	-0.291032	-0.187022	-1.086987	0.067122	0.013084	1.072802	-0.824930	1.492340	-1.467156	-0.794881	-0.733232	-0.354756	-0.720552	1.085658	0.180780	-0.688115	-1.021636	1.171098	0.082896	1.415076	-0.749434	0.400373	-0.500509	-0.059482	-0.197207	1.188131	0.014894	0.336827	0.105939	0.152924	-0.591745	-1.320977	-0.422006	1.447866	1.147785	-0.138528	-0.367180	2.554263	2.294537	1.845404	2.208957	0.435609	-0.702746	0.284861	-0.436022	0.889408	0.125636	1.194108	0.443821	0.027962	-0.614057	0.423547	-1.036830	0.209050	-0.739921	1.023392	0.942244	1.174088	-0.747403	0.149936	-0.977680	0.327487	-0.535025	2.481843	1.270879	-0.449994	-0.978432	0.952283	-0.478561	1.219863	-0.336457	0.874718	-0.515116	-0.478976	-0.567098	0.094660	-0.068326	0.000282	-0.541561	2.495250	2.403536	2.995547	0.580434	0.753291	-0.040141	0.585676	2.224835	2.867361	2.783227	0.455181	0.022273	0.282194	1.253442
0.520840	0.442996	1.061506	1.283278	1.427473	0.712768	2.051971	0.609829	2.167977	1.370714	2.111538	0.528795	1.010238	0.722086	-0.148596	0.490055	0.367762	0.342574	0.978652	0.129438	0.039377	0.162144	0.997009	-0.472176	2.377825	-0.181843	-0.172779	0.298468	-0.583955	-0.354650	0.148922	-0.698699	-0.229156	-0.204630	0.795335	0.735254	1.081722	-0.454843	1.289064	0.555090	0.568044	0.328261	1.675840	0.483709	0.284772	0.708281	0.792760	0.081579	-0.239175	0.208855	1.533428	1.422670	-1.331885	-0.236830	1.748916	1.059448	0.702325	0.981483	0.496893	-0.625102	0.950900	0.385743	2.074878	1.486943	-0.329942	-0.096400	-0.400878	-0.374527	0.137152	-0.152154	0.137678	-0.171107	1.068086	1.162987	-0.694312	-0.147234	-0.657355	0.741211	-0.197115	-0.133996	1.983049	1.705057	0.572263	0.205058	1.552672	0.854144	1.798522	0.838388	1.730361	1.330995	0.737207	0.811869	1.180730	0.797382	0.131025	0.110885	1.044904	1.220934	1.865091	-0.485105	0.344347	-0.152806	-0.495679	0.875947	1.675212	2.398520	0.276748	1.261926	0.675326	0.427187
-0.487299	0.717030	0.276403	1.943153	0.423225	0.434594	1.054755	0.469834	2.317300	1.756296	1.811460	1.506970	1.184803	1.960763	-2.523926	0.478719	1.108826	0.830433	2.280120	1.473871	-0.249933	0.322349	0.996395	0.227978	2.541699	1.220641	0.492073	1.489290	0.073677	-0.074038	-0.223250	-1.091431	0.377937	0.486050	0.353585	1.276486	0.870910	0.403310	1.812975	1.955749	0.707734	1.226398	1.277718	0.748680	-0.446846	0.878829	1.097910	0.778406	1.266560	0.884392	0.926660	1.239767	-2.035594	0.107001	0.512082	-0.280263	-0.092956	-0.283255	0.246784	-0.224130	0.913837	0.755706	1.898885	1.761847	-1.492771	-0.002044	-1.015210	-0.347933	-0.024290	1.107550	0.008282	0.467111	0.305737	0.479523	-1.409933	1.021902	-0.228583	2.218893	-0.986088	0.078227	1.055353	1.801155	1.465133	1.371438	1.449090	1.950865	1.587931	2.018877	1.186086	2.570583	1.505168	1.830108	1.648333	1.269303	-0.090350	0.466437	-0.025454	-0.293163	0.078156	-0.351487	-0.096982	-0.361059	-0.363533	-0.259097	-0.036494	1.097454	0.019817	1.815769	0.352118	-0.097830
-0.515580	0.723072	-0.954304	1.174626	-0.439516	0.027418	0.062175	0.119669	1.854965	1.172017	0.806982	1.463236	0.571655	1.801875	-3.332000	0.624900	1.702702	1.085219	2.718928	2.205585	-0.283808	0.488058	1.082860	0.727889	1.940990	2.064111	0.618698	2.007382	0.679860	-0.271677	0.140249	-0.503913	0.556898	0.529293	0.116869	1.258385	0.305002	0.841340	1.643691	2.331150	0.823059	1.385984	0.762828	1.121613	-0.287573	1.347492	1.122567	1.445809	1.861577	1.047130	-0.174925	0.669572	-2.011450	0.320644	-0.239724	-1.225211	-0.163346	-0.869414	0.160165	0.176975	0.717116	0.814147	1.342100	1.648715	-1.755895	-0.084331	-1.788111	-0.936096	-0.331805	1.622437	0.499091	1.223001	-0.755211	-0.582958	-0.904406	1.511301	1.022135	2.351809	-0.468888	0.710862	0.230532	1.295362	1.270082	1.319798	0.393857	1.515950	0.645418	1.805708	-0.420901	1.557727	1.119537	1.604397	1.712538	1.724535	0.363402	0.991197	-0.564654	-1.674633	-1.592395	0.212437	-0.317759	-0.827765	0.715888	-0.823449	-1.471091	-0.807135	-0.411583	0.959741	-0.808112	-0.037330
0.219299	0.081936	-2.357930	-1.343239	-0.595666	-0.378032	-0.424277	-0.491440	0.875246	-0.419871	-0.600707	0.206248	-0.588801	0.238198	-2.426588	0.705175	1.748756	0.962631	1.670763	1.705429	-0.043949	0.489976	0.790546	0.592115	0.820603	1.994180	0.029401	1.287670	0.300550	-0.886899	0.359507	0.227559	-0.097264	-0.205124	-0.206772	0.379865	-0.839974	0.045362	0.661996	0.992625	1.055178	0.407770	0.603874	1.346246	0.854431	2.010217	0.934630	1.751094	1.389523	0.804615	-1.257801	-0.254832	-1.483704	0.352026	-0.144739	-1.469720	-0.106128	-0.911225	0.365190	0.266650	0.677295	0.708412	1.194317	1.674845	-1.237731	-0.805137	-2.442275	-1.702060	-1.138711	0.754447	1.093333	1.537815	-1.334895	-1.272120	-0.628214	0.557745	1.358968	0.895219	0.909075	1.456712	-0.402954	0.061752	-0.260760	-0.174651	-1.152095	-0.447607	-0.790001	0.003492	-1.867248	-1.093672	-0.307748	0.159004	1.563426	2.092362	1.444239	1.612534	-0.959045	-2.379362	-2.267010	0.171959	-0.591984	-1.336147	1.571061	-0.883363	-2.020253	-2.190816	-0.945279	-0.862927	-1.993729	0.459708
0.686902	-0.621587	-3.291831	-3.936304	-0.418667	-0.444334	-0.578530	-0.698942	-0.393136	-1.677117	-1.876985	-1.017013	-1.509699	-1.315802	-1.331431	0.232120	0.996499	0.563739	-0.263623	0.379613	-0.002839	0.258364	-0.290322	0.053893	-0.405070	1.395280	-0.873834	-0.226397	-1.105632	-1.276624	-0.462188	-0.182453	-1.055135	-1.066449	-0.991296	-0.940773	-2.097210	-1.478428	-0.929840	-1.023132	0.884851	-0.681795	0.533844	1.077823	1.648965	2.155324	0.576319	1.420136	0.876287	0.651597	-1.925818	-1.294044	-1.009218	0.475450	0.164503	-1.042990	-0.761834	-1.079013	0.500392	0.191247	0.581020	0.634934	1.270546	1.699266	-0.602713	-1.530471	-2.485908	-1.771372	-2.192906	-0.740112	0.827087	0.971448	-1.187466	-1.162863	-1.564977	-0.941405	-0.157609	-0.838430	1.349789	1.594872	-1.129911	-1.565030	-2.004344	-1.888066	-2.170953	-2.395843	-2.088013	-1.886717	-2.092728	-2.974409	-1.582352	-1.294442	1.140677	1.936075	2.052314	1.808172	-1.558048	-2.232407	-1.799617	-0.487561	-1.303065	-1.363689	1.125816	-0.875381	-1.771576	-2.131721	-1.142247	-2.148551	-2.079232	0.907737
0.159842	-0.556726	-3.074983	-4.273815	-0.646605	-0.161540	-0.851359	-0.081711	-1.649130	-1.403641	-2.585440	-0.958892	-1.591061	-1.540208	-1.168474	-0.582106	-0.081408	0.270259	-1.625468	-0.556452	-0.392506	0.022734	-1.796932	-0.289941	-1.202277	0.998011	-1.435311	-1.407105	-2.624404	-0.878960	-1.890706	-1.618622	-1.253878	-1.158421	-1.859268	-1.699158	-2.669711	-2.296726	-2.426615	-1.901186	-0.089592	-0.677336	0.218237	0.559176	1.216633	1.474481	0.200883	0.727412	1.005498	0.764395	-2.074719	-1.911880	-0.822249	0.739279	-0.192235	-0.397502	-2.069140	-1.663673	0.289779	0.302744	0.290642	0.880596	1.031603	1.403751	-0.458139	-1.383054	-1.590580	-0.834847	-2.525373	-1.351533	-0.213601	0.013846	-0.627972	-0.377585	-2.803621	-1.312104	-2.179839	-1.058231	0.285340	1.082312	-1.935533	-2.723652	-2.369588	-2.272733	-1.940999	-2.754575	-2.363276	-2.219582	-1.175701	-2.518140	-1.411500	-1.441054	0.441587	1.177979	1.531908	1.421902	-2.159502	-1.610987	-0.908006	-1.068017	-2.180465	-0.633154	-0.506612	-1.130012	-1.304266	-0.962632	-0.632393	-1.717898	-0.799425	0.782178
-1.002723	0.180127	-1.608450	-1.832308	-1.324664	0.008912	-1.284742	0.712136	-2.469778	0.004902	-2.546147	0.189359	-1.026319	-0.673773	-1.337940	-0.880283	-0.653148	0.324142	-1.535341	-0.395155	-0.814933	0.110813	-2.705848	-0.206755	-1.235149	1.046546	-1.223040	-1.459867	-3.163069	0.150408	-2.427671	-2.484318	-0.407137	-0.378862	-1.943259	-1.340434	-2.212647	-1.714159	-2.896492	-1.086314	-1.337105	0.204557	-0.134260	0.369003	0.125173	0.378764	-0.013737	0.271013	1.293136	0.921147	-1.759838	-1.698872	-0.479465	0.811978	-1.202596	-0.115559	-2.981137	-2.178120	-0.017834	0.588342	0.164745	1.488020	0.444204	0.826604	-0.772678	-0.418398	-0.013137	0.507889	-1.448751	-0.522303	-0.899863	-0.341077	0.070015	0.592010	-2.649245	-0.062058	-2.508254	0.497489	-0.863607	0.578453	-2.262032	-2.651810	-1.001524	-1.099616	-0.779616	-1.526533	-1.298736	-0.950665	-0.138978	-0.619557	0.157285	-0.290539	-0.287268	0.317847	0.532880	0.944172	-2.140422	-1.024913	-0.430818	-1.252777	-2.334770	0.459812	-1.992440	-1.439678	-1.008200	0.020936	0.430151	0.016751	0.863033	-0.072548
-1.717294	0.657518	0.310322	1.356794	-1.659431	-0.195573	-1.396228	0.695486	-2.439209	1.153995	-1.844958	1.208392	-0.532583	0.029972	-0.647847	-0.303144	-0.477515	0.511790	-0.566599	0.281883	-0.745196	0.545108	-2.332614	-0.005039	-0.725086	1.107057	-0.262435	-0.505499	-2.385024	1.152201	-1.312416	-1.701797	0.520213	0.419284	-1.061049	-0.394228	-1.152473	-0.550121	-1.953458	0.147754	-1.764676	0.628810	-0.080473	0.629572	-0.583520	-0.584666	-0.040708	0.288746	1.052093	1.056378	-1.052984	-0.813507	0.488965	0.538634	-1.874375	-0.356614	-2.621706	-1.925625	0.029450	0.695000	0.597799	2.033106	-0.057436	0.270814	-0.907320	0.507110	1.460296	1.434124	0.446146	0.746217	-0.587301	0.190409	0.905721	1.249864	-0.864737	1.584337	-0.835516	2.123624	-0.755169	0.459820	-1.653420	-1.484202	0.753885	0.287757	0.252830	-0.097088	0.362635	0.519863	0.228716	0.700150	1.623443	0.816973	-0.729662	-0.142833	0.108897	0.856974	-1.193746	-0.557357	-0.580370	-1.252808	-1.293951	1.087608	-2.041776	-1.283442	-0.752222	-0.038642	1.494501	1.443026	1.615167	-1.172108
-1.274509	0.384245	1.538534	2.742810	-1.023038	-0.340039	-0.777261	-0.079933	-1.559668	1.372571	-0.841669	1.377994	-0.523181	0.042795	0.847353	0.452425	-0.147376	0.426909	-0.014052	0.398811	-0.219513	0.968528	-1.094323	0.006553	-0.329733	0.743082	0.979195	0.703745	-0.993492	1.705778	0.395007	-0.113826	0.457881	0.489468	-0.118458	0.219323	-0.249343	0.012053	-0.284359	0.325291	-0.940152	-0.036911	0.392458	0.883178	-0.681281	-1.216271	0.116662	0.526402	0.543108	1.434193	-0.111662	0.146286	1.672577	0.307316	-1.400166	-0.681134	-1.275225	-0.822266	0.470285	0.539130	1.385620	2.040354	-0.170222	-0.032415	-0.305788	0.853736	2.099030	1.673484	1.721905	1.226723	0.063747	0.850131	1.731613	1.371309	0.888411	2.210455	0.801749	2.077408	0.051840	0.347985	-0.473124	-0.232506	1.307496	0.499785	0.441776	0.431770	1.520204	1.062170	0.113909	0.709781	1.614520	0.759244	-0.678495	-0.151966	0.409202	1.030040	0.122592	0.066247	-0.947781	-1.105382	0.263535	0.771883	-0.751098	-0.551174	-0.264631	-0.741480	2.064146	1.472116	1.128585	-1.662228
-0.032178	-0.047583	1.609945	1.814166	0.170678	0.107391	0.304722	-0.549475	-0.476752	1.195388	-0.113455	1.009312	-0.723186	0.046527	1.862057	0.521265	-0.312496	-0.002502	-0.470189	-0.271540	0.198389	1.045504	-0.111892	-0.040080	-0.572305	0.075861	1.771972	1.425020	-0.121695	1.934831	0.920211	0.540748	-0.446091	0.087048	-0.065884	0.249414	0.045044	-0.144696	0.757442	-0.586593	0.324216	-0.959821	0.789545	0.738964	-0.720284	-1.564015	0.580810	0.729858	0.562643	2.083505	0.691312	0.649936	1.987462	0.576867	-0.123497	-0.562464	-0.025924	0.475123	0.865042	0.492952	1.853424	1.520211	0.032689	-0.021460	0.853331	0.891931	1.787725	1.502362	1.584784	0.926665	0.077279	0.823678	2.051837	1.074106	0.952317	1.753497	0.482867	0.551575	0.001657	-0.249439	0.304312	0.165922	0.491949	-0.374185	0.044539	0.306937	1.777851	0.921953	0.153838	0.413486	0.350283	-0.112804	-0.092331	0.084090	0.673527	0.968728	0.797606	0.853482	-1.050735	-0.533953	1.168733	-0.060102	0.493789	0.193008	0.368403	-1.094414	1.920913	0.632655	0.272582	-1.111707
1.007625	0.146068	1.094969	0.279871	0.908888	0.890397	1.085832	-0.111028	0.019996	1.226121	-0.091780	0.588772	-0.558396	0.694891	1.587157	-0.023814	-0.924093	-0.360479	-1.305762	-0.884423	0.084766	0.843954	-0.073873	0.171593	-1.349288	-0.461396	1.550999	1.347453	-0.362671	2.087131	-0.233723	-0.322367	-1.008132	0.037617	-0.712567	0.166204	-0.165341	-0.242419	0.314735	-1.485734	0.816073	-1.140167	0.689756	0.302628	-1.100924	-1.661761	1.320985	0.881324	1.162307	2.416026	0.953871	0.570113	0.943171	1.184849	0.921204	-0.005737	0.447328	1.224288	0.866954	0.780170	1.599357	0.864432	0.339740	0.225150	1.800235	1.048281	1.031662	1.222777	0.622878	0.788866	-0.526615	0.184511	1.597285	0.733707	-0.493789	1.192923	-1.382375	-0.740328	-1.301589	-1.198783	0.095727	-0.283888	-0.473806	-1.016314	-0.173884	0.499396	1.552157	1.047509	0.562056	0.870472	-0.693327	-0.473008	0.760449	0.378908	0.298690	0.452777	0.443408	1.312857	-0.713383	0.409217	1.061336	-0.422738	0.549339	0.378266	0.784336	-0.646986	1.088170	0.298331	0.095752	-0.043960
1.263714	0.797520	0.837487	-0.109271	0.831806	1.205700	1.137215	0.573994	-0.137842	1.247057	-0.561964	0.103320	0.273077	1.636747	0.695437	-0.326229	-1.368846	-0.129742	-1.419592	-0.563538	-0.375971	0.697150	-0.594642	0.620609	-1.915356	-0.643208	0.423942	0.659490	-1.285086	2.054697	-1.792628	-1.551794	-0.380290	0.671301	-0.883944	0.401814	-0.438753	0.158235	-1.076113	-1.587634	0.276848	-0.768309	0.271869	-0.057558	-1.575516	-1.449911	1.828478	0.930798	1.429460	1.772851	0.707771	0.180843	-0.633354	1.408968	1.242564	0.506271	0.452822	1.256356	0.683968	1.049500	0.942624	0.365579	0.619166	0.476936	1.970209	1.194100	0.434488	0.872852	-0.022721	1.259534	-0.824998	-0.327901	0.847474	0.737308	-1.793410	1.076738	-2.700179	-0.660192	-2.598699	-1.843957	-0.628123	-0.780241	-0.460092	-0.468277	0.225941	1.416825	1.341369	1.729198	1.121300	1.893334	-0.373624	0.421255	1.262071	0.521572	-0.493224	-0.272889	-0.215327	1.067545	-0.024049	1.104319	0.667315	0.190144	-0.254018	0.171541	0.820840	0.273755	-0.174975	1.023411	0.690782	0.539980
1.085168	0.975219	0.957368	0.612256	0.634201	0.765076	0.823806	0.567071	-0.185419	0.732185	-0.729231	-0.574550	1.548210	2.062896	0.394459	0.126797	-1.158970	0.756855	-0.322928	0.615129	-0.614582	0.744939	-0.698703	0.917150	-1.428140	-0.516775	-0.826768	-0.152139	-1.868275	1.511991	-2.201403	-1.637657	1.051031	1.515941	0.213067	0.900045	-0.432082	0.674981	-1.863907	-1.058949	-0.324504	-0.712621	0.155199	-0.093453	-1.598222	-0.829030	1.489717	0.698347	0.645323	0.280570	0.497247	-0.074869	-1.435357	0.789104	1.288239	0.629754	0.649751	0.937100	0.808959	0.873719	0.561481	0.091912	0.783825	0.466694	1.500839	0.842700	0.165452	0.345777	0.125378	1.728089	-0.179986	-0.202384	0.505935	1.094892	-1.697433	0.952907	-2.105088	0.271042	-2.523112	-1.670120	-0.841424	-0.667446	0.462568	0.881736	1.054635	2.477392	1.212972	2.273299	1.698594	2.551231	1.082281	1.897226	0.898705	0.297351	-1.023499	-0.814360	-0.144089	0.493021	0.803826	1.040832	0.744992	1.157456	-0.627900	0.236195	0.683616	1.156544	-1.338828	1.940180	1.157871	0.238486
1.151421	0.197685	0.816752	1.079166	1.039788	0.076329	0.771892	-0.091629	0.481657	-0.262121	-0.078524	-1.215425	2.576915	1.687276	0.924884	0.889911	-0.340998	1.704905	1.402645	1.708625	-0.266903	0.785819	0.126572	0.771412	0.200798	-0.208456	-1.415204	-0.640231	-1.454902	0.501358	-1.263924	-0.359589	2.076780	1.894287	1.908774	1.259016	-0.243776	0.743073	-0.992617	-0.507757	0.038905	-1.123925	0.665936	0.191600	-0.929753	0.150595	0.362322	0.196012	-0.763310	-1.107684	0.730638	0.038111	-1.097200	-0.248808	1.619030	0.480705	1.093128	0.587449	1.309460	0.407520	0.717877	0.033958	0.708384	0.155088	0.914046	-0.124374	-0.025315	-0.363625	0.703848	1.417411	1.037919	0.391395	0.547890	1.302632	-0.485248	0.284921	-0.207052	0.851358	-1.077231	-0.740754	-0.130525	-0.115754	1.304501	1.866481	1.733305	2.778601	0.904405	1.927309	2.205535	2.310895	2.417755	2.538012	-0.142345	-0.217102	-0.912018	-0.948943	0.789580	0.394908	1.445725	0.452545	1.145560	1.331839	0.063852	0.798831	0.639148	1.699859	-1.799528	1.845112	0.699903	-0.364552
1.561504	-0.976825	-0.003342	0.409172	1.750601	-0.409896	1.041052	-0.644837	1.407347	-1.177434	0.926222	-1.588674	2.569661	0.791327	1.483517	1.153640	0.645694	1.866695	2.536713	1.811224	0.503440	0.600875	1.379048	0.318177	1.898386	0.020488	-1.151760	-0.644471	-0.312694	-0.345245	-0.131776	1.007360	1.771700	1.493001	2.525458	0.995779	-0.319716	0.240592	0.942999	-0.429520	1.211261	-1.367285	1.339083	0.529413	0.124111	1.029393	-0.736261	-0.247046	-1.686985	-1.501562	1.079427	0.266099	-0.454119	-0.762516	2.079615	0.292091	1.154302	0.132489	1.590664	0.119749	0.925921	0.014999	0.291820	-0.205309	0.553269	-1.176242	-0.233082	-0.953332	1.227007	0.406819	1.907323	0.896768	0.340842	0.903347	0.711605	-0.615920	1.394099	0.650882	0.561069	0.397132	0.805997	0.166777	1.225963	1.738449	1.679265	1.951976	0.190985	0.769426	2.241584	1.347476	2.469112	1.557960	-1.057116	-0.596327	-0.390213	-0.698349	1.673371	1.028564	1.558469	0.041349	1.192039	0.392718	1.040576	1.300198	0.708512	1.695144	-1.332307	0.650798	-0.343237	-0.544544
1.754629	-1.676159	-0.950735	-0.843138	1.833755	-0.884779	1.093904	-0.817951	1.544684	-1.701110	1.317173	-1.930676	1.319180	-0.319314	1.485489	0.730233	1.304987	0.931616	2.211068	0.860329	1.183186	0.248357	2.029808	-0.053081	2.195102	-0.272140	-0.324924	-0.275147	0.686731	-0.382508	0.119022	1.030255	0.267760	0.438583	1.081560	-0.152290	-0.891888	-0.554762	2.227656	-1.071357	2.029710	-1.245692	1.332715	0.477493	0.974158	1.076200	-1.063240	-0.367189	-1.571495	-0.911280	0.864604	0.051675	-0.358296	-0.335071	2.010900	0.021820	0.370489	-0.605194	1.038449	-0.009438	0.485482	-0.396975	-0.396632	-0.356958	0.470610	-1.613007	-0.044899	-0.828381	1.526625	-0.479840	1.894730	0.921159	-0.216810	0.270952	1.218313	-0.951284	1.769265	0.171423	1.355209	1.139997	0.942711	-0.212145	0.258888	0.687119	0.721385	0.420051	-0.771483	-0.434890	1.463747	0.172561	1.125871	-0.436539	-1.210061	-0.528152	0.019027	-0.252866	1.646287	1.700371	1.073551	0.208011	0.730796	-0.617221	1.020041	1.092648	0.694198	1.001901	-0.354385	-0.478493	-0.744116	-0.431967
1.268556	-1.672923	-1.039598	-1.458631	0.995290	-1.590936	0.555960	-1.041301	0.591068	-1.957146	0.779610	-2.498251	-0.360681	-1.387972	1.288989	0.256465	1.293464	-0.455597	0.714687	-0.321114	1.318043	-0.055643	1.574311	-0.060714	0.710284	-1.221065	0.710326	0.242213	0.857097	0.265294	-0.390270	-0.355664	-1.338258	-0.795554	-1.468739	-1.760754	-1.541825	-1.239909	1.767881	-2.237927	1.682611	-1.376866	0.399399	-0.176912	1.235153	0.056083	-0.671057	-0.265630	-0.947195	-0.166566	0.033575	-0.836139	-0.612816	0.386716	1.093927	-0.462295	-0.843951	-1.403723	-0.185106	-0.494941	-0.652976	-1.417699	-1.068354	-0.301706	0.593387	-1.270612	0.882041	0.373857	1.492632	-0.651551	1.249354	0.548604	-0.330196	0.401328	1.170805	-0.503564	1.178076	-0.094142	1.286130	1.248289	0.103411	-0.906107	-0.819773	-0.531278	-0.610379	-0.970923	-1.380566	-1.034295	0.327580	-0.664336	-0.550157	-1.954780	-0.678251	-0.191635	0.079830	0.171687	0.847513	1.488373	0.346973	0.688149	0.344556	-0.408633	-0.319613	0.248339	0.396524	-0.139042	0.398602	-0.458092	0.205847	-0.773277
0.308363	-1.347398	-0.114046	-0.932108	0.009589	-2.013109	-0.261334	-1.420552	-0.530419	-1.948277	0.005071	-2.768122	-1.171039	-1.902652	1.425715	0.459318	0.557123	-1.202068	-0.682339	-0.746598	0.807374	-0.219487	0.565106	0.318575	-1.258452	-2.087415	1.546243	0.635485	0.206872	0.714673	-0.645165	-1.639071	-1.843944	-1.514017	-2.934042	-2.631866	-1.511272	-1.420250	0.177449	-3.039642	0.600078	-1.960721	-0.706403	-0.966619	1.005818	-1.161769	-0.154583	-0.138940	-0.738139	-0.071569	-0.609282	-1.828338	-0.429980	0.354803	-0.241953	-0.917850	-1.475424	-1.627739	-1.206742	-1.378221	-1.666182	-2.438820	-1.345346	-0.181803	0.719085	-0.704732	1.936970	2.048433	0.872753	-0.331038	0.615654	0.242707	0.512195	1.562285	0.874027	0.111800	0.384137	-0.240610	1.047569	0.963476	-0.807513	-1.229813	-1.191742	-1.193467	-1.367630	-1.547124	-1.097942	-0.973823	-0.218680	-0.803222	-1.264354	-1.929532	0.043536	0.051152	0.104821	0.494175	0.108059	0.259558	-0.142620	0.829778	0.495570	0.975803	-1.926109	-0.511939	-0.201903	-1.035152	0.505188	0.466071	1.709217	-1.717757
-0.484906	-0.941482	0.855814	0.120018	-0.176569	-1.203182	-0.686241	-1.220015	-0.672084	-1.289797	-0.180541	-1.722283	-0.546784	-1.318208	1.617632	1.363024	-0.507855	-0.766609	-0.894231	-0.121371	-0.039930	-0.311395	0.007505	0.925142	-1.949853	-1.689955	1.608781	0.638224	-0.637196	0.260447	0.052525	-1.171736	-0.941953	-1.238116	-2.003900	-1.741356	-0.502371	-0.911295	-0.934393	-2.348055	-0.124084	-1.932751	-0.940602	-0.976378	0.690294	-1.209922	0.120060	0.086552	-1.223278	-0.691996	-0.320421	-1.863188	0.271685	-0.701503	-1.180381	-0.759494	-0.854337	-0.799078	-1.326390	-1.724663	-1.597150	-2.349871	-0.993110	0.008539	0.538071	-0.593608	1.866072	2.758959	-0.280995	-0.086857	0.431185	0.423130	1.498876	2.527034	0.372877	0.326274	-0.071985	-0.513183	1.151722	0.729530	-0.726094	-0.799244	-0.656191	-0.967180	-1.046604	-1.246397	-0.179856	-0.591829	0.037812	-0.397533	-0.762458	-0.621347	0.659528	0.227799	0.551451	0.774025	-0.049245	-1.139333	-0.228059	0.180992	0.906062	2.119892	-2.347598	-0.581216	-0.847552	-1.092290	0.133538	1.045924	2.220968	-2.355728
-0.635846	-0.304956	1.000610	0.806086	0.546266	0.963900	-0.386002	0.105817	0.282002	0.173606	0.278067	0.777528	0.761880	0.195863	1.135223	2.214793	-1.120328	0.382212	-0.065824	0.939223	-0.689009	-0.394017	0.234096	1.489184	-0.953292	0.234672	0.600406	0.205893	-0.922823	-0.790402	1.321202	1.037760	0.507887	-0.261729	0.423737	0.480362	0.955660	-0.001929	-0.639016	-0.016502	0.009416	-0.231291	-0.075198	0.155706	0.561554	0.277444	0.259079	0.542384	-1.771763	-1.422804	0.653049	-0.398474	0.692415	-1.908142	-1.172300	0.268686	0.714944	0.812591	-0.670099	-0.632963	-0.340652	-0.775409	-0.127766	0.380426	0.004582	-0.919969	0.352921	1.630542	-1.185660	-0.047635	0.665022	1.018247	1.319213	1.798283	-0.208944	0.335151	-0.009630	-0.707774	1.454261	0.765165	0.499676	0.238131	0.286767	-0.027689	-0.145078	-0.612063	0.415361	-0.161729	0.257226	-0.073393	-0.048888	0.736476	1.178889	0.669649	1.308559	0.992468	0.181924	-1.681807	-0.088243	-1.015104	1.032926	1.908735	-1.083432	-0.020893	-1.110725	-0.428766	-0.236259	0.554529	1.209678	-1.800207
-0.190413	0.593802	0.646896	0.863409	1.395176	3.158965	0.314047	1.785986	1.290301	1.724970	0.772412	3.292231	1.463810	1.579389	-0.034589	2.072485	-0.691750	1.251604	0.641836	1.487539	-0.754027	-0.464778	0.559805	1.640407	0.440079	2.357853	-0.862146	-0.331667	-0.339482	-1.389733	2.110161	3.085778	1.304789	0.500646	2.188962	2.223442	1.972459	0.707023	0.463427	2.510190	0.440466	2.346115	0.988465	1.548440	0.538919	1.997895	0.383624	0.925931	-1.550972	-1.615568	1.296057	1.794008	0.469461	-2.102434	-0.393977	1.539828	2.138822	2.193658	0.060738	1.347306	1.124048	1.236948	0.735472	0.775494	-0.435586	-0.901626	-1.215952	-0.484585	-0.957759	0.061640	0.910561	1.406353	-0.129654	-0.484194	-0.389486	0.595986	0.467474	-0.432425	1.453413	0.879061	1.884410	1.334634	0.958410	1.020601	0.370317	-0.280114	0.122350	0.236022	-0.259918	-0.283030	-0.143106	1.142622	1.498904	1.279318	1.599634	0.912184	0.302317	-1.116668	0.042052	-1.856069	0.772550	0.772872	0.935567	0.529072	-0.744021	0.198541	-0.244157	-0.436266	-0.271876	-0.359417
0.299890	1.334694	0.605878	0.543723	1.393349	3.587397	0.683907	2.376436	1.152811	2.223216	0.737613	3.972246	0.959185	1.793383	-1.024327	0.555283	0.462663	1.149599	0.317202	1.017931	-0.326159	-0.526677	0.182472	1.050192	0.754579	2.919400	-1.564001	-0.566479	0.750613	-0.872007	1.775332	3.029288	1.060632	0.504716	2.039523	2.070859	2.013733	0.906969	1.026982	3.364514	0.302122	3.599039	1.063605	1.771962	0.393695	2.211826	0.316803	0.648178	-0.418843	-1.064594	0.908536	3.050270	0.417226	-0.980325	0.269418	1.912398	2.287858	2.303574	0.298121	2.440473	1.556122	2.143636	0.961917	0.700436	-0.368591	0.059850	-1.268358	-1.787974	0.137458	0.160746	0.649085	0.927841	-1.552880	-2.534889	0.145109	0.880498	0.921066	0.114202	0.895409	0.689585	2.088488	1.766837	1.061767	1.474441	0.146572	-0.383187	-0.545726	0.441533	-1.115298	-0.811640	-0.834772	0.607448	1.232273	1.306765	0.864109	0.339275	-0.030380	-0.163033	0.005094	-1.547771	0.284330	-0.148558	2.150512	0.371363	-0.037677	0.115837	0.112919	-1.012741	-0.992857	0.888554
0.147074	1.453760	0.704072	-0.018937	0.143354	1.745728	0.185554	1.481074	-0.342795	1.306823	0.076424	2.418828	-0.306921	0.814755	-1.211212	-1.659718	1.209708	0.130517	-0.765053	-0.206449	0.107630	-0.582223	-0.747562	-0.211252	-0.062389	1.575845	-0.978606	-0.488230	1.638786	0.298120	0.691425	0.989391	0.385931	0.163305	0.619298	0.495288	1.188478	0.830489	0.440999	2.186244	-0.549949	2.519012	-0.113185	0.416700	0.092828	0.665256	-0.073263	-0.346170	0.900619	-0.041063	-0.225958	2.321396	1.225423	0.615171	-0.071265	0.859678	0.853378	0.982667	-0.002904	1.590521	0.614863	1.491603	0.370075	-0.078805	-0.086992	1.449426	-0.077623	-1.533651	0.666784	-0.301742	-0.317277	-0.391498	-1.849985	-2.935484	0.912770	0.437864	0.771539	0.172316	0.044992	0.050006	0.647205	1.090340	0.710984	1.004763	-0.273345	-0.527990	-0.757120	0.122346	-1.460084	-1.131883	-1.069625	-0.181668	0.203256	0.270289	-0.401929	-0.480164	-0.819294	0.230708	-0.306591	-0.266673	-0.509209	-0.602820	1.741032	-0.607096	0.348194	-0.609830	0.495722	-1.141244	-0.993141	1.442916
-0.781675	0.956604	0.048827	-0.764180	-1.711741	-0.945872	-0.933464	0.139123	-2.035531	-0.146202	-0.794491	0.063480	-1.461962	-0.489320	-0.939896	-3.054425	0.754605	-1.099737	-1.505001	-1.392832	0.170754	-0.558135	-1.268422	-1.473309	-0.766288	-0.308642	0.094255	-0.413257	1.832169	0.972874	-0.193198	-0.991314	-0.079596	0.074186	-0.616224	-0.832721	0.093558	0.743300	-0.579107	0.461358	-1.380118	0.528540	-1.527022	-1.300467	-0.157921	-1.089306	-0.506953	-1.255124	1.505157	0.890628	-1.216433	0.278661	1.970319	1.474470	-1.259573	-0.798114	-1.195555	-0.782687	-0.484696	-0.277993	-0.813922	0.219421	-0.466272	-1.007773	-0.263853	2.023068	0.605287	-0.667814	-0.190088	-1.328887	-1.479053	-1.670126	-1.241349	-1.998208	1.053342	-0.798455	-0.038175	-0.490243	-0.574201	-0.713117	-1.345051	-0.235317	0.092196	-0.076428	-0.310749	-0.401699	-0.437459	-0.725377	-1.156504	-1.068315	-0.475161	-0.694005	-1.026086	-1.129536	-1.100647	-0.967207	-1.573758	-0.137096	-0.768959	0.939697	-1.550657	-1.138222	0.313344	-1.587713	0.106316	-1.191976	0.513660	-1.313964	-1.055352	1.620455
-1.665838	0.262354	-1.183113	-1.204826	-2.755856	-2.441789	-1.640090	-0.586696	-2.276695	-0.941932	-1.121012	-1.343654	-1.876284	-1.320972	-0.844674	-2.507944	-0.332285	-1.694100	-1.177930	-1.794623	-0.016836	-0.370403	-0.814821	-1.890799	-0.415446	-1.276845	0.555578	-0.412639	1.334211	0.509055	-0.331689	-1.331072	-0.409805	0.018275	-0.992313	-1.046982	-0.535483	0.494662	-0.868476	-0.272887	-1.414036	-0.428733	-1.888770	-1.836190	-0.203708	-1.489212	-0.615665	-1.285800	1.160598	1.146896	-1.401891	-1.310643	1.151211	1.124596	-1.949639	-1.560598	-2.191545	-1.644564	-0.743522	-1.409371	-1.563897	-0.638086	-0.771687	-1.231909	-0.909959	1.268272	-0.037605	-0.338157	-1.346297	-1.848970	-1.919804	-1.957024	-0.588411	-0.907244	0.422185	-1.788317	-0.722228	-1.026257	-0.660881	-1.045003	-2.049273	-0.957969	-0.622237	-1.024768	-0.118089	-0.200180	-0.090662	-1.378716	-0.760076	-0.835801	0.108474	-0.884931	-1.523638	-1.627624	-0.839746	-0.837369	-1.472673	-0.541633	-0.881316	1.235430	-2.040521	-1.666400	-0.751728	-1.425141	-0.274650	-0.880313	0.161607	-1.379328	-1.203913	1.594753
-1.487210	-0.187998	-1.539946	-0.789293	-2.063097	-1.987742	-1.126412	-0.655920	-0.696459	-0.757110	-0.461141	-1.304259	-1.418301	-1.466336	-0.940921	-0.654730	-0.727160	-1.355735	-0.181710	-1.285169	-0.064870	-0.097789	0.089259	-1.263423	0.524006	-1.170597	0.342361	-0.190548	0.571872	-0.540009	-0.012455	-0.566278	-0.847077	-0.523288	-0.845726	-0.739326	-0.339898	-0.064693	-0.152248	-0.041307	-0.685414	-0.180532	-1.043541	-1.054914	-0.122213	-0.680535	-0.471900	-0.646421	0.446237	0.592054	-0.818281	-1.378642	-0.819336	0.232189	-1.121146	-0.845689	-1.368652	-1.138039	-0.649195	-1.243243	-1.370888	-0.973873	-0.485872	-0.670104	-1.221635	0.098052	-0.888416	-0.493045	-1.201253	-1.038108	-1.324852	-1.248470	-0.265273	-0.264857	-0.202091	-1.597246	-0.507809	-0.635674	-0.367734	-0.735217	-0.863578	-0.366742	-1.068241	-1.232670	-0.169253	-0.249218	0.080094	-1.087154	-0.593962	-0.571902	-0.098397	-0.876845	-1.023243	-0.969293	-0.304619	-0.418628	-0.315637	-0.282805	-0.287372	0.771147	-1.225056	-1.354014	-0.692353	-0.065807	-0.119740	0.161885	-0.117360	-0.766260	-0.770504	1.109951
-0.404778	-0.214127	-0.489449	0.099722	-0.411059	-0.646356	0.050967	-0.483890	1.018169	-0.229686	0.566328	-0.575400	-0.498495	-1.037420	-0.798537	0.544679	-0.113631	-0.608840	0.449484	-0.454097	0.140624	0.044020	0.540432	-0.292975	0.874855	-0.701838	0.187314	0.297188	0.120955	-1.009572	0.166695	-0.150491	-0.997548	-1.088495	-0.587590	-0.609067	0.260858	-0.487106	0.671380	0.171088	0.074532	0.144837	-0.103201	-0.169965	-0.023825	0.018666	-0.404538	-0.207649	0.050728	-0.178768	-0.069936	-0.506823	-1.668223	-0.185974	0.342776	0.287357	0.120909	-0.128574	-0.403629	-0.628634	-0.866816	-1.070232	-0.251671	-0.129092	-0.732613	-0.299511	-0.702011	-0.409736	0.003677	0.233427	-0.431688	-0.437068	-0.139121	0.016206	-0.171660	-0.608059	0.245308	0.166051	-0.058580	-0.167391	0.658612	0.654487	-0.841912	-0.706788	-0.393302	-0.402358	0.210646	-0.190506	-0.430872	-0.217464	-0.611640	-0.664168	-0.264955	-0.205466	-0.177146	-0.169976	0.775372	0.307234	0.496175	0.257307	0.189245	-0.221864	-0.072914	0.991303	0.408378	0.857335	-0.001073	0.189905	0.134553	0.286167
0.237612	-0.008279	0.511149	0.384707	0.403277	0.042061	0.449304	-0.204970	0.933823	-0.064566	0.753229	-0.071945	0.144846	-0.303444	-0.311251	0.138002	0.384567	-0.193112	0.229032	-0.002692	0.313426	-0.028874	0.331097	0.183339	0.286208	-0.319611	0.331300	0.548172	0.221978	-0.441312	0.050276	-0.318273	-0.372975	-0.671825	-0.252232	-0.457145	0.453990	-0.200042	0.657793	0.012891	0.286668	0.071293	-0.024828	-0.048773	0.135498	-0.011339	-0.406756	-0.279471	0.026281	-0.410881	0.210578	0.032559	-0.448969	0.041391	0.558398	0.418388	0.476952	0.189192	-0.268236	-0.320264	-0.569436	-0.823552	-0.388138	-0.157198	-0.071990	0.045465	0.113228	0.023296	0.514286	0.410707	-0.080451	-0.162082	-0.120679	0.047901	0.215424	0.024302	0.454340	0.272228	0.119945	0.142073	0.645972	0.682191	-0.097107	-0.024027	-0.300641	-0.248325	0.217517	0.191449	-0.097661	0.125863	-0.464252	-0.266128	-0.039385	-0.169082	-0.251941	-0.112400	0.527093	0.296128	0.501903	0.065050	0.617457	0.464832	0.039083	0.474076	0.446442	0.417766	0.243369	0.398089	0.486096	-0.215669
-0.256893	0.038583	0.196737	-0.149122	-0.176736	-0.272315	-0.303612	0.064487	-0.523897	-0.321866	-0.058139	-0.085223	0.104657	0.184101	0.127457	-0.610587	-0.034788	-0.240797	-0.283125	-0.041371	0.211978	-0.158278	-0.012346	0.090756	-0.404804	-0.079656	0.299623	0.227420	0.473668	0.361312	-0.043301	-0.216356	0.478970	0.423124	0.036019	-0.037057	0.057311	0.468680	0.004962	-0.079104	0.055962	0.031372	-0.494701	-0.320388	0.346691	-0.198668	-0.240621	-0.361942	-0.076682	-0.153198	-0.030786	-0.146251	0.876392	0.181274	-0.652703	-0.369566	-0.394686	-0.282236	-0.286448	-0.218077	-0.434093	-0.252890	-0.472631	-0.359602	-0.069497	0.192275	0.358754	0.273995	-0.229604	-0.459693	-0.173891	-0.179052	-0.194394	-0.096032	0.288793	-0.138198	-0.085967	-0.296290	0.293642	0.130565	-0.542449	-0.214815	0.389118	0.239578	0.100234	0.124771	-0.055805	-0.239252	0.142579	0.136706	0.190780	0.050211	-0.241377	-0.427836	-0.041419	-0.023369	-0.572282	-0.365686	-0.279709	0.031746	-0.131508	0.076552	-0.502870	-0.740701	-0.202712	-0.543333	0.185757	-0.243321	0.008802	-0.146479
-0.878531	-0.166641	-0.518905	-0.479443	-0.763385	-0.619631	-0.887537	0.032385	-1.035537	-0.547805	-0.563278	-0.287929	-0.222967	-0.001494	0.162449	-0.223924	-0.603627	-0.341908	-0.314266	-0.152939	-0.003173	-0.194161	-0.033788	-0.020916	-0.378002	-0.069909	-0.062330	-0.209224	0.380933	0.337979	0.100948	0.316060	0.481356	0.661246	-0.024494	0.147871	-0.205373	0.572605	-0.248495	0.094478	-0.122124	0.207310	-0.617385	-0.315412	0.411047	-0.021390	-0.071841	-0.185352	-0.416361	-0.152600	-0.231668	-0.349417	0.363727	-0.189646	-1.312532	-0.652710	-0.798123	-0.520340	-0.346242	-0.085743	-0.370084	-0.038457	-0.240632	-0.246023	-0.525398	-0.156199	-0.066536	0.105439	-0.783540	-0.824029	-0.137470	-0.089111	-0.247246	-0.181085	0.041865	-0.487894	-0.394670	-0.508182	0.491943	0.088472	-0.839510	-0.540253	0.161262	0.073497	0.222369	0.152871	-0.295640	-0.551981	0.050597	-0.204271	0.306071	-0.004123	-0.304762	-0.296469	0.252183	0.040592	-0.795698	-0.624729	-0.671417	-0.061549	-0.522479	-0.369671	-0.790606	-0.774188	-0.586324	-0.692165	-0.065712	-0.558939	-0.292156	0.014010
-0.537021	-0.230066	-0.177552	0.006605	-0.243888	-0.202023	-0.341726	-0.214030	0.186564	-0.396572	0.087932	-0.186739	-0.208225	-0.468616	-0.087774	0.685264	-0.371696	-0.303331	0.051844	-0.073473	-0.032673	-0.220542	0.190280	0.122486	0.122565	-0.245104	-0.249821	-0.157160	0.177549	-0.434679	0.314302	0.520906	-0.272000	-0.294546	-0.293606	-0.222385	0.210230	0.023319	0.303185	0.299334	0.005559	0.383099	-0.285072	-0.096475	0.281157	0.242719	-0.333478	-0.203504	-0.622075	-0.659522	-0.008166	-0.043533	-0.880984	-0.555172	-0.304632	0.172479	0.140620	0.087536	-0.406924	-0.047411	-0.498993	-0.535184	-0.158657	-0.110755	-0.593014	-0.319415	-0.249707	-0.151745	-0.139448	-0.124225	0.006514	-0.058029	-0.275367	-0.133318	0.043137	-0.451794	0.075151	-0.088995	0.499685	0.113110	0.374160	0.345759	-0.243491	-0.055628	-0.116912	-0.268965	-0.071274	-0.159628	-0.151207	-0.413075	-0.299002	-0.320469	-0.204050	-0.074257	0.057868	-0.149618	0.154176	0.000648	-0.025786	-0.187161	0.224756	0.017606	-0.292909	0.346522	-0.059399	0.146728	-0.081116	-0.031872	0.156385	-0.046527
0.104588	0.137651	0.704645	0.532239	0.429513	0.482046	0.297513	-0.190697	1.132492	-0.039068	0.865546	0.291298	0.039034	-0.463251	-0.277375	0.596723	0.143758	-0.367870	0.088760	0.002568	0.044081	-0.412178	0.299417	0.195549	0.266472	-0.264809	-0.031876	0.180262	0.428906	-0.891590	0.346768	0.171035	-0.593266	-0.921699	-0.305730	-0.541375	0.765931	-0.220516	0.820776	0.477332	0.175490	0.587639	-0.220451	-0.160156	0.178835	0.156741	-0.877948	-0.682469	-0.473752	-1.039855	0.232838	0.361444	-0.616313	-0.398914	0.739071	0.928644	1.070398	0.795286	-0.534406	-0.187044	-0.781891	-0.970923	-0.551180	-0.407432	-0.181705	0.095268	0.088062	-0.207392	0.591254	0.348946	-0.193245	-0.347516	-0.454951	-0.213479	0.384427	-0.267497	0.499260	0.090730	0.224902	0.007840	1.292804	1.226259	-0.144335	0.098536	-0.394684	-0.539231	0.322799	0.198427	-0.179248	-0.217870	-0.647765	-0.508924	-0.333458	-0.370602	-0.533644	-0.506892	0.625167	0.503355	0.646049	-0.218624	0.818070	0.465613	0.254843	0.720098	0.542449	0.656242	0.101373	0.336457	0.505153	-0.063874
-0.237103	0.556347	0.516229	0.274650	-0.101647	0.452639	-0.326238	0.085848	0.194905	0.056338	0.451271	0.617231	-0.127118	-0.096510	-0.396774	-0.232627	-0.047255	-0.642534	-0.373191	-0.164522	-0.135819	-0.728836	0.096387	-0.099350	-0.139659	-0.057845	0.130179	0.174168	0.862226	-0.576625	0.162613	-0.099395	-0.194188	-0.384529	-0.184232	-0.366739	0.594131	0.203499	0.456419	0.702177	-0.009391	0.857743	-0.761341	-0.594846	0.110965	-0.217285	-0.996884	-1.041092	-0.294521	-0.846062	-0.057480	0.245560	0.735787	-0.051998	0.028426	0.480915	0.533217	0.578417	-0.745659	-0.367082	-0.963609	-0.677072	-0.865435	-0.782376	-0.097898	0.494923	0.154962	-0.176947	0.040626	-0.290171	-0.644591	-0.678504	-0.758140	-0.483784	0.378602	-0.447942	0.044175	-0.370985	-0.073419	-0.283460	0.552978	0.922274	0.123443	0.188764	-0.347183	-0.341491	0.139859	-0.262700	-0.213463	-0.070970	-0.324031	-0.468055	-0.605576	-0.834416	-0.818699	-0.684438	-0.260740	-0.072384	0.170546	-0.157475	0.040807	-0.067555	-0.033894	-0.289497	0.116080	0.019711	0.018941	-0.193113	-0.014736	0.085760
-1.150823	0.437516	-0.745824	-0.307058	-1.175662	-0.228850	-1.458199	0.014300	-1.099146	-0.238589	-0.556788	0.347451	-0.665742	-0.139082	-0.778734	-0.266127	-0.565893	-0.777920	-0.581493	-0.430723	-0.489286	-0.823021	-0.217145	-0.490770	-0.364991	-0.010599	-0.025989	-0.070919	0.615871	-0.298020	-0.118164	0.005243	-0.101434	0.110368	-0.436561	-0.180558	-0.181984	0.408928	-0.288541	0.770368	-0.399850	0.830035	-1.199648	-0.856554	-0.170420	-0.437690	-0.492406	-0.674694	-0.301656	-0.478158	-0.561812	-0.216767	0.769235	0.007266	-1.347126	-0.484744	-0.700072	-0.338587	-0.879182	-0.495118	-0.927446	-0.242502	-0.509600	-0.536714	-0.689034	0.205116	-0.559691	-0.284494	-1.080122	-0.896413	-0.737429	-0.600222	-0.875010	-0.588761	-0.373059	-0.860514	-0.687104	-0.602008	-0.158303	-0.452508	-0.622887	0.060051	-0.226530	-0.141164	-0.401748	-0.150595	-0.606572	-0.968878	-0.526648	-0.338776	-0.165867	-0.455075	-0.473748	-0.632886	-0.519380	-0.533241	-1.136777	-1.054318	-0.842064	-0.153168	-1.121296	-1.015924	-0.758790	-1.015191	-0.903896	-0.727276	-0.337830	-0.764277	-0.729360	0.085101
-1.051486	-0.146524	-1.436082	-0.334390	-1.039934	-0.595188	-1.191662	-0.459962	-0.395102	-0.476542	-0.520555	-0.156566	-0.658901	-0.522255	-1.431147	0.517526	-0.273741	-0.446147	0.030895	-0.427881	-0.356442	-0.335260	-0.220980	-0.451173	0.191122	-0.182826	-0.049767	0.218267	-0.228387	-0.690401	-0.355721	0.031174	-0.636224	-0.404834	-0.752509	-0.258800	-0.590281	-0.129502	-0.219850	0.510081	-0.316524	0.367574	-0.659760	-0.337809	-0.456659	-0.109502	-0.006935	0.106048	-0.099247	-0.359531	-0.466519	-0.339209	-0.919369	0.034138	-1.066630	-0.568953	-0.834633	-0.827850	-0.686360	-0.486710	-0.695838	-0.374396	0.143923	0.246467	-1.234115	-0.543539	-1.364242	-0.478718	-1.003541	-0.087945	-0.290927	-0.145012	-0.685735	-0.380877	-1.152057	-0.769578	-0.521553	0.165981	-0.132916	-0.173223	-0.466460	-0.067412	-0.915373	-0.539410	-0.723527	-0.300612	-0.978773	-0.793230	-0.829890	-0.455796	-0.688131	-0.497047	0.136518	0.161064	-0.074691	-0.160083	-0.630272	-1.114958	-0.822009	-0.307779	-0.908475	-1.033024	-0.810388	-0.270000	-1.091039	-0.284580	-0.322140	-0.324396	-0.587266	-0.157134
0.167609	-0.593756	-0.710304	0.097626	0.330734	-0.336727	0.498022	-0.581023	1.606829	-0.291413	0.575314	-0.255272	0.264822	-0.307049	-1.673471	0.519313	0.704301	0.136012	0.859080	-0.050299	0.474820	0.564493	0.153156	0.125231	0.961143	-0.100026	0.325262	1.131961	-0.561902	-0.952406	-0.421018	-0.267569	-0.618581	-0.839631	-0.288033	-0.033718	-0.194678	-0.501642	0.668657	0.143300	0.421766	-0.048478	0.571632	0.760549	-0.105666	0.668060	0.009980	0.543484	0.557394	-0.232131	0.224434	-0.004794	-2.047244	0.378845	0.586622	0.122766	0.129465	-0.533845	-0.164950	-0.185772	-0.250572	-0.605729	0.328411	0.774383	-1.061535	-0.974252	-1.227285	-0.407675	0.329749	1.361291	0.222694	0.300364	-0.387757	-0.164108	-0.960332	0.153404	0.463333	1.253692	-0.096469	0.455569	0.491348	0.397538	-0.762201	-0.316185	-0.694229	-0.313522	-0.481817	0.232965	-0.582677	0.188074	-1.028558	-0.234285	0.619982	0.665923	0.174828	0.313100	0.457887	-0.240311	0.263386	-0.484978	0.500109	-0.006400	-0.133795	0.747621	-0.155395	0.726376	0.386954	0.658259	0.257386	-0.316767
0.785024	-0.684081	0.484631	0.272133	1.137229	-0.219056	1.493990	-0.050799	1.905432	-0.054916	0.999492	-0.095474	1.121050	0.600607	-0.796688	-0.653687	1.007024	0.443301	0.809081	0.390717	1.145786	1.061190	0.386149	0.754192	0.750718	0.277780	0.498500	1.593558	-0.002437	-0.033676	-0.255691	-0.435677	0.602396	0.069086	0.704936	0.628169	0.348398	0.186949	0.985437	-0.148310	0.936453	-0.158297	1.154338	1.314554	0.846071	1.158845	-0.043059	0.447562	0.940156	0.177378	0.577530	0.172105	-1.137675	0.528543	0.984769	0.196478	0.471833	-0.267988	0.282996	0.275357	0.277735	-0.244707	0.036387	0.618058	-0.494326	-0.786883	-0.096195	0.206859	1.123815	1.438517	0.451085	0.520716	-0.068097	-0.048929	0.100741	1.173667	0.997436	1.316177	0.194831	0.949357	0.372925	0.214740	0.492023	0.514582	0.070603	0.227767	0.154417	0.949743	0.159640	0.941389	-0.299769	0.400969	0.539397	0.500333	0.413714	0.716236	0.484625	0.340147	0.718886	-0.429590	1.262339	0.947548	0.137121	0.408997	0.626177	0.545795	1.078151	0.921889	0.825685	-0.336656
-0.047657	-0.684494	0.978275	0.043975	0.500261	-0.630832	0.604207	0.409547	-0.318354	-0.314706	-0.018301	-0.306627	0.894773	1.059576	0.907612	-1.347999	0.120085	0.300716	-0.173383	0.534247	0.821673	0.549585	0.088385	0.879422	-0.555954	0.297359	-0.043476	0.734830	0.505200	1.445271	0.040068	-0.078492	1.770671	1.481764	0.961106	0.826297	0.316338	1.216976	0.022083	-0.489405	0.454227	-0.324444	0.396581	0.559257	1.395698	0.714634	0.259912	0.188565	0.211062	0.444459	0.148977	-0.126823	0.560627	-0.138109	-0.687028	-0.703087	-0.427959	-0.518953	0.281880	0.438662	0.511732	0.313680	-0.141343	0.108751	-0.113942	-0.344271	1.080490	1.042414	0.414413	-0.159606	0.536679	0.540124	0.341127	0.226599	0.957839	1.218037	0.426465	0.131839	0.844597	0.909636	-0.921217	-0.785869	1.574142	1.108292	0.918039	0.811934	0.131274	0.666385	0.772104	0.694610	0.900511	0.842925	0.129663	0.112824	0.731150	0.741557	-0.508386	0.032216	-0.242543	-0.096134	0.595246	1.091957	-0.508472	-0.860513	0.316484	-0.936290	0.827584	0.240125	0.718023	-0.502078
-0.873371	-0.558410	0.751970	-0.134246	-0.340661	-0.733304	-0.733131	0.256768	-2.263261	-0.738509	-1.011400	-0.716876	0.040493	0.476369	2.097962	-0.490498	-0.804574	0.029454	-0.907480	0.353168	-0.035429	-0.438315	-0.275397	0.462455	-1.513103	-0.224047	-0.645389	-0.749020	0.296269	1.756919	0.250986	0.445421	1.434945	1.621971	0.189579	0.126439	-0.073121	1.187383	-0.959071	-0.758372	-0.376450	-0.590891	-0.719748	-0.700560	0.864738	-0.296687	0.521630	-0.031016	-1.073920	0.065033	-0.290998	-0.360065	1.246657	-0.972238	-1.934600	-1.157830	-1.047551	-0.542883	-0.001605	0.195233	0.263253	0.298780	-0.066277	-0.295852	0.224055	0.035350	1.435950	1.227603	-0.556933	-1.498703	0.573475	0.361270	0.613027	0.565611	0.957526	0.228133	-0.437191	-1.060762	1.233251	0.378883	-1.445678	-1.239389	1.317509	0.841163	1.003036	0.714898	-0.164292	-0.064774	0.870224	-0.245311	1.247738	0.606162	-0.187817	-0.128903	0.692138	0.256416	-0.950942	-0.321972	-1.119536	0.282809	-0.271737	0.670115	-1.038602	-1.292738	-0.357662	-1.707985	-0.178546	-0.433304	0.345375	-0.668844
-0.217125	0.020634	0.395420	-0.055267	-0.125236	0.147538	-0.699933	-0.066976	-1.443265	-0.496545	-0.502944	-0.478193	-0.280771	-0.294868	1.678132	0.733904	-0.646886	-0.073904	-0.541551	0.071751	-0.343378	-0.779362	-0.038351	-0.047879	-0.942623	-0.542538	-0.335126	-1.324336	-0.060773	0.475758	0.197470	0.474805	0.001207	0.350589	-0.472014	-0.569143	-0.163134	0.039062	-0.514117	-0.492185	-0.350591	-0.374503	-0.857856	-0.998613	-0.190315	-0.846929	0.158678	-0.295599	-1.409833	-0.624997	0.004862	-0.023478	0.824504	-0.733079	-0.704280	-0.171935	-0.177143	0.302141	-0.131755	-0.024099	-0.182369	-0.154733	-0.146841	-0.481688	0.809096	0.368217	0.923457	0.372325	-0.352779	-1.057192	0.309830	-0.017276	0.352795	0.429184	0.421602	-0.687260	-0.584488	-1.075771	0.636568	-0.247790	-0.221474	-0.306335	0.117200	0.042376	0.378814	0.085323	0.066304	-0.389156	0.595931	-0.497213	0.456277	-0.032908	-0.313421	-0.336135	0.009833	-0.374769	-0.136956	0.110603	-0.402718	0.439588	-0.150531	0.143360	-0.464031	-0.317222	-0.254768	-0.514122	-0.800071	-0.382228	0.098440	-0.336937
0.934449	0.675309	0.074108	0.064942	0.485945	1.072456	0.212142	-0.091243	0.754626	0.257343	0.680954	0.359114	-0.020554	-0.408050	0.058955	0.818245	0.109066	-0.106253	0.276009	-0.153384	-0.028812	-0.291349	0.454296	-0.289393	0.336248	-0.223995	0.513043	-0.535007	-0.044440	-0.911099	-0.151801	-0.068355	-0.973531	-0.816397	-0.378795	-0.465787	0.011647	-0.876145	0.639828	0.217971	0.356983	0.324929	-0.197619	-0.237566	-0.793678	-0.571955	-0.493129	-0.480672	-0.424776	-0.806787	0.470422	0.391784	0.150647	0.369568	1.301959	1.005099	0.978720	1.078622	-0.117330	-0.040779	-0.457542	-0.383342	-0.420163	-0.436342	1.032062	0.495460	0.068390	-0.628200	0.418368	0.351399	-0.278382	-0.378230	-0.257999	-0.149817	-0.194882	-0.636171	-0.233679	-0.138176	-0.556061	-0.558750	1.147632	0.909151	-0.758780	-0.525304	-0.299910	-0.354495	0.509828	-0.226304	0.173964	0.165463	-0.507586	-0.443335	-0.298052	-0.490090	-0.738678	-0.587755	0.732557	0.693496	0.883874	0.240473	0.363234	-0.299310	0.439629	0.739704	0.333772	1.103602	-0.472814	0.099167	-0.020676	0.262026
0.561260	0.456715	-0.369251	0.091504	0.127594	0.643472	0.202130	-0.128817	1.193521	0.411849	0.652863	0.654403	-0.125602	-0.196118	-1.261869	0.075945	0.245753	-0.259615	0.359529	-0.297171	0.022546	0.087760	0.227885	-0.314219	0.604077	0.130394	0.558632	0.547992	-0.139784	-1.030754	-0.632404	-0.614144	-0.830643	-0.835863	-0.257427	-0.047958	-0.162052	-0.627162	0.578355	0.544320	0.417924	0.546543	0.001748	0.276846	-0.715817	-0.098647	-0.533273	-0.264976	0.605283	-0.270825	0.066006	0.068469	-0.470840	0.767880	1.061615	0.518487	0.515822	0.411365	-0.328983	-0.229706	-0.508424	-0.265615	-0.361663	-0.080662	0.093478	0.041225	-0.620661	-0.551106	0.148682	0.962601	-0.671354	-0.408306	-0.489321	-0.356686	-0.856343	0.044243	-0.308350	0.600225	-1.095621	-0.419193	0.750233	0.842662	-0.730872	-0.547870	-0.662946	-0.318294	0.176345	-0.062461	-0.296429	0.481621	-0.746941	-0.417076	-0.100518	-0.251351	-0.711871	-0.246639	0.301234	0.231720	0.594700	-0.256486	0.027192	-0.533291	0.178065	0.536496	0.193720	0.890537	0.135050	0.366930	-0.079378	0.211272
-1.064242	-0.537197	-0.751582	0.110225	-0.946108	-0.732088	-0.833190	-0.440693	-0.383572	-0.256049	-0.587246	0.022238	-0.725278	-0.207930	-1.373478	-0.316087	-0.332440	-0.400029	-0.273847	-0.316251	-0.451041	-0.136131	-0.650777	-0.301965	-0.253100	0.004335	-0.364865	0.845879	-0.664233	-0.224393	-0.915847	-0.697888	-0.204306	-0.154438	-0.574781	0.004320	-0.690455	0.219125	-0.767351	0.154119	-0.420266	-0.080182	-0.509989	-0.063363	-0.414411	0.017217	0.107694	0.243530	0.675389	0.382365	-0.928821	-0.738616	-0.981357	-0.010021	-1.079311	-1.154997	-1.111879	-1.151633	-0.667803	-0.643970	-0.407709	-0.107747	0.160767	0.401345	-1.329587	-0.732968	-0.880148	0.401594	-1.048508	0.453234	-0.510562	-0.125392	-0.099542	0.112924	-1.379278	0.481687	-0.849794	0.574157	-0.611508	-0.083672	-0.830905	-0.283518	-0.242264	-0.273325	-0.694666	-0.071779	-0.761065	-0.084198	-0.587039	-0.074465	-0.321391	-0.178649	0.195934	0.307640	-0.024197	0.211291	-0.908945	-0.960239	-1.061159	-0.694089	-0.948813	-0.466657	-0.998609	-0.487678	-0.694412	-0.765764	0.250663	0.277913	-0.073222	-0.525091
-1.478516	-0.878080	-0.618478	0.148154	-1.111205	-1.132067	-1.089019	-0.513801	-1.193805	-0.535014	-1.100068	-0.440853	-0.754694	-0.171755	-0.671188	-0.171952	-0.573655	-0.205005	-0.475173	-0.137801	-0.653404	-0.281510	-0.910740	-0.241651	-0.638628	-0.153583	-0.842054	0.417563	-0.864590	0.285346	-0.718124	-0.407991	0.166705	0.286637	-0.536659	-0.028722	-0.766245	0.511561	-1.337699	-0.222735	-0.813515	-0.579281	-0.591016	-0.347573	-0.266334	-0.042303	0.497455	0.450969	0.282514	0.548677	-1.079751	-0.861761	-0.882949	-0.564591	-1.728888	-1.579321	-1.496732	-1.463304	-0.473890	-0.632420	-0.096043	0.055164	0.518985	0.518254	-1.435477	-0.832190	-0.645733	0.747045	-1.308002	-0.031812	-0.129188	0.092387	0.305185	0.476563	-1.167504	0.389482	-0.888448	0.242939	-0.126755	0.025018	-1.305948	-0.797965	0.092260	-0.020696	-0.356267	0.162222	-0.888380	-0.011073	-0.359227	-0.375457	0.177838	0.098000	0.273219	0.503319	0.328101	0.277768	-1.112011	-1.175610	-1.533966	-0.576859	-1.112579	-0.234954	-1.173490	-0.767798	-0.915811	-1.278300	-0.006512	0.146265	-0.072462	-0.732600
0.273529	0.082592	0.076529	0.152388	0.178616	0.128333	0.233890	0.012342	0.131655	0.250770	-0.019879	-0.008626	0.267462	0.264443	0.148703	0.030550	0.012632	0.358207	0.251006	0.205429	-0.136054	0.178883	-0.009978	-0.076533	0.225449	0.113923	-0.128635	-0.186274	-0.233620	0.078608	-0.095184	-0.027476	0.191556	0.232150	0.391642	0.287878	-0.044538	-0.023861	-0.165593	-0.045031	-0.039297	-0.270669	0.343697	0.107716	-0.277734	0.033297	0.154732	0.118050	0.150092	0.229535	0.097065	0.087904	0.013165	-0.002068	0.456541	0.118994	0.208359	0.184336	0.457991	0.106518	0.435969	0.344597	0.336167	0.116027	0.248719	0.091302	-0.064638	-0.124959	0.109886	0.167742	0.083774	0.044666	0.290056	0.194643	-0.096445	0.034878	-0.015697	0.085676	-0.348095	-0.209569	0.076515	-0.030534	0.142717	0.131367	0.312379	0.382277	0.323757	0.317576	0.376709	0.326236	0.461171	0.399106	0.009260	0.037815	-0.090424	-0.090070	0.234603	0.190826	0.213261	0.147254	0.032194	-0.024651	0.380104	0.204749	0.153243	0.339504	-0.214702	0.162892	-0.149888	0.178098
