X1	X2	X3	X4	X5	X6	X7	X8	X9	X10	X11	X12	X13	X14	X15	X16	X17	X18	X19	X20	X21	X22	X23	X24	X25	X26	X27	X28	X29	X30	X31	X32	X33	X34	X35	X36	X37	X38	X39	X40	X41	X42	X43	X44	X45	X46	X47	X48	X49	X50	X51	X52	X53	X54	X55	X56	X57	X58	X59	X60	X61	X62	X63	X64	X65	X66	X67	X68	X69	X70	X71	X72	X73	X74	X75	X76	X77	X78	X79	X80	X81	X82	X83	X84	X85	X86	X87	X88	X89	X90	X91	X92	X93	X94	X95	X96	X97	X98	X99	X100	X101	X102	X103	X104	X105	X106	X107	X108	X109	X110
0.170936	-0.095176	0.222450	0.295141	0.038728	0.268572	0.142234	0.156683	0.105377	0.208417	0.274914	0.273759	0.094981	0.139863	0.278074	0.106391	0.322773	0.444710	0.131311	0.204746	0.038144	0.133819	0.032160	0.002010	0.128434	0.145479	-0.013373	-0.323889	0.003719	0.343611	-0.047850	-0.046885	0.134667	0.116683	0.147503	0.161556	0.269031	0.307283	0.285470	0.243354	0.024465	0.162717	0.042527	0.251180	-0.016837	0.108996	-0.084967	-0.045423	0.195519	0.017950	0.225245	0.061431	0.127447	0.015072	0.106635	0.100671	0.185114	0.062175	0.137747	0.069603	0.104532	0.070720	-0.193928	-0.112957	0.177628	0.125481	0.156408	0.224291	0.367973	0.234115	-0.005467	0.083240	-0.044599	-0.171884	0.040633	-0.171598	-0.051118	-0.018765	0.065635	0.210125	0.314307	0.227064	0.286636	0.335621	0.418453	0.273682	0.129478	0.308856	0.312389	0.486826	0.375466	0.467843	-0.240424	-0.148751	-0.047287	-0.081603	-0.039142	0.370583	0.313828	0.018978	-0.046795	0.049348	0.138472	0.224040	0.371681	0.123717	-0.053131	0.324366	0.167257	0.144321
-0.627802	0.123544	0.349116	-0.229244	-0.434938	0.708075	-0.572286	-0.561864	0.407994	1.095852	0.292289	0.734466	-0.454210	-0.240934	0.576670	0.950911	1.099250	0.721495	0.363148	0.232976	-0.430627	0.892594	-0.729531	-0.201932	0.147203	0.535320	-0.658810	0.758390	-0.801767	0.730458	0.532530	1.137265	-0.443278	-0.263285	-0.705953	0.008188	0.384319	0.477468	-1.118822	-0.618050	-0.924049	-0.897539	-0.455669	-0.819148	0.007654	-0.171146	0.145365	-0.010388	0.342680	0.895604	0.197788	0.370464	0.556752	0.645079	-0.442788	-0.124364	0.097231	-0.568386	-0.081622	-0.131869	-0.221072	-0.323057	-0.278945	-0.182073	-0.030236	0.316566	0.320941	1.305777	1.180118	0.471406	0.470146	0.318393	1.356788	1.488204	1.424521	0.704503	1.503802	1.155052	0.365656	0.843922	0.745716	0.315417	0.178674	0.281896	-0.023863	-0.287804	0.701863	0.246260	1.342163	0.691053	0.937982	0.202042	-0.165895	-0.337980	0.493222	0.915402	0.821970	0.604102	0.013949	0.605119	0.496372	1.637648	0.720908	1.427489	0.285409	0.083719	0.548304	1.016351	1.835748	-0.120007
-0.363529	0.550990	0.120277	-0.185589	0.033841	0.938974	-0.181413	-0.053160	0.398243	1.367877	0.397932	1.039162	0.267457	0.566120	0.264718	0.610854	1.431701	1.089976	0.713422	0.533575	-0.716916	0.904879	-0.011734	0.352041	0.320422	1.054295	-0.945762	0.616941	-0.104465	1.070222	1.339230	1.903845	0.063990	0.416377	0.262318	0.549244	0.442078	0.471220	-0.836699	-0.213024	-0.641507	-0.530267	0.541300	0.365844	0.739049	0.492383	0.456713	0.414144	0.567767	1.127891	0.559882	0.791165	0.921784	1.103205	-0.187676	-0.004618	0.372827	-0.180153	0.755909	0.586435	0.661669	0.586436	0.412623	0.735762	-0.224995	0.494986	0.006290	1.243908	1.705725	1.145830	1.285297	1.201108	0.796507	1.411258	1.952059	1.257137	2.120337	1.790309	1.071555	1.464625	0.508891	0.323648	0.290789	0.225518	-0.230052	-0.198133	0.563624	0.515100	1.500398	0.510759	0.840225	0.297460	0.544191	0.526502	1.298578	1.336773	1.084785	0.309533	-0.446692	0.228803	0.497399	1.297587	0.955064	1.510210	0.014767	-0.427706	0.026079	1.144014	1.622398	1.000068
0.673049	0.870803	-0.215197	0.350426	1.016525	0.661290	0.797754	1.051565	0.073221	0.635781	0.438589	0.808766	1.652815	1.849878	-0.282187	-0.535080	0.979159	1.116821	0.877278	0.740052	-0.422543	0.245169	1.598583	1.327519	0.479587	1.168937	-0.716725	-0.381414	1.600416	0.866382	1.724221	1.603891	1.266035	1.583179	2.279701	1.321733	0.360861	0.362480	0.725501	0.999277	0.712564	0.793699	2.093470	2.534263	1.499387	1.425351	0.732740	0.955930	0.704927	0.600299	1.044854	1.190177	1.025500	1.096758	0.797761	0.506573	0.895211	0.971797	1.962954	1.621906	2.039921	2.036303	1.540774	2.080890	-0.115648	0.651285	-0.521376	0.162320	1.431065	1.486864	1.821643	1.990081	-1.223929	-0.242038	1.087276	0.882500	1.165227	1.185591	1.519178	1.419709	-0.198586	0.267617	0.610945	0.234897	-0.100402	0.464707	-0.240775	0.819830	0.655958	-0.036288	0.023311	0.536394	1.420090	1.851274	1.717088	0.888257	0.531875	-0.326854	-0.744853	-0.766157	-0.085364	-0.507167	0.505645	0.272790	-0.399423	-1.011313	-1.019752	0.465425	-0.198827	2.553111
1.311469	0.613430	-0.219252	0.751807	1.328320	-0.238300	1.003765	1.132234	-0.279445	-0.888454	0.155895	-0.159194	1.952974	1.845200	-0.267716	-1.116997	-0.189119	0.368604	0.455269	0.313246	0.601486	-0.333320	2.224345	1.641801	0.349286	0.322427	-0.046864	-0.826155	2.449673	-0.250331	0.888901	0.081341	1.792694	1.733329	2.948826	1.228137	0.146704	0.299365	1.757436	1.470377	1.866830	1.433285	2.066603	2.594743	1.075968	1.217707	0.741085	0.989882	0.545825	-0.277846	0.973646	1.180189	0.664099	0.487179	1.597154	1.040216	1.147607	1.667747	1.972634	1.588218	2.151764	2.147836	2.006524	2.377965	0.415344	0.642688	-0.565687	-0.838658	0.100433	0.560464	1.203085	1.437511	-2.420150	-1.741260	-0.838659	-0.500080	-0.948511	-0.639712	0.773326	0.219851	-0.679461	0.170107	0.808666	0.280491	0.220249	0.963891	-1.037349	0.506988	-0.609831	-0.524286	-0.947145	0.422871	1.461731	2.128216	0.963083	-0.170436	-0.472538	-0.707182	-0.541442	-1.257168	-0.741081	-1.671860	-0.568118	-1.408363	-0.712506	-0.911701	-1.090219	-0.665010	-1.785225	2.310658
1.039148	-0.131888	0.020173	0.560369	0.649057	-1.276291	0.179002	-0.119233	-0.348506	-2.238659	-0.353744	-1.330726	0.597484	0.150145	0.334848	-0.550187	-1.384273	-0.721644	-0.425560	-0.538531	1.734750	-0.259769	1.131189	0.812458	-0.009439	-1.010117	0.804755	-0.106091	1.520719	-1.652303	-0.738510	-1.604497	1.033132	0.458190	1.381974	0.034367	-0.010060	0.237621	1.384302	0.594711	1.876462	0.763300	0.200933	0.033491	-0.420204	-0.201639	0.388033	0.352087	0.188639	-0.957343	0.151329	0.474934	-0.047357	-0.360277	1.397185	1.089920	0.794130	1.160992	0.512052	0.201215	0.551801	0.453750	1.238501	1.113972	0.908372	0.271289	0.104780	-0.874756	-1.562274	-0.995104	-0.327929	-0.291493	-1.530249	-1.767859	-2.463984	-1.778762	-2.604481	-2.278542	-0.787996	-1.329948	-0.636598	-0.003695	0.522008	0.152064	0.453923	0.706437	-1.241920	-0.529609	-1.583478	-0.556040	-1.377551	-0.072674	0.519252	0.910397	-0.520310	-1.073460	-1.213063	-0.578073	-0.019654	-0.786585	-0.804923	-1.040667	-1.558364	-2.313987	-0.660344	-0.055485	0.168080	-1.368767	-1.931902	-0.167597
0.482986	-0.755849	0.058407	-0.003407	-0.168579	-1.547101	-0.554685	-1.251661	-0.041996	-2.289322	-0.505192	-1.699256	-1.017348	-1.608092	0.790876	0.416912	-1.682450	-1.095650	-1.107791	-0.940517	1.995818	0.298618	-0.445176	-0.421180	-0.213470	-1.595135	1.408223	0.947188	-0.177158	-2.069625	-1.602891	-1.931161	-0.169646	-0.979776	-0.729599	-1.212762	0.099675	0.065093	0.459003	-0.625138	0.953351	-0.219066	-1.417772	-2.301658	-1.475916	-1.346284	-0.137735	-0.449543	-0.056070	-1.060248	-0.704783	-0.636757	-0.595812	-0.761167	0.345297	0.525997	0.090390	-0.046654	-0.992893	-1.330716	-1.287130	-1.499794	-0.178133	-0.632529	0.831028	-0.329228	0.961194	0.095402	-2.135261	-1.455659	-1.429594	-1.523376	0.368373	-0.587040	-2.357874	-1.649841	-2.310127	-2.102082	-1.572719	-1.678823	-0.309928	-0.220065	-0.159744	-0.253841	0.446142	-0.123711	-0.803743	-1.481963	-1.821671	-0.194538	-0.978467	-0.435242	-0.489903	-0.690876	-1.304548	-1.127798	-1.200525	-0.158031	0.472459	0.076014	0.010175	0.588713	-1.626318	-1.866267	-0.158565	0.924848	1.603762	-0.905750	-0.947316	-2.674453
0.359359	-0.848893	-0.184811	-0.333193	-0.363817	-0.643252	-0.315960	-0.946139	0.399302	-0.839738	0.091376	-0.849934	-1.221684	-1.700310	0.655187	0.815397	-0.786998	-0.339511	-1.037655	-0.470645	1.061286	0.691572	-0.872803	-0.956422	-0.078576	-0.905054	1.273387	1.250103	-1.031364	-1.038870	-0.749079	-0.613423	-0.610272	-1.179825	-1.323336	-1.401886	0.374960	-0.134354	0.083203	-0.952115	-0.021819	-0.382659	-1.013004	-1.893122	-1.062851	-1.087948	-0.442542	-0.777935	-0.139150	-0.543633	-0.680737	-1.314448	-0.564863	-0.407801	-0.646356	-0.243585	-0.408738	-0.893237	-1.149234	-1.722665	-1.695879	-1.988668	-1.068672	-1.401232	0.259138	-0.649594	1.227601	1.383948	-0.956933	-0.260381	-1.128730	-1.037403	1.402232	0.674954	-0.525899	-0.253005	-0.314692	-0.208116	-0.699484	-0.386981	0.013456	-0.321980	-0.662776	-0.676599	0.198652	-0.825351	-0.111361	-1.421197	-1.202393	0.125031	-0.066907	-0.334097	-0.684130	-1.357099	-0.669644	-0.380215	-0.545795	0.280827	0.895604	0.593445	1.272670	1.723098	-0.678717	-0.501107	0.548146	1.461849	2.037099	0.491013	0.280076	-2.894710
0.482967	-0.570332	-0.340425	-0.178460	-0.200536	0.705446	0.416219	0.434718	0.505660	0.988430	0.857432	0.451398	-0.038412	-0.291933	0.203110	0.491559	0.515417	0.672381	-0.297431	0.215654	-0.379112	0.452117	0.072128	-0.546287	0.049438	0.173636	0.224383	0.701171	-0.601366	0.461247	0.974846	0.895888	-0.113941	-0.203975	-0.381953	-0.619959	0.381593	-0.206812	0.196264	-0.324593	-0.470230	0.219020	0.771080	0.471364	0.094394	-0.033484	-0.209983	-0.417444	-0.406347	0.220264	0.175442	-0.956258	-0.221845	0.207578	-0.917828	-0.702983	-0.504575	-0.906715	-0.073924	-0.848449	-0.503315	-0.834949	-0.737240	-0.789689	-0.334491	-0.418173	0.533250	1.956325	0.894925	1.199941	0.136902	0.511088	1.028891	1.285902	1.313778	0.886170	1.512733	1.468033	0.788882	1.167621	0.192839	-0.237370	-0.566672	-0.749485	-0.290792	-0.987012	0.313967	-0.404184	0.015047	0.096995	0.660494	-0.111230	-0.119419	-0.834584	0.520770	0.400330	0.248153	0.612443	1.223870	0.581922	1.993397	1.593769	0.492999	0.853595	0.988109	1.406756	1.330356	1.584012	1.151663	-0.994958
0.153807	-0.246954	-0.229777	0.041061	-0.347793	1.298932	0.584615	1.473102	0.027776	1.763599	0.709019	1.022359	0.898499	0.845133	-0.215939	-0.074836	1.011052	0.712280	0.461741	0.188795	-1.347212	-0.273252	1.109720	0.083270	-0.294540	0.402899	-1.214482	-0.011255	0.157580	1.150565	1.811497	0.977122	0.351537	0.589473	0.355017	0.067612	-0.180528	-0.266843	0.016299	0.344048	-0.516395	0.708261	1.799935	2.001946	0.504563	0.376023	0.418571	0.315791	-1.044695	0.667547	0.729002	0.009814	-0.275761	0.260548	-0.676108	-0.712772	-0.526091	-0.499036	0.953894	0.401713	1.015275	0.697281	0.340362	0.287723	-0.728383	-0.035267	-0.750190	1.154066	1.589204	1.342136	1.042023	1.392405	0.225449	1.202591	1.427731	0.673151	1.615203	1.301056	1.142494	1.321755	0.090967	-0.138902	-0.183697	-0.489497	-0.951978	-0.829900	0.130642	0.473276	1.120104	-0.194033	0.668623	-0.309593	0.407258	0.100447	0.911090	0.546327	0.771678	0.757991	1.125145	0.319012	1.402726	0.409685	1.016808	1.582876	0.905638	0.824712	0.005089	1.252903	1.325480	0.902627
-0.737323	0.099359	-0.199385	-0.270408	-0.769947	0.781144	-0.043548	1.324276	-0.630733	1.168706	-0.497966	0.523931	0.253785	0.371354	-0.685580	-0.485982	0.291730	-0.405399	0.566289	-0.562414	-1.439393	-0.856018	0.869974	0.198019	-0.974268	-0.326827	-2.009579	-0.393706	0.139181	0.849934	1.035724	-0.294157	-0.170065	0.113141	-0.348795	-0.075297	-1.074933	-0.617555	-0.695546	0.324537	-0.603745	0.507583	0.916378	1.236373	-0.236012	-0.297085	0.784608	0.813558	-1.556100	0.582826	0.080353	0.456192	-0.909896	-0.481578	-0.545106	-0.500744	-0.814849	-0.307945	0.871335	1.013933	1.410309	1.191737	0.864590	0.552937	-0.992146	-0.085622	-1.652493	-0.510877	0.508997	0.183340	0.724126	0.675191	0.023662	0.670605	-0.008549	-0.353734	0.345789	-0.198131	0.039633	0.037688	-0.344645	-0.260160	-0.249519	-0.314845	-1.442242	-0.714714	-0.532992	0.252670	1.308003	-0.520783	0.024464	-0.892490	0.205314	0.517795	0.259171	0.225233	0.917389	0.661092	0.414523	0.106720	-0.220411	-1.020258	0.683982	1.637557	0.522350	-0.080269	-1.424332	-0.307124	0.686154	1.263423
-1.487323	0.579125	-0.634619	-1.106248	-0.826210	-0.090485	-0.731818	0.326026	-0.751255	0.122618	-1.566128	-0.326238	-1.431473	-1.155028	-1.327968	-0.682383	-0.814371	-1.658349	-0.095620	-1.139665	-0.947893	-0.772200	-0.668258	-0.194277	-1.245845	-0.975000	-1.508227	-0.539255	-0.709693	0.338492	-0.334982	-1.269179	-1.441752	-1.194152	-1.796953	-0.646312	-1.754354	-1.229064	-1.430662	-0.316377	-0.886464	-0.208430	-0.947165	-0.679602	-1.027192	-1.042711	0.360135	0.662794	-1.203144	0.324053	-1.193106	-0.113157	-1.448631	-1.360036	-0.771514	-0.337453	-1.242175	-0.483812	-0.243090	0.625569	0.266544	0.282966	0.136373	-0.283026	-1.129449	-0.607858	-1.375241	-1.624926	-1.180793	-1.031724	-0.398940	-0.884281	0.427345	0.035536	-1.127084	-0.874052	-0.551144	-1.114115	-1.092950	-1.151172	-0.856445	-0.610851	-0.943064	-0.466313	-1.380814	-0.551569	-1.029548	-0.762330	0.435352	-0.737561	-0.709476	-1.229987	-0.595652	0.196888	-0.447247	0.151635	0.737258	0.292664	-0.512529	0.025402	-1.648484	-1.734906	-0.117665	1.171248	0.110651	-0.884123	-2.381796	-1.712363	-0.347475	0.398451
-1.527559	0.904062	-1.302304	-1.684559	-0.388107	-0.493192	-0.879248	-0.723141	-0.215022	-0.449852	-1.401217	-0.715834	-2.218720	-1.883146	-1.747794	-0.719809	-1.125305	-1.923407	-0.911790	-0.881456	-0.415579	-0.136058	-2.076423	-0.614220	-0.631584	-0.692118	-0.147308	-0.684571	-1.358295	0.147872	-0.763234	-0.671249	-2.071547	-1.721289	-2.187778	-0.623436	-1.827490	-1.484540	-1.741757	-1.004475	-1.078531	-0.898951	-1.938510	-1.657377	-0.606241	-0.713324	-0.482531	0.101376	-0.044596	0.350800	-1.591377	-0.825599	-1.228158	-1.506209	-1.079141	-0.350466	-1.346394	-0.631785	-1.359462	-0.219098	-1.478167	-1.046992	-0.893122	-1.054396	-1.099755	-1.153666	-0.172738	-1.355073	-1.904361	-1.369574	-1.047478	-1.652620	0.711906	-0.299771	-0.562959	-0.403181	0.061463	-0.440957	-0.888530	-0.987596	-1.002603	-0.947779	-1.415482	-0.533279	-0.780841	0.060076	-0.656996	-1.233158	-0.642234	-0.600717	-0.985514	-0.838354	-1.079980	-0.166054	-0.321778	0.608216	0.336672	-0.389442	-1.081179	-0.035896	-1.827837	-1.212528	-0.872989	0.286295	-0.486306	-1.170906	-2.135564	-1.755278	-0.987094	-0.500992
-1.115907	0.451390	-1.415782	-1.231033	-0.113403	-0.332235	-0.715022	-1.412683	0.357217	-0.427327	-0.322518	-0.505000	-0.920576	-0.728755	-1.258039	-0.538965	-0.261858	-0.951544	-1.029615	-0.082519	-0.180207	0.416518	-1.943852	-0.774283	0.468278	0.278219	0.997944	-0.718461	-0.790886	0.074777	0.169027	0.992196	-0.975472	-0.459029	-0.679446	0.434523	-1.101969	-0.702979	-1.596094	-1.207290	-0.859774	-1.196832	-1.289063	-1.003719	1.021789	0.612785	-0.785480	-0.190471	0.971236	0.722194	-0.538784	-0.420459	-0.381659	-0.684327	-1.109504	-0.496502	-0.837958	-0.356409	-1.553306	-0.652774	-2.390486	-1.460841	-0.706152	-0.476250	-0.972748	-1.349507	0.799119	-0.373033	-1.143067	-0.844776	-0.432287	-0.809905	0.380964	-0.207508	1.037027	0.322246	1.499529	0.885658	0.398178	0.153949	-0.564466	-0.962306	-0.649267	0.155366	0.079065	1.141069	0.585811	-0.263172	-0.813672	0.224985	-0.602706	0.098718	-0.532043	0.201871	0.468265	1.070758	-0.018670	-1.236462	-1.083231	-0.191175	-0.796836	0.210483	-1.172516	-0.717343	-1.397602	-0.911967	-0.564811	-0.508945	-0.820537	-0.688933
-0.764695	-0.779312	-0.502424	0.019583	-0.292024	0.159840	-0.620544	-1.685909	0.581020	-0.022467	0.553936	0.022388	1.387191	1.298581	0.238675	-0.019154	1.101420	0.626719	-0.165896	0.551245	-0.146653	0.462083	-0.424318	-0.647735	1.265370	1.129975	1.371666	-0.269144	0.796816	-0.223779	1.470141	2.083305	1.147969	1.614825	1.512239	1.785094	0.456316	0.958857	-0.945312	-0.767120	-0.257286	-1.046801	0.011010	0.068101	2.546549	1.726280	-0.275903	0.053313	1.184402	1.212445	0.805099	1.091354	0.492030	0.568120	-0.735215	-0.526624	0.072622	0.205870	-0.906181	-0.478781	-1.865417	-0.685231	0.571795	0.988944	-0.719923	-1.056180	0.729005	0.074055	0.422216	0.035137	0.767443	0.707454	-0.351308	-0.078401	1.926795	0.421285	2.123714	1.339885	1.369764	0.871498	0.229663	-0.496046	1.107852	1.484308	1.022038	2.007537	1.741295	1.422957	0.023247	1.469752	0.268456	0.947424	0.573655	1.032676	1.157507	0.906117	0.068020	-1.678869	-0.666414	-0.398363	0.561631	1.625277	-0.789489	-1.188875	-1.953239	-0.455844	1.140148	0.861135	-0.187200	-0.146126
-0.383376	-1.534071	0.866774	0.889689	-0.165149	0.940761	-0.246380	-1.270215	0.791939	0.670292	0.711652	0.667184	2.408417	2.142458	1.733361	0.674452	1.865680	1.837697	1.029825	0.767369	0.055444	0.250897	1.040906	-0.118979	1.408196	1.454902	1.282453	0.724818	2.016716	-0.735111	1.901809	1.595646	2.259181	2.377105	2.330351	2.154653	2.281985	2.271913	0.351997	0.065198	0.460735	-0.436233	0.598629	0.176461	2.606359	1.577964	0.201568	0.319677	0.919704	1.571895	0.917483	2.198899	0.958413	1.435137	-0.044692	-0.110580	0.778753	0.498352	-0.201099	-0.237330	-0.465038	0.444526	1.116643	1.451968	-0.158288	-0.235779	-0.043484	-0.284512	1.611476	0.735008	1.095864	1.189374	-0.925835	-0.417712	1.261531	-0.053701	1.167484	0.618276	1.102379	0.369852	0.846044	0.296735	2.187909	2.183254	1.720476	1.797036	1.691807	2.072361	0.670625	1.870294	1.073934	1.148198	1.014768	1.231535	1.279343	0.131260	0.693700	-1.219700	-0.193205	-0.505888	1.360968	2.210836	0.122294	-0.688360	-1.221455	-0.149426	1.415339	1.166859	0.228974	0.718855
0.415934	-0.448400	1.533832	0.602332	0.869024	1.752175	0.912000	0.177075	1.159172	1.216681	0.445200	1.225991	1.193914	1.038560	1.856162	0.918975	1.319844	1.902500	1.530817	0.765457	0.544649	0.226294	1.483923	0.856516	1.029999	1.320025	1.100289	1.656047	1.747898	-1.282286	1.192072	0.071094	1.202635	0.951775	1.196482	1.013705	3.077788	1.961081	1.895795	0.849631	1.078480	0.687257	0.402277	-0.415562	1.055975	0.303641	-0.128271	0.058111	0.623923	1.418162	-0.201425	1.556475	0.818606	1.404786	0.705571	0.750277	0.796246	0.236942	0.145872	-0.210528	0.950776	1.300813	-0.010286	0.139705	0.584490	0.869170	-0.615382	-0.580027	1.475683	0.820203	0.079785	0.135879	-1.073425	-1.205312	-0.232471	-0.324309	-0.580259	-0.353642	-0.072434	-0.805225	0.869570	1.006395	1.272371	1.073807	1.442832	0.338425	0.406381	0.817120	-0.028261	0.372362	1.054918	0.538769	0.344118	0.351672	0.810926	-0.701836	1.299706	-0.278661	-0.123260	-0.419576	1.173145	1.606895	0.958913	0.315589	0.465735	-0.034449	0.210227	0.141542	0.038664	1.291629
1.326126	1.932395	1.069381	-0.208904	1.907436	1.739713	2.151657	2.070003	1.056133	0.759901	0.158166	1.258504	-0.873198	-0.720859	0.443789	0.243964	-0.285285	0.745497	0.938499	0.624220	0.925358	0.291612	1.232733	1.715951	0.311454	0.757068	0.725933	1.742594	0.421967	-1.715628	0.042787	-1.092710	-0.912465	-1.253483	-0.415997	-0.854081	1.967064	0.123724	2.603620	1.238874	1.442619	1.957519	0.321043	-0.369925	-0.928055	-1.000732	-0.884063	-0.557340	0.046326	0.321978	-1.034780	-0.391811	0.130170	0.618664	1.132170	1.482561	0.285879	-0.198778	0.335416	-0.080768	1.849384	1.914550	-1.406872	-1.411198	0.954825	1.584467	-0.523220	-0.068220	-0.024940	0.120770	-1.184339	-1.220403	-0.892100	-1.840381	-1.332650	-0.032318	-1.772762	-0.850391	-1.146558	-1.562211	0.423429	1.329342	-0.878311	-1.264597	-0.069451	-1.529684	-0.840772	-1.287332	-1.634007	-2.121067	-0.034087	-0.529279	-0.598884	-0.809795	-0.125385	-1.128466	1.091820	0.076898	-0.485388	-0.141616	0.132856	0.077533	1.069808	0.737494	1.388460	0.139731	-0.785057	-1.372701	-0.525964	1.069592
1.411612	3.189862	0.260824	-0.316899	1.459511	0.343446	1.869936	2.806560	0.028470	-0.784329	0.087691	0.493530	-1.801198	-1.452870	-0.945472	-0.781834	-1.734751	-0.751829	-0.090309	0.240877	0.806225	0.019414	0.884393	1.578152	-0.510470	-0.194431	0.150048	0.976852	-0.542894	-1.680094	-0.838248	-1.055152	-1.966670	-2.180933	-0.922843	-2.043186	-0.233594	-1.654062	1.746881	1.122285	1.368735	2.417590	0.539290	0.564037	-1.924206	-1.337106	-1.142715	-0.949102	-0.983349	-1.530601	-0.435917	-1.797998	-0.576935	-0.203035	0.953472	1.391785	-0.110634	-0.260410	0.420254	0.186920	1.811782	2.007896	-1.275526	-1.412065	0.697605	1.360844	0.036281	0.884816	-1.733678	-1.035282	-1.422786	-1.545712	-0.400528	-1.675687	-1.487738	0.276062	-1.755673	-1.009433	-1.389117	-1.438953	0.046697	1.329243	-2.105145	-2.710026	-1.649083	-2.530225	-0.827786	-2.376311	-2.393773	-3.131863	-1.348215	-1.269124	-0.868535	-1.337615	-1.197350	-1.100565	-0.024419	-0.480016	-0.559315	0.291062	-1.027430	-1.397975	0.364027	0.057046	0.444773	0.586458	-0.219983	-2.089300	-0.797205	0.126567
0.393098	1.804517	0.030839	0.447126	-0.388567	-1.563777	-0.245158	1.506658	-1.159483	-2.012187	0.387784	-0.591598	-1.065507	-0.842593	-0.640241	-0.857208	-1.769607	-1.329255	-0.495973	-0.210293	0.426633	-0.466055	0.361092	0.389185	-0.900581	-1.000151	-0.076886	0.254783	-0.428152	-0.645060	-1.344062	-0.197809	-1.129400	-1.267599	-0.397466	-1.707212	-1.660285	-1.868669	-0.070180	0.651940	0.825211	1.446279	0.244328	1.097971	-1.424131	-0.573008	-0.722213	-0.911798	-1.609635	-3.067501	1.035579	-1.365631	-0.645274	-0.359486	0.294331	0.438824	-0.057932	0.073052	0.082915	0.041902	0.642312	0.891571	0.178271	-0.134541	0.316248	0.528805	0.595114	1.228733	-2.115534	-1.863937	-0.636456	-0.922162	0.532188	-0.527199	-0.868266	0.080936	-0.795089	-1.026157	-0.783458	-0.842163	0.013012	1.195227	-1.294088	-1.850119	-1.667606	-1.937964	0.185000	-1.685185	-1.249497	-1.382459	-1.622661	-0.981954	-0.485528	-1.198186	-1.752072	-0.881448	-1.160618	-1.005086	0.228334	0.771871	-1.365174	-1.648996	-0.537816	-1.035076	-1.292152	1.076192	1.227532	-1.342799	-0.304929	-0.826173
-0.725783	-0.849617	0.311953	1.027558	-1.784945	-2.315168	-2.273716	-0.655697	-1.289926	-1.489799	0.887745	-1.100898	0.327047	0.214977	1.156984	0.468898	-0.381440	-0.582741	0.064984	-0.308502	0.381083	-0.459772	-0.507123	-0.778421	-0.417938	-0.915966	0.457200	0.327696	0.221093	1.318101	-1.548855	0.536335	0.528073	0.369686	0.074631	-0.190096	-1.453481	-0.631754	-1.423769	0.154570	0.125241	-0.307989	-0.812050	0.369175	-0.062887	0.606421	-0.254638	-0.687899	-0.850203	-3.217083	1.933687	0.367870	-0.060623	0.160129	-0.300567	-0.619763	0.161052	0.388445	-0.584073	-0.608417	-0.956149	-1.119793	1.294139	0.760095	0.427261	0.081528	0.783429	0.473108	-0.732762	-1.607644	0.182057	-0.357563	1.617460	1.160407	0.159300	-0.165697	0.423934	-0.535754	0.117817	-0.391319	0.045498	0.877980	0.487777	0.410964	-0.090761	-0.204345	0.815777	-0.086091	0.856465	1.395465	-0.618137	0.167013	-0.068153	-0.810030	-1.352380	-0.747817	-1.321982	-0.513219	1.248320	1.108125	-0.569272	-0.433502	-0.844889	-1.377237	-1.759551	1.012440	1.808380	0.344682	0.710947	-1.053826
-0.772545	-2.237386	0.430740	0.655597	-1.366685	-1.446205	-2.215121	-1.817758	-0.258530	0.305529	0.983805	-0.781113	1.174108	0.791905	2.595022	2.007892	1.001393	0.475394	0.817660	-0.059324	0.778637	0.236777	-1.190215	-1.011748	0.560072	-0.056123	1.187043	0.944560	0.614148	2.966617	-1.176708	0.699395	1.409409	1.320384	0.000983	1.238310	-0.538183	0.595366	-1.551202	-0.187659	-0.339572	-1.599812	-1.598895	-0.846563	1.025858	1.241011	-0.211197	-0.485327	0.799970	-1.958032	1.619871	1.723448	0.573395	0.696580	-0.285774	-0.993120	0.260442	0.457705	-0.838231	-0.956653	-1.682755	-2.443337	1.170688	0.477443	0.958124	0.527495	0.598886	-0.712013	1.275140	-0.205377	0.307223	-0.381576	1.984963	2.508430	1.193208	0.295157	1.208580	0.653049	0.633720	-0.352859	-0.080366	0.216645	1.438400	1.900651	1.309494	1.306105	0.293317	1.006827	1.994425	2.249603	0.516147	1.054625	0.033724	-0.365555	-0.419233	-0.689955	-0.448739	0.752388	1.348967	1.201773	0.715557	1.173747	-0.325352	-0.594549	-0.382194	0.163457	0.898138	1.766443	1.526826	-0.543105
0.162190	-1.777514	0.186497	-0.205491	0.130666	-0.304656	-0.471398	-1.716461	0.836956	1.443439	0.292829	-0.362291	0.982191	0.496290	2.337461	2.246086	0.973689	0.476034	0.725822	-0.060098	1.084638	0.811989	-0.986658	-0.631652	1.006525	0.440733	1.087900	1.342072	0.575001	2.763834	-0.004512	0.519473	0.890708	0.990408	-0.329747	1.358615	-0.222993	0.646029	-0.985310	-0.599004	-0.510011	-2.028327	-1.210887	-1.459459	1.054974	0.743528	-0.388210	-0.262313	1.686576	-0.201425	0.650037	1.575126	0.833471	0.662492	0.337249	-0.640458	0.387687	0.378344	-0.264160	-0.504797	-1.123814	-2.153026	0.322643	-0.320583	1.312550	1.228900	0.456956	-1.261527	2.371078	1.481015	-0.141903	-0.653053	1.108635	2.771315	1.727634	1.157274	1.133039	1.757805	0.450746	-0.616734	-0.088349	-0.663868	0.954775	1.494790	1.056796	1.395171	-0.718754	0.898604	1.303375	0.394067	0.570596	0.677287	-0.084885	0.030221	0.137673	-0.411363	0.593522	1.689811	0.478080	1.139327	1.613982	1.876780	0.519059	0.547048	1.351562	-0.819250	-0.431041	2.092393	1.620118	-0.067084
0.876110	-1.001212	-0.053338	-0.675776	0.986242	-0.229724	0.806467	-1.496313	1.081178	0.960999	-0.674314	-0.542629	0.061334	-0.480833	0.882059	1.128725	-0.287351	-0.640345	-0.238643	-0.617324	0.870373	0.501372	-0.028295	-0.421134	0.403426	-0.132933	-0.003536	1.248196	0.268115	0.608742	1.388368	0.290104	-0.373103	-0.195988	-0.621948	0.127756	-0.636425	-0.234629	-0.661462	-1.334946	-0.560662	-2.043680	-0.141881	-1.488554	0.152178	-0.561013	-0.290778	0.109640	1.017666	1.177697	-0.189333	0.249689	0.739279	0.142183	0.920092	-0.146444	0.633246	0.211465	0.564233	0.069874	-0.260030	-1.119931	-0.393721	-0.725243	1.103387	1.150070	0.724944	-0.945544	2.111458	2.355983	-0.515638	-0.566206	-0.303659	1.942335	1.448280	1.259038	0.396385	1.757556	-0.096902	-0.838123	0.259097	-1.327610	-0.168428	-0.024623	-0.389068	0.124398	-1.152786	-0.023464	-0.268992	-1.962663	-0.328837	-0.638065	-0.140622	0.209365	0.044938	0.235016	0.933408	1.609044	-0.278841	0.933309	1.866030	1.458469	0.992785	0.979720	1.781942	-0.988396	-0.885002	1.432216	1.023727	-0.330962
0.521043	-0.958373	-0.079360	-0.583232	0.602860	-0.769089	0.458454	-1.581514	0.624073	-0.062493	-0.903132	-0.943510	-0.725015	-1.333994	-0.313485	0.012290	-1.233079	-1.435474	-0.941550	-1.059402	0.403131	-0.290840	0.786008	-0.295399	-0.561542	-0.893117	-1.068120	0.971380	-0.231554	-1.715386	1.912091	0.085953	-1.181674	-1.179030	-0.680320	-1.114858	-0.864098	-0.853766	-0.747749	-1.993271	-0.490581	-1.755027	0.464205	-1.415764	-0.684082	-1.492421	0.305115	0.641532	-0.220005	1.885092	-0.534213	-0.989034	0.354789	-0.301664	0.789596	0.077238	0.633301	-0.080840	0.806835	-0.101448	-0.081897	-0.521173	-0.583349	-0.469613	0.478211	0.155432	1.189388	-0.476445	1.311167	2.126645	-0.203536	0.164771	-0.877025	0.735057	0.650077	0.292282	-0.162985	0.791067	-0.249595	-0.571066	0.620627	-1.371267	-0.881591	-1.127850	-1.365301	-1.177555	-0.831015	-0.780358	-1.118728	-2.249916	-0.917821	-1.433098	0.142281	0.310536	0.028234	0.920319	0.400503	0.756563	-0.241834	0.364634	1.791458	0.741850	0.812523	0.386366	0.890880	-0.212734	-0.413954	0.511795	0.223173	-1.025144
-0.541942	-0.958930	-0.093135	-0.400718	-0.146845	-0.482916	-0.671338	-1.169241	0.130004	-0.196254	-0.021001	-0.612291	-0.609402	-1.143044	-0.426157	0.000460	-0.708359	-0.739339	-0.426521	-0.514404	0.313557	-0.503159	0.726193	0.399578	-0.767346	-0.454458	-0.997277	0.750197	-0.747904	-2.253342	1.180467	0.063638	-0.849231	-1.100883	-0.205222	-0.955479	-0.266695	-0.431844	-0.680762	-1.729425	-0.153137	-0.794087	0.215282	-1.119073	-0.460514	-1.026110	1.104292	1.075900	-0.634422	1.963002	-0.259720	-1.106318	-0.253554	-0.316013	-0.013859	0.160596	0.114272	-0.375663	0.318714	-0.861354	-0.408498	-0.269212	-0.238353	0.203665	-0.145055	-0.798057	1.272491	-0.360098	0.863351	1.420988	0.781021	1.204498	-0.045762	-0.114505	0.044072	-0.570628	0.172011	0.071139	0.474797	0.333917	0.552087	-0.730666	-0.762449	-1.048470	-0.902620	-1.226264	-0.370825	-0.719232	-0.601897	-0.377990	-0.269729	-0.715977	0.764539	0.746381	0.794870	1.189897	-0.563155	-0.205318	0.137033	-0.653547	1.668983	0.518911	0.113801	-0.610310	-0.105510	0.597382	-0.062239	-0.049311	-0.123303	-1.088151
-1.404853	-0.133914	-0.334789	-0.503798	-0.403725	0.798668	-1.333135	0.071580	-0.183709	0.316333	1.133213	0.494288	0.286910	0.105742	0.169397	0.780687	0.789832	0.772677	0.823767	0.738712	0.781827	0.183184	-0.153838	1.497973	-0.002302	1.026932	0.237957	0.498486	-0.870574	-0.905626	0.000221	0.486808	0.231279	-0.097247	0.754482	0.506462	0.708588	0.580076	-0.208862	-0.449015	0.328349	0.604317	-0.409104	-0.336782	0.736513	0.572618	1.467026	0.967566	-0.127718	1.437017	0.554338	-0.090752	-0.771149	-0.141741	-0.822425	0.287834	-0.599197	-0.472535	-0.414981	-1.361011	-0.521485	0.291902	0.448190	0.910179	-0.540470	-0.885933	0.715768	-0.214841	0.683743	0.847250	1.602270	1.679346	1.364356	-0.423212	0.031465	-0.177344	1.132220	0.300136	1.673518	1.338768	0.135712	0.175479	-0.100396	-0.217713	0.375754	-0.119839	-0.177364	-0.177965	0.474494	1.390776	1.113001	0.857326	1.312681	1.525049	1.908757	1.022105	-1.394762	-0.940569	0.082457	-1.718448	1.385888	0.795162	-0.908501	-1.205266	-0.548087	0.424666	-0.657548	-0.207928	0.278167	-0.143404
-1.657289	1.032328	-0.790975	-0.821365	-0.368665	1.573342	-1.348061	1.154892	-0.618478	0.046535	1.292734	1.231713	1.040608	1.348909	0.532149	1.152109	1.770903	1.380867	1.413146	1.380756	1.208729	1.010562	-1.129572	1.910957	0.802857	1.875207	1.567863	0.112713	-0.418467	0.641906	-0.559989	1.234522	1.071568	0.899907	1.499664	1.765981	1.056901	1.053321	0.138489	0.753337	0.546267	1.449488	-0.828720	0.529367	1.757379	1.917628	1.014735	0.207856	0.256223	0.403919	1.341882	1.131268	-0.894773	-0.244232	-1.130761	0.256037	-1.009048	-0.403394	-0.893793	-1.117541	-0.265354	1.071421	1.133368	1.353318	-0.859298	-0.430770	-0.219597	0.404968	0.079769	0.401257	1.381594	0.999842	2.017241	-0.452629	0.345394	1.090558	1.649276	0.836732	2.284739	1.600759	-0.261832	0.629187	0.476604	0.414721	1.051967	0.853009	-0.017613	-0.050387	0.834531	1.156329	1.761495	1.693479	1.382787	2.076392	2.116345	0.741542	-1.722727	-1.604069	-0.658180	-2.229918	0.647528	0.933373	-1.981856	-1.156824	-0.982947	-0.828682	-1.885463	-0.347325	0.849293	0.829700
-1.454491	1.421408	-1.129444	-0.967106	-0.589215	0.809199	-1.143982	1.111931	-1.169576	-1.291606	0.232808	0.804618	0.966889	1.586639	0.182318	0.457065	1.446070	0.558431	0.751824	0.708402	0.821848	1.137492	-1.382304	1.105119	0.742602	1.127459	1.868700	-0.309782	0.213780	0.955593	-0.236789	1.680893	1.071474	1.162576	1.413272	1.635421	0.431762	0.489113	-0.116374	0.835286	0.316371	1.213519	-0.768291	0.860336	1.652787	1.922479	0.121058	-0.577980	-0.098624	-0.657057	1.425929	1.542479	-0.706059	-0.602032	-0.970077	-0.111380	-0.952203	-0.309743	-0.868720	-0.314970	0.041093	1.457773	1.431820	1.425341	-1.224570	-0.267501	-1.041153	1.060591	-0.933634	-0.057198	0.269363	-0.286999	1.316904	-0.453370	0.492120	1.810472	1.031358	0.717589	1.601713	0.899632	-0.421684	0.318715	0.535166	0.361960	0.465172	0.729903	0.450174	-0.533724	0.119018	-0.497055	0.825957	1.060292	1.028994	1.893455	0.877336	0.492411	-1.361895	-2.221878	-1.674198	-1.942389	-0.509454	0.383785	-2.453195	-0.698866	-1.839532	-2.162591	-2.615255	-0.663218	0.640112	0.791713
-0.914708	0.826810	-0.842110	-0.601877	-0.782787	-0.464099	-0.686492	0.257015	-1.095425	-2.060802	-0.804775	-0.057568	0.247174	0.829055	-0.441312	-0.714734	0.393036	-0.450227	-0.322276	-0.439804	-0.371841	0.484016	-0.697044	-0.075081	0.010707	-0.209513	0.991837	-0.547120	0.486528	0.300533	0.470501	1.331128	0.353024	0.663959	0.661744	0.379440	-0.411305	-0.477678	-0.551205	0.079317	-0.070569	0.439247	-0.239183	0.587393	0.634788	0.755032	-0.449806	-0.583549	-0.614251	-1.011262	0.866253	0.934391	-0.426656	-0.629677	-0.529240	-0.413350	-0.453914	-0.127686	-0.360576	0.537496	0.274928	1.239428	1.061359	1.078252	-1.254530	-0.427139	-1.264177	0.954642	-1.335126	-0.382452	-0.714056	-0.993640	-0.148669	-0.433713	0.361228	1.203914	-0.274932	-0.065963	0.002472	-0.153040	-0.195795	-0.151207	0.146072	-0.067245	-0.642623	-0.155162	1.061671	-0.774941	-0.841350	-1.387541	-0.941834	-0.223910	0.491777	0.965083	-0.813094	0.153300	-0.296618	-2.156358	-2.100042	-1.062109	-1.456068	-0.662053	-1.631095	-0.042610	-2.270677	-2.262204	-1.987463	-0.872209	-0.365053	0.121030
-0.045069	0.078222	0.155836	0.096770	-0.143456	-0.548424	0.383861	-0.371762	0.155820	-0.868849	-0.616430	-0.136121	-0.527229	-0.224565	-0.668908	-1.331362	-0.465842	-0.530200	-0.800745	-0.838604	-1.462841	-0.444631	0.307982	-0.488423	-0.480326	-0.657104	-0.265902	-0.442484	0.344621	-0.153030	0.995925	0.352409	-0.646551	-0.253854	-0.196673	-0.930028	-0.576064	-0.976664	-0.399768	-0.415807	-0.256536	-0.104504	0.503322	0.053910	-0.410716	-0.657953	-0.397100	0.176321	-0.509210	-0.406159	0.327563	-0.014162	-0.104602	-0.022902	0.087101	-0.121567	0.338230	0.206997	0.289721	0.960717	0.538944	0.669424	0.061104	0.253294	-0.509043	-0.212333	-0.729123	0.125988	-0.556430	-0.553831	-0.910015	-0.696671	-1.248688	-0.294234	0.216831	-0.118027	-1.231452	-0.765435	-1.459805	-0.889401	0.380206	0.012475	-0.360165	-0.369598	-1.168364	-0.830435	1.227020	-0.141926	-1.121566	-0.513359	-2.016508	-0.962788	-0.215328	-0.353422	-1.479647	-0.273469	1.091211	-0.821232	-1.290897	0.005632	-1.494241	-1.422333	0.243456	0.624656	-1.200976	-0.720403	-0.192699	-0.721575	-1.049826	-0.006997
0.795067	-0.149605	1.038798	0.409277	1.217754	0.497811	1.809067	-0.283844	1.756524	1.233103	0.264905	0.481399	-0.990511	-0.971563	-0.617549	-1.210773	-0.983715	-0.233898	-0.770470	-0.462248	-1.662640	-1.156323	0.813501	-0.164415	-0.362799	-0.248910	-1.140162	-0.136818	0.146562	-0.016471	1.056458	-0.678416	-1.469544	-1.153085	-0.871965	-1.598400	-0.155318	-0.912226	0.250691	-0.216225	-0.307176	-0.283605	1.114305	-0.403643	-1.006929	-1.615550	-0.106427	0.809206	0.020084	0.496415	-0.014454	-0.573623	0.170230	0.593890	0.592216	0.481648	0.848989	0.365627	0.606840	0.834345	0.771898	0.013916	-1.046218	-0.837749	0.548859	0.448766	0.021001	-0.535778	0.385561	-0.900512	-0.569879	-0.075756	-1.401142	-0.078877	0.173681	-1.029178	-1.309017	-0.966499	-2.071486	-1.135727	0.658061	0.544739	-0.801703	-0.505808	-1.017530	-0.881736	0.604256	0.689570	-0.719089	0.792493	-1.760243	-0.942181	-1.056623	-1.508661	-0.848154	-0.534983	1.930859	1.090418	0.285036	0.840073	-0.738783	-1.408068	1.847039	0.884720	0.851988	1.391716	1.654080	-0.475316	-0.675332	0.587608
0.998438	-0.094536	0.795990	-0.122992	1.982280	0.961850	2.595241	0.127297	2.079407	1.867436	0.216122	0.542945	-1.092173	-1.203557	-0.982412	-1.070903	-1.481575	-0.680926	-0.945563	-0.285990	-1.227069	-1.421271	0.635430	-0.170892	-0.226575	-0.196131	-1.556408	-0.067743	0.042603	0.031765	0.641295	-1.328174	-1.678685	-1.515333	-1.309256	-1.586998	0.033664	-0.755013	0.502543	0.074084	-0.590757	-0.426731	1.383324	-0.486359	-1.340936	-1.946206	-0.074569	0.591793	0.186516	0.866567	-0.712996	-0.725853	0.156518	0.325383	0.532450	0.463662	0.414115	-0.080578	0.431662	0.511898	0.723538	-0.573992	-1.617479	-1.625168	0.775687	0.623616	0.143605	-0.436316	0.099162	-1.453615	-0.217431	0.148830	-0.972922	0.023832	-0.049879	-1.175791	-0.863155	-0.934730	-1.906302	-0.951331	-0.122849	0.339199	-1.107451	-0.696124	-0.889033	-0.633889	-0.405981	0.591938	-0.282063	0.772466	-0.868414	-0.792387	-1.657271	-1.977918	-0.027756	-0.449336	1.532018	2.015160	1.304614	1.191123	-0.085014	-0.874218	2.088122	0.490399	2.137026	2.458448	2.396337	-0.452737	0.083354	0.849468
0.500872	-0.319278	-0.394454	-0.965984	1.209276	-0.052462	2.058912	0.237157	0.713276	0.445680	-1.122430	-0.485052	-0.956580	-1.040734	-1.810228	-1.321063	-1.798606	-1.625541	-1.363518	-0.765052	-1.024415	-1.197060	0.264891	-1.083013	-0.680297	-0.964023	-1.740554	-0.451081	-0.252196	-0.561793	0.025605	-1.491613	-1.141997	-1.077534	-1.425406	-1.116933	-0.337009	-0.679786	-0.051574	-0.148991	-1.163463	-0.712740	1.244090	-0.075652	-1.670060	-1.770800	-0.382193	-0.211569	-0.139321	0.768717	-1.929851	-0.937049	-0.161647	-0.768708	-0.119919	-0.452126	-0.717415	-0.928952	0.097997	0.423173	0.300436	-0.957210	-1.537756	-1.699934	-0.168558	-0.265326	-0.398209	0.061270	-1.165724	-1.587787	-0.052604	-0.000592	-0.585739	-0.020367	-0.723745	-1.159419	-0.566705	-0.982712	-1.442879	-0.393590	-1.538705	-0.884324	-1.072895	-0.840563	-0.960005	-0.434588	-0.989889	-0.376322	-0.198080	-0.473452	-0.277143	-0.929796	-1.661850	-1.698893	-0.049363	-0.143110	0.342068	1.430318	1.117396	1.199874	-0.094361	-0.287475	1.324942	0.019256	1.869421	1.953358	1.811616	-0.386493	0.142958	0.054581
0.007138	-0.717939	-1.158563	-1.084538	-0.365762	-1.387892	0.680630	-0.080591	-0.885642	-1.091949	-2.206109	-1.584410	-0.780089	-0.784458	-2.241014	-1.453665	-1.427913	-1.750261	-1.293716	-1.268735	-1.321611	-0.594820	0.197381	-2.083394	-1.439984	-1.630617	-1.661687	-0.852592	-0.922820	-1.433780	-0.364295	-1.274688	-0.302282	-0.235849	-1.193826	-0.473307	-0.723032	-0.420125	-0.703314	-0.625078	-1.479500	-0.923765	0.733622	0.467329	-1.879841	-1.332947	-0.677034	-0.674673	-0.328374	0.903324	-2.787509	-1.338877	-0.466830	-1.607586	-0.728876	-1.291730	-1.347009	-1.312597	0.084446	0.624394	-0.191678	-0.973871	-1.173230	-1.207105	-1.227661	-1.390616	-0.664156	0.227385	-1.726171	-0.830520	-0.032374	-0.092925	-0.409565	0.017997	-1.590193	-1.485581	-0.693249	-0.991724	-1.033637	0.260484	-2.034102	-1.915380	-0.528097	-0.628714	-0.666370	-0.261986	-0.780130	-0.963997	-0.321808	-1.361886	-0.181122	-1.180633	-1.171985	-1.096184	-0.700509	0.110764	-0.270680	0.468093	0.473527	1.235791	-0.344107	0.176919	0.829072	0.403556	1.020655	0.877173	0.812668	0.127866	-0.528019	-1.160594
0.142930	-0.625521	-0.615339	-0.187681	-1.199604	-1.485060	-0.357246	-0.377749	-1.205313	-0.939976	-1.711774	-1.565246	-0.648917	-0.647539	-1.724530	-0.939027	-0.524383	-0.726054	-0.464527	-1.130133	-1.435886	0.063134	0.458987	-1.954183	-1.678152	-1.289131	-1.241344	-0.710582	-1.529114	-1.854714	-0.358471	-0.890019	0.200886	0.273279	-0.772003	-0.045613	-0.569698	0.116492	-0.589236	-0.643518	-0.961701	-0.705131	0.142860	0.603073	-1.663019	-0.891298	-0.513422	-0.223224	-0.098837	1.339905	-2.390074	-1.499092	-0.541655	-1.374788	-0.687886	-1.008624	-0.753597	-0.666929	0.513248	0.860971	-0.246621	-0.509723	-0.721744	-0.546070	-1.260968	-1.469178	-0.052728	-0.100157	-0.721312	0.295290	-0.072709	0.094419	-0.383342	0.264791	-1.990551	-1.759420	-0.941812	-0.716190	-0.720432	0.561861	-0.853670	-1.566544	0.265519	-0.143517	0.131553	-0.039212	-0.220279	-0.405999	-0.381588	-0.997388	-0.213434	-1.263267	-0.571571	-0.542178	-0.976299	0.214590	0.388651	0.253499	0.381520	1.351780	-0.179717	0.402624	1.162054	1.550272	0.702632	0.486867	0.524722	0.722583	-1.049337	-1.611411
0.695687	0.062233	0.417782	0.829447	-0.783445	-0.427679	-0.380688	-0.229448	-0.490523	0.285632	-0.355683	-0.642726	-0.458049	-0.574484	-0.812772	-0.177430	0.000756	0.174077	0.310357	-0.597316	-0.710091	0.340698	0.737875	-0.744772	-1.065687	-0.351920	-0.743747	-0.229634	-1.363019	-1.591950	-0.221640	-0.558063	0.185273	0.144919	-0.387107	-0.141651	-0.087423	0.519241	0.157297	-0.061961	0.147031	-0.044530	-0.025995	0.343608	-0.926498	-0.506058	0.168496	0.714857	0.047802	1.251571	-1.116461	-1.097566	-0.489404	-0.490094	-0.209810	0.026963	0.249575	0.407552	0.955652	0.849963	0.254385	0.233048	-0.138216	0.006406	-0.455858	-0.477571	0.731091	-0.398723	0.695269	0.720354	-0.072088	0.394630	-0.594283	0.480264	-1.587863	-1.318826	-0.824447	-0.265479	-0.328262	0.451691	0.677994	-0.321288	0.672251	0.096125	0.634557	0.064161	-0.010826	0.545047	-0.290372	-0.073585	-0.096208	-1.117915	-0.145860	-0.111155	-0.325802	0.345198	1.327930	0.481720	0.797271	1.142855	0.282794	0.148719	1.512878	2.061821	0.733696	0.893367	1.074745	0.539939	-0.876704	-0.998616
0.962464	0.530198	0.360849	0.816031	-0.052227	0.364301	0.213724	0.251019	-0.173824	0.640140	0.136375	-0.101218	-0.154364	-0.423370	-0.363879	-0.040351	-0.344938	-0.096595	0.149154	-0.338922	0.454435	0.035905	0.771000	0.157631	-0.145776	0.027290	-0.489028	-0.216959	-0.361416	-0.925971	-0.304756	-0.384106	-0.016929	-0.270026	-0.180022	-0.622045	0.015465	0.291087	0.609969	0.475400	0.824849	0.600408	0.417040	0.313443	0.049352	0.007419	0.847399	1.105573	-0.302576	0.145316	-0.304125	-0.521251	-0.489819	-0.047726	-0.135372	0.329098	0.185431	0.618051	0.778084	0.425612	0.726314	0.627340	0.353476	0.271679	0.017918	0.217189	0.516621	-0.216328	0.738869	0.036017	0.023024	0.468897	-0.936540	0.414951	-0.825426	-0.372421	-0.201984	-0.011593	0.306671	0.442623	0.504636	0.188073	0.266838	-0.222964	0.179699	-0.145166	-0.397376	0.634423	-0.116887	0.308932	0.140424	-0.768858	0.026160	0.132372	0.807602	0.685557	0.994099	0.191352	0.898946	0.367320	0.330347	-0.564103	0.755560	0.861137	0.298738	1.119572	1.464086	-0.486865	-0.396873	-0.201632
0.639021	0.185759	-1.132810	-0.324672	-0.079511	0.085812	0.526501	0.635069	-0.913750	-0.435545	-0.697028	-0.622317	0.055843	-0.232115	-0.448516	-0.683598	-0.908325	-0.796716	-0.644844	-0.417296	0.865029	-0.571140	0.546768	-0.216857	0.281544	-0.516765	-0.414887	-0.961089	0.653745	-0.085399	-0.644737	-0.359874	-0.062476	-0.469055	-0.154606	-0.904694	-0.621784	-0.523939	0.243146	0.411884	0.378989	0.807928	0.974309	0.939057	0.768878	0.733031	0.915749	0.438220	-0.798448	-1.243183	-0.665189	-0.470147	-0.598256	-0.466457	-0.890007	-0.799150	-1.238808	-0.483370	-0.131980	-0.250820	0.467879	0.213992	0.328547	0.162668	-0.473217	-0.438193	-0.822511	0.178670	-0.875029	-1.062109	0.130210	0.209151	-0.888783	0.187806	-0.475364	0.151158	0.508249	-0.103139	1.057229	0.946010	-1.640629	-0.766748	-0.653835	-0.768485	-0.693114	-0.488016	-1.080319	-0.225252	0.051417	-0.011084	0.349448	-0.245623	0.051206	0.076949	1.495871	1.065423	-0.727099	-0.651409	0.347644	-0.528696	-0.326311	-1.285810	-1.072929	-1.220452	-0.599455	0.413616	0.789340	-1.271603	-0.333172	-0.173685
0.113260	-0.385375	-2.536382	-1.348143	-0.849782	-0.548022	0.113761	0.746885	-1.840960	-1.416670	-1.589709	-1.440255	-0.059008	-0.150999	-0.448399	-1.273107	-0.711695	-0.421105	-0.906131	-0.282025	-0.069365	-0.960057	0.208724	-1.163289	-0.032298	-1.156686	-0.308610	-1.775952	0.854331	0.921181	-0.985331	-0.481383	0.075256	-0.308757	-0.214029	-0.527484	-1.542602	-1.221263	-0.425930	0.046395	-0.678985	0.682490	0.911924	1.806430	0.836622	1.331884	0.362374	-0.675904	-0.858841	-1.706684	-1.468831	-1.022224	-0.712915	-0.999198	-1.798773	-2.180153	-2.562864	-1.722817	-1.021257	-0.581027	-0.417320	-0.576496	-0.184175	-0.157918	-1.245283	-1.774609	-2.133637	0.108497	-2.568923	-1.584562	0.086061	-0.082912	-0.249854	-0.008685	-0.735702	-0.106363	0.689447	-0.308097	1.454880	1.614822	-3.573888	-2.021182	-1.190748	-0.850012	-0.770246	-0.445236	-1.550156	-0.862564	0.244024	-0.295584	0.494078	0.316287	0.143588	-0.154858	1.174534	1.023103	-2.194780	-1.017179	-0.215969	-0.872537	-1.110507	-1.621598	-2.613552	-2.116416	-1.008070	-0.778932	-0.581593	-0.836043	-0.827457	-0.784419
-0.054288	-0.190834	-2.070636	-0.865273	-1.425670	-0.402082	-0.595604	0.792901	-1.754606	-0.736504	-1.211072	-1.267877	-0.354463	-0.144199	0.028188	-0.943742	0.350747	1.171830	-0.075735	0.384867	-1.448066	-0.847834	-0.126645	-1.233460	-0.559390	-0.951565	-0.208191	-1.842675	0.339654	1.896628	-1.083017	-0.753077	0.260820	0.029014	-0.247219	0.351170	-1.835566	-1.019612	-0.465850	0.144032	-1.139614	0.618178	0.112418	2.047311	0.276635	1.327840	-0.281308	-1.237116	-0.488527	-0.990018	-1.491056	-1.406330	-0.574741	-0.667474	-1.689394	-2.038413	-2.115979	-1.516825	-0.962002	-0.078203	-1.033519	-0.767138	-0.616586	-0.372579	-1.126506	-2.114777	-2.176991	-0.575178	-2.665920	-1.288481	-0.184751	-0.075590	0.339811	-0.329435	-0.994027	-0.431828	0.178398	-0.330822	1.118873	1.676216	-2.864946	-1.815084	-0.617048	-0.084867	0.369039	0.310756	-1.351025	-0.364297	0.620894	0.105555	0.739556	0.769044	0.412595	-0.253346	0.108424	0.341390	-1.864403	-0.187527	-0.056676	-0.664125	-1.294152	-1.561166	-2.576436	-0.903374	-0.296215	-1.383144	-1.374013	0.439963	-1.281232	-1.029261
0.218139	0.742395	0.174239	1.085926	-1.095430	0.572700	-0.776622	1.011759	-0.632032	1.123411	0.293132	0.184039	-0.313082	0.114543	0.692583	0.205412	1.528409	2.540255	1.174007	1.310333	-1.748131	-0.315459	-0.393733	-0.077235	-0.521611	0.111254	-0.166785	-1.154225	-0.059490	2.255413	-0.949013	-1.022121	0.507871	0.449907	-0.145518	1.180424	-1.021674	0.177121	0.350176	0.916239	-0.442842	0.726553	-0.739756	1.362475	-0.366939	0.779577	-0.595084	-1.020380	-0.209053	-0.136144	-0.474176	-0.872897	-0.007717	0.515833	-0.249551	-0.168198	0.008760	0.215946	0.028649	0.858578	-0.739090	-0.023284	-0.488237	-0.295235	0.086137	-0.811333	-0.797112	-1.120694	-1.250049	-0.720048	-0.496263	0.142958	0.298691	-0.971473	-0.606527	-0.044196	-0.469585	-0.080225	0.309109	0.903728	0.357633	0.152819	0.844788	1.193747	1.798543	1.457844	-0.302051	0.902832	1.206207	1.053216	1.299029	1.163450	0.761882	-0.070256	-0.843769	-0.599808	-0.131304	1.154254	0.526426	-0.571462	-0.912487	-1.168865	-1.119299	0.964056	0.848975	-1.133436	-0.957839	1.279920	-1.129742	-0.344612
0.439266	1.314106	2.202103	2.886159	-0.193189	1.242860	-0.186359	1.316205	0.354761	2.080914	1.548040	1.818880	0.436439	0.930036	0.999106	1.223318	2.155813	2.495269	1.817885	2.031745	-0.585807	0.393345	-0.548912	1.164627	0.256920	1.219992	0.107377	-0.421854	0.167588	1.550925	-0.858206	-0.925644	1.011866	1.114849	0.222392	1.651089	0.410984	1.635554	1.211057	1.680414	0.686800	0.730925	-0.965290	0.398780	-0.422402	0.373823	-0.579912	-0.687826	-0.355708	-0.359642	0.705607	0.386815	0.728008	1.537050	1.469275	1.722917	1.942199	1.883555	0.849186	1.157358	0.078816	0.852938	0.194750	0.078044	1.312956	0.959482	1.035610	-0.641680	0.059173	-0.363542	-0.451805	0.233280	0.127264	-1.594932	0.273291	0.909480	-0.526328	0.355645	-0.178040	-0.046800	3.269813	2.309522	2.112270	2.142000	2.250711	2.219624	1.221850	1.926431	1.620832	1.754280	2.057554	1.595685	1.050322	0.294990	-1.029570	-1.170495	1.019494	1.495718	0.402592	-0.924102	-0.629391	-0.358689	0.374482	1.220605	1.029222	-0.935046	-0.126918	1.068711	-0.499235	0.702227
0.108602	0.704671	2.355872	2.972826	0.269319	0.601864	0.389446	1.256922	0.252630	0.882301	1.458722	2.264038	1.584141	2.087960	0.797454	1.364653	2.101853	1.343390	1.502716	2.181103	0.824920	0.959078	-0.692819	1.239523	1.039245	1.530367	0.864859	-0.244370	0.621011	0.156538	-1.102640	-0.225301	1.797350	2.024754	0.829333	1.828274	1.465773	2.430843	1.132091	1.589978	1.032199	0.343335	-0.750337	-0.116595	0.181811	0.586764	-0.394490	-0.812065	-0.667363	-1.679015	1.207782	1.442010	1.129691	1.588881	2.142185	1.976265	2.143793	2.099289	0.494876	0.297622	0.465527	0.794889	1.077346	0.643497	1.500726	1.703309	2.098710	0.796303	0.145010	-0.135628	0.103333	0.076883	0.699092	-1.531501	0.862826	1.675601	0.040118	0.743320	0.095894	-0.442870	3.331927	2.893532	2.260782	2.092256	1.467588	2.066897	2.334548	2.132682	1.349067	1.474952	2.404838	1.827076	1.202428	0.639791	-0.654324	-1.156435	0.256877	0.215494	-0.888078	-1.168967	-0.730876	0.728439	0.813251	-0.543871	-0.213842	-1.497676	-0.024074	0.420161	0.151324	1.207631
-0.632799	-0.627551	1.108965	1.476600	-0.210456	-1.017841	-0.005438	0.458288	-0.584829	-1.417848	0.298519	1.238997	2.244338	2.773410	0.453808	0.859546	1.443182	0.126540	0.571301	1.449252	1.182992	1.035371	-1.065673	0.168244	0.958111	0.774183	1.693361	-0.545033	0.530739	-0.850934	-1.645385	0.707592	2.398363	2.588607	1.256887	1.707442	1.638331	2.177218	0.127865	0.607547	0.251755	-0.357196	-0.878570	-0.329533	0.673366	0.956222	-0.095035	-1.109717	-0.511687	-2.840614	1.117527	1.691301	1.091330	0.924612	1.591568	0.843844	1.086465	1.233502	-0.739374	-0.937986	0.076111	-0.279743	1.699958	1.132616	0.901042	1.410969	1.798622	2.026786	-0.347212	0.221688	0.695488	-0.175240	1.760606	-0.610008	0.662988	1.813973	0.414604	0.704366	0.549865	-0.381779	1.020039	1.769680	1.418103	1.153566	0.377074	1.169684	2.282675	1.560962	0.412314	0.272628	1.716469	1.421195	1.128788	0.735773	-0.494545	-0.950334	-1.474845	-1.518677	-2.268440	-0.655245	-0.717021	1.463369	0.392534	-2.287237	-1.667802	-2.115165	-0.586471	0.136992	0.704319	1.006990
-1.022709	-1.407723	0.195288	-0.035348	-0.956183	-2.153368	-1.135841	-0.738930	-1.028554	-2.658854	-0.686529	-0.246953	1.771028	2.250452	0.348031	0.497099	0.291969	-0.644057	-0.463016	-0.135920	0.656710	0.589053	-1.587273	-0.835383	0.137510	-0.559888	1.775252	-0.762993	-0.261526	-0.692023	-2.012451	0.981580	2.146904	2.039415	0.996645	1.064278	1.313306	1.178210	-0.632986	-0.320843	-0.650750	-0.824423	-1.512881	-0.831335	0.247669	0.608570	0.321351	-0.765530	0.487135	-2.678123	0.990129	1.427486	0.980776	0.309827	0.798218	0.009351	0.437960	0.719850	-1.428663	-1.173057	-0.292335	-1.191313	1.738105	1.216460	0.582253	1.250776	0.465520	1.873634	-0.125951	0.667980	0.636358	-0.357977	2.047928	0.570239	-0.054030	1.396702	-0.149080	0.023804	0.189067	-0.534773	-0.959262	0.349570	0.523984	0.117938	-0.003290	0.153071	1.126943	0.496776	-0.453751	-0.889077	0.129591	0.418474	0.758293	0.475651	-0.873160	-1.027632	-1.955923	-1.940188	-2.270012	0.365612	-0.146489	1.277546	0.032008	-1.812792	-1.720472	-1.521386	-0.644665	0.185397	1.215009	0.623827
-0.452519	-0.794494	0.349846	-0.352287	-0.837520	-1.684866	-1.570431	-1.280541	-0.562010	-1.938308	-0.666974	-0.982981	0.457861	0.696267	0.358422	0.555301	-0.955544	-1.075089	-1.178540	-1.783783	0.482297	0.160008	-1.528264	-0.643158	-0.339251	-1.488910	0.815367	-0.499456	-1.008793	0.247753	-1.623617	0.120679	0.930066	0.431388	0.167714	-0.072819	1.133233	0.060245	-0.018873	-0.171583	-0.350010	-0.377456	-1.681173	-1.438469	-0.847900	-0.505072	0.753535	0.540842	1.854161	-1.347661	0.861066	1.215679	0.978604	-0.001702	0.600267	0.504859	0.886922	1.151451	-0.481927	0.146522	0.419765	-0.593615	1.276906	0.904895	0.878886	1.718747	-0.961899	0.442419	0.858185	0.969082	-0.101044	-0.349489	0.925969	1.232416	-0.696454	0.569066	-1.341579	-0.901688	-1.052167	-1.047192	-0.911682	-0.092400	0.227392	-0.343159	0.353866	-0.492217	-0.361165	-0.627112	-0.575054	-0.992807	-1.381130	-0.484913	0.211230	0.084112	-1.155232	-1.280254	-0.323063	-0.712079	-0.868226	0.954017	0.485354	0.351155	0.187259	0.658241	-0.232496	0.194053	0.383606	0.014028	1.337028	0.463357
0.824289	0.879525	0.625152	0.171983	0.380485	-0.031859	-0.394481	-0.440599	0.241272	-0.359387	-0.048888	-0.682765	-0.742510	-0.863565	0.007377	0.457846	-1.712451	-1.229850	-1.332986	-2.358525	1.223893	0.381368	-0.218994	0.667612	0.212141	-1.300430	-0.593386	0.054048	-0.783575	0.776985	-0.360804	-1.142311	-0.529925	-1.153520	-0.417740	-1.148557	1.193458	-0.646249	1.732797	0.993495	1.271070	1.067845	-0.479827	-1.211129	-1.437769	-1.384027	0.897154	1.982013	2.374713	-0.025077	0.187485	1.007106	0.773441	-0.301727	0.822303	1.648605	1.452042	1.638998	1.548942	2.079623	2.042272	1.448286	0.723054	0.591298	1.004605	1.949495	-1.609804	-0.831477	1.345469	0.904458	-0.807530	-0.087224	-0.870637	1.018588	-1.014149	-0.568532	-2.022699	-1.261579	-1.985458	-1.196936	0.203302	0.355256	0.208579	-0.377058	0.581668	-0.717255	-1.472785	-1.312593	-0.191168	-0.118155	-1.930116	-0.726781	-0.300398	-0.095162	-0.555201	-1.034188	1.789005	0.756819	0.453548	0.552506	0.197524	-0.591923	0.518928	2.646882	1.329284	1.404961	1.530206	-0.568513	0.616920	0.493842
1.849746	2.404954	-0.042367	0.299034	1.689957	1.277234	1.465061	1.175161	0.612007	0.477979	0.221930	0.018211	-1.184318	-1.558244	-0.814355	-0.357882	-1.778341	-0.961238	-1.056040	-1.530740	2.048423	1.111519	1.755604	1.911052	1.132279	-0.284125	-1.538825	0.367941	0.512597	0.286638	1.107414	-1.479160	-1.355498	-1.692401	-0.207262	-1.591762	1.073761	-0.733097	3.093115	1.926656	2.804963	2.562653	1.410639	0.045447	-0.838774	-1.211371	0.391342	2.135941	1.246155	0.402594	-1.179338	0.279406	0.125740	-0.666191	0.800243	2.080841	0.983806	1.077728	2.753877	2.889351	2.907837	3.086914	0.255834	0.441952	0.311941	1.087380	-1.301939	-0.665715	0.526857	0.229640	-0.975072	0.203775	-2.232619	0.041682	-1.111589	-1.651522	-1.515833	-0.762540	-1.528681	-0.434610	0.502743	0.713989	-0.258042	-0.661860	0.014458	-0.734360	-2.012654	-1.413720	-0.179066	0.531084	-1.591927	-0.553811	-0.801715	-0.157087	0.665348	0.078298	2.082677	1.161771	0.568955	-0.527334	-1.182737	-1.078245	0.536897	2.124079	1.666660	0.980856	1.441932	-1.277691	-0.619195	0.556949
1.827057	2.648145	-1.279829	-0.476888	1.955315	1.215919	2.187143	2.071385	0.560310	0.234364	-0.034587	0.471348	-0.996130	-1.399659	-1.452849	-1.494220	-1.478998	-0.290956	-0.767932	-0.168326	1.890782	1.392874	2.698179	2.000339	1.261401	0.542740	-1.482282	0.259712	1.908226	-0.446822	1.687145	-0.545032	-1.337018	-1.256833	0.376869	-1.413132	0.575799	-0.349349	2.810712	1.505870	2.775830	2.814220	2.157355	1.071939	0.226705	-0.393544	-0.679455	0.495473	-0.752487	0.036100	-2.370959	-0.945843	-0.631550	-0.763485	0.352343	1.318209	-0.309754	-0.443176	1.720362	1.572478	1.567477	2.409194	-0.375783	0.068188	-0.700052	-0.371449	-0.642757	0.581177	-0.818613	-1.052246	-0.853214	0.067014	-2.687223	-1.248047	-1.001204	-2.061320	-0.389718	-0.110668	-0.123290	0.624428	-0.298973	0.415563	-1.185779	-1.379497	-0.972286	-0.654266	-1.992850	-1.279367	-0.877474	0.053706	-1.114464	-0.525005	-1.451467	-0.575632	1.255724	1.350630	0.233774	0.824687	0.014871	-1.587799	-2.562699	-1.142963	0.170860	-0.342462	1.012281	-0.221977	0.124492	-1.802389	-1.326425	0.542396
0.824261	1.429160	-1.725937	-1.343146	1.178246	0.232828	1.193447	1.423360	0.728031	-0.136127	-0.029493	0.630306	-0.616142	-0.942782	-1.099966	-1.896043	-1.081580	0.400522	-0.631168	0.654596	0.825652	0.566360	1.646497	1.045571	0.495772	0.622414	-0.481631	0.184828	2.235430	-0.204222	0.859597	0.512554	-0.923540	-0.688980	0.541815	-1.049272	0.117255	0.132370	1.269393	0.060166	1.307921	1.539923	0.955593	0.595344	0.547827	0.040182	-1.471375	-1.619070	-1.734713	-0.444515	-2.220140	-1.724920	-0.923343	-0.472668	-0.089226	0.011147	-1.209174	-1.768934	-0.849099	-1.068179	-1.286333	-0.314287	-1.269424	-0.810418	-1.009534	-1.152048	-0.361242	1.274734	-1.258474	-2.147460	-0.827307	-0.553059	-2.273469	-2.138724	-0.507187	-1.462259	0.265722	-0.191579	0.704026	0.794563	-0.796784	-0.171986	-1.690543	-1.792698	-1.357006	-0.392203	-1.331539	-1.189597	-1.570722	-0.965183	-0.922434	-0.610347	-2.003023	-1.335060	0.430190	1.524696	-1.837787	0.912034	0.079429	-2.116452	-2.593257	-0.920257	-0.303533	-2.332286	0.465795	-0.467543	-1.069545	-1.892197	-0.908242	0.320232
-0.325005	-0.344537	-0.737621	-1.259680	0.440213	-0.431253	-0.240573	-0.103760	1.454138	0.228898	0.824800	0.776805	-0.255499	-0.577516	0.181583	-1.098624	-0.482751	0.611411	-0.307398	0.717086	-0.158065	-0.789876	-0.333744	0.136390	-0.086369	0.455253	0.858539	0.679311	1.275470	1.059106	-0.587582	0.477059	-0.623742	-0.544249	0.173816	-0.819356	0.214056	0.350671	0.012735	-0.979388	-0.058029	-0.161610	-0.853539	-0.981542	-0.024153	-0.218409	-1.058928	-2.150719	-0.722006	-0.441703	-0.575711	-1.235485	-0.546296	-0.147796	-0.103410	-0.940234	-0.964056	-1.965187	-2.689573	-2.981672	-3.216828	-2.656703	-1.942761	-1.691761	-0.325889	-0.758742	-0.518338	0.475567	-0.381030	-1.885070	-0.758724	-1.006553	-1.194844	-2.008461	0.341805	-0.208233	0.103218	-0.919290	0.141804	-0.182057	0.033308	-0.374083	-1.132917	-1.152980	-0.692944	0.035703	-0.181533	-0.909656	-1.381833	-1.176070	-0.784265	-0.346355	-1.831428	-1.601312	-1.083869	0.275060	-2.238810	1.679188	1.076964	-1.865125	-1.018214	-0.450415	-0.574293	-2.187079	0.499872	0.720037	-1.093231	-1.230189	0.137593	-0.067622
-0.793982	-1.480234	0.854349	-0.293287	0.639091	-0.127518	-0.598519	-1.220363	2.265076	1.131588	1.951645	0.983146	0.021137	-0.382763	1.344057	0.211460	0.316222	0.150653	0.440114	0.530962	-0.468846	-1.415637	-1.340087	0.061916	0.308594	0.760618	1.601188	1.587545	-0.086064	2.050982	-1.186303	-0.403313	-0.653600	-0.719886	-0.164274	-0.780461	0.727293	0.156001	-0.049597	-0.790464	-0.255330	-1.046917	-1.343071	-2.067867	-0.517257	-0.561713	0.361089	-0.545139	1.151768	0.248856	1.388088	0.055922	0.217817	-0.027306	0.290366	-1.109036	0.032185	-1.169377	-2.315551	-2.802937	-2.621118	-2.693275	-1.894435	-1.805012	0.681603	0.097221	-0.501010	-0.930515	0.868387	-0.215979	-0.385678	-0.697424	0.016666	-0.934364	1.135089	0.886089	-0.264588	-1.327290	-1.044128	-1.276917	1.509584	-0.016858	-0.116831	0.181207	0.294714	0.278224	0.798201	-0.145318	-0.375034	-0.217053	-0.421581	0.234779	-0.796405	-0.755505	-1.834870	-1.227087	-1.045425	2.238955	2.093848	-0.789665	1.070398	0.049504	-0.438372	-0.537015	0.656933	2.168290	-0.265158	0.188062	0.931114	-0.183107
-0.461015	-1.549314	1.767673	0.522254	1.519231	0.729076	0.188654	-1.385362	2.361529	1.752563	2.209692	1.082961	0.086062	-0.333598	1.502489	1.071872	0.900528	-0.513659	1.183470	0.575716	-0.436351	-0.798054	-0.867145	0.532871	1.185379	1.424333	1.132044	2.117905	-0.856017	1.702794	-0.392904	-0.834020	-0.933498	-0.867248	-0.104925	-0.858034	0.937482	-0.287991	0.432806	-0.072574	0.133780	-1.049192	-0.248615	-1.837023	-0.237331	-0.490860	1.401606	1.509300	1.918048	1.313719	2.340506	0.837507	0.915980	0.208627	0.769376	-0.594445	0.914062	-0.232576	-0.492471	-1.197401	-0.444541	-1.102343	-1.324019	-1.134421	1.236730	0.519373	0.160174	-1.447620	1.375802	1.283852	0.039998	0.068129	0.616989	0.219510	1.511904	1.195734	-0.162339	-0.769352	-1.541742	-1.414691	2.200976	0.506177	0.174088	1.043912	0.563461	-0.003890	1.052849	0.804633	0.598891	0.879450	0.041387	0.545194	0.347934	0.579917	-1.283102	-1.595031	0.235340	1.901387	2.247694	0.794275	2.289160	0.200467	0.098032	0.743620	0.463526	2.592739	0.444087	1.594926	1.138053	0.343354
0.140352	-1.098407	1.690870	0.568400	2.064946	1.391965	0.990152	-1.068216	1.522469	1.680774	1.354625	1.011795	-0.027854	-0.270264	1.009215	1.349263	0.999849	-0.438113	1.336681	0.990684	-0.547467	0.342164	-0.114164	0.778732	1.531262	1.765203	-0.075485	1.766336	-0.849141	0.434385	0.781663	-0.166241	-1.089701	-0.705661	0.159799	-0.781707	0.452846	-0.532143	0.298212	0.013631	-0.080948	-1.024564	0.983717	-0.930509	0.447546	-0.184753	0.998762	1.927158	1.045958	2.000299	2.129596	0.574846	1.232009	0.934555	1.011177	0.162058	1.258798	0.200062	0.873258	-0.008496	1.058652	-0.020392	-0.844320	-0.402339	1.189749	0.387021	1.192487	-0.841312	1.015549	1.166526	0.088417	0.475478	0.444602	0.634276	1.625093	0.824129	0.435609	0.411391	-0.904842	-0.581165	1.662776	0.773234	-0.407324	0.930398	0.092627	-0.532387	0.910384	1.308177	0.979917	1.115908	0.432154	0.453103	0.829940	1.168288	-0.177815	-0.751332	0.602015	1.012028	1.615632	2.143612	2.246571	0.006111	0.713301	0.683879	0.034383	1.881908	0.657776	2.013509	0.972037	1.057007
0.466206	-0.839127	1.389474	0.367345	1.660447	1.590232	1.006409	-0.877957	0.412047	1.236593	0.448391	0.908023	0.059596	0.135974	1.000199	1.611658	0.998454	0.856884	1.061564	1.677217	-0.720428	1.017943	-0.135006	0.541532	1.143242	1.610792	-0.685910	0.950614	-0.523494	-0.418841	1.095541	0.986388	-0.620959	-0.054433	0.353575	-0.132603	-0.218882	-0.122949	-0.573893	-0.585313	-0.974516	-1.427832	1.170941	-0.236276	0.884099	0.085762	-0.334575	0.473654	-0.150931	1.704165	1.730051	0.109813	1.139922	1.844417	0.831371	0.561359	1.214778	0.142158	0.903421	-0.174153	0.877540	-0.265695	-0.646357	-0.089026	0.921563	0.215512	1.936984	-0.111861	0.586562	0.006747	-0.112784	0.306891	0.220687	0.428805	1.907357	0.567961	1.092159	1.478141	0.301669	0.507733	0.773406	0.736403	-0.644090	0.627902	-0.053146	-0.532864	1.200274	1.239953	0.985028	0.725424	0.920394	0.631192	0.796519	0.678915	0.591032	0.258162	0.377757	0.296910	0.840559	2.516840	1.756500	0.058987	0.933600	-0.022949	-0.282120	0.815307	0.734276	1.482372	0.727821	0.937738
0.376373	-0.881346	1.517331	0.681135	0.591529	1.502161	0.485913	-0.836260	-0.096736	0.914162	0.580234	0.882539	0.638602	0.977166	1.873855	2.106680	1.402600	2.548529	1.099831	2.244865	-0.589792	0.988488	-0.550059	0.143428	0.668198	1.462339	0.073122	0.497267	-0.247999	-0.153712	0.638772	1.777864	0.538746	0.970647	0.465298	1.103222	-0.270727	0.899147	-1.259899	-0.846221	-1.490847	-1.760725	0.633624	0.225547	1.050706	0.491714	-1.198340	-1.262000	-0.378463	0.666368	1.930099	0.405881	0.835925	2.084671	0.214428	0.206004	0.983319	-0.049020	0.291530	-0.924770	-0.016779	-0.643814	-0.401895	0.011216	0.777104	0.410666	2.068432	0.124928	0.840997	-0.310215	-0.044640	0.119259	0.630619	0.464667	2.365712	1.140605	1.425051	2.106586	1.336419	1.331459	0.530162	0.627190	0.439054	1.047153	0.821015	0.273731	2.047762	1.122252	1.039633	0.575065	1.665136	1.457840	0.852607	-0.051898	0.897603	0.671053	0.290709	-0.111609	0.299307	1.841093	1.768644	0.854747	0.573521	-0.229609	-0.401703	0.046314	0.939568	1.148430	0.691499	-0.315399
-0.069231	-0.904401	1.732020	1.312831	-0.530948	1.235754	-0.007355	-0.566827	0.127329	0.807058	1.476213	0.873242	1.385887	1.755195	2.669994	2.371382	1.997798	3.065620	1.668255	2.069185	-0.149912	0.631777	-0.430005	-0.152304	0.523391	1.546583	1.373625	0.627977	-0.061415	0.663228	0.485719	2.066318	1.674080	1.787086	0.517781	2.173841	0.331287	1.797916	-1.186594	-0.144060	-1.010120	-1.362682	0.338803	0.877983	1.272445	1.199469	-0.999485	-1.838198	0.064178	-0.189814	2.405592	1.236059	0.418132	1.154815	-0.678992	-0.716901	0.466822	-0.208108	-0.051021	-1.052293	-0.280072	0.041375	0.096907	0.225343	0.691347	0.854680	1.679469	0.296382	1.692426	0.927330	0.415440	0.329983	1.400430	1.188357	2.395524	2.220870	1.315820	2.364941	1.840417	1.738970	0.933875	0.636051	2.114517	1.852710	1.926859	1.107976	2.594036	1.350264	1.174861	0.868543	2.274363	2.152843	0.962866	-0.277663	1.011284	0.624361	0.438470	-0.664427	-0.064753	0.850956	2.208576	2.018904	-0.038616	0.249317	-0.460579	-0.353555	0.978235	1.742212	1.162612	-1.687103
-0.890750	-0.791673	1.226485	1.341501	-1.462972	0.663399	-0.437074	0.074841	0.353116	0.651344	1.803497	0.766525	1.647209	1.829839	2.225165	1.931938	2.042059	1.776510	2.074170	0.919109	0.234459	0.264091	0.230988	-0.371280	0.382755	1.338598	1.633467	0.762674	0.036616	1.010220	1.035740	2.067950	1.902826	1.805728	0.402876	2.257935	0.716097	1.727319	-0.884418	0.909692	-0.202608	-0.297423	0.511260	1.656883	1.469838	1.793180	-0.433442	-1.282420	-0.037972	-0.302525	2.237702	1.605727	-0.307534	-0.476364	-1.571693	-1.524974	-0.485127	-0.439401	-0.109273	-0.390474	0.208427	1.322844	0.664048	0.516215	0.296783	1.071943	0.829906	0.767136	2.298380	2.374938	0.892444	0.676526	1.679558	1.902544	1.522238	2.497362	0.896644	2.257548	1.778875	1.574622	1.152391	0.736618	2.669283	1.860264	1.829733	0.998309	2.143962	1.639799	1.170540	1.022684	2.067013	1.678673	0.539559	-0.174309	0.947773	0.470795	0.429085	-1.628433	-0.375887	0.395337	2.081410	2.533683	-0.380897	0.699723	-0.558953	-0.617182	0.438405	2.440573	2.044717	-1.907023
-2.015134	-0.731296	-0.074711	0.436393	-2.267668	-0.224261	-1.101654	0.761116	-0.119703	0.252281	0.807584	0.533037	1.214248	1.213369	0.635617	0.978659	1.248367	-0.210697	1.634183	-0.530162	0.306161	-0.011441	0.560604	-0.525282	-0.163518	0.358031	0.390417	0.351085	-0.013345	0.557011	1.494912	1.677499	1.183240	1.158440	0.125618	1.501682	0.173755	0.655331	-1.096997	1.293154	-0.071029	0.760018	0.562973	2.030057	1.247764	1.632998	-0.378782	-0.520767	-1.077622	-0.089118	1.080591	1.132832	-1.456169	-1.693995	-2.167872	-1.622419	-1.607703	-0.726970	-0.325674	0.302966	0.586721	1.880854	1.077625	0.711570	-0.628451	0.663242	-0.468301	0.989131	1.867162	2.394638	1.115046	0.727941	1.140927	1.475130	0.157569	1.079502	0.487580	1.665477	1.277872	0.732605	0.549884	0.733993	1.439816	0.684093	0.281085	0.056087	1.117645	1.423622	0.968455	0.634637	0.936720	0.204111	-0.427952	-0.219842	0.588486	0.171622	0.127194	-2.593628	-0.617114	0.599288	0.742367	1.805557	-0.256701	0.614229	-0.722294	-0.875968	-0.559529	1.874224	2.556307	-0.863241
-2.988624	-0.768648	-1.251791	-0.627636	-2.837772	-1.040797	-1.909469	1.032099	-1.121038	-0.277609	-0.800081	0.188257	0.482310	0.543361	-0.848734	0.102527	0.117976	-1.286354	0.521082	-1.277423	0.101023	-0.075289	0.057627	-0.550027	-0.936038	-0.983004	-1.121637	-0.409457	-0.108580	-0.117512	1.105636	0.676292	0.349391	0.592542	-0.118746	0.852736	-0.901718	-0.516739	-1.609050	0.784696	-0.657149	1.247344	0.050318	1.694847	0.547774	0.653994	-0.895946	-0.194689	-2.192083	-0.268150	-0.452985	0.383453	-2.536337	-1.675108	-2.211871	-0.955176	-2.212346	-0.729665	-0.658681	0.525408	0.300700	1.307594	1.268669	0.768562	-1.779621	-0.332488	-1.705285	0.373157	0.429154	0.913361	1.090222	0.452756	0.343457	-0.221973	-0.747003	-1.198121	0.328504	0.623684	0.566622	-0.447931	-0.625737	0.443800	-0.421007	-0.657840	-1.339035	-0.637330	0.455802	0.551321	0.668655	0.005311	-0.341505	-1.015195	-1.131854	-0.398003	0.061557	-0.387401	-0.158834	-2.744435	-0.681956	0.800672	-1.177861	0.345245	0.077582	0.233582	-0.900000	-1.023179	-1.356141	0.033747	1.888263	0.389018
-3.187348	-0.644277	-1.411372	-0.924765	-2.814020	-1.285483	-2.266046	0.743940	-1.828765	-0.665660	-1.746779	-0.273350	-0.143203	0.239928	-1.285316	-0.386255	-0.720903	-1.063142	-0.570414	-1.092224	-0.267806	0.088829	-0.787013	-0.554624	-1.447107	-1.762203	-1.435608	-0.872152	-0.016204	-0.335556	0.144864	-0.640379	0.072458	0.519849	-0.279588	0.804585	-1.428960	-0.935877	-1.504734	-0.005346	-1.135932	1.080681	-0.784284	0.844254	-0.277749	-0.551591	-1.434939	-0.316138	-2.372593	-0.794121	-1.456747	-0.058923	-2.691754	-0.588917	-1.571551	0.073531	-1.776748	-0.160615	-0.593573	0.556392	-0.317266	0.371418	1.117068	0.620105	-2.427623	-1.393384	-1.898936	-0.537293	-1.145280	-0.832494	0.763459	0.064108	0.063804	-1.887931	-0.811032	-2.423476	0.242994	-0.605825	-0.140653	-1.292425	-1.530238	-0.110978	-1.279223	-0.970580	-1.578709	-0.427755	0.394451	-0.573420	0.319162	-0.313984	-0.826189	-1.115110	-1.075870	-0.439156	-0.416372	-0.953475	-0.151836	-1.634494	-0.444732	0.314802	-2.318292	-0.719975	0.260993	0.022915	-0.859675	-0.855623	-1.414366	-1.547209	0.240683	0.879506
-2.383180	-0.210121	-0.680598	-0.446758	-1.974299	-0.900035	-1.733805	0.131928	-1.681390	-0.755935	-1.602438	-0.808426	-0.597830	0.102763	-0.934985	-0.593569	-1.063697	-0.403888	-1.194128	-0.608344	-0.678610	0.157680	-1.139248	-0.708848	-1.553322	-1.590321	-0.522413	-0.751231	0.239394	-0.131702	-0.653730	-1.567556	0.180642	0.564441	-0.529561	0.872463	-0.927576	-0.682874	-0.511170	-0.544446	-0.942835	0.451148	-1.352097	-0.139190	-0.971668	-1.362764	-1.532706	-0.600591	-1.406781	-0.855332	-1.540816	-0.219271	-1.618785	0.588151	-0.399742	0.956459	-0.504797	0.730662	0.089670	0.856277	-0.598006	-0.171511	0.517287	0.163088	-2.010943	-1.867853	-0.683606	-0.585717	-1.873133	-1.739972	0.136434	-0.272148	0.472342	-2.059135	-0.613882	-1.746500	-0.193916	-1.676366	-0.731784	-1.400675	-1.568892	-0.658765	-0.680597	-0.227066	-0.491625	0.188338	0.337244	-1.356651	0.009143	-0.083096	-0.324591	-0.372780	-0.753565	-0.380383	-0.826838	-1.149098	0.020920	0.200847	0.108407	-0.790562	-1.970159	-0.739563	0.188635	0.048550	-0.325000	-0.354642	-0.914950	-1.581746	-1.186182	0.627693
-0.954323	0.262366	0.025987	0.033121	-0.503857	-0.369794	-0.574584	-0.474738	-0.828701	-0.612977	-0.939080	-1.233771	-0.839989	-0.139657	-0.615845	-0.665659	-0.957739	-0.039369	-1.258670	-0.345393	-0.821283	-0.166377	-0.701264	-0.806309	-1.465937	-0.900134	0.317755	-0.363595	0.315830	-0.085478	-1.052830	-1.698802	0.172399	0.265325	-0.802167	0.533808	-0.042981	-0.412978	0.476265	-0.853364	-0.329991	-0.423759	-1.260503	-0.902801	-1.494141	-1.527479	-1.049031	-0.709366	0.254877	0.088472	-0.996856	-0.306920	0.069105	1.002500	0.825717	1.318077	0.800950	1.291446	0.980110	1.350699	-0.291428	-0.344410	-0.224295	-0.367728	-0.679801	-1.463821	0.921032	0.384854	-1.405884	-1.504477	-0.253910	-0.318102	0.945939	-0.694958	-0.822107	-0.349930	-0.971435	-2.201281	-1.062036	-0.900362	-0.931785	-0.909194	0.482558	0.615993	0.647892	0.449941	-0.185928	-1.384991	0.022623	0.548430	0.478515	0.485891	-0.752111	-0.360187	-1.082623	-0.915961	0.014923	1.518541	0.685186	-1.693473	-0.704033	-0.047212	0.002930	0.038261	0.579513	0.167131	-0.555566	-0.395516	-1.419641	0.318206
0.480536	0.414637	0.053407	-0.076499	1.121784	-0.161294	0.504151	-0.855719	0.217600	-0.419806	-0.348865	-1.301187	-0.602382	-0.301830	-0.623664	-0.617754	-0.473671	0.118191	-0.758206	-0.168149	-0.325031	-0.568007	0.169787	-0.347176	-1.228004	-0.275356	0.045370	-0.129833	0.090092	-0.436061	-1.146774	-1.193681	0.009315	-0.156613	-0.595038	0.108971	0.331961	-0.330572	0.492988	-1.068468	0.190434	-1.247911	-0.498325	-1.092229	-1.626106	-1.036269	-0.071224	-0.362333	1.967619	1.573301	-0.339463	-0.206851	1.495227	0.648382	1.567705	1.044947	1.427390	1.119672	1.504278	1.497009	0.280364	-0.491671	-0.461202	-0.365116	0.765973	-0.449043	1.447383	1.165639	-0.165709	-0.364775	0.309160	0.232615	0.680843	0.783398	-1.268600	0.094365	-1.371997	-1.815093	-0.853234	-0.088882	-0.351521	-0.844005	1.101997	0.807471	0.906192	0.414510	-0.961677	-0.670474	0.514329	1.168501	0.726493	1.092746	-0.722902	-0.116552	-0.717433	-0.427385	-0.275894	1.510318	0.803087	-1.625722	0.364179	0.563791	-0.174059	-0.203400	1.223420	0.322818	-0.713536	0.725641	-0.685949	0.411664
1.479743	0.266259	-0.421274	-0.607605	2.338903	-0.196347	1.025416	-0.878728	1.024575	-0.343935	0.164152	-0.910993	0.247366	-0.050872	-0.622236	-0.489372	0.113939	0.298847	0.100791	0.154327	0.698721	-0.385952	0.950709	0.740053	-0.575918	0.141526	-1.000111	-0.107640	-0.011984	-0.725880	-0.714383	-0.395015	0.062199	-0.111703	0.407787	0.212996	0.121156	-0.010364	-0.232658	-0.989245	0.531102	-1.571735	0.635237	-0.512635	-0.961119	-0.049321	1.077634	0.430380	3.018573	2.523515	0.218171	0.287993	2.160994	0.088856	1.584076	0.386649	1.265210	0.440000	1.476651	0.927541	0.639772	-0.591172	0.117157	0.499193	1.494714	0.561881	0.667113	0.682996	1.057920	1.075634	1.606484	1.249882	-0.377692	1.085349	-1.221345	-0.564952	-0.731324	-0.539521	0.011983	0.844580	-0.352129	-0.693070	0.872637	0.444226	0.510980	0.668419	-1.526109	0.256451	1.050803	1.268176	0.175932	1.383579	0.080255	0.739990	0.598982	0.245501	-0.572604	0.611418	0.318976	-0.699279	0.685960	0.675605	-0.394093	-0.619974	1.064432	0.120645	-1.002043	1.011044	0.019512	0.725162
1.846503	0.088761	-0.777281	-0.927869	2.624112	-0.071150	1.009863	-0.557194	1.298870	-0.479933	0.732091	-0.283640	1.265626	0.475330	-0.333398	-0.362568	0.295404	0.272297	0.697753	0.374340	1.516202	0.432887	1.367173	1.739717	0.532437	0.480468	-1.588914	-0.083530	0.425294	-0.525280	0.489496	0.466134	0.450783	0.453847	1.673614	0.670142	-0.075014	0.716450	-0.599249	-0.411267	0.925195	-1.094980	1.622378	0.477656	0.435021	0.930548	1.867805	1.259468	2.777389	2.243958	0.784770	0.985490	1.866607	-0.378743	1.011754	-0.172090	0.699157	-0.200788	1.099744	-0.116612	0.604599	-0.354841	1.101806	1.733554	1.231782	0.992844	-0.190696	-0.621909	1.595523	1.911638	2.298112	1.923949	-1.315586	0.421198	-0.429002	-1.127242	0.577788	0.887869	1.091407	1.617917	-0.726710	-0.623739	0.320816	0.072941	0.170758	1.209848	-1.674671	0.645130	0.880520	0.617827	-0.677745	1.231677	1.428464	1.934850	2.232185	1.073030	-0.564909	-0.097260	-0.272530	0.193493	0.565733	0.446897	-0.727921	-0.988833	0.258309	0.008345	-0.817976	0.598110	0.089671	0.713535
1.580168	-0.048588	-0.671066	-0.660958	1.781116	0.292549	0.683730	-0.215809	0.884792	-0.813405	1.027615	0.085912	1.627398	0.661341	0.084156	-0.214503	-0.177098	-0.216109	0.458266	0.089876	1.520243	1.114710	1.422790	1.769655	1.489513	0.663936	-0.941833	0.061164	1.053206	-0.200747	1.876574	1.151075	0.762412	0.848957	2.144388	0.599339	0.032201	1.206714	-0.107954	0.270744	1.341652	-0.117894	1.901791	1.005206	1.691702	1.219596	1.858537	1.609072	1.224321	1.007012	1.289619	1.287412	0.604725	-0.902329	0.180322	-0.338075	0.129916	-0.468552	0.607839	-0.983274	0.336825	0.181756	1.726301	2.338082	0.342500	0.612679	-0.021322	-1.343670	1.221403	1.516552	1.320708	1.445618	-1.282073	0.053234	0.452398	-0.863544	1.292109	1.425766	1.569152	1.726561	-0.821204	-0.612638	0.039478	-0.024091	0.080553	1.229876	-1.385587	0.175024	-0.193292	-0.413185	-1.199754	0.493390	2.011492	2.477968	2.820150	1.766954	-0.317164	-0.196477	-0.339537	0.367040	0.550790	0.137627	-1.005917	-1.055166	-0.530428	0.276948	-0.157025	-0.119885	-0.265838	0.022576
0.947171	-0.284581	-0.330219	-0.107628	0.296184	0.489227	0.205047	-0.299916	-0.063946	-1.164024	0.533208	-0.207330	0.871578	0.066789	0.323115	-0.005239	-0.898365	-0.840020	-0.428959	-0.616051	0.968159	0.996458	1.183020	0.671661	1.461130	0.397056	0.544678	0.207213	1.004913	-0.492574	2.202430	1.333165	0.481827	0.411185	1.309769	-0.372501	0.084501	0.718115	0.533618	0.277157	1.332087	0.570108	1.228556	0.494520	1.877388	0.636298	1.034348	1.268571	-0.717627	-0.232856	1.222210	0.673551	-1.072137	-1.411049	-0.585593	-0.299215	-0.325086	-0.421306	0.076800	-1.180093	0.026838	0.534919	1.427488	1.647303	-0.555942	-0.340076	0.829174	-0.849603	0.281068	0.290004	-0.790015	-0.079883	-0.653574	0.604792	0.594712	-0.284372	0.602694	0.747505	1.045417	0.888271	-0.361193	-0.648659	0.004664	-0.063983	-0.076689	0.194760	-0.640056	-0.662580	-1.480460	-1.129497	-1.234477	-0.660821	0.987855	1.668818	1.653268	1.837117	-0.161123	-0.249939	0.098426	0.035980	0.764429	-0.252579	-0.878958	-0.709717	-0.870241	0.576822	0.371716	-0.847801	-0.603038	-1.118217
0.400309	-0.584308	-0.224015	0.091912	-0.855750	0.179124	-0.286850	-0.810843	-1.055200	-1.221874	-0.659802	-0.993267	-0.540707	-0.998450	0.304674	0.085503	-1.159954	-0.976240	-1.115886	-1.170860	0.587125	0.268098	0.606397	-0.844827	0.333717	-0.332740	1.773429	0.159981	0.008424	-1.371776	0.925525	0.858647	-0.396310	-0.688090	-0.188950	-1.456641	-0.193148	-0.512189	0.457332	-0.557870	0.576184	0.469653	-0.046384	-0.575052	1.037231	-0.134438	-0.135211	0.451545	-1.756419	-0.685544	0.240924	-0.740482	-2.032610	-1.333018	-1.054923	-0.441688	-0.698010	-0.293848	-0.493563	-0.765361	-0.351073	0.327958	0.151732	-0.096254	-1.044410	-1.275829	1.103767	-0.015993	-0.486704	-0.542705	-2.366425	-1.621920	-0.639332	1.212991	-0.031059	-0.067183	-0.823194	-0.302795	0.035534	-0.447795	0.202716	-0.799504	-0.241195	-0.356441	-0.373876	-1.215181	0.388888	-0.979388	-2.094658	-1.161811	-1.032737	-1.630692	-0.778357	-0.030418	-0.420596	1.049453	-0.190601	-0.797778	0.366158	-0.114042	0.853570	-0.755060	-0.273138	-0.138942	-0.901483	0.344543	0.317524	-1.181103	-0.807728	-1.937211
0.181533	-0.707613	-0.460616	-0.219406	-1.067281	-0.425978	-0.627673	-1.178823	-1.549582	-0.781598	-1.657972	-1.499425	-1.510321	-1.654522	0.186820	-0.207651	-0.676349	-0.507550	-1.017865	-1.108302	0.535469	-0.463318	-0.341129	-1.849132	-0.937180	-0.991495	1.983914	-0.133438	-1.094510	-1.883705	-0.989460	0.004876	-1.245210	-1.557875	-1.145226	-1.568677	-0.414430	-1.322178	-0.178998	-1.343830	-0.541290	-0.091606	-1.204502	-1.113668	0.180809	-0.190906	-0.949830	-0.367095	-1.344954	-0.365075	-1.070042	-2.036713	-1.491936	-0.391438	-1.108082	-0.777690	-0.861056	-0.209143	-1.094206	-0.257455	-0.903318	-0.245092	-1.516997	-1.860191	-1.025509	-1.597446	0.203859	-0.106588	-0.494451	-0.170099	-2.321569	-2.165279	-1.632490	0.604552	-0.676661	-0.114400	-1.475664	-0.565418	-0.524583	-1.365255	0.358375	-0.919609	-0.774301	-0.759512	-0.380559	-1.663014	1.166917	-0.376630	-1.803137	-0.701468	-0.747304	-1.759803	-1.522217	-1.372078	-1.761063	-0.228657	-0.086461	-1.483144	0.023011	0.195066	0.494680	-1.090697	0.346390	0.293267	-0.921666	-0.335115	-0.034283	-0.762495	-0.950522	-1.706738
0.099486	-0.560128	-0.554719	-0.401792	-0.661227	-0.764714	-0.786867	-0.941096	-1.254063	-0.003385	-1.551052	-1.056177	-1.316146	-1.314672	0.128582	-0.762192	0.138748	-0.010365	-0.375269	-0.520120	0.286589	-0.899271	-1.376557	-1.851796	-1.147540	-0.978395	1.344273	-0.509358	-1.238483	-1.408413	-2.005612	-0.691647	-1.352774	-1.506586	-0.972772	-0.651448	-0.049796	-0.870140	-0.453269	-1.056522	-1.087395	-0.375400	-1.801197	-0.767664	0.155263	0.575780	-0.910751	-0.694847	-0.138130	0.050066	-1.614395	-2.111803	0.093863	0.679305	-0.722705	-0.820729	-0.538132	-0.060923	-1.712599	-0.192169	-1.512199	-0.676645	-2.517327	-2.539408	-0.524607	-1.055903	-1.153228	-1.182047	0.123450	0.887078	-1.111249	-1.580241	-2.538331	-1.194619	-0.807296	-0.072489	-0.690666	0.136458	-0.272763	-1.363722	0.309975	-0.566703	-1.021262	-0.730169	0.175879	-0.671550	1.136124	0.626923	-1.099011	-0.154029	-0.346197	-0.999234	-0.546601	-1.517780	-1.526981	-1.203713	0.411126	-1.501591	-0.535139	0.653009	-0.149287	-0.866936	0.421119	0.369821	-0.884419	-0.721115	-0.004076	0.094679	-0.951347	-0.490379
-0.102289	-0.208669	0.040472	0.220429	-0.373527	-0.500943	-0.902632	-0.311429	-0.217136	0.634145	-0.334885	0.159312	-0.347584	-0.333024	0.128980	-0.964510	0.609382	-0.029544	0.195984	0.106610	-0.328057	-0.942964	-1.877333	-0.929218	-0.046870	-0.321721	0.658866	-0.677897	-0.397545	-0.582949	-1.630615	-0.904067	-0.623278	-0.730681	-0.204866	0.246317	0.723616	0.410996	0.088964	0.233469	-0.429776	-0.029612	-1.987084	-0.405492	0.750642	1.360728	-0.062074	-0.276551	0.744708	-0.054284	-1.088962	-0.775432	1.368045	0.837860	0.019405	-0.115367	0.273131	0.362185	-2.249580	-0.663595	-1.795576	-0.713942	-2.011136	-1.758976	0.418045	0.121710	-1.786379	-1.951005	0.534654	1.330512	0.017428	-0.556291	-2.083901	-2.653404	-0.719639	-0.076209	0.597029	0.840166	0.252449	-0.805359	0.685274	0.465636	-0.538948	-0.040528	0.843479	0.751832	0.317013	1.118387	-0.602095	0.194106	0.021908	-0.129930	1.083152	-0.654286	-0.301882	-1.276635	1.022261	-0.715509	-0.645980	0.889201	-0.575672	-0.114089	-0.017326	0.166835	-0.539300	-0.417048	0.562203	0.433263	-0.709987	0.781519
-0.290492	0.450791	1.137094	1.396419	-0.428935	0.186385	-1.039256	0.173496	1.122308	0.743579	1.021876	1.268420	0.333325	0.351969	0.089616	-0.332109	0.459736	-0.369852	0.428008	0.414458	-0.575062	-0.309719	-1.426524	0.491661	1.379105	0.324202	0.557143	-0.438134	0.377404	-0.422330	-0.763117	-0.727404	0.307791	-0.021408	0.230693	0.237091	1.133922	1.283768	0.895090	1.417217	1.050631	0.698914	-2.074117	-0.898501	1.072171	1.351462	1.084197	0.734348	0.801808	-0.664177	-0.330142	0.861883	1.328625	0.114977	0.868019	1.185481	1.068867	1.098005	-2.373322	-1.174985	-1.416124	-0.457298	-0.183605	-0.103161	1.514492	1.356531	-1.245392	-1.263389	0.034867	0.578067	0.437918	0.212733	-0.388650	-2.375870	-0.901987	-0.325956	0.997030	0.674995	0.321393	-0.400865	1.524747	1.652262	0.255965	0.755573	0.915379	1.220570	-0.526940	0.702644	-0.509454	0.206849	0.026167	-0.036651	1.903110	0.500020	0.764909	-0.567783	1.196296	0.101550	-0.337526	0.848431	-0.539762	0.594837	-0.366684	-0.061766	0.017925	0.050631	0.941244	-0.289457	-0.380764	1.204737
-0.155455	1.516114	1.791456	2.084436	-0.463576	0.761126	-1.069623	0.290126	1.994999	0.414559	1.416271	1.552548	0.087577	0.162622	-0.009802	0.784704	0.010122	-0.395301	0.438092	0.400326	0.156792	1.047081	-0.401799	1.729846	1.829292	0.371594	0.910105	0.111722	0.206870	-0.833369	-0.403644	-0.409622	0.652680	0.054613	0.021782	-0.457635	0.753186	0.983263	1.098501	1.566687	2.129984	1.298182	-1.965700	-1.803293	0.613729	0.510029	1.963114	1.845571	0.405629	-1.226672	-0.125201	1.398556	0.170085	-0.321532	1.395707	2.325174	1.285701	1.826595	-1.667868	-1.010455	-0.419924	-0.043932	1.738276	1.374545	2.074653	1.986216	-0.068415	0.532410	-1.060336	-0.505935	0.530891	0.597056	1.180658	-0.645428	-1.081841	-0.377970	0.305386	-0.085465	-0.160374	-0.442661	2.035962	2.101729	0.519301	0.840931	0.308678	0.451508	-0.542836	-0.199493	-0.560722	-0.101819	-0.357892	-0.754376	1.578087	1.392411	1.094651	0.240006	0.881382	0.242197	-0.251983	0.673021	-0.334415	0.662195	-0.180886	0.007409	0.273792	-0.001010	0.414742	-1.407430	-0.171303	0.816881
0.172296	2.426565	1.247524	1.542363	-0.275277	0.691722	-0.900047	0.110001	1.759979	0.128910	0.509069	0.960893	-0.883025	-0.725492	-0.099038	1.352762	-0.303604	-0.034128	0.227786	0.094335	1.155269	2.232568	0.220830	1.922788	0.813576	-0.220761	0.986496	0.622463	-0.644844	-0.748402	-0.425960	-0.051710	0.085218	-0.500259	-0.491472	-1.061766	-0.079141	-0.205393	0.425655	0.719168	1.727724	1.277085	-1.323415	-1.893883	-0.318415	-0.621282	2.196836	2.479466	0.142175	-1.187919	-0.291504	0.503462	-1.013531	0.308827	1.203613	2.497388	0.905682	2.008173	-0.141921	0.055593	0.719891	0.426346	2.389609	1.817014	1.463520	1.608843	0.891008	1.997770	-1.591469	-0.592184	0.748956	0.737738	1.506817	0.963077	-0.508505	0.331635	-0.406644	-0.514588	-0.705366	-0.699718	1.499520	1.422362	-0.057683	0.006068	-0.469887	-0.712783	0.217726	-0.927241	-0.478031	-0.548264	-0.759635	-1.543905	0.733228	1.666580	0.851174	0.631320	0.740040	-0.042443	-0.633490	0.476739	-0.378919	0.044399	0.355282	0.662586	-0.054353	-0.414106	-0.595324	-1.721066	0.017037	0.372881
0.121755	2.151125	-0.256249	-0.001597	-0.179964	-0.180415	-0.607544	-0.317141	0.513100	0.208477	-1.113284	-0.159575	-2.049452	-1.804423	-0.229130	0.661354	-0.512288	-0.085823	-0.457258	-0.692391	0.976027	1.931929	-0.165603	0.564476	-1.052510	-1.116945	0.216714	0.836081	-1.208281	0.245130	-0.000444	0.272809	-1.143287	-1.400721	-1.072476	-1.366616	-0.865690	-1.529652	-0.669116	-0.516617	-0.113013	0.404782	-0.243166	-0.862380	-1.176400	-1.587868	1.522242	2.203113	0.132278	-0.462422	-0.364921	-0.946214	-1.266044	1.328574	0.268655	1.461384	0.342559	1.295643	1.483562	1.398844	1.409084	0.690708	1.291027	0.937009	-0.163197	0.376820	1.156082	2.194201	-0.860489	0.467443	0.775895	0.488883	0.726073	1.339327	0.749892	1.370718	-0.279988	-0.324611	-0.952488	-0.890905	0.072254	0.016247	-1.097166	-1.261865	-1.185817	-1.570600	0.615037	-1.275255	-0.412491	-0.970656	-0.991894	-1.898226	-0.207649	0.965444	0.326643	0.681797	1.344973	0.037643	-0.929138	0.275077	-0.685749	-0.714226	0.728412	1.815028	-0.526695	-0.469177	-0.837755	-0.909146	0.352809	0.271819
-0.511769	0.512375	-1.752653	-1.714093	-0.438877	-1.420634	-0.212518	-0.822368	-0.897053	0.383728	-2.480737	-1.429000	-2.973706	-2.636671	-0.625908	-0.877599	-1.012865	-1.174636	-1.619863	-1.942595	-0.677554	-0.034184	-1.094004	-1.728862	-2.622494	-1.916804	-1.153634	0.801648	-0.975457	1.145183	0.963714	0.278742	-2.432687	-2.304877	-1.831417	-1.767559	-1.545213	-2.520342	-1.503427	-1.635543	-2.144191	-0.933471	0.609286	0.226322	-1.771264	-2.224958	-0.094181	0.920311	0.044124	0.496474	-0.574653	-1.937889	-0.593295	1.481958	-0.890500	-0.223830	-0.193785	-0.106271	2.227633	2.035561	1.350684	0.419452	-0.835215	-0.860990	-1.776177	-1.019183	0.782536	1.453950	0.439505	1.324470	0.007948	-0.425898	-0.132659	0.809777	1.429699	1.515785	0.281671	-0.142922	-1.009125	-0.978446	-1.455352	-1.406766	-2.131378	-2.383178	-2.091852	-2.214977	-0.372146	-1.517031	-0.779325	-1.409991	-1.283857	-1.996810	-1.307011	-0.707519	-0.417293	0.657666	2.255049	0.664597	-0.605209	0.016243	-0.880045	-0.978011	0.682917	2.700381	-0.414375	0.026585	0.119591	0.122764	0.551691	0.133389
-1.058708	-1.173076	-2.420754	-2.810827	-0.683242	-2.167986	0.441629	-0.904003	-1.593804	0.104432	-2.846236	-2.369211	-3.163565	-2.798115	-1.321318	-2.049773	-1.836608	-2.612039	-2.593575	-2.877422	-2.296597	-2.171114	-1.442362	-3.324701	-2.999538	-2.204446	-2.205458	0.648328	-0.349453	0.771762	1.415699	-0.308799	-3.082819	-2.724401	-2.617046	-2.283133	-2.148455	-2.998369	-1.630127	-2.320138	-2.899060	-1.790596	0.688570	0.316461	-2.138841	-2.384076	-2.036951	-0.923976	-0.356749	1.034018	-1.361548	-2.165766	0.170305	0.534257	-1.486625	-1.542791	-0.826783	-1.482578	1.686987	1.513431	0.708185	-0.369440	-2.622214	-2.582825	-2.283869	-1.790351	0.148496	0.591919	0.962246	0.666207	-1.330672	-1.703298	-0.194872	0.378986	0.500960	0.280169	0.316480	-0.488448	-1.076711	-1.001471	-2.376987	-2.307659	-2.830309	-2.967525	-3.036838	-2.757973	-2.210077	-1.844143	-1.489941	-1.834684	-1.620970	-1.989554	-2.384764	-2.501608	-1.274963	0.455618	2.232820	1.165821	0.105771	-0.291428	-0.650806	-0.553839	0.430465	2.314011	0.447096	0.531008	1.151522	0.384200	0.118745	-0.415891
-0.651024	-1.421484	-2.053737	-2.822465	-0.297199	-1.756082	1.322038	-0.177775	-1.371802	-0.653791	-1.982064	-2.376264	-2.129409	-1.918096	-1.845039	-1.970013	-2.285113	-2.865149	-2.461235	-2.390217	-2.166068	-2.748538	-0.595727	-2.924592	-2.016073	-1.643067	-2.183574	0.302269	-0.025767	-0.677486	0.467829	-1.244920	-2.584844	-2.142540	-2.711614	-2.174478	-2.222391	-2.696903	-1.004277	-2.255773	-1.918463	-1.484868	0.183478	-0.372605	-2.122725	-1.870237	-3.092448	-2.385245	-0.810456	0.792232	-2.241227	-1.850623	0.315302	-0.581475	-1.065507	-1.773144	-1.469311	-2.089412	0.385566	0.268021	-0.110900	-1.198496	-3.016835	-3.165077	-1.435792	-1.608177	-0.317617	-0.108049	0.271955	-1.174154	-2.102708	-2.357257	0.542488	0.475426	-1.323247	-1.334152	-0.307497	-0.999577	-1.037418	-0.860109	-2.389953	-2.361724	-2.734964	-2.632157	-3.009468	-2.589873	-3.065956	-1.957504	-1.622853	-1.782287	-1.317293	-1.399235	-2.736357	-3.158364	-1.821882	-0.208743	0.586700	0.974392	0.607834	-0.438505	-0.058199	0.184009	0.369321	0.481947	1.452051	0.647655	0.979846	-0.075005	-0.775080	-1.001956
0.629162	-0.309852	-0.947567	-1.703862	0.673282	-0.362892	1.897523	0.986513	-0.697562	-1.166472	-0.293891	-1.235490	-0.047239	-0.164183	-1.608432	-0.857010	-1.612143	-1.329578	-1.022224	-0.354178	-0.328130	-1.559631	0.879751	-0.863942	-0.301878	-0.351328	-1.166426	-0.323674	-0.210052	-1.772063	-1.276458	-1.756837	-1.009178	-0.566746	-1.569931	-0.874646	-1.226637	-1.388425	0.015715	-1.294742	-0.103003	-0.347999	-0.221119	-0.756516	-1.467079	-0.761295	-2.431602	-2.604783	-0.816859	0.002122	-2.065856	-1.202353	-0.014239	-1.070373	0.046854	-1.047198	-1.606689	-1.700451	-0.715051	-0.836374	-0.756881	-1.524722	-1.941181	-2.241770	0.027355	-0.787610	-0.372237	-0.797706	-0.760613	-2.501874	-1.490414	-1.653543	1.313334	0.715769	-2.159712	-1.938819	-0.721895	-0.957929	-0.615438	-0.401444	-1.558672	-1.478960	-1.453097	-1.190031	-1.282699	-1.098847	-1.839626	-1.337974	-0.389328	-0.778996	0.117347	0.166211	-1.878018	-2.195839	-1.603318	-1.115572	-1.829054	0.362188	0.728637	-0.187713	0.548353	0.647849	0.622771	-1.646079	1.840375	0.602311	-0.146537	-0.419098	-1.202809	-0.969694
1.631147	0.720929	0.313601	-0.023771	1.348411	1.007705	1.584931	1.697362	-0.166784	-0.793084	1.261435	0.389028	1.928575	1.530681	-0.639206	0.285608	-0.022787	0.804495	0.794981	1.824539	1.414420	0.027341	1.785442	1.158798	1.081535	0.941671	0.073323	-0.962916	-0.504480	-1.411050	-2.163677	-1.261042	0.853894	1.171099	0.331511	1.032775	0.480479	0.522765	0.830500	0.203742	1.116462	0.639307	-0.074831	-0.201559	-0.307578	0.431576	-0.574293	-1.581433	-0.297701	-0.683160	-0.578927	-0.329690	-0.162240	-1.060905	0.932772	-0.171662	-0.930458	-0.750899	-1.014383	-1.206358	-1.011864	-1.139621	-0.228706	-0.463643	1.020808	0.045917	-0.096047	-1.334019	-1.130991	-2.146460	-0.008047	-0.017007	1.373152	0.618367	-1.117607	-1.248411	-0.284087	-0.281061	0.149877	0.326994	-0.310397	-0.046938	0.596943	0.759331	1.227911	1.099663	0.413396	0.034437	1.573968	0.769908	1.886304	1.961813	-0.258911	-0.427710	-0.668242	-1.474186	-3.234694	-0.032145	0.676857	0.255776	0.816041	0.545858	0.832613	-2.535827	1.369932	0.632822	-0.863610	-0.155788	-0.601159	-0.329265
1.358009	0.677821	1.063734	1.202790	0.971422	1.408887	0.559618	1.515935	-0.005944	0.169488	1.758995	1.406539	2.561751	2.177680	0.353912	0.666679	1.371513	1.860047	1.724674	2.469800	1.403567	0.587622	1.509152	1.731817	1.373673	1.456977	0.745918	-1.168857	-0.396450	0.116788	-1.263699	-0.036123	1.984953	2.023828	1.794882	2.224482	1.654694	1.946916	1.009797	1.459177	1.010534	0.918734	0.493971	0.912814	0.721419	1.105194	0.990151	-0.250429	0.178967	-0.741096	1.009948	0.548658	0.102290	-0.967614	0.868451	0.140993	0.056773	0.028108	-0.610229	-0.830814	-0.732331	-0.204143	1.058333	1.044011	0.962120	0.443953	0.159580	-1.239472	-0.788523	-0.704109	1.032959	1.297939	0.754374	0.153429	0.663658	-0.134630	0.498260	0.352605	0.797687	1.004016	0.655450	1.091446	2.135984	1.968669	2.568100	2.424563	1.605160	1.373578	2.543294	1.676765	2.476650	2.572161	1.064422	0.874321	0.363981	-0.799407	-2.665296	-0.037212	0.451449	0.190848	0.611659	0.075689	0.503758	-1.772742	0.443344	0.442784	-0.544834	0.352160	0.410674	0.262767
0.130512	0.025856	0.947865	1.287723	-0.101021	0.885391	-0.215384	0.926907	0.002074	0.808244	1.139023	1.377648	1.767046	1.698706	0.766613	0.335495	1.722659	1.563426	1.408139	1.436691	-0.181895	-0.029579	0.608963	1.003496	0.716837	1.126004	0.603752	-0.863122	0.246688	1.615375	0.610993	0.982195	1.948885	1.712643	2.061707	2.011806	1.476346	2.040178	0.673319	1.857033	0.085280	0.777879	1.061621	1.767810	1.020474	1.051237	1.274737	0.385868	0.053630	-0.270072	1.430889	1.115259	0.312459	-0.739485	0.022085	-0.132630	0.475675	0.169390	0.019645	-0.119302	0.052811	0.879222	1.385695	1.585835	0.163808	0.370653	0.060158	-0.431190	-0.365667	0.282361	0.958575	1.472638	0.159178	-0.374849	1.430094	0.537576	0.604467	0.323224	0.889613	1.274585	0.804064	1.276875	2.192085	1.727690	1.887128	2.029985	0.980302	1.743114	1.677805	1.303849	1.477861	1.621323	1.393047	1.166793	0.853344	0.373375	-0.931876	0.059838	-0.133949	-0.780335	0.069320	-0.357503	-0.364739	-0.395681	-0.257140	-0.282305	0.042674	0.492474	0.771328	0.405650
-0.735669	-0.189363	0.248976	0.507307	-0.685642	0.334769	-0.016364	0.696384	0.174180	0.666266	0.292816	0.849628	0.591278	0.871637	0.690601	-0.108406	1.229952	1.017566	0.629603	0.164561	-1.594710	-0.773855	0.106307	0.246553	-0.041195	0.560126	0.060313	-0.360454	1.093448	2.193056	1.813318	1.125572	1.181028	0.885970	1.407128	0.953344	0.461847	1.094362	0.344774	1.447358	-0.528286	0.722621	1.329400	1.900691	0.576695	0.550489	0.634329	0.165692	-0.455815	0.113852	0.850148	1.192538	0.036245	-0.194099	-0.690384	-0.451685	0.105078	-0.208077	0.507398	0.445457	0.959427	1.560562	0.990659	1.281221	-0.514404	0.124744	-0.341114	0.494285	-0.256488	0.086865	0.294794	0.829502	0.085493	-0.665837	0.816684	0.689365	-0.145616	-0.228584	0.477348	1.064546	0.239403	0.676697	1.127309	0.640383	0.335550	0.716622	-0.278661	1.012472	0.074750	0.316834	0.113244	0.313846	0.885640	0.837785	0.705392	1.008079	0.325628	0.128325	-0.805660	-1.970285	-0.481757	-0.521275	-1.134280	0.334607	-0.296615	-1.092417	0.009725	0.198674	0.315247	0.348827
-0.411924	0.303847	-0.366849	-0.241807	-0.153557	0.330496	0.768891	0.937505	0.507505	0.120437	0.045614	0.486292	-0.029238	0.325776	0.559689	-0.237155	0.578973	0.906744	0.249501	-0.165306	-1.412722	-0.607224	0.326784	0.288767	-0.242674	0.257823	-0.189337	0.154374	1.626333	1.851290	1.600958	0.618862	0.439076	0.283490	0.617314	0.046882	-0.292743	0.163348	0.324152	0.806359	-0.237745	0.788490	1.277284	1.457136	-0.083320	0.046093	0.057194	-0.275515	-0.594323	-0.029444	0.391861	0.854789	-0.465952	0.331412	-0.571489	-0.372615	-0.382668	-0.576638	0.755881	0.599344	1.394685	1.422871	0.476179	0.698657	-0.479150	0.056997	-0.547016	0.933145	-0.340730	-0.610740	-0.089080	0.235418	0.295980	-0.556912	-0.051224	0.690397	-0.828454	-0.607490	0.031769	0.635871	-0.394513	0.049744	0.131478	-0.159552	-0.495646	-0.164101	-0.806285	-0.063257	-0.669829	-0.300346	-0.386014	-0.148112	0.205641	0.471775	0.346787	0.760189	0.372737	0.326693	-0.829831	-2.119859	-0.660226	-0.401737	-1.185251	0.198254	0.171212	-1.091847	-0.415065	-0.049875	-0.125773	0.372949
0.537755	0.812158	-0.542293	-0.432720	0.761862	0.379906	1.116809	1.004267	0.642966	-0.299043	0.227778	0.216235	-0.111381	-0.015894	0.492476	-0.114656	0.053536	0.652104	0.250345	0.078776	-0.048371	0.358758	0.681646	0.639525	-0.012531	0.146632	0.127739	0.724812	1.499399	1.122240	0.725437	0.236289	0.083737	0.031519	0.211836	-0.312791	-0.460713	-0.162379	0.335844	0.398446	0.434159	0.639424	1.086621	0.925009	-0.403178	-0.182011	-0.031419	-0.331837	-0.109126	-0.437201	0.483287	0.312541	-0.624761	0.266104	0.056235	-0.068530	-0.362832	-0.570923	0.790856	0.415287	1.085508	0.634940	0.193512	0.279775	0.030874	0.194713	-0.128303	0.891895	-0.386895	-0.791831	0.011941	0.103814	0.292036	-0.060143	-0.181529	0.680675	-0.607751	-0.364086	-0.053933	0.354604	-0.593321	-0.177887	-0.156799	-0.318059	-0.406875	-0.271045	-0.617388	-0.692353	-0.438392	-0.468881	-0.233322	-0.043746	-0.145854	0.258545	0.211678	0.318620	-0.154661	0.623557	-0.020521	-0.908941	-0.290361	-0.052980	-0.606665	-0.141273	0.569962	-0.140883	-0.298508	0.112215	0.065593	0.242195
0.875868	0.590973	-0.535257	-0.368983	0.834571	-0.296996	0.636519	0.317802	0.281119	-0.540848	0.078049	-0.423997	-0.185960	-0.421534	0.293361	-0.044312	-0.407581	-0.290730	0.091990	-0.116500	0.786202	0.975441	0.562571	0.296888	0.094841	-0.024296	0.532328	1.155416	0.779489	0.473033	0.353187	0.445793	-0.050363	-0.142738	0.217350	-0.376809	-0.596097	-0.232539	-0.049870	0.153918	0.477750	0.112367	0.953661	0.687824	-0.224192	-0.097228	0.005745	-0.040148	0.353372	-0.487787	0.456817	-0.230694	-0.425613	-0.370845	0.204912	-0.134400	-0.096341	-0.398381	0.634469	0.180913	0.383279	-0.069581	0.015109	0.093310	0.211809	0.119025	0.648472	0.675153	-0.332248	-0.343813	0.176173	0.190451	0.034660	0.587693	0.228428	0.491243	0.189895	0.234783	0.203542	0.413407	-0.486886	-0.334735	-0.113997	-0.351103	-0.308903	-0.276563	-0.534465	-0.726354	-0.364642	-0.698922	-0.348348	-0.379211	-0.173476	0.084880	0.334979	0.481289	-0.407138	0.633477	0.722269	0.451880	0.344904	0.357293	-0.009775	-0.222405	0.492382	0.740566	0.666413	0.488807	0.480638	-0.365675
0.142747	-0.305071	-0.715657	-0.579903	-0.140062	-1.449443	-0.039509	-0.807270	-0.424882	-0.781798	-0.585008	-1.311641	-0.423874	-0.713609	-0.042190	-0.184449	-0.673274	-1.191171	-0.321287	-0.796813	0.109033	0.414231	0.116565	-0.802554	-0.169719	-0.202816	0.412494	1.029720	-0.035043	0.117029	0.729886	0.982105	-0.188589	-0.298966	0.374903	-0.372948	-1.046025	-0.522575	-0.754644	-0.233151	-0.391315	-0.538141	0.897057	0.726352	0.161049	0.125790	-0.232874	0.101354	0.091226	-0.052124	-0.148413	-0.588628	-0.448041	-0.914490	-0.544539	-0.807100	-0.278882	-0.534306	0.346417	0.117964	-0.106505	-0.139540	-0.290757	-0.007975	-0.379898	-0.516464	0.941259	0.315454	-0.211514	-0.030626	0.088991	0.162898	-0.103428	1.038682	0.442158	0.087284	0.529577	0.541561	0.486470	0.686097	-0.528700	-0.830858	-0.252342	-0.602168	-0.627193	-0.610159	-0.730748	-0.510066	-0.928594	-1.009113	-0.792088	-1.157743	-0.203685	-0.131900	0.395411	1.135287	-0.374810	0.154015	0.460860	0.572860	0.654182	0.486654	0.231858	-0.240235	0.086116	0.552460	1.651555	0.583724	0.350392	-1.156354
-0.839284	-1.096965	-0.875786	-0.926696	-1.088471	-1.824528	-0.180411	-1.326604	-0.904633	-0.855244	-1.010979	-1.585089	-0.455343	-0.473610	-0.141036	-0.347730	-0.499054	-0.914204	-0.487305	-1.024470	-1.147603	-0.746294	-0.030487	-1.541786	-0.529773	-0.175147	-0.091560	0.435660	-0.314366	0.132169	1.114278	1.176032	-0.200275	-0.168879	0.402501	-0.204221	-1.306101	-0.783570	-1.144986	-0.662734	-1.275896	-0.854532	0.774252	0.724080	0.287614	0.170978	-0.620464	-0.237682	-0.727439	0.278272	-0.660163	-0.538589	-0.929105	-0.844368	-1.386583	-1.486014	-0.900697	-0.972697	0.090367	0.179363	-0.132573	0.186454	-0.564183	-0.113133	-1.171534	-1.251804	0.312635	-0.206232	-0.069925	-0.378880	-0.120436	0.011373	0.073718	1.106200	0.277578	-0.241015	0.000216	0.227193	0.463637	0.771411	-0.752423	-1.305432	-0.365304	-0.665288	-0.803613	-0.847742	-0.591889	-0.352077	-1.234256	-0.886283	-0.787977	-1.311510	-0.444177	-0.379032	0.074150	1.336792	-0.492848	-0.353882	-0.383040	-0.373402	0.381079	0.189793	0.241511	-0.434585	-0.171681	-0.336086	1.577517	0.244014	-0.254194	-1.425636
-0.882934	-1.146297	-0.344410	-0.634244	-0.919956	-0.656099	0.201391	-0.560697	-0.566561	-0.349497	-0.402777	-0.632935	0.056735	0.260107	0.362359	-0.097977	-0.000543	0.413873	-0.046192	-0.287571	-1.242245	-1.113693	0.412317	-0.952205	-0.556469	0.030568	-0.217521	0.152125	0.199324	0.481189	0.857322	0.595541	0.204055	0.369415	0.174698	0.175588	-0.658482	-0.380336	-0.633924	-0.545948	-1.003651	-0.540385	0.539609	0.455419	-0.074827	-0.191482	-0.796645	-0.867250	-1.275855	-0.043339	-0.143255	0.066213	-1.207016	-0.308966	-1.135706	-1.269908	-1.048680	-1.067573	0.053453	0.100180	0.089489	0.237210	-0.367278	-0.201364	-1.037781	-1.020150	-0.551041	-0.375797	0.037797	-0.928570	-0.267940	-0.177523	0.384151	0.859626	0.108422	-0.260290	-0.779413	-0.447108	-0.029860	0.261647	-0.604476	-0.866818	0.115753	-0.029106	-0.294732	-0.456146	0.161904	-0.276988	-0.393521	-0.167409	-0.050914	-0.293029	-0.791657	-0.672928	-0.595788	0.361731	-0.641118	-0.107048	-0.316515	-0.825285	0.015920	-0.078267	0.197208	-0.499417	0.073458	-0.514756	0.373852	-0.073534	-0.349236	-0.937371
0.296108	-0.604133	1.033694	0.626974	0.270106	1.295787	0.668509	1.031822	0.654174	0.668389	1.058104	1.012578	0.880449	0.849728	1.313463	0.763041	0.387972	1.430360	0.694652	0.737118	0.281714	-0.109436	1.103136	0.540914	-0.093346	0.141362	0.369842	0.704318	1.123189	0.903729	0.171349	-0.584695	0.903338	0.939594	-0.241667	0.429269	0.811335	0.694215	0.737181	0.463483	0.540297	0.334415	0.375893	0.012128	-0.705726	-0.819696	-0.754412	-1.311044	-1.036817	-0.797788	1.170271	0.980410	-0.559095	0.153531	0.325586	-0.028566	-0.098889	-0.367473	0.256658	-0.298220	0.280139	-0.214158	0.363733	-0.290951	0.382253	0.539578	-0.485819	0.477133	0.070131	-0.820381	-0.527971	-0.538525	0.596466	0.446434	0.085518	-0.129024	-1.097323	-0.985618	-0.901763	-0.861333	0.285448	0.697042	1.107528	1.017360	0.602080	0.334969	0.918310	-0.146558	1.068201	0.623199	0.734420	1.067174	-1.026056	-1.012190	-1.218620	-1.449004	-0.206008	1.059915	1.324186	0.149878	0.250062	0.310238	0.065053	0.035176	0.834631	0.723555	-0.806619	0.190134	0.681328	-0.194769
1.736427	-0.077262	2.294345	1.988648	1.341058	2.473520	1.046001	2.344552	1.926370	1.370993	2.209150	2.066128	1.391328	0.783754	1.978789	1.707791	0.426074	1.173083	1.071941	1.014282	2.021380	1.357454	1.465555	1.524710	0.624760	0.011167	1.101694	1.530973	1.732354	1.013472	-0.297732	-1.693217	1.297304	1.017577	-0.659034	0.192637	2.115791	1.603522	2.209946	1.804404	2.146759	1.387700	0.434486	-0.310578	-1.112028	-1.218637	-0.821425	-1.301359	-0.282472	-1.324313	1.938507	1.496640	0.594497	0.180726	1.741839	1.266929	1.215189	0.613287	0.464667	-0.798387	0.386658	-0.647881	1.057695	-0.437558	1.979655	2.260253	0.694936	1.957808	0.028580	0.011738	-1.169039	-1.174454	0.679954	-0.036898	-0.046973	-0.078254	-0.968574	-1.089334	-1.732988	-2.018162	1.376468	2.288603	1.704303	1.505803	1.119651	0.762786	0.967330	0.143572	1.721865	0.868369	0.876964	1.572658	-1.008557	-1.203489	-1.438961	-2.941017	0.812817	2.181519	3.180624	1.549243	1.022292	1.242146	-0.084928	0.966900	1.732106	2.368392	-0.768334	0.968030	2.076939	0.218537
2.104847	0.127089	2.223326	2.168624	1.276502	2.086677	1.316052	2.660738	1.994099	0.994604	2.030106	1.808986	1.261284	0.355135	1.688045	1.819978	0.306800	0.121113	0.762946	0.387676	2.296406	1.890828	1.147869	1.134296	1.154445	-0.150234	1.272824	1.530787	1.562145	0.695111	-0.342646	-1.975977	0.988358	0.589329	-0.830785	-0.292339	2.341497	1.612824	2.763994	2.371173	2.406874	2.087239	0.496840	-0.285707	-0.930720	-0.953116	-1.118005	-1.019125	0.333083	-1.350875	1.288653	1.056414	1.024932	-0.139674	1.782282	1.464192	1.473994	0.866585	0.323947	-0.920314	0.406372	-0.451350	1.037242	-0.588957	2.199074	2.516042	1.767009	2.456501	-0.009857	0.652028	-1.943897	-1.710075	0.722983	-0.467301	-0.313434	0.049013	-0.761658	-0.706461	-1.896824	-2.335443	1.706911	2.512553	1.242012	0.919304	0.933840	0.496485	0.463367	0.571856	0.966403	0.505327	0.565388	1.057246	-0.708817	-1.018744	-1.302416	-3.154986	1.393014	1.944599	3.128958	1.604704	1.476435	1.828156	0.082729	1.414524	2.096522	2.692945	0.376908	1.568686	2.443992	0.232859
0.951407	0.124402	0.849150	0.966976	0.142861	0.723575	1.137845	1.978116	0.510801	-0.083356	0.782965	0.821639	0.777613	0.293846	0.624568	0.881212	0.387560	-0.508419	0.119144	-0.292598	0.957014	0.998666	0.166784	-0.098862	1.185083	0.020076	0.916834	0.394518	0.696758	0.335820	-0.297786	-1.076452	0.302115	0.179243	-0.557013	-0.276698	1.586215	0.938940	1.915400	1.646237	1.052768	1.930973	0.092566	0.000219	-0.204173	-0.066361	-1.334639	-0.860702	0.395120	-1.130825	-0.101435	0.031616	0.369589	-0.411870	0.472910	0.430646	0.337447	0.120688	-0.344209	-0.530008	0.145925	0.240739	0.167709	-0.659058	0.819974	1.114599	1.395436	0.942687	0.116182	0.366714	-2.111111	-1.559105	0.785169	-0.650674	-0.228129	0.507735	-0.448908	0.069218	-1.036936	-1.402179	1.120702	1.301162	0.216504	-0.069702	0.493792	0.044129	0.194463	0.963653	-0.221643	0.037362	0.498532	0.389232	-0.260625	-0.621062	-1.079688	-2.035772	0.652966	0.237719	0.748061	0.014758	0.973139	1.444529	0.646768	0.834674	1.455308	1.090160	1.280653	1.412140	1.433041	0.133638
-0.887861	0.032844	-0.480388	-0.477304	-1.067352	-0.471831	0.131377	0.670590	-1.278829	-0.567696	-0.236697	0.255524	0.404899	0.775082	-0.280733	-0.197546	0.790867	-0.145177	-0.174771	-0.183381	-0.644962	-0.565399	-1.099705	-0.909732	0.798529	0.614349	0.561827	-0.955818	-0.456109	0.430387	-0.415895	0.596113	-0.095186	0.179489	0.131464	0.562132	0.730306	0.382901	0.247547	0.323640	-0.816030	0.808789	-0.887780	0.160301	0.656410	0.926683	-1.077482	-0.932118	-0.060638	-0.895526	-0.841331	-0.462617	-0.313625	-0.343498	-0.912558	-0.815021	-0.958497	-0.794035	-1.289297	-0.117160	-0.526333	0.641008	-0.969849	-0.662276	-0.759774	-0.432760	-0.378495	-1.440900	0.447234	-0.409830	-1.210673	-0.686878	0.830614	-0.480183	0.502195	0.996233	0.255656	0.932369	0.427498	0.192971	0.461857	0.063124	-0.285922	-0.346853	0.408655	0.095437	0.484956	1.032749	-0.468250	-0.020735	0.873174	0.281308	0.079550	-0.441908	-0.822596	-0.332120	-0.892058	-1.458611	-2.044215	-1.607255	-0.200789	0.424968	1.002414	-0.282042	0.057310	-1.340727	0.893988	0.521193	0.099029	0.112376
-2.135187	-0.156665	-0.704161	-1.001422	-1.477736	-0.937651	-1.319008	-0.714586	-1.767209	0.180543	-0.234621	0.516822	0.256479	1.195254	-0.421002	-0.411776	1.252356	0.654961	0.183233	0.636649	-1.285381	-1.596400	-2.011293	-0.605507	0.384517	1.258374	0.333286	-1.400194	-1.467488	0.920099	-0.535741	1.938173	0.066492	0.449631	0.937212	1.548515	0.341812	0.311611	-1.025054	-0.383467	-1.783549	-0.645280	-1.779141	-0.056351	1.174704	1.464242	-0.234653	-0.800317	-0.676970	-0.595995	-0.496639	0.184012	-0.094135	-0.033378	-1.304390	-1.181922	-1.144137	-0.930855	-1.865865	-0.156877	-1.202712	0.340870	-1.397786	-0.496621	-1.209517	-0.725246	-2.233711	-2.458561	0.626185	-0.647894	0.394563	0.317877	0.701727	-0.118188	1.309477	0.841845	1.147193	1.372990	1.465709	1.293531	0.359193	-0.005193	0.041779	0.261983	0.634749	0.664925	0.771858	0.626807	0.335957	0.304105	1.093216	0.515668	0.268440	-0.425433	-0.329194	0.993463	-1.781231	-1.705345	-3.100948	-1.642725	-1.275851	-0.467235	0.468438	-1.017488	-1.292312	-2.913897	-0.311662	-0.668499	-0.533338	0.183798
-2.166964	-0.353365	-0.156233	-0.542120	-1.056979	-0.874275	-2.087713	-1.544699	-0.782531	1.242922	0.206885	0.952192	0.158875	1.023970	-0.188670	0.097695	1.332555	0.970601	0.737178	1.309673	-1.037323	-1.461206	-2.030056	0.337888	0.246786	1.387578	-0.178427	-0.892656	-1.919925	1.151856	-0.412629	1.925677	0.478586	0.651219	1.469348	1.686188	0.173156	0.371912	-1.181177	-0.054202	-1.381745	-1.409295	-1.659813	-0.379836	1.147735	1.341860	0.934556	0.060615	-0.941748	-0.155357	0.100065	1.268069	0.539867	0.244985	-0.788066	-0.542097	-0.351138	-0.220592	-1.493324	-0.364865	-1.118843	-0.138985	-0.528294	0.159180	-0.673557	-0.028189	-2.912328	-1.427793	0.180824	-0.112316	1.807443	0.983645	0.217997	0.062129	1.279983	-0.053719	1.474763	1.045103	1.346651	1.288393	0.429821	0.691119	0.445489	0.855696	0.575197	1.126147	0.465633	0.056620	1.017164	0.554485	0.586783	0.459540	0.586029	0.072451	0.446028	1.369962	-1.210124	-0.765996	-2.226479	-0.287735	-1.790960	-0.908951	-0.679288	-1.014955	-1.937023	-2.777953	-0.960926	-1.610693	-0.618995	0.395473
-1.204491	-0.319745	0.260568	0.217522	-0.273747	-0.503145	-1.424131	-1.475452	0.419518	1.337485	0.117101	0.836909	0.032182	0.476440	-0.332203	0.300246	0.838639	0.535793	0.732874	1.141359	-0.745418	-0.499918	-1.167043	0.904147	0.321603	0.782040	-1.084673	-0.464405	-1.480841	0.609182	-0.105618	0.572545	0.639518	0.639994	1.380378	0.804623	-0.156602	0.164829	-0.552276	0.526796	-0.340090	-1.085919	-0.447569	-0.365034	0.724953	0.732225	1.861780	1.492198	-0.423482	0.386573	0.167389	1.562777	0.681239	0.493478	-0.026879	0.413168	0.479658	0.742023	-0.228581	-0.008243	-0.055048	-0.130148	1.017972	1.239773	-0.107891	0.410508	-2.150206	0.057992	-0.681069	0.355392	2.238844	1.316636	-0.577350	-0.198093	0.331739	-0.909318	0.853526	0.159385	0.340911	0.613015	0.105750	0.881167	0.274578	0.778277	0.048345	1.042417	-0.111525	-0.002346	0.797855	0.569612	-0.314804	0.046308	1.118991	1.211290	1.153224	0.915439	0.295454	-0.010822	-0.826080	0.936058	-1.719462	-1.126441	-1.266104	-0.482816	-1.755497	-1.337788	-0.474663	-1.773536	-0.852377	0.866219
0.205668	0.112832	0.393259	0.834458	0.581397	0.346289	0.163473	-0.761267	0.816490	0.555779	-0.479489	0.305433	-0.043542	0.114750	-0.935157	-0.311076	0.062302	-0.075060	-0.012871	0.320328	-0.795161	0.401328	-0.001501	0.663412	0.339382	-0.152372	-1.768279	-0.980049	-0.319333	-0.475650	0.074484	-1.004897	0.274016	0.400386	0.499309	-0.276549	-0.446801	-0.200729	0.077288	0.383326	0.329521	-0.324269	0.794371	-0.084368	0.202198	-0.041370	1.981934	2.569401	0.820540	0.966828	-0.068575	0.746873	0.598413	0.963197	0.720779	1.112985	1.028345	1.539229	1.168950	1.067234	1.208733	0.251945	1.740183	1.865052	0.187082	0.165468	-0.540919	0.238180	-0.981159	0.084264	1.478943	1.386962	-1.319632	-0.739294	-0.537538	-0.896831	-0.097005	-0.618859	-0.628201	0.052535	-0.315603	0.204669	-0.135397	0.462675	-0.302752	0.662752	-0.066633	0.794755	0.369127	0.779824	-0.652349	-0.116327	1.432228	2.053427	1.323676	0.225433	1.700169	-0.032395	-0.018456	1.112905	-1.160708	-1.380751	-0.530654	0.408478	-1.040353	0.286699	0.319818	-0.965527	-1.270372	1.555908
1.478779	0.830074	0.709112	1.319476	1.356188	1.616973	1.356598	-0.012954	0.555088	0.145647	-0.752397	0.045379	-0.040429	0.106254	-1.388679	-1.061300	-0.458559	-0.182960	-0.865527	-0.297380	-0.822949	0.600874	0.792463	0.137696	0.213918	-0.690931	-1.654614	-2.109676	0.691502	-1.344458	-0.095815	-1.643227	-0.449993	-0.053669	-0.825135	-0.714448	-0.256942	-0.360780	0.342126	-0.450487	0.330514	0.004674	0.962975	-0.064483	-0.173320	-0.629303	1.299983	2.517981	2.049894	1.438117	-0.033408	-0.352180	1.251425	1.632493	1.532431	1.532049	1.628051	2.111385	1.845906	2.088818	1.636281	0.416660	0.918307	1.263625	0.634342	0.005368	1.014800	-0.773377	-0.146808	-0.423614	0.107182	1.107568	-1.606015	-1.073863	-0.388304	-0.015589	-0.386965	-0.712669	-0.920737	-0.123692	-0.111064	-0.424031	-0.090800	0.597328	0.094417	0.481208	0.839950	1.911188	0.773820	1.455728	-0.027343	0.389350	1.178644	1.689756	0.846778	-0.177117	2.367700	-0.223461	0.150822	0.719864	-0.303230	-1.602786	0.910551	1.457978	-0.312698	1.083942	0.403519	0.268473	-1.323014	2.110744
2.023803	1.347839	1.213888	1.625451	1.673875	2.424118	1.327290	0.282153	0.232699	0.656921	-0.328811	0.291587	-0.006188	0.201684	-1.204840	-1.024700	-0.426620	0.269731	-1.076078	-0.087706	-0.472748	0.157413	0.915330	0.027085	0.153591	-0.445321	-1.047130	-2.686035	0.681073	-1.448652	-0.501345	-1.172162	-0.957427	-0.485514	-1.596004	-0.459859	0.329037	-0.201353	0.415209	-1.046205	0.119233	-0.224664	0.181076	-0.458531	-0.228644	-0.696653	0.525186	1.552593	2.368061	1.493665	0.206544	-0.837667	2.500683	2.023023	2.110409	1.712551	2.185196	2.287875	1.555735	2.134928	1.019977	0.208120	-0.399104	0.020226	1.275169	0.473765	1.736115	-1.519241	1.039641	-0.234839	-0.797940	0.603312	-1.388165	-0.877421	0.519497	0.934323	0.160456	-0.118211	-0.586359	-0.085865	0.659421	-0.218054	0.376939	0.998177	0.841947	0.584624	1.703643	2.346548	1.688701	2.016515	0.848523	1.176435	0.739237	0.586826	0.144465	-0.192908	2.119572	-0.071041	0.023834	0.523572	0.428783	-1.504428	1.663759	1.945210	-0.084343	0.789271	-0.099087	0.956275	-0.889192	2.060791
1.633353	1.061124	1.263484	1.453452	1.266559	1.810492	0.483928	-0.020225	0.025569	1.164714	0.301860	0.519382	0.098300	0.236923	-0.516609	-0.247339	0.001169	0.798332	-0.551913	0.693829	0.063583	-0.353754	0.547833	0.344797	0.349728	0.281270	-0.688409	-2.010726	-0.198405	-0.930404	-0.768858	-0.344555	-0.704918	-0.452970	-0.937569	-0.026985	0.733322	0.105088	0.532867	-0.800481	0.174519	-0.516829	-0.413938	-0.729684	0.089775	-0.135635	0.327714	0.583807	1.612215	1.007160	0.211661	-0.608869	2.951611	1.730869	1.860656	1.392398	2.036016	1.744884	0.790572	1.087345	0.103589	-0.043276	-0.704269	-0.443824	1.453794	0.909962	1.322746	-1.192658	1.299653	0.566474	-0.571269	0.311232	-1.016890	-0.367241	1.008114	1.033364	0.714005	0.565622	0.005216	0.141695	1.081967	0.391280	0.602147	0.945051	1.102332	0.689481	1.419922	1.675929	1.735605	1.691989	1.030840	1.507197	0.711009	0.038162	-0.139861	-0.002984	1.062633	0.124550	-0.186754	0.469564	0.576122	-0.979077	1.012077	1.100206	-0.410612	0.010983	-0.242675	0.652411	-0.583392	1.246182
0.864762	-0.049200	0.519444	0.699886	0.565660	0.129248	-0.142403	-0.677856	-0.189552	0.638264	0.562465	0.192470	0.341237	0.274769	0.159658	0.353224	0.413883	0.979801	0.189139	1.193750	0.415213	-0.381516	0.139934	0.584945	0.648813	0.818201	-0.682035	-0.603187	-0.851636	-0.466688	-0.675816	0.082620	0.201530	0.154517	0.771890	0.212894	0.597576	0.388579	0.673500	-0.124613	0.504102	-0.530267	-0.124987	-0.401508	0.574042	0.690125	0.599063	0.240181	0.540118	0.388257	0.028563	-0.129200	1.795799	0.926550	0.786529	0.487331	1.019245	0.614545	0.264196	-0.243062	-0.301170	-0.161568	0.022367	0.273221	0.769455	0.414795	0.193971	-0.407392	0.516941	0.896054	0.347282	0.443975	-0.893220	-0.079976	0.333241	-0.001551	0.504804	0.650105	0.583312	0.675558	0.576433	0.432080	0.308924	0.353463	0.767961	0.635684	0.007220	0.481375	0.486241	0.689912	0.467004	1.120735	0.982465	0.464668	0.286863	0.259844	-0.277676	0.004963	-0.203872	0.135828	0.123555	-0.365269	-0.398596	-0.674522	-0.768647	-0.351596	0.334760	-0.152035	-0.910110	0.078861
0.475641	-1.013723	-0.460079	-0.186302	0.275306	-1.053232	-0.171360	-1.101813	-0.415824	-0.590157	0.389916	-0.486100	0.585366	0.321619	0.403823	0.216349	0.458851	0.761088	0.623634	0.873948	0.595789	0.171917	0.027822	0.533213	0.661292	0.779290	-0.440528	0.416344	-0.545273	-0.595903	-0.465769	0.021780	0.974646	0.792457	1.983812	0.256587	0.119347	0.584453	0.618072	0.199787	0.818453	-0.319180	0.489856	0.244356	0.816697	1.140798	0.766108	0.407770	-0.007845	0.192608	0.072245	0.196009	-0.065664	0.114775	-0.259735	-0.391043	-0.077258	-0.319925	0.226847	-0.872016	-0.117299	-0.243123	0.531823	1.064590	-0.245192	-0.681773	-0.742346	-0.139340	-0.182115	0.225142	0.936340	0.693863	-1.082033	-0.258579	-0.981655	-1.378088	-0.212375	0.078546	0.986106	1.269216	-0.357954	-0.245160	-0.021625	-0.104007	0.459246	0.523151	-1.230772	-0.317247	-0.812542	-0.013034	-0.123292	0.371681	0.948207	1.049985	1.016571	0.563893	-1.086393	-0.230025	0.230874	-0.252641	-0.368889	-0.141591	-1.285037	-1.793458	-0.706596	0.029779	0.912829	-0.685988	-1.466556	-0.698480
0.420789	-0.795350	-0.861876	-0.566042	0.337396	-0.776631	-0.215662	-0.794004	-0.578000	-1.294613	0.042740	-0.818437	0.540509	0.238691	0.182129	-0.189912	0.065184	0.284587	0.582671	0.054789	0.857805	0.880196	0.105544	0.418302	0.218023	0.329937	0.280526	0.499102	0.203732	-1.084591	-0.545735	-0.094382	0.939014	0.802361	1.566312	0.207287	-0.299539	0.626765	0.185910	-0.022152	0.858976	-0.023556	0.451561	0.556837	0.598695	0.910409	0.599085	0.568985	0.031215	0.373611	0.313158	0.199925	-1.151021	-0.430609	-0.550893	-0.512774	-0.509158	-0.448341	0.256681	-0.568014	0.071788	-0.266934	0.214401	0.891603	-0.735727	-1.129744	-0.789812	-0.497866	-0.040557	-0.571459	0.757497	0.664887	-1.216020	-0.588601	-1.702178	-1.698007	-0.530722	-0.413397	1.066359	1.347377	-0.796906	-0.828951	0.066029	-0.028482	0.468954	0.426169	-1.035161	-0.375419	-0.906649	-0.018896	-0.258738	-0.243327	0.485717	1.015884	1.241148	0.784435	-0.990390	-0.324086	0.838731	-0.060421	-0.287164	-0.270573	-1.031253	-1.245635	-0.436320	0.649573	0.676804	-0.627180	-1.302383	-0.696199
-0.009602	0.242370	-0.589350	-0.341982	0.039469	0.145000	-0.781301	0.015181	-0.627833	-0.961793	-0.224856	-0.504714	0.099159	-0.056636	-0.160950	-0.126132	-0.458436	-0.287582	0.187072	-0.515185	1.112308	1.103967	-0.070520	0.283980	-0.384000	-0.149885	0.904635	0.057638	0.356294	-1.098916	-0.829196	0.067444	0.210798	0.147843	0.004610	0.091528	-0.468124	0.429100	-0.512206	-0.366242	0.465820	0.216025	-0.349435	0.329261	0.123524	0.322373	0.246787	0.287162	0.068316	0.344645	0.272134	-0.144761	-1.071673	-0.771856	-0.369867	-0.091983	-0.499510	-0.158991	-0.204403	-0.074403	-0.256503	-0.167458	-0.328650	-0.025196	-0.520534	-0.499257	-0.055123	-0.708162	0.388757	-0.366625	0.201374	0.280494	-0.800404	-0.618251	-1.174723	-0.419127	-0.103075	-0.124566	0.780985	0.709110	-0.473754	-0.696205	0.283346	0.168278	0.403943	0.256272	0.328341	-0.100222	-0.166445	0.069747	-0.114781	-0.450661	0.007756	0.437734	0.562230	0.693608	-0.510960	-0.418166	0.917816	0.608217	0.328412	-0.165966	-0.254519	0.098228	-0.384080	0.764174	-0.254625	-0.089035	-0.095186	-0.365453
-0.964489	0.571800	-0.302317	-0.116404	-0.744095	0.245286	-1.308980	0.500595	-0.425238	-0.300789	-0.245823	0.014399	-0.535180	-0.502022	-0.243985	0.359633	-0.636721	-0.739613	-0.293318	-0.512842	0.917360	0.557563	-0.724327	-0.154494	-0.683968	-0.481775	0.851091	-0.167453	-0.294790	-0.220327	-0.746334	0.345169	-0.568529	-0.641310	-1.296467	-0.106213	-0.463357	0.007605	-1.035751	-0.457849	-0.338223	0.173130	-1.091292	-0.127464	-0.295051	-0.121583	-0.260240	-0.523985	-0.329680	-0.162784	-0.169217	-0.679934	-0.651222	-1.006993	-0.513566	-0.104130	-0.738326	-0.371476	-1.103115	-0.280945	-0.981642	-0.203146	-0.604952	-0.912468	-0.155752	0.223917	0.653510	-0.089722	0.195998	0.654845	-0.298757	-0.331421	0.239586	-0.310833	-0.012062	1.249455	0.377557	0.667120	0.269430	-0.143502	0.066616	-0.166856	-0.007953	-0.088877	-0.057897	-0.074575	1.231762	-0.104545	0.065610	-0.335509	-0.035595	-0.311013	-0.345373	-0.303955	-0.537515	0.247631	-0.454846	-0.603639	0.212114	0.792163	0.724153	0.438268	-0.060176	0.552154	-0.391523	0.137061	-1.055465	0.612770	1.278913	-0.564530
-1.637980	-0.406144	-0.504688	-0.415458	-1.229488	-0.706146	-0.954542	0.264708	0.122453	-0.152426	-0.050395	0.189123	-1.037342	-0.937187	-0.047132	0.585306	-0.334277	-0.848184	-0.552333	-0.272160	0.178576	-0.285678	-1.490976	-0.798569	-0.574333	-0.681223	0.359007	0.123462	-0.950556	0.894558	-0.132964	0.302508	-0.910855	-1.063892	-1.544325	-0.377455	-0.447918	-0.410745	-1.000003	-0.308157	-1.124798	-0.181089	-1.112938	-0.497050	-0.634168	-0.328498	-0.872979	-1.441316	-0.989534	-0.740309	-0.553431	-1.030163	-0.725658	-1.121313	-1.081719	-0.818825	-1.270571	-1.212675	-1.722018	-1.122122	-1.452034	-0.640916	-0.862346	-1.428786	-0.123071	0.111250	0.622126	1.104290	-0.584976	1.223290	-0.650752	-0.926989	1.293722	-0.012869	0.553212	1.596047	0.087281	0.984347	-0.242376	-0.555898	0.253603	0.090495	-0.821269	-0.751954	-0.652989	-0.501684	0.587121	-0.580259	-0.673285	-0.996355	-0.100891	-0.205384	-0.754173	-1.031730	-1.183164	-0.257062	-0.931920	-0.525100	-0.675927	0.001499	0.305374	0.995487	-0.714074	-0.265771	0.061745	-0.751670	-1.156783	0.980721	1.665102	-1.443403
-1.390451	-1.402540	-0.824224	-0.878272	-0.916580	-1.523407	-0.044241	-0.159450	0.700103	-0.428068	0.114982	0.055023	-1.127082	-1.080830	0.157832	0.322070	0.065953	-0.578734	-0.423048	-0.200855	-0.474486	-0.507292	-1.740061	-0.943938	-0.390748	-0.707406	0.106940	0.659498	-0.901736	1.236495	0.319833	-0.158728	-0.663391	-0.906352	-0.988533	-0.596951	-0.418284	-0.430472	-0.500476	-0.058442	-1.224519	-0.426546	-0.628974	-0.659539	-0.996739	-0.520871	-1.076515	-1.693961	-1.387982	-0.906566	-0.515449	-0.849602	-1.227597	-1.057131	-1.277084	-1.207545	-1.377201	-1.663953	-1.454184	-1.569789	-1.165475	-1.111667	-1.092373	-1.451143	-0.271714	-0.387866	0.005254	1.931645	-1.078115	0.679231	-0.673025	-1.030983	1.568132	0.057091	0.012872	0.493757	-0.785657	0.408701	-0.553982	-0.379539	0.134088	0.020701	-1.288515	-1.166100	-0.893794	-0.779379	-0.744054	-1.099168	-1.423049	-1.208048	-0.195779	-0.460482	-1.017096	-1.441091	-1.001231	-0.455831	-1.254599	0.144806	-0.848434	-0.913600	-0.493005	0.961592	-1.243460	-1.062858	0.926924	-1.050150	-0.648978	0.669331	1.055190	-2.018913
-0.648578	-1.068097	-0.466340	-0.632133	-0.307502	-1.174979	0.205947	-0.127120	0.789857	-0.427969	0.156891	0.060649	-0.642083	-0.634088	0.277636	0.170029	0.198691	-0.101368	0.037793	-0.235827	-0.322064	0.299156	-1.192586	-0.221239	-0.403648	-0.411633	0.327257	1.064580	-0.290747	0.702844	-0.010088	-0.530666	0.138189	-0.159045	-0.174870	-0.461141	-0.095210	0.210111	0.057278	0.295203	-0.410689	-0.149782	-0.232249	-0.518365	-1.164872	-0.685979	-0.438654	-0.911316	-1.128001	-0.651097	-0.150848	-0.100931	-1.425325	-0.750895	-0.570382	-0.381846	-0.589085	-0.886113	-0.463815	-0.914370	-0.290940	-0.898337	-0.626105	-0.737262	-0.202913	-0.267041	-0.333605	1.863633	-0.705368	-0.244390	-0.072769	-0.318868	0.961274	0.042689	-0.871376	-0.592422	-1.216578	-0.440600	-0.546368	0.021894	0.141783	0.155831	-0.560661	-0.708565	-0.512207	-0.574253	-1.012922	-1.035933	-1.081051	-0.579628	-0.163553	-0.788818	-0.728633	-1.054429	-0.354963	-0.307148	-0.822377	1.069283	0.074520	-0.774143	-0.638132	0.688695	-0.653107	-0.658136	1.440397	-0.223845	0.112169	0.052662	0.568590	-1.301175
-0.261349	0.089037	0.600581	0.407038	-0.025400	0.013603	-0.479001	0.233564	0.376419	0.068572	0.358314	0.362440	0.285224	0.322807	0.535747	0.656615	0.217655	0.394672	0.670907	-0.042386	0.570911	1.470167	-0.124102	0.722377	-0.343286	0.275381	0.720663	1.326324	0.349850	0.157852	-0.612068	-0.243002	1.154566	0.897675	0.614117	0.248275	0.725089	1.203840	0.485828	0.816755	0.755661	0.472863	-0.023425	-0.011451	-0.711919	-0.496123	0.362819	0.225503	-0.228365	-0.235861	0.340636	0.934853	-0.913661	-0.216997	0.378286	0.912595	0.518682	0.461423	0.549814	0.271587	0.550021	0.087727	0.634322	0.503728	0.012912	0.419731	0.102976	1.315684	0.166134	-0.575685	0.820902	0.654929	0.212763	0.119259	-0.990341	-0.681016	-0.669870	-0.830886	-0.281998	0.200755	0.391605	0.730405	1.069806	0.534494	0.423315	0.181940	0.131788	-0.316969	0.202015	0.556481	0.106137	-0.490282	-0.244721	-0.008032	0.190319	-0.129215	0.118705	1.402322	1.548159	0.315531	0.085689	0.872662	0.624134	0.502953	1.000693	1.276454	0.864188	-0.091052	0.867670	0.268116
-0.416600	0.597632	1.344474	1.119881	0.036572	0.859073	-0.917441	0.361157	0.057025	0.488370	0.860918	0.604894	1.123112	1.151933	1.051803	1.401729	0.412510	0.721388	1.285569	0.383074	1.412719	1.942707	0.908066	0.994265	0.277709	1.143232	1.017340	1.714299	0.844707	0.239934	-0.393048	0.559153	1.674479	1.624259	1.186016	1.193383	1.604835	1.679716	0.835035	1.349153	1.480309	0.910751	0.380128	0.652111	0.343779	0.127510	0.011777	0.517256	0.821936	0.144902	0.851435	1.779262	-0.203151	0.273596	0.456474	1.104828	0.838598	0.865681	1.053581	0.825819	0.913218	1.125163	1.548153	1.315039	-0.088662	0.702525	0.755179	0.840799	0.741492	-0.395819	1.005083	0.743240	-0.003004	0.178204	-0.147358	-0.288382	0.220042	-0.745762	-0.030180	-0.053937	0.469942	1.218351	2.193905	1.603175	1.370134	0.936420	1.252155	0.363112	1.151849	1.254888	0.464856	0.493406	-0.484283	0.688203	0.360239	-0.243788	0.744439	0.631503	2.368463	1.051082	0.685669	1.402400	1.119294	1.021424	-0.123346	2.171148	1.321428	0.312055	1.306908	1.136636
-0.659217	0.136467	0.934008	0.535966	0.176178	0.689397	-0.255107	0.095647	0.283305	0.304873	1.165329	0.429670	1.288378	1.187000	1.534028	1.569862	0.543281	0.616083	1.564577	0.573040	1.571632	1.420097	1.414731	0.550448	1.291346	1.652417	1.141895	2.211429	1.303650	0.638133	0.751081	1.067325	1.168387	1.460657	1.207560	1.543402	1.623605	0.993457	0.933002	1.421613	1.457308	0.906559	0.997516	0.963072	1.305750	0.684509	-1.609418	-0.367018	1.318985	0.319397	1.112261	1.902314	-0.086023	0.322549	-0.382639	-0.072467	0.046234	-0.092601	0.935451	0.391310	0.757273	1.478506	1.105758	0.971891	-0.524338	0.291997	0.706277	0.307102	0.753049	-0.377967	0.020844	-0.372033	0.109806	0.040516	0.865292	-0.144035	0.531281	-0.501023	-0.032026	-0.638840	0.051318	0.948689	1.691706	1.440610	1.433311	0.859604	1.130474	0.322230	0.845188	0.716357	0.463066	1.192257	-1.485374	0.246310	0.181119	-0.620833	0.617158	-0.737583	1.730044	0.685403	0.367615	1.491689	0.305257	0.385171	-1.000234	1.606960	1.090265	0.482331	1.113694	0.564915
-0.665432	-0.421544	-0.048098	-0.750180	0.179117	-0.032301	0.680044	-0.279797	0.800000	-0.190185	0.713654	-0.031229	0.714909	0.447103	1.558937	0.934695	0.112867	-0.000897	1.163309	0.155702	1.111802	0.537098	1.210842	0.017292	1.720312	1.232589	0.956858	2.254882	1.584928	0.712108	1.639869	0.741016	-0.055740	0.504441	0.450809	0.821600	0.482932	-0.441626	0.436336	0.644536	0.889551	0.539581	1.120625	0.473449	1.443135	0.588709	-2.899642	-1.413573	0.898127	0.121012	0.793589	1.097342	-0.516804	-0.086407	-0.968354	-1.178279	-0.894148	-1.133894	0.282580	-0.369497	0.184542	0.963920	-0.169752	-0.106751	-0.619242	-0.004775	-0.091971	-0.536685	0.670108	-0.491497	-1.259557	-1.594146	-0.101345	-0.159339	1.271172	-0.088599	0.193671	-0.128811	-0.246545	-1.236459	-0.480576	0.025227	0.020026	0.104031	0.263052	-0.189026	0.258973	-0.239652	-0.222288	-0.712669	-0.146509	0.760269	-2.083727	-0.885323	-0.194503	-0.921531	0.181091	-1.460327	0.248337	-0.019283	-0.285473	0.862936	-0.577109	-0.454603	-0.845834	0.188485	0.080489	0.027723	0.647525	-0.444900
-0.530765	-0.622023	-0.304809	-1.194751	-0.225297	-0.389298	0.587939	-0.541219	0.983653	-0.278386	-0.162131	-0.308960	-0.053725	-0.371755	1.046318	0.110146	-0.699713	-0.685849	0.152382	-0.567943	0.452706	-0.081446	0.500439	-0.257978	0.920782	-0.052723	0.377900	1.353663	1.287241	0.348607	1.302177	-0.067284	-1.055275	-0.540584	-0.752284	-0.410531	-0.813521	-1.419001	-0.474353	-0.638810	0.100665	-0.039076	0.195359	-0.681526	0.770352	-0.089632	-2.409093	-1.447338	-0.073530	-0.327918	0.072453	-0.113908	-0.653804	-0.430481	-0.479413	-0.959239	-0.827277	-0.926473	-0.662482	-0.772593	-0.627099	-0.101568	-0.929602	-0.917092	0.029113	0.325271	-0.756780	-1.181528	0.897694	-0.071723	-1.605822	-1.713158	-0.647024	-0.089529	1.021626	0.178892	-0.151891	0.383355	-0.430362	-1.529672	-0.386495	-0.658323	-1.243814	-1.088396	-1.181851	-1.293868	-0.129080	-0.512302	-0.791394	-1.614731	-0.896093	-0.336290	-1.444390	-1.559170	-0.560123	-0.909329	0.135139	-0.825711	-0.585704	-0.005179	-0.218309	0.113471	-0.212156	-0.429428	0.194453	-0.693279	-1.062469	-0.399571	0.665457	-0.577645
-0.447724	-0.826311	0.402299	-0.264707	-0.728825	-0.126871	-0.443022	-0.671412	0.518916	0.175836	-0.537021	-0.170079	-0.400116	-0.605416	0.354125	-0.207259	-0.983591	-0.788301	-0.773905	-0.832459	-0.131663	-0.429346	-0.305820	-0.408169	-0.353141	-1.195341	-0.251211	-0.112402	0.297387	-0.090122	0.149490	-0.581837	-1.136041	-0.974970	-1.471546	-1.014258	-0.950361	-1.172932	-0.965032	-1.358833	-0.587094	-0.559454	-1.168097	-1.630023	0.041960	-0.586343	-0.603737	-0.465030	-0.782626	-0.582706	-0.365766	-0.775722	-0.106737	-0.237447	0.424107	0.127894	0.156948	0.254090	-1.351399	-0.746030	-1.211322	-1.016863	-0.663789	-0.968113	0.780646	0.646951	-0.649202	-0.961807	1.082762	0.881116	-0.851797	-0.802155	-0.786915	0.246409	0.559495	0.306760	-0.109271	0.715229	-0.393015	-1.345784	0.407235	-0.435752	-1.149446	-0.983685	-1.434817	-1.394249	0.247550	-0.137784	-0.379246	-1.020625	-0.963539	-0.857465	-0.115827	-1.206817	-0.688104	-0.704910	0.441100	0.351800	-0.256000	0.555014	0.484366	-0.180621	0.887589	0.224197	0.986832	-0.514353	-1.340554	-0.149846	0.912212	0.059967
-0.462225	-1.119959	0.940183	0.893721	-0.846693	0.111141	-1.191724	-0.703887	-0.334369	0.503407	-0.167011	0.092970	-0.210687	-0.220091	-0.066537	0.059968	-0.278269	-0.246087	-0.872131	-0.293840	-0.508779	-0.670595	-0.905947	-0.500672	-0.681838	-1.112784	-0.404047	-1.106116	-0.880212	-0.321679	-0.686597	-0.468104	-0.418603	-0.623815	-0.928006	-0.494558	0.038789	-0.170439	-0.530825	-0.824872	-0.849497	-0.648528	-1.658947	-1.453436	-0.044568	-0.260449	0.827424	0.540345	-0.738271	-0.382632	-0.161520	-0.497669	0.497021	0.324883	0.542329	0.711032	0.840887	1.032814	-1.225190	-0.501590	-1.035643	-1.020932	-0.027926	-0.459230	0.725156	0.233632	-0.111800	-0.270459	0.613299	1.381441	0.118539	0.163055	-0.173680	0.367457	0.236923	0.004555	0.130001	0.604321	-0.092052	-0.661563	1.018366	0.295499	-0.287925	0.065356	-0.260555	-0.456383	0.636818	0.409554	0.272070	0.394227	-0.169870	-0.360352	0.849567	-0.222199	-0.432577	-0.496406	0.345352	0.538837	0.163720	0.675771	0.772007	-0.170498	1.051620	0.350034	0.511491	-0.068101	-0.452709	0.385359	0.498650	0.349751
-0.470885	-0.944241	0.377406	0.918447	-0.545522	-0.273123	-0.960252	-0.659669	-0.941732	0.129181	0.200214	0.019164	0.071068	0.223926	-0.090675	0.410680	0.618385	0.266597	-0.197080	0.458853	-0.505482	-0.640998	-1.134068	-0.363082	0.182296	0.017036	-0.095212	-1.027021	-1.399602	-0.308126	-0.670108	0.002614	0.334917	0.037861	0.501414	0.409529	0.676418	0.442385	0.223796	0.292801	-0.601043	-0.282678	-0.790088	-0.221449	0.400883	0.601804	0.976128	0.819110	-0.186366	-0.000110	0.235890	0.055865	0.460889	0.659451	-0.184266	0.278546	0.443661	0.691372	-0.353310	-0.138244	-0.161572	-0.094041	0.176714	0.182928	-0.013540	-0.519436	0.179397	-0.154825	-0.337121	0.746156	0.539023	0.618613	0.468022	-0.071651	0.080067	-0.217672	0.236578	0.315432	0.386445	0.346282	0.617075	0.525107	0.128580	0.674466	0.940585	0.499508	0.385503	0.519601	0.275401	1.061139	0.665662	0.329584	1.089968	0.654103	0.138867	-0.130139	-0.491772	-0.530340	-0.322865	0.098999	0.229319	-0.317113	-0.190491	-0.485198	-0.801760	-0.210590	0.742754	0.417646	-0.535619	-0.099276
-0.256572	-0.002472	-0.826815	-0.157375	-0.031797	-0.951669	-0.114356	-0.498507	-0.735107	-0.597076	-0.026634	-0.408436	-0.053213	0.138903	0.011991	0.331243	0.546133	0.200303	0.426137	0.564079	-0.076077	-0.197283	-0.752878	0.069516	0.942199	0.843280	0.060090	-0.267905	-0.741716	-0.083861	-0.098773	0.471113	0.367547	0.223497	1.385382	0.531470	-0.148045	0.072270	0.273069	0.634856	-0.145308	0.062322	0.584095	0.991186	0.611993	1.031666	0.457277	0.547630	0.314813	0.157006	0.187325	-0.027831	-0.043297	0.478137	-0.650857	-0.432200	-0.467839	-0.215711	0.550910	0.268508	0.705415	0.795654	-0.185993	0.566543	-0.379956	-0.606495	0.155368	-0.729782	-0.791434	-0.373003	0.514759	0.819460	0.295777	-0.681059	-0.036215	0.245027	0.147946	0.311872	0.856189	1.266502	-0.507125	-0.145398	-0.320522	0.073730	0.742869	0.511149	-0.438388	0.161908	-0.350807	0.284072	0.616851	0.263114	0.865989	0.987460	0.761201	0.705381	-1.352470	-1.378700	-1.202601	-0.470197	-0.392899	-0.638640	-1.386237	-1.361834	-1.379874	-0.775823	1.087141	0.004882	-1.094847	-0.522303
0.313619	1.163423	-1.528134	-1.096425	0.612571	-1.134605	0.685078	-0.154388	0.292032	-0.775812	-0.454083	-0.691833	-0.577965	-0.495980	-0.060526	-0.193153	-0.476135	-0.143923	0.418781	0.004599	0.429672	0.272771	0.357928	0.595290	0.515238	0.527773	-0.371165	0.389262	0.666231	0.209820	0.528181	0.839424	-0.389465	-0.416667	0.807931	-0.381417	-1.737077	-0.775220	-0.527578	-0.199200	0.135755	-0.005458	1.381501	1.322135	0.140773	0.561141	0.401292	0.386745	0.581829	0.143834	-0.326464	-0.810700	-0.314366	0.179041	-0.168841	-0.617239	-0.858323	-0.809207	0.910372	0.518672	1.022326	0.778690	-0.664580	0.502581	0.219244	0.209407	0.234913	-0.964111	-0.117716	-0.638913	0.716982	1.213565	-0.445130	-0.704763	-0.130811	1.150923	0.069028	0.670294	1.168514	1.727599	-1.256447	-1.072606	-1.063407	-1.148083	-0.675684	-0.369800	-1.295204	-0.216647	-0.904055	-1.142402	-0.245818	-0.506533	0.491718	0.859331	1.213896	1.879183	-1.358018	-0.792804	-1.419525	-0.530981	-0.345984	-0.729474	-1.076771	-1.269760	-0.502788	-1.049850	0.327958	-0.075010	-0.595335	-0.268787
0.949196	1.696912	-1.308552	-1.006765	1.144700	-0.733776	0.964320	0.163787	1.402207	-0.116980	-0.417265	-0.484980	-1.019374	-1.119214	-0.320166	-0.705419	-1.228040	-0.097719	0.083670	-0.379609	0.492846	0.187353	1.624574	0.907988	-0.578533	-0.286037	-1.140983	0.555204	1.533469	0.183598	0.844687	1.084617	-1.204724	-1.327021	-0.462134	-1.404325	-2.427104	-1.190836	-1.315885	-1.273879	0.144215	-0.373366	1.327754	0.920346	-0.527553	-0.146198	1.168822	0.677276	0.800187	0.381513	-0.811605	-1.549708	0.007722	0.378581	0.650396	-0.348467	-0.525197	-0.806831	0.775440	0.414216	0.876300	0.102478	-0.774897	0.205185	1.145260	1.085949	0.492749	-0.216239	1.142896	0.471672	1.512858	1.828624	-0.851528	-0.024588	-0.131792	1.700753	0.247544	1.068406	1.339713	1.737699	-1.040966	-1.444210	-1.456538	-1.909796	-1.869891	-1.277061	-1.639316	-0.325219	-0.924664	-1.979805	-0.960817	-1.187731	0.260288	0.670938	1.487692	2.702418	-0.659489	0.441771	-0.988230	-0.310533	0.155453	-0.431210	0.278767	-0.457281	0.634989	-0.825107	-0.796745	0.409040	0.188308	0.313820
1.023805	1.233343	-0.773282	-0.315254	1.012185	-0.444656	0.397762	-0.028766	1.579501	0.599554	-0.069218	-0.139211	-1.030494	-1.220047	-0.626183	-0.832106	-0.916822	0.333888	-0.045186	-0.110187	0.035719	-0.396598	1.884574	0.771681	-1.157173	-0.609497	-1.669945	0.287105	0.840293	-0.507834	0.565150	1.013022	-1.308465	-1.608822	-0.962267	-1.572572	-1.642726	-0.945928	-1.377020	-1.656288	0.001386	-0.737621	0.691893	0.329935	-0.617702	-0.194745	2.039223	1.117031	0.904880	0.964311	-0.958511	-1.670073	0.616786	1.014708	0.812905	-0.153691	-0.100956	-0.444934	0.441409	-0.021566	0.508943	-0.430997	-0.468801	0.067669	1.287168	1.058016	0.425706	0.853904	1.766527	2.020201	2.389744	2.186371	-0.718276	0.593548	-0.150538	1.383255	0.668536	1.147907	1.411102	1.537099	-0.413909	-1.218644	-1.436378	-1.810654	-1.858526	-1.520570	-1.312569	-0.395815	-0.583516	-1.803576	-0.870607	-1.288039	0.413939	0.684878	1.590025	2.555836	-0.154949	0.682983	-0.653289	-0.067255	0.412654	-0.117965	0.929233	0.045716	0.503541	-0.493238	-1.526051	0.676384	0.209326	0.510942
0.258962	0.217805	-0.640118	-0.109333	0.038403	-0.618416	-0.893597	-0.758852	0.377656	0.391490	-0.201926	-0.301550	-0.791147	-0.862915	-0.941715	-0.696097	-0.187727	0.402372	-0.069383	0.229672	-0.400288	-0.660584	0.602120	0.205058	-1.071962	-0.523007	-1.560971	-0.207500	-0.935234	-1.569927	-0.336944	0.442316	-0.737629	-1.052021	-0.425381	-0.916157	-0.502046	-0.623050	-0.951194	-1.431483	-0.202910	-0.917728	-0.308735	-0.265148	-0.134020	0.313960	1.986081	1.117919	0.472837	1.358977	-0.888835	-1.273277	0.798430	1.133373	0.190052	-0.118040	-0.062379	-0.002952	-0.000205	-0.446381	-0.087639	-0.566301	-0.098181	0.144398	0.280927	-0.021970	-0.326513	1.229239	1.052578	2.475307	2.374538	1.705419	-0.625269	0.496290	-0.493402	0.254714	0.943275	0.759569	1.268594	1.184419	-0.284566	-0.944015	-1.225249	-1.248220	-1.049110	-1.181625	-0.701904	-0.838034	-0.266892	-1.113672	-0.336027	-0.995046	0.793796	0.738018	1.348568	1.511680	-0.215394	-0.216577	-0.477137	0.288933	0.176478	-0.154186	0.134991	-0.069593	-0.629238	-0.333603	-1.711323	0.015187	-0.468370	0.199275
-0.839646	-0.439326	-0.888753	-0.731567	-1.079720	-0.743357	-2.046868	-1.187786	-1.585561	-0.782775	-1.088199	-1.043753	-0.660114	-0.479928	-1.210612	-0.645143	-0.121093	-0.332085	-0.425456	-0.138323	-0.297401	0.025043	-1.241183	-0.423537	-1.124350	-0.744195	-0.756329	-0.627432	-2.107808	-2.064220	-1.356780	-0.414829	-0.183918	-0.296236	0.075783	-0.140427	-0.262722	-0.665743	-0.723021	-1.108081	-0.442206	-0.736130	-1.366842	-0.762840	0.176134	0.496189	0.753339	0.446089	-0.514016	1.000721	-0.799684	-0.740080	0.025981	-0.041183	-0.528333	0.122441	-0.238715	0.345372	-0.487697	-0.374757	-0.794037	-0.499135	0.081396	0.145506	-1.165846	-1.414459	-1.252120	0.770753	-0.496395	1.250949	1.153501	0.352037	-0.747242	0.035025	-1.174693	-1.159713	0.665605	0.046712	0.788970	0.567708	-0.784419	-0.906204	-0.818892	-0.683025	-0.413090	-0.759125	-0.335096	-1.562324	-0.108935	-0.508448	-0.112130	-0.691160	0.833985	0.498153	0.668214	0.254080	-0.356523	-0.813435	0.116090	0.623044	-0.228667	-0.344925	-0.873846	-0.111158	-1.042197	-0.193365	-1.536721	-1.098172	-0.831625	-0.160841
-1.472583	-0.227408	-0.892754	-1.356099	-1.464287	-0.355067	-2.107379	-0.578376	-2.958202	-1.956679	-1.983457	-1.709539	-0.685300	-0.340984	-1.181563	-0.745894	-0.765655	-1.321591	-1.003978	-1.070077	0.130625	1.149382	-2.024144	-0.727338	-1.618052	-1.301469	0.406833	-0.641075	-1.552149	-1.342335	-1.729136	-1.008122	-0.106225	0.001224	-0.250215	0.308349	-0.742140	-0.751931	-0.847308	-0.714698	-0.652676	-0.087714	-1.858497	-0.791842	-0.134836	-0.060491	-0.870794	-0.507816	-1.257944	0.062848	-0.701442	-0.290816	-1.366985	-1.875654	-0.772725	0.625502	-0.249320	0.484883	-0.728182	0.332865	-1.089707	-0.179791	0.171206	-0.069430	-1.991132	-2.150060	-1.259898	0.141051	-1.650114	-0.673404	-0.485000	-1.122294	-0.531711	0.006700	-1.634636	-2.024098	-0.141240	-0.673244	0.045944	-0.270001	-1.185020	-0.844480	-0.107676	-0.197716	-0.247488	-0.524506	-0.255057	-1.889010	-0.043442	-0.100335	-0.379422	-0.527199	0.158915	-0.102447	-0.176071	-0.571683	-0.151082	-0.196072	1.074243	0.358021	-0.440978	-0.262010	-0.520263	0.401229	0.120297	0.143484	-1.132537	-1.473089	-0.241007	-0.190592
-1.346061	0.350166	-0.285462	-1.080114	-1.031074	0.152683	-1.038088	0.550008	-2.645023	-2.159060	-1.964468	-1.690718	-0.683214	-0.416262	-0.718311	-0.816585	-1.284135	-1.673997	-1.237071	-1.735505	0.170275	1.428708	-1.212151	-0.765330	-1.926564	-1.542332	1.223940	-0.236193	0.121288	0.096397	-1.124431	-1.046971	-0.336950	-0.195390	-0.983628	0.422930	-0.775519	-0.439723	-0.813970	-0.083106	-0.735502	0.673680	-1.356063	-0.277071	-0.736471	-0.899604	-1.882242	-1.120521	-0.997151	-0.629577	-0.551825	-0.050447	-2.233853	-2.724640	-0.552899	0.901322	-0.025627	0.418938	-0.463905	1.145512	-0.645678	0.453390	0.272792	-0.345348	-1.717511	-1.831900	0.088318	-0.075693	-1.637794	-1.783844	-1.528872	-1.827387	0.189583	0.426292	-1.316849	-1.763251	-1.095664	-1.249982	-0.808070	-1.116779	-0.884811	-0.499761	0.641797	0.213791	-0.148087	-0.416125	-0.071233	-1.333676	-0.084139	0.255454	-0.716989	-0.481117	-0.983840	-0.837815	-0.831255	-0.903284	0.202777	0.882797	1.543607	-0.692146	-0.413206	0.036560	1.021806	0.972860	1.773019	0.611008	-0.643861	-0.706093	0.795671	0.039458
-0.773649	0.312057	0.469558	-0.144500	-0.378962	0.135122	0.309822	0.940672	-0.789093	-1.344373	-1.038804	-1.113892	-0.586253	-0.569504	-0.168813	-0.841182	-1.225562	-1.193422	-1.022879	-1.689151	-0.441797	0.301747	0.230169	-0.895161	-1.572827	-1.274319	1.120618	0.144230	1.376202	1.006077	0.034022	-0.870107	-0.501637	-0.480949	-1.299746	0.203145	0.036838	-0.036450	-0.235562	0.399739	-0.639331	0.871175	-0.201094	0.143938	-1.138115	-1.487959	-1.964307	-1.135997	-0.051791	-0.489927	-0.392142	-0.148904	-1.773717	-1.795271	-0.164568	0.569330	0.199986	0.275925	0.137381	1.304763	0.074512	0.840808	0.202711	-0.544971	-0.797185	-0.966446	1.740325	0.192598	-0.865256	-1.561689	-1.720918	-1.588678	0.633504	0.521690	-0.452254	-0.772925	-1.846996	-1.792727	-1.661429	-1.786777	-0.204040	-0.123999	0.845484	0.331889	0.061383	-0.361225	0.336399	-0.324280	-0.314041	0.508124	-0.814792	-0.477251	-1.938531	-1.422967	-1.286434	-1.138518	0.368114	1.240862	1.109197	-1.754540	-0.295461	0.073148	1.974555	0.870003	2.320026	0.962675	-0.298203	0.311532	1.199301	0.176656
-0.153633	-0.599623	0.544132	0.323382	0.054541	-0.312923	1.157078	0.197108	1.147448	-0.376530	-0.153141	-0.632794	-0.444575	-0.654169	-0.044193	-1.011546	-0.944385	-0.489356	-0.923384	-1.228646	-1.146944	-1.264869	1.072662	-1.183482	-0.979774	-1.034483	0.313860	0.099699	1.411029	0.706132	0.983080	-0.956634	-0.445946	-0.492973	-0.983699	-0.357486	0.744491	-0.211617	0.515953	0.086314	-0.424283	0.265651	0.802695	-0.079238	-1.244642	-1.734514	-1.458684	-0.813142	0.471939	0.219533	-0.250456	-0.483094	-0.557653	-0.184480	0.117904	-0.127176	0.202781	0.110489	0.589897	0.663726	0.265256	0.289634	-0.134945	-0.654525	-0.148848	-0.497181	1.997815	0.686211	-0.367408	-0.753592	-1.422275	-0.979843	0.133874	0.014883	0.106989	-0.189256	-2.178632	-2.254675	-2.239421	-2.057801	0.005903	-0.235019	0.305228	-0.005853	-0.010684	-0.385519	0.540933	0.158461	-0.690286	0.442383	-0.833465	-0.399091	-2.143258	-1.607028	-1.633048	-1.456397	0.363888	0.804243	0.429594	-1.897322	-0.186944	-0.258523	1.153874	0.129465	1.487827	1.032978	-0.178669	0.518420	0.472193	-0.069975
0.342162	-1.602689	-0.227730	-0.269303	0.278182	-0.572478	1.337311	-0.798929	1.586973	-0.180130	-0.099056	-0.687707	-0.257163	-0.564748	-0.364733	-1.350136	-0.837240	-0.233215	-1.270431	-0.858635	-1.305308	-1.837343	0.957992	-1.326558	-0.808882	-1.145928	-0.300905	-0.199469	0.696993	-0.242476	1.272522	-1.162845	-0.223666	-0.185132	-0.377697	-0.921120	0.394119	-0.858472	0.676187	-0.881482	-0.260910	-0.626077	1.139684	-0.566857	-1.114710	-1.635108	-0.789433	-0.567159	-0.022067	0.737062	-0.086149	-0.613245	0.066314	0.308997	0.067305	-0.693183	-0.043987	-0.197372	0.532541	-0.185563	-0.259151	-0.906974	-0.395205	-0.618225	-0.322229	-0.885759	0.457152	1.053147	-0.612750	-0.289865	-0.987534	-0.661295	-0.808687	-0.301897	-0.123679	-0.671069	-1.939007	-2.222509	-2.089504	-1.647424	-0.534154	-0.918473	-0.398725	-0.490869	-0.586238	-0.430830	0.141609	-0.347885	-1.080599	0.010177	-1.069014	-0.270346	-1.523041	-1.262737	-1.627905	-1.434798	0.333491	0.429655	0.317990	-1.157648	-0.090504	-0.481266	-0.607639	-0.545602	0.363312	0.831498	-0.147443	-0.137431	-0.804986	-0.693427
0.607074	-1.814271	-1.042710	-1.236307	0.315518	-0.488855	0.990503	-1.088150	0.353254	-0.853785	-0.643502	-1.090839	-0.043749	-0.375523	-0.634593	-1.534451	-0.799033	-0.555895	-1.559350	-0.796484	-0.961213	-1.163208	0.281773	-1.163409	-0.996854	-1.194742	-0.105083	-0.260654	0.075346	-0.744522	0.979509	-0.853804	0.042607	0.165480	0.169483	-0.955329	-0.595519	-1.002607	0.046810	-1.418076	-0.284330	-1.101358	0.808980	-0.575750	-0.656496	-1.031259	-0.227939	-0.571574	-0.991510	0.576905	0.086313	-0.211716	-0.437863	-0.816990	-0.400094	-0.976016	-0.395909	-0.690460	-0.025835	-0.695210	-0.900875	-1.558959	-0.202153	-0.382749	-1.018586	-1.600263	-1.276548	0.948160	-1.082450	-0.360825	-0.687795	-0.889439	-1.128309	0.307332	-0.737125	-1.620073	-1.221651	-1.456814	-1.132279	-0.647880	-1.126602	-1.544386	-0.494508	-0.585268	-1.107886	-0.318576	-0.659463	-1.269449	-1.410630	-0.592052	-1.473041	-0.375136	-0.574983	-0.598391	-1.012493	-0.633104	0.216313	0.601343	0.657231	-0.411978	-0.032888	-0.289552	-1.539318	-0.665232	-0.024583	0.471119	-0.096222	-0.907863	-1.545704	-1.365098
0.469917	-1.146012	-0.988616	-1.419668	-0.009411	-0.507202	0.233505	-0.641259	-1.174836	-1.558959	-0.881057	-1.247105	0.088043	-0.258214	-0.424177	-1.135887	-0.536212	-1.030334	-1.039500	-0.883111	-0.523484	-0.262926	-0.482683	-0.851837	-0.851781	-0.684426	0.598963	0.022248	-0.234699	-0.339568	0.374528	0.086176	0.248360	0.251834	0.497630	-0.328934	-0.913092	-0.054320	-0.657538	-0.666289	-0.373353	-0.876437	0.052507	-0.104643	0.099592	-0.006329	0.054615	-0.647066	-1.427308	-0.158379	0.182594	0.473381	-1.251985	-2.276248	-1.004393	-1.087201	-0.662004	-1.059123	-0.764556	-0.925127	-1.032335	-0.962500	0.303299	-0.053504	-1.384900	-1.587474	-1.318884	0.181798	-1.043680	-0.555765	-0.778556	-1.422037	-0.485512	1.284714	-0.983256	-1.821705	-0.481766	-0.399973	-0.015295	0.210387	-0.935261	-1.292490	0.101638	-0.163690	-0.767002	0.047940	-1.206220	-1.551837	-1.523077	-1.052359	-1.541124	-0.801289	0.056610	-0.057876	-0.143515	0.512273	-0.085070	0.809511	0.615388	-0.237577	-0.086397	-0.024544	-0.999943	-0.388612	0.243653	0.068287	-0.038538	-1.222718	-1.151680	-1.643218
-0.060627	-0.160818	-0.014611	-0.428473	-0.665991	-0.764963	-0.682142	0.001141	-1.548344	-1.325106	-0.279731	-0.680780	0.161129	-0.137634	0.266340	0.025957	0.017611	-1.034998	0.309577	-0.691612	0.031056	0.046248	-0.986327	-0.439900	0.038053	0.239792	1.056168	0.246263	-0.539781	0.472126	-0.390853	0.813189	0.415564	0.142543	0.569439	0.528460	-0.001484	1.303618	-0.545560	0.969144	-0.172264	-0.077913	-0.774975	0.202227	0.719952	0.872422	0.097479	-0.441780	-0.854966	-1.028965	0.236363	0.883550	-1.260014	-2.389742	-1.159392	-0.915763	-0.664002	-0.821491	-1.185568	-1.089713	-0.571244	0.301360	0.686038	0.237395	-0.793637	-0.347622	0.252045	-1.018947	-0.415553	-0.486842	-1.095288	-1.608978	0.569421	1.292214	-0.589128	-0.774055	-0.120163	0.239188	0.471605	0.213986	0.035085	0.029769	0.775648	0.405109	0.493789	0.574089	-0.984468	-0.633079	-1.006383	-0.970687	-0.709690	-0.917983	0.215971	0.185620	0.260380	0.864748	-0.423147	0.287296	-0.176219	-0.319677	-0.216924	-0.067570	0.028688	-0.120402	0.305470	-0.273562	0.111583	-1.015994	0.006505	-1.256949
-0.527363	0.645630	1.118747	1.102757	-1.068095	-0.637608	-1.200473	0.569544	-0.640300	-0.009283	0.828151	0.556247	0.413065	0.298932	1.094894	1.604619	0.704284	-0.268413	1.633957	0.113450	1.033926	0.093754	-0.884187	0.318067	1.291493	0.994723	0.954641	0.135816	-0.834407	0.914627	-1.114538	0.489764	0.664867	0.229571	0.475465	1.094739	1.308774	1.836888	0.508027	2.231959	0.536093	0.987938	-1.166523	0.097743	0.732122	1.036610	0.189825	0.219759	0.367986	-1.561543	0.423807	0.857677	-0.212114	-0.714815	-0.434571	-0.125476	-0.224552	0.158495	-0.805185	-0.877972	0.224653	1.163669	0.808154	0.521844	0.598772	1.473969	1.515098	-1.920202	0.301865	-0.107955	-0.931920	-0.833158	1.412865	-0.082285	0.109044	0.777490	-0.012738	0.282160	0.238068	-0.450424	1.051618	1.716524	1.036178	0.822461	1.814935	1.072289	-0.044062	1.036204	0.390029	-0.018879	0.935274	0.073726	0.296798	0.409140	0.021398	-0.100340	-0.496403	-0.865208	-1.014950	-0.031994	-0.224209	-0.179239	0.350241	0.041404	-0.341562	-0.416941	0.540947	-0.353053	0.967244	-0.246054
-0.310450	1.172264	1.664770	2.221911	-0.526193	0.396820	-0.826164	1.120527	0.573048	1.532309	1.685984	1.837062	0.915693	1.054503	1.549970	2.698105	1.254577	0.894483	1.982095	1.261035	2.183228	0.561121	-0.078511	1.437089	2.124985	1.226829	0.577720	-0.065317	-0.596459	0.726739	-1.327909	-0.560963	0.965165	0.657018	0.416706	1.166806	1.875753	1.174353	1.766643	2.305393	1.484938	1.849939	-0.744911	0.013528	0.202511	0.515225	0.512918	1.068918	1.458690	-1.416341	0.778668	0.785447	1.223358	1.647742	0.966278	1.240326	0.695859	1.412526	0.429599	0.194625	1.111802	1.248692	0.855346	0.837733	1.949325	2.634797	1.087922	-1.723024	0.680430	0.346642	0.088162	0.733517	1.726768	-1.656162	0.645932	1.628031	0.235929	0.143969	-0.167881	-0.888669	1.537851	2.712119	0.979187	1.137816	2.254426	1.365118	1.026781	2.293055	2.065662	1.549446	2.344169	1.851833	0.620971	0.831675	-0.332909	-1.531202	-0.154496	-1.591694	-0.945226	0.689001	0.019818	0.086239	-0.093638	0.278340	-1.196085	-0.253837	1.136557	0.642986	1.008973	1.041598
0.618647	1.384972	1.451647	2.358788	0.825420	1.744845	0.269127	1.481162	1.237274	2.212774	1.804435	2.363610	1.270109	1.547693	1.195567	2.399199	1.348204	1.622502	1.120910	1.877751	2.379698	1.214252	0.859720	2.228676	2.044661	1.005702	0.203130	-0.071967	0.320724	0.269427	-0.691716	-1.190467	1.026222	1.025387	0.493188	0.809302	1.521294	0.155524	2.352015	1.433441	2.010639	1.934376	0.211471	0.196482	-0.332535	-0.162912	0.818916	1.503287	1.747689	-0.610839	1.032171	0.970106	2.152567	3.074531	2.173092	2.383979	1.699479	2.155370	1.758313	1.689912	1.735322	0.897060	0.876857	0.967541	2.341586	2.409307	-0.312580	-0.371216	0.667494	0.564367	1.191818	1.918691	1.305564	-1.951344	0.802065	1.268617	0.592663	0.144839	-0.394871	-0.642429	1.497398	2.462772	0.851708	1.364082	1.613177	1.321159	1.525541	2.200663	2.748847	2.716157	2.282694	2.855138	0.952825	1.134750	-0.404276	-2.120112	0.462573	-1.034215	-0.026938	1.206998	0.295315	0.557627	-0.461187	0.609933	-1.317919	0.116536	1.350236	1.446744	0.224703	1.993819
1.417151	0.977108	0.775661	1.508749	1.853031	2.168051	1.254574	1.235468	1.266449	1.702975	1.271220	1.857501	0.986506	1.193904	0.108109	0.722166	0.864563	1.363866	-0.326627	1.321871	0.969032	1.007233	0.983066	1.786902	1.133923	0.514842	-0.213286	-0.116127	1.048888	0.036335	0.405715	-0.895837	0.608127	0.856301	0.487683	0.166228	0.994885	-0.206089	1.974510	0.392386	1.565185	1.019303	0.816523	0.178559	-0.551046	-0.622823	0.680256	1.066727	1.019910	0.335660	0.903059	1.135918	2.044306	2.677475	2.209144	2.283201	1.973457	1.809477	1.991518	2.148211	1.523579	0.333148	0.631364	0.558623	1.452957	1.119783	-1.053200	1.139271	0.396816	0.371055	1.084053	1.512425	0.261521	-0.893134	0.578657	0.156258	0.493935	0.045429	-0.693306	-0.262903	1.168648	1.331978	0.578713	1.214092	0.477671	0.956761	1.177793	0.920474	1.758351	2.537616	0.696855	2.014745	0.716188	0.731682	-0.489957	-1.589841	1.025490	0.425864	0.680559	0.853238	0.172717	0.573702	-0.275123	0.781640	-0.460029	0.408969	0.771161	1.288229	-0.649599	1.950267
1.195364	-0.249092	0.050724	0.153207	1.541033	1.344819	1.477260	0.490303	1.005290	0.751419	0.631255	0.962835	0.189556	0.204007	-0.963266	-1.093773	0.207780	0.414793	-1.356955	0.038320	-1.130704	-0.502039	0.019776	0.135931	-0.055555	-0.054380	-0.651580	-0.579917	0.576035	0.186106	1.067533	-0.404653	-0.071990	0.241262	0.073719	-0.491907	0.953026	0.248314	1.104546	-0.225758	0.297451	-0.283563	0.520288	-0.424946	-0.678235	-0.945487	0.048182	-0.101027	-0.366222	0.754897	0.473284	0.853054	0.969330	0.849796	0.805461	0.706586	0.953004	0.367985	0.715328	0.662691	0.291234	-0.520394	-0.023354	-0.421540	-0.180318	-0.290862	-0.739950	1.567096	0.008204	-0.129055	-0.481309	-0.391730	-0.568672	0.153773	0.085934	-0.923796	-0.355917	-0.548087	-1.328439	-0.477397	0.690392	0.266052	0.067296	0.543146	-0.329543	0.572320	0.369275	-0.338810	-0.069435	1.260512	-0.925583	0.271126	-0.330971	-0.466450	-1.032523	-0.852905	1.208849	1.486484	0.475797	-0.311176	-0.459270	-0.058844	-0.066546	0.642968	0.540631	0.458545	-0.235256	0.033172	-0.989643	0.708071
0.113858	-1.651507	-0.392121	-0.897875	0.212799	0.389997	1.153401	0.157041	0.725280	0.475343	0.475960	0.741753	-0.313810	-0.462402	-1.174017	-1.544256	0.126115	-0.279704	-1.206511	-0.659727	-2.109957	-2.250310	-1.092482	-1.378507	-0.723328	-0.255523	-0.745982	-1.169150	-0.833080	0.486279	0.856668	-0.519923	-0.383868	-0.154211	-0.586048	-0.694453	1.309576	0.964461	0.534975	-0.148245	-0.851855	-0.827631	-0.103563	-0.946823	-0.924936	-1.180218	-0.589126	-1.276623	-1.629755	0.497850	0.112696	0.287007	-0.424895	-1.096461	-1.227297	-1.394900	-0.948730	-1.526459	-1.018502	-1.723286	-1.110879	-1.341291	-0.774067	-1.428060	-1.520112	-1.011833	-0.430735	0.682127	-0.336466	-0.608821	-2.136031	-2.217495	-0.238977	0.009678	-0.419578	-1.409613	-1.275004	-1.370026	-1.847350	-1.015966	0.206695	0.004612	-0.302926	-0.157844	-0.316684	0.618777	-0.174042	-0.412937	-1.091028	0.186372	-0.934403	-0.364602	-1.596779	-1.658981	-1.727291	-0.707158	0.873952	1.204523	-0.156143	-1.361815	-1.087502	-0.658392	-0.622152	0.360968	0.610613	0.387720	-0.725589	-1.329190	-0.812876	-1.073856
-0.670672	-1.941170	-0.386775	-0.948914	-0.724291	0.489935	0.976077	0.893971	0.527305	1.194037	0.923945	1.510102	0.100384	-0.094759	-0.395703	-0.303462	0.922393	0.003087	0.162654	0.103497	-1.209092	-2.552855	-1.118897	-1.331918	-0.247450	0.461902	-0.215399	-1.006115	-1.680944	0.587318	0.276172	-0.831982	0.092619	0.195082	-0.718104	-0.121041	1.510976	1.468701	0.647379	0.630746	-0.899693	-0.084505	0.031596	-0.266708	-0.862266	-0.868338	-0.704376	-1.698371	-2.018109	0.080596	0.048221	0.100304	-1.233124	-1.846964	-2.515522	-2.619422	-2.453490	-2.829479	-1.678301	-2.885805	-1.387882	-1.282110	-1.096851	-1.708355	-1.764817	-0.788296	-0.830873	-0.465002	-0.474086	-0.794658	-2.238554	-2.346320	0.983023	-0.996381	-0.555307	-1.024493	-1.084512	-1.417982	-1.362699	-0.786147	-0.031533	0.499760	-0.019250	-0.138397	0.393806	1.190056	-0.026458	0.669291	-0.552991	0.179979	0.717175	0.696967	-1.960874	-1.746728	-1.616010	-0.810304	0.215529	-0.118504	-0.306771	-1.209535	-0.975589	-0.416546	-1.723747	0.148446	-0.363065	0.385407	-0.109504	-1.495064	-0.508095	-2.161422
-0.259270	-0.520857	0.024265	-0.022756	-0.328169	1.447823	1.161337	1.985652	0.443993	2.040434	1.453443	2.324854	1.044801	0.928565	0.688874	1.396258	1.938641	1.017713	1.910353	1.726179	0.387646	-0.888049	0.067771	0.106764	1.188843	1.951966	0.642412	0.236722	-0.913589	0.354684	0.097846	-0.209070	0.971518	1.011942	0.161852	0.862900	1.172569	1.631087	1.020061	1.652803	0.146024	1.097973	1.054208	1.498008	0.139361	0.438023	-0.336785	-1.204536	-1.300144	0.005035	0.159531	0.541796	-0.869034	-0.982425	-2.159734	-2.249828	-2.421919	-2.694101	-0.930700	-1.933652	-0.296347	-0.070648	-0.841513	-1.039322	-0.866033	0.069965	-1.186155	-0.705224	-0.367847	-0.733398	-0.676336	-0.763442	1.614909	-1.463515	-0.076742	0.139413	0.555011	-0.037640	0.291944	0.621823	0.121438	1.072800	0.755181	0.684641	1.158501	1.684555	0.562795	1.693440	0.692983	0.639663	2.379594	1.821299	-0.874182	-0.506608	-0.243335	-0.273223	-0.249037	-1.210610	0.221114	0.370817	0.058635	0.647853	-2.005853	0.040960	-1.319970	0.461174	1.213962	-0.219732	-0.233180	-1.678817
1.007379	1.617133	0.659548	1.095756	0.834971	2.016771	1.217101	1.969213	0.439126	1.942211	1.413439	1.990734	1.502619	1.547397	1.319522	2.013304	2.170135	1.777755	2.831959	2.691184	0.902157	1.468361	1.344379	1.281019	2.490314	3.051672	1.197913	1.699978	0.786792	-0.002384	0.384101	1.462743	1.351591	1.455045	1.391669	1.379292	0.409198	1.355408	0.886541	2.060177	1.196723	1.325577	1.775943	2.650689	1.823710	2.206228	-0.009792	-0.313258	0.095104	0.112257	0.218883	1.030690	0.445936	0.749930	-0.414712	-0.717594	-0.806995	-1.108017	0.115424	-0.076593	0.927510	1.248015	-0.324860	0.036728	0.562061	0.950171	-0.462542	-0.013003	-0.123632	-0.662881	1.068826	0.982510	0.798023	-0.477821	0.865182	1.430179	2.572156	2.035273	2.041020	2.100702	0.531636	1.144103	1.220012	1.498894	1.308611	1.293158	0.968343	1.543852	1.323267	0.369865	2.520016	1.278771	0.913902	0.994672	1.568345	0.928230	-0.051868	-1.000011	0.861919	2.337750	1.355194	1.691684	-0.421331	0.055133	-1.126939	0.497285	2.214529	1.354838	0.163919	0.101205
1.924960	2.741630	1.307483	1.612164	1.340801	1.408424	0.654250	0.462015	0.362437	0.878783	0.702502	0.500523	1.059927	1.245201	1.336278	1.272927	1.411936	1.605767	2.364416	2.200187	-0.008425	2.721110	1.635532	1.032090	2.548527	2.617039	1.127646	2.194894	1.717544	-0.150993	0.473242	2.737634	0.857205	1.079327	1.761437	1.004185	-0.317351	0.543834	0.042328	1.343921	1.222523	0.302187	1.134835	1.822227	2.930153	3.064678	0.000820	0.366902	1.374000	-0.124218	0.165990	0.873613	1.753511	2.064290	1.528078	0.893898	1.318988	1.013182	0.396947	0.969259	1.009934	1.374722	0.198756	0.836968	1.724119	1.341787	0.983482	0.685689	0.164364	-0.550715	1.693939	1.535961	-0.442621	1.440662	1.791238	1.977927	3.503232	3.188778	2.579762	2.199765	0.909685	0.732516	0.920770	1.455234	0.719760	-0.049122	0.840715	0.412929	1.082553	-0.724565	1.330749	-0.479562	2.079746	1.485411	2.465685	1.683341	0.664470	0.314824	1.035518	3.166573	2.001344	1.932258	2.259003	0.267446	0.178781	0.397180	2.162304	1.899671	0.728917	1.893705
1.645128	2.101640	1.657175	1.376471	0.496083	0.044026	-0.356920	-1.219793	0.024480	-0.198587	-0.232327	-0.973227	0.306213	0.500774	1.058098	0.224654	0.404818	0.773092	1.030020	0.848049	-1.034570	2.266542	0.993183	-0.014601	1.276579	0.801350	0.599782	1.484230	1.105276	0.001270	-0.009715	2.264987	0.073055	0.284192	0.965761	0.250379	-0.651466	-0.558101	-0.881869	-0.020380	0.291514	-0.794205	-0.370022	-0.211031	2.468007	2.217072	0.008143	0.681088	1.830568	-0.747382	0.058583	0.097379	2.076226	2.192630	2.443142	1.728189	2.613633	2.455296	0.106585	0.883415	0.173587	0.399640	0.768948	1.178679	2.059032	1.120718	1.760105	0.800303	0.474714	-0.040630	1.373530	1.092337	-0.522694	2.853521	2.189998	1.529968	2.881477	2.609831	1.774006	0.896217	0.971792	0.210916	0.228761	0.524044	-0.151432	-1.479006	0.333368	-0.535498	0.739612	-1.466570	0.195148	-1.543679	2.104412	0.866677	2.000452	1.136776	1.106331	1.427279	0.622465	2.190373	1.699866	1.338664	3.926882	0.562640	1.465903	0.111377	1.178476	1.280526	1.218598	2.476285
0.442876	0.554443	1.234487	0.677483	-0.885073	-1.058476	-1.123933	-1.543186	-0.621982	-0.646798	-0.992784	-1.529256	-0.153194	-0.067777	0.680234	-0.244978	-0.231381	-0.013529	-0.296914	-0.401776	-1.019102	0.942027	0.225351	-0.556288	-0.442377	-1.123422	-0.051258	0.341288	-0.028648	0.233189	-0.468744	0.563790	-0.318910	-0.355858	-0.079690	-0.205044	-0.679778	-1.372888	-1.163221	-1.024450	-0.735544	-0.776598	-1.194617	-1.310169	0.823663	0.380484	0.316447	0.800254	1.213895	-1.111088	-0.104347	-0.719656	1.213389	1.417448	1.941235	1.662665	2.412355	2.531020	0.137787	0.672450	-0.247206	-0.292450	1.218320	1.189768	1.433510	0.470065	1.299426	0.615394	0.706180	0.881867	1.014950	0.766402	0.487712	2.707779	1.774763	0.703815	1.387624	1.094579	0.684377	-0.372805	0.492174	-0.239678	-0.365143	-0.650036	-0.823121	-2.137112	-0.273017	-0.665866	0.668747	-1.040698	-0.162024	-1.193143	1.533621	0.122171	0.965169	-0.054058	0.637740	1.334366	-0.110325	0.156759	0.973895	0.442316	3.324041	0.585515	1.809450	-0.337687	-0.001645	0.524553	1.348463	1.764592
-0.638090	-0.496119	-0.171579	-0.249810	-1.387745	-1.284457	-1.102304	-0.491105	-1.350808	-0.777569	-1.519598	-1.428589	-0.512325	-0.491958	0.061468	-0.429040	-0.667082	-0.453923	-1.290895	-1.266650	-0.372912	-0.206820	-0.183707	-0.393394	-1.695643	-2.114961	-0.626476	-0.545623	-0.240148	0.276106	-0.082174	-0.552161	-0.449295	-0.822746	-0.467635	-0.397058	-0.764543	-1.533267	-0.820818	-1.216974	-1.292810	0.094874	-0.606890	-0.490020	-0.696678	-0.981951	0.661341	0.795181	-0.076738	-0.648960	-0.363645	-1.211153	-0.105926	0.592039	0.641567	1.111719	1.079847	1.453155	0.732492	1.078109	0.412164	0.160774	0.946537	0.814104	0.206319	-0.369723	0.467111	0.474365	0.632540	1.495876	0.853286	1.016926	0.949236	1.190671	0.658665	0.209325	-0.061051	0.027601	0.258322	-0.418432	-0.501373	-0.723439	-0.907139	-1.463842	-1.193119	-1.979159	-0.859783	-0.502125	0.298839	-0.091338	-0.299044	-0.630452	0.996576	-0.021463	0.318970	-0.394365	-0.422995	0.394716	-0.791510	-1.533534	0.483969	-0.338893	1.330846	0.178878	1.336074	-0.796839	-0.698582	0.462538	0.986004	0.742877
-0.819188	-0.509282	-1.860092	-1.151124	-0.611259	-0.842181	-0.417939	0.517934	-1.752545	-1.018749	-1.803848	-1.338222	-1.151699	-1.023039	-0.905273	-1.031596	-1.185518	-0.712570	-2.009414	-1.792300	-0.303438	-0.979285	-0.405132	-0.356357	-2.147946	-2.095526	-1.107032	-1.274021	0.338002	0.010434	0.844207	-0.255520	-0.852398	-1.344628	-0.332917	-0.732597	-1.063082	-1.241472	-0.513490	-1.068630	-1.499963	0.485220	0.461871	0.969059	-1.240959	-1.150383	0.695709	0.643023	-1.136530	0.395370	-0.680776	-1.456711	-0.824382	0.204313	-0.446691	0.451571	-0.365146	0.088921	1.171491	1.641148	1.278820	0.976516	-0.256608	-0.005144	-0.892152	-1.132241	0.128345	0.096634	0.179162	1.129361	0.484192	1.247758	-0.015131	-0.488422	-0.585033	0.091682	-0.935471	-0.117318	0.395558	0.474196	-1.468776	-1.257655	-1.520045	-1.681134	-1.325528	-1.437795	-1.268746	-0.635784	-0.668941	0.264965	-0.788037	-0.887794	0.582377	0.205157	0.179844	0.583895	-1.108485	-0.334246	-1.238551	-2.014184	0.247707	-1.040284	-0.243500	-0.323146	0.617621	-1.098526	-0.817257	0.704862	0.089000	0.250680
-0.256675	-0.028225	-2.474491	-1.508613	0.390490	-0.429640	0.227191	0.276580	-1.560915	-1.041209	-1.699022	-1.269402	-1.704358	-1.370476	-1.970962	-1.904887	-1.419819	-0.900449	-2.212156	-1.632933	-1.097690	-1.765038	-0.695307	-0.802089	-1.891450	-1.483437	-1.553870	-2.218246	0.049124	-0.550404	0.899994	0.358109	-1.457590	-1.694687	-0.405986	-1.110636	-1.364369	-0.980770	-0.716466	-1.224851	-1.594427	-0.374656	0.576982	1.118320	-1.028797	-0.603411	0.723517	0.520131	-1.173156	1.211297	-0.957903	-1.572981	-0.389075	0.025126	-0.751097	-0.253029	-1.023616	-0.668890	0.743541	1.431807	1.039030	0.771097	-1.486682	-0.806598	-1.207962	-1.445566	-0.044673	-0.861800	-0.366615	0.159568	-0.064111	0.851853	-1.279299	-1.107283	-1.215907	-0.021020	-1.040701	0.032309	0.392206	1.149694	-1.627239	-1.581690	-1.767356	-1.311908	-1.145088	-0.678592	-1.167268	-0.668351	-1.311481	-0.049934	-1.159487	-1.233338	0.257974	0.293373	0.027981	1.714422	-0.901099	-0.526839	-1.592752	-1.411086	-0.279938	-1.853778	-0.699957	-0.467038	-0.255307	-1.275442	-0.816190	0.188814	-1.264822	0.093634
0.301384	0.235195	-1.406521	-0.973648	0.450811	-0.504320	0.254775	-0.967965	-0.919899	-0.335566	-1.178660	-0.801396	-1.463406	-1.022151	-2.654374	-2.205975	-0.879293	-0.897746	-1.556629	-0.514653	-1.848013	-2.600811	-0.949339	-1.126602	-1.176658	-0.631455	-1.927855	-3.177681	-1.922481	-1.212452	-0.626492	-0.042657	-1.625687	-1.404344	-0.913030	-1.024448	-1.401896	-0.968271	-1.223876	-1.679443	-1.495679	-1.822208	-0.507717	-0.376718	-0.717738	-0.163646	1.252711	0.665159	-0.223811	1.277662	-1.110923	-1.470723	0.799681	-0.324659	-0.437912	-0.965210	-0.745636	-0.535550	-0.353440	0.323298	-0.412735	-0.630680	-1.578798	-0.909118	-0.693783	-1.076364	-0.745945	-2.000247	-0.609358	-0.384810	-0.210299	0.056774	-1.317394	-0.441295	-0.941094	-0.230530	-0.472972	-0.163106	-0.044882	0.984448	-0.777012	-1.447263	-1.156455	-0.567482	-0.611455	0.310967	-0.456303	0.069242	-0.632652	-0.243993	-0.686514	-0.484122	0.208806	0.211982	-0.406701	1.697531	-0.220928	-0.708675	-2.015127	-0.430162	-1.300974	-2.624045	-0.688763	-0.218531	-1.406670	-1.458716	-1.086033	-1.320805	-2.620041	-0.355597
0.398592	0.153548	0.273300	-0.019490	-0.238149	-0.806602	-0.152066	-1.907021	-0.253666	0.672274	-0.521983	-0.039011	-0.555145	-0.188695	-2.541851	-1.607001	0.063989	-0.637088	-0.413624	0.830923	-1.734393	-2.842725	-0.904805	-0.836536	-0.389140	0.117880	-1.953037	-3.352659	-3.876867	-1.514795	-2.395467	-1.068402	-1.130533	-0.606266	-1.308671	-0.457847	-1.135751	-0.973650	-1.447079	-1.839510	-1.080868	-2.532854	-1.593891	-1.913274	-0.560780	-0.084277	1.893804	0.905940	0.792897	0.787222	-1.037102	-1.083862	1.670443	-0.702387	-0.028992	-1.353580	-0.121888	-0.003471	-1.189380	-0.772160	-1.740913	-1.901741	-0.646491	-0.343933	0.054493	-0.316286	-1.590065	-2.426336	-0.452674	-0.181387	0.162083	-0.448971	-0.296873	0.558433	-0.228012	-0.303522	0.242861	-0.525483	-0.496889	0.384916	0.307918	-0.946609	-0.094330	0.105330	-0.019075	1.110956	0.347920	1.136835	0.747605	-0.000450	0.291416	0.902531	0.409250	0.178584	-0.772735	0.727318	0.218780	-1.037426	-2.196778	0.263855	-2.090381	-2.771905	-0.756343	0.063819	-2.263005	-1.510561	-1.366317	-2.586736	-3.113946	-0.968077
0.199480	0.027485	0.858302	0.402368	-0.486660	-0.699593	-0.300871	-1.528847	0.130694	0.896240	-0.059915	0.353324	0.080162	0.271536	-1.501435	-0.643907	0.434719	-0.248914	0.268838	1.116129	-0.859417	-1.837218	-0.496812	-0.240880	0.076130	0.381842	-1.305467	-2.145217	-3.214844	-1.002924	-2.266217	-1.147067	-0.464256	-0.035187	-0.995808	-0.019679	-0.688236	-0.647527	-1.017681	-1.234785	-0.490915	-1.802692	-1.384741	-1.767359	-0.354555	-0.073919	1.550019	0.731695	0.923440	0.259977	-0.626323	-0.547552	1.361552	-0.606349	0.138922	-1.014343	0.161528	0.199458	-1.020029	-0.884714	-1.568159	-1.681793	0.034991	0.099911	0.390086	0.209637	-1.403217	-1.665028	-0.108702	0.103364	0.400645	-0.323497	0.299375	0.708812	0.180603	-0.103624	0.439158	-0.440834	-0.422880	0.079300	0.619814	-0.399498	0.386274	0.278114	0.199626	1.023438	0.521945	1.275168	1.126743	0.167550	0.648028	1.254318	0.405375	0.166771	-0.576658	0.077612	0.173289	-0.882116	-1.529300	0.390456	-1.656075	-1.813360	-0.612988	0.086068	-1.799217	-1.057417	-1.016104	-2.078825	-2.070343	-0.917186
-0.005921	0.030994	0.002297	0.028921	0.169633	-0.017704	0.071701	-0.007198	0.258281	0.067874	0.161197	0.135613	0.021567	0.031625	0.180978	0.189890	-0.047097	0.132996	0.168745	0.104505	0.276136	0.227124	0.122763	0.241088	0.166196	0.135921	-0.063964	0.146509	0.288271	0.232112	0.046130	0.186692	-0.021179	-0.014444	-0.022899	-0.027766	-0.171852	0.037396	-0.076290	-0.001376	0.086368	-0.012448	0.124150	0.073350	0.034286	0.078583	-0.018893	0.011883	0.132035	-0.074474	0.068202	-0.011728	0.003127	0.057502	0.085876	-0.020505	-0.019496	-0.107413	0.028465	-0.017130	0.065445	-0.030270	-0.148681	0.007048	0.231654	0.281818	0.058906	-0.055223	0.232994	-0.010694	0.122260	0.235042	-0.147062	-0.158145	0.083211	0.265726	0.006648	0.220640	0.187283	0.242993	0.031230	0.031620	-0.020823	-0.037673	-0.011358	0.012952	-0.021786	0.166464	0.014173	-0.079280	0.033763	0.081483	-0.029233	0.057739	0.175572	0.282012	-0.151948	0.039812	0.014904	0.095987	0.004554	0.041724	-0.003962	-0.126281	0.043633	-0.061173	0.070016	0.207684	0.224920	0.030106
