X1	X2	X3	X4	X5	X6	X7	X8	X9	X10	X11	X12	X13	X14	X15	X16	X17	X18	X19	X20	X21	X22	X23	X24	X25	X26	X27	X28	X29	X30	X31	X32	X33	X34	X35	X36	X37	X38	X39	X40	X41	X42	X43	X44	X45	X46	X47	X48	X49	X50	X51	X52	X53	X54	X55	X56	X57	X58	X59	X60	X61	X62	X63	X64	X65	X66	X67	X68	X69	X70	X71	X72	X73	X74	X75	X76	X77	X78	X79	X80	X81	X82	X83	X84	X85	X86	X87	X88	X89	X90	X91	X92	X93	X94	X95	X96	X97	X98	X99	X100	X101	X102	X103	X104	X105	X106	X107	X108	X109	X110
-0.229005	-0.230419	-0.144489	-0.079156	-0.148366	-0.092866	-0.119959	-0.144177	-0.138623	-0.101565	-0.264091	-0.293429	-0.024349	0.058835	0.370969	0.281553	0.258166	0.311799	0.272129	0.217756	0.112894	0.045602	0.103008	0.147827	-0.101991	-0.089678	0.082003	-0.100934	-0.081671	-0.181194	-0.139074	-0.041382	-0.016512	0.122229	0.033256	0.184442	-0.246180	-0.101109	-0.191661	-0.010482	-0.038619	-0.202358	-0.040029	0.124475	0.224135	0.230262	-0.077594	-0.023497	0.137939	-0.030334	-0.098995	-0.113896	0.048350	-0.079986	-0.035085	-0.077257	0.006704	0.001206	-0.067303	-0.114483	0.101085	0.071304	0.128208	0.017717	-0.003728	-0.147763	0.077215	-0.355648	0.008977	0.090426	0.140821	0.155519	-0.086494	0.146780	0.202979	0.093305	0.224248	0.219033	0.180523	0.139899	-0.212281	-0.067758	-0.007268	0.129336	0.227120	0.105315	0.188007	0.247867	0.206088	-0.096356	0.322312	0.001688	0.125785	-0.112216	0.080253	-0.044648	-0.287643	-0.225866	-0.203071	-0.236465	0.244876	0.281245	0.200401	-0.194775	-0.159158	-0.196384	-0.200993	0.110403	0.058764	0.218110
1.049915	0.160877	1.309665	0.761744	0.731656	0.193161	0.607830	0.196550	0.726432	-0.599498	1.079754	1.111379	1.130406	1.503631	0.080129	0.269137	0.390333	-0.140714	0.769428	0.248793	-0.221591	-0.480185	0.199596	-0.480500	-0.037093	0.057215	-0.481156	0.163422	-1.598906	-0.192787	0.745603	0.301401	0.644987	0.757196	-0.163865	0.171971	0.891462	0.713528	0.172645	-0.053415	0.597498	-0.335288	0.353778	-0.376466	0.049540	-0.411077	0.220064	0.537967	-0.687410	0.444091	1.441147	1.382633	-0.319819	0.534051	0.346893	0.238289	0.885614	0.594255	0.280153	-0.305575	-0.062953	-0.640360	-0.191024	0.037824	0.918633	-0.959119	0.677012	-0.132473	0.379529	-0.023952	0.084323	-0.124604	-1.531626	-0.952259	0.066361	-0.501642	-0.012068	-0.169364	-0.006448	-0.051053	1.709238	0.720497	0.575062	1.385644	1.304627	0.457949	1.065962	1.112667	0.877128	0.641229	1.012040	0.740211	-0.064849	0.729602	0.109221	0.167009	0.352280	0.630790	0.932672	1.077489	-0.164780	-0.390284	-0.377293	-0.235187	0.413880	0.852835	0.353375	0.895359	0.637213	0.089686
1.690184	0.463668	1.426313	0.899311	1.058673	0.040913	1.161940	0.782469	1.107505	-0.836493	1.639547	1.384982	1.905798	2.386558	0.271835	0.376493	0.297707	-0.664476	0.694585	0.028925	0.260539	0.260062	0.364334	-0.867584	0.056323	0.231023	-0.902588	-0.119214	-1.350024	0.245067	1.051387	0.603266	1.260900	1.299136	0.028284	0.287975	1.121760	0.587085	0.173354	-0.456536	1.081170	-0.291018	0.744301	-0.121193	0.224579	-0.288233	0.817283	1.037047	-0.226706	1.278692	2.040846	1.792074	0.089757	1.488190	1.200399	0.878409	0.997861	0.753307	1.095668	0.144191	-0.087717	-0.568130	0.102205	0.531808	1.567889	-0.614031	0.916788	0.260332	0.429927	0.709669	0.445071	0.171476	-1.587450	-0.777653	0.463078	-0.437765	-0.157858	-0.206522	0.081150	0.160093	1.883623	0.543715	0.778693	1.758927	1.145951	0.422187	0.851518	0.415694	0.472003	0.649160	0.857200	0.755501	0.359810	1.233091	0.355429	0.699715	1.089319	1.095422	1.369422	1.757615	0.260946	-0.123203	0.012341	0.083188	0.689539	1.420858	0.368356	1.616365	1.152242	0.960560
1.588001	0.500699	0.353622	0.363208	0.762480	-0.591651	1.440542	1.336619	1.072719	-0.759255	1.410157	0.535885	1.998965	2.327393	0.560686	0.369706	-0.031652	-1.129748	0.048726	-0.417742	1.161920	1.972025	0.459550	-0.911089	0.257217	0.307090	-1.012321	-0.621652	0.494229	0.786276	0.923078	0.660762	1.447459	1.298525	0.286866	0.193170	0.434730	-0.557595	-0.086668	-1.012593	1.307174	-0.196089	0.868599	0.377361	0.342889	0.216246	1.207256	1.052858	1.185247	2.136556	1.565872	1.056636	1.133023	2.269720	2.146700	1.569315	0.474427	0.352653	2.012018	0.826878	0.014749	0.047650	0.596671	1.028312	1.660507	0.749738	0.878212	0.568417	-0.057343	1.733243	0.779559	0.655676	-0.386927	0.516616	1.004969	0.097960	-0.198910	-0.013700	0.126279	0.417934	0.357847	-0.432963	0.692989	1.241798	-0.169523	0.035735	-0.396450	-1.477525	-0.634661	0.068783	-0.120801	0.228650	1.031465	1.042121	0.458838	1.099388	1.621559	1.121743	1.251774	1.703238	1.405233	0.660855	1.134791	0.660554	0.675194	1.509567	-0.140648	2.030436	1.415624	2.221195
1.172003	0.235089	-0.615047	-0.261244	0.280731	-1.299711	1.454493	1.317341	0.988715	-0.544145	0.983972	-0.494206	1.418088	1.355956	0.215569	0.014136	-0.358452	-1.236196	-0.567292	-0.800128	1.328341	3.129291	0.306024	-0.657323	0.544465	0.199447	-0.679618	-0.482505	2.060180	0.805730	0.946527	0.381458	0.863564	0.402007	0.070251	-0.471767	-0.361401	-1.838931	-0.173836	-1.156386	1.274234	-0.216507	0.575695	0.093017	-0.216258	0.178422	0.621156	0.229980	1.963876	2.239295	0.701406	0.046691	1.848678	2.077080	2.227350	1.658115	-0.008845	-0.361629	2.235401	0.959541	0.186363	0.369118	0.367361	0.629067	1.139259	1.860014	0.908913	0.348901	-0.926806	1.903335	0.341614	0.480327	0.744130	1.650923	0.942222	0.471486	-0.131079	0.047029	-0.368136	0.100302	-1.265945	-1.190189	0.646593	0.418795	-1.408769	-0.392156	-1.627723	-2.780435	-1.132292	-0.382963	-1.087741	-0.146114	0.989736	0.030241	-0.047439	0.663220	1.482066	0.843815	1.087673	1.156821	2.289456	0.816428	1.776051	1.011993	0.566361	1.346660	-0.792310	1.933237	1.314974	2.269877
0.946450	-0.001539	-0.623575	-0.588393	0.149554	-1.540648	1.313178	0.639805	0.962082	-0.433263	0.788169	-0.965671	0.613598	-0.006960	-0.705573	-0.406271	-0.462538	-0.779126	-0.549632	-0.829779	0.366549	2.743483	0.003744	-0.266170	0.688841	0.085478	-0.007035	0.555959	1.853684	0.407302	1.311126	0.116141	-0.164257	-0.947450	-0.409982	-1.322912	-0.512497	-2.179919	0.121742	-0.685934	1.096712	-0.183439	0.279350	-0.846285	-1.201219	-0.425502	-0.751812	-1.025129	1.199015	1.311482	0.184046	-0.449635	1.487006	0.997197	1.057479	0.899423	-0.183291	-0.968424	1.631264	0.671820	0.474279	0.170995	-0.669948	-0.653943	0.409489	1.741027	1.076723	-0.302080	-1.542415	1.199457	-0.683466	-0.388103	0.929129	1.740755	0.373389	0.581370	0.090404	-0.051902	-1.183956	-0.619539	-1.637063	-1.088087	0.655245	-0.373600	-1.546541	-0.676119	-1.974171	-2.463022	-0.576180	-0.388682	-1.266564	-0.184088	-0.039087	-1.342955	-0.888180	-0.436129	0.694807	0.369349	0.841811	0.323985	2.094360	0.122388	1.136259	0.828922	0.483366	0.904010	-1.269202	1.479754	1.060735	0.575925
1.035028	0.194100	-0.044087	-0.723033	0.524839	-1.074557	1.126885	-0.129371	0.824214	-0.538883	0.772385	-0.923056	0.172230	-1.044393	-1.295183	-0.330600	-0.463323	0.076019	0.062185	-0.482168	-0.786344	1.379298	-0.109251	0.019915	0.471035	0.203423	0.610433	1.682536	0.316626	0.324605	1.596514	0.391484	-0.790189	-1.707171	-0.315993	-1.436727	0.024854	-1.250766	0.508063	-0.052084	0.882533	0.158760	0.578749	-1.130984	-1.549109	-0.599678	-1.677021	-1.683190	-0.230580	0.035588	0.105844	-0.466333	0.311852	0.016199	-0.539354	-0.188853	-0.344689	-1.152090	0.904746	0.767737	0.858234	0.028517	-1.497482	-1.641882	0.094978	0.734071	1.069324	-0.570357	-1.247547	0.660612	-1.161343	-0.970825	0.562852	1.055233	0.198777	0.912499	0.425764	0.051042	-1.393198	-0.785085	-0.855204	-0.477278	0.401085	-1.163532	-0.751734	-0.827141	-1.530757	-1.302451	-0.065905	-0.363916	-0.691720	-0.367032	-1.187265	-2.117755	-1.188790	-1.119245	-0.047742	-0.034054	0.136181	-0.522008	0.983191	-0.462001	-0.222592	0.348072	0.466295	0.025223	-1.302325	1.040937	0.976313	-1.511447
1.057878	0.698898	0.272839	-0.798418	0.976634	-0.236384	0.865042	-0.405704	0.485775	-0.736668	0.720906	-0.715040	0.273404	-1.347529	-0.854850	0.313597	-0.653936	0.811714	0.628044	0.011499	-0.932700	0.255806	0.130353	0.043390	0.000310	0.453350	0.858514	1.835692	-0.819941	0.849982	1.366850	1.199712	-0.552671	-1.286978	0.604325	-0.482968	0.707807	0.267233	0.519728	0.173454	0.557767	0.586237	1.344595	-0.034288	-0.668517	0.276198	-1.250825	-1.116919	-0.737163	-0.614542	0.060175	-0.567739	-0.732163	-0.192570	-1.311159	-0.864575	-0.690384	-0.870067	0.589033	1.284953	0.954830	0.249331	-1.240011	-1.314210	0.391479	-0.071580	0.709642	0.111906	-0.086327	0.773054	-0.439393	-0.490259	0.443405	0.258927	0.786202	1.604382	0.643328	0.552600	-0.487118	0.093980	0.064971	-0.077173	-0.199431	-1.748972	-0.003278	-0.865384	-0.971677	-0.644463	-0.805413	-0.805210	-0.089017	-1.000381	-1.438840	-1.610632	-0.541893	-0.642718	-0.100607	0.070274	-0.835586	-0.886435	-0.134034	-0.195473	-0.984014	0.018670	0.553774	-1.063700	-0.597059	0.715623	0.997727	-2.233086
0.489053	0.867358	0.097160	-0.558397	0.786992	0.288740	0.357082	-0.223172	0.035863	-0.695431	0.533700	-0.402394	0.535824	-1.024301	0.355958	0.927713	-0.915727	0.973702	0.651185	0.447451	0.057124	-0.243098	0.508024	-0.015480	-0.327933	0.455379	0.922685	0.848290	-0.535170	1.366497	0.665786	1.788514	0.143816	-0.158020	1.457882	0.728416	0.976440	1.343303	0.075721	0.007614	-0.065552	0.512021	1.605926	1.497176	0.770417	1.509252	0.017265	0.200364	0.032622	-0.413817	-0.129282	-0.927526	-1.063769	-0.023564	-0.933700	-0.923024	-0.937038	-0.318792	0.339393	1.213143	0.282633	0.297298	-0.219043	-0.043915	0.769877	-0.164378	0.258606	1.091357	1.079744	0.843046	0.720386	0.630695	0.606400	-0.497108	1.337249	1.971280	0.516833	1.123983	0.841454	1.253486	0.479419	-0.060164	-0.651442	-1.510915	0.097918	-0.694365	-0.638206	-0.641370	-2.305876	-1.526111	-0.030618	-1.591962	-0.769189	-0.192201	0.465611	0.514174	0.340340	0.707118	-1.251613	-0.434308	-0.568184	0.443187	-0.564176	-0.087080	0.662587	-1.698284	0.748831	0.232248	0.657369	-1.324123
-0.692864	0.356213	-0.065430	0.286712	-0.323302	0.157645	-0.454322	-0.062714	-0.378854	-0.116122	0.179084	0.080969	0.481569	-0.436574	1.423463	0.956629	-0.610591	0.642370	0.342291	0.868709	1.163831	-0.692701	0.722058	0.288193	-0.248850	0.080598	1.193964	-0.385613	0.439148	1.128276	-0.142775	1.418127	0.614919	0.741685	1.260596	1.160192	0.683961	1.515308	-0.376268	0.056019	-0.920161	-0.148024	0.688288	1.969976	1.615615	1.903762	0.856490	1.200924	0.799396	-0.051002	-0.132973	-0.951255	-0.958481	-0.302061	-0.298966	-0.764103	-0.712951	0.221815	-0.393372	0.021242	-0.929322	-0.272570	0.561216	0.868104	0.502301	0.003764	-0.019317	1.107783	1.370043	0.172922	1.088376	1.292064	0.441772	-1.298543	0.983080	1.290092	0.171541	1.282346	1.448030	1.545298	0.583071	0.033915	-0.356693	-0.142226	-0.074601	-0.155228	-0.262535	-0.253338	-2.658867	-1.731171	-0.302570	-1.317828	0.001999	0.953077	0.986797	1.268681	0.442596	1.163185	-0.661639	0.531041	-0.471935	0.439113	0.255966	-0.288469	0.525191	-1.368905	1.880964	-0.564409	-0.252486	-0.128254
-1.769632	-0.321220	0.220079	1.375844	-1.715814	-0.207634	-1.289515	-0.202647	-0.595680	0.888006	-0.351181	0.461319	0.043547	0.096694	1.535735	0.527114	0.579575	0.364241	0.260226	1.360395	1.298588	-1.464918	0.693209	1.108174	0.071353	-0.312040	1.530147	-0.853464	0.652940	0.212736	-0.763444	0.266742	0.671996	0.969568	0.236288	0.748375	0.133323	1.124267	-0.339996	0.740681	-1.522783	-0.587948	-0.777890	1.169730	1.522310	1.207165	0.700726	1.288519	0.267286	-0.241349	0.272785	-0.072229	-0.990703	-1.220464	-0.395684	-0.783905	-0.111694	0.519044	-1.351903	-1.268010	-1.583401	-0.842782	0.651425	0.715198	-0.528728	-0.149168	-0.292504	-0.027854	0.772477	-0.885749	0.501025	1.001769	-0.252110	-1.752917	0.045514	-0.148630	0.045030	0.988791	1.090195	0.857549	0.762100	0.560122	0.556337	1.582161	0.156107	0.703965	0.401445	1.070168	-0.848535	-0.940710	-0.261323	-0.090581	0.272751	1.007893	0.874341	1.177922	-0.240914	0.713792	0.361580	1.228062	-0.498190	-0.447119	0.310369	-0.736830	-0.001429	-0.321062	1.757734	-1.380561	-1.228312	0.023466
-1.952736	-0.419465	0.694324	1.788500	-2.336321	-0.153237	-1.718413	-0.516926	-0.535607	1.668566	-0.927211	0.256756	-0.494861	0.289658	0.499631	0.172912	1.866471	0.490867	0.485647	1.649509	0.332955	-2.079800	0.468214	1.893469	0.206044	-0.350817	1.314373	-0.375230	-0.270926	-0.556839	-1.065175	-0.676388	0.531858	0.719989	-0.481902	0.256919	-0.241765	0.702739	0.125196	1.639605	-1.438623	-0.021424	-1.462811	0.268803	1.087138	0.310602	0.059207	0.710312	-1.279675	-0.901311	0.614167	1.209197	-1.266662	-2.149250	-1.191664	-0.924240	0.330023	0.464087	-1.715001	-1.256073	-0.897134	-0.469618	0.428553	0.010371	-1.660798	-0.566811	-0.767903	-1.041556	0.075245	-1.502331	-0.140445	0.265324	-0.842975	-1.338349	-0.404502	-1.188321	0.342909	0.637030	0.551287	0.158976	0.876479	1.177885	1.150912	2.199267	0.723175	1.351325	0.987403	2.343304	1.693561	0.270959	0.220475	1.051735	0.151315	0.299919	0.618512	0.721656	-1.206588	-0.407546	0.820791	1.078023	-0.945679	-1.403571	-0.569131	-1.105436	-0.601171	0.536056	0.298350	-1.800944	-1.557477	-0.826191
-1.243862	0.046495	0.721841	1.043630	-1.821058	0.268122	-1.579865	-0.847330	-0.388211	1.508489	-1.276482	-0.613333	-0.903453	-0.104588	-1.086470	0.146017	1.950722	0.753478	0.505859	1.238249	-0.841114	-1.868076	0.062380	1.848443	-0.089590	-0.184992	0.451543	0.428564	-1.263717	-0.541759	-0.981592	-0.650264	0.241590	0.263823	-0.338508	0.105965	-0.298038	0.338796	0.408310	1.799124	-0.848384	1.120109	-0.919086	0.204974	0.856454	0.077937	-0.391304	0.043379	-2.338277	-1.334739	0.194273	1.580798	-1.384395	-2.327936	-1.797207	-0.877208	0.213003	0.135411	-1.223630	-0.064986	0.459780	0.615055	0.318794	-0.365240	-2.076154	-0.749077	-1.056276	-0.821604	-0.089209	-1.463791	-0.209249	-0.187831	-0.601313	-0.375928	-0.033396	-1.046443	0.689858	0.496507	0.470322	0.183422	0.433701	1.157236	0.702207	1.030933	0.853955	1.069913	0.856375	2.155056	2.473909	0.760398	0.502505	0.916160	-0.026441	-0.236672	0.536891	0.486277	-1.576993	-1.168290	0.392037	0.197670	-1.353455	-1.489796	-1.453715	-0.965214	-0.710376	0.442104	-1.292796	-1.718238	-1.152350	-1.596494
-0.335688	0.385903	0.125141	-0.229999	-0.866917	0.278485	-1.062058	-1.193069	-0.438874	0.361101	-1.193924	-1.621191	-1.110430	-0.954008	-2.088408	0.287828	0.569738	0.697579	0.035404	0.154375	-1.188197	-0.836463	-0.365016	0.900623	-0.614142	-0.255089	-0.241630	0.920613	-1.228164	0.075732	-0.522715	0.157800	-0.305325	-0.299481	0.069239	-0.052583	-0.272282	-0.206854	0.057829	0.803988	-0.351521	1.427861	-0.048866	0.593915	0.704814	0.409585	-0.507119	-0.349145	-1.947238	-1.068188	-0.845178	0.443673	-0.985870	-1.550507	-1.522380	-0.557838	-0.270977	-0.229752	-0.455400	0.795588	1.070481	1.126876	0.296533	-0.167943	-1.507512	-0.418922	-0.508128	0.170286	0.083845	-1.105852	0.014759	-0.139750	0.437267	0.144771	0.417307	-0.094704	0.587263	0.454081	0.616867	0.621518	-0.616231	0.260771	-0.315242	-0.875861	0.213360	-0.136739	-0.058364	0.541064	0.791765	0.126260	0.071504	-0.424634	-0.163678	-0.163708	0.435797	0.496793	-1.057421	-0.897903	-0.276623	-0.696906	-1.016152	-0.606437	-1.489374	-0.327835	-0.147707	-0.422201	-1.643584	-1.236147	-0.578825	-1.533260
0.260891	0.236120	-0.546271	-0.910010	-0.350565	-0.549147	-0.393024	-1.414717	-0.591573	-0.924620	-0.707427	-2.072309	-1.005343	-1.560694	-1.682981	0.415465	-0.995581	0.332882	-0.445564	-0.748488	-0.523194	0.343194	-0.428255	-0.094162	-0.857423	-0.591676	-0.058734	0.975775	-0.355223	0.604701	0.139062	0.949405	-0.852922	-0.769126	0.019609	-0.521073	-0.383914	-0.908508	-0.606983	-0.605450	-0.206052	0.207958	0.165248	0.508131	0.305824	0.608417	-0.445498	-0.396454	-0.648300	-0.299405	-1.423218	-1.174779	-0.171647	-0.293510	-0.556334	-0.217512	-0.571066	-0.436377	0.064271	0.475407	0.569234	0.497437	0.192837	0.195656	-0.381821	0.205853	0.728289	0.641178	0.008799	-0.509610	0.071728	0.170878	1.485809	-0.123647	0.342066	0.724738	0.133154	0.353837	0.483372	0.762873	-1.570892	-0.845987	-0.667449	-1.690481	-0.519347	-1.219863	-1.057716	-0.945085	-1.456084	-0.793680	-0.656010	-1.528009	-0.258149	0.133267	0.088802	0.444901	-0.144706	0.005037	-0.358411	-0.865049	0.101824	0.440485	-0.752987	0.330427	0.596813	-1.046507	-0.635521	-0.425820	-0.306465	-0.886479
0.565729	-0.036240	-0.682183	-0.588246	-0.358444	-1.564996	0.296838	-1.136307	-0.413176	-1.296303	-0.046922	-1.623034	-0.500670	-1.258998	-0.249603	0.462973	-1.309072	0.022995	-0.335262	-0.672376	0.341310	0.949817	0.019487	-0.332665	-0.448451	-0.693038	0.587347	0.817936	0.310145	0.615212	0.715914	1.126230	-0.867280	-0.835135	-0.323156	-0.936884	-0.463408	-1.314143	-0.815316	-1.211743	-0.113464	-1.452516	-0.120649	-0.161606	-0.219025	0.332591	-0.302394	-0.227994	0.345992	0.398131	-0.776575	-1.649363	0.564499	0.643065	0.278481	-0.131866	-0.429216	-0.508138	0.400230	-0.164802	-0.014010	-0.330248	0.023099	0.280368	0.552783	0.687408	1.540276	0.158770	-0.369712	0.434212	-0.033834	0.415635	1.719788	-0.426074	0.110933	0.964538	-0.052829	0.282129	0.074879	0.435373	-1.654327	-1.220694	0.090809	-0.802824	-0.607102	-1.197019	-1.401781	-1.119926	-2.039017	-0.985794	-0.868732	-1.214480	-0.216209	0.081017	-0.329847	0.212036	0.474757	0.606087	0.194868	-0.206204	1.112558	0.742234	0.109309	0.536613	0.814784	-0.662831	0.496379	0.488746	-0.246785	-0.304680
0.619745	-0.039928	-0.338312	0.074313	-0.363633	-1.737893	0.762581	-0.281902	0.149906	-0.548687	0.455722	-0.465077	0.112947	-0.286917	0.822592	0.283335	-0.383520	-0.105670	0.167838	0.087719	0.481211	0.693282	0.489427	-0.002813	0.416652	-0.216370	0.671490	0.641710	0.283658	0.255356	0.965924	0.687245	-0.342976	-0.550904	-0.308798	-0.814109	-0.186096	-1.047270	-0.294807	-0.608629	0.154716	-1.800704	-0.078548	-0.646020	-0.459165	-0.128836	-0.206664	-0.114409	0.501619	0.576132	0.470074	-0.592588	0.722938	0.687250	0.265038	-0.311765	-0.131856	-0.568744	0.645171	0.031783	0.160195	-0.300738	-0.156191	-0.015715	0.706239	0.754568	1.084228	-0.530896	-0.475444	1.219055	-0.161726	0.328061	0.941078	-0.048241	0.308080	0.862025	0.324333	0.321146	-0.242000	-0.025421	-0.880631	-0.648724	0.918831	0.468755	-0.341641	-0.420217	-1.024762	-0.445865	-0.852939	-0.510749	-0.508428	-0.019333	-0.048064	-0.379693	-0.499410	-0.098530	0.490192	0.430103	0.609386	0.549086	1.041975	0.157141	0.639151	0.219625	0.271713	0.323112	0.545409	0.931760	-0.093402	0.005502
0.197200	0.025134	-0.059889	0.194019	-0.118104	-0.883681	0.630477	0.524436	0.468558	0.407861	0.473685	0.771260	0.207952	0.337606	0.551830	-0.313149	0.493772	-0.240167	0.273206	0.452803	-0.163579	-0.204593	0.327446	0.069561	1.024093	0.476165	-0.160710	0.467618	0.057722	-0.131989	0.791461	0.030565	-0.042299	-0.419117	0.152475	-0.308503	0.360520	-0.274734	0.367845	0.416219	0.306043	-0.489315	0.462560	-0.429867	-0.335131	-0.409765	-0.344140	-0.254948	0.206278	0.114712	0.909432	0.746235	0.179487	-0.084583	-0.586582	-0.536473	-0.037930	-0.570295	0.458100	0.776918	0.658451	0.319523	-0.348124	-0.433272	-0.011694	0.418112	-0.181493	-0.650866	0.018269	0.874552	-0.424093	-0.190460	-0.264071	0.621799	0.647917	0.643040	0.763863	0.228731	-0.338636	-0.393937	-0.011937	0.154544	0.522704	0.458565	-0.517022	-0.083500	-0.424856	-0.057773	0.383414	-0.238459	-0.311929	0.540649	0.045822	-0.725639	-0.418431	-0.436779	0.019788	-0.241663	0.220029	0.481856	-0.106584	-0.619144	0.732417	-0.288374	-0.627585	0.740125	-0.341168	0.444765	0.126153	0.273019
-0.675071	-0.229333	-0.094578	-0.351309	0.090616	0.186118	-0.145791	0.546967	-0.023060	0.539217	-0.110329	1.364085	-0.503795	0.020674	-0.535958	-1.194275	0.332726	-0.445770	-0.332037	-0.103143	-0.827017	-1.235744	-0.460346	-0.445758	0.797165	0.680212	-1.292251	0.172385	0.144890	-0.471157	0.243070	-0.477249	-0.553952	-0.717704	0.429635	-0.034930	0.604635	0.418472	0.481612	0.841133	-0.022614	0.989979	0.776564	0.084334	-0.214921	-0.558817	-0.610791	-0.517904	-0.019343	-0.780733	-0.012560	0.987003	-0.730659	-0.969598	-1.433491	-0.548789	-0.023929	-0.282819	-0.331474	0.834745	0.718600	0.593667	-0.400896	-0.501919	-1.076148	-0.173638	-1.091569	-0.275909	0.625955	-0.700698	-0.858129	-0.884799	-0.964468	0.601673	0.309533	0.126537	0.536932	-0.333456	-0.359938	-0.704773	0.316729	0.409995	-0.963509	-0.857613	-1.070028	-0.527559	-0.008769	-0.149947	0.438887	-0.500438	-0.676962	0.002059	-0.006856	-0.387137	-0.346886	-0.782257	-0.555794	-0.868484	-0.681093	-0.529351	-1.299667	-0.840467	0.457493	-0.520188	-1.253603	0.081924	-0.883578	-0.623187	0.025613	0.590469
-1.313922	-0.659673	-0.123611	-0.903961	0.058837	0.686687	-0.988955	-0.101489	-1.000245	-0.104944	-0.986955	1.034351	-1.480361	-0.681006	-1.045654	-1.786571	-0.603321	-0.550623	-1.068454	-0.951801	-0.859769	-1.899524	-1.158908	-0.988578	-0.049324	0.170966	-2.000141	-0.357616	0.302371	-0.852350	-0.471008	-0.743731	-1.432366	-1.055312	0.003320	-0.301459	0.108985	0.519503	0.112109	0.492503	-0.604821	1.082561	0.318794	0.168453	-0.384481	-0.833191	-0.582131	-0.576039	-0.082590	-1.581727	-1.334748	0.151052	-1.458748	-1.173803	-1.233254	-0.187075	0.361931	0.393437	-1.083343	-0.064544	0.486998	0.402663	-0.054923	0.061277	-1.624876	-0.830546	-1.130129	-0.028063	0.696950	-2.190474	-1.102020	-1.243646	-0.669462	-0.387440	-0.748691	-0.762236	-0.390208	-1.228044	-0.312615	-0.904833	0.179722	0.145910	-2.070810	-1.942464	-1.107880	-0.856771	0.254606	-0.036155	-0.250327	-0.663613	-1.066562	-0.549605	-0.009776	0.588788	-0.358446	-0.904315	-0.757062	-1.124201	-1.104421	-1.583858	-1.501882	-0.415650	0.078526	-0.208086	-1.175816	-0.816319	-0.181193	-1.273197	-0.610082	0.751009
-0.980759	-0.687958	0.143494	-0.875877	0.068183	0.615913	-1.159279	-0.503279	-1.519733	-0.514003	-1.499400	0.208930	-1.798928	-0.841226	-0.362513	-1.510585	-1.322629	-0.467321	-1.192248	-1.149399	-0.366360	-1.833723	-1.090239	-0.873716	-0.652822	-0.497811	-2.139975	-0.942960	0.020639	-1.084254	-0.998899	-0.802024	-1.691792	-0.922034	-0.878968	-0.838384	-0.848562	-0.043669	-0.137878	-0.021847	-0.772760	-0.057857	-0.497206	-0.308280	-0.630463	-1.159974	-0.110601	-0.356676	-0.107523	-1.615496	-1.681462	-0.592265	-1.567657	-0.472494	0.198848	0.508834	1.158171	1.166436	-0.955160	-0.782688	0.539836	0.357484	0.559203	0.883450	-1.131682	-1.241031	-0.735046	-0.228374	0.338582	-2.192551	-0.816323	-0.985517	0.217760	-1.526896	-1.462700	-1.433547	-1.205255	-1.733522	-0.018980	-0.763326	0.000036	-0.022638	-1.767091	-1.657734	-0.384660	-0.467224	0.550437	0.496174	-0.693329	-0.234455	-0.836167	-0.212832	0.126114	1.414157	-0.213788	-0.476144	-0.327799	-0.906415	-0.497028	-1.671714	-0.635930	0.236630	-0.005976	0.456623	-0.338919	-0.829394	1.230181	-0.865143	-1.383886	0.643378
0.191605	-0.073087	0.442066	-0.382996	0.423155	0.392943	-0.497410	-0.039997	-1.055534	-0.106373	-1.108320	-0.372048	-1.078301	-0.356355	0.722104	-0.375692	-1.151814	-0.308689	-0.608269	-0.537025	0.150713	-0.915754	-0.210146	-0.142117	-0.383640	-0.539556	-1.914147	-1.091524	-0.568706	-0.701198	-1.019769	-0.538922	-0.978038	-0.417205	-1.460199	-1.193888	-1.424775	-0.849323	-0.052752	-0.234791	-0.221259	-0.917456	-0.829681	-0.774220	-0.496390	-1.088991	0.364043	-0.126129	-0.083633	-0.593433	-0.763089	-0.487349	-0.949970	0.604121	1.781978	1.214920	1.660021	1.468507	-0.023164	-0.396703	0.676825	0.515357	0.820514	1.129356	0.069294	-1.029345	-0.405301	-0.513181	0.192462	-0.788867	-0.213928	-0.361943	0.825609	-1.773333	-0.967350	-1.108509	-1.110404	-1.238667	0.486501	-0.225433	-0.093822	0.149646	-0.580714	-0.524668	0.128273	-0.094023	0.806373	0.743224	-0.726292	0.258031	-0.237333	0.377843	0.152447	1.311226	0.254770	0.457001	0.452492	-0.242689	0.592652	-0.704570	0.448185	0.746289	0.276825	0.900561	0.837659	0.022367	2.016476	0.217642	-1.569387	0.466006
1.263872	0.771385	0.340747	0.071840	0.890097	0.188819	0.488101	0.877751	0.016951	0.462945	0.138623	-0.317435	0.188715	0.085245	1.058348	0.902524	-0.234386	-0.141070	0.144561	0.198269	0.448468	0.463030	0.909893	0.508548	0.498734	0.261633	-1.400522	-0.529925	-0.759855	0.392478	-0.502352	0.199048	0.123931	-0.055736	-1.226881	-1.145714	-0.954896	-1.241997	-0.028787	-0.278684	0.577785	-0.497500	-0.395016	-0.654556	0.107624	-0.408975	0.432598	-0.021244	0.049381	0.933755	0.457682	-0.014494	0.071384	1.241090	2.163469	1.489066	1.148214	0.934974	0.756780	0.537318	0.154926	0.208762	0.373629	0.486281	1.065127	-0.140769	-0.060566	-0.247964	0.360530	0.681504	0.202332	0.150783	0.731254	-0.888141	0.159789	0.078627	-0.246150	-0.040522	0.815171	0.379023	-0.245076	0.228539	0.273095	0.208753	-0.369101	-0.674774	0.731713	0.171711	-0.755883	0.048503	-0.109964	0.096865	-0.095228	0.455020	0.799814	1.311788	1.003014	0.630701	1.180814	0.534457	0.799959	0.931940	0.461415	0.710445	1.587284	0.681389	1.605897	1.022375	-0.908394	0.420675
1.546544	1.327126	0.009337	0.349891	0.947132	-0.028729	1.217068	1.336905	0.958476	0.219108	1.588309	0.203671	1.156502	0.061655	0.422062	1.474251	0.653323	0.127472	0.470428	0.369823	0.595535	1.391130	1.468431	0.492342	1.125711	1.302679	-0.591154	0.354817	-0.254718	1.502175	0.253409	1.183774	0.827067	-0.030988	-0.341961	-0.746186	0.426714	-0.801918	-0.293707	-0.391762	0.857915	0.608400	0.337910	-0.004571	0.701527	0.385419	0.339698	0.217223	0.153683	1.857213	0.960084	-0.000333	0.888704	1.005461	1.180211	1.166909	-0.076720	-0.120810	0.708948	0.784007	-0.965614	-0.735119	-0.271754	-0.278292	1.263375	0.925088	0.557508	0.736447	0.156825	1.217122	0.295391	0.351102	0.346192	0.430794	0.509212	0.904993	0.441105	0.786136	0.624332	0.625832	-0.347760	-0.119580	0.406887	0.236135	-1.192146	-1.706802	0.227118	-0.657667	-0.732696	-0.562138	-0.677045	-0.856259	-0.294322	-0.117177	0.929773	1.426428	1.097129	1.313525	1.027573	1.343795	0.179645	0.651364	0.142537	0.142745	1.423105	0.513975	0.751855	0.998008	0.083134	0.432154
1.277237	1.539749	0.152839	0.797599	0.487232	-0.079228	1.462050	0.926360	1.399351	-0.731524	2.433886	0.802291	1.336926	-0.046987	-0.423352	1.102634	0.719683	0.514745	0.184397	-0.015163	0.594899	1.195236	0.973015	-0.122267	0.891295	1.698080	0.328491	0.921357	0.329534	1.687456	0.873046	1.759571	0.849716	-0.052825	0.581474	-0.164779	1.856679	0.311132	-0.385645	-0.376816	0.340263	1.034960	0.763926	0.558070	0.726513	0.547620	0.539824	0.769761	-0.026161	1.459264	0.717046	-0.305666	1.122952	0.148408	-0.021047	0.515832	-0.790037	-0.777792	0.086895	-0.008196	-1.607237	-1.478612	-0.338102	-0.200532	0.901036	1.536670	1.230076	1.864375	-0.802680	1.016634	0.321465	0.355336	0.333730	1.262544	-0.327366	0.358184	0.310404	0.497588	0.019796	0.410569	0.006687	-0.447889	0.449112	0.376183	-0.963261	-1.615981	-0.361012	-0.692600	-0.193122	-0.415628	-1.104657	-1.092653	-0.030716	0.264694	0.413596	0.679183	1.046858	1.557889	0.798388	1.703718	-0.774146	-0.017566	-0.375877	-0.111544	0.703730	0.118647	0.451208	0.399616	0.768503	0.347521
1.081973	1.614829	1.046911	1.594585	-0.037572	0.294420	1.202802	0.052142	1.435537	-1.220127	2.257375	1.250437	0.898383	0.371624	-0.680689	0.301039	-0.090032	0.770040	-0.381614	-0.352909	0.308435	0.249814	-0.269803	-0.785205	-0.008676	1.051897	1.061785	0.990719	0.206571	0.726114	1.154920	1.430390	0.491562	0.180505	1.075645	0.445721	2.453684	1.484232	0.229108	0.120670	-0.548096	0.180183	0.707080	0.504329	0.198616	0.020627	0.859241	1.216033	-0.523861	0.096074	0.514289	0.093774	1.046753	-0.599385	-0.393226	-0.073628	-0.205338	-0.299070	-0.482501	-1.025869	-1.060804	-1.256797	0.163562	0.563614	0.596284	1.556418	1.356431	2.303591	-1.746210	0.787563	0.387232	0.278197	0.722930	1.231373	-1.111590	-1.062994	-0.213368	-0.439975	-0.544976	0.012238	0.917271	-0.037301	0.960951	1.251992	0.589133	0.264208	-0.439679	0.306123	0.818715	0.977811	-0.441335	0.141181	0.529547	1.020077	-0.405959	-0.351763	1.124917	1.426644	1.032893	1.899732	-1.131571	-0.545217	-0.422514	0.247598	0.237646	0.466333	0.724380	-0.143140	1.101816	0.255807
1.046657	1.474257	1.980176	2.275831	-0.176390	0.913283	0.454997	-0.558238	1.235106	-0.432961	1.287735	1.530907	0.452838	1.372949	-0.270842	-0.274455	-0.899818	0.540518	-0.642254	-0.125611	-0.254051	-0.379518	-1.266457	-1.062172	-0.849472	-0.249641	1.496971	0.750156	-0.516078	-0.679566	1.074862	0.383929	0.306339	0.668567	1.202236	0.990115	2.035478	2.126645	1.257642	0.939168	-1.148963	-1.260382	0.438912	-0.037209	-0.265231	-0.393861	0.683039	0.927972	-0.987602	-1.133338	0.942204	1.629920	1.204683	-0.566485	-0.060013	-0.410767	1.039607	1.016918	-0.707415	-1.297383	0.057322	-0.390856	0.446732	0.862125	0.584033	1.273638	0.653695	1.691456	-1.535792	0.779856	0.291026	0.123090	0.732880	0.707417	-0.500788	-1.764649	-0.210482	-0.818903	-0.703659	-0.190110	1.816364	1.050177	1.657843	2.339538	2.285097	2.693925	0.283505	1.418116	1.535930	2.663076	1.169747	1.992865	0.759419	0.982818	-0.837556	-0.842740	1.104440	1.052247	1.352052	1.880857	-0.547322	-0.423104	0.117490	0.748782	0.263661	1.565239	0.833552	-0.278535	1.386191	0.399139
0.698223	0.817120	1.942316	2.130639	0.059776	1.222310	-0.520137	-0.490077	0.810368	1.063930	0.227450	1.670232	0.460496	2.271576	0.308716	-0.455703	-0.798399	-0.290216	-0.312827	0.466554	-0.798866	-0.162134	-1.246153	-1.036423	-1.074869	-1.370455	1.658819	0.122987	-0.878761	-1.637854	0.716993	-0.708939	0.583038	1.144936	1.326117	1.358823	1.168183	2.020656	1.731606	1.367498	-1.148122	-2.079429	0.311667	-0.437764	-0.182729	-0.049469	-0.072142	-0.029236	-0.895547	-1.395926	1.695669	3.138600	1.535505	0.272302	0.235764	-0.447905	1.599238	1.949818	-0.601394	-0.584614	0.588699	0.187899	-0.023139	0.030651	0.600841	0.776910	-0.476378	0.337182	-0.178613	0.783695	-0.068058	-0.063158	-0.361431	0.361035	1.122271	-0.843821	0.504456	-0.097881	-0.502062	-0.074587	1.993674	1.851807	1.738805	2.505992	2.783892	3.656363	1.331051	1.507587	1.284124	3.169515	2.375851	2.891370	0.332015	-0.187511	-0.516387	-0.473703	0.649274	0.453753	0.951389	1.295292	0.384323	0.092221	0.624347	0.759939	0.200189	2.319242	0.390400	-0.165909	1.540823	0.810109
-0.132531	-0.236354	0.755675	1.037706	0.371985	0.976891	-1.103472	0.120192	0.199997	1.913453	-0.242057	1.669718	0.703046	2.117746	0.644465	-0.528596	0.036481	-1.445497	0.226861	0.593505	-0.953623	0.434583	-0.432260	-1.095193	-0.666875	-1.570875	1.423147	-1.046574	-0.191769	-1.751816	0.310852	-1.298857	0.927531	1.161632	1.513095	1.345219	0.549582	1.348993	1.125072	0.916694	-0.700462	-1.636256	0.377158	-0.348585	0.136532	0.585459	-0.756402	-0.821788	-0.009350	-0.777302	1.883063	2.866480	1.298360	1.148645	0.260093	-0.111311	0.985352	1.570626	-0.206969	0.551663	0.119636	0.028410	-0.967386	-1.295803	0.423546	-0.115814	-1.341065	-1.111044	0.988889	0.645275	-0.492495	-0.197551	-2.126912	0.480258	1.942620	0.848543	1.052849	0.878356	-0.367802	0.062030	1.379256	1.568303	0.760261	1.279079	1.688671	2.280547	1.713694	0.380031	0.221310	1.989781	1.846630	2.003310	-0.483670	-1.606144	0.111969	0.202188	-0.015524	-0.252499	-0.300330	0.142423	0.728445	0.238583	0.565005	0.320188	-0.432507	1.739390	-0.296282	-0.171637	1.122152	1.200535
-0.823662	-0.915733	-0.676830	-0.264001	0.635376	0.583683	-0.784594	0.831911	-0.285743	1.441315	0.081019	1.606314	0.543121	0.587237	0.750966	-0.697143	0.554487	-2.353226	0.316256	-0.268584	-0.549152	0.805869	0.335917	-1.292670	0.078950	-0.595455	0.622645	-2.105546	1.180418	-1.087570	0.192209	-1.237571	0.628278	0.388595	1.342283	0.793231	0.437981	0.568967	0.059732	-0.044266	-0.103395	-0.211720	0.347911	-0.134803	-0.060836	0.433806	-0.834357	-0.799720	1.259353	0.019687	1.074980	0.612109	0.153114	1.182598	0.382313	0.589471	0.024587	0.279296	0.317288	1.245887	-0.854844	-0.580346	-1.756433	-2.028576	0.222423	-1.125731	-1.572650	-1.926932	0.776224	0.362025	-0.764651	-0.324981	-3.024426	0.726044	0.859863	1.630855	0.550772	0.814946	-0.679247	-0.213710	0.608671	0.493577	-0.791268	-0.557631	-0.385591	-0.291662	0.967591	-0.987506	-0.739457	0.086002	-0.234999	-0.030377	-1.241968	-2.145528	0.226406	0.330409	-0.213652	-0.704120	-1.539116	-0.874101	0.201602	-0.127277	0.137418	0.082881	-1.209710	0.143628	-0.825228	-0.378448	0.140335	1.217879
-0.562244	-0.505315	-1.243299	-0.872956	1.015527	0.589293	0.281430	1.337913	-0.188282	0.305458	0.864283	1.623409	-0.121014	-1.379983	0.770658	-0.777280	0.257025	-2.408152	-0.170926	-1.510118	0.240084	1.057344	0.624435	-1.105995	0.914801	1.166722	-0.467417	-1.811135	2.238647	0.119066	0.522589	-0.631238	-0.283017	-0.805919	0.519006	-0.057302	0.668444	0.197305	-0.326131	-0.642157	0.550872	1.427245	0.026703	-0.294257	-0.922539	-0.704271	-0.408645	-0.162125	1.978891	0.491998	-0.055879	-1.688409	-1.083228	0.382445	0.771836	1.318503	-0.304744	-0.683235	0.639634	0.980470	-1.642557	-1.116068	-1.973217	-1.782836	0.290620	-1.295886	-1.279615	-1.423309	-0.526410	-0.053334	-0.789927	-0.506335	-1.978954	0.616245	-1.171859	0.825803	-0.717115	-0.442465	-1.231081	-0.865494	0.338443	-0.352367	-1.744450	-1.648805	-2.207076	-1.862691	-0.240885	-1.399101	-0.679617	-0.962616	-2.062753	-1.477766	-1.634269	-1.490708	-0.326806	-0.205040	0.313129	-0.610665	-1.727354	-0.900650	-0.541696	-0.272496	-0.137599	0.406824	-1.253906	-1.049971	-1.073879	-0.443618	-0.625741	0.707148
0.697689	0.772600	-0.674106	-0.673649	1.609140	0.959158	1.402983	1.597920	0.627744	-0.367958	1.569812	1.653910	-0.502442	-2.189132	0.585985	-0.470771	-0.164580	-1.346759	-0.600390	-1.835396	0.970321	1.639136	0.703551	-0.081979	1.646250	2.788623	-1.046958	-0.007032	2.287841	1.465383	1.057222	0.330514	-0.747964	-1.344152	-0.475066	-0.519387	0.987149	0.459081	0.333449	-0.482705	1.324976	2.582900	-0.276499	-0.607168	-1.615862	-1.659265	0.227996	0.517805	1.449966	0.724838	-0.425050	-2.065811	-1.260157	-0.281375	1.023536	1.462742	-0.108897	-0.759648	0.622344	-0.005169	-1.793973	-1.208894	-1.452219	-0.903739	0.637655	-0.092208	-0.724685	0.542484	-1.493050	-0.407106	-0.392316	-0.499427	0.205316	0.145573	-2.234783	-0.564273	-1.508072	-1.584816	-1.265852	-1.184274	0.635360	-0.418453	-1.300450	-1.365455	-2.527941	-1.216168	-0.942310	-0.676305	0.457447	-0.399969	-1.922396	-0.958742	-1.378851	-0.174945	-0.754126	-0.601482	0.938110	-0.071860	-0.702947	0.106598	-0.669324	0.225701	-0.220292	0.784447	-0.306706	-0.840977	-0.996546	-0.033085	-0.449850	-0.256734
2.028570	1.782452	0.238354	-0.402230	2.089776	1.025675	1.999401	1.554777	1.649968	-0.254202	1.787690	1.276114	0.088509	-1.250203	0.005567	0.193650	0.102698	0.443448	-0.286427	-0.662762	1.237975	2.404293	0.906777	1.376337	1.953517	3.294204	-0.480411	1.647679	1.372109	2.356597	1.328647	1.396561	0.037758	-0.520059	-0.736028	-0.025146	1.168205	1.042232	1.198449	-0.060275	2.056837	2.819197	-0.036590	-0.312299	-1.252809	-1.186898	1.004463	1.053483	-0.015842	1.002584	0.142973	-0.846804	-0.324226	-0.055282	0.672850	0.587087	-0.322260	-0.658270	0.548197	-0.936252	-1.127454	-0.714283	-0.249267	0.200999	1.007313	1.568658	-0.030274	2.922910	-1.075060	-0.302169	0.624094	0.121628	1.548171	-0.252089	-1.538866	-1.008599	-1.029733	-1.273554	-0.307414	-0.507649	1.005612	-0.163933	0.034274	-0.356527	-1.020620	0.709253	-1.066390	0.206939	1.675569	0.957684	0.017920	1.070730	-0.312027	1.064192	-0.360447	-0.202015	0.816908	0.598615	0.619875	1.153125	-0.073609	0.637754	-0.536756	0.421706	0.964801	0.209409	-0.624299	0.656498	0.447992	-1.423997
2.274920	1.481818	0.404993	-0.713937	1.880535	0.194353	1.950315	0.997897	1.983775	0.004397	1.359044	0.142360	1.150899	0.227421	-0.727567	0.796064	0.799642	1.985132	0.681152	1.138974	1.005554	2.526417	1.103690	2.234178	1.547678	2.363451	0.924940	1.515040	0.112520	2.367884	1.089214	2.220114	1.354214	0.978058	-0.052266	1.156167	0.942958	1.284356	1.170391	-0.097045	2.256966	2.015769	0.683351	0.750791	-0.029318	0.492167	1.702849	1.509042	-1.187144	1.288439	0.665790	-0.110280	0.576832	0.598133	-0.205573	-1.054461	-1.386776	-1.219738	0.706360	-1.185262	0.109866	0.180219	1.112903	1.209830	1.153911	2.095095	0.759875	3.880179	0.415654	0.278517	1.912345	1.267301	1.086181	-0.295703	-0.019594	-0.056201	0.134215	0.300719	1.055289	0.807729	0.855675	-0.343683	0.846739	0.233937	1.117591	1.832423	-1.290136	0.273678	1.789650	1.442707	1.896482	2.492573	1.107772	1.685494	0.413682	0.543863	-0.088128	1.141195	1.072263	1.141363	0.618588	0.045086	-1.133759	-0.708371	1.638970	0.632468	-0.335896	1.017068	1.159420	-2.366767
1.066264	-0.097929	-0.558635	-1.446091	0.773196	-1.327623	1.425997	-0.040469	1.109910	-0.222565	0.413205	-1.415094	1.401570	0.546282	-0.968233	0.859404	0.962791	2.251858	1.440930	2.038575	0.579715	1.473449	0.935019	1.907227	0.627368	0.655718	1.985351	0.160847	-0.670309	1.674855	0.509133	2.347297	1.600235	1.595743	0.652387	1.925881	0.133221	0.683327	0.089474	-0.696522	1.649027	0.578361	1.043690	1.580125	0.849482	1.784293	1.647306	1.527667	-0.986224	1.313113	0.192115	-0.966038	0.486446	0.623770	-1.049508	-2.490590	-2.631090	-2.189170	0.933843	-0.742376	1.102282	0.875484	1.669291	1.567512	0.948861	1.047116	1.434871	2.402627	1.753398	0.631887	2.387163	1.965628	-0.213565	-0.172933	0.966859	1.328769	0.681874	1.557856	1.526123	1.452774	-0.064708	-1.031344	0.312106	-0.080969	1.919623	1.046046	-1.877092	-0.492368	0.547745	0.149775	2.046525	1.569711	1.756856	1.347787	0.450447	0.534770	-0.955751	1.263014	0.304756	0.029478	0.835022	-1.180240	-1.272862	-1.705526	1.270822	-0.204271	-0.599352	0.739591	1.131113	-2.540137
-0.756250	-1.871774	-2.005616	-1.968949	-0.690129	-2.587088	0.679238	-0.967724	-0.496239	-0.774542	-0.641335	-2.494320	0.298000	-0.514704	-0.409226	0.244956	0.258268	0.943512	1.229618	1.303340	0.266165	-0.203703	0.344547	0.859429	-0.070031	-0.708682	1.635604	-0.321665	-0.471597	0.911591	-0.058358	1.398395	0.203627	0.603348	0.282483	1.339123	-1.059006	-0.692430	-1.189443	-1.345715	0.718627	-0.595576	0.352071	1.021275	0.445455	1.375481	0.417129	0.512795	0.439364	1.063039	-1.096820	-2.290320	-0.254422	-0.094232	-1.315062	-2.705785	-3.049389	-2.560908	0.854410	-0.120329	1.016804	0.730158	0.832722	0.773152	0.378233	-0.395214	1.627151	-0.563792	2.025988	0.111505	1.202899	1.208662	-0.899737	-0.183942	1.020234	1.884962	0.047603	1.227324	0.461825	0.507120	-1.442123	-1.606560	-0.953460	-0.869184	0.496480	-0.852703	-2.297365	-1.446970	-1.135839	-2.088215	0.473329	-1.197498	0.906209	0.086613	-0.593471	-0.619939	-1.097972	0.654372	-0.860878	-1.123437	0.664809	-1.623808	-0.238119	-1.731519	0.110077	-1.366904	-1.282363	0.222880	0.642366	-1.584056
-1.782493	-2.691406	-2.858082	-1.990974	-1.601305	-2.746906	0.019111	-1.121637	-1.608328	-1.022714	-1.350788	-2.515029	-1.250811	-1.503924	0.391234	-0.673446	-0.564964	-1.072675	0.212101	-0.344250	0.143566	-1.297525	-0.304488	0.012224	0.010097	-1.133698	-0.048705	0.835903	0.412734	0.486710	-0.443356	-0.462675	-1.625975	-1.028676	-1.137526	-0.343233	-2.096629	-2.198674	-1.789137	-1.597969	0.333745	-0.827341	-0.982043	-0.728878	-0.853142	-0.369814	-1.188230	-1.252257	1.790990	0.867696	-2.161997	-2.378702	-0.494215	-0.426003	-0.846400	-1.497903	-2.347865	-1.868358	0.465520	0.104970	-0.012559	-0.210772	-0.679143	-0.693567	-0.340495	-0.927584	1.193083	-2.926105	1.348914	-0.902473	-0.947026	-0.676388	-0.694031	-0.233957	0.650248	1.256443	-1.033692	-0.316869	-1.247312	-1.366040	-2.539187	-1.599215	-1.705203	-1.421681	-1.876220	-2.164808	-2.011607	-2.097345	-1.987386	-3.386660	-1.389432	-3.449705	-0.637796	-1.305272	-1.713709	-1.973595	-0.681438	-0.525080	-1.198184	-1.335084	0.640525	-0.646268	1.563011	-0.902693	-1.074096	-1.509577	-1.658886	0.113892	0.252732	0.244955
-1.359976	-2.332431	-2.569412	-1.733191	-1.524892	-1.858698	-0.301220	-0.564305	-1.423100	-0.717768	-1.594333	-1.843583	-1.887198	-1.099656	0.544796	-1.221785	-0.637321	-2.275106	-0.686903	-1.507492	0.158286	-1.138922	-0.631735	-0.248465	0.497214	-0.989349	-1.808897	1.969146	1.026868	0.149105	-0.778205	-2.291734	-2.252352	-1.683321	-2.451697	-1.788681	-2.598652	-3.066244	-1.645203	-1.499455	0.716631	-0.365937	-1.804894	-2.099314	-1.717489	-1.784742	-1.626172	-2.327467	1.910680	0.946133	-2.259084	-1.064012	0.361725	0.502890	0.088931	0.348044	-1.060842	-0.662818	0.199706	-0.210326	-0.780929	-1.006961	-1.239926	-1.355302	-0.757751	-0.538124	0.458440	-3.364832	0.477819	-1.340385	-2.124861	-2.001054	-0.245051	0.084849	0.287667	0.074043	-1.454498	-1.566229	-1.972362	-2.428502	-2.778366	-1.234023	-1.492311	-1.419141	-2.947275	-1.957823	-1.134329	-2.317132	-1.478950	-2.633389	-2.115493	-3.304176	-1.092001	-1.607478	-1.653292	-2.158827	-0.321756	-1.484726	-0.369797	-0.740606	1.032387	0.698249	2.716163	-0.006027	-1.496269	-0.498906	-1.309830	0.531521	0.067078	1.979091
-0.293270	-1.523036	-1.584015	-1.479093	-0.913324	-0.705544	-0.329177	-0.042848	-0.545090	-0.254724	-1.656987	-1.342171	-1.296897	0.312814	-0.051929	-0.973136	-0.029519	-1.809204	-0.819514	-1.521370	0.255240	-0.222657	-0.645297	-0.299817	0.408017	-1.002568	-2.276771	1.235090	0.645946	-0.601418	-1.276630	-3.030716	-1.393450	-0.891019	-2.683632	-1.944186	-2.684520	-3.000239	-1.360141	-1.367244	1.129970	-0.045761	-1.570433	-1.871606	-1.346675	-1.670731	-0.422732	-1.655657	0.977870	1.110255	-1.613618	0.313328	1.713880	1.993300	0.942691	1.749908	0.070888	0.200080	0.364935	-0.609459	-0.316550	-0.735151	-0.109309	-0.347614	-0.585334	-0.127612	-0.115625	-2.293411	-0.064399	-0.719403	-1.248231	-1.525624	0.137242	0.831348	-0.219005	-0.865294	-1.001510	-1.563551	-1.110968	-1.725690	-2.309690	-1.046039	-0.966902	-1.069813	-1.932588	-0.802084	-0.204971	-2.102048	-0.337852	-0.663554	-1.503388	-1.273635	0.189456	-0.472013	-0.370423	-0.906313	-0.288106	-1.623051	0.568006	-0.293003	1.483408	0.978271	2.213039	0.444371	-1.067236	0.407920	-0.658157	0.935480	-0.300554	2.573750
0.042150	-1.056838	-0.838142	-1.245198	-0.614814	0.041750	-0.408101	-0.112915	-0.379934	-0.121012	-1.828465	-1.363991	-0.420963	1.180549	-0.478166	-0.159912	0.429341	-0.315369	-0.454860	-0.926659	0.334469	0.370419	-0.627830	-0.588308	-0.651803	-1.335582	-1.222905	-0.842377	-0.494937	-1.695619	-1.899968	-2.574407	-0.217434	0.273376	-2.026529	-1.076300	-2.661944	-2.317179	-1.412997	-1.340861	0.777976	-0.258166	-0.950882	-0.581398	-0.320844	-0.505970	1.065104	-0.029355	0.190961	1.022045	-1.013184	0.611351	2.439993	2.519024	1.162047	2.115189	0.627058	0.393689	0.699071	-0.505388	0.871617	0.361725	1.501050	1.275906	-0.085737	-0.199003	-0.426623	-1.044573	-0.314862	0.359905	0.538776	0.037651	0.698533	1.367793	-1.093652	-1.247763	-0.440161	-0.760861	0.261759	-0.133123	-1.784896	-1.168424	-0.838278	-0.753439	-0.286637	0.019585	0.409234	-1.473719	0.167667	0.628208	-0.483804	0.381301	1.710693	0.898748	0.910221	0.584217	-0.400266	-1.300199	0.267505	-0.564391	1.390325	0.210052	0.554539	0.547532	-0.562641	0.030119	-0.345958	0.773463	-1.122895	1.865726
-0.712169	-1.009578	-0.736395	-0.849485	-0.948976	0.356441	-0.779486	-0.583318	-1.313511	-0.289262	-2.002254	-1.392846	-0.204622	0.729617	0.053769	0.560975	0.263153	0.823799	-0.219100	-0.502210	0.251152	0.036159	-0.665390	-0.946791	-1.867990	-1.506653	0.253918	-2.037298	-1.473552	-2.341743	-2.279770	-1.833230	0.211852	0.644522	-1.318055	-0.248351	-2.458256	-1.444208	-1.619245	-1.217355	-0.242817	-0.659795	-0.851844	0.244635	0.243243	0.305363	1.284454	0.796255	0.252976	0.562416	-0.877963	0.028611	2.016765	1.586541	0.611715	1.535554	0.651775	0.250899	0.604169	0.072797	1.355981	1.070298	1.817334	1.691777	0.152543	-0.470393	-0.663904	-0.426414	-0.452340	0.996835	1.265731	0.931255	1.405491	0.998645	-1.925774	-1.188190	-0.382600	-0.157119	0.764666	0.757971	-1.475282	-1.203516	-0.894402	-0.526312	0.316596	-0.009439	0.784420	-0.515524	-0.300245	0.428447	0.115796	0.298545	1.664322	1.084884	1.144139	0.986395	-0.483000	-1.257939	-1.194400	-1.133243	0.599819	-0.268430	-0.796636	0.536547	-0.719151	-1.289728	-0.347932	0.096965	-2.035448	0.746351
-1.551567	-0.893964	-0.712298	-0.141240	-1.356045	0.583862	-1.252762	-0.886863	-2.040016	-0.299044	-1.798478	-0.741421	-0.474307	-0.101661	1.069845	0.777051	-0.109144	0.984502	-0.203498	-0.241965	0.005767	-0.910553	-0.541847	-0.813585	-2.090501	-1.193969	0.842020	-1.364655	-1.589854	-1.894632	-2.056189	-1.579204	0.101557	0.358120	-0.855439	-0.004007	-1.668502	-0.501070	-1.382067	-0.692637	-1.132918	-0.884761	-1.143458	0.030504	0.158461	0.188997	0.408942	0.300019	0.574731	-0.137299	-0.853222	-0.379884	0.929433	0.220938	-0.204420	0.528208	0.521769	0.305245	-0.167784	0.459258	0.602095	0.713367	0.758366	0.647056	-0.132100	-0.579075	-0.844218	-0.234695	-0.414069	0.887644	0.557718	0.525421	1.661938	-0.093248	-1.827878	-0.883678	-0.465380	-0.008455	0.380014	0.522252	-0.958642	-0.750899	-0.358994	-0.050935	0.104301	-0.188286	1.228746	0.618870	-0.695451	-0.189030	0.439229	-0.509641	0.343683	0.267922	0.620447	0.342442	-0.534509	-1.444006	-2.133100	-1.219382	-0.368596	0.325576	-0.971392	0.394833	-1.221988	-1.940210	-0.055863	-0.542252	-2.227319	0.169364
-1.438332	-0.413274	0.020108	0.786169	-1.077794	0.871229	-1.403443	-0.732924	-1.268723	0.098628	-1.069692	0.521028	-0.331523	0.100143	1.336244	0.610632	-0.087908	0.676781	-0.034487	0.294805	-0.204887	-1.683573	-0.194416	-0.094902	-1.206174	-0.755359	0.263074	-0.258811	-0.925920	-0.739863	-1.292008	-1.604595	0.299754	0.370843	-0.231480	-0.010573	-0.280305	0.430949	-0.450956	0.238011	-1.348511	-1.021155	-0.885379	-0.327527	0.255046	-0.092838	-0.179029	-0.400305	0.202667	-0.840611	-0.364288	0.043552	0.058018	-0.439136	-0.553385	-0.269092	0.599353	0.757050	-1.120789	0.274309	-0.344146	0.005648	-0.070814	-0.312944	-0.614024	-0.559584	-0.738545	0.005662	-0.107488	0.396203	-0.240125	-0.197732	1.026961	-0.936628	-0.464586	-0.506423	0.036699	0.188980	0.190798	0.125643	0.103514	0.118087	0.904908	0.841288	0.471732	0.217599	1.814545	1.618363	-0.023067	0.118491	1.004364	-0.301204	-0.328609	-0.157088	0.381315	-0.189720	-0.490715	-1.075819	-1.179813	-0.670605	-0.839290	1.171114	-0.403679	0.089256	-1.040142	-0.820448	0.822434	-0.707794	-1.277780	0.197356
-0.553767	0.177849	1.386918	1.549399	-0.117496	1.037295	-1.074650	-0.275741	0.382231	0.563190	-0.150431	1.516301	0.540763	1.405188	0.418420	0.348878	0.219978	0.525018	0.356183	0.975027	-0.282645	-1.742890	0.038750	0.520368	-0.286855	-0.726651	-0.634390	-0.447090	-0.145816	0.014031	-0.440443	-1.250102	0.924024	0.926989	0.726932	0.100510	0.960536	0.943457	0.690753	1.165131	-1.080091	-1.195521	0.240092	0.050636	0.982172	0.256123	-0.011711	-0.380566	-0.831306	-1.291816	0.590403	0.961929	-0.246733	-0.419522	-0.210806	-0.420350	0.916206	1.317522	-1.419541	0.018346	-0.221493	0.074943	0.301235	-0.101159	-0.826177	-0.540798	-0.290126	0.263765	0.235206	0.045531	-0.205923	-0.303254	-0.183031	-0.899577	1.251554	-0.262301	1.009967	0.650883	0.637616	0.360961	1.286996	0.970895	2.013194	1.698100	1.658661	0.838404	2.153550	2.040350	1.214287	1.150906	1.655512	0.914920	0.407794	0.266101	0.740722	0.037774	-0.182967	0.104905	0.943904	-0.061699	-0.661088	1.006851	0.012456	-0.146022	0.158136	1.322535	1.772705	-0.492406	0.264353	0.309445
0.053447	0.432365	2.455151	1.773437	0.710508	0.947241	-0.566616	0.159061	1.084693	0.582360	0.462215	1.490324	1.442312	2.459265	-0.767686	0.063602	0.249414	0.493712	0.565005	1.137188	-0.409992	-1.131102	-0.121271	0.347177	-0.299927	-1.045976	-0.848059	-1.581599	0.144974	-0.235758	0.116701	-0.400298	1.244215	1.244058	1.489656	0.162932	1.262943	0.695822	1.315740	1.643958	-0.828472	-1.136328	1.332173	0.765074	1.613911	0.896589	-0.082996	-0.135840	-1.510228	-1.357389	1.437703	1.604024	-0.415603	-0.498137	0.351493	-0.016581	1.247658	1.552988	-0.779396	0.331926	0.843531	0.992970	0.901070	0.467489	-0.720885	-0.468132	0.168531	0.212992	0.218338	0.048833	0.007111	-0.116330	-1.172198	-0.386749	1.871282	-0.264585	1.468732	0.879773	0.892627	0.802481	1.908096	1.488429	2.110595	1.912614	2.423797	0.829216	1.816585	1.750972	1.720521	1.657549	1.752395	1.587942	1.085006	0.398629	0.947770	0.416495	0.331630	1.272692	2.157998	0.102125	-0.289909	-0.152003	0.028605	-0.069905	1.358204	2.587806	2.021588	-0.344675	1.338493	0.310404
-0.247833	0.216728	2.512233	1.505662	0.723051	0.797924	-0.333502	0.352135	0.202571	0.184290	0.584183	0.675426	1.581571	2.155493	-1.085657	-0.264375	-0.083060	0.306944	0.334923	0.588009	-0.744087	-0.325048	-0.454714	-0.415890	-0.993524	-1.124397	-0.178863	-1.927981	-0.073781	-0.982084	0.369313	0.404816	0.859856	0.777908	1.577694	-0.026889	0.768560	0.097597	1.237292	1.644312	-0.820186	-0.524085	1.395850	0.864727	1.294077	0.946861	-1.121609	-0.505409	-1.088560	-1.213451	1.742043	1.660380	-0.996808	-0.981394	0.546197	0.369257	1.436629	1.343346	0.113430	0.953513	1.522339	1.737857	0.351790	0.068373	-0.665548	-0.383480	0.222014	-0.105515	-0.222684	0.168787	-0.501884	-0.370930	-1.387878	-0.230191	0.944540	-0.337862	0.856216	0.460975	0.260143	0.661094	1.900507	1.713584	1.421658	1.529974	1.983461	0.266051	0.978970	1.275964	1.196408	1.188984	1.214583	1.028600	0.211651	-0.601741	0.411066	0.163036	0.617792	1.442446	1.407452	-0.065954	-0.226717	-1.040625	-0.015795	0.149363	1.265310	1.920887	1.428271	-0.547034	1.374346	0.361234
-1.088243	-0.175346	1.763401	1.180395	0.111538	0.886268	-0.563821	0.295751	-0.980487	-0.018152	0.408584	0.059155	0.970835	0.839339	-0.437038	-0.507427	-0.250889	0.062446	-0.115891	-0.096065	-1.105279	0.128256	-0.583090	-0.944659	-1.301319	-0.629244	0.629964	-0.952177	-0.289010	-1.372742	0.480574	0.676476	0.285243	0.060000	1.293267	-0.152049	0.416478	0.056007	0.917305	1.476503	-0.964877	0.408358	0.597881	0.330103	0.360069	0.305714	-2.270461	-1.166046	0.005652	-1.223069	1.586580	1.414414	-1.862003	-1.411736	0.244610	0.242129	1.468201	0.939968	0.238360	1.013520	0.894884	1.461786	-1.034310	-1.096694	-0.903713	-0.602713	-0.223105	-0.309874	-0.685595	-0.043728	-1.337997	-0.880478	-0.951612	-0.650881	-0.457719	-0.214453	-0.125322	-0.241586	-0.579446	0.072646	1.722970	1.835398	0.784901	1.118994	1.008107	0.072726	0.369234	1.311553	0.517775	0.529545	0.639911	0.306406	-1.485398	-1.742417	-0.351960	-0.456611	0.277768	0.566541	-0.301681	-0.188035	-0.508878	-0.724870	-0.013494	0.086034	-0.147628	0.144469	0.624503	-0.897813	0.661642	0.322997
-1.631767	-0.295311	0.849512	1.089609	-0.368650	1.187258	-1.016944	0.162565	-1.066389	0.437921	0.185780	0.295601	0.169323	-0.332740	0.371784	-0.526186	0.055887	0.024834	-0.450953	-0.343345	-1.198729	-0.043265	-0.499074	-0.795260	-0.643306	0.138922	0.674892	0.019416	-0.093895	-1.240442	0.453407	0.473706	0.110636	-0.104324	1.202350	0.222635	0.746898	0.854593	0.834932	1.315606	-1.135359	0.979816	-0.080326	0.037460	-0.085361	-0.288390	-2.117711	-1.040638	0.642343	-1.475909	1.209279	1.138216	-2.237130	-1.384148	-0.259322	-0.318287	1.271762	0.614066	-0.667439	0.261647	-0.540708	0.352981	-1.610673	-1.598228	-1.135490	-1.201907	-0.846853	-0.257892	-0.701255	-0.771245	-1.354549	-0.813088	-0.493287	-1.078265	-1.010304	-0.013183	-0.395143	-0.574930	-0.448824	-0.148635	1.591246	1.848253	0.393789	0.874003	0.401981	0.622281	0.488743	1.875644	0.320596	0.419771	0.397387	0.524095	-1.985070	-1.446104	-0.445606	-0.545719	-0.534599	-0.521553	-1.297976	-0.196093	-0.794176	0.423782	-0.240428	-0.391287	-1.498056	-1.086435	0.237057	-0.948902	-0.135617	-0.168256
-1.391352	0.050374	0.082846	1.053480	-0.254942	1.357250	-1.208777	0.140924	-0.220351	1.301731	-0.005723	0.988862	-0.467711	-0.752492	0.711484	-0.388295	0.528118	0.149184	-0.519709	-0.127718	-0.991400	-0.639400	-0.391659	-0.230016	0.498902	0.707248	-0.040789	-0.126981	0.260294	-1.045995	0.147654	0.193786	0.182336	0.264133	1.193813	0.926594	1.203777	1.671058	0.963318	1.029878	-1.223265	0.818877	-0.175355	0.345730	0.271037	-0.374623	-0.599974	0.051264	0.209799	-1.595001	0.630019	0.749443	-1.558300	-1.151759	-0.603256	-0.814943	0.710173	0.369449	-1.794911	-0.631632	-1.528271	-0.775238	-0.634638	-0.846591	-0.803229	-1.552394	-1.141137	-0.119299	-0.183463	-1.638200	-0.337523	-0.030968	-0.543414	-0.906877	-0.650130	-0.214095	0.113627	-0.453880	0.594227	0.199951	1.272347	1.549832	-0.269956	0.434850	0.194495	1.245692	1.130417	2.315042	0.410857	0.761632	0.314828	1.330912	-0.705089	0.151094	0.123148	0.065652	-1.244174	-1.053329	-1.058763	-0.296765	-0.795846	1.372013	-0.683892	-0.977252	-1.511694	-1.050019	0.160376	-0.565687	-0.547291	-0.945064
-0.583304	0.562647	-0.564983	0.738896	0.204332	1.164352	-0.841359	0.225427	0.340088	1.901667	-0.203134	1.139205	-0.924672	-0.706772	0.654707	-0.233251	0.795559	0.195308	-0.276712	0.326859	-0.656247	-1.109253	-0.205705	0.398605	1.213423	0.945350	-0.500297	-0.734318	0.116221	-1.025185	-0.414460	0.051077	0.057439	0.520704	0.668580	1.311438	0.879741	1.512822	0.913086	0.520684	-1.042662	0.318936	-0.140702	0.547071	0.596752	-0.270787	0.837459	1.002924	-0.798931	-1.182539	-0.170655	0.135078	-0.171767	-1.198390	-0.559759	-0.880453	-0.128515	0.054867	-2.110499	-1.033924	-1.414512	-1.349816	0.746930	0.117551	0.109118	-0.948098	-0.804599	0.061902	0.511683	-1.994178	0.646979	0.608472	-1.018107	-0.226145	-0.400630	-0.936214	0.489681	-0.289919	1.261367	0.420405	0.570646	0.872319	-1.208163	-0.268338	0.109186	1.292397	1.712719	2.147861	0.581179	1.179202	0.307564	1.672749	0.740659	1.213759	0.536250	0.571278	-1.492899	-1.006608	-0.346726	-0.557816	-0.513673	1.489434	-0.832809	-1.319172	-0.426035	-0.410641	-0.206781	-0.148605	-0.510283	-1.359968
0.127802	0.697848	-1.021784	0.171653	0.364565	0.726833	-0.137225	0.211607	-0.032681	1.816419	-0.434822	0.244359	-1.156450	-0.669002	0.491576	-0.035807	0.891951	0.125687	0.211686	0.840681	-0.291250	-1.030807	0.172531	1.050251	1.039415	0.941130	0.034747	-0.558322	-0.735077	-0.854073	-0.925899	-0.124503	-0.166791	0.369244	-0.415520	1.037486	-0.283365	0.401633	0.429519	-0.007086	-0.488975	0.180219	-0.451018	0.015432	0.227725	-0.359980	1.000355	0.881167	-1.406480	-0.346003	-0.952243	-0.514972	0.938634	-1.465886	-0.119355	-0.522310	-0.790548	-0.309211	-1.380747	-0.983547	-0.622889	-1.298424	1.024247	0.151006	0.768442	0.269039	-0.046902	0.343833	0.881633	-1.557295	0.663396	0.434260	-1.324035	0.276491	-0.822987	-1.534342	0.167087	-0.247890	0.784606	0.026009	-0.355175	0.075242	-1.464597	-0.624673	0.280130	0.945301	1.792986	1.501028	0.988905	1.517224	0.557080	1.186945	0.688927	0.614815	0.404452	0.388639	-1.379409	-0.875431	-0.008044	-0.769238	-0.134232	0.780727	-0.430057	-1.269028	0.433785	-0.125324	-1.068000	-0.172223	-0.353898	-1.240639
0.263801	0.267197	-1.062895	-0.239991	-0.156284	0.250299	0.332404	-0.044061	-0.780474	1.120523	-0.666798	-1.131652	-0.978790	-0.696041	0.215405	0.314212	0.979904	0.107680	0.640201	1.151900	0.112570	-0.525318	0.517755	1.637545	0.233221	0.650979	0.916342	0.328917	-1.605132	-0.193435	-1.076322	-0.546561	-0.024102	0.121664	-1.308657	0.377975	-1.377434	-0.701580	-0.343923	-0.269371	0.206407	0.552499	-0.902162	-0.750484	-0.346263	-0.438576	0.302291	0.141396	-1.183842	0.436912	-1.309180	-0.867618	1.094807	-1.348917	0.407173	0.033893	-0.825458	-0.468940	-0.250570	-0.705275	0.056321	-0.760215	0.190308	-0.437875	0.358980	0.852378	0.558582	0.453850	0.645273	-0.668376	0.080095	-0.113689	-0.961778	0.119659	-1.242910	-1.270086	-0.369432	-0.026207	-0.106282	-0.484184	-1.151912	-0.495190	-0.389582	-0.168355	0.746792	0.651853	1.231162	0.711124	1.468840	1.479325	0.890345	0.264038	-0.493317	-0.604330	0.239061	0.016234	-1.054778	-0.930170	-0.124005	-0.623609	0.133631	-0.388130	-0.002066	-0.792153	0.320483	-0.359230	-1.829979	-0.546499	-0.520334	-1.108506
0.004177	-0.310592	-0.665943	-0.187324	-1.029978	-0.279211	0.249031	-0.428203	-0.912779	0.159855	-0.756588	-1.895694	-0.333357	-0.534872	-0.247181	0.792518	1.029260	0.249639	0.712405	0.988430	0.542370	-0.079992	0.564175	1.763470	-0.520090	0.022803	0.911806	0.799853	-1.514045	0.776088	-0.873547	-1.020223	0.520055	0.115841	-1.395656	-0.231373	-1.532341	-1.032248	-1.022095	-0.280239	0.636210	0.820580	-1.013280	-0.779055	-0.201863	-0.065616	0.052443	-0.083189	-0.540869	0.904146	-1.001847	-0.792397	0.510440	-0.492733	0.474845	0.468927	-0.366891	-0.319871	0.529212	-0.140759	0.273801	0.043459	-0.475933	-0.475037	-0.744968	0.240271	0.628965	-0.008205	-0.044447	0.190734	-0.021642	-0.102844	0.042659	-0.354592	-0.731388	-0.199951	-0.329293	0.620043	-0.262996	-0.310378	-1.514727	-0.774145	1.241959	0.656052	0.916202	0.317249	0.218284	-0.050993	1.337571	0.516199	0.718339	-0.682043	-1.059359	-0.728183	0.554240	0.296934	-0.483039	-0.883136	-0.236845	0.045812	0.128572	-1.368773	-0.222234	-0.024683	-0.213481	-0.583701	-1.718033	-0.654840	-1.033277	-1.233257
-0.021294	-0.479045	-0.154457	0.141245	-1.400842	-0.940045	-0.077061	-0.705946	-0.069796	-0.702205	-0.468029	-1.465636	0.507050	-0.095758	-0.608240	1.244345	0.959629	0.518186	0.564827	0.471644	0.937303	0.053822	0.538488	1.184627	-0.574416	-0.627662	-0.057757	0.483880	-0.300805	1.511572	-0.513304	-1.015540	0.919785	0.288708	-0.836145	-0.593379	-0.712215	-0.732601	-1.307429	-0.340766	0.681688	0.327384	-0.668599	0.037211	0.749091	0.751061	0.741722	0.488622	-0.104176	1.183741	-0.179660	-0.492650	-0.013374	0.650728	-0.232841	0.394548	-0.179057	-0.236529	0.727549	0.636288	0.170425	0.680349	-0.159669	0.360251	-1.154459	-0.558532	0.327775	-0.802860	-0.682030	0.944336	0.717429	0.674823	1.228947	-0.328211	0.617820	0.973714	0.414481	1.470317	0.424568	0.586900	-1.330242	-0.970376	2.018404	1.000665	0.282005	-0.446144	-0.761064	-0.629941	0.331119	-1.318115	-0.046288	-1.389821	-0.168135	0.348422	1.075319	1.156991	0.232287	-0.320439	-0.009142	1.029565	-0.198816	-1.421888	-0.942137	0.525984	-0.320808	-0.393499	-0.657095	-0.137520	-1.307615	-1.157412
0.558014	-0.148138	0.092743	0.238570	-0.653020	-1.507460	-0.021053	-0.765361	1.170208	-1.214339	0.303696	-0.260893	1.045849	0.301920	-0.450847	1.529157	0.790188	0.801117	0.615937	0.096990	1.189973	0.134125	0.852109	0.293497	0.219992	-0.732449	-0.788119	0.277574	1.045644	1.649403	0.044995	-0.240885	0.703954	0.350313	-0.080383	-0.645654	0.484551	-0.424445	-1.159130	-0.645995	0.633746	-0.802371	-0.030645	0.865893	1.700631	1.514415	1.540191	1.087533	-0.039490	1.376316	0.642393	-0.369378	0.153219	1.262440	-1.323976	-0.358414	-0.846217	-0.708257	0.587839	1.051375	0.010750	0.700446	0.641340	1.178660	-0.086583	-0.210535	0.136194	-1.035416	-0.786920	1.722493	1.580893	1.547257	2.043696	0.481495	1.815661	1.780326	1.358622	2.044524	1.160829	1.521589	-0.795514	-1.186957	1.535771	0.636421	-0.646323	-1.504440	-1.288932	-0.761165	-0.806943	-2.792025	-0.575394	-1.534834	1.234008	1.203063	1.183582	1.619943	0.683773	0.695404	0.461730	1.704686	-0.656590	-0.382273	-1.239384	0.300357	0.022505	0.061240	0.612736	0.581812	-0.738412	-0.533112
1.414829	0.306280	-0.015451	-0.135476	0.905410	-1.539031	0.667342	-0.632896	1.854706	-1.328485	1.241053	0.729012	0.929688	0.225883	0.132391	1.535172	0.502775	0.920104	0.926832	0.107850	1.128470	0.547247	1.313974	-0.239159	1.309683	-0.095775	-0.509830	0.879811	1.389764	1.282579	1.051296	0.989643	-0.003081	0.145036	0.735634	-0.318441	1.427589	-0.421371	-0.712498	-1.013086	0.794373	-1.692605	0.831730	1.082518	1.944090	1.750835	1.442706	1.079091	-0.040299	1.293470	0.936907	-0.655920	0.946011	1.062212	-1.855533	-1.317949	-1.903005	-1.566417	0.470797	0.681494	0.033592	0.204954	1.023658	1.193588	1.560930	1.177601	0.367938	-0.196214	-0.306292	2.245174	1.765655	1.866611	2.122590	1.361427	2.130807	2.247846	1.984957	2.015643	1.420029	1.929693	-0.358373	-1.219152	0.667002	0.058143	-0.831945	-2.085025	-1.399766	-0.385903	-1.124737	-2.520314	-0.123326	-0.935805	1.766370	0.964383	0.771982	1.063463	0.622030	1.573641	0.801400	1.490551	-0.798873	0.962170	-0.460659	-0.563535	0.276083	0.350934	1.235849	0.817858	0.530743	0.149856
1.808508	0.501480	-0.268092	-0.670909	2.163734	-0.948474	1.520669	-0.353343	1.475897	-1.195748	1.674692	0.772111	0.295079	-0.303521	0.478996	1.100287	-0.008368	0.680959	0.997261	0.136058	0.658190	1.259379	1.176992	-0.277323	1.780395	0.762480	0.083506	1.654313	0.710765	0.756511	2.295120	1.985832	-0.665056	-0.219326	1.504986	0.252353	1.684012	-0.550944	-0.142014	-1.086183	1.076764	-1.571679	1.755992	0.876670	1.412531	1.336848	0.416236	0.646581	0.193566	0.782115	0.634878	-1.066178	1.615962	0.533147	-1.205954	-1.569334	-2.136039	-1.928987	0.593355	0.002313	0.397447	-0.092806	0.776817	0.645173	2.172823	2.164328	0.907371	1.107170	0.336604	1.873416	1.192443	1.555742	1.470973	1.366301	1.641516	2.328147	1.960283	1.324340	1.289483	1.721093	-0.333811	-0.858782	0.244137	-0.302052	-0.101010	-1.574226	-1.390084	0.067429	-0.597241	-0.641823	0.846474	0.038734	1.142598	0.282245	0.216897	-0.033678	0.310346	1.682084	0.699002	0.453574	-0.275989	1.556866	0.957246	-1.153841	0.250591	0.244049	0.913933	0.522539	1.620005	0.216778
1.276418	0.327365	-0.415399	-0.905912	2.107493	-0.272809	1.727735	-0.010566	0.325477	-1.002025	1.151790	-0.075456	-0.326243	-0.724189	0.107663	0.102057	-0.736119	0.047964	0.336766	-0.313775	-0.027308	1.724421	0.098120	-0.370810	1.110851	1.038101	-0.020222	1.506078	0.026391	0.286491	2.779138	2.173759	-0.898928	-0.518425	1.669185	0.577018	1.039936	-0.550836	0.356609	-0.769620	1.064411	-0.545375	2.116663	0.597443	0.323263	0.410113	-0.761672	0.163483	0.613733	0.067058	0.117994	-0.989042	1.300403	0.227075	0.202446	-0.698656	-0.980081	-1.200729	0.871859	-0.169714	0.920932	0.256236	0.268786	0.169897	1.238080	1.697239	1.289327	1.732831	0.620720	0.476252	0.231020	0.749735	0.463085	0.439878	0.747823	1.631196	1.029344	0.088500	0.784807	0.920912	-0.548730	-0.274108	0.060345	-0.536408	0.534471	-0.276380	-1.313294	-0.004051	-0.101840	1.077968	1.042929	0.647081	0.094401	0.041279	-0.308002	-0.800866	0.146435	0.867696	0.160645	-0.704491	0.671962	1.138690	1.806394	-0.752046	0.198654	-0.121108	-0.016573	0.269294	1.747397	-0.133554
0.093615	-0.084372	-0.375728	-0.752026	0.697367	-0.108829	0.925432	0.212386	-0.844789	-0.803600	-0.013447	-1.029260	-0.555120	-0.584879	-0.627666	-1.241239	-1.443675	-0.737842	-0.892805	-1.152050	-0.545142	1.367538	-1.290483	-0.958092	-0.323743	0.431908	-0.611787	0.441534	0.029332	-0.141854	1.642002	1.446065	-0.789495	-0.657456	0.707697	0.228906	-0.247930	-0.368725	0.561438	-0.325531	0.456226	0.509634	1.282879	0.111352	-1.101585	-0.744750	-1.409842	-0.414575	0.903240	-0.458679	-0.317492	-0.222248	-0.092504	0.137619	1.249878	0.636493	0.698535	0.125179	0.938013	0.145179	1.041433	0.724891	-0.276385	-0.136367	-0.259369	0.173776	1.064708	1.185809	0.384233	-1.066918	-0.825911	-0.486424	-0.435774	-0.519088	-0.300093	0.069290	-0.674062	-1.344059	-0.334975	-0.435342	-0.521331	0.137876	-0.518133	-0.854513	0.153920	0.788410	-0.970652	-0.722692	-0.293679	1.140469	-0.125072	0.469116	-0.695155	0.044046	-0.955287	-1.010298	0.181651	-0.364946	-0.469487	-1.281477	1.267609	0.346126	1.319573	0.354707	0.198436	-0.428224	-0.885276	0.366106	0.965223	-0.033365
-0.906823	-0.430971	-0.194314	-0.424492	-1.056323	-0.372238	-0.333441	0.209985	-1.438701	-0.533604	-0.899882	-1.183015	-0.479846	-0.099608	-0.878933	-2.241707	-1.781747	-1.276816	-1.898893	-1.693707	-0.678634	0.229863	-1.948932	-1.631162	-1.518647	-0.514263	-0.640542	-0.434839	0.292548	-0.501771	-0.527833	0.252596	-0.640106	-0.729248	-0.896949	-0.582090	-1.338727	-0.093854	0.372187	-0.014339	-0.518493	0.833693	-0.371291	-0.735222	-2.336967	-1.646223	-1.379466	-1.095325	0.796875	-0.633999	-0.667867	0.699043	-1.537471	-0.056781	1.259657	1.405677	1.574178	1.030073	0.525390	0.198954	0.432339	0.473458	-0.856557	-0.542225	-1.159219	-1.177414	0.272665	0.067095	-0.065264	-1.598704	-1.669094	-1.763990	-0.983369	-0.738660	-1.224107	-1.550445	-2.201795	-2.303684	-1.775979	-1.858376	-0.058097	0.243967	-1.324867	-1.059797	-0.879210	0.913553	-0.357230	-1.513345	-0.791370	-0.036391	-1.756210	-0.211504	-1.099244	-0.388752	-1.572332	-0.995138	0.276548	-1.177223	-0.757253	-1.049693	0.991242	-0.164682	0.068042	1.272022	0.040821	-0.471007	-1.059867	0.470071	0.024999	0.786885
-1.054150	-0.383853	0.083071	-0.028245	-1.906973	-0.436573	-1.005154	0.177104	-1.327124	-0.140004	-0.847318	-0.339860	-0.297332	0.227473	-0.315269	-2.183448	-1.469844	-1.280830	-1.907737	-1.369741	-0.481918	-0.884626	-1.427538	-1.516547	-1.670065	-0.910223	0.113914	-0.403757	0.121926	-0.561325	-1.905464	-0.659451	-0.486003	-0.767068	-1.818438	-1.127747	-1.439741	0.172277	-0.012589	0.193176	-1.147699	0.521975	-1.443675	-1.400378	-2.532006	-1.738208	-0.855114	-1.334581	0.348999	-0.524868	-0.789039	1.126215	-1.808059	-0.367533	0.621215	1.339815	1.361932	1.140221	-0.078273	-0.171968	-0.393785	-0.365925	-1.235087	-0.930540	-1.249048	-1.478801	-0.465221	-0.590490	-0.283500	-0.878422	-1.797766	-2.218251	-1.168598	-0.402740	-1.541937	-2.069804	-2.333135	-2.125782	-2.426340	-2.376423	0.463069	0.265185	-1.398105	-0.749048	-1.374524	0.421458	0.224532	-1.641632	-0.717327	-0.801268	-2.375447	-0.732666	-1.200123	-1.082222	-1.492293	-0.827108	0.427810	-1.108932	-0.544881	-0.236389	0.224523	-0.361446	-0.575304	1.460301	-0.256939	-0.272018	-0.418835	0.260308	-0.412983	1.479423
-0.456307	0.063734	0.373015	0.418225	-1.420078	-0.045607	-0.596873	0.388500	-0.751787	0.270617	-0.141671	0.666240	0.046567	0.310509	0.458833	-1.080453	-0.529417	-0.784383	-0.877729	-0.359680	-0.080531	-1.098948	-0.240769	-0.438223	-0.841004	-0.418904	0.669026	0.045659	-0.312667	-0.204688	-1.379662	-0.804081	-0.096365	-0.584633	-1.317795	-0.942905	-0.678436	0.299447	-0.224959	0.410876	-0.872796	0.268960	-0.962469	-1.082645	-1.364934	-0.888625	-0.153226	-0.670084	-0.070086	-0.206306	-0.335386	0.989972	-0.858091	-0.460887	0.171288	0.982433	0.847188	0.882296	-0.230165	-0.207866	-0.535986	-0.716117	-0.992176	-0.831053	-0.956294	-0.776991	-0.536664	-0.372393	-0.129679	0.211413	-1.010920	-1.369071	-1.018501	-0.212182	-0.995391	-1.195361	-0.933724	-0.856609	-1.531522	-1.477199	0.534995	0.338688	-0.359023	0.012423	-0.795825	0.152981	0.511913	-0.958634	0.035690	-0.394446	-1.511725	-0.675022	-0.955805	-1.148431	-0.410431	-0.242152	0.589446	-0.525974	-0.108340	0.621329	-0.180395	-0.501706	-0.033584	1.027341	-0.354026	-0.014391	0.362604	0.016870	-0.328657	1.151564
0.150532	0.445039	0.455876	0.641389	-0.343290	0.288886	0.253106	0.673275	-0.137898	0.427739	0.325366	0.772533	0.488548	0.355155	0.641855	0.115412	0.458350	-0.166046	0.305593	0.488290	0.341503	-0.408240	0.605812	0.613644	0.114480	0.340541	0.341853	0.118092	-0.312759	0.219492	0.095000	-0.327562	0.419667	-0.122527	-0.135560	-0.311576	0.015393	0.187117	-0.131583	0.502587	-0.003089	0.399370	0.351795	0.063091	0.216606	0.231411	0.303267	0.342238	-0.126988	0.168968	0.473005	0.618940	0.094663	-0.217337	0.163203	0.719819	0.593846	0.616320	0.214076	0.426331	0.114614	-0.083712	-0.209726	-0.211100	-0.553319	0.102232	-0.047355	0.149233	0.137382	0.642000	0.046300	0.022921	-0.578533	-0.378596	-0.047941	0.098281	0.596305	0.475852	0.094430	0.036282	0.153996	0.294771	0.745326	0.531396	0.110026	0.331590	0.455378	-0.075304	0.533109	0.265698	-0.188306	-0.212397	-0.405237	-0.383424	0.792785	0.547344	0.483636	-0.156402	0.107476	0.882914	0.046075	-0.531791	0.732895	0.362559	-0.146367	0.083589	0.410313	0.116224	-0.131706	0.123774
0.176117	0.309923	0.142002	0.313876	0.142417	0.038704	0.428369	0.439954	0.078777	0.171503	0.101118	-0.024687	0.432477	0.179769	0.150722	0.328983	0.563015	0.086769	0.477794	0.384272	0.387566	0.250534	0.433512	0.503971	0.336483	0.434993	-0.199958	-0.074259	0.176759	0.245088	0.645175	0.239875	0.374156	0.146937	0.391411	0.094074	0.047983	-0.005377	0.029436	0.247731	0.396920	0.434938	0.782660	0.732126	0.683743	0.574010	0.183321	0.552947	0.062343	0.228464	0.633594	0.203189	0.049581	0.014290	0.116962	0.333629	0.334806	0.251357	0.484163	0.758219	0.526871	0.550130	0.287938	0.235605	-0.149568	0.269196	0.264681	0.187507	0.192022	0.174454	0.360037	0.556754	-0.064332	-0.422469	0.400006	0.560813	0.720208	0.656186	0.719715	0.639167	-0.186522	0.054419	0.549780	0.217568	0.233834	0.357867	0.071867	0.214428	0.082274	0.079422	0.176206	0.067436	0.034109	0.271574	0.755425	0.669883	0.057379	-0.190398	-0.045306	0.344357	0.272566	-0.201846	0.485959	-0.094118	0.028866	-0.073170	-0.174286	0.256804	-0.095129	-0.411926
-0.284449	-0.117541	-0.394117	-0.308755	-0.348016	-0.505281	-0.384286	-0.488425	-0.223638	-0.207739	-0.345514	-0.536145	-0.640103	-0.667752	-0.454051	-0.536650	-0.567521	-0.192842	-0.662262	-0.636356	-0.253979	0.057990	-0.560423	-0.642860	-0.210919	-0.270296	0.068174	0.250424	0.506532	0.007888	-0.243231	0.540769	-0.693949	-0.391034	-0.133870	-0.082081	-0.185628	0.139108	0.045370	-0.154143	-0.357951	-0.146659	-0.381283	-0.074415	-0.431300	-0.232556	-0.392609	-0.320548	0.007106	-0.315373	-0.406104	-0.201278	-0.612158	-0.129843	-0.384967	-0.344417	-0.225462	-0.176666	-0.271433	-0.247506	-0.284261	-0.047173	-0.222569	-0.137975	-0.072464	-0.274428	-0.138157	-0.193288	0.005651	-0.679233	-0.300711	-0.233520	0.201525	0.038848	-0.072324	-0.022441	-0.504936	-0.467121	-0.311036	-0.269373	-0.121769	-0.032583	-0.849079	-0.669065	-0.613836	-0.139251	-0.546993	-0.286627	-0.658461	-0.629366	-0.741476	-0.229902	-0.156874	-0.033370	-0.696490	-0.318264	-0.133067	-0.157142	-0.267440	-0.358689	-0.202343	0.342013	-0.592659	0.071403	-0.027308	-0.299025	-0.224737	-0.253724	-0.146357	0.070659
-0.659207	-0.094830	-0.663117	-0.484194	-1.032784	-0.574274	-1.276044	-1.334979	-0.602113	-0.153928	-0.322090	0.148600	-2.173293	-1.981429	-0.746200	-1.493277	-2.030777	-0.620622	-2.075314	-1.650840	-1.179193	-0.722752	-1.467648	-1.480953	-0.716402	-0.859046	1.038372	1.231644	0.419304	0.182851	-1.255093	0.569687	-2.151600	-1.572706	-0.875312	-0.585051	-0.023245	0.820165	0.087564	-0.108517	-1.620766	-0.968106	-1.939569	-1.651785	-1.910043	-1.359385	-0.836519	-1.243710	-0.540521	-1.191357	-1.733167	-0.425398	-0.781969	-0.534953	-1.095660	-0.910039	-0.716657	-0.212089	-1.751782	-1.975877	-1.861038	-1.534681	-1.365281	-1.045905	-0.579037	-0.532581	-1.006567	-0.151654	-0.176889	-1.274902	-1.061178	-1.321567	0.164879	0.654564	-0.917731	-0.677858	-1.530396	-1.699574	-1.733761	-1.618760	0.188700	0.385439	-1.895511	-1.275057	-1.530053	-0.574326	-1.090333	-0.976019	-0.514090	-0.649568	-1.883320	-0.805692	-0.901332	-0.880374	-2.114135	-1.601989	0.442938	0.274413	-0.185820	-0.347198	-1.249038	0.533760	-1.153954	0.878224	0.002877	-0.226095	0.926981	-1.446059	-0.137594	0.801109
-0.506901	0.670142	-0.396742	0.032302	-0.956779	0.010649	-1.154615	-1.151569	-0.436774	0.413415	0.148006	1.377061	-2.799552	-2.695340	-0.770916	-1.568080	-2.426214	-0.641759	-2.367286	-1.714034	-1.387810	-1.116559	-1.519973	-1.040022	-0.464959	-0.469902	1.614351	1.895606	0.405552	0.987221	-1.061583	0.389541	-2.719013	-2.331130	-0.891223	-0.845837	0.467222	1.615248	0.411810	0.583650	-1.992178	-1.067361	-2.110884	-2.212611	-2.157631	-1.580376	-0.616316	-1.143437	-1.163086	-1.685527	-1.963176	-0.354479	-0.141679	-0.748926	-1.416816	-0.900067	-0.653639	0.342279	-2.536747	-2.593327	-2.533485	-2.154548	-1.920049	-1.471148	-1.243815	0.191411	-1.550667	0.665607	-0.173404	-1.217002	-0.968508	-1.417051	0.221706	0.725460	-1.194502	-0.420509	-1.158713	-1.709572	-1.845687	-1.858935	0.347196	0.993288	-1.470336	-1.114676	-1.534491	-0.206135	-1.242525	-1.110245	0.463264	0.267188	-2.004598	-0.941513	-1.388994	-1.116581	-2.011172	-1.921450	1.404127	0.786287	0.179773	0.376413	-2.011683	0.089350	-0.556548	1.676022	0.432720	0.244065	2.287587	-2.371814	-0.094929	0.776568
0.099962	1.468466	0.122691	0.558904	-0.153345	0.564588	-0.048232	-0.083079	0.244767	0.781158	0.403156	1.624462	-1.821882	-1.989888	-0.704150	-0.825061	-1.434006	-0.212048	-1.288141	-0.838089	-0.438358	-0.690109	-0.842498	0.091286	0.250350	0.513342	1.069483	1.272258	0.681169	1.625542	0.084696	-0.041656	-1.823665	-1.792144	-0.177693	-0.531692	0.640296	1.783826	0.798405	1.202843	-0.952511	-0.213355	-0.561907	-1.002704	-0.959477	-0.629195	0.192931	-0.196532	-1.167745	-1.328120	-1.006917	-0.180888	0.489793	-0.504152	-1.060621	-0.444582	-0.202706	0.914588	-1.602366	-1.232733	-1.238868	-0.881326	-1.215583	-0.814729	-1.239888	1.168656	-1.159239	1.385015	-0.065994	-0.439097	-0.096988	-0.441351	0.750133	0.089366	-0.575891	0.580975	0.140192	-0.458000	-0.518572	-0.728204	0.174407	0.981971	-0.152098	-0.490957	-0.569935	0.658085	-1.065347	-0.661534	0.925921	0.936167	-0.979636	-0.412470	-0.947848	-0.328859	-0.546165	-1.024688	1.771080	0.895497	0.428325	0.865972	-1.791662	-0.599246	0.349671	1.680363	0.989403	0.652973	2.303280	-2.021918	-0.097534	-0.031104
0.672244	1.301486	0.417235	0.391560	0.486240	0.420453	0.917462	0.673570	0.637844	0.236133	0.077821	0.369600	-0.029903	-0.288147	-0.569537	-0.102075	-0.205107	0.122389	0.077383	0.074919	0.770604	-0.072927	-0.229191	0.520092	0.423068	0.809845	-0.251446	-0.301289	0.514683	1.121089	0.887138	-0.645067	-0.168979	-0.279384	0.503287	0.152673	0.242593	1.009559	0.662342	0.823137	0.456072	0.587425	1.225593	0.719585	0.407048	0.507232	0.962927	0.558396	-0.382498	-0.337045	-0.077508	-0.172520	0.340981	0.029276	-0.224806	-0.005429	0.135331	0.814209	0.434022	0.936079	1.151053	1.186401	0.077605	0.406025	-0.378881	1.084789	0.015635	0.869622	-0.049326	0.682404	0.656241	0.547264	1.432391	-0.633824	0.344130	1.191020	0.946173	0.824638	0.751449	0.551357	-0.230515	0.028945	0.719855	0.044118	0.542836	0.929068	-0.839804	-0.329208	0.046013	0.350982	0.213738	0.121562	0.104698	0.720106	0.781551	0.171193	1.158194	0.595679	0.248906	0.484742	-0.708526	-0.987783	0.564901	0.856766	1.125208	0.425095	0.816400	-0.399779	-0.073893	-0.826082
0.726798	0.056196	0.333915	-0.224564	0.352786	-0.285937	0.822390	0.304829	0.129066	-0.921269	-0.411433	-1.231449	1.169881	1.159312	-0.338216	0.100175	0.076117	-0.039140	0.649448	0.336609	0.876716	-0.106619	-0.171037	-0.238489	-0.404180	-0.165912	-1.417666	-1.348830	-0.803649	-0.440891	0.653226	-1.041456	1.068095	1.037757	0.587861	0.705146	-0.233958	-0.278775	-0.171386	-0.455895	0.815706	0.233035	1.623036	1.187875	0.758346	0.770021	1.147898	0.624415	0.588096	0.629243	-0.011216	-0.305215	-0.256294	0.425442	0.660487	0.249192	0.304150	0.121714	1.874454	2.049649	2.629924	2.036101	0.816622	1.190892	0.579559	-0.136229	1.045664	-0.749713	-0.158961	1.402292	0.748040	0.743929	1.379172	-0.709097	0.745894	0.644375	0.605730	1.087744	0.758292	0.837676	-0.679030	-1.172904	0.685745	0.299387	0.981054	0.198125	-0.534433	-0.611039	-1.378244	-0.905958	0.649795	-0.053289	0.845854	1.133176	0.925897	0.770069	0.152669	0.186134	-0.240985	-0.270380	0.435479	-1.032416	0.265669	-0.048827	0.680454	-0.371282	-0.829746	1.400519	0.051050	-0.997124
0.186706	-1.316999	0.027227	-0.484408	-0.291705	-0.926269	-0.087044	-0.684803	-0.871116	-1.581848	-0.452039	-1.682114	1.146684	1.493905	-0.027057	0.105464	-0.380845	-0.392610	0.458185	0.218988	-0.294590	-0.761490	-0.349423	-1.239809	-1.474765	-1.485624	-1.686908	-0.800096	-2.629821	-1.846687	-0.080880	-0.852968	1.306239	1.345092	0.269699	0.834879	-0.232578	-1.332032	-1.097828	-1.453938	-0.060753	-1.089159	0.568217	0.241234	0.280483	0.228746	0.811343	0.536005	0.967093	1.036262	-0.344419	-0.366311	-0.339328	0.354953	1.112774	0.399046	0.570185	-0.523551	1.675073	1.497145	2.120612	1.042590	0.752178	1.196988	0.842382	-1.146358	0.988921	-1.974545	-0.208894	1.222091	0.561510	0.470978	0.202997	-0.058805	0.452012	-0.522668	-0.141035	0.570816	-0.004578	0.370585	-0.986058	-1.618747	0.336798	0.353859	0.583553	-0.727918	0.167715	-1.091746	-2.007013	-1.432055	0.319255	-0.701469	0.893872	0.896041	0.319618	0.779457	-0.551727	-0.327786	-0.695336	-0.544347	0.880180	-1.018632	0.211040	-0.415647	-0.125111	-0.994926	-1.524210	2.118966	0.047746	-0.613870
-0.556122	-1.826889	-0.395399	-0.197328	-0.840867	-1.185774	-0.843129	-1.209975	-1.405588	-1.134756	-0.060008	-0.774764	0.402676	0.862890	0.364372	0.391132	-0.412630	-0.355061	0.249182	0.397521	-1.412072	-1.171357	-0.176770	-1.292803	-1.639745	-1.734262	-0.929853	0.749923	-3.281375	-1.965967	-0.403994	-0.158114	0.812878	0.800697	0.106540	0.641685	0.145912	-1.718530	-1.362908	-1.282558	-1.019821	-2.046968	-0.589010	-0.632735	0.019009	-0.178138	0.467732	0.920882	0.606839	0.811407	-0.233941	-0.308076	0.346629	-0.157605	0.745108	0.330324	0.772886	-0.825324	0.402478	0.240943	0.484927	-0.446009	0.612206	0.959539	0.434403	-0.936043	-0.086447	-1.517717	-0.021635	0.473319	0.688902	0.528910	-1.245092	0.679243	0.012972	-1.076638	-0.226127	0.276860	-0.169062	0.224833	-1.012895	-1.117575	0.178483	0.175574	-0.228461	-0.983501	1.211026	-0.895411	-1.515807	-0.817062	-0.118302	-0.911845	0.751166	0.647464	0.055415	0.749583	-0.912918	-1.211875	-0.975061	-0.308721	0.566812	-0.928859	0.389933	-0.380164	-1.127852	-0.903579	-1.491122	1.374532	-0.461548	-0.092283
-0.953167	-1.385713	-0.889945	-0.029970	-0.978894	-1.196218	-0.845855	-0.872361	-1.078097	-0.202540	0.163852	0.392711	-0.162319	0.060105	0.829530	0.830104	0.505079	0.167803	0.453897	0.963998	-1.131696	-0.650398	0.451277	-0.261139	-0.639836	-0.575702	0.288875	1.529236	-1.819521	-0.845610	-0.054112	0.557099	0.251749	0.127601	0.280702	0.346452	0.301535	-1.500022	-0.911082	-0.381474	-0.923983	-1.635583	-0.701452	-0.233259	0.445248	0.104403	0.433603	1.541688	0.100511	0.298261	0.368255	-0.265765	0.959912	-0.731528	-0.359844	-0.158658	0.357997	-1.028192	-0.523241	-0.466876	-0.546248	-0.785860	0.967303	1.037273	-0.051448	-0.037726	-0.985347	0.276273	0.286104	-0.039612	1.006574	1.039546	-1.640940	0.836520	-0.014224	-0.522803	0.427012	0.619640	0.656554	0.787611	-0.760351	-0.453786	0.055994	-0.285867	-0.835877	-0.721422	1.915975	0.247765	-0.545309	0.004593	-0.103744	-0.267870	0.946645	0.734742	0.467169	0.932611	-1.248968	-2.311284	-1.208194	-0.249585	0.117141	-0.413653	0.090735	-0.482251	-2.178226	-0.410631	-1.551306	-0.064684	-1.369140	0.262102
-0.700032	-0.640229	-1.187285	-0.478046	-0.623536	-1.005273	-0.237113	-0.141175	-0.294017	0.159490	-0.128194	0.794493	-0.051987	-0.173839	1.257945	0.956026	1.718433	0.764618	0.952948	1.415562	0.483095	0.584829	1.193250	1.007919	0.738608	1.028633	1.042437	0.486052	0.858671	0.451427	0.510780	0.941923	0.180142	-0.063577	0.475275	0.087684	-0.055671	-0.894358	-0.375635	0.129748	0.249493	-0.177415	0.129246	1.044002	1.025550	0.727903	0.435581	1.588154	0.081997	-0.018656	0.896117	-0.300223	0.673914	-0.897698	-1.440401	-0.826340	-0.708006	-1.292352	-0.305534	-0.276688	-0.209201	0.158089	1.494190	1.257916	-0.178177	0.407815	-0.591509	1.828307	0.372985	0.020722	0.838197	1.337662	-0.709323	0.431018	0.323043	0.400364	0.972138	1.051649	1.465788	1.321022	-0.354326	-0.414778	-0.165215	-0.696874	-0.687856	-0.566879	1.650035	1.634688	0.399558	0.144529	0.432789	0.737371	1.234221	0.809683	0.901379	1.062512	-1.606427	-2.771393	-1.397084	-0.646910	0.128962	0.548977	-0.794510	-0.985834	-2.776232	-0.245071	-1.915295	-0.996725	-1.866638	0.356158
0.085807	-0.126956	-0.864916	-1.073204	0.298793	-0.417915	0.576102	0.433121	0.450972	-0.273675	-0.532840	0.464561	0.630214	0.379689	1.511883	0.786581	2.430858	1.095651	1.553609	1.466094	2.285670	1.734033	1.840331	1.753330	1.663007	1.984359	0.819266	-1.462863	2.901657	0.959681	0.783928	1.086664	0.790122	0.441376	0.472407	0.058553	-0.439441	0.001118	-0.296622	-0.176639	1.669474	1.201929	1.096710	2.023894	1.197126	1.198101	-0.024418	0.763768	0.526563	0.185445	1.123063	-0.320273	-0.222451	-0.433127	-1.590229	-1.004875	-1.591363	-1.380264	0.650874	0.310173	0.698768	1.125024	1.484237	0.980370	0.122621	0.203742	0.847663	2.011433	0.166760	0.324600	-0.037544	0.956289	0.429895	0.075587	0.619490	0.778376	0.910756	1.044794	1.298991	1.092066	0.115537	-0.918241	0.007701	-0.440766	0.368162	-0.485943	0.581961	2.299753	1.273498	-0.178827	1.176088	1.448623	0.929795	0.332664	0.803141	0.858708	-1.750217	-1.810713	-1.191882	-0.915993	0.536211	1.315003	-1.310613	-1.716628	-2.295622	-0.585885	-2.067322	-0.826755	-1.236276	0.240510
0.968348	0.156607	0.123071	-0.966226	1.575324	0.478517	1.304239	0.722965	1.012328	-0.769167	-0.413456	0.096976	1.459859	1.360119	1.560960	0.876443	2.592720	1.081617	2.149149	1.329728	3.363611	2.222972	2.443333	1.916505	1.982627	2.020193	0.062076	-2.399740	3.233825	0.659875	0.714143	1.186743	1.844408	1.482655	0.557458	0.522103	-0.092367	1.010505	-0.575172	-0.725079	2.576345	1.777714	1.740103	2.264988	1.210336	1.594950	-0.891103	-0.229238	0.855659	0.884245	1.377631	-0.205776	-0.760777	0.492404	-0.648131	-0.329804	-1.472977	-1.076052	1.473565	0.814197	0.939800	1.106400	0.764268	-0.003812	0.717850	0.113573	1.919107	1.125952	0.135769	0.616922	-0.906666	0.316606	0.610433	0.073901	0.781607	0.704876	0.785576	0.907865	0.524927	0.448978	0.654286	-1.234784	1.068893	0.681449	1.719579	0.067439	-0.469139	1.885108	1.896235	-0.212233	1.657209	1.711349	-0.106804	-0.687842	0.567398	0.531377	-1.540113	0.279044	-0.286210	-0.388010	0.752150	1.150469	-0.590516	-2.310226	-0.745172	-0.796079	-1.503655	0.034368	0.177133	0.088569
1.460349	0.463429	1.219298	-0.027348	2.420874	1.063588	1.654743	0.828540	1.320607	-0.628367	0.281139	0.073585	2.014112	2.123181	1.386737	1.447936	2.453958	0.624052	2.429277	1.135383	3.522574	2.053765	2.835216	1.764538	1.911220	1.485196	-0.358002	-1.542665	2.217787	0.275967	0.606066	1.129486	2.750659	2.542013	1.046291	1.350040	1.033385	1.607238	-0.699042	-0.804795	2.681548	1.676623	2.064252	2.193415	1.612123	2.142302	-1.352559	-0.393024	0.647348	1.674250	1.871493	0.129851	-0.625117	1.417934	0.631112	0.768940	-0.476569	-0.524864	1.756783	1.242784	0.221104	0.394892	-0.132512	-1.049789	1.287292	0.585659	1.576359	0.196092	0.717303	1.068985	-0.838767	0.210448	-0.071358	-0.103284	1.078314	0.976965	1.300636	1.227490	0.286091	0.380757	1.224005	-0.850999	2.494875	2.044303	2.242826	1.010242	-0.889242	0.772125	1.772135	0.179274	1.491205	1.633791	-1.155608	-1.535917	0.972187	0.639826	-0.970562	2.213264	1.041524	0.804709	0.412176	0.096179	0.944129	-2.366387	1.025061	-0.183297	-0.235983	0.740104	1.182280	0.097203
1.338601	0.881900	1.794998	1.064364	2.054724	0.856907	1.325503	0.821582	1.248781	0.092267	1.011033	0.188996	2.020034	2.142293	0.843070	1.916232	1.837862	-0.312508	1.953232	0.616962	2.763671	1.533551	2.478063	1.371078	1.499443	0.712712	-0.234528	0.020554	0.898602	0.380171	0.729631	0.711181	2.802410	2.835117	1.582553	1.722785	2.016105	1.255764	-0.291727	-0.275118	1.989192	1.353742	1.952083	2.029550	2.207241	2.430830	-0.720608	0.446352	0.059045	1.956902	2.272448	0.697030	-0.459471	1.827044	1.383260	1.473021	0.573091	0.040899	1.603589	1.638466	-0.714803	-0.131365	-0.606606	-1.285127	1.398972	1.128907	0.240166	-0.276770	1.475562	1.597259	0.223034	0.772006	-0.633723	-1.007654	1.510718	1.737911	2.100740	1.786279	0.951049	1.170196	1.650586	0.125866	2.957712	2.697251	1.350940	1.427372	-0.778919	-0.354805	0.727837	0.399901	0.666397	1.149390	-1.399109	-1.422847	1.927250	1.370766	0.005263	2.922869	2.073301	1.867178	-0.147179	-0.884665	1.941920	-1.561901	2.086773	1.106173	1.245560	0.892307	1.109922	0.250306
0.845376	1.290617	1.792281	1.702914	0.731808	0.265045	0.459362	0.808801	1.011005	0.880671	1.384101	0.148926	1.446365	1.291419	-0.115077	1.617707	0.530827	-1.210878	0.758879	-0.281309	1.117204	0.966696	1.155292	0.736047	0.803441	-0.055811	-0.157987	0.776700	0.055694	0.821132	1.088710	0.166519	1.639532	1.798604	1.378957	0.827227	1.893757	0.139177	0.608667	0.564200	0.763346	1.055382	1.143890	1.368109	2.131989	1.734928	0.533775	1.319041	-0.420757	1.358275	2.123445	1.299893	-0.744250	1.431588	1.455889	1.384862	1.101292	0.632259	1.106940	1.589709	-1.123662	-0.264801	-0.577472	-0.614763	0.972368	1.106993	-0.736315	-0.545013	1.316135	1.441250	1.281079	1.251163	-0.564744	-2.059092	1.591969	2.049901	2.017223	1.646515	1.630156	1.927824	1.729058	1.260748	1.764065	2.226827	-0.235814	0.797071	-0.584859	-0.867197	-0.636050	0.073295	-0.312759	0.224583	-0.806816	-0.346623	2.288407	2.059315	1.275931	2.507804	2.393817	2.215655	-0.200008	-0.727446	1.604349	-0.007335	2.227702	2.115711	2.223546	0.814411	0.653505	0.269161
0.537999	1.550388	1.605930	1.850929	-0.238915	0.216575	-0.171970	0.968390	1.179915	1.403989	1.538409	-0.042258	0.636980	-0.034054	-1.056599	0.738064	-0.850634	-1.173561	-0.398374	-0.920440	-0.821028	0.630646	-0.377805	0.143787	0.258716	-0.419861	-0.433420	0.453878	-0.058808	1.036512	1.447151	0.061994	-0.262592	-0.223452	0.282274	-0.996334	0.754820	-0.804266	1.600031	1.334024	-0.327842	0.867812	-0.083751	0.034633	1.022344	0.137820	1.079901	1.026023	-0.438587	0.167720	1.451802	1.559502	-0.952702	0.443386	1.342603	0.844237	1.168769	1.310159	0.297270	0.704363	-0.965823	-0.469931	-0.406206	0.102352	0.549149	0.666436	-0.490902	-0.864909	-0.141043	0.123199	1.256261	0.853025	-0.241321	-1.928072	1.025587	1.136401	0.569677	0.415561	1.278402	1.603121	1.376949	2.132862	-0.233070	1.038157	-1.100729	-0.160512	-0.440764	-0.430071	-1.389317	-0.333482	-0.733616	-0.710323	-0.090214	0.741909	1.178170	1.726132	2.237904	1.855379	2.226463	1.944884	0.603123	0.657485	0.502138	1.503061	1.882306	2.061100	2.146753	1.000844	0.979817	-0.032987
0.771462	1.583437	1.405686	1.633623	0.103793	0.988487	0.099128	1.319755	1.855504	1.609179	1.693640	-0.229009	0.203606	-1.057413	-1.292091	0.055901	-1.192776	-0.039424	-0.748598	-0.648817	-1.938630	0.715774	-0.944355	-0.018030	0.330112	-0.055878	-0.494283	-0.029734	0.382328	0.771595	1.494092	0.532326	-1.682187	-1.954575	-0.809420	-2.265264	-0.351923	-0.851855	2.129217	1.662873	-0.569646	0.892142	-0.813816	-1.240210	-0.388208	-1.250399	0.289497	-0.548844	-0.009489	-0.739187	0.728924	1.244729	-0.306500	-0.422397	1.449259	0.489643	1.025420	1.817226	-0.463631	-0.541762	-0.590540	-0.849617	-0.397312	0.024197	0.689072	0.439416	0.617030	-1.047236	-1.767959	-1.452138	0.091588	-0.356161	-0.102393	-0.297250	0.252396	-0.406412	-1.275858	-1.063268	-0.080779	0.205906	0.685109	2.380613	-1.458740	-0.130056	-0.637451	-0.399103	-0.122681	0.624139	-1.125553	-0.115576	-0.335642	-1.036587	0.138450	0.822441	-0.792588	0.238094	2.165903	1.518086	1.933960	1.438131	1.790315	2.105619	-0.179615	1.991662	1.521903	1.173453	1.125543	1.435835	2.138679	-0.418913
1.284756	1.322677	0.921885	0.964045	1.177953	1.749676	0.942290	1.563599	2.201601	1.417553	1.669943	-0.341910	0.450713	-1.158755	-0.684707	-0.133264	-0.311345	1.055522	-0.367602	0.186572	-1.740612	1.058377	-0.294150	0.194124	0.799474	0.721844	0.128503	0.099950	0.847072	0.304653	1.075433	0.985435	-1.658446	-2.238035	-0.896348	-1.870496	-0.581531	-0.299241	1.842646	1.295163	0.010855	1.047950	-0.474662	-1.506235	-1.087854	-1.481962	-0.889435	-2.142382	0.495094	-0.699882	0.289524	0.532199	0.921397	-0.493703	1.596777	0.556491	0.681419	1.692756	-0.616193	-1.079286	-0.170693	-0.840200	-0.475237	-0.647369	1.137393	0.521753	1.509088	-0.863765	-2.053460	-1.724984	-1.161873	-1.460286	-0.050932	1.419017	-0.069915	-1.221505	-2.100704	-1.611448	-1.394270	-1.178506	-0.093140	1.794291	-1.261108	-0.833776	0.286854	0.012611	0.357611	1.240975	-0.331403	0.614899	0.326245	-0.711321	-0.011838	-0.073550	-2.040102	-1.322720	1.122406	1.280228	1.509107	0.853144	2.407161	2.190163	0.019834	1.266750	1.311541	0.398202	0.006497	1.597985	2.871993	-0.472416
1.429703	0.750507	0.034600	-0.102893	1.542053	1.500278	1.284294	1.311817	1.427680	0.710480	1.160236	-0.342781	0.897169	-0.455538	0.048494	-0.276145	0.570179	0.880246	-0.033206	0.529725	-0.999897	1.130805	0.503758	0.254459	0.900059	1.061090	0.799978	0.651284	0.757210	-0.000875	0.386750	0.831275	-0.545406	-1.174413	-0.026124	-0.332836	-0.095762	-0.003178	0.930252	0.403161	0.534964	0.894230	0.374922	-0.744939	-0.874136	-0.795465	-1.051885	-2.328777	0.591859	-0.018213	0.027486	-0.157924	1.530057	0.128161	1.284263	0.627472	0.079669	0.820151	-0.160342	-0.590527	0.263157	-0.159524	-0.324400	-0.886618	1.080100	0.344003	1.412250	-0.483600	-0.905487	-0.451952	-1.371852	-1.565062	0.141659	1.666105	0.092569	-0.852511	-1.499041	-1.041953	-1.652130	-1.499159	-0.598119	0.628848	-0.443527	-1.070371	0.412717	0.073579	0.497303	0.582385	0.103920	0.944705	0.415572	-0.329821	0.039607	-0.822632	-1.728487	-1.746190	0.088718	0.792678	0.830505	0.218741	1.884314	0.730996	0.517806	0.170264	1.164668	0.309580	-0.334307	1.142015	2.194659	-0.136110
0.864720	0.007514	-0.753419	-0.972646	0.716696	0.263402	0.592961	0.489051	0.054020	-0.284568	0.321083	-0.151958	0.734870	0.308952	0.181482	-0.618935	0.269020	-0.244515	-0.184604	0.015684	-0.697699	0.584435	0.357790	-0.144856	0.338895	0.486407	0.536124	0.916877	0.097719	-0.118395	-0.116599	0.236330	0.302912	0.054465	0.783910	0.799611	0.347574	-0.291522	0.052400	-0.401920	0.288128	0.034633	0.654998	0.080337	-0.346393	-0.149169	-0.105164	-1.040950	0.160191	0.358555	-0.260112	-0.503435	0.953090	0.621009	0.383982	0.147301	-0.544498	-0.288537	0.158693	-0.026874	0.472133	0.490889	0.180970	-0.155583	0.353976	-0.277301	0.507911	-0.203841	0.289855	0.806057	-0.449725	-0.661542	0.339640	0.660333	0.259340	-0.155084	-0.315299	-0.235301	-0.803558	-0.729007	-0.575321	-0.373896	-0.120052	-0.958312	-0.329721	-0.556154	-0.004755	-0.783982	-0.185865	0.390985	-0.137635	-0.246093	0.566300	-0.486231	-0.606856	-1.014607	-0.159831	0.226104	0.166278	-0.255962	0.636697	-0.775030	0.630018	-0.369489	0.870806	0.580177	0.150478	0.391950	0.707296	0.278565
-0.097566	-0.654514	-0.832781	-1.001883	-0.252873	-0.931267	-0.429199	-0.520151	-0.528911	-0.889000	-0.291185	0.157418	-0.125069	0.570825	-0.052679	-0.585733	-0.781584	-0.713296	-0.345698	-0.506679	-0.670155	-0.252945	-0.448433	-0.606884	-0.223649	-0.492821	-0.456608	0.542237	-0.464454	-0.216522	-0.164938	-0.190220	0.095502	0.516754	0.642641	0.644213	0.276593	-0.711075	-0.270932	-0.667593	-0.346712	-1.247286	0.025300	0.101158	-0.078902	-0.055015	0.628607	0.324561	-0.279116	0.016286	-0.472580	-0.434855	0.150628	0.487880	-0.548498	-0.791817	-0.807599	-0.921842	-0.211544	-0.346658	0.113457	0.148518	0.715484	0.791262	-0.106301	-0.555076	-0.273235	-0.000954	0.517674	0.612295	0.558020	0.336211	0.245061	-0.010302	0.234407	0.030516	0.370681	-0.015938	0.275241	0.214530	-0.171437	-0.631298	-0.424797	-0.523360	-0.791172	-0.981147	-0.532903	-1.249888	-0.668093	-0.355131	-0.410765	-0.096953	1.122637	0.510921	-0.002543	-0.219980	-0.012412	0.007820	-0.025345	-0.428580	-0.249983	-0.584643	0.419696	-0.346351	0.273410	0.579052	0.665550	-0.002372	-0.146827	0.618767
-0.849941	-1.033214	-0.394266	-0.403896	-0.262465	-1.164783	-0.680081	-1.103209	0.134138	-0.567863	-0.425345	0.275931	-0.855253	0.433466	0.266043	0.429238	-1.037466	0.278851	0.184384	-0.167001	-0.040632	-0.666280	-0.656017	-0.460711	-0.027347	-0.908510	-0.851848	-0.213155	-0.369454	-0.275065	-0.018141	-0.293562	-0.546126	0.340132	-0.427460	-0.285323	-0.250032	-0.800650	-0.197397	-0.619828	-0.340684	-2.022113	-0.807114	-0.603955	-0.161137	-0.268083	0.113880	0.407384	-0.025871	-0.384936	-0.402320	-0.132593	0.501858	0.287938	-0.800256	-1.351406	-0.713120	-0.886558	-0.806477	-1.140454	-0.720579	-1.170532	0.773831	0.707584	0.577835	0.242517	-0.199484	0.300280	0.366477	-0.493044	0.558509	0.472100	-0.192601	0.417123	0.280908	-0.053412	0.238718	-0.314385	0.640376	0.432254	0.088420	-0.375500	-0.688240	0.076515	-0.261764	-0.468233	-0.132207	-0.145353	-0.602873	-0.358629	0.324377	0.407627	1.015130	0.805317	-0.303247	-0.245968	-0.387517	0.105714	0.219098	-0.641886	-0.025812	1.345696	0.379608	-0.430474	-0.452747	0.189900	0.444392	0.203459	0.108885	1.044713
-1.026506	-1.023260	-0.325522	-0.146423	0.381529	-0.475951	0.033934	-0.845654	0.917028	0.418720	-0.448133	0.073310	-0.760180	0.276398	1.474122	1.918708	0.153373	1.593439	1.300989	0.731058	1.188491	-0.382380	0.289740	0.436253	0.746931	-0.360072	0.063426	-0.840078	0.076743	-0.082779	-0.155133	-0.530381	-0.581806	0.134380	-1.665419	-0.935189	-0.998552	-0.646609	-0.301417	-0.768029	0.640766	-1.570799	-0.995259	-1.233485	-0.408834	-0.407059	-1.056372	-0.647893	0.877114	-0.018708	-0.169407	0.081649	2.016162	0.832083	-0.332838	-0.847487	-0.705922	-0.607717	-0.711602	-1.134910	-1.315070	-2.325201	0.289339	-0.587739	1.908459	1.487841	0.467043	0.575455	0.938502	-0.775816	-0.373702	-0.245866	-0.749842	0.947094	0.477713	0.243496	-0.183016	-0.478041	0.180444	-0.098188	-0.164279	-0.335512	-0.583782	0.375750	0.484033	0.357006	1.146780	1.237183	0.055617	0.281924	1.466305	0.725373	0.203165	-0.216951	-0.718004	-0.865507	-1.300514	-0.016783	0.301257	-1.294556	1.001735	3.152340	0.595229	-0.853885	-0.819473	-0.196576	-0.474472	0.653453	0.545499	1.505487
-0.688886	-0.634988	-1.005290	-0.690686	0.486389	0.365938	0.822944	0.108723	0.631127	1.210767	-0.779142	-0.049303	-0.124391	0.231291	2.636688	2.478245	1.698692	1.581029	2.105974	1.220213	1.851806	0.052126	1.514914	1.505175	1.180813	0.626417	1.401114	-1.008977	0.063215	0.333532	-0.597618	-1.205923	0.062785	0.110844	-2.231311	-0.833703	-1.724560	-0.517193	-0.753155	-1.034329	1.700781	-0.177430	-0.457014	-1.105051	-0.608519	-0.380150	-1.297733	-1.367671	1.413630	0.881404	-0.105626	0.035613	3.111570	1.764290	0.106919	0.309889	-0.968787	-0.447781	0.172313	0.048108	-0.920959	-2.143358	-0.135521	-1.762181	2.330474	1.662152	0.781207	0.502075	2.019318	0.299523	-0.992834	-0.811147	-1.088993	0.410641	0.420856	0.752627	-0.184480	-0.114286	-0.315683	-0.600701	-0.663657	-0.730473	-0.472546	0.026096	0.360808	0.457536	2.078995	1.255554	0.729773	0.723758	1.746803	0.247113	-0.451915	-1.470306	-0.372503	-1.155193	-1.710842	-0.669294	-0.185570	-1.960432	1.752762	2.961090	0.673585	-1.043663	-0.600221	-0.316946	-1.347608	0.843861	0.205246	1.460233
-0.243979	-0.138573	-1.650756	-1.295756	-0.349709	0.669433	0.750464	1.016536	-0.464838	1.212997	-1.279564	0.349203	0.240104	0.217616	2.410084	1.301095	2.081815	0.193023	1.849333	0.971510	1.111424	-0.159209	1.734170	1.926127	0.712331	1.141132	1.727867	-0.767271	-0.654873	0.468823	-0.859107	-1.940565	0.565915	0.086777	-1.731087	-0.240169	-2.018530	-0.348532	-1.040123	-0.756732	1.641725	1.024464	0.174844	-0.252673	-0.537251	-0.221063	0.089473	-0.625275	0.676411	1.153637	-0.292608	-0.106289	2.318982	1.675835	-0.167847	0.888947	-0.994569	-0.236940	0.886509	1.261703	0.394871	-0.550562	0.118291	-1.341616	0.929285	0.238295	0.187207	0.055334	2.162321	1.336383	-0.302960	-0.374501	-0.890462	-0.802778	-0.191790	0.651973	0.380424	0.523998	-0.084958	-0.423807	-0.816884	-0.980153	-0.615497	-0.669585	-0.364907	-0.024551	1.685672	0.055776	0.964447	0.630246	0.880664	-0.524984	-0.120559	-1.318927	0.667430	-0.566483	-0.977922	-1.486401	-0.963797	-1.661800	1.350107	0.758073	0.393906	-0.514434	-0.289492	-0.344800	-1.471031	0.521245	-0.751642	0.522930
-0.210657	-0.012182	-1.314295	-1.033450	-1.281398	0.351724	-0.248778	0.987665	-1.273936	0.579375	-1.489147	0.948010	-0.100459	0.113910	0.589958	-0.848163	0.986238	-1.047412	0.547637	0.419723	-0.445094	-1.139692	0.552844	1.198682	-0.354099	0.653809	0.697224	-0.440284	-1.382684	-0.180522	-0.720872	-2.091927	0.327918	-0.028676	-0.442347	0.415900	-1.457971	0.094210	-0.694779	0.243899	0.227632	1.044650	0.249671	0.613673	-0.127772	0.026585	1.939984	0.997873	-0.869981	0.128769	-0.596698	-0.147415	-0.019997	-0.031104	-0.972814	0.189224	-0.292022	0.260301	0.510705	1.161098	1.582192	1.309801	0.793090	0.530601	-1.461474	-1.528153	-0.967369	-0.434116	0.661956	0.889363	1.106436	0.663333	-0.095864	-1.323750	-1.022129	-0.257212	0.900741	0.832643	0.643632	0.182034	-0.488433	-0.590327	-0.711691	-1.029460	-0.528088	-0.094724	0.346809	-0.787779	0.701425	0.351578	-0.192826	-0.527293	0.850418	0.369895	1.459936	0.456926	0.144835	-1.866582	-1.502174	-0.329029	-0.164497	-1.775044	-0.059896	0.346425	-0.582968	-0.549737	-0.763780	-0.322930	-1.555439	-0.796114
-0.754205	-0.436791	-0.239440	-0.132116	-1.446243	-0.136863	-1.479180	-0.237869	-1.430896	-0.137667	-1.310695	0.884272	-1.005205	-0.299678	-1.503528	-2.376713	-0.689300	-1.038156	-1.186654	-0.145373	-1.551721	-2.101102	-1.301297	-0.469359	-1.352689	-0.613084	-0.689028	-0.260317	-1.303509	-1.336175	-0.670104	-1.490507	-0.473493	-0.165837	0.817065	0.901331	-0.179173	0.758861	-0.021868	1.108477	-1.618837	-0.083898	-0.370822	0.727744	0.268865	0.152488	2.397326	1.813415	-1.736778	-1.462342	-1.050035	-0.257705	-2.041634	-1.999778	-1.482497	-1.122467	0.701015	0.722148	-0.792325	-0.237674	1.532955	2.075592	0.922124	2.101940	-3.013878	-2.056132	-1.927714	-0.711802	-1.289845	-0.685276	1.619395	1.081509	0.906624	-0.665754	-1.442396	-1.155416	0.603170	0.420827	0.856942	0.361654	-0.147021	0.082654	-0.498846	-0.820724	0.093835	0.440754	-0.800249	-0.486028	0.063637	0.077428	-0.692047	0.244355	1.209632	1.909141	1.118493	0.879058	0.476440	-1.594517	-1.615744	0.715940	-1.928968	-3.012388	-0.551639	0.777674	-1.343763	-0.871086	0.274180	-1.499735	-1.891479	-1.475296
-1.368659	-0.951980	0.407400	0.337665	-0.977606	-0.298319	-2.199938	-1.853428	-1.407518	-0.552018	-1.086688	-0.050955	-2.013214	-1.120133	-2.389760	-2.435224	-1.923123	-0.284240	-2.512785	-0.800350	-1.669897	-2.130586	-2.635226	-2.065240	-1.861278	-1.837263	-1.230764	-0.118132	-0.459795	-1.975434	-1.167176	-0.570655	-1.244463	-0.299919	1.255125	1.122020	0.954582	1.282067	0.277145	0.938840	-2.708209	-1.360844	-1.272314	0.022433	0.136608	-0.100125	1.055267	1.021338	-1.205134	-2.259403	-1.689383	-0.706001	-2.340006	-2.340535	-1.202744	-1.773036	0.996651	0.600079	-1.956783	-1.643126	0.289826	1.426339	0.115942	1.971903	-2.704728	-1.254359	-2.208701	-0.802256	-1.919876	-1.837040	0.623883	0.393308	1.524982	0.313857	-1.248384	-1.286948	-0.537874	-0.498060	0.046728	-0.247399	-0.139321	0.323043	-0.276553	-0.458429	0.513614	0.710311	-1.146668	0.148699	-0.621843	-0.305943	-0.769658	0.691089	0.424403	1.818386	-0.272880	0.186401	-0.038081	-0.874191	-1.401116	0.331247	-2.920875	-2.662033	-1.159600	0.632478	-1.567561	-0.964602	1.019041	-2.508955	-1.916308	-1.159438
-1.340117	-0.953019	0.121382	-0.013865	-0.514584	-0.046120	-2.093591	-2.528165	-1.356363	-0.578109	-0.993857	-0.926396	-2.448428	-1.808690	-1.893001	-1.517230	-2.197242	0.108524	-2.673930	-1.315894	-1.239989	-1.184646	-2.622626	-2.396888	-1.759216	-2.162971	-0.688863	0.145425	0.291748	-1.457676	-1.750076	0.087724	-1.462901	-0.391452	0.772299	1.017741	1.114221	1.327164	0.065913	0.042202	-2.503258	-1.736125	-1.782862	-0.748480	-0.481765	-0.579520	-0.541717	-0.345926	-0.199231	-1.750376	-2.055085	-1.208515	-1.309237	-0.966276	-0.472624	-1.301797	0.368951	-0.013088	-2.081365	-1.940328	-0.902133	0.303905	-0.769064	0.639518	-1.227551	-0.354516	-1.779654	-0.759337	-0.982268	-1.755597	-0.638908	-0.525151	1.431270	0.675990	-0.772004	-0.870781	-1.560972	-1.198556	-1.009521	-0.975113	-0.210485	0.058966	-0.386085	-0.322629	0.178615	0.252771	-0.896126	0.185029	-0.791092	-0.566668	-0.744896	0.302193	-0.537985	0.573274	-1.571243	-0.910457	-0.428142	-0.065205	-0.910871	-0.867210	-2.609727	-1.499810	-1.681712	0.387854	-0.703101	-0.623851	1.125470	-2.655216	-1.595452	-0.516102
-0.620419	-0.440399	-0.319748	-0.398483	-0.258416	0.284851	-1.274853	-1.629769	-0.871723	-0.278747	-0.750339	-0.768858	-1.734636	-1.455368	-0.929784	-0.606904	-1.442932	-0.069036	-1.532411	-1.099542	-0.792553	-0.142291	-1.404237	-1.259196	-1.091982	-1.351891	0.112317	0.316240	0.274323	-0.388122	-1.457835	0.189143	-0.937067	-0.278943	0.047087	0.617711	0.413859	0.827736	-0.105000	-0.420370	-1.335738	-1.005494	-1.418491	-0.800652	-0.825980	-0.726354	-0.785105	-0.757614	0.054034	-0.678716	-1.474926	-1.026471	-0.316462	0.307533	0.045567	-0.384773	-0.272103	-0.354425	-1.200550	-1.185619	-0.936459	-0.208289	-0.704981	-0.292614	-0.090295	-0.174314	-0.929235	-0.490602	0.083507	-0.944167	-0.710406	-0.618692	0.750488	0.393680	-0.413938	-0.563485	-1.427169	-1.068599	-1.106056	-0.912945	-0.009743	-0.105173	-0.535305	-0.262145	-0.204398	-0.213411	-0.405988	-0.116444	-0.203368	-0.220896	-0.444335	-0.121711	-0.532166	-0.233127	-1.546631	-1.155231	-0.178595	0.388949	-0.265802	-1.225909	-1.283067	-0.417039	-1.474386	0.315432	0.390657	-0.067241	0.655127	-1.642229	-0.771040	-0.244407
0.084377	0.082184	-0.074153	-0.032594	-0.012295	0.379210	-0.140494	0.117597	0.011484	0.163974	-0.117234	0.167584	-0.127905	-0.000722	-0.198507	-0.136358	-0.071271	-0.181579	0.035530	-0.127849	-0.338863	0.181491	-0.036002	0.192053	-0.122980	0.027092	0.195659	0.059599	-0.250288	0.077699	-0.161426	-0.177924	0.027961	0.065565	-0.171205	0.094922	-0.223169	0.044763	0.136630	0.063058	-0.035799	0.162604	-0.289019	-0.172789	-0.327107	-0.300518	0.114283	-0.032550	-0.311967	-0.042137	-0.052210	0.060158	0.026100	0.131902	0.134466	0.177728	-0.044377	0.024043	-0.092199	-0.173775	-0.002873	0.013596	0.100572	-0.111048	-0.007505	-0.254517	-0.078296	0.031304	0.058608	-0.158248	0.156980	-0.010068	-0.054630	0.016490	-0.323902	-0.467301	-0.219019	-0.271325	-0.119636	-0.085046	0.265415	0.176565	-0.177898	0.049977	0.093314	0.077047	0.156046	0.021986	0.558500	0.563810	0.199093	0.180829	0.168618	0.011651	-0.160692	-0.216481	0.183791	0.145952	0.151893	-0.163339	0.082436	0.052812	-0.243613	0.186335	0.399277	0.237406	-0.022837	-0.088910	0.147289	-0.191138
0.165868	0.325690	0.547527	0.781556	0.165799	0.280256	0.784086	1.343215	0.499368	0.429418	0.587759	0.722408	1.153063	1.275444	0.289073	0.055428	1.011334	0.107575	0.731302	0.678123	0.255473	-0.119461	0.416259	0.627731	0.671903	1.108172	-0.533429	-0.397021	-0.466862	-0.309132	1.065825	-0.654661	0.744185	0.293183	0.142033	-0.346917	-0.165008	-0.547065	0.471188	0.793018	0.640496	0.988241	0.864151	0.371631	0.510615	0.139687	0.597513	0.618764	-0.207028	-0.039016	1.125906	1.239908	0.170909	-0.742862	0.093174	0.349836	0.797625	0.621111	0.501684	0.514686	0.796354	0.329240	0.456018	0.366284	-0.442191	0.136336	0.465094	0.530146	-0.680713	0.331574	0.430972	0.267199	-0.399235	-0.093583	-0.473664	-0.242432	0.816929	0.326458	0.767549	0.523535	0.149835	0.513793	0.605362	0.567202	0.602299	0.717535	0.526960	0.564795	0.683408	0.896682	0.549529	0.718923	0.309503	0.453535	1.216763	0.822271	0.092935	-0.554656	0.056616	1.128650	0.503013	-0.216818	1.239982	-0.156005	-0.675214	0.039786	-0.489126	0.828830	0.321499	0.153568
-0.315634	0.372650	0.606581	1.108980	-0.051555	0.188494	1.067349	1.346993	0.096680	0.267714	0.778472	0.293091	1.085249	1.088766	0.521148	0.092655	1.043337	0.443565	0.102462	0.476600	0.686966	-0.345749	-0.145879	-0.035030	0.879025	1.432442	-1.183603	-0.346371	-0.083789	-0.669679	1.129858	-0.822627	0.712528	0.013885	0.327688	-0.642195	0.236693	-0.626425	0.438636	0.893719	0.476870	1.215657	1.191712	0.217947	0.578776	-0.146305	-0.258125	0.150798	0.625729	-0.175051	1.091511	1.458817	0.418356	-0.778066	0.176676	0.543822	1.266145	0.610065	0.413357	0.747362	0.703416	0.274111	-0.275289	0.034765	-0.637079	0.767866	0.656478	0.599092	-1.042233	0.391854	-0.615699	-0.376681	0.041124	0.046490	-0.787318	0.012342	0.593548	0.039445	0.452747	0.133130	-0.317848	0.410779	1.106551	0.882811	0.324561	0.651804	0.301199	0.718273	0.203741	0.311897	-0.032294	0.534726	-0.566859	0.168686	1.146167	0.675238	-0.229933	-0.911448	-0.304811	1.160822	-0.142980	-0.836576	1.681911	-0.438379	-1.411022	-0.444994	-0.578711	0.472721	-0.391853	0.652824
-0.961840	0.229038	-0.116947	0.526237	-0.638897	0.084200	0.624214	0.576666	-0.667420	-0.234245	0.316787	-0.526405	0.010200	-0.299330	0.154885	-0.167496	0.187879	0.456389	-1.051174	-0.468163	0.379685	-0.148244	-0.935333	-0.799143	0.409687	1.141402	-0.899843	0.370843	0.274065	-0.330954	0.103539	-0.489527	0.095382	-0.664063	-0.089464	-0.865970	0.227026	-0.369545	0.118436	0.380476	-0.156036	1.035740	0.468640	-0.521590	-0.478743	-1.095049	-1.798981	-1.207636	1.115007	-0.136254	0.007745	0.526984	0.280598	0.076773	0.252072	0.777374	0.879030	-0.121282	-0.043632	0.504429	-0.119492	-0.085556	-1.451605	-1.136388	-0.597130	0.709423	0.560175	0.169017	-0.898827	-0.191592	-2.046885	-1.480217	0.888513	0.306023	-1.184722	-0.317151	-0.654940	-0.906154	-0.840383	-0.957115	-0.554456	-0.022235	0.815604	0.606315	-0.838630	-0.422158	-0.543023	0.085301	-0.072468	-0.534295	-1.203870	-0.355591	-1.558631	-0.737013	-0.338639	-0.660733	-0.304810	-0.493245	-0.467884	-0.200413	-0.996322	-1.062729	0.560810	-0.372843	-0.817941	-0.802859	-0.486457	-0.619115	-1.055259	0.655286
-1.466398	-0.192663	-0.920555	-0.538912	-1.044369	-0.167345	-0.184090	-0.070673	-1.006762	-0.699552	-0.287852	-0.804756	-0.838649	-1.468626	-0.813036	-0.750600	-0.704750	0.205317	-1.707182	-1.222212	-0.771564	0.150453	-1.286658	-1.000112	-0.476143	0.633805	0.129094	0.881549	-0.059586	0.207205	-1.026481	0.097577	-0.554517	-1.236831	-0.786762	-1.083773	-0.326301	-0.265230	-0.058244	-0.085744	-0.726829	0.698806	-0.690107	-1.284958	-1.798960	-1.876657	-2.722855	-2.360069	0.366096	-0.141891	-1.167306	-0.801828	-0.563734	0.445431	0.111240	0.634961	0.103215	-0.857219	-0.509176	-0.151387	-1.051685	-0.536606	-2.068985	-2.176621	-0.761732	-0.375803	0.157234	-0.312264	-1.093716	-1.224107	-2.570634	-2.216205	1.162833	0.605140	-1.639499	-1.390608	-1.759275	-1.692128	-1.945752	-1.824366	-0.216731	-0.280290	-0.147329	-0.353757	-1.969537	-1.744048	-1.345660	-0.835635	0.237452	-0.677247	-1.983289	-1.070421	-1.719609	-1.537807	-1.800539	-1.948232	-0.145434	0.105565	-0.418596	-1.768365	-1.186363	-0.543616	-1.293819	-0.055372	0.357806	-0.867487	-0.515184	-1.368433	-0.826672	0.086501
-1.563215	-0.608043	-1.166431	-1.323459	-0.795348	-0.385846	-0.736267	-0.117767	-0.875671	-0.741358	-0.411176	-0.311547	-0.862374	-1.589005	-1.613020	-1.295874	-1.085675	-0.139955	-1.674021	-1.321852	-2.051151	0.149841	-1.244475	-0.945338	-1.261533	0.223150	0.903322	0.316516	-0.807529	0.059957	-1.516529	0.395159	-0.934316	-1.432855	-1.087638	-1.251544	-0.829664	-0.512160	0.059117	-0.116909	-0.978930	0.394942	-1.422080	-1.692746	-2.313453	-1.921654	-2.434278	-2.478410	-1.008671	-0.413092	-1.707651	-1.625893	-1.363118	-0.308939	-0.075418	0.065913	-0.317009	-0.895848	-0.842777	-0.847601	-1.642928	-0.998891	-1.934037	-2.274196	-1.085566	-1.625587	-0.496415	-0.340408	-1.851207	-1.945589	-2.030615	-2.252286	0.187301	0.863739	-2.138269	-2.360561	-1.950095	-1.835660	-2.106659	-1.979812	0.326088	-0.112561	-1.315151	-1.601479	-2.238043	-2.426213	-1.292693	-1.290023	0.582197	0.000470	-1.913896	-1.134871	-1.281075	-1.822109	-2.002747	-2.117487	-0.011532	0.022854	-0.546994	-2.359494	-0.791674	0.182479	-2.419107	0.269934	0.647804	-0.773690	-0.673405	-1.326169	-0.079974	-0.246567
-1.038267	-0.484281	-0.909289	-1.286568	-0.045597	-0.148532	-0.590254	0.321392	-0.726766	-0.173433	0.050172	0.448412	-0.581800	-1.116960	-1.454621	-1.351231	-1.034728	-0.519815	-1.343386	-0.969761	-2.460616	-0.104920	-1.102037	-1.057254	-1.372091	0.068639	0.763658	-0.941743	-1.093869	-0.672270	-1.432066	0.090719	-1.103126	-1.400227	-0.847725	-1.238480	-0.825791	-0.749966	0.216981	0.125964	-0.926387	0.287621	-1.409354	-1.752207	-1.843270	-1.472056	-1.335215	-1.608767	-1.576748	-0.683498	-1.512029	-1.522799	-1.086243	-1.132363	0.087553	-0.295834	-0.131638	-0.245264	-1.018979	-1.095648	-1.736511	-1.338177	-1.581633	-1.541886	-1.024330	-1.817736	-1.046233	0.020975	-2.102302	-1.750982	-1.198331	-1.777182	-1.518228	0.985635	-2.469348	-2.164636	-1.446510	-1.507959	-1.540649	-1.655016	0.469299	0.326454	-2.159775	-2.273952	-1.595397	-2.183682	-0.250152	-1.001734	0.438295	0.769897	-1.338468	-0.865203	-1.117757	-1.676427	-1.082598	-1.256793	0.159738	-0.648159	-0.949342	-1.758825	-0.574882	0.258056	-2.001748	0.545280	-0.227421	-0.633461	-0.582303	-0.955939	0.138880	0.246702
-0.116345	0.149037	-0.551596	-0.464256	0.595459	0.524352	0.106503	0.854322	-0.680411	0.819695	0.572703	0.855475	-0.606161	-0.807280	-0.490269	-0.825641	-0.693676	-0.714039	-0.848551	-0.374178	-1.626454	-0.341262	-0.806256	-1.030871	-0.623853	0.171608	0.038505	-1.643426	-0.699328	-0.943273	-1.211038	-0.496243	-1.078362	-1.252160	-0.579206	-0.919963	-0.579757	-0.511249	0.138858	0.342465	-0.606144	0.374656	-1.019776	-1.549738	-0.975099	-0.989846	-0.122011	-0.377050	-0.817294	-0.486977	-0.828242	-0.688749	0.119375	-0.871761	0.564396	0.036253	0.274849	0.484577	-0.915235	-0.781429	-1.278024	-1.204703	-1.292138	-0.629558	-0.420864	-0.729398	-1.101464	0.206320	-0.901588	-0.797643	-0.524260	-0.989654	-2.504072	0.931772	-2.216155	-0.715154	-0.833540	-0.985494	-0.786610	-1.184659	0.073732	0.733625	-2.189614	-1.681786	-0.514595	-1.266229	0.994895	-0.284248	0.149503	0.924005	-0.665978	-0.584952	-1.344943	-1.213533	-0.056074	-0.205672	0.538419	-0.955884	-1.197046	-0.575188	-0.899295	-0.507427	-0.591964	0.766812	-1.079507	-0.419826	0.069649	-0.818613	-0.521981	0.972172
0.506564	0.498375	-0.351285	0.394265	0.645718	0.880422	0.675573	1.021317	-0.518239	1.545438	0.512541	0.618622	-0.786597	-0.766193	0.365539	-0.049411	-0.014691	-0.351389	-0.054982	0.418363	-0.178334	-0.479439	-0.164444	-0.342076	0.393359	0.295746	-0.451760	-1.235452	-0.395333	-0.159974	-1.066001	-0.697342	-0.740253	-0.841922	-0.710123	-0.315482	-0.624733	0.139313	-0.240755	0.335607	-0.061333	0.366024	-0.747989	-1.038052	-0.218691	-0.486032	0.838054	0.632095	0.349107	0.228040	-0.095561	0.141733	0.996419	0.099030	0.701807	0.550428	0.272493	0.658858	-0.397145	-0.235129	-0.312434	-0.351820	-0.733726	0.092917	0.130572	0.521385	-0.732137	-0.076242	1.066503	0.277054	0.247773	0.060969	-1.797431	0.684257	-1.200462	0.966054	-0.340538	-0.228509	-0.041096	-0.566075	-0.517497	0.763056	-1.279613	-0.195999	0.441196	-0.226687	1.376323	0.277784	0.282044	0.316401	0.030653	-0.268279	-1.106485	-0.361984	0.399176	0.405072	0.858491	-0.398412	-0.938168	0.412783	-1.289199	-1.421806	0.403736	0.768763	-0.833424	-0.210058	0.944253	-0.852498	-1.365943	0.790951
0.410628	-0.030884	-0.361760	0.360905	0.117311	0.214973	0.531039	0.415466	-0.284532	1.156292	-0.235455	-0.100592	-0.669960	-0.679475	0.435044	0.526822	0.744191	0.487758	0.784300	1.053683	0.787889	-0.581917	0.596450	0.712981	0.647284	0.027214	-0.292238	-0.428241	-0.786390	0.994191	-0.916932	-0.227657	-0.185257	-0.126566	-1.012157	0.355401	-0.937731	0.616636	-0.825204	-0.068219	0.466300	-0.086932	-0.697608	-0.238907	0.344356	0.239606	1.510026	1.201615	0.708248	0.973843	0.116640	0.132836	0.740471	0.560022	0.005219	0.253027	-0.415035	0.120549	0.346730	0.164083	0.813252	0.897436	0.341566	0.741042	0.057274	0.648719	-0.380701	-0.397993	2.145549	0.953778	1.286943	1.166055	0.017251	0.141167	0.140702	1.754583	0.110923	0.764891	0.674610	0.247135	-0.957042	0.112541	-0.000513	0.878852	0.876875	0.305300	0.562838	0.307386	0.640467	-0.659205	0.710180	-0.023583	0.156878	0.809557	0.373226	0.528563	0.650061	0.406695	-0.402905	0.709841	-1.115534	-1.593143	0.055011	0.434842	0.163472	-0.206235	1.180889	-0.631790	-1.521247	-0.484073
0.061458	-0.968366	-0.505738	-0.589580	-0.564665	-1.142338	-0.228742	-0.982517	-0.305878	-0.428869	-1.096525	-0.762978	-0.294041	-0.400332	-0.218374	0.616757	0.865322	1.009546	1.007465	0.901586	0.693713	-0.603726	0.897744	1.096761	-0.336024	-0.857216	0.206423	-0.072812	-1.319334	1.389174	-0.664028	0.519265	0.213422	0.620049	-0.877971	0.871804	-0.879684	0.551695	-1.388526	-0.901839	0.576736	-0.989011	-0.630453	0.581587	0.770372	1.021073	1.958967	1.456110	-0.013976	1.181805	-0.418929	-0.814330	-0.140953	0.213169	-1.065529	-0.952741	-1.307957	-0.649994	0.789916	0.286139	1.518351	1.770159	1.522541	1.487164	-0.401674	-0.384179	-0.190324	-0.184618	1.694083	1.036901	2.161870	1.883155	1.350238	-0.754895	1.068350	1.385708	0.498843	1.514110	1.134716	0.985249	-1.108840	-1.090055	0.766397	0.691476	0.875772	0.174917	-0.627717	0.014662	0.607140	-1.246101	1.185081	-0.139652	1.779631	1.871118	0.253521	0.457383	0.004623	0.546676	-0.086569	0.316813	-0.401603	-0.749600	-1.227215	0.015756	0.682335	-0.343044	0.368341	-0.077957	-0.831330	-1.724660
0.248765	-1.302832	-0.594278	-1.331297	-0.961513	-2.015902	-0.970242	-2.530740	-0.657454	-2.124849	-1.434232	-0.865616	-0.139027	-0.023234	-1.089205	0.195580	-0.023575	0.442953	0.339210	-0.192627	-0.039085	-0.480615	0.447543	0.232199	-1.870632	-2.032471	0.454408	-0.065833	-1.006923	0.757824	-0.340353	0.964799	0.224351	1.128485	-0.049130	1.258154	-0.048585	0.304657	-1.644938	-1.802836	0.091004	-1.903034	-0.365559	1.146791	1.010815	1.410567	2.229049	1.669411	-1.098071	0.722192	-1.176133	-1.757470	-0.704714	-0.092145	-1.504128	-1.913559	-1.525840	-0.901469	0.608814	0.221679	1.472045	1.784538	2.147359	2.194382	-0.550724	-1.413960	0.182353	0.425593	0.712438	0.616080	2.373745	1.969269	1.269547	-1.708211	1.247163	0.445508	0.645132	1.408500	1.089043	1.282611	-0.933775	-2.093382	0.675704	-0.179046	0.959047	-0.013280	-1.026984	-0.052185	0.145824	-0.823057	1.298250	-0.482050	2.560410	2.359176	0.230501	0.476141	-0.384049	-0.087908	-0.147976	-0.252186	0.239885	0.494671	-2.199058	-0.054749	0.153512	-0.244971	-0.806152	0.371797	0.071990	-1.761730
0.895787	-0.809384	-0.513749	-0.926363	-1.030459	-1.694279	-1.275032	-3.319294	-1.084683	-2.702199	-1.277032	-0.502414	-0.507447	0.274638	-1.622133	-0.517835	-1.263191	-1.014171	-0.678945	-1.549888	-0.513679	-0.344153	-0.437174	-1.270227	-2.753966	-2.793474	0.227751	0.225687	0.053418	-0.209260	-0.078867	0.930291	-0.032510	1.365433	1.003328	1.659660	1.003358	0.451397	-1.535931	-2.221441	-0.694580	-2.309691	-0.044679	1.425426	0.984344	1.235174	2.244030	1.968618	-1.572810	0.018730	-1.402738	-1.685359	-0.711643	0.199602	-0.986883	-1.545335	-0.795423	-0.388330	0.113871	0.097785	0.921061	1.220973	2.036289	2.494002	-0.231203	-1.540990	0.801921	0.659969	0.400388	0.044459	1.974022	1.673969	0.411827	-2.080842	0.942343	-0.360159	0.457862	0.496076	0.651185	1.103434	-0.521635	-2.148716	0.137681	-0.533024	1.303308	0.337245	-0.421015	0.188945	-0.239185	0.283185	0.961635	-0.545789	2.123972	2.233000	0.217461	0.614907	-0.134254	-0.817287	-0.375824	-0.391757	0.307113	1.150053	-2.051857	0.285701	-0.770480	0.128080	-1.283084	0.262898	0.391570	-0.674104
0.895300	-0.422982	-0.429210	0.068198	-1.114344	-0.751547	-1.356726	-3.016469	-1.421266	-2.146296	-1.204901	-0.306385	-1.172449	0.323407	-1.385600	-1.131797	-1.721721	-2.208379	-1.233856	-2.239462	-0.292189	-0.384645	-1.145569	-2.249914	-2.485539	-2.697165	-0.166854	0.833852	0.617466	-0.868081	-0.042135	0.596019	-0.304466	1.362470	1.439224	1.992930	1.227354	0.870904	-1.369397	-1.989892	-1.257094	-2.085689	-0.035690	1.457639	0.682748	0.749543	1.805414	2.120251	-0.886808	-0.334731	-1.037214	-0.697985	-0.525173	0.514244	-0.271424	-0.194638	0.088218	0.226293	-0.112045	-0.094545	0.393724	0.714710	1.570859	2.152950	-0.013890	-1.090579	0.930986	0.096816	0.719142	-0.256115	1.369643	1.389412	0.101853	-1.414943	0.524143	-0.761506	0.015205	-0.431404	0.183707	0.717580	-0.207158	-1.385114	-0.277817	-0.038371	1.260480	0.923032	0.245580	0.150175	-0.346795	0.809422	0.170992	-0.242402	1.261957	1.842561	0.014251	0.601460	0.227067	-1.048148	-0.590194	-0.062298	-0.139028	0.745553	-1.018826	0.554009	-1.172391	0.201388	-0.889559	-0.369888	-0.098041	0.451486
-0.489284	-1.051851	-0.527116	0.330022	-1.384933	-0.267070	-1.599559	-2.125070	-1.620326	-1.463804	-1.442602	-0.589684	-1.511179	0.189686	-0.301058	-1.232971	-0.999769	-2.064932	-0.986802	-1.847435	0.329970	-0.544440	-1.229239	-2.091715	-1.574913	-1.958590	-0.342274	1.070939	0.010424	-1.158959	-0.295339	0.090482	-0.339040	1.157787	0.875749	1.968381	0.366151	0.807588	-1.390119	-1.437864	-1.308073	-1.588807	-0.536501	1.093354	0.178697	0.258637	0.873298	1.713947	0.728088	-0.132462	-0.626684	0.218765	-0.332851	0.101191	-0.163461	0.756147	0.157330	0.038771	0.053523	-0.476524	0.145381	0.518421	1.172032	1.341471	-0.295024	-0.832393	-0.098873	-0.735663	0.782946	-0.134870	0.788034	1.129174	0.706745	0.021697	0.110994	-0.850337	-0.537441	-0.686491	-0.153940	0.324302	-0.271107	-0.691959	-0.287718	0.653833	0.277291	1.008524	0.194031	-0.484962	-0.385459	-0.014688	-0.672853	0.037027	0.938502	1.443776	-0.461378	0.156703	-0.078504	-0.789139	-0.736332	0.160696	-0.621979	-0.227250	0.152669	0.258652	-0.924609	-0.339966	-0.369502	-0.979502	-0.816898	0.808838
-2.316506	-2.258412	-0.534422	-0.302511	-1.390202	-0.400942	-1.845662	-1.272181	-1.390931	-1.167955	-1.391001	-0.775590	-0.986357	0.295654	1.130644	-0.645181	0.187087	-0.649527	-0.190895	-0.692944	0.875639	-0.546292	-0.623682	-1.040648	-0.669403	-1.134480	-0.332470	0.531471	-0.740534	-1.105485	-0.615843	-0.589332	0.106249	0.960779	-0.131755	1.497539	-0.520549	-0.024782	-1.276077	-0.878449	-0.914997	-1.205392	-1.207688	0.215364	-0.361025	-0.158907	-0.195902	0.657279	2.301646	0.264123	-0.393056	0.463326	-0.007801	-0.749949	-0.419731	0.585693	-0.502298	-0.938781	0.183759	-0.972500	0.011126	0.348415	0.890371	0.470530	-0.609118	-0.690418	-1.644687	-0.940587	0.309356	0.256075	0.191546	0.580256	1.192080	1.272162	-0.144415	-0.733909	-0.993883	-0.391017	-0.496673	-0.092542	-0.439278	-0.589479	0.227944	1.077555	-0.951544	0.606018	-0.049974	-1.026217	-0.325629	-1.278456	-0.758093	0.197139	1.187918	0.893474	-1.004692	-0.620775	-0.978378	-0.338275	-0.595668	-0.131229	-0.655942	-0.767497	0.997495	-0.447409	-0.502904	-0.713044	-0.200166	-0.935827	-0.879412	0.563825
-2.698927	-2.544977	0.103786	-0.498945	-0.520618	-0.235230	-1.476311	-0.518532	-0.372013	-0.685416	-0.414261	-0.098074	0.260409	0.921729	2.051537	0.336654	0.826127	0.773125	0.674928	0.455021	1.198082	-0.221892	0.332850	0.289591	0.154917	-0.531471	-0.492496	-0.279740	-0.167498	-0.430435	-0.522363	-1.267904	0.962456	0.995338	-0.600944	0.843413	-0.216649	-0.849974	-0.457409	-0.264379	-0.278841	-0.883138	-1.318012	-0.796549	-0.682048	-0.507124	-0.867536	-0.547110	2.810492	0.351878	0.021502	0.362351	0.425988	-1.083854	-0.091295	0.073641	-0.844879	-1.570342	-0.014232	-1.102738	-0.226597	-0.081985	0.530973	-0.230550	-0.240378	0.078222	-2.125192	-0.254343	0.046317	0.736636	-0.404511	-0.312022	0.484717	1.394066	0.160601	-0.433239	-1.040880	-0.147679	-0.896070	-0.515889	-0.070898	-0.578838	1.251323	1.482064	-1.068522	0.492848	0.607980	-0.563917	0.203352	-1.295741	0.282591	0.545987	1.209444	-0.004315	-1.224560	-1.268314	-1.476633	0.200651	0.209463	-0.580642	-0.061859	-0.256953	1.527204	-0.820244	-0.059555	0.202598	-0.025476	-0.085709	0.111460	0.344738
-1.007408	-1.057843	1.351557	0.685958	0.960569	0.820489	-0.306209	0.371722	1.125338	0.470087	1.067170	1.213715	1.332134	1.637403	1.929549	1.051775	0.639465	0.886165	1.227110	0.884033	1.378431	0.302814	1.102143	1.412845	1.017696	-0.050764	-0.880297	-0.573349	1.555929	0.899904	0.275247	-1.481225	1.609512	1.114672	-0.195588	0.304353	1.053060	-0.722570	0.955198	0.492967	0.391800	-0.288565	-0.471102	-1.165560	-0.575908	-0.649649	-0.854967	-1.112781	2.058299	0.043547	0.792449	0.521621	0.691995	-0.664806	1.081996	0.404582	-0.220969	-0.797363	-0.228303	-0.400228	-0.442650	-0.564293	0.104392	-0.800316	0.648226	1.476321	-0.846366	0.759717	0.639158	1.152133	-0.744079	-1.014823	-1.021633	0.290897	1.129550	-0.006520	-0.454060	-0.195345	-1.057796	-0.685250	0.906434	0.074166	2.310323	2.083042	0.183993	1.095753	2.103343	0.716074	1.275586	0.352719	1.667896	1.043440	0.541526	-0.913082	-0.886480	-1.350553	-0.780571	0.882087	1.664262	-0.487159	0.901792	1.028572	1.913206	-0.321029	0.773747	2.243058	0.531838	1.012383	1.682296	0.441408
1.206762	1.289251	2.243600	2.342308	1.784919	1.962373	0.916205	1.232991	2.026879	1.667944	1.799698	1.959352	1.416808	1.694708	1.073330	1.016503	0.262994	-0.317594	1.302681	0.456618	1.418583	0.729256	1.356981	2.054980	1.632402	0.478075	-0.952924	-0.249494	2.654809	2.127671	1.417414	-0.905541	1.415395	0.936070	0.405234	-0.052417	1.720593	0.216620	1.953196	1.116600	0.838138	0.590792	0.832215	-0.508730	-0.063229	-0.392540	-0.299101	-0.693152	0.750625	-0.293397	1.474183	1.130197	0.679805	-0.265657	2.059512	1.527420	0.747809	1.026691	0.010229	0.842796	-0.270992	-0.604106	-0.043637	-1.213278	1.040397	2.345803	1.086408	1.417609	1.599896	1.242094	-0.555197	-0.892318	-1.832922	-1.151003	2.013425	0.435621	0.569472	-0.193142	-0.609430	-0.307387	1.593986	1.180500	2.594844	2.460252	1.519817	1.971610	2.931174	1.618318	2.315819	2.266174	2.142822	1.175744	-0.248903	-1.125143	-0.119197	-0.765638	0.696014	1.527983	2.981428	0.349730	1.676632	2.177251	2.193877	0.685433	2.027458	3.734405	1.098357	1.521966	2.819330	0.641190
1.926250	2.673250	1.845731	2.752491	1.022828	1.865843	1.253915	1.545384	1.575876	1.943414	1.177767	1.381525	0.727662	1.023122	0.395114	0.427983	0.454109	-1.439641	0.991812	-0.236978	1.262308	0.822481	1.220999	2.084275	1.606839	0.997111	-0.132697	0.116771	1.955129	2.256154	2.093899	0.127836	0.576122	0.429815	0.383787	-0.288691	0.791424	0.855350	1.684135	1.188181	0.871437	1.262356	1.608552	0.618089	0.584330	0.234894	0.337435	0.176163	-0.328512	-0.317859	1.601586	1.928056	0.626524	-0.430481	1.605126	2.087359	0.917612	2.303250	0.568876	1.574791	0.331983	-0.145040	0.258534	-1.272467	0.395689	1.778935	2.011227	1.530457	1.880088	0.879884	0.051749	-0.013003	-1.219566	-1.909691	1.819397	0.839196	1.460625	0.195346	0.408707	0.538716	1.117663	1.762069	1.786345	2.083198	1.656523	2.433935	1.906666	1.372199	2.505884	2.804965	1.352051	0.784832	-0.389481	-0.524128	0.759664	0.252824	1.640476	1.661285	3.119453	1.453321	1.823673	2.409365	2.227681	1.158045	2.783545	3.190731	1.048983	1.152622	2.732180	0.608055
0.965351	2.278776	0.454495	1.570623	-0.605551	0.457953	0.723302	1.198627	0.338298	1.388186	0.073061	0.170617	0.299375	0.383862	0.547988	0.027064	1.189164	-1.134110	0.604576	-0.346457	0.972197	0.577663	1.039999	1.597466	1.161071	1.303222	1.341714	0.201235	0.260724	1.143593	1.854820	0.798664	0.014837	0.036213	-0.135143	-0.423970	-0.803857	0.505631	0.556967	0.759421	0.619308	1.277004	1.470731	1.260786	1.075094	0.933375	0.579191	0.593895	-0.976846	-0.102134	1.371889	2.476584	0.738993	-0.616226	-0.162949	1.092690	0.093533	1.881752	0.766342	1.096175	0.793069	0.177564	0.566389	-0.937088	-0.502344	0.405508	1.504486	1.292274	1.214486	0.433450	0.593077	0.829947	-0.090107	-1.761389	0.582936	1.194029	1.842029	0.845235	1.489406	1.394750	-0.089943	1.356885	0.571651	1.071339	0.785572	2.228125	-0.231773	0.514115	1.489877	1.781056	0.186187	0.425341	-0.075582	0.047012	1.566045	1.325880	1.181488	0.983909	1.811002	2.202142	1.387387	1.696119	1.843999	0.427307	1.979489	0.923366	0.454689	0.495048	1.480226	0.225652
-0.004010	1.092800	-0.585349	0.220946	-1.294448	-0.826269	0.287004	0.764529	-0.270767	0.969747	-0.164391	-0.348571	0.781980	0.407955	1.266483	0.390555	1.670231	0.425053	0.510649	0.483508	0.667796	0.231921	0.984214	1.000146	0.997169	1.348232	2.400684	0.422073	-0.804386	-0.280968	1.136828	0.669262	0.317085	0.088831	-0.185070	-0.466638	-1.260388	-0.270027	-0.103721	0.446491	0.454233	0.784073	1.087820	1.162365	1.389488	1.448352	0.340381	0.373093	-1.408915	0.001140	1.396600	2.410717	0.845422	-0.045973	-1.758321	-0.757633	-0.649100	0.382682	0.254325	0.010128	0.467374	-0.236081	0.298228	-0.466720	-0.453095	-0.361591	0.565555	0.873918	0.285018	0.410997	0.767563	1.065189	0.297637	-1.145246	-0.432405	1.427937	1.958132	1.434700	2.183061	1.920911	-0.570196	0.677590	-0.021625	0.057688	0.147085	1.526484	-1.519528	0.137265	-0.240131	0.366592	-0.261762	0.592413	-0.200221	-0.171376	2.320308	2.173511	-0.184402	-0.173163	-0.060730	2.312655	0.784591	0.697237	1.088274	-1.024752	-0.137932	-1.317658	0.022180	0.362704	-0.040156	-0.342876
0.382803	0.691223	-0.382462	0.052048	-0.174653	-0.771660	0.638392	0.770657	0.461296	1.046130	0.735767	0.143029	1.704929	0.842638	1.665996	1.353439	1.268742	1.730315	0.829251	1.720336	0.361514	0.077280	0.933983	0.704020	1.386306	1.345471	2.144074	1.250637	-0.696385	-0.941880	0.831308	0.231944	1.049508	0.370833	0.816038	-0.503164	-0.068682	-0.509780	0.422091	0.713063	0.575748	0.350997	1.370706	0.979969	1.747599	1.788493	-0.046570	0.217814	-1.767992	-0.199646	1.878410	1.709226	0.628327	0.995247	-1.954541	-1.804568	-0.323695	-0.557980	-0.468369	-0.403163	-0.554110	-1.160709	-0.437825	-0.136806	0.633446	-0.105863	0.262823	0.366391	-0.403061	0.688156	0.759507	0.955573	-0.104912	-0.324962	-0.093044	1.457274	2.309436	1.867828	2.506651	2.213634	0.375183	0.668143	0.249022	-0.543102	0.394748	0.596537	-1.021969	0.518103	-1.697259	-0.378431	0.132323	0.959586	-1.040735	-0.818794	2.987971	2.729483	-1.137066	-1.054561	-1.231133	1.894387	0.331430	0.137929	0.319151	-2.012211	-1.898091	-2.131524	0.116880	0.827177	-0.811144	-0.776817
1.623280	1.466753	0.508648	0.779673	1.612639	0.126429	1.385850	1.015620	1.720984	0.903493	1.821389	0.655753	2.055735	0.948863	1.221725	2.096988	0.257822	1.536451	1.170474	2.285203	0.035763	0.191416	0.654860	0.613502	1.809707	1.504605	0.746986	2.286254	-0.163271	-0.573309	1.334552	0.290456	1.271929	0.353249	2.183497	-0.684414	1.450089	-0.196081	1.421374	1.224603	0.780774	0.302317	2.307174	1.213362	2.155541	1.945485	-0.387439	0.523952	-1.968958	-0.513926	2.289329	0.815258	0.131076	1.374989	-1.026947	-1.306416	0.647855	-0.254692	-0.660915	0.236588	-1.480207	-1.850086	-1.025550	-0.092498	1.609287	0.279766	0.687085	-0.047029	-1.072320	0.571865	0.688121	0.913704	-0.457699	0.703196	1.258402	1.324433	2.832238	2.122830	2.614216	2.407531	1.641195	1.261511	0.668216	-0.808536	0.825038	-0.375769	0.136409	0.836263	-2.287080	-0.486369	0.444694	0.730939	-1.935331	-1.027528	3.239100	2.967213	-0.931257	-1.159461	-1.143026	1.284126	0.000922	0.259988	-0.037735	-1.871083	-1.920321	-1.607336	0.276043	1.151936	-0.528488	-0.778998
2.185860	2.365038	0.889271	1.229199	2.190135	0.395509	1.685743	0.979663	2.097934	0.098945	2.189254	0.330886	1.399075	0.415314	0.264710	1.819800	-0.581226	0.080472	0.845079	1.479925	-0.204881	0.358792	0.020499	0.177420	1.695743	1.706433	-0.760723	2.492492	0.059832	0.223825	2.131129	0.862867	0.550278	-0.264533	2.545487	-1.154180	1.799065	-0.197086	1.723548	1.274392	0.712205	0.438101	2.886906	1.287108	2.107214	1.551628	-0.952445	0.543801	-1.844050	-0.629104	1.967963	0.355057	-0.211981	0.591413	-0.090755	-0.078746	1.067357	0.457339	-0.265940	0.986184	-1.683466	-1.974681	-1.337532	-0.501180	1.476333	0.098419	1.240917	-0.192969	-1.857278	-0.230216	0.102254	0.598586	-0.451119	1.521451	2.101118	1.117829	2.750917	1.865141	2.244355	2.148376	1.595244	1.581353	0.542437	-0.885353	0.394116	-1.200531	0.279271	0.332946	-2.198598	-0.554260	-0.232164	-0.301052	-2.337885	-0.772853	2.638590	2.673501	0.008663	-0.607965	-0.221582	0.849288	-0.320347	0.743569	0.158142	-0.985355	-0.609652	-0.740628	-0.066366	0.771421	0.258366	-0.250780
1.423218	2.324169	0.502940	1.100714	1.114209	-0.381055	1.376042	0.749140	1.227888	-0.475666	1.898831	-0.356710	0.278616	-0.350171	-0.553933	0.467790	-0.900494	-1.264742	-0.391844	-0.203872	-0.281092	0.293461	-0.835685	-0.786570	1.185433	1.595712	-1.514719	1.427516	0.091524	0.631173	2.341982	1.092429	-0.653767	-1.283678	1.335236	-1.910363	0.934806	-0.866894	1.261745	0.855213	0.254868	0.447792	2.291571	0.271973	1.081816	0.255629	-1.866593	-0.554360	-1.299468	-0.534034	0.950072	0.609311	-0.135629	-0.521776	0.408319	0.742623	0.774410	0.718998	0.100295	0.929052	-1.217367	-1.768853	-1.862955	-1.398123	0.470515	-0.064167	1.454784	-0.207198	-2.190652	-1.144742	-1.329819	-0.587922	-0.541571	1.390216	1.383265	0.769060	1.531930	0.725399	0.987799	0.935308	0.207755	1.266092	0.031239	-0.652108	-0.788799	-1.528421	-0.741341	-0.606165	-1.792791	-0.680474	-1.645634	-1.296841	-2.444202	-0.821616	1.193153	1.620655	0.867754	0.159232	0.760063	0.741343	-0.517518	0.976788	0.700040	-0.070522	0.522774	-0.138617	-0.612090	0.058171	0.828363	0.584257
0.169689	1.532708	0.299115	1.107809	-0.149014	-0.935675	1.067997	1.003026	0.205352	0.336300	1.531839	-0.305084	-0.395274	-0.763269	-0.966498	-1.086477	-1.001795	-1.342352	-1.803795	-1.305824	-0.348715	-0.043493	-1.514270	-1.549105	0.859576	1.058769	-1.427409	-0.146351	0.393855	0.254968	1.613703	0.371389	-1.486500	-2.149442	-0.455375	-2.600491	-0.012892	-1.341142	1.103004	0.806164	-0.332328	0.407978	0.966796	-1.521468	-0.575696	-1.441265	-2.489401	-2.150764	-0.427588	-0.516665	0.012975	1.174953	0.091228	-0.795570	0.929282	0.947307	0.879291	0.805635	0.038328	0.397611	-0.451963	-1.335344	-2.634619	-2.245265	-0.355204	0.749211	1.219248	-0.460864	-1.625118	-1.428718	-2.794417	-2.192820	-0.869545	0.396836	-0.299677	0.161012	-0.180863	-0.890260	-0.803361	-0.912646	-0.805511	0.953763	-0.221751	-0.047315	-1.490142	-1.037199	-1.584890	-0.943547	-1.072327	-0.444127	-2.465496	-1.191696	-2.489447	-1.419989	-0.388954	0.037364	1.326754	0.838052	1.326318	0.689781	-0.368673	0.496855	1.213609	0.615276	0.748773	0.331656	-0.426012	-0.165917	0.976204	1.167179
-0.389508	0.963042	0.988329	1.451270	0.006376	-0.020920	1.203142	1.920200	0.260406	2.102243	1.314732	0.584706	-0.207987	-0.689603	-1.011348	-1.677472	-1.129643	-0.147155	-2.159085	-0.732852	-0.536433	-0.326842	-1.558915	-1.168482	0.918546	0.458614	-0.850789	-1.073438	0.951226	-0.610970	0.429958	-0.784041	-1.451326	-2.339617	-1.217404	-2.589261	-0.210522	-0.676627	1.826659	1.577879	-0.590903	0.650683	0.211937	-2.416025	-1.646108	-2.201002	-2.076388	-2.672057	0.444193	-0.669128	-0.184940	1.189534	0.079647	-0.085060	1.664216	0.945432	1.818335	1.175859	-0.132964	0.332813	0.357785	-0.477970	-2.783995	-2.180000	-0.278928	2.280154	0.551741	-1.034519	-0.755906	-0.957049	-2.886132	-2.773898	-0.839963	-0.243205	-1.287718	-0.495461	-1.038162	-1.732703	-1.919378	-2.120266	-0.163122	1.191997	-0.018654	0.485491	-0.934168	0.018145	-1.307577	-0.391118	-0.151865	0.141032	-1.702075	0.036016	-2.149246	-1.895319	-1.194655	-1.297894	1.397270	1.288103	1.341133	0.176720	0.091007	-0.519935	1.293426	1.047854	0.632998	0.778897	0.730671	0.283161	0.955009	0.852271
0.045070	0.950671	1.887149	1.242303	1.461629	1.745838	1.469721	2.571766	1.312264	2.939962	1.038740	1.136217	0.516767	-0.441129	-0.597455	-0.828687	-0.936907	1.395732	-0.922447	1.085577	-0.504393	-0.099240	-0.760778	0.320828	1.042247	0.243399	-0.020079	-0.938936	1.321938	-1.158370	-0.402173	-1.247868	-0.671057	-1.709653	-0.447578	-1.555061	0.140284	0.676021	2.500231	2.297016	-0.189930	1.165255	0.635762	-1.312822	-1.246973	-1.174663	-0.950356	-1.653348	0.918898	-0.607117	0.197337	0.160678	-0.086156	0.699289	1.924958	0.797246	2.208021	1.190975	0.080135	0.783655	0.940428	0.594031	-1.702873	-1.059168	0.555418	3.104393	-0.343790	-1.439039	-0.522043	-0.110093	-1.403324	-1.631272	-0.079469	0.379382	-0.599043	-0.654311	-0.509386	-0.925959	-1.532522	-1.707490	1.321244	1.426884	0.274500	0.345104	0.230179	0.723210	-0.372303	0.298514	0.327418	0.329025	0.125351	1.226148	-1.181608	-1.747922	-0.925026	-1.622427	0.880291	1.309245	0.813119	-0.887334	0.542789	-1.199988	0.671178	0.881045	0.722113	0.789937	1.732303	0.775816	0.944506	-0.515866
0.838795	0.801015	1.722041	-0.056903	2.578022	2.389764	1.312782	1.891571	2.111792	1.720439	0.610266	0.371469	1.186357	-0.268098	0.328968	0.809162	0.031922	2.319589	1.116190	2.565458	0.261874	0.750769	0.656862	1.804932	0.985708	0.404375	0.861081	-0.207504	1.292544	-0.694237	-0.504333	-0.509322	0.392818	-0.554516	0.691992	-0.051620	0.348233	1.203548	1.788935	1.675930	0.758531	1.414410	1.339998	0.741157	0.112321	0.846732	-0.230559	-0.340665	0.879581	0.070252	0.534845	-1.296054	-0.038574	0.757250	1.106205	0.236816	0.660713	-0.059059	0.623819	0.845141	0.929113	1.090829	-0.079223	0.176248	1.448950	2.302865	-0.820370	-1.105508	-0.816505	0.749903	0.222509	0.179185	0.822506	1.600874	1.027339	-0.026841	0.458521	0.867857	-0.242677	-0.173959	1.753069	0.694833	0.439221	-0.369961	0.876838	0.408507	0.308174	0.479590	-0.017250	-0.374852	1.528584	1.303099	-0.124870	-1.330725	-0.134353	-0.844784	-0.337641	0.750174	-0.021597	-1.688045	0.771882	-0.779306	-0.437536	-0.180761	0.657298	0.037504	1.249073	0.823467	0.831418	-2.133569
1.234347	-0.096456	0.318090	-1.490219	2.057127	0.894004	0.717576	0.107187	1.646700	-0.584494	0.221341	-1.250638	1.453879	-0.092298	1.247463	1.965992	1.427959	2.210000	2.466071	2.463267	1.514187	1.698396	2.039856	2.200342	0.817301	0.496078	1.233815	0.442426	1.064738	0.622405	-0.168074	0.872005	1.243029	0.570972	0.714397	0.842568	0.043105	0.160979	-0.261916	-0.294492	1.659750	0.961089	1.011391	1.681225	1.035831	2.079505	-0.286173	0.075779	0.663350	1.146295	0.546587	-1.889672	0.166068	0.223964	-0.241007	-0.502912	-1.856380	-1.938608	1.054473	0.178705	0.396556	0.696524	0.913695	0.616428	1.667796	0.483847	-0.170988	-0.124237	-0.599763	1.382331	0.706523	1.093743	0.986295	1.912633	1.932718	0.953001	0.590786	1.945545	0.571764	0.977957	0.403168	-0.905464	0.636393	-0.814584	0.746018	-0.519419	0.467558	0.321550	-0.523198	-1.428363	1.595657	0.334460	0.334976	-1.027149	0.340218	0.358404	-1.578739	-0.104288	-0.625232	-1.194935	0.909102	0.405014	-1.237386	-1.484100	0.037165	-0.975766	-0.548739	0.748533	0.485613	-2.622756
1.000945	-1.279042	-1.148928	-1.755848	0.220944	-1.571350	0.209970	-1.330241	0.078463	-2.150391	-0.050201	-2.388029	1.257112	0.186749	1.258405	1.729290	2.099374	1.172459	2.176526	0.850425	2.068906	1.943858	2.548476	1.363167	0.477442	0.160219	0.522716	0.581290	0.797056	1.759798	0.068208	1.958417	1.421352	1.092892	-0.491826	0.601161	-0.628228	-1.483902	-2.201178	-2.198274	1.870961	0.126923	-0.323294	0.924360	0.747364	1.585008	-0.277874	-0.081007	0.764961	1.923451	0.394243	-1.117228	0.022862	-0.193765	-0.888771	-0.620273	-2.817072	-2.556071	1.256158	-0.215630	0.182684	0.328000	1.086761	0.487737	0.847231	-1.059126	1.408134	0.733405	0.605091	1.544271	0.369945	0.822642	0.325582	0.679784	1.305901	1.507398	-0.218200	1.319722	0.294628	0.832774	-1.643533	-2.142753	0.782574	-0.465523	0.306690	-1.108649	0.263929	0.107278	-0.310135	-1.912031	0.638811	-0.867583	0.385144	-0.480103	0.083426	1.017369	-1.699183	-0.596055	-0.582728	0.407207	1.167891	1.121979	-1.014371	-1.665131	-0.601963	-1.299797	-2.009142	1.093355	0.033657	-1.277542
0.439693	-1.763586	-1.614355	-1.007510	-1.534478	-2.985097	0.173692	-1.367299	-1.614922	-2.314854	-0.438187	-2.305101	0.633802	0.370058	0.107241	0.212538	1.321103	-0.375152	0.586093	-1.201036	1.088266	1.226084	1.761172	-0.060530	-0.340226	-0.529324	-0.926291	0.058272	0.365005	1.779911	-0.029968	2.292905	0.683230	0.725258	-1.667344	-0.216507	-1.303415	-2.188738	-2.862996	-2.811887	1.302642	-0.319061	-1.235753	-0.116978	-0.240486	0.112760	0.412208	0.113657	1.280982	2.011767	0.147408	0.032895	-0.607818	-0.067114	-0.352237	0.231283	-1.319311	-1.174510	1.562208	0.674863	1.047776	1.093223	1.151556	0.605119	-0.655906	-1.683220	2.627115	0.787359	2.041842	1.161544	0.231323	0.274988	-0.452133	-1.302541	-0.066412	1.323225	-0.987893	-0.316977	-0.478450	-0.182901	-2.857490	-2.159843	0.336705	0.150294	-0.204722	-1.078894	-0.257541	-0.373231	0.388409	-1.628574	-0.498111	-1.715508	0.755081	0.649037	-0.700718	0.545948	-0.408816	-0.401371	-0.109031	1.457864	1.471555	0.713881	-0.018093	-0.236692	-0.472443	-0.632776	-1.885367	1.683054	-0.230827	1.035504
-0.049799	-1.360791	-1.282099	-0.605480	-2.183258	-2.641606	0.406801	-0.463049	-2.548003	-1.800569	-1.110278	-1.437588	-0.232164	0.192751	-1.257414	-1.526887	-0.162099	-1.762804	-0.972167	-2.520123	-0.643597	0.188412	0.273181	-1.262332	-1.515989	-1.198218	-1.786963	-0.927245	-0.239709	0.780230	-0.287652	1.999290	-0.628194	-0.213488	-1.814692	-0.654698	-1.724542	-1.561543	-2.485130	-2.326663	0.524525	-0.142500	-0.760581	-0.098690	-0.946127	-0.926396	1.093792	0.588592	1.732734	1.702283	-0.332422	0.240101	-1.124422	0.465875	0.627710	1.292199	0.718159	0.658691	2.097607	2.247422	2.486600	2.619427	1.411468	1.037407	-1.768499	-1.581979	2.375942	0.093388	2.699703	0.527033	0.358696	0.090637	-0.761220	-2.743241	-0.842205	0.757839	-1.038989	-1.485864	-0.927203	-1.063775	-2.696339	-1.473091	-0.857306	0.158730	-0.860923	-0.978991	-0.903053	-1.155859	0.599669	-1.066160	-1.221683	-2.028983	1.495597	1.637335	-1.453823	-0.761130	1.160359	0.015879	0.162626	0.577279	1.543936	-0.019845	0.669074	1.506182	0.171757	0.326207	-0.742365	1.769588	-0.143190	2.529905
-0.356285	-0.923009	-1.099706	-1.262256	-1.781611	-1.559485	0.418674	0.171526	-2.456021	-1.381468	-1.804544	-0.630676	-0.884882	-0.206834	-1.503795	-2.269784	-0.781507	-2.277226	-1.267345	-2.502511	-1.336954	-0.240711	-0.583361	-1.658298	-2.155951	-1.464212	-1.123546	-1.724407	-0.579881	-0.326188	-0.439855	1.322756	-1.580522	-0.881449	-1.265465	-0.376834	-1.846344	-0.604516	-2.027246	-1.780217	0.201304	0.080213	0.328418	0.629469	-0.978394	-0.909283	0.804069	0.543850	1.627126	1.488108	-0.919569	-0.576446	-0.899807	1.063977	1.021211	1.478417	0.978243	0.967869	2.411195	2.787482	3.008966	3.223345	1.420984	1.074769	-1.497207	-1.119217	1.034582	-0.707417	2.406894	0.057950	0.082540	0.072413	-0.653157	-2.926300	-0.601156	0.270879	-0.702877	-1.464402	-0.889401	-1.267039	-1.708760	-1.191648	-1.990342	-0.526784	-1.435223	-1.198393	-1.109425	-1.532794	0.127707	-0.575636	-1.286278	-1.721473	1.851200	1.370420	-1.637455	-1.840128	1.551322	-0.057018	-0.100840	-1.532478	1.344537	0.113483	0.401099	1.753519	0.263040	0.651210	-0.126233	1.067199	0.144797	2.243868
-0.621093	-1.223762	-1.492470	-2.270915	-0.996990	-0.927795	0.032064	0.045781	-1.677268	-1.110352	-2.055914	-0.261872	-0.842111	-0.310874	-0.275836	-1.568352	0.097030	-1.673690	-0.195938	-1.358673	-0.243945	0.188083	-0.007786	-1.093139	-1.490484	-1.149481	0.460438	-1.610446	-0.204153	-0.875816	-0.424178	0.416476	-1.362853	-0.571184	-0.854199	0.253979	-1.723444	-0.382549	-1.932524	-1.753150	0.475268	-0.169234	0.618881	0.972841	-0.582902	-0.216945	-0.098280	-0.024827	1.159219	1.483911	-1.100467	-1.354188	-0.045611	1.539518	0.551314	0.630267	-0.547391	-0.357160	2.027496	1.566646	1.873932	1.995032	1.036716	0.522224	0.028190	-0.519976	-0.004342	-1.030499	1.706381	-0.065236	-0.493810	0.035957	-0.405500	-1.968510	-0.025577	-0.036655	-0.554669	-0.696736	-0.616806	-0.852831	-0.749661	-1.647252	-2.112338	-1.195383	-1.466493	-1.401146	-0.613456	-0.956637	-0.280123	-0.177780	-0.696215	-0.882892	1.477467	0.019425	-1.054568	-1.738533	0.435516	-0.710474	-0.689957	-2.725143	1.177237	1.010541	-0.197606	0.196712	-0.628336	0.063733	-0.652327	0.194569	0.241408	0.956483
-0.884267	-2.005561	-1.996526	-2.617998	-0.341993	-0.768409	-0.473131	-0.380218	-0.816383	-0.834777	-1.735279	-0.212085	-0.120268	0.174720	1.483115	-0.045151	1.471255	-0.432511	1.210647	0.069787	1.408323	0.859931	1.353586	-0.000533	0.003583	-0.441329	1.534766	-0.507843	0.643562	-1.012329	-0.385643	-0.426086	-0.075840	0.629303	-0.589262	0.920840	-1.331384	-0.811791	-1.926270	-1.968844	0.918641	-0.614932	-0.077759	0.860796	-0.026318	0.582662	-0.297675	-0.119326	1.027212	1.446839	-0.589641	-1.367786	0.795244	1.796871	-0.308340	-0.408128	-1.972407	-1.797578	1.096267	-0.303442	0.049360	0.044595	0.941582	0.230726	1.532801	-0.077339	-0.103248	-0.793484	1.052282	0.136006	-0.333268	0.362918	0.020591	-0.457365	0.157924	-0.245821	-0.528836	0.059321	-0.167860	-0.053280	-0.296654	-2.171628	-1.290430	-1.286731	-0.931805	-1.084344	0.054797	-0.036253	-0.282015	-0.024414	0.203060	0.037690	1.074379	-0.851869	-0.036322	-0.566574	-1.263088	-1.378221	-1.282866	-1.914927	1.236861	1.378922	-0.107595	-1.727897	-1.772022	-0.974585	-1.446824	-0.088756	-0.158620	0.140109
-0.950135	-2.362272	-1.984581	-2.155601	0.005144	-0.381323	-0.817577	-0.707264	-0.303377	-0.764844	-1.210167	-0.332770	0.600634	0.836152	2.506681	1.208705	1.936256	0.683427	1.813181	0.909706	1.868358	1.074610	2.049661	0.800548	0.907329	0.148490	1.513777	0.868567	1.086826	-1.159809	-0.502234	-0.714601	1.283248	1.870381	0.149758	1.686183	-0.599455	-0.902950	-1.698184	-1.891432	0.965947	-0.658195	-0.748284	1.099347	0.579333	1.232092	0.602257	0.765733	1.405769	1.135184	0.156710	-0.972911	1.133901	1.615224	-1.055006	-0.893950	-2.043084	-2.235560	0.157045	-1.365993	-0.986104	-0.848657	1.620062	0.918515	1.811564	-0.156376	-0.073293	-0.317389	0.450746	0.587023	0.939051	1.277902	0.838869	0.976468	-0.049900	-0.352307	-0.233500	0.501855	0.495500	0.845838	-0.263413	-2.041094	-0.436494	-0.922252	-0.347417	-0.293274	0.284605	0.224629	-0.413956	-0.360479	0.819596	0.582170	1.379394	-0.181960	0.703545	0.565629	-2.427948	-1.590546	-1.755464	-0.268440	1.196245	0.575144	0.541448	-2.512728	-2.263189	-1.778349	-1.436217	0.173453	-0.935910	0.192930
-0.724067	-1.817737	-1.371262	-1.417216	-0.049121	0.383859	-1.102975	-1.127646	-0.139784	-1.143321	-0.917604	-0.591329	0.547637	0.880524	2.231346	1.507637	1.220301	1.275851	1.323515	0.866629	0.846270	0.758470	1.331180	0.773568	0.399032	0.219927	1.066857	1.722958	0.536173	-1.265014	-0.814111	-0.263874	1.699303	2.249562	1.266045	2.450782	0.315266	-0.043291	-1.274626	-1.311702	0.349334	-0.277690	-0.836440	1.728971	0.919470	1.508684	1.450907	1.742813	1.488429	0.472119	0.349809	-0.776420	0.877158	0.756581	-1.567747	-0.939358	-1.310671	-1.897141	-0.575997	-1.534147	-1.005852	-0.392026	2.358186	1.966960	0.817602	-0.791043	-0.843175	0.148305	-0.299698	0.979585	2.151384	2.080704	1.893245	1.900025	-0.280514	-0.431919	0.168700	0.642342	1.008574	1.343663	-0.235197	-1.254760	-0.121276	-0.521372	-0.128482	0.448833	0.203565	-0.134560	-0.887737	-0.892764	0.781275	0.731705	1.999444	1.240864	0.601307	0.695546	-2.586188	-1.408190	-1.981035	0.449112	0.486908	-0.518089	0.476755	-1.951520	-1.922178	-1.928774	-0.633735	0.187905	-1.584958	0.181122
-0.517693	-0.768042	-0.544311	-0.774125	-0.509204	0.896762	-1.527749	-1.739888	-0.067531	-1.639323	-0.852427	-0.821221	-0.314575	0.080423	0.937591	0.921877	0.171460	1.421495	0.271466	0.314588	-0.450215	0.261278	-0.214747	0.152569	-0.857179	-0.055142	0.919758	1.825288	-0.645399	-0.879111	-1.163658	0.380490	1.051114	1.555404	1.663806	2.580735	0.937006	1.208665	-0.734803	-0.389520	-0.707811	-0.004032	-0.937506	1.609831	0.499056	1.031349	1.091049	1.591828	0.476696	-0.454093	-0.222038	-0.682726	0.196474	-0.618843	-1.862797	-1.032885	-0.854533	-1.419804	-1.293250	-1.771123	-0.981292	0.104871	1.962319	2.019553	-0.537215	-1.464314	-1.994696	0.700408	-1.250659	0.720495	1.899964	1.723725	2.543257	2.169806	-0.505928	-0.786700	-0.004944	0.378210	0.758042	0.954178	0.084926	-0.337728	-0.068859	-0.255301	-0.164112	0.738699	0.253560	-0.232415	-0.876938	-0.797806	0.263094	0.768006	1.844306	1.801783	-0.236506	-0.038502	-1.898149	-1.076578	-1.688385	0.066172	-0.943601	-0.872871	-0.918015	-0.838146	-1.079774	-1.421540	0.110624	-0.633517	-1.679716	-0.614038
-0.729336	0.038854	0.106147	-0.207574	-1.019661	0.692073	-1.852544	-1.948897	0.032975	-1.522779	-0.614214	-0.683540	-1.146712	-0.786509	-0.626472	0.005293	-0.442998	1.310722	-0.684461	-0.146360	-0.993187	-0.234999	-1.437752	-0.371610	-1.533519	-0.104226	0.890135	1.323272	-1.548859	0.038265	-1.313900	0.416158	0.156350	0.416717	0.685948	1.588723	0.878828	1.717341	-0.013404	0.550180	-1.583459	-0.109532	-1.584863	0.037668	-0.665626	-0.243192	-0.140697	0.286130	-1.173458	-1.330843	-0.942725	-0.229705	-0.506624	-1.821100	-1.772069	-1.214668	-0.772139	-0.898122	-1.983754	-2.428468	-1.449468	-0.362462	0.346369	0.690195	-1.394128	-1.527158	-2.264391	1.432040	-2.084013	-0.401563	0.315651	0.126522	2.179808	1.921391	-0.998103	-1.524393	-0.934440	-0.356134	-0.287626	-0.197851	0.551947	0.308845	0.156279	-0.016700	-0.112974	0.620044	0.349172	0.176703	0.269670	0.236240	-0.239491	0.828782	0.606770	1.013069	-1.085542	-0.731340	-0.837937	-0.612430	-0.813844	-0.213767	-2.312225	-0.785609	-2.433924	0.070307	-0.054271	-0.561260	0.259473	-1.902042	-1.263287	-1.497282
-1.200601	0.235833	0.402337	0.269227	-0.990763	0.103472	-1.507154	-1.129922	0.021246	-0.548749	-0.003441	-0.084371	-1.083735	-0.739807	-1.589722	-0.644013	-0.586171	1.033102	-1.175107	-0.168205	-0.935380	-0.713264	-1.698738	-0.402886	-1.096757	0.328530	0.403392	0.289466	-1.659722	0.760272	-1.179100	-0.243723	-0.098301	-0.269600	-0.744045	0.046303	0.327421	1.047438	0.779291	1.140716	-1.672908	-0.267824	-2.129528	-1.916363	-1.672171	-1.532605	-0.940143	-1.006090	-2.060922	-1.668164	-1.109007	0.443652	-0.715267	-2.124896	-1.103434	-1.114241	-0.437906	-0.208488	-2.177074	-2.654245	-1.714768	-1.202993	-1.190482	-0.854979	-1.535984	-0.873149	-1.286060	1.942956	-2.181745	-1.549206	-1.081036	-1.503939	0.825873	1.407308	-1.680761	-2.091051	-1.749062	-1.130499	-1.250237	-1.264080	0.702079	0.617437	0.459263	0.262949	0.121024	0.358154	0.116960	0.368081	1.703198	1.360146	-0.367114	0.820692	-0.725742	-0.103076	-1.247074	-0.809183	0.015772	0.047559	0.162671	0.160978	-2.633228	-1.185950	-2.343762	0.473127	0.837457	0.223837	0.068566	-2.502053	-0.725701	-1.232809
-1.205529	0.053847	0.317606	0.425783	-0.239144	-0.213143	-0.340729	0.342455	-0.185113	0.608637	0.600888	0.536667	-0.156640	0.218292	-1.413110	-0.668356	-0.480110	0.701594	-1.038629	0.226223	-0.878076	-0.941501	-1.135033	-0.106136	-0.192131	0.822868	-0.467860	-1.101849	-1.257054	0.536043	-0.915144	-0.828479	0.384175	-0.119969	-1.073648	-0.749825	-0.106665	-0.068174	1.136941	1.103547	-0.907527	-0.106043	-1.518881	-2.400135	-1.501374	-1.737248	-0.633547	-1.236928	-1.487117	-1.152844	-0.679517	0.588450	-0.253792	-1.390318	-0.050902	-0.651125	0.272970	0.346689	-1.496051	-1.590614	-0.939076	-1.133401	-1.394056	-1.191877	-1.156405	-0.050559	-0.064161	1.622514	-1.187687	-1.459044	-1.118356	-1.825513	-0.735804	0.764888	-1.950474	-1.678109	-1.382339	-1.172430	-1.165255	-1.406784	0.276648	0.588737	0.468541	0.464215	0.391946	0.075030	-0.269366	-0.057028	1.895905	1.490329	-0.059344	0.676924	-0.996780	-0.429607	-0.624598	-0.478941	0.264585	0.680659	0.551339	0.390096	-1.707755	-1.984994	-0.634722	0.346352	1.164826	0.587835	0.034176	-1.680185	-0.389653	0.142352
-0.314540	-0.029182	-0.028764	0.179302	0.679835	-0.069694	0.984307	1.317575	-0.333792	1.074802	0.654503	0.623837	0.766029	1.042391	-0.431135	-0.083148	-0.113097	0.508209	-0.268511	0.802218	-0.882289	-0.664917	-0.234550	0.196186	0.287395	0.788614	-0.976278	-2.154801	-0.970052	-0.427757	-0.709616	-0.710022	0.925830	0.452869	-0.062058	-0.240332	-0.093932	-0.585616	0.656707	0.493405	0.135226	0.211506	0.095284	-0.980490	-0.176070	-0.619975	0.307432	-0.401369	-0.312177	-0.024422	-0.129435	-0.132050	0.441637	-0.120478	0.787597	-0.258931	0.746352	0.352611	-0.257002	0.345678	0.520039	0.058778	-0.381838	-0.192754	-0.429733	0.376654	0.414287	0.486383	0.341291	-0.011602	-0.052707	-0.665314	-1.479660	0.013798	-1.339852	-0.256850	0.121886	-0.200284	-0.036821	-0.592946	-0.398798	0.201952	0.154980	0.439663	0.627718	-0.280249	-0.210522	-0.397074	0.640210	0.690076	0.539620	0.466759	-0.188658	0.018317	0.320743	-0.140007	0.043808	0.847792	0.168734	-0.171075	-0.367517	-2.102600	0.840948	-0.130703	0.726553	0.458779	0.251747	0.062908	-0.317057	1.093829
0.919075	0.226964	-0.339853	-0.132477	1.020680	0.161140	1.554503	1.151613	-0.083969	0.806737	0.163299	0.232890	0.862238	0.799792	0.282149	0.721368	0.451027	0.465433	0.754357	1.248593	-0.659241	-0.187935	0.523817	0.383623	0.164057	0.190484	-0.649791	-2.050317	-1.069373	-1.064147	-0.506657	-0.204748	0.785082	0.659458	0.872636	0.625487	0.074365	-0.249793	-0.285451	-0.200388	0.723170	0.157612	1.265338	0.760231	1.172595	0.777312	1.119082	0.743711	0.100660	0.995947	0.170112	-1.094849	0.797866	0.999717	0.931168	-0.290752	0.564834	0.040902	0.710051	1.739823	1.364910	1.134548	0.629976	0.968247	0.519598	0.441844	0.297241	-0.713974	1.186774	1.288622	1.036759	0.913482	-1.009017	-0.684312	-0.124901	1.117628	1.501234	1.095950	1.159458	0.455100	-0.686895	-0.328245	-0.174458	0.206163	0.832761	-0.682451	0.350332	0.115198	-0.637047	0.027125	1.113636	0.214974	0.657938	0.475452	1.035921	0.204686	-0.034419	0.403723	-0.428291	-0.851697	0.340076	-1.077233	0.576638	-0.485935	-0.078386	0.103815	0.430617	1.260583	-0.418472	0.442743
1.477903	0.664447	-0.293301	-0.059755	0.675313	0.146696	1.100918	0.339969	0.517437	0.571963	-0.256078	0.100581	0.030643	-0.390978	-0.008892	1.191383	0.675238	0.234689	1.252572	1.234756	-0.266275	-0.188964	0.751777	0.438183	-0.083037	-0.439251	0.106505	-0.842571	-1.204315	-0.582539	-0.073366	-0.088145	-0.232703	0.028131	0.423842	0.455087	-0.005031	0.364324	-0.731164	-0.388827	0.594753	-0.461660	0.930455	1.002804	1.485201	1.136082	1.494687	1.459871	-0.527043	1.245698	0.145005	-1.428472	0.757551	1.519568	0.534654	-0.449853	0.128232	0.159479	0.834347	1.619512	0.836300	0.825340	0.649507	1.176158	1.379447	0.609945	0.188876	-1.352068	0.722838	0.902865	1.408450	1.679614	-0.013244	-0.988051	0.938905	1.339008	1.579719	1.653240	1.479390	0.993508	-0.302000	-0.503707	-0.360599	-0.055334	0.820938	-0.919326	0.704078	1.050839	-0.697889	0.106236	1.238212	-0.209956	0.671658	0.603847	1.200305	0.676651	0.521817	-0.160414	-0.460453	-0.675853	0.127670	0.235831	-0.862952	-0.150111	-0.491486	-0.019587	0.335255	0.844320	-0.531639	-1.041464
1.046391	0.984340	0.223239	0.476736	0.268680	0.118927	0.214207	-0.200790	1.021416	0.890471	-0.079236	0.822397	-1.178204	-1.624415	-0.866627	0.978004	0.022594	-0.508510	0.687360	0.569518	-0.038814	-0.768887	0.298120	0.289921	-0.071182	-0.646152	0.453585	0.363948	-0.829004	0.712899	0.609097	-0.565729	-1.665006	-1.190125	-0.978560	-0.875327	-0.208545	0.742610	-0.145808	0.094049	0.099898	-1.106257	-0.313477	-0.339353	0.758373	0.180037	1.437116	1.435374	-1.188690	0.636394	-0.184349	-0.972297	0.628865	1.312849	0.302127	-0.043321	0.151048	1.020297	0.311956	0.420885	-0.414752	-0.622295	-0.254647	0.411122	1.649476	1.089882	-0.002807	-1.449513	-0.295721	-0.882699	1.041222	1.222667	0.342713	-0.792189	1.332862	0.446021	0.456855	1.071668	0.806622	0.792524	0.442116	0.011312	-0.495262	-0.135024	0.347104	-0.773584	0.354339	1.257439	0.133170	0.427305	0.718074	-0.875210	-0.015474	0.754242	0.743684	0.937232	1.567755	-0.065876	0.348200	0.134249	-0.453551	0.802189	-1.681655	1.037435	-0.052014	0.418691	0.070340	-0.750473	-0.383735	-1.483691
0.277830	1.061181	1.045513	1.130951	0.397667	0.650766	-0.341156	-0.105363	1.050937	1.373313	0.525631	2.050513	-2.040070	-2.124982	-1.285446	0.166116	-1.211891	-1.534297	-0.556561	-0.560537	-0.059387	-1.207981	-0.538814	-0.058785	0.055505	-0.479583	-0.054675	0.494268	0.119015	1.788627	1.154156	-1.115012	-2.672006	-2.186324	-1.728073	-1.991283	-0.041177	0.981050	0.989759	0.877398	-0.264396	-0.922121	-1.005268	-1.732811	-0.248143	-1.180621	0.930145	0.765960	-0.847712	-0.358917	-0.704139	-0.273178	0.382746	0.480519	0.759810	1.153586	0.815642	2.067227	-0.184068	-0.495304	-1.037648	-1.591949	-1.248680	-0.538888	1.007642	1.493770	-0.795314	-1.226782	-0.613298	-2.242045	0.268247	0.030041	-0.341941	-0.484192	1.058589	-0.510712	-0.777705	-0.112613	-0.309879	0.063318	1.052424	0.964650	-0.580427	0.056924	-0.390430	-0.247648	-0.199786	0.426899	0.769994	0.375690	-0.110660	-1.498097	-0.663349	1.102470	-0.186909	0.381936	2.454017	0.878982	1.465688	0.478631	-0.800135	0.561932	-0.988734	2.529371	0.997423	1.305479	-0.005070	-2.017112	0.226138	-0.249180
-0.181388	0.942891	1.805627	1.468527	0.906260	1.829432	-0.451997	0.303390	0.616076	1.312792	0.883480	2.706777	-2.105691	-1.774254	-0.987505	-0.831637	-2.017312	-2.142141	-1.428531	-1.579567	-0.186225	-0.979975	-1.171548	-0.418707	-0.068947	-0.260771	-1.126426	-0.425088	1.047577	1.847018	1.106823	-1.268789	-2.562452	-2.216085	-0.979297	-1.604456	0.625205	1.356757	1.721150	1.465569	-0.428470	0.287574	-0.607740	-1.850269	-0.943343	-1.885994	0.097239	-0.159655	0.391429	-1.213203	-1.077021	0.156317	-0.369844	-0.735220	1.559345	2.372925	1.586234	2.497880	-0.285201	-0.265386	-0.462359	-0.899557	-1.578126	-1.022843	-0.324953	1.227103	-1.972081	-0.702787	-0.034854	-1.947538	-0.561084	-1.096179	-1.206823	-0.479642	0.399689	-0.729414	-1.298426	-1.097038	-1.277628	-0.828655	1.309131	1.687581	-0.461956	0.377382	-0.771550	0.409720	-0.044372	-0.479198	0.849853	0.174900	-0.633238	-1.559911	-0.826495	1.135399	-1.186291	-0.951111	2.574502	1.822210	1.925145	-0.083703	-0.890365	0.091238	0.406005	3.357412	1.877531	2.036471	0.390424	-1.983381	1.009749	1.206392
-0.468603	0.660359	2.026975	1.280917	1.068362	2.842055	-0.668428	0.501141	-0.003234	0.662222	0.527183	2.070236	-1.459568	-0.971433	-0.568053	-1.524268	-1.747741	-1.852921	-1.286240	-1.869878	-0.421268	-0.515181	-1.249069	-0.555468	-0.471993	-0.156481	-1.941422	-1.378376	1.285779	0.866326	0.435372	-1.151961	-1.345277	-1.201782	0.510289	0.039455	1.277103	1.708335	1.596203	1.633686	-0.753820	1.562948	0.017233	-0.842920	-1.213352	-1.619547	-0.611748	-0.836823	1.394434	-1.760432	-0.984103	0.260693	-1.508456	-1.932434	1.672256	2.393322	1.722012	2.020456	-0.341159	0.549980	0.466159	0.731640	-1.124121	-0.990191	-1.597273	0.180804	-2.527100	-0.013740	0.394811	-0.657342	-1.107983	-1.576519	-1.083827	-0.591677	-0.310699	-0.427961	-1.147425	-1.460079	-1.719299	-1.443283	1.236368	1.707523	-0.162152	0.495317	-0.481450	0.882291	0.907504	-0.489894	0.766674	0.392868	-0.559511	-0.806238	-0.643126	0.369949	-1.676471	-2.048906	1.729074	1.649884	1.186216	-0.853455	-1.052668	-0.303549	1.179455	2.814125	1.878167	1.924627	1.111814	-1.158169	1.224813	1.141223
-0.978734	0.226114	1.368294	0.680725	0.498272	2.713231	-1.342664	0.174786	-0.458219	0.101756	-0.326785	0.558694	-0.652493	-0.222395	-0.358574	-1.504512	-0.768339	-0.822214	-0.504103	-1.206587	-0.768516	-0.488290	-0.917343	-0.362770	-0.710100	-0.104216	-1.639588	-1.373107	0.769061	-0.544533	-0.422755	-1.107779	0.181614	0.218595	1.494658	1.560601	1.335673	1.590780	0.978485	1.417267	-1.390758	1.595735	-0.068009	0.197492	-1.025666	-0.727192	-0.798536	-0.986772	1.148755	-2.071963	-0.553897	0.213866	-2.021149	-2.532991	0.503725	0.785949	0.903165	0.916182	-0.933174	0.572075	0.442714	1.365471	-0.340810	-0.740869	-1.982020	-0.997954	-1.956544	0.383381	-0.131776	0.129860	-1.085072	-1.255205	0.127766	-0.214272	-0.739691	-0.284947	-0.677839	-1.148833	-1.382591	-1.319114	0.889619	1.142606	0.053576	0.198426	0.103360	1.036756	1.640366	0.218628	0.640446	0.934458	-0.130025	0.416005	-0.404769	-0.768153	-1.276391	-1.879137	0.156806	0.352015	-0.235172	-1.010358	-1.302773	-0.596764	0.929955	1.003968	0.985839	0.837605	1.568233	-0.706484	0.494247	-0.320588
-1.471709	-0.209687	0.045225	0.000856	-0.329804	1.445353	-1.998448	-0.592354	-0.460551	0.176211	-1.004690	-0.688913	-0.241979	0.174103	0.061971	-0.666029	0.072632	0.425751	0.081878	0.052881	-0.920270	-0.766440	-0.538230	0.098062	-0.369403	-0.036997	-0.026695	-0.324490	0.054822	-1.605595	-1.005597	-1.102324	1.048211	1.218741	1.594647	1.978277	0.794010	0.943308	0.513335	0.946060	-1.851799	0.208293	-0.671253	0.554935	-0.310699	0.296081	-0.595136	-0.795647	-0.235019	-2.102010	-0.279338	0.111418	-1.073016	-2.068954	-1.262371	-1.447484	-0.466213	-0.297442	-2.002943	-0.776974	-0.755661	0.111254	0.220140	-0.504905	-1.231920	-1.437768	-0.984815	0.219868	-1.073978	-0.135793	-0.501297	-0.420128	1.320242	0.790151	-0.686980	-0.506037	-0.006732	-0.298877	-0.290766	-0.358886	0.388015	0.509327	0.034382	-0.321210	0.449072	1.002380	1.183976	0.718042	0.114569	1.107183	0.258672	1.388411	-0.178335	-1.297702	-0.220030	-0.588440	-1.515530	-0.805746	-1.163602	-0.540369	-1.220863	-0.569405	0.240903	-1.121094	-0.057146	-0.560704	1.257616	-0.962000	-0.564728	-1.449518
-1.314280	-0.418538	-1.051285	-0.448419	-0.648219	0.089865	-1.878986	-1.281027	-0.015300	0.647487	-1.062812	-0.980712	-0.285933	0.228959	0.804368	0.468364	0.294157	1.396430	0.083940	1.139628	-0.644670	-0.708637	-0.339284	0.573878	0.299970	-0.039533	1.865761	0.846106	-0.309338	-1.829613	-1.228355	-0.821735	0.908893	1.356532	1.192003	1.416019	0.106595	0.254021	0.457514	0.436873	-1.547364	-1.265502	-0.968168	0.350335	0.577993	0.980520	-0.424751	-0.661204	-1.621763	-1.706549	-0.408294	-0.010707	0.638347	-0.739767	-2.214041	-2.703714	-1.440383	-1.051279	-2.691795	-2.429477	-1.908988	-1.688665	0.356855	-0.267551	-0.021226	-0.958857	-0.587417	-0.190293	-1.323616	-0.770702	0.205081	0.306749	1.452290	1.672328	-0.310479	-0.760539	0.652357	0.600317	0.903640	0.755102	0.013329	0.214033	-0.120349	-0.654636	0.480339	0.930663	-0.159568	0.538562	-0.756412	0.589268	0.434831	1.605572	0.089351	-0.839248	0.668766	0.587225	-2.431442	-0.778743	-0.962008	-0.039544	-0.574868	-0.083015	-0.302146	-2.297726	-0.468501	-1.323490	0.419551	-1.177078	-0.964874	-1.145472
-0.495320	-0.362492	-0.999971	-0.589965	-0.311889	-0.395646	-0.987646	-1.243459	0.447165	0.826549	-0.697471	-0.662523	-0.342883	0.163082	0.908953	0.892401	-0.007928	1.755158	-0.243783	1.366435	-0.351651	-0.268714	-0.370211	0.684155	0.467028	-0.255800	2.307641	0.986924	-0.293156	-1.300081	-1.309460	-0.252125	0.227260	0.757060	0.513664	0.497133	-0.385594	-0.005985	0.562257	0.183155	-0.634273	-1.361689	-0.759383	-0.009355	0.796424	0.901599	-0.348864	-0.685569	-1.918829	-0.985660	-0.625079	-0.057911	1.255487	0.487545	-1.639760	-2.269907	-1.204878	-0.893280	-2.203056	-2.707598	-1.661455	-1.888956	0.275730	0.123643	0.539237	-0.315416	-0.717762	-0.381682	-0.706476	-1.013330	0.485488	0.356221	0.647115	1.510389	-0.056463	-0.806467	0.657798	0.736734	1.176507	0.928029	0.025075	0.262053	-0.335687	-0.664396	0.459919	0.746699	-1.058694	0.095866	-1.152791	-0.132353	0.443980	1.161795	0.342263	0.007278	0.631435	0.648207	-2.013360	-0.000844	-0.166129	0.025889	0.202910	0.323423	-0.699433	-1.816840	-0.199722	-1.035278	-0.072360	-0.662825	-0.529645	-0.169525
0.239930	-0.230167	0.185820	-0.531426	0.144047	-0.059747	-0.114765	-0.359113	0.459140	0.420086	-0.401362	-0.474114	-0.048340	0.175838	-0.402319	0.103811	-0.466919	1.424945	-0.496518	0.685802	-0.624152	-0.052355	-0.566239	0.262886	-0.294334	-0.651331	0.632205	-0.131792	-0.213146	-0.541100	-1.374930	0.204530	-0.291937	-0.075519	-0.442611	-0.341469	-0.656755	0.128734	0.509525	0.315808	0.099668	-0.073987	-0.566381	-0.331582	-0.067246	0.040592	-0.082159	-0.629732	-1.063093	-0.335124	-0.494730	0.056476	-0.105785	0.735456	-0.187364	-0.849835	0.134962	0.096370	-0.739943	-1.199349	-0.049759	-0.034070	0.243998	0.663801	-0.011551	-0.286996	-0.593315	-0.301679	-0.060092	-0.826407	0.199933	-0.277744	-0.175088	0.288701	-0.195440	-0.742115	-0.335611	-0.217700	0.189757	-0.174701	0.357896	0.403872	-0.630628	-0.560089	0.517796	0.330910	-0.675802	-0.011827	-0.485538	-0.395893	0.364037	0.576098	0.439630	0.460760	-0.264419	-0.191195	-0.563587	0.348388	0.273208	-0.285652	0.463086	-0.053223	-1.125732	-0.151645	0.166944	-0.114127	0.304385	0.318265	0.026003	0.125643
0.371428	-0.141187	1.380850	-0.335184	0.262082	0.364742	0.187151	0.651178	0.088590	-0.125638	-0.310669	-0.546192	0.386220	0.253293	-2.088935	-1.087551	-0.733173	0.709351	-0.538262	-0.217409	-1.192695	-0.283804	-0.739874	-0.342118	-1.239399	-0.906310	-1.601859	-1.387920	-0.219289	-0.043074	-1.250864	0.252456	-0.374872	-0.612273	-1.244848	-0.853515	-0.710300	0.280763	0.316445	0.593439	0.204508	1.199950	-0.615165	-0.555098	-1.194934	-0.908489	0.314725	-0.393849	0.004682	-0.060394	-0.071852	0.276227	-1.985718	0.173090	0.899181	0.315881	1.444005	1.104202	0.566751	0.669721	1.445848	1.978471	0.231512	0.978889	-0.926592	-0.673056	-0.015021	-0.178710	0.047267	-0.553425	-0.275275	-0.957375	-0.454481	-0.944612	-0.496873	-0.658383	-1.486457	-1.395629	-1.072341	-1.479619	0.635023	0.457756	-0.823308	-0.461779	0.535353	-0.111858	0.347231	0.222140	0.615568	-0.141171	0.222313	0.240455	0.300114	0.354855	-1.092886	-0.905054	0.796385	-0.007866	0.148879	-0.532411	0.159498	-0.877779	-1.333458	1.300141	0.215143	0.632460	1.005295	0.945356	0.165942	-0.335520
0.146772	0.001235	1.380345	0.048841	0.098569	0.350240	0.135524	0.861006	-0.152749	-0.159577	-0.128499	-0.375113	0.422069	0.225102	-2.107672	-1.291454	-0.627793	0.086832	-0.471660	-0.556186	-1.091565	-0.460086	-0.675330	-0.560999	-1.135650	-0.663126	-2.007705	-1.348047	-0.164400	0.074147	-0.690897	0.022362	-0.246773	-0.614734	-1.128423	-0.853043	-0.436845	0.185129	0.238754	0.617001	-0.033637	1.168716	-0.477804	-0.578386	-1.262099	-1.053348	0.311627	-0.217611	0.305873	-0.117093	0.188496	0.447964	-2.043852	-0.264407	0.928172	0.573511	1.527319	1.201378	0.705958	1.122939	1.377591	1.900927	-0.013890	0.591676	-1.041093	-0.593481	0.365554	-0.099061	-0.074301	-0.340229	-0.485686	-0.993317	-0.385488	-1.098692	-0.511644	-0.436673	-1.403102	-1.452079	-1.212074	-1.503330	0.527783	0.430724	-0.546311	-0.204010	0.374554	-0.167072	0.696766	0.331087	0.901333	0.169260	0.018449	0.129081	-0.059428	0.029668	-0.936815	-0.755592	1.053762	-0.268495	0.026670	-0.316742	-0.149618	-0.944909	-0.835678	1.357612	0.067592	0.688571	1.013553	0.754180	0.096701	-0.462030
-0.045599	0.270403	0.152935	0.604851	-0.115729	-0.056384	0.102377	0.169581	-0.035713	0.399923	0.310983	0.268919	-0.066161	0.031261	-0.069734	-0.226009	-0.230384	-0.267584	-0.398970	-0.231192	-0.039585	-0.244317	-0.360051	-0.274353	0.202637	0.053630	-0.180044	0.120618	0.048502	-0.027752	0.255405	-0.245243	-0.149274	-0.227534	-0.025136	-0.413282	0.138037	-0.123989	0.367188	0.298081	-0.237079	-0.115285	0.097628	-0.395407	-0.052404	-0.298326	-0.274592	-0.256064	-0.232493	-0.301376	0.097842	0.511371	0.100128	-0.142210	0.143040	0.138327	0.359667	0.331939	-0.249944	-0.029164	-0.208612	-0.385235	-0.548964	-0.469199	-0.140710	0.238249	0.185091	-0.009118	-0.030833	-0.138524	-0.362478	-0.354107	-0.301913	-0.160671	-0.142831	-0.020216	0.120920	-0.180836	-0.035125	-0.073854	0.066787	0.388042	0.235023	0.297140	0.056191	0.233379	0.027083	0.106356	0.083216	0.261426	-0.230811	0.061896	-0.548917	-0.252187	0.183193	0.132594	0.248432	0.040062	0.251257	0.336693	-0.142092	0.128090	0.360099	0.116984	-0.044739	0.165764	0.117041	-0.042258	0.138203	0.245433
