X1	X2	X3	X4	X5	X6	X7	X8	X9	X10	X11	X12	X13	X14	X15	X16	X17	X18	X19	X20	X21	X22	X23	X24	X25	X26	X27	X28	X29	X30	X31	X32	X33	X34	X35	X36	X37	X38	X39	X40	X41	X42	X43	X44	X45	X46	X47	X48	X49	X50	X51	X52	X53	X54	X55	X56	X57	X58	X59	X60	X61	X62	X63	X64	X65	X66	X67	X68	X69	X70	X71	X72	X73	X74	X75	X76	X77	X78	X79	X80	X81	X82	X83	X84	X85	X86	X87	X88	X89	X90	X91	X92	X93	X94	X95	X96	X97	X98	X99	X100	X101	X102	X103	X104	X105	X106	X107	X108	X109	X110
0.096425	0.360882	0.150870	-0.096533	-0.041396	0.075992	-0.283664	-0.374660	-0.138582	0.154773	0.067996	-0.181842	-0.268648	-0.344536	-0.046710	-0.054830	0.226842	0.077037	0.166846	-0.035291	0.008466	0.129376	0.148108	0.298646	-0.004978	0.125783	-0.269755	-0.183670	-0.115379	0.123771	-0.047924	0.382701	-0.298067	-0.388639	-0.207687	-0.168133	-0.386509	-0.383140	-0.170263	-0.093940	0.100030	0.113220	-0.031855	0.289667	0.252466	0.351335	0.032423	0.081577	-0.136039	-0.130056	0.028015	-0.350707	-0.156897	0.430817	-0.039700	0.226405	0.017667	-0.136689	0.031937	0.036006	0.070981	0.124251	0.073019	0.219854	0.171891	0.273258	-0.155795	0.069832	0.192438	0.217348	-0.149835	0.072912	0.057336	-0.075480	0.179429	0.193624	0.195574	0.264180	0.321475	0.341471	0.285525	-0.117769	-0.095722	-0.056883	-0.384247	-0.205795	0.239887	0.248954	0.224934	0.121806	0.086229	0.038098	0.059375	-0.017807	0.531856	0.160795	0.066513	0.205966	0.159628	-0.035770	0.206179	0.303720	0.622450	-0.011198	0.230066	0.157089	0.086740	0.235498	0.296701	0.067353
0.205953	1.177890	0.223207	1.429690	0.960635	1.502578	1.153851	1.724981	-0.235632	-0.373690	0.639212	0.627391	1.275608	1.544950	-0.467397	-0.082161	-0.623679	0.229333	0.053553	0.750684	0.714652	0.778156	0.022596	0.097715	-0.064973	0.361215	-0.868099	-1.058316	0.039266	0.038845	0.505627	-1.282137	0.662034	0.641623	-0.479085	0.732547	0.608824	1.084137	1.581047	1.329342	1.076062	0.598943	1.081668	1.101973	-0.219801	-0.008455	0.656380	1.063311	-0.680198	-0.214234	0.916494	1.192495	-0.105429	-1.411785	1.500280	1.326018	0.294121	1.138503	0.547377	0.734479	-0.156781	0.399071	0.003611	0.292109	-0.769248	0.507464	-0.315545	0.371311	0.727435	-1.132580	0.849853	0.446938	-0.545390	-0.949927	0.642071	-0.529893	-0.206068	-0.124377	0.080456	0.317034	0.190202	0.269285	-0.247207	0.517970	0.843568	0.810049	0.687861	0.911877	1.061616	1.531681	1.573604	0.989115	0.454430	-0.210914	-0.514700	0.040258	1.208642	0.748904	1.301039	0.199785	0.445147	-0.884081	0.349166	0.572802	1.059231	0.996487	0.431089	-0.581381	-0.073254	-0.486149
0.115606	0.877390	0.274294	1.305847	0.808587	1.000583	1.191915	1.680508	0.155903	-0.262570	0.927027	0.711188	1.161402	1.423839	-0.319868	0.356869	-0.510803	0.532816	0.284191	1.143441	0.519721	0.446919	0.169802	0.433313	-0.126346	0.412605	-0.213799	-0.585979	0.196838	-0.082172	0.418831	-1.080623	0.314642	0.467869	-0.639348	0.575376	0.450377	0.929364	1.530768	1.165886	0.964039	0.876397	1.002875	0.705327	-0.426975	-0.267332	0.379785	0.839951	-0.530659	-0.140937	0.794923	1.078482	0.496347	-1.364454	1.462233	1.271464	0.493851	1.329566	0.863773	0.787130	0.070422	0.515770	-0.368782	-0.267189	-0.634788	0.611698	-0.205028	0.327128	0.462817	-0.959754	0.627019	0.400693	-0.160420	-0.402876	0.479283	-0.380845	0.107292	-0.035084	-0.013879	0.153662	0.253979	0.498204	-0.122282	0.562649	0.881257	0.721148	0.793465	1.176743	0.953121	1.568647	1.602254	0.871361	-0.034699	-0.534144	-1.422318	-0.221202	1.184253	0.385921	0.695750	0.019508	0.325631	-0.707722	-0.230938	0.456012	0.737149	0.741229	0.564417	-0.218729	-0.163657	-0.576864
-0.067004	-0.003200	0.204958	0.181499	-0.088047	-0.542494	0.262998	0.175515	0.596787	0.222508	0.780291	0.302344	-0.099967	-0.100049	0.016076	0.752087	0.184835	0.664161	0.492911	0.898476	-0.258788	-0.327357	0.382499	0.803268	-0.152295	0.196155	0.921202	0.468075	0.235649	-0.253163	-0.163376	0.248288	-0.660854	-0.424086	-0.481501	-0.123520	-0.307545	-0.181641	0.299359	0.037271	0.196787	0.791963	0.201668	-0.244099	-0.300239	-0.322357	-0.427293	-0.261703	0.078653	0.000045	-0.109649	-0.205536	1.076554	0.077768	0.396455	0.463399	0.559580	0.611876	0.836991	0.431938	0.483700	0.458249	-0.722056	-0.994313	0.181283	0.562980	0.010441	0.036239	-0.226441	0.126738	-0.324784	-0.057390	0.634828	0.755433	-0.052307	0.336207	0.717328	0.251146	0.014520	-0.113167	0.313799	0.454988	0.140444	0.193432	0.107666	-0.096551	0.496833	0.927948	0.157464	0.540151	0.531790	0.068007	-0.851571	-0.799394	-1.633943	-0.511808	0.208692	-0.469292	-0.812130	-0.352798	-0.083970	0.187363	-0.780822	-0.187793	-0.235030	-0.219705	0.252420	0.698165	-0.036349	-0.255330
-0.120116	-0.166157	-0.071550	-0.187890	-0.466021	-0.910922	-0.231012	-0.530419	0.293040	0.260959	0.207556	0.037150	-0.745312	-0.844536	-0.105497	0.333780	0.350785	0.256617	0.086805	0.115767	-0.536633	-0.371784	0.239841	0.377047	-0.101671	-0.194309	0.792046	0.413342	0.077389	-0.353299	-0.501303	0.468524	-0.695799	-0.647602	-0.033908	-0.192382	-0.337009	-0.428728	-0.263021	-0.331552	-0.055408	0.337590	-0.100608	-0.294988	-0.060062	-0.190440	-0.707904	-0.862438	0.295111	0.043510	-0.716502	-0.843213	0.636071	0.764258	-0.107018	0.062154	0.346408	-0.058097	0.423075	0.237486	0.359664	0.201320	-0.514874	-0.905369	0.375996	0.302781	0.033578	-0.073683	-0.320360	0.423490	-0.573321	-0.456973	0.504778	0.643969	-0.236540	0.493314	0.609589	0.101480	0.021475	-0.267089	0.047240	0.090987	0.087839	-0.141690	-0.271487	-0.444248	0.013098	0.262280	-0.376050	-0.216240	-0.239604	-0.306843	-0.863012	-0.680202	-0.775462	-0.534064	-0.516535	-0.672067	-1.031747	-0.319272	-0.415399	0.215996	-0.593433	-0.528113	-0.474730	-0.605783	-0.408184	0.589537	-0.028937	-0.003609
0.017667	0.508397	-0.414231	0.400352	0.024506	0.171064	0.034733	0.190232	-0.554821	-0.313453	-0.527639	-0.044762	-0.175553	-0.001806	-0.440403	-0.614984	-0.184268	-0.399486	-0.667200	-0.646146	0.077329	0.325351	-0.233445	-0.610334	0.040638	-0.449564	-0.741084	-0.749313	-0.087574	-0.167777	-0.097415	-0.930088	0.341654	0.170870	0.273951	0.359410	0.444301	0.487158	0.214645	0.352993	0.356798	-0.260363	0.218229	0.554946	0.020207	0.031859	-0.145476	-0.241858	-0.167522	0.068213	-0.415091	-0.088048	-0.648135	-0.277069	0.222395	0.262426	-0.220019	-0.247015	-0.240853	0.130048	-0.478284	-0.317838	0.223573	0.176388	-0.411823	-0.220456	-0.070053	0.185377	0.361905	-0.366677	0.213867	-0.298060	-0.682368	-0.893403	0.072161	-0.360824	-0.359740	-0.460836	-0.036160	-0.086934	-0.506689	-0.476852	-0.408057	-0.290231	0.027299	0.016579	-0.380304	-0.635178	-0.297542	-0.185586	-0.242132	-0.024414	-0.013454	-0.064749	0.668801	-0.064076	-0.293485	0.099289	0.439903	0.318129	-0.379126	-0.687420	0.480484	-0.052732	0.309897	0.039703	-0.783636	-0.762908	-0.269321	-0.078664
0.275420	0.909760	-0.454764	0.581191	0.555561	1.006028	0.172263	0.861352	-0.754272	-0.636443	-0.878117	-0.264496	0.618733	1.149407	-0.197103	-0.993412	-0.434522	-0.598597	-0.709789	-0.719135	0.848369	0.724934	-0.487283	-1.040010	0.270245	-0.208625	-1.877777	-1.310636	0.052365	0.303948	0.804525	-1.978468	1.140418	1.068900	0.130194	0.502718	0.898376	1.148564	0.523368	0.836962	0.547875	-0.605728	0.291966	0.919476	0.001663	0.359370	0.632827	0.910848	-0.602313	0.249606	0.397852	1.062514	-1.364451	-1.625817	0.362313	0.301368	-0.745666	-0.257501	-0.798593	-0.311576	-1.236744	-0.878045	0.866518	1.390692	-1.009855	-0.696432	-0.041294	0.455076	0.877877	-0.907895	0.926346	0.394035	-1.612382	-1.993868	0.361972	-1.286510	-1.144181	-0.656527	-0.026784	0.416268	-0.776453	-0.846547	-0.768957	-0.327490	0.264177	0.528250	-0.484031	-1.360869	-0.013105	-0.040399	-0.143292	0.197543	0.804902	0.819655	1.764989	0.814881	0.448133	1.022949	1.743636	1.058533	0.059386	-1.000684	1.614090	0.870182	1.025030	0.876298	-0.297707	-1.783528	-0.377709	-0.096551
0.508239	0.359981	0.002567	-0.240915	0.417286	0.686980	-0.300438	0.312489	0.190682	0.016056	-0.444234	-0.450533	0.717879	1.201971	0.628729	-0.397893	0.152811	-0.169950	0.318560	-0.061898	0.956909	0.382311	-0.152180	-0.491475	0.498175	0.508435	-1.217734	-0.382999	0.460259	0.672910	1.416147	-0.958702	0.886993	1.048522	-0.176629	-0.112365	0.464609	0.643378	0.007302	0.384371	0.111863	-0.447805	-0.199078	0.124191	0.216104	0.803288	1.006816	1.376473	-0.314050	0.406636	0.930884	1.346552	-0.680468	-1.383957	-0.087423	-0.123738	-0.549232	-0.305532	-0.877898	-0.866689	-1.004813	-0.935628	0.877002	1.764804	-0.273800	-0.546219	0.077641	0.245020	0.489137	-0.326240	0.667843	0.977918	-1.235740	-1.284747	0.286975	-1.070426	-0.793992	0.012539	0.148496	0.895042	-0.233161	-0.547555	-0.325905	-0.154002	0.044475	0.496534	-0.210986	-1.308559	0.179178	-0.294850	-0.317727	-0.042301	1.072953	1.433410	1.970380	1.581299	0.870386	1.249791	1.344140	1.162252	0.640394	0.034338	1.743458	1.351427	0.792260	0.931020	0.712379	-1.189246	0.073973	0.412583
0.491516	-0.545257	0.607398	-0.989053	-0.115694	0.106957	-0.737422	-0.823279	1.112669	1.029397	0.449969	-0.131857	0.300301	0.209175	1.057917	0.348206	0.752467	0.283506	1.249734	0.555599	0.378573	-0.058697	0.374911	0.182952	0.478396	1.062421	0.505475	0.862335	0.581213	0.484322	1.048280	1.208886	0.083908	0.110012	-0.148292	-0.683135	-0.151279	-0.310892	-0.610319	-0.348415	-0.355083	0.001007	-0.635075	-0.888227	0.678363	1.025610	0.856232	0.698355	0.367758	0.131718	0.793183	0.584572	0.502247	0.318399	-0.376349	-0.419793	0.417920	-0.201432	-0.453896	-0.809605	0.102799	-0.248896	0.318698	1.013842	1.205665	0.251331	0.009400	-0.395031	-0.369595	0.614421	-0.085990	0.814453	0.033088	0.452580	0.014593	0.170995	0.357858	0.979386	0.350863	0.849466	0.857892	0.365282	0.701078	0.335279	-0.166257	0.178071	0.301727	-0.266220	0.379065	-0.499950	-0.305520	-0.335121	0.907999	1.161507	1.277418	1.485137	0.592571	0.751487	-0.136009	0.387269	0.872816	1.226181	0.669852	0.810521	-0.009699	0.189514	1.142280	0.363287	0.816426	1.063817
0.136498	-0.843072	0.692037	-0.622983	-0.308132	0.083971	-0.392469	-1.181642	0.655929	1.064110	0.920679	0.508664	-0.058619	-0.801084	0.451090	0.387636	0.364136	0.232893	0.751804	0.422394	-0.418616	-0.082195	0.350230	0.148338	0.011727	0.718279	1.474159	0.936288	-0.056814	-0.238933	-0.213809	2.090427	-0.491934	-0.887894	0.185563	-0.548577	-0.206890	-0.657025	-0.544039	-0.554005	-0.329442	0.235464	-0.496922	-0.952988	0.813830	0.501765	0.213165	-0.488422	0.585356	-0.459276	0.192820	-0.473060	0.792990	1.445450	-0.026187	-0.143764	1.156208	0.099618	0.076178	-0.065012	0.971966	0.614563	-0.316312	-0.420918	1.615478	0.804657	-0.236700	-0.799350	-0.829758	0.727011	-0.357535	-0.033021	1.037138	1.499093	-0.261990	1.042125	1.074800	1.141353	0.295247	0.059321	1.470471	1.061272	1.239292	0.744286	0.003642	-0.026817	0.600084	0.998244	0.499802	-0.124584	0.148749	-0.267881	0.302781	-0.087139	-0.070782	0.244052	-0.171232	-0.005833	-1.062199	-0.675686	0.415386	1.086258	-0.779846	-0.448894	-0.539544	-0.603185	0.378570	1.244338	0.971460	0.807849
-0.268021	-0.350096	-0.020000	0.355127	0.052164	0.075086	0.534800	-0.302433	-0.712820	-0.153047	0.463252	0.638627	-0.268367	-1.114044	-0.544739	-0.044313	-0.655795	-0.107468	-0.778259	-0.241351	-1.025206	-0.051272	-0.273392	-0.247162	-0.664882	-0.455840	0.994983	0.047340	-1.010816	-0.862932	-1.430672	0.757472	-0.677254	-1.069157	0.323073	-0.062481	0.046528	-0.396413	-0.008589	-0.304923	-0.082968	0.078812	0.008750	-0.138670	0.112388	-0.708043	-0.851476	-1.256817	0.229858	-0.594379	-0.433533	-1.055564	0.213265	0.668050	0.347749	0.291351	0.634453	0.226989	0.309218	0.525640	0.707215	0.761565	-0.658640	-1.750089	0.232555	0.378963	-0.240658	-0.371073	-0.743619	0.010713	-0.119070	-0.893814	1.218159	1.243110	-0.563074	0.620390	0.597884	0.102261	-0.142807	-1.064742	0.807113	0.655432	0.549101	0.360671	0.155217	-0.276342	0.221369	1.223038	0.090007	0.405359	0.429484	-0.075572	-0.875449	-1.477201	-1.534121	-1.397884	-0.926452	-0.702430	-0.887753	-1.078571	-0.487039	-0.171319	-1.624802	-1.429140	-0.620015	-0.839719	-0.850911	0.871179	0.091450	-0.562059
-0.299842	0.309487	-1.011126	0.722945	0.433843	-0.544829	1.179191	1.078330	-1.176736	-1.359743	-0.453495	-0.077766	-0.527465	-0.782136	-0.794149	-0.091408	-1.073985	-0.210222	-1.537742	-0.628460	-1.061575	-0.351646	-0.581843	-0.108442	-0.922324	-1.474063	0.068233	-0.405567	-1.106760	-0.676595	-1.662638	-1.137957	-0.601406	-0.327204	0.108723	0.172538	-0.036211	-0.214974	0.310168	-0.044695	-0.052891	-0.078055	0.420377	0.602588	-1.002679	-1.624240	-1.801196	-1.296328	0.070574	0.132521	-0.854807	-0.958221	0.020274	-0.854118	0.046117	0.250726	-0.845617	-0.061965	0.258012	0.355261	-0.376875	0.010569	-0.713897	-2.229644	-1.419748	-0.411050	0.340621	0.720577	-0.516133	-0.488352	-0.194454	-1.248341	0.852387	0.442798	-0.696497	-0.361989	-0.588932	-1.274760	-0.714640	-1.653727	-0.729212	-0.728175	-0.866782	-0.889313	-0.194516	-0.827926	-0.708455	0.025874	-0.935348	0.200561	-0.053630	-0.198929	-2.044763	-1.827384	-2.216120	-2.147835	-1.213194	-1.202232	-0.408233	-0.464545	-1.158780	-1.018519	-1.506492	-1.353799	-0.587965	-0.499805	-1.232851	0.092035	-1.156703	-1.628765
0.080471	0.472947	-1.393850	0.215201	0.250705	-1.088817	0.988362	1.808896	-0.053325	-1.358041	-0.912606	-0.898812	-0.738537	-0.222993	-0.131909	0.476171	-0.546206	-0.005738	-0.610838	-0.403941	-0.237150	-0.520692	0.175743	0.643359	-0.414969	-1.421214	-0.058000	0.146233	0.161050	0.353353	-0.914254	-1.348405	-0.249148	0.590935	0.086082	0.267339	-0.432758	-0.340483	0.185205	0.152377	-0.180016	0.101771	0.530429	0.690065	-1.360920	-1.222989	-1.736445	-0.929980	0.553237	0.985550	-1.085500	-0.533548	0.754351	-0.921380	-0.631759	-0.289598	-1.825237	-0.446375	0.202806	-0.125674	-1.115339	-0.820865	-0.575476	-1.521726	-1.334550	-0.267537	1.321147	1.634006	-0.204878	-0.079208	-0.830168	-1.115060	0.317773	-0.042050	-0.170565	-0.476677	-1.325986	-1.635227	-0.923454	-1.127452	-1.752511	-1.895389	-1.739908	-1.979505	-0.725147	-1.277648	-1.391185	-1.465392	-1.822562	-0.769115	-0.831985	-0.542001	-1.994421	-0.787114	-1.485971	-1.418595	-0.881464	-1.315829	-0.365840	0.517777	-1.149925	-0.634754	-0.711257	-0.454089	-0.519184	0.043546	-0.360861	-0.163593	-1.665107	-0.870539
0.486023	0.021468	-0.757567	-0.314108	-0.400037	-0.525337	0.195117	1.245596	1.246997	-0.434000	-0.533381	-0.883871	-0.583237	0.243907	0.529696	0.996977	-0.034774	0.130280	0.863891	0.000302	1.091440	0.116832	1.420410	1.153289	0.430025	-0.390575	0.672646	0.842422	1.717638	1.421225	0.068633	0.428103	0.299992	0.889839	0.743109	0.667037	-0.510415	-0.353089	-0.045358	0.400914	-0.235508	0.283162	0.341362	0.336296	-0.314040	0.334788	-0.416329	-0.432939	1.106150	0.924327	-1.086958	-0.233389	1.382059	0.742129	-0.853360	-0.852218	-1.370839	-0.442955	0.199643	-0.147792	-0.779839	-0.819812	-0.135824	0.028832	0.391898	0.904249	2.094777	1.672014	0.422354	0.819586	-1.089933	-0.661358	-0.292818	-0.101219	1.050341	0.581837	-0.935361	-0.496801	-0.460667	0.165609	-1.262769	-1.761344	-1.315847	-1.714267	-0.641412	-0.884366	-1.134945	-1.722893	-1.666894	-1.468893	-0.865438	-0.541259	-0.316072	0.755624	0.211918	0.084946	-0.210846	-0.942227	-0.600263	0.902555	-0.557356	0.208695	0.152603	0.343324	-0.252645	0.351208	0.895928	0.080597	-1.138327	1.193517
0.583910	-0.604303	0.447105	-0.143837	-0.806590	0.756222	-0.494008	-0.137027	1.191201	0.320005	0.260822	-0.005855	-0.015654	0.545656	0.534192	0.844673	-0.312414	-0.007193	1.223285	0.126003	1.869567	1.263694	1.758805	0.771947	0.873986	0.717274	1.282230	0.792242	1.963265	1.618183	0.813369	2.268865	0.701416	0.601300	1.636423	1.184439	0.063197	0.086313	0.037719	0.605814	-0.261721	-0.081798	-0.009368	0.021737	1.388377	1.700644	1.153348	0.269457	0.979303	0.052253	-0.660129	-0.075322	0.770318	1.947165	-0.386408	-1.029312	-0.110875	-0.025262	0.010873	0.248624	0.163073	-0.006981	0.649404	1.478530	1.632491	1.655215	2.113206	0.917416	1.063615	1.272694	-0.077020	0.135283	-0.804237	-0.059759	2.050284	1.647261	0.202579	1.171767	0.427034	1.210839	0.286666	-0.452460	-0.018019	-0.127909	0.245781	0.348193	-0.134086	-0.497590	-0.437183	-1.027554	0.099357	0.078725	1.736447	1.565169	1.574794	1.173505	0.362499	-0.330309	-0.579899	0.470326	0.246899	0.340891	0.465533	0.531450	0.044383	0.183061	1.482031	0.226696	-0.338281	2.301901
0.369797	-0.797739	1.307361	0.473166	-0.471682	1.287322	-0.545710	-0.997195	0.120867	0.499485	0.807364	0.886377	0.613149	0.715584	0.265950	0.163638	-0.818984	-0.209615	0.333611	0.054250	1.351570	1.733674	0.711292	-0.174730	0.709452	1.121027	0.981552	0.226157	0.648368	0.823848	1.327234	2.131142	0.749734	0.400551	1.717034	1.099494	0.850352	0.734738	0.474448	0.614231	-0.305924	-0.781794	-0.206460	-0.003501	2.230125	1.697616	1.631448	1.068906	0.301615	-0.462277	0.184339	0.300819	-0.627149	0.888940	0.219053	-0.698030	0.651733	0.367422	-0.433453	0.352363	0.646166	0.717032	1.316046	1.860727	0.982867	0.901897	1.256222	0.019435	0.954592	0.823988	1.584262	1.087673	-0.763756	-0.070893	1.731339	1.495053	1.054327	1.819605	1.052727	1.270249	1.440533	0.870999	1.038894	1.356890	1.170546	1.392602	0.708275	0.900836	0.926707	0.199244	1.133132	0.850204	2.350672	1.192418	1.665623	1.287354	0.621662	0.128403	-0.161985	-0.068249	0.857159	-0.314199	0.033681	0.459042	0.001201	-0.252277	1.170508	-0.023992	-0.066219	1.195953
-0.037105	-0.338698	1.145678	0.711215	0.222611	0.473936	-0.093244	-0.490860	-0.555097	0.437826	0.731929	0.968100	0.812512	0.626492	0.305550	-0.454349	-0.543637	-0.222281	-0.565957	0.018045	-0.048245	0.794653	-0.639321	-0.836629	0.314677	0.676007	-0.051094	-0.117121	-0.867764	-0.239094	1.305936	0.011459	0.565830	0.540081	0.594772	0.211532	1.053231	0.979936	0.725696	0.410351	-0.195391	-0.957996	-0.089799	0.171465	1.388601	0.432823	0.698587	1.218275	-0.194204	-0.009009	0.868078	0.873827	-1.237165	-1.311150	0.352363	-0.045547	0.389826	0.281447	-0.811211	-0.168289	0.186144	0.553423	1.146434	0.883110	-0.490146	-0.589761	-0.057027	-0.469148	-0.020308	-0.129623	2.097707	1.386566	-0.011451	-0.034789	0.078714	0.192744	0.812171	0.809326	0.838171	0.419301	1.172470	1.143855	1.003297	1.300756	1.172211	1.205163	0.663106	1.025406	1.338234	0.971632	1.100819	0.941189	0.987618	0.139849	0.677624	0.600551	0.510041	0.307773	0.368324	0.001865	0.807979	-0.803285	-0.590786	0.493832	-0.287734	-0.394541	0.392838	-0.461702	-0.283348	-0.721994
-0.506017	0.329305	0.002454	0.119399	0.385363	-0.773713	0.183109	0.620561	-0.472546	0.221911	0.037094	0.141611	0.247216	0.025999	0.441995	-0.675018	0.412173	-0.077052	-0.679448	-0.125764	-1.220437	-0.897205	-0.997233	-0.751991	-0.022360	-0.277339	-0.952628	-0.113638	-1.271466	-0.779274	0.147590	-2.061203	0.180746	0.450824	-0.854137	-0.753170	0.275423	0.433304	0.091348	-0.035623	0.021669	-0.344008	-0.030426	0.227644	-0.489873	-1.015243	-0.789474	0.041045	-0.223128	0.624776	0.635738	0.904669	-0.341343	-1.956207	-0.110575	0.389121	-0.429627	-0.364686	-0.811801	-0.867135	-0.698885	-0.406755	0.088491	-0.804500	-0.807022	-1.245604	-1.002113	-0.393064	-0.941647	-0.742884	0.554040	0.318247	0.845451	0.117733	-1.640789	-1.056694	-0.431568	-0.958855	-0.154792	-0.739856	-0.222362	0.277124	-0.094602	-0.303809	0.055636	-0.163378	-0.199624	-0.198118	0.438274	0.465004	-0.172300	0.030256	-1.148696	-0.810518	-0.554074	-0.527778	-0.076479	0.289479	0.649649	0.510363	-0.145797	-0.446829	-0.601770	0.299661	-0.317926	0.020517	-0.414999	-0.731310	-0.441812	-1.163838
-0.699138	0.535833	-1.272178	-0.816661	-0.241712	-1.379218	-0.099218	0.894980	-0.420016	-0.315774	-0.853319	-0.869720	-0.866886	-0.909158	0.154848	-0.552812	0.896549	0.036406	-0.407112	-0.544750	-1.467133	-1.871288	-0.360044	-0.176405	-0.341074	-1.158877	-0.985035	-0.125200	-0.652819	-0.611001	-1.679436	-2.146895	-0.505041	-0.249990	-1.341584	-0.950686	-0.966811	-0.570758	-1.218334	-0.658969	-0.090216	0.261645	-0.395133	-0.018802	-1.835775	-1.662306	-1.746640	-1.774814	-0.127555	0.459655	-0.473745	-0.067408	1.054528	-0.352282	-0.770352	0.135522	-1.095218	-1.106422	-0.512983	-1.112874	-1.135718	-1.265221	-0.901182	-1.995858	0.289839	-0.652107	-0.878046	0.116689	-0.964584	-0.503222	-1.687598	-1.445245	1.022786	0.301005	-2.054014	-1.187382	-1.626626	-1.900837	-1.142241	-1.516132	-1.466763	-0.866540	-1.334508	-1.962655	-1.304159	-1.547867	-1.100258	-1.436568	-1.052981	-0.811457	-1.622304	-1.138112	-2.313475	-1.151801	-1.368751	-1.619640	-0.966475	0.041630	0.467297	0.676074	-1.409345	0.359368	-0.014219	-0.474414	-0.001190	0.507980	-0.918595	-0.602246	-0.343633	0.106598
-0.247937	0.171293	-1.540413	-1.031716	-0.791074	-1.140742	-0.376643	0.222775	-0.595455	-0.790491	-1.123659	-1.057503	-1.534071	-1.303499	-0.328463	-0.185042	0.283897	0.060409	-0.284049	-0.794001	-0.879905	-1.284229	0.304489	0.334354	-0.555976	-1.320145	-0.114407	-0.110492	0.020751	-0.095420	-2.322239	-0.395551	-1.078143	-0.855038	-0.514779	-0.315616	-1.491640	-1.096722	-1.737975	-0.923835	-0.569156	0.182415	-0.689212	-0.265959	-1.511330	-1.233999	-1.628171	-2.342700	-0.062787	-0.195124	-1.339198	-1.145608	1.498551	1.295312	-0.941477	-0.477231	-1.133069	-1.140227	-0.148920	-0.685663	-0.741899	-1.118596	-0.863279	-1.816563	1.166008	0.279608	0.188174	0.707055	-0.344384	0.257926	-2.253260	-2.059325	0.537256	0.422942	-0.962572	-0.262086	-1.555424	-1.246783	-1.207346	-1.368014	-1.422073	-1.246989	-1.574655	-2.076263	-1.596159	-1.716497	-1.192601	-1.356754	-1.773044	-1.437084	-1.782655	-1.312020	-1.741681	-0.794072	-1.483480	-1.896063	-1.366903	-0.448132	-0.116990	0.181711	-1.704888	0.699013	0.187317	-1.187829	0.123003	0.398669	-0.754279	-0.055043	-0.274866	1.125957
0.585149	-0.211244	-0.482560	-0.085742	-0.307418	-0.303454	0.170426	-0.059254	-0.188200	-0.563494	-0.262847	-0.174856	-0.772126	-0.500222	-0.261047	0.403033	-0.704344	0.079792	-0.113121	-0.239019	0.089700	0.265378	0.501032	0.517575	-0.377785	-0.509529	1.012872	0.321993	0.268638	0.359469	-0.791678	1.245662	-0.712095	-0.442150	0.695712	0.479558	-0.618464	-0.576733	-0.389049	-0.257944	-0.623380	-0.095643	-0.101456	-0.083047	0.077609	-0.159840	-0.606942	-0.780049	0.303755	-0.220509	-0.914476	-0.942101	0.784093	0.933889	-0.221899	-0.523527	-0.433594	-0.116965	0.248826	0.152945	0.113530	0.012872	-0.067361	-0.564432	0.616083	0.757560	1.231895	0.900013	0.082146	0.710992	-0.558862	-0.695319	0.133661	0.513866	0.571092	0.730308	-0.133136	0.223758	-0.273661	-0.339503	-0.136190	-0.617365	-0.546977	-0.566110	-0.386459	-0.555164	-0.379136	-0.055344	-0.959398	-0.619756	-0.251372	-0.211189	-0.204550	-0.121167	-0.921307	-0.902319	-0.611535	-0.800816	-0.707507	-0.393448	-0.472839	0.221533	-0.558072	-0.829881	-0.258529	-0.202495	0.091553	0.616543	-0.437569	0.511106
0.946111	-0.172054	0.797565	1.018011	0.879876	0.870969	1.261886	0.705787	0.933370	0.074971	1.030168	0.738816	0.953698	0.794130	0.394175	0.994583	-1.009672	0.109464	0.393666	0.829940	0.930356	1.341655	0.565947	0.540582	0.099469	0.626449	1.610865	0.984792	0.375132	0.581973	1.207928	1.308602	0.515631	0.597772	1.105116	0.755288	0.819566	0.351150	1.660880	0.874897	0.263541	0.218659	1.017478	0.343767	1.249579	0.738181	0.517099	1.260088	0.994070	0.557871	0.391862	0.369993	-0.041811	-0.659038	0.866740	0.214878	0.530987	1.162810	0.686347	0.838315	0.699801	1.033951	0.308337	0.446912	-0.603024	0.813318	1.421546	0.538318	0.044461	0.468381	1.292742	1.064965	0.231089	0.612985	1.301159	0.956405	1.187091	0.976939	0.616658	0.641193	1.091601	0.172654	0.681444	0.940838	1.121618	0.727066	0.430415	0.999294	0.525930	0.736790	1.561264	0.850777	0.793259	0.203925	-0.093428	0.605009	0.677697	-0.553576	-0.846016	-0.372379	1.134079	-0.504554	-1.340223	0.358617	-0.669159	-0.497524	0.900273	0.914095	-0.659266	-0.754946
0.520809	0.093549	0.865320	0.894227	1.405107	1.662931	1.595538	1.408895	1.485286	0.139324	1.314238	0.526043	1.780372	1.119866	0.735877	1.118370	-0.542216	0.052589	0.804049	1.256042	1.109284	1.101617	0.706145	0.574867	0.318802	0.972589	1.360177	1.067034	0.556523	0.545436	1.281537	0.350135	1.217271	0.927356	0.560711	0.445320	1.227960	0.537833	2.069686	1.199092	1.204534	0.804815	1.319996	0.390002	0.851587	0.851304	0.809172	1.422219	1.273952	1.026188	1.043497	1.011050	-0.122587	-1.238325	1.190505	0.758999	0.882655	1.388585	0.893589	0.865075	0.586275	0.903315	-0.190390	0.296543	-0.967870	0.691412	0.890553	0.088197	-0.050842	-0.011648	1.112859	1.097079	0.412000	0.586321	0.922077	0.516472	0.967403	0.401756	0.472435	0.613414	1.002923	0.146372	0.791905	0.894840	1.263415	0.837310	0.281340	0.648007	0.961158	1.002733	1.749645	0.557041	0.528455	-0.056404	0.363111	1.196319	1.053599	0.058859	-0.502421	0.105088	1.408600	-0.690743	-0.955377	0.915673	-0.520560	-0.127501	0.851146	0.616252	-0.679056	-0.905917
0.038577	0.196739	-0.199030	-0.213805	0.597847	1.105238	0.613724	0.888278	0.650949	-0.412484	0.252802	-0.385069	0.675995	0.232379	0.211608	0.553145	-0.042622	-0.079445	0.512206	0.528379	0.514645	0.114499	0.610223	0.450872	0.085951	0.249101	0.582397	0.331348	0.591765	0.295249	-0.264921	-0.157788	0.498967	0.215245	-0.029504	0.081809	0.279953	-0.065975	0.483897	0.389710	0.919156	0.673246	0.421028	0.000484	-0.307710	0.332027	0.121007	-0.187080	0.630646	0.458502	0.263190	0.131223	0.317003	-0.244914	0.399153	0.339522	0.303868	0.384971	0.582368	0.315473	0.010985	-0.084318	-0.669481	-0.437258	-0.217839	0.458458	0.382939	0.103266	0.108467	-0.103736	-0.466608	-0.344198	0.131894	0.243711	0.206052	0.099369	-0.297418	-0.484230	-0.309155	-0.109163	-0.149136	-0.491341	-0.169087	-0.293030	0.062575	-0.064755	-0.486552	-0.488725	-0.075499	-0.032384	0.272593	-0.470287	-0.272874	-0.355418	0.151543	0.452245	0.171552	0.230575	-0.129580	0.345541	0.212609	-0.252599	0.226687	0.181572	0.020577	0.304730	0.103863	0.061735	-0.447723	0.133973
0.107401	0.122233	-0.823798	-0.594275	-0.592037	-0.506958	-0.568900	-0.254011	-0.412068	-0.486214	-0.727723	-0.491735	-0.960112	-0.483217	-0.478402	-0.201667	0.053116	-0.070500	-0.206259	-0.412987	-0.139002	-0.385021	0.220801	0.007663	-0.091187	-0.517907	-0.117067	-0.373708	0.366071	0.021971	-0.960760	0.037913	-0.552883	-0.375905	0.006459	0.118145	-0.583634	-0.327527	-0.885932	-0.339730	-0.279655	-0.158168	-0.466845	-0.213138	-0.561178	-0.157106	-0.620287	-1.188535	-0.275814	-0.349388	-0.900932	-0.821465	0.566402	0.734219	-0.437046	-0.364316	-0.407288	-0.516463	-0.038984	-0.148920	-0.432190	-0.687417	-0.297379	-0.552657	0.548533	0.250073	0.268949	0.437753	0.363193	0.135892	-1.010747	-1.050962	-0.445100	-0.292195	0.018925	0.036998	-0.803108	-0.425375	-0.518700	-0.349871	-0.876073	-0.620266	-0.837386	-0.843437	-0.711192	-0.577148	-0.580111	-0.812676	-1.029028	-0.814954	-0.864860	-0.535585	-0.504147	-0.167967	-0.363849	-0.539106	-0.648390	-0.225257	-0.047636	0.154175	-0.860487	0.155161	0.711485	-0.682846	0.318191	0.187149	-0.345741	-0.273155	-0.130491	0.875900
0.275140	0.063022	-0.188748	0.281635	-0.809479	-1.327815	-0.662684	-0.572299	-0.267406	0.278941	-0.391752	0.376196	-1.019952	-0.055686	-0.348943	-0.380528	0.051323	0.206552	-0.430171	-0.434277	-0.099791	-0.031528	0.012976	-0.400192	0.139691	-0.332028	-0.367763	-0.316588	0.132522	-0.067849	0.010328	-0.033602	-0.389341	-0.008594	0.257849	0.318672	-0.233071	0.238847	-0.501253	-0.072357	-0.754018	-0.568970	-0.369707	-0.022351	0.202540	-0.253007	-0.505609	-0.449959	-0.444579	-0.306583	-0.891477	-0.318268	0.382844	0.410053	-0.257722	-0.298955	-0.359229	-0.299720	-0.403834	-0.136657	-0.439702	-0.410272	0.391561	0.020736	0.518028	0.163211	0.239714	0.463165	0.400848	0.132585	0.064299	-0.214575	-0.670985	-0.560892	0.263639	0.031632	-0.082700	0.282159	0.019095	0.092409	-0.387500	0.060852	-0.406755	-0.134065	-0.105011	-0.031826	0.255018	-0.015480	-0.548299	-0.309746	-0.380973	0.407702	-0.101989	0.179883	-0.524055	-0.635886	-0.316464	-0.472285	-0.006807	0.079931	-0.635436	0.078444	0.120297	-0.405090	0.191713	-0.120830	-0.047107	-0.328480	0.042487	0.497930
-0.014142	0.043227	0.583881	0.832434	-0.088860	-0.399544	0.003934	0.062128	0.507354	0.774468	0.470670	0.691582	0.318254	0.640278	0.376082	0.034184	0.275701	0.486822	0.079832	0.235478	0.300748	0.341557	0.168553	-0.282853	0.383750	0.375711	-0.255290	0.066703	0.060840	-0.021727	0.804871	-0.603337	0.588516	0.591814	0.072021	0.166242	0.507834	0.658928	0.396143	0.446698	0.013375	-0.086049	0.117231	0.112621	0.517638	-0.125932	0.171681	0.471377	0.020482	0.308742	0.206192	0.788045	0.087649	-0.514810	0.415773	0.257190	0.157719	0.320454	-0.290477	-0.011837	-0.212450	-0.011203	0.401671	0.288954	0.112789	0.032992	-0.027163	0.061952	0.173590	-0.250881	0.809586	0.551015	-0.334403	-0.332491	0.196753	-0.157230	0.418164	0.365239	0.288945	0.253713	0.411976	0.520328	0.301950	0.521715	0.645792	0.581952	0.707641	0.525208	0.511853	0.468326	0.516412	0.679920	0.156790	0.124054	-0.096031	-0.007371	0.481974	0.032743	0.288903	0.421544	0.179634	-0.130996	-0.332336	0.504665	0.044301	0.071233	0.342611	-0.328214	-0.004040	-0.160940
-0.326201	0.011638	0.287996	0.082622	0.292881	0.670642	0.167131	0.422101	0.408438	0.270230	0.369586	-0.127983	0.855339	0.396697	0.579319	0.269856	0.443117	0.379794	0.485655	0.461764	0.229757	0.085965	0.265768	0.141632	0.225114	0.445700	-0.089857	0.030046	0.054926	-0.023361	0.180848	-0.682285	0.705586	0.411715	-0.297105	-0.194668	0.319588	0.196773	0.133125	0.216121	0.630753	0.387646	0.047721	-0.040900	-0.114553	-0.011974	0.393003	0.131201	0.221928	0.415715	0.710045	0.666522	0.022506	-0.552413	0.367863	0.272593	0.220967	0.214056	-0.048994	-0.150336	-0.090014	-0.132521	-0.107406	-0.068035	0.119048	-0.125859	-0.267499	-0.183522	-0.028017	-0.427271	0.093013	0.082811	0.045600	0.010189	-0.227547	-0.252222	-0.115134	-0.250038	-0.099711	-0.144742	0.343857	0.101224	0.208827	0.106769	0.262520	0.280618	0.066702	0.010307	0.493877	0.218072	0.257413	-0.172941	-0.023629	-0.130363	0.376803	0.335143	0.479670	0.533756	0.508508	0.614440	0.247383	0.004813	0.099697	0.624264	0.131552	0.510823	0.190654	-0.306170	-0.086629	-0.065732
-0.055705	0.010822	-0.439505	-0.610169	-0.189850	0.166810	-0.304747	-0.040672	-0.350991	-0.341388	-0.428934	-0.628705	-0.175842	-0.332775	-0.004816	-0.032427	0.168996	-0.028944	0.144046	-0.053939	-0.175711	-0.284622	0.084907	0.183097	-0.070260	-0.190866	-0.013684	-0.229581	0.074938	-0.048617	-0.605810	0.042853	-0.201228	-0.217500	-0.177119	-0.140974	-0.410973	-0.342854	-0.639629	-0.321577	0.085097	0.090121	-0.344081	-0.150644	-0.454612	0.028339	-0.073872	-0.584863	-0.038858	-0.074202	-0.122266	-0.411091	0.165194	0.305913	-0.275397	-0.219207	-0.195107	-0.297324	-0.035030	-0.270129	-0.150730	-0.376374	-0.203089	-0.279869	0.449680	0.007887	-0.064916	0.048990	0.042273	-0.048167	-0.657901	-0.543960	-0.017671	0.006142	-0.248711	-0.011725	-0.562270	-0.376013	-0.337284	-0.267905	-0.318513	-0.393737	-0.357060	-0.510717	-0.469078	-0.337015	-0.522511	-0.534141	-0.400785	-0.501130	-0.539421	-0.589877	-0.172662	-0.055718	0.203746	-0.010063	-0.197301	0.186042	0.193544	0.186196	-0.372110	0.237659	0.526943	-0.127901	0.214280	0.370296	-0.160542	-0.154587	-0.040166	0.465782
0.371551	0.031666	-0.311331	-0.047959	-0.514035	-0.806416	-0.369204	-0.416257	-0.351109	-0.101966	-0.456233	0.065532	-0.872483	-0.290512	-0.370149	-0.271378	-0.240077	-0.204111	-0.365607	-0.417782	-0.127306	-0.076520	-0.053566	-0.192002	-0.078782	-0.437034	0.051875	-0.115378	0.133266	0.017656	-0.202225	0.440268	-0.551115	-0.260131	0.257405	0.251721	-0.353942	-0.055586	-0.387038	-0.210508	-0.603466	-0.382447	-0.272541	-0.048294	0.132794	-0.004099	-0.374853	-0.322243	-0.139994	-0.242576	-0.797185	-0.543791	0.196201	0.576290	-0.327661	-0.289613	-0.275697	-0.198351	-0.163620	-0.071124	-0.196044	-0.199329	0.204585	0.034628	0.393825	0.282270	0.310584	0.281049	0.185094	0.295980	-0.120468	-0.161993	-0.270269	-0.187845	0.227964	0.224050	-0.033213	0.228210	0.006555	0.105328	-0.403729	-0.122941	-0.321730	-0.217219	-0.219616	-0.206890	-0.074421	-0.136172	-0.547572	-0.375458	-0.369944	0.112658	0.007845	0.183390	-0.340436	-0.361502	-0.376648	-0.396491	-0.269297	-0.273424	-0.482345	0.079512	0.088183	-0.431428	0.068880	-0.220431	-0.111764	0.006413	0.016325	0.417373
0.185975	-0.028303	0.462718	0.655789	0.050627	-0.280929	0.182073	-0.052917	0.379426	0.481237	0.372902	0.652878	0.134669	0.402918	0.137037	0.009513	-0.137391	0.061500	-0.164863	-0.026637	0.281196	0.363628	0.029305	-0.315599	0.135641	0.166912	0.100778	0.170190	0.071841	0.043512	0.638052	-0.126938	0.287732	0.298809	0.244463	0.222645	0.420064	0.482760	0.477522	0.284517	-0.178781	-0.203912	0.132870	0.017931	0.586626	-0.015516	0.086520	0.455542	0.123313	0.194946	0.039741	0.526413	-0.092481	-0.289554	0.310428	0.155473	0.176365	0.344295	-0.218893	0.072094	-0.080555	0.123734	0.369019	0.303666	-0.073790	0.103284	0.172820	0.008648	0.067503	-0.027265	0.740471	0.541478	-0.174361	-0.131096	0.320257	0.076126	0.559678	0.452802	0.299110	0.214796	0.298242	0.432283	0.341516	0.484174	0.552498	0.426670	0.545009	0.496523	0.378138	0.371529	0.473512	0.547889	0.244530	0.109298	-0.194549	-0.010952	0.243026	-0.104420	-0.082585	0.000821	0.204369	-0.224517	-0.479731	0.276910	-0.093202	-0.256871	0.193257	-0.063216	-0.041177	-0.225666
-0.372394	-0.171070	0.710820	0.245203	0.517066	0.868746	0.265231	0.235239	0.537524	0.543147	0.685234	0.090695	1.283366	0.537535	0.782257	0.328696	0.444350	0.365042	0.468717	0.519838	0.286775	0.285072	0.136977	-0.005454	0.330521	0.730797	0.010768	0.082520	-0.122908	-0.124768	0.601278	-0.647624	1.014329	0.534663	-0.184831	-0.273454	0.620549	0.328536	0.388087	0.234784	0.643526	0.226779	0.067970	-0.101172	0.221551	0.091824	0.697649	0.500872	0.264701	0.495053	1.173909	1.006171	-0.402465	-0.852891	0.474711	0.241935	0.451493	0.388482	-0.249606	-0.208325	0.025060	0.036203	0.112423	0.158910	-0.133542	-0.368247	-0.402387	-0.453384	-0.110154	-0.579968	0.581969	0.472345	0.128752	0.085152	-0.173818	-0.153457	0.280675	-0.047296	0.127802	-0.085832	0.757571	0.477137	0.656685	0.539745	0.581443	0.596896	0.327649	0.403564	0.953907	0.493602	0.577285	-0.023095	0.260689	-0.113799	0.701032	0.623809	0.712554	0.650565	0.588937	0.614631	0.593882	-0.070338	-0.155092	0.921810	0.002299	0.389018	0.253208	-0.297779	-0.057377	-0.456411
-0.439572	-0.305999	0.298087	-0.353154	-0.152508	0.314435	-0.505155	-0.344878	0.150676	0.370258	0.099978	-0.444869	0.649993	-0.009798	0.644990	0.267725	0.840507	0.477158	0.560261	0.505124	0.026917	-0.146666	0.295052	0.192308	0.496537	0.562130	-0.080889	-0.095800	-0.032580	-0.228307	-0.057962	-0.201340	0.673904	0.209042	-0.187828	-0.332063	-0.003689	-0.179163	-0.580032	-0.258625	0.393408	0.097789	-0.476382	-0.310734	-0.107056	0.101586	0.516437	-0.208114	0.086253	0.245469	0.647370	0.126287	-0.143577	0.005154	-0.119192	-0.291694	0.218774	0.012907	-0.278540	-0.403703	-0.077161	-0.342455	-0.026645	-0.084210	0.467810	-0.247303	-0.481070	-0.379690	0.195980	-0.473659	-0.129319	-0.123919	-0.061271	0.002768	-0.198217	0.068820	-0.217157	-0.246753	-0.106374	-0.120352	0.312733	0.237360	0.270137	0.181807	0.074486	0.285889	-0.010754	0.071857	0.347217	-0.098379	-0.028414	-0.260497	0.107209	-0.049689	0.825377	0.469050	0.394717	0.460823	0.714966	0.648174	0.097772	0.426818	0.487626	0.488532	0.202632	0.671965	0.113383	-0.325341	0.073410	0.105244
0.070660	-0.417974	0.122824	0.185730	-1.057428	-1.445863	-0.954741	-0.986249	0.599022	0.634997	-0.215420	0.280447	-0.784629	-0.041005	0.034913	0.364287	0.792916	0.813229	0.123393	0.366414	0.379427	-0.134165	0.772400	0.119474	0.644294	0.326231	0.171782	0.306407	0.566171	0.101700	-0.276676	0.596179	0.169403	0.153515	0.445380	0.374953	-0.315773	-0.186906	-0.862010	-0.249641	-0.587786	-0.235025	-0.544393	-0.501612	0.215285	-0.233013	-0.282549	-0.686815	-0.004322	-0.024853	-0.930036	-0.687262	0.744955	1.129965	-0.283485	-0.628026	0.092677	0.221218	0.074986	0.229955	-0.104630	-0.359636	0.040624	-0.225996	0.812205	0.529868	0.315518	0.328204	0.955585	0.237267	-0.277726	-0.432675	-0.848400	-0.335390	0.784523	0.580928	-0.067730	0.324735	-0.156108	0.217670	-0.333616	0.307927	-0.100380	0.381943	0.189905	0.284868	0.579804	0.419046	-0.528521	-0.292478	-0.007942	0.782277	-0.062478	0.149430	-0.656176	-0.527611	-0.081337	-0.725425	0.016321	0.180812	-0.308689	0.648266	0.226282	-0.490785	0.154087	0.190309	0.242713	0.104962	0.163063	0.569923
0.394756	-0.531853	0.440839	1.132046	-0.654066	-1.602975	-0.246500	-0.489495	1.872950	0.933639	0.256580	1.166482	-0.652514	0.901790	-0.080183	1.102358	0.658514	1.564664	0.194031	0.955203	1.243991	0.418255	1.326374	0.293812	0.611578	0.804508	0.677520	1.062334	1.109325	0.684645	0.046131	0.792573	0.567817	0.835118	0.824350	0.952618	0.236163	0.108841	-0.031767	0.397314	-0.660418	0.161677	0.245142	-0.545249	0.385370	-0.522934	-0.555407	-0.370890	0.257643	0.154791	-1.175689	-0.292891	1.454572	0.826266	0.573290	-0.199510	0.520647	1.177586	1.057437	1.366643	0.394546	0.227780	-0.205345	-0.374727	0.206916	0.925696	1.066213	0.964252	1.380101	0.634594	0.015125	-0.335849	-1.358736	-0.370300	1.680399	0.672754	0.234010	0.735820	-0.325832	0.387608	-0.191015	0.466774	0.060693	1.111010	0.909751	0.752163	1.435927	1.067118	-0.586074	0.312007	0.891189	1.852136	-0.114334	0.117070	-2.140822	-0.991632	0.182300	-1.349104	-0.534384	0.048642	0.286801	0.535728	-0.643533	-0.794492	-0.127697	-0.048884	0.738320	0.789755	0.132778	0.142896
0.129107	-0.598872	0.454405	0.889302	0.735049	0.399351	0.734040	0.728048	2.031520	0.258247	0.391977	0.361027	1.034727	1.644980	0.437043	1.749216	0.510910	1.871948	0.999804	1.794660	1.437046	0.761136	1.189540	0.767942	0.258052	1.295547	0.809263	1.205010	0.945680	0.942288	0.203212	0.465391	1.211979	1.463243	0.226811	0.635714	0.765431	-0.067093	0.585818	0.664746	0.382826	1.000570	0.876224	-0.352258	-0.342408	-0.145857	0.168829	0.374186	0.613192	0.497868	0.360840	0.488544	1.144408	-0.558195	1.302408	0.452353	0.843684	1.729563	1.951275	1.706202	1.090281	0.814666	-0.814265	-0.363451	-0.652028	0.352343	0.763433	0.908032	0.837557	0.264356	-0.073296	-0.166694	-0.850550	0.067006	1.248070	0.085842	-0.223159	0.198355	-0.733663	0.264722	0.473708	0.050719	0.256084	1.247998	1.045205	0.922409	1.075288	0.863716	-0.075800	0.763812	1.291838	1.344486	0.060476	0.026726	-1.618633	0.032483	0.979725	-0.476053	-0.173463	0.390004	1.072161	0.503992	-0.707331	-0.112611	-0.233734	0.689603	1.101525	1.116852	0.211344	-0.670618
-0.249515	-0.520286	-0.356616	-0.461828	1.389356	1.950025	0.809789	1.162100	0.035256	-1.349982	-0.693694	-1.779862	1.855288	1.012940	0.742287	1.193883	-0.124555	0.693607	1.271478	1.241499	0.490032	0.466364	0.079411	0.704944	-0.394367	0.418029	0.241347	0.325432	0.304555	0.666506	-0.042210	0.101479	0.691724	0.999611	-0.860966	-0.135772	0.399278	-0.609207	0.082221	-0.134649	0.907073	0.944336	0.304152	-0.084369	-1.307970	0.634392	0.934346	0.782759	0.696569	0.532539	1.533571	0.467801	-0.082750	-1.243411	0.723515	0.520193	0.138968	0.911346	1.550926	0.548257	0.953159	0.614493	-1.039188	0.115152	-0.708553	-0.573122	-0.284960	0.344671	-0.392673	-0.338537	-0.564578	-0.054175	0.266019	0.411389	-0.180647	-0.652335	-1.145768	-0.764861	-0.999920	0.090724	0.450065	-0.898484	-0.177114	0.113681	0.089593	0.227785	-0.507691	-0.354520	0.062903	0.201958	0.200121	-0.466114	0.378895	0.219269	0.421556	1.535082	1.188956	0.963713	0.535518	0.489797	0.590229	0.473729	0.269963	0.815553	0.068962	1.507360	0.760052	0.563521	0.447305	-0.836642
-0.152369	-0.189732	-1.364700	-1.386622	0.802687	1.291530	0.273665	0.377036	-2.506937	-2.518733	-2.059751	-2.938175	0.533808	-0.570254	0.190691	-0.438344	-1.304111	-1.595220	0.032710	-1.165411	-0.685258	-0.024630	-1.334595	-0.380011	-1.157288	-1.697942	-0.551114	-0.971930	-0.154903	0.135999	-0.267571	-0.314265	-0.937512	-0.428338	-1.341177	-0.531700	-0.444787	-0.683495	-0.685735	-1.290726	-0.014387	-0.377567	-0.896444	0.048312	-1.378649	0.859982	0.692723	0.501697	0.379811	0.211181	0.854535	-0.128186	-1.380884	-0.590839	-0.604317	0.058546	-1.262142	-0.764570	-0.234906	-1.182392	-0.285789	-0.304980	-0.357259	0.820489	-0.177271	-1.079161	-0.929766	-0.126554	-1.438571	-0.517084	-0.707123	0.040115	0.947784	0.140216	-1.267973	-0.954881	-1.340065	-1.142778	-0.757317	-0.186063	-0.574141	-1.548082	-0.927541	-1.517889	-1.115223	-0.904973	-1.759856	-1.493787	-0.370990	-0.897946	-1.550112	-1.975578	0.550630	0.495743	1.783671	1.774465	0.231060	1.502954	0.564523	-0.032050	-1.013126	-0.052818	0.944316	1.182121	0.458455	1.041183	-0.357629	-0.627431	0.500506	-0.321407
0.352745	0.436315	-1.574148	-1.103570	0.253231	-0.107530	0.228524	-0.521451	-3.255263	-2.067875	-2.104995	-1.769751	-1.296232	-1.677585	-0.888016	-1.842580	-2.094776	-3.212853	-1.758520	-3.439865	-1.201524	-0.197997	-2.163574	-1.658843	-1.625471	-3.110874	-0.918195	-1.786954	-0.445313	-0.481665	-0.239805	-0.850150	-2.023806	-1.632910	-0.797011	-0.528937	-0.721909	-0.104134	-0.452533	-1.523402	-1.081102	-1.611371	-1.133158	0.136213	-0.480108	0.288047	-0.219491	-0.043615	-0.236801	-0.260529	-0.485142	-0.385180	-2.086154	0.245365	-1.175790	-0.166800	-1.825750	-1.845742	-1.860311	-1.843883	-1.413708	-0.960501	0.670235	1.046301	-0.211687	-1.126228	-0.767013	-0.370581	-1.692573	-0.348371	-0.145904	0.114240	0.779212	-0.466935	-1.408863	-0.846634	-0.309607	-0.696195	-0.037777	-0.596984	-1.349777	-1.246698	-0.965282	-2.119166	-1.536920	-1.510524	-1.627892	-1.603652	-0.696840	-1.308291	-2.276357	-2.172174	0.370065	0.386705	1.629384	0.614621	-1.132039	0.871858	-0.150634	-0.729645	-1.940178	-0.954432	0.438408	0.735170	0.414613	-0.612161	-1.696423	-1.409145	0.207209	-0.114723
0.731303	1.130309	-0.825820	-0.338050	0.644507	-0.157742	0.801654	-0.548939	-1.818391	-0.345223	-0.615355	0.562686	-1.450853	-1.606033	-1.624894	-2.080219	-1.538681	-2.836519	-2.278203	-3.209421	-1.204595	-0.232336	-2.056990	-1.881783	-1.368245	-2.310395	-0.800214	-1.659917	-1.030909	-1.228551	-0.242316	-1.054063	-1.436952	-1.771749	0.110372	-0.669547	-0.183257	0.355089	0.620494	-0.551581	-0.558063	-1.325831	0.043640	0.306091	0.454010	-0.302211	-0.664782	-0.234116	-0.828532	-0.704928	-0.630327	-0.251252	-2.029953	0.164073	-0.510539	0.252426	-0.641457	-1.522267	-1.785629	-0.909298	-1.146798	-0.624992	0.923412	0.434088	-1.058169	-0.924590	-0.516493	-0.781751	-1.217028	-0.343388	0.567123	0.161602	0.270809	-0.658694	-1.106520	-0.728184	1.116457	-0.012810	0.782066	-0.702194	-0.749204	-0.213043	0.082545	-1.039412	-1.043935	-1.113935	-0.695780	-0.870454	-0.373755	-0.548030	-1.352204	-1.352595	-0.108243	-0.157747	1.017143	-0.474202	-1.694145	0.003490	-0.766339	-1.081879	-1.020906	-1.380833	-0.420287	-0.260177	-0.093321	-1.989757	-2.438767	-0.938223	-0.082466	-0.724975
0.652617	1.378613	0.127515	-0.041624	1.103852	0.706737	0.990765	-0.066374	0.218609	1.225638	1.102992	1.961821	-0.133801	-0.931075	-1.487986	-1.451262	0.060454	-1.033267	-1.174856	-0.700724	-1.138875	-0.611374	-1.193327	-0.884278	-0.449172	-0.074130	-0.583699	-0.771231	-1.661217	-1.766185	-0.474308	-0.540781	-0.026162	-1.187869	0.462373	-1.010960	0.335957	0.101809	1.180224	0.596830	1.175980	0.174563	1.242684	0.327329	0.725734	-0.363569	-0.367351	-0.100472	-0.983350	-0.923678	0.261160	-0.344226	-1.215438	-0.421191	0.408271	0.802930	1.253156	-0.421988	-0.371989	0.432949	0.136641	0.229091	0.121919	-0.552157	-1.463513	-0.370488	-0.766823	-1.436416	-0.474193	-0.549252	0.676366	0.196983	0.007509	-0.197808	-0.878680	-0.710336	1.761464	0.353166	1.217113	-0.225532	0.559031	0.764896	1.257171	0.679944	-0.300843	-0.217030	-0.109814	-0.130864	0.322746	0.550666	0.211134	-0.414991	-0.644191	-0.708284	0.702796	-0.598340	-1.222013	-0.235447	-0.750138	-1.078082	0.768419	-0.861206	-0.404442	-1.228998	-0.488147	-2.063925	-2.082756	0.362152	-0.046071	-1.285786
0.269050	0.897295	0.574534	-0.283924	0.363917	0.477507	0.136595	-0.008209	1.276644	1.708187	1.775260	1.761060	0.534128	-0.452216	-0.670716	-0.838919	1.325499	0.481266	0.092397	1.387131	-0.948315	-1.276677	-0.067149	0.306981	0.455449	1.482146	-0.489256	0.200271	-1.440569	-1.388953	-0.592814	0.297164	0.495326	-0.680684	0.127358	-0.975613	-0.002105	-0.431029	0.451976	0.861049	1.875504	1.178039	1.033089	0.034081	0.555200	-0.230616	-0.085134	-0.120973	-0.698558	-0.793896	0.564732	-0.629212	0.150758	-0.392101	0.450015	0.643535	1.893849	0.173009	0.499650	0.646102	0.847483	0.548716	-0.569273	-0.956167	-0.347425	0.499499	-1.048788	-1.644560	0.138445	-0.390253	0.177467	0.242018	-0.032276	0.296486	-0.614351	-0.477087	1.315251	0.461917	1.059753	0.350657	0.972857	1.115629	1.303894	1.320747	-0.006524	0.244236	-0.112458	0.092822	0.693813	0.784210	0.910933	0.062192	-0.866095	-0.748173	0.230726	-0.412827	-0.538911	0.121292	-0.363477	-0.876385	1.500540	0.111322	0.409406	-1.545837	-0.242570	-1.187563	-0.802238	1.126394	0.102318	-0.576458
-0.061621	0.123819	0.532523	-0.532789	-1.285746	-1.209703	-1.196157	-0.473303	1.048141	1.401639	1.242023	1.047054	-0.505890	-0.180125	0.159786	-0.702851	1.307775	0.723090	0.246272	1.106354	-0.481978	-1.566608	0.616717	0.714099	0.735881	1.344699	-0.443374	0.522274	-0.259802	-0.035980	-0.148459	0.737893	-0.290392	-0.392679	-0.177086	-0.243900	-0.957111	-0.363620	-0.848475	0.377804	0.259936	0.593750	-0.208370	-0.090138	0.541892	-0.236160	-0.237287	-0.276265	-0.585536	-0.574495	-0.272090	-0.320590	1.316090	0.422966	-0.440745	-0.351708	0.665311	-0.243199	-0.257049	-0.399022	0.249331	0.079886	0.191428	-0.187986	1.534026	1.041771	-0.601332	-0.766604	0.524661	0.466580	-0.174978	0.374074	-0.172554	0.125955	-0.105367	0.162225	0.419441	0.708540	0.661278	0.504123	0.150358	0.890151	0.199914	0.374202	-0.287417	-0.060410	-0.064198	-0.140292	0.450344	-0.072786	0.273561	0.183484	-0.426206	-0.017134	-0.556745	-0.671643	-0.261179	0.482930	0.053991	-0.412664	0.600117	0.799802	0.998155	-0.958870	0.514477	-0.242566	0.661912	0.606208	0.018375	1.316546
-0.165350	-0.179197	0.441775	-0.432657	-2.279923	-2.434540	-1.936553	-0.696267	0.191277	1.033541	0.198340	0.934323	-1.915957	0.310127	0.420874	-0.844456	0.432095	0.183082	-0.335608	-0.587391	0.027032	-1.003865	0.423430	0.312748	0.464188	0.417876	-0.392409	0.061197	0.767722	1.223783	0.697226	0.608945	-1.149466	0.045905	0.068040	0.661684	-1.445215	0.469428	-1.453835	0.119714	-2.177868	-0.765234	-0.904660	0.491375	0.784401	-0.080154	-0.317402	-0.014522	-1.119402	-0.704433	-1.074736	0.748605	1.392298	1.092695	-1.324932	-1.311151	-0.956227	-0.910529	-1.596460	-1.342846	-0.713295	-0.406334	1.968365	1.243192	2.315550	0.670596	0.370051	0.676288	0.814479	1.396344	0.120286	0.633219	-0.427470	-0.568754	0.433776	0.793859	-0.206536	1.127662	0.548617	0.500432	-0.673829	0.489234	-0.804279	-0.883913	-0.641502	-0.489161	0.451914	-0.504214	-0.007190	-1.008440	-0.767988	0.388671	0.535494	1.162241	-0.765831	-0.951727	-0.070196	0.519887	0.540431	0.284556	-0.616394	0.978057	0.997154	0.095281	1.172042	0.376184	1.466580	-0.445333	-0.140558	2.850333
-0.122401	0.157664	0.452974	-0.061430	-1.697271	-1.628748	-1.615198	-0.268233	-0.441811	0.697931	-0.572063	1.182433	-1.860177	0.915049	0.066946	-0.803083	-0.198663	-0.151669	-0.449183	-1.347700	0.351079	0.087016	-0.218704	-0.260936	0.108978	-0.006338	-0.385547	-0.515122	0.764246	1.279860	1.224063	0.250533	-0.960813	0.523827	0.385084	0.911731	-0.825648	1.254843	-0.938566	0.486450	-2.753311	-1.183211	-0.374798	1.248845	0.765599	0.411467	0.114915	0.711100	-1.762206	-1.078157	-0.787017	1.498211	0.419011	0.870226	-1.231909	-1.218483	-1.144132	-0.775331	-1.653634	-0.981148	-0.796045	-0.267934	2.599596	2.006962	1.246083	-0.222912	0.829301	1.276633	1.071099	1.352564	0.579372	0.798586	-0.544005	-0.968799	0.658181	0.715462	-0.402903	1.192111	0.659576	0.787966	-0.570136	0.155622	-0.726778	-0.931681	-0.496859	-0.264113	1.027507	-0.669743	-0.124921	-0.907922	-0.952380	0.745941	1.229520	1.844302	0.057364	-0.498060	0.479555	0.426638	0.993967	0.732117	-0.661059	0.745309	1.014001	0.755010	1.265145	0.653575	1.208502	-0.774813	0.050431	2.643831
-0.021909	0.586606	0.294327	0.295432	-0.156566	0.415058	-0.557432	0.268493	-0.323254	0.038503	-0.654046	0.804145	-0.292883	1.023574	-0.418351	-0.313743	-0.110494	0.018991	0.302363	-0.326774	0.582915	0.875920	-0.390364	-0.476425	-0.085375	0.199163	-0.370431	-0.456068	0.245362	0.292503	1.005184	-0.157530	-0.057868	0.414715	-0.012939	0.347993	0.350222	1.141865	0.124849	0.819578	-0.672817	-0.115998	0.520458	0.979993	0.107100	0.660780	0.672305	1.107564	-1.440680	-0.958830	0.184608	0.933839	-0.512340	-0.024549	0.005712	0.014667	0.205089	0.235273	0.002862	0.392983	0.042596	0.222678	0.811392	1.337393	-0.491791	-0.621913	0.231589	0.371829	1.065638	0.135194	0.372985	0.532624	-0.502545	-0.639171	0.530940	-0.197109	-0.348806	0.465843	0.370759	1.016115	-0.063659	-0.141836	0.020599	0.206465	0.118292	0.499614	0.971327	-0.426843	0.170972	0.208198	-0.041491	0.773787	0.995863	1.245695	0.902627	0.435399	1.044417	0.489783	0.914137	0.456126	0.404212	0.142413	1.351834	0.535812	0.803600	0.534625	0.231136	-0.218318	0.535351	0.928358
0.166149	0.676117	-0.140159	0.435755	1.117399	1.734980	0.601141	0.257431	0.393424	-0.757048	-0.109032	-0.364569	1.313998	0.504629	-0.497816	0.435490	0.271165	0.306654	1.240173	1.227098	0.724464	0.885625	0.155051	-0.232195	-0.118678	0.345933	-0.202396	0.159984	0.201792	-0.603607	0.462514	-0.687368	0.550526	-0.321016	-0.951077	-0.310594	1.029681	0.257567	1.041447	0.469804	2.109824	1.230649	0.795820	-0.424132	-0.770542	0.174530	0.806626	0.649650	-0.062228	0.011282	0.862839	-0.333975	-0.576875	-0.898899	1.613041	1.425003	1.570821	1.175364	1.914888	1.466732	0.898352	0.473493	-1.826144	0.013319	-1.259448	-0.159157	-0.834281	-1.054597	0.517712	-1.230677	-0.445213	-0.063499	-0.540601	-0.051895	0.247804	-1.130317	-0.081369	-0.641462	-0.477044	0.543464	-0.000211	-0.351996	0.364180	1.190045	0.631775	0.988875	0.252931	0.208768	0.567006	1.305854	1.059664	0.204840	0.207470	-0.247227	0.690010	0.936300	1.033113	0.691110	0.204380	-0.250196	1.264820	-0.639281	1.361193	-0.099062	0.151787	0.155479	-0.609883	0.238617	0.747218	-0.820873
0.328973	0.544523	-0.345251	0.414369	1.450792	1.584263	1.233471	-0.150472	0.921383	-0.845424	0.630237	-1.291282	1.933184	0.065230	-0.053236	0.937180	0.480753	0.445764	1.618339	1.881658	0.531919	0.431213	0.684411	0.274301	0.078783	0.239205	0.088273	0.535626	0.584727	-0.742913	0.333789	-1.148005	0.639244	-0.762915	-1.416121	-0.335847	0.833290	-0.418184	1.485452	-0.224239	3.139647	1.494073	0.500846	-1.508396	-1.011238	-0.506488	0.675933	-0.028030	1.076800	1.082185	1.076195	-0.689111	-0.201788	-1.255653	2.441919	1.918181	1.749580	1.306391	2.410577	1.405813	1.151907	0.427756	-2.581286	-0.524281	-0.688113	0.448028	-1.452276	-1.578468	-0.315075	-1.628039	-0.868752	-0.327091	-0.632899	0.138493	-0.014144	-1.099571	0.453404	-1.105965	-1.045754	-0.298569	-0.147245	-0.117040	0.099500	1.225892	0.723738	0.889380	-0.278915	1.046992	0.953546	1.622639	1.481138	-0.340758	-0.107733	-1.301147	-0.139872	0.761780	0.711553	0.817740	-0.289018	-0.526165	1.075271	-1.033885	0.515861	-0.157828	-0.239558	0.061985	-0.653679	-0.077215	0.429231	-1.460737
0.042477	0.301880	0.303815	0.499886	0.886198	0.841428	0.901244	-0.346962	0.624988	0.146267	1.071014	-1.011046	1.821676	0.335746	0.593842	0.915647	0.610188	0.643294	1.343681	1.577094	0.125570	0.178605	0.576579	0.710590	0.519790	0.386761	0.249026	0.195392	0.543531	-0.503743	0.722595	-1.081845	0.779607	-0.199520	-0.981564	0.131782	0.287351	-0.179063	1.287586	-0.467057	1.972592	0.759609	0.149291	-1.116111	-0.371066	-0.477166	0.824820	0.069150	0.863619	1.220443	1.280316	0.395144	-0.268704	-0.892988	1.899937	1.246987	1.067202	0.978888	1.300023	0.567360	0.898367	0.405863	-0.949404	0.053971	0.293710	0.391174	-1.391054	-1.067756	-0.581461	-1.129697	-0.208726	0.195621	-0.429496	-0.055667	-0.093320	-0.066476	1.016165	-0.437689	-0.509719	-0.439999	0.292504	0.810329	0.103873	0.973977	0.764361	0.833550	0.234012	1.905312	1.502383	1.420386	1.327837	0.009149	0.405158	-1.102211	-0.391349	0.531402	0.928699	0.734088	0.250223	-0.013868	0.363168	-0.608816	-0.557342	0.765367	-0.120593	0.605695	0.031944	-0.647146	0.082782	-1.095645
-0.891680	-0.302559	1.571256	0.872691	-0.137100	0.431755	-0.207467	-0.238873	-0.174446	1.378670	1.021272	0.156931	1.602332	1.026088	1.023041	0.699296	0.858149	1.085647	0.778304	1.090762	0.169589	0.406930	0.198626	0.759125	0.859225	0.979114	0.109327	-0.467902	-0.037470	-0.432639	1.027210	-0.478734	1.228179	0.869739	-0.332973	0.384214	0.059529	0.623221	0.444605	-0.142644	0.172287	0.115316	-0.216838	0.015417	0.426171	0.189700	1.303815	0.886896	-0.133155	0.480279	1.495078	1.642614	-0.741828	0.054170	0.544152	0.117918	0.532136	0.995514	-0.186668	-0.112901	0.418417	0.437310	0.883193	0.712206	0.711758	-0.188135	-1.034531	-0.496064	0.211474	-0.742435	1.025072	1.032680	0.034017	-0.237887	0.182063	0.971372	1.157727	0.677226	0.672162	0.328420	1.229510	1.955741	0.945609	1.321174	1.196347	1.361670	1.578500	2.578743	2.058332	1.291623	1.236848	1.109483	1.022676	-0.199197	0.086227	0.681570	1.724191	0.415567	1.341487	0.704882	0.072855	0.264288	-0.847703	1.940814	0.342218	1.312983	0.830363	-0.646303	0.285015	-0.577651
-1.775160	-1.220193	2.288568	1.323250	-0.943906	0.263452	-1.117329	-0.285969	-0.528190	1.670785	0.669772	0.976355	1.356732	1.368548	1.011296	0.777891	0.950287	1.471334	0.277057	0.760180	0.925614	0.820604	0.253245	0.394356	0.702734	1.389313	-0.189255	-0.820762	-0.222870	-0.425057	0.818078	0.042038	1.531289	1.421404	-0.123331	0.211413	0.255951	1.052209	-0.501189	0.151731	-0.712218	0.050379	-0.745451	0.355666	0.605732	0.589659	1.598839	1.386026	-0.456545	-0.086183	1.231555	1.664519	-0.796939	0.963901	-0.383535	-0.565141	0.426315	1.387751	-0.819916	-0.110993	-0.142522	0.280289	1.106540	0.644583	0.444867	-0.478254	-0.647971	-0.300033	1.346471	-0.944239	1.766122	1.271960	0.080241	-0.401636	0.766469	1.108418	0.798955	1.192529	1.201109	0.956810	1.659749	2.322442	1.875042	1.937035	1.724102	1.945604	2.521762	2.688635	1.964418	1.194870	1.338751	1.799344	1.038444	0.392097	0.400707	0.921411	2.052903	-0.080607	1.659055	0.927804	0.222110	0.706084	-0.377041	2.263579	0.700841	1.377634	1.189441	-0.157957	0.816122	-0.479059
-1.536891	-1.634305	1.640778	1.362874	-0.938347	-0.084636	-0.940983	-0.579967	-0.088938	0.904634	0.302855	0.755856	0.867010	1.100023	0.603567	1.035028	0.520763	1.321858	0.010378	0.388147	1.581786	0.965573	0.644294	0.009819	0.201851	1.020996	-0.343049	-0.749820	0.451746	-0.127533	0.376814	0.105461	1.246442	1.181377	-0.090334	0.115219	0.460768	0.688961	-0.722368	0.071587	-0.561567	0.092245	-1.032574	-0.221125	0.281621	0.380961	1.334486	1.002023	0.178357	0.069339	0.441112	0.667903	-0.198464	1.130033	-0.253738	-0.510979	0.288969	1.397882	-0.452023	0.323653	-0.519227	-0.004989	0.377933	0.302272	0.018635	-0.131511	-0.196885	0.023065	1.582450	-1.075798	1.545332	0.722312	-0.610165	-0.758129	1.233226	0.499025	0.389237	0.926309	0.660457	0.710147	1.089276	1.471078	1.721055	1.773871	1.575616	1.655553	2.141374	1.947437	0.932292	0.708211	1.154291	1.372658	0.664272	0.450401	0.158330	0.846181	1.273534	-0.511685	0.785115	0.646582	0.139280	0.418575	-0.026864	1.480790	0.684298	0.728979	0.992965	0.128300	0.942861	-0.642955
-0.233137	-0.901225	0.261738	0.767495	-0.209773	-0.396686	0.015890	-0.543372	0.412325	0.033165	0.026885	0.062817	0.226799	0.594068	0.051243	0.853697	-0.152508	0.626345	-0.031752	-0.013939	1.203018	0.659253	0.633802	0.003958	-0.116939	0.183742	-0.224689	-0.519756	1.043422	0.293298	0.168876	0.072166	0.522918	0.636476	0.173407	0.348940	0.285507	0.021518	-0.112356	-0.070307	-0.186282	-0.089300	-0.518922	-0.457931	0.051738	0.123689	0.666003	0.322573	0.562237	0.294091	-0.180392	-0.092797	0.282087	0.559322	0.287764	-0.136903	-0.063846	0.675382	0.184613	0.579369	-0.365689	-0.053466	0.142579	0.364319	-0.163492	0.310575	0.208839	0.604868	0.724277	-0.488959	0.709774	0.090160	-1.183417	-0.988684	1.102069	-0.024631	0.265136	0.491454	-0.015370	0.184497	0.190678	0.159224	0.507751	0.681174	0.594014	0.544995	0.868667	0.687580	-0.252196	-0.021491	0.475308	0.435786	0.437045	0.400679	-0.103094	0.502424	0.177687	-0.520476	-0.208147	0.269457	-0.239869	0.024870	-0.122800	0.394924	0.436939	0.119397	0.488098	0.071614	0.482473	-0.570962
0.686756	0.301975	-0.495818	-0.039399	0.422548	-0.211115	0.583031	0.103836	0.206116	-0.253068	-0.169285	-0.178776	-0.181385	0.232861	-0.330131	0.106832	-0.415921	-0.093430	0.001052	-0.175676	0.113198	0.097620	0.032013	0.228262	-0.120504	-0.334857	-0.032263	-0.264230	0.569742	0.353635	0.161034	0.216662	-0.147849	0.152906	0.300837	0.436661	-0.174038	-0.254233	0.445347	0.036501	-0.102025	-0.165215	0.421471	0.164056	-0.012929	0.134878	0.011987	0.068322	-0.080782	-0.100299	-0.111422	-0.039246	0.089129	-0.030958	0.275896	0.035351	-0.262857	-0.137737	0.404156	0.353941	0.148815	0.160458	0.317485	0.511876	-0.200969	0.224574	0.241012	0.707107	-0.140470	0.288664	-0.136088	-0.077103	-0.666107	-0.549899	0.412824	-0.078333	0.184318	0.217430	-0.046630	0.129905	-0.229113	-0.468885	-0.524510	-0.333860	-0.391731	-0.348192	-0.103408	-0.248550	-0.534115	-0.314323	-0.187819	-0.064401	0.300949	0.334137	-0.062436	0.129533	-0.132135	-0.060815	-0.245810	-0.011336	-0.288938	0.059041	-0.111208	-0.157083	0.247917	0.072836	0.034614	0.091561	0.011794	-0.134339
0.258955	0.645721	-0.254633	-0.368464	0.361962	0.209758	0.269299	0.652379	-0.405950	-0.225793	-0.238764	0.072358	-0.161998	0.080401	-0.387762	-0.472653	-0.193763	-0.355223	-0.036270	-0.132520	-0.454177	-0.297219	-0.459240	0.179360	-0.137603	-0.296619	-0.071289	-0.048875	-0.344229	0.048582	0.049277	0.155264	-0.406260	-0.197874	-0.148523	0.056218	-0.410962	-0.066631	0.253825	0.173427	-0.164438	0.036800	0.683578	0.635832	-0.255311	0.046106	-0.294616	0.118842	-0.855300	-0.667756	0.280862	0.270504	-0.263768	-0.150523	-0.230901	-0.055535	-0.121756	-0.311315	0.183078	-0.040493	0.336609	0.224609	0.004261	0.133030	-0.341024	-0.229401	-0.123155	0.060802	-0.168957	0.277782	-0.516229	-0.025694	0.394811	0.213931	-0.205740	-0.038610	-0.131267	-0.091003	0.149013	0.244466	-0.219289	-0.208146	-0.539114	-0.474058	-0.556629	-0.377063	-0.226955	-0.374148	-0.000285	-0.005468	-0.292492	-0.060696	-0.059173	0.000763	-0.067752	-0.123107	0.194511	0.382004	0.311533	-0.177888	0.050855	0.184868	0.274076	-0.158389	0.200592	0.250429	-0.136205	0.218571	-0.028871	0.192363
-0.564065	-0.054606	0.088952	-0.091476	-0.017188	0.124597	-0.166272	0.331239	-0.524975	-0.339626	-0.166278	0.118290	0.041809	0.042195	-0.271311	-0.278911	-0.037287	-0.202710	-0.152016	-0.179019	-0.090530	-0.241524	-0.315114	-0.220797	-0.239415	-0.155343	-0.348066	-0.105212	-0.326686	-0.127072	-0.104023	-0.248188	-0.223553	-0.225110	-0.580982	-0.270008	-0.085215	0.083643	-0.192969	0.038264	-0.086105	0.070501	0.031114	0.189673	-0.502434	-0.184627	-0.171843	0.007698	-0.576202	-0.554449	0.292728	0.115212	-0.128183	-0.029448	-0.390805	-0.112756	0.018008	-0.051974	0.012103	-0.055440	-0.002117	0.030460	-0.564787	-0.370025	-0.529370	-0.402570	-0.416002	-0.371313	0.150112	-0.335074	-0.255299	-0.140014	0.491107	0.259643	-0.219833	-0.244524	-0.324689	-0.347742	-0.017068	0.039154	-0.212831	0.126584	-0.028131	-0.049402	-0.098594	0.012266	0.017087	-0.078362	0.223450	0.229263	-0.038892	-0.067935	-0.406801	-0.386423	-0.186292	-0.021150	0.185623	0.277610	0.307636	-0.118816	0.033557	-0.070833	0.433412	-0.089550	0.170783	0.102439	-0.099706	0.088438	0.151414	-0.081024
-0.363207	-0.628231	-0.194060	0.184910	-0.034826	-0.532801	0.027885	-0.452943	0.013093	-0.445453	-0.118584	-0.253935	-0.062497	-0.044450	-0.258499	0.252602	-0.196468	-0.128549	-0.304889	-0.339065	0.257955	0.042632	-0.009910	-0.475429	-0.097451	-0.295038	-0.437743	-0.418960	0.556750	0.084616	0.013226	-0.241534	0.050952	0.130853	-0.050595	0.011412	0.517271	-0.092982	0.005006	-0.157808	0.086375	-0.330332	-0.390440	-0.361057	-0.169923	0.058597	0.069784	-0.248526	0.398580	0.068145	-0.236923	-0.588956	0.203072	-0.041690	-0.031656	-0.015505	-0.128981	-0.151073	0.228373	0.387888	-0.168791	0.038945	-0.454416	-0.158715	-0.571972	-0.133257	-0.228262	0.201812	-0.109557	-0.254310	0.285562	-0.276315	-0.531199	-0.506758	0.153760	-0.396152	0.110002	-0.084629	-0.187614	-0.035722	-0.225355	-0.068864	0.139343	0.165692	0.154968	0.097173	-0.012363	-0.102152	-0.421086	-0.118767	-0.065317	-0.177750	-0.306224	-0.264185	0.041619	0.569247	-0.378974	-0.306606	-0.536433	0.121541	-0.565023	-0.415653	-0.140016	-0.176208	0.016020	-0.341460	-0.176255	-0.185583	0.178656	-0.709837
0.515841	-0.296026	-0.676562	-0.072077	0.171993	-1.010533	0.414097	-0.648274	0.486438	-0.207129	-0.255786	-0.373950	-0.730613	-0.360642	-0.409997	0.253237	-0.302653	-0.546065	-0.521060	-0.424539	-0.222089	-0.017349	-0.290293	-0.290718	0.333229	-0.511991	0.065930	-0.350532	0.818916	0.452863	0.308907	0.658149	-0.084819	0.318071	1.159312	0.535018	0.783412	-0.258434	0.691326	0.014614	0.002593	-0.700017	0.234888	0.058278	0.655730	0.835099	-0.102731	-0.358933	0.712565	0.227533	-0.912703	-1.333684	0.129469	-0.127420	0.008942	0.000985	-0.327672	-0.791232	0.543550	0.731901	0.331406	0.492703	0.209919	0.510055	-0.515724	0.052940	0.327146	1.038540	-0.850840	1.087447	0.425973	-0.142886	-1.007161	-0.787339	0.219391	-0.038258	0.829601	0.601175	0.154850	0.541639	-0.148134	-0.419068	-0.083969	-0.076180	-0.074961	-0.196678	-0.386807	-0.676089	-1.166147	-0.622851	-0.531845	-0.052575	-0.015229	0.294509	0.513063	1.080083	-0.808245	-0.799333	-1.311239	0.139938	-0.927521	-0.355818	-0.958337	-0.331110	-0.323214	-0.723981	-0.540907	-0.100909	-0.044729	-0.818876
0.540549	0.293977	-0.599040	-0.674877	-0.103638	-0.874829	0.018967	-0.202761	0.406117	0.176127	-0.488392	0.221290	-1.573102	-0.823806	-0.515589	-0.369024	-0.094137	-1.268629	-0.778491	-0.478992	-1.043862	-0.650691	-1.021006	-0.054996	0.618887	-0.336974	0.900032	0.581215	-0.182787	0.690646	0.286539	1.573000	-0.667330	-0.176164	1.720532	0.572668	0.498578	-0.018598	0.767496	0.433605	-0.575886	-0.613074	0.988831	0.968051	1.088516	1.147766	-0.764910	-0.323025	-0.028537	-0.347584	-1.300022	-1.482466	-0.187753	-0.064765	-0.766554	-0.268325	-0.204868	-1.240296	0.395279	0.472028	0.938467	0.900721	0.465257	0.584980	-0.513792	-0.287773	0.781989	0.840995	-1.094008	2.543414	-0.017463	0.130807	0.119210	0.237702	-0.312853	0.646781	0.838618	0.838115	0.533763	1.095074	-0.309731	-0.296026	-0.181335	-0.404115	-0.318814	-0.467034	-0.796949	-1.349586	-1.095438	-0.608357	-0.960126	0.302375	-0.140926	0.548988	0.409130	0.608091	-0.741553	-0.806991	-1.201631	-0.308483	-0.453508	-0.137070	-1.082389	-0.550465	-0.780170	-0.977981	-0.922290	0.275479	-0.456270	0.054704
-0.571819	0.143978	-0.107602	-1.125340	-0.862820	-0.614890	-1.158583	-0.208051	0.030117	0.169882	-0.678627	0.840319	-1.805587	-1.032337	-0.418896	-0.924129	0.166651	-1.575062	-0.919188	-0.665664	-1.297646	-1.382559	-1.365642	-0.264212	0.467025	0.240222	1.157421	1.658794	-1.302110	0.655313	-0.256002	1.285512	-1.035793	-0.819264	1.014990	0.103207	-0.000272	0.316630	-0.255593	0.392481	-1.339050	-0.429480	0.483173	0.913925	0.558036	0.310222	-1.252941	-0.345222	-0.838176	-0.838468	-1.186483	-0.857296	-0.300248	0.054950	-1.619487	-0.686750	0.138523	-0.895113	-0.242629	-0.179702	0.902142	0.693261	0.134379	-0.089243	-0.517809	-1.004131	0.682788	-0.408178	-0.445901	2.513049	-0.489961	0.175140	1.565606	1.475477	-1.006022	0.904430	-0.219022	0.076941	0.110040	0.533985	-0.991323	0.143376	-0.062070	-0.438210	-0.285574	-0.508915	-1.031781	-1.547471	-0.426864	-0.213901	-0.999286	0.393921	-0.553749	0.192924	-0.390503	-0.737010	-0.625259	-0.458814	-0.464753	-0.831018	0.304823	-0.279041	-0.316084	-0.904312	-1.129323	-1.193641	-0.904329	0.333775	-0.860480	1.141573
-1.444060	-0.707820	-0.029883	-1.258250	-1.169107	-0.795533	-1.912655	-1.125672	-0.297946	-0.342393	-0.928871	0.385859	-1.107881	-0.787890	-0.204556	-0.927914	0.228241	-0.951467	-0.828698	-0.838916	-0.959315	-1.533449	-0.920946	-0.757691	0.036869	0.532403	0.273810	1.594153	-1.319000	0.233013	-0.947349	-0.076895	-0.619203	-0.613123	-0.211846	-0.338975	-0.384749	-0.001904	-1.545937	-0.510551	-1.526519	-0.646894	-0.990953	-0.457704	-0.560189	-1.026211	-0.997901	-0.514735	-0.780783	-0.523749	-0.626150	-0.053970	-0.426831	0.008206	-1.526404	-0.965840	0.176423	-0.162756	-0.708601	-0.580196	0.381097	-0.017612	-0.128185	-0.601181	-0.440737	-1.615203	-0.110987	-1.443519	0.318687	0.750474	-0.591899	-0.176506	1.403468	1.312321	-1.253375	0.283855	-1.519860	-1.173784	-0.957758	-0.980338	-1.655452	0.166165	-0.146193	-0.241528	-0.311885	-0.471222	-1.035476	-1.098435	-0.087239	-0.183517	-0.863653	-0.062978	-0.543013	-0.254724	-0.887749	-1.653042	-0.850041	-0.109155	0.072868	-0.857511	0.457067	-0.513565	0.534837	-1.203367	-1.085320	-1.130151	-0.500962	-0.032049	-0.815091	1.066905
-1.022341	-1.345758	-0.612959	-1.109786	-0.399251	-1.106090	-1.178775	-1.776843	-0.533882	-0.879183	-1.327210	-1.115723	-0.034402	-0.446662	0.037800	-0.460969	0.276615	0.307831	-0.511587	-0.648971	-0.570490	-0.907099	-0.061310	-0.817723	-0.408257	-0.097247	-1.049031	0.334911	-0.505222	-0.430330	-1.327348	-1.154738	0.233745	0.334934	-0.958982	-0.532312	-0.674680	-1.103692	-2.004857	-1.707223	-0.749589	-0.917353	-1.692721	-1.826175	-1.500824	-1.807613	-0.363374	-0.794739	0.003868	0.344306	0.054059	0.104027	-0.889511	-0.081177	-0.523597	-0.991489	-0.369408	0.139854	-0.443405	-0.464671	0.024680	-0.666330	-0.152917	-0.521633	-0.375705	-1.659849	-1.090750	-1.284567	0.380775	-1.408686	-0.715233	-0.826136	-0.249603	-0.081257	-0.847209	-0.742160	-2.024562	-1.963086	-1.682854	-2.153882	-1.395391	-0.497130	-0.590217	-0.190107	-0.677284	-0.538639	-0.743909	-0.280207	-0.435292	-0.742199	-0.818593	-0.688669	-0.033077	-0.316591	-0.501345	-1.320737	-1.094817	0.047093	0.127735	-0.381252	-0.035929	-0.025927	0.635137	-1.075553	-0.556084	-0.390698	-0.117857	-0.169812	-0.055574	-0.459735
0.242234	-1.144091	-1.172548	-0.595646	0.882189	-0.781831	0.704674	-0.862407	-0.489624	-1.001893	-1.566547	-2.395538	0.641580	-0.434142	0.402807	0.330668	0.467031	1.385026	0.087249	-0.051743	-0.176593	0.131539	0.741367	-0.000327	-0.728312	-1.254228	-1.326006	-0.605049	0.131713	-0.674630	-1.285790	-0.937764	0.658716	0.792546	-0.930615	-0.641595	-0.917865	-2.160129	-1.506253	-2.173071	0.333194	-0.472072	-0.755566	-1.819915	-1.823013	-1.838279	-0.143010	-1.054301	0.801301	1.019898	0.482139	-0.464276	-1.074284	0.118662	0.401685	-0.883377	-1.120302	-0.064799	0.327566	-0.167836	-0.036190	-0.909330	-0.419761	-0.486184	-0.355939	-0.883574	-1.211442	-0.120062	-0.062418	-2.370918	-1.337957	-1.528803	-1.366153	-0.885950	0.002995	-1.190283	-1.637541	-1.874181	-1.619065	-2.208145	-0.198022	-1.388699	-1.007191	-0.513621	-1.058141	-0.736561	-0.216582	0.396770	-1.009382	-1.285003	-0.716019	-0.908605	0.218963	-0.150501	0.040210	-0.509684	-0.831846	0.019539	0.161917	0.126493	-0.438669	1.284489	0.096241	-0.512963	0.159841	0.891016	0.075513	0.386413	0.879570	-1.968752
1.287699	-0.422066	-1.146853	0.163189	1.629702	0.189864	2.266497	1.018412	0.171666	-0.948296	-1.268298	-2.476050	0.747872	-0.623327	0.917872	1.372820	0.401012	1.666568	0.961648	0.519511	0.510293	1.035449	1.300672	1.210329	-0.805617	-1.764256	0.042388	-0.027693	0.353801	0.071582	-0.958113	0.282472	0.368697	0.164204	-0.358997	-0.643106	-0.892020	-2.319490	-0.751606	-1.563380	0.579117	0.544304	0.682396	-0.645886	-1.553135	-1.553568	-0.475539	-1.077127	1.235619	1.118537	0.572056	-1.024927	-0.151750	0.486423	0.510189	-0.842439	-1.472556	-0.185651	0.891530	-0.084914	-0.120763	-0.792913	-1.013145	-0.966970	-0.230792	0.373692	0.056764	1.199342	-0.353594	-1.631916	-2.117781	-1.965685	-0.647208	-0.000109	0.865192	-0.645223	-1.151999	-1.264283	-1.327400	-1.629354	0.783177	-2.059293	-1.079581	-1.053299	-1.035876	-0.988720	0.118457	0.419543	-1.342668	-1.288568	-0.408562	-0.734232	-0.215859	-0.082387	-0.034342	-0.370728	-0.153720	-0.100795	0.479623	0.360701	-0.253810	2.392502	-0.275619	-0.096644	0.496077	1.869360	0.315670	1.245977	1.001791	-1.822120
1.576856	-0.008170	-0.885139	0.569221	1.506731	0.874742	2.372508	1.871495	1.139399	-1.331123	-0.624798	-1.726314	0.632296	-0.567680	1.280189	2.204132	-0.388071	1.061152	1.628968	0.528837	1.176496	1.400154	1.409036	1.674485	-0.596571	-1.146283	1.852306	1.377997	0.644972	1.350881	-0.469806	1.385434	-0.111196	-0.637380	0.398931	-0.304207	-0.378784	-1.640084	-0.251703	-0.561500	-0.260701	0.942256	0.994462	0.269870	-0.991201	-1.140424	-0.798571	-0.808432	1.401976	0.791182	0.497062	-1.017558	1.328205	0.375806	0.004250	-0.928958	-1.282925	-0.019752	0.853409	-0.206121	-0.267729	-0.489679	-1.392154	-1.399423	-0.077634	1.083371	1.783202	1.928700	-0.472231	-0.040343	-2.237042	-1.923279	0.947429	1.601417	1.236733	0.211856	-1.167236	-0.786266	-1.408556	-1.236297	0.514073	-2.475277	-1.008950	-1.450205	-0.741695	-1.180691	-0.236280	-0.373637	-1.432815	-0.998121	-0.217119	-0.750694	-0.805420	-0.102390	-0.290365	-0.764337	0.250190	-0.187674	0.602765	0.383531	0.191501	2.191956	-0.097849	-0.389198	0.102921	1.698848	0.645801	1.608524	0.082218	-0.296320
1.196967	-0.255354	-0.957300	0.213781	1.026235	0.631738	1.306378	0.854943	1.394757	-2.090777	-0.247153	-1.099963	0.539311	-0.244231	1.123637	2.076683	-1.491257	-0.066240	1.409244	-0.104344	1.085839	1.160697	0.833196	0.785188	-0.288806	-0.299729	2.288949	1.930148	1.050826	1.907667	0.064957	1.479196	-0.239552	-0.579404	0.897509	0.235711	0.405669	-0.840657	0.072257	-0.030408	-1.106567	0.064683	0.079607	0.079944	-0.462622	-0.538357	-0.706394	-0.505737	1.390991	0.374487	0.397322	-0.691948	1.734416	-0.468418	-0.396095	-0.925663	-0.877408	-0.021378	0.433844	-0.269823	-0.216908	-0.160898	-1.235299	-1.047764	-0.295212	0.516129	2.311460	1.725246	-0.839592	1.017379	-1.462009	-1.475461	1.569212	2.149286	0.851130	0.370808	-1.352484	-0.739107	-1.618270	-1.132464	-0.590681	-2.565967	-1.061642	-1.454824	-0.586155	-1.169011	-1.107939	-1.428961	-1.372772	-0.897618	-0.469683	-1.227134	-0.856238	-0.079869	0.128542	-0.639525	-0.043777	-0.115833	0.011927	0.312432	0.239218	0.749268	0.179193	-1.125617	-0.694661	0.464297	0.625332	1.111252	-0.914798	0.697966
0.529947	-0.584325	-1.132195	-0.402571	0.749290	0.104008	0.352543	-0.580945	0.493851	-2.171985	-0.315251	-0.877630	0.459672	-0.122294	0.535587	0.919151	-1.769277	-0.987074	0.451752	-0.783132	0.251835	0.655974	-0.128462	-0.576381	-0.139179	-0.249254	1.015999	1.063946	0.911086	1.118931	0.435817	0.594469	-0.024974	-0.015854	0.771115	0.367166	0.853058	-0.409446	0.375764	-0.103728	-0.803615	-1.050167	-0.681050	-0.536035	-0.118700	0.017829	-0.314607	-0.363331	1.073771	0.109619	0.338463	-0.539200	0.471151	-1.233952	-0.296812	-0.580866	-0.539163	-0.434518	0.040052	-0.195354	-0.001281	0.006972	-0.795040	-0.156931	-0.857918	-0.641482	1.143041	0.753025	-1.301621	0.778018	-0.428567	-0.865233	0.783135	1.195470	0.014164	-0.259798	-0.982829	-0.801597	-1.256148	-0.875235	-1.042959	-1.972087	-0.961711	-1.035844	-0.592968	-0.847798	-1.547884	-1.722088	-1.008470	-0.876038	-0.808708	-1.562218	-0.387365	-0.058283	1.066997	0.244664	-0.571575	0.121859	-0.732836	0.166275	-0.139728	-0.652872	0.104466	-1.308468	-1.061305	-0.686207	0.019805	0.153904	-0.929170	0.098263
0.021532	-0.240781	-0.701926	-0.416298	0.714698	0.417328	0.392096	-0.566740	-0.623281	-0.806746	-0.307707	-0.657132	0.472173	-0.371729	0.094396	-0.243340	-0.761813	-1.006490	-0.114391	-0.742693	-0.365126	0.316836	-0.632661	-0.755524	-0.178804	-0.690464	-0.437343	-0.123750	-0.101401	-0.202783	0.414496	-0.399349	0.278602	0.013544	0.169389	-0.223960	0.471674	-0.285045	0.484099	-0.327045	0.407687	-0.830116	-0.291077	-0.460856	0.059689	0.094565	0.175186	-0.142957	0.463913	0.093133	0.476001	-0.457967	-1.099094	-0.855017	0.011313	-0.102347	-0.353808	-0.794320	-0.242424	-0.220199	-0.029146	-0.133433	-0.325591	0.396322	-0.931731	-0.891614	-0.403551	-0.319460	-1.177749	-0.319327	0.106978	-0.231963	-0.074858	-0.017446	-0.571381	-0.728827	-0.060667	-0.464675	-0.214232	-0.335383	-0.104238	-0.646961	-0.203761	-0.347276	-0.413032	-0.269790	-0.855644	-0.764702	-0.212778	-0.409760	-0.531483	-0.985014	0.162671	-0.022371	1.505080	0.885825	-0.468619	0.355170	-0.412956	-0.016800	-0.192224	-0.804444	-0.079236	-0.325319	-0.492991	-0.597113	-0.547487	-0.493915	-0.067797	-0.939380
-0.118444	0.542917	0.329620	0.199865	0.613545	1.511065	1.037783	0.765476	-0.735395	1.103428	0.249376	-0.210779	0.763741	-0.429812	0.249761	-0.372043	0.471086	-0.220146	0.402014	0.041125	-0.104887	0.160361	-0.246984	0.687125	-0.274462	-0.517631	-0.636095	-0.435433	-1.217930	-0.754077	-0.011993	-0.595954	0.588670	-0.463703	-0.253517	-0.945045	-0.639041	-0.248687	0.198473	-0.430712	1.089388	0.621933	0.589649	0.242581	0.117869	-0.310068	0.762689	0.479463	0.002669	0.276372	0.910790	0.081085	-1.286301	0.509340	-0.040502	-0.092221	-0.435361	-0.582249	-0.637738	-0.613772	-0.499069	-0.518445	0.284418	0.381841	0.113643	0.168582	-0.712263	-0.772491	-0.382262	-1.133891	0.058188	0.415669	0.195596	-0.223814	-0.489316	-0.310028	0.548863	0.278465	0.745052	0.068029	1.175814	0.674146	1.030275	0.291508	0.048756	0.292838	0.427389	0.685228	0.713844	0.500279	0.377919	0.285039	0.675035	0.329422	0.922981	0.433670	0.400532	0.378050	1.054345	-0.198340	0.541153	0.141308	0.033852	1.148430	0.538849	0.552618	-0.174856	-0.411950	0.596635	-0.691456
-0.055009	0.700584	1.074099	0.542883	0.257806	1.983879	1.202406	1.535798	0.085847	1.729980	1.097346	0.275096	1.181015	0.242705	0.689606	0.246303	0.468953	0.368721	1.174484	0.665928	0.546511	-0.187665	0.425963	2.181403	-0.374913	0.441760	-0.040963	-0.052679	-1.288399	-0.213606	-0.530166	0.102722	0.817218	-0.380843	-0.050607	-0.861094	-1.766044	-0.246126	-0.252825	-0.494844	0.341672	1.396338	0.557762	0.481173	0.119352	-0.613648	1.355257	1.301070	0.063016	0.396617	1.325434	1.105386	-0.048218	1.443871	-0.584429	-0.665604	-0.803247	0.024765	-1.216865	-1.261026	-1.036244	-0.817918	1.097998	0.470622	1.558255	1.287019	0.308554	-0.493256	0.301743	-0.917351	0.008084	1.005918	1.009613	0.292827	-0.005968	0.502962	0.289215	0.892479	0.893381	0.043925	1.217373	1.111568	1.715359	0.499517	0.356917	0.462166	0.982550	1.290589	1.174658	1.058561	1.048349	1.033695	1.253425	1.148099	-0.083495	-0.625937	1.113482	0.179197	2.012022	-0.437229	1.302215	0.881569	0.245655	1.693724	1.040846	1.258281	1.099679	0.106317	0.358760	0.741281
0.038706	-0.117595	0.913026	-0.009684	-0.191391	0.901708	0.420547	0.719758	0.653641	0.597334	1.565013	0.737637	1.125030	1.218157	0.524775	0.296872	-0.819901	-0.066606	0.852324	0.305858	0.721287	-0.848190	0.500319	1.894840	-0.438307	1.091896	-0.154554	-0.067445	-0.137086	0.592508	-0.672185	0.971474	0.596726	0.568980	0.462621	0.123030	-2.046514	-0.249226	-0.304766	-0.355708	-1.009610	0.254074	-0.561710	-0.132930	0.236957	-0.213904	1.517299	1.682086	0.235687	0.031233	1.114504	1.822974	1.155026	0.997524	-1.082809	-0.955352	-1.016615	0.387053	-1.578777	-1.542666	-1.048763	-0.625408	1.699860	1.063019	1.927525	1.268964	1.295312	-0.011495	0.343628	0.108675	0.505496	1.344980	0.835256	0.218090	0.336012	0.686688	-0.200573	0.994110	0.498652	-0.003594	-0.013203	0.658510	1.039338	0.127398	0.052980	0.062605	0.229463	0.583124	0.857641	0.588486	0.750792	0.424956	1.555341	1.841944	-0.555135	-1.006444	0.737480	-0.026327	0.929883	-0.701560	0.893495	0.492702	0.071914	0.732878	0.622327	0.372940	2.093108	0.450847	-0.407307	1.605288
0.278257	-0.826902	0.274896	-0.946123	-0.402388	-0.840964	-0.616948	-0.421402	0.237175	-0.707823	1.368605	1.428124	0.186792	1.447861	-0.660378	-0.836634	-1.968207	-1.145431	-0.696863	-0.794532	0.324369	-1.347302	-0.055828	-0.058412	-0.242442	0.619249	-1.160463	-0.848925	1.174795	0.818509	-0.171386	1.289307	-0.358537	1.212056	0.592790	1.044915	-1.125617	-0.061444	0.403853	0.547224	-1.328004	-1.571134	-1.284917	-0.536211	0.640177	0.926127	0.786972	1.272799	-0.284891	-0.974688	0.083231	1.501160	1.143080	-0.105381	-0.916256	-0.077606	-0.465216	0.194448	-1.182054	-0.823808	-0.390357	0.163995	1.510226	1.468149	0.754829	0.540484	1.126865	0.182365	0.178046	1.174696	1.407827	1.291732	-0.554678	-0.841703	0.382042	0.146424	0.173265	0.809803	0.554207	0.588471	-0.912661	0.175719	-0.577512	-0.532479	-0.691487	-0.631576	-0.996259	-0.549406	0.105543	-0.536502	-0.183990	-0.922474	0.875097	1.401874	-0.193233	-0.082340	-0.538116	-0.093395	-1.575954	-0.674413	-0.652992	-0.616218	-0.449864	-0.729821	-0.148344	-1.481240	1.683534	0.379885	-0.909525	0.924147
0.681760	-0.332909	-0.042364	-1.256098	-0.295279	-1.532647	-0.959739	-0.107628	-0.712711	-0.564096	0.813383	2.322589	-1.247772	0.540639	-2.038150	-2.139021	-1.895082	-1.742533	-2.287445	-1.662491	-0.034121	-1.125595	-0.481768	-1.829164	0.323702	-0.369474	-1.482942	-1.466944	1.511646	0.427412	0.745212	1.026658	-1.658148	0.431573	0.107658	1.020907	0.433974	0.478013	1.561219	2.265363	-0.184225	-1.879833	-0.381866	0.306067	1.223485	2.220356	-0.748618	0.390701	-1.398677	-2.053455	-1.188743	0.433640	0.150481	-0.426982	-0.150086	1.508047	0.763610	-0.246438	-0.090402	0.714318	0.363728	1.068156	0.494950	0.774960	-0.856107	0.376546	0.129217	0.132409	0.360686	1.704647	1.957140	0.920737	-1.557127	-1.624141	0.422062	-0.125270	1.488251	0.802343	1.506509	1.795086	-0.349600	0.329993	-1.845164	-0.988331	-1.171155	-1.088786	-1.461979	-0.939330	-0.405342	-1.233560	-0.766970	-1.617419	-0.848338	-0.420687	0.414720	1.408714	-1.661926	-0.217755	-3.356479	-0.119450	-1.881145	-1.434178	-0.819254	-1.276195	-0.599053	-2.634147	0.038402	0.155927	-0.873619	-0.207398
0.809792	0.889779	0.076544	-0.662967	-0.210790	-0.660293	-0.570274	1.389229	-1.393919	0.636842	0.321968	2.715028	-2.242752	-0.745879	-2.264580	-2.127069	-1.109318	-1.344167	-2.824455	-1.733513	0.005204	-0.188907	-0.290296	-2.105380	0.772498	-0.715991	-0.039883	-0.926167	0.790926	-0.131295	1.408301	0.638916	-2.371061	-1.261348	-0.554511	0.263108	1.432547	1.104309	2.232970	3.615526	1.069355	-0.351516	1.296259	1.770747	1.586062	2.867721	-2.246804	-0.386407	-1.876047	-2.259833	-1.864444	-0.338596	-0.697864	0.402155	0.522712	2.268896	1.710952	-0.469021	0.817113	1.890504	0.401553	1.272483	-0.653047	-0.752481	-1.563176	1.051259	-0.472549	0.182364	0.582461	1.557538	1.550860	0.476197	-0.785687	-0.816869	0.651512	0.528722	2.570027	1.067335	2.580793	2.721179	0.894503	0.834067	-1.932228	-1.032290	-0.956367	-1.029235	-0.926951	-0.440966	-0.380427	-0.938622	-0.521673	-1.135880	-2.508853	-2.501597	0.449133	2.075905	-1.900310	-0.644347	-3.136672	0.573860	-1.595350	-1.581097	-0.800781	-0.702966	-0.717024	-2.277185	-1.522079	0.091003	-0.567014	-0.166202
0.308696	1.476923	0.141041	0.163974	-0.475840	0.686308	-0.226138	2.003780	-1.528385	1.193287	0.082707	1.891607	-2.124775	-1.345495	-1.126936	-0.691110	-0.719868	-0.496210	-2.177644	-1.207315	0.163194	0.934311	0.214090	-1.402732	0.339523	-0.216048	1.974190	0.398644	-0.183312	-0.581901	1.231810	0.375150	-1.867770	-2.258425	-0.846755	-0.291286	1.057999	1.230943	1.607170	3.116390	1.021962	1.165219	1.751457	2.260076	1.426321	2.424644	-2.552072	-0.766473	-0.985995	-1.372530	-1.611797	-0.236694	-0.580575	1.400060	0.650005	1.404537	1.549932	-0.376627	0.700805	1.605189	-0.393265	0.476485	-1.123238	-1.772346	-1.154957	1.557230	0.004351	0.511388	0.206824	0.856302	0.450435	0.204748	1.074753	1.087199	0.867352	1.405833	2.363814	1.306688	2.656242	2.544371	1.275708	0.906482	-1.107375	-0.811344	-0.355072	-0.586809	-0.184029	0.071010	-0.153432	-0.124690	0.098927	-0.280306	-2.733360	-3.245778	-0.254598	1.246349	-1.305560	-1.053725	-1.560964	0.657370	-0.173127	-1.419232	-0.605783	0.052051	-0.742569	-1.091360	-1.823045	0.197150	-0.242728	1.028306
-0.419388	1.082798	0.004571	0.602640	-0.898453	1.206187	-0.379589	0.665788	-1.179517	0.443106	0.142938	0.218616	-1.021783	-0.874877	0.035819	0.730219	-0.742155	0.081711	-0.822115	-0.415517	0.071067	1.701450	0.523401	-0.915949	-0.909366	0.368911	2.375096	1.031394	-0.694894	-0.856410	0.346778	0.064354	-0.393991	-1.624722	-0.583287	-0.085324	-0.179063	0.686774	-0.066267	0.849412	0.019603	1.168748	0.514480	1.379514	0.961797	1.206886	-1.089303	-0.754841	0.239814	-0.328155	-0.783234	0.261883	0.433790	1.506745	0.520102	-0.167201	0.554745	-0.233213	-0.204611	0.170577	-1.090082	-0.528292	-0.671005	-1.361751	-0.341482	1.087891	1.045030	1.019451	-0.472385	-0.075893	-0.329248	0.256057	2.075765	2.177405	0.817675	1.300006	1.202604	1.287952	1.643916	1.491734	0.515747	0.301256	-0.075095	-0.412086	0.132503	0.077130	0.124852	-0.126013	-0.120000	0.503271	0.495704	0.106676	-1.247267	-2.097824	-0.945902	-0.344763	-0.185140	-0.687741	0.035818	0.009653	1.076196	-1.264159	-0.386170	0.403116	-0.444192	-0.104576	-0.895335	0.270102	0.000284	1.829862
-0.694860	0.642695	0.176380	0.846260	-1.027030	0.579952	-0.648702	-1.241930	-0.284550	-0.484995	0.504603	-0.919446	0.242159	0.227487	-0.024065	0.866889	-0.170207	0.343621	0.680470	0.569277	-0.196400	1.817876	0.591288	-0.805991	-1.697218	0.555647	0.675532	0.139349	-0.623259	-0.785624	-0.395997	-0.426136	1.170276	0.093169	0.152258	0.642285	-0.805619	0.170790	-1.424059	-1.193016	-0.351434	0.255096	-0.619418	0.543056	0.803566	0.124594	1.428471	-0.366614	0.250308	-0.081748	-0.032670	0.308793	1.634553	0.601786	0.607322	-0.933665	-0.211978	-0.228939	-0.769804	-0.859873	-0.650681	-0.524933	0.338524	0.067358	0.349416	0.100262	1.642185	1.456958	-0.325769	-0.715249	0.032183	0.646920	1.258493	1.256444	0.614846	0.122963	0.371270	1.096500	0.584922	0.635789	-0.255085	-0.402010	0.837028	0.301744	0.550685	1.005094	0.259322	-0.748231	-0.140658	0.915578	0.733462	0.316856	0.862544	0.019678	-0.705634	-1.282288	1.235624	0.568094	1.025728	-0.520641	1.360764	-1.041929	0.016293	0.734345	0.575073	0.388015	0.225926	0.101389	-0.053463	1.272227
-0.568102	0.800647	0.986286	1.394674	-0.859480	-0.610631	-0.539583	-1.676380	1.106402	-0.314494	0.993119	-0.575964	0.768369	1.189448	-0.809693	0.052426	1.353107	0.652219	1.773072	1.586344	-0.280673	1.193180	0.713570	-0.233429	-0.805083	0.655503	-1.339344	-1.387493	-0.178531	-0.229974	-0.253558	-0.857723	1.994644	1.616420	1.181746	1.346428	0.013199	0.551358	-1.209365	-1.109810	0.639803	-0.049072	0.043458	1.054151	1.254758	-0.110284	3.290978	0.345526	-0.790868	-0.263632	0.148906	-0.310041	2.239288	-0.654655	0.855373	-0.443078	-0.083778	-0.212499	-0.302815	-0.414060	0.716598	0.675194	1.360966	1.407678	0.967703	-0.327605	1.396249	1.534648	1.058163	-0.658536	1.248756	1.181186	-0.543304	-0.924790	0.556621	-0.885192	0.524268	0.896847	0.333935	0.691814	-0.170219	-0.541840	1.552500	1.238275	1.257497	2.049983	0.772600	-0.944632	0.207069	1.491933	1.260533	1.159009	2.177962	1.693569	0.499704	-0.917983	2.502291	1.632018	1.463336	-0.076371	0.854640	-0.690676	0.701063	1.409469	1.968174	0.647705	0.635591	-0.395762	-0.633655	0.178162
-0.643596	1.074285	1.836955	2.069687	-0.825645	-1.516629	-0.150564	-0.429104	2.370835	0.774828	1.265470	0.633862	0.363226	1.424524	-0.727589	-0.355945	2.748720	1.037384	2.076627	2.186592	0.013112	0.024478	1.052817	1.183355	1.365558	0.982809	-1.711001	-1.895856	0.445800	0.504351	0.611133	-0.950626	1.844812	2.070626	2.108202	1.682840	1.412426	1.658215	0.415146	0.804005	2.038250	0.623402	1.808215	2.277416	1.828373	0.319828	3.179206	1.016959	-1.085859	0.346268	-0.252039	-0.994647	1.854618	-1.468235	0.899420	0.556907	0.584899	0.084623	0.618829	0.862821	1.545923	1.766174	1.975383	1.942074	1.600318	0.234661	0.760571	1.100443	2.549076	-0.060239	2.101738	1.451363	-1.925917	-2.585034	0.667032	-0.626785	1.003606	0.638446	0.583030	1.232670	0.366816	-0.142445	1.724556	1.751565	2.053540	2.541788	1.507396	-0.370027	0.885157	2.083891	2.020935	2.458445	2.088334	2.182095	1.685526	0.037740	2.893507	1.362743	1.466529	1.131367	0.119370	-0.402635	1.372499	1.979934	2.685128	0.873989	0.379409	-1.066744	-1.481477	-0.043332
-0.884334	0.861841	1.742470	2.055638	-0.975483	-1.498628	0.126696	0.868311	2.672950	1.587418	1.129688	1.229831	-0.201211	0.857301	0.755604	0.293158	2.752979	1.167758	1.730399	2.092871	0.590126	-1.054705	1.516137	2.611696	3.019987	1.252412	-0.329504	-0.819564	1.061957	0.784104	1.325164	-0.800233	1.172200	1.433414	2.312962	1.527934	1.743286	2.200405	1.966955	2.421818	2.531234	1.287779	2.480676	2.452976	1.733024	0.615464	1.406788	1.083105	0.273545	1.951715	-0.706996	-0.984787	0.683463	-1.348304	0.773365	1.221112	0.962615	0.638735	0.879729	1.394785	0.733360	1.316797	1.927476	1.622105	1.970378	1.235915	0.312675	0.392700	2.700389	0.463881	1.691263	1.139280	-2.249073	-2.656469	0.706741	0.587371	0.889022	0.170418	0.483017	1.265790	0.553293	0.217633	0.940687	1.179706	2.094518	1.827880	1.639738	0.470029	1.275268	1.894650	2.296419	2.901029	1.028394	1.630127	1.897030	0.453865	2.115059	0.100429	1.186360	2.087638	-0.393159	-0.269717	1.562293	1.866126	2.131424	1.130670	0.140102	-1.495271	-1.834550	0.716736
-0.444100	0.410090	0.552032	0.987729	-0.741905	-0.540317	0.202945	0.858892	1.884995	1.453275	0.735558	0.541355	0.027559	-0.043195	2.363589	1.255845	1.476648	0.975213	1.233356	1.548245	1.200542	-1.294510	1.887507	2.874721	2.880950	1.116907	1.298041	0.779823	1.385959	0.351984	1.275756	-0.681212	0.659781	0.280349	1.451787	0.844427	0.506922	1.192710	2.079700	2.150865	1.896484	1.111863	1.158983	1.039775	0.844931	0.352810	-0.438190	0.372208	1.869225	3.100950	-0.539791	-0.075090	-0.577704	-0.383523	0.850576	1.250460	0.658629	1.054438	0.158403	0.493118	-1.095089	-0.516186	1.201172	0.725180	1.758370	1.809638	0.068698	-0.023533	1.465295	0.473380	0.407062	0.389371	-1.719581	-1.501277	0.596791	1.448950	0.222464	-0.424503	-0.110478	0.449938	0.406894	0.136234	-0.526878	-0.280983	0.931837	0.166624	0.744281	0.898017	0.895061	0.468393	1.548057	1.611301	-0.112148	0.565283	1.213123	0.105521	0.773376	-0.597564	0.999767	2.201165	-0.406368	-0.005381	1.102378	1.296402	0.893882	1.505238	0.295409	-1.318905	-1.205479	1.188045
0.888212	0.191747	-0.769805	-0.408905	0.121514	0.529142	0.193462	-0.171376	0.767615	0.768857	0.311391	-0.701286	0.982236	-0.619149	2.636468	1.446211	0.217141	0.850109	0.801130	0.925903	1.507848	-0.536342	1.855905	1.723284	1.456390	0.787635	1.769873	1.503501	1.177150	-0.302704	0.700848	-0.630842	0.544967	-0.669797	-0.060439	-0.222432	-1.023335	-0.752761	0.699044	0.456003	0.799471	0.332967	-0.789937	-0.614866	-0.123832	-0.099663	-1.151655	-0.572048	1.762416	2.397516	0.338259	1.181819	-1.166974	0.674941	1.092960	0.647862	-0.033148	0.906119	-0.794308	-0.968813	-2.209039	-2.062763	0.147286	-0.334846	1.052034	1.475665	-0.335602	0.191842	0.118080	0.103645	-0.563118	-0.288139	-0.802410	-0.228098	0.498651	1.098935	-0.304747	-0.817013	-0.542456	-0.560093	0.548908	-0.232060	-1.659631	-1.549621	-0.697342	-1.302224	-0.527375	0.749887	-0.029281	-1.516103	0.119208	-0.568690	-0.699028	-0.483903	0.473867	-0.220777	-0.199643	0.107047	1.155290	1.813087	0.077277	0.660229	0.279335	0.941089	0.034600	1.921223	0.552995	-0.686873	-0.008265	0.451855
1.800478	-0.067517	-1.213901	-1.027001	0.811813	0.588796	-0.021338	-1.051343	0.054322	0.192856	-0.156266	-1.396623	1.461609	-0.540223	1.671320	0.751950	-0.099835	1.050661	0.205518	0.252637	1.181369	0.572351	1.121653	0.019102	0.212219	0.644765	0.954042	1.090418	0.509349	-0.452385	0.291195	-0.562714	0.441754	-0.902160	-1.281492	-1.169956	-1.241277	-1.911889	-1.079803	-1.016046	-0.280450	-0.357104	-1.612322	-1.088016	-0.541547	-0.265119	-0.956078	-1.003522	0.105357	0.373948	1.123020	1.872140	-0.827066	0.882726	0.930867	-0.442614	-0.641797	0.131895	-1.116506	-1.644020	-1.680893	-1.995838	-0.640282	-1.023906	0.253504	0.350977	-0.954151	0.707485	-0.415715	-0.207274	-0.602273	-0.590122	0.071600	0.405727	0.407985	-0.050220	-0.546979	-0.800349	-0.444792	-1.008893	1.041536	-0.465249	-1.663803	-1.670224	-1.495738	-1.637994	-1.066558	0.290295	-0.847636	-2.725845	-1.109770	-1.815032	-0.658939	-1.057338	0.140549	0.114761	-0.492060	1.231624	1.315429	1.438598	0.584694	1.401368	-0.413634	0.842529	-0.120532	1.955586	0.523868	-0.253002	0.852050	-0.807601
0.838788	-0.938219	-0.783849	-0.545614	0.306884	-0.629797	-0.664370	-1.195385	-0.328732	-0.124644	-0.772073	-1.242649	0.529927	-0.004614	0.721226	-0.003808	0.169387	1.232647	-0.613891	-0.568212	0.211044	1.229002	-0.213581	-1.163862	-0.089940	0.549816	-0.248828	0.417703	-0.175034	0.082502	0.397992	-0.624325	-0.047061	-0.307225	-1.505645	-1.314026	0.046334	-1.217329	-2.054372	-1.321536	-1.340407	-0.755391	-1.193947	-0.610969	-0.608971	-0.261359	-0.842649	-0.812610	-1.068372	-1.041680	0.851666	1.467108	-0.076462	-0.032225	0.078270	-1.514394	-1.008269	-0.876254	-0.714438	-1.111917	-0.281906	-0.739204	-0.785957	-0.979366	-0.361743	-1.006280	-1.292830	0.836964	-0.489461	-0.204650	-0.251064	-0.753779	0.523102	0.443063	0.041508	-0.848967	-1.041828	-0.541965	-0.330481	-0.940261	1.101420	-0.320456	-0.800468	-0.738333	-0.934556	-0.925378	-0.488807	-0.201094	-1.155604	-2.394015	-1.606616	-1.220674	-0.346978	-0.931966	-0.195529	0.729295	-0.526407	1.151437	0.870620	1.031730	0.413553	1.433141	-0.617915	0.347749	-0.183385	1.208623	0.322607	-0.519412	0.937240	-1.094850
-1.567401	-2.116941	-0.278226	0.333976	-1.177528	-2.075437	-1.513629	-0.932805	-0.871993	-0.412849	-1.339104	-0.719427	-1.184484	0.537017	0.406148	-0.214119	0.047966	0.859317	-1.191756	-1.280340	-0.888850	1.178138	-1.464554	-1.413975	0.150867	0.043600	-0.891719	0.272508	-0.385541	0.773523	0.746701	-0.992213	-0.686112	0.768962	-0.752743	-0.379109	1.566353	0.685625	-1.715182	-0.900447	-2.299395	-1.179961	-0.726822	-0.489905	-0.934118	-0.486605	-1.274965	-0.641944	-0.553573	-0.819492	-0.462610	0.347884	0.199689	-1.300525	-1.017362	-1.876722	-1.211463	-1.531161	-0.092130	-0.062631	0.597721	0.211266	-0.518127	-0.424245	-0.833402	-1.967739	-0.833509	0.307942	-0.799490	0.045231	-0.409851	-1.183869	0.386441	0.313708	-0.632059	-0.605095	-1.920437	-0.403276	-0.836101	-0.952172	0.114036	0.131605	-0.024135	0.280246	0.310406	0.068212	0.515032	-0.500626	-1.026890	-0.937960	-1.523132	0.381073	-0.206638	-0.407356	-1.086097	0.715703	-0.729070	-0.488818	-0.269609	0.340648	-0.662457	0.350570	-0.338566	-0.831501	-0.765336	-0.152873	0.345271	-1.221526	0.577444	0.050278
-3.289187	-2.521371	-0.244111	0.736765	-2.157110	-2.338446	-1.881640	-0.682688	-1.594052	-0.801891	-1.429811	-0.288602	-2.054732	0.798575	0.031685	-0.166218	-0.833006	-0.052075	-1.106154	-1.440030	-1.449284	0.667494	-1.906155	-1.064417	0.270388	-0.903229	-0.746538	0.482642	-0.043979	0.950652	0.821375	-1.340606	-0.846509	1.712975	0.385796	1.081169	2.071394	2.164551	-0.378507	-0.652544	-2.741134	-1.793094	-0.859189	-1.238451	-1.595091	-0.894738	-1.815635	-1.026781	0.568988	0.111916	-1.685196	-0.493998	-0.369305	-1.814406	-1.788415	-1.357869	-1.225022	-1.455639	0.399577	0.659672	0.556444	0.106693	-0.482079	-0.036351	-1.306978	-2.264710	0.317646	-0.466118	-1.143875	0.309616	-1.232339	-1.848250	-0.116429	0.204143	-1.072271	0.267469	-2.410931	-0.580083	-1.756505	-1.272456	-1.503656	0.611892	0.068419	0.584283	1.195102	0.765480	0.969023	-0.373255	-0.726754	0.540121	-1.262759	1.472542	-0.417883	-0.153849	-2.315884	-0.181472	-0.996154	-2.461761	-1.490384	-0.391221	-2.006147	-1.307126	0.008570	-1.993011	-1.675527	-1.442109	0.613127	-1.547690	0.240314	1.362728
-2.824988	-1.637583	-0.465553	0.481903	-1.489527	-1.064367	-1.287791	-0.322215	-1.968793	-1.207302	-0.963186	-0.010505	-1.325488	0.808918	-1.154803	-0.447215	-1.796356	-0.893081	-0.603869	-1.019771	-1.263619	0.022280	-1.517591	-0.647527	0.131171	-1.735857	-0.325398	0.321683	0.408578	0.455016	0.399531	-1.005795	-0.349236	2.063216	1.225946	2.072990	1.522274	2.172834	1.094985	-0.797595	-2.324359	-2.165240	-0.913294	-1.953040	-1.991357	-1.047094	-1.777875	-1.568359	0.606907	0.304964	-1.730365	-0.456279	-1.140408	-1.263429	-2.141787	-0.523844	-0.903198	-0.743777	0.883601	0.926443	0.425581	-0.303460	-1.027784	-0.218583	-1.735628	-2.086250	1.409284	-0.892034	-0.749412	0.345492	-1.962240	-2.214653	-0.553917	-0.051630	-0.784590	0.741197	-1.834092	-0.943185	-2.226460	-1.481274	-2.721796	0.772059	-0.284712	0.279722	1.299530	1.087005	0.555705	0.189518	-0.406071	1.200230	-0.981958	1.395469	-0.701782	-0.504402	-2.944340	-1.172117	-0.935792	-3.353215	-2.111266	-0.616340	-2.613472	-2.448917	-0.121061	-2.147698	-2.207866	-2.039243	0.659782	-1.017231	-0.090008	1.184993
-0.813844	-0.160597	-0.436128	0.076580	0.344039	0.754999	0.029080	0.485049	-1.665216	-1.456958	-0.435833	0.157070	0.047766	0.722606	-2.547574	-0.990496	-1.777307	-1.171107	-0.260717	-0.471827	-0.657664	-0.440974	-0.898744	-0.362289	-0.003132	-1.880512	-0.215932	-0.461200	0.487501	-0.209202	-0.270959	0.125234	0.257285	1.831024	1.376959	2.088910	0.766738	1.027637	1.793433	-0.787220	-1.162599	-1.585903	-0.012494	-1.554979	-1.583334	-0.803638	-0.935156	-1.278350	-0.382802	-0.299279	-0.706818	0.009124	-1.029960	-0.402763	-2.121631	-0.002779	-0.304544	0.125693	1.585320	1.226194	1.061555	0.152103	-1.696909	-0.640505	-1.778541	-1.680100	1.694434	-0.778559	0.357522	0.053348	-1.755595	-1.801699	-0.648621	-0.520414	-0.086487	0.293586	-0.645335	-1.158458	-1.715405	-1.190302	-2.933719	0.390125	-0.471898	0.087654	0.951118	1.122867	-0.218106	0.762939	-0.054269	0.978362	-0.567970	0.710675	-0.528893	-1.012407	-2.193027	-1.232103	-0.415740	-2.812119	-1.964960	-0.297255	-2.021713	-2.346351	-0.832392	-1.137115	-2.000631	-1.809892	0.145376	0.003913	-0.706646	-0.618386
0.985769	0.891441	-0.010578	0.018443	1.779757	1.830187	1.320844	1.586632	-0.938337	-1.331601	-0.308032	0.128798	0.625525	0.545605	-2.588407	-1.065716	-0.406697	-0.979587	-0.188465	-0.112264	-0.007160	-0.351389	-0.421123	-0.025854	0.036645	-1.241605	-0.382080	-1.226727	0.220329	-0.331607	-0.751440	1.250328	0.382770	1.338484	0.872656	1.474668	0.387059	-0.182568	1.341995	-0.173230	0.262351	0.136076	1.522370	-0.171872	-0.493675	-0.553755	0.296490	0.150197	-0.732494	-0.453490	0.308952	-0.093344	0.267165	-0.045750	-1.483528	0.111858	0.221541	0.667154	2.322966	1.832334	2.220583	1.552385	-1.606222	-0.686213	-1.038888	-0.980507	1.080851	-0.380992	1.050676	-0.356861	-0.560780	-0.707154	-0.363172	-0.803185	0.208414	-0.517083	0.065317	-0.957606	-0.520130	-0.648953	-2.316952	-0.391294	-0.170133	0.435207	0.640468	0.885917	-0.575860	0.866997	0.412268	0.411479	0.074270	0.281521	0.260087	-0.964468	-0.238628	-0.195189	0.254402	-1.445756	-1.294978	-0.058328	-0.666491	-1.130266	-1.502092	0.163650	-1.320637	-1.035430	-0.595706	0.768524	-1.507872	-2.367656
1.625980	1.215322	0.554024	0.268900	1.768847	1.701062	1.893489	2.246720	-0.201721	-0.663751	-0.339274	-0.068143	0.144443	0.096631	-0.652583	-0.229958	1.477635	-0.661447	0.007186	0.245006	0.511840	0.371913	0.156676	0.524443	0.128013	-0.257326	-0.251121	-1.095543	0.026636	0.283864	-0.856559	1.501148	0.088296	0.743619	0.053308	0.758675	0.144498	-0.725423	0.170688	0.658284	1.360495	2.150977	2.311224	0.979427	0.656440	-0.697405	1.170427	1.707383	0.527774	0.600144	0.510164	-1.109701	1.757239	0.015492	-0.159907	0.044226	0.417729	0.758247	2.460774	2.225586	2.751344	2.676520	-0.439216	-0.237261	0.422857	0.153409	0.126480	-0.096813	0.489594	-0.469674	0.792785	0.443275	0.268966	-0.320858	-0.147700	-0.668482	-0.028979	-0.381752	0.664212	-0.429781	-1.336352	-1.052948	0.480314	1.002995	0.527826	0.442768	-0.131001	0.580874	1.046695	0.095310	0.838876	0.313265	1.064077	-0.256495	1.792546	0.987904	0.596462	0.009365	-0.381072	-0.407590	0.636325	0.493473	-1.310058	0.690519	-0.569348	-0.142626	-0.817772	1.028789	-1.839930	-2.352927
1.455045	1.132632	1.002133	0.415898	0.639147	0.858491	1.490816	1.824027	0.419287	0.383779	0.055508	-0.128508	-0.435648	-0.714982	1.899059	0.977267	2.506703	-0.254624	0.535581	0.854639	0.717856	1.146653	1.033745	1.055975	-0.033621	0.342986	0.416776	0.052950	0.032954	0.975507	-0.811656	0.976229	-0.134597	-0.095782	-0.689609	-0.091559	-0.485466	-0.721975	-0.912357	0.777838	1.652828	3.046676	1.425496	0.926416	1.285457	-1.152129	1.223067	2.042138	2.302491	2.025978	0.088404	-2.232285	2.067301	0.693842	1.160625	-0.065701	0.426924	0.695045	1.454763	1.543344	1.820803	2.282003	1.103121	0.242551	1.822097	1.391589	-0.554755	-0.226913	-0.658081	-0.135974	1.357216	1.047943	1.136677	0.960411	-0.550859	0.158588	-0.140512	0.209642	1.344467	-0.657722	-0.232404	-1.082536	1.131635	1.204261	0.436755	0.018922	0.819772	0.510203	1.724349	0.228864	1.454938	0.344613	1.072030	0.538326	2.648492	1.065148	0.359649	1.109392	0.524300	-1.127812	1.450848	1.864173	-0.184096	0.134131	0.114246	0.498427	-0.245082	1.247954	-1.136544	-0.704311
1.136907	0.882010	1.252777	0.194007	-0.462312	0.047794	0.414024	0.441041	0.910347	1.247108	0.786365	0.138712	-0.300984	-1.598937	2.962751	1.512529	2.104758	0.452961	1.091202	1.447095	0.407704	1.143131	1.705962	1.071562	-0.668031	0.065054	1.004397	1.349205	-0.173214	0.746470	-0.941990	0.545914	-0.088745	-1.211501	-1.105858	-1.386877	-1.470569	-0.717722	-1.459899	-0.226245	1.068044	2.139718	-0.509750	-0.096680	1.150676	-1.463758	0.717423	0.977421	2.708426	2.342667	-0.247886	-2.324943	0.861764	2.180819	1.585995	-0.068655	0.524443	0.844306	-0.443477	-0.288081	-0.137857	0.441148	1.963418	0.352749	2.204763	1.946868	-0.801389	-0.809422	-0.952910	0.242498	0.908812	0.997715	1.854786	2.237742	-0.452654	1.161643	0.436859	0.417555	1.340569	-0.854752	0.938339	-0.458342	1.494034	0.895283	0.116803	-0.225427	1.532345	1.003113	2.033768	0.533973	1.606287	-0.016729	0.290296	0.961038	1.963338	-0.346410	-0.268473	1.592733	1.100146	-1.612004	1.882332	2.693799	0.967491	-0.893094	0.624285	0.717034	0.443188	1.848089	0.410404	0.836473
0.869674	0.423505	1.157067	-0.292561	-0.686621	-0.349751	-0.593384	-1.113870	1.069931	1.391861	0.920321	0.369404	0.337467	-1.987747	1.901026	0.973752	0.983938	1.363024	1.285251	1.364938	-0.256935	0.186570	1.412818	0.386324	-1.546780	-0.748963	0.737850	1.797485	-0.895234	-0.656246	-1.258606	0.635524	-0.028914	-2.182136	-1.112073	-2.837742	-2.099359	-1.016108	-1.589170	-1.640410	0.128455	0.271872	-1.909880	-1.066630	0.326254	-1.291442	0.297262	-0.360713	1.301467	1.158894	-0.119113	-1.171530	-0.848217	3.304044	1.125842	0.294865	0.655733	1.161346	-2.091295	-2.080993	-1.746353	-1.502016	1.664220	0.159504	1.435122	1.323913	-0.853091	-1.462806	-0.072053	0.154020	-0.009527	0.579687	1.869426	2.528473	-0.150411	1.230627	1.213834	0.117341	0.601892	-0.615854	1.978558	0.286335	1.404966	0.396288	-0.537231	-0.438061	1.411260	1.552769	1.466444	0.555354	1.068156	-0.592005	-0.368425	1.131844	0.524631	-2.275982	-0.783382	1.360287	1.146100	-1.548435	2.049515	2.915442	1.168679	-1.514081	0.644067	0.631261	0.277901	2.412870	1.946029	0.922386
0.575783	-0.181006	0.391221	-0.775326	-0.007135	-0.346458	-0.787667	-2.078451	0.754209	0.832428	-0.138214	-0.028446	0.808340	-1.518457	0.113801	0.055483	0.157741	1.839756	1.100503	0.349431	-0.682731	-1.034516	0.150148	-0.499236	-1.926558	-1.051130	-0.201483	1.294818	-1.679957	-2.202390	-1.451805	0.645749	-0.104880	-2.421147	-0.756377	-3.472406	-1.727093	-1.479095	-1.491011	-2.293503	-0.420245	-0.967686	-1.849998	-1.347942	-0.858988	-0.731697	0.114873	-0.971400	-0.491553	-0.445712	0.378927	0.301122	-1.778733	2.698209	0.673124	0.978288	0.515849	1.123966	-2.333759	-2.419454	-1.991205	-2.285582	0.460973	-0.127066	0.383318	-0.045418	-0.960907	-1.530312	0.631962	-0.319696	-0.810238	0.006968	0.985378	1.626158	-0.358646	0.094388	1.037709	-0.461271	-0.750119	-0.187757	2.477215	0.564495	0.832608	-0.038346	-1.361941	-0.881348	0.486334	1.231646	-0.049247	0.091464	-0.096274	-0.910423	-0.271158	1.244908	-0.549903	-3.098099	-0.765657	0.732409	0.897268	-1.027545	1.672482	2.420586	0.459622	-1.370868	0.061088	0.579253	-0.784432	1.962773	2.666970	-0.047737
0.326510	-0.585216	-1.077264	-1.054606	1.072686	-0.042451	-0.026008	-2.195256	0.273362	0.128503	-1.592134	-0.996987	0.941522	-0.401530	-0.641715	-0.254706	-0.233966	1.231956	0.783957	-0.974765	-0.474135	-1.715183	-1.190663	-0.779291	-1.200951	-0.238916	-0.756104	0.602735	-1.690218	-2.369197	-1.271570	-0.130041	-0.036395	-1.792797	-0.253136	-2.676479	-0.549296	-1.752378	-1.053653	-1.796984	-0.330732	-0.878337	-0.895976	-1.210519	-1.842162	-0.177874	-0.326573	-1.025123	-1.104434	-1.227317	1.090813	1.063597	-1.516994	0.449588	0.783508	1.383392	0.101373	0.353769	-1.141547	-1.228246	-1.188223	-1.908899	-1.107193	-0.518932	-0.086679	-1.072901	-1.175745	-0.685151	-0.211691	-0.540813	-1.375492	-0.735416	-0.284153	0.250846	-1.177593	-1.416095	-0.336448	-0.869351	-2.155307	-0.122070	2.129168	0.325812	-0.003407	-0.410714	-1.906782	-1.447540	-0.624967	-0.180236	-1.761227	-0.572931	-1.378970	-0.809331	0.053230	1.001035	-0.872029	-1.881975	-0.242502	0.448783	0.887152	-0.190357	0.478441	1.180063	-0.126795	-0.783620	-0.489695	0.860175	-1.621711	0.187346	2.386662	-0.710057
0.287844	-0.493436	-2.476396	-1.035521	1.984075	0.479508	1.019483	-1.632586	0.138907	-0.133381	-1.877201	-1.594150	1.074019	0.702211	-0.059275	0.219544	-0.701154	-0.368875	0.475585	-1.577206	0.051764	-1.622610	-1.784269	-0.180260	0.252447	0.970933	-0.313688	0.323105	-0.719842	-0.676869	-0.791613	-1.325483	0.396908	-0.822271	-0.007876	-1.076319	0.490846	-1.507438	-0.204295	-0.872190	-0.056405	-0.227728	-0.327106	-1.214367	-2.032940	0.136449	-1.203745	-1.184248	-0.470184	-1.026278	1.892554	0.969225	-0.596971	-1.844220	1.020366	1.033694	-0.107708	-0.686527	0.254879	0.024127	-0.557121	-1.382707	-2.416086	-1.015844	-0.070754	-0.957075	-1.453828	0.562014	-2.123888	-0.154726	-1.757726	-1.489452	-1.079128	-0.728476	-1.826766	-2.159832	-1.671973	-0.669018	-2.683383	-0.443016	1.116529	0.091910	-0.546276	-0.635092	-1.690354	-1.567326	-1.180785	-1.652431	-2.472483	-0.845414	-1.999938	-0.590196	-0.314029	0.032891	-0.893924	0.757551	0.356299	1.044877	1.335294	0.802942	-1.044990	-0.307026	0.294169	-0.241305	-0.022567	1.428911	-1.197009	-1.824913	1.544011	-0.455805
0.457672	-0.003549	-2.624485	-0.731981	2.267977	0.983284	1.376877	-0.746147	0.400348	0.176453	-0.404650	-0.965535	1.291518	1.157224	0.789798	0.733650	-1.234113	-1.940546	0.081976	-0.994298	0.266538	-1.019585	-1.659480	0.666133	1.206603	1.344107	0.470161	0.160584	0.456674	1.582458	-0.290017	-1.761946	0.772469	-0.253525	-0.409838	-0.053953	0.622334	-0.625524	0.593040	-0.387592	-0.116048	-0.086061	-0.757102	-1.413998	-1.272949	0.373460	-1.694741	-1.367910	0.267869	-0.538772	2.361313	0.547663	0.206653	-2.716614	0.788954	0.385918	0.308115	-0.925817	0.542084	-0.077406	-0.861432	-1.439953	-2.724227	-1.261272	-0.243330	0.137048	-1.781240	1.176305	-3.091962	0.355770	-1.697506	-1.662657	-1.006406	-1.066794	-1.466635	-1.672654	-1.517006	0.258617	-1.727714	-0.512118	0.119873	0.369256	-0.242065	-0.397939	-0.692326	-0.807669	-0.803704	-1.749526	-1.562669	-0.350553	-1.478932	-0.620904	-1.270376	-1.220308	-1.069072	3.052110	0.619221	2.152278	1.801326	1.470855	-1.736146	-0.979311	1.500831	0.105679	1.613473	1.817739	0.150184	-2.464574	0.856063	0.051892
0.688087	0.534716	-1.147433	-0.307300	1.681847	1.099328	0.642893	0.013772	0.586888	0.701194	1.659949	0.545265	1.175090	0.782160	0.868873	0.526634	-1.070073	-2.205146	-0.535223	0.282558	0.006857	-0.276323	-1.382692	0.799411	0.837854	0.753450	0.456814	-0.643355	0.857238	2.329522	0.009030	-0.908195	0.362782	-0.399869	-1.411826	-0.334636	0.016963	0.580368	0.625000	-0.361334	-0.416616	-0.444623	-1.623483	-1.382208	-0.115119	0.775739	-0.870514	-0.852424	0.186468	-0.300565	1.888691	0.182206	0.438787	-2.207035	0.323142	0.435612	1.140237	0.147850	-0.392890	-1.314207	-1.634890	-1.746214	-1.616946	-0.859622	-0.714013	1.270152	-2.099475	0.556888	-1.789248	0.153895	-0.870518	-0.774357	-0.572916	-1.169769	-0.141234	-0.516327	0.142829	1.472923	0.262726	0.128431	-0.160124	1.081334	0.797269	0.406379	0.451675	0.494662	0.289800	-0.132378	0.341881	0.630095	-0.144386	-0.911554	-1.692891	-1.648572	-1.231431	3.439056	0.509475	2.672940	1.640912	1.177493	-0.907577	-0.085090	2.456037	0.423563	3.250748	1.490690	1.044550	-1.267018	0.898078	-0.011272
0.847831	0.879950	0.860911	0.015716	0.439121	0.723029	-0.620442	0.256103	0.398708	0.984203	2.548930	1.618469	0.451106	-0.048442	0.070952	-0.388754	0.126634	-0.724908	-1.284504	1.369018	-0.355237	0.243662	-1.230996	-0.097977	-0.348266	0.347150	-0.594172	-2.219686	0.254751	0.635297	0.057011	0.386366	-0.883724	-0.926658	-2.363549	-1.257743	-0.470524	1.360278	-0.187069	-0.160136	-0.395904	-0.373817	-1.882788	-0.842714	0.563982	1.226943	0.889904	0.479064	-0.729507	-0.375839	0.476497	-0.065854	0.077712	-1.427065	0.296979	1.394361	1.715258	1.711786	-1.464525	-2.178192	-1.822365	-1.468296	0.278887	-0.015314	-0.779298	1.548870	-2.198342	-0.872859	0.896188	-0.984176	0.409514	0.745295	-0.643185	-1.477448	1.185665	0.208497	1.798076	2.160644	1.925969	1.042286	0.382511	1.638882	1.630229	1.293477	0.943536	1.405330	1.395457	1.897847	1.843370	1.309637	1.003321	-1.118277	-0.928407	-0.752360	-0.932823	1.826404	0.312326	1.884842	0.770934	-0.102476	0.739476	1.788446	2.423407	0.834818	3.467229	0.417816	0.657284	0.553530	1.714628	-0.482955
0.782655	0.927703	1.735247	0.139225	-0.782663	0.230916	-1.408280	-0.038976	0.116199	0.903742	1.649424	1.364134	-0.481983	-0.698256	-1.005876	-1.326180	1.406922	1.513174	-1.756178	1.751164	-0.507747	0.218222	-0.971945	-1.333261	-1.125858	0.921718	-1.713354	-3.543127	-0.707688	-2.214105	-0.018359	0.866097	-2.056072	-1.264067	-2.492929	-1.571451	-0.326284	1.059048	-1.040196	0.497756	0.223694	0.601197	-1.073586	-0.013722	0.391392	1.361585	2.042925	1.628762	-1.972373	-0.786006	-0.900242	-0.046848	-0.547498	-1.077672	0.680787	2.198508	1.556926	2.302207	-1.616315	-1.697716	-1.007761	-0.415467	1.512316	0.533241	0.048598	0.814553	-1.838450	-2.078093	2.737480	-2.307941	1.191570	1.719825	-1.338542	-1.829370	1.529101	-0.151756	1.997259	1.805319	2.089138	1.335603	1.096122	1.537239	1.296419	1.509565	0.538427	1.265791	1.736184	2.525155	1.979757	1.098436	1.074459	-0.934287	0.294110	0.561625	-0.154170	-0.319520	0.289170	0.285609	-0.215485	-1.472355	1.679792	2.918499	1.575626	1.204923	2.059690	-0.764659	-0.462224	1.341013	2.651076	-0.516836
0.286953	0.533524	0.870471	0.093775	-1.328752	0.065072	-1.234800	-0.429462	0.117278	0.731885	-0.079449	0.208893	-0.971304	-0.760713	-1.651436	-1.618110	1.444152	2.781891	-1.521422	1.465244	-0.489177	-0.353696	-0.386766	-1.827994	-0.939380	1.802313	-1.756076	-3.180388	-1.218607	-3.732452	0.009677	0.310039	-2.186645	-1.146346	-1.639011	-0.791810	0.056943	-0.168417	-1.137572	1.123253	1.024473	1.773197	0.267307	0.663172	-0.122488	1.116455	1.606949	1.529086	-2.932801	-1.567459	-1.195545	0.417072	-0.967331	-0.838997	0.643506	1.653438	0.755168	1.321449	-0.854010	-0.480132	0.205913	0.666813	1.204049	0.366770	1.177497	-0.349152	-1.033780	-2.343837	2.396594	-2.726331	0.864002	1.425564	-1.714042	-1.525934	0.802416	-1.087770	0.802350	0.727047	0.824351	0.746210	1.134835	0.826914	-0.178942	0.777435	-0.320551	0.317708	0.995324	1.148496	0.964958	0.153255	0.051444	-0.445098	0.780463	0.879941	0.594000	-1.252206	0.425735	-0.884261	-0.723884	-1.932772	1.137973	2.068262	0.556816	1.263626	0.168843	-1.325277	-1.218024	0.606667	2.720810	0.138092
-0.586761	-0.306918	-0.687725	-0.112248	-1.081538	0.223417	-0.540236	-0.404761	0.263083	0.746361	-1.290938	-0.736349	-0.831367	-0.312049	-1.477621	-1.167254	0.166127	2.188613	-0.631400	0.800968	-0.378099	-0.976519	0.293396	-1.123499	-0.331730	1.820582	-0.600296	-0.832717	-1.012396	-2.553571	0.253458	-0.316263	-1.219879	-0.647889	-0.383815	0.435069	-0.024579	-1.322290	-0.608583	1.115193	1.312336	2.074155	1.174529	0.954656	-0.158700	0.909185	0.271558	0.323697	-2.995537	-2.307755	-0.466777	1.012984	-0.936319	-0.181665	-0.249478	-0.117368	-0.207250	-0.310153	-0.006236	0.229406	0.985746	0.983429	0.044633	-0.085442	1.504473	-1.163824	-0.128986	-1.748213	0.617277	-1.818384	-0.088264	0.415811	-0.919738	-0.251939	-0.154263	-1.315811	-0.435319	-0.163492	-0.597250	0.007574	0.314491	0.028879	-1.732270	-0.347295	-0.998306	-0.553632	-0.416651	-1.041800	-0.179323	-0.789683	-1.166264	-0.053256	0.342453	-0.091939	0.867197	-0.474934	0.516826	-0.906927	-0.730089	-1.415271	-0.082859	-0.150063	-0.200055	0.931554	-0.998975	-1.138273	-1.167091	-0.648652	1.445998	0.708134
-1.289792	-1.093974	-1.309368	-0.447734	-0.443167	0.422143	-0.131901	0.096424	0.105765	0.877121	-1.500999	-0.862508	-0.350421	0.320509	-0.683761	-0.446406	-1.064437	0.547546	0.297113	0.064963	-0.083945	-1.042367	0.626822	0.219040	-0.036647	0.947829	0.719630	1.885502	-0.478619	0.249811	0.510448	-0.063042	0.119372	0.161727	0.558196	1.217495	-0.620022	-1.444786	-0.239582	0.554271	0.858981	1.321648	1.201404	0.946619	0.490807	1.119071	-0.471983	-0.678426	-1.845975	-2.199459	0.267618	1.103821	-0.631070	0.738596	-1.230442	-1.657602	-0.763657	-1.049853	0.322786	0.134452	1.169094	0.632489	-0.488336	-0.053464	0.761202	-1.183029	0.500307	-0.819918	-0.710106	-0.232250	-0.574483	-0.064193	0.460959	1.142615	-0.423682	-0.160505	-0.575898	-0.190640	-0.843271	0.038488	-0.598383	-0.331870	-2.172284	-0.893406	-1.117202	-0.615036	-1.625088	-2.217523	-0.577940	-1.037364	-1.499228	-0.016963	-0.073123	-1.134277	0.759112	0.969100	0.467746	-0.151725	-0.573918	-0.712060	-0.515959	-1.859345	-0.578796	0.548588	-1.201057	-0.666967	-0.565390	-1.016442	-0.541134	0.520846
-1.234112	-1.111344	-0.329659	-0.662516	0.061492	0.625324	-0.345507	0.609302	-0.396668	0.848112	-1.113315	-0.383251	0.212374	0.941014	0.043507	-0.032566	-1.032237	-0.571425	0.659934	-0.468851	0.385278	-0.434147	0.513938	1.174009	-0.116189	0.291578	1.039163	2.669760	-0.173772	2.306813	0.415928	0.969811	1.157342	1.260939	0.911238	1.346940	-1.064710	-0.519824	-0.402226	0.109271	0.120999	0.339794	0.722640	0.829196	1.233776	1.571750	0.050780	-0.277875	0.058500	-0.919343	0.323959	0.656112	-0.377043	1.299173	-1.119717	-1.607766	-0.472735	-0.199616	0.314563	0.084531	1.226191	0.440631	0.205482	0.730522	-0.110012	-0.453776	0.804794	0.063826	-0.478568	0.928358	-0.034009	0.651611	0.863585	1.273658	0.152128	1.501167	0.260129	0.560626	0.300172	0.965846	-0.608942	-0.126188	-1.085017	-0.297043	-0.593591	0.171866	-1.892189	-1.598528	-0.102694	-0.386002	-0.578023	-0.099528	0.424851	-0.809691	0.652675	1.683311	0.444353	0.548549	-0.437820	-0.448276	0.303745	-1.901615	-0.558240	0.647355	-0.879933	-0.327838	0.366714	0.023064	-1.874551	0.102210
-0.546772	-0.312333	1.429486	-0.448707	0.088250	1.006163	-0.857854	0.609556	-0.775856	0.543909	-0.634524	0.218858	0.712525	1.495503	0.123266	-0.109756	-0.029691	-0.595076	0.443023	-0.631140	0.745902	0.384023	0.311713	1.137859	-0.215283	0.548128	0.202689	0.864181	-0.215144	2.315266	-0.093311	1.874219	1.633682	2.319856	0.799623	1.263037	-0.853216	0.630516	-0.623962	0.240709	-0.277481	-0.063412	0.311857	0.680634	1.413128	1.753631	1.270836	1.483699	1.619604	0.793793	0.033780	0.437570	-0.217616	1.241899	0.226384	-0.018176	0.674601	1.481443	0.497753	0.796902	1.485306	0.938391	1.366154	1.885101	-0.092471	0.552186	1.031930	0.827754	0.736093	1.108136	1.138182	2.113513	-0.289829	-0.162159	0.932432	2.015768	1.079727	1.460572	1.783073	2.091674	0.362211	0.321012	0.900868	1.059477	0.425384	1.236549	-1.080737	-0.016849	0.728673	0.806894	0.974324	0.217944	1.738604	1.027614	0.646766	1.248704	0.658307	0.732200	-0.300348	-0.448133	1.341348	-0.932669	-0.247783	1.340826	-0.363934	-0.135112	1.545831	1.689516	-1.653145	0.489680
-0.027025	0.465370	2.493569	0.055813	-0.389780	1.379674	-1.171821	0.080735	-0.757141	0.025115	-0.264253	0.658492	0.800467	1.781715	-0.388543	-0.381961	0.643938	-0.360144	0.078461	-0.462921	0.779284	0.855597	0.368251	0.293134	-0.271340	1.062186	-0.814254	-1.670825	-0.150914	1.005984	-0.565678	1.917458	1.439218	2.661993	0.422942	1.339495	-0.233695	1.254688	-0.292956	0.723369	-0.167631	0.096124	0.088456	0.497110	1.009855	1.434355	2.267248	3.339793	1.942973	1.753649	-0.036771	0.874286	0.081860	0.915895	1.613826	1.735620	1.944473	2.496395	1.034896	1.903798	1.695830	1.777826	1.965518	2.836950	0.642789	1.112531	1.333233	1.391922	1.606202	0.702163	2.161576	3.287667	-1.664999	-1.808028	1.150787	0.783375	1.138299	1.861377	2.300035	2.667471	1.172958	0.514925	2.461393	2.064241	1.488417	1.865162	0.303054	1.046155	1.229525	1.778608	2.084126	1.098264	2.981255	3.049364	0.477897	0.360943	1.043562	0.453145	-0.252568	-0.186229	1.332967	-0.434278	-0.015174	2.046596	0.263689	0.016192	2.421338	2.581402	-0.359605	1.561317
-0.195347	0.517047	2.033998	0.240347	-1.016137	1.143896	-1.046249	-0.396486	-0.667386	-0.694284	-0.093292	0.829231	0.069703	1.451290	-0.951942	-0.420532	0.304036	-0.759500	-0.121170	-0.182265	0.660138	0.804799	0.608463	-0.709054	-0.501493	0.689441	-0.894879	-2.402808	0.500855	-0.131234	-0.435454	1.067111	0.537492	1.879655	-0.054675	1.429237	0.194186	1.255474	0.538058	1.004689	0.135153	0.273108	-0.101643	0.362576	0.474073	0.828696	2.557234	3.818816	1.031041	1.461777	-0.068484	1.190915	0.578391	0.770895	1.744936	2.228136	2.172537	1.955078	1.603227	2.495289	1.457340	2.239300	1.733938	3.100471	0.914374	0.689208	1.507407	1.509016	1.571719	0.535240	2.532827	3.364363	-1.509314	-2.024040	0.610722	-0.959287	0.536432	1.399380	1.486112	2.458466	0.575057	0.207240	2.408888	1.763846	1.928676	1.626136	1.418604	0.853741	0.995392	1.765801	2.088322	1.978509	3.241097	3.624674	0.016907	-0.124940	1.253885	-0.046086	-0.497631	0.405572	0.302803	-0.983865	-0.232819	2.028015	0.738700	0.035532	2.037954	1.850090	0.510059	1.861003
-0.655890	0.196052	0.493339	-0.225969	-1.240333	0.029433	-0.510158	-0.226874	-0.825975	-1.543958	-0.219685	0.664997	-1.253726	0.462525	-1.136090	-0.052339	-0.397604	-1.533635	-0.138262	-0.026031	0.684968	0.490363	0.705605	-1.259695	-0.810399	-0.737919	0.098191	-0.731796	1.592623	-0.494321	0.345626	-0.231057	-0.692381	0.375677	-0.460317	1.109176	0.200997	0.906251	1.264454	0.854991	0.323632	0.177404	-0.118135	0.443565	0.065032	0.174275	2.035546	2.407553	-0.326914	0.466149	-0.678858	0.353059	0.886402	0.902758	0.583201	1.177236	0.825245	0.334211	1.831536	2.256800	0.852486	2.046652	0.967139	2.309268	-0.057203	-0.501893	1.227057	1.049193	1.158052	0.981171	2.133692	2.179310	0.265262	-0.626221	-0.172190	-1.427741	-0.080274	0.086589	0.142917	1.614149	-1.327354	-0.404225	0.658819	0.215578	1.321858	0.563238	1.549411	-0.099424	0.130951	0.612495	1.161567	1.995430	2.163453	2.188426	-0.421476	-0.070476	0.981688	-0.542952	-0.994899	0.816924	-0.559968	-1.833172	-0.862310	1.127045	0.565296	-0.206306	0.193708	-0.076701	-0.122548	0.448951
-0.621038	0.375558	-0.920942	-0.855253	-0.806233	-1.382174	0.251242	0.495907	-0.842845	-2.107909	-0.521386	0.169531	-2.148019	-0.641858	-0.946093	0.522503	-0.408589	-1.775639	0.018402	-0.144448	0.786647	0.308270	0.551966	-1.110350	-0.694326	-2.196326	1.147692	1.552073	2.357068	-0.470136	1.167554	-1.417861	-1.407832	-0.928678	-0.656785	0.266022	0.032997	0.345525	1.462452	0.508456	0.426075	-0.044918	0.391916	0.750603	-0.343108	-0.568300	0.754344	-0.025592	-1.221448	-0.338882	-1.755063	-1.315294	0.572135	1.094589	-0.660744	-0.504120	-1.260048	-1.085276	1.640084	1.684696	0.395234	1.468715	-0.101832	0.530597	-1.708091	-1.485388	0.488156	0.307034	0.945349	1.543710	1.080113	0.227977	2.003714	1.045974	-0.472137	-0.244292	-0.197321	-1.624295	-0.668014	0.347500	-3.023752	-0.902126	-1.540711	-1.528099	-0.088116	-0.840958	0.531484	-0.798555	-0.854387	-0.959255	0.013137	0.873544	0.226337	-0.297566	-0.422921	-0.012913	0.205373	-0.860300	-1.354320	0.609687	-0.497607	-2.030058	-1.486082	-0.213784	-0.439941	-0.572400	-1.849197	-1.854144	-1.849987	-1.678372
0.124216	1.177660	-1.328817	-0.894201	-0.020537	-2.174518	0.947553	1.051112	-0.082540	-1.874114	-0.599022	-0.467263	-1.714268	-1.135414	-0.684403	0.852476	0.408053	-1.256040	0.388271	-0.581616	0.590255	0.390571	0.363282	-0.473448	0.138986	-2.652280	1.040637	2.289618	2.151337	-0.421318	1.338873	-2.000679	-0.965596	-1.388483	-0.579131	-0.636750	-0.002879	-0.394648	1.281722	0.249980	0.595999	-0.297015	1.333973	0.998481	-0.849017	-1.491946	-0.863226	-1.929326	-1.246491	-0.579386	-2.175059	-2.217388	-0.186942	1.073081	-0.888394	-1.707113	-2.540141	-1.577771	1.173632	1.303501	0.397179	0.813577	-1.272607	-1.354627	-2.763081	-1.416704	-0.270108	-0.165888	0.750634	1.329729	-0.275386	-1.606981	2.196969	1.633381	-0.066427	1.182165	0.114944	-2.958206	-0.645037	-1.056168	-3.147782	-1.057055	-2.627270	-2.357927	-1.485727	-1.906400	-1.060807	-0.748131	-1.436789	-1.898571	-0.735096	-0.676086	-1.393139	-2.105836	0.023098	-0.428222	-0.816410	-0.907978	-1.191231	0.007356	-0.120680	-1.492378	-1.751719	-1.480517	-1.740148	-0.723045	-2.420846	-2.361498	-3.226162	-2.639217
1.046120	1.770975	-0.821726	-0.272015	0.609280	-1.997411	1.336831	0.972510	1.182022	-0.932794	-0.169120	-0.862367	-0.201112	-0.791053	-0.634856	0.512540	1.157544	-0.687725	0.785424	-1.245345	-0.033031	0.453017	0.337629	0.114156	1.317496	-2.106824	-0.414768	1.039924	1.135670	-0.221328	0.798871	-1.752598	0.367260	-1.031712	-0.158805	-0.932375	0.201083	-1.048479	1.152807	0.088062	0.740514	-0.785307	2.010189	0.824406	-1.226498	-2.408987	-1.963141	-2.365776	-0.691270	-0.550251	-1.017745	-1.405363	-0.576790	0.687703	-0.306961	-2.085072	-2.291107	-1.626148	0.588108	1.066867	0.604934	0.151963	-2.051010	-2.122281	-2.598995	-0.476420	-0.525309	-0.040660	0.092500	0.064491	-1.371085	-2.582361	0.969648	0.994626	0.553667	1.266910	0.296792	-3.273114	-0.323460	-2.115585	-1.842059	-0.947684	-2.126639	-2.047621	-2.056322	-2.148487	-2.200216	-0.303093	-1.436721	-1.759913	-0.894195	-1.568576	-1.647232	-2.165360	0.537246	-1.148086	-1.659510	-0.714739	-0.495508	-0.282630	-0.437911	-0.823651	-1.607510	-2.356449	-2.404708	-0.480282	-1.205304	-1.579792	-3.243424	-1.842793
1.559457	1.463169	-0.139904	0.341830	0.939164	-1.236859	1.454719	0.639107	1.687451	-0.069854	0.578703	-0.665586	1.156658	-0.064422	-0.787299	-0.484639	0.974820	-0.727000	0.774345	-1.883033	-0.654754	0.160079	0.419821	0.192996	2.077636	-1.381192	-2.098929	-0.832868	0.142578	0.266594	0.161278	-0.899809	1.558270	-0.305841	0.624002	-0.427310	0.559732	-1.199789	1.251883	-0.098249	0.541861	-1.605140	1.819451	0.163260	-1.138174	-2.892252	-1.934571	-1.698734	-0.174386	-0.647136	1.182853	0.189356	-0.008256	0.015001	-0.097094	-2.026120	-1.250761	-2.060692	-0.029089	0.609672	0.495149	-0.496248	-1.929023	-1.428293	-1.672918	0.390463	-0.108838	0.537268	-0.881529	-1.398416	-1.757113	-2.572478	-0.376590	0.001824	0.756685	-0.044987	-0.067765	-2.499646	-0.277575	-2.344805	-0.403741	-0.736558	-0.961485	-1.280974	-1.592932	-1.607754	-2.128994	-0.115297	-1.037308	-1.019017	-0.641145	-1.376385	-0.672802	-0.971736	0.791530	-1.520543	-1.913743	-0.371923	0.364584	0.197396	-1.393913	-0.417951	-1.113668	-2.627036	-1.892592	-0.024264	0.468390	-0.436193	-2.205812	-0.448968
1.612720	0.539341	0.142487	0.366155	1.237326	-0.428782	1.578373	0.730304	0.642202	0.082121	1.154802	0.101016	1.382592	0.404654	-0.762797	-1.455918	-0.090841	-1.182837	0.186163	-2.164446	-0.653266	-0.358228	0.465769	-0.244940	1.868767	-1.161265	-2.585116	-1.696112	-0.135911	0.768900	0.013238	0.048816	1.765917	0.351114	1.480168	0.335847	0.767164	-0.806389	1.301560	-0.278733	-0.123161	-2.346373	0.900975	-0.639721	-0.479880	-2.603351	-1.099959	-0.968162	0.032939	-0.779397	2.785169	0.920967	1.083388	-0.633745	-0.918095	-1.888865	-0.647179	-2.792979	-0.625222	-0.188737	-0.210100	-1.021055	-0.999619	-0.272281	-0.694834	0.616146	0.686191	1.100475	-1.420903	-1.817809	-1.422590	-2.008713	-0.867143	-0.515377	0.463451	-1.385537	-0.678725	-1.108085	-0.452110	-1.649070	0.154506	-0.515955	-0.345851	-0.840366	-0.671805	-0.790995	-0.990094	-0.403796	-0.527974	-0.439670	-0.289972	-0.641853	0.214312	-0.027882	0.789159	-1.101325	-1.476185	0.011463	0.924888	1.182472	-1.934973	-0.109317	-0.287554	-2.233412	-0.517147	0.308751	1.153967	0.155130	-1.125375	0.251777
1.509961	-0.187352	0.048519	-0.090738	1.705620	0.169385	1.869756	1.251045	-1.049744	-0.273256	1.229709	0.954637	0.679357	0.394587	-0.151164	-1.489076	-1.247131	-1.370478	-0.489425	-1.860256	0.101577	-0.596487	0.457167	-0.807899	0.731829	-1.446615	-1.518973	-1.043797	0.194688	0.872090	0.276060	0.723014	1.099699	0.716519	1.810119	0.579499	0.388712	-0.366547	0.910856	-0.340579	-0.894153	-2.450447	-0.058316	-1.115278	0.535705	-1.548372	-0.385451	-0.692470	0.293611	-0.432642	2.676831	0.424003	1.593484	-0.887538	-2.034608	-1.581570	-0.864599	-2.878049	-1.144649	-1.075549	-1.318993	-1.369982	0.081567	0.130931	0.137342	0.533980	1.327840	1.177555	-1.142009	-0.876480	-0.721522	-1.322766	-0.606217	-0.423505	0.088137	-1.564031	-0.809491	0.271559	-0.360380	-0.461961	-0.125616	-0.406694	-0.528543	-0.840253	-0.142220	-0.180200	0.292628	-0.793249	-0.089993	-0.254865	-0.075062	-0.122628	-0.062626	-0.220910	0.747474	-0.122867	-0.715461	0.277271	0.942031	1.920434	-1.357895	0.377328	0.690242	-1.460017	0.825166	0.374472	0.727507	0.110603	-0.509036	0.175543
1.366527	-0.376925	-0.075106	-0.435545	2.119848	0.437838	2.132012	1.466189	-1.584687	-0.501784	0.825432	1.292592	0.034572	0.173942	0.928543	-0.373140	-1.756215	-0.948390	-0.551232	-0.998385	0.987001	-0.348485	0.422437	-1.087474	-0.708731	-1.736500	0.039709	0.342707	0.405660	0.534345	0.355178	1.012294	0.361523	0.755734	1.261598	0.080614	-0.625477	-0.331759	0.110930	-0.369493	-1.180439	-1.886146	-0.507408	-1.060742	1.467110	-0.117519	-0.297192	-0.508713	1.032947	0.612971	1.303894	-0.192499	0.962959	-0.585850	-2.139777	-0.933677	-1.294415	-1.832149	-1.512029	-1.736517	-2.305132	-1.628830	0.806221	-0.264095	0.873169	0.652499	1.393462	0.591736	-0.589873	0.484305	-0.041652	-0.591053	-0.229976	-0.063840	-0.106630	-0.703346	-0.263383	1.129785	0.170595	0.544836	-0.591866	-0.558420	-0.757719	-0.752620	-0.268297	0.189541	0.865739	-0.798076	0.215769	-0.067406	-0.009800	0.068247	-1.094811	-0.885052	0.818933	0.725083	-0.179759	0.243617	0.558384	1.782082	-0.067955	0.958294	1.288348	-0.755146	1.361028	0.300690	0.114531	0.065087	0.004824	-0.027803
0.963581	-0.424475	-0.062601	-0.175084	2.036437	0.258045	2.003219	0.855543	-0.325520	-0.368201	0.175186	0.866607	0.093937	0.059721	1.750187	1.037628	-1.498541	-0.167404	0.055477	0.103292	1.154356	-0.012766	0.265611	-0.895671	-1.613671	-1.502953	0.745931	1.275653	-0.050962	0.163881	-0.135219	0.850555	0.115802	0.511664	0.272376	-0.604348	-1.523752	-0.496177	-0.545418	-0.590792	-0.746391	-1.146697	-0.423448	-0.643980	1.784907	1.075537	-0.495789	0.042318	1.949493	1.727465	0.020749	0.011396	-0.212512	0.046294	-0.862332	-0.121159	-1.249859	-0.344184	-1.645005	-2.056476	-2.632545	-1.818081	1.199969	-0.485339	1.230974	0.835978	0.863348	-0.341256	-0.609280	1.133478	0.374278	0.209624	-0.026314	0.306802	-0.274718	0.205868	0.286828	1.207390	0.657617	0.915446	-0.680182	-0.873855	-0.372218	-0.141866	-0.451365	0.548493	0.650833	-0.393019	0.368263	0.531637	0.055078	0.328773	-1.554126	-0.723040	0.905897	0.919296	-0.062931	-0.106337	0.192057	0.687601	0.981970	1.283885	0.998887	-0.275200	0.968992	0.240123	-0.070956	0.476208	0.876382	-0.064381
0.155178	-0.775081	-0.048672	0.659375	1.314911	-0.216207	1.347222	-0.168487	1.394693	-0.133610	-0.418727	-0.026896	0.624956	0.068612	1.682311	1.635315	-0.960590	0.551222	0.601194	0.965340	0.369711	-0.058461	-0.144651	-0.222385	-1.518883	-0.570398	0.385077	1.204837	-0.973537	0.186699	-0.907172	0.244081	0.196244	0.066995	-0.215343	-0.747024	-1.313233	-0.275283	-0.536619	-0.931251	0.003924	-0.573861	-0.169232	-0.159725	1.202166	1.555045	-0.413038	0.748845	2.166022	1.889516	-0.293671	0.673156	-0.916441	0.449337	0.835972	0.547732	-0.629763	0.593517	-1.506120	-2.062648	-2.094743	-1.727044	1.439830	0.059534	0.822568	0.611630	0.152967	-0.932724	-1.318614	0.883445	0.428771	0.837379	0.197864	0.678410	-0.564422	0.505950	0.178189	0.674059	0.487166	0.680397	-0.126885	-0.933683	0.364169	0.716818	-0.014548	0.853554	0.164655	-0.042934	0.362466	1.396733	0.189109	0.715419	-0.894000	0.484930	0.711325	0.506097	-0.064017	-0.442714	0.184201	-0.841669	1.190237	1.150470	0.031612	0.151612	0.191985	0.181435	-0.128375	1.014923	1.849166	-0.067408
-0.738592	-1.236040	-0.158974	1.460261	0.333810	-0.450984	0.392710	-0.715587	1.805481	-0.003217	-0.657916	-0.761153	0.984616	0.058040	0.891026	1.158478	-0.764822	0.985893	0.399270	1.207779	-0.724782	-0.407231	-0.712384	0.762081	-0.725092	0.710715	-0.031044	0.546556	-1.631497	0.602850	-1.262142	-0.385839	0.128843	-0.389096	0.264697	-0.204630	0.030874	0.406098	0.016689	-0.887394	0.393000	-0.036732	-0.088345	0.279387	0.085471	1.371765	-0.008726	0.988736	1.275653	0.808053	0.162852	0.814589	-0.837771	0.099301	1.710311	1.035124	0.247379	0.850460	-1.129611	-1.734419	-0.953596	-1.093046	1.428231	0.862064	-0.126148	0.046938	-0.234179	-0.656080	-1.919552	0.400132	0.213575	0.966203	0.539829	0.978395	-0.727665	0.395773	-0.282760	0.165578	-0.277764	0.286422	1.002254	-0.467428	0.658557	1.072519	0.815655	0.719810	-0.186135	-0.155016	0.242560	1.890673	0.267253	0.685279	0.038331	1.530311	0.078732	-0.023852	0.177193	-0.237080	0.493477	-1.933789	0.632912	0.700319	-0.627878	0.554540	-0.191457	0.090285	-0.492916	1.057799	2.110642	-0.020643
-1.106571	-1.147444	-0.274839	1.464757	-0.355270	-0.097908	-0.467059	-0.466242	0.694670	0.092120	-0.439301	-0.850952	0.815960	0.023475	0.105945	0.256822	-1.040310	1.059925	-0.417396	0.829894	-1.256346	-0.590323	-1.079759	1.578224	-0.041056	1.631765	0.406538	0.048175	-1.472318	1.008255	-0.753104	-0.294943	-0.225445	-0.570088	1.128311	0.530516	1.276631	0.862980	0.452879	-0.101061	0.133189	0.601159	-0.156859	0.825577	-0.638482	1.081402	0.259027	0.546992	-0.120756	-0.669087	0.599212	0.152887	-0.544867	-0.953699	1.410983	1.401606	1.033205	1.029934	-0.558449	-0.981391	0.279119	0.075310	1.001959	1.089572	-0.812533	-0.258467	-0.178097	0.340990	-1.510626	0.282850	0.024660	0.674130	0.649391	0.882252	-0.351340	0.415658	-0.151628	0.309941	-0.814057	0.228606	2.155535	0.190556	0.224349	0.561129	1.053791	0.021275	-0.409672	-0.610145	0.093264	1.447215	0.173700	-0.105821	0.211359	1.234209	-0.663439	-0.206570	0.627343	0.719940	0.748187	-1.876032	-0.117236	0.243137	-0.168359	0.649380	0.248807	0.101052	-0.856398	0.660500	1.229495	0.210624
-0.675982	-0.221762	-0.235394	0.462496	-0.527264	0.450081	-0.956694	-0.023769	-0.572182	0.114350	-0.062472	-0.393214	0.220897	0.031540	-0.266389	-0.416220	-1.186227	0.731227	-1.069994	0.282709	-1.015827	-0.407249	-0.954778	1.603169	-0.004579	1.660997	1.382140	-0.068583	-0.620634	1.000700	0.404250	0.774107	-0.636020	-0.315045	1.334388	0.957507	1.247372	0.504190	0.301347	1.001588	-0.410069	1.031571	0.021240	1.633946	-0.325414	1.139465	0.074455	-0.155637	-1.114847	-1.424924	0.419314	-0.648840	-0.647801	-1.961067	0.575662	1.365083	1.444400	1.388709	0.211087	0.147078	1.242357	1.403027	0.341090	0.625311	-0.820342	-0.106460	-0.054018	1.333772	-0.019096	0.533937	0.098027	0.424676	0.137154	0.145775	0.578036	0.689323	0.849352	1.013365	-0.420054	0.591021	2.443545	0.377946	-0.389110	-0.334558	0.193819	-0.704058	-0.630617	-0.942054	-0.049317	0.109060	0.021165	-1.082096	-0.266201	-0.133235	-0.897856	-0.001372	0.908305	1.907902	0.604588	-0.699450	-0.376296	-0.038261	1.082897	0.329709	1.219852	0.360134	-0.503358	0.597569	-0.198876	0.413696
0.086589	0.913500	-0.171020	-0.902217	-0.409311	0.464225	-1.066630	-0.185209	-0.841395	-0.279751	-0.053322	-0.071021	-0.494357	-0.069926	-0.457172	-0.777815	-0.492682	0.151982	-0.970093	0.139969	-0.617114	-0.117342	-0.439497	0.685024	-0.362296	0.930847	1.810680	-0.146763	0.230032	0.505066	1.474099	2.018672	-0.925702	0.178632	0.533885	1.005774	0.211481	-0.343776	-0.271576	1.428057	-0.636712	0.812241	0.707323	2.404626	0.595795	1.313407	-0.340699	-0.604297	-1.382157	-1.118666	-0.362783	-0.878928	-1.079879	-2.125776	-0.008450	0.509486	1.283264	1.396842	1.120365	1.259465	1.881163	2.328171	-0.177371	0.042688	-0.648949	-0.067129	-0.303087	1.645009	1.631589	0.768056	0.248200	0.443005	-0.806058	-0.925931	1.456436	0.790568	1.709349	1.380442	0.576488	0.883467	1.407799	-0.166363	-0.532042	-0.817824	-1.003984	-0.761893	-0.814011	-0.889001	-0.269903	-1.405698	0.001776	-1.251975	-0.416395	-1.192886	-0.440784	0.226184	0.692825	2.339921	0.041416	0.701495	0.157273	-0.167278	1.913313	0.009968	1.874472	0.696462	0.601786	1.249362	-0.977744	0.201869
0.339169	1.155880	-0.369808	-1.683037	-0.407204	-0.169486	-1.007200	-1.016276	-0.352612	-1.223481	-0.575688	-0.512264	-1.028858	-0.555242	-0.668469	-0.931110	0.877513	-0.218794	-0.274876	0.558337	-0.692025	0.083788	0.071308	-0.459600	-0.426816	0.129736	1.228832	-0.340246	0.440188	-0.210380	1.742738	2.215911	-1.112111	0.463985	-0.558853	0.816313	-0.509670	-0.828971	-0.812997	0.613920	-0.358846	0.016120	1.449755	2.312791	0.953768	0.933161	-0.499250	-0.653273	-1.108078	-0.206226	-1.219871	-0.595788	-1.306063	-1.394357	-0.141114	-0.968376	0.598817	0.496450	1.874380	1.750612	2.217601	2.392639	-0.441444	-0.172471	-0.905417	-0.614464	-0.850947	1.133865	2.280863	0.655119	-0.011563	0.383016	-1.428719	-1.551464	1.524329	0.326572	1.139139	0.633001	1.056881	0.501003	-0.302278	-1.028481	-0.205763	-0.641314	-1.265560	-0.137296	-0.861250	-0.596394	-0.679769	-2.224207	0.056871	-0.404283	0.263251	-1.011135	0.126389	0.126894	-0.001250	1.414261	-0.649068	1.293781	1.094129	-0.189220	1.494180	0.135891	1.507002	0.681945	1.537869	1.859141	-0.496449	-0.314038
-0.277523	0.017712	-0.719111	-1.432964	-0.767260	-0.784470	-0.989703	-1.758009	0.002986	-2.080856	-1.063046	-1.491740	-1.130247	-1.292394	-0.505630	-0.665607	1.827272	0.057101	0.346112	1.105945	-1.020535	0.461099	0.332152	-0.763838	0.095002	-0.141074	0.339587	-0.241776	0.055600	-0.701518	1.108944	1.057856	-1.115179	0.299577	-0.955450	0.434176	-0.202871	-0.611590	-1.102750	-0.881905	0.021720	-0.690373	1.335508	0.838476	0.154138	-0.166108	-0.203515	-0.417604	-0.395786	0.766282	-1.569327	-0.411343	-1.020461	-0.416625	-0.188625	-2.156879	-0.266205	-1.002776	2.026184	1.297430	2.113958	1.552311	-0.576142	-0.023139	-1.266779	-1.304241	-1.026304	0.190110	1.589440	0.250406	-0.781001	-0.139417	-1.127043	-1.158182	0.683032	-0.422768	-0.779891	-0.846885	0.421593	-0.504602	-1.348280	-1.541252	0.153670	-0.206971	-0.213316	0.497407	-0.724322	-0.291310	-1.159567	-2.033941	-0.070985	0.599364	1.175708	0.025564	0.154148	-0.223765	-0.787286	-0.464101	-1.080329	0.905351	1.644008	-0.010822	0.209992	0.525199	0.211729	0.150481	1.428381	1.385812	0.556796	-0.526533
-1.226292	-1.747430	-0.543583	-0.330278	-1.385475	-0.807518	-1.005917	-1.632080	0.003464	-1.857184	-0.658984	-1.938891	-0.658142	-1.548051	0.496269	0.275857	1.529736	0.917763	0.432684	1.248289	-0.719220	1.313973	0.469177	0.136660	0.835878	0.178279	0.129361	0.467502	-0.197738	-0.601646	0.282947	-0.382392	-0.635381	-0.013968	-0.310567	0.007056	0.602125	-0.041072	-1.087498	-1.796935	-0.029255	-0.691224	0.121949	-1.197298	-0.980268	-1.179341	0.252809	-0.024535	0.733635	1.518390	-1.226700	-0.553130	-0.387728	0.245292	-0.538693	-2.354910	-0.881291	-2.017722	1.376929	0.268962	1.411033	0.342528	-0.511346	0.232436	-0.867012	-1.267045	-0.227331	-0.565834	0.386015	0.060230	-1.358220	-0.868662	-0.059962	0.023612	-0.190471	-0.563573	-2.295466	-1.661204	-0.570098	-1.281668	-0.987027	-1.289061	0.423482	0.151169	1.317488	0.667795	-0.281590	0.057541	-1.231144	-1.260290	-0.359839	0.912835	1.369474	0.811944	-0.177917	-0.384230	-1.097625	-2.157710	-1.004906	0.343365	1.331252	0.458682	-0.841296	0.577142	-1.154007	-0.471136	0.466272	-0.045575	0.893457	-0.142223
-1.670733	-2.784102	0.669414	1.236428	-1.838695	-0.466368	-0.885678	-0.684011	0.202215	-0.346929	0.845703	-1.013738	0.274760	-0.646198	1.940155	1.596915	0.443165	1.789660	0.196789	0.959721	0.583588	2.272470	0.700828	1.487623	1.348834	0.810310	0.803963	1.310659	0.329775	0.077262	0.249800	-0.736963	0.440250	0.116907	1.016150	0.017326	1.242964	0.616296	-0.578507	-1.333161	-0.629072	-0.072932	-1.157686	-1.996915	-1.009474	-1.070286	0.435909	0.348932	1.837336	1.809310	-0.431399	-0.438255	0.324981	0.581547	-1.164250	-1.827082	-0.933090	-1.663174	0.253581	-0.506666	0.281310	-0.411958	-0.011448	0.350178	0.311654	-0.358929	1.269887	-0.653983	-0.173425	0.554719	-0.872011	-1.128083	1.017711	1.157396	-0.030970	0.562161	-1.719462	-0.845886	-0.657861	-1.074786	0.246354	-0.243801	0.904819	0.612612	2.340007	0.669581	0.678271	0.639751	-0.409641	-0.475805	-0.323409	0.748366	0.604971	0.647687	-0.093352	-0.017660	-0.527712	-2.706014	-0.454832	0.400258	0.381160	1.016307	-0.994070	0.128498	-1.708768	-0.538426	-0.296172	-1.143184	0.079480	0.406174
-1.461315	-2.522946	2.379382	2.757746	-1.734265	-0.438032	-0.623971	0.200744	0.965466	1.436648	2.576944	0.842633	1.237701	1.108516	2.706492	2.528482	-0.300733	2.086542	0.207823	0.666229	2.017972	2.411074	0.971725	2.153268	1.658552	1.564254	1.781853	1.441022	1.467953	0.841918	1.265617	0.149515	1.613625	0.863159	2.416719	0.785381	1.854993	1.463329	0.484327	0.090767	-1.424291	0.426914	-1.275783	-0.752001	0.389600	0.234569	0.248033	0.389456	2.089501	1.312349	0.487296	0.516868	1.013792	0.761319	-1.675225	-1.361016	-0.352338	-0.116387	-0.761683	-0.541179	-0.735106	-0.317865	0.738162	0.118931	1.160534	0.601658	2.341450	-0.090791	0.165854	1.368969	0.588131	-0.727880	1.505804	1.610676	1.158723	2.517494	0.564752	0.920822	0.252477	-0.194717	1.265957	1.278502	1.625478	1.339610	2.631368	0.993971	2.061130	1.415149	1.106394	0.172036	0.386332	0.900213	-0.474791	-0.292345	0.601295	0.740840	0.786933	-2.032089	0.261199	0.963039	-0.640063	1.173208	-0.533085	-0.247650	-1.280196	0.071550	-0.092140	-1.085123	-0.996489	0.577363
-1.319038	-1.780725	3.141823	3.397830	-1.202473	-0.995853	-0.524564	0.138943	1.862833	2.277996	3.196054	2.187334	1.642493	2.369781	2.198967	2.607036	-0.348284	1.660616	0.627291	0.568425	2.273604	1.244964	1.001536	1.706746	2.016535	2.301819	2.422974	0.741772	2.325612	1.070060	2.381242	1.004616	2.034982	1.558195	3.198460	1.726187	2.628211	2.257646	1.490985	1.276796	-1.964473	0.185771	-0.480269	1.071439	1.793590	1.558254	-0.043333	-0.156963	1.099898	-0.022452	1.244320	1.758248	1.503568	0.673503	-1.742694	-1.297131	0.479955	1.433400	-1.401680	-0.200772	-1.198324	0.126637	0.962701	-0.588314	0.873420	0.747655	2.042297	0.544575	0.543842	1.314984	1.787403	-0.310825	1.423564	1.447950	2.085649	3.872230	2.267121	1.901568	0.781833	0.221648	1.561725	2.639152	1.929230	1.778178	2.400332	1.389739	3.106740	1.970166	2.206521	0.726579	1.247090	1.379388	-1.118826	-1.294790	1.034514	1.361533	2.065270	-0.928069	0.722146	1.316605	-1.462765	0.584073	-0.224592	0.056359	-0.463622	0.712801	0.781755	-0.635630	-1.252506	0.417827
-1.924899	-1.721721	1.949455	2.457754	-0.926649	-1.697810	-0.857553	-0.859828	2.070814	2.036759	2.052574	2.003037	1.122184	1.894273	1.082670	2.134624	-0.340595	0.839369	0.962937	0.319795	1.108011	-0.560215	0.638445	0.729619	2.303855	2.612800	2.437079	0.044191	2.108147	0.589243	2.261623	0.539926	1.325710	1.259198	2.642499	1.671097	2.787276	2.105046	1.445341	1.447773	-1.984631	-0.545271	-0.391905	1.202715	1.521241	1.505316	-0.199655	-1.151097	-0.495248	-1.571138	1.415627	1.808273	1.377138	0.173020	-1.421429	-1.301163	0.741292	1.797373	-1.830520	-0.227586	-1.205000	0.032623	0.085524	-1.588594	0.075958	0.011576	0.566488	0.610020	0.100166	-0.283344	1.597573	-0.566458	1.105564	1.078329	1.505407	3.375631	1.633906	1.192584	-0.228841	-0.486232	1.340343	3.097517	1.141608	1.083285	1.587025	1.010296	2.818686	1.888911	1.727658	0.897578	1.160439	1.208437	-1.222860	-1.697336	0.317025	1.301313	2.339622	-0.415370	0.666000	1.108920	-2.217800	-0.541832	-0.564617	0.915807	-0.027911	0.603427	1.318071	-1.116060	-0.664715	0.303894
-2.954647	-2.293848	-0.553197	0.455607	-1.424599	-1.845804	-1.437864	-1.842638	1.215790	1.586138	-0.174224	0.713302	-0.103948	-0.118653	0.510109	1.735374	-0.631543	0.181169	0.753495	-0.377955	-0.279019	-1.665590	0.072222	0.124326	2.033312	1.982850	1.780019	0.076595	0.838747	-0.122390	0.687286	-1.039361	0.055827	-0.104561	0.625934	0.288800	1.343632	0.570804	0.104985	0.956206	-1.418643	-0.762656	-1.848403	-0.617059	-0.302023	-0.149319	-0.229183	-1.958418	-1.492668	-2.257852	0.561862	-0.014347	0.462001	-0.382489	-0.979442	-0.935605	-0.115155	0.936046	-2.087798	-0.713283	-1.163860	-0.776185	-1.378355	-2.284771	0.015387	-0.941593	-0.938553	0.120971	-0.899997	-2.371007	0.346897	-1.262119	0.642126	0.629619	-0.294934	1.163244	-0.542356	-0.249488	-2.030206	-1.657167	0.857682	2.326875	-0.416636	-0.597625	0.129654	-0.320827	1.079245	1.262509	-0.218232	0.323124	-0.235352	-0.108491	-1.215326	-1.271395	-1.147703	0.393899	1.312594	-0.914848	0.221605	0.677070	-2.873070	-1.529172	-1.421272	1.620415	-0.248136	-0.265998	0.876430	-2.484129	-0.064544	0.246004
-3.234834	-2.136728	-2.444196	-0.822213	-2.309681	-1.143741	-1.740128	-1.814709	-0.214528	1.569217	-1.955239	-0.301563	-1.255154	-1.974958	0.832982	1.625479	-0.587213	0.145135	0.313124	-1.092706	-0.505693	-1.226522	-0.260697	0.263698	0.999199	0.502065	0.615546	0.541448	-0.590186	-0.384899	-0.970476	-2.213759	-0.739069	-1.361942	-1.726457	-1.180554	-1.198099	-1.202807	-1.471776	0.735759	-0.417835	0.218181	-3.451154	-2.111254	-1.683036	-2.127057	-0.181434	-1.802516	-1.185981	-1.417105	-1.115934	-2.407052	-0.575383	-0.286802	-0.440599	-0.124094	-1.467921	0.035310	-1.703361	-0.820869	-1.165091	-1.393211	-2.072800	-2.001438	0.952589	-1.332625	-1.472666	-0.153342	-1.320850	-2.933861	-0.456305	-1.394050	-0.142660	-0.089339	-1.683465	-1.250174	-1.800345	-0.713835	-2.566234	-1.962604	0.143097	0.736571	-1.481425	-1.822809	-1.279367	-1.460243	-0.818388	0.670107	-2.009050	-0.649282	-1.791126	-1.498599	-1.299224	-0.279176	-1.871538	-0.951650	-0.183588	-1.805675	-0.115314	0.508953	-2.843096	-1.780250	-2.098612	1.662840	-0.701584	-0.990625	-0.108124	-3.114685	0.034662	-0.031599
-1.962424	-0.299594	-2.339831	-0.094253	-2.531257	0.062634	-1.442481	-0.726341	-1.282783	1.631255	-2.168847	-0.111171	-1.541746	-2.028817	1.361159	1.498613	0.311154	0.736748	0.437604	-1.046684	0.576790	0.450326	0.018680	0.807750	-0.337218	-0.894257	-0.542246	0.575075	-1.074297	0.014692	-1.148080	-1.925566	-0.539916	-1.252431	-2.711667	-1.169540	-2.899474	-1.385317	-1.916895	1.140213	0.582444	1.852441	-3.070666	-1.248723	-1.068492	-2.837222	0.008122	-0.472367	0.058137	0.468575	-2.472676	-3.182366	-0.636396	0.675804	0.475874	0.883781	-1.827958	0.208800	-0.286274	0.186535	-0.884648	-0.897283	-1.200018	-0.633855	1.906216	-0.783639	-0.974364	0.478244	-0.507933	-1.281493	0.091143	-0.417838	-1.185306	-1.065310	-1.439989	-2.317102	-0.878921	0.289951	-0.884046	-0.872316	-0.628764	-0.860986	-1.154562	-1.376988	-1.530414	-1.130165	-1.230086	0.523394	-2.022011	-1.053373	-1.872556	-1.438336	-1.108300	0.727385	-0.939339	-1.927945	-0.836261	-1.872517	0.119362	0.725707	-1.552134	-1.266691	-1.704445	1.165996	-0.644373	-0.669411	-0.578802	-1.747939	-0.094987	-0.361010
0.310972	2.277110	-0.773673	1.739511	-1.470594	1.128331	-0.684519	0.508607	-1.459650	1.032743	-1.023374	0.896559	-0.822057	-0.315372	1.273802	1.039669	1.260148	1.362029	1.326608	-0.222573	1.896687	2.250159	0.883492	1.204706	-1.294550	-1.268178	-1.026056	-0.042620	-0.243636	0.617841	0.069025	-0.835047	0.217727	0.067398	-1.823409	0.288731	-2.590329	0.291130	-1.029976	1.536746	1.087333	2.801430	-0.619377	1.085651	0.698814	-1.936944	0.326037	1.237063	1.203393	2.015506	-2.270401	-1.575253	0.545006	1.808842	1.785499	1.686746	-0.480694	1.191700	1.560544	1.762069	-0.253102	0.303353	0.456106	1.024146	1.910371	0.471480	-0.073218	1.706931	0.907985	0.898616	1.118044	0.932173	-1.923417	-1.806601	-0.029479	-1.846560	0.833741	1.505740	1.570739	0.708520	-1.004553	-1.911210	0.037626	0.144013	-0.496041	0.356547	0.053328	0.524582	-0.428265	-0.473605	-0.245035	-0.012605	-0.290611	1.249486	0.843262	-1.906467	-0.169664	-0.485528	0.839379	1.098411	0.592411	-0.516107	0.131455	0.583125	0.309933	0.555972	-0.057213	0.790115	-0.053355	-0.086143
2.095942	3.513732	0.428283	2.396596	0.356529	1.676746	0.242383	1.032129	-1.014461	-0.271909	0.281232	1.469643	0.290471	1.530067	0.469366	0.332147	0.904895	1.236443	2.139104	0.396246	2.423548	3.074422	1.811777	1.235440	-1.678585	-0.704737	-0.667098	-0.597747	1.136189	0.771270	0.947090	-0.439149	0.687068	1.077257	-0.451295	1.432402	-1.324332	1.843004	0.064459	1.106317	1.044182	2.373469	1.614638	2.065024	1.325873	-0.546460	0.567471	2.067186	1.451614	2.118942	-0.491428	0.980785	1.888192	2.164107	2.789491	1.852385	1.403492	1.644623	2.458285	2.372227	0.117579	0.693670	1.250371	1.824207	1.061061	1.732054	0.681948	2.358307	1.721940	1.277380	0.996570	1.366113	-1.766061	-1.775339	1.091746	-0.996102	1.064765	1.431437	2.486087	1.369253	-0.755084	-2.370357	0.707186	0.880205	0.473469	1.194135	1.403414	-0.004855	0.873346	0.291279	1.476176	0.935639	0.807272	1.156655	1.753040	-0.981458	0.897236	1.563557	1.334704	1.259136	2.219311	-0.106120	2.591280	0.195573	1.725999	1.546637	0.797746	2.307614	0.078097	0.973793
2.437051	2.473265	0.105388	0.794361	1.812925	1.823648	1.236939	0.972978	-0.493211	-1.453289	0.818904	0.756557	1.011276	2.007200	-0.505085	-0.281497	-0.776257	0.179325	1.898580	0.014409	2.120913	2.466984	2.179085	1.074333	-1.809422	-0.172900	-0.149263	-0.466316	1.875281	0.302805	0.139484	-1.155857	0.497360	0.632516	-0.292040	0.793389	-1.002142	1.174283	0.309070	-0.131082	0.978993	1.262614	1.698172	0.398086	-0.149170	0.099976	0.608412	1.518911	0.817975	0.925172	1.453161	2.465618	2.102337	1.542576	2.576576	1.181100	1.816816	0.754008	1.681041	1.188643	-0.418661	-0.545943	0.482550	1.320696	0.209737	2.351466	1.156343	1.610588	1.457937	-0.486302	-0.620988	0.520307	-0.810684	-1.029044	1.158156	-0.892696	-0.562879	0.019136	1.233566	0.673364	-0.260573	-2.379446	0.151103	-0.124673	-0.004041	0.157137	1.080709	-1.200235	0.341131	0.153229	1.556269	0.019827	1.407670	0.749939	0.999516	0.113453	1.023629	2.634739	0.913877	0.840625	2.290850	-0.138593	3.981905	-0.040588	2.575952	1.351409	1.017566	1.598310	-0.001666	1.950735
1.810163	0.469857	-1.110705	-1.696367	2.226485	1.844328	2.237402	1.192886	-0.015216	-1.643991	0.744542	-0.806426	1.073891	1.210458	-1.110745	-0.589135	-2.155347	-1.041829	0.717597	-0.822867	1.599897	0.807057	1.808514	0.950231	-1.831780	-0.323501	-0.393259	0.008225	1.550020	-0.304801	-1.623060	-1.843570	0.040693	-0.663819	-1.289835	-1.039567	-1.930327	-1.357177	-0.037405	-1.232344	1.371691	0.616284	0.345679	-2.078228	-2.186100	-0.074199	0.616073	0.391886	-0.063438	-0.440562	2.069318	2.244295	1.171958	0.634765	1.088359	0.017171	0.121329	-0.847402	0.055732	-0.821667	-1.538859	-2.331712	-0.827088	0.239750	-0.045357	2.253250	1.348070	-0.020207	0.673380	-2.369146	-2.279988	-0.615027	0.105185	-0.251550	0.680364	-1.417544	-2.182409	-1.377725	-0.609146	-0.430118	-0.107573	-1.899758	-0.992721	-1.810710	-1.601498	-1.836982	-0.759208	-2.233875	-1.400673	-0.847618	0.108495	-1.840540	1.240790	0.490710	-0.508656	0.705801	-0.032850	1.865842	-0.262560	-0.231075	1.176821	-0.213721	3.171904	-0.277202	2.122065	0.268092	0.556220	-0.362780	-0.270203	1.796778
1.407331	-0.376495	-1.615445	-2.752091	1.805702	1.706915	2.861497	2.103193	0.645336	-0.775630	0.805046	-1.828790	0.838458	0.487488	-1.211838	-0.648442	-1.791106	-1.390038	-0.209299	-0.756284	1.187949	-0.899796	1.082664	0.875053	-1.284251	-0.750210	-1.463002	0.038183	0.839935	-0.398704	-2.242433	-1.298708	-0.048007	-1.156491	-1.742278	-2.032406	-2.500762	-3.119876	0.166685	-1.231451	1.924076	0.591105	-0.174490	-2.598841	-2.541397	-0.219066	0.779779	-0.105027	-0.608314	-1.033561	1.269031	1.263524	0.315093	0.172623	-0.571992	-0.879257	-2.154825	-1.862858	-0.917365	-1.860584	-2.041213	-2.739070	-1.130217	-0.216013	0.204014	1.892862	1.175979	-1.114166	0.097588	-2.286907	-2.345700	-0.842611	0.210648	-0.059835	0.504268	-1.470373	-2.020879	-1.551935	-1.184448	-0.652297	-0.383014	-0.816869	-1.638976	-2.347204	-2.497283	-2.626604	-2.162908	-2.016886	-2.170235	-1.453850	-1.035273	-2.325835	0.875839	0.608280	-1.242264	0.758784	-1.069964	0.133172	-1.103191	-1.353421	0.137291	0.061943	0.784494	-0.489323	0.685977	-0.427303	0.342787	-1.675313	-0.432714	0.631380
1.705528	0.534955	-0.559624	-1.460207	1.116354	1.097709	2.534644	2.951663	1.419730	0.421006	1.273623	-1.316839	0.764201	0.822477	-0.901830	-0.590633	-0.060780	-0.644347	0.050088	0.631755	0.750631	-1.590058	0.542881	0.706885	0.317610	-0.634164	-2.295934	-0.457693	0.641294	0.252286	-0.613376	0.250307	0.425791	-0.108890	-0.489140	-0.940855	-1.311233	-2.079286	1.359029	-0.088975	1.783992	0.302231	0.991064	-0.649992	-0.729992	0.226020	0.949055	0.324747	-0.701959	-0.794651	0.301617	0.703395	0.485434	0.151914	-1.120406	-0.949986	-2.867805	-1.667057	-0.685288	-1.252249	-1.176113	-1.222566	-0.066069	0.443710	0.602577	1.701912	0.719603	-0.793115	-0.084256	-0.315149	-0.791272	-0.069031	-0.418332	-0.372486	0.830576	-0.334735	-0.353371	-0.577663	-0.277149	0.306300	-0.610529	0.618786	-1.439298	-1.133185	-1.413212	-1.154456	-1.564000	-0.370450	-0.673611	-0.601232	-0.436441	-0.413409	0.952416	0.897424	-0.618955	0.699387	-0.750686	-0.821772	-0.589692	-1.481855	-0.129392	0.598499	-1.267366	-0.428680	-0.550178	0.144133	1.001697	-1.574475	-0.413476	-0.220584
2.067400	1.790217	1.317402	0.957186	0.500230	-0.008841	1.162620	2.546026	1.795328	1.135451	1.610882	0.224844	0.864044	1.743214	-0.256883	-0.437076	1.430502	0.370127	1.031364	2.043105	0.284683	-0.896450	0.428483	0.351396	2.465857	0.132074	-1.814381	-0.773511	1.015484	1.269431	1.976074	1.432928	1.064058	1.389895	1.556325	1.339066	1.040783	0.910365	2.523246	1.203217	0.680752	-0.745609	2.289060	1.605671	1.641703	0.914180	0.775139	0.866616	-0.516034	-0.187282	0.217278	0.817524	1.272623	0.025098	-0.312710	-0.270701	-1.367527	-0.648896	-0.026170	-0.046974	0.367256	0.684678	1.261087	1.508312	0.997171	1.640263	0.351533	0.389375	-0.024645	1.597507	0.863022	0.739000	-1.048209	-0.613778	1.263570	1.392007	1.132449	0.535308	0.818753	1.514307	-0.390650	1.655828	-0.889852	0.725607	0.905562	1.390221	0.455865	1.592927	1.952038	1.296756	1.295996	2.284527	1.312413	0.879322	0.625341	0.789112	0.825785	-0.213576	1.038471	-0.223606	-0.047757	0.948874	-1.527746	0.081173	-0.654944	1.462828	1.823055	-0.881619	-0.451572	0.234562
1.733896	1.783661	2.456522	2.427644	0.101691	-0.970997	-0.481724	0.718743	1.397987	1.139438	1.132538	1.214797	0.758507	1.887872	0.487081	-0.223661	1.757116	0.724165	1.321867	1.901958	0.055977	0.415829	0.501157	-0.217912	3.640022	0.808579	-0.308491	-0.532456	1.134318	1.834375	2.987261	1.288899	1.323568	1.701411	2.424474	2.668858	2.657032	3.007929	2.277167	1.483370	-0.461973	-1.733545	1.893773	1.884338	2.667620	1.175013	0.214881	0.690095	-0.155971	0.462321	0.723100	0.962729	1.435377	-0.466557	0.928729	0.684340	1.070864	0.450361	0.135557	0.393402	1.173032	1.122913	1.584058	1.783924	1.276578	1.291903	0.270239	1.046454	0.207498	1.775620	1.234758	0.772268	-1.198797	-0.506131	1.340109	2.264158	1.339187	0.910017	0.934857	1.843193	0.106311	1.620726	-0.494824	1.772690	2.487459	2.859227	1.878993	2.391657	3.306460	2.675004	2.227513	3.210079	1.202424	0.285134	1.408374	0.865681	2.102840	1.032987	2.314623	1.387149	-0.251861	0.886555	-0.247820	0.800204	0.128012	2.122270	1.405197	-0.581062	-0.583397	1.302786
0.797373	0.566740	1.995736	1.850424	0.104759	-0.988833	-1.337365	-1.236850	0.450984	0.753495	-0.199743	0.653953	0.238610	0.606652	0.727047	-0.195582	1.483219	0.358534	0.147653	0.378874	-0.017899	0.942516	0.250166	-1.062207	2.716129	0.751574	0.660671	-0.296425	0.246199	1.133812	1.219915	0.210574	1.059789	0.607240	1.361185	1.793570	2.511497	2.421823	0.506020	0.470245	-0.468151	-1.506238	0.076560	0.195232	1.848171	0.882196	-0.308416	-0.064200	0.321496	1.048835	0.777662	0.463064	0.369156	-0.917656	1.506091	1.521131	2.663905	1.150085	-0.143550	-0.011448	0.732629	0.025497	0.748573	0.815309	1.051734	0.341691	0.087442	0.377888	0.506547	0.350466	0.434905	0.245501	-1.057868	-0.369838	0.753405	1.369922	0.600492	0.399258	0.152640	1.143474	0.367026	0.701605	-0.158654	1.696366	2.247994	2.378637	1.544675	1.545574	2.324128	2.453025	1.348014	1.738258	0.310931	-0.546480	1.340922	0.711988	1.734721	1.415773	2.013573	1.754669	-0.562944	0.676719	1.031187	1.167995	0.670398	1.351653	-0.626092	-0.548510	-0.324060	1.236096
-0.050721	-0.509389	0.544874	-0.117839	0.576450	-0.093104	-1.088110	-1.909211	-0.478906	0.272629	-1.689996	-0.846092	-0.382911	-1.193453	0.002200	-0.580654	1.565243	-0.067894	-1.680681	-0.715360	-0.498313	-0.030724	-0.570186	-2.162676	0.307821	0.139015	0.047159	-0.631895	-1.378548	-0.854091	-1.893023	-0.666457	0.609086	-0.470268	-0.431016	-0.488702	1.393271	0.123474	-1.462324	-1.063753	0.602295	-0.222408	-1.252234	-1.538327	0.141483	0.496128	-0.372183	-0.605712	0.715333	1.404867	0.056090	-0.593450	-1.135518	-0.808636	1.124713	2.018605	2.677623	1.281153	-0.134804	-0.269203	-0.046273	-0.982335	-0.372933	-0.672307	0.009528	-1.034965	-0.653643	-1.059019	0.494563	-1.152816	-0.336276	-0.063989	-0.861287	-0.447982	-0.559586	-0.690429	-0.205833	-0.561061	-0.637119	0.263956	0.132008	-0.112111	0.483038	1.322342	0.966683	1.028988	0.261805	-0.014442	0.299456	1.175988	-0.322249	-0.177088	-0.736912	-0.938105	0.755961	0.420337	0.069806	0.550072	0.473096	0.517021	-0.290095	0.666879	1.011113	0.848494	0.195885	-0.142685	-2.899850	-0.037027	0.730684	-0.619124
-0.454593	-0.708199	-0.525237	-1.861618	1.167536	0.666411	-0.420195	-1.370985	-1.021881	-0.364884	-2.482440	-1.882171	-0.607046	-2.014498	-1.188214	-1.117694	1.934520	-0.142782	-2.572050	-0.263281	-1.550537	-1.637889	-1.533796	-3.137013	-1.722456	-0.415309	-1.274293	-0.993054	-2.597255	-2.858367	-3.777274	-0.729434	0.319964	-0.339804	-1.353994	-2.257318	0.654209	-1.558922	-2.301971	-2.172242	1.376351	0.601122	-1.074117	-1.909298	-1.195282	0.362004	-0.087853	-0.586754	0.805290	1.313311	-0.644197	-1.360339	-1.714479	-0.231999	0.357401	1.964877	1.684839	0.851305	0.403211	0.116020	-0.060980	-0.690672	-0.967893	-1.586785	-1.373793	-2.218822	-1.603291	-1.997595	-0.149702	-1.381312	-0.327849	0.112933	-0.272208	-0.262119	-2.164684	-2.227040	-0.720100	-1.407001	-0.918365	-0.069318	-0.325164	-0.098233	1.304219	1.312042	0.113624	0.305618	-0.467111	-0.934366	-0.797699	0.308834	-1.078701	-0.472229	-1.100669	-0.675523	0.014911	0.207426	-1.307475	-0.516901	-0.880377	-1.010222	0.608579	0.773634	-0.248385	0.071218	-0.925851	-1.021716	-3.614887	0.963185	2.024888	-2.753148
-0.665554	-0.724539	-0.515298	-2.362897	1.311070	0.333816	-0.153121	-0.934417	-1.197616	-1.247895	-2.228544	-1.818512	-0.381537	-1.480237	-1.648235	-1.195119	1.597934	-0.181206	-1.882226	0.667674	-2.448313	-2.238409	-1.918020	-3.343722	-2.167536	-0.699559	-1.471562	-0.326789	-2.580304	-3.191494	-3.349467	-0.294185	0.063289	0.401231	-1.160027	-2.416532	0.593147	-1.554171	-1.933542	-2.580701	0.745099	-0.129416	-0.388048	-1.426377	-1.591109	0.292977	0.008867	-0.440963	0.613996	0.772466	-0.537624	-1.134792	-1.026254	0.175068	-0.101176	1.254528	0.673447	0.076790	0.845538	0.450067	0.695689	0.355410	-0.974196	-1.555361	-2.007155	-2.626901	-1.810400	-1.839761	-1.146550	-0.291659	-0.002541	0.284511	1.087314	0.806345	-3.157711	-2.019367	-1.082222	-1.799389	-0.977234	-0.087140	-0.496236	0.390405	1.589394	1.318758	0.114100	0.350154	-0.301244	-0.741119	-0.534215	0.470484	-0.603036	0.521289	-0.686785	-0.296274	-0.832370	0.035446	-1.413113	-0.672249	-1.252702	-1.486620	1.229529	0.622567	-1.601162	-0.683573	-1.722484	-0.884846	-2.440195	1.525066	2.314666	-3.090245
-0.921120	-1.361383	-0.000484	-1.952961	0.804769	-0.759572	-0.345789	-1.306375	-1.228194	-2.029739	-1.346960	-1.168814	-0.246548	-0.723191	-0.941441	-0.714517	0.091326	-0.663094	-0.657958	0.327071	-2.470368	-1.267413	-1.627476	-2.529907	-1.529414	-0.981568	-0.074079	1.219938	-1.713760	-1.588005	-1.774597	0.135926	-0.646462	0.215162	-0.769781	-1.535863	0.519152	-0.767375	-1.213639	-2.524977	-0.844745	-1.673096	-0.515918	-1.306470	-1.275417	-0.033919	-0.386612	-0.591529	0.275292	-0.000090	0.023723	-0.283899	-0.275406	-0.014178	-0.187641	0.163645	0.127292	-0.616383	0.566557	-0.029450	1.381565	0.902389	-0.747959	-1.044134	-1.428893	-2.230370	-0.992644	-1.269992	-1.729284	0.988859	-0.184190	-0.006547	2.636349	2.337389	-2.874572	-0.490815	-1.302816	-1.701092	-1.209483	-0.488360	-0.198980	0.496681	0.891127	0.679281	0.164207	0.133791	-0.136780	-0.080403	-0.056246	0.781262	-0.143174	0.777959	-0.105545	-0.344373	-1.672703	-0.308721	-0.855148	-0.075160	-1.232088	-1.197956	0.833043	0.166400	-2.009513	-1.215796	-1.756904	-0.664981	-0.778933	1.040485	1.164916	-1.453436
-0.992704	-2.081720	0.018441	-1.580235	0.011950	-1.281516	-0.487623	-1.674002	-1.291263	-2.068431	-0.660077	-0.643118	-0.764469	-0.971375	-0.134926	-0.471071	-1.612890	-1.451246	-0.501225	-1.221023	-1.951187	0.061064	-1.446923	-1.251628	-1.068208	-1.322261	1.386306	2.064901	-1.138147	0.223177	-0.718955	0.557307	-1.974542	-1.255639	-0.790772	-0.879516	0.046960	-0.476370	-0.786438	-2.084530	-1.953192	-2.197650	-1.144047	-1.573011	-0.831636	-0.520896	-0.973242	-0.794047	-0.285934	-0.826346	-0.040769	-0.015334	-0.824836	-0.561850	-0.460644	-0.731968	-0.127602	-0.869605	-0.194643	-0.895841	1.503178	0.747811	-0.474086	-0.605999	-0.533098	-1.592978	-0.121961	-1.397054	-1.447124	1.282133	-0.863022	-0.536225	3.106655	2.964615	-1.658848	0.804190	-1.129151	-1.234700	-1.402257	-1.381826	0.196331	0.082614	-0.191046	-0.406972	-0.425278	-0.863597	-0.595462	0.204347	-0.243947	0.163186	-0.705668	-0.538636	0.151167	-0.606059	-2.013534	-0.785411	-0.888386	0.168902	-1.677659	-1.518852	-0.119403	-0.133677	-1.392048	-1.641589	-1.437932	-1.356214	-0.175194	0.140618	-0.224965	0.236931
-0.604988	-1.621653	-0.657542	-1.631077	-0.582218	-0.462543	-0.364500	-1.004078	-1.405786	-1.091950	-0.617954	-0.331074	-1.828908	-2.115057	-0.533214	-1.234864	-2.013261	-1.868545	-1.760287	-2.123087	-1.872395	0.143784	-2.085591	-0.379868	-1.246474	-1.303481	1.286123	1.081501	-1.497262	0.313397	-0.560985	1.148768	-3.332262	-2.675566	-0.910846	-1.015781	-0.393651	-0.789071	-0.603031	-1.152121	-1.753858	-0.849289	-0.914945	-1.175016	-0.702873	-0.754792	-1.221281	-0.573960	-1.186940	-1.618644	-1.095165	-1.000920	-2.440129	-0.898842	-1.308284	-1.012704	-0.404918	-0.719785	-0.650883	-1.026939	1.345732	0.746223	-0.156432	-0.371902	-0.538546	-1.318123	-0.351192	-2.408204	-0.715738	0.451684	-1.253518	-0.739707	2.078429	1.970800	-0.692056	0.820450	-0.492255	-0.557611	-0.997003	-2.091822	0.194618	-0.079021	-0.472886	-0.949813	-1.279765	-1.870732	-1.180533	-0.037902	-0.636496	-1.133083	-1.764223	-1.985971	0.105198	-0.470523	-1.426980	-1.041404	-1.838248	-0.504448	-2.414415	-2.927776	-0.478117	0.092306	-0.452177	-1.990331	-1.294934	-2.701003	-0.816002	-0.040924	-0.272577	0.310234
-0.063944	0.131829	-1.287118	-1.723670	-0.856851	0.931712	-0.327967	0.324813	-1.492183	0.388640	-0.830355	0.097433	-2.630149	-2.965830	-1.904856	-2.604808	-0.810239	-1.566018	-3.106246	-1.299984	-2.540288	-1.198872	-3.177663	-0.218550	-1.479029	-0.674135	-0.195510	-0.883200	-2.371472	-1.282853	-0.644551	1.590704	-3.798260	-2.752008	-0.712120	-1.533574	-0.400626	-0.921412	-0.394573	-0.007749	-0.745501	1.229549	0.366229	0.180895	-0.878691	-0.590627	-1.002019	-0.018036	-2.078064	-2.158712	-2.200336	-2.405528	-3.421159	-0.697318	-2.285200	-0.688465	-0.657044	-0.567529	-0.495043	-0.197610	1.254912	1.284453	0.087387	-0.262811	-1.353916	-1.442262	-1.601013	-3.333505	-0.415748	-0.493210	-0.866073	-0.423348	0.681960	0.295202	-0.909319	-0.085395	0.275874	0.121051	0.070986	-1.972677	-0.197787	0.593292	0.461812	-0.454687	-1.561567	-1.919571	-1.159435	-0.345566	-0.397017	-1.816505	-2.127003	-1.927564	-0.084233	0.105683	-0.275343	-0.904911	-2.808666	-1.424158	-2.532086	-4.213279	0.109212	0.521585	0.050829	-2.050118	-1.357126	-3.496954	-1.691820	0.663408	1.025456	-0.775733
-0.066414	1.676974	-1.175242	-1.466109	-1.006446	1.432078	-0.691572	0.886255	-1.514841	1.434223	-0.527994	0.752695	-2.403207	-2.699499	-2.626644	-3.261439	0.679611	-1.013952	-3.011992	0.054899	-3.193004	-2.633029	-3.612919	-0.334365	-1.162913	0.102641	-1.529514	-1.943972	-2.879633	-2.701346	-0.622471	1.231773	-3.006988	-1.792019	-0.396049	-1.778847	-0.298777	-0.433529	-0.176289	0.610361	0.020690	2.087419	1.180979	1.295112	-0.941470	-0.355018	-0.687071	0.279990	-2.216095	-2.092976	-2.180536	-2.658590	-2.554766	-0.053130	-2.481743	-0.048219	-0.567975	-0.769404	-0.235045	0.510874	1.037198	1.599214	0.086510	-0.308331	-1.592969	-1.461441	-2.629516	-3.160350	-0.963455	-0.413161	-0.072968	0.108955	0.345038	-0.493749	-2.124373	-0.852766	0.783310	0.546393	1.128346	-1.111123	-0.468174	1.635461	1.684586	0.369166	-1.107095	-1.141944	-0.690483	-0.347932	0.346522	-1.204154	-1.558224	-0.721691	-0.451801	0.463804	0.390776	-0.710767	-2.835632	-1.580642	-1.698184	-3.868605	0.693370	0.416970	-0.173423	-1.693128	-1.359370	-3.034782	-1.860118	1.190887	2.008188	-1.279519
-0.795417	1.646715	-0.456231	-0.979044	-1.134366	0.537713	-1.217696	0.055341	-1.484692	1.490259	0.447136	1.323178	-1.225842	-1.629186	-1.697154	-2.468510	1.038593	-0.877976	-1.422658	0.175710	-2.992049	-2.886575	-2.829193	-0.240259	-0.447725	0.348408	-1.692183	-1.319935	-2.577221	-2.470766	-0.737472	0.028638	-1.520653	-1.035981	-0.383502	-1.518721	-0.589643	0.302055	-0.131606	0.300426	0.064814	1.045654	0.331643	1.019862	-0.554376	-0.378149	-0.633425	0.009603	-1.319033	-1.348424	-0.987140	-1.253486	-0.475430	0.662686	-1.585036	0.574154	-0.069180	-1.244994	-0.411230	0.146721	0.395695	0.936350	-0.100259	-0.528186	-0.430519	-0.995368	-2.468690	-1.915243	-1.869543	0.759944	0.443410	0.483188	1.166600	0.045754	-3.249038	-0.913104	0.933020	0.587781	1.464427	-0.145982	-0.263611	2.083409	1.976450	0.514746	-0.525644	-0.469359	-0.504900	-0.135417	0.738304	0.017897	-0.865509	0.011572	-0.980080	0.142702	-0.046776	-0.851536	-1.925234	-0.815994	-0.569524	-1.883065	0.291570	-0.438166	-0.837525	-1.122797	-1.184194	-1.785535	-1.259729	0.641089	1.401803	-0.423801
-1.473025	0.506642	0.190038	-0.595876	-1.061201	-0.721098	-1.363205	-1.135703	-1.307505	0.834272	1.301157	1.411614	-0.000687	-0.599699	-0.053284	-0.975285	0.337513	-1.091951	0.257398	-0.795808	-1.996131	-2.006069	-1.433602	0.017280	0.079106	0.042279	-1.006998	-0.034282	-1.711354	-1.064163	-0.955558	-1.053457	-0.295408	-0.903987	-0.592571	-0.957504	-1.061410	0.667349	-0.222876	-0.391854	-0.243303	-0.612721	-1.211493	-0.087412	0.072245	-0.509085	-0.723344	-0.437686	-0.123241	-0.427679	0.296053	0.544775	1.089892	0.995193	-0.326355	0.873829	0.446796	-1.482174	-0.787314	-0.766802	-0.337277	-0.178239	-0.218682	-0.683810	1.104843	-0.293333	-1.425678	-0.526770	-2.202152	1.865133	0.466044	0.578106	1.907825	0.890432	-3.264134	-0.516454	0.854331	0.387204	1.086256	0.406558	0.158342	1.606274	1.228459	-0.020945	-0.309698	-0.337935	-0.733886	0.000996	0.468709	0.742260	-0.583968	-0.260799	-1.291300	-0.458889	-0.913120	-1.109765	-0.835333	0.147215	0.095321	0.186902	-0.675060	-1.295208	-1.262727	-0.639454	-0.850977	-0.662811	-0.466899	-0.419255	-0.090805	0.788695
-1.102079	-0.113438	0.309172	-0.408033	-0.558557	-0.959103	-0.844687	-1.201497	-0.801399	0.166668	1.103314	0.905170	0.403804	-0.065688	0.545903	-0.141916	-0.224753	-0.972925	0.687257	-1.115751	-0.911737	-0.937041	-0.433897	0.060371	0.093832	-0.226257	-0.350453	0.438693	-0.781116	-0.014131	-0.713409	-0.912365	0.124774	-0.692484	-0.541115	-0.381009	-0.989573	0.422505	-0.186333	-0.519680	-0.296434	-1.105899	-1.353343	-0.421896	0.396451	-0.305730	-0.548166	-0.444889	0.289384	-0.012405	0.654893	1.041797	1.039259	0.647989	0.293973	0.660425	0.524082	-0.996616	-0.647181	-0.871713	-0.422040	-0.475056	-0.113611	-0.432803	1.249073	0.074376	-0.509769	0.175904	-1.412221	1.660383	0.280733	0.478902	1.410671	0.828735	-1.924913	-0.161159	0.663456	0.225355	0.573380	0.500663	0.282393	0.692186	0.351469	-0.356410	-0.342712	-0.325483	-0.746447	-0.063622	0.089701	0.581088	-0.379492	-0.530892	-0.918852	-0.566571	-0.927403	-0.836440	-0.168049	0.610211	0.195385	0.821685	-0.841599	-1.169781	-0.858844	-0.320487	-0.326379	-0.072991	0.006863	-0.579722	-0.738777	0.924652
0.358137	0.395621	-0.005212	-0.303979	0.315570	0.006609	0.149781	0.053536	0.022210	-0.196640	-0.136313	0.020800	-0.019488	0.094748	-0.299279	-0.319972	-0.069082	-0.261324	-0.122703	-0.067237	-0.118301	-0.209939	-0.092676	-0.222545	-0.262367	-0.143441	-0.062796	-0.174924	-0.004367	0.100956	0.183756	0.450282	-0.086944	0.058520	-0.071242	0.109217	-0.193284	-0.227393	0.079478	0.131457	0.050339	-0.137974	0.386440	0.514440	0.258456	0.332185	0.003356	0.085076	-0.263230	-0.211214	0.102026	0.022897	-0.302703	-0.244917	0.108677	0.040213	0.149676	0.140424	0.182130	0.192474	0.280224	0.361077	0.155714	0.236054	-0.276213	-0.037198	-0.135604	0.183893	0.237523	0.143469	0.140928	0.301259	-0.252174	-0.245502	0.265094	-0.013841	0.412187	0.211716	0.273950	0.362430	-0.006420	-0.184713	-0.098375	-0.071731	-0.355823	-0.058093	-0.218969	-0.254837	0.021438	-0.119200	0.102063	-0.111894	0.098915	-0.015306	0.196704	0.120119	0.083776	0.544205	0.042639	0.016100	0.201314	-0.000963	0.306759	-0.072970	0.379099	0.159005	0.125463	0.522364	-0.043542	-0.184450
