X1	X2	X3	X4	X5	X6	X7	X8	X9	X10	X11	X12	X13	X14	X15	X16	X17	X18	X19	X20	X21	X22	X23	X24	X25	X26	X27	X28	X29	X30	X31	X32	X33	X34	X35	X36	X37	X38	X39	X40	X41	X42	X43	X44	X45	X46	X47	X48	X49	X50	X51	X52	X53	X54	X55	X56	X57	X58	X59	X60	X61	X62	X63	X64	X65	X66	X67	X68	X69	X70	X71	X72	X73	X74	X75	X76	X77	X78	X79	X80	X81	X82	X83	X84	X85	X86	X87	X88	X89	X90	X91	X92	X93	X94	X95	X96	X97	X98	X99	X100	X101	X102	X103	X104	X105	X106	X107	X108	X109	X110
-0.146794	-0.095579	0.369859	-0.515327	-0.161515	0.090215	-0.186873	-0.361630	-0.048506	0.111162	-0.020965	-0.079027	0.186934	-0.157281	0.071990	0.126970	0.143101	-0.505042	-0.144183	-0.496186	0.380004	-0.552965	-0.064175	-0.308331	-0.000067	0.284730	0.167380	0.218251	-0.189786	-0.120843	-0.034273	0.112851	0.146690	-0.052788	-0.007114	0.065589	0.072481	-0.192175	0.080951	0.088872	-0.305512	-0.255265	-0.105233	-0.086861	0.218156	0.144448	0.021246	0.041398	0.012550	-0.197503	-0.313511	-0.333097	-0.132100	-0.338379	-0.319344	-0.366476	0.010216	-0.178666	-0.309356	-0.300979	-0.772076	-0.770162	0.134001	0.091062	-0.085417	-0.174332	-0.173002	-0.161337	-0.080977	-0.548413	-0.019865	0.034283	-0.087151	0.140619	-0.183502	0.151351	-0.023688	0.196821	0.149611	-0.276898	-0.219323	-0.040860	-0.154765	-0.214211	-0.432955	-0.277230	-0.235902	-0.610632	-0.009195	-0.002006	-0.171103	0.022610	0.100655	0.029977	0.247100	-0.176559	-0.210620	-0.151731	-0.270727	-0.338031	-0.079170	-0.048912	0.210457	-0.378334	-0.207825	-0.140730	-0.242278	0.064575	-0.048928	-0.016826
-1.132641	-0.581830	0.195199	0.032031	-0.971212	-0.697088	-0.526536	0.247105	-0.947762	-0.241239	-0.152242	-0.036906	-0.213268	-0.338442	-0.545057	-1.247583	0.319107	-0.528595	-0.248438	-0.669397	-0.306932	-0.701816	-0.689820	-1.063955	-1.273173	-0.037387	-0.966131	-0.503716	-1.172247	-0.122065	0.883689	0.264300	0.169494	-0.416827	0.724028	0.642450	0.592771	-0.364917	-0.267808	0.510366	-1.178017	-0.564740	-0.736650	-0.572127	0.036095	0.246390	-0.327766	-0.715356	-0.625082	-0.441510	-0.745541	-0.823196	-1.050069	-1.177502	-0.834723	0.240200	0.010649	-0.170108	-0.806278	0.052105	-0.625010	-0.129474	-0.630558	-0.580410	-1.434443	-0.702409	-0.386118	0.078264	-0.429050	0.443916	-0.648184	-0.537426	-0.572220	0.779567	-0.290432	-0.745180	-0.691099	0.158862	-0.056919	-0.325918	-0.697130	0.247839	0.055967	-0.949140	-0.671492	-0.067206	0.262737	-0.047066	-0.116921	-0.821062	-0.725070	0.320557	-0.279498	-0.359288	-0.668238	-0.284680	-0.361905	-0.138319	-0.216905	-0.441015	-0.516804	-0.731404	-0.003337	-0.071633	-0.194079	-0.322890	-1.273370	-0.425745	0.073074	-0.112402
-1.019073	-0.225077	-0.176670	0.023627	-1.052139	-0.442804	-0.897410	0.612738	-1.559436	-0.443331	-0.832244	-0.199323	0.023678	-0.019368	-0.755499	-0.882251	0.007291	-0.169001	-0.212895	-0.501195	-0.284247	-0.079054	-0.434130	-0.737499	-1.134245	0.002056	-0.799263	-1.007190	-1.126782	-0.073780	0.449417	0.669697	0.107186	-0.209952	0.722985	0.664633	-0.046716	0.034642	-0.759276	0.159333	-1.257562	-0.462653	-0.533194	0.239308	0.759824	0.920278	0.119416	-0.271449	-0.593666	0.181949	-0.868475	-0.328608	-1.242904	-0.667862	-0.901326	0.576105	0.117433	0.062206	-0.438648	0.535221	0.137827	0.672288	-0.021264	0.077807	-1.519721	-0.690500	-0.666366	-0.038968	-0.078980	0.402298	0.031181	0.073239	-0.739798	0.115705	-0.119166	-0.893422	-0.205416	0.348923	0.357110	0.029410	-0.784325	0.114256	0.358051	-0.741509	-0.250305	-0.266568	-0.059233	-0.261752	-0.172532	-1.042499	-0.623176	-0.233966	0.159451	0.281736	-0.557385	-0.141184	-0.715174	-0.540785	-0.052791	-0.418999	-0.280066	-0.823813	-0.087003	-0.209513	-0.086051	0.104964	-1.590351	-0.321285	0.032171	0.277861
0.059141	0.736086	-0.449365	-0.250883	-0.506281	0.695746	-1.110220	0.375298	-1.628701	-0.335630	-1.566738	-0.582750	0.332239	0.296222	-0.643934	0.435682	-0.390218	0.485995	-0.006998	-0.165031	0.017909	0.959806	0.248326	0.417681	0.035172	0.155459	0.408727	-1.176869	-0.092158	-0.187509	-1.024844	0.815478	-0.249717	0.107497	-0.133985	-0.084394	-1.217592	0.956370	-0.876099	-0.524262	-0.485419	0.107104	0.127749	1.594395	1.588447	1.379093	1.026994	1.003893	-0.111748	0.962153	-0.656070	0.876545	-0.484086	0.852494	-0.376422	0.482899	0.386069	0.551622	0.627050	1.038505	1.116624	1.272411	1.440475	1.523542	-0.198713	-0.032129	-0.859528	-0.293890	0.597217	-0.614311	1.408118	1.355164	-0.718842	-1.389317	0.079649	-0.372809	1.049540	0.391486	0.892776	0.291627	-0.218408	-0.117870	0.518838	0.196576	0.571069	-0.795481	-0.835537	-0.841688	-0.421268	-0.642681	-0.212618	-1.473816	1.066517	1.354654	0.402466	0.099333	-0.892400	-1.025430	0.073044	-0.391316	0.376107	-0.304807	0.024150	-0.618412	0.208500	0.752040	-0.940423	0.094840	-0.125206	0.991238
1.091317	1.266965	-0.140331	-0.203036	0.177816	1.591840	-0.741797	-0.415647	-0.830194	0.179523	-1.216026	-0.827741	-0.126552	-0.180229	-0.392452	0.750033	-0.055660	0.890584	0.291333	-0.082077	-0.203705	1.222243	0.336938	1.178291	0.842282	0.102054	1.306342	-0.846616	1.043980	-0.674475	-1.949312	0.058786	-0.819067	-0.273440	-1.173618	-1.135734	-1.226797	1.529603	0.018625	-0.486099	0.574184	0.804110	0.240491	1.622557	1.060933	0.489054	1.374912	1.697400	0.076202	0.555764	-0.163909	1.569033	0.781832	1.776468	0.501596	-0.004438	0.717343	1.007374	1.346473	1.162033	1.255885	1.008782	2.016967	2.042663	1.463236	0.847939	-0.664273	-0.256986	0.662606	-1.588256	1.738649	1.786596	-0.608637	-2.046576	-0.074514	0.266904	1.656886	-0.088050	0.634219	-0.113883	0.875426	0.122265	0.264652	0.908061	0.904590	-1.123763	-1.057003	-0.805458	-0.905855	-0.050260	-0.251246	-2.325588	1.365438	1.406605	1.130168	0.160866	-0.278936	-0.750137	0.086518	-0.387898	0.559557	0.364524	0.249711	-0.603957	0.625306	0.790543	0.391819	0.082720	-0.115449	1.426466
1.480867	0.824127	0.644991	0.114227	0.843159	1.423544	0.419009	-0.987615	0.920769	0.904829	0.518880	-0.430557	-0.962491	-1.144268	0.214554	-0.061119	1.015610	0.602018	0.569360	-0.221985	-0.710825	0.170296	-0.145413	0.935765	0.892911	0.140537	1.142679	0.152845	1.616672	-1.302029	-1.322503	-1.230996	-0.966281	-1.127139	-1.448692	-1.530589	0.403649	0.824289	1.572626	0.392098	1.378391	1.211550	-0.324876	-0.060680	-0.673511	-1.258603	0.783111	1.131496	-0.188666	-0.934841	0.639730	1.059129	1.800080	1.168948	1.248427	-0.596310	0.844950	0.989839	0.996246	0.579296	0.179059	-0.230064	1.000815	0.996771	2.180105	1.357861	0.062292	0.033747	-0.061085	-1.598051	0.498947	0.840613	-0.024324	-0.965580	-0.415309	0.791346	0.986243	-0.660496	-0.292588	-0.628128	1.826253	0.713817	-0.240384	0.982814	0.390198	-0.770108	-0.472307	-0.062355	-1.019455	0.382342	-0.639212	-1.882055	0.658567	0.151203	0.975905	0.139784	1.033330	0.520715	0.205696	-0.080895	-0.111498	0.688877	0.401443	0.261165	0.887803	0.171015	1.731832	-0.446754	0.269182	1.261336
1.428473	0.006364	1.095379	0.258627	1.343146	0.417654	1.787191	-0.625596	2.769400	1.258511	2.352476	0.566955	-1.042817	-1.389861	1.343480	-0.282822	1.784829	-0.187501	0.682710	-0.072097	-0.507819	-1.179757	-0.239379	0.384725	0.961349	0.675889	0.431447	1.511157	1.654403	-1.482545	0.186046	-1.846068	-0.197746	-1.312485	-0.687030	-0.777485	2.147157	-0.904344	2.427919	1.036774	1.695274	1.193631	-0.648527	-1.741936	-1.833150	-1.979405	-0.140744	-0.011462	-0.219894	-1.858801	1.549346	0.003747	2.112113	-0.175206	1.360363	-0.827309	0.563825	0.410507	0.031064	-0.410898	-1.212828	-1.560984	-0.517632	-0.464701	1.545565	1.268926	1.097763	0.179703	-0.747993	-0.588904	-0.961948	-0.484267	1.216626	1.029898	-0.421302	1.215768	-0.113227	-0.595624	-0.813130	-0.202214	1.784011	0.979473	-0.508648	0.879859	-0.308679	0.216041	0.160712	0.462557	-0.177303	0.571302	-0.485241	-0.296058	-0.329813	-1.168734	0.330413	0.318000	1.974996	1.798410	0.452210	0.705464	-0.957866	0.433610	0.379490	1.508638	0.752885	-0.355194	2.232147	-0.750853	0.809232	0.722172
1.156769	-0.240441	0.628153	0.313029	1.056037	-0.598242	2.183713	0.359880	3.143144	0.792358	2.547224	1.328461	-0.220127	-0.455399	2.385526	0.839927	1.376723	-0.800469	0.464298	0.544050	0.538776	-1.267323	0.355569	0.412507	1.321133	1.299606	0.052109	2.289572	1.371357	-0.909171	1.044718	-1.172778	0.943763	-0.363197	0.294666	0.413342	2.205118	-2.121649	1.637023	0.597278	1.430594	0.926675	-0.192637	-1.802604	-1.343657	-0.847858	-0.706383	-0.757208	0.443998	-1.107600	1.954044	-0.417627	1.772887	-0.751274	0.640669	-0.421964	0.029809	-0.194010	-0.467897	-0.914525	-1.702108	-1.825554	-1.168357	-1.013815	0.267656	0.895716	1.957577	0.080687	-0.655325	0.716481	-1.219394	-1.069848	2.263444	2.417769	-0.018231	1.285085	-0.532264	0.011398	-0.457514	0.964514	0.565848	0.695808	-0.310640	0.980828	-0.383597	1.197954	0.169506	0.152422	1.162648	0.498355	0.496802	1.294131	-0.722430	-1.432828	-0.133885	0.549671	1.518140	1.811371	0.369290	1.419980	-0.964847	-0.209582	0.293634	2.096672	0.273088	-0.295960	1.358495	-0.249213	1.047247	0.211912
0.487956	0.211517	-0.234828	0.830594	-0.366817	-0.995372	1.024719	0.971464	1.386068	-0.086012	0.794478	1.077759	0.449780	0.664880	2.304805	1.875305	0.170749	-0.730119	-0.048316	1.047711	1.229095	0.126509	0.737570	0.849301	1.106683	1.180948	0.242308	1.691938	0.749787	0.035684	0.508791	0.023720	1.233404	0.756857	0.396984	0.761802	0.545333	-1.645619	-0.152914	-0.435370	0.609458	0.656666	0.311961	-0.642998	-0.165089	0.677454	-0.834418	-0.873192	1.101441	0.426328	1.451046	0.131815	1.017674	-0.119977	-0.490695	0.337228	-0.287687	-0.126607	-0.118682	-0.332698	-1.071559	-0.777115	-0.842732	-0.689696	-0.569985	0.725131	2.192680	0.069905	0.041161	1.465047	-0.414948	-0.832823	1.929857	2.356084	0.283264	0.718786	-0.207034	0.339184	0.023693	1.417198	-0.884774	0.419002	0.121383	0.940409	0.028830	1.430427	-0.209241	-0.437682	1.754518	0.166709	1.356853	1.671272	-0.431296	-0.846874	-0.328821	0.343252	-0.045308	0.557868	-0.224861	1.263629	0.091252	-0.612901	0.316571	1.451588	-0.271861	0.094911	-0.498015	0.724327	0.880750	-0.079759
-0.538816	0.648165	-0.341792	1.827571	-1.951514	-0.631032	-0.787415	0.819600	-1.092480	-0.341803	-1.356618	0.162228	0.308167	0.841348	0.848448	1.270013	-0.655620	-0.018994	-0.415137	0.868530	0.523010	1.480603	0.135474	0.890153	-0.200060	0.387381	0.587224	-0.009412	-0.119562	0.638769	-0.658980	0.572678	0.221320	0.892439	-0.444270	-0.069122	-1.194455	-0.101391	-1.312025	-0.871412	-0.387258	0.513765	-0.070366	0.209299	0.204375	0.766934	-0.711212	-0.661119	0.597406	0.913824	0.495309	0.952992	-0.035221	0.684826	-1.133306	0.803628	-0.085428	0.658740	0.333984	0.847810	-0.134176	0.678721	-0.352803	-0.411088	-0.469526	0.869696	1.636336	0.358825	0.664466	1.330287	0.321848	-0.287016	0.279255	1.049837	0.175113	-0.040621	0.208866	0.113161	-0.086364	0.492190	-1.234297	0.636859	0.483877	0.339870	0.055871	0.730203	-0.313634	-0.312302	1.011323	-0.176841	1.121717	0.576447	0.037462	-0.244467	-0.520761	-0.283278	-1.189231	-0.558830	-0.538568	0.262612	1.397558	-0.181693	0.455247	0.123461	-0.643819	0.426925	-2.043323	1.380088	0.690773	-0.176927
-1.218627	0.525625	0.643130	2.428440	-2.050893	0.221676	-1.569368	0.517676	-2.051709	0.398910	-2.071810	-0.206458	-0.004641	0.294407	-0.960529	-0.469913	-0.523406	0.919622	-0.176716	0.292686	-1.019888	1.294319	-0.909814	0.413631	-1.529054	-0.011106	0.627089	-1.562291	-0.716038	0.585561	-1.075844	0.352754	-1.082213	0.188146	-1.043170	-0.952753	-1.592486	0.846360	-0.969121	-0.282237	-0.923292	0.488024	-0.961551	0.293915	-0.268765	-0.354507	-0.288417	-0.307604	-1.012786	-0.210761	0.011819	1.379051	-1.184475	0.540331	-0.639803	0.666827	0.398796	1.394642	0.067619	1.464271	0.412201	1.447257	-0.130486	-0.522269	0.169350	0.930499	0.505889	0.683499	0.849173	0.703567	0.480746	0.294128	-1.195563	-0.628624	0.031337	-0.066173	0.501019	0.031322	-0.379800	-0.600535	-0.125131	1.028045	0.717703	-0.408712	-0.654242	-0.315162	-0.034457	0.697850	-0.221603	-0.114581	0.175592	-0.953540	0.320260	0.077984	-0.621048	-0.543784	-0.742752	-0.344248	0.375121	-0.604764	1.909229	0.931617	0.517144	-0.716305	-0.757485	0.718387	-2.068502	1.346786	0.714727	-0.146448
-0.891360	0.039582	1.643293	1.837835	-0.293249	0.926696	-0.581296	0.581134	-0.838862	1.142516	-0.990990	0.527097	0.306305	0.137005	-1.766249	-1.544913	-0.028656	1.590464	0.444418	0.078217	-1.806646	-0.101677	-1.206763	0.082876	-1.336683	0.469371	0.260225	-1.835754	-0.600109	0.221881	-0.277155	0.219967	-1.352995	-0.256538	-0.348084	-0.626877	-0.780632	0.576561	0.180117	0.575440	-0.678350	0.421074	-0.990554	0.481033	-0.486432	-0.923961	0.471754	0.119808	-2.135530	-1.622013	0.362938	1.514155	-1.869824	-0.345800	0.699682	0.277167	0.630665	1.273661	-0.673740	0.892057	0.682298	1.195631	0.081667	-0.528050	0.592457	0.442687	-0.653901	0.654040	0.613482	0.216441	0.499317	0.773450	-1.238211	-1.645126	0.251671	0.717719	0.976156	0.558890	-0.132285	-0.457438	1.411424	0.908919	0.853443	-0.406773	-1.337781	-0.869857	0.111987	1.749264	-0.648048	0.412560	-0.257180	-1.421821	0.415758	0.295127	-0.286064	0.089240	0.775955	0.805762	2.110125	-0.520515	1.248343	1.772780	0.272033	-0.467350	-0.601692	1.082662	-0.552083	0.775482	0.537641	-0.051525
0.114205	-0.405753	1.366947	0.358960	1.767301	0.768856	1.173200	0.498020	0.967546	0.635411	0.685543	1.401257	0.855909	0.691570	-1.198313	-1.241575	-0.088622	1.557132	0.619142	0.439844	-1.052962	-0.999402	-0.413632	0.145650	0.318131	0.743031	-0.309289	-0.825022	-0.114642	0.065593	0.760367	0.527905	-0.540732	0.036131	1.162399	0.676264	0.050432	0.106511	0.801559	0.716153	0.005660	0.036628	0.345014	1.151680	-0.084626	-0.262658	1.161295	0.384943	-1.422893	-1.725749	1.019310	1.666710	-1.510189	-0.785695	1.811303	0.084766	0.363470	0.262955	-0.904847	-0.407019	1.036458	0.319887	0.468555	-0.081731	0.449253	-0.553349	-1.278389	0.257956	0.005109	0.062257	0.740974	0.769979	-0.184121	-1.455033	0.484315	1.078270	1.510054	0.987510	0.386998	0.463363	2.036920	0.179374	0.803273	0.501173	-1.020507	-0.574949	-0.151656	1.940061	-0.046022	0.880955	0.182761	-0.281276	0.409487	0.365571	0.371067	0.954387	1.683902	1.437359	2.970145	0.246535	-0.091451	1.502730	-0.320169	0.296728	-0.221549	1.247132	1.270680	-0.116864	-0.436560	0.002803
0.723371	-0.822138	-0.077871	-0.921465	2.317101	-0.366727	1.999595	-0.509454	1.415642	-0.966219	1.542131	1.052713	0.667203	1.039215	-0.125492	-0.560523	-0.805879	0.690765	-0.023270	0.907673	0.395357	-0.490910	0.620987	-0.020204	1.625307	-0.465181	-0.847574	0.385679	-0.081018	0.166940	0.775027	0.495868	0.167215	0.407359	1.903461	1.410761	0.043408	0.467140	0.331083	-0.015212	0.491237	-0.794527	1.845602	1.336136	0.127290	0.384459	1.236640	0.313902	0.459024	-0.500602	1.260054	1.542958	-0.245024	-0.250891	1.757853	-0.032865	-0.166969	-0.946925	-0.268438	-1.516244	1.310438	-0.620915	0.765223	0.475954	-0.011123	-1.447664	-1.234886	-0.165560	-0.775252	-0.032486	0.932279	0.115873	0.638329	-0.548327	0.120261	0.044515	1.393477	0.439183	0.338562	0.527863	1.363510	-0.558737	0.492241	1.379868	0.237061	0.234259	-0.378852	1.173895	0.577267	0.779098	0.615589	1.526809	0.354074	0.157880	0.749281	0.920857	0.959629	0.726022	1.871070	0.738915	-1.159716	0.333542	-0.958126	0.508599	0.185354	0.787373	1.964273	-1.083117	-1.992383	-0.107375
0.306880	-1.391512	-1.235476	-1.306625	1.160902	-1.643114	1.209541	-2.031948	0.217063	-2.128636	1.116573	-0.461140	-0.239825	0.421752	0.338879	-0.563068	-1.390702	-0.517646	-0.743466	1.057889	1.124348	0.440630	0.918877	-0.810783	1.122788	-2.566177	-1.253677	0.652710	-0.696552	0.093515	-0.221093	-0.485776	-0.085840	0.186229	1.020321	0.567303	-0.605938	1.218653	-0.643613	-0.904035	0.479342	-1.704548	1.985758	0.261589	-0.344883	-0.106773	0.734313	0.181353	1.444314	0.592707	0.910167	0.664940	0.924305	0.406117	0.555502	-0.531413	-0.601111	-1.643258	0.435628	-1.889726	1.080491	-1.134812	0.755587	0.704353	-0.361608	-1.629419	-0.920516	-0.378104	-1.087471	-0.156689	0.776792	-0.537275	0.483751	-0.029353	-0.545616	-1.466472	0.463896	-0.596524	-0.204646	-0.580000	0.048190	-0.726028	0.078200	1.315399	1.319453	0.880864	-0.007400	0.140360	0.323976	0.258115	0.353747	2.524875	0.362085	0.038496	0.557929	-0.040572	-0.700398	-0.711123	-0.308063	0.473983	-1.199418	-0.635657	-1.176736	-0.187816	0.298191	-0.231054	1.053214	-1.561106	-2.929325	-0.427525
-0.698633	-1.896316	-1.014583	-0.962697	-0.444294	-1.966519	-0.371473	-2.555757	-1.256571	-1.763513	-0.025932	-1.546743	-0.748928	-0.562007	-0.053570	-1.022903	-1.146964	-1.188005	-0.562570	0.877040	0.662957	0.313545	0.350497	-1.533164	-0.600032	-3.403029	-1.450267	-0.159271	-1.171507	-0.441382	-0.931315	-1.554855	-0.845243	-0.335424	-0.619845	-1.112998	-1.092902	1.142581	-1.156975	-1.177329	0.167839	-1.954939	0.658062	-1.115679	-0.765017	-1.013245	0.296333	0.413111	0.422381	0.353152	0.343170	-0.513093	0.988591	0.112443	-0.867258	-1.363924	-0.825547	-1.589747	0.274303	-1.511906	0.483918	-0.791896	0.658585	0.683909	-0.441804	-1.113418	-0.767072	-0.497454	-0.369029	0.061871	0.535210	-0.292502	-0.188845	-0.332643	-0.416119	-1.556161	-0.297176	-0.698532	-0.230106	-1.256381	-0.969722	-0.259195	-0.113737	0.509795	1.228971	0.821652	0.831098	-0.337181	-0.515111	-0.105014	-0.102501	2.042548	0.512062	0.581286	0.197193	-0.665041	-1.722639	-1.618979	-1.679027	-0.001059	-0.238715	-0.544966	-0.864856	-1.092064	-0.070405	-1.150200	-0.718870	-1.019951	-2.189650	-0.878329
-1.411213	-1.871662	0.128491	-0.345640	-1.403393	-1.122679	-1.430578	-1.268881	-1.648878	-0.518508	-0.966248	-0.981030	-0.215626	-0.692350	-0.621819	-1.063855	-0.347109	-0.922783	0.382013	0.451532	-0.269950	-0.882945	-0.506837	-1.263191	-1.695862	-1.867024	-1.265932	-1.121632	-0.760969	-1.097720	-0.423541	-1.261621	-1.144907	-0.419535	-1.459310	-2.040284	-0.917213	0.028694	-0.842889	-0.722727	-0.139495	-1.200684	-0.877753	-1.127661	-0.252060	-0.874112	0.394895	0.951065	-1.547778	-0.908101	-0.012326	-0.705430	-0.089211	-0.979098	-1.524940	-1.826594	-0.945418	-1.007111	-0.663378	-0.689371	0.194931	0.427816	0.776671	0.773693	-0.389510	-0.513835	-0.747309	-0.747218	0.966043	0.807471	0.617130	0.793211	-0.454238	-0.683874	0.888694	0.104589	0.089436	0.508071	0.622695	-0.204088	-1.086324	0.546585	0.126211	-0.071137	0.062399	-0.024842	1.426740	0.024467	-0.930891	-0.030031	0.106182	0.598880	0.637914	1.639825	0.165630	0.015938	-1.341851	-1.393428	-1.359415	0.256331	0.856229	0.385778	-0.520517	-1.303247	-0.760436	-1.352856	-2.104389	0.226000	-0.108574	-1.324658
-1.434689	-1.308986	0.939111	0.274073	-1.597096	0.003461	-1.417374	0.742776	-0.919908	0.088816	-1.123006	0.572779	0.646079	0.239763	-0.685990	-0.495700	0.016715	-0.320706	0.916475	-0.177485	-0.772865	-1.766744	-1.111653	-0.209293	-1.266611	0.538909	-0.663447	-1.264494	0.164288	-1.211462	0.702809	0.423362	-0.808239	0.050572	-0.937906	-1.583427	-0.301625	-0.954273	-0.206566	-0.076048	-0.381846	-0.085428	-1.459759	0.342524	0.874103	0.368994	0.788799	1.313332	-2.545435	-1.891127	-0.083974	0.574341	-1.335683	-1.683468	-1.240570	-1.429140	-1.055361	-0.359578	-1.474344	0.034161	0.472049	1.720822	1.034581	1.028749	-0.381039	-0.358209	-0.561701	-1.047089	1.739084	1.501631	0.907655	1.663927	0.089128	-0.210234	2.255008	1.620095	1.206298	1.730161	1.379911	1.732115	-0.311454	1.286961	0.676838	0.045780	-1.153840	-1.148997	1.319144	0.741042	-0.480813	0.289892	0.977559	-0.689713	0.451852	2.309579	0.455931	1.426896	-0.259210	-0.481403	-0.166390	1.461351	1.183858	1.164773	-0.719966	-0.707190	-1.369124	-0.878587	-2.308285	1.073105	1.724166	-1.677981
-1.010455	-0.797214	0.838321	0.611122	-1.268870	0.423914	-0.748620	1.619511	-0.027543	-0.475566	-0.537649	1.430712	0.795346	1.157994	-0.344171	0.055832	-0.620070	-0.283114	0.365912	-0.724489	-0.665965	-1.439657	-1.290043	0.457622	-0.198455	1.395692	-0.039396	-0.553164	0.541525	-0.549564	1.196459	1.888743	-0.475883	0.515927	0.168847	-0.561837	0.200894	-0.734695	0.005943	0.203154	-0.635599	0.282374	-0.968478	1.594759	1.488609	1.310116	0.860982	1.245087	-1.892417	-1.742458	-0.172537	2.030267	-1.693889	-1.298339	-0.665616	-0.603349	-1.155731	-0.138724	-1.570204	0.075339	0.702396	1.896304	1.081365	1.131953	-0.431142	-0.554354	-0.209804	-1.006631	1.367957	1.368975	0.875161	1.513786	1.047205	0.729032	2.298577	1.219738	1.628004	1.660803	1.078477	2.672948	0.650726	1.520730	1.085525	0.330948	-1.404670	-1.719553	0.723963	1.001659	0.241856	0.571498	1.766906	-0.905420	-0.056631	1.978143	0.737150	2.197477	0.266901	0.263779	0.505029	2.699155	0.741038	1.042004	-1.329485	-0.001138	-1.553796	-0.345925	-1.423618	0.807935	1.951831	-1.915783
-0.514000	-0.776423	0.226088	0.315964	-0.434839	0.098212	-0.063797	0.875606	0.317141	-1.239033	0.319637	0.974002	0.207536	1.089359	-0.227009	0.098664	-1.627612	-0.821903	-0.520958	-0.661024	-0.427705	-0.503962	-1.049012	0.103538	0.262586	0.234995	0.046720	0.235366	0.007636	0.383805	0.799091	1.833992	-0.552845	0.585192	0.891228	-0.005803	0.350834	0.414959	-0.288832	0.140296	-0.823913	-0.359378	-0.030710	1.258348	1.068043	0.941683	0.294562	0.871095	-0.608878	-0.774606	-0.565223	1.934427	-0.991861	-0.456630	-0.448052	-0.179050	-1.205543	-0.526291	-1.175647	-0.638878	0.227085	0.594265	0.683287	0.779629	-0.419136	-0.647211	-0.070157	-0.397900	0.530476	0.483175	0.224435	0.571709	1.687595	0.879958	0.978813	-0.501119	0.624573	0.485328	0.056410	1.985455	0.881592	1.038846	0.848093	0.058338	-0.453369	-1.276567	0.125435	0.502944	0.414409	0.663278	1.955583	0.060437	-0.562331	0.937486	0.786044	1.791437	-0.274910	0.404361	0.103506	2.730789	0.298438	0.144388	-1.540281	0.129458	-1.211444	-0.311441	-0.139761	-0.117229	0.682788	-2.005439
-0.124440	-0.915579	-0.363215	-0.471703	0.758933	-0.115188	0.436613	-0.085305	0.277328	-1.019233	1.000399	0.227278	-0.314194	0.286207	-0.630378	-0.170900	-1.767277	-0.947576	-0.544806	0.166429	-0.567543	0.008730	-0.481286	-0.612639	0.122809	-1.088079	-0.424385	0.451622	-0.630158	0.855217	0.376163	0.681830	-0.698472	0.430546	1.079792	0.104200	0.382503	1.435499	-0.344221	0.318003	-0.735685	-0.926155	0.651794	-0.095658	0.077270	-0.270457	-0.719508	0.202833	0.005097	0.062019	-1.095919	0.295285	-0.046106	-0.297155	-0.503846	-0.262415	-1.113924	-1.095681	-0.747009	-1.374283	-0.656195	-1.118915	-0.146722	-0.060791	-0.241631	-0.445545	-0.333071	0.461301	0.130706	-0.224043	-0.829868	-0.498800	1.568791	-0.263807	-0.491416	-1.432041	-1.042073	-0.737241	-0.713545	0.577349	0.253188	0.261218	-0.092753	-0.692905	1.091775	-0.194492	-0.260904	-0.151536	-0.035692	0.491845	1.585741	1.312635	-0.863835	-0.235489	0.464194	0.848536	-1.290179	0.153862	-0.752024	1.207307	0.317795	-0.802578	-0.833908	-0.299572	-0.459533	-0.719351	0.903127	-0.771676	-0.807851	-1.821157
0.095387	-0.530409	-0.825979	-0.973822	1.650378	0.504071	0.906353	0.276652	0.363231	0.207548	1.374938	0.325264	-0.318640	-0.305244	-1.109159	-0.273354	-0.583672	0.031146	0.379284	1.074301	-1.158648	0.014970	0.103132	-0.697377	0.302722	-0.859196	-0.756885	0.179610	-0.467183	0.649833	0.546193	-0.274976	-0.477849	0.306725	1.179324	0.576605	0.609246	1.831565	0.501014	1.147821	-0.354038	-0.219787	0.653037	-0.925574	-0.849037	-1.206651	-1.753696	-0.939309	-0.230857	0.194803	-1.203304	-1.070337	0.197132	-1.057313	-0.246935	-0.089118	-0.711577	-1.070276	-0.364204	-1.230934	-0.995633	-1.767223	-1.230945	-1.158152	0.094693	-0.152966	-0.606242	0.955233	0.038824	-0.111889	-1.833803	-1.426975	0.816480	-1.670624	-1.111073	-0.598808	-2.067971	-1.524376	-1.005757	-0.663365	-0.248769	-0.001810	-1.074895	-1.148710	2.269476	0.717051	-0.468001	-0.105352	-0.470519	0.096854	0.816170	1.596441	-1.160819	-1.396320	-0.390839	0.082162	-1.807269	0.005393	-1.061190	-0.985773	0.364859	-1.268771	0.293497	-0.707511	0.428655	-0.954025	1.523248	-0.898724	-1.441646	-1.164130
0.130868	0.484607	-1.226206	-0.694132	1.599411	1.639763	1.332776	1.742346	0.650390	1.435249	1.524319	1.020754	-0.141794	-0.306704	-1.003373	-0.040499	0.992646	1.398750	1.120747	1.041349	-1.737648	0.151142	0.305650	-0.138700	1.040096	0.490450	-0.291928	-0.030515	0.305467	0.252737	0.877333	-0.457159	-0.065278	0.120028	1.379563	1.711731	1.011116	1.903249	1.806375	2.186070	-0.006769	1.423784	-0.004859	-0.718187	-1.424052	-1.253130	-2.401376	-2.283776	-0.507379	-0.081623	-0.574672	-0.822500	-0.391214	-1.825754	0.530443	0.858518	0.087138	-0.148256	0.074971	-0.188114	-0.496601	-1.092086	-2.202333	-2.064093	0.480027	0.049555	-0.343417	0.836741	-0.599975	0.352959	-2.368793	-2.196778	-0.088499	-1.891375	-0.977670	0.900967	-1.941620	-2.067181	-1.247947	-1.635280	0.313547	0.485256	-1.184584	-0.901733	2.391538	1.016456	-0.485031	0.640690	-0.454817	-0.341715	-0.313933	0.504815	-1.624276	-2.530820	-1.602316	-0.499083	-1.416702	0.214706	-0.462779	-2.592786	-0.217261	-1.392836	0.812507	-0.667556	1.102007	-0.480143	1.862881	-1.010360	-1.256716	0.040359
0.108188	1.475660	-1.441471	-0.162744	0.764807	2.171601	1.343090	2.569898	0.742613	1.788753	1.427844	1.114814	-0.261188	-0.197099	-0.273562	0.308527	1.598868	1.710707	0.733555	-0.185612	-1.602382	0.631981	0.075858	0.158896	1.421250	1.238815	0.742207	0.182029	0.606454	0.303036	0.650243	-0.206518	0.071541	-0.292718	1.391995	2.729286	1.251177	1.836365	2.282117	2.417723	-0.048384	2.299566	-0.788944	-0.321237	-1.428038	-0.464832	-2.383475	-2.922830	-0.208724	-0.035943	0.331240	0.197354	-1.130529	-1.685056	1.252854	2.008249	1.027453	1.034523	0.410432	0.800891	-0.005993	-0.253600	-2.526650	-2.260190	0.705431	0.251553	0.398353	0.523962	-1.982780	0.190171	-2.157103	-2.513153	-0.727790	-0.710358	-0.786585	1.491575	-1.206570	-2.284603	-1.383892	-2.246608	1.475948	0.906866	-0.197205	-0.496848	1.458587	0.853608	-0.291992	1.107199	-0.299350	-0.733109	-1.569021	-1.052218	-1.909091	-3.137893	-2.377485	-1.127308	-0.527553	0.581209	0.430789	-3.077989	-1.338204	-1.628320	0.326536	-0.343494	1.316729	0.517745	1.989013	-1.476979	-1.035634	1.458173
0.223224	1.813144	-1.272351	-0.163522	-0.057330	1.371338	0.634172	1.579351	0.372775	1.213668	0.898555	0.092575	-0.667537	-0.454981	0.364632	0.465260	0.881961	0.603207	-0.481285	-1.622630	-0.518327	1.031305	-0.190286	-0.344620	0.679897	0.633753	1.313531	0.637103	-0.187675	0.919791	-0.075201	0.112553	-0.003315	-0.713725	1.020818	2.660632	1.055319	1.273280	1.235425	1.391702	-0.414778	1.378329	-1.006189	-0.480727	-0.666743	0.734319	-1.691300	-2.260307	0.404816	0.637633	0.635144	0.108339	-1.406404	-0.721957	1.187952	2.353291	1.580303	1.555033	0.397375	0.945100	-0.311710	-0.207269	-1.901708	-1.581249	0.493243	0.567451	0.947217	0.612824	-3.151799	-0.807974	-1.256857	-1.997412	-0.994315	0.676924	-0.923828	0.799208	-0.693146	-1.714361	-0.829995	-1.981270	1.774255	0.311028	1.059156	-0.703640	0.145775	0.555097	-0.069337	0.567110	-0.495410	-1.198135	-2.344636	-1.797083	-1.518159	-2.575579	-1.971302	-1.613692	0.234135	0.694590	0.728247	-2.754538	-2.136676	-1.936886	-0.453928	-0.131410	1.131823	1.242376	1.784679	-1.902564	-1.191329	2.348819
0.452985	1.535348	-0.721741	-0.453602	-0.338292	-0.244660	-0.501482	-0.434731	-0.217281	0.194176	-0.103080	-1.174060	-0.968851	-0.859575	0.233830	0.276792	-0.212015	-0.584140	-1.450612	-1.916030	0.774858	1.065106	-0.139288	-1.068980	-0.640712	-0.408009	0.613351	0.811449	-1.377847	1.599466	-0.560138	0.491163	0.316727	-0.700805	0.539244	1.491358	0.524393	0.008241	-0.519345	-0.132208	-0.621480	-0.363867	-0.457705	-0.823208	0.485686	1.602023	-0.671103	-0.870191	0.712395	1.475529	-0.009530	-1.472210	-1.204720	0.346963	0.376222	1.703966	1.425709	1.265952	0.216883	0.552455	-0.833235	-0.368331	-0.712049	-0.534375	-0.274048	0.850276	0.875245	1.134760	-3.017095	-1.693780	-0.203161	-0.847237	-1.027742	1.092280	-1.229678	-0.411409	-0.689037	-0.438568	0.326691	-0.753747	0.606441	-1.091205	1.465475	-1.407871	-0.715633	0.315558	-0.064842	-0.434471	-0.846814	-1.724557	-2.145875	-1.345820	-0.585761	-1.029748	-0.699583	-1.573713	0.764038	0.396578	0.303563	-1.973759	-1.844479	-1.590511	-0.494982	-0.018522	0.844666	1.161588	1.247325	-1.520869	-1.213035	2.144568
0.496932	1.074335	-0.045485	-0.035913	-0.277643	-1.438141	-1.290852	-1.695510	-0.576913	-0.783414	-1.190897	-1.487900	-0.896962	-0.853503	-0.516503	-0.189882	-0.564990	-0.361551	-1.552951	-0.754151	1.119116	0.956697	0.101568	-1.050657	-1.307783	-0.735033	-1.010277	0.367621	-1.642427	1.745047	-0.392144	0.778636	1.192340	-0.224068	0.261793	0.071544	0.036420	-1.366001	-1.511205	-0.965183	-0.282566	-1.169833	0.303927	-0.590898	1.083997	1.355132	0.228382	0.105635	0.608069	1.782090	-0.997483	-2.784042	-0.712366	1.192534	-0.319981	0.807662	0.821201	0.859326	0.356193	0.497554	-0.257211	0.474379	0.203099	0.107882	-1.259397	0.797969	0.534251	1.451246	-1.551999	-1.424924	0.374476	0.195662	-0.960236	0.605009	-1.388213	-1.279431	-0.772637	0.628213	1.002183	0.500078	-0.893756	-1.992033	0.703789	-1.639469	-0.842349	0.222754	-0.285779	-0.733366	-0.654691	-1.916885	-1.217083	-0.352254	0.196720	0.417444	0.230729	-1.035067	1.388050	-0.090067	-0.076785	-0.635087	-0.558271	-0.136062	0.405787	0.408513	0.660941	0.642035	0.680392	-0.115679	-0.405475	1.123442
0.153177	0.646011	0.403456	1.233453	-0.362429	-1.549759	-1.225612	-1.559573	-0.596899	-1.403892	-1.745633	-0.778021	-0.583304	-0.386434	-1.098836	-0.688655	-0.085421	1.016084	-1.073749	0.724842	0.215047	0.916759	0.110992	-0.162724	-0.926238	-0.373466	-2.248395	-0.467497	-0.573534	1.206993	-0.003457	0.457442	1.763362	0.094293	0.009365	-0.912654	-0.137604	-1.908596	-1.214408	-0.811891	0.400882	-0.661689	0.501011	0.115796	0.638605	-0.008014	0.854141	0.305639	0.550190	1.342137	-1.421509	-2.038775	0.113814	1.957168	-0.229426	0.296104	0.358146	0.838429	0.868117	0.962611	1.443683	2.121079	0.418473	0.174919	-1.798408	0.308459	0.433838	0.947988	0.209695	-0.167080	0.428015	0.661012	-0.751685	0.148357	-1.270930	-1.481761	-0.365299	0.762817	0.498871	0.752691	-1.247268	-1.461652	-0.527322	-0.770521	-0.679213	0.236348	-0.573541	-0.063417	0.143332	-1.469345	-0.456308	0.341150	0.532192	0.926126	0.143906	-0.417090	2.028233	-0.532649	0.195515	1.185403	0.751419	1.535213	1.396670	1.262544	0.501684	0.464186	0.376479	1.524766	0.933698	0.247566
-0.348271	0.215575	0.371929	2.125069	-0.702500	-1.017730	-0.587911	-1.016213	-0.579895	-1.447318	-1.444881	-0.140915	-0.349038	-0.040376	-0.959476	-0.881571	0.361780	1.769406	-0.565213	1.099406	-0.911387	0.774103	-0.267794	0.754889	-0.311957	-0.148956	-2.063105	-1.056967	0.759473	0.304113	-0.069206	-0.665408	1.083768	-0.346235	-0.628282	-1.417370	-0.064280	-1.319475	-0.442314	-0.465526	0.782860	-0.047067	-0.063478	0.416745	-0.186077	-1.382550	1.326199	0.367019	0.820424	0.540711	-0.971406	0.331635	1.220951	2.495977	0.277726	0.051905	0.362985	0.880299	1.133033	1.227183	2.486845	2.794214	0.336630	0.268260	-1.507139	-0.311002	0.409285	-0.264668	1.208465	0.770473	0.517507	0.772104	-0.311251	0.220151	-0.918112	-1.218783	0.523641	0.310413	-0.384467	0.105363	-0.496311	-0.038519	-1.321363	0.646154	-0.733676	0.142446	-0.900420	0.590583	0.587624	-0.732562	-0.526413	0.392748	0.869193	0.731186	-0.315373	-0.033907	1.957316	-0.959410	0.738912	2.506601	0.996682	1.764662	1.523080	1.979407	0.241454	0.812744	0.208696	2.182961	1.618242	0.182630
-0.549001	-0.072937	-0.126947	1.583023	-0.904951	-0.594170	-0.095650	-1.032127	-0.733033	-0.807826	-0.575710	-0.464077	-0.311443	-0.229305	-0.232843	-0.480636	0.112051	0.808364	-0.162653	0.228161	-0.974766	0.430313	-0.656961	0.964057	-0.300468	-0.351422	-0.686376	-0.917430	1.014168	-0.497433	-0.622112	-1.841274	-0.486211	-1.217159	-1.588454	-1.583224	-0.015559	-0.245720	-0.202699	-0.690345	0.510008	-0.252344	-0.774656	-0.099707	-0.390637	-1.607089	1.579952	0.766302	1.143744	0.015946	-0.064655	2.063458	2.083179	2.324337	0.309714	-0.208113	0.643942	0.500212	0.669967	0.788251	1.444408	1.446944	0.494022	0.812320	-0.645230	-0.491292	-0.011475	-1.420693	1.239751	0.444182	0.966817	0.875403	0.261071	0.407960	-0.394838	-0.886663	1.149387	0.107644	-0.348945	-0.471240	-0.041408	0.853243	-1.400372	1.443493	-0.843851	-0.159767	-1.248387	0.285136	-0.058214	-0.333166	-1.096724	-0.002052	1.504180	0.538618	-0.212411	0.056590	0.806052	-1.344166	0.774869	2.139152	0.011253	0.197000	0.749809	1.920079	0.058793	1.107214	-0.150176	1.420821	1.127785	0.679965
-0.261155	0.153375	-0.755923	0.236750	-0.555538	-0.394371	-0.081049	-1.186984	-0.785578	0.316225	0.202988	-1.372302	-0.312866	-0.583678	0.575736	0.509856	-0.500607	-0.807145	0.278847	-0.562900	0.146409	0.307044	-0.496027	0.683728	-0.661959	-0.439113	0.706242	-0.149249	0.181391	-0.790527	-1.024575	-2.028201	-1.441713	-1.400019	-2.261992	-1.385687	-0.177682	0.390207	-0.568216	-1.290542	0.036521	-0.686919	-0.831832	-0.772150	0.053214	-0.786292	1.232476	1.043162	1.177628	0.243676	0.688050	1.593605	2.131956	1.494308	-0.245962	-0.245699	0.802641	-0.048256	-0.053212	0.157596	-0.647713	-0.543708	0.695288	1.242195	0.264865	0.120588	-0.547202	-1.778805	0.871896	-0.541486	1.275078	0.812209	0.668177	0.178046	0.203290	-0.660351	0.791561	0.315479	0.560440	-0.443253	-0.669240	0.427774	-1.108882	1.071321	-0.447759	-0.337955	-1.234475	-0.616833	-1.057040	-0.264946	-1.170344	-0.368102	1.827729	0.456498	0.296217	-0.150618	-0.565574	-1.283156	0.270007	0.276877	-1.072441	-1.324976	-0.103777	1.174220	0.297982	0.844877	-0.582582	0.168262	0.448943	1.012360
0.267479	0.913838	-1.017013	-0.355154	0.218402	0.002192	-0.217077	-0.537348	-0.327316	1.309997	0.424802	-1.743623	-0.185339	-0.433481	1.054355	1.575715	-0.644974	-1.134095	0.673188	-0.056630	1.280184	0.800106	0.280035	0.639142	-0.528513	-0.034145	1.223304	0.648818	-0.439360	-0.362957	-0.774265	-1.158298	-0.869600	-0.301944	-2.138612	-0.885188	-0.476597	0.254399	-0.821654	-1.458936	0.120618	-0.289079	-0.112440	-0.758302	0.284550	-0.053239	0.169526	0.552706	0.967505	1.065831	0.917614	-0.308615	1.388834	0.750146	-0.515987	0.261862	0.625140	-0.102874	-0.113790	0.112750	-1.437235	-0.961789	0.313596	0.673057	0.965857	1.157755	-0.304979	-1.158558	0.660049	-0.783664	0.746609	0.245939	0.653349	-0.333620	0.681421	-0.342073	-0.338180	0.366473	0.957431	-0.196516	-1.483395	-0.711387	-0.792295	0.058163	0.428185	0.026330	-0.378084	-0.888766	-0.972866	0.110792	-0.254698	-0.266820	1.054760	0.083056	0.314907	-0.567536	-0.909811	-0.452313	-0.112071	-1.336050	-0.865383	-0.812347	-0.345870	0.382277	0.862627	0.203294	-0.532523	-0.223669	0.697724	0.750282
0.657296	1.473448	-0.632320	0.189175	0.755607	0.676360	-0.083139	0.711766	0.531304	1.462127	0.176598	-1.034238	0.099356	0.247978	1.049139	1.902159	-0.066859	0.150140	0.728001	1.253675	1.280243	1.408727	1.006207	0.946510	0.344176	0.461439	0.943674	0.861763	0.051638	0.481054	-0.070174	-0.192642	0.482620	1.242068	-1.242018	-0.339676	-0.636759	-0.215804	-0.440935	-0.801372	0.744859	0.763332	0.677501	-0.117237	-0.092932	0.004978	-0.938208	-0.402574	0.634918	1.512770	0.604287	-1.612901	0.340871	0.428654	0.029394	0.837917	0.130376	0.293207	0.542197	0.466537	-0.384754	0.285735	-0.572342	-0.670619	1.374128	1.616143	0.737891	0.023824	0.591436	0.049326	-0.417649	-0.571305	0.178665	-0.577892	0.839412	0.269712	-1.186196	-0.010421	0.096096	-0.202399	-1.199515	-1.329658	-0.438572	-0.661479	0.954616	0.687140	1.012868	-0.134277	0.329955	1.012092	0.978618	0.297342	-0.493653	-0.490997	-0.246683	-0.808703	-0.217978	0.696016	-0.135428	-1.330667	0.603298	1.188020	-0.095685	-0.172538	1.023798	-0.358293	0.100916	0.390532	1.386782	0.020965
0.735890	0.962030	0.125925	0.554037	0.575863	1.043663	0.253680	1.347082	1.117517	0.643143	-0.077172	0.199372	0.467918	0.760777	0.680538	1.123536	0.652323	1.287671	0.434474	1.653224	0.291791	1.111756	0.965419	0.912513	1.199389	0.518087	0.452531	0.347541	0.975152	0.834491	0.496259	0.206946	1.189225	1.811135	0.030660	0.129517	-0.457457	-0.415702	0.300718	0.215527	0.964884	1.177977	0.801824	0.426074	-0.407649	0.033951	-1.141219	-0.777247	0.032700	0.679179	0.088650	-1.305250	-0.569930	-0.043493	0.675690	0.540353	-0.532604	0.292772	0.859027	0.275632	0.597383	1.048216	-0.949522	-1.362890	1.242280	0.819773	1.255824	1.008188	0.350695	0.764807	-1.138779	-0.859833	-0.528203	-0.377776	0.658262	0.925570	-0.971874	-0.338236	-0.994414	-0.258559	0.054325	-0.907417	0.065768	-0.658456	0.567538	0.779149	1.726994	0.502105	1.336047	1.682521	1.415259	0.721960	-1.480883	-0.521596	-0.411916	-0.441296	0.264421	1.244941	-0.328633	-0.267538	1.679841	2.104505	0.040545	-0.762742	0.252572	-0.716735	0.527305	0.718971	1.092298	-0.669665
0.587444	-0.480365	0.587518	-0.364806	-0.000076	0.609753	0.406808	0.863888	0.924233	-0.420157	-0.016242	0.982141	0.689701	0.564129	0.287093	-0.147868	0.860599	0.767758	0.168073	0.444826	-0.496821	-0.161318	0.290247	0.112726	1.225703	0.225438	0.098458	-0.412827	1.023207	0.004821	0.585519	0.381303	0.804013	1.035465	1.143615	0.581700	-0.072496	-0.241014	0.675598	0.768395	0.174570	0.359809	0.329943	0.520090	0.019515	0.713227	-0.305765	-0.106149	-0.808270	-0.918074	-0.126077	-0.196333	-1.027496	-0.995804	0.476890	-0.625830	-1.062083	-0.500604	0.121151	-0.653449	0.049859	0.014901	-0.145850	-0.475480	0.424007	-0.621920	0.317612	1.109137	-0.048357	0.388493	-0.721576	-0.252350	-0.978826	-0.100122	0.314354	1.052150	-0.016199	-0.169608	-0.922720	0.114745	0.935201	-0.067742	0.577715	-0.221108	-0.151575	-0.066469	0.986115	-0.166994	0.888822	1.273053	0.777562	0.382476	-1.053682	0.275336	0.329056	0.423569	-0.202185	0.912153	-0.945044	0.354472	1.024402	0.704458	-0.235677	-1.384937	-0.841253	-0.993186	0.030777	-0.213878	-0.306966	-0.766366
0.386125	-1.581200	0.372766	-1.748383	-0.260129	-0.258801	0.235300	0.071328	0.190877	-0.845852	0.232080	0.853800	0.456529	-0.061951	0.158099	-0.868072	0.541989	-0.660898	0.189264	-1.010756	-0.312961	-1.137743	-0.160679	-0.794565	0.514551	-0.013318	-0.108098	-0.692473	0.059683	-1.391234	0.321757	0.734195	0.125025	-0.072038	1.531228	0.849983	0.176666	-0.050089	0.341876	0.503167	-0.882820	-0.699193	-0.047003	0.414681	0.764684	1.511015	0.625631	0.847982	-1.214451	-1.547868	0.093321	0.334527	-0.769567	-1.607020	-0.326555	-1.398556	-1.082268	-1.283868	-0.873292	-1.236682	-0.938520	-1.424658	1.071517	1.089402	-0.572359	-1.282275	-1.034436	0.290661	-0.199448	-0.380272	0.257916	0.654476	-0.688264	-0.057617	0.021263	0.416946	0.686341	0.205475	0.131259	0.799550	0.652194	0.319271	0.773111	0.145824	-0.174598	-1.002041	-0.386181	-1.511296	-0.245463	0.024744	-0.111195	-0.491831	0.171647	1.057046	1.091076	1.063746	-0.880584	0.309600	-1.330747	0.135976	-0.623261	-1.273301	-0.594382	-1.389464	-1.031899	-1.110684	-0.918058	-1.538933	-1.275497	-0.185737
0.210717	-1.327756	-0.109516	-1.853563	-0.112288	-0.729610	-0.033331	-0.219694	-0.389017	-0.558649	0.326183	0.185780	-0.112055	-0.376466	0.263775	-0.688962	0.184554	-1.137954	0.303278	-1.107436	0.348514	-0.816982	0.079025	-0.847422	-0.176510	-0.132657	-0.187846	-0.238491	-0.694499	-1.779293	0.048479	0.869897	0.022391	-0.435281	0.940937	0.579300	0.177527	-0.063390	-0.232986	-0.141428	-0.979089	-0.780112	0.027148	0.261219	0.851048	1.345509	0.666697	0.987509	-0.541858	-0.395101	0.284548	-0.089091	0.101185	-0.986053	-0.705355	-0.890252	-0.524773	-1.071221	-0.792451	-0.590363	-0.624455	-1.275795	1.263036	1.549852	-0.863464	-0.599220	-1.010800	-0.639239	0.092142	-0.253374	0.638830	0.914697	0.244016	-0.058721	-0.070613	-0.425719	0.548044	0.225594	0.752187	1.063530	-0.214111	0.169953	0.522093	0.237187	0.558989	-0.888181	-0.838646	-1.693541	-0.526786	-0.865980	-0.370851	-0.879185	0.848940	0.844041	0.803465	0.872343	-0.763398	-0.029544	-0.904668	-0.059591	-1.322362	-1.503488	-0.507221	-0.429626	-0.137788	-0.850170	-1.172977	-1.526259	-0.780184	0.405571
-0.002535	-0.194715	-0.122400	-0.391424	-0.204766	-0.531342	-0.195023	-0.175580	-0.431307	-0.216288	0.121842	-0.239029	-0.322475	-0.051869	0.365381	-0.210303	0.175045	-0.335169	0.196820	-0.159625	0.532391	0.127019	0.506385	-0.106137	-0.395293	-0.272697	-0.124162	0.372257	-0.327774	-0.582919	0.001131	0.329265	0.434782	-0.069802	-0.195347	-0.161549	0.143924	-0.105410	-0.330511	-0.438324	-0.062254	-0.061597	0.164608	-0.107947	0.150707	0.204063	-0.086312	0.198107	0.707034	1.160990	0.054173	-0.637861	0.929064	0.357346	-0.370179	0.131567	0.156540	-0.057427	0.330489	0.592965	0.607042	0.217725	0.130365	0.410984	-0.236447	0.407617	0.404920	-0.808533	0.484795	0.663515	0.099522	0.314451	0.946795	0.222760	0.107411	-0.574610	-0.090835	-0.084528	0.294674	0.529858	-0.689585	0.078401	0.077818	0.176490	0.995891	0.176734	-0.048365	-0.254205	0.224153	-0.585986	-0.045677	-0.242281	0.429392	-0.118305	-0.259780	0.049899	-0.024480	-0.265466	-0.169765	0.304187	-0.393580	-0.038180	0.089291	0.705356	0.567083	-0.285213	-0.485762	0.052548	0.358540	0.262382
-0.311042	0.495309	0.432996	1.094451	-0.863108	-0.097425	-0.324150	-0.199652	-0.195700	-0.172417	-0.267825	-0.042122	0.178507	0.452930	0.328721	-0.049727	0.443364	0.320326	-0.061718	0.286334	0.089961	0.348798	0.401019	0.469155	-0.376611	-0.280241	0.012314	0.328535	0.561854	0.738857	0.093781	-0.415412	0.588200	0.266283	-1.056106	-0.792513	0.181721	-0.023413	0.072703	-0.190478	0.676449	0.365877	-0.117364	-0.559364	-0.443840	-0.712905	-0.594194	-0.500094	1.115746	1.191706	-0.224764	-0.379262	1.032605	1.038594	-0.020904	0.347243	0.404721	0.660242	1.046875	0.948638	0.964703	1.160102	-0.995033	-0.895092	0.501494	0.532139	1.358174	-0.332498	0.599733	1.085422	-0.479101	-0.338916	0.608875	0.607895	0.466546	0.164135	-0.379404	-0.175844	-0.411461	-0.193686	-0.543190	0.383737	-0.150035	0.134362	0.336078	0.834841	0.763272	1.060707	0.787622	0.383443	0.189636	0.569183	-0.293599	-0.576701	-0.887956	-0.583750	0.397982	-0.603224	0.022851	0.727524	0.841682	1.158097	0.607900	0.889107	0.100250	0.172124	0.110529	1.487352	0.878326	-0.442744
-0.595259	0.216123	0.867519	1.283525	-1.435196	0.245039	-0.548547	-0.118471	-0.170083	-0.017768	-0.669021	0.294709	0.660353	0.422097	0.174595	-0.110961	0.609929	0.016520	-0.103189	-0.184087	-0.351377	-0.217873	-0.250124	0.383545	-0.480255	0.114728	0.139482	-0.404954	0.786683	0.434150	0.012554	-0.525572	0.011204	0.126714	-1.204766	-0.945440	0.100220	-0.014037	0.290606	0.110451	0.422854	0.205278	-0.696732	-0.528332	-0.280900	-0.558935	-0.143736	-0.173043	0.016930	-0.312510	0.053508	0.609781	0.391546	0.557703	-0.129560	-0.266331	0.155148	0.524274	0.432437	0.329700	0.101641	0.777380	-0.737147	-0.748278	0.516140	-0.029468	0.665149	-0.138456	0.554679	0.499881	-0.191435	-0.134323	-0.453273	0.574296	0.731957	0.885804	0.157778	0.192304	-0.465759	-0.243430	-0.223435	0.763316	-0.035291	0.157559	-0.914557	0.125270	0.560845	0.682817	0.413371	0.843015	0.073477	0.257666	-0.231365	0.128781	-0.525149	-0.464325	0.195540	-0.668909	-0.207761	0.666913	0.907200	0.953419	0.374898	0.095029	-0.790845	0.213133	-0.264507	1.295379	0.801777	-0.815733
-0.591036	-0.334189	0.634336	0.541814	-1.110977	0.586619	-0.700944	0.249076	-0.384798	0.604132	-0.862913	0.043524	0.241144	-0.253558	-0.032645	0.002836	0.432821	-0.296587	0.228312	-0.500516	-0.429533	-0.423822	-0.838611	0.149162	-0.574279	0.722873	0.340411	-0.974898	0.299827	-1.131277	-0.299524	-0.034777	-0.822092	-0.278791	-0.871247	-0.849890	-0.133718	-0.283556	-0.001910	0.007078	-0.251156	0.191418	-1.010690	0.120473	0.236283	0.142543	0.772946	0.859398	-1.495979	-1.536117	0.625449	1.260441	-0.343447	-0.250281	-0.293422	-0.629526	-0.177835	0.042196	-0.706903	-0.151528	-0.502956	0.112307	0.619508	0.680490	0.002803	-0.170076	-0.666263	-0.616273	0.668941	-0.263619	0.674363	0.794058	-0.987327	0.114541	0.668478	0.635223	1.061419	0.601880	-0.075435	0.330365	-0.094496	0.747580	0.090078	0.205259	-1.527993	-1.271276	-0.239213	-0.586669	-0.251511	0.259163	0.062040	-1.172852	0.585867	1.164518	0.259607	0.153881	-0.047073	-0.073651	-0.063891	0.354583	-0.037407	0.110428	-0.529600	-0.597520	-0.738217	-0.064157	-1.068885	-0.026069	0.841035	-0.463166
-0.078808	-0.345578	0.041470	0.014663	-0.018502	0.841342	-0.357678	0.444212	-0.247826	1.221277	-0.534665	-0.651856	-0.633199	-0.849986	-0.096839	0.297827	0.109651	0.370948	0.705766	0.030028	-0.371921	0.243870	-0.789565	0.396660	-0.158785	0.997787	0.766662	-0.703324	0.252111	-1.868030	-0.358712	0.232159	-0.952665	-0.520866	-0.504586	-0.820237	-0.192504	-0.661758	-0.203182	-0.327366	-0.248702	0.680845	-0.672167	0.697661	0.374182	0.400825	1.107145	1.395202	-1.678735	-1.220982	0.597688	0.702072	-0.459274	-0.430659	0.040626	-0.288050	-0.240534	-0.118631	-0.923839	0.152258	0.049269	0.100205	1.495124	1.672307	-0.093340	0.425197	-0.935933	-0.989699	0.870674	-0.431711	1.028570	1.360309	-0.277302	-0.110828	0.377481	-0.290599	1.402617	0.612176	0.148410	0.688030	-0.025307	0.267577	-0.154597	0.258117	-0.930695	-1.736554	-0.563199	-0.812387	-0.240103	-0.565881	0.519417	-2.208790	1.053306	1.228602	0.769090	0.598921	0.208052	0.816428	0.556623	0.251086	-0.657198	-0.158616	-1.113047	-0.403418	0.250482	-0.300797	-1.040354	-0.875300	0.893765	0.122812
0.937477	0.192449	-0.188848	0.101353	1.005098	0.577856	0.669695	0.087120	0.743665	1.086705	0.406229	-0.743972	-0.542884	-0.550626	0.338954	0.505921	0.064822	1.415358	1.069143	0.835635	-0.286618	0.943221	0.078116	1.085522	0.951533	0.777377	1.335784	0.075515	1.232176	-0.757866	0.269210	-0.152554	-0.029028	-0.339133	-0.307291	-0.753934	0.005995	-0.867094	0.284862	-0.450206	0.643127	1.017051	0.258149	0.636662	0.141103	0.144580	0.641741	0.878280	-0.128831	-0.014921	-0.082636	-0.590375	0.215859	0.089075	0.789874	0.099377	-0.047385	0.041783	0.115131	0.623307	0.825165	0.334955	1.003693	1.106206	0.710628	0.947399	0.087036	-0.381892	0.829516	-0.182142	0.517542	0.925693	0.919737	0.218597	0.238156	-0.618224	0.925692	0.435612	0.327631	0.482346	0.347164	-0.396563	-0.614521	0.410258	0.282136	-0.505762	-0.119512	0.283714	0.492620	-0.307963	1.042235	-1.535036	0.565450	0.234850	0.988786	0.634442	0.824254	1.283019	0.889655	0.258827	-0.138755	0.421324	-0.448152	0.339712	0.929379	-0.184204	0.042206	-0.481233	0.358808	0.514860
2.111742	0.795415	0.216540	0.377392	1.491932	-0.188511	1.892494	-0.240647	2.116423	0.276717	1.407943	0.361660	0.920872	0.593468	1.348297	0.584788	0.448742	1.582056	1.247146	1.228714	0.148225	0.805780	1.450840	1.767785	2.171831	0.527490	1.665943	0.564695	2.220331	0.813432	1.134925	-0.724460	1.226696	0.265264	-0.211195	-0.382006	-0.023195	-0.918127	1.016078	-0.321760	1.577417	0.662789	1.390397	0.340949	0.127866	0.101133	0.219684	0.055423	1.768402	0.721561	-0.295100	-1.142291	1.197344	0.768778	1.411877	0.031594	0.232415	0.157977	1.430176	0.510603	0.626471	0.076334	-0.022930	-0.246655	1.823772	0.799965	1.210601	0.908682	0.551700	0.073295	0.031714	0.150777	1.258871	0.486586	0.471511	0.251247	0.370362	0.586485	0.921273	0.315952	1.024606	-0.918218	-0.687326	0.809923	1.086797	1.461091	0.460796	1.048303	1.227821	1.298266	0.967388	0.420646	-0.085458	-0.580928	1.235161	0.644587	1.284047	1.245162	0.531822	-0.047492	1.078403	1.323888	1.133989	0.849423	0.723312	0.332350	0.952803	0.610628	-0.422612	0.957504
2.808973	1.164786	0.914054	0.507829	1.620268	-0.640733	2.385275	0.289702	2.629070	-0.291189	1.573159	1.854467	2.311485	1.577099	2.304354	0.683333	0.995518	0.722820	1.151472	1.290111	1.022562	0.083058	2.529712	2.086931	2.516447	0.676812	1.428280	0.609575	1.877167	0.925528	1.206193	-0.804718	1.765014	0.981099	-0.078154	0.256486	-0.519318	-0.916872	1.065465	-0.215146	1.723876	0.192046	2.187821	0.504277	0.443904	0.510892	0.432379	-0.167729	2.434786	0.639625	0.638279	-0.192974	1.820681	1.201854	1.541603	-0.043535	0.553234	0.199903	2.010658	0.072873	-0.302913	-0.519966	-0.288107	-0.900635	2.243261	0.437835	1.516369	1.694492	0.359179	0.371232	0.354124	-0.009069	0.435948	0.080164	0.831224	1.388284	0.374579	0.946441	1.525146	0.651324	1.423036	-1.052652	-0.113955	1.371496	1.027388	2.438369	0.605274	0.361398	1.413036	2.821220	0.344813	1.886520	0.056989	-0.365123	1.414140	0.894450	1.225009	1.266599	0.052936	-0.660703	1.978447	1.867281	2.179569	0.849403	0.405035	0.929591	0.565696	1.475860	-0.359790	1.659497
2.517459	1.282757	1.406937	0.614717	1.549234	-0.122915	1.692733	1.350405	1.697215	0.063774	0.644443	2.380452	2.025541	1.486265	2.356019	0.804726	1.375128	-0.304404	0.628722	1.187925	1.798734	-0.474878	2.537020	1.784319	1.597699	1.018232	0.783208	0.774320	0.431588	-0.439072	0.176694	-0.209109	1.329773	1.326093	0.170985	0.879051	-0.812051	-0.656024	0.429682	-0.113550	1.191244	0.498524	2.208723	0.974037	0.430163	0.700736	0.668930	0.000797	1.729556	0.436604	1.761364	1.244349	1.854989	1.361491	1.257158	0.414706	0.931154	0.467852	1.808177	0.101911	-0.797349	-0.753700	0.216809	-0.602208	1.666423	0.587663	1.206381	1.329540	0.272598	0.719303	0.899374	0.261811	-0.514862	-0.552243	0.841787	1.462495	0.526519	0.743031	1.063664	0.935145	0.992989	-0.716897	0.615796	1.619561	0.464821	1.717329	0.438468	-0.838703	1.125282	2.510921	-0.064525	1.605013	0.560699	0.160866	1.028332	0.942739	0.671600	1.579197	0.156262	-1.024942	1.942717	1.552422	1.707514	0.533701	0.672518	1.102087	-0.704741	1.617438	0.639833	2.083159
1.409503	1.175346	1.393500	0.816512	1.173037	0.913647	0.464512	1.665872	0.311418	1.053070	-0.510880	1.617236	0.435927	0.589971	1.460659	0.867877	1.497136	-0.975446	-0.118271	0.570318	1.993288	-0.705240	1.590462	0.746173	0.209637	1.058015	0.363955	1.368498	-0.499097	-1.507509	-1.023636	0.753773	0.675150	1.122121	0.532950	1.349515	-0.208285	0.058622	0.099140	0.299773	0.785979	1.395117	1.471987	1.018587	-0.304706	0.178328	0.039276	-0.262205	0.763404	0.648538	1.665707	1.492850	1.563419	1.378919	0.882516	1.096133	1.242413	1.011831	1.447025	0.739332	-0.369127	-0.417576	0.379935	-0.372398	0.806244	1.206210	0.854611	0.424159	-0.086411	0.608934	0.527654	0.002669	-0.597942	-0.493188	0.359744	0.366578	0.064424	-0.267190	-0.563063	0.416260	0.046768	-0.139956	0.903580	1.116259	0.037733	0.291696	0.469933	-1.011854	0.839928	0.458626	0.199484	0.134069	0.267769	-0.206863	-0.043125	0.190173	0.020997	1.671276	0.771462	-0.692140	1.152742	0.461446	0.408850	0.036110	1.022854	0.675629	-1.458085	1.092511	1.266774	1.566200
0.355479	0.917086	0.849918	0.807157	0.627984	1.418694	-0.116617	0.735708	-0.051744	1.781776	-0.746475	0.478108	-0.495971	0.040776	0.551859	0.915516	1.431336	-1.401513	-0.416482	-0.665472	1.851674	-0.881084	0.799751	-0.567251	-0.387406	0.747293	0.618640	1.863290	0.044988	-1.006433	-1.346737	1.608832	0.623237	0.701173	0.921090	1.653979	0.763125	0.812051	0.620766	0.972847	0.999896	1.725419	0.583705	0.553028	-1.011191	-0.410695	-1.072640	-0.900447	0.429703	1.030339	0.409053	0.246063	1.210951	1.331832	0.665709	1.310986	1.279939	1.413974	1.329469	1.311317	0.372366	0.041726	-0.268093	-0.745193	0.551253	1.614532	0.502857	0.043764	-0.799178	-0.365716	-0.634221	-0.842981	-0.092283	0.244697	-0.226348	-0.814461	-0.818245	-1.088905	-1.806171	-0.542022	-0.461067	0.220580	0.826081	0.107153	0.024925	-0.381803	0.909166	-0.141852	0.889151	-1.211333	0.659849	-0.859879	-0.713573	-1.234244	-1.059021	-1.068595	-0.219487	1.066955	1.250888	0.127064	0.297894	-0.497524	-0.180647	-0.566751	0.633170	0.111269	-1.058235	0.327844	0.601790	0.415115
0.074851	0.653476	0.114546	0.099711	0.334985	0.941697	0.296113	-0.485660	0.627833	1.554842	0.028919	-0.196159	0.179048	0.354387	0.384008	0.896342	1.215347	-1.550759	0.106724	-1.647855	1.854079	-0.934713	1.029526	-1.216022	0.127639	0.455573	1.113716	1.501956	1.169868	0.341460	-0.864449	1.939692	1.029151	0.376101	1.158117	1.527251	0.857877	0.888771	1.251151	1.252324	1.384020	0.842120	0.214133	0.283448	-0.550502	-0.013322	-1.189758	-0.838378	0.568442	1.062845	-0.632242	-1.099670	0.770507	1.182853	0.548716	0.961721	0.993533	1.212310	1.239512	1.207137	0.630222	0.148922	-0.766080	-0.856336	0.876917	1.327921	-0.223851	0.454522	-1.272046	-1.679791	-1.096578	-1.052202	-0.057309	0.675505	-0.462469	-1.310970	-1.125493	-0.578983	-1.143244	-0.754197	-0.153814	0.114456	0.872640	-0.583421	0.203798	-0.126182	1.350715	0.432478	1.008875	-0.831939	0.455208	-0.555083	-0.864628	-1.310634	-1.063296	-1.659094	0.007940	0.025719	1.100996	0.784136	-0.136619	-0.389890	0.377793	-0.976681	-0.303016	-0.006632	-0.319380	-0.239634	-0.583478	-0.271916
0.254428	0.300209	-0.242342	-1.325812	0.241667	-0.109994	0.693358	-0.967116	0.784067	0.336265	0.687170	-0.555988	1.084743	0.695996	0.520888	0.455801	0.831198	-1.150213	0.834908	-1.464839	1.818579	-0.611168	1.693172	-0.867113	0.752298	0.281467	0.807321	0.290499	1.258435	0.861961	-0.472426	1.598407	0.926050	-0.042628	1.051455	0.607243	-0.166227	0.253781	0.922465	0.634179	0.978907	-0.633214	0.322632	0.516017	1.027967	1.283406	0.314860	0.434674	0.519774	0.618590	-0.705725	-1.268942	0.165976	0.784555	0.166822	0.434362	0.498090	0.348682	0.705581	0.485120	0.223358	-0.174409	-0.058592	0.267029	0.809602	0.390646	-1.391721	0.878800	-0.895015	-2.243081	-0.006785	0.192355	-0.823811	0.244275	-0.388110	-1.448463	-0.499390	0.901432	0.871666	0.149337	0.200447	-0.226377	1.035297	-0.513106	0.215976	-0.097180	1.119710	-0.083388	0.509951	0.641638	-0.645856	0.205739	0.562121	0.385721	-0.053023	-0.865273	0.047249	-0.924950	0.284363	0.904310	-0.341252	0.449974	0.898958	-0.941622	-0.930122	0.181134	-0.373113	-0.534783	-0.968024	0.005901
-0.154601	-0.533693	-0.017482	-2.734460	-0.322572	-1.129245	-0.081608	-0.881025	-0.640790	-1.246368	0.227799	-1.110888	0.429594	0.127701	-0.058342	-0.575291	0.268203	-0.459002	0.785589	-0.546004	1.100077	-0.229091	1.331874	-0.421117	0.379928	-0.127701	-0.660450	-0.890363	-0.098690	0.076756	-0.622538	0.852115	-0.193423	-0.801248	0.614181	-0.792435	-1.149922	-0.285220	-0.334311	-0.454831	-0.602435	-1.650307	0.157407	0.599404	2.244790	2.072824	2.077539	1.826306	0.034363	-0.023369	-0.570263	-0.642530	-0.486254	-0.014202	-0.803674	-0.181281	-0.166049	-0.814653	-0.397298	-0.378914	-0.463675	-0.663709	1.401350	2.067316	-0.371678	-0.862562	-2.440077	0.489604	0.108586	-1.608988	1.467155	1.909828	-1.518067	-0.375241	-0.432807	-1.734343	0.210492	1.619541	2.018602	1.081501	-0.299357	-0.384101	0.713414	-0.199656	0.006473	-1.038037	0.013737	-1.044872	-0.809495	0.846038	-1.909282	0.259551	2.194783	2.503200	0.851853	0.580627	-0.736389	-1.765519	-0.886898	0.720853	-0.807787	0.538560	0.257547	-0.709593	-1.094649	-0.138194	-1.219963	-0.759759	-0.496464	0.406742
-1.572035	-1.877272	0.259165	-3.146322	-1.558149	-1.681924	-1.760436	-0.935895	-2.624917	-2.256307	-0.967958	-1.708603	-1.438325	-0.904048	-1.474132	-1.604769	-0.440867	-0.295966	-0.097793	-0.205656	-0.333899	-0.459248	-0.498772	-0.861765	-0.904054	-0.930275	-2.163171	-1.196852	-1.696547	-0.752144	-0.865150	0.135025	-1.536900	-1.505935	0.195115	-1.539206	-1.045140	-0.079177	-1.393395	-0.987790	-2.552194	-1.816879	-0.751447	-0.042328	1.804459	1.260968	2.122820	1.785248	-0.589843	-0.602488	-1.181468	-0.497282	-1.034771	-1.158771	-2.175131	-1.062609	-1.056738	-1.735749	-1.594489	-0.969072	-0.983510	-0.949591	2.015316	2.837885	-2.086094	-2.001370	-2.626735	-0.501850	0.810746	-0.440426	1.422913	2.272016	-1.211050	-0.195168	-0.790808	-1.842393	0.073668	0.494566	1.004101	0.835720	-1.404616	-0.213420	-0.301245	-0.383415	-0.125803	-2.073521	-1.287506	-1.304237	-2.078350	-0.816441	-2.261899	-0.288843	2.126757	2.864305	0.641677	1.254987	-1.886882	-2.727235	-1.859921	0.620010	-1.501115	-0.903794	-0.946809	-0.709212	-1.461719	-1.302034	-1.729467	-0.922153	-0.247733	-0.277736
-3.004849	-2.857938	0.003863	-2.216538	-2.495746	-1.434869	-2.806052	-1.079498	-3.191383	-2.118779	-1.570576	-1.703000	-2.387535	-1.076115	-2.628910	-1.762016	-1.165926	-0.937286	-0.811487	-0.809451	-1.605509	-1.229042	-2.466544	-1.760385	-2.041753	-1.666597	-2.096836	-0.688879	-2.125351	-0.294357	-0.599403	-0.418452	-1.851684	-1.429568	0.180288	-0.829002	-0.156416	0.599586	-1.364942	-0.470214	-3.509564	-1.450855	-1.824403	-0.900750	0.109682	-0.512767	0.209163	0.223320	-1.014767	-1.098335	-2.226200	-1.130021	-1.474011	-2.291102	-3.208405	-1.961115	-1.997489	-1.965628	-2.147278	-1.090913	-1.201910	-0.834121	0.952591	1.717547	-2.940196	-2.604930	-1.727907	-0.953919	0.556567	0.324938	-0.360341	0.759225	-0.070192	0.784962	-1.127935	-1.062329	-0.736124	-1.493435	-0.981932	-0.397664	-1.890440	0.131453	-1.215218	-0.896104	0.068333	-1.735096	-1.730664	-0.408874	-2.159493	-2.319869	-1.263551	-0.434723	0.339882	0.944933	-0.410575	0.669841	-2.061961	-3.440800	-2.054448	0.530307	-1.723188	-2.686488	-1.080818	-0.789642	-2.233965	-2.396689	-1.032165	-0.740910	-0.752719	-2.060401
-3.015953	-2.462071	-0.454727	-0.588340	-2.036858	-0.402503	-2.239045	-0.702521	-1.785094	-1.168940	-0.894414	-0.918402	-1.228972	-0.006289	-2.524141	-1.033860	-1.663703	-1.573732	-0.615280	-1.292477	-1.938114	-1.614277	-2.970492	-1.808130	-2.260517	-1.746638	-0.267757	-0.176711	-1.237595	1.140466	0.224745	-0.957189	-0.979182	-0.510093	0.495779	0.733959	0.511887	1.009535	-0.536462	0.531292	-2.958822	-1.012573	-2.008965	-0.994348	-1.167715	-1.496073	-1.777644	-1.314184	-1.190264	-1.538817	-2.569965	-1.483959	-1.809554	-2.947250	-3.185776	-2.264194	-2.414532	-1.429784	-1.732266	-0.798453	-1.289091	-0.475059	-0.805828	-0.258221	-2.286881	-2.561678	-0.246691	-0.119577	-0.358780	0.474323	-2.028206	-1.185781	0.968478	1.619339	-0.968804	0.541108	-1.233691	-2.347847	-1.687356	-1.297399	-0.951760	0.472917	-1.060508	-0.814079	0.415181	0.098843	-0.951009	1.122110	-1.016592	-1.662450	0.458153	0.148567	-1.299819	-1.504669	-1.099608	-0.251296	-0.617109	-3.021344	-1.323845	0.026882	-0.988341	-2.886493	0.326246	-0.293237	-2.563803	-2.098600	0.429140	-0.157327	-1.271713	-3.486918
-1.444546	-0.880157	-0.196909	0.652590	-0.438181	0.708428	-0.806720	0.147052	0.103886	-0.405464	0.348064	0.117346	0.885514	1.199841	-1.450465	-0.397901	-1.732783	-1.308082	-0.043919	-0.785929	-1.567956	-1.134510	-2.044515	-0.770256	-1.728372	-1.140828	1.676438	-0.284043	-0.119355	2.012907	1.271987	-1.363265	-0.039999	0.438342	0.645093	1.708290	0.674692	0.830097	0.119116	1.101729	-1.806440	-0.789450	-1.046592	-0.221431	-0.881911	-0.757660	-1.947728	-1.450508	-1.201174	-1.776957	-1.840963	-0.674784	-1.932488	-2.916952	-2.046876	-1.840310	-1.777181	-0.542720	-0.811339	-0.435938	-1.384703	-0.230680	-1.569450	-1.345938	-0.991090	-2.266624	1.032871	1.273419	-1.017351	0.493572	-1.855946	-1.770544	1.351526	1.574301	-0.214794	1.954979	-0.811111	-1.305650	-0.406955	-0.982673	0.871968	0.704183	0.024950	0.141667	0.490633	1.881480	0.267695	2.200805	0.200123	0.526081	1.743219	0.717682	-1.380397	-2.336307	-0.692561	-0.362393	1.415780	-1.218701	-0.212085	-0.992547	0.198313	-1.216203	1.815124	0.954664	-1.613274	-0.288207	1.458808	0.346268	-0.918961	-3.067812
0.224487	0.487413	0.853480	0.874340	0.887638	1.031481	0.007715	0.618019	0.691388	-0.512905	0.985107	0.860635	1.965589	1.298472	-0.547910	-0.591262	-1.406240	-0.312827	-0.218390	0.077452	-1.314136	-0.477316	-1.172139	0.078052	-1.080013	-0.370362	1.933471	-0.827305	0.175315	1.478517	2.232301	-1.097031	0.021440	0.651663	0.385892	1.406201	0.959063	0.343957	0.113704	0.996857	-1.295076	-0.828150	0.192799	0.464914	0.462427	0.812931	-0.519484	-0.476298	-1.045249	-1.596166	-0.894924	0.760117	-1.791872	-2.398369	-0.438674	-1.206738	-0.266347	0.075879	-0.215047	-0.426322	-1.309929	-0.249708	-0.848429	-1.018101	-0.461464	-2.208992	1.570923	1.608162	-0.801614	0.767682	-0.297328	-0.792235	1.271212	0.800712	0.764765	2.194673	0.156139	0.406726	1.308206	0.083722	2.176612	0.699947	0.799504	0.903796	0.151827	2.062780	0.789824	1.888391	0.469916	1.751881	1.885873	0.638064	-0.515830	-1.151206	0.288648	0.370753	2.340536	0.946064	0.453288	-2.008457	0.744727	0.544947	1.662111	2.117743	0.277391	1.576960	1.509403	0.213120	0.091470	-0.950992
0.415440	0.579814	1.436036	0.324402	1.034197	0.581665	-0.211230	0.244335	-0.189283	-1.141389	0.716301	1.181200	1.336899	0.219875	-0.455064	-1.163991	-0.909848	0.458837	-1.340550	0.076464	-1.475074	-0.460678	-1.291533	-0.289632	-0.690074	0.047118	0.361975	-1.142766	-0.358979	0.320840	2.785925	0.065071	-0.463435	0.221129	0.097865	0.475558	1.775786	-0.049277	-0.133434	0.744371	-1.466413	-0.873718	0.690378	0.225214	1.311202	1.459026	0.567257	0.183761	-0.711656	-0.954415	-0.636946	1.469702	-1.510759	-1.724021	0.822405	-0.690577	1.140542	0.086738	-0.318481	-0.819651	-0.708841	-0.283427	0.144602	-0.353012	-1.086867	-2.297236	1.197506	0.162528	0.012507	1.126706	0.629650	0.268095	1.009671	-0.103880	1.397736	1.185899	0.725619	1.089237	1.478660	0.726681	1.948402	0.359486	0.292026	0.243578	-0.294144	0.658689	0.385617	0.247604	-0.123301	0.636532	1.061536	0.229549	-0.319109	0.537806	0.679418	0.914520	1.574703	2.058364	0.295475	-2.327469	0.150048	0.692877	-0.172460	2.101125	1.884004	1.908708	1.149861	-0.498890	0.750570	1.022483
-0.822811	-0.203212	0.374720	-0.206155	0.501529	0.238184	-0.520898	-0.362486	-1.124096	-1.263928	0.201439	1.078942	-0.074911	-1.124660	-0.800121	-1.114963	-0.450318	0.493525	-2.335406	-0.860494	-1.538535	-0.831509	-1.682874	-1.331130	-0.484543	-0.015505	-1.614162	-0.849887	-0.887326	-0.214490	2.528348	1.332804	-0.561960	-0.210612	0.191518	-0.124027	2.538732	-0.221337	0.011590	0.836598	-1.127714	-0.549829	0.294378	-0.739343	0.633581	0.328442	-0.026908	-0.307230	-0.362543	-0.012904	-0.942911	0.792735	-1.151169	-0.955670	1.330632	0.003531	1.438597	-0.350953	-0.726620	-1.176101	0.488392	0.035388	-0.064823	-0.584048	-1.873162	-1.877129	0.061040	-1.980142	0.531911	1.143975	-0.237369	-0.027222	0.449641	-0.723582	1.241401	-0.294773	0.247639	0.408977	-0.154856	0.284762	0.402382	-0.225340	-1.122607	-1.556619	-0.547416	-0.974830	-0.042301	-1.442214	-0.777134	-1.600477	-0.087587	0.137136	-1.343030	1.027256	-0.096696	0.395767	0.049244	1.683680	-0.328393	-1.676530	-0.924239	-0.428127	-2.117665	0.698487	2.335716	0.598955	1.128088	-1.122217	0.532212	1.151348
-1.939552	-0.674763	-1.808987	-0.122353	0.272716	0.499875	-0.057388	-0.343870	-0.845890	-0.290202	0.008016	0.484032	-1.119434	-1.896220	-0.949193	-0.200300	-0.137688	0.186754	-2.122524	-1.544852	-0.960308	-0.721122	-1.172834	-1.815484	-0.212724	-0.323358	-2.607426	-0.151763	-0.719848	-0.016713	1.394864	1.435781	-0.108339	-0.312021	0.375755	-0.264356	2.298121	-0.295558	0.560848	1.088215	0.542663	0.204816	-0.360913	-1.532028	-1.081720	-1.737807	-1.593254	-1.368750	-0.236083	0.942604	-1.071914	-0.660914	-0.584505	0.041039	1.231851	1.093488	0.527725	-0.766215	-0.787067	-1.054698	1.790735	0.745826	-1.484227	-1.623541	-1.618414	-0.587595	-1.295194	-3.056988	0.115144	0.582306	-1.947183	-1.514036	-0.566900	-0.898063	0.292625	-1.365253	-1.000476	-0.557677	-1.969310	-0.867140	-1.249545	-0.734563	-2.172002	-2.802081	-0.774152	-1.617158	0.348901	-1.761321	-0.902649	-2.672783	-1.005385	0.313406	-2.553422	0.074689	-1.417949	-0.923231	-1.012492	0.597442	-0.767047	-0.381520	-1.352899	-1.094441	-2.735776	-1.208157	1.758621	-1.035003	1.350932	-1.098728	-0.088385	-0.333397
-1.668811	-0.284256	-3.238622	0.449789	0.487785	0.809121	0.803795	0.290397	0.373499	1.226471	-0.081568	-0.416380	-1.524899	-1.929978	-0.806243	0.843544	-0.050398	0.123406	-0.901896	-1.067211	0.080085	0.039554	0.096576	-1.330974	0.235107	-0.498175	-2.393670	0.500080	0.067472	-0.035504	0.026235	0.037451	0.136895	-0.318719	-0.022246	-0.489793	0.939366	-0.457039	0.925809	0.910157	2.730916	1.019161	-0.683142	-1.531597	-2.353524	-3.066063	-2.390105	-1.841720	-0.358187	1.464479	-0.728970	-1.705373	0.122237	1.051091	0.884673	2.052950	-0.689156	-0.726106	-0.288451	-0.526169	2.380915	1.402776	-2.602594	-2.245627	-0.243445	1.002487	-2.018658	-2.462552	-0.999774	-0.519304	-2.693331	-2.700211	-1.695062	-0.614423	-0.875475	-1.703194	-1.931307	-0.846571	-2.290488	-1.814833	-1.869146	-0.809919	-2.021676	-2.309387	-1.378172	-1.221015	1.137296	-0.609012	-0.508802	-1.725093	-1.370366	0.098270	-2.704227	-1.114458	-2.037771	-1.939329	-1.249983	-0.224702	-0.726385	0.814615	-0.727850	-0.467102	-1.978154	-2.523416	0.836249	-1.756989	1.076463	-0.568805	-0.356998	-1.644635
-0.364193	0.475197	-2.672221	0.811116	0.488931	0.457803	1.004647	0.809038	1.163109	2.079042	-0.563463	-1.001647	-1.654803	-1.508509	-0.673955	1.308561	-0.192465	0.301609	0.141974	0.154329	0.841256	0.742857	0.801965	-0.384362	0.682678	-0.258888	-1.597662	0.806831	0.867174	-0.795796	-0.763121	-1.672722	-0.349265	-0.445827	-1.003345	-0.965789	-0.613700	-0.784074	0.643928	0.102043	3.670449	1.484278	-0.604075	-0.835886	-2.247518	-2.738641	-1.706034	-1.330136	-0.496313	1.094728	-0.203391	-1.584476	0.420691	1.410342	0.441367	2.087940	-1.215733	-0.137669	0.386145	-0.050263	1.732091	1.402765	-2.103374	-1.603994	1.150311	1.855887	-1.527586	-1.125075	-1.911906	-1.900016	-1.886312	-2.446309	-2.213934	-0.118043	-1.466771	-1.575037	-1.667401	-0.651291	-1.168339	-1.974072	-1.381617	-0.374362	-0.989474	-0.777794	-2.319209	-0.632164	1.047994	0.677770	0.050077	0.018572	-1.079736	-0.758101	-1.749771	-1.344651	-1.342087	-1.899681	-1.041052	-0.480678	-0.429838	1.151631	0.280308	0.542795	-0.780651	-2.829132	0.059428	-1.525550	-0.007873	-0.166218	-0.090854	-1.542089
0.608167	0.858066	-0.795047	0.432116	-0.017418	-0.321864	0.188763	0.787223	0.705487	1.615023	-1.339549	-0.775386	-1.620399	-0.834572	-0.623038	1.262939	-0.382221	0.274943	0.222366	1.031889	0.857123	0.866315	0.259210	0.461996	0.768707	0.345714	-0.763702	0.696723	1.128557	-1.607410	-0.931878	-2.120700	-1.006530	-0.350069	-1.629932	-1.044736	-1.444103	-1.124270	-0.141779	-0.832845	2.515093	1.454747	-0.331916	0.061731	-1.292767	-1.353518	-0.474893	-0.505167	-0.434056	-0.044268	0.319328	-0.464666	-0.127138	0.817860	-0.155709	1.100771	-0.900110	0.627761	0.697137	0.101073	0.172137	0.574088	-0.382981	-0.256221	1.452899	1.523113	-0.133261	-0.197202	-1.872034	-2.993546	-0.583170	-1.118291	-1.712223	0.108242	-1.188988	-1.315589	-0.568672	-0.729292	-0.209476	-1.509469	-0.734172	0.160678	-0.007047	0.149367	-2.888210	-0.488359	-0.352259	0.776823	0.491306	0.909488	-0.322529	-1.543664	-0.680377	-0.689991	-0.052484	-1.179565	-0.700998	-0.410611	-0.172165	0.441893	0.741327	0.716542	0.120347	-2.406464	-0.519700	-1.078112	-1.224021	-0.242215	0.319617	-0.532932
0.521928	0.658556	0.649155	-0.424370	-0.431161	-0.698150	-0.889976	0.458851	-0.376686	0.360111	-1.720589	-0.062489	-1.069802	0.121981	-0.375302	1.148411	-0.380375	-0.117147	-0.368513	1.075137	0.506302	0.684287	-0.602671	0.917877	0.287483	0.862957	0.021970	0.277017	0.670181	-1.481426	-1.204166	-1.010283	-0.805141	0.511102	-1.056827	-0.076443	-1.570524	-1.115034	-0.927027	-1.237911	0.248405	0.924734	0.058293	0.754379	-0.709784	-0.246205	0.081236	-0.163660	-0.165878	-0.941823	0.954831	0.788113	-0.990341	-0.011239	-0.772302	-0.167380	-0.352157	0.975140	0.481148	0.121064	-1.179433	-0.538349	0.933146	0.496587	0.651029	0.544258	1.100778	0.087939	-0.894553	-3.012710	0.006105	0.013088	-0.538537	-0.228034	-0.559112	-0.900642	0.125078	-1.184640	-0.677455	-0.982922	-0.786422	0.162581	0.440743	-0.063993	-2.331562	-0.514216	-1.840610	-0.265523	0.815136	0.697814	0.478520	-1.282982	-0.181684	-0.209607	0.515384	-0.753862	-0.210268	-0.218933	0.125159	-0.595246	0.496522	0.142754	0.687042	-1.598248	-0.971557	-0.780732	-1.562398	-0.391955	0.488599	0.138944
-0.069648	0.175536	0.789573	-0.932808	-0.099451	-0.413500	-1.268832	0.061953	-0.873043	-0.613459	-1.245632	0.203078	0.098289	1.238891	0.197766	1.058925	-0.201521	-0.446513	-0.879424	0.658018	0.617928	0.654989	-0.460753	0.754497	-0.482223	0.728405	0.786272	-0.123614	-0.333139	-0.407751	-1.932796	0.444008	0.435096	1.950802	0.446260	1.553159	-1.579829	-0.452825	-1.343783	-1.026162	-1.367554	-0.054651	0.616544	1.070884	-0.868764	-0.060135	-0.089845	-0.250008	0.214375	-0.541349	1.629833	1.369730	-0.961445	-0.059537	-0.933549	-0.919078	-0.052427	0.624356	0.059253	0.299655	-1.332628	-1.136493	0.914870	0.158926	-0.246937	-0.233085	1.269315	0.127492	0.312179	-1.558706	-0.051571	0.274947	0.465173	-0.854689	-0.278188	-0.128841	-0.124215	-1.297578	-1.966111	-0.654681	-1.288051	-0.513121	0.701919	-0.305087	-0.666803	-0.020255	-1.823893	-1.220450	1.125810	0.416337	0.930651	0.113669	0.141237	-0.523129	-0.006321	-0.933689	0.405250	0.093798	0.765073	-0.892056	0.194206	-0.105164	1.092794	-0.418826	-1.135143	-0.262269	-0.759990	0.076956	0.371529	0.070888
-0.296889	-0.332902	0.331089	-0.624778	0.718766	-0.073884	-0.720238	-0.574207	-0.402439	-0.810449	-0.170668	-0.417972	1.204336	1.912304	0.753390	0.755866	-0.144861	-0.238146	-0.922890	0.262085	1.409742	0.680718	0.624162	-0.047077	-0.889908	-0.206683	1.268402	-0.077110	-1.457053	0.708492	-2.373748	0.937472	1.663149	2.798098	1.774063	2.533677	-1.583581	0.743693	-1.313391	-0.689232	-1.555920	-1.167186	1.216931	0.977315	-0.930980	-0.259792	-0.061219	-0.021057	0.651631	0.935766	1.995857	1.221150	0.385107	0.641518	-0.354740	-1.002193	0.123934	-0.114236	-0.198917	0.487488	-0.437848	-0.999254	0.320680	-0.381812	-0.316191	-0.547506	0.394925	0.089440	0.915005	0.718412	0.260152	0.166173	0.685781	-1.145626	-0.377338	0.813510	-0.431848	-0.555621	-2.207290	-0.248552	-1.169347	-1.177300	1.266398	0.579776	1.216276	0.976498	-0.194574	-0.998225	1.251354	0.725359	0.834893	1.623992	1.011382	-0.988967	-0.520091	-0.921511	0.839091	0.471277	1.705027	-0.170880	0.290770	0.399332	1.149586	1.090411	-0.716066	0.801101	0.451410	1.140236	0.078892	-0.172847
-0.067896	-0.905516	0.290686	0.022352	1.152653	-0.299751	0.249226	-1.466226	0.325919	-0.648058	0.893447	-1.184626	1.356111	1.480233	0.806794	0.152869	-0.429256	0.327140	-0.581976	-0.056715	1.998355	0.356356	1.260090	-0.925164	-0.555731	-1.427296	1.042698	0.464107	-2.210741	1.193410	-1.538123	0.377776	1.678596	1.953411	2.105211	1.897396	-1.094507	1.817409	-0.939027	-0.675946	-1.030638	-1.851622	1.501852	0.539062	-0.144681	-0.065838	0.705306	0.870831	1.063022	1.968845	1.970999	0.882672	1.876492	0.944061	0.488822	-0.823773	0.398528	-0.735969	-0.361532	0.147071	0.376143	-0.669574	0.432704	0.006954	0.341092	-0.765520	-0.669323	-0.185966	0.593854	2.385785	1.398557	0.452035	0.267440	-0.752031	-0.248572	1.214219	0.193851	0.559223	-0.412582	0.509348	0.062424	-1.015530	1.876750	2.133624	2.276609	1.551103	1.560557	0.333376	0.778217	1.017953	0.212125	2.108502	2.212216	-0.531408	0.185467	0.123652	0.777966	0.639594	2.293890	0.665525	0.320964	0.798288	0.463391	2.314518	0.229593	1.864730	1.101313	1.777423	-0.430121	-0.105426
0.105155	-1.560223	0.515804	0.048404	0.833473	-1.025798	1.006013	-1.926676	0.499956	-0.749491	1.504097	-0.937580	0.502276	0.115828	0.279180	-0.582660	-0.928576	0.543994	-0.099087	-0.357960	1.326614	-0.234727	0.574594	-1.019445	0.088717	-2.123449	0.051367	0.846410	-2.321824	1.198676	0.381908	-0.356118	0.458808	-0.247942	1.452804	0.030176	-0.067946	1.907917	-0.524296	-1.005712	-0.837026	-1.824636	1.245585	-0.011138	0.965655	0.458272	1.636525	1.758004	1.302665	1.422390	1.822519	0.662217	1.875142	0.101491	0.722267	-0.747096	0.469787	-1.135631	-0.791182	-0.912325	0.374435	-0.672266	1.280053	1.187613	0.811737	-1.129737	-1.006379	-0.701113	-0.131996	2.505771	2.531570	1.087517	-0.037743	-0.004845	0.500122	0.572646	1.286164	1.119378	2.265610	1.289078	1.440624	-0.178347	1.657490	2.669733	2.118489	1.057412	1.995185	1.654882	-0.294413	0.441385	-0.586294	1.405492	2.568966	0.859115	1.748492	1.766078	0.237113	0.307941	1.748074	0.576787	-0.429615	0.177886	-0.904900	2.313095	1.044006	1.852969	0.808634	1.067083	-1.270948	0.098316
0.033855	-1.957836	0.033121	-0.913418	0.241942	-1.729780	1.211612	-1.189808	0.057868	-1.180179	1.461463	0.442676	-0.391728	-1.003637	-0.403097	-1.316029	-1.355582	0.123332	0.323504	-0.410311	-0.435337	-0.394554	-0.574283	-0.056761	0.150346	-1.880332	-1.121194	0.236438	-1.900329	1.128400	1.960997	-0.568800	-0.798414	-2.050790	0.260500	-1.694631	0.530705	0.630599	-0.563548	-1.474224	-1.066886	-1.445016	0.670500	-0.339901	1.206229	0.593848	1.760534	1.657080	1.321588	-0.030260	1.526192	0.261832	0.206304	-1.120684	0.116373	-0.713007	-0.175448	-1.575283	-1.467787	-1.989009	0.122306	-0.777341	1.583315	1.771858	0.469648	-1.297928	-0.377824	-1.195856	-0.250515	1.591020	2.468276	1.336556	0.350654	0.347371	1.512962	-0.542333	1.467205	0.918303	3.640920	1.400028	1.401453	0.245826	0.256282	1.210543	1.139975	0.125191	0.978735	1.786648	-1.146673	-0.666484	-0.927364	0.327748	1.359801	1.852270	2.443517	2.514190	-0.447385	-0.475173	0.002934	-0.283970	-1.602466	-0.986827	-2.162315	0.886783	0.940847	0.434753	-0.059503	-0.497806	-2.199047	0.029119
0.062858	-1.680108	-1.233362	-2.088411	-0.117881	-2.007135	0.866477	0.397524	-0.491994	-1.501630	0.759707	1.698515	-0.363116	-0.822268	-0.741670	-2.019744	-1.561988	-0.281359	0.590925	0.007078	-1.881307	0.358482	-0.692146	1.221626	-0.671282	-1.037067	-1.674436	-1.342717	-1.299119	0.953678	2.053994	-0.315834	-0.981108	-1.981623	-1.076072	-2.215012	-0.199990	-1.363615	-1.275216	-1.900599	-0.985674	-1.287920	0.214861	-0.318609	0.356119	0.104441	0.858833	0.492183	1.188342	-0.687508	0.650707	-0.569338	-1.517178	-1.338524	-0.561841	-0.462785	-1.367784	-2.066120	-1.759781	-2.025890	0.615170	-0.382955	0.480390	0.793730	-0.333480	-0.837288	0.582747	-1.448578	0.742633	0.973738	1.079607	0.802726	1.124715	-0.117326	2.056966	-0.835811	0.454510	0.668650	2.732498	0.660384	-0.373518	-0.390981	-1.435788	-1.271996	0.063301	-0.092248	-0.620108	0.567076	-0.867796	-1.007853	-0.473221	-0.310248	-0.606175	1.237249	1.242673	1.511858	-0.859175	-1.211364	-1.951275	-0.703192	-1.834016	-1.198894	-2.350895	-0.839553	-0.151867	-1.299008	-0.764524	-1.329651	-2.503791	-0.352923
0.345809	-0.819018	-1.915607	-2.221993	-0.420062	-1.732138	0.231062	1.359606	-0.751508	-1.348309	-0.231263	1.546310	0.473458	0.303756	-0.632206	-2.542392	-1.518750	0.172909	0.690915	0.559319	-1.955171	1.516974	0.338583	1.699437	-1.578860	-0.341985	-1.304204	-2.722715	-0.830142	0.401708	0.970678	-0.030657	-0.254668	-0.481792	-2.162506	-1.653875	-1.674378	-2.627296	-2.053537	-2.023022	-0.236590	-1.398148	-0.019718	-0.235278	-0.434116	-0.316015	-0.280305	-0.680900	0.822150	0.042608	-0.731722	-1.353875	-1.722253	-0.330812	-0.479721	-0.013622	-2.107331	-2.102574	-1.170823	-0.832309	1.694017	0.448938	-1.222389	-0.967239	-0.778805	0.040602	0.891268	-1.335273	2.103044	1.212844	-0.487502	-0.018569	1.300540	-0.977734	1.673787	0.226323	-0.363842	0.955355	0.623142	-0.273825	-2.267575	-1.304732	-2.067884	-2.711790	-0.578573	0.466096	-1.945960	-0.917253	0.319718	-0.021594	0.281256	-0.442860	-1.668352	-0.532547	-0.804374	-0.359524	-0.760383	-1.299736	-2.790110	0.008912	-0.586761	0.155438	-1.266535	-1.365927	-1.353123	-1.803083	-0.690786	-0.654083	-1.713974	-0.691385
0.450703	0.029648	-0.872231	-0.910535	-1.051534	-0.910422	-0.288971	0.637426	-0.682468	-0.691931	-0.775906	0.139877	1.034343	0.833643	-0.377388	-2.529296	-1.143153	1.320667	0.558572	0.572888	-1.104555	1.933617	1.041220	0.954342	-1.508871	-0.186242	-0.379731	-2.655422	-0.567243	-0.403913	-0.105349	0.026849	0.203180	0.503432	-2.503170	-0.997001	-2.191725	-2.134428	-1.833571	-1.476979	0.546904	-1.227726	-0.383227	-0.510976	-0.133336	0.043804	-0.687914	-0.796756	-0.034687	0.908345	-1.562569	-1.337245	-0.630663	0.682596	0.227160	0.254782	-1.586632	-1.249526	-0.162813	0.499123	1.973843	0.804494	-1.884963	-1.744731	-0.583730	0.641226	0.138596	-0.684661	2.440359	1.502541	-1.014930	-0.331663	0.328125	-1.310615	0.423027	1.659058	0.259409	1.405049	-0.864764	-0.609298	-2.240813	-1.185779	-1.281627	-2.030576	-0.629343	0.572968	-2.579015	-1.379882	1.018357	1.211567	0.463152	-0.558055	-0.996702	-1.662482	-1.701074	-1.414192	-0.286117	-0.587518	-2.055737	1.043300	0.727075	1.795275	0.204380	-0.430856	-1.636178	-0.744710	0.217814	0.394622	-0.357929	-0.636580
0.023590	0.444084	1.120770	0.831861	-1.724835	0.305602	-0.371727	-1.091387	-0.352593	0.323400	-0.365632	-1.151480	0.481251	-0.214993	-0.278262	-1.726266	-0.397868	1.961755	0.116160	-0.118929	-0.506480	1.067833	0.290921	-0.350028	-0.383536	-0.206809	0.553775	-1.183242	-0.304330	-0.880250	-0.539348	-0.049890	-0.358235	-0.292629	-1.839716	-0.996634	-0.911514	-0.417905	-0.326664	-0.229894	0.527514	-0.389802	-1.119609	-1.124615	0.784917	0.886229	-0.173013	0.056271	-1.314409	0.474831	-0.890286	-0.542523	0.254753	0.617055	0.679624	0.038318	-0.174947	0.148394	0.183397	0.707480	0.590586	0.016326	-0.913421	-0.808044	-0.203034	0.698749	-1.017339	0.525298	1.266098	0.842690	-0.427044	0.015915	-1.150449	-0.660321	-1.202054	2.085515	1.652789	1.237289	-0.971163	-0.263857	-0.031264	0.048502	-0.050439	-0.237986	-0.255554	-0.633706	-2.357184	-0.735370	0.201979	1.154047	-0.094066	-1.004992	0.620480	-1.019933	-0.795288	-1.026319	0.098096	0.436552	-0.566416	1.140183	0.340679	1.922127	0.803183	0.704273	-0.891301	0.641956	1.284050	0.164986	0.453793	-0.142392
-0.467818	0.567708	2.096588	1.608928	-1.583625	1.483230	0.005848	-2.048461	0.221980	1.428908	0.672098	-1.330356	-0.788237	-2.016114	-0.301290	-0.341862	0.455383	1.258922	-0.381310	-0.875029	-0.558380	-0.253404	-1.174274	-1.096480	0.812152	0.217142	1.234629	0.291607	0.261612	-0.614829	-0.667657	0.011871	-1.308962	-2.000355	-0.503148	-1.401379	1.089054	0.848819	1.404270	1.084808	-0.200957	0.761155	-1.856034	-1.484998	0.996097	1.202233	0.565358	0.805622	-2.290424	-1.033937	0.742375	0.177869	0.128838	-0.201443	0.404855	-0.461954	0.942824	1.158972	-0.552921	-0.175839	-1.478127	-1.317564	0.598718	0.718945	-0.078399	0.710804	-1.445861	1.804290	-0.364279	-0.563017	0.315528	0.420248	-1.912575	0.416483	-2.412276	1.284917	1.952551	0.426163	-0.337556	0.159991	2.472837	1.090428	0.472524	0.726165	0.201134	-2.278425	-1.340555	-0.144293	-1.414389	-0.342047	-0.616993	-1.595193	1.645960	0.530435	0.619763	-0.138904	0.015813	1.074459	0.453921	0.285647	-1.400964	0.356857	0.138627	0.807866	-0.014257	1.039375	1.545436	-1.284948	0.331530	0.555759
-0.163988	0.746418	1.170081	1.220605	-0.313312	2.052380	0.599840	-1.257436	0.911460	2.096141	1.399350	-0.710993	-1.534568	-2.794009	-0.194975	1.021801	0.958440	-0.089113	-0.315972	-0.915784	-0.706960	-0.572296	-1.708500	-0.675957	1.246782	1.116662	1.606729	0.475699	1.150565	0.193195	-0.931971	0.300627	-1.377277	-2.668867	0.805778	-1.323372	2.069915	0.625105	2.016386	1.637654	-0.634377	1.522795	-1.895777	-1.063925	0.134895	0.523100	0.725224	0.650464	-2.129319	-2.117056	1.662724	0.326724	-0.348238	-0.662641	-0.106670	-0.638571	1.088786	1.251303	-1.499947	-0.816885	-2.376060	-1.822139	1.156155	1.223713	-0.074816	1.165341	-0.694753	2.375078	-1.038747	-1.500318	0.401598	0.341199	-1.437890	0.948837	-2.472081	0.162843	0.483677	-0.153958	0.075241	0.146204	3.195395	0.990268	0.122710	0.173465	0.437384	-2.522062	-0.041279	-0.445583	-2.023621	-1.855452	-0.418128	-1.789820	1.295537	1.157793	1.020247	0.121043	-0.356569	1.074731	0.549757	-0.312729	-2.214627	-1.304760	-0.812964	0.168140	0.163390	0.556808	0.703769	-2.120490	0.045764	1.143302
0.972278	1.088049	-0.584910	0.784740	1.199837	1.710125	1.104460	0.534033	1.387129	1.797805	1.206084	-0.188299	-1.097379	-1.849012	0.142219	1.882336	0.904076	-0.509302	0.541387	-0.069904	-0.552869	0.590081	-0.849697	0.588473	1.135033	1.841017	1.576941	-0.370069	1.924695	1.023212	-1.126502	0.483971	-0.299044	-1.580992	1.512507	-0.395927	1.541164	-0.480992	1.381835	1.268971	-0.068512	1.685951	-1.053646	-0.118514	-0.761017	-0.528121	0.195954	-0.142891	-0.836253	-1.927790	0.934552	0.425493	-0.287276	-0.343435	-0.101401	-0.049782	0.734461	0.877173	-1.426123	-0.163092	-1.527300	-0.905005	0.453680	0.403329	0.131733	1.772700	0.622066	1.969355	-0.580760	-1.236983	-0.007216	-0.041056	-0.289097	0.693255	-1.348230	-0.490384	-1.282431	0.138083	-0.009577	-0.181230	1.937674	0.359022	-0.416816	-0.707312	0.341659	-0.679850	0.694700	-0.974370	-0.811492	-2.086973	0.215053	-1.260367	0.137448	0.233532	0.354949	-0.154742	-0.385246	0.815347	0.243912	0.067966	-0.747922	-1.650095	-0.703291	0.081288	-0.131113	0.381939	-0.388834	-1.037494	0.409988	1.443987
1.799342	1.477837	-1.540001	1.157240	1.642033	0.636369	1.277203	1.801875	1.382822	0.681383	0.437194	-0.033464	-0.191439	-0.294723	0.523387	2.218352	0.509243	0.534863	1.381770	1.182706	-0.413481	2.010288	0.215960	1.735152	1.176891	1.859133	1.117122	-0.717424	2.063379	1.506545	-0.748865	0.101301	0.672745	-0.009988	1.350634	0.640226	0.493432	-1.202543	0.584804	0.635227	0.981405	1.645084	-0.010843	0.414996	-0.734839	-1.040202	-0.479818	-0.783768	0.576083	-1.105138	-0.604222	1.020915	0.185575	0.146265	0.428258	1.038393	0.718242	0.862761	-0.196873	1.216012	-0.295951	0.473339	-0.531394	-0.646130	0.399087	1.799694	1.601074	1.183675	-0.098249	-0.373064	-0.216990	-0.197267	0.731787	0.455578	-0.007168	-0.642037	-1.482040	0.751414	-0.185609	-0.296776	0.278700	0.339198	-0.627022	-0.524448	-0.034899	1.795494	0.385106	-0.472016	1.016022	-1.246821	0.485981	-0.278714	-0.697360	-1.053689	-0.295338	-0.024376	0.306423	0.806045	0.232603	0.680199	1.616973	-0.922882	0.606733	1.009474	0.039540	1.096041	-0.542958	1.014829	1.118606	1.513012
1.194647	1.699499	-1.156619	1.791933	0.661758	-0.673889	0.993323	1.710441	0.965042	-0.316548	0.008911	0.191584	-0.036707	0.341311	0.702711	2.176734	0.074686	1.732663	1.034089	2.118419	-0.645807	1.916131	0.251444	1.833549	1.485772	1.349756	0.494738	0.385459	1.514507	1.410279	0.202293	-0.801921	0.195480	0.399578	0.367841	0.735403	-0.002564	-1.126341	0.501648	0.407044	1.320908	1.652514	0.327912	-0.126612	-0.133505	-0.821549	-0.788197	-0.965635	1.003028	-0.630108	-1.385863	1.547394	0.342806	0.121985	0.688651	1.698002	1.143705	1.339517	1.027266	1.712061	-0.314420	0.820064	-0.795718	-0.880552	0.273184	1.017450	1.906373	0.798957	-0.524139	-0.036041	-0.015950	-0.082796	1.406189	1.077101	0.353073	-0.618233	-0.119648	0.491520	0.001485	0.055357	-0.292716	0.954236	-0.639676	0.536557	-0.529683	2.694468	-0.548765	1.064429	1.561638	-0.479262	0.209415	0.548899	-0.715591	-1.284234	-0.254866	0.814189	1.226575	1.062694	0.607457	0.356063	2.428121	-0.311493	1.773170	1.866341	0.976531	1.861745	0.328767	1.886032	1.158625	1.486718
-0.519039	1.448445	-0.052808	1.614888	-0.763661	-1.672109	0.358160	0.588251	0.408308	-0.429906	0.416585	0.742374	-0.845281	-0.183700	0.643234	1.621353	-0.318278	1.420154	-0.564184	2.146240	-0.953455	-0.066047	-0.571274	0.694106	1.562972	0.854792	0.102036	2.028771	0.736472	0.463881	1.133176	-1.524795	-1.459324	-0.499344	-0.897781	-0.219035	0.149344	-0.711656	0.899910	0.560799	0.473194	1.409255	-0.202320	-1.315239	0.114500	-0.358493	-0.667043	-0.982309	0.270755	-0.558889	-0.849699	1.027577	0.015574	-0.374492	0.022130	1.146680	1.369413	1.602018	1.127268	0.610074	-1.552693	-0.220847	-0.280753	-0.341236	-0.229694	0.010884	1.705801	0.849471	-1.470027	-0.537025	0.089823	-0.182481	1.917585	2.199834	-0.440428	-0.634597	1.036610	-0.927388	0.561490	0.554093	0.265930	1.264520	-0.719337	1.085950	-0.803024	1.324395	-1.178227	2.145121	0.338264	-0.315373	-0.004526	0.916840	-0.329249	-0.426279	0.174836	1.530109	1.273967	1.070135	0.894973	-0.908304	1.081750	-0.341017	1.532307	1.378471	1.749947	1.473568	0.946551	0.679434	0.247565	1.351373
-1.730284	0.617594	1.004601	0.598140	-1.416282	-1.887023	-0.268975	-0.559092	-0.123215	-0.002111	1.205520	1.239649	-1.545353	-0.832679	0.501524	0.347562	-0.604550	-0.361185	-2.025813	1.140782	-0.742319	-2.358206	-1.064335	-0.819553	1.194938	0.646287	0.005565	2.379397	0.211300	-1.282943	1.499734	-1.370857	-2.542082	-1.421898	-1.466195	-1.239680	0.429777	-0.195452	1.076933	0.644361	-0.752334	0.685709	-0.852299	-1.883089	-0.041789	-0.002738	-0.278751	-0.966020	-0.821810	-0.300278	0.194382	-0.249778	-0.231629	-0.813829	-1.296866	-0.326607	0.959545	1.107282	0.279301	-0.937683	-2.442927	-1.480636	0.403399	0.299295	-0.438426	-0.455077	1.109753	0.679558	-1.717173	-1.146643	-0.304307	-0.632075	2.203065	2.408231	-1.330788	-0.674011	0.749343	-2.225846	1.110217	0.739877	0.968231	0.926667	-0.616157	0.446702	-0.420261	-0.856791	-1.027902	1.543983	-1.289018	-0.226159	0.294342	0.983866	-0.043897	0.490160	0.524493	1.319606	-0.161816	0.419255	0.713180	-1.888165	-0.679307	-0.505186	0.250703	-0.247954	1.322290	-0.085624	0.196113	-1.358376	-0.659206	1.013279
-1.247781	-0.288520	1.724657	-0.200027	-1.090446	-1.099979	-0.538895	-0.781147	-0.586187	-0.030930	1.482742	1.239403	-1.046382	-0.653283	0.407326	-1.229861	-0.419135	-1.853180	-1.941764	-0.328375	0.020656	-3.032178	-0.522248	-1.413241	0.811595	0.651220	-0.111939	0.852661	0.046236	-2.959834	1.282776	-0.377648	-1.689871	-1.245445	-0.678653	-1.328363	0.562547	0.729002	0.883807	0.532064	-1.210440	-0.042452	-0.803717	-0.942335	0.256706	0.418418	0.318485	-0.502843	-1.382595	0.311837	0.722164	-0.736337	0.088332	-0.844849	-2.299127	-1.441579	0.262405	0.280116	-0.350976	-1.184514	-1.786091	-1.563936	0.835968	0.737614	0.140573	-0.203309	0.118186	-0.026500	-0.732013	-1.110661	-0.772324	-0.731795	1.916915	0.863325	-1.270355	-0.457640	-0.187395	-1.865912	1.335734	0.681901	1.079206	0.722610	0.237937	-0.400357	0.703127	-1.900270	-0.450318	-0.218404	-1.642924	0.395238	0.730662	0.921270	0.228155	0.876745	0.854819	0.563961	-2.266614	-0.588299	0.240435	-1.533322	-0.996366	-0.263415	-0.542755	-1.459873	0.050090	-1.458941	-1.335573	-2.331883	-0.531716	0.603197
0.402546	-0.481685	2.066280	-0.077299	-0.612617	0.338304	-0.464701	0.107942	-0.822142	-0.789193	0.849764	0.885123	0.490050	0.261195	0.324821	-2.086896	0.604499	-1.651306	-0.437199	-1.303969	0.615959	-1.795376	0.532415	-0.653128	0.773410	0.720851	-0.471868	-1.130531	0.027018	-3.332188	0.796421	0.698005	0.592640	-0.113941	0.939901	-0.449048	0.653181	2.072847	0.703774	0.554115	-0.705842	-0.118720	-0.089006	0.976983	1.382131	1.126356	1.031000	0.713882	-1.197369	0.800262	0.532791	0.362243	0.840364	-0.495435	-2.253628	-1.231430	-0.075040	0.002939	0.002039	0.145054	-0.111630	-0.328915	1.068253	1.177237	1.071528	0.242609	-0.920068	-0.668968	0.588919	-0.540825	-0.509553	0.186372	0.989729	-1.430650	-0.385958	0.271397	-0.166898	-0.013855	1.299942	0.913810	0.696794	1.342209	1.816488	-0.070077	1.925229	-1.339568	-0.056408	-1.492161	-0.438524	1.294579	0.650731	0.608360	0.792747	1.080760	1.358310	0.342787	-3.248396	-1.159442	-0.070117	-0.111520	0.114996	0.167606	-0.033523	-1.127705	-0.564202	-1.340285	-1.922541	-1.611262	0.379403	0.416051
1.575736	0.094861	1.836056	0.418295	-0.718719	1.505154	-0.418097	1.214476	-0.646133	-1.374808	-0.314073	0.714527	1.763738	1.031760	0.105679	-1.654966	2.064510	-0.278583	0.956624	-1.313626	0.317433	-0.117031	1.024327	0.463810	0.685427	0.676521	-0.877001	-1.763946	-0.087411	-2.103881	0.260147	1.090238	2.388206	0.932449	1.926859	0.605900	0.731981	3.044555	0.675519	0.880167	-0.070297	0.295867	0.471283	2.261175	2.390177	1.782038	1.411586	2.070212	-0.669553	0.761830	0.094036	1.861268	1.473103	0.079371	-1.262148	-0.153701	0.085021	0.466796	0.919981	1.521032	0.996070	1.030251	1.159606	1.595617	1.378107	0.237750	-1.260464	-0.534256	0.910298	-0.151831	0.490543	1.531677	-0.168696	-2.539656	0.338645	1.105862	0.918600	1.291071	1.139948	1.516977	0.268231	2.295292	3.010918	1.285583	2.228254	-0.315014	-0.073876	-1.373823	1.011750	1.577870	0.002115	-0.095355	1.369635	1.389294	1.659862	0.922085	-2.101574	-0.917047	-0.170048	1.084931	1.160171	0.163243	1.055187	0.153836	0.209600	0.056544	-0.804632	-0.129090	0.830558	0.410994
1.233822	0.528651	0.879885	0.271094	-1.135958	1.641008	-0.680582	1.345808	-0.276772	-0.823202	-1.367358	0.987577	1.657178	0.948759	-0.352959	-0.604328	2.720083	0.543171	0.948614	-0.891171	-0.733361	0.469562	0.478954	0.580794	-0.187600	0.300609	-1.019940	-0.806055	-0.350822	-0.414160	-0.291266	0.749690	2.210782	1.066704	1.294184	1.113744	0.625376	2.819354	0.464054	1.161238	-0.059338	0.369086	0.257874	1.816108	1.953254	1.629791	0.878337	2.316075	-0.212831	0.329933	-0.175167	2.032087	1.485817	0.744557	-0.010755	0.491399	0.299263	0.957815	1.412018	1.432550	0.681678	1.276012	0.828598	1.393566	0.621540	-0.290179	-0.504566	0.119723	0.078781	-0.297835	1.135468	1.759527	-1.091315	-1.866570	0.311396	1.057082	1.387830	0.350049	0.644676	1.607100	-0.034067	2.485294	2.492155	1.899810	1.186886	-0.037028	-0.350265	-0.544699	1.148522	0.738762	-0.673966	-0.971469	1.169888	1.280937	1.026415	1.265448	0.150392	-0.383881	-0.485957	1.044062	1.012001	-0.453521	1.579073	0.775514	1.257232	1.168005	0.822386	0.858103	0.240531	0.109997
-0.114130	0.129226	-0.324481	-0.606364	-0.960773	0.987943	-1.035471	0.404915	-0.300697	0.669788	-1.901355	1.424077	0.405854	0.234887	-0.949586	-0.120191	1.752519	-0.134650	-0.124420	-0.904757	-1.496672	-0.197333	-0.544212	-0.415930	-1.823257	-0.385011	-0.907032	0.478185	-0.593902	0.399460	-0.792045	0.391802	0.392782	0.377475	-0.396675	1.042242	0.326436	1.598136	-0.104186	0.997538	-0.491184	-0.187785	-0.398596	0.272575	-0.033522	0.372022	-0.539535	0.880852	0.160817	-0.106787	-0.207213	0.793898	0.810007	1.287622	0.886296	0.210538	0.207678	0.837898	1.068815	0.129909	-0.318283	0.383175	-0.154048	0.137359	-0.600043	-0.728482	0.727120	0.395120	-0.665703	-0.519500	0.475869	0.251002	-1.542611	-0.826835	-0.068476	-0.149614	0.028107	-2.033241	-0.460840	0.306724	-0.273055	1.562604	0.293629	0.601171	-0.440786	-0.546003	-0.623814	-0.121021	-0.224502	-0.658589	-0.919723	-1.483925	-0.077208	0.192305	-0.659262	0.326414	1.402702	-0.331380	-1.139385	0.015228	-0.027459	-1.127793	1.269541	0.008902	0.975746	0.796393	1.168362	0.967242	-0.509789	-0.708622
-1.079962	-0.553029	-0.756484	-1.147167	0.072957	0.516302	-0.933236	-0.444129	-0.856317	1.901879	-1.723178	1.515131	-0.593217	-0.088116	-1.318262	-0.505599	0.054270	-1.574592	-0.616688	-1.360472	-1.005497	-1.142825	-0.997760	-1.278611	-3.043190	-0.954054	-0.714505	0.972532	-0.525410	0.333742	-1.031894	0.704688	-1.294993	-0.322029	-1.597126	0.850627	0.140550	0.484789	-0.540788	0.524834	-0.574015	-0.655516	-0.636848	-0.713307	-2.086033	-1.208528	-1.870503	-1.264077	0.674618	-0.325354	-0.152062	-0.325928	0.001237	1.430126	1.257580	-0.170533	0.001018	0.327637	0.449924	-0.787991	-0.579733	-0.501732	-1.360212	-1.536924	-1.204838	-0.441936	1.225641	0.128743	-0.265304	-0.126131	-0.951057	-1.599917	-1.352334	-0.804609	0.004252	-1.299971	-2.036740	-3.220697	-1.789915	-1.779915	-0.367093	0.271012	-1.800851	-1.416445	-1.285886	-0.951301	-0.539199	-0.070721	-1.649247	-1.424534	-0.682960	-1.169966	-1.517992	-1.321678	-2.452396	-1.442164	0.754763	-0.779300	-1.454873	-0.768216	-0.816059	-1.103827	0.583793	-1.179821	-0.655991	-0.564656	-0.136121	0.737995	-0.318505	-1.476982
-0.812706	-0.484369	0.021733	-0.444558	1.044360	0.658999	-0.130541	-0.310041	-1.124033	1.908993	-0.777167	0.975609	-0.212564	0.720501	-0.987697	-0.925375	-0.415248	-2.295191	0.646915	-1.319340	0.589432	-1.468222	-0.261793	-0.974410	-2.519653	-0.967113	-0.347383	0.723172	0.066249	0.487782	-0.819269	1.495175	-1.363573	-0.303991	-1.363737	0.863382	0.262218	0.255795	-0.149349	0.263403	0.121327	-0.341415	-0.142245	-0.343847	-2.486849	-1.787498	-1.959151	-2.366748	1.290090	-0.338932	-0.210450	-0.280982	-0.110282	1.090307	1.261349	0.160463	0.107839	0.074667	0.366365	-0.287676	0.434167	-0.283153	-1.870121	-2.259254	-0.595869	0.449776	0.474273	0.143168	0.798895	0.881229	-1.548113	-1.801509	-0.435223	-1.144510	0.834444	-0.999757	-2.505391	-1.723180	-2.339505	-2.743655	-0.153136	-0.481294	-1.964830	-1.861429	-0.670692	-0.522927	0.283762	0.618683	-1.481362	-0.939497	-0.104019	-0.033984	-1.920122	-1.887185	-3.120910	-2.334666	-0.512761	-0.989487	-0.694795	-0.309114	-0.623708	-0.155190	-0.163220	-1.355352	-2.035483	-1.350318	-1.685396	0.803044	0.553676	-1.412462
0.228871	0.340434	1.064537	0.952816	0.891421	0.780165	0.878198	0.307998	-0.213555	0.887523	0.559537	-0.021381	1.210774	2.149085	0.225298	-0.514714	1.073060	-1.586336	2.893058	-0.222016	2.069208	-1.073229	1.302522	0.091799	-0.292771	-0.426945	0.478582	0.413961	1.064659	1.331789	-0.248606	1.863392	0.078715	0.412414	-0.189585	0.963613	0.383858	0.531876	1.020835	0.446036	1.185892	0.412932	0.489625	0.582148	-0.969977	-0.839220	-0.646651	-1.593865	1.526811	-0.253292	-0.480330	0.277343	0.677860	0.552493	1.095427	0.773922	0.556677	0.237805	0.925235	1.062149	1.847177	0.983966	-1.201608	-1.352197	0.807789	1.100796	-0.712364	0.789816	1.206654	1.678296	-0.526576	-0.095942	0.790871	-0.199932	1.957333	0.481963	-0.743762	1.059142	-1.555766	-1.456416	0.158344	-0.549780	-0.361680	-0.233417	0.675468	0.593142	1.770008	2.152926	0.333710	0.217182	0.611610	1.312963	-0.951138	-0.877237	-2.309899	-1.306351	-0.474930	-0.495324	0.854444	1.193779	0.305501	1.173763	-0.869569	-0.313492	-1.903557	-0.721810	-1.860896	1.204969	0.867519	-0.542808
0.815720	0.834215	0.922193	1.494863	-0.184707	0.226276	1.172610	0.401117	1.428737	-0.095964	1.311192	-1.008006	2.250810	2.832250	1.852559	0.662346	2.876729	0.006261	3.927533	1.148678	2.350638	-0.398378	2.560754	0.763377	1.930845	0.331125	1.598278	0.429047	1.932268	1.890056	0.213782	1.285240	1.678391	1.219233	0.701451	0.865571	-0.027532	0.343294	1.907528	0.684181	1.808071	0.694403	0.558755	0.958088	1.005045	0.706952	0.995433	0.220575	0.978028	-0.122761	-0.802052	0.111217	1.477626	0.241728	0.871463	0.674307	0.841472	0.362924	1.428949	1.971853	2.400735	2.248437	0.114192	0.376674	1.861945	0.831627	-1.116567	1.040867	0.633670	1.538950	1.112169	1.761642	1.411985	1.903123	2.599549	1.505612	1.401600	2.541007	-0.088695	0.914138	-0.010677	-0.478882	1.077166	1.571652	1.310517	1.573430	3.103173	3.073644	2.163663	1.001830	1.067130	1.977161	0.520215	0.801982	-0.792489	0.651727	1.168658	0.221956	2.025408	2.499864	1.193701	2.017737	-1.110662	0.801257	-0.679087	0.581592	-0.528415	1.519000	0.281217	0.256740
0.260875	0.264494	-0.626895	0.467249	-0.846664	-0.546973	0.278520	-0.130449	2.140567	-0.236122	0.603022	-1.675831	1.951156	2.055372	2.914168	1.823413	2.777194	1.406603	2.407669	1.504998	1.549745	0.185343	2.510009	0.656634	2.329274	0.986358	2.168499	0.617421	2.045655	1.050296	0.039432	0.202472	2.292822	1.679371	0.629406	0.549907	-1.009511	-0.632208	1.398582	0.371520	1.576719	0.210530	0.162645	0.824723	1.700377	1.401217	1.725040	1.582038	-0.021686	0.122385	-0.831058	-0.900157	1.166253	0.307727	0.689803	-0.138012	0.488327	0.087487	1.239618	1.882911	1.834318	2.608228	1.055479	1.512096	1.624650	-0.105466	-0.558638	-0.159452	0.165925	0.720672	1.740260	2.095117	0.857347	2.909533	2.323266	1.149761	1.879800	1.966735	0.829480	2.065329	-0.866311	-0.717840	1.010297	1.795209	0.550029	1.714617	3.353773	1.834738	2.412839	1.117753	0.791292	1.532093	1.378135	1.738178	0.372811	1.450225	2.748028	0.349987	2.053416	2.391398	1.476291	1.949848	-0.334531	0.936675	0.362532	1.191454	0.918219	1.463397	-0.012258	0.325099
-0.815152	-0.807840	-2.136444	-1.043647	-0.196262	-0.460321	-1.215401	-0.578044	0.945157	0.244617	-1.238913	-2.061316	0.785469	0.584463	2.711674	2.277304	0.690533	1.868184	-0.539841	0.628557	0.727248	0.590053	1.221035	0.427498	0.837886	1.291874	1.473418	0.669389	1.329669	-0.791710	-0.779319	-0.567563	1.901592	1.884829	-0.027638	0.319485	-1.780665	-1.634974	-0.343567	-0.550596	0.855025	-0.407405	0.029784	1.003343	0.793454	0.830161	1.281823	1.791267	-0.573855	0.539080	-0.398998	-1.672389	-0.247585	0.483271	0.683072	-0.531686	-0.301261	-0.353263	0.562357	1.275939	1.021526	2.088808	1.097284	1.474886	0.222354	-0.771502	0.015425	-2.081350	0.667376	0.108265	0.908891	1.051241	-0.377810	1.348474	1.322487	0.202730	0.750761	0.945118	0.651169	1.138335	-1.723139	-1.089015	0.194866	0.917777	-0.846884	1.072038	2.443844	-1.095987	1.105988	1.127205	-0.226791	0.523013	1.268089	1.491444	0.738771	0.224538	2.579032	-0.164671	1.299691	0.753358	1.147512	1.314914	1.179698	0.269636	0.631664	0.609365	1.140811	1.143032	1.047873	-0.035258
-1.125964	-1.216240	-2.005873	-1.378402	1.205589	0.722135	-2.036248	-0.524157	-1.071105	0.516946	-2.651586	-2.158351	-0.054996	-0.255122	1.576949	1.877468	-1.193631	1.214323	-2.365587	-0.426530	0.686729	0.758556	-0.138548	0.610981	-0.812106	1.108525	-0.050232	0.505805	0.462904	-2.046368	-1.505463	-0.625275	1.192313	1.971276	-0.377140	0.427076	-1.376680	-1.676818	-1.769562	-1.279939	0.378549	-0.407627	0.555607	1.635741	-0.454673	-0.027444	0.386437	1.201595	-0.248264	0.881240	0.194578	-1.322072	-1.500456	0.386177	0.859344	0.228648	-0.731739	-0.428025	0.167202	0.811781	0.744940	1.252651	0.544202	0.807014	-1.183646	-0.525832	-0.103466	-2.733704	1.413755	0.020487	-0.378570	-0.009351	-1.152900	-1.239314	0.214346	-0.133012	-0.343739	1.046744	-0.070113	-0.439872	-1.620813	-1.062314	0.208855	0.519950	-1.551302	0.323850	1.198781	-3.455688	-0.349873	1.371536	-1.211296	-0.043269	0.595748	0.737845	0.555110	-1.668752	0.880209	-0.530601	0.569772	-1.229108	0.593603	0.748428	2.146696	-0.232360	0.483404	-0.405010	0.259776	0.679022	2.671230	-0.063163
-0.127720	-0.488659	-0.266575	-0.292923	2.084288	1.934840	-1.400895	-0.150758	-1.817975	0.190740	-2.302795	-1.645169	-0.076367	-0.106635	0.572498	0.974004	-1.121952	-0.227702	-1.780781	-0.648233	1.219788	0.520056	-0.424787	0.842703	-0.991641	0.637106	-0.999084	0.330160	0.174091	-1.736416	-1.318377	-0.048494	0.635039	1.653544	0.088621	0.747362	0.188511	-0.690147	-1.504511	-0.887330	0.469682	0.261626	1.315918	1.901128	-0.649699	-0.032178	-0.168848	0.436055	0.333682	0.658783	0.353302	-0.217864	-1.502236	-0.054788	0.947252	1.414119	-0.300384	0.008328	0.394408	0.571131	0.709921	0.391498	0.054161	0.263402	-1.456238	0.330315	-0.522377	-1.211094	1.021380	-0.144086	-0.949258	-0.275202	-0.858127	-2.016215	-0.445590	0.157589	-0.420334	1.837941	-0.427199	-0.802900	-0.474364	-0.504911	1.197149	0.861716	-1.065933	0.022942	0.416076	-3.540189	-0.735231	1.341056	-1.133660	0.163959	-0.141714	0.227128	0.302637	-2.177539	-0.600319	-0.125580	0.152226	-2.035109	0.211848	0.447086	1.573023	-0.092460	0.346839	-0.786950	-0.489675	-0.040582	2.918077	0.448742
1.370014	0.726434	1.382596	0.758048	1.897614	1.968486	0.183143	0.312109	-0.555870	-0.316313	-0.510685	-0.433204	0.159832	0.211755	0.290104	0.195363	0.123292	-1.616825	0.035819	-0.047602	1.516023	-0.072907	0.321991	0.540042	0.200255	0.303014	-0.489781	0.354974	0.348775	-0.357538	-0.296817	0.836462	0.200258	0.669195	1.059100	0.896737	1.543984	0.334136	0.021000	0.441730	0.715305	0.929644	1.625023	1.284163	0.362867	0.844904	-0.157050	-0.110115	0.284412	-0.217597	-0.234084	0.458194	-0.585733	-0.506824	0.611526	1.702020	0.475993	0.465223	0.722990	0.197639	0.118785	-0.514026	0.084618	0.103921	-0.567539	0.924344	-0.551696	1.259164	-0.557302	-0.870860	-0.533903	-0.048233	-0.006126	-0.364768	-0.521045	0.122481	0.024187	1.840749	-0.060277	0.228583	0.728342	-0.028646	1.717096	0.755808	-0.033291	0.100309	0.158741	-1.786037	-0.091643	0.508393	0.217182	0.465273	-0.680660	0.084126	0.366331	-0.761547	-0.665692	0.769340	-0.155932	-1.167048	0.147373	0.121123	-0.011501	0.198985	0.251968	-0.273694	-0.308428	-0.947102	1.055616	0.924056
2.060308	1.391215	1.364377	0.440261	1.206098	0.804413	1.389825	0.765901	1.289733	-0.431550	1.070717	0.680632	-0.007804	-0.037919	0.249686	0.112468	0.397294	-1.923333	1.047644	0.734683	1.124385	-0.452626	1.012827	-0.084642	1.330169	0.160035	0.768363	0.537211	0.170776	1.041087	0.557688	1.407125	-0.212059	-0.488775	1.705143	0.645002	1.195841	0.398165	0.926272	1.251186	0.521556	0.880065	1.333746	0.387817	1.579439	1.634648	0.173302	-0.194591	-0.333406	-0.985455	-1.177852	-0.023020	-0.012499	-0.569596	-0.081973	0.836168	0.532357	0.322435	0.468228	-0.446217	-0.998371	-1.205363	0.651516	0.216667	0.451007	0.748840	-0.310130	2.757478	-1.790989	-1.635800	0.336069	0.130906	0.393582	1.465904	-0.286901	-0.642761	0.201557	0.737598	0.646479	1.241221	0.976074	-0.415556	0.770722	-0.363459	0.673657	0.158123	0.020542	0.079240	0.655132	-0.629392	1.797217	0.169569	-0.835625	0.068459	0.884885	1.214167	0.154568	1.372121	-0.427066	0.414896	0.294850	-0.374007	-1.121708	0.004329	0.146914	0.467328	0.355485	-1.411198	-1.428760	0.724848
1.438284	1.095309	-0.127894	-0.762678	0.712456	-0.438269	1.315772	0.927443	1.794016	-0.142852	1.123745	0.564275	-0.509737	-0.575605	-0.245700	0.743053	-0.970891	-0.861753	0.631385	1.224136	0.397699	-0.029449	0.788566	-0.262454	1.276156	-0.226351	1.260221	0.654452	-0.745077	1.920138	0.464648	0.954081	-0.453088	-0.856450	1.383734	0.145234	-0.693715	-0.409878	0.047784	0.412474	-0.107771	0.087762	0.850453	0.046700	1.920723	1.475621	0.403271	0.145502	-0.558959	-0.707929	-1.695482	-1.238284	-0.391152	-0.190516	-0.625930	-0.104459	-0.445752	-0.415653	-0.289203	-0.982813	-1.626112	-1.120769	1.239203	0.378777	0.621389	0.110788	-0.393296	2.532127	-1.489381	-1.540509	0.930767	0.128395	-0.093919	1.384523	-0.147262	-1.361273	0.035242	-0.332573	0.979495	1.055146	0.202151	-1.637486	-0.847576	-1.452223	0.728191	0.068386	-0.217404	0.890873	0.758574	-1.015713	2.195015	-0.435750	-0.547479	0.002117	1.492734	2.016480	0.598038	1.209101	-0.504995	1.256482	0.450305	-0.705884	-1.013932	-0.538221	0.088316	0.635598	0.625471	-0.822012	-2.423637	-0.127327
0.135387	0.364871	-1.442637	-1.128283	0.381827	-0.763133	0.173190	0.473975	0.616989	0.078453	-0.160392	-0.836399	-0.843873	-0.653784	-1.009126	1.358635	-2.362300	0.532326	-0.240277	1.235936	0.018914	0.955642	-0.110952	0.159849	0.171133	-1.007339	0.432938	0.576304	-1.709314	2.184891	-0.255904	-0.497162	-0.338345	-0.154271	0.195926	-0.216113	-2.183382	-1.024514	-1.636682	-1.297148	-0.577044	-0.701146	0.482604	0.134762	1.060596	0.381572	0.147072	0.317753	0.104430	0.494366	-1.395160	-2.075156	-1.030745	0.264998	-0.678601	-0.128516	-1.503642	-0.999915	-0.748961	-0.924306	-1.089525	-0.181750	1.017122	0.238291	-0.050229	-0.347675	-0.726062	1.239607	-0.306324	-0.588630	0.704034	-0.093354	-0.970607	0.019148	-0.316461	-1.103834	-0.246579	-0.512633	0.458119	-0.126041	-0.870411	-2.619685	-1.593338	-1.349755	0.242992	0.069716	-0.406624	0.743474	0.207094	-0.437666	1.046369	-0.495792	-0.190206	-0.228224	1.338111	1.070897	0.294907	0.366424	-0.413618	0.759756	0.426309	-0.521935	-0.297183	-0.713558	0.008592	0.090866	0.426828	0.447223	-1.387610	-1.002282
-0.853525	0.043548	-1.337838	0.072627	-0.209135	-0.229218	-1.113322	-0.340927	-0.880638	-0.106643	-1.454684	-2.137602	-0.800874	-0.131206	-1.220656	1.136888	-2.007031	0.809282	-0.655970	0.680268	0.194562	1.521643	-0.827034	0.391852	-1.041542	-1.581013	-0.763713	0.333061	-1.726238	1.771580	-0.696550	-1.832328	0.051805	0.796191	-1.043921	-0.147860	-1.622511	-0.638857	-2.165890	-1.922962	-0.473461	-0.749204	0.080059	-0.124451	-0.457056	-0.896577	-0.655176	-0.337359	0.908464	1.402845	-0.612086	-1.781249	-0.963090	0.383957	-0.503244	0.468670	-1.455180	-0.707739	-0.365639	-0.268316	0.002846	0.853994	-0.344397	-0.482629	-0.739575	-0.377535	-0.496914	-0.072664	0.151894	0.246068	-0.383418	-0.700612	-1.371260	-0.532766	-0.625758	0.031068	-0.701148	-0.314483	-0.748554	-1.313114	-1.503318	-2.239473	-0.990129	-0.425713	-0.533961	0.346197	-0.339023	0.313033	-0.452590	0.228240	-0.584734	0.187936	-0.363288	-0.715819	-0.087916	-0.855293	-0.033199	-0.716191	-0.394204	-0.436283	0.137685	0.031932	0.130919	-0.190643	-0.224444	-0.578644	0.458827	1.209929	0.410568	-1.281737
-1.019048	0.436245	-0.252977	1.488543	-0.959928	0.345306	-1.748162	-0.732526	-1.334059	-0.553494	-1.592597	-1.973597	-0.532533	0.445431	-0.620613	0.152451	-0.185541	-0.196395	-0.719600	-0.266747	0.449219	1.140178	-0.891598	-0.180549	-1.559659	-1.347010	-1.171633	-0.016892	-0.711517	0.848276	-0.459764	-1.899313	0.467410	1.084009	-1.498448	0.304941	0.398099	0.375115	-0.965742	-0.763939	-0.046227	-0.188157	-0.532320	-0.875947	-1.594514	-1.514161	-1.494986	-1.517665	0.882466	1.217291	0.086220	-0.591918	-0.165840	0.166566	-0.515400	0.635402	-0.248217	0.323126	0.495402	0.463157	0.572154	1.226774	-1.971451	-1.475071	-0.701746	-0.225971	0.663254	-0.827346	-0.611778	0.262801	-1.581875	-1.495433	-0.838812	0.207646	-0.585429	1.085618	-1.346477	-0.652379	-1.813195	-1.856401	-1.396883	-0.588417	0.110696	-0.004697	-1.119405	0.754568	0.016299	0.111857	-0.591810	0.270324	-1.333105	0.840333	-1.093036	-1.292564	-2.025837	-2.426470	0.232514	-1.431827	-0.495868	-1.233653	-0.278831	0.496322	0.127540	0.570622	-0.371756	-0.675810	1.000163	0.852103	1.510141	-0.849327
-0.481295	1.073175	0.358910	1.268012	-1.234938	0.267225	-1.504508	-0.330171	-0.690254	-0.852154	-0.517024	-0.520894	-0.116743	0.677818	0.113544	-0.592373	1.276986	-0.992464	-0.752739	-0.977414	0.254967	0.463836	-0.488107	-0.991576	-1.214294	-0.613938	-0.772594	-0.401015	0.394979	0.040061	0.139613	-0.824966	0.795340	0.806212	-1.096932	0.759398	1.683573	0.997315	0.525998	0.660740	0.204425	0.114991	-1.012290	-1.328365	-1.541026	-1.130182	-1.633857	-1.943200	0.295860	0.657859	0.516483	0.572603	0.614701	0.056397	-0.564768	-0.018927	1.009140	1.193936	1.030437	0.784081	0.471492	1.077624	-2.409008	-1.879629	0.089871	-0.164175	2.004920	-1.073664	-1.388106	-0.108971	-1.763803	-1.692265	0.326674	0.539125	0.194326	1.280547	-1.734942	-1.442553	-1.824157	-1.683226	-0.714956	0.997173	0.743758	-0.522321	-0.841494	0.998912	0.538051	0.362208	-0.025460	-0.000606	-0.886557	0.712050	-1.559500	-1.432293	-2.858800	-2.594041	0.734686	-1.247058	-0.490933	-1.058603	-0.472461	0.652804	0.046957	0.893525	0.078047	-0.113880	1.311206	0.114181	1.546414	-0.085705
0.352609	1.227349	-0.287754	-0.574536	-0.753406	-0.543755	-0.606997	0.316802	0.205285	-0.715356	0.872830	0.867273	0.510441	0.763782	0.283765	-0.342595	1.286655	-0.141193	-0.430577	-0.836571	-0.305934	0.481061	0.045803	-0.932329	-0.340802	-0.198735	-0.406590	-0.622740	0.708702	-0.128325	0.772216	0.208219	1.099803	0.771449	-0.548867	0.779679	0.979030	0.811885	0.716462	0.531307	0.145535	-0.374117	-0.762705	-0.857332	-0.446484	-0.136118	-0.906310	-0.824914	0.385183	1.009632	0.858198	0.944916	0.990285	0.425526	-0.106840	-0.799643	1.286903	1.152899	0.896487	0.657056	0.461060	1.054126	-1.238902	-1.200911	1.056776	-0.159660	2.461653	-1.169396	-0.780611	0.073424	-0.584692	-0.769528	1.297130	-0.815414	1.446174	0.585942	-1.428907	-1.766184	-0.601451	-0.868593	0.041260	1.278711	0.673958	-1.061005	0.454728	0.887177	0.985350	0.993808	0.713866	0.102279	-0.066559	0.023407	-0.992345	-0.736594	-1.771581	-1.193176	0.630586	-0.125710	-0.277687	-0.211065	-0.183718	0.645634	-0.021302	0.582217	1.112419	0.445406	0.614845	0.107248	1.024126	0.477899
1.047546	0.588897	-1.509584	-2.049185	0.029649	-1.589598	0.562145	0.520057	0.813122	-0.110333	1.699272	1.331115	1.144322	0.958477	0.018552	0.475315	0.458571	1.883491	0.613896	0.020545	-0.706444	1.174550	0.527823	0.157868	0.601029	-0.275804	-0.485012	-0.448669	0.276369	0.098650	1.462719	0.398718	1.331048	1.233834	-0.466625	0.264260	-0.674884	0.293422	-0.232948	-0.962506	-0.012584	-1.156054	0.196116	0.054582	0.595862	0.621892	-0.015621	0.935233	1.534505	2.281826	1.204032	0.448096	1.272232	1.054718	0.862929	-0.894252	0.562194	0.239286	0.350752	0.260116	0.839919	1.166212	0.293566	-0.018979	1.591526	-0.018607	1.799390	-1.306395	1.061022	1.015540	0.886419	0.612998	1.392102	-2.694316	2.192954	-0.462117	-0.716680	-1.216352	0.998260	0.412696	0.358905	0.304755	0.087783	-0.778010	1.835966	0.374861	0.989491	1.490258	0.818682	0.632666	0.262985	-0.361715	0.286882	0.432877	0.293128	0.892592	-0.310400	1.278077	-0.078373	0.480997	0.381861	0.589453	-0.298986	-0.060546	1.889591	0.249116	-0.689352	0.832086	0.467871	0.530274
1.212744	-0.487329	-1.962417	-1.552068	0.533418	-2.080979	1.593673	0.386915	1.231217	0.776638	1.825789	1.217256	1.162375	0.897665	-0.079804	0.795902	-0.134237	3.053173	1.720772	0.740653	-0.713931	1.487201	0.729899	1.192575	1.266291	-0.226827	-0.572845	0.077136	-0.253147	0.024568	2.138118	-0.031409	1.132964	1.358345	-0.659032	-0.467060	-1.341657	-0.096495	-0.829254	-1.954462	-0.166611	-1.255311	0.945953	0.310466	0.570936	0.490915	0.210088	1.554175	2.418249	2.939498	1.379362	-0.436817	1.600146	1.232914	1.461772	-0.354178	-0.485071	-0.931305	-0.352153	-0.417309	0.795579	0.620107	0.652653	0.556384	1.480159	0.301374	0.638171	-1.291574	2.488018	1.846148	1.138182	1.083846	0.685513	-2.852471	1.557971	-1.168343	-0.337200	-0.478574	1.708804	1.511733	0.167042	-0.847720	-0.892698	-0.099303	1.947542	-0.450400	0.262421	1.154697	0.075114	0.972192	0.038657	-0.062630	1.075385	1.075264	1.632280	2.283478	-1.415297	2.038378	-0.135369	0.369060	0.582581	0.290077	-0.832423	-0.685550	1.596628	-0.722386	-1.396233	1.150749	0.044219	0.144497
0.643470	-1.302198	-1.113078	0.236468	0.595674	-1.506705	2.078776	0.492805	1.509683	1.499583	1.606452	1.136998	0.095395	-0.092361	0.104045	0.199275	-0.352639	2.052323	1.603809	0.693711	-0.653435	0.643240	0.313479	1.132670	1.433101	0.286085	-0.307603	0.511123	-0.557017	-0.560130	2.268802	-0.607453	0.161215	0.207671	-0.516907	-1.012130	-0.487870	-0.490037	-0.285234	-1.314759	-0.423188	-0.381706	0.587646	-0.505683	-0.426963	-0.443622	-0.223999	0.389785	1.503404	1.659763	1.217830	-1.127455	1.365412	0.444773	0.820146	0.081848	-1.312145	-1.772429	-1.246446	-1.457374	-0.443418	-0.991367	-0.212444	0.117849	0.834263	0.537658	-0.441354	-0.870131	2.072722	1.582026	-0.101859	0.064354	-0.172358	-0.822984	-0.255689	-1.079555	-0.484680	-0.400483	0.977894	1.490044	-0.113990	-1.296054	-2.034756	-0.053123	0.483700	-1.318150	-1.010969	-0.067051	-0.908597	0.573829	-0.257972	0.350868	0.609630	0.547924	1.520117	2.170651	-1.906184	1.670786	-0.425432	-0.394848	-0.103583	-0.484933	-1.353167	-1.145871	0.395070	-1.706156	-0.986916	0.198505	-0.369147	-0.358462
-0.432222	-1.468664	0.176827	1.194611	0.338220	-0.274069	1.821864	0.831902	1.290877	1.442029	1.262351	1.038051	-1.596373	-1.865942	0.002598	-0.743876	-0.724222	-0.233177	0.038397	0.168455	-0.847805	-0.860663	-0.709609	0.124781	1.022678	0.636626	-0.151695	0.357868	-0.882855	-1.133878	1.440091	-1.279609	-1.297098	-1.866803	0.089589	-1.211420	0.610930	-1.061650	0.554217	0.061473	-0.778855	0.640614	-0.633703	-1.606028	-1.353002	-1.409762	-0.517445	-1.298188	-0.878089	-0.973724	0.880851	-1.278730	0.058795	-1.020885	-0.780373	-0.103377	-1.822012	-2.078308	-2.233949	-2.583729	-2.166986	-2.752643	-0.921209	-0.624941	-0.169046	0.247481	-1.352864	-0.194838	0.114740	0.284375	-1.493598	-1.511564	-0.790004	1.457260	-1.995246	-0.337028	-0.553460	-0.892524	-0.451292	0.127735	-0.100008	-1.089060	-2.710517	-0.773252	-1.302013	-1.839387	-2.101118	-1.243701	-1.407346	-0.412164	-0.345807	0.171400	-0.551141	-0.629622	0.666396	0.979412	-1.687321	0.487568	-0.762145	-0.922758	-1.481175	-1.488586	-1.602724	-1.379921	-0.816810	-1.983019	-0.153435	-1.556356	-1.003946	-0.716161
-1.306455	-1.327764	0.644706	0.216212	-0.028884	0.421526	1.140523	0.689703	0.456072	0.360308	0.837037	0.609088	-2.575658	-3.050760	-0.752609	-1.367487	-1.319473	-1.730226	-1.479306	-0.111161	-1.074998	-1.778068	-1.616312	-0.865659	0.269136	-0.000003	-0.716789	-0.409509	-1.380692	-1.176314	0.169847	-1.982787	-2.227267	-3.228170	0.662924	-1.079131	0.616609	-1.452796	0.488881	0.548181	-0.986381	0.658586	-1.446011	-1.850202	-1.388236	-1.610940	-0.072935	-1.791710	-2.610113	-2.889998	0.767066	-0.915408	-1.583987	-2.176978	-1.967300	-0.763679	-2.067503	-2.023859	-2.772969	-3.197374	-2.632000	-3.218739	-0.447976	-0.713497	-1.224864	-0.757792	-2.072517	0.239678	-1.643668	-0.927339	-1.569178	-2.147511	-1.339041	1.923623	-2.508191	0.368442	-0.045030	-1.120052	-1.211455	-1.478538	0.141024	-0.839266	-2.331439	-1.259518	-1.879487	-1.767563	-2.294024	-1.358178	-1.255712	-1.161698	-0.375754	-0.403479	-1.115834	-1.230219	0.150769	-0.100402	-1.183356	-0.678702	-0.996159	-0.530622	-2.658581	-1.967978	-1.564875	-1.323952	-1.422137	-1.600083	0.214227	-2.789918	-1.894093	-0.882203
-1.205010	-1.531402	0.150443	-1.600165	-0.149841	-0.210034	0.687390	-0.349057	-0.310785	-1.065866	0.505934	0.076683	-1.822251	-2.327636	-1.546615	-1.663233	-1.523538	-1.397064	-1.332328	0.020272	-0.817155	-1.470026	-1.466239	-1.167623	-0.281771	-1.391506	-1.568083	-1.211322	-1.596166	-0.817684	-0.412509	-2.109684	-1.756261	-2.625697	0.779998	-0.618216	-0.324329	-1.222086	-0.404595	-0.238081	-0.842317	-0.591758	-0.901505	-0.951177	-0.728566	-0.898381	0.829785	-0.753913	-2.087954	-2.673214	0.998031	-0.375276	-2.024947	-2.146936	-1.611639	-1.447478	-1.983825	-1.935467	-2.311795	-2.935917	-1.157127	-2.145422	0.685430	0.022449	-1.710979	-1.966358	-2.259130	0.155614	-1.745832	-1.048430	-0.309515	-1.269598	-1.819353	0.607082	-1.734633	0.415043	0.703776	-0.598363	-0.689600	-1.849727	0.344041	-0.907248	-1.100910	-0.660174	-1.093919	-1.181619	-1.595589	-0.499617	-0.758273	-0.913498	-0.524734	-0.484558	-0.423916	-0.626074	0.326032	-0.291671	-0.670375	-1.118785	-1.002717	0.362259	-2.768339	-1.393915	-1.322194	-1.044749	-1.505340	-1.134605	-0.013937	-2.642817	-2.627515	-0.888202
0.011613	-2.082678	-0.165006	-2.233732	0.272853	-1.521897	0.731215	-1.680784	-0.218716	-1.634444	0.404580	-0.031629	0.216527	-0.058903	-1.297129	-1.890663	-0.875883	-0.079647	0.250244	0.090349	0.052521	-0.514484	-0.109671	-0.818549	-0.227328	-2.192218	-1.425512	-1.334448	-0.969505	-0.601984	0.093887	-1.088182	-0.146537	-0.627463	0.592128	0.104996	-1.034319	-0.559395	-0.961572	-1.192445	-0.437713	-2.067008	0.625207	0.390243	-0.092177	0.209670	1.500109	0.699733	0.013818	-0.986636	1.079230	-0.006236	-0.716911	-0.945264	-0.000760	-1.810538	-1.442050	-1.887649	-0.908477	-1.950753	0.867824	-0.833656	1.298101	0.960872	-1.123355	-2.385247	-1.642962	-0.159018	-0.351944	-0.207325	1.066951	0.392088	-1.572741	-0.725020	-0.496352	-0.121543	1.092518	0.342355	0.415855	-0.706213	0.480811	-1.067333	0.064553	0.707685	-0.125457	-0.351065	-0.718595	0.232531	-0.188401	0.160665	-0.596759	0.213141	0.974948	0.584039	0.811759	0.143461	-0.074837	-0.726934	-0.601955	0.616463	-1.679111	-0.173508	-0.798261	-0.736701	-1.313662	-0.845576	-0.452441	-1.396641	-2.613230	-0.649816
1.510847	-2.094662	0.570136	-0.935321	1.026022	-1.968455	0.815564	-2.196660	0.448049	-0.902898	0.224713	0.282677	2.008470	1.927439	0.160154	-1.842485	0.269745	0.723413	1.490166	-0.084922	1.024891	0.060702	1.480595	-0.139993	0.213560	-1.355266	0.189496	-0.651199	0.296193	-0.779095	0.815677	0.660487	1.356767	1.024993	0.546288	0.834311	-0.856301	-0.060935	-0.553762	-1.167188	-0.010566	-2.319133	1.960515	1.463690	0.306264	1.126272	1.696357	1.482254	1.584009	0.355711	0.371617	0.183027	1.073412	0.541938	1.464809	-1.582065	-0.408934	-1.464980	0.800094	-0.549160	1.647179	-0.403759	1.188000	1.517954	0.071320	-1.543862	-0.559091	-0.125102	1.134092	0.605733	1.666185	1.716902	-0.173728	-0.688953	0.437843	-0.615133	1.245900	1.165901	1.072275	0.808707	0.638351	-0.872317	0.552008	1.869213	0.165219	0.521230	-0.266932	0.091303	0.487842	1.001259	-0.133863	0.849983	2.039340	1.331693	1.190545	0.476378	0.689755	0.068598	0.328104	-0.194211	0.002388	0.658681	0.199903	-0.383079	-0.731634	-0.310877	-0.875839	0.014154	-1.738219	-0.021660
2.079998	-0.880220	1.728408	1.065275	1.449877	-0.792215	0.417406	-1.421503	0.495957	0.179577	-0.449810	0.483539	2.497611	2.276483	1.586892	-1.074621	1.052281	0.486641	1.251302	0.028253	1.406220	-0.058496	2.082079	0.620574	0.402217	0.547437	2.080420	0.159724	1.285430	-1.001104	0.743665	1.909021	1.737823	1.332449	0.827660	1.249670	-0.216614	0.087005	0.145113	-0.186853	0.320464	-0.925846	2.405961	2.185437	0.880221	1.664390	1.673035	1.530487	1.410674	0.429436	-0.989859	0.477040	1.628072	1.319701	1.700969	-0.567696	0.934577	-0.202131	2.133675	1.077762	1.166532	-0.361033	1.206268	1.636295	0.600127	-0.175307	0.287773	0.475039	1.539982	0.634239	1.721446	2.173290	1.527457	0.414470	0.858952	-0.732581	1.787945	1.715243	1.141922	1.543794	0.643655	-0.167871	0.701576	2.320560	0.215887	1.304315	-0.121539	-0.432132	1.426943	0.787437	1.035239	0.582585	2.221056	1.195174	1.385085	0.464958	1.466618	0.762943	1.573620	-1.123046	1.477975	0.572170	1.559909	0.356826	0.422050	0.932456	-1.242243	0.853149	-0.619713	0.917613
1.267489	0.906674	2.048443	1.989753	1.109573	1.070518	-0.256170	-0.057394	-0.585523	0.301646	-1.312627	0.306757	1.906383	1.327190	1.627435	0.188172	0.935526	-0.148672	0.214480	0.777089	0.963438	-0.290938	1.394405	1.179878	0.047566	1.742461	2.657710	0.286509	1.380630	-0.702888	-0.003047	1.897457	1.048538	0.786807	1.176080	1.159324	0.228938	0.270277	0.239001	0.801868	0.524241	1.016403	2.154072	2.563762	1.744397	1.867561	1.506339	1.312194	0.242408	-0.144477	-1.938335	1.015231	0.656860	1.009650	0.883451	0.912507	2.105549	1.568766	2.663218	2.509278	0.824009	0.342549	1.747254	1.456512	-0.070480	0.505514	0.559746	1.099351	0.874028	-0.045301	1.764560	1.912954	2.118067	1.248825	0.920299	-0.836970	2.634675	2.007970	1.205159	1.458575	0.259534	0.808027	1.187886	2.216112	0.771076	1.742087	0.174889	-0.363427	2.412991	-0.155678	2.330946	-0.286091	1.646552	0.578737	1.408337	0.449185	1.916402	1.074881	2.465137	-0.998615	2.186770	0.149257	2.579444	1.566155	1.718537	2.483057	-1.317370	0.925811	-0.021755	1.689852
-0.146369	1.780999	1.419840	1.335273	0.228030	1.962777	-0.546735	0.661355	-1.768722	-0.712706	-1.430689	0.052699	0.993806	0.299352	0.423118	0.999394	0.164070	-0.458329	-0.334699	1.413027	0.158146	-0.061917	0.234791	1.160414	-0.428197	1.140252	1.759128	-0.269219	0.857248	0.272975	-0.556919	1.101884	0.044945	0.298036	1.164177	0.529785	0.395724	0.754336	-0.124067	1.031392	0.476627	1.945942	1.609600	2.139877	2.192373	1.637193	0.890452	0.968739	-0.410402	-0.373724	-1.531448	1.538381	-0.603935	0.005055	-0.037805	1.878290	2.463557	2.639320	2.178837	2.908588	1.158159	1.330742	1.978854	0.939424	-0.820044	0.228440	0.518480	0.897412	-0.010799	-0.820334	1.640849	1.312771	1.397292	0.985951	0.816575	-1.207528	2.755036	1.900372	1.400558	1.163389	-0.262848	1.651801	1.999108	1.706698	1.539054	1.518773	0.634519	0.380112	2.672714	-0.774582	2.662184	-0.811230	0.699792	0.037337	1.092137	0.626070	1.739442	0.895657	2.258094	0.062180	1.937567	0.376033	2.442385	2.552481	2.156842	3.155983	-0.760904	0.481694	-0.034914	1.697346
-0.976523	1.171986	0.988830	0.032137	-0.593932	1.287817	-0.344634	0.227532	-1.745575	-1.823708	-0.487126	-0.022988	0.100093	-0.170549	-0.560927	0.787699	-0.571724	-0.445046	-0.252346	0.786779	-0.259774	0.423077	-0.385592	0.477801	-0.468611	-0.412436	0.632335	-0.632032	0.297485	1.420085	-0.640723	0.589333	-0.677967	0.056452	0.622950	-0.498299	0.518033	1.150072	-0.124809	0.557269	0.073444	1.383997	0.833908	0.619365	1.547779	0.860331	-0.208346	0.379611	-0.042731	-0.055481	-0.121019	1.617440	-0.986171	-0.871284	-0.476713	1.563287	1.756340	2.114782	0.833581	1.839678	1.145227	1.131955	1.037111	0.099549	-0.263105	-0.053625	0.538879	-0.207196	-0.398917	-1.100442	0.875462	0.712190	0.613524	0.113493	0.656604	-1.189738	1.524096	1.330508	1.161864	0.950842	-0.312046	1.953123	2.411599	0.711224	1.535280	0.661993	0.778427	0.846146	1.586038	-0.467660	1.413232	-0.734306	-0.224951	-0.234323	0.327293	0.675244	0.968542	0.234337	0.871642	0.849121	0.993664	1.393343	1.153261	2.439090	1.149500	2.230949	0.356622	0.055124	-0.025040	0.842957
-0.863892	0.124869	1.417984	-0.912742	-0.953517	0.085998	-0.304891	-0.606183	-0.654535	-2.034802	0.586203	-0.099907	-0.810509	-0.394840	-0.404781	0.044554	-0.850392	-0.552244	-0.525674	-1.104705	-0.002012	0.426160	-0.266638	-0.366256	-0.174543	-1.059026	0.293615	-0.111174	-0.170578	1.924716	-0.819179	0.827894	-1.058397	-0.327271	-0.158108	-1.525889	0.606629	0.795834	0.424673	0.016346	-0.478847	0.303953	-0.220029	-1.245643	0.260755	-0.149540	-1.130857	-0.265132	0.502576	0.327191	0.790113	1.034252	-0.591089	-0.979660	-0.627275	0.403575	0.567662	0.581967	-0.660480	0.164956	-0.030696	-0.508188	-0.569436	-0.660553	1.205092	0.499487	0.647017	-1.125228	-0.315631	-0.723256	-0.335559	0.359967	0.670282	-0.186450	0.371388	0.063106	-0.244695	0.622397	0.230023	0.718525	0.272570	1.452690	1.915394	-0.622623	0.487820	-0.341657	0.326773	0.304926	-0.364560	0.303377	-0.762199	-0.707382	-0.753923	-0.315216	-0.547961	0.266643	0.092231	-0.638827	-0.803078	0.680343	-0.006260	2.158193	-0.271332	1.273629	-0.672975	0.429081	1.419650	0.111997	0.506645	-0.206957
-0.524562	-0.058165	1.888263	-1.315208	-0.948281	-0.232421	-0.887748	-0.721087	0.160903	-1.266414	0.732228	-0.311434	-1.624909	-0.921275	0.130057	-0.381326	-0.797796	-0.943798	-1.703008	-2.898815	0.383765	-0.458040	-0.102321	-0.769539	-0.187820	-0.045786	0.521992	0.863929	-0.663359	1.350024	-1.384117	1.315292	-1.336278	-1.054934	-0.653318	-2.004548	0.588153	-0.356924	0.887542	0.034689	-0.766175	-0.067018	-1.356532	-2.190077	-0.463933	-0.755082	-1.194233	-0.544516	0.181266	0.298958	0.071104	0.003596	-0.334157	-0.428491	-0.879888	-0.381567	-0.096276	-0.377442	-1.467779	-0.619415	-1.613406	-1.918241	-1.462104	-0.863557	1.693472	1.401380	0.591071	-0.774139	-0.304601	-0.159825	-1.191258	0.233775	0.876319	0.593570	-0.262793	1.956724	-1.199627	0.152001	-0.751084	0.433440	0.940232	0.412554	0.810145	-1.752976	-0.811653	-1.047490	-0.390988	-0.784351	-1.853613	0.492077	-2.385994	-1.281238	-0.740960	-0.306002	-0.959834	-0.370096	-0.336205	-1.189415	-1.603576	0.189804	-0.548212	1.519976	-0.831947	0.019912	-1.948892	-0.746972	1.794821	0.499091	1.216940	-0.621371
-0.808285	0.545002	1.292062	-1.347526	-0.978741	0.503693	-1.586082	0.030177	-0.018020	-0.064457	0.142332	-0.340434	-2.035604	-1.796551	-0.254004	-0.270034	-0.675605	-1.280058	-2.904899	-3.308486	0.054327	-1.770923	-0.620263	-0.797599	-0.750926	1.446723	0.515199	1.188753	-0.925355	0.087306	-1.696434	1.246192	-1.664718	-1.848525	-0.563344	-1.644956	0.666285	-1.440844	0.866256	0.778260	-0.655560	0.407430	-2.262851	-1.894207	-0.195763	-0.736428	-0.606645	-0.447243	-1.078148	-0.280436	-1.667641	-0.830630	-0.709758	-0.015488	-1.174086	-0.263184	0.138746	0.024837	-1.467626	-0.152627	-2.273577	-1.622230	-1.120787	-0.567379	0.277204	1.398608	0.184633	0.455434	-0.710783	-0.163093	-1.313399	-0.024386	0.076141	1.645716	-1.239024	2.563444	-1.058487	-0.147100	-1.056713	0.136568	1.148699	-0.291157	-0.210895	-2.229882	-1.541315	-1.469335	-0.789324	-1.304088	-2.115781	-0.465972	-2.543697	-2.138114	-0.468739	-0.272089	-0.810396	-0.687070	-0.295006	-1.045190	-1.196129	0.276165	-0.712892	-0.392101	-0.585938	-0.626940	-1.904294	-0.624696	1.369125	0.471216	1.321829	-0.315534
-1.691051	0.724762	-0.214419	-0.937881	-1.191480	1.169329	-1.480719	0.703280	-0.503946	0.994274	-0.154101	0.055239	-1.876694	-2.454693	-1.525810	0.027108	-0.472290	-1.092399	-2.745750	-2.285688	-1.092132	-2.462098	-1.678097	-1.023142	-1.265082	1.714788	-0.031989	0.430261	-0.558759	-0.864115	-1.062395	0.346829	-1.896425	-2.210454	-0.070761	-0.731352	1.003667	-1.485168	0.702120	1.746057	-0.441647	0.833554	-2.710329	-1.272719	0.126837	-0.636806	-0.252368	-0.450668	-2.317803	-1.208230	-2.515383	-0.812518	-1.329337	-0.371459	-1.108315	0.082106	0.581402	0.868204	-1.304641	0.328891	-1.752711	-0.232608	-0.426015	-0.336341	-1.704584	0.108205	-0.478373	1.038778	-1.244701	-0.829940	-1.108433	-0.675346	-1.518494	1.732969	-1.975408	0.945790	-0.705582	-0.589914	-0.839616	-0.329457	0.925955	0.033913	-0.821850	-2.041079	-1.641255	-1.731927	-0.595668	-0.737282	-1.613294	-1.931432	-1.662563	-2.389357	-0.373474	-0.265623	-0.659806	-0.532317	-0.262463	-0.443865	-0.324943	0.777867	-0.901802	-2.113002	-0.341031	-0.862441	-0.984921	0.054230	0.519458	-0.338389	0.595585	-0.050834
-2.292847	-0.133301	-1.485301	-0.116229	-1.156850	0.819712	-0.418350	0.538795	-0.411594	1.475708	0.162921	0.452780	-1.261287	-2.234694	-2.304289	0.247660	-0.122374	-0.290513	-1.076299	-0.654952	-2.086815	-1.772830	-2.300980	-1.490531	-1.051417	0.472213	-0.770571	-0.650411	0.188004	-0.749367	0.159769	-0.897955	-1.697662	-1.793237	0.351817	0.086079	1.187262	-0.528568	0.688205	2.004290	-0.376926	0.528331	-2.457507	-1.136396	-0.523436	-1.045691	-0.552210	-0.820806	-2.476094	-1.941759	-1.335135	-0.020620	-1.535761	-1.179751	-0.554735	-0.091121	0.327942	0.715785	-1.415790	-0.320421	-0.859668	0.517044	-0.386795	-0.548080	-2.296169	-1.396024	-1.015141	0.273976	-1.319334	-1.239848	-1.003955	-1.423378	-2.464565	0.639753	-1.753856	-1.362857	-0.849531	-1.138639	-0.761464	-1.098796	0.501572	0.905239	-1.198627	-1.400562	-1.455406	-1.550130	-0.014442	0.350766	-1.095779	-2.485679	-0.773098	-1.438362	-0.545810	-0.305313	-0.940848	-0.328693	-0.515402	-0.029647	0.073114	0.711312	-1.124980	-2.325676	-0.503357	-1.071188	-0.167686	0.201804	-0.265767	-1.205303	-0.349863	-0.477980
-1.833771	-1.186991	-1.797281	0.533614	-0.386729	-0.195117	0.721286	-0.074429	0.121238	1.161423	0.397377	0.268644	-0.479868	-1.081723	-1.665953	0.365402	0.119616	0.616836	0.666348	0.816122	-1.854317	-0.053101	-1.714444	-1.429190	-0.263556	-0.955131	-1.238255	-1.047388	0.515886	0.160490	0.920759	-1.676509	-0.933874	-0.678114	0.379273	0.380345	0.638775	0.382230	0.478276	1.034670	-0.309671	-0.204906	-1.314376	-1.167489	-1.755773	-1.684470	-0.970338	-1.199658	-1.353231	-1.825384	0.799487	0.570687	-1.123546	-1.500545	0.070966	-0.540693	-0.596815	-0.539426	-1.402183	-1.573034	-0.270065	0.040662	-0.906824	-0.954427	-1.235219	-1.804667	-0.969662	-0.771581	-0.776693	-0.590470	-0.894978	-1.691790	-1.915767	-0.569347	-0.651041	-2.065238	-1.242292	-1.366765	-0.955194	-1.808507	-0.127110	1.015295	-1.474906	-0.557476	-1.090460	-0.568165	0.510076	0.986721	-0.598169	-1.367763	-0.262102	0.385554	-0.711746	-0.377836	-1.266545	-0.480217	-0.777333	-0.126989	-0.188717	-0.286540	-0.951152	-1.195181	-0.715326	-1.146323	0.079840	-0.368524	-0.639024	-1.138726	-0.810732	-1.262215
-0.493388	-1.247722	-1.332286	0.418514	0.763660	-0.815834	0.982704	-0.281726	0.374396	0.269627	0.129044	-0.315734	0.136214	0.290734	-0.301228	0.291523	-0.044435	0.844494	1.048342	1.643697	-0.469495	1.340524	-0.285619	-0.457622	0.358320	-1.274811	-1.231920	-0.634649	0.153715	0.767141	0.837175	-1.509820	0.082875	0.565631	0.130669	0.313159	-0.353212	0.472050	-0.210411	-0.480225	-0.035603	-0.648620	0.341524	-0.632331	-2.105088	-1.614259	-0.823230	-1.099070	0.193196	-0.710156	1.710869	0.157987	-0.406852	-0.919509	0.210936	-0.593397	-1.268646	-1.546591	-0.710819	-1.962361	0.006170	-0.657675	-1.125057	-1.004792	0.045270	-1.064535	-0.278921	-0.741200	-0.122532	0.478040	-0.606295	-1.334410	-0.524528	-0.836390	0.332291	-0.915844	-1.307701	-1.068293	-0.934562	-1.793681	-0.849689	-0.083373	-1.368809	0.090144	-0.446077	0.771118	0.610007	0.751282	0.158348	0.527938	0.254902	1.937780	-0.671210	-0.434960	-0.948718	-0.834932	-0.747962	-0.434516	-0.573693	-1.303239	-0.298294	-0.025593	-0.596355	-0.882897	-0.000540	-0.987877	-0.497437	-0.339469	-0.718854	-1.487924
0.695593	-0.350985	-0.557885	-0.240512	1.175966	-0.665245	0.331392	-0.066448	0.146820	-0.619368	-0.066070	-0.535158	0.401481	1.044661	0.403715	-0.111840	-0.372495	0.115798	0.215950	1.453724	0.809475	1.265637	0.739221	0.437922	0.461333	-0.625665	-0.864472	-0.109278	-0.211248	0.308689	0.598984	-0.624780	0.833523	1.216115	0.050338	0.370392	-0.653570	0.179047	-0.800046	-1.118203	0.193475	-0.648078	1.405858	0.329324	-0.915551	-0.459909	-0.215520	-0.554491	0.970929	0.637762	0.653355	-0.755503	0.159111	-0.106366	-0.270123	-0.326789	-1.033653	-1.251255	0.355125	-1.079944	0.147384	-0.609256	-0.629069	-0.469530	0.324916	-0.336488	0.440454	0.142021	0.042146	0.506582	-0.406608	-0.771586	0.594197	-0.321279	0.338091	0.146224	-0.983597	-0.602076	-0.469645	-0.924550	-1.108416	-1.131810	-0.600616	0.149126	0.359403	1.296498	0.208751	0.067783	0.861527	1.465163	0.941810	2.201017	-0.493672	-0.362282	-0.081887	-0.923617	-0.639033	-0.547413	-0.597715	-1.247095	0.156723	0.194479	-0.288259	-0.520044	-0.045460	-1.127301	-0.083764	-0.108129	-0.489383	-0.896078
0.812470	0.277019	0.140731	-0.675907	0.302362	-0.391223	-0.421242	-0.195330	-0.180985	-1.056000	0.378370	-0.137606	0.387166	0.937013	-0.018633	-0.724084	-0.262615	-0.844783	-0.508904	0.278267	0.836953	0.023971	0.503483	-0.022489	0.316183	-0.123200	-0.530523	-0.085773	0.074452	-0.798886	0.876843	0.235412	1.027282	0.953264	0.381404	0.716626	0.285586	0.399526	-0.491028	-0.306028	-0.075648	-0.646620	0.985718	0.740979	0.632916	0.880017	0.148817	-0.062667	0.521417	1.117502	-0.852036	-0.922705	0.326941	-0.012491	-0.955851	-0.460147	-0.294817	-0.213822	0.819024	-0.062272	0.144621	-0.097714	0.064709	0.293750	-0.270562	-0.539304	0.439272	0.467978	-0.285188	-0.706200	-0.620707	-0.427928	1.063351	-0.000720	-0.413046	-0.308278	-0.664476	-0.490652	-0.004680	0.038423	-0.540321	-0.645637	0.416262	-0.252155	0.900937	0.443221	-0.427722	-0.370220	0.828006	0.757472	1.221533	1.269427	-0.286052	-0.094004	0.415416	-0.618950	-0.813001	-0.498588	-0.375302	-0.288713	-0.235990	-0.392249	-0.095662	-0.384974	0.001999	-0.940984	0.114548	-1.048038	-0.391777	-0.228421
-0.067447	-0.194710	0.338231	-0.570764	-0.971955	-0.609256	-0.557245	-0.874044	-0.372137	-0.987088	0.966938	0.299186	0.226037	0.296517	-0.804054	-1.163569	0.368792	-0.928841	-0.365304	-1.028392	-0.275361	-0.891641	-0.567773	-1.473447	0.148363	-0.342725	-0.619829	-0.546189	0.656810	-1.490158	1.334282	0.399613	0.709086	0.104954	0.729540	0.893786	1.488106	1.029093	0.463185	0.876378	-0.726416	-0.859827	-0.473753	0.051557	0.803370	1.065562	-0.096509	0.000273	-0.445613	0.474715	-0.969346	-0.083746	0.216992	-0.651313	-1.232498	-1.116524	0.087813	0.226511	0.242914	-0.011820	-0.000234	0.003575	0.181992	0.624694	-0.908945	-1.259043	-0.161117	-0.337806	-0.523527	-1.544711	-1.000423	-0.344637	1.046170	-0.294945	-1.009854	-1.385634	-0.606271	-0.826158	-0.044351	0.195834	0.269232	1.022177	0.717427	-0.492551	0.808254	-0.852044	-0.876511	-0.356786	0.033581	-0.568150	0.542661	0.179512	-0.052629	0.169358	-0.031489	-0.304343	-1.111093	-0.528795	-0.384250	0.325107	-1.120146	-0.991061	-0.024065	-0.350763	0.052116	-0.820957	-0.168602	-2.038450	-0.335574	-0.138104
-0.962479	-1.111910	-0.154871	-0.250231	-1.341801	-0.976859	-0.146946	-1.225994	-0.513901	-0.522395	0.786764	0.296148	-0.081410	-0.460804	-1.021133	-1.133095	0.844948	0.085522	0.111872	-1.315675	-1.394932	-0.460842	-1.266312	-2.015811	-0.181868	-0.723575	-0.991504	-1.039621	0.684338	-1.242180	1.125355	-0.199864	0.105077	-0.658862	0.408925	0.341208	1.527918	1.004920	0.890426	0.961567	-1.002922	-0.862014	-1.502266	-1.112898	-0.572699	-0.159230	-0.578195	-0.274604	-0.800962	-0.375736	0.280281	0.675495	0.193466	-1.024181	-0.794312	-1.434713	-0.076575	-0.247640	-0.662907	-0.609180	-0.111006	-0.438248	-0.404717	0.170851	-1.028721	-1.316561	-0.368461	-1.281348	-0.195342	-0.638073	-0.951506	-0.367106	0.519179	-0.658431	-0.913891	-1.294772	-0.649902	-1.173230	-0.477710	-0.467383	0.360756	1.965833	-0.104906	-0.267028	0.169019	-1.142302	-0.893784	-0.236509	-0.691509	-1.143599	-0.693261	-0.315387	0.157373	0.080795	-0.873417	-0.334068	-1.018173	-0.572847	-0.772610	-0.098874	-1.422074	-1.040137	0.069800	-0.132412	0.119154	-0.761187	-0.615759	-1.577792	-0.175723	-0.316339
-1.008889	-1.149191	-0.765690	0.079379	-0.717411	-0.689966	0.187493	-0.526053	-0.587870	0.204818	-0.131100	0.131530	-0.443218	-0.993121	-0.568365	-0.641651	0.616070	1.170801	0.123169	-0.411206	-1.573806	0.707984	-0.947859	-0.652321	-0.684714	-0.501815	-0.957142	-1.143442	0.025840	-0.429904	0.112150	-0.954984	-0.440193	-0.857730	-0.600493	-0.747169	0.324129	-0.018726	0.259670	-0.060128	-0.471299	-0.231838	-1.245169	-1.613449	-1.831077	-1.576604	-0.719678	-0.511241	-0.237818	-0.457876	1.346404	0.577657	0.428393	-0.376552	0.039295	-0.748223	-0.194819	-0.618888	-0.886844	-0.709519	-0.058152	-0.663545	-1.037553	-0.692224	-0.543712	-0.296996	0.318135	-1.244017	0.515154	1.184107	-0.349463	-0.395453	-0.507918	-0.563896	-0.351704	0.138314	-0.483446	-1.022165	-0.763233	-1.073571	-0.284063	1.176731	-1.183296	0.023762	-0.461420	-0.243257	-0.585707	-0.255917	-0.655524	-0.766607	-1.405530	-0.428521	0.212337	-0.366820	-1.134103	-0.560259	-0.450009	-0.385528	-1.029225	-0.817315	-0.644544	-0.547626	0.160964	0.161203	0.204444	-0.411387	-0.660758	0.233373	0.073274	-0.167800
-0.372114	-0.021917	-0.584147	0.605776	-0.199889	0.287148	0.018013	0.570521	-0.434448	0.813685	-0.824007	0.190087	-0.508708	-0.966233	-0.135888	0.023881	-0.016390	1.185149	-0.290797	0.470297	-0.862922	1.181839	-0.211899	1.162438	-0.973017	0.177266	-0.162996	-0.796730	-0.582684	0.321587	-0.887942	-1.101925	-0.574847	-0.513929	-1.360941	-1.382125	-0.762511	-0.866367	-0.577172	-0.809658	0.266796	0.622384	-0.413467	-1.018664	-1.532595	-1.827273	-0.411012	-0.461338	0.412004	0.103189	1.183419	0.250031	0.608593	0.770454	0.483401	0.331371	0.122607	-0.069380	-0.350848	0.045839	0.052157	-0.118697	-1.010760	-1.144953	0.242906	0.842004	1.022857	-0.411220	0.921123	1.805847	0.236114	-0.353899	-1.364118	-0.252510	0.094314	1.313450	-0.095054	-0.355619	-0.638955	-0.937447	-0.657058	-0.195302	-1.242762	-0.052634	-0.608247	0.543814	-0.259047	-0.195630	-0.127209	-0.205929	-1.030157	-0.656465	0.113435	-0.698131	-0.640933	-0.609494	0.083455	-0.087679	-0.557519	-0.698927	0.485426	0.116772	0.140433	0.238431	0.104771	0.298236	-0.219386	1.713568	0.363475	0.148070
-0.002879	1.054825	0.357962	1.205577	-0.494983	0.959200	-0.536639	0.671275	-0.217312	0.723336	-0.726915	0.119965	-0.162705	-0.352092	-0.397790	0.390676	-0.440278	0.147863	-0.558139	0.035312	-0.035937	0.474339	-0.138549	1.172095	-0.835781	0.395737	0.697665	-0.403834	-0.563398	0.668874	-1.087857	-0.501443	-0.308638	-0.086763	-1.053238	-0.898142	-0.664694	-0.406424	-0.604581	-0.439908	0.250806	0.701322	-0.300376	-0.031855	-0.217110	-0.920537	-0.014247	-0.209298	0.226371	0.401010	0.187464	0.516337	0.309914	1.190699	-0.012640	0.525619	0.431218	0.809172	0.056638	0.781344	0.051461	0.735891	-0.357686	-0.739825	0.634595	0.877469	0.592279	0.173362	0.538945	0.464233	0.239115	-0.168256	-1.225108	-0.183549	-0.026008	1.042805	0.113747	0.242396	-0.391518	-0.401588	-0.130937	-0.522958	-0.196426	-0.340743	-0.474787	0.103854	-0.171543	0.137590	0.032751	-0.047885	-0.192904	-0.933290	0.070380	-0.497599	-0.149462	-0.486847	0.171285	-0.145044	0.383929	0.259043	0.809115	0.509864	0.036634	0.137669	-0.386587	0.811981	0.154806	1.548173	0.681697	0.030081
-0.448265	0.784052	0.837620	1.158143	-1.084693	0.433380	-1.101078	-0.609458	-0.400548	-0.192031	-0.331001	-0.692789	0.044556	0.245115	-1.244243	0.075419	-0.634500	-0.865419	-0.525034	-1.459564	0.276830	-0.447489	-0.950723	-0.804795	-0.670831	-0.357871	0.604813	-0.482652	-0.150497	0.490331	-0.617111	0.125939	-0.144178	-0.075781	-0.159915	0.076689	0.141038	0.653120	-0.062675	0.256804	-0.540041	-0.377893	-1.129910	0.273798	0.440654	-0.074611	0.142833	0.001577	-0.647625	0.041015	-0.716913	0.914010	-0.332955	0.473520	-1.074590	-0.527597	0.102452	0.799132	-0.303396	0.591625	-0.030433	0.976931	0.218722	0.145297	0.029534	-0.195486	-0.708537	0.010571	-0.340000	-1.302978	-0.209243	0.092635	-0.309360	-0.240530	-0.707380	-0.023803	-0.165289	0.204893	-0.391081	-0.316738	0.639802	0.136869	0.666080	-0.456544	-0.685601	-1.070763	-0.388100	0.392730	-0.597476	-0.283443	-0.015337	-0.885395	0.236963	0.067635	-0.270968	-0.570121	-0.037614	-0.719030	0.702615	0.978002	0.021887	0.343201	-0.060486	0.059207	-1.096883	0.456431	-0.029368	0.201152	0.875713	-0.515715
-1.127011	-0.602747	0.035047	0.140822	-1.173485	-0.922329	-1.393117	-2.078459	-0.991206	-1.151356	-0.326921	-1.886903	-0.412991	0.109346	-1.730577	-0.695279	-0.941534	-0.953554	-0.525229	-2.358939	0.109375	-0.496220	-1.660645	-2.504861	-0.880346	-1.411603	-0.337963	-0.926456	0.102294	-0.156565	-0.253299	0.005818	-0.484161	-0.517553	0.009131	0.267475	0.420603	0.594713	0.015992	0.073173	-1.045747	-1.672002	-1.826342	-0.396839	-0.154647	-0.133402	0.071278	0.070198	-1.159919	-0.408037	-1.087896	0.445516	-0.639431	-0.453323	-1.598682	-1.726453	-0.666608	-0.252813	-0.935385	-0.258025	-0.026194	0.369341	0.189492	0.738595	-1.166206	-1.128511	-1.363196	-0.450669	-0.841771	-1.532254	-0.468870	0.227472	0.273670	0.026045	-1.334481	-0.462758	-0.573464	-0.269852	-0.566534	-0.819277	0.628361	0.449427	0.335295	-0.338845	-1.285209	-1.501853	-0.716532	0.088987	-1.465270	-0.654913	-0.759452	-0.564716	0.472773	0.450485	-0.703215	-0.957949	-0.188528	-1.338389	-0.203189	0.720595	-0.977719	-0.269666	-0.163018	-0.078336	-1.498471	-0.627413	-0.538176	-0.769261	0.666091	-0.836771
-1.019912	-1.508455	-1.116220	-0.956387	-0.762133	-1.713309	-1.208048	-2.200500	-1.223023	-1.088691	-0.612477	-2.077305	-1.020604	-0.598989	-0.943542	-1.023828	-1.120318	-0.246147	-0.644901	-1.526598	-0.087330	0.170318	-1.168605	-1.875290	-1.103279	-1.491512	-0.814257	-0.858821	0.054038	-0.849229	-0.422465	-0.624933	-0.962619	-0.864682	-0.918374	-0.577828	-0.171935	-0.790970	-0.552528	-0.819341	-0.455757	-1.732600	-1.383532	-1.212898	-0.910441	-0.589100	-0.047138	0.097628	-0.625712	-0.315422	-0.900818	-0.629301	-0.202539	-0.495320	-0.873500	-1.662413	-0.926129	-1.114837	-0.825586	-0.660919	0.071047	-0.403862	-0.213084	0.641683	-1.588269	-0.834912	-0.499324	-0.614078	-0.402377	-0.109561	-0.174257	0.181063	0.078646	0.591808	-1.078300	0.088959	-0.382407	-0.377989	-0.492556	-1.037193	-0.160559	-0.046136	-0.593200	-0.109365	-1.425827	-0.552116	-0.775848	-0.601163	-1.522730	-0.818133	-1.410854	-0.377651	0.498368	0.345089	-0.718119	-1.125057	-0.169361	-1.302357	-1.420479	-0.088489	-1.045588	-0.762637	-0.245588	-0.367603	-1.148739	-1.298326	-0.681428	-0.490025	0.057177	-0.503528
0.057499	-0.773971	-1.000632	-0.953689	-0.300690	-0.943060	-0.381562	-0.588024	-0.452318	0.148291	-0.542265	-0.438011	-0.659049	-0.862534	0.902241	-0.297210	-0.401993	0.472245	-0.449522	0.331296	-0.064553	0.525657	0.424346	0.582422	-0.610713	-0.081086	0.023856	0.246130	0.006940	-0.976614	-0.688949	-0.644456	-0.766633	-0.550972	-1.674260	-1.234716	-0.732544	-1.685011	-0.736661	-1.032421	0.724972	-0.153057	-0.013882	-1.069215	-0.617404	-0.369084	-0.113052	0.195134	0.482319	0.152360	-0.183654	-0.919217	0.567330	0.270296	0.614246	-0.100913	-0.088776	-0.624220	0.241404	-0.011522	0.074579	-0.623718	-0.365441	0.089237	-0.426105	0.488203	1.052169	-0.363533	0.579917	1.311927	0.390099	0.174306	-0.094597	0.845781	0.209548	0.756515	0.521411	0.248340	0.087428	-0.167976	-0.732946	-0.306008	-0.734527	0.250600	-0.421712	0.856403	-0.313671	-0.933109	-0.292536	-0.397771	-0.867574	-0.401646	0.243985	-0.047601	-0.113558	-0.457386	-0.007789	-0.282735	-1.393124	-0.578068	-0.004997	-0.552394	-0.049173	-0.374666	-0.023080	-0.533999	-0.181939	0.448216	-0.434420	0.337231
1.220898	0.979738	0.490572	0.076290	0.183508	0.901166	0.899971	1.705831	0.853872	1.485036	0.092631	2.029071	0.780282	-0.093395	2.422285	0.866738	1.281904	0.742198	0.384354	1.578525	-0.024345	0.145301	1.847376	2.555636	0.593856	1.916613	1.333143	1.528346	0.269889	-0.359535	-0.348643	0.532108	0.266669	0.293153	-0.894597	-0.590962	-0.350126	-0.667057	0.237927	0.152211	1.330845	1.919327	1.227207	0.182247	0.556164	0.705248	-0.134263	0.331753	1.119310	0.365721	0.796658	0.125265	0.939059	0.805280	1.736832	1.819150	1.320483	0.938858	1.390828	1.145160	-0.048087	-0.273429	-0.078177	-0.421290	1.426856	1.729119	1.848877	0.140271	1.156227	1.428604	0.702438	0.400034	0.471550	0.343313	1.636773	0.786700	1.334605	0.984237	0.930961	1.403046	-0.387559	0.557203	0.294680	0.728563	1.211172	1.438735	0.482066	-0.461824	1.473191	0.564627	0.618820	-0.287745	-0.094042	-0.320401	0.595552	0.915416	0.346059	1.320777	0.166464	-0.490150	1.238343	0.343265	0.642215	0.414343	1.423812	1.252317	0.495305	0.954493	-0.276161	1.290610
1.548049	2.055464	1.758650	0.891767	0.868547	2.285230	1.870081	3.050274	1.537041	1.748664	0.758144	3.323886	1.944157	0.996841	2.413455	1.218868	2.738542	0.769068	1.410473	1.480637	-0.243645	-0.350431	2.014991	2.550871	1.586413	2.986750	1.611539	1.634449	0.853949	0.483460	0.553017	2.016752	1.221742	0.905583	0.955200	0.768854	0.730380	1.286769	1.698963	1.760293	1.005512	2.903027	1.578865	1.433128	1.399326	1.619136	-0.167611	0.374765	0.816096	0.104836	1.331847	1.347652	0.698362	0.489066	1.924379	2.699775	2.175864	2.181368	1.709003	1.801886	-0.056784	0.164969	0.173149	-0.608580	2.315260	2.040199	1.485070	0.747853	0.853837	0.622299	0.556286	0.676857	1.270977	-0.550644	2.098177	0.384266	1.254965	0.983303	1.445149	2.354127	0.537089	1.910122	1.479466	1.011926	2.197338	1.002734	1.115909	0.470924	2.329990	1.350933	1.621825	0.096653	-0.338796	-0.281946	0.790685	1.991531	0.809770	2.431135	1.755868	-0.220606	1.732680	1.224271	1.481105	1.524289	2.337979	2.417726	0.775768	0.762484	0.379377	1.853576
0.987354	1.607389	1.539693	0.672293	1.330695	2.169932	1.692996	2.515671	1.125418	0.983395	0.857964	2.521682	1.630718	1.242316	1.140350	0.501150	2.672165	0.810695	1.672692	0.638083	-0.594149	-0.368080	1.106618	1.184022	1.547927	2.475890	0.651755	0.607325	1.411895	0.853000	1.100283	2.384853	1.079504	0.767494	1.900525	1.229795	1.423841	2.047807	2.282414	2.296244	0.483986	2.274317	1.058159	1.443380	1.126056	1.375377	-0.286651	0.242881	0.049669	-0.267472	0.823605	1.383947	0.226441	-0.171413	1.480367	2.091249	1.887955	2.112215	1.198106	1.520500	0.130777	0.326751	-0.100611	-0.540231	1.734076	1.467080	0.735879	1.172631	0.105989	0.011171	0.115087	0.615163	1.326096	-0.963186	1.414263	0.129319	0.400379	0.282898	1.181305	1.841071	1.173010	2.385483	1.684128	0.724989	1.819013	0.358975	1.267654	1.124133	1.561748	1.278248	1.216260	0.383428	-0.494616	-0.047299	0.339478	1.773618	0.963908	2.055606	1.769655	-0.110496	1.366136	1.364980	1.655068	1.643650	1.949871	1.862609	0.691746	0.441913	0.812050	1.475755
0.188650	0.509585	0.322462	-0.094535	0.891336	1.018513	0.418868	0.739722	0.352267	0.330631	0.429396	0.626163	0.368003	0.533468	-0.011124	-0.176533	1.167363	0.658588	0.756591	-0.071988	-0.595315	-0.132424	0.199089	0.053473	0.644939	1.168924	-0.233261	-0.069378	1.405359	0.586263	0.637890	1.380090	-0.004900	0.225154	0.808075	0.256012	1.065599	1.045965	1.512161	1.444903	0.449348	0.843373	0.166345	0.299353	0.214339	0.252390	-0.428110	0.054486	-0.394481	-0.327702	-0.402829	0.344971	-0.076085	-0.275311	0.903392	0.770441	0.898931	1.037531	0.515657	0.679459	0.185855	0.241062	-0.699813	-0.397882	0.735714	0.656122	0.341335	0.981499	-0.307926	-0.104898	-0.323592	0.160583	0.581828	-0.489371	0.467077	0.168570	-0.432136	-0.232811	0.328922	0.475986	0.982483	1.485780	0.829403	-0.070860	0.499992	0.102965	1.033350	1.034600	0.031330	0.656944	0.073426	0.290480	-0.550659	0.194805	-0.320155	0.367267	0.481593	0.438293	0.429200	-0.094400	0.682880	0.749526	0.740811	0.306871	0.476683	0.329965	0.719959	0.361800	0.639549	0.155483
-0.187720	0.145058	-0.555287	-0.409333	-0.137387	0.153161	-0.811709	-0.532563	0.193557	0.588581	0.004266	-0.717991	-0.222500	-0.036741	-0.065754	0.126657	-0.401809	0.094070	-0.516073	-0.285747	0.022103	-0.033418	0.059736	0.024740	-0.232912	0.354705	0.017237	0.433083	0.556010	0.168925	-0.240097	0.148545	-0.749734	0.076223	-1.177651	-0.905673	0.031933	-0.226516	0.118080	0.111314	0.675141	-0.287168	-0.436670	-0.547030	-0.171008	-0.436466	-0.252181	0.125704	-0.198433	0.045833	-1.194533	-0.546721	-0.113266	0.384271	0.409492	-0.041443	0.065282	-0.039205	0.099743	-0.067774	-0.120763	0.180527	-0.886999	-0.190050	0.486364	0.200364	0.171109	0.118288	-0.033246	-0.206095	-0.417848	-0.213623	-0.095606	0.287908	0.246816	0.280812	-0.641545	0.075621	-0.305764	-0.315739	0.072703	-0.103440	-0.247343	-0.777861	-0.724140	0.053738	0.679125	0.360080	-0.661810	0.523573	-0.360279	0.144466	-0.328743	0.396456	-0.499290	-0.923786	-0.282588	-0.859940	-0.461881	0.014063	0.155145	0.071244	-0.708977	-1.175997	-0.704735	-0.469178	1.013879	0.275932	0.265724	-1.133837
0.129521	0.658251	-0.588883	0.044467	-0.489455	0.215840	-0.872932	-0.176929	0.699783	1.238550	-0.112992	-0.954789	0.523076	0.390626	0.653341	0.885772	-0.901812	-0.427444	-0.752937	0.032250	0.898984	0.201093	0.503969	0.787841	-0.402388	0.429342	0.849182	1.074399	-0.764198	0.129974	-0.361314	-0.272922	-0.174851	0.636234	-1.943952	-0.842325	-0.896712	-0.358139	-1.030562	-0.922311	0.513812	-0.739710	-0.196053	0.087139	0.519805	0.130107	0.545812	0.671593	0.322388	0.680917	-0.718626	-0.603536	0.034929	1.156980	0.080825	0.142279	-0.326327	-0.590572	-0.129281	-0.374133	-0.400311	0.364912	-0.213531	0.238449	0.943246	0.186174	-0.310777	-0.764284	0.663120	-0.366734	0.118137	-0.006783	-0.148211	0.418703	0.878068	0.355578	-0.183520	0.886178	-0.058706	0.115708	-1.018637	-1.476523	-0.738856	-0.759325	-1.033007	-0.109734	0.322140	-0.298393	0.071532	1.253647	0.459930	0.427445	0.252660	0.614874	0.210933	-0.842554	-0.554467	-0.603555	0.223019	0.211016	-0.112951	-0.052028	-1.659176	-1.194341	-0.460532	0.056955	1.110617	0.007847	0.203189	-1.294279
0.924453	0.900778	-0.397132	0.683562	0.359028	0.568081	0.068704	1.108105	1.005344	1.122086	-0.223679	-0.775963	1.501236	1.318540	1.110956	0.926374	-0.544671	-0.185082	0.456411	0.813002	1.338419	1.005608	0.825379	1.552913	0.040225	0.590183	0.917127	0.456576	-1.767179	0.429066	0.365386	-0.136527	1.254148	1.393183	-0.820288	0.308130	-1.466078	0.242359	-1.743815	-1.685154	-0.151971	-0.801866	0.830778	1.699190	1.554835	1.276561	1.630301	1.395670	0.637160	1.156236	0.591024	-0.325106	0.201322	1.279906	-0.051947	0.618690	-0.768565	-0.892284	-0.356472	-0.320373	-0.073468	0.756682	0.977752	0.884687	1.113746	0.230978	-1.098422	-0.858412	1.234166	-0.007437	1.140610	0.680956	0.017360	-0.324946	1.552339	0.473611	0.638080	1.366514	0.778520	0.967243	-1.709641	-2.284746	-0.527715	0.030769	-0.335388	-0.219231	-0.048631	-0.487766	1.194802	1.901406	1.625607	0.956685	0.847116	0.817921	1.455452	0.472631	-0.090422	0.612753	1.442165	0.382073	-0.141334	0.238024	-1.595776	0.076129	0.595957	0.709724	0.509121	-0.072477	0.283951	-0.413798
1.557116	0.093647	-0.622703	0.720583	1.328424	0.289216	0.757845	1.688846	0.434848	-0.107988	-0.775430	-0.866861	1.243999	1.527503	0.734473	0.153017	-0.356618	0.641594	1.881240	1.636420	1.086616	1.910045	0.636539	1.725746	0.454918	-0.082448	-0.079157	-1.040072	-1.960233	0.596368	0.617504	-0.320449	2.106444	1.572353	0.827957	1.223004	-1.971454	0.168767	-2.177380	-2.326017	-0.743152	-0.709856	1.743232	2.650471	1.651505	1.598802	2.034247	1.535272	0.530589	0.997635	1.438714	-0.478789	0.131634	0.625185	-0.170678	0.389092	-1.688649	-1.299428	-0.509789	-0.167520	0.764725	1.079974	1.892833	1.364481	0.329224	0.015707	-1.515985	-0.060669	1.249387	1.014219	1.882243	1.168947	-0.272544	-1.159971	1.351795	0.687485	1.316281	1.078277	1.153193	1.000983	-1.696708	-2.642180	-0.105977	0.940319	0.682345	0.050969	-0.358871	-0.380668	1.296107	1.303401	1.838152	0.992261	0.869076	0.782547	2.207283	1.628555	0.495552	1.128539	1.271513	0.521305	0.103925	0.315957	-0.846750	0.903743	0.742009	0.150037	-0.629333	0.383715	-0.023432	0.388339
1.405995	-1.040130	-1.083490	-0.042002	1.218905	-0.582729	0.444243	0.937657	-0.597197	-1.496652	-1.590613	-1.039683	-0.303730	0.589332	-0.057494	-0.297820	-0.796082	0.848038	1.920334	1.748343	0.695395	1.723928	0.230354	1.099155	0.406212	-1.427022	-1.023522	-1.504372	-1.472885	0.423543	-0.604550	-0.916336	1.511272	0.902470	1.354568	1.137780	-2.455079	-0.964977	-2.146897	-2.414926	-0.616346	-0.361724	1.600279	1.987036	0.413931	0.598898	1.114905	0.585756	0.292114	0.210757	1.025609	-1.088351	-0.254711	-0.204551	-0.453587	-0.493872	-2.574019	-1.552174	-0.359403	-0.070441	1.314114	1.044601	1.973043	1.167054	-0.954252	-0.229904	-1.078548	0.953194	0.576016	1.769192	1.538347	0.868894	-0.982721	-1.146300	0.171683	0.906885	1.255151	0.271777	0.454963	-0.019224	-1.045699	-2.656148	-0.007073	1.215976	1.109924	0.532918	-0.413106	-0.479475	0.143787	-0.399763	0.754306	0.272880	0.094955	0.259057	1.664956	1.533935	0.556852	0.365467	-0.565970	0.691188	0.544881	-0.022183	0.019797	0.312013	-0.573938	-1.282541	-1.527087	1.043621	-0.657836	0.513206
0.528735	-1.167843	-1.149373	-0.963849	0.457156	-1.140178	-0.155593	-0.209985	-0.984584	-1.773301	-1.809416	-0.721568	-1.759470	-0.633498	-0.361073	0.355276	-1.219152	-0.298361	0.497116	0.811909	0.884379	0.016687	0.178282	-0.106199	0.170360	-2.265406	-0.914770	0.113571	-0.651125	0.228405	-2.366014	-1.096830	0.023574	-0.164321	0.658946	0.623038	-2.307984	-1.996565	-1.208960	-1.414294	0.308630	0.301022	0.586419	0.358806	-1.128576	-0.778502	-0.595042	-0.997808	0.376303	-0.476730	-0.162174	-1.549349	-0.567447	-0.433484	-0.582415	-0.847763	-2.305368	-1.040485	0.206132	0.025452	0.991384	0.603181	1.225020	0.206914	-1.615663	0.008488	-0.191404	1.499758	-0.585999	1.250019	0.194351	-0.123225	-1.372443	-0.223439	-1.133900	0.872887	0.261665	-0.522292	-0.653895	-1.144046	-0.054388	-2.216062	-0.276601	0.746689	0.694513	0.709758	-0.057273	-0.788806	-1.227125	-1.777147	-0.783696	-0.443114	-1.026042	-0.660890	0.157327	0.536127	0.270426	-0.512928	-2.190544	0.790505	0.881434	-0.257340	0.796557	-0.707120	-1.833195	-1.973650	-1.528947	1.248293	-0.862717	0.580463
-0.274140	-0.046440	-0.646827	-1.132207	0.456878	-0.805523	0.107136	-0.633024	-0.243607	-0.698095	-0.844894	0.080357	-1.853774	-0.985287	0.212784	1.461911	-0.759727	-1.792345	-0.769937	-0.442245	1.561870	-2.005024	0.639906	-1.221902	0.369988	-1.681474	-0.143880	2.516078	0.364757	0.343048	-2.636674	-0.358129	-1.010905	-0.836438	-0.016580	0.588374	-1.013297	-1.680789	0.541564	0.374476	1.442265	0.954354	-0.086511	-0.840512	-1.599081	-1.262297	-1.787109	-2.042134	0.834433	-0.328199	-0.991397	-1.428644	-0.249650	0.134335	0.029341	0.114842	-0.524355	0.289032	1.037333	0.248821	0.119012	0.031818	0.101333	-0.922923	-1.074368	0.715418	0.305188	1.512023	-1.700852	-0.249338	-1.076472	-1.085942	-0.868450	0.733106	-1.551142	0.247114	-1.006085	-0.928648	-0.928525	-1.341625	0.882131	-1.210352	-0.461246	0.161124	0.091573	0.481010	0.682439	-0.639912	-1.713269	-1.659793	-1.627555	-0.186422	-1.699006	-1.352763	-1.085097	-0.187473	0.317173	-0.249886	-1.787086	0.557164	0.870999	0.088078	1.487428	-0.675922	-1.306262	-1.075459	-0.715256	0.877700	-0.206968	1.215660
-0.312932	1.142515	-0.059365	-0.329074	1.424504	-0.058863	1.093256	-0.386165	0.839576	0.675729	0.701902	0.652072	-0.640899	-0.234068	1.049646	1.764495	0.523812	-1.805517	-0.512006	-0.757541	1.787693	-2.523685	1.130059	-1.488005	1.049062	-0.087782	0.195169	3.346344	1.424580	0.615026	-0.762844	0.691829	-0.795018	-0.600502	0.205399	1.020088	0.854416	-0.187419	2.065085	1.785156	1.924355	1.089203	0.302867	-0.899281	-0.770011	-0.596781	-1.625093	-1.729173	1.160061	0.417284	-0.920378	-0.842557	0.642973	0.842997	1.230865	1.497262	1.600110	1.537257	1.702074	0.546517	-0.467567	-0.276022	-0.770580	-1.346773	0.054807	1.102625	0.187723	1.323606	-2.039932	-1.287909	-1.239223	-1.264817	0.254683	0.899033	-0.865718	-0.937516	-1.508218	-0.826054	-0.056781	-0.531628	1.322680	0.099610	-0.182312	0.112153	0.027678	0.337401	1.519809	0.359457	-1.102245	-0.379754	-1.272508	1.016879	-1.385643	-1.076307	-1.183304	-0.110672	0.817646	0.819726	0.226424	-0.075133	0.627950	0.676493	1.824110	0.351356	0.668993	0.489883	0.214574	0.433029	0.691846	1.795838
0.180815	1.133464	0.124179	0.666499	1.834805	0.177199	1.378506	-0.330565	1.112538	1.111831	1.462961	0.394049	0.788379	0.802597	1.169426	0.901898	1.614833	0.050003	0.704021	0.238532	0.885749	-1.009709	1.008929	-0.757595	1.399571	1.153254	-0.140783	1.716047	1.987256	0.617865	1.534689	1.047865	0.269908	0.331643	0.837232	1.088295	1.852710	1.114484	2.133876	1.820004	1.254903	0.471421	0.987325	-0.229739	0.286116	0.368297	-0.405004	-0.357480	0.814954	0.703778	-0.358203	-0.149493	1.236401	0.811670	1.834102	1.515283	2.344941	1.599527	1.620086	0.609506	-0.366096	-0.164712	-0.897155	-0.664199	0.630287	0.471418	0.054426	1.044065	-1.162300	-0.893254	-0.317677	-0.484069	1.086569	0.373460	0.198472	-1.841666	-0.929888	-0.327955	0.880656	0.443380	0.966086	1.048989	0.314799	0.518826	0.393371	0.612408	1.880741	1.465802	0.028325	0.704808	-0.115249	2.058925	-0.175529	0.194049	-0.427856	0.167468	1.040166	1.219121	1.743528	-0.734487	0.421638	0.704531	1.343876	0.978982	1.972511	1.213761	0.590428	0.253092	0.845184	1.195053
0.398112	-0.054277	-0.050359	0.948611	0.515257	-0.321432	0.159937	-0.729043	0.401802	0.467513	0.785846	-0.454804	1.439765	1.185511	0.378384	-0.316157	1.598902	2.018013	1.176528	1.465845	-0.627647	1.192742	0.185811	0.299616	0.718765	1.168944	-0.356961	-0.938007	1.434349	0.182802	2.044712	0.429959	1.141358	1.131792	0.812627	0.346989	1.131745	1.166908	0.591888	0.553749	-0.247353	-0.587913	0.714545	0.363954	0.524004	0.708528	0.941599	1.008312	-0.111555	-0.001594	0.132937	0.427544	0.771332	-0.049895	0.886444	-0.299406	1.191941	0.348058	0.532775	0.200764	0.041228	0.139323	-0.258135	0.627819	0.255941	-0.810532	0.377110	0.424347	0.522666	0.368530	0.752392	0.682434	0.961368	-0.096867	0.767150	-1.369077	0.020193	0.233067	0.720971	0.710958	-0.038766	1.087379	0.398136	0.717448	0.483306	0.935435	1.197884	1.429870	0.971811	0.765736	0.949698	1.912953	1.252334	1.482812	0.282430	-0.073284	0.385260	0.240592	1.461025	-0.921114	0.236154	-0.055637	0.057733	0.437245	1.244086	0.711754	0.305354	0.091036	0.131837	-0.434497
0.060807	-1.168560	-0.207976	0.524119	-1.520729	-0.816987	-1.464214	-0.817498	-0.427627	-0.297045	-0.513696	-1.062369	1.130400	0.741095	-0.444349	-0.955452	0.576670	2.199449	0.337343	1.602942	-1.508042	2.299187	-0.721792	0.969802	-0.557930	0.429897	0.068901	-2.465214	-0.116340	-0.471418	0.604629	-0.612941	1.159971	1.081615	-0.127278	-0.625288	-0.566138	0.253827	-1.345878	-1.030393	-1.565405	-1.333607	-0.483231	0.543887	0.068343	0.332913	1.690058	1.527336	-0.882192	-0.907786	0.553636	0.803360	-0.328980	-0.832322	-0.943773	-2.187218	-0.640347	-1.103553	-0.970348	-0.415490	0.163164	0.275030	0.590958	1.519687	-0.341828	-1.536064	0.746934	-0.616226	1.836647	1.152979	1.171998	1.344845	0.150119	-0.105061	0.643865	0.433174	0.609502	0.509822	-0.269734	0.217401	-1.094514	0.336793	-0.099168	0.400545	-0.008316	0.726972	-0.428144	0.074964	1.320584	0.281798	1.202455	0.677700	2.029016	1.660298	0.536598	-0.625421	-0.668269	-1.138179	0.230065	-0.574238	-0.183434	-0.926138	-1.227482	-0.434514	-0.500093	-0.094090	-0.183271	-0.321167	-0.572016	-1.519801
-0.242505	-1.040642	-0.152440	0.168043	-2.173108	-0.532679	-1.718777	0.037169	-0.646743	-0.318316	-1.123963	-0.918633	0.342216	0.038340	-0.372371	-0.844087	-0.521709	0.763079	-0.605828	0.630141	-1.105760	1.834967	-0.974716	1.239249	-1.247333	0.025321	0.605501	-2.049335	-1.626590	-0.984433	-0.866109	-1.399896	0.496340	0.274377	-1.183785	-0.955015	-1.648614	-0.488393	-2.210196	-1.937036	-1.742564	-1.098689	-1.225994	0.491959	-0.172956	-0.115082	1.638262	1.153913	-0.813710	-0.821864	1.112257	0.876836	-0.781871	-0.628512	-1.887390	-1.982721	-1.497589	-1.478268	-1.695317	-0.602209	-0.103423	0.109743	0.926639	1.375323	-0.272496	-0.941834	0.440587	-1.577706	1.811499	0.865136	0.941695	1.040809	-0.417728	0.051253	0.309258	1.967489	0.904185	0.449699	-0.716060	-0.305903	-1.610451	-0.505666	-0.572508	0.049693	-0.633594	0.007500	-1.957411	-1.267569	1.002311	0.187461	0.604779	-0.626311	1.687346	0.607998	0.600485	-0.676110	-1.041797	-1.449836	-0.264193	-0.151183	-0.809984	-1.112483	-1.555821	-0.409399	-1.181711	-0.257607	-0.314775	-0.668602	-0.518038	-0.964775
-0.000962	0.197329	-0.007998	0.313284	-0.899326	0.362827	-0.392430	1.207386	-0.379547	0.271088	-0.695276	-0.325847	-0.325321	-0.332017	0.449254	-0.388235	-0.912985	-0.540764	-0.503590	-0.365050	0.031563	0.708588	-0.444352	1.374948	-0.846749	0.292609	0.528435	-0.523142	-2.031501	-1.026880	-0.862439	-1.523367	-0.226582	-0.510203	-1.519265	-0.539050	-1.323295	-0.398619	-1.604947	-1.809445	-0.721972	-0.024914	-0.647055	0.358663	0.190332	-0.128882	0.938639	0.397320	0.023372	0.340581	1.488141	0.561314	-0.018921	0.417446	-1.083057	0.271616	-0.906905	-0.614461	-1.019084	-0.092107	-0.370448	-0.157516	0.486757	0.437296	0.433499	0.457970	-0.435181	-1.746160	0.655367	0.097349	0.501414	0.129823	-0.212424	-0.003248	0.209483	1.769220	1.170562	0.278905	-0.002574	-0.253337	-1.405913	-0.845094	-0.440852	0.145350	-0.820916	-0.606479	-2.208200	-1.280735	0.230294	0.596683	-0.253847	-1.119353	0.543388	-0.673405	0.655031	-0.038433	-0.398074	-0.494026	0.340837	-0.043329	-1.151380	-0.543239	-0.809515	0.482686	-0.216492	0.179501	0.065487	-0.426025	0.092879	0.472151
0.391205	1.264168	0.022382	0.529103	0.660277	0.920295	0.871302	1.368140	-0.082321	0.726639	0.014356	0.074391	-0.555100	-0.287996	0.994016	0.080331	-0.631214	-0.724007	0.128525	-0.728936	0.870948	-0.128874	0.297182	1.113819	-0.099006	0.533413	0.030948	0.873632	-1.230403	-0.410046	-0.037968	-0.822497	-0.557044	-0.650663	-1.145671	-0.058082	-0.241549	0.087719	-0.347947	-0.918419	0.577304	0.857512	0.389482	0.016758	0.541307	0.068064	-0.082120	-0.240146	0.868070	1.432216	1.010808	-0.059773	1.009433	1.316304	0.465681	2.201261	0.229989	0.494367	0.308186	0.587227	-0.293845	-0.205685	-0.337105	-0.534753	0.931830	1.452887	-0.871480	-0.953305	-0.460945	-0.281076	0.066664	-0.586596	0.307627	-0.136581	0.255880	0.351377	1.000797	0.153581	0.823048	0.142729	-0.681891	-0.656942	0.035176	0.316099	-0.505132	-0.630052	-1.027109	-0.237118	-0.546272	0.758231	-0.750522	-0.761962	-0.554257	-1.147959	0.386627	0.462293	0.460590	0.541240	0.840169	-0.086390	-0.771300	0.215691	0.157714	1.057105	0.916948	0.514139	0.603768	0.335436	0.572149	1.158070
0.220957	1.151941	-0.096357	0.259542	0.833859	0.546920	0.656948	0.142692	0.117784	0.638300	0.255879	0.048060	-0.402990	-0.120714	0.611281	0.476292	-0.244598	-0.414384	0.051511	-0.808144	0.934926	-0.519249	0.614977	0.053496	0.057045	0.102698	-0.118772	1.537799	-0.046629	0.644537	0.065980	0.461807	-0.481178	-0.254553	-0.661878	-0.049281	0.476900	0.186627	0.528647	0.164503	1.150425	0.669819	0.499303	-0.567088	0.198429	-0.044633	-0.985627	-0.554983	1.050419	1.460534	-0.346608	-0.694996	1.036695	1.362032	1.197513	1.867426	0.827376	0.874411	0.974413	0.710794	0.061932	0.073113	-0.929026	-0.992739	0.647447	1.384323	-0.223511	0.196540	-0.656340	-0.073868	-0.405956	-0.650876	0.383517	-0.002073	0.114651	-0.505448	-0.093919	0.017446	0.491489	0.238347	0.184977	-0.298924	0.156648	-0.121301	-0.046052	-0.191370	0.560599	0.517437	-0.892256	0.181426	-0.741367	-0.131517	-0.963683	-0.718930	-0.409403	0.084900	0.637297	0.615218	0.255262	0.115197	0.128083	0.642170	0.472729	0.547066	0.725636	0.344825	0.836729	0.940133	0.609345	0.517738
-0.395980	0.223190	-0.198420	-0.317631	-0.101717	-0.273331	-0.482741	-1.293313	0.271659	0.225253	0.092428	-0.126673	-0.143156	-0.047719	-0.228634	0.673155	-0.108282	-0.395721	-0.721474	-0.943061	0.528008	-0.670884	0.425284	-1.240496	-0.316136	-0.647706	0.209378	1.475723	0.654267	1.394692	-0.626304	1.487421	-0.245035	0.139557	-0.388511	-0.308754	0.500211	-0.149541	0.686477	0.854723	0.839256	-0.229721	-0.277644	-1.008797	-0.516184	-0.414506	-1.340289	-0.570602	0.626562	0.671486	-1.567771	-0.984091	0.149669	0.748643	0.778722	0.044242	0.666851	0.514214	0.636633	0.250261	0.344238	0.391742	-0.973629	-0.894711	-0.053078	0.625269	0.807567	0.871110	-0.188295	0.229598	-0.786678	-0.303329	-0.002785	0.327404	-0.207863	-0.208717	-1.426898	-0.153331	-0.633565	-0.065079	0.756768	-0.053962	-0.156437	-0.932274	0.220969	0.198849	1.371689	0.385208	-0.733569	-0.631989	-0.474757	0.237763	-0.732478	-0.070547	-1.179322	-0.730522	0.177557	-0.016018	-0.818149	0.488041	0.797767	0.629265	0.147470	-0.453137	-0.388326	-0.073179	0.650742	0.888399	0.377061	-0.524228
-0.604547	-0.364575	-0.088672	-0.540516	-0.606957	-0.583001	-0.875324	-1.471114	0.264629	-0.123658	0.047373	-0.126866	-0.005603	-0.039718	-0.586440	0.448726	-0.108691	-0.482798	-0.946625	-0.816787	0.163654	-0.597088	0.098721	-1.493209	-0.406754	-0.830144	0.345454	0.864050	0.610865	1.106233	-0.724078	1.334829	-0.050690	0.195734	-0.115211	-0.283627	0.329791	-0.271168	0.441372	0.819792	0.234238	-0.672971	-0.625414	-0.823878	-0.620953	-0.420142	-0.950718	-0.373911	0.149467	0.040976	-1.514847	-0.722809	-0.428291	0.096890	0.094123	-0.938803	0.248696	0.060343	0.091085	-0.186085	0.273864	0.314905	-0.557042	-0.464503	-0.382317	-0.072584	0.909610	0.679199	0.070270	0.109270	-0.739826	-0.068804	-0.198475	0.399311	-0.355796	0.073400	-1.537530	-0.214694	-0.993044	-0.239002	0.714344	0.044595	-0.276955	-1.071023	0.215313	0.177620	1.009444	0.014711	-0.350681	-0.788299	-0.183730	0.220521	-0.332681	0.186547	-1.056923	-0.865811	-0.204018	-0.370109	-1.026909	0.509289	0.625719	0.329901	-0.155237	-0.791250	-0.829971	-0.292228	0.284862	0.287352	0.083423	-0.814810
-0.078770	-0.181842	0.236362	-0.208388	-0.077330	-0.139894	0.007317	-0.270097	0.028344	-0.296896	0.318425	0.077275	-0.011550	-0.010558	-0.226738	-0.174843	-0.061040	-0.295179	-0.105441	-0.203355	0.009170	-0.282934	-0.112526	-0.415344	0.110263	-0.228856	-0.061493	-0.071481	0.097193	-0.145045	0.372519	0.029276	0.069809	-0.017113	0.348029	0.171500	0.353241	0.121912	0.135995	0.209202	-0.227360	-0.239413	0.036441	-0.028322	0.161732	0.171280	-0.026819	-0.060402	-0.085691	-0.029257	-0.195123	-0.040586	-0.144024	-0.318637	-0.236509	-0.278420	-0.056268	-0.132188	-0.078194	-0.266523	-0.109224	-0.215845	0.077104	0.094256	-0.126095	-0.434292	-0.182834	-0.136692	-0.207368	-0.454999	-0.224340	-0.123909	0.094015	0.055800	-0.183017	-0.467971	-0.126902	-0.097565	-0.051974	-0.004089	0.148441	0.076626	0.108608	-0.199031	0.043691	-0.199756	-0.111162	-0.016610	0.016697	-0.131697	0.078812	-0.017327	-0.044369	0.026677	0.034967	-0.026630	-0.173688	-0.089263	-0.065070	0.004687	-0.285642	-0.087930	-0.098764	-0.204810	-0.057043	-0.214523	-0.053509	-0.512082	-0.216997	-0.220846
