X1	X2	X3	X4	X5	X6	X7	X8	X9	X10	X11	X12	X13	X14	X15	X16	X17	X18	X19	X20	X21	X22	X23	X24	X25	X26	X27	X28	X29	X30	X31	X32	X33	X34	X35	X36	X37	X38	X39	X40	X41	X42	X43	X44	X45	X46	X47	X48	X49	X50	X51	X52	X53	X54	X55	X56	X57	X58	X59	X60	X61	X62	X63	X64	X65	X66	X67	X68	X69	X70	X71	X72	X73	X74	X75	X76	X77	X78	X79	X80	X81	X82	X83	X84	X85	X86	X87	X88	X89	X90	X91	X92	X93	X94	X95	X96	X97	X98	X99	X100	X101	X102	X103	X104	X105	X106	X107	X108	X109	X110
-0.035880	0.054723	0.009388	-0.102536	0.092297	0.225172	0.151709	0.153178	0.064815	0.011084	0.255446	0.253626	0.341166	0.237539	0.187855	0.037839	-0.130112	-0.014203	0.052294	0.179441	-0.236730	0.017211	-0.188990	-0.050367	0.105290	0.108254	-0.021460	0.231028	0.065948	-0.199339	0.011543	0.217968	0.347785	0.147149	0.359084	0.317289	0.320229	0.096113	0.085092	0.226215	0.051956	0.076406	-0.142501	-0.001441	0.156427	0.245508	0.170837	0.267840	-0.095679	-0.051183	0.211988	0.131657	-0.049331	-0.323780	-0.207406	-0.045981	0.089657	0.063115	0.034183	0.197132	0.137536	0.243950	0.298634	0.330091	-0.026930	-0.179685	-0.385619	0.119149	-0.189044	-0.151697	0.073954	0.185919	-0.008908	-0.206527	-0.060056	-0.074267	0.082046	0.130934	0.296882	0.149128	-0.220392	-0.182095	-0.032737	0.096143	0.135538	0.139925	-0.001563	0.415215	-0.060734	-0.097853	0.099300	0.145077	0.385208	0.388226	0.230960	0.231284	-0.070909	0.002740	0.096358	-0.003252	-0.250654	-0.383075	-0.173448	-0.134302	-0.051358	0.116194	0.132034	-0.290266	-0.389393	-0.102912
-0.000237	-1.575261	-1.718966	-1.761773	0.358869	-1.338281	0.828801	-0.765467	0.347973	0.228538	1.168479	-0.135690	-0.933110	-0.589073	-0.390996	-0.362231	-0.609840	-1.064256	-0.478244	-0.913062	1.173982	0.579161	0.770987	-0.560187	1.149276	0.355330	1.378500	-1.539023	0.312403	-0.531162	2.053569	0.163522	-0.390720	-0.530473	-0.225174	-0.659004	0.352398	1.076244	0.182614	-0.743427	1.532747	-0.444638	1.008315	-0.934741	-0.928473	-0.035623	-0.675245	-0.663621	0.267968	0.605591	-0.783254	-0.919379	0.532336	-0.821316	-0.058904	-1.802264	-0.425612	-1.342803	0.948942	-0.146539	0.681139	-0.789660	-0.400531	-0.271739	-0.047455	-2.028364	-0.384927	0.731545	-0.150601	-0.054792	-0.729070	-0.506658	1.549487	1.313048	0.230082	2.042327	0.193664	0.298749	-0.461280	0.415990	-0.226046	-1.455308	-0.639902	-0.599186	-0.677061	-0.180597	-0.673759	-0.999772	-0.889473	0.031625	-0.761571	-0.096938	-0.495158	-0.369476	-0.856515	-0.244539	-1.103503	0.305626	0.317591	-1.413103	-0.224283	0.329007	-1.479960	-0.586650	-0.862381	0.524928	-2.157482	-0.776325	-0.985686	-1.423537
-0.216908	-1.926507	-2.069313	-2.159563	0.025869	-2.182621	0.660177	-1.315998	0.141091	-0.203245	0.681283	-0.383203	-1.503491	-1.118378	-0.376242	-0.440194	-0.543613	-1.364853	-0.542550	-1.567039	1.870870	0.116381	1.065180	-0.816796	1.188657	0.080445	1.621278	-2.492395	0.542463	-1.280548	2.445288	-0.418516	-0.912519	-0.769397	-0.765800	-1.683059	0.127999	1.204809	0.006190	-1.223281	1.642757	-0.662106	1.697638	-1.265743	-1.302739	-0.256858	-1.106351	-1.045216	0.493740	1.056434	-1.422701	-1.466130	0.251952	-1.029205	-0.128819	-2.324897	-0.789874	-1.744134	1.153357	-0.382496	0.865483	-1.050996	-0.375299	-0.458270	-0.136075	-2.111264	0.536991	1.007033	-0.072467	0.213257	-1.025788	-0.697884	1.975455	1.153086	-0.011410	2.464659	0.618420	0.530218	-0.724617	0.650741	0.227390	-1.615270	-1.230993	-0.813767	-1.549596	-1.022834	-0.900925	-1.707095	-0.986218	-0.434581	-1.190028	-0.585912	-0.805364	-0.693765	-1.284895	-0.530942	-0.665078	0.000448	0.434116	-1.424095	-0.260100	0.652571	-1.762222	-0.394177	-1.329509	0.412006	-2.450930	-1.233342	-0.906266	-1.731206
-0.572471	-1.239844	-1.081416	-1.238050	-0.507773	-2.060491	-0.227666	-1.363076	-0.240805	-1.029710	-0.731453	-0.519823	-1.101276	-1.083716	0.157669	-0.166409	0.104479	-0.875762	-0.172279	-1.573902	1.618796	-1.083267	0.712622	-0.880279	0.241781	-0.658505	0.742504	-2.310466	0.568527	-1.970471	1.192012	-1.319369	-1.085494	-0.491071	-1.066292	-2.237027	-0.306253	0.570160	-0.383487	-1.183287	0.387150	-0.738347	1.543401	-0.936249	-0.770939	-0.141487	-0.974000	-0.810822	0.432457	0.987337	-1.348856	-1.176140	-0.495447	-0.653968	-0.297431	-1.581925	-0.842367	-1.109545	0.501103	-0.628653	0.431499	-0.641793	0.147018	-0.217902	-0.157114	-0.589634	1.736452	0.826726	-0.005935	0.444357	-0.726259	-0.379499	0.888430	-0.433671	-0.311788	1.279588	1.199373	0.918816	-0.412573	0.783754	1.035784	-0.578891	-1.446913	-0.466360	-2.094658	-1.882681	-0.804127	-1.583699	-0.407587	-1.176683	-1.017357	-0.967129	-0.489265	-0.491550	-0.890911	-0.558260	0.859423	-0.500550	0.486398	-0.216533	-0.085993	0.808539	-0.851639	0.272659	-1.167058	-0.093460	-0.887248	-1.221552	0.040546	-0.818433
-0.703471	-0.683050	0.135618	0.078795	-0.445687	-1.231513	-0.945309	-1.028290	-0.182652	-1.386495	-1.423977	-0.601477	-0.009172	-0.397804	0.504561	0.212687	0.826513	-0.121200	0.209010	-1.029750	0.671724	-1.719780	0.249783	-0.867071	-0.777191	-1.222346	-0.341737	-1.410101	0.218473	-1.710630	-0.213088	-1.684130	-0.796199	0.079457	-0.844635	-1.634450	-0.593583	-0.008014	-0.655613	-0.829169	-1.018398	-0.905623	0.536353	-0.385503	0.227909	0.461964	-0.496904	-0.340193	0.122884	0.316752	-0.451534	-0.131686	-0.714226	0.188846	-0.262079	-0.528987	-0.490886	-0.156125	-0.448682	-0.885629	-0.425558	-0.261075	0.339159	0.071918	-0.019184	0.839307	1.873996	0.275331	0.046837	0.318628	-0.144086	0.039478	-0.919214	-1.734298	0.160718	-0.024847	1.449523	1.378424	0.082461	0.697515	1.571903	0.705771	-0.882342	0.130208	-1.742788	-1.691103	-0.769120	-0.995662	0.208991	-1.272168	-0.408552	-0.717276	-0.012209	-0.057959	-0.140528	-0.434800	1.769990	-0.364002	0.536491	0.758857	0.481523	1.145267	0.449899	0.682638	-0.441261	-0.419612	0.681070	-0.368739	1.231039	0.533002
-0.483687	-0.642506	0.751222	0.981629	0.118001	-0.208973	-0.937501	-0.534099	0.218721	-0.877407	-0.824334	-0.591171	1.060072	0.586288	0.110879	0.440586	1.057456	0.459015	0.296660	-0.250289	-0.499667	-1.031585	0.013631	-0.623497	-1.100412	-1.074732	-0.976594	-0.542585	-0.333611	-0.393268	-0.555081	-0.993761	-0.037640	0.666970	-0.096474	0.001786	-0.497833	-0.075558	-0.621330	-0.275591	-1.548494	-0.951064	-0.748012	-0.030108	0.941285	1.094770	-0.057002	-0.010403	-0.113661	-0.430615	0.715716	0.998054	-0.271015	0.811750	-0.003875	0.082538	0.082704	0.499455	-0.878863	-0.732957	-0.995755	-0.233664	-0.108072	0.046352	0.087100	0.989556	0.869142	-0.474802	0.252838	-0.047962	0.335494	0.196725	-1.971803	-1.564963	1.220676	-0.415463	1.062979	1.459125	0.269636	0.316701	1.267300	1.166778	0.242995	0.559188	-0.528187	-0.273041	-0.751004	-0.334674	0.446797	-0.397301	0.241708	-0.010980	0.150806	0.213979	0.312543	-0.324729	1.206907	0.338329	0.397571	0.568247	0.994213	1.349372	1.143079	0.500134	0.298236	-0.366938	0.902940	0.883662	1.609009	1.215015
-0.223255	-0.388875	0.718844	1.276329	0.231571	0.461542	-0.563100	-0.060528	0.262072	-0.056843	-0.093898	-0.547211	1.275609	1.092340	-0.747735	0.425565	0.678975	0.739943	0.128914	0.361803	-1.417691	0.300471	-0.174311	-0.011281	-0.806124	-0.429069	-1.148100	-0.055646	-0.619721	1.046851	-0.180853	0.159012	0.774045	0.994395	0.597635	1.491608	-0.322599	-0.119215	-0.448657	0.268455	-1.289284	-0.550505	-1.475523	0.071159	0.843678	0.966918	0.129613	0.094052	-0.022683	-0.465027	1.061019	1.264776	0.046777	0.653417	0.100161	0.304555	0.378390	0.648374	-0.437551	0.157720	-0.729799	-0.188926	-0.655390	-0.303709	-0.020082	0.297978	0.011417	-1.222600	0.694852	-0.159517	0.499492	0.060710	-1.417916	-0.227556	1.629800	-0.262363	0.174979	0.654483	0.011721	-0.262700	0.181976	0.513898	0.989035	0.546395	0.610544	1.135126	-0.327002	0.150061	0.415726	0.619382	0.514385	0.331167	-0.027071	0.168871	0.241811	-0.250598	0.106743	0.630453	-0.261148	-0.181138	0.711196	0.762610	0.979689	0.199228	0.488289	-0.388901	0.146413	1.450142	0.750886	0.807544
-0.228583	0.575870	0.302715	1.066590	-0.523029	0.448224	-0.464896	0.292750	-0.252256	0.248894	-0.380621	-0.671643	0.311791	0.576282	-1.241072	0.198985	0.031939	0.649514	-0.151909	0.470199	-1.740223	0.950580	-0.597999	0.628333	-0.488694	0.001672	-0.979437	0.239306	-0.349326	1.608309	-0.303853	0.607832	0.875295	0.768852	0.387918	1.604540	-0.619866	-0.816232	-0.339055	0.369899	-0.934865	0.100809	-1.276338	0.028108	0.033120	-0.081285	0.084915	0.045898	0.150527	0.348512	0.049741	0.329294	-0.233655	0.061580	-0.216638	0.485051	0.034632	0.318088	0.408225	1.258698	0.037189	0.240524	-0.737350	-0.705547	-0.126709	-0.067673	0.157157	-1.808890	1.039254	0.148682	0.319987	-0.171489	0.059788	1.186278	0.566610	-0.483117	-0.800043	-0.926328	-0.417340	-0.799161	-0.903380	-0.519275	0.610060	0.137102	0.650766	1.182372	0.489821	0.253378	0.387821	0.718554	0.261674	-0.121108	-0.251392	-0.081215	-0.080501	-0.120707	-0.124855	0.035359	-1.316341	-0.336824	-0.443289	-0.479325	0.621385	0.440724	0.200943	-0.861295	-0.400297	0.693843	-0.524116	0.017593
-0.313724	1.585001	-0.208003	0.508860	-1.270583	-0.053977	-0.648818	0.506283	-0.607019	-0.056766	-1.189804	-0.929309	-1.128463	-0.537275	-0.910830	-0.139499	-0.466610	0.134412	-0.477042	0.044027	-1.379261	0.403860	-1.105886	0.737885	-0.494183	-0.105751	-0.488533	0.471432	0.281032	1.198916	-1.300687	-0.066870	-0.067719	-0.053469	-0.944173	0.281551	-1.389250	-1.911492	-0.126308	-0.127948	-0.765812	0.458192	-0.585455	-0.173323	-0.880744	-1.213465	-0.142904	-0.169694	-0.156286	1.116589	-1.352321	-0.932844	-0.681298	-0.039718	-0.617069	0.661578	-0.615639	-0.225047	0.775701	1.447260	0.328513	0.720351	-0.526315	-0.970671	0.154043	0.373834	0.660117	-2.178275	0.784602	0.351242	-0.109839	-0.346883	0.833444	1.758190	-1.297714	-1.264118	-1.478526	-2.349733	-0.705263	-1.108914	-1.009390	-0.737048	-0.441480	-0.213543	-0.341291	-0.009908	0.941498	-0.110270	0.483335	-0.053089	-0.200540	-0.785219	-0.403986	-0.414028	-0.376968	0.021326	0.652832	-0.667770	-1.926762	0.201683	-1.553757	-1.201142	0.837712	1.192801	0.083122	-1.368574	-0.203143	-0.769587	-0.887331	0.004877
-0.035015	1.607695	-0.393589	-0.070439	-0.859758	-0.388702	-0.514246	0.627500	-0.130177	-0.222239	-1.113158	-0.850856	-1.710071	-1.102986	-0.142818	-0.414242	-0.618923	-0.500808	-0.690906	-0.466410	-0.510112	-0.627834	-1.144904	0.302008	-0.632230	-0.327885	0.054187	0.429754	0.832514	0.583042	-2.185597	-1.047431	-1.324280	-0.968840	-2.430677	-1.270949	-1.873740	-2.284365	0.520073	-0.658447	-0.478599	0.386250	-0.128241	-0.541492	-1.307697	-1.478060	-0.583652	-0.622317	-1.050373	0.810000	-1.454438	-1.151529	-0.711074	0.635353	-0.479530	0.663424	-0.765875	-0.473137	0.203192	0.289639	-0.400628	0.527296	-0.616812	-1.177248	0.775352	1.120178	0.440803	-2.275252	-0.045364	-0.121122	-0.603726	-0.500224	0.018273	1.154383	-2.433313	-1.911293	-1.679613	-2.602710	-0.823996	-1.188115	0.154728	0.421176	-0.826534	0.037438	-1.166597	-1.010117	0.373190	-0.683135	0.712191	-0.554760	-0.340885	-0.766295	-0.690142	-0.840628	-0.675587	-0.054532	1.321898	-0.473003	-1.285254	0.500449	-1.596897	-0.477177	1.600083	1.647790	0.525348	-1.128511	0.342551	-1.561579	0.085331	1.068481
0.629125	0.602077	0.069224	-0.242681	0.629203	-0.135003	0.265454	0.682708	0.820466	0.405524	0.174274	-0.071974	-0.708810	-0.455763	0.345399	-0.462036	-0.442270	-0.636996	-0.501699	-0.405070	0.532877	-1.120261	-0.361052	-0.071683	-0.509051	-0.127142	0.109318	0.096141	1.087072	0.515292	-1.822564	-1.191992	-1.609089	-1.181963	-2.589802	-1.686098	-1.404661	-1.255499	1.447167	-0.439318	0.129262	0.331135	-0.112133	-0.761336	-1.060161	-0.829944	-1.145324	-1.185762	-1.782199	-0.448235	0.213461	-0.004741	-0.358679	1.234619	0.245342	0.490722	-0.081727	-0.120879	-0.868754	-1.238057	-1.588270	-0.468165	-1.121942	-1.422873	1.191537	1.403084	-0.409547	-1.922308	-0.729248	-1.011169	-0.914198	-0.717861	-1.473536	-0.187823	-1.941235	-1.705168	-1.388079	-1.579659	-0.915948	-1.077211	1.699080	2.132543	0.145056	0.867539	-0.817167	-0.776736	-0.795157	-0.948123	1.013301	-0.010422	0.023927	0.020969	-1.210409	-1.318460	-1.041093	-0.423942	1.011940	0.448754	0.355486	0.109131	-0.538247	1.133396	2.071137	1.088849	1.074205	-0.060851	0.691410	-0.900503	1.417013	2.058413
1.149083	-0.409908	0.931327	0.121799	1.838367	0.290657	1.218902	0.581164	1.266720	1.501276	1.415013	1.021220	1.171662	0.820825	0.351371	-0.310683	-0.052761	-0.071004	0.139020	0.379960	1.406796	-0.802221	0.927561	0.015714	0.014425	0.407709	-0.400644	-0.004696	1.163791	0.972621	-0.246409	-0.288208	-0.408407	-0.378367	-0.949532	-0.634503	-0.293889	0.496956	1.867849	0.518860	0.743936	0.610505	-0.091783	-0.355478	-0.312479	0.016788	-1.443173	-1.455835	-1.447380	-1.362855	2.197814	1.289213	-0.013905	0.793220	0.829207	0.296372	0.829460	0.489157	-1.469005	-1.690426	-2.097250	-1.430546	-1.425341	-1.506851	1.043150	0.878512	-0.710904	-1.019934	-0.566665	-1.392530	-0.827226	-0.878914	-1.875562	-1.177570	-0.239545	-0.566621	-0.667300	-0.138959	-0.954668	-0.671378	2.224372	2.828777	1.638473	1.590680	0.377310	0.281707	-1.330774	-0.608687	1.197907	0.999520	0.528167	0.805072	-1.599328	-1.571157	-1.233590	-0.724869	0.114622	0.898597	1.746081	-0.239655	0.757762	2.160000	1.546765	-0.228154	0.902617	0.967162	0.653888	0.642928	1.801840	1.511582
1.066999	-0.576368	1.468004	0.654654	1.629009	0.042925	1.583862	0.202804	0.845308	2.087149	1.392900	1.572425	2.376275	1.499568	0.330695	-0.227760	0.362659	0.503713	0.743370	1.179961	1.922238	-0.282336	1.942773	0.217726	0.673589	0.674799	-0.720684	0.513086	1.236081	1.180649	1.428014	0.689112	1.325403	0.802674	1.187081	0.923868	0.419269	1.599769	1.165883	1.233843	0.950092	0.872114	0.383230	0.710412	0.562664	0.532531	-1.066460	-1.064627	-0.141674	-1.001096	2.659947	1.283840	0.215769	-0.492318	0.602398	0.104229	1.090556	0.639399	-1.012061	-0.740786	-1.374236	-1.367282	-0.948219	-1.087161	0.626309	-0.213088	0.140182	0.116147	0.345839	-0.789049	-0.316541	-0.672092	-0.660022	-0.984398	1.466145	0.995715	0.295801	0.836681	-0.690510	0.185318	1.247790	1.873169	2.292683	1.668738	1.172099	1.031107	-0.536509	0.058422	1.070207	1.347333	0.697251	0.972679	-1.365527	-1.324618	-0.890151	-0.443600	-0.365380	0.154807	1.866296	0.172919	1.619289	1.931183	0.304022	-1.271352	-0.159701	1.088540	0.215326	1.775332	1.015480	-0.456780
0.511661	-0.145034	1.175143	0.781753	0.314340	-1.055138	1.191821	-0.353153	0.159000	1.690625	0.439691	1.263537	1.924622	0.953629	0.665332	-0.535341	0.533353	0.173771	0.683673	1.087582	2.106776	-0.281765	2.113859	0.013410	1.034956	0.333131	-0.123891	1.142599	1.267812	0.441888	2.148903	0.615777	2.002582	1.241310	1.906610	1.614758	0.168181	1.436760	-0.197179	0.804645	0.807481	0.576427	1.213590	1.818905	1.105801	0.768038	-0.114893	-0.143111	0.923669	-0.060256	1.306871	-0.121196	0.457615	-1.461940	-0.248611	-0.224686	0.508377	-0.002234	0.112034	0.507355	0.027927	-0.212376	0.045292	-0.215176	0.404303	-1.288156	1.173656	0.908516	1.172296	0.183006	0.344309	-0.007272	0.797719	-0.051557	2.109674	2.236569	1.114624	1.198504	0.000381	1.346326	-0.232001	0.322277	1.785861	1.320275	0.838485	0.897892	0.872649	0.447052	0.633077	0.787048	0.426111	0.697125	-0.584360	-0.734837	-0.031613	0.455384	-0.185534	-1.120608	0.914455	0.801850	2.070916	1.129807	-0.675078	-1.425519	-1.307818	0.373993	-0.547503	1.678108	-0.023800	-1.934167
-0.000351	0.009973	0.222463	0.201195	-0.778721	-2.084117	0.641718	-0.697723	-0.139949	0.833142	-0.139830	0.710694	0.274816	-0.322839	1.046917	-1.291811	0.235910	-1.021993	-0.059133	0.081635	2.048835	-0.855775	1.499134	-0.494573	0.894412	-0.259894	1.043033	1.054416	1.051217	-1.008356	1.748220	-0.447456	0.993580	0.415768	0.781603	0.929801	-0.425443	0.672545	-0.949756	-0.470240	0.756340	-0.137356	1.930945	2.293412	1.034243	0.914948	0.707575	0.643710	0.746718	-0.079918	-0.485215	-1.647408	0.614290	-1.400536	-0.932344	-0.732949	-0.323549	-1.009137	0.909523	0.842128	1.093966	1.089419	0.699034	0.531872	0.285287	-1.832441	0.975757	1.156615	1.114788	0.558651	0.712271	0.701414	1.022742	0.291114	1.412361	2.533414	1.381955	1.314684	0.824327	2.234504	-0.874603	-0.343375	0.930656	0.995675	-0.108364	0.156477	1.494048	0.258903	0.048425	0.061269	-0.049396	0.450144	0.047911	-0.339528	0.819881	1.352288	-0.150956	-1.683704	-0.025619	0.521228	2.195029	0.583144	-0.811236	-1.219202	-1.623497	-0.350907	-1.171199	0.542392	-0.489065	-1.400863
-0.113626	-0.450172	-0.769454	-0.833766	-0.796946	-1.937420	0.566202	-0.489062	-0.118640	0.255182	0.188401	0.622668	-1.174487	-1.292280	0.877050	-2.078887	-0.418173	-1.980660	-0.737707	-0.827582	1.683181	-1.388016	0.611247	-0.768508	0.467369	-0.496850	1.679072	0.323635	0.441535	-2.107178	0.813990	-1.168601	-0.689840	-0.983876	-0.588515	-0.287047	-0.291368	0.328821	-0.405699	-1.322912	0.976067	-0.503068	2.219627	2.074046	0.553445	0.953398	0.784880	0.721344	-0.227418	-1.390257	-1.248085	-2.001354	0.422785	-0.771050	-0.936302	-1.208912	-0.744194	-1.597758	0.816933	0.264990	1.394215	1.598851	0.626118	0.685781	-0.172898	-1.734598	-0.418641	1.262973	0.124528	0.222438	0.584273	0.921237	0.347484	-0.539150	0.071570	1.823226	1.057568	1.452075	1.287619	2.303933	-0.509185	0.030868	0.416081	0.619578	-0.617603	-0.667258	0.817820	-0.160220	-0.532543	-0.227002	-0.427903	0.318698	0.040446	-0.417520	1.157139	1.586161	-0.919120	-1.155285	-0.159940	-0.703926	1.681690	0.198632	-0.500784	-1.528201	-1.106657	-0.461935	-0.966879	-0.780786	-0.473747	0.292428
0.077106	-0.986847	-1.265483	-1.619845	-0.137544	-0.601206	0.881938	0.114299	-0.157747	0.019820	0.661110	0.824985	-1.411175	-1.310937	0.168552	-2.210817	-0.871955	-1.766490	-0.580799	-0.719100	0.853695	-1.300081	-0.065771	-0.673382	0.149582	-0.296102	1.245565	-0.148042	-0.441866	-2.049331	0.079297	-0.506440	-1.434552	-1.633422	-0.486092	-0.745531	0.692579	0.621135	0.642869	-0.969778	1.060686	-0.155813	2.062040	1.634324	0.218929	0.878323	0.332255	0.263016	-0.620003	-2.489149	-0.808273	-1.059918	-0.048306	-0.407340	-0.460496	-1.364705	-0.664110	-1.379236	0.296505	-0.203883	1.347949	1.317940	0.381322	0.500803	-0.915707	-1.293034	-1.404323	1.588566	-1.048152	-0.028962	0.280493	0.670376	0.222133	-1.619662	-0.710578	0.770091	0.581846	1.625966	1.216105	1.670593	-0.124169	0.302218	0.088317	-0.121758	-0.300757	-1.225426	-0.213109	-0.211648	-0.963787	-0.254587	-0.472312	0.105572	-0.231211	-0.564545	1.032371	1.177282	-1.958566	-0.340175	0.305407	-1.654472	0.492502	-0.483014	-0.466111	-2.280110	-0.589252	-0.107361	0.074952	-1.441779	-0.474569	0.949583
0.160861	-1.013241	-1.171575	-1.525972	0.241677	0.716588	0.909385	0.455898	-0.219238	-0.322985	0.447111	0.546484	-0.649994	-0.571467	-0.369418	-1.377868	-0.545403	-0.662500	0.346541	0.171594	-0.357920	-0.642987	-0.390003	-0.641031	0.083084	-0.181448	0.297333	-0.020691	-1.211587	-1.118747	-0.047930	0.856036	-0.711961	-0.873938	0.857698	-0.070158	1.443921	0.919911	0.785624	-0.044417	0.493451	0.283389	1.520582	1.352950	0.372145	0.923374	0.165961	0.017140	0.144836	-1.895153	-0.137604	0.196743	-0.360585	-0.420389	-0.060765	-1.138784	-0.485366	-0.710434	0.246771	0.167806	1.480502	1.005992	0.653872	0.612888	-1.290768	-0.905736	-0.751882	1.815596	-1.469928	0.378956	0.340999	0.521403	0.939673	-1.751362	-0.285648	0.160506	0.462015	1.821345	0.919829	1.055044	-0.464467	-0.317556	-0.421597	-0.986085	0.255669	-1.315666	-0.380152	0.235730	-1.059384	-0.421003	-0.115745	-0.167953	-0.008502	-0.170122	0.931568	0.744727	-2.148702	-0.133090	0.557011	-1.486943	-0.514771	-1.228619	-0.801124	-2.503811	-0.637207	0.115328	0.885095	-1.106689	-0.550935	-0.125272
-0.203946	-0.692755	-0.793491	-0.592175	-0.039078	0.862796	0.172402	-0.011295	-0.045480	-0.967403	-0.266666	-0.396013	0.085035	0.195947	-0.267650	-0.082058	0.464028	0.261187	1.153632	0.755308	-1.499754	0.066604	-0.531998	-0.929041	0.022342	-0.518664	-0.355792	-0.022808	-1.488825	-0.276098	0.315190	1.258320	0.438145	0.593189	1.714092	0.957188	1.036062	0.695272	-0.311877	0.239229	-0.626085	-0.021582	0.668839	1.177060	0.835961	1.249178	0.676821	0.419426	1.107201	-0.155878	-0.099485	0.735836	-0.272559	-0.301550	-0.044951	-0.742283	-0.494920	-0.254977	0.869558	1.033805	1.698499	1.188402	1.274759	1.138000	-0.973748	-0.722967	0.844305	1.324652	-0.805163	1.041100	0.873978	0.836062	1.150594	-0.989436	0.721454	0.049339	0.756541	1.991967	0.781132	0.957232	-1.143672	-1.248300	-0.941415	-1.315537	0.318545	-0.866546	0.353603	0.655354	-0.754303	-0.665381	0.374251	-0.244457	0.799992	0.747291	1.123159	0.696713	-1.215701	-0.428982	0.129020	-0.796652	-0.386285	-1.323715	-0.948183	-1.653596	-0.853581	-0.134008	0.405535	-0.140157	-0.422472	-1.292442
-0.942038	-0.610194	-0.471702	0.427052	-0.560825	0.005435	-1.097567	-1.088456	0.098279	-1.665275	-0.807380	-1.250405	0.063148	0.403182	0.037295	0.798109	1.261014	0.413674	1.039893	0.355115	-2.095948	0.434892	-0.736642	-1.141194	-0.351412	-0.963590	-0.585778	-0.724087	-1.279842	-0.083132	0.543995	0.222942	0.625982	1.407634	1.121746	1.416638	-0.071600	0.119335	-1.483092	-0.346787	-1.552926	-0.987215	-0.293483	0.801190	1.152984	1.501594	1.316509	1.069982	1.002780	0.747742	-0.563590	0.431335	-0.070945	0.114626	-0.232102	-0.367981	-0.494773	-0.212777	1.400291	1.490314	1.500250	1.560698	1.444355	1.482788	-0.534642	-0.529038	1.602960	0.132310	0.383914	1.169412	1.360947	1.252047	-0.115277	-0.389396	0.995718	-0.165802	1.030007	1.864492	0.789994	1.066490	-1.273868	-1.372143	-1.034989	-0.978477	-0.096773	-0.095721	0.924334	0.475446	-0.240091	-0.647025	0.540629	-0.056829	1.437259	1.482135	1.292368	0.715279	-0.032617	-0.350687	-0.611067	-0.633238	0.554992	-0.695076	-0.499306	-0.300020	-0.471060	-0.609910	-1.006345	0.664422	-0.123096	-0.855679
-1.556239	-0.820833	-0.245409	0.769332	-0.810361	-0.606291	-2.226563	-1.899376	-0.418855	-2.134699	-1.100935	-1.351581	-0.544658	0.078675	-0.211699	0.926336	1.015577	0.176434	0.124846	-0.604554	-2.064052	0.454674	-1.061038	-0.748992	-1.039717	-0.924575	-0.813267	-1.528362	-0.978707	-0.266577	-0.040039	-0.921207	-0.374968	0.947516	-0.151057	1.093899	-0.663557	-0.339211	-1.462870	-0.820668	-1.678897	-1.650252	-1.121827	-0.036281	0.930415	1.011103	1.278840	1.221062	-0.164721	-0.058407	-0.760458	0.036813	-0.185193	0.349077	-0.198759	0.059347	-0.148426	-0.151867	1.072407	1.096641	0.717958	1.413258	0.860402	1.155462	-0.667390	0.041003	0.804532	-0.945272	1.108854	0.615508	1.224764	1.141052	-1.876876	-0.475010	-0.025330	-0.770071	0.799852	1.081340	0.584778	0.697079	-0.551896	-0.433768	-0.725185	-0.576763	-0.354147	0.540757	0.586974	-0.227686	0.225014	-0.324977	0.258146	0.138692	1.255516	1.473637	0.898083	0.200813	0.527643	0.545366	-0.926778	-0.992399	0.858245	-0.125717	0.307137	0.681663	0.571676	-0.780292	-1.839346	0.708076	-0.023887	0.724234
-1.511879	-0.689452	0.078775	0.421536	-0.704864	-0.158056	-2.629411	-1.705602	-1.462046	-2.187881	-1.496513	-0.962741	-1.006454	-0.254401	-1.001596	0.749269	-0.071555	0.190028	-0.712839	-1.186883	-1.628170	0.304136	-1.266473	0.124645	-1.651834	-0.363186	-1.186718	-1.500994	-0.853766	-0.247400	-1.307092	-0.865957	-1.455559	-0.086639	-0.945580	0.298274	-0.406847	-0.539105	-0.340265	-0.373176	-1.165095	-1.324412	-1.710289	-1.291785	0.046533	-0.366560	0.490877	0.650906	-1.185100	-1.208583	-0.299535	0.234218	-0.619596	0.060418	0.274049	0.675443	0.430279	0.313802	0.080563	0.199707	-0.247033	0.497842	0.146165	0.431429	-1.095351	1.041465	-0.412553	-1.185135	0.833775	-0.039325	0.489515	0.435134	-2.296081	-0.622359	-1.466457	-1.277036	0.026481	-0.282248	-0.074925	-0.281862	0.538359	0.746772	-0.459567	-0.532100	-0.112121	0.725421	-0.229706	-0.796950	0.561272	0.004084	-0.059544	0.116773	0.527277	0.928859	-0.164362	-0.849609	0.533890	1.613529	-0.559053	-0.950495	-0.245651	-0.185273	0.921301	1.107043	1.484694	-0.381914	-1.232435	0.082259	-0.230263	1.585045
-0.715405	0.141626	0.508321	0.015375	-0.412670	0.735580	-2.075752	-0.659791	-1.825149	-1.586869	-1.755880	-0.719623	-0.810658	-0.184344	-1.457649	0.736192	-0.950512	0.495246	-0.795442	-0.988651	-0.921696	0.113349	-1.034271	0.739613	-1.688486	0.195831	-1.267011	-0.732123	-0.668486	0.156068	-2.064078	-0.008710	-1.428956	-0.544859	-1.081077	-0.597982	-0.153300	-0.623179	0.695134	0.540303	-0.638067	-0.375522	-1.972560	-2.397855	-1.146660	-1.780801	-0.346868	-0.139547	-1.116354	-0.903690	0.377199	0.793390	-0.925653	-0.353186	0.918721	1.219774	0.702688	0.885031	-0.681560	-0.575569	-0.884464	-0.652720	-0.016001	-0.051849	-0.831580	1.913880	-0.529762	-0.749784	-0.042379	-0.266510	-0.271246	-0.276557	-0.905225	-0.074580	-1.946270	-1.151869	-0.799705	-1.523141	-0.932043	-1.204805	1.298129	1.237939	-0.444834	-0.512595	0.206291	0.522759	-0.646142	-0.752510	0.757955	0.135403	-0.017961	-0.057731	0.040637	0.449959	-1.319132	-1.640238	0.580745	1.842076	0.041416	-0.114008	-1.738299	-0.484353	1.059827	1.324178	1.548153	0.308597	-0.010867	-0.569025	-0.411292	0.909663
0.298361	1.003709	0.650149	-0.043777	-0.063854	0.821509	-0.795446	0.352713	-0.724606	-0.353662	-1.179597	-0.688917	-0.141768	0.129017	-0.962861	0.718364	-0.914070	0.566112	-0.326216	-0.456508	0.001909	-0.065895	-0.374980	0.569667	-0.984950	0.343224	-0.657608	-0.148024	-0.073237	0.589340	-1.304945	0.320629	-0.313487	-0.139686	-0.994184	-1.186209	-0.530207	-0.627380	0.803955	0.813596	-0.406677	0.291780	-1.665341	-2.517628	-1.871701	-2.119161	-0.658782	-0.578183	-0.284074	0.724081	0.560174	0.853280	-0.740380	-0.315888	1.117250	1.091774	0.348835	0.871976	-0.698173	-0.877010	-1.020103	-1.257782	0.179489	-0.165982	0.353197	1.852718	0.467987	-0.395390	-0.617712	-0.141863	-0.604811	-0.500895	0.889953	0.938699	-1.092755	-0.566047	-1.107850	-1.899876	-1.380529	-1.370866	1.309609	0.826181	-0.451411	-0.119962	0.002952	0.180568	-0.484813	-0.339005	0.660997	0.102773	0.157186	-0.226478	0.047769	0.229926	-1.778676	-1.424191	0.819366	1.028492	0.301632	0.770790	-2.035859	-0.331169	0.838604	1.427508	0.856014	0.703279	0.436809	-0.737662	-0.317336	-0.258598
0.739247	0.934227	0.158092	-0.017819	0.188016	-0.142783	0.493915	0.663268	0.829758	0.809246	0.084632	-0.513313	0.346220	0.205814	-0.024254	0.289010	-0.296999	0.089221	-0.023497	-0.230747	0.780018	-0.219841	0.275512	-0.077444	0.031835	0.158405	0.275262	-0.150361	0.712367	0.593067	0.281512	-0.206138	0.740133	0.360155	-0.808164	-1.096727	-1.004887	-0.495314	0.276252	0.117448	-0.245256	0.289412	-0.712238	-1.422267	-1.584954	-1.256878	-0.595260	-0.629984	0.285098	1.805308	0.118645	0.079749	-0.250568	0.056950	0.478476	0.136277	-0.336245	0.105797	-0.310985	-0.715924	-0.796317	-1.059079	-0.011677	-0.360398	1.336497	0.727307	1.165729	-0.526900	-0.420021	-0.084184	-0.600262	-0.414479	1.479970	1.476132	0.109806	-0.082227	-0.834871	-1.415771	-1.076231	-0.856448	0.634924	0.001372	-0.285604	0.349133	-0.636959	-0.142671	-0.271955	-0.176731	0.186940	-0.033507	-0.047961	-0.373697	0.009057	-0.070975	-1.311504	-0.447943	0.829262	-0.066591	0.115017	0.855975	-0.972955	0.246203	0.507156	1.150380	0.044900	0.427818	-0.069501	-0.526465	-0.095819	-0.598346
0.347698	0.073869	-0.593892	-0.199488	0.136639	-1.007347	0.984764	0.464682	1.116078	1.058604	0.802025	-0.192806	0.246294	-0.076793	0.326205	-0.389236	0.134182	-0.527145	-0.180801	-0.371916	0.844929	-0.346178	0.488292	-0.413635	0.624214	-0.057173	0.679310	-0.209450	0.981590	0.115044	0.896477	-0.657248	0.789346	0.244918	-0.440190	-0.482135	-0.812746	-0.348822	-0.095385	-0.719206	0.064847	0.019441	0.336147	-0.004395	-0.662006	-0.236610	-0.560448	-0.591590	0.147957	1.191615	-0.387205	-0.759650	0.025110	0.163920	-0.588571	-0.838749	-0.769098	-0.705181	-0.105726	-0.323436	-0.428174	-0.486618	-0.702457	-0.812772	1.037588	-0.485310	0.629705	-0.780806	0.178382	-0.237168	-0.553319	-0.459684	0.767881	1.100190	0.524725	0.098690	-0.449344	-0.788257	-0.374670	-0.357797	-0.161319	-0.557209	-0.058988	0.377244	-0.969473	-0.325080	-0.288279	-0.412833	-0.303574	-0.210790	-0.552221	-0.484268	-0.475698	-0.607852	-0.493328	0.262401	0.376251	-0.646863	-0.241731	0.321550	0.109264	0.582974	0.229867	0.498000	-0.399907	-0.286360	-0.475715	-0.341468	0.024796	-0.097825
-0.236878	-0.346159	-0.719408	-0.284122	-0.193480	-0.683529	0.521519	0.383080	0.032874	0.465827	0.253662	-0.102257	-0.153592	-0.291463	-0.161934	-0.664895	0.121795	-0.597507	-0.360344	-0.417984	0.168349	-0.378377	0.261844	-0.112356	0.436316	-0.133691	0.259928	0.072457	0.403963	-0.406358	-0.019071	-0.404525	0.152293	-0.196499	-0.151988	-0.061092	-0.204679	-0.373685	-0.017344	-0.764994	0.302569	-0.037057	0.633060	0.529396	-0.071777	-0.040449	-0.460045	-0.472454	-0.138264	-0.108865	-0.429891	-0.697531	-0.075001	-0.128825	-1.070042	-0.806829	-0.654077	-0.710021	-0.149318	-0.000506	-0.055220	-0.075858	-1.012102	-0.937859	-0.038882	-0.609952	-0.400698	-0.578622	0.473002	-0.286716	-0.432469	-0.561098	0.009297	0.371473	0.127181	0.143080	-0.322513	-0.588207	0.047603	-0.285446	-0.431261	-0.528976	0.050558	0.094588	-0.522100	-0.182131	-0.212707	-0.475766	-0.285220	-0.220756	-0.629567	-0.366882	-0.843942	-0.836240	-0.058959	0.143208	-0.152505	-0.587563	-0.534938	0.003543	0.148748	0.286238	0.071299	0.003879	-0.371300	-0.751628	-0.143424	-0.307613	0.000177	0.321584
-0.211728	0.320944	-0.014074	0.065613	-0.431220	0.486035	-0.187771	0.610277	-0.764904	-0.078571	-0.649212	-0.301889	-0.266682	-0.045291	-0.695986	-0.284581	-0.057613	-0.029859	-0.101469	-0.122433	-0.485879	-0.137697	-0.107020	0.341101	-0.129660	-0.056946	-0.336885	0.242273	-0.490643	-0.485518	-0.959914	0.041533	-0.136576	-0.159313	-0.240036	-0.202774	-0.014049	-0.448276	0.143089	-0.049731	0.153328	0.086757	-0.004016	-0.011206	-0.247370	-0.482126	0.093866	0.020283	0.114861	-0.370616	-0.129970	0.152838	-0.140962	-0.321165	-0.407645	0.193520	-0.175106	0.098878	-0.066172	0.116614	0.267929	0.101313	-0.206655	-0.140440	-0.468397	0.304951	-0.624318	0.096665	0.146305	0.047123	-0.004890	-0.202000	0.164612	0.018113	-0.219471	0.046733	-0.312816	-0.670946	0.043333	-0.336579	-0.202191	-0.242408	-0.057234	-0.013479	0.256824	0.286026	0.150329	0.149828	0.149483	0.079992	0.056328	0.085230	-0.196500	-0.094558	-0.054780	-0.227306	-0.292739	-0.196873	-0.703268	0.146383	-0.528165	-0.396821	0.027926	0.100835	0.030991	-0.500206	0.278027	-0.301132	-0.225979	0.241273
0.351373	1.175282	0.525822	0.379460	-0.258547	1.270071	-0.313174	0.796418	-0.258158	-0.096713	-0.563757	-0.369934	-0.015201	0.439800	-0.542149	0.258098	-0.213256	0.546147	0.380554	0.214225	-0.429455	0.492418	-0.385097	0.406595	-0.347576	0.167554	-0.382964	-0.183135	-0.901889	-0.074009	-0.453774	0.069478	0.193022	0.444243	-0.407856	-0.329798	-0.282026	-0.223251	0.020757	0.634674	-0.168184	0.159904	-0.774847	-0.677733	-0.612670	-0.610825	0.869324	0.779826	0.779230	0.592424	0.001562	0.711631	0.184044	-0.089801	0.757935	1.027795	0.266643	0.872151	0.288640	0.199640	0.488838	0.250313	1.064352	1.088149	0.074373	0.953214	0.039173	0.658121	-0.582235	0.487397	0.527580	0.603984	0.816660	0.037329	-0.058852	-0.345601	-0.170286	-0.613625	0.103917	-0.133350	-0.201411	-0.324550	-0.482525	-0.041764	0.527062	0.649956	0.343281	1.085901	0.244405	0.404316	0.816717	0.542112	1.225991	1.271081	0.083106	-0.013948	-0.180987	0.280328	-0.723639	0.159898	-1.023446	-1.009806	0.033373	0.491101	0.565341	0.178964	0.003660	-0.374998	-0.732056	0.138746
0.702949	1.094642	0.008235	-0.054883	0.191483	1.127551	0.258401	0.722218	0.612364	0.045507	0.472264	-0.014840	0.038408	0.542670	0.039759	0.422599	-0.411420	0.602159	0.489703	0.255119	0.096864	1.282789	-0.442427	0.306596	0.060432	0.521306	0.055604	-0.748774	-0.687898	0.466581	0.898938	-0.028619	0.237760	0.710683	-0.173964	0.140181	-0.214611	0.318385	-0.231711	0.733440	-0.027336	0.305939	-0.728477	-0.629412	-0.423097	-0.013506	0.922586	0.998870	1.148894	1.411788	-0.244695	0.325309	0.655574	0.336973	1.284871	0.907378	0.421407	0.901547	0.578940	0.437192	0.494693	0.273641	1.237833	1.358213	0.473012	0.442505	0.483669	0.603476	-1.213364	0.469775	0.474333	0.915186	0.873286	-0.003458	0.141752	-0.766017	-0.059478	-0.401331	0.425871	0.056512	-0.735680	-0.841904	-1.104131	-0.491335	0.105135	0.393649	-0.121687	1.343754	-0.383740	0.282136	0.735477	0.470086	1.810271	1.800479	0.555021	0.571666	-0.303951	0.668363	-0.621816	-0.308952	-1.027946	-1.219814	-0.001576	0.506603	0.858408	0.529048	-0.535189	-0.627947	-1.154944	0.426896
0.626509	0.421520	-0.910105	-0.897090	0.511506	0.600009	0.955479	0.617764	0.602914	0.076569	1.207724	0.511872	-0.466805	0.014659	0.228206	0.305565	-0.613691	0.343964	0.057735	0.104934	0.338165	1.719743	-0.168728	0.623600	0.697386	0.865587	0.359923	-0.683907	-0.465526	0.791477	1.369201	0.296269	-0.720727	-0.109444	0.207023	0.622910	0.417964	0.628554	-0.207546	0.396841	0.766798	0.796764	0.260786	-0.056419	0.239129	0.727580	-0.197339	0.046876	0.964726	1.203137	-0.587121	-0.474063	0.771481	0.702990	0.890934	0.332838	0.323548	0.371540	0.501330	0.645751	0.242370	-0.181722	-0.275887	-0.043899	-0.014631	-0.501825	0.042454	0.036828	-1.218346	-0.032194	-0.424707	-0.038969	0.006800	-0.091510	-0.098928	-0.609196	-0.273931	-0.296058	0.383892	-0.277947	-1.000676	-1.046996	-1.309555	-1.171034	-0.383680	-0.437478	-0.948038	0.508745	-1.072460	-0.242744	-0.162819	-0.221025	0.382869	0.445896	0.737753	0.454303	-0.681176	0.697366	-0.561066	-0.729738	-0.782358	-0.814543	-0.141016	0.059698	0.656051	0.183291	-0.263267	-0.737840	-0.751147	0.759145
0.712460	0.380623	-0.806706	-0.990842	0.504198	0.273949	1.204664	0.685120	0.030699	0.343084	0.900419	0.750221	-0.996459	-0.636661	-0.257854	0.373679	-0.603491	0.316567	-0.473210	0.045484	0.084752	1.518543	0.333308	1.245900	0.997595	0.962972	0.140784	-0.201525	-0.738119	0.825445	0.484771	0.799612	-1.920762	-1.486360	0.001509	0.064851	0.727844	0.160968	0.155995	0.069635	1.524939	1.440294	1.425805	0.284641	0.636271	0.890043	-1.560747	-1.462171	0.706860	0.665514	-0.652463	-0.763371	0.426784	0.985379	0.336586	0.221616	0.127193	-0.034191	0.249419	0.479800	-0.073443	-1.028434	-2.128922	-2.061583	-0.653815	-0.550138	-0.693890	-0.559144	-0.407018	-0.367625	-1.345261	-1.585726	-1.024144	0.187102	-0.450667	0.084142	-0.617335	-0.248914	-0.524732	-0.927755	-0.174853	-0.359059	-0.538354	-1.145067	-0.411212	-1.167478	-1.367992	-0.657834	-0.920856	-0.556778	-0.964237	-0.978784	-2.016467	-1.871153	0.042794	-0.738444	-0.742452	0.238236	-0.664896	-0.502772	-0.490664	0.087428	-0.406393	-0.156483	0.109928	-0.431870	0.875169	-0.278741	0.552357	0.603918
1.201473	1.114015	0.412523	-0.051011	0.348111	0.118149	0.895128	0.717010	-0.003112	1.003643	0.114069	0.563376	-0.700185	-0.677458	-0.823439	0.768817	-0.321489	0.657275	-0.608891	0.110079	-0.141206	0.971917	0.668758	1.422467	0.818288	0.732693	-0.453238	-0.225625	-1.108348	0.683304	-0.554712	0.790565	-1.883660	-2.036184	-0.773829	-1.302108	0.033734	-0.855049	0.490735	-0.010054	1.437041	1.657841	1.817756	0.009723	0.357692	0.435825	-1.798486	-2.081820	0.755562	0.826197	-0.312689	-0.320004	-0.047499	1.027325	0.281900	0.607297	-0.062363	-0.001229	0.171513	-0.014751	-0.230462	-1.596635	-2.468312	-2.842594	-0.461974	0.407519	-0.847528	-0.865604	0.677054	-0.165484	-1.247850	-2.175389	-1.373944	0.776503	-0.342165	0.343040	-0.609873	-0.035474	-1.619741	-1.115292	1.179856	0.692617	0.783159	-0.082318	-0.154489	-1.174997	-1.130875	-1.071445	0.008652	-0.270313	-0.962326	-1.151672	-3.000987	-2.922416	-1.094013	-1.938588	-0.127474	-0.369658	-0.745277	0.129598	-0.251143	0.846647	-0.708613	0.395788	-0.323518	-0.621934	1.708241	0.471848	1.642008	0.092074
1.363692	1.419965	1.278177	0.821485	0.318736	-0.030404	0.301536	0.444544	0.521268	1.441461	-0.212273	0.210764	0.335743	-0.071943	-0.710208	1.167794	0.070077	1.027467	-0.267659	0.207786	0.114359	0.582225	0.623090	0.965035	0.504899	0.455561	-0.884437	-0.773019	-0.653361	0.565954	-0.638164	0.284101	-0.402000	-1.132574	-1.145804	-1.969768	-0.903273	-1.438655	0.491518	0.138668	0.619832	1.221095	1.054874	-0.677415	-0.242111	-0.251691	-0.831025	-1.229057	0.758436	1.449582	0.293208	0.332119	-0.306471	0.620174	0.553903	0.817794	-0.114346	0.256873	0.132104	-0.457901	-0.381473	-1.481459	-1.157540	-1.814604	0.301562	1.205376	-0.430424	-0.876216	1.062921	-0.021758	-0.349977	-1.343925	-0.933862	1.011531	0.034585	-0.419467	-0.308609	0.051694	-1.717320	-0.741411	1.701256	1.067794	1.449212	1.020784	-0.008299	-0.527611	-0.711794	-0.629949	0.787545	0.286269	-0.335452	-0.627683	-1.652216	-1.721739	-1.603249	-1.898324	0.752251	-0.561359	-0.436083	0.589983	-0.169464	0.880763	-0.808335	1.266326	-0.309846	-0.175528	1.464724	0.751333	1.481108	-0.199640
0.595836	0.597181	0.817899	0.663497	0.439018	-0.039369	-0.224587	-0.022542	0.645890	1.075941	0.130861	0.032680	0.924085	0.308306	0.172554	1.205997	0.462697	1.091401	0.278090	0.405073	0.657807	0.422085	0.526912	0.613078	0.482387	0.551729	-0.544752	-0.618878	0.795702	0.666273	0.020787	0.111953	1.010124	0.226846	-0.470819	-1.173629	-0.713506	-0.857904	0.265420	0.389391	0.011399	0.546672	-0.368522	-1.331553	-0.566172	-0.993885	0.013560	0.045537	0.220905	1.410273	0.806628	0.588757	-0.217587	0.099764	0.664920	0.617397	0.187544	0.518186	-0.346656	-0.745888	-0.865384	-1.089091	0.100673	-0.282752	0.608469	1.015908	-0.183230	-0.624749	0.367879	-0.696861	-0.018527	-0.362439	-0.085426	0.600988	-0.048574	-1.334432	-0.358787	-0.620933	-0.744692	-0.702659	1.052078	0.579268	0.891216	0.950200	0.071066	0.121296	-0.557571	-0.235592	0.773528	0.560610	0.233190	0.116583	0.331975	0.212927	-1.070896	-0.752059	1.162484	-0.195775	0.332761	0.965173	-0.163364	0.433155	-0.578584	1.464351	0.069463	0.543170	0.826456	0.458244	0.554892	-0.166000
-0.432248	-0.435729	-0.164606	-0.141196	0.468477	0.175706	-0.444115	-0.332749	0.099352	0.312569	0.678098	0.219063	0.215290	-0.325538	1.149412	0.811233	0.803343	0.782749	0.682089	0.764504	0.923243	0.158986	0.753053	0.846188	0.846083	1.086720	0.648164	0.937756	2.041329	0.897599	0.531216	0.799147	0.987299	0.480474	0.681564	0.039671	0.756485	0.467141	0.119853	0.594405	0.225508	0.183426	-1.399219	-1.491358	-0.425194	-1.712800	-0.228385	0.373751	-0.567032	0.367683	0.816937	0.223330	0.160290	0.090939	0.501776	0.448965	0.856722	0.789837	-1.234367	-1.117345	-1.474907	-0.930970	-0.005786	0.252378	0.133879	0.241476	-0.578347	0.007028	-0.739960	-1.837672	-0.930700	-0.510346	0.825504	0.160285	-0.713092	-1.211359	-1.026775	-1.884149	0.143039	-1.518450	0.223090	0.022853	-0.096214	-0.249658	0.364094	0.201178	-0.535623	-0.414173	0.194646	0.459238	0.303010	0.528693	0.811426	0.742011	-0.157339	0.247734	0.791211	0.242639	1.148220	1.661278	0.015020	0.197662	-0.365187	0.616417	0.421997	1.081457	0.825114	0.344893	0.188242	-0.344196
-0.467074	-0.370537	-0.357842	-0.633975	0.285314	0.446818	-0.229807	-0.248817	-0.274135	0.091280	1.032379	0.790078	-0.996020	-1.481916	1.438389	0.202117	0.873147	0.250422	0.753225	1.091991	0.612179	-0.265381	1.050695	1.050613	1.297627	1.623191	1.817093	2.741920	1.638635	0.773924	0.490582	1.778261	0.024977	-0.630566	1.288513	0.297603	2.165488	1.340347	0.171477	0.681214	0.894330	0.286565	-1.256304	-0.828483	-0.089944	-1.985181	-0.887956	-0.236028	-0.707113	-0.671254	0.319375	-0.483164	0.595860	0.453513	0.274257	0.604858	1.415028	1.021306	-1.720862	-1.508981	-1.399211	-0.795812	-0.758574	-0.121203	-0.440988	-0.264106	-1.312809	1.087046	-1.315777	-2.158918	-1.971391	-1.318213	1.452940	0.317191	-1.169197	-0.381394	-1.637282	-2.484021	0.178950	-2.294383	-0.027064	-0.004725	-0.378258	-1.335395	0.817718	-0.196726	-0.214469	-0.450557	-0.356790	0.279628	0.006995	0.497625	-0.146402	-0.231543	0.323324	0.356454	-0.157711	0.204774	1.485874	2.260789	0.309736	0.225575	-0.703160	-0.644546	0.424104	1.243553	1.254588	0.821626	0.601841	-1.020506
0.662941	0.744730	0.321086	-0.527881	0.169191	0.728529	0.418902	0.250307	0.154964	0.671410	1.161020	1.528481	-1.015138	-1.632621	0.938041	-0.258834	0.504356	-0.191389	0.601035	1.136434	0.034411	-0.405472	0.884808	0.437819	1.421030	1.620480	1.797154	2.988928	-0.328332	-0.064776	0.154714	1.933198	-0.294259	-1.639342	1.063527	-0.269586	2.234744	1.120551	0.252781	0.689211	1.232370	0.590407	-0.135147	0.509268	0.089413	-1.316662	-0.604083	-0.543019	0.179933	-0.621445	-0.074508	-0.850402	0.792778	0.329727	0.172648	0.795668	1.231924	0.984668	-1.144525	-1.413735	-0.294856	-0.211762	-0.528217	-0.095694	-0.370805	-0.181996	-1.622835	2.242114	-1.087570	-1.008457	-1.514891	-1.205589	1.356448	0.754121	-0.693089	-0.228435	-1.325226	-1.504727	-0.052619	-1.739836	-0.066941	0.241593	0.162210	-1.246613	1.088228	-0.370815	0.589081	0.567217	-0.546121	0.228871	-0.157112	0.376510	-0.620605	-0.825171	0.328434	0.116968	-1.268132	-0.273951	1.199864	1.802535	0.322484	-0.046468	-1.425403	-1.404555	0.153416	1.047101	1.006208	1.290387	0.700787	-1.577302
1.695623	1.579229	0.924080	-0.127414	0.450864	1.109825	1.196347	0.907491	0.919177	1.350145	1.094814	1.907629	0.576010	-0.040754	0.345401	-0.289046	0.044288	-0.189230	0.535637	0.897995	-0.149742	-0.048004	0.321322	-0.717039	1.031489	0.888737	0.532941	1.458062	-2.033092	-1.170654	-0.125470	0.762492	0.517332	-1.052693	0.497048	-0.444137	1.032710	0.385636	0.110061	0.591291	0.887430	0.592724	0.934767	1.737261	0.001706	0.083231	0.828315	0.244624	1.355238	0.301164	0.186369	-0.400487	0.665953	-0.420732	0.267169	0.665621	0.281843	0.608865	0.018487	-0.701743	0.947009	0.538104	0.930675	0.967092	0.424049	0.244718	-0.962186	2.661681	-0.425771	0.737123	0.483560	0.376461	0.493365	0.724098	0.509786	-0.882656	-0.121448	0.350575	0.328100	0.092344	-0.395170	0.301503	0.696901	-0.128316	1.020092	0.244323	1.628871	2.143553	-0.357965	0.323050	0.171703	0.496970	0.456797	0.208354	0.378885	0.423287	-1.936846	-0.597680	0.618583	0.423009	0.035175	-0.577965	-1.498413	-1.288708	0.052749	0.643818	-0.187719	1.095592	-0.033138	-1.132105
1.356702	1.089608	0.862467	0.374635	0.893116	1.247427	1.459425	1.104074	1.190799	1.359383	0.760882	1.447960	2.094250	1.971900	0.360478	0.041522	0.116481	0.278702	0.654048	0.498851	0.328293	0.189240	-0.015758	-1.407298	0.291767	-0.307087	-0.651987	-0.188608	-1.810457	-1.547405	-0.200618	-1.054935	1.226894	0.772696	0.069197	0.241171	-0.353078	0.124475	-0.349019	0.197171	0.074705	-0.148066	1.009184	1.966268	-0.169249	1.261081	2.090347	1.452056	1.656724	0.810227	0.725689	0.425755	0.443440	-0.738005	0.459222	0.262903	-0.663696	0.174985	0.540204	-0.081893	1.067959	0.599340	2.084615	2.126128	1.393738	0.603329	0.405714	1.814059	0.271599	1.588460	2.252385	2.105980	-0.396099	0.196495	1.595464	-0.738559	1.034473	1.514671	1.064713	1.725601	-0.626839	0.197905	0.617734	0.941236	0.734526	1.303994	2.400367	2.617513	0.035859	0.563704	0.785406	0.703343	1.903949	1.817322	0.685408	1.226005	-1.458500	-0.262248	0.229959	-0.377395	0.116227	-0.426381	-0.295682	-0.571774	0.447434	0.323366	-1.242884	0.541830	-0.551007	0.253974
-0.234231	-0.447070	0.357987	0.845528	0.811870	0.479595	0.751765	0.277578	0.799280	0.640735	0.242343	0.344128	1.677182	2.275259	0.819246	0.290268	0.742654	0.688672	0.600250	-0.076098	0.855660	-0.437360	0.079373	-1.224740	-0.463313	-1.399436	-0.553527	-0.395573	-0.054167	-0.793308	-0.019227	-2.150531	0.617853	1.950712	-0.093825	0.969439	-0.936538	0.546381	-0.926588	-0.533129	-0.799728	-1.467162	0.064248	1.076347	-0.122660	1.476878	1.828832	1.740894	0.689318	0.072679	0.590845	0.572001	0.348011	0.076824	0.407822	-0.210175	-0.820644	-0.040187	-0.121375	-0.223402	-0.013684	-0.184425	1.543944	2.009497	1.728077	0.472682	1.445483	0.202030	0.798127	1.012673	2.125596	2.260152	-0.461131	-0.179433	1.932446	1.116425	1.299919	1.373949	1.084780	1.892765	-0.181299	0.154436	0.139267	1.010768	0.314503	1.733877	2.424849	1.186331	0.277275	0.819923	0.985405	0.497471	1.861955	2.007277	0.842322	1.537452	0.215814	0.549007	0.273007	0.242779	1.016205	0.833728	1.242326	0.183176	1.030243	0.306750	-1.196946	0.366253	0.175289	1.384226
-1.736372	-1.876463	-0.222552	0.879217	-0.003386	-1.092791	-0.525528	-1.256693	0.192905	-0.342706	-0.108636	-0.587071	-0.286715	0.496613	0.907058	0.075773	1.122250	0.396616	-0.006541	-0.808689	0.518185	-1.573992	0.058378	-0.765617	-0.957368	-1.817489	0.510442	0.555023	1.245360	0.320403	0.365645	-1.645708	-0.756649	1.321920	0.043701	0.954631	-0.508212	0.960633	-1.237432	-1.197329	-1.391208	-2.397699	-1.018357	-0.066846	0.254368	0.966220	0.191726	0.670571	-0.757604	-1.264373	-0.389191	-0.299862	0.267051	1.085495	-0.215607	-0.765338	-0.289130	-0.169048	-1.118789	-0.712483	-1.035693	-0.813989	-0.232066	0.525153	0.929742	-0.343073	1.324971	-0.953231	0.983578	-0.108190	0.358677	0.697239	0.187021	-0.110062	1.491950	3.124943	0.738243	0.745941	0.102945	0.828154	0.527388	0.050209	-0.219023	0.092073	-0.254954	0.917500	1.552082	-0.947641	-0.001525	0.637379	0.278942	-0.285810	0.146423	0.362330	0.460850	0.728421	1.862428	1.035931	0.532317	1.079001	2.052735	2.071225	1.489809	0.463865	0.990136	0.395992	-0.462145	0.569078	1.376444	1.133016
-1.973297	-2.269739	-0.731387	0.250542	-0.863378	-2.238701	-1.307696	-2.246510	-0.223146	-1.182012	-0.102020	-0.854097	-1.470407	-1.367224	0.277710	-0.456241	0.589438	-0.622412	-0.917623	-1.335279	-0.691842	-1.907657	-0.483319	-0.707071	-1.066030	-1.416156	1.194367	1.123144	0.864375	0.677686	0.649670	-0.071802	-1.125717	-0.134395	0.512232	0.503135	0.373551	0.703894	-1.024981	-1.279968	-1.499436	-2.047506	-1.297222	-0.447970	0.719733	0.533216	-1.255325	-0.748896	-1.481525	-1.780330	-1.173887	-1.181284	-0.051964	0.861713	-1.229717	-1.429297	0.075545	-0.543826	-1.172812	-0.497181	-0.856889	-0.303318	-1.448664	-0.914092	-0.539901	-1.395127	0.416903	-0.967748	0.763373	-0.483315	-1.163954	-0.922214	0.548933	0.005922	0.672385	3.047300	0.148809	0.617489	-0.791727	-0.135348	0.449459	-0.375509	-0.278593	-0.864756	-0.784671	-0.428363	0.167985	-1.873386	-0.713618	-0.324451	-0.942268	-1.082447	-1.497651	-1.397906	-0.152985	-0.504281	1.915672	0.560832	0.528162	0.489342	2.030777	1.752439	0.242566	0.082791	-0.098715	0.085389	-0.106377	0.479439	1.334533	-0.298252
-1.021993	-1.580564	-0.934839	-0.457243	-1.008104	-1.875273	-1.010304	-1.725130	-0.416453	-1.670626	-0.094758	-0.860623	-0.462612	-1.264946	-0.436079	-0.766913	-0.487834	-1.603331	-1.347622	-1.176185	-1.618422	-0.789465	-1.080626	-0.930135	-0.852208	-0.677275	0.753183	0.506173	-0.286432	0.054586	0.440960	1.027869	0.321938	-0.520763	1.076063	0.415688	0.836376	-0.097577	-0.414634	-0.751225	-1.177620	-0.739680	-0.681491	0.057229	0.881548	0.523920	-1.064992	-1.063113	-1.078990	-0.997248	-0.799892	-0.867263	-0.507901	-0.506445	-1.913170	-1.845342	-0.261144	-1.106284	-0.055754	0.654533	0.295163	1.033151	-0.898292	-0.878107	-1.411305	-1.726613	-0.102533	-0.338620	0.378954	0.252371	-0.909327	-0.902783	0.019593	-0.190487	-0.008401	0.962512	0.225076	0.996486	-0.430652	0.006299	-0.612178	-0.925592	-0.147126	-0.836419	-0.820737	-0.892862	-0.933930	-1.045639	-1.173279	-1.542644	-1.598666	-1.079794	-1.350961	-1.375050	-0.258074	-0.822372	0.312662	-0.549212	0.034370	-1.204190	0.781285	-0.098114	-0.835250	-0.614984	-1.541523	-0.738537	-0.394872	-0.101483	-0.262668	-1.531814
-0.013401	-0.510652	-0.513935	-0.355840	-0.592587	-0.386664	-0.263392	-0.177702	-0.592052	-1.662771	-0.581324	-1.179919	1.490750	0.530573	-0.455694	-0.557869	-1.120268	-1.692548	-0.871139	-0.348554	-1.209574	0.817820	-1.031776	-0.770476	-0.596008	-0.281203	-0.247651	-0.481115	-0.473484	-0.690177	-0.275161	0.717494	2.354607	0.680720	1.253306	0.835168	0.399437	-0.738184	0.182204	-0.088372	-0.724908	0.241827	-0.009103	0.619990	0.602138	0.497004	0.663196	0.134993	-0.339580	-0.027428	0.354932	0.518406	-0.623820	-1.470512	-1.695021	-1.469352	-0.810721	-1.300417	1.144872	1.710848	1.209047	1.902932	0.898207	0.570454	-0.910997	-0.839780	0.228748	0.041931	0.167806	1.213275	0.790374	0.693547	-0.805327	-0.520750	-0.228681	-0.804554	0.876526	1.180074	0.947778	1.015684	-1.607647	-1.023738	0.130997	0.268862	-0.116539	0.064043	-1.110190	0.382581	-0.741545	-1.840429	-0.977514	-0.121685	0.456573	0.429047	0.383680	0.140358	-1.202093	-1.148947	-0.596261	-2.122520	-0.503561	-1.801352	-0.285353	-0.949103	-2.000728	-1.402744	-0.684974	-0.551272	-1.843699	-1.413209
0.062206	0.152966	0.367845	0.557749	-0.414179	0.830854	-0.157351	0.925499	-0.903523	-1.177930	-1.394460	-1.601521	2.099169	1.923893	0.145671	-0.085308	-0.875470	-0.786487	0.008774	0.517130	0.193294	1.497660	-0.455964	0.067688	-0.625621	-0.396314	-0.762267	-0.609513	0.636909	-0.555227	-0.980481	-0.267466	3.030073	2.095841	0.818517	1.176093	-0.544603	-0.735437	0.427643	0.294113	-0.422905	0.210519	-0.138906	0.456298	0.153752	-0.034555	2.349053	1.773195	-0.303375	-0.172725	1.084365	1.630991	-0.150956	-1.004517	-0.793338	-0.276844	-0.660592	-0.703483	1.228339	1.617886	1.043680	1.562316	2.323504	1.980834	0.221167	0.592371	0.581275	-0.062542	0.106266	1.246796	2.200910	2.196226	-0.886829	-0.667286	-0.142784	-0.721315	1.337987	0.723692	1.932092	1.784897	-1.560762	-0.497239	0.509643	1.436167	0.913230	1.450415	-0.465017	1.073032	0.349124	-0.748354	0.452441	1.017979	2.169116	2.221035	1.130634	1.277751	-1.046157	-0.479146	-0.786849	-1.445620	-0.700977	-1.958744	1.244715	-0.558369	-0.903222	-1.101935	-0.488055	-0.420632	-1.967473	-0.121282
-0.671326	0.186438	0.935996	1.247841	-0.769432	0.947599	-0.865389	0.764401	-1.221390	-0.595254	-1.698797	-1.441379	0.813057	1.550974	0.647641	0.251902	-0.266880	0.395489	0.425361	0.817638	1.221445	1.099791	-0.149247	1.102962	-0.926664	-0.539915	-0.438001	0.175938	1.704785	0.614855	-1.083180	-0.483859	1.819418	2.209641	0.143436	1.006455	-1.055537	-0.281429	0.297280	0.401851	-0.283909	-0.140137	-0.979892	-0.293673	-0.041075	-0.834576	2.464102	2.385975	-1.013205	-1.168677	0.839534	1.465613	0.515708	0.250668	0.005103	0.976883	0.337715	0.371699	0.137057	0.578908	0.067639	0.589813	2.208954	2.050953	0.547904	1.329661	0.078953	-0.278277	-0.151336	0.182130	2.009101	2.178476	-0.072258	-0.625666	-0.243406	0.229116	0.986836	-0.168327	1.571587	1.476240	-0.762596	0.061610	0.667556	1.498368	1.440644	1.811366	0.173881	0.809985	1.089341	0.678344	1.441624	1.378175	2.266326	2.397584	1.212193	1.331286	0.404304	0.868014	-0.420301	-0.331965	-0.045213	-0.922650	1.873373	0.201672	0.833880	0.084345	0.038980	-0.137474	-0.945625	1.147694
-1.231345	-0.017926	0.606940	0.871805	-1.058014	0.361916	-1.443419	-0.059697	-1.184159	-0.382447	-0.977627	-0.633155	-0.767506	0.117155	0.695929	0.441805	0.063598	1.026783	0.161503	0.583584	1.065286	0.660845	-0.418475	1.579047	-0.997088	-0.207820	0.186280	0.833554	1.539662	1.952218	-0.506165	0.365562	0.041957	1.047860	-0.143460	0.544728	-0.594822	0.082750	-0.001945	0.414864	-0.109427	0.151414	-1.560429	-0.810458	0.198779	-1.201885	1.041436	1.582319	-1.509649	-1.487360	0.167260	0.376181	0.767017	1.005383	0.157635	1.428454	1.294729	1.091017	-1.068864	-0.307396	-0.809450	0.006748	0.804061	0.885570	-0.282389	0.878909	-0.920521	-0.344917	-0.671512	-1.030078	0.550548	0.871487	0.683257	-0.509245	-0.722867	0.291937	0.036721	-0.984982	0.391558	0.299370	-0.258122	-0.022868	0.246665	0.331864	1.048024	0.805369	0.059003	0.263645	0.777879	0.948259	1.211163	0.778945	0.923233	1.101828	0.662051	0.366482	1.500687	1.533544	0.050812	0.021040	0.419899	-0.063472	0.909821	0.700702	1.742891	1.163756	0.565359	-0.258724	-0.037645	1.449388
-0.945668	-0.043283	-0.255557	-0.189605	-0.651710	-0.116608	-1.088047	-0.508522	-0.597114	-0.515509	0.247813	0.110870	-1.076431	-0.828826	0.673754	0.761992	0.184990	0.915509	-0.156386	0.339898	0.284646	0.811046	-0.609224	1.215744	-0.323013	0.514102	0.499645	0.696214	0.495166	2.269229	0.247728	1.182918	-0.725869	-0.165149	0.186881	0.228085	0.404701	0.092074	-0.246842	0.343320	0.245381	0.881046	-1.102050	-0.584706	0.650041	-0.871073	-0.415563	0.337357	-1.080174	-0.430248	-0.195168	-0.531482	0.522893	0.867492	-0.175755	0.964047	1.305161	0.930593	-1.352496	-0.475412	-0.979104	0.008080	-0.593171	-0.306104	-1.133189	-0.052616	-1.369643	-0.282619	-0.957351	-1.427216	-0.734403	-0.352003	0.444817	-0.232363	-1.107440	-0.645721	-0.692941	-1.307306	-0.360521	-0.768467	-0.429823	-0.627391	-0.496368	-0.973778	0.235063	-0.491650	-0.638964	-0.035278	-0.141127	-0.038401	0.213555	-0.033543	-0.395160	-0.217832	0.207931	-0.442529	1.394320	0.954628	0.234458	-0.023464	0.334534	0.002735	-0.490721	0.751996	1.348149	1.314221	0.909471	-0.455491	0.278931	0.878958
-0.150852	0.053267	-0.676787	-0.775020	0.203982	-0.206899	-0.176641	-0.414715	0.250565	-0.419688	0.954972	0.289870	-0.308326	-0.724371	0.997320	1.239918	0.641142	0.595180	0.139918	0.505463	-0.101392	1.042517	-0.041391	0.406564	0.943558	1.075428	0.532953	0.232661	-0.210664	1.137015	0.583004	1.074722	-0.234066	-0.564865	0.735084	0.113493	0.991060	-0.057834	-0.303249	0.120261	0.697840	0.963498	0.118045	0.049652	0.853102	-0.303552	-0.550519	-0.143800	-0.094676	0.843899	-0.099236	-0.624741	0.262331	0.462958	-0.436522	0.242258	0.500771	0.196387	-0.644537	-0.405937	-0.544948	-0.050194	-0.879985	-0.549761	-0.875066	-0.439401	-1.025629	-0.020039	-0.522070	-1.032790	-0.834913	-0.576747	-0.579629	0.264207	-0.806494	-1.250487	-0.692082	-0.956750	-0.197370	-0.967818	-0.589754	-0.938641	-0.645376	-1.188700	-0.039200	-0.790389	-0.923486	-0.116013	-0.524330	-0.792064	-0.379599	-0.174313	-0.579197	-0.474820	0.286785	-0.325156	0.701301	-0.071637	0.252316	0.379396	0.353844	-0.076205	-1.132978	0.637783	0.456269	0.715524	0.859670	0.106589	0.521745	0.148874
0.363485	-0.022218	-0.140533	-0.230446	0.672384	-0.098079	0.280475	-0.379861	0.809678	0.319624	0.724439	0.202934	0.322221	-0.157533	1.375852	1.472875	1.535448	0.707204	0.998998	1.052377	0.047066	0.706451	0.949337	-0.227812	1.951927	1.072819	0.661480	0.126499	-0.084662	-0.574365	0.326678	0.398300	0.600109	-0.316738	0.890324	-0.069763	0.648690	-0.081643	-0.142641	-0.095242	0.985856	0.012823	1.087474	0.368528	0.484604	-0.029849	0.501505	0.344388	0.619973	0.864718	0.199019	-0.100924	0.322956	0.349126	-0.263112	-0.080953	-0.177261	-0.330484	0.347049	-0.605353	0.054862	-0.538626	-0.060262	0.066842	0.243946	-0.029475	-0.650662	0.560323	0.392995	-0.550993	0.010402	-0.090854	-1.226981	0.642749	0.081672	-0.764620	-0.253116	-0.087362	0.223176	-0.415293	-0.037989	-0.469676	0.372513	-0.120703	0.628431	0.131854	-0.069781	-0.162181	0.222783	-0.033555	0.137122	0.533144	0.164508	0.140673	0.531069	0.274148	0.254277	-0.550822	0.351478	0.868148	0.974298	0.414780	-1.266193	0.545946	-0.043824	0.126320	0.259709	1.453876	1.002111	-0.316773
0.355880	-0.232482	0.869181	0.955338	0.391478	0.137105	-0.000463	-0.611992	0.809605	1.328141	0.062638	0.327068	0.336571	0.305078	1.063246	1.066276	2.178217	1.245713	1.756158	1.618379	-0.019108	0.068522	1.323964	-0.385313	1.948452	0.603160	0.810666	0.156496	0.225779	-1.435875	-0.153234	-0.070903	0.981839	0.068973	0.435896	-0.403561	-0.241729	0.035277	0.135452	0.032625	0.891553	-1.013735	1.149798	0.076221	-0.296563	-0.004119	1.470697	0.988086	0.854580	-0.115231	0.498900	0.597727	0.490721	0.345656	0.253215	0.046904	-0.131533	-0.192352	1.052528	-0.639241	0.601639	-0.923331	0.956423	0.768598	1.037925	0.532542	-0.710910	1.154852	0.998651	-0.289853	0.847899	0.301207	-0.695076	0.423966	0.853973	0.159847	0.045862	0.800263	0.142429	0.188073	0.865809	0.302378	1.825962	1.286276	1.604351	1.369445	1.379713	-0.101867	1.490382	1.713652	1.353638	1.468103	0.923322	0.776228	0.382479	0.480928	0.030207	-0.551463	0.330275	0.435799	1.611638	1.106408	-1.699675	0.353749	-0.232039	-0.110637	-0.563763	2.464993	1.210529	-0.643551
0.285301	-0.196856	1.426099	1.719730	-0.089444	0.644901	-0.251081	-0.509771	0.452001	1.744211	-0.282016	0.581017	0.282926	0.688215	-0.189065	0.107801	1.771812	1.484539	1.814328	1.768025	-0.726803	-0.085090	0.626307	-0.201375	1.046005	0.090749	0.432824	-0.402161	0.023558	-0.939020	-0.257939	-0.237506	0.856907	0.390094	-0.266228	-0.599685	-0.801565	0.124443	0.346994	0.601962	0.467786	-0.972456	0.608091	-0.405946	-0.847793	0.196604	1.376321	0.934478	1.030371	-0.437075	0.660662	1.237122	0.401683	0.003024	0.774893	0.254945	0.320599	0.380108	1.508879	0.274628	1.125489	-0.482429	1.269082	0.925136	0.829141	0.486167	-0.627905	1.140585	0.885626	0.175961	0.990184	0.216529	0.501892	-0.360463	1.066619	0.550842	0.131838	1.172980	-0.284420	0.341504	1.043046	0.504663	2.149363	1.875867	1.819635	1.841902	1.978603	0.267280	2.071842	2.677596	2.161549	1.830719	1.161293	0.939646	-0.088019	0.132775	-0.405541	-0.851095	-0.223601	-0.736858	1.232458	0.961214	-2.169971	-0.012418	-0.772756	-0.309368	-0.913429	2.073749	0.569533	-1.020477
0.523027	0.235714	1.119247	1.466573	-0.062952	1.348917	0.205912	0.393666	0.068115	1.136836	-0.082230	0.580529	0.519018	1.008997	-1.668161	-0.887962	0.343337	0.808629	1.098870	1.221517	-1.479604	0.386725	-0.435581	0.055350	0.042459	-0.112437	-0.610398	-1.481243	-0.427192	-0.024141	0.297961	-0.414029	0.410713	0.546411	-0.685807	-0.403023	-0.464203	0.130057	0.365828	1.235926	0.003614	0.090642	0.230500	-0.400364	-0.568964	0.696090	0.341740	0.081797	1.301632	0.682399	0.457280	1.601445	0.062832	-0.656668	1.041106	0.293525	0.543565	0.819699	1.899768	1.887661	1.497511	0.630183	0.649983	0.424810	0.023610	-0.259707	0.267303	0.387539	0.484197	1.188492	0.419542	-0.180425	1.096672	-1.083801	0.940041	0.223179	0.414214	0.926294	-0.275980	0.123000	0.061189	-0.052201	0.604398	1.229190	0.819895	1.155960	0.959493	0.897733	1.340433	1.833995	1.738735	1.284866	0.935175	0.687668	-0.291773	-0.207906	-0.981503	-1.593423	-1.149173	-1.233579	-0.309588	-0.327536	-1.614651	-0.338388	-1.758146	-0.755412	-0.489899	0.496813	-0.689421	-1.297864
0.759481	0.699226	0.389666	0.578601	0.392581	1.743317	0.904597	1.535820	-0.250903	-0.022683	0.286660	0.331831	0.562888	0.857197	-2.327822	-1.433663	-1.160360	-0.455354	-0.018809	0.076190	-1.415799	0.684706	-0.868282	0.255860	-0.499742	-0.016117	-1.583850	-2.045721	-0.329588	0.095496	1.084058	-0.548480	-0.350218	0.290926	-0.656212	0.041912	0.507569	0.143711	0.194834	1.366652	-0.309105	1.059581	0.324431	0.328166	0.427639	1.093197	-0.785253	-0.954235	1.182980	2.001816	-0.194694	1.327170	-0.260206	-1.143965	0.984395	0.233279	0.361953	0.774224	1.946458	2.771550	1.315877	1.431237	-0.439922	-0.425780	-0.594359	-1.016994	1.505274	-0.399581	0.457336	2.236191	-0.401936	-0.568972	0.547008	-1.187226	0.818085	-0.375035	1.018441	0.441294	0.475574	-0.079519	-1.194290	-0.614302	-1.694636	-0.082930	-0.800974	-0.238183	-0.727363	1.378769	-0.182388	0.001884	0.241004	0.120119	0.446343	0.209367	0.064683	-0.129270	-1.137353	-1.938942	-1.591831	-0.318264	-1.951697	-1.775001	0.040692	-0.362486	-2.356281	-1.125396	0.249059	-1.010316	-1.707135	-1.171721
0.424092	0.763145	0.018003	0.023116	0.526460	1.351747	0.769552	1.840366	-0.569855	-0.828238	0.351767	0.225581	-0.027146	0.036762	-1.807487	-1.396849	-1.778665	-1.300809	-1.045909	-1.132766	-0.552129	0.045322	-0.592314	0.365105	-0.758236	0.015585	-1.653729	-1.371440	0.428204	-0.624944	1.183532	-0.403954	-1.213511	-0.341553	-0.418787	0.383471	1.255124	0.180586	-0.102499	0.773517	-0.592110	1.039075	0.448338	1.278448	1.282918	0.928048	-1.236864	-1.393707	0.264350	1.805933	-0.893674	0.346103	-0.480357	-1.089813	0.661311	0.234581	0.044634	0.321104	1.120401	1.838346	0.380946	1.203777	-1.232257	-1.090463	-0.661899	-0.928271	1.823306	-0.492243	0.865556	2.355961	-0.866867	-0.674659	-0.345437	-0.686967	0.625077	-0.813922	1.417599	0.126077	1.345788	-0.000075	-1.446730	-0.358722	-2.704807	-0.962552	-1.924012	-1.406162	-1.351011	1.247996	-1.339464	-1.128966	-1.311154	-1.026410	-0.113484	-0.311204	0.606752	0.187632	-0.577543	-1.195391	-0.909301	1.055574	-2.486141	-2.126702	1.393725	-0.064256	-1.732161	-0.802823	0.697204	-1.495058	-1.862476	-0.578995
-0.432686	0.491139	0.345825	0.402743	-0.055913	0.342708	-0.381031	1.031952	-0.768314	-0.781922	0.052468	0.394694	-0.723435	-0.777254	-0.701295	-0.942220	-1.450933	-1.145948	-1.627969	-1.773990	0.249569	-1.215667	-0.400126	0.335456	-1.139947	-0.357847	-0.884334	0.033308	1.049973	-1.141501	0.105007	-0.166684	-1.467009	-0.701177	-0.237522	0.461213	1.142733	0.088539	-0.425278	-0.180743	-1.007873	0.203232	0.025272	1.589071	1.193632	0.217463	-0.794736	-0.877372	-1.030504	0.109712	-0.989996	-0.681898	-0.697345	-0.553825	0.187936	0.315134	-0.203084	-0.179007	-0.514154	-0.296973	-0.866044	0.223809	-1.170157	-1.075952	-0.262267	0.196857	0.722858	-0.084232	1.172027	1.256151	-0.590714	-0.316176	-0.449112	0.057547	0.145726	-0.852808	1.050948	-0.003994	1.486257	0.325382	-0.471358	0.633168	-1.504104	-0.650902	-1.830108	-1.512787	-0.370575	0.455884	-1.389262	-0.823516	-1.874048	-1.591682	-0.411687	-0.565417	0.776602	0.382932	0.329045	0.176259	0.455884	1.517917	-1.729382	-1.228762	1.296529	0.350537	-0.124126	0.269430	0.802355	-1.154057	-1.244426	0.232817
-0.997481	0.315453	0.924289	1.257086	-0.808114	-0.527278	-1.384371	0.007008	-0.522862	-0.145820	-0.226104	0.464230	-0.631865	-0.663198	0.163583	-0.291733	-0.894307	-0.393745	-1.660500	-1.640752	0.424006	-1.876197	-0.742554	0.224774	-1.517967	-0.963584	-0.078226	1.056751	0.928763	-0.656200	-1.461764	-0.189217	-0.616939	-0.201294	-0.178143	0.340607	0.348373	-0.243850	-0.568621	-0.869225	-1.321669	-0.566940	-0.869735	0.831896	0.222420	-0.527502	0.152928	0.212197	-1.738591	-1.345405	-0.346704	-0.895089	-0.822220	0.201029	-0.273354	0.358409	-0.404853	-0.378909	-1.989584	-1.853231	-1.620530	-0.691079	-0.361119	-0.355445	0.416284	1.569300	-0.786221	-0.046646	0.940024	-0.248358	0.235264	0.392275	0.299684	0.782295	-0.433852	-0.358206	0.101578	-0.206748	0.767755	0.629329	0.685109	1.414329	0.709881	0.535170	-0.760421	-0.477347	0.960333	-0.483180	-0.627232	0.080772	-1.297463	-1.420707	-0.194723	-0.329154	0.446790	0.376324	0.910052	1.069887	1.274206	0.851356	-0.527952	-0.085739	0.376879	0.607092	1.255152	1.255030	0.875988	-0.830709	-0.377045	0.939967
-0.585258	0.412901	0.905801	1.377430	-0.873673	-0.705987	-1.056099	-0.265026	0.254779	0.427400	-0.104118	0.090489	0.161208	0.290122	0.552174	0.385258	-0.674918	0.184787	-1.257759	-1.045707	0.387606	-1.064398	-1.021706	0.265183	-1.307102	-1.124371	0.231076	1.183028	0.390053	0.541146	-2.093813	-0.282377	0.684081	0.736666	-0.213902	0.127668	-0.426390	-0.638608	-0.314620	-0.946191	-0.992151	-0.590176	-1.442930	-0.472189	-0.795074	-0.738302	0.837309	0.952755	-1.364449	-1.212147	0.352173	-0.305133	-0.541394	0.956337	-0.551314	0.253209	-0.542141	-0.226534	-2.246826	-1.739265	-1.479765	-1.076698	0.445118	0.453040	1.127851	2.045138	-1.246467	-0.767767	0.206742	-1.066067	0.880801	0.927471	0.825067	1.309060	-0.691905	0.515353	-0.667215	-0.555581	-0.180896	0.609969	0.931584	1.174363	1.829291	1.351212	0.313795	0.761725	1.103577	-0.918711	-0.003847	0.312086	-0.424927	-0.840063	0.229508	0.123513	-0.084900	0.250373	0.816469	1.066431	0.803177	-0.179626	0.219710	0.392309	0.146425	0.492281	1.474394	1.178429	0.888618	-0.917818	0.298655	1.323028
0.518921	0.475120	-0.055932	0.077605	-0.095316	-0.434213	0.376600	0.091898	1.111487	0.485447	0.362901	-0.468075	0.590521	0.952628	0.834025	0.932786	-0.687557	0.318796	-0.614343	-0.370349	0.841862	0.772264	-0.430271	0.557601	-0.307206	-0.392149	0.235869	0.791169	0.036924	1.552934	-1.107951	0.059537	1.065990	0.990928	-0.264596	-0.024591	-0.729349	-0.665996	0.286101	-0.547163	0.154682	0.102078	-0.993461	-1.273030	-1.084982	-0.243722	0.609563	0.640930	-0.358215	-0.002466	0.365308	0.110494	0.223608	1.503842	-0.518399	0.024782	-0.410355	0.003806	-1.230998	-0.571885	-0.824636	-1.085666	0.540383	0.572658	1.492716	1.212836	-0.347439	-1.580731	-0.804585	-0.962346	0.694861	0.743533	0.227717	1.334666	-0.618003	1.179035	-0.820117	-0.770886	-0.788397	0.172830	0.314307	0.134644	1.026468	0.848392	0.585510	0.973160	-0.047104	-0.701662	-0.086260	-0.391253	-0.132799	-0.358207	0.131728	0.166280	-0.539180	-0.038739	0.283132	0.827051	-0.340310	-0.991136	0.329341	0.336906	0.955019	0.010162	0.865287	0.065866	0.425042	-1.003404	0.655166	1.284097
1.382655	0.202908	-1.206074	-1.799081	0.873571	-0.330072	1.568837	0.128381	1.427122	0.050899	0.768892	-0.559035	0.167196	0.619692	1.313767	1.222791	-0.557394	0.305482	0.110209	0.300891	1.660107	2.222969	0.795544	0.791312	0.836277	0.761960	0.380548	0.506188	-0.094852	1.843901	0.587996	0.730907	0.085805	0.172274	-0.129531	0.084914	-0.632066	-0.017765	0.837916	0.007991	1.472444	0.892051	0.212559	-1.076423	-0.545190	0.602541	-0.458928	-0.463948	0.454506	0.796388	-0.110529	-0.296618	1.076728	1.608087	-0.108000	-0.127976	0.142716	0.076701	0.027662	0.234856	-0.353348	-1.036625	0.010477	-0.103133	1.274064	-0.143563	0.841049	-1.497048	-1.878360	-0.644879	-0.203637	-0.088155	-1.074459	0.612011	-0.653206	1.042996	-0.637933	-0.542201	-1.079413	-0.422786	-0.162285	-0.617187	-0.441281	-0.472263	0.213125	-0.009379	-1.210310	-0.255212	-0.450483	-1.136450	-0.312250	-0.174515	-0.719957	-0.417720	-0.842033	-0.516989	-0.153479	1.076915	-0.772319	-1.510179	0.213120	0.473693	1.621036	-0.526729	0.520817	-0.904906	-0.520963	-0.559950	0.786704	0.861063
1.501347	-0.204383	-1.261413	-2.492709	1.349689	-0.507945	1.591402	-0.606261	1.086473	-0.505065	0.790703	0.076762	-0.194100	-0.036535	1.774300	1.235759	-0.187432	0.440133	0.751999	0.987701	1.905916	2.199946	1.505333	0.563624	1.224697	1.270599	0.799303	0.558971	-0.283499	1.567945	1.436943	0.972210	-1.041499	-0.754704	0.280914	0.380725	-0.332032	1.069143	0.935107	0.541620	1.935914	1.070980	1.060283	-0.445625	0.359394	1.199063	-1.433059	-1.245918	0.732325	0.522414	-0.152890	-0.876859	1.538457	1.166283	0.617751	-0.004918	0.924100	0.153494	0.496599	0.111119	-0.274503	-0.942153	-0.337786	-0.754570	0.716619	-0.817907	1.171866	-0.350093	-2.488994	-0.715513	-0.933120	-0.755038	-1.690395	-0.608519	-0.946615	0.240050	-0.482338	0.115508	-1.267684	-0.683964	0.238435	-0.251306	-0.724687	-1.089492	0.112827	-0.865918	-1.173639	0.042338	-0.276794	-0.998511	-0.115546	-0.021554	-1.510597	-1.020054	-0.910860	-0.848621	-0.143249	1.573629	0.133711	-1.613301	0.305641	1.049108	1.097362	-0.710748	0.891942	-0.647849	-1.138929	0.316087	0.847022	0.273060
1.170581	-0.323332	0.062087	-1.271552	1.185343	-0.504916	0.710274	-1.455925	0.529784	-0.801995	0.402286	0.884239	0.456244	-0.009055	1.702096	1.003256	0.250232	0.619964	1.021459	1.428498	0.998085	0.844372	1.011164	-0.047201	0.631115	0.584154	1.242652	0.730261	-0.503517	1.093394	0.881933	0.390223	-0.914609	-0.718663	0.577188	0.327952	0.117141	1.791721	0.525687	0.926233	1.105887	0.366724	0.729234	-0.239035	1.000812	1.140308	-1.290513	-0.812479	0.758219	-0.234194	0.511807	-0.600245	1.484985	0.324873	1.295854	0.282291	1.409017	0.529727	0.123222	-0.267038	-0.147214	-0.543061	0.059432	-0.443728	0.265775	-0.487411	0.601231	0.969325	-1.864172	-0.861568	-0.719855	-0.467072	-0.744918	-1.555489	-0.988705	-0.327058	-0.203434	0.854364	-1.182528	-0.303634	1.127832	0.845056	0.465527	-0.277036	0.775869	-0.260329	0.064532	0.266185	0.461353	-0.061496	0.705624	0.360962	-1.198366	-0.838530	-0.610933	-0.544921	0.221271	1.439352	1.486071	-0.980846	0.674539	1.543741	-0.192739	-0.461881	1.265348	0.536719	-0.655563	0.997667	0.936676	-0.159391
0.769231	-0.167040	1.295627	0.467945	0.595213	-0.134136	-0.259787	-1.541719	0.112980	-0.764784	-0.225813	1.017981	1.405706	0.447452	0.826769	0.460066	0.545131	0.465449	0.585894	1.153149	-0.522045	-0.781963	-0.169064	-0.538153	-0.350868	-0.698493	1.345815	0.720256	-0.586271	0.477919	-0.291442	-0.547533	0.121545	-0.082478	0.147270	-0.515510	0.559273	1.389174	-0.093803	0.854718	-0.409587	-0.815060	-0.412851	-0.591392	0.865140	0.454460	-0.112250	0.464124	0.813344	-0.691824	0.867123	0.295405	1.047760	-0.607717	1.296601	0.266611	1.102612	1.004891	-0.425042	-0.191996	0.351910	0.219470	0.737966	0.736698	-0.058921	-0.051753	-0.056062	1.424093	-0.065111	-0.401078	0.157769	0.548237	1.080389	-1.511674	-0.344186	0.044523	0.404062	1.187526	-0.585131	0.391225	1.447769	1.386570	1.513600	0.855374	1.462757	1.287565	1.405104	0.547548	0.760682	0.665323	1.176765	0.670801	0.080527	0.082936	-0.131325	0.279506	0.506788	0.409656	1.832781	0.298690	0.974282	1.379479	-0.965513	-0.149001	0.799661	1.251775	0.547857	0.973339	1.013393	-0.247130
0.211005	-0.193990	0.651098	0.588081	-0.140989	0.100220	-0.783944	-0.849107	-0.240801	-0.611984	-0.785068	0.304755	0.978441	0.107919	-0.557303	-0.444748	0.451126	-0.248155	-0.521100	0.035206	-1.593454	-1.766230	-1.076851	-0.661557	-0.977661	-1.398290	0.987016	0.500608	-0.651239	-0.427264	-1.083011	-1.207920	0.313806	-0.259773	-0.988201	-1.764771	0.605909	-0.053260	-0.512929	0.092967	-1.479270	-1.639632	-1.248419	-0.973575	-0.184670	-0.489585	0.717248	1.159387	0.677596	-0.740952	-0.077573	0.450167	0.313217	-1.254918	0.293135	-0.383964	0.016684	0.911876	-0.762688	-0.043667	0.749494	0.860128	0.651861	1.548240	-0.590749	-0.452781	-0.216755	0.859395	1.330855	0.551290	0.481317	1.025787	2.148497	-0.426303	0.531744	0.933454	0.835417	0.704402	0.060305	0.494433	0.738675	0.616940	0.822912	0.607180	0.957924	1.694615	1.671471	0.600850	-0.164024	0.286716	0.280388	0.289518	0.898668	0.721849	-0.123490	0.655714	0.286058	-0.679200	0.790164	1.443240	0.721502	0.625702	-0.562744	-0.144470	-0.290646	0.644389	1.211170	0.255959	0.914980	-0.096959
-0.565573	-0.560672	-1.657106	-1.271531	-0.609718	-0.194422	-0.633451	-0.014487	-0.605475	-0.452824	-0.849025	-0.485269	-1.022019	-1.300269	-1.702019	-1.401567	-0.236646	-1.228835	-1.606625	-1.344756	-1.733489	-1.994640	-1.348663	-0.737135	-0.961788	-0.885565	0.462812	0.305647	-0.882185	-1.449487	-1.210928	-1.462284	-1.113105	-1.736346	-1.895509	-2.427556	0.075730	-1.501205	-0.380463	-0.963642	-1.406402	-1.447068	-1.104840	-1.045786	-1.651188	-1.234661	-0.076213	0.219519	-0.047534	-0.699806	-1.616683	-0.620454	-0.622025	-1.234994	-1.108315	-1.310217	-1.192513	-0.008647	-1.060709	-0.672120	0.297365	0.693785	-0.542357	0.878460	-1.223851	-1.347596	-0.050488	0.027832	0.661808	1.010744	-0.583009	-0.046305	1.535218	0.980070	0.714390	1.229686	0.218422	-0.601452	-0.214922	-0.658606	-0.239254	-0.721103	-1.235673	-1.155230	-0.849377	-0.159614	0.648833	0.077341	-1.643965	-1.024263	-1.491791	-0.808801	0.131006	0.155778	-1.051899	-0.305402	-0.439226	-0.861089	-0.584014	1.671382	-0.177823	-0.090281	0.539301	-0.306549	-0.999082	-0.614274	0.694242	-0.703867	0.587237	-0.001653
-1.006608	-0.737704	-3.245973	-3.128063	-0.285726	-0.471947	0.324465	0.709416	-0.653778	-0.012767	-0.177167	-0.481223	-2.586685	-2.338311	-1.928321	-1.762160	-1.291787	-1.773199	-1.767615	-2.073385	-1.268237	-1.836712	-1.219813	-1.106375	-0.485253	0.353462	0.148063	0.291800	-1.112802	-1.970262	-0.939398	-1.436463	-2.725109	-3.150844	-1.648700	-1.994631	-0.606511	-1.898206	0.426526	-1.385680	-0.430162	-0.284432	-0.245077	-0.946998	-2.592143	-1.467059	-2.047063	-1.849652	-1.177408	-0.685271	-1.857918	-1.540442	-1.451010	-0.467827	-1.684581	-1.646392	-1.735777	-1.095888	-1.324340	-1.836520	-0.837009	-0.339494	-1.925008	-0.963381	-1.230403	-1.433510	-0.047264	-0.317320	-1.545417	0.409564	-2.324167	-2.107719	-0.076139	1.661159	-0.002850	0.539430	-1.434775	-2.043006	-1.590933	-2.536211	-0.346110	-1.154650	-2.688556	-2.657399	-2.539585	-2.759645	-0.722622	-0.722470	-2.094372	-2.088408	-2.421205	-1.723333	-1.644357	-1.350630	-2.409246	-2.195572	-1.072494	-0.238335	-1.068937	1.056742	-1.138110	-0.276454	1.416728	-0.114298	-0.814315	-1.198270	-0.253340	-1.343602	0.253116	-0.131789
-0.440307	-0.177470	-2.230291	-2.884042	0.907965	0.149721	1.816536	1.609106	-0.090293	0.967465	0.879882	0.285445	-1.801590	-1.549452	-1.237193	-1.193100	-1.966277	-1.395977	-0.842939	-1.704932	-0.705319	-1.516826	-0.910635	-1.518406	0.103528	1.200130	-0.082057	0.300416	-1.062902	-1.538998	-0.573309	-1.053663	-2.566980	-2.818949	-0.391644	-1.006860	-0.756112	-1.219214	1.568184	-0.664064	0.592019	1.062867	0.712315	-0.736493	-2.349635	-1.146906	-3.243333	-3.315733	-1.793444	-0.521122	-0.091786	-0.766237	-1.802333	0.437434	-0.869363	-0.952309	-1.422253	-1.457237	-1.020791	-2.078934	-1.431358	-1.353330	-2.237624	-2.450144	-0.255263	-0.184065	-0.402159	-0.120646	-2.718081	-0.481804	-2.987688	-3.303814	-1.227982	1.000436	-0.800869	-0.317099	-2.799962	-2.535145	-2.799457	-3.507519	0.539185	-0.229468	-2.157245	-2.207545	-2.552523	-3.451151	-1.227025	-0.942862	-0.851979	-1.779401	-1.504305	-1.484137	-2.719773	-2.510028	-2.941260	-3.370850	-0.876458	0.142555	-0.560806	0.406431	-1.384784	-0.100950	1.476110	0.615567	-0.269032	-0.640507	-0.451429	-1.322933	0.161776	-0.345185
0.904794	0.855095	0.460211	-0.690627	2.112529	1.506576	2.863063	2.559447	0.690043	2.054355	1.501621	0.945283	0.724758	0.577726	-0.377355	-0.222577	-1.676876	-0.369847	0.298027	-0.610937	-0.282489	-1.021874	-0.477384	-1.382730	0.519205	0.975728	-0.718067	0.069457	-0.822106	-0.507312	-0.368611	-0.210148	-0.563442	-0.832090	0.810704	-0.354178	-0.172769	-0.426542	2.288080	0.636281	0.972296	1.674038	1.432751	-0.112384	-1.120557	-0.491831	-2.243956	-2.811306	-1.121654	-0.118470	2.081111	1.230011	-1.570352	0.479861	0.469489	0.181759	-0.747221	-0.970167	0.159907	-0.552991	-0.579006	-1.280112	-1.215080	-2.347533	0.889563	1.251445	-0.873051	0.209680	-1.230821	-0.395317	-1.617289	-2.320363	-1.160057	-0.552673	-0.822328	-0.453635	-2.500994	-1.563252	-2.348187	-2.330004	1.255027	0.889610	-0.254045	-0.103881	-0.805578	-1.428895	-0.526081	-0.131594	0.984495	-0.125676	0.399303	-0.127061	-2.098230	-2.266109	-1.893045	-2.524618	0.191778	-0.426066	0.098901	0.270155	-0.837654	-0.196358	0.686018	1.340611	-0.150785	0.339573	0.327312	-0.773900	0.155997	-0.344621
1.896990	1.512658	2.140798	1.332420	2.071475	2.253150	2.439893	2.662916	0.860358	2.232210	1.119323	0.813966	2.475516	2.022736	-0.110197	0.189065	-0.696779	0.516064	0.680683	0.467465	-0.074567	-0.419045	-0.103880	-0.589679	0.646328	0.093922	-1.631577	-0.361469	-0.706959	0.224095	-0.511941	0.786228	1.452857	0.956142	1.106919	-0.255662	0.612287	-0.352318	1.994518	1.453150	0.741096	1.308632	1.822076	0.986374	0.254734	0.176991	0.224173	-0.668014	0.463122	0.323198	2.488167	2.354715	-0.943957	-0.629115	0.895062	0.729645	-0.237808	-0.282847	1.554832	1.626044	1.105134	-0.001876	0.202689	-0.903509	1.017860	1.324857	-1.034594	0.401149	1.447927	0.796281	0.766898	0.128916	-0.284915	-1.638355	-0.130190	-0.097981	-0.715683	0.118297	-0.373342	0.345436	0.657679	0.797546	1.266699	1.762401	1.260411	1.361886	0.562060	1.116963	1.786349	1.572931	1.601563	1.277194	-0.434851	-0.832452	0.071426	-0.166725	1.219694	-1.481023	0.191535	0.288863	-0.244709	-0.907118	-0.495939	1.323544	-0.571646	0.758852	1.223083	-0.284173	-0.236379	-0.032458
1.683738	1.382483	1.497054	1.504441	0.425641	1.414863	0.662476	1.398247	0.179915	1.016750	-0.037743	0.060134	1.872373	1.538547	-0.383331	-0.262092	0.195308	0.769958	0.300516	1.064712	-0.119310	0.116068	-0.030249	0.252575	0.544536	-0.407843	-1.726384	-0.637567	-0.702428	0.162161	-0.818245	1.295413	1.915635	1.062020	0.577327	-0.182715	0.814910	-0.843280	0.857057	1.299661	0.446692	0.617402	1.754713	1.885598	1.020276	0.633613	1.996214	1.339406	1.598382	0.563647	0.833311	1.446555	-0.197312	-1.828158	0.032115	0.401864	0.028192	0.031258	2.097197	2.546708	2.072656	1.442924	0.918728	0.482884	0.093344	0.027054	-0.602600	0.390267	2.438454	1.796354	2.106839	1.914509	0.498643	-1.163112	0.505031	-0.145010	0.886053	1.089718	1.306679	2.332690	-0.989654	-0.454583	1.344775	1.969585	2.093646	2.381913	0.922067	1.670789	1.138232	1.835629	1.388770	1.615811	0.822487	0.538295	1.433690	1.748321	1.213284	-1.965514	-0.345630	-0.288617	-0.242609	-1.760477	-1.310395	0.516376	-1.011268	0.232572	1.310450	-0.406145	-1.102676	0.359633
0.551664	0.884666	-0.176696	0.224347	-1.744333	-0.349081	-1.092742	-0.291727	-0.636834	-0.728468	-1.224958	-0.722486	-0.171754	-0.030272	-0.441850	-0.805461	0.698886	0.614367	-0.012176	1.142039	-0.291921	0.571147	-0.114245	0.528606	0.290579	-0.048902	-0.292582	-0.558697	-0.421507	-0.305114	-0.715241	0.891973	1.056820	-0.001840	-0.148366	0.334517	0.044996	-1.137185	-0.362998	0.485425	0.418395	0.399689	1.191419	1.804670	0.999739	0.835257	1.794702	1.712451	1.275394	0.632844	-1.147713	-0.378767	0.365336	-1.691786	-1.033590	-0.087286	0.130089	-0.054668	1.543175	1.745364	1.590653	1.904313	0.761357	0.714451	-0.633403	-1.022615	0.335023	0.008909	0.933285	1.414884	1.489967	1.715207	0.607002	0.534690	0.551351	-0.815222	0.984399	0.746732	1.275246	2.116405	-2.205117	-1.444482	0.389210	0.864981	1.298647	1.092240	0.225191	0.993697	0.041920	0.412404	0.464882	0.671933	0.961557	0.861524	1.365185	1.840986	0.225211	-1.434428	-1.207151	-1.498542	-0.560218	-1.836058	-1.147129	-0.295535	-0.990691	-0.930950	0.458249	-1.000325	-1.780569	0.545508
-0.588990	0.552637	-0.942779	-0.833719	-2.956148	-1.502982	-1.585207	-0.838373	-0.822815	-1.544416	-1.921682	-1.269832	-1.615599	-0.930922	0.132398	-0.517112	1.180752	0.515943	0.270572	0.798821	-0.319934	1.034201	0.107246	0.305108	-0.198275	0.499601	1.559551	-0.392207	0.266109	-0.530172	0.036823	-0.279785	0.194021	-0.531861	-0.652950	1.089010	-1.394927	-0.868450	-1.119905	-0.549347	0.348419	0.664684	0.404024	0.868593	0.500938	0.789402	0.523416	0.708221	-0.128555	0.727509	-1.808383	-1.287604	0.400953	-0.143001	-1.147506	-0.035119	-0.125818	-0.348562	0.647852	0.539139	0.522362	1.306584	0.476019	0.054486	-0.242930	-0.526640	1.274730	-0.892882	-0.986326	-0.023205	0.132977	0.386913	0.054157	1.953408	0.176910	-1.372929	0.057437	-0.089083	0.205348	0.471862	-1.870671	-1.109576	-0.495675	-0.149563	-0.345319	-0.860599	-0.843584	-0.326526	-0.396159	-1.393854	-0.155041	-0.810671	0.564660	0.439955	0.519318	0.729961	-0.725545	-0.474795	-2.059267	-2.368086	-0.529337	-0.782832	-0.104910	-0.368272	-0.461152	-2.066560	-0.712869	-1.268455	-1.551682	0.504092
-1.277678	0.286327	-0.540145	-0.716749	-2.786527	-1.453728	-1.010845	0.001499	-0.531289	-0.998907	-2.112118	-1.661511	-1.577805	-0.589935	0.729246	0.465390	1.810931	0.483321	0.723678	0.083498	-0.094304	1.296094	0.710590	0.090791	-1.019092	0.201277	1.825644	-0.512877	0.827339	-0.449419	0.756484	-1.608479	0.079609	0.214946	-0.922214	1.428026	-2.645737	-0.397127	-1.509130	-1.638931	-0.238847	0.629991	-0.239306	0.000618	-0.096364	0.370188	-0.002459	-0.096241	-1.338346	0.787438	-1.255901	-0.991280	-0.200091	1.266921	-0.518534	0.304595	-0.911548	-0.792017	0.095398	0.133486	0.201132	0.629859	0.723136	-0.324048	0.574784	0.924690	1.511988	-1.890632	-1.104498	-1.192962	-0.097327	-0.196197	-0.652672	1.972620	-0.186689	-1.176748	-0.389584	-0.287055	-0.081364	-0.556036	-0.361358	0.041538	-0.655663	-0.241979	-1.741871	-1.700884	-1.329013	-1.210642	-0.051338	-1.976096	-0.227236	-1.802412	0.617150	0.365654	0.139526	0.108446	-0.931590	0.038882	-2.559378	-1.944629	-0.156122	0.642326	0.935571	0.088203	0.266231	-2.556373	-1.460244	-0.691197	-0.615684	0.389533
-1.718430	-0.357425	-0.137443	-0.002816	-2.006471	-1.055268	-0.582462	0.713455	-0.517571	-0.126289	-1.921158	-1.779664	-0.858399	-0.076510	0.388195	1.017303	2.041917	0.093791	0.595076	-0.842406	0.192708	0.911282	1.129717	0.118416	-1.864993	-0.979716	0.113858	-0.819415	0.566145	-0.519704	0.514172	-2.322283	0.345794	1.189541	-0.991669	0.986095	-2.801388	-0.175872	-1.796043	-2.532318	-1.160940	-0.247397	-0.670178	-0.226623	-0.593644	-0.535933	0.668224	0.274436	-1.560944	0.376880	-0.707444	-0.739712	-1.025160	1.057610	-0.304071	0.143859	-1.733034	-1.272156	-0.241811	0.212810	0.807702	0.706848	1.239556	0.211725	0.360254	1.576269	0.576302	-2.025298	0.329260	-1.460264	1.035234	0.526830	-0.889692	0.867470	-0.436837	-0.454338	0.178140	0.169585	0.967750	-0.132191	1.034771	0.675816	-0.190766	0.209873	-2.194539	-1.228395	-0.869142	-1.175407	0.482280	-0.948095	-0.165221	-1.686525	1.217474	1.009590	0.567545	0.573768	-0.752525	-0.091025	-2.390853	-0.431482	-0.046763	1.286825	1.003003	0.120102	0.709238	-2.225513	-1.488922	0.277975	0.067807	0.175077
-2.092922	-1.303929	-0.363583	0.240609	-1.390392	-1.243446	-0.971527	-0.115514	-1.003767	-0.059332	-1.342653	-1.271932	-0.539317	-0.554096	-0.864045	0.404636	1.338873	-0.763332	-0.145192	-1.501401	0.363192	-0.120253	0.962050	0.201399	-1.969905	-1.808294	-1.741225	-0.794416	-0.469443	-0.963844	-0.542070	-1.866873	0.320485	0.989150	-0.760616	0.112540	-1.632318	-0.146087	-1.806232	-2.601771	-1.512848	-1.409482	-1.039038	-0.171269	-0.898020	-1.593488	1.200786	1.100913	-1.095997	-0.778174	-0.695963	-1.306227	-1.426128	-0.507691	-0.887879	-0.640698	-1.633062	-1.402058	-0.738474	-0.182840	1.245972	1.283413	1.158611	1.003838	-1.175722	0.545822	-1.280290	-0.838313	1.314405	-1.466809	1.867091	1.213626	-0.487113	-0.312970	-0.758513	0.161558	0.698237	0.343175	1.895153	0.557259	1.547647	0.282500	0.535577	0.444473	-1.571488	-0.445236	0.105275	-0.692203	0.835641	0.725177	-0.199755	-0.501371	1.415265	1.452473	0.963324	0.986167	-0.811100	-0.288489	-1.505286	1.025703	-0.265602	0.848874	-0.061582	-0.763981	0.500643	-1.468099	-1.031408	0.780974	-0.007772	-0.362126
-2.140841	-1.815753	-0.611779	-0.226026	-0.864990	-1.748629	-1.574775	-1.960179	-1.354530	-0.668620	-0.489232	-0.223905	-0.695971	-1.742464	-1.766920	-0.753828	0.111504	-1.456780	-0.665350	-1.320685	0.550408	-1.055877	0.690358	0.202461	-0.799316	-1.127817	-1.986674	-0.198739	-1.317518	-1.441177	-1.112736	-0.366537	-0.087405	-0.317038	-0.206376	-0.435827	0.038119	0.037600	-1.120488	-1.396955	-0.632322	-1.639364	-1.252210	-0.396450	-0.871007	-1.982374	0.409755	1.065851	-0.617391	-2.156323	-0.554554	-1.881670	-1.189152	-1.811870	-1.233744	-1.238131	-0.360812	-0.895112	-1.142803	-1.005720	0.630761	1.465313	0.167767	0.980992	-2.641735	-1.267136	-2.934143	0.825232	0.723779	-1.916746	0.986308	0.515520	0.041562	-0.992308	-1.149670	0.432434	0.004295	-0.223622	1.151241	0.117934	1.422994	-0.405216	1.247053	0.324888	-0.231220	-0.077499	0.827511	-0.477974	1.159766	1.900673	-0.048347	1.168745	0.477759	0.762456	0.515308	0.187989	-0.893255	0.019777	-0.286685	1.591242	-0.091633	0.112432	-1.398852	-1.817134	-0.186879	-0.849194	-0.447622	0.599844	-0.319073	-1.180639
-1.574125	-1.345249	-0.327747	-0.815554	0.034308	-1.570324	-1.358538	-2.906480	-0.982194	-0.960753	0.209947	0.553621	-0.629814	-2.244292	-1.191116	-1.189521	-0.607949	-1.211453	-0.212099	-0.226916	0.938176	-1.161272	1.039355	0.214022	1.175549	0.691698	-1.008761	0.551327	-1.032782	-1.488924	-0.326591	1.240743	-0.422705	-1.269266	0.517207	-0.178553	0.941855	0.417029	0.201091	0.572200	0.995484	-0.447519	-0.896416	-0.786378	-0.415539	-1.162194	-1.034912	0.078967	-0.261718	-2.656097	0.319609	-1.313118	-0.722090	-1.785848	-0.308882	-0.979204	0.997304	-0.109071	-0.783632	-1.200691	-0.509311	0.898588	-0.882249	0.084298	-2.572912	-2.265032	-3.051008	1.564277	-0.674616	-2.384805	-0.894524	-1.029297	0.067939	-1.365817	-1.303480	0.522123	-1.586744	-0.842809	-0.823001	-1.110705	1.129444	-0.609717	1.592265	0.247689	1.083065	0.006354	0.812636	-0.612457	1.541245	2.152642	0.540956	2.428019	-0.915550	-0.513043	-0.430945	-1.235558	-0.264607	0.728026	0.638728	1.417877	0.689835	-0.169019	-1.925749	-1.752884	-0.597911	-0.554382	0.153313	0.218321	-0.222607	-1.718939
-0.586051	-0.270421	0.022728	-1.065929	1.281957	-0.403120	-0.089150	-1.897884	-0.145599	-0.478774	0.414203	0.364272	0.039527	-1.239314	0.469268	-0.471993	-0.392409	-0.085268	0.996154	1.069353	1.255761	-0.607660	1.749918	0.180780	2.670237	2.063943	-0.425082	0.849758	0.265562	-1.003064	1.079563	1.896976	-0.335348	-0.821554	1.342357	0.747594	0.630953	0.689144	1.461626	2.060705	2.065572	1.193454	0.209232	-0.742799	0.272721	0.343385	-1.408010	-0.602587	0.293549	-1.696810	1.381011	0.202105	-0.533230	-0.962692	1.329247	-0.255720	1.067747	0.171466	0.424585	-0.245939	-0.838451	0.127471	-0.781729	-0.594885	-1.104597	-1.770925	-1.311915	1.016072	-1.592533	-1.866681	-1.738390	-1.594917	-0.355520	-1.712477	-1.025638	0.478915	-2.593177	-0.640753	-2.027510	-1.533681	0.662134	-0.517879	1.136005	0.314020	1.597230	0.114386	0.208562	-0.549240	1.593968	1.621710	1.240758	2.517917	-1.201294	-0.799592	-0.748741	-1.554283	1.061930	1.192266	0.844586	1.086497	1.038629	-0.214707	-1.372788	-0.215679	-0.159881	-0.343170	0.792179	0.036745	0.039752	-1.395943
0.335209	0.487040	-0.173927	-1.054120	2.278217	0.947982	1.433021	0.087358	0.464893	0.292576	0.367145	-0.364800	0.874539	0.537950	1.646126	0.572589	0.120993	0.966804	1.962272	1.638019	0.879639	-0.236397	1.682240	-0.233305	2.742560	1.994810	-0.806635	0.554912	1.452538	-0.189183	1.684553	1.446548	0.014839	0.446424	2.309266	1.792072	-0.019831	0.699649	2.028796	2.306913	1.753623	1.771225	1.549714	-0.071924	0.697661	1.272639	-0.178242	-0.113456	1.059880	0.014507	1.618464	1.334030	-0.727126	-0.539390	2.061613	0.032289	-0.163999	-0.341966	1.658803	1.028689	0.130884	-0.223442	0.607106	-0.194385	0.340229	-0.445217	1.056371	0.206180	-1.658857	-0.258940	-0.640965	-0.376046	-0.563202	-1.898384	-0.538533	0.124861	-2.063742	0.263564	-1.281975	-0.445262	-0.057274	-0.669505	-0.078411	0.126845	1.102047	0.142368	-0.364522	0.046934	0.988813	0.633780	1.436700	1.457190	0.207545	0.472999	0.061299	-0.109281	2.030678	0.888371	0.441500	0.774099	0.020793	-0.648488	-0.456098	1.665433	0.693210	0.019250	1.238390	0.066583	-0.181051	-0.372604
0.966362	0.517329	-0.507392	-0.892084	2.504472	1.564069	2.169733	1.231486	0.691810	0.816771	0.657910	-0.386698	1.131068	1.619633	1.333178	0.942209	0.147673	1.154414	1.961275	1.288614	-0.335751	-0.446233	0.360645	-1.065361	1.679168	1.157503	-1.247819	0.003893	1.553624	0.723506	1.189087	0.743616	0.141009	1.118468	3.033692	2.337910	0.124833	0.672371	1.963900	1.790059	0.556949	0.907940	2.229401	0.707689	0.485849	0.914608	1.234176	0.771967	1.465847	1.115809	0.978324	1.332000	-1.040936	-0.809957	1.289244	-0.232351	-1.209647	-0.964002	2.040957	1.446016	1.378968	-0.212200	1.957366	0.770713	0.778564	0.624407	2.330205	0.121096	-1.232827	1.326858	1.105007	1.353054	-0.234828	-1.644614	-0.217759	-0.532918	-0.561522	0.926047	0.411563	1.033489	-0.532762	-0.767145	-1.189114	-0.458924	0.205767	-0.087762	-0.431084	0.759533	0.185188	-0.234248	1.016902	0.231967	1.966113	1.896419	1.173252	1.720560	1.700969	-0.121809	0.023187	0.224725	-1.532077	-1.291452	-0.034226	2.308753	0.874518	0.524328	1.065870	0.335648	-0.715745	0.431434
1.446202	0.333536	-0.020658	-0.348737	2.023868	1.407614	1.731340	0.855072	1.027422	1.154390	1.467965	0.919261	0.547058	1.361534	0.142896	0.596721	-0.212831	0.761832	1.281082	0.809049	-1.517291	-0.683333	-1.110646	-1.562950	0.633887	0.912435	-0.962521	-0.447567	0.754774	1.537363	0.663205	0.648768	-0.290786	0.607943	2.599996	1.999162	1.068695	0.894861	1.767646	1.569188	-0.230411	-0.135580	1.788568	0.992243	-0.124775	-0.081671	1.137100	0.589517	1.012436	1.024583	0.467362	0.866437	-1.106594	-0.937447	0.310285	-0.131472	-0.693489	-0.680773	1.516107	0.856642	1.466820	-0.319511	1.754226	0.988564	0.576080	0.963471	1.950137	0.479011	-0.565222	1.786433	1.525554	1.698542	0.070790	-0.995944	-0.143041	-1.065054	0.569098	0.773666	1.115683	1.362801	-0.106798	0.111975	-1.231585	-0.848909	-0.188612	-0.330364	-0.160095	0.904768	0.102192	-0.239076	0.578900	-0.033416	2.119090	1.620290	1.328389	2.037176	0.311520	-1.174714	0.232220	-0.607689	-1.750093	-1.199892	-0.282811	1.180351	0.005858	1.131366	0.232015	0.965957	-0.612445	0.247382
1.839448	0.618812	1.374118	0.739036	1.364869	1.155404	0.591942	-0.137117	1.750156	1.519211	2.318711	2.729782	-0.367938	0.497179	-0.495794	0.297707	-0.180807	0.739265	0.854869	1.052106	-1.436475	-0.181582	-1.132181	-0.756198	0.470495	1.609678	-0.341269	-0.647578	0.188360	2.005840	1.062979	1.216852	-1.076482	-0.261026	0.690679	0.988533	1.815984	1.420658	1.639111	2.036346	0.192443	0.152233	0.616593	0.777286	-0.310044	-0.356637	-0.449985	-0.870816	0.032257	0.468084	0.832116	1.015590	-0.565978	-0.188337	0.739059	1.090363	1.237295	0.811290	0.654075	0.078429	0.032823	-0.735909	-0.030757	-0.022560	0.625453	0.881381	0.899005	0.387002	0.221781	1.091271	0.140725	0.261534	-0.296207	-0.352865	-0.062647	-0.997193	0.672542	0.256639	0.216097	0.430671	0.952371	2.013022	-0.238683	-0.400753	0.273638	-0.161097	-0.117070	0.412688	0.878435	0.764904	0.686670	0.727832	0.329602	-0.365849	0.279593	0.555566	-1.042108	-1.352060	1.236016	-1.227751	-0.135627	-0.015762	-0.765767	-0.804297	-0.921349	1.904650	-0.652327	1.661188	0.431206	-0.682839
1.869287	1.240368	2.619717	1.959995	1.010863	1.255579	-0.439976	-0.620588	2.334339	1.662922	2.643084	3.618143	-0.731586	0.227885	0.064536	0.540851	0.573724	1.445957	1.179734	1.827304	0.151395	1.019505	0.555243	1.311434	1.059039	2.305331	-0.179590	-0.519205	0.707124	1.942583	2.129170	1.964791	-1.472179	-0.216681	-1.352350	0.205628	1.826554	2.146183	1.236730	2.546412	1.402748	1.702839	-0.488615	0.538148	0.632907	0.713623	-1.863187	-2.135106	-0.468795	0.448319	1.647592	1.849894	0.762830	1.055972	2.403530	2.864179	3.233332	2.793775	-0.180818	-0.323889	-1.929346	-1.235990	-1.756848	-1.233967	1.111390	0.848934	0.387911	-0.186456	0.686309	-0.005641	-1.640767	-1.545388	-0.952066	-0.095103	0.242188	-0.418113	0.363946	0.189428	-0.984779	-0.464386	1.367731	3.499028	0.720802	0.569266	1.108580	0.426452	-0.497454	-0.059961	1.366063	1.783589	1.071161	1.397714	-1.609535	-2.039395	-0.926760	-1.168485	-1.593341	-0.148849	2.501074	-1.125770	1.666460	1.306364	-1.062982	-2.254981	-0.619019	2.734575	-0.938594	1.661739	1.353957	-1.306064
1.205380	1.283610	2.669015	2.576442	0.953248	1.389648	-0.967010	-0.567824	1.986181	1.108224	2.369913	3.002978	-0.088186	0.903185	1.139362	1.009556	1.350770	2.092772	1.692479	1.955834	2.019512	2.017798	2.473909	3.212511	1.592361	2.018296	-0.497820	-0.019633	1.918522	1.420015	2.897147	2.500757	-0.760505	1.103896	-1.518221	0.477661	1.694594	2.898757	0.210982	2.196362	2.210425	2.721143	-1.107793	0.518154	2.439449	2.285329	-1.674748	-1.707828	0.124449	0.970236	1.891558	2.346265	2.517629	1.783174	3.351181	3.663173	4.084321	4.107191	-1.073911	-0.638763	-3.088358	-1.604657	-1.777014	-1.216305	1.406815	0.907962	0.504327	-0.317941	0.341700	-0.882245	-2.112461	-2.113308	-0.735463	-0.202025	0.701588	0.009201	0.674701	0.677037	-0.896282	-0.299808	0.250559	3.054693	0.710175	0.939439	1.501918	0.975245	-0.833869	0.039675	0.318407	1.479131	0.843401	0.921293	-1.704622	-1.586757	-1.150036	-1.552966	-1.526959	1.861599	3.132174	-0.505719	1.885271	1.530227	-1.067369	-2.500794	0.880430	3.142254	-0.714262	0.658237	0.980473	-0.855858
-0.077932	0.151517	1.480525	2.239089	0.711446	0.908431	-1.228050	-0.743380	0.631517	-0.143037	1.784900	1.517408	1.019219	1.635551	1.637655	1.120392	1.170644	1.617445	1.343258	0.595793	2.547483	1.996802	2.852179	3.367935	1.382920	0.785558	-0.556612	0.693380	2.530535	0.725393	2.780885	2.602801	0.907661	2.702444	0.503392	1.496701	2.100641	3.278599	-1.216717	0.765325	1.732455	1.582639	-1.452399	0.398615	3.799152	2.790592	-0.137969	0.190017	1.227820	1.160199	1.081414	1.582346	3.718984	1.629108	2.024311	2.571329	3.496413	3.948539	-1.991263	-1.242306	-2.866125	-1.807866	-0.194054	0.236157	0.980875	0.742030	0.426592	0.481462	-0.508318	-1.326055	-0.966365	-1.192847	0.710252	-0.233285	1.083530	-0.114611	1.782956	1.009930	0.567224	0.539389	-1.675309	0.841166	-0.131055	0.035174	1.033741	1.068307	-0.626312	0.429771	-1.999327	-0.341534	-0.432496	-0.529020	0.031431	0.527795	-0.352478	-0.612499	-1.431007	3.184055	2.631825	-0.116342	0.753688	0.615759	-0.778713	-1.849133	2.098050	2.687283	-0.618432	-0.506864	-0.363526	0.341193
-1.401996	-1.556081	-0.165047	1.268569	-0.116972	-0.320542	-1.582729	-1.405335	-0.873870	-1.447699	1.026028	0.093773	1.380315	1.240912	1.223423	0.801140	0.002580	-0.001279	-0.184440	-1.612390	1.292868	1.097120	1.275242	1.681157	0.358598	-0.602628	0.198231	1.211251	1.683921	0.141860	1.872766	2.051024	2.308604	3.070576	2.624976	1.910261	2.626823	2.697643	-2.370169	-1.107360	0.062167	-1.273964	-1.847691	-0.180968	3.399294	1.466755	1.284142	1.855623	1.571646	0.538470	-0.376294	-0.235617	3.444710	1.244272	-0.904542	0.294558	1.906639	2.319681	-2.395252	-1.729354	-1.646273	-1.731048	1.260670	1.813534	0.039873	0.205467	-0.240326	1.409925	-0.753825	-1.216458	0.598891	0.188137	2.126252	0.231035	1.234952	-0.252532	2.778378	0.644970	2.082107	0.983891	-2.683976	-1.404907	-0.939820	-1.572932	-0.043013	0.669404	-0.089420	0.296552	-3.837676	-2.356287	-2.085715	-1.840697	1.651044	2.092434	0.618338	0.433082	-1.386742	2.690629	1.405231	-0.256897	0.004759	-0.281762	-0.163232	-0.964768	1.757099	1.547842	-0.923439	-0.580693	-1.129902	1.230516
-2.033281	-2.505085	-1.453388	0.276008	-1.306075	-1.645642	-1.925514	-1.875299	-1.535975	-2.114894	0.033456	-0.925637	0.294197	-0.421332	0.456311	0.484432	-1.044970	-1.582116	-1.978927	-2.991140	-0.644978	0.237419	-1.072830	-0.331670	-0.980018	-1.511819	1.488400	1.135783	-0.153487	-0.111981	0.536434	0.848196	2.149901	1.633799	2.567827	0.813901	2.208464	0.970869	-2.767592	-2.499403	-1.904262	-3.680142	-2.163563	-0.975014	1.236647	-0.819014	1.517695	1.953349	0.611504	-0.296231	-1.724765	-1.969964	1.748770	1.304441	-3.127500	-1.524505	0.042683	0.015383	-1.766451	-1.342370	-0.255147	-1.143282	1.101784	2.036870	-0.763350	-0.410262	-0.833818	1.277868	0.275433	-0.493318	1.205800	0.981445	1.960640	1.089606	1.093898	0.381619	2.674726	-0.056010	2.503615	0.683057	-1.895487	-2.165505	-1.160939	-2.660695	-1.083051	0.018898	0.034360	-0.707851	-3.761823	-3.005456	-2.933303	-2.193702	1.515035	1.628312	1.183040	0.820652	-0.912915	0.869626	0.395431	-0.333006	0.539630	-0.237528	0.636998	-0.262908	0.270468	0.451529	-1.186983	0.590491	-0.418472	1.131589
-1.607442	-1.989100	-1.992992	-0.305387	-2.120124	-2.217449	-1.816391	-1.499184	-1.125570	-2.015669	-1.038070	-1.655811	-1.533381	-2.137469	0.003589	0.436813	-0.932872	-1.977664	-2.769320	-2.485648	-1.803389	0.092772	-2.583357	-1.140204	-1.937089	-1.874964	2.435925	0.464779	-1.650968	0.160776	-0.891582	-0.488153	0.449439	-0.590075	0.393989	-1.096078	0.642472	-1.136460	-2.514895	-2.879283	-3.126064	-3.969740	-1.965227	-1.320989	-1.195031	-2.323083	0.781830	0.812706	-0.785536	-0.428438	-2.445994	-2.623518	-0.184398	1.602559	-3.025097	-1.878036	-1.316956	-1.769884	-0.398851	-0.148659	0.603790	-0.151681	-0.401377	0.747311	-0.985691	-0.696620	-0.527275	0.012861	1.779134	0.487004	0.558356	0.989068	0.329340	1.778602	0.610335	1.445171	1.453398	-0.327634	1.884922	0.218834	-0.205978	-1.462923	-0.940020	-2.528344	-1.523051	-0.564504	-0.527308	-1.947183	-2.122303	-1.969225	-2.443129	-1.697214	0.040041	-0.089420	1.503093	0.959201	0.180162	-0.556732	0.171018	0.296957	1.363238	0.449996	1.191100	0.169105	-0.748176	-0.008852	-0.894935	1.727786	1.024146	0.364301
-0.444493	-0.631355	-1.749094	-0.327902	-2.031837	-1.717246	-1.137944	-0.542190	-0.319947	-1.531201	-1.716820	-2.009175	-2.481479	-2.478371	-0.013993	0.395625	0.094081	-1.214266	-2.196630	-0.687379	-1.686230	0.419071	-2.547697	-0.650229	-2.075838	-1.938900	2.383168	-0.296098	-1.862705	0.950699	-2.057956	-1.236767	-1.291724	-1.909330	-1.713322	-2.254915	-0.910237	-2.313862	-2.053795	-2.322278	-3.035694	-2.528709	-1.167500	-0.950193	-2.180705	-2.036092	0.075444	-0.144985	-1.233918	0.242414	-2.386590	-2.101231	-0.933771	1.510718	-1.123522	-1.091675	-1.566486	-2.078457	0.690089	0.811086	0.658645	0.587453	-1.686696	-0.813684	-0.637794	-0.578020	0.470206	-1.144472	2.253076	1.029389	-0.487528	0.657347	-0.955943	1.862681	-0.069474	1.535030	0.051309	-0.001984	0.994761	0.119723	0.729316	-0.402194	-0.598373	-1.455323	-1.158494	-0.727357	-1.014833	-2.351709	-0.512823	-0.293501	-1.143656	-0.932698	-1.022605	-1.134881	1.827035	1.454001	1.264869	-0.451078	0.501145	1.302348	1.084840	0.854939	1.163322	0.381315	-0.359609	0.161067	-0.105425	1.580238	1.870051	-0.161174
0.652218	0.376365	-0.852805	0.159611	-1.231175	-0.496591	-0.341675	0.227765	-0.026823	-1.002597	-1.706401	-1.625298	-1.566651	-1.200018	0.097519	-0.003838	0.820367	-0.201509	-1.036941	0.900543	-0.885000	0.510794	-1.494992	0.104651	-1.492410	-1.894393	1.551259	-0.541450	-1.007663	1.769291	-2.567142	-1.167218	-1.515255	-1.578848	-2.019011	-2.008620	-1.170452	-1.909845	-1.665781	-1.271172	-1.849113	-1.006729	-0.263621	-0.284243	-1.271872	-0.506854	0.102706	0.027858	-0.278800	0.914986	-1.634737	-1.004987	-0.010801	1.032506	0.743151	-0.088054	-0.631551	-0.800514	0.785134	0.773877	0.186798	0.503204	-1.614385	-1.287115	-0.000302	-0.308097	1.035560	-0.998016	1.330691	0.839991	-0.846039	0.442627	-0.469751	1.399606	-0.384540	0.072381	-0.509149	0.388240	0.387280	0.255067	0.214335	0.146495	-0.118384	-0.207775	-0.141897	-0.170290	-0.389726	-1.416780	-0.013364	0.766973	0.056226	-0.276561	-0.703273	-0.662411	1.903222	2.023035	1.501327	0.574250	0.817103	1.644782	-0.098832	0.651040	0.767505	0.456358	0.733312	0.550537	0.701642	0.427025	1.739221	0.197670
1.044428	0.558109	0.379976	0.890623	-0.389381	0.794423	0.071014	0.552651	-0.531228	-0.416923	-1.276444	-0.517982	0.539236	0.596764	0.084870	-0.635939	0.543683	0.410305	-0.239249	1.388078	-0.202771	0.171342	-0.479523	0.353338	-0.691640	-1.732601	0.793242	-0.168687	-0.179682	1.837245	-2.222841	-0.751961	-0.155234	-0.373611	-0.971959	-1.222443	-0.233081	-0.643121	-1.289450	-0.217206	-0.410105	-0.403908	0.211236	0.164730	0.458548	0.851190	0.759531	1.002508	1.200920	0.809256	-0.480476	0.054665	1.714869	0.745140	1.306036	0.617274	0.806442	1.130701	0.193231	0.197300	-0.147623	-0.097509	-0.462446	-0.430154	0.548315	-0.094483	0.446144	0.308395	0.267532	0.434735	-0.146647	0.514570	1.182345	0.703608	0.230902	-1.563655	0.049818	0.410659	0.156138	0.311149	-0.952528	0.153463	0.626398	0.635907	1.116542	1.040132	1.294775	0.364198	-0.305759	0.860126	0.720509	0.222673	0.286425	0.408456	1.344564	1.852563	0.776850	1.022407	0.811035	0.859176	-0.618436	0.327072	0.562217	0.459769	1.218496	0.777875	1.157076	-0.330037	1.222041	1.313638
0.782269	0.472031	1.377092	1.375210	-0.022484	1.605706	0.127189	0.848929	-1.241254	0.333366	-0.932921	0.594245	2.143043	1.627896	-0.095122	-0.982030	-0.164820	0.666492	-0.029217	1.055286	0.040172	-0.095575	-0.137972	0.221489	-0.161492	-1.315136	0.567980	0.335376	-0.317331	0.772975	-1.332453	-0.625456	1.383536	0.435330	-0.252152	-1.020435	0.522637	0.091775	-0.727029	0.470753	0.441052	-0.337173	0.253977	0.389504	1.471865	1.057038	1.426531	1.744308	1.921744	-0.051360	0.598691	0.804861	2.695821	0.703700	0.665116	1.024457	1.612163	2.279852	-0.240448	0.057381	0.153155	-0.257193	0.656698	0.853941	0.620977	0.089279	-0.802162	1.508776	0.297576	0.487755	1.042268	0.796399	2.109532	0.005790	1.487788	-1.571343	1.067092	0.187644	0.192148	0.349806	-1.499925	0.025973	1.350232	0.954657	2.041522	2.249588	2.599895	1.947821	-0.410283	0.557355	1.001735	0.597355	0.721948	0.803768	0.302998	0.780560	-0.231508	0.250562	0.443204	-0.281986	0.314084	0.276920	0.724272	0.372326	0.746717	0.667910	1.195391	0.014841	0.739290	2.361018
0.442731	0.843855	1.616099	1.237638	-0.135920	1.722654	0.271062	1.471228	-1.300580	1.107703	-0.788102	0.946424	2.165137	1.566354	-0.432596	-0.820104	-0.358072	0.724051	-0.030672	0.588469	-0.026335	0.081595	-0.330711	0.128848	-0.054240	-0.581956	0.390600	0.473630	-1.272733	-0.929058	-0.599749	-0.930274	1.741229	0.405146	-0.656316	-1.358354	0.021371	-0.359545	0.056880	0.648466	0.502528	0.008242	0.256285	0.693916	1.019908	0.212234	1.574473	1.579556	1.362542	-0.928895	1.134518	1.180411	1.951303	0.167779	-0.355571	1.157346	1.031296	1.810813	-0.138648	0.527623	0.892062	0.490663	0.993781	1.484188	0.096698	0.324319	-1.626319	1.574385	1.082882	0.962315	1.770267	1.037358	1.237243	-0.554297	2.191609	-0.004488	1.495793	0.006018	0.343152	0.582617	-0.975567	0.031811	1.464369	0.999733	2.094169	2.567967	2.135751	2.553420	0.126156	0.486248	1.133865	0.837578	0.374654	0.391074	-0.538598	-0.382464	-0.815591	-1.016955	-0.331665	-0.596070	1.508602	0.192750	0.789704	0.163883	0.055835	0.201594	0.895081	0.628883	0.070664	2.368638
0.446323	1.670313	1.173149	0.690677	-0.394610	1.322328	0.749857	2.214511	-0.484787	1.615489	-0.509819	0.573966	1.055899	1.031406	-0.885306	-0.573391	-0.011942	0.386553	0.017232	0.214124	-0.150255	0.308269	-0.518743	0.121454	-0.220943	0.247714	-0.396242	0.234911	-1.879999	-2.214302	-0.474419	-1.242487	0.899709	0.084014	-1.433486	-1.241837	-1.309622	-1.343616	0.808421	0.462444	0.205550	0.757165	0.431316	1.141152	-0.392258	-0.758014	1.141881	0.668439	0.105714	-1.045760	0.958837	1.151829	-0.124968	-1.167582	-1.076762	0.907409	-0.580092	0.226208	0.184582	0.914845	1.337230	1.505881	0.640490	1.081047	-0.560538	0.570583	-1.477105	0.628916	1.361149	1.272068	1.523369	0.943416	-0.675273	-0.830484	1.524164	1.373507	0.864296	-0.091133	0.474371	0.914689	-0.015917	0.144299	0.798096	1.147301	1.122663	1.663051	0.190652	2.143927	0.903491	0.639456	1.061248	0.929156	0.007645	-0.021311	-0.599031	-0.744181	-0.792848	-1.733154	-1.455846	0.132987	1.227254	-0.377132	0.319505	-0.002618	-0.242749	-0.516052	0.373074	0.348628	-0.927551	1.071523
0.637691	2.265679	0.681376	0.406120	-0.526239	0.742264	1.294126	2.592273	0.561764	1.695682	0.075717	0.131020	0.106655	0.691231	-1.242457	-0.806120	-0.020650	-0.521277	-0.056130	-0.281348	-0.126161	-0.012338	-0.408787	-0.007246	-0.433782	0.718282	-1.513215	-0.101309	-1.194344	-2.327245	-0.638813	-1.101675	-0.046134	0.106908	-1.498174	-0.177111	-2.121007	-1.767336	1.127455	0.204183	0.007377	1.342710	0.635389	1.477729	-1.531012	-0.860075	0.470914	-0.331571	-0.773441	-0.196709	0.288143	0.730932	-2.059580	-2.261708	-1.249633	0.287572	-1.973497	-1.155803	0.394504	0.796583	1.023803	1.783571	0.095512	0.050293	-0.548459	0.718587	-0.597305	-0.439214	0.706221	1.181299	0.617889	0.460555	-1.942087	-0.717772	0.170664	1.355969	-0.217614	-0.156801	0.566620	1.059182	0.418782	0.155783	-0.087357	1.534587	-0.424534	0.147015	-1.484537	1.275948	1.225601	0.550119	0.587788	0.817567	0.159520	0.039835	0.089979	-0.211763	-0.395021	-1.599818	-2.448755	0.846702	-0.609892	-1.217454	-0.356083	0.168554	-0.389490	-1.253084	-0.176549	-0.784139	-1.774137	-0.611158
0.594881	2.007314	0.469931	0.621222	-0.528778	0.122473	1.459402	2.334419	1.016920	1.289701	0.597097	-0.090489	0.018111	0.599166	-1.207658	-1.455490	-0.956430	-1.605119	-0.484347	-0.985083	0.129625	-0.692837	-0.239594	-0.305506	-0.537798	0.480809	-1.864555	-0.433642	0.309035	-1.417678	-0.429879	-0.582922	-0.170949	0.464484	-0.714666	1.079088	-1.722143	-1.310832	0.810642	-0.028094	-0.058647	1.272285	0.724399	1.480256	-1.508934	0.120034	-0.060164	-0.877747	-0.669232	1.080927	-0.486961	0.019314	-2.490129	-1.792134	-1.009188	-0.494968	-2.176593	-1.566320	0.580705	0.552739	0.289716	1.094276	-0.283915	-0.910466	0.403153	0.662801	0.503614	-0.961973	-0.151746	1.042402	-0.161788	-0.081340	-1.546275	-0.226374	-0.434936	0.459034	-0.710418	-0.153011	0.644690	0.920705	-0.065468	-0.195642	-0.542994	1.795512	-1.743706	-1.006940	-1.566736	0.547717	0.745574	-0.053927	-0.256284	0.346547	0.456777	0.196339	0.892325	0.562084	0.055925	-1.021040	-2.623508	0.376301	-2.331625	-1.647972	-0.393181	0.671796	-0.827954	-1.731032	-0.543555	-1.761050	-1.940209	-1.266302
0.217925	0.914219	0.036291	0.578749	-0.513511	-0.573678	1.154065	1.544075	0.723529	0.336634	0.550135	-0.483708	0.310265	0.388683	-0.694052	-1.735369	-2.196699	-2.067358	-1.074998	-1.579271	0.472812	-0.863650	-0.424792	-0.653495	-0.487371	-0.336441	-0.817372	-0.834752	1.123192	-0.333029	0.185528	-0.273143	0.407673	0.669723	0.159055	1.358224	-0.764048	-0.608036	0.120272	-0.420390	-0.192529	0.612442	0.773877	1.078130	-0.594334	1.268280	-0.341242	-0.873290	0.027042	1.864051	-1.058992	-0.769491	-1.306601	0.032661	-0.728031	-1.215062	-1.436158	-1.421579	0.881546	0.573415	-0.120923	0.109477	-0.365956	-1.287359	1.536086	0.313059	1.373954	-0.921179	-0.630351	1.055216	-0.323524	-0.267424	0.060442	0.487643	-0.000862	-0.280110	-0.380913	-0.150990	0.539329	0.562587	-1.007144	-1.002273	-0.610896	1.319499	-2.234780	-1.405037	-0.425969	0.164159	-0.276502	-0.931046	-1.070879	-0.541064	0.255919	-0.038872	1.009766	0.829794	0.301370	-0.417332	-1.832981	-1.203325	-2.550789	-1.435577	0.505961	1.027682	-1.315245	-1.765169	-0.704080	-2.095812	-1.598159	-0.443596
-0.166681	-0.380936	-1.144245	-0.610485	-0.428480	-1.127908	0.693329	0.578520	0.237642	-0.938241	-0.055528	-1.305583	0.148742	-0.082688	0.094083	-0.896630	-2.483090	-1.426465	-1.216858	-1.567181	0.590225	-0.126279	-0.936601	-0.956542	-0.335503	-1.101056	0.927280	-1.167555	0.443551	0.203029	0.432918	-0.571791	0.863168	0.403632	0.421525	0.397080	-0.355880	-0.388043	-0.336150	-1.022761	-0.386296	-0.139000	0.823880	0.220962	0.041661	1.313291	-0.466233	-0.547423	0.337912	1.563160	-1.230501	-1.269146	0.252236	1.465306	-0.627587	-1.638956	-0.819218	-1.479599	1.055597	0.559115	0.097604	-0.444891	-0.064204	-0.922411	1.785667	-0.241404	1.572312	-0.624163	-1.022785	0.803120	-0.038069	-0.027955	1.433104	1.078997	0.208035	-0.675783	-0.097023	-0.414172	-0.047203	-0.037311	-1.492599	-1.877320	-0.816652	0.014133	-1.827214	-1.377852	0.640180	-0.017623	-1.081867	-1.546911	-1.271664	-1.424882	-0.365965	-0.462317	0.116698	0.296502	0.289728	0.093400	-0.742185	-2.533406	-1.580714	-1.028017	1.567544	0.857413	-1.139298	-1.338642	-0.829191	-2.231445	-1.266941	0.773821
-0.257030	-1.105569	-2.438425	-2.484459	-0.078256	-0.985798	0.377276	-0.129451	0.084797	-1.753443	-0.716856	-2.012857	-0.460533	-0.452475	0.866645	0.877296	-1.274612	0.032677	-0.451510	-0.696594	0.337196	0.843819	-1.212608	-1.114134	-0.189275	-1.134566	1.905645	-1.052104	-0.855143	0.199193	-0.244847	-1.107376	0.682723	-0.126494	0.059260	-0.919826	-0.814305	-0.730222	-0.107453	-1.357900	-0.389830	-0.451170	0.661456	-0.996388	-0.433896	0.001429	-0.417005	-0.105615	-0.246687	0.461652	-0.800338	-1.033446	0.745684	1.221645	-0.439990	-1.444262	-0.896095	-1.694935	0.780925	0.082245	0.543764	-0.405240	0.660280	0.014530	0.998754	-0.544586	0.886333	-0.301258	-1.644978	-0.098791	0.247904	0.365905	1.436301	1.127397	-0.793616	-1.051661	-0.670324	-0.976228	-1.060080	-0.837941	-0.929316	-2.038311	-1.217507	-1.254819	-0.810234	-1.211413	0.966126	-0.113732	-0.868170	-1.450719	-0.486891	-1.475658	-0.595487	-0.388122	-1.248541	-0.681993	0.315908	0.492060	-0.104534	-2.305569	-0.603290	-0.799461	1.740140	0.501051	-0.120274	-0.591707	-0.932883	-2.353685	-0.913985	0.973083
-0.136358	-0.909942	-2.406378	-3.268168	0.518183	0.073143	0.188066	-0.301799	0.158447	-1.344942	-1.041342	-1.861319	-0.629963	-0.256717	1.350814	2.368252	0.591214	1.453453	0.907054	0.707998	-0.027225	1.079249	-0.818954	-0.957342	-0.125393	-0.349758	1.314903	-0.357924	-1.268151	0.169477	-1.330005	-1.128753	0.212607	-0.415021	-0.428793	-1.563693	-1.464993	-1.172917	0.665327	-0.812376	-0.098663	-0.136640	0.091023	-2.061776	-1.557776	-1.550800	-0.007993	0.421978	-1.176986	-0.539304	0.300858	0.092113	-0.082791	-0.078393	0.227092	-0.505823	-1.112511	-1.325131	0.177970	-0.574685	0.642406	-0.021764	1.567438	1.086363	0.068033	-0.104602	-0.245816	-0.066282	-2.011657	-1.187395	0.380700	0.656397	0.299097	0.517758	-2.155594	-1.289469	-1.707442	-1.381097	-1.871118	-1.446137	0.370783	-1.065885	-1.137959	-1.341517	0.453295	-0.666489	0.875946	-0.031281	0.479116	-0.564033	1.015637	-0.279171	0.113537	0.457472	-2.050676	-1.339530	0.737708	0.665758	0.029156	-0.577834	-0.125461	-0.553429	0.911135	0.620628	1.005859	0.197705	-0.634696	-1.790494	-0.087877	0.062172
-0.101020	-0.132777	-0.627470	-1.896031	0.959005	1.382376	-0.027890	-0.013309	-0.019752	0.016235	-1.035180	-0.920752	0.171452	0.453248	1.240097	2.320555	1.645643	1.988358	1.831576	1.781721	-0.112976	0.433337	-0.055930	-0.441435	-0.109175	0.595788	-0.204796	0.475979	-0.387984	0.392130	-1.796251	-0.465202	0.124407	-0.200727	-0.608973	-1.359965	-1.496548	-1.276471	1.365457	0.493166	0.257752	0.498352	-0.683200	-2.310537	-2.072320	-2.110412	0.689557	0.943681	-1.484535	-0.831240	1.627649	1.568413	-1.120993	-0.876165	1.102985	0.688081	-0.636568	-0.089681	-0.334093	-0.745498	0.235151	0.382912	2.051718	1.706251	-0.244991	0.867607	-0.986243	-0.002144	-1.490554	-1.505896	0.468257	0.725787	-0.670291	-0.338610	-2.254500	-1.017893	-2.066390	-1.225674	-1.831028	-1.408003	1.370438	0.405916	-0.170464	-0.125040	1.534356	0.430729	0.754841	0.291051	1.992154	0.644072	2.260541	1.409994	1.227806	1.455863	-1.746723	-1.196286	1.372741	0.516404	0.098445	1.283150	0.133690	-0.070172	-0.004812	1.184331	1.350789	0.682858	0.401645	-0.270173	0.996424	-0.704604
-0.253577	0.512802	1.406845	0.438752	0.890286	1.939805	-0.213858	0.383948	-0.555965	1.066134	-0.764775	0.010656	1.229244	1.048663	0.416673	0.745067	1.181257	1.376867	1.502752	1.724440	0.111861	-0.344368	0.367163	0.190720	-0.001139	0.961934	-1.290452	0.841977	0.812042	0.568997	-1.306094	0.286177	0.465805	0.235681	-0.464429	-0.878823	-0.746012	-0.928512	1.506125	1.581856	0.450745	0.943937	-1.157186	-1.635566	-1.362129	-1.600391	1.067016	1.087751	-0.932153	-0.630553	2.270342	2.368720	-1.179536	-0.652907	1.306518	1.285376	0.435479	1.247603	-0.593019	-0.351453	-0.377622	0.527052	1.544666	1.457379	-0.187013	1.390286	-1.019619	-0.089322	-0.376751	-0.783817	0.431734	0.453843	-0.553118	-0.845264	-0.944865	-0.388544	-1.344125	-0.789074	-1.027646	-0.837822	1.239630	1.137293	0.918994	1.130353	1.919944	1.486227	0.448312	0.636793	2.302200	1.336085	2.229161	2.153605	1.572156	1.638879	-0.863551	-0.616653	1.504327	0.162953	0.264012	1.960145	0.272801	0.282552	-0.244575	1.398421	0.839351	0.685437	1.731940	1.015859	1.283832	-0.401863
-0.419236	0.589207	1.820053	1.479909	0.543952	1.493982	-0.122229	0.569154	-0.958168	0.947814	-0.110401	0.425347	1.361350	0.977908	-0.632255	-0.894886	-0.141997	0.161945	0.206704	0.552676	0.295612	-0.519543	0.202597	0.579358	0.285882	0.726933	-1.287955	0.639790	1.236819	0.288328	-0.389586	0.608091	0.528295	0.371013	-0.239025	-0.551699	0.316112	-0.283801	1.153928	1.607877	0.574992	0.984609	-1.030100	-0.668132	-0.107355	-0.812972	0.539035	0.517391	-0.217627	-0.457589	1.680889	1.868788	-0.326963	-0.271275	0.498976	0.925120	1.097892	1.650822	-0.750899	0.033540	-0.779825	0.287429	0.180543	0.496188	-0.404329	0.784745	-0.853536	-0.170276	0.387104	0.188957	0.012246	-0.192302	0.187483	-0.738669	0.231410	0.108428	-0.368974	-0.658392	-0.254902	-0.370031	0.184862	0.597941	0.885685	1.046558	1.353724	1.615209	-0.212810	0.680302	0.997632	0.974375	0.838466	1.291587	0.650945	0.742921	-0.382729	-0.409748	0.793459	-0.057565	0.288727	1.403940	0.001222	0.028365	-0.071993	0.868296	0.239457	0.428097	2.236109	0.724259	0.275225	0.382564
-0.456259	0.213249	0.502230	0.523409	0.512361	0.676669	0.307026	0.416433	-0.744259	0.189618	0.879298	0.531013	0.416092	0.374165	-1.015629	-1.108056	-1.054377	-0.736534	-0.936313	-0.874795	0.180911	-0.125757	-0.113013	0.503591	0.588136	0.484660	-0.724166	0.351672	0.763735	-0.302996	0.386391	0.640232	-0.226685	0.015742	-0.034912	-0.235247	1.085073	0.352512	0.673275	0.717489	0.763775	0.765777	-0.520798	-0.117048	0.557180	-0.264638	-0.591376	-0.509864	-0.044712	-0.335034	0.376415	0.496040	0.273086	-0.429698	-0.472893	0.083162	0.635868	0.900674	-0.863566	0.017839	-0.779097	-0.163140	-1.094262	-0.463462	-0.847449	-0.381192	-0.921379	-0.186200	0.440592	0.529610	-0.691069	-0.880463	0.393628	-0.147392	0.149237	0.458085	-0.091989	-0.792801	-0.148422	-0.358740	-0.718863	-0.433537	-0.388984	-0.356760	0.190266	0.746826	-0.845044	0.288992	-0.873725	-0.125200	-0.898166	-0.369794	-0.691615	-0.419726	-0.593252	-0.790766	-0.096976	0.143261	0.100651	0.651344	-0.581894	-0.508055	-0.198242	0.265251	0.262067	0.336881	1.347838	-0.588941	-0.954702	0.436411
-0.473080	-0.288644	-0.888090	-0.901040	0.894812	0.027737	0.745695	-0.084895	-0.065058	-0.112598	1.635641	0.611593	-0.549354	-0.172087	-0.394013	0.044803	-0.912453	-0.827801	-1.214731	-1.669474	-0.102512	0.222473	-0.137523	-0.028635	0.551876	0.546418	-0.354273	0.414288	0.087642	-0.522978	0.865378	0.693630	-1.356688	-0.528836	0.287083	0.308286	1.189476	0.617827	0.188528	-0.299760	0.719721	0.375833	-0.155666	-0.135817	0.253183	0.126168	-1.281511	-1.214815	-0.369376	0.072049	-0.542749	-0.709502	-0.209723	-0.578457	-0.610127	-0.579513	-0.539073	-0.298125	-0.822126	-0.242530	-0.568158	-0.561164	-1.406524	-0.808107	-0.853077	-0.895670	-0.825333	-0.374319	0.325776	0.232032	-1.095398	-1.091042	-0.383345	0.689711	-0.482994	1.043048	-0.451467	-0.491743	-0.524371	-0.474324	-0.563081	-0.772342	-1.534925	-1.733606	-0.849902	-0.299218	-0.979751	-0.484350	-1.882478	-1.092177	-1.885296	-1.558178	-1.205555	-0.847958	-0.829567	-1.089652	-0.211090	0.672240	-0.001302	0.578346	-0.745584	-0.383010	-0.640055	0.377368	0.767551	0.476507	-0.018875	-0.913308	-0.844950	-0.372496
-0.595835	-0.745031	-1.000310	-1.059387	1.018245	-0.601219	0.763367	-0.814335	0.489022	0.268447	1.475169	0.504416	-0.653042	-0.382043	0.522876	1.136040	-0.121484	-0.391381	-0.988322	-1.588894	-0.291794	0.122372	0.031425	-0.705807	0.038316	0.530621	-0.178602	0.716278	-0.156460	0.022352	0.979855	0.632150	-1.837556	-0.885569	0.735066	0.828333	0.599334	0.304173	-0.444666	-0.930320	-0.023949	-0.289941	-0.236227	-0.393624	-0.425314	0.458846	-0.978156	-1.121873	-0.673748	0.621396	-0.593280	-1.144808	-1.278368	0.173169	-0.102857	-0.900739	-1.392677	-1.112925	-0.678514	-0.497921	-0.554245	-0.905871	-0.951306	-0.662835	-0.215618	-0.394521	-0.005014	-0.956758	0.565281	-0.082384	-0.815444	-0.736244	-1.527563	1.487452	-0.233960	1.781876	-0.621924	0.562227	-0.707175	-0.288626	0.545118	-0.103056	-1.195963	-1.902601	-1.309008	-0.863193	-0.812122	-1.488295	-1.621652	-1.343169	-1.945138	-1.869987	-0.727248	-0.539811	-0.421391	-0.698718	0.491679	1.011092	0.182010	1.060093	0.021897	0.755708	-0.665511	0.916438	0.943217	0.396020	-0.328400	0.625215	0.756836	-0.962603
-0.624848	-1.026364	-0.194788	0.010472	0.311633	-1.411919	0.274749	-1.352492	0.591599	0.621136	0.401606	0.021001	-0.196996	-0.539656	0.786617	1.120378	0.495838	0.025042	-0.938442	-0.900896	-0.343617	-0.193212	0.055631	-0.923615	-0.587662	0.039062	0.292839	0.847146	0.029825	0.817058	0.611488	0.143669	-1.213819	-0.986027	0.923063	0.792838	-0.342968	-0.392692	-1.135256	-1.158058	-1.271804	-1.083777	-0.515468	-0.503878	-0.682414	0.572376	-0.328169	-0.614111	-0.632291	0.622557	-0.291016	-1.035549	-1.662979	1.532144	0.038424	-1.027459	-1.361191	-1.247262	-0.625358	-0.695268	-0.864032	-1.313924	-0.743827	-0.667596	0.427621	0.248579	1.114926	-1.589791	0.984933	-0.082050	-0.235970	-0.342514	-2.150941	1.790944	1.102430	2.029602	-0.118830	1.661402	-0.394003	0.052252	1.643474	0.848976	0.433262	-0.908937	-1.211866	-1.019891	-0.868574	-2.279230	-0.800658	-0.953412	-1.596167	-1.713313	-0.330806	-0.453549	0.372693	0.025107	1.067832	0.657166	0.417155	1.343856	1.304268	2.076109	0.098846	0.897396	0.239152	-0.215869	0.691967	2.612438	2.405597	-0.607103
-0.197416	-0.871588	0.347040	0.951862	-0.755348	-1.905951	-0.351483	-1.153259	0.433800	0.444275	-0.739605	-0.471896	0.021257	-0.884706	0.304163	0.398616	0.502850	0.219403	-1.036664	0.043677	-0.409910	-0.292099	-0.103515	-0.272147	-0.771642	-0.614447	1.112400	0.663475	0.169873	0.962007	-0.043566	-0.599286	-0.076460	-0.952421	0.495350	0.119515	-1.006917	-0.910744	-1.355916	-0.998190	-2.025396	-1.411516	-0.475919	-0.298564	-0.262816	0.391340	-0.323903	-0.429992	-0.300527	-0.163047	-0.258568	-0.811401	-0.738621	2.089288	-0.445828	-0.886505	-0.696093	-0.895406	-0.581201	-0.736205	-1.073081	-1.552083	-1.275035	-1.115622	0.458168	0.138592	1.371808	-1.447034	1.100628	-0.012889	-0.108821	-0.444032	-1.777451	1.184737	2.234935	1.467726	0.658221	1.765060	0.011791	0.039013	1.848697	1.222367	1.882352	0.373646	-0.742310	-0.992867	-0.984581	-2.099254	-0.152472	-0.290810	-1.111364	-1.267362	-0.876940	-1.183665	0.648334	0.181184	0.773564	-0.275764	0.377965	0.978694	2.134455	2.402789	0.964641	0.059218	-0.963817	-0.897591	1.554142	3.091182	2.680857	0.061167
0.595117	-0.221144	0.265530	0.944970	-1.096027	-1.379006	-0.656372	-0.201383	0.253875	-0.010101	-1.089029	-0.404113	-0.092872	-1.096358	-0.275257	-0.058531	0.050455	0.269674	-0.721767	0.863819	-0.587844	-0.196529	-0.225147	0.809502	-0.406917	-0.763390	1.679666	0.336878	-0.061181	0.305444	-0.451336	-1.003651	0.652785	-0.786767	-0.258632	-0.620693	-0.871210	-0.768972	-0.726976	-0.366043	-1.523893	-0.894810	0.019588	0.066196	0.472415	0.102667	-0.990410	-0.720538	0.098772	-0.981878	-0.369201	-0.472953	0.789628	0.972295	-0.666675	-0.309047	0.123746	-0.331768	-0.197228	-0.420774	-0.671771	-1.154287	-1.831981	-1.565583	0.035308	-0.531912	0.367120	-0.157443	0.779881	-0.147034	-0.652259	-0.968553	-0.467813	-0.172499	1.888722	0.530769	0.931425	0.647272	-0.052436	-0.484696	1.090093	0.814865	2.023009	1.227569	-0.029489	-0.614721	-0.339508	-0.613257	0.303131	0.388862	-0.301477	-0.254584	-1.836478	-2.059563	-0.005968	-0.495759	-0.049233	-1.010042	0.120929	0.221900	1.882081	1.430834	0.921800	-0.717111	-1.704718	-0.840111	0.778927	1.708635	1.487542	-0.020830
0.993670	0.362787	0.128392	0.407102	-0.438035	-0.096280	-0.593646	0.648069	-0.104174	-0.402120	-0.711845	0.079279	-0.044385	-0.752139	-0.574270	-0.090028	-0.415379	0.128825	0.052953	1.097451	-0.812730	-0.285378	-0.222792	1.250867	0.028241	-0.352829	1.431427	-0.076418	-0.417338	-0.371721	-0.368004	-0.811500	0.655799	-0.417610	-0.638305	-0.886298	-0.050382	-0.072508	0.308000	0.475771	-0.220817	-0.031811	0.488459	0.169149	0.946726	-0.136437	-1.391580	-0.915439	0.334016	-0.984807	-0.145910	0.139914	1.642354	-1.011219	-0.004605	0.392119	0.870758	0.259384	0.547016	0.190008	0.221366	-0.130122	-1.478532	-1.423221	-0.341536	-0.947916	-0.874507	1.445528	0.334994	-0.315087	-1.290716	-1.372855	1.139120	-1.403225	0.209492	-0.231313	0.414454	-0.837985	-0.597911	-1.110783	-0.002093	0.034510	1.052855	1.428965	0.653753	0.213382	1.152301	1.257393	0.817797	0.896970	0.740907	1.132352	-1.960872	-1.932374	-0.972008	-1.288315	-0.474493	-0.897982	-0.021451	-0.344864	0.718106	-0.034919	-0.091361	-0.558303	-1.473118	-0.005639	-1.151265	-0.238347	-0.171661	-0.873297
0.340826	0.106437	0.211405	0.024302	0.216880	0.672639	-0.569301	0.412922	-0.837976	-0.823438	-0.459286	0.098605	0.200594	-0.126931	-0.802000	-0.273510	-0.449785	-0.295368	0.580489	0.565641	-0.915897	-0.597817	-0.150476	0.552582	0.101684	-0.056385	0.502806	-0.685844	-0.343007	-0.464462	-0.145752	-0.417669	0.308963	-0.005970	-0.455012	-0.808737	0.685734	0.510981	0.772446	0.818603	0.681933	0.281540	0.412969	-0.281186	0.824967	-0.337096	-0.929982	-0.574970	0.266590	-0.297831	0.262653	0.709776	1.264106	-2.154235	0.779563	0.467857	1.318620	0.631047	1.099679	0.685304	0.902747	0.832840	-0.372400	-0.703903	-0.600037	-0.865723	-1.096481	1.910540	0.143992	-0.188887	-1.326198	-1.270767	1.993782	-1.589926	-1.377633	-0.707356	-0.361474	-1.522827	-1.045231	-1.322639	-0.722033	-0.630962	-0.049090	1.001685	0.823847	0.928376	2.119705	1.825230	1.170502	0.959919	1.253423	1.815299	-0.909452	-0.678246	-1.340578	-1.377408	-0.153822	-0.265881	0.025178	-0.433302	-0.554904	-0.881046	-1.095048	0.259805	-0.785167	0.552378	-2.178796	-1.314932	-1.185804	-1.503641
-0.903166	-0.935239	0.079291	-0.134657	-0.046729	0.110421	-0.817342	-0.833341	-1.430555	-1.260548	-0.745982	-0.703713	0.098027	0.011593	-0.989982	-0.735646	0.221215	-0.695315	0.454581	-0.200027	-0.703563	-0.681328	0.142646	-0.486722	0.060539	-0.269993	-0.331153	-1.246742	0.379458	-0.381749	-0.107775	-0.236141	0.092037	0.100967	-0.261755	-0.852765	0.664940	0.459511	0.294761	0.263830	0.652032	-0.133456	-0.019672	-0.969630	0.278024	-0.393277	-0.132597	-0.032503	0.039038	0.297378	0.137860	0.615143	0.257834	-1.628067	0.502095	-0.382915	1.031568	0.482982	0.973296	0.736164	0.904520	1.077818	0.444798	0.010770	-0.862789	-0.746055	-0.282154	0.714463	0.256806	0.113526	-0.694180	-0.782160	1.480425	-0.697503	-1.577797	-0.915188	-0.575471	-0.880920	-0.844951	-0.945227	-0.700769	-0.915139	-0.559914	0.212649	0.278750	0.775675	1.209805	0.436663	0.868642	0.448072	0.643444	0.989954	0.341232	0.568924	-0.930194	-0.709171	0.327394	-0.151397	-0.088153	-0.268348	-1.079515	-0.613413	-1.338403	0.628393	-0.596574	-0.186174	-1.082348	-1.073289	-1.062926	-1.289491
-1.338081	-1.657965	-0.438630	-0.294995	-0.723132	-1.088084	-0.910974	-1.884221	-0.800930	-1.090130	-0.822815	-1.319232	-0.463079	-0.507841	-0.580829	-0.800501	1.498555	-0.454540	0.352626	-0.268934	-0.095899	-0.315198	0.965003	-0.649103	0.563255	-0.429720	-0.349049	-1.070738	1.344316	-0.845699	0.041056	-0.090716	0.161023	-0.141899	-0.457765	-0.977870	0.074879	0.074800	-0.346948	-0.612124	0.370258	-0.568402	-0.037978	-1.090184	-0.137430	-0.002352	0.154303	0.108573	0.085255	0.462716	-0.685366	-0.172098	-0.363277	-0.246328	-0.695870	-1.425571	-0.029173	-0.129041	0.408815	0.388638	0.513522	0.623626	0.480061	0.312931	-0.747435	-0.812303	0.516919	-0.985261	0.315081	0.029041	0.070249	-0.294282	0.203402	0.287393	-0.480057	-0.670854	0.014599	0.564894	-0.030414	-0.183101	0.030300	-0.711827	-0.341431	-0.239008	-0.436131	-0.153831	-0.870162	-1.486608	0.078965	-0.227149	-0.482784	-0.552216	0.797127	0.786194	-0.287237	0.194798	0.223787	-1.041851	-0.617702	-0.255787	-0.585588	0.356681	-1.215391	-0.098805	-1.185831	-1.873818	0.977570	-0.050787	-0.139641	-0.733738
-0.166159	-1.132753	-0.686145	-0.368400	-0.603193	-1.558390	-0.287978	-1.726646	1.302707	0.172919	0.216225	-0.486845	-0.824956	-0.916397	0.717188	-0.055354	2.765493	0.569124	1.191720	0.715301	0.679142	0.019535	2.187094	0.209108	1.722328	0.215347	0.384780	0.098443	1.868519	-1.654109	0.708871	0.348589	0.378521	-0.286320	-0.625705	-0.595761	-0.261095	0.202001	-0.167472	-0.780388	0.712216	-0.447513	0.774882	-0.157280	0.000979	0.855999	-0.033149	-0.102598	0.697773	0.481207	-1.357553	-0.860584	-0.142389	0.530743	-1.370798	-1.552126	-0.933380	-0.579158	0.089885	-0.124352	0.352193	-0.017510	0.374976	0.401009	0.268322	-0.672587	0.612891	-1.440455	-0.081458	-0.681486	0.499069	-0.011300	-0.567130	0.270433	0.599735	-0.006085	0.777595	1.626793	0.845962	0.553904	1.005050	-0.067400	0.372881	0.315308	-0.461680	-0.859967	-1.725996	-1.774257	-0.210526	-0.271725	-0.724238	-0.994045	0.631171	0.247030	0.155161	0.953609	-0.518370	-2.185334	-1.227656	-0.509420	0.400433	1.150300	-1.527856	-1.411375	-1.848646	-2.966001	1.705305	0.860712	0.720843	-0.624144
1.699058	0.208877	-0.126042	-0.159339	0.437856	-0.876434	0.821330	-0.625098	3.394289	1.802951	1.898077	1.458164	-0.538758	-0.531147	2.064035	0.803296	3.157854	1.604699	2.678604	2.007898	1.145747	-0.231079	2.973809	0.985777	2.691777	1.369029	1.011779	1.406296	1.539831	-1.790655	1.527823	0.767569	0.506826	0.059515	-0.139337	0.519704	0.113712	1.154232	0.726936	0.047274	1.565416	-0.022766	1.884612	1.353903	0.533408	1.611479	0.057288	-0.036721	1.564023	0.495766	-1.053493	-0.791084	0.602137	0.139677	-0.655718	-0.523485	-0.567285	-0.259015	0.307305	-0.567435	0.643051	-0.370034	0.836710	0.659317	1.731961	-0.083746	0.361340	-0.121486	-0.891939	-1.391657	0.587176	0.171889	-0.335022	-0.862530	0.569375	0.463569	0.876083	1.428583	1.239600	0.850105	1.425314	0.645504	1.061875	1.559728	0.347265	-0.589810	-0.096834	0.097544	0.625871	0.637994	0.492487	0.423581	0.695518	0.018900	0.499904	1.494713	-1.272043	-2.453591	-1.304209	-0.785840	1.034512	1.133535	-2.144766	-2.236526	-1.771523	-2.377055	0.269501	1.073989	0.823497	-0.896541
2.553998	1.112389	0.737398	0.146599	1.222297	0.186925	1.511257	0.411492	3.519928	2.327868	2.619147	2.671983	-0.004374	0.325937	2.213937	0.721887	2.256593	1.673046	3.360127	2.435471	1.046637	-0.825762	2.514076	0.736065	2.482771	1.845852	0.797901	1.662006	0.506203	-0.824912	1.593498	0.516352	0.402388	0.650370	0.869907	1.671172	0.787234	2.169329	1.260649	1.101256	2.017113	0.182339	2.316057	2.346967	0.902272	1.633875	0.645327	0.507235	1.968799	0.283983	-0.059507	-0.232471	1.259919	-0.660315	0.624301	0.756060	0.905283	0.621504	0.706813	-0.647879	1.031641	-0.239798	1.530844	1.013131	2.332076	0.504908	0.351097	1.791215	-1.632147	-1.218638	0.521724	0.392021	0.219952	-2.114005	-0.271297	0.167367	0.200069	0.221533	1.055710	0.570080	0.772739	0.839768	1.076602	2.211303	1.156574	0.294043	2.373646	2.394251	1.819817	1.777265	2.102051	2.391189	1.198449	0.526365	0.951975	1.715559	-1.383856	-1.640055	-0.747691	-0.840966	0.883944	0.351071	-2.056282	-1.991100	-0.943592	-0.687864	-1.787149	0.616984	0.176509	-0.792915
1.854340	1.090593	1.042937	0.207939	0.884422	0.809537	1.311212	0.878126	1.530004	1.280870	1.625457	2.013066	0.242436	0.811504	1.108908	-0.295562	0.562715	0.732386	2.314564	1.604992	0.713424	-0.935331	1.033321	-0.144051	1.118654	1.104775	0.028475	0.781750	-0.596372	0.405557	0.695391	-0.230340	0.179363	0.867194	1.573669	1.901748	1.071462	2.208966	0.802722	1.502227	1.557466	0.187486	1.651185	2.112791	0.786160	0.964490	1.029984	0.924101	1.557819	-0.115443	0.642184	0.102365	1.421640	-0.795110	1.134393	1.307704	2.029913	1.208201	0.796886	-0.192426	1.013535	0.217801	1.556619	1.002285	1.506603	0.595758	0.484180	2.691338	-1.864154	-0.192806	0.333223	0.575196	0.355965	-2.348805	-0.736896	-0.553628	-0.529190	-0.853846	0.638376	0.069883	-0.488727	0.320668	0.283808	1.463564	1.155508	0.854334	2.906630	3.050000	1.946875	2.008566	2.538600	2.953636	1.464158	1.095581	1.361771	1.460184	-0.714244	-0.507988	-0.122428	-0.677304	0.201410	-0.594873	-0.857846	-0.962093	0.007433	0.597719	-2.287554	-0.066470	-0.646748	0.014881
0.689254	0.877044	0.793732	0.073321	-0.079899	0.882864	0.658496	0.975612	-0.613872	-0.105398	0.049711	0.479328	0.245012	0.598092	0.064091	-1.052542	-0.863434	-0.182495	0.317014	0.296319	0.728231	-0.193249	-0.265749	-0.416555	-0.281887	0.106786	-0.332266	-0.039696	-1.039327	0.859696	-0.244056	-0.365136	0.088277	0.468357	1.379419	1.084933	0.809981	1.167746	-0.042986	1.199481	0.705356	0.434029	0.381234	0.936572	0.378743	0.181439	0.677978	0.711352	0.699129	-0.235309	0.617698	-0.006263	1.003142	-0.090820	0.742150	1.138563	1.777528	1.057542	0.393334	0.415717	0.423840	0.508687	0.769002	0.501570	0.225669	0.430599	0.210615	2.045898	-1.549745	0.578328	0.027237	0.570041	0.168676	-1.341438	-0.343582	-0.768310	-0.653383	-0.968969	0.365283	-0.084543	-1.155114	-0.309608	-0.509588	0.063594	0.557548	0.698886	0.855634	1.796133	0.688619	1.055946	1.451131	1.648998	1.006581	0.965477	1.387936	0.851419	0.262353	0.270236	0.086001	-0.403332	-0.422966	-1.071028	0.435248	0.118019	0.644928	0.808460	-0.699099	-0.558380	-1.071308	0.935073
0.212190	1.196316	0.673856	0.035910	-0.644836	0.652844	0.105663	0.817210	-1.115274	-0.356294	-0.497169	-0.084567	0.164150	0.003806	0.087119	-0.566674	-1.331771	-0.135005	-1.044750	-0.392881	1.155057	0.847029	-0.470246	0.498370	-0.645325	0.206782	0.047827	0.215448	-0.565614	0.615413	-0.307909	0.673258	0.085711	-0.219642	0.510719	0.093358	0.386808	-0.038494	-0.266852	0.794942	0.355184	1.088740	-0.644527	-0.267697	0.010815	-0.398211	0.090930	0.278755	-0.051181	0.030529	0.306537	-0.236632	0.179414	0.644355	0.387275	0.993645	0.697751	0.608496	-0.400357	0.400050	-0.409877	0.223177	0.019345	0.042223	-0.363452	0.604212	-0.633681	0.583869	-0.959497	0.160918	-0.151464	0.418417	0.103913	0.163566	0.048026	-0.204122	-0.369808	-0.448285	0.257623	0.222489	-0.530704	-0.193088	-0.302326	-0.597717	0.235599	0.200639	-1.578943	0.080123	-0.692485	-0.155555	-0.073150	-0.162329	0.265754	0.295222	0.903850	0.252427	0.744954	0.697086	0.027941	-0.059766	-0.587497	-0.910086	0.515207	0.624766	1.021020	0.627331	1.518963	-0.673903	-0.886176	1.181824
0.225082	1.680742	0.847972	0.054641	-0.518596	0.265211	-0.383380	0.180323	-0.324346	0.483626	0.125578	0.744935	-0.267281	-0.597729	0.577653	0.740056	-1.061730	0.606869	-1.129122	-0.161940	1.345016	1.401893	0.037251	1.824062	-0.021018	1.411640	0.321663	1.108363	0.339008	0.607282	0.214301	1.877525	-0.268984	-0.791439	-0.325659	-0.131841	0.140536	-0.570237	0.306255	0.696739	0.726561	1.812460	-0.955847	-0.790943	-0.254061	-0.963567	0.095582	0.366071	-0.609511	0.019758	0.207154	-0.348914	-0.685337	0.646733	0.567521	1.247878	-0.013472	0.427275	-1.281544	-0.436969	-0.920737	-0.348534	0.022417	0.200389	-0.459562	1.071710	-1.590868	-0.651820	-0.423045	-1.022606	0.101301	0.348570	0.137364	1.266145	-0.583021	0.329327	-0.357805	-0.209623	0.053208	0.484321	0.717579	0.741152	0.825432	-0.243242	0.510200	-0.211800	-1.994350	-0.744292	-0.863537	-0.565462	-0.861584	-0.956362	-0.010389	-0.124123	0.122322	-0.173764	0.200068	0.973161	0.078883	0.260771	-0.338230	-0.487893	-0.566110	0.309980	1.242543	0.844864	2.569835	-0.387078	-0.267940	0.669126
-0.235135	1.413431	0.721952	-0.195264	-0.152894	-0.063313	-0.982230	-0.803536	0.073209	1.044227	0.685803	1.670340	-1.151986	-0.969044	0.234909	1.535586	-0.793351	0.944543	-0.661492	0.341791	0.693107	1.285827	0.087372	2.222582	0.572277	2.267514	-0.422398	1.267890	0.850659	1.224110	0.280634	1.800343	-1.194414	-1.092764	-0.639783	0.473132	0.063583	-0.477728	0.948983	0.749624	1.142655	2.119826	-0.690928	-0.554629	-0.488231	-1.559946	0.649942	0.932210	-1.222429	-0.801084	0.270150	-0.368329	-1.224328	0.034540	0.752914	1.439162	-0.064957	0.415530	-1.761344	-1.242883	-0.789437	-0.381275	0.496397	0.859285	-1.018966	1.109644	-2.054168	-1.151201	-0.146189	-1.573704	0.735901	0.528045	-0.077001	1.592637	-1.896569	0.012640	-0.705034	-0.497168	-0.317712	0.300822	1.238887	1.523681	1.602176	0.071004	0.786026	-0.506299	-0.415286	-0.560876	0.015420	-0.133846	-0.785296	-0.587499	0.259972	0.106734	-0.535209	-0.531871	-1.067223	1.033444	0.211060	0.282408	-0.078209	-0.330024	-1.400658	-0.573706	1.205190	1.250854	1.993224	0.166205	0.330161	-0.008147
-1.325040	0.222904	0.002647	-0.700113	0.133445	0.091872	-1.317940	-1.348488	-0.612791	0.407694	0.381784	1.483104	-1.715338	-0.781038	-1.049087	1.117955	-0.952615	0.376397	-0.506878	0.381962	-0.540088	0.848982	-0.856841	1.082895	0.280178	1.590145	-1.813211	0.113179	0.551893	1.767038	-0.390731	0.457408	-2.121030	-1.041692	-0.449196	1.164417	0.042156	-0.275784	1.032717	0.656915	0.829609	1.761503	-0.309785	0.092158	-0.587445	-1.648838	0.932735	1.177091	-1.836337	-1.868113	0.263562	-0.222097	-1.361668	-0.478771	0.380435	0.971416	-0.103799	0.135256	-1.486173	-1.109218	-0.272993	0.398090	0.691343	1.347007	-2.002745	0.375845	-1.709824	-0.998377	-0.102930	-0.652770	1.327481	0.912853	-0.533704	1.280502	-2.352790	-0.861264	-0.698938	-0.572854	-0.546525	0.033651	0.503280	1.188162	0.961635	-0.519405	0.485915	-0.742100	1.173684	0.029908	0.641463	0.270321	-0.454740	-0.077042	0.515044	0.621719	-0.697998	-0.800465	-1.964095	0.874371	0.215476	-0.202491	-0.213035	-0.580239	-0.870734	-1.273800	0.932434	1.224167	0.749367	0.590708	0.453804	-0.272119
-2.058581	-1.026819	-0.647520	-0.987101	0.518950	0.877878	-0.837725	-0.866716	-1.327292	-0.837991	-0.194882	0.466801	-0.989488	0.204131	-1.895161	0.160172	-1.263948	-0.334529	-0.592027	-0.087876	-1.394323	0.343322	-2.053995	-0.970442	-0.734504	-0.096614	-2.516557	-1.324061	-0.265308	1.454028	-0.895565	-0.618050	-2.146012	-0.504722	0.008426	1.320753	0.129797	-0.090151	0.722059	0.482222	-0.194657	0.875439	-0.197571	0.710006	-0.374439	-0.730965	0.471708	0.610103	-2.011478	-2.053765	0.357630	0.342149	-1.331523	-0.449228	-0.204975	-0.012470	-0.485127	-0.355856	-0.745945	-0.320116	-0.011676	1.100952	0.413802	1.212134	-2.144964	-0.419345	-0.623497	-0.509412	-0.119435	1.071513	1.470104	1.279621	-0.820607	0.644542	-1.033286	-1.242179	0.052130	0.178117	-0.444245	0.274525	-0.610939	0.001964	-0.685566	-1.546893	-0.099845	-0.726932	1.377467	0.603020	0.268539	-0.007681	-0.232011	-0.219077	0.345990	0.837297	-0.413565	-0.793763	-1.476539	0.903454	0.340034	-0.943940	-0.710115	-0.836425	0.642425	-0.992990	0.823015	0.928953	-0.012427	0.447756	0.073686	-0.001373
-1.515657	-1.369728	-0.393263	-0.745382	1.179355	1.722341	0.272392	0.168643	-0.824110	-1.409916	-0.055531	-0.212822	0.815116	1.579865	-1.139562	-0.125863	-1.160110	-0.119074	-0.316848	-0.561634	-1.204770	-0.260789	-2.289190	-2.582010	-1.541865	-1.151739	-1.842756	-1.510280	-0.982585	0.507631	-0.439789	-0.277501	-1.090290	0.408432	0.620280	1.087641	0.446908	0.348521	0.592511	0.548941	-1.116432	-0.043685	-0.440481	0.893154	0.062157	0.772158	-0.341774	-0.376519	-1.504470	-1.086352	0.941575	1.300331	-1.284591	-0.035364	-0.154603	-0.675006	-0.700000	-0.461784	-0.335118	-0.000070	-0.410814	0.620714	0.131815	0.606728	-0.644714	-0.238645	0.775118	-0.023715	-0.147754	2.062361	1.063175	1.307646	-0.704650	0.007175	1.038389	-0.645361	0.744164	1.196922	-0.396037	0.775700	-0.812280	-0.671781	-1.832121	-1.856535	-0.223121	-0.245570	0.642766	0.961373	-0.472997	-0.653401	0.035802	-0.756049	-0.099204	0.544004	-0.240424	-0.617284	0.302843	1.435379	1.040635	-1.313628	-1.014723	-0.607210	1.823284	0.294840	1.194153	1.099273	-0.004405	-0.243847	-0.335640	0.558257
0.086743	-0.617674	0.654036	-0.228536	1.792959	1.796956	1.078079	0.686723	0.688333	-0.791008	0.786425	0.005402	2.220088	2.323154	0.696398	0.641598	-0.504496	1.025831	0.352304	-0.659028	-0.261226	-0.827958	-1.137726	-2.589443	-1.413949	-0.635959	-0.511467	-0.120300	-1.195130	-0.132081	0.491374	0.925325	0.193298	1.119403	1.291004	0.983583	0.890606	0.997008	0.805811	0.929361	-1.166724	-0.422716	-0.831992	0.391989	0.396971	1.727689	-0.864166	-1.061170	-0.615769	0.109997	1.874055	2.044060	-1.025593	0.371817	0.805202	-0.319487	-0.156638	0.155134	-0.616146	-0.521358	-1.185176	-0.910257	0.203390	-0.042669	1.558336	1.003207	1.747419	0.145473	-0.331180	1.418407	0.264097	0.731087	-0.487054	-0.371303	1.827960	0.331344	0.243502	1.280995	-0.880123	0.570429	0.192884	0.114127	-1.454398	-1.032447	0.301829	0.526592	0.056261	0.841506	-0.572892	-0.821001	0.428498	-0.925268	-0.436652	-0.042393	-0.654088	-0.698417	2.022553	2.013294	1.984739	-0.890987	-0.619704	0.049434	1.832210	1.562179	1.708951	1.694152	0.280818	-0.873832	-0.335972	0.976108
1.660079	0.683818	1.535241	0.155175	1.768240	0.962793	0.918861	0.282243	1.786865	0.367277	1.351088	0.652852	1.967842	1.693044	1.986251	1.627918	0.190936	1.954266	0.731142	-0.422062	0.565117	-0.850334	0.637359	-0.804306	-0.500941	0.808120	0.316263	1.698300	-0.902829	0.007184	0.790044	1.615801	0.682557	0.980159	1.638947	1.092587	1.098224	1.306689	0.914117	1.261924	-0.371226	-0.085082	-1.087530	-0.606111	0.445883	1.460973	-0.885339	-1.141580	0.169112	0.569285	2.293465	1.806867	-0.335824	0.543778	1.998630	0.929915	0.927573	1.075311	-0.975078	-0.933660	-1.577772	-2.084134	0.408360	-0.459254	2.650511	2.206802	1.634901	-0.094865	-0.669151	-0.294047	-0.643152	-0.373885	-0.660318	-0.432676	0.555472	0.863934	-1.270947	0.144115	-1.583613	-0.621608	1.454295	1.778596	0.011414	0.184166	0.890868	1.093228	-0.149594	0.141697	0.011542	-0.187792	0.602203	-0.475742	-0.460763	-0.541815	-1.317530	-1.107798	2.190629	1.808394	2.025022	0.103048	0.273847	0.535056	0.901956	1.614589	1.664014	1.667937	0.311765	-0.764691	-0.030276	0.792762
2.288264	1.809076	1.589896	0.397877	0.885211	-0.045841	0.104931	-0.395338	1.466246	1.056586	0.947106	1.048525	0.343628	0.058260	1.785031	1.704044	0.339644	1.625988	0.364062	-0.037236	0.672185	-0.019464	1.786852	1.692807	0.375123	1.813463	0.384570	2.654724	-0.405039	0.437502	0.236338	1.288264	0.215364	0.001184	1.203118	1.002585	0.792990	0.926800	0.473821	1.151980	0.518543	0.500499	-1.104091	-1.403203	0.318271	0.403834	-0.588058	-0.789837	0.653209	0.304433	1.475395	0.487112	0.576001	0.450000	2.428572	2.181184	1.710569	1.561209	-0.599074	-0.306309	-1.086310	-1.747725	0.336010	-0.565351	1.862456	2.222313	0.501074	-0.396790	-0.814097	-1.630375	-1.293087	-1.415037	-1.218285	-0.345896	-1.403726	0.822184	-2.216617	-1.073669	-1.525120	-1.713930	1.847449	2.821197	1.276801	0.810527	0.977448	1.138078	-0.397194	-0.661738	0.432868	0.630504	0.265065	0.145114	-0.224910	-0.656802	-1.290061	-1.215570	0.620088	0.756856	0.661035	0.999369	0.898872	0.446958	-0.199605	0.347214	0.902500	0.466582	-0.050451	0.179083	0.149767	-0.094471
1.837130	2.193148	1.069085	0.728574	-0.455613	-0.492025	-0.566306	-0.569386	0.176327	0.789167	-0.056027	0.986078	-1.160960	-1.347330	0.629633	0.620763	-0.002284	0.183114	-0.314207	0.405238	0.097130	1.125246	1.581278	3.104691	0.515715	1.625785	0.441392	2.447705	-0.119981	0.448156	-0.356550	0.569724	-0.422725	-0.969689	0.120486	0.536203	0.146491	0.264403	-0.370093	0.601121	0.731645	0.572391	-0.979596	-1.272856	0.181576	-0.522160	-0.158468	-0.249980	0.892465	-0.041508	-0.237957	-1.071093	1.203959	0.150562	1.609272	2.412836	1.619825	1.305380	0.357796	0.892780	0.054973	-0.197962	-0.019803	-0.354409	0.131609	1.017005	-0.737015	-0.194107	-0.477917	-1.613151	-1.334186	-1.595957	-1.401589	-0.295325	-2.114723	0.566653	-1.440124	-1.164126	-0.263862	-1.485606	1.128761	2.314217	1.513664	0.632265	0.639115	0.809584	-0.690209	-0.778452	0.196742	0.808407	-0.267313	0.493152	0.085108	-0.343521	-0.113783	-0.393504	-1.361801	-0.243262	-1.016725	1.213059	0.753345	0.053566	-0.897264	-1.135144	0.063250	-0.979764	-0.635531	1.325384	0.001689	-1.106960
0.738218	1.559493	0.523638	1.028642	-1.623267	-0.419682	-0.765786	-0.245117	-0.850759	-0.233135	-0.836641	0.552463	-1.416760	-1.587083	-0.382678	-0.794663	-0.176957	-1.263218	-0.498639	0.789676	-0.749141	1.493006	0.321483	2.318536	-0.066141	0.498278	1.067811	1.521344	-0.325448	-0.007255	-0.444121	0.057197	-0.375153	-1.000112	-0.734147	0.130470	-0.304234	0.038737	-1.059353	-0.055154	0.121191	-0.177916	-0.785567	-0.156035	0.090144	-0.855791	0.324608	0.358157	0.890634	-0.190303	-1.665650	-1.798748	1.278592	-0.238348	-0.083643	1.277478	0.856152	0.598693	0.906338	1.377169	1.148904	1.337903	-0.248426	0.099713	-1.107062	-0.413639	-1.148302	0.658300	0.077519	-0.539374	-0.670570	-0.626946	-0.426020	-0.343183	-1.185626	0.211260	0.344937	-0.327899	1.406830	-0.149904	-0.082960	0.593307	0.914426	0.212497	0.314172	0.468915	-0.492694	0.051167	-0.182009	0.331199	-0.323110	0.644802	0.321046	0.171368	1.557494	1.086212	-2.254239	-0.506952	-1.552974	0.574543	0.079818	-0.162621	-1.036313	-1.740520	-0.266418	-1.425468	-1.154414	1.778730	-0.322472	-1.391887
-0.483569	0.151862	0.078750	0.864564	-2.230815	-0.342461	-0.846995	0.043506	-1.063258	-1.415231	-1.145397	-0.207475	-0.705179	-0.901422	-0.848620	-1.563731	0.246697	-1.717844	0.015081	0.881439	-1.411318	0.569970	-0.910013	0.091802	-0.780711	-0.839891	1.689846	0.263333	-0.874617	-0.410510	-0.389436	-0.352733	0.402127	-0.055821	-0.619793	0.243699	-0.162486	0.404903	-1.259173	-0.495495	-0.756723	-1.187747	-0.456886	1.187414	0.136411	-0.724546	0.734575	0.907065	0.599847	-0.442944	-1.949267	-1.415636	0.948615	-0.583424	-1.604858	-0.463785	0.118492	-0.084629	0.599615	0.815805	1.715721	2.075446	-0.055354	0.545826	-1.384052	-1.147568	-0.766196	1.577992	0.315276	0.441314	0.348044	0.834725	1.389193	-0.551668	0.126095	-0.440061	1.418595	0.235841	2.287115	0.896181	-1.050213	-1.234125	0.191396	0.121103	0.191738	0.284292	0.401343	1.166838	0.061034	0.043703	0.335935	0.887836	0.491460	0.591443	2.588309	2.186930	-1.752645	-0.432395	-0.960145	-0.608939	-0.528383	-0.219934	-0.769243	-1.450869	-0.306008	-0.972126	-1.311070	1.092337	-0.653563	-0.730302
-1.375819	-1.195900	-0.364043	0.220440	-2.167489	-0.375935	-1.121738	0.092040	-1.039022	-2.110311	-1.332997	-1.114388	-0.094724	-0.313755	-1.141997	-1.558118	0.828995	-1.136951	0.610980	0.546563	-1.504876	-0.878352	-1.116702	-1.481114	-1.085519	-1.773567	1.129884	-1.101406	-1.217888	-0.489039	-0.590969	-0.798647	1.184436	0.911424	0.234201	0.655639	0.448163	0.780920	-1.120391	-0.594841	-1.162634	-1.495607	0.044000	1.849061	0.546862	-0.325134	0.857180	1.165135	0.184437	-0.936353	-1.262618	-0.573040	0.481158	-0.843777	-1.878369	-1.475985	-0.040666	-0.474819	0.236942	0.330432	1.805780	2.192289	0.338615	0.616967	-1.266624	-1.180208	-0.429934	1.789826	0.196801	0.526920	1.078050	1.623717	2.633143	-0.999013	0.594606	-1.368009	1.082117	0.013652	2.065163	0.788598	-1.480114	-2.171649	-0.176321	0.351634	0.123761	0.154532	1.389083	1.627811	0.807068	0.577139	1.158254	1.146678	0.669886	0.761945	2.474335	2.184367	-0.691942	-0.766675	-0.489953	-1.573805	-0.823493	-0.608205	-0.390785	-0.996341	-0.671253	-0.744239	-0.911215	-0.362225	-1.057349	0.179106
-1.567159	-1.641648	-0.644405	-0.254748	-1.417888	-0.102588	-1.221313	0.240796	-1.472577	-1.957570	-1.514852	-1.673973	0.009243	-0.384378	-1.547614	-1.474895	0.650815	-0.388061	0.530334	-0.053780	-0.905221	-1.495727	-0.314365	-1.112331	-0.925018	-2.040181	-0.730575	-2.079329	-0.887003	-0.542236	-0.756220	-0.838430	1.354840	0.972395	0.956874	0.701920	1.038853	0.528326	-0.947614	-0.418821	-0.884290	-0.766089	0.581095	1.616409	1.343996	0.276400	0.580594	0.944263	-0.009484	-1.132688	-0.391744	-0.002775	0.031924	-1.091711	-0.704270	-1.176858	0.288027	-0.584763	0.797319	0.999996	1.692762	2.177270	0.412314	0.116445	-1.314914	-1.212636	-0.620232	1.150001	0.299125	0.066769	1.059806	1.126471	2.334885	-1.485826	0.247395	-2.152828	0.257859	-0.253622	1.465355	0.085987	-1.585124	-1.970584	-0.244640	0.445642	-0.030954	-0.062072	1.608398	1.170478	1.031641	1.436304	1.288796	0.990598	0.758782	0.656671	1.671689	1.391186	0.037448	-1.401444	-0.703912	-1.405380	-1.069155	-1.574620	-0.100159	-0.781137	-1.439129	-1.148403	0.010232	-1.714464	-1.674248	0.461907
-1.010530	-1.157983	-0.605093	-0.086892	-0.178230	0.649846	-0.504377	0.783935	-2.149890	-1.121677	-1.291121	-1.514504	0.198483	-0.636461	-1.789675	-1.864652	-0.590658	-0.448626	-0.376782	-0.624072	-0.039596	-0.826047	0.408018	0.243684	-0.622180	-1.757540	-2.320257	-2.002687	-0.013682	-0.865122	-0.513571	-0.120635	1.027767	0.185827	1.017324	0.091237	1.200026	-0.386702	-0.831925	-0.211009	-0.459631	0.265392	0.922206	1.043147	1.952269	0.836272	0.050323	0.287220	0.098416	-0.430700	0.090961	0.192916	-0.306579	-1.327937	0.814707	-0.425194	0.411253	-0.630935	1.996154	2.367178	1.440556	2.110738	-0.081584	-0.733913	-1.422856	-1.726425	-0.842360	0.262394	0.985714	0.102781	0.377069	-0.129831	1.111954	-1.454799	-0.038194	-2.281614	0.080285	0.176021	1.200540	-0.188881	-1.766488	-1.227998	-0.397680	0.037743	-0.269835	-0.371717	0.800217	0.339217	0.009633	1.456016	0.389181	0.201299	0.490102	0.260047	0.906766	0.669561	0.209930	-1.540945	-0.750085	0.151985	-1.506879	-2.613614	0.204989	-0.523869	-2.018929	-1.355542	1.065757	-2.260956	-2.309747	-0.085567
-0.235937	-0.547542	-0.599628	0.251280	0.913377	1.286213	0.922941	1.481977	-2.254595	-0.163838	-0.501835	-0.931416	0.860430	-0.380651	-1.493950	-2.410537	-2.012634	-1.456484	-1.519516	-1.018615	0.293026	0.116065	0.024085	0.530167	-0.488356	-1.304137	-1.994018	-0.836558	0.731877	-1.177419	-0.156739	0.698266	0.691201	-0.611419	0.576335	-0.808838	0.829526	-1.424960	-0.678489	-0.296431	-0.564671	0.572778	0.891504	0.663462	1.517389	0.861339	-0.461911	-0.558031	0.084517	0.840096	0.144556	0.298943	-0.510497	-1.323631	1.119063	-0.497692	-0.273118	-0.869054	2.465089	2.891839	0.885124	1.705015	-0.857802	-1.420824	-1.190312	-2.359042	-0.374248	-0.254264	1.751176	1.056860	-0.507876	-1.082268	0.291324	-0.520159	0.331044	-1.471308	0.478122	0.874842	1.109940	0.098497	-2.109113	-0.787442	-0.914076	-0.777199	-0.624560	-0.694713	-0.476515	-0.307081	-1.680040	0.148561	-1.006561	-0.879675	-0.227687	-0.390014	0.380956	0.380205	0.145617	-0.941371	0.142295	2.087320	-1.801451	-2.764175	0.761867	0.108490	-1.901624	-0.637045	1.570805	-1.864381	-2.312553	-0.920459
-0.016179	-0.532204	-1.116833	-0.089111	1.100426	1.016704	1.986400	1.766406	-1.462251	0.401091	0.229712	-0.653750	1.312679	0.245249	-0.756854	-2.316058	-2.252563	-2.437532	-2.053797	-1.256907	-0.237840	0.042092	-1.212470	-0.947562	-0.594887	-1.010170	-0.065814	0.411931	0.822693	-0.931624	-0.181668	0.502816	0.497660	-0.806922	0.062654	-1.429250	0.067642	-1.988575	-0.431648	-0.795662	-1.166958	-0.014797	0.478645	0.370184	-0.098885	0.123342	-0.813598	-1.280794	-0.517113	1.536410	0.026720	0.392252	-0.714072	-0.805841	-0.239996	-1.476039	-1.497651	-1.316234	1.379903	1.726794	-0.015786	0.807029	-1.403525	-1.569844	-0.556442	-2.281275	0.707880	-0.427069	1.706609	2.058309	-1.197466	-1.224990	0.243339	0.966417	1.111010	0.066984	0.521834	0.812739	0.496183	0.210006	-2.155976	-0.902687	-1.654936	-1.556542	-1.176286	-0.975240	-1.430211	-0.804405	-2.642985	-1.686080	-1.930118	-1.658431	-1.049505	-1.045522	-0.214489	0.117954	0.300827	-0.302614	1.290207	2.788337	-1.280322	-1.502930	1.498487	0.930298	-1.199531	0.530075	1.057348	-0.931163	-1.157307	-1.256305
-0.577901	-1.047124	-1.918737	-1.098913	0.305692	-0.147621	1.705999	1.296037	-0.320424	0.442363	0.180097	-1.011998	0.714604	0.523853	0.016405	-1.239044	-0.802866	-2.117754	-1.525505	-1.295019	-0.933075	-0.988416	-1.970765	-2.710497	-0.782057	-0.862117	1.494355	0.557718	0.474647	-0.069809	-0.409059	-0.756272	0.245184	-0.473392	-0.232768	-1.473064	-0.789142	-1.834912	-0.146878	-1.401425	-1.499425	-0.717395	-0.083121	-0.223660	-1.808319	-0.902967	-0.978011	-1.539324	-1.526577	1.013890	-0.019536	0.344052	-1.010760	0.159016	-2.055142	-2.152677	-2.219545	-1.594749	-0.539020	-0.367358	-0.956629	-0.337579	-1.392051	-1.178568	0.145385	-1.188415	1.602537	-0.716228	0.650937	1.849753	-1.467805	-0.847224	0.233652	2.082960	1.610133	1.469879	-0.110975	-0.193421	-0.783115	-0.279119	-1.419757	-1.106092	-2.148048	-1.889434	-1.746820	-1.152846	-1.730655	-1.401858	-2.132214	-2.764662	-1.781527	-1.802533	-1.394073	-1.275823	-1.011826	-0.485915	0.938625	-0.251360	1.388947	1.627326	0.173878	0.593953	1.960134	1.486326	-0.383385	1.106299	-0.083568	-0.119197	0.749756	-0.586407
-1.310473	-1.515029	-2.148645	-1.789103	-0.600441	-1.254205	0.306518	0.262238	0.460478	0.201679	-0.436446	-1.533033	-0.533364	0.289585	0.660548	0.384878	1.395441	-0.221558	-0.179473	-0.944562	-0.740464	-1.584764	-1.337572	-2.859060	-0.732207	-0.547761	1.400841	-0.420180	0.428403	0.813850	-0.171290	-1.740536	-0.063870	0.096573	-0.238690	-0.988812	-1.351674	-1.130952	0.115787	-1.565142	-0.973562	-0.824905	-0.411891	-1.014890	-2.188303	-1.383849	-0.810171	-1.022484	-2.121439	-0.053634	0.097595	0.255063	-1.112694	1.096345	-2.719316	-1.591662	-1.703757	-1.229662	-1.837273	-1.912149	-1.499042	-1.275202	-0.770890	-0.420413	0.591675	0.267047	1.709504	-1.258482	-0.634401	0.302246	-1.082411	-0.316974	-0.270252	2.088093	1.454265	1.720729	-0.589011	-1.144894	-1.829492	-0.799302	-0.148949	-0.923798	-2.016000	-1.643394	-1.802083	-1.088352	-1.600921	-1.852798	-0.743160	-2.525402	-0.755491	-1.360772	-0.924457	-0.777116	-1.603387	-1.093997	1.828823	-0.457050	0.346987	-0.336466	1.709952	2.188725	1.814297	1.603884	0.268163	0.835576	-0.808483	0.152477	2.166411	0.923665
-1.424310	-1.513547	-1.438822	-1.407363	-0.586266	-1.348791	-0.979513	-0.756290	0.788572	0.044215	-0.594771	-1.440990	-1.058626	0.214804	1.295399	1.825414	2.718128	1.999385	1.251888	-0.162999	0.450764	-0.752270	0.170972	-1.201404	-0.121974	0.144831	0.322186	-1.260074	1.047304	1.068975	0.676881	-1.259023	-0.078537	0.843353	-0.097115	-0.268533	-1.354362	-0.251779	0.395883	-1.005597	0.110386	-0.449182	-0.345430	-1.432782	-1.026211	-0.980347	-0.137744	0.179279	-1.655143	-0.511841	0.341179	0.464349	-0.562217	1.534159	-1.869892	-0.256497	-0.405561	-0.218772	-1.853095	-2.214774	-1.506877	-1.716807	0.296729	0.564589	0.759522	1.173969	1.139943	-1.577767	-1.265100	-1.337573	0.015918	0.328292	-0.863879	1.002368	0.872915	0.740200	-0.072752	-1.074771	-1.613185	-0.533318	0.777848	-0.438159	-1.319174	-0.956561	-0.982233	-0.664340	-1.346416	-1.575203	0.372623	-1.470307	0.400371	-0.556993	0.124221	0.288751	-1.553000	-1.129593	2.207453	-0.124085	-0.493339	-1.474599	2.252046	2.362464	1.234494	1.405799	0.815141	0.459671	-0.611924	0.080189	2.204906	2.321705
-0.761185	-0.967168	-0.392783	-0.304661	0.499920	-0.430686	-1.142479	-1.202075	1.136302	0.173796	0.289338	-0.500655	-0.213978	0.814604	1.850343	2.584887	2.253583	2.743400	2.056109	0.641278	1.567668	0.855317	1.240208	0.678450	1.038983	0.961466	-0.382709	-0.888565	1.756169	0.584013	1.408345	0.246652	0.374062	1.721236	-0.080392	0.257850	-0.925211	0.475824	0.778090	-0.038818	0.951611	-0.131447	-0.190282	-1.271281	0.299760	-0.223790	0.764094	1.267187	-0.361300	-0.103354	0.628371	1.024512	0.552483	1.452863	-0.518529	0.686247	0.476444	0.814003	-1.166187	-1.795106	-1.278385	-1.748216	1.356112	1.526020	0.895486	1.345953	0.396853	-1.162683	-1.193875	-1.812640	1.206720	0.935801	-0.903425	-0.390774	0.253523	-0.296970	0.967031	-0.231739	-0.362790	0.390657	0.884804	-0.013474	-0.455389	-0.124585	0.293214	0.034077	-0.964252	-0.563437	0.665729	-0.513288	0.974850	0.324074	1.027451	1.277035	-1.063481	-0.683900	1.395172	0.907860	-0.059418	-1.236767	1.602475	1.461762	0.623670	0.928790	1.369734	0.658509	-0.242500	0.204544	1.275732	2.454980
0.204549	0.031464	0.249472	0.649617	1.755262	0.610521	-0.251971	-0.901781	1.824410	0.478987	1.537302	0.655417	1.096298	1.660641	1.932996	2.526686	0.546048	1.424158	1.938479	0.865983	1.603934	1.796685	1.149262	1.264664	2.139802	1.263429	-0.368108	0.227250	1.581348	-0.161292	1.223408	1.149430	0.912064	2.356602	-0.362888	0.236304	-0.557756	0.878333	1.142783	0.629574	1.132696	-0.072538	-0.360840	-1.031948	0.272300	0.126523	1.161490	1.286449	0.910714	0.492554	0.833378	1.436313	1.458192	1.290464	0.287780	0.784053	0.300271	1.187992	-0.635951	-1.429607	-1.153879	-1.679289	1.735830	1.974257	1.278937	1.345979	-0.083195	-0.193631	-1.007018	-1.104987	1.470577	1.019184	-0.439124	-1.062647	-0.291331	-0.217511	1.188256	0.299755	0.457917	0.940102	0.636287	0.215778	0.213436	0.530046	1.064661	0.754938	-0.291951	0.341364	0.425878	-0.128998	0.776643	0.933897	1.095756	1.514117	-0.733392	-0.419155	-0.307659	1.947168	1.106509	-0.451216	0.592215	0.650512	0.183501	0.143952	1.837501	1.192540	-0.757252	0.671506	0.584945	1.119358
0.983360	1.203744	0.442173	1.107153	2.042760	0.930820	0.815484	-0.136683	2.479648	0.648369	1.851064	1.062989	1.534326	1.943032	1.347158	1.843595	-0.951970	-0.584149	1.088156	0.394899	0.793712	1.676476	0.293899	0.613398	2.264663	0.576388	-0.200369	0.581487	0.230881	-0.481548	0.155073	0.449712	0.948495	2.281852	-0.893187	-0.338305	-0.711639	0.825372	0.993515	0.481563	0.829229	-0.100709	-0.730128	-1.137571	-1.031673	0.049950	0.741008	0.295157	1.610199	0.869467	0.706531	1.121901	1.573145	1.492998	0.485188	0.575692	-0.430095	0.838555	-0.338951	-1.100059	-1.029841	-1.633429	1.110633	1.557378	1.898087	1.562856	-0.054071	0.520571	-0.913941	-0.088762	0.628744	0.491015	-0.132149	-0.511145	-0.653889	0.773345	0.234072	0.084523	-0.048621	0.592889	0.634511	0.298055	0.546371	0.814994	0.810504	1.279362	0.539392	0.401204	0.154476	-0.085447	0.229163	0.996801	0.349874	0.939869	-0.626976	-0.503634	-1.580383	2.269124	1.536859	-0.140241	0.125884	0.649502	-0.022329	-0.592712	1.996523	1.285584	-2.000221	1.015311	0.783172	-0.415952
1.396028	1.975828	0.522911	1.302888	0.990888	0.491762	1.252358	0.598692	2.291228	0.493765	0.705737	0.382317	0.872059	1.517291	0.430843	0.985978	-1.198602	-1.294273	-0.024611	-0.222358	0.178916	1.460597	-0.502787	-0.073135	1.032472	-0.855907	-0.203818	-0.562636	-1.559802	-0.035149	-0.959415	-1.201189	0.308467	1.458158	-1.502916	-1.078209	-1.384247	0.182769	-0.156096	-0.371278	0.306778	-0.193934	-0.639587	-1.186418	-2.008396	0.272240	0.244466	-0.419124	1.916675	1.414932	-0.013698	0.112066	1.210319	1.992801	0.606948	0.616960	-0.820687	0.291635	0.298331	-0.203451	-0.448979	-1.356300	0.013178	0.568320	2.263950	1.620000	0.486302	0.383590	-0.398741	0.694685	-0.133021	0.150009	-0.403355	0.745567	-0.365810	1.471291	-0.521749	-0.044071	-0.900372	0.214121	0.677958	0.139382	0.527182	0.761290	-0.016013	1.476852	1.016107	-0.101574	0.013014	0.086217	-0.039391	0.537483	-0.360148	0.252066	-0.090769	-0.248824	-1.300765	1.809844	0.557068	-0.413337	0.267929	1.089083	0.137138	-0.563608	1.746570	0.623901	-2.624618	0.820068	1.367305	-0.491855
1.377829	1.809567	0.523488	1.354211	-0.658493	-0.092763	0.899310	0.918468	0.905960	0.142947	-1.055321	-0.684035	0.051086	0.940110	-0.396225	0.350910	-0.441803	-0.277803	-0.941290	-0.465351	0.176728	1.822829	-0.836888	-0.033076	-0.827946	-2.096873	-0.222563	-2.269680	-2.747162	0.765492	-1.315932	-2.321052	-0.619819	0.333532	-1.963693	-1.490676	-2.014708	-0.896229	-1.939401	-1.242000	-0.343738	-0.541347	0.240146	-0.526579	-1.410206	1.139272	0.593296	0.165891	2.191158	2.301981	-1.174018	-0.889053	0.991570	2.097949	0.832687	0.733376	-0.630215	0.016726	1.410041	1.259132	0.704403	-0.602443	-0.614732	-0.250077	1.714205	0.938413	1.140523	-0.326768	0.906204	1.389088	0.338949	0.701762	-0.929703	1.543565	0.848267	1.244183	0.289637	0.795313	-0.510316	0.878055	0.187728	-0.361769	0.220368	0.540112	-0.566746	1.257739	0.780259	-0.291972	-0.129788	0.458857	0.142025	-0.106757	-0.232739	0.162328	1.144239	0.756309	0.193448	0.978504	-1.053435	-0.626827	0.366823	1.125741	0.590018	0.475149	1.169609	-0.320130	-1.747077	0.308096	1.409368	1.084843
0.866564	0.810751	0.287358	1.050489	-1.618321	-0.302609	0.175436	0.718391	-0.967160	-0.132841	-2.037151	-1.062674	-0.110408	0.555356	-1.155344	-0.089519	0.179613	0.892182	-1.424850	-0.470019	0.087633	1.897107	-0.824806	0.299667	-1.942770	-2.231835	-0.266913	-2.962545	-2.807705	0.965153	-0.879447	-2.127225	-1.277851	-0.629268	-1.896763	-1.333493	-1.831905	-1.710045	-2.935519	-1.377035	-0.916092	-1.011660	1.286868	0.596089	0.202685	1.858160	1.401484	1.307652	2.268282	2.613634	-1.982052	-1.168567	0.821757	1.081171	0.810359	0.410123	-0.327040	-0.016154	2.152361	2.224135	1.757084	0.339432	-0.539932	-0.527469	0.142787	-0.318976	1.225747	-0.732257	2.342774	2.028395	1.457293	1.485267	-1.027918	1.159804	2.176309	0.587570	1.935987	2.026214	0.925052	2.036349	-0.621421	-0.881864	-0.109425	0.294490	-0.529394	0.683225	0.155596	0.113221	-0.334965	0.665071	0.271674	-0.546565	0.419860	0.478006	2.088446	1.615783	1.354573	0.107904	-1.968035	-0.314003	-0.053649	0.481417	0.757474	1.683936	0.381912	-0.889890	-0.022814	0.020975	0.640258	2.552985
0.027443	-0.241477	0.008199	0.374618	-1.163424	-0.166879	-0.389730	0.176624	-2.070228	-0.221087	-1.610336	-0.416820	0.177368	0.056177	-1.992604	-0.659058	-0.089189	0.586540	-1.474775	-0.665038	-0.799442	0.428521	-0.665198	0.135638	-1.526992	-1.169118	-0.586953	-2.041422	-1.875736	0.019313	-0.288013	-1.043601	-1.381133	-1.292366	-0.966575	-0.725541	-0.512269	-1.467091	-1.933967	-0.573822	-0.993715	-1.023225	1.506624	1.144371	1.217217	1.369604	1.172926	1.227170	1.624235	1.294086	-1.605480	-0.676639	0.072693	-0.896146	0.303449	-0.377396	-0.296462	-0.110548	1.604484	1.706534	1.799065	0.814691	-0.510267	-0.625066	-1.625222	-1.259483	0.371881	-0.288879	2.716478	2.049199	1.436590	1.044119	-0.419282	0.024205	2.181860	0.147999	2.220782	2.076892	1.442203	1.862118	-0.763141	-0.801768	-0.079371	0.070402	-0.282459	0.056724	-0.150004	0.494774	-0.450779	0.454778	-0.200588	-0.619663	0.411870	0.273944	1.450329	1.027689	1.046815	-0.661408	-1.549141	0.348939	-0.727015	-0.315270	0.069779	1.813040	-0.513482	-0.878145	1.210393	0.129355	-0.327165	1.980706
-0.710059	-0.695998	0.039899	-0.241759	0.125174	-0.045316	-0.578930	-0.360056	-1.840292	-0.211250	-0.379322	0.552148	0.168135	-0.844867	-2.544044	-1.381945	-0.837675	-0.925978	-1.203364	-1.003240	-2.012085	-2.077175	-0.382507	-0.494045	-0.166472	0.254873	-1.050967	-0.295503	-0.455780	-1.405961	-0.058837	0.083645	-1.014915	-1.654569	0.556458	0.026210	1.314641	-0.236995	0.434722	0.548605	-0.466431	-0.286894	0.697451	0.694064	0.937892	-0.158206	-0.610614	-0.531324	0.204841	-1.146799	-0.205166	-0.019971	-1.209863	-2.568512	-0.381491	-1.044757	-0.370540	-0.374146	0.052128	0.146883	0.741933	0.604723	-1.112054	-0.992146	-2.474641	-1.299214	-0.947343	0.589584	1.700227	1.021809	-0.287266	-0.836885	0.466718	-0.774377	0.571012	-0.094388	0.386289	0.489575	0.101574	-0.214755	0.087049	0.008655	0.364386	-0.147249	-0.260642	-0.358276	0.078058	0.226238	-0.351865	0.052887	-1.088857	-0.468723	-0.728879	-0.819859	-0.502642	-0.802873	-0.309681	-1.166621	-0.266878	0.876869	-1.016273	-0.654086	-1.129646	0.560099	-1.306078	-0.543020	1.386942	0.333308	-0.778159	-0.489174
-1.049672	-0.694816	0.215252	-0.414217	0.841379	-0.157175	-0.549800	-0.590802	-0.953065	-0.194841	0.557172	0.925505	-0.379359	-1.723380	-2.166996	-1.765691	-1.065839	-1.938325	-0.749851	-0.990136	-2.276406	-3.370008	0.024131	-0.770014	0.760204	1.011588	-1.074444	1.038464	0.811317	-1.927143	-0.045305	0.843995	-0.436819	-1.571865	1.685708	0.660979	2.379800	0.876252	1.935160	0.986947	0.119732	0.600591	-0.297254	0.098132	0.258880	-1.328552	-2.358784	-2.242020	-1.264605	-2.728775	0.936409	0.156023	-1.978335	-2.638565	-0.755157	-1.078551	-0.209761	-0.625032	-1.127320	-0.937893	-0.456665	0.254077	-1.782002	-1.444040	-2.086515	-0.854331	-1.713370	0.924695	0.321612	-0.480540	-2.047813	-2.475153	0.928732	-0.632957	-1.135047	-0.436222	-1.646026	-1.211650	-1.380098	-2.280064	0.853213	0.818438	0.714982	-0.384659	-0.450522	-0.674187	0.279710	-0.519127	-0.184185	-0.158777	-1.584417	-0.378794	-1.883223	-1.898634	-1.812477	-1.994288	-1.367112	-1.250493	0.801224	0.963114	-0.697833	-0.554233	-1.697041	-1.059401	-1.694559	-0.253831	0.938272	0.317308	-0.689152	-2.631600
-1.062998	-0.766956	0.007519	-0.252482	0.231503	-0.402318	-0.536448	-0.471747	-0.433561	-0.150394	0.670489	0.521018	-0.982435	-1.870566	-0.867515	-1.392405	-0.403495	-1.438181	-0.280307	-0.432789	-1.088432	-2.083917	0.409307	-0.200066	0.511280	0.783001	-0.391837	1.368275	1.409811	-0.957181	0.170944	1.262632	0.103953	-0.959530	1.615892	1.032122	1.946231	0.892603	1.139513	0.333444	0.146381	0.786091	-0.594700	0.308748	0.281687	-1.157692	-2.201823	-2.071787	-1.947796	-2.168782	0.750666	-0.237569	-1.442340	-1.143977	-0.691333	-0.577772	0.165709	-0.666357	-1.006764	-0.686792	-0.824527	0.344527	-1.547976	-1.431265	-1.144761	-0.699296	-1.379138	0.271246	-0.220076	-1.342533	-1.987351	-2.252919	0.687267	0.080094	-1.332560	-0.802516	-1.676686	-1.347213	-0.872607	-2.176636	0.399891	0.823094	0.466297	-0.604309	-0.548338	-1.117713	-0.077207	-1.046676	-0.189488	-0.100865	-1.205858	-0.480509	-1.669575	-1.831442	-1.072131	-1.201036	-1.362751	-0.984528	0.912335	0.643450	-0.161962	-0.469916	-1.010107	-1.822887	-1.542298	-0.197388	0.472725	0.071818	-0.559197	-2.607146
-0.888503	-0.922895	-0.502822	-0.086616	-0.899810	-0.537277	-0.540443	-0.218053	-0.446174	-0.030095	0.306865	-0.053807	-1.116037	-1.253783	0.442845	-0.541216	0.477930	-0.159365	0.041401	0.238489	0.513897	0.356859	0.580509	0.682857	-0.282023	0.171206	0.466332	1.005108	1.277497	0.509574	0.537272	1.339724	0.404590	-0.189772	0.676303	1.035347	0.659211	0.109005	-0.756513	-0.656982	-0.229976	0.293370	-0.236450	0.987442	0.826947	-0.205015	-0.511955	-0.447903	-1.669187	-0.418893	-0.280920	-0.698382	-0.204375	0.494399	-0.419198	-0.037168	0.436815	-0.483301	-0.137908	0.193818	-0.415279	0.677879	-0.510410	-0.868702	-0.431974	-0.860111	-0.483178	-0.681841	0.079646	-1.192861	-0.482232	-0.687367	0.129371	0.604534	-0.313555	-0.864336	-0.119954	-0.226189	1.011373	-0.380972	-0.754244	0.189755	-0.115888	-0.640020	-0.390823	-1.447554	-0.668097	-0.969279	-0.310313	0.037115	-0.374604	-0.585913	-0.353748	-0.777553	0.701707	0.577318	-0.695002	-0.620405	0.307457	0.218983	0.143757	-0.539917	0.145900	-1.490992	-1.032085	-0.271349	0.239671	-0.169316	-0.582225	-1.006805
-0.471096	-0.627128	-0.530124	-0.014736	-1.099272	-0.420759	-0.380518	-0.071676	-0.342127	0.147518	0.086755	-0.150582	-0.736944	-0.544370	0.827890	0.091399	0.678730	0.531081	0.143145	0.486014	1.042272	1.301432	0.485765	0.942710	-0.443287	0.003210	0.728104	0.590455	0.779325	0.956083	0.558544	0.957549	0.349606	0.113878	-0.052148	0.614325	-0.143015	-0.345981	-1.289716	-0.793068	-0.258140	-0.026363	0.080759	0.947648	0.819446	0.251171	0.576220	0.584686	-0.865505	0.513204	-0.692013	-0.665633	0.413132	0.884655	-0.147128	0.206117	0.401244	-0.178591	0.245448	0.429103	-0.032471	0.554817	0.218639	-0.242307	-0.092119	-0.647542	-0.029144	-0.838362	0.269999	-0.664358	0.457187	0.298079	-0.142785	0.560859	0.274171	-0.510775	0.683265	0.399122	1.587886	0.650841	-0.961690	-0.155188	-0.217271	-0.307287	-0.073332	-1.076214	-0.672078	-0.475957	-0.214976	0.115751	0.119120	-0.390960	0.466813	0.034079	1.236787	1.161312	-0.154367	-0.320721	-0.157102	0.030817	0.178709	-0.420373	0.429655	-0.695760	-0.476784	-0.223905	0.231662	-0.173029	-0.413830	0.106175
0.199578	0.284829	0.224602	0.043004	-0.053477	-0.110016	-0.010273	-0.076310	0.221688	0.335581	0.194898	0.271968	-0.108690	-0.152678	0.288501	0.255594	0.095184	0.287872	0.089453	0.267677	0.267481	0.113480	0.228221	0.394395	0.309794	0.443074	0.287231	0.395337	0.244627	0.107345	0.075098	0.189193	0.019745	-0.176796	-0.115134	-0.115466	-0.024557	-0.034527	0.177167	0.145759	0.332648	0.243714	0.020135	-0.148240	-0.096945	-0.168275	0.159216	0.198737	0.042722	0.030164	0.021876	-0.103800	0.031334	0.000772	0.088374	0.188850	0.136440	0.160937	-0.220268	-0.271059	-0.076479	-0.211326	0.132212	0.133876	0.109586	0.209335	-0.295571	-0.007001	-0.119039	-0.312783	0.006524	-0.032608	0.018778	0.105449	-0.248495	0.086141	-0.201000	-0.186962	-0.077214	-0.077074	0.274198	0.173112	0.409932	0.347949	0.267421	0.065430	0.099056	0.115831	0.205946	0.141229	0.061606	0.134238	0.121319	0.037526	-0.079495	-0.022351	0.007631	-0.081058	-0.105811	0.139488	0.123413	0.064908	-0.426510	0.051443	-0.014941	0.026865	0.359135	0.065813	0.138192	-0.080710
