X1	X2	X3	X4	X5	X6	X7	X8	X9	X10	X11	X12	X13	X14	X15	X16	X17	X18	X19	X20	X21	X22	X23	X24	X25	X26	X27	X28	X29	X30	X31	X32	X33	X34	X35	X36	X37	X38	X39	X40	X41	X42	X43	X44	X45	X46	X47	X48	X49	X50	X51	X52	X53	X54	X55	X56	X57	X58	X59	X60	X61	X62	X63	X64	X65	X66	X67	X68	X69	X70	X71	X72	X73	X74	X75	X76	X77	X78	X79	X80	X81	X82	X83	X84	X85	X86	X87	X88	X89	X90	X91	X92	X93	X94	X95	X96	X97	X98	X99	X100	X101	X102	X103	X104	X105	X106	X107	X108	X109	X110
-0.203319	-0.068505	-0.028450	-0.108670	-0.114579	-0.155375	-0.161754	-0.026453	-0.105268	-0.072880	0.045699	-0.090721	-0.144185	-0.098775	-0.090536	-0.142077	-0.123623	-0.309032	-0.229860	-0.189781	-0.099024	-0.078678	-0.128033	-0.037280	-0.098065	-0.378926	0.059356	0.210707	-0.146066	-0.172642	-0.125035	-0.029133	-0.201997	-0.198648	-0.107594	-0.135842	-0.198368	-0.128533	-0.258048	-0.156761	-0.204818	-0.234867	-0.128726	-0.061848	-0.115245	-0.151607	0.084795	0.064647	-0.208722	-0.210028	0.053066	0.062652	-0.086285	-0.211455	-0.207178	-0.197332	-0.157348	-0.185351	-0.033795	-0.074133	-0.194796	-0.106328	0.074738	-0.003507	0.005559	0.149649	0.031609	0.135533	-0.307789	-0.217546	-0.019177	0.037151	0.032018	-0.254840	-0.235606	-0.085641	-0.070804	0.013404	-0.024280	-0.075084	0.005667	0.063571	-0.114463	-0.071744	-0.106526	-0.137302	0.073604	0.136531	-0.016754	0.071223	-0.041372	0.021637	0.039729	0.029147	-0.064888	-0.115226	-0.014054	-0.123050	0.091705	-0.146195	-0.179610	0.134110	-0.002852	-0.263813	0.065233	0.040159	-0.324578	-0.127373	0.101492	0.073822
-0.136769	0.744375	1.186383	0.726587	-0.307212	0.974297	-0.439243	0.143820	0.245073	1.367613	0.033192	0.299824	0.156270	0.052799	0.317806	1.250728	-0.052425	0.298757	0.249587	1.110826	0.492159	-0.244986	0.087708	0.752977	0.407029	0.081046	0.787706	0.814822	-0.358949	0.448738	-0.585106	-0.056862	-0.117866	-0.614098	-0.060588	0.159748	0.688601	0.646340	-0.203119	0.518186	-0.079374	0.089169	-0.397154	0.150032	-0.060062	0.287013	0.724914	1.004496	0.289859	-0.640699	0.583066	1.024136	-0.040903	-0.323368	0.695373	1.114123	0.703670	1.110971	-0.169347	0.558930	-0.153153	0.042395	0.940796	0.951473	0.143099	0.763560	-0.014637	0.743900	0.220942	0.351722	0.221778	0.308475	0.213915	0.143037	0.277066	-0.267167	0.514918	-0.220259	0.193865	-0.058590	0.961441	1.241261	0.569002	-0.247207	0.430770	-0.002300	0.901337	-0.209311	0.737900	0.361442	0.378743	0.750181	-0.026805	0.455372	-0.085611	-0.568641	0.724259	0.394416	0.345983	0.299928	0.357744	0.313535	0.087981	0.928401	0.745353	0.240466	-0.452769	0.364457	-0.074166	0.073834
0.063409	0.624603	0.848291	0.257077	-0.092823	0.965831	-0.137704	0.348105	0.368758	0.977416	0.155273	0.147325	0.335927	0.200806	0.044403	0.776506	0.079826	0.685737	0.059966	1.009334	0.570869	0.154019	0.141079	0.506404	0.256486	0.091650	0.268227	0.179832	-0.354879	0.377769	-0.372720	-0.156174	0.033562	-0.336194	-0.055863	0.144660	0.679353	0.447704	0.197914	0.518408	0.203793	0.250634	-0.168819	0.195667	0.089700	0.202384	0.755312	0.727106	0.485724	-0.361640	0.294292	0.830218	-0.128991	-0.275349	0.791525	0.900392	0.526724	0.712566	-0.112364	0.463743	-0.089448	-0.126151	0.844899	0.714087	0.103759	0.285979	0.080566	0.418557	0.182252	0.841724	0.443919	0.372064	-0.068703	0.260884	0.558800	-0.092770	0.606557	-0.243799	0.297682	0.106705	0.548567	0.925874	0.292546	-0.259694	0.304094	-0.218644	0.376829	-0.605559	0.546723	0.096834	0.244587	0.474731	0.088565	0.199165	0.026723	-0.360412	0.348736	0.319576	0.076160	0.188252	0.462770	0.204856	-0.063403	0.735834	0.691022	0.032546	-0.271992	0.586297	-0.233237	-0.107578
-0.022233	-0.401072	-0.795417	-1.013625	0.124890	-0.203807	0.247683	0.338336	-0.044630	-0.965762	0.077635	-0.496019	0.220427	0.309438	-0.718676	-1.110572	0.222916	0.438867	-0.783117	-0.527293	0.019951	0.783738	-0.220037	-0.577083	-0.472637	-0.244891	-1.012875	-0.987423	-0.155549	-0.205616	0.118253	-0.218901	-0.003372	0.354581	-0.088259	-0.064045	-0.345319	-0.476428	0.387929	-0.156920	0.236143	0.115200	0.307655	0.193273	0.228320	-0.190012	0.020680	-0.484460	0.277675	0.421605	-0.455743	-0.299930	-0.418126	-0.123192	-0.110349	-0.604698	-0.596359	-1.011652	0.079588	-0.178697	-0.007584	-0.331236	-0.129546	-0.439252	-0.288054	-0.955711	0.108482	-0.536329	-0.215943	0.794202	0.505488	0.249117	-0.655349	0.095273	0.474290	0.208835	0.126447	-0.129134	0.242791	0.397366	-0.980809	-0.692138	-0.648868	-0.108154	-0.395697	-0.608196	-1.022421	-0.741497	-0.361161	-0.743986	-0.312105	-0.456161	0.249347	-0.481896	0.175402	0.319173	-0.747287	-0.246246	-0.460864	-0.326343	0.098372	-0.099316	-0.347263	-0.439767	0.025260	-0.358732	0.047796	0.419316	-0.411157	-0.263274
-0.657071	-1.343701	-2.049173	-1.488513	-0.134536	-1.361375	-0.003133	-0.041375	-0.813594	-2.405487	-0.479743	-0.981244	-0.199575	0.222639	-1.081151	-2.224832	0.239277	-0.445634	-1.511622	-1.975476	-0.702509	0.776136	-0.865514	-1.336912	-1.002232	-0.403724	-1.488273	-1.070849	0.080102	-0.511634	0.161088	-0.077094	-0.365339	0.635019	-0.054871	-0.092450	-1.471796	-1.063360	-0.209800	-0.833675	-0.286283	-0.207638	0.439297	0.314094	0.218520	-0.283757	-0.984636	-1.314398	-0.198952	0.798773	-0.792363	-1.261437	-0.643146	0.004187	-1.250904	-1.671330	-1.538238	-2.082376	0.148278	-0.580430	0.098105	-0.085580	-1.038991	-1.194492	-0.910195	-1.625890	-0.165479	-0.994021	-0.324401	-0.038071	0.238526	0.059594	-0.855524	-0.169854	0.135527	0.163785	-0.488339	-0.093980	0.088227	0.521935	-1.985725	-2.028934	-1.153341	0.012774	-1.010799	-0.753160	-1.578891	-0.372850	-0.963585	-1.484636	-0.640554	-0.899406	0.111065	-0.763747	0.137139	0.709706	-1.115281	-0.666523	-0.621556	-0.531099	-0.370829	-0.247522	-0.348872	-1.034801	-0.553672	-0.434841	0.131242	0.007613	-0.488660	-0.119907
-1.078337	-1.186171	-1.688304	-0.568927	-0.396041	-1.254293	-0.471345	-0.409269	-1.038739	-1.765242	-1.052828	-0.621177	-0.560585	-0.142090	-0.411844	-1.270358	0.085434	-1.144498	-1.225874	-1.717732	-0.866205	-0.067134	-1.021451	-0.976125	-0.660268	-0.018554	-0.524005	0.064629	0.311597	-0.135800	-0.030107	0.242291	-0.562820	0.330538	0.194984	0.235317	-1.444728	-0.723021	-0.911710	-0.788570	-0.771189	-0.307183	0.237251	0.463592	0.155831	0.059067	-1.455292	-1.047833	-0.647855	0.297193	-0.607720	-1.438708	-0.284465	0.108785	-1.465408	-1.052031	-1.314398	-1.247408	0.013013	-0.323227	0.269722	0.549460	-1.150256	-0.851922	-1.126154	-0.992660	-0.443972	-0.429224	0.030210	-1.032326	-0.275721	-0.166287	-0.158970	-0.325172	-0.107497	-0.247150	-0.680333	-0.091212	-0.067325	0.196314	-1.261153	-1.834202	-0.717678	-0.065353	-1.059627	-0.530482	-0.545824	0.228537	-0.760314	-1.264832	-0.340866	-0.438855	-0.391098	-0.333918	-0.120647	0.457838	-0.132085	-0.545526	-0.270758	-0.027526	-0.503937	0.009645	0.126963	-0.433383	-0.691134	-0.124041	-0.074319	-0.282144	-0.106734	0.142757
-0.250695	0.107886	-0.136733	0.733279	0.170773	0.127822	-0.102646	-0.204213	-0.160972	0.421054	-0.905866	0.643255	-0.424993	-0.460685	0.941174	0.750174	-0.108326	-0.888955	0.223161	0.050552	-0.211302	-0.870257	-0.075738	0.160336	0.350979	0.757966	0.911539	0.869467	0.610306	0.575385	0.329965	0.512725	0.013901	0.098235	0.663762	0.757609	0.044747	0.205561	-0.462547	0.094920	-0.378296	0.104267	0.336216	0.464841	0.238279	0.390445	-1.035259	-0.227481	-0.743553	-0.510234	-0.458655	-1.045538	0.716992	0.180727	-0.453337	0.617115	-0.092181	0.625570	-0.010261	0.298738	0.523659	1.025324	-0.600167	-0.034064	-0.330474	0.253892	-0.146960	0.530159	0.325455	-1.256812	-0.656954	-0.411520	1.177566	-0.131508	0.012152	-0.615154	-0.364563	0.183559	-0.192413	-0.397345	0.581223	-0.353488	0.102002	-0.255961	-0.621288	-0.127394	0.906712	0.591394	-0.286490	-0.005916	0.259690	0.244411	-0.816957	0.307631	-0.346369	-0.016766	1.134006	-0.145191	0.134125	0.750829	-0.168231	0.580155	0.665807	0.330932	-0.650407	0.233780	-0.347759	-0.138701	0.843110	0.070235
1.460763	1.444634	1.173535	1.151748	1.297350	1.434317	1.084963	0.524019	0.980733	2.104348	-0.160442	1.964145	0.106908	-0.290145	1.819547	1.774684	-0.243290	-0.107161	1.820974	1.287495	0.602781	-0.721081	1.379776	1.037089	1.076734	1.364951	1.506105	0.259010	0.888787	1.123695	1.136126	0.550748	1.076748	0.330881	1.068396	1.141811	1.782439	1.008677	1.017180	1.176227	0.687450	0.732414	0.967768	0.394685	0.393928	0.331671	-0.249299	0.189513	-0.350433	-0.798487	-0.555948	-0.506717	1.532716	0.011224	0.695670	1.589680	0.975064	1.601858	0.393788	0.774648	0.766180	1.037893	-0.077676	0.256768	1.045485	0.794987	0.622532	0.978925	0.052172	-0.620853	-0.624857	-0.582132	2.242660	0.516099	0.341449	-0.717353	-0.041658	0.691964	-0.314855	-0.699821	1.718874	1.055110	0.517700	-0.378233	-0.156817	0.181920	1.187035	0.493806	-0.330866	1.194195	0.406902	0.329934	-0.708688	0.522354	-0.310478	-0.151125	1.241375	0.007687	0.207917	1.032417	0.272288	0.966221	0.662952	0.108163	-0.731951	0.380797	-0.604455	0.360747	1.689753	-0.394187
2.244873	1.584926	1.236730	0.504202	1.664634	1.352878	1.767124	1.035212	0.952256	1.794986	0.198720	2.116809	0.336725	0.156015	1.265275	0.895750	-0.400490	0.041541	2.094009	0.476431	0.622257	0.170805	1.880096	0.951380	0.767606	1.255451	0.962254	-0.945401	0.802112	1.333413	1.238844	0.335447	1.487559	0.464684	1.019866	1.068776	2.101656	1.179680	1.814317	1.552956	1.235781	0.922878	1.393716	0.409958	0.296199	-0.013817	0.043322	-0.099691	0.311689	-0.566331	-0.592887	-0.104367	1.232540	-0.494774	0.687926	0.979460	0.901971	0.797227	0.954896	0.865886	0.810297	0.796266	-0.087031	-0.161694	1.540002	0.111354	0.878814	0.777065	-0.603122	0.044094	-0.353729	-0.626651	2.191339	1.231891	0.408605	-0.680658	-0.195502	0.811807	-0.418454	-0.458756	1.090267	1.234693	0.329817	-0.476572	-0.078283	0.127299	0.240989	-0.090468	-0.953332	1.039748	-0.286550	-0.295680	-0.237843	0.136124	-0.129001	0.045332	0.115803	-0.231896	0.026886	0.561702	0.215975	0.567499	0.101162	-0.828824	-0.774800	0.303654	-0.909153	0.734717	1.446695	-0.747381
0.937662	0.426589	0.215874	-0.415003	0.589027	0.051419	1.000376	0.727582	-0.347041	0.021484	-0.305542	0.682054	-0.246184	0.039648	-0.420276	-0.857129	-0.589329	-0.674823	0.589848	-1.377510	-0.205473	0.732638	0.728215	0.140464	-0.322376	0.351051	0.006522	-1.118813	0.089463	1.075475	0.021070	-0.090198	0.575564	-0.182109	0.396276	0.424556	0.653279	0.614303	0.783192	0.842082	0.561140	0.398764	0.739499	0.340810	-0.173238	-0.323417	-0.328589	-0.562704	0.781306	-0.429622	-0.434873	-0.016412	-0.009317	-0.885608	-0.387866	-0.396270	-0.164300	-0.828375	0.944505	0.584242	0.489432	0.522083	-0.534697	-0.608840	0.279741	-0.956967	-0.010904	0.473514	-0.953516	0.060788	-0.216444	-0.584068	0.936459	1.291916	-0.047656	-0.515889	-0.675121	0.113527	-0.447777	-0.039128	-0.448532	0.249550	-0.136698	-0.695888	-0.355734	-0.339582	-0.520166	-0.990645	-1.436396	-0.431114	-1.309450	-1.043692	-0.050576	-0.587265	-0.122395	0.098570	-1.040350	-0.478467	-0.094201	-0.231992	-0.529958	-0.619566	-0.436522	-1.279845	-0.379535	0.085599	-1.143980	0.500818	0.028381	-0.539508
-1.385805	-0.830933	-0.922677	-0.812506	-1.027755	-1.080265	-0.577789	-0.187461	-1.353535	-1.307402	-0.853154	-1.276317	-1.223143	-0.919346	-1.744408	-1.748618	-0.500372	-1.108098	-1.396457	-1.913138	-0.847826	0.350248	-1.045379	-0.524681	-1.192683	-0.823202	-0.524908	0.070696	-0.971653	0.089767	-1.528506	-0.621589	-0.950886	-1.225206	-0.505019	-0.515835	-1.177097	-0.352618	-1.054484	-0.457561	-0.676625	-0.434670	-0.818784	-0.154274	-0.688074	-0.427448	-0.635682	-0.477219	0.714607	-0.533020	-0.304693	-0.165058	-0.974673	-0.512041	-1.174829	-1.131168	-1.159081	-1.660967	0.028996	-0.007856	-0.216084	0.066679	-0.868016	-0.441512	-1.630290	-1.111140	-1.227549	0.405129	-0.642698	-0.353713	-0.245825	-0.411779	-0.769678	0.469869	-0.705630	0.053845	-0.845552	-0.847160	-0.411577	0.131401	-1.147302	-0.757968	-0.510320	-0.827314	-0.478418	-0.748873	-0.099461	-1.519394	-1.085528	-1.626785	-1.593773	-1.116129	-0.380214	-1.181949	-0.331783	-0.217514	-1.308347	-0.252946	0.058817	-0.783566	-1.354655	-1.690696	-0.544336	-0.753245	0.515407	-0.101750	-1.000409	-0.347064	-1.384188	0.076109
-2.506576	-0.993052	-1.305715	-0.522670	-1.788385	-1.101314	-1.606073	-0.985771	-0.837609	-1.006101	-0.452612	-2.115610	-1.532711	-1.722691	-1.464638	-1.102119	0.143441	-0.285538	-1.952919	-0.376471	-0.488173	-0.474848	-1.743872	-0.471263	-1.162612	-1.523466	-0.377097	1.218665	-1.607726	-1.442212	-1.859146	-0.959593	-1.711993	-1.482575	-1.185820	-1.199394	-1.780626	-1.096390	-1.768068	-1.415617	-1.295295	-0.983134	-2.101031	-0.984521	-0.824380	-0.312046	-0.183484	0.321011	0.200905	-0.331989	-0.215399	-0.115657	-0.828174	0.541546	-0.740064	-0.763484	-1.205027	-1.073164	-1.200215	-0.750526	-1.073496	-0.728767	-0.563282	0.295222	-2.116084	-0.041422	-1.307093	0.311737	-0.076698	-0.480621	-0.115782	0.023177	-1.906762	-0.537598	-0.961381	1.042108	-0.303699	-1.035336	-0.344471	0.125285	-0.410527	-0.737900	-0.560933	-0.351036	0.042325	-0.401762	0.896722	-0.822087	0.102593	-1.036835	-0.539212	-0.139421	-0.611634	-1.124601	-0.357435	-0.533753	-0.877214	0.488264	0.463761	-0.854596	-1.311864	-1.648913	-0.377279	0.080537	1.404966	-0.000414	-0.357960	-1.243977	-1.552910	0.542260
-1.485429	-0.148787	-0.819088	0.068516	-1.342852	-0.461594	-1.523728	-1.185647	0.451161	0.173010	0.558388	-1.350442	-0.572185	-1.136312	0.068280	0.242593	1.008084	1.180828	-0.535397	1.558769	0.366355	-0.867789	-0.854834	0.002547	-0.524461	-1.389765	0.093960	0.893521	-1.204694	-2.506068	-0.722533	-0.758536	-1.089644	-0.443007	-1.289259	-1.256955	-0.970855	-1.162808	-0.902163	-1.467490	-0.915380	-1.014531	-2.134183	-1.508412	-0.498633	0.013267	0.828530	1.253841	-0.246134	0.448809	0.200050	0.418153	-0.052141	1.295660	0.427300	0.064267	-0.367116	0.206555	-1.728509	-1.236718	-1.592726	-1.501482	0.409174	1.060797	-0.594604	1.210868	-0.037655	-0.088892	0.123471	0.074067	0.328452	0.635717	-1.958102	-0.921247	-0.598496	1.780115	0.700921	-0.215810	-0.153033	0.244265	0.597334	0.232099	-0.195361	0.815067	1.051024	0.751084	1.141267	0.906767	1.508135	1.024428	1.260685	1.335396	0.002548	-0.141892	0.155335	-0.356321	-0.327313	1.237140	0.849110	-0.510853	-0.125187	-0.604397	-0.157722	0.522129	1.591941	0.426808	0.527928	-1.488624	-0.559670	0.500945
0.566458	0.670948	-0.063711	0.441501	-0.404078	-0.073897	-0.779604	-0.778848	0.887039	0.692582	0.951661	-0.118574	1.079530	0.686850	1.330447	1.095111	1.333774	1.847962	1.435884	2.087211	0.584831	-0.598279	0.562286	0.245140	0.016367	-0.674044	0.318166	-0.610168	0.059015	-2.069721	0.578239	-0.079441	0.276679	1.033390	-0.816167	-0.823209	0.126522	-0.647128	0.251544	-0.734270	-0.083105	-0.605956	-1.003131	-1.174266	0.048211	0.458752	1.615934	1.570933	-0.096866	1.269028	1.016914	1.008331	0.361434	0.988475	1.288948	0.659638	0.641835	1.082460	-1.094490	-1.005591	-1.303196	-1.557297	1.505324	1.400244	1.363926	1.503412	1.122209	-0.596619	-0.027530	0.983016	0.789650	1.029830	-1.240072	-0.793824	0.043545	1.486709	1.509987	0.732781	0.317475	0.453835	0.520548	1.131232	0.404115	1.855687	1.772603	1.758637	0.224253	2.152175	2.384509	2.626764	2.418391	2.107568	1.298631	1.354795	0.933056	0.249912	0.230677	1.371549	0.825690	0.055744	1.380937	0.270439	0.235895	0.717890	0.860942	0.762070	1.236892	-0.853886	0.386156	0.091807
1.964335	0.875238	0.334242	0.359460	0.387214	0.019280	0.061142	0.043211	0.278055	0.252901	0.435661	0.277545	2.147305	2.185496	1.366311	1.194072	0.860329	1.277128	2.126189	1.386243	-0.016259	-0.105295	1.251954	0.189501	0.347745	0.108070	0.022179	-1.614948	1.282651	-0.312749	0.868331	0.520132	1.258130	1.697927	-0.131648	-0.312112	0.539033	-0.022054	0.599279	0.286447	0.623026	0.140110	0.487899	-0.112224	0.561933	0.781301	1.711710	1.126818	0.658462	1.496715	1.581539	0.903450	0.254785	0.080258	1.542683	0.970127	1.243570	1.177517	0.200837	-0.077161	-0.238839	-0.682837	2.005733	1.233926	2.058833	0.950355	0.841174	-0.899995	0.109966	1.428746	0.887085	0.931065	-0.461245	-0.889654	0.594347	0.294104	1.591223	0.892173	0.974865	0.481517	-0.485047	1.137803	0.765177	1.767442	1.575855	1.557775	-0.956293	1.742578	2.259356	2.242192	1.995011	1.486110	2.169333	2.331393	1.208294	0.651184	0.948944	0.772764	0.237030	0.578459	2.036715	0.209569	0.875986	1.080987	-0.196637	0.517182	1.451571	0.229735	0.424437	-0.215905
2.050325	0.772711	0.333498	0.017204	0.993755	0.452320	0.791140	0.951106	0.001803	-0.058160	0.081575	-0.161932	1.908676	2.108687	0.694444	1.092964	0.212267	0.419886	1.210356	0.857809	-0.482982	0.218845	1.026416	0.330274	0.929781	0.667382	-0.481518	-1.061921	1.575729	1.367140	0.485732	0.585438	1.249292	1.287745	0.297632	0.057352	0.343696	0.343749	0.492751	1.095374	1.080798	1.011225	1.608554	1.017211	0.928746	0.787163	1.228236	0.481203	1.392671	1.206751	1.180148	0.045172	0.259390	-0.299923	1.584342	1.186927	1.347686	0.941780	1.182776	0.831062	0.923244	0.462850	1.585532	0.742385	1.507470	0.575819	-0.351456	-1.107944	0.859453	0.845345	0.635315	0.552820	0.011541	-1.304423	1.024435	-0.645865	0.930111	0.349224	1.418870	0.355564	-1.079671	0.408702	0.574413	0.557040	0.636226	0.196616	-1.303638	0.326372	1.151145	0.327074	0.379983	0.118162	1.696762	1.954392	0.576401	0.372767	1.588912	-0.037517	-0.570303	0.791720	1.525381	-0.161929	1.318737	1.371835	-0.693851	-0.220851	1.084871	1.112249	-0.070663	-0.013818
1.301466	0.701567	0.299355	-0.239539	1.469706	1.246759	1.265564	1.350712	0.788791	0.406757	0.621579	-0.503576	0.894787	0.871261	0.391669	1.074465	0.080429	0.247910	-0.005882	1.043276	-0.135510	0.382888	0.541116	0.766289	1.735837	1.035634	-0.552070	0.323702	0.797148	1.691540	0.591479	0.341650	0.530018	0.640560	0.337349	0.408087	0.159630	0.383799	0.744084	1.317752	1.281146	1.506305	2.031301	1.642786	1.125105	0.619112	0.440983	0.197460	1.395452	0.859623	0.039270	-0.720966	0.572595	0.195689	1.573171	1.180524	1.117490	0.882584	1.251575	0.922020	1.446601	0.998744	0.599858	0.187554	0.803793	0.750614	-0.680203	-1.438330	1.633244	-0.314360	0.422162	0.321729	0.317061	-1.204049	1.341216	-0.363555	0.106041	-0.021081	1.373346	0.438703	-0.518078	-0.260437	0.119823	-0.624549	-0.241657	-1.100669	-0.684096	-0.552657	-0.333675	-1.240330	-1.077194	-0.651279	0.204152	0.450307	-0.409544	-0.313890	1.614352	-0.453515	-0.976823	0.640822	0.688297	0.244837	0.989298	0.966236	-0.397612	-0.777463	0.357705	1.476591	-0.159742	0.651473
0.490962	0.439615	0.355536	-0.320123	1.523411	1.508190	1.217047	0.764471	1.492327	0.844794	1.201704	-0.282017	0.236518	-0.044912	0.727261	0.769872	0.288061	0.665993	-0.253083	1.194883	0.524643	0.497624	0.293802	0.869583	1.875113	1.260566	0.095959	1.051114	-0.328727	0.669156	1.450765	0.405439	-0.112498	0.570290	0.327883	0.904473	0.240017	0.197333	1.201371	0.847642	1.043774	1.173705	1.752974	1.666718	1.169118	0.644727	-0.416182	0.238066	0.574743	0.523148	-0.739647	-0.618892	0.537245	0.721460	1.177671	0.726795	0.669592	0.923667	0.613064	0.223611	1.258888	0.782606	-0.171682	-0.152552	0.417871	0.703590	0.620867	-1.562410	1.578078	-0.777694	0.555718	0.354855	0.592224	-0.052446	1.295947	0.737621	-0.093214	0.347090	1.051816	0.861023	0.506495	-0.312427	0.006386	-0.741435	-0.417465	-1.224997	0.111924	-0.431518	-1.240472	-1.134206	-1.309639	-0.224831	-1.001698	-0.985372	-0.756166	-0.702905	0.931433	-0.401293	-0.691438	0.371125	0.546573	1.374786	-0.022783	-0.085879	0.014411	-0.614633	-0.236091	1.412004	0.430525	1.187808
0.068778	-0.179120	0.256487	-0.375763	0.872451	0.676554	0.566427	-0.428251	0.723609	0.320024	0.564282	0.108225	0.368605	0.173378	1.007691	-0.035357	0.100959	0.941437	0.320602	0.625231	0.631549	0.494740	0.237863	0.217515	0.763367	1.193058	0.952940	0.593333	-0.844734	-0.564320	2.046581	0.893048	-0.123075	0.932462	0.601610	1.390514	0.318116	-0.054757	1.018837	0.067315	0.340268	0.211800	1.035500	1.341040	1.072575	0.935265	-0.974628	0.186592	-0.453797	-0.077452	-0.404484	0.167159	-0.255574	0.389535	0.288606	0.081208	0.089289	0.648871	-0.047192	-0.378445	0.878466	0.451641	-0.184758	-0.096971	-0.023289	-0.160308	2.206138	-0.900618	0.650972	0.154891	0.880063	0.403143	0.622374	1.398799	0.769028	1.232109	0.557613	1.017491	0.835515	1.201659	0.850036	0.127607	0.385151	-0.024511	0.000377	-0.390593	0.343019	-0.115953	-0.980802	0.194570	-0.419349	0.685449	-0.994276	-1.287882	-0.182435	-0.496023	0.136989	-0.269927	-0.064918	0.281394	1.118499	1.961519	-0.919204	-0.851873	-0.155250	0.087483	-0.273539	1.088161	0.988154	0.961501
0.058565	-0.602036	-0.095371	-0.407695	-0.195601	-0.494626	-0.307319	-1.048266	-0.982065	-0.654899	-1.010833	0.251546	0.641813	0.860205	0.569260	-0.758073	-0.578662	0.704048	0.619273	-0.332776	0.164349	0.298784	0.185641	-0.601027	-0.772498	0.676269	1.123039	-0.293050	-0.423067	-0.901231	1.442609	1.096123	0.311497	0.924341	0.899208	1.403628	0.132688	-0.182721	0.051153	-0.338397	-0.372903	-0.552478	0.311408	0.899368	0.761978	1.012820	-0.833279	-0.092492	-0.922458	-0.799890	0.501892	0.758584	-1.014163	-0.530505	-0.504337	-0.140045	-0.407984	0.018718	-0.227534	-0.155864	0.657855	0.498415	0.360786	0.236759	-0.610392	-1.112483	2.149282	0.344395	-0.274533	1.587155	0.889132	0.251670	0.196901	1.855761	0.192500	0.322690	1.309420	1.040503	0.677159	0.931090	0.250966	0.508700	0.705823	0.422593	0.337634	0.190870	0.013946	-0.144209	0.029574	1.202861	0.592284	0.937186	-0.174172	-0.535407	0.521802	-0.095935	-0.168627	-0.304313	0.285698	0.380019	1.442843	1.115264	-1.027779	-0.586871	-0.651576	0.673492	0.118284	0.588696	0.700308	0.031683
0.187834	-0.136060	-0.426988	-0.188372	-0.940294	-0.783947	-0.810426	-0.349869	-1.645843	-0.743292	-1.872052	0.224917	0.309378	0.819446	-0.395987	-0.661292	-0.872183	0.191979	0.119236	-0.834294	-0.144957	0.058874	0.135035	-0.631834	-1.289407	-0.150566	0.328556	-0.702503	0.367731	-0.235503	-0.022600	0.316371	0.522009	0.168803	0.600852	0.652730	-0.199697	-0.124963	-0.788687	-0.081768	-0.516585	-0.491668	-0.133745	0.362002	0.160680	0.382381	-0.060523	-0.284133	-0.512406	-0.905196	0.714015	0.549630	-0.584898	-0.885714	-0.516098	0.242676	-0.570217	-0.503801	0.067842	0.623784	0.428529	0.659724	0.722828	0.451916	-0.769344	-0.915960	0.343606	1.112148	-0.403859	1.916560	0.315001	-0.011544	-0.387122	1.031613	0.083879	-1.120367	1.123383	0.116932	0.192551	0.096093	-0.567686	0.400425	0.385555	0.018342	0.111937	-0.172742	-0.346414	-0.103195	0.638131	0.914157	0.841405	0.169189	0.321654	0.220451	0.502194	0.021689	-0.098235	-0.301823	0.158753	0.377647	0.822752	-0.504128	-0.441765	0.307556	-0.563109	0.735817	0.244060	0.049670	-0.314019	-0.799693
0.075265	0.906646	-0.531922	0.256233	-0.943595	-0.131589	-0.694823	0.933993	-0.483590	0.214032	-1.117838	0.144592	-0.447876	-0.209596	-1.094126	0.024193	-0.138634	-0.264791	-0.581710	-0.583637	0.095049	-0.047333	0.078195	0.112183	-0.529057	-0.865170	-0.639685	-0.564843	0.688914	0.607304	-1.165579	-1.080719	0.188144	-0.755056	-0.338979	-0.484884	-0.386501	-0.051044	-0.758114	0.314132	-0.124587	0.096231	-0.396109	-0.284282	-0.550043	-0.697250	0.637247	-0.164964	0.415598	-0.003145	-0.234390	-0.247754	0.858326	-0.078685	0.049837	0.588707	-0.453030	-0.621063	0.460589	1.047512	-0.035184	0.425021	0.373680	0.265493	-0.255184	0.391136	-1.313092	0.773076	0.065334	0.680427	-0.481693	-0.183300	-0.539701	-0.039239	0.251161	-1.463229	-0.120516	-0.958888	-0.627467	-0.631767	-0.849644	-0.168739	-0.401053	-0.685794	-0.441572	-0.825186	-0.338834	0.300307	0.078922	-0.267172	0.269748	-0.932403	-0.023484	0.094862	-0.059465	-0.031492	-0.238520	0.011453	-0.014181	0.059486	-0.315064	-1.421052	0.244008	0.716655	0.384931	0.461128	-0.427823	-0.336693	-1.094762	-0.854980
-0.490696	1.263924	-0.553295	0.428554	-0.581130	0.253018	-0.308915	1.251780	0.921530	0.776976	0.269686	-0.166861	-0.856623	-1.324646	-1.065802	0.209919	0.897784	-0.605988	-0.729729	-0.140619	0.419784	-0.135780	-0.185381	0.537948	0.295568	-1.069760	-0.765650	-0.428460	0.267226	0.804214	-1.246525	-1.847939	-0.273746	-0.999995	-1.065360	-1.127649	-0.354261	-0.127312	-0.295597	0.088177	0.081485	0.295776	-0.702141	-0.812117	-0.906923	-1.302467	0.512721	-0.025418	1.047644	1.066139	-1.390703	-0.907858	1.737830	1.093420	0.160200	0.131717	-0.457403	-0.614137	0.467452	0.590567	-0.555700	-0.150774	-0.512369	-0.156067	0.152621	1.245830	-1.291903	-0.024040	0.204469	-0.996421	-0.908373	-0.268217	-0.145313	-0.307316	0.034398	-0.194151	-1.386324	-1.217018	-1.207601	-0.672884	-0.547050	-0.790876	-0.832398	-0.825562	-0.683848	-0.689793	0.027452	0.437194	-1.180277	-1.234770	-0.503253	-1.383242	-0.715235	-0.781457	-0.301534	0.164489	-0.778712	0.491832	0.275431	-0.422673	-1.080842	-1.053604	0.550191	0.108345	1.287311	0.273896	-1.462224	-0.567191	-0.997646	-0.341137
-1.236653	0.260111	-0.634619	0.051459	-0.474761	-0.385862	-0.145361	0.089050	0.719300	-0.108300	0.768152	-0.704660	-0.720767	-1.632386	-0.626088	-0.569976	0.959626	-0.782058	-0.386848	-0.173294	0.214778	-0.388623	-0.718625	-0.031906	0.163491	-0.662063	0.001719	-0.506825	-0.454719	0.314295	-0.544290	-1.264134	-0.322873	-0.518632	-0.797312	-0.764149	-0.263333	-0.239748	-0.276803	-0.737081	-0.377161	-0.292580	-0.957317	-0.886233	-0.605640	-0.882345	-0.438626	-0.244355	0.767018	0.934390	-1.527100	-0.916393	1.028021	1.325607	-0.715992	-0.962859	-0.781393	-0.789392	-0.142177	-0.363710	-0.763838	-0.510297	-1.308767	-0.417747	-0.411310	0.458579	-0.177664	-0.205344	-0.402626	-1.770667	-0.814723	-0.414945	0.224566	0.093014	-0.602562	1.446937	-1.612211	-0.637863	-1.077056	-0.179122	-0.142091	-1.046626	-0.419499	-0.304370	-0.348821	0.260539	0.551188	-0.283127	-1.859626	-1.337269	-0.842698	-0.793764	-1.129778	-1.515681	-0.007852	0.526428	-1.203530	0.658724	0.840901	-0.720402	-1.243531	-0.277834	0.322508	-0.888361	1.133861	0.272626	-1.678701	-0.782453	-0.382527	-0.004234
-1.433921	-1.109794	-0.607432	-0.278193	-0.572638	-1.137059	-0.141018	-1.226059	-0.607855	-1.403942	0.173937	-0.928906	-0.654201	-1.238067	-0.306081	-1.268540	0.042835	-0.471930	-0.133066	-0.601546	-0.351043	-0.508999	-1.044261	-0.737536	-0.458733	0.122597	0.763332	-0.286981	-0.857414	-0.226728	0.171919	-0.038193	-0.046648	-0.107937	0.115133	0.132026	-0.176178	-0.154320	-0.573618	-1.170693	-0.895948	-0.885959	-0.770185	-0.509247	0.079492	0.046694	-1.424867	-0.621522	-0.206493	-0.507621	-0.662094	-0.439307	-0.357527	0.388343	-1.655056	-1.528415	-0.989271	-0.831830	-0.953978	-0.936247	-0.524516	-0.334585	-1.524693	-0.423125	-1.502074	-1.132194	0.471018	0.396792	-0.925872	-1.359185	-0.496495	-0.549204	0.081220	0.290056	-0.842786	1.875754	-0.842228	-0.034465	-0.468657	0.197037	0.007321	-0.864708	0.329027	0.163930	0.170371	0.923867	1.001382	-1.258934	-1.228413	-0.816226	-0.627111	0.308954	-1.240761	-1.412936	0.097955	0.457401	-0.943947	0.262136	0.798674	-0.668005	-1.160817	-0.212639	-0.323737	-1.199504	0.119302	0.133480	-0.447503	-0.846175	0.068692	-0.162001
-0.552602	-1.215121	-0.263271	0.222286	-0.169917	-0.536930	0.301686	-0.973217	-0.847513	-1.149399	-0.436838	-0.374998	-0.987215	-0.833120	-0.129336	-0.524836	-0.440136	0.510685	-0.147882	-0.764400	-0.435573	0.096412	-0.491832	-0.237196	-0.393798	0.882796	0.782610	0.668399	-0.662448	-0.197877	0.453548	0.541285	0.054585	-0.304953	0.615340	0.633240	0.039259	0.098613	-0.140239	-0.337850	-0.355687	-0.314028	0.028043	-0.064057	0.506203	0.521134	-1.653550	-0.580287	-0.936352	-1.621270	0.020534	-0.110363	-0.767996	-0.607980	-1.236516	-0.643389	-0.491419	-0.220327	-1.055880	-0.566217	0.057414	0.173756	-1.134927	-0.443319	-1.639260	-1.617432	0.206738	0.988921	-0.243450	-0.409518	-0.179337	-0.366677	-0.273302	0.064884	-0.146471	0.884144	-0.032426	0.023294	0.000738	0.113700	-0.032816	-0.591126	0.490028	-0.036967	0.332632	0.470529	1.010880	-1.383759	0.042596	-0.365872	-0.275330	0.875085	-1.280227	-0.660496	-0.445053	-0.177245	-0.063680	-0.333376	-0.367123	-0.337936	-0.907727	-0.828760	-0.930214	-0.359912	-0.597627	-0.402983	1.362049	-0.382149	0.250903	-0.429594
0.990112	0.178198	0.248067	1.227042	1.027888	1.372772	1.401076	0.861888	0.840448	0.837286	-0.259138	0.579354	-1.075362	-0.659569	0.261986	1.380290	0.400938	1.600552	-0.051310	-0.390422	0.397304	1.350096	0.878885	1.296604	0.585888	1.287943	0.158005	1.789395	-0.046113	0.464058	0.423086	0.169110	-0.129801	-0.648622	0.340941	0.449992	0.367585	0.222480	1.325752	1.314988	1.325853	1.426014	1.058772	0.195050	0.338724	0.278082	-1.078549	-0.002179	-0.716284	-0.876875	-0.231506	-0.316627	0.024608	-0.613785	0.572513	1.158251	0.559985	0.815960	0.014050	0.494295	0.823221	0.726679	-0.489493	-0.597527	-0.176270	-0.467305	-0.205045	0.875836	1.388777	0.328561	0.121777	0.181246	-0.154335	0.147625	0.895710	-0.356554	0.096354	-0.206868	0.065506	-0.098761	-0.027433	-0.634680	-0.103659	-0.691518	0.061430	-0.610324	0.254130	-0.590081	0.601466	-0.393019	-0.300390	0.220384	-1.137515	-0.079744	-1.022342	-0.594691	0.873133	-0.428204	-1.824194	0.195807	-0.250258	-1.106117	-0.829187	1.134356	-0.327806	-1.037664	2.071867	0.487259	0.419270	-0.376399
1.959270	1.517814	0.495193	1.444324	2.215653	2.826913	2.341470	2.422093	2.604562	2.429577	0.356178	1.003860	-0.265811	-0.398313	0.847952	2.487457	1.608775	1.783117	0.363134	0.011310	1.467236	2.176056	1.983883	2.110108	1.415568	1.179449	-0.568995	1.955145	0.513506	1.209799	0.376473	-0.249078	-0.222690	-0.423180	0.010129	0.130691	0.457278	0.046566	2.543569	2.226850	2.668055	2.771196	1.655893	0.391007	-0.110477	-0.070272	-0.268249	0.589691	0.153953	1.115499	-0.785802	-0.741372	0.678300	0.108791	2.101109	2.258576	1.226270	1.314300	1.490662	1.365590	1.467240	1.224117	0.028792	-0.550146	1.637861	0.813210	-0.235205	0.169321	2.248547	0.478259	0.323272	0.682191	0.518308	0.917430	1.232392	-0.777466	-0.258643	-0.110874	-0.007342	0.038780	0.083457	-0.951640	-0.649716	-1.015022	-0.267477	-1.145528	-0.907405	0.153929	-0.004683	-0.639972	-0.766731	-1.203041	-0.511028	-0.162183	-0.809351	-0.091154	1.387870	0.266984	-2.003096	0.870745	0.539765	-0.424793	0.155682	2.221283	0.445178	-1.097474	0.930404	0.893337	0.491858	-0.054845
1.425644	1.275373	0.224813	0.298324	2.214123	2.316361	1.961823	2.011450	2.204467	1.726122	0.580070	0.476124	0.852890	0.042967	0.989259	1.381366	1.543371	0.724972	0.638869	-0.128704	1.577831	1.595488	1.680740	1.024535	1.030144	0.552722	-1.005165	0.919737	0.557261	1.290987	0.338939	0.049815	-0.060965	0.176196	0.291659	0.141007	0.067244	-0.247740	2.035288	1.332485	2.107372	2.139789	1.384739	0.595613	-0.279702	0.031981	0.293827	0.736035	0.700096	2.121879	-0.607557	-0.730693	0.189752	0.436802	1.804537	1.619411	0.789133	0.711461	1.934889	1.246229	1.444955	1.429148	0.300424	0.028186	1.916444	0.649056	-0.157776	-0.513386	1.119455	0.124036	0.271258	0.761512	1.029896	1.470860	0.585514	-0.428525	-0.425454	0.493956	0.088674	0.479042	0.143190	-1.011193	-0.439263	-0.588166	-0.315498	-0.707731	-1.331979	0.246229	-0.801546	-0.554759	-1.175455	-2.008154	0.479028	-0.456787	0.012205	0.845233	1.313777	1.191665	-0.444064	1.396055	0.640011	0.615528	1.182200	1.991943	0.831373	-0.329952	-1.028933	0.227534	0.183708	0.229127
-0.231027	-0.336109	-0.310659	-1.166286	0.830806	0.285221	0.185663	-0.078843	-0.154000	-0.632650	0.204877	-0.456833	1.007814	0.262068	0.208624	-1.019803	-0.016101	-0.699332	0.206273	-0.677438	0.348268	-0.030493	0.032596	-1.061207	-0.356013	-0.348721	-1.006732	-0.314310	0.061369	0.457939	0.147323	0.664913	0.043598	0.281576	0.885606	0.230430	-0.408142	-0.331676	0.038327	-0.704127	-0.127101	-0.215104	0.377939	0.500114	0.010697	0.388247	0.531204	0.526730	0.384336	0.893597	0.249542	-0.081813	-0.857499	-0.135150	0.014572	-0.156058	-0.404022	-0.409396	0.729139	0.086809	0.431717	0.840407	0.423694	0.853901	0.273222	-0.745685	-0.265746	-0.708191	-1.054465	-0.257609	0.051703	0.566030	0.735796	0.735806	-0.334814	-0.007931	-0.115835	1.128338	0.261772	0.735666	0.000043	-0.472536	0.232848	0.152947	-0.072689	0.034947	-0.289565	0.014303	-0.626780	-0.042736	-0.945155	-1.167392	1.181940	-0.173069	0.516272	1.054113	0.674052	1.422782	1.402637	1.324651	-0.226728	0.918757	1.069679	0.424533	0.549914	0.639565	-1.963968	-0.869392	-0.334957	0.312973
-1.576772	-1.748645	-0.549190	-1.494882	-0.790254	-1.417217	-1.583904	-1.979797	-2.080709	-2.302675	-0.210352	-0.944809	0.038213	0.053322	-0.940445	-2.387065	-1.506099	-1.221041	-0.677661	-0.987431	-1.176400	-1.250939	-1.599021	-2.247025	-1.433388	-0.932151	-0.594769	-0.753047	-0.450102	-0.645345	-0.126586	0.706210	-0.069875	-0.254101	1.073305	-0.001279	-0.266546	-0.077509	-1.567319	-2.111687	-2.052715	-2.277041	-0.684226	-0.133144	0.450821	0.466746	0.504928	0.274608	-0.313915	-1.302062	0.764036	0.699184	-1.217236	-0.889891	-1.476759	-1.501730	-1.264928	-0.938103	-1.162103	-1.305837	-1.033259	-0.603178	0.417680	1.202635	-1.712993	-1.894659	-0.311499	-0.355775	-2.084561	-0.161181	-0.021102	0.501099	-0.161497	-0.760612	-0.688117	0.145288	0.342870	1.153578	0.209527	0.565657	-0.266115	0.239696	0.514374	0.495508	0.285411	0.384478	1.342776	-0.096793	0.456834	0.387315	-0.011886	0.841787	1.029355	0.663340	0.323731	0.262948	-0.265612	0.695553	1.677344	0.547052	-1.165685	0.201358	-0.296979	-1.353341	-0.008760	0.882967	-0.971312	-1.113621	-0.480254	0.151998
-1.475622	-1.798579	-0.246466	-0.500082	-1.318134	-1.484230	-1.821973	-2.213298	-1.816520	-1.952185	-0.167341	-0.724296	-0.738877	-0.154509	-1.214118	-1.541704	-1.305669	-0.390005	-0.978497	-0.641548	-1.449695	-1.045728	-1.844932	-1.723224	-1.204075	-0.637538	-0.025551	-0.473457	-0.418022	-1.057569	-0.142513	0.103440	-0.046819	-0.467907	0.717192	-0.332290	0.514175	0.292495	-1.304302	-1.813930	-1.974866	-2.307368	-1.021178	-0.897360	0.676523	0.204477	0.195675	0.080439	-0.616246	-2.112100	0.430182	0.960093	-0.596862	-0.850004	-1.382926	-1.413186	-1.053240	-0.426890	-2.111380	-1.870072	-1.768611	-1.905378	0.178094	0.721322	-2.205496	-1.864580	0.044145	0.328462	-1.041701	0.438276	0.183719	0.631237	-0.870252	-1.239909	-0.278502	0.243763	0.528257	0.485658	-0.073224	0.249275	-0.365202	0.391567	0.108059	0.372850	0.601758	0.476420	1.778332	-0.074320	1.385215	0.386885	1.079874	2.426106	0.159850	1.137093	-0.001698	-0.537820	-0.888378	-0.252781	0.200927	-0.453574	-1.039462	-0.702488	-1.625875	-1.839719	-0.386877	0.186217	1.121942	-0.156172	0.014085	-0.305012
-0.172612	-0.737139	0.147904	0.740924	-0.605837	-0.288771	-0.543140	-0.998778	-0.049120	-0.424929	0.094374	-0.217248	-0.317049	0.105653	-0.097759	0.363100	0.487413	1.049674	-0.139872	0.166959	-0.113588	0.121503	-0.683824	-0.339133	-0.089219	0.317323	0.265529	-0.083293	0.077287	-0.633821	0.169178	-0.313855	0.336324	0.324245	0.229834	-0.240542	0.975518	0.362853	0.315860	-0.397575	-0.243657	-0.597759	-0.463558	-1.073916	0.595087	0.043770	-0.311825	-0.068097	-0.541775	-0.751689	-0.086423	0.561078	0.130042	-0.011236	-0.126290	-0.219943	-0.046404	0.509903	-1.457624	-1.197613	-1.143386	-1.804399	-0.183909	-0.152826	-0.962623	-0.953414	0.609580	0.965844	0.746768	1.022037	0.427697	0.615684	-0.896489	-0.041335	0.436862	0.425796	0.417662	-0.249048	-0.227621	0.116313	-0.115693	-0.050896	-0.481212	0.381302	0.730005	0.732925	0.408029	0.073629	1.497376	0.362352	1.660397	2.465724	-0.632846	0.715069	0.083570	-0.462324	-0.639070	-0.553606	-1.388497	-0.990278	0.156764	-0.849523	-1.606883	-0.591243	-0.429679	-0.700698	2.540651	0.941917	0.763729	-0.927418
1.032019	0.326672	-0.028800	1.226156	0.279350	0.736930	0.734803	0.256592	1.169098	0.650781	-0.060704	0.075651	0.603138	0.641142	1.402202	1.294706	2.109955	1.816506	1.036690	0.854448	1.392402	0.863035	0.584673	0.590434	0.507393	0.889308	0.047885	0.286681	0.357768	-0.252200	0.304563	-0.004470	0.587362	1.372606	-0.176064	0.171100	0.244052	-0.085016	1.461268	0.706068	1.240635	0.987416	0.262987	-0.553215	0.265218	0.247498	-0.660856	-0.056128	-0.738957	1.276272	-0.007768	-0.127751	0.145956	0.716814	0.908134	0.913280	0.815603	0.891332	-0.050013	0.042992	0.152475	-0.355156	-0.249717	-0.677296	0.663720	0.080490	0.739589	1.083357	1.394305	1.031836	0.409179	0.209327	-0.476977	1.259413	0.807701	0.410875	0.269595	-0.387371	-0.049478	0.096639	0.263506	-0.325596	-0.746428	0.823359	0.510621	0.896292	-1.426810	0.535660	1.151821	0.895843	1.473713	1.278185	-0.588600	0.083781	0.347386	0.145850	0.264023	-0.250435	-1.531421	-0.763981	1.238014	-0.272493	-0.389367	1.191287	-0.244187	-0.878812	2.146625	0.974441	1.165858	-1.261918
1.146206	0.599249	-0.762542	0.828489	0.343327	0.560884	0.750222	0.477762	0.751656	0.644418	-0.728299	0.050994	0.656427	0.851293	1.776442	0.589787	1.892471	1.165640	1.255782	0.938740	1.283964	0.366779	0.756629	0.562369	-0.196542	0.312722	-0.441525	0.766971	-0.033087	-0.601755	-0.227522	0.515272	0.123929	1.392828	-0.672464	0.158289	-1.248241	-0.765405	1.017066	0.734220	1.148699	1.074421	0.237580	-0.030205	-0.290508	0.497940	-0.468979	0.185242	-1.184436	2.061681	0.406105	-0.730319	-0.334152	0.693934	0.972028	1.069090	0.863272	0.343414	0.814380	0.716830	0.857080	0.884231	0.171852	-0.563208	1.313783	0.788673	0.017190	0.407260	0.597322	0.348631	0.092169	-0.419994	-0.180087	0.774195	0.435352	-0.025652	0.183366	-0.034823	0.146681	-0.076522	0.316959	0.053337	-0.747903	1.130893	-0.073187	0.310433	-2.095152	1.161412	0.904433	1.727914	0.776060	-0.030548	0.313867	0.238074	0.311748	0.374624	0.845485	-0.151281	-0.346365	-0.069954	1.165371	0.136922	0.717780	1.816767	-0.090048	-0.252021	0.450945	-0.017739	0.924684	-0.920364
0.375239	0.187910	-1.238680	-0.009225	-0.313309	-0.600604	-0.161713	-0.160231	-0.538288	0.098953	-1.192204	-0.105906	-0.280475	0.465822	0.735532	-0.579710	-0.055634	-0.439746	0.339137	0.448473	-0.464687	-0.832201	-0.025972	0.056468	-1.392096	-0.938722	-0.732875	0.905402	-0.735148	-1.167778	-1.121168	0.362129	-0.741855	0.284070	-1.295716	-0.624564	-2.068177	-1.088294	-0.376505	0.108242	-0.001951	0.063491	-0.611451	-0.142480	-0.972121	0.271629	0.258105	0.393335	-0.906602	1.281105	0.288144	-1.125572	-0.451081	0.258745	0.516898	0.285939	0.286620	-0.586926	0.716159	0.377161	0.518498	0.634992	0.617276	-0.150871	0.876433	1.061545	-1.139618	-0.710998	-0.390287	-0.658380	-0.334377	-0.934057	-0.272545	-1.212476	-0.550690	-0.536770	-0.009247	0.032674	-0.084296	-0.453424	-0.083649	0.610093	-0.713911	0.588024	-0.758497	-0.861551	-1.484634	1.268708	0.657272	1.862275	0.002478	-0.777382	1.284411	1.037796	0.069189	0.046739	0.384301	-0.696515	0.785708	0.466226	0.156922	-0.198645	0.856059	0.800596	-0.231011	0.419758	-0.945050	-0.909268	0.168203	-0.107211
-0.365017	-0.238784	-0.785546	-0.749699	-0.870878	-1.674145	-0.756478	-0.709935	-1.272682	-0.273992	-0.788184	-0.248350	-1.060966	-0.256293	-0.517860	-0.839625	-1.960257	-1.718755	-0.600483	-0.089201	-1.932344	-1.578231	-0.618162	-0.193478	-1.590342	-1.698468	-0.523488	0.014608	-0.959780	-0.955101	-1.488562	-0.494466	-1.074193	-0.791338	-1.684161	-1.502755	-1.382948	-0.766948	-1.309378	-0.371833	-0.788863	-0.702673	-1.426902	-0.716360	-1.449769	-0.530929	1.035729	0.181411	0.464940	0.040796	-0.487318	-1.229149	0.166868	0.096727	0.261175	-0.639666	-0.163816	-1.027647	0.222143	-0.305590	-0.215386	-0.579049	0.454019	0.045805	0.218942	0.961061	-1.649006	-1.344313	-0.560714	-1.368861	-0.675130	-1.182078	-0.531627	-2.537259	-1.502557	-0.538618	-0.404817	-0.605094	-0.652364	-0.868769	-0.450142	0.660830	-0.495562	-0.585487	-1.155224	-1.437771	-0.588760	0.458836	0.001291	0.813662	-0.572873	-1.018371	1.434188	1.299412	0.068211	-0.230440	-0.730107	-1.370042	0.884979	0.388556	-0.680523	-0.738464	0.418639	-0.836854	-0.638658	0.407841	-1.047035	-0.883777	-0.698412	0.531878
-0.571643	-0.235364	0.266825	-0.964553	-0.859617	-1.832162	-0.535588	-0.606589	-0.944700	-0.265712	0.189025	-0.289745	-0.938772	-0.889746	-0.817437	-0.210501	-2.264714	-1.826962	-0.659911	-0.207685	-1.497051	-1.357449	-0.342541	0.021975	-0.420671	-1.468903	0.143083	-1.527136	-0.390458	0.016814	-0.935910	-1.130747	-0.583746	-0.974093	-1.488361	-1.521861	0.122723	-0.116352	-1.220250	-0.448888	-0.672268	-0.621064	-1.470474	-1.071183	-1.408638	-1.424551	1.252132	-0.446977	1.689023	-0.722165	-1.025406	-0.862796	0.917780	0.222447	0.150432	-1.024603	-0.057287	-0.693946	-0.052601	-0.405811	-0.581354	-1.190191	-0.291323	-0.179125	0.035334	0.701195	-0.854083	-0.838517	-0.244868	-1.310935	-0.840021	-1.210019	-0.581895	-1.809665	-1.747711	-0.013268	-0.777807	-1.357592	-0.962215	-1.176453	-0.207161	0.322829	0.148098	-1.346975	-1.079580	-0.630163	0.073568	-0.685778	-0.935535	-0.687335	-0.861109	-1.026348	0.654353	0.358797	0.325672	-0.073484	-1.410056	-1.377985	0.295830	-0.190162	-0.666955	-0.464177	0.209229	-1.817626	-0.891994	-0.152668	-0.415944	-0.301696	-1.195836	0.664151
-0.533664	-0.011769	0.933093	-0.630655	-0.514095	-1.212836	-0.138129	-0.140606	-0.225677	-0.029968	0.805067	-0.047278	-0.423562	-1.162417	-0.369456	0.206687	-1.259236	-1.170537	-0.221652	-0.059609	0.133875	-0.653772	0.272195	0.276739	0.891734	-0.810803	0.864594	-2.226662	0.437747	0.621652	-0.076695	-0.864694	-0.059347	-0.659070	-0.839373	-0.641004	1.098315	0.317243	-0.725913	-0.392515	-0.353955	-0.244293	-0.946750	-0.867138	-0.983479	-1.789412	0.692636	-1.016293	1.375066	-1.044659	-0.649161	-0.090769	0.903132	-0.002857	-0.394639	-0.921856	0.211903	-0.170682	-0.094250	0.116318	-0.531371	-0.588285	-0.952303	-0.623020	0.211767	0.486602	0.523394	0.348756	-0.340681	-0.620491	-0.846657	-1.078385	-0.344560	0.011461	-1.281200	0.366594	-0.827744	-1.336136	-0.681976	-1.283359	0.474658	0.198979	0.893262	-1.070923	-0.693903	0.811611	0.687358	-1.185419	-1.472479	-1.514597	-0.813342	-0.940242	-0.265677	-0.977921	0.387074	0.229820	-1.100849	-0.611907	0.015750	-0.689940	-0.228247	0.720458	0.350250	-1.763322	-0.625629	-0.476393	-0.167377	-0.088077	-1.028436	0.585231
-0.651236	-0.058844	0.713647	-0.295099	-0.211545	-0.587536	-0.160881	0.146656	0.084819	0.275226	0.656887	0.585533	-0.329810	-1.049191	-0.208386	-0.171158	-0.523858	-0.745030	-0.183550	-0.171527	0.833047	-0.185413	0.366315	0.152427	1.024361	-0.441659	1.080472	-1.268763	0.695429	0.124106	0.236270	-0.127558	-0.288049	-0.697342	-0.238435	0.163949	0.988420	0.286897	-0.538355	-0.369650	-0.501240	-0.200940	-0.562634	-0.399882	-0.684374	-1.448973	-0.160611	-1.063661	-0.043500	-1.289726	0.127753	0.553090	-0.042856	-0.848035	-1.366804	-0.799293	-0.030651	-0.195950	-0.189641	0.441900	-0.463056	0.265457	-1.007267	-0.864709	0.247207	0.272770	1.002606	1.024897	-0.974840	-0.014868	-0.737122	-0.803965	-0.111750	0.930627	-0.793392	0.044317	-0.570868	-0.547855	-0.160137	-1.087572	0.739372	0.341720	1.029182	-0.270437	-0.285994	1.439757	1.140531	-0.809218	-1.157681	-1.372606	-0.437426	-0.844556	-0.443666	-1.322410	0.060580	0.278278	-0.335081	0.295148	0.407296	-0.676087	-0.167905	1.643110	0.365685	-1.152308	-0.073845	-0.162387	-0.401521	-0.528521	-0.316547	0.627936
-0.729206	-0.415543	0.147156	-0.468578	0.013968	-0.401362	-0.280008	0.191280	-0.014530	0.576487	0.322977	1.279998	-0.597674	-0.708261	-0.632800	-0.667578	-0.854205	-0.782822	-0.554108	-0.571632	-0.112270	-0.075618	-0.019125	-0.140392	0.187935	-0.389669	0.611974	0.214459	0.199993	-0.791563	-0.032578	0.213789	-0.932784	-1.151121	0.001164	0.082399	0.402029	-0.020944	-0.540178	-0.185257	-0.774348	-0.313440	-0.498618	-0.091428	-0.725620	-0.774416	-0.423480	-0.550507	-0.828146	-1.358921	0.362887	0.592155	-1.113820	-1.619758	-1.857720	-0.765717	-0.715673	-0.709316	-0.316563	0.078355	-0.468601	0.277728	-0.465077	-0.546099	0.039062	-0.073265	0.172051	0.605215	-1.303090	0.027838	-0.437914	-0.384765	-0.129233	0.267505	-0.765566	-0.702413	-0.259210	0.129202	0.143236	-0.586433	0.142180	0.263621	0.451543	0.136104	0.044933	0.891418	0.923759	-0.211450	-0.232699	-0.846782	0.065931	-0.764681	0.253219	-0.286577	-0.246344	0.081899	0.062224	0.693071	0.809748	-0.297940	-0.484603	1.223964	0.017315	-0.547828	0.101188	0.276292	-0.276686	-0.936955	0.430509	0.587478
-0.253218	-0.542586	0.153771	-0.808330	0.271536	-0.324847	0.088072	0.322292	0.033384	0.779234	0.505492	1.467546	-0.435792	-0.223089	-0.811854	-0.323017	-1.362564	-0.519981	-0.437303	-0.550535	-1.043929	0.099744	-0.058031	-0.035959	-0.198739	-0.190768	-0.000186	0.444371	-0.290599	-0.847757	-0.127852	0.077758	-0.906710	-1.223293	0.077387	-0.508794	0.213872	-0.205110	-0.151110	0.343289	-0.443020	-0.045111	-0.222545	0.088333	-0.669999	-0.234786	0.328118	0.212303	-0.259874	-0.871317	0.084240	0.306206	-1.329389	-1.407854	-1.129964	-0.458288	-0.923297	-0.847277	-0.106593	-0.382857	-0.196403	-0.311815	0.460332	0.336254	0.035516	-0.350022	-0.624470	-0.284163	-0.557845	-0.043972	0.173911	0.178766	-0.189337	-0.782486	-0.755067	-1.058322	0.035714	0.174403	0.318677	-0.006081	-0.679053	-0.066827	0.006520	-0.014055	0.385138	0.183513	0.144243	0.046957	0.697019	-0.415582	0.411089	-0.513884	1.175504	1.136686	-0.076592	-0.112748	0.064030	0.451976	0.447113	0.013668	-0.302450	-0.057110	-0.385367	-0.068513	-0.377881	0.136637	0.508100	-0.474537	0.717421	0.105633
0.700861	-0.038401	0.970225	-0.444870	0.419543	0.147335	0.700268	0.638828	0.444164	0.744280	1.067120	1.077210	0.582521	0.560849	-0.065869	0.779394	-0.899415	0.539202	0.601554	0.378087	-0.270874	0.559643	0.577768	0.521048	0.599035	0.340118	-0.056423	-0.640444	0.088033	0.229922	0.431623	0.128079	0.213589	-0.307070	0.360422	-0.516772	0.596440	0.026773	0.664044	0.985387	0.436842	0.549529	0.616012	0.509918	-0.044153	0.047344	1.448268	0.842481	0.523421	0.123142	0.190780	0.448670	-0.510386	-0.261274	0.309497	0.259170	-0.053295	-0.021174	0.593090	-0.036144	0.544067	-0.357185	1.533205	1.300635	0.571695	-0.097641	0.041258	-0.716106	0.955023	0.555402	0.908268	0.762983	0.152536	-0.764458	0.001090	-0.635491	0.439035	0.044718	0.684765	0.310344	-0.772164	-0.011329	0.415640	-0.068211	0.680357	0.168128	-0.327459	0.170199	1.213512	0.096183	0.574197	0.147390	1.530336	1.724516	0.442668	-0.223176	0.338068	-0.125104	-0.501769	0.123073	0.890607	-0.568753	-0.449175	0.488081	-0.986234	-0.454126	1.129751	0.878943	0.554156	-0.558558
1.245743	0.728851	1.883625	0.744128	0.160128	0.866693	0.684168	0.790010	0.787019	0.436674	1.263146	0.739211	1.848464	1.657823	1.028691	1.537543	0.266203	1.598160	1.736416	1.589458	1.500514	0.867505	1.099624	0.871218	1.640490	0.810460	0.375777	-1.258467	1.194322	1.343731	1.140866	0.614016	1.542056	1.151792	0.803857	0.432852	0.976817	0.579865	1.171171	1.216465	0.976734	0.766997	1.471370	1.196910	0.848674	0.227821	1.773606	1.035565	0.161395	0.961930	0.962989	1.169606	0.594554	0.780864	1.127093	0.848382	1.203558	1.195209	1.311646	1.017290	1.301410	0.532350	2.234041	1.657470	1.243868	0.723191	1.688329	-0.564548	2.041509	1.684822	1.149073	1.010404	0.923029	0.370988	1.354560	0.051286	0.825097	0.318407	0.998236	0.179007	-0.009331	0.725967	1.131413	0.425913	0.602389	0.405085	-0.113011	0.652293	1.243044	0.963179	0.830063	1.072400	1.000373	1.269589	0.700258	-0.376364	1.058376	-0.658986	-1.039097	0.175732	2.274600	0.509762	-0.171657	1.118322	-0.989998	-0.651923	0.779080	2.190034	0.438593	-0.662999
0.633828	0.961329	2.008446	1.778359	-0.533234	1.110156	-0.235178	0.432153	0.573532	0.038819	0.760539	0.953350	2.176441	2.431923	1.268823	1.104308	0.848695	1.344392	1.771047	1.932508	2.053267	0.445865	0.568768	0.490622	1.497008	0.726080	0.501286	-0.253580	1.880769	1.302715	1.060003	0.921330	1.806252	1.940985	0.898593	1.424800	0.754987	0.978640	0.710768	0.723003	0.525433	0.136130	1.389388	1.495407	1.135072	0.355740	0.896673	0.649535	-1.227520	0.979882	1.476187	1.671158	1.098125	0.905139	0.588434	0.616006	1.517234	1.546286	1.300246	1.633765	1.320860	1.350823	1.866380	1.071783	1.204414	1.411502	2.356081	-0.347048	1.792177	2.154330	0.434341	0.557173	1.525061	1.399811	2.116131	0.170357	0.727953	0.730254	0.556126	-0.280905	0.934519	1.491256	0.881136	1.056991	-0.060181	0.015312	0.038622	1.420555	0.841607	1.824853	1.254982	1.641474	-0.073982	0.537352	0.255431	-0.676422	1.337533	-0.933659	-0.577741	0.097356	2.398797	2.105855	0.083570	1.340905	-0.339909	-0.029875	-0.246317	2.364548	0.673481	-0.010853
-0.799131	0.359354	1.184749	1.802876	-1.328190	0.474540	-1.283350	-0.288500	-0.169981	-0.215024	-0.023482	1.303858	0.932674	1.955576	0.286824	-0.190255	0.336106	-0.316655	0.526002	1.089255	0.627619	-0.540712	-0.833218	-0.278070	-0.020252	0.067536	-0.109013	1.251154	1.235238	0.216880	-0.101586	0.467886	0.696232	1.249004	0.250260	1.292356	-0.099780	0.786688	-0.511011	-0.255485	-0.592318	-0.938880	0.094599	0.719863	0.397341	0.239675	-0.439776	-0.215801	-2.362231	0.188406	0.858452	1.193524	0.752570	0.403956	-0.767767	-0.445435	0.479476	0.479184	0.338924	1.029540	0.353513	0.938054	0.343362	-0.147154	0.126083	1.222645	1.027680	-0.277919	0.472024	1.119552	-0.901366	-0.534025	1.323170	1.301075	1.338303	-0.459296	-0.074206	0.511667	-0.809696	-0.799214	1.453305	1.462097	-0.586176	1.079857	-0.979798	-0.886495	-0.541721	1.719633	0.043812	1.843838	1.393741	1.286242	-0.994388	0.163617	-0.689331	-1.020949	0.256881	-0.961185	0.304094	-0.460135	0.842972	2.468469	-0.023163	0.677691	0.274624	0.782394	-0.988259	1.156293	0.838561	0.580894
-1.948727	-0.529838	0.039124	1.131616	-1.873500	-0.588414	-1.583908	-0.850306	-1.002251	-0.329628	-0.598338	0.899629	-1.209546	0.137197	-1.081207	-1.261266	-0.380137	-1.838631	-1.008007	-0.133846	-1.082341	-1.176325	-1.912053	-0.669873	-1.758739	-0.733627	-0.882675	1.377483	-0.376361	-0.657220	-1.658568	-0.491281	-0.884440	-0.450112	-0.953565	-0.054695	-1.094973	0.064474	-1.603252	-1.100785	-1.444183	-1.548001	-1.660940	-0.909146	-0.842878	-0.281313	-1.346660	-1.263913	-2.315203	-0.706518	-0.472079	0.002198	-0.030421	0.109349	-1.829196	-1.556828	-0.891753	-1.163610	-0.913664	-0.217475	-1.009461	-0.524399	-1.400794	-1.347837	-1.308731	0.290479	-1.098545	-0.033563	-0.817889	-0.782339	-1.971453	-1.707284	0.291640	0.254487	-0.552402	-1.153312	-1.121533	-0.554876	-2.270981	-1.219333	1.383783	0.629029	-1.899327	0.366537	-1.518000	-1.332418	-1.188667	0.869258	-0.962753	0.643983	0.776518	0.102702	-1.297113	-0.073693	-1.413622	-1.085622	-1.746484	-0.873112	0.603471	-1.480777	-1.205598	1.173943	-0.417137	-0.565615	0.286103	0.805341	-0.966692	-0.561180	0.291970	0.201847
-2.063208	-0.959207	-0.709226	0.603363	-1.987865	-1.241325	-1.113115	-0.910834	-1.457409	-0.511499	-0.904521	-0.461108	-2.671953	-1.837305	-1.776936	-1.367279	-0.272233	-1.655587	-1.743624	-0.836454	-1.114414	-0.831584	-1.789034	-0.471229	-2.521022	-1.278312	-0.995303	0.066823	-1.678814	-0.493741	-2.580273	-1.260760	-1.768530	-1.769984	-2.065105	-1.588946	-1.638271	-0.661114	-1.797007	-1.348365	-1.358646	-1.198026	-2.787383	-2.309195	-1.703919	-1.030820	-1.693004	-2.094035	-1.223201	-0.915859	-1.331091	-0.929384	-0.670340	0.272602	-1.904249	-1.885719	-1.295192	-1.936671	-1.501864	-0.905659	-1.863060	-1.709974	-2.196148	-2.056628	-1.998157	-0.477520	-2.074856	0.555713	-1.248811	-2.050354	-2.187343	-2.311423	-0.992260	-0.754223	-2.113592	-1.133066	-1.665923	-1.795744	-2.744803	-1.493531	0.754430	-0.344299	-1.634865	-0.447622	-1.354623	-0.865704	-0.707878	-0.866490	-1.630438	-1.038359	-0.298560	-1.115801	-1.116073	-0.737674	-1.255899	-0.524235	-3.036539	-0.686341	0.178092	-2.200166	-2.198088	-0.527388	-0.612767	-1.363576	-0.059784	-0.104309	-0.454213	-1.609630	-0.811294	-0.936287
-1.287890	-0.795009	-0.839028	0.357452	-1.532552	-1.099409	-0.478550	-0.645222	-1.260391	-0.765092	-0.969130	-1.900982	-2.350102	-2.547352	-1.483957	-0.680236	0.468076	-0.018814	-1.436570	-0.889569	0.364684	0.064148	-0.812379	-0.168584	-1.977735	-1.469456	-0.434938	-0.828852	-1.793477	0.026267	-2.278764	-1.488078	-1.552716	-1.775873	-2.413287	-2.251074	-1.395181	-0.886278	-1.030104	-1.059399	-0.453581	-0.292293	-2.704220	-2.617841	-1.713642	-1.507203	-1.675823	-2.221748	0.221268	-0.243578	-1.137531	-0.986818	-0.819163	0.409264	-1.028462	-1.271195	-0.499286	-1.191066	-1.102563	-0.681743	-1.787146	-1.725053	-1.769166	-2.153009	-1.457888	-0.461536	-1.430269	1.109791	-0.918834	-1.919153	-1.597939	-1.981181	-1.818913	-0.984259	-2.277220	-0.353986	-1.403552	-2.267969	-1.866079	-1.418790	-0.224191	-0.900788	-0.150232	-0.726598	-0.680485	-0.035174	0.752504	-2.219677	-1.357749	-1.886271	-0.941269	-1.541151	-0.867252	-1.707007	-0.189782	0.615017	-2.476788	-0.235316	-0.120616	-1.755285	-1.775445	-1.288520	-0.243998	-1.096882	-0.034078	-1.006636	0.135541	-1.601283	-1.461821	-1.612787
-0.272734	-0.522069	-0.582785	-0.103275	-0.480621	-0.475419	-0.135658	-0.485243	-0.496311	-0.725936	-0.593749	-2.300942	-0.717556	-1.723700	-0.670959	0.038676	0.682932	1.154595	-0.669574	-0.725084	1.379694	0.542667	-0.049740	-0.204265	-0.569840	-1.324510	0.080907	0.003773	-1.014418	-0.360086	-0.963986	-1.190740	-0.778940	-0.891883	-1.683067	-1.787130	-0.493417	-0.527826	0.036828	-0.651223	0.454607	0.294822	-1.593032	-1.921823	-0.983965	-1.234120	-1.086607	-1.304009	1.375029	0.675243	-0.268889	-0.337363	-0.550948	0.084404	0.224982	-0.255613	0.592500	0.356705	-0.315247	-0.311052	-1.118208	-0.994780	-0.860123	-1.671295	-0.257205	-0.007426	-0.471340	1.162331	-0.571055	-1.015179	-0.558498	-0.798167	-1.769214	-0.510260	-1.266279	0.497751	-0.669107	-1.551538	-0.167706	-0.684243	-0.951521	-0.872432	0.769564	-0.483122	0.143976	0.512206	1.571739	-2.000963	-0.214479	-1.384019	-0.742167	-1.078827	-0.659441	-2.056565	1.035760	1.607242	-0.662352	0.551823	0.387975	-0.245108	-0.882597	-1.092351	0.437953	-0.328662	0.662154	-0.869288	0.651249	-1.121574	-1.026121	-0.981105
0.402528	-0.518803	-0.212353	-0.864658	0.737475	0.095292	-0.130274	-0.563814	0.276990	-0.104644	0.198789	-1.345448	0.611455	-0.356446	-0.025478	0.195674	-0.272619	0.390960	-0.179157	-0.655881	0.543255	0.228356	-0.050739	-0.457923	0.873409	-0.772196	0.091816	1.618612	-0.319969	-1.613679	0.489084	-0.369853	-0.285404	-0.285306	-0.169181	-0.658506	0.457686	0.129046	0.509877	-0.396043	0.506773	0.098676	-0.124191	-0.799233	0.029376	-0.197999	0.230816	0.336522	1.753157	0.832989	0.647276	0.525133	-0.355982	-0.578100	1.034770	0.464426	0.996466	1.359117	-0.015712	-0.522040	-0.541483	-0.471124	-0.321484	-0.670114	0.537078	0.099224	-0.574113	0.638557	-0.857198	-0.409323	0.488375	0.643133	-0.939222	0.025511	-0.197979	0.690873	0.012459	-0.076797	1.390640	0.583884	-0.808432	-0.293287	0.132381	-0.141699	0.831162	0.783792	0.738198	-0.417115	0.867296	-0.452472	-0.251419	-0.419751	-0.287144	-1.109334	1.377255	1.447700	0.780204	1.391802	1.320947	1.150923	-0.569681	-0.847446	0.814709	-0.050749	1.535943	0.302397	0.969284	-0.868390	-0.182625	0.499751
0.491986	-0.570940	0.211107	-1.319330	1.343278	0.394042	-0.313332	-0.543579	0.425986	0.805257	0.799937	0.265131	0.586791	0.489125	0.103671	-0.089514	-1.581081	-1.582328	-0.204681	-0.587438	-1.403485	-0.280824	-0.314891	-0.506479	1.480884	0.190176	-0.122058	2.010971	-0.293357	-2.124514	1.133955	0.873168	-0.401276	-0.461249	1.255362	0.471051	0.755629	0.723969	0.041626	-0.196135	-0.347267	-0.493046	0.968937	0.415197	0.784624	1.025858	1.493749	1.635554	1.168524	-0.149238	1.247698	1.245709	-0.709145	-1.119685	0.846098	0.584646	0.532288	1.095006	-0.436884	-1.066160	-0.463790	-0.431958	-0.325163	0.611519	0.388641	-0.352167	-1.608112	-0.246740	-1.705135	-0.346304	1.022278	1.479222	0.124160	0.084228	0.099648	0.079154	0.430349	1.196431	1.990843	1.603862	0.080324	0.579109	-0.997343	0.135001	1.145103	1.042214	-0.611712	0.962340	0.985493	-0.295890	-0.157450	-0.235842	0.252373	0.622975	0.370848	-0.127556	0.913394	1.827927	1.719779	1.326068	-0.950249	-0.916036	0.625244	-0.355704	1.874997	1.438688	0.761383	-0.833631	-0.133783	1.692318
0.157895	-0.242390	0.723754	-1.016739	1.022121	0.593589	-0.429874	-0.081215	-0.006837	1.306838	0.672598	1.447241	-0.168354	0.676568	-0.086822	-0.131370	-1.711442	-2.525859	-0.367931	-0.250522	-2.519273	-0.089369	-0.023034	-0.130881	0.926441	1.257199	-0.067860	0.662078	-0.634395	-0.728976	0.764817	1.968401	-0.698886	-0.789863	1.736709	1.105626	0.286639	1.002609	-0.719042	0.137801	-1.136299	-0.684717	1.295556	1.568151	0.935049	1.712653	1.508615	1.710823	0.108676	-1.390071	1.383896	1.633685	-1.419807	-1.146164	-0.065281	0.302851	-0.228903	0.074050	-0.927869	-1.156479	-0.688687	-0.406971	-0.387779	1.651182	-0.200186	-0.773917	-2.187305	-1.159085	-2.225691	-0.225662	0.823391	1.313535	0.905314	-0.264940	-0.159496	-0.785147	0.747400	1.572729	1.445364	1.688295	0.833408	1.157920	-0.859879	0.544424	1.015274	1.154629	-0.457974	0.859654	0.288350	-0.797595	-0.392371	-0.423588	0.646199	1.811488	-1.279956	-2.003066	0.233512	1.670769	1.176505	0.419013	-1.273708	-0.682811	0.175723	-0.388524	1.475127	1.502138	-0.162799	-0.474579	-0.984136	2.022886
-0.106641	0.431232	1.199329	-0.303865	0.437700	0.946533	-0.143395	0.645127	-0.219538	1.028082	0.215218	1.569958	-0.190500	0.781785	-0.110962	0.513806	-0.153792	-1.227171	-0.162971	0.413517	-1.791550	1.044291	0.880607	0.494050	-0.108976	1.961853	0.308715	-0.822215	-0.635925	1.506779	0.169209	2.204218	-0.480348	-0.441225	1.289419	1.143382	-0.231717	0.891993	-0.696282	0.560176	-0.794491	-0.120435	1.056899	2.284106	0.633473	1.672404	0.248003	0.845283	-0.400425	-1.487254	1.111001	1.606225	-1.643725	-0.560293	-0.760582	0.007561	-0.598169	-0.553985	-0.696420	-0.545133	-0.645225	-0.019931	0.032118	1.960761	-0.273576	-0.584223	-1.330654	-1.563199	-1.501680	0.294974	0.438860	0.741805	1.417213	-0.453354	-0.113740	-1.093226	1.137087	1.237042	0.425747	1.122134	0.768662	0.937014	0.758336	1.082433	0.745720	0.812137	1.486108	-0.294482	-0.237072	-0.739708	-0.423839	-0.316524	0.765126	1.607990	-2.107055	-2.419908	-0.141892	1.165715	0.185599	-0.384967	-0.819910	0.272547	-0.149916	0.369965	0.694956	0.509405	-1.352961	0.420634	-1.469395	1.745614
0.166791	0.918086	1.331462	0.123999	0.547964	1.455899	0.648891	1.058899	0.409747	0.333759	0.370307	0.892819	1.022372	1.179473	0.316187	1.404775	1.858581	1.017377	0.461681	1.118944	-0.045953	2.310936	1.574147	0.934454	-0.409110	2.109601	0.697556	-0.774622	0.063028	2.307068	0.315794	1.603627	0.530489	0.611029	0.911983	0.979288	0.071058	0.627690	0.392454	0.859578	0.609415	0.759683	0.883385	2.205694	0.520558	1.421243	-0.856147	0.158362	0.209340	-0.124612	0.801866	1.280417	-0.806015	0.318253	-0.611961	-0.080701	-0.281713	-0.178228	0.233904	0.186592	-0.009109	0.535033	0.952705	1.545979	0.501874	0.040391	0.409293	-0.948221	0.297584	0.733352	0.765970	0.787316	2.013621	-0.064357	0.689020	-0.482339	1.480121	1.015101	0.042943	0.881502	0.155423	0.148783	2.305219	1.332499	0.824897	0.250240	3.218847	-0.962346	0.019664	0.361946	-0.104566	0.439661	0.876395	0.440593	-1.146259	-0.666861	0.337726	0.727916	-0.529505	-0.228442	0.329817	1.237338	-0.262867	1.292765	-0.024185	-0.588520	-1.915894	1.307229	-0.499118	1.191404
0.974193	0.881033	0.992998	0.077749	1.408184	1.791342	1.478943	0.820081	1.480208	-0.080462	1.288608	0.278165	2.438064	1.635004	1.020595	1.609331	2.613218	1.829168	1.044269	1.474438	1.152467	2.393477	1.316668	0.783352	0.577162	1.952003	0.917327	0.447755	1.200063	0.964674	1.268837	1.056028	1.955675	1.724033	1.545551	1.217201	1.251638	0.736618	1.572573	0.929454	1.788156	1.158720	1.229602	1.573468	1.163259	1.538630	-0.591279	0.274080	1.236603	1.378859	0.882095	0.935617	0.662666	0.910876	0.081803	0.021603	0.502644	0.757955	0.970753	0.354935	0.861830	0.840243	1.745064	0.874504	1.489006	0.429320	1.625326	0.478764	1.848227	0.556835	1.925214	1.692818	2.661188	0.660210	1.767495	0.601319	1.536560	1.454232	0.864845	1.444784	-0.143262	-0.303048	2.456646	1.064506	1.374352	0.240015	2.794871	-0.349536	0.655502	1.493542	0.265462	1.467343	1.118713	-0.487505	1.090083	2.023672	1.291286	0.537720	-0.742504	0.490480	1.343130	1.211201	-0.228842	1.361077	-0.487799	-0.936293	-1.392464	1.453107	1.419146	0.346395
1.725236	0.556549	0.518097	-0.012649	1.978958	1.531303	1.537710	0.134256	1.915602	0.027687	1.889937	0.317934	2.774429	1.737993	1.501815	0.798437	1.699018	0.431254	1.032835	1.284214	1.072402	0.716176	0.239684	-0.036604	2.069590	1.847226	1.025334	1.039211	2.106264	-0.725981	2.136133	1.209854	3.076560	2.363668	2.908417	2.013021	2.414593	1.554098	1.595987	0.804681	1.508902	0.634207	1.825118	1.062429	2.348936	1.916183	0.564892	0.679463	1.295909	1.465259	1.278520	0.721180	1.737227	0.858977	0.621739	0.217923	1.205668	1.413085	0.708650	-0.118983	1.197370	0.722625	1.627954	0.329923	1.774017	0.240468	1.593861	1.600278	1.944556	0.025402	2.889857	2.537023	2.715820	1.050865	2.263177	1.280170	1.337815	2.184797	2.246193	2.221558	0.341886	0.180365	1.598593	0.651821	1.910965	1.100038	0.601866	0.809372	0.898840	1.570382	0.534562	2.077359	1.083938	-0.419394	3.005674	3.541340	1.911781	0.364041	-0.695238	0.755875	1.397802	0.314038	-0.100309	0.460273	-0.685833	-0.516769	-0.244553	0.763794	2.586165	-0.674938
1.681508	0.268103	0.360714	0.167537	1.291083	0.588706	0.456186	-0.597146	1.092694	0.186925	1.064511	0.677600	1.939667	1.436708	1.259997	-0.307838	0.161809	-1.597150	0.213520	0.582511	0.122012	-1.688759	-0.914129	-1.155130	2.606047	1.786279	1.009740	0.153815	2.097537	-0.733345	2.098786	1.492546	3.291451	2.381585	3.632621	2.715927	2.584386	2.615457	0.303962	0.490929	-0.122842	-0.540644	1.845357	0.931703	3.053663	1.865277	1.117392	0.484223	-0.105795	0.100421	1.360677	0.487195	1.784217	0.303483	0.766850	0.415589	1.308698	1.457541	-0.422483	-0.794450	0.603263	0.264207	0.449611	-0.137628	1.018504	-0.317787	0.749719	1.370751	0.634675	-0.238355	2.534234	2.216511	1.673430	0.727262	1.827946	1.005262	1.150220	2.228753	2.794941	2.265282	1.162533	1.084750	0.967031	0.498389	1.781271	2.000914	-1.274100	1.280356	0.522611	0.849673	0.803956	1.843164	0.308137	0.254673	3.350320	2.929043	1.680035	-0.162200	-0.568368	0.345010	0.409224	-0.430670	0.000409	-0.441817	-0.645262	0.116155	0.698127	-0.171059	1.789149	-1.276214
0.710943	-0.082504	0.462402	0.314526	-0.348668	-0.572296	-1.103159	-1.155743	-0.494467	-0.173547	-0.909688	0.504062	0.898178	1.016508	0.190147	-0.747042	-0.906082	-2.209858	-1.056511	-0.447820	-0.945900	-2.885171	-1.521305	-1.947886	1.427478	1.378335	0.711331	-1.044030	0.940991	0.675135	1.235262	0.780776	2.441588	1.765798	2.680989	2.412082	1.600590	2.828546	-1.170601	-0.037325	-1.680656	-1.539012	0.829823	0.736153	2.374232	1.027024	0.376117	-0.492046	-1.803481	-1.210510	0.657457	0.043812	0.975224	-0.349962	0.763386	0.481786	0.722633	1.120539	-1.518247	-1.212700	-0.438765	-0.362518	-1.009707	-0.724950	-0.316385	-0.953279	-0.176794	0.010036	-0.983561	-0.207781	0.892003	0.659970	-0.019245	0.011223	0.824453	-0.028586	1.009803	0.980738	1.702881	1.311769	1.387471	1.215457	0.928825	0.392376	0.851000	1.742890	-1.550444	0.683144	-0.085009	0.313487	0.959154	0.792903	-0.950575	0.498606	2.202589	1.150385	0.731684	-0.983838	-0.271372	0.166088	-0.888611	-0.571624	-0.100714	-0.428185	-0.416805	0.562702	1.084660	-0.753409	-0.537441	-0.994334
-0.379251	-0.668455	0.285877	0.045822	-1.540213	-1.265149	-1.801218	-1.380457	-1.650904	-0.961004	-2.478360	-0.425485	0.369983	0.708431	-1.167542	-0.387482	-1.318238	-1.004790	-1.877953	-1.419511	-1.567138	-1.915964	-1.351893	-1.909753	-0.712960	0.403463	0.132638	-0.985383	-0.792592	1.481639	0.243976	-0.954732	0.955801	0.627710	0.480274	0.967872	0.148571	1.591253	-1.543373	-0.606480	-1.710954	-1.549486	-0.587757	0.088723	0.557006	-0.082482	-0.912290	-1.520913	-2.079175	-1.128939	-0.443399	-0.455164	-0.037959	-0.762709	0.713398	0.272111	-0.100947	0.585948	-1.714061	-1.107792	-0.916421	-0.829505	-1.655255	-1.299271	-1.348094	-1.501806	-0.841735	-1.088742	-1.743577	-0.341656	-0.846956	-1.061337	-1.230469	-0.394219	-0.158864	-1.054523	0.591107	-1.039349	-0.353365	-0.016528	0.563170	0.052519	0.813368	-0.043239	-0.255777	0.265551	-0.849484	-0.309525	-0.513250	0.239329	0.630245	-0.580279	-1.847898	-0.224617	0.563902	-0.224741	-0.312291	-1.445147	0.178365	0.938730	-1.494205	-0.617160	-0.393398	0.312615	-0.099272	0.790100	1.127886	-0.835556	-2.642156	-0.264953
-0.570384	-1.141796	-0.391631	-0.289729	-1.233474	-1.229477	-0.845209	-0.963151	-1.544380	-1.502228	-2.396348	-1.258858	0.132090	0.471117	-1.952837	0.029543	-1.324042	0.722176	-1.373598	-1.794923	-1.303589	0.187861	-0.465374	-0.970070	-2.140102	-0.686619	-0.430637	0.229387	-1.972040	0.730880	-0.390889	-2.304939	-0.327207	-0.548283	-1.463968	-0.607831	-0.890582	-0.359158	-0.588999	-0.758385	-0.107282	-0.440343	-1.129976	-0.613919	-1.120179	-0.673855	-1.623003	-1.692940	-0.514636	0.108899	-0.977329	-0.576814	-0.593992	-0.755233	0.349989	-0.213518	-0.560944	-0.206716	-0.771885	-0.335966	-0.169671	-0.603920	-1.072004	-1.414227	-1.426783	-1.669142	-1.013495	-0.752863	-1.105670	-0.594445	-1.506876	-1.748923	-1.287166	-0.132592	-0.706096	-1.211149	-0.291357	-2.483340	-1.771440	-0.903237	-0.744657	-1.510297	0.164839	-0.512576	-0.701526	-1.110189	-0.418852	-0.824164	-0.731659	0.136418	-0.219232	-1.415921	-1.932885	-1.419488	-0.749941	-0.731190	-0.874481	-0.986371	0.338614	1.916050	-0.868992	-0.885365	-0.631270	0.754153	0.170425	0.768368	1.054520	-0.514772	-2.885966	-0.039774
0.184995	-0.880502	-1.043534	0.080462	0.155568	-0.850708	1.078674	0.246634	-0.432778	-1.367134	-1.025922	-1.050262	-0.346021	0.134185	-1.738226	-0.112313	-0.905385	1.585747	0.385020	-1.316099	-0.013864	1.539561	0.792554	0.438230	-1.771150	-1.047961	-0.674703	0.982895	-1.774668	-0.281723	-0.706503	-2.054113	-0.739742	-1.079334	-1.985131	-1.062550	-1.044897	-1.555628	0.811985	-0.089259	1.761885	1.071287	-0.198756	-0.578009	-1.624709	-0.665742	-1.434042	-0.808373	1.535995	1.103472	-0.496540	-0.161271	-0.333767	-0.345710	-0.443730	-0.720772	-0.466850	-1.132117	0.861580	1.038736	1.494133	0.653620	0.119855	-0.837817	-0.664851	-1.087220	-0.352813	0.779897	0.608088	-0.256353	-0.960099	-1.156406	-0.619085	0.453626	-0.581490	-0.101760	-1.278398	-2.432418	-1.591165	-1.122704	-1.454778	-2.045786	-0.661445	-0.342058	-0.327407	-1.231674	-0.579102	-0.645397	-0.932185	-0.229674	-1.037665	-1.045831	-1.638141	-2.168347	-1.603535	-1.069618	-0.838735	0.006949	-0.255846	1.593204	0.645746	-0.918771	-0.588306	0.269401	0.225052	0.305919	0.822193	0.201626	-1.107884	-0.574988
0.862543	0.187926	-1.038667	1.152947	1.218294	-0.598109	2.334881	1.761561	0.650777	-0.807663	0.115136	-0.008234	-1.015119	-0.340060	-0.798150	-0.516171	0.048439	1.365648	2.131344	-0.367978	1.673589	1.364541	1.833316	1.647854	-0.111736	-0.393244	-0.520363	0.270565	-0.369328	-0.000713	-0.878760	-0.681539	-0.365663	-0.734673	-1.228492	-0.208182	-0.482032	-1.333626	1.666459	1.208521	2.402412	2.054464	1.397210	0.330068	-1.145943	-0.701435	-0.868304	0.364762	2.431771	0.913512	0.323378	0.313110	0.611668	0.230232	-1.159557	-0.833381	-0.143523	-1.647559	2.318211	2.513439	2.944118	2.480495	0.867190	0.045537	0.193790	0.156833	1.017107	2.118692	2.308187	0.912826	-0.098640	-0.158365	-0.104539	0.800474	0.204481	1.727965	-1.790937	-1.326028	-0.441167	-1.146891	-1.073277	-1.170276	-1.245338	0.378507	0.096118	-0.509729	-0.730128	-0.278855	-1.121414	-0.513956	-1.259112	0.235798	-1.593766	-2.067354	-2.155734	-1.751843	-0.504053	0.448997	-1.391922	-0.276269	2.016902	-0.440437	-0.234365	-0.664981	-0.047839	-0.594544	0.337956	1.249868	1.224778	-1.022329
0.633876	1.344133	-0.524163	1.825069	1.073259	-0.405733	1.951020	2.586043	0.927244	-0.315358	0.030301	0.605739	-1.352468	-0.807556	0.379465	-0.410054	1.233972	0.761736	2.483750	0.281525	2.602936	0.523310	2.175599	2.167648	1.259958	0.465254	-0.075007	-0.985524	1.277222	1.121388	-0.925019	0.275992	0.017507	-0.031826	-0.334829	0.792849	0.104296	-0.511385	1.688731	2.183014	1.663745	2.160946	2.172591	1.181471	-0.653565	-1.176994	-0.528108	0.785576	1.923374	0.004905	0.403320	0.133116	1.654191	0.725647	-1.001263	-0.282039	0.033508	-1.253249	2.754853	3.219234	3.007659	3.589065	0.575207	0.493056	0.549831	1.346356	2.118223	2.120873	2.768536	1.931038	0.063895	0.129581	-0.018357	0.847391	1.093441	2.898702	-1.653482	-0.382309	0.185299	-1.477577	-0.193259	0.056583	-1.717971	0.608700	-0.288895	-0.290208	-0.401105	-0.262655	-1.028851	-0.456781	-0.970692	1.218082	-1.722132	-1.426647	-2.395603	-2.294771	-0.235791	-0.176407	-2.222859	-2.097857	2.237052	-0.063146	0.329557	-1.119143	-0.517611	-1.498403	-0.329841	2.097548	2.288330	-0.458171
-0.144199	1.709612	-0.281372	1.165205	0.211440	0.097650	0.538357	2.009642	0.497766	-0.073735	-0.785466	-0.108914	-1.161943	-1.131116	1.472838	0.326285	2.031094	0.334803	1.346294	0.132115	2.201129	0.195446	1.778674	1.855482	1.200376	0.362886	0.346119	-1.140013	2.174880	1.273278	-0.859529	0.126543	-0.280344	0.309634	-0.256906	0.596677	-0.006035	-0.376432	1.179739	1.765056	0.684666	1.668885	1.384938	0.827622	-0.685307	-1.622616	-0.519909	0.189811	1.056274	-0.466119	-0.484282	-0.812870	2.124881	1.119911	0.236307	0.726547	0.092056	-0.078039	1.888864	2.490987	1.384454	2.818382	-0.490721	0.126379	0.477521	1.710177	1.922752	0.993195	1.631503	1.601082	-0.694864	-0.509404	0.023734	0.960072	1.122176	2.276100	-1.196024	-0.143071	-0.449062	-1.913175	0.221537	0.385125	-2.242875	-0.352532	-1.366596	-1.025948	0.129803	-0.530194	-0.528256	-0.263506	-0.783679	0.931642	-1.372706	-0.735418	-2.150440	-1.876855	-0.222750	-1.102683	-2.137279	-2.270083	1.106696	-0.353920	0.897248	-0.846206	-0.812383	-1.908550	-0.956924	1.872514	1.479136	0.901258
-0.474102	1.028086	-0.681594	-0.274207	-0.217599	0.853972	-0.525904	0.293437	-0.022556	0.019306	-1.115407	-1.613402	-0.807562	-1.279749	2.163583	0.897842	2.059575	0.054088	0.000427	-0.607371	1.100673	0.515448	0.975888	0.855241	0.000626	-0.800849	0.245943	0.074679	1.917496	-0.141709	-0.760586	-0.262364	-1.098398	0.141604	-0.855410	-0.840294	-0.856385	-1.156317	0.476505	-0.127886	0.421339	0.905833	-0.290031	-0.811768	-0.831696	-1.260199	-0.529571	-0.654996	0.634428	-0.042243	-1.413610	-1.738290	1.759907	1.512325	1.763953	1.545670	0.368770	1.171247	0.283150	0.543514	-0.974245	0.350375	-1.452453	-0.646860	0.403209	1.156653	0.573810	-0.031439	-0.152750	0.124760	-1.628818	-1.156410	0.239843	1.129597	-0.076661	0.242271	-0.762079	0.014976	-1.556882	-1.656147	-0.017267	-0.240261	-2.389072	-1.753248	-2.053663	-1.678186	0.225996	-0.541328	0.028179	-0.160836	-0.999712	-0.281390	-0.305666	-0.184394	-1.349502	-0.406043	-0.447652	-1.120466	-1.304391	-1.061025	-0.521199	-0.729722	1.125341	-0.475134	-0.683170	-1.715108	-1.195018	0.290904	-0.130285	1.791304
0.030465	-0.117788	-1.144177	-0.938013	0.225979	1.284323	-0.624560	-1.459460	-0.255611	0.088473	-0.476976	-2.456414	-0.610482	-1.204778	2.101141	0.630552	1.426637	-0.188673	-0.299615	-1.077412	0.373614	0.708909	0.152562	-0.409277	-1.069297	-1.738023	-0.537269	1.279242	0.778414	-1.651606	-0.504476	0.267004	-1.561847	-0.064093	-1.161746	-2.131814	-1.645199	-1.814554	-0.223050	-2.186714	0.594355	-0.016568	-1.447398	-2.440316	-0.393032	-0.005374	-0.284048	-0.823429	0.380193	0.671549	-1.335477	-1.691558	0.832351	1.823905	2.426958	1.608918	0.975107	1.817398	-1.010370	-1.456325	-2.506300	-2.154433	-1.461692	-1.005923	0.468527	0.387238	-0.627895	-0.115480	-1.139302	-0.987536	-1.733577	-0.808678	0.321146	0.746189	-1.516319	-1.417258	-0.319952	0.799024	-1.711483	-0.299203	-0.151922	-0.770511	-1.618345	-2.051538	-1.462855	-1.133301	-0.284705	0.002362	0.222247	-0.009352	-1.096296	-1.103588	0.847159	0.304156	-0.195532	1.267578	-0.711129	0.019209	-0.231032	-0.058975	-1.374860	-0.169697	0.777005	-0.598208	-0.303733	-1.087783	-0.725366	-1.628752	-0.826481	1.232506
0.694609	-0.863841	-0.888387	-0.193686	0.809886	0.964923	-0.340356	-2.202614	-0.312347	0.193039	0.457554	-1.833226	-0.455130	-0.846251	1.270441	-0.168218	0.438832	-0.182700	0.316510	-0.460229	0.298355	0.219191	-0.524877	-1.318985	-1.144961	-1.261437	-1.373934	1.209120	-0.626091	-1.690526	0.146872	1.545732	-1.108369	0.047833	-0.560800	-2.011058	-1.546051	-1.426529	-0.734136	-2.796386	0.259456	-0.929271	-1.336071	-2.597295	0.637750	1.285867	0.150358	-0.186555	-0.263064	0.902343	-0.307378	-0.637463	-0.196100	1.753190	1.740453	0.918952	1.407374	1.635024	-1.316213	-2.280792	-2.349302	-2.989052	-0.388713	-0.502644	0.359966	0.138486	-0.678486	0.228720	-0.792398	-0.820101	-0.741073	0.373127	-0.033280	-0.542227	-1.759794	-1.314541	0.294831	1.820389	-0.440993	1.418494	0.377443	-0.416688	-0.233058	-0.729831	0.059872	0.235637	-0.832450	0.712182	0.217730	0.347638	-0.348809	-0.705655	1.306552	0.787774	0.858089	2.048198	-0.711981	1.309555	0.852336	-0.067146	-0.924743	1.097059	0.082978	-0.995419	-0.042231	-0.157108	0.307599	-2.308379	0.124210	-0.370620
0.491558	-0.937652	-0.039016	0.665183	0.548203	0.053355	-0.461983	-1.799390	-0.434808	0.293506	0.801536	-0.407334	-0.193647	-0.403021	0.078936	-0.765857	-0.702533	0.144899	0.550577	0.993273	0.164088	-0.725891	-1.173381	-1.502830	-0.586443	0.108651	-1.428556	0.160708	-1.812653	-0.567905	0.893427	2.079515	-0.249747	0.154712	0.433764	-0.834415	-0.678838	-0.382038	-0.933785	-1.677218	-0.889515	-1.487671	-0.563268	-1.192947	1.367086	1.576397	0.537541	0.662356	-1.125798	0.516070	0.467574	0.369326	-1.066718	1.060772	0.244395	-0.048375	0.839074	0.728769	-0.887699	-1.792766	-1.066750	-2.047905	0.977485	0.566527	-0.305124	0.239243	-0.040449	-0.135124	0.049210	-0.189419	0.585504	1.171933	-0.636415	-2.088881	-0.729971	-0.000026	0.859682	1.910494	1.170043	2.146634	0.922206	0.376529	0.754722	0.931038	1.218472	0.947675	-0.725500	0.895641	0.539746	0.627162	1.021941	0.345907	1.099920	1.186810	1.349995	1.460048	-0.295917	1.563387	1.854889	-0.305023	0.032515	1.528347	-0.446087	-0.962349	0.000857	0.881128	1.088400	-1.311635	1.705888	-1.610228
-0.819682	-0.843341	0.410659	-0.117713	-0.556598	-0.956296	-0.912041	-0.948883	-0.555706	0.265111	0.524391	0.538941	-0.041706	-0.311825	-1.029204	-1.018764	-1.767823	0.335795	-0.477894	1.847487	-0.690476	-1.562666	-1.911934	-1.178191	-0.313747	0.674290	-0.678343	-0.546805	-2.589615	0.192004	0.848422	0.765606	0.005105	-0.327251	0.794621	-0.106432	0.069152	0.163326	-0.854708	-0.131501	-2.092881	-1.487560	-0.308935	0.424398	0.869125	0.630534	0.832118	1.220585	-1.571414	-0.131968	-0.042898	0.285559	-1.704602	-0.115837	-1.076473	-0.807639	-0.953184	-0.681072	-0.466488	-1.005871	0.082610	-0.747117	1.607000	1.518344	-1.411719	-0.232268	0.019752	-1.337569	0.240966	-0.358407	1.231643	0.786400	-1.024042	-2.742249	0.073563	0.746346	0.809223	0.582634	1.588281	1.334622	0.338524	0.502297	0.831200	1.209359	1.101362	0.298128	0.049735	0.397916	1.169144	0.412856	1.765599	0.821669	0.962966	1.417688	1.163921	0.029879	0.339613	0.586525	2.381291	0.216925	0.213304	0.235792	-0.696633	-0.204789	0.025357	1.529902	0.785004	0.102499	2.103631	-1.569992
-2.182541	-1.011923	-0.190918	-2.381107	-1.384853	-1.562292	-0.884340	-0.283059	-0.280602	0.119151	0.419522	0.562949	-0.207474	-0.672735	-1.748609	-1.246872	-2.259595	0.003715	-2.079807	1.012837	-1.888177	-1.968052	-2.408527	-0.783906	-0.484733	-0.212137	0.173251	-0.224898	-2.764696	-0.036544	-0.247752	-1.592351	-0.503744	-1.309852	0.278146	-0.514991	0.216030	-0.163779	-0.519726	0.508703	-2.313365	-1.064781	-0.864512	1.002401	-0.685809	-0.736236	1.172827	1.462474	-1.389005	-0.695079	-1.435374	-0.744502	-1.937587	-1.220621	-1.586398	-1.113981	-2.960861	-2.142446	-0.350120	-0.821154	0.519562	-0.236517	1.245819	1.892579	-2.139122	-1.544002	-0.840863	-2.144649	-0.331399	-1.184145	0.951077	-0.152204	-0.914060	-1.993955	-0.443553	0.105807	-0.014550	-1.187194	0.509593	-0.104225	-1.286666	-0.417382	0.610758	-0.068326	0.092356	-0.706995	0.793557	-0.092822	1.352909	-0.144128	0.995048	0.277840	1.307572	1.478221	0.640774	-1.089603	0.833989	-0.738362	1.945862	1.238218	-0.647326	-1.642284	-1.087174	0.870775	0.123677	1.321090	-0.427797	0.455363	0.635954	-0.748209
-2.123554	-1.087863	-1.326313	-3.840540	-0.941773	-1.425679	0.043679	0.217352	0.602747	0.081594	1.032576	0.328412	-0.393292	-0.939271	-1.774550	-1.373500	-1.722138	-0.473771	-2.709174	-0.746849	-2.318552	-1.888099	-1.987925	-0.406884	-0.295042	-1.226580	0.700486	0.457977	-1.990555	-0.411298	-1.167024	-2.879770	-0.775829	-1.859777	-0.270556	-1.059577	0.215934	-0.544827	0.115572	0.268217	-1.291175	-0.491705	-1.278971	0.643221	-1.932994	-1.415347	1.479981	1.460350	-0.927514	-0.946682	-2.229383	-1.589851	-1.478747	-1.617360	-1.315748	-0.954826	-3.637738	-2.907867	-0.185852	-1.002474	0.689287	-0.186274	0.600867	1.684049	-1.612804	-2.517349	-1.497139	-1.551088	-0.755720	-1.413470	0.377570	-0.379882	-0.402760	-0.449216	-1.441194	-0.849184	-0.889132	-1.871683	-0.791127	-0.757965	-2.388965	-1.560997	0.952442	-1.325526	-0.647271	-0.629967	0.823838	0.207985	0.561575	-0.369015	-0.605298	-0.558906	1.632002	1.304452	0.271943	-1.031133	1.052736	-1.379984	0.665382	1.672790	-1.446887	-2.142950	-1.767625	1.651002	0.090665	0.452216	-1.310621	-0.294384	-1.387460	-0.290771
-0.456553	-0.494595	-1.914364	-2.660238	0.386702	-0.674437	1.203550	0.787269	1.577552	0.175029	1.806513	0.467428	-0.119090	-0.556671	-1.001635	-0.948769	-0.411966	-0.411268	-1.761163	-1.605276	-1.444626	-1.336542	-0.548110	0.088426	0.709743	-0.880745	1.015022	0.452069	-0.244520	-0.090210	-0.457302	-1.944944	0.012652	-1.187499	-0.056870	-0.490501	0.564888	-0.239662	0.792276	0.047332	0.145409	0.029786	-0.629832	0.328623	-1.611553	-1.036464	1.334760	1.075249	-0.511938	-0.726891	-1.574234	-1.490257	-0.306194	-1.095855	-0.729672	-0.535361	-2.478346	-2.434522	0.299146	-0.708278	1.097067	0.335386	0.425296	1.121947	-0.016844	-1.823173	-0.767258	-0.239733	-0.286853	-0.589083	0.204729	0.401559	0.089194	0.746494	-1.295835	-0.604468	-0.862800	-0.976029	-0.896802	-0.232721	-1.842618	-1.914868	1.730010	-1.113472	-0.475200	0.545463	0.110956	1.170896	-0.686923	0.024637	-1.404140	-0.785158	1.191216	0.717498	0.296535	0.079694	1.123793	-1.058727	-0.625320	1.168928	-1.052790	-0.778164	-2.021002	1.816546	-0.224130	-0.242434	-0.818345	-1.003199	-2.038233	-0.476921
1.210943	0.532413	-1.509537	0.260160	1.143657	-0.022100	1.465536	1.221009	1.617822	-0.064999	1.578640	0.696521	0.539710	0.253206	0.070090	-0.028146	0.674856	0.277920	-0.252324	-0.955601	-0.027556	-0.443965	0.871903	0.536791	1.628523	0.418674	1.033466	-0.298733	1.649328	0.592127	1.479469	0.067339	1.234127	0.364346	0.569417	0.906767	0.840046	0.304881	0.832167	0.209375	0.799870	0.341203	0.719568	0.569168	0.044388	-0.183204	0.532408	0.324422	-0.140400	-0.093953	-0.214251	-0.840580	1.034590	-0.089211	-0.239937	-0.144538	-0.616105	-1.011766	0.792144	0.263769	1.534370	1.314422	0.682367	0.441636	1.265455	0.146832	0.996025	0.167768	0.817113	0.339863	0.498209	1.224241	0.055351	0.818370	0.165042	0.893797	0.140212	0.504106	0.198891	0.570698	-0.492604	-1.400122	1.929744	0.265688	0.161359	1.374501	-0.782993	1.818835	-1.256756	0.425074	-0.617573	-0.280863	0.088349	-0.208982	0.586332	1.274193	1.135959	-0.256474	-1.100054	0.608457	0.325033	0.949928	-0.968918	1.435171	-0.516427	-0.118353	0.679563	-0.925673	-0.898443	-0.426469
1.200776	1.074267	-0.628566	2.229336	0.474491	-0.113651	0.534236	1.062135	0.241443	-0.999062	0.023192	0.378386	0.935798	0.735862	0.608386	0.663812	0.715727	1.099765	0.418757	-0.033331	0.677913	0.399231	1.000650	0.560460	1.118363	0.972648	0.275602	-0.827653	2.423430	0.751873	2.522389	1.041597	1.423534	1.576091	0.553335	1.619362	0.230783	0.092561	-0.117962	0.271646	0.229763	0.311041	1.525451	0.957221	1.488023	0.375681	-0.378018	-0.195748	0.284227	0.578719	0.532322	-0.450248	1.676982	0.634716	0.121415	0.150491	0.437929	0.381274	0.846738	1.224019	1.511502	1.789830	0.852961	-0.070905	1.041124	1.521558	2.152467	-0.858352	1.625843	0.472190	0.851117	1.183169	-0.679615	-0.144797	1.460726	2.221935	1.213472	1.213864	1.234239	0.670518	-0.037096	-0.701158	0.963617	1.348984	0.424001	0.738205	-1.223512	1.520153	-0.551080	0.088435	0.889185	0.441561	-0.650844	-0.814850	0.800127	1.582528	1.035161	0.485704	-0.625142	0.935644	1.411375	1.322654	1.126631	0.863754	-0.214936	0.673551	1.716955	-0.428280	0.597265	0.573005
-0.254785	0.665020	-0.022734	1.819514	-0.854460	-0.719185	-0.687725	0.301286	-1.752421	-2.110415	-1.715252	-0.414146	0.599497	0.523042	0.286284	0.606474	-0.143092	1.603167	-0.023513	-0.073572	0.296913	0.727871	-0.187813	0.136874	-0.834047	0.106856	-1.275143	-0.450799	1.500263	0.196466	1.350625	0.319792	0.093798	1.534121	-0.445586	0.812884	-1.102525	-0.955902	-1.371538	-0.156003	-0.867401	-0.062694	1.109649	0.877064	1.495997	0.422576	-0.508266	0.214445	0.688853	0.829753	0.364740	-0.406413	1.100004	0.532550	0.520972	0.493235	0.346393	0.935569	0.493266	1.451266	1.012267	1.187980	0.809827	-0.069276	-0.373572	1.121844	1.569505	-2.098541	1.429003	0.135677	0.939020	0.540379	-1.714993	-1.333753	1.374680	2.151441	1.516495	0.805224	1.203226	0.112755	-0.740561	-0.238517	-0.516938	1.335696	0.082015	-0.829247	-0.961100	0.726490	0.886049	-0.772558	1.665012	0.946497	-0.218388	-0.367784	0.626639	0.771317	0.781289	1.029256	0.298333	1.924001	1.325184	0.239528	2.710693	0.507555	0.815010	1.485908	1.355143	-0.194365	0.957228	1.892868
-1.404565	-0.224746	0.057393	0.221166	-1.413063	-1.018557	-1.159188	-0.530699	-2.889940	-2.352575	-2.171079	-0.940549	-0.282319	-0.084910	-0.465498	-0.002061	-1.049104	1.536954	-0.747287	-0.747489	-0.368502	0.430919	-1.389993	-0.371654	-2.675496	-1.122059	-2.677248	0.324207	-0.406254	-0.446157	-0.948608	-0.779698	-1.600694	0.390773	-1.528338	-0.737574	-1.889562	-1.771591	-1.755135	-0.775295	-1.450578	-0.609400	-0.042073	0.188802	0.334528	0.160656	0.285753	1.305644	0.815524	0.432085	0.023638	-0.149428	-0.371675	-0.326338	0.860356	0.760307	-0.131964	0.588531	0.093679	0.889586	0.406857	-0.009777	0.883815	0.476846	-1.622129	-0.349148	-0.152880	-2.070306	0.340764	0.168897	0.703252	0.157639	-2.384907	-1.800903	0.231046	0.845275	1.054760	0.028594	0.317758	-0.354817	-1.187468	0.183849	-1.346786	0.700073	-0.378393	-1.853676	-0.298396	0.231960	1.818645	-1.151224	1.198006	1.095535	0.953107	0.872941	0.044543	-0.579342	0.341963	1.347531	1.021857	2.405585	0.405789	-0.893172	2.375455	0.381436	1.831476	1.801179	0.247434	-0.314936	0.244274	2.106320
-1.190268	-0.890597	-0.149922	-0.597292	-0.806470	-0.715007	-0.804964	-0.954077	-2.393622	-1.376485	-1.195982	-0.820050	-1.164391	-0.676572	-1.063115	-0.723379	-1.304352	0.762803	-0.977752	-0.976675	-0.334319	-0.120078	-1.457798	-0.748551	-2.938814	-1.572544	-2.869884	0.442715	-1.903030	-0.597068	-2.296804	-0.882349	-2.178118	-0.948856	-1.615910	-1.704599	-1.238456	-1.454959	-0.906638	-1.064333	-1.157606	-1.031995	-1.015374	-0.787569	-0.825040	-0.326615	1.048686	1.758562	0.425701	-0.433010	-0.048649	0.445709	-1.695436	-1.250495	0.747790	0.444116	-0.408481	-0.199203	-0.139185	0.036501	-0.090909	-0.938472	1.052608	0.928394	-1.860486	-1.459188	-1.351776	-0.693658	-0.750671	0.660714	0.151909	0.187706	-2.304830	-1.108607	-0.861353	-0.642692	0.280234	-0.355204	-0.576871	-0.410403	-0.369383	0.702439	-1.181732	0.081791	-0.534330	-1.656761	0.119462	0.081480	1.321150	-0.560537	0.140300	0.782129	1.550592	1.547087	-0.576689	-1.579095	-0.423480	1.093972	1.080136	1.546518	-0.363107	-0.851889	0.321744	-0.013073	1.718140	1.396885	-0.238491	-0.354125	-0.391820	0.584961
-0.267086	-1.092939	-0.377108	-0.285244	0.053514	-0.355534	-0.281937	-0.902659	-0.807538	-0.004161	-0.038340	-0.464376	-1.649056	-1.122026	-1.246977	-1.336771	-0.821775	-0.463855	-0.690912	-0.625336	0.566737	-0.446290	-0.539608	-1.033220	-1.673019	-1.363419	-1.749747	-0.389601	-2.064512	-0.308015	-2.035626	-0.268073	-1.393990	-1.648742	-0.714518	-1.619984	0.210694	-0.354245	0.386993	-0.871527	-0.377516	-0.976878	-1.317630	-1.559896	-1.275380	-1.092170	0.746197	0.580737	-0.377297	-1.195199	-0.294417	0.672935	-1.838022	-1.390063	0.067584	-0.599365	-0.586525	-0.931468	-0.162516	-0.506159	-0.437192	-1.140747	0.663307	0.437278	-1.352976	-1.653800	-1.011760	0.843146	-0.940839	0.988012	-0.679587	-0.069324	-1.505666	0.371242	-1.268906	-1.569648	-0.619175	-0.409054	-1.057491	-0.481005	0.884111	0.903597	-0.754580	-0.660184	-0.615457	-0.967484	-0.098754	-0.308656	-0.462516	0.275656	-0.734918	-0.074822	0.772199	0.625418	-0.772556	-1.677614	-1.520575	-0.122944	0.342815	-0.331717	-0.408700	0.123378	-1.843247	-1.020758	0.133040	0.248540	0.163447	0.025994	-0.353940	-1.741288
0.286953	-0.907222	-0.565450	-0.033405	0.272876	-0.388700	0.051936	-0.523352	0.676018	0.724379	0.214229	-0.330238	-1.617723	-1.354773	-0.913170	-1.607376	0.038069	-1.405966	-0.256439	-0.498319	1.672342	-0.364278	0.420731	-1.063525	-0.049236	-1.141663	-0.072558	-1.368394	-1.038871	-0.032443	-1.175762	-0.137961	-0.203016	-1.457007	0.189885	-0.945244	1.057408	0.463754	1.198423	-0.348587	0.443975	-0.252257	-0.966531	-1.641928	-1.176940	-1.841674	-0.503610	-1.539090	-1.033290	-1.252775	-1.091912	-0.051097	-0.604112	-0.505057	-0.656172	-1.544430	-0.778842	-1.247848	0.090938	-0.388758	-0.450415	-0.640048	-0.622424	-0.979941	-0.683874	-1.297144	0.335518	1.592411	-0.266024	0.767292	-1.493346	-0.988069	-0.213381	1.745460	-0.994364	-1.882127	-1.578608	-0.643433	-1.233199	-0.902264	1.066442	0.389089	-0.763990	-1.861485	-1.104602	-0.817549	-0.588052	-1.154943	-2.379904	0.361557	-1.308129	-1.161093	-0.837690	-1.248072	-0.451314	-1.000558	-2.422890	-1.988340	-0.817468	-2.081867	0.051900	0.807482	-2.701562	-2.111376	-1.912887	-1.280105	0.295872	0.695705	-0.160926	-3.247793
0.456475	-0.314287	-0.731596	-0.542365	-0.001078	-0.426905	0.417833	0.030920	1.313591	0.712065	-0.204653	-0.247126	-1.129066	-1.184345	0.049397	-1.118041	0.822550	-1.461962	0.174345	-0.813619	2.189667	0.042786	0.908423	-0.409106	1.007408	-0.849054	1.476250	-1.492047	0.241127	-0.126959	-0.580715	-0.645365	0.513245	-0.676817	0.329326	-0.200721	0.785526	0.501408	1.387021	0.352442	1.175521	0.854212	-0.223780	-0.828135	-0.841707	-1.849679	-1.549139	-2.765194	-0.941021	-0.563877	-1.879490	-1.232025	1.128910	0.713427	-0.722558	-1.288195	-0.620722	-0.919184	0.554665	0.252240	-0.002985	0.233914	-1.971178	-2.139766	0.002678	-0.669458	1.357919	1.708549	0.272301	0.236013	-1.720791	-1.879741	1.188358	2.277174	-0.218733	-1.689977	-2.071665	-1.069033	-1.099235	-1.218874	0.009987	-0.413019	-0.927435	-2.999456	-1.854315	-1.228370	-0.549317	-1.926336	-3.158038	-0.213974	-1.737618	-1.737705	-2.026259	-2.363330	0.041384	-0.133057	-2.349415	-3.358927	-1.579593	-2.699409	0.465476	0.524036	-2.183318	-2.280952	-2.869894	-2.291229	-0.672256	1.183391	-0.389590	-3.068240
0.943298	0.715528	-0.794124	-1.009303	-0.089473	0.145109	0.916768	0.546831	1.230241	0.748058	-0.383114	0.121592	-0.399404	-0.559621	1.439912	0.220759	1.236662	-0.654778	0.763130	-0.636252	1.824297	0.658702	1.193698	0.985810	1.390626	-0.036815	2.668811	-0.554505	0.843139	-0.595638	0.057333	-0.628070	0.684435	0.166483	-0.165926	0.429773	0.084474	0.141800	1.334947	1.047274	1.730467	1.651328	0.495408	0.443951	-0.267803	-0.689853	-1.546298	-2.072441	-0.083496	0.249971	-1.761980	-1.734514	2.111685	1.371151	-0.012892	0.230837	0.188003	0.005034	0.867712	0.871833	0.539477	0.913841	-2.098075	-1.883450	0.811296	0.394663	1.379929	1.736263	-0.044411	-0.161326	-1.049998	-1.825597	2.083400	1.888826	0.719841	-0.923384	-1.380351	-1.059616	-0.421122	-0.732965	-1.002835	-0.542378	-0.524257	-2.952417	-1.984661	-1.302307	0.252916	-1.961252	-2.383044	-0.353140	-1.779541	-1.314329	-2.109938	-1.884501	0.309037	0.399129	-1.204887	-3.185410	-1.256260	-2.082025	0.575023	-0.183293	-1.160658	-1.250824	-2.102232	-1.961858	-1.851290	1.127764	-0.695186	-1.630977
1.776954	1.874406	-0.592125	-0.417079	0.126216	1.133626	1.104021	0.798233	0.939564	1.380054	-0.110447	0.519769	0.233015	0.186549	2.533125	1.716908	1.226734	0.641268	1.609776	0.701187	0.917804	1.321771	1.632344	2.414473	1.286385	0.987289	3.290769	0.729466	0.513931	-1.065592	1.151053	0.522722	0.589970	0.663720	-0.768629	0.763240	-0.380433	-0.200030	1.140535	1.409584	1.846630	1.680393	0.730996	1.228396	0.431084	1.015878	-0.818637	-0.305086	0.890744	0.630500	-0.724974	-1.081960	1.822743	1.400401	0.887017	1.841394	1.228580	1.056942	0.742118	1.031017	0.541335	0.912961	-0.857006	-0.444387	1.567575	1.902197	0.912676	1.607722	-0.651669	-0.148714	0.033935	-0.954631	1.963232	1.068187	1.195789	0.306968	0.314443	-0.288898	0.574900	0.377375	-0.982171	0.259679	0.342683	-1.403465	-0.941445	-0.512429	1.048440	-1.171875	-0.677783	0.552750	-0.982397	-0.301646	-1.421148	-0.679139	0.182922	0.426512	0.061769	-1.510433	0.008901	-1.028384	0.570174	-0.473737	-0.245881	0.125093	-0.387186	-0.494656	-1.741992	0.665445	-0.346431	0.053908
2.008847	2.567618	-0.033355	0.831867	0.100557	1.658388	0.537280	0.792118	0.658266	2.151340	-0.040003	0.407279	0.522169	0.574715	2.600092	2.392173	0.909577	1.973273	2.416203	2.277452	0.103458	1.710940	2.032100	2.987731	0.698483	1.246071	2.908373	1.353260	-0.175781	-0.961596	2.042618	1.683655	0.256628	0.698904	-1.222100	0.500248	-0.787892	-0.642958	0.530564	1.208488	1.343451	1.180976	0.336981	0.912092	0.715636	1.944656	-0.202972	0.866649	1.293685	0.716498	0.282308	0.037826	0.870662	1.462347	1.283970	2.400054	1.677677	1.591712	0.367572	0.830624	-0.163051	0.320758	0.455065	0.826037	1.838965	3.230462	0.752983	0.916260	-0.503605	0.331023	0.554402	-0.325895	1.021336	0.332898	0.791373	1.365101	1.665745	0.608411	0.978231	0.996559	-0.326335	1.075515	0.635345	0.520116	0.548216	0.488503	0.937635	-0.125620	0.977749	1.651214	0.500825	0.308244	-0.620535	-0.035382	-0.305062	0.084289	0.422017	0.595211	1.269555	-0.459482	0.681845	-0.307665	0.708447	0.794734	1.012257	0.892612	-0.431680	0.300659	0.587658	1.335766
0.970646	2.450078	0.768007	1.336830	-0.453138	1.339652	-0.522940	0.789421	0.242587	2.165066	-0.529974	-0.047646	0.525360	0.472235	1.702940	1.994843	0.502338	2.636605	2.629830	2.570397	-0.220701	1.579139	1.910191	2.503247	-0.263383	0.454314	1.443867	0.767778	-0.321473	-0.020624	1.737175	1.471895	-0.311762	0.470512	-1.426314	-0.260793	-1.405467	-1.286721	-0.457825	0.634694	0.448157	0.726475	-0.277054	-0.066205	0.277168	1.431406	0.098410	0.749950	1.038312	0.950831	0.504441	0.643018	0.259116	1.800574	0.968255	1.912793	1.247043	1.344306	0.137914	0.690009	-1.071089	-0.254154	0.640360	1.080560	1.465238	3.573930	0.898316	-0.060700	0.310687	1.060083	0.141286	-0.473242	0.178587	-0.169944	-0.018191	1.527927	1.554574	0.768559	0.230048	0.397230	0.032219	0.969014	-0.257493	1.389873	1.080088	0.639344	0.122173	0.435935	1.968817	1.580527	1.772275	0.067449	0.069366	-0.041470	-0.896191	-0.275120	-0.056296	2.035636	1.660473	-0.559673	0.797859	-0.196406	1.979301	0.565211	1.525742	1.193218	0.301465	0.351282	1.225027	2.078985
-0.579699	1.841252	1.468986	0.668027	-0.999693	0.859821	-1.275707	0.953019	-0.261018	1.284625	-0.953533	0.050791	0.567260	0.314446	0.760773	1.274824	0.376188	1.955243	2.035212	1.589709	-0.144291	1.138468	1.217451	1.532013	-1.003143	-0.364843	-0.256241	-0.680615	0.501206	1.175399	0.459221	0.345164	-0.619100	0.416547	-1.073816	-0.719287	-1.642820	-1.536839	-1.173936	0.182617	-0.311222	0.514813	-0.462180	-0.579047	-0.251026	0.328041	0.519273	0.112151	0.627129	1.294859	0.251473	0.582354	0.362920	1.795957	0.262338	1.202054	0.541847	0.734921	0.087115	0.757406	-1.620374	-0.395080	0.005494	0.787174	0.891316	2.813753	0.708344	-0.409778	0.565190	1.512519	-0.374084	-0.621942	0.298097	-0.550628	-0.138014	0.780368	0.543054	0.327903	-0.848199	-0.670825	-0.027388	0.317033	-1.479559	1.092733	0.283619	-0.062879	-0.154025	0.261550	2.197453	0.278637	2.123729	-0.302845	0.784155	0.242421	-1.035454	-0.178363	-0.404534	2.487718	1.210820	-0.763405	0.646786	-0.177239	3.180457	0.072388	1.467257	0.635372	-0.678414	0.666116	1.062476	2.224639
-1.095084	1.400474	1.674897	0.048596	-0.841044	1.002452	-1.234727	1.060420	-0.392976	0.403289	-0.557345	1.062794	0.939690	0.718269	0.630646	1.086387	0.920420	0.214778	1.100159	0.984104	-0.033565	0.898148	0.471206	0.713989	-0.862669	-0.048740	-0.897554	-1.861926	1.747348	1.499219	-0.429447	0.108122	-0.019169	0.933457	0.023265	-0.081068	-0.685522	-0.611169	-1.073843	0.139230	-0.572788	0.256442	-0.008532	-0.018947	0.137978	0.145201	1.081239	-0.027212	0.556920	1.294391	0.420403	0.564203	0.724358	0.964587	-0.355209	0.759397	0.358364	0.474202	-0.122076	0.700661	-1.736019	-0.343884	-0.239271	0.726743	0.770904	1.704549	-0.023560	0.174473	-0.335771	1.170202	0.117954	0.199588	1.333917	-0.799067	0.901948	-0.120755	0.274573	0.316039	-0.756754	-0.700306	0.169695	0.372543	-1.539194	0.872080	-0.524459	-0.350127	0.892232	-0.112009	1.846574	-0.738701	1.857315	0.270657	1.412277	1.164706	-0.258427	0.562571	-0.077929	2.274362	0.651100	-0.600360	0.260678	0.257828	3.413692	-0.094258	1.342533	0.244623	-2.233856	0.904268	0.591974	1.667107
-0.147186	1.269785	1.265312	0.597602	-0.146897	1.439857	-0.759001	0.672060	0.065306	0.332242	0.349070	2.027045	1.515262	1.673325	1.089325	1.333792	1.943312	-1.282355	0.462744	1.690370	-0.193452	0.938863	0.033381	0.151207	0.016473	1.208994	-0.029795	-1.680945	2.274502	0.463005	-0.177031	1.269289	1.258708	1.864789	1.298111	1.349225	1.023602	1.233191	-0.557255	0.270155	-0.490024	-0.312491	0.530538	0.985151	1.453504	1.276616	1.003568	0.286567	0.733968	0.825484	1.312855	1.127374	0.696362	-0.171754	-0.654394	0.328950	0.738933	0.775124	-0.731366	0.083209	-1.692525	-0.612239	0.255638	0.750398	1.105944	1.031527	-0.733518	0.851408	-1.410925	0.026148	1.467366	1.570284	2.249051	-0.718528	2.166101	-0.499135	1.308742	1.140260	0.777552	0.718541	0.966698	1.489894	-0.136175	1.648401	0.152395	0.741929	2.405474	0.084437	1.166267	-0.251799	1.780984	1.737984	1.432921	1.724589	1.092150	1.392213	0.391428	1.764360	0.476419	-0.306212	-0.054960	1.101841	2.261806	-0.000486	1.246896	0.544280	-2.302961	0.843175	0.486008	0.638708
0.799293	0.781411	0.574509	1.593198	0.132037	1.050196	-0.623532	-0.376153	0.507276	0.729817	0.702182	1.687252	1.682101	2.230495	0.947435	1.086945	2.374114	-1.666548	0.130283	2.469843	-0.746334	0.611660	-0.435104	-0.495418	0.676668	2.011272	1.253519	-0.153520	1.385407	-1.099599	0.407467	2.039663	1.943950	2.330709	1.712879	2.189258	1.832389	2.549012	-0.606155	0.078219	-0.571211	-1.067909	0.361023	1.237498	2.402951	2.421453	-0.249136	0.139745	0.502078	0.282185	2.205249	1.885635	0.072990	-0.735724	-0.793301	-0.438630	0.933511	1.071725	-1.609071	-1.102026	-1.655787	-1.265753	0.491761	0.114018	1.006246	0.736353	-0.957805	0.690762	-1.414384	-1.308486	2.142765	1.910166	1.884263	-0.284800	2.138777	-0.449426	2.208911	1.764194	2.160314	2.210687	1.812361	2.442405	1.354387	2.744557	2.058215	2.440081	2.660074	0.878655	0.364964	0.983494	1.971575	2.672323	0.500900	0.843795	1.837776	1.322262	0.234697	1.119290	0.472170	-0.422766	-0.235460	1.414159	0.393151	-0.114337	0.935611	1.034081	-0.487238	0.349912	0.653400	-0.169141
0.098294	-0.622084	0.129783	1.416731	-0.470986	-0.500766	-1.064287	-1.633300	0.170191	0.575728	0.210535	0.111825	0.923618	1.448067	-0.526898	-0.177551	1.274186	-1.498829	-0.403510	1.643512	-1.572336	-0.651777	-1.395772	-1.407753	0.472961	1.408400	1.291907	1.434695	-0.409569	-1.881442	0.114521	0.695471	1.080037	1.494391	0.937257	1.431916	0.846849	2.188983	-1.458051	-0.623813	-1.069766	-1.648309	-0.604130	0.312104	1.786833	2.032961	-1.896772	-0.817238	-0.577047	-0.021062	2.191467	2.007332	-0.832037	-0.633285	-1.070278	-1.359970	0.366199	0.683709	-2.319368	-2.242728	-1.515839	-1.775552	-0.405744	-1.181196	-0.232360	0.193454	-0.971345	-0.205306	-0.482098	-2.097415	0.980859	0.488346	0.162243	0.134597	0.419736	-0.462879	1.292059	0.975166	1.670581	2.109739	1.963432	1.895079	1.467564	2.730613	3.344272	3.013505	1.075578	1.425725	-0.423164	1.163107	1.588216	1.856368	-0.933883	-0.961268	1.069682	0.023496	-0.458770	0.463540	0.237952	-1.003089	-0.563827	0.538255	-1.047465	-0.618222	0.306952	0.959366	1.478760	-0.589968	0.525041	-0.194741
-1.831592	-2.340216	0.119275	-0.056817	-1.163930	-2.046035	-1.411615	-2.268468	-0.662060	-0.394809	-0.122575	-1.310317	-0.454132	-0.302860	-2.416499	-1.739111	-0.739375	-1.700673	-1.185116	-0.385194	-2.171853	-2.280241	-2.432262	-2.197001	-0.083739	-0.036270	-0.268298	1.780432	-1.760422	-1.453598	-1.048968	-1.840560	-0.694161	-0.371118	-0.163868	-0.328166	-0.761774	0.664619	-2.069206	-1.433421	-1.539726	-1.747256	-1.502086	-1.018810	-0.076459	0.122750	-2.418136	-1.653359	-1.924691	-0.197454	1.271558	1.281033	-1.485903	-0.482981	-1.467687	-1.938123	-0.552812	-0.308190	-2.335180	-2.512209	-1.095062	-1.584971	-1.810046	-2.078073	-1.869656	-0.736062	-1.194865	-0.998499	0.210583	-2.082497	-1.282661	-1.414735	-1.599488	0.124978	-1.677568	-0.575138	-1.117662	-0.851626	-0.443487	0.378875	1.402720	0.121529	0.327545	1.296878	2.694253	1.937937	-0.956134	1.055342	-1.044140	-0.134562	0.136198	-0.128614	-1.834468	-1.895201	-0.757305	-1.581452	-0.853809	-0.041406	-0.186761	-1.487035	-1.101536	-0.699767	-1.547685	-1.111643	-0.345956	0.207853	1.882771	-1.573473	-0.032646	0.353119
-2.815627	-3.062624	0.225311	-1.128282	-0.798541	-2.161865	-0.862610	-1.811492	-0.823366	-1.267820	0.567546	-1.529868	-1.473175	-1.544826	-2.909553	-2.305239	-1.879571	-2.020681	-1.471999	-1.571401	-1.870481	-2.828285	-2.400658	-2.201817	-0.037046	-1.052442	-1.940301	0.919474	-1.736646	-0.452820	-1.930329	-2.944563	-1.782151	-1.954102	-0.558298	-1.536576	-1.107270	-0.461499	-1.302432	-1.703222	-1.200465	-1.241745	-1.462494	-1.749287	-1.710536	-1.762681	-1.235463	-1.267356	-2.250916	-0.419498	0.335336	0.353031	-1.509268	-0.651023	-1.502047	-1.922561	-0.815808	-1.066785	-1.418995	-1.649882	-0.424201	-0.740687	-2.243724	-1.697579	-2.226562	-1.420204	-1.430791	-1.121284	0.115381	-1.556317	-2.719727	-1.894222	-1.953654	-0.265666	-2.465734	-0.337312	-2.924300	-2.033966	-2.201174	-1.399109	0.771861	-1.314940	-0.676508	-0.363086	0.738925	0.524724	-1.594366	0.126400	-1.240511	-1.382067	-1.600525	-1.462818	-1.544521	-1.032904	-2.160828	-2.154804	-0.425422	-0.351436	-0.536567	-1.287758	-1.398618	-0.841313	-1.471221	-1.046082	-0.639439	-0.767570	0.969564	-1.828788	-0.589443	0.665224
-1.610385	-2.324840	0.135474	-0.548005	0.650043	-0.799089	0.475351	-0.658623	0.164425	-1.078874	1.618778	-0.893289	-1.533808	-1.448166	-1.407362	-1.389876	-1.373493	-1.476467	-0.725937	-1.050643	-0.552378	-1.585103	-0.820758	-1.237993	0.671140	-1.172852	-2.115290	0.049052	-0.703510	0.357105	-1.704812	-1.610214	-1.499905	-2.267466	-0.232797	-1.453719	0.081077	-0.403662	0.564478	-1.164527	0.122718	-0.262082	-0.638006	-1.720862	-2.118416	-2.306353	0.632459	0.119031	-0.958881	-0.597011	0.068935	-0.118012	-0.969490	-0.930099	-0.695507	-1.371661	0.020562	-0.885934	-0.014033	-0.333125	0.205362	0.099317	-1.181924	-0.440267	-0.707040	-1.322298	-1.193042	-0.571414	-0.101375	-0.885350	-2.296576	-0.642262	-0.928532	-0.537018	-1.661522	0.325514	-2.711080	-1.628230	-2.164552	-1.853917	0.567792	-1.407132	-0.651786	-1.113629	-0.853064	0.117922	-0.635495	-0.501316	-0.842779	-1.198836	-2.394387	-1.241571	-0.445925	0.489676	-2.110734	-1.333199	0.466013	-0.543062	-0.878562	-0.311274	-1.088742	0.255030	-1.264228	-0.408708	-0.570932	-1.589128	0.310627	-0.983337	-0.804595	0.223248
0.574292	-1.026325	0.103492	0.867559	2.007840	0.802841	1.625015	0.341596	1.351031	0.093674	1.681995	-0.288522	-1.021655	-0.783256	0.624752	0.237818	-0.484436	-0.070567	0.448560	-0.195707	0.936741	0.452538	1.268682	0.097652	1.174323	-0.957128	-0.966991	0.100107	0.171395	0.785640	-0.740365	0.405636	-0.717432	-1.654385	0.073765	-0.769682	1.302314	0.186393	2.020464	-0.144333	1.588098	0.774232	0.086107	-1.450013	-1.590821	-1.690563	1.761921	1.199039	0.944655	-0.628666	0.222293	-0.150997	-0.379650	-1.104620	0.770209	-0.358702	1.310701	0.120805	0.966103	0.468152	0.505162	0.341480	0.377046	0.503446	1.315106	-0.662788	-0.524271	0.380370	0.306673	-0.180033	-0.767027	0.868218	0.095023	-0.308045	-0.481817	0.731891	-1.215627	-0.423637	-0.833100	-1.132000	0.735023	-0.617860	-0.067944	-1.151849	-1.180324	0.424006	0.422346	-0.587395	-0.082976	-0.155001	-2.052198	-0.454774	0.497863	0.951993	-0.963274	-0.041978	1.099899	-0.581251	-1.443100	0.992849	-0.492491	1.183669	-0.858417	0.206599	-0.480201	-2.116850	0.706330	0.303417	-0.733108	-0.549519
1.687444	-0.215854	0.686345	1.470751	2.302107	1.636984	1.864550	0.794771	1.596180	1.352857	0.722418	0.165894	-0.629664	-0.660666	1.273554	1.398640	-0.732759	0.964829	0.893849	-0.450574	1.515622	1.630504	2.233361	0.977308	1.001792	-0.843080	-0.065806	0.856655	0.239059	1.029795	0.047619	1.018799	-0.496070	-1.174396	0.063689	-0.383047	1.405750	0.422931	2.028136	0.810151	2.086846	1.365944	0.333501	-1.118643	-0.890636	-0.938643	1.753536	1.227583	1.729894	-0.668879	0.186656	-0.071826	-0.274396	-1.314064	1.993473	0.940547	2.012758	1.216921	1.009288	0.531478	0.523252	0.117302	1.164040	0.532539	2.061813	-0.039721	0.008644	1.152126	1.016873	0.439057	0.447746	1.305669	0.154620	0.207220	-0.017111	0.267203	-0.105686	0.332321	0.385754	-0.272783	0.971013	0.065378	0.180782	-1.294587	-0.596197	0.290693	0.334868	-0.635829	0.487244	0.123069	-1.453700	-0.506410	0.750862	0.261478	0.090880	0.554166	1.206573	-0.273578	-1.948186	1.898403	-0.246443	0.882329	-0.093481	0.354123	-0.503403	-2.129497	1.422248	0.862499	-0.509222	-0.692080
1.225256	0.016309	1.852256	0.901854	1.727834	1.765543	1.465221	0.995045	0.990282	1.895188	0.205408	0.965844	-0.411449	-0.899841	0.260018	1.522107	-1.776996	0.784530	0.291959	-1.300589	0.961131	1.403905	1.498223	1.076530	0.711907	-0.471570	-0.306907	1.474578	-0.047049	1.166416	0.263559	0.272801	-0.715950	-1.256990	0.193841	-0.214300	0.927921	0.392295	1.077978	1.373446	1.344608	1.291962	0.612607	-0.332642	-0.248020	-0.493679	1.200243	0.744080	0.754025	-0.894126	-0.013791	0.167219	-0.734789	-1.742465	2.039037	1.853035	1.663394	1.671693	0.494764	0.457012	0.579111	0.091053	0.953877	0.127416	1.287356	0.152802	0.029482	0.848835	1.007166	0.580493	0.722144	0.842551	-0.284640	0.409415	-0.041391	-0.698796	0.040853	0.459500	0.885739	0.142721	1.051939	0.345394	0.004003	-1.507044	0.196099	-0.413175	-0.503237	-0.980259	0.520599	-0.855472	-1.198739	-1.290712	0.570198	-0.115069	0.278382	0.191568	1.069888	0.414268	-1.669469	1.859746	-0.484271	-0.049571	0.651143	0.366188	-0.331214	-1.363799	1.458838	0.258091	-0.179959	0.128201
0.286849	0.104127	2.676330	0.143636	1.035442	1.633013	1.102170	1.236513	0.455120	1.485571	1.027288	2.040865	0.045495	-0.456495	-1.056997	0.847861	-1.993229	-0.047115	-0.583453	-1.300394	-0.050744	0.570968	-0.015436	0.685122	0.867024	0.495554	-0.943191	1.451975	0.055032	1.019519	0.206181	-0.324072	-0.536924	-1.374911	0.751526	0.318780	0.930083	0.730714	0.347747	1.488145	0.092586	0.726340	1.244170	0.955956	0.459096	-0.001025	0.647125	0.507776	-0.911643	-1.195405	0.195938	0.807448	-1.398910	-2.265651	0.733464	1.464348	0.557947	1.149868	0.070249	0.628501	0.758963	0.531348	0.431802	-0.008306	0.139887	-0.220876	-0.313303	-0.780955	-0.097678	0.046772	0.448409	0.414631	-0.327344	0.026340	0.244103	-1.177728	-0.043820	0.581785	1.017277	0.278403	0.824326	0.568837	-0.000589	-0.949050	0.833633	-0.695990	-0.909499	-1.249873	0.203449	-1.895576	-0.896220	-1.437529	0.471094	0.657013	-0.146688	-0.431766	0.976288	1.114775	-0.430509	0.978080	-0.757620	-0.342377	0.774533	0.869088	0.295426	-0.026394	0.840205	-0.745383	0.079016	1.052313
-0.221251	0.114504	2.237669	-0.129141	0.443277	1.250711	0.845298	1.283374	0.304406	0.434371	2.092726	2.487900	0.717511	0.812943	-1.471205	-0.045993	-0.823800	-0.484252	-1.017707	-0.315923	-0.873326	-0.039045	-1.020018	0.266068	0.995335	1.430593	-0.775001	0.923186	0.516278	0.477886	0.221898	-0.065937	0.208570	-0.944023	1.219972	1.121939	1.313453	1.424713	0.231798	1.201723	-0.789945	-0.003484	1.531718	1.871696	0.978809	0.704052	0.130288	0.406136	-1.752522	-1.306508	0.932094	1.566880	-1.866514	-2.523258	-1.113861	-0.280541	-0.709404	-0.151384	-0.188625	0.597500	0.679243	0.868263	0.163014	0.130484	-0.452385	-1.006171	-0.676856	-2.387776	-1.449458	-0.596675	0.288238	0.335718	0.044456	-0.497030	0.769894	-0.808999	0.302294	0.866435	1.046811	0.336131	0.269845	0.915790	0.413343	0.540709	1.095508	-0.115703	-0.552182	-0.924752	-0.018011	-1.679944	-0.018576	-0.337479	0.615512	1.577779	-0.364491	-0.519894	0.828146	1.291477	0.886392	-0.017085	-0.697463	0.213458	0.329943	1.735908	1.056777	1.100095	0.283133	-1.076962	-0.020230	0.984983
-0.422956	-0.088897	0.754484	-0.237712	-0.356973	0.477647	0.189358	0.786239	-0.037216	-0.561976	1.629414	1.675256	1.046179	1.806731	-1.076156	-0.680780	0.513372	-0.305597	-1.121971	0.447302	-1.360287	-0.396613	-1.065138	0.053500	0.275464	1.354465	0.295193	0.284804	0.680930	-0.191031	0.266958	0.365638	0.817677	-0.057919	0.965435	1.453983	1.109757	1.715679	0.149229	0.659163	-1.035016	-0.634917	0.651590	1.532132	0.815229	1.122353	-0.355042	-0.114115	-1.380477	-1.077344	1.527236	1.726251	-1.921536	-2.179520	-2.222822	-2.009431	-1.539856	-1.453227	-0.563338	-0.094379	0.042825	0.490209	0.109073	0.034153	-0.527728	-1.537046	-0.873999	-2.099387	-1.873284	-0.508211	0.525867	0.212700	0.211305	-0.435957	0.671316	-0.302372	0.868729	0.774297	0.769138	0.211801	-0.265002	1.144269	0.813193	1.841729	0.744093	0.504839	-0.076707	-0.082463	0.079441	-0.259535	1.108848	0.907650	0.788333	1.237673	0.121708	0.061113	0.388039	0.751686	1.214491	-0.444600	-0.367668	0.628205	0.036388	2.049212	1.329750	1.362742	0.086833	-0.505187	-0.505092	0.016628
-0.579864	-0.216066	-0.465596	-0.501215	-1.313096	-0.340287	-0.943524	-0.048167	-0.869845	-0.845914	-0.431898	0.143689	0.839271	1.750669	-0.609890	-0.775105	0.788797	-0.039933	-1.194978	0.373546	-1.427544	-0.702734	-0.562201	-0.038209	-0.986404	0.380102	1.211402	-0.235023	0.336031	-0.487742	0.164782	0.253922	0.860384	0.787430	0.229246	1.046438	0.119185	1.213727	-0.352917	0.142427	-0.865209	-0.949364	-0.898240	0.306920	0.059289	0.830340	-0.505479	-0.960861	-0.587565	-0.467404	1.463112	1.133293	-1.441792	-1.138754	-1.776710	-2.101343	-1.393778	-1.737477	-0.850517	-0.881944	-0.705222	-0.254938	0.028537	-0.454751	-0.397218	-1.045905	-0.862416	-0.004746	-1.089393	0.343174	0.922692	-0.136239	0.004978	0.404623	-0.218991	-0.457613	1.169677	0.010574	0.117167	-0.102934	-0.255309	1.047751	0.871825	1.861761	-0.031497	0.390081	0.081313	0.688000	0.358701	1.201135	1.642372	0.923432	0.761332	-0.199119	1.027902	0.798890	-0.215317	-0.110078	0.528533	-0.297754	0.066731	0.154770	0.259379	1.343370	0.940301	0.913912	-0.077549	0.297352	-1.037765	-0.647214
-0.414144	0.139250	-0.357243	-0.544569	-1.743160	-0.622989	-1.743822	-0.592961	-1.478711	-0.440063	-2.136336	-0.918711	0.683707	1.223851	-0.347613	-0.275892	0.310746	-0.020613	-0.974994	0.199758	-0.812638	-0.730070	-0.041690	-0.249720	-1.411636	-0.269650	0.995148	-0.690208	0.083230	-0.172426	-0.012699	-0.218541	0.785945	1.274149	-0.105545	0.485294	-0.643906	0.494387	-0.870316	-0.126116	-0.466291	-0.781544	-1.564501	-0.493537	-0.502443	0.146576	-0.092320	-1.346454	-0.172907	0.484091	1.095420	0.582897	-0.419225	0.260503	-0.165898	-0.567541	-0.169511	-0.653617	-0.428362	-0.680327	-0.730248	-0.396317	-0.075122	-0.847687	-0.032402	0.287134	-0.596647	1.486645	0.167880	1.148956	0.947183	-0.361310	-0.110355	1.377674	-0.800388	-1.070185	1.129450	-0.877838	-0.501465	-0.308884	0.310283	0.744162	0.906322	0.881505	-0.488513	-0.050959	0.139942	0.939445	0.538857	1.730803	1.272438	-0.144078	0.523800	-1.187497	1.590356	1.113389	-0.436171	-0.661071	-0.172489	-0.051708	0.625742	-0.637002	0.471623	0.399769	0.343493	0.436515	-0.444000	0.664949	-1.243504	-0.283043
0.207141	0.669642	0.738247	-0.102361	-1.161437	-0.356040	-1.374464	-0.523785	-0.981363	-0.112313	-1.723513	-0.896632	1.090347	1.124725	-0.085536	0.479382	0.173640	-0.042653	-0.145854	0.622270	0.396486	-0.215011	0.274944	-0.637173	-0.329423	0.070199	-0.222694	-1.174163	0.436658	0.501337	-0.056300	-0.521149	1.091073	1.313822	0.284704	0.291716	-0.311736	0.259227	-0.708859	-0.187572	0.138026	-0.192245	-0.631046	-0.232349	-0.361154	-0.354927	0.586988	-0.806951	-0.226328	1.423817	0.954985	0.715987	0.811901	1.271758	1.195551	0.793732	1.313138	0.849927	0.703571	0.604642	0.127518	0.339695	-0.037424	-0.651960	0.576771	1.177552	-0.011835	0.649900	1.048808	1.398401	0.290063	-0.210656	0.183702	1.521613	-0.106147	-1.172636	0.849346	-1.134197	-0.696922	-0.270192	0.662616	0.379816	1.224417	-0.007640	-0.231621	-0.082687	0.187793	0.646862	0.460085	1.291060	0.489190	-0.919460	0.240105	-0.780314	1.310237	0.883352	0.086810	-0.695930	-0.120244	0.039777	1.279013	-0.526660	0.091918	0.297892	-0.016598	0.253828	-0.769794	0.611789	-0.962418	0.423479
0.669482	0.580451	1.430863	0.194655	0.020944	-0.122128	-0.013790	-0.059025	0.410492	-0.478870	0.310466	-0.181426	1.620049	1.289997	0.208144	0.843928	0.551423	0.182938	0.811706	1.116606	1.456297	0.494087	0.395041	-0.840485	1.169320	0.579026	-1.344497	-1.518936	1.005899	1.062387	0.043470	-0.551217	1.439448	0.869963	0.706754	0.215283	0.672711	0.320021	0.207584	-0.152172	0.835304	0.528163	0.844568	0.365661	0.009931	-0.642972	0.960122	0.144669	-0.438853	1.694190	0.740144	0.904458	1.623258	1.277568	1.135476	0.508386	1.737771	1.259639	1.625723	1.782065	1.101373	1.158703	0.159067	-0.030042	1.025513	0.648948	0.812240	-1.105702	1.290172	1.397132	-0.677342	0.015248	0.631507	0.480782	1.263384	-0.298707	0.213748	-0.763773	-0.567163	-0.367145	0.037524	-0.181881	1.349741	-0.415340	0.008477	0.017553	-0.159589	-0.030686	0.237970	0.470739	-0.106567	-0.629806	0.116719	0.349852	0.451494	0.503816	0.980698	-0.658116	0.330388	0.173665	1.708355	0.694916	-0.520134	0.968811	-0.257021	0.000489	-0.751702	0.592416	-0.247210	0.388568
0.414051	-0.234610	0.786125	-0.385728	0.930656	-0.290509	1.314231	0.455439	1.456532	-1.187168	1.774310	0.452404	1.365182	0.880618	0.369319	0.477119	0.554781	0.623484	1.046688	0.764485	1.618657	0.724312	0.438095	-0.399903	1.503304	0.232476	-1.385837	-1.397655	1.021284	1.186743	0.139640	-0.511276	1.127466	0.106592	0.417050	-0.190636	1.136964	-0.071680	1.289898	0.074004	1.338506	1.119422	1.393418	0.359722	-0.211673	-1.047513	0.821367	0.599232	-0.533632	1.022286	-0.228820	-0.020216	1.602974	0.464868	-0.065666	-0.765308	0.653633	0.126877	1.651990	1.834435	1.485863	1.334131	0.320654	0.404702	0.922792	-0.709601	1.464297	-1.133085	1.115482	1.419959	-1.136249	-0.110501	0.817443	-1.028654	1.760612	0.846776	-0.771885	-0.508388	-0.477473	-0.984459	-1.340718	-1.104653	0.588345	-0.820756	-0.791163	-0.542372	-0.903265	-0.823273	0.210817	-0.154117	-0.352057	0.081185	0.266567	1.025807	-0.242341	0.440539	1.461216	-1.027954	0.296009	0.526100	1.582232	1.681663	-0.503909	1.321266	-0.750306	-0.692615	-0.433079	0.856509	0.639611	-0.427966
-0.120124	-0.928655	-0.737794	-1.404792	1.113757	-0.643719	1.770344	0.769315	1.189247	-1.394345	1.236313	0.561318	0.156837	-0.194936	0.514551	-0.179949	-0.306925	0.945002	0.517980	-0.336515	0.871662	0.324078	0.541316	0.526191	0.525297	-0.615557	-0.414719	-0.777373	0.441800	0.797694	0.253064	-0.395707	0.152804	-0.485054	-0.337744	-0.742671	0.563586	-1.035901	1.864632	0.500585	1.364526	1.416005	0.868069	-0.170662	-1.039025	-1.473144	0.464243	0.314212	-0.317966	0.058170	-1.644958	-1.925233	0.955695	-0.237436	-1.031018	-1.209467	-0.856457	-1.349447	1.238461	1.049750	1.397968	1.083253	0.226436	0.339960	0.428967	-1.450939	1.347648	0.680861	0.816169	1.042990	-0.733420	-0.499489	0.677533	-1.765413	0.736691	1.164059	-1.547586	-0.809790	-0.588983	-1.770540	-2.405714	-2.094559	-0.718437	-1.356952	-2.329152	-1.476955	-1.156293	-1.120716	0.571504	-0.341991	-0.369851	0.255664	0.561501	1.026072	-0.353399	0.675447	1.229530	-1.599015	-0.365116	0.898231	0.949156	1.071755	0.158959	0.716212	-1.429786	-1.427624	-0.028930	1.170677	1.259154	-1.087955
-0.149587	-0.925820	-1.906404	-1.587474	0.705332	-0.934967	1.239917	0.524687	-0.149415	-0.996525	-0.510773	0.153577	-1.162469	-1.051527	0.870448	-0.421501	-1.299786	0.733642	0.035392	-1.242816	-0.198747	-0.175994	0.619037	0.988208	-0.483632	-0.791802	0.570067	-0.061474	-0.007231	0.050907	0.551111	0.006157	-0.715141	-0.497786	-0.659640	-0.906188	-0.503254	-1.752268	1.525261	0.569094	0.802337	1.121819	0.215044	-0.504164	-1.577210	-1.379333	0.167236	-0.095663	0.177564	-0.278933	-2.180423	-3.084755	0.289725	-0.086544	-0.956633	-0.372102	-1.342059	-1.675239	1.141316	0.280349	1.234667	0.895575	-0.163573	0.081492	-0.045677	-1.057491	0.295834	1.780042	0.544625	-0.117456	-0.114751	-0.630713	0.454869	-1.147600	-0.910160	0.428022	-1.483418	-1.145511	-0.781182	-1.840868	-2.393615	-2.499175	-1.260028	-1.334994	-2.983995	-1.425199	-0.200807	-0.232492	0.964900	-0.147355	-0.258477	-0.113986	0.628033	0.925483	-0.178038	0.675688	0.721027	-1.678627	-0.817022	1.011022	0.139406	-0.673185	0.417960	-0.323901	-1.735240	-1.332634	0.402122	1.058957	1.239710	-0.903798
0.156334	-0.794344	-2.029997	-0.469727	0.023691	-1.329118	0.106633	-0.602005	-1.434213	-0.834704	-1.504595	-0.525351	-1.687834	-1.064242	1.102147	-0.246586	-1.421559	-0.169921	0.061520	-1.476909	-0.974912	-0.293300	0.329792	0.179907	-0.591084	-0.177189	0.681466	0.359985	0.055522	-0.699569	0.921016	0.679888	-0.885755	-0.098588	-0.230662	-0.684160	-1.237800	-1.495687	0.263684	-0.449922	-0.184612	-0.052394	-0.071436	-0.470169	-1.154166	-0.629618	-0.137914	-0.036908	0.451836	0.051774	-1.182493	-2.207075	0.061270	0.727506	-0.456205	0.248999	-0.674587	-0.748683	1.105315	-0.346644	0.875177	0.568807	-0.598870	0.114778	-0.450922	-0.390945	-0.935611	0.676226	0.322042	-1.444232	-0.201036	-0.225984	0.292218	0.095547	-1.903185	-0.470191	-0.759435	-0.705789	-0.883823	-0.831168	-1.491155	-2.036003	-0.355649	-0.330880	-1.790544	0.150198	1.296945	1.653161	0.699842	0.260777	-0.119732	-0.294907	0.173234	0.900309	-0.205067	0.057562	0.321770	-1.022955	-0.381227	0.877267	-0.606167	-1.637608	-0.455032	-0.983443	-1.333607	-0.207169	0.900608	0.247423	0.542102	-0.144350
-0.056311	-1.344832	-1.492194	0.935011	-0.584217	-1.962851	-1.002331	-2.239797	-1.660324	-1.454441	-0.787526	-1.138087	-1.350923	-0.682000	0.535972	-0.353320	-0.707807	-1.327644	0.139466	-1.430909	-1.010998	-0.195027	-0.423799	-1.443273	-0.256984	-0.012006	0.032759	0.523869	0.054691	-1.153496	0.872979	1.240760	-0.550417	0.159199	0.272726	-0.636715	-1.314808	-0.610955	-1.274422	-2.302777	-1.106145	-1.724893	-0.423481	-0.581517	-0.186944	0.152810	-0.513599	0.321564	-0.064607	0.239359	0.244389	-0.206618	0.217246	1.385568	-0.459423	-0.611545	-0.069795	0.172380	0.269548	-1.247886	0.042587	-0.355110	-0.632724	0.522500	-0.954875	-0.341705	-1.153548	-0.964975	0.125308	-1.845271	-0.918795	0.431328	0.031545	0.613951	-1.894967	-0.525282	-0.242856	0.454427	-0.762453	0.572320	-0.317373	-1.191520	1.056250	0.885588	0.218975	1.885463	1.898125	3.069719	-0.402482	0.723765	-0.151893	0.103386	-0.588939	0.463286	-0.370439	-0.785028	-0.239694	-0.219799	0.481276	0.638466	-1.147100	-0.734554	-1.767483	-1.167307	-0.661017	0.947648	1.343967	-1.018119	-0.520403	0.348062
-0.821893	-2.264955	-1.079081	1.328963	-0.710974	-2.387663	-1.370680	-3.206202	-0.726634	-2.162047	0.736531	-1.367386	-0.801995	-0.698745	-0.695036	-1.060961	-0.121590	-1.869815	-0.267988	-1.497913	-0.149186	-0.387411	-1.101676	-2.385543	-0.392111	-1.064568	-0.448048	0.661296	-0.673967	-1.378829	0.165267	1.305571	-0.284445	-0.035165	0.134559	-0.949324	-0.931165	-0.076985	-1.938155	-3.478752	-1.387634	-2.708423	-1.121644	-1.013347	0.370882	0.378785	-0.658864	0.389948	-1.035459	-0.215206	0.510709	0.796793	0.258046	1.297395	-0.829931	-2.132982	-0.436835	0.052894	-1.238436	-2.215169	-0.822145	-1.470711	0.008268	0.917972	-1.358391	-0.728227	-0.022736	-0.878668	-0.038832	-1.190189	-1.103463	0.904270	-0.534102	-0.129657	-1.447792	0.339182	-0.347292	1.385328	-0.249112	1.379124	0.727634	-0.626502	1.476728	1.109085	1.234646	1.981908	1.166192	2.494201	-1.582033	1.049078	-0.471078	0.707446	-1.002740	-0.552644	-0.131876	-0.979964	-1.279712	0.035677	0.686574	0.279020	-1.236993	1.011140	-2.209651	-1.327123	-0.501676	0.892176	1.456243	-2.050401	-1.444451	-0.064330
-1.098118	-2.359142	-1.028117	0.571098	-0.238707	-1.905998	-0.711091	-2.553028	0.432738	-1.835181	1.475781	-1.101770	-0.617319	-1.119867	-1.427763	-1.729507	-0.313152	-1.340602	-0.942722	-1.484624	1.073306	-0.923701	-1.057284	-1.692677	-0.968035	-2.301771	-0.070436	0.731781	-1.717491	-1.617027	-0.642051	0.907974	-0.355480	-0.506153	-0.409637	-1.002019	-0.398861	-0.187489	-1.143536	-2.654949	-0.931174	-2.134417	-1.560576	-1.102652	0.268439	0.288635	-0.304390	0.022913	-1.159967	-0.957162	-0.403332	0.092233	-0.271237	0.491464	-0.705698	-2.441804	-1.255483	-0.781319	-2.111722	-2.352270	-0.862220	-1.712217	1.046594	0.901245	-1.210376	-0.845661	1.318378	0.543329	-0.196249	-0.546296	0.032979	1.067587	-1.256487	-1.235322	-1.088039	1.272725	-0.453352	1.414114	0.717163	1.378337	1.381684	-0.303023	0.609657	0.194609	0.849935	0.409394	0.115810	0.123226	-1.898445	0.959015	-0.894213	0.949228	-0.670342	-1.414464	0.670901	-0.223340	-2.239930	-0.225856	-0.113743	-0.198015	-0.766124	1.733168	-1.492681	-1.612477	-1.007870	-0.380764	1.084207	-2.241535	-1.744847	-1.215889
-0.285579	-1.077287	-0.877527	-0.291887	0.292256	-0.473361	0.325155	-0.687707	0.574116	-0.434747	0.814399	-0.525594	-0.740182	-1.201343	-0.888685	-1.564002	-0.907132	-0.297839	-1.266646	-1.079294	1.496893	-1.199381	-0.440253	-0.049241	-1.124016	-2.039964	0.878373	0.544759	-1.882177	-1.689156	-0.684012	0.459826	-0.519092	-0.845948	-0.503625	-0.174049	0.104390	-0.136402	0.209177	-0.299248	-0.353453	-0.629970	-1.044894	-0.221983	0.234783	0.548407	0.198825	-0.281419	0.265864	-1.477645	-0.951026	-0.830062	-1.143708	-0.587601	0.113624	-0.984177	-1.351260	-1.155263	-1.566961	-1.349284	-0.070164	-0.819818	1.760084	0.498288	-0.555582	-0.521589	1.404693	1.076137	-0.490858	-0.752209	1.716926	1.025170	-1.601156	-1.318679	-0.753425	1.418082	0.221160	0.936938	1.791818	1.203558	1.350770	0.414522	-0.391514	-0.707018	0.329509	-0.997867	-0.231071	-2.017353	-1.293257	0.332645	-1.038598	0.741966	-0.007330	-1.317125	1.382401	0.712009	-2.107656	-0.409594	-1.081546	-0.519846	-0.210278	0.784176	-0.580193	-1.631291	-1.356115	-1.451659	0.356519	-1.573570	-1.221040	-2.047097
0.850500	0.801020	-0.202077	-0.209148	0.156645	1.029932	0.644983	0.912032	-0.571476	0.914514	-0.530775	0.061318	-0.643196	-0.499680	0.212444	-0.628682	-1.051069	0.270986	-1.013006	-0.413219	0.500820	-0.679374	-0.079084	1.027203	-0.457785	-0.059372	1.549290	0.279489	-0.734472	-1.048704	0.129053	0.325311	-0.311955	-0.662109	0.152337	1.230577	0.511895	0.815714	0.546108	1.694008	-0.359785	0.244393	0.135858	1.208796	0.927607	1.256400	0.153997	-0.079527	2.055455	-1.694058	-0.157620	-0.357731	-1.435423	-1.345125	0.877853	0.957177	-0.401001	-0.406021	-0.418678	-0.075480	0.502477	0.165334	1.591805	0.071608	-0.049156	-0.109477	0.183728	0.072801	-0.984710	-1.303296	2.423674	0.791485	-1.136863	-0.006614	-0.136296	0.729939	1.459264	0.786592	2.324469	1.398612	0.705078	1.706448	-0.371865	-0.488170	0.784724	-0.689151	-0.019182	-2.094598	-0.541105	-0.448694	-0.643906	0.496319	0.147975	-0.497577	1.287380	0.815680	-0.845939	-0.175983	-1.158733	-0.430629	-0.287007	-0.847132	-0.294772	-1.062462	-0.639035	-0.941639	-0.393662	-0.565174	-0.162290	-1.465649
1.282502	2.114774	0.703832	0.780057	-0.600813	1.588566	-0.028725	1.203947	-1.766514	1.379136	-1.529628	0.510372	-0.022163	0.507295	0.641099	0.341016	-0.376605	0.082683	-0.430242	0.129510	-0.997193	0.351840	-0.336887	0.922436	0.392295	2.083148	1.553874	0.399256	0.673431	0.227782	0.935237	0.475539	0.459451	0.218387	0.874409	2.216597	0.761026	2.109645	-0.478911	2.048155	-0.857766	-0.116730	0.979318	2.064227	1.957506	1.807913	-0.621042	0.348344	2.306343	-1.591999	1.018069	1.090127	-0.500110	-1.271552	0.963381	1.957718	0.741321	0.943941	0.070616	0.504492	0.142116	0.274103	0.609387	-0.207915	-0.113155	0.220921	-0.926686	-0.703066	-1.359042	-1.131324	1.690735	0.289561	-0.061624	1.695608	0.722439	-0.134086	2.183987	1.071205	1.977983	1.743413	0.092084	2.745574	0.501058	0.634239	1.788948	0.831841	0.057689	-0.428646	-0.241537	-0.715728	0.202656	0.543425	-0.523323	-0.063096	0.598891	0.074486	0.273519	0.236685	-0.205985	-0.148991	-0.959441	-1.851696	-0.339687	-0.225358	0.920427	0.942958	-0.789795	0.227459	0.816551	0.291676
1.040780	2.456481	1.053737	1.540032	-1.132574	1.020499	-0.794261	0.561303	-1.552480	1.316858	-1.857260	0.811263	0.667080	0.901692	0.254512	0.859892	0.684169	-0.270551	0.145395	0.374170	-1.366022	1.036544	-0.611884	0.429306	0.582939	2.770634	1.284136	0.902706	0.963079	0.990457	0.940034	0.514273	1.322374	1.349590	0.818828	2.112242	0.728626	2.359694	-1.524567	1.309202	-1.027150	-0.632006	0.938755	1.767218	2.270196	1.689436	-1.600576	0.242385	0.840776	-0.958776	0.952197	1.663299	1.089114	-0.339142	0.571672	1.869364	1.077325	1.758519	-0.211290	0.469715	-0.562718	-0.150323	-0.668528	-0.617859	-0.415255	0.611856	-0.837848	0.205988	-1.154030	-0.167865	0.495708	-0.444502	0.838712	2.467091	1.335132	-0.626766	1.705315	1.035559	1.113450	1.608155	0.023883	2.544807	0.973394	1.355471	2.085932	1.665474	-0.117264	0.914676	-0.294628	-0.319861	1.064619	0.653383	-1.503766	-0.687671	0.177251	-0.557631	0.118000	0.448973	0.939076	-0.232351	-1.294360	-1.891221	-0.024245	0.151317	1.995383	2.529772	-0.654645	0.534872	1.285982	1.553725
0.736606	2.144665	0.466213	0.990105	-0.924766	0.050562	-0.771932	0.116039	-0.132425	1.429452	-1.877250	0.843532	0.543729	0.217503	-0.126794	0.940398	1.347644	-0.255048	0.403266	0.367835	-0.226919	0.885993	-0.307371	0.500400	0.048036	1.835209	1.168706	1.131437	0.006369	0.281978	0.214900	0.011557	1.321133	1.632932	-0.081921	1.073153	0.278872	1.046168	-1.335360	0.809136	-0.431704	-0.081631	0.335571	0.782693	1.364711	0.973120	-2.215606	-0.688513	-0.541123	0.046469	-0.516229	0.519093	1.973127	0.788576	0.187000	1.406492	0.433834	1.375645	-0.447115	0.498280	-0.684256	-0.186077	-1.719248	-1.391934	-0.504270	1.010449	-0.052422	1.878153	-0.459397	0.533276	-0.191906	-1.251719	0.836891	1.881012	1.192574	-0.798647	0.439591	0.096228	0.334346	0.739454	0.141613	1.178796	0.121658	0.719871	1.198093	0.717970	-0.218261	0.448037	-0.376127	0.012390	1.377640	0.276546	-2.068294	-1.785178	0.245060	-0.484035	-1.001804	0.354495	1.357467	-0.941868	-0.679432	-1.613242	0.565960	-0.276867	1.610953	2.376670	-0.281595	0.341493	1.310186	1.069831
0.347609	1.538135	-0.531122	-0.624431	-0.501198	-0.475056	-0.239641	0.397176	0.736981	1.607951	-1.884960	0.396580	-0.599205	-1.117170	-0.150815	0.629206	1.171493	0.027513	0.106185	0.150504	1.001460	0.232075	0.203514	1.012313	-0.600965	0.353050	0.988658	0.634533	-1.066153	-1.137688	-0.657443	-1.032051	0.003675	0.382010	-1.145054	-0.263333	-0.536188	-0.779224	-0.323984	0.954146	0.301323	1.152104	-0.281343	-0.097683	-0.166164	0.021548	-2.280032	-1.703646	-0.465912	0.606629	-1.932877	-1.150110	1.462821	1.267086	-0.079625	1.035381	-0.589800	0.157788	-0.248554	0.721250	-0.326724	0.195480	-2.157727	-2.061047	-0.536025	1.024406	0.229776	2.331385	0.012248	0.286751	-0.505770	-1.933137	-0.047850	0.610191	0.271009	-0.904556	-0.680094	-1.281199	-0.222213	-0.467788	-0.297677	-0.235479	-1.570977	-0.815543	-0.130569	-1.136068	-0.313523	-1.180762	-0.408143	-0.478578	0.880729	-0.667563	-1.926347	-2.142365	0.027054	-0.231286	-1.835498	0.073612	0.883956	-1.860137	0.249138	-1.663380	0.740366	-0.992159	0.320357	0.741553	-0.292650	-0.129461	1.191857	-0.353067
-0.510720	0.858914	-1.026843	-1.820059	-0.560360	-0.271542	-0.045999	0.955088	0.075077	1.243408	-1.646914	-0.416255	-1.687686	-2.023284	-0.211633	-0.040287	0.478190	0.357849	-0.499753	-0.164602	0.908373	-0.205501	0.173120	1.149653	-0.856659	-0.561186	0.287063	-0.143012	-1.254415	-1.399827	-1.237799	-1.908302	-1.707645	-1.447286	-1.649317	-1.257172	-1.314014	-1.707333	0.242090	1.064589	0.316693	1.626815	-0.633135	-0.486458	-1.264718	-0.816824	-1.703785	-1.602364	0.437623	0.245962	-2.067022	-1.681435	0.253865	0.945340	-0.248314	0.777622	-1.254812	-0.891519	0.077654	0.729032	-0.237993	0.268451	-1.685568	-1.679616	-0.822484	0.472990	-0.225826	1.027836	-0.137127	-0.231323	-0.939324	-2.132928	-0.959795	-0.272722	-0.769740	-0.798358	-1.127617	-1.934657	-0.794972	-1.306906	-1.279801	-0.788989	-2.607423	-1.800296	-0.918069	-2.135026	-0.734803	-2.053576	-0.318953	-1.452613	-0.023747	-1.425701	-1.159060	-1.225833	-0.953577	-0.519045	-1.582370	-0.165576	0.162433	-2.145115	0.430344	-1.867688	0.344081	-1.021561	-0.390083	-0.731107	-0.930811	-0.362174	1.061014	-0.823406
-1.342188	0.449301	-0.711732	-1.459239	-0.797365	0.384288	-0.243424	1.164181	-0.884256	0.352349	-0.795584	-1.004159	-1.338787	-1.580386	-0.305147	-0.599815	0.128730	0.883763	-0.575731	-0.209445	-0.056193	0.041231	-0.277986	0.674233	-0.688352	-0.564169	-0.769137	-0.414377	-0.631779	0.146191	-1.242223	-1.613759	-2.125238	-1.853614	-1.331473	-1.460476	-1.509367	-1.479557	0.116244	0.600818	-0.199729	0.867844	-0.542174	-0.360877	-1.314518	-1.104855	-0.346726	0.049858	0.852979	-0.183119	-1.189321	-0.880381	-0.411025	0.545758	-0.047802	0.689716	-1.127384	-1.005327	0.433322	0.513027	-0.397750	-0.045633	-0.318392	0.072384	-0.961812	-0.173237	-0.545359	-0.680004	-0.339466	0.084852	-1.142939	-1.331764	-0.904703	-0.185671	-0.954671	-0.067522	-0.924515	-1.189954	-1.254840	-1.216129	-1.893262	-0.658274	-2.003267	-1.240355	-0.918904	-1.534979	-1.178967	-1.089828	0.199997	-1.618551	-0.509151	-1.113733	0.053095	0.320941	-1.802045	-1.007115	-0.407313	-0.020818	-0.007989	-1.199220	-0.145759	-1.509196	0.049305	0.079192	0.262100	-0.737143	-1.620967	0.106923	0.857311	0.191798
-1.007642	0.556216	-0.151083	0.006365	-0.300895	1.010083	-0.116690	0.871823	-0.376685	-0.383326	0.459683	-0.878651	0.446464	0.062789	0.236211	-0.350198	0.651783	1.601402	0.416816	0.330267	-0.255743	0.869873	-0.279464	0.159510	-0.302248	-0.042797	-1.453410	-0.041571	0.048676	1.947210	-0.444316	0.074397	-0.622715	-0.109719	-0.379060	-0.794294	-0.954179	-0.884093	0.196488	-0.166606	-0.218088	-0.079480	0.112273	0.136338	-0.466604	-0.449794	1.452746	2.293213	0.621209	0.616401	-0.310125	0.096103	-0.036425	0.812494	0.678409	0.840034	-0.231982	-0.235710	1.075248	0.534659	-0.055858	0.019994	1.271044	2.220810	-0.223630	-0.226345	-0.146679	-1.213216	0.127524	1.155079	-0.337380	0.566033	0.288000	0.463943	0.114760	1.231841	-0.266556	0.411218	-1.013694	-0.141936	-1.423049	-0.591110	-0.343712	0.434036	-0.540599	-0.142339	-0.777604	0.929033	1.200732	-0.228357	-0.157987	0.214839	1.260929	1.387830	-1.253673	-0.678224	0.998800	0.729486	0.589993	0.717375	-0.468665	-0.382693	0.376521	1.617046	1.624277	0.435506	-1.600208	1.018134	0.549065	1.262092
0.512298	0.774803	-0.002056	1.182444	0.953518	1.191323	0.471177	0.188989	1.307881	-0.662817	1.298677	-0.344963	2.065730	1.637384	1.430741	0.659072	1.556203	1.831332	1.823071	1.169496	0.795782	1.598833	0.448897	-0.030605	0.101541	0.393171	-1.387967	0.395488	0.223147	2.061465	0.860296	1.987345	1.477937	2.101387	0.746485	0.245423	-0.109150	-0.479468	0.902040	-0.758936	0.637522	-0.253177	0.978784	0.559243	0.595448	0.890054	2.587534	3.459589	0.493266	2.473603	0.238426	0.423825	0.793563	1.617883	1.368703	0.875505	0.933388	0.721796	1.677049	0.735247	0.761567	0.652800	2.004803	3.228865	1.142368	0.323837	0.390672	-0.316875	0.922305	1.663406	1.165087	2.582871	1.700415	0.632571	1.602832	2.300490	0.517016	1.587522	0.013400	1.248057	-0.192143	-0.850377	0.857155	1.864078	-0.135723	0.873819	0.649349	2.276814	1.978114	1.845909	0.545322	1.497113	1.623637	1.378581	0.432474	0.590680	1.872914	1.758477	1.407098	2.452649	0.018387	0.750209	0.954579	2.266373	2.431923	1.403102	-0.906189	1.400441	0.146284	0.947935
1.629786	0.308849	-0.222221	1.281119	1.808267	0.775645	0.676773	-0.777036	2.079501	-0.909110	1.103111	-0.294436	2.133720	1.971555	2.055020	1.355503	1.792738	0.979330	2.396963	1.557361	1.711698	1.372521	1.120021	-0.284681	0.295211	0.394511	-0.908933	0.333279	-0.113377	0.524799	1.640118	2.492605	2.291433	2.570745	1.469141	0.818074	0.349982	-0.113584	1.430712	-1.137490	1.467451	-0.002331	1.255843	0.304122	1.121202	1.881735	2.081864	2.605257	0.780666	3.588543	0.850086	0.430576	1.173563	2.132300	1.215559	0.277329	1.635441	1.183445	1.264016	0.350971	0.905887	0.865237	1.354306	2.450719	1.802306	0.664396	0.220213	0.962780	0.972632	0.790049	1.818898	3.170997	2.177559	-0.222711	2.020752	2.308298	0.832701	1.487097	0.846429	1.868835	0.850328	-1.050069	0.779679	2.113035	0.289044	1.173272	2.016613	1.977244	1.686765	2.886890	0.794349	1.791387	0.636076	0.531576	1.460744	1.588707	1.685235	2.282107	1.624720	2.760465	0.710302	1.031201	1.072826	1.341953	2.014371	1.183508	-0.291019	0.700718	-0.361025	-0.430286
1.045273	-0.905480	-0.328270	0.540308	1.403461	0.000266	-0.031446	-1.648575	0.888220	-1.403281	0.172267	-1.133963	1.085728	1.225550	1.126381	0.792352	0.976561	-0.340040	1.772156	1.131036	1.143815	0.012030	0.966806	-0.947346	0.060837	0.032092	-0.486031	-0.335622	-0.552492	-0.706177	1.102407	1.217705	1.445338	1.203859	1.387419	0.485197	0.207556	0.284379	0.965327	-1.446057	1.291580	-0.128980	0.573047	-0.628368	0.815191	1.664484	0.362320	0.365885	1.089038	2.656891	1.502664	0.634071	0.778669	1.811246	0.266772	-0.778546	1.394373	0.915744	-0.344771	-0.836217	-0.213833	-0.056686	0.027957	0.760426	0.954632	0.138886	-0.396881	1.484408	0.075302	-0.517650	0.732053	1.807972	1.449237	-1.401251	0.818752	1.328317	0.278987	0.393111	0.476367	1.153764	1.089986	-0.921461	-0.022833	1.387298	0.699436	1.068166	2.060252	0.541002	0.512303	2.147886	0.424750	1.230777	-0.921086	-0.420559	0.657807	1.239865	0.554376	1.814226	0.870096	1.406411	0.852517	0.615320	0.638944	-0.464509	0.641841	-0.012848	-0.151339	-0.309956	-0.822670	-1.380476
-0.572261	-1.825228	-0.210363	-0.529833	0.310186	-0.669994	-0.921833	-1.723797	-0.840440	-1.740435	-0.552298	-2.098371	0.434272	0.543460	-0.605246	-0.676572	-0.171243	-0.782764	0.728927	0.349361	-0.387512	-1.496030	0.219828	-1.562980	-0.531044	-0.399853	-0.262931	-1.383602	-0.614945	-0.135688	-0.186106	-0.475227	0.261097	-0.068057	0.642665	-0.302348	-0.142976	0.230986	-0.123506	-1.517152	0.314800	-0.548950	-0.404617	-1.299666	0.099329	0.518535	-0.897067	-1.572415	1.020408	0.486201	1.377340	0.696724	0.068869	0.946450	-0.537828	-1.371202	0.328802	0.086443	-1.803829	-1.784150	-1.485230	-1.279513	-0.587888	-0.305649	-0.527954	-0.861674	-0.283482	1.027205	-0.610337	-0.564442	-0.930747	-0.191520	0.267536	-1.750182	-0.804059	0.329167	-0.650684	-0.632387	-0.713875	-0.236941	0.613338	-0.749842	-0.564966	0.499950	0.755721	0.693193	0.669777	-0.807253	-0.344575	0.563724	0.006449	0.663398	-1.390301	-0.768413	-1.009793	0.009521	-0.663132	0.666548	-0.475905	-0.502215	0.602485	0.470442	0.187987	-1.749608	-0.962570	-1.286503	-0.111432	-0.348348	-0.833867	-1.085244
-1.489631	-1.499803	-0.221150	-1.516085	-0.285375	-0.953558	-0.931718	-0.745067	-1.123388	-1.473604	-0.477692	-1.942270	0.731851	0.540329	-1.430084	-1.732282	-0.712250	-0.044656	-0.011536	-0.137566	-1.221971	-1.796119	-0.344913	-1.448863	-1.030301	-0.672120	-0.276884	-2.331941	-0.144362	1.482271	-0.844480	-0.984405	-0.059734	0.116871	-0.097405	-0.677608	-0.254046	-0.538283	-0.818087	-1.065640	-0.479621	-0.553065	-0.675416	-0.798260	-0.283726	-0.463986	-0.545039	-1.889165	0.513573	-1.015890	-0.002638	-0.064860	-0.241615	0.225014	-0.548661	-0.945698	-0.928240	-0.906702	-1.710081	-1.414021	-1.415220	-1.431126	0.135180	-0.021231	-1.107867	-1.333166	0.979466	0.173981	-0.060246	0.903247	-1.222617	-0.965810	-0.493106	-1.161487	-1.129343	0.117106	-0.876747	-0.729222	-1.261045	-0.961638	-0.127285	-0.865671	-0.582401	-0.064974	0.208742	-0.047904	-1.118456	-1.298459	-0.099275	-0.415656	0.034008	0.584217	-0.046576	-0.231906	-1.607102	-0.683163	-1.064226	-0.466029	-1.613909	-1.452292	0.576364	1.034410	0.066423	-1.741061	-2.156914	-1.933215	0.134819	0.662887	-0.164071	-0.120369
-1.022392	-0.311886	-0.517301	-1.833790	-0.072738	-0.959915	-0.082773	0.509023	0.074482	-0.797389	0.048971	-0.391175	1.012015	0.644434	-0.701358	-1.477271	-0.458760	0.610026	-0.528033	-0.289436	-0.663702	-0.640582	-0.406485	-0.693165	-1.003205	-0.708259	-0.625009	-2.455249	0.510283	2.061034	-0.445647	-0.216402	0.213039	0.998443	-0.275295	-0.355864	-0.174510	-1.359200	-0.746124	-0.228387	-0.598854	0.005043	-0.081728	0.532702	-0.092038	-0.649481	0.713315	-0.662284	-0.289129	-0.964048	-1.746930	-1.454424	0.146511	0.017879	-0.071140	-0.040892	-1.618946	-1.498108	-0.328741	-0.095954	-0.058609	-0.422061	1.308120	0.886244	-0.395932	-0.863345	2.169292	-0.546539	1.194253	2.140125	0.102534	-0.156480	-0.612550	-0.678802	0.070796	0.427449	-0.077657	0.032145	-0.471394	-0.444877	-0.722359	-1.080796	-0.472666	-0.391753	-0.599536	-0.894371	-2.143158	-0.891144	0.642633	-0.362097	0.332403	0.681065	1.843013	0.835426	-0.564472	-0.249994	-0.536696	-1.217868	-1.953882	-0.878394	0.778691	1.521977	0.033784	-0.813320	-2.552329	-1.768796	0.212725	1.333735	0.758333	0.502582
-0.015748	0.496514	-0.827883	-1.046042	0.286933	-0.950002	0.682769	0.956983	1.068484	-0.211256	0.206978	1.351771	0.286099	0.053591	0.545063	-0.239266	0.111497	0.025423	-1.034594	-0.544159	0.393052	0.752568	-0.227717	-0.029571	-0.463361	-0.510650	-1.138641	-1.284651	0.807083	0.647198	-0.032370	0.468516	0.046858	1.008754	-0.087640	0.027072	-0.283295	-1.355532	-0.354674	0.462495	-0.321909	0.565287	0.592153	1.330563	0.105037	-0.485901	1.157340	0.805655	-1.049547	-0.034975	-2.368294	-2.379425	0.904280	0.187741	0.314791	0.444470	-1.339549	-1.210517	0.907749	0.850803	1.211374	0.620953	1.422296	1.025838	0.570190	-0.027471	1.729869	-1.082681	1.735415	1.376645	1.200562	0.771100	-0.429163	-0.926189	1.220530	0.281664	0.688335	0.728370	0.651617	0.414611	-0.986806	-0.992442	-0.477325	-0.709883	-1.043615	-1.279065	-1.947668	0.134071	0.669285	-0.051827	0.317866	0.290462	2.298674	1.584627	0.794247	0.448239	0.249272	-1.622812	-1.444394	0.435410	0.654658	0.910017	-0.208678	0.207173	-2.036855	-0.951739	-0.187865	0.548539	1.133759	0.476325
0.534145	0.380601	-0.956701	0.257786	0.290512	-0.962708	0.809397	0.502948	0.757074	0.145256	-0.301225	1.791764	-1.096989	-1.119399	0.935814	0.898203	0.507130	-1.232872	-1.254879	-1.037783	0.826620	1.042743	-0.050858	0.155607	0.230293	-0.156918	-1.274464	0.630419	0.579242	-1.508455	-0.495741	-0.016132	-0.808865	-0.143743	-0.234664	-0.271987	-0.646596	-0.641225	-0.039699	0.653534	0.035183	0.777029	0.671323	0.795750	-0.344739	-0.754264	0.111690	1.152095	-1.259158	0.721450	-1.519093	-2.114229	1.416848	0.364730	0.497163	0.350382	-0.391564	-0.178799	1.297536	0.907696	1.553572	1.004500	0.016296	-0.200553	0.706531	0.413078	-0.254610	-1.448033	1.055945	-0.952993	0.456346	0.345192	-0.304247	-1.128042	0.820458	-0.778980	0.215139	0.435958	0.701099	0.262877	-1.013414	-0.636373	-0.420288	-1.076545	-1.035321	-1.120954	-0.939859	1.278363	-0.381305	-0.366883	-0.303263	-0.875565	0.855089	1.250732	1.016286	0.371314	0.619470	-1.652677	-0.385376	1.259961	0.105012	-0.605311	-0.433765	0.855943	-0.842288	0.210393	-0.506295	-1.045325	0.660321	0.218494
0.553270	0.031215	-1.018344	0.694263	0.141050	-0.761040	0.573336	0.088001	-0.234989	0.425542	-0.862758	0.739517	-1.899574	-1.924370	0.221847	1.128207	0.498944	-1.618386	-0.981855	-1.311418	0.552862	0.199099	0.136983	0.187839	0.796487	0.163338	-0.697803	1.882567	0.215626	-2.460504	-1.089104	-1.166720	-1.504280	-1.296863	-0.897093	-1.051415	-0.811125	-0.138275	0.250022	0.462731	0.428655	0.832623	0.347824	-0.336471	-1.175964	-1.427343	-1.287705	0.148604	-0.652034	0.883693	-0.344141	-1.048453	1.308634	0.293536	0.557988	0.173920	0.366390	0.736059	1.383956	0.777830	1.379385	1.110849	-1.743541	-1.906067	0.035483	0.350440	-1.973578	-1.365233	0.027123	-2.504034	-1.419436	-1.142600	-0.328979	-0.277003	-0.732620	-2.061195	-1.160647	-0.766814	-0.300383	-1.004585	-1.058326	-0.394623	-0.133865	-1.391293	-1.096860	-1.012957	0.011700	1.794857	-1.690972	-1.293444	-1.106728	-2.296714	-0.986495	-0.126479	0.210360	-0.300650	0.477856	-1.086519	0.899946	1.093833	-0.190119	-1.602582	-0.173558	1.067166	0.521253	1.357609	-0.078764	-1.794420	-0.131999	0.133798
0.474661	0.275442	-1.010284	-0.303023	0.124778	-0.169175	0.283171	0.365647	-0.759301	0.563592	-0.672090	-0.562012	-1.389029	-1.573769	-0.720442	0.504239	0.071476	-0.667598	-0.690351	-0.869271	0.217647	-0.689582	0.261561	0.430321	1.144775	0.283820	0.225135	1.526666	0.198334	-1.725849	-0.370667	-1.519736	-1.195613	-1.369040	-1.277923	-1.232459	-0.385814	-0.215494	0.500097	0.177896	0.640636	0.810316	0.240381	-0.662662	-1.271138	-1.562127	-1.496320	-1.138905	0.408401	0.567175	0.078788	-0.012202	0.696488	0.055441	0.312552	0.136208	0.277070	0.720306	1.611025	1.021460	1.243037	1.327179	-2.245740	-2.542887	-0.621948	0.230006	-1.881407	-0.719913	-0.411494	-1.679594	-2.160384	-1.974230	-0.374276	1.180329	-1.629344	-2.429829	-1.705995	-1.658115	-0.901166	-1.903038	-1.206382	-0.314609	0.288539	-1.439464	-1.459653	-1.329480	0.320404	1.256879	-2.227921	-2.012287	-1.244607	-2.881566	-1.541291	-1.557318	-0.301895	-0.440626	0.154606	0.043838	2.085177	0.404424	0.319067	-0.998454	0.528375	0.841152	1.552228	2.166875	0.574335	-1.037648	-0.568651	0.231279
0.389365	0.914223	-0.644169	-1.661528	0.058048	0.584986	-0.206798	0.834218	-0.646245	0.281461	0.255178	-0.928629	0.012846	-0.222248	-1.011912	-0.305423	-0.532071	0.463119	-0.909436	0.162482	0.152937	-0.830491	0.063219	0.679354	1.158428	0.245105	0.830881	0.049575	0.504484	-0.510722	1.570956	-0.452649	-0.064838	-0.477369	-0.571872	-0.181967	0.332486	-0.238301	0.338383	-0.091455	0.237563	0.377189	0.488297	0.238147	0.012852	-0.445166	-0.330849	-1.490972	1.186991	0.035607	0.011811	0.637573	0.012022	0.000997	-0.310623	-0.070415	-0.425061	-0.079563	1.428677	1.115264	0.926572	1.238606	-1.087673	-1.477752	-0.716252	0.357202	-0.330630	-0.109324	-0.358599	0.472019	-0.656600	-1.028634	-0.278962	1.640581	-0.859906	-1.486681	-0.366728	-1.074352	-0.048587	-1.036983	-1.166649	-0.024044	0.656008	-1.008104	-1.569725	-1.623707	0.166157	0.118573	-1.735933	-1.859770	-0.379502	-1.973984	-0.672532	-1.921137	0.305587	0.497883	-0.094779	1.148061	2.676020	-0.115848	1.209181	0.686968	1.066718	0.251104	1.958046	2.364681	0.261069	0.212498	-0.641382	0.343647
0.052907	1.028225	0.115221	-1.955992	-0.296501	0.975309	-0.905389	0.615169	-0.505344	-0.356555	1.048695	-0.496915	1.213973	1.104476	-0.614259	-0.698409	-0.877140	0.592751	-1.285478	1.075651	0.070493	-0.539566	-0.445371	0.500950	0.698387	0.183885	0.894984	-1.239505	0.605571	0.001019	2.802797	1.009311	0.877630	0.439630	0.752236	1.251943	0.593127	0.264384	-0.381773	-0.356585	-0.685086	-0.506244	0.601646	1.325959	1.770955	1.306046	0.978433	-0.831854	1.254306	-0.382893	0.277228	0.931644	-0.380600	0.327569	-0.756265	-0.548148	-0.853902	-0.689692	0.240328	0.330034	0.047350	0.357766	0.574603	0.325792	-0.418898	0.577516	1.028136	-0.313522	-0.424868	1.502667	1.644052	0.830553	-0.044456	0.331053	0.579917	0.093516	1.718054	0.616693	1.514828	1.027248	-0.574634	0.555684	0.798404	-0.224635	-0.869383	-1.311263	0.128137	-0.791858	-0.780348	-1.037353	0.697859	-0.230405	0.440812	-1.052178	1.373293	1.652067	-0.299281	1.491965	2.180821	-0.291143	1.494944	1.878328	1.063133	-0.403499	1.588483	1.714478	-0.988860	0.614745	-0.832905	0.378483
-0.496864	0.264096	0.776796	-1.059214	-0.617415	0.703885	-1.202101	-0.262113	-0.516304	-0.755720	1.055726	-0.234446	1.374076	1.359811	-0.107165	-0.557892	-0.741374	-0.068662	-0.962587	1.278027	-0.344732	-0.568864	-0.749495	-0.037703	-0.059262	0.065684	0.656942	-1.527176	0.145367	-0.053365	1.843434	1.363130	0.858778	0.686380	1.249590	1.505381	0.130553	0.705534	-1.062365	-0.525651	-1.229122	-1.108921	0.178473	1.305322	2.261846	2.116546	1.290917	-0.133355	0.788101	-0.436807	0.773560	0.777217	-0.415435	0.720339	-0.379373	-0.790815	-0.458868	-0.433561	-1.334234	-0.968597	-0.997797	-0.878543	1.286828	1.296917	-0.118133	0.629638	1.148980	-1.135833	-0.594587	0.486428	2.330317	1.645614	0.127196	-1.621443	0.974658	1.264327	2.319114	1.671141	2.000557	2.118515	0.488582	0.916783	0.583757	0.355673	0.278979	-0.541276	0.371633	-1.175546	-0.048327	-0.232766	0.794433	0.927629	0.832032	0.132475	1.511533	1.656096	-0.524894	0.902666	0.661359	-0.409752	0.780595	1.643788	0.786740	-0.800344	0.448283	0.249086	-1.604864	0.048076	-1.189242	0.366046
-0.777337	-0.640188	0.967911	0.003351	-0.303498	0.063062	-0.511845	-0.861190	-0.161026	-0.382488	0.661455	-0.463584	0.544526	0.452401	0.103967	-0.136162	-0.377911	-0.454017	0.169424	0.903405	-0.855193	-0.962808	-0.392594	-0.331467	-0.536074	-0.220762	0.288326	-0.946901	-0.524635	0.190276	-0.419868	0.356466	0.100657	0.329835	0.293059	0.197728	-0.339659	0.336367	-0.891661	-0.417506	-0.668955	-0.714928	-0.517409	0.074272	0.832751	1.092612	0.702523	-0.038204	0.207641	-0.274517	0.656774	0.150119	-0.273592	0.592950	0.543091	-0.391637	0.412413	0.316702	-1.880165	-1.540203	-1.296149	-1.434780	0.748424	0.856499	0.151578	0.540188	0.522942	-1.382091	-0.228165	-0.981711	0.771970	0.593726	0.062913	-2.348414	-0.001969	1.468156	0.725598	0.958878	0.642010	0.940925	1.464865	0.707255	0.121519	0.315801	0.946841	0.110908	0.485023	-1.199297	0.262954	0.276232	-0.225217	0.894657	0.630809	0.670198	0.215429	0.225057	-0.579147	-0.094649	-1.039328	-0.638528	-0.265546	0.594049	0.536612	-0.900416	-1.011796	-1.397742	-0.568079	-0.435100	-0.989643	0.451930
-0.433048	-0.772398	0.998821	0.474794	0.626327	-0.344495	0.801927	-0.572541	0.785598	0.589692	0.698423	-0.430279	-0.440097	-0.645220	0.135190	0.251787	-0.209765	-0.067402	1.214352	0.643531	-0.834272	-0.982802	0.359749	-0.014679	-0.285665	-0.482428	-0.213871	-0.106202	-0.750145	0.952845	-1.778964	-0.808271	-0.498699	-0.144172	-0.977534	-1.229624	0.133758	-0.429488	0.149977	0.011668	0.520586	0.311233	-0.870533	-1.230987	-1.222985	-0.920529	0.140255	-0.096423	-0.334631	-0.379797	-0.159180	-0.393301	-0.204707	-0.257022	0.935020	0.211256	1.005438	0.666033	-0.860115	-0.750907	-0.535706	-0.892204	-0.086747	-0.148485	0.546084	0.456689	0.303115	-0.353322	0.834268	-0.865293	-1.225663	-1.073341	-0.147804	-1.160455	-1.016617	0.902609	-1.313549	-0.592653	-1.339791	-1.289012	1.878882	0.372348	-0.115395	-0.074894	0.778748	0.503059	0.181058	-0.884734	0.416366	0.740257	-1.147231	0.437246	0.522023	0.516226	-1.434345	-1.444209	-0.173044	-0.840319	-1.893832	-0.764778	-0.655154	0.064925	0.030863	-0.831375	-1.886425	-2.208166	1.046791	0.034753	0.339423	0.696983
0.219970	-0.189432	1.300825	0.567877	1.232608	-0.251758	1.572979	0.108324	1.542886	1.406874	1.157315	0.500673	-0.799481	-0.919870	0.216788	0.351691	-0.358314	0.621170	1.356145	0.894913	-0.060766	-0.225564	0.704103	0.456938	0.378893	-0.300070	-0.622975	0.384317	-0.474218	1.509713	-1.309800	-0.951347	-0.377724	-0.426841	-1.005010	-1.159403	1.439471	-0.425981	1.110780	0.519867	1.053887	0.767811	-0.701690	-1.548017	-2.023162	-2.161433	0.140116	0.331884	-0.980522	-0.973502	-0.641689	-0.087426	-0.386544	-1.350363	0.217123	0.222391	0.970565	0.276684	0.613532	0.592693	0.501951	0.034933	-0.236628	-0.579222	0.853008	0.255663	0.847574	1.109543	1.685820	0.828736	-1.611347	-1.563794	-0.286417	0.882419	-0.855559	0.178562	-1.607959	-1.140926	-2.071057	-2.215673	1.754550	0.598027	0.258499	-0.181140	0.336151	0.926012	-0.219666	-0.213220	0.641971	1.224377	-0.807719	0.473326	0.699744	0.302658	-1.841547	-1.934639	0.537550	-1.094297	-1.555489	-0.578747	-0.183029	0.582655	-1.079629	-0.595163	-1.550889	-1.638358	1.473782	1.113059	2.135768	0.712809
0.427101	0.201299	1.545036	0.880983	0.517761	0.019912	0.947845	0.239044	1.046824	1.470544	1.037925	1.696430	-0.555964	-0.348065	0.225262	0.002170	-0.600182	0.933179	0.734204	1.184617	0.760480	0.605008	0.157140	0.273985	0.557598	0.291031	-0.466559	0.204008	-0.317627	1.125984	-0.169958	-0.211447	0.127731	-0.547045	0.186028	0.239297	2.198101	0.588343	0.979976	0.685820	0.237651	-0.019707	-0.516377	-0.967931	-1.097884	-1.732976	0.331604	0.917037	-1.718738	-1.625777	-0.067713	0.987888	-0.828083	-1.931899	-0.955469	-0.376693	0.510331	-0.331552	0.907175	1.066150	0.665895	0.249449	0.261812	-0.255166	0.522672	-0.286681	1.343110	1.590099	1.202952	2.126784	-0.410057	-0.643399	-0.338792	2.133448	0.119539	-0.234751	-0.079770	-0.274446	-1.111585	-1.069943	1.370030	1.309710	0.902971	0.217399	0.305033	1.425236	-0.294363	0.434945	0.812847	1.346403	0.582291	0.889316	0.622142	0.377657	-0.641274	-1.081612	0.802902	-1.011533	-0.550854	-0.288408	0.345376	1.277476	-2.312765	-0.177106	-0.418346	-0.211608	0.644564	1.592099	2.802849	-0.135933
-0.169135	-0.151988	0.936685	1.535869	-1.368242	0.010609	-0.751098	-0.367250	-0.642284	0.862924	-0.249191	1.840079	-0.326045	0.274837	-0.123402	-0.697031	-0.675524	0.665120	0.067604	0.714461	0.622042	0.499020	-0.909166	-0.655355	-0.227544	0.514449	0.360302	-0.346022	-0.605176	-0.069127	0.128051	0.293275	0.267023	-0.595837	0.975594	1.227798	1.221224	1.415955	-0.272599	0.259646	-1.265302	-1.397199	-0.865546	-0.408535	0.288605	-0.352950	0.100666	0.728436	-2.077872	-1.645646	0.868757	1.698420	-1.311434	-1.626475	-1.490510	-0.696854	-0.066665	-0.516319	-0.372436	0.153018	-0.398699	-0.598753	0.645326	0.138240	-0.536694	-0.883310	0.863295	0.835266	-0.586768	1.442237	0.597217	0.310447	-0.496053	1.882915	0.597163	-0.368314	1.290564	0.577821	0.197048	0.632943	0.809512	1.665872	0.896225	0.732727	0.697323	1.642031	-0.190784	0.633281	0.668314	0.910289	1.780181	0.982357	-0.181573	0.478790	0.848229	-0.030430	0.029782	-0.773143	0.266307	-0.329676	0.054798	0.896349	-2.601777	0.156188	0.380459	0.893791	0.094399	0.751467	1.489284	-1.757982
-1.060141	-0.754866	-0.585549	1.934042	-2.988011	-0.302990	-2.245290	-0.901136	-2.054866	0.198450	-1.808875	0.610550	-0.460757	0.357304	-0.698541	-1.257324	-0.493792	0.106933	-0.197917	-0.505795	-0.503851	-0.432286	-1.588556	-1.383180	-1.354083	-0.315320	1.266512	-0.482914	-0.795283	-1.208799	-0.569634	-0.171938	-0.271803	-0.554165	0.164910	0.597770	-0.978817	0.848519	-1.593725	-0.492212	-2.099274	-2.054049	-1.582788	-0.435165	0.677692	0.572475	-0.556655	-0.394067	-1.502769	-0.829712	0.883815	1.044547	-1.474918	-0.723999	-1.110567	-0.103982	-0.641244	-0.298058	-1.941006	-1.204779	-1.826472	-1.752400	0.490071	0.121890	-1.504944	-0.778875	-0.407571	-0.043557	-2.239947	-0.620329	0.189969	0.162625	-0.787990	0.769570	0.028045	-0.625374	0.926042	0.146813	0.430114	1.066944	-0.005603	1.029146	-0.263333	0.867399	0.931281	1.300395	-0.292438	0.536966	0.265499	0.290661	1.901053	0.574441	-1.291503	0.322294	1.017100	0.042766	-1.325674	-0.449292	0.305355	-0.805289	-0.907837	-0.603283	-1.561823	0.032045	0.160563	0.844518	0.614481	-0.678477	-0.750050	-2.898280
-1.423692	-0.791288	-1.966976	1.326771	-2.946059	-0.538358	-2.382468	-0.541491	-1.778583	0.043998	-2.157998	-0.732483	-0.696545	0.041976	-0.919422	-1.093619	-0.108088	-0.291069	-0.117626	-1.437493	-1.425996	-0.910575	-1.241581	-0.927698	-1.722743	-1.723478	1.529405	0.134186	-0.289894	-1.532708	-1.343090	-1.195414	-1.137207	-0.451287	-1.546592	-0.976630	-2.584267	-0.841661	-1.834842	-0.880790	-1.524729	-1.320655	-1.871399	-0.674749	-0.125695	0.349519	-1.067847	-1.456691	-0.136729	0.257400	-0.263707	-0.610318	-1.084533	0.091765	-0.540334	0.857751	-1.167321	-0.255763	-2.211349	-1.617733	-2.324459	-2.085997	0.112719	-0.053221	-1.427030	0.247553	-1.281542	-0.050714	-2.219413	-1.981022	-0.975719	-0.721425	-0.896768	-0.100865	-0.785610	-1.223625	-0.627410	-1.084196	-0.375346	0.076268	-0.928474	-0.326932	-1.923301	0.462480	0.524120	0.505406	-0.386175	0.563762	-0.002016	-0.121404	1.143795	0.111652	-1.687656	0.076619	-0.372728	-0.939398	-2.026296	-0.183873	-0.492911	-1.306570	-1.437944	-1.742795	-0.091883	-0.499190	-0.711229	-0.225985	1.166750	-1.119582	-1.899221	-2.289916
-1.060414	-0.219691	-2.058774	-0.197956	-1.318839	-0.415895	-1.098457	0.578613	-0.056197	0.460432	-0.991758	-0.688039	-0.686572	-0.220888	-0.453277	-0.109885	0.349313	-0.274595	0.081262	-1.168216	-1.141587	-0.025080	-0.026316	0.540685	-0.971942	-2.272459	1.092931	0.822756	0.588993	-1.037892	-1.512445	-1.728675	-1.754544	-0.463506	-2.400432	-1.835879	-2.364852	-2.161593	-0.847208	-0.402259	-0.042041	0.297677	-1.190968	-0.404349	-1.171656	-0.548981	-1.032090	-1.467155	1.002889	0.749260	-1.440220	-1.786546	-0.311584	0.283883	-0.557131	1.066924	-1.474784	-0.688414	-0.959124	-0.692706	-1.423993	-1.193371	-0.065088	0.005591	-0.358033	1.289274	-0.922558	0.554105	-0.507091	-1.404832	-1.442955	-1.205936	-0.448153	-0.238879	-0.792514	-1.788145	-1.633194	-1.708008	-1.088401	-1.080023	-1.494039	-1.458418	-2.723248	-0.270590	-0.379453	-0.399236	0.154686	0.595062	0.077366	-0.449401	0.257544	-0.092245	-0.916457	0.057207	-2.042753	-2.032480	-1.402265	-0.239536	-1.606769	-1.363804	-0.742255	-1.164286	0.548520	-0.870628	-1.395517	-1.428157	0.572097	0.093895	-1.128122	-0.198312
-0.476769	0.268263	-0.738741	-1.394305	0.501640	-0.005586	0.651929	1.564648	1.501468	1.008817	0.565002	0.823787	-0.517579	-0.267596	0.278957	1.095094	0.672172	0.017509	0.223385	-0.051581	-0.121512	1.613839	1.269024	1.851509	0.250749	-1.073157	0.606238	0.749593	1.026738	-0.339390	-1.100330	-1.159536	-1.728432	-0.675826	-1.576766	-1.182657	-0.756390	-1.938044	0.497275	0.727338	1.210871	1.710376	0.105721	0.476225	-1.539339	-1.174654	-0.651655	-0.598096	0.947526	0.231442	-1.414205	-1.386662	0.292460	-0.189921	-1.097918	0.219438	-1.274915	-1.096608	0.573206	0.678388	0.124223	0.294959	-0.150773	0.132701	0.703587	1.260259	0.203896	0.780763	1.308196	0.223913	-0.761612	-0.843891	0.530131	0.028563	0.035948	-1.677339	-1.249544	-1.207163	-0.965226	-1.428920	-1.300909	-1.540004	-1.816023	-0.916524	-1.103540	-1.005253	1.280645	0.086356	0.207688	-0.936980	-0.350607	-0.181116	0.305777	0.228908	-2.543498	-2.218343	-0.101027	-0.657247	-2.185863	-0.960731	0.623971	0.571519	0.108795	-0.552234	-1.437613	-1.889560	-0.608293	1.762285	0.379584	1.706306
-0.068001	0.229956	1.110522	-1.017640	1.335125	0.479136	1.846295	1.713449	1.740592	1.133385	1.432760	2.376323	-0.472274	-0.259643	0.544057	1.735380	0.633822	0.211883	0.184008	0.620316	0.340444	2.496172	1.861748	2.129284	1.135944	1.071675	0.639989	0.223132	0.882629	0.057093	-0.375009	0.114880	-0.939089	-0.879345	0.058833	0.252531	0.941794	-0.345679	1.292935	1.704841	1.543108	2.138547	1.104308	1.197552	-1.111918	-1.048561	-0.375864	0.092595	-0.179139	-0.898098	-0.138261	0.199507	0.227325	-0.974598	-1.392765	-0.824494	-0.403715	-0.726251	1.128897	1.360214	1.174633	1.404281	-0.543845	-0.193757	1.018606	0.258168	0.903725	0.226214	1.670571	1.050344	0.188752	-0.220394	1.444618	0.191707	0.738925	-0.746817	-0.213139	-0.282597	-0.313769	-1.158886	-0.387287	-0.516636	0.321274	-1.075171	-1.048695	-0.952806	2.034677	-1.015421	0.019306	-1.318990	-0.817166	-0.380862	0.889304	0.265690	-1.536432	-1.213046	0.757977	-0.999445	-1.715032	-0.469948	1.207281	1.431906	-0.443242	0.407591	-0.910964	-1.435142	-0.725427	1.986408	0.878534	2.136660
0.336333	-0.072089	2.477811	0.608307	1.235873	0.874924	2.149643	1.039966	0.998887	0.608301	1.629650	2.493350	-0.497746	-0.319576	0.162676	1.528982	0.174858	0.111756	-0.044152	0.047899	-0.177188	1.758394	1.502575	1.567274	1.416623	2.343113	0.968244	0.400527	0.751869	0.266662	0.401077	1.086283	0.373041	-0.795131	1.134297	1.180673	1.899434	1.473557	1.358383	1.833048	1.127111	1.505603	1.198854	0.887609	-0.372313	-0.440154	-0.313394	-0.027429	-1.331607	-1.772225	1.353515	1.562516	-0.468238	-1.683001	-0.871510	-1.153315	0.867989	0.423444	0.637279	1.018243	1.217236	1.644047	-1.246917	-1.055703	0.802923	-0.606042	0.523946	-0.488886	0.563753	0.353131	0.442434	-0.042299	1.504840	0.143045	0.484509	0.421825	0.329935	0.355235	0.167864	-0.909952	0.810041	0.849186	2.244113	-0.624072	-0.231969	-0.179594	1.678437	-1.934228	-0.296899	-1.035839	-1.310741	-0.662761	0.626256	0.014504	0.148809	0.432790	0.883714	-0.705489	-0.554398	-0.115450	0.154303	0.299402	-0.098008	1.440372	-0.049673	-0.589662	0.732754	0.245374	-0.050385	1.444223
0.950111	-0.209302	2.908462	1.775840	1.005478	1.084486	1.827948	0.063295	0.293086	-0.217888	1.676426	1.049869	-0.232585	-0.306429	-0.306145	0.829691	-0.437700	-0.115680	-0.249606	-1.169896	-0.846204	-0.041825	0.563991	0.851902	1.248665	1.799390	0.778497	1.580958	0.901732	0.718847	0.842958	1.120017	1.546548	-0.430097	1.255453	1.073599	2.084530	2.507980	1.059645	1.123219	0.527400	0.315282	0.588920	-0.401326	0.203514	0.117850	-0.124263	-0.427360	-1.688659	-1.788187	2.117807	1.770104	-1.234002	-2.123372	0.260006	-0.761345	1.877299	1.470669	-0.084279	0.148068	0.582784	1.181979	-1.681858	-1.775522	0.672125	-0.675197	-0.561571	-0.613572	-0.774808	-0.854103	0.044085	-0.257009	0.474896	0.131709	-0.526031	1.143854	0.151923	0.781892	0.253477	-0.771044	1.799204	1.644717	2.760036	0.172673	0.797012	0.898367	0.521699	-1.831768	-0.149097	-0.019838	-1.635845	-0.815126	0.326020	-0.264493	1.387188	1.773865	0.911728	0.266287	0.375901	0.286232	-1.826774	-1.652490	1.008210	1.978975	0.913000	0.041661	2.385692	-2.021353	-1.334239	0.872505
1.445906	-0.150657	2.515434	1.416822	1.130372	1.127542	1.245693	-0.609857	0.091420	-0.627336	1.607510	-0.699092	0.419099	0.002162	-0.295391	0.137780	-0.774831	-0.225654	-0.186538	-1.659116	-0.887782	-1.534662	-0.272423	0.222886	0.858264	0.347884	-0.338000	2.492158	0.831379	1.400972	0.622349	0.542180	1.840216	-0.063535	1.079654	0.498821	1.764180	2.514789	0.744595	0.237487	0.106099	-0.675289	0.005516	-1.541857	0.453618	0.389567	0.539269	-0.106914	-1.267455	-1.058138	2.124469	1.222381	-1.569195	-2.216818	1.364676	-0.158268	2.137654	1.655836	-0.400636	-0.564102	-0.078298	0.491571	-1.252490	-1.523540	0.828929	-0.403225	-1.491599	-0.306623	-1.321460	-1.183066	-0.211471	-0.178716	-0.891460	0.297460	-1.256375	1.278821	-0.062008	1.293514	0.245076	-0.319160	2.308787	1.628555	1.873850	0.860119	1.509767	1.643723	-0.657114	-0.745728	0.580423	1.045748	-1.506694	-0.693529	0.670601	-0.145757	1.562397	2.050818	1.349068	1.316266	0.519294	0.925128	-3.033611	-2.339751	1.759755	1.877742	1.646309	0.271859	2.555527	-2.946913	-1.782031	0.938745
1.252987	-0.128235	1.618306	0.304804	1.402098	1.122883	0.595816	-0.612244	0.161423	-0.231017	1.062701	-1.388707	1.006228	0.543749	0.064464	-0.363598	-0.664202	-0.247053	0.060837	-0.787260	-0.525681	-1.789718	-0.518698	-0.558801	0.458529	-0.387345	-1.766830	1.743833	0.134604	1.696810	-0.087602	0.140024	1.077325	0.083152	1.178442	0.299593	1.142845	1.819023	0.492889	-0.190459	-0.094390	-0.907852	-0.006203	-1.409941	0.446077	0.461650	1.513117	1.077424	-0.475586	-0.170581	1.887414	0.906493	-1.450208	-1.844759	2.008201	0.428730	1.787959	1.145972	-0.319254	-0.735356	-0.332023	-0.018516	-0.038659	-0.238634	0.984719	-0.445812	-1.657884	-0.430814	-1.072920	-0.373906	0.129271	0.589627	-1.444511	0.403236	-0.904242	1.110959	0.228327	1.607593	0.404351	0.548450	2.265805	1.261207	0.546156	1.085492	1.693046	1.673314	-1.514091	0.395984	1.163088	1.315936	-1.024339	-0.403381	1.299595	0.463559	0.801676	1.181331	1.846821	1.747996	0.136238	1.525504	-2.340253	-1.139244	1.360807	1.375538	1.789388	0.228000	1.070453	-2.046943	-1.200873	1.047431
0.360797	-0.184083	0.506160	-0.250670	1.320280	1.042049	-0.037141	-0.058002	0.161037	0.498010	0.056750	-0.837920	1.036570	0.925644	0.198719	-0.697221	-0.322108	-0.340225	0.127891	0.621057	-0.348658	-1.008153	-0.232634	-1.432770	0.199047	0.041979	-2.431470	-0.389629	-0.689505	1.165184	-0.649511	0.151834	-0.099299	0.074264	1.278295	0.574278	0.373376	0.802422	0.212877	-0.143910	-0.143797	-0.416644	0.428375	-0.128863	0.314548	0.411256	2.076276	2.020227	0.380490	0.446377	1.544125	1.002667	-1.025357	-0.922616	2.058215	0.981162	1.242406	0.596019	-0.108705	-0.387238	-0.165860	-0.194502	1.117044	1.122748	0.821944	-0.687155	-1.044873	-1.260246	-0.555164	0.686432	0.634356	1.482610	-0.836673	0.134530	0.245051	0.772933	0.725837	1.145299	0.573891	1.233792	1.598607	0.885280	-0.363510	0.747447	1.275009	1.006357	-2.045344	0.746406	0.850419	0.562109	-0.537952	-0.240289	1.333299	1.083246	-0.219156	-0.088042	1.675924	1.352325	-0.154575	1.547393	-0.256894	0.629189	0.259224	0.756452	1.241346	0.069399	-0.766384	-0.380452	-0.265102	0.597597
-0.484989	-0.074751	-0.539460	-0.235021	0.641024	0.636019	-0.546257	0.520245	-0.015949	0.682422	-0.838555	-0.050483	0.629409	0.845053	-0.059445	-0.717045	0.003450	-0.381354	-0.095897	1.257082	-0.325479	-0.088504	0.103577	-1.701315	0.032840	0.568899	-1.884074	-2.167405	-0.730029	0.223227	-0.574245	0.069910	-0.757475	0.162046	0.758877	0.609505	-0.386403	-0.302471	-0.172258	-0.071788	-0.090002	0.247296	0.719839	0.997609	0.194419	0.195191	1.580902	1.509181	0.990565	0.841285	0.690882	0.685542	-0.193597	0.362412	1.458834	1.217753	0.571865	0.245629	0.121639	0.174179	0.095928	-0.157547	1.311627	1.398836	0.338144	-0.501639	-0.120824	-1.844157	-0.046505	1.094537	0.582604	1.439270	0.110297	-0.402920	1.116744	0.103747	0.757699	-0.008366	0.410509	1.059566	0.270041	0.257557	-0.734304	0.021881	0.268870	-0.106462	-2.017809	0.417665	-0.101388	-0.597514	-0.085203	-0.358865	0.587261	1.057768	-0.720529	-0.697070	0.692446	0.503207	-0.047121	0.844333	1.592851	1.425078	-0.349548	0.141313	0.314995	-0.003154	-1.621490	0.770042	0.321949	-0.129949
-0.571092	0.341338	-1.209274	-0.551338	-0.363841	-0.148513	-0.801544	0.649153	-0.284190	0.079004	-1.106062	0.037685	0.342436	0.437875	-0.275935	-0.238021	0.290029	-0.080981	-0.274742	0.787191	-0.025164	0.329230	0.104331	-0.861900	-0.185332	0.176570	-0.670011	-2.288772	0.164384	-0.311248	0.019084	-0.478026	-0.522724	0.463938	-0.361938	-0.097592	-0.963402	-1.243717	-0.581354	-0.252630	0.016213	0.559258	0.496724	0.930702	0.177460	-0.137297	0.223801	-0.302249	1.018727	1.206475	-0.747745	-0.534770	1.048220	1.490130	0.354285	0.829948	-0.331293	-0.112909	0.368985	0.579568	0.118536	-0.127559	0.466797	0.402960	-0.186483	0.285628	0.549768	-1.163321	0.461237	0.756133	-0.103052	0.189408	0.427446	-0.734787	1.010701	-0.852241	0.183899	-0.975343	-0.109410	0.116600	-1.343133	-0.807545	-0.860480	-0.690130	-0.945561	-1.240254	-1.183706	0.167814	-0.702356	-1.253661	0.551347	-0.560131	-0.223557	0.289036	-0.399800	-0.237111	-0.442070	-0.207058	0.299821	-0.096723	2.041249	1.047912	0.118888	-0.399245	-0.458833	0.214072	-1.249772	1.003966	0.389029	-0.457500
-0.054050	0.746986	-1.293466	-1.200433	-1.043988	-0.829472	-0.750334	0.340674	-0.461116	-0.656093	-0.805344	-0.418265	0.375569	0.084575	-0.142636	0.436000	0.512199	0.400323	-0.155025	-0.000720	0.487283	0.293783	-0.128767	0.408894	-0.398354	-0.716722	0.279336	-1.161931	1.075252	-0.232860	0.571254	-1.030451	0.123242	0.746323	-1.232577	-0.982149	-1.149459	-1.608583	-0.770067	-0.499871	0.101681	0.440901	0.017187	0.055956	0.235288	-0.333656	-0.955444	-1.834999	0.551334	1.413384	-1.869406	-1.759077	2.000642	1.897011	-0.636221	0.093639	-1.079059	-0.459040	0.516122	0.622721	-0.081488	-0.166159	-0.532688	-0.785399	-0.445360	1.027911	0.677783	0.302435	0.800923	0.190387	-0.735324	-1.150345	0.119056	-0.619866	0.309159	-1.486194	-0.423138	-1.089014	-0.552446	-0.716190	-2.306200	-1.691087	-0.847614	-0.950856	-1.609019	-1.769425	0.002611	0.308278	-0.517231	-1.051417	1.150690	-0.539664	-0.494900	-0.551457	0.275001	0.612740	-0.965228	-0.423325	0.557272	-0.611290	1.314243	0.328571	0.953509	-0.682603	-0.695842	0.582669	-0.413116	0.690722	0.196633	-0.279559
0.292021	0.619530	-0.818245	-1.071718	-0.866071	-0.787979	-0.461841	-0.045357	-0.373899	-0.781824	-0.375373	-0.576346	0.361137	-0.008928	0.095281	0.616017	0.473843	0.446258	0.066680	-0.285454	0.630273	0.184041	-0.199336	0.765496	-0.351679	-0.862148	0.430976	-0.124505	0.975841	-0.064507	0.623532	-0.794650	0.424615	0.635215	-1.005092	-0.966513	-0.793262	-1.063876	-0.527652	-0.486639	0.122154	0.142749	-0.171780	-0.405821	0.245663	-0.156323	-1.011249	-1.611571	0.155368	1.119923	-1.527276	-1.558874	1.688373	1.378156	-0.770896	-0.300248	-0.925885	-0.408791	0.385923	0.333249	-0.183461	-0.146806	-0.702476	-0.889072	-0.325450	0.919984	0.327151	0.979912	0.603749	-0.145488	-0.630935	-1.138383	-0.060737	-0.303167	-0.090947	-1.100019	-0.453999	-0.552243	-0.452818	-0.625113	-1.777657	-1.448989	-0.545730	-0.558033	-1.159796	-1.194098	0.591997	0.404945	-0.089263	-0.370945	1.033870	-0.236884	-0.382666	-0.686490	0.531936	0.824313	-0.683061	-0.187443	0.530427	-0.415374	0.415328	-0.087382	0.974214	-0.523657	-0.360205	0.620251	0.009270	0.255863	0.024010	-0.095143
0.133932	-0.098316	-0.017370	0.239321	0.060755	-0.017783	-0.060104	-0.298566	-0.038702	-0.266744	-0.066869	-0.123124	0.050075	0.085141	0.168487	0.116842	0.122299	-0.140184	0.159766	-0.010895	0.204889	0.185760	0.032247	-0.115534	0.011720	0.076495	-0.052732	0.250303	-0.153103	-0.169035	0.208027	0.299036	0.192872	0.093509	0.238046	0.133553	-0.014182	0.209865	0.075188	-0.176884	0.092659	-0.142485	0.072555	-0.016628	0.157054	0.344609	-0.018749	0.251564	0.132950	0.318551	0.255076	0.196229	0.102467	0.231228	-0.026410	-0.131310	0.198080	0.139043	-0.007496	-0.129259	-0.038530	-0.001154	0.029911	0.199034	0.052283	-0.060740	-0.266586	0.334384	-0.149455	-0.213237	0.174824	0.334395	0.239814	-0.051759	0.101004	0.237652	0.090859	0.137784	0.170942	0.335021	0.046790	-0.047238	0.056955	0.303029	0.189751	0.297820	0.321898	0.145225	0.082737	0.343556	0.060925	0.203187	-0.257396	-0.070315	0.177391	0.194535	0.078256	0.262706	0.269920	0.272380	-0.142388	-0.193292	-0.039763	0.003145	0.310962	0.162384	-0.152037	-0.155681	-0.059992	-0.195455
