subject_id	group	n_timepoints	mean_fd	max_fd	roi_01_voxel_count	roi_01_coverage	roi_01_temporal_sd	roi_01_nan_fraction	roi_02_voxel_count	roi_02_coverage	roi_02_temporal_sd	roi_02_nan_fraction	roi_03_voxel_count	roi_03_coverage	roi_03_temporal_sd	roi_03_nan_fraction	roi_04_voxel_count	roi_04_coverage	roi_04_temporal_sd	roi_04_nan_fraction	roi_05_voxel_count	roi_05_coverage	roi_05_temporal_sd	roi_05_nan_fraction	roi_06_voxel_count	roi_06_coverage	roi_06_temporal_sd	roi_06_nan_fraction	roi_07_voxel_count	roi_07_coverage	roi_07_temporal_sd	roi_07_nan_fraction	roi_08_voxel_count	roi_08_coverage	roi_08_temporal_sd	roi_08_nan_fraction	roi_09_voxel_count	roi_09_coverage	roi_09_temporal_sd	roi_09_nan_fraction	roi_10_voxel_count	roi_10_coverage	roi_10_temporal_sd	roi_10_nan_fraction	roi_11_voxel_count	roi_11_coverage	roi_11_temporal_sd	roi_11_nan_fraction	roi_12_voxel_count	roi_12_coverage	roi_12_temporal_sd	roi_12_nan_fraction	roi_13_voxel_count	roi_13_coverage	roi_13_temporal_sd	roi_13_nan_fraction	roi_14_voxel_count	roi_14_coverage	roi_14_temporal_sd	roi_14_nan_fraction	roi_15_voxel_count	roi_15_coverage	roi_15_temporal_sd	roi_15_nan_fraction	roi_16_voxel_count	roi_16_coverage	roi_16_temporal_sd	roi_16_nan_fraction	roi_17_voxel_count	roi_17_coverage	roi_17_temporal_sd	roi_17_nan_fraction	roi_18_voxel_count	roi_18_coverage	roi_18_temporal_sd	roi_18_nan_fraction	roi_19_voxel_count	roi_19_coverage	roi_19_temporal_sd	roi_19_nan_fraction	roi_20_voxel_count	roi_20_coverage	roi_20_temporal_sd	roi_20_nan_fraction
10159	HC	152	0.15960000	0.62270000	130	0.02260083	0.99999994	0.00000000	175	0.02555491	1.00000000	0.00000000	1020	0.02828933	1.00000000	0.00000000	1096	0.02818930	0.99999976	0.00000000	772	0.02705355	0.99999994	0.00000000	765	0.02693662	1.00000000	0.00000000	268	0.02805695	1.00000012	0.00000000	249	0.02837284	1.00000012	0.00000000	39	0.02903946	0.99999994	0.00000000	41	0.03882576	1.00000012	0.00000000	50	0.02840909	1.00000000	0.00000000	62	0.03125000	0.99999994	0.00000000	37	0.02852737	0.99999976	0.00000000	33	0.02766136	0.99999988	0.00000000	178	0.02805801	1.00000012	0.00000000	204	0.02989449	1.00000024	0.00000000	218	0.02736287	1.00000000	0.00000000	232	0.02729733	1.00000000	0.00000000	253	0.02833781	1.00000000	0.00000000	248	0.02820425	0.99999994	0.00000000
10171	HC	152	0.34460000	2.48490000	130	0.02260083	1.00000012	0.00000000	175	0.02555491	1.00000012	0.00000000	1020	0.02828933	0.99999994	0.00000000	1096	0.02818930	1.00000000	0.00000000	772	0.02705355	1.00000000	0.00000000	765	0.02693662	0.99999988	0.00000000	268	0.02805695	1.00000012	0.00000000	249	0.02837284	0.99999994	0.00000000	39	0.02903946	1.00000012	0.00000000	41	0.03882576	1.00000000	0.00000000	50	0.02840909	1.00000000	0.00000000	62	0.03125000	1.00000000	0.00000000	37	0.02852737	1.00000000	0.00000000	33	0.02766136	1.00000000	0.00000000	178	0.02805801	1.00000012	0.00000000	204	0.02989449	1.00000000	0.00000000	218	0.02736287	1.00000000	0.00000000	232	0.02729733	1.00000012	0.00000000	253	0.02833781	1.00000012	0.00000000	248	0.02820425	0.99999988	0.00000000
10189	HC	152	0.31680000	1.08170000	130	0.02260083	1.00000000	0.00000000	175	0.02555491	0.99999988	0.00000000	1020	0.02828933	1.00000012	0.00000000	1096	0.02818930	1.00000000	0.00000000	772	0.02705355	0.99999988	0.00000000	765	0.02693662	1.00000000	0.00000000	268	0.02805695	0.99999970	0.00000000	249	0.02837284	1.00000000	0.00000000	39	0.02903946	1.00000000	0.00000000	41	0.03882576	1.00000036	0.00000000	50	0.02840909	1.00000000	0.00000000	62	0.03125000	0.99999988	0.00000000	37	0.02852737	1.00000012	0.00000000	33	0.02766136	0.99999988	0.00000000	178	0.02805801	0.99999988	0.00000000	204	0.02989449	1.00000012	0.00000000	218	0.02736287	1.00000000	0.00000000	232	0.02729733	1.00000000	0.00000000	253	0.02833781	1.00000000	0.00000000	248	0.02820425	1.00000000	0.00000000
10206	HC	152	0.11240000	0.34890000	130	0.02260083	1.00000012	0.00000000	175	0.02555491	1.00000012	0.00000000	1020	0.02828933	1.00000000	0.00000000	1096	0.02818930	1.00000000	0.00000000	772	0.02705355	1.00000000	0.00000000	765	0.02693662	1.00000024	0.00000000	268	0.02805695	1.00000000	0.00000000	249	0.02837284	0.99999988	0.00000000	39	0.02903946	0.99999982	0.00000000	41	0.03882576	1.00000000	0.00000000	50	0.02840909	0.99999982	0.00000000	62	0.03125000	1.00000000	0.00000000	37	0.02852737	1.00000000	0.00000000	33	0.02766136	0.99999988	0.00000000	178	0.02805801	0.99999994	0.00000000	204	0.02989449	1.00000012	0.00000000	218	0.02736287	0.99999994	0.00000000	232	0.02729733	0.99999988	0.00000000	253	0.02833781	1.00000000	0.00000000	248	0.02820425	1.00000012	0.00000000
10217	HC	152	0.11450000	0.38820000	130	0.02260083	1.00000000	0.00000000	175	0.02555491	1.00000012	0.00000000	1020	0.02828933	1.00000000	0.00000000	1096	0.02818930	0.99999976	0.00000000	772	0.02705355	0.99999976	0.00000000	765	0.02693662	0.99999982	0.00000000	268	0.02805695	0.99999994	0.00000000	249	0.02837284	0.99999982	0.00000000	39	0.02903946	0.99999994	0.00000000	41	0.03882576	1.00000012	0.00000000	50	0.02840909	1.00000000	0.00000000	62	0.03125000	1.00000000	0.00000000	37	0.02852737	0.99999994	0.00000000	33	0.02766136	1.00000012	0.00000000	178	0.02805801	1.00000012	0.00000000	204	0.02989449	0.99999982	0.00000000	218	0.02736287	0.99999994	0.00000000	232	0.02729733	1.00000012	0.00000000	253	0.02833781	0.99999988	0.00000000	248	0.02820425	0.99999994	0.00000000
10225	HC	152	0.18910000	2.26510000	130	0.02260083	1.00000000	0.00000000	175	0.02555491	1.00000012	0.00000000	1020	0.02828933	0.99999988	0.00000000	1096	0.02818930	1.00000012	0.00000000	772	0.02705355	1.00000012	0.00000000	765	0.02693662	1.00000000	0.00000000	268	0.02805695	1.00000012	0.00000000	249	0.02837284	0.99999988	0.00000000	39	0.02903946	0.99999976	0.00000000	41	0.03882576	1.00000000	0.00000000	50	0.02840909	1.00000000	0.00000000	62	0.03125000	1.00000012	0.00000000	37	0.02852737	1.00000000	0.00000000	33	0.02766136	1.00000000	0.00000000	178	0.02805801	0.99999988	0.00000000	204	0.02989449	1.00000000	0.00000000	218	0.02736287	1.00000000	0.00000000	232	0.02729733	0.99999988	0.00000000	253	0.02833781	1.00000012	0.00000000	248	0.02820425	0.99999982	0.00000000
10227	HC	152	0.09010000	0.70020000	130	0.02260083	1.00000000	0.00000000	175	0.02555491	0.99999982	0.00000000	1020	0.02828933	1.00000012	0.00000000	1096	0.02818930	1.00000012	0.00000000	772	0.02705355	1.00000000	0.00000000	765	0.02693662	0.99999988	0.00000000	268	0.02805695	1.00000012	0.00000000	249	0.02837284	0.99999994	0.00000000	39	0.02903946	1.00000012	0.00000000	41	0.03882576	1.00000012	0.00000000	50	0.02840909	1.00000000	0.00000000	62	0.03125000	1.00000012	0.00000000	37	0.02852737	1.00000000	0.00000000	33	0.02766136	1.00000000	0.00000000	178	0.02805801	1.00000012	0.00000000	204	0.02989449	0.99999988	0.00000000	218	0.02736287	1.00000000	0.00000000	232	0.02729733	1.00000000	0.00000000	253	0.02833781	1.00000000	0.00000000	248	0.02820425	1.00000000	0.00000000
10228	HC	152	0.20770000	2.05970000	130	0.02260083	1.00000012	0.00000000	175	0.02555491	0.99999988	0.00000000	1020	0.02828933	0.99999994	0.00000000	1096	0.02818930	1.00000000	0.00000000	772	0.02705355	0.99999988	0.00000000	765	0.02693662	1.00000000	0.00000000	268	0.02805695	1.00000000	0.00000000	249	0.02837284	0.99999988	0.00000000	39	0.02903946	1.00000000	0.00000000	41	0.03882576	0.99999988	0.00000000	50	0.02840909	1.00000000	0.00000000	62	0.03125000	0.99999994	0.00000000	37	0.02852737	1.00000000	0.00000000	33	0.02766136	1.00000000	0.00000000	178	0.02805801	0.99999988	0.00000000	204	0.02989449	0.99999988	0.00000000	218	0.02736287	1.00000012	0.00000000	232	0.02729733	1.00000012	0.00000000	253	0.02833781	0.99999976	0.00000000	248	0.02820425	1.00000012	0.00000000
10235	HC	152	0.33040000	2.85710000	130	0.02260083	0.99999982	0.00000000	175	0.02555491	1.00000012	0.00000000	1020	0.02828933	1.00000000	0.00000000	1096	0.02818930	1.00000000	0.00000000	772	0.02705355	0.99999976	0.00000000	765	0.02693662	0.99999988	0.00000000	268	0.02805695	1.00000012	0.00000000	249	0.02837284	0.99999994	0.00000000	39	0.02903946	1.00000012	0.00000000	41	0.03882576	1.00000000	0.00000000	50	0.02840909	0.99999994	0.00000000	62	0.03125000	1.00000000	0.00000000	37	0.02852737	0.99999988	0.00000000	33	0.02766136	1.00000000	0.00000000	178	0.02805801	1.00000000	0.00000000	204	0.02989449	1.00000012	0.00000000	218	0.02736287	0.99999988	0.00000000	232	0.02729733	1.00000000	0.00000000	253	0.02833781	1.00000012	0.00000000	248	0.02820425	0.99999994	0.00000000
10249	HC	152	0.16350000	0.80900000	130	0.02260083	1.00000000	0.00000000	175	0.02555491	1.00000000	0.00000000	1020	0.02828933	0.99999982	0.00000000	1096	0.02818930	0.99999976	0.00000000	772	0.02705355	0.99999994	0.00000000	765	0.02693662	0.99999988	0.00000000	268	0.02805695	0.99999988	0.00000000	249	0.02837284	1.00000000	0.00000000	39	0.02903946	1.00000012	0.00000000	41	0.03882576	1.00000012	0.00000000	50	0.02840909	1.00000012	0.00000000	62	0.03125000	0.99999988	0.00000000	37	0.02852737	0.99999988	0.00000000	33	0.02766136	0.99999982	0.00000000	178	0.02805801	0.99999976	0.00000000	204	0.02989449	1.00000012	0.00000000	218	0.02736287	1.00000000	0.00000000	232	0.02729733	1.00000000	0.00000000	253	0.02833781	0.99999988	0.00000000	248	0.02820425	0.99999994	0.00000000
10269	HC	152	0.57930000	9.65570000	170	0.02955494	1.00000012	0.00000000	206	0.03008178	0.99999994	0.00000000	1008	0.02795651	0.99999982	0.00000000	1078	0.02772634	1.00000012	0.00000000	819	0.02870059	1.00000000	0.00000000	818	0.02880282	0.99999994	0.00000000	280	0.02931323	1.00000012	0.00000000	254	0.02894257	0.99999976	0.00000000	28	0.02084885	0.99999988	0.00000000	34	0.03219697	1.00000000	0.00000000	48	0.02727273	1.00000000	0.00000000	57	0.02872984	1.00000012	0.00000000	36	0.02775636	1.00000012	0.00000000	31	0.02598491	1.00000012	0.00000000	173	0.02726986	0.99999994	0.00000000	203	0.02974795	1.00000000	0.00000000	226	0.02836701	1.00000000	0.00000000	235	0.02765031	1.00000000	0.00000000	248	0.02777778	0.99999988	0.00000000	238	0.02706699	1.00000012	0.00000000
10271	HC	152	0.82690000	3.57880000	130	0.02260083	1.00000012	0.00000000	175	0.02555491	1.00000000	0.00000000	1020	0.02828933	1.00000000	0.00000000	1096	0.02818930	1.00000000	0.00000000	772	0.02705355	1.00000000	0.00000000	765	0.02693662	1.00000012	0.00000000	268	0.02805695	0.99999988	0.00000000	249	0.02837284	1.00000012	0.00000000	39	0.02903946	1.00000012	0.00000000	41	0.03882576	1.00000000	0.00000000	50	0.02840909	1.00000000	0.00000000	62	0.03125000	1.00000000	0.00000000	37	0.02852737	1.00000000	0.00000000	33	0.02766136	0.99999988	0.00000000	178	0.02805801	1.00000024	0.00000000	204	0.02989449	0.99999988	0.00000000	218	0.02736287	0.99999994	0.00000000	232	0.02729733	1.00000000	0.00000000	253	0.02833781	1.00000000	0.00000000	248	0.02820425	0.99999994	0.00000000
10273	HC	152	0.09570000	0.24110000	130	0.02260083	1.00000012	0.00000000	175	0.02555491	1.00000000	0.00000000	1020	0.02828933	1.00000000	0.00000000	1096	0.02818930	0.99999988	0.00000000	772	0.02705355	0.99999994	0.00000000	765	0.02693662	0.99999994	0.00000000	268	0.02805695	1.00000012	0.00000000	249	0.02837284	0.99999988	0.00000000	39	0.02903946	0.99999988	0.00000000	41	0.03882576	1.00000000	0.00000000	50	0.02840909	1.00000012	0.00000000	62	0.03125000	1.00000012	0.00000000	37	0.02852737	1.00000012	0.00000000	33	0.02766136	1.00000000	0.00000000	178	0.02805801	1.00000000	0.00000000	204	0.02989449	1.00000024	0.00000000	218	0.02736287	1.00000012	0.00000000	232	0.02729733	1.00000000	0.00000000	253	0.02833781	1.00000000	0.00000000	248	0.02820425	0.99999988	0.00000000
10274	HC	152	0.11850000	0.34670000	130	0.02260083	1.00000000	0.00000000	175	0.02555491	1.00000012	0.00000000	1020	0.02828933	0.99999988	0.00000000	1096	0.02818930	0.99999988	0.00000000	772	0.02705355	1.00000012	0.00000000	765	0.02693662	0.99999982	0.00000000	268	0.02805695	1.00000000	0.00000000	249	0.02837284	1.00000000	0.00000000	39	0.02903946	1.00000012	0.00000000	41	0.03882576	1.00000024	0.00000000	50	0.02840909	1.00000012	0.00000000	62	0.03125000	1.00000000	0.00000000	37	0.02852737	1.00000000	0.00000000	33	0.02766136	0.99999982	0.00000000	178	0.02805801	1.00000000	0.00000000	204	0.02989449	1.00000012	0.00000000	218	0.02736287	1.00000000	0.00000000	232	0.02729733	1.00000012	0.00000000	253	0.02833781	1.00000000	0.00000000	248	0.02820425	1.00000000	0.00000000
10280	HC	152	0.15090000	0.60710000	130	0.02260083	1.00000000	0.00000000	175	0.02555491	1.00000000	0.00000000	1020	0.02828933	1.00000000	0.00000000	1096	0.02818930	0.99999976	0.00000000	772	0.02705355	1.00000000	0.00000000	765	0.02693662	1.00000000	0.00000000	268	0.02805695	1.00000012	0.00000000	249	0.02837284	1.00000000	0.00000000	39	0.02903946	1.00000012	0.00000000	41	0.03882576	0.99999988	0.00000000	50	0.02840909	1.00000000	0.00000000	62	0.03125000	1.00000012	0.00000000	37	0.02852737	1.00000012	0.00000000	33	0.02766136	1.00000000	0.00000000	178	0.02805801	0.99999988	0.00000000	204	0.02989449	1.00000000	0.00000000	218	0.02736287	1.00000012	0.00000000	232	0.02729733	0.99999994	0.00000000	253	0.02833781	1.00000012	0.00000000	248	0.02820425	1.00000012	0.00000000
10290	HC	152	0.28350000	1.68210000	130	0.02260083	0.99999988	0.00000000	175	0.02555491	0.99999988	0.00000000	1020	0.02828933	1.00000012	0.00000000	1096	0.02818930	0.99999976	0.00000000	772	0.02705355	1.00000000	0.00000000	765	0.02693662	0.99999994	0.00000000	268	0.02805695	1.00000012	0.00000000	249	0.02837284	1.00000000	0.00000000	39	0.02903946	0.99999988	0.00000000	41	0.03882576	1.00000012	0.00000000	50	0.02840909	1.00000000	0.00000000	62	0.03125000	0.99999994	0.00000000	37	0.02852737	1.00000000	0.00000000	33	0.02766136	1.00000012	0.00000000	178	0.02805801	1.00000000	0.00000000	204	0.02989449	1.00000000	0.00000000	218	0.02736287	1.00000012	0.00000000	232	0.02729733	1.00000012	0.00000000	253	0.02833781	1.00000012	0.00000000	248	0.02820425	0.99999994	0.00000000
10292	HC	152	0.16160000	0.70870000	130	0.02260083	1.00000000	0.00000000	175	0.02555491	0.99999976	0.00000000	1020	0.02828933	1.00000000	0.00000000	1096	0.02818930	1.00000000	0.00000000	772	0.02705355	1.00000000	0.00000000	765	0.02693662	0.99999988	0.00000000	268	0.02805695	0.99999994	0.00000000	249	0.02837284	0.99999988	0.00000000	39	0.02903946	1.00000000	0.00000000	41	0.03882576	0.99999988	0.00000000	50	0.02840909	1.00000000	0.00000000	62	0.03125000	1.00000000	0.00000000	37	0.02852737	1.00000000	0.00000000	33	0.02766136	0.99999994	0.00000000	178	0.02805801	0.99999988	0.00000000	204	0.02989449	0.99999994	0.00000000	218	0.02736287	1.00000012	0.00000000	232	0.02729733	1.00000000	0.00000000	253	0.02833781	0.99999988	0.00000000	248	0.02820425	0.99999994	0.00000000
10304	HC	152	0.11000000	0.83090000	130	0.02260083	1.00000012	0.00000000	175	0.02555491	0.99999988	0.00000000	1020	0.02828933	1.00000012	0.00000000	1096	0.02818930	1.00000000	0.00000000	772	0.02705355	1.00000012	0.00000000	765	0.02693662	1.00000012	0.00000000	268	0.02805695	1.00000012	0.00000000	249	0.02837284	1.00000012	0.00000000	39	0.02903946	0.99999988	0.00000000	41	0.03882576	0.99999976	0.00000000	50	0.02840909	1.00000000	0.00000000	62	0.03125000	1.00000012	0.00000000	37	0.02852737	1.00000000	0.00000000	33	0.02766136	0.99999994	0.00000000	178	0.02805801	0.99999976	0.00000000	204	0.02989449	1.00000000	0.00000000	218	0.02736287	1.00000012	0.00000000	232	0.02729733	1.00000012	0.00000000	253	0.02833781	0.99999994	0.00000000	248	0.02820425	1.00000012	0.00000000
10316	HC	152	0.36140000	1.67320000	130	0.02260083	1.00000012	0.00000000	175	0.02555491	0.99999976	0.00000000	1020	0.02828933	1.00000024	0.00000000	1096	0.02818930	1.00000012	0.00000000	772	0.02705355	1.00000012	0.00000000	765	0.02693662	1.00000000	0.00000000	268	0.02805695	0.99999988	0.00000000	249	0.02837284	1.00000000	0.00000000	39	0.02903946	1.00000000	0.00000000	41	0.03882576	1.00000000	0.00000000	50	0.02840909	1.00000012	0.00000000	62	0.03125000	1.00000012	0.00000000	37	0.02852737	0.99999982	0.00000000	33	0.02766136	1.00000012	0.00000000	178	0.02805801	1.00000000	0.00000000	204	0.02989449	0.99999988	0.00000000	218	0.02736287	0.99999976	0.00000000	232	0.02729733	1.00000000	0.00000000	253	0.02833781	0.99999976	0.00000000	248	0.02820425	0.99999994	0.00000000
10321	HC	152	0.19700000	0.87820000	130	0.02260083	0.99999988	0.00000000	175	0.02555491	1.00000012	0.00000000	1020	0.02828933	1.00000000	0.00000000	1096	0.02818930	0.99999994	0.00000000	772	0.02705355	0.99999982	0.00000000	765	0.02693662	1.00000000	0.00000000	268	0.02805695	1.00000012	0.00000000	249	0.02837284	0.99999988	0.00000000	39	0.02903946	0.99999994	0.00000000	41	0.03882576	0.99999976	0.00000000	50	0.02840909	1.00000012	0.00000000	62	0.03125000	0.99999982	0.00000000	37	0.02852737	0.99999988	0.00000000	33	0.02766136	1.00000000	0.00000000	178	0.02805801	0.99999988	0.00000000	204	0.02989449	1.00000012	0.00000000	218	0.02736287	1.00000000	0.00000000	232	0.02729733	1.00000012	0.00000000	253	0.02833781	0.99999988	0.00000000	248	0.02820425	0.99999994	0.00000000
10325	HC	152	0.07620000	0.43370000	130	0.02260083	1.00000012	0.00000000	175	0.02555491	0.99999988	0.00000000	1020	0.02828933	0.99999988	0.00000000	1096	0.02818930	0.99999988	0.00000000	772	0.02705355	0.99999988	0.00000000	765	0.02693662	1.00000000	0.00000000	268	0.02805695	1.00000000	0.00000000	249	0.02837284	0.99999988	0.00000000	39	0.02903946	1.00000012	0.00000000	41	0.03882576	0.99999994	0.00000000	50	0.02840909	1.00000000	0.00000000	62	0.03125000	1.00000000	0.00000000	37	0.02852737	1.00000000	0.00000000	33	0.02766136	1.00000012	0.00000000	178	0.02805801	0.99999994	0.00000000	204	0.02989449	1.00000000	0.00000000	218	0.02736287	1.00000012	0.00000000	232	0.02729733	1.00000000	0.00000000	253	0.02833781	1.00000012	0.00000000	248	0.02820425	0.99999988	0.00000000
10329	HC	152	0.16360000	0.84700000	130	0.02260083	1.00000000	0.00000000	175	0.02555491	0.99999994	0.00000000	1020	0.02828933	0.99999976	0.00000000	1096	0.02818930	1.00000000	0.00000000	772	0.02705355	0.99999988	0.00000000	765	0.02693662	1.00000000	0.00000000	268	0.02805695	0.99999988	0.00000000	249	0.02837284	0.99999988	0.00000000	39	0.02903946	1.00000000	0.00000000	41	0.03882576	1.00000000	0.00000000	50	0.02840909	1.00000012	0.00000000	62	0.03125000	0.99999994	0.00000000	37	0.02852737	1.00000000	0.00000000	33	0.02766136	1.00000012	0.00000000	178	0.02805801	0.99999982	0.00000000	204	0.02989449	0.99999994	0.00000000	218	0.02736287	1.00000012	0.00000000	232	0.02729733	1.00000012	0.00000000	253	0.02833781	1.00000000	0.00000000	248	0.02820425	1.00000000	0.00000000
10339	HC	152	0.28980000	5.24360000	130	0.02260083	0.99999988	0.00000000	175	0.02555491	0.99999988	0.00000000	1020	0.02828933	0.99999988	0.00000000	1096	0.02818930	1.00000012	0.00000000	772	0.02705355	1.00000012	0.00000000	765	0.02693662	1.00000012	0.00000000	268	0.02805695	0.99999994	0.00000000	249	0.02837284	0.99999994	0.00000000	39	0.02903946	1.00000000	0.00000000	41	0.03882576	0.99999994	0.00000000	50	0.02840909	0.99999994	0.00000000	62	0.03125000	1.00000012	0.00000000	37	0.02852737	1.00000000	0.00000000	33	0.02766136	1.00000000	0.00000000	178	0.02805801	1.00000000	0.00000000	204	0.02989449	1.00000000	0.00000000	218	0.02736287	0.99999988	0.00000000	232	0.02729733	0.99999976	0.00000000	253	0.02833781	0.99999988	0.00000000	248	0.02820425	1.00000012	0.00000000
10340	HC	152	0.11410000	0.27650000	130	0.02260083	0.99999988	0.00000000	175	0.02555491	1.00000000	0.00000000	1020	0.02828933	1.00000000	0.00000000	1096	0.02818930	1.00000012	0.00000000	772	0.02705355	1.00000000	0.00000000	765	0.02693662	1.00000000	0.00000000	268	0.02805695	0.99999994	0.00000000	249	0.02837284	0.99999994	0.00000000	39	0.02903946	1.00000000	0.00000000	41	0.03882576	1.00000000	0.00000000	50	0.02840909	1.00000000	0.00000000	62	0.03125000	1.00000000	0.00000000	37	0.02852737	0.99999982	0.00000000	33	0.02766136	1.00000012	0.00000000	178	0.02805801	0.99999976	0.00000000	204	0.02989449	1.00000012	0.00000000	218	0.02736287	0.99999982	0.00000000	232	0.02729733	0.99999988	0.00000000	253	0.02833781	0.99999988	0.00000000	248	0.02820425	1.00000000	0.00000000
10345	HC	152	0.12260000	0.34410000	130	0.02260083	1.00000012	0.00000000	175	0.02555491	1.00000012	0.00000000	1020	0.02828933	1.00000000	0.00000000	1096	0.02818930	1.00000012	0.00000000	772	0.02705355	1.00000012	0.00000000	765	0.02693662	1.00000012	0.00000000	268	0.02805695	1.00000000	0.00000000	249	0.02837284	1.00000012	0.00000000	39	0.02903946	0.99999994	0.00000000	41	0.03882576	0.99999994	0.00000000	50	0.02840909	1.00000000	0.00000000	62	0.03125000	1.00000000	0.00000000	37	0.02852737	1.00000000	0.00000000	33	0.02766136	1.00000000	0.00000000	178	0.02805801	1.00000012	0.00000000	204	0.02989449	0.99999988	0.00000000	218	0.02736287	1.00000000	0.00000000	232	0.02729733	0.99999988	0.00000000	253	0.02833781	0.99999982	0.00000000	248	0.02820425	1.00000012	0.00000000
10347	HC	152	0.09420000	0.24830000	130	0.02260083	1.00000012	0.00000000	175	0.02555491	0.99999988	0.00000000	1020	0.02828933	1.00000000	0.00000000	1096	0.02818930	1.00000000	0.00000000	772	0.02705355	0.99999988	0.00000000	765	0.02693662	1.00000012	0.00000000	268	0.02805695	1.00000012	0.00000000	249	0.02837284	1.00000000	0.00000000	39	0.02903946	1.00000000	0.00000000	41	0.03882576	0.99999988	0.00000000	50	0.02840909	0.99999988	0.00000000	62	0.03125000	1.00000000	0.00000000	37	0.02852737	1.00000012	0.00000000	33	0.02766136	1.00000000	0.00000000	178	0.02805801	0.99999988	0.00000000	204	0.02989449	0.99999976	0.00000000	218	0.02736287	0.99999988	0.00000000	232	0.02729733	1.00000000	0.00000000	253	0.02833781	1.00000012	0.00000000	248	0.02820425	1.00000012	0.00000000
10356	HC	152	0.19090000	1.64420000	130	0.02260083	1.00000000	0.00000000	175	0.02555491	1.00000012	0.00000000	1020	0.02828933	0.99999988	0.00000000	1096	0.02818930	1.00000000	0.00000000	772	0.02705355	1.00000012	0.00000000	765	0.02693662	1.00000012	0.00000000	268	0.02805695	1.00000012	0.00000000	249	0.02837284	1.00000000	0.00000000	39	0.02903946	1.00000000	0.00000000	41	0.03882576	0.99999994	0.00000000	50	0.02840909	0.99999988	0.00000000	62	0.03125000	1.00000012	0.00000000	37	0.02852737	0.99999994	0.00000000	33	0.02766136	1.00000012	0.00000000	178	0.02805801	1.00000000	0.00000000	204	0.02989449	1.00000012	0.00000000	218	0.02736287	0.99999988	0.00000000	232	0.02729733	1.00000000	0.00000000	253	0.02833781	1.00000012	0.00000000	248	0.02820425	1.00000012	0.00000000
10361	HC	152	0.63520000	7.39480000	130	0.02260083	1.00000000	0.00000000	175	0.02555491	0.99999994	0.00000000	1020	0.02828933	1.00000000	0.00000000	1096	0.02818930	0.99999976	0.00000000	772	0.02705355	1.00000012	0.00000000	765	0.02693662	1.00000000	0.00000000	268	0.02805695	0.99999994	0.00000000	249	0.02837284	1.00000012	0.00000000	39	0.02903946	1.00000012	0.00000000	41	0.03882576	1.00000000	0.00000000	50	0.02840909	1.00000000	0.00000000	62	0.03125000	1.00000012	0.00000000	37	0.02852737	1.00000012	0.00000000	33	0.02766136	0.99999982	0.00000000	178	0.02805801	1.00000012	0.00000000	204	0.02989449	1.00000000	0.00000000	218	0.02736287	1.00000000	0.00000000	232	0.02729733	0.99999982	0.00000000	253	0.02833781	1.00000000	0.00000000	248	0.02820425	0.99999994	0.00000000
10365	HC	152	0.11220000	1.25610000	130	0.02260083	1.00000000	0.00000000	175	0.02555491	1.00000000	0.00000000	1020	0.02828933	0.99999988	0.00000000	1096	0.02818930	1.00000000	0.00000000	772	0.02705355	1.00000000	0.00000000	765	0.02693662	1.00000000	0.00000000	268	0.02805695	1.00000012	0.00000000	249	0.02837284	1.00000000	0.00000000	39	0.02903946	1.00000000	0.00000000	41	0.03882576	0.99999988	0.00000000	50	0.02840909	0.99999988	0.00000000	62	0.03125000	1.00000000	0.00000000	37	0.02852737	1.00000000	0.00000000	33	0.02766136	1.00000000	0.00000000	178	0.02805801	0.99999976	0.00000000	204	0.02989449	1.00000000	0.00000000	218	0.02736287	0.99999976	0.00000000	232	0.02729733	1.00000012	0.00000000	253	0.02833781	1.00000000	0.00000000	248	0.02820425	1.00000000	0.00000000
10376	HC	152	0.18080000	2.30340000	130	0.02260083	0.99999958	0.00000000	175	0.02555491	1.00000000	0.00000000	1020	0.02828933	1.00000000	0.00000000	1096	0.02818930	1.00000012	0.00000000	772	0.02705355	1.00000000	0.00000000	765	0.02693662	1.00000012	0.00000000	268	0.02805695	1.00000012	0.00000000	249	0.02837284	0.99999994	0.00000000	39	0.02903946	1.00000000	0.00000000	41	0.03882576	1.00000000	0.00000000	50	0.02840909	1.00000012	0.00000000	62	0.03125000	1.00000012	0.00000000	37	0.02852737	1.00000000	0.00000000	33	0.02766136	1.00000000	0.00000000	178	0.02805801	0.99999994	0.00000000	204	0.02989449	0.99999988	0.00000000	218	0.02736287	1.00000000	0.00000000	232	0.02729733	0.99999988	0.00000000	253	0.02833781	0.99999994	0.00000000	248	0.02820425	0.99999976	0.00000000
10377	HC	152	0.21260000	0.62730000	130	0.02260083	0.99999994	0.00000000	175	0.02555491	1.00000000	0.00000000	1020	0.02828933	0.99999994	0.00000000	1096	0.02818930	1.00000012	0.00000000	772	0.02705355	0.99999976	0.00000000	765	0.02693662	1.00000012	0.00000000	268	0.02805695	0.99999994	0.00000000	249	0.02837284	1.00000000	0.00000000	39	0.02903946	1.00000012	0.00000000	41	0.03882576	1.00000000	0.00000000	50	0.02840909	1.00000000	0.00000000	62	0.03125000	0.99999988	0.00000000	37	0.02852737	1.00000000	0.00000000	33	0.02766136	1.00000012	0.00000000	178	0.02805801	0.99999994	0.00000000	204	0.02989449	0.99999994	0.00000000	218	0.02736287	1.00000000	0.00000000	232	0.02729733	1.00000012	0.00000000	253	0.02833781	1.00000000	0.00000000	248	0.02820425	1.00000012	0.00000000
10388	HC	152	0.14050000	1.25820000	130	0.02260083	0.99999988	0.00000000	175	0.02555491	1.00000000	0.00000000	1020	0.02828933	0.99999994	0.00000000	1096	0.02818930	0.99999988	0.00000000	772	0.02705355	1.00000000	0.00000000	765	0.02693662	0.99999988	0.00000000	268	0.02805695	0.99999994	0.00000000	249	0.02837284	1.00000024	0.00000000	39	0.02903946	0.99999988	0.00000000	41	0.03882576	1.00000012	0.00000000	50	0.02840909	0.99999982	0.00000000	62	0.03125000	1.00000000	0.00000000	37	0.02852737	0.99999994	0.00000000	33	0.02766136	0.99999994	0.00000000	178	0.02805801	1.00000000	0.00000000	204	0.02989449	0.99999988	0.00000000	218	0.02736287	0.99999988	0.00000000	232	0.02729733	0.99999964	0.00000000	253	0.02833781	1.00000012	0.00000000	248	0.02820425	1.00000012	0.00000000
10429	HC	152	0.45230000	1.43040000	170	0.02955494	1.00000012	0.00000000	206	0.03008178	0.99999994	0.00000000	1008	0.02795651	0.99999988	0.00000000	1078	0.02772634	1.00000012	0.00000000	819	0.02870059	1.00000012	0.00000000	818	0.02880282	1.00000000	0.00000000	280	0.02931323	1.00000024	0.00000000	254	0.02894257	1.00000000	0.00000000	28	0.02084885	0.99999988	0.00000000	34	0.03219697	1.00000012	0.00000000	48	0.02727273	1.00000012	0.00000000	57	0.02872984	1.00000012	0.00000000	36	0.02775636	1.00000000	0.00000000	31	0.02598491	1.00000012	0.00000000	173	0.02726986	0.99999988	0.00000000	203	0.02974795	1.00000000	0.00000000	226	0.02836701	1.00000012	0.00000000	235	0.02765031	0.99999988	0.00000000	248	0.02777778	1.00000000	0.00000000	238	0.02706699	0.99999976	0.00000000
10438	HC	152	0.21740000	1.64500000	130	0.02260083	1.00000012	0.00000000	175	0.02555491	1.00000000	0.00000000	1020	0.02828933	1.00000012	0.00000000	1096	0.02818930	1.00000012	0.00000000	772	0.02705355	1.00000000	0.00000000	765	0.02693662	0.99999994	0.00000000	268	0.02805695	1.00000012	0.00000000	249	0.02837284	1.00000000	0.00000000	39	0.02903946	1.00000000	0.00000000	41	0.03882576	1.00000000	0.00000000	50	0.02840909	1.00000012	0.00000000	62	0.03125000	1.00000012	0.00000000	37	0.02852737	0.99999982	0.00000000	33	0.02766136	1.00000000	0.00000000	178	0.02805801	1.00000012	0.00000000	204	0.02989449	1.00000012	0.00000000	218	0.02736287	1.00000000	0.00000000	232	0.02729733	0.99999976	0.00000000	253	0.02833781	1.00000012	0.00000000	248	0.02820425	1.00000012	0.00000000
10440	HC	152	0.09150000	0.26170000	130	0.02260083	0.99999988	0.00000000	175	0.02555491	1.00000012	0.00000000	1020	0.02828933	1.00000012	0.00000000	1096	0.02818930	0.99999994	0.00000000	772	0.02705355	1.00000000	0.00000000	765	0.02693662	1.00000012	0.00000000	268	0.02805695	1.00000012	0.00000000	249	0.02837284	1.00000000	0.00000000	39	0.02903946	0.99999988	0.00000000	41	0.03882576	1.00000000	0.00000000	50	0.02840909	1.00000000	0.00000000	62	0.03125000	1.00000000	0.00000000	37	0.02852737	0.99999988	0.00000000	33	0.02766136	0.99999994	0.00000000	178	0.02805801	0.99999988	0.00000000	204	0.02989449	0.99999994	0.00000000	218	0.02736287	1.00000012	0.00000000	232	0.02729733	1.00000000	0.00000000	253	0.02833781	0.99999994	0.00000000	248	0.02820425	1.00000000	0.00000000
10448	HC	152	0.12060000	0.48950000	130	0.02260083	1.00000000	0.00000000	175	0.02555491	1.00000012	0.00000000	1020	0.02828933	1.00000012	0.00000000	1096	0.02818930	0.99999994	0.00000000	772	0.02705355	1.00000000	0.00000000	765	0.02693662	1.00000012	0.00000000	268	0.02805695	0.99999988	0.00000000	249	0.02837284	1.00000000	0.00000000	39	0.02903946	1.00000000	0.00000000	41	0.03882576	0.99999988	0.00000000	50	0.02840909	0.99999976	0.00000000	62	0.03125000	0.99999988	0.00000000	37	0.02852737	0.99999988	0.00000000	33	0.02766136	1.00000012	0.00000000	178	0.02805801	1.00000000	0.00000000	204	0.02989449	1.00000000	0.00000000	218	0.02736287	1.00000000	0.00000000	232	0.02729733	1.00000012	0.00000000	253	0.02833781	1.00000000	0.00000000	248	0.02820425	1.00000000	0.00000000
10455	HC	152	0.29620000	4.82420000	130	0.02260083	0.99999970	0.00000000	175	0.02555491	1.00000000	0.00000000	1020	0.02828933	0.99999988	0.00000000	1096	0.02818930	1.00000000	0.00000000	772	0.02705355	1.00000012	0.00000000	765	0.02693662	1.00000000	0.00000000	268	0.02805695	1.00000012	0.00000000	249	0.02837284	0.99999988	0.00000000	39	0.02903946	1.00000012	0.00000000	41	0.03882576	1.00000012	0.00000000	50	0.02840909	1.00000000	0.00000000	62	0.03125000	1.00000000	0.00000000	37	0.02852737	0.99999988	0.00000000	33	0.02766136	0.99999988	0.00000000	178	0.02805801	0.99999988	0.00000000	204	0.02989449	1.00000012	0.00000000	218	0.02736287	1.00000000	0.00000000	232	0.02729733	1.00000000	0.00000000	253	0.02833781	1.00000000	0.00000000	248	0.02820425	1.00000012	0.00000000
10460	HC	152	0.41190000	4.78330000	130	0.02260083	1.00000000	0.00000000	175	0.02555491	1.00000012	0.00000000	1020	0.02828933	0.99999988	0.00000000	1096	0.02818930	0.99999988	0.00000000	772	0.02705355	0.99999988	0.00000000	765	0.02693662	1.00000012	0.00000000	268	0.02805695	1.00000000	0.00000000	249	0.02837284	0.99999976	0.00000000	39	0.02903946	1.00000000	0.00000000	41	0.03882576	1.00000012	0.00000000	50	0.02840909	0.99999994	0.00000000	62	0.03125000	1.00000000	0.00000000	37	0.02852737	0.99999976	0.00000000	33	0.02766136	1.00000000	0.00000000	178	0.02805801	0.99999976	0.00000000	204	0.02989449	1.00000000	0.00000000	218	0.02736287	1.00000000	0.00000000	232	0.02729733	1.00000000	0.00000000	253	0.02833781	0.99999982	0.00000000	248	0.02820425	1.00000000	0.00000000
10471	HC	152	0.08270000	0.27020000	130	0.02260083	1.00000000	0.00000000	175	0.02555491	0.99999988	0.00000000	1020	0.02828933	1.00000012	0.00000000	1096	0.02818930	1.00000000	0.00000000	772	0.02705355	1.00000000	0.00000000	765	0.02693662	1.00000000	0.00000000	268	0.02805695	1.00000012	0.00000000	249	0.02837284	0.99999988	0.00000000	39	0.02903946	1.00000000	0.00000000	41	0.03882576	1.00000000	0.00000000	50	0.02840909	1.00000000	0.00000000	62	0.03125000	0.99999982	0.00000000	37	0.02852737	0.99999994	0.00000000	33	0.02766136	0.99999988	0.00000000	178	0.02805801	0.99999988	0.00000000	204	0.02989449	1.00000000	0.00000000	218	0.02736287	1.00000000	0.00000000	232	0.02729733	1.00000000	0.00000000	253	0.02833781	0.99999994	0.00000000	248	0.02820425	0.99999994	0.00000000
10478	HC	152	0.08930000	0.20800000	130	0.02260083	0.99999988	0.00000000	175	0.02555491	1.00000000	0.00000000	1020	0.02828933	1.00000000	0.00000000	1096	0.02818930	1.00000012	0.00000000	772	0.02705355	1.00000000	0.00000000	765	0.02693662	1.00000000	0.00000000	268	0.02805695	1.00000012	0.00000000	249	0.02837284	0.99999988	0.00000000	39	0.02903946	1.00000012	0.00000000	41	0.03882576	1.00000000	0.00000000	50	0.02840909	0.99999982	0.00000000	62	0.03125000	1.00000000	0.00000000	37	0.02852737	0.99999994	0.00000000	33	0.02766136	1.00000012	0.00000000	178	0.02805801	1.00000012	0.00000000	204	0.02989449	0.99999994	0.00000000	218	0.02736287	0.99999994	0.00000000	232	0.02729733	1.00000000	0.00000000	253	0.02833781	0.99999994	0.00000000	248	0.02820425	1.00000000	0.00000000
10487	HC	152	0.15790000	0.76020000	130	0.02260083	0.99999988	0.00000000	175	0.02555491	1.00000000	0.00000000	1020	0.02828933	0.99999994	0.00000000	1096	0.02818930	1.00000000	0.00000000	772	0.02705355	1.00000012	0.00000000	765	0.02693662	0.99999988	0.00000000	268	0.02805695	1.00000012	0.00000000	249	0.02837284	1.00000000	0.00000000	39	0.02903946	1.00000000	0.00000000	41	0.03882576	1.00000000	0.00000000	50	0.02840909	1.00000000	0.00000000	62	0.03125000	0.99999988	0.00000000	37	0.02852737	1.00000012	0.00000000	33	0.02766136	1.00000000	0.00000000	178	0.02805801	0.99999988	0.00000000	204	0.02989449	1.00000012	0.00000000	218	0.02736287	1.00000000	0.00000000	232	0.02729733	1.00000012	0.00000000	253	0.02833781	1.00000000	0.00000000	248	0.02820425	1.00000000	0.00000000
10492	HC	152	0.07540000	0.18950000	130	0.02260083	1.00000000	0.00000000	175	0.02555491	1.00000012	0.00000000	1020	0.02828933	1.00000000	0.00000000	1096	0.02818930	0.99999988	0.00000000	772	0.02705355	1.00000000	0.00000000	765	0.02693662	1.00000012	0.00000000	268	0.02805695	1.00000012	0.00000000	249	0.02837284	1.00000000	0.00000000	39	0.02903946	1.00000000	0.00000000	41	0.03882576	1.00000012	0.00000000	50	0.02840909	1.00000000	0.00000000	62	0.03125000	0.99999988	0.00000000	37	0.02852737	0.99999976	0.00000000	33	0.02766136	0.99999994	0.00000000	178	0.02805801	0.99999994	0.00000000	204	0.02989449	0.99999988	0.00000000	218	0.02736287	1.00000000	0.00000000	232	0.02729733	1.00000000	0.00000000	253	0.02833781	0.99999994	0.00000000	248	0.02820425	0.99999976	0.00000000
10506	HC	152	0.18700000	0.41610000	130	0.02260083	1.00000000	0.00000000	175	0.02555491	1.00000012	0.00000000	1020	0.02828933	0.99999994	0.00000000	1096	0.02818930	1.00000000	0.00000000	772	0.02705355	0.99999988	0.00000000	765	0.02693662	1.00000012	0.00000000	268	0.02805695	1.00000012	0.00000000	249	0.02837284	1.00000000	0.00000000	39	0.02903946	1.00000000	0.00000000	41	0.03882576	0.99999988	0.00000000	50	0.02840909	1.00000000	0.00000000	62	0.03125000	1.00000000	0.00000000	37	0.02852737	1.00000012	0.00000000	33	0.02766136	0.99999988	0.00000000	178	0.02805801	0.99999994	0.00000000	204	0.02989449	1.00000012	0.00000000	218	0.02736287	0.99999988	0.00000000	232	0.02729733	0.99999982	0.00000000	253	0.02833781	0.99999988	0.00000000	248	0.02820425	0.99999994	0.00000000
10517	HC	152	0.09940000	0.41200000	130	0.02260083	1.00000012	0.00000000	175	0.02555491	1.00000000	0.00000000	1020	0.02828933	1.00000012	0.00000000	1096	0.02818930	0.99999988	0.00000000	772	0.02705355	1.00000012	0.00000000	765	0.02693662	1.00000000	0.00000000	268	0.02805695	1.00000000	0.00000000	249	0.02837284	1.00000012	0.00000000	39	0.02903946	1.00000000	0.00000000	41	0.03882576	0.99999994	0.00000000	50	0.02840909	1.00000012	0.00000000	62	0.03125000	0.99999982	0.00000000	37	0.02852737	0.99999994	0.00000000	33	0.02766136	1.00000012	0.00000000	178	0.02805801	1.00000012	0.00000000	204	0.02989449	1.00000012	0.00000000	218	0.02736287	1.00000012	0.00000000	232	0.02729733	1.00000000	0.00000000	253	0.02833781	0.99999988	0.00000000	248	0.02820425	1.00000000	0.00000000
10523	HC	152	0.07780000	0.29620000	130	0.02260083	1.00000000	0.00000000	175	0.02555491	1.00000012	0.00000000	1020	0.02828933	0.99999976	0.00000000	1096	0.02818930	1.00000000	0.00000000	772	0.02705355	1.00000000	0.00000000	765	0.02693662	1.00000000	0.00000000	268	0.02805695	0.99999988	0.00000000	249	0.02837284	1.00000000	0.00000000	39	0.02903946	1.00000000	0.00000000	41	0.03882576	1.00000012	0.00000000	50	0.02840909	0.99999982	0.00000000	62	0.03125000	0.99999976	0.00000000	37	0.02852737	1.00000000	0.00000000	33	0.02766136	1.00000000	0.00000000	178	0.02805801	1.00000000	0.00000000	204	0.02989449	0.99999988	0.00000000	218	0.02736287	1.00000000	0.00000000	232	0.02729733	0.99999982	0.00000000	253	0.02833781	0.99999994	0.00000000	248	0.02820425	1.00000000	0.00000000
10525	HC	152	0.12340000	1.93480000	130	0.02260083	0.99999976	0.00000000	175	0.02555491	1.00000000	0.00000000	1020	0.02828933	0.99999982	0.00000000	1096	0.02818930	1.00000012	0.00000000	772	0.02705355	1.00000012	0.00000000	765	0.02693662	1.00000000	0.00000000	268	0.02805695	1.00000000	0.00000000	249	0.02837284	1.00000000	0.00000000	39	0.02903946	0.99999994	0.00000000	41	0.03882576	0.99999988	0.00000000	50	0.02840909	0.99999988	0.00000000	62	0.03125000	0.99999988	0.00000000	37	0.02852737	1.00000000	0.00000000	33	0.02766136	1.00000000	0.00000000	178	0.02805801	0.99999988	0.00000000	204	0.02989449	1.00000000	0.00000000	218	0.02736287	1.00000000	0.00000000	232	0.02729733	1.00000000	0.00000000	253	0.02833781	1.00000000	0.00000000	248	0.02820425	0.99999976	0.00000000
10527	HC	152	0.20860000	0.84780000	130	0.02260083	0.99999988	0.00000000	175	0.02555491	1.00000000	0.00000000	1020	0.02828933	1.00000012	0.00000000	1096	0.02818930	1.00000000	0.00000000	772	0.02705355	1.00000000	0.00000000	765	0.02693662	1.00000000	0.00000000	268	0.02805695	0.99999994	0.00000000	249	0.02837284	1.00000000	0.00000000	39	0.02903946	1.00000000	0.00000000	41	0.03882576	0.99999988	0.00000000	50	0.02840909	1.00000012	0.00000000	62	0.03125000	0.99999988	0.00000000	37	0.02852737	1.00000000	0.00000000	33	0.02766136	0.99999988	0.00000000	178	0.02805801	1.00000012	0.00000000	204	0.02989449	1.00000012	0.00000000	218	0.02736287	0.99999988	0.00000000	232	0.02729733	0.99999994	0.00000000	253	0.02833781	0.99999994	0.00000000	248	0.02820425	1.00000000	0.00000000
10530	HC	152	0.08830000	0.68670000	130	0.02260083	0.99999988	0.00000000	175	0.02555491	1.00000012	0.00000000	1020	0.02828933	0.99999988	0.00000000	1096	0.02818930	1.00000012	0.00000000	772	0.02705355	0.99999982	0.00000000	765	0.02693662	1.00000012	0.00000000	268	0.02805695	1.00000012	0.00000000	249	0.02837284	0.99999994	0.00000000	39	0.02903946	0.99999994	0.00000000	41	0.03882576	1.00000000	0.00000000	50	0.02840909	0.99999988	0.00000000	62	0.03125000	0.99999976	0.00000000	37	0.02852737	1.00000000	0.00000000	33	0.02766136	0.99999988	0.00000000	178	0.02805801	1.00000012	0.00000000	204	0.02989449	0.99999994	0.00000000	218	0.02736287	0.99999988	0.00000000	232	0.02729733	1.00000000	0.00000000	253	0.02833781	0.99999994	0.00000000	248	0.02820425	1.00000000	0.00000000
10557	HC	152	0.10160000	0.36420000	130	0.02260083	1.00000000	0.00000000	175	0.02555491	1.00000000	0.00000000	1020	0.02828933	1.00000000	0.00000000	1096	0.02818930	0.99999994	0.00000000	772	0.02705355	0.99999994	0.00000000	765	0.02693662	1.00000000	0.00000000	268	0.02805695	0.99999988	0.00000000	249	0.02837284	1.00000012	0.00000000	39	0.02903946	0.99999982	0.00000000	41	0.03882576	1.00000012	0.00000000	50	0.02840909	1.00000000	0.00000000	62	0.03125000	1.00000000	0.00000000	37	0.02852737	1.00000000	0.00000000	33	0.02766136	1.00000012	0.00000000	178	0.02805801	1.00000000	0.00000000	204	0.02989449	0.99999988	0.00000000	218	0.02736287	0.99999976	0.00000000	232	0.02729733	0.99999988	0.00000000	253	0.02833781	1.00000012	0.00000000	248	0.02820425	1.00000000	0.00000000
10565	HC	152	0.11350000	0.31180000	130	0.02260083	1.00000000	0.00000000	175	0.02555491	0.99999976	0.00000000	1020	0.02828933	0.99999994	0.00000000	1096	0.02818930	0.99999994	0.00000000	772	0.02705355	0.99999994	0.00000000	765	0.02693662	1.00000000	0.00000000	268	0.02805695	0.99999994	0.00000000	249	0.02837284	0.99999976	0.00000000	39	0.02903946	1.00000012	0.00000000	41	0.03882576	1.00000000	0.00000000	50	0.02840909	0.99999976	0.00000000	62	0.03125000	1.00000012	0.00000000	37	0.02852737	1.00000000	0.00000000	33	0.02766136	0.99999988	0.00000000	178	0.02805801	0.99999994	0.00000000	204	0.02989449	1.00000012	0.00000000	218	0.02736287	0.99999982	0.00000000	232	0.02729733	1.00000012	0.00000000	253	0.02833781	1.00000000	0.00000000	248	0.02820425	1.00000012	0.00000000
10570	HC	152	0.16580000	1.25240000	130	0.02260083	1.00000000	0.00000000	175	0.02555491	1.00000000	0.00000000	1020	0.02828933	1.00000000	0.00000000	1096	0.02818930	0.99999976	0.00000000	772	0.02705355	1.00000012	0.00000000	765	0.02693662	1.00000012	0.00000000	268	0.02805695	1.00000000	0.00000000	249	0.02837284	0.99999988	0.00000000	39	0.02903946	0.99999988	0.00000000	41	0.03882576	0.99999982	0.00000000	50	0.02840909	1.00000012	0.00000000	62	0.03125000	1.00000012	0.00000000	37	0.02852737	1.00000000	0.00000000	33	0.02766136	0.99999994	0.00000000	178	0.02805801	1.00000000	0.00000000	204	0.02989449	0.99999988	0.00000000	218	0.02736287	1.00000000	0.00000000	232	0.02729733	0.99999988	0.00000000	253	0.02833781	1.00000000	0.00000000	248	0.02820425	0.99999976	0.00000000
10575	HC	152	0.16880000	0.52840000	130	0.02260083	1.00000000	0.00000000	175	0.02555491	0.99999994	0.00000000	1020	0.02828933	0.99999994	0.00000000	1096	0.02818930	1.00000012	0.00000000	772	0.02705355	0.99999994	0.00000000	765	0.02693662	0.99999994	0.00000000	268	0.02805695	1.00000000	0.00000000	249	0.02837284	1.00000000	0.00000000	39	0.02903946	1.00000000	0.00000000	41	0.03882576	0.99999988	0.00000000	50	0.02840909	1.00000012	0.00000000	62	0.03125000	0.99999976	0.00000000	37	0.02852737	1.00000000	0.00000000	33	0.02766136	1.00000012	0.00000000	178	0.02805801	0.99999994	0.00000000	204	0.02989449	0.99999988	0.00000000	218	0.02736287	1.00000012	0.00000000	232	0.02729733	1.00000000	0.00000000	253	0.02833781	0.99999982	0.00000000	248	0.02820425	1.00000000	0.00000000
10624	HC	152	0.15060000	1.37380000	130	0.02260083	0.99999994	0.00000000	175	0.02555491	0.99999994	0.00000000	1020	0.02828933	1.00000012	0.00000000	1096	0.02818930	1.00000000	0.00000000	772	0.02705355	1.00000000	0.00000000	765	0.02693662	1.00000000	0.00000000	268	0.02805695	1.00000000	0.00000000	249	0.02837284	1.00000000	0.00000000	39	0.02903946	1.00000000	0.00000000	41	0.03882576	1.00000012	0.00000000	50	0.02840909	1.00000000	0.00000000	62	0.03125000	1.00000012	0.00000000	37	0.02852737	1.00000012	0.00000000	33	0.02766136	0.99999988	0.00000000	178	0.02805801	0.99999982	0.00000000	204	0.02989449	1.00000000	0.00000000	218	0.02736287	1.00000000	0.00000000	232	0.02729733	0.99999994	0.00000000	253	0.02833781	0.99999994	0.00000000	248	0.02820425	1.00000012	0.00000000
10629	HC	152	0.12470000	0.36260000	130	0.02260083	0.99999994	0.00000000	175	0.02555491	1.00000012	0.00000000	1020	0.02828933	0.99999994	0.00000000	1096	0.02818930	1.00000000	0.00000000	772	0.02705355	1.00000012	0.00000000	765	0.02693662	1.00000012	0.00000000	268	0.02805695	1.00000012	0.00000000	249	0.02837284	1.00000024	0.00000000	39	0.02903946	1.00000012	0.00000000	41	0.03882576	0.99999994	0.00000000	50	0.02840909	0.99999988	0.00000000	62	0.03125000	1.00000000	0.00000000	37	0.02852737	0.99999994	0.00000000	33	0.02766136	1.00000000	0.00000000	178	0.02805801	0.99999988	0.00000000	204	0.02989449	1.00000000	0.00000000	218	0.02736287	1.00000012	0.00000000	232	0.02729733	0.99999988	0.00000000	253	0.02833781	0.99999988	0.00000000	248	0.02820425	1.00000012	0.00000000
10631	HC	152	0.07250000	0.39560000	130	0.02260083	0.99999988	0.00000000	175	0.02555491	1.00000000	0.00000000	1020	0.02828933	1.00000012	0.00000000	1096	0.02818930	1.00000012	0.00000000	772	0.02705355	0.99999982	0.00000000	765	0.02693662	1.00000012	0.00000000	268	0.02805695	1.00000012	0.00000000	249	0.02837284	1.00000012	0.00000000	39	0.02903946	1.00000000	0.00000000	41	0.03882576	0.99999988	0.00000000	50	0.02840909	1.00000012	0.00000000	62	0.03125000	1.00000000	0.00000000	37	0.02852737	1.00000000	0.00000000	33	0.02766136	1.00000012	0.00000000	178	0.02805801	0.99999988	0.00000000	204	0.02989449	0.99999976	0.00000000	218	0.02736287	0.99999988	0.00000000	232	0.02729733	0.99999988	0.00000000	253	0.02833781	0.99999994	0.00000000	248	0.02820425	1.00000000	0.00000000
10638	HC	152	0.13650000	0.44680000	130	0.02260083	1.00000000	0.00000000	175	0.02555491	0.99999976	0.00000000	1020	0.02828933	1.00000000	0.00000000	1096	0.02818930	1.00000000	0.00000000	772	0.02705355	1.00000012	0.00000000	765	0.02693662	1.00000012	0.00000000	268	0.02805695	1.00000000	0.00000000	249	0.02837284	1.00000012	0.00000000	39	0.02903946	0.99999994	0.00000000	41	0.03882576	1.00000012	0.00000000	50	0.02840909	0.99999994	0.00000000	62	0.03125000	1.00000000	0.00000000	37	0.02852737	0.99999988	0.00000000	33	0.02766136	1.00000012	0.00000000	178	0.02805801	1.00000000	0.00000000	204	0.02989449	0.99999982	0.00000000	218	0.02736287	1.00000000	0.00000000	232	0.02729733	0.99999976	0.00000000	253	0.02833781	1.00000000	0.00000000	248	0.02820425	0.99999988	0.00000000
10668	HC	152	0.07560000	0.48820000	130	0.02260083	1.00000000	0.00000000	175	0.02555491	1.00000012	0.00000000	1020	0.02828933	0.99999988	0.00000000	1096	0.02818930	0.99999994	0.00000000	772	0.02705355	1.00000000	0.00000000	765	0.02693662	1.00000012	0.00000000	268	0.02805695	1.00000012	0.00000000	249	0.02837284	0.99999976	0.00000000	39	0.02903946	1.00000000	0.00000000	41	0.03882576	0.99999988	0.00000000	50	0.02840909	1.00000012	0.00000000	62	0.03125000	1.00000000	0.00000000	37	0.02852737	0.99999994	0.00000000	33	0.02766136	0.99999988	0.00000000	178	0.02805801	1.00000000	0.00000000	204	0.02989449	0.99999988	0.00000000	218	0.02736287	1.00000000	0.00000000	232	0.02729733	1.00000012	0.00000000	253	0.02833781	0.99999988	0.00000000	248	0.02820425	0.99999988	0.00000000
10672	HC	152	0.09800000	0.20490000	130	0.02260083	0.99999994	0.00000000	175	0.02555491	1.00000012	0.00000000	1020	0.02828933	1.00000000	0.00000000	1096	0.02818930	1.00000000	0.00000000	772	0.02705355	1.00000000	0.00000000	765	0.02693662	0.99999994	0.00000000	268	0.02805695	0.99999982	0.00000000	249	0.02837284	1.00000012	0.00000000	39	0.02903946	1.00000012	0.00000000	41	0.03882576	1.00000000	0.00000000	50	0.02840909	1.00000000	0.00000000	62	0.03125000	1.00000000	0.00000000	37	0.02852737	0.99999988	0.00000000	33	0.02766136	0.99999988	0.00000000	178	0.02805801	1.00000000	0.00000000	204	0.02989449	1.00000000	0.00000000	218	0.02736287	1.00000000	0.00000000	232	0.02729733	1.00000000	0.00000000	253	0.02833781	1.00000000	0.00000000	248	0.02820425	1.00000000	0.00000000
10674	HC	152	0.11910000	0.23780000	130	0.02260083	1.00000000	0.00000000	175	0.02555491	0.99999988	0.00000000	1020	0.02828933	0.99999994	0.00000000	1096	0.02818930	1.00000000	0.00000000	772	0.02705355	1.00000012	0.00000000	765	0.02693662	0.99999988	0.00000000	268	0.02805695	0.99999976	0.00000000	249	0.02837284	0.99999994	0.00000000	39	0.02903946	1.00000000	0.00000000	41	0.03882576	1.00000000	0.00000000	50	0.02840909	0.99999994	0.00000000	62	0.03125000	0.99999994	0.00000000	37	0.02852737	1.00000000	0.00000000	33	0.02766136	0.99999964	0.00000000	178	0.02805801	0.99999988	0.00000000	204	0.02989449	1.00000012	0.00000000	218	0.02736287	1.00000000	0.00000000	232	0.02729733	1.00000000	0.00000000	253	0.02833781	1.00000012	0.00000000	248	0.02820425	0.99999988	0.00000000
10678	HC	152	0.11770000	0.34920000	130	0.02260083	0.99999988	0.00000000	175	0.02555491	1.00000012	0.00000000	1020	0.02828933	1.00000000	0.00000000	1096	0.02818930	1.00000000	0.00000000	772	0.02705355	0.99999976	0.00000000	765	0.02693662	0.99999976	0.00000000	268	0.02805695	0.99999976	0.00000000	249	0.02837284	1.00000012	0.00000000	39	0.02903946	1.00000000	0.00000000	41	0.03882576	0.99999988	0.00000000	50	0.02840909	0.99999994	0.00000000	62	0.03125000	0.99999988	0.00000000	37	0.02852737	0.99999982	0.00000000	33	0.02766136	0.99999994	0.00000000	178	0.02805801	1.00000000	0.00000000	204	0.02989449	0.99999994	0.00000000	218	0.02736287	1.00000000	0.00000000	232	0.02729733	0.99999982	0.00000000	253	0.02833781	1.00000000	0.00000000	248	0.02820425	1.00000000	0.00000000
10680	HC	152	0.15070000	0.55610000	130	0.02260083	1.00000000	0.00000000	175	0.02555491	1.00000000	0.00000000	1020	0.02828933	1.00000000	0.00000000	1096	0.02818930	0.99999994	0.00000000	772	0.02705355	0.99999988	0.00000000	765	0.02693662	0.99999988	0.00000000	268	0.02805695	0.99999988	0.00000000	249	0.02837284	1.00000012	0.00000000	39	0.02903946	1.00000012	0.00000000	41	0.03882576	0.99999994	0.00000000	50	0.02840909	1.00000012	0.00000000	62	0.03125000	0.99999994	0.00000000	37	0.02852737	0.99999988	0.00000000	33	0.02766136	1.00000012	0.00000000	178	0.02805801	1.00000000	0.00000000	204	0.02989449	1.00000012	0.00000000	218	0.02736287	0.99999982	0.00000000	232	0.02729733	1.00000012	0.00000000	253	0.02833781	1.00000000	0.00000000	248	0.02820425	1.00000000	0.00000000
10686	HC	152	0.09230000	0.21680000	130	0.02260083	1.00000000	0.00000000	175	0.02555491	0.99999988	0.00000000	1020	0.02828933	1.00000012	0.00000000	1096	0.02818930	1.00000012	0.00000000	772	0.02705355	1.00000000	0.00000000	765	0.02693662	1.00000000	0.00000000	268	0.02805695	0.99999976	0.00000000	249	0.02837284	0.99999982	0.00000000	39	0.02903946	0.99999994	0.00000000	41	0.03882576	1.00000012	0.00000000	50	0.02840909	1.00000024	0.00000000	62	0.03125000	1.00000000	0.00000000	37	0.02852737	0.99999994	0.00000000	33	0.02766136	1.00000000	0.00000000	178	0.02805801	1.00000000	0.00000000	204	0.02989449	1.00000000	0.00000000	218	0.02736287	1.00000000	0.00000000	232	0.02729733	1.00000000	0.00000000	253	0.02833781	1.00000000	0.00000000	248	0.02820425	0.99999988	0.00000000
10692	HC	152	0.13710000	0.25230000	130	0.02260083	1.00000000	0.00000000	175	0.02555491	0.99999994	0.00000000	1020	0.02828933	1.00000012	0.00000000	1096	0.02818930	0.99999994	0.00000000	772	0.02705355	1.00000012	0.00000000	765	0.02693662	0.99999982	0.00000000	268	0.02805695	1.00000000	0.00000000	249	0.02837284	1.00000000	0.00000000	39	0.02903946	1.00000012	0.00000000	41	0.03882576	1.00000012	0.00000000	50	0.02840909	1.00000000	0.00000000	62	0.03125000	0.99999994	0.00000000	37	0.02852737	1.00000000	0.00000000	33	0.02766136	0.99999988	0.00000000	178	0.02805801	1.00000000	0.00000000	204	0.02989449	1.00000012	0.00000000	218	0.02736287	1.00000000	0.00000000	232	0.02729733	0.99999988	0.00000000	253	0.02833781	1.00000000	0.00000000	248	0.02820425	0.99999994	0.00000000
10696	HC	152	0.10200000	0.32770000	130	0.02260083	1.00000000	0.00000000	175	0.02555491	1.00000012	0.00000000	1020	0.02828933	1.00000012	0.00000000	1096	0.02818930	0.99999994	0.00000000	772	0.02705355	0.99999976	0.00000000	765	0.02693662	0.99999976	0.00000000	268	0.02805695	1.00000000	0.00000000	249	0.02837284	1.00000012	0.00000000	39	0.02903946	1.00000012	0.00000000	41	0.03882576	0.99999994	0.00000000	50	0.02840909	1.00000012	0.00000000	62	0.03125000	1.00000000	0.00000000	37	0.02852737	0.99999994	0.00000000	33	0.02766136	1.00000000	0.00000000	178	0.02805801	1.00000000	0.00000000	204	0.02989449	1.00000000	0.00000000	218	0.02736287	0.99999994	0.00000000	232	0.02729733	1.00000000	0.00000000	253	0.02833781	0.99999988	0.00000000	248	0.02820425	0.99999994	0.00000000
10697	HC	152	0.11050000	0.36360000	130	0.02260083	0.99999988	0.00000000	175	0.02555491	0.99999994	0.00000000	1020	0.02828933	0.99999994	0.00000000	1096	0.02818930	1.00000000	0.00000000	772	0.02705355	0.99999976	0.00000000	765	0.02693662	0.99999994	0.00000000	268	0.02805695	0.99999988	0.00000000	249	0.02837284	1.00000000	0.00000000	39	0.02903946	1.00000012	0.00000000	41	0.03882576	1.00000000	0.00000000	50	0.02840909	1.00000000	0.00000000	62	0.03125000	1.00000000	0.00000000	37	0.02852737	0.99999994	0.00000000	33	0.02766136	1.00000012	0.00000000	178	0.02805801	0.99999988	0.00000000	204	0.02989449	1.00000000	0.00000000	218	0.02736287	1.00000000	0.00000000	232	0.02729733	1.00000000	0.00000000	253	0.02833781	1.00000000	0.00000000	248	0.02820425	1.00000000	0.00000000
10704	HC	152	0.10580000	0.26180000	130	0.02260083	1.00000000	0.00000000	175	0.02555491	1.00000000	0.00000000	1020	0.02828933	0.99999994	0.00000000	1096	0.02818930	1.00000000	0.00000000	772	0.02705355	1.00000000	0.00000000	765	0.02693662	0.99999988	0.00000000	268	0.02805695	0.99999988	0.00000000	249	0.02837284	0.99999988	0.00000000	39	0.02903946	1.00000000	0.00000000	41	0.03882576	1.00000012	0.00000000	50	0.02840909	0.99999988	0.00000000	62	0.03125000	1.00000012	0.00000000	37	0.02852737	1.00000000	0.00000000	33	0.02766136	1.00000012	0.00000000	178	0.02805801	1.00000000	0.00000000	204	0.02989449	0.99999988	0.00000000	218	0.02736287	1.00000000	0.00000000	232	0.02729733	1.00000012	0.00000000	253	0.02833781	1.00000012	0.00000000	248	0.02820425	0.99999994	0.00000000
10707	HC	152	0.15160000	0.28140000	130	0.02260083	0.99999988	0.00000000	175	0.02555491	1.00000000	0.00000000	1020	0.02828933	1.00000000	0.00000000	1096	0.02818930	1.00000012	0.00000000	772	0.02705355	0.99999988	0.00000000	765	0.02693662	1.00000000	0.00000000	268	0.02805695	1.00000012	0.00000000	249	0.02837284	1.00000000	0.00000000	39	0.02903946	0.99999982	0.00000000	41	0.03882576	0.99999976	0.00000000	50	0.02840909	1.00000000	0.00000000	62	0.03125000	0.99999988	0.00000000	37	0.02852737	1.00000000	0.00000000	33	0.02766136	1.00000000	0.00000000	178	0.02805801	1.00000000	0.00000000	204	0.02989449	1.00000000	0.00000000	218	0.02736287	1.00000000	0.00000000	232	0.02729733	1.00000012	0.00000000	253	0.02833781	0.99999988	0.00000000	248	0.02820425	0.99999994	0.00000000
10708	HC	152	0.14590000	0.56610000	130	0.02260083	0.99999976	0.00000000	175	0.02555491	1.00000012	0.00000000	1020	0.02828933	1.00000012	0.00000000	1096	0.02818930	0.99999994	0.00000000	772	0.02705355	1.00000012	0.00000000	765	0.02693662	1.00000000	0.00000000	268	0.02805695	0.99999994	0.00000000	249	0.02837284	1.00000000	0.00000000	39	0.02903946	1.00000012	0.00000000	41	0.03882576	1.00000000	0.00000000	50	0.02840909	0.99999988	0.00000000	62	0.03125000	1.00000012	0.00000000	37	0.02852737	0.99999988	0.00000000	33	0.02766136	1.00000012	0.00000000	178	0.02805801	1.00000012	0.00000000	204	0.02989449	0.99999988	0.00000000	218	0.02736287	1.00000000	0.00000000	232	0.02729733	1.00000012	0.00000000	253	0.02833781	0.99999982	0.00000000	248	0.02820425	0.99999994	0.00000000
10719	HC	152	0.12180000	0.43520000	130	0.02260083	0.99999982	0.00000000	175	0.02555491	1.00000000	0.00000000	1020	0.02828933	1.00000012	0.00000000	1096	0.02818930	1.00000012	0.00000000	772	0.02705355	1.00000000	0.00000000	765	0.02693662	1.00000012	0.00000000	268	0.02805695	1.00000024	0.00000000	249	0.02837284	1.00000012	0.00000000	39	0.02903946	1.00000000	0.00000000	41	0.03882576	0.99999994	0.00000000	50	0.02840909	1.00000012	0.00000000	62	0.03125000	1.00000000	0.00000000	37	0.02852737	0.99999988	0.00000000	33	0.02766136	1.00000012	0.00000000	178	0.02805801	0.99999982	0.00000000	204	0.02989449	0.99999994	0.00000000	218	0.02736287	0.99999988	0.00000000	232	0.02729733	1.00000000	0.00000000	253	0.02833781	1.00000024	0.00000000	248	0.02820425	0.99999994	0.00000000
10724	HC	152	0.09770000	0.24780000	130	0.02260083	1.00000000	0.00000000	175	0.02555491	0.99999988	0.00000000	1020	0.02828933	1.00000000	0.00000000	1096	0.02818930	0.99999994	0.00000000	772	0.02705355	0.99999988	0.00000000	765	0.02693662	1.00000000	0.00000000	268	0.02805695	0.99999976	0.00000000	249	0.02837284	1.00000000	0.00000000	39	0.02903946	1.00000000	0.00000000	41	0.03882576	1.00000012	0.00000000	50	0.02840909	1.00000012	0.00000000	62	0.03125000	1.00000012	0.00000000	37	0.02852737	0.99999970	0.00000000	33	0.02766136	1.00000000	0.00000000	178	0.02805801	1.00000000	0.00000000	204	0.02989449	1.00000000	0.00000000	218	0.02736287	1.00000012	0.00000000	232	0.02729733	0.99999988	0.00000000	253	0.02833781	1.00000012	0.00000000	248	0.02820425	0.99999976	0.00000000
10746	HC	152	0.11890000	0.25730000	130	0.02260083	1.00000000	0.00000000	175	0.02555491	1.00000000	0.00000000	1020	0.02828933	1.00000000	0.00000000	1096	0.02818930	1.00000000	0.00000000	772	0.02705355	0.99999982	0.00000000	765	0.02693662	1.00000012	0.00000000	268	0.02805695	1.00000012	0.00000000	249	0.02837284	0.99999988	0.00000000	39	0.02903946	1.00000012	0.00000000	41	0.03882576	1.00000000	0.00000000	50	0.02840909	1.00000000	0.00000000	62	0.03125000	1.00000000	0.00000000	37	0.02852737	0.99999994	0.00000000	33	0.02766136	1.00000012	0.00000000	178	0.02805801	1.00000000	0.00000000	204	0.02989449	1.00000012	0.00000000	218	0.02736287	0.99999994	0.00000000	232	0.02729733	1.00000000	0.00000000	253	0.02833781	1.00000000	0.00000000	248	0.02820425	1.00000012	0.00000000
10762	HC	152	0.08910000	0.37090000	130	0.02260083	1.00000012	0.00000000	175	0.02555491	1.00000000	0.00000000	1020	0.02828933	0.99999994	0.00000000	1096	0.02818930	0.99999994	0.00000000	772	0.02705355	1.00000012	0.00000000	765	0.02693662	1.00000000	0.00000000	268	0.02805695	1.00000000	0.00000000	249	0.02837284	1.00000000	0.00000000	39	0.02903946	1.00000000	0.00000000	41	0.03882576	1.00000012	0.00000000	50	0.02840909	1.00000000	0.00000000	62	0.03125000	1.00000012	0.00000000	37	0.02852737	0.99999988	0.00000000	33	0.02766136	1.00000000	0.00000000	178	0.02805801	1.00000012	0.00000000	204	0.02989449	0.99999994	0.00000000	218	0.02736287	0.99999982	0.00000000	232	0.02729733	0.99999982	0.00000000	253	0.02833781	0.99999994	0.00000000	248	0.02820425	0.99999988	0.00000000
10779	HC	152	0.12060000	0.42380000	130	0.02260083	0.99999976	0.00000000	175	0.02555491	0.99999982	0.00000000	1020	0.02828933	1.00000012	0.00000000	1096	0.02818930	0.99999970	0.00000000	772	0.02705355	0.99999976	0.00000000	765	0.02693662	0.99999988	0.00000000	268	0.02805695	1.00000000	0.00000000	249	0.02837284	1.00000000	0.00000000	39	0.02903946	1.00000000	0.00000000	41	0.03882576	0.99999988	0.00000000	50	0.02840909	0.99999988	0.00000000	62	0.03125000	1.00000000	0.00000000	37	0.02852737	0.99999988	0.00000000	33	0.02766136	1.00000012	0.00000000	178	0.02805801	0.99999994	0.00000000	204	0.02989449	1.00000000	0.00000000	218	0.02736287	1.00000000	0.00000000	232	0.02729733	1.00000000	0.00000000	253	0.02833781	1.00000000	0.00000000	248	0.02820425	1.00000000	0.00000000
10785	HC	152	0.12950000	0.36200000	130	0.02260083	1.00000000	0.00000000	175	0.02555491	0.99999994	0.00000000	1020	0.02828933	0.99999988	0.00000000	1096	0.02818930	0.99999988	0.00000000	772	0.02705355	1.00000000	0.00000000	765	0.02693662	1.00000000	0.00000000	268	0.02805695	1.00000000	0.00000000	249	0.02837284	1.00000000	0.00000000	39	0.02903946	1.00000012	0.00000000	41	0.03882576	0.99999988	0.00000000	50	0.02840909	1.00000012	0.00000000	62	0.03125000	0.99999982	0.00000000	37	0.02852737	1.00000000	0.00000000	33	0.02766136	0.99999982	0.00000000	178	0.02805801	0.99999988	0.00000000	204	0.02989449	1.00000000	0.00000000	218	0.02736287	1.00000000	0.00000000	232	0.02729733	0.99999976	0.00000000	253	0.02833781	0.99999988	0.00000000	248	0.02820425	1.00000000	0.00000000
10788	HC	152	0.15940000	1.04700000	130	0.02260083	1.00000000	0.00000000	175	0.02555491	1.00000012	0.00000000	1020	0.02828933	0.99999994	0.00000000	1096	0.02818930	1.00000000	0.00000000	772	0.02705355	0.99999976	0.00000000	765	0.02693662	1.00000000	0.00000000	268	0.02805695	0.99999988	0.00000000	249	0.02837284	1.00000000	0.00000000	39	0.02903946	1.00000000	0.00000000	41	0.03882576	0.99999988	0.00000000	50	0.02840909	1.00000012	0.00000000	62	0.03125000	1.00000012	0.00000000	37	0.02852737	1.00000000	0.00000000	33	0.02766136	1.00000000	0.00000000	178	0.02805801	1.00000000	0.00000000	204	0.02989449	0.99999994	0.00000000	218	0.02736287	0.99999982	0.00000000	232	0.02729733	1.00000000	0.00000000	253	0.02833781	0.99999976	0.00000000	248	0.02820425	0.99999988	0.00000000
10844	HC	152	0.08670000	0.30040000	130	0.02260083	1.00000000	0.00000000	175	0.02555491	1.00000012	0.00000000	1020	0.02828933	0.99999988	0.00000000	1096	0.02818930	0.99999988	0.00000000	772	0.02705355	1.00000000	0.00000000	765	0.02693662	1.00000000	0.00000000	268	0.02805695	1.00000012	0.00000000	249	0.02837284	0.99999988	0.00000000	39	0.02903946	1.00000012	0.00000000	41	0.03882576	1.00000000	0.00000000	50	0.02840909	1.00000000	0.00000000	62	0.03125000	1.00000012	0.00000000	37	0.02852737	1.00000000	0.00000000	33	0.02766136	0.99999994	0.00000000	178	0.02805801	1.00000000	0.00000000	204	0.02989449	0.99999988	0.00000000	218	0.02736287	1.00000000	0.00000000	232	0.02729733	1.00000000	0.00000000	253	0.02833781	1.00000012	0.00000000	248	0.02820425	0.99999994	0.00000000
10855	HC	152	0.12230000	0.37330000	130	0.02260083	1.00000012	0.00000000	175	0.02555491	0.99999988	0.00000000	1020	0.02828933	1.00000000	0.00000000	1096	0.02818930	0.99999988	0.00000000	772	0.02705355	0.99999982	0.00000000	765	0.02693662	0.99999982	0.00000000	268	0.02805695	1.00000012	0.00000000	249	0.02837284	1.00000000	0.00000000	39	0.02903946	1.00000000	0.00000000	41	0.03882576	1.00000000	0.00000000	50	0.02840909	1.00000000	0.00000000	62	0.03125000	1.00000012	0.00000000	37	0.02852737	1.00000012	0.00000000	33	0.02766136	1.00000012	0.00000000	178	0.02805801	1.00000000	0.00000000	204	0.02989449	1.00000000	0.00000000	218	0.02736287	1.00000012	0.00000000	232	0.02729733	1.00000012	0.00000000	253	0.02833781	0.99999988	0.00000000	248	0.02820425	0.99999994	0.00000000
10871	HC	152	0.09020000	0.29440000	130	0.02260083	1.00000000	0.00000000	175	0.02555491	0.99999988	0.00000000	1020	0.02828933	0.99999982	0.00000000	1096	0.02818930	0.99999988	0.00000000	772	0.02705355	1.00000000	0.00000000	765	0.02693662	1.00000000	0.00000000	268	0.02805695	1.00000000	0.00000000	249	0.02837284	1.00000000	0.00000000	39	0.02903946	0.99999994	0.00000000	41	0.03882576	1.00000000	0.00000000	50	0.02840909	0.99999988	0.00000000	62	0.03125000	0.99999988	0.00000000	37	0.02852737	0.99999988	0.00000000	33	0.02766136	1.00000012	0.00000000	178	0.02805801	0.99999982	0.00000000	204	0.02989449	0.99999988	0.00000000	218	0.02736287	1.00000000	0.00000000	232	0.02729733	1.00000000	0.00000000	253	0.02833781	1.00000000	0.00000000	248	0.02820425	1.00000012	0.00000000
10877	HC	152	0.09470000	0.29180000	130	0.02260083	1.00000012	0.00000000	175	0.02555491	1.00000000	0.00000000	1020	0.02828933	0.99999988	0.00000000	1096	0.02818930	0.99999994	0.00000000	772	0.02705355	1.00000000	0.00000000	765	0.02693662	1.00000012	0.00000000	268	0.02805695	1.00000000	0.00000000	249	0.02837284	1.00000000	0.00000000	39	0.02903946	1.00000000	0.00000000	41	0.03882576	1.00000000	0.00000000	50	0.02840909	0.99999982	0.00000000	62	0.03125000	0.99999994	0.00000000	37	0.02852737	1.00000012	0.00000000	33	0.02766136	1.00000000	0.00000000	178	0.02805801	1.00000012	0.00000000	204	0.02989449	1.00000000	0.00000000	218	0.02736287	0.99999994	0.00000000	232	0.02729733	1.00000000	0.00000000	253	0.02833781	1.00000012	0.00000000	248	0.02820425	0.99999988	0.00000000
10882	HC	152	0.26520000	1.32290000	130	0.02260083	1.00000012	0.00000000	175	0.02555491	1.00000000	0.00000000	1020	0.02828933	0.99999988	0.00000000	1096	0.02818930	1.00000000	0.00000000	772	0.02705355	1.00000000	0.00000000	765	0.02693662	0.99999982	0.00000000	268	0.02805695	0.99999988	0.00000000	249	0.02837284	0.99999988	0.00000000	39	0.02903946	1.00000000	0.00000000	41	0.03882576	0.99999994	0.00000000	50	0.02840909	1.00000012	0.00000000	62	0.03125000	0.99999988	0.00000000	37	0.02852737	0.99999988	0.00000000	33	0.02766136	1.00000000	0.00000000	178	0.02805801	1.00000000	0.00000000	204	0.02989449	1.00000012	0.00000000	218	0.02736287	0.99999988	0.00000000	232	0.02729733	0.99999982	0.00000000	253	0.02833781	1.00000012	0.00000000	248	0.02820425	1.00000000	0.00000000
10891	HC	152	0.07920000	0.28120000	130	0.02260083	1.00000000	0.00000000	175	0.02555491	1.00000000	0.00000000	1020	0.02828933	0.99999976	0.00000000	1096	0.02818930	0.99999994	0.00000000	772	0.02705355	1.00000000	0.00000000	765	0.02693662	1.00000000	0.00000000	268	0.02805695	1.00000000	0.00000000	249	0.02837284	1.00000012	0.00000000	39	0.02903946	1.00000012	0.00000000	41	0.03882576	0.99999988	0.00000000	50	0.02840909	1.00000012	0.00000000	62	0.03125000	1.00000000	0.00000000	37	0.02852737	0.99999994	0.00000000	33	0.02766136	0.99999988	0.00000000	178	0.02805801	0.99999994	0.00000000	204	0.02989449	0.99999994	0.00000000	218	0.02736287	1.00000012	0.00000000	232	0.02729733	1.00000000	0.00000000	253	0.02833781	1.00000000	0.00000000	248	0.02820425	0.99999988	0.00000000
10893	HC	152	0.16380000	0.54080000	130	0.02260083	0.99999994	0.00000000	175	0.02555491	1.00000000	0.00000000	1020	0.02828933	1.00000000	0.00000000	1096	0.02818930	0.99999994	0.00000000	772	0.02705355	0.99999988	0.00000000	765	0.02693662	1.00000012	0.00000000	268	0.02805695	0.99999988	0.00000000	249	0.02837284	0.99999982	0.00000000	39	0.02903946	0.99999982	0.00000000	41	0.03882576	1.00000000	0.00000000	50	0.02840909	0.99999994	0.00000000	62	0.03125000	1.00000000	0.00000000	37	0.02852737	0.99999976	0.00000000	33	0.02766136	0.99999988	0.00000000	178	0.02805801	1.00000012	0.00000000	204	0.02989449	1.00000000	0.00000000	218	0.02736287	0.99999994	0.00000000	232	0.02729733	0.99999982	0.00000000	253	0.02833781	0.99999988	0.00000000	248	0.02820425	1.00000000	0.00000000
10912	HC	152	0.12590000	0.29140000	130	0.02260083	1.00000012	0.00000000	175	0.02555491	1.00000000	0.00000000	1020	0.02828933	1.00000012	0.00000000	1096	0.02818930	1.00000000	0.00000000	772	0.02705355	1.00000000	0.00000000	765	0.02693662	1.00000000	0.00000000	268	0.02805695	1.00000000	0.00000000	249	0.02837284	1.00000012	0.00000000	39	0.02903946	0.99999988	0.00000000	41	0.03882576	0.99999988	0.00000000	50	0.02840909	1.00000000	0.00000000	62	0.03125000	0.99999982	0.00000000	37	0.02852737	1.00000000	0.00000000	33	0.02766136	0.99999988	0.00000000	178	0.02805801	1.00000000	0.00000000	204	0.02989449	1.00000000	0.00000000	218	0.02736287	0.99999994	0.00000000	232	0.02729733	1.00000012	0.00000000	253	0.02833781	1.00000000	0.00000000	248	0.02820425	0.99999982	0.00000000
10934	HC	152	0.28380000	5.82790000	130	0.02260083	1.00000000	0.00000000	175	0.02555491	1.00000012	0.00000000	1020	0.02828933	1.00000000	0.00000000	1096	0.02818930	1.00000012	0.00000000	772	0.02705355	0.99999994	0.00000000	765	0.02693662	0.99999988	0.00000000	268	0.02805695	0.99999988	0.00000000	249	0.02837284	0.99999976	0.00000000	39	0.02903946	1.00000000	0.00000000	41	0.03882576	1.00000000	0.00000000	50	0.02840909	0.99999994	0.00000000	62	0.03125000	1.00000024	0.00000000	37	0.02852737	1.00000000	0.00000000	33	0.02766136	0.99999994	0.00000000	178	0.02805801	1.00000000	0.00000000	204	0.02989449	1.00000012	0.00000000	218	0.02736287	0.99999976	0.00000000	232	0.02729733	0.99999988	0.00000000	253	0.02833781	1.00000000	0.00000000	248	0.02820425	1.00000000	0.00000000
10940	HC	152	0.10740000	0.27940000	130	0.02260083	1.00000012	0.00000000	175	0.02555491	1.00000012	0.00000000	1020	0.02828933	1.00000012	0.00000000	1096	0.02818930	0.99999988	0.00000000	772	0.02705355	1.00000036	0.00000000	765	0.02693662	1.00000000	0.00000000	268	0.02805695	1.00000012	0.00000000	249	0.02837284	1.00000012	0.00000000	39	0.02903946	1.00000000	0.00000000	41	0.03882576	1.00000000	0.00000000	50	0.02840909	1.00000000	0.00000000	62	0.03125000	1.00000012	0.00000000	37	0.02852737	1.00000012	0.00000000	33	0.02766136	0.99999994	0.00000000	178	0.02805801	0.99999982	0.00000000	204	0.02989449	1.00000000	0.00000000	218	0.02736287	1.00000024	0.00000000	232	0.02729733	0.99999994	0.00000000	253	0.02833781	1.00000000	0.00000000	248	0.02820425	1.00000000	0.00000000
10949	HC	152	0.21850000	1.12690000	130	0.02260083	1.00000000	0.00000000	175	0.02555491	1.00000012	0.00000000	1020	0.02828933	1.00000012	0.00000000	1096	0.02818930	0.99999994	0.00000000	772	0.02705355	1.00000000	0.00000000	765	0.02693662	1.00000012	0.00000000	268	0.02805695	1.00000000	0.00000000	249	0.02837284	1.00000000	0.00000000	39	0.02903946	1.00000000	0.00000000	41	0.03882576	1.00000012	0.00000000	50	0.02840909	0.99999988	0.00000000	62	0.03125000	1.00000012	0.00000000	37	0.02852737	0.99999994	0.00000000	33	0.02766136	1.00000012	0.00000000	178	0.02805801	0.99999976	0.00000000	204	0.02989449	0.99999994	0.00000000	218	0.02736287	1.00000000	0.00000000	232	0.02729733	1.00000012	0.00000000	253	0.02833781	0.99999994	0.00000000	248	0.02820425	1.00000000	0.00000000
10958	HC	152	0.08500000	0.65060000	130	0.02260083	1.00000012	0.00000000	175	0.02555491	1.00000012	0.00000000	1020	0.02828933	0.99999988	0.00000000	1096	0.02818930	1.00000012	0.00000000	772	0.02705355	1.00000000	0.00000000	765	0.02693662	1.00000000	0.00000000	268	0.02805695	0.99999982	0.00000000	249	0.02837284	1.00000000	0.00000000	39	0.02903946	0.99999988	0.00000000	41	0.03882576	1.00000000	0.00000000	50	0.02840909	1.00000012	0.00000000	62	0.03125000	0.99999994	0.00000000	37	0.02852737	1.00000000	0.00000000	33	0.02766136	1.00000012	0.00000000	178	0.02805801	1.00000000	0.00000000	204	0.02989449	1.00000012	0.00000000	218	0.02736287	0.99999988	0.00000000	232	0.02729733	1.00000000	0.00000000	253	0.02833781	1.00000000	0.00000000	248	0.02820425	0.99999994	0.00000000
10963	HC	152	0.12370000	0.51700000	130	0.02260083	1.00000000	0.00000000	175	0.02555491	1.00000000	0.00000000	1020	0.02828933	1.00000000	0.00000000	1096	0.02818930	0.99999976	0.00000000	772	0.02705355	1.00000000	0.00000000	765	0.02693662	1.00000000	0.00000000	268	0.02805695	1.00000000	0.00000000	249	0.02837284	1.00000000	0.00000000	39	0.02903946	1.00000012	0.00000000	41	0.03882576	0.99999988	0.00000000	50	0.02840909	1.00000000	0.00000000	62	0.03125000	1.00000012	0.00000000	37	0.02852737	1.00000012	0.00000000	33	0.02766136	1.00000000	0.00000000	178	0.02805801	1.00000000	0.00000000	204	0.02989449	1.00000012	0.00000000	218	0.02736287	0.99999994	0.00000000	232	0.02729733	0.99999988	0.00000000	253	0.02833781	0.99999994	0.00000000	248	0.02820425	0.99999982	0.00000000
10968	HC	152	0.16500000	0.63880000	130	0.02260083	1.00000012	0.00000000	175	0.02555491	1.00000012	0.00000000	1020	0.02828933	0.99999988	0.00000000	1096	0.02818930	0.99999994	0.00000000	772	0.02705355	1.00000000	0.00000000	765	0.02693662	1.00000000	0.00000000	268	0.02805695	1.00000000	0.00000000	249	0.02837284	1.00000000	0.00000000	39	0.02903946	1.00000000	0.00000000	41	0.03882576	1.00000000	0.00000000	50	0.02840909	0.99999988	0.00000000	62	0.03125000	0.99999994	0.00000000	37	0.02852737	1.00000000	0.00000000	33	0.02766136	1.00000000	0.00000000	178	0.02805801	0.99999994	0.00000000	204	0.02989449	0.99999988	0.00000000	218	0.02736287	1.00000012	0.00000000	232	0.02729733	1.00000000	0.00000000	253	0.02833781	1.00000012	0.00000000	248	0.02820425	1.00000000	0.00000000
10975	HC	152	0.17910000	0.99320000	130	0.02260083	1.00000000	0.00000000	175	0.02555491	1.00000000	0.00000000	1020	0.02828933	0.99999988	0.00000000	1096	0.02818930	1.00000000	0.00000000	772	0.02705355	0.99999982	0.00000000	765	0.02693662	1.00000000	0.00000000	268	0.02805695	0.99999994	0.00000000	249	0.02837284	1.00000000	0.00000000	39	0.02903946	0.99999988	0.00000000	41	0.03882576	0.99999994	0.00000000	50	0.02840909	0.99999994	0.00000000	62	0.03125000	1.00000000	0.00000000	37	0.02852737	0.99999994	0.00000000	33	0.02766136	1.00000000	0.00000000	178	0.02805801	1.00000012	0.00000000	204	0.02989449	1.00000000	0.00000000	218	0.02736287	1.00000000	0.00000000	232	0.02729733	1.00000012	0.00000000	253	0.02833781	0.99999988	0.00000000	248	0.02820425	0.99999988	0.00000000
10977	HC	152	0.30320000	3.32920000	130	0.02260083	1.00000000	0.00000000	175	0.02555491	1.00000000	0.00000000	1020	0.02828933	1.00000000	0.00000000	1096	0.02818930	1.00000024	0.00000000	772	0.02705355	1.00000012	0.00000000	765	0.02693662	1.00000000	0.00000000	268	0.02805695	0.99999988	0.00000000	249	0.02837284	1.00000000	0.00000000	39	0.02903946	0.99999994	0.00000000	41	0.03882576	0.99999994	0.00000000	50	0.02840909	0.99999988	0.00000000	62	0.03125000	1.00000000	0.00000000	37	0.02852737	1.00000000	0.00000000	33	0.02766136	0.99999994	0.00000000	178	0.02805801	1.00000012	0.00000000	204	0.02989449	1.00000012	0.00000000	218	0.02736287	1.00000012	0.00000000	232	0.02729733	0.99999976	0.00000000	253	0.02833781	1.00000012	0.00000000	248	0.02820425	0.99999994	0.00000000
10987	HC	152	0.05810000	0.24910000	130	0.02260083	0.99999994	0.00000000	175	0.02555491	1.00000012	0.00000000	1020	0.02828933	1.00000012	0.00000000	1096	0.02818930	1.00000000	0.00000000	772	0.02705355	1.00000000	0.00000000	765	0.02693662	1.00000000	0.00000000	268	0.02805695	1.00000012	0.00000000	249	0.02837284	1.00000000	0.00000000	39	0.02903946	1.00000012	0.00000000	41	0.03882576	0.99999982	0.00000000	50	0.02840909	1.00000000	0.00000000	62	0.03125000	1.00000012	0.00000000	37	0.02852737	1.00000012	0.00000000	33	0.02766136	0.99999988	0.00000000	178	0.02805801	0.99999982	0.00000000	204	0.02989449	0.99999982	0.00000000	218	0.02736287	1.00000000	0.00000000	232	0.02729733	1.00000012	0.00000000	253	0.02833781	0.99999994	0.00000000	248	0.02820425	1.00000000	0.00000000
10998	HC	152	0.92720000	5.48820000	130	0.02260083	1.00000000	0.00000000	175	0.02555491	1.00000012	0.00000000	1020	0.02828933	1.00000000	0.00000000	1096	0.02818930	0.99999988	0.00000000	772	0.02705355	1.00000012	0.00000000	765	0.02693662	0.99999994	0.00000000	268	0.02805695	1.00000012	0.00000000	249	0.02837284	1.00000000	0.00000000	39	0.02903946	1.00000012	0.00000000	41	0.03882576	1.00000000	0.00000000	50	0.02840909	1.00000000	0.00000000	62	0.03125000	0.99999982	0.00000000	37	0.02852737	1.00000000	0.00000000	33	0.02766136	0.99999988	0.00000000	178	0.02805801	1.00000000	0.00000000	204	0.02989449	1.00000000	0.00000000	218	0.02736287	0.99999994	0.00000000	232	0.02729733	0.99999988	0.00000000	253	0.02833781	1.00000000	0.00000000	248	0.02820425	0.99999988	0.00000000
11019	HC	152	0.18860000	0.60500000	130	0.02260083	0.99999994	0.00000000	175	0.02555491	1.00000012	0.00000000	1020	0.02828933	1.00000000	0.00000000	1096	0.02818930	0.99999994	0.00000000	772	0.02705355	1.00000000	0.00000000	765	0.02693662	1.00000000	0.00000000	268	0.02805695	1.00000000	0.00000000	249	0.02837284	1.00000000	0.00000000	39	0.02903946	1.00000000	0.00000000	41	0.03882576	0.99999976	0.00000000	50	0.02840909	0.99999988	0.00000000	62	0.03125000	1.00000000	0.00000000	37	0.02852737	1.00000000	0.00000000	33	0.02766136	1.00000012	0.00000000	178	0.02805801	0.99999982	0.00000000	204	0.02989449	1.00000000	0.00000000	218	0.02736287	0.99999982	0.00000000	232	0.02729733	1.00000000	0.00000000	253	0.02833781	0.99999994	0.00000000	248	0.02820425	1.00000000	0.00000000
11030	HC	152	0.17840000	1.98410000	130	0.02260083	1.00000000	0.00000000	175	0.02555491	1.00000012	0.00000000	1020	0.02828933	1.00000012	0.00000000	1096	0.02818930	0.99999988	0.00000000	772	0.02705355	1.00000000	0.00000000	765	0.02693662	0.99999988	0.00000000	268	0.02805695	0.99999988	0.00000000	249	0.02837284	0.99999988	0.00000000	39	0.02903946	1.00000012	0.00000000	41	0.03882576	1.00000000	0.00000000	50	0.02840909	1.00000012	0.00000000	62	0.03125000	1.00000000	0.00000000	37	0.02852737	0.99999994	0.00000000	33	0.02766136	1.00000012	0.00000000	178	0.02805801	0.99999988	0.00000000	204	0.02989449	0.99999988	0.00000000	218	0.02736287	1.00000012	0.00000000	232	0.02729733	1.00000012	0.00000000	253	0.02833781	1.00000000	0.00000000	248	0.02820425	1.00000012	0.00000000
11044	HC	152	0.09170000	0.23680000	130	0.02260083	1.00000000	0.00000000	175	0.02555491	1.00000000	0.00000000	1020	0.02828933	1.00000012	0.00000000	1096	0.02818930	0.99999988	0.00000000	772	0.02705355	0.99999988	0.00000000	765	0.02693662	1.00000000	0.00000000	268	0.02805695	1.00000000	0.00000000	249	0.02837284	1.00000000	0.00000000	39	0.02903946	0.99999994	0.00000000	41	0.03882576	1.00000012	0.00000000	50	0.02840909	0.99999994	0.00000000	62	0.03125000	1.00000000	0.00000000	37	0.02852737	1.00000012	0.00000000	33	0.02766136	0.99999982	0.00000000	178	0.02805801	1.00000000	0.00000000	204	0.02989449	1.00000000	0.00000000	218	0.02736287	0.99999994	0.00000000	232	0.02729733	1.00000000	0.00000000	253	0.02833781	1.00000000	0.00000000	248	0.02820425	0.99999976	0.00000000
11050	HC	152	0.31500000	1.01060000	130	0.02260083	1.00000012	0.00000000	175	0.02555491	0.99999988	0.00000000	1020	0.02828933	0.99999988	0.00000000	1096	0.02818930	1.00000000	0.00000000	772	0.02705355	0.99999988	0.00000000	765	0.02693662	1.00000012	0.00000000	268	0.02805695	1.00000000	0.00000000	249	0.02837284	1.00000000	0.00000000	39	0.02903946	1.00000000	0.00000000	41	0.03882576	0.99999988	0.00000000	50	0.02840909	0.99999988	0.00000000	62	0.03125000	0.99999988	0.00000000	37	0.02852737	1.00000000	0.00000000	33	0.02766136	1.00000012	0.00000000	178	0.02805801	0.99999994	0.00000000	204	0.02989449	1.00000012	0.00000000	218	0.02736287	1.00000000	0.00000000	232	0.02729733	1.00000000	0.00000000	253	0.02833781	1.00000012	0.00000000	248	0.02820425	0.99999976	0.00000000
11052	HC	152	0.06390000	0.17170000	130	0.02260083	1.00000012	0.00000000	175	0.02555491	1.00000000	0.00000000	1020	0.02828933	0.99999994	0.00000000	1096	0.02818930	0.99999994	0.00000000	772	0.02705355	1.00000000	0.00000000	765	0.02693662	1.00000012	0.00000000	268	0.02805695	1.00000000	0.00000000	249	0.02837284	1.00000012	0.00000000	39	0.02903946	0.99999988	0.00000000	41	0.03882576	0.99999994	0.00000000	50	0.02840909	1.00000000	0.00000000	62	0.03125000	1.00000000	0.00000000	37	0.02852737	0.99999982	0.00000000	33	0.02766136	1.00000000	0.00000000	178	0.02805801	0.99999988	0.00000000	204	0.02989449	1.00000012	0.00000000	218	0.02736287	1.00000000	0.00000000	232	0.02729733	1.00000012	0.00000000	253	0.02833781	1.00000000	0.00000000	248	0.02820425	0.99999994	0.00000000
11059	HC	152	0.11920000	0.39010000	130	0.02260083	1.00000000	0.00000000	175	0.02555491	1.00000012	0.00000000	1020	0.02828933	0.99999982	0.00000000	1096	0.02818930	0.99999988	0.00000000	772	0.02705355	1.00000000	0.00000000	765	0.02693662	1.00000000	0.00000000	268	0.02805695	1.00000012	0.00000000	249	0.02837284	1.00000012	0.00000000	39	0.02903946	1.00000012	0.00000000	41	0.03882576	1.00000000	0.00000000	50	0.02840909	1.00000012	0.00000000	62	0.03125000	1.00000000	0.00000000	37	0.02852737	1.00000000	0.00000000	33	0.02766136	1.00000000	0.00000000	178	0.02805801	1.00000000	0.00000000	204	0.02989449	1.00000000	0.00000000	218	0.02736287	0.99999988	0.00000000	232	0.02729733	1.00000024	0.00000000	253	0.02833781	1.00000000	0.00000000	248	0.02820425	1.00000000	0.00000000
11061	HC	152	0.19850000	3.54350000	130	0.02260083	0.99999988	0.00000000	175	0.02555491	1.00000000	0.00000000	1020	0.02828933	1.00000000	0.00000000	1096	0.02818930	1.00000012	0.00000000	772	0.02705355	0.99999988	0.00000000	765	0.02693662	1.00000000	0.00000000	268	0.02805695	1.00000000	0.00000000	249	0.02837284	1.00000012	0.00000000	39	0.02903946	0.99999982	0.00000000	41	0.03882576	0.99999994	0.00000000	50	0.02840909	0.99999982	0.00000000	62	0.03125000	1.00000000	0.00000000	37	0.02852737	0.99999988	0.00000000	33	0.02766136	0.99999994	0.00000000	178	0.02805801	1.00000012	0.00000000	204	0.02989449	0.99999988	0.00000000	218	0.02736287	1.00000000	0.00000000	232	0.02729733	1.00000000	0.00000000	253	0.02833781	0.99999982	0.00000000	248	0.02820425	1.00000012	0.00000000
11062	HC	152	0.39960000	4.34090000	130	0.02260083	1.00000000	0.00000000	175	0.02555491	1.00000000	0.00000000	1020	0.02828933	1.00000000	0.00000000	1096	0.02818930	1.00000000	0.00000000	772	0.02705355	1.00000000	0.00000000	765	0.02693662	0.99999982	0.00000000	268	0.02805695	1.00000000	0.00000000	249	0.02837284	0.99999994	0.00000000	39	0.02903946	1.00000012	0.00000000	41	0.03882576	0.99999994	0.00000000	50	0.02840909	0.99999982	0.00000000	62	0.03125000	0.99999988	0.00000000	37	0.02852737	0.99999994	0.00000000	33	0.02766136	0.99999982	0.00000000	178	0.02805801	1.00000000	0.00000000	204	0.02989449	1.00000000	0.00000000	218	0.02736287	0.99999988	0.00000000	232	0.02729733	1.00000012	0.00000000	253	0.02833781	1.00000000	0.00000000	248	0.02820425	0.99999982	0.00000000
11066	HC	152	0.10530000	0.23500000	130	0.02260083	1.00000000	0.00000000	175	0.02555491	0.99999994	0.00000000	1020	0.02828933	1.00000000	0.00000000	1096	0.02818930	1.00000000	0.00000000	772	0.02705355	1.00000000	0.00000000	765	0.02693662	1.00000000	0.00000000	268	0.02805695	1.00000000	0.00000000	249	0.02837284	0.99999988	0.00000000	39	0.02903946	1.00000000	0.00000000	41	0.03882576	1.00000024	0.00000000	50	0.02840909	1.00000000	0.00000000	62	0.03125000	1.00000012	0.00000000	37	0.02852737	1.00000000	0.00000000	33	0.02766136	0.99999994	0.00000000	178	0.02805801	1.00000012	0.00000000	204	0.02989449	1.00000012	0.00000000	218	0.02736287	1.00000000	0.00000000	232	0.02729733	0.99999982	0.00000000	253	0.02833781	1.00000012	0.00000000	248	0.02820425	1.00000000	0.00000000
11067	HC	152	0.07280000	0.16650000	130	0.02260083	1.00000012	0.00000000	175	0.02555491	1.00000000	0.00000000	1020	0.02828933	0.99999994	0.00000000	1096	0.02818930	1.00000000	0.00000000	772	0.02705355	1.00000000	0.00000000	765	0.02693662	1.00000012	0.00000000	268	0.02805695	1.00000000	0.00000000	249	0.02837284	1.00000000	0.00000000	39	0.02903946	0.99999988	0.00000000	41	0.03882576	1.00000000	0.00000000	50	0.02840909	0.99999994	0.00000000	62	0.03125000	0.99999988	0.00000000	37	0.02852737	1.00000000	0.00000000	33	0.02766136	1.00000000	0.00000000	178	0.02805801	0.99999988	0.00000000	204	0.02989449	1.00000000	0.00000000	218	0.02736287	1.00000000	0.00000000	232	0.02729733	1.00000000	0.00000000	253	0.02833781	1.00000000	0.00000000	248	0.02820425	1.00000012	0.00000000
11068	HC	152	0.10740000	0.25880000	130	0.02260083	0.99999988	0.00000000	175	0.02555491	1.00000012	0.00000000	1020	0.02828933	1.00000000	0.00000000	1096	0.02818930	1.00000000	0.00000000	772	0.02705355	1.00000000	0.00000000	765	0.02693662	0.99999982	0.00000000	268	0.02805695	1.00000000	0.00000000	249	0.02837284	0.99999988	0.00000000	39	0.02903946	0.99999994	0.00000000	41	0.03882576	1.00000000	0.00000000	50	0.02840909	1.00000012	0.00000000	62	0.03125000	0.99999976	0.00000000	37	0.02852737	0.99999988	0.00000000	33	0.02766136	1.00000012	0.00000000	178	0.02805801	1.00000000	0.00000000	204	0.02989449	1.00000000	0.00000000	218	0.02736287	0.99999988	0.00000000	232	0.02729733	1.00000012	0.00000000	253	0.02833781	1.00000000	0.00000000	248	0.02820425	0.99999988	0.00000000
11077	HC	152	0.10640000	0.27940000	130	0.02260083	1.00000012	0.00000000	175	0.02555491	1.00000012	0.00000000	1020	0.02828933	0.99999988	0.00000000	1096	0.02818930	1.00000000	0.00000000	772	0.02705355	0.99999994	0.00000000	765	0.02693662	1.00000000	0.00000000	268	0.02805695	0.99999994	0.00000000	249	0.02837284	1.00000000	0.00000000	39	0.02903946	1.00000000	0.00000000	41	0.03882576	0.99999988	0.00000000	50	0.02840909	1.00000012	0.00000000	62	0.03125000	1.00000000	0.00000000	37	0.02852737	1.00000000	0.00000000	33	0.02766136	1.00000000	0.00000000	178	0.02805801	0.99999988	0.00000000	204	0.02989449	1.00000012	0.00000000	218	0.02736287	0.99999988	0.00000000	232	0.02729733	0.99999988	0.00000000	253	0.02833781	0.99999988	0.00000000	248	0.02820425	0.99999988	0.00000000
11088	HC	152	0.10450000	0.38870000	130	0.02260083	0.99999982	0.00000000	175	0.02555491	1.00000012	0.00000000	1020	0.02828933	0.99999994	0.00000000	1096	0.02818930	0.99999976	0.00000000	772	0.02705355	1.00000012	0.00000000	765	0.02693662	1.00000012	0.00000000	268	0.02805695	1.00000012	0.00000000	249	0.02837284	0.99999982	0.00000000	39	0.02903946	0.99999988	0.00000000	41	0.03882576	1.00000012	0.00000000	50	0.02840909	0.99999988	0.00000000	62	0.03125000	1.00000012	0.00000000	37	0.02852737	1.00000012	0.00000000	33	0.02766136	0.99999988	0.00000000	178	0.02805801	1.00000000	0.00000000	204	0.02989449	1.00000000	0.00000000	218	0.02736287	1.00000000	0.00000000	232	0.02729733	1.00000000	0.00000000	253	0.02833781	1.00000000	0.00000000	248	0.02820425	0.99999994	0.00000000
11090	HC	152	0.08610000	0.24540000	130	0.02260083	1.00000000	0.00000000	175	0.02555491	1.00000000	0.00000000	1020	0.02828933	0.99999994	0.00000000	1096	0.02818930	1.00000000	0.00000000	772	0.02705355	0.99999994	0.00000000	765	0.02693662	1.00000000	0.00000000	268	0.02805695	1.00000000	0.00000000	249	0.02837284	1.00000000	0.00000000	39	0.02903946	1.00000000	0.00000000	41	0.03882576	1.00000000	0.00000000	50	0.02840909	1.00000000	0.00000000	62	0.03125000	1.00000000	0.00000000	37	0.02852737	0.99999988	0.00000000	33	0.02766136	1.00000012	0.00000000	178	0.02805801	1.00000000	0.00000000	204	0.02989449	1.00000000	0.00000000	218	0.02736287	1.00000012	0.00000000	232	0.02729733	0.99999988	0.00000000	253	0.02833781	0.99999988	0.00000000	248	0.02820425	0.99999988	0.00000000
11097	HC	152	0.13070000	0.35400000	170	0.02955494	0.99999988	0.00000000	206	0.03008178	1.00000000	0.00000000	1008	0.02795651	1.00000000	0.00000000	1078	0.02772634	1.00000000	0.00000000	819	0.02870059	1.00000012	0.00000000	818	0.02880282	1.00000000	0.00000000	280	0.02931323	0.99999988	0.00000000	254	0.02894257	0.99999988	0.00000000	28	0.02084885	0.99999988	0.00000000	34	0.03219697	0.99999988	0.00000000	48	0.02727273	1.00000012	0.00000000	57	0.02872984	1.00000000	0.00000000	36	0.02775636	1.00000000	0.00000000	31	0.02598491	1.00000000	0.00000000	173	0.02726986	1.00000012	0.00000000	203	0.02974795	0.99999988	0.00000000	226	0.02836701	0.99999988	0.00000000	235	0.02765031	1.00000000	0.00000000	248	0.02777778	1.00000000	0.00000000	238	0.02706699	0.99999976	0.00000000
11098	HC	152	0.07570000	0.26490000	130	0.02260083	0.99999988	0.00000000	175	0.02555491	1.00000012	0.00000000	1020	0.02828933	1.00000000	0.00000000	1096	0.02818930	0.99999988	0.00000000	772	0.02705355	1.00000000	0.00000000	765	0.02693662	1.00000000	0.00000000	268	0.02805695	1.00000000	0.00000000	249	0.02837284	1.00000000	0.00000000	39	0.02903946	1.00000012	0.00000000	41	0.03882576	1.00000000	0.00000000	50	0.02840909	1.00000000	0.00000000	62	0.03125000	1.00000012	0.00000000	37	0.02852737	0.99999976	0.00000000	33	0.02766136	1.00000000	0.00000000	178	0.02805801	1.00000000	0.00000000	204	0.02989449	0.99999994	0.00000000	218	0.02736287	1.00000000	0.00000000	232	0.02729733	1.00000012	0.00000000	253	0.02833781	1.00000000	0.00000000	248	0.02820425	1.00000000	0.00000000
11104	HC	152	0.16860000	1.27990000	130	0.02260083	1.00000000	0.00000000	175	0.02555491	1.00000000	0.00000000	1020	0.02828933	1.00000012	0.00000000	1096	0.02818930	0.99999988	0.00000000	772	0.02705355	1.00000000	0.00000000	765	0.02693662	1.00000000	0.00000000	268	0.02805695	1.00000000	0.00000000	249	0.02837284	0.99999982	0.00000000	39	0.02903946	0.99999982	0.00000000	41	0.03882576	1.00000000	0.00000000	50	0.02840909	1.00000000	0.00000000	62	0.03125000	1.00000000	0.00000000	37	0.02852737	1.00000000	0.00000000	33	0.02766136	1.00000012	0.00000000	178	0.02805801	0.99999976	0.00000000	204	0.02989449	0.99999982	0.00000000	218	0.02736287	1.00000000	0.00000000	232	0.02729733	0.99999982	0.00000000	253	0.02833781	1.00000000	0.00000000	248	0.02820425	0.99999976	0.00000000
11105	HC	152	0.08100000	0.26410000	130	0.02260083	0.99999988	0.00000000	175	0.02555491	1.00000012	0.00000000	1020	0.02828933	0.99999976	0.00000000	1096	0.02818930	1.00000012	0.00000000	772	0.02705355	1.00000012	0.00000000	765	0.02693662	0.99999988	0.00000000	268	0.02805695	1.00000000	0.00000000	249	0.02837284	0.99999994	0.00000000	39	0.02903946	1.00000000	0.00000000	41	0.03882576	1.00000012	0.00000000	50	0.02840909	0.99999994	0.00000000	62	0.03125000	1.00000012	0.00000000	37	0.02852737	0.99999976	0.00000000	33	0.02766136	0.99999982	0.00000000	178	0.02805801	1.00000000	0.00000000	204	0.02989449	1.00000000	0.00000000	218	0.02736287	1.00000000	0.00000000	232	0.02729733	1.00000012	0.00000000	253	0.02833781	1.00000012	0.00000000	248	0.02820425	1.00000000	0.00000000
11106	HC	152	0.15630000	0.67990000	130	0.02260083	0.99999994	0.00000000	175	0.02555491	1.00000012	0.00000000	1020	0.02828933	1.00000000	0.00000000	1096	0.02818930	1.00000012	0.00000000	772	0.02705355	1.00000012	0.00000000	765	0.02693662	1.00000000	0.00000000	268	0.02805695	1.00000000	0.00000000	249	0.02837284	1.00000000	0.00000000	39	0.02903946	1.00000000	0.00000000	41	0.03882576	1.00000000	0.00000000	50	0.02840909	1.00000000	0.00000000	62	0.03125000	1.00000000	0.00000000	37	0.02852737	1.00000012	0.00000000	33	0.02766136	1.00000000	0.00000000	178	0.02805801	0.99999988	0.00000000	204	0.02989449	1.00000000	0.00000000	218	0.02736287	1.00000000	0.00000000	232	0.02729733	1.00000000	0.00000000	253	0.02833781	1.00000012	0.00000000	248	0.02820425	0.99999994	0.00000000
11108	HC	152	0.09880000	0.55970000	130	0.02260083	0.99999988	0.00000000	175	0.02555491	1.00000012	0.00000000	1020	0.02828933	1.00000000	0.00000000	1096	0.02818930	0.99999994	0.00000000	772	0.02705355	0.99999988	0.00000000	765	0.02693662	1.00000012	0.00000000	268	0.02805695	1.00000012	0.00000000	249	0.02837284	1.00000000	0.00000000	39	0.02903946	0.99999994	0.00000000	41	0.03882576	0.99999994	0.00000000	50	0.02840909	0.99999994	0.00000000	62	0.03125000	0.99999982	0.00000000	37	0.02852737	1.00000012	0.00000000	33	0.02766136	1.00000024	0.00000000	178	0.02805801	0.99999988	0.00000000	204	0.02989449	0.99999976	0.00000000	218	0.02736287	0.99999988	0.00000000	232	0.02729733	1.00000012	0.00000000	253	0.02833781	1.00000000	0.00000000	248	0.02820425	0.99999988	0.00000000
11112	HC	152	0.08820000	0.23480000	130	0.02260083	1.00000000	0.00000000	175	0.02555491	0.99999982	0.00000000	1020	0.02828933	1.00000000	0.00000000	1096	0.02818930	0.99999976	0.00000000	772	0.02705355	1.00000000	0.00000000	765	0.02693662	1.00000012	0.00000000	268	0.02805695	0.99999988	0.00000000	249	0.02837284	1.00000012	0.00000000	39	0.02903946	0.99999994	0.00000000	41	0.03882576	0.99999988	0.00000000	50	0.02840909	0.99999982	0.00000000	62	0.03125000	0.99999994	0.00000000	37	0.02852737	1.00000000	0.00000000	33	0.02766136	0.99999994	0.00000000	178	0.02805801	1.00000012	0.00000000	204	0.02989449	0.99999988	0.00000000	218	0.02736287	1.00000012	0.00000000	232	0.02729733	0.99999988	0.00000000	253	0.02833781	0.99999988	0.00000000	248	0.02820425	1.00000012	0.00000000
11122	HC	152	0.22550000	0.95540000	130	0.02260083	1.00000000	0.00000000	175	0.02555491	0.99999976	0.00000000	1020	0.02828933	1.00000000	0.00000000	1096	0.02818930	1.00000000	0.00000000	772	0.02705355	1.00000012	0.00000000	765	0.02693662	0.99999994	0.00000000	268	0.02805695	0.99999994	0.00000000	249	0.02837284	1.00000000	0.00000000	39	0.02903946	1.00000012	0.00000000	41	0.03882576	1.00000012	0.00000000	50	0.02840909	1.00000000	0.00000000	62	0.03125000	1.00000000	0.00000000	37	0.02852737	1.00000000	0.00000000	33	0.02766136	0.99999988	0.00000000	178	0.02805801	0.99999988	0.00000000	204	0.02989449	1.00000000	0.00000000	218	0.02736287	1.00000000	0.00000000	232	0.02729733	1.00000000	0.00000000	253	0.02833781	1.00000000	0.00000000	248	0.02820425	0.99999994	0.00000000
11128	HC	152	0.16080000	1.92930000	130	0.02260083	1.00000000	0.00000000	175	0.02555491	1.00000000	0.00000000	1020	0.02828933	0.99999982	0.00000000	1096	0.02818930	1.00000000	0.00000000	772	0.02705355	1.00000000	0.00000000	765	0.02693662	1.00000012	0.00000000	268	0.02805695	0.99999994	0.00000000	249	0.02837284	1.00000000	0.00000000	39	0.02903946	0.99999988	0.00000000	41	0.03882576	0.99999988	0.00000000	50	0.02840909	0.99999994	0.00000000	62	0.03125000	1.00000000	0.00000000	37	0.02852737	1.00000012	0.00000000	33	0.02766136	1.00000012	0.00000000	178	0.02805801	0.99999988	0.00000000	204	0.02989449	1.00000012	0.00000000	218	0.02736287	1.00000000	0.00000000	232	0.02729733	1.00000000	0.00000000	253	0.02833781	1.00000000	0.00000000	248	0.02820425	0.99999976	0.00000000
11131	HC	152	0.12000000	0.41580000	130	0.02260083	1.00000000	0.00000000	175	0.02555491	1.00000024	0.00000000	1020	0.02828933	1.00000012	0.00000000	1096	0.02818930	1.00000000	0.00000000	772	0.02705355	1.00000000	0.00000000	765	0.02693662	1.00000000	0.00000000	268	0.02805695	0.99999976	0.00000000	249	0.02837284	0.99999988	0.00000000	39	0.02903946	1.00000000	0.00000000	41	0.03882576	1.00000000	0.00000000	50	0.02840909	1.00000000	0.00000000	62	0.03125000	0.99999988	0.00000000	37	0.02852737	0.99999994	0.00000000	33	0.02766136	0.99999994	0.00000000	178	0.02805801	1.00000012	0.00000000	204	0.02989449	1.00000012	0.00000000	218	0.02736287	0.99999976	0.00000000	232	0.02729733	1.00000000	0.00000000	253	0.02833781	1.00000024	0.00000000	248	0.02820425	1.00000000	0.00000000
11142	HC	152	0.15310000	1.28260000	130	0.02260083	1.00000000	0.00000000	175	0.02555491	1.00000000	0.00000000	1020	0.02828933	1.00000012	0.00000000	1096	0.02818930	1.00000000	0.00000000	772	0.02705355	1.00000000	0.00000000	765	0.02693662	0.99999994	0.00000000	268	0.02805695	1.00000000	0.00000000	249	0.02837284	1.00000000	0.00000000	39	0.02903946	0.99999988	0.00000000	41	0.03882576	1.00000000	0.00000000	50	0.02840909	1.00000012	0.00000000	62	0.03125000	1.00000000	0.00000000	37	0.02852737	0.99999988	0.00000000	33	0.02766136	1.00000012	0.00000000	178	0.02805801	1.00000000	0.00000000	204	0.02989449	1.00000000	0.00000000	218	0.02736287	0.99999988	0.00000000	232	0.02729733	0.99999994	0.00000000	253	0.02833781	0.99999988	0.00000000	248	0.02820425	1.00000000	0.00000000
11143	HC	152	0.06990000	0.19460000	130	0.02260083	1.00000012	0.00000000	175	0.02555491	0.99999994	0.00000000	1020	0.02828933	1.00000012	0.00000000	1096	0.02818930	1.00000000	0.00000000	772	0.02705355	1.00000000	0.00000000	765	0.02693662	1.00000000	0.00000000	268	0.02805695	0.99999988	0.00000000	249	0.02837284	1.00000000	0.00000000	39	0.02903946	1.00000012	0.00000000	41	0.03882576	0.99999994	0.00000000	50	0.02840909	1.00000012	0.00000000	62	0.03125000	0.99999994	0.00000000	37	0.02852737	0.99999976	0.00000000	33	0.02766136	0.99999988	0.00000000	178	0.02805801	1.00000000	0.00000000	204	0.02989449	0.99999988	0.00000000	218	0.02736287	0.99999982	0.00000000	232	0.02729733	1.00000000	0.00000000	253	0.02833781	0.99999988	0.00000000	248	0.02820425	1.00000024	0.00000000
11149	HC	152	0.16870000	0.40260000	130	0.02260083	1.00000012	0.00000000	175	0.02555491	0.99999994	0.00000000	1020	0.02828933	1.00000000	0.00000000	1096	0.02818930	1.00000000	0.00000000	772	0.02705355	1.00000000	0.00000000	765	0.02693662	1.00000000	0.00000000	268	0.02805695	1.00000012	0.00000000	249	0.02837284	0.99999994	0.00000000	39	0.02903946	1.00000000	0.00000000	41	0.03882576	1.00000000	0.00000000	50	0.02840909	1.00000000	0.00000000	62	0.03125000	1.00000000	0.00000000	37	0.02852737	1.00000012	0.00000000	33	0.02766136	1.00000012	0.00000000	178	0.02805801	1.00000012	0.00000000	204	0.02989449	0.99999982	0.00000000	218	0.02736287	1.00000000	0.00000000	232	0.02729733	1.00000000	0.00000000	253	0.02833781	1.00000012	0.00000000	248	0.02820425	1.00000000	0.00000000
11156	HC	152	0.11320000	0.40770000	130	0.02260083	1.00000012	0.00000000	175	0.02555491	1.00000000	0.00000000	1020	0.02828933	1.00000000	0.00000000	1096	0.02818930	1.00000000	0.00000000	772	0.02705355	0.99999988	0.00000000	765	0.02693662	0.99999994	0.00000000	268	0.02805695	1.00000000	0.00000000	249	0.02837284	1.00000000	0.00000000	39	0.02903946	1.00000012	0.00000000	41	0.03882576	1.00000000	0.00000000	50	0.02840909	1.00000012	0.00000000	62	0.03125000	0.99999994	0.00000000	37	0.02852737	1.00000000	0.00000000	33	0.02766136	1.00000000	0.00000000	178	0.02805801	0.99999994	0.00000000	204	0.02989449	0.99999988	0.00000000	218	0.02736287	0.99999994	0.00000000	232	0.02729733	0.99999994	0.00000000	253	0.02833781	0.99999988	0.00000000	248	0.02820425	1.00000000	0.00000000
60001	BD	152	0.12030000	0.36980000	130	0.02260083	1.00000000	0.00000000	175	0.02555491	1.00000012	0.00000000	1020	0.02828933	1.00000000	0.00000000	1096	0.02818930	1.00000000	0.00000000	772	0.02705355	1.00000000	0.00000000	765	0.02693662	1.00000000	0.00000000	268	0.02805695	0.99999988	0.00000000	249	0.02837284	1.00000012	0.00000000	39	0.02903946	0.99999976	0.00000000	41	0.03882576	1.00000000	0.00000000	50	0.02840909	1.00000012	0.00000000	62	0.03125000	1.00000012	0.00000000	37	0.02852737	1.00000000	0.00000000	33	0.02766136	1.00000024	0.00000000	178	0.02805801	0.99999976	0.00000000	204	0.02989449	1.00000000	0.00000000	218	0.02736287	1.00000012	0.00000000	232	0.02729733	1.00000000	0.00000000	253	0.02833781	0.99999994	0.00000000	248	0.02820425	1.00000000	0.00000000
60005	BD	152	0.25430000	0.49180000	130	0.02260083	1.00000000	0.00000000	175	0.02555491	1.00000012	0.00000000	1020	0.02828933	1.00000000	0.00000000	1096	0.02818930	0.99999994	0.00000000	772	0.02705355	0.99999988	0.00000000	765	0.02693662	0.99999982	0.00000000	268	0.02805695	1.00000012	0.00000000	249	0.02837284	0.99999982	0.00000000	39	0.02903946	1.00000012	0.00000000	41	0.03882576	1.00000000	0.00000000	50	0.02840909	0.99999988	0.00000000	62	0.03125000	0.99999994	0.00000000	37	0.02852737	1.00000000	0.00000000	33	0.02766136	1.00000000	0.00000000	178	0.02805801	1.00000000	0.00000000	204	0.02989449	0.99999988	0.00000000	218	0.02736287	0.99999976	0.00000000	232	0.02729733	0.99999988	0.00000000	253	0.02833781	1.00000000	0.00000000	248	0.02820425	1.00000000	0.00000000
60006	BD	152	0.12330000	0.86640000	130	0.02260083	0.99999994	0.00000000	175	0.02555491	1.00000000	0.00000000	1020	0.02828933	0.99999988	0.00000000	1096	0.02818930	0.99999982	0.00000000	772	0.02705355	0.99999988	0.00000000	765	0.02693662	0.99999988	0.00000000	268	0.02805695	1.00000000	0.00000000	249	0.02837284	1.00000012	0.00000000	39	0.02903946	1.00000012	0.00000000	41	0.03882576	1.00000000	0.00000000	50	0.02840909	1.00000000	0.00000000	62	0.03125000	1.00000012	0.00000000	37	0.02852737	1.00000000	0.00000000	33	0.02766136	0.99999994	0.00000000	178	0.02805801	0.99999994	0.00000000	204	0.02989449	1.00000012	0.00000000	218	0.02736287	1.00000000	0.00000000	232	0.02729733	1.00000012	0.00000000	253	0.02833781	0.99999994	0.00000000	248	0.02820425	1.00000000	0.00000000
60008	BD	152	0.07210000	0.27890000	130	0.02260083	1.00000012	0.00000000	175	0.02555491	1.00000000	0.00000000	1020	0.02828933	1.00000012	0.00000000	1096	0.02818930	1.00000000	0.00000000	772	0.02705355	1.00000000	0.00000000	765	0.02693662	1.00000012	0.00000000	268	0.02805695	0.99999988	0.00000000	249	0.02837284	1.00000000	0.00000000	39	0.02903946	1.00000000	0.00000000	41	0.03882576	1.00000012	0.00000000	50	0.02840909	1.00000000	0.00000000	62	0.03125000	0.99999988	0.00000000	37	0.02852737	1.00000012	0.00000000	33	0.02766136	0.99999988	0.00000000	178	0.02805801	0.99999994	0.00000000	204	0.02989449	1.00000012	0.00000000	218	0.02736287	1.00000000	0.00000000	232	0.02729733	0.99999988	0.00000000	253	0.02833781	1.00000000	0.00000000	248	0.02820425	1.00000012	0.00000000
60010	BD	152	0.28200000	0.82030000	130	0.02260083	1.00000012	0.00000000	175	0.02555491	0.99999982	0.00000000	1020	0.02828933	1.00000000	0.00000000	1096	0.02818930	1.00000000	0.00000000	772	0.02705355	1.00000000	0.00000000	765	0.02693662	0.99999988	0.00000000	268	0.02805695	0.99999994	0.00000000	249	0.02837284	0.99999988	0.00000000	39	0.02903946	1.00000012	0.00000000	41	0.03882576	1.00000012	0.00000000	50	0.02840909	1.00000000	0.00000000	62	0.03125000	0.99999976	0.00000000	37	0.02852737	0.99999982	0.00000000	33	0.02766136	1.00000000	0.00000000	178	0.02805801	0.99999988	0.00000000	204	0.02989449	1.00000012	0.00000000	218	0.02736287	0.99999982	0.00000000	232	0.02729733	0.99999994	0.00000000	253	0.02833781	1.00000000	0.00000000	248	0.02820425	1.00000000	0.00000000
60011	BD	152	0.09090000	0.59270000	130	0.02260083	0.99999988	0.00000000	175	0.02555491	0.99999994	0.00000000	1020	0.02828933	1.00000000	0.00000000	1096	0.02818930	1.00000012	0.00000000	772	0.02705355	1.00000000	0.00000000	765	0.02693662	1.00000000	0.00000000	268	0.02805695	0.99999988	0.00000000	249	0.02837284	1.00000000	0.00000000	39	0.02903946	1.00000012	0.00000000	41	0.03882576	0.99999982	0.00000000	50	0.02840909	1.00000000	0.00000000	62	0.03125000	1.00000000	0.00000000	37	0.02852737	1.00000000	0.00000000	33	0.02766136	0.99999994	0.00000000	178	0.02805801	1.00000000	0.00000000	204	0.02989449	0.99999988	0.00000000	218	0.02736287	1.00000012	0.00000000	232	0.02729733	0.99999982	0.00000000	253	0.02833781	1.00000012	0.00000000	248	0.02820425	1.00000000	0.00000000
60012	BD	152	0.06790000	0.36960000	130	0.02260083	0.99999994	0.00000000	175	0.02555491	1.00000012	0.00000000	1020	0.02828933	0.99999988	0.00000000	1096	0.02818930	1.00000000	0.00000000	772	0.02705355	1.00000000	0.00000000	765	0.02693662	1.00000000	0.00000000	268	0.02805695	1.00000012	0.00000000	249	0.02837284	1.00000000	0.00000000	39	0.02903946	1.00000000	0.00000000	41	0.03882576	0.99999994	0.00000000	50	0.02840909	0.99999994	0.00000000	62	0.03125000	1.00000000	0.00000000	37	0.02852737	0.99999988	0.00000000	33	0.02766136	0.99999988	0.00000000	178	0.02805801	0.99999988	0.00000000	204	0.02989449	0.99999988	0.00000000	218	0.02736287	1.00000000	0.00000000	232	0.02729733	0.99999994	0.00000000	253	0.02833781	0.99999994	0.00000000	248	0.02820425	1.00000012	0.00000000
60014	BD	152	0.25620000	0.66950000	130	0.02260083	1.00000000	0.00000000	175	0.02555491	0.99999982	0.00000000	1020	0.02828933	1.00000012	0.00000000	1096	0.02818930	0.99999982	0.00000000	772	0.02705355	1.00000000	0.00000000	765	0.02693662	0.99999994	0.00000000	268	0.02805695	0.99999988	0.00000000	249	0.02837284	1.00000012	0.00000000	39	0.02903946	1.00000000	0.00000000	41	0.03882576	0.99999988	0.00000000	50	0.02840909	0.99999994	0.00000000	62	0.03125000	0.99999976	0.00000000	37	0.02852737	1.00000000	0.00000000	33	0.02766136	1.00000012	0.00000000	178	0.02805801	0.99999988	0.00000000	204	0.02989449	0.99999994	0.00000000	218	0.02736287	0.99999976	0.00000000	232	0.02729733	0.99999982	0.00000000	253	0.02833781	1.00000012	0.00000000	248	0.02820425	1.00000000	0.00000000
60015	BD	152	0.14830000	0.47260000	130	0.02260083	1.00000000	0.00000000	175	0.02555491	0.99999982	0.00000000	1020	0.02828933	1.00000000	0.00000000	1096	0.02818930	1.00000000	0.00000000	772	0.02705355	1.00000012	0.00000000	765	0.02693662	1.00000012	0.00000000	268	0.02805695	0.99999988	0.00000000	249	0.02837284	1.00000000	0.00000000	39	0.02903946	1.00000000	0.00000000	41	0.03882576	0.99999988	0.00000000	50	0.02840909	1.00000012	0.00000000	62	0.03125000	1.00000012	0.00000000	37	0.02852737	1.00000000	0.00000000	33	0.02766136	1.00000000	0.00000000	178	0.02805801	0.99999982	0.00000000	204	0.02989449	1.00000000	0.00000000	218	0.02736287	0.99999988	0.00000000	232	0.02729733	0.99999994	0.00000000	253	0.02833781	1.00000000	0.00000000	248	0.02820425	0.99999976	0.00000000
60016	BD	152	0.29590000	4.07800000	130	0.02260083	1.00000000	0.00000000	175	0.02555491	1.00000000	0.00000000	1020	0.02828933	0.99999994	0.00000000	1096	0.02818930	1.00000012	0.00000000	772	0.02705355	0.99999988	0.00000000	765	0.02693662	0.99999988	0.00000000	268	0.02805695	1.00000000	0.00000000	249	0.02837284	0.99999988	0.00000000	39	0.02903946	1.00000012	0.00000000	41	0.03882576	0.99999988	0.00000000	50	0.02840909	1.00000000	0.00000000	62	0.03125000	0.99999994	0.00000000	37	0.02852737	0.99999994	0.00000000	33	0.02766136	0.99999976	0.00000000	178	0.02805801	0.99999976	0.00000000	204	0.02989449	1.00000000	0.00000000	218	0.02736287	0.99999988	0.00000000	232	0.02729733	1.00000000	0.00000000	253	0.02833781	0.99999976	0.00000000	248	0.02820425	0.99999994	0.00000000
60017	BD	152	0.44930000	4.21840000	130	0.02260083	0.99999988	0.00000000	175	0.02555491	0.99999994	0.00000000	1020	0.02828933	1.00000000	0.00000000	1096	0.02818930	1.00000000	0.00000000	772	0.02705355	1.00000000	0.00000000	765	0.02693662	0.99999988	0.00000000	268	0.02805695	0.99999994	0.00000000	249	0.02837284	1.00000000	0.00000000	39	0.02903946	0.99999988	0.00000000	41	0.03882576	1.00000012	0.00000000	50	0.02840909	0.99999976	0.00000000	62	0.03125000	1.00000012	0.00000000	37	0.02852737	1.00000000	0.00000000	33	0.02766136	1.00000012	0.00000000	178	0.02805801	0.99999988	0.00000000	204	0.02989449	1.00000000	0.00000000	218	0.02736287	0.99999976	0.00000000	232	0.02729733	0.99999982	0.00000000	253	0.02833781	1.00000012	0.00000000	248	0.02820425	1.00000000	0.00000000
60020	BD	152	0.12970000	0.32300000	130	0.02260083	0.99999994	0.00000000	175	0.02555491	1.00000012	0.00000000	1020	0.02828933	1.00000012	0.00000000	1096	0.02818930	1.00000012	0.00000000	772	0.02705355	1.00000012	0.00000000	765	0.02693662	1.00000000	0.00000000	268	0.02805695	1.00000012	0.00000000	249	0.02837284	1.00000012	0.00000000	39	0.02903946	0.99999994	0.00000000	41	0.03882576	0.99999994	0.00000000	50	0.02840909	0.99999994	0.00000000	62	0.03125000	0.99999988	0.00000000	37	0.02852737	0.99999994	0.00000000	33	0.02766136	1.00000012	0.00000000	178	0.02805801	0.99999976	0.00000000	204	0.02989449	1.00000012	0.00000000	218	0.02736287	1.00000000	0.00000000	232	0.02729733	0.99999994	0.00000000	253	0.02833781	1.00000000	0.00000000	248	0.02820425	0.99999988	0.00000000
60021	BD	152	0.13250000	1.49560000	130	0.02260083	0.99999988	0.00000000	175	0.02555491	1.00000012	0.00000000	1020	0.02828933	1.00000000	0.00000000	1096	0.02818930	1.00000012	0.00000000	772	0.02705355	1.00000000	0.00000000	765	0.02693662	1.00000000	0.00000000	268	0.02805695	0.99999988	0.00000000	249	0.02837284	1.00000012	0.00000000	39	0.02903946	1.00000000	0.00000000	41	0.03882576	1.00000012	0.00000000	50	0.02840909	0.99999994	0.00000000	62	0.03125000	1.00000000	0.00000000	37	0.02852737	1.00000012	0.00000000	33	0.02766136	0.99999988	0.00000000	178	0.02805801	1.00000000	0.00000000	204	0.02989449	0.99999988	0.00000000	218	0.02736287	1.00000012	0.00000000	232	0.02729733	1.00000000	0.00000000	253	0.02833781	1.00000000	0.00000000	248	0.02820425	0.99999982	0.00000000
60022	BD	152	0.05760000	0.26710000	130	0.02260083	1.00000012	0.00000000	175	0.02555491	1.00000012	0.00000000	1020	0.02828933	0.99999988	0.00000000	1096	0.02818930	1.00000000	0.00000000	772	0.02705355	1.00000000	0.00000000	765	0.02693662	0.99999976	0.00000000	268	0.02805695	1.00000000	0.00000000	249	0.02837284	1.00000000	0.00000000	39	0.02903946	1.00000012	0.00000000	41	0.03882576	0.99999976	0.00000000	50	0.02840909	0.99999994	0.00000000	62	0.03125000	0.99999988	0.00000000	37	0.02852737	1.00000012	0.00000000	33	0.02766136	1.00000012	0.00000000	178	0.02805801	1.00000012	0.00000000	204	0.02989449	1.00000000	0.00000000	218	0.02736287	1.00000012	0.00000000	232	0.02729733	0.99999976	0.00000000	253	0.02833781	0.99999988	0.00000000	248	0.02820425	1.00000012	0.00000000
60028	BD	152	0.10520000	0.60630000	130	0.02260083	1.00000000	0.00000000	175	0.02555491	1.00000000	0.00000000	1020	0.02828933	1.00000024	0.00000000	1096	0.02818930	1.00000000	0.00000000	772	0.02705355	0.99999976	0.00000000	765	0.02693662	0.99999988	0.00000000	268	0.02805695	1.00000000	0.00000000	249	0.02837284	0.99999988	0.00000000	39	0.02903946	1.00000012	0.00000000	41	0.03882576	0.99999988	0.00000000	50	0.02840909	0.99999988	0.00000000	62	0.03125000	1.00000000	0.00000000	37	0.02852737	1.00000000	0.00000000	33	0.02766136	0.99999976	0.00000000	178	0.02805801	0.99999988	0.00000000	204	0.02989449	1.00000000	0.00000000	218	0.02736287	1.00000012	0.00000000	232	0.02729733	1.00000000	0.00000000	253	0.02833781	1.00000012	0.00000000	248	0.02820425	1.00000000	0.00000000
60030	BD	152	0.14430000	0.32810000	130	0.02260083	0.99999988	0.00000000	175	0.02555491	1.00000000	0.00000000	1020	0.02828933	1.00000000	0.00000000	1096	0.02818930	1.00000000	0.00000000	772	0.02705355	1.00000000	0.00000000	765	0.02693662	1.00000024	0.00000000	268	0.02805695	1.00000012	0.00000000	249	0.02837284	0.99999994	0.00000000	39	0.02903946	1.00000012	0.00000000	41	0.03882576	1.00000000	0.00000000	50	0.02840909	0.99999976	0.00000000	62	0.03125000	1.00000000	0.00000000	37	0.02852737	1.00000000	0.00000000	33	0.02766136	1.00000012	0.00000000	178	0.02805801	1.00000000	0.00000000	204	0.02989449	0.99999994	0.00000000	218	0.02736287	1.00000012	0.00000000	232	0.02729733	1.00000000	0.00000000	253	0.02833781	1.00000000	0.00000000	248	0.02820425	1.00000000	0.00000000
60033	BD	152	0.23130000	0.58290000	130	0.02260083	1.00000000	0.00000000	175	0.02555491	0.99999988	0.00000000	1020	0.02828933	0.99999994	0.00000000	1096	0.02818930	0.99999988	0.00000000	772	0.02705355	1.00000000	0.00000000	765	0.02693662	1.00000000	0.00000000	268	0.02805695	0.99999982	0.00000000	249	0.02837284	0.99999994	0.00000000	39	0.02903946	1.00000012	0.00000000	41	0.03882576	1.00000000	0.00000000	50	0.02840909	0.99999988	0.00000000	62	0.03125000	1.00000000	0.00000000	37	0.02852737	1.00000012	0.00000000	33	0.02766136	0.99999994	0.00000000	178	0.02805801	1.00000000	0.00000000	204	0.02989449	0.99999988	0.00000000	218	0.02736287	1.00000000	0.00000000	232	0.02729733	1.00000012	0.00000000	253	0.02833781	1.00000000	0.00000000	248	0.02820425	0.99999982	0.00000000
60036	BD	152	0.07770000	0.19360000	130	0.02260083	0.99999994	0.00000000	175	0.02555491	0.99999994	0.00000000	1020	0.02828933	1.00000012	0.00000000	1096	0.02818930	1.00000012	0.00000000	772	0.02705355	1.00000012	0.00000000	765	0.02693662	0.99999988	0.00000000	268	0.02805695	0.99999994	0.00000000	249	0.02837284	0.99999994	0.00000000	39	0.02903946	1.00000000	0.00000000	41	0.03882576	1.00000012	0.00000000	50	0.02840909	1.00000000	0.00000000	62	0.03125000	1.00000000	0.00000000	37	0.02852737	1.00000000	0.00000000	33	0.02766136	0.99999994	0.00000000	178	0.02805801	1.00000000	0.00000000	204	0.02989449	0.99999982	0.00000000	218	0.02736287	0.99999994	0.00000000	232	0.02729733	1.00000012	0.00000000	253	0.02833781	1.00000000	0.00000000	248	0.02820425	1.00000000	0.00000000
60037	BD	152	0.27050000	2.76570000	130	0.02260083	0.99999988	0.00000000	175	0.02555491	1.00000000	0.00000000	1020	0.02828933	0.99999988	0.00000000	1096	0.02818930	1.00000012	0.00000000	772	0.02705355	0.99999982	0.00000000	765	0.02693662	0.99999994	0.00000000	268	0.02805695	1.00000000	0.00000000	249	0.02837284	0.99999994	0.00000000	39	0.02903946	0.99999988	0.00000000	41	0.03882576	1.00000000	0.00000000	50	0.02840909	0.99999988	0.00000000	62	0.03125000	1.00000012	0.00000000	37	0.02852737	1.00000012	0.00000000	33	0.02766136	1.00000012	0.00000000	178	0.02805801	0.99999994	0.00000000	204	0.02989449	1.00000012	0.00000000	218	0.02736287	1.00000000	0.00000000	232	0.02729733	0.99999988	0.00000000	253	0.02833781	1.00000000	0.00000000	248	0.02820425	1.00000000	0.00000000
60038	BD	152	0.10170000	0.45310000	130	0.02260083	1.00000000	0.00000000	175	0.02555491	0.99999994	0.00000000	1020	0.02828933	1.00000000	0.00000000	1096	0.02818930	0.99999988	0.00000000	772	0.02705355	1.00000012	0.00000000	765	0.02693662	1.00000000	0.00000000	268	0.02805695	1.00000012	0.00000000	249	0.02837284	1.00000012	0.00000000	39	0.02903946	0.99999976	0.00000000	41	0.03882576	1.00000012	0.00000000	50	0.02840909	1.00000000	0.00000000	62	0.03125000	1.00000000	0.00000000	37	0.02852737	0.99999976	0.00000000	33	0.02766136	1.00000000	0.00000000	178	0.02805801	1.00000000	0.00000000	204	0.02989449	1.00000000	0.00000000	218	0.02736287	1.00000012	0.00000000	232	0.02729733	1.00000012	0.00000000	253	0.02833781	1.00000000	0.00000000	248	0.02820425	1.00000000	0.00000000
60042	BD	152	0.09220000	0.25920000	130	0.02260083	1.00000000	0.00000000	175	0.02555491	1.00000012	0.00000000	1020	0.02828933	1.00000000	0.00000000	1096	0.02818930	1.00000012	0.00000000	772	0.02705355	1.00000000	0.00000000	765	0.02693662	1.00000012	0.00000000	268	0.02805695	0.99999982	0.00000000	249	0.02837284	0.99999988	0.00000000	39	0.02903946	0.99999994	0.00000000	41	0.03882576	1.00000012	0.00000000	50	0.02840909	0.99999988	0.00000000	62	0.03125000	1.00000012	0.00000000	37	0.02852737	0.99999994	0.00000000	33	0.02766136	0.99999994	0.00000000	178	0.02805801	1.00000012	0.00000000	204	0.02989449	0.99999994	0.00000000	218	0.02736287	1.00000012	0.00000000	232	0.02729733	0.99999988	0.00000000	253	0.02833781	1.00000012	0.00000000	248	0.02820425	0.99999988	0.00000000
60043	BD	152	0.26020000	0.79630000	130	0.02260083	0.99999976	0.00000000	175	0.02555491	0.99999994	0.00000000	1020	0.02828933	1.00000000	0.00000000	1096	0.02818930	1.00000012	0.00000000	772	0.02705355	1.00000000	0.00000000	765	0.02693662	1.00000012	0.00000000	268	0.02805695	1.00000000	0.00000000	249	0.02837284	0.99999988	0.00000000	39	0.02903946	1.00000000	0.00000000	41	0.03882576	1.00000000	0.00000000	50	0.02840909	0.99999982	0.00000000	62	0.03125000	1.00000012	0.00000000	37	0.02852737	1.00000000	0.00000000	33	0.02766136	0.99999976	0.00000000	178	0.02805801	1.00000000	0.00000000	204	0.02989449	1.00000000	0.00000000	218	0.02736287	1.00000024	0.00000000	232	0.02729733	0.99999994	0.00000000	253	0.02833781	1.00000000	0.00000000	248	0.02820425	0.99999988	0.00000000
60045	BD	152	0.53920000	6.97610000	130	0.02260083	1.00000000	0.00000000	175	0.02555491	1.00000000	0.00000000	1020	0.02828933	0.99999988	0.00000000	1096	0.02818930	1.00000000	0.00000000	772	0.02705355	0.99999976	0.00000000	765	0.02693662	1.00000000	0.00000000	268	0.02805695	1.00000000	0.00000000	249	0.02837284	1.00000000	0.00000000	39	0.02903946	0.99999988	0.00000000	41	0.03882576	0.99999976	0.00000000	50	0.02840909	0.99999976	0.00000000	62	0.03125000	1.00000024	0.00000000	37	0.02852737	0.99999976	0.00000000	33	0.02766136	0.99999988	0.00000000	178	0.02805801	0.99999988	0.00000000	204	0.02989449	0.99999994	0.00000000	218	0.02736287	1.00000012	0.00000000	232	0.02729733	0.99999982	0.00000000	253	0.02833781	1.00000000	0.00000000	248	0.02820425	0.99999994	0.00000000
60046	BD	152	0.45900000	0.87100000	130	0.02260083	1.00000000	0.00000000	175	0.02555491	0.99999994	0.00000000	1020	0.02828933	1.00000012	0.00000000	1096	0.02818930	1.00000012	0.00000000	772	0.02705355	0.99999976	0.00000000	765	0.02693662	1.00000000	0.00000000	268	0.02805695	1.00000012	0.00000000	249	0.02837284	0.99999988	0.00000000	39	0.02903946	1.00000000	0.00000000	41	0.03882576	0.99999988	0.00000000	50	0.02840909	0.99999988	0.00000000	62	0.03125000	1.00000012	0.00000000	37	0.02852737	1.00000000	0.00000000	33	0.02766136	0.99999994	0.00000000	178	0.02805801	1.00000000	0.00000000	204	0.02989449	1.00000012	0.00000000	218	0.02736287	0.99999988	0.00000000	232	0.02729733	1.00000012	0.00000000	253	0.02833781	1.00000000	0.00000000	248	0.02820425	1.00000012	0.00000000
60048	BD	152	0.23830000	1.04520000	130	0.02260083	1.00000000	0.00000000	175	0.02555491	0.99999982	0.00000000	1020	0.02828933	0.99999988	0.00000000	1096	0.02818930	1.00000012	0.00000000	772	0.02705355	1.00000000	0.00000000	765	0.02693662	0.99999976	0.00000000	268	0.02805695	1.00000000	0.00000000	249	0.02837284	0.99999988	0.00000000	39	0.02903946	0.99999988	0.00000000	41	0.03882576	1.00000012	0.00000000	50	0.02840909	1.00000000	0.00000000	62	0.03125000	0.99999994	0.00000000	37	0.02852737	1.00000000	0.00000000	33	0.02766136	0.99999994	0.00000000	178	0.02805801	1.00000000	0.00000000	204	0.02989449	0.99999982	0.00000000	218	0.02736287	1.00000000	0.00000000	232	0.02729733	0.99999994	0.00000000	253	0.02833781	1.00000000	0.00000000	248	0.02820425	1.00000012	0.00000000
60049	BD	152	0.08010000	0.20190000	130	0.02260083	0.99999988	0.00000000	175	0.02555491	1.00000000	0.00000000	1020	0.02828933	1.00000000	0.00000000	1096	0.02818930	1.00000012	0.00000000	772	0.02705355	0.99999994	0.00000000	765	0.02693662	1.00000012	0.00000000	268	0.02805695	0.99999994	0.00000000	249	0.02837284	1.00000012	0.00000000	39	0.02903946	1.00000000	0.00000000	41	0.03882576	1.00000000	0.00000000	50	0.02840909	1.00000012	0.00000000	62	0.03125000	1.00000000	0.00000000	37	0.02852737	1.00000012	0.00000000	33	0.02766136	1.00000012	0.00000000	178	0.02805801	0.99999994	0.00000000	204	0.02989449	0.99999988	0.00000000	218	0.02736287	1.00000000	0.00000000	232	0.02729733	1.00000000	0.00000000	253	0.02833781	1.00000000	0.00000000	248	0.02820425	1.00000000	0.00000000
60051	BD	152	0.18030000	1.00830000	130	0.02260083	1.00000012	0.00000000	175	0.02555491	0.99999994	0.00000000	1020	0.02828933	1.00000000	0.00000000	1096	0.02818930	1.00000000	0.00000000	772	0.02705355	1.00000000	0.00000000	765	0.02693662	1.00000000	0.00000000	268	0.02805695	1.00000000	0.00000000	249	0.02837284	0.99999994	0.00000000	39	0.02903946	1.00000012	0.00000000	41	0.03882576	1.00000000	0.00000000	50	0.02840909	1.00000000	0.00000000	62	0.03125000	0.99999988	0.00000000	37	0.02852737	1.00000000	0.00000000	33	0.02766136	1.00000000	0.00000000	178	0.02805801	0.99999982	0.00000000	204	0.02989449	1.00000000	0.00000000	218	0.02736287	1.00000000	0.00000000	232	0.02729733	0.99999988	0.00000000	253	0.02833781	0.99999994	0.00000000	248	0.02820425	1.00000012	0.00000000
60052	BD	152	0.30000000	0.60920000	130	0.02260083	0.99999988	0.00000000	175	0.02555491	0.99999988	0.00000000	1020	0.02828933	1.00000000	0.00000000	1096	0.02818930	1.00000000	0.00000000	772	0.02705355	1.00000012	0.00000000	765	0.02693662	0.99999988	0.00000000	268	0.02805695	1.00000000	0.00000000	249	0.02837284	0.99999988	0.00000000	39	0.02903946	1.00000012	0.00000000	41	0.03882576	1.00000000	0.00000000	50	0.02840909	1.00000012	0.00000000	62	0.03125000	0.99999994	0.00000000	37	0.02852737	1.00000000	0.00000000	33	0.02766136	1.00000012	0.00000000	178	0.02805801	1.00000012	0.00000000	204	0.02989449	0.99999988	0.00000000	218	0.02736287	0.99999988	0.00000000	232	0.02729733	0.99999994	0.00000000	253	0.02833781	1.00000000	0.00000000	248	0.02820425	1.00000000	0.00000000
60053	BD	152	0.12490000	2.60890000	130	0.02260083	0.99999988	0.00000000	175	0.02555491	1.00000000	0.00000000	1020	0.02828933	1.00000000	0.00000000	1096	0.02818930	1.00000000	0.00000000	772	0.02705355	1.00000000	0.00000000	765	0.02693662	1.00000012	0.00000000	268	0.02805695	1.00000000	0.00000000	249	0.02837284	0.99999988	0.00000000	39	0.02903946	1.00000000	0.00000000	41	0.03882576	1.00000012	0.00000000	50	0.02840909	1.00000000	0.00000000	62	0.03125000	1.00000000	0.00000000	37	0.02852737	0.99999988	0.00000000	33	0.02766136	0.99999988	0.00000000	178	0.02805801	0.99999988	0.00000000	204	0.02989449	1.00000000	0.00000000	218	0.02736287	1.00000000	0.00000000	232	0.02729733	1.00000012	0.00000000	253	0.02833781	0.99999994	0.00000000	248	0.02820425	0.99999994	0.00000000
60055	BD	152	0.24340000	0.40100000	130	0.02260083	0.99999994	0.00000000	175	0.02555491	1.00000012	0.00000000	1020	0.02828933	0.99999988	0.00000000	1096	0.02818930	1.00000000	0.00000000	772	0.02705355	1.00000000	0.00000000	765	0.02693662	1.00000000	0.00000000	268	0.02805695	1.00000012	0.00000000	249	0.02837284	1.00000000	0.00000000	39	0.02903946	1.00000012	0.00000000	41	0.03882576	1.00000000	0.00000000	50	0.02840909	1.00000000	0.00000000	62	0.03125000	1.00000000	0.00000000	37	0.02852737	0.99999970	0.00000000	33	0.02766136	1.00000000	0.00000000	178	0.02805801	1.00000012	0.00000000	204	0.02989449	0.99999994	0.00000000	218	0.02736287	0.99999988	0.00000000	232	0.02729733	1.00000000	0.00000000	253	0.02833781	0.99999988	0.00000000	248	0.02820425	0.99999982	0.00000000
60056	BD	152	0.09880000	0.22780000	130	0.02260083	1.00000012	0.00000000	175	0.02555491	1.00000000	0.00000000	1020	0.02828933	1.00000000	0.00000000	1096	0.02818930	0.99999988	0.00000000	772	0.02705355	0.99999988	0.00000000	765	0.02693662	1.00000000	0.00000000	268	0.02805695	1.00000000	0.00000000	249	0.02837284	1.00000012	0.00000000	39	0.02903946	1.00000000	0.00000000	41	0.03882576	1.00000012	0.00000000	50	0.02840909	1.00000000	0.00000000	62	0.03125000	0.99999994	0.00000000	37	0.02852737	1.00000000	0.00000000	33	0.02766136	0.99999988	0.00000000	178	0.02805801	0.99999988	0.00000000	204	0.02989449	0.99999982	0.00000000	218	0.02736287	1.00000012	0.00000000	232	0.02729733	1.00000000	0.00000000	253	0.02833781	0.99999994	0.00000000	248	0.02820425	1.00000000	0.00000000
60057	BD	152	0.10740000	0.24120000	130	0.02260083	1.00000012	0.00000000	175	0.02555491	1.00000012	0.00000000	1020	0.02828933	1.00000000	0.00000000	1096	0.02818930	1.00000000	0.00000000	772	0.02705355	0.99999988	0.00000000	765	0.02693662	0.99999994	0.00000000	268	0.02805695	0.99999994	0.00000000	249	0.02837284	0.99999976	0.00000000	39	0.02903946	1.00000000	0.00000000	41	0.03882576	1.00000000	0.00000000	50	0.02840909	1.00000012	0.00000000	62	0.03125000	0.99999988	0.00000000	37	0.02852737	0.99999994	0.00000000	33	0.02766136	1.00000000	0.00000000	178	0.02805801	0.99999994	0.00000000	204	0.02989449	0.99999988	0.00000000	218	0.02736287	0.99999976	0.00000000	232	0.02729733	0.99999988	0.00000000	253	0.02833781	1.00000012	0.00000000	248	0.02820425	1.00000012	0.00000000
60060	BD	152	0.11000000	0.22470000	130	0.02260083	0.99999994	0.00000000	175	0.02555491	1.00000000	0.00000000	1020	0.02828933	1.00000000	0.00000000	1096	0.02818930	1.00000000	0.00000000	772	0.02705355	0.99999988	0.00000000	765	0.02693662	1.00000000	0.00000000	268	0.02805695	0.99999982	0.00000000	249	0.02837284	1.00000000	0.00000000	39	0.02903946	0.99999994	0.00000000	41	0.03882576	0.99999976	0.00000000	50	0.02840909	1.00000000	0.00000000	62	0.03125000	1.00000000	0.00000000	37	0.02852737	0.99999988	0.00000000	33	0.02766136	1.00000000	0.00000000	178	0.02805801	1.00000000	0.00000000	204	0.02989449	1.00000000	0.00000000	218	0.02736287	1.00000012	0.00000000	232	0.02729733	0.99999988	0.00000000	253	0.02833781	0.99999988	0.00000000	248	0.02820425	1.00000012	0.00000000
60062	BD	152	0.17060000	0.74860000	130	0.02260083	0.99999976	0.00000000	175	0.02555491	0.99999988	0.00000000	1020	0.02828933	1.00000000	0.00000000	1096	0.02818930	1.00000000	0.00000000	772	0.02705355	0.99999994	0.00000000	765	0.02693662	1.00000000	0.00000000	268	0.02805695	1.00000012	0.00000000	249	0.02837284	1.00000000	0.00000000	39	0.02903946	0.99999976	0.00000000	41	0.03882576	0.99999988	0.00000000	50	0.02840909	0.99999982	0.00000000	62	0.03125000	1.00000000	0.00000000	37	0.02852737	0.99999988	0.00000000	33	0.02766136	0.99999994	0.00000000	178	0.02805801	1.00000000	0.00000000	204	0.02989449	1.00000000	0.00000000	218	0.02736287	1.00000000	0.00000000	232	0.02729733	1.00000012	0.00000000	253	0.02833781	1.00000012	0.00000000	248	0.02820425	1.00000000	0.00000000
60065	BD	152	0.18030000	0.97650000	130	0.02260083	0.99999982	0.00000000	175	0.02555491	0.99999994	0.00000000	1020	0.02828933	0.99999994	0.00000000	1096	0.02818930	1.00000000	0.00000000	772	0.02705355	1.00000012	0.00000000	765	0.02693662	1.00000012	0.00000000	268	0.02805695	1.00000000	0.00000000	249	0.02837284	1.00000012	0.00000000	39	0.02903946	0.99999988	0.00000000	41	0.03882576	1.00000000	0.00000000	50	0.02840909	1.00000000	0.00000000	62	0.03125000	1.00000012	0.00000000	37	0.02852737	0.99999988	0.00000000	33	0.02766136	1.00000012	0.00000000	178	0.02805801	0.99999982	0.00000000	204	0.02989449	1.00000000	0.00000000	218	0.02736287	1.00000012	0.00000000	232	0.02729733	1.00000000	0.00000000	253	0.02833781	0.99999994	0.00000000	248	0.02820425	0.99999988	0.00000000
60066	BD	152	0.20520000	1.09540000	130	0.02260083	1.00000000	0.00000000	175	0.02555491	1.00000012	0.00000000	1020	0.02828933	1.00000000	0.00000000	1096	0.02818930	1.00000012	0.00000000	772	0.02705355	1.00000000	0.00000000	765	0.02693662	1.00000012	0.00000000	268	0.02805695	1.00000012	0.00000000	249	0.02837284	1.00000000	0.00000000	39	0.02903946	1.00000012	0.00000000	41	0.03882576	1.00000012	0.00000000	50	0.02840909	1.00000012	0.00000000	62	0.03125000	0.99999994	0.00000000	37	0.02852737	1.00000000	0.00000000	33	0.02766136	1.00000012	0.00000000	178	0.02805801	0.99999988	0.00000000	204	0.02989449	1.00000000	0.00000000	218	0.02736287	0.99999994	0.00000000	232	0.02729733	1.00000000	0.00000000	253	0.02833781	1.00000000	0.00000000	248	0.02820425	1.00000012	0.00000000
60068	BD	152	0.21040000	0.81170000	130	0.02260083	1.00000012	0.00000000	175	0.02555491	1.00000012	0.00000000	1020	0.02828933	0.99999988	0.00000000	1096	0.02818930	1.00000000	0.00000000	772	0.02705355	0.99999994	0.00000000	765	0.02693662	1.00000024	0.00000000	268	0.02805695	0.99999988	0.00000000	249	0.02837284	0.99999988	0.00000000	39	0.02903946	1.00000012	0.00000000	41	0.03882576	0.99999994	0.00000000	50	0.02840909	1.00000000	0.00000000	62	0.03125000	1.00000000	0.00000000	37	0.02852737	1.00000000	0.00000000	33	0.02766136	1.00000012	0.00000000	178	0.02805801	0.99999988	0.00000000	204	0.02989449	0.99999988	0.00000000	218	0.02736287	1.00000000	0.00000000	232	0.02729733	1.00000012	0.00000000	253	0.02833781	0.99999988	0.00000000	248	0.02820425	1.00000000	0.00000000
60070	BD	152	0.34690000	0.77880000	130	0.02260083	1.00000000	0.00000000	175	0.02555491	0.99999994	0.00000000	1020	0.02828933	1.00000000	0.00000000	1096	0.02818930	1.00000000	0.00000000	772	0.02705355	1.00000012	0.00000000	765	0.02693662	1.00000000	0.00000000	268	0.02805695	1.00000000	0.00000000	249	0.02837284	1.00000000	0.00000000	39	0.02903946	1.00000000	0.00000000	41	0.03882576	0.99999988	0.00000000	50	0.02840909	1.00000012	0.00000000	62	0.03125000	0.99999982	0.00000000	37	0.02852737	0.99999988	0.00000000	33	0.02766136	1.00000012	0.00000000	178	0.02805801	0.99999988	0.00000000	204	0.02989449	1.00000000	0.00000000	218	0.02736287	0.99999988	0.00000000	232	0.02729733	1.00000000	0.00000000	253	0.02833781	1.00000012	0.00000000	248	0.02820425	0.99999994	0.00000000
60072	BD	152	0.12350000	0.40260000	130	0.02260083	0.99999982	0.00000000	175	0.02555491	1.00000012	0.00000000	1020	0.02828933	1.00000012	0.00000000	1096	0.02818930	0.99999988	0.00000000	772	0.02705355	1.00000012	0.00000000	765	0.02693662	1.00000000	0.00000000	268	0.02805695	0.99999988	0.00000000	249	0.02837284	1.00000012	0.00000000	39	0.02903946	1.00000012	0.00000000	41	0.03882576	0.99999982	0.00000000	50	0.02840909	0.99999988	0.00000000	62	0.03125000	1.00000012	0.00000000	37	0.02852737	0.99999994	0.00000000	33	0.02766136	1.00000000	0.00000000	178	0.02805801	1.00000012	0.00000000	204	0.02989449	1.00000012	0.00000000	218	0.02736287	0.99999988	0.00000000	232	0.02729733	1.00000000	0.00000000	253	0.02833781	1.00000012	0.00000000	248	0.02820425	0.99999982	0.00000000
60073	BD	152	0.17110000	2.25950000	130	0.02260083	1.00000012	0.00000000	175	0.02555491	0.99999982	0.00000000	1020	0.02828933	1.00000012	0.00000000	1096	0.02818930	1.00000000	0.00000000	772	0.02705355	1.00000000	0.00000000	765	0.02693662	0.99999988	0.00000000	268	0.02805695	1.00000012	0.00000000	249	0.02837284	1.00000012	0.00000000	39	0.02903946	0.99999988	0.00000000	41	0.03882576	1.00000000	0.00000000	50	0.02840909	1.00000000	0.00000000	62	0.03125000	0.99999994	0.00000000	37	0.02852737	0.99999994	0.00000000	33	0.02766136	1.00000012	0.00000000	178	0.02805801	1.00000000	0.00000000	204	0.02989449	1.00000012	0.00000000	218	0.02736287	1.00000012	0.00000000	232	0.02729733	1.00000000	0.00000000	253	0.02833781	1.00000000	0.00000000	248	0.02820425	1.00000000	0.00000000
60074	BD	152	0.24980000	2.53960000	130	0.02260083	1.00000012	0.00000000	175	0.02555491	1.00000000	0.00000000	1020	0.02828933	1.00000012	0.00000000	1096	0.02818930	1.00000000	0.00000000	772	0.02705355	1.00000000	0.00000000	765	0.02693662	1.00000000	0.00000000	268	0.02805695	0.99999988	0.00000000	249	0.02837284	1.00000000	0.00000000	39	0.02903946	0.99999994	0.00000000	41	0.03882576	0.99999994	0.00000000	50	0.02840909	1.00000000	0.00000000	62	0.03125000	0.99999988	0.00000000	37	0.02852737	0.99999970	0.00000000	33	0.02766136	1.00000012	0.00000000	178	0.02805801	1.00000000	0.00000000	204	0.02989449	1.00000000	0.00000000	218	0.02736287	0.99999994	0.00000000	232	0.02729733	0.99999988	0.00000000	253	0.02833781	1.00000000	0.00000000	248	0.02820425	1.00000000	0.00000000
60076	BD	152	0.10510000	0.48530000	130	0.02260083	1.00000012	0.00000000	175	0.02555491	0.99999988	0.00000000	1020	0.02828933	1.00000012	0.00000000	1096	0.02818930	0.99999988	0.00000000	772	0.02705355	0.99999988	0.00000000	765	0.02693662	1.00000012	0.00000000	268	0.02805695	1.00000012	0.00000000	249	0.02837284	1.00000012	0.00000000	39	0.02903946	1.00000000	0.00000000	41	0.03882576	1.00000012	0.00000000	50	0.02840909	0.99999988	0.00000000	62	0.03125000	1.00000000	0.00000000	37	0.02852737	1.00000000	0.00000000	33	0.02766136	1.00000000	0.00000000	178	0.02805801	1.00000012	0.00000000	204	0.02989449	1.00000012	0.00000000	218	0.02736287	1.00000012	0.00000000	232	0.02729733	1.00000000	0.00000000	253	0.02833781	0.99999994	0.00000000	248	0.02820425	1.00000000	0.00000000
60077	BD	152	0.12460000	0.92770000	130	0.02260083	0.99999988	0.00000000	175	0.02555491	1.00000000	0.00000000	1020	0.02828933	1.00000012	0.00000000	1096	0.02818930	1.00000012	0.00000000	772	0.02705355	0.99999994	0.00000000	765	0.02693662	1.00000000	0.00000000	268	0.02805695	0.99999976	0.00000000	249	0.02837284	1.00000000	0.00000000	39	0.02903946	1.00000012	0.00000000	41	0.03882576	0.99999988	0.00000000	50	0.02840909	1.00000012	0.00000000	62	0.03125000	1.00000012	0.00000000	37	0.02852737	0.99999988	0.00000000	33	0.02766136	1.00000012	0.00000000	178	0.02805801	1.00000012	0.00000000	204	0.02989449	1.00000000	0.00000000	218	0.02736287	0.99999982	0.00000000	232	0.02729733	0.99999994	0.00000000	253	0.02833781	0.99999988	0.00000000	248	0.02820425	0.99999988	0.00000000
60078	BD	152	0.49270000	5.08760000	130	0.02260083	1.00000012	0.00000000	175	0.02555491	0.99999988	0.00000000	1020	0.02828933	0.99999982	0.00000000	1096	0.02818930	1.00000012	0.00000000	772	0.02705355	1.00000012	0.00000000	765	0.02693662	1.00000000	0.00000000	268	0.02805695	1.00000012	0.00000000	249	0.02837284	1.00000000	0.00000000	39	0.02903946	0.99999994	0.00000000	41	0.03882576	1.00000000	0.00000000	50	0.02840909	1.00000000	0.00000000	62	0.03125000	1.00000000	0.00000000	37	0.02852737	0.99999988	0.00000000	33	0.02766136	0.99999982	0.00000000	178	0.02805801	0.99999988	0.00000000	204	0.02989449	1.00000000	0.00000000	218	0.02736287	0.99999988	0.00000000	232	0.02729733	1.00000000	0.00000000	253	0.02833781	1.00000000	0.00000000	248	0.02820425	0.99999982	0.00000000
60079	BD	152	0.17370000	0.60080000	130	0.02260083	0.99999976	0.00000000	175	0.02555491	1.00000000	0.00000000	1020	0.02828933	1.00000012	0.00000000	1096	0.02818930	0.99999994	0.00000000	772	0.02705355	1.00000012	0.00000000	765	0.02693662	1.00000000	0.00000000	268	0.02805695	1.00000000	0.00000000	249	0.02837284	1.00000012	0.00000000	39	0.02903946	1.00000000	0.00000000	41	0.03882576	0.99999976	0.00000000	50	0.02840909	1.00000000	0.00000000	62	0.03125000	1.00000012	0.00000000	37	0.02852737	1.00000000	0.00000000	33	0.02766136	1.00000000	0.00000000	178	0.02805801	1.00000000	0.00000000	204	0.02989449	1.00000000	0.00000000	218	0.02736287	1.00000000	0.00000000	232	0.02729733	1.00000012	0.00000000	253	0.02833781	1.00000000	0.00000000	248	0.02820425	1.00000012	0.00000000
60080	BD	152	0.18700000	3.22050000	130	0.02260083	0.99999994	0.00000000	175	0.02555491	1.00000000	0.00000000	1020	0.02828933	1.00000012	0.00000000	1096	0.02818930	0.99999994	0.00000000	772	0.02705355	1.00000000	0.00000000	765	0.02693662	1.00000000	0.00000000	268	0.02805695	1.00000012	0.00000000	249	0.02837284	1.00000000	0.00000000	39	0.02903946	0.99999982	0.00000000	41	0.03882576	1.00000012	0.00000000	50	0.02840909	1.00000000	0.00000000	62	0.03125000	1.00000012	0.00000000	37	0.02852737	0.99999994	0.00000000	33	0.02766136	0.99999988	0.00000000	178	0.02805801	1.00000000	0.00000000	204	0.02989449	1.00000000	0.00000000	218	0.02736287	0.99999976	0.00000000	232	0.02729733	0.99999976	0.00000000	253	0.02833781	0.99999994	0.00000000	248	0.02820425	1.00000000	0.00000000
60084	BD	152	0.21870000	0.99630000	130	0.02260083	1.00000000	0.00000000	175	0.02555491	1.00000000	0.00000000	1020	0.02828933	1.00000012	0.00000000	1096	0.02818930	1.00000000	0.00000000	772	0.02705355	0.99999982	0.00000000	765	0.02693662	0.99999988	0.00000000	268	0.02805695	1.00000000	0.00000000	249	0.02837284	1.00000000	0.00000000	39	0.02903946	0.99999976	0.00000000	41	0.03882576	0.99999994	0.00000000	50	0.02840909	1.00000012	0.00000000	62	0.03125000	1.00000012	0.00000000	37	0.02852737	1.00000000	0.00000000	33	0.02766136	0.99999982	0.00000000	178	0.02805801	1.00000000	0.00000000	204	0.02989449	1.00000012	0.00000000	218	0.02736287	0.99999994	0.00000000	232	0.02729733	0.99999994	0.00000000	253	0.02833781	1.00000000	0.00000000	248	0.02820425	1.00000012	0.00000000
60087	BD	152	0.10070000	0.22320000	130	0.02260083	1.00000012	0.00000000	175	0.02555491	1.00000012	0.00000000	1020	0.02828933	1.00000000	0.00000000	1096	0.02818930	1.00000000	0.00000000	772	0.02705355	1.00000000	0.00000000	765	0.02693662	1.00000012	0.00000000	268	0.02805695	0.99999994	0.00000000	249	0.02837284	0.99999994	0.00000000	39	0.02903946	1.00000012	0.00000000	41	0.03882576	1.00000000	0.00000000	50	0.02840909	1.00000000	0.00000000	62	0.03125000	0.99999988	0.00000000	37	0.02852737	0.99999988	0.00000000	33	0.02766136	1.00000000	0.00000000	178	0.02805801	0.99999988	0.00000000	204	0.02989449	0.99999988	0.00000000	218	0.02736287	1.00000012	0.00000000	232	0.02729733	0.99999994	0.00000000	253	0.02833781	1.00000012	0.00000000	248	0.02820425	1.00000000	0.00000000
60089	BD	152	0.18540000	1.34920000	130	0.02260083	1.00000000	0.00000000	175	0.02555491	1.00000000	0.00000000	1020	0.02828933	1.00000000	0.00000000	1096	0.02818930	1.00000000	0.00000000	772	0.02705355	0.99999994	0.00000000	765	0.02693662	1.00000012	0.00000000	268	0.02805695	1.00000000	0.00000000	249	0.02837284	1.00000000	0.00000000	39	0.02903946	0.99999994	0.00000000	41	0.03882576	0.99999988	0.00000000	50	0.02840909	0.99999982	0.00000000	62	0.03125000	1.00000000	0.00000000	37	0.02852737	0.99999988	0.00000000	33	0.02766136	1.00000012	0.00000000	178	0.02805801	1.00000000	0.00000000	204	0.02989449	0.99999994	0.00000000	218	0.02736287	1.00000012	0.00000000	232	0.02729733	1.00000012	0.00000000	253	0.02833781	1.00000012	0.00000000	248	0.02820425	0.99999994	0.00000000
